{
  "displayFieldName" : "",
  "fieldAliases" : {
    "FID" : "FID",
    "PMNTN_SN" : "PMNTN_SN",
    "MNTN_CODE" : "MNTN_CODE",
    "MNTN_NM" : "MNTN_NM",
    "PMNTN_NM" : "PMNTN_NM",
    "PMNTN_MAIN" : "PMNTN_MAIN",
    "PMNTN_LT" : "PMNTN_LT",
    "PMNTN_DFFL" : "PMNTN_DFFL",
    "PMNTN_UPPL" : "PMNTN_UPPL",
    "PMNTN_GODN" : "PMNTN_GODN",
    "PMNTN_MTRQ" : "PMNTN_MTRQ",
    "PMNTN_CNRL" : "PMNTN_CNRL",
    "PMNTN_CLS_" : "PMNTN_CLS_",
    "PMNTN_RISK" : "PMNTN_RISK",
    "PMNTN_RECO" : "PMNTN_RECO",
    "DATA_STDR_" : "DATA_STDR_",
    "MNTN_ID" : "MNTN_ID"
  },
  "geometryType" : "esriGeometryPolyline",
  "spatialReference" : {
    "wkt" : "PROJCS[\"PCS_ITRF2000_TM\",GEOGCS[\"GCS_ITRF_2000\",DATUM[\"D_ITRF_2000\",SPHEROID[\"GRS_1980\",6378137.0,298.257222101]],PRIMEM[\"Greenwich\",0.0],UNIT[\"Degree\",0.0174532925199433]],PROJECTION[\"Transverse_Mercator\"],PARAMETER[\"False_Easting\",200000.0],PARAMETER[\"False_Northing\",600000.0],PARAMETER[\"Central_Meridian\",127.0],PARAMETER[\"Scale_Factor\",1.0],PARAMETER[\"Latitude_Of_Origin\",38.0],UNIT[\"Meter\",1.0]]"
  },
  "fields" : [
    {
      "name" : "FID",
      "type" : "esriFieldTypeOID",
      "alias" : "FID"
    },
    {
      "name" : "PMNTN_SN",
      "type" : "esriFieldTypeDouble",
      "alias" : "PMNTN_SN"
    },
    {
      "name" : "MNTN_CODE",
      "type" : "esriFieldTypeString",
      "alias" : "MNTN_CODE",
      "length" : 9
    },
    {
      "name" : "MNTN_NM",
      "type" : "esriFieldTypeString",
      "alias" : "MNTN_NM",
      "length" : 50
    },
    {
      "name" : "PMNTN_NM",
      "type" : "esriFieldTypeString",
      "alias" : "PMNTN_NM",
      "length" : 50
    },
    {
      "name" : "PMNTN_MAIN",
      "type" : "esriFieldTypeString",
      "alias" : "PMNTN_MAIN",
      "length" : 200
    },
    {
      "name" : "PMNTN_LT",
      "type" : "esriFieldTypeSingle",
      "alias" : "PMNTN_LT"
    },
    {
      "name" : "PMNTN_DFFL",
      "type" : "esriFieldTypeString",
      "alias" : "PMNTN_DFFL",
      "length" : 8
    },
    {
      "name" : "PMNTN_UPPL",
      "type" : "esriFieldTypeDouble",
      "alias" : "PMNTN_UPPL"
    },
    {
      "name" : "PMNTN_GODN",
      "type" : "esriFieldTypeDouble",
      "alias" : "PMNTN_GODN"
    },
    {
      "name" : "PMNTN_MTRQ",
      "type" : "esriFieldTypeString",
      "alias" : "PMNTN_MTRQ",
      "length" : 200
    },
    {
      "name" : "PMNTN_CNRL",
      "type" : "esriFieldTypeString",
      "alias" : "PMNTN_CNRL",
      "length" : 1
    },
    {
      "name" : "PMNTN_CLS_",
      "type" : "esriFieldTypeString",
      "alias" : "PMNTN_CLS_",
      "length" : 1
    },
    {
      "name" : "PMNTN_RISK",
      "type" : "esriFieldTypeString",
      "alias" : "PMNTN_RISK",
      "length" : 200
    },
    {
      "name" : "PMNTN_RECO",
      "type" : "esriFieldTypeString",
      "alias" : "PMNTN_RECO",
      "length" : 1
    },
    {
      "name" : "DATA_STDR_",
      "type" : "esriFieldTypeString",
      "alias" : "DATA_STDR_",
      "length" : 10
    },
    {
      "name" : "MNTN_ID",
      "type" : "esriFieldTypeString",
      "alias" : "MNTN_ID",
      "length" : 10
    }
  ],
  "features" : [
    {
      "attributes" : {
        "FID" : 0,
        "PMNTN_SN" : 48304,
        "MNTN_CODE" : "467801801",
        "MNTN_NM" : "천봉산",
        "PMNTN_NM" : "봉갑리구간",
        "PMNTN_MAIN" : " ",
        "PMNTN_LT" : 2.54,
        "PMNTN_DFFL" : "쉬움",
        "PMNTN_UPPL" : 45,
        "PMNTN_GODN" : 31,
        "PMNTN_MTRQ" : " ",
        "PMNTN_CNRL" : " ",
        "PMNTN_CLS_" : " ",
        "PMNTN_RISK" : " ",
        "PMNTN_RECO" : " ",
        "DATA_STDR_" : "2016-12-31",
        "MNTN_ID" : "467801801"
      },
      "geometry" : {
        "paths" : [
          [
            [
              215307.56041118875,
              263253.83838973194
            ],
            [
              215309.20410924591,
              263242.72961836122
            ],
            [
              215313.01293002069,
              263222.10282487608
            ],
            [
              215312.51003686525,
              263216.80650425516
            ],
            [
              215313.60583528411,
              263209.4006565921
            ],
            [
              215317.90431162063,
              263196.71702011675
            ],
            [
              215322.23720390908,
              263177.15160827897
            ],
            [
              215329.70394165069,
              263166.07195781358
            ],
            [
              215335.60905107856,
              263149.69069169648
            ],
            [
              215343.62633486278,
              263134.37874949351
            ],
            [
              215349.05767086148,
              263106.87812136672
            ],
            [
              215350.69871981442,
              263096.29871655442
            ],
            [
              215347.10168922134,
              263074.57612417638
            ],
            [
              215340.76781245787,
              263070.83878485113
            ],
            [
              215331.7738624271,
              263069.73504561745
            ],
            [
              215319.6063558571,
              263068.08605511859
            ],
            [
              215256.07433720306,
              263069.35647783987
            ],
            [
              215240.2118500229,
              263065.57148709148
            ],
            [
              215224.86814108957,
              263063.90661287121
            ],
            [
              215198.94767658412,
              263060.07132324763
            ],
            [
              215178.31823788956,
              263056.79187427089
            ],
            [
              215141.32606740575,
              263043.90174867399
            ],
            [
              215129.71969831549,
              263035.90299964696
            ],
            [
              215099.6198922433,
              263020.92982173711
            ],
            [
              215065.79863297194,
              263009.11431685649
            ],
            [
              215045.72503722087,
              263000.54384522326
            ],
            [
              215006.60746106412,
              262989.23123617843
            ],
            [
              214989.20982208941,
              262974.85096352361
            ],
            [
              214986.07068108022,
              262967.42394013517
            ],
            [
              214964.00403919443,
              262933.96262685768
            ],
            [
              214953.54376444314,
              262908.50006082095
            ],
            [
              214936.18848072551,
              262885.64991706051
            ],
            [
              214923.60279495642,
              262861.76486484893
            ],
            [
              214908.3464486124,
              262842.63088109158
            ],
            [
              214907.31948073115,
              262836.27318175696
            ],
            [
              214850.35167052131,
              262795.22602300532
            ],
            [
              214839.79609561432,
              262788.82067527249
            ],
            [
              214824.50533619709,
              262776.56846595556
            ],
            [
              214823.98655777425,
              262774.44835068844
            ],
            [
              214816.1731152432,
              262748.99902622402
            ],
            [
              214811.4802845791,
              262734.68229240552
            ],
            [
              214806.74774689414,
              262728.30606402643
            ],
            [
              214799.88185840286,
              262725.09544933215
            ],
            [
              214780.41439919826,
              262701.17599067464
            ],
            [
              214774.63371584658,
              262692.67700049095
            ],
            [
              214761.04488199484,
              262657.66995434649
            ],
            [
              214754.73218429741,
              262649.69768454321
            ],
            [
              214717.4144820096,
              262596.04367852584
            ],
            [
              214682.02366012707,
              262580.51468513533
            ],
            [
              214678.86334066931,
              262577.32260126621
            ],
            [
              214672.04509913828,
              262564.58338328823
            ],
            [
              214663.13056587521,
              262547.59864196181
            ],
            [
              214658.40861569159,
              262539.10494792089
            ],
            [
              214642.58319504652,
              262527.90883225016
            ],
            [
              214622.56254417729,
              262508.75103734992
            ],
            [
              214620.52183918748,
              262493.38880902715
            ],
            [
              214616.40072391741,
              262470.60485619307
            ],
            [
              214610.33154501487,
              262413.93083397485
            ],
            [
              214608.83608687297,
              262395.39505160227
            ],
            [
              214568.66508242767,
              262383.01844712719
            ],
            [
              214542.21262042504,
              262379.70990007557
            ],
            [
              214523.72713105008,
              262371.14738841914
            ],
            [
              214485.66300981678,
              262360.8988411352
            ],
            [
              214436.51130310632,
              262344.77167507075
            ],
            [
              214427.00387591869,
              262340.48909662291
            ],
            [
              214377.29368960205,
              262330.18232026324
            ],
            [
              214370.99951986596,
              262318.50448890962
            ],
            [
              214365.77202415466,
              262305.24385119416
            ],
            [
              214358.91407816391,
              262300.44514109008
            ],
            [
              214335.22491760366,
              262273.8576950822
            ],
            [
              214319.5239007948,
              262237.78135190345
            ],
            [
              214308.12663351092,
              262187.96264967881
            ],
            [
              214297.24284966756,
              262141.32279581018
            ],
            [
              214297.35666062683,
              262118.56002700329
            ],
            [
              214296.40115058329,
              262097.90943155997
            ],
            [
              214286.53110130504,
              262060.27410694398
            ],
            [
              214284.47715577297,
              262047.55871902592
            ],
            [
              214278.15122244693,
              262042.23329136707
            ],
            [
              214264.44062243868,
              262031.57714285702
            ],
            [
              214261.31206295267,
              262022.03266209736
            ],
            [
              214248.72107025888,
              261999.20637367293
            ],
            [
              214235.51337003428,
              261993.84653966129
            ],
            [
              214229.18479005527,
              261989.05047935061
            ],
            [
              214202.23737689108,
              261978.85753200389
            ],
            [
              214168.89257129095,
              261977.63205811381
            ],
            [
              214139.24803993106,
              261977.48384428024
            ],
            [
              214119.68264850695,
              261973.15098440275
            ],
            [
              214081.14210675284,
              261952.31248035654
            ],
            [
              214043.1362260459,
              261930.41789162904
            ],
            [
              214024.16372245271,
              261913.38288259506
            ],
            [
              214014.68805721495,
              261902.7479121536
            ],
            [
              214009.9369914392,
              261900.07725974917
            ],
            [
              214006.76079217438,
              261900.06137997843
            ],
            [
              213997.76685423218,
              261898.95765420049
            ],
            [
              213985.58613067772,
              261899.95551480353
            ],
            [
              213974.98821360245,
              261902.02004831843
            ],
            [
              213965.98368946649,
              261903.03378864005
            ],
            [
              213954.32703958731,
              261905.09302881174
            ],
            [
              213950.6161807403,
              261906.13323540241
            ],
            [
              213938.97805748787,
              261904.4869099725
            ],
            [
              213930.49760694616,
              261906.56202985346
            ],
            [
              213911.9830128653,
              261903.82256525941
            ],
            [
              213888.71206077188,
              261899.47118169069
            ],
            [
              213876.54192522541,
              261898.35157629661
            ],
            [
              213872.33081314713,
              261893.56610510126
            ],
            [
              213851.7622733051,
              261878.11125962622
            ],
            [
              213832.2312936876,
              261866.89663959667
            ],
            [
              213815.83946046326,
              261863.10902969912
            ],
            [
              213811.64158150181,
              261855.6767268572
            ],
            [
              213810.0878880294,
              261848.7870235052
            ],
            [
              213808.53948769439,
              261840.8385873232
            ],
            [
              213804.36013470031,
              261829.70071968436
            ],
            [
              213800.24429942761,
              261805.85805805586
            ],
            [
              213798.70383843221,
              261796.32152278349
            ],
            [
              213791.95969607588,
              261768.7600637842
            ],
            [
              213786.14725171681,
              261766.61348607764
            ],
            [
              213770.81415173039,
              261762.83117131516
            ],
            [
              213751.79401304852,
              261755.32476612553
            ],
            [
              213739.64505152963,
              261749.97023179382
            ],
            [
              213732.24980140943,
              261746.75698195584
            ],
            [
              213727.49079707451,
              261745.67443036288
            ]
          ]
        ]
      }
    },
    {
      "attributes" : {
        "FID" : 1,
        "PMNTN_SN" : 48305,
        "MNTN_CODE" : "467801801",
        "MNTN_NM" : "천봉산",
        "PMNTN_NM" : "봉갑리구간",
        "PMNTN_MAIN" : " ",
        "PMNTN_LT" : 1.03,
        "PMNTN_DFFL" : "쉬움",
        "PMNTN_UPPL" : 22,
        "PMNTN_GODN" : 15,
        "PMNTN_MTRQ" : " ",
        "PMNTN_CNRL" : " ",
        "PMNTN_CLS_" : " ",
        "PMNTN_RISK" : " ",
        "PMNTN_RECO" : " ",
        "DATA_STDR_" : "2016-12-31",
        "MNTN_ID" : "467801801"
      },
      "geometry" : {
        "paths" : [
          [
            [
              213727.49079707451,
              261745.67443036288
            ],
            [
              213733.89877083432,
              261734.58949480206
            ],
            [
              213736.60117981583,
              261723.48603341542
            ],
            [
              213741.93718800042,
              261715.04263647459
            ],
            [
              213748.32398937829,
              261708.19263163395
            ],
            [
              213755.77217004448,
              261700.81855332293
            ],
            [
              213762.16691092402,
              261692.38044907339
            ],
            [
              213765.88835474569,
              261689.22277620807
            ],
            [
              213771.18995827343,
              261687.66114203073
            ],
            [
              213773.85002280492,
              261685.02754252031
            ],
            [
              213771.74049668759,
              261683.42885730788
            ],
            [
              213762.23571995646,
              261678.6169227194
            ],
            [
              213755.33013831824,
              261683.34681580216
            ],
            [
              213750.56584078539,
              261683.32299730182
            ],
            [
              213736.28088783473,
              261681.6634426564
            ],
            [
              213722.52794798277,
              261679.4771681875
            ],
            [
              213716.73402933497,
              261673.62502663024
            ],
            [
              213710.95598962717,
              261664.59668694623
            ],
            [
              213709.38906242512,
              261660.3538165465
            ],
            [
              213708.89939331822,
              261652.41067456268
            ],
            [
              213707.89359015133,
              261641.81805428118
            ],
            [
              213714.82034296822,
              261632.85323016904
            ],
            [
              213718.01771294232,
              261628.63417801261
            ],
            [
              213721.73650988564,
              261626.00587141514
            ],
            [
              213722.33468426671,
              261612.24499214813
            ],
            [
              213724.49184659496,
              261604.31508233771
            ],
            [
              213727.7421454126,
              261589.50870247744
            ],
            [
              213732.04323744588,
              261576.29571452551
            ],
            [
              213732.07499466091,
              261569.94331796281
            ],
            [
              213734.766815871,
              261560.95732162893
            ],
            [
              213739.52052760776,
              261563.09860501252
            ],
            [
              213740.56073537376,
              261566.80946256965
            ],
            [
              213741.06099100877,
              261572.63513923809
            ],
            [
              213745.76442042179,
              261584.83438408375
            ],
            [
              213746.23821147438,
              261595.95372468606
            ],
            [
              213747.79455324728,
              261602.31406070851
            ],
            [
              213752.54561850335,
              261604.98471073806
            ],
            [
              213762.05039552879,
              261609.79664447717
            ],
            [
              213767.33347369544,
              261611.940574646
            ],
            [
              213772.62449126691,
              261612.49640562572
            ],
            [
              213776.87265479658,
              261609.87074525282
            ],
            [
              213780.07796424627,
              261604.06359349005
            ],
            [
              213784.33142068889,
              261600.37920023315
            ],
            [
              213788.05021782499,
              261597.75089331903
            ],
            [
              213796.00129986089,
              261595.67312438227
            ],
            [
              213803.9629677441,
              261591.4778897129
            ],
            [
              213815.09554136638,
              261588.35726648383
            ],
            [
              213826.22282223031,
              261586.29537605308
            ],
            [
              213836.28607746493,
              261585.2869255729
            ],
            [
              213838.93555612024,
              261584.77079133689
            ],
            [
              213846.36521144956,
              261581.10227637552
            ],
            [
              213850.08930166438,
              261577.41523629613
            ],
            [
              213849.06761885062,
              261569.99881312065
            ],
            [
              213848.027410971,
              261566.28795511089
            ],
            [
              213841.20122212078,
              261555.13685616292
            ],
            [
              213837.53799974918,
              261546.64846810512
            ],
            [
              213834.94409584813,
              261536.04790718295
            ],
            [
              213834.51264644507,
              261516.45870243572
            ],
            [
              213839.37221464887,
              261497.42532804795
            ],
            [
              213847.92676209565,
              261480.52794389613
            ],
            [
              213854.35061163828,
              261466.26680621132
            ],
            [
              213859.24987423327,
              261439.29293428361
            ],
            [
              213862.50017078035,
              261424.48655158468
            ],
            [
              213865.71341834869,
              261417.09129921533
            ],
            [
              213866.79861466959,
              261411.80292729288
            ],
            [
              213867.35709082801,
              261405.98254255764
            ],
            [
              213863.15656147432,
              261399.07960791886
            ],
            [
              213858.40814134106,
              261395.87959220633
            ],
            [
              213854.2023193026,
              261390.03539059311
            ],
            [
              213852.10337776411,
              261386.31924012676
            ],
            [
              213850.0150214918,
              261380.48562387377
            ],
            [
              213849.00127597898,
              261371.48110158369
            ],
            [
              213851.7116196854,
              261358.7895383127
            ],
            [
              213854.90369623713,
              261355.62921743095
            ],
            [
              213860.70026418474,
              261360.95199135691
            ],
            [
              213863.32063337509,
              261366.25888748281
            ],
            [
              213873.3283161791,
              261376.36713022366
            ],
            [
              213879.13282307982,
              261380.10180499032
            ],
            [
              213888.11882148683,
              261382.79362479039
            ],
            [
              213891.82174048293,
              261383.34151551127
            ],
            [
              213897.11805157829,
              261382.83861224912
            ],
            [
              213901.90352045838,
              261378.62749728188
            ],
            [
              213904.05009587575,
              261372.81505124643
            ],
            [
              213909.40727219358,
              261360.13671873137
            ],
            [
              213911.56178641785,
              261352.73617313243
            ],
            [
              213913.70042278245,
              261348.51182643883
            ],
            [
              213916.3657793263,
              261344.81949251145
            ],
            [
              213918.49383048248,
              261342.71261173673
            ],
            [
              213924.31421561074,
              261343.27108750306
            ],
            [
              213932.24942047615,
              261344.36951496452
            ],
            [
              213940.71928451303,
              261344.41185573861
            ],
            [
              213950.78518706001,
              261342.87403587252
            ],
            [
              213957.68812209275,
              261338.67350561917
            ],
            [
              213960.88019895088,
              261335.51318428479
            ],
            [
              213959.37148804776,
              261319.62424992584
            ],
            [
              213955.19212781359,
              261308.48638287559
            ],
            [
              213952.06356167141,
              261298.94190800563
            ],
            [
              213952.61939088069,
              261293.65088916011
            ],
            [
              213952.65114607196,
              261287.29849101603
            ],
            [
              213953.21756025124,
              261279.89000610448
            ],
            [
              213953.29165540356,
              261265.06774375774
            ],
            [
              213954.41654460505,
              261251.83887343481
            ],
            [
              213956.560473077,
              261246.55579326302
            ],
            [
              213960.83509876393,
              261238.63646543026
            ],
            [
              213964.0271752784,
              261235.47614372708
            ],
            [
              213970.40603584517,
              261230.21423330344
            ],
            [
              213975.71293223277,
              261227.59386297688
            ],
            [
              213980.52221682202,
              261218.61844804697
            ],
            [
              213982.66614515614,
              261213.33536763862
            ],
            [
              213983.20345034357,
              261211.74991427176
            ],
            [
              213985.87409896031,
              261206.99884657934
            ],
            [
              213987.49130692147,
              261201.18375336751
            ],
            [
              213990.6886758171,
              261196.96469836868
            ],
            [
              213996.00615706388,
              261192.22686163336
            ],
            [
              213999.20087974053,
              261188.53717309795
            ],
            [
              214001.8741744794,
              261183.25673871301
            ],
            [
              214007.70514506102,
              261181.69774730131
            ],
            [
              214010.89457534067,
              261179.06679177657
            ],
            [
              214018.33216900658,
              261173.81017306447
            ],
            [
              214025.76182412542,
              261170.14165392891
            ],
            [
              214031.09253639169,
              261162.75698405132
            ],
            [
              214033.24175688624,
              261156.41517008655
            ],
            [
              214036.43383336533,
              261153.25484783202
            ],
            [
              214040.14733785857,
              261151.68527143262
            ]
          ]
        ]
      }
    },
    {
      "attributes" : {
        "FID" : 2,
        "PMNTN_SN" : 48306,
        "MNTN_CODE" : "467801801",
        "MNTN_NM" : "천봉산",
        "PMNTN_NM" : "일봉리구간",
        "PMNTN_MAIN" : " ",
        "PMNTN_LT" : 2.04,
        "PMNTN_DFFL" : "쉬움",
        "PMNTN_UPPL" : 36,
        "PMNTN_GODN" : 25,
        "PMNTN_MTRQ" : " ",
        "PMNTN_CNRL" : " ",
        "PMNTN_CLS_" : " ",
        "PMNTN_RISK" : " ",
        "PMNTN_RECO" : " ",
        "DATA_STDR_" : "2016-12-31",
        "MNTN_ID" : "467801801"
      },
      "geometry" : {
        "paths" : [
          [
            [
              213727.49079707451,
              261745.67443036288
            ],
            [
              213711.63627124298,
              261740.30137057044
            ],
            [
              213700.53016371839,
              261738.12832791544
            ],
            [
              213693.677512886,
              261732.27089306153
            ],
            [
              213680.4751123758,
              261725.85233364068
            ],
            [
              213664.63117335457,
              261718.36180912517
            ],
            [
              213658.28671686165,
              261716.74195186608
            ],
            [
              213645.61897612642,
              261709.26730679348
            ],
            [
              213643.53062246088,
              261703.43369112723
            ],
            [
              213639.32215695269,
              261698.11885578185
            ],
            [
              213636.19888912421,
              261687.51565026864
            ],
            [
              213635.17456097994,
              261680.62859506905
            ],
            [
              213635.24072333705,
              261667.39443700761
            ],
            [
              213636.347092757,
              261657.87113616988
            ],
            [
              213640.64289242309,
              261645.71688255668
            ],
            [
              213643.32677470706,
              261638.31898635998
            ],
            [
              213645.47599767148,
              261631.97717630863
            ],
            [
              213640.73022600356,
              261628.24779380113
            ],
            [
              213620.68576033972,
              261613.8543375805
            ],
            [
              213611.71564407274,
              261607.98631839082
            ],
            [
              213608.02595864423,
              261604.79159536958
            ],
            [
              213584.73913437407,
              261603.61641884968
            ],
            [
              213555.09197603446,
              261603.9975837972
            ],
            [
              213534.96547200345,
              261606.01448365487
            ],
            [
              213516.9749586042,
              261604.33640547283
            ],
            [
              213501.08867827523,
              261605.31574437581
            ],
            [
              213483.10345846694,
              261602.57893380895
            ],
            [
              213469.33464363776,
              261603.56885851361
            ],
            [
              213459.28991769906,
              261600.87174483575
            ],
            [
              213449.25842410699,
              261595.52780015208
            ],
            [
              213439.74835747015,
              261591.7746006567
            ],
            [
              213434.46528120432,
              261589.63067139499
            ],
            [
              213403.36499756202,
              261563.00622198358
            ],
            [
              213399.1327145258,
              261562.45568437688
            ],
            [
              213394.36047961563,
              261564.01996506751
            ],
            [
              213389.0562321255,
              261566.11096548475
            ],
            [
              213384.81600986514,
              261567.1485263966
            ],
            [
              213381.64775212202,
              261565.54454929568
            ],
            [
              213378.48478723783,
              261562.88183987327
            ],
            [
              213372.69087007828,
              261557.02970133536
            ],
            [
              213369.00912472885,
              261552.24688088708
            ],
            [
              213366.90224575717,
              261550.11883055232
            ],
            [
              213361.69326943159,
              261533.15264924057
            ],
            [
              213356.98719495442,
              261521.48277609423
            ],
            [
              213350.23510831874,
              261495.50943136401
            ],
            [
              213343.95152047928,
              261481.71415482834
            ],
            [
              213336.56421182491,
              261476.91281021573
            ],
            [
              213324.94462046493,
              261471.56092855148
            ],
            [
              213316.51445786469,
              261463.578094583
            ],
            [
              213307.01497755945,
              261457.70743254386
            ],
            [
              213301.28986547515,
              261438.09177594446
            ],
            [
              213292.4256050298,
              261411.04911589436
            ],
            [
              213290.35312824696,
              261402.03930654936
            ],
            [
              213276.09993813466,
              261394.02736395784
            ],
            [
              213264.47505442705,
              261389.73421593942
            ],
            [
              213253.3901222283,
              261383.32624998502
            ],
            [
              213246.51630197279,
              261381.70374953374
            ],
            [
              213237.52501742635,
              261380.07066383772
            ],
            [
              213231.18056337629,
              261378.45080976374
            ],
            [
              213225.91071941704,
              261373.66005187482
            ],
            [
              213220.11944832373,
              261367.2785495054
            ],
            [
              213208.53425981291,
              261355.04491108097
            ],
            [
              213204.33373319823,
              261348.14198178798
            ],
            [
              213193.24615515769,
              261342.26338283904
            ],
            [
              213182.69588214532,
              261334.79933216609
            ],
            [
              213175.83794009127,
              261330.00063593127
            ],
            [
              213152.54318794329,
              261330.41356525011
            ],
            [
              213139.8436957635,
              261329.29132225737
            ],
            [
              213130.31510731485,
              261329.24368906207
            ],
            [
              213121.85318986606,
              261327.61325039528
            ],
            [
              213110.75502758194,
              261323.85211628117
            ],
            [
              213102.29575659428,
              261321.69231169857
            ],
            [
              213091.71108283289,
              261321.11002001911
            ],
            [
              213085.34545944631,
              261323.72509459406
            ],
            [
              213077.38644554932,
              261327.39096225053
            ],
            [
              213069.43537057377,
              261329.46873188764
            ],
            [
              213057.24672153499,
              261332.05469713919
            ],
            [
              213039.74588891398,
              261338.31976118311
            ],
            [
              213027.58370319474,
              261335.61206662096
            ],
            [
              213018.58712819684,
              261335.03771370091
            ],
            [
              213006.4461130714,
              261328.09509166144
            ],
            [
              212999.05351383053,
              261324.35248202644
            ],
            [
              212992.19028057717,
              261320.61251873523
            ],
            [
              212982.6881565284,
              261315.2712262962
            ],
            [
              212977.95032591838,
              261309.9537504632
            ],
            [
              212975.84344729967,
              261307.82570163533
            ],
            [
              212968.98021415994,
              261304.0857385695
            ],
            [
              212962.11433478072,
              261300.87514148653
            ],
            [
              212954.17384598777,
              261300.83544741385
            ],
            [
              212929.78332002461,
              261308.65420746803
            ],
            [
              212920.78409972694,
              261308.60922077857
            ],
            [
              212907.55524494406,
              261307.48433210142
            ],
            [
              212901.7348664552,
              261306.92585718259
            ],
            [
              212894.32374408189,
              261306.88880933262
            ],
            [
              212884.78721944056,
              261308.4292740114
            ],
            [
              212872.60386555269,
              261309.95650727302
            ],
            [
              212865.17421947699,
              261313.62502044439
            ],
            [
              212848.2054028986,
              261319.36336391419
            ],
            [
              212833.89400097076,
              261322.99747521058
            ],
            [
              212821.69741632137,
              261327.17153737135
            ],
            [
              212792.52672360372,
              261338.14267382771
            ],
            [
              212782.995492585,
              261338.62440636009
            ],
            [
              212766.04784777947,
              261340.12782237493
            ],
            [
              212755.97401976306,
              261343.25373757072
            ],
            [
              212740.61976542883,
              261343.70636076294
            ],
            [
              212730.02715709805,
              261344.71216639504
            ],
            [
              212716.79565890133,
              261344.1166431848
            ],
            [
              212707.80173335597,
              261343.01292459667
            ],
            [
              212699.88241719827,
              261338.73830402829
            ],
            [
              212695.65542996023,
              261337.12903638557
            ],
            [
              212687.74140645936,
              261331.79568441026
            ],
            [
              212678.77129778266,
              261325.92767420225
            ],
            [
              212671.91865214333,
              261320.07024924271
            ],
            [
              212666.15649334155,
              261307.86572798342
            ],
            [
              212657.19432353601,
              261300.40962094069
            ],
            [
              212629.26760663465,
              261274.33044813015
            ],
            [
              212619.2334742276,
              261269.51587782055
            ],
            [
              212609.18611065764,
              261267.34813616984
            ],
            [
              212598.10383201856,
              261260.41081073321
            ],
            [
              212590.69800467324,
              261259.31503187306
            ],
            [
              212581.16677586641,
              261259.79676513188
            ],
            [
              212575.34375324193,
              261259.76765642129
            ],
            [
              212554.66938310768,
              261265.4874752257
            ],
            [
              212535.78263841849,
              261271.10227433406
            ],
            [
              212513.37958699651,
              261270.21974816732
            ],
            [
              212494.52307016868,
              261263.45832152106
            ],
            [
              212478.97193938214,
              261252.93185077235
            ],
            [
              212459.33313951548,
              261254.34409315698
            ],
            [
              212427.08433816768,
              261259.69329169765
            ],
            [
              212393.21529200301,
              261256.51747572049
            ],
            [
              212339.22735892609,
              261258.35611356981
            ],
            [
              212289.49875348434,
              261251.75498024002
            ],
            [
              212236.13900862169,
              261241.85853616707
            ],
            [
              212225.12037769519,
              261226.31539204903
            ],
            [
              212198.73152867053,
              261219.45136645064
            ],
            [
              212180.71832526289,
              261217.86563035659
            ],
            [
              212171.54463678971,
              261222.22414015792
            ],
            [
              212148.80678328406,
              261244.74906957708
            ],
            [
              212136.53866218682,
              261255.04118859768
            ],
            [
              212127.42092717346,
              261268.3741757609
            ],
            [
              212127.58905290067,
              261276.88868408091
            ],
            [
              212099.81471307017,
              261320.76411124691
            ],
            [
              212065.63894481864,
              261348.27281456627
            ]
          ]
        ]
      }
    },
    {
      "attributes" : {
        "FID" : 3,
        "PMNTN_SN" : 48307,
        "MNTN_CODE" : "467801801",
        "MNTN_NM" : "천봉산",
        "PMNTN_NM" : "죽산리구간",
        "PMNTN_MAIN" : " ",
        "PMNTN_LT" : 1.4,
        "PMNTN_DFFL" : "쉬움",
        "PMNTN_UPPL" : 53,
        "PMNTN_GODN" : 37,
        "PMNTN_MTRQ" : " ",
        "PMNTN_CNRL" : " ",
        "PMNTN_CLS_" : " ",
        "PMNTN_RISK" : " ",
        "PMNTN_RECO" : " ",
        "DATA_STDR_" : "2016-12-31",
        "MNTN_ID" : "467801801"
      },
      "geometry" : {
        "paths" : [
          [
            [
              212065.63894481864,
              261348.27281456627
            ],
            [
              212059.18070830591,
              261369.41567457654
            ],
            [
              212050.59707051609,
              261392.13604488038
            ],
            [
              212039.41423940472,
              261405.31460635923
            ],
            [
              212030.311820901,
              261425.91486800462
            ],
            [
              212025.4919592971,
              261437.00772353821
            ],
            [
              212018.45407428592,
              261468.20587718301
            ],
            [
              212019.45723116118,
              261479.32784249075
            ],
            [
              212021.52970414888,
              261488.33763914183
            ],
            [
              212019.34079026617,
              261502.61991833895
            ],
            [
              212016.58281477541,
              261524.8400314413
            ],
            [
              212016.54841149319,
              261531.72178109922
            ],
            [
              212016.48225119151,
              261544.95591505989
            ],
            [
              212032.15149778314,
              261587.38453696668
            ],
            [
              212047.22256901208,
              261643.57401369885
            ],
            [
              212051.93392785359,
              261654.18513956293
            ],
            [
              212075.62039929256,
              261681.30186628923
            ],
            [
              212086.69472862687,
              261689.82728913613
            ],
            [
              212097.77964404877,
              261696.23525057361
            ],
            [
              212107.7105541639,
              261721.69507399574
            ],
            [
              212114.50496917218,
              261739.19853752665
            ],
            [
              212120.75943230279,
              261758.8168164622
            ],
            [
              212122.80543719139,
              261773.12026901729
            ],
            [
              212125.89164676983,
              261791.13457272761
            ],
            [
              212127.35800081957,
              261815.49332193099
            ],
            [
              212126.24104519468,
              261827.13406809606
            ],
            [
              212098.30646589678,
              261908.51871839352
            ],
            [
              212094.01596329361,
              261919.61421882175
            ],
            [
              212091.85615540948,
              261928.07347871363
            ],
            [
              212090.72861174308,
              261941.83168588579
            ],
            [
              212087.49948622193,
              261952.40311397985
            ],
            [
              212081.59706692677,
              261968.25496263988
            ],
            [
              212077.32509037666,
              261975.64490481094
            ],
            [
              212075.15469528642,
              261986.22162597999
            ],
            [
              212079.83958332334,
              262002.12640796602
            ],
            [
              212081.93057800643,
              262007.43064869009
            ],
            [
              212078.16679294407,
              262019.05816053227
            ],
            [
              212072.23525871709,
              262040.73302789219
            ],
            [
              212075.7793664746,
              262073.04284386709
            ],
            [
              212078.254155281,
              262107.46482818387
            ],
            [
              212070.0225298563,
              262165.65531980246
            ],
            [
              212067.28306521196,
              262184.16987446323
            ],
            [
              212060.32455795351,
              262199.48706223816
            ],
            [
              212058.13033891097,
              262214.82807112113
            ],
            [
              212055.98905603494,
              262219.58177228644
            ],
            [
              212050.63452533633,
              262231.7307078056
            ],
            [
              212052.135276068,
              262249.20770579204
            ],
            [
              212048.31855104957,
              262271.42252376862
            ],
            [
              212039.71900909115,
              262297.31907740422
            ],
            [
              212039.63695614785,
              262313.72940392047
            ],
            [
              212039.57078419533,
              262326.96353820898
            ],
            [
              212039.53637470584,
              262333.84528803825
            ],
            [
              212031.46354947239,
              262360.2738530878
            ],
            [
              212030.36776208319,
              262367.6796744056
            ],
            [
              212021.26002748869,
              262389.33865678869
            ],
            [
              212018.03619073704,
              262398.85135173053
            ],
            [
              212021.69410356041,
              262408.39845669828
            ],
            [
              212025.87079390977,
              262420.0656701345
            ],
            [
              212037.39771947451,
              262443.94534441642
            ],
            [
              212062.67226265743,
              262471.07003274187
            ],
            [
              212088.02356814407,
              262482.84312600829
            ],
            [
              212101.23917441443,
              262486.61485823616
            ],
            [
              212112.34790711943,
              262488.25854099728
            ],
            [
              212123.48046276812,
              262485.13793500885
            ],
            [
              212136.71459839679,
              262485.20410941541
            ],
            [
              212151.52624263149,
              262487.3956865035
            ],
            [
              212168.42887909617,
              262494.89150606655
            ],
            [
              212185.80529448856,
              262513.50664752163
            ],
            [
              212210.02375585958,
              262540.09668285586
            ],
            [
              212215.26182334218,
              262551.23982794397
            ],
            [
              212219.97846630402,
              262560.7922297027
            ]
          ]
        ]
      }
    },
    {
      "attributes" : {
        "FID" : 4,
        "PMNTN_SN" : 48308,
        "MNTN_CODE" : "467801801",
        "MNTN_NM" : "천봉산",
        "PMNTN_NM" : "일봉리구간",
        "PMNTN_MAIN" : " ",
        "PMNTN_LT" : 5.27,
        "PMNTN_DFFL" : "쉬움",
        "PMNTN_UPPL" : 93,
        "PMNTN_GODN" : 65,
        "PMNTN_MTRQ" : " ",
        "PMNTN_CNRL" : " ",
        "PMNTN_CLS_" : " ",
        "PMNTN_RISK" : " ",
        "PMNTN_RECO" : " ",
        "DATA_STDR_" : "2016-12-31",
        "MNTN_ID" : "467801801"
      },
      "geometry" : {
        "paths" : [
          [
            [
              212065.63894481864,
              261348.27281456627
            ],
            [
              212017.01010389905,
              261333.47180793621
            ],
            [
              212000.61036308296,
              261331.27231154963
            ],
            [
              211997.4050618019,
              261337.07945263386
            ],
            [
              211992.10082317051,
              261339.17045108788
            ],
            [
              211980.93916398287,
              261348.11408966035
            ],
            [
              211963.94125470147,
              261359.6754452996
            ],
            [
              211956.51161600184,
              261363.34395428188
            ],
            [
              211943.2642514864,
              261365.92462315783
            ],
            [
              211937.4385867361,
              261366.42487906478
            ],
            [
              211931.61556832492,
              261366.3957696557
            ],
            [
              211928.97403440997,
              261365.32380750217
            ],
            [
              211924.20974666253,
              261365.29999071732
            ],
            [
              211919.44545894489,
              261365.27617393807
            ],
            [
              211914.16503749322,
              261362.60288435966
            ],
            [
              211911.01266246755,
              261357.82271885499
            ],
            [
              211909.43515180238,
              261355.69731875882
            ],
            [
              211905.74282625318,
              261353.03196817264
            ],
            [
              211903.09864609782,
              261352.48937137611
            ],
            [
              211898.88489417825,
              261348.23327865638
            ],
            [
              211893.59918020573,
              261346.61871981621
            ],
            [
              211887.26267458312,
              261343.41077254713
            ],
            [
              211884.10765326116,
              261339.15997253545
            ],
            [
              211873.53622548282,
              261335.93085502833
            ],
            [
              211867.7158537861,
              261335.37238055095
            ],
            [
              211865.61427045055,
              261332.18560377508
            ],
            [
              211856.61241464037,
              261332.66998212412
            ],
            [
              211850.24944634084,
              261334.75568768568
            ],
            [
              211840.72881059535,
              261333.11995868944
            ],
            [
              211820.61028488353,
              261333.54876492172
            ],
            [
              211813.74441450089,
              261330.33817172609
            ],
            [
              211801.04494146351,
              261329.21593035385
            ],
            [
              211793.10181675479,
              261329.70560126938
            ],
            [
              211777.22086013202,
              261329.62621263787
            ],
            [
              211767.17615251895,
              261326.92910712026
            ],
            [
              211759.772978466,
              261325.30396350287
            ],
            [
              211748.6616017865,
              261324.18966111541
            ],
            [
              211730.20526957698,
              261309.80418108776
            ],
            [
              211712.23596237693,
              261303.89119075984
            ],
            [
              211688.44893123116,
              261296.89036139473
            ],
            [
              211675.22538732272,
              261294.70674406923
            ],
            [
              211655.63358425349,
              261295.6675624866
            ],
            [
              211636.04707415774,
              261295.56965059787
            ],
            [
              211615.93913817033,
              261293.88099708781
            ],
            [
              211596.85817764793,
              261298.55001747794
            ],
            [
              211577.23991359584,
              261304.80448669195
            ],
            [
              211562.39387454186,
              261309.49467684887
            ],
            [
              211551.78011007141,
              261314.73540215753
            ],
            [
              211544.3531212844,
              261317.8745447211
            ],
            [
              211538.485118635,
              261326.84464188851
            ],
            [
              211535.26923387591,
              261334.76924025267
            ],
            [
              211522.51683896221,
              261344.23430043645
            ],
            [
              211512.41920832265,
              261352.1244966872
            ],
            [
              211511.86338023748,
              261357.41550096311
            ],
            [
              211508.13400809374,
              261362.16126233712
            ],
            [
              211503.88850242645,
              261364.25755209662
            ],
            [
              211499.10833911132,
              261367.40992562473
            ],
            [
              211493.23239731323,
              261377.96811715327
            ],
            [
              211487.94668580592,
              261376.35355885886
            ],
            [
              211484.27288626879,
              261369.9826541543
            ],
            [
              211478.47898024041,
              261364.13052931055
            ],
            [
              211461.62927346956,
              261346.04743650556
            ],
            [
              211440.00469635706,
              261330.05798786879
            ],
            [
              211423.12852684502,
              261317.26854654402
            ],
            [
              211409.91821832582,
              261312.43810456805
            ],
            [
              211394.62220528722,
              261301.24469778314
            ],
            [
              211383.52671075892,
              261296.95420625433
            ],
            [
              211379.29179091938,
              261296.93303610943
            ],
            [
              211375.57300472818,
              261299.56133711524
            ],
            [
              211364.94071863033,
              261308.50761622749
            ],
            [
              211358.57246135734,
              261311.65205072798
            ],
            [
              211329.35682992917,
              261331.62237359211
            ],
            [
              211288.99013358634,
              261358.41886685602
            ],
            [
              211278.89515177067,
              261365.77969594114
            ],
            [
              211272.51366334781,
              261371.57095430046
            ],
            [
              211263.996191076,
              261381.05718168803
            ],
            [
              211253.42477083113,
              261377.82806590572
            ],
            [
              211242.29223001655,
              261380.94868265837
            ],
            [
              211236.98799578939,
              261383.03967905603
            ],
            [
              211210.99618990812,
              261393.49730699882
            ],
            [
              211201.98640171252,
              261395.56977896206
            ],
            [
              211191.94699345436,
              261391.81394468807
            ],
            [
              211180.86473350041,
              261384.87662868947
            ],
            [
              211171.36792187393,
              261378.47661666758
            ],
            [
              211166.61157713924,
              261376.86470526271
            ],
            [
              211160.28036944941,
              261372.59803069383
            ],
            [
              211153.9412228493,
              261369.91945071518
            ],
            [
              211144.39942413475,
              261372.51864131168
            ],
            [
              211126.91715305205,
              261375.07813713327
            ],
            [
              211116.81952661835,
              261382.96832950227
            ],
            [
              211106.20841334946,
              261387.67968646809
            ],
            [
              211055.29412466194,
              261406.48277188465
            ],
            [
              211023.97427368816,
              261423.79567557015
            ],
            [
              211014.4007200487,
              261432.74724233709
            ],
            [
              210996.36262307502,
              261440.59773775004
            ],
            [
              210994.74541892298,
              261446.41281093843
            ],
            [
              210996.82318254281,
              261454.36386763118
            ],
            [
              211002.06125640869,
              261465.5069910828
            ],
            [
              211004.6789701134,
              261471.3432352338
            ],
            [
              211005.16070013028,
              261480.87444721535
            ],
            [
              210999.77707558125,
              261498.84638504125
            ],
            [
              210992.29451648612,
              261513.10218381323
            ],
            [
              210977.89581229258,
              261534.205320701
            ],
            [
              210950.75265801325,
              261563.18541364372
            ],
            [
              210939.57248457149,
              261575.83459190093
            ],
            [
              210939.01136262901,
              261582.18432206474
            ],
            [
              210941.62642894499,
              261588.54993087053
            ],
            [
              210942.60576499905,
              261604.43616531417
            ],
            [
              210938.80758600868,
              261622.94540522993
            ],
            [
              210932.38110838179,
              261637.73585963994
            ],
            [
              210914.79562803451,
              261660.94057300501
            ],
            [
              210894.51833345462,
              261693.13125268929
            ],
            [
              210887.57042982429,
              261706.33096528612
            ],
            [
              210877.93071177416,
              261728.51664464921
            ],
            [
              210877.867195094,
              261741.22139696777
            ],
            [
              210872.43857476022,
              261768.19253016077
            ],
            [
              210868.17454530485,
              261773.99436919019
            ],
            [
              210862.33830114733,
              261776.61208047718
            ],
            [
              210839.01714384183,
              261782.3186433576
            ],
            [
              210831.05020844098,
              261787.5725915283
            ],
            [
              210806.61739127804,
              261803.86115354486
            ],
            [
              210778.99780043308,
              261822.25129367411
            ],
            [
              210767.84409130923,
              261829.60682008788
            ],
            [
              210756.71420154627,
              261832.19806484692
            ],
            [
              210736.09280134924,
              261827.33056662418
            ],
            [
              210714.94203702174,
              261822.46042204835
            ],
            [
              210686.8989474671,
              261819.67333045229
            ],
            [
              210660.37514133379,
              261830.65765707567
            ],
            [
              210647.09868226759,
              261839.06132512353
            ],
            [
              210625.31004524231,
              261855.89247986488
            ],
            [
              210614.70687511005,
              261859.01573499851
            ],
            [
              210604.10635169689,
              261861.60962553881
            ],
            [
              210599.85026273225,
              261865.82336882688
            ],
            [
              210587.56107462943,
              261888.525170682
            ],
            [
              210583.81053050887,
              261897.50584092364
            ],
            [
              210583.21235364489,
              261911.26667141169
            ],
            [
              210575.04692115355,
              261956.22295437567
            ],
            [
              210564.9545891108,
              261963.05440624803
            ],
            [
              210550.60352122132,
              261974.62896498479
            ],
            [
              210539.26983902697,
              262017.98127210513
            ],
            [
              210538.10788865574,
              262038.6211933326
            ],
            [
              210535.40283859801,
              262050.25397825055
            ],
            [
              210503.53774845786,
              262070.74038911052
            ],
            [
              210486.5451513771,
              262081.24298274145
            ],
            [
              210479.53901673015,
              262106.08870398998
            ],
            [
              210477.32892254926,
              262124.60587243363
            ],
            [
              210491.4417821411,
              262160.67411753535
            ],
            [
              210505.04380365741,
              262193.0341657754
            ],
            [
              210509.61751329154,
              262231.17222812958
            ],
            [
              210503.09044873901,
              262266.07852037437
            ],
            [
              210483.65482652653,
              262341.68234958872
            ],
            [
              210480.3780578291,
              262361.78231707588
            ],
            [
              210482.39228620473,
              262382.43811800145
            ],
            [
              210484.98352316767,
              262393.56800592504
            ],
            [
              210492.91869604494,
              262394.66643863171
            ],
            [
              210501.3911742093,
              262394.1794249136
            ],
            [
              210514.62528569158,
              262394.24559793808
            ],
            [
              210536.31070048921,
              262398.0596730262
            ],
            [
              210550.56913142838,
              262405.01287825592
            ],
            [
              210577.38937570248,
              262440.61529309116
            ],
            [
              210589.00363138597,
              262447.025900051
            ],
            [
              210606.97026136704,
              262453.46827065013
            ],
            [
              210685.31356654782,
              262454.38938476145
            ],
            [
              210712.22910394333,
              262470.93468157016
            ],
            [
              210747.61182846595,
              262488.0516956076
            ],
            [
              210774.03506029956,
              262497.18324295804
            ],
            [
              210817.39002028666,
              262507.98758838698
            ],
            [
              210836.40214879997,
              262517.08207911998
            ],
            [
              210859.10130128451,
              262529.90065191314
            ],
            [
              210864.36583094206,
              262535.75013332069
            ],
            [
              210893.69790418446,
              262598.36339892261
            ],
            [
              210905.89182140306,
              262594.71872803196
            ],
            [
              210915.42568006273,
              262593.70764536038
            ],
            [
              210942.92352752015,
              262599.66830334254
            ],
            [
              210970.96926984843,
              262601.92605559342
            ],
            [
              210987.35310631245,
              262607.30176143348
            ],
            [
              211004.77714318968,
              262616.38831485808
            ],
            [
              211014.77948539518,
              262627.5552688539
            ],
            [
              211034.73916943278,
              262658.88837874122
            ],
            [
              211057.91474795807,
              262682.29690082557
            ],
            [
              211071.09327870142,
              262693.47973883152
            ],
            [
              211121.27440423891,
              262715.43517109565
            ],
            [
              211133.94739473611,
              262721.85107978247
            ],
            [
              211176.77035762928,
              262733.18215822242
            ],
            [
              211183.62298242748,
              262739.03958430327
            ],
            [
              211186.74622900039,
              262749.64276432991
            ],
            [
              211195.53366006538,
              262792.03695507348
            ],
            [
              211202.79387971573,
              262822.24781304039
            ],
            [
              211201.67955919914,
              262833.35918100178
            ],
            [
              211198.96920236014,
              262846.05070197955
            ],
            [
              211197.82576236315,
              262862.98508343287
            ],
            [
              211203.05587817263,
              262875.7163123861
            ],
            [
              211211.86712847836,
              262913.34622127749
            ],
            [
              211225.49560624454,
              262940.41265846789
            ],
            [
              211242.81640134379,
              262970.14445181936
            ],
            [
              211266.50810566545,
              262996.20245934464
            ],
            [
              211291.81437757239,
              263016.97476088628
            ],
            [
              211308.64286879357,
              263039.29280154221
            ],
            [
              211333.48331149574,
              263047.35769916512
            ],
            [
              211367.34149047546,
              263051.76204680651
            ],
            [
              211391.68433751538,
              263053.47191816755
            ],
            [
              211404.87081053294,
              263063.06667089462
            ],
            [
              211420.67234072275,
              263079.02704056725
            ],
            [
              211443.32914268225,
              263100.31547636725
            ],
            [
              211486.68412812985,
              263111.1198592633
            ],
            [
              211496.20210953429,
              263113.2849717252
            ],
            [
              211500.90550584067,
              263125.4841940254
            ],
            [
              211509.81470141467,
              263143.52761098184
            ],
            [
              211509.71410120558,
              263163.64348308556
            ],
            [
              211503.77195319999,
              263187.43578924052
            ],
            [
              211493.61076867022,
              263208.03072553687
            ],
            [
              211483.48135277256,
              263222.27328088321
            ],
            [
              211478.68529843353,
              263228.60183459334
            ],
            [
              211470.06720194872,
              263258.20391767472
            ],
            [
              211472.07082203124,
              263280.97720383108
            ],
            [
              211480.99325145781,
              263296.37379658222
            ],
            [
              211497.24471968785,
              263328.21777067706
            ],
            [
              211497.18647509534,
              263339.86380172893
            ],
            [
              211493.93350762315,
              263355.19950314984
            ],
            [
              211486.96174707916,
              263373.16349714249
            ],
            [
              211477.27962058131,
              263403.81901413947
            ],
            [
              211477.16842434183,
              263426.05234564282
            ],
            [
              211480.79190582596,
              263442.4811945688
            ],
            [
              211482.83523457032,
              263457.31400584802
            ],
            [
              211476.84807016049,
              263490.10551495105
            ],
            [
              211481.52763295639,
              263507.06902434491
            ],
            [
              211495.75165179837,
              263520.90400034189
            ],
            [
              211525.88574604783,
              263528.99538909458
            ],
            [
              211560.29447591491,
              263529.16748293675
            ],
            [
              211576.16483822092,
              263531.36437124573
            ],
            [
              211592.52749947272,
              263540.97501869127
            ],
            [
              211603.49854799639,
              263570.14569949359
            ],
            [
              211607.696402153,
              263577.5779920537
            ],
            [
              211615.03602773882,
              263591.90791700222
            ],
            [
              211623.97433909588,
              263604.12832462974
            ],
            [
              211641.93039114308,
              263612.68818661012
            ],
            [
              211661.434824083,
              263629.19646907225
            ],
            [
              211666.18322445452,
              263632.39648887701
            ],
            [
              211676.77582280152,
              263631.39071175456
            ],
            [
              211684.21870687604,
              263625.07539706677
            ],
            [
              211708.66746753547,
              263605.610677775
            ],
            [
              211721.40929876175,
              263598.26310867816
            ],
            [
              211742.66863054503,
              263581.42932803556
            ],
            [
              211768.66312555131,
              263570.44239246286
            ],
            [
              211789.88539132755,
              263561.01972336508
            ],
            [
              211821.67907658778,
              263554.82619748265
            ],
            [
              211835.47699190117,
              263548.01328718476
            ],
            [
              211849.75132047012,
              263551.79032943584
            ],
            [
              211860.33597806934,
              263552.37264692597
            ],
            [
              211877.28890472837,
              263549.81054413132
            ],
            [
              211900.05955462903,
              263548.33629550785
            ],
            [
              211917.57626620494,
              263538.89509125054
            ],
            [
              211929.78873456549,
              263531.54487186298
            ],
            [
              211953.11522706505,
              263524.77961708978
            ],
            [
              211963.7343046302,
              263518.48018508777
            ],
            [
              211981.23513161857,
              263512.215171583
            ],
            [
              211982.88941722829,
              263498.98898092285
            ],
            [
              211986.10532291699,
              263491.06438632123
            ],
            [
              211988.80774862692,
              263479.96095204912
            ],
            [
              211998.40516148508,
              263466.24510928616
            ],
            [
              212006.40124041121,
              263455.16815032251
            ],
            [
              212033.459767377,
              263443.12777213752
            ],
            [
              212045.13492852263,
              263437.36299904995
            ],
            [
              212055.74871148821,
              263432.12229611166
            ],
            [
              212066.9236303512,
              263420.53185594641
            ],
            [
              212080.80362168048,
              263397.3086144235
            ],
            [
              212095.65762308706,
              263391.03036011942
            ],
            [
              212116.33729176316,
              263384.2518628221
            ],
            [
              212126.94048521854,
              263381.12862052023
            ],
            [
              212138.05186414625,
              263382.24294908904
            ],
            [
              212149.20295584388,
              263375.4167961441
            ],
            [
              212161.95802896935,
              263365.42239286937
            ],
            [
              212179.52504608687,
              263345.92323859408
            ],
            [
              212187.49200280849,
              263340.66929633357
            ],
            [
              212202.35394803435,
              263332.80294392258
            ],
            [
              212214.02911067195,
              263327.0381682869
            ],
            [
              212224.69849188719,
              263310.68078793027
            ],
            [
              212241.22266278509,
              263288.00014333427
            ],
            [
              212249.72163266316,
              263282.21948215179
            ],
            [
              212259.32698759343,
              263266.91553672217
            ],
            [
              212261.46298168506,
              263263.22056796774
            ]
          ]
        ]
      }
    },
    {
      "attributes" : {
        "FID" : 5,
        "PMNTN_SN" : 48309,
        "MNTN_CODE" : "467801801",
        "MNTN_NM" : "천봉산",
        "PMNTN_NM" : "죽산리구간",
        "PMNTN_MAIN" : " ",
        "PMNTN_LT" : 2.88,
        "PMNTN_DFFL" : "쉬움",
        "PMNTN_UPPL" : 51,
        "PMNTN_GODN" : 36,
        "PMNTN_MTRQ" : " ",
        "PMNTN_CNRL" : " ",
        "PMNTN_CLS_" : " ",
        "PMNTN_RISK" : " ",
        "PMNTN_RECO" : " ",
        "DATA_STDR_" : "2016-12-31",
        "MNTN_ID" : "467801801"
      },
      "geometry" : {
        "paths" : [
          [
            [
              212261.46298168506,
              263263.22056796774
            ],
            [
              212279.42699222453,
              263270.19233259931
            ],
            [
              212313.24284699839,
              263283.06654182822
            ],
            [
              212349.71347302385,
              263294.36589266174
            ],
            [
              212397.8116109157,
              263309.429047741
            ],
            [
              212417.36636811309,
              263315.87939118408
            ],
            [
              212453.93495447282,
              263307.59221682511
            ],
            [
              212468.27018568479,
              263299.19384839758
            ],
            [
              212496.38480838761,
              263287.68811970949
            ],
            [
              212512.79514346831,
              263287.77019080706
            ],
            [
              212557.22479500249,
              263295.40369650163
            ],
            [
              212567.27744804602,
              263296.51272959635
            ],
            [
              212589.46580023225,
              263305.62313978188
            ],
            [
              212613.25019243173,
              263313.15339569561
            ],
            [
              212634.94359702151,
              263315.37940485962
            ],
            [
              212649.29206854664,
              263304.3342061732
            ],
            [
              212705.08991595916,
              263261.73356282897
            ],
            [
              212720.49182462972,
              263251.75238881446
            ],
            [
              212742.82314233575,
              263232.27704679593
            ],
            [
              212769.99552717339,
              263197.47392212227
            ],
            [
              212785.95857077464,
              263181.14300387911
            ],
            [
              212799.2271323204,
              263174.32743295468
            ],
            [
              212820.47324484773,
              263160.14045087621
            ],
            [
              212831.09233015496,
              263153.84100834653
            ],
            [
              212854.34736423753,
              263161.36861483753
            ],
            [
              212868.07910802867,
              263167.78983707912
            ],
            [
              212883.42012868822,
              263169.9840746969
            ],
            [
              212901.93734491244,
              263172.19419669732
            ],
            [
              212909.39347284287,
              263163.23203999177
            ],
            [
              212933.30230156146,
              263145.88209732622
            ],
            [
              212956.66588050034,
              263131.70570186153
            ],
            [
              212981.59108405933,
              263122.83090703562
            ],
            [
              213026.0498813903,
              263124.64138288237
            ],
            [
              213055.14118334558,
              263129.55128134973
            ],
            [
              213074.19835867919,
              263129.64658633992
            ],
            [
              213100.19023958314,
              263119.18898697197
            ],
            [
              213125.65010775626,
              263109.25810565986
            ],
            [
              213149.53776250035,
              263096.14308555797
            ],
            [
              213164.38383757602,
              263091.45291673951
            ],
            [
              213181.85556443408,
              263091.01091285236
            ],
            [
              213203.53839409258,
              263095.35438221879
            ],
            [
              213222.00796495844,
              263107.09309279546
            ],
            [
              213238.33359815553,
              263124.11487528868
            ],
            [
              213251.49891897012,
              263137.94457764551
            ],
            [
              213266.27616441995,
              263147.01792761683
            ],
            [
              213295.80418195017,
              263170.45828966051
            ],
            [
              213308.99332942721,
              263179.52369845472
            ],
            [
              213320.10472338181,
              263180.63802592829
            ],
            [
              213344.45291846711,
              263181.28917208314
            ],
            [
              213370.95564233512,
              263174.53978155367
            ],
            [
              213386.86045386735,
              263169.85490763001
            ],
            [
              213406.97636868153,
              263169.95550826378
            ],
            [
              213425.48300626781,
              263174.28309631348
            ],
            [
              213443.39938795194,
              263190.78345991671
            ],
            [
              213456.06711341161,
              263198.25812446326
            ],
            [
              213469.27744224109,
              263203.08860551752
            ],
            [
              213487.79467059672,
              263205.29872962274
            ],
            [
              213520.65244133119,
              263198.05174127594
            ],
            [
              213554.04752168711,
              263189.21930096857
            ],
            [
              213587.93755338062,
              263187.27126919292
            ],
            [
              213616.49156489316,
              263193.76662427932
            ],
            [
              213633.95006369986,
              263195.97145374864
            ],
            [
              213649.31227672659,
              263193.93076305836
            ],
            [
              213675.26181685459,
              263191.94302025996
            ],
            [
              213699.59413726255,
              263195.77036511339
            ],
            [
              213728.11638342496,
              263208.61811779439
            ],
            [
              213742.91216799058,
              263213.98590908572
            ],
            [
              213768.31116520148,
              263216.23045045137
            ],
            [
              213788.42973606288,
              263215.80168573372
            ],
            [
              213820.16524722986,
              263221.25419482403
            ],
            [
              213849.24598499294,
              263228.2815665435
            ],
            [
              213880.43359982129,
              263237.43699428998
            ],
            [
              213932.80646505672,
              263244.58085392788
            ],
            [
              213970.34912831523,
              263253.23868580163
            ],
            [
              213983.51975289546,
              263266.00966836885
            ],
            [
              213992.90009316243,
              263295.70184825733
            ],
            [
              214004.45349567756,
              263314.2879213281
            ],
            [
              214036.11223706976,
              263335.09206546843
            ],
            [
              214058.80086975172,
              263350.02817134187
            ],
            [
              214084.67893980071,
              263362.3333300408
            ],
            [
              214093.09056017641,
              263374.02175511234
            ],
            [
              214101.97859672923,
              263396.30015989766
            ],
            [
              214117.14225347526,
              263433.96196717024
            ],
            [
              214131.28688909858,
              263463.67798135616
            ],
            [
              214141.84774586651,
              263469.02459879592
            ],
            [
              214172.50864944793,
              263477.6480237674
            ],
            [
              214195.75312566198,
              263487.2931165956
            ],
            [
              214214.74678354897,
              263500.09322927706
            ],
            [
              214232.16028439999,
              263511.29729971103
            ],
            [
              214264.38811001461,
              263524.16360334866
            ],
            [
              214283.87936427351,
              263543.31876589917
            ],
            [
              214292.82829372771,
              263553.421742782
            ],
            [
              214312.35396709386,
              263565.69513916969
            ],
            [
              214338.21615579352,
              263581.17650808021
            ],
            [
              214356.16167243849,
              263591.85386253707
            ],
            [
              214362.47435886692,
              263599.82613549568
            ],
            [
              214389.35291951522,
              263623.7826698944
            ],
            [
              214405.16243591905,
              263638.15500262938
            ],
            [
              214421.01431510877,
              263644.05746725202
            ],
            [
              214460.07625598554,
              263666.48680083081
            ],
            [
              214472.74399198778,
              263673.96148066968
            ],
            [
              214509.73612556979,
              263686.85162292235
            ],
            [
              214538.84600694384,
              263688.05597980879
            ],
            [
              214543.68179633003,
              263673.78690379299
            ],
            [
              214552.24433499295,
              263655.30142642744
            ],
            [
              214567.09573179856,
              263649.55252570286
            ],
            [
              214573.46931569371,
              263645.34936272725
            ],
            [
              214589.46152406279,
              263623.19538346864
            ],
            [
              214601.76404973306,
              263597.84666853212
            ],
            [
              214610.27363469638,
              263589.94852726534
            ],
            [
              214621.93294478673,
              263587.35994072072
            ],
            [
              214630.41075826623,
              263585.81420214288
            ],
            [
              214645.26745118573,
              263579.00656589866
            ],
            [
              214659.57889160886,
              263575.37248339318
            ],
            [
              214668.051410174,
              263574.88547850214
            ],
            [
              214677.60119608231,
              263570.69820025936
            ],
            [
              214684.52003306989,
              263563.32148214616
            ],
            [
              214683.48777537048,
              263558.02251745202
            ],
            [
              214678.75789187569,
              263551.11691864394
            ],
            [
              214673.48275575321,
              263547.38487393595
            ],
            [
              214671.92642624676,
              263541.02452784218
            ],
            [
              214675.65582327545,
              263536.27875862643
            ],
            [
              214684.15217039268,
              263531.02745084837
            ],
            [
              214691.58448846824,
              263526.82958166488
            ],
            [
              214691.61096443702,
              263521.53591215983
            ]
          ]
        ]
      }
    },
    {
      "attributes" : {
        "FID" : 6,
        "PMNTN_SN" : 48310,
        "MNTN_CODE" : "467801801",
        "MNTN_NM" : "천봉산",
        "PMNTN_NM" : "죽산리구간",
        "PMNTN_MAIN" : " ",
        "PMNTN_LT" : 0.75,
        "PMNTN_DFFL" : "쉬움",
        "PMNTN_UPPL" : 13,
        "PMNTN_GODN" : 9,
        "PMNTN_MTRQ" : " ",
        "PMNTN_CNRL" : " ",
        "PMNTN_CLS_" : " ",
        "PMNTN_RISK" : " ",
        "PMNTN_RECO" : " ",
        "DATA_STDR_" : "2016-12-31",
        "MNTN_ID" : "467801801"
      },
      "geometry" : {
        "paths" : [
          [
            [
              212261.46298168506,
              263263.22056796774
            ],
            [
              212259.44612215925,
              263243.09408914484
            ],
            [
              212270.20286699384,
              263209.26764517836
            ],
            [
              212279.84263703786,
              263187.08194692992
            ],
            [
              212284.11991942953,
              263178.63327782229
            ],
            [
              212308.65605001431,
              263141.69947055914
            ],
            [
              212329.9789236011,
              263112.1608948037
            ],
            [
              212343.83773224335,
              263093.17256602086
            ],
            [
              212361.90499189217,
              263079.49907089956
            ],
            [
              212366.21933617815,
              263063.63928257674
            ],
            [
              212382.20090125781,
              263043.60281035863
            ],
            [
              212382.34385548625,
              263015.01706930064
            ],
            [
              212386.77997338492,
              262974.80646372773
            ],
            [
              212391.06254879199,
              262965.29906142503
            ],
            [
              212391.27962324955,
              262921.89108382724
            ],
            [
              212385.12313094828,
              262882.68626430072
            ],
            [
              212378.83957148343,
              262868.89099284261
            ],
            [
              212355.64278574195,
              262849.71735568717
            ],
            [
              212348.34284979105,
              262827.44694166444
            ],
            [
              212339.95241621695,
              262811.52362027951
            ],
            [
              212317.89377596974,
              262776.47431367263
            ],
            [
              212301.02290473878,
              262762.62610117719
            ],
            [
              212287.34940377902,
              262744.5588478595
            ],
            [
              212278.92720382102,
              262734.98791451566
            ],
            [
              212240.92406661808,
              262712.56397088245
            ],
            [
              212226.13889252394,
              262705.07873499952
            ],
            [
              212214.54049986694,
              262695.49192008376
            ],
            [
              212200.8087628074,
              262689.07070983946
            ],
            [
              212182.83151387144,
              262684.7457848601
            ],
            [
              212151.05899866018,
              262686.70442090556
            ]
          ]
        ]
      }
    }
  ]
}