{
  "displayFieldName" : "",
  "fieldAliases" : {
    "FID" : "FID",
    "PMNTN_SPOT" : "PMNTN_SPOT",
    "MNTN_CODE" : "MNTN_CODE",
    "MANAGE_SP1" : "MANAGE_SP1",
    "MANAGE_SP2" : "MANAGE_SP2",
    "DETAIL_SPO" : "DETAIL_SPO",
    "ETC_MATTER" : "ETC_MATTER",
    "MNTN_NM" : "MNTN_NM",
    "PAST_SPOT_" : "PAST_SPOT_",
    "MNTN_ID" : "MNTN_ID"
  },
  "geometryType" : "esriGeometryPoint",
  "spatialReference" : {
    "wkt" : "PROJCS[\"PCS_ITRF2000_TM\",GEOGCS[\"GCS_ITRF_2000\",DATUM[\"D_ITRF_2000\",SPHEROID[\"GRS_1980\",6378137.0,298.257222101]],PRIMEM[\"Greenwich\",0.0],UNIT[\"Degree\",0.0174532925199433]],PROJECTION[\"Transverse_Mercator\"],PARAMETER[\"False_Easting\",200000.0],PARAMETER[\"False_Northing\",600000.0],PARAMETER[\"Central_Meridian\",127.0],PARAMETER[\"Scale_Factor\",1.0],PARAMETER[\"Latitude_Of_Origin\",38.0],UNIT[\"Meter\",1.0]]"
  },
  "fields" : [
    {
      "name" : "FID",
      "type" : "esriFieldTypeOID",
      "alias" : "FID"
    },
    {
      "name" : "PMNTN_SPOT",
      "type" : "esriFieldTypeDouble",
      "alias" : "PMNTN_SPOT"
    },
    {
      "name" : "MNTN_CODE",
      "type" : "esriFieldTypeString",
      "alias" : "MNTN_CODE",
      "length" : 9
    },
    {
      "name" : "MANAGE_SP1",
      "type" : "esriFieldTypeString",
      "alias" : "MANAGE_SP1",
      "length" : 2
    },
    {
      "name" : "MANAGE_SP2",
      "type" : "esriFieldTypeString",
      "alias" : "MANAGE_SP2",
      "length" : 50
    },
    {
      "name" : "DETAIL_SPO",
      "type" : "esriFieldTypeString",
      "alias" : "DETAIL_SPO",
      "length" : 200
    },
    {
      "name" : "ETC_MATTER",
      "type" : "esriFieldTypeString",
      "alias" : "ETC_MATTER",
      "length" : 200
    },
    {
      "name" : "MNTN_NM",
      "type" : "esriFieldTypeString",
      "alias" : "MNTN_NM",
      "length" : 50
    },
    {
      "name" : "PAST_SPOT_",
      "type" : "esriFieldTypeString",
      "alias" : "PAST_SPOT_",
      "length" : 14
    },
    {
      "name" : "MNTN_ID",
      "type" : "esriFieldTypeString",
      "alias" : "MNTN_ID",
      "length" : 10
    }
  ],
  "features" : [
    {
      "attributes" : {
        "FID" : 0,
        "PMNTN_SPOT" : 15445,
        "MNTN_CODE" : "472500601",
        "MANAGE_SP1" : "01",
        "MANAGE_SP2" : "시종점",
        "DETAIL_SPO" : "시종점",
        "ETC_MATTER" : " ",
        "MNTN_NM" : "나각산",
        "PAST_SPOT_" : "4725006010001",
        "MNTN_ID" : "472500601"
      },
      "geometry" : {
        "x" : 316630.54770000558,
        "y" : 421673.52480000444
      }
    },
    {
      "attributes" : {
        "FID" : 1,
        "PMNTN_SPOT" : 15446,
        "MNTN_CODE" : "472500601",
        "MANAGE_SP1" : "01",
        "MANAGE_SP2" : "시종점",
        "DETAIL_SPO" : "시종점",
        "ETC_MATTER" : " ",
        "MNTN_NM" : "나각산",
        "PAST_SPOT_" : "4725006010002",
        "MNTN_ID" : "472500601"
      },
      "geometry" : {
        "x" : 316641.76850000303,
        "y" : 419871.65110000409
      }
    },
    {
      "attributes" : {
        "FID" : 2,
        "PMNTN_SPOT" : 15447,
        "MNTN_CODE" : "472500601",
        "MANAGE_SP1" : "02",
        "MANAGE_SP2" : "분기점",
        "DETAIL_SPO" : "분기점",
        "ETC_MATTER" : " ",
        "MNTN_NM" : "나각산",
        "PAST_SPOT_" : "4725006010003",
        "MNTN_ID" : "472500601"
      },
      "geometry" : {
        "x" : 316969.97690000292,
        "y" : 421245.26420000382
      }
    },
    {
      "attributes" : {
        "FID" : 3,
        "PMNTN_SPOT" : 15448,
        "MNTN_CODE" : "472500601",
        "MANAGE_SP1" : "02",
        "MANAGE_SP2" : "분기점",
        "DETAIL_SPO" : "분기점",
        "ETC_MATTER" : " ",
        "MNTN_NM" : "나각산",
        "PAST_SPOT_" : "4725006010004",
        "MNTN_ID" : "472500601"
      },
      "geometry" : {
        "x" : 316993.35360000562,
        "y" : 421206.92650000751
      }
    },
    {
      "attributes" : {
        "FID" : 4,
        "PMNTN_SPOT" : 15449,
        "MNTN_CODE" : "472500601",
        "MANAGE_SP1" : "02",
        "MANAGE_SP2" : "분기점",
        "DETAIL_SPO" : "분기점",
        "ETC_MATTER" : " ",
        "MNTN_NM" : "나각산",
        "PAST_SPOT_" : "4725006010005",
        "MNTN_ID" : "472500601"
      },
      "geometry" : {
        "x" : 317005.50940000173,
        "y" : 421177.00430000201
      }
    },
    {
      "attributes" : {
        "FID" : 5,
        "PMNTN_SPOT" : 15450,
        "MNTN_CODE" : "472500601",
        "MANAGE_SP1" : "02",
        "MANAGE_SP2" : "분기점",
        "DETAIL_SPO" : "분기점",
        "ETC_MATTER" : " ",
        "MNTN_NM" : "나각산",
        "PAST_SPOT_" : "4725006010006",
        "MNTN_ID" : "472500601"
      },
      "geometry" : {
        "x" : 317041.04200000037,
        "y" : 420905.83500000462
      }
    },
    {
      "attributes" : {
        "FID" : 6,
        "PMNTN_SPOT" : 15451,
        "MNTN_CODE" : "472500601",
        "MANAGE_SP1" : "02",
        "MANAGE_SP2" : "분기점",
        "DETAIL_SPO" : "분기점",
        "ETC_MATTER" : " ",
        "MNTN_NM" : "나각산",
        "PAST_SPOT_" : "4725006010007",
        "MNTN_ID" : "472500601"
      },
      "geometry" : {
        "x" : 317090.6005000053,
        "y" : 420986.25069999881
      }
    },
    {
      "attributes" : {
        "FID" : 7,
        "PMNTN_SPOT" : 15452,
        "MNTN_CODE" : "472500601",
        "MANAGE_SP1" : "02",
        "MANAGE_SP2" : "분기점",
        "DETAIL_SPO" : "분기점",
        "ETC_MATTER" : " ",
        "MNTN_NM" : "나각산",
        "PAST_SPOT_" : "4725006010008",
        "MNTN_ID" : "472500601"
      },
      "geometry" : {
        "x" : 317142.96430000197,
        "y" : 421087.23790000007
      }
    },
    {
      "attributes" : {
        "FID" : 8,
        "PMNTN_SPOT" : 15453,
        "MNTN_CODE" : "472500601",
        "MANAGE_SP1" : "03",
        "MANAGE_SP2" : "정자",
        "DETAIL_SPO" : "팔각 정자",
        "ETC_MATTER" : "공사중",
        "MNTN_NM" : "나각산",
        "PAST_SPOT_" : "4725006010009",
        "MNTN_ID" : "472500601"
      },
      "geometry" : {
        "x" : 316821.46380000841,
        "y" : 420674.29620000161
      }
    },
    {
      "attributes" : {
        "FID" : 9,
        "PMNTN_SPOT" : 15454,
        "MNTN_CODE" : "472500601",
        "MANAGE_SP1" : "99",
        "MANAGE_SP2" : "기타",
        "DETAIL_SPO" : "목계단",
        "ETC_MATTER" : " ",
        "MNTN_NM" : "나각산",
        "PAST_SPOT_" : "4725006010010",
        "MNTN_ID" : "472500601"
      },
      "geometry" : {
        "x" : 317040.69020000473,
        "y" : 420908.16880000196
      }
    },
    {
      "attributes" : {
        "FID" : 10,
        "PMNTN_SPOT" : 15455,
        "MNTN_CODE" : "472500601",
        "MANAGE_SP1" : "99",
        "MANAGE_SP2" : "기타",
        "DETAIL_SPO" : "전망대",
        "ETC_MATTER" : "공사중",
        "MNTN_NM" : "나각산",
        "PAST_SPOT_" : "4725006010011",
        "MNTN_ID" : "472500601"
      },
      "geometry" : {
        "x" : 317078.80440000352,
        "y" : 420978.0231999997
      }
    },
    {
      "attributes" : {
        "FID" : 11,
        "PMNTN_SPOT" : 15456,
        "MNTN_CODE" : "472500601",
        "MANAGE_SP1" : "99",
        "MANAGE_SP2" : "기타",
        "DETAIL_SPO" : "전망대",
        "ETC_MATTER" : "공사중",
        "MNTN_NM" : "나각산",
        "PAST_SPOT_" : "4725006010012",
        "MNTN_ID" : "472500601"
      },
      "geometry" : {
        "x" : 317085.96160000376,
        "y" : 421025.08809999935
      }
    },
    {
      "attributes" : {
        "FID" : 12,
        "PMNTN_SPOT" : 15457,
        "MNTN_CODE" : "472500601",
        "MANAGE_SP1" : "99",
        "MANAGE_SP2" : "기타",
        "DETAIL_SPO" : "전망대",
        "ETC_MATTER" : "공사중",
        "MNTN_NM" : "나각산",
        "PAST_SPOT_" : "4725006010013",
        "MNTN_ID" : "472500601"
      },
      "geometry" : {
        "x" : 317079.68240000308,
        "y" : 421036.18070000038
      }
    },
    {
      "attributes" : {
        "FID" : 13,
        "PMNTN_SPOT" : 15458,
        "MNTN_CODE" : "472500601",
        "MANAGE_SP1" : "99",
        "MANAGE_SP2" : "기타",
        "DETAIL_SPO" : "갈림길",
        "ETC_MATTER" : " ",
        "MNTN_NM" : "나각산",
        "PAST_SPOT_" : "4725006010014",
        "MNTN_ID" : "472500601"
      },
      "geometry" : {
        "x" : 317141.97590000555,
        "y" : 421084.30889999866
      }
    },
    {
      "attributes" : {
        "FID" : 14,
        "PMNTN_SPOT" : 15459,
        "MNTN_CODE" : "472500601",
        "MANAGE_SP1" : "99",
        "MANAGE_SP2" : "기타",
        "DETAIL_SPO" : "동굴",
        "ETC_MATTER" : " ",
        "MNTN_NM" : "나각산",
        "PAST_SPOT_" : "4725006010015",
        "MNTN_ID" : "472500601"
      },
      "geometry" : {
        "x" : 317025.31270000059,
        "y" : 421128.7126000002
      }
    },
    {
      "attributes" : {
        "FID" : 15,
        "PMNTN_SPOT" : 15460,
        "MNTN_CODE" : "472500601",
        "MANAGE_SP1" : "99",
        "MANAGE_SP2" : "기타",
        "DETAIL_SPO" : "갈림길",
        "ETC_MATTER" : " ",
        "MNTN_NM" : "나각산",
        "PAST_SPOT_" : "4725006010016",
        "MNTN_ID" : "472500601"
      },
      "geometry" : {
        "x" : 317004.49190000352,
        "y" : 421174.21509999968
      }
    },
    {
      "attributes" : {
        "FID" : 16,
        "PMNTN_SPOT" : 15461,
        "MNTN_CODE" : "472500601",
        "MANAGE_SP1" : "99",
        "MANAGE_SP2" : "기타",
        "DETAIL_SPO" : "갈림길",
        "ETC_MATTER" : " ",
        "MNTN_NM" : "나각산",
        "PAST_SPOT_" : "4725006010017",
        "MNTN_ID" : "472500601"
      },
      "geometry" : {
        "x" : 316994.22280000616,
        "y" : 421205.66680000164
      }
    },
    {
      "attributes" : {
        "FID" : 17,
        "PMNTN_SPOT" : 15462,
        "MNTN_CODE" : "472500601",
        "MANAGE_SP1" : "23",
        "MANAGE_SP2" : "정상",
        "DETAIL_SPO" : "정상",
        "ETC_MATTER" : "공사중",
        "MNTN_NM" : "나각산",
        "PAST_SPOT_" : "4725006010018",
        "MNTN_ID" : "472500601"
      },
      "geometry" : {
        "x" : 316992.38920000382,
        "y" : 421237.59950000048
      }
    }
  ]
}