{
  "displayFieldName" : "",
  "fieldAliases" : {
    "FID" : "FID",
    "PMNTN_SPOT" : "PMNTN_SPOT",
    "MNTN_CODE" : "MNTN_CODE",
    "MANAGE_SP1" : "MANAGE_SP1",
    "MANAGE_SP2" : "MANAGE_SP2",
    "DETAIL_SPO" : "DETAIL_SPO",
    "ETC_MATTER" : "ETC_MATTER",
    "MNTN_NM" : "MNTN_NM",
    "PAST_SPOT_" : "PAST_SPOT_",
    "MNTN_ID" : "MNTN_ID"
  },
  "geometryType" : "esriGeometryPoint",
  "spatialReference" : {
    "wkt" : "PROJCS[\"PCS_ITRF2000_TM\",GEOGCS[\"GCS_ITRF_2000\",DATUM[\"D_ITRF_2000\",SPHEROID[\"GRS_1980\",6378137.0,298.257222101]],PRIMEM[\"Greenwich\",0.0],UNIT[\"Degree\",0.0174532925199433]],PROJECTION[\"Transverse_Mercator\"],PARAMETER[\"False_Easting\",200000.0],PARAMETER[\"False_Northing\",600000.0],PARAMETER[\"Central_Meridian\",127.0],PARAMETER[\"Scale_Factor\",1.0],PARAMETER[\"Latitude_Of_Origin\",38.0],UNIT[\"Meter\",1.0]]"
  },
  "fields" : [
    {
      "name" : "FID",
      "type" : "esriFieldTypeOID",
      "alias" : "FID"
    },
    {
      "name" : "PMNTN_SPOT",
      "type" : "esriFieldTypeDouble",
      "alias" : "PMNTN_SPOT"
    },
    {
      "name" : "MNTN_CODE",
      "type" : "esriFieldTypeString",
      "alias" : "MNTN_CODE",
      "length" : 9
    },
    {
      "name" : "MANAGE_SP1",
      "type" : "esriFieldTypeString",
      "alias" : "MANAGE_SP1",
      "length" : 2
    },
    {
      "name" : "MANAGE_SP2",
      "type" : "esriFieldTypeString",
      "alias" : "MANAGE_SP2",
      "length" : 50
    },
    {
      "name" : "DETAIL_SPO",
      "type" : "esriFieldTypeString",
      "alias" : "DETAIL_SPO",
      "length" : 200
    },
    {
      "name" : "ETC_MATTER",
      "type" : "esriFieldTypeString",
      "alias" : "ETC_MATTER",
      "length" : 200
    },
    {
      "name" : "MNTN_NM",
      "type" : "esriFieldTypeString",
      "alias" : "MNTN_NM",
      "length" : 50
    },
    {
      "name" : "PAST_SPOT_",
      "type" : "esriFieldTypeString",
      "alias" : "PAST_SPOT_",
      "length" : 14
    },
    {
      "name" : "MNTN_ID",
      "type" : "esriFieldTypeString",
      "alias" : "MNTN_ID",
      "length" : 10
    }
  ],
  "features" : [
    {
      "attributes" : {
        "FID" : 0,
        "PMNTN_SPOT" : 70530,
        "MNTN_CODE" : "472803101",
        "MANAGE_SP1" : "02",
        "MANAGE_SP2" : "분기점",
        "DETAIL_SPO" : "분기점",
        "ETC_MATTER" : " ",
        "MNTN_NM" : "운달산",
        "PAST_SPOT_" : "4728031010001",
        "MNTN_ID" : "472803101"
      },
      "geometry" : {
        "x" : 305141.28540000226,
        "y" : 461531.01569999941
      }
    },
    {
      "attributes" : {
        "FID" : 1,
        "PMNTN_SPOT" : 70531,
        "MNTN_CODE" : "472803101",
        "MANAGE_SP1" : "02",
        "MANAGE_SP2" : "분기점",
        "DETAIL_SPO" : "분기점",
        "ETC_MATTER" : " ",
        "MNTN_NM" : "운달산",
        "PAST_SPOT_" : "4728031010002",
        "MNTN_ID" : "472803101"
      },
      "geometry" : {
        "x" : 305303.41370000597,
        "y" : 462680.09420000017
      }
    },
    {
      "attributes" : {
        "FID" : 2,
        "PMNTN_SPOT" : 70532,
        "MNTN_CODE" : "472803101",
        "MANAGE_SP1" : "02",
        "MANAGE_SP2" : "분기점",
        "DETAIL_SPO" : "분기점",
        "ETC_MATTER" : " ",
        "MNTN_NM" : "운달산",
        "PAST_SPOT_" : "4728031010003",
        "MNTN_ID" : "472803101"
      },
      "geometry" : {
        "x" : 305392.11250000261,
        "y" : 461578.70930000022
      }
    },
    {
      "attributes" : {
        "FID" : 3,
        "PMNTN_SPOT" : 70533,
        "MNTN_CODE" : "472803101",
        "MANAGE_SP1" : "02",
        "MANAGE_SP2" : "분기점",
        "DETAIL_SPO" : "분기점",
        "ETC_MATTER" : " ",
        "MNTN_NM" : "운달산",
        "PAST_SPOT_" : "4728031010004",
        "MNTN_ID" : "472803101"
      },
      "geometry" : {
        "x" : 305573.64199999999,
        "y" : 461687.08500000089
      }
    },
    {
      "attributes" : {
        "FID" : 4,
        "PMNTN_SPOT" : 70534,
        "MNTN_CODE" : "472803101",
        "MANAGE_SP1" : "02",
        "MANAGE_SP2" : "분기점",
        "DETAIL_SPO" : "분기점",
        "ETC_MATTER" : " ",
        "MNTN_NM" : "운달산",
        "PAST_SPOT_" : "4728031010005",
        "MNTN_ID" : "472803101"
      },
      "geometry" : {
        "x" : 305896.05990000162,
        "y" : 460703.57479999959
      }
    },
    {
      "attributes" : {
        "FID" : 5,
        "PMNTN_SPOT" : 70535,
        "MNTN_CODE" : "472803101",
        "MANAGE_SP1" : "02",
        "MANAGE_SP2" : "분기점",
        "DETAIL_SPO" : "분기점",
        "ETC_MATTER" : " ",
        "MNTN_NM" : "운달산",
        "PAST_SPOT_" : "4728031010006",
        "MNTN_ID" : "472803101"
      },
      "geometry" : {
        "x" : 306313.30669999961,
        "y" : 462909.02200000361
      }
    },
    {
      "attributes" : {
        "FID" : 6,
        "PMNTN_SPOT" : 70536,
        "MNTN_CODE" : "472803101",
        "MANAGE_SP1" : "01",
        "MANAGE_SP2" : "시종점",
        "DETAIL_SPO" : "시종점",
        "ETC_MATTER" : " ",
        "MNTN_NM" : "운달산",
        "PAST_SPOT_" : "4728031010007",
        "MNTN_ID" : "472803101"
      },
      "geometry" : {
        "x" : 306356.65699999966,
        "y" : 459687.55179999955
      }
    },
    {
      "attributes" : {
        "FID" : 7,
        "PMNTN_SPOT" : 70537,
        "MNTN_CODE" : "472803101",
        "MANAGE_SP1" : "02",
        "MANAGE_SP2" : "분기점",
        "DETAIL_SPO" : "분기점",
        "ETC_MATTER" : " ",
        "MNTN_NM" : "운달산",
        "PAST_SPOT_" : "4728031010008",
        "MNTN_ID" : "472803101"
      },
      "geometry" : {
        "x" : 306546.31470000278,
        "y" : 457788.26610000059
      }
    },
    {
      "attributes" : {
        "FID" : 8,
        "PMNTN_SPOT" : 70538,
        "MNTN_CODE" : "472803101",
        "MANAGE_SP1" : "02",
        "MANAGE_SP2" : "분기점",
        "DETAIL_SPO" : "분기점",
        "ETC_MATTER" : " ",
        "MNTN_NM" : "운달산",
        "PAST_SPOT_" : "4728031010009",
        "MNTN_ID" : "472803101"
      },
      "geometry" : {
        "x" : 307015.04000000376,
        "y" : 462659.75769999996
      }
    },
    {
      "attributes" : {
        "FID" : 9,
        "PMNTN_SPOT" : 70539,
        "MNTN_CODE" : "472803101",
        "MANAGE_SP1" : "01",
        "MANAGE_SP2" : "시종점",
        "DETAIL_SPO" : "시종점",
        "ETC_MATTER" : " ",
        "MNTN_NM" : "운달산",
        "PAST_SPOT_" : "4728031010010",
        "MNTN_ID" : "472803101"
      },
      "geometry" : {
        "x" : 307158.63790000416,
        "y" : 457506.48900000006
      }
    },
    {
      "attributes" : {
        "FID" : 10,
        "PMNTN_SPOT" : 70540,
        "MNTN_CODE" : "472803101",
        "MANAGE_SP1" : "02",
        "MANAGE_SP2" : "분기점",
        "DETAIL_SPO" : "분기점",
        "ETC_MATTER" : " ",
        "MNTN_NM" : "운달산",
        "PAST_SPOT_" : "4728031010011",
        "MNTN_ID" : "472803101"
      },
      "geometry" : {
        "x" : 307208.03400000185,
        "y" : 459292.91070000082
      }
    },
    {
      "attributes" : {
        "FID" : 11,
        "PMNTN_SPOT" : 70541,
        "MNTN_CODE" : "472803101",
        "MANAGE_SP1" : "02",
        "MANAGE_SP2" : "분기점",
        "DETAIL_SPO" : "분기점",
        "ETC_MATTER" : " ",
        "MNTN_NM" : "운달산",
        "PAST_SPOT_" : "4728031010012",
        "MNTN_ID" : "472803101"
      },
      "geometry" : {
        "x" : 307240.73460000381,
        "y" : 461206.38130000047
      }
    },
    {
      "attributes" : {
        "FID" : 12,
        "PMNTN_SPOT" : 70542,
        "MNTN_CODE" : "472803101",
        "MANAGE_SP1" : "02",
        "MANAGE_SP2" : "분기점",
        "DETAIL_SPO" : "분기점",
        "ETC_MATTER" : " ",
        "MNTN_NM" : "운달산",
        "PAST_SPOT_" : "4728031010013",
        "MNTN_ID" : "472803101"
      },
      "geometry" : {
        "x" : 307750.05530000012,
        "y" : 463384.20300000161
      }
    },
    {
      "attributes" : {
        "FID" : 13,
        "PMNTN_SPOT" : 70543,
        "MNTN_CODE" : "472803101",
        "MANAGE_SP1" : "02",
        "MANAGE_SP2" : "분기점",
        "DETAIL_SPO" : "분기점",
        "ETC_MATTER" : " ",
        "MNTN_NM" : "운달산",
        "PAST_SPOT_" : "4728031010014",
        "MNTN_ID" : "472803101"
      },
      "geometry" : {
        "x" : 308231.55820000172,
        "y" : 459161.9291999992
      }
    },
    {
      "attributes" : {
        "FID" : 14,
        "PMNTN_SPOT" : 70544,
        "MNTN_CODE" : "472803101",
        "MANAGE_SP1" : "02",
        "MANAGE_SP2" : "분기점",
        "DETAIL_SPO" : "분기점",
        "ETC_MATTER" : " ",
        "MNTN_NM" : "운달산",
        "PAST_SPOT_" : "4728031010015",
        "MNTN_ID" : "472803101"
      },
      "geometry" : {
        "x" : 308395.74710000027,
        "y" : 460027.73579999991
      }
    },
    {
      "attributes" : {
        "FID" : 15,
        "PMNTN_SPOT" : 70545,
        "MNTN_CODE" : "472803101",
        "MANAGE_SP1" : "02",
        "MANAGE_SP2" : "분기점",
        "DETAIL_SPO" : "분기점",
        "ETC_MATTER" : " ",
        "MNTN_NM" : "운달산",
        "PAST_SPOT_" : "4728031010016",
        "MNTN_ID" : "472803101"
      },
      "geometry" : {
        "x" : 308922.45380000304,
        "y" : 461668.11930000037
      }
    },
    {
      "attributes" : {
        "FID" : 16,
        "PMNTN_SPOT" : 70546,
        "MNTN_CODE" : "472803101",
        "MANAGE_SP1" : "02",
        "MANAGE_SP2" : "분기점",
        "DETAIL_SPO" : "분기점",
        "ETC_MATTER" : " ",
        "MNTN_NM" : "운달산",
        "PAST_SPOT_" : "4728031010017",
        "MNTN_ID" : "472803101"
      },
      "geometry" : {
        "x" : 309038.95780000184,
        "y" : 461139.78729999997
      }
    },
    {
      "attributes" : {
        "FID" : 17,
        "PMNTN_SPOT" : 70547,
        "MNTN_CODE" : "472803101",
        "MANAGE_SP1" : "02",
        "MANAGE_SP2" : "분기점",
        "DETAIL_SPO" : "분기점",
        "ETC_MATTER" : " ",
        "MNTN_NM" : "운달산",
        "PAST_SPOT_" : "4728031010018",
        "MNTN_ID" : "472803101"
      },
      "geometry" : {
        "x" : 309093.14570000209,
        "y" : 459275.72380000167
      }
    },
    {
      "attributes" : {
        "FID" : 18,
        "PMNTN_SPOT" : 70548,
        "MNTN_CODE" : "472803101",
        "MANAGE_SP1" : "01",
        "MANAGE_SP2" : "시종점",
        "DETAIL_SPO" : "시종점",
        "ETC_MATTER" : " ",
        "MNTN_NM" : "운달산",
        "PAST_SPOT_" : "4728031010019",
        "MNTN_ID" : "472803101"
      },
      "geometry" : {
        "x" : 309198.81210000347,
        "y" : 460814.65990000032
      }
    },
    {
      "attributes" : {
        "FID" : 19,
        "PMNTN_SPOT" : 70549,
        "MNTN_CODE" : "472803101",
        "MANAGE_SP1" : "01",
        "MANAGE_SP2" : "시종점",
        "DETAIL_SPO" : "시종점",
        "ETC_MATTER" : " ",
        "MNTN_NM" : "운달산",
        "PAST_SPOT_" : "4728031010020",
        "MNTN_ID" : "472803101"
      },
      "geometry" : {
        "x" : 309486.00790000334,
        "y" : 459397.64650000446
      }
    },
    {
      "attributes" : {
        "FID" : 20,
        "PMNTN_SPOT" : 70550,
        "MNTN_CODE" : "472803101",
        "MANAGE_SP1" : "01",
        "MANAGE_SP2" : "시종점",
        "DETAIL_SPO" : "시종점",
        "ETC_MATTER" : " ",
        "MNTN_NM" : "운달산",
        "PAST_SPOT_" : "4728031010021",
        "MNTN_ID" : "472803101"
      },
      "geometry" : {
        "x" : 310032.34349999949,
        "y" : 467040.52910000458
      }
    }
  ]
}