{
  "displayFieldName" : "",
  "fieldAliases" : {
    "FID" : "FID",
    "PMNTN_SN" : "PMNTN_SN",
    "MNTN_CODE" : "MNTN_CODE",
    "MNTN_NM" : "MNTN_NM",
    "PMNTN_NM" : "PMNTN_NM",
    "PMNTN_MAIN" : "PMNTN_MAIN",
    "PMNTN_LT" : "PMNTN_LT",
    "PMNTN_DFFL" : "PMNTN_DFFL",
    "PMNTN_UPPL" : "PMNTN_UPPL",
    "PMNTN_GODN" : "PMNTN_GODN",
    "PMNTN_MTRQ" : "PMNTN_MTRQ",
    "PMNTN_CNRL" : "PMNTN_CNRL",
    "PMNTN_CLS_" : "PMNTN_CLS_",
    "PMNTN_RISK" : "PMNTN_RISK",
    "PMNTN_RECO" : "PMNTN_RECO",
    "DATA_STDR_" : "DATA_STDR_",
    "MNTN_ID" : "MNTN_ID"
  },
  "geometryType" : "esriGeometryPolyline",
  "spatialReference" : {
    "wkt" : "PROJCS[\"PCS_ITRF2000_TM\",GEOGCS[\"GCS_ITRF_2000\",DATUM[\"D_ITRF_2000\",SPHEROID[\"GRS_1980\",6378137.0,298.257222101]],PRIMEM[\"Greenwich\",0.0],UNIT[\"Degree\",0.0174532925199433]],PROJECTION[\"Transverse_Mercator\"],PARAMETER[\"False_Easting\",200000.0],PARAMETER[\"False_Northing\",600000.0],PARAMETER[\"Central_Meridian\",127.0],PARAMETER[\"Scale_Factor\",1.0],PARAMETER[\"Latitude_Of_Origin\",38.0],UNIT[\"Meter\",1.0]]"
  },
  "fields" : [
    {
      "name" : "FID",
      "type" : "esriFieldTypeOID",
      "alias" : "FID"
    },
    {
      "name" : "PMNTN_SN",
      "type" : "esriFieldTypeDouble",
      "alias" : "PMNTN_SN"
    },
    {
      "name" : "MNTN_CODE",
      "type" : "esriFieldTypeString",
      "alias" : "MNTN_CODE",
      "length" : 9
    },
    {
      "name" : "MNTN_NM",
      "type" : "esriFieldTypeString",
      "alias" : "MNTN_NM",
      "length" : 50
    },
    {
      "name" : "PMNTN_NM",
      "type" : "esriFieldTypeString",
      "alias" : "PMNTN_NM",
      "length" : 50
    },
    {
      "name" : "PMNTN_MAIN",
      "type" : "esriFieldTypeString",
      "alias" : "PMNTN_MAIN",
      "length" : 200
    },
    {
      "name" : "PMNTN_LT",
      "type" : "esriFieldTypeSingle",
      "alias" : "PMNTN_LT"
    },
    {
      "name" : "PMNTN_DFFL",
      "type" : "esriFieldTypeString",
      "alias" : "PMNTN_DFFL",
      "length" : 8
    },
    {
      "name" : "PMNTN_UPPL",
      "type" : "esriFieldTypeDouble",
      "alias" : "PMNTN_UPPL"
    },
    {
      "name" : "PMNTN_GODN",
      "type" : "esriFieldTypeDouble",
      "alias" : "PMNTN_GODN"
    },
    {
      "name" : "PMNTN_MTRQ",
      "type" : "esriFieldTypeString",
      "alias" : "PMNTN_MTRQ",
      "length" : 200
    },
    {
      "name" : "PMNTN_CNRL",
      "type" : "esriFieldTypeString",
      "alias" : "PMNTN_CNRL",
      "length" : 1
    },
    {
      "name" : "PMNTN_CLS_",
      "type" : "esriFieldTypeString",
      "alias" : "PMNTN_CLS_",
      "length" : 1
    },
    {
      "name" : "PMNTN_RISK",
      "type" : "esriFieldTypeString",
      "alias" : "PMNTN_RISK",
      "length" : 200
    },
    {
      "name" : "PMNTN_RECO",
      "type" : "esriFieldTypeString",
      "alias" : "PMNTN_RECO",
      "length" : 1
    },
    {
      "name" : "DATA_STDR_",
      "type" : "esriFieldTypeString",
      "alias" : "DATA_STDR_",
      "length" : 10
    },
    {
      "name" : "MNTN_ID",
      "type" : "esriFieldTypeString",
      "alias" : "MNTN_ID",
      "length" : 10
    }
  ],
  "features" : [
    {
      "attributes" : {
        "FID" : 0,
        "PMNTN_SN" : 9447,
        "MNTN_CODE" : "427201101",
        "MNTN_NM" : "남산",
        "PMNTN_NM" : "장전평리구간",
        "PMNTN_MAIN" : " ",
        "PMNTN_LT" : 0.27,
        "PMNTN_DFFL" : "쉬움",
        "PMNTN_UPPL" : 5,
        "PMNTN_GODN" : 3,
        "PMNTN_MTRQ" : " ",
        "PMNTN_CNRL" : " ",
        "PMNTN_CLS_" : " ",
        "PMNTN_RISK" : " ",
        "PMNTN_RECO" : " ",
        "DATA_STDR_" : "2016-12-31",
        "MNTN_ID" : "427201101"
      },
      "geometry" : {
        "paths" : [
          [
            [
              278359.20380000118,
              563730.56060000136
            ],
            [
              278374.4385000011,
              563692.91160000302
            ],
            [
              278380.19080000091,
              563670.59880000167
            ],
            [
              278414.37430000119,
              563633.22549999878
            ],
            [
              278424.08560000081,
              563621.63470000215
            ],
            [
              278443.62100000121,
              563612.17860000022
            ],
            [
              278455.10900000203,
              563600.11020000093
            ],
            [
              278470.09890000056,
              563591.89360000379
            ],
            [
              278489.34430000093,
              563589.00120000169
            ],
            [
              278503.95199999865,
              563588.73920000345
            ],
            [
              278519.75299999863,
              563589.72670000046
            ],
            [
              278531.49930000026,
              563594.83819999918
            ],
            [
              278540.41940000094,
              563595.13529999927
            ],
            [
              278554.6484000003,
              563598.31170000136
            ]
          ]
        ]
      }
    },
    {
      "attributes" : {
        "FID" : 1,
        "PMNTN_SN" : 9448,
        "MNTN_CODE" : "427201101",
        "MNTN_NM" : "남산",
        "PMNTN_NM" : " ",
        "PMNTN_MAIN" : " ",
        "PMNTN_LT" : 0.52,
        "PMNTN_DFFL" : "쉬움",
        "PMNTN_UPPL" : 9,
        "PMNTN_GODN" : 6,
        "PMNTN_MTRQ" : " ",
        "PMNTN_CNRL" : " ",
        "PMNTN_CLS_" : " ",
        "PMNTN_RISK" : " ",
        "PMNTN_RECO" : " ",
        "DATA_STDR_" : "2016-12-31",
        "MNTN_ID" : "427201101"
      },
      "geometry" : {
        "paths" : [
          [
            [
              278359.20380000118,
              563730.56060000136
            ],
            [
              278368.28949999996,
              563741.3065000046
            ],
            [
              278369.98670000024,
              563758.7058000043
            ],
            [
              278364.08040000126,
              563764.65520000271
            ],
            [
              278357.02900000103,
              563776.93209999986
            ],
            [
              278356.44579999987,
              563789.14809999987
            ],
            [
              278359.25520000141,
              563797.16690000147
            ],
            [
              278361.35860000085,
              563812.66070000269
            ],
            [
              278360.32909999974,
              563835.68430000171
            ],
            [
              278375.79210000113,
              563862.27160000242
            ],
            [
              278387.60020000022,
              563872.27380000241
            ],
            [
              278406.26960000116,
              563875.15900000185
            ],
            [
              278416.78490000032,
              563880.39750000089
            ],
            [
              278426.67250000034,
              563884.02650000155
            ],
            [
              278430.18499999959,
              563886.85200000182
            ],
            [
              278446.75990000088,
              563911.51860000193
            ],
            [
              278452.14759999979,
              563920.26119999774
            ],
            [
              278474.76880000066,
              563937.21490000188
            ],
            [
              278477.22730000038,
              563940.74939999916
            ],
            [
              278484.71729999967,
              563948.05610000156
            ],
            [
              278495.12630000059,
              563955.9998000022
            ],
            [
              278512.02390000224,
              563969.97250000015
            ],
            [
              278531.64650000073,
              563976.03910000063
            ],
            [
              278555.14660000056,
              563987.7397000026
            ],
            [
              278571.82510000188,
              563990.26230000332
            ],
            [
              278580.78469999973,
              563989.84770000167
            ],
            [
              278613.96100000199,
              564000.91879999824
            ],
            [
              278639.59210000094,
              564018.62300000153
            ],
            [
              278655.75710000005,
              564021.83520000055
            ],
            [
              278661.70129999984,
              564020.58369999938
            ],
            [
              278671.3685999997,
              564018.70800000243
            ],
            [
              278674.83150000218,
              564016.97650000267
            ],
            [
              278681.46870000102,
              564015.10080000386
            ],
            [
              278687.67310000118,
              564013.36929999851
            ],
            [
              278691.85739999916,
              564012.35930000246
            ],
            [
              278697.28399999999,
              564012.15059999749
            ],
            [
              278698.34619999956,
              564012.10979999974
            ]
          ]
        ]
      }
    },
    {
      "attributes" : {
        "FID" : 2,
        "PMNTN_SN" : 9449,
        "MNTN_CODE" : "427201101",
        "MNTN_NM" : "남산",
        "PMNTN_NM" : " ",
        "PMNTN_MAIN" : " ",
        "PMNTN_LT" : 1.01,
        "PMNTN_DFFL" : "쉬움",
        "PMNTN_UPPL" : 18,
        "PMNTN_GODN" : 12,
        "PMNTN_MTRQ" : " ",
        "PMNTN_CNRL" : " ",
        "PMNTN_CLS_" : " ",
        "PMNTN_RISK" : " ",
        "PMNTN_RECO" : " ",
        "DATA_STDR_" : "2016-12-31",
        "MNTN_ID" : "427201101"
      },
      "geometry" : {
        "paths" : [
          [
            [
              278359.20380000118,
              563730.56060000136
            ],
            [
              278340.92499999981,
              563744.40000000224
            ],
            [
              278327.87530000135,
              563759.29539999925
            ],
            [
              278322.94739999902,
              563764.42160000093
            ],
            [
              278319.43969999999,
              563768.66210000031
            ],
            [
              278284.00679999962,
              563808.57709999941
            ],
            [
              278253.57570000179,
              563807.53470000438
            ],
            [
              278238.64700000081,
              563801.8657000009
            ],
            [
              278221.80300000124,
              563816.82530000247
            ],
            [
              278209.94880000036,
              563816.34710000269
            ],
            [
              278180.20200000051,
              563821.33899999969
            ],
            [
              278173.26750000007,
              563836.21460000239
            ],
            [
              278158.43769999966,
              563847.18610000052
            ],
            [
              278149.94360000174,
              563856.24159999937
            ],
            [
              278143.00700000208,
              563858.26300000027
            ],
            [
              278138.66460000072,
              563863.07290000096
            ],
            [
              278117.75580000039,
              563885.25400000252
            ],
            [
              278112.92680000141,
              563890.20370000042
            ],
            [
              278110.13569999952,
              563894.26229999959
            ],
            [
              278093.87340000086,
              563903.71079999954
            ],
            [
              278086.29470000044,
              563908.33479999937
            ],
            [
              278079.26410000212,
              563907.22509999946
            ],
            [
              278052.90590000153,
              563909.40760000236
            ],
            [
              278046.25999999978,
              563912.41980000027
            ],
            [
              278030.00349999964,
              563915.64119999856
            ],
            [
              277991.4552000016,
              563912.74730000272
            ],
            [
              277978.50650000013,
              563914.2015999984
            ],
            [
              277970.29920000024,
              563915.31210000254
            ],
            [
              277943.26350000035,
              563914.48039999977
            ],
            [
              277931.29320000112,
              563918.85240000114
            ],
            [
              277924.16820000112,
              563917.4644000046
            ],
            [
              277911.98590000067,
              563917.18329999968
            ],
            [
              277890.09769999981,
              563923.48230000213
            ],
            [
              277875.80420000199,
              563929.08669999987
            ],
            [
              277864.88499999978,
              563935.22249999829
            ],
            [
              277857.54180000164,
              563938.28380000219
            ],
            [
              277842.43319999985,
              563940.4840000011
            ],
            [
              277815.18470000103,
              563935.08850000054
            ],
            [
              277797.25320000015,
              563940.99190000072
            ],
            [
              277795.89039999992,
              563946.11860000156
            ],
            [
              277763.95500000101,
              563952.17920000106
            ],
            [
              277741.56859999988,
              563963.64670000039
            ],
            [
              277725.15810000058,
              563978.60020000115
            ],
            [
              277709.21810000017,
              563988.56310000271
            ],
            [
              277689.23939999938,
              564002.04020000063
            ],
            [
              277665.07580000162,
              564022.40480000153
            ],
            [
              277647.28690000065,
              564030.07490000129
            ],
            [
              277626.96580000129,
              564042.45000000112
            ],
            [
              277622.0270999996,
              564050.68459999934
            ],
            [
              277620.25769999996,
              564061.54630000144
            ],
            [
              277611.50090000033,
              564079.89079999924
            ],
            [
              277603.09979999997,
              564087.58240000345
            ],
            [
              277587.78450000193,
              564103.4234000016
            ],
            [
              277567.48300000001,
              564109.96010000259
            ],
            [
              277558.89339999948,
              564115.17450000159
            ],
            [
              277558.66360000148,
              564118.04729999974
            ],
            [
              277555.17940000165,
              564122.66569999978
            ],
            [
              277554.06000000052,
              564131.02490000427
            ],
            [
              277545.3189000003,
              564135.46090000123
            ],
            [
              277537.36550000031,
              564146.23149999976
            ],
            [
              277531.29250000045,
              564160.26319999993
            ],
            [
              277530.16910000052,
              564162.85910000093
            ]
          ]
        ]
      }
    },
    {
      "attributes" : {
        "FID" : 3,
        "PMNTN_SN" : 9450,
        "MNTN_CODE" : "427201101",
        "MNTN_NM" : "남산",
        "PMNTN_NM" : " ",
        "PMNTN_MAIN" : " ",
        "PMNTN_LT" : 0.46,
        "PMNTN_DFFL" : "쉬움",
        "PMNTN_UPPL" : 8,
        "PMNTN_GODN" : 6,
        "PMNTN_MTRQ" : " ",
        "PMNTN_CNRL" : " ",
        "PMNTN_CLS_" : " ",
        "PMNTN_RISK" : " ",
        "PMNTN_RECO" : " ",
        "DATA_STDR_" : "2016-12-31",
        "MNTN_ID" : "427201101"
      },
      "geometry" : {
        "paths" : [
          [
            [
              277530.16910000052,
              564162.85910000093
            ],
            [
              277521.95950000174,
              564166.12580000237
            ],
            [
              277512.86600000039,
              564172.39719999954
            ],
            [
              277509.73029999994,
              564174.27860000171
            ],
            [
              277496.5604000017,
              564190.27070000395
            ],
            [
              277493.42470000032,
              564200.93200000003
            ],
            [
              277491.22979999986,
              564208.14409999922
            ],
            [
              277486.52620000113,
              564218.80549999885
            ],
            [
              277482.13630000129,
              564229.78040000051
            ],
            [
              277469.27990000043,
              564254.55230000243
            ],
            [
              277457.36429999955,
              564270.23079999909
            ],
            [
              277451.71999999974,
              564276.18860000372
            ],
            [
              277445.13510000054,
              564282.14640000276
            ],
            [
              277437.92300000042,
              564288.10430000164
            ],
            [
              277431.33810000122,
              564291.55350000225
            ],
            [
              277423.49880000204,
              564295.31629999913
            ],
            [
              277410.32890000101,
              564300.64700000174
            ],
            [
              277402.80330000073,
              564304.09630000032
            ],
            [
              277399.98110000044,
              564309.11340000108
            ],
            [
              277400.92179999873,
              564312.87619999796
            ],
            [
              277404.05750000011,
              564315.69830000028
            ],
            [
              277411.26960000023,
              564316.63900000043
            ],
            [
              277420.67669999972,
              564317.57980000228
            ],
            [
              277430.39730000123,
              564317.26620000228
            ],
            [
              277439.4907999998,
              564316.32550000213
            ],
            [
              277449.21150000021,
              564316.95260000043
            ],
            [
              277462.06780000031,
              564319.14760000072
            ],
            [
              277472.10199999996,
              564321.96970000118
            ],
            [
              277477.7463000007,
              564322.59689999931
            ],
            [
              277484.01769999973,
              564322.59689999931
            ],
            [
              277491.85690000094,
              564318.83400000446
            ],
            [
              277498.12829999998,
              564314.1305000037
            ],
            [
              277503.4589999998,
              564308.79980000108
            ],
            [
              277509.41679999977,
              564304.09630000032
            ],
            [
              277517.56959999911,
              564300.64700000174
            ],
            [
              277525.72240000125,
              564299.70630000159
            ],
            [
              277531.36660000123,
              564301.27419999801
            ],
            [
              277536.07019999996,
              564305.97770000435
            ],
            [
              277538.57870000135,
              564312.24909999967
            ],
            [
              277540.77370000072,
              564320.08830000274
            ],
            [
              277544.9020999996,
              564333.58709999919
            ],
            [
              277542.1883999994,
              564369.00510000065
            ],
            [
              277541.20900000073,
              564372.78120000288
            ],
            [
              277532.3805000009,
              564413.1054999996
            ]
          ]
        ]
      }
    },
    {
      "attributes" : {
        "FID" : 4,
        "PMNTN_SN" : 9451,
        "MNTN_CODE" : "427201101",
        "MNTN_NM" : "남산",
        "PMNTN_NM" : " ",
        "PMNTN_MAIN" : " ",
        "PMNTN_LT" : 0.33,
        "PMNTN_DFFL" : "쉬움",
        "PMNTN_UPPL" : 6,
        "PMNTN_GODN" : 4,
        "PMNTN_MTRQ" : " ",
        "PMNTN_CNRL" : " ",
        "PMNTN_CLS_" : " ",
        "PMNTN_RISK" : " ",
        "PMNTN_RECO" : " ",
        "DATA_STDR_" : "2016-12-31",
        "MNTN_ID" : "427201101"
      },
      "geometry" : {
        "paths" : [
          [
            [
              277530.16910000052,
              564162.85910000093
            ],
            [
              277532.91830000095,
              564166.07059999928
            ],
            [
              277537.35590000078,
              564175.53630000167
            ],
            [
              277539.32310000155,
              564178.39639999904
            ],
            [
              277549.33270000108,
              564198.14340000041
            ],
            [
              277564.76190000027,
              564224.2135000024
            ],
            [
              277580.1911000004,
              564238.57860000059
            ],
            [
              277590.83190000057,
              564247.62329999916
            ],
            [
              277599.87660000194,
              564256.66800000332
            ],
            [
              277607.32519999985,
              564266.24479999952
            ],
            [
              277612.11360000074,
              564276.3535999991
            ],
            [
              277612.64560000133,
              564289.65460000187
            ],
            [
              277612.11360000074,
              564301.35950000025
            ],
            [
              277609.4534,
              564315.72469999827
            ],
            [
              277606.26109999977,
              564323.70530000143
            ],
            [
              277597.2164000012,
              564334.87820000201
            ],
            [
              277592.428100002,
              564351.37150000222
            ],
            [
              277590.29989999998,
              564393.40279999934
            ],
            [
              277576.46680000145,
              564406.17180000059
            ],
            [
              277568.48620000109,
              564410.96020000242
            ],
            [
              277552.78540000226,
              564412.77640000172
            ],
            [
              277532.3805000009,
              564413.1054999996
            ]
          ]
        ]
      }
    },
    {
      "attributes" : {
        "FID" : 5,
        "PMNTN_SN" : 9452,
        "MNTN_CODE" : "427201101",
        "MNTN_NM" : "남산",
        "PMNTN_NM" : "홍천세무소구간",
        "PMNTN_MAIN" : "홍천세무서~남산~싯고개~오룡터널",
        "PMNTN_LT" : 0.62,
        "PMNTN_DFFL" : "쉬움",
        "PMNTN_UPPL" : 11,
        "PMNTN_GODN" : 8,
        "PMNTN_MTRQ" : "토사",
        "PMNTN_CNRL" : " ",
        "PMNTN_CLS_" : " ",
        "PMNTN_RISK" : "낙엽이 많아 등산로가 미끄럽고,지속적인 관리를 요함",
        "PMNTN_RECO" : " ",
        "DATA_STDR_" : "2016-12-31",
        "MNTN_ID" : "427201101"
      },
      "geometry" : {
        "paths" : [
          [
            [
              277532.3805000009,
              564413.1054999996
            ],
            [
              277528.316300001,
              564447.98190000094
            ],
            [
              277529.95600000117,
              564457.0829000026
            ],
            [
              277531.29849999957,
              564462.57899999991
            ],
            [
              277532.91290000081,
              564480.03280000389
            ],
            [
              277540.95720000006,
              564492.96230000444
            ],
            [
              277542.83499999903,
              564498.77420000173
            ],
            [
              277549.87640000228,
              564526.94629999995
            ],
            [
              277565.08710000105,
              564548.56790000014
            ],
            [
              277576.37349999975,
              564569.98630000092
            ],
            [
              277584.27269999962,
              564595.1082000006
            ],
            [
              277589.00009999983,
              564609.38869999908
            ],
            [
              277592.76209999993,
              564621.27580000088
            ],
            [
              277596.76160000078,
              564647.95659999736
            ],
            [
              277602.48360000178,
              564667.33450000174
            ],
            [
              277606.15430000052,
              564686.40600000322
            ],
            [
              277607.09480000008,
              564700.41130000167
            ],
            [
              277605.99450000003,
              564713.69820000045
            ],
            [
              277601.4199000001,
              564720.81159999967
            ],
            [
              277596.30350000132,
              564731.98180000111
            ],
            [
              277589.54500000179,
              564747.05900000036
            ],
            [
              277584.31120000221,
              564756.52210000344
            ],
            [
              277579.55890000146,
              564758.22670000046
            ],
            [
              277562.4824000001,
              564746.37810000032
            ],
            [
              277541.41020000167,
              564732.83930000104
            ],
            [
              277524.79730000161,
              564717.9496000018
            ],
            [
              277509.6958999997,
              564705.38900000043
            ],
            [
              277500.66870000027,
              564704.73890000209
            ],
            [
              277483.93480000086,
              564716.76190000214
            ],
            [
              277475.3908000011,
              564722.90060000122
            ],
            [
              277469.21689999942,
              564727.03850000352
            ],
            [
              277469.8852000013,
              564732.4905999992
            ],
            [
              277471.41589999944,
              564736.38600000367
            ],
            [
              277467.26880000066,
              564743.13660000078
            ],
            [
              277463.10490000155,
              564749.91480000317
            ],
            [
              277448.17330000177,
              564774.22070000134
            ],
            [
              277438.78490000218,
              564785.03290000372
            ],
            [
              277424.06969999988,
              564800.23800000362
            ],
            [
              277405.17410000134,
              564819.76290000044
            ]
          ]
        ]
      }
    },
    {
      "attributes" : {
        "FID" : 6,
        "PMNTN_SN" : 9453,
        "MNTN_CODE" : "427201101",
        "MNTN_NM" : "남산",
        "PMNTN_NM" : " ",
        "PMNTN_MAIN" : " ",
        "PMNTN_LT" : 0.21,
        "PMNTN_DFFL" : "쉬움",
        "PMNTN_UPPL" : 4,
        "PMNTN_GODN" : 3,
        "PMNTN_MTRQ" : " ",
        "PMNTN_CNRL" : " ",
        "PMNTN_CLS_" : " ",
        "PMNTN_RISK" : " ",
        "PMNTN_RECO" : " ",
        "DATA_STDR_" : "2016-12-31",
        "MNTN_ID" : "427201101"
      },
      "geometry" : {
        "paths" : [
          [
            [
              279066.04590000026,
              564687.25300000422
            ],
            [
              279047.44060000218,
              564690.11540000141
            ],
            [
              279034.9179000007,
              564690.71169999987
            ],
            [
              279019.71169999987,
              564693.75290000066
            ],
            [
              279007.72570000123,
              564697.86760000139
            ],
            [
              278995.20290000085,
              564704.12890000269
            ],
            [
              278988.76270000078,
              564711.28480000421
            ],
            [
              278983.93250000104,
              564715.75720000267
            ],
            [
              278975.52430000063,
              564731.50010000356
            ],
            [
              278965.32720000017,
              564756.00889999978
            ],
            [
              278959.06589999981,
              564773.54069999978
            ],
            [
              278953.69900000002,
              564792.50370000117
            ],
            [
              278951.91000000015,
              564800.73289999925
            ],
            [
              278953.34120000154,
              564805.20530000329
            ],
            [
              278958.88700000104,
              564814.86570000276
            ],
            [
              278963.8526000008,
              564827.68550000153
            ]
          ]
        ]
      }
    },
    {
      "attributes" : {
        "FID" : 7,
        "PMNTN_SN" : 9454,
        "MNTN_CODE" : "427201101",
        "MNTN_NM" : "남산",
        "PMNTN_NM" : " ",
        "PMNTN_MAIN" : " ",
        "PMNTN_LT" : 0.42,
        "PMNTN_DFFL" : "쉬움",
        "PMNTN_UPPL" : 7,
        "PMNTN_GODN" : 5,
        "PMNTN_MTRQ" : " ",
        "PMNTN_CNRL" : " ",
        "PMNTN_CLS_" : " ",
        "PMNTN_RISK" : " ",
        "PMNTN_RECO" : " ",
        "DATA_STDR_" : "2016-12-31",
        "MNTN_ID" : "427201101"
      },
      "geometry" : {
        "paths" : [
          [
            [
              278963.8526000008,
              564827.68550000153
            ],
            [
              278965.69850000087,
              564814.00800000131
            ],
            [
              278964.4235999994,
              564804.30900000408
            ],
            [
              278964.32890000008,
              564794.73619999923
            ],
            [
              278964.89750000089,
              564782.50950000249
            ],
            [
              278971.72170000058,
              564763.36390000023
            ],
            [
              278976.27120000031,
              564753.7910999991
            ],
            [
              278980.82069999911,
              564747.91469999962
            ],
            [
              278985.65450000111,
              564742.13310000114
            ],
            [
              278990.01440000068,
              564739.66880000196
            ],
            [
              278994.27950000018,
              564738.34189999849
            ],
            [
              278998.73420000076,
              564738.53140000254
            ],
            [
              279006.22180000041,
              564739.00530000217
            ],
            [
              279009.91820000112,
              564741.94349999912
            ],
            [
              279013.04600000102,
              564746.20860000141
            ],
            [
              279017.97460000124,
              564753.98059999757
            ],
            [
              279023.18750000093,
              564759.66750000045
            ],
            [
              279029.63260000199,
              564764.78560000099
            ],
            [
              279034.75070000067,
              564768.19769999944
            ],
            [
              279046.50349999964,
              564780.23480000161
            ],
            [
              279050.57909999974,
              564784.68950000033
            ],
            [
              279057.68760000076,
              564786.49030000344
            ],
            [
              279070.48290000018,
              564787.91200000048
            ],
            [
              279080.90880000032,
              564789.14420000277
            ],
            [
              279085.88480000012,
              564788.38590000011
            ],
            [
              279088.68080000021,
              564781.94089999981
            ],
            [
              279092.47200000007,
              564773.505400002
            ],
            [
              279098.82230000012,
              564765.35429999977
            ],
            [
              279107.25770000182,
              564757.10840000212
            ],
            [
              279117.8732000012,
              564746.68250000104
            ],
            [
              279132.46930000093,
              564733.88719999976
            ],
            [
              279143.7482000012,
              564728.01080000028
            ],
            [
              279149.30990000069,
              564723.64120000042
            ],
            [
              279150.7620000001,
              564720.04920000024
            ],
            [
              279153.82430000044,
              564717.06909999996
            ],
            [
              279144.04470000044,
              564716.5920000039
            ],
            [
              279138.31940000039,
              564719.15850000083
            ],
            [
              279131.40260000061,
              564722.31670000032
            ],
            [
              279119.71480000019,
              564721.36260000244
            ],
            [
              279104.92600000091,
              564718.02320000157
            ],
            [
              279092.04550000001,
              564720.40850000456
            ],
            [
              279087.99050000124,
              564720.88550000079
            ],
            [
              279084.6511000013,
              564719.692900002
            ],
            [
              279080.59609999973,
              564717.30760000087
            ],
            [
              279077.97229999956,
              564714.68380000256
            ],
            [
              279076.30260000005,
              564711.58290000446
            ],
            [
              279074.87140000146,
              564707.76650000177
            ],
            [
              279073.20170000102,
              564702.51890000142
            ],
            [
              279067.8219000008,
              564690.40450000204
            ],
            [
              279067.61539999954,
              564689.93950000405
            ],
            [
              279067.17730000149,
              564689.18960000016
            ],
            [
              279066.04590000026,
              564687.25300000422
            ]
          ]
        ]
      }
    },
    {
      "attributes" : {
        "FID" : 8,
        "PMNTN_SN" : 9455,
        "MNTN_CODE" : "427201101",
        "MNTN_NM" : "남산",
        "PMNTN_NM" : " ",
        "PMNTN_MAIN" : " ",
        "PMNTN_LT" : 0.36,
        "PMNTN_DFFL" : "쉬움",
        "PMNTN_UPPL" : 6,
        "PMNTN_GODN" : 4,
        "PMNTN_MTRQ" : " ",
        "PMNTN_CNRL" : " ",
        "PMNTN_CLS_" : " ",
        "PMNTN_RISK" : " ",
        "PMNTN_RECO" : " ",
        "DATA_STDR_" : "2016-12-31",
        "MNTN_ID" : "427201101"
      },
      "geometry" : {
        "paths" : [
          [
            [
              278963.8526000008,
              564827.68550000153
            ],
            [
              278961.64690000098,
              564834.16930000111
            ],
            [
              278962.29899999965,
              564839.80340000242
            ],
            [
              278959.29740000051,
              564849.26570000127
            ],
            [
              278965.4029000001,
              564868.64970000274
            ],
            [
              278968.58079999965,
              564884.17610000074
            ],
            [
              278971.13950000051,
              564900.80680000037
            ],
            [
              278960.74969999958,
              564926.40509999916
            ],
            [
              278956.67129999958,
              564931.29480000213
            ],
            [
              278950.72740000114,
              564944.93600000255
            ],
            [
              278951.23730000015,
              564969.18420000188
            ],
            [
              278947.49260000233,
              564999.21949999966
            ],
            [
              278938.63510000054,
              565013.09930000082
            ],
            [
              278930.81010000035,
              565034.35970000178
            ],
            [
              278917.96100000106,
              565053.29670000076
            ],
            [
              278908.8805000009,
              565066.51950000226
            ],
            [
              278903.53140000068,
              565070.52020000294
            ],
            [
              278896.71710000001,
              565081.48610000126
            ],
            [
              278899.33620000165,
              565085.83209999837
            ],
            [
              278893.54980000108,
              565092.21520000137
            ],
            [
              278891.30000000075,
              565095.4739000015
            ],
            [
              278881.88580000028,
              565113.63880000263
            ],
            [
              278860.34630000032,
              565148.20639999956
            ]
          ]
        ]
      }
    },
    {
      "attributes" : {
        "FID" : 9,
        "PMNTN_SN" : 9456,
        "MNTN_CODE" : "427201101",
        "MNTN_NM" : "남산",
        "PMNTN_NM" : "연봉리구간",
        "PMNTN_MAIN" : " ",
        "PMNTN_LT" : 2.2,
        "PMNTN_DFFL" : "쉬움",
        "PMNTN_UPPL" : 55,
        "PMNTN_GODN" : 39,
        "PMNTN_MTRQ" : " ",
        "PMNTN_CNRL" : " ",
        "PMNTN_CLS_" : " ",
        "PMNTN_RISK" : " ",
        "PMNTN_RECO" : " ",
        "DATA_STDR_" : "2016-12-31",
        "MNTN_ID" : "427201101"
      },
      "geometry" : {
        "paths" : [
          [
            [
              277701.06570000015,
              564828.48700000159
            ],
            [
              277707.81180000026,
              564843.65970000066
            ],
            [
              277711.58040000033,
              564850.80690000206
            ],
            [
              277718.75700000022,
              564840.20940000005
            ],
            [
              277725.56570000108,
              564833.23280000128
            ],
            [
              277739.87000000011,
              564824.42469999939
            ],
            [
              277743.53240000084,
              564819.54150000215
            ],
            [
              277747.12640000228,
              564809.73580000177
            ],
            [
              277756.4318000013,
              564803.33170000464
            ],
            [
              277761.9523,
              564794.9151000008
            ],
            [
              277768.84539999999,
              564787.17320000194
            ],
            [
              277776.26630000118,
              564773.2127000019
            ],
            [
              277779.18950000126,
              564756.69380000234
            ],
            [
              277778.5064000003,
              564737.52109999955
            ],
            [
              277777.6819000002,
              564724.83979999833
            ],
            [
              277778.94350000191,
              564714.71030000038
            ],
            [
              277786.75810000021,
              564694.82140000165
            ],
            [
              277797.64940000232,
              564672.50970000029
            ],
            [
              277802.44790000096,
              564652.59060000256
            ],
            [
              277813.78800000064,
              564612.51600000076
            ],
            [
              277814.82780000009,
              564581.8861999996
            ],
            [
              277815.93520000111,
              564567.70350000449
            ],
            [
              277816.62550000008,
              564555.64739999734
            ],
            [
              277818.88860000111,
              564543.97790000029
            ],
            [
              277822.50280000083,
              564535.02420000173
            ],
            [
              277829.55750000197,
              564526.45270000212
            ],
            [
              277840.21520000137,
              564518.05430000275
            ],
            [
              277854.29960000049,
              564501.84100000188
            ],
            [
              277858.60660000052,
              564490.93160000443
            ],
            [
              277866.862900001,
              564476.54850000143
            ],
            [
              277868.56909999996,
              564465.61209999956
            ],
            [
              277871.2089999998,
              564455.21749999933
            ],
            [
              277875.1568999989,
              564447.04069999978
            ],
            [
              277879.22750000004,
              564441.68689999916
            ],
            [
              277886.32860000059,
              564448.1417999994
            ],
            [
              277893.0867000008,
              564446.98739999905
            ],
            [
              277899.13590000011,
              564441.94280000031
            ],
            [
              277929.58970000129,
              564405.6314000003
            ],
            [
              277946.11390000023,
              564380.41149999946
            ],
            [
              277971.47960000113,
              564355.09720000066
            ],
            [
              278003.8907000022,
              564311.27400000207
            ],
            [
              278029.42750000115,
              564281.13120000064
            ],
            [
              278071.56360000093,
              564254.79610000178
            ],
            [
              278097.02080000099,
              564240.75080000423
            ],
            [
              278118.96669999976,
              564229.33889999986
            ],
            [
              278143.54600000102,
              564220.5605999995
            ],
            [
              278168.12540000118,
              564210.02659999952
            ],
            [
              278193.58260000125,
              564203.00390000269
            ],
            [
              278230.45170000009,
              564186.32499999925
            ],
            [
              278263.80939999968,
              564180.18020000122
            ],
            [
              278294.53360000066,
              564175.79099999927
            ],
            [
              278333.15830000117,
              564173.15750000067
            ],
            [
              278384.07270000037,
              564174.03539999947
            ],
            [
              278431.47580000106,
              564181.93590000458
            ],
            [
              278469.22269999981,
              564192.46990000084
            ],
            [
              278508.72520000022,
              564203.00390000269
            ],
            [
              278535.06030000001,
              564211.78220000118
            ],
            [
              278574.56280000228,
              564220.5605999995
            ],
            [
              278620.21020000055,
              564225.82760000229
            ],
            [
              278658.83490000106,
              564229.33889999986
            ],
            [
              278678.1473000003,
              564229.33889999986
            ],
            [
              278711.50500000082,
              564231.09460000135
            ],
            [
              278737.83999999985,
              564235.48380000144
            ],
            [
              278771.78850000072,
              564239.66680000164
            ],
            [
              278773.53490000125,
              564243.43530000187
            ],
            [
              278774.61500000115,
              564247.68590000272
            ],
            [
              278773.57040000148,
              564278.66829999909
            ],
            [
              278773.73809999973,
              564286.76970000379
            ],
            [
              278773.99110000208,
              564298.99400000088
            ],
            [
              278766.26180000044,
              564312.3227000013
            ],
            [
              278757.36940000113,
              564328.05540000275
            ],
            [
              278750.87110000104,
              564340.70990000106
            ],
            [
              278744.03080000076,
              564347.89220000058
            ],
            [
              278737.53250000067,
              564354.04850000143
            ],
            [
              278730.6922000004,
              564359.52070000209
            ],
            [
              278725.4271999998,
              564362.90530000068
            ],
            [
              278721.65330000035,
              564365.13949999958
            ],
            [
              278719.65319999959,
              564367.13960000314
            ],
            [
              278711.8814000003,
              564374.9114000015
            ],
            [
              278702.98900000006,
              564386.53989999928
            ],
            [
              278689.30840000045,
              564401.24660000205
            ],
            [
              278686.23020000011,
              564410.13900000229
            ],
            [
              278687.12090000045,
              564417.75840000249
            ],
            [
              278688.11409999989,
              564420.40680000372
            ],
            [
              278689.65039999969,
              564424.50359999947
            ],
            [
              278697.0037000021,
              564432.37000000104
            ],
            [
              278704.07799999975,
              564434.60070000216
            ],
            [
              278711.19730000012,
              564436.47420000099
            ],
            [
              278721.11580000166,
              564439.55230000429
            ],
            [
              278730.6922000004,
              564441.26240000315
            ],
            [
              278743.68880000059,
              564444.34050000459
            ],
            [
              278759.07949999999,
              564448.44470000081
            ],
            [
              278780.96840000153,
              564452.20690000057
            ],
            [
              278806.61960000079,
              564459.04720000178
            ],
            [
              278819.95820000116,
              564466.22949999943
            ],
            [
              278834.3228000002,
              564476.48990000039
            ],
            [
              278848.68740000203,
              564483.67230000161
            ],
            [
              278868.52430000156,
              564488.80249999836
            ],
            [
              278885.28309999965,
              564492.56470000371
            ],
            [
              278895.85780000035,
              564496.21220000274
            ],
            [
              278902.41540000122,
              564508.35669999942
            ],
            [
              278905.99330000114,
              564519.32900000177
            ],
            [
              278910.52529999986,
              564531.25549999997
            ],
            [
              278913.14910000097,
              564538.17280000076
            ],
            [
              278916.96560000069,
              564546.99830000103
            ],
            [
              278925.79120000079,
              564563.93390000053
            ],
            [
              278929.40690000076,
              564567.79060000181
            ],
            [
              278932.94699999969,
              564571.56680000201
            ],
            [
              278944.15780000016,
              564579.67670000158
            ],
            [
              278955.13009999972,
              564584.68580000103
            ],
            [
              278965.86390000023,
              564587.07110000215
            ],
            [
              278978.65250000078,
              564590.26820000075
            ],
            [
              278981.39659999963,
              564590.95430000126
            ],
            [
              278993.53340000007,
              564593.59809999913
            ],
            [
              278998.54229999986,
              564594.70399999991
            ],
            [
              279007.12930000015,
              564597.32780000195
            ],
            [
              279013.56960000098,
              564599.71309999935
            ],
            [
              279021.2025000006,
              564606.15340000205
            ],
            [
              279027.40430000052,
              564613.54780000448
            ],
            [
              279033.84449999966,
              564624.99709999748
            ],
            [
              279042.43149999995,
              564640.50150000118
            ],
            [
              279044.10120000038,
              564648.37289999984
            ],
            [
              279051.018600001,
              564660.06079999916
            ],
            [
              279059.66339999996,
              564673.85120000318
            ],
            [
              279061.16570000071,
              564676.24780000187
            ],
            [
              279064.15030000079,
              564683.0103999991
            ],
            [
              279066.04590000026,
              564687.25300000422
            ]
          ]
        ]
      }
    },
    {
      "attributes" : {
        "FID" : 10,
        "PMNTN_SN" : 9457,
        "MNTN_CODE" : "427201101",
        "MNTN_NM" : "남산",
        "PMNTN_NM" : "연봉리구간",
        "PMNTN_MAIN" : " ",
        "PMNTN_LT" : 0.75,
        "PMNTN_DFFL" : "쉬움",
        "PMNTN_UPPL" : 19,
        "PMNTN_GODN" : 13,
        "PMNTN_MTRQ" : " ",
        "PMNTN_CNRL" : " ",
        "PMNTN_CLS_" : " ",
        "PMNTN_RISK" : " ",
        "PMNTN_RECO" : " ",
        "DATA_STDR_" : "2016-12-31",
        "MNTN_ID" : "427201101"
      },
      "geometry" : {
        "paths" : [
          [
            [
              278860.34630000032,
              565148.20639999956
            ],
            [
              278835.71150000114,
              565147.6425999999
            ],
            [
              278788.4123000009,
              565156.42670000158
            ],
            [
              278735.03179999907,
              565175.34640000015
            ],
            [
              278718.13920000009,
              565182.77910000272
            ],
            [
              278703.27380000055,
              565192.23890000023
            ],
            [
              278693.13820000086,
              565204.40159999952
            ],
            [
              278684.35410000011,
              565221.29419999942
            ],
            [
              278672.19139999989,
              565254.40360000357
            ],
            [
              278661.38020000048,
              565290.21580000222
            ],
            [
              278649.89320000075,
              565310.48690000176
            ],
            [
              278625.56790000014,
              565329.40660000034
            ],
            [
              278607.99970000144,
              565349.67769999988
            ],
            [
              278593.13420000114,
              565371.97589999996
            ],
            [
              278576.24160000123,
              565391.57130000368
            ],
            [
              278559.34910000116,
              565403.73389999941
            ],
            [
              278537.72660000063,
              565419.27510000207
            ],
            [
              278518.13119999878,
              565431.43769999966
            ],
            [
              278503.94139999989,
              565441.57330000028
            ],
            [
              278487.72460000031,
              565452.38450000063
            ],
            [
              278475.56190000009,
              565465.22290000133
            ],
            [
              278437.50439999998,
              565482.3973000031
            ],
            [
              278419.0828999998,
              565489.42970000207
            ],
            [
              278414.56220000051,
              565492.0867999997
            ],
            [
              278404.75750000123,
              565495.69060000032
            ],
            [
              278396.70469999965,
              565498.57740000263
            ],
            [
              278388.62519999966,
              565499.14630000293
            ],
            [
              278372.54610000085,
              565503.02109999955
            ],
            [
              278364.23830000218,
              565504.80610000156
            ],
            [
              278359.51620000042,
              565506.20870000124
            ],
            [
              278357.39230000041,
              565512.05269999988
            ],
            [
              278352.72769999877,
              565519.2974999994
            ],
            [
              278347.80790000036,
              565524.75140000135
            ],
            [
              278342.62579999957,
              565527.19120000117
            ],
            [
              278336.22719999962,
              565527.17050000094
            ],
            [
              278329.47530000098,
              565525.69879999943
            ],
            [
              278324.99879999924,
              565530.11140000261
            ],
            [
              278318.99120000005,
              565539.20700000226
            ],
            [
              278312.51360000111,
              565548.18040000461
            ],
            [
              278301.74600000214,
              565553.83550000191
            ],
            [
              278290.63870000001,
              565559.66900000162
            ]
          ]
        ]
      }
    },
    {
      "attributes" : {
        "FID" : 11,
        "PMNTN_SN" : 9458,
        "MNTN_CODE" : "427201101",
        "MNTN_NM" : "남산",
        "PMNTN_NM" : " ",
        "PMNTN_MAIN" : " ",
        "PMNTN_LT" : 0.72,
        "PMNTN_DFFL" : "쉬움",
        "PMNTN_UPPL" : 13,
        "PMNTN_GODN" : 9,
        "PMNTN_MTRQ" : " ",
        "PMNTN_CNRL" : " ",
        "PMNTN_CLS_" : " ",
        "PMNTN_RISK" : " ",
        "PMNTN_RECO" : " ",
        "DATA_STDR_" : "2016-12-31",
        "MNTN_ID" : "427201101"
      },
      "geometry" : {
        "paths" : [
          [
            [
              278860.34630000032,
              565148.20639999956
            ],
            [
              278861.4868999999,
              565167.11790000275
            ],
            [
              278861.48310000077,
              565180.07220000215
            ],
            [
              278862.65940000024,
              565187.3655999992
            ],
            [
              278861.95360000059,
              565197.4822000023
            ],
            [
              278861.24780000187,
              565205.71670000255
            ],
            [
              278856.30709999986,
              565215.59810000099
            ],
            [
              278848.77850000001,
              565224.30310000107
            ],
            [
              278845.48469999991,
              565233.2434000019
            ],
            [
              278838.89709999971,
              565247.35960000008
            ],
            [
              278837.95600000117,
              565253.94720000215
            ],
            [
              278836.77969999891,
              565277.23890000209
            ],
            [
              278835.11830000021,
              565292.47049999982
            ],
            [
              278838.83609999903,
              565308.08550000191
            ],
            [
              278841.06680000108,
              565328.16190000065
            ],
            [
              278841.06680000108,
              565339.31550000049
            ],
            [
              278838.09250000119,
              565354.93050000072
            ],
            [
              278835.86179999914,
              565370.54540000111
            ],
            [
              278835.86179999914,
              565385.4168999996
            ],
            [
              278833.63110000081,
              565401.03189999983
            ],
            [
              278832.88760000095,
              565409.95470000058
            ],
            [
              278830.65680000093,
              565425.56969999894
            ],
            [
              278830.65680000093,
              565445.64610000141
            ],
            [
              278830.65680000093,
              565473.90180000104
            ],
            [
              278829.91330000106,
              565517.02889999934
            ],
            [
              278844.7846999988,
              565545.28460000269
            ],
            [
              278853.70750000048,
              565570.56600000151
            ],
            [
              278857.425400001,
              565601.05240000226
            ],
            [
              278858.9124999987,
              565621.87240000255
            ],
            [
              278860.39970000088,
              565633.02590000071
            ],
            [
              278861.88680000138,
              565653.10240000114
            ],
            [
              278861.88680000138,
              565667.97380000167
            ],
            [
              278859.65610000025,
              565691.02449999936
            ],
            [
              278859.65610000025,
              565699.20380000025
            ],
            [
              278860.39970000088,
              565719.28020000085
            ],
            [
              278868.57899999991,
              565734.89520000108
            ],
            [
              278881.21970000118,
              565755.71510000341
            ],
            [
              278912.44960000087,
              565784.71439999901
            ],
            [
              278936.24390000105,
              565795.12440000288
            ],
            [
              278958.06880000047,
              565814.71700000018
            ]
          ]
        ]
      }
    },
    {
      "attributes" : {
        "FID" : 12,
        "PMNTN_SN" : 9459,
        "MNTN_CODE" : "427201101",
        "MNTN_NM" : "남산",
        "PMNTN_NM" : " ",
        "PMNTN_MAIN" : " ",
        "PMNTN_LT" : 1.05,
        "PMNTN_DFFL" : "쉬움",
        "PMNTN_UPPL" : 23,
        "PMNTN_GODN" : 16,
        "PMNTN_MTRQ" : " ",
        "PMNTN_CNRL" : " ",
        "PMNTN_CLS_" : " ",
        "PMNTN_RISK" : " ",
        "PMNTN_RECO" : " ",
        "DATA_STDR_" : "2016-12-31",
        "MNTN_ID" : "427201101"
      },
      "geometry" : {
        "paths" : [
          [
            [
              278958.06880000047,
              565814.71700000018
            ],
            [
              278961.14049999882,
              565806.74929999746
            ],
            [
              278962.95030000061,
              565798.566300001
            ],
            [
              278963.88660000078,
              565789.3498999998
            ],
            [
              278962.34810000006,
              565781.81390000135
            ],
            [
              278960.74260000046,
              565775.11450000107
            ],
            [
              278958.05090000015,
              565752.78280000016
            ],
            [
              278959.78019999992,
              565743.35080000199
            ],
            [
              278964.52170000132,
              565727.15430000424
            ],
            [
              278966.07909999881,
              565716.45340000279
            ],
            [
              278965.90180000104,
              565701.9028000012
            ],
            [
              278965.71800000034,
              565687.43490000069
            ],
            [
              278961.93369999994,
              565680.9682
            ],
            [
              278961.4625000013,
              565669.94830000028
            ],
            [
              278961.03350000083,
              565659.91720000096
            ],
            [
              278960.70089999866,
              565652.13849999942
            ],
            [
              278965.82309999969,
              565646.77889999934
            ],
            [
              278970.47630000021,
              565637.02999999933
            ],
            [
              278991.86090000067,
              565619.53409999982
            ],
            [
              279010.11570000183,
              565605.34439999983
            ],
            [
              279014.40249999985,
              565598.92480000108
            ],
            [
              279019.56170000043,
              565575.04160000198
            ],
            [
              279020.9896000009,
              565554.84129999951
            ],
            [
              279027.75210000109,
              565506.24160000123
            ],
            [
              279043.00209999923,
              565480.68239999935
            ],
            [
              279075.24000000115,
              565437.89390000142
            ],
            [
              279106.89169999957,
              565396.86390000023
            ],
            [
              279131.50980000105,
              565379.27960000187
            ],
            [
              279144.99110000022,
              565371.07360000163
            ],
            [
              279153.78320000041,
              565356.42000000179
            ],
            [
              279156.71389999986,
              565347.04170000181
            ],
            [
              279156.71389999986,
              565338.83570000157
            ],
            [
              279174.88439999986,
              565331.80199999921
            ],
            [
              279195.98550000042,
              565327.1128000021
            ],
            [
              279214.74210000131,
              565322.42370000109
            ],
            [
              279230.56799999904,
              565315.97610000148
            ],
            [
              279251.08300000057,
              565299.56410000101
            ],
            [
              279268.081100001,
              565287.25510000251
            ],
            [
              279293.28530000057,
              565270.84310000204
            ],
            [
              279316.14490000065,
              565255.60339999944
            ],
            [
              279332.55690000113,
              565250.32809999958
            ],
            [
              279359.51950000133,
              565243.29429999925
            ],
            [
              279390.58509999979,
              565238.01910000108
            ],
            [
              279399.96340000164,
              565238.01910000108
            ],
            [
              279412.85850000195,
              565241.53590000235
            ],
            [
              279431.02899999917,
              565245.05280000158
            ],
            [
              279440.99340000097,
              565246.22510000132
            ],
            [
              279460.92229999974,
              565245.05280000158
            ],
            [
              279479.09270000085,
              565238.60520000197
            ],
            [
              279498.43540000077,
              565227.46849999949
            ],
            [
              279513.81170000136,
              565204.65689999983
            ],
            [
              279510.66140000056,
              565185.4561999999
            ],
            [
              279501.18670000043,
              565170.73480000161
            ],
            [
              279498.06980000064,
              565155.3973999992
            ],
            [
              279487.60599999968,
              565115.68899999931
            ],
            [
              279486.66840000078,
              565112.13089999929
            ]
          ]
        ]
      }
    },
    {
      "attributes" : {
        "FID" : 13,
        "PMNTN_SN" : 9460,
        "MNTN_CODE" : "427201101",
        "MNTN_NM" : "남산",
        "PMNTN_NM" : "갈마곡리구간",
        "PMNTN_MAIN" : " ",
        "PMNTN_LT" : 0.04,
        "PMNTN_DFFL" : "쉬움",
        "PMNTN_UPPL" : 1,
        "PMNTN_GODN" : 0,
        "PMNTN_MTRQ" : " ",
        "PMNTN_CNRL" : " ",
        "PMNTN_CLS_" : " ",
        "PMNTN_RISK" : " ",
        "PMNTN_RECO" : " ",
        "DATA_STDR_" : "2016-12-31",
        "MNTN_ID" : "427201101"
      },
      "geometry" : {
        "paths" : [
          [
            [
              278943.51900000032,
              565855.40090000071
            ],
            [
              278946.23419999983,
              565845.41420000046
            ],
            [
              278958.06880000047,
              565814.71700000018
            ]
          ]
        ]
      }
    }
  ]
}