{
  "displayFieldName" : "",
  "fieldAliases" : {
    "FID" : "FID",
    "PMNTN_SN" : "PMNTN_SN",
    "MNTN_CODE" : "MNTN_CODE",
    "MNTN_NM" : "MNTN_NM",
    "PMNTN_NM" : "PMNTN_NM",
    "PMNTN_MAIN" : "PMNTN_MAIN",
    "PMNTN_LT" : "PMNTN_LT",
    "PMNTN_DFFL" : "PMNTN_DFFL",
    "PMNTN_UPPL" : "PMNTN_UPPL",
    "PMNTN_GODN" : "PMNTN_GODN",
    "PMNTN_MTRQ" : "PMNTN_MTRQ",
    "PMNTN_CNRL" : "PMNTN_CNRL",
    "PMNTN_CLS_" : "PMNTN_CLS_",
    "PMNTN_RISK" : "PMNTN_RISK",
    "PMNTN_RECO" : "PMNTN_RECO",
    "DATA_STDR_" : "DATA_STDR_",
    "MNTN_ID" : "MNTN_ID"
  },
  "geometryType" : "esriGeometryPolyline",
  "spatialReference" : {
    "wkt" : "PROJCS[\"PCS_ITRF2000_TM\",GEOGCS[\"GCS_ITRF_2000\",DATUM[\"D_ITRF_2000\",SPHEROID[\"GRS_1980\",6378137.0,298.257222101]],PRIMEM[\"Greenwich\",0.0],UNIT[\"Degree\",0.0174532925199433]],PROJECTION[\"Transverse_Mercator\"],PARAMETER[\"False_Easting\",200000.0],PARAMETER[\"False_Northing\",600000.0],PARAMETER[\"Central_Meridian\",127.0],PARAMETER[\"Scale_Factor\",1.0],PARAMETER[\"Latitude_Of_Origin\",38.0],UNIT[\"Meter\",1.0]]"
  },
  "fields" : [
    {
      "name" : "FID",
      "type" : "esriFieldTypeOID",
      "alias" : "FID"
    },
    {
      "name" : "PMNTN_SN",
      "type" : "esriFieldTypeDouble",
      "alias" : "PMNTN_SN"
    },
    {
      "name" : "MNTN_CODE",
      "type" : "esriFieldTypeString",
      "alias" : "MNTN_CODE",
      "length" : 9
    },
    {
      "name" : "MNTN_NM",
      "type" : "esriFieldTypeString",
      "alias" : "MNTN_NM",
      "length" : 50
    },
    {
      "name" : "PMNTN_NM",
      "type" : "esriFieldTypeString",
      "alias" : "PMNTN_NM",
      "length" : 50
    },
    {
      "name" : "PMNTN_MAIN",
      "type" : "esriFieldTypeString",
      "alias" : "PMNTN_MAIN",
      "length" : 200
    },
    {
      "name" : "PMNTN_LT",
      "type" : "esriFieldTypeSingle",
      "alias" : "PMNTN_LT"
    },
    {
      "name" : "PMNTN_DFFL",
      "type" : "esriFieldTypeString",
      "alias" : "PMNTN_DFFL",
      "length" : 8
    },
    {
      "name" : "PMNTN_UPPL",
      "type" : "esriFieldTypeDouble",
      "alias" : "PMNTN_UPPL"
    },
    {
      "name" : "PMNTN_GODN",
      "type" : "esriFieldTypeDouble",
      "alias" : "PMNTN_GODN"
    },
    {
      "name" : "PMNTN_MTRQ",
      "type" : "esriFieldTypeString",
      "alias" : "PMNTN_MTRQ",
      "length" : 200
    },
    {
      "name" : "PMNTN_CNRL",
      "type" : "esriFieldTypeString",
      "alias" : "PMNTN_CNRL",
      "length" : 1
    },
    {
      "name" : "PMNTN_CLS_",
      "type" : "esriFieldTypeString",
      "alias" : "PMNTN_CLS_",
      "length" : 1
    },
    {
      "name" : "PMNTN_RISK",
      "type" : "esriFieldTypeString",
      "alias" : "PMNTN_RISK",
      "length" : 200
    },
    {
      "name" : "PMNTN_RECO",
      "type" : "esriFieldTypeString",
      "alias" : "PMNTN_RECO",
      "length" : 1
    },
    {
      "name" : "DATA_STDR_",
      "type" : "esriFieldTypeString",
      "alias" : "DATA_STDR_",
      "length" : 10
    },
    {
      "name" : "MNTN_ID",
      "type" : "esriFieldTypeString",
      "alias" : "MNTN_ID",
      "length" : 10
    }
  ],
  "features" : [
    {
      "attributes" : {
        "FID" : 0,
        "PMNTN_SN" : 19526,
        "MNTN_CODE" : "265000404",
        "MNTN_NM" : "민안초등학교뒷산",
        "PMNTN_NM" : "민락동구간",
        "PMNTN_MAIN" : " ",
        "PMNTN_LT" : 0.34,
        "PMNTN_DFFL" : "쉬움",
        "PMNTN_UPPL" : 6,
        "PMNTN_GODN" : 4,
        "PMNTN_MTRQ" : " ",
        "PMNTN_CNRL" : " ",
        "PMNTN_CLS_" : " ",
        "PMNTN_RISK" : " ",
        "PMNTN_RECO" : " ",
        "DATA_STDR_" : "2016-12-31",
        "MNTN_ID" : "265000404"
      },
      "geometry" : {
        "paths" : [
          [
            [
              393565.40610006172,
              287190.44120000675
            ],
            [
              393567.61610005796,
              287192.16360000521
            ],
            [
              393569.27530006133,
              287195.77820000425
            ],
            [
              393573.89220006298,
              287197.57380000688
            ],
            [
              393576.70980006084,
              287199.31839999929
            ],
            [
              393581.01730006188,
              287199.79199999757
            ],
            [
              393584.34900006093,
              287202.07280000672
            ],
            [
              393585.75000006054,
              287208.41050000675
            ],
            [
              393586.21050006058,
              287213.88660000823
            ],
            [
              393590.10580006056,
              287220.08189999871
            ],
            [
              393594.03150006011,
              287227.98880000785
            ],
            [
              393596.89530006051,
              287234.94420000724
            ],
            [
              393600.80900005996,
              287238.34960000589
            ],
            [
              393603.11720006168,
              287240.92960000411
            ],
            [
              393605.19430006202,
              287249.21880000643
            ],
            [
              393606.24550006166,
              287256.17390000448
            ],
            [
              393609.26800006069,
              287260.27710000426
            ],
            [
              393610.39970006049,
              287263.10230000503
            ],
            [
              393613.81640006043,
              287267.35460000485
            ],
            [
              393614.01050006133,
              287273.886900004
            ],
            [
              393611.72350006085,
              287277.87940000556
            ],
            [
              393612.29400006123,
              287282.17170000449
            ],
            [
              393611.48780006357,
              287288.18250000477
            ],
            [
              393612.53260006104,
              287292.10060000047
            ],
            [
              393610.64440005738,
              287298.37030000426
            ],
            [
              393609.49740006216,
              287302.74110000767
            ],
            [
              393613.88300006185,
              287302.76950000413
            ],
            [
              393618.88740005996,
              287297.78800000623
            ],
            [
              393627.21910006087,
              287283.48740000464
            ],
            [
              393631.39160005935,
              287279.49890000373
            ],
            [
              393640.46870006248,
              287272.03310000338
            ],
            [
              393652.96430006064,
              287267.65080000646
            ],
            [
              393664.4571000617,
              287265.4438000042
            ],
            [
              393668.47170006111,
              287264.77930000611
            ],
            [
              393674.18680006079,
              287264.60750000365
            ],
            [
              393679.19200006034,
              287266.44880000502
            ],
            [
              393695.29930005968,
              287272.15170000494
            ],
            [
              393704.24470006023,
              287277.13000000641
            ],
            [
              393712.96460006293,
              287279.6194000002
            ],
            [
              393720.0216000611,
              287279.71650000289
            ],
            [
              393727.17640006263,
              287276.17920000292
            ],
            [
              393732.29640006088,
              287269.45620000549
            ],
            [
              393735.0999000594,
              287264.77010000497
            ],
            [
              393738.89220006019,
              287263.97840000317
            ],
            [
              393741.64240006171,
              287262.61430000141
            ],
            [
              393743.84030006081,
              287254.8608000055
            ],
            [
              393744.50910006091,
              287249.18250000663
            ],
            [
              393742.78620006051,
              287242.0350000076
            ],
            [
              393741.62020005658,
              287237.19830000773
            ],
            [
              393741.04840006121,
              287229.81210000627
            ],
            [
              393739.22740006074,
              287222.5302000083
            ],
            [
              393742.1531000603,
              287222.26600000449
            ]
          ]
        ]
      }
    },
    {
      "attributes" : {
        "FID" : 1,
        "PMNTN_SN" : 19527,
        "MNTN_CODE" : "265000404",
        "MNTN_NM" : "민안초등학교뒷산",
        "PMNTN_NM" : "민락동구간",
        "PMNTN_MAIN" : " ",
        "PMNTN_LT" : 0.01,
        "PMNTN_DFFL" : "쉬움",
        "PMNTN_UPPL" : 1,
        "PMNTN_GODN" : 0,
        "PMNTN_MTRQ" : " ",
        "PMNTN_CNRL" : " ",
        "PMNTN_CLS_" : " ",
        "PMNTN_RISK" : " ",
        "PMNTN_RECO" : " ",
        "DATA_STDR_" : "2016-12-31",
        "MNTN_ID" : "265000404"
      },
      "geometry" : {
        "paths" : [
          [
            [
              393282.90440006182,
              287438.96820000187
            ],
            [
              393284.06180006359,
              287441.52310000546
            ],
            [
              393288.25980005972,
              287448.06820000336
            ],
            [
              393288.25980005972,
              287448.06820000336
            ]
          ]
        ]
      }
    },
    {
      "attributes" : {
        "FID" : 2,
        "PMNTN_SN" : 19528,
        "MNTN_CODE" : "265000404",
        "MNTN_NM" : "민안초등학교뒷산",
        "PMNTN_NM" : "민락동구간",
        "PMNTN_MAIN" : " ",
        "PMNTN_LT" : 0.13,
        "PMNTN_DFFL" : "쉬움",
        "PMNTN_UPPL" : 2,
        "PMNTN_GODN" : 2,
        "PMNTN_MTRQ" : " ",
        "PMNTN_CNRL" : " ",
        "PMNTN_CLS_" : " ",
        "PMNTN_RISK" : " ",
        "PMNTN_RECO" : " ",
        "DATA_STDR_" : "2016-12-31",
        "MNTN_ID" : "265000404"
      },
      "geometry" : {
        "paths" : [
          [
            [
              393278.40320006199,
              287349.35220000707
            ],
            [
              393276.25420006085,
              287342.59620000608
            ],
            [
              393272.56310005765,
              287332.06750000827
            ],
            [
              393269.00060005952,
              287318.76530000567
            ],
            [
              393267.49120005965,
              287307.36800000817
            ],
            [
              393268.19260006119,
              287299.67450000532
            ],
            [
              393269.96950006206,
              287293.47260000557
            ],
            [
              393270.82030006126,
              287288.945600003
            ],
            [
              393270.25960006285,
              287285.54460000619
            ],
            [
              393269.24700006098,
              287283.06640000641
            ],
            [
              393263.55670005921,
              287279.94540000334
            ],
            [
              393256.69960006047,
              287276.35570000298
            ],
            [
              393247.84780006204,
              287273.43660000712
            ],
            [
              393234.90920005925,
              287270.91310000233
            ],
            [
              393224.76680006366,
              287267.46280000173
            ],
            [
              393227.7392000556,
              287258.49660000764
            ]
          ]
        ]
      }
    },
    {
      "attributes" : {
        "FID" : 3,
        "PMNTN_SN" : 19529,
        "MNTN_CODE" : "265000404",
        "MNTN_NM" : "민안초등학교뒷산",
        "PMNTN_NM" : "민락동구간",
        "PMNTN_MAIN" : " ",
        "PMNTN_LT" : 0.11,
        "PMNTN_DFFL" : "쉬움",
        "PMNTN_UPPL" : 2,
        "PMNTN_GODN" : 1,
        "PMNTN_MTRQ" : " ",
        "PMNTN_CNRL" : " ",
        "PMNTN_CLS_" : "Y",
        "PMNTN_RISK" : " ",
        "PMNTN_RECO" : " ",
        "DATA_STDR_" : "2016-12-31",
        "MNTN_ID" : "265000404"
      },
      "geometry" : {
        "paths" : [
          [
            [
              393226.64180005901,
              287556.62880000472
            ],
            [
              393226.32760006096,
              287556.50650000758
            ],
            [
              393226.15190006141,
              287556.50269999914
            ],
            [
              393224.26970005874,
              287553.76630000398
            ],
            [
              393221.62480005901,
              287550.54890000448
            ],
            [
              393219.30920006055,
              287547.82440000772
            ],
            [
              393215.58460006025,
              287546.24420000799
            ],
            [
              393212.27720005997,
              287544.25
            ],
            [
              393207.76120006014,
              287544.61710000783
            ],
            [
              393201.87140005827,
              287546.81310000829
            ],
            [
              393198.15340006072,
              287544.26150000468
            ],
            [
              393194.74420006014,
              287542.7385000065
            ],
            [
              393191.10740005784,
              287543.36540000327
            ],
            [
              393187.70040006191,
              287540.71820000559
            ],
            [
              393183.17110005952,
              287535.86290000752
            ],
            [
              393178.33390006144,
              287531.67000000551
            ],
            [
              393174.50230006035,
              287525.37220000662
            ],
            [
              393173.0198000595,
              287522.86530000344
            ],
            [
              393168.11150006019,
              287519.03830000386
            ],
            [
              393166.77390006091,
              287511.26060000435
            ],
            [
              393166.38100005966,
              287506.61030000448
            ],
            [
              393166.98400005884,
              287503.66440000571
            ],
            [
              393166.22420006152,
              287500.80080000497
            ],
            [
              393156.12160006072,
              287496.82980000786
            ]
          ]
        ]
      }
    },
    {
      "attributes" : {
        "FID" : 4,
        "PMNTN_SN" : 19530,
        "MNTN_CODE" : "265000404",
        "MNTN_NM" : "민안초등학교뒷산",
        "PMNTN_NM" : "민락동구간",
        "PMNTN_MAIN" : " ",
        "PMNTN_LT" : 0.13,
        "PMNTN_DFFL" : "중간",
        "PMNTN_UPPL" : 2,
        "PMNTN_GODN" : 2,
        "PMNTN_MTRQ" : " ",
        "PMNTN_CNRL" : " ",
        "PMNTN_CLS_" : " ",
        "PMNTN_RISK" : " ",
        "PMNTN_RECO" : " ",
        "DATA_STDR_" : "2016-12-31",
        "MNTN_ID" : "265000404"
      },
      "geometry" : {
        "paths" : [
          [
            [
              393563.87750006188,
              287434.858900005
            ],
            [
              393566.99710005801,
              287434.074400004
            ],
            [
              393568.96690006088,
              287426.6948000025
            ],
            [
              393569.69290005695,
              287420.42850000225
            ],
            [
              393573.23680006247,
              287414.63760000095
            ],
            [
              393578.80200005975,
              287405.77060000598
            ],
            [
              393584.89120006096,
              287397.60010000505
            ],
            [
              393588.17890006024,
              287394.65530000627
            ],
            [
              393597.94760006107,
              287388.44320000522
            ],
            [
              393603.44550006092,
              287385.06179999746
            ],
            [
              393607.32840006147,
              287380.72460000589
            ],
            [
              393608.87000006065,
              287375.09970000573
            ],
            [
              393609.27420005668,
              287370.84640000388
            ],
            [
              393609.76700006053,
              287364.59430000745
            ],
            [
              393609.85950006172,
              287361.69280000776
            ],
            [
              393609.62510006037,
              287360.85969999991
            ],
            [
              393609.54890006129,
              287357.99190000072
            ],
            [
              393609.21810006257,
              287355.94690000825
            ],
            [
              393610.32780006155,
              287350.50820000656
            ],
            [
              393610.56600006018,
              287344.00880000554
            ],
            [
              393611.47570005991,
              287338.7858000081
            ],
            [
              393612.37910006102,
              287332.5763000045
            ],
            [
              393611.86600006372,
              287329.10170000792
            ],
            [
              393611.13260006253,
              287325.12530000508
            ],
            [
              393609.2117000632,
              287320.41610000655
            ]
          ]
        ]
      }
    },
    {
      "attributes" : {
        "FID" : 5,
        "PMNTN_SN" : 19531,
        "MNTN_CODE" : "265000404",
        "MNTN_NM" : "민안초등학교뒷산",
        "PMNTN_NM" : "민락동구간",
        "PMNTN_MAIN" : " ",
        "PMNTN_LT" : 0.07,
        "PMNTN_DFFL" : "쉬움",
        "PMNTN_UPPL" : 1,
        "PMNTN_GODN" : 1,
        "PMNTN_MTRQ" : " ",
        "PMNTN_CNRL" : " ",
        "PMNTN_CLS_" : " ",
        "PMNTN_RISK" : " ",
        "PMNTN_RECO" : " ",
        "DATA_STDR_" : "2016-12-31",
        "MNTN_ID" : "265000404"
      },
      "geometry" : {
        "paths" : [
          [
            [
              393282.90440006182,
              287438.96820000187
            ],
            [
              393283.69430005923,
              287435.00190000609
            ],
            [
              393285.24150006007,
              287432.40950000472
            ],
            [
              393285.48620006163,
              287428.85570000298
            ],
            [
              393286.83230005857,
              287426.70800000429
            ],
            [
              393289.48110006098,
              287425.34900000505
            ],
            [
              393291.61750006024,
              287422.85660000518
            ],
            [
              393292.28530006297,
              287417.25390000641
            ],
            [
              393291.93480006326,
              287410.48690000363
            ],
            [
              393295.17240006104,
              287397.97150000557
            ],
            [
              393298.88790006191,
              287390.96030000411
            ],
            [
              393305.76650006324,
              287382.84900000319
            ],
            [
              393308.48880006652,
              287381.25150000304
            ],
            [
              393313.589600062,
              287379.77360000648
            ],
            [
              393316.70080006123,
              287380.26700000651
            ],
            [
              393316.73640006036,
              287380.26159999892
            ]
          ]
        ]
      }
    },
    {
      "attributes" : {
        "FID" : 6,
        "PMNTN_SN" : 19532,
        "MNTN_CODE" : "265000404",
        "MNTN_NM" : "민안초등학교뒷산",
        "PMNTN_NM" : "민락동구간",
        "PMNTN_MAIN" : " ",
        "PMNTN_LT" : 0.14,
        "PMNTN_DFFL" : "쉬움",
        "PMNTN_UPPL" : 2,
        "PMNTN_GODN" : 2,
        "PMNTN_MTRQ" : " ",
        "PMNTN_CNRL" : " ",
        "PMNTN_CLS_" : "Y",
        "PMNTN_RISK" : " ",
        "PMNTN_RECO" : " ",
        "DATA_STDR_" : "2016-12-31",
        "MNTN_ID" : "265000404"
      },
      "geometry" : {
        "paths" : [
          [
            [
              393226.64180005901,
              287556.62880000472
            ],
            [
              393227.4432000611,
              287552.9290000014
            ],
            [
              393232.73320005834,
              287544.94590000808
            ],
            [
              393235.77360006049,
              287537.98609999754
            ],
            [
              393240.10940006096,
              287534.46370000578
            ],
            [
              393242.33420006186,
              287530.87980000675
            ],
            [
              393240.57330005988,
              287525.24570000544
            ],
            [
              393244.81260006223,
              287514.57899999805
            ],
            [
              393251.99400006048,
              287500.32710000314
            ],
            [
              393254.90150006115,
              287489.3991000019
            ],
            [
              393258.12490006071,
              287482.77380000427
            ],
            [
              393258.7473000586,
              287477.72100000083
            ],
            [
              393255.21750006173,
              287471.45150000416
            ],
            [
              393254.46680005733,
              287468.8666999992
            ],
            [
              393255.2099000616,
              287464.63560000807
            ],
            [
              393257.72990006022,
              287461.72049999796
            ],
            [
              393261.25410006009,
              287455.96940000355
            ],
            [
              393264.36870006099,
              287453.25350000523
            ],
            [
              393270.62030005921,
              287447.12970000505
            ],
            [
              393273.78750006203,
              287444.58830000646
            ],
            [
              393278.81430005934,
              287440.96170000546
            ],
            [
              393282.90440006182,
              287438.96820000187
            ]
          ]
        ]
      }
    },
    {
      "attributes" : {
        "FID" : 7,
        "PMNTN_SN" : 19533,
        "MNTN_CODE" : "265000404",
        "MNTN_NM" : "민안초등학교뒷산",
        "PMNTN_NM" : "민락동구간",
        "PMNTN_MAIN" : " ",
        "PMNTN_LT" : 0.28,
        "PMNTN_DFFL" : "쉬움",
        "PMNTN_UPPL" : 5,
        "PMNTN_GODN" : 3,
        "PMNTN_MTRQ" : " ",
        "PMNTN_CNRL" : " ",
        "PMNTN_CLS_" : "Y",
        "PMNTN_RISK" : " ",
        "PMNTN_RECO" : " ",
        "DATA_STDR_" : "2016-12-31",
        "MNTN_ID" : "265000404"
      },
      "geometry" : {
        "paths" : [
          [
            [
              393258.30750006065,
              287738.45900000446
            ],
            [
              393252.17460005917,
              287740.54680000804
            ],
            [
              393246.8295000596,
              287746.31430000439
            ],
            [
              393240.63560006022,
              287751.69890000485
            ],
            [
              393231.07350006141,
              287755.40090000629
            ],
            [
              393225.04350005928,
              287758.66260000691
            ],
            [
              393219.21900005918,
              287766.20790000819
            ],
            [
              393217.80580006167,
              287764.48110000603
            ],
            [
              393214.13150005974,
              287761.80360000394
            ],
            [
              393212.06930006016,
              287759.88590000197
            ],
            [
              393211.96580006182,
              287757.06010000408
            ],
            [
              393211.88950006105,
              287754.97670000605
            ],
            [
              393208.73330005724,
              287752.01190000772
            ],
            [
              393208.32180005964,
              287750.63600000739
            ],
            [
              393208.24670005962,
              287748.0154000055
            ],
            [
              393209.47030005977,
              287744.76290000603
            ],
            [
              393207.37470006011,
              287741.48790000565
            ],
            [
              393204.4515000619,
              287737.19380000606
            ],
            [
              393203.56720005814,
              287733.34810000658
            ],
            [
              393200.12300005928,
              287730.02699999884
            ],
            [
              393198.2731000632,
              287727.54960000701
            ],
            [
              393198.07830006164,
              287728.08510000817
            ],
            [
              393197.80180005915,
              287725.64120000415
            ],
            [
              393198.03260006104,
              287724.13860000484
            ],
            [
              393195.91740006302,
              287720.98270000517
            ],
            [
              393193.92430006247,
              287718.19829999842
            ],
            [
              393194.37860006373,
              287714.65260000713
            ],
            [
              393194.63900006004,
              287713.78350000456
            ],
            [
              393196.49120005779,
              287709.34700000659
            ],
            [
              393194.19230006076,
              287704.48200000823
            ],
            [
              393192.55360006168,
              287699.51440000348
            ],
            [
              393193.41500005778,
              287697.02520000562
            ],
            [
              393195.13490006141,
              287694.67540000379
            ],
            [
              393196.84010006115,
              287694.41900000535
            ],
            [
              393201.75430006068,
              287691.1552000083
            ],
            [
              393201.82990006171,
              287690.47750000469
            ],
            [
              393202.01790006272,
              287689.90450000577
            ],
            [
              393201.95760005806,
              287689.50310000591
            ],
            [
              393201.82180005871,
              287688.70920000784
            ],
            [
              393201.68380006123,
              287688.00840000622
            ],
            [
              393201.48930006102,
              287687.10170000605
            ],
            [
              393201.63430006057,
              287686.38810000755
            ],
            [
              393204.7949000597,
              287680.08120000549
            ],
            [
              393208.75940005761,
              287673.33550000563
            ],
            [
              393210.17670006119,
              287660.62640000694
            ],
            [
              393212.7128000576,
              287648.80330000632
            ],
            [
              393214.33000006154,
              287638.77530000359
            ],
            [
              393216.23380005732,
              287631.84080000594
            ],
            [
              393218.39900006354,
              287628.02790000662
            ],
            [
              393220.41540006176,
              287622.51590000466
            ],
            [
              393218.60140006058,
              287615.47270000167
            ],
            [
              393216.85400006082,
              287600.13359999843
            ],
            [
              393217.85480006039,
              287595.66130000725
            ],
            [
              393219.30870005954,
              287588.52979999781
            ],
            [
              393217.82810006104,
              287584.6332000047
            ],
            [
              393220.21220006142,
              287577.42600000836
            ],
            [
              393220.67200005893,
              287571.80630000308
            ],
            [
              393222.33560006041,
              287566.23000000603
            ],
            [
              393225.93440006115,
              287559.89460000396
            ],
            [
              393226.64180005901,
              287556.62880000472
            ]
          ]
        ]
      }
    },
    {
      "attributes" : {
        "FID" : 8,
        "PMNTN_SN" : 19534,
        "MNTN_CODE" : "265000404",
        "MNTN_NM" : "민안초등학교뒷산",
        "PMNTN_NM" : "민락동구간",
        "PMNTN_MAIN" : " ",
        "PMNTN_LT" : 0.09,
        "PMNTN_DFFL" : "쉬움",
        "PMNTN_UPPL" : 2,
        "PMNTN_GODN" : 1,
        "PMNTN_MTRQ" : " ",
        "PMNTN_CNRL" : " ",
        "PMNTN_CLS_" : " ",
        "PMNTN_RISK" : " ",
        "PMNTN_RECO" : " ",
        "DATA_STDR_" : "2016-12-31",
        "MNTN_ID" : "265000404"
      },
      "geometry" : {
        "paths" : [
          [
            [
              393282.90440006182,
              287438.96820000187
            ],
            [
              393280.91580006015,
              287434.12330000289
            ],
            [
              393279.71950006112,
              287432.07489999756
            ],
            [
              393278.66460006032,
              287430.27820000425
            ],
            [
              393277.82920006104,
              287428.70840000361
            ],
            [
              393277.10380006302,
              287425.56540000439
            ],
            [
              393275.7547000628,
              287421.48170000687
            ],
            [
              393275.82760006003,
              287416.5177000016
            ],
            [
              393274.29730006028,
              287412.41380000114
            ],
            [
              393274.2127000615,
              287407.3707000073
            ],
            [
              393274.36250005756,
              287401.2542000059
            ],
            [
              393275.69330006,
              287397.38250000775
            ],
            [
              393276.26130005997,
              287390.09900000691
            ],
            [
              393272.89780006092,
              287384.10690000467
            ],
            [
              393272.8518000599,
              287379.55520000309
            ],
            [
              393273.26730006374,
              287373.64120000601
            ],
            [
              393276.40630005952,
              287367.78570000641
            ],
            [
              393277.59000005666,
              287362.20650000498
            ],
            [
              393276.89590006135,
              287357.57200000621
            ],
            [
              393276.94750005659,
              287354.35230000317
            ],
            [
              393278.46720006131,
              287350.8113000039
            ],
            [
              393278.40320006199,
              287349.35220000707
            ]
          ]
        ]
      }
    },
    {
      "attributes" : {
        "FID" : 9,
        "PMNTN_SN" : 19535,
        "MNTN_CODE" : "265000404",
        "MNTN_NM" : "민안초등학교뒷산",
        "PMNTN_NM" : "민락동구간",
        "PMNTN_MAIN" : " ",
        "PMNTN_LT" : 0.08,
        "PMNTN_DFFL" : "쉬움",
        "PMNTN_UPPL" : 1,
        "PMNTN_GODN" : 1,
        "PMNTN_MTRQ" : " ",
        "PMNTN_CNRL" : " ",
        "PMNTN_CLS_" : "Y",
        "PMNTN_RISK" : " ",
        "PMNTN_RECO" : " ",
        "DATA_STDR_" : "2016-12-31",
        "MNTN_ID" : "265000404"
      },
      "geometry" : {
        "paths" : [
          [
            [
              393226.64180005901,
              287556.62880000472
            ],
            [
              393227.83630006015,
              287559.21860000677
            ],
            [
              393228.02660006192,
              287560.82050000317
            ],
            [
              393231.68670006189,
              287563.89920000732
            ],
            [
              393234.71600006334,
              287567.67440000549
            ],
            [
              393239.86340006068,
              287572.21960000508
            ],
            [
              393243.70640006103,
              287572.1311000064
            ],
            [
              393246.21720006131,
              287572.32210000604
            ],
            [
              393251.93960006069,
              287574.16570000537
            ],
            [
              393254.48900006153,
              287574.29450000823
            ],
            [
              393259.54920006264,
              287574.22569999844
            ],
            [
              393267.32610006165,
              287567.8776000049
            ],
            [
              393272.20180006139,
              287559.61590000615
            ],
            [
              393276.59930006042,
              287555.50359999947
            ],
            [
              393284.07810006104,
              287548.44200000539
            ],
            [
              393289.91870006267,
              287547.21970000677
            ]
          ]
        ]
      }
    },
    {
      "attributes" : {
        "FID" : 10,
        "PMNTN_SN" : 19536,
        "MNTN_CODE" : "265000404",
        "MNTN_NM" : "민안초등학교뒷산",
        "PMNTN_NM" : "민락동구간",
        "PMNTN_MAIN" : " ",
        "PMNTN_LT" : 0.16,
        "PMNTN_DFFL" : "쉬움",
        "PMNTN_UPPL" : 3,
        "PMNTN_GODN" : 2,
        "PMNTN_MTRQ" : " ",
        "PMNTN_CNRL" : " ",
        "PMNTN_CLS_" : "Y",
        "PMNTN_RISK" : " ",
        "PMNTN_RECO" : " ",
        "DATA_STDR_" : "2016-12-31",
        "MNTN_ID" : "265000404"
      },
      "geometry" : {
        "paths" : [
          [
            [
              393289.91870006267,
              287547.21970000677
            ],
            [
              393290.04990005959,
              287547.19220000505
            ],
            [
              393290.43860006239,
              287548.67090000585
            ],
            [
              393291.33260006085,
              287553.68690000661
            ],
            [
              393291.21220006049,
              287554.31720000692
            ],
            [
              393288.71780005656,
              287559.4845000077
            ],
            [
              393288.86890006159,
              287565.6573000066
            ],
            [
              393292.51420006156,
              287567.75040000305
            ],
            [
              393295.12280005962,
              287569.38500000723
            ],
            [
              393292.37990006153,
              287577.01330000162
            ],
            [
              393293.3340000594,
              287583.9083000049
            ],
            [
              393291.36700005829,
              287590.64850000292
            ],
            [
              393288.10510006081,
              287591.8917000033
            ],
            [
              393286.37080005929,
              287593.97829999775
            ],
            [
              393284.9982000608,
              287599.05460000411
            ],
            [
              393285.12110005971,
              287601.0009999983
            ],
            [
              393286.6894000601,
              287603.59130000323
            ],
            [
              393288.66110005789,
              287607.16410000809
            ],
            [
              393292.30570006184,
              287612.11820000596
            ],
            [
              393297.48350006063,
              287618.89220000431
            ],
            [
              393298.55920006055,
              287620.05040000752
            ],
            [
              393301.67130006198,
              287624.73270000517
            ],
            [
              393301.01850005984,
              287629.90850000083
            ],
            [
              393301.82340005878,
              287636.77890000492
            ],
            [
              393302.69040005933,
              287643.67470000684
            ],
            [
              393302.71700005978,
              287650.44740000553
            ],
            [
              393303.25090005994,
              287652.28270000219
            ],
            [
              393303.40530006029,
              287656.18690000288
            ],
            [
              393306.22530006152,
              287659.53960000724
            ],
            [
              393311.68490006123,
              287663.46480000392
            ],
            [
              393315.66310006101,
              287670.44360000826
            ],
            [
              393318.80450005922,
              287678.57860000804
            ],
            [
              393327.20310005639,
              287687.95820000395
            ]
          ]
        ]
      }
    },
    {
      "attributes" : {
        "FID" : 11,
        "PMNTN_SN" : 19537,
        "MNTN_CODE" : "265000404",
        "MNTN_NM" : "민안초등학교뒷산",
        "PMNTN_NM" : "민락동구간",
        "PMNTN_MAIN" : " ",
        "PMNTN_LT" : 0.1,
        "PMNTN_DFFL" : "쉬움",
        "PMNTN_UPPL" : 2,
        "PMNTN_GODN" : 1,
        "PMNTN_MTRQ" : " ",
        "PMNTN_CNRL" : " ",
        "PMNTN_CLS_" : "Y",
        "PMNTN_RISK" : " ",
        "PMNTN_RECO" : " ",
        "DATA_STDR_" : "2016-12-31",
        "MNTN_ID" : "265000404"
      },
      "geometry" : {
        "paths" : [
          [
            [
              393289.91870006267,
              287547.21970000677
            ],
            [
              393291.10060006008,
              287542.8178000059
            ],
            [
              393292.04780006036,
              287538.39280000515
            ],
            [
              393293.55900006276,
              287533.5042000059
            ],
            [
              393293.81590006035,
              287531.8439000044
            ],
            [
              393293.38440006319,
              287522.34300000779
            ],
            [
              393290.19370006118,
              287511.08030000702
            ],
            [
              393289.42000005953,
              287502.79910000227
            ],
            [
              393288.38860006165,
              287496.44490000047
            ],
            [
              393288.39960006066,
              287488.79240000807
            ],
            [
              393287.44230005797,
              287477.07490000501
            ],
            [
              393288.54700006079,
              287465.36480000615
            ],
            [
              393287.27000006195,
              287459.68640000373
            ],
            [
              393287.59100006055,
              287456.66630000807
            ],
            [
              393289.29320006352,
              287451.37170000747
            ],
            [
              393288.25980005972,
              287448.06820000336
            ]
          ]
        ]
      }
    },
    {
      "attributes" : {
        "FID" : 12,
        "PMNTN_SN" : 19538,
        "MNTN_CODE" : "265000404",
        "MNTN_NM" : "민안초등학교뒷산",
        "PMNTN_NM" : "민락동구간",
        "PMNTN_MAIN" : " ",
        "PMNTN_LT" : 0.05,
        "PMNTN_DFFL" : "쉬움",
        "PMNTN_UPPL" : 1,
        "PMNTN_GODN" : 1,
        "PMNTN_MTRQ" : " ",
        "PMNTN_CNRL" : " ",
        "PMNTN_CLS_" : " ",
        "PMNTN_RISK" : " ",
        "PMNTN_RECO" : " ",
        "DATA_STDR_" : "2016-12-31",
        "MNTN_ID" : "265000404"
      },
      "geometry" : {
        "paths" : [
          [
            [
              393278.40320006199,
              287349.35220000707
            ],
            [
              393280.59070006013,
              287350.0148999989
            ],
            [
              393282.78980006091,
              287352.26150000468
            ],
            [
              393285.58140006009,
              287355.3597000055
            ],
            [
              393289.77270006202,
              287356.02180000581
            ],
            [
              393295.22230005916,
              287355.56740000285
            ],
            [
              393300.05910006072,
              287357.60580000468
            ],
            [
              393304.25550006051,
              287363.1585999988
            ],
            [
              393306.47820006218,
              287365.98640000448
            ],
            [
              393307.9181000609,
              287369.59060000069
            ],
            [
              393308.91490005981,
              287372.82590000518
            ],
            [
              393310.47010006011,
              287375.27240000479
            ],
            [
              393314.71220005956,
              287377.0362000037
            ],
            [
              393316.73640006036,
              287380.26159999892
            ]
          ]
        ]
      }
    },
    {
      "attributes" : {
        "FID" : 13,
        "PMNTN_SN" : 19539,
        "MNTN_CODE" : "265000404",
        "MNTN_NM" : "민안초등학교뒷산",
        "PMNTN_NM" : "민락동구간",
        "PMNTN_MAIN" : " ",
        "PMNTN_LT" : 0.36,
        "PMNTN_DFFL" : "쉬움",
        "PMNTN_UPPL" : 6,
        "PMNTN_GODN" : 4,
        "PMNTN_MTRQ" : " ",
        "PMNTN_CNRL" : " ",
        "PMNTN_CLS_" : " ",
        "PMNTN_RISK" : " ",
        "PMNTN_RECO" : " ",
        "DATA_STDR_" : "2016-12-31",
        "MNTN_ID" : "265000404"
      },
      "geometry" : {
        "paths" : [
          [
            [
              393316.73640006036,
              287380.26159999892
            ],
            [
              393322.64270005934,
              287381.7889000047
            ],
            [
              393332.59190005809,
              287383.52020000666
            ],
            [
              393338.18870006129,
              287385.65180000663
            ],
            [
              393342.31900005974,
              287387.36180000193
            ],
            [
              393348.80840006191,
              287389.85090000555
            ],
            [
              393352.70440005977,
              287393.48880000599
            ],
            [
              393358.37350006029,
              287397.47160000727
            ],
            [
              393363.75410006009,
              287405.6637000069
            ],
            [
              393364.43030006252,
              287407.27870000526
            ],
            [
              393364.82490006089,
              287408.84119999968
            ],
            [
              393368.00510006025,
              287415.58110000752
            ],
            [
              393372.5624000635,
              287419.62040000595
            ],
            [
              393376.61900005955,
              287421.85390000418
            ],
            [
              393381.88270005956,
              287423.37080000527
            ],
            [
              393388.83390005678,
              287424.10370000266
            ],
            [
              393394.15890006348,
              287423.03619999811
            ],
            [
              393404.08700006083,
              287419.65500000305
            ],
            [
              393411.48570006341,
              287417.5325000044
            ],
            [
              393418.21310005896,
              287418.86940000765
            ],
            [
              393422.14670006093,
              287418.75480000675
            ],
            [
              393430.81040006131,
              287416.14519999735
            ],
            [
              393435.20930005983,
              287413.61619999819
            ],
            [
              393443.25670006126,
              287413.10040000454
            ],
            [
              393449.45490005985,
              287411.736600006
            ],
            [
              393452.37570006028,
              287411.65930000506
            ],
            [
              393459.26090005971,
              287411.48660000414
            ],
            [
              393464.34590006061,
              287408.56220000051
            ],
            [
              393466.11540005635,
              287404.85250000656
            ],
            [
              393469.24930006079,
              287398.01470000111
            ],
            [
              393473.2126000626,
              287391.34350000508
            ],
            [
              393477.83480006177,
              287388.66630000807
            ],
            [
              393481.52320006117,
              287386.142300006
            ],
            [
              393481.4916000627,
              287386.54180000722
            ],
            [
              393487.95690006111,
              287384.68260000832
            ],
            [
              393491.54800006095,
              287381.22920000553
            ],
            [
              393496.94220006187,
              287376.19690000825
            ],
            [
              393500.89710005932,
              287375.16620000079
            ],
            [
              393514.41130006313,
              287368.86290000565
            ],
            [
              393518.72200006153,
              287366.34880000167
            ],
            [
              393523.78530006111,
              287363.37210000306
            ],
            [
              393526.28260005824,
              287363.02360000834
            ],
            [
              393529.36880006082,
              287360.78220000677
            ],
            [
              393534.56720006093,
              287357.35769999772
            ],
            [
              393542.67680006009,
              287354.83890000544
            ],
            [
              393547.64420006052,
              287352.88450000435
            ],
            [
              393552.89260006044,
              287351.43010000326
            ],
            [
              393559.98510005977,
              287348.19640000537
            ],
            [
              393567.03710005898,
              287343.23420000635
            ],
            [
              393568.25960005913,
              287338.18210000359
            ],
            [
              393575.4226000607,
              287338.93260000832
            ],
            [
              393580.49320006091,
              287337.43530000374
            ],
            [
              393584.45850006305,
              287333.78260000423
            ],
            [
              393585.92820006143,
              287328.81280000322
            ],
            [
              393585.96070005931,
              287323.30920000374
            ],
            [
              393587.30900005903,
              287319.63600000553
            ],
            [
              393591.88240006007,
              287316.06110000424
            ],
            [
              393595.29910006002,
              287314.85090000369
            ],
            [
              393598.91430005897,
              287316.11270000599
            ],
            [
              393602.30090006068,
              287317.02310000546
            ],
            [
              393605.24410006125,
              287318.28320000693
            ],
            [
              393606.50430006161,
              287319.07780000567
            ],
            [
              393609.2117000632,
              287320.41610000655
            ]
          ]
        ]
      }
    },
    {
      "attributes" : {
        "FID" : 14,
        "PMNTN_SN" : 19540,
        "MNTN_CODE" : "265000404",
        "MNTN_NM" : "민안초등학교뒷산",
        "PMNTN_NM" : "민락동구간",
        "PMNTN_MAIN" : " ",
        "PMNTN_LT" : 0.42,
        "PMNTN_DFFL" : "쉬움",
        "PMNTN_UPPL" : 7,
        "PMNTN_GODN" : 5,
        "PMNTN_MTRQ" : " ",
        "PMNTN_CNRL" : " ",
        "PMNTN_CLS_" : " ",
        "PMNTN_RISK" : " ",
        "PMNTN_RECO" : " ",
        "DATA_STDR_" : "2016-12-31",
        "MNTN_ID" : "265000404"
      },
      "geometry" : {
        "paths" : [
          [
            [
              393565.40610006172,
              287190.44120000675
            ],
            [
              393567.52970006038,
              287187.62060000375
            ],
            [
              393569.2163000619,
              287180.24490000494
            ],
            [
              393571.00750006363,
              287174.99410000816
            ],
            [
              393571.66670006141,
              287169.96320000291
            ],
            [
              393572.13160005957,
              287165.37620000355
            ],
            [
              393572.25610006135,
              287157.04099999927
            ],
            [
              393573.34950006101,
              287150.93200000748
            ],
            [
              393575.02020006068,
              287138.65860000812
            ],
            [
              393578.60900006071,
              287130.66690000705
            ],
            [
              393582.51540006138,
              287122.82420000434
            ],
            [
              393589.14100005943,
              287111.08110000193
            ],
            [
              393594.64170006104,
              287102.85530000553
            ],
            [
              393599.35630005971,
              287097.67540000379
            ],
            [
              393604.70480006281,
              287092.81590000726
            ],
            [
              393609.79300006386,
              287089.118100008
            ],
            [
              393618.7024000613,
              287086.94070000015
            ],
            [
              393623.5719000604,
              287088.72870000079
            ],
            [
              393628.18300006352,
              287092.94850000553
            ],
            [
              393630.32430006191,
              287099.07520000637
            ],
            [
              393632.58990006335,
              287101.1938000042
            ],
            [
              393637.39810005948,
              287101.97840000317
            ],
            [
              393639.73180006351,
              287104.03510000743
            ],
            [
              393644.62360006105,
              287107.86780000292
            ],
            [
              393648.69640006218,
              287109.51320000738
            ],
            [
              393652.74800005928,
              287112.0296000056
            ],
            [
              393659.31560006179,
              287113.26340000331
            ],
            [
              393664.52530006226,
              287115.84400000423
            ],
            [
              393675.65200006403,
              287111.54070000537
            ],
            [
              393681.65170006361,
              287108.64460000768
            ],
            [
              393685.85620006174,
              287105.71940000355
            ],
            [
              393689.45590006001,
              287104.27030000649
            ],
            [
              393695.86960006226,
              287103.18660000712
            ],
            [
              393703.43240005989,
              287104.87760000303
            ],
            [
              393706.40940006357,
              287108.45790000632
            ],
            [
              393704.88740005996,
              287122.74440000392
            ],
            [
              393703.84020006005,
              287134.90470000729
            ],
            [
              393704.55370006245,
              287144.42100000009
            ],
            [
              393704.37230006047,
              287145.40350000374
            ],
            [
              393704.54980006069,
              287147.82680000737
            ],
            [
              393705.47210006136,
              287157.24880000018
            ],
            [
              393704.8899000613,
              287163.53670000471
            ],
            [
              393705.01910005976,
              287172.42130000517
            ],
            [
              393706.69030006416,
              287179.27589999884
            ],
            [
              393709.09950006288,
              287182.06510000676
            ],
            [
              393712.58770005871,
              287181.7580000069
            ],
            [
              393715.09590006154,
              287179.90720000491
            ],
            [
              393716.75500006229,
              287176.72110000812
            ],
            [
              393719.20750006288,
              287168.88730000146
            ],
            [
              393720.56300006248,
              287162.89960000664
            ],
            [
              393721.14880006388,
              287161.06220000796
            ],
            [
              393724.04610005952,
              287155.72320000827
            ],
            [
              393726.62560006138,
              287149.21300000511
            ],
            [
              393729.80530005973,
              287141.14580000751
            ],
            [
              393734.85040006228,
              287130.54200000502
            ],
            [
              393738.52490006015,
              287119.69000000134
            ],
            [
              393746.93360006064,
              287101.54710000381
            ],
            [
              393749.21960006189,
              287091.29859999754
            ],
            [
              393750.78810005914,
              287086.03490000404
            ],
            [
              393751.20090005919,
              287082.23510000296
            ],
            [
              393752.15900006052,
              287074.95070000552
            ]
          ]
        ]
      }
    },
    {
      "attributes" : {
        "FID" : 15,
        "PMNTN_SN" : 19541,
        "MNTN_CODE" : "265000404",
        "MNTN_NM" : "민안초등학교뒷산",
        "PMNTN_NM" : "민락동구간",
        "PMNTN_MAIN" : " ",
        "PMNTN_LT" : 0.4,
        "PMNTN_DFFL" : "쉬움",
        "PMNTN_UPPL" : 7,
        "PMNTN_GODN" : 5,
        "PMNTN_MTRQ" : " ",
        "PMNTN_CNRL" : " ",
        "PMNTN_CLS_" : " ",
        "PMNTN_RISK" : " ",
        "PMNTN_RECO" : " ",
        "DATA_STDR_" : "2016-12-31",
        "MNTN_ID" : "265000404"
      },
      "geometry" : {
        "paths" : [
          [
            [
              393316.73640006036,
              287380.26159999892
            ],
            [
              393318.99530006014,
              287379.92340000533
            ],
            [
              393325.07900006138,
              287377.7777000051
            ],
            [
              393329.11250006128,
              287374.25330000557
            ],
            [
              393333.92330006137,
              287372.21590000577
            ],
            [
              393337.2260000594,
              287369.78120000288
            ],
            [
              393339.9703000607,
              287365.97950000688
            ],
            [
              393340.74470006209,
              287362.48840000294
            ],
            [
              393344.45300006028,
              287360.27740000561
            ],
            [
              393346.80620006099,
              287354.83660000563
            ],
            [
              393351.82590006012,
              287351.61430000328
            ],
            [
              393354.88710006047,
              287351.85610000603
            ],
            [
              393357.11070006061,
              287348.37420000695
            ],
            [
              393358.86170005891,
              287345.83940000087
            ],
            [
              393363.82330006268,
              287344.50609999895
            ],
            [
              393371.12230006047,
              287344.35120000318
            ],
            [
              393375.78880006168,
              287344.01400000602
            ],
            [
              393379.45120006241,
              287341.15630000457
            ],
            [
              393381.31420005951,
              287337.43000000529
            ],
            [
              393385.55850006174,
              287335.58210000396
            ],
            [
              393392.02250006236,
              287334.32560000382
            ],
            [
              393393.34290005919,
              287331.89710000716
            ],
            [
              393394.69460006244,
              287329.06910000369
            ],
            [
              393395.73420006223,
              287326.9045000039
            ],
            [
              393397.36010006163,
              287324.87800000608
            ],
            [
              393398.89950006269,
              287323.93240000494
            ],
            [
              393401.9825000586,
              287322.41380000673
            ],
            [
              393406.3191000605,
              287322.91500000656
            ],
            [
              393409.69420006033,
              287322.77540000342
            ],
            [
              393412.84780006297,
              287322.39690000005
            ],
            [
              393415.90180006158,
              287320.28240000829
            ],
            [
              393415.23980006017,
              287316.22280000336
            ],
            [
              393417.1661000615,
              287313.28690000437
            ],
            [
              393417.2061000606,
              287310.51900000498
            ],
            [
              393416.63360006176,
              287307.1095000077
            ],
            [
              393416.79370005988,
              287303.53610000573
            ],
            [
              393419.97620006092,
              287302.07640000805
            ],
            [
              393424.68750006054,
              287301.91050000489
            ],
            [
              393428.78570006043,
              287299.72480000556
            ],
            [
              393430.57720006164,
              287292.88119999878
            ],
            [
              393429.85770006198,
              287286.84400000609
            ],
            [
              393426.79370006267,
              287283.38270000555
            ],
            [
              393427.52270006109,
              287278.82040000521
            ],
            [
              393427.09470006078,
              287273.68010000512
            ],
            [
              393430.4030000614,
              287271.93090000562
            ],
            [
              393429.9291000599,
              287269.18520000391
            ],
            [
              393435.07580005936,
              287266.02370000444
            ],
            [
              393438.73460005876,
              287266.82210000232
            ],
            [
              393441.0111000631,
              287270.36360000633
            ],
            [
              393441.90130006056,
              287273.67570000514
            ],
            [
              393445.97170006391,
              287274.55680000409
            ],
            [
              393455.08400005847,
              287273.29920000397
            ],
            [
              393459.90480006021,
              287270.68290000409
            ],
            [
              393469.73680006154,
              287258.34910000674
            ],
            [
              393480.18110006023,
              287246.44600000605
            ],
            [
              393493.59150006063,
              287235.03520000726
            ],
            [
              393508.27370006125,
              287222.04180000536
            ],
            [
              393512.73110006098,
              287219.79199999757
            ],
            [
              393518.43230006006,
              287209.84890000336
            ],
            [
              393522.16740006022,
              287200.17150000297
            ],
            [
              393527.15160006192,
              287193.6535000056
            ],
            [
              393527.6399000613,
              287188.32250000723
            ],
            [
              393532.22360006068,
              287181.94370000623
            ],
            [
              393536.56330006104,
              287175.90400000475
            ],
            [
              393538.6837000614,
              287175.21770000644
            ],
            [
              393541.82280006073,
              287178.02660000697
            ],
            [
              393543.99230005965,
              287180.25310000405
            ],
            [
              393545.71870006062,
              287182.19690000452
            ],
            [
              393549.38890005648,
              287183.76520000584
            ],
            [
              393553.27540006023,
              287187.91750000603
            ],
            [
              393555.11570005957,
              287190.24870000407
            ],
            [
              393555.32020006236,
              287192.44940000586
            ],
            [
              393555.99410006031,
              287195.18400000595
            ],
            [
              393557.85100006033,
              287198.18960000761
            ],
            [
              393560.22800006159,
              287197.96990000829
            ],
            [
              393563.40850006323,
              287196.77869999968
            ],
            [
              393564.52340006083,
              287193.76779999956
            ],
            [
              393565.01290006097,
              287190.9633000046
            ],
            [
              393565.40610006172,
              287190.44120000675
            ]
          ]
        ]
      }
    },
    {
      "attributes" : {
        "FID" : 16,
        "PMNTN_SN" : 19542,
        "MNTN_CODE" : "265000404",
        "MNTN_NM" : "민안초등학교뒷산",
        "PMNTN_NM" : "민락동구간",
        "PMNTN_MAIN" : " ",
        "PMNTN_LT" : 0.09,
        "PMNTN_DFFL" : "쉬움",
        "PMNTN_UPPL" : 2,
        "PMNTN_GODN" : 1,
        "PMNTN_MTRQ" : " ",
        "PMNTN_CNRL" : " ",
        "PMNTN_CLS_" : " ",
        "PMNTN_RISK" : " ",
        "PMNTN_RECO" : " ",
        "DATA_STDR_" : "2016-12-31",
        "MNTN_ID" : "265000404"
      },
      "geometry" : {
        "paths" : [
          [
            [
              393288.25980005972,
              287448.06820000336
            ],
            [
              393291.54820006154,
              287450.28130000271
            ],
            [
              393295.0169000607,
              287452.07000000402
            ],
            [
              393298.41760005988,
              287452.54230000451
            ],
            [
              393302.30680006184,
              287451.89910000376
            ],
            [
              393306.89630006067,
              287452.06710000336
            ],
            [
              393313.664200061,
              287453.45090000704
            ],
            [
              393318.71240005735,
              287455.21930000745
            ],
            [
              393327.6746000601,
              287457.13330000639
            ],
            [
              393333.81750006136,
              287456.35060000047
            ],
            [
              393338.49700006098,
              287454.62950000539
            ],
            [
              393341.72170006111,
              287454.2833000049
            ],
            [
              393344.59710006043,
              287455.2125000041
            ],
            [
              393346.05520006083,
              287455.92080000602
            ],
            [
              393346.55630006362,
              287456.55270000361
            ],
            [
              393347.47420006152,
              287457.52650000528
            ],
            [
              393347.56920006033,
              287458.30430000648
            ],
            [
              393349.636200062,
              287464.57390000671
            ],
            [
              393352.95670006145,
              287475.47640000284
            ],
            [
              393356.44590005931,
              287480.31260000356
            ],
            [
              393356.44680005964,
              287483.22570000589
            ],
            [
              393355.24990006071,
              287486.89310000651
            ]
          ]
        ]
      }
    },
    {
      "attributes" : {
        "FID" : 17,
        "PMNTN_SN" : 19543,
        "MNTN_CODE" : "265000404",
        "MNTN_NM" : "민안초등학교뒷산",
        "PMNTN_NM" : "민락동구간",
        "PMNTN_MAIN" : " ",
        "PMNTN_LT" : 0.34,
        "PMNTN_DFFL" : "쉬움",
        "PMNTN_UPPL" : 6,
        "PMNTN_GODN" : 4,
        "PMNTN_MTRQ" : " ",
        "PMNTN_CNRL" : " ",
        "PMNTN_CLS_" : " ",
        "PMNTN_RISK" : " ",
        "PMNTN_RECO" : " ",
        "DATA_STDR_" : "2016-12-31",
        "MNTN_ID" : "265000404"
      },
      "geometry" : {
        "paths" : [
          [
            [
              393609.2117000632,
              287320.41610000655
            ],
            [
              393613.23290005978,
              287312.90130000748
            ],
            [
              393619.81540006306,
              287309.54310000129
            ],
            [
              393629.60550006106,
              287306.9884000048
            ],
            [
              393636.40530005936,
              287304.54690000229
            ],
            [
              393643.72140006162,
              287303.6888000071
            ],
            [
              393654.30720006302,
              287303.9523999989
            ],
            [
              393661.58500006422,
              287302.6759000048
            ],
            [
              393666.2265000632,
              287300.91760000587
            ],
            [
              393668.65740006324,
              287297.93250000291
            ],
            [
              393667.67070005927,
              287295.00330000371
            ],
            [
              393670.99600006174,
              287292.97340000793
            ],
            [
              393674.62130005937,
              287293.81150000356
            ],
            [
              393676.76390006207,
              287297.98360000178
            ],
            [
              393684.1668000631,
              287307.01010000706
            ],
            [
              393691.49330006167,
              287312.6303000059
            ],
            [
              393700.23530006222,
              287319.17360000685
            ],
            [
              393712.72080006357,
              287324.61680000834
            ],
            [
              393725.63670006115,
              287329.53920000419
            ],
            [
              393731.74330005981,
              287330.89900000766
            ],
            [
              393736.7165000597,
              287332.66520000808
            ],
            [
              393740.74080006313,
              287332.6697000023
            ],
            [
              393749.9946000604,
              287331.41110000573
            ],
            [
              393762.05620006006,
              287327.36220000684
            ],
            [
              393771.00040005986,
              287324.75540000387
            ],
            [
              393776.32150006108,
              287320.32210000604
            ],
            [
              393781.83660006151,
              287319.77470000647
            ],
            [
              393787.45080006123,
              287314.12350000069
            ],
            [
              393794.18140006065,
              287308.25310000405
            ],
            [
              393799.39170006011,
              287305.66090000421
            ],
            [
              393805.46340006124,
              287306.88550000638
            ],
            [
              393807.70700006094,
              287308.05320000648
            ],
            [
              393811.60320006311,
              287307.47270000353
            ],
            [
              393813.55080006365,
              287305.39450000599
            ],
            [
              393813.7750000637,
              287301.8101000078
            ],
            [
              393811.85270006116,
              287295.11180000752
            ],
            [
              393813.79360006191,
              287292.60010000318
            ],
            [
              393817.23270006198,
              287291.35670000687
            ],
            [
              393833.53780006245,
              287292.79360000789
            ],
            [
              393837.38640006352,
              287293.68319999799
            ],
            [
              393840.73300006147,
              287296.16690000519
            ],
            [
              393847.16630006116,
              287300.78490000032
            ],
            [
              393852.88610006124,
              287306.96390000544
            ],
            [
              393860.02930006292,
              287307.90500000492
            ],
            [
              393866.77430006303,
              287310.17110000737
            ],
            [
              393877.11610006262,
              287316.4783000052
            ],
            [
              393879.9627000615,
              287319.15400000662
            ],
            [
              393884.59330006223,
              287320.48550000787
            ],
            [
              393893.60050006211,
              287324.67830000632
            ]
          ]
        ]
      }
    }
  ]
}