{
  "displayFieldName" : "",
  "fieldAliases" : {
    "FID" : "FID",
    "SAFE_SPOT1" : "SAFE_SPOT1",
    "SAFE_SPOT2" : "SAFE_SPOT2",
    "SAFE_SPOT3" : "SAFE_SPOT3",
    "MGC" : "MGC",
    "ETC_MATTER" : "ETC_MATTER",
    "MNTN_NM" : "MNTN_NM"
  },
  "geometryType" : "esriGeometryPoint",
  "spatialReference" : {
    "wkt" : "PROJCS[\"PCS_ITRF2000_TM\",GEOGCS[\"GCS_ITRF_2000\",DATUM[\"D_ITRF_2000\",SPHEROID[\"GRS_1980\",6378137.0,298.257222101]],PRIMEM[\"Greenwich\",0.0],UNIT[\"Degree\",0.0174532925199433]],PROJECTION[\"Transverse_Mercator\"],PARAMETER[\"False_Easting\",200000.0],PARAMETER[\"False_Northing\",600000.0],PARAMETER[\"Central_Meridian\",127.0],PARAMETER[\"Scale_Factor\",1.0],PARAMETER[\"Latitude_Of_Origin\",38.0],UNIT[\"Meter\",1.0]]"
  },
  "fields" : [
    {
      "name" : "FID",
      "type" : "esriFieldTypeOID",
      "alias" : "FID"
    },
    {
      "name" : "SAFE_SPOT1",
      "type" : "esriFieldTypeDouble",
      "alias" : "SAFE_SPOT1"
    },
    {
      "name" : "SAFE_SPOT2",
      "type" : "esriFieldTypeString",
      "alias" : "SAFE_SPOT2",
      "length" : 50
    },
    {
      "name" : "SAFE_SPOT3",
      "type" : "esriFieldTypeString",
      "alias" : "SAFE_SPOT3",
      "length" : 50
    },
    {
      "name" : "MGC",
      "type" : "esriFieldTypeString",
      "alias" : "MGC",
      "length" : 50
    },
    {
      "name" : "ETC_MATTER",
      "type" : "esriFieldTypeString",
      "alias" : "ETC_MATTER",
      "length" : 200
    },
    {
      "name" : "MNTN_NM",
      "type" : "esriFieldTypeString",
      "alias" : "MNTN_NM",
      "length" : 50
    }
  ],
  "features" : [
    {
      "attributes" : {
        "FID" : 0,
        "SAFE_SPOT1" : 783,
        "SAFE_SPOT2" : "산악위치표지판",
        "SAFE_SPOT3" : "문복산1",
        "MGC" : "경산소방서",
        "ETC_MATTER" : " ",
        "MNTN_NM" : "문복산"
      },
      "geometry" : {
        "x" : 382640.13080000039,
        "y" : 343643.59290000238
      }
    },
    {
      "attributes" : {
        "FID" : 1,
        "SAFE_SPOT1" : 784,
        "SAFE_SPOT2" : "산악위치표지판",
        "SAFE_SPOT3" : "문복산2",
        "MGC" : "경산소방서",
        "ETC_MATTER" : " ",
        "MNTN_NM" : "문복산"
      },
      "geometry" : {
        "x" : 382909.0616000006,
        "y" : 343781.73059999943
      }
    },
    {
      "attributes" : {
        "FID" : 2,
        "SAFE_SPOT1" : 785,
        "SAFE_SPOT2" : "산악위치표지판",
        "SAFE_SPOT3" : "문복산3",
        "MGC" : "경산소방서",
        "ETC_MATTER" : " ",
        "MNTN_NM" : "문복산"
      },
      "geometry" : {
        "x" : 383261.05190000031,
        "y" : 343918.5046000015
      }
    },
    {
      "attributes" : {
        "FID" : 3,
        "SAFE_SPOT1" : 786,
        "SAFE_SPOT2" : "산악위치표지판",
        "SAFE_SPOT3" : "문복산4",
        "MGC" : "경산소방서",
        "ETC_MATTER" : " ",
        "MNTN_NM" : "문복산"
      },
      "geometry" : {
        "x" : 383408.24500000197,
        "y" : 343980.13489999995
      }
    },
    {
      "attributes" : {
        "FID" : 4,
        "SAFE_SPOT1" : 787,
        "SAFE_SPOT2" : "산악위치표지판",
        "SAFE_SPOT3" : "문복산5",
        "MGC" : "경산소방서",
        "ETC_MATTER" : " ",
        "MNTN_NM" : "문복산"
      },
      "geometry" : {
        "x" : 384040.04910000227,
        "y" : 344091.87780000269
      }
    },
    {
      "attributes" : {
        "FID" : 5,
        "SAFE_SPOT1" : 788,
        "SAFE_SPOT2" : "산악위치표지판",
        "SAFE_SPOT3" : "문복산6",
        "MGC" : "경산소방서",
        "ETC_MATTER" : " ",
        "MNTN_NM" : "문복산"
      },
      "geometry" : {
        "x" : 384130.16359999962,
        "y" : 343871.69740000367
      }
    },
    {
      "attributes" : {
        "FID" : 6,
        "SAFE_SPOT1" : 789,
        "SAFE_SPOT2" : "산악위치표지판",
        "SAFE_SPOT3" : "문복산7",
        "MGC" : "경산소방서",
        "ETC_MATTER" : " ",
        "MNTN_NM" : "문복산"
      },
      "geometry" : {
        "x" : 384122.94510000013,
        "y" : 343004.9514000006
      }
    },
    {
      "attributes" : {
        "FID" : 7,
        "SAFE_SPOT1" : 790,
        "SAFE_SPOT2" : "산악위치표지판",
        "SAFE_SPOT3" : "문복산8",
        "MGC" : "경산소방서",
        "ETC_MATTER" : " ",
        "MNTN_NM" : "문복산"
      },
      "geometry" : {
        "x" : 383010.71499999985,
        "y" : 343244.13099999912
      }
    }
  ]
}