{
  "displayFieldName" : "",
  "fieldAliases" : {
    "FID" : "FID",
    "PMNTN_SN" : "PMNTN_SN",
    "MNTN_CODE" : "MNTN_CODE",
    "MNTN_NM" : "MNTN_NM",
    "PMNTN_NM" : "PMNTN_NM",
    "PMNTN_MAIN" : "PMNTN_MAIN",
    "PMNTN_LT" : "PMNTN_LT",
    "PMNTN_DFFL" : "PMNTN_DFFL",
    "PMNTN_UPPL" : "PMNTN_UPPL",
    "PMNTN_GODN" : "PMNTN_GODN",
    "PMNTN_MTRQ" : "PMNTN_MTRQ",
    "PMNTN_CNRL" : "PMNTN_CNRL",
    "PMNTN_CLS_" : "PMNTN_CLS_",
    "PMNTN_RISK" : "PMNTN_RISK",
    "PMNTN_RECO" : "PMNTN_RECO",
    "DATA_STDR_" : "DATA_STDR_",
    "MNTN_ID" : "MNTN_ID"
  },
  "geometryType" : "esriGeometryPolyline",
  "spatialReference" : {
    "wkt" : "PROJCS[\"PCS_ITRF2000_TM\",GEOGCS[\"GCS_ITRF_2000\",DATUM[\"D_ITRF_2000\",SPHEROID[\"GRS_1980\",6378137.0,298.257222101]],PRIMEM[\"Greenwich\",0.0],UNIT[\"Degree\",0.0174532925199433]],PROJECTION[\"Transverse_Mercator\"],PARAMETER[\"False_Easting\",200000.0],PARAMETER[\"False_Northing\",600000.0],PARAMETER[\"Central_Meridian\",127.0],PARAMETER[\"Scale_Factor\",1.0],PARAMETER[\"Latitude_Of_Origin\",38.0],UNIT[\"Meter\",1.0]]"
  },
  "fields" : [
    {
      "name" : "FID",
      "type" : "esriFieldTypeOID",
      "alias" : "FID"
    },
    {
      "name" : "PMNTN_SN",
      "type" : "esriFieldTypeDouble",
      "alias" : "PMNTN_SN"
    },
    {
      "name" : "MNTN_CODE",
      "type" : "esriFieldTypeString",
      "alias" : "MNTN_CODE",
      "length" : 9
    },
    {
      "name" : "MNTN_NM",
      "type" : "esriFieldTypeString",
      "alias" : "MNTN_NM",
      "length" : 50
    },
    {
      "name" : "PMNTN_NM",
      "type" : "esriFieldTypeString",
      "alias" : "PMNTN_NM",
      "length" : 50
    },
    {
      "name" : "PMNTN_MAIN",
      "type" : "esriFieldTypeString",
      "alias" : "PMNTN_MAIN",
      "length" : 200
    },
    {
      "name" : "PMNTN_LT",
      "type" : "esriFieldTypeSingle",
      "alias" : "PMNTN_LT"
    },
    {
      "name" : "PMNTN_DFFL",
      "type" : "esriFieldTypeString",
      "alias" : "PMNTN_DFFL",
      "length" : 8
    },
    {
      "name" : "PMNTN_UPPL",
      "type" : "esriFieldTypeDouble",
      "alias" : "PMNTN_UPPL"
    },
    {
      "name" : "PMNTN_GODN",
      "type" : "esriFieldTypeDouble",
      "alias" : "PMNTN_GODN"
    },
    {
      "name" : "PMNTN_MTRQ",
      "type" : "esriFieldTypeString",
      "alias" : "PMNTN_MTRQ",
      "length" : 200
    },
    {
      "name" : "PMNTN_CNRL",
      "type" : "esriFieldTypeString",
      "alias" : "PMNTN_CNRL",
      "length" : 1
    },
    {
      "name" : "PMNTN_CLS_",
      "type" : "esriFieldTypeString",
      "alias" : "PMNTN_CLS_",
      "length" : 1
    },
    {
      "name" : "PMNTN_RISK",
      "type" : "esriFieldTypeString",
      "alias" : "PMNTN_RISK",
      "length" : 200
    },
    {
      "name" : "PMNTN_RECO",
      "type" : "esriFieldTypeString",
      "alias" : "PMNTN_RECO",
      "length" : 1
    },
    {
      "name" : "DATA_STDR_",
      "type" : "esriFieldTypeString",
      "alias" : "DATA_STDR_",
      "length" : 10
    },
    {
      "name" : "MNTN_ID",
      "type" : "esriFieldTypeString",
      "alias" : "MNTN_ID",
      "length" : 10
    }
  ],
  "features" : [
    {
      "attributes" : {
        "FID" : 0,
        "PMNTN_SN" : 50968,
        "MNTN_CODE" : "441508101",
        "MNTN_NM" : "취국산",
        "PMNTN_NM" : "양화리구간",
        "PMNTN_MAIN" : " ",
        "PMNTN_LT" : 1.38,
        "PMNTN_DFFL" : "쉬움",
        "PMNTN_UPPL" : 24,
        "PMNTN_GODN" : 17,
        "PMNTN_MTRQ" : " ",
        "PMNTN_CNRL" : " ",
        "PMNTN_CLS_" : " ",
        "PMNTN_RISK" : " ",
        "PMNTN_RECO" : " ",
        "DATA_STDR_" : "2016-12-31",
        "MNTN_ID" : "441508101"
      },
      "geometry" : {
        "paths" : [
          [
            [
              214027.60109999962,
              413698.79289999977
            ],
            [
              214030.61340000015,
              413697.94170000032
            ],
            [
              214035.59499999974,
              413696.36330000125
            ],
            [
              214040.0307,
              413694.88750000112
            ],
            [
              214044.05300000031,
              413692.24680000171
            ],
            [
              214042.74670000095,
              413687.66750000231
            ],
            [
              214043.63879999984,
              413682.3030999992
            ],
            [
              214044.76460000407,
              413677.62360000052
            ],
            [
              214045.91130000073,
              413673.03999999911
            ],
            [
              214047.44919999968,
              413668.07719999924
            ],
            [
              214048.74230000284,
              413662.9271000009
            ],
            [
              214050.00460000243,
              413658.08200000413
            ],
            [
              214051.47670000046,
              413653.07940000109
            ],
            [
              214054.9158000024,
              413648.58090000041
            ],
            [
              214059.00629999954,
              413644.97479999997
            ],
            [
              214062.17080000043,
              413641.65650000051
            ],
            [
              214065.25880000088,
              413637.68249999918
            ],
            [
              214068.71310000028,
              413634.51120000146
            ],
            [
              214072.4897000026,
              413633.04540000111
            ],
            [
              214075.89630000107,
              413627.81340000033
            ],
            [
              214075.88540000096,
              413622.28020000085
            ],
            [
              214075.94610000029,
              413616.93990000151
            ],
            [
              214075.56800000183,
              413612.12260000035
            ],
            [
              214076.62060000096,
              413608.4114000015
            ],
            [
              214078.14479999989,
              413603.03570000269
            ],
            [
              214078.33970000036,
              413597.88709999807
            ],
            [
              214079.13310000021,
              413592.72189999931
            ],
            [
              214082.69299999904,
              413589.62219999917
            ],
            [
              214085.90469999984,
              413590.69990000129
            ],
            [
              214090.60630000103,
              413591.9755000025
            ],
            [
              214095.49330000114,
              413591.92369999923
            ],
            [
              214100.13770000078,
              413590.88360000402
            ],
            [
              214101.18780000042,
              413589.03430000134
            ],
            [
              214101.59380000271,
              413589.29830000177
            ],
            [
              214104.15589999966,
              413590.23139999993
            ],
            [
              214107.70060000103,
              413591.88409999944
            ],
            [
              214111.64300000202,
              413592.5046000015
            ],
            [
              214116.22420000099,
              413590.83560000174
            ],
            [
              214119.87899999972,
              413590.98829999939
            ],
            [
              214123.54470000137,
              413592.8535999991
            ],
            [
              214127.22780000232,
              413593.63920000009
            ],
            [
              214130.84840000048,
              413593.70450000092
            ],
            [
              214133.72240000125,
              413594.93400000222
            ],
            [
              214133.46590000112,
              413594.70119999908
            ],
            [
              214134.20390000008,
              413594.94150000066
            ],
            [
              214137.20639999956,
              413595.349700002
            ],
            [
              214140.70250000246,
              413595.08900000155
            ],
            [
              214143.85630000383,
              413593.61760000139
            ],
            [
              214147.03419999965,
              413589.91540000029
            ],
            [
              214149.44290000014,
              413585.22350000404
            ],
            [
              214150.73340000026,
              413580.32080000639
            ],
            [
              214151.52170000225,
              413578.13309999928
            ],
            [
              214151.33520000055,
              413577.96370000392
            ],
            [
              214151.47220000066,
              413577.87780000456
            ],
            [
              214153.27029999997,
              413574.49010000192
            ],
            [
              214155.90240000095,
              413570.4888000004
            ],
            [
              214157.85720000137,
              413566.04239999875
            ],
            [
              214159.51370000001,
              413560.79130000062
            ],
            [
              214162.08790000062,
              413556.68850000016
            ],
            [
              214164.82670000382,
              413551.81650000252
            ],
            [
              214168.13049999997,
              413547.14470000006
            ],
            [
              214171.2712000031,
              413542.37360000238
            ],
            [
              214176.11980000231,
              413539.23159999959
            ],
            [
              214179.74490000028,
              413535.73030000366
            ],
            [
              214184.11849999987,
              413531.42570000142
            ],
            [
              214188.73630000092,
              413528.22220000438
            ],
            [
              214193.5158000011,
              413525.21660000272
            ],
            [
              214197.49920000322,
              413521.68680000119
            ],
            [
              214201.21949999966,
              413518.70969999954
            ],
            [
              214204.98970000073,
              413515.15110000223
            ],
            [
              214207.42410000134,
              413510.76460000314
            ],
            [
              214210.11459999997,
              413506.66770000197
            ],
            [
              214212.40160000045,
              413502.56519999728
            ],
            [
              214215.79750000313,
              413499.17420000024
            ],
            [
              214219.71530000027,
              413494.92890000157
            ],
            [
              214223.6333000008,
              413491.00290000066
            ],
            [
              214227.99120000005,
              413487.30749999918
            ],
            [
              214232.59900000133,
              413484.45650000125
            ],
            [
              214236.47879999969,
              413480.75009999797
            ],
            [
              214240.15040000062,
              413477.75220000185
            ],
            [
              214242.49840000179,
              413480.50240000151
            ],
            [
              214242.22310000099,
              413484.98460000381
            ],
            [
              214241.30260000285,
              413489.19429999962
            ],
            [
              214240.99610000104,
              413493.70670000277
            ],
            [
              214240.83780000079,
              413497.67870000191
            ],
            [
              214242.39470000286,
              413501.44030000269
            ],
            [
              214244.37790000066,
              413505.13200000115
            ],
            [
              214244.67939999979,
              413509.2734999992
            ],
            [
              214244.69849999901,
              413513.69900000095
            ],
            [
              214245.83210000303,
              413513.19879999757
            ],
            [
              214245.77169999946,
              413513.43590000272
            ],
            [
              214245.68130000122,
              413517.60690000094
            ],
            [
              214245.8301000027,
              413521.65350000188
            ],
            [
              214246.74570000079,
              413525.72920000739
            ],
            [
              214248.14769999962,
              413529.51540000364
            ],
            [
              214248.37420000043,
              413533.77089999989
            ],
            [
              214248.55230000056,
              413538.03150000237
            ],
            [
              214248.52060000412,
              413542.27920000255
            ],
            [
              214249.12910000142,
              413546.47330000065
            ],
            [
              214250.17740000039,
              413550.2025000006
            ],
            [
              214250.55770000257,
              413553.75820000097
            ],
            [
              214250.85740000103,
              413557.81939999945
            ],
            [
              214250.25430000108,
              413560.47910000198
            ],
            [
              214249.83640000038,
              413563.56360000186
            ],
            [
              214250.93110000063,
              413566.38680000417
            ],
            [
              214251.48960000277,
              413569.46800000407
            ],
            [
              214251.91330000106,
              413573.08900000155
            ],
            [
              214252.47759999987,
              413583.5501000043
            ],
            [
              214254.89310000092,
              413586.10669999942
            ],
            [
              214255.10140000284,
              413590.89300000109
            ],
            [
              214253.02310000174,
              413598.88770000264
            ],
            [
              214254.2229000004,
              413602.93470000289
            ],
            [
              214253.66360000055,
              413605.93779999949
            ],
            [
              214253.20870000217,
              413609.25899999961
            ],
            [
              214253.5931000039,
              413615.84350000322
            ],
            [
              214256.86290000007,
              413622.4242000021
            ],
            [
              214257.42610000167,
              413626.79790000245
            ],
            [
              214257.86960000359,
              413630.12669999897
            ],
            [
              214258.44090000167,
              413630.31080000103
            ],
            [
              214259.07470000163,
              413633.55920000002
            ],
            [
              214258.09609999973,
              413637.5848999992
            ],
            [
              214257.79739999957,
              413642.38379999995
            ],
            [
              214258.27600000054,
              413647.73030000366
            ],
            [
              214257.771300002,
              413653.65350000188
            ],
            [
              214256.23010000307,
              413659.33709999919
            ],
            [
              214256.15730000194,
              413669.45000000112
            ],
            [
              214256.15940000117,
              413673.45099999942
            ],
            [
              214257.44280000031,
              413675.26720000245
            ],
            [
              214256.73209999967,
              413679.9670000039
            ],
            [
              214254.99250000063,
              413685.30340000242
            ],
            [
              214253.58230000269,
              413690.21450000256
            ],
            [
              214252.67050000001,
              413694.92860000022
            ],
            [
              214252.22720000241,
              413698.1221000012
            ],
            [
              214252.19240000006,
              413704.22890000232
            ],
            [
              214252.38580000121,
              413709.40359999985
            ],
            [
              214252.48429999966,
              413713.62900000252
            ],
            [
              214252.08880000096,
              413716.80530000106
            ],
            [
              214252.46500000078,
              413720.63410000131
            ],
            [
              214252.84030000027,
              413724.81560000218
            ],
            [
              214253.20070000086,
              413728.17219999991
            ],
            [
              214253.76290000137,
              413732.08650000207
            ],
            [
              214255.11870000418,
              413736.36810000055
            ],
            [
              214254.79090000037,
              413741.20100000314
            ],
            [
              214255.57020000368,
              413744.37089999951
            ],
            [
              214256.18620000128,
              413749.77170000225
            ],
            [
              214257.9821000006,
              413754.27000000142
            ],
            [
              214258.91620000172,
              413759.03669999912
            ],
            [
              214261.89030000102,
              413763.55280000158
            ],
            [
              214264.51410000212,
              413768.81770000421
            ],
            [
              214268.14110000152,
              413773.46389999799
            ],
            [
              214271.60539999977,
              413778.0418999996
            ],
            [
              214275.41289999988,
              413781.80480000004
            ],
            [
              214277.77940000314,
              413786.00990000181
            ],
            [
              214277.36440000031,
              413787.54510000162
            ],
            [
              214280.60859999992,
              413790.23190000281
            ],
            [
              214285.01590000093,
              413792.44760000147
            ],
            [
              214289.14060000051,
              413794.62250000238
            ],
            [
              214293.48220000044,
              413796.87840000354
            ],
            [
              214298.05480000004,
              413800.29330000281
            ],
            [
              214301.67420000024,
              413803.33300000243
            ],
            [
              214312.72900000121,
              413810.68800000101
            ],
            [
              214319.48480000068,
              413811.83350000158
            ],
            [
              214323.95370000135,
              413809.49460000359
            ],
            [
              214329.09279999882,
              413807.03260000236
            ],
            [
              214334.50499999989,
              413804.70270000212
            ],
            [
              214339.37440000195,
              413803.28659999929
            ],
            [
              214341.23160000239,
              413802.82139999792
            ],
            [
              214341.06300000194,
              413802.99500000104
            ],
            [
              214342.95120000094,
              413803.55200000294
            ],
            [
              214353.74639999866,
              413803.24580000155
            ],
            [
              214358.43290000409,
              413805.23840000108
            ],
            [
              214362.42069999874,
              413807.8449000027
            ],
            [
              214366.14480000082,
              413809.95979999937
            ],
            [
              214370.02300000004,
              413810.38629999943
            ],
            [
              214374.15850000083,
              413812.78209999949
            ],
            [
              214376.21609999985,
              413817.29900000244
            ],
            [
              214372.37550000008,
              413819.48410000093
            ],
            [
              214370.33460000064,
              413823.41200000048
            ],
            [
              214372.87480000313,
              413834.55269999988
            ],
            [
              214375.93050000258,
              413841.18310000002
            ],
            [
              214374.82150000148,
              413846.18630000204
            ],
            [
              214374.47479999997,
              413851.30100000091
            ],
            [
              214376.03500000015,
              413857.00190000236
            ],
            [
              214376.63760000002,
              413860.43590000458
            ],
            [
              214375.79020000156,
              413863.60300000198
            ],
            [
              214374.8394000018,
              413870.11210000142
            ],
            [
              214375.54229999986,
              413870.88560000062
            ],
            [
              214377.81049999967,
              413876.46380000189
            ],
            [
              214378.61140000354,
              413882.13680000231
            ],
            [
              214380.35510000028,
              413883.89210000075
            ],
            [
              214381.6118999999,
              413883.97290000319
            ],
            [
              214384.30190000031,
              413889.68359999917
            ],
            [
              214388.32070000097,
              413895.65230000205
            ],
            [
              214391.4028000012,
              413892.50490000099
            ],
            [
              214395.81050000247,
              413893.88900000229
            ],
            [
              214401.87720000092,
              413900.50150000304
            ],
            [
              214405.26300000027,
              413904.21820000187
            ],
            [
              214408.14090000093,
              413907.82479999959
            ],
            [
              214412.24130000081,
              413908.37730000168
            ],
            [
              214415.59509999864,
              413914.48380000144
            ],
            [
              214416.88839999959,
              413916.84459999949
            ],
            [
              214419.77840000298,
              413918.92810000107
            ],
            [
              214420.60530000087,
              413921.29219999909
            ],
            [
              214422.8871000018,
              413924.67120000347
            ],
            [
              214421.63380000275,
              413927.31120000221
            ],
            [
              214419.05100000091,
              413930.20219999738
            ],
            [
              214418.0708000036,
              413931.97719999962
            ],
            [
              214416.98460000101,
              413935.22369999997
            ],
            [
              214416.13100000005,
              413937.46060000174
            ],
            [
              214417.27290000115,
              413940.82689999789
            ],
            [
              214419.0298000006,
              413943.75269999914
            ],
            [
              214419.17430000007,
              413946.66720000282
            ],
            [
              214419.35490000062,
              413950.58000000007
            ],
            [
              214420.23809999973,
              413954.55169999786
            ],
            [
              214420.2731999997,
              413959.26170000061
            ],
            [
              214420.1043000007,
              413963.62470000423
            ],
            [
              214418.15070000105,
              413967.71520000137
            ],
            [
              214417.21280000173,
              413972.32590000145
            ],
            [
              214417.90750000067,
              413974.29020000249
            ],
            [
              214419.20950000081,
              413975.77339999937
            ],
            [
              214423.10940000135,
              413978.75320000015
            ],
            [
              214424.22770000249,
              413981.96700000204
            ],
            [
              214424.00130000245,
              413985.38300000131
            ],
            [
              214423.74420000054,
              413988.9729999993
            ],
            [
              214422.7714999998,
              413993.4068
            ],
            [
              214422.6352000013,
              413997.18600000441
            ],
            [
              214424.34790000226,
              414000.88079999946
            ],
            [
              214426.47540000174,
              414003.88220000267
            ],
            [
              214429.61530000065,
              414007.543700004
            ],
            [
              214432.03480000235,
              414013.94800000265
            ],
            [
              214433.944000002,
              414019.37560000084
            ],
            [
              214438.77869999968,
              414021.38949999772
            ],
            [
              214450.20580000058,
              414025.14440000057
            ],
            [
              214452.58330000099,
              414028.12120000273
            ],
            [
              214453.83780000079,
              414029.46309999935
            ],
            [
              214457.51980000176,
              414035.43950000219
            ],
            [
              214461.78000000119,
              414045.74810000136
            ],
            [
              214462.89220000245,
              414047.75030000135
            ],
            [
              214465.12090000138,
              414054.90519999899
            ],
            [
              214467.05790000036,
              414059.10560000502
            ],
            [
              214467.87860000134,
              414063.56870000064
            ],
            [
              214468.02810000256,
              414077.49100000039
            ],
            [
              214468.74110000022,
              414081.69189999998
            ],
            [
              214469.51159999985,
              414086.21290000342
            ],
            [
              214465.85670000222,
              414098.92300000414
            ],
            [
              214464.15500000026,
              414106.47770000249
            ],
            [
              214462.99370000046,
              414109.7175999973
            ],
            [
              214462.4570000004,
              414112.99160000123
            ],
            [
              214459.42410000041,
              414119.73310000263
            ],
            [
              214457.53880000021,
              414123.51720000245
            ],
            [
              214458.34590000194,
              414130.62360000052
            ],
            [
              214462.99890000001,
              414135.49300000258
            ],
            [
              214466.50769999996,
              414138.62600000389
            ],
            [
              214469.43220000062,
              414141.04690000415
            ],
            [
              214471.91870000213,
              414144.9868999999
            ],
            [
              214475.25370000117,
              414148.5335000027
            ],
            [
              214481.09210000001,
              414151.82430000044
            ],
            [
              214485.08300000057,
              414154.66109999828
            ],
            [
              214486.27120000217,
              414157.73709999956
            ],
            [
              214486.21060000081,
              414162.86419999786
            ],
            [
              214484.37289999984,
              414167.5532000009
            ],
            [
              214482.4170000013,
              414171.96280000359
            ],
            [
              214480.37349999882,
              414176.70469999872
            ],
            [
              214477.42440000363,
              414180.74810000323
            ],
            [
              214473.59750000108,
              414183.63590000197
            ],
            [
              214469.32900000084,
              414186.36320000142
            ],
            [
              214464.8404000001,
              414189.59139999934
            ],
            [
              214460.50980000384,
              414192.61339999922
            ],
            [
              214456.57909999974,
              414195.82420000061
            ],
            [
              214451.77030000091,
              414198.07149999961
            ],
            [
              214448.12710000016,
              414200.75719999894
            ],
            [
              214444.47300000116,
              414203.81430000067
            ],
            [
              214440.62230000366,
              414206.6585000027
            ],
            [
              214437.55670000054,
              414210.09910000116
            ],
            [
              214435.14970000181,
              414212.49340000004
            ],
            [
              214435.00020000059,
              414212.53859999962
            ],
            [
              214434.38040000107,
              414212.53150000051
            ],
            [
              214430.88260000013,
              414216.08740000241
            ],
            [
              214427.13650000002,
              414220.08460000157
            ],
            [
              214423.29060000181,
              414224.38519999757
            ],
            [
              214419.27590000071,
              414228.40900000185
            ],
            [
              214415.58230000176,
              414232.84950000234
            ],
            [
              214412.26920000371,
              414237.71030000038
            ],
            [
              214407.85360000189,
              414241.59389999881
            ],
            [
              214403.22730000317,
              414245.08630000055
            ],
            [
              214398.97509999946,
              414249.202100005
            ],
            [
              214394.1790000014,
              414252.38430000097
            ],
            [
              214389.70879999921,
              414256.34570000134
            ],
            [
              214386.11220000405,
              414260.00060000084
            ],
            [
              214382.40510000009,
              414263.792600004
            ],
            [
              214377.88100000378,
              414266.6686000023
            ],
            [
              214373.29430000018,
              414269.58590000309
            ],
            [
              214369.27800000273,
              414272.58049999736
            ],
            [
              214366.18680000026,
              414275.7191000022
            ],
            [
              214364.25030000042,
              414279.01740000211
            ],
            [
              214364.20230000373,
              414279.03160000034
            ]
          ]
        ]
      }
    }
  ]
}