{
  "displayFieldName" : "",
  "fieldAliases" : {
    "FID" : "FID",
    "PMNTN_SN" : "PMNTN_SN",
    "MNTN_CODE" : "MNTN_CODE",
    "MNTN_NM" : "MNTN_NM",
    "PMNTN_NM" : "PMNTN_NM",
    "PMNTN_MAIN" : "PMNTN_MAIN",
    "PMNTN_LT" : "PMNTN_LT",
    "PMNTN_DFFL" : "PMNTN_DFFL",
    "PMNTN_UPPL" : "PMNTN_UPPL",
    "PMNTN_GODN" : "PMNTN_GODN",
    "PMNTN_MTRQ" : "PMNTN_MTRQ",
    "PMNTN_CNRL" : "PMNTN_CNRL",
    "PMNTN_CLS_" : "PMNTN_CLS_",
    "PMNTN_RISK" : "PMNTN_RISK",
    "PMNTN_RECO" : "PMNTN_RECO",
    "DATA_STDR_" : "DATA_STDR_",
    "MNTN_ID" : "MNTN_ID"
  },
  "geometryType" : "esriGeometryPolyline",
  "spatialReference" : {
    "wkt" : "PROJCS[\"PCS_ITRF2000_TM\",GEOGCS[\"GCS_ITRF_2000\",DATUM[\"D_ITRF_2000\",SPHEROID[\"GRS_1980\",6378137.0,298.257222101]],PRIMEM[\"Greenwich\",0.0],UNIT[\"Degree\",0.0174532925199433]],PROJECTION[\"Transverse_Mercator\"],PARAMETER[\"False_Easting\",200000.0],PARAMETER[\"False_Northing\",600000.0],PARAMETER[\"Central_Meridian\",127.0],PARAMETER[\"Scale_Factor\",1.0],PARAMETER[\"Latitude_Of_Origin\",38.0],UNIT[\"Meter\",1.0]]"
  },
  "fields" : [
    {
      "name" : "FID",
      "type" : "esriFieldTypeOID",
      "alias" : "FID"
    },
    {
      "name" : "PMNTN_SN",
      "type" : "esriFieldTypeDouble",
      "alias" : "PMNTN_SN"
    },
    {
      "name" : "MNTN_CODE",
      "type" : "esriFieldTypeString",
      "alias" : "MNTN_CODE",
      "length" : 9
    },
    {
      "name" : "MNTN_NM",
      "type" : "esriFieldTypeString",
      "alias" : "MNTN_NM",
      "length" : 50
    },
    {
      "name" : "PMNTN_NM",
      "type" : "esriFieldTypeString",
      "alias" : "PMNTN_NM",
      "length" : 50
    },
    {
      "name" : "PMNTN_MAIN",
      "type" : "esriFieldTypeString",
      "alias" : "PMNTN_MAIN",
      "length" : 200
    },
    {
      "name" : "PMNTN_LT",
      "type" : "esriFieldTypeSingle",
      "alias" : "PMNTN_LT"
    },
    {
      "name" : "PMNTN_DFFL",
      "type" : "esriFieldTypeString",
      "alias" : "PMNTN_DFFL",
      "length" : 8
    },
    {
      "name" : "PMNTN_UPPL",
      "type" : "esriFieldTypeDouble",
      "alias" : "PMNTN_UPPL"
    },
    {
      "name" : "PMNTN_GODN",
      "type" : "esriFieldTypeDouble",
      "alias" : "PMNTN_GODN"
    },
    {
      "name" : "PMNTN_MTRQ",
      "type" : "esriFieldTypeString",
      "alias" : "PMNTN_MTRQ",
      "length" : 200
    },
    {
      "name" : "PMNTN_CNRL",
      "type" : "esriFieldTypeString",
      "alias" : "PMNTN_CNRL",
      "length" : 1
    },
    {
      "name" : "PMNTN_CLS_",
      "type" : "esriFieldTypeString",
      "alias" : "PMNTN_CLS_",
      "length" : 1
    },
    {
      "name" : "PMNTN_RISK",
      "type" : "esriFieldTypeString",
      "alias" : "PMNTN_RISK",
      "length" : 200
    },
    {
      "name" : "PMNTN_RECO",
      "type" : "esriFieldTypeString",
      "alias" : "PMNTN_RECO",
      "length" : 1
    },
    {
      "name" : "DATA_STDR_",
      "type" : "esriFieldTypeString",
      "alias" : "DATA_STDR_",
      "length" : 10
    },
    {
      "name" : "MNTN_ID",
      "type" : "esriFieldTypeString",
      "alias" : "MNTN_ID",
      "length" : 10
    }
  ],
  "features" : [
    {
      "attributes" : {
        "FID" : 0,
        "PMNTN_SN" : 16339,
        "MNTN_CODE" : "479201001",
        "MNTN_NM" : "매봉산",
        "PMNTN_NM" : "수식리원당골-봉화군가평리구간",
        "PMNTN_MAIN" : " ",
        "PMNTN_LT" : 4.94,
        "PMNTN_DFFL" : "쉬움",
        "PMNTN_UPPL" : 87,
        "PMNTN_GODN" : 61,
        "PMNTN_MTRQ" : "토반/시멘트",
        "PMNTN_CNRL" : " ",
        "PMNTN_CLS_" : " ",
        "PMNTN_RISK" : " ",
        "PMNTN_RECO" : " ",
        "DATA_STDR_" : "2016-12-31",
        "MNTN_ID" : "479201001"
      },
      "geometry" : {
        "paths" : [
          [
            [
              349878.51690000948,
              483065.44380000234
            ],
            [
              349911.99760000687,
              483047.86810000055
            ],
            [
              349957.68910001125,
              483036.07420000061
            ],
            [
              349990.43090000935,
              483031.54920000583
            ],
            [
              350009.99350000918,
              483030.62509999797
            ],
            [
              350027.14510001056,
              483034.62890000641
            ],
            [
              350047.04510001186,
              483032.02170000412
            ],
            [
              350066.59250001237,
              483025.18540000357
            ],
            [
              350077.29560000822,
              483017.25520000048
            ],
            [
              350089.35410001222,
              483008.43370000087
            ],
            [
              350107.2614000123,
              482999.79300000146
            ],
            [
              350126.84240000881,
              482988.12780000083
            ],
            [
              350156.89320001192,
              482974.54179999977
            ],
            [
              350178.6700000111,
              482971.10299999826
            ],
            [
              350207.35810001194,
              482965.68190000765
            ],
            [
              350229.3679000102,
              482959.84789999947
            ],
            [
              350240.24440001417,
              482948.13340000063
            ],
            [
              350248.60980001278,
              482943.03680000268
            ],
            [
              350257.24330000952,
              482942.84730000049
            ],
            [
              350270.37420000974,
              482947.14570000209
            ],
            [
              350277.39000000898,
              482953.49120000191
            ],
            [
              350290.39380000997,
              482955.10380000249
            ],
            [
              350305.80020001065,
              482951.75330000371
            ],
            [
              350319.49730000831,
              482956.49880000204
            ],
            [
              350333.47780000884,
              482956.41089999862
            ],
            [
              350339.79800001252,
              482944.50470000133
            ],
            [
              350337.61360000819,
              482919.84310000017
            ],
            [
              350339.8484000098,
              482901.27190000191
            ],
            [
              350351.31290001236,
              482888.07120000198
            ],
            [
              350363.20810001157,
              482886.30910000019
            ],
            [
              350370.83360000979,
              482894.32809999958
            ],
            [
              350378.79140000977,
              482921.5978000015
            ],
            [
              350383.61500000954,
              482930.32820000127
            ],
            [
              350388.62310001254,
              482936.58270000108
            ],
            [
              350397.5357000092,
              482939.23890000209
            ],
            [
              350405.90070001222,
              482936.03010000102
            ],
            [
              350407.87370001245,
              482925.11000000313
            ],
            [
              350403.72220000997,
              482918.52640000358
            ],
            [
              350394.6563000083,
              482913.05920000188
            ],
            [
              350395.73060000967,
              482904.05190000311
            ],
            [
              350404.2757000085,
              482896.43740000203
            ],
            [
              350411.77970001288,
              482893.64939999767
            ],
            [
              350429.20900001191,
              482887.17380000278
            ],
            [
              350434.96470000967,
              482881.4813000001
            ],
            [
              350438.14120001066,
              482870.46020000242
            ],
            [
              350435.38420000952,
              482848.70670000091
            ],
            [
              350436.19910000917,
              482831.98000000045
            ],
            [
              350442.22570000868,
              482816.16540000401
            ],
            [
              350447.3567000106,
              482806.48800000176
            ],
            [
              350445.36710000969,
              482790.20189999975
            ],
            [
              350430.23680000938,
              482775.08140000142
            ],
            [
              350421.09860001225,
              482768.37109999917
            ],
            [
              350418.65490001254,
              482758.50060000271
            ],
            [
              350425.55110000819,
              482751.53890000656
            ],
            [
              350441.80890001077,
              482755.06450000033
            ],
            [
              350450.75250001065,
              482760.2816000022
            ],
            [
              350459.25410001259,
              482769.43800000474
            ],
            [
              350468.87570001185,
              482764.66510000825
            ],
            [
              350479.48630001117,
              482761.83980000019
            ],
            [
              350492.53170001041,
              482765.26110000163
            ],
            [
              350496.853800009,
              482776.54830000177
            ],
            [
              350492.25350001082,
              482787.18350000121
            ],
            [
              350482.84750001132,
              482800.66730000451
            ],
            [
              350475.36160000972,
              482812.40260000154
            ],
            [
              350474.02840000857,
              482822.08129999973
            ],
            [
              350482.4062000094,
              482827.88800000213
            ],
            [
              350500.11340001132,
              482838.38509999961
            ],
            [
              350514.97170000989,
              482848.16320000216
            ],
            [
              350518.06170001067,
              482854.47079999931
            ],
            [
              350516.51890001073,
              482868.39650000446
            ],
            [
              350511.36160000972,
              482877.17039999925
            ],
            [
              350500.42270001117,
              482886.78160000406
            ],
            [
              350492.89760001376,
              482893.64939999767
            ],
            [
              350488.43750001118,
              482902.47000000067
            ],
            [
              350493.97700000834,
              482909.89700000174
            ],
            [
              350521.48390001338,
              482918.96000000276
            ],
            [
              350531.44510001037,
              482926.35769999959
            ],
            [
              350534.88260000944,
              482937.39110000059
            ],
            [
              350524.33550000936,
              482947.75120000169
            ],
            [
              350507.15920001268,
              482960.91750000045
            ],
            [
              350490.61180000938,
              482970.83709999919
            ],
            [
              350476.03280000947,
              482977.84260000102
            ],
            [
              350474.90890001133,
              482983.27190000005
            ],
            [
              350485.83920001052,
              482995.22360000759
            ],
            [
              350508.94580001011,
              483009.30000000447
            ],
            [
              350557.20510001201,
              483030.69180000201
            ],
            [
              350584.90790001117,
              483030.14900000021
            ],
            [
              350605.13050001021,
              483026.28669999912
            ],
            [
              350625.27360000648,
              483018.73130000196
            ],
            [
              350637.2700000098,
              483008.2786000073
            ],
            [
              350654.90450000763,
              482996.76009999961
            ],
            [
              350667.55000001192,
              483012.61030000262
            ],
            [
              350670.55980001204,
              483029.45350000076
            ],
            [
              350674.04090000875,
              483045.60789999925
            ],
            [
              350672.02200000919,
              483052.88590000384
            ],
            [
              350663.72230000794,
              483065.08400000073
            ],
            [
              350662.6999000106,
              483080.2386000026
            ],
            [
              350657.59580001235,
              483091.67039999925
            ],
            [
              350648.31330000889,
              483096.70390000381
            ],
            [
              350642.65120001137,
              483104.09960000217
            ],
            [
              350641.59640000947,
              483111.73520000651
            ],
            [
              350645.38780000992,
              483118.82170000114
            ],
            [
              350660.20240000822,
              483124.62700000219
            ],
            [
              350663.24210001156,
              483134.50870000198
            ],
            [
              350660.96160001028,
              483146.70089999959
            ],
            [
              350654.85790001228,
              483158.18439999968
            ],
            [
              350642.84740001149,
              483172.36830000021
            ],
            [
              350633.29640001245,
              483179.4199000001
            ],
            [
              350633.61660000961,
              483189.87460000254
            ],
            [
              350635.43160001002,
              483202.20119999908
            ],
            [
              350640.37570001092,
              483210.19610000215
            ],
            [
              350648.94980000798,
              483214.55980000086
            ],
            [
              350659.52650001179,
              483217.33210000023
            ],
            [
              350670.25710001122,
              483216.55319999903
            ],
            [
              350678.52430001181,
              483217.02850000001
            ],
            [
              350683.27800000831,
              483224.17740000039
            ],
            [
              350683.47830000892,
              483233.8526000008
            ],
            [
              350687.03620000929,
              483241.06699999981
            ],
            [
              350695.11200000998,
              483242.9857000038
            ],
            [
              350710.09470001142,
              483244.02660000324
            ],
            [
              350718.87030001171,
              483249.85760000162
            ],
            [
              350723.06310000829,
              483260.60600000061
            ],
            [
              350723.47670001257,
              483273.40799999982
            ],
            [
              350720.22160001099,
              483289.78050000034
            ],
            [
              350720.90690001007,
              483298.95100000128
            ],
            [
              350726.84700000938,
              483306.57410000265
            ],
            [
              350734.32320001256,
              483317.6948000025
            ],
            [
              350753.17120001186,
              483326.0131000001
            ],
            [
              350774.88230000995,
              483342.01830000058
            ],
            [
              350795.38790001255,
              483350.12090000324
            ],
            [
              350831.55660001002,
              483384.84830000065
            ],
            [
              350847.90930000972,
              483381.05310000107
            ],
            [
              350860.70550000947,
              483383.28329999931
            ],
            [
              350867.31980000809,
              483396.38040000014
            ],
            [
              350868.55120000988,
              483408.99960000068
            ],
            [
              350869.56470001023,
              483424.39780000038
            ],
            [
              350871.83490001038,
              483433.16670000181
            ],
            [
              350880.21720001008,
              483442.58349999972
            ],
            [
              350887.55380001012,
              483449.00250000134
            ],
            [
              350895.7261000108,
              483453.69349999912
            ],
            [
              350913.17940001003,
              483450.85890000127
            ],
            [
              350930.4342000084,
              483450.36070000008
            ],
            [
              350939.22820001096,
              483462.76429999992
            ],
            [
              350942.18360001128,
              483476.19370000251
            ],
            [
              350944.06670001149,
              483485.86500000209
            ],
            [
              350950.67810000945,
              483488.62800000608
            ],
            [
              350961.10470001027,
              483487.01029999927
            ],
            [
              350970.46060000919,
              483481.0150000006
            ],
            [
              350986.84650001023,
              483426.15350000188
            ],
            [
              351007.84030000865,
              483465.89399999939
            ],
            [
              351013.78290001024,
              483474.84170000441
            ],
            [
              351015.90060001146,
              483487.02340000309
            ],
            [
              351013.38870001119,
              483503.89600000158
            ],
            [
              351014.21080000792,
              483516.63280000165
            ],
            [
              351021.98280000966,
              483525.6996000018
            ],
            [
              351028.48160000984,
              483536.86450000107
            ],
            [
              351027.23980001081,
              483555.39350000024
            ],
            [
              351029.21120001003,
              483570.8844000008
            ],
            [
              351038.38850001339,
              483582.10850000009
            ],
            [
              351054.82070000842,
              483582.57530000061
            ],
            [
              351081.81420001108,
              483575.76349999756
            ],
            [
              351128.84090001043,
              483563.33420000039
            ],
            [
              351137.62340001296,
              483571.37800000794
            ],
            [
              351141.48750001006,
              483587.02779999748
            ],
            [
              351139.11830001231,
              483605.01780000329
            ],
            [
              351130.79660000931,
              483623.03340000287
            ],
            [
              351123.91340001207,
              483639.87060000002
            ],
            [
              351125.94700001087,
              483653.47940000333
            ],
            [
              351128.68160000909,
              483665.01160000078
            ],
            [
              351140.01530001033,
              483674.80500000343
            ],
            [
              351141.15600001346,
              483684.31479999982
            ],
            [
              351138.30150001124,
              483699.01479999907
            ],
            [
              351136.25230000913,
              483712.67500000633
            ],
            [
              351138.74840001017,
              483722.09480000474
            ],
            [
              351150.27860000916,
              483734.46020000428
            ],
            [
              351157.32490001246,
              483749.16440000013
            ],
            [
              351160.35570000857,
              483759.07860000059
            ],
            [
              351172.64550001174,
              483759.78090000153
            ],
            [
              351179.64330000896,
              483767.59520000219
            ],
            [
              351181.73130001128,
              483781.9652000051
            ],
            [
              351186.64940000884,
              483789.95740000159
            ],
            [
              351199.95650001243,
              483814.13640000112
            ],
            [
              351203.03490001056,
              483829.42569999956
            ],
            [
              351217.82600000873,
              483836.10110000335
            ],
            [
              351228.68600000907,
              483827.97830000333
            ],
            [
              351237.49270001147,
              483818.04770000093
            ],
            [
              351251.09290000889,
              483814.22990000248
            ],
            [
              351272.08520001173,
              483807.87950000353
            ],
            [
              351287.70740001183,
              483793.19710000418
            ],
            [
              351301.53620001115,
              483775.97910000198
            ],
            [
              351321.83380001225,
              483757.36280000396
            ],
            [
              351342.92830001004,
              483763.94010000117
            ],
            [
              351356.25860001054,
              483773.94560000114
            ],
            [
              351363.57050000969,
              483793.87200000137
            ],
            [
              351369.21060001198,
              483812.37380000204
            ],
            [
              351376.85150000919,
              483829.01640000194
            ],
            [
              351386.56100000814,
              483832.36010000296
            ],
            [
              351397.29530001152,
              483825.39320000634
            ],
            [
              351411.24590001162,
              483806.47770000249
            ],
            [
              351424.33010001387,
              483791.26410000212
            ],
            [
              351434.37090001162,
              483786.80810000189
            ],
            [
              351450.76160000823,
              483793.76140000112
            ],
            [
              351466.07050001249,
              483813.1510000024
            ],
            [
              351469.39510000963,
              483822.32840000466
            ],
            [
              351478.4210000122,
              483824.14849999733
            ],
            [
              351488.23910001107,
              483820.3133000005
            ],
            [
              351499.8670000108,
              483813.22550000064
            ],
            [
              351511.37010001019,
              483813.6866999995
            ],
            [
              351521.35020000953,
              483817.83060000092
            ],
            [
              351535.83990001213,
              483813.43819999881
            ],
            [
              351569.65940000955,
              483795.35600000061
            ],
            [
              351591.21140001249,
              483799.53029999882
            ],
            [
              351609.51920001209,
              483797.53040000796
            ],
            [
              351624.60480001196,
              483791.90520000085
            ],
            [
              351640.42440000828,
              483785.53360000066
            ],
            [
              351653.4808000112,
              483794.0318
            ],
            [
              351664.0359000098,
              483817.32300000079
            ],
            [
              351667.27870000992,
              483827.19009999931
            ],
            [
              351678.20510001201,
              483833.87560000084
            ],
            [
              351687.70870001242,
              483851.1640000008
            ],
            [
              351699.57560000755,
              483857.43020000309
            ],
            [
              351722.62080001086,
              483860.06490000337
            ],
            [
              351732.84360001143,
              483871.04239999875
            ],
            [
              351732.33100001048,
              483877.72160000354
            ],
            [
              351728.58480000962,
              483884.89750000276
            ],
            [
              351708.09480001125,
              483896.6857000012
            ],
            [
              351680.71350000985,
              483903.1528000012
            ],
            [
              351661.47320001107,
              483906.58920000494
            ],
            [
              351655.76380000822,
              483914.0055999998
            ],
            [
              351660.07880001236,
              483943.42470000125
            ],
            [
              351666.54750000965,
              483947.01640000008
            ],
            [
              351686.79400001001,
              483948.97729999945
            ],
            [
              351698.75290001277,
              483952.09979999997
            ],
            [
              351708.76770001184,
              483969.47259999998
            ],
            [
              351723.95710000955,
              483991.33880000189
            ],
            [
              351758.47980000917,
              484021.31510000303
            ],
            [
              351805.96080001164,
              484025.16489999741
            ],
            [
              351807.96580001153,
              484033.40130000189
            ],
            [
              351809.8734000111,
              484048.11649999954
            ],
            [
              351818.44350001216,
              484062.64500000142
            ],
            [
              351823.81160001084,
              484078.48770000227
            ],
            [
              351832.59770001192,
              484083.06870000251
            ],
            [
              351840.6801000135,
              484085.03880000301
            ],
            [
              351863.03160000965,
              484082.51180000044
            ],
            [
              351878.73450001236,
              484092.27470000088
            ],
            [
              351887.85340001341,
              484113.595900001
            ],
            [
              351899.62220001128,
              484126.61219999939
            ],
            [
              351919.32640000992,
              484145.67180000059
            ],
            [
              351937.00250000972,
              484169.85930000059
            ],
            [
              351953.89530001115,
              484193.59170000255
            ],
            [
              351968.19480000809,
              484202.45380000025
            ],
            [
              351985.37740001455,
              484203.65430000238
            ],
            [
              351999.67700001225,
              484215.43790000118
            ],
            [
              352008.09580001142,
              484220.7517000027
            ],
            [
              352016.19450001139,
              484223.78040000238
            ],
            [
              352033.23980000988,
              484222.96239999868
            ],
            [
              352045.26030001231,
              484220.46120000444
            ],
            [
              352073.20560001116,
              484228.05140000768
            ],
            [
              352091.63240001258,
              484219.43750000745
            ],
            [
              352130.26020001341,
              484200.48479999974
            ],
            [
              352138.23100001086,
              484198.02300000191
            ],
            [
              352147.3997000102,
              484199.64110000432
            ],
            [
              352156.1774000125,
              484214.07069999911
            ],
            [
              352164.03120001312,
              484225.94600000419
            ],
            [
              352164.29240001086,
              484226.1772000026
            ],
            [
              352173.13460001349,
              484232.71209999733
            ],
            [
              352185.04230001103,
              484239.62220000103
            ],
            [
              352203.89420001023,
              484235.52810000256
            ],
            [
              352207.7327000089,
              484231.78070000373
            ],
            [
              352221.63910001144,
              484218.20430000126
            ],
            [
              352238.10780001245,
              484213.91190000065
            ],
            [
              352247.95330001134,
              484209.67130000144
            ],
            [
              352261.18930000905,
              484215.53680000082
            ],
            [
              352263.62560000923,
              484224.27629999816
            ],
            [
              352260.50590001419,
              484237.35650000162
            ],
            [
              352258.3940000115,
              484256.32950000465
            ],
            [
              352250.89590001013,
              484271.73460000567
            ],
            [
              352236.52260001097,
              484285.00290000252
            ],
            [
              352221.8006000109,
              484309.4811000023
            ],
            [
              352213.04970001057,
              484324.18390000612
            ],
            [
              352215.25130001083,
              484332.68880000152
            ],
            [
              352219.57030001096,
              484340.65410000645
            ],
            [
              352252.46730001085,
              484380.03720000014
            ],
            [
              352268.52810001187,
              484390.88870000094
            ],
            [
              352288.47720000986,
              484393.19209999964
            ],
            [
              352320.38380001206,
              484392.89169999957
            ],
            [
              352330.13220001291,
              484398.06609999947
            ],
            [
              352335.01670001168,
              484404.37600000016
            ],
            [
              352336.3490000125,
              484417.24700000137
            ],
            [
              352332.82100001443,
              484427.26110000163
            ],
            [
              352326.81100001186,
              484446.71880000085
            ],
            [
              352333.09890001081,
              484458.99320000224
            ],
            [
              352342.7495000083,
              484465.21180000156
            ],
            [
              352364.41230000928,
              484468.1763000004
            ],
            [
              352381.89940001164,
              484464.09750000015
            ],
            [
              352396.18340001069,
              484462.08909999952
            ],
            [
              352406.20130000915,
              484464.66420000046
            ],
            [
              352423.37450001203,
              484479.39280000143
            ],
            [
              352432.51400001161,
              484500.50750000216
            ],
            [
              352438.27850001026,
              484513.23240000382
            ]
          ]
        ]
      }
    },
    {
      "attributes" : {
        "FID" : 1,
        "PMNTN_SN" : 16340,
        "MNTN_CODE" : "479201001",
        "MNTN_NM" : "매봉산",
        "PMNTN_NM" : "수식리원당골-봉화군가평리구간",
        "PMNTN_MAIN" : " ",
        "PMNTN_LT" : 2.74,
        "PMNTN_DFFL" : "쉬움",
        "PMNTN_UPPL" : 48,
        "PMNTN_GODN" : 34,
        "PMNTN_MTRQ" : "토반/시멘트",
        "PMNTN_CNRL" : " ",
        "PMNTN_CLS_" : " ",
        "PMNTN_RISK" : " ",
        "PMNTN_RECO" : " ",
        "DATA_STDR_" : "2016-12-31",
        "MNTN_ID" : "479201001"
      },
      "geometry" : {
        "paths" : [
          [
            [
              352438.27850001026,
              484513.23240000382
            ],
            [
              352449.76700000931,
              484512.42520000041
            ],
            [
              352461.30300000869,
              484511.90589999966
            ],
            [
              352472.57550001238,
              484512.31560000218
            ],
            [
              352483.24670001213,
              484516.71299999952
            ],
            [
              352493.94510000944,
              484524.25620000437
            ],
            [
              352508.14910001121,
              484531.32340000384
            ],
            [
              352521.68550001085,
              484536.36740000173
            ],
            [
              352530.91940001119,
              484543.94219999947
            ],
            [
              352544.10010001343,
              484555.65259999782
            ],
            [
              352558.76270001195,
              484569.54010000452
            ],
            [
              352575.0711000124,
              484584.88410000131
            ],
            [
              352582.88840001263,
              484591.8003000021
            ],
            [
              352588.92970000952,
              484594.30410000123
            ],
            [
              352601.47460000869,
              484596.79240000062
            ],
            [
              352613.42720001191,
              484597.0407000035
            ],
            [
              352622.13250001054,
              484593.61690000072
            ],
            [
              352626.72540001106,
              484587.35280000046
            ],
            [
              352628.47290001158,
              484576.96250000224
            ],
            [
              352633.34880000912,
              484569.73720000498
            ],
            [
              352639.74290000927,
              484565.71940000542
            ],
            [
              352650.34100001119,
              484565.34520000406
            ],
            [
              352657.78320001159,
              484571.27480000444
            ],
            [
              352661.96400000807,
              484578.36570000276
            ],
            [
              352663.13310000952,
              484586.65880000219
            ],
            [
              352662.93730001152,
              484593.90179999918
            ],
            [
              352666.33000001032,
              484601.99789999984
            ],
            [
              352671.82290001493,
              484609.33840000071
            ],
            [
              352674.18250000942,
              484613.78790000454
            ],
            [
              352673.53320001345,
              484619.18679999933
            ],
            [
              352668.14410001319,
              484625.16250000335
            ],
            [
              352656.28000001144,
              484633.432099998
            ],
            [
              352644.22000001185,
              484637.73460000008
            ],
            [
              352633.63630001247,
              484638.10540000722
            ],
            [
              352614.87480001152,
              484647.49970000051
            ],
            [
              352596.66500001214,
              484654.39470000193
            ],
            [
              352586.0489000082,
              484656.25570000149
            ],
            [
              352560.41300001089,
              484641.9074000027
            ],
            [
              352554.98100001086,
              484633.98389999941
            ],
            [
              352551.80730001163,
              484625.38609999977
            ],
            [
              352542.49560001027,
              484622.30330000259
            ],
            [
              352531.37550001033,
              484619.81810000166
            ],
            [
              352523.01600001287,
              484612.36880000122
            ],
            [
              352519.69570001215,
              484600.93290000223
            ],
            [
              352514.9023000123,
              484587.75349999964
            ],
            [
              352502.34550000727,
              484578.68899999931
            ],
            [
              352488.8827000102,
              484569.34999999963
            ],
            [
              352478.84130001161,
              484567.5700000003
            ],
            [
              352470.297800011,
              484569.41600000113
            ],
            [
              352460.20690001268,
              484572.06210000254
            ],
            [
              352453.73410001118,
              484576.01630000211
            ],
            [
              352446.65200000908,
              484587.38000000268
            ],
            [
              352442.57520001195,
              484599.93490000255
            ],
            [
              352443.06030001212,
              484606.55640000477
            ],
            [
              352444.00000001211,
              484618.32640000433
            ],
            [
              352441.57950001117,
              484626.6297999993
            ],
            [
              352437.6253000116,
              484632.42680000328
            ],
            [
              352430.46110000741,
              484633.26270000264
            ],
            [
              352410.17990001291,
              484630.26550000347
            ],
            [
              352396.66090000886,
              484635.6838000007
            ],
            [
              352388.12600000948,
              484644.10380000435
            ],
            [
              352389.12500001211,
              484652.0920000039
            ],
            [
              352398.11720001046,
              484656.01300000586
            ],
            [
              352419.09870001301,
              484659.32530000247
            ],
            [
              352436.89240001142,
              484671.72530000098
            ],
            [
              352451.78440001141,
              484672.1492999997
            ],
            [
              352460.82120001316,
              484674.60140000656
            ],
            [
              352489.30050001014,
              484696.12179999985
            ],
            [
              352495.36370001081,
              484705.04480000772
            ],
            [
              352521.88150001131,
              484730.08570000716
            ],
            [
              352532.58610001113,
              484740.64440000057
            ],
            [
              352542.92380001117,
              484744.26010000147
            ],
            [
              352558.34930001013,
              484743.41169999912
            ],
            [
              352573.58060001023,
              484746.92770000175
            ],
            [
              352594.23600000888,
              484754.18649999984
            ],
            [
              352610.53460001014,
              484764.72980000079
            ],
            [
              352624.21290001087,
              484780.19510000013
            ],
            [
              352630.41230001301,
              484782.17109999806
            ],
            [
              352644.72380001005,
              484777.43500000425
            ],
            [
              352666.83580001071,
              484777.38670000248
            ],
            [
              352678.80100001115,
              484780.80460000038
            ],
            [
              352689.52290001046,
              484788.24960000254
            ],
            [
              352702.47860001121,
              484804.49610000104
            ],
            [
              352726.85570001137,
              484823.67840000242
            ],
            [
              352727.71760001034,
              484832.4188000001
            ],
            [
              352726.45410000812,
              484842.45350000076
            ],
            [
              352720.95990001224,
              484854.08570000343
            ],
            [
              352721.04520001169,
              484866.79279999994
            ],
            [
              352724.27490001172,
              484878.46920000762
            ],
            [
              352724.12540001329,
              484894.34420000389
            ],
            [
              352716.54020000715,
              484906.48570000008
            ],
            [
              352710.48960001208,
              484917.61740000173
            ],
            [
              352716.21220001206,
              484931.87080000155
            ],
            [
              352722.16290001106,
              484947.3647000026
            ],
            [
              352723.19070001319,
              484966.35780000314
            ],
            [
              352718.20500001218,
              484983.30289999954
            ],
            [
              352716.97350001149,
              484994.47890000232
            ],
            [
              352721.52080001123,
              485012.58930000477
            ],
            [
              352717.32240001298,
              485027.58260000311
            ],
            [
              352700.8398000095,
              485041.16100000218
            ],
            [
              352686.99250001181,
              485048.26360000297
            ],
            [
              352658.93040001206,
              485067.2752000019
            ],
            [
              352642.81470001116,
              485137.25010000169
            ],
            [
              352640.01270000916,
              485163.25170000084
            ],
            [
              352631.87410001084,
              485189.9226000011
            ],
            [
              352622.19990001339,
              485210.90359999985
            ],
            [
              352614.1672000112,
              485223.01590000279
            ],
            [
              352610.70280000847,
              485233.46220000461
            ],
            [
              352614.5216000108,
              485250.23730000108
            ],
            [
              352618.62920001056,
              485264.96570000052
            ],
            [
              352632.42050001211,
              485287.45200000145
            ],
            [
              352686.11300001107,
              485325.19910000078
            ],
            [
              352701.98780001327,
              485336.91980000027
            ],
            [
              352727.40150001086,
              485351.07250000164
            ],
            [
              352735.59400000889,
              485355.85510000214
            ],
            [
              352740.25380001031,
              485367.1314000003
            ],
            [
              352743.85790000949,
              485374.97460000403
            ],
            [
              352753.28270001151,
              485381.34960000031
            ],
            [
              352774.82430001069,
              485388.86119999737
            ],
            [
              352791.28400001116,
              485393.58490000106
            ],
            [
              352808.18410001136,
              485402.03910000063
            ],
            [
              352816.54190001078,
              485406.62520000339
            ],
            [
              352835.28150001261,
              485414.65069999918
            ],
            [
              352851.48060000874,
              485424.03010000102
            ],
            [
              352862.88240001258,
              485426.78830000199
            ],
            [
              352876.96780001093,
              485427.62990000099
            ],
            [
              352899.15480001271,
              485434.9952000007
            ],
            [
              352931.02310001291,
              485443.10030000098
            ],
            [
              352951.49940001126,
              485448.37319999933
            ],
            [
              352961.84390001185,
              485447.36739999987
            ],
            [
              352978.91730001289,
              485453.01890000142
            ],
            [
              352994.35480001103,
              485460.0213000048
            ],
            [
              353030.1466000108,
              485471.51169999875
            ],
            [
              353046.47540001106,
              485466.97290000319
            ],
            [
              353059.54620001093,
              485463.51160000078
            ],
            [
              353081.6748000104,
              485460.25200000219
            ],
            [
              353098.35050001182,
              485453.97079999931
            ],
            [
              353111.33160001133,
              485455.15710000321
            ],
            [
              353122.82840001117,
              485456.34670000151
            ],
            [
              353138.70350001194,
              485442.73770000227
            ],
            [
              353147.34020001255,
              485435.76820000261
            ],
            [
              353155.41700001247,
              485434.73570000008
            ],
            [
              353164.93460001238,
              485430.35920000263
            ],
            [
              353174.63230000995,
              485424.86690000072
            ],
            [
              353180.73940000962,
              485424.75880000181
            ],
            [
              353190.00300001074,
              485428.80370000377
            ],
            [
              353199.48620001134,
              485434.88020000048
            ],
            [
              353218.62740000803,
              485438.48170000315
            ],
            [
              353243.77990000881,
              485443.87620000169
            ],
            [
              353270.43910001311,
              485450.14850000665
            ],
            [
              353288.3015000131,
              485454.38649999909
            ],
            [
              353308.75940001104,
              485453.99320000038
            ],
            [
              353340.14570000954,
              485478.88730000332
            ],
            [
              353361.47160001099,
              485495.58950000256
            ],
            [
              353374.70050001144,
              485508.12410000525
            ],
            [
              353391.99110001139,
              485516.7989000082
            ],
            [
              353408.1067000106,
              485523.20190000534
            ],
            [
              353425.35930001084,
              485528.65150000155
            ],
            [
              353444.97690001223,
              485539.2508000005
            ],
            [
              353457.43850001227,
              485547.8245000001
            ],
            [
              353470.65090001188,
              485557.10710000247
            ],
            [
              353477.39890001528,
              485567.2322000023
            ],
            [
              353476.17010001093,
              485585.92149999924
            ],
            [
              353472.4490000112,
              485598.58320000023
            ],
            [
              353470.09150001127,
              485613.44120000117
            ],
            [
              353469.43150001019,
              485623.19630000181
            ],
            [
              353468.49100001343,
              485633.26009999961
            ],
            [
              353469.59090001229,
              485647.97399999946
            ],
            [
              353467.21670000907,
              485657.31049999781
            ],
            [
              353466.86760000978,
              485668.64300000481
            ],
            [
              353471.5477000121,
              485674.99679999985
            ],
            [
              353484.89130001236,
              485674.2050999999
            ],
            [
              353497.89810001291,
              485673.43520000204
            ],
            [
              353512.673900011,
              485671.70090000145
            ]
          ]
        ]
      }
    },
    {
      "attributes" : {
        "FID" : 2,
        "PMNTN_SN" : 16341,
        "MNTN_CODE" : "479201001",
        "MNTN_NM" : "매봉산",
        "PMNTN_NM" : "두문1리마을회관-등산로구간",
        "PMNTN_MAIN" : " ",
        "PMNTN_LT" : 2.28,
        "PMNTN_DFFL" : "쉬움",
        "PMNTN_UPPL" : 40,
        "PMNTN_GODN" : 28,
        "PMNTN_MTRQ" : "토반/시멘트",
        "PMNTN_CNRL" : " ",
        "PMNTN_CLS_" : " ",
        "PMNTN_RISK" : " ",
        "PMNTN_RECO" : " ",
        "DATA_STDR_" : "2016-12-31",
        "MNTN_ID" : "479201001"
      },
      "geometry" : {
        "paths" : [
          [
            [
              352438.27850001026,
              484513.23240000382
            ],
            [
              352433.18160001002,
              484518.10349999927
            ],
            [
              352420.12810001243,
              484521.47260000184
            ],
            [
              352399.23380000982,
              484522.72960000113
            ],
            [
              352390.4910000097,
              484521.52969999984
            ],
            [
              352383.97270001099,
              484513.45480000228
            ],
            [
              352372.98660001345,
              484509.11030000821
            ],
            [
              352363.11000001058,
              484510.59310000017
            ],
            [
              352350.78390001319,
              484514.13180000149
            ],
            [
              352337.47660001181,
              484513.38030000031
            ],
            [
              352322.1027000118,
              484509.96350000054
            ],
            [
              352310.09090000857,
              484511.80829999968
            ],
            [
              352295.40120000951,
              484514.27350000106
            ],
            [
              352287.82710001245,
              484508.70720000193
            ],
            [
              352281.19040001091,
              484499.49990000762
            ],
            [
              352271.57990001142,
              484492.18900000304
            ],
            [
              352257.62800000887,
              484488.63419999927
            ],
            [
              352243.30540001206,
              484487.61380000226
            ],
            [
              352224.34820001107,
              484494.63279999979
            ],
            [
              352215.88480000757,
              484502.39590000175
            ],
            [
              352209.06080001127,
              484514.56750000641
            ],
            [
              352205.90030001011,
              484529.97790000029
            ],
            [
              352198.4715000093,
              484536.29509999789
            ],
            [
              352184.03300001193,
              484537.39949999936
            ],
            [
              352169.56760001089,
              484546.09449999966
            ],
            [
              352162.56570000853,
              484559.56540000252
            ],
            [
              352155.72760001291,
              484574.13060000166
            ],
            [
              352144.75550000835,
              484576.64120000042
            ],
            [
              352133.00140000973,
              484584.30870000459
            ],
            [
              352125.91210001148,
              484596.1454000026
            ],
            [
              352126.51370001119,
              484610.02660000324
            ],
            [
              352122.77190000936,
              484618.29740000144
            ],
            [
              352117.27610001061,
              484618.99570000172
            ],
            [
              352101.54400001187,
              484618.64220000058
            ],
            [
              352085.6345000118,
              484613.72330000252
            ],
            [
              352042.9379000105,
              484574.75680000708
            ],
            [
              352024.10630001128,
              484561.91039999947
            ],
            [
              352011.51030001324,
              484561.95640000142
            ],
            [
              351971.29630001076,
              484618.23619999923
            ],
            [
              351952.76990001183,
              484626.80520000309
            ],
            [
              351940.6264000088,
              484632.42190000415
            ],
            [
              351933.85960001126,
              484642.99470000155
            ],
            [
              351941.44770001154,
              484647.77470000647
            ],
            [
              351956.02980000898,
              484643.8946000021
            ],
            [
              351961.510600009,
              484692.55630000681
            ],
            [
              351950.36870001256,
              484704.11980000138
            ],
            [
              351955.74700000882,
              484723.28420000151
            ],
            [
              352014.45420001168,
              484767.93450000137
            ],
            [
              352000.47480001021,
              484799.0549999997
            ],
            [
              352002.19370000996,
              484810.5504999999
            ],
            [
              352013.82040000893,
              484834.92370000109
            ],
            [
              352021.2576000113,
              484845.98710000142
            ],
            [
              352023.35560000967,
              484858.10800000094
            ],
            [
              352019.28890001122,
              484864.97210000083
            ],
            [
              351994.92820001394,
              484854.36409999989
            ],
            [
              351976.2094000103,
              484857.39880000241
            ],
            [
              351965.37570000812,
              484865.00450000353
            ],
            [
              351957.2961000111,
              484877.11890000105
            ],
            [
              351953.44350000937,
              484896.49590000696
            ],
            [
              351947.1953000091,
              484910.59810000099
            ],
            [
              351937.79450001195,
              484918.24210000224
            ],
            [
              351934.85680000763,
              484927.57019999996
            ],
            [
              351952.25910001155,
              484934.79089999944
            ],
            [
              351961.44340001047,
              484952.16139999963
            ],
            [
              351962.94680001307,
              484964.08420000225
            ],
            [
              351959.13060001098,
              484972.15320000052
            ],
            [
              351947.72080001049,
              484985.91389999911
            ],
            [
              351938.45200001169,
              484996.48750000075
            ],
            [
              351932.20430001244,
              485003.23910000175
            ],
            [
              351926.57920001168,
              485012.47230000049
            ],
            [
              351918.9527000105,
              485032.13700000383
            ],
            [
              351909.47660001181,
              485038.42860000208
            ],
            [
              351913.02940001152,
              485054.6381000001
            ],
            [
              351914.14680001233,
              485075.03230000101
            ],
            [
              351911.0169000132,
              485096.38930000179
            ],
            [
              351910.5430000117,
              485125.39980000816
            ],
            [
              351913.33880000934,
              485146.36530000158
            ],
            [
              351918.49580001179,
              485156.77990000322
            ],
            [
              351928.62180001102,
              485169.5158000011
            ],
            [
              351932.07040001173,
              485193.59340000153
            ],
            [
              351931.65340001136,
              485209.66410000063
            ],
            [
              351924.30900001153,
              485229.05020000413
            ],
            [
              351921.18810001109,
              485237.28830000386
            ],
            [
              351917.39350001235,
              485241.08529999852
            ],
            [
              351912.3352000108,
              485243.68569999933
            ],
            [
              351901.19080001023,
              485247.48699999973
            ],
            [
              351886.50710001215,
              485251.4458000008
            ],
            [
              351877.48060001247,
              485253.4326000046
            ],
            [
              351869.37010000646,
              485256.15190000087
            ],
            [
              351866.39230001159,
              485260.14960000291
            ],
            [
              351861.8175000092,
              485272.26669999957
            ],
            [
              351854.64300001226,
              485279.04900000058
            ],
            [
              351848.73870001175,
              485289.80050000176
            ],
            [
              351846.5630000094,
              485304.15020000003
            ],
            [
              351843.46500001103,
              485317.9366999995
            ],
            [
              351835.329600011,
              485335.48839999922
            ],
            [
              351830.51810001116,
              485343.48080000281
            ],
            [
              351824.33010001387,
              485350.56400000118
            ],
            [
              351822.60050000995,
              485358.10290000215
            ],
            [
              351823.25560001191,
              485372.65340000205
            ],
            [
              351819.28680001199,
              485382.47540000267
            ],
            [
              351821.19230001234,
              485395.11660000496
            ],
            [
              351822.44730001315,
              485404.86610000208
            ],
            [
              351822.16830001213,
              485416.23380000331
            ],
            [
              351818.55960001238,
              485423.60660000145
            ],
            [
              351815.73250001296,
              485435.63379999995
            ],
            [
              351812.69890001416,
              485453.39779999852
            ],
            [
              351808.21680001169,
              485469.99699999951
            ],
            [
              351804.33860001247,
              485482.78390000202
            ],
            [
              351802.82820001151,
              485492.68040000089
            ],
            [
              351802.40510000847,
              485511.19720000029
            ],
            [
              351799.44530001283,
              485523.43069999851
            ],
            [
              351796.36180000938,
              485529.96700000018
            ],
            [
              351792.63870001119,
              485538.67569999956
            ],
            [
              351790.30650001112,
              485547.39100000076
            ],
            [
              351789.26700001303,
              485555.00760000385
            ],
            [
              351788.92560000811,
              485567.22230000049
            ],
            [
              351788.46370001137,
              485576.54920000024
            ],
            [
              351787.25990001112,
              485581.77840000391
            ],
            [
              351785.84770001099,
              485587.91269999929
            ],
            [
              351785.25180000812,
              485597.2052000016
            ],
            [
              351807.96950001176,
              485622.74790000357
            ],
            [
              351817.33090001158,
              485627.06500000134
            ],
            [
              351822.42710001115,
              485629.41510000452
            ],
            [
              351827.38990001101,
              485633.89150000364
            ],
            [
              351828.70500001218,
              485646.19849999994
            ],
            [
              351831.52310001105,
              485654.0242999997
            ],
            [
              351837.01810001209,
              485664.03560000099
            ],
            [
              351843.06210001186,
              485672.98950000294
            ],
            [
              351851.30840001069,
              485684.76400000043
            ],
            [
              351860.81960001029,
              485707.91290000081
            ],
            [
              351869.35020001046,
              485721.23130000383
            ],
            [
              351871.3406000128,
              485732.76290000044
            ],
            [
              351866.7587000113,
              485741.36889999919
            ],
            [
              351862.08980001044,
              485748.19640000351
            ],
            [
              351854.37830000836,
              485751.12280000001
            ],
            [
              351850.80920001119,
              485757.11649999954
            ],
            [
              351847.0170000121,
              485771.06780000404
            ],
            [
              351847.98660001066,
              485779.42689999938
            ],
            [
              351855.97850000951,
              485786.4458000008
            ],
            [
              351868.96830001287,
              485793.80639999919
            ],
            [
              351873.71550001483,
              485801.40249999985
            ],
            [
              351885.88970001042,
              485811.32610000111
            ],
            [
              351893.8875000095,
              485815.98490000516
            ],
            [
              351902.99530001264,
              485824.15510000102
            ],
            [
              351902.44290001225,
              485839.47169999965
            ],
            [
              351899.6615000125,
              485851.4112999998
            ],
            [
              351889.65580001194,
              485868.75170000084
            ],
            [
              351883.44330000971,
              485877.97690000013
            ],
            [
              351879.86480001174,
              485885.66220000386
            ],
            [
              351877.89930000994,
              485893.35290000029
            ],
            [
              351879.66570001096,
              485905.13499999978
            ],
            [
              351882.91530000884,
              485923.87930000387
            ],
            [
              351896.74610000849,
              485930.10749999993
            ],
            [
              351919.72220001183,
              485935.18250000291
            ]
          ]
        ]
      }
    }
  ]
}