{
  "displayFieldName" : "",
  "fieldAliases" : {
    "FID" : "FID",
    "PMNTN_SN" : "PMNTN_SN",
    "MNTN_CODE" : "MNTN_CODE",
    "MNTN_NM" : "MNTN_NM",
    "PMNTN_NM" : "PMNTN_NM",
    "PMNTN_MAIN" : "PMNTN_MAIN",
    "PMNTN_LT" : "PMNTN_LT",
    "PMNTN_DFFL" : "PMNTN_DFFL",
    "PMNTN_UPPL" : "PMNTN_UPPL",
    "PMNTN_GODN" : "PMNTN_GODN",
    "PMNTN_MTRQ" : "PMNTN_MTRQ",
    "PMNTN_CNRL" : "PMNTN_CNRL",
    "PMNTN_CLS_" : "PMNTN_CLS_",
    "PMNTN_RISK" : "PMNTN_RISK",
    "PMNTN_RECO" : "PMNTN_RECO",
    "DATA_STDR_" : "DATA_STDR_",
    "MNTN_ID" : "MNTN_ID"
  },
  "geometryType" : "esriGeometryPolyline",
  "spatialReference" : {
    "wkt" : "PROJCS[\"PCS_ITRF2000_TM\",GEOGCS[\"GCS_ITRF_2000\",DATUM[\"D_ITRF_2000\",SPHEROID[\"GRS_1980\",6378137.0,298.257222101]],PRIMEM[\"Greenwich\",0.0],UNIT[\"Degree\",0.0174532925199433]],PROJECTION[\"Transverse_Mercator\"],PARAMETER[\"False_Easting\",200000.0],PARAMETER[\"False_Northing\",600000.0],PARAMETER[\"Central_Meridian\",127.0],PARAMETER[\"Scale_Factor\",1.0],PARAMETER[\"Latitude_Of_Origin\",38.0],UNIT[\"Meter\",1.0]]"
  },
  "fields" : [
    {
      "name" : "FID",
      "type" : "esriFieldTypeOID",
      "alias" : "FID"
    },
    {
      "name" : "PMNTN_SN",
      "type" : "esriFieldTypeDouble",
      "alias" : "PMNTN_SN"
    },
    {
      "name" : "MNTN_CODE",
      "type" : "esriFieldTypeString",
      "alias" : "MNTN_CODE",
      "length" : 9
    },
    {
      "name" : "MNTN_NM",
      "type" : "esriFieldTypeString",
      "alias" : "MNTN_NM",
      "length" : 50
    },
    {
      "name" : "PMNTN_NM",
      "type" : "esriFieldTypeString",
      "alias" : "PMNTN_NM",
      "length" : 50
    },
    {
      "name" : "PMNTN_MAIN",
      "type" : "esriFieldTypeString",
      "alias" : "PMNTN_MAIN",
      "length" : 200
    },
    {
      "name" : "PMNTN_LT",
      "type" : "esriFieldTypeSingle",
      "alias" : "PMNTN_LT"
    },
    {
      "name" : "PMNTN_DFFL",
      "type" : "esriFieldTypeString",
      "alias" : "PMNTN_DFFL",
      "length" : 8
    },
    {
      "name" : "PMNTN_UPPL",
      "type" : "esriFieldTypeDouble",
      "alias" : "PMNTN_UPPL"
    },
    {
      "name" : "PMNTN_GODN",
      "type" : "esriFieldTypeDouble",
      "alias" : "PMNTN_GODN"
    },
    {
      "name" : "PMNTN_MTRQ",
      "type" : "esriFieldTypeString",
      "alias" : "PMNTN_MTRQ",
      "length" : 200
    },
    {
      "name" : "PMNTN_CNRL",
      "type" : "esriFieldTypeString",
      "alias" : "PMNTN_CNRL",
      "length" : 1
    },
    {
      "name" : "PMNTN_CLS_",
      "type" : "esriFieldTypeString",
      "alias" : "PMNTN_CLS_",
      "length" : 1
    },
    {
      "name" : "PMNTN_RISK",
      "type" : "esriFieldTypeString",
      "alias" : "PMNTN_RISK",
      "length" : 200
    },
    {
      "name" : "PMNTN_RECO",
      "type" : "esriFieldTypeString",
      "alias" : "PMNTN_RECO",
      "length" : 1
    },
    {
      "name" : "DATA_STDR_",
      "type" : "esriFieldTypeString",
      "alias" : "DATA_STDR_",
      "length" : 10
    },
    {
      "name" : "MNTN_ID",
      "type" : "esriFieldTypeString",
      "alias" : "MNTN_ID",
      "length" : 10
    }
  ],
  "features" : [
    {
      "attributes" : {
        "FID" : 0,
        "PMNTN_SN" : 33503,
        "MNTN_CODE" : "428307701",
        "MNTN_NM" : "수리산",
        "PMNTN_NM" : "수리구간",
        "PMNTN_MAIN" : " ",
        "PMNTN_LT" : 0.68,
        "PMNTN_DFFL" : "쉬움",
        "PMNTN_UPPL" : 12,
        "PMNTN_GODN" : 8,
        "PMNTN_MTRQ" : " ",
        "PMNTN_CNRL" : " ",
        "PMNTN_CLS_" : " ",
        "PMNTN_RISK" : " ",
        "PMNTN_RECO" : " ",
        "DATA_STDR_" : "2016-12-31",
        "MNTN_ID" : "428302701"
      },
      "geometry" : {
        "paths" : [
          [
            [
              339951.80300000031,
              605416.49909999967
            ],
            [
              339938.33840000071,
              605419.28490000218
            ],
            [
              339929.67000000086,
              605421.1866999995
            ],
            [
              339923.16140000056,
              605422.80670000054
            ],
            [
              339915.29629999958,
              605424.1109000016
            ],
            [
              339911.35769999959,
              605425.39700000174
            ],
            [
              339909.72880000062,
              605427.77370000444
            ],
            [
              339911.67200000118,
              605433.60469999909
            ],
            [
              339910.08540000115,
              605436.9140000008
            ],
            [
              339906.76790000033,
              605439.75860000215
            ],
            [
              339900.07130000088,
              605442.34060000069
            ],
            [
              339898.60850000009,
              605445.54420000128
            ],
            [
              339898.71380000096,
              605449.18720000237
            ],
            [
              339899.33750000037,
              605452.24990000203
            ],
            [
              339901.19470000081,
              605456.89290000126
            ],
            [
              339901.62800000142,
              605459.81970000267
            ],
            [
              339901.42929999996,
              605466.23320000246
            ],
            [
              339901.89250000101,
              605469.85350000113
            ],
            [
              339903.76999999955,
              605475.84809999913
            ],
            [
              339903.96080000047,
              605479.22509999946
            ],
            [
              339903.12380000204,
              605485.11199999787
            ],
            [
              339903.14440000057,
              605489.75589999929
            ],
            [
              339903.79730000068,
              605492.88760000095
            ],
            [
              339906.08729999978,
              605497.47629999928
            ],
            [
              339905.5485000005,
              605501.25230000168
            ],
            [
              339903.26840000227,
              605504.71860000119
            ],
            [
              339900.26610000059,
              605507.9654000029
            ],
            [
              339897.45849999972,
              605510.41610000096
            ],
            [
              339892.83740000054,
              605513.53690000065
            ],
            [
              339889.48270000052,
              605515.38189999945
            ],
            [
              339887.44340000115,
              605517.38230000064
            ],
            [
              339884.56319999974,
              605525.42850000039
            ],
            [
              339881.31490000151,
              605529.52900000103
            ],
            [
              339877.51570000127,
              605532.57300000452
            ],
            [
              339874.19710000139,
              605534.68720000051
            ],
            [
              339870.86079999991,
              605536.35040000267
            ],
            [
              339867.61560000107,
              605537.50890000351
            ],
            [
              339863.3451000005,
              605538.17370000109
            ],
            [
              339854.94370000158,
              605534.42989999801
            ],
            [
              339850.27940000128,
              605534.71499999985
            ],
            [
              339845.64710000064,
              605535.36110000126
            ],
            [
              339841.13940000068,
              605536.35539999977
            ],
            [
              339836.83610000089,
              605537.6799999997
            ],
            [
              339832.16500000004,
              605539.64630000107
            ],
            [
              339826.15730000194,
              605542.78720000386
            ],
            [
              339821.46690000128,
              605545.22739999928
            ],
            [
              339817.9683000017,
              605548.66220000386
            ],
            [
              339815.01420000102,
              605554.85889999941
            ],
            [
              339814.1344000008,
              605557.62250000238
            ],
            [
              339812.69550000131,
              605567.36610000394
            ],
            [
              339810.04960000049,
              605571.57520000264
            ],
            [
              339806.4784000013,
              605577.14540000074
            ],
            [
              339798.91440000013,
              605583.96440000087
            ],
            [
              339796.88360000122,
              605587.26799999923
            ],
            [
              339794.08510000072,
              605592.93150000274
            ],
            [
              339792.22270000074,
              605597.19620000012
            ],
            [
              339789.4422000004,
              605602.21740000136
            ],
            [
              339784.88140000124,
              605609.21470000036
            ],
            [
              339781.61909999978,
              605612.71370000206
            ],
            [
              339778.70630000066,
              605614.94310000166
            ],
            [
              339772.7275000019,
              605618.46770000271
            ],
            [
              339770.09140000027,
              605619.77310000174
            ],
            [
              339764.48629999999,
              605622.56580000184
            ],
            [
              339761.44180000108,
              605624.03930000216
            ],
            [
              339757.57529999968,
              605626.38090000115
            ],
            [
              339752.15579999983,
              605630.07509999909
            ],
            [
              339746.17870000005,
              605634.37370000221
            ],
            [
              339741.01269999892,
              605638.43239999935
            ],
            [
              339736.13760000095,
              605642.631500002
            ],
            [
              339730.80740000214,
              605647.7909000013
            ],
            [
              339725.32189999986,
              605654.31849999912
            ],
            [
              339721.52180000022,
              605657.62330000103
            ],
            [
              339718.41130000073,
              605659.44160000235
            ],
            [
              339710.36920000054,
              605663.04009999894
            ],
            [
              339700.15469999984,
              605667.68310000189
            ],
            [
              339691.98890000116,
              605670.65080000274
            ],
            [
              339687.425400001,
              605673.14860000275
            ],
            [
              339681.04600000195,
              605680.69190000184
            ],
            [
              339678.76130000036,
              605682.4693
            ],
            [
              339675.44960000087,
              605684.52050000243
            ],
            [
              339672.50389999989,
              605686.0848000031
            ],
            [
              339668.4523,
              605687.64740000106
            ],
            [
              339664.40919999965,
              605688.49789999984
            ],
            [
              339661.30489999987,
              605688.64870000072
            ],
            [
              339657.79220000003,
              605688.50500000268
            ],
            [
              339653.22510000132,
              605688.0409000013
            ],
            [
              339649.09450000152,
              605687.16500000097
            ],
            [
              339638.94730000105,
              605683.5604000017
            ],
            [
              339635.32230000012,
              605682.6724999994
            ],
            [
              339630.71280000079,
              605682.17940000445
            ],
            [
              339624.90299999993,
              605682.00500000082
            ],
            [
              339616.13399999961,
              605681.85029999726
            ],
            [
              339608.65270000137,
              605682.00500000082
            ],
            [
              339596.58100000024,
              605682.93359999917
            ],
            [
              339584.81390000228,
              605682.76810000092
            ],
            [
              339580.70540000126,
              605683.01560000144
            ],
            [
              339576.78810000047,
              605682.68370000273
            ],
            [
              339573.84580000117,
              605682.04430000111
            ],
            [
              339560.18709999975,
              605683.07670000009
            ],
            [
              339551.21580000222,
              605680.91380000114
            ],
            [
              339546.72260000091,
              605679.36229999922
            ],
            [
              339542.6986999996,
              605677.15880000032
            ],
            [
              339533.72230000049,
              605671.00500000454
            ],
            [
              339517.47190000024,
              605662.18339999951
            ],
            [
              339509.49480000045,
              605657.01160000078
            ],
            [
              339501.22160000168,
              605651.04030000232
            ],
            [
              339495.74890000094,
              605646.51740000024
            ],
            [
              339485.53820000123,
              605629.85349999927
            ],
            [
              339479.1500000013,
              605624.50360000134
            ],
            [
              339471.08570000064,
              605619.05389999785
            ],
            [
              339467.44419999979,
              605614.67059999891
            ],
            [
              339463.36400000099,
              605605.46750000305
            ]
          ]
        ]
      }
    },
    {
      "attributes" : {
        "FID" : 1,
        "PMNTN_SN" : 33504,
        "MNTN_CODE" : "428307701",
        "MNTN_NM" : "수리산",
        "PMNTN_NM" : "수리구간",
        "PMNTN_MAIN" : " ",
        "PMNTN_LT" : 0.07,
        "PMNTN_DFFL" : "쉬움",
        "PMNTN_UPPL" : 1,
        "PMNTN_GODN" : 1,
        "PMNTN_MTRQ" : " ",
        "PMNTN_CNRL" : " ",
        "PMNTN_CLS_" : " ",
        "PMNTN_RISK" : " ",
        "PMNTN_RECO" : " ",
        "DATA_STDR_" : "2016-12-31",
        "MNTN_ID" : "428302701"
      },
      "geometry" : {
        "paths" : [
          [
            [
              339463.36400000099,
              605605.46750000305
            ],
            [
              339455.97810000088,
              605603.18820000254
            ],
            [
              339448.50650000013,
              605601.28879999928
            ],
            [
              339445.22149999999,
              605600.69740000181
            ],
            [
              339436.73460000008,
              605599.61040000059
            ],
            [
              339432.25620000158,
              605598.50300000049
            ],
            [
              339428.48980000149,
              605597.03079999983
            ],
            [
              339424.8563000001,
              605595.27330000326
            ],
            [
              339421.44570000004,
              605593.27419999987
            ],
            [
              339418.3273,
              605591.07430000231
            ],
            [
              339414.98380000144,
              605588.08610000089
            ],
            [
              339409.97000000067,
              605582.71700000204
            ],
            [
              339405.46300000139,
              605577.69910000265
            ],
            [
              339401.14840000123,
              605572.50250000134
            ]
          ]
        ]
      }
    },
    {
      "attributes" : {
        "FID" : 2,
        "PMNTN_SN" : 33505,
        "MNTN_CODE" : "428307701",
        "MNTN_NM" : "수리산",
        "PMNTN_NM" : "수리구간",
        "PMNTN_MAIN" : " ",
        "PMNTN_LT" : 0.17,
        "PMNTN_DFFL" : "쉬움",
        "PMNTN_UPPL" : 3,
        "PMNTN_GODN" : 2,
        "PMNTN_MTRQ" : " ",
        "PMNTN_CNRL" : " ",
        "PMNTN_CLS_" : " ",
        "PMNTN_RISK" : " ",
        "PMNTN_RECO" : " ",
        "DATA_STDR_" : "2016-12-31",
        "MNTN_ID" : "428302701"
      },
      "geometry" : {
        "paths" : [
          [
            [
              339463.36400000099,
              605605.46750000305
            ],
            [
              339461.3872000007,
              605600.32100000046
            ],
            [
              339458.4525000006,
              605590.37609999999
            ],
            [
              339457.14699999988,
              605586.49860000052
            ],
            [
              339455.49380000215,
              605582.67720000073
            ],
            [
              339453.6138000004,
              605579.46690000035
            ],
            [
              339451.78130000085,
              605577.13590000011
            ],
            [
              339446.52689999994,
              605571.23530000076
            ],
            [
              339444.08009999897,
              605567.26900000125
            ],
            [
              339440.91800000053,
              605559.88209999911
            ],
            [
              339439.22060000058,
              605556.7164000012
            ],
            [
              339436.19000000134,
              605552.40750000067
            ],
            [
              339432.73020000104,
              605548.28219999932
            ],
            [
              339428.9142000014,
              605544.42770000361
            ],
            [
              339427.57770000026,
              605543.18070000038
            ],
            [
              339423.01360000111,
              605539.81849999912
            ],
            [
              339419.22039999999,
              605537.60909999907
            ],
            [
              339415.77130000107,
              605536.10910000093
            ],
            [
              339412.30920000002,
              605534.96910000034
            ],
            [
              339408.94819999952,
              605534.22620000131
            ],
            [
              339405.75590000208,
              605533.89470000379
            ],
            [
              339402.13340000156,
              605534.18909999914
            ],
            [
              339395.8403000012,
              605534.49489999935
            ],
            [
              339384.46160000004,
              605534.37970000133
            ],
            [
              339379.32650000136,
              605534.43019999936
            ],
            [
              339373.47640000004,
              605534.29730000161
            ],
            [
              339370.04750000034,
              605534.02540000156
            ],
            [
              339365.73929999862,
              605533.01620000228
            ],
            [
              339361.34630000126,
              605530.75830000453
            ],
            [
              339358.23290000111,
              605528.16359999776
            ],
            [
              339355.19890000112,
              605524.84410000034
            ],
            [
              339352.39730000217,
              605520.96570000052
            ],
            [
              339350.94820000045,
              605518.49650000222
            ],
            [
              339349.69130000006,
              605515.89370000176
            ],
            [
              339348.62670000084,
              605513.15709999949
            ],
            [
              339347.75439999998,
              605510.28690000251
            ]
          ]
        ]
      }
    }
  ]
}