{
  "displayFieldName" : "",
  "fieldAliases" : {
    "FID" : "FID",
    "PMNTN_SPOT" : "PMNTN_SPOT",
    "MNTN_CODE" : "MNTN_CODE",
    "MANAGE_SP1" : "MANAGE_SP1",
    "MANAGE_SP2" : "MANAGE_SP2",
    "DETAIL_SPO" : "DETAIL_SPO",
    "ETC_MATTER" : "ETC_MATTER",
    "MNTN_NM" : "MNTN_NM",
    "PAST_SPOT_" : "PAST_SPOT_",
    "MNTN_ID" : "MNTN_ID"
  },
  "geometryType" : "esriGeometryPoint",
  "spatialReference" : {
    "wkt" : "PROJCS[\"PCS_ITRF2000_TM\",GEOGCS[\"GCS_ITRF_2000\",DATUM[\"D_ITRF_2000\",SPHEROID[\"GRS_1980\",6378137.0,298.257222101]],PRIMEM[\"Greenwich\",0.0],UNIT[\"Degree\",0.0174532925199433]],PROJECTION[\"Transverse_Mercator\"],PARAMETER[\"False_Easting\",200000.0],PARAMETER[\"False_Northing\",600000.0],PARAMETER[\"Central_Meridian\",127.0],PARAMETER[\"Scale_Factor\",1.0],PARAMETER[\"Latitude_Of_Origin\",38.0],UNIT[\"Meter\",1.0]]"
  },
  "fields" : [
    {
      "name" : "FID",
      "type" : "esriFieldTypeOID",
      "alias" : "FID"
    },
    {
      "name" : "PMNTN_SPOT",
      "type" : "esriFieldTypeDouble",
      "alias" : "PMNTN_SPOT"
    },
    {
      "name" : "MNTN_CODE",
      "type" : "esriFieldTypeString",
      "alias" : "MNTN_CODE",
      "length" : 9
    },
    {
      "name" : "MANAGE_SP1",
      "type" : "esriFieldTypeString",
      "alias" : "MANAGE_SP1",
      "length" : 2
    },
    {
      "name" : "MANAGE_SP2",
      "type" : "esriFieldTypeString",
      "alias" : "MANAGE_SP2",
      "length" : 50
    },
    {
      "name" : "DETAIL_SPO",
      "type" : "esriFieldTypeString",
      "alias" : "DETAIL_SPO",
      "length" : 200
    },
    {
      "name" : "ETC_MATTER",
      "type" : "esriFieldTypeString",
      "alias" : "ETC_MATTER",
      "length" : 200
    },
    {
      "name" : "MNTN_NM",
      "type" : "esriFieldTypeString",
      "alias" : "MNTN_NM",
      "length" : 50
    },
    {
      "name" : "PAST_SPOT_",
      "type" : "esriFieldTypeString",
      "alias" : "PAST_SPOT_",
      "length" : 14
    },
    {
      "name" : "MNTN_ID",
      "type" : "esriFieldTypeString",
      "alias" : "MNTN_ID",
      "length" : 10
    }
  ],
  "features" : [
    {
      "attributes" : {
        "FID" : 0,
        "PMNTN_SPOT" : 2939,
        "MNTN_CODE" : "282000804",
        "MANAGE_SP1" : "16",
        "MANAGE_SP2" : "주요나무",
        "DETAIL_SPO" : "장수동은행나무",
        "ETC_MATTER" : " ",
        "MNTN_NM" : "거마산장수",
        "PAST_SPOT_" : "2820008040001",
        "MNTN_ID" : "282000804"
      },
      "geometry" : {
        "x" : 179625.84769999888,
        "y" : 540103.54140000232
      }
    },
    {
      "attributes" : {
        "FID" : 1,
        "PMNTN_SPOT" : 2940,
        "MNTN_CODE" : "282000804",
        "MANAGE_SP1" : "99",
        "MANAGE_SP2" : "기타",
        "DETAIL_SPO" : "군사보호시설",
        "ETC_MATTER" : " ",
        "MNTN_NM" : "거마산장수",
        "PAST_SPOT_" : "2820008040002",
        "MNTN_ID" : "282000804"
      },
      "geometry" : {
        "x" : 179465.00260000117,
        "y" : 540634.12390000187
      }
    },
    {
      "attributes" : {
        "FID" : 2,
        "PMNTN_SPOT" : 2941,
        "MNTN_CODE" : "282000804",
        "MANAGE_SP1" : "99",
        "MANAGE_SP2" : "기타",
        "DETAIL_SPO" : "전경사진",
        "ETC_MATTER" : " ",
        "MNTN_NM" : "거마산장수",
        "PAST_SPOT_" : "2820008040003",
        "MNTN_ID" : "282000804"
      },
      "geometry" : {
        "x" : 179315.73970000073,
        "y" : 541174.33750000224
      }
    },
    {
      "attributes" : {
        "FID" : 3,
        "PMNTN_SPOT" : 2942,
        "MNTN_CODE" : "282000804",
        "MANAGE_SP1" : "99",
        "MANAGE_SP2" : "기타",
        "DETAIL_SPO" : "전경사진",
        "ETC_MATTER" : " ",
        "MNTN_NM" : "거마산장수",
        "PAST_SPOT_" : "2820008040004",
        "MNTN_ID" : "282000804"
      },
      "geometry" : {
        "x" : 179368.79559999984,
        "y" : 541298.35260000266
      }
    },
    {
      "attributes" : {
        "FID" : 4,
        "PMNTN_SPOT" : 2943,
        "MNTN_CODE" : "282000804",
        "MANAGE_SP1" : "23",
        "MANAGE_SP2" : "정상",
        "DETAIL_SPO" : "정상부",
        "ETC_MATTER" : " ",
        "MNTN_NM" : "거마산장수",
        "PAST_SPOT_" : "2820008040005",
        "MNTN_ID" : "282000804"
      },
      "geometry" : {
        "x" : 179448.70910000056,
        "y" : 541405.80770000257
      }
    },
    {
      "attributes" : {
        "FID" : 5,
        "PMNTN_SPOT" : 2944,
        "MNTN_CODE" : "282000804",
        "MANAGE_SP1" : "99",
        "MANAGE_SP2" : "기타",
        "DETAIL_SPO" : "지적삼각점",
        "ETC_MATTER" : " ",
        "MNTN_NM" : "거마산장수",
        "PAST_SPOT_" : "2820008040006",
        "MNTN_ID" : "282000804"
      },
      "geometry" : {
        "x" : 179246.7145000007,
        "y" : 541215.65570000187
      }
    },
    {
      "attributes" : {
        "FID" : 6,
        "PMNTN_SPOT" : 2945,
        "MNTN_CODE" : "282000804",
        "MANAGE_SP1" : "99",
        "MANAGE_SP2" : "기타",
        "DETAIL_SPO" : "전경사진",
        "ETC_MATTER" : " ",
        "MNTN_NM" : "거마산장수",
        "PAST_SPOT_" : "2820008040007",
        "MNTN_ID" : "282000804"
      },
      "geometry" : {
        "x" : 179255.159500001,
        "y" : 541319.65919999965
      }
    },
    {
      "attributes" : {
        "FID" : 7,
        "PMNTN_SPOT" : 2946,
        "MNTN_CODE" : "282000804",
        "MANAGE_SP1" : "07",
        "MANAGE_SP2" : "시설물(운동기구 등)",
        "DETAIL_SPO" : "목다리/계단, 족구장",
        "ETC_MATTER" : " ",
        "MNTN_NM" : "거마산장수",
        "PAST_SPOT_" : "2820008040008",
        "MNTN_ID" : "282000804"
      },
      "geometry" : {
        "x" : 179261.50370000023,
        "y" : 541366.2135000024
      }
    },
    {
      "attributes" : {
        "FID" : 8,
        "PMNTN_SPOT" : 2947,
        "MNTN_CODE" : "282000804",
        "MANAGE_SP1" : "06",
        "MANAGE_SP2" : "음수대",
        "DETAIL_SPO" : "번개약수터, 배드민턴장",
        "ETC_MATTER" : " ",
        "MNTN_NM" : "거마산장수",
        "PAST_SPOT_" : "2820008040009",
        "MNTN_ID" : "282000804"
      },
      "geometry" : {
        "x" : 179248.35030000191,
        "y" : 541381.16809999943
      }
    },
    {
      "attributes" : {
        "FID" : 9,
        "PMNTN_SPOT" : 2948,
        "MNTN_CODE" : "282000804",
        "MANAGE_SP1" : "99",
        "MANAGE_SP2" : "기타",
        "DETAIL_SPO" : "군사보호시설",
        "ETC_MATTER" : " ",
        "MNTN_NM" : "거마산장수",
        "PAST_SPOT_" : "2820008040010",
        "MNTN_ID" : "282000804"
      },
      "geometry" : {
        "x" : 179288.12180000078,
        "y" : 541175.22480000183
      }
    },
    {
      "attributes" : {
        "FID" : 10,
        "PMNTN_SPOT" : 2949,
        "MNTN_CODE" : "282000804",
        "MANAGE_SP1" : "99",
        "MANAGE_SP2" : "기타",
        "DETAIL_SPO" : "돌탑, 지적삼각점, 전경사진",
        "ETC_MATTER" : " ",
        "MNTN_NM" : "거마산장수",
        "PAST_SPOT_" : "2820008040011",
        "MNTN_ID" : "282000804"
      },
      "geometry" : {
        "x" : 178994.7862000009,
        "y" : 540687.22440000065
      }
    },
    {
      "attributes" : {
        "FID" : 11,
        "PMNTN_SPOT" : 2950,
        "MNTN_CODE" : "282000804",
        "MANAGE_SP1" : "99",
        "MANAGE_SP2" : "기타",
        "DETAIL_SPO" : "군부대 초소",
        "ETC_MATTER" : " ",
        "MNTN_NM" : "거마산장수",
        "PAST_SPOT_" : "2820008040012",
        "MNTN_ID" : "282000804"
      },
      "geometry" : {
        "x" : 178813.64300000202,
        "y" : 540706.00960000046
      }
    },
    {
      "attributes" : {
        "FID" : 12,
        "PMNTN_SPOT" : 2951,
        "MNTN_CODE" : "282000804",
        "MANAGE_SP1" : "99",
        "MANAGE_SP2" : "기타",
        "DETAIL_SPO" : "군사보호시설",
        "ETC_MATTER" : " ",
        "MNTN_NM" : "거마산장수",
        "PAST_SPOT_" : "2820008040013",
        "MNTN_ID" : "282000804"
      },
      "geometry" : {
        "x" : 178723.07480000053,
        "y" : 540689.01149999909
      }
    },
    {
      "attributes" : {
        "FID" : 13,
        "PMNTN_SPOT" : 2952,
        "MNTN_CODE" : "282000804",
        "MANAGE_SP1" : "99",
        "MANAGE_SP2" : "기타",
        "DETAIL_SPO" : "군사보호시설",
        "ETC_MATTER" : " ",
        "MNTN_NM" : "거마산장수",
        "PAST_SPOT_" : "2820008040014",
        "MNTN_ID" : "282000804"
      },
      "geometry" : {
        "x" : 178541.86780000199,
        "y" : 540679.87560000271
      }
    },
    {
      "attributes" : {
        "FID" : 14,
        "PMNTN_SPOT" : 2953,
        "MNTN_CODE" : "282000804",
        "MANAGE_SP1" : "99",
        "MANAGE_SP2" : "기타",
        "DETAIL_SPO" : "굴다리 통로1",
        "ETC_MATTER" : " ",
        "MNTN_NM" : "거마산장수",
        "PAST_SPOT_" : "2820008040015",
        "MNTN_ID" : "282000804"
      },
      "geometry" : {
        "x" : 178528.44290000014,
        "y" : 540531.8273999989
      }
    },
    {
      "attributes" : {
        "FID" : 15,
        "PMNTN_SPOT" : 2954,
        "MNTN_CODE" : "282000804",
        "MANAGE_SP1" : "99",
        "MANAGE_SP2" : "기타",
        "DETAIL_SPO" : "굴다리 통로2",
        "ETC_MATTER" : " ",
        "MNTN_NM" : "거마산장수",
        "PAST_SPOT_" : "2820008040016",
        "MNTN_ID" : "282000804"
      },
      "geometry" : {
        "x" : 178719.92729999963,
        "y" : 540437.93560000136
      }
    },
    {
      "attributes" : {
        "FID" : 16,
        "PMNTN_SPOT" : 2955,
        "MNTN_CODE" : "282000804",
        "MANAGE_SP1" : "99",
        "MANAGE_SP2" : "기타",
        "DETAIL_SPO" : "굴다리 통로3",
        "ETC_MATTER" : " ",
        "MNTN_NM" : "거마산장수",
        "PAST_SPOT_" : "2820008040017",
        "MNTN_ID" : "282000804"
      },
      "geometry" : {
        "x" : 179189.21720000077,
        "y" : 540243.39080000296
      }
    },
    {
      "attributes" : {
        "FID" : 17,
        "PMNTN_SPOT" : 2956,
        "MNTN_CODE" : "282000804",
        "MANAGE_SP1" : "99",
        "MANAGE_SP2" : "기타",
        "DETAIL_SPO" : "전경사진",
        "ETC_MATTER" : " ",
        "MNTN_NM" : "거마산장수",
        "PAST_SPOT_" : "2820008040018",
        "MNTN_ID" : "282000804"
      },
      "geometry" : {
        "x" : 179443.13760000095,
        "y" : 540334.57030000351
      }
    },
    {
      "attributes" : {
        "FID" : 18,
        "PMNTN_SPOT" : 2957,
        "MNTN_CODE" : "282000804",
        "MANAGE_SP1" : "99",
        "MANAGE_SP2" : "기타",
        "DETAIL_SPO" : "전경사진",
        "ETC_MATTER" : " ",
        "MNTN_NM" : "거마산장수",
        "PAST_SPOT_" : "2820008040019",
        "MNTN_ID" : "282000804"
      },
      "geometry" : {
        "x" : 179304.82710000128,
        "y" : 540646.67889999971
      }
    },
    {
      "attributes" : {
        "FID" : 19,
        "PMNTN_SPOT" : 2958,
        "MNTN_CODE" : "282000804",
        "MANAGE_SP1" : "99",
        "MANAGE_SP2" : "기타",
        "DETAIL_SPO" : "전경사진",
        "ETC_MATTER" : " ",
        "MNTN_NM" : "거마산장수",
        "PAST_SPOT_" : "2820008040020",
        "MNTN_ID" : "282000804"
      },
      "geometry" : {
        "x" : 179361.57910000067,
        "y" : 540339.55360000208
      }
    },
    {
      "attributes" : {
        "FID" : 20,
        "PMNTN_SPOT" : 2959,
        "MNTN_CODE" : "282000804",
        "MANAGE_SP1" : "01",
        "MANAGE_SP2" : "시종점",
        "DETAIL_SPO" : "시종점",
        "ETC_MATTER" : " ",
        "MNTN_NM" : "거마산장수",
        "PAST_SPOT_" : "2820008040021",
        "MNTN_ID" : "282000804"
      },
      "geometry" : {
        "x" : 178222.52560000122,
        "y" : 540557.09260000102
      }
    },
    {
      "attributes" : {
        "FID" : 21,
        "PMNTN_SPOT" : 2960,
        "MNTN_CODE" : "282000804",
        "MANAGE_SP1" : "01",
        "MANAGE_SP2" : "시종점",
        "DETAIL_SPO" : "시종점",
        "ETC_MATTER" : " ",
        "MNTN_NM" : "거마산장수",
        "PAST_SPOT_" : "2820008040022",
        "MNTN_ID" : "282000804"
      },
      "geometry" : {
        "x" : 179215.30140000023,
        "y" : 541467.30290000141
      }
    },
    {
      "attributes" : {
        "FID" : 22,
        "PMNTN_SPOT" : 2961,
        "MNTN_CODE" : "282000804",
        "MANAGE_SP1" : "02",
        "MANAGE_SP2" : "분기점",
        "DETAIL_SPO" : "분기점",
        "ETC_MATTER" : " ",
        "MNTN_NM" : "거마산장수",
        "PAST_SPOT_" : "2820008040023",
        "MNTN_ID" : "282000804"
      },
      "geometry" : {
        "x" : 179228.66669999994,
        "y" : 540228.81270000152
      }
    },
    {
      "attributes" : {
        "FID" : 23,
        "PMNTN_SPOT" : 2962,
        "MNTN_CODE" : "282000804",
        "MANAGE_SP1" : "02",
        "MANAGE_SP2" : "분기점",
        "DETAIL_SPO" : "분기점",
        "ETC_MATTER" : " ",
        "MNTN_NM" : "거마산장수",
        "PAST_SPOT_" : "2820008040024",
        "MNTN_ID" : "282000804"
      },
      "geometry" : {
        "x" : 179254.34150000103,
        "y" : 540250.88630000129
      }
    },
    {
      "attributes" : {
        "FID" : 24,
        "PMNTN_SPOT" : 2963,
        "MNTN_CODE" : "282000804",
        "MANAGE_SP1" : "02",
        "MANAGE_SP2" : "분기점",
        "DETAIL_SPO" : "분기점",
        "ETC_MATTER" : " ",
        "MNTN_NM" : "거마산장수",
        "PAST_SPOT_" : "2820008040025",
        "MNTN_ID" : "282000804"
      },
      "geometry" : {
        "x" : 179258.71600000095,
        "y" : 541216.65140000358
      }
    },
    {
      "attributes" : {
        "FID" : 25,
        "PMNTN_SPOT" : 2964,
        "MNTN_CODE" : "282000804",
        "MANAGE_SP1" : "02",
        "MANAGE_SP2" : "분기점",
        "DETAIL_SPO" : "분기점",
        "ETC_MATTER" : " ",
        "MNTN_NM" : "거마산장수",
        "PAST_SPOT_" : "2820008040026",
        "MNTN_ID" : "282000804"
      },
      "geometry" : {
        "x" : 179268.25889999978,
        "y" : 540798.23000000045
      }
    },
    {
      "attributes" : {
        "FID" : 26,
        "PMNTN_SPOT" : 2965,
        "MNTN_CODE" : "282000804",
        "MANAGE_SP1" : "02",
        "MANAGE_SP2" : "분기점",
        "DETAIL_SPO" : "분기점",
        "ETC_MATTER" : " ",
        "MNTN_NM" : "거마산장수",
        "PAST_SPOT_" : "2820008040027",
        "MNTN_ID" : "282000804"
      },
      "geometry" : {
        "x" : 179281.03000000119,
        "y" : 540795.23020000197
      }
    },
    {
      "attributes" : {
        "FID" : 27,
        "PMNTN_SPOT" : 2966,
        "MNTN_CODE" : "282000804",
        "MANAGE_SP1" : "02",
        "MANAGE_SP2" : "분기점",
        "DETAIL_SPO" : "분기점",
        "ETC_MATTER" : " ",
        "MNTN_NM" : "거마산장수",
        "PAST_SPOT_" : "2820008040028",
        "MNTN_ID" : "282000804"
      },
      "geometry" : {
        "x" : 179303.3646000009,
        "y" : 540729.61750000156
      }
    },
    {
      "attributes" : {
        "FID" : 28,
        "PMNTN_SPOT" : 2967,
        "MNTN_CODE" : "282000804",
        "MANAGE_SP1" : "02",
        "MANAGE_SP2" : "분기점",
        "DETAIL_SPO" : "분기점",
        "ETC_MATTER" : " ",
        "MNTN_NM" : "거마산장수",
        "PAST_SPOT_" : "2820008040029",
        "MNTN_ID" : "282000804"
      },
      "geometry" : {
        "x" : 179303.62370000128,
        "y" : 540748.6436999999
      }
    },
    {
      "attributes" : {
        "FID" : 29,
        "PMNTN_SPOT" : 2968,
        "MNTN_CODE" : "282000804",
        "MANAGE_SP1" : "02",
        "MANAGE_SP2" : "분기점",
        "DETAIL_SPO" : "분기점",
        "ETC_MATTER" : " ",
        "MNTN_NM" : "거마산장수",
        "PAST_SPOT_" : "2820008040030",
        "MNTN_ID" : "282000804"
      },
      "geometry" : {
        "x" : 179307.56140000094,
        "y" : 540764.8984999992
      }
    },
    {
      "attributes" : {
        "FID" : 30,
        "PMNTN_SPOT" : 2969,
        "MNTN_CODE" : "282000804",
        "MANAGE_SP1" : "02",
        "MANAGE_SP2" : "분기점",
        "DETAIL_SPO" : "분기점",
        "ETC_MATTER" : " ",
        "MNTN_NM" : "거마산장수",
        "PAST_SPOT_" : "2820008040031",
        "MNTN_ID" : "282000804"
      },
      "geometry" : {
        "x" : 179315.03240000084,
        "y" : 540193.59750000387
      }
    },
    {
      "attributes" : {
        "FID" : 31,
        "PMNTN_SPOT" : 2970,
        "MNTN_CODE" : "282000804",
        "MANAGE_SP1" : "02",
        "MANAGE_SP2" : "분기점",
        "DETAIL_SPO" : "분기점",
        "ETC_MATTER" : " ",
        "MNTN_NM" : "거마산장수",
        "PAST_SPOT_" : "2820008040032",
        "MNTN_ID" : "282000804"
      },
      "geometry" : {
        "x" : 179320.05840000231,
        "y" : 541192.58359999955
      }
    },
    {
      "attributes" : {
        "FID" : 32,
        "PMNTN_SPOT" : 2971,
        "MNTN_CODE" : "282000804",
        "MANAGE_SP1" : "02",
        "MANAGE_SP2" : "분기점",
        "DETAIL_SPO" : "분기점",
        "ETC_MATTER" : " ",
        "MNTN_NM" : "거마산장수",
        "PAST_SPOT_" : "2820008040033",
        "MNTN_ID" : "282000804"
      },
      "geometry" : {
        "x" : 179322.92570000142,
        "y" : 540239.43909999914
      }
    },
    {
      "attributes" : {
        "FID" : 33,
        "PMNTN_SPOT" : 2972,
        "MNTN_CODE" : "282000804",
        "MANAGE_SP1" : "02",
        "MANAGE_SP2" : "분기점",
        "DETAIL_SPO" : "분기점",
        "ETC_MATTER" : " ",
        "MNTN_NM" : "거마산장수",
        "PAST_SPOT_" : "2820008040034",
        "MNTN_ID" : "282000804"
      },
      "geometry" : {
        "x" : 179323.03749999963,
        "y" : 540256.78519999795
      }
    },
    {
      "attributes" : {
        "FID" : 34,
        "PMNTN_SPOT" : 2973,
        "MNTN_CODE" : "282000804",
        "MANAGE_SP1" : "02",
        "MANAGE_SP2" : "분기점",
        "DETAIL_SPO" : "분기점",
        "ETC_MATTER" : " ",
        "MNTN_NM" : "거마산장수",
        "PAST_SPOT_" : "2820008040035",
        "MNTN_ID" : "282000804"
      },
      "geometry" : {
        "x" : 179328.21779999975,
        "y" : 540761.66119999997
      }
    },
    {
      "attributes" : {
        "FID" : 35,
        "PMNTN_SPOT" : 2974,
        "MNTN_CODE" : "282000804",
        "MANAGE_SP1" : "02",
        "MANAGE_SP2" : "분기점",
        "DETAIL_SPO" : "분기점",
        "ETC_MATTER" : " ",
        "MNTN_NM" : "거마산장수",
        "PAST_SPOT_" : "2820008040036",
        "MNTN_ID" : "282000804"
      },
      "geometry" : {
        "x" : 179334.24550000019,
        "y" : 540189.88749999925
      }
    },
    {
      "attributes" : {
        "FID" : 36,
        "PMNTN_SPOT" : 2975,
        "MNTN_CODE" : "282000804",
        "MANAGE_SP1" : "02",
        "MANAGE_SP2" : "분기점",
        "DETAIL_SPO" : "분기점",
        "ETC_MATTER" : " ",
        "MNTN_NM" : "거마산장수",
        "PAST_SPOT_" : "2820008040037",
        "MNTN_ID" : "282000804"
      },
      "geometry" : {
        "x" : 179343.00719999894,
        "y" : 540295.97609999962
      }
    },
    {
      "attributes" : {
        "FID" : 37,
        "PMNTN_SPOT" : 2976,
        "MNTN_CODE" : "282000804",
        "MANAGE_SP1" : "02",
        "MANAGE_SP2" : "분기점",
        "DETAIL_SPO" : "분기점",
        "ETC_MATTER" : " ",
        "MNTN_NM" : "거마산장수",
        "PAST_SPOT_" : "2820008040038",
        "MNTN_ID" : "282000804"
      },
      "geometry" : {
        "x" : 179347.8506000014,
        "y" : 540206.92909999937
      }
    },
    {
      "attributes" : {
        "FID" : 38,
        "PMNTN_SPOT" : 2977,
        "MNTN_CODE" : "282000804",
        "MANAGE_SP1" : "02",
        "MANAGE_SP2" : "분기점",
        "DETAIL_SPO" : "분기점",
        "ETC_MATTER" : " ",
        "MNTN_NM" : "거마산장수",
        "PAST_SPOT_" : "2820008040039",
        "MNTN_ID" : "282000804"
      },
      "geometry" : {
        "x" : 179359.22979999986,
        "y" : 540339.02970000356
      }
    },
    {
      "attributes" : {
        "FID" : 39,
        "PMNTN_SPOT" : 2978,
        "MNTN_CODE" : "282000804",
        "MANAGE_SP1" : "02",
        "MANAGE_SP2" : "분기점",
        "DETAIL_SPO" : "분기점",
        "ETC_MATTER" : " ",
        "MNTN_NM" : "거마산장수",
        "PAST_SPOT_" : "2820008040040",
        "MNTN_ID" : "282000804"
      },
      "geometry" : {
        "x" : 179370.96470000129,
        "y" : 540216.63810000196
      }
    },
    {
      "attributes" : {
        "FID" : 40,
        "PMNTN_SPOT" : 2979,
        "MNTN_CODE" : "282000804",
        "MANAGE_SP1" : "02",
        "MANAGE_SP2" : "분기점",
        "DETAIL_SPO" : "분기점",
        "ETC_MATTER" : " ",
        "MNTN_NM" : "거마산장수",
        "PAST_SPOT_" : "2820008040041",
        "MNTN_ID" : "282000804"
      },
      "geometry" : {
        "x" : 179371.05940000061,
        "y" : 540200.51230000332
      }
    },
    {
      "attributes" : {
        "FID" : 41,
        "PMNTN_SPOT" : 2980,
        "MNTN_CODE" : "282000804",
        "MANAGE_SP1" : "02",
        "MANAGE_SP2" : "분기점",
        "DETAIL_SPO" : "분기점",
        "ETC_MATTER" : " ",
        "MNTN_NM" : "거마산장수",
        "PAST_SPOT_" : "2820008040042",
        "MNTN_ID" : "282000804"
      },
      "geometry" : {
        "x" : 179373.7742999997,
        "y" : 540446.50950000063
      }
    },
    {
      "attributes" : {
        "FID" : 42,
        "PMNTN_SPOT" : 2981,
        "MNTN_CODE" : "282000804",
        "MANAGE_SP1" : "02",
        "MANAGE_SP2" : "분기점",
        "DETAIL_SPO" : "분기점",
        "ETC_MATTER" : " ",
        "MNTN_NM" : "거마산장수",
        "PAST_SPOT_" : "2820008040043",
        "MNTN_ID" : "282000804"
      },
      "geometry" : {
        "x" : 179403.94039999973,
        "y" : 540176.07220000215
      }
    },
    {
      "attributes" : {
        "FID" : 43,
        "PMNTN_SPOT" : 2982,
        "MNTN_CODE" : "282000804",
        "MANAGE_SP1" : "02",
        "MANAGE_SP2" : "분기점",
        "DETAIL_SPO" : "분기점",
        "ETC_MATTER" : " ",
        "MNTN_NM" : "거마산장수",
        "PAST_SPOT_" : "2820008040044",
        "MNTN_ID" : "282000804"
      },
      "geometry" : {
        "x" : 179410.69809999969,
        "y" : 540205.45270000026
      }
    },
    {
      "attributes" : {
        "FID" : 44,
        "PMNTN_SPOT" : 2983,
        "MNTN_CODE" : "282000804",
        "MANAGE_SP1" : "01",
        "MANAGE_SP2" : "시종점",
        "DETAIL_SPO" : "시종점",
        "ETC_MATTER" : " ",
        "MNTN_NM" : "거마산장수",
        "PAST_SPOT_" : "2820008040045",
        "MNTN_ID" : "282000804"
      },
      "geometry" : {
        "x" : 179413.83780000079,
        "y" : 540149.43130000122
      }
    },
    {
      "attributes" : {
        "FID" : 45,
        "PMNTN_SPOT" : 2984,
        "MNTN_CODE" : "282000804",
        "MANAGE_SP1" : "02",
        "MANAGE_SP2" : "분기점",
        "DETAIL_SPO" : "분기점",
        "ETC_MATTER" : " ",
        "MNTN_NM" : "거마산장수",
        "PAST_SPOT_" : "2820008040046",
        "MNTN_ID" : "282000804"
      },
      "geometry" : {
        "x" : 179414.7452999996,
        "y" : 540151.44420000166
      }
    },
    {
      "attributes" : {
        "FID" : 46,
        "PMNTN_SPOT" : 2985,
        "MNTN_CODE" : "282000804",
        "MANAGE_SP1" : "02",
        "MANAGE_SP2" : "분기점",
        "DETAIL_SPO" : "분기점",
        "ETC_MATTER" : " ",
        "MNTN_NM" : "거마산장수",
        "PAST_SPOT_" : "2820008040047",
        "MNTN_ID" : "282000804"
      },
      "geometry" : {
        "x" : 179417.1995000001,
        "y" : 540156.83570000157
      }
    },
    {
      "attributes" : {
        "FID" : 47,
        "PMNTN_SPOT" : 2986,
        "MNTN_CODE" : "282000804",
        "MANAGE_SP1" : "02",
        "MANAGE_SP2" : "분기점",
        "DETAIL_SPO" : "분기점",
        "ETC_MATTER" : " ",
        "MNTN_NM" : "거마산장수",
        "PAST_SPOT_" : "2820008040048",
        "MNTN_ID" : "282000804"
      },
      "geometry" : {
        "x" : 179436.30140000209,
        "y" : 540184.67190000042
      }
    },
    {
      "attributes" : {
        "FID" : 48,
        "PMNTN_SPOT" : 2987,
        "MNTN_CODE" : "282000804",
        "MANAGE_SP1" : "02",
        "MANAGE_SP2" : "분기점",
        "DETAIL_SPO" : "분기점",
        "ETC_MATTER" : " ",
        "MNTN_NM" : "거마산장수",
        "PAST_SPOT_" : "2820008040049",
        "MNTN_ID" : "282000804"
      },
      "geometry" : {
        "x" : 179447.78180000093,
        "y" : 540338.08650000207
      }
    },
    {
      "attributes" : {
        "FID" : 49,
        "PMNTN_SPOT" : 2988,
        "MNTN_CODE" : "282000804",
        "MANAGE_SP1" : "01",
        "MANAGE_SP2" : "시종점",
        "DETAIL_SPO" : "시종점",
        "ETC_MATTER" : " ",
        "MNTN_NM" : "거마산장수",
        "PAST_SPOT_" : "2820008040050",
        "MNTN_ID" : "282000804"
      },
      "geometry" : {
        "x" : 179450.37590000033,
        "y" : 541405.04440000094
      }
    },
    {
      "attributes" : {
        "FID" : 50,
        "PMNTN_SPOT" : 2989,
        "MNTN_CODE" : "282000804",
        "MANAGE_SP1" : "02",
        "MANAGE_SP2" : "분기점",
        "DETAIL_SPO" : "분기점",
        "ETC_MATTER" : " ",
        "MNTN_NM" : "거마산장수",
        "PAST_SPOT_" : "2820008040051",
        "MNTN_ID" : "282000804"
      },
      "geometry" : {
        "x" : 179463.82540000137,
        "y" : 540634.82440000214
      }
    },
    {
      "attributes" : {
        "FID" : 51,
        "PMNTN_SPOT" : 2990,
        "MNTN_CODE" : "282000804",
        "MANAGE_SP1" : "02",
        "MANAGE_SP2" : "분기점",
        "DETAIL_SPO" : "분기점",
        "ETC_MATTER" : " ",
        "MNTN_NM" : "거마산장수",
        "PAST_SPOT_" : "2820008040052",
        "MNTN_ID" : "282000804"
      },
      "geometry" : {
        "x" : 179473.11959999986,
        "y" : 540446.39100000076
      }
    },
    {
      "attributes" : {
        "FID" : 52,
        "PMNTN_SPOT" : 2991,
        "MNTN_CODE" : "282000804",
        "MANAGE_SP1" : "01",
        "MANAGE_SP2" : "시종점",
        "DETAIL_SPO" : "시종점",
        "ETC_MATTER" : " ",
        "MNTN_NM" : "거마산장수",
        "PAST_SPOT_" : "2820008040053",
        "MNTN_ID" : "282000804"
      },
      "geometry" : {
        "x" : 179596.20940000005,
        "y" : 540075.63020000234
      }
    },
    {
      "attributes" : {
        "FID" : 53,
        "PMNTN_SPOT" : 95835,
        "MNTN_CODE" : "282000804",
        "MANAGE_SP1" : "15",
        "MANAGE_SP2" : "훼손지",
        "DETAIL_SPO" : "훼손지",
        "ETC_MATTER" : " ",
        "MNTN_NM" : "거마산장수",
        "PAST_SPOT_" : "2820008040054",
        "MNTN_ID" : "282000804"
      },
      "geometry" : {
        "x" : 179567.83019999997,
        "y" : 540482.96030000027
      }
    },
    {
      "attributes" : {
        "FID" : 54,
        "PMNTN_SPOT" : 95836,
        "MNTN_CODE" : "282000804",
        "MANAGE_SP1" : "15",
        "MANAGE_SP2" : "훼손지",
        "DETAIL_SPO" : "훼손지",
        "ETC_MATTER" : " ",
        "MNTN_NM" : "거마산장수",
        "PAST_SPOT_" : "2820008040055",
        "MNTN_ID" : "282000804"
      },
      "geometry" : {
        "x" : 179554.27690000038,
        "y" : 540541.20150000055
      }
    },
    {
      "attributes" : {
        "FID" : 55,
        "PMNTN_SPOT" : 95837,
        "MNTN_CODE" : "282000804",
        "MANAGE_SP1" : "14",
        "MANAGE_SP2" : "조망점",
        "DETAIL_SPO" : "조망점, 벤치",
        "ETC_MATTER" : " ",
        "MNTN_NM" : "거마산장수",
        "PAST_SPOT_" : "2820008040056",
        "MNTN_ID" : "282000804"
      },
      "geometry" : {
        "x" : 179306.40749999881,
        "y" : 540766.54219999933
      }
    },
    {
      "attributes" : {
        "FID" : 56,
        "PMNTN_SPOT" : 95838,
        "MNTN_CODE" : "282000804",
        "MANAGE_SP1" : "04",
        "MANAGE_SP2" : "화장실",
        "DETAIL_SPO" : "화장실",
        "ETC_MATTER" : " ",
        "MNTN_NM" : "거마산장수",
        "PAST_SPOT_" : "2820008040057",
        "MNTN_ID" : "282000804"
      },
      "geometry" : {
        "x" : 179230.43660000002,
        "y" : 541422.82440000004
      }
    },
    {
      "attributes" : {
        "FID" : 57,
        "PMNTN_SPOT" : 95839,
        "MNTN_CODE" : "282000804",
        "MANAGE_SP1" : "05",
        "MANAGE_SP2" : "벤치",
        "DETAIL_SPO" : "벤치, 번개약수터",
        "ETC_MATTER" : " ",
        "MNTN_NM" : "거마산장수",
        "PAST_SPOT_" : "2820008040058",
        "MNTN_ID" : "282000804"
      },
      "geometry" : {
        "x" : 179226.40209999896,
        "y" : 541440.25870000001
      }
    },
    {
      "attributes" : {
        "FID" : 58,
        "PMNTN_SPOT" : 95840,
        "MNTN_CODE" : "282000804",
        "MANAGE_SP1" : "06",
        "MANAGE_SP2" : "음수대",
        "DETAIL_SPO" : "번개약수터, 안내판또는지도, 벤치",
        "ETC_MATTER" : " ",
        "MNTN_NM" : "거마산장수",
        "PAST_SPOT_" : "2820008040059",
        "MNTN_ID" : "282000804"
      },
      "geometry" : {
        "x" : 179212.63949999854,
        "y" : 541463.55949999916
      }
    },
    {
      "attributes" : {
        "FID" : 59,
        "PMNTN_SPOT" : 95841,
        "MNTN_CODE" : "282000804",
        "MANAGE_SP1" : "15",
        "MANAGE_SP2" : "훼손지",
        "DETAIL_SPO" : "훼손지",
        "ETC_MATTER" : " ",
        "MNTN_NM" : "거마산장수",
        "PAST_SPOT_" : "2820008040060",
        "MNTN_ID" : "282000804"
      },
      "geometry" : {
        "x" : 179278.93769999966,
        "y" : 540851.34080000035
      }
    },
    {
      "attributes" : {
        "FID" : 60,
        "PMNTN_SPOT" : 95842,
        "MNTN_CODE" : "282000804",
        "MANAGE_SP1" : "15",
        "MANAGE_SP2" : "훼손지",
        "DETAIL_SPO" : "훼손지",
        "ETC_MATTER" : " ",
        "MNTN_NM" : "거마산장수",
        "PAST_SPOT_" : "2820008040061",
        "MNTN_ID" : "282000804"
      },
      "geometry" : {
        "x" : 178689.54010000068,
        "y" : 540702.30719999969
      }
    },
    {
      "attributes" : {
        "FID" : 61,
        "PMNTN_SPOT" : 95843,
        "MNTN_CODE" : "282000804",
        "MANAGE_SP1" : "15",
        "MANAGE_SP2" : "훼손지",
        "DETAIL_SPO" : "훼손지",
        "ETC_MATTER" : " ",
        "MNTN_NM" : "거마산장수",
        "PAST_SPOT_" : "2820008040062",
        "MNTN_ID" : "282000804"
      },
      "geometry" : {
        "x" : 179405.85060000027,
        "y" : 540174.81169999938
      }
    },
    {
      "attributes" : {
        "FID" : 62,
        "PMNTN_SPOT" : 95844,
        "MNTN_CODE" : "282000804",
        "MANAGE_SP1" : "15",
        "MANAGE_SP2" : "훼손지",
        "DETAIL_SPO" : "훼손지",
        "ETC_MATTER" : " ",
        "MNTN_NM" : "거마산장수",
        "PAST_SPOT_" : "2820008040063",
        "MNTN_ID" : "282000804"
      },
      "geometry" : {
        "x" : 179365.62959999905,
        "y" : 540184.44649999961
      }
    },
    {
      "attributes" : {
        "FID" : 63,
        "PMNTN_SPOT" : 95845,
        "MNTN_CODE" : "282000804",
        "MANAGE_SP1" : "15",
        "MANAGE_SP2" : "훼손지",
        "DETAIL_SPO" : "훼손지",
        "ETC_MATTER" : " ",
        "MNTN_NM" : "거마산장수",
        "PAST_SPOT_" : "2820008040064",
        "MNTN_ID" : "282000804"
      },
      "geometry" : {
        "x" : 179471.36519999913,
        "y" : 540471.68979999993
      }
    },
    {
      "attributes" : {
        "FID" : 64,
        "PMNTN_SPOT" : 95846,
        "MNTN_CODE" : "282000804",
        "MANAGE_SP1" : "15",
        "MANAGE_SP2" : "훼손지",
        "DETAIL_SPO" : "훼손지",
        "ETC_MATTER" : " ",
        "MNTN_NM" : "거마산장수",
        "PAST_SPOT_" : "2820008040065",
        "MNTN_ID" : "282000804"
      },
      "geometry" : {
        "x" : 179460.16399999979,
        "y" : 540512.2034000007
      }
    },
    {
      "attributes" : {
        "FID" : 65,
        "PMNTN_SPOT" : 95847,
        "MNTN_CODE" : "282000804",
        "MANAGE_SP1" : "15",
        "MANAGE_SP2" : "훼손지",
        "DETAIL_SPO" : "훼손지",
        "ETC_MATTER" : " ",
        "MNTN_NM" : "거마산장수",
        "PAST_SPOT_" : "2820008040066",
        "MNTN_ID" : "282000804"
      },
      "geometry" : {
        "x" : 179446.72580000022,
        "y" : 540595.75750000018
      }
    },
    {
      "attributes" : {
        "FID" : 66,
        "PMNTN_SPOT" : 95848,
        "MNTN_CODE" : "282000804",
        "MANAGE_SP1" : "15",
        "MANAGE_SP2" : "훼손지",
        "DETAIL_SPO" : "훼손지",
        "ETC_MATTER" : " ",
        "MNTN_NM" : "거마산장수",
        "PAST_SPOT_" : "2820008040067",
        "MNTN_ID" : "282000804"
      },
      "geometry" : {
        "x" : 179323.88410000107,
        "y" : 540607.80160000024
      }
    },
    {
      "attributes" : {
        "FID" : 67,
        "PMNTN_SPOT" : 95849,
        "MNTN_CODE" : "282000804",
        "MANAGE_SP1" : "15",
        "MANAGE_SP2" : "훼손지",
        "DETAIL_SPO" : "훼손지",
        "ETC_MATTER" : " ",
        "MNTN_NM" : "거마산장수",
        "PAST_SPOT_" : "2820008040068",
        "MNTN_ID" : "282000804"
      },
      "geometry" : {
        "x" : 179334.80630000122,
        "y" : 540571.71660000086
      }
    },
    {
      "attributes" : {
        "FID" : 68,
        "PMNTN_SPOT" : 95850,
        "MNTN_CODE" : "282000804",
        "MANAGE_SP1" : "15",
        "MANAGE_SP2" : "훼손지",
        "DETAIL_SPO" : "훼손지",
        "ETC_MATTER" : " ",
        "MNTN_NM" : "거마산장수",
        "PAST_SPOT_" : "2820008040069",
        "MNTN_ID" : "282000804"
      },
      "geometry" : {
        "x" : 179351.0181000008,
        "y" : 540395.90839999972
      }
    }
  ]
}