{
  "displayFieldName" : "",
  "fieldAliases" : {
    "FID" : "FID",
    "SAFE_SPOT1" : "SAFE_SPOT1",
    "SAFE_SPOT2" : "SAFE_SPOT2",
    "SAFE_SPOT3" : "SAFE_SPOT3",
    "MGC" : "MGC",
    "ETC_MATTER" : "ETC_MATTER",
    "MNTN_NM" : "MNTN_NM"
  },
  "geometryType" : "esriGeometryPoint",
  "spatialReference" : {
    "wkt" : "PROJCS[\"PCS_ITRF2000_TM\",GEOGCS[\"GCS_ITRF_2000\",DATUM[\"D_ITRF_2000\",SPHEROID[\"GRS_1980\",6378137.0,298.257222101]],PRIMEM[\"Greenwich\",0.0],UNIT[\"Degree\",0.0174532925199433]],PROJECTION[\"Transverse_Mercator\"],PARAMETER[\"False_Easting\",200000.0],PARAMETER[\"False_Northing\",600000.0],PARAMETER[\"Central_Meridian\",127.0],PARAMETER[\"Scale_Factor\",1.0],PARAMETER[\"Latitude_Of_Origin\",38.0],UNIT[\"Meter\",1.0]]"
  },
  "fields" : [
    {
      "name" : "FID",
      "type" : "esriFieldTypeOID",
      "alias" : "FID"
    },
    {
      "name" : "SAFE_SPOT1",
      "type" : "esriFieldTypeDouble",
      "alias" : "SAFE_SPOT1"
    },
    {
      "name" : "SAFE_SPOT2",
      "type" : "esriFieldTypeString",
      "alias" : "SAFE_SPOT2",
      "length" : 50
    },
    {
      "name" : "SAFE_SPOT3",
      "type" : "esriFieldTypeString",
      "alias" : "SAFE_SPOT3",
      "length" : 50
    },
    {
      "name" : "MGC",
      "type" : "esriFieldTypeString",
      "alias" : "MGC",
      "length" : 50
    },
    {
      "name" : "ETC_MATTER",
      "type" : "esriFieldTypeString",
      "alias" : "ETC_MATTER",
      "length" : 200
    },
    {
      "name" : "MNTN_NM",
      "type" : "esriFieldTypeString",
      "alias" : "MNTN_NM",
      "length" : 50
    }
  ],
  "features" : [
    {
      "attributes" : {
        "FID" : 0,
        "SAFE_SPOT1" : 4258,
        "SAFE_SPOT2" : "산악위치 표시판",
        "SAFE_SPOT3" : " ",
        "MGC" : "아산소방서",
        "ETC_MATTER" : " ",
        "MNTN_NM" : "망경산"
      },
      "geometry" : {
        "x" : 204814.11540000141,
        "y" : 458218.73460000195
      }
    },
    {
      "attributes" : {
        "FID" : 1,
        "SAFE_SPOT1" : 4259,
        "SAFE_SPOT2" : "산악위치 표시판",
        "SAFE_SPOT3" : " ",
        "MGC" : "아산소방서",
        "ETC_MATTER" : " ",
        "MNTN_NM" : "망경산"
      },
      "geometry" : {
        "x" : 204814.21940000076,
        "y" : 458033.78049999848
      }
    },
    {
      "attributes" : {
        "FID" : 2,
        "SAFE_SPOT1" : 4260,
        "SAFE_SPOT2" : "산악위치 표시판",
        "SAFE_SPOT3" : " ",
        "MGC" : "아산소방서",
        "ETC_MATTER" : " ",
        "MNTN_NM" : "망경산"
      },
      "geometry" : {
        "x" : 204690.32740000077,
        "y" : 457694.62930000201
      }
    },
    {
      "attributes" : {
        "FID" : 3,
        "SAFE_SPOT1" : 4261,
        "SAFE_SPOT2" : "산악위치 표시판",
        "SAFE_SPOT3" : " ",
        "MGC" : "아산소방서",
        "ETC_MATTER" : " ",
        "MNTN_NM" : "망경산"
      },
      "geometry" : {
        "x" : 204764.88000000082,
        "y" : 457509.71650000103
      }
    },
    {
      "attributes" : {
        "FID" : 4,
        "SAFE_SPOT1" : 4262,
        "SAFE_SPOT2" : "산악위치 표시판",
        "SAFE_SPOT3" : " ",
        "MGC" : "아산소방서",
        "ETC_MATTER" : " ",
        "MNTN_NM" : "망경산"
      },
      "geometry" : {
        "x" : 204839.45319999941,
        "y" : 457293.97870000266
      }
    },
    {
      "attributes" : {
        "FID" : 5,
        "SAFE_SPOT1" : 4263,
        "SAFE_SPOT2" : "산악위치 표시판",
        "SAFE_SPOT3" : " ",
        "MGC" : "아산소방서",
        "ETC_MATTER" : " ",
        "MNTN_NM" : "망경산"
      },
      "geometry" : {
        "x" : 204963.63109999988,
        "y" : 457139.9215000011
      }
    },
    {
      "attributes" : {
        "FID" : 6,
        "SAFE_SPOT1" : 4264,
        "SAFE_SPOT2" : "산악위치 표시판",
        "SAFE_SPOT3" : " ",
        "MGC" : "아산소방서",
        "ETC_MATTER" : " ",
        "MNTN_NM" : "망경산"
      },
      "geometry" : {
        "x" : 205063.01300000213,
        "y" : 456955.02590000257
      }
    },
    {
      "attributes" : {
        "FID" : 7,
        "SAFE_SPOT1" : 4265,
        "SAFE_SPOT2" : "산악위치 표시판",
        "SAFE_SPOT3" : " ",
        "MGC" : "아산소방서",
        "ETC_MATTER" : " ",
        "MNTN_NM" : "망경산"
      },
      "geometry" : {
        "x" : 205162.36209999956,
        "y" : 456831.7826000005
      }
    },
    {
      "attributes" : {
        "FID" : 8,
        "SAFE_SPOT1" : 4266,
        "SAFE_SPOT2" : "산악위치 표시판",
        "SAFE_SPOT3" : " ",
        "MGC" : "아산소방서",
        "ETC_MATTER" : " ",
        "MNTN_NM" : "망경산"
      },
      "geometry" : {
        "x" : 205212.1316000009,
        "y" : 456616.033400001
      }
    },
    {
      "attributes" : {
        "FID" : 9,
        "SAFE_SPOT1" : 4267,
        "SAFE_SPOT2" : "산악위치 표시판",
        "SAFE_SPOT3" : " ",
        "MGC" : "아산소방서",
        "ETC_MATTER" : " ",
        "MNTN_NM" : "망경산"
      },
      "geometry" : {
        "x" : 204963.20220000017,
        "y" : 457879.73719999939
      }
    },
    {
      "attributes" : {
        "FID" : 10,
        "SAFE_SPOT1" : 4268,
        "SAFE_SPOT2" : "산악위치 표시판",
        "SAFE_SPOT3" : " ",
        "MGC" : "아산소방서",
        "ETC_MATTER" : " ",
        "MNTN_NM" : "망경산"
      },
      "geometry" : {
        "x" : 204863.97320000082,
        "y" : 457818.0289000012
      }
    },
    {
      "attributes" : {
        "FID" : 11,
        "SAFE_SPOT1" : 4269,
        "SAFE_SPOT2" : "산악위치 표시판",
        "SAFE_SPOT3" : " ",
        "MGC" : "아산소방서",
        "ETC_MATTER" : " ",
        "MNTN_NM" : "망경산"
      },
      "geometry" : {
        "x" : 206328.97149999999,
        "y" : 456678.43720000237
      }
    },
    {
      "attributes" : {
        "FID" : 12,
        "SAFE_SPOT1" : 4270,
        "SAFE_SPOT2" : "산악위치 표시판",
        "SAFE_SPOT3" : " ",
        "MGC" : "아산소방서",
        "ETC_MATTER" : " ",
        "MNTN_NM" : "망경산"
      },
      "geometry" : {
        "x" : 206006.27479999978,
        "y" : 456739.85600000247
      }
    },
    {
      "attributes" : {
        "FID" : 13,
        "SAFE_SPOT1" : 4271,
        "SAFE_SPOT2" : "산악위치 표시판",
        "SAFE_SPOT3" : " ",
        "MGC" : "아산소방서",
        "ETC_MATTER" : " ",
        "MNTN_NM" : "망경산"
      },
      "geometry" : {
        "x" : 205758.06080000009,
        "y" : 456770.51120000146
      }
    },
    {
      "attributes" : {
        "FID" : 14,
        "SAFE_SPOT1" : 4272,
        "SAFE_SPOT2" : "산악위치 표시판",
        "SAFE_SPOT3" : " ",
        "MGC" : "아산소방서",
        "ETC_MATTER" : " ",
        "MNTN_NM" : "망경산"
      },
      "geometry" : {
        "x" : 205708.46349999961,
        "y" : 456708.82670000196
      }
    },
    {
      "attributes" : {
        "FID" : 15,
        "SAFE_SPOT1" : 4273,
        "SAFE_SPOT2" : "산악위치 표시판",
        "SAFE_SPOT3" : " ",
        "MGC" : "아산소방서",
        "ETC_MATTER" : " ",
        "MNTN_NM" : "망경산"
      },
      "geometry" : {
        "x" : 205609.20600000117,
        "y" : 456677.93549999967
      }
    },
    {
      "attributes" : {
        "FID" : 16,
        "SAFE_SPOT1" : 4274,
        "SAFE_SPOT2" : "산악위치 표시판",
        "SAFE_SPOT3" : " ",
        "MGC" : "아산소방서",
        "ETC_MATTER" : " ",
        "MNTN_NM" : "망경산"
      },
      "geometry" : {
        "x" : 205286.57160000037,
        "y" : 456646.90470000356
      }
    },
    {
      "attributes" : {
        "FID" : 17,
        "SAFE_SPOT1" : 4275,
        "SAFE_SPOT2" : "산악위치 표시판",
        "SAFE_SPOT3" : " ",
        "MGC" : "아산소방서",
        "ETC_MATTER" : " ",
        "MNTN_NM" : "망경산"
      },
      "geometry" : {
        "x" : 204641.496199999,
        "y" : 456214.97220000252
      }
    },
    {
      "attributes" : {
        "FID" : 18,
        "SAFE_SPOT1" : 4276,
        "SAFE_SPOT2" : "산악위치 표시판",
        "SAFE_SPOT3" : " ",
        "MGC" : "아산소방서",
        "ETC_MATTER" : " ",
        "MNTN_NM" : "망경산"
      },
      "geometry" : {
        "x" : 204864.8311999999,
        "y" : 456307.57300000079
      }
    },
    {
      "attributes" : {
        "FID" : 19,
        "SAFE_SPOT1" : 4277,
        "SAFE_SPOT2" : "산악위치 표시판",
        "SAFE_SPOT3" : " ",
        "MGC" : "아산소방서",
        "ETC_MATTER" : " ",
        "MNTN_NM" : "망경산"
      },
      "geometry" : {
        "x" : 205063.32280000113,
        "y" : 456430.99040000141
      }
    }
  ]
}