{
  "displayFieldName" : "",
  "fieldAliases" : {
    "FID" : "FID",
    "PMNTN_SPOT" : "PMNTN_SPOT",
    "MNTN_CODE" : "MNTN_CODE",
    "MANAGE_SP1" : "MANAGE_SP1",
    "MANAGE_SP2" : "MANAGE_SP2",
    "DETAIL_SPO" : "DETAIL_SPO",
    "ETC_MATTER" : "ETC_MATTER",
    "MNTN_NM" : "MNTN_NM",
    "PAST_SPOT_" : "PAST_SPOT_",
    "MNTN_ID" : "MNTN_ID"
  },
  "geometryType" : "esriGeometryPoint",
  "spatialReference" : {
    "wkt" : "PROJCS[\"PCS_ITRF2000_TM\",GEOGCS[\"GCS_ITRF_2000\",DATUM[\"D_ITRF_2000\",SPHEROID[\"GRS_1980\",6378137.0,298.257222101]],PRIMEM[\"Greenwich\",0.0],UNIT[\"Degree\",0.0174532925199433]],PROJECTION[\"Transverse_Mercator\"],PARAMETER[\"False_Easting\",200000.0],PARAMETER[\"False_Northing\",600000.0],PARAMETER[\"Central_Meridian\",127.0],PARAMETER[\"Scale_Factor\",1.0],PARAMETER[\"Latitude_Of_Origin\",38.0],UNIT[\"Meter\",1.0]]"
  },
  "fields" : [
    {
      "name" : "FID",
      "type" : "esriFieldTypeOID",
      "alias" : "FID"
    },
    {
      "name" : "PMNTN_SPOT",
      "type" : "esriFieldTypeDouble",
      "alias" : "PMNTN_SPOT"
    },
    {
      "name" : "MNTN_CODE",
      "type" : "esriFieldTypeString",
      "alias" : "MNTN_CODE",
      "length" : 9
    },
    {
      "name" : "MANAGE_SP1",
      "type" : "esriFieldTypeString",
      "alias" : "MANAGE_SP1",
      "length" : 2
    },
    {
      "name" : "MANAGE_SP2",
      "type" : "esriFieldTypeString",
      "alias" : "MANAGE_SP2",
      "length" : 50
    },
    {
      "name" : "DETAIL_SPO",
      "type" : "esriFieldTypeString",
      "alias" : "DETAIL_SPO",
      "length" : 200
    },
    {
      "name" : "ETC_MATTER",
      "type" : "esriFieldTypeString",
      "alias" : "ETC_MATTER",
      "length" : 200
    },
    {
      "name" : "MNTN_NM",
      "type" : "esriFieldTypeString",
      "alias" : "MNTN_NM",
      "length" : 50
    },
    {
      "name" : "PAST_SPOT_",
      "type" : "esriFieldTypeString",
      "alias" : "PAST_SPOT_",
      "length" : 14
    },
    {
      "name" : "MNTN_ID",
      "type" : "esriFieldTypeString",
      "alias" : "MNTN_ID",
      "length" : 10
    }
  ],
  "features" : [
    {
      "attributes" : {
        "FID" : 0,
        "PMNTN_SPOT" : 3298,
        "MNTN_CODE" : "421300301",
        "MANAGE_SP1" : "02",
        "MANAGE_SP2" : "분기점",
        "DETAIL_SPO" : "분기점",
        "ETC_MATTER" : " ",
        "MNTN_NM" : "건등산",
        "PAST_SPOT_" : "4213003010001",
        "MNTN_ID" : "421300301"
      },
      "geometry" : {
        "x" : 273070.06530000083,
        "y" : 525497.68260000087
      }
    },
    {
      "attributes" : {
        "FID" : 1,
        "PMNTN_SPOT" : 3299,
        "MNTN_CODE" : "421300301",
        "MANAGE_SP1" : "02",
        "MANAGE_SP2" : "분기점",
        "DETAIL_SPO" : "분기점",
        "ETC_MATTER" : " ",
        "MNTN_NM" : "건등산",
        "PAST_SPOT_" : "4213003010002",
        "MNTN_ID" : "421300301"
      },
      "geometry" : {
        "x" : 273128.2126000002,
        "y" : 525590.59310000204
      }
    },
    {
      "attributes" : {
        "FID" : 2,
        "PMNTN_SPOT" : 3300,
        "MNTN_CODE" : "421300301",
        "MANAGE_SP1" : "02",
        "MANAGE_SP2" : "분기점",
        "DETAIL_SPO" : "분기점",
        "ETC_MATTER" : " ",
        "MNTN_NM" : "건등산",
        "PAST_SPOT_" : "4213003010003",
        "MNTN_ID" : "421300301"
      },
      "geometry" : {
        "x" : 273133.88320000004,
        "y" : 525334.4598999992
      }
    },
    {
      "attributes" : {
        "FID" : 3,
        "PMNTN_SPOT" : 3301,
        "MNTN_CODE" : "421300301",
        "MANAGE_SP1" : "01",
        "MANAGE_SP2" : "시종점",
        "DETAIL_SPO" : "시종점",
        "ETC_MATTER" : " ",
        "MNTN_NM" : "건등산",
        "PAST_SPOT_" : "4213003010004",
        "MNTN_ID" : "421300301"
      },
      "geometry" : {
        "x" : 273307.75430000201,
        "y" : 525871.6129999999
      }
    },
    {
      "attributes" : {
        "FID" : 4,
        "PMNTN_SPOT" : 3302,
        "MNTN_CODE" : "421300301",
        "MANAGE_SP1" : "02",
        "MANAGE_SP2" : "분기점",
        "DETAIL_SPO" : "분기점",
        "ETC_MATTER" : " ",
        "MNTN_NM" : "건등산",
        "PAST_SPOT_" : "4213003010005",
        "MNTN_ID" : "421300301"
      },
      "geometry" : {
        "x" : 273353.77110000234,
        "y" : 525472.85370000079
      }
    },
    {
      "attributes" : {
        "FID" : 5,
        "PMNTN_SPOT" : 3303,
        "MNTN_CODE" : "421300301",
        "MANAGE_SP1" : "01",
        "MANAGE_SP2" : "시종점",
        "DETAIL_SPO" : "시종점",
        "ETC_MATTER" : " ",
        "MNTN_NM" : "건등산",
        "PAST_SPOT_" : "4213003010006",
        "MNTN_ID" : "421300301"
      },
      "geometry" : {
        "x" : 273359.98050000146,
        "y" : 525466.2482000012
      }
    },
    {
      "attributes" : {
        "FID" : 6,
        "PMNTN_SPOT" : 3304,
        "MNTN_CODE" : "421300301",
        "MANAGE_SP1" : "99",
        "MANAGE_SP2" : "기타",
        "DETAIL_SPO" : "건등산시비",
        "ETC_MATTER" : " ",
        "MNTN_NM" : "건등산",
        "PAST_SPOT_" : "4213003010007",
        "MNTN_ID" : "421300301"
      },
      "geometry" : {
        "x" : 273364.33609999996,
        "y" : 525442.54440000281
      }
    },
    {
      "attributes" : {
        "FID" : 7,
        "PMNTN_SPOT" : 3305,
        "MNTN_CODE" : "421300301",
        "MANAGE_SP1" : "99",
        "MANAGE_SP2" : "기타",
        "DETAIL_SPO" : "건등산유적비",
        "ETC_MATTER" : " ",
        "MNTN_NM" : "건등산",
        "PAST_SPOT_" : "4213003010008",
        "MNTN_ID" : "421300301"
      },
      "geometry" : {
        "x" : 273358.97120000236,
        "y" : 525479.28139999881
      }
    },
    {
      "attributes" : {
        "FID" : 8,
        "PMNTN_SPOT" : 3306,
        "MNTN_CODE" : "421300301",
        "MANAGE_SP1" : "99",
        "MANAGE_SP2" : "기타",
        "DETAIL_SPO" : "목계단",
        "ETC_MATTER" : " ",
        "MNTN_NM" : "건등산",
        "PAST_SPOT_" : "4213003010009",
        "MNTN_ID" : "421300301"
      },
      "geometry" : {
        "x" : 273358.62089999951,
        "y" : 525504.14130000025
      }
    },
    {
      "attributes" : {
        "FID" : 9,
        "PMNTN_SPOT" : 3307,
        "MNTN_CODE" : "421300301",
        "MANAGE_SP1" : "05",
        "MANAGE_SP2" : "벤치",
        "DETAIL_SPO" : "평의자",
        "ETC_MATTER" : " ",
        "MNTN_NM" : "건등산",
        "PAST_SPOT_" : "4213003010010",
        "MNTN_ID" : "421300301"
      },
      "geometry" : {
        "x" : 273361.99440000113,
        "y" : 525519.76559999958
      }
    },
    {
      "attributes" : {
        "FID" : 10,
        "PMNTN_SPOT" : 3308,
        "MNTN_CODE" : "421300301",
        "MANAGE_SP1" : "99",
        "MANAGE_SP2" : "기타",
        "DETAIL_SPO" : "통나무흙맑이",
        "ETC_MATTER" : " ",
        "MNTN_NM" : "건등산",
        "PAST_SPOT_" : "4213003010011",
        "MNTN_ID" : "421300301"
      },
      "geometry" : {
        "x" : 273332.61770000029,
        "y" : 525534.13800000027
      }
    },
    {
      "attributes" : {
        "FID" : 11,
        "PMNTN_SPOT" : 3309,
        "MNTN_CODE" : "421300301",
        "MANAGE_SP1" : "99",
        "MANAGE_SP2" : "기타",
        "DETAIL_SPO" : "통나무흙맑이",
        "ETC_MATTER" : " ",
        "MNTN_NM" : "건등산",
        "PAST_SPOT_" : "4213003010012",
        "MNTN_ID" : "421300301"
      },
      "geometry" : {
        "x" : 273323.62519999966,
        "y" : 525538.71010000259
      }
    },
    {
      "attributes" : {
        "FID" : 12,
        "PMNTN_SPOT" : 3310,
        "MNTN_CODE" : "421300301",
        "MANAGE_SP1" : "05",
        "MANAGE_SP2" : "벤치",
        "DETAIL_SPO" : "평의자",
        "ETC_MATTER" : " ",
        "MNTN_NM" : "건등산",
        "PAST_SPOT_" : "4213003010013",
        "MNTN_ID" : "421300301"
      },
      "geometry" : {
        "x" : 273210.55549999978,
        "y" : 525554.1165000014
      }
    },
    {
      "attributes" : {
        "FID" : 13,
        "PMNTN_SPOT" : 3311,
        "MNTN_CODE" : "421300301",
        "MANAGE_SP1" : "05",
        "MANAGE_SP2" : "벤치",
        "DETAIL_SPO" : "평의자",
        "ETC_MATTER" : " ",
        "MNTN_NM" : "건등산",
        "PAST_SPOT_" : "4213003010014",
        "MNTN_ID" : "421300301"
      },
      "geometry" : {
        "x" : 273196.82630000357,
        "y" : 525557.04909999855
      }
    },
    {
      "attributes" : {
        "FID" : 14,
        "PMNTN_SPOT" : 3312,
        "MNTN_CODE" : "421300301",
        "MANAGE_SP1" : "99",
        "MANAGE_SP2" : "기타",
        "DETAIL_SPO" : "통나무흙막이",
        "ETC_MATTER" : " ",
        "MNTN_NM" : "건등산",
        "PAST_SPOT_" : "4213003010015",
        "MNTN_ID" : "421300301"
      },
      "geometry" : {
        "x" : 273215.48969999887,
        "y" : 525559.53170000017
      }
    },
    {
      "attributes" : {
        "FID" : 15,
        "PMNTN_SPOT" : 3313,
        "MNTN_CODE" : "421300301",
        "MANAGE_SP1" : "99",
        "MANAGE_SP2" : "기타",
        "DETAIL_SPO" : "로프",
        "ETC_MATTER" : " ",
        "MNTN_NM" : "건등산",
        "PAST_SPOT_" : "4213003010016",
        "MNTN_ID" : "421300301"
      },
      "geometry" : {
        "x" : 273295.2229999993,
        "y" : 525560.26140000112
      }
    },
    {
      "attributes" : {
        "FID" : 16,
        "PMNTN_SPOT" : 3314,
        "MNTN_CODE" : "421300301",
        "MANAGE_SP1" : "99",
        "MANAGE_SP2" : "기타",
        "DETAIL_SPO" : "로프",
        "ETC_MATTER" : " ",
        "MNTN_NM" : "건등산",
        "PAST_SPOT_" : "4213003010017",
        "MNTN_ID" : "421300301"
      },
      "geometry" : {
        "x" : 273199.29309999943,
        "y" : 525560.81110000052
      }
    },
    {
      "attributes" : {
        "FID" : 17,
        "PMNTN_SPOT" : 3315,
        "MNTN_CODE" : "421300301",
        "MANAGE_SP1" : "15",
        "MANAGE_SP2" : "훼손지",
        "DETAIL_SPO" : "훼손지",
        "ETC_MATTER" : " ",
        "MNTN_NM" : "건등산",
        "PAST_SPOT_" : "4213003010018",
        "MNTN_ID" : "421300301"
      },
      "geometry" : {
        "x" : 273209.87450000178,
        "y" : 525561.04780000262
      }
    },
    {
      "attributes" : {
        "FID" : 18,
        "PMNTN_SPOT" : 3316,
        "MNTN_CODE" : "421300301",
        "MANAGE_SP1" : "99",
        "MANAGE_SP2" : "기타",
        "DETAIL_SPO" : "로프",
        "ETC_MATTER" : " ",
        "MNTN_NM" : "건등산",
        "PAST_SPOT_" : "4213003010019",
        "MNTN_ID" : "421300301"
      },
      "geometry" : {
        "x" : 273188.31440000143,
        "y" : 525564.4448000025
      }
    },
    {
      "attributes" : {
        "FID" : 19,
        "PMNTN_SPOT" : 3317,
        "MNTN_CODE" : "421300301",
        "MANAGE_SP1" : "99",
        "MANAGE_SP2" : "기타",
        "DETAIL_SPO" : "목계단",
        "ETC_MATTER" : " ",
        "MNTN_NM" : "건등산",
        "PAST_SPOT_" : "4213003010020",
        "MNTN_ID" : "421300301"
      },
      "geometry" : {
        "x" : 273226.2440000046,
        "y" : 525565.35300000198
      }
    },
    {
      "attributes" : {
        "FID" : 20,
        "PMNTN_SPOT" : 3318,
        "MNTN_CODE" : "421300301",
        "MANAGE_SP1" : "99",
        "MANAGE_SP2" : "기타",
        "DETAIL_SPO" : "목계단",
        "ETC_MATTER" : " ",
        "MNTN_NM" : "건등산",
        "PAST_SPOT_" : "4213003010021",
        "MNTN_ID" : "421300301"
      },
      "geometry" : {
        "x" : 273280.84180000424,
        "y" : 525568.82660000585
      }
    },
    {
      "attributes" : {
        "FID" : 21,
        "PMNTN_SPOT" : 3319,
        "MNTN_CODE" : "421300301",
        "MANAGE_SP1" : "15",
        "MANAGE_SP2" : "훼손지",
        "DETAIL_SPO" : "평의자",
        "ETC_MATTER" : "훼손",
        "MNTN_NM" : "건등산",
        "PAST_SPOT_" : "4213003010022",
        "MNTN_ID" : "421300301"
      },
      "geometry" : {
        "x" : 273288.64860000275,
        "y" : 525569.09459999949
      }
    },
    {
      "attributes" : {
        "FID" : 22,
        "PMNTN_SPOT" : 3320,
        "MNTN_CODE" : "421300301",
        "MANAGE_SP1" : "99",
        "MANAGE_SP2" : "기타",
        "DETAIL_SPO" : "통나무흙막이",
        "ETC_MATTER" : " ",
        "MNTN_NM" : "건등산",
        "PAST_SPOT_" : "4213003010023",
        "MNTN_ID" : "421300301"
      },
      "geometry" : {
        "x" : 273284.09240000136,
        "y" : 525569.11030000262
      }
    },
    {
      "attributes" : {
        "FID" : 23,
        "PMNTN_SPOT" : 3321,
        "MNTN_CODE" : "421300301",
        "MANAGE_SP1" : "99",
        "MANAGE_SP2" : "기타",
        "DETAIL_SPO" : "목계단",
        "ETC_MATTER" : " ",
        "MNTN_NM" : "건등산",
        "PAST_SPOT_" : "4213003010024",
        "MNTN_ID" : "421300301"
      },
      "geometry" : {
        "x" : 273253.01800000202,
        "y" : 525569.84900000133
      }
    },
    {
      "attributes" : {
        "FID" : 24,
        "PMNTN_SPOT" : 3322,
        "MNTN_CODE" : "421300301",
        "MANAGE_SP1" : "99",
        "MANAGE_SP2" : "기타",
        "DETAIL_SPO" : "목계단",
        "ETC_MATTER" : " ",
        "MNTN_NM" : "건등산",
        "PAST_SPOT_" : "4213003010025",
        "MNTN_ID" : "421300301"
      },
      "geometry" : {
        "x" : 273130.16619999986,
        "y" : 525587.95700000226
      }
    },
    {
      "attributes" : {
        "FID" : 25,
        "PMNTN_SPOT" : 3323,
        "MNTN_CODE" : "421300301",
        "MANAGE_SP1" : "99",
        "MANAGE_SP2" : "기타",
        "DETAIL_SPO" : "통나무흙막이",
        "ETC_MATTER" : " ",
        "MNTN_NM" : "건등산",
        "PAST_SPOT_" : "4213003010026",
        "MNTN_ID" : "421300301"
      },
      "geometry" : {
        "x" : 273136.40500000119,
        "y" : 525588.11130000092
      }
    },
    {
      "attributes" : {
        "FID" : 26,
        "PMNTN_SPOT" : 3324,
        "MNTN_CODE" : "421300301",
        "MANAGE_SP1" : "07",
        "MANAGE_SP2" : "시설물(운동기구 등)",
        "DETAIL_SPO" : "운동기구",
        "ETC_MATTER" : " ",
        "MNTN_NM" : "건등산",
        "PAST_SPOT_" : "4213003010027",
        "MNTN_ID" : "421300301"
      },
      "geometry" : {
        "x" : 273133.06450000219,
        "y" : 525592.04470000044
      }
    },
    {
      "attributes" : {
        "FID" : 27,
        "PMNTN_SPOT" : 3325,
        "MNTN_CODE" : "421300301",
        "MANAGE_SP1" : "15",
        "MANAGE_SP2" : "훼손지",
        "DETAIL_SPO" : "삼각점",
        "ETC_MATTER" : "훼손",
        "MNTN_NM" : "건등산",
        "PAST_SPOT_" : "4213003010028",
        "MNTN_ID" : "421300301"
      },
      "geometry" : {
        "x" : 273123.74159999937,
        "y" : 525629.44660000131
      }
    }
  ]
}