{
  "displayFieldName" : "",
  "fieldAliases" : {
    "FID" : "FID",
    "PMNTN_SN" : "PMNTN_SN",
    "MNTN_CODE" : "MNTN_CODE",
    "MNTN_NM" : "MNTN_NM",
    "PMNTN_NM" : "PMNTN_NM",
    "PMNTN_MAIN" : "PMNTN_MAIN",
    "PMNTN_LT" : "PMNTN_LT",
    "PMNTN_DFFL" : "PMNTN_DFFL",
    "PMNTN_UPPL" : "PMNTN_UPPL",
    "PMNTN_GODN" : "PMNTN_GODN",
    "PMNTN_MTRQ" : "PMNTN_MTRQ",
    "PMNTN_CNRL" : "PMNTN_CNRL",
    "PMNTN_CLS_" : "PMNTN_CLS_",
    "PMNTN_RISK" : "PMNTN_RISK",
    "PMNTN_RECO" : "PMNTN_RECO",
    "DATA_STDR_" : "DATA_STDR_",
    "MNTN_ID" : "MNTN_ID"
  },
  "geometryType" : "esriGeometryPolyline",
  "spatialReference" : {
    "wkt" : "PROJCS[\"PCS_ITRF2000_TM\",GEOGCS[\"GCS_ITRF_2000\",DATUM[\"D_ITRF_2000\",SPHEROID[\"GRS_1980\",6378137.0,298.257222101]],PRIMEM[\"Greenwich\",0.0],UNIT[\"Degree\",0.0174532925199433]],PROJECTION[\"Transverse_Mercator\"],PARAMETER[\"False_Easting\",200000.0],PARAMETER[\"False_Northing\",600000.0],PARAMETER[\"Central_Meridian\",127.0],PARAMETER[\"Scale_Factor\",1.0],PARAMETER[\"Latitude_Of_Origin\",38.0],UNIT[\"Meter\",1.0]]"
  },
  "fields" : [
    {
      "name" : "FID",
      "type" : "esriFieldTypeOID",
      "alias" : "FID"
    },
    {
      "name" : "PMNTN_SN",
      "type" : "esriFieldTypeDouble",
      "alias" : "PMNTN_SN"
    },
    {
      "name" : "MNTN_CODE",
      "type" : "esriFieldTypeString",
      "alias" : "MNTN_CODE",
      "length" : 9
    },
    {
      "name" : "MNTN_NM",
      "type" : "esriFieldTypeString",
      "alias" : "MNTN_NM",
      "length" : 50
    },
    {
      "name" : "PMNTN_NM",
      "type" : "esriFieldTypeString",
      "alias" : "PMNTN_NM",
      "length" : 50
    },
    {
      "name" : "PMNTN_MAIN",
      "type" : "esriFieldTypeString",
      "alias" : "PMNTN_MAIN",
      "length" : 200
    },
    {
      "name" : "PMNTN_LT",
      "type" : "esriFieldTypeSingle",
      "alias" : "PMNTN_LT"
    },
    {
      "name" : "PMNTN_DFFL",
      "type" : "esriFieldTypeString",
      "alias" : "PMNTN_DFFL",
      "length" : 8
    },
    {
      "name" : "PMNTN_UPPL",
      "type" : "esriFieldTypeDouble",
      "alias" : "PMNTN_UPPL"
    },
    {
      "name" : "PMNTN_GODN",
      "type" : "esriFieldTypeDouble",
      "alias" : "PMNTN_GODN"
    },
    {
      "name" : "PMNTN_MTRQ",
      "type" : "esriFieldTypeString",
      "alias" : "PMNTN_MTRQ",
      "length" : 200
    },
    {
      "name" : "PMNTN_CNRL",
      "type" : "esriFieldTypeString",
      "alias" : "PMNTN_CNRL",
      "length" : 1
    },
    {
      "name" : "PMNTN_CLS_",
      "type" : "esriFieldTypeString",
      "alias" : "PMNTN_CLS_",
      "length" : 1
    },
    {
      "name" : "PMNTN_RISK",
      "type" : "esriFieldTypeString",
      "alias" : "PMNTN_RISK",
      "length" : 200
    },
    {
      "name" : "PMNTN_RECO",
      "type" : "esriFieldTypeString",
      "alias" : "PMNTN_RECO",
      "length" : 1
    },
    {
      "name" : "DATA_STDR_",
      "type" : "esriFieldTypeString",
      "alias" : "DATA_STDR_",
      "length" : 10
    },
    {
      "name" : "MNTN_ID",
      "type" : "esriFieldTypeString",
      "alias" : "MNTN_ID",
      "length" : 10
    }
  ],
  "features" : [
    {
      "attributes" : {
        "FID" : 0,
        "PMNTN_SN" : 51418,
        "MNTN_CODE" : "422308301",
        "MNTN_NM" : "태봉산",
        "PMNTN_NM" : "오사동구간",
        "PMNTN_MAIN" : " ",
        "PMNTN_LT" : 1.36,
        "PMNTN_DFFL" : "쉬움",
        "PMNTN_UPPL" : 26,
        "PMNTN_GODN" : 18,
        "PMNTN_MTRQ" : " ",
        "PMNTN_CNRL" : " ",
        "PMNTN_CLS_" : " ",
        "PMNTN_RISK" : " ",
        "PMNTN_RECO" : " ",
        "DATA_STDR_" : "2016-12-31",
        "MNTN_ID" : "422308401"
      },
      "geometry" : {
        "paths" : [
          [
            [
              389442.80319999997,
              539359.78510000184
            ],
            [
              389445.34190000035,
              539364.03559999913
            ],
            [
              389448.16930000111,
              539367.92890000157
            ],
            [
              389451.28550000023,
              539371.46510000154
            ],
            [
              389455.67330000084,
              539375.33169999905
            ],
            [
              389459.13270000089,
              539377.23840000108
            ],
            [
              389468.05470000021,
              539380.26239999942
            ],
            [
              389471.06850000098,
              539381.52420000173
            ],
            [
              389473.63790000137,
              539383.13100000285
            ],
            [
              389476.57830000017,
              539386.97030000016
            ],
            [
              389479.95070000086,
              539395.4467999991
            ],
            [
              389484.4711000016,
              539406.20460000075
            ],
            [
              389487.38020000048,
              539411.79170000181
            ],
            [
              389490.3191000009,
              539416.4346000012
            ],
            [
              389492.83600000106,
              539419.94199999981
            ],
            [
              389495.30769999977,
              539422.83810000122
            ],
            [
              389497.78150000051,
              539425.16480000131
            ],
            [
              389500.21289999876,
              539426.65610000119
            ],
            [
              389503.65540000051,
              539427.9290000014
            ],
            [
              389507.5242000008,
              539428.8981999997
            ],
            [
              389516.02049999963,
              539430.60459999926
            ],
            [
              389519.04989999998,
              539431.46870000288
            ],
            [
              389521.05099999998,
              539434.14860000275
            ],
            [
              389518.69250000082,
              539437.76300000027
            ],
            [
              389515.84410000127,
              539440.03140000068
            ],
            [
              389509.66870000027,
              539444.48150000162
            ],
            [
              389503.82259999961,
              539448.57980000228
            ],
            [
              389497.84889999963,
              539452.21150000207
            ],
            [
              389491.84810000006,
              539455.31579999998
            ],
            [
              389485.89430000074,
              539457.85460000113
            ],
            [
              389479.19320000056,
              539459.97170000337
            ],
            [
              389471.53680000082,
              539461.57610000111
            ],
            [
              389462.87829999998,
              539462.72069999948
            ],
            [
              389450.23269999959,
              539463.7982000038
            ],
            [
              389447.3702000007,
              539463.88860000111
            ],
            [
              389444.10140000097,
              539463.73599999957
            ],
            [
              389431.49110000115,
              539462.23250000179
            ],
            [
              389425.13410000224,
              539461.99780000001
            ],
            [
              389420.45330000017,
              539462.68640000187
            ],
            [
              389416.70650000218,
              539464.32970000431
            ],
            [
              389413.47549999971,
              539467.06159999967
            ],
            [
              389411.13570000045,
              539469.92450000159
            ],
            [
              389408.53380000126,
              539474.0689000003
            ],
            [
              389402.79920000117,
              539484.49880000204
            ],
            [
              389399.71200000029,
              539489.05860000104
            ],
            [
              389395.68720000051,
              539493.81479999982
            ],
            [
              389390.88460000232,
              539498.86600000039
            ],
            [
              389374.78760000132,
              539514.10830000229
            ],
            [
              389369.4673000006,
              539519.3943000026
            ],
            [
              389364.91150000133,
              539524.38990000077
            ],
            [
              389361.07859999966,
              539529.17790000327
            ],
            [
              389356.40420000069,
              539535.78999999911
            ],
            [
              389351.70760000031,
              539543.06580000371
            ],
            [
              389346.90660000034,
              539551.12930000015
            ],
            [
              389341.76190000121,
              539560.38179999962
            ],
            [
              389336.15180000104,
              539569.21170000173
            ],
            [
              389334.51820000075,
              539572.10270000249
            ],
            [
              389333.07800000068,
              539576.09420000203
            ],
            [
              389333.07309999969,
              539579.50029999949
            ],
            [
              389334.88970000111,
              539583.57090000063
            ],
            [
              389337.01530000102,
              539586.23080000095
            ],
            [
              389343.53040000051,
              539593.31460000016
            ],
            [
              389345.67210000008,
              539596.51480000094
            ],
            [
              389347.897400002,
              539601.95680000447
            ],
            [
              389349.23460000101,
              539606.75140000321
            ],
            [
              389350.20840000082,
              539611.83220000379
            ],
            [
              389350.79890000075,
              539617.09630000032
            ],
            [
              389350.99330000021,
              539622.44080000184
            ],
            [
              389350.7854000004,
              539627.72990000062
            ],
            [
              389350.18010000046,
              539632.83810000122
            ],
            [
              389349.19139999989,
              539637.64870000258
            ],
            [
              389347.61950000096,
              539642.89919999987
            ],
            [
              389345.57930000126,
              539648.14630000293
            ],
            [
              389343.1464999998,
              539653.19600000232
            ],
            [
              389340.38949999958,
              539657.90770000219
            ],
            [
              389337.40079999994,
              539662.13490000181
            ],
            [
              389334.20820000023,
              539665.84919999912
            ],
            [
              389330.85700000077,
              539668.99799999967
            ],
            [
              389327.38050000183,
              539671.55069999769
            ],
            [
              389324.7443000013,
              539673.02389999852
            ],
            [
              389321.58550000098,
              539674.40940000117
            ],
            [
              389310.31280000135,
              539678.27150000073
            ],
            [
              389304.95740000065,
              539680.03360000066
            ],
            [
              389291.96619999968,
              539683.83300000243
            ],
            [
              389285.51400000229,
              539686.14960000291
            ],
            [
              389274.69850000087,
              539690.7210000027
            ],
            [
              389271.19380000047,
              539692.58690000139
            ],
            [
              389268.23150000069,
              539694.53160000406
            ],
            [
              389265.04739999957,
              539697.12749999948
            ],
            [
              389261.8618999999,
              539700.23410000093
            ],
            [
              389258.65230000019,
              539703.87239999883
            ],
            [
              389254.65970000066,
              539709.17710000277
            ],
            [
              389252.65029999986,
              539712.76339999959
            ],
            [
              389249.03920000046,
              539721.41580000147
            ],
            [
              389247.6715000011,
              539724.33180000447
            ],
            [
              389245.33220000006,
              539727.94170000218
            ],
            [
              389241.50150000118,
              539731.85759999976
            ],
            [
              389237.98330000136,
              539734.55650000274
            ],
            [
              389234.05560000148,
              539737.00060000271
            ],
            [
              389230.40390000027,
              539738.8310000021
            ],
            [
              389225.4784000013,
              539740.82589999959
            ],
            [
              389221.0959999999,
              539742.08909999952
            ],
            [
              389216.81990000047,
              539742.86690000072
            ],
            [
              389213.68450000044,
              539743.20109999925
            ],
            [
              389210.8618999999,
              539743.01820000075
            ],
            [
              389207.9645999996,
              539742.52510000207
            ],
            [
              389197.60200000089,
              539739.34500000253
            ],
            [
              389194.10560000036,
              539738.62739999965
            ],
            [
              389190.44539999962,
              539738.4141000025
            ],
            [
              389184.03849999979,
              539738.74420000054
            ],
            [
              389179.8925999999,
              539738.11520000175
            ],
            [
              389176.04940000083,
              539736.05120000243
            ],
            [
              389168.8833999997,
              539730.34699999914
            ],
            [
              389165.87370000035,
              539728.76220000163
            ],
            [
              389161.68790000211,
              539727.87769999728
            ],
            [
              389157.93200000003,
              539727.92090000398
            ],
            [
              389154.6062000012,
              539728.31500000134
            ],
            [
              389143.97260000091,
              539730.03050000221
            ],
            [
              389124.49610000011,
              539732.6379000023
            ],
            [
              389118.03810000047,
              539733.32990000211
            ],
            [
              389108.52479999978,
              539734.1090000011
            ],
            [
              389100.39340000041,
              539734.26270000264
            ],
            [
              389094.66890000179,
              539733.83610000089
            ],
            [
              389089.73229999933,
              539733.18029999919
            ],
            [
              389085.3096000012,
              539732.25819999911
            ],
            [
              389081.33700000029,
              539731.0541999992
            ],
            [
              389078.23890000116,
              539729.77830000222
            ],
            [
              389074.91469999962,
              539728.08490000106
            ],
            [
              389066.03050000127,
              539722.599700002
            ],
            [
              389058.5943,
              539717.15259999968
            ],
            [
              389055.83270000014,
              539715.37159999833
            ],
            [
              389053.13570000138,
              539713.96680000238
            ],
            [
              389050.02909999993,
              539712.60310000181
            ],
            [
              389040.21279999986,
              539709.02030000277
            ],
            [
              389034.53479999956,
              539707.11599999852
            ],
            [
              389019.89900000114,
              539702.67369999737
            ],
            [
              389005.26240000129,
              539698.07660000026
            ],
            [
              389001.10140000097,
              539696.49260000139
            ],
            [
              388997.4935999997,
              539694.8359999992
            ],
            [
              388994.30119999964,
              539693.05260000192
            ],
            [
              388991.82410000172,
              539691.43310000189
            ],
            [
              388977.17870000098,
              539680.71499999985
            ],
            [
              388966.77630000003,
              539673.62360000238
            ],
            [
              388960.68560000136,
              539669.90150000155
            ],
            [
              388956.71320000105,
              539668.03380000219
            ],
            [
              388947.93140000105,
              539664.69240000099
            ],
            [
              388944.20900000166,
              539663.06870000251
            ],
            [
              388940.03780000098,
              539660.04729999974
            ],
            [
              388937.81860000081,
              539657.3844000008
            ],
            [
              388934.93090000097,
              539652.48700000159
            ],
            [
              388933.03460000176,
              539649.41379999928
            ],
            [
              388929.98149999976,
              539645.86390000023
            ],
            [
              388924.69979999959,
              539642.88150000013
            ],
            [
              388921.33070000168,
              539641.64980000257
            ],
            [
              388916.4907999998,
              539640.56030000187
            ],
            [
              388910.38790000044,
              539640.05170000158
            ],
            [
              388907.05850000121,
              539640.46609999985
            ],
            [
              388897.37570000067,
              539643.13360000215
            ],
            [
              388894.31410000101,
              539643.39610000327
            ],
            [
              388890.57180000003,
              539642.7789000012
            ],
            [
              388883.0662000021,
              539640.23120000027
            ],
            [
              388877.6361000007,
              539640.56310000271
            ],
            [
              388873.65440000128,
              539641.85080000199
            ],
            [
              388870.69190000184,
              539643.20780000277
            ],
            [
              388865.4748999998,
              539646.12520000152
            ],
            [
              388860.10610000044,
              539647.14070000127
            ],
            [
              388851.20280000102,
              539646.44940000027
            ],
            [
              388848.50240000058,
              539647.53280000016
            ],
            [
              388845.4327000007,
              539650.60090000182
            ],
            [
              388840.90740000084,
              539648.97600000165
            ],
            [
              388834.49070000183,
              539650.5308999978
            ],
            [
              388830.89900000021,
              539650.20670000091
            ],
            [
              388826.02759999875,
              539648.41640000045
            ],
            [
              388822.49690000061,
              539646.7918999996
            ],
            [
              388818.39140000101,
              539644.48520000093
            ],
            [
              388814.65120000206,
              539642.38370000385
            ],
            [
              388805.39429999981,
              539637.08810000122
            ],
            [
              388802.09370000102,
              539635.41200000234
            ],
            [
              388798.36230000015,
              539634.05350000225
            ],
            [
              388794.92599999998,
              539633.49650000036
            ],
            [
              388791.3674999997,
              539633.6604999993
            ],
            [
              388784.89100000076,
              539634.71330000274
            ],
            [
              388773.56270000059,
              539636.46340000071
            ],
            [
              388769.66860000137,
              539637.31200000085
            ],
            [
              388766.59549999982,
              539638.18070000224
            ],
            [
              388763.32620000001,
              539639.42530000396
            ],
            [
              388756.66489999928,
              539642.62739999965
            ],
            [
              388751.84889999963,
              539643.95009999909
            ],
            [
              388743.9665000001,
              539644.23110000044
            ],
            [
              388739.37860000227,
              539645.60040000081
            ],
            [
              388730.86070000008,
              539651.52740000375
            ],
            [
              388726.77830000129,
              539652.17560000159
            ],
            [
              388720.17380000092,
              539651.32459999993
            ],
            [
              388717.15130000003,
              539651.87410000153
            ],
            [
              388708.98099999968,
              539654.59210000187
            ],
            [
              388705.22950000037,
              539654.77360000275
            ],
            [
              388704.6353000002,
              539651.54499999993
            ],
            [
              388700.51360000018,
              539652.34210000001
            ],
            [
              388694.47479999997,
              539654.98460000008
            ],
            [
              388690.36179999914,
              539657.7479000017
            ],
            [
              388687.3478000015,
              539660.69700000249
            ],
            [
              388683.6873000022,
              539665.41369999945
            ],
            [
              388680.73380000051,
              539669.84940000065
            ],
            [
              388676.98720000032,
              539675.47600000352
            ],
            [
              388670.87519999966,
              539684.68180000409
            ],
            [
              388666.24380000215,
              539692.88380000181
            ],
            [
              388664.37360000052,
              539696.80130000226
            ],
            [
              388662.79520000145,
              539700.61219999939
            ],
            [
              388661.50140000042,
              539704.33400000073
            ],
            [
              388660.48840000108,
              539707.97749999911
            ],
            [
              388659.94749999978,
              539711.99580000155
            ],
            [
              388659.93549999967,
              539719.00090000033
            ],
            [
              388659.76210000087,
              539721.82410000265
            ],
            [
              388659.19149999972,
              539725.30850000121
            ],
            [
              388658.02470000088,
              539728.07990000024
            ],
            [
              388655.2424000008,
              539732.40380000137
            ],
            [
              388653.47340000141,
              539735.93870000355
            ],
            [
              388652.24020000082,
              539739.05819999985
            ],
            [
              388651.31390000228,
              539743.29330000281
            ],
            [
              388651.45689999964,
              539749.7135000024
            ],
            [
              388648.91069999989,
              539752.68029999919
            ],
            [
              388644.93659999967,
              539753.93239999935
            ],
            [
              388637.58889999986,
              539754.96790000051
            ],
            [
              388634.70500000007,
              539755.59210000373
            ],
            [
              388628.9654000001,
              539757.00420000032
            ],
            [
              388615.29920000117,
              539759.59640000015
            ],
            [
              388611.85090000089,
              539760.46800000221
            ],
            [
              388608.79459999967,
              539761.44280000217
            ],
            [
              388598.60369999986,
              539765.00660000183
            ],
            [
              388592.41790000163,
              539767.61150000058
            ],
            [
              388590.49100000132,
              539769.97240000218
            ]
          ]
        ]
      }
    },
    {
      "attributes" : {
        "FID" : 1,
        "PMNTN_SN" : 51419,
        "MNTN_CODE" : "422308301",
        "MNTN_NM" : "태봉산",
        "PMNTN_NM" : "마평동구간",
        "PMNTN_MAIN" : " ",
        "PMNTN_LT" : 0.8,
        "PMNTN_DFFL" : "쉬움",
        "PMNTN_UPPL" : 14,
        "PMNTN_GODN" : 10,
        "PMNTN_MTRQ" : " ",
        "PMNTN_CNRL" : " ",
        "PMNTN_CLS_" : " ",
        "PMNTN_RISK" : " ",
        "PMNTN_RECO" : " ",
        "DATA_STDR_" : "2016-12-31",
        "MNTN_ID" : "422308401"
      },
      "geometry" : {
        "paths" : [
          [
            [
              388590.49100000132,
              539769.97240000218
            ],
            [
              388582.28090000059,
              539768.64710000157
            ],
            [
              388574.80170000065,
              539767.63869999908
            ],
            [
              388567.79330000002,
              539766.91220000386
            ],
            [
              388561.15290000103,
              539766.45780000091
            ],
            [
              388556.56390000042,
              539766.42010000162
            ],
            [
              388544.87380000111,
              539766.86219999939
            ],
            [
              388541.54970000032,
              539766.76280000247
            ],
            [
              388538.58579999954,
              539766.45780000091
            ],
            [
              388531.5159,
              539765.4008000046
            ],
            [
              388527.02850000095,
              539764.42110000178
            ],
            [
              388523.23369999975,
              539763.11040000059
            ],
            [
              388519.15650000051,
              539760.5326000005
            ],
            [
              388516.15940000117,
              539757.1128000021
            ],
            [
              388514.52660000045,
              539754.38550000265
            ],
            [
              388510.76600000169,
              539747.28170000017
            ],
            [
              388508.49629999977,
              539743.89059999771
            ],
            [
              388503.04640000127,
              539737.48540000059
            ],
            [
              388497.26170000061,
              539731.52160000056
            ],
            [
              388491.24829999916,
              539726.10830000043
            ],
            [
              388485.09329999983,
              539721.32349999994
            ],
            [
              388481.83780000079,
              539719.13130000234
            ],
            [
              388478.30449999962,
              539717.0295000039
            ],
            [
              388470.23800000083,
              539713.00120000169
            ],
            [
              388461.53990000021,
              539709.40620000102
            ],
            [
              388444.13820000086,
              539702.93549999967
            ],
            [
              388439.42489999998,
              539700.97790000029
            ],
            [
              388427.77770000137,
              539695.73599999771
            ],
            [
              388421.65739999991,
              539693.38759999909
            ],
            [
              388418.22020000219,
              539692.36720000021
            ],
            [
              388415.00639999937,
              539691.67530000396
            ],
            [
              388411.95450000092,
              539691.29869999923
            ],
            [
              388409.03380000126,
              539691.23399999924
            ],
            [
              388403.65060000122,
              539691.77700000443
            ],
            [
              388397.79490000103,
              539693.07789999992
            ],
            [
              388394.71150000114,
              539694.08249999955
            ],
            [
              388391.49320000224,
              539695.13110000081
            ],
            [
              388384.79499999993,
              539697.92060000263
            ],
            [
              388380.2937000012,
              539700.33440000005
            ],
            [
              388375.54230000079,
              539703.58510000259
            ],
            [
              388371.23800000176,
              539707.01080000028
            ],
            [
              388361.96690000128,
              539714.90350000188
            ],
            [
              388357.41110000201,
              539718.4392000027
            ],
            [
              388340.73220000137,
              539730.4448000025
            ],
            [
              388332.97420000006,
              539736.36830000021
            ],
            [
              388323.08160000108,
              539744.52610000223
            ],
            [
              388315.42199999932,
              539751.41300000437
            ],
            [
              388311.74740000069,
              539755.4525000006
            ],
            [
              388305.08650000021,
              539764.30450000241
            ],
            [
              388302.17210000008,
              539767.7808000017
            ],
            [
              388298.79729999974,
              539770.94260000251
            ],
            [
              388296.23039999977,
              539772.64970000274
            ],
            [
              388291.92870000005,
              539774.66760000028
            ],
            [
              388288.29679999966,
              539775.90990000218
            ],
            [
              388284.65359999891,
              539776.80780000053
            ],
            [
              388279.92970000207,
              539777.36930000037
            ],
            [
              388274.77200000081,
              539777.02429999784
            ],
            [
              388270.50790000148,
              539776.09750000201
            ],
            [
              388264.44919999968,
              539774.0260000024
            ],
            [
              388254.40720000025,
              539769.80100000463
            ],
            [
              388241.93879999965,
              539764.6641000025
            ],
            [
              388238.06220000144,
              539762.81189999916
            ],
            [
              388234.75240000151,
              539760.98179999739
            ],
            [
              388231.67550000083,
              539758.95270000212
            ],
            [
              388229.06870000064,
              539756.83660000004
            ],
            [
              388226.89940000139,
              539754.60710000247
            ],
            [
              388225.15350000001,
              539752.24880000204
            ],
            [
              388222.37339999992,
              539747.19910000078
            ],
            [
              388220.03639999963,
              539740.9793999996
            ],
            [
              388219.2555999998,
              539736.65069999918
            ],
            [
              388219.66550000105,
              539732.66110000201
            ],
            [
              388221.84470000118,
              539729.05639999919
            ],
            [
              388224.31020000111,
              539726.73300000094
            ],
            [
              388230.18219999876,
              539722.13800000027
            ],
            [
              388232.56270000059,
              539720.06490000151
            ],
            [
              388235.33520000055,
              539716.61080000363
            ],
            [
              388237.11039999966,
              539712.72340000048
            ],
            [
              388238.04040000029,
              539709.6854000017
            ],
            [
              388238.79680000152,
              539706.3981000036
            ],
            [
              388239.36240000091,
              539702.93549999967
            ],
            [
              388239.6855000006,
              539699.2061999999
            ],
            [
              388239.69429999962,
              539695.3104000017
            ],
            [
              388239.38860000111,
              539691.30269999988
            ],
            [
              388238.7732999986,
              539687.24880000018
            ],
            [
              388237.85750000086,
              539683.2127000019
            ],
            [
              388236.65900000092,
              539679.27769999951
            ],
            [
              388235.20120000001,
              539675.51970000193
            ],
            [
              388233.51169999968,
              539672.0102000013
            ],
            [
              388231.29910000134,
              539668.10890000314
            ],
            [
              388228.97440000065,
              539664.4682
            ],
            [
              388226.64099999983,
              539661.24970000237
            ],
            [
              388224.33890000079,
              539658.50620000251
            ],
            [
              388222.11860000156,
              539656.29210000113
            ],
            [
              388218.9467000002,
              539654.0102000013
            ],
            [
              388215.31960000191,
              539652.75980000012
            ],
            [
              388212.5018000016,
              539653.39550000057
            ],
            [
              388210.0159,
              539654.81670000032
            ],
            [
              388206.74240000173,
              539657.46859999746
            ],
            [
              388199.1798000019,
              539664.47900000028
            ],
            [
              388194.79880000185,
              539667.4317000024
            ],
            [
              388190.3964000009,
              539667.37380000018
            ],
            [
              388186.84990000073,
              539663.64200000465
            ],
            [
              388185.06060000043,
              539660.45660000294
            ],
            [
              388180.85500000231,
              539651.95049999841
            ],
            [
              388175.76769999973,
              539642.64409999922
            ],
            [
              388172.74950000085,
              539636.39710000157
            ],
            [
              388170.52730000205,
              539630.58360000141
            ],
            [
              388169.15360000078,
              539625.20430000126
            ],
            [
              388168.05780000053,
              539617.94030000269
            ],
            [
              388167.70030000061,
              539611.7864000015
            ],
            [
              388168.06269999966,
              539606.4178000018
            ],
            [
              388168.83519999962,
              539602.90960000455
            ],
            [
              388170.40310000069,
              539598.93390000053
            ],
            [
              388172.26610000059,
              539595.87209999934
            ],
            [
              388175.82129999995,
              539589.67679999955
            ],
            [
              388181.06260000076,
              539589.47140000015
            ],
            [
              388186.97890000232,
              539589.80790000223
            ],
            [
              388189.29999999981,
              539586.00430000201
            ],
            [
              388191.60230000038,
              539583.42400000058
            ],
            [
              388193.87690000143,
              539579.59390000068
            ],
            [
              388194.56830000039,
              539575.22540000081
            ],
            [
              388193.68110000063,
              539571.10000000149
            ],
            [
              388191.44529999979,
              539565.97880000249
            ],
            [
              388186.92580000032,
              539557.86270000041
            ],
            [
              388185.2566000009,
              539554.53270000033
            ],
            [
              388180.41299999971,
              539537.87060000002
            ],
            [
              388172.6230000006,
              539528.73630000278
            ],
            [
              388168.38100000005,
              539521.52720000222
            ],
            [
              388161.60250000004,
              539506.6129999999
            ],
            [
              388158.0262000002,
              539500.909500001
            ],
            [
              388154.76110000163,
              539494.75200000033
            ],
            [
              388152.43719999958,
              539488.96570000239
            ],
            [
              388150.58380000107,
              539482.77300000191
            ],
            [
              388149.09390000068,
              539476.42840000056
            ]
          ]
        ]
      }
    },
    {
      "attributes" : {
        "FID" : 2,
        "PMNTN_SN" : 51420,
        "MNTN_CODE" : "422308301",
        "MNTN_NM" : "태봉산",
        "PMNTN_NM" : " ",
        "PMNTN_MAIN" : " ",
        "PMNTN_LT" : 0.71,
        "PMNTN_DFFL" : "쉬움",
        "PMNTN_UPPL" : 13,
        "PMNTN_GODN" : 9,
        "PMNTN_MTRQ" : " ",
        "PMNTN_CNRL" : " ",
        "PMNTN_CLS_" : " ",
        "PMNTN_RISK" : " ",
        "PMNTN_RECO" : " ",
        "DATA_STDR_" : "2016-12-31",
        "MNTN_ID" : "422308401"
      },
      "geometry" : {
        "paths" : [
          [
            [
              388590.49100000132,
              539769.97240000218
            ],
            [
              388593.21030000038,
              539770.75100000203
            ],
            [
              388598.7648,
              539771.47270000167
            ],
            [
              388608.00700000115,
              539773.32719999924
            ],
            [
              388610.76090000011,
              539773.9728000015
            ],
            [
              388619.03770000115,
              539775.91330000199
            ],
            [
              388629.03000000026,
              539778.56840000115
            ],
            [
              388638.88410000224,
              539781.50249999948
            ],
            [
              388652.9682,
              539785.65510000102
            ],
            [
              388659.34439999983,
              539787.78399999999
            ],
            [
              388665.47389999963,
              539790.35120000131
            ],
            [
              388670.60410000198,
              539793.18130000122
            ],
            [
              388675.33829999994,
              539796.45030000247
            ],
            [
              388679.91050000023,
              539800.13630000129
            ],
            [
              388684.27819999959,
              539804.19470000267
            ],
            [
              388689.21220000181,
              539809.6333000008
            ],
            [
              388693.76820000075,
              539815.9990000017
            ],
            [
              388695.71079999954,
              539818.31550000049
            ],
            [
              388699.79140000232,
              539822.95500000007
            ],
            [
              388702.72440000065,
              539830.61420000158
            ],
            [
              388705.77219999954,
              539835.94880000129
            ],
            [
              388711.11710000224,
              539843.50870000012
            ],
            [
              388717.42920000106,
              539852.93780000135
            ],
            [
              388721.30480000004,
              539857.84420000017
            ],
            [
              388725.33470000047,
              539862.00259999931
            ],
            [
              388729.64350000117,
              539865.82940000109
            ],
            [
              388732.64500000142,
              539868.01219999976
            ],
            [
              388740.20139999967,
              539872.59090000205
            ],
            [
              388743.44890000205,
              539874.8713000007
            ],
            [
              388747.03560000099,
              539877.91240000352
            ],
            [
              388750.68400000129,
              539881.39660000056
            ],
            [
              388754.45660000015,
              539885.38130000234
            ],
            [
              388758.54960000049,
              539890.07320000045
            ],
            [
              388766.1623000009,
              539900.00790000148
            ],
            [
              388775.70830000006,
              539911.55510000326
            ],
            [
              388779.45470000058,
              539916.45720000379
            ],
            [
              388782.98730000108,
              539921.61100000143
            ],
            [
              388786.33849999961,
              539926.8973999992
            ],
            [
              388789.57810000051,
              539930.37000000291
            ],
            [
              388792.96779999975,
              539933.62340000458
            ],
            [
              388796.50750000216,
              539936.65750000067
            ],
            [
              388800.19730000012,
              539939.47240000032
            ],
            [
              388804.23170000035,
              539942.09750000015
            ],
            [
              388808.95390000008,
              539944.65719999932
            ],
            [
              388814.13540000189,
              539947.08779999986
            ],
            [
              388823.60020000115,
              539951.17390000075
            ],
            [
              388833.83000000007,
              539955.53099999949
            ],
            [
              388841.91490000021,
              539958.64580000006
            ],
            [
              388849.31269999966,
              539961.0791000016
            ],
            [
              388856.19720000122,
              539962.87530000135
            ],
            [
              388862.18350000121,
              539964.00659999996
            ],
            [
              388868.88480000105,
              539964.87600000203
            ],
            [
              388876.237900001,
              539965.50799999945
            ],
            [
              388887.95830000006,
              539966.21859999932
            ],
            [
              388896.34530000109,
              539966.57860000245
            ],
            [
              388905.57400000002,
              539966.69649999961
            ],
            [
              388917.27010000031,
              539966.60240000114
            ],
            [
              388930.58509999979,
              539966.21859999932
            ],
            [
              388941.69140000083,
              539965.71920000017
            ],
            [
              388965.92440000083,
              539964.11880000308
            ],
            [
              388975.71939999983,
              539963.71120000258
            ],
            [
              388990.53690000158,
              539963.49129999988
            ],
            [
              389005.37739999965,
              539963.56910000369
            ],
            [
              389020.22360000107,
              539963.94439999945
            ],
            [
              389035.05830000062,
              539964.61700000241
            ],
            [
              389041.42289999966,
              539965.10200000182
            ],
            [
              389045.29679999966,
              539964.4384000022
            ],
            [
              389048.13360000029,
              539963.16450000182
            ],
            [
              389051.13000000175,
              539961.31390000321
            ],
            [
              389055.64730000123,
              539958.04069999792
            ],
            [
              389058.18790000118,
              539955.86800000258
            ],
            [
              389063.34360000119,
              539950.59029999934
            ],
            [
              389065.60000000056,
              539948.71480000205
            ],
            [
              389068.06929999962,
              539947.0903000012
            ],
            [
              389070.89660000149,
              539945.50139999948
            ],
            [
              389078.41580000054,
              539942.0083000008
            ],
            [
              389084.24080000073,
              539939.53590000235
            ],
            [
              389088.76680000033,
              539939.87900000438
            ],
            [
              389092.503800001,
              539941.63620000146
            ],
            [
              389096.02140000183,
              539944.48870000243
            ],
            [
              389099.56890000124,
              539950.44869999774
            ],
            [
              389102.45920000132,
              539953.36620000191
            ],
            [
              389106.58680000156,
              539955.08889999986
            ],
            [
              389112.62390000001,
              539956.55550000072
            ],
            [
              389117.99839999992,
              539957.82290000282
            ],
            [
              389123.77120000124,
              539958.81039999984
            ],
            [
              389129.99650000036,
              539959.52790000103
            ],
            [
              389136.81089999992,
              539959.99149999954
            ],
            [
              389142.70280000102,
              539960.40789999999
            ],
            [
              389145.93120000046,
              539960.45840000175
            ],
            [
              389150.07230000105,
              539960.08980000019
            ],
            [
              389157.85390000045,
              539957.58090000413
            ],
            [
              389164.96760000102,
              539956.29839999974
            ],
            [
              389168.13819999993,
              539955.13920000009
            ],
            [
              389174.64730000123,
              539951.78030000255
            ],
            [
              389178.99960000068,
              539950.57050000131
            ],
            [
              389185.75070000067,
              539950.99970000051
            ],
            [
              389188.82749999966,
              539950.73090000264
            ],
            [
              389197.12440000102,
              539950.17559999973
            ],
            [
              389200.54140000232,
              539949.66379999928
            ],
            [
              389203.31830000039,
              539949.12570000254
            ]
          ]
        ]
      }
    },
    {
      "attributes" : {
        "FID" : 3,
        "PMNTN_SN" : 51421,
        "MNTN_CODE" : "422308301",
        "MNTN_NM" : "태봉산",
        "PMNTN_NM" : "자원동구간",
        "PMNTN_MAIN" : " ",
        "PMNTN_LT" : 0.13,
        "PMNTN_DFFL" : "쉬움",
        "PMNTN_UPPL" : 2,
        "PMNTN_GODN" : 2,
        "PMNTN_MTRQ" : " ",
        "PMNTN_CNRL" : " ",
        "PMNTN_CLS_" : " ",
        "PMNTN_RISK" : " ",
        "PMNTN_RECO" : " ",
        "DATA_STDR_" : "2016-12-31",
        "MNTN_ID" : "422308401"
      },
      "geometry" : {
        "paths" : [
          [
            [
              389474.8303000005,
              539922.89000000246
            ],
            [
              389477.36660000123,
              539920.98450000025
            ],
            [
              389477.44840000104,
              539916.85260000266
            ],
            [
              389477.4469000008,
              539913.02199999988
            ],
            [
              389477.21050000098,
              539908.18870000355
            ],
            [
              389475.86300000176,
              539892.85580000095
            ],
            [
              389475.25700000022,
              539888.18250000104
            ],
            [
              389473.2237000009,
              539877.62380000018
            ],
            [
              389472.53540000226,
              539872.89040000364
            ],
            [
              389472.18130000122,
              539868.1353999991
            ],
            [
              389472.06590000074,
              539862.82269999757
            ],
            [
              389472.55510000046,
              539844.80100000091
            ],
            [
              389472.53540000226,
              539837.95100000128
            ],
            [
              389472.30930000078,
              539835.08880000189
            ],
            [
              389471.30580000114,
              539828.2033000011
            ],
            [
              389471.02479999978,
              539825.18179999851
            ],
            [
              389471.40930000134,
              539820.89780000225
            ],
            [
              389473.51460000128,
              539816.11850000173
            ],
            [
              389476.00790000055,
              539812.89210000075
            ],
            [
              389478.12510000076,
              539810.94420000166
            ],
            [
              389480.58330000006,
              539809.1484999992
            ],
            [
              389483.38279999979,
              539807.50520000234
            ],
            [
              389486.52340000216,
              539806.01420000196
            ],
            [
              389490.00519999955,
              539804.67540000007
            ]
          ]
        ]
      }
    },
    {
      "attributes" : {
        "FID" : 4,
        "PMNTN_SN" : 51422,
        "MNTN_CODE" : "422308301",
        "MNTN_NM" : "태봉산",
        "PMNTN_NM" : "자원동구간",
        "PMNTN_MAIN" : " ",
        "PMNTN_LT" : 0.1,
        "PMNTN_DFFL" : "쉬움",
        "PMNTN_UPPL" : 2,
        "PMNTN_GODN" : 1,
        "PMNTN_MTRQ" : " ",
        "PMNTN_CNRL" : " ",
        "PMNTN_CLS_" : " ",
        "PMNTN_RISK" : " ",
        "PMNTN_RECO" : " ",
        "DATA_STDR_" : "2016-12-31",
        "MNTN_ID" : "422308401"
      },
      "geometry" : {
        "paths" : [
          [
            [
              389474.8303000005,
              539922.89000000246
            ],
            [
              389485.84570000041,
              539935.28230000101
            ],
            [
              389503.31540000066,
              539950.2563000042
            ],
            [
              389521.61699999962,
              539962.73470000178
            ],
            [
              389539.9186000023,
              539971.88550000079
            ],
            [
              389553.22890000045,
              539976.04490000196
            ]
          ]
        ]
      }
    },
    {
      "attributes" : {
        "FID" : 5,
        "PMNTN_SN" : 51423,
        "MNTN_CODE" : "422308301",
        "MNTN_NM" : "태봉산",
        "PMNTN_NM" : " ",
        "PMNTN_MAIN" : " ",
        "PMNTN_LT" : 0.35,
        "PMNTN_DFFL" : "쉬움",
        "PMNTN_UPPL" : 6,
        "PMNTN_GODN" : 4,
        "PMNTN_MTRQ" : " ",
        "PMNTN_CNRL" : " ",
        "PMNTN_CLS_" : " ",
        "PMNTN_RISK" : " ",
        "PMNTN_RECO" : " ",
        "DATA_STDR_" : "2016-12-31",
        "MNTN_ID" : "422308401"
      },
      "geometry" : {
        "paths" : [
          [
            [
              389203.31830000039,
              539949.12570000254
            ],
            [
              389205.80269999988,
              539947.23020000011
            ],
            [
              389208.14130000025,
              539945.14560000226
            ],
            [
              389210.32560000196,
              539942.44920000248
            ],
            [
              389212.33669999894,
              539939.20099999942
            ],
            [
              389214.31830000039,
              539935.20549999923
            ],
            [
              389216.21060000081,
              539930.69560000114
            ],
            [
              389221.31340000127,
              539917.50120000169
            ],
            [
              389223.05310000014,
              539913.65939999744
            ],
            [
              389224.76690000109,
              539910.45680000447
            ],
            [
              389226.97780000046,
              539907.15440000035
            ],
            [
              389229.32849999983,
              539904.53540000133
            ],
            [
              389231.86519999988,
              539902.54880000092
            ],
            [
              389235.50690000132,
              539900.92330000363
            ],
            [
              389238.59080000129,
              539900.35500000045
            ],
            [
              389243.75129999965,
              539900.32260000333
            ],
            [
              389246.6045000013,
              539900.02400000021
            ],
            [
              389250.00420000125,
              539898.72599999979
            ],
            [
              389252.02950000111,
              539895.56140000187
            ],
            [
              389252.42720000073,
              539891.81130000018
            ],
            [
              389249.05150000192,
              539884.2137000002
            ],
            [
              389249.78679999989,
              539880.93019999936
            ],
            [
              389255.18499999959,
              539879.27789999917
            ],
            [
              389261.28290000092,
              539877.77850000374
            ],
            [
              389272.5979000004,
              539875.58420000039
            ],
            [
              389282.86429999955,
              539868.73100000247
            ],
            [
              389290.72389999963,
              539866.95180000365
            ],
            [
              389299.48930000141,
              539865.59440000169
            ],
            [
              389309.31400000025,
              539864.61040000245
            ],
            [
              389322.79509999976,
              539863.73960000277
            ],
            [
              389332.87380000111,
              539863.27389999852
            ],
            [
              389341.56259999983,
              539863.12310000323
            ],
            [
              389349.51620000228,
              539863.27630000189
            ],
            [
              389356.90259999968,
              539863.73960000277
            ],
            [
              389363.49540000036,
              539864.59860000201
            ],
            [
              389377.7910000002,
              539867.19270000234
            ],
            [
              389383.52310000081,
              539867.8991000019
            ],
            [
              389386.45569999982,
              539868.02640000172
            ],
            [
              389389.76060000062,
              539867.94189999998
            ],
            [
              389401.6698000012,
              539866.87420000136
            ],
            [
              389406.36020000093,
              539866.67370000295
            ],
            [
              389411.0784,
              539866.97470000386
            ],
            [
              389415.13499999978,
              539867.8991000019
            ],
            [
              389417.79430000018,
              539868.89420000091
            ],
            [
              389420.50960000139,
              539870.14770000242
            ],
            [
              389426.08729999978,
              539873.4199000001
            ],
            [
              389431.81870000064,
              539877.68830000237
            ],
            [
              389438.40590000059,
              539883.73820000328
            ],
            [
              389440.83800000139,
              539886.64670000225
            ],
            [
              389447.95799999963,
              539897.48890000209
            ],
            [
              389450.79760000017,
              539900.98650000431
            ],
            [
              389454.68140000105,
              539904.52240000293
            ],
            [
              389460.15050000045,
              539911.63000000082
            ],
            [
              389463.49899999984,
              539914.40869999863
            ],
            [
              389465.58069999982,
              539916.68469999917
            ],
            [
              389472.69020000007,
              539921.04049999826
            ],
            [
              389474.8303000005,
              539922.89000000246
            ]
          ]
        ]
      }
    },
    {
      "attributes" : {
        "FID" : 6,
        "PMNTN_SN" : 51424,
        "MNTN_CODE" : "422308301",
        "MNTN_NM" : "태봉산",
        "PMNTN_NM" : "자원동구간",
        "PMNTN_MAIN" : " ",
        "PMNTN_LT" : 0.28,
        "PMNTN_DFFL" : "쉬움",
        "PMNTN_UPPL" : 5,
        "PMNTN_GODN" : 3,
        "PMNTN_MTRQ" : " ",
        "PMNTN_CNRL" : " ",
        "PMNTN_CLS_" : " ",
        "PMNTN_RISK" : " ",
        "PMNTN_RECO" : " ",
        "DATA_STDR_" : "2016-12-31",
        "MNTN_ID" : "422308401"
      },
      "geometry" : {
        "paths" : [
          [
            [
              389407.83800000232,
              540044.78559999913
            ],
            [
              389404.26610000059,
              540042.54329999909
            ],
            [
              389400.90869999956,
              540040.16540000215
            ],
            [
              389397.76600000076,
              540037.65220000036
            ],
            [
              389394.83779999986,
              540035.00349999964
            ],
            [
              389392.12420000136,
              540032.2193
            ],
            [
              389389.62520000152,
              540029.29979999922
            ],
            [
              389387.34080000035,
              540026.24479999952
            ],
            [
              389385.27090000082,
              540023.05430000089
            ],
            [
              389382.55720000062,
              540017.84070000239
            ],
            [
              389380.24440000113,
              540011.88089999929
            ],
            [
              389378.3526000008,
              540005.22470000386
            ],
            [
              389376.79250000231,
              539996.69930000044
            ],
            [
              389376.72300000116,
              539992.49240000173
            ],
            [
              389377.89389999956,
              539982.42830000445
            ],
            [
              389378.10220000055,
              539978.71480000205
            ],
            [
              389377.80980000086,
              539975.12280000187
            ],
            [
              389376.91270000022,
              539972.06930000149
            ],
            [
              389375.1985000018,
              539968.52050000243
            ],
            [
              389373.2956000017,
              539965.40430000052
            ],
            [
              389371.34289999958,
              539962.94620000385
            ],
            [
              389368.6072000023,
              539960.77870000154
            ],
            [
              389364.96980000101,
              539959.76070000231
            ],
            [
              389361.54370000027,
              539959.83820000105
            ],
            [
              389357.28980000038,
              539960.70300000161
            ],
            [
              389347.55750000104,
              539963.60500000231
            ],
            [
              389343.47990000062,
              539964.54700000025
            ],
            [
              389330.30300000124,
              539966.71780000068
            ],
            [
              389326.19570000004,
              539967.65350000188
            ],
            [
              389322.58450000174,
              539968.72609999962
            ],
            [
              389319.22850000113,
              539970.00359999947
            ],
            [
              389315.56819999963,
              539971.67629999854
            ],
            [
              389303.40189999994,
              539978.11480000243
            ],
            [
              389299.84449999966,
              539980.03960000351
            ],
            [
              389296.67020000052,
              539980.64939999953
            ],
            [
              389292.62490000017,
              539980.21320000105
            ],
            [
              389288.14590000082,
              539978.59070000425
            ],
            [
              389284.74540000129,
              539975.98780000396
            ],
            [
              389282.79739999864,
              539973.63840000145
            ],
            [
              389277.95650000032,
              539966.93190000206
            ],
            [
              389275.57680000085,
              539964.47610000335
            ],
            [
              389270.85270000156,
              539961.0428000018
            ],
            [
              389266.6166000003,
              539959.09109999985
            ],
            [
              389259.23130000103,
              539957.32590000145
            ],
            [
              389256.36569999997,
              539956.0390000008
            ],
            [
              389250.97360000014,
              539951.69620000012
            ],
            [
              389248.11550000124,
              539950.13880000263
            ],
            [
              389244.84059999976,
              539948.78050000221
            ],
            [
              389241.16820000205,
              539947.87380000018
            ],
            [
              389236.90080000088,
              539947.60789999925
            ],
            [
              389233.25520000048,
              539947.79680000059
            ],
            [
              389224.5464000022,
              539948.76229999959
            ],
            [
              389220.65899999999,
              539949.00950000249
            ],
            [
              389208.24810000136,
              539949.28600000031
            ],
            [
              389203.31830000039,
              539949.12570000254
            ]
          ]
        ]
      }
    }
  ]
}