{
  "displayFieldName" : "",
  "fieldAliases" : {
    "FID" : "FID",
    "PMNTN_SN" : "PMNTN_SN",
    "MNTN_CODE" : "MNTN_CODE",
    "MNTN_NM" : "MNTN_NM",
    "PMNTN_NM" : "PMNTN_NM",
    "PMNTN_MAIN" : "PMNTN_MAIN",
    "PMNTN_LT" : "PMNTN_LT",
    "PMNTN_DFFL" : "PMNTN_DFFL",
    "PMNTN_UPPL" : "PMNTN_UPPL",
    "PMNTN_GODN" : "PMNTN_GODN",
    "PMNTN_MTRQ" : "PMNTN_MTRQ",
    "PMNTN_CNRL" : "PMNTN_CNRL",
    "PMNTN_CLS_" : "PMNTN_CLS_",
    "PMNTN_RISK" : "PMNTN_RISK",
    "PMNTN_RECO" : "PMNTN_RECO",
    "DATA_STDR_" : "DATA_STDR_",
    "MNTN_ID" : "MNTN_ID"
  },
  "geometryType" : "esriGeometryPolyline",
  "spatialReference" : {
    "wkt" : "PROJCS[\"PCS_ITRF2000_TM\",GEOGCS[\"GCS_ITRF_2000\",DATUM[\"D_ITRF_2000\",SPHEROID[\"GRS_1980\",6378137.0,298.257222101]],PRIMEM[\"Greenwich\",0.0],UNIT[\"Degree\",0.0174532925199433]],PROJECTION[\"Transverse_Mercator\"],PARAMETER[\"False_Easting\",200000.0],PARAMETER[\"False_Northing\",600000.0],PARAMETER[\"Central_Meridian\",127.0],PARAMETER[\"Scale_Factor\",1.0],PARAMETER[\"Latitude_Of_Origin\",38.0],UNIT[\"Meter\",1.0]]"
  },
  "fields" : [
    {
      "name" : "FID",
      "type" : "esriFieldTypeOID",
      "alias" : "FID"
    },
    {
      "name" : "PMNTN_SN",
      "type" : "esriFieldTypeDouble",
      "alias" : "PMNTN_SN"
    },
    {
      "name" : "MNTN_CODE",
      "type" : "esriFieldTypeString",
      "alias" : "MNTN_CODE",
      "length" : 9
    },
    {
      "name" : "MNTN_NM",
      "type" : "esriFieldTypeString",
      "alias" : "MNTN_NM",
      "length" : 50
    },
    {
      "name" : "PMNTN_NM",
      "type" : "esriFieldTypeString",
      "alias" : "PMNTN_NM",
      "length" : 50
    },
    {
      "name" : "PMNTN_MAIN",
      "type" : "esriFieldTypeString",
      "alias" : "PMNTN_MAIN",
      "length" : 200
    },
    {
      "name" : "PMNTN_LT",
      "type" : "esriFieldTypeSingle",
      "alias" : "PMNTN_LT"
    },
    {
      "name" : "PMNTN_DFFL",
      "type" : "esriFieldTypeString",
      "alias" : "PMNTN_DFFL",
      "length" : 8
    },
    {
      "name" : "PMNTN_UPPL",
      "type" : "esriFieldTypeDouble",
      "alias" : "PMNTN_UPPL"
    },
    {
      "name" : "PMNTN_GODN",
      "type" : "esriFieldTypeDouble",
      "alias" : "PMNTN_GODN"
    },
    {
      "name" : "PMNTN_MTRQ",
      "type" : "esriFieldTypeString",
      "alias" : "PMNTN_MTRQ",
      "length" : 200
    },
    {
      "name" : "PMNTN_CNRL",
      "type" : "esriFieldTypeString",
      "alias" : "PMNTN_CNRL",
      "length" : 1
    },
    {
      "name" : "PMNTN_CLS_",
      "type" : "esriFieldTypeString",
      "alias" : "PMNTN_CLS_",
      "length" : 1
    },
    {
      "name" : "PMNTN_RISK",
      "type" : "esriFieldTypeString",
      "alias" : "PMNTN_RISK",
      "length" : 200
    },
    {
      "name" : "PMNTN_RECO",
      "type" : "esriFieldTypeString",
      "alias" : "PMNTN_RECO",
      "length" : 1
    },
    {
      "name" : "DATA_STDR_",
      "type" : "esriFieldTypeString",
      "alias" : "DATA_STDR_",
      "length" : 10
    },
    {
      "name" : "MNTN_ID",
      "type" : "esriFieldTypeString",
      "alias" : "MNTN_ID",
      "length" : 10
    }
  ],
  "features" : [
    {
      "attributes" : {
        "FID" : 0,
        "PMNTN_SN" : 2636,
        "MNTN_CODE" : "427709401",
        "MNTN_NM" : "계봉",
        "PMNTN_NM" : "애산리구간",
        "PMNTN_MAIN" : " ",
        "PMNTN_LT" : 0.1,
        "PMNTN_DFFL" : "쉬움",
        "PMNTN_UPPL" : 2,
        "PMNTN_GODN" : 1,
        "PMNTN_MTRQ" : " ",
        "PMNTN_CNRL" : " ",
        "PMNTN_CLS_" : " ",
        "PMNTN_RISK" : " ",
        "PMNTN_RECO" : " ",
        "DATA_STDR_" : "2016-12-31",
        "MNTN_ID" : "427700601"
      },
      "geometry" : {
        "paths" : [
          [
            [
              347809.12289999984,
              531460.44820000418
            ],
            [
              347810.6174999997,
              531457.16040000133
            ],
            [
              347812.22649999987,
              531454.1259999983
            ],
            [
              347813.95010000095,
              531451.3451000005
            ],
            [
              347815.78810000047,
              531448.81770000421
            ],
            [
              347817.74060000014,
              531446.54380000196
            ],
            [
              347820.8984000003,
              531443.63980000094
            ],
            [
              347825.46700000111,
              531440.6866999995
            ],
            [
              347829.32070000097,
              531439.40150000155
            ],
            [
              347832.32810000144,
              531439.04710000195
            ],
            [
              347835.73080000002,
              531439.06020000018
            ],
            [
              347841.53270000033,
              531439.72430000454
            ],
            [
              347855.58760000113,
              531442.46210000105
            ],
            [
              347861.68510000035,
              531443.26440000162
            ],
            [
              347878.37390000001,
              531444.63609999977
            ],
            [
              347895.0418000007,
              531446.29680000059
            ]
          ]
        ]
      }
    },
    {
      "attributes" : {
        "FID" : 1,
        "PMNTN_SN" : 2637,
        "MNTN_CODE" : "427709401",
        "MNTN_NM" : "계봉",
        "PMNTN_NM" : "애산리구간",
        "PMNTN_MAIN" : " ",
        "PMNTN_LT" : 0.14,
        "PMNTN_DFFL" : "쉬움",
        "PMNTN_UPPL" : 2,
        "PMNTN_GODN" : 2,
        "PMNTN_MTRQ" : " ",
        "PMNTN_CNRL" : " ",
        "PMNTN_CLS_" : " ",
        "PMNTN_RISK" : " ",
        "PMNTN_RECO" : " ",
        "DATA_STDR_" : "2016-12-31",
        "MNTN_ID" : "427700601"
      },
      "geometry" : {
        "paths" : [
          [
            [
              347809.12289999984,
              531460.44820000418
            ],
            [
              347809.7864000015,
              531464.15780000016
            ],
            [
              347809.11580000073,
              531472.49579999968
            ],
            [
              347809.12289999984,
              531475.61030000076
            ],
            [
              347809.46229999978,
              531478.57120000012
            ],
            [
              347810.07700000051,
              531481.85329999961
            ],
            [
              347812.70370000135,
              531491.98320000432
            ],
            [
              347813.4188000001,
              531495.36400000006
            ],
            [
              347814.17700000107,
              531500.88059999794
            ],
            [
              347814.32139999978,
              531505.38450000249
            ],
            [
              347814.2070000004,
              531510.2752000019
            ],
            [
              347813.83470000047,
              531515.66220000386
            ],
            [
              347812.98040000163,
              531523.20869999938
            ],
            [
              347812.15240000095,
              531526.79169999994
            ],
            [
              347808.85140000004,
              531536.36690000258
            ],
            [
              347807.80380000081,
              531540.25540000014
            ],
            [
              347807.47429999989,
              531543.22969999909
            ],
            [
              347807.8824000014,
              531546.60810000263
            ],
            [
              347809.64720000047,
              531550.12390000187
            ],
            [
              347812.1193000013,
              531552.99350000173
            ],
            [
              347815.37460000068,
              531555.91240000166
            ],
            [
              347821.2526000021,
              531560.51840000041
            ],
            [
              347824.6902999999,
              531563.08769999817
            ],
            [
              347828.26490000077,
              531565.4645000007
            ],
            [
              347831.97640000004,
              531567.64860000089
            ],
            [
              347835.82490000036,
              531569.64020000026
            ],
            [
              347839.81020000204,
              531571.4392000027
            ],
            [
              347843.93250000104,
              531573.04560000263
            ],
            [
              347848.19170000032,
              531574.45940000191
            ],
            [
              347852.58780000079,
              531575.68060000427
            ]
          ]
        ]
      }
    },
    {
      "attributes" : {
        "FID" : 2,
        "PMNTN_SN" : 2638,
        "MNTN_CODE" : "427709401",
        "MNTN_NM" : "계봉",
        "PMNTN_NM" : " ",
        "PMNTN_MAIN" : " ",
        "PMNTN_LT" : 2.15,
        "PMNTN_DFFL" : "쉬움",
        "PMNTN_UPPL" : 38,
        "PMNTN_GODN" : 27,
        "PMNTN_MTRQ" : " ",
        "PMNTN_CNRL" : " ",
        "PMNTN_CLS_" : " ",
        "PMNTN_RISK" : " ",
        "PMNTN_RECO" : " ",
        "DATA_STDR_" : "2016-12-31",
        "MNTN_ID" : "427700601"
      },
      "geometry" : {
        "paths" : [
          [
            [
              346462.72300000116,
              532153.86429999955
            ],
            [
              346464.0289000012,
              532139.72350000218
            ],
            [
              346464.74459999893,
              532125.56160000153
            ],
            [
              346465.51730000135,
              532116.51990000159
            ],
            [
              346465.61350000091,
              532112.2407000009
            ],
            [
              346465.40010000113,
              532108.53620000184
            ],
            [
              346464.74459999893,
              532105.34540000372
            ],
            [
              346463.36249999981,
              532101.56300000101
            ],
            [
              346461.47829999868,
              532097.80240000039
            ],
            [
              346459.20090000145,
              532094.27999999933
            ],
            [
              346455.80830000062,
              532090.45199999958
            ],
            [
              346451.65940000117,
              532087.78900000267
            ],
            [
              346443.64810000081,
              532084.192900002
            ],
            [
              346440.10470000189,
              532081.73420000263
            ],
            [
              346437.99239999987,
              532077.76120000333
            ],
            [
              346437.65040000062,
              532073.70709999837
            ],
            [
              346438.17590000108,
              532070.43950000405
            ],
            [
              346438.9999000011,
              532067.48259999976
            ],
            [
              346440.22390000056,
              532064.05310000107
            ],
            [
              346445.1885000011,
              532052.40480000339
            ],
            [
              346446.6614000015,
              532048.53320000134
            ],
            [
              346447.84400000051,
              532044.86969999969
            ],
            [
              346448.57160000037,
              532041.66430000216
            ],
            [
              346449.54980000015,
              532035.99259999953
            ],
            [
              346450.69120000117,
              532026.66240000166
            ],
            [
              346451.84730000049,
              532016.35120000318
            ],
            [
              346452.61490000039,
              532007.29680000059
            ],
            [
              346453.00670000073,
              532000.54710000008
            ],
            [
              346453.47130000126,
              531982.25459999964
            ],
            [
              346453.92509999964,
              531976.78319999948
            ],
            [
              346454.63650000002,
              531971.91840000264
            ],
            [
              346456.54310000036,
              531963.85940000042
            ],
            [
              346461.71219999995,
              531946.64809999987
            ],
            [
              346464.07770000119,
              531934.69960000366
            ],
            [
              346465.08830000088,
              531930.59530000389
            ],
            [
              346466.30719999969,
              531926.68620000035
            ],
            [
              346467.7770000007,
              531923.39950000308
            ],
            [
              346469.63879999984,
              531920.23320000246
            ],
            [
              346471.82670000196,
              531917.09449999966
            ],
            [
              346474.29849999957,
              531914.04420000315
            ],
            [
              346477.00300000142,
              531911.14550000057
            ],
            [
              346479.88130000141,
              531908.4609999992
            ],
            [
              346482.87820000108,
              531906.04160000198
            ],
            [
              346485.93610000052,
              531903.93370000087
            ],
            [
              346489.00410000142,
              531902.1724999994
            ],
            [
              346491.91540000029,
              531901.14149999991
            ],
            [
              346495.78310000151,
              531900.57980000228
            ],
            [
              346499.99730000086,
              531900.4394000005
            ],
            [
              346509.85380000062,
              531900.57499999739
            ],
            [
              346513.96530000027,
              531900.25049999915
            ],
            [
              346517.25459999964,
              531898.57470000163
            ],
            [
              346518.03680000175,
              531894.73970000073
            ],
            [
              346517.03020000085,
              531891.84640000202
            ],
            [
              346514.30989999976,
              531886.14450000226
            ],
            [
              346513.26349999942,
              531882.96710000187
            ],
            [
              346512.50350000057,
              531879.89480000176
            ],
            [
              346511.82120000105,
              531876.12340000272
            ],
            [
              346511.27369999979,
              531871.80840000138
            ],
            [
              346511.56680000015,
              531867.63019999862
            ],
            [
              346512.85490000062,
              531865.10969999991
            ],
            [
              346515.5763000017,
              531863.54940000176
            ],
            [
              346518.35590000078,
              531862.97919999994
            ],
            [
              346525.12700000033,
              531862.29210000113
            ],
            [
              346527.99470000062,
              531861.81720000133
            ],
            [
              346531.54080000147,
              531860.33760000207
            ],
            [
              346534.43390000146,
              531857.34380000085
            ],
            [
              346536.19600000232,
              531854.17390000075
            ],
            [
              346537.77859999985,
              531850.21460000053
            ],
            [
              346539.54459999967,
              531844.55620000139
            ],
            [
              346540.38770000078,
              531840.96450000256
            ],
            [
              346540.94250000082,
              531836.85400000215
            ],
            [
              346541.4402999999,
              531830.49840000272
            ],
            [
              346541.56620000023,
              531823.32919999771
            ],
            [
              346541.41309999954,
              531817.92100000381
            ],
            [
              346539.88989999983,
              531805.58980000019
            ],
            [
              346539.64970000181,
              531799.62790000066
            ],
            [
              346541.23560000118,
              531794.76539999992
            ],
            [
              346546.13439999986,
              531793.02810000256
            ],
            [
              346551.65500000026,
              531794.11590000428
            ],
            [
              346560.87090000138,
              531797.11910000257
            ],
            [
              346564.83890000172,
              531798.24129999988
            ],
            [
              346568.69630000181,
              531798.9635000024
            ],
            [
              346571.89049999882,
              531799.06980000064
            ],
            [
              346575.3693000013,
              531798.68029999919
            ],
            [
              346578.98860000074,
              531797.97540000267
            ],
            [
              346582.77180000115,
              531796.9507999979
            ],
            [
              346586.76260000002,
              531795.59479999915
            ],
            [
              346595.24770000018,
              531791.98159999959
            ],
            [
              346601.6519000018,
              531788.91810000129
            ],
            [
              346607.26889999863,
              531785.9291999992
            ],
            [
              346610.470900001,
              531784.06720000319
            ],
            [
              346613.90160000138,
              531781.64949999936
            ],
            [
              346616.77539999969,
              531779.39580000378
            ],
            [
              346625.15350000095,
              531772.31510000117
            ],
            [
              346629.533400001,
              531769.03910000063
            ],
            [
              346633.04070000071,
              531766.94060000218
            ],
            [
              346637.50460000057,
              531765.04719999991
            ],
            [
              346642.35059999954,
              531764.15880000032
            ],
            [
              346646.76940000057,
              531764.30800000206
            ],
            [
              346651.12069999985,
              531764.94519999996
            ],
            [
              346661.22329999972,
              531766.92880000174
            ],
            [
              346665.82550000027,
              531767.47670000046
            ],
            [
              346669.68439999968,
              531767.41410000063
            ],
            [
              346674.17740000039,
              531766.21850000136
            ],
            [
              346677.74120000191,
              531764.29810000211
            ],
            [
              346680.07110000029,
              531762.46410000324
            ],
            [
              346682.41839999985,
              531760.17560000159
            ],
            [
              346686.5465000011,
              531755.18390000239
            ],
            [
              346693.8275000006,
              531744.9140000008
            ],
            [
              346696.84520000126,
              531740.94519999996
            ],
            [
              346700.11340000015,
              531737.25210000016
            ],
            [
              346703.29590000119,
              531734.37790000252
            ],
            [
              346707.18169999961,
              531731.66370000131
            ],
            [
              346711.85520000104,
              531729.03960000351
            ],
            [
              346716.5625,
              531726.79220000282
            ],
            [
              346728.08530000038,
              531721.70920000225
            ],
            [
              346733.69900000002,
              531718.85380000062
            ],
            [
              346738.71030000132,
              531715.62649999931
            ],
            [
              346741.77240000013,
              531713.03260000236
            ],
            [
              346745.08560000081,
              531709.29580000043
            ],
            [
              346747.35100000072,
              531705.71440000087
            ],
            [
              346749.2611999996,
              531702.03339999914
            ],
            [
              346753.47360000107,
              531693.10239999928
            ],
            [
              346755.7658000011,
              531688.9570000004
            ],
            [
              346758.24610000104,
              531685.49350000359
            ],
            [
              346760.91220000014,
              531682.82650000416
            ],
            [
              346763.41520000063,
              531680.94360000081
            ],
            [
              346766.22240000125,
              531679.17830000259
            ],
            [
              346769.33920000028,
              531677.52730000019
            ],
            [
              346772.77580000088,
              531675.98490000144
            ],
            [
              346776.51829999965,
              531674.55470000207
            ],
            [
              346780.6232000012,
              531673.21240000241
            ],
            [
              346785.97740000114,
              531671.66400000267
            ],
            [
              346790.22570000216,
              531670.69680000283
            ],
            [
              346793.31200000085,
              531670.18689999916
            ],
            [
              346796.87390000001,
              531669.97640000097
            ],
            [
              346808.91920000035,
              531670.3758000005
            ],
            [
              346813.18190000113,
              531670.2985999994
            ],
            [
              346817.18750000093,
              531669.75300000049
            ],
            [
              346821.57810000051,
              531668.14430000074
            ],
            [
              346825.62569999974,
              531665.40619999915
            ],
            [
              346828.65380000044,
              531662.52910000458
            ],
            [
              346832.15450000204,
              531658.31950000301
            ],
            [
              346840.2742999997,
              531647.36480000243
            ],
            [
              346842.59310000017,
              531644.6425999999
            ],
            [
              346844.80939999968,
              531642.39409999922
            ],
            [
              346847.72460000031,
              531639.83970000222
            ],
            [
              346851.13279999979,
              531637.15350000001
            ],
            [
              346862.83330000099,
              531628.80310000107
            ],
            [
              346867.01080000121,
              531625.65130000003
            ],
            [
              346870.88840000145,
              531622.3629999999
            ],
            [
              346874.12299999967,
              531619.1454000026
            ],
            [
              346877.5887000002,
              531615.17379999906
            ],
            [
              346880.92850000132,
              531610.95229999907
            ],
            [
              346884.12600000203,
              531606.50180000253
            ],
            [
              346887.16380000114,
              531601.84650000185
            ],
            [
              346890.02600000147,
              531597.0102000013
            ],
            [
              346892.69280000031,
              531592.02600000054
            ],
            [
              346895.14700000081,
              531586.9261000026
            ],
            [
              346897.37160000205,
              531581.74540000223
            ],
            [
              346900.03259999957,
              531574.49610000104
            ],
            [
              346902.42570000049,
              531566.58330000192
            ],
            [
              346903.25390000083,
              531562.54260000214
            ],
            [
              346904.22340000048,
              531554.40039999969
            ],
            [
              346904.71949999966,
              531551.60490000248
            ],
            [
              346905.97190000024,
              531547.52819999866
            ],
            [
              346907.94450000022,
              531544.27840000391
            ],
            [
              346910.54370000027,
              531541.97820000164
            ],
            [
              346913.9254999999,
              531540.23809999786
            ],
            [
              346919.32110000215,
              531538.78650000133
            ],
            [
              346923.54220000096,
              531538.2741000019
            ],
            [
              346928.58259999938,
              531538.04230000079
            ],
            [
              346945.5111999996,
              531538.28830000013
            ],
            [
              346951.15530000068,
              531538.22080000117
            ],
            [
              346955.95529999956,
              531537.88900000229
            ],
            [
              346967.46740000136,
              531536.070600003
            ],
            [
              346985.003800001,
              531534.03789999895
            ],
            [
              346992.79630000051,
              531532.61719999835
            ],
            [
              346997.19400000013,
              531531.40420000069
            ],
            [
              347001.07489999942,
              531529.93970000185
            ],
            [
              347004.51510000136,
              531528.1948000025
            ],
            [
              347007.54999999981,
              531526.15090000257
            ],
            [
              347011.06590000167,
              531522.91829999909
            ],
            [
              347014.55510000139,
              531518.65709999949
            ],
            [
              347017.56290000025,
              531514.2173999995
            ],
            [
              347023.92200000118,
              531503.96740000322
            ],
            [
              347026.75540000107,
              531499.86980000138
            ],
            [
              347032.4935999997,
              531492.05970000103
            ],
            [
              347043.43530000001,
              531477.97260000184
            ],
            [
              347068.36720000114,
              531445.75960000232
            ],
            [
              347086.69649999961,
              531422.93400000222
            ],
            [
              347093.3563000001,
              531414.90600000136
            ],
            [
              347099.53380000126,
              531407.88600000367
            ],
            [
              347107.03410000075,
              531400.0615000017
            ],
            [
              347123.74160000216,
              531383.81790000014
            ],
            [
              347130.86890000105,
              531376.55090000108
            ],
            [
              347141.33310000133,
              531366.50060000084
            ],
            [
              347144.51610000059,
              531363.21460000426
            ],
            [
              347147.75780000072,
              531359.20270000026
            ],
            [
              347150.62040000036,
              531354.08090000413
            ],
            [
              347152.11569999997,
              531350.13730000146
            ],
            [
              347153.60190000013,
              531344.04199999943
            ],
            [
              347154.56710000057,
              531336.95730000176
            ],
            [
              347155.12840000074,
              531328.03190000169
            ],
            [
              347155.11510000098,
              531323.34369999915
            ],
            [
              347154.71190000046,
              531318.09520000033
            ],
            [
              347153.82959999982,
              531310.70119999908
            ],
            [
              347152.09590000007,
              531299.72920000367
            ],
            [
              347150.95440000016,
              531292.99609999917
            ],
            [
              347147.43340000045,
              531277.91950000077
            ],
            [
              347146.19379999954,
              531271.29250000231
            ],
            [
              347145.7731999997,
              531267.69340000302
            ],
            [
              347145.60720000137,
              531264.36539999954
            ],
            [
              347145.69280000124,
              531261.24080000073
            ],
            [
              347146.03110000119,
              531258.28600000218
            ],
            [
              347146.85610000137,
              531254.19640000351
            ],
            [
              347148.0288000023,
              531249.9728000015
            ],
            [
              347149.53710000124,
              531245.65970000252
            ],
            [
              347151.36110000033,
              531241.31360000186
            ],
            [
              347153.48170000035,
              531236.98379999958
            ],
            [
              347155.85749999993,
              531232.75779999979
            ],
            [
              347158.44520000089,
              531228.7126000002
            ],
            [
              347161.19319999963,
              531224.92920000292
            ],
            [
              347165.50210000202,
              531219.9354000017
            ],
            [
              347170.54479999933,
              531215.11849999987
            ],
            [
              347176.21760000009,
              531210.57780000195
            ],
            [
              347182.38290000055,
              531206.42390000261
            ],
            [
              347188.89139999915,
              531202.75880000181
            ],
            [
              347195.56199999992,
              531199.6857000012
            ],
            [
              347202.21870000008,
              531197.28540000319
            ],
            [
              347208.7013000017,
              531195.61570000276
            ],
            [
              347213.47599999979,
              531194.88860000111
            ],
            [
              347218.59920000192,
              531194.57880000025
            ],
            [
              347224.08849999961,
              531194.68520000018
            ],
            [
              347229.97770000063,
              531195.20830000006
            ],
            [
              347236.19949999917,
              531196.13180000149
            ],
            [
              347242.9569000015,
              531197.47670000233
            ],
            [
              347250.3666000003,
              531199.2611999996
            ],
            [
              347259.24190000165,
              531201.68060000055
            ],
            [
              347266.22479999997,
              531204.02020000108
            ],
            [
              347273.8152999999,
              531207.27080000006
            ],
            [
              347280.94230000116,
              531210.80390000157
            ],
            [
              347297.94180000015,
              531219.77490000054
            ],
            [
              347306.75,
              531223.91840000078
            ],
            [
              347313.91909999959,
              531227.00709999911
            ],
            [
              347324.57300000079,
              531231.30120000429
            ],
            [
              347342.12830000184,
              531238.06980000064
            ],
            [
              347354.90770000126,
              531242.86060000025
            ],
            [
              347363.3517000014,
              531245.83899999969
            ],
            [
              347370.75230000168,
              531248.25500000082
            ],
            [
              347379.90140000079,
              531250.96499999799
            ],
            [
              347389.23010000028,
              531253.42600000277
            ],
            [
              347395.47609999962,
              531254.90980000049
            ],
            [
              347401.45480000041,
              531255.90240000188
            ],
            [
              347406.82020000089,
              531256.26439999975
            ],
            [
              347411.8283000011,
              531255.972000001
            ],
            [
              347417.3928000005,
              531254.97749999911
            ],
            [
              347422.70559999999,
              531253.58200000226
            ],
            [
              347435.56050000153,
              531249.70630000345
            ],
            [
              347442.1986000007,
              531248.17789999768
            ],
            [
              347453.52850000095,
              531245.71190000139
            ],
            [
              347462.02830000035,
              531244.09540000372
            ],
            [
              347470.73000000045,
              531242.7304999996
            ],
            [
              347475.20970000047,
              531242.35620000213
            ],
            [
              347479.31780000217,
              531242.29700000398
            ],
            [
              347483.12729999982,
              531242.55190000311
            ],
            [
              347486.67430000007,
              531243.12380000204
            ],
            [
              347489.83800000045,
              531244.00650000013
            ],
            [
              347493.02620000113,
              531245.30980000272
            ],
            [
              347496.27160000149,
              531247.04680000246
            ],
            [
              347499.63430000097,
              531249.24930000119
            ],
            [
              347505.87870000023,
              531254.2285999991
            ],
            [
              347517.43250000104,
              531264.79450000264
            ],
            [
              347522.23139999993,
              531268.90240000002
            ],
            [
              347527.34670000058,
              531272.67269999906
            ],
            [
              347532.16080000158,
              531275.46979999915
            ],
            [
              347537.02199999988,
              531277.5485999994
            ],
            [
              347542.72740000021,
              531279.35150000453
            ],
            [
              347548.42660000082,
              531280.74479999952
            ],
            [
              347562.53749999963,
              531283.74870000035
            ],
            [
              347569.65260000061,
              531285.70890000276
            ],
            [
              347573.13480000012,
              531286.96850000136
            ],
            [
              347576.26970000193,
              531288.36240000464
            ],
            [
              347579.11249999888,
              531289.91540000215
            ],
            [
              347581.69050000142,
              531291.64280000143
            ],
            [
              347584.24930000026,
              531293.77129999921
            ],
            [
              347586.8574000001,
              531296.40700000152
            ],
            [
              347589.6007000003,
              531299.61710000411
            ],
            [
              347597.55869999994,
              531309.61940000206
            ],
            [
              347600.28450000193,
              531312.53669999912
            ],
            [
              347602.91750000045,
              531314.89140000381
            ],
            [
              347608.42059999984,
              531318.83270000108
            ],
            [
              347615.00169999897,
              531322.65180000104
            ],
            [
              347621.84059999976,
              531326.03680000082
            ],
            [
              347633.40640000068,
              531331.51349999942
            ],
            [
              347641.93830000143,
              531335.12390000001
            ],
            [
              347647.26510000136,
              531337.11270000227
            ],
            [
              347667.38940000068,
              531343.44280000031
            ],
            [
              347675.43040000182,
              531346.34480000101
            ],
            [
              347679.59999999963,
              531348.15960000083
            ],
            [
              347683.35000000056,
              531350.07010000013
            ],
            [
              347686.75380000006,
              531352.11400000192
            ],
            [
              347689.84719999973,
              531354.31300000101
            ],
            [
              347694.61970000062,
              531358.44009999931
            ],
            [
              347699.56950000115,
              531363.58730000071
            ],
            [
              347703.93149999995,
              531368.71859999932
            ],
            [
              347715.11750000063,
              531382.61569999903
            ],
            [
              347724.87679999974,
              531394.27630000189
            ],
            [
              347732.60980000161,
              531403.85020000301
            ],
            [
              347739.40830000024,
              531412.69030000083
            ],
            [
              347745.44180000015,
              531421.02650000155
            ],
            [
              347748.03340000007,
              531425.22220000066
            ],
            [
              347750.62339999992,
              531430.41550000012
            ],
            [
              347753.15070000011,
              531436.36000000127
            ],
            [
              347759.7929000007,
              531453.2573000025
            ],
            [
              347761.97460000031,
              531458.02199999988
            ],
            [
              347764.07770000119,
              531461.89680000208
            ],
            [
              347766.77370000072,
              531465.79330000095
            ],
            [
              347770.31859999988,
              531469.20810000226
            ],
            [
              347773.04289999977,
              531470.80270000175
            ],
            [
              347775.76620000228,
              531471.56709999964
            ],
            [
              347779.33870000113,
              531471.37680000067
            ],
            [
              347783.43030000012,
              531469.87390000187
            ],
            [
              347788.11849999987,
              531467.56170000136
            ],
            [
              347799.0420000013,
              531461.48379999958
            ],
            [
              347802.75399999972,
              531459.78759999946
            ],
            [
              347806.39680000022,
              531458.96700000018
            ],
            [
              347809.12289999984,
              531460.44820000418
            ]
          ]
        ]
      }
    },
    {
      "attributes" : {
        "FID" : 3,
        "PMNTN_SN" : 2639,
        "MNTN_CODE" : "427709401",
        "MNTN_NM" : "계봉",
        "PMNTN_NM" : "북실리구간",
        "PMNTN_MAIN" : " ",
        "PMNTN_LT" : 0.05,
        "PMNTN_DFFL" : "쉬움",
        "PMNTN_UPPL" : 1,
        "PMNTN_GODN" : 1,
        "PMNTN_MTRQ" : " ",
        "PMNTN_CNRL" : " ",
        "PMNTN_CLS_" : " ",
        "PMNTN_RISK" : " ",
        "PMNTN_RECO" : " ",
        "DATA_STDR_" : "2016-12-31",
        "MNTN_ID" : "427700601"
      },
      "geometry" : {
        "paths" : [
          [
            [
              346462.72300000116,
              532153.86429999955
            ],
            [
              346466.06900000107,
              532154.15729999915
            ],
            [
              346474.63489999995,
              532157.10009999946
            ],
            [
              346477.88509999961,
              532157.90760000236
            ],
            [
              346483.98940000031,
              532158.97250000387
            ],
            [
              346487.34110000078,
              532159.35880000144
            ],
            [
              346491.73220000137,
              532159.13999999873
            ],
            [
              346496.30150000099,
              532157.72819999792
            ],
            [
              346499.40789999999,
              532155.98369999975
            ],
            [
              346502.36640000157,
              532153.68490000442
            ],
            [
              346505.17700000107,
              532150.8319000043
            ]
          ]
        ]
      }
    },
    {
      "attributes" : {
        "FID" : 4,
        "PMNTN_SN" : 2640,
        "MNTN_CODE" : "427709401",
        "MNTN_NM" : "계봉",
        "PMNTN_NM" : " ",
        "PMNTN_MAIN" : " ",
        "PMNTN_LT" : 0.05,
        "PMNTN_DFFL" : "쉬움",
        "PMNTN_UPPL" : 1,
        "PMNTN_GODN" : 1,
        "PMNTN_MTRQ" : " ",
        "PMNTN_CNRL" : " ",
        "PMNTN_CLS_" : " ",
        "PMNTN_RISK" : " ",
        "PMNTN_RECO" : " ",
        "DATA_STDR_" : "2016-12-31",
        "MNTN_ID" : "427700601"
      },
      "geometry" : {
        "paths" : [
          [
            [
              346445.53920000046,
              532192.27520000003
            ],
            [
              346445.81700000074,
              532183.55000000261
            ],
            [
              346446.62920000125,
              532175.94590000063
            ],
            [
              346447.9757000003,
              532169.46289999969
            ],
            [
              346449.35290000122,
              532165.37140000053
            ],
            [
              346451.6344000008,
              532160.85040000454
            ],
            [
              346454.45029999968,
              532157.45040000416
            ],
            [
              346458.86199999973,
              532154.71930000186
            ],
            [
              346462.72300000116,
              532153.86429999955
            ]
          ]
        ]
      }
    },
    {
      "attributes" : {
        "FID" : 5,
        "PMNTN_SN" : 2641,
        "MNTN_CODE" : "427709401",
        "MNTN_NM" : "계봉",
        "PMNTN_NM" : "북실리구간",
        "PMNTN_MAIN" : " ",
        "PMNTN_LT" : 0.09,
        "PMNTN_DFFL" : "중간",
        "PMNTN_UPPL" : 2,
        "PMNTN_GODN" : 1,
        "PMNTN_MTRQ" : " ",
        "PMNTN_CNRL" : " ",
        "PMNTN_CLS_" : " ",
        "PMNTN_RISK" : " ",
        "PMNTN_RECO" : " ",
        "DATA_STDR_" : "2016-12-31",
        "MNTN_ID" : "427700601"
      },
      "geometry" : {
        "paths" : [
          [
            [
              346445.53920000046,
              532192.27520000003
            ],
            [
              346449.24019999988,
              532193.70229999907
            ],
            [
              346452.28510000091,
              532197.33309999853
            ],
            [
              346454.38200000022,
              532202.61940000206
            ],
            [
              346455.41430000123,
              532206.99310000055
            ],
            [
              346456.28360000066,
              532212.34740000218
            ],
            [
              346456.89769999962,
              532217.31510000303
            ],
            [
              346457.89240000118,
              532228.81709999964
            ],
            [
              346458.4841999989,
              532233.96120000258
            ],
            [
              346459.69050000049,
              532241.80490000173
            ],
            [
              346461.6071000006,
              532251.57269999944
            ],
            [
              346463.25669999979,
              532261.39890000038
            ],
            [
              346464.63949999958,
              532271.28350000456
            ],
            [
              346465.75540000107,
              532281.2265000008
            ]
          ]
        ]
      }
    },
    {
      "attributes" : {
        "FID" : 6,
        "PMNTN_SN" : 2642,
        "MNTN_CODE" : "427709401",
        "MNTN_NM" : "계봉",
        "PMNTN_NM" : "북실리구간",
        "PMNTN_MAIN" : " ",
        "PMNTN_LT" : 0.17,
        "PMNTN_DFFL" : "쉬움",
        "PMNTN_UPPL" : 3,
        "PMNTN_GODN" : 2,
        "PMNTN_MTRQ" : " ",
        "PMNTN_CNRL" : " ",
        "PMNTN_CLS_" : " ",
        "PMNTN_RISK" : " ",
        "PMNTN_RECO" : " ",
        "DATA_STDR_" : "2016-12-31",
        "MNTN_ID" : "427700601"
      },
      "geometry" : {
        "paths" : [
          [
            [
              346314.13380000088,
              532262.02109999955
            ],
            [
              346317.51000000071,
              532257.5503000021
            ],
            [
              346322.12730000168,
              532253.09810000099
            ],
            [
              346326.125,
              532250.40579999983
            ],
            [
              346330.30439999979,
              532248.55929999985
            ],
            [
              346334.74530000053,
              532247.71289999969
            ],
            [
              346338.63190000039,
              532247.61979999952
            ],
            [
              346344.52310000081,
              532248.22870000266
            ],
            [
              346349.35599999968,
              532248.98869999871
            ],
            [
              346354.56470000092,
              532250.15870000422
            ],
            [
              346357.8748000022,
              532251.32379999943
            ],
            [
              346366.20390000101,
              532255.53630000167
            ],
            [
              346370.50420000125,
              532257.10520000011
            ],
            [
              346374.2181000011,
              532257.15420000255
            ],
            [
              346376.82810000051,
              532255.48540000059
            ],
            [
              346379.53070000093,
              532252.23610000312
            ],
            [
              346381.41299999971,
              532248.98480000161
            ],
            [
              346382.89659999963,
              532245.33910000324
            ],
            [
              346383.93920000177,
              532239.86820000038
            ],
            [
              346382.74910000153,
              532230.38460000046
            ],
            [
              346383.96499999985,
              532225.59950000234
            ],
            [
              346385.91930000018,
              532222.35820000246
            ],
            [
              346388.70999999996,
              532218.92469999939
            ],
            [
              346392.97700000089,
              532214.51300000027
            ],
            [
              346395.16100000031,
              532212.54910000227
            ],
            [
              346397.64250000007,
              532210.72279999964
            ],
            [
              346400.44560000114,
              532209.01610000432
            ],
            [
              346403.62170000095,
              532207.3973999992
            ],
            [
              346409.94230000209,
              532204.78680000268
            ],
            [
              346425.32300000079,
              532199.35080000013
            ],
            [
              346435.27580000088,
              532194.97450000234
            ],
            [
              346438.94660000131,
              532193.52979999967
            ],
            [
              346442.6258000005,
              532192.5009000022
            ],
            [
              346445.53920000046,
              532192.27520000003
            ]
          ]
        ]
      }
    }
  ]
}