{
  "displayFieldName" : "",
  "fieldAliases" : {
    "FID" : "FID",
    "PMNTN_SN" : "PMNTN_SN",
    "MNTN_CODE" : "MNTN_CODE",
    "MNTN_NM" : "MNTN_NM",
    "PMNTN_NM" : "PMNTN_NM",
    "PMNTN_MAIN" : "PMNTN_MAIN",
    "PMNTN_LT" : "PMNTN_LT",
    "PMNTN_DFFL" : "PMNTN_DFFL",
    "PMNTN_UPPL" : "PMNTN_UPPL",
    "PMNTN_GODN" : "PMNTN_GODN",
    "PMNTN_MTRQ" : "PMNTN_MTRQ",
    "PMNTN_CNRL" : "PMNTN_CNRL",
    "PMNTN_CLS_" : "PMNTN_CLS_",
    "PMNTN_RISK" : "PMNTN_RISK",
    "PMNTN_RECO" : "PMNTN_RECO",
    "DATA_STDR_" : "DATA_STDR_",
    "MNTN_ID" : "MNTN_ID"
  },
  "geometryType" : "esriGeometryPolyline",
  "spatialReference" : {
    "wkt" : "PROJCS[\"PCS_ITRF2000_TM\",GEOGCS[\"GCS_ITRF_2000\",DATUM[\"D_ITRF_2000\",SPHEROID[\"GRS_1980\",6378137.0,298.257222101]],PRIMEM[\"Greenwich\",0.0],UNIT[\"Degree\",0.0174532925199433]],PROJECTION[\"Transverse_Mercator\"],PARAMETER[\"False_Easting\",200000.0],PARAMETER[\"False_Northing\",600000.0],PARAMETER[\"Central_Meridian\",127.0],PARAMETER[\"Scale_Factor\",1.0],PARAMETER[\"Latitude_Of_Origin\",38.0],UNIT[\"Meter\",1.0]]"
  },
  "fields" : [
    {
      "name" : "FID",
      "type" : "esriFieldTypeOID",
      "alias" : "FID"
    },
    {
      "name" : "PMNTN_SN",
      "type" : "esriFieldTypeDouble",
      "alias" : "PMNTN_SN"
    },
    {
      "name" : "MNTN_CODE",
      "type" : "esriFieldTypeString",
      "alias" : "MNTN_CODE",
      "length" : 9
    },
    {
      "name" : "MNTN_NM",
      "type" : "esriFieldTypeString",
      "alias" : "MNTN_NM",
      "length" : 50
    },
    {
      "name" : "PMNTN_NM",
      "type" : "esriFieldTypeString",
      "alias" : "PMNTN_NM",
      "length" : 50
    },
    {
      "name" : "PMNTN_MAIN",
      "type" : "esriFieldTypeString",
      "alias" : "PMNTN_MAIN",
      "length" : 200
    },
    {
      "name" : "PMNTN_LT",
      "type" : "esriFieldTypeSingle",
      "alias" : "PMNTN_LT"
    },
    {
      "name" : "PMNTN_DFFL",
      "type" : "esriFieldTypeString",
      "alias" : "PMNTN_DFFL",
      "length" : 8
    },
    {
      "name" : "PMNTN_UPPL",
      "type" : "esriFieldTypeDouble",
      "alias" : "PMNTN_UPPL"
    },
    {
      "name" : "PMNTN_GODN",
      "type" : "esriFieldTypeDouble",
      "alias" : "PMNTN_GODN"
    },
    {
      "name" : "PMNTN_MTRQ",
      "type" : "esriFieldTypeString",
      "alias" : "PMNTN_MTRQ",
      "length" : 200
    },
    {
      "name" : "PMNTN_CNRL",
      "type" : "esriFieldTypeString",
      "alias" : "PMNTN_CNRL",
      "length" : 1
    },
    {
      "name" : "PMNTN_CLS_",
      "type" : "esriFieldTypeString",
      "alias" : "PMNTN_CLS_",
      "length" : 1
    },
    {
      "name" : "PMNTN_RISK",
      "type" : "esriFieldTypeString",
      "alias" : "PMNTN_RISK",
      "length" : 200
    },
    {
      "name" : "PMNTN_RECO",
      "type" : "esriFieldTypeString",
      "alias" : "PMNTN_RECO",
      "length" : 1
    },
    {
      "name" : "DATA_STDR_",
      "type" : "esriFieldTypeString",
      "alias" : "DATA_STDR_",
      "length" : 10
    },
    {
      "name" : "MNTN_ID",
      "type" : "esriFieldTypeString",
      "alias" : "MNTN_ID",
      "length" : 10
    }
  ],
  "features" : [
    {
      "attributes" : {
        "FID" : 0,
        "PMNTN_SN" : 9993,
        "MNTN_CODE" : "448102801",
        "MNTN_NM" : "내상산",
        "PMNTN_NM" : "동산리구간",
        "PMNTN_MAIN" : " ",
        "PMNTN_LT" : 0.82,
        "PMNTN_DFFL" : "쉬움",
        "PMNTN_UPPL" : 14,
        "PMNTN_GODN" : 10,
        "PMNTN_MTRQ" : " ",
        "PMNTN_CNRL" : " ",
        "PMNTN_CLS_" : " ",
        "PMNTN_RISK" : " ",
        "PMNTN_RECO" : " ",
        "DATA_STDR_" : "2016-12-31",
        "MNTN_ID" : "448102801"
      },
      "geometry" : {
        "paths" : [
          [
            [
              180188.36080000363,
              442899.18449999951
            ],
            [
              180184.1643000003,
              442901.91240000166
            ],
            [
              180180.54170000087,
              442905.59730000049
            ],
            [
              180177.82890000101,
              442911.24230000004
            ],
            [
              180175.00700000115,
              442913.90100000426
            ],
            [
              180168.71570000146,
              442917.8107000012
            ],
            [
              180158.74360000156,
              442920.63030000217
            ],
            [
              180143.65089999977,
              442926.65770000033
            ],
            [
              180134.20210000407,
              442931.26280000247
            ],
            [
              180126.37889999896,
              442938.37199999765
            ],
            [
              180115.25870000105,
              442943.9020000007
            ],
            [
              180105.33290000074,
              442951.21590000018
            ],
            [
              180099.90600000136,
              442954.05980000272
            ],
            [
              180092.99770000204,
              442961.49829999916
            ],
            [
              180092.99770000204,
              442961.49829999916
            ],
            [
              180086.83540000115,
              442966.55900000036
            ],
            [
              180081.29460000154,
              442970.3366000019
            ],
            [
              180078.30460000318,
              442973.81699999981
            ],
            [
              180074.26190000121,
              442978.68690000102
            ],
            [
              180070.97960000392,
              442983.43300000019
            ],
            [
              180069.86520000082,
              442992.95690000057
            ],
            [
              180072.12100000028,
              443008.5541999992
            ],
            [
              180072.43070000131,
              443010.87270000018
            ],
            [
              180074.54220000003,
              443022.16460000165
            ],
            [
              180075.77200000081,
              443027.59930000268
            ],
            [
              180073.5410999991,
              443041.89760000072
            ],
            [
              180068.72840000223,
              443046.58070000075
            ],
            [
              180065.06400000118,
              443052.49279999919
            ],
            [
              180060.53790000267,
              443068.82719999924
            ],
            [
              180058.61220000312,
              443087.29720000178
            ],
            [
              180057.7397000026,
              443104.61070000008
            ],
            [
              180058.70100000035,
              443117.71410000138
            ],
            [
              180060.18680000119,
              443125.45639999956
            ],
            [
              180068.32490000129,
              443130.68640000187
            ],
            [
              180071.7198000038,
              443135.88300000317
            ],
            [
              180075.24650000129,
              443143.88680000044
            ],
            [
              180075.50790000055,
              443144.68520000391
            ],
            [
              180076.2977,
              443145.63770000264
            ],
            [
              180078.60690000001,
              443153.47800000198
            ],
            [
              180079.19610000029,
              443160.5233000014
            ],
            [
              180080.82820000127,
              443173.46979999729
            ],
            [
              180080.72989999969,
              443181.21570000239
            ],
            [
              180084.24520000163,
              443199.66200000048
            ],
            [
              180083.10589999985,
              443213.88000000268
            ],
            [
              180078.2350000022,
              443220.43860000186
            ],
            [
              180073.93330000062,
              443229.32630000263
            ],
            [
              180071.86789999995,
              443237.80930000357
            ],
            [
              180071.67030000221,
              443249.02890000306
            ],
            [
              180071.01190000214,
              443254.50129999965
            ],
            [
              180071.69400000013,
              443263.00010000169
            ],
            [
              180071.56140000001,
              443263.72170000151
            ],
            [
              180070.61480000243,
              443276.10830000043
            ],
            [
              180069.56210000068,
              443289.03880000301
            ],
            [
              180066.77610000223,
              443303.17190000415
            ],
            [
              180065.31680000387,
              443310.58819999918
            ],
            [
              180063.30590000097,
              443323.21020000055
            ],
            [
              180065.69199999981,
              443333.31410000101
            ],
            [
              180063.97580000106,
              443349.54209999926
            ],
            [
              180064.92700000014,
              443358.30650000088
            ],
            [
              180066.84780000057,
              443360.78780000098
            ],
            [
              180066.3562000012,
              443361.01090000011
            ],
            [
              180065.75480000116,
              443360.22440000251
            ],
            [
              180062.69840000104,
              443365.85780000128
            ],
            [
              180055.02749999985,
              443372.84459999762
            ],
            [
              180044.04650000017,
              443376.42129999958
            ],
            [
              180034.52640000265,
              443384.76640000008
            ],
            [
              180025.68329999968,
              443391.75599999912
            ],
            [
              180023.75720000081,
              443394.69010000117
            ],
            [
              180022.88810000103,
              443409.57330000214
            ],
            [
              180020.26320000365,
              443416.00470000133
            ],
            [
              180018.35970000178,
              443428.60430000164
            ],
            [
              180017.97340000048,
              443443.28670000099
            ],
            [
              180018.93030000106,
              443450.65289999917
            ],
            [
              180019.268600001,
              443461.39409999922
            ],
            [
              180018.83019999973,
              443469.11870000325
            ],
            [
              180024.94230000116,
              443476.77250000276
            ],
            [
              180026.17850000132,
              443484.94820000231
            ],
            [
              180027.32460000087,
              443496.75280000269
            ],
            [
              180029.20969999954,
              443506.89110000432
            ],
            [
              180036.19909999985,
              443514.73150000162
            ],
            [
              180045.07680000085,
              443522.57860000245
            ],
            [
              180048.60790000111,
              443524.82310000248
            ],
            [
              180051.31130000111,
              443532.85109999962
            ],
            [
              180052.72830000147,
              443541.85859999992
            ],
            [
              180053.7984000016,
              443544.07550000399
            ],
            [
              180053.99549999926,
              443544.11220000312
            ],
            [
              180062.9756000014,
              443542.25640000403
            ],
            [
              180069.26530000009,
              443541.68690000102
            ],
            [
              180076.54959999956,
              443541.66990000196
            ],
            [
              180078.37569999974,
              443541.90980000235
            ],
            [
              180077.2818,
              443541.01340000145
            ],
            [
              180078.64319999982,
              443541.48740000278
            ],
            [
              180077.99080000259,
              443534.18710000068
            ],
            [
              180082.10210000072,
              443528.1296000015
            ],
            [
              180085.60249999911,
              443524.9254999999
            ],
            [
              180088.15720000304,
              443522.89990000054
            ],
            [
              180088.66690000147,
              443522.7322000023
            ],
            [
              180094.90160000138,
              443521.61910000257
            ]
          ]
        ]
      }
    }
  ]
}