{
  "displayFieldName" : "",
  "fieldAliases" : {
    "FID" : "FID",
    "PMNTN_SN" : "PMNTN_SN",
    "MNTN_CODE" : "MNTN_CODE",
    "MNTN_NM" : "MNTN_NM",
    "PMNTN_NM" : "PMNTN_NM",
    "PMNTN_MAIN" : "PMNTN_MAIN",
    "PMNTN_LT" : "PMNTN_LT",
    "PMNTN_DFFL" : "PMNTN_DFFL",
    "PMNTN_UPPL" : "PMNTN_UPPL",
    "PMNTN_GODN" : "PMNTN_GODN",
    "PMNTN_MTRQ" : "PMNTN_MTRQ",
    "PMNTN_CNRL" : "PMNTN_CNRL",
    "PMNTN_CLS_" : "PMNTN_CLS_",
    "PMNTN_RISK" : "PMNTN_RISK",
    "PMNTN_RECO" : "PMNTN_RECO",
    "DATA_STDR_" : "DATA_STDR_",
    "MNTN_ID" : "MNTN_ID"
  },
  "geometryType" : "esriGeometryPolyline",
  "spatialReference" : {
    "wkt" : "PROJCS[\"PCS_ITRF2000_TM\",GEOGCS[\"GCS_ITRF_2000\",DATUM[\"D_ITRF_2000\",SPHEROID[\"GRS_1980\",6378137.0,298.257222101]],PRIMEM[\"Greenwich\",0.0],UNIT[\"Degree\",0.0174532925199433]],PROJECTION[\"Transverse_Mercator\"],PARAMETER[\"False_Easting\",200000.0],PARAMETER[\"False_Northing\",600000.0],PARAMETER[\"Central_Meridian\",127.0],PARAMETER[\"Scale_Factor\",1.0],PARAMETER[\"Latitude_Of_Origin\",38.0],UNIT[\"Meter\",1.0]]"
  },
  "fields" : [
    {
      "name" : "FID",
      "type" : "esriFieldTypeOID",
      "alias" : "FID"
    },
    {
      "name" : "PMNTN_SN",
      "type" : "esriFieldTypeDouble",
      "alias" : "PMNTN_SN"
    },
    {
      "name" : "MNTN_CODE",
      "type" : "esriFieldTypeString",
      "alias" : "MNTN_CODE",
      "length" : 9
    },
    {
      "name" : "MNTN_NM",
      "type" : "esriFieldTypeString",
      "alias" : "MNTN_NM",
      "length" : 50
    },
    {
      "name" : "PMNTN_NM",
      "type" : "esriFieldTypeString",
      "alias" : "PMNTN_NM",
      "length" : 50
    },
    {
      "name" : "PMNTN_MAIN",
      "type" : "esriFieldTypeString",
      "alias" : "PMNTN_MAIN",
      "length" : 200
    },
    {
      "name" : "PMNTN_LT",
      "type" : "esriFieldTypeSingle",
      "alias" : "PMNTN_LT"
    },
    {
      "name" : "PMNTN_DFFL",
      "type" : "esriFieldTypeString",
      "alias" : "PMNTN_DFFL",
      "length" : 8
    },
    {
      "name" : "PMNTN_UPPL",
      "type" : "esriFieldTypeDouble",
      "alias" : "PMNTN_UPPL"
    },
    {
      "name" : "PMNTN_GODN",
      "type" : "esriFieldTypeDouble",
      "alias" : "PMNTN_GODN"
    },
    {
      "name" : "PMNTN_MTRQ",
      "type" : "esriFieldTypeString",
      "alias" : "PMNTN_MTRQ",
      "length" : 200
    },
    {
      "name" : "PMNTN_CNRL",
      "type" : "esriFieldTypeString",
      "alias" : "PMNTN_CNRL",
      "length" : 1
    },
    {
      "name" : "PMNTN_CLS_",
      "type" : "esriFieldTypeString",
      "alias" : "PMNTN_CLS_",
      "length" : 1
    },
    {
      "name" : "PMNTN_RISK",
      "type" : "esriFieldTypeString",
      "alias" : "PMNTN_RISK",
      "length" : 200
    },
    {
      "name" : "PMNTN_RECO",
      "type" : "esriFieldTypeString",
      "alias" : "PMNTN_RECO",
      "length" : 1
    },
    {
      "name" : "DATA_STDR_",
      "type" : "esriFieldTypeString",
      "alias" : "DATA_STDR_",
      "length" : 10
    },
    {
      "name" : "MNTN_ID",
      "type" : "esriFieldTypeString",
      "alias" : "MNTN_ID",
      "length" : 10
    }
  ],
  "features" : [
    {
      "attributes" : {
        "FID" : 0,
        "PMNTN_SN" : 54373,
        "MNTN_CODE" : "282370401",
        "MNTN_NM" : "호명사뒷산",
        "PMNTN_NM" : "부평동구간",
        "PMNTN_MAIN" : " ",
        "PMNTN_LT" : 0.04,
        "PMNTN_DFFL" : "중간",
        "PMNTN_UPPL" : 1,
        "PMNTN_GODN" : 0,
        "PMNTN_MTRQ" : "토사",
        "PMNTN_CNRL" : " ",
        "PMNTN_CLS_" : " ",
        "PMNTN_RISK" : " ",
        "PMNTN_RECO" : " ",
        "DATA_STDR_" : "2016-12-31",
        "MNTN_ID" : "282370401"
      },
      "geometry" : {
        "paths" : [
          [
            [
              174731.67850000039,
              542913.23240000196
            ],
            [
              174731.00870000012,
              542910.15100000054
            ],
            [
              174728.89780000132,
              542903.42510000244
            ],
            [
              174728.47100000083,
              542899.7824000027
            ],
            [
              174727.00829999987,
              542897.32990000024
            ],
            [
              174724.33919999935,
              542895.26610000245
            ],
            [
              174724.23700000066,
              542893.13630000129
            ],
            [
              174725.1568,
              542890.84820000082
            ],
            [
              174726.66150000226,
              542889.31240000203
            ],
            [
              174730.72259999998,
              542882.76760000177
            ],
            [
              174731.42499999981,
              542880.11800000258
            ],
            [
              174732.25960000046,
              542878.10510000214
            ],
            [
              174731.50260000303,
              542876.0466000028
            ],
            [
              174731.20780000091,
              542874.94269999862
            ],
            [
              174729.98190000001,
              542874.37540000305
            ]
          ]
        ]
      }
    },
    {
      "attributes" : {
        "FID" : 1,
        "PMNTN_SN" : 54374,
        "MNTN_CODE" : "282370401",
        "MNTN_NM" : "호명사뒷산",
        "PMNTN_NM" : "부평동구간",
        "PMNTN_MAIN" : " ",
        "PMNTN_LT" : 0.03,
        "PMNTN_DFFL" : "쉬움",
        "PMNTN_UPPL" : 1,
        "PMNTN_GODN" : 0,
        "PMNTN_MTRQ" : "토사",
        "PMNTN_CNRL" : " ",
        "PMNTN_CLS_" : " ",
        "PMNTN_RISK" : " ",
        "PMNTN_RECO" : " ",
        "DATA_STDR_" : "2016-12-31",
        "MNTN_ID" : "282370401"
      },
      "geometry" : {
        "paths" : [
          [
            [
              174708.11480000243,
              542688.93060000241
            ],
            [
              174707.08920000121,
              542688.89949999936
            ],
            [
              174706.77329999954,
              542688.17990000173
            ],
            [
              174703.1360000018,
              542679.8936999999
            ],
            [
              174701.59979999997,
              542674.49340000376
            ],
            [
              174697.43180000316,
              542671.53840000182
            ],
            [
              174696.08850000333,
              542668.59349999949
            ],
            [
              174692.56869999971,
              542663.0393000003
            ]
          ]
        ]
      }
    },
    {
      "attributes" : {
        "FID" : 2,
        "PMNTN_SN" : 54375,
        "MNTN_CODE" : "282370401",
        "MNTN_NM" : "호명사뒷산",
        "PMNTN_NM" : "부평동구간",
        "PMNTN_MAIN" : " ",
        "PMNTN_LT" : 0.02,
        "PMNTN_DFFL" : "쉬움",
        "PMNTN_UPPL" : 1,
        "PMNTN_GODN" : 0,
        "PMNTN_MTRQ" : "토사",
        "PMNTN_CNRL" : " ",
        "PMNTN_CLS_" : " ",
        "PMNTN_RISK" : " ",
        "PMNTN_RECO" : " ",
        "DATA_STDR_" : "2016-12-31",
        "MNTN_ID" : "282370401"
      },
      "geometry" : {
        "paths" : [
          [
            [
              174675.2873999998,
              542649.86220000125
            ],
            [
              174676.54880000371,
              542651.470900001
            ],
            [
              174677.57990000118,
              542652.24890000373
            ],
            [
              174679.00020000245,
              542653.87590000033
            ],
            [
              174681.16189999878,
              542655.37289999984
            ],
            [
              174681.67410000041,
              542655.56670000032
            ],
            [
              174683.94870000333,
              542655.14120000228
            ],
            [
              174689.21349999867,
              542657.9811000023
            ],
            [
              174689.62390000094,
              542657.82960000075
            ]
          ]
        ]
      }
    },
    {
      "attributes" : {
        "FID" : 3,
        "PMNTN_SN" : 54376,
        "MNTN_CODE" : "282370401",
        "MNTN_NM" : "호명사뒷산",
        "PMNTN_NM" : "부평동구간",
        "PMNTN_MAIN" : " ",
        "PMNTN_LT" : 0.02,
        "PMNTN_DFFL" : "쉬움",
        "PMNTN_UPPL" : 1,
        "PMNTN_GODN" : 0,
        "PMNTN_MTRQ" : "토사",
        "PMNTN_CNRL" : " ",
        "PMNTN_CLS_" : " ",
        "PMNTN_RISK" : " ",
        "PMNTN_RECO" : " ",
        "DATA_STDR_" : "2016-12-31",
        "MNTN_ID" : "282370401"
      },
      "geometry" : {
        "paths" : [
          [
            [
              174692.56869999971,
              542663.0393000003
            ],
            [
              174691.96480000112,
              542663.43720000051
            ],
            [
              174689.37370000128,
              542664.03539999947
            ],
            [
              174688.24419999961,
              542664.23020000197
            ],
            [
              174683.00970000122,
              542665.72139999829
            ],
            [
              174678.19000000134,
              542665.73260000162
            ],
            [
              174677.7340000011,
              542666.61190000176
            ]
          ]
        ]
      }
    },
    {
      "attributes" : {
        "FID" : 4,
        "PMNTN_SN" : 54377,
        "MNTN_CODE" : "282370401",
        "MNTN_NM" : "호명사뒷산",
        "PMNTN_NM" : "부평동구간",
        "PMNTN_MAIN" : " ",
        "PMNTN_LT" : 0.07,
        "PMNTN_DFFL" : "쉬움",
        "PMNTN_UPPL" : 1,
        "PMNTN_GODN" : 1,
        "PMNTN_MTRQ" : "토사",
        "PMNTN_CNRL" : " ",
        "PMNTN_CLS_" : " ",
        "PMNTN_RISK" : " ",
        "PMNTN_RECO" : " ",
        "DATA_STDR_" : "2016-12-31",
        "MNTN_ID" : "282370401"
      },
      "geometry" : {
        "paths" : [
          [
            [
              174704.17659999989,
              542698.41260000132
            ],
            [
              174709.51890000049,
              542694.34220000729
            ],
            [
              174712.6202999996,
              542692.9168999996
            ],
            [
              174713.62710000295,
              542692.43940000236
            ],
            [
              174715.4382000016,
              542693.19680000097
            ],
            [
              174717.8599000033,
              542694.80810000002
            ],
            [
              174719.15149999969,
              542695.32510000095
            ],
            [
              174722.19139999989,
              542700.7068000026
            ],
            [
              174724.30530000292,
              542703.46330000274
            ],
            [
              174724.93680000398,
              542703.92650000192
            ],
            [
              174729.05989999976,
              542704.61900000088
            ],
            [
              174733.71520000231,
              542705.66960000433
            ],
            [
              174737.3916000016,
              542708.27120000124
            ],
            [
              174741.29170000181,
              542713.63120000251
            ],
            [
              174747.23749999981,
              542721.04620000161
            ],
            [
              174750.82010000385,
              542727.33420000225
            ],
            [
              174752.75509999972,
              542729.22110000066
            ]
          ]
        ]
      }
    },
    {
      "attributes" : {
        "FID" : 5,
        "PMNTN_SN" : 54378,
        "MNTN_CODE" : "282370401",
        "MNTN_NM" : "호명사뒷산",
        "PMNTN_NM" : "부평동구간",
        "PMNTN_MAIN" : " ",
        "PMNTN_LT" : 0.02,
        "PMNTN_DFFL" : "쉬움",
        "PMNTN_UPPL" : 1,
        "PMNTN_GODN" : 0,
        "PMNTN_MTRQ" : "토사",
        "PMNTN_CNRL" : " ",
        "PMNTN_CLS_" : " ",
        "PMNTN_RISK" : " ",
        "PMNTN_RECO" : " ",
        "DATA_STDR_" : "2016-12-31",
        "MNTN_ID" : "282370401"
      },
      "geometry" : {
        "paths" : [
          [
            [
              174701.38190000039,
              542794.70110000111
            ],
            [
              174700.93450000044,
              542795.02430000156
            ],
            [
              174695.32370000146,
              542802.43700000085
            ],
            [
              174690.12999999989,
              542804.40920000151
            ],
            [
              174685.78639999963,
              542807.4037000034
            ],
            [
              174682.61040000338,
              542809.31519999914
            ]
          ]
        ]
      }
    },
    {
      "attributes" : {
        "FID" : 6,
        "PMNTN_SN" : 54379,
        "MNTN_CODE" : "282370401",
        "MNTN_NM" : "호명사뒷산",
        "PMNTN_NM" : "부평동구간",
        "PMNTN_MAIN" : " ",
        "PMNTN_LT" : 0.06,
        "PMNTN_DFFL" : "쉬움",
        "PMNTN_UPPL" : 1,
        "PMNTN_GODN" : 1,
        "PMNTN_MTRQ" : "토사",
        "PMNTN_CNRL" : " ",
        "PMNTN_CLS_" : " ",
        "PMNTN_RISK" : " ",
        "PMNTN_RECO" : " ",
        "DATA_STDR_" : "2016-12-31",
        "MNTN_ID" : "282370401"
      },
      "geometry" : {
        "paths" : [
          [
            [
              174682.61040000338,
              542809.31519999914
            ],
            [
              174687.40140000172,
              542810.05130000412
            ],
            [
              174695.07780000288,
              542810.81990000047
            ],
            [
              174698.50899999961,
              542817.55350000225
            ],
            [
              174701.3461000016,
              542823.56819999963
            ],
            [
              174705.14660000335,
              542827.50040000118
            ],
            [
              174708.51489999983,
              542830.35100000165
            ],
            [
              174711.16760000214,
              542834.41620000079
            ],
            [
              174710.8534000013,
              542835.02810000069
            ],
            [
              174710.26070000324,
              542836.03649999946
            ],
            [
              174708.23110000137,
              542837.60820000246
            ],
            [
              174706.44979999959,
              542837.50890000165
            ],
            [
              174705.81570000108,
              542839.19940000027
            ],
            [
              174705.26240000036,
              542841.00730000064
            ],
            [
              174705.08300000057,
              542843.43349999934
            ],
            [
              174705.65440000128,
              542848.31199999899
            ]
          ]
        ]
      }
    },
    {
      "attributes" : {
        "FID" : 7,
        "PMNTN_SN" : 54380,
        "MNTN_CODE" : "282370401",
        "MNTN_NM" : "호명사뒷산",
        "PMNTN_NM" : "부평동구간",
        "PMNTN_MAIN" : " ",
        "PMNTN_LT" : 0.03,
        "PMNTN_DFFL" : "쉬움",
        "PMNTN_UPPL" : 1,
        "PMNTN_GODN" : 0,
        "PMNTN_MTRQ" : "토사",
        "PMNTN_CNRL" : " ",
        "PMNTN_CLS_" : " ",
        "PMNTN_RISK" : " ",
        "PMNTN_RECO" : " ",
        "DATA_STDR_" : "2016-12-31",
        "MNTN_ID" : "282370401"
      },
      "geometry" : {
        "paths" : [
          [
            [
              174785.09669999965,
              542852.819000002
            ],
            [
              174787.62630000059,
              542854.57069999725
            ],
            [
              174787.74490000028,
              542857.71780000255
            ],
            [
              174787.52490000147,
              542860.79619999975
            ],
            [
              174785.64040000085,
              542862.87879999913
            ],
            [
              174784.81160000153,
              542866.06400000118
            ],
            [
              174782.72660000063,
              542869.34010000154
            ],
            [
              174784.62870000117,
              542878.33420000039
            ]
          ]
        ]
      }
    },
    {
      "attributes" : {
        "FID" : 8,
        "PMNTN_SN" : 54381,
        "MNTN_CODE" : "282370401",
        "MNTN_NM" : "호명사뒷산",
        "PMNTN_NM" : "부평동구간",
        "PMNTN_MAIN" : " ",
        "PMNTN_LT" : 0.07,
        "PMNTN_DFFL" : "쉬움",
        "PMNTN_UPPL" : 1,
        "PMNTN_GODN" : 1,
        "PMNTN_MTRQ" : "토사",
        "PMNTN_CNRL" : " ",
        "PMNTN_CLS_" : " ",
        "PMNTN_RISK" : " ",
        "PMNTN_RECO" : " ",
        "DATA_STDR_" : "2016-12-31",
        "MNTN_ID" : "282370401"
      },
      "geometry" : {
        "paths" : [
          [
            [
              174801.30340000335,
              542855.08190000243
            ],
            [
              174797.50220000278,
              542855.24550000206
            ],
            [
              174794.29670000169,
              542853.7125000041
            ],
            [
              174791.24019999988,
              542852.1118999999
            ],
            [
              174786.30710000079,
              542850.16060000099
            ],
            [
              174785.21359999944,
              542847.84850000031
            ],
            [
              174787.45270000026,
              542844.05120000057
            ],
            [
              174788.37119999994,
              542841.57919999957
            ],
            [
              174787.3060999997,
              542835.75060000271
            ],
            [
              174786.32980000135,
              542833.12790000066
            ],
            [
              174784.83559999987,
              542827.90680000186
            ],
            [
              174784.69790000282,
              542823.9439000003
            ],
            [
              174784.49270000402,
              542820.19460000098
            ],
            [
              174782.98500000034,
              542816.43240000308
            ],
            [
              174779.43510000315,
              542814.3871999979
            ],
            [
              174776.60920000169,
              542816.36790000461
            ],
            [
              174773.61710000038,
              542819.33800000139
            ],
            [
              174770.79130000249,
              542824.22790000215
            ],
            [
              174768.22470000014,
              542828.60309999995
            ]
          ]
        ]
      }
    },
    {
      "attributes" : {
        "FID" : 9,
        "PMNTN_SN" : 54382,
        "MNTN_CODE" : "282370401",
        "MNTN_NM" : "호명사뒷산",
        "PMNTN_NM" : "부평동구간",
        "PMNTN_MAIN" : " ",
        "PMNTN_LT" : 0.06,
        "PMNTN_DFFL" : "쉬움",
        "PMNTN_UPPL" : 1,
        "PMNTN_GODN" : 1,
        "PMNTN_MTRQ" : "토사",
        "PMNTN_CNRL" : " ",
        "PMNTN_CLS_" : " ",
        "PMNTN_RISK" : " ",
        "PMNTN_RECO" : " ",
        "DATA_STDR_" : "2016-12-31",
        "MNTN_ID" : "282370401"
      },
      "geometry" : {
        "paths" : [
          [
            [
              174740.97530000284,
              542816.68239999749
            ],
            [
              174735.03410000354,
              542818.1547000017
            ],
            [
              174729.63540000096,
              542818.74210000597
            ],
            [
              174723.43690000102,
              542820.62569999881
            ],
            [
              174720.29330000281,
              542821.56650000252
            ],
            [
              174717.84539999999,
              542821.86739999987
            ],
            [
              174713.42030000128,
              542821.02970000729
            ],
            [
              174709.87820000108,
              542818.86839999817
            ],
            [
              174706.72300000116,
              542816.78020000085
            ],
            [
              174703.37990000006,
              542813.77400000207
            ],
            [
              174701.83880000375,
              542810.35349999927
            ],
            [
              174701.27390000038,
              542805.94820000231
            ],
            [
              174702.30470000114,
              542796.72230000421
            ],
            [
              174701.85110000055,
              542794.88780000061
            ],
            [
              174701.6670000013,
              542794.76250000112
            ],
            [
              174701.38190000039,
              542794.70110000111
            ]
          ]
        ]
      }
    },
    {
      "attributes" : {
        "FID" : 10,
        "PMNTN_SN" : 54383,
        "MNTN_CODE" : "282370401",
        "MNTN_NM" : "호명사뒷산",
        "PMNTN_NM" : "부평동구간",
        "PMNTN_MAIN" : " ",
        "PMNTN_LT" : 0.06,
        "PMNTN_DFFL" : "쉬움",
        "PMNTN_UPPL" : 1,
        "PMNTN_GODN" : 1,
        "PMNTN_MTRQ" : "토사",
        "PMNTN_CNRL" : " ",
        "PMNTN_CLS_" : " ",
        "PMNTN_RISK" : " ",
        "PMNTN_RECO" : " ",
        "DATA_STDR_" : "2016-12-31",
        "MNTN_ID" : "282370401"
      },
      "geometry" : {
        "paths" : [
          [
            [
              174740.97530000284,
              542816.68239999749
            ],
            [
              174737.01900000032,
              542808.72529999912
            ],
            [
              174733.12990000099,
              542803.48540000245
            ],
            [
              174729.71559999976,
              542805.06030000001
            ],
            [
              174726.65350000095,
              542803.92889999971
            ],
            [
              174722.44110000227,
              542802.65920000151
            ],
            [
              174720.48859999981,
              542797.93310000189
            ],
            [
              174719.95240000077,
              542792.24589999951
            ],
            [
              174722.85530000087,
              542787.45640000142
            ],
            [
              174717.84130000044,
              542777.43680000119
            ],
            [
              174717.6857000012,
              542770.85220000334
            ]
          ]
        ]
      }
    },
    {
      "attributes" : {
        "FID" : 11,
        "PMNTN_SN" : 54384,
        "MNTN_CODE" : "282370401",
        "MNTN_NM" : "호명사뒷산",
        "PMNTN_NM" : "부평동구간",
        "PMNTN_MAIN" : " ",
        "PMNTN_LT" : 0.03,
        "PMNTN_DFFL" : "쉬움",
        "PMNTN_UPPL" : 1,
        "PMNTN_GODN" : 0,
        "PMNTN_MTRQ" : "토사",
        "PMNTN_CNRL" : " ",
        "PMNTN_CLS_" : " ",
        "PMNTN_RISK" : " ",
        "PMNTN_RECO" : " ",
        "DATA_STDR_" : "2016-12-31",
        "MNTN_ID" : "282370401"
      },
      "geometry" : {
        "paths" : [
          [
            [
              174705.45480000228,
              542889.26740000024
            ],
            [
              174702.45030000061,
              542889.80850000121
            ],
            [
              174700.11720000021,
              542894.1305000037
            ],
            [
              174698.02809999976,
              542898.62690000236
            ],
            [
              174693.88920000009,
              542901.16869999841
            ],
            [
              174689.39240000024,
              542900.08420000412
            ],
            [
              174686.32970000058,
              542896.97259999998
            ],
            [
              174682.77410000097,
              542897.49910000339
            ],
            [
              174681.97710306849,
              542896.76743988693
            ]
          ]
        ]
      }
    },
    {
      "attributes" : {
        "FID" : 12,
        "PMNTN_SN" : 54385,
        "MNTN_CODE" : "282370401",
        "MNTN_NM" : "호명사뒷산",
        "PMNTN_NM" : "부평동구간",
        "PMNTN_MAIN" : " ",
        "PMNTN_LT" : 0.03,
        "PMNTN_DFFL" : "쉬움",
        "PMNTN_UPPL" : 1,
        "PMNTN_GODN" : 0,
        "PMNTN_MTRQ" : "토사",
        "PMNTN_CNRL" : " ",
        "PMNTN_CLS_" : " ",
        "PMNTN_RISK" : " ",
        "PMNTN_RECO" : " ",
        "DATA_STDR_" : "2016-12-31",
        "MNTN_ID" : "282370401"
      },
      "geometry" : {
        "paths" : [
          [
            [
              174681.97710306849,
              542896.76743988693
            ],
            [
              174679.15310000256,
              542899.24570000358
            ],
            [
              174678.21310000401,
              542899.76019999944
            ],
            [
              174677.02740000002,
              542899.88470000029
            ],
            [
              174676.152999999,
              542899.99899999984
            ],
            [
              174669.94680000376,
              542902.01799999923
            ],
            [
              174664.59360000119,
              542904.20190000348
            ],
            [
              174662.98370000254,
              542906.20690000057
            ],
            [
              174660.80240000132,
              542912.94890000112
            ]
          ]
        ]
      }
    },
    {
      "attributes" : {
        "FID" : 13,
        "PMNTN_SN" : 54386,
        "MNTN_CODE" : "282370401",
        "MNTN_NM" : "호명사뒷산",
        "PMNTN_NM" : "부평동구간",
        "PMNTN_MAIN" : " ",
        "PMNTN_LT" : 0.08,
        "PMNTN_DFFL" : "쉬움",
        "PMNTN_UPPL" : 1,
        "PMNTN_GODN" : 1,
        "PMNTN_MTRQ" : "토사",
        "PMNTN_CNRL" : " ",
        "PMNTN_CLS_" : " ",
        "PMNTN_RISK" : " ",
        "PMNTN_RECO" : " ",
        "DATA_STDR_" : "2016-12-31",
        "MNTN_ID" : "282370401"
      },
      "geometry" : {
        "paths" : [
          [
            [
              174601.8908000011,
              542913.05509999953
            ],
            [
              174605.959900002,
              542906.58450000174
            ],
            [
              174605.17930000182,
              542903.80180000141
            ],
            [
              174605.38430000283,
              542900.82010000199
            ],
            [
              174609.44270000141,
              542898.35400000215
            ],
            [
              174613.0148,
              542895.38169999979
            ],
            [
              174614.15500000026,
              542894.91309999861
            ],
            [
              174622.06510000024,
              542892.5167000033
            ],
            [
              174628.22710000072,
              542890.59080000035
            ],
            [
              174628.9307000041,
              542890.38400000148
            ],
            [
              174635.66269999929,
              542888.18659999967
            ],
            [
              174639.32980000228,
              542887.35680000111
            ],
            [
              174644.44640000351,
              542884.30169999972
            ],
            [
              174647.14580000192,
              542880.86750000156
            ],
            [
              174649.31560000125,
              542877.65139999986
            ],
            [
              174653.00140000135,
              542873.22130000219
            ],
            [
              174653.00770000089,
              542872.8676999975
            ],
            [
              174653.04409999959,
              542872.65370000154
            ],
            [
              174652.99150000233,
              542872.41190000437
            ],
            [
              174654.11450000014,
              542868.74320000038
            ]
          ]
        ]
      }
    },
    {
      "attributes" : {
        "FID" : 14,
        "PMNTN_SN" : 54387,
        "MNTN_CODE" : "282370401",
        "MNTN_NM" : "호명사뒷산",
        "PMNTN_NM" : "부평동구간",
        "PMNTN_MAIN" : " ",
        "PMNTN_LT" : 0.08,
        "PMNTN_DFFL" : "쉬움",
        "PMNTN_UPPL" : 1,
        "PMNTN_GODN" : 1,
        "PMNTN_MTRQ" : "토사",
        "PMNTN_CNRL" : " ",
        "PMNTN_CLS_" : " ",
        "PMNTN_RISK" : " ",
        "PMNTN_RECO" : " ",
        "DATA_STDR_" : "2016-12-31",
        "MNTN_ID" : "282370401"
      },
      "geometry" : {
        "paths" : [
          [
            [
              174671.46670000348,
              542805.29830000177
            ],
            [
              174671.32490000036,
              542809.02200000174
            ],
            [
              174668.31500000227,
              542813.28889999911
            ],
            [
              174666.69380000141,
              542814.40990000218
            ],
            [
              174664.76370000187,
              542815.92769999988
            ],
            [
              174665.12729999982,
              542818.94720000401
            ],
            [
              174663.00790000055,
              542821.5689000003
            ],
            [
              174657.75930000097,
              542826.60789999925
            ],
            [
              174655.42380000371,
              542828.47170000151
            ],
            [
              174653.02860000078,
              542830.20340000279
            ],
            [
              174647.92480000108,
              542833.77490000054
            ],
            [
              174646.56900000107,
              542836.48630000278
            ],
            [
              174646.6911000032,
              542840.52710000239
            ],
            [
              174646.67229999974,
              542845.33880000003
            ],
            [
              174648.30660000257,
              542849.80260000005
            ],
            [
              174649.09729999956,
              542853.90399999917
            ],
            [
              174649.40530000348,
              542856.66339999996
            ],
            [
              174648.59530000109,
              542860.0073000025
            ],
            [
              174653.40980000049,
              542864.36820000038
            ],
            [
              174653.60400000028,
              542865.57379999943
            ],
            [
              174654.11450000014,
              542868.74320000038
            ]
          ]
        ]
      }
    },
    {
      "attributes" : {
        "FID" : 15,
        "PMNTN_SN" : 54388,
        "MNTN_CODE" : "282370401",
        "MNTN_NM" : "호명사뒷산",
        "PMNTN_NM" : "부평동구간",
        "PMNTN_MAIN" : " ",
        "PMNTN_LT" : 0.03,
        "PMNTN_DFFL" : "쉬움",
        "PMNTN_UPPL" : 1,
        "PMNTN_GODN" : 0,
        "PMNTN_MTRQ" : "토사",
        "PMNTN_CNRL" : " ",
        "PMNTN_CLS_" : " ",
        "PMNTN_RISK" : " ",
        "PMNTN_RECO" : " ",
        "DATA_STDR_" : "2016-12-31",
        "MNTN_ID" : "282370401"
      },
      "geometry" : {
        "paths" : [
          [
            [
              174654.11450000014,
              542868.74320000038
            ],
            [
              174656.51260000095,
              542865.1568
            ],
            [
              174663.30570000038,
              542863.63340000249
            ],
            [
              174665.03080000076,
              542859.68290000409
            ],
            [
              174671.2117999997,
              542857.20700000226
            ],
            [
              174678.82010000385,
              542853.13220000267
            ]
          ]
        ]
      }
    },
    {
      "attributes" : {
        "FID" : 16,
        "PMNTN_SN" : 54389,
        "MNTN_CODE" : "282370401",
        "MNTN_NM" : "호명사뒷산",
        "PMNTN_NM" : "부평동구간",
        "PMNTN_MAIN" : " ",
        "PMNTN_LT" : 0.03,
        "PMNTN_DFFL" : "쉬움",
        "PMNTN_UPPL" : 1,
        "PMNTN_GODN" : 0,
        "PMNTN_MTRQ" : "토사",
        "PMNTN_CNRL" : " ",
        "PMNTN_CLS_" : " ",
        "PMNTN_RISK" : " ",
        "PMNTN_RECO" : " ",
        "DATA_STDR_" : "2016-12-31",
        "MNTN_ID" : "282370401"
      },
      "geometry" : {
        "paths" : [
          [
            [
              174768.22470000014,
              542828.60309999995
            ],
            [
              174768.57320000138,
              542829.99940000102
            ],
            [
              174767.69340000395,
              542832.2006000001
            ],
            [
              174762.22400000412,
              542834.49010000192
            ],
            [
              174760.95909999963,
              542837.91210000031
            ],
            [
              174758.3889000006,
              542839.65160000138
            ],
            [
              174756.34520000126,
              542843.80210000277
            ],
            [
              174754.91210000031,
              542848.76130000129
            ],
            [
              174755.72930000164,
              542850.61759999953
            ],
            [
              174757.03580000065,
              542852.34569999948
            ]
          ]
        ]
      }
    },
    {
      "attributes" : {
        "FID" : 17,
        "PMNTN_SN" : 54390,
        "MNTN_CODE" : "282370401",
        "MNTN_NM" : "호명사뒷산",
        "PMNTN_NM" : "부평동구간",
        "PMNTN_MAIN" : " ",
        "PMNTN_LT" : 0.03,
        "PMNTN_DFFL" : "쉬움",
        "PMNTN_UPPL" : 1,
        "PMNTN_GODN" : 0,
        "PMNTN_MTRQ" : "토사",
        "PMNTN_CNRL" : " ",
        "PMNTN_CLS_" : " ",
        "PMNTN_RISK" : " ",
        "PMNTN_RECO" : " ",
        "DATA_STDR_" : "2016-12-31",
        "MNTN_ID" : "282370401"
      },
      "geometry" : {
        "paths" : [
          [
            [
              174678.82010000385,
              542853.13220000267
            ],
            [
              174685.98740000278,
              542864.58600000106
            ],
            [
              174688.78210000042,
              542868.53230000101
            ],
            [
              174690.49399999995,
              542871.75140000321
            ],
            [
              174696.74855213147,
              542880.85947058909
            ]
          ]
        ]
      }
    },
    {
      "attributes" : {
        "FID" : 18,
        "PMNTN_SN" : 54391,
        "MNTN_CODE" : "282370401",
        "MNTN_NM" : "호명사뒷산",
        "PMNTN_NM" : "부평동구간",
        "PMNTN_MAIN" : " ",
        "PMNTN_LT" : 0.03,
        "PMNTN_DFFL" : "쉬움",
        "PMNTN_UPPL" : 1,
        "PMNTN_GODN" : 0,
        "PMNTN_MTRQ" : "토사",
        "PMNTN_CNRL" : " ",
        "PMNTN_CLS_" : " ",
        "PMNTN_RISK" : " ",
        "PMNTN_RECO" : " ",
        "DATA_STDR_" : "2016-12-31",
        "MNTN_ID" : "282370401"
      },
      "geometry" : {
        "paths" : [
          [
            [
              174757.03580000065,
              542852.34569999948
            ],
            [
              174761.43730000127,
              542852.20720000193
            ],
            [
              174768.25540000014,
              542850.95360000245
            ],
            [
              174769.02730000019,
              542851.24890000001
            ],
            [
              174777.28670000378,
              542851.5680999998
            ],
            [
              174784.40519999992,
              542852.11400000192
            ],
            [
              174785.09669999965,
              542852.819000002
            ]
          ]
        ]
      }
    },
    {
      "attributes" : {
        "FID" : 19,
        "PMNTN_SN" : 54392,
        "MNTN_CODE" : "282370401",
        "MNTN_NM" : "호명사뒷산",
        "PMNTN_NM" : "부평동구간",
        "PMNTN_MAIN" : " ",
        "PMNTN_LT" : 0.05,
        "PMNTN_DFFL" : "쉬움",
        "PMNTN_UPPL" : 1,
        "PMNTN_GODN" : 1,
        "PMNTN_MTRQ" : "토사",
        "PMNTN_CNRL" : " ",
        "PMNTN_CLS_" : " ",
        "PMNTN_RISK" : " ",
        "PMNTN_RECO" : " ",
        "DATA_STDR_" : "2016-12-31",
        "MNTN_ID" : "282370401"
      },
      "geometry" : {
        "paths" : [
          [
            [
              174708.11480000243,
              542688.93060000241
            ],
            [
              174711.36680000182,
              542685.1484999992
            ],
            [
              174710.85520000197,
              542676.17500000261
            ],
            [
              174712.39940000046,
              542673.5008000005
            ],
            [
              174710.49440000206,
              542668.97639999911
            ],
            [
              174699.68540000264,
              542663.1146000009
            ],
            [
              174696.96169999987,
              542660.75779999979
            ],
            [
              174695.78110000119,
              542657.71930000186
            ],
            [
              174691.90450000297,
              542653.06100000069
            ],
            [
              174689.85479999986,
              542651.87650000304
            ],
            [
              174689.4596000025,
              542651.1520000007
            ],
            [
              174688.95461627375,
              542650.4980293978
            ]
          ]
        ]
      }
    },
    {
      "attributes" : {
        "FID" : 20,
        "PMNTN_SN" : 54393,
        "MNTN_CODE" : "282370401",
        "MNTN_NM" : "호명사뒷산",
        "PMNTN_NM" : "부평동구간",
        "PMNTN_MAIN" : " ",
        "PMNTN_LT" : 0.05,
        "PMNTN_DFFL" : "쉬움",
        "PMNTN_UPPL" : 1,
        "PMNTN_GODN" : 1,
        "PMNTN_MTRQ" : "토사",
        "PMNTN_CNRL" : " ",
        "PMNTN_CLS_" : " ",
        "PMNTN_RISK" : " ",
        "PMNTN_RECO" : " ",
        "DATA_STDR_" : "2016-12-31",
        "MNTN_ID" : "282370401"
      },
      "geometry" : {
        "paths" : [
          [
            [
              174673.68890000042,
              542665.76660000347
            ],
            [
              174674.9934000019,
              542674.71380000003
            ],
            [
              174675.4179000007,
              542677.78250000253
            ],
            [
              174668.52420000173,
              542682.92930000089
            ],
            [
              174668.0708000008,
              542687.41469999962
            ],
            [
              174669.54370000027,
              542689.72370000184
            ],
            [
              174669.1275000032,
              542689.97399999946
            ],
            [
              174661.1388000017,
              542692.16170000285
            ],
            [
              174658.36660000402,
              542692.31900000013
            ],
            [
              174652.27539999969,
              542690.76540000178
            ]
          ]
        ]
      }
    },
    {
      "attributes" : {
        "FID" : 21,
        "PMNTN_SN" : 54394,
        "MNTN_CODE" : "282370401",
        "MNTN_NM" : "호명사뒷산",
        "PMNTN_NM" : "부평동구간",
        "PMNTN_MAIN" : " ",
        "PMNTN_LT" : 0.04,
        "PMNTN_DFFL" : "쉬움",
        "PMNTN_UPPL" : 1,
        "PMNTN_GODN" : 0,
        "PMNTN_MTRQ" : "토사",
        "PMNTN_CNRL" : " ",
        "PMNTN_CLS_" : " ",
        "PMNTN_RISK" : " ",
        "PMNTN_RECO" : " ",
        "DATA_STDR_" : "2016-12-31",
        "MNTN_ID" : "282370401"
      },
      "geometry" : {
        "paths" : [
          [
            [
              174682.66619999986,
              542609.04179999977
            ],
            [
              174681.6548999995,
              542611.42259999923
            ],
            [
              174682.41260000225,
              542615.74740000255
            ],
            [
              174683.13070000336,
              542621.71680000052
            ],
            [
              174682.9505000012,
              542623.41039999761
            ],
            [
              174681.46290000249,
              542625.19239999913
            ],
            [
              174676.68610000052,
              542630.06420000084
            ],
            [
              174674.74289999995,
              542632.68820000067
            ],
            [
              174673.10840000026,
              542635.04580000229
            ],
            [
              174675.45040000137,
              542641.69959999807
            ]
          ]
        ]
      }
    },
    {
      "attributes" : {
        "FID" : 22,
        "PMNTN_SN" : 54395,
        "MNTN_CODE" : "282370401",
        "MNTN_NM" : "호명사뒷산",
        "PMNTN_NM" : "부평동구간",
        "PMNTN_MAIN" : " ",
        "PMNTN_LT" : 0.06,
        "PMNTN_DFFL" : "쉬움",
        "PMNTN_UPPL" : 1,
        "PMNTN_GODN" : 1,
        "PMNTN_MTRQ" : "토사",
        "PMNTN_CNRL" : " ",
        "PMNTN_CLS_" : " ",
        "PMNTN_RISK" : " ",
        "PMNTN_RECO" : " ",
        "DATA_STDR_" : "2016-12-31",
        "MNTN_ID" : "282370401"
      },
      "geometry" : {
        "paths" : [
          [
            [
              174634.79150000121,
              542632.71800000221
            ],
            [
              174636.845900001,
              542637.88419999927
            ],
            [
              174639.41720000096,
              542638.57790000178
            ],
            [
              174639.90629999898,
              542640.9394000005
            ],
            [
              174641.14830000233,
              542644.68470000289
            ],
            [
              174641.803100002,
              542645.48270000145
            ],
            [
              174642.39859999996,
              542646.25300000235
            ],
            [
              174644.44850000273,
              542647.91410000436
            ],
            [
              174644.06190000288,
              542651.86959999986
            ],
            [
              174646.20670000091,
              542654.13790000416
            ],
            [
              174649.86970000342,
              542655.70480000228
            ],
            [
              174655.14010000322,
              542655.24740000069
            ],
            [
              174655.63019999862,
              542655.47850000672
            ],
            [
              174658.55110000074,
              542658.73100000247
            ],
            [
              174661.67930000275,
              542659.31629999913
            ],
            [
              174666.55310000107,
              542663.63060000166
            ],
            [
              174668.41550000105,
              542664.15510000102
            ],
            [
              174671.35610000324,
              542665.80950000323
            ],
            [
              174673.60950000118,
              542665.75000000745
            ],
            [
              174673.68890000042,
              542665.76660000347
            ]
          ]
        ]
      }
    },
    {
      "attributes" : {
        "FID" : 23,
        "PMNTN_SN" : 54396,
        "MNTN_CODE" : "282370401",
        "MNTN_NM" : "호명사뒷산",
        "PMNTN_NM" : "부평동구간",
        "PMNTN_MAIN" : " ",
        "PMNTN_LT" : 0.04,
        "PMNTN_DFFL" : "쉬움",
        "PMNTN_UPPL" : 1,
        "PMNTN_GODN" : 0,
        "PMNTN_MTRQ" : "토사",
        "PMNTN_CNRL" : " ",
        "PMNTN_CLS_" : " ",
        "PMNTN_RISK" : " ",
        "PMNTN_RECO" : " ",
        "DATA_STDR_" : "2016-12-31",
        "MNTN_ID" : "282370401"
      },
      "geometry" : {
        "paths" : [
          [
            [
              174677.7340000011,
              542666.61190000176
            ],
            [
              174679.3141000038,
              542671.81680000015
            ],
            [
              174684.74250000063,
              542677.23320000246
            ],
            [
              174691.45900000259,
              542682.09679999948
            ],
            [
              174693.65170000028,
              542682.51070000045
            ],
            [
              174696.91550000012,
              542685.49450000189
            ],
            [
              174701.69530000072,
              542689.73760000058
            ],
            [
              174704.2957000006,
              542690.79230000637
            ],
            [
              174707.76350000128,
              542690.52160000242
            ]
          ]
        ]
      }
    },
    {
      "attributes" : {
        "FID" : 24,
        "PMNTN_SN" : 54397,
        "MNTN_CODE" : "282370401",
        "MNTN_NM" : "호명사뒷산",
        "PMNTN_NM" : "부평동구간",
        "PMNTN_MAIN" : " ",
        "PMNTN_LT" : 0.13,
        "PMNTN_DFFL" : "쉬움",
        "PMNTN_UPPL" : 2,
        "PMNTN_GODN" : 2,
        "PMNTN_MTRQ" : "토사",
        "PMNTN_CNRL" : " ",
        "PMNTN_CLS_" : " ",
        "PMNTN_RISK" : " ",
        "PMNTN_RECO" : " ",
        "DATA_STDR_" : "2016-12-31",
        "MNTN_ID" : "282370401"
      },
      "geometry" : {
        "paths" : [
          [
            [
              174671.46670000348,
              542805.29830000177
            ],
            [
              174671.33230000082,
              542801.74499999918
            ],
            [
              174669.25470000412,
              542797.92069999874
            ],
            [
              174667.80429999996,
              542791.61620000005
            ],
            [
              174667.18130000122,
              542786.32480000146
            ],
            [
              174667.05310000014,
              542777.753800001
            ],
            [
              174668.72690000199,
              542773.67060000077
            ],
            [
              174669.30200000014,
              542770.47880000062
            ],
            [
              174669.64879999962,
              542767.06750000268
            ],
            [
              174668.87669999897,
              542763.75679999962
            ],
            [
              174666.90820000134,
              542760.56440000236
            ],
            [
              174666.61919999961,
              542757.45290000364
            ],
            [
              174666.66500000097,
              542755.41949999891
            ],
            [
              174665.61860000063,
              542753.35960000008
            ],
            [
              174666.24029999971,
              542750.64300000109
            ],
            [
              174666.29430000205,
              542747.19220000133
            ],
            [
              174666.04670000076,
              542743.77880000323
            ],
            [
              174665.96690000221,
              542741.09460000135
            ],
            [
              174665.914900003,
              542738.63319999911
            ],
            [
              174667.27819999959,
              542736.18470000476
            ],
            [
              174669.17630000133,
              542732.64810000174
            ],
            [
              174671.55040000193,
              542729.11300000176
            ],
            [
              174677.98450000212,
              542723.97690000013
            ],
            [
              174680.50860000215,
              542720.90460000001
            ],
            [
              174685.14790000115,
              542718.17190000415
            ],
            [
              174687.94090000167,
              542715.8041999992
            ],
            [
              174690.70480000041,
              542712.66800000332
            ],
            [
              174695.03789999988,
              542708.85560000129
            ],
            [
              174694.8574000001,
              542706.17310000211
            ],
            [
              174694.91360000055,
              542706.13639999926
            ],
            [
              174698.06720000133,
              542705.20110000111
            ],
            [
              174701.6884000022,
              542703.66710000299
            ],
            [
              174704.17659999989,
              542698.41260000132
            ]
          ]
        ]
      }
    },
    {
      "attributes" : {
        "FID" : 25,
        "PMNTN_SN" : 54398,
        "MNTN_CODE" : "282370401",
        "MNTN_NM" : "호명사뒷산",
        "PMNTN_NM" : "부평동구간",
        "PMNTN_MAIN" : " ",
        "PMNTN_LT" : 0.04,
        "PMNTN_DFFL" : "쉬움",
        "PMNTN_UPPL" : 1,
        "PMNTN_GODN" : 0,
        "PMNTN_MTRQ" : "토사",
        "PMNTN_CNRL" : " ",
        "PMNTN_CLS_" : " ",
        "PMNTN_RISK" : " ",
        "PMNTN_RECO" : " ",
        "DATA_STDR_" : "2016-12-31",
        "MNTN_ID" : "282370401"
      },
      "geometry" : {
        "paths" : [
          [
            [
              174729.98190000001,
              542874.37540000305
            ],
            [
              174728.9375,
              542873.6537000034
            ],
            [
              174724.78139999975,
              542870.47849999927
            ],
            [
              174722.14960000012,
              542868.53500000015
            ],
            [
              174719.91380000021,
              542865.83180000074
            ],
            [
              174720.61780000106,
              542862.12270000391
            ],
            [
              174717.40080000181,
              542853.69410000183
            ],
            [
              174711.67110000085,
              542850.42219999991
            ],
            [
              174708.63250000216,
              542847.76080000028
            ],
            [
              174705.89430000354,
              542848.4542000033
            ],
            [
              174705.65440000128,
              542848.31199999899
            ]
          ]
        ]
      }
    },
    {
      "attributes" : {
        "FID" : 26,
        "PMNTN_SN" : 54399,
        "MNTN_CODE" : "282370401",
        "MNTN_NM" : "호명사뒷산",
        "PMNTN_NM" : "부평동구간",
        "PMNTN_MAIN" : " ",
        "PMNTN_LT" : 0.01,
        "PMNTN_DFFL" : "쉬움",
        "PMNTN_UPPL" : 1,
        "PMNTN_GODN" : 0,
        "PMNTN_MTRQ" : "토사",
        "PMNTN_CNRL" : " ",
        "PMNTN_CLS_" : " ",
        "PMNTN_RISK" : " ",
        "PMNTN_RECO" : " ",
        "DATA_STDR_" : "2016-12-31",
        "MNTN_ID" : "282370401"
      },
      "geometry" : {
        "paths" : [
          [
            [
              174675.45040000137,
              542641.69959999807
            ],
            [
              174675.4394000005,
              542643.40820000321
            ],
            [
              174675.21890000347,
              542649.33430000208
            ],
            [
              174675.2873999998,
              542649.86220000125
            ]
          ]
        ]
      }
    },
    {
      "attributes" : {
        "FID" : 27,
        "PMNTN_SN" : 54400,
        "MNTN_CODE" : "282370401",
        "MNTN_NM" : "호명사뒷산",
        "PMNTN_NM" : "부평동구간",
        "PMNTN_MAIN" : " ",
        "PMNTN_LT" : 0.02,
        "PMNTN_DFFL" : "쉬움",
        "PMNTN_UPPL" : 1,
        "PMNTN_GODN" : 0,
        "PMNTN_MTRQ" : "토사",
        "PMNTN_CNRL" : " ",
        "PMNTN_CLS_" : " ",
        "PMNTN_RISK" : " ",
        "PMNTN_RECO" : " ",
        "DATA_STDR_" : "2016-12-31",
        "MNTN_ID" : "282370401"
      },
      "geometry" : {
        "paths" : [
          [
            [
              174675.2873999998,
              542649.86220000125
            ],
            [
              174674.97330000065,
              542655.93130000122
            ],
            [
              174673.55500000063,
              542659.02119999938
            ],
            [
              174673.68890000042,
              542665.76660000347
            ]
          ]
        ]
      }
    },
    {
      "attributes" : {
        "FID" : 28,
        "PMNTN_SN" : 54401,
        "MNTN_CODE" : "282370401",
        "MNTN_NM" : "호명사뒷산",
        "PMNTN_NM" : "부평동구간",
        "PMNTN_MAIN" : " ",
        "PMNTN_LT" : 0.02,
        "PMNTN_DFFL" : "쉬움",
        "PMNTN_UPPL" : 1,
        "PMNTN_GODN" : 0,
        "PMNTN_MTRQ" : "토사",
        "PMNTN_CNRL" : " ",
        "PMNTN_CLS_" : " ",
        "PMNTN_RISK" : " ",
        "PMNTN_RECO" : " ",
        "DATA_STDR_" : "2016-12-31",
        "MNTN_ID" : "282370401"
      },
      "geometry" : {
        "paths" : [
          [
            [
              174688.95461627375,
              542650.4980293978
            ],
            [
              174687.71810000017,
              542648.89670000225
            ],
            [
              174688.79159999918,
              542647.56910000183
            ],
            [
              174684.20660000015,
              542644.00139999948
            ],
            [
              174676.94269999955,
              542642.79320000112
            ],
            [
              174675.45040000137,
              542641.69959999807
            ]
          ]
        ]
      }
    },
    {
      "attributes" : {
        "FID" : 29,
        "PMNTN_SN" : 54402,
        "MNTN_CODE" : "282370401",
        "MNTN_NM" : "호명사뒷산",
        "PMNTN_NM" : "부평동구간",
        "PMNTN_MAIN" : " ",
        "PMNTN_LT" : 0,
        "PMNTN_DFFL" : "쉬움",
        "PMNTN_UPPL" : 1,
        "PMNTN_GODN" : 0,
        "PMNTN_MTRQ" : "토사",
        "PMNTN_CNRL" : " ",
        "PMNTN_CLS_" : " ",
        "PMNTN_RISK" : " ",
        "PMNTN_RECO" : " ",
        "DATA_STDR_" : "2016-12-31",
        "MNTN_ID" : "282370401"
      },
      "geometry" : {
        "paths" : [
          [
            [
              174673.68890000042,
              542665.76660000347
            ],
            [
              174677.7340000011,
              542666.61190000176
            ]
          ]
        ]
      }
    },
    {
      "attributes" : {
        "FID" : 30,
        "PMNTN_SN" : 54403,
        "MNTN_CODE" : "282370401",
        "MNTN_NM" : "호명사뒷산",
        "PMNTN_NM" : "부평동구간",
        "PMNTN_MAIN" : " ",
        "PMNTN_LT" : 0.01,
        "PMNTN_DFFL" : "쉬움",
        "PMNTN_UPPL" : 1,
        "PMNTN_GODN" : 0,
        "PMNTN_MTRQ" : "토사",
        "PMNTN_CNRL" : " ",
        "PMNTN_CLS_" : " ",
        "PMNTN_RISK" : " ",
        "PMNTN_RECO" : " ",
        "DATA_STDR_" : "2016-12-31",
        "MNTN_ID" : "282370401"
      },
      "geometry" : {
        "paths" : [
          [
            [
              174689.62390000094,
              542657.82960000075
            ],
            [
              174688.34840000235,
              542653.8347000014
            ],
            [
              174688.95461627375,
              542650.4980293978
            ]
          ]
        ]
      }
    },
    {
      "attributes" : {
        "FID" : 31,
        "PMNTN_SN" : 54404,
        "MNTN_CODE" : "282370401",
        "MNTN_NM" : "호명사뒷산",
        "PMNTN_NM" : "부평동구간",
        "PMNTN_MAIN" : " ",
        "PMNTN_LT" : 0.01,
        "PMNTN_DFFL" : "쉬움",
        "PMNTN_UPPL" : 1,
        "PMNTN_GODN" : 0,
        "PMNTN_MTRQ" : "토사",
        "PMNTN_CNRL" : " ",
        "PMNTN_CLS_" : " ",
        "PMNTN_RISK" : " ",
        "PMNTN_RECO" : " ",
        "DATA_STDR_" : "2016-12-31",
        "MNTN_ID" : "282370401"
      },
      "geometry" : {
        "paths" : [
          [
            [
              174692.56869999971,
              542663.0393000003
            ],
            [
              174690.03970000055,
              542659.04849999957
            ],
            [
              174689.62390000094,
              542657.82960000075
            ]
          ]
        ]
      }
    },
    {
      "attributes" : {
        "FID" : 32,
        "PMNTN_SN" : 54405,
        "MNTN_CODE" : "282370401",
        "MNTN_NM" : "호명사뒷산",
        "PMNTN_NM" : "부평동구간",
        "PMNTN_MAIN" : " ",
        "PMNTN_LT" : 0,
        "PMNTN_DFFL" : "쉬움",
        "PMNTN_UPPL" : 1,
        "PMNTN_GODN" : 0,
        "PMNTN_MTRQ" : "토사",
        "PMNTN_CNRL" : " ",
        "PMNTN_CLS_" : " ",
        "PMNTN_RISK" : " ",
        "PMNTN_RECO" : " ",
        "DATA_STDR_" : "2016-12-31",
        "MNTN_ID" : "282370401"
      },
      "geometry" : {
        "paths" : [
          [
            [
              174707.76350000128,
              542690.52160000242
            ],
            [
              174708.11480000243,
              542688.93060000241
            ]
          ]
        ]
      }
    },
    {
      "attributes" : {
        "FID" : 33,
        "PMNTN_SN" : 54406,
        "MNTN_CODE" : "282370401",
        "MNTN_NM" : "호명사뒷산",
        "PMNTN_NM" : "부평동구간",
        "PMNTN_MAIN" : " ",
        "PMNTN_LT" : 0.01,
        "PMNTN_DFFL" : "쉬움",
        "PMNTN_UPPL" : 1,
        "PMNTN_GODN" : 0,
        "PMNTN_MTRQ" : "토사",
        "PMNTN_CNRL" : " ",
        "PMNTN_CLS_" : " ",
        "PMNTN_RISK" : " ",
        "PMNTN_RECO" : " ",
        "DATA_STDR_" : "2016-12-31",
        "MNTN_ID" : "282370401"
      },
      "geometry" : {
        "paths" : [
          [
            [
              174704.17659999989,
              542698.41260000132
            ],
            [
              174706.55010000151,
              542693.40050000139
            ],
            [
              174706.61710000318,
              542693.49340000004
            ],
            [
              174707.17950000055,
              542693.16600000113
            ],
            [
              174707.76350000128,
              542690.52160000242
            ]
          ]
        ]
      }
    },
    {
      "attributes" : {
        "FID" : 34,
        "PMNTN_SN" : 54407,
        "MNTN_CODE" : "282370401",
        "MNTN_NM" : "호명사뒷산",
        "PMNTN_NM" : "부평동구간",
        "PMNTN_MAIN" : " ",
        "PMNTN_LT" : 0.02,
        "PMNTN_DFFL" : "쉬움",
        "PMNTN_UPPL" : 1,
        "PMNTN_GODN" : 0,
        "PMNTN_MTRQ" : "토사",
        "PMNTN_CNRL" : " ",
        "PMNTN_CLS_" : " ",
        "PMNTN_RISK" : " ",
        "PMNTN_RECO" : " ",
        "DATA_STDR_" : "2016-12-31",
        "MNTN_ID" : "282370401"
      },
      "geometry" : {
        "paths" : [
          [
            [
              174767.26130000036,
              542743.54590000026
            ],
            [
              174764.56600000151,
              542740.15750000253
            ],
            [
              174761.29340000357,
              542737.88110000081
            ],
            [
              174757.63489999995,
              542732.44339999929
            ],
            [
              174755.36800000258,
              542729.88819999993
            ],
            [
              174752.75509999972,
              542729.22110000066
            ]
          ]
        ]
      }
    },
    {
      "attributes" : {
        "FID" : 35,
        "PMNTN_SN" : 54408,
        "MNTN_CODE" : "282370401",
        "MNTN_NM" : "호명사뒷산",
        "PMNTN_NM" : "부평동구간",
        "PMNTN_MAIN" : " ",
        "PMNTN_LT" : 0.06,
        "PMNTN_DFFL" : "쉬움",
        "PMNTN_UPPL" : 1,
        "PMNTN_GODN" : 1,
        "PMNTN_MTRQ" : "토사",
        "PMNTN_CNRL" : " ",
        "PMNTN_CLS_" : " ",
        "PMNTN_RISK" : " ",
        "PMNTN_RECO" : " ",
        "DATA_STDR_" : "2016-12-31",
        "MNTN_ID" : "282370401"
      },
      "geometry" : {
        "paths" : [
          [
            [
              174752.75509999972,
              542729.22110000066
            ],
            [
              174749.80520000029,
              542730.83970000222
            ],
            [
              174746.73640000075,
              542736.67660000175
            ],
            [
              174741.22229999956,
              542745.86079999991
            ],
            [
              174736.67040000204,
              542751.01290000044
            ],
            [
              174730.09390000254,
              542754.00260000303
            ],
            [
              174724.48580000084,
              542757.98919999972
            ],
            [
              174719.6977000013,
              542764.31090000086
            ],
            [
              174717.6857000012,
              542770.85220000334
            ]
          ]
        ]
      }
    },
    {
      "attributes" : {
        "FID" : 36,
        "PMNTN_SN" : 54409,
        "MNTN_CODE" : "282370401",
        "MNTN_NM" : "호명사뒷산",
        "PMNTN_NM" : "부평동구간",
        "PMNTN_MAIN" : " ",
        "PMNTN_LT" : 0.03,
        "PMNTN_DFFL" : "쉬움",
        "PMNTN_UPPL" : 1,
        "PMNTN_GODN" : 0,
        "PMNTN_MTRQ" : "토사",
        "PMNTN_CNRL" : " ",
        "PMNTN_CLS_" : " ",
        "PMNTN_RISK" : " ",
        "PMNTN_RECO" : " ",
        "DATA_STDR_" : "2016-12-31",
        "MNTN_ID" : "282370401"
      },
      "geometry" : {
        "paths" : [
          [
            [
              174717.6857000012,
              542770.85220000334
            ],
            [
              174712.02919999976,
              542777.29260000028
            ],
            [
              174709.97750000097,
              542777.87160000205
            ],
            [
              174707.49780000094,
              542780.2890000008
            ],
            [
              174708.28310000058,
              542783.76719999872
            ],
            [
              174708.57140000351,
              542787.06589999981
            ],
            [
              174706.72670000419,
              542790.84110000357
            ],
            [
              174701.38190000039,
              542794.70110000111
            ]
          ]
        ]
      }
    },
    {
      "attributes" : {
        "FID" : 37,
        "PMNTN_SN" : 54410,
        "MNTN_CODE" : "282370401",
        "MNTN_NM" : "호명사뒷산",
        "PMNTN_NM" : "부평동구간",
        "PMNTN_MAIN" : " ",
        "PMNTN_LT" : 0.03,
        "PMNTN_DFFL" : "쉬움",
        "PMNTN_UPPL" : 1,
        "PMNTN_GODN" : 0,
        "PMNTN_MTRQ" : "토사",
        "PMNTN_CNRL" : " ",
        "PMNTN_CLS_" : " ",
        "PMNTN_RISK" : " ",
        "PMNTN_RECO" : " ",
        "DATA_STDR_" : "2016-12-31",
        "MNTN_ID" : "282370401"
      },
      "geometry" : {
        "paths" : [
          [
            [
              174768.22470000014,
              542828.60309999995
            ],
            [
              174766.41570000257,
              542826.69580000266
            ],
            [
              174763.42810000293,
              542826.18620000035
            ],
            [
              174759.65619999915,
              542827.36999999918
            ],
            [
              174756.79110000283,
              542829.12099999934
            ],
            [
              174753.9982000012,
              542828.01389999874
            ],
            [
              174752.63680000138,
              542824.49680000171
            ],
            [
              174750.20460000169,
              542821.85290000029
            ],
            [
              174744.59439999983,
              542819.18780000135
            ],
            [
              174740.97530000284,
              542816.68239999749
            ]
          ]
        ]
      }
    },
    {
      "attributes" : {
        "FID" : 38,
        "PMNTN_SN" : 54411,
        "MNTN_CODE" : "282370401",
        "MNTN_NM" : "호명사뒷산",
        "PMNTN_NM" : "부평동구간",
        "PMNTN_MAIN" : " ",
        "PMNTN_LT" : 0.01,
        "PMNTN_DFFL" : "쉬움",
        "PMNTN_UPPL" : 1,
        "PMNTN_GODN" : 0,
        "PMNTN_MTRQ" : "토사",
        "PMNTN_CNRL" : " ",
        "PMNTN_CLS_" : " ",
        "PMNTN_RISK" : " ",
        "PMNTN_RECO" : " ",
        "DATA_STDR_" : "2016-12-31",
        "MNTN_ID" : "282370401"
      },
      "geometry" : {
        "paths" : [
          [
            [
              174675.08280758932,
              542816.70850522816
            ],
            [
              174673.71760000009,
              542813.77510000207
            ],
            [
              174673.50179999974,
              542812.25960000232
            ],
            [
              174673.38840000238,
              542809.09699999914
            ],
            [
              174671.46670000348,
              542805.29830000177
            ]
          ]
        ]
      }
    },
    {
      "attributes" : {
        "FID" : 39,
        "PMNTN_SN" : 54412,
        "MNTN_CODE" : "282370401",
        "MNTN_NM" : "호명사뒷산",
        "PMNTN_NM" : "부평동구간",
        "PMNTN_MAIN" : " ",
        "PMNTN_LT" : 0.01,
        "PMNTN_DFFL" : "쉬움",
        "PMNTN_UPPL" : 1,
        "PMNTN_GODN" : 0,
        "PMNTN_MTRQ" : "토사",
        "PMNTN_CNRL" : " ",
        "PMNTN_CLS_" : " ",
        "PMNTN_RISK" : " ",
        "PMNTN_RECO" : " ",
        "DATA_STDR_" : "2016-12-31",
        "MNTN_ID" : "282370401"
      },
      "geometry" : {
        "paths" : [
          [
            [
              174682.61040000338,
              542809.31519999914
            ],
            [
              174682.19400000013,
              542812.44170000218
            ],
            [
              174675.08280758932,
              542816.70850522816
            ]
          ]
        ]
      }
    },
    {
      "attributes" : {
        "FID" : 40,
        "PMNTN_SN" : 54413,
        "MNTN_CODE" : "282370401",
        "MNTN_NM" : "호명사뒷산",
        "PMNTN_NM" : "부평동구간",
        "PMNTN_MAIN" : " ",
        "PMNTN_LT" : 0.01,
        "PMNTN_DFFL" : "쉬움",
        "PMNTN_UPPL" : 1,
        "PMNTN_GODN" : 0,
        "PMNTN_MTRQ" : "토사",
        "PMNTN_CNRL" : " ",
        "PMNTN_CLS_" : " ",
        "PMNTN_RISK" : " ",
        "PMNTN_RECO" : " ",
        "DATA_STDR_" : "2016-12-31",
        "MNTN_ID" : "282370401"
      },
      "geometry" : {
        "paths" : [
          [
            [
              174678.21090000123,
              542823.42980000004
            ],
            [
              174675.08280758932,
              542816.70850522816
            ]
          ]
        ]
      }
    },
    {
      "attributes" : {
        "FID" : 41,
        "PMNTN_SN" : 54414,
        "MNTN_CODE" : "282370401",
        "MNTN_NM" : "호명사뒷산",
        "PMNTN_NM" : "부평동구간",
        "PMNTN_MAIN" : " ",
        "PMNTN_LT" : 0.04,
        "PMNTN_DFFL" : "쉬움",
        "PMNTN_UPPL" : 1,
        "PMNTN_GODN" : 0,
        "PMNTN_MTRQ" : "토사",
        "PMNTN_CNRL" : " ",
        "PMNTN_CLS_" : " ",
        "PMNTN_RISK" : " ",
        "PMNTN_RECO" : " ",
        "DATA_STDR_" : "2016-12-31",
        "MNTN_ID" : "282370401"
      },
      "geometry" : {
        "paths" : [
          [
            [
              174729.98190000001,
              542874.37540000305
            ],
            [
              174734.85170000419,
              542870.74910000153
            ],
            [
              174738.34300000034,
              542865.76440000162
            ],
            [
              174747.91390000097,
              542860.9693
            ],
            [
              174748.69730000105,
              542860.15760000236
            ],
            [
              174751.71620000061,
              542858.27850000188
            ],
            [
              174757.03580000065,
              542852.34569999948
            ]
          ]
        ]
      }
    },
    {
      "attributes" : {
        "FID" : 42,
        "PMNTN_SN" : 54415,
        "MNTN_CODE" : "282370401",
        "MNTN_NM" : "호명사뒷산",
        "PMNTN_NM" : "부평동구간",
        "PMNTN_MAIN" : " ",
        "PMNTN_LT" : 0.02,
        "PMNTN_DFFL" : "쉬움",
        "PMNTN_UPPL" : 1,
        "PMNTN_GODN" : 0,
        "PMNTN_MTRQ" : "토사",
        "PMNTN_CNRL" : " ",
        "PMNTN_CLS_" : " ",
        "PMNTN_RISK" : " ",
        "PMNTN_RECO" : " ",
        "DATA_STDR_" : "2016-12-31",
        "MNTN_ID" : "282370401"
      },
      "geometry" : {
        "paths" : [
          [
            [
              174785.09669999965,
              542852.819000002
            ],
            [
              174789.74010000285,
              542854.11220000125
            ],
            [
              174792.85830000043,
              542856.20320000127
            ],
            [
              174794.77550000418,
              542860.04220000096
            ],
            [
              174796.99420000054,
              542862.84139999934
            ],
            [
              174803.50119999982,
              542863.34460000135
            ]
          ]
        ]
      }
    },
    {
      "attributes" : {
        "FID" : 43,
        "PMNTN_SN" : 54416,
        "MNTN_CODE" : "282370401",
        "MNTN_NM" : "호명사뒷산",
        "PMNTN_NM" : "부평동구간",
        "PMNTN_MAIN" : " ",
        "PMNTN_LT" : 0.04,
        "PMNTN_DFFL" : "쉬움",
        "PMNTN_UPPL" : 1,
        "PMNTN_GODN" : 0,
        "PMNTN_MTRQ" : "토사",
        "PMNTN_CNRL" : " ",
        "PMNTN_CLS_" : " ",
        "PMNTN_RISK" : " ",
        "PMNTN_RECO" : " ",
        "DATA_STDR_" : "2016-12-31",
        "MNTN_ID" : "282370401"
      },
      "geometry" : {
        "paths" : [
          [
            [
              174705.65440000128,
              542848.31199999899
            ],
            [
              174698.40060000028,
              542844.01160000078
            ],
            [
              174696.77580000088,
              542841.12329999916
            ],
            [
              174688.99480000045,
              542834.8116999995
            ],
            [
              174683.36800000072,
              542829.90750000253
            ],
            [
              174678.21090000123,
              542823.42980000004
            ]
          ]
        ]
      }
    },
    {
      "attributes" : {
        "FID" : 44,
        "PMNTN_SN" : 54417,
        "MNTN_CODE" : "282370401",
        "MNTN_NM" : "호명사뒷산",
        "PMNTN_NM" : "부평동구간",
        "PMNTN_MAIN" : " ",
        "PMNTN_LT" : 0.03,
        "PMNTN_DFFL" : "쉬움",
        "PMNTN_UPPL" : 1,
        "PMNTN_GODN" : 0,
        "PMNTN_MTRQ" : "토사",
        "PMNTN_CNRL" : " ",
        "PMNTN_CLS_" : " ",
        "PMNTN_RISK" : " ",
        "PMNTN_RECO" : " ",
        "DATA_STDR_" : "2016-12-31",
        "MNTN_ID" : "282370401"
      },
      "geometry" : {
        "paths" : [
          [
            [
              174678.21090000123,
              542823.42980000004
            ],
            [
              174678.79690000042,
              542829.58720000274
            ],
            [
              174675.49820000306,
              542841.86700000428
            ],
            [
              174675.70770000108,
              542842.33650000393
            ],
            [
              174676.66359999962,
              542849.1978999991
            ],
            [
              174678.82010000385,
              542853.13220000267
            ]
          ]
        ]
      }
    },
    {
      "attributes" : {
        "FID" : 45,
        "PMNTN_SN" : 54418,
        "MNTN_CODE" : "282370401",
        "MNTN_NM" : "호명사뒷산",
        "PMNTN_NM" : "부평동구간",
        "PMNTN_MAIN" : " ",
        "PMNTN_LT" : 0.03,
        "PMNTN_DFFL" : "쉬움",
        "PMNTN_UPPL" : 1,
        "PMNTN_GODN" : 0,
        "PMNTN_MTRQ" : "토사",
        "PMNTN_CNRL" : " ",
        "PMNTN_CLS_" : " ",
        "PMNTN_RISK" : " ",
        "PMNTN_RECO" : " ",
        "DATA_STDR_" : "2016-12-31",
        "MNTN_ID" : "282370401"
      },
      "geometry" : {
        "paths" : [
          [
            [
              174705.45480000228,
              542889.26740000024
            ],
            [
              174707.27020000014,
              542887.79529999942
            ],
            [
              174708.78419999965,
              542883.53680000268
            ],
            [
              174710.70730000176,
              542881.81900000386
            ],
            [
              174714.3152999999,
              542880.31420000084
            ],
            [
              174722.23379999958,
              542880.38800000213
            ],
            [
              174724.925400001,
              542879.43279999867
            ],
            [
              174728.99950000178,
              542876.9467999991
            ],
            [
              174729.98190000001,
              542874.37540000305
            ]
          ]
        ]
      }
    },
    {
      "attributes" : {
        "FID" : 46,
        "PMNTN_SN" : 54419,
        "MNTN_CODE" : "282370401",
        "MNTN_NM" : "호명사뒷산",
        "PMNTN_NM" : "부평동구간",
        "PMNTN_MAIN" : " ",
        "PMNTN_LT" : 0.01,
        "PMNTN_DFFL" : "쉬움",
        "PMNTN_UPPL" : 1,
        "PMNTN_GODN" : 0,
        "PMNTN_MTRQ" : "토사",
        "PMNTN_CNRL" : " ",
        "PMNTN_CLS_" : " ",
        "PMNTN_RISK" : " ",
        "PMNTN_RECO" : " ",
        "DATA_STDR_" : "2016-12-31",
        "MNTN_ID" : "282370401"
      },
      "geometry" : {
        "paths" : [
          [
            [
              174696.74855213147,
              542880.85947058909
            ],
            [
              174697.79820000008,
              542882.38800000213
            ],
            [
              174701.02650000155,
              542886.71490000375
            ],
            [
              174705.45480000228,
              542889.26740000024
            ]
          ]
        ]
      }
    },
    {
      "attributes" : {
        "FID" : 47,
        "PMNTN_SN" : 54420,
        "MNTN_CODE" : "282370401",
        "MNTN_NM" : "호명사뒷산",
        "PMNTN_NM" : "부평동구간",
        "PMNTN_MAIN" : " ",
        "PMNTN_LT" : 0.02,
        "PMNTN_DFFL" : "쉬움",
        "PMNTN_UPPL" : 1,
        "PMNTN_GODN" : 0,
        "PMNTN_MTRQ" : "토사",
        "PMNTN_CNRL" : " ",
        "PMNTN_CLS_" : " ",
        "PMNTN_RISK" : " ",
        "PMNTN_RECO" : " ",
        "DATA_STDR_" : "2016-12-31",
        "MNTN_ID" : "282370401"
      },
      "geometry" : {
        "paths" : [
          [
            [
              174696.74855213147,
              542880.85947058909
            ],
            [
              174692.50179999974,
              542883.75290000252
            ],
            [
              174690.61529999971,
              542884.59429999813
            ],
            [
              174687.47460000403,
              542890.06320000254
            ],
            [
              174687.24200000148,
              542891.35010000691
            ],
            [
              174686.81549999956,
              542892.68999999948
            ],
            [
              174684.23110000324,
              542894.78940000199
            ],
            [
              174681.97710306849,
              542896.76743988693
            ]
          ]
        ]
      }
    }
  ]
}