{
  "displayFieldName" : "",
  "fieldAliases" : {
    "FID" : "FID",
    "PMNTN_SN" : "PMNTN_SN",
    "MNTN_CODE" : "MNTN_CODE",
    "MNTN_NM" : "MNTN_NM",
    "PMNTN_NM" : "PMNTN_NM",
    "PMNTN_MAIN" : "PMNTN_MAIN",
    "PMNTN_LT" : "PMNTN_LT",
    "PMNTN_DFFL" : "PMNTN_DFFL",
    "PMNTN_UPPL" : "PMNTN_UPPL",
    "PMNTN_GODN" : "PMNTN_GODN",
    "PMNTN_MTRQ" : "PMNTN_MTRQ",
    "PMNTN_CNRL" : "PMNTN_CNRL",
    "PMNTN_CLS_" : "PMNTN_CLS_",
    "PMNTN_RISK" : "PMNTN_RISK",
    "PMNTN_RECO" : "PMNTN_RECO",
    "DATA_STDR_" : "DATA_STDR_",
    "MNTN_ID" : "MNTN_ID"
  },
  "geometryType" : "esriGeometryPolyline",
  "spatialReference" : {
    "wkt" : "PROJCS[\"PCS_ITRF2000_TM\",GEOGCS[\"GCS_ITRF_2000\",DATUM[\"D_ITRF_2000\",SPHEROID[\"GRS_1980\",6378137.0,298.257222101]],PRIMEM[\"Greenwich\",0.0],UNIT[\"Degree\",0.0174532925199433]],PROJECTION[\"Transverse_Mercator\"],PARAMETER[\"False_Easting\",200000.0],PARAMETER[\"False_Northing\",600000.0],PARAMETER[\"Central_Meridian\",127.0],PARAMETER[\"Scale_Factor\",1.0],PARAMETER[\"Latitude_Of_Origin\",38.0],UNIT[\"Meter\",1.0]]"
  },
  "fields" : [
    {
      "name" : "FID",
      "type" : "esriFieldTypeOID",
      "alias" : "FID"
    },
    {
      "name" : "PMNTN_SN",
      "type" : "esriFieldTypeDouble",
      "alias" : "PMNTN_SN"
    },
    {
      "name" : "MNTN_CODE",
      "type" : "esriFieldTypeString",
      "alias" : "MNTN_CODE",
      "length" : 9
    },
    {
      "name" : "MNTN_NM",
      "type" : "esriFieldTypeString",
      "alias" : "MNTN_NM",
      "length" : 50
    },
    {
      "name" : "PMNTN_NM",
      "type" : "esriFieldTypeString",
      "alias" : "PMNTN_NM",
      "length" : 50
    },
    {
      "name" : "PMNTN_MAIN",
      "type" : "esriFieldTypeString",
      "alias" : "PMNTN_MAIN",
      "length" : 200
    },
    {
      "name" : "PMNTN_LT",
      "type" : "esriFieldTypeSingle",
      "alias" : "PMNTN_LT"
    },
    {
      "name" : "PMNTN_DFFL",
      "type" : "esriFieldTypeString",
      "alias" : "PMNTN_DFFL",
      "length" : 8
    },
    {
      "name" : "PMNTN_UPPL",
      "type" : "esriFieldTypeDouble",
      "alias" : "PMNTN_UPPL"
    },
    {
      "name" : "PMNTN_GODN",
      "type" : "esriFieldTypeDouble",
      "alias" : "PMNTN_GODN"
    },
    {
      "name" : "PMNTN_MTRQ",
      "type" : "esriFieldTypeString",
      "alias" : "PMNTN_MTRQ",
      "length" : 200
    },
    {
      "name" : "PMNTN_CNRL",
      "type" : "esriFieldTypeString",
      "alias" : "PMNTN_CNRL",
      "length" : 1
    },
    {
      "name" : "PMNTN_CLS_",
      "type" : "esriFieldTypeString",
      "alias" : "PMNTN_CLS_",
      "length" : 1
    },
    {
      "name" : "PMNTN_RISK",
      "type" : "esriFieldTypeString",
      "alias" : "PMNTN_RISK",
      "length" : 200
    },
    {
      "name" : "PMNTN_RECO",
      "type" : "esriFieldTypeString",
      "alias" : "PMNTN_RECO",
      "length" : 1
    },
    {
      "name" : "DATA_STDR_",
      "type" : "esriFieldTypeString",
      "alias" : "DATA_STDR_",
      "length" : 10
    },
    {
      "name" : "MNTN_ID",
      "type" : "esriFieldTypeString",
      "alias" : "MNTN_ID",
      "length" : 10
    }
  ],
  "features" : [
    {
      "attributes" : {
        "FID" : 0,
        "PMNTN_SN" : 54233,
        "MNTN_CODE" : "418305101",
        "MNTN_NM" : "형제봉",
        "PMNTN_NM" : "도곡리구간",
        "PMNTN_MAIN" : " ",
        "PMNTN_LT" : 4.12,
        "PMNTN_DFFL" : "쉬움",
        "PMNTN_UPPL" : 155,
        "PMNTN_GODN" : 108,
        "PMNTN_MTRQ" : " ",
        "PMNTN_CNRL" : " ",
        "PMNTN_CLS_" : " ",
        "PMNTN_RISK" : " ",
        "PMNTN_RECO" : " ",
        "DATA_STDR_" : "2016-12-31",
        "MNTN_ID" : "418305101"
      },
      "geometry" : {
        "paths" : [
          [
            [
              235632.78720000107,
              550524.09720000252
            ],
            [
              235632.21090000123,
              550518.93040000089
            ],
            [
              235628.04119999986,
              550515.29060000181
            ],
            [
              235623.89130000118,
              550508.80630000308
            ],
            [
              235622.21160000376,
              550501.46360000223
            ],
            [
              235621.84010000061,
              550495.55819999985
            ],
            [
              235622.70610000007,
              550489.00940000266
            ],
            [
              235624.05080000218,
              550481.74070000276
            ],
            [
              235630.33139999956,
              550472.24930000119
            ],
            [
              235632.24969999958,
              550466.76510000043
            ],
            [
              235630.81489999872,
              550462.08970000036
            ],
            [
              235628.40460000001,
              550457.59180000052
            ],
            [
              235628.89910000097,
              550454.33129999973
            ],
            [
              235630.22819999978,
              550450.41599999927
            ],
            [
              235629.55460000038,
              550446.6259000022
            ],
            [
              235626.83829999994,
              550444.1759000048
            ],
            [
              235622.56280000135,
              550440.19290000014
            ],
            [
              235621.50720000267,
              550435.00870000198
            ],
            [
              235621.39450000133,
              550434.64829999954
            ],
            [
              235622.4841999989,
              550428.67320000194
            ],
            [
              235623.36760000046,
              550422.47270000167
            ],
            [
              235621.85160000063,
              550411.71070000343
            ],
            [
              235621.99550000019,
              550405.28870000131
            ],
            [
              235619.22290000133,
              550398.40369999968
            ],
            [
              235611.25230000354,
              550373.77990000322
            ],
            [
              235607.50510000158,
              550362.3116999995
            ],
            [
              235606.2659,
              550352.71150000021
            ],
            [
              235606.34010000154,
              550341.49389999919
            ],
            [
              235603.03230000287,
              550337.47750000097
            ],
            [
              235596.04440000374,
              550335.15920000337
            ],
            [
              235591.19529999979,
              550334.74390000105
            ],
            [
              235589.92750000209,
              550329.36720000207
            ],
            [
              235591.64070000313,
              550321.97820000164
            ],
            [
              235590.75800000038,
              550314.59620000422
            ],
            [
              235588.73160000052,
              550307.02329999954
            ],
            [
              235582.49729999993,
              550302.78270000778
            ],
            [
              235577.175400001,
              550295.78240000457
            ],
            [
              235572.75980000384,
              550288.66550000198
            ],
            [
              235572.26250000298,
              550282.36759999953
            ],
            [
              235571.17609999888,
              550274.55440000258
            ],
            [
              235567.41040000413,
              550268.47929999977
            ],
            [
              235554.92050000373,
              550263.9653000012
            ],
            [
              235544.78870000131,
              550257.91470000148
            ],
            [
              235539.25920000114,
              550253.18630000204
            ],
            [
              235532.06989999954,
              550251.24810000136
            ],
            [
              235532.67270000372,
              550243.60390000232
            ],
            [
              235532.82230000198,
              550229.7116000019
            ],
            [
              235528.1370000029,
              550227.52230000123
            ],
            [
              235521.9477000013,
              550219.72080000117
            ],
            [
              235504.06070000213,
              550173.76380000077
            ],
            [
              235483.05439999979,
              550111.23140000366
            ],
            [
              235485.61600000039,
              550102.0314000044
            ],
            [
              235485.96700000111,
              550096.09520000219
            ],
            [
              235483.97960000113,
              550089.42500000075
            ],
            [
              235476.62090000138,
              550087.33440000005
            ],
            [
              235469.57579999883,
              550079.25550000183
            ],
            [
              235468.58250000142,
              550072.92139999941
            ],
            [
              235468.01430000365,
              550055.55169999972
            ],
            [
              235467.39030000381,
              550049.84829999879
            ],
            [
              235466.79650000297,
              550043.51770000346
            ],
            [
              235466.30020000227,
              550038.22599999979
            ],
            [
              235455.7137000002,
              550000.32069999911
            ],
            [
              235452.78790000174,
              549987.91039999947
            ],
            [
              235452.75239999965,
              549982.83570000157
            ],
            [
              235449.56960000005,
              549977.83510000259
            ],
            [
              235444.29640000127,
              549973.67760000192
            ],
            [
              235442.64600000251,
              549970.91110000387
            ],
            [
              235444.56870000064,
              549965.4824000001
            ],
            [
              235447.26950000413,
              549958.8871000018
            ],
            [
              235443.45010000281,
              549938.79910000227
            ],
            [
              235442.59910000209,
              549926.66830000095
            ],
            [
              235441.7453000024,
              549921.82279999927
            ],
            [
              235436.57060000207,
              549916.50349999778
            ],
            [
              235436.74050000031,
              549911.53830000013
            ],
            [
              235438.8561000023,
              549904.25360000134
            ],
            [
              235438.19360000268,
              549899.27160000056
            ],
            [
              235437.81720000133,
              549893.30719999969
            ],
            [
              235437.54790000338,
              549887.7656000033
            ],
            [
              235435.59040000383,
              549880.23790000379
            ],
            [
              235435.83660000097,
              549871.38639999926
            ],
            [
              235439.22460000124,
              549834.51889999956
            ],
            [
              235445.23700000346,
              549803.35610000417
            ],
            [
              235451.84030000307,
              549764.99520000257
            ],
            [
              235453.61640000064,
              549747.21610000171
            ],
            [
              235437.39850000292,
              549721.18180000037
            ],
            [
              235431.46200000029,
              549701.81440000422
            ],
            [
              235421.03240000177,
              549691.33740000241
            ],
            [
              235411.39030000195,
              549683.19449999928
            ],
            [
              235402.05580000114,
              549678.50410000049
            ],
            [
              235397.60649999976,
              549668.77070000209
            ],
            [
              235393.45720000006,
              549660.16349999979
            ],
            [
              235384.54980000108,
              549649.94270000048
            ],
            [
              235375.96180000156,
              549643.00430000015
            ],
            [
              235364.3731000023,
              549637.04900000058
            ],
            [
              235357.59660000075,
              549631.87750000507
            ],
            [
              235347.02259999979,
              549627.94730000198
            ],
            [
              235327.54420000128,
              549621.45450000465
            ],
            [
              235268.20490000118,
              549599.76899999753
            ],
            [
              235229.95740000159,
              549571.83520000242
            ],
            [
              235224.24330000207,
              549564.64299999923
            ],
            [
              235221.26080000307,
              549558.45219999924
            ],
            [
              235220.68190000299,
              549546.16730000451
            ],
            [
              235213.80530000292,
              549541.2920000013
            ],
            [
              235198.47180000134,
              549528.4450000003
            ],
            [
              235197.07540000416,
              549521.45040000044
            ],
            [
              235197.62010000087,
              549512.33610000275
            ],
            [
              235204.75290000346,
              549504.92889999971
            ],
            [
              235201.57460000087,
              549498.33330000006
            ],
            [
              235205.03070000093,
              549483.84959999844
            ],
            [
              235213.34380000085,
              549475.19180000015
            ],
            [
              235220.92590000015,
              549465.13159999996
            ],
            [
              235248.34400000051,
              549419.93710000068
            ],
            [
              235271.31080000196,
              549399.41300000064
            ],
            [
              235279.45610000007,
              549385.70810000598
            ],
            [
              235288.61550000031,
              549372.11530000344
            ],
            [
              235306.17860000115,
              549356.90080000088
            ],
            [
              235310.06570000015,
              549349.35110000335
            ],
            [
              235316.3944000015,
              549341.96920000203
            ],
            [
              235324.62830000184,
              549334.82719999924
            ],
            [
              235336.62550000008,
              549326.78050000034
            ],
            [
              235341.15230000205,
              549319.91750000231
            ],
            [
              235346.99670000281,
              549308.62189999968
            ],
            [
              235349.01330000069,
              549298.90340000018
            ],
            [
              235353.22310000192,
              549290.59180000238
            ],
            [
              235357.36150000151,
              549280.27649999969
            ],
            [
              235360.87030000146,
              549277.56369999982
            ],
            [
              235361.57200000063,
              549272.01450000145
            ],
            [
              235357.72599999979,
              549264.31360000186
            ],
            [
              235349.66340000089,
              549254.46170000173
            ],
            [
              235340.16850000061,
              549251.66050000116
            ],
            [
              235332.74630000256,
              549248.52470000461
            ],
            [
              235325.71750000119,
              549246.19520000368
            ],
            [
              235318.63779999968,
              549240.52329999767
            ],
            [
              235304.16900000069,
              549238.45299999975
            ],
            [
              235292.40020000096,
              549237.66469999962
            ],
            [
              235280.82120000198,
              549232.94100000151
            ],
            [
              235267.07259999961,
              549218.37810000032
            ],
            [
              235260.5493999999,
              549213.98000000231
            ],
            [
              235247.1788000036,
              549214.6892999988
            ],
            [
              235238.19610000215,
              549208.41719999723
            ],
            [
              235219.98360000271,
              549194.77900000103
            ],
            [
              235208.36450000107,
              549186.24160000123
            ],
            [
              235194.81600000057,
              549181.92730000056
            ],
            [
              235185.50860000309,
              549177.12270000204
            ],
            [
              235172.93720000237,
              549174.04140000232
            ],
            [
              235163.7611000007,
              549168.76680000126
            ],
            [
              235155.85100000259,
              549160.95800000243
            ],
            [
              235150.82970000058,
              549151.720900001
            ],
            [
              235147.88190000039,
              549136.12710000016
            ],
            [
              235147.23360000085,
              549127.69399999827
            ],
            [
              235143.86890000105,
              549113.82510000095
            ],
            [
              235141.1696999995,
              549102.08850000054
            ],
            [
              235140.62350000069,
              549096.36630000547
            ],
            [
              235140.80539999902,
              549088.21150000393
            ],
            [
              235142.46130000055,
              549081.57290000096
            ],
            [
              235146.09180000238,
              549077.82599999942
            ],
            [
              235151.81990000047,
              549070.91710000113
            ],
            [
              235154.69830000214,
              549062.61270000041
            ],
            [
              235150.90720000025,
              549055.68270000257
            ],
            [
              235145.59790000133,
              549045.76040000096
            ],
            [
              235130.64220000245,
              549025.92910000123
            ],
            [
              235123.04310000315,
              549018.7909000013
            ],
            [
              235120.26400000043,
              548993.86100000143
            ],
            [
              235123.22319999896,
              548984.91899999976
            ],
            [
              235120.84200000204,
              548976.61810000241
            ],
            [
              235124.33820000198,
              548970.66770000197
            ],
            [
              235129.67020000145,
              548958.34809999727
            ],
            [
              235128.00119999982,
              548945.76209999993
            ],
            [
              235133.77360000182,
              548932.51149999909
            ],
            [
              235139.30910000298,
              548917.33889999986
            ],
            [
              235144.30310000107,
              548906.38340000063
            ],
            [
              235146.01549999975,
              548897.73579999991
            ],
            [
              235144.24250000063,
              548889.85040000081
            ],
            [
              235141.54870000202,
              548879.71949999966
            ],
            [
              235139.68490000255,
              548874.5839000009
            ],
            [
              235138.89920000173,
              548870.17639999837
            ],
            [
              235136.92710000183,
              548860.92230000161
            ],
            [
              235134.22800000198,
              548851.25899999961
            ],
            [
              235132.48420000076,
              548841.12519999966
            ],
            [
              235129.12540000118,
              548823.67470000125
            ],
            [
              235135.93290000036,
              548792.49390000291
            ],
            [
              235138.364500002,
              548787.4143000003
            ],
            [
              235136.81060000136,
              548784.84280000068
            ],
            [
              235132.90530000348,
              548779.56049999967
            ],
            [
              235128.95340000093,
              548772.9143000003
            ],
            [
              235132.01870000083,
              548765.73020000011
            ],
            [
              235131.02529999986,
              548763.27930000052
            ],
            [
              235135.17470000032,
              548760.35860000178
            ],
            [
              235145.80840000138,
              548749.0735000018
            ],
            [
              235146.77290000115,
              548746.5251000002
            ],
            [
              235149.95770000014,
              548743.51129999943
            ],
            [
              235158.87670000084,
              548739.18120000139
            ],
            [
              235161.68959999923,
              548732.89310000092
            ],
            [
              235159.27010000031,
              548722.47340000048
            ],
            [
              235151.05860000383,
              548724.36860000156
            ],
            [
              235148.69259999879,
              548720.77820000052
            ],
            [
              235146.98560000118,
              548716.224700002
            ],
            [
              235148.72430000268,
              548707.94650000148
            ],
            [
              235159.32050000131,
              548704.10689999908
            ],
            [
              235174.71370000299,
              548697.95760000125
            ],
            [
              235181.75250000134,
              548691.5289000012
            ],
            [
              235186.37040000129,
              548685.80190000683
            ],
            [
              235184.36240000185,
              548678.44759999961
            ],
            [
              235182.75229999982,
              548668.83449999988
            ],
            [
              235175.86830000393,
              548656.52999999933
            ],
            [
              235174.79070000257,
              548649.62250000238
            ],
            [
              235167.32969999965,
              548627.4579000026
            ],
            [
              235161.86520000268,
              548600.43700000271
            ],
            [
              235157.40360000078,
              548574.22000000067
            ],
            [
              235154.2778000012,
              548560.33819999918
            ],
            [
              235144.38730000053,
              548510.58690000139
            ],
            [
              235143.73860000167,
              548503.67430000193
            ],
            [
              235139.69800000358,
              548494.13420000114
            ],
            [
              235140.51680000033,
              548482.10570000112
            ],
            [
              235138.64100000169,
              548476.40919999965
            ],
            [
              235143.07900000084,
              548460.02240000293
            ],
            [
              235142.80140000302,
              548452.33760000207
            ],
            [
              235141.17410000041,
              548441.92550000176
            ],
            [
              235138.5203999998,
              548426.12719999999
            ],
            [
              235130.54160000011,
              548410.89420000277
            ],
            [
              235138.27940000407,
              548359.74070000462
            ],
            [
              235144.5708999997,
              548335.23420000263
            ],
            [
              235147.02450000029,
              548329.7816000022
            ],
            [
              235148.07169999927,
              548321.93390000425
            ],
            [
              235151.4626000002,
              548306.58320000209
            ],
            [
              235156.63960000034,
              548290.7731999997
            ],
            [
              235157.94180000015,
              548277.49690000154
            ],
            [
              235158.39699999988,
              548264.81499999948
            ],
            [
              235158.29870000109,
              548255.06000000238
            ],
            [
              235158.62880000379,
              548249.40350000001
            ],
            [
              235156.79400000069,
              548244.28440000117
            ],
            [
              235141.23860000074,
              548243.64630000107
            ],
            [
              235130.3880000012,
              548239.1780000031
            ],
            [
              235118.7823000038,
              548236.58049999923
            ],
            [
              235103.49000000022,
              548233.41420000046
            ],
            [
              235091.02020000294,
              548222.68790000305
            ],
            [
              235076.18130000308,
              548226.14420000091
            ],
            [
              235065.42600000277,
              548223.68280000426
            ],
            [
              235059.4989000028,
              548221.95800000429
            ],
            [
              235051.13230000343,
              548220.32070000097
            ],
            [
              235036.66420000046,
              548214.14890000224
            ],
            [
              235018.03729999997,
              548206.30379999988
            ],
            [
              235013.65820000228,
              548200.73619999923
            ],
            [
              235018.89140000194,
              548183.98410000093
            ],
            [
              235023.03749999963,
              548169.28120000288
            ],
            [
              235027.04110000096,
              548155.417600004
            ],
            [
              235032.521300002,
              548142.91559999995
            ],
            [
              235046.67480000015,
              548135.25379999913
            ],
            [
              235054.47730000224,
              548124.82679999992
            ],
            [
              235062.61510000005,
              548114.2936000023
            ],
            [
              235066.98470000271,
              548105.66940000094
            ],
            [
              235066.67860000115,
              548090.56480000168
            ],
            [
              235068.02820000239,
              548073.95390000008
            ],
            [
              235071.26310000196,
              548064.44849999994
            ],
            [
              235079.42650000378,
              548041.57100000046
            ],
            [
              235077.9916000003,
              548026.06049999967
            ],
            [
              235081.51150000188,
              548018.52110000327
            ],
            [
              235080.63480000291,
              548011.98630000278
            ],
            [
              235078.51780000236,
              548002.34119999968
            ],
            [
              235075.21720000077,
              547990.03649999946
            ],
            [
              235063.48550000135,
              547983.91560000181
            ],
            [
              235040.11830000021,
              547965.65990000032
            ],
            [
              235027.37110000011,
              547955.99310000055
            ],
            [
              235002.99409999885,
              547927.06660000049
            ],
            [
              235005.25700000022,
              547921.18290000223
            ],
            [
              235012.71089999937,
              547912.5792000033
            ],
            [
              235015.06310000084,
              547904.71749999933
            ],
            [
              235018.0435000034,
              547895.89980000257
            ],
            [
              235027.76989999972,
              547884.61690000817
            ],
            [
              235040.81330000237,
              547877.41200000048
            ],
            [
              235047.64879999962,
              547866.33339999989
            ],
            [
              235056.09360000119,
              547866.02580000274
            ],
            [
              235057.93520000018,
              547858.3673000019
            ],
            [
              235059.40050000045,
              547850.32609999925
            ],
            [
              235058.11459999997,
              547836.54719999991
            ],
            [
              235057.92550000083,
              547826.03580000252
            ],
            [
              235056.74700000137,
              547819.46460000053
            ],
            [
              235052.35570000298,
              547811.70940000005
            ],
            [
              235051.89530000184,
              547802.01019999944
            ],
            [
              235053.62669999991,
              547796.37079999968
            ],
            [
              235058.41320000123,
              547791.07870000042
            ],
            [
              235061.0717000002,
              547783.38260000385
            ],
            [
              235067.89060000051,
              547770.09850000218
            ],
            [
              235073.35319999978,
              547750.38829999976
            ],
            [
              235076.28770000208,
              547735.74870000035
            ],
            [
              235079.56470000092,
              547724.95360000245
            ],
            [
              235083.88800000027,
              547713.39919999987
            ],
            [
              235090.61290000193,
              547696.08990000188
            ],
            [
              235095.00940000173,
              547671.58250000142
            ],
            [
              235085.57510000002,
              547640.60220000334
            ],
            [
              235081.38270000089,
              547626.71470000222
            ],
            [
              235076.10400000028,
              547616.24750000238
            ],
            [
              235076.46700000111,
              547602.43030000106
            ],
            [
              235085.86430000048,
              547586.20940000191
            ],
            [
              235095.25680000056,
              547580.06000000238
            ],
            [
              235105.52290000021,
              547579.55740000121
            ],
            [
              235111.24380000308,
              547572.99300000072
            ],
            [
              235117.99270000029,
              547559.94990000129
            ],
            [
              235119.39279999956,
              547550.92380000092
            ],
            [
              235120.70380000025,
              547536.95120000094
            ],
            [
              235114.53360000066,
              547525.98630000278
            ],
            [
              235098.07370000053,
              547503.36420000345
            ],
            [
              235088.20050000306,
              547488.75330000184
            ],
            [
              235083.07949999906,
              547476.49200000241
            ],
            [
              235083.75050000194,
              547465.61339999922
            ],
            [
              235072.09759999998,
              547439.72329999879
            ],
            [
              235068.55540000368,
              547431.46690000407
            ],
            [
              235068.29810000397,
              547428.24840000086
            ],
            [
              235074.51460000034,
              547430.11370000243
            ],
            [
              235083.21990000177,
              547428.29079999775
            ],
            [
              235102.94779999927,
              547420.16089999862
            ],
            [
              235112.04790000152,
              547415.8423999995
            ],
            [
              235116.56130000111,
              547412.23409999907
            ],
            [
              235121.4523,
              547401.61199999973
            ],
            [
              235121.08940000087,
              547395.53420000151
            ],
            [
              235122.86960000172,
              547393.08910000138
            ],
            [
              235129.56120000221,
              547392.28390000202
            ],
            [
              235134.07490000129,
              547386.34539999999
            ],
            [
              235140.09180000238,
              547382.5700000003
            ],
            [
              235141.86780000106,
              547379.05240000412
            ],
            [
              235147.70560000278,
              547370.67520000227
            ],
            [
              235153.63900000136,
              547363.66740000062
            ],
            [
              235150.34680000041,
              547362.53370000049
            ],
            [
              235148.10360000283,
              547359.65390000306
            ],
            [
              235148.87250000238,
              547356.4980000034
            ],
            [
              235156.74050000124,
              547344.74470000342
            ],
            [
              235162.65039999969,
              547336.51030000113
            ],
            [
              235167.99380000029,
              547333.04529999942
            ],
            [
              235170.92870000191,
              547330.14140000381
            ],
            [
              235169.88890000246,
              547324.0110000018
            ],
            [
              235170.12150000129,
              547312.87870000117
            ],
            [
              235167.87119999994,
              547309.3497999981
            ],
            [
              235152.15500000119,
              547310.34919999912
            ],
            [
              235149.48320000153,
              547305.51800000109
            ],
            [
              235141.51970000379,
              547298.80189999938
            ],
            [
              235137.55280000158,
              547292.64820000157
            ],
            [
              235131.20900000073,
              547282.21550000086
            ],
            [
              235127.52319999877,
              547275.52800000086
            ],
            [
              235124.10589999985,
              547272.40350000001
            ],
            [
              235119.28849999886,
              547267.48699999973
            ],
            [
              235115.59229999967,
              547263.87549999729
            ],
            [
              235112.14329999965,
              547257.31680000015
            ],
            [
              235108.19060000032,
              547248.49670000002
            ]
          ]
        ]
      }
    }
  ]
}