{
  "displayFieldName" : "",
  "fieldAliases" : {
    "FID" : "FID",
    "PMNTN_SPOT" : "PMNTN_SPOT",
    "MNTN_CODE" : "MNTN_CODE",
    "MANAGE_SP1" : "MANAGE_SP1",
    "MANAGE_SP2" : "MANAGE_SP2",
    "DETAIL_SPO" : "DETAIL_SPO",
    "ETC_MATTER" : "ETC_MATTER",
    "MNTN_NM" : "MNTN_NM",
    "PAST_SPOT_" : "PAST_SPOT_",
    "MNTN_ID" : "MNTN_ID"
  },
  "geometryType" : "esriGeometryPoint",
  "spatialReference" : {
    "wkt" : "PROJCS[\"PCS_ITRF2000_TM\",GEOGCS[\"GCS_ITRF_2000\",DATUM[\"D_ITRF_2000\",SPHEROID[\"GRS_1980\",6378137.0,298.257222101]],PRIMEM[\"Greenwich\",0.0],UNIT[\"Degree\",0.0174532925199433]],PROJECTION[\"Transverse_Mercator\"],PARAMETER[\"False_Easting\",200000.0],PARAMETER[\"False_Northing\",600000.0],PARAMETER[\"Central_Meridian\",127.0],PARAMETER[\"Scale_Factor\",1.0],PARAMETER[\"Latitude_Of_Origin\",38.0],UNIT[\"Meter\",1.0]]"
  },
  "fields" : [
    {
      "name" : "FID",
      "type" : "esriFieldTypeOID",
      "alias" : "FID"
    },
    {
      "name" : "PMNTN_SPOT",
      "type" : "esriFieldTypeDouble",
      "alias" : "PMNTN_SPOT"
    },
    {
      "name" : "MNTN_CODE",
      "type" : "esriFieldTypeString",
      "alias" : "MNTN_CODE",
      "length" : 9
    },
    {
      "name" : "MANAGE_SP1",
      "type" : "esriFieldTypeString",
      "alias" : "MANAGE_SP1",
      "length" : 2
    },
    {
      "name" : "MANAGE_SP2",
      "type" : "esriFieldTypeString",
      "alias" : "MANAGE_SP2",
      "length" : 50
    },
    {
      "name" : "DETAIL_SPO",
      "type" : "esriFieldTypeString",
      "alias" : "DETAIL_SPO",
      "length" : 200
    },
    {
      "name" : "ETC_MATTER",
      "type" : "esriFieldTypeString",
      "alias" : "ETC_MATTER",
      "length" : 200
    },
    {
      "name" : "MNTN_NM",
      "type" : "esriFieldTypeString",
      "alias" : "MNTN_NM",
      "length" : 50
    },
    {
      "name" : "PAST_SPOT_",
      "type" : "esriFieldTypeString",
      "alias" : "PAST_SPOT_",
      "length" : 14
    },
    {
      "name" : "MNTN_ID",
      "type" : "esriFieldTypeString",
      "alias" : "MNTN_ID",
      "length" : 10
    }
  ],
  "features" : [
    {
      "attributes" : {
        "FID" : 0,
        "PMNTN_SPOT" : 54125,
        "MNTN_CODE" : "447301201",
        "MANAGE_SP1" : "99",
        "MANAGE_SP2" : "기타",
        "DETAIL_SPO" : "송학사",
        "ETC_MATTER" : " ",
        "MNTN_NM" : "송학산",
        "PAST_SPOT_" : "4473012010001",
        "MNTN_ID" : "447301201"
      },
      "geometry" : {
        "x" : 223187.52300000098,
        "y" : 450581.36240000091
      }
    },
    {
      "attributes" : {
        "FID" : 1,
        "PMNTN_SPOT" : 54126,
        "MNTN_CODE" : "447301201",
        "MANAGE_SP1" : "99",
        "MANAGE_SP2" : "기타",
        "DETAIL_SPO" : "전경",
        "ETC_MATTER" : " ",
        "MNTN_NM" : "송학산",
        "PAST_SPOT_" : "4473012010002",
        "MNTN_ID" : "447301201"
      },
      "geometry" : {
        "x" : 223192.3386000013,
        "y" : 450557.69349999912
      }
    },
    {
      "attributes" : {
        "FID" : 2,
        "PMNTN_SPOT" : 54127,
        "MNTN_CODE" : "447301201",
        "MANAGE_SP1" : "99",
        "MANAGE_SP2" : "기타",
        "DETAIL_SPO" : "전경",
        "ETC_MATTER" : " ",
        "MNTN_NM" : "송학산",
        "PAST_SPOT_" : "4473012010003",
        "MNTN_ID" : "447301201"
      },
      "geometry" : {
        "x" : 223145.25710000098,
        "y" : 450482.59560000151
      }
    },
    {
      "attributes" : {
        "FID" : 3,
        "PMNTN_SPOT" : 54128,
        "MNTN_CODE" : "447301201",
        "MANAGE_SP1" : "12",
        "MANAGE_SP2" : "위험지역",
        "DETAIL_SPO" : "위험지역",
        "ETC_MATTER" : " ",
        "MNTN_NM" : "송학산",
        "PAST_SPOT_" : "4473012010004",
        "MNTN_ID" : "447301201"
      },
      "geometry" : {
        "x" : 223031.09700000007,
        "y" : 450253.51590000093
      }
    },
    {
      "attributes" : {
        "FID" : 4,
        "PMNTN_SPOT" : 54129,
        "MNTN_CODE" : "447301201",
        "MANAGE_SP1" : "99",
        "MANAGE_SP2" : "기타",
        "DETAIL_SPO" : "전경",
        "ETC_MATTER" : " ",
        "MNTN_NM" : "송학산",
        "PAST_SPOT_" : "4473012010005",
        "MNTN_ID" : "447301201"
      },
      "geometry" : {
        "x" : 222972.92559999973,
        "y" : 450201.43860000186
      }
    },
    {
      "attributes" : {
        "FID" : 5,
        "PMNTN_SPOT" : 54130,
        "MNTN_CODE" : "447301201",
        "MANAGE_SP1" : "23",
        "MANAGE_SP2" : "정상",
        "DETAIL_SPO" : "정상부",
        "ETC_MATTER" : " ",
        "MNTN_NM" : "송학산",
        "PAST_SPOT_" : "4473012010006",
        "MNTN_ID" : "447301201"
      },
      "geometry" : {
        "x" : 222948.26929999888,
        "y" : 450166.97540000267
      }
    },
    {
      "attributes" : {
        "FID" : 6,
        "PMNTN_SPOT" : 54131,
        "MNTN_CODE" : "447301201",
        "MANAGE_SP1" : "23",
        "MANAGE_SP2" : "정상",
        "DETAIL_SPO" : "정상부",
        "ETC_MATTER" : " ",
        "MNTN_NM" : "송학산",
        "PAST_SPOT_" : "4473012010007",
        "MNTN_ID" : "447301201"
      },
      "geometry" : {
        "x" : 222951.47329999879,
        "y" : 450109.56530000456
      }
    },
    {
      "attributes" : {
        "FID" : 7,
        "PMNTN_SPOT" : 54132,
        "MNTN_CODE" : "447301201",
        "MANAGE_SP1" : "99",
        "MANAGE_SP2" : "기타",
        "DETAIL_SPO" : "전경",
        "ETC_MATTER" : " ",
        "MNTN_NM" : "송학산",
        "PAST_SPOT_" : "4473012010008",
        "MNTN_ID" : "447301201"
      },
      "geometry" : {
        "x" : 222772.53330000117,
        "y" : 449929.6519000046
      }
    },
    {
      "attributes" : {
        "FID" : 8,
        "PMNTN_SPOT" : 54133,
        "MNTN_CODE" : "447301201",
        "MANAGE_SP1" : "99",
        "MANAGE_SP2" : "기타",
        "DETAIL_SPO" : "전경",
        "ETC_MATTER" : " ",
        "MNTN_NM" : "송학산",
        "PAST_SPOT_" : "4473012010009",
        "MNTN_ID" : "447301201"
      },
      "geometry" : {
        "x" : 222756.13009999879,
        "y" : 449930.9849999994
      }
    },
    {
      "attributes" : {
        "FID" : 9,
        "PMNTN_SPOT" : 54134,
        "MNTN_CODE" : "447301201",
        "MANAGE_SP1" : "99",
        "MANAGE_SP2" : "기타",
        "DETAIL_SPO" : "전경",
        "ETC_MATTER" : " ",
        "MNTN_NM" : "송학산",
        "PAST_SPOT_" : "4473012010010",
        "MNTN_ID" : "447301201"
      },
      "geometry" : {
        "x" : 222705.87039999943,
        "y" : 449867.39660000056
      }
    },
    {
      "attributes" : {
        "FID" : 10,
        "PMNTN_SPOT" : 54135,
        "MNTN_CODE" : "447301201",
        "MANAGE_SP1" : "99",
        "MANAGE_SP2" : "기타",
        "DETAIL_SPO" : "전경",
        "ETC_MATTER" : " ",
        "MNTN_NM" : "송학산",
        "PAST_SPOT_" : "4473012010011",
        "MNTN_ID" : "447301201"
      },
      "geometry" : {
        "x" : 222663.51439999975,
        "y" : 449580.71240000054
      }
    },
    {
      "attributes" : {
        "FID" : 11,
        "PMNTN_SPOT" : 54136,
        "MNTN_CODE" : "447301201",
        "MANAGE_SP1" : "99",
        "MANAGE_SP2" : "기타",
        "DETAIL_SPO" : "배밭",
        "ETC_MATTER" : " ",
        "MNTN_NM" : "송학산",
        "PAST_SPOT_" : "4473012010012",
        "MNTN_ID" : "447301201"
      },
      "geometry" : {
        "x" : 222659.54940000176,
        "y" : 449503.93610000052
      }
    },
    {
      "attributes" : {
        "FID" : 12,
        "PMNTN_SPOT" : 54137,
        "MNTN_CODE" : "447301201",
        "MANAGE_SP1" : "99",
        "MANAGE_SP2" : "기타",
        "DETAIL_SPO" : "구간종점",
        "ETC_MATTER" : " ",
        "MNTN_NM" : "송학산",
        "PAST_SPOT_" : "4473012010013",
        "MNTN_ID" : "447301201"
      },
      "geometry" : {
        "x" : 222675.47740000021,
        "y" : 449447.26650000177
      }
    },
    {
      "attributes" : {
        "FID" : 13,
        "PMNTN_SPOT" : 54138,
        "MNTN_CODE" : "447301201",
        "MANAGE_SP1" : "99",
        "MANAGE_SP2" : "기타",
        "DETAIL_SPO" : "산길연결도로",
        "ETC_MATTER" : " ",
        "MNTN_NM" : "송학산",
        "PAST_SPOT_" : "4473012010014",
        "MNTN_ID" : "447301201"
      },
      "geometry" : {
        "x" : 222476.61590000056,
        "y" : 449631.10060000233
      }
    },
    {
      "attributes" : {
        "FID" : 14,
        "PMNTN_SPOT" : 54139,
        "MNTN_CODE" : "447301201",
        "MANAGE_SP1" : "99",
        "MANAGE_SP2" : "기타",
        "DETAIL_SPO" : "산길입구",
        "ETC_MATTER" : " ",
        "MNTN_NM" : "송학산",
        "PAST_SPOT_" : "4473012010015",
        "MNTN_ID" : "447301201"
      },
      "geometry" : {
        "x" : 222467.18929999974,
        "y" : 449773.25050000101
      }
    },
    {
      "attributes" : {
        "FID" : 15,
        "PMNTN_SPOT" : 54140,
        "MNTN_CODE" : "447301201",
        "MANAGE_SP1" : "12",
        "MANAGE_SP2" : "위험지역",
        "DETAIL_SPO" : "위험지역",
        "ETC_MATTER" : " ",
        "MNTN_NM" : "송학산",
        "PAST_SPOT_" : "4473012010016",
        "MNTN_ID" : "447301201"
      },
      "geometry" : {
        "x" : 222482.00789999962,
        "y" : 450133.74390000105
      }
    },
    {
      "attributes" : {
        "FID" : 16,
        "PMNTN_SPOT" : 54141,
        "MNTN_CODE" : "447301201",
        "MANAGE_SP1" : "99",
        "MANAGE_SP2" : "기타",
        "DETAIL_SPO" : "전경",
        "ETC_MATTER" : " ",
        "MNTN_NM" : "송학산",
        "PAST_SPOT_" : "4473012010017",
        "MNTN_ID" : "447301201"
      },
      "geometry" : {
        "x" : 222671.49330000021,
        "y" : 450521.36490000226
      }
    },
    {
      "attributes" : {
        "FID" : 17,
        "PMNTN_SPOT" : 54142,
        "MNTN_CODE" : "447301201",
        "MANAGE_SP1" : "99",
        "MANAGE_SP2" : "기타",
        "DETAIL_SPO" : "전경",
        "ETC_MATTER" : " ",
        "MNTN_NM" : "송학산",
        "PAST_SPOT_" : "4473012010018",
        "MNTN_ID" : "447301201"
      },
      "geometry" : {
        "x" : 223041.44740000088,
        "y" : 450825.82399999909
      }
    },
    {
      "attributes" : {
        "FID" : 18,
        "PMNTN_SPOT" : 54143,
        "MNTN_CODE" : "447301201",
        "MANAGE_SP1" : "02",
        "MANAGE_SP2" : "분기점",
        "DETAIL_SPO" : "분기점",
        "ETC_MATTER" : " ",
        "MNTN_NM" : "송학산",
        "PAST_SPOT_" : "4473012010019",
        "MNTN_ID" : "447301201"
      },
      "geometry" : {
        "x" : 222629.55560000055,
        "y" : 449568.66589999944
      }
    },
    {
      "attributes" : {
        "FID" : 19,
        "PMNTN_SPOT" : 54144,
        "MNTN_CODE" : "447301201",
        "MANAGE_SP1" : "01",
        "MANAGE_SP2" : "시종점",
        "DETAIL_SPO" : "시종점",
        "ETC_MATTER" : " ",
        "MNTN_NM" : "송학산",
        "PAST_SPOT_" : "4473012010020",
        "MNTN_ID" : "447301201"
      },
      "geometry" : {
        "x" : 222677.14700000081,
        "y" : 449447.99640000053
      }
    },
    {
      "attributes" : {
        "FID" : 20,
        "PMNTN_SPOT" : 54145,
        "MNTN_CODE" : "447301201",
        "MANAGE_SP1" : "02",
        "MANAGE_SP2" : "분기점",
        "DETAIL_SPO" : "분기점",
        "ETC_MATTER" : " ",
        "MNTN_NM" : "송학산",
        "PAST_SPOT_" : "4473012010021",
        "MNTN_ID" : "447301201"
      },
      "geometry" : {
        "x" : 223219.47050000075,
        "y" : 450637.84669999965
      }
    },
    {
      "attributes" : {
        "FID" : 21,
        "PMNTN_SPOT" : 54146,
        "MNTN_CODE" : "447301201",
        "MANAGE_SP1" : "01",
        "MANAGE_SP2" : "시종점",
        "DETAIL_SPO" : "시종점",
        "ETC_MATTER" : " ",
        "MNTN_NM" : "송학산",
        "PAST_SPOT_" : "4473012010022",
        "MNTN_ID" : "447301201"
      },
      "geometry" : {
        "x" : 223292.09219999984,
        "y" : 450555.86730000004
      }
    },
    {
      "attributes" : {
        "FID" : 22,
        "PMNTN_SPOT" : 97725,
        "MNTN_CODE" : "447301201",
        "MANAGE_SP1" : "14",
        "MANAGE_SP2" : "조망점",
        "DETAIL_SPO" : "조망점",
        "ETC_MATTER" : " ",
        "MNTN_NM" : "송학산",
        "PAST_SPOT_" : "4473012010023",
        "MNTN_ID" : "447301201"
      },
      "geometry" : {
        "x" : 222635.37619999959,
        "y" : 449574.94569999928
      }
    },
    {
      "attributes" : {
        "FID" : 23,
        "PMNTN_SPOT" : 97726,
        "MNTN_CODE" : "447301201",
        "MANAGE_SP1" : "14",
        "MANAGE_SP2" : "조망점",
        "DETAIL_SPO" : "조망점",
        "ETC_MATTER" : " ",
        "MNTN_NM" : "송학산",
        "PAST_SPOT_" : "4473012010024",
        "MNTN_ID" : "447301201"
      },
      "geometry" : {
        "x" : 222930.83729999972,
        "y" : 450822.76510000101
      }
    }
  ]
}