{
  "displayFieldName" : "",
  "fieldAliases" : {
    "FID" : "FID",
    "PMNTN_SN" : "PMNTN_SN",
    "MNTN_CODE" : "MNTN_CODE",
    "MNTN_NM" : "MNTN_NM",
    "PMNTN_NM" : "PMNTN_NM",
    "PMNTN_MAIN" : "PMNTN_MAIN",
    "PMNTN_LT" : "PMNTN_LT",
    "PMNTN_DFFL" : "PMNTN_DFFL",
    "PMNTN_UPPL" : "PMNTN_UPPL",
    "PMNTN_GODN" : "PMNTN_GODN",
    "PMNTN_MTRQ" : "PMNTN_MTRQ",
    "PMNTN_CNRL" : "PMNTN_CNRL",
    "PMNTN_CLS_" : "PMNTN_CLS_",
    "PMNTN_RISK" : "PMNTN_RISK",
    "PMNTN_RECO" : "PMNTN_RECO",
    "DATA_STDR_" : "DATA_STDR_",
    "MNTN_ID" : "MNTN_ID"
  },
  "geometryType" : "esriGeometryPolyline",
  "spatialReference" : {
    "wkt" : "PROJCS[\"PCS_ITRF2000_TM\",GEOGCS[\"GCS_ITRF_2000\",DATUM[\"D_ITRF_2000\",SPHEROID[\"GRS_1980\",6378137.0,298.257222101]],PRIMEM[\"Greenwich\",0.0],UNIT[\"Degree\",0.0174532925199433]],PROJECTION[\"Transverse_Mercator\"],PARAMETER[\"False_Easting\",200000.0],PARAMETER[\"False_Northing\",600000.0],PARAMETER[\"Central_Meridian\",127.0],PARAMETER[\"Scale_Factor\",1.0],PARAMETER[\"Latitude_Of_Origin\",38.0],UNIT[\"Meter\",1.0]]"
  },
  "fields" : [
    {
      "name" : "FID",
      "type" : "esriFieldTypeOID",
      "alias" : "FID"
    },
    {
      "name" : "PMNTN_SN",
      "type" : "esriFieldTypeDouble",
      "alias" : "PMNTN_SN"
    },
    {
      "name" : "MNTN_CODE",
      "type" : "esriFieldTypeString",
      "alias" : "MNTN_CODE",
      "length" : 9
    },
    {
      "name" : "MNTN_NM",
      "type" : "esriFieldTypeString",
      "alias" : "MNTN_NM",
      "length" : 50
    },
    {
      "name" : "PMNTN_NM",
      "type" : "esriFieldTypeString",
      "alias" : "PMNTN_NM",
      "length" : 50
    },
    {
      "name" : "PMNTN_MAIN",
      "type" : "esriFieldTypeString",
      "alias" : "PMNTN_MAIN",
      "length" : 200
    },
    {
      "name" : "PMNTN_LT",
      "type" : "esriFieldTypeSingle",
      "alias" : "PMNTN_LT"
    },
    {
      "name" : "PMNTN_DFFL",
      "type" : "esriFieldTypeString",
      "alias" : "PMNTN_DFFL",
      "length" : 8
    },
    {
      "name" : "PMNTN_UPPL",
      "type" : "esriFieldTypeDouble",
      "alias" : "PMNTN_UPPL"
    },
    {
      "name" : "PMNTN_GODN",
      "type" : "esriFieldTypeDouble",
      "alias" : "PMNTN_GODN"
    },
    {
      "name" : "PMNTN_MTRQ",
      "type" : "esriFieldTypeString",
      "alias" : "PMNTN_MTRQ",
      "length" : 200
    },
    {
      "name" : "PMNTN_CNRL",
      "type" : "esriFieldTypeString",
      "alias" : "PMNTN_CNRL",
      "length" : 1
    },
    {
      "name" : "PMNTN_CLS_",
      "type" : "esriFieldTypeString",
      "alias" : "PMNTN_CLS_",
      "length" : 1
    },
    {
      "name" : "PMNTN_RISK",
      "type" : "esriFieldTypeString",
      "alias" : "PMNTN_RISK",
      "length" : 200
    },
    {
      "name" : "PMNTN_RECO",
      "type" : "esriFieldTypeString",
      "alias" : "PMNTN_RECO",
      "length" : 1
    },
    {
      "name" : "DATA_STDR_",
      "type" : "esriFieldTypeString",
      "alias" : "DATA_STDR_",
      "length" : 10
    },
    {
      "name" : "MNTN_ID",
      "type" : "esriFieldTypeString",
      "alias" : "MNTN_ID",
      "length" : 10
    }
  ],
  "features" : [
    {
      "attributes" : {
        "FID" : 0,
        "PMNTN_SN" : 51623,
        "MNTN_CODE" : "441508201",
        "MNTN_NM" : "태화산",
        "PMNTN_NM" : "화흥리구간",
        "PMNTN_MAIN" : " ",
        "PMNTN_LT" : 1.02,
        "PMNTN_DFFL" : "쉬움",
        "PMNTN_UPPL" : 19,
        "PMNTN_GODN" : 13,
        "PMNTN_MTRQ" : " ",
        "PMNTN_CNRL" : " ",
        "PMNTN_CLS_" : " ",
        "PMNTN_RISK" : " ",
        "PMNTN_RECO" : " ",
        "DATA_STDR_" : "2016-12-31",
        "MNTN_ID" : "441508201"
      },
      "geometry" : {
        "paths" : [
          [
            [
              200624.64470000006,
              437868.002700001
            ],
            [
              200630.89550000057,
              437862.75200000219
            ],
            [
              200644.14709999878,
              437854.50100000016
            ],
            [
              200654.8984999992,
              437846.50000000186
            ],
            [
              200660.14910000004,
              437841.74939999916
            ],
            [
              200662.14940000232,
              437838.24890000187
            ],
            [
              200660.89919999987,
              437833.99840000272
            ],
            [
              200656.89869999979,
              437827.74760000408
            ],
            [
              200647.89759999886,
              437819.74660000205
            ],
            [
              200638.64640000183,
              437810.49549999833
            ],
            [
              200631.64560000319,
              437800.99430000223
            ],
            [
              200628.14510000125,
              437790.74300000258
            ],
            [
              200627.89510000031,
              437783.74210000224
            ],
            [
              200626.64489999972,
              437775.24110000022
            ],
            [
              200622.89450000133,
              437768.99030000158
            ],
            [
              200614.8935000021,
              437766.49000000395
            ],
            [
              200604.64219999965,
              437765.23980000243
            ],
            [
              200595.64110000152,
              437764.4897000026
            ],
            [
              200586.88999999966,
              437759.98920000345
            ],
            [
              200575.63860000018,
              437747.23760000244
            ],
            [
              200565.1372000007,
              437735.7360999994
            ],
            [
              200560.63670000155,
              437727.2351000011
            ],
            [
              200559.38650000095,
              437722.98450000025
            ],
            [
              200560.63670000341,
              437707.98270000145
            ],
            [
              200563.63710000087,
              437689.4803000018
            ],
            [
              200565.88730000146,
              437678.97900000401
            ],
            [
              200572.13810000103,
              437664.72730000131
            ],
            [
              200575.13850000035,
              437658.22640000284
            ],
            [
              200575.63860000018,
              437650.72550000064
            ],
            [
              200572.63820000086,
              437640.72430000268
            ],
            [
              200565.63730000053,
              437619.47159999982
            ],
            [
              200559.88660000265,
              437601.2193
            ],
            [
              200552.88570000045,
              437579.96670000255
            ],
            [
              200546.88499999978,
              437573.21580000222
            ],
            [
              200537.38379999995,
              437568.21519999951
            ],
            [
              200524.38210000005,
              437564.71480000019
            ],
            [
              200518.13140000124,
              437563.71460000053
            ],
            [
              200514.88100000191,
              437565.46480000205
            ],
            [
              200512.1305999998,
              437570.71550000086
            ],
            [
              200511.38049999997,
              437582.46700000018
            ],
            [
              200508.88019999955,
              437591.7181000039
            ],
            [
              200500.87920000311,
              437606.46999999881
            ],
            [
              200497.37880000286,
              437613.47080000117
            ],
            [
              200492.62820000108,
              437625.72240000032
            ],
            [
              200488.627700001,
              437628.97280000336
            ],
            [
              200484.87720000092,
              437629.72289999947
            ],
            [
              200479.62660000101,
              437627.97270000167
            ],
            [
              200473.62579999864,
              437623.72210000455
            ],
            [
              200465.12470000051,
              437611.22059999779
            ],
            [
              200441.37179999985,
              437581.21680000052
            ],
            [
              200434.37090000231,
              437569.4653000012
            ],
            [
              200425.11970000062,
              437558.96400000155
            ],
            [
              200417.86880000401,
              437551.71310000122
            ],
            [
              200411.86810000334,
              437546.21240000241
            ],
            [
              200401.86680000182,
              437531.46059999987
            ],
            [
              200394.36589999963,
              437518.45900000259
            ],
            [
              200383.8646000009,
              437508.70780000091
            ],
            [
              200374.11340000108,
              437501.20680000074
            ],
            [
              200363.36200000066,
              437494.45600000024
            ],
            [
              200350.86050000135,
              437488.45520000532
            ],
            [
              200339.10900000297,
              437482.20440000109
            ],
            [
              200330.85800000094,
              437475.95370000415
            ],
            [
              200325.1072000023,
              437470.20289999992
            ],
            [
              200320.10660000052,
              437455.45109999925
            ],
            [
              200314.60590000357,
              437436.94880000316
            ],
            [
              200310.35539999977,
              437425.19729999825
            ],
            [
              200306.85500000138,
              437419.94669999927
            ],
            [
              200302.10440000053,
              437412.94580000266
            ],
            [
              200295.1035000002,
              437407.69510000013
            ],
            [
              200288.8526999997,
              437402.94450000115
            ],
            [
              200284.35209999979,
              437397.19380000047
            ],
            [
              200282.10190000106,
              437392.19320000149
            ],
            [
              200279.8515999997,
              437384.19220000133
            ],
            [
              200278.35140000097,
              437377.69140000083
            ],
            [
              200274.60090000089,
              437372.19070000015
            ],
            [
              200268.35010000132,
              437366.18990000151
            ],
            [
              200254.84850000404,
              437357.68889999948
            ],
            [
              200239.34650000278,
              437351.43810000457
            ],
            [
              200232.09559999965,
              437348.68780000135
            ],
            [
              200225.59480000101,
              437344.18720000237
            ],
            [
              200222.09440000262,
              437341.43680000119
            ],
            [
              200210.84300000127,
              437326.43500000425
            ],
            [
              200201.34180000145,
              437315.68360000104
            ],
            [
              200195.09100000188,
              437306.43250000291
            ],
            [
              200189.59030000027,
              437300.4317000024
            ],
            [
              200183.5895999996,
              437294.93099999987
            ],
            [
              200177.83880000096,
              437292.43070000596
            ],
            [
              200171.83810000215,
              437288.43019999936
            ],
            [
              200167.33750000224,
              437284.67980000004
            ],
            [
              200162.33690000046,
              437277.67889999971
            ],
            [
              200157.58629999962,
              437273.42830000259
            ],
            [
              200151.58560000081,
              437271.67810000107
            ],
            [
              200145.0847000014,
              437272.1782000009
            ],
            [
              200136.33360000048,
              437275.17860000208
            ],
            [
              200130.5828999998,
              437275.67860000394
            ],
            [
              200124.08210000023,
              437274.42850000225
            ],
            [
              200120.33160000015,
              437271.67810000107
            ]
          ]
        ]
      }
    },
    {
      "attributes" : {
        "FID" : 1,
        "PMNTN_SN" : 51624,
        "MNTN_CODE" : "441508201",
        "MNTN_NM" : "태화산",
        "PMNTN_NM" : "가교리구간",
        "PMNTN_MAIN" : " ",
        "PMNTN_LT" : 0.95,
        "PMNTN_DFFL" : "쉬움",
        "PMNTN_UPPL" : 17,
        "PMNTN_GODN" : 12,
        "PMNTN_MTRQ" : " ",
        "PMNTN_CNRL" : " ",
        "PMNTN_CLS_" : " ",
        "PMNTN_RISK" : " ",
        "PMNTN_RECO" : " ",
        "DATA_STDR_" : "2016-12-31",
        "MNTN_ID" : "441508201"
      },
      "geometry" : {
        "paths" : [
          [
            [
              200624.64470000006,
              437868.002700001
            ],
            [
              200627.07860000059,
              437877.78460000269
            ],
            [
              200631.07910000067,
              437893.53650000133
            ],
            [
              200633.07930000313,
              437902.53769999929
            ],
            [
              200633.07930000033,
              437912.53890000097
            ],
            [
              200631.82920000143,
              437919.78980000317
            ],
            [
              200631.07910000067,
              437931.04120000266
            ],
            [
              200634.82950000186,
              437946.29309999943
            ],
            [
              200642.83050000109,
              437972.54640000127
            ],
            [
              200649.08130000345,
              437991.54880000092
            ],
            [
              200657.58239999972,
              438010.55120000057
            ],
            [
              200665.33340000082,
              438028.55340000056
            ],
            [
              200676.33470000047,
              438046.5557000041
            ],
            [
              200692.08670000266,
              438069.05850000307
            ],
            [
              200706.83850000054,
              438085.81060000136
            ],
            [
              200723.84070000239,
              438105.81310000271
            ],
            [
              200747.34360000025,
              438130.81620000303
            ],
            [
              200775.84719999973,
              438161.82010000199
            ],
            [
              200802.60050000157,
              438192.07380000316
            ],
            [
              200822.60300000105,
              438215.82680000179
            ],
            [
              200846.85600000061,
              438240.82990000211
            ],
            [
              200862.10790000018,
              438257.3320000004
            ],
            [
              200880.1102,
              438276.83440000191
            ],
            [
              200891.11160000041,
              438289.83610000089
            ],
            [
              200894.86199999973,
              438297.83710000105
            ],
            [
              200894.86199999973,
              438304.58790000342
            ],
            [
              200891.11160000227,
              438313.33899999969
            ],
            [
              200881.36039999966,
              438331.09119999968
            ],
            [
              200867.60859999992,
              438354.0941000022
            ],
            [
              200857.85740000196,
              438374.09659999982
            ],
            [
              200850.35649999976,
              438389.84860000201
            ],
            [
              200847.85620000027,
              438399.59979999997
            ],
            [
              200845.85589999985,
              438409.10100000165
            ],
            [
              200847.10610000044,
              438414.10160000063
            ],
            [
              200850.35649999976,
              438417.10200000368
            ],
            [
              200861.10780000221,
              438425.35300000012
            ],
            [
              200871.35910000186,
              438431.60380000062
            ],
            [
              200879.11010000296,
              438437.6045000013
            ],
            [
              200885.86089999974,
              438441.10500000231
            ],
            [
              200894.61200000159,
              438447.35569999926
            ],
            [
              200905.61340000015,
              438455.10669999942
            ],
            [
              200915.86470000073,
              438463.10770000145
            ],
            [
              200932.3666999992,
              438473.60899999924
            ],
            [
              200947.86870000325,
              438482.3601000011
            ],
            [
              200954.61950000003,
              438484.86040000431
            ],
            [
              200960.87030000146,
              438485.36050000414
            ],
            [
              200971.62160000112,
              438485.61050000042
            ],
            [
              200980.62280000001,
              438488.6109000016
            ],
            [
              200993.12430000119,
              438494.36160000041
            ],
            [
              200999.37510000262,
              438494.86170000024
            ],
            [
              201011.62660000101,
              438495.86180000193
            ],
            [
              201022.12789999973,
              438497.11200000346
            ],
            [
              201025.37840000074,
              438494.11160000041
            ],
            [
              201025.87839999981,
              438489.61100000329
            ],
            [
              201022.62799999956,
              438485.36050000414
            ],
            [
              201016.62730000354,
              438476.85940000229
            ],
            [
              201015.37710000109,
              438468.85840000026
            ],
            [
              201017.37740000151,
              438457.8571000006
            ],
            [
              201021.37790000066,
              438441.60500000417
            ],
            [
              201033.62940000091,
              438419.35220000148
            ],
            [
              201038.12990000192,
              438413.1015000008
            ],
            [
              201039.13010000251,
              438409.35100000165
            ],
            [
              201036.3797000004,
              438406.35060000047
            ]
          ]
        ]
      }
    },
    {
      "attributes" : {
        "FID" : 2,
        "PMNTN_SN" : 51625,
        "MNTN_CODE" : "441508201",
        "MNTN_NM" : "태화산",
        "PMNTN_NM" : "화흥리구간",
        "PMNTN_MAIN" : " ",
        "PMNTN_LT" : 1.17,
        "PMNTN_DFFL" : "쉬움",
        "PMNTN_UPPL" : 21,
        "PMNTN_GODN" : 14,
        "PMNTN_MTRQ" : " ",
        "PMNTN_CNRL" : " ",
        "PMNTN_CLS_" : " ",
        "PMNTN_RISK" : " ",
        "PMNTN_RECO" : " ",
        "DATA_STDR_" : "2016-12-31",
        "MNTN_ID" : "441508201"
      },
      "geometry" : {
        "paths" : [
          [
            [
              200624.64470000006,
              437868.002700001
            ],
            [
              200618.59320000093,
              437869.23580000177
            ],
            [
              200606.59170000162,
              437871.23610000312
            ],
            [
              200595.84040000197,
              437874.23640000075
            ],
            [
              200585.08899999969,
              437876.73670000397
            ],
            [
              200576.58800000139,
              437880.23720000125
            ],
            [
              200568.08690000046,
              437886.23790000007
            ],
            [
              200562.08610000089,
              437892.73870000057
            ],
            [
              200553.08500000369,
              437899.98960000277
            ],
            [
              200544.8339999998,
              437907.9905999992
            ],
            [
              200540.58350000065,
              437915.99159999937
            ],
            [
              200537.08300000057,
              437924.99280000106
            ],
            [
              200535.83289999887,
              437934.49400000274
            ],
            [
              200535.58279999997,
              437945.49530000426
            ],
            [
              200533.58260000218,
              437955.49660000019
            ],
            [
              200530.08210000023,
              437965.99790000357
            ],
            [
              200530.08210000023,
              437976.99929999933
            ],
            [
              200530.33220000193,
              437986.50050000101
            ],
            [
              200529.08200000226,
              437993.75140000135
            ],
            [
              200523.08130000159,
              438006.25290000252
            ],
            [
              200517.33050000016,
              438016.25420000032
            ],
            [
              200511.57980000321,
              438022.50499999896
            ],
            [
              200504.82899999991,
              438027.25559999794
            ],
            [
              200492.07739999983,
              438037.00680000149
            ],
            [
              200483.57630000077,
              438045.50779999979
            ],
            [
              200476.5755000012,
              438054.75900000148
            ],
            [
              200469.32450000197,
              438068.26070000231
            ],
            [
              200450.82220000122,
              438091.76360000111
            ],
            [
              200435.57029999979,
              438107.76559999958
            ],
            [
              200425.06900000107,
              438122.51750000007
            ],
            [
              200413.81760000158,
              438130.7685000021
            ],
            [
              200401.06600000337,
              438138.76950000413
            ],
            [
              200385.06400000118,
              438148.52070000209
            ],
            [
              200369.56210000068,
              438155.52160000242
            ],
            [
              200353.81010000035,
              438162.77250000834
            ],
            [
              200342.80869999994,
              438167.02300000191
            ],
            [
              200337.05800000019,
              438170.7734999992
            ],
            [
              200328.30690000206,
              438176.27419999987
            ],
            [
              200322.05610000063,
              438184.7752000019
            ],
            [
              200319.80590000004,
              438191.52610000223
            ],
            [
              200317.80559999961,
              438201.77740000002
            ],
            [
              200314.55520000122,
              438209.52830000222
            ],
            [
              200310.30470000021,
              438219.27960000373
            ],
            [
              200303.30379999988,
              438225.03030000255
            ],
            [
              200293.05250000115,
              438233.03129999898
            ],
            [
              200286.30170000065,
              438240.03210000135
            ],
            [
              200283.30130000133,
              438247.28310000151
            ],
            [
              200281.30099999998,
              438258.784500001
            ],
            [
              200283.0513000004,
              438266.53550000116
            ],
            [
              200286.55170000158,
              438281.53729999997
            ],
            [
              200294.30269999988,
              438300.28969999962
            ],
            [
              200300.05339999963,
              438311.29110000283
            ],
            [
              200301.80360000115,
              438319.79210000113
            ],
            [
              200301.80360000115,
              438325.29279999994
            ],
            [
              200299.30330000166,
              438336.29419999756
            ],
            [
              200294.80270000082,
              438347.0455000028
            ],
            [
              200290.55220000166,
              438363.7976000011
            ],
            [
              200285.80160000082,
              438378.04940000176
            ],
            [
              200279.80090000015,
              438396.05160000175
            ],
            [
              200271.79990000091,
              438414.30390000157
            ],
            [
              200266.04910000041,
              438431.5560999997
            ],
            [
              200262.29870000109,
              438450.80850000121
            ],
            [
              200261.29849999957,
              438468.56069999933
            ],
            [
              200258.79820000194,
              438488.56320000067
            ],
            [
              200258.29820000287,
              438502.31490000151
            ],
            [
              200258.54820000101,
              438509.81590000167
            ],
            [
              200260.04839999974,
              438515.81660000235
            ],
            [
              200263.29879999999,
              438520.31720000133
            ],
            [
              200268.79949999973,
              438524.56770000048
            ],
            [
              200279.30080000032,
              438535.31910000369
            ],
            [
              200289.80210000183,
              438545.57030000165
            ],
            [
              200293.30250000209,
              438551.07100000605
            ],
            [
              200295.55280000344,
              438560.82220000029
            ],
            [
              200300.05339999963,
              438584.8252000045
            ],
            [
              200307.05429999996,
              438612.32870000042
            ],
            [
              200312.80500000156,
              438627.58060000278
            ],
            [
              200319.05580000207,
              438636.33170000091
            ],
            [
              200330.30720000062,
              438647.58310000785
            ],
            [
              200341.05850000028,
              438655.08400000073
            ],
            [
              200349.5596000012,
              438664.58520000242
            ],
            [
              200364.06140000094,
              438677.08680000156
            ],
            [
              200377.81310000177,
              438689.33830000274
            ],
            [
              200388.81450000126,
              438698.8395000007
            ],
            [
              200394.31520000007,
              438706.34040000103
            ],
            [
              200398.56570000108,
              438713.8414000012
            ],
            [
              200403.31630000006,
              438734.34390000068
            ],
            [
              200406.56670000311,
              438752.84620000049
            ],
            [
              200408.31689999998,
              438771.09849999845
            ],
            [
              200407.06680000294,
              438780.599700002
            ],
            [
              200403.31630000006,
              438792.35120000131
            ],
            [
              200399.06580000184,
              438808.60319999978
            ]
          ]
        ]
      }
    }
  ]
}