{
  "displayFieldName" : "",
  "fieldAliases" : {
    "FID" : "FID",
    "PMNTN_SN" : "PMNTN_SN",
    "MNTN_CODE" : "MNTN_CODE",
    "MNTN_NM" : "MNTN_NM",
    "PMNTN_NM" : "PMNTN_NM",
    "PMNTN_MAIN" : "PMNTN_MAIN",
    "PMNTN_LT" : "PMNTN_LT",
    "PMNTN_DFFL" : "PMNTN_DFFL",
    "PMNTN_UPPL" : "PMNTN_UPPL",
    "PMNTN_GODN" : "PMNTN_GODN",
    "PMNTN_MTRQ" : "PMNTN_MTRQ",
    "PMNTN_CNRL" : "PMNTN_CNRL",
    "PMNTN_CLS_" : "PMNTN_CLS_",
    "PMNTN_RISK" : "PMNTN_RISK",
    "PMNTN_RECO" : "PMNTN_RECO",
    "DATA_STDR_" : "DATA_STDR_",
    "MNTN_ID" : "MNTN_ID"
  },
  "geometryType" : "esriGeometryPolyline",
  "spatialReference" : {
    "wkt" : "PROJCS[\"PCS_ITRF2000_TM\",GEOGCS[\"GCS_ITRF_2000\",DATUM[\"D_ITRF_2000\",SPHEROID[\"GRS_1980\",6378137.0,298.257222101]],PRIMEM[\"Greenwich\",0.0],UNIT[\"Degree\",0.0174532925199433]],PROJECTION[\"Transverse_Mercator\"],PARAMETER[\"False_Easting\",200000.0],PARAMETER[\"False_Northing\",600000.0],PARAMETER[\"Central_Meridian\",127.0],PARAMETER[\"Scale_Factor\",1.0],PARAMETER[\"Latitude_Of_Origin\",38.0],UNIT[\"Meter\",1.0]]"
  },
  "fields" : [
    {
      "name" : "FID",
      "type" : "esriFieldTypeOID",
      "alias" : "FID"
    },
    {
      "name" : "PMNTN_SN",
      "type" : "esriFieldTypeDouble",
      "alias" : "PMNTN_SN"
    },
    {
      "name" : "MNTN_CODE",
      "type" : "esriFieldTypeString",
      "alias" : "MNTN_CODE",
      "length" : 9
    },
    {
      "name" : "MNTN_NM",
      "type" : "esriFieldTypeString",
      "alias" : "MNTN_NM",
      "length" : 50
    },
    {
      "name" : "PMNTN_NM",
      "type" : "esriFieldTypeString",
      "alias" : "PMNTN_NM",
      "length" : 50
    },
    {
      "name" : "PMNTN_MAIN",
      "type" : "esriFieldTypeString",
      "alias" : "PMNTN_MAIN",
      "length" : 200
    },
    {
      "name" : "PMNTN_LT",
      "type" : "esriFieldTypeSingle",
      "alias" : "PMNTN_LT"
    },
    {
      "name" : "PMNTN_DFFL",
      "type" : "esriFieldTypeString",
      "alias" : "PMNTN_DFFL",
      "length" : 8
    },
    {
      "name" : "PMNTN_UPPL",
      "type" : "esriFieldTypeDouble",
      "alias" : "PMNTN_UPPL"
    },
    {
      "name" : "PMNTN_GODN",
      "type" : "esriFieldTypeDouble",
      "alias" : "PMNTN_GODN"
    },
    {
      "name" : "PMNTN_MTRQ",
      "type" : "esriFieldTypeString",
      "alias" : "PMNTN_MTRQ",
      "length" : 200
    },
    {
      "name" : "PMNTN_CNRL",
      "type" : "esriFieldTypeString",
      "alias" : "PMNTN_CNRL",
      "length" : 1
    },
    {
      "name" : "PMNTN_CLS_",
      "type" : "esriFieldTypeString",
      "alias" : "PMNTN_CLS_",
      "length" : 1
    },
    {
      "name" : "PMNTN_RISK",
      "type" : "esriFieldTypeString",
      "alias" : "PMNTN_RISK",
      "length" : 200
    },
    {
      "name" : "PMNTN_RECO",
      "type" : "esriFieldTypeString",
      "alias" : "PMNTN_RECO",
      "length" : 1
    },
    {
      "name" : "DATA_STDR_",
      "type" : "esriFieldTypeString",
      "alias" : "DATA_STDR_",
      "length" : 10
    },
    {
      "name" : "MNTN_ID",
      "type" : "esriFieldTypeString",
      "alias" : "MNTN_ID",
      "length" : 10
    }
  ],
  "features" : [
    {
      "attributes" : {
        "FID" : 0,
        "PMNTN_SN" : 18276,
        "MNTN_CODE" : "471904201",
        "MNTN_NM" : "문수산",
        "PMNTN_NM" : "인덕리구간",
        "PMNTN_MAIN" : " ",
        "PMNTN_LT" : 0.56,
        "PMNTN_DFFL" : "쉬움",
        "PMNTN_UPPL" : 10,
        "PMNTN_GODN" : 7,
        "PMNTN_MTRQ" : " ",
        "PMNTN_CNRL" : " ",
        "PMNTN_CLS_" : " ",
        "PMNTN_RISK" : " ",
        "PMNTN_RECO" : " ",
        "DATA_STDR_" : "2016-12-31",
        "MNTN_ID" : "471900801"
      },
      "geometry" : {
        "paths" : [
          [
            [
              332162.20710000116,
              397052.79130000062
            ],
            [
              332164.48819999956,
              397055.52470000274
            ],
            [
              332165.97630000114,
              397060.67370000109
            ],
            [
              332165.6782999998,
              397063.71059999987
            ],
            [
              332165.65410000179,
              397068.29450000264
            ],
            [
              332164.99859999958,
              397074.29230000079
            ],
            [
              332166.74880000111,
              397079.83269999921
            ],
            [
              332167.66890000086,
              397083.86470000073
            ],
            [
              332170.99180000182,
              397087.62790000252
            ],
            [
              332170.52130000107,
              397092.25490000285
            ],
            [
              332170.7779000001,
              397096.12159999833
            ],
            [
              332170.62999999989,
              397099.94879999943
            ],
            [
              332170.12640000228,
              397113.1248000022
            ],
            [
              332164.90060000215,
              397127.75719999894
            ],
            [
              332163.30020000041,
              397152.38400000148
            ],
            [
              332162.41830000095,
              397168.69849999994
            ],
            [
              332161.53639999963,
              397183.24929999933
            ],
            [
              332158.00899999961,
              397200.88660000265
            ],
            [
              332160.2136000013,
              397211.90980000049
            ],
            [
              332178.73280000035,
              397224.25589999743
            ],
            [
              332179.61459999997,
              397238.36580000259
            ],
            [
              332191.07890000194,
              397255.12120000087
            ],
            [
              332204.74780000001,
              397282.01799999923
            ],
            [
              332218.85760000069,
              397303.62370000407
            ],
            [
              332226.79440000001,
              397321.2610000018
            ],
            [
              332243.10879999958,
              397338.45729999989
            ],
            [
              332263.83260000031,
              397365.79510000162
            ],
            [
              332274.41500000097,
              397381.66860000044
            ],
            [
              332281.46990000084,
              397395.33750000224
            ],
            [
              332293.37509999983,
              397401.51060000248
            ],
            [
              332303.07560000103,
              397405.9199000001
            ],
            [
              332317.1854000017,
              397416.94320000149
            ],
            [
              332326.00400000066,
              397426.6436999999
            ],
            [
              332329.53150000051,
              397434.58040000126
            ],
            [
              332321.59470000118,
              397435.90320000052
            ],
            [
              332311.01229999866,
              397438.98980000243
            ],
            [
              332302.19369999971,
              397448.69030000083
            ],
            [
              332294.69790000096,
              397455.7452000007
            ],
            [
              332285.87920000032,
              397472.50060000457
            ],
            [
              332280.14709999971,
              397489.69690000266
            ],
            [
              332275.29690000135,
              397508.65699999966
            ],
            [
              332275.7377999993,
              397514.8300999999
            ]
          ]
        ]
      }
    },
    {
      "attributes" : {
        "FID" : 1,
        "PMNTN_SN" : 18277,
        "MNTN_CODE" : "471904201",
        "MNTN_NM" : "문수산",
        "PMNTN_NM" : "인덕리구간",
        "PMNTN_MAIN" : " ",
        "PMNTN_LT" : 0.28,
        "PMNTN_DFFL" : "쉬움",
        "PMNTN_UPPL" : 5,
        "PMNTN_GODN" : 3,
        "PMNTN_MTRQ" : " ",
        "PMNTN_CNRL" : " ",
        "PMNTN_CLS_" : " ",
        "PMNTN_RISK" : " ",
        "PMNTN_RECO" : " ",
        "DATA_STDR_" : "2016-12-31",
        "MNTN_ID" : "471900801"
      },
      "geometry" : {
        "paths" : [
          [
            [
              331753.75270000007,
              397182.66910000332
            ],
            [
              331747.10159999877,
              397187.95879999921
            ],
            [
              331744.38090000115,
              397193.25370000117
            ],
            [
              331741.48930000048,
              397199.8254000023
            ],
            [
              331741.24509999901,
              397206.66449999996
            ],
            [
              331743.54650000017,
              397215.82950000092
            ],
            [
              331746.76360000018,
              397225.02630000003
            ],
            [
              331755.5393000003,
              397236.26979999989
            ],
            [
              331766.74760000128,
              397250.6297999993
            ],
            [
              331776.56060000136,
              397263.20230000094
            ],
            [
              331779.72310000006,
              397270.27539999969
            ],
            [
              331781.24139999971,
              397274.68160000257
            ],
            [
              331778.1771999998,
              397279.71649999917
            ],
            [
              331768.45349999983,
              397293.28889999911
            ],
            [
              331759.05920000002,
              397308.98489999957
            ],
            [
              331751.49480000138,
              397325.82790000364
            ],
            [
              331752.0839999998,
              397337.02300000377
            ],
            [
              331745.40930000227,
              397377.90589999966
            ],
            [
              331740.40319999959,
              397403.77050000429
            ],
            [
              331713.7042000005,
              397430.46959999949
            ]
          ]
        ]
      }
    },
    {
      "attributes" : {
        "FID" : 2,
        "PMNTN_SN" : 18278,
        "MNTN_CODE" : "471904201",
        "MNTN_NM" : "문수산",
        "PMNTN_NM" : "인덕리구간",
        "PMNTN_MAIN" : " ",
        "PMNTN_LT" : 0.33,
        "PMNTN_DFFL" : "쉬움",
        "PMNTN_UPPL" : 6,
        "PMNTN_GODN" : 4,
        "PMNTN_MTRQ" : " ",
        "PMNTN_CNRL" : " ",
        "PMNTN_CLS_" : " ",
        "PMNTN_RISK" : " ",
        "PMNTN_RECO" : " ",
        "DATA_STDR_" : "2016-12-31",
        "MNTN_ID" : "471900801"
      },
      "geometry" : {
        "paths" : [
          [
            [
              331957.33289999887,
              397332.85120000131
            ],
            [
              331960.1101000011,
              397318.96519999951
            ],
            [
              331960.86430000048,
              397300.00129999965
            ],
            [
              331961.42370000202,
              397285.58880000003
            ],
            [
              331959.42840000056,
              397261.24320000224
            ],
            [
              331955.12010000087,
              397234.90729999729
            ],
            [
              331946.75789999962,
              397210.44040000439
            ],
            [
              331940.81089999992,
              397187.15130000003
            ],
            [
              331927.48240000103,
              397171.51880000159
            ],
            [
              331910.80370000005,
              397163.38209999911
            ],
            [
              331894.41739999969,
              397160.61810000241
            ],
            [
              331882.24180000089,
              397161.81049999967
            ],
            [
              331874.54200000037,
              397161.81049999967
            ],
            [
              331861.97490000073,
              397162.07239999808
            ],
            [
              331851.07230000012,
              397153.62420000136
            ],
            [
              331837.0223000003,
              397142.16449999996
            ],
            [
              331822.57650000136,
              397114.67970000021
            ],
            [
              331807.9851000011,
              397085.05079999939
            ]
          ]
        ]
      }
    },
    {
      "attributes" : {
        "FID" : 3,
        "PMNTN_SN" : 18279,
        "MNTN_CODE" : "471904201",
        "MNTN_NM" : "문수산",
        "PMNTN_NM" : " ",
        "PMNTN_MAIN" : " ",
        "PMNTN_LT" : 0.37,
        "PMNTN_DFFL" : "쉬움",
        "PMNTN_UPPL" : 7,
        "PMNTN_GODN" : 5,
        "PMNTN_MTRQ" : " ",
        "PMNTN_CNRL" : " ",
        "PMNTN_CLS_" : " ",
        "PMNTN_RISK" : " ",
        "PMNTN_RECO" : " ",
        "DATA_STDR_" : "2016-12-31",
        "MNTN_ID" : "471900801"
      },
      "geometry" : {
        "paths" : [
          [
            [
              331713.7042000005,
              397430.46959999949
            ],
            [
              331742.0719000008,
              397427.96649999917
            ],
            [
              331768.77090000175,
              397428.80090000108
            ],
            [
              331795.4700000016,
              397433.80700000003
            ],
            [
              331802.14230000135,
              397434.7602000013
            ],
            [
              331805.84109999985,
              397434.166000003
            ],
            [
              331809.11689999979,
              397429.90520000271
            ],
            [
              331812.15690000076,
              397421.29179999977
            ],
            [
              331813.69759999961,
              397417.69690000266
            ],
            [
              331815.24930000026,
              397416.17170000076
            ],
            [
              331817.59410000127,
              397416.18490000255
            ],
            [
              331824.67200000118,
              397417.95439999737
            ],
            [
              331829.57290000003,
              397423.39990000241
            ],
            [
              331831.85369999986,
              397425.77400000207
            ],
            [
              331834.15649999958,
              397424.81640000083
            ],
            [
              331838.85589999985,
              397421.29179999977
            ],
            [
              331844.35659999959,
              397388.1314000003
            ],
            [
              331845.73190000094,
              397374.09420000203
            ],
            [
              331850.46890000068,
              397341.14609999955
            ],
            [
              331854.12129999977,
              397320.56509999745
            ],
            [
              331863.36240000091,
              397310.65360000171
            ],
            [
              331874.34110000078,
              397303.38380000181
            ],
            [
              331884.86120000016,
              397299.75860000029
            ],
            [
              331914.60650000069,
              397297.82800000161
            ],
            [
              331932.25400000066,
              397310.93490000442
            ],
            [
              331957.33289999887,
              397332.85120000131
            ]
          ]
        ]
      }
    },
    {
      "attributes" : {
        "FID" : 4,
        "PMNTN_SN" : 18280,
        "MNTN_CODE" : "471904201",
        "MNTN_NM" : "문수산",
        "PMNTN_NM" : " ",
        "PMNTN_MAIN" : " ",
        "PMNTN_LT" : 2.19,
        "PMNTN_DFFL" : "쉬움",
        "PMNTN_UPPL" : 39,
        "PMNTN_GODN" : 27,
        "PMNTN_MTRQ" : " ",
        "PMNTN_CNRL" : " ",
        "PMNTN_CLS_" : " ",
        "PMNTN_RISK" : " ",
        "PMNTN_RECO" : " ",
        "DATA_STDR_" : "2016-12-31",
        "MNTN_ID" : "471900801"
      },
      "geometry" : {
        "paths" : [
          [
            [
              331713.7042000005,
              397430.46959999949
            ],
            [
              331679.49600000028,
              397466.34640000388
            ],
            [
              331659.47169999965,
              397474.68989999965
            ],
            [
              331617.75450000167,
              397492.21110000275
            ],
            [
              331596.89589999989,
              397507.22929999977
            ],
            [
              331580.20900000073,
              397518.07580000162
            ],
            [
              331555.17860000115,
              397528.08790000342
            ],
            [
              331515.13009999972,
              397552.28390000388
            ],
            [
              331493.43709999975,
              397581.48599999957
            ],
            [
              331478.41890000086,
              397605.68200000003
            ],
            [
              331468.4068,
              397617.36279999837
            ],
            [
              331463.40070000011,
              397624.87199999951
            ],
            [
              331454.2229000004,
              397644.89620000124
            ],
            [
              331454.2229000004,
              397660.7488000039
            ],
            [
              331469.24110000208,
              397710.80950000323
            ],
            [
              331469.24110000208,
              397757.53280000016
            ],
            [
              331468.4068,
              397796.74700000137
            ],
            [
              331475.08150000125,
              397846.8077000007
            ],
            [
              331483.42500000075,
              397888.52500000224
            ],
            [
              331484.25930000097,
              397921.89880000241
            ],
            [
              331484.25930000097,
              397943.59170000255
            ],
            [
              331483.42500000075,
              397965.28470000252
            ],
            [
              331479.25320000108,
              397993.65240000188
            ],
            [
              331470.90980000049,
              398037.03840000182
            ],
            [
              331458.3946000021,
              398082.09300000221
            ],
            [
              331436.70160000026,
              398112.96370000206
            ],
            [
              331417.51169999968,
              398146.33750000224
            ],
            [
              331391.64700000081,
              398176.37400000356
            ],
            [
              331349.09539999999,
              398221.42860000208
            ],
            [
              331314.05289999954,
              398265.6489000041
            ],
            [
              331292.36000000034,
              398282.33579999954
            ],
            [
              331283.18220000155,
              398295.68530000187
            ],
            [
              331278.17610000167,
              398319.88130000234
            ],
            [
              331279.01049999986,
              398341.57430000231
            ],
            [
              331264.82660000026,
              398367.43890000135
            ],
            [
              331246.4709999999,
              398385.79450000077
            ],
            [
              331218.10330000054,
              398426.67740000039
            ],
            [
              331202.25070000067,
              398448.37040000036
            ],
            [
              331193.90730000008,
              398476.73809999973
            ],
            [
              331186.3981999997,
              398489.25329999998
            ],
            [
              331177.22039999999,
              398499.26540000178
            ],
            [
              331168.87690000143,
              398513.44930000044
            ],
            [
              331173.04860000033,
              398531.80489999987
            ],
            [
              331179.72340000141,
              398564.34440000169
            ],
            [
              331179.87980000209,
              398576.28590000235
            ],
            [
              331170.4935000008,
              398594.11999999918
            ],
            [
              331169.08550000098,
              398612.42350000143
            ],
            [
              331170.02410000097,
              398622.74850000255
            ],
            [
              331169.08550000098,
              398639.17470000312
            ],
            [
              331159.69909999985,
              398653.25420000218
            ],
            [
              331159.69909999985,
              398667.33380000107
            ],
            [
              331160.16840000078,
              398690.3303999994
            ],
            [
              331159.69909999985,
              398703.47140000202
            ],
            [
              331165.33100000024,
              398721.30550000444
            ],
            [
              331167.67760000005,
              398740.54759999923
            ],
            [
              331171.43210000079,
              398758.85100000165
            ],
            [
              331171.90139999986,
              398771.99190000072
            ],
            [
              331179.87980000209,
              398798.27380000055
            ],
            [
              331178.47190000117,
              398812.35339999944
            ],
            [
              331185.51170000061,
              398829.24889999814
            ],
            [
              331196.3060000008,
              398838.63529999927
            ],
            [
              331194.89809999987,
              398853.18410000019
            ],
            [
              331194.89809999987,
              398876.18080000207
            ],
            [
              331196.3060000008,
              398891.19899999909
            ],
            [
              331200.52990000136,
              398903.40130000375
            ],
            [
              331214.14010000043,
              398924.05130000226
            ],
            [
              331219.30260000192,
              398930.15249999985
            ],
            [
              331216.01740000211,
              398944.2320000045
            ],
            [
              331215.54810000025,
              398960.65819999762
            ],
            [
              331211.79350000061,
              398982.2469000034
            ],
            [
              331218.36400000192,
              399001.95829999819
            ],
            [
              331212.26290000044,
              399014.16059999913
            ],
            [
              331205.22310000099,
              399019.79240000062
            ],
            [
              331201.46850000136,
              399023.54690000042
            ],
            [
              331198.18329999968,
              399027.30150000192
            ],
            [
              331198.18329999968,
              399036.21859999932
            ],
            [
              331196.77529999986,
              399042.31970000267
            ],
            [
              331193.95940000098,
              399047.95150000043
            ],
            [
              331188.79690000042,
              399058.27660000138
            ],
            [
              331188.32760000136,
              399070.47890000045
            ],
            [
              331185.98100000154,
              399095.35280000232
            ],
            [
              331196.3060000008,
              399119.28800000437
            ],
            [
              331206.16170000099,
              399135.24490000121
            ],
            [
              331210.85490000062,
              399149.79380000196
            ],
            [
              331213.67080000136,
              399162.93469999917
            ],
            [
              331212.73220000137,
              399184.52339999937
            ],
            [
              331206.63100000005,
              399200.01090000197
            ],
            [
              331213.20150000043,
              399218.78370000049
            ],
            [
              331224.93449999951,
              399229.10870000161
            ],
            [
              331241.83000000007,
              399249.75870000012
            ],
            [
              331262.01070000231,
              399263.36900000274
            ],
            [
              331284.53799999971,
              399272.755400002
            ],
            [
              331310.13340000063,
              399287.82380000129
            ]
          ]
        ]
      }
    },
    {
      "attributes" : {
        "FID" : 5,
        "PMNTN_SN" : 18281,
        "MNTN_CODE" : "471904201",
        "MNTN_NM" : "문수산",
        "PMNTN_NM" : " ",
        "PMNTN_MAIN" : " ",
        "PMNTN_LT" : 1.08,
        "PMNTN_DFFL" : "쉬움",
        "PMNTN_UPPL" : 19,
        "PMNTN_GODN" : 13,
        "PMNTN_MTRQ" : " ",
        "PMNTN_CNRL" : " ",
        "PMNTN_CLS_" : " ",
        "PMNTN_RISK" : " ",
        "PMNTN_RECO" : " ",
        "DATA_STDR_" : "2016-12-31",
        "MNTN_ID" : "471900801"
      },
      "geometry" : {
        "paths" : [
          [
            [
              332275.7377999993,
              397514.8300999999
            ],
            [
              332284.99740000069,
              397513.94820000045
            ],
            [
              332301.31180000026,
              397506.4523000028
            ],
            [
              332314.98070000112,
              397501.16119999997
            ],
            [
              332329.090499999,
              397501.16119999997
            ],
            [
              332344.96410000045,
              397504.68860000186
            ],
            [
              332359.07390000112,
              397509.09789999947
            ],
            [
              332375.82930000033,
              397517.0346999988
            ],
            [
              332382.8842000002,
              397524.08960000053
            ],
            [
              332385.5298000006,
              397539.52219999954
            ],
            [
              332386.41170000006,
              397551.86830000021
            ],
            [
              332389.93910000101,
              397554.51390000433
            ],
            [
              332402.72620000131,
              397545.69529999979
            ],
            [
              332411.10390000045,
              397537.31760000065
            ],
            [
              332434.03230000101,
              397532.90829999745
            ],
            [
              332449.90589999966,
              397531.1445000004
            ],
            [
              332481.65299999993,
              397532.90829999745
            ],
            [
              332506.34520000033,
              397535.55390000157
            ],
            [
              332523.10059999954,
              397543.04970000125
            ],
            [
              332539.4151000008,
              397550.5455000028
            ],
            [
              332560.13889999967,
              397558.04140000045
            ],
            [
              332565.87100000028,
              397559.80509999953
            ],
            [
              332576.4533000011,
              397564.21440000273
            ],
            [
              332587.03570000175,
              397566.41910000145
            ],
            [
              332595.8543000007,
              397566.86000000127
            ],
            [
              332608.20040000044,
              397566.41910000145
            ],
            [
              332621.86930000037,
              397565.537200002
            ],
            [
              332630.24700000044,
              397563.33260000311
            ],
            [
              332636.42010000069,
              397570.38750000298
            ],
            [
              332637.34390000068,
              397576.68640000187
            ],
            [
              332641.27029999997,
              397588.46570000052
            ],
            [
              332646.56150000077,
              397599.48900000378
            ],
            [
              332652.29360000044,
              397618.8900000006
            ],
            [
              332655.71220000181,
              397630.42790000141
            ],
            [
              332659.34850000031,
              397642.70030000433
            ],
            [
              332673.01740000118,
              397676.21110000089
            ],
            [
              332682.27699999977,
              397691.20280000195
            ],
            [
              332678.42399999965,
              397716.77230000123
            ],
            [
              332677.42670000065,
              397723.39079999924
            ],
            [
              332670.37180000078,
              397746.76019999944
            ],
            [
              332656.70289999992,
              397766.60219999962
            ],
            [
              332639.06570000108,
              397790.41249999963
            ],
            [
              332624.07400000095,
              397813.78190000355
            ],
            [
              332609.5231999997,
              397831.41910000145
            ],
            [
              332589.24039999954,
              397847.73359999992
            ],
            [
              332573.36680000089,
              397865.37089999951
            ],
            [
              332566.75280000083,
              397899.32269999944
            ],
            [
              332564.54820000101,
              397914.75530000031
            ],
            [
              332567.63470000215,
              397934.15630000085
            ],
            [
              332564.98910000175,
              397955.76190000214
            ],
            [
              332558.37510000076,
              397967.22619999945
            ],
            [
              332556.17050000001,
              397990.15460000001
            ],
            [
              332554.88560000062,
              398004.83620000072
            ],
            [
              332555.72950000037,
              398023.66540000215
            ],
            [
              332553.36090000067,
              398028.10649999976
            ],
            [
              332548.67460000049,
              398036.89340000227
            ],
            [
              332550.66820000205,
              398057.50129999965
            ],
            [
              332551.25360000134,
              398060.26860000193
            ],
            [
              332556.26649999898,
              398082.53729999997
            ],
            [
              332562.34350000042,
              398095.09640000202
            ],
            [
              332577.33520000055,
              398107.88340000063
            ],
            [
              332592.7678000005,
              398120.67050000094
            ],
            [
              332598.4999000011,
              398133.89840000123
            ],
            [
              332604.67300000135,
              398143.15799999982
            ],
            [
              332620.98750000075,
              398146.68539999798
            ],
            [
              332626.71960000135,
              398159.03150000051
            ]
          ]
        ]
      }
    },
    {
      "attributes" : {
        "FID" : 6,
        "PMNTN_SN" : 18282,
        "MNTN_CODE" : "471904201",
        "MNTN_NM" : "문수산",
        "PMNTN_NM" : " ",
        "PMNTN_MAIN" : " ",
        "PMNTN_LT" : 0.27,
        "PMNTN_DFFL" : "쉬움",
        "PMNTN_UPPL" : 5,
        "PMNTN_GODN" : 3,
        "PMNTN_MTRQ" : " ",
        "PMNTN_CNRL" : " ",
        "PMNTN_CLS_" : " ",
        "PMNTN_RISK" : " ",
        "PMNTN_RECO" : " ",
        "DATA_STDR_" : "2016-12-31",
        "MNTN_ID" : "471900801"
      },
      "geometry" : {
        "paths" : [
          [
            [
              332307.48490000051,
              397693.40749999881
            ],
            [
              332317.1854000017,
              397686.79350000434
            ],
            [
              332327.76779999863,
              397684.58880000189
            ],
            [
              332341.4366000006,
              397682.82510000281
            ],
            [
              332348.05060000066,
              397679.7386000026
            ],
            [
              332343.20040000137,
              397669.15620000102
            ],
            [
              332329.53150000051,
              397659.89660000242
            ],
            [
              332302.63460000139,
              397647.99149999954
            ],
            [
              332290.7295000013,
              397638.29100000113
            ],
            [
              332265.15539999958,
              397606.98479999974
            ],
            [
              332254.57310000062,
              397595.07970000058
            ],
            [
              332252.80930000078,
              397586.70190000348
            ],
            [
              332255.01400000136,
              397570.38750000298
            ],
            [
              332264.27359999996,
              397558.92320000194
            ],
            [
              332269.56469999999,
              397551.42740000039
            ],
            [
              332277.06060000136,
              397549.22270000353
            ],
            [
              332282.3518000003,
              397546.57709999941
            ],
            [
              332284.55640000198,
              397537.75850000046
            ],
            [
              332281.46990000084,
              397527.61710000224
            ],
            [
              332278.38340000063,
              397523.20780000463
            ],
            [
              332275.7377999993,
              397514.8300999999
            ]
          ]
        ]
      }
    },
    {
      "attributes" : {
        "FID" : 7,
        "PMNTN_SN" : 18283,
        "MNTN_CODE" : "471904201",
        "MNTN_NM" : "문수산",
        "PMNTN_NM" : "인덕리구간",
        "PMNTN_MAIN" : " ",
        "PMNTN_LT" : 0.16,
        "PMNTN_DFFL" : "쉬움",
        "PMNTN_UPPL" : 3,
        "PMNTN_GODN" : 2,
        "PMNTN_MTRQ" : " ",
        "PMNTN_CNRL" : " ",
        "PMNTN_CLS_" : " ",
        "PMNTN_RISK" : " ",
        "PMNTN_RECO" : " ",
        "DATA_STDR_" : "2016-12-31",
        "MNTN_ID" : "471900801"
      },
      "geometry" : {
        "paths" : [
          [
            [
              332307.48490000051,
              397693.40749999881
            ],
            [
              332299.10720000137,
              397693.40749999881
            ],
            [
              332281.91080000065,
              397700.0214000009
            ],
            [
              332263.3917000005,
              397708.84009999968
            ],
            [
              332245.75439999998,
              397714.57220000029
            ],
            [
              332232.52650000062,
              397715.0131000001
            ],
            [
              332220.62129999977,
              397708.84009999968
            ],
            [
              332214.88920000102,
              397702.22609999962
            ],
            [
              332202.54310000129,
              397700.0214000009
            ],
            [
              332191.07890000194,
              397696.05310000293
            ],
            [
              332174.76440000068,
              397691.20280000195
            ],
            [
              332160.2136000013,
              397685.02979999967
            ]
          ]
        ]
      }
    },
    {
      "attributes" : {
        "FID" : 8,
        "PMNTN_SN" : 18284,
        "MNTN_CODE" : "471904201",
        "MNTN_NM" : "문수산",
        "PMNTN_NM" : " ",
        "PMNTN_MAIN" : " ",
        "PMNTN_LT" : 0.96,
        "PMNTN_DFFL" : "쉬움",
        "PMNTN_UPPL" : 17,
        "PMNTN_GODN" : 12,
        "PMNTN_MTRQ" : " ",
        "PMNTN_CNRL" : " ",
        "PMNTN_CLS_" : " ",
        "PMNTN_RISK" : " ",
        "PMNTN_RECO" : " ",
        "DATA_STDR_" : "2016-12-31",
        "MNTN_ID" : "471900801"
      },
      "geometry" : {
        "paths" : [
          [
            [
              332626.71960000135,
              398159.03150000051
            ],
            [
              332610.84600000083,
              398155.50410000235
            ],
            [
              332594.97250000108,
              398150.21290000156
            ],
            [
              332578.65799999982,
              398147.56730000302
            ],
            [
              332563.66629999969,
              398143.15799999982
            ],
            [
              332541.61969999969,
              398138.74870000221
            ],
            [
              332516.92750000209,
              398140.51240000129
            ],
            [
              332510.75450000074,
              398144.03989999928
            ],
            [
              332496.20370000042,
              398162.99990000203
            ],
            [
              332486.50320000015,
              398174.90509999916
            ],
            [
              332481.21200000122,
              398182.84190000221
            ],
            [
              332475.03899999987,
              398181.51909999922
            ],
            [
              332469.74780000094,
              398176.22790000215
            ],
            [
              332461.81099999975,
              398164.76370000094
            ],
            [
              332457.40170000214,
              398144.48079999909
            ],
            [
              332452.55150000006,
              398139.18960000202
            ],
            [
              332438.44170000125,
              398137.86680000462
            ],
            [
              332430.06390000135,
              398138.74870000221
            ],
            [
              332415.95410000067,
              398136.10309999995
            ],
            [
              332406.25360000134,
              398135.22120000049
            ],
            [
              332389.49820000026,
              398133.0166000016
            ],
            [
              332380.23859999981,
              398130.37099999934
            ],
            [
              332375.38839999959,
              398129.04820000008
            ],
            [
              332369.65630000085,
              398125.52070000209
            ],
            [
              332360.8376000002,
              398117.58390000276
            ],
            [
              332357.31020000204,
              398101.26950000226
            ],
            [
              332350.69620000105,
              398088.48240000196
            ],
            [
              332343.20040000137,
              398079.66379999928
            ],
            [
              332339.67289999966,
              398071.72699999996
            ],
            [
              332337.02730000112,
              398059.8219000008
            ],
            [
              332342.31850000005,
              398054.08970000222
            ],
            [
              332354.66460000165,
              398049.23949999921
            ],
            [
              332365.68790000118,
              398050.12140000239
            ],
            [
              332371.41999999993,
              398047.03480000049
            ],
            [
              332370.09720000066,
              398037.77530000173
            ],
            [
              332367.45160000026,
              398019.69710000232
            ],
            [
              332359.51480000094,
              397996.76860000007
            ],
            [
              332352.90089999977,
              397990.59560000338
            ],
            [
              332352.01900000032,
              397980.89509999938
            ],
            [
              332354.2237000009,
              397973.39919999987
            ],
            [
              332359.07390000112,
              397969.43080000393
            ],
            [
              332368.77440000139,
              397963.25780000165
            ],
            [
              332378.9159000013,
              397958.84850000031
            ],
            [
              332388.61640000064,
              397955.76190000214
            ],
            [
              332396.11220000032,
              397952.67540000007
            ],
            [
              332400.52150000073,
              397948.26610000245
            ],
            [
              332401.8443,
              397943.41580000147
            ],
            [
              332400.52150000073,
              397933.71530000307
            ],
            [
              332395.23029999901,
              397927.10140000097
            ],
            [
              332386.41170000006,
              397913.87340000086
            ],
            [
              332375.38839999959,
              397892.70869999938
            ],
            [
              332362.60140000097,
              397872.42579999939
            ],
            [
              332357.31020000204,
              397864.92999999784
            ],
            [
              332355.98739999998,
              397856.11130000092
            ],
            [
              332355.98739999998,
              397844.64710000157
            ],
            [
              332357.31020000204,
              397834.94659999944
            ],
            [
              332355.98739999998,
              397827.45079999976
            ],
            [
              332349.81430000067,
              397824.80520000122
            ],
            [
              332339.23200000171,
              397828.33259999938
            ],
            [
              332320.71279999986,
              397837.5922000017
            ],
            [
              332309.68950000033,
              397843.32430000231
            ],
            [
              332289.40670000017,
              397843.32430000231
            ],
            [
              332281.91080000065,
              397845.08800000325
            ],
            [
              332264.27359999996,
              397832.30100000091
            ],
            [
              332254.13210000005,
              397816.8684000019
            ],
            [
              332247.07720000204,
              397794.82180000097
            ],
            [
              332245.31350000016,
              397780.71200000122
            ],
            [
              332248.4000000013,
              397763.07470000349
            ],
            [
              332260.30520000029,
              397748.96490000188
            ],
            [
              332270.00570000056,
              397727.80020000041
            ],
            [
              332278.38340000063,
              397717.65870000422
            ],
            [
              332297.34350000136,
              397708.39910000004
            ],
            [
              332308.36670000106,
              397702.22609999962
            ],
            [
              332307.48490000051,
              397693.40749999881
            ]
          ]
        ]
      }
    },
    {
      "attributes" : {
        "FID" : 9,
        "PMNTN_SN" : 18285,
        "MNTN_CODE" : "471904201",
        "MNTN_NM" : "문수산",
        "PMNTN_NM" : " ",
        "PMNTN_MAIN" : " ",
        "PMNTN_LT" : 2.37,
        "PMNTN_DFFL" : "쉬움",
        "PMNTN_UPPL" : 42,
        "PMNTN_GODN" : 29,
        "PMNTN_MTRQ" : " ",
        "PMNTN_CNRL" : " ",
        "PMNTN_CLS_" : " ",
        "PMNTN_RISK" : " ",
        "PMNTN_RECO" : " ",
        "DATA_STDR_" : "2016-12-31",
        "MNTN_ID" : "471900801"
      },
      "geometry" : {
        "paths" : [
          [
            [
              332626.71960000135,
              398159.03150000051
            ],
            [
              332640.82940000016,
              398179.75530000031
            ],
            [
              332661.5532000009,
              398214.58900000155
            ],
            [
              332679.19050000142,
              398244.57230000198
            ],
            [
              332700.03579999972,
              398266.17559999973
            ],
            [
              332703.44170000032,
              398269.70540000126
            ],
            [
              332703.49930000212,
              398278.4365000017
            ],
            [
              332703.52589999977,
              398282.47790000215
            ],
            [
              332709.13450000063,
              398306.31460000016
            ],
            [
              332712.72729999945,
              398311.10500000045
            ],
            [
              332716.14529999997,
              398315.66230000183
            ],
            [
              332724.55820000079,
              398324.54260000214
            ],
            [
              332732.503800001,
              398328.74910000153
            ],
            [
              332739.51450000145,
              398333.42290000431
            ],
            [
              332748.86230000015,
              398337.62940000184
            ],
            [
              332753.53610000201,
              398346.97709999979
            ],
            [
              332755.4056000011,
              398361.93340000324
            ],
            [
              332755.4056000011,
              398375.95500000007
            ],
            [
              332751.66660000011,
              398394.65040000156
            ],
            [
              332745.59059999976,
              398404.93290000223
            ],
            [
              332734.84069999959,
              398419.42180000246
            ],
            [
              332722.22130000219,
              398438.58459999971
            ],
            [
              332711.00399999972,
              398461.48650000244
            ],
            [
              332704.92800000217,
              398482.51879999973
            ],
            [
              332699.31940000132,
              398501.68160000071
            ],
            [
              332698.57359999977,
              398504.80040000193
            ],
            [
              332695.96740000136,
              398515.69930000231
            ],
            [
              332694.96400000062,
              398523.70530000143
            ],
            [
              332694.34010000154,
              398538.36000000127
            ],
            [
              332694.47610000055,
              398551.11150000244
            ],
            [
              332694.6827000007,
              398559.95949999988
            ],
            [
              332694.87150000036,
              398570.33080000058
            ],
            [
              332695.97190000117,
              398583.14660000242
            ],
            [
              332698.85200000182,
              398594.22389999963
            ],
            [
              332699.32760000043,
              398601.39370000176
            ],
            [
              332698.30760000087,
              398608.35850000009
            ],
            [
              332697.06140000094,
              398614.68130000122
            ],
            [
              332694.64560000133,
              398618.99540000036
            ],
            [
              332689.50430000201,
              398625.07139999978
            ],
            [
              332683.89570000116,
              398635.35390000045
            ],
            [
              332668.00459999964,
              398656.38620000146
            ],
            [
              332652.58090000134,
              398668.07080000453
            ],
            [
              332632.01590000093,
              398678.35330000147
            ],
            [
              332618.9291000003,
              398683.49450000003
            ],
            [
              332612.38570000045,
              398686.29890000075
            ],
            [
              332599.76630000025,
              398689.57050000131
            ],
            [
              332582.00569999963,
              398694.7117999997
            ],
            [
              332574.99490000028,
              398701.25520000421
            ],
            [
              332566.58200000226,
              398707.7985999994
            ],
            [
              332557.23429999966,
              398713.40719999932
            ],
            [
              332548.82129999995,
              398718.08110000007
            ],
            [
              332533.86500000115,
              398730.23310000077
            ],
            [
              332529.65850000083,
              398739.58080000244
            ],
            [
              332529.19110000134,
              398750.33060000278
            ],
            [
              332535.73450000025,
              398761.54790000245
            ],
            [
              332539.94099999964,
              398777.43899999931
            ],
            [
              332537.01990000065,
              398791.46060000174
            ],
            [
              332521.24560000002,
              398808.28639999963
            ],
            [
              332511.43049999978,
              398822.65850000456
            ],
            [
              332493.90359999985,
              398837.03060000017
            ],
            [
              332487.59390000161,
              398846.49520000257
            ],
            [
              332487.59390000161,
              398851.0522000026
            ],
            [
              332486.19170000032,
              398858.76400000229
            ],
            [
              332484.08850000054,
              398868.5791000016
            ],
            [
              332480.93360000011,
              398888.55990000255
            ],
            [
              332474.97440000065,
              398910.99430000037
            ],
            [
              332469.01530000009,
              398920.10840000026
            ],
            [
              332456.74640000053,
              398937.63530000113
            ],
            [
              332447.98290000111,
              398949.55360000022
            ],
            [
              332441.32270000037,
              398950.60530000366
            ],
            [
              332433.26030000113,
              398950.25470000319
            ],
            [
              332424.84740000032,
              398951.30630000308
            ],
            [
              332416.43440000061,
              398956.91500000097
            ],
            [
              332410.12469999958,
              398966.73010000028
            ],
            [
              332406.6193000013,
              398974.44190000184
            ],
            [
              332400.66020000074,
              398978.29780000076
            ],
            [
              332393.9999000011,
              398980.05050000176
            ],
            [
              332388.74190000072,
              398988.46350000054
            ],
            [
              332379.9784000013,
              399000.73230000213
            ],
            [
              332372.26649999991,
              399009.84630000219
            ],
            [
              332365.60630000196,
              399020.71310000122
            ],
            [
              332355.79119999986,
              399036.83789999969
            ],
            [
              332343.17180000059,
              399045.95189999975
            ],
            [
              332335.81049999967,
              399057.16910000145
            ],
            [
              332328.44909999985,
              399064.88100000098
            ],
            [
              332322.49000000115,
              399074.34549999982
            ],
            [
              332317.93300000113,
              399083.81010000221
            ],
            [
              332314.07699999958,
              399089.41870000213
            ],
            [
              332308.46840000059,
              399089.76920000464
            ],
            [
              332301.45760000218,
              399086.26380000263
            ],
            [
              332294.44689999986,
              399081.7068000026
            ],
            [
              332288.48770000041,
              399080.65520000271
            ],
            [
              332283.22960000113,
              399082.05739999935
            ],
            [
              332274.11560000014,
              399083.45950000174
            ],
            [
              332266.75430000108,
              399083.10899999924
            ],
            [
              332258.69189999998,
              399083.10899999924
            ],
            [
              332249.92840000056,
              399086.61439999938
            ],
            [
              332245.02090000082,
              399091.87250000238
            ],
            [
              332222.93690000102,
              399112.90479999967
            ],
            [
              332202.9561999999,
              399135.68980000168
            ],
            [
              332187.53249999974,
              399149.71140000038
            ],
            [
              332175.26360000018,
              399156.72220000252
            ],
            [
              332158.43769999966,
              399160.22760000266
            ],
            [
              332135.65270000044,
              399168.28999999911
            ],
            [
              332115.67199999932,
              399175.65130000189
            ],
            [
              332105.50629999954,
              399181.96100000106
            ],
            [
              332100.5987999998,
              399184.76530000009
            ],
            [
              332091.48480000068,
              399185.46640000306
            ],
            [
              332081.66970000044,
              399186.16750000045
            ],
            [
              332076.06110000052,
              399187.21910000034
            ],
            [
              332071.85460000113,
              399192.47719999962
            ],
            [
              332070.10190000106,
              399200.89010000229
            ],
            [
              332064.84379999992,
              399211.75680000149
            ],
            [
              332062.74060000014,
              399220.52030000091
            ],
            [
              332057.13200000208,
              399236.99560000189
            ],
            [
              332046.6157999998,
              399263.98709999956
            ],
            [
              332041.35770000052,
              399280.46250000224
            ],
            [
              332031.89319999982,
              399297.98940000124
            ],
            [
              332022.42860000022,
              399314.81530000269
            ],
            [
              332014.71670000069,
              399322.52710000426
            ],
            [
              332006.30379999988,
              399325.68200000189
            ],
            [
              331999.29300000053,
              399325.68200000189
            ],
            [
              331988.07579999976,
              399325.33140000142
            ],
            [
              331970.89940000139,
              399320.77440000139
            ],
            [
              331944.60890000034,
              399303.59799999744
            ],
            [
              331930.58739999961,
              399285.72050000168
            ],
            [
              331920.77230000217,
              399282.56570000201
            ],
            [
              331911.65830000024,
              399281.16350000165
            ],
            [
              331901.84320000093,
              399282.91620000452
            ],
            [
              331898.33780000079,
              399287.12270000204
            ],
            [
              331891.32699999958,
              399289.57650000416
            ],
            [
              331885.36790000089,
              399289.57650000416
            ],
            [
              331875.20220000111,
              399287.47320000082
            ],
            [
              331865.73770000041,
              399285.37000000104
            ],
            [
              331856.97420000099,
              399280.81299999915
            ],
            [
              331849.96339999977,
              399276.25599999912
            ],
            [
              331843.65370000061,
              399271.69899999909
            ],
            [
              331833.48809999973,
              399266.44089999981
            ],
            [
              331823.67299999949,
              399263.28600000031
            ],
            [
              331806.84710000176,
              399259.78070000373
            ],
            [
              331792.4749999987,
              399255.92470000125
            ],
            [
              331765.83409999963,
              399249.96560000442
            ],
            [
              331749.35870000068,
              399246.46020000242
            ],
            [
              331741.29629999958,
              399244.70750000142
            ],
            [
              331728.67690000031,
              399243.65589999966
            ],
            [
              331724.47049999982,
              399242.2536999993
            ],
            [
              331718.51130000129,
              399239.09889999963
            ],
            [
              331714.65540000051,
              399235.944000002
            ],
            [
              331706.2424000008,
              399228.23210000247
            ],
            [
              331686.26170000061,
              399223.32459999993
            ],
            [
              331670.13689999934,
              399222.62350000069
            ],
            [
              331647.70240000077,
              399219.11810000055
            ],
            [
              331628.07220000215,
              399215.96330000088
            ],
            [
              331608.44200000074,
              399214.91170000099
            ],
            [
              331598.27639999986,
              399216.66440000385
            ],
            [
              331584.95590000134,
              399218.76760000363
            ],
            [
              331566.72790000122,
              399225.77840000018
            ],
            [
              331547.44830000121,
              399238.04720000178
            ],
            [
              331519.05460000038,
              399250.66660000384
            ],
            [
              331489.95990000013,
              399262.58500000089
            ],
            [
              331484.0007000016,
              399266.44089999981
            ],
            [
              331472.08239999972,
              399273.10109999962
            ],
            [
              331462.26730000041,
              399278.35920000263
            ],
            [
              331455.60700000077,
              399282.91620000452
            ],
            [
              331446.49299999978,
              399286.7722000014
            ],
            [
              331437.37900000066,
              399289.57650000416
            ],
            [
              331430.36820000131,
              399293.78289999813
            ],
            [
              331419.85210000072,
              399299.041000003
            ],
            [
              331412.14020000119,
              399301.84530000016
            ],
            [
              331401.27350000199,
              399303.94859999977
            ],
            [
              331394.96380000096,
              399303.94859999977
            ],
            [
              331387.60250000004,
              399303.94859999977
            ],
            [
              331379.5401000008,
              399303.94859999977
            ],
            [
              331369.72500000149,
              399304.64959999919
            ],
            [
              331361.31200000178,
              399304.64959999919
            ],
            [
              331355.00230000075,
              399301.14430000074
            ],
            [
              331342.73350000102,
              399300.79370000027
            ],
            [
              331332.56790000014,
              399297.28830000013
            ],
            [
              331324.15490000043,
              399290.62810000405
            ],
            [
              331310.13340000063,
              399287.82380000129
            ]
          ]
        ]
      }
    },
    {
      "attributes" : {
        "FID" : 10,
        "PMNTN_SN" : 18286,
        "MNTN_CODE" : "471904201",
        "MNTN_NM" : "문수산",
        "PMNTN_NM" : " ",
        "PMNTN_MAIN" : " ",
        "PMNTN_LT" : 2.68,
        "PMNTN_DFFL" : "쉬움",
        "PMNTN_UPPL" : 47,
        "PMNTN_GODN" : 33,
        "PMNTN_MTRQ" : " ",
        "PMNTN_CNRL" : " ",
        "PMNTN_CLS_" : " ",
        "PMNTN_RISK" : " ",
        "PMNTN_RECO" : " ",
        "DATA_STDR_" : "2016-12-31",
        "MNTN_ID" : "471900801"
      },
      "geometry" : {
        "paths" : [
          [
            [
              331310.13340000063,
              399287.82380000129
            ],
            [
              331315.93020000029,
              399281.88100000285
            ],
            [
              331317.18170000054,
              399273.74610000104
            ],
            [
              331310.92410000041,
              399258.72790000029
            ],
            [
              331305.29230000079,
              399253.09610000253
            ],
            [
              331287.20350000076,
              399237.27759999968
            ],
            [
              331275.57600000035,
              399227.52740000188
            ],
            [
              331265.3601000011,
              399217.20959999971
            ],
            [
              331256.52680000104,
              399209.71500000171
            ],
            [
              331254.88060000073,
              399203.32129999809
            ],
            [
              331259.14620000031,
              399197.50540000014
            ],
            [
              331276.50740000047,
              399175.50200000033
            ],
            [
              331287.14529999997,
              399160.48379999958
            ],
            [
              331287.32859999966,
              399152.14310000092
            ],
            [
              331281.55719999969,
              399143.74840000086
            ],
            [
              331273.62610000093,
              399133.99819999933
            ],
            [
              331272.05450000055,
              399121.73039999977
            ],
            [
              331281.89180000126,
              399113.34820000082
            ],
            [
              331289.84910000116,
              399110.18550000153
            ],
            [
              331304.66660000104,
              399107.29429999925
            ],
            [
              331314.2136000013,
              399107.58520000242
            ],
            [
              331323.70120000094,
              399106.68310000002
            ],
            [
              331329.6969000008,
              399099.17400000058
            ],
            [
              331332.8358000014,
              399086.79719999805
            ],
            [
              331338.31190000009,
              399075.27879999951
            ],
            [
              331346.20409999974,
              399066.34200000204
            ],
            [
              331355.8769000005,
              399057.55370000191
            ],
            [
              331373.44180000201,
              399038.92659999989
            ],
            [
              331388.91320000216,
              399020.64120000228
            ],
            [
              331403.11440000031,
              398994.23580000177
            ],
            [
              331409.05189999938,
              398978.34439999983
            ],
            [
              331409.16830000095,
              398963.99560000002
            ],
            [
              331409.82330000028,
              398943.46189999953
            ],
            [
              331417.8944000015,
              398929.80790000223
            ],
            [
              331430.4441000009,
              398917.06370000169
            ],
            [
              331433.57290000003,
              398904.54850000143
            ],
            [
              331432.42060000077,
              398880.36439999938
            ],
            [
              331430.29839999974,
              398865.43140000105
            ],
            [
              331425.65620000102,
              398846.92049999908
            ],
            [
              331426.02010000218,
              398825.07710000128
            ],
            [
              331432.32130000088,
              398801.29830000177
            ],
            [
              331440.93630000018,
              398784.50469999947
            ],
            [
              331446.52530000079,
              398774.16080000252
            ],
            [
              331456.9151000008,
              398756.64809999987
            ],
            [
              331462.71580000035,
              398744.95940000191
            ],
            [
              331466.57800000068,
              398739.52280000225
            ],
            [
              331469.94039999973,
              398743.13000000082
            ],
            [
              331468.92040000204,
              398750.98640000261
            ],
            [
              331469.24110000208,
              398765.00430000015
            ],
            [
              331464.2350000022,
              398795.0407000035
            ],
            [
              331461.61000000034,
              398802.74799999967
            ],
            [
              331473.02560000028,
              398815.81299999915
            ],
            [
              331480.03870000038,
              398822.0644000005
            ],
            [
              331493.64570000023,
              398844.4757000003
            ],
            [
              331503.03210000135,
              398863.24840000086
            ],
            [
              331517.42449999973,
              398888.27880000137
            ],
            [
              331523.68210000079,
              398894.95839999989
            ],
            [
              331528.22100000083,
              398896.74260000139
            ],
            [
              331533.69419999979,
              398895.78790000267
            ],
            [
              331548.29040000029,
              398877.11700000241
            ],
            [
              331563.30860000104,
              398855.47739999928
            ],
            [
              331575.59119999874,
              398838.81460000016
            ],
            [
              331598.14740000013,
              398817.56799999997
            ],
            [
              331603.77919999976,
              398806.30440000072
            ],
            [
              331602.52770000231,
              398793.16350000352
            ],
            [
              331603.99740000069,
              398780.44460000098
            ],
            [
              331608.2321000006,
              398773.29919999838
            ],
            [
              331615.60010000132,
              398768.84470000304
            ],
            [
              331625.60780000221,
              398763.33080000244
            ],
            [
              331627.55810000096,
              398751.86340000294
            ],
            [
              331631.93840000033,
              398740.59970000014
            ],
            [
              331640.14599999972,
              398726.01140000112
            ],
            [
              331643.23130000103,
              398714.40500000119
            ],
            [
              331652.22719999962,
              398704.70780000277
            ],
            [
              331659.64100000076,
              398692.25239999965
            ],
            [
              331664.25960000139,
              398679.01350000128
            ],
            [
              331666.35510000028,
              398667.3860000018
            ],
            [
              331673.70299999975,
              398657.83369999938
            ],
            [
              331685.15680000093,
              398644.82970000058
            ],
            [
              331690.7312000012,
              398631.88760000095
            ],
            [
              331692.62250000052,
              398622.89890000038
            ],
            [
              331707.65520000085,
              398600.4298000019
            ],
            [
              331733.93700000178,
              398577.90249999985
            ],
            [
              331750.40949999914,
              398561.43000000156
            ],
            [
              331762.72190000117,
              398549.11759999953
            ],
            [
              331767.62760000117,
              398535.94190000184
            ],
            [
              331767.72800000105,
              398524.71299999952
            ],
            [
              331768.53880000114,
              398513.44859999977
            ],
            [
              331768.97950000223,
              398498.4310999997
            ],
            [
              331771.59260000195,
              398488.95540000312
            ],
            [
              331777.11440000124,
              398479.65830000117
            ],
            [
              331778.6231000023,
              398472.14860000275
            ],
            [
              331787.16760000121,
              398461.37810000405
            ],
            [
              331800.47600000072,
              398447.53610000201
            ],
            [
              331818.74270000029,
              398428.12820000015
            ],
            [
              331838.02160000056,
              398413.32790000178
            ],
            [
              331847.44060000125,
              398403.61990000121
            ],
            [
              331850.53670000006,
              398391.63500000164
            ],
            [
              331856.41320000123,
              398373.69800000079
            ],
            [
              331861.38320000004,
              398362.43290000036
            ],
            [
              331859.3554000007,
              398344.44620000198
            ],
            [
              331860.54889999982,
              398329.05910000205
            ],
            [
              331857.77820000052,
              398317.44649999961
            ],
            [
              331859.7145000007,
              398304.02869999968
            ],
            [
              331865.23140000179,
              398296.13649999723
            ],
            [
              331873.09330000076,
              398291.82400000282
            ],
            [
              331879.09850000031,
              398281.50140000321
            ],
            [
              331877.23579999991,
              398264.81450000219
            ],
            [
              331871.3953999998,
              398254.80240000226
            ],
            [
              331863.88630000129,
              398245.62460000254
            ],
            [
              331857.65740000084,
              398239.9644000046
            ],
            [
              331854.70849999972,
              398233.10940000229
            ],
            [
              331850.53670000006,
              398199.73560000211
            ],
            [
              331850.49810000136,
              398179.4506000001
            ],
            [
              331855.54279999994,
              398163.85880000144
            ],
            [
              331856.26080000121,
              398131.84320000373
            ],
            [
              331860.51870000083,
              398109.56080000103
            ],
            [
              331869.7267000014,
              398091.27080000006
            ],
            [
              331886.41360000055,
              398068.743499998
            ],
            [
              331892.23170000035,
              398055.68200000189
            ],
            [
              331899.07440000121,
              398043.40270000324
            ],
            [
              331904.09970000107,
              398023.42690000124
            ],
            [
              331908.63040000014,
              397996.72790000029
            ],
            [
              331915.69350000005,
              397979.37150000036
            ],
            [
              331934.16530000232,
              397940.30289999954
            ],
            [
              331940.20170000009,
              397926.47320000269
            ],
            [
              331944.14829999954,
              397910.0046000015
            ],
            [
              331947.81470000092,
              397893.32250000164
            ],
            [
              331947.32070000097,
              397876.84410000034
            ],
            [
              331952.32410000078,
              397865.52780000307
            ],
            [
              331959.00160000008,
              397853.48249999993
            ],
            [
              331964.86620000005,
              397844.03999999911
            ],
            [
              331966.93750000093,
              397833.19629999809
            ],
            [
              331966.66590000037,
              397818.63289999962
            ],
            [
              331961.68880000059,
              397808.83540000208
            ],
            [
              331956.42069999967,
              397797.05750000104
            ],
            [
              331955.17780000065,
              397787.4254999999
            ],
            [
              331955.07249999885,
              397777.86750000156
            ],
            [
              331965.92240000051,
              397762.73810000345
            ],
            [
              331973.42810000014,
              397754.03050000221
            ],
            [
              331980.88860000018,
              397742.69879999943
            ],
            [
              331983.73850000091,
              397725.40210000239
            ],
            [
              331980.77240000013,
              397711.21700000018
            ],
            [
              331973.06909999996,
              397668.61690000072
            ],
            [
              331969.01370000094,
              397639.05580000393
            ],
            [
              331973.03000000119,
              397623.45069999993
            ],
            [
              331984.4879999999,
              397610.52320000343
            ],
            [
              331993.34770000167,
              397603.08349999972
            ],
            [
              332003.41590000223,
              397597.62970000133
            ],
            [
              332009.67370000016,
              397593.097000001
            ],
            [
              332017.5998000009,
              397588.78180000186
            ],
            [
              332023.35330000054,
              397583.81640000269
            ],
            [
              332031.49250000156,
              397578.93439999968
            ],
            [
              332031.85210000072,
              397569.5447999984
            ],
            [
              332030.2992000021,
              397557.60050000064
            ],
            [
              332029.19200000074,
              397550.74799999967
            ],
            [
              332027.41789999977,
              397539.76880000159
            ],
            [
              332028.02650000062,
              397528.2826000005
            ],
            [
              332030.66810000036,
              397515.6213000007
            ],
            [
              332040.89370000083,
              397505.93890000135
            ],
            [
              332048.87240000069,
              397485.86580000073
            ],
            [
              332049.11080000084,
              397464.67769999988
            ],
            [
              332050.22389999963,
              397448.10470000096
            ],
            [
              332048.27650000062,
              397435.73760000244
            ],
            [
              332045.88839999959,
              397420.6008999981
            ],
            [
              332038.90460000094,
              397409.16489999928
            ],
            [
              332012.30260000098,
              397389.20840000175
            ],
            [
              331981.52890000213,
              397365.39070000313
            ],
            [
              331960.67030000035,
              397341.19470000267
            ],
            [
              331957.33289999887,
              397332.85120000131
            ]
          ]
        ]
      }
    },
    {
      "attributes" : {
        "FID" : 11,
        "PMNTN_SN" : 18287,
        "MNTN_CODE" : "471904201",
        "MNTN_NM" : "문수산",
        "PMNTN_NM" : "백현리구간",
        "PMNTN_MAIN" : " ",
        "PMNTN_LT" : 0.1,
        "PMNTN_DFFL" : "쉬움",
        "PMNTN_UPPL" : 2,
        "PMNTN_GODN" : 1,
        "PMNTN_MTRQ" : " ",
        "PMNTN_CNRL" : " ",
        "PMNTN_CLS_" : " ",
        "PMNTN_RISK" : " ",
        "PMNTN_RECO" : " ",
        "DATA_STDR_" : "2016-12-31",
        "MNTN_ID" : "471900801"
      },
      "geometry" : {
        "paths" : [
          [
            [
              331310.13340000063,
              399287.82380000129
            ],
            [
              331299.66050000116,
              399293.7704000026
            ],
            [
              331284.62780000083,
              399295.12380000204
            ],
            [
              331269.36220000032,
              399300.18800000288
            ],
            [
              331254.96970000118,
              399310.28760000132
            ],
            [
              331245.8814000003,
              399316.85130000114
            ],
            [
              331241.10110000055,
              399323.8943000026
            ],
            [
              331234.6827000007,
              399335.65510000102
            ],
            [
              331235.20729999989,
              399345.08259999938
            ]
          ]
        ]
      }
    }
  ]
}