{
  "displayFieldName" : "",
  "fieldAliases" : {
    "FID" : "FID",
    "PMNTN_SPOT" : "PMNTN_SPOT",
    "MNTN_CODE" : "MNTN_CODE",
    "MANAGE_SP1" : "MANAGE_SP1",
    "MANAGE_SP2" : "MANAGE_SP2",
    "DETAIL_SPO" : "DETAIL_SPO",
    "ETC_MATTER" : "ETC_MATTER",
    "MNTN_NM" : "MNTN_NM",
    "PAST_SPOT_" : "PAST_SPOT_",
    "MNTN_ID" : "MNTN_ID"
  },
  "geometryType" : "esriGeometryPoint",
  "spatialReference" : {
    "wkt" : "PROJCS[\"PCS_ITRF2000_TM\",GEOGCS[\"GCS_ITRF_2000\",DATUM[\"D_ITRF_2000\",SPHEROID[\"GRS_1980\",6378137.0,298.257222101]],PRIMEM[\"Greenwich\",0.0],UNIT[\"Degree\",0.0174532925199433]],PROJECTION[\"Transverse_Mercator\"],PARAMETER[\"False_Easting\",200000.0],PARAMETER[\"False_Northing\",600000.0],PARAMETER[\"Central_Meridian\",127.0],PARAMETER[\"Scale_Factor\",1.0],PARAMETER[\"Latitude_Of_Origin\",38.0],UNIT[\"Meter\",1.0]]"
  },
  "fields" : [
    {
      "name" : "FID",
      "type" : "esriFieldTypeOID",
      "alias" : "FID"
    },
    {
      "name" : "PMNTN_SPOT",
      "type" : "esriFieldTypeDouble",
      "alias" : "PMNTN_SPOT"
    },
    {
      "name" : "MNTN_CODE",
      "type" : "esriFieldTypeString",
      "alias" : "MNTN_CODE",
      "length" : 9
    },
    {
      "name" : "MANAGE_SP1",
      "type" : "esriFieldTypeString",
      "alias" : "MANAGE_SP1",
      "length" : 2
    },
    {
      "name" : "MANAGE_SP2",
      "type" : "esriFieldTypeString",
      "alias" : "MANAGE_SP2",
      "length" : 50
    },
    {
      "name" : "DETAIL_SPO",
      "type" : "esriFieldTypeString",
      "alias" : "DETAIL_SPO",
      "length" : 200
    },
    {
      "name" : "ETC_MATTER",
      "type" : "esriFieldTypeString",
      "alias" : "ETC_MATTER",
      "length" : 200
    },
    {
      "name" : "MNTN_NM",
      "type" : "esriFieldTypeString",
      "alias" : "MNTN_NM",
      "length" : 50
    },
    {
      "name" : "PAST_SPOT_",
      "type" : "esriFieldTypeString",
      "alias" : "PAST_SPOT_",
      "length" : 14
    },
    {
      "name" : "MNTN_ID",
      "type" : "esriFieldTypeString",
      "alias" : "MNTN_ID",
      "length" : 10
    }
  ],
  "features" : [
    {
      "attributes" : {
        "FID" : 0,
        "PMNTN_SPOT" : 29085,
        "MNTN_CODE" : "451103401",
        "MANAGE_SP1" : "99",
        "MANAGE_SP2" : "기타",
        "DETAIL_SPO" : "김제시경계",
        "ETC_MATTER" : " ",
        "MNTN_NM" : "묘고산",
        "PAST_SPOT_" : "4511034010001",
        "MNTN_ID" : "451103401"
      },
      "geometry" : {
        "x" : 205112.20600000024,
        "y" : 350656.91990000196
      }
    },
    {
      "attributes" : {
        "FID" : 1,
        "PMNTN_SPOT" : 29086,
        "MNTN_CODE" : "451103401",
        "MANAGE_SP1" : "20",
        "MANAGE_SP2" : "동굴",
        "DETAIL_SPO" : "동굴",
        "ETC_MATTER" : " ",
        "MNTN_NM" : "묘고산",
        "PAST_SPOT_" : "4511034010002",
        "MNTN_ID" : "451103401"
      },
      "geometry" : {
        "x" : 204962.93530000001,
        "y" : 350677.24180000089
      }
    },
    {
      "attributes" : {
        "FID" : 2,
        "PMNTN_SPOT" : 29087,
        "MNTN_CODE" : "451103401",
        "MANAGE_SP1" : "23",
        "MANAGE_SP2" : "정상",
        "DETAIL_SPO" : "묘고산정상",
        "ETC_MATTER" : " ",
        "MNTN_NM" : "묘고산",
        "PAST_SPOT_" : "4511034010003",
        "MNTN_ID" : "451103401"
      },
      "geometry" : {
        "x" : 204571.95160000119,
        "y" : 350902.94070000015
      }
    },
    {
      "attributes" : {
        "FID" : 3,
        "PMNTN_SPOT" : 29088,
        "MNTN_CODE" : "451103401",
        "MANAGE_SP1" : "99",
        "MANAGE_SP2" : "기타",
        "DETAIL_SPO" : "주공가족농장",
        "ETC_MATTER" : " ",
        "MNTN_NM" : "묘고산",
        "PAST_SPOT_" : "4511034010004",
        "MNTN_ID" : "451103401"
      },
      "geometry" : {
        "x" : 205467.98410000093,
        "y" : 351635.28079999983
      }
    },
    {
      "attributes" : {
        "FID" : 4,
        "PMNTN_SPOT" : 29089,
        "MNTN_CODE" : "451103401",
        "MANAGE_SP1" : "99",
        "MANAGE_SP2" : "기타",
        "DETAIL_SPO" : "세네길",
        "ETC_MATTER" : " ",
        "MNTN_NM" : "묘고산",
        "PAST_SPOT_" : "4511034010005",
        "MNTN_ID" : "451103401"
      },
      "geometry" : {
        "x" : 206468.94839999918,
        "y" : 352210.09780000336
      }
    },
    {
      "attributes" : {
        "FID" : 5,
        "PMNTN_SPOT" : 29090,
        "MNTN_CODE" : "451103401",
        "MANAGE_SP1" : "99",
        "MANAGE_SP2" : "기타",
        "DETAIL_SPO" : "구덕마을입구",
        "ETC_MATTER" : " ",
        "MNTN_NM" : "묘고산",
        "PAST_SPOT_" : "4511034010006",
        "MNTN_ID" : "451103401"
      },
      "geometry" : {
        "x" : 207097.03460000176,
        "y" : 352475.24110000208
      }
    },
    {
      "attributes" : {
        "FID" : 6,
        "PMNTN_SPOT" : 29091,
        "MNTN_CODE" : "451103401",
        "MANAGE_SP1" : "99",
        "MANAGE_SP2" : "기타",
        "DETAIL_SPO" : "산불감시탑",
        "ETC_MATTER" : " ",
        "MNTN_NM" : "묘고산",
        "PAST_SPOT_" : "4511034010007",
        "MNTN_ID" : "451103401"
      },
      "geometry" : {
        "x" : 206626.09260000009,
        "y" : 352928.01210000366
      }
    },
    {
      "attributes" : {
        "FID" : 7,
        "PMNTN_SPOT" : 29092,
        "MNTN_CODE" : "451103401",
        "MANAGE_SP1" : "99",
        "MANAGE_SP2" : "기타",
        "DETAIL_SPO" : "산입구",
        "ETC_MATTER" : " ",
        "MNTN_NM" : "묘고산",
        "PAST_SPOT_" : "4511034010008",
        "MNTN_ID" : "451103401"
      },
      "geometry" : {
        "x" : 206251.97290000133,
        "y" : 352213.340499999
      }
    },
    {
      "attributes" : {
        "FID" : 8,
        "PMNTN_SPOT" : 29093,
        "MNTN_CODE" : "451103401",
        "MANAGE_SP1" : "99",
        "MANAGE_SP2" : "기타",
        "DETAIL_SPO" : "해송가식장",
        "ETC_MATTER" : " ",
        "MNTN_NM" : "묘고산",
        "PAST_SPOT_" : "4511034010009",
        "MNTN_ID" : "451103401"
      },
      "geometry" : {
        "x" : 206204.25480000116,
        "y" : 352106.61350000277
      }
    },
    {
      "attributes" : {
        "FID" : 9,
        "PMNTN_SPOT" : 29094,
        "MNTN_CODE" : "451103401",
        "MANAGE_SP1" : "99",
        "MANAGE_SP2" : "기타",
        "DETAIL_SPO" : "김제시오봉리",
        "ETC_MATTER" : " ",
        "MNTN_NM" : "묘고산",
        "PAST_SPOT_" : "4511034010010",
        "MNTN_ID" : "451103401"
      },
      "geometry" : {
        "x" : 205356.24909999967,
        "y" : 354890.85520000011
      }
    },
    {
      "attributes" : {
        "FID" : 10,
        "PMNTN_SPOT" : 29095,
        "MNTN_CODE" : "451103401",
        "MANAGE_SP1" : "99",
        "MANAGE_SP2" : "기타",
        "DETAIL_SPO" : "표주석",
        "ETC_MATTER" : " ",
        "MNTN_NM" : "묘고산",
        "PAST_SPOT_" : "4511034010011",
        "MNTN_ID" : "451103401"
      },
      "geometry" : {
        "x" : 205849.00580000132,
        "y" : 355170.15690000169
      }
    },
    {
      "attributes" : {
        "FID" : 11,
        "PMNTN_SPOT" : 29096,
        "MNTN_CODE" : "451103401",
        "MANAGE_SP1" : "99",
        "MANAGE_SP2" : "기타",
        "DETAIL_SPO" : "철탑",
        "ETC_MATTER" : " ",
        "MNTN_NM" : "묘고산",
        "PAST_SPOT_" : "4511034010012",
        "MNTN_ID" : "451103401"
      },
      "geometry" : {
        "x" : 205977.93840000127,
        "y" : 355487.89519999921
      }
    },
    {
      "attributes" : {
        "FID" : 12,
        "PMNTN_SPOT" : 29097,
        "MNTN_CODE" : "451103401",
        "MANAGE_SP1" : "99",
        "MANAGE_SP2" : "기타",
        "DETAIL_SPO" : "산불감시초소",
        "ETC_MATTER" : " ",
        "MNTN_NM" : "묘고산",
        "PAST_SPOT_" : "4511034010013",
        "MNTN_ID" : "451103401"
      },
      "geometry" : {
        "x" : 205937.30620000046,
        "y" : 355501.36060000025
      }
    },
    {
      "attributes" : {
        "FID" : 13,
        "PMNTN_SPOT" : 29098,
        "MNTN_CODE" : "451103401",
        "MANAGE_SP1" : "99",
        "MANAGE_SP2" : "기타",
        "DETAIL_SPO" : "철탑",
        "ETC_MATTER" : " ",
        "MNTN_NM" : "묘고산",
        "PAST_SPOT_" : "4511034010014",
        "MNTN_ID" : "451103401"
      },
      "geometry" : {
        "x" : 205866.46090000123,
        "y" : 355547.9822000023
      }
    },
    {
      "attributes" : {
        "FID" : 14,
        "PMNTN_SPOT" : 29099,
        "MNTN_CODE" : "451103401",
        "MANAGE_SP1" : "99",
        "MANAGE_SP2" : "기타",
        "DETAIL_SPO" : "쓰레기매립장철조망",
        "ETC_MATTER" : " ",
        "MNTN_NM" : "묘고산",
        "PAST_SPOT_" : "4511034010015",
        "MNTN_ID" : "451103401"
      },
      "geometry" : {
        "x" : 205740.51260000095,
        "y" : 355679.98279999942
      }
    },
    {
      "attributes" : {
        "FID" : 15,
        "PMNTN_SPOT" : 29100,
        "MNTN_CODE" : "451103401",
        "MANAGE_SP1" : "99",
        "MANAGE_SP2" : "기타",
        "DETAIL_SPO" : "오리골길",
        "ETC_MATTER" : " ",
        "MNTN_NM" : "묘고산",
        "PAST_SPOT_" : "4511034010016",
        "MNTN_ID" : "451103401"
      },
      "geometry" : {
        "x" : 206282.95990000013,
        "y" : 355392.91330000199
      }
    },
    {
      "attributes" : {
        "FID" : 16,
        "PMNTN_SPOT" : 29101,
        "MNTN_CODE" : "451103401",
        "MANAGE_SP1" : "99",
        "MANAGE_SP2" : "기타",
        "DETAIL_SPO" : "마동마을입구",
        "ETC_MATTER" : " ",
        "MNTN_NM" : "묘고산",
        "PAST_SPOT_" : "4511034010017",
        "MNTN_ID" : "451103401"
      },
      "geometry" : {
        "x" : 206015.04790000152,
        "y" : 354681.85170000046
      }
    },
    {
      "attributes" : {
        "FID" : 17,
        "PMNTN_SPOT" : 29102,
        "MNTN_CODE" : "451103401",
        "MANAGE_SP1" : "99",
        "MANAGE_SP2" : "기타",
        "DETAIL_SPO" : "쑥고개",
        "ETC_MATTER" : " ",
        "MNTN_NM" : "묘고산",
        "PAST_SPOT_" : "4511034010018",
        "MNTN_ID" : "451103401"
      },
      "geometry" : {
        "x" : 206014.18320000172,
        "y" : 354826.61439999938
      }
    },
    {
      "attributes" : {
        "FID" : 18,
        "PMNTN_SPOT" : 29103,
        "MNTN_CODE" : "451103401",
        "MANAGE_SP1" : "99",
        "MANAGE_SP2" : "기타",
        "DETAIL_SPO" : "지하터널",
        "ETC_MATTER" : " ",
        "MNTN_NM" : "묘고산",
        "PAST_SPOT_" : "4511034010019",
        "MNTN_ID" : "451103401"
      },
      "geometry" : {
        "x" : 206014.11899999995,
        "y" : 354923.22310000099
      }
    },
    {
      "attributes" : {
        "FID" : 19,
        "PMNTN_SPOT" : 29104,
        "MNTN_CODE" : "451103401",
        "MANAGE_SP1" : "99",
        "MANAGE_SP2" : "기타",
        "DETAIL_SPO" : "철탑",
        "ETC_MATTER" : " ",
        "MNTN_NM" : "묘고산",
        "PAST_SPOT_" : "4511034010020",
        "MNTN_ID" : "451103401"
      },
      "geometry" : {
        "x" : 206115.69760000147,
        "y" : 355036.63209999911
      }
    },
    {
      "attributes" : {
        "FID" : 20,
        "PMNTN_SPOT" : 29105,
        "MNTN_CODE" : "451103401",
        "MANAGE_SP1" : "99",
        "MANAGE_SP2" : "기타",
        "DETAIL_SPO" : "철탑",
        "ETC_MATTER" : " ",
        "MNTN_NM" : "묘고산",
        "PAST_SPOT_" : "4511034010021",
        "MNTN_ID" : "451103401"
      },
      "geometry" : {
        "x" : 206061.47510000132,
        "y" : 355267.5380000025
      }
    },
    {
      "attributes" : {
        "FID" : 21,
        "PMNTN_SPOT" : 29106,
        "MNTN_CODE" : "451103401",
        "MANAGE_SP1" : "99",
        "MANAGE_SP2" : "기타",
        "DETAIL_SPO" : "분묘",
        "ETC_MATTER" : " ",
        "MNTN_NM" : "묘고산",
        "PAST_SPOT_" : "4511034010022",
        "MNTN_ID" : "451103401"
      },
      "geometry" : {
        "x" : 206024.76680000126,
        "y" : 355196.83490000293
      }
    },
    {
      "attributes" : {
        "FID" : 22,
        "PMNTN_SPOT" : 29107,
        "MNTN_CODE" : "451103401",
        "MANAGE_SP1" : "99",
        "MANAGE_SP2" : "기타",
        "DETAIL_SPO" : "철탑",
        "ETC_MATTER" : " ",
        "MNTN_NM" : "묘고산",
        "PAST_SPOT_" : "4511034010023",
        "MNTN_ID" : "451103401"
      },
      "geometry" : {
        "x" : 206023.5828999998,
        "y" : 355725.85820000246
      }
    },
    {
      "attributes" : {
        "FID" : 23,
        "PMNTN_SPOT" : 29108,
        "MNTN_CODE" : "451103401",
        "MANAGE_SP1" : "99",
        "MANAGE_SP2" : "기타",
        "DETAIL_SPO" : "철탑",
        "ETC_MATTER" : " ",
        "MNTN_NM" : "묘고산",
        "PAST_SPOT_" : "4511034010024",
        "MNTN_ID" : "451103401"
      },
      "geometry" : {
        "x" : 206055.33950000163,
        "y" : 355696.1433000043
      }
    },
    {
      "attributes" : {
        "FID" : 24,
        "PMNTN_SPOT" : 29109,
        "MNTN_CODE" : "451103401",
        "MANAGE_SP1" : "99",
        "MANAGE_SP2" : "기타",
        "DETAIL_SPO" : "오리골길",
        "ETC_MATTER" : " ",
        "MNTN_NM" : "묘고산",
        "PAST_SPOT_" : "4511034010025",
        "MNTN_ID" : "451103401"
      },
      "geometry" : {
        "x" : 206206.06610000227,
        "y" : 355687.42459999956
      }
    },
    {
      "attributes" : {
        "FID" : 25,
        "PMNTN_SPOT" : 29110,
        "MNTN_CODE" : "451103401",
        "MANAGE_SP1" : "01",
        "MANAGE_SP2" : "시종점",
        "DETAIL_SPO" : "시종점",
        "ETC_MATTER" : " ",
        "MNTN_NM" : "묘고산",
        "PAST_SPOT_" : "4511034010026",
        "MNTN_ID" : "451103401"
      },
      "geometry" : {
        "x" : 205112.20600000024,
        "y" : 350657.00860000215
      }
    },
    {
      "attributes" : {
        "FID" : 26,
        "PMNTN_SPOT" : 29111,
        "MNTN_CODE" : "451103401",
        "MANAGE_SP1" : "02",
        "MANAGE_SP2" : "분기점",
        "DETAIL_SPO" : "분기점",
        "ETC_MATTER" : " ",
        "MNTN_NM" : "묘고산",
        "PAST_SPOT_" : "4511034010027",
        "MNTN_ID" : "451103401"
      },
      "geometry" : {
        "x" : 205351.89890000038,
        "y" : 351842.14729999937
      }
    },
    {
      "attributes" : {
        "FID" : 27,
        "PMNTN_SPOT" : 29112,
        "MNTN_CODE" : "451103401",
        "MANAGE_SP1" : "01",
        "MANAGE_SP2" : "시종점",
        "DETAIL_SPO" : "시종점",
        "ETC_MATTER" : " ",
        "MNTN_NM" : "묘고산",
        "PAST_SPOT_" : "4511034010028",
        "MNTN_ID" : "451103401"
      },
      "geometry" : {
        "x" : 205358.73020000104,
        "y" : 354895.55770000257
      }
    },
    {
      "attributes" : {
        "FID" : 28,
        "PMNTN_SPOT" : 29113,
        "MNTN_CODE" : "451103401",
        "MANAGE_SP1" : "02",
        "MANAGE_SP2" : "분기점",
        "DETAIL_SPO" : "분기점",
        "ETC_MATTER" : " ",
        "MNTN_NM" : "묘고산",
        "PAST_SPOT_" : "4511034010029",
        "MNTN_ID" : "451103401"
      },
      "geometry" : {
        "x" : 205401.95660000015,
        "y" : 351987.66679999977
      }
    },
    {
      "attributes" : {
        "FID" : 29,
        "PMNTN_SPOT" : 29114,
        "MNTN_CODE" : "451103401",
        "MANAGE_SP1" : "02",
        "MANAGE_SP2" : "분기점",
        "DETAIL_SPO" : "분기점",
        "ETC_MATTER" : " ",
        "MNTN_NM" : "묘고산",
        "PAST_SPOT_" : "4511034010030",
        "MNTN_ID" : "451103401"
      },
      "geometry" : {
        "x" : 205511.89940000046,
        "y" : 352006.6950000003
      }
    },
    {
      "attributes" : {
        "FID" : 30,
        "PMNTN_SPOT" : 29115,
        "MNTN_CODE" : "451103401",
        "MANAGE_SP1" : "02",
        "MANAGE_SP2" : "분기점",
        "DETAIL_SPO" : "분기점",
        "ETC_MATTER" : " ",
        "MNTN_NM" : "묘고산",
        "PAST_SPOT_" : "4511034010031",
        "MNTN_ID" : "451103401"
      },
      "geometry" : {
        "x" : 205563.81769999955,
        "y" : 351634.05190000124
      }
    },
    {
      "attributes" : {
        "FID" : 31,
        "PMNTN_SPOT" : 29116,
        "MNTN_CODE" : "451103401",
        "MANAGE_SP1" : "01",
        "MANAGE_SP2" : "시종점",
        "DETAIL_SPO" : "시종점",
        "ETC_MATTER" : " ",
        "MNTN_NM" : "묘고산",
        "PAST_SPOT_" : "4511034010032",
        "MNTN_ID" : "451103401"
      },
      "geometry" : {
        "x" : 205739.87069999985,
        "y" : 355680.19319999963
      }
    },
    {
      "attributes" : {
        "FID" : 32,
        "PMNTN_SPOT" : 29117,
        "MNTN_CODE" : "451103401",
        "MANAGE_SP1" : "01",
        "MANAGE_SP2" : "시종점",
        "DETAIL_SPO" : "시종점",
        "ETC_MATTER" : " ",
        "MNTN_NM" : "묘고산",
        "PAST_SPOT_" : "4511034010033",
        "MNTN_ID" : "451103401"
      },
      "geometry" : {
        "x" : 205788.78079999983,
        "y" : 351641.40799999982
      }
    },
    {
      "attributes" : {
        "FID" : 33,
        "PMNTN_SPOT" : 29118,
        "MNTN_CODE" : "451103401",
        "MANAGE_SP1" : "01",
        "MANAGE_SP2" : "시종점",
        "DETAIL_SPO" : "시종점",
        "ETC_MATTER" : " ",
        "MNTN_NM" : "묘고산",
        "PAST_SPOT_" : "4511034010034",
        "MNTN_ID" : "451103401"
      },
      "geometry" : {
        "x" : 205805.49300000072,
        "y" : 355111.52440000139
      }
    },
    {
      "attributes" : {
        "FID" : 34,
        "PMNTN_SPOT" : 29119,
        "MNTN_CODE" : "451103401",
        "MANAGE_SP1" : "01",
        "MANAGE_SP2" : "시종점",
        "DETAIL_SPO" : "시종점",
        "ETC_MATTER" : " ",
        "MNTN_NM" : "묘고산",
        "PAST_SPOT_" : "4511034010035",
        "MNTN_ID" : "451103401"
      },
      "geometry" : {
        "x" : 205827.63260000106,
        "y" : 354568.87590000033
      }
    },
    {
      "attributes" : {
        "FID" : 35,
        "PMNTN_SPOT" : 29120,
        "MNTN_CODE" : "451103401",
        "MANAGE_SP1" : "02",
        "MANAGE_SP2" : "분기점",
        "DETAIL_SPO" : "분기점",
        "ETC_MATTER" : " ",
        "MNTN_NM" : "묘고산",
        "PAST_SPOT_" : "4511034010036",
        "MNTN_ID" : "451103401"
      },
      "geometry" : {
        "x" : 205833.16690000053,
        "y" : 354512.52600000054
      }
    },
    {
      "attributes" : {
        "FID" : 36,
        "PMNTN_SPOT" : 29121,
        "MNTN_CODE" : "451103401",
        "MANAGE_SP1" : "02",
        "MANAGE_SP2" : "분기점",
        "DETAIL_SPO" : "분기점",
        "ETC_MATTER" : " ",
        "MNTN_NM" : "묘고산",
        "PAST_SPOT_" : "4511034010037",
        "MNTN_ID" : "451103401"
      },
      "geometry" : {
        "x" : 205839.26710000169,
        "y" : 354333.42600000091
      }
    },
    {
      "attributes" : {
        "FID" : 37,
        "PMNTN_SPOT" : 29122,
        "MNTN_CODE" : "451103401",
        "MANAGE_SP1" : "02",
        "MANAGE_SP2" : "분기점",
        "DETAIL_SPO" : "분기점",
        "ETC_MATTER" : " ",
        "MNTN_NM" : "묘고산",
        "PAST_SPOT_" : "4511034010038",
        "MNTN_ID" : "451103401"
      },
      "geometry" : {
        "x" : 205862.13960000034,
        "y" : 352349.84270000085
      }
    },
    {
      "attributes" : {
        "FID" : 38,
        "PMNTN_SPOT" : 29123,
        "MNTN_CODE" : "451103401",
        "MANAGE_SP1" : "02",
        "MANAGE_SP2" : "분기점",
        "DETAIL_SPO" : "분기점",
        "ETC_MATTER" : " ",
        "MNTN_NM" : "묘고산",
        "PAST_SPOT_" : "4511034010039",
        "MNTN_ID" : "451103401"
      },
      "geometry" : {
        "x" : 205865.81950000208,
        "y" : 352266.66220000386
      }
    },
    {
      "attributes" : {
        "FID" : 39,
        "PMNTN_SPOT" : 29124,
        "MNTN_CODE" : "451103401",
        "MANAGE_SP1" : "02",
        "MANAGE_SP2" : "분기점",
        "DETAIL_SPO" : "분기점",
        "ETC_MATTER" : " ",
        "MNTN_NM" : "묘고산",
        "PAST_SPOT_" : "4511034010040",
        "MNTN_ID" : "451103401"
      },
      "geometry" : {
        "x" : 205866.52410000004,
        "y" : 355548.05990000255
      }
    },
    {
      "attributes" : {
        "FID" : 40,
        "PMNTN_SPOT" : 29125,
        "MNTN_CODE" : "451103401",
        "MANAGE_SP1" : "02",
        "MANAGE_SP2" : "분기점",
        "DETAIL_SPO" : "분기점",
        "ETC_MATTER" : " ",
        "MNTN_NM" : "묘고산",
        "PAST_SPOT_" : "4511034010041",
        "MNTN_ID" : "451103401"
      },
      "geometry" : {
        "x" : 205941.50980000012,
        "y" : 355693.72670000046
      }
    },
    {
      "attributes" : {
        "FID" : 41,
        "PMNTN_SPOT" : 29126,
        "MNTN_CODE" : "451103401",
        "MANAGE_SP1" : "01",
        "MANAGE_SP2" : "시종점",
        "DETAIL_SPO" : "시종점",
        "ETC_MATTER" : " ",
        "MNTN_NM" : "묘고산",
        "PAST_SPOT_" : "4511034010042",
        "MNTN_ID" : "451103401"
      },
      "geometry" : {
        "x" : 206010.08360000141,
        "y" : 354826.80189999938
      }
    },
    {
      "attributes" : {
        "FID" : 42,
        "PMNTN_SPOT" : 29127,
        "MNTN_CODE" : "451103401",
        "MANAGE_SP1" : "01",
        "MANAGE_SP2" : "시종점",
        "DETAIL_SPO" : "시종점",
        "ETC_MATTER" : " ",
        "MNTN_NM" : "묘고산",
        "PAST_SPOT_" : "4511034010043",
        "MNTN_ID" : "451103401"
      },
      "geometry" : {
        "x" : 206017.97310000006,
        "y" : 354684.6900000032
      }
    },
    {
      "attributes" : {
        "FID" : 43,
        "PMNTN_SPOT" : 29128,
        "MNTN_CODE" : "451103401",
        "MANAGE_SP1" : "02",
        "MANAGE_SP2" : "분기점",
        "DETAIL_SPO" : "분기점",
        "ETC_MATTER" : " ",
        "MNTN_NM" : "묘고산",
        "PAST_SPOT_" : "4511034010044",
        "MNTN_ID" : "451103401"
      },
      "geometry" : {
        "x" : 206037.84340000059,
        "y" : 355080.83980000205
      }
    },
    {
      "attributes" : {
        "FID" : 44,
        "PMNTN_SPOT" : 29129,
        "MNTN_CODE" : "451103401",
        "MANAGE_SP1" : "02",
        "MANAGE_SP2" : "분기점",
        "DETAIL_SPO" : "분기점",
        "ETC_MATTER" : " ",
        "MNTN_NM" : "묘고산",
        "PAST_SPOT_" : "4511034010045",
        "MNTN_ID" : "451103401"
      },
      "geometry" : {
        "x" : 206058.64800000191,
        "y" : 352630.45480000041
      }
    },
    {
      "attributes" : {
        "FID" : 45,
        "PMNTN_SPOT" : 29130,
        "MNTN_CODE" : "451103401",
        "MANAGE_SP1" : "02",
        "MANAGE_SP2" : "분기점",
        "DETAIL_SPO" : "분기점",
        "ETC_MATTER" : " ",
        "MNTN_NM" : "묘고산",
        "PAST_SPOT_" : "4511034010046",
        "MNTN_ID" : "451103401"
      },
      "geometry" : {
        "x" : 206073.32870000042,
        "y" : 355384.98100000247
      }
    },
    {
      "attributes" : {
        "FID" : 46,
        "PMNTN_SPOT" : 29131,
        "MNTN_CODE" : "451103401",
        "MANAGE_SP1" : "02",
        "MANAGE_SP2" : "분기점",
        "DETAIL_SPO" : "분기점",
        "ETC_MATTER" : " ",
        "MNTN_NM" : "묘고산",
        "PAST_SPOT_" : "4511034010047",
        "MNTN_ID" : "451103401"
      },
      "geometry" : {
        "x" : 206076.64140000101,
        "y" : 355351.76320000365
      }
    },
    {
      "attributes" : {
        "FID" : 47,
        "PMNTN_SPOT" : 29132,
        "MNTN_CODE" : "451103401",
        "MANAGE_SP1" : "01",
        "MANAGE_SP2" : "시종점",
        "DETAIL_SPO" : "시종점",
        "ETC_MATTER" : " ",
        "MNTN_NM" : "묘고산",
        "PAST_SPOT_" : "4511034010048",
        "MNTN_ID" : "451103401"
      },
      "geometry" : {
        "x" : 206084.56549999956,
        "y" : 355890.89940000325
      }
    },
    {
      "attributes" : {
        "FID" : 48,
        "PMNTN_SPOT" : 29133,
        "MNTN_CODE" : "451103401",
        "MANAGE_SP1" : "02",
        "MANAGE_SP2" : "분기점",
        "DETAIL_SPO" : "분기점",
        "ETC_MATTER" : " ",
        "MNTN_NM" : "묘고산",
        "PAST_SPOT_" : "4511034010049",
        "MNTN_ID" : "451103401"
      },
      "geometry" : {
        "x" : 206179.96619999968,
        "y" : 352688.39980000257
      }
    },
    {
      "attributes" : {
        "FID" : 49,
        "PMNTN_SPOT" : 29134,
        "MNTN_CODE" : "451103401",
        "MANAGE_SP1" : "02",
        "MANAGE_SP2" : "분기점",
        "DETAIL_SPO" : "분기점",
        "ETC_MATTER" : " ",
        "MNTN_NM" : "묘고산",
        "PAST_SPOT_" : "4511034010050",
        "MNTN_ID" : "451103401"
      },
      "geometry" : {
        "x" : 206194.21030000038,
        "y" : 352314.93539999984
      }
    },
    {
      "attributes" : {
        "FID" : 50,
        "PMNTN_SPOT" : 29135,
        "MNTN_CODE" : "451103401",
        "MANAGE_SP1" : "01",
        "MANAGE_SP2" : "시종점",
        "DETAIL_SPO" : "시종점",
        "ETC_MATTER" : " ",
        "MNTN_NM" : "묘고산",
        "PAST_SPOT_" : "4511034010051",
        "MNTN_ID" : "451103401"
      },
      "geometry" : {
        "x" : 206205.7407999998,
        "y" : 355687.22460000217
      }
    },
    {
      "attributes" : {
        "FID" : 51,
        "PMNTN_SPOT" : 29136,
        "MNTN_CODE" : "451103401",
        "MANAGE_SP1" : "01",
        "MANAGE_SP2" : "시종점",
        "DETAIL_SPO" : "시종점",
        "ETC_MATTER" : " ",
        "MNTN_NM" : "묘고산",
        "PAST_SPOT_" : "4511034010052",
        "MNTN_ID" : "451103401"
      },
      "geometry" : {
        "x" : 206208.52870000154,
        "y" : 352104.20050000027
      }
    },
    {
      "attributes" : {
        "FID" : 52,
        "PMNTN_SPOT" : 29137,
        "MNTN_CODE" : "451103401",
        "MANAGE_SP1" : "01",
        "MANAGE_SP2" : "시종점",
        "DETAIL_SPO" : "시종점",
        "ETC_MATTER" : " ",
        "MNTN_NM" : "묘고산",
        "PAST_SPOT_" : "4511034010053",
        "MNTN_ID" : "451103401"
      },
      "geometry" : {
        "x" : 206282.29470000137,
        "y" : 355391.44410000183
      }
    },
    {
      "attributes" : {
        "FID" : 53,
        "PMNTN_SPOT" : 29138,
        "MNTN_CODE" : "451103401",
        "MANAGE_SP1" : "01",
        "MANAGE_SP2" : "시종점",
        "DETAIL_SPO" : "시종점",
        "ETC_MATTER" : " ",
        "MNTN_NM" : "묘고산",
        "PAST_SPOT_" : "4511034010054",
        "MNTN_ID" : "451103401"
      },
      "geometry" : {
        "x" : 206305.99010000098,
        "y" : 353591.01129999943
      }
    },
    {
      "attributes" : {
        "FID" : 54,
        "PMNTN_SPOT" : 29139,
        "MNTN_CODE" : "451103401",
        "MANAGE_SP1" : "02",
        "MANAGE_SP2" : "분기점",
        "DETAIL_SPO" : "분기점",
        "ETC_MATTER" : " ",
        "MNTN_NM" : "묘고산",
        "PAST_SPOT_" : "4511034010055",
        "MNTN_ID" : "451103401"
      },
      "geometry" : {
        "x" : 206313.86349999998,
        "y" : 352547.91240000166
      }
    },
    {
      "attributes" : {
        "FID" : 55,
        "PMNTN_SPOT" : 29140,
        "MNTN_CODE" : "451103401",
        "MANAGE_SP1" : "02",
        "MANAGE_SP2" : "분기점",
        "DETAIL_SPO" : "분기점",
        "ETC_MATTER" : " ",
        "MNTN_NM" : "묘고산",
        "PAST_SPOT_" : "4511034010056",
        "MNTN_ID" : "451103401"
      },
      "geometry" : {
        "x" : 206399.29100000113,
        "y" : 352492.09550000355
      }
    },
    {
      "attributes" : {
        "FID" : 56,
        "PMNTN_SPOT" : 29141,
        "MNTN_CODE" : "451103401",
        "MANAGE_SP1" : "01",
        "MANAGE_SP2" : "시종점",
        "DETAIL_SPO" : "시종점",
        "ETC_MATTER" : " ",
        "MNTN_NM" : "묘고산",
        "PAST_SPOT_" : "4511034010057",
        "MNTN_ID" : "451103401"
      },
      "geometry" : {
        "x" : 206471.46480000112,
        "y" : 352211.20739999972
      }
    },
    {
      "attributes" : {
        "FID" : 57,
        "PMNTN_SPOT" : 29142,
        "MNTN_CODE" : "451103401",
        "MANAGE_SP1" : "02",
        "MANAGE_SP2" : "분기점",
        "DETAIL_SPO" : "분기점",
        "ETC_MATTER" : " ",
        "MNTN_NM" : "묘고산",
        "PAST_SPOT_" : "4511034010058",
        "MNTN_ID" : "451103401"
      },
      "geometry" : {
        "x" : 206474.32290000003,
        "y" : 353695.77750000171
      }
    },
    {
      "attributes" : {
        "FID" : 58,
        "PMNTN_SPOT" : 29143,
        "MNTN_CODE" : "451103401",
        "MANAGE_SP1" : "02",
        "MANAGE_SP2" : "분기점",
        "DETAIL_SPO" : "분기점",
        "ETC_MATTER" : " ",
        "MNTN_NM" : "묘고산",
        "PAST_SPOT_" : "4511034010059",
        "MNTN_ID" : "451103401"
      },
      "geometry" : {
        "x" : 206561.84700000007,
        "y" : 352905.24170000292
      }
    },
    {
      "attributes" : {
        "FID" : 59,
        "PMNTN_SPOT" : 29144,
        "MNTN_CODE" : "451103401",
        "MANAGE_SP1" : "02",
        "MANAGE_SP2" : "분기점",
        "DETAIL_SPO" : "분기점",
        "ETC_MATTER" : " ",
        "MNTN_NM" : "묘고산",
        "PAST_SPOT_" : "4511034010060",
        "MNTN_ID" : "451103401"
      },
      "geometry" : {
        "x" : 206643.49260000046,
        "y" : 352936.102400003
      }
    },
    {
      "attributes" : {
        "FID" : 60,
        "PMNTN_SPOT" : 29145,
        "MNTN_CODE" : "451103401",
        "MANAGE_SP1" : "02",
        "MANAGE_SP2" : "분기점",
        "DETAIL_SPO" : "분기점",
        "ETC_MATTER" : " ",
        "MNTN_NM" : "묘고산",
        "PAST_SPOT_" : "4511034010061",
        "MNTN_ID" : "451103401"
      },
      "geometry" : {
        "x" : 206673.37980000023,
        "y" : 353472.96319999918
      }
    },
    {
      "attributes" : {
        "FID" : 61,
        "PMNTN_SPOT" : 29146,
        "MNTN_CODE" : "451103401",
        "MANAGE_SP1" : "02",
        "MANAGE_SP2" : "분기점",
        "DETAIL_SPO" : "분기점",
        "ETC_MATTER" : " ",
        "MNTN_NM" : "묘고산",
        "PAST_SPOT_" : "4511034010062",
        "MNTN_ID" : "451103401"
      },
      "geometry" : {
        "x" : 206723.23460000008,
        "y" : 353118.46050000191
      }
    },
    {
      "attributes" : {
        "FID" : 62,
        "PMNTN_SPOT" : 29147,
        "MNTN_CODE" : "451103401",
        "MANAGE_SP1" : "01",
        "MANAGE_SP2" : "시종점",
        "DETAIL_SPO" : "시종점",
        "ETC_MATTER" : " ",
        "MNTN_NM" : "묘고산",
        "PAST_SPOT_" : "4511034010063",
        "MNTN_ID" : "451103401"
      },
      "geometry" : {
        "x" : 206808.55610000063,
        "y" : 353653.06120000035
      }
    },
    {
      "attributes" : {
        "FID" : 63,
        "PMNTN_SPOT" : 29148,
        "MNTN_CODE" : "451103401",
        "MANAGE_SP1" : "01",
        "MANAGE_SP2" : "시종점",
        "DETAIL_SPO" : "시종점",
        "ETC_MATTER" : " ",
        "MNTN_NM" : "묘고산",
        "PAST_SPOT_" : "4511034010064",
        "MNTN_ID" : "451103401"
      },
      "geometry" : {
        "x" : 206912.73709999956,
        "y" : 353162.2199000027
      }
    },
    {
      "attributes" : {
        "FID" : 64,
        "PMNTN_SPOT" : 29149,
        "MNTN_CODE" : "451103401",
        "MANAGE_SP1" : "02",
        "MANAGE_SP2" : "분기점",
        "DETAIL_SPO" : "분기점",
        "ETC_MATTER" : " ",
        "MNTN_NM" : "묘고산",
        "PAST_SPOT_" : "4511034010065",
        "MNTN_ID" : "451103401"
      },
      "geometry" : {
        "x" : 206967.9226000011,
        "y" : 352736.38389999792
      }
    },
    {
      "attributes" : {
        "FID" : 65,
        "PMNTN_SPOT" : 29150,
        "MNTN_CODE" : "451103401",
        "MANAGE_SP1" : "01",
        "MANAGE_SP2" : "시종점",
        "DETAIL_SPO" : "시종점",
        "ETC_MATTER" : " ",
        "MNTN_NM" : "묘고산",
        "PAST_SPOT_" : "4511034010066",
        "MNTN_ID" : "451103401"
      },
      "geometry" : {
        "x" : 206987.36230000015,
        "y" : 352621.10559999943
      }
    },
    {
      "attributes" : {
        "FID" : 66,
        "PMNTN_SPOT" : 29151,
        "MNTN_CODE" : "451103401",
        "MANAGE_SP1" : "01",
        "MANAGE_SP2" : "시종점",
        "DETAIL_SPO" : "시종점",
        "ETC_MATTER" : " ",
        "MNTN_NM" : "묘고산",
        "PAST_SPOT_" : "4511034010067",
        "MNTN_ID" : "451103401"
      },
      "geometry" : {
        "x" : 207097.49949999992,
        "y" : 352466.15040000156
      }
    },
    {
      "attributes" : {
        "FID" : 67,
        "PMNTN_SPOT" : 29152,
        "MNTN_CODE" : "451103401",
        "MANAGE_SP1" : "02",
        "MANAGE_SP2" : "분기점",
        "DETAIL_SPO" : "분기점",
        "ETC_MATTER" : " ",
        "MNTN_NM" : "묘고산",
        "PAST_SPOT_" : "4511034010068",
        "MNTN_ID" : "451103401"
      },
      "geometry" : {
        "x" : 207102.99610000011,
        "y" : 352541.07530000247
      }
    }
  ]
}