{
  "displayFieldName" : "",
  "fieldAliases" : {
    "FID" : "FID",
    "PMNTN_SN" : "PMNTN_SN",
    "MNTN_CODE" : "MNTN_CODE",
    "MNTN_NM" : "MNTN_NM",
    "PMNTN_NM" : "PMNTN_NM",
    "PMNTN_MAIN" : "PMNTN_MAIN",
    "PMNTN_LT" : "PMNTN_LT",
    "PMNTN_DFFL" : "PMNTN_DFFL",
    "PMNTN_UPPL" : "PMNTN_UPPL",
    "PMNTN_GODN" : "PMNTN_GODN",
    "PMNTN_MTRQ" : "PMNTN_MTRQ",
    "PMNTN_CNRL" : "PMNTN_CNRL",
    "PMNTN_CLS_" : "PMNTN_CLS_",
    "PMNTN_RISK" : "PMNTN_RISK",
    "PMNTN_RECO" : "PMNTN_RECO",
    "DATA_STDR_" : "DATA_STDR_",
    "MNTN_ID" : "MNTN_ID"
  },
  "geometryType" : "esriGeometryPolyline",
  "spatialReference" : {
    "wkt" : "PROJCS[\"PCS_ITRF2000_TM\",GEOGCS[\"GCS_ITRF_2000\",DATUM[\"D_ITRF_2000\",SPHEROID[\"GRS_1980\",6378137.0,298.257222101]],PRIMEM[\"Greenwich\",0.0],UNIT[\"Degree\",0.0174532925199433]],PROJECTION[\"Transverse_Mercator\"],PARAMETER[\"False_Easting\",200000.0],PARAMETER[\"False_Northing\",600000.0],PARAMETER[\"Central_Meridian\",127.0],PARAMETER[\"Scale_Factor\",1.0],PARAMETER[\"Latitude_Of_Origin\",38.0],UNIT[\"Meter\",1.0]]"
  },
  "fields" : [
    {
      "name" : "FID",
      "type" : "esriFieldTypeOID",
      "alias" : "FID"
    },
    {
      "name" : "PMNTN_SN",
      "type" : "esriFieldTypeDouble",
      "alias" : "PMNTN_SN"
    },
    {
      "name" : "MNTN_CODE",
      "type" : "esriFieldTypeString",
      "alias" : "MNTN_CODE",
      "length" : 9
    },
    {
      "name" : "MNTN_NM",
      "type" : "esriFieldTypeString",
      "alias" : "MNTN_NM",
      "length" : 50
    },
    {
      "name" : "PMNTN_NM",
      "type" : "esriFieldTypeString",
      "alias" : "PMNTN_NM",
      "length" : 50
    },
    {
      "name" : "PMNTN_MAIN",
      "type" : "esriFieldTypeString",
      "alias" : "PMNTN_MAIN",
      "length" : 200
    },
    {
      "name" : "PMNTN_LT",
      "type" : "esriFieldTypeSingle",
      "alias" : "PMNTN_LT"
    },
    {
      "name" : "PMNTN_DFFL",
      "type" : "esriFieldTypeString",
      "alias" : "PMNTN_DFFL",
      "length" : 8
    },
    {
      "name" : "PMNTN_UPPL",
      "type" : "esriFieldTypeDouble",
      "alias" : "PMNTN_UPPL"
    },
    {
      "name" : "PMNTN_GODN",
      "type" : "esriFieldTypeDouble",
      "alias" : "PMNTN_GODN"
    },
    {
      "name" : "PMNTN_MTRQ",
      "type" : "esriFieldTypeString",
      "alias" : "PMNTN_MTRQ",
      "length" : 200
    },
    {
      "name" : "PMNTN_CNRL",
      "type" : "esriFieldTypeString",
      "alias" : "PMNTN_CNRL",
      "length" : 1
    },
    {
      "name" : "PMNTN_CLS_",
      "type" : "esriFieldTypeString",
      "alias" : "PMNTN_CLS_",
      "length" : 1
    },
    {
      "name" : "PMNTN_RISK",
      "type" : "esriFieldTypeString",
      "alias" : "PMNTN_RISK",
      "length" : 200
    },
    {
      "name" : "PMNTN_RECO",
      "type" : "esriFieldTypeString",
      "alias" : "PMNTN_RECO",
      "length" : 1
    },
    {
      "name" : "DATA_STDR_",
      "type" : "esriFieldTypeString",
      "alias" : "DATA_STDR_",
      "length" : 10
    },
    {
      "name" : "MNTN_ID",
      "type" : "esriFieldTypeString",
      "alias" : "MNTN_ID",
      "length" : 10
    }
  ],
  "features" : [
    {
      "attributes" : {
        "FID" : 0,
        "PMNTN_SN" : 5653,
        "MNTN_CODE" : "448300101",
        "MNTN_NM" : "구룡산",
        "PMNTN_NM" : "구룡동구간",
        "PMNTN_MAIN" : " ",
        "PMNTN_LT" : 0.21,
        "PMNTN_DFFL" : "중간",
        "PMNTN_UPPL" : 4,
        "PMNTN_GODN" : 3,
        "PMNTN_MTRQ" : " ",
        "PMNTN_CNRL" : " ",
        "PMNTN_CLS_" : " ",
        "PMNTN_RISK" : " ",
        "PMNTN_RECO" : " ",
        "DATA_STDR_" : "2016-12-31",
        "MNTN_ID" : "448300101"
      },
      "geometry" : {
        "paths" : [
          [
            [
              165931.22429999989,
              469856.51060000248
            ],
            [
              165940.92300000042,
              469855.96700000204
            ],
            [
              165950.05110000074,
              469857.65619999729
            ],
            [
              165961.99589999951,
              469865.61949999817
            ],
            [
              165968.55380000267,
              469870.5447000023
            ],
            [
              165976.15230000019,
              469875.69749999978
            ],
            [
              165986.92180000339,
              469883.37130000256
            ],
            [
              165999.85360000283,
              469888.94980000146
            ],
            [
              166009.71810000017,
              469887.86820000596
            ],
            [
              166019.6109000016,
              469889.96240000241
            ],
            [
              166026.34090000112,
              469902.49140000343
            ],
            [
              166039.56690000091,
              469915.57059999928
            ],
            [
              166051.78490000125,
              469925.11800000258
            ],
            [
              166076.80010000058,
              469949.35180000216
            ],
            [
              166098.36980000231,
              469974.40450000577
            ]
          ]
        ]
      }
    },
    {
      "attributes" : {
        "FID" : 1,
        "PMNTN_SN" : 5654,
        "MNTN_CODE" : "448300101",
        "MNTN_NM" : "구룡산",
        "PMNTN_NM" : "사기소리구간",
        "PMNTN_MAIN" : " ",
        "PMNTN_LT" : 0.6,
        "PMNTN_DFFL" : "쉬움",
        "PMNTN_UPPL" : 11,
        "PMNTN_GODN" : 7,
        "PMNTN_MTRQ" : " ",
        "PMNTN_CNRL" : " ",
        "PMNTN_CLS_" : " ",
        "PMNTN_RISK" : " ",
        "PMNTN_RECO" : " ",
        "DATA_STDR_" : "2016-12-31",
        "MNTN_ID" : "448300101"
      },
      "geometry" : {
        "paths" : [
          [
            [
              166098.36980000231,
              469974.40450000577
            ],
            [
              166081.40610000212,
              469980.69300000183
            ],
            [
              166064.74469999969,
              469989.56050000153
            ],
            [
              166054.42900000047,
              469996.00960000046
            ],
            [
              166032.53000000026,
              470003.12910000235
            ],
            [
              166015.60950000025,
              470007.73950000107
            ],
            [
              166004.42520000134,
              470021.57539999858
            ],
            [
              165987.58310000226,
              470034.38640000112
            ],
            [
              165962.79790000152,
              470060.67620000429
            ],
            [
              165953.25409999955,
              470067.8614000082
            ],
            [
              165945.63790000137,
              470077.41369999945
            ],
            [
              165936.08460000344,
              470082.21290000156
            ],
            [
              165928.4589999998,
              470089.39039999992
            ],
            [
              165922.79009999987,
              470108.45679999888
            ],
            [
              165919.00120000076,
              470118.00489999913
            ],
            [
              165917.10230000131,
              470122.7734999992
            ],
            [
              165913.32290000189,
              470134.69649999961
            ],
            [
              165911.46160000004,
              470146.6118000038
            ],
            [
              165911.97380000073,
              470173.03649999946
            ],
            [
              165905.43290000036,
              470197.76190000214
            ],
            [
              165899.99660000019,
              470211.82980000041
            ],
            [
              165896.44990000036,
              470222.86879999936
            ],
            [
              165890.76219999976,
              470237.18549999967
            ],
            [
              165889.98550000042,
              470248.86300000362
            ],
            [
              165887.70560000371,
              470261.04400000162
            ],
            [
              165884.5644000005,
              470268.44199999981
            ],
            [
              165885.60089999996,
              470282.60590000264
            ],
            [
              165882.02110000141,
              470296.77180000022
            ],
            [
              165875.55180000048,
              470304.43799999915
            ],
            [
              165865.19080000091,
              470309.03540000319
            ],
            [
              165860.31010000035,
              470310.34090000018
            ],
            [
              165852.80770000163,
              470318.2957000006
            ],
            [
              165845.15420000069,
              470320.71250000224
            ],
            [
              165833.70180000085,
              470327.90540000238
            ],
            [
              165820.36010000017,
              470342.24180000089
            ],
            [
              165808.88910000119,
              470347.04890000075
            ],
            [
              165777.9029000001,
              470355.24459999986
            ],
            [
              165759.42190000229,
              470357.32580000162
            ],
            [
              165745.75880000088,
              470356.82510000095
            ],
            [
              165738.10480000079,
              470356.85590000264
            ],
            [
              165730.43140000105,
              470352.12600000016
            ]
          ]
        ]
      }
    },
    {
      "attributes" : {
        "FID" : 2,
        "PMNTN_SN" : 5655,
        "MNTN_CODE" : "448300101",
        "MNTN_NM" : "구룡산",
        "PMNTN_NM" : "구룡동구간",
        "PMNTN_MAIN" : " ",
        "PMNTN_LT" : 1.33,
        "PMNTN_DFFL" : "쉬움",
        "PMNTN_UPPL" : 23,
        "PMNTN_GODN" : 16,
        "PMNTN_MTRQ" : " ",
        "PMNTN_CNRL" : " ",
        "PMNTN_CLS_" : " ",
        "PMNTN_RISK" : " ",
        "PMNTN_RECO" : " ",
        "DATA_STDR_" : "2016-12-31",
        "MNTN_ID" : "448300101"
      },
      "geometry" : {
        "paths" : [
          [
            [
              165060.9243999999,
              470112.58350000158
            ],
            [
              165074.14070000127,
              470109.70440000109
            ],
            [
              165086.76669999957,
              470104.15839999914
            ],
            [
              165094.03470000159,
              470098.95340000093
            ],
            [
              165103.30010000337,
              470097.94430000149
            ],
            [
              165116.37000000104,
              470098.89540000074
            ],
            [
              165139.63370000105,
              470102.43290000223
            ],
            [
              165152.61800000165,
              470100.66029999964
            ],
            [
              165152.0055000009,
              470095.81680000015
            ],
            [
              165144.24610000104,
              470077.42020000145
            ],
            [
              165149.29390000179,
              470069.04979999922
            ],
            [
              165150.50320000015,
              470057.77170000039
            ],
            [
              165145.15080000181,
              470043.61230000108
            ],
            [
              165142.20490000304,
              470034.92560000345
            ],
            [
              165140.32530000247,
              470023.64760000259
            ],
            [
              165141.08509999979,
              470012.18210000359
            ],
            [
              165138.96760000102,
              469997.01620000228
            ],
            [
              165137.29609999992,
              469982.79700000584
            ],
            [
              165136.31929999962,
              469967.26099999994
            ],
            [
              165121.81030000001,
              469950.72049999982
            ],
            [
              165108.50509999972,
              469935.55240000039
            ],
            [
              165102.73039999977,
              469928.4291999992
            ],
            [
              165100.80170000065,
              469923.67620000243
            ],
            [
              165100.79190000333,
              469921.29030000232
            ],
            [
              165102.35780000128,
              469914.75120000169
            ],
            [
              165094.62060000096,
              469907.62710000016
            ],
            [
              165075.84270000365,
              469907.11000000127
            ],
            [
              165060.54440000188,
              469911.9338000007
            ],
            [
              165039.56840000208,
              469931.07489999942
            ],
            [
              165031.52199999988,
              469930.49560000002
            ],
            [
              165029.9469000008,
              469919.20659999922
            ],
            [
              165038.31530000083,
              469895.44349999726
            ],
            [
              165041.3200000003,
              469890.58320000209
            ],
            [
              165045.07870000415,
              469873.89900000021
            ],
            [
              165056.4625000013,
              469850.03650000133
            ],
            [
              165065.96670000069,
              469833.32870000042
            ],
            [
              165071.64350000396,
              469816.63660000078
            ],
            [
              165073.49399999995,
              469802.33520000055
            ],
            [
              165077.26170000061,
              469785.65090000071
            ],
            [
              165078.45250000153,
              469772.70680000074
            ],
            [
              165081.00090000033,
              469764.20590000227
            ],
            [
              165084.74019999988,
              469742.76090000011
            ],
            [
              165090.36830000207,
              469714.16110000387
            ],
            [
              165089.9589999998,
              469704.8571000006
            ],
            [
              165093.17420000024,
              469695.73060000315
            ],
            [
              165109.34850000404,
              469675.98480000161
            ],
            [
              165115.0549000008,
              469666.43950000033
            ],
            [
              165116.92420000024,
              469654.52400000207
            ],
            [
              165116.88510000054,
              469644.99130000174
            ],
            [
              165118.784500001,
              469642.60850000009
            ],
            [
              165122.5435000034,
              469625.92440000363
            ],
            [
              165130.16810000036,
              469616.36020000279
            ],
            [
              165137.78380000219,
              469606.80710000172
            ],
            [
              165147.31759999972,
              469597.24620000087
            ],
            [
              165158.68269999977,
              469568.62299999967
            ],
            [
              165168.18730000313,
              469551.91530000232
            ],
            [
              165175.81200000085,
              469542.36220000125
            ],
            [
              165181.50960000139,
              469532.8059000019
            ],
            [
              165181.41210000217,
              469509.00180000067
            ],
            [
              165190.92659999989,
              469494.66889999993
            ],
            [
              165196.64290000219,
              469487.49860000052
            ],
            [
              165219.51910000015,
              469463.60040000267
            ],
            [
              165227.1155000031,
              469449.27550000139
            ],
            [
              165230.89419999998,
              469437.35219999962
            ],
            [
              165238.50940000359,
              469425.4132000003
            ],
            [
              165253.76090000197,
              469411.0680999998
            ],
            [
              165276.70540000126,
              469403.82740000077
            ],
            [
              165288.18710000254,
              469401.40560000204
            ],
            [
              165297.76020000316,
              469401.3665000014
            ],
            [
              165309.23290000111,
              469398.93370000087
            ],
            [
              165320.71540000383,
              469398.88680000044
            ],
            [
              165336.03419999965,
              469398.82430000044
            ],
            [
              165345.59760000091,
              469396.3992999997
            ],
            [
              165370.44190000091,
              469386.7762000002
            ],
            [
              165385.7704999987,
              469389.09979999997
            ],
            [
              165391.50650000013,
              469386.69040000066
            ],
            [
              165395.3339999998,
              469386.67480000108
            ],
            [
              165408.6668000007,
              469369.95179999992
            ],
            [
              165412.45550000388,
              469360.41449999996
            ],
            [
              165421.98540000338,
              469352.12230000459
            ],
            [
              165433.52850000188,
              469344.92920000106
            ],
            [
              165441.06860000361,
              469334.09650000371
            ],
            [
              165458.26779999863,
              469326.8908000011
            ],
            [
              165465.18510000128,
              469323.27260000072
            ],
            [
              165473.45440000109,
              469311.13520000316
            ],
            [
              165479.19780000206,
              469295.84320000187
            ],
            [
              165498.98069999926,
              469280.59200000018
            ],
            [
              165507.78239999991,
              469262.38960000128
            ],
            [
              165526.86139999982,
              469245.6435000021
            ],
            [
              165538.29569999874,
              469233.68930000253
            ]
          ]
        ]
      }
    },
    {
      "attributes" : {
        "FID" : 3,
        "PMNTN_SN" : 5656,
        "MNTN_CODE" : "448300101",
        "MNTN_NM" : "구룡산",
        "PMNTN_NM" : "구룡동구간",
        "PMNTN_MAIN" : " ",
        "PMNTN_LT" : 0.11,
        "PMNTN_DFFL" : "쉬움",
        "PMNTN_UPPL" : 2,
        "PMNTN_GODN" : 1,
        "PMNTN_MTRQ" : " ",
        "PMNTN_CNRL" : " ",
        "PMNTN_CLS_" : " ",
        "PMNTN_RISK" : " ",
        "PMNTN_RECO" : " ",
        "DATA_STDR_" : "2016-12-31",
        "MNTN_ID" : "448300101"
      },
      "geometry" : {
        "paths" : [
          [
            [
              165511.11710000038,
              469140.93410000205
            ],
            [
              165518.78190000169,
              469143.27789999917
            ],
            [
              165522.6183999991,
              469143.26229999959
            ],
            [
              165532.20230000187,
              469147.98440000415
            ],
            [
              165537.9963999996,
              469159.86870000325
            ],
            [
              165541.86260000058,
              469169.38590000011
            ],
            [
              165545.76669999957,
              469186.03879999928
            ],
            [
              165543.96430000104,
              469214.62270000018
            ],
            [
              165543.99320000038,
              469221.75840000249
            ],
            [
              165538.29569999874,
              469233.68930000253
            ]
          ]
        ]
      }
    },
    {
      "attributes" : {
        "FID" : 4,
        "PMNTN_SN" : 5657,
        "MNTN_CODE" : "448300101",
        "MNTN_NM" : "구룡산",
        "PMNTN_NM" : "사기소리구간",
        "PMNTN_MAIN" : " ",
        "PMNTN_LT" : 3.35,
        "PMNTN_DFFL" : "쉬움",
        "PMNTN_UPPL" : 59,
        "PMNTN_GODN" : 41,
        "PMNTN_MTRQ" : " ",
        "PMNTN_CNRL" : " ",
        "PMNTN_CLS_" : " ",
        "PMNTN_RISK" : " ",
        "PMNTN_RECO" : " ",
        "DATA_STDR_" : "2016-12-31",
        "MNTN_ID" : "448300101"
      },
      "geometry" : {
        "paths" : [
          [
            [
              165538.29569999874,
              469233.68930000253
            ],
            [
              165547.13250000216,
              469236.39630000107
            ],
            [
              165553.634200003,
              469238.38800000213
            ],
            [
              165563.21720000263,
              469240.73519999906
            ],
            [
              165570.8916000016,
              469245.46499999985
            ],
            [
              165574.72880000155,
              469247.83550000191
            ],
            [
              165580.47449999955,
              469247.81220000051
            ],
            [
              165588.12959999964,
              469247.78120000102
            ],
            [
              165595.78400000092,
              469245.36420000158
            ],
            [
              165601.53049999941,
              469247.72690000013
            ],
            [
              165616.85920000356,
              469250.03979999945
            ],
            [
              165625.82360000256,
              469250.10569999926
            ],
            [
              165633.48860000074,
              469253.76459999941
            ],
            [
              165639.01140000392,
              469257.00020000152
            ],
            [
              165645.9216,
              469261.84130000323
            ],
            [
              165655.46929999907,
              469266.06480000168
            ],
            [
              165672.86700000055,
              469271.39050000161
            ],
            [
              165692.66030000243,
              469272.24610000104
            ],
            [
              165711.33380000107,
              469273.89730000123
            ],
            [
              165726.31999999937,
              469270.76140000112
            ],
            [
              165744.89169999957,
              469269.23410000093
            ],
            [
              165760.39480000082,
              469271.37310000136
            ],
            [
              165775.95410000253,
              469275.92120000347
            ],
            [
              165791.20470000058,
              469282.67370000109
            ],
            [
              165795.03230000101,
              469282.65829999931
            ],
            [
              165804.27400000114,
              469279.52830000408
            ],
            [
              165816.07789999992,
              469277.81270000339
            ],
            [
              165821.98739999998,
              469276.77229999937
            ],
            [
              165827.55099999905,
              469275.3916000016
            ],
            [
              165837.60150000174,
              469274.16720000282
            ],
            [
              165845.3207000019,
              469276.35239999928
            ],
            [
              165853.77040000074,
              469274.64599999972
            ],
            [
              165860.07789999899,
              469270.73900000378
            ],
            [
              165865.61010000296,
              469262.71180000156
            ],
            [
              165867.67690000031,
              469256.17559999973
            ],
            [
              165867.82480000053,
              469247.2611999996
            ],
            [
              165871.46560000069,
              469244.25259999931
            ],
            [
              165877.18329999968,
              469239.46869999915
            ],
            [
              165881.00130000152,
              469237.06739999913
            ],
            [
              165890.5363999987,
              469227.5073000025
            ],
            [
              165894.65150000062,
              469219.6874000039
            ],
            [
              165902.40290000103,
              469208.66119999997
            ],
            [
              165907.30800000113,
              469197.46750000119
            ],
            [
              165910.87450000085,
              469194.31530000083
            ],
            [
              165917.16629999969,
              469184.54120000266
            ],
            [
              165922.88350000139,
              469177.37140000053
            ],
            [
              165926.68240000028,
              469170.20929999836
            ],
            [
              165930.47180000227,
              469160.67229999974
            ],
            [
              165934.28920000046,
              469155.89610000327
            ],
            [
              165943.82510000095,
              469148.71090000309
            ],
            [
              165957.1969000008,
              469139.13550000452
            ],
            [
              165967.47919999901,
              469132.70470000245
            ],
            [
              165976.29670000076,
              469129.52620000206
            ],
            [
              165983.96079999954,
              469129.49550000206
            ],
            [
              165997.46920000203,
              469121.88580000214
            ],
            [
              166010.70580000058,
              469115.10580000095
            ],
            [
              166014.533400001,
              469115.09039999917
            ],
            [
              166029.81530000083,
              469107.88240000233
            ],
            [
              166041.27850000188,
              469100.70079999976
            ],
            [
              166062.29680000152,
              469091.08400000073
            ],
            [
              166070.88570000138,
              469089.34270000271
            ],
            [
              166084.81730000116,
              469084.05800000019
            ],
            [
              166095.65730000101,
              469073.2098999992
            ],
            [
              166095.86130000092,
              469073.005400002
            ],
            [
              166104.31390000321,
              469064.72570000403
            ],
            [
              166117.63870000001,
              469056.96360000223
            ],
            [
              166125.32290000096,
              469052.73420000449
            ],
            [
              166138.67659999989,
              469040.77320000157
            ],
            [
              166150.02819999959,
              469029.05180000141
            ],
            [
              166155.80120000336,
              469014.51439999975
            ],
            [
              166157.67200000025,
              469002.59919999912
            ],
            [
              166159.54289999977,
              468990.68390000425
            ],
            [
              166159.50499999989,
              468981.16230000183
            ],
            [
              166153.68310000002,
              468962.13070000149
            ],
            [
              166151.67000000179,
              468938.32310000062
            ],
            [
              166151.66050000023,
              468935.94830000214
            ],
            [
              166155.39340000041,
              468912.11780000106
            ],
            [
              166161.88680000138,
              468892.4384000022
            ],
            [
              166174.38920000009,
              468873.94390000217
            ],
            [
              166180.09730000049,
              468864.38829999976
            ],
            [
              166187.70540000033,
              468852.46130000427
            ],
            [
              166193.41350000352,
              468842.90570000187
            ],
            [
              166201.0215999987,
              468830.96759999916
            ],
            [
              166206.74870000035,
              468826.18390000239
            ],
            [
              166216.28469999973,
              468816.62420000136
            ],
            [
              166221.1164000025,
              468811.72720000148
            ],
            [
              166228.10589999985,
              468804.69900000095
            ],
            [
              166237.26570000406,
              468793.36050000414
            ],
            [
              166244.84530000202,
              468776.02640000172
            ],
            [
              166248.64470000099,
              468768.86449999921
            ],
            [
              166262.00850000046,
              468759.28960000165
            ],
            [
              166281.13740000036,
              468754.45280000009
            ],
            [
              166300.2667000005,
              468751.99090000242
            ],
            [
              166306.01279999968,
              468751.96810000017
            ],
            [
              166322.94120000023,
              468751.31790000014
            ],
            [
              166336.6062000012,
              468742.32510000095
            ],
            [
              166344.11110000126,
              468734.37090000138
            ],
            [
              166349.95130000077,
              468727.9896000009
            ],
            [
              166363.29640000127,
              468713.64290000126
            ],
            [
              166369.18030000012,
              468702.58110000007
            ],
            [
              166375.36300000083,
              468696.27980000339
            ],
            [
              166390.03390000202,
              468696.86849999987
            ],
            [
              166405.35400000028,
              468696.8078999985
            ],
            [
              166420.54420000315,
              468695.72020000219
            ],
            [
              166428.01730000135,
              468696.07190000266
            ],
            [
              166445.74030000065,
              468696.03470000066
            ],
            [
              166469.59829999972,
              468692.19220000133
            ],
            [
              166481.83940000273,
              468692.68340000138
            ],
            [
              166502.04590000212,
              468686.86130000651
            ],
            [
              166513.98770000134,
              468678.71420000121
            ],
            [
              166520.87510000076,
              468672.067900002
            ],
            [
              166535.84740000032,
              468668.83049999923
            ],
            [
              166547.39450000133,
              468662.61590000428
            ],
            [
              166563.25690000132,
              468654.85660000145
            ],
            [
              166573.66570000071,
              468655.42170000263
            ],
            [
              166584.46580000035,
              468649.73259999976
            ],
            [
              166594.36840000004,
              468647.69349999912
            ],
            [
              166611.69990000315,
              468641.25010000169
            ],
            [
              166627.1875,
              468635.19810000062
            ],
            [
              166642.91189999972,
              468626.80089999922
            ],
            [
              166652.64950000402,
              468622.97560000233
            ],
            [
              166662.69250000082,
              468622.4411000032
            ],
            [
              166672.93470000196,
              468626.53270000033
            ],
            [
              166684.63820000179,
              468633.79470000044
            ],
            [
              166693.46569999866,
              468652.99090000056
            ],
            [
              166700.10770000331,
              468671.83239999972
            ],
            [
              166713.24230000097,
              468694.26500000246
            ],
            [
              166721.32359999977,
              468712.23350000381
            ],
            [
              166734.88370000292,
              468752.66469999962
            ],
            [
              166753.31340000033,
              468776.78770000115
            ],
            [
              166770.65350000001,
              468805.15300000273
            ],
            [
              166779.24179999996,
              468833.44870000146
            ],
            [
              166775.52620000113,
              468864.42569999956
            ],
            [
              166769.8915000027,
              468890.63820000179
            ],
            [
              166743.2471000012,
              468931.22670000233
            ],
            [
              166731.80169999972,
              468943.17930000275
            ],
            [
              166714.67520000134,
              468969.43680000119
            ],
            [
              166704.88920000382,
              468981.815200001
            ],
            [
              166684.15699999966,
              468998.13290000148
            ],
            [
              166657.41060000099,
              469012.5316000022
            ],
            [
              166651.67400000338,
              469014.9290000014
            ],
            [
              166607.69880000036,
              469029.39550000057
            ],
            [
              166575.22540000267,
              469048.56680000201
            ],
            [
              166552.93100000173,
              469076.57579999976
            ],
            [
              166550.01750000007,
              469105.30159999989
            ],
            [
              166552.57870000415,
              469132.01050000079
            ],
            [
              166554.70360000152,
              469186.76910000108
            ],
            [
              166568.34810000099,
              469248.62930000201
            ],
            [
              166599.17349999957,
              469296.12820000015
            ],
            [
              166614.57719999924,
              469319.8833000008
            ],
            [
              166622.29719999991,
              469334.14680000208
            ],
            [
              166630.03639999963,
              469355.54600000009
            ],
            [
              166638.26690000389,
              469362.66559999995
            ],
            [
              166645.93690000009,
              469374.22130000032
            ],
            [
              166648.542600004,
              469392.70040000044
            ],
            [
              166660.93630000018,
              469424.48550000414
            ],
            [
              166665.14220000152,
              469450.6445000004
            ],
            [
              166663.82380000129,
              469466.01480000094
            ],
            [
              166661.96310000308,
              469480.04220000096
            ],
            [
              166661.71670000069,
              469491.4785999991
            ],
            [
              166661.22590000276,
              469498.29499999993
            ],
            [
              166656.28430000134,
              469509.33730000071
            ],
            [
              166646.00960000139,
              469522.17039999925
            ],
            [
              166626.9291000003,
              469538.9140000008
            ],
            [
              166607.83930000104,
              469553.28280000202
            ],
            [
              166577.83990000281,
              469567.0634000022
            ],
            [
              166561.44070000015,
              469570.47110000253
            ],
            [
              166544.77730000019,
              469582.1074000001
            ],
            [
              166531.41440000013,
              469591.68180000223
            ],
            [
              166524.87849999964,
              469602.84670000151
            ],
            [
              166516.24610000011,
              469629.83990000002
            ],
            [
              166504.82030000165,
              469644.17879999988
            ],
            [
              166487.64900000207,
              469658.52920000255
            ],
            [
              166481.92229999974,
              469663.31270000152
            ],
            [
              166460.96140000131,
              469687.21110000089
            ],
            [
              166447.31730000302,
              469692.74930000305
            ],
            [
              166438.87850000244,
              469702.04079999961
            ],
            [
              166434.23370000068,
              469715.23830000125
            ],
            [
              166426.93530000001,
              469728.3973999992
            ],
            [
              166426.73270000052,
              469746.8741999995
            ],
            [
              166433.61080000084,
              469762.16359999962
            ],
            [
              166436.43709999882,
              469780.17330000363
            ],
            [
              166431.48790000007,
              469796.47260000184
            ],
            [
              166421.24080000259,
              469808.80990000255
            ],
            [
              166394.57320000138,
              469844.63880000077
            ],
            [
              166373.64130000118,
              469875.68420000002
            ],
            [
              166362.19719999935,
              469885.25130000152
            ],
            [
              166341.19990000036,
              469902.00320000201
            ],
            [
              166310.62019999977,
              469914.03219999932
            ],
            [
              166299.14790000115,
              469916.45260000229
            ],
            [
              166278.11310000159,
              469923.68300000019
            ],
            [
              166262.80410000123,
              469923.74369999953
            ],
            [
              166222.62359999865,
              469928.6643000003
            ],
            [
              166199.66069999989,
              469931.14159999788
            ],
            [
              166169.03450000007,
              469933.63840000331
            ],
            [
              166146.07160000037,
              469936.11590000242
            ],
            [
              166138.4171000002,
              469936.1464000009
            ],
            [
              166132.69080000091,
              469940.93010000139
            ],
            [
              166111.73159999959,
              469964.82939999923
            ],
            [
              166098.36980000231,
              469974.40450000577
            ]
          ]
        ]
      }
    }
  ]
}