{
  "displayFieldName" : "",
  "fieldAliases" : {
    "FID" : "FID",
    "PMNTN_SN" : "PMNTN_SN",
    "MNTN_CODE" : "MNTN_CODE",
    "MNTN_NM" : "MNTN_NM",
    "PMNTN_NM" : "PMNTN_NM",
    "PMNTN_MAIN" : "PMNTN_MAIN",
    "PMNTN_LT" : "PMNTN_LT",
    "PMNTN_DFFL" : "PMNTN_DFFL",
    "PMNTN_UPPL" : "PMNTN_UPPL",
    "PMNTN_GODN" : "PMNTN_GODN",
    "PMNTN_MTRQ" : "PMNTN_MTRQ",
    "PMNTN_CNRL" : "PMNTN_CNRL",
    "PMNTN_CLS_" : "PMNTN_CLS_",
    "PMNTN_RISK" : "PMNTN_RISK",
    "PMNTN_RECO" : "PMNTN_RECO",
    "DATA_STDR_" : "DATA_STDR_",
    "MNTN_ID" : "MNTN_ID"
  },
  "geometryType" : "esriGeometryPolyline",
  "spatialReference" : {
    "wkt" : "PROJCS[\"PCS_ITRF2000_TM\",GEOGCS[\"GCS_ITRF_2000\",DATUM[\"D_ITRF_2000\",SPHEROID[\"GRS_1980\",6378137.0,298.257222101]],PRIMEM[\"Greenwich\",0.0],UNIT[\"Degree\",0.0174532925199433]],PROJECTION[\"Transverse_Mercator\"],PARAMETER[\"False_Easting\",200000.0],PARAMETER[\"False_Northing\",600000.0],PARAMETER[\"Central_Meridian\",127.0],PARAMETER[\"Scale_Factor\",1.0],PARAMETER[\"Latitude_Of_Origin\",38.0],UNIT[\"Meter\",1.0]]"
  },
  "fields" : [
    {
      "name" : "FID",
      "type" : "esriFieldTypeOID",
      "alias" : "FID"
    },
    {
      "name" : "PMNTN_SN",
      "type" : "esriFieldTypeDouble",
      "alias" : "PMNTN_SN"
    },
    {
      "name" : "MNTN_CODE",
      "type" : "esriFieldTypeString",
      "alias" : "MNTN_CODE",
      "length" : 9
    },
    {
      "name" : "MNTN_NM",
      "type" : "esriFieldTypeString",
      "alias" : "MNTN_NM",
      "length" : 50
    },
    {
      "name" : "PMNTN_NM",
      "type" : "esriFieldTypeString",
      "alias" : "PMNTN_NM",
      "length" : 50
    },
    {
      "name" : "PMNTN_MAIN",
      "type" : "esriFieldTypeString",
      "alias" : "PMNTN_MAIN",
      "length" : 200
    },
    {
      "name" : "PMNTN_LT",
      "type" : "esriFieldTypeSingle",
      "alias" : "PMNTN_LT"
    },
    {
      "name" : "PMNTN_DFFL",
      "type" : "esriFieldTypeString",
      "alias" : "PMNTN_DFFL",
      "length" : 8
    },
    {
      "name" : "PMNTN_UPPL",
      "type" : "esriFieldTypeDouble",
      "alias" : "PMNTN_UPPL"
    },
    {
      "name" : "PMNTN_GODN",
      "type" : "esriFieldTypeDouble",
      "alias" : "PMNTN_GODN"
    },
    {
      "name" : "PMNTN_MTRQ",
      "type" : "esriFieldTypeString",
      "alias" : "PMNTN_MTRQ",
      "length" : 200
    },
    {
      "name" : "PMNTN_CNRL",
      "type" : "esriFieldTypeString",
      "alias" : "PMNTN_CNRL",
      "length" : 1
    },
    {
      "name" : "PMNTN_CLS_",
      "type" : "esriFieldTypeString",
      "alias" : "PMNTN_CLS_",
      "length" : 1
    },
    {
      "name" : "PMNTN_RISK",
      "type" : "esriFieldTypeString",
      "alias" : "PMNTN_RISK",
      "length" : 200
    },
    {
      "name" : "PMNTN_RECO",
      "type" : "esriFieldTypeString",
      "alias" : "PMNTN_RECO",
      "length" : 1
    },
    {
      "name" : "DATA_STDR_",
      "type" : "esriFieldTypeString",
      "alias" : "DATA_STDR_",
      "length" : 10
    },
    {
      "name" : "MNTN_ID",
      "type" : "esriFieldTypeString",
      "alias" : "MNTN_ID",
      "length" : 10
    }
  ],
  "features" : [
    {
      "attributes" : {
        "FID" : 0,
        "PMNTN_SN" : 50469,
        "MNTN_CODE" : "437603301",
        "MNTN_NM" : "청화산",
        "PMNTN_NM" : " ",
        "PMNTN_MAIN" : " ",
        "PMNTN_LT" : 2.55,
        "PMNTN_DFFL" : "쉬움",
        "PMNTN_UPPL" : 96,
        "PMNTN_GODN" : 67,
        "PMNTN_MTRQ" : " ",
        "PMNTN_CNRL" : " ",
        "PMNTN_CLS_" : " ",
        "PMNTN_RISK" : " ",
        "PMNTN_RECO" : " ",
        "DATA_STDR_" : "2016-12-31",
        "MNTN_ID" : "437602601"
      },
      "geometry" : {
        "paths" : [
          [
            [
              282647.96719999984,
              445570.6742000021
            ],
            [
              282630.42890000064,
              445562.68830000237
            ],
            [
              282613.17069999874,
              445554.14770000055
            ],
            [
              282601.74450000003,
              445547.51889999956
            ],
            [
              282598.86199999973,
              445546.09930000454
            ],
            [
              282596.18940000143,
              445545.05059999973
            ],
            [
              282592.44980000146,
              445543.88399999961
            ],
            [
              282589.51810000092,
              445543.231200004
            ],
            [
              282586.07390000019,
              445543.05650000088
            ],
            [
              282582.22770000063,
              445543.61290000007
            ],
            [
              282578.55860000104,
              445544.63819999993
            ],
            [
              282569.74130000081,
              445547.64760000072
            ],
            [
              282565.25910000131,
              445548.68950000033
            ],
            [
              282553.69420000073,
              445550.2750000041
            ],
            [
              282549.56880000047,
              445550.53810000233
            ],
            [
              282545.85190000106,
              445550.50890000165
            ],
            [
              282542.10330000054,
              445550.15600000322
            ],
            [
              282537.9505000012,
              445549.43770000152
            ],
            [
              282525.23169999942,
              445546.26359999925
            ],
            [
              282518.61110000126,
              445544.46310000122
            ],
            [
              282506.4310000008,
              445540.80530000106
            ],
            [
              282482.17200000212,
              445533.52760000154
            ],
            [
              282459.12590000033,
              445527.46280000359
            ],
            [
              282451.84820000175,
              445525.64340000227
            ],
            [
              282447.09940000065,
              445524.10880000144
            ],
            [
              282442.03230000008,
              445522.14479999989
            ],
            [
              282436.52120000124,
              445519.71020000428
            ],
            [
              282429.63599999994,
              445516.3946000021
            ],
            [
              282417.80980000086,
              445510.02660000138
            ],
            [
              282407.53460000083,
              445505.15810000151
            ],
            [
              282404.51640000194,
              445503.57999999821
            ],
            [
              282401.24310000148,
              445501.42740000226
            ],
            [
              282397.82969999965,
              445498.00830000453
            ],
            [
              282395.25490000192,
              445494.19900000095
            ],
            [
              282390.97319999989,
              445485.46440000087
            ],
            [
              282389.64480000082,
              445482.0449000001
            ],
            [
              282387.73479999974,
              445475.18660000153
            ],
            [
              282386.83409999963,
              445472.48479999788
            ],
            [
              282384.88180000056,
              445468.7901000008
            ],
            [
              282380.51150000095,
              445464.08610000275
            ],
            [
              282362.77210000064,
              445445.43700000271
            ],
            [
              282360.08540000021,
              445442.82710000128
            ],
            [
              282352.97910000011,
              445436.59190000035
            ],
            [
              282349.89820000064,
              445433.63970000297
            ],
            [
              282347.02880000044,
              445430.29419999942
            ],
            [
              282344.97580000013,
              445427.01530000195
            ],
            [
              282343.77680000011,
              445424.17680000141
            ],
            [
              282342.81590000074,
              445420.80660000257
            ],
            [
              282340.91450000089,
              445409.88360000029
            ],
            [
              282340.19979999959,
              445406.54670000263
            ],
            [
              282333.71810000017,
              445383.00790000334
            ],
            [
              282328.94210000057,
              445360.4924999997
            ],
            [
              282325.87189999968,
              445346.84680000134
            ],
            [
              282324.64940000139,
              445339.41200000048
            ],
            [
              282322.46040000115,
              445322.6257000044
            ],
            [
              282315.76090000011,
              445281.59339999966
            ],
            [
              282311.57250000164,
              445257.18060000427
            ],
            [
              282309.75470000133,
              445245.55610000342
            ],
            [
              282308.14900000114,
              445233.00700000115
            ],
            [
              282304.60649999976,
              445200.93850000203
            ],
            [
              282300.43350000028,
              445174.79170000181
            ],
            [
              282300.08459999878,
              445171.55159999989
            ],
            [
              282299.72630000021,
              445168.22369999997
            ],
            [
              282299.45830000006,
              445162.32719999924
            ],
            [
              282299.70999999996,
              445154.91550000198
            ],
            [
              282301.1743999999,
              445137.44429999962
            ],
            [
              282301.77670000121,
              445123.55950000323
            ],
            [
              282302.03239999991,
              445111.70340000279
            ],
            [
              282301.91910000145,
              445100.58420000039
            ],
            [
              282301.1743999999,
              445077.38220000453
            ],
            [
              282300.86120000109,
              445049.5645999983
            ],
            [
              282300.31630000006,
              445036.19669999927
            ],
            [
              282300.15010000113,
              445031.25510000251
            ],
            [
              282300.16550000012,
              445019.2573000025
            ],
            [
              282299.84009999968,
              445013.52380000055
            ],
            [
              282299.40280000027,
              445010.3601000011
            ],
            [
              282298.77199999988,
              445007.53850000165
            ],
            [
              282297.40980000049,
              445003.8692000024
            ],
            [
              282295.35670000128,
              445000.33420000039
            ],
            [
              282293.41180000082,
              444998.01579999924
            ],
            [
              282291.03050000034,
              444995.75500000082
            ],
            [
              282288.16779999994,
              444993.50860000029
            ],
            [
              282282.56559999939,
              444989.8900000006
            ],
            [
              282270.68440000154,
              444983.26860000007
            ],
            [
              282265.9951000018,
              444980.42470000312
            ],
            [
              282253.81210000068,
              444972.9280999992
            ],
            [
              282230.81590000167,
              444959.8320000004
            ],
            [
              282207.53660000209,
              444946.11700000241
            ],
            [
              282200.85360000003,
              444942.39939999953
            ],
            [
              282194.77860000078,
              444939.23930000141
            ],
            [
              282189.22090000007,
              444936.82970000245
            ],
            [
              282177.48070000019,
              444932.70550000295
            ],
            [
              282172.63250000123,
              444930.76700000092
            ],
            [
              282167.82280000113,
              444928.29289999977
            ],
            [
              282163.88949999958,
              444925.51080000214
            ],
            [
              282161.13289999962,
              444922.96240000054
            ],
            [
              282156.16729999892,
              444917.78850000352
            ],
            [
              282140.09080000035,
              444901.23530000076
            ],
            [
              282128.71030000132,
              444888.61549999937
            ],
            [
              282122.55250000022,
              444881.18200000189
            ],
            [
              282116.01020000037,
              444872.79950000159
            ],
            [
              282098.67920000013,
              444849.14610000141
            ],
            [
              282095.41490000021,
              444844.36340000108
            ],
            [
              282085.73909999989,
              444829.26300000213
            ],
            [
              282082.31700000074,
              444824.67630000226
            ],
            [
              282078.94450000115,
              444820.83110000007
            ],
            [
              282076.30750000197,
              444818.27280000225
            ],
            [
              282068.64819999877,
              444811.39280000143
            ],
            [
              282064.06369999982,
              444806.70640000142
            ],
            [
              282054.91970000137,
              444796.80629999936
            ],
            [
              282039.47510000132,
              444780.50370000117
            ],
            [
              282036.78640000056,
              444777.29539999925
            ],
            [
              282028.81329999957,
              444766.93219999783
            ],
            [
              282025.97829999961,
              444763.95050000399
            ],
            [
              282023.17260000017,
              444761.62700000219
            ],
            [
              282019.57050000224,
              444759.33890000172
            ],
            [
              282015.35190000199,
              444757.20610000193
            ],
            [
              282010.44639999978,
              444755.1857000012
            ],
            [
              282004.29590000119,
              444753.04670000076
            ],
            [
              281999.65220000036,
              444751.82340000197
            ],
            [
              281994.36220000032,
              444750.99530000053
            ],
            [
              281988.97329999972,
              444750.54710000008
            ],
            [
              281974.5465000011,
              444749.82880000398
            ],
            [
              281970.30280000065,
              444749.38210000098
            ],
            [
              281966.54260000214,
              444748.75660000183
            ],
            [
              281955.17069999967,
              444746.01810000092
            ],
            [
              281938.22759999987,
              444741.03429999948
            ],
            [
              281916.77680000104,
              444734.17009999976
            ],
            [
              281899.61620000005,
              444728.16380000114
            ],
            [
              281892.57390000112,
              444725.84010000154
            ],
            [
              281888.4617999997,
              444724.73169999942
            ],
            [
              281883.05620000232,
              444723.83000000194
            ],
            [
              281877.01769999973,
              444723.40039999969
            ],
            [
              281870.25230000168,
              444723.41369999945
            ],
            [
              281861.00480000209,
              444723.87370000221
            ],
            [
              281854.63550000172,
              444724.50390000269
            ],
            [
              281847.56270000059,
              444725.68740000017
            ],
            [
              281821.53550000116,
              444731.59600000083
            ],
            [
              281796.08980000112,
              444737.23770000413
            ],
            [
              281789.61500000115,
              444738.45490000024
            ],
            [
              281783.78210000042,
              444739.31820000149
            ],
            [
              281770.87409999967,
              444740.98080000095
            ],
            [
              281766.79910000041,
              444741.17610000074
            ],
            [
              281763.18939999957,
              444741.03429999948
            ],
            [
              281758.4244999988,
              444740.20320000313
            ],
            [
              281753.22340000048,
              444738.5129000023
            ],
            [
              281748.38590000104,
              444736.42110000178
            ],
            [
              281737.42200000025,
              444731.1221000012
            ],
            [
              281732.30030000024,
              444729.02190000191
            ],
            [
              281717.83770000096,
              444724.15839999914
            ],
            [
              281691.97290000133,
              444716.15140000358
            ],
            [
              281682.04600000102,
              444713.1798000019
            ],
            [
              281651.22580000013,
              444704.41080000252
            ],
            [
              281641.43000000063,
              444701.26730000414
            ],
            [
              281632.76880000066,
              444698.13279999979
            ],
            [
              281619.89740000013,
              444692.74970000051
            ],
            [
              281594.15739999991,
              444680.97220000252
            ],
            [
              281564.70009999909,
              444667.31350000016
            ],
            [
              281556.75840000156,
              444663.95529999956
            ],
            [
              281549.53990000021,
              444661.23750000261
            ],
            [
              281536.0644000005,
              444656.2965000011
            ],
            [
              281529.42850000132,
              444654.14300000109
            ],
            [
              281522.87050000113,
              444652.55780000053
            ],
            [
              281516.93470000103,
              444651.79920000024
            ],
            [
              281511.75710000191,
              444651.75170000084
            ],
            [
              281505.95660000015,
              444652.23430000246
            ],
            [
              281499.81460000202,
              444653.15510000102
            ],
            [
              281488.61969999876,
              444655.2313000001
            ],
            [
              281483.80360000022,
              444656.3665000014
            ],
            [
              281474.45449999999,
              444659.27640000172
            ],
            [
              281470.58460000064,
              444660.32039999962
            ],
            [
              281466.52860000078,
              444661.0504999999
            ],
            [
              281462.87880000193,
              444661.23750000261
            ],
            [
              281459.47400000133,
              444660.96790000051
            ],
            [
              281455.67080000043,
              444660.29440000094
            ],
            [
              281443.14410000015,
              444656.94730000012
            ],
            [
              281437.0392000014,
              444655.25790000148
            ],
            [
              281419.97730000038,
              444650.08310000226
            ],
            [
              281410.54440000001,
              444647.67640000023
            ],
            [
              281389.67580000125,
              444642.91149999946
            ],
            [
              281380.50790000055,
              444640.64479999989
            ],
            [
              281366.33310000133,
              444637.59530000016
            ],
            [
              281361.94799999893,
              444636.50379999913
            ],
            [
              281357.0876000002,
              444634.87189999968
            ],
            [
              281353.05090000108,
              444632.9224999994
            ],
            [
              281350.61520000082,
              444631.33899999969
            ],
            [
              281348.22550000064,
              444629.43350000307
            ],
            [
              281345.85650000069,
              444627.18630000018
            ],
            [
              281343.46070000157,
              444624.55269999988
            ],
            [
              281339.76410000026,
              444619.84960000217
            ],
            [
              281331.83440000005,
              444608.54880000092
            ],
            [
              281328.16810000129,
              444603.74950000085
            ],
            [
              281311.12190000154,
              444582.05120000243
            ],
            [
              281305.00120000076,
              444574.57640000433
            ],
            [
              281292.21940000076,
              444558.38610000163
            ],
            [
              281287.18960000109,
              444552.5017000027
            ],
            [
              281284.26970000099,
              444549.48850000463
            ],
            [
              281281.43460000213,
              444546.9002000019
            ],
            [
              281278.63020000048,
              444544.68780000322
            ],
            [
              281275.82820000127,
              444542.82930000126
            ],
            [
              281271.50059999991,
              444540.62219999917
            ],
            [
              281266.67850000039,
              444538.90620000102
            ],
            [
              281261.31120000035,
              444537.66229999997
            ],
            [
              281255.29160000011,
              444536.86529999971
            ],
            [
              281250.50790000148,
              444536.55660000071
            ],
            [
              281245.14120000042,
              444536.45190000162
            ],
            [
              281220.53290000092,
              444537.11130000278
            ],
            [
              281214.79160000104,
              444537.07310000062
            ],
            [
              281209.75989999995,
              444536.82310000435
            ],
            [
              281169.44140000083,
              444534.4849999994
            ],
            [
              281154.84590000007,
              444533.39100000262
            ],
            [
              281140.34840000048,
              444531.87040000223
            ],
            [
              281103.36410000082,
              444527.38480000198
            ],
            [
              281095.29330000002,
              444526.74590000324
            ],
            [
              281076.17360000033,
              444525.99100000225
            ],
            [
              281067.62990000006,
              444525.38529999927
            ],
            [
              281063.00680000056,
              444524.83820000105
            ],
            [
              281058.74840000086,
              444524.13980000094
            ],
            [
              281054.76840000041,
              444523.27579999901
            ],
            [
              281051.02429999877,
              444522.23660000227
            ],
            [
              281045.17700000014,
              444520.08000000007
            ],
            [
              281038.8602,
              444517.07950000279
            ],
            [
              281032.86770000122,
              444513.76350000128
            ],
            [
              281018.002700001,
              444504.98249999993
            ],
            [
              281009.83880000189,
              444500.78580000252
            ],
            [
              281004.4793999996,
              444498.50710000098
            ],
            [
              280990.59669999965,
              444493.09210000373
            ],
            [
              280983.23990000039,
              444489.63140000217
            ],
            [
              280978.53230000008,
              444486.81330000237
            ],
            [
              280968.55179999955,
              444480.07660000026
            ],
            [
              280964.36320000049,
              444477.61900000088
            ],
            [
              280954.98209999967,
              444472.49250000343
            ],
            [
              280950.59339999966,
              444471.63159999996
            ],
            [
              280947.65060000122,
              444471.99899999984
            ],
            [
              280940.33840000071,
              444474.18689999916
            ],
            [
              280932.58420000132,
              444476.09450000338
            ],
            [
              280928.32600000128,
              444477.61900000088
            ],
            [
              280925.53679999989,
              444479.12690000236
            ],
            [
              280922.6117000021,
              444481.1866999995
            ],
            [
              280912.88140000124,
              444489.63140000217
            ],
            [
              280902.4422000004,
              444498.52829999849
            ],
            [
              280882.85040000081,
              444516.23040000163
            ],
            [
              280867.11789999995,
              444531.03790000081
            ],
            [
              280862.840499999,
              444534.67039999925
            ],
            [
              280858.82550000213,
              444537.68110000156
            ],
            [
              280853.20730000082,
              444541.54329999909
            ],
            [
              280849.38719999976,
              444543.6873000022
            ],
            [
              280846.29070000164,
              444544.94260000251
            ],
            [
              280842.71359999944,
              444545.99450000003
            ],
            [
              280838.7116000019,
              444546.85899999924
            ],
            [
              280832.22660000063,
              444547.97749999911
            ],
            [
              280827.56670000032,
              444548.56030000187
            ],
            [
              280817.09719999973,
              444549.19980000146
            ],
            [
              280812.49189999979,
              444549.69349999912
            ],
            [
              280805.74050000124,
              444550.89620000124
            ],
            [
              280798.39639999997,
              444552.60600000247
            ],
            [
              280790.34900000133,
              444554.82850000076
            ],
            [
              280779.02870000061,
              444558.27390000224
            ],
            [
              280774.72900000215,
              444559.75329999998
            ],
            [
              280763.35100000165,
              444564.11820000224
            ],
            [
              280759.88550000172,
              444565.21530000307
            ],
            [
              280756.71989999991,
              444565.99609999917
            ],
            [
              280749.23900000099,
              444567.2295000013
            ]
          ]
        ]
      }
    }
  ]
}