{
  "displayFieldName" : "",
  "fieldAliases" : {
    "FID" : "FID",
    "PMNTN_SN" : "PMNTN_SN",
    "MNTN_CODE" : "MNTN_CODE",
    "MNTN_NM" : "MNTN_NM",
    "PMNTN_NM" : "PMNTN_NM",
    "PMNTN_MAIN" : "PMNTN_MAIN",
    "PMNTN_LT" : "PMNTN_LT",
    "PMNTN_DFFL" : "PMNTN_DFFL",
    "PMNTN_UPPL" : "PMNTN_UPPL",
    "PMNTN_GODN" : "PMNTN_GODN",
    "PMNTN_MTRQ" : "PMNTN_MTRQ",
    "PMNTN_CNRL" : "PMNTN_CNRL",
    "PMNTN_CLS_" : "PMNTN_CLS_",
    "PMNTN_RISK" : "PMNTN_RISK",
    "PMNTN_RECO" : "PMNTN_RECO",
    "DATA_STDR_" : "DATA_STDR_",
    "MNTN_ID" : "MNTN_ID"
  },
  "geometryType" : "esriGeometryPolyline",
  "spatialReference" : {
    "wkt" : "PROJCS[\"PCS_ITRF2000_TM\",GEOGCS[\"GCS_ITRF_2000\",DATUM[\"D_ITRF_2000\",SPHEROID[\"GRS_1980\",6378137.0,298.257222101]],PRIMEM[\"Greenwich\",0.0],UNIT[\"Degree\",0.0174532925199433]],PROJECTION[\"Transverse_Mercator\"],PARAMETER[\"False_Easting\",200000.0],PARAMETER[\"False_Northing\",600000.0],PARAMETER[\"Central_Meridian\",127.0],PARAMETER[\"Scale_Factor\",1.0],PARAMETER[\"Latitude_Of_Origin\",38.0],UNIT[\"Meter\",1.0]]"
  },
  "fields" : [
    {
      "name" : "FID",
      "type" : "esriFieldTypeOID",
      "alias" : "FID"
    },
    {
      "name" : "PMNTN_SN",
      "type" : "esriFieldTypeDouble",
      "alias" : "PMNTN_SN"
    },
    {
      "name" : "MNTN_CODE",
      "type" : "esriFieldTypeString",
      "alias" : "MNTN_CODE",
      "length" : 9
    },
    {
      "name" : "MNTN_NM",
      "type" : "esriFieldTypeString",
      "alias" : "MNTN_NM",
      "length" : 50
    },
    {
      "name" : "PMNTN_NM",
      "type" : "esriFieldTypeString",
      "alias" : "PMNTN_NM",
      "length" : 50
    },
    {
      "name" : "PMNTN_MAIN",
      "type" : "esriFieldTypeString",
      "alias" : "PMNTN_MAIN",
      "length" : 200
    },
    {
      "name" : "PMNTN_LT",
      "type" : "esriFieldTypeSingle",
      "alias" : "PMNTN_LT"
    },
    {
      "name" : "PMNTN_DFFL",
      "type" : "esriFieldTypeString",
      "alias" : "PMNTN_DFFL",
      "length" : 8
    },
    {
      "name" : "PMNTN_UPPL",
      "type" : "esriFieldTypeDouble",
      "alias" : "PMNTN_UPPL"
    },
    {
      "name" : "PMNTN_GODN",
      "type" : "esriFieldTypeDouble",
      "alias" : "PMNTN_GODN"
    },
    {
      "name" : "PMNTN_MTRQ",
      "type" : "esriFieldTypeString",
      "alias" : "PMNTN_MTRQ",
      "length" : 200
    },
    {
      "name" : "PMNTN_CNRL",
      "type" : "esriFieldTypeString",
      "alias" : "PMNTN_CNRL",
      "length" : 1
    },
    {
      "name" : "PMNTN_CLS_",
      "type" : "esriFieldTypeString",
      "alias" : "PMNTN_CLS_",
      "length" : 1
    },
    {
      "name" : "PMNTN_RISK",
      "type" : "esriFieldTypeString",
      "alias" : "PMNTN_RISK",
      "length" : 200
    },
    {
      "name" : "PMNTN_RECO",
      "type" : "esriFieldTypeString",
      "alias" : "PMNTN_RECO",
      "length" : 1
    },
    {
      "name" : "DATA_STDR_",
      "type" : "esriFieldTypeString",
      "alias" : "DATA_STDR_",
      "length" : 10
    },
    {
      "name" : "MNTN_ID",
      "type" : "esriFieldTypeString",
      "alias" : "MNTN_ID",
      "length" : 10
    }
  ],
  "features" : [
    {
      "attributes" : {
        "FID" : 0,
        "PMNTN_SN" : 21042,
        "MNTN_CODE" : "291400301",
        "MNTN_NM" : "백석산",
        "PMNTN_NM" : "죽동2길,향림사-금호동산,백석정구간",
        "PMNTN_MAIN" : " ",
        "PMNTN_LT" : 1.05,
        "PMNTN_DFFL" : "쉬움",
        "PMNTN_UPPL" : 19,
        "PMNTN_GODN" : 13,
        "PMNTN_MTRQ" : "마사토/적황토사",
        "PMNTN_CNRL" : " ",
        "PMNTN_CLS_" : " ",
        "PMNTN_RISK" : "부분적으로 산책로 폭 협소하며 낭떠러지 있음",
        "PMNTN_RECO" : " ",
        "DATA_STDR_" : "2016-12-31",
        "MNTN_ID" : "291400301"
      },
      "geometry" : {
        "paths" : [
          [
            [
              186476.35990000051,
              283363.47039999999
            ],
            [
              186481.01429999992,
              283348.94950000197
            ],
            [
              186484.28809999954,
              283342.34920000099
            ],
            [
              186489.07950000092,
              283333.22440000065
            ],
            [
              186496.58059999999,
              283322.57759999856
            ],
            [
              186503.01300000027,
              283314.23509999923
            ],
            [
              186516.46740000043,
              283308.15330000035
            ],
            [
              186539.50519999955,
              283290.67329999991
            ],
            [
              186546.62740000244,
              283290.74149999954
            ],
            [
              186555.65990000032,
              283293.1053000018
            ],
            [
              186567.74230000097,
              283297.34390000068
            ],
            [
              186577.20010000281,
              283297.33210000023
            ],
            [
              186584.81230000034,
              283295.89069999941
            ],
            [
              186590.99600000214,
              283290.62800000235
            ],
            [
              186594.78089999966,
              283284.25310000032
            ],
            [
              186595.99270000402,
              283276.55240000039
            ],
            [
              186593.84110000078,
              283266.69540000148
            ],
            [
              186595.45910000149,
              283257.07259999774
            ],
            [
              186598.27540000062,
              283247.64650000073
            ],
            [
              186600.38440000173,
              283242.90049999952
            ],
            [
              186598.49600000028,
              283237.0362999998
            ],
            [
              186589.18059999961,
              283224.65599999949
            ],
            [
              186590.84870000277,
              283218.23139999993
            ],
            [
              186591.74390000012,
              283212.68969999999
            ],
            [
              186588.44579999987,
              283203.47810000181
            ],
            [
              186592.8321000021,
              283196.56490000151
            ],
            [
              186590.36259999964,
              283190.17540000193
            ],
            [
              186582.85590000078,
              283179.43280000053
            ],
            [
              186587.6352000013,
              283165.52529999986
            ],
            [
              186587.77760000154,
              283155.75060000271
            ],
            [
              186586.13350000046,
              283148.11269999854
            ],
            [
              186587.09650000278,
              283142.18699999899
            ],
            [
              186590.14760000072,
              283138.76740000024
            ],
            [
              186597.76290000044,
              283132.56609999947
            ],
            [
              186604.86360000167,
              283126.00740000233
            ],
            [
              186612.56280000042,
              283114.70650000311
            ],
            [
              186616.92650000099,
              283107.9469000008
            ],
            [
              186620.49770000204,
              283100.83820000291
            ],
            [
              186621.3247000007,
              283089.72910000011
            ],
            [
              186620.76070000045,
              283073.38739999942
            ],
            [
              186621.1054999996,
              283056.34970000014
            ],
            [
              186626.2237999998,
              283045.6072000023
            ],
            [
              186630.59389999975,
              283037.8992999997
            ],
            [
              186637.47020000126,
              283031.9309000019
            ],
            [
              186640.21570000146,
              283024.88120000064
            ],
            [
              186645.47510000039,
              283014.82479999959
            ],
            [
              186649.60130000021,
              283002.8610999994
            ],
            [
              186652.63080000039,
              282992.38489999995
            ],
            [
              186656.15510000102,
              282985.34960000031
            ],
            [
              186652.20760000125,
              282980.83010000177
            ],
            [
              186649.59190000128,
              282973.05779999867
            ],
            [
              186646.86780000012,
              282967.51330000162
            ],
            [
              186646.26440000068,
              282952.96120000072
            ],
            [
              186642.40689999983,
              282945.23040000163
            ],
            [
              186642.07029999979,
              282939.74570000172
            ],
            [
              186643.42640000116,
              282932.46150000021
            ],
            [
              186650.26630000304,
              282920.56950000115
            ],
            [
              186661.05140000023,
              282909.96210000105
            ],
            [
              186665.15060000215,
              282899.74469999969
            ],
            [
              186665.90050000045,
              282887.71980000101
            ],
            [
              186664.12740000058,
              282875.4374000039
            ],
            [
              186666.59640000109,
              282864.15560000017
            ],
            [
              186672.4514000034,
              282845.44080000184
            ],
            [
              186675.14790000115,
              282814.0381000042
            ],
            [
              186679.28870000038,
              282795.57630000077
            ],
            [
              186681.21530000027,
              282784.20830000378
            ],
            [
              186685.55630000029,
              282777.98310000263
            ],
            [
              186700.86230000108,
              282699.13100000098
            ],
            [
              186710.74239999987,
              282664.52260000072
            ],
            [
              186718.2463999996,
              282665.90599999949
            ],
            [
              186728.57149999961,
              282665.91180000082
            ],
            [
              186758.29710000101,
              282667.03490000032
            ],
            [
              186768.82390000205,
              282666.57950000092
            ],
            [
              186774.77860000264,
              282666.43710000068
            ],
            [
              186773.92500000354,
              282662.05680000223
            ],
            [
              186770.53310000058,
              282654.04230000265
            ],
            [
              186770.5008000005,
              282644.77529999986
            ],
            [
              186774.72680000216,
              282635.29759999923
            ],
            [
              186777.71970000304,
              282623.96710000001
            ],
            [
              186775.68350000028,
              282613.49070000462
            ],
            [
              186768.02390000131,
              282602.65230000205
            ],
            [
              186763.09890000056,
              282590.93950000033
            ],
            [
              186763.90340000018,
              282584.38169999979
            ],
            [
              186762.16260000132,
              282574.03060000204
            ],
            [
              186760.94000000041,
              282563.23050000146
            ],
            [
              186760.69920000341,
              282553.22230000235
            ],
            [
              186761.90410000365,
              282544.76500000432
            ],
            [
              186753.81950000022,
              282539.33129999973
            ],
            [
              186746.64560000226,
              282522.26810000092
            ]
          ]
        ]
      }
    },
    {
      "attributes" : {
        "FID" : 1,
        "PMNTN_SN" : 21043,
        "MNTN_CODE" : "291400301",
        "MNTN_NM" : "백석산",
        "PMNTN_NM" : "금호동심곡길구간",
        "PMNTN_MAIN" : " ",
        "PMNTN_LT" : 0.19,
        "PMNTN_DFFL" : "쉬움",
        "PMNTN_UPPL" : 3,
        "PMNTN_GODN" : 2,
        "PMNTN_MTRQ" : "마사토/적황토사",
        "PMNTN_CNRL" : " ",
        "PMNTN_CLS_" : " ",
        "PMNTN_RISK" : "부분적으로 산책로 폭 협소하며 낭떠러지 있음",
        "PMNTN_RECO" : " ",
        "DATA_STDR_" : "2016-12-31",
        "MNTN_ID" : "291400301"
      },
      "geometry" : {
        "paths" : [
          [
            [
              186767.46620000061,
              282225.38759999909
            ],
            [
              186773.78990000207,
              282222.72010000236
            ],
            [
              186779.79000000097,
              282221.16190000437
            ],
            [
              186787.77760000341,
              282224.84960000217
            ],
            [
              186794.9253000021,
              282225.22479999997
            ],
            [
              186807.62729999982,
              282224.46560000256
            ],
            [
              186818.64740000106,
              282227.71410000138
            ],
            [
              186833.98620000109,
              282222.66130000167
            ],
            [
              186847.36240000091,
              282221.02900000103
            ],
            [
              186855.09920000099,
              282225.81540000066
            ],
            [
              186869.88850000408,
              282228.33390000276
            ],
            [
              186881.55750000104,
              282229.33029999956
            ],
            [
              186889.50330000091,
              282228.03550000116
            ],
            [
              186900.37990000099,
              282228.05550000072
            ],
            [
              186909.06260000076,
              282226.88199999928
            ],
            [
              186915.97690000385,
              282224.51730000414
            ],
            [
              186922.81440000236,
              282224.90960000083
            ],
            [
              186928.69780000113,
              282228.12150000408
            ],
            [
              186935.25780000165,
              282233.93710000068
            ],
            [
              186944.90180000104,
              282235.18270000443
            ]
          ]
        ]
      }
    },
    {
      "attributes" : {
        "FID" : 2,
        "PMNTN_SN" : 21044,
        "MNTN_CODE" : "291400301",
        "MNTN_NM" : "백석산",
        "PMNTN_NM" : "금호동성실길구간",
        "PMNTN_MAIN" : " ",
        "PMNTN_LT" : 0.36,
        "PMNTN_DFFL" : "쉬움",
        "PMNTN_UPPL" : 6,
        "PMNTN_GODN" : 4,
        "PMNTN_MTRQ" : "마사토/적황토사",
        "PMNTN_CNRL" : " ",
        "PMNTN_CLS_" : " ",
        "PMNTN_RISK" : "부분적으로 산책로 폭 협소하며 낭떠러지 있음",
        "PMNTN_RECO" : " ",
        "DATA_STDR_" : "2016-12-31",
        "MNTN_ID" : "291400301"
      },
      "geometry" : {
        "paths" : [
          [
            [
              186960.10589999985,
              282294.75210000016
            ],
            [
              186947.5,
              282300.14080000296
            ],
            [
              186930.95570000075,
              282306.88900000416
            ],
            [
              186919.52929999959,
              282311.11700000241
            ],
            [
              186914.06240000296,
              282308.46200000122
            ],
            [
              186908.75789999962,
              282307.63000000268
            ],
            [
              186905.80869999994,
              282311.25039999932
            ],
            [
              186903.15610000119,
              282316.94889999926
            ],
            [
              186899.33510000166,
              282321.18700000085
            ],
            [
              186891.26370000001,
              282329.28350000083
            ],
            [
              186887.09970000107,
              282333.99269999936
            ],
            [
              186885.60690000094,
              282339.3545000013
            ],
            [
              186886.52820000146,
              282347.74030000158
            ],
            [
              186886.36500000022,
              282355.63389999978
            ],
            [
              186884.425400001,
              282364.16290000267
            ],
            [
              186881.59670000058,
              282369.1668000035
            ],
            [
              186875.86220000219,
              282371.45820000023
            ],
            [
              186870.43939999957,
              282371.86539999954
            ],
            [
              186865.18430000264,
              282371.85640000179
            ],
            [
              186858.01100000273,
              282374.96990000084
            ],
            [
              186852.27340000309,
              282373.17669999972
            ],
            [
              186846.99360000063,
              282367.36080000177
            ],
            [
              186838.28830000013,
              282360.59459999762
            ],
            [
              186823.74990000296,
              282362.42820000276
            ],
            [
              186812.24270000122,
              282365.29630000331
            ],
            [
              186804.20859999955,
              282371.70900000446
            ],
            [
              186799.32830000203,
              282377.39770000242
            ],
            [
              186794.21100000199,
              282384.99589999951
            ],
            [
              186790.90749999974,
              282391.35220000707
            ],
            [
              186791.24160000123,
              282397.67520000041
            ],
            [
              186794.33300000336,
              282401.32530000061
            ],
            [
              186799.40980000049,
              282404.11720000207
            ],
            [
              186805.49370000139,
              282406.79910000414
            ],
            [
              186809.43919999991,
              282410.39839999937
            ],
            [
              186807.17530000024,
              282417.74970000423
            ],
            [
              186800.91710000206,
              282420.82630000077
            ],
            [
              186794.29189999867,
              282418.45700000226
            ],
            [
              186786.36040000059,
              282418.02180000022
            ],
            [
              186777.77730000205,
              282417.75
            ],
            [
              186770.17690000124,
              282417.35010000505
            ],
            [
              186764.48970000073,
              282409.92060000263
            ],
            [
              186762.85370000172,
              282399.92760000005
            ],
            [
              186756.70440000016,
              282387.95350000449
            ],
            [
              186747.85240000021,
              282377.73719999753
            ]
          ]
        ]
      }
    },
    {
      "attributes" : {
        "FID" : 3,
        "PMNTN_SN" : 21045,
        "MNTN_CODE" : "291400301",
        "MNTN_NM" : "백석산",
        "PMNTN_NM" : "금호동산-서구마륵동성화발전기옆구간",
        "PMNTN_MAIN" : " ",
        "PMNTN_LT" : 0.74,
        "PMNTN_DFFL" : "쉬움",
        "PMNTN_UPPL" : 13,
        "PMNTN_GODN" : 9,
        "PMNTN_MTRQ" : "마사토/적황토사",
        "PMNTN_CNRL" : " ",
        "PMNTN_CLS_" : "Y",
        "PMNTN_RISK" : "부분적으로 산책로 폭 협소하며 낭떠러지 있음",
        "PMNTN_RECO" : " ",
        "DATA_STDR_" : "2016-12-31",
        "MNTN_ID" : "291400301"
      },
      "geometry" : {
        "paths" : [
          [
            [
              186179.252700001,
              282511.75020000152
            ],
            [
              186195.46100000292,
              282488.97260000184
            ],
            [
              186214.41500000004,
              282454.79710000008
            ],
            [
              186223.88370000385,
              282439.32260000147
            ],
            [
              186233.30999999959,
              282435.00180000253
            ],
            [
              186248.23270000145,
              282430.92130000144
            ],
            [
              186260.88390000071,
              282426.6651000008
            ],
            [
              186274.3245000001,
              282418.88230000809
            ],
            [
              186287.12630000152,
              282408.81110000052
            ],
            [
              186301.67690000124,
              282400.54510000162
            ],
            [
              186318.6091999989,
              282395.73520000093
            ],
            [
              186344.8741000006,
              282385.57710000128
            ],
            [
              186361.98560000304,
              282376.18670000136
            ],
            [
              186369.84710000083,
              282373.72920000181
            ],
            [
              186363.98250000086,
              282364.96650000103
            ],
            [
              186354.57200000156,
              282352.43249999918
            ],
            [
              186352.9421000015,
              282340.0324000027
            ],
            [
              186368.9046000028,
              282328.57410000078
            ],
            [
              186386.75399999879,
              282308.78270000033
            ],
            [
              186394.52600000054,
              282294.42960000411
            ],
            [
              186388.84190000314,
              282285.59549999982
            ],
            [
              186362.99480000418,
              282248.69010000303
            ],
            [
              186364.98070000205,
              282233.45260000043
            ],
            [
              186368.97650000174,
              282226.4924999997
            ],
            [
              186399.38840000052,
              282207.91930000111
            ],
            [
              186425.14639999997,
              282197.37199999951
            ],
            [
              186444.81300000381,
              282198.67800000124
            ],
            [
              186459.39870000165,
              282188.80540000461
            ],
            [
              186469.48599999957,
              282181.6258000005
            ],
            [
              186477.93570000026,
              282170.88529999927
            ],
            [
              186486.9402000038,
              282157.1071000006
            ],
            [
              186492.61820000131,
              282141.77770000137
            ],
            [
              186513.14730000217,
              282098.6921000015
            ],
            [
              186517.69870000146,
              282095.02420000173
            ],
            [
              186543.8702000007,
              282093.56709999777
            ],
            [
              186571.32230000105,
              282096.49310000055
            ],
            [
              186585.94730000012,
              282099.52760000154
            ],
            [
              186596.91650000401,
              282100.04550000094
            ],
            [
              186603.61620000098,
              282094.21690000035
            ],
            [
              186604.7900000019,
              282081.91820000298
            ]
          ]
        ]
      }
    },
    {
      "attributes" : {
        "FID" : 4,
        "PMNTN_SN" : 21046,
        "MNTN_CODE" : "291400301",
        "MNTN_NM" : "백석산",
        "PMNTN_NM" : "금호동산,백석정-마륵동연화길,연화아파트구간",
        "PMNTN_MAIN" : " ",
        "PMNTN_LT" : 0.31,
        "PMNTN_DFFL" : "쉬움",
        "PMNTN_UPPL" : 5,
        "PMNTN_GODN" : 4,
        "PMNTN_MTRQ" : "마사토/적황토사",
        "PMNTN_CNRL" : " ",
        "PMNTN_CLS_" : " ",
        "PMNTN_RISK" : "부분적으로 산책로 폭 협소하며 낭떠러지 있음",
        "PMNTN_RECO" : " ",
        "DATA_STDR_" : "2016-12-31",
        "MNTN_ID" : "291400301"
      },
      "geometry" : {
        "paths" : [
          [
            [
              186746.64560000226,
              282522.26810000092
            ],
            [
              186742.36340000201,
              282519.93930000067
            ],
            [
              186715.72620000131,
              282519.97829999775
            ],
            [
              186696.04409999866,
              282521.89320000261
            ],
            [
              186679.30810000002,
              282544.10640000179
            ],
            [
              186662.77270000055,
              282551.88850000128
            ],
            [
              186657.06040000077,
              282558.34889999963
            ],
            [
              186648.99050000124,
              282564.45370000228
            ],
            [
              186638.16160000116,
              282569.02920000255
            ],
            [
              186628.84810000286,
              282575.42899999768
            ],
            [
              186621.28150000051,
              282577.26160000078
            ],
            [
              186609.54899999965,
              282577.49219999835
            ],
            [
              186598.63030000031,
              282582.79550000094
            ],
            [
              186588.68820000254,
              282589.56890000217
            ],
            [
              186574.55819999985,
              282592.75759999827
            ],
            [
              186555.84269999992,
              282599.67920000106
            ],
            [
              186549.4157000035,
              282603.24610000104
            ],
            [
              186546.24580000062,
              282608.69160000049
            ],
            [
              186544.65510000009,
              282613.9795000013
            ],
            [
              186542.80150000099,
              282620.00870000198
            ],
            [
              186536.20450000092,
              282634.47760000266
            ],
            [
              186532.17360000126,
              282636.73960000277
            ],
            [
              186520.72460000124,
              282649.14599999785
            ],
            [
              186515.00330000091,
              282652.54519999959
            ],
            [
              186514.24939999916,
              282657.00579999946
            ],
            [
              186513.11359999981,
              282662.3443
            ],
            [
              186510.8115000017,
              282671.05470000207
            ]
          ]
        ]
      }
    },
    {
      "attributes" : {
        "FID" : 5,
        "PMNTN_SN" : 21047,
        "MNTN_CODE" : "291400301",
        "MNTN_NM" : "백석산",
        "PMNTN_NM" : "성실길,로이스빌앞-금호동산,백석정구간",
        "PMNTN_MAIN" : " ",
        "PMNTN_LT" : 0.16,
        "PMNTN_DFFL" : "쉬움",
        "PMNTN_UPPL" : 3,
        "PMNTN_GODN" : 2,
        "PMNTN_MTRQ" : "마사토/적황토사",
        "PMNTN_CNRL" : " ",
        "PMNTN_CLS_" : " ",
        "PMNTN_RISK" : "부분적으로 산책로 폭 협소하며 낭떠러지 있음",
        "PMNTN_RECO" : " ",
        "DATA_STDR_" : "2016-12-31",
        "MNTN_ID" : "291400301"
      },
      "geometry" : {
        "paths" : [
          [
            [
              186756.08580000233,
              282074.25950000435
            ],
            [
              186764.08540000021,
              282081.52090000361
            ],
            [
              186771.40519999992,
              282095.11649999954
            ],
            [
              186776.78020000085,
              282113.04750000127
            ],
            [
              186778.96420000121,
              282131.06610000134
            ],
            [
              186784.56479999982,
              282146.62350000255
            ],
            [
              186784.31600000057,
              282166.77490000241
            ],
            [
              186782.52010000125,
              282180.10930000432
            ],
            [
              186773.09730000142,
              282194.2199000027
            ],
            [
              186767.63200000115,
              282203.43820000067
            ],
            [
              186767.46620000061,
              282225.38759999909
            ]
          ]
        ]
      }
    },
    {
      "attributes" : {
        "FID" : 6,
        "PMNTN_SN" : 21048,
        "MNTN_CODE" : "291400301",
        "MNTN_NM" : "백석산",
        "PMNTN_NM" : "성실길,로이스빌앞-금호동산,백석정구간",
        "PMNTN_MAIN" : " ",
        "PMNTN_LT" : 0.18,
        "PMNTN_DFFL" : "쉬움",
        "PMNTN_UPPL" : 3,
        "PMNTN_GODN" : 2,
        "PMNTN_MTRQ" : "마사토/적황토사",
        "PMNTN_CNRL" : " ",
        "PMNTN_CLS_" : " ",
        "PMNTN_RISK" : "부분적으로 산책로 폭 협소하며 낭떠러지 있음",
        "PMNTN_RECO" : " ",
        "DATA_STDR_" : "2016-12-31",
        "MNTN_ID" : "291400301"
      },
      "geometry" : {
        "paths" : [
          [
            [
              186747.85240000021,
              282377.73719999753
            ],
            [
              186749.05510000046,
              282395.77669999935
            ],
            [
              186753.9215000011,
              282434.60950000212
            ],
            [
              186759.81010000128,
              282443.91970000044
            ],
            [
              186772.10310000088,
              282458.98430000059
            ],
            [
              186778.55980000272,
              282471.86170000024
            ],
            [
              186783.12620000076,
              282485.32660000212
            ],
            [
              186779.77480000164,
              282493.35660000145
            ],
            [
              186776.79550000373,
              282505.15060000122
            ],
            [
              186771.92980000097,
              282516.68300000206
            ],
            [
              186767.61110000126,
              282523.52020000108
            ],
            [
              186761.5206000004,
              282527.04059999809
            ],
            [
              186746.64560000226,
              282522.26810000092
            ]
          ]
        ]
      }
    },
    {
      "attributes" : {
        "FID" : 7,
        "PMNTN_SN" : 21049,
        "MNTN_CODE" : "291400301",
        "MNTN_NM" : "백석산",
        "PMNTN_NM" : "성실길,로이스빌앞-금호동산,백석정구간",
        "PMNTN_MAIN" : " ",
        "PMNTN_LT" : 0.09,
        "PMNTN_DFFL" : "쉬움",
        "PMNTN_UPPL" : 2,
        "PMNTN_GODN" : 1,
        "PMNTN_MTRQ" : "마사토/적황토사",
        "PMNTN_CNRL" : " ",
        "PMNTN_CLS_" : " ",
        "PMNTN_RISK" : "부분적으로 산책로 폭 협소하며 낭떠러지 있음",
        "PMNTN_RECO" : " ",
        "DATA_STDR_" : "2016-12-31",
        "MNTN_ID" : "291400301"
      },
      "geometry" : {
        "paths" : [
          [
            [
              186783.78870000131,
              281985.45749999955
            ],
            [
              186777.97540000174,
              281996.09210000187
            ],
            [
              186771.43129999936,
              282022.21490000188
            ],
            [
              186765.15390000213,
              282042.84930000082
            ],
            [
              186756.08580000233,
              282074.25950000435
            ]
          ]
        ]
      }
    },
    {
      "attributes" : {
        "FID" : 8,
        "PMNTN_SN" : 21050,
        "MNTN_CODE" : "291400301",
        "MNTN_NM" : "백석산",
        "PMNTN_NM" : "성실길,로이스빌앞-금호동산,백석정구간",
        "PMNTN_MAIN" : " ",
        "PMNTN_LT" : 0.15,
        "PMNTN_DFFL" : "쉬움",
        "PMNTN_UPPL" : 3,
        "PMNTN_GODN" : 2,
        "PMNTN_MTRQ" : "마사토/적황토사",
        "PMNTN_CNRL" : " ",
        "PMNTN_CLS_" : " ",
        "PMNTN_RISK" : "부분적으로 산책로 폭 협소하며 낭떠러지 있음",
        "PMNTN_RECO" : " ",
        "DATA_STDR_" : "2016-12-31",
        "MNTN_ID" : "291400301"
      },
      "geometry" : {
        "paths" : [
          [
            [
              186767.46620000061,
              282225.38759999909
            ],
            [
              186767.46620000061,
              282225.38759999909
            ],
            [
              186767.69880000316,
              282231.71120000072
            ],
            [
              186766.39300000202,
              282238.85080000013
            ],
            [
              186761.91210000031,
              282250.12780000269
            ],
            [
              186759.32970000058,
              282262.28979999945
            ],
            [
              186754.11330000032,
              282294.34940000251
            ],
            [
              186752.40270000137,
              282322.59070000052
            ],
            [
              186748.75550000183,
              282364.60679999925
            ],
            [
              186747.85240000021,
              282377.73719999753
            ]
          ]
        ]
      }
    },
    {
      "attributes" : {
        "FID" : 9,
        "PMNTN_SN" : 21051,
        "MNTN_CODE" : "291400301",
        "MNTN_NM" : "백석산",
        "PMNTN_NM" : "성실길,로이스빌앞-금호동산,백석정구간",
        "PMNTN_MAIN" : " ",
        "PMNTN_LT" : 0.12,
        "PMNTN_DFFL" : "쉬움",
        "PMNTN_UPPL" : 2,
        "PMNTN_GODN" : 1,
        "PMNTN_MTRQ" : "마사토/적황토사",
        "PMNTN_CNRL" : " ",
        "PMNTN_CLS_" : " ",
        "PMNTN_RISK" : "부분적으로 산책로 폭 협소하며 낭떠러지 있음",
        "PMNTN_RECO" : " ",
        "DATA_STDR_" : "2016-12-31",
        "MNTN_ID" : "291400301"
      },
      "geometry" : {
        "paths" : [
          [
            [
              186604.7900000019,
              282081.91820000298
            ],
            [
              186605.42405769415,
              282065.30478593707
            ],
            [
              186605.42405769601,
              282056.74316732585
            ],
            [
              186606.2802195577,
              282047.75346778706
            ],
            [
              186607.13638141658,
              282034.05487801321
            ],
            [
              186610.13294793107,
              282022.49669289216
            ],
            [
              186613.55759537406,
              282012.22275055759
            ],
            [
              186616.1260809591,
              282005.80153660104
            ],
            [
              186618.26648561098,
              282003.66113194823
            ],
            [
              186625.97194235772,
              282000.66456543282
            ],
            [
              186631.96507538576,
              281998.52416078374
            ],
            [
              186637.10204655211,
              281996.38375612721
            ],
            [
              186640.95477492455,
              281992.95910868607
            ],
            [
              186644.37942236848,
              281990.3906231001
            ],
            [
              186647.80406981148,
              281986.53789472766
            ]
          ]
        ]
      }
    },
    {
      "attributes" : {
        "FID" : 10,
        "PMNTN_SN" : 21052,
        "MNTN_CODE" : "291400301",
        "MNTN_NM" : "백석산",
        "PMNTN_NM" : "금호동산-서구마륵동성화발전기옆구간",
        "PMNTN_MAIN" : " ",
        "PMNTN_LT" : 0.16,
        "PMNTN_DFFL" : "쉬움",
        "PMNTN_UPPL" : 3,
        "PMNTN_GODN" : 2,
        "PMNTN_MTRQ" : "마사토/적황토사",
        "PMNTN_CNRL" : " ",
        "PMNTN_CLS_" : " ",
        "PMNTN_RISK" : "부분적으로 산책로 폭 협소하며 낭떠러지 있음",
        "PMNTN_RECO" : " ",
        "DATA_STDR_" : "2016-12-31",
        "MNTN_ID" : "291400301"
      },
      "geometry" : {
        "paths" : [
          [
            [
              186604.7900000019,
              282081.91820000298
            ],
            [
              186610.29050000291,
              282070.74020000175
            ],
            [
              186627.03129999992,
              282063.1230999995
            ],
            [
              186647.48370000161,
              282057.44730000198
            ],
            [
              186695.36340000294,
              282057.70680000074
            ],
            [
              186725.72609999962,
              282066.98160000332
            ],
            [
              186756.08580000233,
              282074.25950000435
            ]
          ]
        ]
      }
    }
  ]
}