{
  "displayFieldName" : "",
  "fieldAliases" : {
    "FID" : "FID",
    "PMNTN_SPOT" : "PMNTN_SPOT",
    "MNTN_CODE" : "MNTN_CODE",
    "MANAGE_SP1" : "MANAGE_SP1",
    "MANAGE_SP2" : "MANAGE_SP2",
    "DETAIL_SPO" : "DETAIL_SPO",
    "ETC_MATTER" : "ETC_MATTER",
    "MNTN_NM" : "MNTN_NM",
    "PAST_SPOT_" : "PAST_SPOT_",
    "MNTN_ID" : "MNTN_ID"
  },
  "geometryType" : "esriGeometryPoint",
  "spatialReference" : {
    "wkt" : "PROJCS[\"PCS_ITRF2000_TM\",GEOGCS[\"GCS_ITRF_2000\",DATUM[\"D_ITRF_2000\",SPHEROID[\"GRS_1980\",6378137.0,298.257222101]],PRIMEM[\"Greenwich\",0.0],UNIT[\"Degree\",0.0174532925199433]],PROJECTION[\"Transverse_Mercator\"],PARAMETER[\"False_Easting\",200000.0],PARAMETER[\"False_Northing\",600000.0],PARAMETER[\"Central_Meridian\",127.0],PARAMETER[\"Scale_Factor\",1.0],PARAMETER[\"Latitude_Of_Origin\",38.0],UNIT[\"Meter\",1.0]]"
  },
  "fields" : [
    {
      "name" : "FID",
      "type" : "esriFieldTypeOID",
      "alias" : "FID"
    },
    {
      "name" : "PMNTN_SPOT",
      "type" : "esriFieldTypeDouble",
      "alias" : "PMNTN_SPOT"
    },
    {
      "name" : "MNTN_CODE",
      "type" : "esriFieldTypeString",
      "alias" : "MNTN_CODE",
      "length" : 9
    },
    {
      "name" : "MANAGE_SP1",
      "type" : "esriFieldTypeString",
      "alias" : "MANAGE_SP1",
      "length" : 2
    },
    {
      "name" : "MANAGE_SP2",
      "type" : "esriFieldTypeString",
      "alias" : "MANAGE_SP2",
      "length" : 50
    },
    {
      "name" : "DETAIL_SPO",
      "type" : "esriFieldTypeString",
      "alias" : "DETAIL_SPO",
      "length" : 200
    },
    {
      "name" : "ETC_MATTER",
      "type" : "esriFieldTypeString",
      "alias" : "ETC_MATTER",
      "length" : 200
    },
    {
      "name" : "MNTN_NM",
      "type" : "esriFieldTypeString",
      "alias" : "MNTN_NM",
      "length" : 50
    },
    {
      "name" : "PAST_SPOT_",
      "type" : "esriFieldTypeString",
      "alias" : "PAST_SPOT_",
      "length" : 14
    },
    {
      "name" : "MNTN_ID",
      "type" : "esriFieldTypeString",
      "alias" : "MNTN_ID",
      "length" : 10
    }
  ],
  "features" : [
    {
      "attributes" : {
        "FID" : 0,
        "PMNTN_SPOT" : 86067,
        "MNTN_CODE" : "437500103",
        "MANAGE_SP1" : "01",
        "MANAGE_SP2" : "시종점",
        "DETAIL_SPO" : "시종점",
        "ETC_MATTER" : " ",
        "MNTN_NM" : "초평트래킹길",
        "PAST_SPOT_" : "4375001030001",
        "MNTN_ID" : "437500103"
      },
      "geometry" : {
        "x" : 245071.79428412765,
        "y" : 470026.04355329089
      }
    },
    {
      "attributes" : {
        "FID" : 1,
        "PMNTN_SPOT" : 86068,
        "MNTN_CODE" : "437500103",
        "MANAGE_SP1" : "01",
        "MANAGE_SP2" : "시종점",
        "DETAIL_SPO" : "시종점",
        "ETC_MATTER" : " ",
        "MNTN_NM" : "초평트래킹길",
        "PAST_SPOT_" : "4375001030002",
        "MNTN_ID" : "437500103"
      },
      "geometry" : {
        "x" : 245186.45152079966,
        "y" : 469631.46198793501
      }
    },
    {
      "attributes" : {
        "FID" : 2,
        "PMNTN_SPOT" : 86069,
        "MNTN_CODE" : "437500103",
        "MANAGE_SP1" : "01",
        "MANAGE_SP2" : "시종점",
        "DETAIL_SPO" : "시종점",
        "ETC_MATTER" : " ",
        "MNTN_NM" : "초평트래킹길",
        "PAST_SPOT_" : "4375001030003",
        "MNTN_ID" : "437500103"
      },
      "geometry" : {
        "x" : 245431.79227894824,
        "y" : 469035.28938988596
      }
    },
    {
      "attributes" : {
        "FID" : 3,
        "PMNTN_SPOT" : 86070,
        "MNTN_CODE" : "437500103",
        "MANAGE_SP1" : "01",
        "MANAGE_SP2" : "시종점",
        "DETAIL_SPO" : "시종점",
        "ETC_MATTER" : " ",
        "MNTN_NM" : "초평트래킹길",
        "PAST_SPOT_" : "4375001030004",
        "MNTN_ID" : "437500103"
      },
      "geometry" : {
        "x" : 245358.51915239915,
        "y" : 469028.97469193675
      }
    },
    {
      "attributes" : {
        "FID" : 4,
        "PMNTN_SPOT" : 86071,
        "MNTN_CODE" : "437500103",
        "MANAGE_SP1" : "01",
        "MANAGE_SP2" : "시종점",
        "DETAIL_SPO" : "시종점",
        "ETC_MATTER" : " ",
        "MNTN_NM" : "초평트래킹길",
        "PAST_SPOT_" : "4375001030005",
        "MNTN_ID" : "437500103"
      },
      "geometry" : {
        "x" : 245375.61544653215,
        "y" : 468981.52810849994
      }
    },
    {
      "attributes" : {
        "FID" : 5,
        "PMNTN_SPOT" : 86072,
        "MNTN_CODE" : "437500103",
        "MANAGE_SP1" : "01",
        "MANAGE_SP2" : "시종점",
        "DETAIL_SPO" : "시종점",
        "ETC_MATTER" : " ",
        "MNTN_NM" : "초평트래킹길",
        "PAST_SPOT_" : "4375001030006",
        "MNTN_ID" : "437500103"
      },
      "geometry" : {
        "x" : 245570.01032760274,
        "y" : 468185.7390781492
      }
    },
    {
      "attributes" : {
        "FID" : 6,
        "PMNTN_SPOT" : 86073,
        "MNTN_CODE" : "437500103",
        "MANAGE_SP1" : "01",
        "MANAGE_SP2" : "시종점",
        "DETAIL_SPO" : "시종점",
        "ETC_MATTER" : " ",
        "MNTN_NM" : "초평트래킹길",
        "PAST_SPOT_" : "4375001030007",
        "MNTN_ID" : "437500103"
      },
      "geometry" : {
        "x" : 245982.96819625422,
        "y" : 467965.75755665265
      }
    },
    {
      "attributes" : {
        "FID" : 7,
        "PMNTN_SPOT" : 86074,
        "MNTN_CODE" : "437500103",
        "MANAGE_SP1" : "02",
        "MANAGE_SP2" : "분기점",
        "DETAIL_SPO" : "분기점",
        "ETC_MATTER" : " ",
        "MNTN_NM" : "초평트래킹길",
        "PAST_SPOT_" : "4375001030008",
        "MNTN_ID" : "437500103"
      },
      "geometry" : {
        "x" : 245124.32778916322,
        "y" : 469645.83477004804
      }
    },
    {
      "attributes" : {
        "FID" : 8,
        "PMNTN_SPOT" : 86075,
        "MNTN_CODE" : "437500103",
        "MANAGE_SP1" : "02",
        "MANAGE_SP2" : "분기점",
        "DETAIL_SPO" : "분기점",
        "ETC_MATTER" : " ",
        "MNTN_NM" : "초평트래킹길",
        "PAST_SPOT_" : "4375001030009",
        "MNTN_ID" : "437500103"
      },
      "geometry" : {
        "x" : 245314.57244982757,
        "y" : 467731.19944765791
      }
    }
  ]
}