{
  "displayFieldName" : "",
  "fieldAliases" : {
    "FID" : "FID",
    "PMNTN_SN" : "PMNTN_SN",
    "MNTN_CODE" : "MNTN_CODE",
    "MNTN_NM" : "MNTN_NM",
    "PMNTN_NM" : "PMNTN_NM",
    "PMNTN_MAIN" : "PMNTN_MAIN",
    "PMNTN_LT" : "PMNTN_LT",
    "PMNTN_DFFL" : "PMNTN_DFFL",
    "PMNTN_UPPL" : "PMNTN_UPPL",
    "PMNTN_GODN" : "PMNTN_GODN",
    "PMNTN_MTRQ" : "PMNTN_MTRQ",
    "PMNTN_CNRL" : "PMNTN_CNRL",
    "PMNTN_CLS_" : "PMNTN_CLS_",
    "PMNTN_RISK" : "PMNTN_RISK",
    "PMNTN_RECO" : "PMNTN_RECO",
    "DATA_STDR_" : "DATA_STDR_",
    "MNTN_ID" : "MNTN_ID"
  },
  "geometryType" : "esriGeometryPolyline",
  "spatialReference" : {
    "wkt" : "PROJCS[\"PCS_ITRF2000_TM\",GEOGCS[\"GCS_ITRF_2000\",DATUM[\"D_ITRF_2000\",SPHEROID[\"GRS_1980\",6378137.0,298.257222101]],PRIMEM[\"Greenwich\",0.0],UNIT[\"Degree\",0.0174532925199433]],PROJECTION[\"Transverse_Mercator\"],PARAMETER[\"False_Easting\",200000.0],PARAMETER[\"False_Northing\",600000.0],PARAMETER[\"Central_Meridian\",127.0],PARAMETER[\"Scale_Factor\",1.0],PARAMETER[\"Latitude_Of_Origin\",38.0],UNIT[\"Meter\",1.0]]"
  },
  "fields" : [
    {
      "name" : "FID",
      "type" : "esriFieldTypeOID",
      "alias" : "FID"
    },
    {
      "name" : "PMNTN_SN",
      "type" : "esriFieldTypeDouble",
      "alias" : "PMNTN_SN"
    },
    {
      "name" : "MNTN_CODE",
      "type" : "esriFieldTypeString",
      "alias" : "MNTN_CODE",
      "length" : 9
    },
    {
      "name" : "MNTN_NM",
      "type" : "esriFieldTypeString",
      "alias" : "MNTN_NM",
      "length" : 50
    },
    {
      "name" : "PMNTN_NM",
      "type" : "esriFieldTypeString",
      "alias" : "PMNTN_NM",
      "length" : 50
    },
    {
      "name" : "PMNTN_MAIN",
      "type" : "esriFieldTypeString",
      "alias" : "PMNTN_MAIN",
      "length" : 200
    },
    {
      "name" : "PMNTN_LT",
      "type" : "esriFieldTypeSingle",
      "alias" : "PMNTN_LT"
    },
    {
      "name" : "PMNTN_DFFL",
      "type" : "esriFieldTypeString",
      "alias" : "PMNTN_DFFL",
      "length" : 8
    },
    {
      "name" : "PMNTN_UPPL",
      "type" : "esriFieldTypeDouble",
      "alias" : "PMNTN_UPPL"
    },
    {
      "name" : "PMNTN_GODN",
      "type" : "esriFieldTypeDouble",
      "alias" : "PMNTN_GODN"
    },
    {
      "name" : "PMNTN_MTRQ",
      "type" : "esriFieldTypeString",
      "alias" : "PMNTN_MTRQ",
      "length" : 200
    },
    {
      "name" : "PMNTN_CNRL",
      "type" : "esriFieldTypeString",
      "alias" : "PMNTN_CNRL",
      "length" : 1
    },
    {
      "name" : "PMNTN_CLS_",
      "type" : "esriFieldTypeString",
      "alias" : "PMNTN_CLS_",
      "length" : 1
    },
    {
      "name" : "PMNTN_RISK",
      "type" : "esriFieldTypeString",
      "alias" : "PMNTN_RISK",
      "length" : 200
    },
    {
      "name" : "PMNTN_RECO",
      "type" : "esriFieldTypeString",
      "alias" : "PMNTN_RECO",
      "length" : 1
    },
    {
      "name" : "DATA_STDR_",
      "type" : "esriFieldTypeString",
      "alias" : "DATA_STDR_",
      "length" : 10
    },
    {
      "name" : "MNTN_ID",
      "type" : "esriFieldTypeString",
      "alias" : "MNTN_ID",
      "length" : 10
    }
  ],
  "features" : [
    {
      "attributes" : {
        "FID" : 0,
        "PMNTN_SN" : 52658,
        "MNTN_CODE" : "301105504",
        "MNTN_NM" : "하사앞산",
        "PMNTN_NM" : "이사동구간",
        "PMNTN_MAIN" : " ",
        "PMNTN_LT" : 0.4,
        "PMNTN_DFFL" : "쉬움",
        "PMNTN_UPPL" : 7,
        "PMNTN_GODN" : 5,
        "PMNTN_MTRQ" : " ",
        "PMNTN_CNRL" : " ",
        "PMNTN_CLS_" : " ",
        "PMNTN_RISK" : " ",
        "PMNTN_RECO" : " ",
        "DATA_STDR_" : "2016-12-31",
        "MNTN_ID" : "301105504"
      },
      "geometry" : {
        "paths" : [
          [
            [
              240270.09020000137,
              409645.77340000123
            ],
            [
              240272.55530000012,
              409637.24019999988
            ],
            [
              240273.49210000131,
              409628.92200000025
            ],
            [
              240270.20950000174,
              409619.91840000078
            ],
            [
              240276.26320000086,
              409612.51149999909
            ],
            [
              240277.75180000067,
              409601.42160000093
            ],
            [
              240288.28010000009,
              409597.80829999968
            ],
            [
              240295.70309999958,
              409605.16650000028
            ],
            [
              240304.67840000056,
              409607.09439999983
            ],
            [
              240315.18110000063,
              409609.02930000052
            ],
            [
              240324.1481999997,
              409612.73269999959
            ],
            [
              240334.659500001,
              409612.78130000271
            ],
            [
              240345.06410000194,
              409616.49130000174
            ],
            [
              240354.03070000093,
              409620.30570000038
            ],
            [
              240361.54350000154,
              409627.6643000003
            ],
            [
              240364.46510000154,
              409636.99910000339
            ],
            [
              240364.41370000131,
              409648.09569999948
            ],
            [
              240371.85350000113,
              409651.79199999943
            ],
            [
              240380.82060000021,
              409655.49540000409
            ],
            [
              240385.2695000004,
              409664.83730000071
            ],
            [
              240386.74540000223,
              409675.94090000167
            ],
            [
              240383.7379999999,
              409685.13729999959
            ],
            [
              240380.6409,
              409694.33330000192
            ],
            [
              240371.66509999987,
              409692.51630000398
            ],
            [
              240362.69859999977,
              409688.70189999975
            ],
            [
              240365.71000000089,
              409698.03710000217
            ],
            [
              240368.63210000377,
              409707.2610000018
            ],
            [
              240371.55420000385,
              409716.48479999974
            ],
            [
              240373.03010000382,
              409727.58840000071
            ],
            [
              240377.47900000028,
              409736.93030000292
            ],
            [
              240381.9282999998,
              409746.16119999811
            ],
            [
              240384.85039999988,
              409755.38509999961
            ],
            [
              240395.34410000127,
              409759.20660000294
            ],
            [
              240405.84700000379,
              409761.0307
            ],
            [
              240411.79600000009,
              409764.12180000171
            ],
            [
              240419.03840000089,
              409770.02800000459
            ],
            [
              240422.68340000231,
              409777.74459999986
            ],
            [
              240419.19440000039,
              409788.83440000378
            ],
            [
              240413.13200000115,
              409798.127700001
            ],
            [
              240410.09760000091,
              409807.56699999981
            ],
            [
              240406.06309999991,
              409814.25600000098
            ]
          ]
        ]
      }
    },
    {
      "attributes" : {
        "FID" : 1,
        "PMNTN_SN" : 52659,
        "MNTN_CODE" : "301105504",
        "MNTN_NM" : "하사앞산",
        "PMNTN_NM" : "이사동구간",
        "PMNTN_MAIN" : " ",
        "PMNTN_LT" : 0.16,
        "PMNTN_DFFL" : "쉬움",
        "PMNTN_UPPL" : 3,
        "PMNTN_GODN" : 2,
        "PMNTN_MTRQ" : " ",
        "PMNTN_CNRL" : " ",
        "PMNTN_CLS_" : " ",
        "PMNTN_RISK" : " ",
        "PMNTN_RECO" : " ",
        "DATA_STDR_" : "2016-12-31",
        "MNTN_ID" : "301105504"
      },
      "geometry" : {
        "paths" : [
          [
            [
              240505.54899999872,
              409881.78210000321
            ],
            [
              240502.63580000028,
              409870.67180000059
            ],
            [
              240499.2144000018,
              409862.83710000105
            ],
            [
              240495.26530000381,
              409854.10620000213
            ],
            [
              240490.32480000239,
              409845.48910000734
            ],
            [
              240486.37569999974,
              409835.50800000317
            ],
            [
              240481.17690000404,
              409824.9159000013
            ],
            [
              240476.70079999976,
              409811.56200000271
            ],
            [
              240475.50200000219,
              409804.33129999973
            ],
            [
              240472.06570000015,
              409802.47589999996
            ],
            [
              240458.02560000122,
              409803.88409999944
            ],
            [
              240447.06900000013,
              409806.60429999977
            ],
            [
              240438.48790000007,
              409813.00390000269
            ],
            [
              240431.70570000075,
              409816.05169999972
            ],
            [
              240427.24820000026,
              409819.21290000156
            ],
            [
              240424.16999999993,
              409820.53740000352
            ],
            [
              240418.77259999979,
              409821.89640000276
            ],
            [
              240412.77080000099,
              409818.46110000461
            ],
            [
              240406.06309999991,
              409814.25600000098
            ]
          ]
        ]
      }
    },
    {
      "attributes" : {
        "FID" : 2,
        "PMNTN_SN" : 52660,
        "MNTN_CODE" : "301105504",
        "MNTN_NM" : "하사앞산",
        "PMNTN_NM" : "이사동구간",
        "PMNTN_MAIN" : " ",
        "PMNTN_LT" : 0.11,
        "PMNTN_DFFL" : "쉬움",
        "PMNTN_UPPL" : 2,
        "PMNTN_GODN" : 1,
        "PMNTN_MTRQ" : " ",
        "PMNTN_CNRL" : " ",
        "PMNTN_CLS_" : " ",
        "PMNTN_RISK" : " ",
        "PMNTN_RECO" : " ",
        "DATA_STDR_" : "2016-12-31",
        "MNTN_ID" : "301105504"
      },
      "geometry" : {
        "paths" : [
          [
            [
              240270.09020000137,
              409645.77340000123
            ],
            [
              240262.6678000018,
              409638.30429999903
            ],
            [
              240256.14690000005,
              409631.97110000439
            ],
            [
              240249.25980000384,
              409623.48370000161
            ],
            [
              240243.26610000152,
              409617.90770000033
            ],
            [
              240235.84360000025,
              409610.43859999999
            ],
            [
              240227.31360000186,
              409606.35740000196
            ],
            [
              240217.14940000139,
              409602.75259999931
            ],
            [
              240207.40660000034,
              409601.09720000252
            ],
            [
              240197.69800000079,
              409598.75789999776
            ],
            [
              240189.17000000086,
              409600.37110000104
            ],
            [
              240186.43939999957,
              409608.4354000017
            ]
          ]
        ]
      }
    },
    {
      "attributes" : {
        "FID" : 3,
        "PMNTN_SN" : 52661,
        "MNTN_CODE" : "301105504",
        "MNTN_NM" : "하사앞산",
        "PMNTN_NM" : "이사동구간",
        "PMNTN_MAIN" : " ",
        "PMNTN_LT" : 0.24,
        "PMNTN_DFFL" : "쉬움",
        "PMNTN_UPPL" : 4,
        "PMNTN_GODN" : 3,
        "PMNTN_MTRQ" : " ",
        "PMNTN_CNRL" : " ",
        "PMNTN_CLS_" : " ",
        "PMNTN_RISK" : " ",
        "PMNTN_RECO" : " ",
        "DATA_STDR_" : "2016-12-31",
        "MNTN_ID" : "301105504"
      },
      "geometry" : {
        "paths" : [
          [
            [
              240406.06309999991,
              409814.25600000098
            ],
            [
              240401.14949999936,
              409805.39600000158
            ],
            [
              240392.18259999994,
              409801.69260000251
            ],
            [
              240381.68020000309,
              409799.7575000003
            ],
            [
              240371.16909999959,
              409799.70890000276
            ],
            [
              240360.73909999989,
              409801.54710000008
            ],
            [
              240354.34169999976,
              409800.28040000238
            ],
            [
              240351.72680000123,
              409795.32760000229
            ],
            [
              240344.26879999973,
              409788.48770000041
            ],
            [
              240336.83780000079,
              409782.90490000136
            ],
            [
              240330.86119999923,
              409773.66699999943
            ],
            [
              240330.91250000056,
              409762.57040000148
            ],
            [
              240330.9550999999,
              409753.36030000076
            ],
            [
              240325.06880000047,
              409744.01180000231
            ],
            [
              240320.62810000032,
              409732.8945000004
            ],
            [
              240313.10720000416,
              409727.31140000187
            ],
            [
              240305.6930999998,
              409718.06680000015
            ],
            [
              240301.24370000139,
              409708.83589999937
            ],
            [
              240296.78600000311,
              409701.38050000183
            ],
            [
              240289.3719000034,
              409692.13590000011
            ],
            [
              240284.92290000245,
              409682.79409999959
            ],
            [
              240281.91960000247,
              409671.68350000121
            ],
            [
              240280.52470000088,
              409662.46669999883
            ],
            [
              240277.521300002,
              409651.3561000023
            ],
            [
              240270.09020000137,
              409645.77340000123
            ]
          ]
        ]
      }
    },
    {
      "attributes" : {
        "FID" : 4,
        "PMNTN_SN" : 52662,
        "MNTN_CODE" : "301105504",
        "MNTN_NM" : "하사앞산",
        "PMNTN_NM" : "이사동구간",
        "PMNTN_MAIN" : " ",
        "PMNTN_LT" : 0.32,
        "PMNTN_DFFL" : "쉬움",
        "PMNTN_UPPL" : 6,
        "PMNTN_GODN" : 4,
        "PMNTN_MTRQ" : " ",
        "PMNTN_CNRL" : " ",
        "PMNTN_CLS_" : " ",
        "PMNTN_RISK" : " ",
        "PMNTN_RECO" : " ",
        "DATA_STDR_" : "2016-12-31",
        "MNTN_ID" : "301105504"
      },
      "geometry" : {
        "paths" : [
          [
            [
              240406.06309999991,
              409814.25600000098
            ],
            [
              240403.59560000151,
              409820.38800000213
            ],
            [
              240403.56840000022,
              409826.26920000277
            ],
            [
              240406.06070000213,
              409831.27430000156
            ],
            [
              240412.8375000041,
              409837.77620000206
            ],
            [
              240421.06020000111,
              409840.38630000129
            ],
            [
              240432.90350000001,
              409838.31680000015
            ],
            [
              240445.66450000089,
              409839.14380000159
            ],
            [
              240456.33700000029,
              409839.36219999939
            ],
            [
              240465.82090000343,
              409843.15430000424
            ],
            [
              240472.31440000236,
              409850.11529999971
            ],
            [
              240472.76300000306,
              409861.21180000156
            ],
            [
              240466.70940000284,
              409868.6185999997
            ],
            [
              240456.18140000105,
              409872.23169999942
            ],
            [
              240445.75140000321,
              409874.0698000025
            ],
            [
              240436.75889999978,
              409875.91460000165
            ],
            [
              240424.71240000241,
              409877.63420000114
            ],
            [
              240415.71989999898,
              409879.47900000028
            ],
            [
              240403.81549999956,
              409879.76939999871
            ],
            [
              240389.84850000311,
              409879.2053999994
            ],
            [
              240376.85410000011,
              409879.74540000409
            ],
            [
              240366.63710000087,
              409877.54210000113
            ],
            [
              240357.34220000263,
              409875.54690000229
            ],
            [
              240349.36870000139,
              409877.67400000431
            ],
            [
              240344.67399999965,
              409878.05580000207
            ],
            [
              240340.40370000154,
              409882.03070000187
            ],
            [
              240339.87650000211,
              409888.75540000014
            ],
            [
              240331.59880000167,
              409893.86880000122
            ],
            [
              240308.13200000115,
              409900.97589999996
            ],
            [
              240292.38000000175,
              409907.95759999938
            ],
            [
              240276.60140000377,
              409912.82110000215
            ]
          ]
        ]
      }
    }
  ]
}