{
  "displayFieldName" : "",
  "fieldAliases" : {
    "FID" : "FID",
    "PMNTN_SN" : "PMNTN_SN",
    "MNTN_CODE" : "MNTN_CODE",
    "MNTN_NM" : "MNTN_NM",
    "PMNTN_NM" : "PMNTN_NM",
    "PMNTN_MAIN" : "PMNTN_MAIN",
    "PMNTN_LT" : "PMNTN_LT",
    "PMNTN_DFFL" : "PMNTN_DFFL",
    "PMNTN_UPPL" : "PMNTN_UPPL",
    "PMNTN_GODN" : "PMNTN_GODN",
    "PMNTN_MTRQ" : "PMNTN_MTRQ",
    "PMNTN_CNRL" : "PMNTN_CNRL",
    "PMNTN_CLS_" : "PMNTN_CLS_",
    "PMNTN_RISK" : "PMNTN_RISK",
    "PMNTN_RECO" : "PMNTN_RECO",
    "DATA_STDR_" : "DATA_STDR_",
    "MNTN_ID" : "MNTN_ID"
  },
  "geometryType" : "esriGeometryPolyline",
  "spatialReference" : {
    "wkt" : "PROJCS[\"PCS_ITRF2000_TM\",GEOGCS[\"GCS_ITRF_2000\",DATUM[\"D_ITRF_2000\",SPHEROID[\"GRS_1980\",6378137.0,298.257222101]],PRIMEM[\"Greenwich\",0.0],UNIT[\"Degree\",0.0174532925199433]],PROJECTION[\"Transverse_Mercator\"],PARAMETER[\"False_Easting\",200000.0],PARAMETER[\"False_Northing\",600000.0],PARAMETER[\"Central_Meridian\",127.0],PARAMETER[\"Scale_Factor\",1.0],PARAMETER[\"Latitude_Of_Origin\",38.0],UNIT[\"Meter\",1.0]]"
  },
  "fields" : [
    {
      "name" : "FID",
      "type" : "esriFieldTypeOID",
      "alias" : "FID"
    },
    {
      "name" : "PMNTN_SN",
      "type" : "esriFieldTypeDouble",
      "alias" : "PMNTN_SN"
    },
    {
      "name" : "MNTN_CODE",
      "type" : "esriFieldTypeString",
      "alias" : "MNTN_CODE",
      "length" : 9
    },
    {
      "name" : "MNTN_NM",
      "type" : "esriFieldTypeString",
      "alias" : "MNTN_NM",
      "length" : 50
    },
    {
      "name" : "PMNTN_NM",
      "type" : "esriFieldTypeString",
      "alias" : "PMNTN_NM",
      "length" : 50
    },
    {
      "name" : "PMNTN_MAIN",
      "type" : "esriFieldTypeString",
      "alias" : "PMNTN_MAIN",
      "length" : 200
    },
    {
      "name" : "PMNTN_LT",
      "type" : "esriFieldTypeSingle",
      "alias" : "PMNTN_LT"
    },
    {
      "name" : "PMNTN_DFFL",
      "type" : "esriFieldTypeString",
      "alias" : "PMNTN_DFFL",
      "length" : 8
    },
    {
      "name" : "PMNTN_UPPL",
      "type" : "esriFieldTypeDouble",
      "alias" : "PMNTN_UPPL"
    },
    {
      "name" : "PMNTN_GODN",
      "type" : "esriFieldTypeDouble",
      "alias" : "PMNTN_GODN"
    },
    {
      "name" : "PMNTN_MTRQ",
      "type" : "esriFieldTypeString",
      "alias" : "PMNTN_MTRQ",
      "length" : 200
    },
    {
      "name" : "PMNTN_CNRL",
      "type" : "esriFieldTypeString",
      "alias" : "PMNTN_CNRL",
      "length" : 1
    },
    {
      "name" : "PMNTN_CLS_",
      "type" : "esriFieldTypeString",
      "alias" : "PMNTN_CLS_",
      "length" : 1
    },
    {
      "name" : "PMNTN_RISK",
      "type" : "esriFieldTypeString",
      "alias" : "PMNTN_RISK",
      "length" : 200
    },
    {
      "name" : "PMNTN_RECO",
      "type" : "esriFieldTypeString",
      "alias" : "PMNTN_RECO",
      "length" : 1
    },
    {
      "name" : "DATA_STDR_",
      "type" : "esriFieldTypeString",
      "alias" : "DATA_STDR_",
      "length" : 10
    },
    {
      "name" : "MNTN_ID",
      "type" : "esriFieldTypeString",
      "alias" : "MNTN_ID",
      "length" : 10
    }
  ],
  "features" : [
    {
      "attributes" : {
        "FID" : 0,
        "PMNTN_SN" : 36426,
        "MNTN_CODE" : "491106904",
        "MNTN_NM" : "알진오름",
        "PMNTN_NM" : "송당리구간",
        "PMNTN_MAIN" : " ",
        "PMNTN_LT" : 0.32,
        "PMNTN_DFFL" : "쉬움",
        "PMNTN_UPPL" : 6,
        "PMNTN_GODN" : 4,
        "PMNTN_MTRQ" : " ",
        "PMNTN_CNRL" : " ",
        "PMNTN_CLS_" : " ",
        "PMNTN_RISK" : " ",
        "PMNTN_RECO" : " ",
        "DATA_STDR_" : "2016-12-31",
        "MNTN_ID" : "491106904"
      },
      "geometry" : {
        "paths" : [
          [
            [
              180252.15880000312,
              98281.774400001392
            ],
            [
              180243.64290000033,
              98287.061799999326
            ],
            [
              180232.9428000031,
              98289.172000000253
            ],
            [
              180225.23350000195,
              98290.692399997264
            ],
            [
              180211.68719999865,
              98291.948700001463
            ],
            [
              180198.24240000173,
              98292.415000002831
            ],
            [
              180181.32820000127,
              98291.805900001898
            ],
            [
              180167.27930000052,
              98290.806400001049
            ],
            [
              180161.14350000303,
              98296.636099999771
            ],
            [
              180153.29980000295,
              98300.930099999532
            ],
            [
              180143.81180000026,
              98306.124199999496
            ],
            [
              180134.19730000105,
              98311.736600002274
            ],
            [
              180126.51680000219,
              98316.219899998978
            ],
            [
              180113.17510000151,
              98327.793700000271
            ],
            [
              180106.13280000072,
              98338.234200000763
            ],
            [
              180110.30210000183,
              98345.235300004482
            ],
            [
              180121.65380000323,
              98354.480699999258
            ],
            [
              180128.35480000265,
              98359.938300000504
            ],
            [
              180137.68620000035,
              98366.811300000176
            ],
            [
              180145.93910000194,
              98372.889900002629
            ],
            [
              180155.76240000036,
              98380.379500001669
            ],
            [
              180163.18920000084,
              98386.041900001466
            ],
            [
              180170.82320000324,
              98391.06589999795
            ],
            [
              180176.98249999993,
              98395.1194000002
            ],
            [
              180179.51010000054,
              98394.8479999993
            ],
            [
              180183.8926000027,
              98390.436500001699
            ],
            [
              180187.78780000191,
              98384.038900000975
            ],
            [
              180195.8992999997,
              98373.729399999604
            ],
            [
              180207.34910000116,
              98364.200400002301
            ],
            [
              180216.34250000119,
              98348.831399999559
            ]
          ]
        ]
      }
    }
  ]
}