{
  "displayFieldName" : "",
  "fieldAliases" : {
    "FID" : "FID",
    "PMNTN_SPOT" : "PMNTN_SPOT",
    "MNTN_CODE" : "MNTN_CODE",
    "MANAGE_SP1" : "MANAGE_SP1",
    "MANAGE_SP2" : "MANAGE_SP2",
    "DETAIL_SPO" : "DETAIL_SPO",
    "ETC_MATTER" : "ETC_MATTER",
    "MNTN_NM" : "MNTN_NM",
    "PAST_SPOT_" : "PAST_SPOT_",
    "MNTN_ID" : "MNTN_ID"
  },
  "geometryType" : "esriGeometryPoint",
  "spatialReference" : {
    "wkt" : "PROJCS[\"PCS_ITRF2000_TM\",GEOGCS[\"GCS_ITRF_2000\",DATUM[\"D_ITRF_2000\",SPHEROID[\"GRS_1980\",6378137.0,298.257222101]],PRIMEM[\"Greenwich\",0.0],UNIT[\"Degree\",0.0174532925199433]],PROJECTION[\"Transverse_Mercator\"],PARAMETER[\"False_Easting\",200000.0],PARAMETER[\"False_Northing\",600000.0],PARAMETER[\"Central_Meridian\",127.0],PARAMETER[\"Scale_Factor\",1.0],PARAMETER[\"Latitude_Of_Origin\",38.0],UNIT[\"Meter\",1.0]]"
  },
  "fields" : [
    {
      "name" : "FID",
      "type" : "esriFieldTypeOID",
      "alias" : "FID"
    },
    {
      "name" : "PMNTN_SPOT",
      "type" : "esriFieldTypeDouble",
      "alias" : "PMNTN_SPOT"
    },
    {
      "name" : "MNTN_CODE",
      "type" : "esriFieldTypeString",
      "alias" : "MNTN_CODE",
      "length" : 9
    },
    {
      "name" : "MANAGE_SP1",
      "type" : "esriFieldTypeString",
      "alias" : "MANAGE_SP1",
      "length" : 2
    },
    {
      "name" : "MANAGE_SP2",
      "type" : "esriFieldTypeString",
      "alias" : "MANAGE_SP2",
      "length" : 50
    },
    {
      "name" : "DETAIL_SPO",
      "type" : "esriFieldTypeString",
      "alias" : "DETAIL_SPO",
      "length" : 200
    },
    {
      "name" : "ETC_MATTER",
      "type" : "esriFieldTypeString",
      "alias" : "ETC_MATTER",
      "length" : 200
    },
    {
      "name" : "MNTN_NM",
      "type" : "esriFieldTypeString",
      "alias" : "MNTN_NM",
      "length" : 50
    },
    {
      "name" : "PAST_SPOT_",
      "type" : "esriFieldTypeString",
      "alias" : "PAST_SPOT_",
      "length" : 14
    },
    {
      "name" : "MNTN_ID",
      "type" : "esriFieldTypeString",
      "alias" : "MNTN_ID",
      "length" : 10
    }
  ],
  "features" : [
    {
      "attributes" : {
        "FID" : 0,
        "PMNTN_SPOT" : 47342,
        "MNTN_CODE" : "416301201",
        "MANAGE_SP1" : "01",
        "MANAGE_SP2" : "시종점",
        "DETAIL_SPO" : "시종점",
        "ETC_MATTER" : " ",
        "MNTN_NM" : "사패산",
        "PAST_SPOT_" : "4163012010001",
        "MNTN_ID" : "416301201"
      },
      "geometry" : {
        "x" : 199074.95660000015,
        "y" : 569094.22510000132
      }
    },
    {
      "attributes" : {
        "FID" : 1,
        "PMNTN_SPOT" : 47343,
        "MNTN_CODE" : "416301201",
        "MANAGE_SP1" : "02",
        "MANAGE_SP2" : "분기점",
        "DETAIL_SPO" : "분기점",
        "ETC_MATTER" : " ",
        "MNTN_NM" : "사패산",
        "PAST_SPOT_" : "4163012010002",
        "MNTN_ID" : "416301201"
      },
      "geometry" : {
        "x" : 199679.47550000157,
        "y" : 569097.0308999978
      }
    },
    {
      "attributes" : {
        "FID" : 2,
        "PMNTN_SPOT" : 47344,
        "MNTN_CODE" : "416301201",
        "MANAGE_SP1" : "01",
        "MANAGE_SP2" : "시종점",
        "DETAIL_SPO" : "시종점",
        "ETC_MATTER" : " ",
        "MNTN_NM" : "사패산",
        "PAST_SPOT_" : "4163012010003",
        "MNTN_ID" : "416301201"
      },
      "geometry" : {
        "x" : 199689.86570000183,
        "y" : 570102.54370000027
      }
    },
    {
      "attributes" : {
        "FID" : 3,
        "PMNTN_SPOT" : 47345,
        "MNTN_CODE" : "416301201",
        "MANAGE_SP1" : "02",
        "MANAGE_SP2" : "분기점",
        "DETAIL_SPO" : "분기점",
        "ETC_MATTER" : " ",
        "MNTN_NM" : "사패산",
        "PAST_SPOT_" : "4163012010004",
        "MNTN_ID" : "416301201"
      },
      "geometry" : {
        "x" : 200870.09440000076,
        "y" : 569791.78320000134
      }
    },
    {
      "attributes" : {
        "FID" : 4,
        "PMNTN_SPOT" : 47346,
        "MNTN_CODE" : "416301201",
        "MANAGE_SP1" : "01",
        "MANAGE_SP2" : "시종점",
        "DETAIL_SPO" : "시종점",
        "ETC_MATTER" : " ",
        "MNTN_NM" : "사패산",
        "PAST_SPOT_" : "4163012010005",
        "MNTN_ID" : "416301201"
      },
      "geometry" : {
        "x" : 200920.69100000337,
        "y" : 569185.6026000008
      }
    },
    {
      "attributes" : {
        "FID" : 5,
        "PMNTN_SPOT" : 47347,
        "MNTN_CODE" : "416301201",
        "MANAGE_SP1" : "02",
        "MANAGE_SP2" : "분기점",
        "DETAIL_SPO" : "분기점",
        "ETC_MATTER" : " ",
        "MNTN_NM" : "사패산",
        "PAST_SPOT_" : "4115004010006",
        "MNTN_ID" : "411500401"
      },
      "geometry" : {
        "x" : 200948.58590000123,
        "y" : 569795.91860000044
      }
    },
    {
      "attributes" : {
        "FID" : 6,
        "PMNTN_SPOT" : 47348,
        "MNTN_CODE" : "416301201",
        "MANAGE_SP1" : "02",
        "MANAGE_SP2" : "분기점",
        "DETAIL_SPO" : "분기점",
        "ETC_MATTER" : " ",
        "MNTN_NM" : "사패산",
        "PAST_SPOT_" : "4115004010007",
        "MNTN_ID" : "411500401"
      },
      "geometry" : {
        "x" : 200995.51779999956,
        "y" : 569171.76949999854
      }
    },
    {
      "attributes" : {
        "FID" : 7,
        "PMNTN_SPOT" : 47349,
        "MNTN_CODE" : "416301201",
        "MANAGE_SP1" : "02",
        "MANAGE_SP2" : "분기점",
        "DETAIL_SPO" : "분기점",
        "ETC_MATTER" : " ",
        "MNTN_NM" : "사패산",
        "PAST_SPOT_" : "4115004010008",
        "MNTN_ID" : "411500401"
      },
      "geometry" : {
        "x" : 201078.25420000404,
        "y" : 569076.72460000403
      }
    },
    {
      "attributes" : {
        "FID" : 8,
        "PMNTN_SPOT" : 47350,
        "MNTN_CODE" : "416301201",
        "MANAGE_SP1" : "02",
        "MANAGE_SP2" : "분기점",
        "DETAIL_SPO" : "분기점",
        "ETC_MATTER" : " ",
        "MNTN_NM" : "사패산",
        "PAST_SPOT_" : "4115004010009",
        "MNTN_ID" : "411500401"
      },
      "geometry" : {
        "x" : 201079.13940000348,
        "y" : 569805.23340000398
      }
    },
    {
      "attributes" : {
        "FID" : 9,
        "PMNTN_SPOT" : 47351,
        "MNTN_CODE" : "416301201",
        "MANAGE_SP1" : "02",
        "MANAGE_SP2" : "분기점",
        "DETAIL_SPO" : "분기점",
        "ETC_MATTER" : " ",
        "MNTN_NM" : "사패산",
        "PAST_SPOT_" : "4115004010010",
        "MNTN_ID" : "411500401"
      },
      "geometry" : {
        "x" : 201096.8432,
        "y" : 569909.68540000357
      }
    },
    {
      "attributes" : {
        "FID" : 10,
        "PMNTN_SPOT" : 47352,
        "MNTN_CODE" : "416301201",
        "MANAGE_SP1" : "02",
        "MANAGE_SP2" : "분기점",
        "DETAIL_SPO" : "분기점",
        "ETC_MATTER" : " ",
        "MNTN_NM" : "사패산",
        "PAST_SPOT_" : "4115004010011",
        "MNTN_ID" : "411500401"
      },
      "geometry" : {
        "x" : 201113.08870000113,
        "y" : 569360.05939999968
      }
    },
    {
      "attributes" : {
        "FID" : 11,
        "PMNTN_SPOT" : 47353,
        "MNTN_CODE" : "416301201",
        "MANAGE_SP1" : "02",
        "MANAGE_SP2" : "분기점",
        "DETAIL_SPO" : "분기점",
        "ETC_MATTER" : " ",
        "MNTN_NM" : "사패산",
        "PAST_SPOT_" : "4115004010012",
        "MNTN_ID" : "411500401"
      },
      "geometry" : {
        "x" : 201115.40440000407,
        "y" : 569587.23409999907
      }
    },
    {
      "attributes" : {
        "FID" : 12,
        "PMNTN_SPOT" : 47354,
        "MNTN_CODE" : "416301201",
        "MANAGE_SP1" : "02",
        "MANAGE_SP2" : "분기점",
        "DETAIL_SPO" : "분기점",
        "ETC_MATTER" : " ",
        "MNTN_NM" : "사패산",
        "PAST_SPOT_" : "4115004010013",
        "MNTN_ID" : "411500401"
      },
      "geometry" : {
        "x" : 201119.06350000016,
        "y" : 569609.86090000533
      }
    },
    {
      "attributes" : {
        "FID" : 13,
        "PMNTN_SPOT" : 47355,
        "MNTN_CODE" : "416301201",
        "MANAGE_SP1" : "02",
        "MANAGE_SP2" : "분기점",
        "DETAIL_SPO" : "분기점",
        "ETC_MATTER" : " ",
        "MNTN_NM" : "사패산",
        "PAST_SPOT_" : "4115004010014",
        "MNTN_ID" : "411500401"
      },
      "geometry" : {
        "x" : 201140.74590000231,
        "y" : 568545.4010000024
      }
    },
    {
      "attributes" : {
        "FID" : 14,
        "PMNTN_SPOT" : 47356,
        "MNTN_CODE" : "416301201",
        "MANAGE_SP1" : "01",
        "MANAGE_SP2" : "시종점",
        "DETAIL_SPO" : "시종점",
        "ETC_MATTER" : " ",
        "MNTN_NM" : "사패산",
        "PAST_SPOT_" : "4115004010015",
        "MNTN_ID" : "411500401"
      },
      "geometry" : {
        "x" : 201183.5915000001,
        "y" : 568288.02309999987
      }
    },
    {
      "attributes" : {
        "FID" : 15,
        "PMNTN_SPOT" : 47357,
        "MNTN_CODE" : "416301201",
        "MANAGE_SP1" : "01",
        "MANAGE_SP2" : "시종점",
        "DETAIL_SPO" : "시종점",
        "ETC_MATTER" : " ",
        "MNTN_NM" : "사패산",
        "PAST_SPOT_" : "4115004010016",
        "MNTN_ID" : "411500401"
      },
      "geometry" : {
        "x" : 201188.90259999968,
        "y" : 570732.90920000151
      }
    },
    {
      "attributes" : {
        "FID" : 16,
        "PMNTN_SPOT" : 47358,
        "MNTN_CODE" : "416301201",
        "MANAGE_SP1" : "02",
        "MANAGE_SP2" : "분기점",
        "DETAIL_SPO" : "분기점",
        "ETC_MATTER" : " ",
        "MNTN_NM" : "사패산",
        "PAST_SPOT_" : "4115004010017",
        "MNTN_ID" : "411500401"
      },
      "geometry" : {
        "x" : 201202.46150000207,
        "y" : 568854.31219999865
      }
    },
    {
      "attributes" : {
        "FID" : 17,
        "PMNTN_SPOT" : 47359,
        "MNTN_CODE" : "416301201",
        "MANAGE_SP1" : "02",
        "MANAGE_SP2" : "분기점",
        "DETAIL_SPO" : "분기점",
        "ETC_MATTER" : " ",
        "MNTN_NM" : "사패산",
        "PAST_SPOT_" : "4115004010018",
        "MNTN_ID" : "411500401"
      },
      "geometry" : {
        "x" : 201234.93230000045,
        "y" : 568839.49450000189
      }
    },
    {
      "attributes" : {
        "FID" : 18,
        "PMNTN_SPOT" : 47360,
        "MNTN_CODE" : "416301201",
        "MANAGE_SP1" : "01",
        "MANAGE_SP2" : "시종점",
        "DETAIL_SPO" : "시종점",
        "ETC_MATTER" : " ",
        "MNTN_NM" : "사패산",
        "PAST_SPOT_" : "4115004010019",
        "MNTN_ID" : "411500401"
      },
      "geometry" : {
        "x" : 201265.91380000021,
        "y" : 570792.21670000255
      }
    },
    {
      "attributes" : {
        "FID" : 19,
        "PMNTN_SPOT" : 47361,
        "MNTN_CODE" : "416301201",
        "MANAGE_SP1" : "02",
        "MANAGE_SP2" : "분기점",
        "DETAIL_SPO" : "분기점",
        "ETC_MATTER" : " ",
        "MNTN_NM" : "사패산",
        "PAST_SPOT_" : "4115004010020",
        "MNTN_ID" : "411500401"
      },
      "geometry" : {
        "x" : 201442.06599999964,
        "y" : 570294.7416999992
      }
    },
    {
      "attributes" : {
        "FID" : 20,
        "PMNTN_SPOT" : 47362,
        "MNTN_CODE" : "416301201",
        "MANAGE_SP1" : "02",
        "MANAGE_SP2" : "분기점",
        "DETAIL_SPO" : "분기점",
        "ETC_MATTER" : " ",
        "MNTN_NM" : "사패산",
        "PAST_SPOT_" : "4115004010021",
        "MNTN_ID" : "411500401"
      },
      "geometry" : {
        "x" : 201492.77270000149,
        "y" : 569321.30969999917
      }
    },
    {
      "attributes" : {
        "FID" : 21,
        "PMNTN_SPOT" : 47363,
        "MNTN_CODE" : "416301201",
        "MANAGE_SP1" : "02",
        "MANAGE_SP2" : "분기점",
        "DETAIL_SPO" : "분기점",
        "ETC_MATTER" : " ",
        "MNTN_NM" : "사패산",
        "PAST_SPOT_" : "4115004010022",
        "MNTN_ID" : "411500401"
      },
      "geometry" : {
        "x" : 201638.50580000132,
        "y" : 570389.18630000204
      }
    },
    {
      "attributes" : {
        "FID" : 22,
        "PMNTN_SPOT" : 47364,
        "MNTN_CODE" : "416301201",
        "MANAGE_SP1" : "02",
        "MANAGE_SP2" : "분기점",
        "DETAIL_SPO" : "분기점",
        "ETC_MATTER" : " ",
        "MNTN_NM" : "사패산",
        "PAST_SPOT_" : "4115004010023",
        "MNTN_ID" : "411500401"
      },
      "geometry" : {
        "x" : 201658.05160000082,
        "y" : 569074.95419999957
      }
    },
    {
      "attributes" : {
        "FID" : 23,
        "PMNTN_SPOT" : 47365,
        "MNTN_CODE" : "416301201",
        "MANAGE_SP1" : "02",
        "MANAGE_SP2" : "분기점",
        "DETAIL_SPO" : "분기점",
        "ETC_MATTER" : " ",
        "MNTN_NM" : "사패산",
        "PAST_SPOT_" : "4115004010024",
        "MNTN_ID" : "411500401"
      },
      "geometry" : {
        "x" : 201679.29610000085,
        "y" : 570183.20820000209
      }
    },
    {
      "attributes" : {
        "FID" : 24,
        "PMNTN_SPOT" : 47366,
        "MNTN_CODE" : "416301201",
        "MANAGE_SP1" : "02",
        "MANAGE_SP2" : "분기점",
        "DETAIL_SPO" : "분기점",
        "ETC_MATTER" : " ",
        "MNTN_NM" : "사패산",
        "PAST_SPOT_" : "4115004010025",
        "MNTN_ID" : "411500401"
      },
      "geometry" : {
        "x" : 201729.44720000029,
        "y" : 570210.13640000112
      }
    },
    {
      "attributes" : {
        "FID" : 25,
        "PMNTN_SPOT" : 47367,
        "MNTN_CODE" : "416301201",
        "MANAGE_SP1" : "02",
        "MANAGE_SP2" : "분기점",
        "DETAIL_SPO" : "분기점",
        "ETC_MATTER" : " ",
        "MNTN_NM" : "사패산",
        "PAST_SPOT_" : "4115004010026",
        "MNTN_ID" : "411500401"
      },
      "geometry" : {
        "x" : 201763.38880000263,
        "y" : 569726.45179999992
      }
    },
    {
      "attributes" : {
        "FID" : 26,
        "PMNTN_SPOT" : 47368,
        "MNTN_CODE" : "416301201",
        "MANAGE_SP1" : "02",
        "MANAGE_SP2" : "분기점",
        "DETAIL_SPO" : "분기점",
        "ETC_MATTER" : " ",
        "MNTN_NM" : "사패산",
        "PAST_SPOT_" : "4115004010027",
        "MNTN_ID" : "411500401"
      },
      "geometry" : {
        "x" : 201778.35090000182,
        "y" : 569960.61889999919
      }
    },
    {
      "attributes" : {
        "FID" : 27,
        "PMNTN_SPOT" : 47369,
        "MNTN_CODE" : "416301201",
        "MANAGE_SP1" : "02",
        "MANAGE_SP2" : "분기점",
        "DETAIL_SPO" : "분기점",
        "ETC_MATTER" : " ",
        "MNTN_NM" : "사패산",
        "PAST_SPOT_" : "4115004010028",
        "MNTN_ID" : "411500401"
      },
      "geometry" : {
        "x" : 201779.56879999954,
        "y" : 569971.51280000061
      }
    },
    {
      "attributes" : {
        "FID" : 28,
        "PMNTN_SPOT" : 47370,
        "MNTN_CODE" : "416301201",
        "MANAGE_SP1" : "02",
        "MANAGE_SP2" : "분기점",
        "DETAIL_SPO" : "분기점",
        "ETC_MATTER" : " ",
        "MNTN_NM" : "사패산",
        "PAST_SPOT_" : "4115004010029",
        "MNTN_ID" : "411500401"
      },
      "geometry" : {
        "x" : 201781.84080000035,
        "y" : 570221.02030000277
      }
    },
    {
      "attributes" : {
        "FID" : 29,
        "PMNTN_SPOT" : 47371,
        "MNTN_CODE" : "416301201",
        "MANAGE_SP1" : "02",
        "MANAGE_SP2" : "분기점",
        "DETAIL_SPO" : "분기점",
        "ETC_MATTER" : " ",
        "MNTN_NM" : "사패산",
        "PAST_SPOT_" : "4115004010030",
        "MNTN_ID" : "411500401"
      },
      "geometry" : {
        "x" : 201831.50670000352,
        "y" : 569693.58230000176
      }
    },
    {
      "attributes" : {
        "FID" : 30,
        "PMNTN_SPOT" : 47372,
        "MNTN_CODE" : "416301201",
        "MANAGE_SP1" : "02",
        "MANAGE_SP2" : "분기점",
        "DETAIL_SPO" : "분기점",
        "ETC_MATTER" : " ",
        "MNTN_NM" : "사패산",
        "PAST_SPOT_" : "4115004010031",
        "MNTN_ID" : "411500401"
      },
      "geometry" : {
        "x" : 201910.32990000024,
        "y" : 569378.57330000214
      }
    },
    {
      "attributes" : {
        "FID" : 31,
        "PMNTN_SPOT" : 47373,
        "MNTN_CODE" : "416301201",
        "MANAGE_SP1" : "02",
        "MANAGE_SP2" : "분기점",
        "DETAIL_SPO" : "분기점",
        "ETC_MATTER" : " ",
        "MNTN_NM" : "사패산",
        "PAST_SPOT_" : "4115004010032",
        "MNTN_ID" : "411500401"
      },
      "geometry" : {
        "x" : 201930.68920000363,
        "y" : 569348.47699999996
      }
    },
    {
      "attributes" : {
        "FID" : 32,
        "PMNTN_SPOT" : 47374,
        "MNTN_CODE" : "416301201",
        "MANAGE_SP1" : "02",
        "MANAGE_SP2" : "분기점",
        "DETAIL_SPO" : "분기점",
        "ETC_MATTER" : " ",
        "MNTN_NM" : "사패산",
        "PAST_SPOT_" : "4115004010033",
        "MNTN_ID" : "411500401"
      },
      "geometry" : {
        "x" : 201953.64200000372,
        "y" : 569314.31550000235
      }
    },
    {
      "attributes" : {
        "FID" : 33,
        "PMNTN_SPOT" : 47375,
        "MNTN_CODE" : "416301201",
        "MANAGE_SP1" : "02",
        "MANAGE_SP2" : "분기점",
        "DETAIL_SPO" : "분기점",
        "ETC_MATTER" : " ",
        "MNTN_NM" : "사패산",
        "PAST_SPOT_" : "4115004010034",
        "MNTN_ID" : "411500401"
      },
      "geometry" : {
        "x" : 201955.9495000001,
        "y" : 569312.67960000038
      }
    },
    {
      "attributes" : {
        "FID" : 34,
        "PMNTN_SPOT" : 47376,
        "MNTN_CODE" : "416301201",
        "MANAGE_SP1" : "02",
        "MANAGE_SP2" : "분기점",
        "DETAIL_SPO" : "분기점",
        "ETC_MATTER" : " ",
        "MNTN_NM" : "사패산",
        "PAST_SPOT_" : "4115004010035",
        "MNTN_ID" : "411500401"
      },
      "geometry" : {
        "x" : 201958.57100000139,
        "y" : 569375.33510000072
      }
    },
    {
      "attributes" : {
        "FID" : 35,
        "PMNTN_SPOT" : 47377,
        "MNTN_CODE" : "416301201",
        "MANAGE_SP1" : "02",
        "MANAGE_SP2" : "분기점",
        "DETAIL_SPO" : "분기점",
        "ETC_MATTER" : " ",
        "MNTN_NM" : "사패산",
        "PAST_SPOT_" : "4115004010036",
        "MNTN_ID" : "411500401"
      },
      "geometry" : {
        "x" : 202051.87530000228,
        "y" : 569468.16029999964
      }
    },
    {
      "attributes" : {
        "FID" : 36,
        "PMNTN_SPOT" : 47378,
        "MNTN_CODE" : "416301201",
        "MANAGE_SP1" : "02",
        "MANAGE_SP2" : "분기점",
        "DETAIL_SPO" : "분기점",
        "ETC_MATTER" : " ",
        "MNTN_NM" : "사패산",
        "PAST_SPOT_" : "4115004010037",
        "MNTN_ID" : "411500401"
      },
      "geometry" : {
        "x" : 202061.58670000359,
        "y" : 570309.7106999997
      }
    },
    {
      "attributes" : {
        "FID" : 37,
        "PMNTN_SPOT" : 47379,
        "MNTN_CODE" : "416301201",
        "MANAGE_SP1" : "02",
        "MANAGE_SP2" : "분기점",
        "DETAIL_SPO" : "분기점",
        "ETC_MATTER" : " ",
        "MNTN_NM" : "사패산",
        "PAST_SPOT_" : "4115004010038",
        "MNTN_ID" : "411500401"
      },
      "geometry" : {
        "x" : 202134.48720000125,
        "y" : 569350.33730000257
      }
    },
    {
      "attributes" : {
        "FID" : 38,
        "PMNTN_SPOT" : 47380,
        "MNTN_CODE" : "416301201",
        "MANAGE_SP1" : "02",
        "MANAGE_SP2" : "분기점",
        "DETAIL_SPO" : "분기점",
        "ETC_MATTER" : " ",
        "MNTN_NM" : "사패산",
        "PAST_SPOT_" : "4115004010039",
        "MNTN_ID" : "411500401"
      },
      "geometry" : {
        "x" : 202143.61770000122,
        "y" : 569676.58890000172
      }
    },
    {
      "attributes" : {
        "FID" : 39,
        "PMNTN_SPOT" : 47381,
        "MNTN_CODE" : "416301201",
        "MANAGE_SP1" : "02",
        "MANAGE_SP2" : "분기점",
        "DETAIL_SPO" : "분기점",
        "ETC_MATTER" : " ",
        "MNTN_NM" : "사패산",
        "PAST_SPOT_" : "4115004010040",
        "MNTN_ID" : "411500401"
      },
      "geometry" : {
        "x" : 202166.78870000038,
        "y" : 569735.57130000181
      }
    },
    {
      "attributes" : {
        "FID" : 40,
        "PMNTN_SPOT" : 47382,
        "MNTN_CODE" : "416301201",
        "MANAGE_SP1" : "02",
        "MANAGE_SP2" : "분기점",
        "DETAIL_SPO" : "분기점",
        "ETC_MATTER" : " ",
        "MNTN_NM" : "사패산",
        "PAST_SPOT_" : "4115004010041",
        "MNTN_ID" : "411500401"
      },
      "geometry" : {
        "x" : 202180.5306000011,
        "y" : 569762.36610000208
      }
    },
    {
      "attributes" : {
        "FID" : 41,
        "PMNTN_SPOT" : 47383,
        "MNTN_CODE" : "416301201",
        "MANAGE_SP1" : "02",
        "MANAGE_SP2" : "분기점",
        "DETAIL_SPO" : "분기점",
        "ETC_MATTER" : " ",
        "MNTN_NM" : "사패산",
        "PAST_SPOT_" : "4115004010042",
        "MNTN_ID" : "411500401"
      },
      "geometry" : {
        "x" : 202218.47840000223,
        "y" : 569820.94109999947
      }
    },
    {
      "attributes" : {
        "FID" : 42,
        "PMNTN_SPOT" : 47384,
        "MNTN_CODE" : "416301201",
        "MANAGE_SP1" : "02",
        "MANAGE_SP2" : "분기점",
        "DETAIL_SPO" : "분기점",
        "ETC_MATTER" : " ",
        "MNTN_NM" : "사패산",
        "PAST_SPOT_" : "4115004010043",
        "MNTN_ID" : "411500401"
      },
      "geometry" : {
        "x" : 202238.51250000112,
        "y" : 569337.71520000137
      }
    },
    {
      "attributes" : {
        "FID" : 43,
        "PMNTN_SPOT" : 47385,
        "MNTN_CODE" : "416301201",
        "MANAGE_SP1" : "02",
        "MANAGE_SP2" : "분기점",
        "DETAIL_SPO" : "분기점",
        "ETC_MATTER" : " ",
        "MNTN_NM" : "사패산",
        "PAST_SPOT_" : "4115004010044",
        "MNTN_ID" : "411500401"
      },
      "geometry" : {
        "x" : 202238.7341999989,
        "y" : 569361.75480000116
      }
    },
    {
      "attributes" : {
        "FID" : 44,
        "PMNTN_SPOT" : 47386,
        "MNTN_CODE" : "416301201",
        "MANAGE_SP1" : "02",
        "MANAGE_SP2" : "분기점",
        "DETAIL_SPO" : "분기점",
        "ETC_MATTER" : " ",
        "MNTN_NM" : "사패산",
        "PAST_SPOT_" : "4115004010045",
        "MNTN_ID" : "411500401"
      },
      "geometry" : {
        "x" : 202248.47119999956,
        "y" : 569945.97810000181
      }
    },
    {
      "attributes" : {
        "FID" : 45,
        "PMNTN_SPOT" : 47387,
        "MNTN_CODE" : "416301201",
        "MANAGE_SP1" : "02",
        "MANAGE_SP2" : "분기점",
        "DETAIL_SPO" : "분기점",
        "ETC_MATTER" : " ",
        "MNTN_NM" : "사패산",
        "PAST_SPOT_" : "4115004010046",
        "MNTN_ID" : "411500401"
      },
      "geometry" : {
        "x" : 202252.0588999996,
        "y" : 569813.59589999914
      }
    },
    {
      "attributes" : {
        "FID" : 46,
        "PMNTN_SPOT" : 47388,
        "MNTN_CODE" : "416301201",
        "MANAGE_SP1" : "02",
        "MANAGE_SP2" : "분기점",
        "DETAIL_SPO" : "분기점",
        "ETC_MATTER" : " ",
        "MNTN_NM" : "사패산",
        "PAST_SPOT_" : "4115004010047",
        "MNTN_ID" : "411500401"
      },
      "geometry" : {
        "x" : 202258.20830000006,
        "y" : 569251.99160000123
      }
    },
    {
      "attributes" : {
        "FID" : 47,
        "PMNTN_SPOT" : 47389,
        "MNTN_CODE" : "416301201",
        "MANAGE_SP1" : "02",
        "MANAGE_SP2" : "분기점",
        "DETAIL_SPO" : "분기점",
        "ETC_MATTER" : " ",
        "MNTN_NM" : "사패산",
        "PAST_SPOT_" : "4115004010048",
        "MNTN_ID" : "411500401"
      },
      "geometry" : {
        "x" : 202264.04810000118,
        "y" : 569817.18830000237
      }
    },
    {
      "attributes" : {
        "FID" : 48,
        "PMNTN_SPOT" : 47390,
        "MNTN_CODE" : "416301201",
        "MANAGE_SP1" : "02",
        "MANAGE_SP2" : "분기점",
        "DETAIL_SPO" : "분기점",
        "ETC_MATTER" : " ",
        "MNTN_NM" : "사패산",
        "PAST_SPOT_" : "4115004010049",
        "MNTN_ID" : "411500401"
      },
      "geometry" : {
        "x" : 202267.17080000229,
        "y" : 570601.01640000381
      }
    },
    {
      "attributes" : {
        "FID" : 49,
        "PMNTN_SPOT" : 47391,
        "MNTN_CODE" : "416301201",
        "MANAGE_SP1" : "02",
        "MANAGE_SP2" : "분기점",
        "DETAIL_SPO" : "분기점",
        "ETC_MATTER" : " ",
        "MNTN_NM" : "사패산",
        "PAST_SPOT_" : "4115004010050",
        "MNTN_ID" : "411500401"
      },
      "geometry" : {
        "x" : 202270.60090000089,
        "y" : 568811.16850000061
      }
    },
    {
      "attributes" : {
        "FID" : 50,
        "PMNTN_SPOT" : 47392,
        "MNTN_CODE" : "416301201",
        "MANAGE_SP1" : "02",
        "MANAGE_SP2" : "분기점",
        "DETAIL_SPO" : "분기점",
        "ETC_MATTER" : " ",
        "MNTN_NM" : "사패산",
        "PAST_SPOT_" : "4115004010051",
        "MNTN_ID" : "411500401"
      },
      "geometry" : {
        "x" : 202297.15650000051,
        "y" : 569009.4504000023
      }
    },
    {
      "attributes" : {
        "FID" : 51,
        "PMNTN_SPOT" : 47393,
        "MNTN_CODE" : "416301201",
        "MANAGE_SP1" : "02",
        "MANAGE_SP2" : "분기점",
        "DETAIL_SPO" : "분기점",
        "ETC_MATTER" : " ",
        "MNTN_NM" : "사패산",
        "PAST_SPOT_" : "4115004010052",
        "MNTN_ID" : "411500401"
      },
      "geometry" : {
        "x" : 202314.86029999983,
        "y" : 569026.26890000328
      }
    },
    {
      "attributes" : {
        "FID" : 52,
        "PMNTN_SPOT" : 47394,
        "MNTN_CODE" : "416301201",
        "MANAGE_SP1" : "02",
        "MANAGE_SP2" : "분기점",
        "DETAIL_SPO" : "분기점",
        "ETC_MATTER" : " ",
        "MNTN_NM" : "사패산",
        "PAST_SPOT_" : "4115004010053",
        "MNTN_ID" : "411500401"
      },
      "geometry" : {
        "x" : 202362.66040000319,
        "y" : 569829.13340000063
      }
    },
    {
      "attributes" : {
        "FID" : 53,
        "PMNTN_SPOT" : 47395,
        "MNTN_CODE" : "416301201",
        "MANAGE_SP1" : "01",
        "MANAGE_SP2" : "시종점",
        "DETAIL_SPO" : "시종점",
        "ETC_MATTER" : " ",
        "MNTN_NM" : "사패산",
        "PAST_SPOT_" : "4115004010054",
        "MNTN_ID" : "411500401"
      },
      "geometry" : {
        "x" : 202377.70850000065,
        "y" : 570967.48369999975
      }
    },
    {
      "attributes" : {
        "FID" : 54,
        "PMNTN_SPOT" : 47396,
        "MNTN_CODE" : "416301201",
        "MANAGE_SP1" : "02",
        "MANAGE_SP2" : "분기점",
        "DETAIL_SPO" : "분기점",
        "ETC_MATTER" : " ",
        "MNTN_NM" : "사패산",
        "PAST_SPOT_" : "4115004010055",
        "MNTN_ID" : "411500401"
      },
      "geometry" : {
        "x" : 202384.30790000129,
        "y" : 570163.02320000343
      }
    },
    {
      "attributes" : {
        "FID" : 55,
        "PMNTN_SPOT" : 47397,
        "MNTN_CODE" : "416301201",
        "MANAGE_SP1" : "02",
        "MANAGE_SP2" : "분기점",
        "DETAIL_SPO" : "분기점",
        "ETC_MATTER" : " ",
        "MNTN_NM" : "사패산",
        "PAST_SPOT_" : "4115004010056",
        "MNTN_ID" : "411500401"
      },
      "geometry" : {
        "x" : 202385.67520000134,
        "y" : 570187.63410000131
      }
    },
    {
      "attributes" : {
        "FID" : 56,
        "PMNTN_SPOT" : 47398,
        "MNTN_CODE" : "416301201",
        "MANAGE_SP1" : "02",
        "MANAGE_SP2" : "분기점",
        "DETAIL_SPO" : "분기점",
        "ETC_MATTER" : " ",
        "MNTN_NM" : "사패산",
        "PAST_SPOT_" : "4115004010057",
        "MNTN_ID" : "411500401"
      },
      "geometry" : {
        "x" : 202388.33079999872,
        "y" : 570389.4567000065
      }
    },
    {
      "attributes" : {
        "FID" : 57,
        "PMNTN_SPOT" : 47399,
        "MNTN_CODE" : "416301201",
        "MANAGE_SP1" : "02",
        "MANAGE_SP2" : "분기점",
        "DETAIL_SPO" : "분기점",
        "ETC_MATTER" : " ",
        "MNTN_NM" : "사패산",
        "PAST_SPOT_" : "4115004010058",
        "MNTN_ID" : "411500401"
      },
      "geometry" : {
        "x" : 202393.64190000109,
        "y" : 569370.60660000332
      }
    },
    {
      "attributes" : {
        "FID" : 58,
        "PMNTN_SPOT" : 47400,
        "MNTN_CODE" : "416301201",
        "MANAGE_SP1" : "02",
        "MANAGE_SP2" : "분기점",
        "DETAIL_SPO" : "분기점",
        "ETC_MATTER" : " ",
        "MNTN_NM" : "사패산",
        "PAST_SPOT_" : "4115004010059",
        "MNTN_ID" : "411500401"
      },
      "geometry" : {
        "x" : 202398.6314000003,
        "y" : 570411.92830000259
      }
    },
    {
      "attributes" : {
        "FID" : 59,
        "PMNTN_SPOT" : 47401,
        "MNTN_CODE" : "416301201",
        "MANAGE_SP1" : "02",
        "MANAGE_SP2" : "분기점",
        "DETAIL_SPO" : "분기점",
        "ETC_MATTER" : " ",
        "MNTN_NM" : "사패산",
        "PAST_SPOT_" : "4115004010060",
        "MNTN_ID" : "411500401"
      },
      "geometry" : {
        "x" : 202406.03450000193,
        "y" : 570092.91910000145
      }
    },
    {
      "attributes" : {
        "FID" : 60,
        "PMNTN_SPOT" : 47402,
        "MNTN_CODE" : "416301201",
        "MANAGE_SP1" : "02",
        "MANAGE_SP2" : "분기점",
        "DETAIL_SPO" : "분기점",
        "ETC_MATTER" : " ",
        "MNTN_NM" : "사패산",
        "PAST_SPOT_" : "4115004010061",
        "MNTN_ID" : "411500401"
      },
      "geometry" : {
        "x" : 202412.23080000281,
        "y" : 570114.16360000335
      }
    },
    {
      "attributes" : {
        "FID" : 61,
        "PMNTN_SPOT" : 47403,
        "MNTN_CODE" : "416301201",
        "MANAGE_SP1" : "02",
        "MANAGE_SP2" : "분기점",
        "DETAIL_SPO" : "분기점",
        "ETC_MATTER" : " ",
        "MNTN_NM" : "사패산",
        "PAST_SPOT_" : "4115004010062",
        "MNTN_ID" : "411500401"
      },
      "geometry" : {
        "x" : 202425.50860000309,
        "y" : 570081.41170000285
      }
    },
    {
      "attributes" : {
        "FID" : 62,
        "PMNTN_SPOT" : 47404,
        "MNTN_CODE" : "416301201",
        "MANAGE_SP1" : "02",
        "MANAGE_SP2" : "분기점",
        "DETAIL_SPO" : "분기점",
        "ETC_MATTER" : " ",
        "MNTN_NM" : "사패산",
        "PAST_SPOT_" : "4115004010063",
        "MNTN_ID" : "411500401"
      },
      "geometry" : {
        "x" : 202429.95920000225,
        "y" : 570512.42339999974
      }
    },
    {
      "attributes" : {
        "FID" : 63,
        "PMNTN_SPOT" : 47405,
        "MNTN_CODE" : "416301201",
        "MANAGE_SP1" : "01",
        "MANAGE_SP2" : "시종점",
        "DETAIL_SPO" : "시종점",
        "ETC_MATTER" : " ",
        "MNTN_NM" : "사패산",
        "PAST_SPOT_" : "4115004010064",
        "MNTN_ID" : "411500401"
      },
      "geometry" : {
        "x" : 202436.13090000302,
        "y" : 570924.99479999952
      }
    },
    {
      "attributes" : {
        "FID" : 64,
        "PMNTN_SPOT" : 47406,
        "MNTN_CODE" : "416301201",
        "MANAGE_SP1" : "02",
        "MANAGE_SP2" : "분기점",
        "DETAIL_SPO" : "분기점",
        "ETC_MATTER" : " ",
        "MNTN_NM" : "사패산",
        "PAST_SPOT_" : "4115004010065",
        "MNTN_ID" : "411500401"
      },
      "geometry" : {
        "x" : 202450.29380000103,
        "y" : 570148.68590000272
      }
    },
    {
      "attributes" : {
        "FID" : 65,
        "PMNTN_SPOT" : 47407,
        "MNTN_CODE" : "416301201",
        "MANAGE_SP1" : "02",
        "MANAGE_SP2" : "분기점",
        "DETAIL_SPO" : "분기점",
        "ETC_MATTER" : " ",
        "MNTN_NM" : "사패산",
        "PAST_SPOT_" : "4115004010066",
        "MNTN_ID" : "411500401"
      },
      "geometry" : {
        "x" : 202459.43929999974,
        "y" : 570047.87719999999
      }
    },
    {
      "attributes" : {
        "FID" : 66,
        "PMNTN_SPOT" : 47408,
        "MNTN_CODE" : "416301201",
        "MANAGE_SP1" : "02",
        "MANAGE_SP2" : "분기점",
        "DETAIL_SPO" : "분기점",
        "ETC_MATTER" : " ",
        "MNTN_NM" : "사패산",
        "PAST_SPOT_" : "4115004010067",
        "MNTN_ID" : "411500401"
      },
      "geometry" : {
        "x" : 202494.56450000219,
        "y" : 569992.81819999963
      }
    },
    {
      "attributes" : {
        "FID" : 67,
        "PMNTN_SPOT" : 47409,
        "MNTN_CODE" : "416301201",
        "MANAGE_SP1" : "02",
        "MANAGE_SP2" : "분기점",
        "DETAIL_SPO" : "분기점",
        "ETC_MATTER" : " ",
        "MNTN_NM" : "사패산",
        "PAST_SPOT_" : "4115004010068",
        "MNTN_ID" : "411500401"
      },
      "geometry" : {
        "x" : 202542.06120000221,
        "y" : 570086.00990000181
      }
    },
    {
      "attributes" : {
        "FID" : 68,
        "PMNTN_SPOT" : 47410,
        "MNTN_CODE" : "416301201",
        "MANAGE_SP1" : "02",
        "MANAGE_SP2" : "분기점",
        "DETAIL_SPO" : "분기점",
        "ETC_MATTER" : " ",
        "MNTN_NM" : "사패산",
        "PAST_SPOT_" : "4115004010069",
        "MNTN_ID" : "411500401"
      },
      "geometry" : {
        "x" : 202548.54960000329,
        "y" : 569809.65930000134
      }
    },
    {
      "attributes" : {
        "FID" : 69,
        "PMNTN_SPOT" : 47411,
        "MNTN_CODE" : "416301201",
        "MANAGE_SP1" : "02",
        "MANAGE_SP2" : "분기점",
        "DETAIL_SPO" : "분기점",
        "ETC_MATTER" : " ",
        "MNTN_NM" : "사패산",
        "PAST_SPOT_" : "4115004010070",
        "MNTN_ID" : "411500401"
      },
      "geometry" : {
        "x" : 202558.28660000116,
        "y" : 569981.38560000062
      }
    },
    {
      "attributes" : {
        "FID" : 70,
        "PMNTN_SPOT" : 47412,
        "MNTN_CODE" : "416301201",
        "MANAGE_SP1" : "02",
        "MANAGE_SP2" : "분기점",
        "DETAIL_SPO" : "분기점",
        "ETC_MATTER" : " ",
        "MNTN_NM" : "사패산",
        "PAST_SPOT_" : "4115004010071",
        "MNTN_ID" : "411500401"
      },
      "geometry" : {
        "x" : 202561.82740000077,
        "y" : 570040.69310000166
      }
    },
    {
      "attributes" : {
        "FID" : 71,
        "PMNTN_SPOT" : 47413,
        "MNTN_CODE" : "416301201",
        "MANAGE_SP1" : "02",
        "MANAGE_SP2" : "분기점",
        "DETAIL_SPO" : "분기점",
        "ETC_MATTER" : " ",
        "MNTN_NM" : "사패산",
        "PAST_SPOT_" : "4115004010072",
        "MNTN_ID" : "411500401"
      },
      "geometry" : {
        "x" : 202574.22000000346,
        "y" : 569914.99660000391
      }
    },
    {
      "attributes" : {
        "FID" : 72,
        "PMNTN_SPOT" : 47414,
        "MNTN_CODE" : "416301201",
        "MANAGE_SP1" : "02",
        "MANAGE_SP2" : "분기점",
        "DETAIL_SPO" : "분기점",
        "ETC_MATTER" : " ",
        "MNTN_NM" : "사패산",
        "PAST_SPOT_" : "4115004010073",
        "MNTN_ID" : "411500401"
      },
      "geometry" : {
        "x" : 202595.4645000007,
        "y" : 569808.7741000019
      }
    },
    {
      "attributes" : {
        "FID" : 73,
        "PMNTN_SPOT" : 47415,
        "MNTN_CODE" : "416301201",
        "MANAGE_SP1" : "02",
        "MANAGE_SP2" : "분기점",
        "DETAIL_SPO" : "분기점",
        "ETC_MATTER" : " ",
        "MNTN_NM" : "사패산",
        "PAST_SPOT_" : "4115004010074",
        "MNTN_ID" : "411500401"
      },
      "geometry" : {
        "x" : 202597.06680000201,
        "y" : 569427.29409999959
      }
    },
    {
      "attributes" : {
        "FID" : 74,
        "PMNTN_SPOT" : 47416,
        "MNTN_CODE" : "416301201",
        "MANAGE_SP1" : "02",
        "MANAGE_SP2" : "분기점",
        "DETAIL_SPO" : "분기점",
        "ETC_MATTER" : " ",
        "MNTN_NM" : "사패산",
        "PAST_SPOT_" : "4115004010075",
        "MNTN_ID" : "411500401"
      },
      "geometry" : {
        "x" : 202600.36200000159,
        "y" : 570870.77289999835
      }
    },
    {
      "attributes" : {
        "FID" : 75,
        "PMNTN_SPOT" : 47417,
        "MNTN_CODE" : "416301201",
        "MANAGE_SP1" : "02",
        "MANAGE_SP2" : "분기점",
        "DETAIL_SPO" : "분기점",
        "ETC_MATTER" : " ",
        "MNTN_NM" : "사패산",
        "PAST_SPOT_" : "4115004010076",
        "MNTN_ID" : "411500401"
      },
      "geometry" : {
        "x" : 202616.59820000362,
        "y" : 569688.00060000271
      }
    },
    {
      "attributes" : {
        "FID" : 76,
        "PMNTN_SPOT" : 47418,
        "MNTN_CODE" : "416301201",
        "MANAGE_SP1" : "02",
        "MANAGE_SP2" : "분기점",
        "DETAIL_SPO" : "분기점",
        "ETC_MATTER" : " ",
        "MNTN_NM" : "사패산",
        "PAST_SPOT_" : "4115004010077",
        "MNTN_ID" : "411500401"
      },
      "geometry" : {
        "x" : 202648.57569999993,
        "y" : 569444.96230000444
      }
    },
    {
      "attributes" : {
        "FID" : 77,
        "PMNTN_SPOT" : 47419,
        "MNTN_CODE" : "416301201",
        "MANAGE_SP1" : "02",
        "MANAGE_SP2" : "분기점",
        "DETAIL_SPO" : "분기점",
        "ETC_MATTER" : " ",
        "MNTN_NM" : "사패산",
        "PAST_SPOT_" : "4115004010078",
        "MNTN_ID" : "411500401"
      },
      "geometry" : {
        "x" : 202700.59760000091,
        "y" : 569078.18360000104
      }
    },
    {
      "attributes" : {
        "FID" : 78,
        "PMNTN_SPOT" : 47420,
        "MNTN_CODE" : "416301201",
        "MANAGE_SP1" : "02",
        "MANAGE_SP2" : "분기점",
        "DETAIL_SPO" : "분기점",
        "ETC_MATTER" : " ",
        "MNTN_NM" : "사패산",
        "PAST_SPOT_" : "4115004010079",
        "MNTN_ID" : "411500401"
      },
      "geometry" : {
        "x" : 202703.45729999989,
        "y" : 570103.54140000418
      }
    },
    {
      "attributes" : {
        "FID" : 79,
        "PMNTN_SPOT" : 47421,
        "MNTN_CODE" : "416301201",
        "MANAGE_SP1" : "02",
        "MANAGE_SP2" : "분기점",
        "DETAIL_SPO" : "분기점",
        "ETC_MATTER" : " ",
        "MNTN_NM" : "사패산",
        "PAST_SPOT_" : "4115004010080",
        "MNTN_ID" : "411500401"
      },
      "geometry" : {
        "x" : 202722.93140000105,
        "y" : 569700.78130000085
      }
    },
    {
      "attributes" : {
        "FID" : 80,
        "PMNTN_SPOT" : 47422,
        "MNTN_CODE" : "416301201",
        "MANAGE_SP1" : "02",
        "MANAGE_SP2" : "분기점",
        "DETAIL_SPO" : "분기점",
        "ETC_MATTER" : " ",
        "MNTN_NM" : "사패산",
        "PAST_SPOT_" : "4115004010081",
        "MNTN_ID" : "411500401"
      },
      "geometry" : {
        "x" : 202725.449599999,
        "y" : 569610.58540000394
      }
    },
    {
      "attributes" : {
        "FID" : 81,
        "PMNTN_SPOT" : 47423,
        "MNTN_CODE" : "416301201",
        "MANAGE_SP1" : "02",
        "MANAGE_SP2" : "분기점",
        "DETAIL_SPO" : "분기점",
        "ETC_MATTER" : " ",
        "MNTN_NM" : "사패산",
        "PAST_SPOT_" : "4115004010082",
        "MNTN_ID" : "411500401"
      },
      "geometry" : {
        "x" : 202730.44080000091,
        "y" : 569611.46840000153
      }
    },
    {
      "attributes" : {
        "FID" : 82,
        "PMNTN_SPOT" : 47424,
        "MNTN_CODE" : "416301201",
        "MANAGE_SP1" : "02",
        "MANAGE_SP2" : "분기점",
        "DETAIL_SPO" : "분기점",
        "ETC_MATTER" : " ",
        "MNTN_NM" : "사패산",
        "PAST_SPOT_" : "4115004010083",
        "MNTN_ID" : "411500401"
      },
      "geometry" : {
        "x" : 202746.77370000072,
        "y" : 570401.04580000229
      }
    },
    {
      "attributes" : {
        "FID" : 83,
        "PMNTN_SPOT" : 47425,
        "MNTN_CODE" : "416301201",
        "MANAGE_SP1" : "02",
        "MANAGE_SP2" : "분기점",
        "DETAIL_SPO" : "분기점",
        "ETC_MATTER" : " ",
        "MNTN_NM" : "사패산",
        "PAST_SPOT_" : "4115004010084",
        "MNTN_ID" : "411500401"
      },
      "geometry" : {
        "x" : 202761.33450000267,
        "y" : 570113.78949999996
      }
    },
    {
      "attributes" : {
        "FID" : 84,
        "PMNTN_SPOT" : 47426,
        "MNTN_CODE" : "416301201",
        "MANAGE_SP1" : "02",
        "MANAGE_SP2" : "분기점",
        "DETAIL_SPO" : "분기점",
        "ETC_MATTER" : " ",
        "MNTN_NM" : "사패산",
        "PAST_SPOT_" : "4115004010085",
        "MNTN_ID" : "411500401"
      },
      "geometry" : {
        "x" : 202761.7863000026,
        "y" : 570484.88820000179
      }
    },
    {
      "attributes" : {
        "FID" : 85,
        "PMNTN_SPOT" : 47427,
        "MNTN_CODE" : "416301201",
        "MANAGE_SP1" : "02",
        "MANAGE_SP2" : "분기점",
        "DETAIL_SPO" : "분기점",
        "ETC_MATTER" : " ",
        "MNTN_NM" : "사패산",
        "PAST_SPOT_" : "4115004010086",
        "MNTN_ID" : "411500401"
      },
      "geometry" : {
        "x" : 202766.30560000241,
        "y" : 570033.61160000041
      }
    },
    {
      "attributes" : {
        "FID" : 86,
        "PMNTN_SPOT" : 47428,
        "MNTN_CODE" : "416301201",
        "MANAGE_SP1" : "02",
        "MANAGE_SP2" : "분기점",
        "DETAIL_SPO" : "분기점",
        "ETC_MATTER" : " ",
        "MNTN_NM" : "사패산",
        "PAST_SPOT_" : "4115004010087",
        "MNTN_ID" : "411500401"
      },
      "geometry" : {
        "x" : 202768.07590000052,
        "y" : 570421.32340000384
      }
    },
    {
      "attributes" : {
        "FID" : 87,
        "PMNTN_SPOT" : 47429,
        "MNTN_CODE" : "416301201",
        "MANAGE_SP1" : "02",
        "MANAGE_SP2" : "분기점",
        "DETAIL_SPO" : "분기점",
        "ETC_MATTER" : " ",
        "MNTN_NM" : "사패산",
        "PAST_SPOT_" : "4115004010088",
        "MNTN_ID" : "411500401"
      },
      "geometry" : {
        "x" : 202769.91050000116,
        "y" : 570132.09090000018
      }
    },
    {
      "attributes" : {
        "FID" : 88,
        "PMNTN_SPOT" : 47430,
        "MNTN_CODE" : "416301201",
        "MANAGE_SP1" : "01",
        "MANAGE_SP2" : "시종점",
        "DETAIL_SPO" : "시종점",
        "ETC_MATTER" : " ",
        "MNTN_NM" : "사패산",
        "PAST_SPOT_" : "4115004010089",
        "MNTN_ID" : "411500401"
      },
      "geometry" : {
        "x" : 202784.89450000226,
        "y" : 571221.53240000084
      }
    },
    {
      "attributes" : {
        "FID" : 89,
        "PMNTN_SPOT" : 47431,
        "MNTN_CODE" : "416301201",
        "MANAGE_SP1" : "02",
        "MANAGE_SP2" : "분기점",
        "DETAIL_SPO" : "분기점",
        "ETC_MATTER" : " ",
        "MNTN_NM" : "사패산",
        "PAST_SPOT_" : "4115004010090",
        "MNTN_ID" : "411500401"
      },
      "geometry" : {
        "x" : 202791.09080000408,
        "y" : 569675.11089999974
      }
    },
    {
      "attributes" : {
        "FID" : 90,
        "PMNTN_SPOT" : 47432,
        "MNTN_CODE" : "416301201",
        "MANAGE_SP1" : "02",
        "MANAGE_SP2" : "분기점",
        "DETAIL_SPO" : "분기점",
        "ETC_MATTER" : " ",
        "MNTN_NM" : "사패산",
        "PAST_SPOT_" : "4115004010091",
        "MNTN_ID" : "411500401"
      },
      "geometry" : {
        "x" : 202794.631500002,
        "y" : 569771.59630000219
      }
    },
    {
      "attributes" : {
        "FID" : 91,
        "PMNTN_SPOT" : 47433,
        "MNTN_CODE" : "416301201",
        "MANAGE_SP1" : "01",
        "MANAGE_SP2" : "시종점",
        "DETAIL_SPO" : "시종점",
        "ETC_MATTER" : " ",
        "MNTN_NM" : "사패산",
        "PAST_SPOT_" : "4115004010092",
        "MNTN_ID" : "411500401"
      },
      "geometry" : {
        "x" : 202804.36860000156,
        "y" : 570030.9560000021
      }
    },
    {
      "attributes" : {
        "FID" : 92,
        "PMNTN_SPOT" : 47434,
        "MNTN_CODE" : "416301201",
        "MANAGE_SP1" : "02",
        "MANAGE_SP2" : "분기점",
        "DETAIL_SPO" : "분기점",
        "ETC_MATTER" : " ",
        "MNTN_NM" : "사패산",
        "PAST_SPOT_" : "4115004010093",
        "MNTN_ID" : "411500401"
      },
      "geometry" : {
        "x" : 202805.253800001,
        "y" : 569873.39279999956
      }
    },
    {
      "attributes" : {
        "FID" : 93,
        "PMNTN_SPOT" : 47435,
        "MNTN_CODE" : "416301201",
        "MANAGE_SP1" : "01",
        "MANAGE_SP2" : "시종점",
        "DETAIL_SPO" : "시종점",
        "ETC_MATTER" : " ",
        "MNTN_NM" : "사패산",
        "PAST_SPOT_" : "4115004010094",
        "MNTN_ID" : "411500401"
      },
      "geometry" : {
        "x" : 202826.49830000103,
        "y" : 570500.99030000158
      }
    },
    {
      "attributes" : {
        "FID" : 94,
        "PMNTN_SPOT" : 47436,
        "MNTN_CODE" : "416301201",
        "MANAGE_SP1" : "02",
        "MANAGE_SP2" : "분기점",
        "DETAIL_SPO" : "분기점",
        "ETC_MATTER" : " ",
        "MNTN_NM" : "사패산",
        "PAST_SPOT_" : "4115004010095",
        "MNTN_ID" : "411500401"
      },
      "geometry" : {
        "x" : 202839.64750000369,
        "y" : 569477.16009999998
      }
    },
    {
      "attributes" : {
        "FID" : 95,
        "PMNTN_SPOT" : 47437,
        "MNTN_CODE" : "416301201",
        "MANAGE_SP1" : "02",
        "MANAGE_SP2" : "분기점",
        "DETAIL_SPO" : "분기점",
        "ETC_MATTER" : " ",
        "MNTN_NM" : "사패산",
        "PAST_SPOT_" : "4115004010096",
        "MNTN_ID" : "411500401"
      },
      "geometry" : {
        "x" : 202839.85490000062,
        "y" : 569771.91909999959
      }
    },
    {
      "attributes" : {
        "FID" : 96,
        "PMNTN_SPOT" : 47438,
        "MNTN_CODE" : "416301201",
        "MANAGE_SP1" : "02",
        "MANAGE_SP2" : "분기점",
        "DETAIL_SPO" : "분기점",
        "ETC_MATTER" : " ",
        "MNTN_NM" : "사패산",
        "PAST_SPOT_" : "4115004010097",
        "MNTN_ID" : "411500401"
      },
      "geometry" : {
        "x" : 202864.14290000219,
        "y" : 569848.36739999987
      }
    },
    {
      "attributes" : {
        "FID" : 97,
        "PMNTN_SPOT" : 47439,
        "MNTN_CODE" : "416301201",
        "MANAGE_SP1" : "01",
        "MANAGE_SP2" : "시종점",
        "DETAIL_SPO" : "시종점",
        "ETC_MATTER" : " ",
        "MNTN_NM" : "사패산",
        "PAST_SPOT_" : "4115004010098",
        "MNTN_ID" : "411500401"
      },
      "geometry" : {
        "x" : 202888.46140000131,
        "y" : 570937.38740000129
      }
    },
    {
      "attributes" : {
        "FID" : 98,
        "PMNTN_SPOT" : 47440,
        "MNTN_CODE" : "416301201",
        "MANAGE_SP1" : "02",
        "MANAGE_SP2" : "분기점",
        "DETAIL_SPO" : "분기점",
        "ETC_MATTER" : " ",
        "MNTN_NM" : "사패산",
        "PAST_SPOT_" : "4115004010099",
        "MNTN_ID" : "411500401"
      },
      "geometry" : {
        "x" : 202904.36060000118,
        "y" : 569747.87930000201
      }
    },
    {
      "attributes" : {
        "FID" : 99,
        "PMNTN_SPOT" : 47441,
        "MNTN_CODE" : "416301201",
        "MANAGE_SP1" : "01",
        "MANAGE_SP2" : "시종점",
        "DETAIL_SPO" : "시종점",
        "ETC_MATTER" : " ",
        "MNTN_NM" : "사패산",
        "PAST_SPOT_" : "4115004010100",
        "MNTN_ID" : "411500401"
      },
      "geometry" : {
        "x" : 202906.16509999987,
        "y" : 570229.23790000007
      }
    },
    {
      "attributes" : {
        "FID" : 100,
        "PMNTN_SPOT" : 47442,
        "MNTN_CODE" : "416301201",
        "MANAGE_SP1" : "02",
        "MANAGE_SP2" : "분기점",
        "DETAIL_SPO" : "분기점",
        "ETC_MATTER" : " ",
        "MNTN_NM" : "사패산",
        "PAST_SPOT_" : "4115004010101",
        "MNTN_ID" : "411500401"
      },
      "geometry" : {
        "x" : 202922.25530000031,
        "y" : 569762.26759999804
      }
    },
    {
      "attributes" : {
        "FID" : 101,
        "PMNTN_SPOT" : 47443,
        "MNTN_CODE" : "416301201",
        "MANAGE_SP1" : "02",
        "MANAGE_SP2" : "분기점",
        "DETAIL_SPO" : "분기점",
        "ETC_MATTER" : " ",
        "MNTN_NM" : "사패산",
        "PAST_SPOT_" : "4115004010102",
        "MNTN_ID" : "411500401"
      },
      "geometry" : {
        "x" : 202966.35780000128,
        "y" : 569448.50310000218
      }
    },
    {
      "attributes" : {
        "FID" : 102,
        "PMNTN_SPOT" : 47444,
        "MNTN_CODE" : "416301201",
        "MANAGE_SP1" : "02",
        "MANAGE_SP2" : "분기점",
        "DETAIL_SPO" : "분기점",
        "ETC_MATTER" : " ",
        "MNTN_NM" : "사패산",
        "PAST_SPOT_" : "4115004010103",
        "MNTN_ID" : "411500401"
      },
      "geometry" : {
        "x" : 202978.27630000096,
        "y" : 569196.98920000158
      }
    },
    {
      "attributes" : {
        "FID" : 103,
        "PMNTN_SPOT" : 47445,
        "MNTN_CODE" : "416301201",
        "MANAGE_SP1" : "01",
        "MANAGE_SP2" : "시종점",
        "DETAIL_SPO" : "시종점",
        "ETC_MATTER" : " ",
        "MNTN_NM" : "사패산",
        "PAST_SPOT_" : "4115004010104",
        "MNTN_ID" : "411500401"
      },
      "geometry" : {
        "x" : 202981.40600000229,
        "y" : 569789.30000000261
      }
    },
    {
      "attributes" : {
        "FID" : 104,
        "PMNTN_SPOT" : 47446,
        "MNTN_CODE" : "416301201",
        "MANAGE_SP1" : "01",
        "MANAGE_SP2" : "시종점",
        "DETAIL_SPO" : "시종점",
        "ETC_MATTER" : " ",
        "MNTN_NM" : "사패산",
        "PAST_SPOT_" : "4115004010105",
        "MNTN_ID" : "411500401"
      },
      "geometry" : {
        "x" : 203045.13940000068,
        "y" : 569470.63269999996
      }
    },
    {
      "attributes" : {
        "FID" : 105,
        "PMNTN_SPOT" : 47447,
        "MNTN_CODE" : "416301201",
        "MANAGE_SP1" : "01",
        "MANAGE_SP2" : "시종점",
        "DETAIL_SPO" : "시종점",
        "ETC_MATTER" : " ",
        "MNTN_NM" : "사패산",
        "PAST_SPOT_" : "4115004010106",
        "MNTN_ID" : "411500401"
      },
      "geometry" : {
        "x" : 203082.31730000116,
        "y" : 569327.23250000179
      }
    },
    {
      "attributes" : {
        "FID" : 106,
        "PMNTN_SPOT" : 47448,
        "MNTN_CODE" : "416301201",
        "MANAGE_SP1" : "02",
        "MANAGE_SP2" : "분기점",
        "DETAIL_SPO" : "분기점",
        "ETC_MATTER" : " ",
        "MNTN_NM" : "사패산",
        "PAST_SPOT_" : "4115004010107",
        "MNTN_ID" : "411500401"
      },
      "geometry" : {
        "x" : 203303.77859999985,
        "y" : 568161.60219999962
      }
    },
    {
      "attributes" : {
        "FID" : 107,
        "PMNTN_SPOT" : 47449,
        "MNTN_CODE" : "416301201",
        "MANAGE_SP1" : "01",
        "MANAGE_SP2" : "시종점",
        "DETAIL_SPO" : "시종점",
        "ETC_MATTER" : " ",
        "MNTN_NM" : "사패산",
        "PAST_SPOT_" : "4115004010108",
        "MNTN_ID" : "411500401"
      },
      "geometry" : {
        "x" : 203316.88860000018,
        "y" : 569293.14220000245
      }
    },
    {
      "attributes" : {
        "FID" : 108,
        "PMNTN_SPOT" : 47450,
        "MNTN_CODE" : "416301201",
        "MANAGE_SP1" : "10",
        "MANAGE_SP2" : "이정표",
        "DETAIL_SPO" : "이정표",
        "ETC_MATTER" : " ",
        "MNTN_NM" : "사패산",
        "PAST_SPOT_" : "4115004010109",
        "MNTN_ID" : "411500401"
      },
      "geometry" : {
        "x" : 201179.01020000223,
        "y" : 568288.49610000104
      }
    },
    {
      "attributes" : {
        "FID" : 109,
        "PMNTN_SPOT" : 47451,
        "MNTN_CODE" : "416301201",
        "MANAGE_SP1" : "04",
        "MANAGE_SP2" : "화장실",
        "DETAIL_SPO" : "화장실",
        "ETC_MATTER" : " ",
        "MNTN_NM" : "사패산",
        "PAST_SPOT_" : "4115004010110",
        "MNTN_ID" : "411500401"
      },
      "geometry" : {
        "x" : 201386.98670000397,
        "y" : 568372.59000000171
      }
    },
    {
      "attributes" : {
        "FID" : 110,
        "PMNTN_SPOT" : 47452,
        "MNTN_CODE" : "416301201",
        "MANAGE_SP1" : "10",
        "MANAGE_SP2" : "이정표",
        "DETAIL_SPO" : "이정표",
        "ETC_MATTER" : " ",
        "MNTN_NM" : "사패산",
        "PAST_SPOT_" : "4115004010111",
        "MNTN_ID" : "411500401"
      },
      "geometry" : {
        "x" : 201452.99770000018,
        "y" : 568390.03710000031
      }
    },
    {
      "attributes" : {
        "FID" : 111,
        "PMNTN_SPOT" : 47453,
        "MNTN_CODE" : "416301201",
        "MANAGE_SP1" : "07",
        "MANAGE_SP2" : "시설물(운동기구 등)",
        "DETAIL_SPO" : "시설물(운동기구등)",
        "ETC_MATTER" : " ",
        "MNTN_NM" : "사패산",
        "PAST_SPOT_" : "4115004010112",
        "MNTN_ID" : "411500401"
      },
      "geometry" : {
        "x" : 201551.71490000468,
        "y" : 568436.31470000185
      }
    },
    {
      "attributes" : {
        "FID" : 112,
        "PMNTN_SPOT" : 47454,
        "MNTN_CODE" : "416301201",
        "MANAGE_SP1" : "07",
        "MANAGE_SP2" : "시설물(운동기구 등)",
        "DETAIL_SPO" : "시설물(운동기구등)",
        "ETC_MATTER" : " ",
        "MNTN_NM" : "사패산",
        "PAST_SPOT_" : "4115004010113",
        "MNTN_ID" : "411500401"
      },
      "geometry" : {
        "x" : 201632.11970000062,
        "y" : 568473.28910000063
      }
    },
    {
      "attributes" : {
        "FID" : 113,
        "PMNTN_SPOT" : 47455,
        "MNTN_CODE" : "416301201",
        "MANAGE_SP1" : "10",
        "MANAGE_SP2" : "이정표",
        "DETAIL_SPO" : "이정표",
        "ETC_MATTER" : " ",
        "MNTN_NM" : "사패산",
        "PAST_SPOT_" : "4115004010114",
        "MNTN_ID" : "411500401"
      },
      "geometry" : {
        "x" : 201138.44690000452,
        "y" : 568537.35539999977
      }
    },
    {
      "attributes" : {
        "FID" : 114,
        "PMNTN_SPOT" : 47456,
        "MNTN_CODE" : "416301201",
        "MANAGE_SP1" : "07",
        "MANAGE_SP2" : "시설물(운동기구 등)",
        "DETAIL_SPO" : "시설물(운동기구등)",
        "ETC_MATTER" : " ",
        "MNTN_NM" : "사패산",
        "PAST_SPOT_" : "4115004010115",
        "MNTN_ID" : "411500401"
      },
      "geometry" : {
        "x" : 201819.47710000072,
        "y" : 568580.1323000025
      }
    },
    {
      "attributes" : {
        "FID" : 115,
        "PMNTN_SPOT" : 47457,
        "MNTN_CODE" : "416301201",
        "MANAGE_SP1" : "14",
        "MANAGE_SP2" : "조망점",
        "DETAIL_SPO" : "조망점",
        "ETC_MATTER" : " ",
        "MNTN_NM" : "사패산",
        "PAST_SPOT_" : "4115004010116",
        "MNTN_ID" : "411500401"
      },
      "geometry" : {
        "x" : 201256.53989999928,
        "y" : 568610.4141000025
      }
    },
    {
      "attributes" : {
        "FID" : 116,
        "PMNTN_SPOT" : 47458,
        "MNTN_CODE" : "416301201",
        "MANAGE_SP1" : "14",
        "MANAGE_SP2" : "조망점",
        "DETAIL_SPO" : "조망점",
        "ETC_MATTER" : " ",
        "MNTN_NM" : "사패산",
        "PAST_SPOT_" : "4115004010117",
        "MNTN_ID" : "411500401"
      },
      "geometry" : {
        "x" : 201252.37239999883,
        "y" : 568653.81100000069
      }
    },
    {
      "attributes" : {
        "FID" : 117,
        "PMNTN_SPOT" : 47459,
        "MNTN_CODE" : "416301201",
        "MANAGE_SP1" : "07",
        "MANAGE_SP2" : "시설물(운동기구 등)",
        "DETAIL_SPO" : "시설물(운동기구등)",
        "ETC_MATTER" : " ",
        "MNTN_NM" : "사패산",
        "PAST_SPOT_" : "4115004010118",
        "MNTN_ID" : "411500401"
      },
      "geometry" : {
        "x" : 201942.38160000369,
        "y" : 568674.5343000032
      }
    },
    {
      "attributes" : {
        "FID" : 118,
        "PMNTN_SPOT" : 47460,
        "MNTN_CODE" : "416301201",
        "MANAGE_SP1" : "07",
        "MANAGE_SP2" : "시설물(운동기구 등)",
        "DETAIL_SPO" : "시설물(운동기구등)",
        "ETC_MATTER" : " ",
        "MNTN_NM" : "사패산",
        "PAST_SPOT_" : "4115004010119",
        "MNTN_ID" : "411500401"
      },
      "geometry" : {
        "x" : 202043.67779999971,
        "y" : 568713.00459999964
      }
    },
    {
      "attributes" : {
        "FID" : 119,
        "PMNTN_SPOT" : 47461,
        "MNTN_CODE" : "416301201",
        "MANAGE_SP1" : "14",
        "MANAGE_SP2" : "조망점",
        "DETAIL_SPO" : "조망점",
        "ETC_MATTER" : " ",
        "MNTN_NM" : "사패산",
        "PAST_SPOT_" : "4115004010120",
        "MNTN_ID" : "411500401"
      },
      "geometry" : {
        "x" : 201345.54660000093,
        "y" : 568905.39699999988
      }
    },
    {
      "attributes" : {
        "FID" : 120,
        "PMNTN_SPOT" : 47462,
        "MNTN_CODE" : "416301201",
        "MANAGE_SP1" : "99",
        "MANAGE_SP2" : "기타",
        "DETAIL_SPO" : "회룡사",
        "ETC_MATTER" : " ",
        "MNTN_NM" : "사패산",
        "PAST_SPOT_" : "4115004010121",
        "MNTN_ID" : "411500401"
      },
      "geometry" : {
        "x" : 202462.19259999972,
        "y" : 568928.55760000274
      }
    },
    {
      "attributes" : {
        "FID" : 121,
        "PMNTN_SPOT" : 47463,
        "MNTN_CODE" : "416301201",
        "MANAGE_SP1" : "23",
        "MANAGE_SP2" : "정상",
        "DETAIL_SPO" : "정상부",
        "ETC_MATTER" : " ",
        "MNTN_NM" : "사패산",
        "PAST_SPOT_" : "4163012010122",
        "MNTN_ID" : "416301201"
      },
      "geometry" : {
        "x" : 200928.94590000063,
        "y" : 569182.7351000011
      }
    },
    {
      "attributes" : {
        "FID" : 122,
        "PMNTN_SPOT" : 47464,
        "MNTN_CODE" : "416301201",
        "MANAGE_SP1" : "10",
        "MANAGE_SP2" : "이정표",
        "DETAIL_SPO" : "이정표",
        "ETC_MATTER" : " ",
        "MNTN_NM" : "사패산",
        "PAST_SPOT_" : "4163012010123",
        "MNTN_ID" : "416301201"
      },
      "geometry" : {
        "x" : 200911.10089999996,
        "y" : 569192.00120000169
      }
    },
    {
      "attributes" : {
        "FID" : 123,
        "PMNTN_SPOT" : 47465,
        "MNTN_CODE" : "416301201",
        "MANAGE_SP1" : "10",
        "MANAGE_SP2" : "이정표",
        "DETAIL_SPO" : "이정표",
        "ETC_MATTER" : " ",
        "MNTN_NM" : "사패산",
        "PAST_SPOT_" : "4115004010124",
        "MNTN_ID" : "411500401"
      },
      "geometry" : {
        "x" : 201905.22820000257,
        "y" : 569202.58919999935
      }
    },
    {
      "attributes" : {
        "FID" : 124,
        "PMNTN_SPOT" : 47466,
        "MNTN_CODE" : "416301201",
        "MANAGE_SP1" : "10",
        "MANAGE_SP2" : "이정표",
        "DETAIL_SPO" : "이정표",
        "ETC_MATTER" : " ",
        "MNTN_NM" : "사패산",
        "PAST_SPOT_" : "4115004010125",
        "MNTN_ID" : "411500401"
      },
      "geometry" : {
        "x" : 201960.72080000117,
        "y" : 569306.97760000266
      }
    },
    {
      "attributes" : {
        "FID" : 125,
        "PMNTN_SPOT" : 47467,
        "MNTN_CODE" : "416301201",
        "MANAGE_SP1" : "11",
        "MANAGE_SP2" : "안내판또는지도",
        "DETAIL_SPO" : "안내판또는지도",
        "ETC_MATTER" : " ",
        "MNTN_NM" : "사패산",
        "PAST_SPOT_" : "4115004010126",
        "MNTN_ID" : "411500401"
      },
      "geometry" : {
        "x" : 201980.0932999989,
        "y" : 569330.83400000446
      }
    },
    {
      "attributes" : {
        "FID" : 126,
        "PMNTN_SPOT" : 47468,
        "MNTN_CODE" : "416301201",
        "MANAGE_SP1" : "11",
        "MANAGE_SP2" : "안내판또는지도",
        "DETAIL_SPO" : "안내판또는지도",
        "ETC_MATTER" : " ",
        "MNTN_NM" : "사패산",
        "PAST_SPOT_" : "4115004010127",
        "MNTN_ID" : "411500401"
      },
      "geometry" : {
        "x" : 202130.18209999986,
        "y" : 569353.11179999821
      }
    },
    {
      "attributes" : {
        "FID" : 127,
        "PMNTN_SPOT" : 47469,
        "MNTN_CODE" : "416301201",
        "MANAGE_SP1" : "14",
        "MANAGE_SP2" : "조망점",
        "DETAIL_SPO" : "조망점",
        "ETC_MATTER" : " ",
        "MNTN_NM" : "사패산",
        "PAST_SPOT_" : "4115004010128",
        "MNTN_ID" : "411500401"
      },
      "geometry" : {
        "x" : 202019.60160000436,
        "y" : 569354.78380000219
      }
    },
    {
      "attributes" : {
        "FID" : 128,
        "PMNTN_SPOT" : 47470,
        "MNTN_CODE" : "416301201",
        "MANAGE_SP1" : "10",
        "MANAGE_SP2" : "이정표",
        "DETAIL_SPO" : "이정표",
        "ETC_MATTER" : " ",
        "MNTN_NM" : "사패산",
        "PAST_SPOT_" : "4115004010129",
        "MNTN_ID" : "411500401"
      },
      "geometry" : {
        "x" : 201122.14980000071,
        "y" : 569365.39250000007
      }
    },
    {
      "attributes" : {
        "FID" : 129,
        "PMNTN_SPOT" : 47471,
        "MNTN_CODE" : "416301201",
        "MANAGE_SP1" : "14",
        "MANAGE_SP2" : "조망점",
        "DETAIL_SPO" : "조망점",
        "ETC_MATTER" : " ",
        "MNTN_NM" : "사패산",
        "PAST_SPOT_" : "4115004010130",
        "MNTN_ID" : "411500401"
      },
      "geometry" : {
        "x" : 202527.28090000059,
        "y" : 569397.03729999997
      }
    },
    {
      "attributes" : {
        "FID" : 130,
        "PMNTN_SPOT" : 47472,
        "MNTN_CODE" : "416301201",
        "MANAGE_SP1" : "14",
        "MANAGE_SP2" : "조망점",
        "DETAIL_SPO" : "조망점",
        "ETC_MATTER" : " ",
        "MNTN_NM" : "사패산",
        "PAST_SPOT_" : "4115004010131",
        "MNTN_ID" : "411500401"
      },
      "geometry" : {
        "x" : 202280.34770000074,
        "y" : 569415.63780000247
      }
    },
    {
      "attributes" : {
        "FID" : 131,
        "PMNTN_SPOT" : 47473,
        "MNTN_CODE" : "416301201",
        "MANAGE_SP1" : "99",
        "MANAGE_SP2" : "기타",
        "DETAIL_SPO" : "석천매표소",
        "ETC_MATTER" : " ",
        "MNTN_NM" : "사패산",
        "PAST_SPOT_" : "4115004010132",
        "MNTN_ID" : "411500401"
      },
      "geometry" : {
        "x" : 203045.60920000076,
        "y" : 569476.441300001
      }
    },
    {
      "attributes" : {
        "FID" : 132,
        "PMNTN_SPOT" : 47474,
        "MNTN_CODE" : "416301201",
        "MANAGE_SP1" : "14",
        "MANAGE_SP2" : "조망점",
        "DETAIL_SPO" : "조망점",
        "ETC_MATTER" : " ",
        "MNTN_NM" : "사패산",
        "PAST_SPOT_" : "4115004010133",
        "MNTN_ID" : "411500401"
      },
      "geometry" : {
        "x" : 202081.34489999991,
        "y" : 569522.09540000185
      }
    },
    {
      "attributes" : {
        "FID" : 133,
        "PMNTN_SPOT" : 47475,
        "MNTN_CODE" : "416301201",
        "MANAGE_SP1" : "10",
        "MANAGE_SP2" : "이정표",
        "DETAIL_SPO" : "이정표",
        "ETC_MATTER" : " ",
        "MNTN_NM" : "사패산",
        "PAST_SPOT_" : "4115004010134",
        "MNTN_ID" : "411500401"
      },
      "geometry" : {
        "x" : 201253.42100000381,
        "y" : 569623.80830000341
      }
    },
    {
      "attributes" : {
        "FID" : 134,
        "PMNTN_SPOT" : 47476,
        "MNTN_CODE" : "416301201",
        "MANAGE_SP1" : "10",
        "MANAGE_SP2" : "이정표",
        "DETAIL_SPO" : "이정표",
        "ETC_MATTER" : " ",
        "MNTN_NM" : "사패산",
        "PAST_SPOT_" : "4115004010135",
        "MNTN_ID" : "411500401"
      },
      "geometry" : {
        "x" : 201123.58139999956,
        "y" : 569628.48650000058
      }
    },
    {
      "attributes" : {
        "FID" : 135,
        "PMNTN_SPOT" : 47477,
        "MNTN_CODE" : "416301201",
        "MANAGE_SP1" : "10",
        "MANAGE_SP2" : "이정표",
        "DETAIL_SPO" : "이정표",
        "ETC_MATTER" : " ",
        "MNTN_NM" : "사패산",
        "PAST_SPOT_" : "4115004010136",
        "MNTN_ID" : "411500401"
      },
      "geometry" : {
        "x" : 201836.05730000045,
        "y" : 569705.38750000112
      }
    },
    {
      "attributes" : {
        "FID" : 136,
        "PMNTN_SPOT" : 47478,
        "MNTN_CODE" : "416301201",
        "MANAGE_SP1" : "99",
        "MANAGE_SP2" : "기타",
        "DETAIL_SPO" : "매표소",
        "ETC_MATTER" : " ",
        "MNTN_NM" : "사패산",
        "PAST_SPOT_" : "4115004010137",
        "MNTN_ID" : "411500401"
      },
      "geometry" : {
        "x" : 202202.18290000316,
        "y" : 569773.20969999954
      }
    },
    {
      "attributes" : {
        "FID" : 137,
        "PMNTN_SPOT" : 47479,
        "MNTN_CODE" : "416301201",
        "MANAGE_SP1" : "10",
        "MANAGE_SP2" : "이정표",
        "DETAIL_SPO" : "이정표",
        "ETC_MATTER" : " ",
        "MNTN_NM" : "사패산",
        "PAST_SPOT_" : "4115004010138",
        "MNTN_ID" : "411500401"
      },
      "geometry" : {
        "x" : 201369.58980000392,
        "y" : 569836.04060000181
      }
    },
    {
      "attributes" : {
        "FID" : 138,
        "PMNTN_SPOT" : 47480,
        "MNTN_CODE" : "416301201",
        "MANAGE_SP1" : "22",
        "MANAGE_SP2" : "헬기장",
        "DETAIL_SPO" : "헬기장",
        "ETC_MATTER" : " ",
        "MNTN_NM" : "사패산",
        "PAST_SPOT_" : "4115004010139",
        "MNTN_ID" : "411500401"
      },
      "geometry" : {
        "x" : 202676.41920000035,
        "y" : 569889.60630000196
      }
    },
    {
      "attributes" : {
        "FID" : 139,
        "PMNTN_SPOT" : 47481,
        "MNTN_CODE" : "416301201",
        "MANAGE_SP1" : "14",
        "MANAGE_SP2" : "조망점",
        "DETAIL_SPO" : "조망점",
        "ETC_MATTER" : " ",
        "MNTN_NM" : "사패산",
        "PAST_SPOT_" : "4115004010140",
        "MNTN_ID" : "411500401"
      },
      "geometry" : {
        "x" : 201164.03030000068,
        "y" : 570031.24589999951
      }
    },
    {
      "attributes" : {
        "FID" : 140,
        "PMNTN_SPOT" : 47482,
        "MNTN_CODE" : "416301201",
        "MANAGE_SP1" : "14",
        "MANAGE_SP2" : "조망점",
        "DETAIL_SPO" : "조망점",
        "ETC_MATTER" : " ",
        "MNTN_NM" : "사패산",
        "PAST_SPOT_" : "4115004010141",
        "MNTN_ID" : "411500401"
      },
      "geometry" : {
        "x" : 201286.77659999952,
        "y" : 570147.42600000277
      }
    },
    {
      "attributes" : {
        "FID" : 141,
        "PMNTN_SPOT" : 47483,
        "MNTN_CODE" : "416301201",
        "MANAGE_SP1" : "99",
        "MANAGE_SP2" : "기타",
        "DETAIL_SPO" : "사방댐",
        "ETC_MATTER" : " ",
        "MNTN_NM" : "사패산",
        "PAST_SPOT_" : "4115004010142",
        "MNTN_ID" : "411500401"
      },
      "geometry" : {
        "x" : 201600.06210000161,
        "y" : 570191.02920000255
      }
    },
    {
      "attributes" : {
        "FID" : 142,
        "PMNTN_SPOT" : 47484,
        "MNTN_CODE" : "416301201",
        "MANAGE_SP1" : "04",
        "MANAGE_SP2" : "화장실",
        "DETAIL_SPO" : "화장실",
        "ETC_MATTER" : " ",
        "MNTN_NM" : "사패산",
        "PAST_SPOT_" : "4115004010143",
        "MNTN_ID" : "411500401"
      },
      "geometry" : {
        "x" : 201778.04499999993,
        "y" : 570213.60529999994
      }
    },
    {
      "attributes" : {
        "FID" : 143,
        "PMNTN_SPOT" : 47485,
        "MNTN_CODE" : "416301201",
        "MANAGE_SP1" : "99",
        "MANAGE_SP2" : "기타",
        "DETAIL_SPO" : "유적(문화,역사)",
        "ETC_MATTER" : " ",
        "MNTN_NM" : "사패산",
        "PAST_SPOT_" : "4115004010144",
        "MNTN_ID" : "411500401"
      },
      "geometry" : {
        "x" : 202022.99849999975,
        "y" : 570300.09830000065
      }
    },
    {
      "attributes" : {
        "FID" : 144,
        "PMNTN_SPOT" : 47486,
        "MNTN_CODE" : "416301201",
        "MANAGE_SP1" : "11",
        "MANAGE_SP2" : "안내판또는지도",
        "DETAIL_SPO" : "매표소",
        "ETC_MATTER" : " ",
        "MNTN_NM" : "사패산",
        "PAST_SPOT_" : "4115004010145",
        "MNTN_ID" : "411500401"
      },
      "geometry" : {
        "x" : 202109.77199999895,
        "y" : 570344.94820000045
      }
    },
    {
      "attributes" : {
        "FID" : 145,
        "PMNTN_SPOT" : 47487,
        "MNTN_CODE" : "416301201",
        "MANAGE_SP1" : "14",
        "MANAGE_SP2" : "조망점",
        "DETAIL_SPO" : "전망바위",
        "ETC_MATTER" : " ",
        "MNTN_NM" : "사패산",
        "PAST_SPOT_" : "4115004010146",
        "MNTN_ID" : "411500401"
      },
      "geometry" : {
        "x" : 201408.51929999981,
        "y" : 570345.74139999971
      }
    },
    {
      "attributes" : {
        "FID" : 146,
        "PMNTN_SPOT" : 47488,
        "MNTN_CODE" : "416301201",
        "MANAGE_SP1" : "06",
        "MANAGE_SP2" : "음수대",
        "DETAIL_SPO" : "음수대",
        "ETC_MATTER" : " ",
        "MNTN_NM" : "사패산",
        "PAST_SPOT_" : "4115004010147",
        "MNTN_ID" : "411500401"
      },
      "geometry" : {
        "x" : 202386.50010000076,
        "y" : 570351.91200000234
      }
    },
    {
      "attributes" : {
        "FID" : 147,
        "PMNTN_SPOT" : 47489,
        "MNTN_CODE" : "416301201",
        "MANAGE_SP1" : "06",
        "MANAGE_SP2" : "음수대",
        "DETAIL_SPO" : "음수대",
        "ETC_MATTER" : " ",
        "MNTN_NM" : "사패산",
        "PAST_SPOT_" : "4115004010148",
        "MNTN_ID" : "411500401"
      },
      "geometry" : {
        "x" : 202124.49680000078,
        "y" : 570402.40090000443
      }
    },
    {
      "attributes" : {
        "FID" : 148,
        "PMNTN_SPOT" : 47490,
        "MNTN_CODE" : "416301201",
        "MANAGE_SP1" : "06",
        "MANAGE_SP2" : "음수대",
        "DETAIL_SPO" : "음수대",
        "ETC_MATTER" : " ",
        "MNTN_NM" : "사패산",
        "PAST_SPOT_" : "4115004010149",
        "MNTN_ID" : "411500401"
      },
      "geometry" : {
        "x" : 202678.32210000511,
        "y" : 570406.00570000149
      }
    },
    {
      "attributes" : {
        "FID" : 149,
        "PMNTN_SPOT" : 47491,
        "MNTN_CODE" : "416301201",
        "MANAGE_SP1" : "10",
        "MANAGE_SP2" : "이정표",
        "DETAIL_SPO" : "이정표",
        "ETC_MATTER" : " ",
        "MNTN_NM" : "사패산",
        "PAST_SPOT_" : "4115004010150",
        "MNTN_ID" : "411500401"
      },
      "geometry" : {
        "x" : 202757.87679999974,
        "y" : 570406.85209999979
      }
    },
    {
      "attributes" : {
        "FID" : 150,
        "PMNTN_SPOT" : 47492,
        "MNTN_CODE" : "416301201",
        "MANAGE_SP1" : "10",
        "MANAGE_SP2" : "이정표",
        "DETAIL_SPO" : "이정표",
        "ETC_MATTER" : " ",
        "MNTN_NM" : "사패산",
        "PAST_SPOT_" : "4115004010151",
        "MNTN_ID" : "411500401"
      },
      "geometry" : {
        "x" : 202756.64429999981,
        "y" : 570484.73440000042
      }
    },
    {
      "attributes" : {
        "FID" : 151,
        "PMNTN_SPOT" : 47493,
        "MNTN_CODE" : "416301201",
        "MANAGE_SP1" : "99",
        "MANAGE_SP2" : "기타",
        "DETAIL_SPO" : "선녀탕",
        "ETC_MATTER" : " ",
        "MNTN_NM" : "사패산",
        "PAST_SPOT_" : "4115004010152",
        "MNTN_ID" : "411500401"
      },
      "geometry" : {
        "x" : 201140.66679999977,
        "y" : 570554.31249999814
      }
    },
    {
      "attributes" : {
        "FID" : 152,
        "PMNTN_SPOT" : 47494,
        "MNTN_CODE" : "416301201",
        "MANAGE_SP1" : "06",
        "MANAGE_SP2" : "음수대",
        "DETAIL_SPO" : "음수대",
        "ETC_MATTER" : " ",
        "MNTN_NM" : "사패산",
        "PAST_SPOT_" : "4115004010153",
        "MNTN_ID" : "411500401"
      },
      "geometry" : {
        "x" : 202282.60420000087,
        "y" : 570595.8879000023
      }
    },
    {
      "attributes" : {
        "FID" : 153,
        "PMNTN_SPOT" : 47495,
        "MNTN_CODE" : "416301201",
        "MANAGE_SP1" : "99",
        "MANAGE_SP2" : "기타",
        "DETAIL_SPO" : "사방댐",
        "ETC_MATTER" : " ",
        "MNTN_NM" : "사패산",
        "PAST_SPOT_" : "4115004010154",
        "MNTN_ID" : "411500401"
      },
      "geometry" : {
        "x" : 201158.50900000241,
        "y" : 570616.1370000001
      }
    },
    {
      "attributes" : {
        "FID" : 154,
        "PMNTN_SPOT" : 47496,
        "MNTN_CODE" : "416301201",
        "MANAGE_SP1" : "09",
        "MANAGE_SP2" : "기타건물",
        "DETAIL_SPO" : "기타건물",
        "ETC_MATTER" : " ",
        "MNTN_NM" : "사패산",
        "PAST_SPOT_" : "4115004010155",
        "MNTN_ID" : "411500401"
      },
      "geometry" : {
        "x" : 202580.98220000044,
        "y" : 570807.68780000135
      }
    },
    {
      "attributes" : {
        "FID" : 155,
        "PMNTN_SPOT" : 47497,
        "MNTN_CODE" : "416301201",
        "MANAGE_SP1" : "10",
        "MANAGE_SP2" : "이정표",
        "DETAIL_SPO" : "이정표",
        "ETC_MATTER" : " ",
        "MNTN_NM" : "사패산",
        "PAST_SPOT_" : "4115004010156",
        "MNTN_ID" : "411500401"
      },
      "geometry" : {
        "x" : 202811.71149999928,
        "y" : 570942.2594000008
      }
    },
    {
      "attributes" : {
        "FID" : 156,
        "PMNTN_SPOT" : 47498,
        "MNTN_CODE" : "416301201",
        "MANAGE_SP1" : "02",
        "MANAGE_SP2" : "분기점",
        "DETAIL_SPO" : "분기점",
        "ETC_MATTER" : " ",
        "MNTN_NM" : "사패산",
        "PAST_SPOT_" : "4115004010157",
        "MNTN_ID" : "411500401"
      },
      "geometry" : {
        "x" : 201955.96470000222,
        "y" : 568685.97529999912
      }
    }
  ]
}