{
  "displayFieldName" : "",
  "fieldAliases" : {
    "FID" : "FID",
    "PMNTN_SPOT" : "PMNTN_SPOT",
    "MNTN_CODE" : "MNTN_CODE",
    "MANAGE_SP1" : "MANAGE_SP1",
    "MANAGE_SP2" : "MANAGE_SP2",
    "DETAIL_SPO" : "DETAIL_SPO",
    "ETC_MATTER" : "ETC_MATTER",
    "MNTN_NM" : "MNTN_NM",
    "PAST_SPOT_" : "PAST_SPOT_",
    "MNTN_ID" : "MNTN_ID"
  },
  "geometryType" : "esriGeometryPoint",
  "spatialReference" : {
    "wkt" : "PROJCS[\"PCS_ITRF2000_TM\",GEOGCS[\"GCS_ITRF_2000\",DATUM[\"D_ITRF_2000\",SPHEROID[\"GRS_1980\",6378137.0,298.257222101]],PRIMEM[\"Greenwich\",0.0],UNIT[\"Degree\",0.0174532925199433]],PROJECTION[\"Transverse_Mercator\"],PARAMETER[\"False_Easting\",200000.0],PARAMETER[\"False_Northing\",600000.0],PARAMETER[\"Central_Meridian\",127.0],PARAMETER[\"Scale_Factor\",1.0],PARAMETER[\"Latitude_Of_Origin\",38.0],UNIT[\"Meter\",1.0]]"
  },
  "fields" : [
    {
      "name" : "FID",
      "type" : "esriFieldTypeOID",
      "alias" : "FID"
    },
    {
      "name" : "PMNTN_SPOT",
      "type" : "esriFieldTypeDouble",
      "alias" : "PMNTN_SPOT"
    },
    {
      "name" : "MNTN_CODE",
      "type" : "esriFieldTypeString",
      "alias" : "MNTN_CODE",
      "length" : 9
    },
    {
      "name" : "MANAGE_SP1",
      "type" : "esriFieldTypeString",
      "alias" : "MANAGE_SP1",
      "length" : 2
    },
    {
      "name" : "MANAGE_SP2",
      "type" : "esriFieldTypeString",
      "alias" : "MANAGE_SP2",
      "length" : 50
    },
    {
      "name" : "DETAIL_SPO",
      "type" : "esriFieldTypeString",
      "alias" : "DETAIL_SPO",
      "length" : 200
    },
    {
      "name" : "ETC_MATTER",
      "type" : "esriFieldTypeString",
      "alias" : "ETC_MATTER",
      "length" : 200
    },
    {
      "name" : "MNTN_NM",
      "type" : "esriFieldTypeString",
      "alias" : "MNTN_NM",
      "length" : 50
    },
    {
      "name" : "PAST_SPOT_",
      "type" : "esriFieldTypeString",
      "alias" : "PAST_SPOT_",
      "length" : 14
    },
    {
      "name" : "MNTN_ID",
      "type" : "esriFieldTypeString",
      "alias" : "MNTN_ID",
      "length" : 10
    }
  ],
  "features" : [
    {
      "attributes" : {
        "FID" : 0,
        "PMNTN_SPOT" : 79919,
        "MNTN_CODE" : "418203501",
        "MANAGE_SP1" : "99",
        "MANAGE_SP2" : "기타",
        "DETAIL_SPO" : "기타",
        "ETC_MATTER" : "옛헬기장",
        "MNTN_NM" : "주발봉",
        "PAST_SPOT_" : "21010214010001",
        "MNTN_ID" : "2101021401"
      },
      "geometry" : {
        "x" : 243021.50090000127,
        "y" : 573642.8515000008
      }
    },
    {
      "attributes" : {
        "FID" : 1,
        "PMNTN_SPOT" : 79920,
        "MNTN_CODE" : "418203501",
        "MANAGE_SP1" : "99",
        "MANAGE_SP2" : "기타",
        "DETAIL_SPO" : "기타",
        "ETC_MATTER" : "헬기장",
        "MNTN_NM" : "주발봉",
        "PAST_SPOT_" : "21010214010002",
        "MNTN_ID" : "2101021401"
      },
      "geometry" : {
        "x" : 243520.34759999998,
        "y" : 575195.91210000217
      }
    },
    {
      "attributes" : {
        "FID" : 2,
        "PMNTN_SPOT" : 79921,
        "MNTN_CODE" : "418203501",
        "MANAGE_SP1" : "99",
        "MANAGE_SP2" : "기타",
        "DETAIL_SPO" : "주발봉",
        "ETC_MATTER" : "노선내분기",
        "MNTN_NM" : "주발봉",
        "PAST_SPOT_" : "21010214010003",
        "MNTN_ID" : "2101021401"
      },
      "geometry" : {
        "x" : 243588.34380000085,
        "y" : 575269.79499999993
      }
    },
    {
      "attributes" : {
        "FID" : 3,
        "PMNTN_SPOT" : 79922,
        "MNTN_CODE" : "418203501",
        "MANAGE_SP1" : "02",
        "MANAGE_SP2" : "분기점",
        "DETAIL_SPO" : "분기점",
        "ETC_MATTER" : "조망점",
        "MNTN_NM" : "주발봉",
        "PAST_SPOT_" : "21010214010004",
        "MNTN_ID" : "2101021401"
      },
      "geometry" : {
        "x" : 243288.89042291418,
        "y" : 576121.77291226387
      }
    },
    {
      "attributes" : {
        "FID" : 4,
        "PMNTN_SPOT" : 79923,
        "MNTN_CODE" : "418203501",
        "MANAGE_SP1" : "99",
        "MANAGE_SP2" : "기타",
        "DETAIL_SPO" : "기타",
        "ETC_MATTER" : "패쇄구간",
        "MNTN_NM" : "주발봉",
        "PAST_SPOT_" : "21010214010005",
        "MNTN_ID" : "2101021401"
      },
      "geometry" : {
        "x" : 242647.58970000036,
        "y" : 576540.30900000222
      }
    },
    {
      "attributes" : {
        "FID" : 5,
        "PMNTN_SPOT" : 79924,
        "MNTN_CODE" : "418203501",
        "MANAGE_SP1" : "01",
        "MANAGE_SP2" : "시종점",
        "DETAIL_SPO" : "시종점,이정표",
        "ETC_MATTER" : " ",
        "MNTN_NM" : "주발봉",
        "PAST_SPOT_" : "21010214010006",
        "MNTN_ID" : "2101021401"
      },
      "geometry" : {
        "x" : 241342.01640000008,
        "y" : 576630.32799999975
      }
    },
    {
      "attributes" : {
        "FID" : 6,
        "PMNTN_SPOT" : 79925,
        "MNTN_CODE" : "418203501",
        "MANAGE_SP1" : "01",
        "MANAGE_SP2" : "시종점",
        "DETAIL_SPO" : "시종점,기타",
        "ETC_MATTER" : "입구",
        "MNTN_NM" : "주발봉",
        "PAST_SPOT_" : "21010214010007",
        "MNTN_ID" : "2101021401"
      },
      "geometry" : {
        "x" : 243040.03330000211,
        "y" : 573485.27710000239
      }
    },
    {
      "attributes" : {
        "FID" : 7,
        "PMNTN_SPOT" : 79926,
        "MNTN_CODE" : "418203501",
        "MANAGE_SP1" : "01",
        "MANAGE_SP2" : "시종점",
        "DETAIL_SPO" : "시종점,기타",
        "ETC_MATTER" : "입구",
        "MNTN_NM" : "주발봉",
        "PAST_SPOT_" : "21010214010008",
        "MNTN_ID" : "2101021401"
      },
      "geometry" : {
        "x" : 245018.54570989497,
        "y" : 579419.82411012799
      }
    },
    {
      "attributes" : {
        "FID" : 8,
        "PMNTN_SPOT" : 79927,
        "MNTN_CODE" : "418203501",
        "MANAGE_SP1" : "02",
        "MANAGE_SP2" : "분기점",
        "DETAIL_SPO" : "분기점",
        "ETC_MATTER" : "이정표없음",
        "MNTN_NM" : "주발봉",
        "PAST_SPOT_" : "21010214010009",
        "MNTN_ID" : "2101021401"
      },
      "geometry" : {
        "x" : 244199.84769999981,
        "y" : 574956.71240000054
      }
    },
    {
      "attributes" : {
        "FID" : 9,
        "PMNTN_SPOT" : 79928,
        "MNTN_CODE" : "418203501",
        "MANAGE_SP1" : "01",
        "MANAGE_SP2" : "시종점",
        "DETAIL_SPO" : "시종점,기타",
        "ETC_MATTER" : "표지판없음",
        "MNTN_NM" : "주발봉",
        "PAST_SPOT_" : "21010214010010",
        "MNTN_ID" : "2101021401"
      },
      "geometry" : {
        "x" : 244761.4746000031,
        "y" : 574289.21230000071
      }
    },
    {
      "attributes" : {
        "FID" : 10,
        "PMNTN_SPOT" : 79929,
        "MNTN_CODE" : "418203501",
        "MANAGE_SP1" : "01",
        "MANAGE_SP2" : "시종점",
        "DETAIL_SPO" : "시종점,기타",
        "ETC_MATTER" : "입구표지판없음",
        "MNTN_NM" : "주발봉",
        "PAST_SPOT_" : "21010214010011",
        "MNTN_ID" : "2101021401"
      },
      "geometry" : {
        "x" : 244950.81410000008,
        "y" : 574906.14150000364
      }
    },
    {
      "attributes" : {
        "FID" : 11,
        "PMNTN_SPOT" : 79930,
        "MNTN_CODE" : "418203501",
        "MANAGE_SP1" : "02",
        "MANAGE_SP2" : "분기점",
        "DETAIL_SPO" : "분기점",
        "ETC_MATTER" : " ",
        "MNTN_NM" : "주발봉",
        "PAST_SPOT_" : "21010214010012",
        "MNTN_ID" : "2101021401"
      },
      "geometry" : {
        "x" : 243588.3825000003,
        "y" : 575270.81640000269
      }
    }
  ]
}