{
  "displayFieldName" : "",
  "fieldAliases" : {
    "FID" : "FID",
    "PMNTN_SN" : "PMNTN_SN",
    "MNTN_CODE" : "MNTN_CODE",
    "MNTN_NM" : "MNTN_NM",
    "PMNTN_NM" : "PMNTN_NM",
    "PMNTN_MAIN" : "PMNTN_MAIN",
    "PMNTN_LT" : "PMNTN_LT",
    "PMNTN_DFFL" : "PMNTN_DFFL",
    "PMNTN_UPPL" : "PMNTN_UPPL",
    "PMNTN_GODN" : "PMNTN_GODN",
    "PMNTN_MTRQ" : "PMNTN_MTRQ",
    "PMNTN_CNRL" : "PMNTN_CNRL",
    "PMNTN_CLS_" : "PMNTN_CLS_",
    "PMNTN_RISK" : "PMNTN_RISK",
    "PMNTN_RECO" : "PMNTN_RECO",
    "DATA_STDR_" : "DATA_STDR_",
    "MNTN_ID" : "MNTN_ID"
  },
  "geometryType" : "esriGeometryPolyline",
  "spatialReference" : {
    "wkt" : "PROJCS[\"PCS_ITRF2000_TM\",GEOGCS[\"GCS_ITRF_2000\",DATUM[\"D_ITRF_2000\",SPHEROID[\"GRS_1980\",6378137.0,298.257222101]],PRIMEM[\"Greenwich\",0.0],UNIT[\"Degree\",0.0174532925199433]],PROJECTION[\"Transverse_Mercator\"],PARAMETER[\"False_Easting\",200000.0],PARAMETER[\"False_Northing\",600000.0],PARAMETER[\"Central_Meridian\",127.0],PARAMETER[\"Scale_Factor\",1.0],PARAMETER[\"Latitude_Of_Origin\",38.0],UNIT[\"Meter\",1.0]]"
  },
  "fields" : [
    {
      "name" : "FID",
      "type" : "esriFieldTypeOID",
      "alias" : "FID"
    },
    {
      "name" : "PMNTN_SN",
      "type" : "esriFieldTypeDouble",
      "alias" : "PMNTN_SN"
    },
    {
      "name" : "MNTN_CODE",
      "type" : "esriFieldTypeString",
      "alias" : "MNTN_CODE",
      "length" : 9
    },
    {
      "name" : "MNTN_NM",
      "type" : "esriFieldTypeString",
      "alias" : "MNTN_NM",
      "length" : 50
    },
    {
      "name" : "PMNTN_NM",
      "type" : "esriFieldTypeString",
      "alias" : "PMNTN_NM",
      "length" : 50
    },
    {
      "name" : "PMNTN_MAIN",
      "type" : "esriFieldTypeString",
      "alias" : "PMNTN_MAIN",
      "length" : 200
    },
    {
      "name" : "PMNTN_LT",
      "type" : "esriFieldTypeSingle",
      "alias" : "PMNTN_LT"
    },
    {
      "name" : "PMNTN_DFFL",
      "type" : "esriFieldTypeString",
      "alias" : "PMNTN_DFFL",
      "length" : 8
    },
    {
      "name" : "PMNTN_UPPL",
      "type" : "esriFieldTypeDouble",
      "alias" : "PMNTN_UPPL"
    },
    {
      "name" : "PMNTN_GODN",
      "type" : "esriFieldTypeDouble",
      "alias" : "PMNTN_GODN"
    },
    {
      "name" : "PMNTN_MTRQ",
      "type" : "esriFieldTypeString",
      "alias" : "PMNTN_MTRQ",
      "length" : 200
    },
    {
      "name" : "PMNTN_CNRL",
      "type" : "esriFieldTypeString",
      "alias" : "PMNTN_CNRL",
      "length" : 1
    },
    {
      "name" : "PMNTN_CLS_",
      "type" : "esriFieldTypeString",
      "alias" : "PMNTN_CLS_",
      "length" : 1
    },
    {
      "name" : "PMNTN_RISK",
      "type" : "esriFieldTypeString",
      "alias" : "PMNTN_RISK",
      "length" : 200
    },
    {
      "name" : "PMNTN_RECO",
      "type" : "esriFieldTypeString",
      "alias" : "PMNTN_RECO",
      "length" : 1
    },
    {
      "name" : "DATA_STDR_",
      "type" : "esriFieldTypeString",
      "alias" : "DATA_STDR_",
      "length" : 10
    },
    {
      "name" : "MNTN_ID",
      "type" : "esriFieldTypeString",
      "alias" : "MNTN_ID",
      "length" : 10
    }
  ],
  "features" : [
    {
      "attributes" : {
        "FID" : 0,
        "PMNTN_SN" : 14410,
        "MNTN_CODE" : "428203601",
        "MNTN_NM" : "두백산",
        "PMNTN_NM" : "오봉리구간",
        "PMNTN_MAIN" : " ",
        "PMNTN_LT" : 2.22,
        "PMNTN_DFFL" : "쉬움",
        "PMNTN_UPPL" : 39,
        "PMNTN_GODN" : 27,
        "PMNTN_MTRQ" : " ",
        "PMNTN_CNRL" : " ",
        "PMNTN_CLS_" : " ",
        "PMNTN_RISK" : " ",
        "PMNTN_RECO" : " ",
        "DATA_STDR_" : "2016-12-31",
        "MNTN_ID" : "428201101"
      },
      "geometry" : {
        "paths" : [
          [
            [
              330945.19999999925,
              638931.76050000079
            ],
            [
              330940.49120000098,
              638932.76980000176
            ],
            [
              330935.90420000069,
              638934.05460000038
            ],
            [
              330931.43910000008,
              638935.61480000056
            ],
            [
              330927.09560000058,
              638937.4504000023
            ],
            [
              330919.81679999921,
              638941.14169999957
            ],
            [
              330917.05410000216,
              638942.89100000262
            ],
            [
              330913.73610000033,
              638945.62380000204
            ],
            [
              330908.53210000042,
              638951.85200000368
            ],
            [
              330906.40500000119,
              638954.00300000235
            ],
            [
              330903.72280000057,
              638955.9653000012
            ],
            [
              330900.66700000223,
              638957.65200000256
            ],
            [
              330897.21680000052,
              638959.07500000112
            ],
            [
              330893.32830000017,
              638960.25249999948
            ],
            [
              330889.26280000061,
              638961.14530000091
            ],
            [
              330884.61310000066,
              638961.87660000101
            ],
            [
              330870.19640000071,
              638963.31369999982
            ],
            [
              330863.26009999961,
              638964.07770000212
            ],
            [
              330859.57020000089,
              638964.32279999927
            ],
            [
              330856.12119999994,
              638964.25809999928
            ],
            [
              330852.03380000126,
              638963.48370000161
            ],
            [
              330848.65460000001,
              638961.97509999946
            ],
            [
              330846.17099999916,
              638960.31020000018
            ],
            [
              330838.79770000093,
              638954.73650000244
            ],
            [
              330835.15540000051,
              638952.89320000447
            ],
            [
              330830.46000000089,
              638951.5875000041
            ],
            [
              330827.2098000003,
              638951.04020000249
            ],
            [
              330822.90930000227,
              638950.85500000045
            ],
            [
              330818.31760000065,
              638951.62360000052
            ],
            [
              330814.83200000226,
              638953.20030000247
            ],
            [
              330811.6408000011,
              638955.1844000034
            ],
            [
              330804.75900000148,
              638960.03309999965
            ],
            [
              330801.91730000172,
              638961.76190000214
            ],
            [
              330788.21970000118,
              638969.21690000221
            ],
            [
              330779.67480000015,
              638973.65910000168
            ],
            [
              330772.55470000021,
              638979.29580000229
            ],
            [
              330767.2762000002,
              638982.58880000375
            ],
            [
              330760.31760000065,
              638989.36830000207
            ],
            [
              330755.93479999993,
              638991.14760000072
            ],
            [
              330752.90730000194,
              638991.36830000207
            ],
            [
              330749.43670000043,
              638991.14719999954
            ],
            [
              330744.57569999993,
              638990.16900000349
            ],
            [
              330738.26109999977,
              638987.65160000138
            ],
            [
              330733.91079999972,
              638987.54780000076
            ],
            [
              330730.21020000055,
              638988.66569999978
            ],
            [
              330723.25349999964,
              638991.66699999943
            ],
            [
              330720.15020000096,
              638992.4224000033
            ],
            [
              330715.92530000117,
              638992.38419999927
            ],
            [
              330705.2379999999,
              638989.98120000213
            ],
            [
              330701.08350000065,
              638989.45220000297
            ],
            [
              330693.64900000114,
              638989.53060000204
            ],
            [
              330686.89250000007,
              638990.25329999812
            ],
            [
              330680.90840000007,
              638991.60990000144
            ],
            [
              330676.9784000013,
              638993.05660000071
            ],
            [
              330671.7106999997,
              638995.62470000051
            ],
            [
              330668.27060000133,
              638997.57610000297
            ],
            [
              330665.32749999966,
              638999.4952000007
            ],
            [
              330661.91309999861,
              639002.30970000103
            ],
            [
              330659.03619999997,
              639005.95360000059
            ],
            [
              330658.64310000092,
              639010.64440000243
            ],
            [
              330663.73419999983,
              639019.10190000199
            ],
            [
              330664.88780000061,
              639022.79350000061
            ],
            [
              330663.52960000001,
              639026.62120000087
            ],
            [
              330661.02529999986,
              639030.00520000234
            ],
            [
              330658.66760000028,
              639032.38529999927
            ],
            [
              330656.28410000168,
              639034.19559999928
            ],
            [
              330653.27080000099,
              639035.78940000013
            ],
            [
              330649.74139999971,
              639037.16600000113
            ],
            [
              330643.6668999996,
              639039.10980000161
            ],
            [
              330639.24579999968,
              639040.18590000458
            ],
            [
              330628.33460000157,
              639041.65139999986
            ],
            [
              330623.4935000008,
              639042.73060000129
            ],
            [
              330615.59020000137,
              639045.21639999934
            ],
            [
              330611.93539999984,
              639048.71090000309
            ],
            [
              330609.01010000054,
              639056.6967999991
            ],
            [
              330608.12849999964,
              639059.9450000003
            ],
            [
              330606.7042000005,
              639067.93329999968
            ],
            [
              330605.75260000117,
              639070.82710000128
            ],
            [
              330603.7761000013,
              639074.69310000353
            ],
            [
              330601.28109999932,
              639078.27350000106
            ],
            [
              330596.86809999961,
              639082.1387000028
            ],
            [
              330588.83669999987,
              639085.66369999945
            ],
            [
              330578.9187000012,
              639092.02810000256
            ],
            [
              330554.91949999984,
              639102.73350000195
            ],
            [
              330539.76049999986,
              639111.39729999937
            ],
            [
              330535.53140000161,
              639113.51070000045
            ],
            [
              330531.64250000007,
              639115.14790000021
            ],
            [
              330527.96600000188,
              639116.11849999987
            ],
            [
              330520.2451000018,
              639117.16410000063
            ],
            [
              330517.26299999934,
              639117.77089999989
            ],
            [
              330514.50020000059,
              639118.82760000043
            ],
            [
              330511.86349999998,
              639121.20450000092
            ],
            [
              330510.18350000214,
              639124.47140000015
            ],
            [
              330507.7070000004,
              639134.10360000096
            ],
            [
              330501.75370000117,
              639149.58430000208
            ],
            [
              330495.95110000111,
              639162.73630000278
            ],
            [
              330490.63370000105,
              639172.76620000042
            ],
            [
              330488.70940000098,
              639177.21979999915
            ],
            [
              330487.18580000103,
              639182.34559999965
            ],
            [
              330486.06870000158,
              639187.87959999964
            ],
            [
              330485.36680000182,
              639193.78079999983
            ],
            [
              330485.08850000147,
              639199.97949999943
            ],
            [
              330485.61750000063,
              639208.51330000348
            ],
            [
              330484.79740000144,
              639214.72629999928
            ],
            [
              330483.24280000012,
              639219.69220000319
            ],
            [
              330481.04920000024,
              639224.3647000026
            ],
            [
              330477.41600000113,
              639229.44600000046
            ],
            [
              330473.99239999987,
              639232.44350000098
            ],
            [
              330465.15640000068,
              639237.85889999941
            ],
            [
              330462.32880000025,
              639239.80900000408
            ],
            [
              330457.87480000034,
              639243.55840000138
            ],
            [
              330447.01690000109,
              639253.67840000428
            ],
            [
              330443.7285000002,
              639256.31400000118
            ],
            [
              330440.60369999986,
              639258.43060000055
            ],
            [
              330436.25630000047,
              639260.69350000285
            ],
            [
              330424.87530000042,
              639265.24740000069
            ],
            [
              330419.91300000064,
              639267.74140000157
            ],
            [
              330413.2452999996,
              639271.90610000119
            ],
            [
              330408.22790000215,
              639275.50590000115
            ],
            [
              330404.09200000111,
              639279.09349999949
            ],
            [
              330400.77419999987,
              639282.74210000038
            ],
            [
              330398.71100000199,
              639286.05670000054
            ],
            [
              330394.88350000046,
              639294.38210000098
            ],
            [
              330393.1157999998,
              639296.98580000177
            ],
            [
              330389.55229999963,
              639300.50249999948
            ],
            [
              330386.29070000071,
              639302.91540000215
            ],
            [
              330382.99000000022,
              639304.55440000258
            ],
            [
              330375.75629999954,
              639306.8636000026
            ],
            [
              330372.84180000145,
              639308.08810000122
            ],
            [
              330368.25509999972,
              639310.87719999999
            ],
            [
              330363.50910000131,
              639314.60379999876
            ],
            [
              330359.04480000027,
              639318.74670000188
            ],
            [
              330349.56480000075,
              639328.26150000095
            ],
            [
              330340.52740000095,
              639337.08010000177
            ],
            [
              330337.58290000074,
              639340.26320000365
            ],
            [
              330335.08140000049,
              639343.26219999976
            ],
            [
              330331.8936999999,
              639347.81409999914
            ],
            [
              330326.50370000117,
              639356.80180000328
            ],
            [
              330324.21880000085,
              639360.33200000226
            ],
            [
              330318.41100000031,
              639367.73310000449
            ],
            [
              330313.24569999985,
              639373.82880000025
            ],
            [
              330306.18780000228,
              639379.98180000111
            ],
            [
              330303.63450000156,
              639384.60510000214
            ],
            [
              330302.78660000023,
              639387.59520000219
            ],
            [
              330302.82890000101,
              639391.27549999952
            ],
            [
              330305.27070000116,
              639392.73820000142
            ],
            [
              330309.78600000124,
              639392.35250000097
            ],
            [
              330318.27350000106,
              639390.57550000213
            ],
            [
              330324.10379999969,
              639389.27270000242
            ],
            [
              330327.67000000086,
              639389.13929999992
            ],
            [
              330331.26290000137,
              639389.93359999917
            ],
            [
              330339.99870000035,
              639393.67909999937
            ],
            [
              330350.53639999963,
              639397.55549999885
            ],
            [
              330353.75690000132,
              639398.96329999901
            ],
            [
              330356.55119999964,
              639400.40359999985
            ],
            [
              330359.58299999963,
              639402.47450000234
            ],
            [
              330366.36150000151,
              639408.1275000032
            ],
            [
              330369.11400000192,
              639409.79320000112
            ],
            [
              330373.28740000073,
              639411.17440000176
            ],
            [
              330377.17300000135,
              639411.53980000131
            ],
            [
              330381.0094000008,
              639411.43710000068
            ],
            [
              330390.30180000048,
              639410.70020000078
            ],
            [
              330394.82890000101,
              639410.74890000187
            ],
            [
              330400.56300000008,
              639411.34670000151
            ],
            [
              330406.91899999976,
              639412.26530000009
            ],
            [
              330426.89940000046,
              639415.9215000011
            ],
            [
              330448.59950000141,
              639419.91870000027
            ],
            [
              330455.97649999987,
              639421.51540000178
            ],
            [
              330462.59070000052,
              639423.16330000013
            ],
            [
              330475.00510000065,
              639426.78410000168
            ],
            [
              330491.14220000058,
              639431.84100000001
            ],
            [
              330495.70250000153,
              639432.90760000236
            ],
            [
              330499.83389999997,
              639433.50860000402
            ],
            [
              330502.93280000053,
              639433.57809999958
            ],
            [
              330510.54520000052,
              639433.13690000214
            ],
            [
              330513.43690000102,
              639433.36850000173
            ],
            [
              330516.86820000131,
              639434.3665000014
            ],
            [
              330519.53850000072,
              639435.82080000266
            ],
            [
              330522.10160000157,
              639437.64140000381
            ],
            [
              330528.85470000096,
              639442.99500000104
            ],
            [
              330531.95200000145,
              639444.89229999855
            ],
            [
              330537.57039999962,
              639447.21840000153
            ],
            [
              330542.82620000094,
              639448.78850000165
            ],
            [
              330548.8068000013,
              639450.15980000049
            ],
            [
              330556.7332000006,
              639451.61290000379
            ],
            [
              330566.27570000011,
              639453.22270000353
            ],
            [
              330572.45910000149,
              639453.94639999978
            ],
            [
              330578.08249999955,
              639454.11590000428
            ],
            [
              330583.11370000057,
              639453.68200000003
            ],
            [
              330588.21570000146,
              639452.74320000038
            ],
            [
              330592.74490000028,
              639451.19040000066
            ],
            [
              330596.20879999921,
              639448.69380000234
            ],
            [
              330602.62119999994,
              639442.17589999922
            ],
            [
              330605.46009999979,
              639440.20900000073
            ],
            [
              330610.77870000061,
              639438.23920000158
            ],
            [
              330615.12189999968,
              639437.36560000107
            ],
            [
              330619.05000000075,
              639437.16740000062
            ],
            [
              330623.16480000131,
              639437.93770000339
            ],
            [
              330626.25460000057,
              639439.92540000007
            ],
            [
              330632.03100000042,
              639445.51830000244
            ],
            [
              330634.5429999996,
              639447.1032000035
            ],
            [
              330637.92460000049,
              639448.04210000113
            ],
            [
              330640.94890000019,
              639448.22770000249
            ],
            [
              330644.24660000112,
              639448.07980000228
            ],
            [
              330650.35830000043,
              639447.47479999997
            ],
            [
              330657.09290000051,
              639446.52150000073
            ],
            [
              330664.31090000179,
              639444.79209999926
            ],
            [
              330672.15459999908,
              639442.26110000163
            ],
            [
              330681.39429999888,
              639438.68120000325
            ],
            [
              330685.66030000057,
              639436.55080000125
            ],
            [
              330693.30780000053,
              639431.80540000089
            ],
            [
              330696.3655999992,
              639430.08510000072
            ],
            [
              330699.59540000092,
              639428.65880000032
            ],
            [
              330702.60220000148,
              639427.81870000251
            ],
            [
              330705.47879999969,
              639427.47780000046
            ],
            [
              330708.76720000058,
              639427.48760000244
            ],
            [
              330719.30370000098,
              639428.63150000013
            ],
            [
              330722.77560000028,
              639428.8532000035
            ],
            [
              330738.29349999875,
              639428.8532000035
            ],
            [
              330755.51410000212,
              639429.03560000286
            ],
            [
              330760.36700000055,
              639428.81269999966
            ],
            [
              330765.81180000026,
              639428.09130000137
            ],
            [
              330769.52130000014,
              639427.00469999947
            ],
            [
              330778.85410000104,
              639422.96969999745
            ],
            [
              330783.82430000138,
              639421.45480000041
            ],
            [
              330788.28220000118,
              639421.4261000026
            ],
            [
              330791.05319999997,
              639422.78230000101
            ],
            [
              330793.11510000005,
              639424.76620000415
            ],
            [
              330794.95210000128,
              639427.15049999952
            ],
            [
              330799.58000000101,
              639433.9552000016
            ],
            [
              330801.73350000102,
              639436.43040000275
            ],
            [
              330808.14250000007,
              639441.65450000204
            ],
            [
              330814.47400000133,
              639445.7351000011
            ],
            [
              330821.26120000053,
              639449.26290000044
            ],
            [
              330828.29780000076,
              639452.13020000048
            ],
            [
              330833.98120000027,
              639454.02710000053
            ],
            [
              330838.5569000002,
              639455.26120000146
            ],
            [
              330842.67459999956,
              639456.00720000267
            ],
            [
              330847.58190000057,
              639456.22020000033
            ],
            [
              330851.22790000029,
              639455.85510000028
            ],
            [
              330856.56730000023,
              639454.54569999874
            ],
            [
              330862.37789999973,
              639452.41359999962
            ],
            [
              330871.23089999985,
              639448.50930000097
            ],
            [
              330873.92490000091,
              639447.04410000145
            ],
            [
              330882.3881000001,
              639441.72929999977
            ],
            [
              330886.99320000038,
              639440.83850000054
            ],
            [
              330895.84509999957,
              639442.8945000004
            ],
            [
              330899.51370000187,
              639440.83640000038
            ],
            [
              330904.41260000132,
              639434.09860000201
            ],
            [
              330909.46620000154,
              639432.68490000255
            ],
            [
              330914.0326000005,
              639433.51570000313
            ],
            [
              330918.81940000132,
              639435.0604000017
            ],
            [
              330921.93510000035,
              639436.33000000007
            ],
            [
              330927.612900001,
              639439.19849999994
            ],
            [
              330935.23850000184,
              639443.86769999936
            ],
            [
              330938.10140000004,
              639444.76590000279
            ],
            [
              330941.65919999965,
              639444.54990000278
            ],
            [
              330944.50499999896,
              639443.6297999993
            ],
            [
              330947.00870000012,
              639442.30100000277
            ],
            [
              330949.32490000129,
              639439.90729999915
            ],
            [
              330950.58310000133,
              639435.45250000246
            ],
            [
              330950.88990000077,
              639428.33590000123
            ],
            [
              330951.18530000094,
              639423.47749999911
            ],
            [
              330951.19810000062,
              639420.22970000096
            ],
            [
              330950.93460000213,
              639417.36400000378
            ],
            [
              330949.44689999986,
              639413.04700000212
            ],
            [
              330943.38080000039,
              639404.7620000001
            ],
            [
              330942.08090000227,
              639399.10110000148
            ],
            [
              330942.38549999986,
              639394.24799999967
            ],
            [
              330943.75980000012,
              639390.4755000025
            ],
            [
              330945.5623000022,
              639387.76860000007
            ],
            [
              330947.85890000034,
              639385.287200002
            ],
            [
              330952.44559999928,
              639382.53160000034
            ],
            [
              330961.33739999961,
              639381.4197999984
            ],
            [
              330965.20280000195,
              639380.37140000053
            ],
            [
              330970.05060000159,
              639377.88080000319
            ],
            [
              330974.05999999959,
              639376.92490000278
            ],
            [
              330982.12160000112,
              639377.6641000025
            ],
            [
              330985.02940000035,
              639377.64389999956
            ],
            [
              330991.59360000119,
              639376.25440000184
            ],
            [
              330993.88290000055,
              639373.14719999954
            ],
            [
              330995.17980000004,
              639366.24850000255
            ],
            [
              330998.09130000137,
              639362.37450000271
            ],
            [
              331002.18320000172,
              639360.02449999936
            ],
            [
              331011.15350000001,
              639359.33830000088
            ],
            [
              331015.36980000138,
              639357.48599999957
            ],
            [
              331018.27370000072,
              639355.32640000246
            ],
            [
              331020.99500000011,
              639352.66170000099
            ],
            [
              331023.30710000172,
              639349.71150000021
            ],
            [
              331025.08240000159,
              639346.54840000346
            ],
            [
              331026.49500000104,
              639342.86220000125
            ],
            [
              331027.47820000071,
              639338.82289999723
            ],
            [
              331027.94390000124,
              639333.36510000378
            ],
            [
              331027.53170000017,
              639329.00340000354
            ],
            [
              331024.9709999999,
              639318.98919999972
            ],
            [
              331021.65710000042,
              639309.97340000048
            ],
            [
              331021.62640000042,
              639304.89690000191
            ],
            [
              331023.56980000064,
              639300.94040000066
            ],
            [
              331027.61369999964,
              639296.34380000457
            ],
            [
              331037.05300000124,
              639287.74880000204
            ],
            [
              331039.25360000227,
              639285.2965000011
            ],
            [
              331040.89419999998,
              639282.98420000263
            ],
            [
              331043.8284,
              639277.79230000451
            ],
            [
              331046.72039999999,
              639271.9093000032
            ],
            [
              331049.63930000085,
              639265.22599999979
            ],
            [
              331053.30860000104,
              639256.08630000055
            ],
            [
              331058.59559999965,
              639242.66929999925
            ],
            [
              331061.48790000007,
              639234.31080000103
            ],
            [
              331063.55360000208,
              639226.50469999947
            ],
            [
              331064.23359999992,
              639222.86830000021
            ],
            [
              331064.6884000022,
              639219.36040000245
            ],
            [
              331064.85510000121,
              639214.23820000142
            ],
            [
              331064.08080000058,
              639201.73340000026
            ],
            [
              331064.17109999992,
              639196.08350000344
            ],
            [
              331065.01669999957,
              639187.73860000074
            ],
            [
              331066.06990000047,
              639181.26430000179
            ],
            [
              331067.4991000006,
              639175.62930000201
            ],
            [
              331069.96710000001,
              639169.58550000004
            ],
            [
              331072.30800000113,
              639166.00789999962
            ],
            [
              331078.6725000022,
              639158.76790000126
            ],
            [
              331080.67780000065,
              639156.25890000165
            ],
            [
              331082.76350000221,
              639152.7442000024
            ],
            [
              331084.52310000174,
              639147.27590000071
            ],
            [
              331085.78280000109,
              639139.14829999954
            ],
            [
              331086.41359999962,
              639136.08060000278
            ],
            [
              331088.41940000094,
              639128.99170000106
            ],
            [
              331090.94790000189,
              639121.55870000273
            ],
            [
              331094.03380000032,
              639113.67610000074
            ],
            [
              331097.79339999985,
              639105.04460000247
            ],
            [
              331102.89900000021,
              639094.55890000239
            ],
            [
              331106.20910000056,
              639081.98169999942
            ],
            [
              331110.81950000022,
              639077.90330000035
            ],
            [
              331115.58189999964,
              639074.64740000106
            ],
            [
              331121.56860000081,
              639074.6977000013
            ],
            [
              331133.77990000043,
              639075.41770000383
            ],
            [
              331139.2106999997,
              639078.35789999925
            ],
            [
              331149.06670000032,
              639086.43510000035
            ],
            [
              331154.68819999974,
              639089.76880000159
            ],
            [
              331156.52170000039,
              639095.3395000007
            ],
            [
              331159.0158000011,
              639098.46690000035
            ],
            [
              331165.45190000068,
              639104.95629999973
            ],
            [
              331169.66010000184,
              639105.39100000449
            ],
            [
              331174.23950000014,
              639101.26800000109
            ],
            [
              331181.60470000096,
              639090.92750000022
            ],
            [
              331185.2742999997,
              639086.29000000283
            ],
            [
              331204.06320000067,
              639075.26889999956
            ],
            [
              331225.77570000105,
              639062.46310000308
            ],
            [
              331231.73260000162,
              639063.45930000208
            ],
            [
              331242.86320000142,
              639074.35560000129
            ],
            [
              331247.45710000023,
              639079.75890000165
            ],
            [
              331251.42650000192,
              639084.08860000037
            ],
            [
              331252.92494780663,
              639083.74313164875
            ]
          ]
        ]
      }
    }
  ]
}