{
  "displayFieldName" : "",
  "fieldAliases" : {
    "FID" : "FID",
    "PMNTN_SPOT" : "PMNTN_SPOT",
    "MNTN_CODE" : "MNTN_CODE",
    "MANAGE_SP1" : "MANAGE_SP1",
    "MANAGE_SP2" : "MANAGE_SP2",
    "DETAIL_SPO" : "DETAIL_SPO",
    "ETC_MATTER" : "ETC_MATTER",
    "MNTN_NM" : "MNTN_NM",
    "PAST_SPOT_" : "PAST_SPOT_",
    "MNTN_ID" : "MNTN_ID"
  },
  "geometryType" : "esriGeometryPoint",
  "spatialReference" : {
    "wkt" : "PROJCS[\"PCS_ITRF2000_TM\",GEOGCS[\"GCS_ITRF_2000\",DATUM[\"D_ITRF_2000\",SPHEROID[\"GRS_1980\",6378137.0,298.257222101]],PRIMEM[\"Greenwich\",0.0],UNIT[\"Degree\",0.0174532925199433]],PROJECTION[\"Transverse_Mercator\"],PARAMETER[\"False_Easting\",200000.0],PARAMETER[\"False_Northing\",600000.0],PARAMETER[\"Central_Meridian\",127.0],PARAMETER[\"Scale_Factor\",1.0],PARAMETER[\"Latitude_Of_Origin\",38.0],UNIT[\"Meter\",1.0]]"
  },
  "fields" : [
    {
      "name" : "FID",
      "type" : "esriFieldTypeOID",
      "alias" : "FID"
    },
    {
      "name" : "PMNTN_SPOT",
      "type" : "esriFieldTypeDouble",
      "alias" : "PMNTN_SPOT"
    },
    {
      "name" : "MNTN_CODE",
      "type" : "esriFieldTypeString",
      "alias" : "MNTN_CODE",
      "length" : 9
    },
    {
      "name" : "MANAGE_SP1",
      "type" : "esriFieldTypeString",
      "alias" : "MANAGE_SP1",
      "length" : 2
    },
    {
      "name" : "MANAGE_SP2",
      "type" : "esriFieldTypeString",
      "alias" : "MANAGE_SP2",
      "length" : 50
    },
    {
      "name" : "DETAIL_SPO",
      "type" : "esriFieldTypeString",
      "alias" : "DETAIL_SPO",
      "length" : 200
    },
    {
      "name" : "ETC_MATTER",
      "type" : "esriFieldTypeString",
      "alias" : "ETC_MATTER",
      "length" : 200
    },
    {
      "name" : "MNTN_NM",
      "type" : "esriFieldTypeString",
      "alias" : "MNTN_NM",
      "length" : 50
    },
    {
      "name" : "PAST_SPOT_",
      "type" : "esriFieldTypeString",
      "alias" : "PAST_SPOT_",
      "length" : 14
    },
    {
      "name" : "MNTN_ID",
      "type" : "esriFieldTypeString",
      "alias" : "MNTN_ID",
      "length" : 10
    }
  ],
  "features" : [
    {
      "attributes" : {
        "FID" : 0,
        "PMNTN_SPOT" : 77851,
        "MNTN_CODE" : "481502401",
        "MANAGE_SP1" : "99",
        "MANAGE_SP2" : "기타",
        "DETAIL_SPO" : "노면",
        "ETC_MATTER" : " ",
        "MNTN_NM" : "적석산",
        "PAST_SPOT_" : "28065926000001",
        "MNTN_ID" : "2806592600"
      },
      "geometry" : {
        "x" : 324080.83469999954,
        "y" : 280105.43430000171
      }
    },
    {
      "attributes" : {
        "FID" : 1,
        "PMNTN_SPOT" : 77852,
        "MNTN_CODE" : "481502401",
        "MANAGE_SP1" : "99",
        "MANAGE_SP2" : "기타",
        "DETAIL_SPO" : "노면",
        "ETC_MATTER" : " ",
        "MNTN_NM" : "적석산",
        "PAST_SPOT_" : "28065926000002",
        "MNTN_ID" : "2806592600"
      },
      "geometry" : {
        "x" : 324161.04910000321,
        "y" : 280079.29630000144
      }
    },
    {
      "attributes" : {
        "FID" : 2,
        "PMNTN_SPOT" : 77853,
        "MNTN_CODE" : "481502401",
        "MANAGE_SP1" : "99",
        "MANAGE_SP2" : "기타",
        "DETAIL_SPO" : "노면",
        "ETC_MATTER" : " ",
        "MNTN_NM" : "적석산",
        "PAST_SPOT_" : "28065926000003",
        "MNTN_ID" : "2806592600"
      },
      "geometry" : {
        "x" : 324207.15520000365,
        "y" : 280050.00740000047
      }
    },
    {
      "attributes" : {
        "FID" : 3,
        "PMNTN_SPOT" : 77854,
        "MNTN_CODE" : "481502401",
        "MANAGE_SP1" : "99",
        "MANAGE_SP2" : "기타",
        "DETAIL_SPO" : "노면",
        "ETC_MATTER" : " ",
        "MNTN_NM" : "적석산",
        "PAST_SPOT_" : "28065926000004",
        "MNTN_ID" : "2806592600"
      },
      "geometry" : {
        "x" : 324336.99610000663,
        "y" : 280008.67980000004
      }
    },
    {
      "attributes" : {
        "FID" : 4,
        "PMNTN_SPOT" : 77855,
        "MNTN_CODE" : "481502401",
        "MANAGE_SP1" : "99",
        "MANAGE_SP2" : "기타",
        "DETAIL_SPO" : "노면",
        "ETC_MATTER" : " ",
        "MNTN_NM" : "적석산",
        "PAST_SPOT_" : "28065926000005",
        "MNTN_ID" : "2806592600"
      },
      "geometry" : {
        "x" : 324439.2825000044,
        "y" : 279971.78200000711
      }
    },
    {
      "attributes" : {
        "FID" : 5,
        "PMNTN_SPOT" : 77856,
        "MNTN_CODE" : "481502401",
        "MANAGE_SP1" : "99",
        "MANAGE_SP2" : "기타",
        "DETAIL_SPO" : "노면",
        "ETC_MATTER" : " ",
        "MNTN_NM" : "적석산",
        "PAST_SPOT_" : "28065926000006",
        "MNTN_ID" : "2806592600"
      },
      "geometry" : {
        "x" : 324528.25640000496,
        "y" : 279980.74640000053
      }
    },
    {
      "attributes" : {
        "FID" : 6,
        "PMNTN_SPOT" : 77857,
        "MNTN_CODE" : "481502401",
        "MANAGE_SP1" : "14",
        "MANAGE_SP2" : "조망점",
        "DETAIL_SPO" : "조망",
        "ETC_MATTER" : " ",
        "MNTN_NM" : "적석산",
        "PAST_SPOT_" : "28065926000007",
        "MNTN_ID" : "2806592600"
      },
      "geometry" : {
        "x" : 324544.1584000038,
        "y" : 280028.17300000042
      }
    },
    {
      "attributes" : {
        "FID" : 7,
        "PMNTN_SPOT" : 77858,
        "MNTN_CODE" : "481502401",
        "MANAGE_SP1" : "10",
        "MANAGE_SP2" : "이정표",
        "DETAIL_SPO" : "이정표",
        "ETC_MATTER" : " ",
        "MNTN_NM" : "적석산",
        "PAST_SPOT_" : "28065926000008",
        "MNTN_ID" : "2806592600"
      },
      "geometry" : {
        "x" : 324624.35290000495,
        "y" : 280020.28310000338
      }
    },
    {
      "attributes" : {
        "FID" : 8,
        "PMNTN_SPOT" : 77859,
        "MNTN_CODE" : "481502401",
        "MANAGE_SP1" : "14",
        "MANAGE_SP2" : "조망점",
        "DETAIL_SPO" : "조망",
        "ETC_MATTER" : " ",
        "MNTN_NM" : "적석산",
        "PAST_SPOT_" : "28065926000009",
        "MNTN_ID" : "2806592600"
      },
      "geometry" : {
        "x" : 324729.60720000695,
        "y" : 280046.98460000008
      }
    },
    {
      "attributes" : {
        "FID" : 9,
        "PMNTN_SPOT" : 77860,
        "MNTN_CODE" : "481502401",
        "MANAGE_SP1" : "99",
        "MANAGE_SP2" : "기타",
        "DETAIL_SPO" : "노면",
        "ETC_MATTER" : " ",
        "MNTN_NM" : "적석산",
        "PAST_SPOT_" : "28065926000010",
        "MNTN_ID" : "2806592600"
      },
      "geometry" : {
        "x" : 323924.4251000043,
        "y" : 279341.10510000028
      }
    },
    {
      "attributes" : {
        "FID" : 10,
        "PMNTN_SPOT" : 77861,
        "MNTN_CODE" : "481502401",
        "MANAGE_SP1" : "14",
        "MANAGE_SP2" : "조망점",
        "DETAIL_SPO" : "조망,철제다리",
        "ETC_MATTER" : " ",
        "MNTN_NM" : "적석산",
        "PAST_SPOT_" : "28065926000011",
        "MNTN_ID" : "2806592600"
      },
      "geometry" : {
        "x" : 324812.49530000426,
        "y" : 280060.76229999959
      }
    },
    {
      "attributes" : {
        "FID" : 11,
        "PMNTN_SPOT" : 77862,
        "MNTN_CODE" : "481502401",
        "MANAGE_SP1" : "99",
        "MANAGE_SP2" : "기타",
        "DETAIL_SPO" : "노면,소사자생,사람주",
        "ETC_MATTER" : " ",
        "MNTN_NM" : "적석산",
        "PAST_SPOT_" : "28065926000012",
        "MNTN_ID" : "2806592600"
      },
      "geometry" : {
        "x" : 324838.06280000508,
        "y" : 280094.19510000199
      }
    },
    {
      "attributes" : {
        "FID" : 12,
        "PMNTN_SPOT" : 77863,
        "MNTN_CODE" : "481502401",
        "MANAGE_SP1" : "14",
        "MANAGE_SP2" : "조망점",
        "DETAIL_SPO" : "조망",
        "ETC_MATTER" : " ",
        "MNTN_NM" : "적석산",
        "PAST_SPOT_" : "28065926000013",
        "MNTN_ID" : "2806592600"
      },
      "geometry" : {
        "x" : 324987.48290000763,
        "y" : 280102.15220000222
      }
    },
    {
      "attributes" : {
        "FID" : 13,
        "PMNTN_SPOT" : 77864,
        "MNTN_CODE" : "481502401",
        "MANAGE_SP1" : "99",
        "MANAGE_SP2" : "기타",
        "DETAIL_SPO" : "암반",
        "ETC_MATTER" : " ",
        "MNTN_NM" : "적석산",
        "PAST_SPOT_" : "28065926000014",
        "MNTN_ID" : "2806592600"
      },
      "geometry" : {
        "x" : 325064.8803000059,
        "y" : 280102.02930000238
      }
    },
    {
      "attributes" : {
        "FID" : 14,
        "PMNTN_SPOT" : 77865,
        "MNTN_CODE" : "481502401",
        "MANAGE_SP1" : "99",
        "MANAGE_SP2" : "기타",
        "DETAIL_SPO" : "노면",
        "ETC_MATTER" : " ",
        "MNTN_NM" : "적석산",
        "PAST_SPOT_" : "28065926000015",
        "MNTN_ID" : "2806592600"
      },
      "geometry" : {
        "x" : 325182.40980000142,
        "y" : 280129.20460000075
      }
    },
    {
      "attributes" : {
        "FID" : 15,
        "PMNTN_SPOT" : 77866,
        "MNTN_CODE" : "481502401",
        "MANAGE_SP1" : "14",
        "MANAGE_SP2" : "조망점",
        "DETAIL_SPO" : "조망,노면",
        "ETC_MATTER" : " ",
        "MNTN_NM" : "적석산",
        "PAST_SPOT_" : "28065926000016",
        "MNTN_ID" : "2806592600"
      },
      "geometry" : {
        "x" : 325353.09900000598,
        "y" : 280043.66440000199
      }
    },
    {
      "attributes" : {
        "FID" : 16,
        "PMNTN_SPOT" : 77867,
        "MNTN_CODE" : "481502401",
        "MANAGE_SP1" : "14",
        "MANAGE_SP2" : "조망점",
        "DETAIL_SPO" : "조망",
        "ETC_MATTER" : " ",
        "MNTN_NM" : "적석산",
        "PAST_SPOT_" : "28065926000017",
        "MNTN_ID" : "2806592600"
      },
      "geometry" : {
        "x" : 325455.10260000452,
        "y" : 279973.39250000194
      }
    },
    {
      "attributes" : {
        "FID" : 17,
        "PMNTN_SPOT" : 77868,
        "MNTN_CODE" : "481502401",
        "MANAGE_SP1" : "99",
        "MANAGE_SP2" : "기타",
        "DETAIL_SPO" : "노면",
        "ETC_MATTER" : " ",
        "MNTN_NM" : "적석산",
        "PAST_SPOT_" : "28065926000018",
        "MNTN_ID" : "2806592600"
      },
      "geometry" : {
        "x" : 323998.55740000494,
        "y" : 279504.59359999746
      }
    },
    {
      "attributes" : {
        "FID" : 18,
        "PMNTN_SPOT" : 77869,
        "MNTN_CODE" : "481502401",
        "MANAGE_SP1" : "99",
        "MANAGE_SP2" : "기타",
        "DETAIL_SPO" : "노면",
        "ETC_MATTER" : " ",
        "MNTN_NM" : "적석산",
        "PAST_SPOT_" : "28065926000019",
        "MNTN_ID" : "2806592600"
      },
      "geometry" : {
        "x" : 325482.74690000527,
        "y" : 279729.36190000176
      }
    },
    {
      "attributes" : {
        "FID" : 19,
        "PMNTN_SPOT" : 77870,
        "MNTN_CODE" : "481502401",
        "MANAGE_SP1" : "99",
        "MANAGE_SP2" : "기타",
        "DETAIL_SPO" : "노면",
        "ETC_MATTER" : " ",
        "MNTN_NM" : "적석산",
        "PAST_SPOT_" : "28065926000020",
        "MNTN_ID" : "2806592600"
      },
      "geometry" : {
        "x" : 325446.85170000419,
        "y" : 279687.72800000198
      }
    },
    {
      "attributes" : {
        "FID" : 20,
        "PMNTN_SPOT" : 77871,
        "MNTN_CODE" : "481502401",
        "MANAGE_SP1" : "99",
        "MANAGE_SP2" : "기타",
        "DETAIL_SPO" : "노면",
        "ETC_MATTER" : " ",
        "MNTN_NM" : "적석산",
        "PAST_SPOT_" : "28065926000021",
        "MNTN_ID" : "2806592600"
      },
      "geometry" : {
        "x" : 325315.71930000465,
        "y" : 279504.408400001
      }
    },
    {
      "attributes" : {
        "FID" : 21,
        "PMNTN_SPOT" : 77872,
        "MNTN_CODE" : "481502401",
        "MANAGE_SP1" : "99",
        "MANAGE_SP2" : "기타",
        "DETAIL_SPO" : "노면",
        "ETC_MATTER" : " ",
        "MNTN_NM" : "적석산",
        "PAST_SPOT_" : "28065926000022",
        "MNTN_ID" : "2806592600"
      },
      "geometry" : {
        "x" : 325222.15170000494,
        "y" : 279324.08300000057
      }
    },
    {
      "attributes" : {
        "FID" : 22,
        "PMNTN_SPOT" : 77873,
        "MNTN_CODE" : "481502401",
        "MANAGE_SP1" : "99",
        "MANAGE_SP2" : "기타",
        "DETAIL_SPO" : "노면",
        "ETC_MATTER" : " ",
        "MNTN_NM" : "적석산",
        "PAST_SPOT_" : "28065926000023",
        "MNTN_ID" : "2806592600"
      },
      "geometry" : {
        "x" : 325250.46240000427,
        "y" : 279170.33960000239
      }
    },
    {
      "attributes" : {
        "FID" : 23,
        "PMNTN_SPOT" : 77874,
        "MNTN_CODE" : "481502401",
        "MANAGE_SP1" : "99",
        "MANAGE_SP2" : "기타",
        "DETAIL_SPO" : "노면",
        "ETC_MATTER" : " ",
        "MNTN_NM" : "적석산",
        "PAST_SPOT_" : "28065926000024",
        "MNTN_ID" : "2806592600"
      },
      "geometry" : {
        "x" : 325237.75060000364,
        "y" : 278973.52769999951
      }
    },
    {
      "attributes" : {
        "FID" : 24,
        "PMNTN_SPOT" : 77875,
        "MNTN_CODE" : "481502401",
        "MANAGE_SP1" : "99",
        "MANAGE_SP2" : "기타",
        "DETAIL_SPO" : "적석암",
        "ETC_MATTER" : " ",
        "MNTN_NM" : "적석산",
        "PAST_SPOT_" : "28065926000025",
        "MNTN_ID" : "2806592600"
      },
      "geometry" : {
        "x" : 324640.28470000438,
        "y" : 279506.07719999924
      }
    },
    {
      "attributes" : {
        "FID" : 25,
        "PMNTN_SPOT" : 77876,
        "MNTN_CODE" : "481502401",
        "MANAGE_SP1" : "99",
        "MANAGE_SP2" : "기타",
        "DETAIL_SPO" : "노면",
        "ETC_MATTER" : " ",
        "MNTN_NM" : "적석산",
        "PAST_SPOT_" : "28065926000026",
        "MNTN_ID" : "2806592600"
      },
      "geometry" : {
        "x" : 324748.30450000335,
        "y" : 279648.0418999996
      }
    },
    {
      "attributes" : {
        "FID" : 26,
        "PMNTN_SPOT" : 77877,
        "MNTN_CODE" : "481502401",
        "MANAGE_SP1" : "99",
        "MANAGE_SP2" : "기타",
        "DETAIL_SPO" : "노면",
        "ETC_MATTER" : " ",
        "MNTN_NM" : "적석산",
        "PAST_SPOT_" : "28065926000027",
        "MNTN_ID" : "2806592600"
      },
      "geometry" : {
        "x" : 323894.65840000566,
        "y" : 279794.10809999891
      }
    },
    {
      "attributes" : {
        "FID" : 27,
        "PMNTN_SPOT" : 77878,
        "MNTN_CODE" : "481502401",
        "MANAGE_SP1" : "99",
        "MANAGE_SP2" : "기타",
        "DETAIL_SPO" : "노면",
        "ETC_MATTER" : " ",
        "MNTN_NM" : "적석산",
        "PAST_SPOT_" : "28065926000028",
        "MNTN_ID" : "2806592600"
      },
      "geometry" : {
        "x" : 324905.54120000545,
        "y" : 279983.02610000037
      }
    },
    {
      "attributes" : {
        "FID" : 28,
        "PMNTN_SPOT" : 77879,
        "MNTN_CODE" : "481502401",
        "MANAGE_SP1" : "99",
        "MANAGE_SP2" : "기타",
        "DETAIL_SPO" : "노면",
        "ETC_MATTER" : " ",
        "MNTN_NM" : "적석산",
        "PAST_SPOT_" : "28065926000029",
        "MNTN_ID" : "2806592600"
      },
      "geometry" : {
        "x" : 324870.38810000569,
        "y" : 279248.47660000063
      }
    },
    {
      "attributes" : {
        "FID" : 29,
        "PMNTN_SPOT" : 77880,
        "MNTN_CODE" : "481502401",
        "MANAGE_SP1" : "99",
        "MANAGE_SP2" : "기타",
        "DETAIL_SPO" : "노면",
        "ETC_MATTER" : " ",
        "MNTN_NM" : "적석산",
        "PAST_SPOT_" : "28065926000030",
        "MNTN_ID" : "2806592600"
      },
      "geometry" : {
        "x" : 324839.46850000415,
        "y" : 279257.27410000004
      }
    },
    {
      "attributes" : {
        "FID" : 30,
        "PMNTN_SPOT" : 77881,
        "MNTN_CODE" : "481502401",
        "MANAGE_SP1" : "99",
        "MANAGE_SP2" : "기타",
        "DETAIL_SPO" : "노면",
        "ETC_MATTER" : " ",
        "MNTN_NM" : "적석산",
        "PAST_SPOT_" : "28065926000031",
        "MNTN_ID" : "2806592600"
      },
      "geometry" : {
        "x" : 324826.106200004,
        "y" : 279273.96989999898
      }
    },
    {
      "attributes" : {
        "FID" : 31,
        "PMNTN_SPOT" : 77882,
        "MNTN_CODE" : "481502401",
        "MANAGE_SP1" : "99",
        "MANAGE_SP2" : "기타",
        "DETAIL_SPO" : "노면",
        "ETC_MATTER" : " ",
        "MNTN_NM" : "적석산",
        "PAST_SPOT_" : "28065926000032",
        "MNTN_ID" : "2806592600"
      },
      "geometry" : {
        "x" : 324762.97480000462,
        "y" : 279349.21010000072
      }
    },
    {
      "attributes" : {
        "FID" : 32,
        "PMNTN_SPOT" : 77883,
        "MNTN_CODE" : "481502401",
        "MANAGE_SP1" : "99",
        "MANAGE_SP2" : "기타",
        "DETAIL_SPO" : "노면",
        "ETC_MATTER" : " ",
        "MNTN_NM" : "적석산",
        "PAST_SPOT_" : "28065926000033",
        "MNTN_ID" : "2806592600"
      },
      "geometry" : {
        "x" : 324724.68560000416,
        "y" : 279348.78460000083
      }
    },
    {
      "attributes" : {
        "FID" : 33,
        "PMNTN_SPOT" : 77884,
        "MNTN_CODE" : "481502401",
        "MANAGE_SP1" : "99",
        "MANAGE_SP2" : "기타",
        "DETAIL_SPO" : "노면",
        "ETC_MATTER" : " ",
        "MNTN_NM" : "적석산",
        "PAST_SPOT_" : "28065926000034",
        "MNTN_ID" : "2806592600"
      },
      "geometry" : {
        "x" : 324728.99820000585,
        "y" : 279399.3928999994
      }
    },
    {
      "attributes" : {
        "FID" : 34,
        "PMNTN_SPOT" : 77885,
        "MNTN_CODE" : "481502401",
        "MANAGE_SP1" : "99",
        "MANAGE_SP2" : "기타",
        "DETAIL_SPO" : "노면",
        "ETC_MATTER" : " ",
        "MNTN_NM" : "적석산",
        "PAST_SPOT_" : "28065926000035",
        "MNTN_ID" : "2806592600"
      },
      "geometry" : {
        "x" : 324758.02080000564,
        "y" : 279433.09460000135
      }
    },
    {
      "attributes" : {
        "FID" : 35,
        "PMNTN_SPOT" : 77886,
        "MNTN_CODE" : "481502401",
        "MANAGE_SP1" : "99",
        "MANAGE_SP2" : "기타",
        "DETAIL_SPO" : "노면",
        "ETC_MATTER" : " ",
        "MNTN_NM" : "적석산",
        "PAST_SPOT_" : "28065926000036",
        "MNTN_ID" : "2806592600"
      },
      "geometry" : {
        "x" : 323817.53180000279,
        "y" : 279965.70040000044
      }
    },
    {
      "attributes" : {
        "FID" : 36,
        "PMNTN_SPOT" : 77887,
        "MNTN_CODE" : "481502401",
        "MANAGE_SP1" : "99",
        "MANAGE_SP2" : "기타",
        "DETAIL_SPO" : "노면",
        "ETC_MATTER" : " ",
        "MNTN_NM" : "적석산",
        "PAST_SPOT_" : "28065926000037",
        "MNTN_ID" : "2806592600"
      },
      "geometry" : {
        "x" : 324834.48430000525,
        "y" : 279568.47940000147
      }
    },
    {
      "attributes" : {
        "FID" : 37,
        "PMNTN_SPOT" : 77888,
        "MNTN_CODE" : "481502401",
        "MANAGE_SP1" : "99",
        "MANAGE_SP2" : "기타",
        "DETAIL_SPO" : "노면,소나무고사지",
        "ETC_MATTER" : " ",
        "MNTN_NM" : "적석산",
        "PAST_SPOT_" : "28065926000038",
        "MNTN_ID" : "2806592600"
      },
      "geometry" : {
        "x" : 323824.53060000576,
        "y" : 280003.54930000193
      }
    },
    {
      "attributes" : {
        "FID" : 38,
        "PMNTN_SPOT" : 77889,
        "MNTN_CODE" : "481502401",
        "MANAGE_SP1" : "10",
        "MANAGE_SP2" : "이정표",
        "DETAIL_SPO" : "이정표",
        "ETC_MATTER" : " ",
        "MNTN_NM" : "적석산",
        "PAST_SPOT_" : "28065926000039",
        "MNTN_ID" : "2806592600"
      },
      "geometry" : {
        "x" : 323819.75950000435,
        "y" : 280039.82850000262
      }
    },
    {
      "attributes" : {
        "FID" : 39,
        "PMNTN_SPOT" : 77890,
        "MNTN_CODE" : "481502401",
        "MANAGE_SP1" : "12",
        "MANAGE_SP2" : "위험지역",
        "DETAIL_SPO" : "위험지,철제계단,암벽",
        "ETC_MATTER" : " ",
        "MNTN_NM" : "적석산",
        "PAST_SPOT_" : "28065926000040",
        "MNTN_ID" : "2806592600"
      },
      "geometry" : {
        "x" : 324659.09450000525,
        "y" : 280022.51280000247
      }
    },
    {
      "attributes" : {
        "FID" : 40,
        "PMNTN_SPOT" : 77891,
        "MNTN_CODE" : "481502401",
        "MANAGE_SP1" : "99",
        "MANAGE_SP2" : "기타",
        "DETAIL_SPO" : "도솔암 길",
        "ETC_MATTER" : " ",
        "MNTN_NM" : "적석산",
        "PAST_SPOT_" : "28065926000041",
        "MNTN_ID" : "2806592600"
      },
      "geometry" : {
        "x" : 324972.71890000533,
        "y" : 280882.7265000008
      }
    },
    {
      "attributes" : {
        "FID" : 41,
        "PMNTN_SPOT" : 77892,
        "MNTN_CODE" : "481502401",
        "MANAGE_SP1" : "10",
        "MANAGE_SP2" : "이정표",
        "DETAIL_SPO" : "이정표",
        "ETC_MATTER" : " ",
        "MNTN_NM" : "적석산",
        "PAST_SPOT_" : "28065926000042",
        "MNTN_ID" : "2806592600"
      },
      "geometry" : {
        "x" : 324958.87160000391,
        "y" : 280670.89520000108
      }
    },
    {
      "attributes" : {
        "FID" : 42,
        "PMNTN_SPOT" : 77893,
        "MNTN_CODE" : "481502401",
        "MANAGE_SP1" : "99",
        "MANAGE_SP2" : "기타",
        "DETAIL_SPO" : "암반길",
        "ETC_MATTER" : " ",
        "MNTN_NM" : "적석산",
        "PAST_SPOT_" : "28065926000043",
        "MNTN_ID" : "2806592600"
      },
      "geometry" : {
        "x" : 324954.2553000031,
        "y" : 280250.52420000359
      }
    },
    {
      "attributes" : {
        "FID" : 43,
        "PMNTN_SPOT" : 77894,
        "MNTN_CODE" : "481502401",
        "MANAGE_SP1" : "99",
        "MANAGE_SP2" : "기타",
        "DETAIL_SPO" : "암반길",
        "ETC_MATTER" : " ",
        "MNTN_NM" : "적석산",
        "PAST_SPOT_" : "28065926000044",
        "MNTN_ID" : "2806592600"
      },
      "geometry" : {
        "x" : 324967.94980000425,
        "y" : 280222.84659999982
      }
    },
    {
      "attributes" : {
        "FID" : 44,
        "PMNTN_SPOT" : 77895,
        "MNTN_CODE" : "481502401",
        "MANAGE_SP1" : "99",
        "MANAGE_SP2" : "기타",
        "DETAIL_SPO" : "암반길",
        "ETC_MATTER" : " ",
        "MNTN_NM" : "적석산",
        "PAST_SPOT_" : "28065926000045",
        "MNTN_ID" : "2806592600"
      },
      "geometry" : {
        "x" : 324968.6173000047,
        "y" : 280213.42290000059
      }
    },
    {
      "attributes" : {
        "FID" : 45,
        "PMNTN_SPOT" : 77896,
        "MNTN_CODE" : "481502401",
        "MANAGE_SP1" : "99",
        "MANAGE_SP2" : "기타",
        "DETAIL_SPO" : "암반",
        "ETC_MATTER" : " ",
        "MNTN_NM" : "적석산",
        "PAST_SPOT_" : "28065926000046",
        "MNTN_ID" : "2806592600"
      },
      "geometry" : {
        "x" : 324978.13090000395,
        "y" : 280137.64660000056
      }
    },
    {
      "attributes" : {
        "FID" : 46,
        "PMNTN_SPOT" : 77897,
        "MNTN_CODE" : "481502401",
        "MANAGE_SP1" : "99",
        "MANAGE_SP2" : "기타",
        "DETAIL_SPO" : "목계단",
        "ETC_MATTER" : " ",
        "MNTN_NM" : "적석산",
        "PAST_SPOT_" : "28065926000047",
        "MNTN_ID" : "2806592600"
      },
      "geometry" : {
        "x" : 324948.61570000555,
        "y" : 280101.54020000063
      }
    },
    {
      "attributes" : {
        "FID" : 47,
        "PMNTN_SPOT" : 77898,
        "MNTN_CODE" : "481502401",
        "MANAGE_SP1" : "10",
        "MANAGE_SP2" : "이정표",
        "DETAIL_SPO" : "이정표",
        "ETC_MATTER" : " ",
        "MNTN_NM" : "적석산",
        "PAST_SPOT_" : "28065926000048",
        "MNTN_ID" : "2806592600"
      },
      "geometry" : {
        "x" : 324941.2414000053,
        "y" : 280094.66930000298
      }
    },
    {
      "attributes" : {
        "FID" : 48,
        "PMNTN_SPOT" : 77899,
        "MNTN_CODE" : "481502401",
        "MANAGE_SP1" : "99",
        "MANAGE_SP2" : "기타",
        "DETAIL_SPO" : "철계단(끝)",
        "ETC_MATTER" : " ",
        "MNTN_NM" : "적석산",
        "PAST_SPOT_" : "28065926000049",
        "MNTN_ID" : "2806592600"
      },
      "geometry" : {
        "x" : 324929.08580000419,
        "y" : 280094.63540000096
      }
    },
    {
      "attributes" : {
        "FID" : 49,
        "PMNTN_SPOT" : 77900,
        "MNTN_CODE" : "481502401",
        "MANAGE_SP1" : "99",
        "MANAGE_SP2" : "기타",
        "DETAIL_SPO" : "암반길",
        "ETC_MATTER" : " ",
        "MNTN_NM" : "적석산",
        "PAST_SPOT_" : "28065926000050",
        "MNTN_ID" : "2806592600"
      },
      "geometry" : {
        "x" : 324919.95060000382,
        "y" : 280101.1018000003
      }
    },
    {
      "attributes" : {
        "FID" : 50,
        "PMNTN_SPOT" : 77901,
        "MNTN_CODE" : "481502401",
        "MANAGE_SP1" : "99",
        "MANAGE_SP2" : "기타",
        "DETAIL_SPO" : "수로",
        "ETC_MATTER" : " ",
        "MNTN_NM" : "적석산",
        "PAST_SPOT_" : "28065926000051",
        "MNTN_ID" : "2806592600"
      },
      "geometry" : {
        "x" : 324640.86200000346,
        "y" : 280728.28600000031
      }
    },
    {
      "attributes" : {
        "FID" : 51,
        "PMNTN_SPOT" : 77902,
        "MNTN_CODE" : "481502401",
        "MANAGE_SP1" : "10",
        "MANAGE_SP2" : "이정표",
        "DETAIL_SPO" : "이정표",
        "ETC_MATTER" : " ",
        "MNTN_NM" : "적석산",
        "PAST_SPOT_" : "28065926000052",
        "MNTN_ID" : "2806592600"
      },
      "geometry" : {
        "x" : 324110.41120000556,
        "y" : 280100.55560000427
      }
    },
    {
      "attributes" : {
        "FID" : 52,
        "PMNTN_SPOT" : 77903,
        "MNTN_CODE" : "481502401",
        "MANAGE_SP1" : "10",
        "MANAGE_SP2" : "이정표",
        "DETAIL_SPO" : "이정표",
        "ETC_MATTER" : " ",
        "MNTN_NM" : "적석산",
        "PAST_SPOT_" : "28065926000053",
        "MNTN_ID" : "2806592600"
      },
      "geometry" : {
        "x" : 324622.8748000022,
        "y" : 280026.32200000249
      }
    },
    {
      "attributes" : {
        "FID" : 53,
        "PMNTN_SPOT" : 77904,
        "MNTN_CODE" : "481502401",
        "MANAGE_SP1" : "99",
        "MANAGE_SP2" : "기타",
        "DETAIL_SPO" : "암반길",
        "ETC_MATTER" : " ",
        "MNTN_NM" : "적석산",
        "PAST_SPOT_" : "28065926000054",
        "MNTN_ID" : "2806592600"
      },
      "geometry" : {
        "x" : 324658.89690000564,
        "y" : 280022.28819999844
      }
    },
    {
      "attributes" : {
        "FID" : 54,
        "PMNTN_SPOT" : 77905,
        "MNTN_CODE" : "481502401",
        "MANAGE_SP1" : "99",
        "MANAGE_SP2" : "기타",
        "DETAIL_SPO" : "암반길",
        "ETC_MATTER" : "로우프설치",
        "MNTN_NM" : "적석산",
        "PAST_SPOT_" : "28065926000055",
        "MNTN_ID" : "2806592600"
      },
      "geometry" : {
        "x" : 324671.29770000372,
        "y" : 280031.7135000024
      }
    },
    {
      "attributes" : {
        "FID" : 55,
        "PMNTN_SPOT" : 77906,
        "MNTN_CODE" : "481502401",
        "MANAGE_SP1" : "99",
        "MANAGE_SP2" : "기타",
        "DETAIL_SPO" : "가드레인",
        "ETC_MATTER" : " ",
        "MNTN_NM" : "적석산",
        "PAST_SPOT_" : "28065926000056",
        "MNTN_ID" : "2806592600"
      },
      "geometry" : {
        "x" : 324689.06430000532,
        "y" : 280040.20270000026
      }
    },
    {
      "attributes" : {
        "FID" : 56,
        "PMNTN_SPOT" : 77907,
        "MNTN_CODE" : "481502401",
        "MANAGE_SP1" : "99",
        "MANAGE_SP2" : "기타",
        "DETAIL_SPO" : "목계단",
        "ETC_MATTER" : " ",
        "MNTN_NM" : "적석산",
        "PAST_SPOT_" : "28065926000057",
        "MNTN_ID" : "2806592600"
      },
      "geometry" : {
        "x" : 324728.934600004,
        "y" : 280051.46980000101
      }
    },
    {
      "attributes" : {
        "FID" : 57,
        "PMNTN_SPOT" : 77908,
        "MNTN_CODE" : "481502401",
        "MANAGE_SP1" : "99",
        "MANAGE_SP2" : "기타",
        "DETAIL_SPO" : "구름다리",
        "ETC_MATTER" : " ",
        "MNTN_NM" : "적석산",
        "PAST_SPOT_" : "28065926000058",
        "MNTN_ID" : "2806592600"
      },
      "geometry" : {
        "x" : 324740.5883000046,
        "y" : 280052.19569999911
      }
    },
    {
      "attributes" : {
        "FID" : 58,
        "PMNTN_SPOT" : 77909,
        "MNTN_CODE" : "481502401",
        "MANAGE_SP1" : "99",
        "MANAGE_SP2" : "기타",
        "DETAIL_SPO" : "암석",
        "ETC_MATTER" : " ",
        "MNTN_NM" : "적석산",
        "PAST_SPOT_" : "28065926000059",
        "MNTN_ID" : "2806592600"
      },
      "geometry" : {
        "x" : 325640.13820000552,
        "y" : 280482.61790000089
      }
    },
    {
      "attributes" : {
        "FID" : 59,
        "PMNTN_SPOT" : 77910,
        "MNTN_CODE" : "481502401",
        "MANAGE_SP1" : "14",
        "MANAGE_SP2" : "조망점",
        "DETAIL_SPO" : "조망점",
        "ETC_MATTER" : " ",
        "MNTN_NM" : "적석산",
        "PAST_SPOT_" : "28065926000060",
        "MNTN_ID" : "2806592600"
      },
      "geometry" : {
        "x" : 325185.63710000366,
        "y" : 280130.59190000221
      }
    },
    {
      "attributes" : {
        "FID" : 60,
        "PMNTN_SPOT" : 77911,
        "MNTN_CODE" : "481502401",
        "MANAGE_SP1" : "99",
        "MANAGE_SP2" : "기타",
        "DETAIL_SPO" : "암반",
        "ETC_MATTER" : " ",
        "MNTN_NM" : "적석산",
        "PAST_SPOT_" : "28065926000061",
        "MNTN_ID" : "2806592600"
      },
      "geometry" : {
        "x" : 324997.48140000645,
        "y" : 280086.63110000268
      }
    },
    {
      "attributes" : {
        "FID" : 61,
        "PMNTN_SPOT" : 77912,
        "MNTN_CODE" : "481502401",
        "MANAGE_SP1" : "14",
        "MANAGE_SP2" : "조망점",
        "DETAIL_SPO" : "조망점",
        "ETC_MATTER" : " ",
        "MNTN_NM" : "적석산",
        "PAST_SPOT_" : "28065926000062",
        "MNTN_ID" : "2806592600"
      },
      "geometry" : {
        "x" : 324976.8794000037,
        "y" : 280103.98180000111
      }
    },
    {
      "attributes" : {
        "FID" : 62,
        "PMNTN_SPOT" : 77913,
        "MNTN_CODE" : "481502401",
        "MANAGE_SP1" : "99",
        "MANAGE_SP2" : "기타",
        "DETAIL_SPO" : "노선내 접점",
        "ETC_MATTER" : " ",
        "MNTN_NM" : "적석산",
        "PAST_SPOT_" : "28065926000063",
        "MNTN_ID" : "2806592600"
      },
      "geometry" : {
        "x" : 325104.63110000268,
        "y" : 280113.97340000421
      }
    },
    {
      "attributes" : {
        "FID" : 63,
        "PMNTN_SPOT" : 77914,
        "MNTN_CODE" : "481502401",
        "MANAGE_SP1" : "99",
        "MANAGE_SP2" : "기타",
        "DETAIL_SPO" : "산불초소",
        "ETC_MATTER" : " ",
        "MNTN_NM" : "적석산",
        "PAST_SPOT_" : "28065926000064",
        "MNTN_ID" : "2806592600"
      },
      "geometry" : {
        "x" : 325884.71010000352,
        "y" : 280711.00519999862
      }
    },
    {
      "attributes" : {
        "FID" : 64,
        "PMNTN_SPOT" : 77915,
        "MNTN_CODE" : "481502401",
        "MANAGE_SP1" : "14",
        "MANAGE_SP2" : "조망점",
        "DETAIL_SPO" : "조망점",
        "ETC_MATTER" : " ",
        "MNTN_NM" : "적석산",
        "PAST_SPOT_" : "28065926000065",
        "MNTN_ID" : "2806592600"
      },
      "geometry" : {
        "x" : 325954.23460000567,
        "y" : 280427.83730000257
      }
    },
    {
      "attributes" : {
        "FID" : 65,
        "PMNTN_SPOT" : 77916,
        "MNTN_CODE" : "481502401",
        "MANAGE_SP1" : "99",
        "MANAGE_SP2" : "기타",
        "DETAIL_SPO" : "암반",
        "ETC_MATTER" : " ",
        "MNTN_NM" : "적석산",
        "PAST_SPOT_" : "28065926000066",
        "MNTN_ID" : "2806592600"
      },
      "geometry" : {
        "x" : 324465.79540000577,
        "y" : 281696.00879999995
      }
    },
    {
      "attributes" : {
        "FID" : 66,
        "PMNTN_SPOT" : 77917,
        "MNTN_CODE" : "481502401",
        "MANAGE_SP1" : "99",
        "MANAGE_SP2" : "기타",
        "DETAIL_SPO" : "암반",
        "ETC_MATTER" : " ",
        "MNTN_NM" : "적석산",
        "PAST_SPOT_" : "28065926000067",
        "MNTN_ID" : "2806592600"
      },
      "geometry" : {
        "x" : 324411.78350000456,
        "y" : 281606.68869999982
      }
    },
    {
      "attributes" : {
        "FID" : 67,
        "PMNTN_SPOT" : 77918,
        "MNTN_CODE" : "481502401",
        "MANAGE_SP1" : "99",
        "MANAGE_SP2" : "기타",
        "DETAIL_SPO" : "암반",
        "ETC_MATTER" : " ",
        "MNTN_NM" : "적석산",
        "PAST_SPOT_" : "28065926000068",
        "MNTN_ID" : "2806592600"
      },
      "geometry" : {
        "x" : 324360.33910000231,
        "y" : 281531.55340000056
      }
    },
    {
      "attributes" : {
        "FID" : 68,
        "PMNTN_SPOT" : 77919,
        "MNTN_CODE" : "481502401",
        "MANAGE_SP1" : "99",
        "MANAGE_SP2" : "기타",
        "DETAIL_SPO" : "암반",
        "ETC_MATTER" : " ",
        "MNTN_NM" : "적석산",
        "PAST_SPOT_" : "28065926000069",
        "MNTN_ID" : "2806592600"
      },
      "geometry" : {
        "x" : 324287.29470000323,
        "y" : 281426.33720000088
      }
    },
    {
      "attributes" : {
        "FID" : 69,
        "PMNTN_SPOT" : 77920,
        "MNTN_CODE" : "481502401",
        "MANAGE_SP1" : "99",
        "MANAGE_SP2" : "기타",
        "DETAIL_SPO" : "암반",
        "ETC_MATTER" : " ",
        "MNTN_NM" : "적석산",
        "PAST_SPOT_" : "28065926000070",
        "MNTN_ID" : "2806592600"
      },
      "geometry" : {
        "x" : 324233.26230000332,
        "y" : 281376.9469000008
      }
    },
    {
      "attributes" : {
        "FID" : 70,
        "PMNTN_SPOT" : 77921,
        "MNTN_CODE" : "481502401",
        "MANAGE_SP1" : "99",
        "MANAGE_SP2" : "기타",
        "DETAIL_SPO" : "암반",
        "ETC_MATTER" : " ",
        "MNTN_NM" : "적석산",
        "PAST_SPOT_" : "28065926000071",
        "MNTN_ID" : "2806592600"
      },
      "geometry" : {
        "x" : 323967.85540000442,
        "y" : 281352.25889999978
      }
    },
    {
      "attributes" : {
        "FID" : 71,
        "PMNTN_SPOT" : 77922,
        "MNTN_CODE" : "481502401",
        "MANAGE_SP1" : "14",
        "MANAGE_SP2" : "조망점",
        "DETAIL_SPO" : "조망점",
        "ETC_MATTER" : " ",
        "MNTN_NM" : "적석산",
        "PAST_SPOT_" : "28065926000072",
        "MNTN_ID" : "2806592600"
      },
      "geometry" : {
        "x" : 323049.04830000363,
        "y" : 282539.47100000083
      }
    },
    {
      "attributes" : {
        "FID" : 72,
        "PMNTN_SPOT" : 77923,
        "MNTN_CODE" : "481502401",
        "MANAGE_SP1" : "14",
        "MANAGE_SP2" : "조망점",
        "DETAIL_SPO" : "조망점",
        "ETC_MATTER" : " ",
        "MNTN_NM" : "적석산",
        "PAST_SPOT_" : "28065926000073",
        "MNTN_ID" : "2806592600"
      },
      "geometry" : {
        "x" : 322865.93540000543,
        "y" : 282007.18899999931
      }
    },
    {
      "attributes" : {
        "FID" : 73,
        "PMNTN_SPOT" : 77924,
        "MNTN_CODE" : "481502401",
        "MANAGE_SP1" : "14",
        "MANAGE_SP2" : "조망점",
        "DETAIL_SPO" : "조망점",
        "ETC_MATTER" : " ",
        "MNTN_NM" : "적석산",
        "PAST_SPOT_" : "28065926000074",
        "MNTN_ID" : "2806592600"
      },
      "geometry" : {
        "x" : 322962.97370000277,
        "y" : 281859.45209999941
      }
    },
    {
      "attributes" : {
        "FID" : 74,
        "PMNTN_SPOT" : 77925,
        "MNTN_CODE" : "481502401",
        "MANAGE_SP1" : "99",
        "MANAGE_SP2" : "기타",
        "DETAIL_SPO" : "암반",
        "ETC_MATTER" : " ",
        "MNTN_NM" : "적석산",
        "PAST_SPOT_" : "28065926000075",
        "MNTN_ID" : "2806592600"
      },
      "geometry" : {
        "x" : 323244.85510000214,
        "y" : 281375.69390000217
      }
    },
    {
      "attributes" : {
        "FID" : 75,
        "PMNTN_SPOT" : 77926,
        "MNTN_CODE" : "481502401",
        "MANAGE_SP1" : "14",
        "MANAGE_SP2" : "조망점",
        "DETAIL_SPO" : "조망점",
        "ETC_MATTER" : " ",
        "MNTN_NM" : "적석산",
        "PAST_SPOT_" : "28065926000076",
        "MNTN_ID" : "2806592600"
      },
      "geometry" : {
        "x" : 323297.92910000589,
        "y" : 281225.28879999928
      }
    },
    {
      "attributes" : {
        "FID" : 76,
        "PMNTN_SPOT" : 77927,
        "MNTN_CODE" : "481502401",
        "MANAGE_SP1" : "99",
        "MANAGE_SP2" : "기타",
        "DETAIL_SPO" : "고성 방면",
        "ETC_MATTER" : " ",
        "MNTN_NM" : "적석산",
        "PAST_SPOT_" : "28065926000077",
        "MNTN_ID" : "2806592600"
      },
      "geometry" : {
        "x" : 322957.28750000335,
        "y" : 280266.79390000179
      }
    },
    {
      "attributes" : {
        "FID" : 77,
        "PMNTN_SPOT" : 77928,
        "MNTN_CODE" : "481502401",
        "MANAGE_SP1" : "02",
        "MANAGE_SP2" : "분기점",
        "DETAIL_SPO" : "분기점",
        "ETC_MATTER" : " ",
        "MNTN_NM" : "적석산",
        "PAST_SPOT_" : "28065926000078",
        "MNTN_ID" : "2806592600"
      },
      "geometry" : {
        "x" : 323186.39550000243,
        "y" : 280454.43510000221
      }
    },
    {
      "attributes" : {
        "FID" : 78,
        "PMNTN_SPOT" : 77929,
        "MNTN_CODE" : "481502401",
        "MANAGE_SP1" : "02",
        "MANAGE_SP2" : "분기점",
        "DETAIL_SPO" : "깃대봉",
        "ETC_MATTER" : " ",
        "MNTN_NM" : "적석산",
        "PAST_SPOT_" : "28065926000079",
        "MNTN_ID" : "2806592600"
      },
      "geometry" : {
        "x" : 323418.66920000408,
        "y" : 281084.43659999967
      }
    },
    {
      "attributes" : {
        "FID" : 79,
        "PMNTN_SPOT" : 77930,
        "MNTN_CODE" : "481502401",
        "MANAGE_SP1" : "01",
        "MANAGE_SP2" : "시종점",
        "DETAIL_SPO" : "시종점",
        "ETC_MATTER" : " ",
        "MNTN_NM" : "적석산",
        "PAST_SPOT_" : "28065926000080",
        "MNTN_ID" : "2806592600"
      },
      "geometry" : {
        "x" : 323669.69700000435,
        "y" : 282782.26810000092
      }
    },
    {
      "attributes" : {
        "FID" : 80,
        "PMNTN_SPOT" : 77931,
        "MNTN_CODE" : "481502401",
        "MANAGE_SP1" : "02",
        "MANAGE_SP2" : "분기점",
        "DETAIL_SPO" : "노선 내 접점",
        "ETC_MATTER" : " ",
        "MNTN_NM" : "적석산",
        "PAST_SPOT_" : "28065926000081",
        "MNTN_ID" : "2806592600"
      },
      "geometry" : {
        "x" : 323748.59760000557,
        "y" : 280320.77920000069
      }
    },
    {
      "attributes" : {
        "FID" : 81,
        "PMNTN_SPOT" : 77932,
        "MNTN_CODE" : "481502401",
        "MANAGE_SP1" : "01",
        "MANAGE_SP2" : "시종점",
        "DETAIL_SPO" : "시종점,안내도,이정표,노면",
        "ETC_MATTER" : " ",
        "MNTN_NM" : "적석산",
        "PAST_SPOT_" : "28065926000082",
        "MNTN_ID" : "2806592600"
      },
      "geometry" : {
        "x" : 323819.24890000559,
        "y" : 279188.70270000026
      }
    },
    {
      "attributes" : {
        "FID" : 82,
        "PMNTN_SPOT" : 77933,
        "MNTN_CODE" : "481502401",
        "MANAGE_SP1" : "10",
        "MANAGE_SP2" : "이정표",
        "DETAIL_SPO" : "이정표",
        "ETC_MATTER" : " ",
        "MNTN_NM" : "적석산",
        "PAST_SPOT_" : "28065926000083",
        "MNTN_ID" : "2806592600"
      },
      "geometry" : {
        "x" : 323929.4596000053,
        "y" : 280076.3358000014
      }
    },
    {
      "attributes" : {
        "FID" : 83,
        "PMNTN_SPOT" : 77934,
        "MNTN_CODE" : "481502401",
        "MANAGE_SP1" : "99",
        "MANAGE_SP2" : "기타",
        "DETAIL_SPO" : "표시판,노면",
        "ETC_MATTER" : " ",
        "MNTN_NM" : "적석산",
        "PAST_SPOT_" : "28065926000084",
        "MNTN_ID" : "2806592600"
      },
      "geometry" : {
        "x" : 324120.82710000686,
        "y" : 280097.09119999968
      }
    },
    {
      "attributes" : {
        "FID" : 84,
        "PMNTN_SPOT" : 77935,
        "MNTN_CODE" : "481502401",
        "MANAGE_SP1" : "02",
        "MANAGE_SP2" : "분기점",
        "DETAIL_SPO" : "노선 내 분기",
        "ETC_MATTER" : " ",
        "MNTN_NM" : "적석산",
        "PAST_SPOT_" : "28065926000085",
        "MNTN_ID" : "2806592600"
      },
      "geometry" : {
        "x" : 324271.57490000501,
        "y" : 281398.3674000036
      }
    },
    {
      "attributes" : {
        "FID" : 85,
        "PMNTN_SPOT" : 77936,
        "MNTN_CODE" : "481502401",
        "MANAGE_SP1" : "10",
        "MANAGE_SP2" : "이정표",
        "DETAIL_SPO" : "이정표",
        "ETC_MATTER" : " ",
        "MNTN_NM" : "적석산",
        "PAST_SPOT_" : "28065926000086",
        "MNTN_ID" : "2806592600"
      },
      "geometry" : {
        "x" : 324352.35270000342,
        "y" : 280593.2835000027
      }
    },
    {
      "attributes" : {
        "FID" : 86,
        "PMNTN_SPOT" : 77937,
        "MNTN_CODE" : "481502401",
        "MANAGE_SP1" : "01",
        "MANAGE_SP2" : "시종점",
        "DETAIL_SPO" : "시종점",
        "ETC_MATTER" : " ",
        "MNTN_NM" : "적석산",
        "PAST_SPOT_" : "28065926000087",
        "MNTN_ID" : "2806592600"
      },
      "geometry" : {
        "x" : 324478.25790000241,
        "y" : 280964.65090000257
      }
    },
    {
      "attributes" : {
        "FID" : 87,
        "PMNTN_SPOT" : 77938,
        "MNTN_CODE" : "481502401",
        "MANAGE_SP1" : "01",
        "MANAGE_SP2" : "시종점",
        "DETAIL_SPO" : "시종점,이정표",
        "ETC_MATTER" : " ",
        "MNTN_NM" : "적석산",
        "PAST_SPOT_" : "28065926000088",
        "MNTN_ID" : "2806592600"
      },
      "geometry" : {
        "x" : 324633.37700000592,
        "y" : 279144.26620000042
      }
    },
    {
      "attributes" : {
        "FID" : 88,
        "PMNTN_SPOT" : 77939,
        "MNTN_CODE" : "481502401",
        "MANAGE_SP1" : "10",
        "MANAGE_SP2" : "이정표",
        "DETAIL_SPO" : "이정표",
        "ETC_MATTER" : " ",
        "MNTN_NM" : "적석산",
        "PAST_SPOT_" : "28065926000089",
        "MNTN_ID" : "2806592600"
      },
      "geometry" : {
        "x" : 324859.30630000401,
        "y" : 279762.5382000003
      }
    },
    {
      "attributes" : {
        "FID" : 89,
        "PMNTN_SPOT" : 77940,
        "MNTN_CODE" : "481502401",
        "MANAGE_SP1" : "99",
        "MANAGE_SP2" : "기타",
        "DETAIL_SPO" : "적석산",
        "ETC_MATTER" : " ",
        "MNTN_NM" : "적석산",
        "PAST_SPOT_" : "28065926000090",
        "MNTN_ID" : "2806592600"
      },
      "geometry" : {
        "x" : 324889.30410000589,
        "y" : 280099.29609999992
      }
    },
    {
      "attributes" : {
        "FID" : 90,
        "PMNTN_SPOT" : 77941,
        "MNTN_CODE" : "481502401",
        "MANAGE_SP1" : "10",
        "MANAGE_SP2" : "이정표",
        "DETAIL_SPO" : "이정표,철제계단",
        "ETC_MATTER" : " ",
        "MNTN_NM" : "적석산",
        "PAST_SPOT_" : "28065926000091",
        "MNTN_ID" : "2806592600"
      },
      "geometry" : {
        "x" : 324942.46020000521,
        "y" : 280092.91050000116
      }
    },
    {
      "attributes" : {
        "FID" : 91,
        "PMNTN_SPOT" : 77942,
        "MNTN_CODE" : "481502401",
        "MANAGE_SP1" : "01",
        "MANAGE_SP2" : "시종점",
        "DETAIL_SPO" : "시종점,이정표,다리,낙석암",
        "ETC_MATTER" : " ",
        "MNTN_NM" : "적석산",
        "PAST_SPOT_" : "28065926000092",
        "MNTN_ID" : "2806592600"
      },
      "geometry" : {
        "x" : 324945.49820000399,
        "y" : 279205.59559999965
      }
    },
    {
      "attributes" : {
        "FID" : 92,
        "PMNTN_SPOT" : 77943,
        "MNTN_CODE" : "481502401",
        "MANAGE_SP1" : "10",
        "MANAGE_SP2" : "이정표",
        "DETAIL_SPO" : "이정표,철제계단",
        "ETC_MATTER" : " ",
        "MNTN_NM" : "적석산",
        "PAST_SPOT_" : "28065926000093",
        "MNTN_ID" : "2806592600"
      },
      "geometry" : {
        "x" : 324962.85610000417,
        "y" : 280098.07110000402
      }
    },
    {
      "attributes" : {
        "FID" : 93,
        "PMNTN_SPOT" : 77944,
        "MNTN_CODE" : "481502401",
        "MANAGE_SP1" : "01",
        "MANAGE_SP2" : "시종점",
        "DETAIL_SPO" : "시종점",
        "ETC_MATTER" : " ",
        "MNTN_NM" : "적석산",
        "PAST_SPOT_" : "28065926000094",
        "MNTN_ID" : "2806592600"
      },
      "geometry" : {
        "x" : 325094.73900000378,
        "y" : 281440.07019999996
      }
    },
    {
      "attributes" : {
        "FID" : 94,
        "PMNTN_SPOT" : 77945,
        "MNTN_CODE" : "481502401",
        "MANAGE_SP1" : "01",
        "MANAGE_SP2" : "시종점",
        "DETAIL_SPO" : "시종점,이정표",
        "ETC_MATTER" : " ",
        "MNTN_NM" : "적석산",
        "PAST_SPOT_" : "28065926000095",
        "MNTN_ID" : "2806592600"
      },
      "geometry" : {
        "x" : 325205.24100000318,
        "y" : 278935.4151000008
      }
    },
    {
      "attributes" : {
        "FID" : 95,
        "PMNTN_SPOT" : 77946,
        "MNTN_CODE" : "481502401",
        "MANAGE_SP1" : "10",
        "MANAGE_SP2" : "이정표",
        "DETAIL_SPO" : "이정표",
        "ETC_MATTER" : " ",
        "MNTN_NM" : "적석산",
        "PAST_SPOT_" : "28065926000096",
        "MNTN_ID" : "2806592600"
      },
      "geometry" : {
        "x" : 325566.37950000353,
        "y" : 279823.43640000001
      }
    },
    {
      "attributes" : {
        "FID" : 96,
        "PMNTN_SPOT" : 77947,
        "MNTN_CODE" : "481502401",
        "MANAGE_SP1" : "01",
        "MANAGE_SP2" : "시종점",
        "DETAIL_SPO" : "시종점,성구사(재당)",
        "ETC_MATTER" : " ",
        "MNTN_NM" : "적석산",
        "PAST_SPOT_" : "28065926000097",
        "MNTN_ID" : "2806592600"
      },
      "geometry" : {
        "x" : 325621.34890000522,
        "y" : 281393.23500000127
      }
    },
    {
      "attributes" : {
        "FID" : 97,
        "PMNTN_SPOT" : 77948,
        "MNTN_CODE" : "481502401",
        "MANAGE_SP1" : "01",
        "MANAGE_SP2" : "시종점",
        "DETAIL_SPO" : "시종점,성구사(재당)",
        "ETC_MATTER" : " ",
        "MNTN_NM" : "적석산",
        "PAST_SPOT_" : "28065926000098",
        "MNTN_ID" : "2806592600"
      },
      "geometry" : {
        "x" : 325670.5528000081,
        "y" : 281429.61670000106
      }
    },
    {
      "attributes" : {
        "FID" : 98,
        "PMNTN_SPOT" : 77949,
        "MNTN_CODE" : "481502401",
        "MANAGE_SP1" : "02",
        "MANAGE_SP2" : "분기점",
        "DETAIL_SPO" : "분기점",
        "ETC_MATTER" : " ",
        "MNTN_NM" : "적석산",
        "PAST_SPOT_" : "28065926000099",
        "MNTN_ID" : "2806592600"
      },
      "geometry" : {
        "x" : 326041.29790000524,
        "y" : 280244.74679999985
      }
    }
  ]
}