{
  "displayFieldName" : "",
  "fieldAliases" : {
    "FID" : "FID",
    "PMNTN_SN" : "PMNTN_SN",
    "MNTN_CODE" : "MNTN_CODE",
    "MNTN_NM" : "MNTN_NM",
    "PMNTN_NM" : "PMNTN_NM",
    "PMNTN_MAIN" : "PMNTN_MAIN",
    "PMNTN_LT" : "PMNTN_LT",
    "PMNTN_DFFL" : "PMNTN_DFFL",
    "PMNTN_UPPL" : "PMNTN_UPPL",
    "PMNTN_GODN" : "PMNTN_GODN",
    "PMNTN_MTRQ" : "PMNTN_MTRQ",
    "PMNTN_CNRL" : "PMNTN_CNRL",
    "PMNTN_CLS_" : "PMNTN_CLS_",
    "PMNTN_RISK" : "PMNTN_RISK",
    "PMNTN_RECO" : "PMNTN_RECO",
    "DATA_STDR_" : "DATA_STDR_",
    "MNTN_ID" : "MNTN_ID"
  },
  "geometryType" : "esriGeometryPolyline",
  "spatialReference" : {
    "wkt" : "PROJCS[\"PCS_ITRF2000_TM\",GEOGCS[\"GCS_ITRF_2000\",DATUM[\"D_ITRF_2000\",SPHEROID[\"GRS_1980\",6378137.0,298.257222101]],PRIMEM[\"Greenwich\",0.0],UNIT[\"Degree\",0.0174532925199433]],PROJECTION[\"Transverse_Mercator\"],PARAMETER[\"False_Easting\",200000.0],PARAMETER[\"False_Northing\",600000.0],PARAMETER[\"Central_Meridian\",127.0],PARAMETER[\"Scale_Factor\",1.0],PARAMETER[\"Latitude_Of_Origin\",38.0],UNIT[\"Meter\",1.0]]"
  },
  "fields" : [
    {
      "name" : "FID",
      "type" : "esriFieldTypeOID",
      "alias" : "FID"
    },
    {
      "name" : "PMNTN_SN",
      "type" : "esriFieldTypeDouble",
      "alias" : "PMNTN_SN"
    },
    {
      "name" : "MNTN_CODE",
      "type" : "esriFieldTypeString",
      "alias" : "MNTN_CODE",
      "length" : 9
    },
    {
      "name" : "MNTN_NM",
      "type" : "esriFieldTypeString",
      "alias" : "MNTN_NM",
      "length" : 50
    },
    {
      "name" : "PMNTN_NM",
      "type" : "esriFieldTypeString",
      "alias" : "PMNTN_NM",
      "length" : 50
    },
    {
      "name" : "PMNTN_MAIN",
      "type" : "esriFieldTypeString",
      "alias" : "PMNTN_MAIN",
      "length" : 200
    },
    {
      "name" : "PMNTN_LT",
      "type" : "esriFieldTypeSingle",
      "alias" : "PMNTN_LT"
    },
    {
      "name" : "PMNTN_DFFL",
      "type" : "esriFieldTypeString",
      "alias" : "PMNTN_DFFL",
      "length" : 8
    },
    {
      "name" : "PMNTN_UPPL",
      "type" : "esriFieldTypeDouble",
      "alias" : "PMNTN_UPPL"
    },
    {
      "name" : "PMNTN_GODN",
      "type" : "esriFieldTypeDouble",
      "alias" : "PMNTN_GODN"
    },
    {
      "name" : "PMNTN_MTRQ",
      "type" : "esriFieldTypeString",
      "alias" : "PMNTN_MTRQ",
      "length" : 200
    },
    {
      "name" : "PMNTN_CNRL",
      "type" : "esriFieldTypeString",
      "alias" : "PMNTN_CNRL",
      "length" : 1
    },
    {
      "name" : "PMNTN_CLS_",
      "type" : "esriFieldTypeString",
      "alias" : "PMNTN_CLS_",
      "length" : 1
    },
    {
      "name" : "PMNTN_RISK",
      "type" : "esriFieldTypeString",
      "alias" : "PMNTN_RISK",
      "length" : 200
    },
    {
      "name" : "PMNTN_RECO",
      "type" : "esriFieldTypeString",
      "alias" : "PMNTN_RECO",
      "length" : 1
    },
    {
      "name" : "DATA_STDR_",
      "type" : "esriFieldTypeString",
      "alias" : "DATA_STDR_",
      "length" : 10
    },
    {
      "name" : "MNTN_ID",
      "type" : "esriFieldTypeString",
      "alias" : "MNTN_ID",
      "length" : 10
    }
  ],
  "features" : [
    {
      "attributes" : {
        "FID" : 0,
        "PMNTN_SN" : 6605,
        "MNTN_CODE" : "441803201",
        "MNTN_NM" : "국수봉",
        "PMNTN_NM" : "고정리구간",
        "PMNTN_MAIN" : " ",
        "PMNTN_LT" : 0.75,
        "PMNTN_DFFL" : "쉬움",
        "PMNTN_UPPL" : 13,
        "PMNTN_GODN" : 9,
        "PMNTN_MTRQ" : " ",
        "PMNTN_CNRL" : " ",
        "PMNTN_CLS_" : " ",
        "PMNTN_RISK" : " ",
        "PMNTN_RECO" : " ",
        "DATA_STDR_" : "2016-12-31",
        "MNTN_ID" : "441803201"
      },
      "geometry" : {
        "paths" : [
          [
            [
              155476.07950000092,
              421916.67190000229
            ],
            [
              155476.26719999872,
              421916.74070000276
            ],
            [
              155480.96290000249,
              421917.11510000564
            ],
            [
              155485.18780000228,
              421916.73410000093
            ],
            [
              155493.69310000166,
              421917.17470000125
            ],
            [
              155519.59209999908,
              421921.53490000218
            ],
            [
              155521.51640000008,
              421921.86410000175
            ],
            [
              155524.34260000009,
              421922.29920000024
            ],
            [
              155526.31340000406,
              421922.83240000159
            ],
            [
              155530.22260000184,
              421923.26590000279
            ],
            [
              155530.32550000027,
              421923.22720000148
            ],
            [
              155533.88440000266,
              421920.87920000032
            ],
            [
              155537.94270000234,
              421916.67479999922
            ],
            [
              155541.02060000226,
              421910.66080000252
            ],
            [
              155540.34580000117,
              421905.61990000308
            ],
            [
              155541.31580000184,
              421900.72990000248
            ],
            [
              155541.19150000159,
              421897.1294000037
            ],
            [
              155541.74140000064,
              421891.01909999922
            ],
            [
              155542.61220000032,
              421884.39279999956
            ],
            [
              155544.99969999958,
              421879.57359999977
            ],
            [
              155552.29780000262,
              421873.43350000307
            ],
            [
              155556.99460000079,
              421873.10119999945
            ],
            [
              155566.15030000079,
              421874.30929999985
            ],
            [
              155575.57160000131,
              421876.97040000185
            ],
            [
              155583.61830000207,
              421875.97720000334
            ],
            [
              155592.27480000071,
              421874.6735999994
            ],
            [
              155598.61459999997,
              421869.57000000216
            ],
            [
              155601.67520000041,
              421865.80030000024
            ],
            [
              155605.80610000342,
              421862.72540000454
            ],
            [
              155609.11330000311,
              421859.03910000436
            ],
            [
              155612.22460000403,
              421854.98810000345
            ],
            [
              155613.95080000069,
              421850.41590000317
            ],
            [
              155615.24830000103,
              421847.08760000393
            ],
            [
              155618.49690000061,
              421837.72690000199
            ],
            [
              155620.05910000112,
              421835.20629999973
            ],
            [
              155620.47360000107,
              421832.06200000271
            ],
            [
              155621.14950000402,
              421827.85220000334
            ],
            [
              155622.51439999975,
              421822.62930000387
            ],
            [
              155622.66700000409,
              421817.68740000017
            ],
            [
              155628.01559999958,
              421806.53550000116
            ],
            [
              155633.23989999946,
              421798.45910000429
            ],
            [
              155639.36370000336,
              421796.55990000069
            ],
            [
              155648.22269999981,
              421795.92720000446
            ],
            [
              155652.92940000165,
              421796.74740000255
            ],
            [
              155657.93360000011,
              421796.74440000206
            ],
            [
              155662.98530000076,
              421797.64400000311
            ],
            [
              155667.56560000218,
              421799.01129999943
            ],
            [
              155672.71160000283,
              421801.54870000109
            ],
            [
              155677.46740000136,
              421803.19669999927
            ],
            [
              155683.45970000047,
              421804.95879999921
            ],
            [
              155688.50729999971,
              421806.72750000469
            ],
            [
              155691.26750000101,
              421807.85429999977
            ],
            [
              155691.31910000369,
              421807.79439999908
            ],
            [
              155690.9057,
              421808.64770000055
            ],
            [
              155693.7229000004,
              421809.11810000055
            ],
            [
              155697.62080000062,
              421809.59170000441
            ],
            [
              155703.06120000035,
              421808.81360000186
            ],
            [
              155705.27380000148,
              421804.74630000629
            ],
            [
              155707.02430000156,
              421800.44300000183
            ],
            [
              155708.48450000025,
              421796.80560000055
            ],
            [
              155711.09420000389,
              421793.36990000308
            ],
            [
              155712.72330000065,
              421789.18160000257
            ],
            [
              155714.31020000204,
              421784.72880000249
            ],
            [
              155715.16070000269,
              421778.78220000118
            ],
            [
              155716.40890000015,
              421774.37460000068
            ],
            [
              155717.5774000017,
              421769.38250000216
            ],
            [
              155718.44180000015,
              421764.21380000561
            ],
            [
              155718.80769999977,
              421759.33019999973
            ],
            [
              155719.80220000073,
              421754.02090000175
            ],
            [
              155720.34520000126,
              421748.07720000111
            ],
            [
              155721.64080000017,
              421742.48490000144
            ],
            [
              155722.972000001,
              421737.34440000169
            ],
            [
              155725.15319999866,
              421731.55849999934
            ],
            [
              155727.27610000037,
              421728.65410000272
            ],
            [
              155728.55950000137,
              421725.5530000031
            ],
            [
              155730.12230000366,
              421721.93700000271
            ],
            [
              155729.76850000396,
              421717.22210000083
            ],
            [
              155727.90780000295,
              421714.32550000027
            ],
            [
              155726.61309999973,
              421709.61089999974
            ],
            [
              155723.29540000204,
              421706.24330000207
            ],
            [
              155721.22040000092,
              421704.97069999948
            ],
            [
              155714.82460000273,
              421700.66210000031
            ],
            [
              155708.40840000194,
              421695.77420000173
            ],
            [
              155701.26070000045,
              421692.60500000231
            ],
            [
              155693.01770000253,
              421686.18869999982
            ],
            [
              155684.58680000063,
              421679.69749999978
            ],
            [
              155680.71059999987,
              421676.42120000161
            ],
            [
              155674.47520000115,
              421665.76270000264
            ],
            [
              155672.06280000322,
              421659.23770000041
            ],
            [
              155673.26590000093,
              421652.00810000114
            ],
            [
              155676.61160000227,
              421649.60160000063
            ],
            [
              155679.43740000017,
              421645.84180000424
            ],
            [
              155683.03710000124,
              421642.51160000078
            ],
            [
              155692.42810000014,
              421636.38590000011
            ],
            [
              155702.56259999983,
              421631.27219999954
            ],
            [
              155709.26779999956,
              421623.01350000128
            ],
            [
              155713.60910000093,
              421619.37670000084
            ],
            [
              155717.85770000052,
              421615.28380000219
            ],
            [
              155721.31170000136,
              421611.27769999951
            ],
            [
              155736.2553000031,
              421597.02549999952
            ],
            [
              155740.14270000346,
              421592.97800000012
            ],
            [
              155744.11629999988,
              421588.9010000024
            ],
            [
              155749.53160000127,
              421580.19700000249
            ],
            [
              155752.63300000038,
              421575.29770000465
            ],
            [
              155755.41110000014,
              421570.53890000097
            ],
            [
              155758.90710000228,
              421567.09530000016
            ],
            [
              155762.11790000089,
              421563.4250000082
            ],
            [
              155765.95160000119,
              421560.46139999852
            ],
            [
              155770.46150000114,
              421557.13700000197
            ],
            [
              155774.96640000306,
              421554.40980000235
            ],
            [
              155777.78280000016,
              421550.53550000302
            ],
            [
              155781.56770000048,
              421547.06160000153
            ],
            [
              155785.30300000124,
              421544.28810000233
            ],
            [
              155789.58220000006,
              421541.81580000184
            ],
            [
              155793.75870000385,
              421540.14629999921
            ],
            [
              155798.4310000008,
              421538.13399999961
            ],
            [
              155802.13169999979,
              421534.07790000364
            ],
            [
              155806.50789999869,
              421531.70749999955
            ],
            [
              155812.58179999981,
              421529.40909999982
            ],
            [
              155816.28550000209,
              421524.67460000142
            ],
            [
              155820.9503000034,
              421520.52580000274
            ],
            [
              155825.31979999878,
              421516.74060000107
            ],
            [
              155829.47680000123,
              421512.29520000145
            ],
            [
              155833.8478000015,
              421508.56470000185
            ],
            [
              155837.61550000403,
              421504.43180000037
            ],
            [
              155839.70519999973,
              421499.93960000202
            ],
            [
              155842.40710000135,
              421499.04600000195
            ],
            [
              155848.46200000122,
              421496.22980000079
            ],
            [
              155850.5839999998,
              421495.49039999954
            ],
            [
              155850.20920000132,
              421495.32600000128
            ]
          ]
        ]
      }
    },
    {
      "attributes" : {
        "FID" : 1,
        "PMNTN_SN" : 6606,
        "MNTN_CODE" : "441803201",
        "MNTN_NM" : "국수봉",
        "PMNTN_NM" : "고정리구간",
        "PMNTN_MAIN" : " ",
        "PMNTN_LT" : 0.49,
        "PMNTN_DFFL" : "쉬움",
        "PMNTN_UPPL" : 9,
        "PMNTN_GODN" : 6,
        "PMNTN_MTRQ" : " ",
        "PMNTN_CNRL" : " ",
        "PMNTN_CLS_" : " ",
        "PMNTN_RISK" : " ",
        "PMNTN_RECO" : " ",
        "DATA_STDR_" : "2016-12-31",
        "MNTN_ID" : "441803201"
      },
      "geometry" : {
        "paths" : [
          [
            [
              155599.73450000118,
              421171.43750000186
            ],
            [
              155600.02160000056,
              421172.71519999951
            ],
            [
              155600.43819999974,
              421179.19490000047
            ],
            [
              155600.28290000092,
              421185.83250000142
            ],
            [
              155600.73410000186,
              421192.50340000167
            ],
            [
              155600.72559999954,
              421198.5604000017
            ],
            [
              155601.24120000005,
              421202.45710000396
            ],
            [
              155602.4887000015,
              421206.95869999938
            ],
            [
              155603.40440000128,
              421212.79989999905
            ],
            [
              155602.53230000008,
              421218.06430000253
            ],
            [
              155602.817900002,
              421222.94150000066
            ],
            [
              155603.07760000322,
              421227.74960000254
            ],
            [
              155604.19270000048,
              421232.13470000215
            ],
            [
              155605.31649999972,
              421237.04920000024
            ],
            [
              155606.07670000102,
              421241.48700000159
            ],
            [
              155607.1996000018,
              421246.83610000089
            ],
            [
              155604.78439999931,
              421249.97590000369
            ],
            [
              155604.03130000178,
              421253.19749999978
            ],
            [
              155604.01940000057,
              421253.24870000221
            ],
            [
              155604.75130000152,
              421257.13590000197
            ],
            [
              155604.70820000023,
              421260.6035999991
            ],
            [
              155604.61780000385,
              421264.34100000188
            ],
            [
              155605.43920000084,
              421269.69600000232
            ],
            [
              155605.45630000252,
              421274.81550000422
            ],
            [
              155604.90970000345,
              421278.59310000017
            ],
            [
              155602.65740000084,
              421281.32430000044
            ],
            [
              155600.05389999971,
              421284.20200000145
            ],
            [
              155598.16059999913,
              421286.68370000459
            ],
            [
              155596.1213999996,
              421289.30670000426
            ],
            [
              155594.17660000082,
              421292.11510000192
            ],
            [
              155592.37289999984,
              421294.36490000039
            ],
            [
              155590.23370000161,
              421296.67140000127
            ],
            [
              155587.17750000302,
              421298.01740000211
            ],
            [
              155585.11070000101,
              421300.20530000143
            ],
            [
              155583.52720000129,
              421302.52170000039
            ],
            [
              155583.60960000195,
              421303.6202000007
            ],
            [
              155582.51730000041,
              421303.75770000182
            ],
            [
              155571.47829999961,
              421332.13599999808
            ],
            [
              155568.28450000007,
              421338.10600000434
            ],
            [
              155566.54910000227,
              421341.83420000225
            ],
            [
              155567.05360000115,
              421346.4878000021
            ],
            [
              155566.06470000092,
              421348.17029999942
            ],
            [
              155561.67840000056,
              421356.70079999976
            ],
            [
              155561.81109999865,
              421358.08290000074
            ],
            [
              155560.92800000124,
              421360.80949999951
            ],
            [
              155560.27090000082,
              421363.3335000053
            ],
            [
              155558.2677000016,
              421366.2061999999
            ],
            [
              155557.39570000116,
              421370.4867000021
            ],
            [
              155556.30520000029,
              421371.07220000401
            ],
            [
              155556.85319999978,
              421374.61000000127
            ],
            [
              155553.878800001,
              421391.26160000265
            ],
            [
              155553.75030000322,
              421395.2070000004
            ],
            [
              155553.39660000149,
              421399.35200000182
            ],
            [
              155553.91589999944,
              421402.80330000259
            ],
            [
              155554.48350000195,
              421405.22390000336
            ],
            [
              155557.22699999996,
              421409.3543999996
            ],
            [
              155558.49480000231,
              421411.66569999978
            ],
            [
              155559.53699999955,
              421430.46399999969
            ],
            [
              155562.18140000105,
              421433.62849999778
            ],
            [
              155562.15720000025,
              421438.56370000169
            ],
            [
              155559.84330000076,
              421446.76879999973
            ],
            [
              155559.38850000314,
              421450.23839999922
            ],
            [
              155558.89510000125,
              421452.4504000023
            ],
            [
              155558.44280000031,
              421458.30020000413
            ],
            [
              155554.01290000323,
              421465.51329999976
            ],
            [
              155554.86510000098,
              421472.04460000247
            ],
            [
              155546.04330000002,
              421491.02170000039
            ],
            [
              155544.94060000125,
              421495.85690000094
            ],
            [
              155544.12360000238,
              421501.19559999928
            ],
            [
              155540.6632000003,
              421502.9373000022
            ],
            [
              155536.39370000362,
              421506.51900000125
            ],
            [
              155535.14860000182,
              421510.83430000395
            ],
            [
              155532.62400000077,
              421518.85199999996
            ],
            [
              155532.17580000125,
              421523.80480000004
            ],
            [
              155532.57130000275,
              421538.83620000258
            ],
            [
              155533.70760000311,
              421540.222000001
            ],
            [
              155540.32600000128,
              421552.22590000182
            ],
            [
              155548.14260000084,
              421562.85610000417
            ],
            [
              155548.21690000314,
              421564.13930000365
            ],
            [
              155553.80150000378,
              421566.02100000158
            ],
            [
              155557.53040000051,
              421565.11070000194
            ],
            [
              155586.99229999911,
              421566.53560000099
            ],
            [
              155596.40940000117,
              421567.46100000106
            ],
            [
              155606.63970000017,
              421568.03950000182
            ],
            [
              155611.26769999973,
              421566.34820000455
            ],
            [
              155612.54729999974,
              421567.70440000109
            ],
            [
              155612.76570000034,
              421567.66530000046
            ]
          ]
        ]
      }
    },
    {
      "attributes" : {
        "FID" : 2,
        "PMNTN_SN" : 6607,
        "MNTN_CODE" : "441803201",
        "MNTN_NM" : "국수봉",
        "PMNTN_NM" : "고정리구간",
        "PMNTN_MAIN" : " ",
        "PMNTN_LT" : 0.12,
        "PMNTN_DFFL" : "쉬움",
        "PMNTN_UPPL" : 2,
        "PMNTN_GODN" : 1,
        "PMNTN_MTRQ" : " ",
        "PMNTN_CNRL" : " ",
        "PMNTN_CLS_" : " ",
        "PMNTN_RISK" : " ",
        "PMNTN_RECO" : " ",
        "DATA_STDR_" : "2016-12-31",
        "MNTN_ID" : "441803201"
      },
      "geometry" : {
        "paths" : [
          [
            [
              155375.22410000209,
              421974.87140000053
            ],
            [
              155375.21850000042,
              421974.50830000266
            ],
            [
              155379.24540000129,
              421973.38460000232
            ],
            [
              155391.2891000025,
              421970.89470000006
            ],
            [
              155393.78579999879,
              421969.74589999951
            ],
            [
              155406.2937000012,
              421963.89740000106
            ],
            [
              155411.53690000065,
              421961.81760000065
            ],
            [
              155416.14140000008,
              421959.98860000819
            ],
            [
              155420.58520000055,
              421957.76959999837
            ],
            [
              155426.00720000081,
              421954.92320000008
            ],
            [
              155431.13470000029,
              421951.09620000236
            ],
            [
              155436.57370000053,
              421946.74960000254
            ],
            [
              155441.91500000004,
              421942.57210000046
            ],
            [
              155448.94520000182,
              421934.29039999843
            ],
            [
              155450.20530000329,
              421931.75730000064
            ],
            [
              155453.0326000005,
              421929.06719999947
            ],
            [
              155471.7407999998,
              421918.33800000139
            ],
            [
              155475.99289999902,
              421916.7268000003
            ],
            [
              155476.07950000092,
              421916.67190000229
            ]
          ]
        ]
      }
    },
    {
      "attributes" : {
        "FID" : 3,
        "PMNTN_SN" : 6608,
        "MNTN_CODE" : "441803201",
        "MNTN_NM" : "국수봉",
        "PMNTN_NM" : "고정리구간",
        "PMNTN_MAIN" : " ",
        "PMNTN_LT" : 0.44,
        "PMNTN_DFFL" : "쉬움",
        "PMNTN_UPPL" : 8,
        "PMNTN_GODN" : 5,
        "PMNTN_MTRQ" : " ",
        "PMNTN_CNRL" : " ",
        "PMNTN_CLS_" : " ",
        "PMNTN_RISK" : " ",
        "PMNTN_RECO" : " ",
        "DATA_STDR_" : "2016-12-31",
        "MNTN_ID" : "441803201"
      },
      "geometry" : {
        "paths" : [
          [
            [
              155612.76570000034,
              421567.66530000046
            ],
            [
              155619.6063000001,
              421564.68040000275
            ],
            [
              155670.44889999926,
              421525.46510000154
            ],
            [
              155671.93599999975,
              421523.53329999931
            ],
            [
              155674.1201000018,
              421522.21900000051
            ],
            [
              155675.96050000098,
              421521.34869999997
            ],
            [
              155678.57660000306,
              421521.29120000266
            ],
            [
              155681.80110000074,
              421520.85560000129
            ],
            [
              155687.78610000107,
              421515.8460000027
            ],
            [
              155692.32440000027,
              421513.68630000204
            ],
            [
              155694.18210000079,
              421512.03030000068
            ],
            [
              155697.51020000037,
              421509.67530000024
            ],
            [
              155701.39640000183,
              421508.57630000077
            ],
            [
              155702.35690000094,
              421507.87060000002
            ],
            [
              155705.11390000023,
              421505.22230000421
            ],
            [
              155707.71740000043,
              421503.78299999982
            ],
            [
              155709.16349999979,
              421501.83450000361
            ],
            [
              155710.31360000279,
              421501.02450000308
            ],
            [
              155711.15100000147,
              421500.08360000141
            ],
            [
              155711.98770000134,
              421497.51950000226
            ],
            [
              155712.87310000043,
              421495.59350000136
            ],
            [
              155714.19749999978,
              421494.284500001
            ],
            [
              155716.5150000006,
              421492.40530000255
            ],
            [
              155717.84279999975,
              421491.98269999959
            ],
            [
              155719.25130000059,
              421491.43030000292
            ],
            [
              155726.37879999913,
              421487.37670000084
            ],
            [
              155727.53600000404,
              421484.85840000212
            ],
            [
              155729.55860000104,
              421483.02240000106
            ],
            [
              155732.47089999914,
              421482.50960000232
            ],
            [
              155733.30510000046,
              421480.66589999944
            ],
            [
              155734.71500000171,
              421478.97030000016
            ],
            [
              155736.99360000156,
              421478.52000000142
            ],
            [
              155738.93819999974,
              421478.23770000227
            ],
            [
              155739.53670000006,
              421477.46050000004
            ],
            [
              155739.84970000107,
              421476.21860000119
            ],
            [
              155740.40250000171,
              421473.75080000423
            ],
            [
              155743.73550000042,
              421472.83649999835
            ],
            [
              155744.99730000366,
              421471.42789999954
            ],
            [
              155746.80649999995,
              421469.85889999941
            ],
            [
              155746.65310000163,
              421466.96050000191
            ],
            [
              155747.49820000026,
              421466.50680000149
            ],
            [
              155749.38910000026,
              421464.46020000055
            ],
            [
              155751.21420000121,
              421461.14709999971
            ],
            [
              155753.07410000078,
              421455.24149999954
            ],
            [
              155754.72550000064,
              421452.21580000035
            ],
            [
              155757.60390000138,
              421451.4066000022
            ],
            [
              155759.6443000026,
              421447.80110000074
            ],
            [
              155760.55370000191,
              421445.11850000173
            ],
            [
              155764.4710999988,
              421443.20130000263
            ],
            [
              155769.27500000224,
              421440.41110000014
            ],
            [
              155770.79410000239,
              421439.52690000087
            ],
            [
              155773.02360000089,
              421438.6400000006
            ],
            [
              155776.85250000283,
              421437.41200000048
            ],
            [
              155779.20980000123,
              421433.58029999956
            ],
            [
              155780.78579999972,
              421429.50520000048
            ],
            [
              155783.17300000321,
              421427.04849999957
            ],
            [
              155784.08249999955,
              421423.6481000036
            ],
            [
              155785.66210000403,
              421420.98270000331
            ],
            [
              155788.7734000003,
              421418.40650000237
            ],
            [
              155791.48359999992,
              421414.11500000209
            ],
            [
              155794.82400000095,
              421410.75380000286
            ],
            [
              155796.36270000134,
              421406.55890000239
            ],
            [
              155798.90460000373,
              421403.87310000136
            ],
            [
              155801.56340000127,
              421401.17569999956
            ],
            [
              155805.06579999998,
              421398.90000000037
            ],
            [
              155806.24480000045,
              421396.17310000211
            ],
            [
              155807.15680000186,
              421393.66349999979
            ],
            [
              155809.32970000058,
              421392.66460000351
            ],
            [
              155812.71040000394,
              421391.10070000216
            ],
            [
              155814.74510000274,
              421387.81010000408
            ],
            [
              155815.70450000372,
              421384.24700000323
            ],
            [
              155819.67980000004,
              421380.78520000353
            ],
            [
              155821.55710000079,
              421379.05340000242
            ],
            [
              155824.71810000017,
              421377.1743000038
            ],
            [
              155828.15780000109,
              421375.35329999961
            ],
            [
              155830.02869999874,
              421373.81570000201
            ],
            [
              155831.72109999973,
              421371.81990000047
            ],
            [
              155833.70470000058,
              421369.130400002
            ],
            [
              155836.23810000066,
              421365.91270000115
            ],
            [
              155840.59970000293,
              421363.94290000387
            ],
            [
              155845.88590000197,
              421359.48410000093
            ],
            [
              155849.13329999987,
              421356.82670000568
            ],
            [
              155850.8535000002,
              421355.6462000031
            ],
            [
              155851.10570000298,
              421354.87350000441
            ],
            [
              155850.7332000006,
              421354.8971000053
            ],
            [
              155846.88410000317,
              421351.23369999975
            ],
            [
              155843.11790000275,
              421347.94200000167
            ],
            [
              155838.49859999958,
              421344.09410000034
            ],
            [
              155833.33050000202,
              421339.78540000319
            ],
            [
              155828.39080000203,
              421336.25579999946
            ],
            [
              155824.63460000325,
              421333.3134000022
            ],
            [
              155820.41110000201,
              421331.36380000226
            ],
            [
              155818.03880000021,
              421330.4979000017
            ],
            [
              155814.70730000082,
              421328.99510000087
            ],
            [
              155811.74619999994,
              421327.14880000241
            ],
            [
              155809.60900000017,
              421323.13880000263
            ],
            [
              155807.86420000065,
              421319.8825000003
            ],
            [
              155810.07650000043,
              421316.79230000265
            ],
            [
              155809.60910000093,
              421311.40780000202
            ],
            [
              155813.24780000001,
              421307.72290000319
            ],
            [
              155820.3487999998,
              421297.57650000229
            ],
            [
              155821.97810000088,
              421292.68800000288
            ],
            [
              155822.66600000393,
              421286.75750000216
            ],
            [
              155827.06120000221,
              421281.23039999977
            ],
            [
              155829.52850000001,
              421278.85000000149
            ]
          ]
        ]
      }
    },
    {
      "attributes" : {
        "FID" : 4,
        "PMNTN_SN" : 6609,
        "MNTN_CODE" : "441803201",
        "MNTN_NM" : "국수봉",
        "PMNTN_NM" : "고정리구간",
        "PMNTN_MAIN" : " ",
        "PMNTN_LT" : 0.55,
        "PMNTN_DFFL" : "쉬움",
        "PMNTN_UPPL" : 10,
        "PMNTN_GODN" : 7,
        "PMNTN_MTRQ" : " ",
        "PMNTN_CNRL" : " ",
        "PMNTN_CLS_" : " ",
        "PMNTN_RISK" : " ",
        "PMNTN_RECO" : " ",
        "DATA_STDR_" : "2016-12-31",
        "MNTN_ID" : "441803201"
      },
      "geometry" : {
        "paths" : [
          [
            [
              155612.76570000034,
              421567.66530000046
            ],
            [
              155612.2555999998,
              421568.51810000278
            ],
            [
              155611.70390000287,
              421569.67909999937
            ],
            [
              155610.17980000004,
              421570.91939999908
            ],
            [
              155607.73960000277,
              421572.72330000438
            ],
            [
              155605.38640000019,
              421575.84180000052
            ],
            [
              155603.56039999984,
              421578.56660000235
            ],
            [
              155601.23440000135,
              421582.58180000074
            ],
            [
              155596.70520000253,
              421584.55250000209
            ],
            [
              155595.39900000393,
              421585.06359999813
            ],
            [
              155586.49060000107,
              421589.26109999977
            ],
            [
              155583.09900000412,
              421589.40899999999
            ],
            [
              155578.41090000328,
              421595.00799999945
            ],
            [
              155576.86610000022,
              421596.72279999964
            ],
            [
              155573.12920000125,
              421598.3984999992
            ],
            [
              155569.7695000032,
              421605.25610000081
            ],
            [
              155568.17730000149,
              421607.68679999933
            ],
            [
              155565.87200000044,
              421612.09290000051
            ],
            [
              155566.2555000037,
              421615.48259999976
            ],
            [
              155565.70550000109,
              421619.21040000021
            ],
            [
              155565.27480000071,
              421622.06020000204
            ],
            [
              155564.68560000043,
              421623.22570000216
            ],
            [
              155563.04370000027,
              421625.04560000263
            ],
            [
              155562.11300000083,
              421628.5178999994
            ],
            [
              155561.06360000093,
              421632.14399999939
            ],
            [
              155559.45949999895,
              421635.74310000241
            ],
            [
              155558.86880000122,
              421638.32330000028
            ],
            [
              155557.16359999962,
              421641.79680000246
            ],
            [
              155555.21920000017,
              421645.43300000019
            ],
            [
              155552.85140000191,
              421652.07440000027
            ],
            [
              155551.93979999982,
              421654.29330000468
            ],
            [
              155551.52769999951,
              421659.81310000271
            ],
            [
              155549.43910000194,
              421662.07070000097
            ],
            [
              155547.57710000221,
              421664.83360000141
            ],
            [
              155545.60970000084,
              421666.45080000162
            ],
            [
              155543.76919999998,
              421667.08349999972
            ],
            [
              155543.05759999994,
              421670.1695000045
            ],
            [
              155542.57060000021,
              421673.10869999975
            ],
            [
              155542.55110000353,
              421673.20540000126
            ],
            [
              155542.53990000207,
              421675.35620000213
            ],
            [
              155541.43900000118,
              421677.11320000328
            ],
            [
              155540.53660000395,
              421680.20979999937
            ],
            [
              155537.14830000047,
              421679.90799999982
            ],
            [
              155535.2360000005,
              421678.93970000371
            ],
            [
              155533.50710000284,
              421680.65400000475
            ],
            [
              155530.29630000237,
              421682.23400000297
            ],
            [
              155528.29650000017,
              421684.44380000234
            ],
            [
              155524.96330000181,
              421685.19889999926
            ],
            [
              155522.17220000084,
              421684.14900000207
            ],
            [
              155519.19720000029,
              421685.03030000255
            ],
            [
              155515.99189999979,
              421688.36700000055
            ],
            [
              155512.97870000079,
              421689.52590000443
            ],
            [
              155508.32340000104,
              421694.38950000145
            ],
            [
              155505.57040000055,
              421696.24770000204
            ],
            [
              155503.6885000011,
              421699.07970000058
            ],
            [
              155499.06309999991,
              421703.38020000421
            ],
            [
              155497.28390000015,
              421708.77209999971
            ],
            [
              155494.41520000063,
              421711.65670000017
            ],
            [
              155491.36760000139,
              421714.02470000088
            ],
            [
              155490.34290000051,
              421714.85459999926
            ],
            [
              155488.0895999996,
              421718.90570000187
            ],
            [
              155485.32610000204,
              421719.09960000217
            ],
            [
              155482.66900000256,
              421722.56230000034
            ],
            [
              155479.58420000318,
              421728.32940000296
            ],
            [
              155477.80630000401,
              421730.27630000003
            ],
            [
              155475.21640000027,
              421734.46340000071
            ],
            [
              155473.88180000056,
              421737.7015999984
            ],
            [
              155469.85800000001,
              421742.02190000005
            ],
            [
              155468.61759999953,
              421743.10500000231
            ],
            [
              155466.86350000091,
              421744.47190000117
            ],
            [
              155464.33129999973,
              421746.04690000042
            ],
            [
              155461.66120000277,
              421750.37519999966
            ],
            [
              155458.88960000034,
              421749.92500000447
            ],
            [
              155456.57480000053,
              421752.55330000073
            ],
            [
              155453.50930000097,
              421752.37930000201
            ],
            [
              155451.18410000019,
              421753.86280000024
            ],
            [
              155448.46169999987,
              421755.11009999923
            ],
            [
              155444.78490000311,
              421757.12660000101
            ],
            [
              155443.68570000213,
              421758.02760000713
            ],
            [
              155440.12560000271,
              421760.19270000048
            ],
            [
              155439.13780000061,
              421762.16820000112
            ],
            [
              155438.5875000013,
              421765.37220000103
            ],
            [
              155437.17300000228,
              421767.71760000288
            ],
            [
              155437.07849999983,
              421772.09549999982
            ],
            [
              155435.46509999875,
              421774.89170000143
            ],
            [
              155434.26480000187,
              421775.75140000135
            ],
            [
              155432.23720000405,
              421778.3030999992
            ],
            [
              155430.58059999999,
              421779.57840000466
            ],
            [
              155430.29080000054,
              421783.34579999931
            ],
            [
              155428.16400000174,
              421786.10410000198
            ],
            [
              155427.27100000065,
              421785.44720000215
            ],
            [
              155426.09250000026,
              421785.50050000288
            ],
            [
              155425.28300000075,
              421786.98430000059
            ],
            [
              155424.00760000106,
              421787.8759000022
            ],
            [
              155423.75190000236,
              421790.17410000227
            ],
            [
              155425.24670000095,
              421791.11320000142
            ],
            [
              155430.28480000328,
              421794.57420000248
            ],
            [
              155430.69610000122,
              421799.31360000372
            ],
            [
              155433.34449999966,
              421803.64010000043
            ],
            [
              155433.9701000005,
              421804.73210000806
            ],
            [
              155435.06730000116,
              421807.9922000058
            ],
            [
              155436.78290000092,
              421808.53250000253
            ],
            [
              155441.25009999983,
              421817.76889999956
            ],
            [
              155439.6528000012,
              421822.53900000453
            ],
            [
              155438.11620000005,
              421822.91090000235
            ],
            [
              155436.26570000127,
              421824.8364000041
            ],
            [
              155434.74839999992,
              421826.08750000224
            ],
            [
              155433.48940000311,
              421826.95410000719
            ],
            [
              155432.12450000271,
              421828.51400000229
            ],
            [
              155430.37810000032,
              421828.50810000114
            ],
            [
              155427.47750000376,
              421832.79140000232
            ],
            [
              155425.21480000205,
              421832.44180000201
            ],
            [
              155423.76830000244,
              421833.29790000059
            ],
            [
              155423.40730000008,
              421833.26900000125
            ],
            [
              155421.35360000096,
              421834.21590000205
            ],
            [
              155419.27170000039,
              421834.93490000255
            ],
            [
              155418.35240000207,
              421836.09450000152
            ],
            [
              155417.36140000075,
              421839.13299999945
            ],
            [
              155416.56840000208,
              421839.20370000415
            ],
            [
              155415.80730000325,
              421839.86300000176
            ],
            [
              155414.82820000127,
              421839.96740000136
            ],
            [
              155413.58780000266,
              421842.08010000177
            ],
            [
              155410.84850000404,
              421845.02309999987
            ],
            [
              155409.55680000223,
              421846.79770000279
            ],
            [
              155407.33920000307,
              421851.41939999908
            ],
            [
              155405.52430000156,
              421859.53120000102
            ],
            [
              155403.87490000017,
              421862.39890000224
            ],
            [
              155402.39520000108,
              421868.90640000254
            ],
            [
              155402.63010000158,
              421869.02710000053
            ],
            [
              155401.71850000136,
              421870.60280000232
            ],
            [
              155399.54849999957,
              421874.58269999921
            ],
            [
              155398.04470000416,
              421875.24080000259
            ],
            [
              155398.32270000316,
              421875.51820000261
            ],
            [
              155398.74810000136,
              421890.50840000249
            ],
            [
              155397.17879999895,
              421892.70360000432
            ],
            [
              155394.16610000096,
              421896.33790000156
            ],
            [
              155397.58690000046,
              421902.23120000027
            ],
            [
              155398.32270000316,
              421902.7164000012
            ],
            [
              155413.86230000015,
              421914.66850000247
            ],
            [
              155416.15200000163,
              421917.23080000281
            ],
            [
              155416.58680000156,
              421919.21050000191
            ],
            [
              155418.82360000256,
              421919.17850000039
            ],
            [
              155422.60790000297,
              421919.30850000121
            ],
            [
              155443.22250000294,
              421918.03590000048
            ],
            [
              155454.01800000202,
              421917.92940000445
            ],
            [
              155473.63949999865,
              421916.30170000158
            ],
            [
              155476.07950000092,
              421916.67190000229
            ]
          ]
        ]
      }
    }
  ]
}