{
  "displayFieldName" : "",
  "fieldAliases" : {
    "FID" : "FID",
    "PMNTN_SPOT" : "PMNTN_SPOT",
    "MNTN_CODE" : "MNTN_CODE",
    "MANAGE_SP1" : "MANAGE_SP1",
    "MANAGE_SP2" : "MANAGE_SP2",
    "DETAIL_SPO" : "DETAIL_SPO",
    "ETC_MATTER" : "ETC_MATTER",
    "MNTN_NM" : "MNTN_NM",
    "PAST_SPOT_" : "PAST_SPOT_",
    "MNTN_ID" : "MNTN_ID"
  },
  "geometryType" : "esriGeometryPoint",
  "spatialReference" : {
    "wkt" : "PROJCS[\"PCS_ITRF2000_TM\",GEOGCS[\"GCS_ITRF_2000\",DATUM[\"D_ITRF_2000\",SPHEROID[\"GRS_1980\",6378137.0,298.257222101]],PRIMEM[\"Greenwich\",0.0],UNIT[\"Degree\",0.0174532925199433]],PROJECTION[\"Transverse_Mercator\"],PARAMETER[\"False_Easting\",200000.0],PARAMETER[\"False_Northing\",600000.0],PARAMETER[\"Central_Meridian\",127.0],PARAMETER[\"Scale_Factor\",1.0],PARAMETER[\"Latitude_Of_Origin\",38.0],UNIT[\"Meter\",1.0]]"
  },
  "fields" : [
    {
      "name" : "FID",
      "type" : "esriFieldTypeOID",
      "alias" : "FID"
    },
    {
      "name" : "PMNTN_SPOT",
      "type" : "esriFieldTypeDouble",
      "alias" : "PMNTN_SPOT"
    },
    {
      "name" : "MNTN_CODE",
      "type" : "esriFieldTypeString",
      "alias" : "MNTN_CODE",
      "length" : 9
    },
    {
      "name" : "MANAGE_SP1",
      "type" : "esriFieldTypeString",
      "alias" : "MANAGE_SP1",
      "length" : 2
    },
    {
      "name" : "MANAGE_SP2",
      "type" : "esriFieldTypeString",
      "alias" : "MANAGE_SP2",
      "length" : 50
    },
    {
      "name" : "DETAIL_SPO",
      "type" : "esriFieldTypeString",
      "alias" : "DETAIL_SPO",
      "length" : 200
    },
    {
      "name" : "ETC_MATTER",
      "type" : "esriFieldTypeString",
      "alias" : "ETC_MATTER",
      "length" : 200
    },
    {
      "name" : "MNTN_NM",
      "type" : "esriFieldTypeString",
      "alias" : "MNTN_NM",
      "length" : 50
    },
    {
      "name" : "PAST_SPOT_",
      "type" : "esriFieldTypeString",
      "alias" : "PAST_SPOT_",
      "length" : 14
    },
    {
      "name" : "MNTN_ID",
      "type" : "esriFieldTypeString",
      "alias" : "MNTN_ID",
      "length" : 10
    }
  ],
  "features" : [
    {
      "attributes" : {
        "FID" : 0,
        "PMNTN_SPOT" : 40266,
        "MNTN_CODE" : "301700904",
        "MANAGE_SP1" : "05",
        "MANAGE_SP2" : "벤치",
        "DETAIL_SPO" : "의자2",
        "ETC_MATTER" : " ",
        "MNTN_NM" : "복수근린공원",
        "PAST_SPOT_" : "3017009040001",
        "MNTN_ID" : "301700904"
      },
      "geometry" : {
        "x" : 233349.36789999995,
        "y" : 410522.4803000018
      }
    },
    {
      "attributes" : {
        "FID" : 1,
        "PMNTN_SPOT" : 40267,
        "MNTN_CODE" : "301700904",
        "MANAGE_SP1" : "05",
        "MANAGE_SP2" : "벤치",
        "DETAIL_SPO" : "등의자",
        "ETC_MATTER" : " ",
        "MNTN_NM" : "복수근린공원",
        "PAST_SPOT_" : "3017009040002",
        "MNTN_ID" : "301700904"
      },
      "geometry" : {
        "x" : 232853.15189999994,
        "y" : 411354.85749999993
      }
    },
    {
      "attributes" : {
        "FID" : 2,
        "PMNTN_SPOT" : 40268,
        "MNTN_CODE" : "301700904",
        "MANAGE_SP1" : "99",
        "MANAGE_SP2" : "기타",
        "DETAIL_SPO" : "그늘막2",
        "ETC_MATTER" : " ",
        "MNTN_NM" : "복수근린공원",
        "PAST_SPOT_" : "3017009040003",
        "MNTN_ID" : "301700904"
      },
      "geometry" : {
        "x" : 232852.30330000073,
        "y" : 411355.10199999996
      }
    },
    {
      "attributes" : {
        "FID" : 3,
        "PMNTN_SPOT" : 40269,
        "MNTN_CODE" : "301700904",
        "MANAGE_SP1" : "07",
        "MANAGE_SP2" : "시설물(운동기구 등)",
        "DETAIL_SPO" : "팔굽",
        "ETC_MATTER" : " ",
        "MNTN_NM" : "복수근린공원",
        "PAST_SPOT_" : "3017009040004",
        "MNTN_ID" : "301700904"
      },
      "geometry" : {
        "x" : 232856.82510000188,
        "y" : 411361.56350000203
      }
    },
    {
      "attributes" : {
        "FID" : 4,
        "PMNTN_SPOT" : 40270,
        "MNTN_CODE" : "301700904",
        "MANAGE_SP1" : "07",
        "MANAGE_SP2" : "시설물(운동기구 등)",
        "DETAIL_SPO" : "등치기",
        "ETC_MATTER" : " ",
        "MNTN_NM" : "복수근린공원",
        "PAST_SPOT_" : "3017009040005",
        "MNTN_ID" : "301700904"
      },
      "geometry" : {
        "x" : 232862.19930000138,
        "y" : 411360.40520000458
      }
    },
    {
      "attributes" : {
        "FID" : 5,
        "PMNTN_SPOT" : 40271,
        "MNTN_CODE" : "301700904",
        "MANAGE_SP1" : "99",
        "MANAGE_SP2" : "기타",
        "DETAIL_SPO" : "산불",
        "ETC_MATTER" : " ",
        "MNTN_NM" : "복수근린공원",
        "PAST_SPOT_" : "3017009040006",
        "MNTN_ID" : "301700904"
      },
      "geometry" : {
        "x" : 232845.37389999907,
        "y" : 411342.50370000303
      }
    },
    {
      "attributes" : {
        "FID" : 6,
        "PMNTN_SPOT" : 40272,
        "MNTN_CODE" : "301700904",
        "MANAGE_SP1" : "99",
        "MANAGE_SP2" : "기타",
        "DETAIL_SPO" : "줄",
        "ETC_MATTER" : " ",
        "MNTN_NM" : "복수근린공원",
        "PAST_SPOT_" : "3017009040007",
        "MNTN_ID" : "301700904"
      },
      "geometry" : {
        "x" : 233145.53849999979,
        "y" : 411260.01590000093
      }
    },
    {
      "attributes" : {
        "FID" : 7,
        "PMNTN_SPOT" : 40273,
        "MNTN_CODE" : "301700904",
        "MANAGE_SP1" : "99",
        "MANAGE_SP2" : "기타",
        "DETAIL_SPO" : "로프10m",
        "ETC_MATTER" : " ",
        "MNTN_NM" : "복수근린공원",
        "PAST_SPOT_" : "3017009040008",
        "MNTN_ID" : "301700904"
      },
      "geometry" : {
        "x" : 233084.57600000035,
        "y" : 411461.70820000023
      }
    },
    {
      "attributes" : {
        "FID" : 8,
        "PMNTN_SPOT" : 40274,
        "MNTN_CODE" : "301700904",
        "MANAGE_SP1" : "99",
        "MANAGE_SP2" : "기타",
        "DETAIL_SPO" : "로프20m",
        "ETC_MATTER" : " ",
        "MNTN_NM" : "복수근린공원",
        "PAST_SPOT_" : "3017009040009",
        "MNTN_ID" : "301700904"
      },
      "geometry" : {
        "x" : 233052.64080000017,
        "y" : 411467.09600000083
      }
    },
    {
      "attributes" : {
        "FID" : 9,
        "PMNTN_SPOT" : 40275,
        "MNTN_CODE" : "301700904",
        "MANAGE_SP1" : "99",
        "MANAGE_SP2" : "기타",
        "DETAIL_SPO" : "로픅긑",
        "ETC_MATTER" : " ",
        "MNTN_NM" : "복수근린공원",
        "PAST_SPOT_" : "3017009040010",
        "MNTN_ID" : "301700904"
      },
      "geometry" : {
        "x" : 233007.317900002,
        "y" : 411463.3590000011
      }
    },
    {
      "attributes" : {
        "FID" : 10,
        "PMNTN_SPOT" : 40276,
        "MNTN_CODE" : "301700904",
        "MANAGE_SP1" : "99",
        "MANAGE_SP2" : "기타",
        "DETAIL_SPO" : "로프10m",
        "ETC_MATTER" : " ",
        "MNTN_NM" : "복수근린공원",
        "PAST_SPOT_" : "3017009040011",
        "MNTN_ID" : "301700904"
      },
      "geometry" : {
        "x" : 233003.6286000004,
        "y" : 411455.02099999972
      }
    },
    {
      "attributes" : {
        "FID" : 11,
        "PMNTN_SPOT" : 40277,
        "MNTN_CODE" : "301700904",
        "MANAGE_SP1" : "99",
        "MANAGE_SP2" : "기타",
        "DETAIL_SPO" : "로프6",
        "ETC_MATTER" : " ",
        "MNTN_NM" : "복수근린공원",
        "PAST_SPOT_" : "3017009040012",
        "MNTN_ID" : "301700904"
      },
      "geometry" : {
        "x" : 232945.91169999912,
        "y" : 411442.96910000034
      }
    },
    {
      "attributes" : {
        "FID" : 12,
        "PMNTN_SPOT" : 40278,
        "MNTN_CODE" : "301700904",
        "MANAGE_SP1" : "99",
        "MANAGE_SP2" : "기타",
        "DETAIL_SPO" : "철턉",
        "ETC_MATTER" : " ",
        "MNTN_NM" : "복수근린공원",
        "PAST_SPOT_" : "3017009040013",
        "MNTN_ID" : "301700904"
      },
      "geometry" : {
        "x" : 233338.18530000094,
        "y" : 411339.27430000156
      }
    },
    {
      "attributes" : {
        "FID" : 13,
        "PMNTN_SPOT" : 40279,
        "MNTN_CODE" : "301700904",
        "MANAGE_SP1" : "99",
        "MANAGE_SP2" : "기타",
        "DETAIL_SPO" : "평으자",
        "ETC_MATTER" : " ",
        "MNTN_NM" : "복수근린공원",
        "PAST_SPOT_" : "3017009040014",
        "MNTN_ID" : "301700904"
      },
      "geometry" : {
        "x" : 233416.63670000155,
        "y" : 411620.12380000204
      }
    },
    {
      "attributes" : {
        "FID" : 14,
        "PMNTN_SPOT" : 40280,
        "MNTN_CODE" : "301700904",
        "MANAGE_SP1" : "07",
        "MANAGE_SP2" : "시설물(운동기구 등)",
        "DETAIL_SPO" : "허리돌리기",
        "ETC_MATTER" : " ",
        "MNTN_NM" : "복수근린공원",
        "PAST_SPOT_" : "3017009040015",
        "MNTN_ID" : "301700904"
      },
      "geometry" : {
        "x" : 233417.09750000015,
        "y" : 411615.63230000064
      }
    },
    {
      "attributes" : {
        "FID" : 15,
        "PMNTN_SPOT" : 40281,
        "MNTN_CODE" : "301700904",
        "MANAGE_SP1" : "07",
        "MANAGE_SP2" : "시설물(운동기구 등)",
        "DETAIL_SPO" : "윗몸-파손",
        "ETC_MATTER" : " ",
        "MNTN_NM" : "복수근린공원",
        "PAST_SPOT_" : "3017009040016",
        "MNTN_ID" : "301700904"
      },
      "geometry" : {
        "x" : 233411.83890000079,
        "y" : 411612.64500000142
      }
    },
    {
      "attributes" : {
        "FID" : 16,
        "PMNTN_SPOT" : 40282,
        "MNTN_CODE" : "301700904",
        "MANAGE_SP1" : "11",
        "MANAGE_SP2" : "안내판또는지도",
        "DETAIL_SPO" : "오금안내",
        "ETC_MATTER" : " ",
        "MNTN_NM" : "복수근린공원",
        "PAST_SPOT_" : "3017009040017",
        "MNTN_ID" : "301700904"
      },
      "geometry" : {
        "x" : 233380.33770000096,
        "y" : 411545.82710000314
      }
    },
    {
      "attributes" : {
        "FID" : 17,
        "PMNTN_SPOT" : 40283,
        "MNTN_CODE" : "301700904",
        "MANAGE_SP1" : "99",
        "MANAGE_SP2" : "기타",
        "DETAIL_SPO" : "평의",
        "ETC_MATTER" : " ",
        "MNTN_NM" : "복수근린공원",
        "PAST_SPOT_" : "3017009040018",
        "MNTN_ID" : "301700904"
      },
      "geometry" : {
        "x" : 233380.2677000016,
        "y" : 411543.04279999994
      }
    },
    {
      "attributes" : {
        "FID" : 18,
        "PMNTN_SPOT" : 40284,
        "MNTN_CODE" : "301700904",
        "MANAGE_SP1" : "99",
        "MANAGE_SP2" : "기타",
        "DETAIL_SPO" : "몸통",
        "ETC_MATTER" : " ",
        "MNTN_NM" : "복수근린공원",
        "PAST_SPOT_" : "3017009040019",
        "MNTN_ID" : "301700904"
      },
      "geometry" : {
        "x" : 233382.01400000136,
        "y" : 411541.10890000127
      }
    },
    {
      "attributes" : {
        "FID" : 19,
        "PMNTN_SPOT" : 40285,
        "MNTN_CODE" : "301700904",
        "MANAGE_SP1" : "11",
        "MANAGE_SP2" : "안내판또는지도",
        "DETAIL_SPO" : "몸통안내",
        "ETC_MATTER" : " ",
        "MNTN_NM" : "복수근린공원",
        "PAST_SPOT_" : "3017009040020",
        "MNTN_ID" : "301700904"
      },
      "geometry" : {
        "x" : 233380.10819999874,
        "y" : 411540.1950000003
      }
    },
    {
      "attributes" : {
        "FID" : 20,
        "PMNTN_SPOT" : 40286,
        "MNTN_CODE" : "301700904",
        "MANAGE_SP1" : "99",
        "MANAGE_SP2" : "기타",
        "DETAIL_SPO" : "등치",
        "ETC_MATTER" : " ",
        "MNTN_NM" : "복수근린공원",
        "PAST_SPOT_" : "3017009040021",
        "MNTN_ID" : "301700904"
      },
      "geometry" : {
        "x" : 233380.93090000004,
        "y" : 411539.93869999982
      }
    },
    {
      "attributes" : {
        "FID" : 21,
        "PMNTN_SPOT" : 40287,
        "MNTN_CODE" : "301700904",
        "MANAGE_SP1" : "11",
        "MANAGE_SP2" : "안내판또는지도",
        "DETAIL_SPO" : "윗몸안내",
        "ETC_MATTER" : " ",
        "MNTN_NM" : "복수근린공원",
        "PAST_SPOT_" : "3017009040022",
        "MNTN_ID" : "301700904"
      },
      "geometry" : {
        "x" : 233376.4581000004,
        "y" : 411539.53219999932
      }
    },
    {
      "attributes" : {
        "FID" : 22,
        "PMNTN_SPOT" : 40288,
        "MNTN_CODE" : "301700904",
        "MANAGE_SP1" : "07",
        "MANAGE_SP2" : "시설물(운동기구 등)",
        "DETAIL_SPO" : "윗몸",
        "ETC_MATTER" : " ",
        "MNTN_NM" : "복수근린공원",
        "PAST_SPOT_" : "3017009040023",
        "MNTN_ID" : "301700904"
      },
      "geometry" : {
        "x" : 233373.24360000063,
        "y" : 411541.33249999955
      }
    },
    {
      "attributes" : {
        "FID" : 23,
        "PMNTN_SPOT" : 40289,
        "MNTN_CODE" : "301700904",
        "MANAGE_SP1" : "07",
        "MANAGE_SP2" : "시설물(운동기구 등)",
        "DETAIL_SPO" : "펑행봉",
        "ETC_MATTER" : " ",
        "MNTN_NM" : "복수근린공원",
        "PAST_SPOT_" : "3017009040024",
        "MNTN_ID" : "301700904"
      },
      "geometry" : {
        "x" : 233370.72900000121,
        "y" : 411541.40080000088
      }
    },
    {
      "attributes" : {
        "FID" : 24,
        "PMNTN_SPOT" : 40290,
        "MNTN_CODE" : "301700904",
        "MANAGE_SP1" : "99",
        "MANAGE_SP2" : "기타",
        "DETAIL_SPO" : "펑의",
        "ETC_MATTER" : " ",
        "MNTN_NM" : "복수근린공원",
        "PAST_SPOT_" : "3017009040025",
        "MNTN_ID" : "301700904"
      },
      "geometry" : {
        "x" : 233370.6117000021,
        "y" : 411539.06750000082
      }
    },
    {
      "attributes" : {
        "FID" : 25,
        "PMNTN_SPOT" : 40291,
        "MNTN_CODE" : "301700904",
        "MANAGE_SP1" : "99",
        "MANAGE_SP2" : "기타",
        "DETAIL_SPO" : "펑의",
        "ETC_MATTER" : " ",
        "MNTN_NM" : "복수근린공원",
        "PAST_SPOT_" : "3017009040026",
        "MNTN_ID" : "301700904"
      },
      "geometry" : {
        "x" : 233375.19710000139,
        "y" : 411533.0877000019
      }
    },
    {
      "attributes" : {
        "FID" : 26,
        "PMNTN_SPOT" : 40292,
        "MNTN_CODE" : "301700904",
        "MANAGE_SP1" : "07",
        "MANAGE_SP2" : "시설물(운동기구 등)",
        "DETAIL_SPO" : "철봉",
        "ETC_MATTER" : " ",
        "MNTN_NM" : "복수근린공원",
        "PAST_SPOT_" : "3017009040027",
        "MNTN_ID" : "301700904"
      },
      "geometry" : {
        "x" : 233380.51169999875,
        "y" : 411537.82790000178
      }
    },
    {
      "attributes" : {
        "FID" : 27,
        "PMNTN_SPOT" : 40293,
        "MNTN_CODE" : "301700904",
        "MANAGE_SP1" : "07",
        "MANAGE_SP2" : "시설물(운동기구 등)",
        "DETAIL_SPO" : "허리",
        "ETC_MATTER" : " ",
        "MNTN_NM" : "복수근린공원",
        "PAST_SPOT_" : "3017009040028",
        "MNTN_ID" : "301700904"
      },
      "geometry" : {
        "x" : 233379.86890000012,
        "y" : 411536.06699999981
      }
    },
    {
      "attributes" : {
        "FID" : 28,
        "PMNTN_SPOT" : 40294,
        "MNTN_CODE" : "301700904",
        "MANAGE_SP1" : "99",
        "MANAGE_SP2" : "기타",
        "DETAIL_SPO" : "평의2",
        "ETC_MATTER" : " ",
        "MNTN_NM" : "복수근린공원",
        "PAST_SPOT_" : "3017009040029",
        "MNTN_ID" : "301700904"
      },
      "geometry" : {
        "x" : 233479.82010000013,
        "y" : 410820.45979999937
      }
    },
    {
      "attributes" : {
        "FID" : 29,
        "PMNTN_SPOT" : 40295,
        "MNTN_CODE" : "301700904",
        "MANAGE_SP1" : "07",
        "MANAGE_SP2" : "시설물(운동기구 등)",
        "DETAIL_SPO" : "철봉",
        "ETC_MATTER" : " ",
        "MNTN_NM" : "복수근린공원",
        "PAST_SPOT_" : "3017009040030",
        "MNTN_ID" : "301700904"
      },
      "geometry" : {
        "x" : 233487.29120000172,
        "y" : 410816.74370000139
      }
    },
    {
      "attributes" : {
        "FID" : 30,
        "PMNTN_SPOT" : 40296,
        "MNTN_CODE" : "301700904",
        "MANAGE_SP1" : "99",
        "MANAGE_SP2" : "기타",
        "DETAIL_SPO" : "펄굽",
        "ETC_MATTER" : " ",
        "MNTN_NM" : "복수근린공원",
        "PAST_SPOT_" : "3017009040031",
        "MNTN_ID" : "301700904"
      },
      "geometry" : {
        "x" : 233465.92810000014,
        "y" : 410827.13360000029
      }
    },
    {
      "attributes" : {
        "FID" : 31,
        "PMNTN_SPOT" : 40297,
        "MNTN_CODE" : "301700904",
        "MANAGE_SP1" : "99",
        "MANAGE_SP2" : "기타",
        "DETAIL_SPO" : "몸통",
        "ETC_MATTER" : " ",
        "MNTN_NM" : "복수근린공원",
        "PAST_SPOT_" : "3017009040032",
        "MNTN_ID" : "301700904"
      },
      "geometry" : {
        "x" : 233468.77830000222,
        "y" : 410826.83599999733
      }
    },
    {
      "attributes" : {
        "FID" : 32,
        "PMNTN_SPOT" : 40298,
        "MNTN_CODE" : "301700904",
        "MANAGE_SP1" : "99",
        "MANAGE_SP2" : "기타",
        "DETAIL_SPO" : "평행",
        "ETC_MATTER" : " ",
        "MNTN_NM" : "복수근린공원",
        "PAST_SPOT_" : "3017009040033",
        "MNTN_ID" : "301700904"
      },
      "geometry" : {
        "x" : 233469.77410000097,
        "y" : 410833.84100000188
      }
    },
    {
      "attributes" : {
        "FID" : 33,
        "PMNTN_SPOT" : 40299,
        "MNTN_CODE" : "301700904",
        "MANAGE_SP1" : "99",
        "MANAGE_SP2" : "기타",
        "DETAIL_SPO" : "평의2",
        "ETC_MATTER" : " ",
        "MNTN_NM" : "복수근린공원",
        "PAST_SPOT_" : "3017009040034",
        "MNTN_ID" : "301700904"
      },
      "geometry" : {
        "x" : 233471.56909999996,
        "y" : 410830.94780000113
      }
    },
    {
      "attributes" : {
        "FID" : 34,
        "PMNTN_SPOT" : 40300,
        "MNTN_CODE" : "301700904",
        "MANAGE_SP1" : "99",
        "MANAGE_SP2" : "기타",
        "DETAIL_SPO" : "평의",
        "ETC_MATTER" : " ",
        "MNTN_NM" : "복수근린공원",
        "PAST_SPOT_" : "3017009040035",
        "MNTN_ID" : "301700904"
      },
      "geometry" : {
        "x" : 233483.41480000038,
        "y" : 410828.17569999956
      }
    },
    {
      "attributes" : {
        "FID" : 35,
        "PMNTN_SPOT" : 40301,
        "MNTN_CODE" : "301700904",
        "MANAGE_SP1" : "11",
        "MANAGE_SP2" : "안내판또는지도",
        "DETAIL_SPO" : "윗몸안내",
        "ETC_MATTER" : " ",
        "MNTN_NM" : "복수근린공원",
        "PAST_SPOT_" : "3017009040036",
        "MNTN_ID" : "301700904"
      },
      "geometry" : {
        "x" : 233489.86099999957,
        "y" : 410829.10200000182
      }
    },
    {
      "attributes" : {
        "FID" : 36,
        "PMNTN_SPOT" : 40302,
        "MNTN_CODE" : "301700904",
        "MANAGE_SP1" : "07",
        "MANAGE_SP2" : "시설물(운동기구 등)",
        "DETAIL_SPO" : "윗몸",
        "ETC_MATTER" : " ",
        "MNTN_NM" : "복수근린공원",
        "PAST_SPOT_" : "3017009040037",
        "MNTN_ID" : "301700904"
      },
      "geometry" : {
        "x" : 233489.43630000018,
        "y" : 410833.82370000146
      }
    },
    {
      "attributes" : {
        "FID" : 37,
        "PMNTN_SPOT" : 40303,
        "MNTN_CODE" : "301700904",
        "MANAGE_SP1" : "11",
        "MANAGE_SP2" : "안내판또는지도",
        "DETAIL_SPO" : "윗몸안내",
        "ETC_MATTER" : " ",
        "MNTN_NM" : "복수근린공원",
        "PAST_SPOT_" : "3017009040038",
        "MNTN_ID" : "301700904"
      },
      "geometry" : {
        "x" : 233492.13489999902,
        "y" : 410834.34390000068
      }
    },
    {
      "attributes" : {
        "FID" : 38,
        "PMNTN_SPOT" : 40304,
        "MNTN_CODE" : "301700904",
        "MANAGE_SP1" : "99",
        "MANAGE_SP2" : "기타",
        "DETAIL_SPO" : "평의",
        "ETC_MATTER" : " ",
        "MNTN_NM" : "복수근린공원",
        "PAST_SPOT_" : "3017009040039",
        "MNTN_ID" : "301700904"
      },
      "geometry" : {
        "x" : 233496.77139999997,
        "y" : 410837.43700000271
      }
    },
    {
      "attributes" : {
        "FID" : 39,
        "PMNTN_SPOT" : 40305,
        "MNTN_CODE" : "301700904",
        "MANAGE_SP1" : "99",
        "MANAGE_SP2" : "기타",
        "DETAIL_SPO" : "오금",
        "ETC_MATTER" : " ",
        "MNTN_NM" : "복수근린공원",
        "PAST_SPOT_" : "3017009040040",
        "MNTN_ID" : "301700904"
      },
      "geometry" : {
        "x" : 233493.14600000158,
        "y" : 410841.94320000149
      }
    },
    {
      "attributes" : {
        "FID" : 40,
        "PMNTN_SPOT" : 40306,
        "MNTN_CODE" : "301700904",
        "MANAGE_SP1" : "99",
        "MANAGE_SP2" : "기타",
        "DETAIL_SPO" : "몸통",
        "ETC_MATTER" : " ",
        "MNTN_NM" : "복수근린공원",
        "PAST_SPOT_" : "3017009040041",
        "MNTN_ID" : "301700904"
      },
      "geometry" : {
        "x" : 233489.13009999972,
        "y" : 410841.99550000019
      }
    },
    {
      "attributes" : {
        "FID" : 41,
        "PMNTN_SPOT" : 40307,
        "MNTN_CODE" : "301700904",
        "MANAGE_SP1" : "07",
        "MANAGE_SP2" : "시설물(운동기구 등)",
        "DETAIL_SPO" : "허리",
        "ETC_MATTER" : " ",
        "MNTN_NM" : "복수근린공원",
        "PAST_SPOT_" : "3017009040042",
        "MNTN_ID" : "301700904"
      },
      "geometry" : {
        "x" : 233490.35300000105,
        "y" : 410841.88360000215
      }
    },
    {
      "attributes" : {
        "FID" : 42,
        "PMNTN_SPOT" : 40308,
        "MNTN_CODE" : "301700904",
        "MANAGE_SP1" : "07",
        "MANAGE_SP2" : "시설물(운동기구 등)",
        "DETAIL_SPO" : "팔굽",
        "ETC_MATTER" : " ",
        "MNTN_NM" : "복수근린공원",
        "PAST_SPOT_" : "3017009040043",
        "MNTN_ID" : "301700904"
      },
      "geometry" : {
        "x" : 233491.02229999937,
        "y" : 410835.99320000038
      }
    },
    {
      "attributes" : {
        "FID" : 43,
        "PMNTN_SPOT" : 40309,
        "MNTN_CODE" : "301700904",
        "MANAGE_SP1" : "99",
        "MANAGE_SP2" : "기타",
        "DETAIL_SPO" : "평의",
        "ETC_MATTER" : " ",
        "MNTN_NM" : "복수근린공원",
        "PAST_SPOT_" : "3017009040044",
        "MNTN_ID" : "301700904"
      },
      "geometry" : {
        "x" : 233489.17560000159,
        "y" : 410837.97509999946
      }
    },
    {
      "attributes" : {
        "FID" : 44,
        "PMNTN_SPOT" : 40310,
        "MNTN_CODE" : "301700904",
        "MANAGE_SP1" : "99",
        "MANAGE_SP2" : "기타",
        "DETAIL_SPO" : "산불",
        "ETC_MATTER" : " ",
        "MNTN_NM" : "복수근린공원",
        "PAST_SPOT_" : "3017009040045",
        "MNTN_ID" : "301700904"
      },
      "geometry" : {
        "x" : 232555.87349999882,
        "y" : 410279.63000000268
      }
    },
    {
      "attributes" : {
        "FID" : 45,
        "PMNTN_SPOT" : 40311,
        "MNTN_CODE" : "301700904",
        "MANAGE_SP1" : "99",
        "MANAGE_SP2" : "기타",
        "DETAIL_SPO" : "밧줄",
        "ETC_MATTER" : " ",
        "MNTN_NM" : "복수근린공원",
        "PAST_SPOT_" : "3017009040046",
        "MNTN_ID" : "301700904"
      },
      "geometry" : {
        "x" : 232932.96999999788,
        "y" : 410490.01030000113
      }
    },
    {
      "attributes" : {
        "FID" : 46,
        "PMNTN_SPOT" : 40312,
        "MNTN_CODE" : "301700904",
        "MANAGE_SP1" : "05",
        "MANAGE_SP2" : "벤치",
        "DETAIL_SPO" : "평의자",
        "ETC_MATTER" : " ",
        "MNTN_NM" : "복수근린공원",
        "PAST_SPOT_" : "3017009040047",
        "MNTN_ID" : "301700904"
      },
      "geometry" : {
        "x" : 233058.31270000059,
        "y" : 409838.67170000263
      }
    },
    {
      "attributes" : {
        "FID" : 47,
        "PMNTN_SPOT" : 40313,
        "MNTN_CODE" : "301700904",
        "MANAGE_SP1" : "05",
        "MANAGE_SP2" : "벤치",
        "DETAIL_SPO" : "평의자",
        "ETC_MATTER" : " ",
        "MNTN_NM" : "복수근린공원",
        "PAST_SPOT_" : "3017009040048",
        "MNTN_ID" : "301700904"
      },
      "geometry" : {
        "x" : 233060.56960000005,
        "y" : 409827.90550000034
      }
    },
    {
      "attributes" : {
        "FID" : 48,
        "PMNTN_SPOT" : 40314,
        "MNTN_CODE" : "301700904",
        "MANAGE_SP1" : "05",
        "MANAGE_SP2" : "벤치",
        "DETAIL_SPO" : "등의자",
        "ETC_MATTER" : " ",
        "MNTN_NM" : "복수근린공원",
        "PAST_SPOT_" : "3017009040049",
        "MNTN_ID" : "301700904"
      },
      "geometry" : {
        "x" : 232853.15189999994,
        "y" : 411354.85749999993
      }
    },
    {
      "attributes" : {
        "FID" : 49,
        "PMNTN_SPOT" : 40315,
        "MNTN_CODE" : "301700904",
        "MANAGE_SP1" : "99",
        "MANAGE_SP2" : "기타",
        "DETAIL_SPO" : "그늘막2",
        "ETC_MATTER" : " ",
        "MNTN_NM" : "복수근린공원",
        "PAST_SPOT_" : "3017009040050",
        "MNTN_ID" : "301700904"
      },
      "geometry" : {
        "x" : 232852.30330000073,
        "y" : 411355.10199999996
      }
    },
    {
      "attributes" : {
        "FID" : 50,
        "PMNTN_SPOT" : 40316,
        "MNTN_CODE" : "301700904",
        "MANAGE_SP1" : "07",
        "MANAGE_SP2" : "시설물(운동기구 등)",
        "DETAIL_SPO" : "팔굽",
        "ETC_MATTER" : " ",
        "MNTN_NM" : "복수근린공원",
        "PAST_SPOT_" : "3017009040051",
        "MNTN_ID" : "301700904"
      },
      "geometry" : {
        "x" : 232856.82510000188,
        "y" : 411361.56350000203
      }
    },
    {
      "attributes" : {
        "FID" : 51,
        "PMNTN_SPOT" : 40317,
        "MNTN_CODE" : "301700904",
        "MANAGE_SP1" : "07",
        "MANAGE_SP2" : "시설물(운동기구 등)",
        "DETAIL_SPO" : "등치기",
        "ETC_MATTER" : " ",
        "MNTN_NM" : "복수근린공원",
        "PAST_SPOT_" : "3017009040052",
        "MNTN_ID" : "301700904"
      },
      "geometry" : {
        "x" : 232862.19930000138,
        "y" : 411360.40520000458
      }
    },
    {
      "attributes" : {
        "FID" : 52,
        "PMNTN_SPOT" : 40318,
        "MNTN_CODE" : "301700904",
        "MANAGE_SP1" : "99",
        "MANAGE_SP2" : "기타",
        "DETAIL_SPO" : "산불",
        "ETC_MATTER" : " ",
        "MNTN_NM" : "복수근린공원",
        "PAST_SPOT_" : "3017009040053",
        "MNTN_ID" : "301700904"
      },
      "geometry" : {
        "x" : 232845.37389999907,
        "y" : 411342.50370000303
      }
    },
    {
      "attributes" : {
        "FID" : 53,
        "PMNTN_SPOT" : 40319,
        "MNTN_CODE" : "301700904",
        "MANAGE_SP1" : "99",
        "MANAGE_SP2" : "기타",
        "DETAIL_SPO" : "줄",
        "ETC_MATTER" : " ",
        "MNTN_NM" : "복수근린공원",
        "PAST_SPOT_" : "3017009040054",
        "MNTN_ID" : "301700904"
      },
      "geometry" : {
        "x" : 233145.53849999979,
        "y" : 411260.01590000093
      }
    },
    {
      "attributes" : {
        "FID" : 54,
        "PMNTN_SPOT" : 40320,
        "MNTN_CODE" : "301700904",
        "MANAGE_SP1" : "99",
        "MANAGE_SP2" : "기타",
        "DETAIL_SPO" : "로프10m",
        "ETC_MATTER" : " ",
        "MNTN_NM" : "복수근린공원",
        "PAST_SPOT_" : "3017009040055",
        "MNTN_ID" : "301700904"
      },
      "geometry" : {
        "x" : 233084.57600000035,
        "y" : 411461.70820000023
      }
    },
    {
      "attributes" : {
        "FID" : 55,
        "PMNTN_SPOT" : 40321,
        "MNTN_CODE" : "301700904",
        "MANAGE_SP1" : "99",
        "MANAGE_SP2" : "기타",
        "DETAIL_SPO" : "로프20m",
        "ETC_MATTER" : " ",
        "MNTN_NM" : "복수근린공원",
        "PAST_SPOT_" : "3017009040056",
        "MNTN_ID" : "301700904"
      },
      "geometry" : {
        "x" : 233052.64080000017,
        "y" : 411467.09600000083
      }
    },
    {
      "attributes" : {
        "FID" : 56,
        "PMNTN_SPOT" : 40322,
        "MNTN_CODE" : "301700904",
        "MANAGE_SP1" : "99",
        "MANAGE_SP2" : "기타",
        "DETAIL_SPO" : "로픅긑",
        "ETC_MATTER" : " ",
        "MNTN_NM" : "복수근린공원",
        "PAST_SPOT_" : "3017009040057",
        "MNTN_ID" : "301700904"
      },
      "geometry" : {
        "x" : 233007.317900002,
        "y" : 411463.3590000011
      }
    },
    {
      "attributes" : {
        "FID" : 57,
        "PMNTN_SPOT" : 40323,
        "MNTN_CODE" : "301700904",
        "MANAGE_SP1" : "99",
        "MANAGE_SP2" : "기타",
        "DETAIL_SPO" : "로프10m",
        "ETC_MATTER" : " ",
        "MNTN_NM" : "복수근린공원",
        "PAST_SPOT_" : "3017009040058",
        "MNTN_ID" : "301700904"
      },
      "geometry" : {
        "x" : 233003.6286000004,
        "y" : 411455.02099999972
      }
    },
    {
      "attributes" : {
        "FID" : 58,
        "PMNTN_SPOT" : 40324,
        "MNTN_CODE" : "301700904",
        "MANAGE_SP1" : "99",
        "MANAGE_SP2" : "기타",
        "DETAIL_SPO" : "로프6",
        "ETC_MATTER" : " ",
        "MNTN_NM" : "복수근린공원",
        "PAST_SPOT_" : "3017009040059",
        "MNTN_ID" : "301700904"
      },
      "geometry" : {
        "x" : 232945.91169999912,
        "y" : 411442.96910000034
      }
    },
    {
      "attributes" : {
        "FID" : 59,
        "PMNTN_SPOT" : 40325,
        "MNTN_CODE" : "301700904",
        "MANAGE_SP1" : "99",
        "MANAGE_SP2" : "기타",
        "DETAIL_SPO" : "철턉",
        "ETC_MATTER" : " ",
        "MNTN_NM" : "복수근린공원",
        "PAST_SPOT_" : "3017009040060",
        "MNTN_ID" : "301700904"
      },
      "geometry" : {
        "x" : 233338.18530000094,
        "y" : 411339.27430000156
      }
    },
    {
      "attributes" : {
        "FID" : 60,
        "PMNTN_SPOT" : 40326,
        "MNTN_CODE" : "301700904",
        "MANAGE_SP1" : "99",
        "MANAGE_SP2" : "기타",
        "DETAIL_SPO" : "평으자",
        "ETC_MATTER" : " ",
        "MNTN_NM" : "복수근린공원",
        "PAST_SPOT_" : "3017009040061",
        "MNTN_ID" : "301700904"
      },
      "geometry" : {
        "x" : 233416.63670000155,
        "y" : 411620.12380000204
      }
    },
    {
      "attributes" : {
        "FID" : 61,
        "PMNTN_SPOT" : 40327,
        "MNTN_CODE" : "301700904",
        "MANAGE_SP1" : "07",
        "MANAGE_SP2" : "시설물(운동기구 등)",
        "DETAIL_SPO" : "허리돌리기",
        "ETC_MATTER" : " ",
        "MNTN_NM" : "복수근린공원",
        "PAST_SPOT_" : "3017009040062",
        "MNTN_ID" : "301700904"
      },
      "geometry" : {
        "x" : 233417.09750000015,
        "y" : 411615.63230000064
      }
    },
    {
      "attributes" : {
        "FID" : 62,
        "PMNTN_SPOT" : 40328,
        "MNTN_CODE" : "301700904",
        "MANAGE_SP1" : "07",
        "MANAGE_SP2" : "시설물(운동기구 등)",
        "DETAIL_SPO" : "윗몸-파손",
        "ETC_MATTER" : " ",
        "MNTN_NM" : "복수근린공원",
        "PAST_SPOT_" : "3017009040063",
        "MNTN_ID" : "301700904"
      },
      "geometry" : {
        "x" : 233411.83890000079,
        "y" : 411612.64500000142
      }
    },
    {
      "attributes" : {
        "FID" : 63,
        "PMNTN_SPOT" : 40329,
        "MNTN_CODE" : "301700904",
        "MANAGE_SP1" : "99",
        "MANAGE_SP2" : "기타",
        "DETAIL_SPO" : "평2",
        "ETC_MATTER" : " ",
        "MNTN_NM" : "복수근린공원",
        "PAST_SPOT_" : "3017009040064",
        "MNTN_ID" : "301700904"
      },
      "geometry" : {
        "x" : 233415.65210000053,
        "y" : 411611.88319999911
      }
    },
    {
      "attributes" : {
        "FID" : 64,
        "PMNTN_SPOT" : 40330,
        "MNTN_CODE" : "301700904",
        "MANAGE_SP1" : "99",
        "MANAGE_SP2" : "기타",
        "DETAIL_SPO" : "평의1파손",
        "ETC_MATTER" : " ",
        "MNTN_NM" : "복수근린공원",
        "PAST_SPOT_" : "3017009040065",
        "MNTN_ID" : "301700904"
      },
      "geometry" : {
        "x" : 233419.14890000038,
        "y" : 411614.57410000078
      }
    },
    {
      "attributes" : {
        "FID" : 65,
        "PMNTN_SPOT" : 40331,
        "MNTN_CODE" : "301700904",
        "MANAGE_SP1" : "11",
        "MANAGE_SP2" : "안내판또는지도",
        "DETAIL_SPO" : "오금안내",
        "ETC_MATTER" : " ",
        "MNTN_NM" : "복수근린공원",
        "PAST_SPOT_" : "3017009040066",
        "MNTN_ID" : "301700904"
      },
      "geometry" : {
        "x" : 233380.33770000096,
        "y" : 411545.82710000314
      }
    },
    {
      "attributes" : {
        "FID" : 66,
        "PMNTN_SPOT" : 40332,
        "MNTN_CODE" : "301700904",
        "MANAGE_SP1" : "99",
        "MANAGE_SP2" : "기타",
        "DETAIL_SPO" : "평의",
        "ETC_MATTER" : " ",
        "MNTN_NM" : "복수근린공원",
        "PAST_SPOT_" : "3017009040067",
        "MNTN_ID" : "301700904"
      },
      "geometry" : {
        "x" : 233380.2677000016,
        "y" : 411543.04279999994
      }
    },
    {
      "attributes" : {
        "FID" : 67,
        "PMNTN_SPOT" : 40333,
        "MNTN_CODE" : "301700904",
        "MANAGE_SP1" : "99",
        "MANAGE_SP2" : "기타",
        "DETAIL_SPO" : "몸통",
        "ETC_MATTER" : " ",
        "MNTN_NM" : "복수근린공원",
        "PAST_SPOT_" : "3017009040068",
        "MNTN_ID" : "301700904"
      },
      "geometry" : {
        "x" : 233382.01400000136,
        "y" : 411541.10890000127
      }
    },
    {
      "attributes" : {
        "FID" : 68,
        "PMNTN_SPOT" : 40334,
        "MNTN_CODE" : "301700904",
        "MANAGE_SP1" : "11",
        "MANAGE_SP2" : "안내판또는지도",
        "DETAIL_SPO" : "몸통안내",
        "ETC_MATTER" : " ",
        "MNTN_NM" : "복수근린공원",
        "PAST_SPOT_" : "3017009040069",
        "MNTN_ID" : "301700904"
      },
      "geometry" : {
        "x" : 233380.10819999874,
        "y" : 411540.1950000003
      }
    },
    {
      "attributes" : {
        "FID" : 69,
        "PMNTN_SPOT" : 40335,
        "MNTN_CODE" : "301700904",
        "MANAGE_SP1" : "99",
        "MANAGE_SP2" : "기타",
        "DETAIL_SPO" : "등치",
        "ETC_MATTER" : " ",
        "MNTN_NM" : "복수근린공원",
        "PAST_SPOT_" : "3017009040070",
        "MNTN_ID" : "301700904"
      },
      "geometry" : {
        "x" : 233380.93090000004,
        "y" : 411539.93869999982
      }
    },
    {
      "attributes" : {
        "FID" : 70,
        "PMNTN_SPOT" : 40336,
        "MNTN_CODE" : "301700904",
        "MANAGE_SP1" : "11",
        "MANAGE_SP2" : "안내판또는지도",
        "DETAIL_SPO" : "윗몸안내",
        "ETC_MATTER" : " ",
        "MNTN_NM" : "복수근린공원",
        "PAST_SPOT_" : "3017009040071",
        "MNTN_ID" : "301700904"
      },
      "geometry" : {
        "x" : 233376.4581000004,
        "y" : 411539.53219999932
      }
    },
    {
      "attributes" : {
        "FID" : 71,
        "PMNTN_SPOT" : 40337,
        "MNTN_CODE" : "301700904",
        "MANAGE_SP1" : "07",
        "MANAGE_SP2" : "시설물(운동기구 등)",
        "DETAIL_SPO" : "윗몸",
        "ETC_MATTER" : " ",
        "MNTN_NM" : "복수근린공원",
        "PAST_SPOT_" : "3017009040072",
        "MNTN_ID" : "301700904"
      },
      "geometry" : {
        "x" : 233373.24360000063,
        "y" : 411541.33249999955
      }
    },
    {
      "attributes" : {
        "FID" : 72,
        "PMNTN_SPOT" : 40338,
        "MNTN_CODE" : "301700904",
        "MANAGE_SP1" : "07",
        "MANAGE_SP2" : "시설물(운동기구 등)",
        "DETAIL_SPO" : "펑행봉",
        "ETC_MATTER" : " ",
        "MNTN_NM" : "복수근린공원",
        "PAST_SPOT_" : "3017009040073",
        "MNTN_ID" : "301700904"
      },
      "geometry" : {
        "x" : 233370.72900000121,
        "y" : 411541.40080000088
      }
    },
    {
      "attributes" : {
        "FID" : 73,
        "PMNTN_SPOT" : 40339,
        "MNTN_CODE" : "301700904",
        "MANAGE_SP1" : "99",
        "MANAGE_SP2" : "기타",
        "DETAIL_SPO" : "펑의",
        "ETC_MATTER" : " ",
        "MNTN_NM" : "복수근린공원",
        "PAST_SPOT_" : "3017009040074",
        "MNTN_ID" : "301700904"
      },
      "geometry" : {
        "x" : 233370.6117000021,
        "y" : 411539.06750000082
      }
    },
    {
      "attributes" : {
        "FID" : 74,
        "PMNTN_SPOT" : 40340,
        "MNTN_CODE" : "301700904",
        "MANAGE_SP1" : "99",
        "MANAGE_SP2" : "기타",
        "DETAIL_SPO" : "펑의",
        "ETC_MATTER" : " ",
        "MNTN_NM" : "복수근린공원",
        "PAST_SPOT_" : "3017009040075",
        "MNTN_ID" : "301700904"
      },
      "geometry" : {
        "x" : 233375.19710000139,
        "y" : 411533.0877000019
      }
    },
    {
      "attributes" : {
        "FID" : 75,
        "PMNTN_SPOT" : 40341,
        "MNTN_CODE" : "301700904",
        "MANAGE_SP1" : "07",
        "MANAGE_SP2" : "시설물(운동기구 등)",
        "DETAIL_SPO" : "철봉",
        "ETC_MATTER" : " ",
        "MNTN_NM" : "복수근린공원",
        "PAST_SPOT_" : "3017009040076",
        "MNTN_ID" : "301700904"
      },
      "geometry" : {
        "x" : 233380.51169999875,
        "y" : 411537.82790000178
      }
    },
    {
      "attributes" : {
        "FID" : 76,
        "PMNTN_SPOT" : 40342,
        "MNTN_CODE" : "301700904",
        "MANAGE_SP1" : "07",
        "MANAGE_SP2" : "시설물(운동기구 등)",
        "DETAIL_SPO" : "허리",
        "ETC_MATTER" : " ",
        "MNTN_NM" : "복수근린공원",
        "PAST_SPOT_" : "3017009040077",
        "MNTN_ID" : "301700904"
      },
      "geometry" : {
        "x" : 233379.86890000012,
        "y" : 411536.06699999981
      }
    },
    {
      "attributes" : {
        "FID" : 77,
        "PMNTN_SPOT" : 40343,
        "MNTN_CODE" : "301700904",
        "MANAGE_SP1" : "99",
        "MANAGE_SP2" : "기타",
        "DETAIL_SPO" : "평의2",
        "ETC_MATTER" : " ",
        "MNTN_NM" : "복수근린공원",
        "PAST_SPOT_" : "3017009040078",
        "MNTN_ID" : "301700904"
      },
      "geometry" : {
        "x" : 233479.82010000013,
        "y" : 410820.45979999937
      }
    },
    {
      "attributes" : {
        "FID" : 78,
        "PMNTN_SPOT" : 40344,
        "MNTN_CODE" : "301700904",
        "MANAGE_SP1" : "07",
        "MANAGE_SP2" : "시설물(운동기구 등)",
        "DETAIL_SPO" : "철봉",
        "ETC_MATTER" : " ",
        "MNTN_NM" : "복수근린공원",
        "PAST_SPOT_" : "3017009040079",
        "MNTN_ID" : "301700904"
      },
      "geometry" : {
        "x" : 233487.29120000172,
        "y" : 410816.74370000139
      }
    },
    {
      "attributes" : {
        "FID" : 79,
        "PMNTN_SPOT" : 40345,
        "MNTN_CODE" : "301700904",
        "MANAGE_SP1" : "99",
        "MANAGE_SP2" : "기타",
        "DETAIL_SPO" : "펄굽",
        "ETC_MATTER" : " ",
        "MNTN_NM" : "복수근린공원",
        "PAST_SPOT_" : "3017009040080",
        "MNTN_ID" : "301700904"
      },
      "geometry" : {
        "x" : 233465.92810000014,
        "y" : 410827.13360000029
      }
    },
    {
      "attributes" : {
        "FID" : 80,
        "PMNTN_SPOT" : 40346,
        "MNTN_CODE" : "301700904",
        "MANAGE_SP1" : "99",
        "MANAGE_SP2" : "기타",
        "DETAIL_SPO" : "몸통",
        "ETC_MATTER" : " ",
        "MNTN_NM" : "복수근린공원",
        "PAST_SPOT_" : "3017009040081",
        "MNTN_ID" : "301700904"
      },
      "geometry" : {
        "x" : 233468.77830000222,
        "y" : 410826.83599999733
      }
    },
    {
      "attributes" : {
        "FID" : 81,
        "PMNTN_SPOT" : 40347,
        "MNTN_CODE" : "301700904",
        "MANAGE_SP1" : "99",
        "MANAGE_SP2" : "기타",
        "DETAIL_SPO" : "평행",
        "ETC_MATTER" : " ",
        "MNTN_NM" : "복수근린공원",
        "PAST_SPOT_" : "3017009040082",
        "MNTN_ID" : "301700904"
      },
      "geometry" : {
        "x" : 233469.77410000097,
        "y" : 410833.84100000188
      }
    },
    {
      "attributes" : {
        "FID" : 82,
        "PMNTN_SPOT" : 40348,
        "MNTN_CODE" : "301700904",
        "MANAGE_SP1" : "99",
        "MANAGE_SP2" : "기타",
        "DETAIL_SPO" : "평의2",
        "ETC_MATTER" : " ",
        "MNTN_NM" : "복수근린공원",
        "PAST_SPOT_" : "3017009040083",
        "MNTN_ID" : "301700904"
      },
      "geometry" : {
        "x" : 233471.56909999996,
        "y" : 410830.94780000113
      }
    },
    {
      "attributes" : {
        "FID" : 83,
        "PMNTN_SPOT" : 40349,
        "MNTN_CODE" : "301700904",
        "MANAGE_SP1" : "99",
        "MANAGE_SP2" : "기타",
        "DETAIL_SPO" : "평의",
        "ETC_MATTER" : " ",
        "MNTN_NM" : "복수근린공원",
        "PAST_SPOT_" : "3017009040084",
        "MNTN_ID" : "301700904"
      },
      "geometry" : {
        "x" : 233483.41480000038,
        "y" : 410828.17569999956
      }
    },
    {
      "attributes" : {
        "FID" : 84,
        "PMNTN_SPOT" : 40350,
        "MNTN_CODE" : "301700904",
        "MANAGE_SP1" : "11",
        "MANAGE_SP2" : "안내판또는지도",
        "DETAIL_SPO" : "윗몸안내",
        "ETC_MATTER" : " ",
        "MNTN_NM" : "복수근린공원",
        "PAST_SPOT_" : "3017009040085",
        "MNTN_ID" : "301700904"
      },
      "geometry" : {
        "x" : 233489.86099999957,
        "y" : 410829.10200000182
      }
    },
    {
      "attributes" : {
        "FID" : 85,
        "PMNTN_SPOT" : 40351,
        "MNTN_CODE" : "301700904",
        "MANAGE_SP1" : "07",
        "MANAGE_SP2" : "시설물(운동기구 등)",
        "DETAIL_SPO" : "윗몸",
        "ETC_MATTER" : " ",
        "MNTN_NM" : "복수근린공원",
        "PAST_SPOT_" : "3017009040086",
        "MNTN_ID" : "301700904"
      },
      "geometry" : {
        "x" : 233489.43630000018,
        "y" : 410833.82370000146
      }
    },
    {
      "attributes" : {
        "FID" : 86,
        "PMNTN_SPOT" : 40352,
        "MNTN_CODE" : "301700904",
        "MANAGE_SP1" : "11",
        "MANAGE_SP2" : "안내판또는지도",
        "DETAIL_SPO" : "윗몸안내",
        "ETC_MATTER" : " ",
        "MNTN_NM" : "복수근린공원",
        "PAST_SPOT_" : "3017009040087",
        "MNTN_ID" : "301700904"
      },
      "geometry" : {
        "x" : 233492.13489999902,
        "y" : 410834.34390000068
      }
    },
    {
      "attributes" : {
        "FID" : 87,
        "PMNTN_SPOT" : 40353,
        "MNTN_CODE" : "301700904",
        "MANAGE_SP1" : "99",
        "MANAGE_SP2" : "기타",
        "DETAIL_SPO" : "평의",
        "ETC_MATTER" : " ",
        "MNTN_NM" : "복수근린공원",
        "PAST_SPOT_" : "3017009040088",
        "MNTN_ID" : "301700904"
      },
      "geometry" : {
        "x" : 233496.77139999997,
        "y" : 410837.43700000271
      }
    },
    {
      "attributes" : {
        "FID" : 88,
        "PMNTN_SPOT" : 40354,
        "MNTN_CODE" : "301700904",
        "MANAGE_SP1" : "99",
        "MANAGE_SP2" : "기타",
        "DETAIL_SPO" : "오금",
        "ETC_MATTER" : " ",
        "MNTN_NM" : "복수근린공원",
        "PAST_SPOT_" : "3017009040089",
        "MNTN_ID" : "301700904"
      },
      "geometry" : {
        "x" : 233493.14600000158,
        "y" : 410841.94320000149
      }
    },
    {
      "attributes" : {
        "FID" : 89,
        "PMNTN_SPOT" : 40355,
        "MNTN_CODE" : "301700904",
        "MANAGE_SP1" : "99",
        "MANAGE_SP2" : "기타",
        "DETAIL_SPO" : "몸통",
        "ETC_MATTER" : " ",
        "MNTN_NM" : "복수근린공원",
        "PAST_SPOT_" : "3017009040090",
        "MNTN_ID" : "301700904"
      },
      "geometry" : {
        "x" : 233489.13009999972,
        "y" : 410841.99550000019
      }
    },
    {
      "attributes" : {
        "FID" : 90,
        "PMNTN_SPOT" : 40356,
        "MNTN_CODE" : "301700904",
        "MANAGE_SP1" : "07",
        "MANAGE_SP2" : "시설물(운동기구 등)",
        "DETAIL_SPO" : "허리",
        "ETC_MATTER" : " ",
        "MNTN_NM" : "복수근린공원",
        "PAST_SPOT_" : "3017009040091",
        "MNTN_ID" : "301700904"
      },
      "geometry" : {
        "x" : 233490.35300000105,
        "y" : 410841.88360000215
      }
    },
    {
      "attributes" : {
        "FID" : 91,
        "PMNTN_SPOT" : 40357,
        "MNTN_CODE" : "301700904",
        "MANAGE_SP1" : "07",
        "MANAGE_SP2" : "시설물(운동기구 등)",
        "DETAIL_SPO" : "팔굽",
        "ETC_MATTER" : " ",
        "MNTN_NM" : "복수근린공원",
        "PAST_SPOT_" : "3017009040092",
        "MNTN_ID" : "301700904"
      },
      "geometry" : {
        "x" : 233491.02229999937,
        "y" : 410835.99320000038
      }
    },
    {
      "attributes" : {
        "FID" : 92,
        "PMNTN_SPOT" : 40358,
        "MNTN_CODE" : "301700904",
        "MANAGE_SP1" : "99",
        "MANAGE_SP2" : "기타",
        "DETAIL_SPO" : "평의",
        "ETC_MATTER" : " ",
        "MNTN_NM" : "복수근린공원",
        "PAST_SPOT_" : "3017009040093",
        "MNTN_ID" : "301700904"
      },
      "geometry" : {
        "x" : 233489.17560000159,
        "y" : 410837.97509999946
      }
    },
    {
      "attributes" : {
        "FID" : 93,
        "PMNTN_SPOT" : 40359,
        "MNTN_CODE" : "301700904",
        "MANAGE_SP1" : "99",
        "MANAGE_SP2" : "기타",
        "DETAIL_SPO" : "산불",
        "ETC_MATTER" : " ",
        "MNTN_NM" : "복수근린공원",
        "PAST_SPOT_" : "3017009040094",
        "MNTN_ID" : "301700904"
      },
      "geometry" : {
        "x" : 232555.87349999882,
        "y" : 410279.63000000268
      }
    },
    {
      "attributes" : {
        "FID" : 94,
        "PMNTN_SPOT" : 40360,
        "MNTN_CODE" : "301700904",
        "MANAGE_SP1" : "99",
        "MANAGE_SP2" : "기타",
        "DETAIL_SPO" : "밧줄",
        "ETC_MATTER" : " ",
        "MNTN_NM" : "복수근린공원",
        "PAST_SPOT_" : "3017009040095",
        "MNTN_ID" : "301700904"
      },
      "geometry" : {
        "x" : 232932.96999999788,
        "y" : 410490.01030000113
      }
    },
    {
      "attributes" : {
        "FID" : 95,
        "PMNTN_SPOT" : 40361,
        "MNTN_CODE" : "301700904",
        "MANAGE_SP1" : "05",
        "MANAGE_SP2" : "벤치",
        "DETAIL_SPO" : "평의자",
        "ETC_MATTER" : " ",
        "MNTN_NM" : "복수근린공원",
        "PAST_SPOT_" : "3017009040096",
        "MNTN_ID" : "301700904"
      },
      "geometry" : {
        "x" : 233058.31270000059,
        "y" : 409838.67170000263
      }
    },
    {
      "attributes" : {
        "FID" : 96,
        "PMNTN_SPOT" : 40362,
        "MNTN_CODE" : "301700904",
        "MANAGE_SP1" : "05",
        "MANAGE_SP2" : "벤치",
        "DETAIL_SPO" : "평의자",
        "ETC_MATTER" : " ",
        "MNTN_NM" : "복수근린공원",
        "PAST_SPOT_" : "3017009040097",
        "MNTN_ID" : "301700904"
      },
      "geometry" : {
        "x" : 233060.56960000005,
        "y" : 409827.90550000034
      }
    },
    {
      "attributes" : {
        "FID" : 97,
        "PMNTN_SPOT" : 40363,
        "MNTN_CODE" : "301700904",
        "MANAGE_SP1" : "01",
        "MANAGE_SP2" : "시종점",
        "DETAIL_SPO" : "시종점",
        "ETC_MATTER" : " ",
        "MNTN_NM" : "복수근린공원",
        "PAST_SPOT_" : "3017009040098",
        "MNTN_ID" : "301700904"
      },
      "geometry" : {
        "x" : 232449.62370000128,
        "y" : 410459.65520000085
      }
    },
    {
      "attributes" : {
        "FID" : 98,
        "PMNTN_SPOT" : 40364,
        "MNTN_CODE" : "301700904",
        "MANAGE_SP1" : "01",
        "MANAGE_SP2" : "시종점",
        "DETAIL_SPO" : "시종점",
        "ETC_MATTER" : " ",
        "MNTN_NM" : "복수근린공원",
        "PAST_SPOT_" : "3017009040099",
        "MNTN_ID" : "301700904"
      },
      "geometry" : {
        "x" : 232547.82490000129,
        "y" : 410275.86850000359
      }
    },
    {
      "attributes" : {
        "FID" : 99,
        "PMNTN_SPOT" : 40365,
        "MNTN_CODE" : "301700904",
        "MANAGE_SP1" : "01",
        "MANAGE_SP2" : "시종점",
        "DETAIL_SPO" : "시종점",
        "ETC_MATTER" : " ",
        "MNTN_NM" : "복수근린공원",
        "PAST_SPOT_" : "3017009040100",
        "MNTN_ID" : "301700904"
      },
      "geometry" : {
        "x" : 232628.67050000001,
        "y" : 411065.98890000209
      }
    },
    {
      "attributes" : {
        "FID" : 100,
        "PMNTN_SPOT" : 40366,
        "MNTN_CODE" : "301700904",
        "MANAGE_SP1" : "02",
        "MANAGE_SP2" : "분기점",
        "DETAIL_SPO" : "분기점",
        "ETC_MATTER" : " ",
        "MNTN_NM" : "복수근린공원",
        "PAST_SPOT_" : "3017009040101",
        "MNTN_ID" : "301700904"
      },
      "geometry" : {
        "x" : 232641.23620000109,
        "y" : 410506.67029999942
      }
    },
    {
      "attributes" : {
        "FID" : 101,
        "PMNTN_SPOT" : 40367,
        "MNTN_CODE" : "301700904",
        "MANAGE_SP1" : "02",
        "MANAGE_SP2" : "분기점",
        "DETAIL_SPO" : "분기점",
        "ETC_MATTER" : " ",
        "MNTN_NM" : "복수근린공원",
        "PAST_SPOT_" : "3017009040102",
        "MNTN_ID" : "301700904"
      },
      "geometry" : {
        "x" : 232733.71559999976,
        "y" : 411020.00600000098
      }
    },
    {
      "attributes" : {
        "FID" : 102,
        "PMNTN_SPOT" : 40368,
        "MNTN_CODE" : "301700904",
        "MANAGE_SP1" : "01",
        "MANAGE_SP2" : "시종점",
        "DETAIL_SPO" : "시종점",
        "ETC_MATTER" : " ",
        "MNTN_NM" : "복수근린공원",
        "PAST_SPOT_" : "3017009040103",
        "MNTN_ID" : "301700904"
      },
      "geometry" : {
        "x" : 232776.34470000118,
        "y" : 411144.79470000044
      }
    },
    {
      "attributes" : {
        "FID" : 103,
        "PMNTN_SPOT" : 40369,
        "MNTN_CODE" : "301700904",
        "MANAGE_SP1" : "01",
        "MANAGE_SP2" : "시종점",
        "DETAIL_SPO" : "시종점",
        "ETC_MATTER" : " ",
        "MNTN_NM" : "복수근린공원",
        "PAST_SPOT_" : "3017009040104",
        "MNTN_ID" : "301700904"
      },
      "geometry" : {
        "x" : 232817.48750000075,
        "y" : 410185.51140000112
      }
    },
    {
      "attributes" : {
        "FID" : 104,
        "PMNTN_SPOT" : 40370,
        "MNTN_CODE" : "301700904",
        "MANAGE_SP1" : "01",
        "MANAGE_SP2" : "시종점",
        "DETAIL_SPO" : "시종점",
        "ETC_MATTER" : " ",
        "MNTN_NM" : "복수근린공원",
        "PAST_SPOT_" : "3017009040105",
        "MNTN_ID" : "301700904"
      },
      "geometry" : {
        "x" : 232848.53839999996,
        "y" : 411354.41610000096
      }
    },
    {
      "attributes" : {
        "FID" : 105,
        "PMNTN_SPOT" : 40371,
        "MNTN_CODE" : "301700904",
        "MANAGE_SP1" : "01",
        "MANAGE_SP2" : "시종점",
        "DETAIL_SPO" : "시종점",
        "ETC_MATTER" : " ",
        "MNTN_NM" : "복수근린공원",
        "PAST_SPOT_" : "3017009040106",
        "MNTN_ID" : "301700904"
      },
      "geometry" : {
        "x" : 232937.85330000054,
        "y" : 411448.17879999988
      }
    },
    {
      "attributes" : {
        "FID" : 106,
        "PMNTN_SPOT" : 40372,
        "MNTN_CODE" : "301700904",
        "MANAGE_SP1" : "02",
        "MANAGE_SP2" : "분기점",
        "DETAIL_SPO" : "분기점",
        "ETC_MATTER" : " ",
        "MNTN_NM" : "복수근린공원",
        "PAST_SPOT_" : "3017009040107",
        "MNTN_ID" : "301700904"
      },
      "geometry" : {
        "x" : 232943.48990000039,
        "y" : 410489.72130000219
      }
    },
    {
      "attributes" : {
        "FID" : 107,
        "PMNTN_SPOT" : 40373,
        "MNTN_CODE" : "301700904",
        "MANAGE_SP1" : "01",
        "MANAGE_SP2" : "시종점",
        "DETAIL_SPO" : "시종점",
        "ETC_MATTER" : " ",
        "MNTN_NM" : "복수근린공원",
        "PAST_SPOT_" : "3017009040108",
        "MNTN_ID" : "301700904"
      },
      "geometry" : {
        "x" : 233003.92459999956,
        "y" : 409072.91870000213
      }
    },
    {
      "attributes" : {
        "FID" : 108,
        "PMNTN_SPOT" : 40374,
        "MNTN_CODE" : "301700904",
        "MANAGE_SP1" : "01",
        "MANAGE_SP2" : "시종점",
        "DETAIL_SPO" : "시종점",
        "ETC_MATTER" : " ",
        "MNTN_NM" : "복수근린공원",
        "PAST_SPOT_" : "3017009040109",
        "MNTN_ID" : "301700904"
      },
      "geometry" : {
        "x" : 233018.1408000011,
        "y" : 411062.13110000081
      }
    },
    {
      "attributes" : {
        "FID" : 109,
        "PMNTN_SPOT" : 40375,
        "MNTN_CODE" : "301700904",
        "MANAGE_SP1" : "02",
        "MANAGE_SP2" : "분기점",
        "DETAIL_SPO" : "분기점",
        "ETC_MATTER" : " ",
        "MNTN_NM" : "복수근린공원",
        "PAST_SPOT_" : "3017009040110",
        "MNTN_ID" : "301700904"
      },
      "geometry" : {
        "x" : 233027.2873999998,
        "y" : 411276.79640000127
      }
    },
    {
      "attributes" : {
        "FID" : 110,
        "PMNTN_SPOT" : 40376,
        "MNTN_CODE" : "301700904",
        "MANAGE_SP1" : "02",
        "MANAGE_SP2" : "분기점",
        "DETAIL_SPO" : "분기점",
        "ETC_MATTER" : " ",
        "MNTN_NM" : "복수근린공원",
        "PAST_SPOT_" : "3017009040111",
        "MNTN_ID" : "301700904"
      },
      "geometry" : {
        "x" : 233040.50600000005,
        "y" : 409836.02720000036
      }
    },
    {
      "attributes" : {
        "FID" : 111,
        "PMNTN_SPOT" : 40377,
        "MNTN_CODE" : "301700904",
        "MANAGE_SP1" : "02",
        "MANAGE_SP2" : "분기점",
        "DETAIL_SPO" : "분기점",
        "ETC_MATTER" : " ",
        "MNTN_NM" : "복수근린공원",
        "PAST_SPOT_" : "3017009040112",
        "MNTN_ID" : "301700904"
      },
      "geometry" : {
        "x" : 233085.68960000016,
        "y" : 411350.38840000145
      }
    },
    {
      "attributes" : {
        "FID" : 112,
        "PMNTN_SPOT" : 40378,
        "MNTN_CODE" : "301700904",
        "MANAGE_SP1" : "02",
        "MANAGE_SP2" : "분기점",
        "DETAIL_SPO" : "분기점",
        "ETC_MATTER" : " ",
        "MNTN_NM" : "복수근린공원",
        "PAST_SPOT_" : "3017009040113",
        "MNTN_ID" : "301700904"
      },
      "geometry" : {
        "x" : 233091.50480000116,
        "y" : 410162.91350000352
      }
    },
    {
      "attributes" : {
        "FID" : 113,
        "PMNTN_SPOT" : 40379,
        "MNTN_CODE" : "301700904",
        "MANAGE_SP1" : "01",
        "MANAGE_SP2" : "시종점",
        "DETAIL_SPO" : "시종점",
        "ETC_MATTER" : " ",
        "MNTN_NM" : "복수근린공원",
        "PAST_SPOT_" : "3017009040114",
        "MNTN_ID" : "301700904"
      },
      "geometry" : {
        "x" : 233109.54230000079,
        "y" : 411236.19879999943
      }
    },
    {
      "attributes" : {
        "FID" : 114,
        "PMNTN_SPOT" : 40380,
        "MNTN_CODE" : "301700904",
        "MANAGE_SP1" : "02",
        "MANAGE_SP2" : "분기점",
        "DETAIL_SPO" : "분기점",
        "ETC_MATTER" : " ",
        "MNTN_NM" : "복수근린공원",
        "PAST_SPOT_" : "3017009040115",
        "MNTN_ID" : "301700904"
      },
      "geometry" : {
        "x" : 233143.05090000108,
        "y" : 410450.73010000028
      }
    },
    {
      "attributes" : {
        "FID" : 115,
        "PMNTN_SPOT" : 40381,
        "MNTN_CODE" : "301700904",
        "MANAGE_SP1" : "02",
        "MANAGE_SP2" : "분기점",
        "DETAIL_SPO" : "분기점",
        "ETC_MATTER" : " ",
        "MNTN_NM" : "복수근린공원",
        "PAST_SPOT_" : "3017009040116",
        "MNTN_ID" : "301700904"
      },
      "geometry" : {
        "x" : 233162.66200000048,
        "y" : 409382.9085000027
      }
    },
    {
      "attributes" : {
        "FID" : 116,
        "PMNTN_SPOT" : 40382,
        "MNTN_CODE" : "301700904",
        "MANAGE_SP1" : "01",
        "MANAGE_SP2" : "시종점",
        "DETAIL_SPO" : "시종점",
        "ETC_MATTER" : " ",
        "MNTN_NM" : "복수근린공원",
        "PAST_SPOT_" : "3017009040117",
        "MNTN_ID" : "301700904"
      },
      "geometry" : {
        "x" : 233176.59619999956,
        "y" : 410942.38340000063
      }
    },
    {
      "attributes" : {
        "FID" : 117,
        "PMNTN_SPOT" : 40383,
        "MNTN_CODE" : "301700904",
        "MANAGE_SP1" : "01",
        "MANAGE_SP2" : "시종점",
        "DETAIL_SPO" : "시종점",
        "ETC_MATTER" : " ",
        "MNTN_NM" : "복수근린공원",
        "PAST_SPOT_" : "3017009040118",
        "MNTN_ID" : "301700904"
      },
      "geometry" : {
        "x" : 233207.15610000119,
        "y" : 411501.74709999934
      }
    },
    {
      "attributes" : {
        "FID" : 118,
        "PMNTN_SPOT" : 40384,
        "MNTN_CODE" : "301700904",
        "MANAGE_SP1" : "02",
        "MANAGE_SP2" : "분기점",
        "DETAIL_SPO" : "분기점",
        "ETC_MATTER" : " ",
        "MNTN_NM" : "복수근린공원",
        "PAST_SPOT_" : "3017009040119",
        "MNTN_ID" : "301700904"
      },
      "geometry" : {
        "x" : 233236.60350000113,
        "y" : 410207.68720000423
      }
    },
    {
      "attributes" : {
        "FID" : 119,
        "PMNTN_SPOT" : 40385,
        "MNTN_CODE" : "301700904",
        "MANAGE_SP1" : "02",
        "MANAGE_SP2" : "분기점",
        "DETAIL_SPO" : "분기점",
        "ETC_MATTER" : " ",
        "MNTN_NM" : "복수근린공원",
        "PAST_SPOT_" : "3017009040120",
        "MNTN_ID" : "301700904"
      },
      "geometry" : {
        "x" : 233237.23840000108,
        "y" : 410278.4793999996
      }
    },
    {
      "attributes" : {
        "FID" : 120,
        "PMNTN_SPOT" : 40386,
        "MNTN_CODE" : "301700904",
        "MANAGE_SP1" : "02",
        "MANAGE_SP2" : "분기점",
        "DETAIL_SPO" : "분기점",
        "ETC_MATTER" : " ",
        "MNTN_NM" : "복수근린공원",
        "PAST_SPOT_" : "3017009040121",
        "MNTN_ID" : "301700904"
      },
      "geometry" : {
        "x" : 233260.7013000017,
        "y" : 411124.66789999977
      }
    },
    {
      "attributes" : {
        "FID" : 121,
        "PMNTN_SPOT" : 40387,
        "MNTN_CODE" : "301700904",
        "MANAGE_SP1" : "02",
        "MANAGE_SP2" : "분기점",
        "DETAIL_SPO" : "분기점",
        "ETC_MATTER" : " ",
        "MNTN_NM" : "복수근린공원",
        "PAST_SPOT_" : "3017009040122",
        "MNTN_ID" : "301700904"
      },
      "geometry" : {
        "x" : 233276.71030000225,
        "y" : 411076.2239000015
      }
    },
    {
      "attributes" : {
        "FID" : 122,
        "PMNTN_SPOT" : 40388,
        "MNTN_CODE" : "301700904",
        "MANAGE_SP1" : "02",
        "MANAGE_SP2" : "분기점",
        "DETAIL_SPO" : "분기점",
        "ETC_MATTER" : " ",
        "MNTN_NM" : "복수근린공원",
        "PAST_SPOT_" : "3017009040123",
        "MNTN_ID" : "301700904"
      },
      "geometry" : {
        "x" : 233286.81290000025,
        "y" : 411140.95990000106
      }
    },
    {
      "attributes" : {
        "FID" : 123,
        "PMNTN_SPOT" : 40389,
        "MNTN_CODE" : "301700904",
        "MANAGE_SP1" : "02",
        "MANAGE_SP2" : "분기점",
        "DETAIL_SPO" : "분기점",
        "ETC_MATTER" : " ",
        "MNTN_NM" : "복수근린공원",
        "PAST_SPOT_" : "3017009040124",
        "MNTN_ID" : "301700904"
      },
      "geometry" : {
        "x" : 233297.64660000056,
        "y" : 411077.48090000451
      }
    },
    {
      "attributes" : {
        "FID" : 124,
        "PMNTN_SPOT" : 40390,
        "MNTN_CODE" : "301700904",
        "MANAGE_SP1" : "02",
        "MANAGE_SP2" : "분기점",
        "DETAIL_SPO" : "분기점",
        "ETC_MATTER" : " ",
        "MNTN_NM" : "복수근린공원",
        "PAST_SPOT_" : "3017009040125",
        "MNTN_ID" : "301700904"
      },
      "geometry" : {
        "x" : 233313.65050000045,
        "y" : 411255.28580000065
      }
    },
    {
      "attributes" : {
        "FID" : 125,
        "PMNTN_SPOT" : 40391,
        "MNTN_CODE" : "301700904",
        "MANAGE_SP1" : "02",
        "MANAGE_SP2" : "분기점",
        "DETAIL_SPO" : "분기점",
        "ETC_MATTER" : " ",
        "MNTN_NM" : "복수근린공원",
        "PAST_SPOT_" : "3017009040126",
        "MNTN_ID" : "301700904"
      },
      "geometry" : {
        "x" : 233328.03610000014,
        "y" : 411327.39970000088
      }
    },
    {
      "attributes" : {
        "FID" : 126,
        "PMNTN_SPOT" : 40392,
        "MNTN_CODE" : "301700904",
        "MANAGE_SP1" : "01",
        "MANAGE_SP2" : "시종점",
        "DETAIL_SPO" : "시종점",
        "ETC_MATTER" : " ",
        "MNTN_NM" : "복수근린공원",
        "PAST_SPOT_" : "3017009040127",
        "MNTN_ID" : "301700904"
      },
      "geometry" : {
        "x" : 233343.96580000035,
        "y" : 411923.68510000035
      }
    },
    {
      "attributes" : {
        "FID" : 127,
        "PMNTN_SPOT" : 40393,
        "MNTN_CODE" : "301700904",
        "MANAGE_SP1" : "02",
        "MANAGE_SP2" : "분기점",
        "DETAIL_SPO" : "분기점",
        "ETC_MATTER" : " ",
        "MNTN_NM" : "복수근린공원",
        "PAST_SPOT_" : "3017009040128",
        "MNTN_ID" : "301700904"
      },
      "geometry" : {
        "x" : 233356.35589999985,
        "y" : 411365.31680000201
      }
    },
    {
      "attributes" : {
        "FID" : 128,
        "PMNTN_SPOT" : 40394,
        "MNTN_CODE" : "301700904",
        "MANAGE_SP1" : "01",
        "MANAGE_SP2" : "시종점",
        "DETAIL_SPO" : "시종점",
        "ETC_MATTER" : " ",
        "MNTN_NM" : "복수근린공원",
        "PAST_SPOT_" : "3017009040129",
        "MNTN_ID" : "301700904"
      },
      "geometry" : {
        "x" : 233356.86410000082,
        "y" : 409122.26740000024
      }
    },
    {
      "attributes" : {
        "FID" : 129,
        "PMNTN_SPOT" : 40395,
        "MNTN_CODE" : "301700904",
        "MANAGE_SP1" : "02",
        "MANAGE_SP2" : "분기점",
        "DETAIL_SPO" : "분기점",
        "ETC_MATTER" : " ",
        "MNTN_NM" : "복수근린공원",
        "PAST_SPOT_" : "3017009040130",
        "MNTN_ID" : "301700904"
      },
      "geometry" : {
        "x" : 233414.04070000071,
        "y" : 410432.47690000385
      }
    },
    {
      "attributes" : {
        "FID" : 130,
        "PMNTN_SPOT" : 40396,
        "MNTN_CODE" : "301700904",
        "MANAGE_SP1" : "02",
        "MANAGE_SP2" : "분기점",
        "DETAIL_SPO" : "분기점",
        "ETC_MATTER" : " ",
        "MNTN_NM" : "복수근린공원",
        "PAST_SPOT_" : "3017009040131",
        "MNTN_ID" : "301700904"
      },
      "geometry" : {
        "x" : 233445.60330000054,
        "y" : 410811.09820000269
      }
    },
    {
      "attributes" : {
        "FID" : 131,
        "PMNTN_SPOT" : 40397,
        "MNTN_CODE" : "301700904",
        "MANAGE_SP1" : "02",
        "MANAGE_SP2" : "분기점",
        "DETAIL_SPO" : "분기점",
        "ETC_MATTER" : " ",
        "MNTN_NM" : "복수근린공원",
        "PAST_SPOT_" : "3017009040132",
        "MNTN_ID" : "301700904"
      },
      "geometry" : {
        "x" : 233468.39500000048,
        "y" : 410805.46279999986
      }
    },
    {
      "attributes" : {
        "FID" : 132,
        "PMNTN_SPOT" : 40398,
        "MNTN_CODE" : "301700904",
        "MANAGE_SP1" : "02",
        "MANAGE_SP2" : "분기점",
        "DETAIL_SPO" : "분기점",
        "ETC_MATTER" : " ",
        "MNTN_NM" : "복수근린공원",
        "PAST_SPOT_" : "3017009040133",
        "MNTN_ID" : "301700904"
      },
      "geometry" : {
        "x" : 233483.86230000202,
        "y" : 410765.02040000074
      }
    },
    {
      "attributes" : {
        "FID" : 133,
        "PMNTN_SPOT" : 40399,
        "MNTN_CODE" : "301700904",
        "MANAGE_SP1" : "02",
        "MANAGE_SP2" : "분기점",
        "DETAIL_SPO" : "분기점",
        "ETC_MATTER" : " ",
        "MNTN_NM" : "복수근린공원",
        "PAST_SPOT_" : "3017009040134",
        "MNTN_ID" : "301700904"
      },
      "geometry" : {
        "x" : 233497.30400000047,
        "y" : 410729.32010000013
      }
    },
    {
      "attributes" : {
        "FID" : 134,
        "PMNTN_SPOT" : 40400,
        "MNTN_CODE" : "301700904",
        "MANAGE_SP1" : "02",
        "MANAGE_SP2" : "분기점",
        "DETAIL_SPO" : "분기점",
        "ETC_MATTER" : " ",
        "MNTN_NM" : "복수근린공원",
        "PAST_SPOT_" : "3017009040135",
        "MNTN_ID" : "301700904"
      },
      "geometry" : {
        "x" : 233504.10560000036,
        "y" : 410574.77019999921
      }
    },
    {
      "attributes" : {
        "FID" : 135,
        "PMNTN_SPOT" : 40401,
        "MNTN_CODE" : "301700904",
        "MANAGE_SP1" : "02",
        "MANAGE_SP2" : "분기점",
        "DETAIL_SPO" : "분기점",
        "ETC_MATTER" : " ",
        "MNTN_NM" : "복수근린공원",
        "PAST_SPOT_" : "3017009040136",
        "MNTN_ID" : "301700904"
      },
      "geometry" : {
        "x" : 233509.31340000127,
        "y" : 410680.35520000197
      }
    },
    {
      "attributes" : {
        "FID" : 136,
        "PMNTN_SPOT" : 40402,
        "MNTN_CODE" : "301700904",
        "MANAGE_SP1" : "02",
        "MANAGE_SP2" : "분기점",
        "DETAIL_SPO" : "분기점",
        "ETC_MATTER" : " ",
        "MNTN_NM" : "복수근린공원",
        "PAST_SPOT_" : "3017009040137",
        "MNTN_ID" : "301700904"
      },
      "geometry" : {
        "x" : 233513.66770000011,
        "y" : 410660.61680000089
      }
    },
    {
      "attributes" : {
        "FID" : 137,
        "PMNTN_SPOT" : 40403,
        "MNTN_CODE" : "301700904",
        "MANAGE_SP1" : "02",
        "MANAGE_SP2" : "분기점",
        "DETAIL_SPO" : "분기점",
        "ETC_MATTER" : " ",
        "MNTN_NM" : "복수근린공원",
        "PAST_SPOT_" : "3017009040138",
        "MNTN_ID" : "301700904"
      },
      "geometry" : {
        "x" : 233518.53130000085,
        "y" : 410639.13010000251
      }
    },
    {
      "attributes" : {
        "FID" : 138,
        "PMNTN_SPOT" : 40404,
        "MNTN_CODE" : "301700904",
        "MANAGE_SP1" : "02",
        "MANAGE_SP2" : "분기점",
        "DETAIL_SPO" : "분기점",
        "ETC_MATTER" : " ",
        "MNTN_NM" : "복수근린공원",
        "PAST_SPOT_" : "3017009040139",
        "MNTN_ID" : "301700904"
      },
      "geometry" : {
        "x" : 233522.9095999999,
        "y" : 410663.16589999944
      }
    },
    {
      "attributes" : {
        "FID" : 139,
        "PMNTN_SPOT" : 40405,
        "MNTN_CODE" : "301700904",
        "MANAGE_SP1" : "01",
        "MANAGE_SP2" : "시종점",
        "DETAIL_SPO" : "시종점",
        "ETC_MATTER" : " ",
        "MNTN_NM" : "복수근린공원",
        "PAST_SPOT_" : "3017009040140",
        "MNTN_ID" : "301700904"
      },
      "geometry" : {
        "x" : 233533.40670000017,
        "y" : 411294.31760000251
      }
    },
    {
      "attributes" : {
        "FID" : 140,
        "PMNTN_SPOT" : 40406,
        "MNTN_CODE" : "301700904",
        "MANAGE_SP1" : "02",
        "MANAGE_SP2" : "분기점",
        "DETAIL_SPO" : "분기점",
        "ETC_MATTER" : " ",
        "MNTN_NM" : "복수근린공원",
        "PAST_SPOT_" : "3017009040141",
        "MNTN_ID" : "301700904"
      },
      "geometry" : {
        "x" : 233540.99920000043,
        "y" : 410647.75080000237
      }
    },
    {
      "attributes" : {
        "FID" : 141,
        "PMNTN_SPOT" : 40407,
        "MNTN_CODE" : "301700904",
        "MANAGE_SP1" : "01",
        "MANAGE_SP2" : "시종점",
        "DETAIL_SPO" : "시종점",
        "ETC_MATTER" : " ",
        "MNTN_NM" : "복수근린공원",
        "PAST_SPOT_" : "3017009040142",
        "MNTN_ID" : "301700904"
      },
      "geometry" : {
        "x" : 233681.92709999997,
        "y" : 411145.96330000274
      }
    },
    {
      "attributes" : {
        "FID" : 142,
        "PMNTN_SPOT" : 40408,
        "MNTN_CODE" : "301700904",
        "MANAGE_SP1" : "01",
        "MANAGE_SP2" : "시종점",
        "DETAIL_SPO" : "시종점",
        "ETC_MATTER" : " ",
        "MNTN_NM" : "복수근린공원",
        "PAST_SPOT_" : "3017009040143",
        "MNTN_ID" : "301700904"
      },
      "geometry" : {
        "x" : 233774.47260000091,
        "y" : 410953.33510000072
      }
    },
    {
      "attributes" : {
        "FID" : 143,
        "PMNTN_SPOT" : 40409,
        "MNTN_CODE" : "301700904",
        "MANAGE_SP1" : "01",
        "MANAGE_SP2" : "시종점",
        "DETAIL_SPO" : "시종점",
        "ETC_MATTER" : " ",
        "MNTN_NM" : "복수근린공원",
        "PAST_SPOT_" : "3017009040144",
        "MNTN_ID" : "301700904"
      },
      "geometry" : {
        "x" : 233960.20930000115,
        "y" : 410700.194000002
      }
    }
  ]
}