{
  "displayFieldName" : "",
  "fieldAliases" : {
    "FID" : "FID",
    "PMNTN_SN" : "PMNTN_SN",
    "MNTN_CODE" : "MNTN_CODE",
    "MNTN_NM" : "MNTN_NM",
    "PMNTN_NM" : "PMNTN_NM",
    "PMNTN_MAIN" : "PMNTN_MAIN",
    "PMNTN_LT" : "PMNTN_LT",
    "PMNTN_DFFL" : "PMNTN_DFFL",
    "PMNTN_UPPL" : "PMNTN_UPPL",
    "PMNTN_GODN" : "PMNTN_GODN",
    "PMNTN_MTRQ" : "PMNTN_MTRQ",
    "PMNTN_CNRL" : "PMNTN_CNRL",
    "PMNTN_CLS_" : "PMNTN_CLS_",
    "PMNTN_RISK" : "PMNTN_RISK",
    "PMNTN_RECO" : "PMNTN_RECO",
    "DATA_STDR_" : "DATA_STDR_",
    "MNTN_ID" : "MNTN_ID"
  },
  "geometryType" : "esriGeometryPolyline",
  "spatialReference" : {
    "wkt" : "PROJCS[\"PCS_ITRF2000_TM\",GEOGCS[\"GCS_ITRF_2000\",DATUM[\"D_ITRF_2000\",SPHEROID[\"GRS_1980\",6378137.0,298.257222101]],PRIMEM[\"Greenwich\",0.0],UNIT[\"Degree\",0.0174532925199433]],PROJECTION[\"Transverse_Mercator\"],PARAMETER[\"False_Easting\",200000.0],PARAMETER[\"False_Northing\",600000.0],PARAMETER[\"Central_Meridian\",127.0],PARAMETER[\"Scale_Factor\",1.0],PARAMETER[\"Latitude_Of_Origin\",38.0],UNIT[\"Meter\",1.0]]"
  },
  "fields" : [
    {
      "name" : "FID",
      "type" : "esriFieldTypeOID",
      "alias" : "FID"
    },
    {
      "name" : "PMNTN_SN",
      "type" : "esriFieldTypeDouble",
      "alias" : "PMNTN_SN"
    },
    {
      "name" : "MNTN_CODE",
      "type" : "esriFieldTypeString",
      "alias" : "MNTN_CODE",
      "length" : 9
    },
    {
      "name" : "MNTN_NM",
      "type" : "esriFieldTypeString",
      "alias" : "MNTN_NM",
      "length" : 50
    },
    {
      "name" : "PMNTN_NM",
      "type" : "esriFieldTypeString",
      "alias" : "PMNTN_NM",
      "length" : 50
    },
    {
      "name" : "PMNTN_MAIN",
      "type" : "esriFieldTypeString",
      "alias" : "PMNTN_MAIN",
      "length" : 200
    },
    {
      "name" : "PMNTN_LT",
      "type" : "esriFieldTypeSingle",
      "alias" : "PMNTN_LT"
    },
    {
      "name" : "PMNTN_DFFL",
      "type" : "esriFieldTypeString",
      "alias" : "PMNTN_DFFL",
      "length" : 8
    },
    {
      "name" : "PMNTN_UPPL",
      "type" : "esriFieldTypeDouble",
      "alias" : "PMNTN_UPPL"
    },
    {
      "name" : "PMNTN_GODN",
      "type" : "esriFieldTypeDouble",
      "alias" : "PMNTN_GODN"
    },
    {
      "name" : "PMNTN_MTRQ",
      "type" : "esriFieldTypeString",
      "alias" : "PMNTN_MTRQ",
      "length" : 200
    },
    {
      "name" : "PMNTN_CNRL",
      "type" : "esriFieldTypeString",
      "alias" : "PMNTN_CNRL",
      "length" : 1
    },
    {
      "name" : "PMNTN_CLS_",
      "type" : "esriFieldTypeString",
      "alias" : "PMNTN_CLS_",
      "length" : 1
    },
    {
      "name" : "PMNTN_RISK",
      "type" : "esriFieldTypeString",
      "alias" : "PMNTN_RISK",
      "length" : 200
    },
    {
      "name" : "PMNTN_RECO",
      "type" : "esriFieldTypeString",
      "alias" : "PMNTN_RECO",
      "length" : 1
    },
    {
      "name" : "DATA_STDR_",
      "type" : "esriFieldTypeString",
      "alias" : "DATA_STDR_",
      "length" : 10
    },
    {
      "name" : "MNTN_ID",
      "type" : "esriFieldTypeString",
      "alias" : "MNTN_ID",
      "length" : 10
    }
  ],
  "features" : [
    {
      "attributes" : {
        "FID" : 0,
        "PMNTN_SN" : 14451,
        "MNTN_CODE" : "468303101",
        "MNTN_NM" : "두억봉",
        "PMNTN_NM" : "가학리구간",
        "PMNTN_MAIN" : " ",
        "PMNTN_LT" : 0.91,
        "PMNTN_DFFL" : "중간",
        "PMNTN_UPPL" : 34,
        "PMNTN_GODN" : 24,
        "PMNTN_MTRQ" : " ",
        "PMNTN_CNRL" : " ",
        "PMNTN_CLS_" : " ",
        "PMNTN_RISK" : " ",
        "PMNTN_RECO" : " ",
        "DATA_STDR_" : "2016-12-31",
        "MNTN_ID" : "468303101"
      },
      "geometry" : {
        "paths" : [
          [
            [
              164162.37070000079,
              232207.23040000163
            ],
            [
              164170.35280000046,
              232198.80040000379
            ],
            [
              164175.68820000067,
              232190.35730000399
            ],
            [
              164181.03020000271,
              232180.59090000205
            ],
            [
              164187.16359999962,
              232171.35770000145
            ],
            [
              164197.04970000219,
              232152.61490000226
            ],
            [
              164202.39829999954,
              232141.52510000393
            ],
            [
              164210.16170000099,
              232123.83050000109
            ],
            [
              164215.78810000326,
              232110.09530000016
            ],
            [
              164215.83280000091,
              232101.09660000168
            ],
            [
              164214.28159999941,
              232093.67800000124
            ],
            [
              164207.44230000023,
              232085.1743999999
            ],
            [
              164202.69400000013,
              232081.974700002
            ],
            [
              164193.19880000409,
              232075.3107000012
            ],
            [
              164190.319000002,
              232068.94420000166
            ],
            [
              164188.24110000022,
              232060.99360000342
            ],
            [
              164188.00009999983,
              232056.22830000333
            ],
            [
              164188.03160000127,
              232049.87620000169
            ],
            [
              164188.0632000016,
              232043.52420000173
            ],
            [
              164190.47410000209,
              232037.71329999901
            ],
            [
              164190.49510000087,
              232033.47860000283
            ],
            [
              164189.46140000131,
              232028.44470000267
            ],
            [
              164187.36640000064,
              232023.93480000459
            ],
            [
              164176.81649999972,
              232016.47149999999
            ],
            [
              164173.39680000022,
              232012.21969999932
            ],
            [
              164172.35920000076,
              232007.97980000265
            ],
            [
              164173.16240000073,
              232006.13099999912
            ],
            [
              164175.55100000091,
              232004.81950000115
            ],
            [
              164179.78830000013,
              232004.31120000221
            ],
            [
              164184.29560000077,
              232002.74560000002
            ],
            [
              164186.42609999888,
              232000.10940000042
            ],
            [
              164186.69990000036,
              231998.25800000131
            ],
            [
              164185.65830000024,
              231994.81210000254
            ],
            [
              164186.46550000366,
              231992.16930000111
            ],
            [
              164189.39790000021,
              231987.94910000265
            ],
            [
              164191.5362000009,
              231983.72490000352
            ],
            [
              164192.61330000125,
              231980.02480000444
            ],
            [
              164192.89240000118,
              231977.11480000056
            ],
            [
              164192.89510000404,
              231976.58540000208
            ],
            [
              164191.58490000013,
              231973.93220000155
            ],
            [
              164188.94209999964,
              231973.12500000186
            ],
            [
              164185.76610000245,
              231973.10930000059
            ],
            [
              164182.85740000103,
              231972.56550000049
            ],
            [
              164181.54720000178,
              231969.912200002
            ],
            [
              164179.71289999969,
              231966.1977000013
            ],
            [
              164177.33619999979,
              231965.12720000185
            ],
            [
              164173.11070000008,
              231963.25340000167
            ],
            [
              164172.06649999972,
              231960.33680000156
            ],
            [
              164174.19560000021,
              231957.96529999934
            ],
            [
              164180.0420000013,
              231953.23020000011
            ],
            [
              164177.93520000018,
              231951.10239999741
            ],
            [
              164175.02910000086,
              231950.02920000069
            ],
            [
              164169.74879999924,
              231947.3563000001
            ],
            [
              164164.99930000119,
              231944.42120000161
            ],
            [
              164162.36969999969,
              231940.96740000322
            ],
            [
              164160.54200000037,
              231935.92950000241
            ],
            [
              164160.82110000029,
              231933.01950000413
            ],
            [
              164162.69739999995,
              231928.26459999755
            ],
            [
              164165.63770000171,
              231922.45639999956
            ],
            [
              164168.82690000162,
              231919.82550000399
            ],
            [
              164173.07210000139,
              231917.72919999994
            ],
            [
              164178.12569999974,
              231912.72540000454
            ],
            [
              164180.26540000085,
              231908.23660000227
            ],
            [
              164182.41170000099,
              231902.42440000363
            ],
            [
              164186.92820000183,
              231899.00610000081
            ],
            [
              164191.71580000035,
              231894.26569999941
            ],
            [
              164194.11760000419,
              231890.30749999918
            ],
            [
              164199.43070000131,
              231886.36380000226
            ],
            [
              164201.01599999983,
              231886.90100000054
            ],
            [
              164203.11500000209,
              231890.61680000275
            ],
            [
              164204.69640000071,
              231891.94810000062
            ],
            [
              164209.4841,
              231887.20769999921
            ],
            [
              164211.35520000011,
              231883.51149999909
            ],
            [
              164215.09600000083,
              231876.38389999978
            ],
            [
              164219.87980000116,
              231872.43750000186
            ],
            [
              164224.4132999992,
              231865.57850000262
            ],
            [
              164227.34700000286,
              231861.09360000119
            ],
            [
              164230.27150000073,
              231858.46140000224
            ],
            [
              164237.17390000261,
              231854.26080000028
            ],
            [
              164244.88350000046,
              231847.41760000214
            ],
            [
              164250.75350000057,
              231837.91840000264
            ],
            [
              164255.28310000151,
              231831.8534000013
            ],
            [
              164259.53360000066,
              231828.69840000011
            ],
            [
              164265.64720000047,
              231823.43530000374
            ],
            [
              164264.61749999877,
              231817.60730000399
            ],
            [
              164261.45460000075,
              231814.94490000233
            ],
            [
              164259.88240000326,
              231811.7610000018
            ],
            [
              164260.43140000012,
              231807.79360000417
            ],
            [
              164263.35720000044,
              231804.89670000412
            ],
            [
              164264.96100000106,
              231801.72850000113
            ],
            [
              164267.61820000224,
              231799.62429999933
            ],
            [
              164271.86600000039,
              231796.99870000035
            ],
            [
              164275.32780000009,
              231792.78110000119
            ],
            [
              164278.78550000023,
              231789.35749999993
            ],
            [
              164281.70870000124,
              231786.98990000039
            ],
            [
              164284.09600000083,
              231785.9430999998
            ],
            [
              164289.65530000068,
              231785.70600000024
            ],
            [
              164295.48860000167,
              231783.61759999953
            ],
            [
              164298.41570000164,
              231780.4560000021
            ],
            [
              164297.63880000077,
              231777.01139999926
            ],
            [
              164300.03390000202,
              231774.37650000118
            ],
            [
              164304.30800000019,
              231766.45750000142
            ],
            [
              164307.49980000034,
              231763.29719999991
            ],
            [
              164312.54170000087,
              231760.6754999999
            ],
            [
              164316.78690000158,
              231758.57920000143
            ],
            [
              164319.18209999986,
              231755.94429999776
            ],
            [
              164321.57460000366,
              231753.83880000003
            ],
            [
              164324.76370000001,
              231751.2079000026
            ],
            [
              164329.00370000117,
              231750.17029999942
            ],
            [
              164333.24890000373,
              231748.07400000095
            ],
            [
              164336.16950000171,
              231746.23570000008
            ],
            [
              164338.30649999995,
              231742.27620000206
            ],
            [
              164340.69639999978,
              231740.69999999925
            ],
            [
              164347.84509999957,
              231740.20620000362
            ],
            [
              164359.24950000085,
              231735.49870000221
            ],
            [
              164363.76330000069,
              231732.60969999991
            ],
            [
              164367.53650000133,
              231720.75579999946
            ],
            [
              164360.69510000013,
              231710.89110000059
            ],
            [
              164349.09700000007,
              231701.30520000309
            ],
            [
              164339.59520000033,
              231695.9645000007
            ],
            [
              164330.62540000211,
              231690.09710000642
            ],
            [
              164323.75980000012,
              231686.88690000214
            ],
            [
              164318.46640000306,
              231686.86060000211
            ],
            [
              164313.70240000077,
              231686.83700000122
            ],
            [
              164308.41159999929,
              231686.28130000271
            ],
            [
              164301.54600000288,
              231683.07120000012
            ],
            [
              164295.20710000116,
              231680.3928999994
            ],
            [
              164290.46410000045,
              231676.13460000046
            ],
            [
              164284.14630000107,
              231669.22170000151
            ],
            [
              164275.69790000003,
              231664.94490000233
            ],
            [
              164269.88310000114,
              231663.32799999975
            ],
            [
              164261.4242000021,
              231661.16859999858
            ],
            [
              164248.72540000081,
              231660.04680000246
            ],
            [
              164234.43330000155,
              231659.97580000199
            ],
            [
              164223.32770000398,
              231657.80330000073
            ],
            [
              164218.57419999968,
              231655.66229999997
            ],
            [
              164211.17929999996,
              231652.4495000001
            ],
            [
              164197.4428000031,
              231647.0877000019
            ],
            [
              164190.57980000135,
              231643.34820000082
            ],
            [
              164183.71679999959,
              231639.60869999975
            ],
            [
              164176.87749999948,
              231631.10510000214
            ],
            [
              164173.22470000107,
              231620.50000000186
            ],
            [
              164171.67620000057,
              231612.55210000277
            ]
          ]
        ]
      }
    }
  ]
}