{
  "displayFieldName" : "",
  "fieldAliases" : {
    "FID" : "FID",
    "PMNTN_SPOT" : "PMNTN_SPOT",
    "MNTN_CODE" : "MNTN_CODE",
    "MANAGE_SP1" : "MANAGE_SP1",
    "MANAGE_SP2" : "MANAGE_SP2",
    "DETAIL_SPO" : "DETAIL_SPO",
    "ETC_MATTER" : "ETC_MATTER",
    "MNTN_NM" : "MNTN_NM",
    "PAST_SPOT_" : "PAST_SPOT_",
    "MNTN_ID" : "MNTN_ID"
  },
  "geometryType" : "esriGeometryPoint",
  "spatialReference" : {
    "wkt" : "PROJCS[\"PCS_ITRF2000_TM\",GEOGCS[\"GCS_ITRF_2000\",DATUM[\"D_ITRF_2000\",SPHEROID[\"GRS_1980\",6378137.0,298.257222101]],PRIMEM[\"Greenwich\",0.0],UNIT[\"Degree\",0.0174532925199433]],PROJECTION[\"Transverse_Mercator\"],PARAMETER[\"False_Easting\",200000.0],PARAMETER[\"False_Northing\",600000.0],PARAMETER[\"Central_Meridian\",127.0],PARAMETER[\"Scale_Factor\",1.0],PARAMETER[\"Latitude_Of_Origin\",38.0],UNIT[\"Meter\",1.0]]"
  },
  "fields" : [
    {
      "name" : "FID",
      "type" : "esriFieldTypeOID",
      "alias" : "FID"
    },
    {
      "name" : "PMNTN_SPOT",
      "type" : "esriFieldTypeDouble",
      "alias" : "PMNTN_SPOT"
    },
    {
      "name" : "MNTN_CODE",
      "type" : "esriFieldTypeString",
      "alias" : "MNTN_CODE",
      "length" : 9
    },
    {
      "name" : "MANAGE_SP1",
      "type" : "esriFieldTypeString",
      "alias" : "MANAGE_SP1",
      "length" : 2
    },
    {
      "name" : "MANAGE_SP2",
      "type" : "esriFieldTypeString",
      "alias" : "MANAGE_SP2",
      "length" : 50
    },
    {
      "name" : "DETAIL_SPO",
      "type" : "esriFieldTypeString",
      "alias" : "DETAIL_SPO",
      "length" : 200
    },
    {
      "name" : "ETC_MATTER",
      "type" : "esriFieldTypeString",
      "alias" : "ETC_MATTER",
      "length" : 200
    },
    {
      "name" : "MNTN_NM",
      "type" : "esriFieldTypeString",
      "alias" : "MNTN_NM",
      "length" : 50
    },
    {
      "name" : "PAST_SPOT_",
      "type" : "esriFieldTypeString",
      "alias" : "PAST_SPOT_",
      "length" : 14
    },
    {
      "name" : "MNTN_ID",
      "type" : "esriFieldTypeString",
      "alias" : "MNTN_ID",
      "length" : 10
    }
  ],
  "features" : [
    {
      "attributes" : {
        "FID" : 0,
        "PMNTN_SPOT" : 47910,
        "MNTN_CODE" : "468701101",
        "MANAGE_SP1" : "23",
        "MANAGE_SP2" : "정상",
        "DETAIL_SPO" : "종점,정상부",
        "ETC_MATTER" : " ",
        "MNTN_NM" : "삼각산",
        "PAST_SPOT_" : "4687011010001",
        "MNTN_ID" : "468701101"
      },
      "geometry" : {
        "x" : 151785.61080000084,
        "y" : 291199.57780000195
      }
    },
    {
      "attributes" : {
        "FID" : 1,
        "PMNTN_SPOT" : 47911,
        "MNTN_CODE" : "468701101",
        "MANAGE_SP1" : "23",
        "MANAGE_SP2" : "정상",
        "DETAIL_SPO" : "정상부",
        "ETC_MATTER" : " ",
        "MNTN_NM" : "삼각산",
        "PAST_SPOT_" : "4687011010002",
        "MNTN_ID" : "468701101"
      },
      "geometry" : {
        "x" : 151711.50650000107,
        "y" : 291358.43010000139
      }
    },
    {
      "attributes" : {
        "FID" : 2,
        "PMNTN_SPOT" : 47912,
        "MNTN_CODE" : "468701101",
        "MANAGE_SP1" : "05",
        "MANAGE_SP2" : "벤치",
        "DETAIL_SPO" : "벤치",
        "ETC_MATTER" : " ",
        "MNTN_NM" : "삼각산",
        "PAST_SPOT_" : "4687011010003",
        "MNTN_ID" : "468701101"
      },
      "geometry" : {
        "x" : 151054.68540000077,
        "y" : 291972.29839999974
      }
    },
    {
      "attributes" : {
        "FID" : 3,
        "PMNTN_SPOT" : 47913,
        "MNTN_CODE" : "468701101",
        "MANAGE_SP1" : "10",
        "MANAGE_SP2" : "이정표",
        "DETAIL_SPO" : "이정표",
        "ETC_MATTER" : " ",
        "MNTN_NM" : "삼각산",
        "PAST_SPOT_" : "4687011010004",
        "MNTN_ID" : "468701101"
      },
      "geometry" : {
        "x" : 151060.64540000167,
        "y" : 291968.09050000459
      }
    },
    {
      "attributes" : {
        "FID" : 4,
        "PMNTN_SPOT" : 47914,
        "MNTN_CODE" : "468701101",
        "MANAGE_SP1" : "05",
        "MANAGE_SP2" : "벤치",
        "DETAIL_SPO" : "벤치",
        "ETC_MATTER" : " ",
        "MNTN_NM" : "삼각산",
        "PAST_SPOT_" : "4687011010005",
        "MNTN_ID" : "468701101"
      },
      "geometry" : {
        "x" : 151081.09930000082,
        "y" : 291962.84649999999
      }
    },
    {
      "attributes" : {
        "FID" : 5,
        "PMNTN_SPOT" : 47915,
        "MNTN_CODE" : "468701101",
        "MANAGE_SP1" : "10",
        "MANAGE_SP2" : "이정표",
        "DETAIL_SPO" : "이정표,음수대,벤치",
        "ETC_MATTER" : " ",
        "MNTN_NM" : "삼각산",
        "PAST_SPOT_" : "4687011010006",
        "MNTN_ID" : "468701101"
      },
      "geometry" : {
        "x" : 151166.48550000042,
        "y" : 291917.73720000125
      }
    },
    {
      "attributes" : {
        "FID" : 6,
        "PMNTN_SPOT" : 47916,
        "MNTN_CODE" : "468701101",
        "MANAGE_SP1" : "11",
        "MANAGE_SP2" : "안내판또는지도",
        "DETAIL_SPO" : "안내판 지도",
        "ETC_MATTER" : " ",
        "MNTN_NM" : "삼각산",
        "PAST_SPOT_" : "4687011010007",
        "MNTN_ID" : "468701101"
      },
      "geometry" : {
        "x" : 151276.48580000084,
        "y" : 291840.49589999951
      }
    },
    {
      "attributes" : {
        "FID" : 7,
        "PMNTN_SPOT" : 47917,
        "MNTN_CODE" : "468701101",
        "MANAGE_SP1" : "05",
        "MANAGE_SP2" : "벤치",
        "DETAIL_SPO" : "벤치",
        "ETC_MATTER" : " ",
        "MNTN_NM" : "삼각산",
        "PAST_SPOT_" : "4687011010008",
        "MNTN_ID" : "468701101"
      },
      "geometry" : {
        "x" : 151288.06000000145,
        "y" : 291818.77470000088
      }
    },
    {
      "attributes" : {
        "FID" : 8,
        "PMNTN_SPOT" : 47918,
        "MNTN_CODE" : "468701101",
        "MANAGE_SP1" : "22",
        "MANAGE_SP2" : "헬기장",
        "DETAIL_SPO" : "헬기장",
        "ETC_MATTER" : " ",
        "MNTN_NM" : "삼각산",
        "PAST_SPOT_" : "4687011010009",
        "MNTN_ID" : "468701101"
      },
      "geometry" : {
        "x" : 151423.10920000076,
        "y" : 291711.76230000146
      }
    },
    {
      "attributes" : {
        "FID" : 9,
        "PMNTN_SPOT" : 47919,
        "MNTN_CODE" : "468701101",
        "MANAGE_SP1" : "05",
        "MANAGE_SP2" : "벤치",
        "DETAIL_SPO" : "벤치",
        "ETC_MATTER" : " ",
        "MNTN_NM" : "삼각산",
        "PAST_SPOT_" : "4687011010010",
        "MNTN_ID" : "468701101"
      },
      "geometry" : {
        "x" : 151435.69330000039,
        "y" : 291698.95419999957
      }
    },
    {
      "attributes" : {
        "FID" : 10,
        "PMNTN_SPOT" : 47920,
        "MNTN_CODE" : "468701101",
        "MANAGE_SP1" : "10",
        "MANAGE_SP2" : "이정표",
        "DETAIL_SPO" : "이정표,벤치",
        "ETC_MATTER" : " ",
        "MNTN_NM" : "삼각산",
        "PAST_SPOT_" : "4687011010011",
        "MNTN_ID" : "468701101"
      },
      "geometry" : {
        "x" : 151519.88030000217,
        "y" : 291577.4114000015
      }
    },
    {
      "attributes" : {
        "FID" : 11,
        "PMNTN_SPOT" : 47921,
        "MNTN_CODE" : "468701101",
        "MANAGE_SP1" : "23",
        "MANAGE_SP2" : "정상",
        "DETAIL_SPO" : "정상부,종점",
        "ETC_MATTER" : " ",
        "MNTN_NM" : "삼각산",
        "PAST_SPOT_" : "4687011010012",
        "MNTN_ID" : "468701101"
      },
      "geometry" : {
        "x" : 151547.88130000047,
        "y" : 291422.29170000181
      }
    },
    {
      "attributes" : {
        "FID" : 12,
        "PMNTN_SPOT" : 47922,
        "MNTN_CODE" : "468701101",
        "MANAGE_SP1" : "01",
        "MANAGE_SP2" : "시종점",
        "DETAIL_SPO" : "시종점",
        "ETC_MATTER" : " ",
        "MNTN_NM" : "삼각산",
        "PAST_SPOT_" : "4687011010013",
        "MNTN_ID" : "468701101"
      },
      "geometry" : {
        "x" : 150502.87339999899,
        "y" : 292829.74870000035
      }
    }
  ]
}