{
  "displayFieldName" : "",
  "fieldAliases" : {
    "FID" : "FID",
    "PMNTN_SPOT" : "PMNTN_SPOT",
    "MNTN_CODE" : "MNTN_CODE",
    "MANAGE_SP1" : "MANAGE_SP1",
    "MANAGE_SP2" : "MANAGE_SP2",
    "DETAIL_SPO" : "DETAIL_SPO",
    "ETC_MATTER" : "ETC_MATTER",
    "MNTN_NM" : "MNTN_NM",
    "PAST_SPOT_" : "PAST_SPOT_",
    "MNTN_ID" : "MNTN_ID"
  },
  "geometryType" : "esriGeometryPoint",
  "spatialReference" : {
    "wkt" : "PROJCS[\"PCS_ITRF2000_TM\",GEOGCS[\"GCS_ITRF_2000\",DATUM[\"D_ITRF_2000\",SPHEROID[\"GRS_1980\",6378137.0,298.257222101]],PRIMEM[\"Greenwich\",0.0],UNIT[\"Degree\",0.0174532925199433]],PROJECTION[\"Transverse_Mercator\"],PARAMETER[\"False_Easting\",200000.0],PARAMETER[\"False_Northing\",600000.0],PARAMETER[\"Central_Meridian\",127.0],PARAMETER[\"Scale_Factor\",1.0],PARAMETER[\"Latitude_Of_Origin\",38.0],UNIT[\"Meter\",1.0]]"
  },
  "fields" : [
    {
      "name" : "FID",
      "type" : "esriFieldTypeOID",
      "alias" : "FID"
    },
    {
      "name" : "PMNTN_SPOT",
      "type" : "esriFieldTypeDouble",
      "alias" : "PMNTN_SPOT"
    },
    {
      "name" : "MNTN_CODE",
      "type" : "esriFieldTypeString",
      "alias" : "MNTN_CODE",
      "length" : 9
    },
    {
      "name" : "MANAGE_SP1",
      "type" : "esriFieldTypeString",
      "alias" : "MANAGE_SP1",
      "length" : 2
    },
    {
      "name" : "MANAGE_SP2",
      "type" : "esriFieldTypeString",
      "alias" : "MANAGE_SP2",
      "length" : 50
    },
    {
      "name" : "DETAIL_SPO",
      "type" : "esriFieldTypeString",
      "alias" : "DETAIL_SPO",
      "length" : 200
    },
    {
      "name" : "ETC_MATTER",
      "type" : "esriFieldTypeString",
      "alias" : "ETC_MATTER",
      "length" : 200
    },
    {
      "name" : "MNTN_NM",
      "type" : "esriFieldTypeString",
      "alias" : "MNTN_NM",
      "length" : 50
    },
    {
      "name" : "PAST_SPOT_",
      "type" : "esriFieldTypeString",
      "alias" : "PAST_SPOT_",
      "length" : 14
    },
    {
      "name" : "MNTN_ID",
      "type" : "esriFieldTypeString",
      "alias" : "MNTN_ID",
      "length" : 10
    }
  ],
  "features" : [
    {
      "attributes" : {
        "FID" : 0,
        "PMNTN_SPOT" : 14394,
        "MNTN_CODE" : "427800401",
        "MANAGE_SP1" : "01",
        "MANAGE_SP2" : "시종점",
        "DETAIL_SPO" : "시종점",
        "ETC_MATTER" : " ",
        "MNTN_NM" : "금학산",
        "PAST_SPOT_" : "4278004010001",
        "MNTN_ID" : "427800401"
      },
      "geometry" : {
        "x" : 215405.47269999981,
        "y" : 625301.83390000276
      }
    },
    {
      "attributes" : {
        "FID" : 1,
        "PMNTN_SPOT" : 14395,
        "MNTN_CODE" : "427800401",
        "MANAGE_SP1" : "01",
        "MANAGE_SP2" : "시종점",
        "DETAIL_SPO" : "시종점",
        "ETC_MATTER" : " ",
        "MNTN_NM" : "금학산",
        "PAST_SPOT_" : "4278004010002",
        "MNTN_ID" : "427800401"
      },
      "geometry" : {
        "x" : 216215.19622076489,
        "y" : 621111.41054005362
      }
    },
    {
      "attributes" : {
        "FID" : 2,
        "PMNTN_SPOT" : 14396,
        "MNTN_CODE" : "427800401",
        "MANAGE_SP1" : "02",
        "MANAGE_SP2" : "분기점",
        "DETAIL_SPO" : "분기점",
        "ETC_MATTER" : " ",
        "MNTN_NM" : "금학산",
        "PAST_SPOT_" : "4278004010003",
        "MNTN_ID" : "427800401"
      },
      "geometry" : {
        "x" : 218538.06920000352,
        "y" : 622711.36769999936
      }
    },
    {
      "attributes" : {
        "FID" : 3,
        "PMNTN_SPOT" : 14397,
        "MNTN_CODE" : "427800401",
        "MANAGE_SP1" : "01",
        "MANAGE_SP2" : "시종점",
        "DETAIL_SPO" : "시종점",
        "ETC_MATTER" : " ",
        "MNTN_NM" : "금학산",
        "PAST_SPOT_" : "4278004010004",
        "MNTN_ID" : "427800401"
      },
      "geometry" : {
        "x" : 218773.74060000014,
        "y" : 622903.88800000027
      }
    },
    {
      "attributes" : {
        "FID" : 4,
        "PMNTN_SPOT" : 14398,
        "MNTN_CODE" : "427800401",
        "MANAGE_SP1" : "99",
        "MANAGE_SP2" : "기타",
        "DETAIL_SPO" : "등산로입구",
        "ETC_MATTER" : " ",
        "MNTN_NM" : "금학산",
        "PAST_SPOT_" : "22120602000005",
        "MNTN_ID" : "2212060200"
      },
      "geometry" : {
        "x" : 212869.62669999991,
        "y" : 623141.70199999958
      }
    },
    {
      "attributes" : {
        "FID" : 5,
        "PMNTN_SPOT" : 14399,
        "MNTN_CODE" : "427800401",
        "MANAGE_SP1" : "11",
        "MANAGE_SP2" : "안내판또는지도",
        "DETAIL_SPO" : "안내표지판",
        "ETC_MATTER" : " ",
        "MNTN_NM" : "금학산",
        "PAST_SPOT_" : "22120602000006",
        "MNTN_ID" : "2212060200"
      },
      "geometry" : {
        "x" : 213229.04580000322,
        "y" : 622832.4207000006
      }
    },
    {
      "attributes" : {
        "FID" : 6,
        "PMNTN_SPOT" : 14400,
        "MNTN_CODE" : "427800401",
        "MANAGE_SP1" : "11",
        "MANAGE_SP2" : "안내판또는지도",
        "DETAIL_SPO" : "안내표지판",
        "ETC_MATTER" : " ",
        "MNTN_NM" : "금학산",
        "PAST_SPOT_" : "22120602000007",
        "MNTN_ID" : "2212060200"
      },
      "geometry" : {
        "x" : 213244.47100000083,
        "y" : 622689.36920000426
      }
    },
    {
      "attributes" : {
        "FID" : 7,
        "PMNTN_SPOT" : 14401,
        "MNTN_CODE" : "427800401",
        "MANAGE_SP1" : "99",
        "MANAGE_SP2" : "기타",
        "DETAIL_SPO" : "쉼터",
        "ETC_MATTER" : " ",
        "MNTN_NM" : "금학산",
        "PAST_SPOT_" : "22120602000008",
        "MNTN_ID" : "2212060200"
      },
      "geometry" : {
        "x" : 213217.15670000017,
        "y" : 622605.70649999939
      }
    },
    {
      "attributes" : {
        "FID" : 8,
        "PMNTN_SPOT" : 14402,
        "MNTN_CODE" : "427800401",
        "MANAGE_SP1" : "11",
        "MANAGE_SP2" : "안내판또는지도",
        "DETAIL_SPO" : "안내표지판",
        "ETC_MATTER" : " ",
        "MNTN_NM" : "금학산",
        "PAST_SPOT_" : "22120602000009",
        "MNTN_ID" : "2212060200"
      },
      "geometry" : {
        "x" : 213352.58220000193,
        "y" : 622203.82030000351
      }
    },
    {
      "attributes" : {
        "FID" : 9,
        "PMNTN_SPOT" : 14403,
        "MNTN_CODE" : "427800401",
        "MANAGE_SP1" : "10",
        "MANAGE_SP2" : "이정표",
        "DETAIL_SPO" : "이정표",
        "ETC_MATTER" : " ",
        "MNTN_NM" : "금학산",
        "PAST_SPOT_" : "22120602000010",
        "MNTN_ID" : "2212060200"
      },
      "geometry" : {
        "x" : 213445.74029999971,
        "y" : 622150.72630000114
      }
    },
    {
      "attributes" : {
        "FID" : 10,
        "PMNTN_SPOT" : 14404,
        "MNTN_CODE" : "427800401",
        "MANAGE_SP1" : "10",
        "MANAGE_SP2" : "이정표",
        "DETAIL_SPO" : "이정표",
        "ETC_MATTER" : " ",
        "MNTN_NM" : "금학산",
        "PAST_SPOT_" : "22120602000011",
        "MNTN_ID" : "2212060200"
      },
      "geometry" : {
        "x" : 213473.19830000307,
        "y" : 622020.10989999957
      }
    },
    {
      "attributes" : {
        "FID" : 11,
        "PMNTN_SPOT" : 14405,
        "MNTN_CODE" : "427800401",
        "MANAGE_SP1" : "99",
        "MANAGE_SP2" : "기타",
        "DETAIL_SPO" : "삼각봉",
        "ETC_MATTER" : " ",
        "MNTN_NM" : "금학산",
        "PAST_SPOT_" : "22120602000012",
        "MNTN_ID" : "2212060200"
      },
      "geometry" : {
        "x" : 214315.69630000088,
        "y" : 621942.57159999944
      }
    },
    {
      "attributes" : {
        "FID" : 12,
        "PMNTN_SPOT" : 14406,
        "MNTN_CODE" : "427800401",
        "MANAGE_SP1" : "99",
        "MANAGE_SP2" : "기타",
        "DETAIL_SPO" : "등산로입구",
        "ETC_MATTER" : " ",
        "MNTN_NM" : "금학산",
        "PAST_SPOT_" : "22120602000013",
        "MNTN_ID" : "2212060200"
      },
      "geometry" : {
        "x" : 213191.64570000023,
        "y" : 623397.79820000194
      }
    },
    {
      "attributes" : {
        "FID" : 13,
        "PMNTN_SPOT" : 14407,
        "MNTN_CODE" : "427800401",
        "MANAGE_SP1" : "10",
        "MANAGE_SP2" : "이정표",
        "DETAIL_SPO" : "이정표",
        "ETC_MATTER" : " ",
        "MNTN_NM" : "금학산",
        "PAST_SPOT_" : "22120602000014",
        "MNTN_ID" : "2212060200"
      },
      "geometry" : {
        "x" : 213250.8749000011,
        "y" : 623410.65310000069
      }
    },
    {
      "attributes" : {
        "FID" : 14,
        "PMNTN_SPOT" : 14408,
        "MNTN_CODE" : "427800401",
        "MANAGE_SP1" : "99",
        "MANAGE_SP2" : "기타",
        "DETAIL_SPO" : "계단",
        "ETC_MATTER" : " ",
        "MNTN_NM" : "금학산",
        "PAST_SPOT_" : "22120602000015",
        "MNTN_ID" : "2212060200"
      },
      "geometry" : {
        "x" : 213431.7491000006,
        "y" : 623304.12600000203
      }
    },
    {
      "attributes" : {
        "FID" : 15,
        "PMNTN_SPOT" : 14409,
        "MNTN_CODE" : "427800401",
        "MANAGE_SP1" : "99",
        "MANAGE_SP2" : "기타",
        "DETAIL_SPO" : "계단",
        "ETC_MATTER" : " ",
        "MNTN_NM" : "금학산",
        "PAST_SPOT_" : "22120602000016",
        "MNTN_ID" : "2212060200"
      },
      "geometry" : {
        "x" : 213482.48529999983,
        "y" : 623326.74770000204
      }
    },
    {
      "attributes" : {
        "FID" : 16,
        "PMNTN_SPOT" : 14410,
        "MNTN_CODE" : "427800401",
        "MANAGE_SP1" : "99",
        "MANAGE_SP2" : "기타",
        "DETAIL_SPO" : "계단",
        "ETC_MATTER" : " ",
        "MNTN_NM" : "금학산",
        "PAST_SPOT_" : "22120602000017",
        "MNTN_ID" : "2212060200"
      },
      "geometry" : {
        "x" : 213505.90700000338,
        "y" : 623334.12799999863
      }
    },
    {
      "attributes" : {
        "FID" : 17,
        "PMNTN_SPOT" : 14411,
        "MNTN_CODE" : "427800401",
        "MANAGE_SP1" : "99",
        "MANAGE_SP2" : "기타",
        "DETAIL_SPO" : "계단",
        "ETC_MATTER" : " ",
        "MNTN_NM" : "금학산",
        "PAST_SPOT_" : "22120602000018",
        "MNTN_ID" : "2212060200"
      },
      "geometry" : {
        "x" : 213525.65969999973,
        "y" : 623342.49719999917
      }
    },
    {
      "attributes" : {
        "FID" : 18,
        "PMNTN_SPOT" : 14412,
        "MNTN_CODE" : "427800401",
        "MANAGE_SP1" : "10",
        "MANAGE_SP2" : "이정표",
        "DETAIL_SPO" : "이정표",
        "ETC_MATTER" : " ",
        "MNTN_NM" : "금학산",
        "PAST_SPOT_" : "22120602000019",
        "MNTN_ID" : "2212060200"
      },
      "geometry" : {
        "x" : 213552.39470000099,
        "y" : 623328.76180000231
      }
    },
    {
      "attributes" : {
        "FID" : 19,
        "PMNTN_SPOT" : 14413,
        "MNTN_CODE" : "427800401",
        "MANAGE_SP1" : "99",
        "MANAGE_SP2" : "기타",
        "DETAIL_SPO" : "계단",
        "ETC_MATTER" : " ",
        "MNTN_NM" : "금학산",
        "PAST_SPOT_" : "22120602000020",
        "MNTN_ID" : "2212060200"
      },
      "geometry" : {
        "x" : 213565.46940000355,
        "y" : 623277.37649999745
      }
    },
    {
      "attributes" : {
        "FID" : 20,
        "PMNTN_SPOT" : 14414,
        "MNTN_CODE" : "427800401",
        "MANAGE_SP1" : "99",
        "MANAGE_SP2" : "기타",
        "DETAIL_SPO" : "계단",
        "ETC_MATTER" : " ",
        "MNTN_NM" : "금학산",
        "PAST_SPOT_" : "22120602000021",
        "MNTN_ID" : "2212060200"
      },
      "geometry" : {
        "x" : 213577.60450000037,
        "y" : 623207.98730000108
      }
    },
    {
      "attributes" : {
        "FID" : 21,
        "PMNTN_SPOT" : 14415,
        "MNTN_CODE" : "427800401",
        "MANAGE_SP1" : "11",
        "MANAGE_SP2" : "안내판또는지도",
        "DETAIL_SPO" : "안내표지판",
        "ETC_MATTER" : " ",
        "MNTN_NM" : "금학산",
        "PAST_SPOT_" : "22120602000022",
        "MNTN_ID" : "2212060200"
      },
      "geometry" : {
        "x" : 213570.39710000064,
        "y" : 623174.90240000561
      }
    },
    {
      "attributes" : {
        "FID" : 22,
        "PMNTN_SPOT" : 14416,
        "MNTN_CODE" : "427800401",
        "MANAGE_SP1" : "99",
        "MANAGE_SP2" : "기타",
        "DETAIL_SPO" : "말등바위",
        "ETC_MATTER" : " ",
        "MNTN_NM" : "금학산",
        "PAST_SPOT_" : "22120602000023",
        "MNTN_ID" : "2212060200"
      },
      "geometry" : {
        "x" : 213569.88130000047,
        "y" : 623162.09259999916
      }
    },
    {
      "attributes" : {
        "FID" : 23,
        "PMNTN_SPOT" : 14417,
        "MNTN_CODE" : "427800401",
        "MANAGE_SP1" : "99",
        "MANAGE_SP2" : "기타",
        "DETAIL_SPO" : "계단",
        "ETC_MATTER" : " ",
        "MNTN_NM" : "금학산",
        "PAST_SPOT_" : "22120602000024",
        "MNTN_ID" : "2212060200"
      },
      "geometry" : {
        "x" : 213535.73379999958,
        "y" : 623031.47610000148
      }
    },
    {
      "attributes" : {
        "FID" : 24,
        "PMNTN_SPOT" : 14418,
        "MNTN_CODE" : "427800401",
        "MANAGE_SP1" : "10",
        "MANAGE_SP2" : "이정표",
        "DETAIL_SPO" : "이정표",
        "ETC_MATTER" : " ",
        "MNTN_NM" : "금학산",
        "PAST_SPOT_" : "22120602000025",
        "MNTN_ID" : "2212060200"
      },
      "geometry" : {
        "x" : 213611.84400000051,
        "y" : 622741.70190000162
      }
    },
    {
      "attributes" : {
        "FID" : 25,
        "PMNTN_SPOT" : 14419,
        "MNTN_CODE" : "427800401",
        "MANAGE_SP1" : "99",
        "MANAGE_SP2" : "기타",
        "DETAIL_SPO" : "칼바위",
        "ETC_MATTER" : " ",
        "MNTN_NM" : "금학산",
        "PAST_SPOT_" : "22120602000026",
        "MNTN_ID" : "2212060200"
      },
      "geometry" : {
        "x" : 213769.08820000105,
        "y" : 622529.59740000032
      }
    },
    {
      "attributes" : {
        "FID" : 26,
        "PMNTN_SPOT" : 14420,
        "MNTN_CODE" : "427800401",
        "MANAGE_SP1" : "99",
        "MANAGE_SP2" : "기타",
        "DETAIL_SPO" : "안전표지판",
        "ETC_MATTER" : " ",
        "MNTN_NM" : "금학산",
        "PAST_SPOT_" : "22120602000027",
        "MNTN_ID" : "2212060200"
      },
      "geometry" : {
        "x" : 213797.57810000144,
        "y" : 622402.67500000261
      }
    },
    {
      "attributes" : {
        "FID" : 27,
        "PMNTN_SPOT" : 14421,
        "MNTN_CODE" : "427800401",
        "MANAGE_SP1" : "99",
        "MANAGE_SP2" : "기타",
        "DETAIL_SPO" : "안전표지판",
        "ETC_MATTER" : " ",
        "MNTN_NM" : "금학산",
        "PAST_SPOT_" : "22120602000028",
        "MNTN_ID" : "2212060200"
      },
      "geometry" : {
        "x" : 214065.18550000153,
        "y" : 622177.7993999999
      }
    },
    {
      "attributes" : {
        "FID" : 28,
        "PMNTN_SPOT" : 14422,
        "MNTN_CODE" : "427800401",
        "MANAGE_SP1" : "99",
        "MANAGE_SP2" : "기타",
        "DETAIL_SPO" : "등산로입구",
        "ETC_MATTER" : " ",
        "MNTN_NM" : "금학산",
        "PAST_SPOT_" : "22120602000029",
        "MNTN_ID" : "2212060200"
      },
      "geometry" : {
        "x" : 213154.19369999971,
        "y" : 623771.72829999961
      }
    },
    {
      "attributes" : {
        "FID" : 29,
        "PMNTN_SPOT" : 14423,
        "MNTN_CODE" : "427800401",
        "MANAGE_SP1" : "11",
        "MANAGE_SP2" : "안내판또는지도",
        "DETAIL_SPO" : "안내문",
        "ETC_MATTER" : " ",
        "MNTN_NM" : "금학산",
        "PAST_SPOT_" : "22120602000030",
        "MNTN_ID" : "2212060200"
      },
      "geometry" : {
        "x" : 213170.37670000084,
        "y" : 623764.74460000172
      }
    },
    {
      "attributes" : {
        "FID" : 30,
        "PMNTN_SPOT" : 14424,
        "MNTN_CODE" : "427800401",
        "MANAGE_SP1" : "10",
        "MANAGE_SP2" : "이정표",
        "DETAIL_SPO" : "이정표",
        "ETC_MATTER" : " ",
        "MNTN_NM" : "금학산",
        "PAST_SPOT_" : "22120602000031",
        "MNTN_ID" : "2212060200"
      },
      "geometry" : {
        "x" : 213654.60950000025,
        "y" : 623705.37120000273
      }
    },
    {
      "attributes" : {
        "FID" : 31,
        "PMNTN_SPOT" : 14425,
        "MNTN_CODE" : "427800401",
        "MANAGE_SP1" : "99",
        "MANAGE_SP2" : "기타",
        "DETAIL_SPO" : "계곡부",
        "ETC_MATTER" : " ",
        "MNTN_NM" : "금학산",
        "PAST_SPOT_" : "22120602000032",
        "MNTN_ID" : "2212060200"
      },
      "geometry" : {
        "x" : 213658.81600000057,
        "y" : 623673.72360000014
      }
    },
    {
      "attributes" : {
        "FID" : 32,
        "PMNTN_SPOT" : 14426,
        "MNTN_CODE" : "427800401",
        "MANAGE_SP1" : "10",
        "MANAGE_SP2" : "이정표",
        "DETAIL_SPO" : "이정표",
        "ETC_MATTER" : " ",
        "MNTN_NM" : "금학산",
        "PAST_SPOT_" : "22120602000033",
        "MNTN_ID" : "2212060200"
      },
      "geometry" : {
        "x" : 214090.12010000087,
        "y" : 623501.31929999962
      }
    },
    {
      "attributes" : {
        "FID" : 33,
        "PMNTN_SPOT" : 14427,
        "MNTN_CODE" : "427800401",
        "MANAGE_SP1" : "99",
        "MANAGE_SP2" : "기타",
        "DETAIL_SPO" : "계단",
        "ETC_MATTER" : " ",
        "MNTN_NM" : "금학산",
        "PAST_SPOT_" : "22120602000034",
        "MNTN_ID" : "2212060200"
      },
      "geometry" : {
        "x" : 214524.6576999994,
        "y" : 623005.05289999768
      }
    },
    {
      "attributes" : {
        "FID" : 34,
        "PMNTN_SPOT" : 14428,
        "MNTN_CODE" : "427800401",
        "MANAGE_SP1" : "10",
        "MANAGE_SP2" : "이정표",
        "DETAIL_SPO" : "이정표",
        "ETC_MATTER" : " ",
        "MNTN_NM" : "금학산",
        "PAST_SPOT_" : "22120602000035",
        "MNTN_ID" : "2212060200"
      },
      "geometry" : {
        "x" : 214542.30900000036,
        "y" : 622975.95940000005
      }
    },
    {
      "attributes" : {
        "FID" : 35,
        "PMNTN_SPOT" : 14429,
        "MNTN_CODE" : "427800401",
        "MANAGE_SP1" : "99",
        "MANAGE_SP2" : "기타",
        "DETAIL_SPO" : "계단",
        "ETC_MATTER" : " ",
        "MNTN_NM" : "금학산",
        "PAST_SPOT_" : "22120602000036",
        "MNTN_ID" : "2212060200"
      },
      "geometry" : {
        "x" : 214573.54550000373,
        "y" : 622930.70839999989
      }
    },
    {
      "attributes" : {
        "FID" : 36,
        "PMNTN_SPOT" : 14430,
        "MNTN_CODE" : "427800401",
        "MANAGE_SP1" : "99",
        "MANAGE_SP2" : "기타",
        "DETAIL_SPO" : "물탱크",
        "ETC_MATTER" : " ",
        "MNTN_NM" : "금학산",
        "PAST_SPOT_" : "22120602000037",
        "MNTN_ID" : "2212060200"
      },
      "geometry" : {
        "x" : 214722.90969999973,
        "y" : 622726.10660000145
      }
    },
    {
      "attributes" : {
        "FID" : 37,
        "PMNTN_SPOT" : 14431,
        "MNTN_CODE" : "427800401",
        "MANAGE_SP1" : "99",
        "MANAGE_SP2" : "기타",
        "DETAIL_SPO" : "기타",
        "ETC_MATTER" : " ",
        "MNTN_NM" : "금학산",
        "PAST_SPOT_" : "22120602000038",
        "MNTN_ID" : "2212060200"
      },
      "geometry" : {
        "x" : 214804.8900000006,
        "y" : 622423.74760000035
      }
    },
    {
      "attributes" : {
        "FID" : 38,
        "PMNTN_SPOT" : 14432,
        "MNTN_CODE" : "427800401",
        "MANAGE_SP1" : "99",
        "MANAGE_SP2" : "기타",
        "DETAIL_SPO" : "화재경보종",
        "ETC_MATTER" : " ",
        "MNTN_NM" : "금학산",
        "PAST_SPOT_" : "22120602000039",
        "MNTN_ID" : "2212060200"
      },
      "geometry" : {
        "x" : 217553.76670000143,
        "y" : 620810.85170000233
      }
    },
    {
      "attributes" : {
        "FID" : 39,
        "PMNTN_SPOT" : 14433,
        "MNTN_CODE" : "427800401",
        "MANAGE_SP1" : "22",
        "MANAGE_SP2" : "헬기장",
        "DETAIL_SPO" : "헬기장",
        "ETC_MATTER" : " ",
        "MNTN_NM" : "금학산",
        "PAST_SPOT_" : "22120602000040",
        "MNTN_ID" : "2212060200"
      },
      "geometry" : {
        "x" : 217518.63770000078,
        "y" : 620748.34919999912
      }
    },
    {
      "attributes" : {
        "FID" : 40,
        "PMNTN_SPOT" : 14434,
        "MNTN_CODE" : "427800401",
        "MANAGE_SP1" : "04",
        "MANAGE_SP2" : "화장실",
        "DETAIL_SPO" : "화장실",
        "ETC_MATTER" : " ",
        "MNTN_NM" : "금학산",
        "PAST_SPOT_" : "22120602000041",
        "MNTN_ID" : "2212060200"
      },
      "geometry" : {
        "x" : 218247.30330000073,
        "y" : 622383.83129999973
      }
    },
    {
      "attributes" : {
        "FID" : 41,
        "PMNTN_SPOT" : 14435,
        "MNTN_CODE" : "427800401",
        "MANAGE_SP1" : "02",
        "MANAGE_SP2" : "분기점",
        "DETAIL_SPO" : "분기점",
        "ETC_MATTER" : " ",
        "MNTN_NM" : "금학산",
        "PAST_SPOT_" : "22120602000042",
        "MNTN_ID" : "2212060200"
      },
      "geometry" : {
        "x" : 218193.41420282889,
        "y" : 621928.42655256949
      }
    },
    {
      "attributes" : {
        "FID" : 42,
        "PMNTN_SPOT" : 14436,
        "MNTN_CODE" : "427800401",
        "MANAGE_SP1" : "99",
        "MANAGE_SP2" : "기타",
        "DETAIL_SPO" : "목계단",
        "ETC_MATTER" : " ",
        "MNTN_NM" : "금학산",
        "PAST_SPOT_" : "22120602000043",
        "MNTN_ID" : "2212060200"
      },
      "geometry" : {
        "x" : 218137.34660000075,
        "y" : 622202.99780000187
      }
    },
    {
      "attributes" : {
        "FID" : 43,
        "PMNTN_SPOT" : 14437,
        "MNTN_CODE" : "427800401",
        "MANAGE_SP1" : "05",
        "MANAGE_SP2" : "벤치",
        "DETAIL_SPO" : "벤치",
        "ETC_MATTER" : " ",
        "MNTN_NM" : "금학산",
        "PAST_SPOT_" : "22120602000044",
        "MNTN_ID" : "2212060200"
      },
      "geometry" : {
        "x" : 218058.41569999978,
        "y" : 622170.95439999923
      }
    },
    {
      "attributes" : {
        "FID" : 44,
        "PMNTN_SPOT" : 14438,
        "MNTN_CODE" : "427800401",
        "MANAGE_SP1" : "99",
        "MANAGE_SP2" : "기타",
        "DETAIL_SPO" : "목계단",
        "ETC_MATTER" : " ",
        "MNTN_NM" : "금학산",
        "PAST_SPOT_" : "22120602000045",
        "MNTN_ID" : "2212060200"
      },
      "geometry" : {
        "x" : 218030.88929999992,
        "y" : 622121.18700000457
      }
    },
    {
      "attributes" : {
        "FID" : 45,
        "PMNTN_SPOT" : 14439,
        "MNTN_CODE" : "427800401",
        "MANAGE_SP1" : "02",
        "MANAGE_SP2" : "분기점",
        "DETAIL_SPO" : "분기점",
        "ETC_MATTER" : " ",
        "MNTN_NM" : "금학산",
        "PAST_SPOT_" : "22120602000046",
        "MNTN_ID" : "2212060200"
      },
      "geometry" : {
        "x" : 217954.34670000058,
        "y" : 621775.04850000329
      }
    },
    {
      "attributes" : {
        "FID" : 46,
        "PMNTN_SPOT" : 14440,
        "MNTN_CODE" : "427800401",
        "MANAGE_SP1" : "14",
        "MANAGE_SP2" : "조망점",
        "DETAIL_SPO" : "조망점",
        "ETC_MATTER" : " ",
        "MNTN_NM" : "금학산",
        "PAST_SPOT_" : "22120602000047",
        "MNTN_ID" : "2212060200"
      },
      "geometry" : {
        "x" : 217912.94949999917,
        "y" : 621710.06610000134
      }
    },
    {
      "attributes" : {
        "FID" : 47,
        "PMNTN_SPOT" : 14441,
        "MNTN_CODE" : "427800401",
        "MANAGE_SP1" : "99",
        "MANAGE_SP2" : "기타",
        "DETAIL_SPO" : "기타",
        "ETC_MATTER" : " ",
        "MNTN_NM" : "금학산",
        "PAST_SPOT_" : "22120602000048",
        "MNTN_ID" : "2212060200"
      },
      "geometry" : {
        "x" : 217789.28039999958,
        "y" : 621518.75120000169
      }
    },
    {
      "attributes" : {
        "FID" : 48,
        "PMNTN_SPOT" : 14442,
        "MNTN_CODE" : "427800401",
        "MANAGE_SP1" : "99",
        "MANAGE_SP2" : "기타",
        "DETAIL_SPO" : "능선",
        "ETC_MATTER" : " ",
        "MNTN_NM" : "금학산",
        "PAST_SPOT_" : "22120602000049",
        "MNTN_ID" : "2212060200"
      },
      "geometry" : {
        "x" : 217667.33889999893,
        "y" : 621360.40939999931
      }
    },
    {
      "attributes" : {
        "FID" : 49,
        "PMNTN_SPOT" : 14443,
        "MNTN_CODE" : "427800401",
        "MANAGE_SP1" : "99",
        "MANAGE_SP2" : "기타",
        "DETAIL_SPO" : "기타",
        "ETC_MATTER" : " ",
        "MNTN_NM" : "금학산",
        "PAST_SPOT_" : "22120602000050",
        "MNTN_ID" : "2212060200"
      },
      "geometry" : {
        "x" : 217671.89169999957,
        "y" : 621252.20390000194
      }
    },
    {
      "attributes" : {
        "FID" : 50,
        "PMNTN_SPOT" : 14444,
        "MNTN_CODE" : "427800401",
        "MANAGE_SP1" : "99",
        "MANAGE_SP2" : "기타",
        "DETAIL_SPO" : "정승바위",
        "ETC_MATTER" : " ",
        "MNTN_NM" : "금학산",
        "PAST_SPOT_" : "22120602000051",
        "MNTN_ID" : "2212060200"
      },
      "geometry" : {
        "x" : 217612.91760000214,
        "y" : 621174.23120000213
      }
    },
    {
      "attributes" : {
        "FID" : 51,
        "PMNTN_SPOT" : 14445,
        "MNTN_CODE" : "427800401",
        "MANAGE_SP1" : "08",
        "MANAGE_SP2" : "가로등",
        "DETAIL_SPO" : "가로등",
        "ETC_MATTER" : " ",
        "MNTN_NM" : "금학산",
        "PAST_SPOT_" : "22120602000052",
        "MNTN_ID" : "2212060200"
      },
      "geometry" : {
        "x" : 218286.42009999882,
        "y" : 622466.99250000156
      }
    },
    {
      "attributes" : {
        "FID" : 52,
        "PMNTN_SPOT" : 14446,
        "MNTN_CODE" : "427800401",
        "MANAGE_SP1" : "99",
        "MANAGE_SP2" : "기타",
        "DETAIL_SPO" : "금학산정",
        "ETC_MATTER" : " ",
        "MNTN_NM" : "금학산",
        "PAST_SPOT_" : "22120602000053",
        "MNTN_ID" : "2212060200"
      },
      "geometry" : {
        "x" : 218183.54210000299,
        "y" : 622223.56920000166
      }
    },
    {
      "attributes" : {
        "FID" : 53,
        "PMNTN_SPOT" : 14447,
        "MNTN_CODE" : "427800401",
        "MANAGE_SP1" : "02",
        "MANAGE_SP2" : "분기점",
        "DETAIL_SPO" : "분기점",
        "ETC_MATTER" : " ",
        "MNTN_NM" : "금학산",
        "PAST_SPOT_" : "22120602000054",
        "MNTN_ID" : "2212060200"
      },
      "geometry" : {
        "x" : 218058.41569999978,
        "y" : 622170.95439999923
      }
    },
    {
      "attributes" : {
        "FID" : 54,
        "PMNTN_SPOT" : 14448,
        "MNTN_CODE" : "427800401",
        "MANAGE_SP1" : "02",
        "MANAGE_SP2" : "분기점",
        "DETAIL_SPO" : "분기점",
        "ETC_MATTER" : " ",
        "MNTN_NM" : "금학산",
        "PAST_SPOT_" : "22120602000055",
        "MNTN_ID" : "2212060200"
      },
      "geometry" : {
        "x" : 217954.34670000058,
        "y" : 621775.04850000329
      }
    },
    {
      "attributes" : {
        "FID" : 55,
        "PMNTN_SPOT" : 14449,
        "MNTN_CODE" : "427800401",
        "MANAGE_SP1" : "99",
        "MANAGE_SP2" : "기타",
        "DETAIL_SPO" : "기타",
        "ETC_MATTER" : " ",
        "MNTN_NM" : "금학산",
        "PAST_SPOT_" : "22120602000056",
        "MNTN_ID" : "2212060200"
      },
      "geometry" : {
        "x" : 217912.94949999917,
        "y" : 621710.06610000134
      }
    },
    {
      "attributes" : {
        "FID" : 56,
        "PMNTN_SPOT" : 14450,
        "MNTN_CODE" : "427800401",
        "MANAGE_SP1" : "99",
        "MANAGE_SP2" : "기타",
        "DETAIL_SPO" : "매바위",
        "ETC_MATTER" : " ",
        "MNTN_NM" : "금학산",
        "PAST_SPOT_" : "22120602000057",
        "MNTN_ID" : "2212060200"
      },
      "geometry" : {
        "x" : 217912.94949999917,
        "y" : 621710.06610000134
      }
    },
    {
      "attributes" : {
        "FID" : 57,
        "PMNTN_SPOT" : 14451,
        "MNTN_CODE" : "427800401",
        "MANAGE_SP1" : "99",
        "MANAGE_SP2" : "기타",
        "DETAIL_SPO" : "기타",
        "ETC_MATTER" : " ",
        "MNTN_NM" : "금학산",
        "PAST_SPOT_" : "22120602000058",
        "MNTN_ID" : "2212060200"
      },
      "geometry" : {
        "x" : 217789.28039999958,
        "y" : 621518.75120000169
      }
    },
    {
      "attributes" : {
        "FID" : 58,
        "PMNTN_SPOT" : 14452,
        "MNTN_CODE" : "427800401",
        "MANAGE_SP1" : "99",
        "MANAGE_SP2" : "기타",
        "DETAIL_SPO" : "기타",
        "ETC_MATTER" : " ",
        "MNTN_NM" : "금학산",
        "PAST_SPOT_" : "22120602000059",
        "MNTN_ID" : "2212060200"
      },
      "geometry" : {
        "x" : 217789.28039999958,
        "y" : 621518.75120000169
      }
    },
    {
      "attributes" : {
        "FID" : 59,
        "PMNTN_SPOT" : 14453,
        "MNTN_CODE" : "427800401",
        "MANAGE_SP1" : "99",
        "MANAGE_SP2" : "기타",
        "DETAIL_SPO" : "기타",
        "ETC_MATTER" : " ",
        "MNTN_NM" : "금학산",
        "PAST_SPOT_" : "22120602000060",
        "MNTN_ID" : "2212060200"
      },
      "geometry" : {
        "x" : 217789.28039999958,
        "y" : 621518.75120000169
      }
    },
    {
      "attributes" : {
        "FID" : 60,
        "PMNTN_SPOT" : 14454,
        "MNTN_CODE" : "427800401",
        "MANAGE_SP1" : "06",
        "MANAGE_SP2" : "음수대",
        "DETAIL_SPO" : "약수터",
        "ETC_MATTER" : " ",
        "MNTN_NM" : "금학산",
        "PAST_SPOT_" : "22120602000061",
        "MNTN_ID" : "2212060200"
      },
      "geometry" : {
        "x" : 218867.72510000132,
        "y" : 621404.50730000064
      }
    },
    {
      "attributes" : {
        "FID" : 61,
        "PMNTN_SPOT" : 14455,
        "MNTN_CODE" : "427800401",
        "MANAGE_SP1" : "02",
        "MANAGE_SP2" : "분기점",
        "DETAIL_SPO" : "분기점",
        "ETC_MATTER" : " ",
        "MNTN_NM" : "금학산",
        "PAST_SPOT_" : "22120602000062",
        "MNTN_ID" : "2212060200"
      },
      "geometry" : {
        "x" : 218812.77781075053,
        "y" : 621436.00495830365
      }
    },
    {
      "attributes" : {
        "FID" : 62,
        "PMNTN_SPOT" : 14456,
        "MNTN_CODE" : "427800401",
        "MANAGE_SP1" : "99",
        "MANAGE_SP2" : "기타",
        "DETAIL_SPO" : "암석",
        "ETC_MATTER" : " ",
        "MNTN_NM" : "금학산",
        "PAST_SPOT_" : "22120602000063",
        "MNTN_ID" : "2212060200"
      },
      "geometry" : {
        "x" : 218478.62810000125,
        "y" : 621008.33040000312
      }
    },
    {
      "attributes" : {
        "FID" : 63,
        "PMNTN_SPOT" : 14457,
        "MNTN_CODE" : "427800401",
        "MANAGE_SP1" : "10",
        "MANAGE_SP2" : "이정표",
        "DETAIL_SPO" : "이정표",
        "ETC_MATTER" : " ",
        "MNTN_NM" : "금학산",
        "PAST_SPOT_" : "22120602000064",
        "MNTN_ID" : "2212060200"
      },
      "geometry" : {
        "x" : 218021.1071999995,
        "y" : 620884.57450000383
      }
    },
    {
      "attributes" : {
        "FID" : 64,
        "PMNTN_SPOT" : 14458,
        "MNTN_CODE" : "427800401",
        "MANAGE_SP1" : "14",
        "MANAGE_SP2" : "조망점",
        "DETAIL_SPO" : "조망점",
        "ETC_MATTER" : " ",
        "MNTN_NM" : "금학산",
        "PAST_SPOT_" : "22120602000065",
        "MNTN_ID" : "2212060200"
      },
      "geometry" : {
        "x" : 217640.87039999943,
        "y" : 620667.74750000238
      }
    },
    {
      "attributes" : {
        "FID" : 65,
        "PMNTN_SPOT" : 14459,
        "MNTN_CODE" : "427800401",
        "MANAGE_SP1" : "99",
        "MANAGE_SP2" : "기타",
        "DETAIL_SPO" : "삼거리",
        "ETC_MATTER" : " ",
        "MNTN_NM" : "금학산",
        "PAST_SPOT_" : "22120602000066",
        "MNTN_ID" : "2212060200"
      },
      "geometry" : {
        "x" : 218543.67690000124,
        "y" : 621402.07819999941
      }
    },
    {
      "attributes" : {
        "FID" : 66,
        "PMNTN_SPOT" : 14460,
        "MNTN_CODE" : "427800401",
        "MANAGE_SP1" : "99",
        "MANAGE_SP2" : "기타",
        "DETAIL_SPO" : "마애불상",
        "ETC_MATTER" : " ",
        "MNTN_NM" : "금학산",
        "PAST_SPOT_" : "22120602000067",
        "MNTN_ID" : "2212060200"
      },
      "geometry" : {
        "x" : 218617.12260000128,
        "y" : 621075.65640000254
      }
    },
    {
      "attributes" : {
        "FID" : 67,
        "PMNTN_SPOT" : 14461,
        "MNTN_CODE" : "427800401",
        "MANAGE_SP1" : "99",
        "MANAGE_SP2" : "기타",
        "DETAIL_SPO" : "암석",
        "ETC_MATTER" : " ",
        "MNTN_NM" : "금학산",
        "PAST_SPOT_" : "22120602000068",
        "MNTN_ID" : "2212060200"
      },
      "geometry" : {
        "x" : 218668.75240000058,
        "y" : 620966.97040000185
      }
    },
    {
      "attributes" : {
        "FID" : 68,
        "PMNTN_SPOT" : 14462,
        "MNTN_CODE" : "427800401",
        "MANAGE_SP1" : "99",
        "MANAGE_SP2" : "기타",
        "DETAIL_SPO" : "암석",
        "ETC_MATTER" : " ",
        "MNTN_NM" : "금학산",
        "PAST_SPOT_" : "22120602000069",
        "MNTN_ID" : "2212060200"
      },
      "geometry" : {
        "x" : 218727.53039999865,
        "y" : 620943.28400000185
      }
    },
    {
      "attributes" : {
        "FID" : 69,
        "PMNTN_SPOT" : 14463,
        "MNTN_CODE" : "427800401",
        "MANAGE_SP1" : "99",
        "MANAGE_SP2" : "기타",
        "DETAIL_SPO" : "바위",
        "ETC_MATTER" : " ",
        "MNTN_NM" : "금학산",
        "PAST_SPOT_" : "22120602000070",
        "MNTN_ID" : "2212060200"
      },
      "geometry" : {
        "x" : 218773.09640000295,
        "y" : 620870.40499999933
      }
    },
    {
      "attributes" : {
        "FID" : 70,
        "PMNTN_SPOT" : 14464,
        "MNTN_CODE" : "427800401",
        "MANAGE_SP1" : "99",
        "MANAGE_SP2" : "기타",
        "DETAIL_SPO" : "기도터",
        "ETC_MATTER" : " ",
        "MNTN_NM" : "금학산",
        "PAST_SPOT_" : "22120602000071",
        "MNTN_ID" : "2212060200"
      },
      "geometry" : {
        "x" : 218877.43070000317,
        "y" : 620923.27120000124
      }
    },
    {
      "attributes" : {
        "FID" : 71,
        "PMNTN_SPOT" : 14465,
        "MNTN_CODE" : "427800401",
        "MANAGE_SP1" : "99",
        "MANAGE_SP2" : "기타",
        "DETAIL_SPO" : "금학산신제당",
        "ETC_MATTER" : " ",
        "MNTN_NM" : "금학산",
        "PAST_SPOT_" : "22120602000072",
        "MNTN_ID" : "2212060200"
      },
      "geometry" : {
        "x" : 218956.60160000063,
        "y" : 620972.83910000138
      }
    },
    {
      "attributes" : {
        "FID" : 72,
        "PMNTN_SPOT" : 14466,
        "MNTN_CODE" : "427800401",
        "MANAGE_SP1" : "12",
        "MANAGE_SP2" : "위험지역",
        "DETAIL_SPO" : "위험지역",
        "ETC_MATTER" : " ",
        "MNTN_NM" : "금학산",
        "PAST_SPOT_" : "22120602000073",
        "MNTN_ID" : "2212060200"
      },
      "geometry" : {
        "x" : 218472.5988999987,
        "y" : 620970.3432
      }
    },
    {
      "attributes" : {
        "FID" : 73,
        "PMNTN_SPOT" : 14467,
        "MNTN_CODE" : "427800401",
        "MANAGE_SP1" : "02",
        "MANAGE_SP2" : "분기점",
        "DETAIL_SPO" : "분기점",
        "ETC_MATTER" : " ",
        "MNTN_NM" : "금학산",
        "PAST_SPOT_" : "22120602000074",
        "MNTN_ID" : "2212060200"
      },
      "geometry" : {
        "x" : 218578.44250612333,
        "y" : 621091.785675833
      }
    },
    {
      "attributes" : {
        "FID" : 74,
        "PMNTN_SPOT" : 14468,
        "MNTN_CODE" : "427800401",
        "MANAGE_SP1" : "99",
        "MANAGE_SP2" : "기타",
        "DETAIL_SPO" : "산소",
        "ETC_MATTER" : " ",
        "MNTN_NM" : "금학산",
        "PAST_SPOT_" : "22120602000075",
        "MNTN_ID" : "2212060200"
      },
      "geometry" : {
        "x" : 218472.5988999987,
        "y" : 620970.3432
      }
    },
    {
      "attributes" : {
        "FID" : 75,
        "PMNTN_SPOT" : 14469,
        "MNTN_CODE" : "427800401",
        "MANAGE_SP1" : "99",
        "MANAGE_SP2" : "기타",
        "DETAIL_SPO" : "물통받침",
        "ETC_MATTER" : " ",
        "MNTN_NM" : "금학산",
        "PAST_SPOT_" : "22120602000076",
        "MNTN_ID" : "2212060200"
      },
      "geometry" : {
        "x" : 217809.13550000079,
        "y" : 620728.5858000014
      }
    },
    {
      "attributes" : {
        "FID" : 76,
        "PMNTN_SPOT" : 14470,
        "MNTN_CODE" : "427800401",
        "MANAGE_SP1" : "10",
        "MANAGE_SP2" : "이정표",
        "DETAIL_SPO" : "이정표",
        "ETC_MATTER" : " ",
        "MNTN_NM" : "금학산",
        "PAST_SPOT_" : "22120602000077",
        "MNTN_ID" : "2212060200"
      },
      "geometry" : {
        "x" : 216694.26510000043,
        "y" : 620998.74220000021
      }
    },
    {
      "attributes" : {
        "FID" : 77,
        "PMNTN_SPOT" : 14471,
        "MNTN_CODE" : "427800401",
        "MANAGE_SP1" : "99",
        "MANAGE_SP2" : "기타",
        "DETAIL_SPO" : "목계단",
        "ETC_MATTER" : " ",
        "MNTN_NM" : "금학산",
        "PAST_SPOT_" : "22120602000078",
        "MNTN_ID" : "2212060200"
      },
      "geometry" : {
        "x" : 216820.89630000014,
        "y" : 620958.89680000208
      }
    },
    {
      "attributes" : {
        "FID" : 78,
        "PMNTN_SPOT" : 14472,
        "MNTN_CODE" : "427800401",
        "MANAGE_SP1" : "12",
        "MANAGE_SP2" : "위험지역",
        "DETAIL_SPO" : "위험지역",
        "ETC_MATTER" : " ",
        "MNTN_NM" : "금학산",
        "PAST_SPOT_" : "22120602000079",
        "MNTN_ID" : "2212060200"
      },
      "geometry" : {
        "x" : 217180.51819999982,
        "y" : 620879.8900000006
      }
    },
    {
      "attributes" : {
        "FID" : 79,
        "PMNTN_SPOT" : 14473,
        "MNTN_CODE" : "427800401",
        "MANAGE_SP1" : "12",
        "MANAGE_SP2" : "위험지역",
        "DETAIL_SPO" : "위험지역",
        "ETC_MATTER" : " ",
        "MNTN_NM" : "금학산",
        "PAST_SPOT_" : "22120602000080",
        "MNTN_ID" : "2212060200"
      },
      "geometry" : {
        "x" : 217351.99840000272,
        "y" : 620812.33029999956
      }
    },
    {
      "attributes" : {
        "FID" : 80,
        "PMNTN_SPOT" : 14474,
        "MNTN_CODE" : "427800401",
        "MANAGE_SP1" : "14",
        "MANAGE_SP2" : "조망점",
        "DETAIL_SPO" : "조망점",
        "ETC_MATTER" : " ",
        "MNTN_NM" : "금학산",
        "PAST_SPOT_" : "22120602000081",
        "MNTN_ID" : "2212060200"
      },
      "geometry" : {
        "x" : 217472.72590000089,
        "y" : 620762.49239999801
      }
    },
    {
      "attributes" : {
        "FID" : 81,
        "PMNTN_SPOT" : 14475,
        "MNTN_CODE" : "427800401",
        "MANAGE_SP1" : "12",
        "MANAGE_SP2" : "위험지역",
        "DETAIL_SPO" : "위험지역",
        "ETC_MATTER" : " ",
        "MNTN_NM" : "금학산",
        "PAST_SPOT_" : "22120602000082",
        "MNTN_ID" : "2212060200"
      },
      "geometry" : {
        "x" : 215556.93369999994,
        "y" : 620699.81610000134
      }
    },
    {
      "attributes" : {
        "FID" : 82,
        "PMNTN_SPOT" : 14476,
        "MNTN_CODE" : "427800401",
        "MANAGE_SP1" : "99",
        "MANAGE_SP2" : "기타",
        "DETAIL_SPO" : "촛대바위",
        "ETC_MATTER" : " ",
        "MNTN_NM" : "금학산",
        "PAST_SPOT_" : "22120602000083",
        "MNTN_ID" : "2212060200"
      },
      "geometry" : {
        "x" : 215546.47900000308,
        "y" : 620770.4485000018
      }
    },
    {
      "attributes" : {
        "FID" : 83,
        "PMNTN_SPOT" : 14477,
        "MNTN_CODE" : "427800401",
        "MANAGE_SP1" : "12",
        "MANAGE_SP2" : "위험지역",
        "DETAIL_SPO" : "위험지역",
        "ETC_MATTER" : " ",
        "MNTN_NM" : "금학산",
        "PAST_SPOT_" : "22120602000084",
        "MNTN_ID" : "2212060200"
      },
      "geometry" : {
        "x" : 215323.58350000158,
        "y" : 621171.88610000163
      }
    },
    {
      "attributes" : {
        "FID" : 84,
        "PMNTN_SPOT" : 14478,
        "MNTN_CODE" : "427800401",
        "MANAGE_SP1" : "12",
        "MANAGE_SP2" : "위험지역",
        "DETAIL_SPO" : "위험지역",
        "ETC_MATTER" : " ",
        "MNTN_NM" : "금학산",
        "PAST_SPOT_" : "22120602000085",
        "MNTN_ID" : "2212060200"
      },
      "geometry" : {
        "x" : 215324.38709999993,
        "y" : 621290.0818000026
      }
    },
    {
      "attributes" : {
        "FID" : 85,
        "PMNTN_SPOT" : 14479,
        "MNTN_CODE" : "427800401",
        "MANAGE_SP1" : "12",
        "MANAGE_SP2" : "위험지역",
        "DETAIL_SPO" : "위험지역",
        "ETC_MATTER" : " ",
        "MNTN_NM" : "금학산",
        "PAST_SPOT_" : "22120602000086",
        "MNTN_ID" : "2212060200"
      },
      "geometry" : {
        "x" : 215110.82550000399,
        "y" : 621536.65159999952
      }
    },
    {
      "attributes" : {
        "FID" : 86,
        "PMNTN_SPOT" : 14480,
        "MNTN_CODE" : "427800401",
        "MANAGE_SP1" : "12",
        "MANAGE_SP2" : "위험지역",
        "DETAIL_SPO" : "위험암벽",
        "ETC_MATTER" : " ",
        "MNTN_NM" : "금학산",
        "PAST_SPOT_" : "22120602000087",
        "MNTN_ID" : "2212060200"
      },
      "geometry" : {
        "x" : 214603.12420000136,
        "y" : 622148.73530000076
      }
    },
    {
      "attributes" : {
        "FID" : 87,
        "PMNTN_SPOT" : 14481,
        "MNTN_CODE" : "427800401",
        "MANAGE_SP1" : "01",
        "MANAGE_SP2" : "시종점",
        "DETAIL_SPO" : "시종점",
        "ETC_MATTER" : " ",
        "MNTN_NM" : "금학산",
        "PAST_SPOT_" : "22120602000088",
        "MNTN_ID" : "2212060200"
      },
      "geometry" : {
        "x" : 212890.99390000105,
        "y" : 623716.76439999975
      }
    },
    {
      "attributes" : {
        "FID" : 88,
        "PMNTN_SPOT" : 14482,
        "MNTN_CODE" : "427800401",
        "MANAGE_SP1" : "01",
        "MANAGE_SP2" : "시종점",
        "DETAIL_SPO" : "시종점",
        "ETC_MATTER" : " ",
        "MNTN_NM" : "금학산",
        "PAST_SPOT_" : "22120602000089",
        "MNTN_ID" : "2212060200"
      },
      "geometry" : {
        "x" : 212895.45470000058,
        "y" : 623726.95930000022
      }
    },
    {
      "attributes" : {
        "FID" : 89,
        "PMNTN_SPOT" : 14483,
        "MNTN_CODE" : "427800401",
        "MANAGE_SP1" : "10",
        "MANAGE_SP2" : "이정표",
        "DETAIL_SPO" : "이정표",
        "ETC_MATTER" : " ",
        "MNTN_NM" : "금학산",
        "PAST_SPOT_" : "22120602000090",
        "MNTN_ID" : "2212060200"
      },
      "geometry" : {
        "x" : 213187.04770000093,
        "y" : 623400.12510000356
      }
    },
    {
      "attributes" : {
        "FID" : 90,
        "PMNTN_SPOT" : 14484,
        "MNTN_CODE" : "427800401",
        "MANAGE_SP1" : "10",
        "MANAGE_SP2" : "이정표",
        "DETAIL_SPO" : "이정표",
        "ETC_MATTER" : " ",
        "MNTN_NM" : "금학산",
        "PAST_SPOT_" : "22120602000091",
        "MNTN_ID" : "2212060200"
      },
      "geometry" : {
        "x" : 214110.03520000074,
        "y" : 622010.85950000212
      }
    },
    {
      "attributes" : {
        "FID" : 91,
        "PMNTN_SPOT" : 14485,
        "MNTN_CODE" : "427800401",
        "MANAGE_SP1" : "99",
        "MANAGE_SP2" : "기타",
        "DETAIL_SPO" : "구조용전화",
        "ETC_MATTER" : " ",
        "MNTN_NM" : "금학산",
        "PAST_SPOT_" : "22120602000092",
        "MNTN_ID" : "2212060200"
      },
      "geometry" : {
        "x" : 214560.24870000035,
        "y" : 622090.8814000003
      }
    },
    {
      "attributes" : {
        "FID" : 92,
        "PMNTN_SPOT" : 14486,
        "MNTN_CODE" : "427800401",
        "MANAGE_SP1" : "02",
        "MANAGE_SP2" : "분기점",
        "DETAIL_SPO" : "분기점",
        "ETC_MATTER" : " ",
        "MNTN_NM" : "금학산",
        "PAST_SPOT_" : "22120602000093",
        "MNTN_ID" : "2212060200"
      },
      "geometry" : {
        "x" : 216208.79450000171,
        "y" : 620890.21869999729
      }
    },
    {
      "attributes" : {
        "FID" : 93,
        "PMNTN_SPOT" : 14487,
        "MNTN_CODE" : "427800401",
        "MANAGE_SP1" : "02",
        "MANAGE_SP2" : "분기점",
        "DETAIL_SPO" : "분기점",
        "ETC_MATTER" : " ",
        "MNTN_NM" : "금학산",
        "PAST_SPOT_" : "22120602000094",
        "MNTN_ID" : "2212060200"
      },
      "geometry" : {
        "x" : 216592.96160000283,
        "y" : 620969.90880000219
      }
    },
    {
      "attributes" : {
        "FID" : 94,
        "PMNTN_SPOT" : 14488,
        "MNTN_CODE" : "427800401",
        "MANAGE_SP1" : "99",
        "MANAGE_SP2" : "기타",
        "DETAIL_SPO" : "화재경보종",
        "ETC_MATTER" : " ",
        "MNTN_NM" : "금학산",
        "PAST_SPOT_" : "22120602000095",
        "MNTN_ID" : "2212060200"
      },
      "geometry" : {
        "x" : 217518.63770000078,
        "y" : 620748.34919999912
      }
    },
    {
      "attributes" : {
        "FID" : 95,
        "PMNTN_SPOT" : 14489,
        "MNTN_CODE" : "427800401",
        "MANAGE_SP1" : "99",
        "MANAGE_SP2" : "기타",
        "DETAIL_SPO" : "금학산",
        "ETC_MATTER" : " ",
        "MNTN_NM" : "금학산",
        "PAST_SPOT_" : "22120602000096",
        "MNTN_ID" : "2212060200"
      },
      "geometry" : {
        "x" : 217562.96910000127,
        "y" : 620695.07480000146
      }
    },
    {
      "attributes" : {
        "FID" : 96,
        "PMNTN_SPOT" : 14490,
        "MNTN_CODE" : "427800401",
        "MANAGE_SP1" : "02",
        "MANAGE_SP2" : "분기점",
        "DETAIL_SPO" : "분기점",
        "ETC_MATTER" : " ",
        "MNTN_NM" : "금학산",
        "PAST_SPOT_" : "22120602000097",
        "MNTN_ID" : "2212060200"
      },
      "geometry" : {
        "x" : 217944.89940000325,
        "y" : 621763.30739999749
      }
    },
    {
      "attributes" : {
        "FID" : 97,
        "PMNTN_SPOT" : 14491,
        "MNTN_CODE" : "427800401",
        "MANAGE_SP1" : "02",
        "MANAGE_SP2" : "분기점",
        "DETAIL_SPO" : "분기점",
        "ETC_MATTER" : " ",
        "MNTN_NM" : "금학산",
        "PAST_SPOT_" : "22120602000098",
        "MNTN_ID" : "2212060200"
      },
      "geometry" : {
        "x" : 217954.34670000058,
        "y" : 621775.04850000329
      }
    },
    {
      "attributes" : {
        "FID" : 98,
        "PMNTN_SPOT" : 14492,
        "MNTN_CODE" : "427800401",
        "MANAGE_SP1" : "02",
        "MANAGE_SP2" : "분기점",
        "DETAIL_SPO" : "분기점",
        "ETC_MATTER" : " ",
        "MNTN_NM" : "금학산",
        "PAST_SPOT_" : "22120602000099",
        "MNTN_ID" : "2212060200"
      },
      "geometry" : {
        "x" : 217964.83430000115,
        "y" : 621770.17640000023
      }
    },
    {
      "attributes" : {
        "FID" : 99,
        "PMNTN_SPOT" : 14493,
        "MNTN_CODE" : "427800401",
        "MANAGE_SP1" : "02",
        "MANAGE_SP2" : "분기점",
        "DETAIL_SPO" : "분기점",
        "ETC_MATTER" : " ",
        "MNTN_NM" : "금학산",
        "PAST_SPOT_" : "22120602000100",
        "MNTN_ID" : "2212060200"
      },
      "geometry" : {
        "x" : 218238.24990000017,
        "y" : 621907.21375550888
      }
    },
    {
      "attributes" : {
        "FID" : 100,
        "PMNTN_SPOT" : 14494,
        "MNTN_CODE" : "427800401",
        "MANAGE_SP1" : "02",
        "MANAGE_SP2" : "분기점",
        "DETAIL_SPO" : "분기점",
        "ETC_MATTER" : " ",
        "MNTN_NM" : "금학산",
        "PAST_SPOT_" : "22120602000101",
        "MNTN_ID" : "2212060200"
      },
      "geometry" : {
        "x" : 218283.05140000302,
        "y" : 622015.21900000237
      }
    },
    {
      "attributes" : {
        "FID" : 101,
        "PMNTN_SPOT" : 14495,
        "MNTN_CODE" : "427800401",
        "MANAGE_SP1" : "10",
        "MANAGE_SP2" : "이정표",
        "DETAIL_SPO" : "이정표",
        "ETC_MATTER" : " ",
        "MNTN_NM" : "금학산",
        "PAST_SPOT_" : "22120602000102",
        "MNTN_ID" : "2212060200"
      },
      "geometry" : {
        "x" : 218372.41079999972,
        "y" : 621001.30880000256
      }
    },
    {
      "attributes" : {
        "FID" : 102,
        "PMNTN_SPOT" : 14496,
        "MNTN_CODE" : "427800401",
        "MANAGE_SP1" : "99",
        "MANAGE_SP2" : "기타",
        "DETAIL_SPO" : "목계단",
        "ETC_MATTER" : " ",
        "MNTN_NM" : "금학산",
        "PAST_SPOT_" : "22120602000103",
        "MNTN_ID" : "2212060200"
      },
      "geometry" : {
        "x" : 218543.67690000124,
        "y" : 621402.07819999941
      }
    },
    {
      "attributes" : {
        "FID" : 103,
        "PMNTN_SPOT" : 14497,
        "MNTN_CODE" : "427800401",
        "MANAGE_SP1" : "99",
        "MANAGE_SP2" : "기타",
        "DETAIL_SPO" : "목계단",
        "ETC_MATTER" : " ",
        "MNTN_NM" : "금학산",
        "PAST_SPOT_" : "22120602000104",
        "MNTN_ID" : "2212060200"
      },
      "geometry" : {
        "x" : 218550.5148999989,
        "y" : 621365.15240000002
      }
    },
    {
      "attributes" : {
        "FID" : 104,
        "PMNTN_SPOT" : 14498,
        "MNTN_CODE" : "427800401",
        "MANAGE_SP1" : "01",
        "MANAGE_SP2" : "시종점",
        "DETAIL_SPO" : "시종점,비상도로",
        "ETC_MATTER" : " ",
        "MNTN_NM" : "금학산",
        "PAST_SPOT_" : "22120602000105",
        "MNTN_ID" : "2212060200"
      },
      "geometry" : {
        "x" : 218606.19300000276,
        "y" : 621693.41090000421
      }
    },
    {
      "attributes" : {
        "FID" : 105,
        "PMNTN_SPOT" : 14499,
        "MNTN_CODE" : "427800401",
        "MANAGE_SP1" : "02",
        "MANAGE_SP2" : "분기점",
        "DETAIL_SPO" : "분기점",
        "ETC_MATTER" : " ",
        "MNTN_NM" : "금학산",
        "PAST_SPOT_" : "22120602000106",
        "MNTN_ID" : "2212060200"
      },
      "geometry" : {
        "x" : 218839.31000000052,
        "y" : 621422.00220000185
      }
    },
    {
      "attributes" : {
        "FID" : 106,
        "PMNTN_SPOT" : 14500,
        "MNTN_CODE" : "427800401",
        "MANAGE_SP1" : "02",
        "MANAGE_SP2" : "분기점",
        "DETAIL_SPO" : "분기점",
        "ETC_MATTER" : " ",
        "MNTN_NM" : "금학산",
        "PAST_SPOT_" : "22120602000107",
        "MNTN_ID" : "2212060200"
      },
      "geometry" : {
        "x" : 218867.72510000132,
        "y" : 621404.50730000064
      }
    },
    {
      "attributes" : {
        "FID" : 107,
        "PMNTN_SPOT" : 14501,
        "MNTN_CODE" : "427800401",
        "MANAGE_SP1" : "01",
        "MANAGE_SP2" : "시종점",
        "DETAIL_SPO" : "시종점",
        "ETC_MATTER" : " ",
        "MNTN_NM" : "금학산",
        "PAST_SPOT_" : "22120602000108",
        "MNTN_ID" : "2212060200"
      },
      "geometry" : {
        "x" : 218928.63939999975,
        "y" : 621455.87540000118
      }
    },
    {
      "attributes" : {
        "FID" : 108,
        "PMNTN_SPOT" : 14502,
        "MNTN_CODE" : "427800401",
        "MANAGE_SP1" : "04",
        "MANAGE_SP2" : "화장실",
        "DETAIL_SPO" : "화장실",
        "ETC_MATTER" : " ",
        "MNTN_NM" : "금학산",
        "PAST_SPOT_" : "22120602000109",
        "MNTN_ID" : "2212060200"
      },
      "geometry" : {
        "x" : 218933.36639999971,
        "y" : 621389.38530000113
      }
    },
    {
      "attributes" : {
        "FID" : 109,
        "PMNTN_SPOT" : 14503,
        "MNTN_CODE" : "427800401",
        "MANAGE_SP1" : "01",
        "MANAGE_SP2" : "시종점",
        "DETAIL_SPO" : "시종점",
        "ETC_MATTER" : " ",
        "MNTN_NM" : "금학산",
        "PAST_SPOT_" : "22120602000110",
        "MNTN_ID" : "2212060200"
      },
      "geometry" : {
        "x" : 219022.2611999996,
        "y" : 621064.29050000198
      }
    },
    {
      "attributes" : {
        "FID" : 110,
        "PMNTN_SPOT" : 14504,
        "MNTN_CODE" : "427800401",
        "MANAGE_SP1" : "01",
        "MANAGE_SP2" : "시종점",
        "DETAIL_SPO" : "시종점,종개비소",
        "ETC_MATTER" : " ",
        "MNTN_NM" : "금학산",
        "PAST_SPOT_" : "22120602000111",
        "MNTN_ID" : "2212060200"
      },
      "geometry" : {
        "x" : 219173.91380000208,
        "y" : 616084.4066000022
      }
    },
    {
      "attributes" : {
        "FID" : 111,
        "PMNTN_SPOT" : 96184,
        "MNTN_CODE" : "427800401",
        "MANAGE_SP1" : "06",
        "MANAGE_SP2" : "음수대",
        "DETAIL_SPO" : "약수터",
        "ETC_MATTER" : " ",
        "MNTN_NM" : "금학산",
        "PAST_SPOT_" : "4278004010112",
        "MNTN_ID" : "427800401"
      },
      "geometry" : {
        "x" : 216588.93389999913,
        "y" : 620967.63529999892
      }
    },
    {
      "attributes" : {
        "FID" : 112,
        "PMNTN_SPOT" : 96185,
        "MNTN_CODE" : "427800401",
        "MANAGE_SP1" : "08",
        "MANAGE_SP2" : "가로등",
        "DETAIL_SPO" : "가로등",
        "ETC_MATTER" : " ",
        "MNTN_NM" : "금학산",
        "PAST_SPOT_" : "4278004010113",
        "MNTN_ID" : "427800401"
      },
      "geometry" : {
        "x" : 216816.87390000041,
        "y" : 620956.63240000082
      }
    },
    {
      "attributes" : {
        "FID" : 113,
        "PMNTN_SPOT" : 96186,
        "MNTN_CODE" : "427800401",
        "MANAGE_SP1" : "22",
        "MANAGE_SP2" : "헬기장",
        "DETAIL_SPO" : "헬기장",
        "ETC_MATTER" : " ",
        "MNTN_NM" : "금학산",
        "PAST_SPOT_" : "4278004010114",
        "MNTN_ID" : "427800401"
      },
      "geometry" : {
        "x" : 217176.48939999941,
        "y" : 620877.6316000009
      }
    },
    {
      "attributes" : {
        "FID" : 114,
        "PMNTN_SPOT" : 96187,
        "MNTN_CODE" : "427800401",
        "MANAGE_SP1" : "22",
        "MANAGE_SP2" : "헬기장",
        "DETAIL_SPO" : "헬기장",
        "ETC_MATTER" : " ",
        "MNTN_NM" : "금학산",
        "PAST_SPOT_" : "4278004010115",
        "MNTN_ID" : "427800401"
      },
      "geometry" : {
        "x" : 217557.86710000018,
        "y" : 620691.46550000121
      }
    },
    {
      "attributes" : {
        "FID" : 115,
        "PMNTN_SPOT" : 96188,
        "MNTN_CODE" : "427800401",
        "MANAGE_SP1" : "09",
        "MANAGE_SP2" : "기타건물",
        "DETAIL_SPO" : "기타건물",
        "ETC_MATTER" : " ",
        "MNTN_NM" : "금학산",
        "PAST_SPOT_" : "4278004010116",
        "MNTN_ID" : "427800401"
      },
      "geometry" : {
        "x" : 216512.07690000022,
        "y" : 620958.52820000099
      }
    },
    {
      "attributes" : {
        "FID" : 116,
        "PMNTN_SPOT" : 96189,
        "MNTN_CODE" : "427800401",
        "MANAGE_SP1" : "09",
        "MANAGE_SP2" : "기타건물",
        "DETAIL_SPO" : "가스충전소",
        "ETC_MATTER" : " ",
        "MNTN_NM" : "금학산",
        "PAST_SPOT_" : "4278004010117",
        "MNTN_ID" : "427800401"
      },
      "geometry" : {
        "x" : 216203.93150000027,
        "y" : 620886.964600001
      }
    }
  ]
}