{
  "displayFieldName" : "",
  "fieldAliases" : {
    "FID" : "FID",
    "PMNTN_SPOT" : "PMNTN_SPOT",
    "MNTN_CODE" : "MNTN_CODE",
    "MANAGE_SP1" : "MANAGE_SP1",
    "MANAGE_SP2" : "MANAGE_SP2",
    "DETAIL_SPO" : "DETAIL_SPO",
    "ETC_MATTER" : "ETC_MATTER",
    "MNTN_NM" : "MNTN_NM",
    "PAST_SPOT_" : "PAST_SPOT_",
    "MNTN_ID" : "MNTN_ID"
  },
  "geometryType" : "esriGeometryPoint",
  "spatialReference" : {
    "wkt" : "PROJCS[\"PCS_ITRF2000_TM\",GEOGCS[\"GCS_ITRF_2000\",DATUM[\"D_ITRF_2000\",SPHEROID[\"GRS_1980\",6378137.0,298.257222101]],PRIMEM[\"Greenwich\",0.0],UNIT[\"Degree\",0.0174532925199433]],PROJECTION[\"Transverse_Mercator\"],PARAMETER[\"False_Easting\",200000.0],PARAMETER[\"False_Northing\",600000.0],PARAMETER[\"Central_Meridian\",127.0],PARAMETER[\"Scale_Factor\",1.0],PARAMETER[\"Latitude_Of_Origin\",38.0],UNIT[\"Meter\",1.0]]"
  },
  "fields" : [
    {
      "name" : "FID",
      "type" : "esriFieldTypeOID",
      "alias" : "FID"
    },
    {
      "name" : "PMNTN_SPOT",
      "type" : "esriFieldTypeDouble",
      "alias" : "PMNTN_SPOT"
    },
    {
      "name" : "MNTN_CODE",
      "type" : "esriFieldTypeString",
      "alias" : "MNTN_CODE",
      "length" : 9
    },
    {
      "name" : "MANAGE_SP1",
      "type" : "esriFieldTypeString",
      "alias" : "MANAGE_SP1",
      "length" : 2
    },
    {
      "name" : "MANAGE_SP2",
      "type" : "esriFieldTypeString",
      "alias" : "MANAGE_SP2",
      "length" : 50
    },
    {
      "name" : "DETAIL_SPO",
      "type" : "esriFieldTypeString",
      "alias" : "DETAIL_SPO",
      "length" : 200
    },
    {
      "name" : "ETC_MATTER",
      "type" : "esriFieldTypeString",
      "alias" : "ETC_MATTER",
      "length" : 200
    },
    {
      "name" : "MNTN_NM",
      "type" : "esriFieldTypeString",
      "alias" : "MNTN_NM",
      "length" : 50
    },
    {
      "name" : "PAST_SPOT_",
      "type" : "esriFieldTypeString",
      "alias" : "PAST_SPOT_",
      "length" : 14
    },
    {
      "name" : "MNTN_ID",
      "type" : "esriFieldTypeString",
      "alias" : "MNTN_ID",
      "length" : 10
    }
  ],
  "features" : [
    {
      "attributes" : {
        "FID" : 0,
        "PMNTN_SPOT" : 49468,
        "MNTN_CODE" : "468300801",
        "MANAGE_SP1" : "01",
        "MANAGE_SP2" : "시종점",
        "DETAIL_SPO" : "시종점",
        "ETC_MATTER" : " ",
        "MNTN_NM" : "상은적산",
        "PAST_SPOT_" : "4683008010001",
        "MNTN_ID" : "468300801"
      },
      "geometry" : {
        "x" : 156950.2650000006,
        "y" : 244810.49120000005
      }
    },
    {
      "attributes" : {
        "FID" : 1,
        "PMNTN_SPOT" : 49469,
        "MNTN_CODE" : "468300801",
        "MANAGE_SP1" : "01",
        "MANAGE_SP2" : "시종점",
        "DETAIL_SPO" : "시종점",
        "ETC_MATTER" : " ",
        "MNTN_NM" : "상은적산",
        "PAST_SPOT_" : "4683008010002",
        "MNTN_ID" : "468300801"
      },
      "geometry" : {
        "x" : 157282.80279999971,
        "y" : 239522.78840000182
      }
    },
    {
      "attributes" : {
        "FID" : 2,
        "PMNTN_SPOT" : 49470,
        "MNTN_CODE" : "468300801",
        "MANAGE_SP1" : "01",
        "MANAGE_SP2" : "시종점",
        "DETAIL_SPO" : "시종점",
        "ETC_MATTER" : " ",
        "MNTN_NM" : "상은적산",
        "PAST_SPOT_" : "4683008010003",
        "MNTN_ID" : "468300801"
      },
      "geometry" : {
        "x" : 157592.16870000213,
        "y" : 242581.47000000253
      }
    },
    {
      "attributes" : {
        "FID" : 3,
        "PMNTN_SPOT" : 49471,
        "MNTN_CODE" : "468300801",
        "MANAGE_SP1" : "02",
        "MANAGE_SP2" : "분기점",
        "DETAIL_SPO" : "분기점",
        "ETC_MATTER" : " ",
        "MNTN_NM" : "상은적산",
        "PAST_SPOT_" : "4683008010004",
        "MNTN_ID" : "468300801"
      },
      "geometry" : {
        "x" : 157796.72820000071,
        "y" : 244800.36370000243
      }
    },
    {
      "attributes" : {
        "FID" : 4,
        "PMNTN_SPOT" : 49472,
        "MNTN_CODE" : "468300801",
        "MANAGE_SP1" : "01",
        "MANAGE_SP2" : "시종점",
        "DETAIL_SPO" : "시종점",
        "ETC_MATTER" : " ",
        "MNTN_NM" : "상은적산",
        "PAST_SPOT_" : "4683008010005",
        "MNTN_ID" : "468300801"
      },
      "geometry" : {
        "x" : 158901.53570000082,
        "y" : 244698.12490000017
      }
    },
    {
      "attributes" : {
        "FID" : 5,
        "PMNTN_SPOT" : 49473,
        "MNTN_CODE" : "468300801",
        "MANAGE_SP1" : "01",
        "MANAGE_SP2" : "시종점",
        "DETAIL_SPO" : "시종점",
        "ETC_MATTER" : " ",
        "MNTN_NM" : "상은적산",
        "PAST_SPOT_" : "4683008010006",
        "MNTN_ID" : "468300801"
      },
      "geometry" : {
        "x" : 158909.82210000139,
        "y" : 244616.33999999985
      }
    },
    {
      "attributes" : {
        "FID" : 6,
        "PMNTN_SPOT" : 49474,
        "MNTN_CODE" : "468300801",
        "MANAGE_SP1" : "02",
        "MANAGE_SP2" : "분기점",
        "DETAIL_SPO" : "분기점",
        "ETC_MATTER" : " ",
        "MNTN_NM" : "상은적산",
        "PAST_SPOT_" : "4683008010007",
        "MNTN_ID" : "468300801"
      },
      "geometry" : {
        "x" : 158931.44940000027,
        "y" : 240044.77430000156
      }
    },
    {
      "attributes" : {
        "FID" : 7,
        "PMNTN_SPOT" : 49475,
        "MNTN_CODE" : "468300801",
        "MANAGE_SP1" : "02",
        "MANAGE_SP2" : "분기점",
        "DETAIL_SPO" : "분기점",
        "ETC_MATTER" : " ",
        "MNTN_NM" : "상은적산",
        "PAST_SPOT_" : "4683008010008",
        "MNTN_ID" : "468300801"
      },
      "geometry" : {
        "x" : 159056.15549999941,
        "y" : 242875.65240000002
      }
    },
    {
      "attributes" : {
        "FID" : 8,
        "PMNTN_SPOT" : 49476,
        "MNTN_CODE" : "468300801",
        "MANAGE_SP1" : "02",
        "MANAGE_SP2" : "분기점",
        "DETAIL_SPO" : "분기점",
        "ETC_MATTER" : " ",
        "MNTN_NM" : "상은적산",
        "PAST_SPOT_" : "4683008010009",
        "MNTN_ID" : "468300801"
      },
      "geometry" : {
        "x" : 159155.03680000082,
        "y" : 240930.44110000134
      }
    },
    {
      "attributes" : {
        "FID" : 9,
        "PMNTN_SPOT" : 49477,
        "MNTN_CODE" : "468300801",
        "MANAGE_SP1" : "02",
        "MANAGE_SP2" : "분기점",
        "DETAIL_SPO" : "분기점",
        "ETC_MATTER" : " ",
        "MNTN_NM" : "상은적산",
        "PAST_SPOT_" : "4683008010010",
        "MNTN_ID" : "468300801"
      },
      "geometry" : {
        "x" : 159359.1174999997,
        "y" : 241592.93300000019
      }
    },
    {
      "attributes" : {
        "FID" : 10,
        "PMNTN_SPOT" : 49478,
        "MNTN_CODE" : "468300801",
        "MANAGE_SP1" : "01",
        "MANAGE_SP2" : "시종점",
        "DETAIL_SPO" : "시종점",
        "ETC_MATTER" : " ",
        "MNTN_NM" : "상은적산",
        "PAST_SPOT_" : "4683008010011",
        "MNTN_ID" : "468300801"
      },
      "geometry" : {
        "x" : 159679.42290000059,
        "y" : 244478.32550000027
      }
    },
    {
      "attributes" : {
        "FID" : 11,
        "PMNTN_SPOT" : 49479,
        "MNTN_CODE" : "468300801",
        "MANAGE_SP1" : "01",
        "MANAGE_SP2" : "시종점",
        "DETAIL_SPO" : "시종점",
        "ETC_MATTER" : " ",
        "MNTN_NM" : "상은적산",
        "PAST_SPOT_" : "4683008010012",
        "MNTN_ID" : "468300801"
      },
      "geometry" : {
        "x" : 160936.6997000007,
        "y" : 241438.39360000193
      }
    },
    {
      "attributes" : {
        "FID" : 12,
        "PMNTN_SPOT" : 49480,
        "MNTN_CODE" : "468300801",
        "MANAGE_SP1" : "01",
        "MANAGE_SP2" : "시종점",
        "DETAIL_SPO" : "시종점",
        "ETC_MATTER" : " ",
        "MNTN_NM" : "상은적산",
        "PAST_SPOT_" : "4683008010013",
        "MNTN_ID" : "468300801"
      },
      "geometry" : {
        "x" : 161668.90710000228,
        "y" : 240104.91100000218
      }
    },
    {
      "attributes" : {
        "FID" : 13,
        "PMNTN_SPOT" : 49481,
        "MNTN_CODE" : "468300801",
        "MANAGE_SP1" : "01",
        "MANAGE_SP2" : "시종점",
        "DETAIL_SPO" : "시종점",
        "ETC_MATTER" : " ",
        "MNTN_NM" : "상은적산",
        "PAST_SPOT_" : "4683008010014",
        "MNTN_ID" : "468300801"
      },
      "geometry" : {
        "x" : 161991.35100000072,
        "y" : 238981.36329999939
      }
    }
  ]
}