{
  "displayFieldName" : "",
  "fieldAliases" : {
    "FID" : "FID",
    "PMNTN_SPOT" : "PMNTN_SPOT",
    "MNTN_CODE" : "MNTN_CODE",
    "MANAGE_SP1" : "MANAGE_SP1",
    "MANAGE_SP2" : "MANAGE_SP2",
    "DETAIL_SPO" : "DETAIL_SPO",
    "ETC_MATTER" : "ETC_MATTER",
    "MNTN_NM" : "MNTN_NM",
    "PAST_SPOT_" : "PAST_SPOT_",
    "MNTN_ID" : "MNTN_ID"
  },
  "geometryType" : "esriGeometryPoint",
  "spatialReference" : {
    "wkt" : "PROJCS[\"PCS_ITRF2000_TM\",GEOGCS[\"GCS_ITRF_2000\",DATUM[\"D_ITRF_2000\",SPHEROID[\"GRS_1980\",6378137.0,298.257222101]],PRIMEM[\"Greenwich\",0.0],UNIT[\"Degree\",0.0174532925199433]],PROJECTION[\"Transverse_Mercator\"],PARAMETER[\"False_Easting\",200000.0],PARAMETER[\"False_Northing\",600000.0],PARAMETER[\"Central_Meridian\",127.0],PARAMETER[\"Scale_Factor\",1.0],PARAMETER[\"Latitude_Of_Origin\",38.0],UNIT[\"Meter\",1.0]]"
  },
  "fields" : [
    {
      "name" : "FID",
      "type" : "esriFieldTypeOID",
      "alias" : "FID"
    },
    {
      "name" : "PMNTN_SPOT",
      "type" : "esriFieldTypeDouble",
      "alias" : "PMNTN_SPOT"
    },
    {
      "name" : "MNTN_CODE",
      "type" : "esriFieldTypeString",
      "alias" : "MNTN_CODE",
      "length" : 9
    },
    {
      "name" : "MANAGE_SP1",
      "type" : "esriFieldTypeString",
      "alias" : "MANAGE_SP1",
      "length" : 2
    },
    {
      "name" : "MANAGE_SP2",
      "type" : "esriFieldTypeString",
      "alias" : "MANAGE_SP2",
      "length" : 50
    },
    {
      "name" : "DETAIL_SPO",
      "type" : "esriFieldTypeString",
      "alias" : "DETAIL_SPO",
      "length" : 200
    },
    {
      "name" : "ETC_MATTER",
      "type" : "esriFieldTypeString",
      "alias" : "ETC_MATTER",
      "length" : 200
    },
    {
      "name" : "MNTN_NM",
      "type" : "esriFieldTypeString",
      "alias" : "MNTN_NM",
      "length" : 50
    },
    {
      "name" : "PAST_SPOT_",
      "type" : "esriFieldTypeString",
      "alias" : "PAST_SPOT_",
      "length" : 14
    },
    {
      "name" : "MNTN_ID",
      "type" : "esriFieldTypeString",
      "alias" : "MNTN_ID",
      "length" : 10
    }
  ],
  "features" : [
    {
      "attributes" : {
        "FID" : 0,
        "PMNTN_SPOT" : 67517,
        "MNTN_CODE" : "467902901",
        "MANAGE_SP1" : "99",
        "MANAGE_SP2" : "기타",
        "DETAIL_SPO" : "로프시설",
        "ETC_MATTER" : "시점",
        "MNTN_NM" : "옹성산",
        "PAST_SPOT_" : "26220630000001",
        "MNTN_ID" : "2622063000"
      },
      "geometry" : {
        "x" : 213333.1015000008,
        "y" : 280312.03600000218
      }
    },
    {
      "attributes" : {
        "FID" : 1,
        "PMNTN_SPOT" : 67518,
        "MNTN_CODE" : "467902901",
        "MANAGE_SP1" : "99",
        "MANAGE_SP2" : "기타",
        "DETAIL_SPO" : "나무계단",
        "ETC_MATTER" : "종점",
        "MNTN_NM" : "옹성산",
        "PAST_SPOT_" : "26220630000002",
        "MNTN_ID" : "2622063000"
      },
      "geometry" : {
        "x" : 213283.01400000043,
        "y" : 280315.92960000038
      }
    },
    {
      "attributes" : {
        "FID" : 2,
        "PMNTN_SPOT" : 67519,
        "MNTN_CODE" : "467902901",
        "MANAGE_SP1" : "99",
        "MANAGE_SP2" : "기타",
        "DETAIL_SPO" : "나무계단",
        "ETC_MATTER" : "종점",
        "MNTN_NM" : "옹성산",
        "PAST_SPOT_" : "26220630000003",
        "MNTN_ID" : "2622063000"
      },
      "geometry" : {
        "x" : 213174.77210000064,
        "y" : 280352.95300000161
      }
    },
    {
      "attributes" : {
        "FID" : 3,
        "PMNTN_SPOT" : 67520,
        "MNTN_CODE" : "467902901",
        "MANAGE_SP1" : "99",
        "MANAGE_SP2" : "기타",
        "DETAIL_SPO" : "기타",
        "ETC_MATTER" : "위험구간",
        "MNTN_NM" : "옹성산",
        "PAST_SPOT_" : "26220630000004",
        "MNTN_ID" : "2622063000"
      },
      "geometry" : {
        "x" : 213148.45550000109,
        "y" : 280324.57240000553
      }
    },
    {
      "attributes" : {
        "FID" : 4,
        "PMNTN_SPOT" : 67521,
        "MNTN_CODE" : "467902901",
        "MANAGE_SP1" : "99",
        "MANAGE_SP2" : "기타",
        "DETAIL_SPO" : "폐가",
        "ETC_MATTER" : " ",
        "MNTN_NM" : "옹성산",
        "PAST_SPOT_" : "26220630000005",
        "MNTN_ID" : "2622063000"
      },
      "geometry" : {
        "x" : 212961.7463999996,
        "y" : 280215.6190000046
      }
    },
    {
      "attributes" : {
        "FID" : 5,
        "PMNTN_SPOT" : 67522,
        "MNTN_CODE" : "467902901",
        "MANAGE_SP1" : "99",
        "MANAGE_SP2" : "기타",
        "DETAIL_SPO" : "기타",
        "ETC_MATTER" : "옹성산성터",
        "MNTN_NM" : "옹성산",
        "PAST_SPOT_" : "26220630000006",
        "MNTN_ID" : "2622063000"
      },
      "geometry" : {
        "x" : 212825.48900000192,
        "y" : 280238.32699999958
      }
    },
    {
      "attributes" : {
        "FID" : 6,
        "PMNTN_SPOT" : 67523,
        "MNTN_CODE" : "467902901",
        "MANAGE_SP1" : "99",
        "MANAGE_SP2" : "기타",
        "DETAIL_SPO" : "기타",
        "ETC_MATTER" : " ",
        "MNTN_NM" : "옹성산",
        "PAST_SPOT_" : "26220630000007",
        "MNTN_ID" : "2622063000"
      },
      "geometry" : {
        "x" : 212638.3236000007,
        "y" : 280172.62680000067
      }
    },
    {
      "attributes" : {
        "FID" : 7,
        "PMNTN_SPOT" : 67524,
        "MNTN_CODE" : "467902901",
        "MANAGE_SP1" : "99",
        "MANAGE_SP2" : "기타",
        "DETAIL_SPO" : "기타",
        "ETC_MATTER" : " ",
        "MNTN_NM" : "옹성산",
        "PAST_SPOT_" : "26220630000008",
        "MNTN_ID" : "2622063000"
      },
      "geometry" : {
        "x" : 212591.61479999963,
        "y" : 280158.25259999931
      }
    },
    {
      "attributes" : {
        "FID" : 8,
        "PMNTN_SPOT" : 67525,
        "MNTN_CODE" : "467902901",
        "MANAGE_SP1" : "99",
        "MANAGE_SP2" : "기타",
        "DETAIL_SPO" : "산죽밭",
        "ETC_MATTER" : "시점",
        "MNTN_NM" : "옹성산",
        "PAST_SPOT_" : "26220630000009",
        "MNTN_ID" : "2622063000"
      },
      "geometry" : {
        "x" : 212503.39540000074,
        "y" : 280088.04150000401
      }
    },
    {
      "attributes" : {
        "FID" : 9,
        "PMNTN_SPOT" : 67526,
        "MNTN_CODE" : "467902901",
        "MANAGE_SP1" : "99",
        "MANAGE_SP2" : "기타",
        "DETAIL_SPO" : "산죽밭",
        "ETC_MATTER" : "종점",
        "MNTN_NM" : "옹성산",
        "PAST_SPOT_" : "26220630000010",
        "MNTN_ID" : "2622063000"
      },
      "geometry" : {
        "x" : 212362.31040000077,
        "y" : 280105.84110000171
      }
    },
    {
      "attributes" : {
        "FID" : 10,
        "PMNTN_SPOT" : 67527,
        "MNTN_CODE" : "467902901",
        "MANAGE_SP1" : "99",
        "MANAGE_SP2" : "기타",
        "DETAIL_SPO" : "기타",
        "ETC_MATTER" : " ",
        "MNTN_NM" : "옹성산",
        "PAST_SPOT_" : "26220630000011",
        "MNTN_ID" : "2622063000"
      },
      "geometry" : {
        "x" : 212180.54650000203,
        "y" : 280031.59469999932
      }
    },
    {
      "attributes" : {
        "FID" : 11,
        "PMNTN_SPOT" : 67528,
        "MNTN_CODE" : "467902901",
        "MANAGE_SP1" : "14",
        "MANAGE_SP2" : "조망점",
        "DETAIL_SPO" : "조망점",
        "ETC_MATTER" : "동복호",
        "MNTN_NM" : "옹성산",
        "PAST_SPOT_" : "26220630000012",
        "MNTN_ID" : "2622063000"
      },
      "geometry" : {
        "x" : 212104.76609999873,
        "y" : 280030.59259999916
      }
    },
    {
      "attributes" : {
        "FID" : 12,
        "PMNTN_SPOT" : 67529,
        "MNTN_CODE" : "467902901",
        "MANAGE_SP1" : "99",
        "MANAGE_SP2" : "기타",
        "DETAIL_SPO" : "기타",
        "ETC_MATTER" : "시점",
        "MNTN_NM" : "옹성산",
        "PAST_SPOT_" : "26220630000013",
        "MNTN_ID" : "2622063000"
      },
      "geometry" : {
        "x" : 212152.30420000199,
        "y" : 279935.69030000083
      }
    },
    {
      "attributes" : {
        "FID" : 13,
        "PMNTN_SPOT" : 67530,
        "MNTN_CODE" : "467902901",
        "MANAGE_SP1" : "99",
        "MANAGE_SP2" : "기타",
        "DETAIL_SPO" : "기타",
        "ETC_MATTER" : "낙상위험",
        "MNTN_NM" : "옹성산",
        "PAST_SPOT_" : "26220630000014",
        "MNTN_ID" : "2622063000"
      },
      "geometry" : {
        "x" : 212168.58650000114,
        "y" : 279924.8347000014
      }
    },
    {
      "attributes" : {
        "FID" : 14,
        "PMNTN_SPOT" : 67531,
        "MNTN_CODE" : "467902901",
        "MANAGE_SP1" : "99",
        "MANAGE_SP2" : "기타",
        "DETAIL_SPO" : "기타",
        "ETC_MATTER" : "종점",
        "MNTN_NM" : "옹성산",
        "PAST_SPOT_" : "26220630000015",
        "MNTN_ID" : "2622063000"
      },
      "geometry" : {
        "x" : 212235.83340000082,
        "y" : 279906.2002000045
      }
    },
    {
      "attributes" : {
        "FID" : 15,
        "PMNTN_SPOT" : 67532,
        "MNTN_CODE" : "467902901",
        "MANAGE_SP1" : "99",
        "MANAGE_SP2" : "기타",
        "DETAIL_SPO" : "백련암",
        "ETC_MATTER" : "이정표",
        "MNTN_NM" : "옹성산",
        "PAST_SPOT_" : "26220630000016",
        "MNTN_ID" : "2622063000"
      },
      "geometry" : {
        "x" : 212302.44170000032,
        "y" : 279879.14670000039
      }
    },
    {
      "attributes" : {
        "FID" : 16,
        "PMNTN_SPOT" : 67533,
        "MNTN_CODE" : "467902901",
        "MANAGE_SP1" : "06",
        "MANAGE_SP2" : "음수대",
        "DETAIL_SPO" : "약수터",
        "ETC_MATTER" : " ",
        "MNTN_NM" : "옹성산",
        "PAST_SPOT_" : "26220630000017",
        "MNTN_ID" : "2622063000"
      },
      "geometry" : {
        "x" : 212362.10520000197,
        "y" : 279870.53770000115
      }
    },
    {
      "attributes" : {
        "FID" : 17,
        "PMNTN_SPOT" : 67534,
        "MNTN_CODE" : "467902901",
        "MANAGE_SP1" : "11",
        "MANAGE_SP2" : "안내판또는지도",
        "DETAIL_SPO" : "안내판",
        "ETC_MATTER" : " ",
        "MNTN_NM" : "옹성산",
        "PAST_SPOT_" : "26220630000018",
        "MNTN_ID" : "2622063000"
      },
      "geometry" : {
        "x" : 212419.06869999971,
        "y" : 279852.4141000025
      }
    },
    {
      "attributes" : {
        "FID" : 18,
        "PMNTN_SPOT" : 67535,
        "MNTN_CODE" : "467902901",
        "MANAGE_SP1" : "99",
        "MANAGE_SP2" : "기타",
        "DETAIL_SPO" : "기타",
        "ETC_MATTER" : "종점",
        "MNTN_NM" : "옹성산",
        "PAST_SPOT_" : "26220630000019",
        "MNTN_ID" : "2622063000"
      },
      "geometry" : {
        "x" : 212477.44200000353,
        "y" : 279799.4748999998
      }
    },
    {
      "attributes" : {
        "FID" : 19,
        "PMNTN_SPOT" : 67536,
        "MNTN_CODE" : "467902901",
        "MANAGE_SP1" : "99",
        "MANAGE_SP2" : "기타",
        "DETAIL_SPO" : "폐가",
        "ETC_MATTER" : " ",
        "MNTN_NM" : "옹성산",
        "PAST_SPOT_" : "26220630000020",
        "MNTN_ID" : "2622063000"
      },
      "geometry" : {
        "x" : 212553.73090000264,
        "y" : 279848.9673999995
      }
    },
    {
      "attributes" : {
        "FID" : 20,
        "PMNTN_SPOT" : 67537,
        "MNTN_CODE" : "467902901",
        "MANAGE_SP1" : "99",
        "MANAGE_SP2" : "기타",
        "DETAIL_SPO" : "바위",
        "ETC_MATTER" : " ",
        "MNTN_NM" : "옹성산",
        "PAST_SPOT_" : "26220630000021",
        "MNTN_ID" : "2622063000"
      },
      "geometry" : {
        "x" : 213039.17944454588,
        "y" : 279829.4951322712
      }
    },
    {
      "attributes" : {
        "FID" : 21,
        "PMNTN_SPOT" : 67538,
        "MNTN_CODE" : "467902901",
        "MANAGE_SP1" : "99",
        "MANAGE_SP2" : "기타",
        "DETAIL_SPO" : "기타",
        "ETC_MATTER" : "종점",
        "MNTN_NM" : "옹성산",
        "PAST_SPOT_" : "26220630000022",
        "MNTN_ID" : "2622063000"
      },
      "geometry" : {
        "x" : 213313.10859999992,
        "y" : 279803.5420000013
      }
    },
    {
      "attributes" : {
        "FID" : 22,
        "PMNTN_SPOT" : 67539,
        "MNTN_CODE" : "467902901",
        "MANAGE_SP1" : "16",
        "MANAGE_SP2" : "주요나무",
        "DETAIL_SPO" : "고사목",
        "ETC_MATTER" : "산물정리안됨",
        "MNTN_NM" : "옹성산",
        "PAST_SPOT_" : "26220630000023",
        "MNTN_ID" : "2622063000"
      },
      "geometry" : {
        "x" : 213438.8386000013,
        "y" : 280049.32650000416
      }
    },
    {
      "attributes" : {
        "FID" : 23,
        "PMNTN_SPOT" : 67540,
        "MNTN_CODE" : "467902901",
        "MANAGE_SP1" : "99",
        "MANAGE_SP2" : "기타",
        "DETAIL_SPO" : "기타",
        "ETC_MATTER" : "위험구간",
        "MNTN_NM" : "옹성산",
        "PAST_SPOT_" : "26220630000024",
        "MNTN_ID" : "2622063000"
      },
      "geometry" : {
        "x" : 212649.45590000041,
        "y" : 280146.05240000039
      }
    },
    {
      "attributes" : {
        "FID" : 24,
        "PMNTN_SPOT" : 67541,
        "MNTN_CODE" : "467902901",
        "MANAGE_SP1" : "99",
        "MANAGE_SP2" : "기타",
        "DETAIL_SPO" : "기타",
        "ETC_MATTER" : "시점",
        "MNTN_NM" : "옹성산",
        "PAST_SPOT_" : "26220630000025",
        "MNTN_ID" : "2622063000"
      },
      "geometry" : {
        "x" : 212611.41720000096,
        "y" : 280119.03390000388
      }
    },
    {
      "attributes" : {
        "FID" : 25,
        "PMNTN_SPOT" : 67542,
        "MNTN_CODE" : "467902901",
        "MANAGE_SP1" : "10",
        "MANAGE_SP2" : "이정표",
        "DETAIL_SPO" : "이정표",
        "ETC_MATTER" : "이정표회손",
        "MNTN_NM" : "옹성산",
        "PAST_SPOT_" : "26220630000026",
        "MNTN_ID" : "2622063000"
      },
      "geometry" : {
        "x" : 212572.60670000128,
        "y" : 279995.35969999991
      }
    },
    {
      "attributes" : {
        "FID" : 26,
        "PMNTN_SPOT" : 67543,
        "MNTN_CODE" : "467902901",
        "MANAGE_SP1" : "99",
        "MANAGE_SP2" : "기타",
        "DETAIL_SPO" : "기타",
        "ETC_MATTER" : "종점",
        "MNTN_NM" : "옹성산",
        "PAST_SPOT_" : "26220630000027",
        "MNTN_ID" : "2622063000"
      },
      "geometry" : {
        "x" : 212602.93699999992,
        "y" : 280003.7405000031
      }
    },
    {
      "attributes" : {
        "FID" : 27,
        "PMNTN_SPOT" : 67544,
        "MNTN_CODE" : "467902901",
        "MANAGE_SP1" : "99",
        "MANAGE_SP2" : "기타",
        "DETAIL_SPO" : "목교",
        "ETC_MATTER" : " ",
        "MNTN_NM" : "옹성산",
        "PAST_SPOT_" : "26220630000028",
        "MNTN_ID" : "2622063000"
      },
      "geometry" : {
        "x" : 212665.83610000089,
        "y" : 279928.67830000073
      }
    },
    {
      "attributes" : {
        "FID" : 28,
        "PMNTN_SPOT" : 67545,
        "MNTN_CODE" : "467902901",
        "MANAGE_SP1" : "99",
        "MANAGE_SP2" : "기타",
        "DETAIL_SPO" : "바위",
        "ETC_MATTER" : "종점",
        "MNTN_NM" : "옹성산",
        "PAST_SPOT_" : "26220630000029",
        "MNTN_ID" : "2622063000"
      },
      "geometry" : {
        "x" : 212704.77150000073,
        "y" : 279896.27090000361
      }
    },
    {
      "attributes" : {
        "FID" : 29,
        "PMNTN_SPOT" : 67546,
        "MNTN_CODE" : "467902901",
        "MANAGE_SP1" : "23",
        "MANAGE_SP2" : "정상",
        "DETAIL_SPO" : "옹성산정상",
        "ETC_MATTER" : "이정표",
        "MNTN_NM" : "옹성산",
        "PAST_SPOT_" : "26220630000030",
        "MNTN_ID" : "2622063000"
      },
      "geometry" : {
        "x" : 212134.79997965973,
        "y" : 279941.53393471427
      }
    },
    {
      "attributes" : {
        "FID" : 30,
        "PMNTN_SPOT" : 67547,
        "MNTN_CODE" : "467902901",
        "MANAGE_SP1" : "10",
        "MANAGE_SP2" : "이정표",
        "DETAIL_SPO" : "이정표",
        "ETC_MATTER" : "이정표",
        "MNTN_NM" : "옹성산",
        "PAST_SPOT_" : "26220630000031",
        "MNTN_ID" : "2622063000"
      },
      "geometry" : {
        "x" : 212675.17512285803,
        "y" : 280178.14060619473
      }
    },
    {
      "attributes" : {
        "FID" : 31,
        "PMNTN_SPOT" : 67548,
        "MNTN_CODE" : "467902901",
        "MANAGE_SP1" : "99",
        "MANAGE_SP2" : "기타",
        "DETAIL_SPO" : "옹성산성",
        "ETC_MATTER" : " ",
        "MNTN_NM" : "옹성산",
        "PAST_SPOT_" : "26220630000032",
        "MNTN_ID" : "2622063000"
      },
      "geometry" : {
        "x" : 212752.78244460374,
        "y" : 280205.15135529824
      }
    },
    {
      "attributes" : {
        "FID" : 32,
        "PMNTN_SPOT" : 67549,
        "MNTN_CODE" : "467902901",
        "MANAGE_SP1" : "02",
        "MANAGE_SP2" : "분기점",
        "DETAIL_SPO" : "분기점",
        "ETC_MATTER" : " ",
        "MNTN_NM" : "옹성산",
        "PAST_SPOT_" : "26220630000033",
        "MNTN_ID" : "2622063000"
      },
      "geometry" : {
        "x" : 212776.90255325753,
        "y" : 279852.69460292906
      }
    },
    {
      "attributes" : {
        "FID" : 33,
        "PMNTN_SPOT" : 67550,
        "MNTN_CODE" : "467902901",
        "MANAGE_SP1" : "99",
        "MANAGE_SP2" : "기타",
        "DETAIL_SPO" : "능선삼거리",
        "ETC_MATTER" : "옹암가는길",
        "MNTN_NM" : "옹성산",
        "PAST_SPOT_" : "26220630000034",
        "MNTN_ID" : "2622063000"
      },
      "geometry" : {
        "x" : 213131.2170434054,
        "y" : 280352.96744413115
      }
    },
    {
      "attributes" : {
        "FID" : 34,
        "PMNTN_SPOT" : 67551,
        "MNTN_CODE" : "467902901",
        "MANAGE_SP1" : "23",
        "MANAGE_SP2" : "정상",
        "DETAIL_SPO" : "옹암정상",
        "ETC_MATTER" : " ",
        "MNTN_NM" : "옹성산",
        "PAST_SPOT_" : "26220630000035",
        "MNTN_ID" : "2622063000"
      },
      "geometry" : {
        "x" : 213182.90338520799,
        "y" : 280403.726443097
      }
    },
    {
      "attributes" : {
        "FID" : 35,
        "PMNTN_SPOT" : 67552,
        "MNTN_CODE" : "467902901",
        "MANAGE_SP1" : "10",
        "MANAGE_SP2" : "이정표",
        "DETAIL_SPO" : "이정표",
        "ETC_MATTER" : "이정표",
        "MNTN_NM" : "옹성산",
        "PAST_SPOT_" : "26220630000036",
        "MNTN_ID" : "2622063000"
      },
      "geometry" : {
        "x" : 213390.62216234766,
        "y" : 280296.10555570759
      }
    },
    {
      "attributes" : {
        "FID" : 36,
        "PMNTN_SPOT" : 67553,
        "MNTN_CODE" : "467902901",
        "MANAGE_SP1" : "02",
        "MANAGE_SP2" : "분기점",
        "DETAIL_SPO" : "분기점",
        "ETC_MATTER" : "시점",
        "MNTN_NM" : "옹성산",
        "PAST_SPOT_" : "26220630000037",
        "MNTN_ID" : "2622063000"
      },
      "geometry" : {
        "x" : 213409.00612218026,
        "y" : 279705.61514253356
      }
    },
    {
      "attributes" : {
        "FID" : 37,
        "PMNTN_SPOT" : 67554,
        "MNTN_CODE" : "467902901",
        "MANAGE_SP1" : "99",
        "MANAGE_SP2" : "기타",
        "DETAIL_SPO" : "삼거리",
        "ETC_MATTER" : " ",
        "MNTN_NM" : "옹성산",
        "PAST_SPOT_" : "26220630000038",
        "MNTN_ID" : "2622063000"
      },
      "geometry" : {
        "x" : 213433.11583425011,
        "y" : 279905.54564895667
      }
    }
  ]
}