{
  "displayFieldName" : "",
  "fieldAliases" : {
    "FID" : "FID",
    "PMNTN_SN" : "PMNTN_SN",
    "MNTN_CODE" : "MNTN_CODE",
    "MNTN_NM" : "MNTN_NM",
    "PMNTN_NM" : "PMNTN_NM",
    "PMNTN_MAIN" : "PMNTN_MAIN",
    "PMNTN_LT" : "PMNTN_LT",
    "PMNTN_DFFL" : "PMNTN_DFFL",
    "PMNTN_UPPL" : "PMNTN_UPPL",
    "PMNTN_GODN" : "PMNTN_GODN",
    "PMNTN_MTRQ" : "PMNTN_MTRQ",
    "PMNTN_CNRL" : "PMNTN_CNRL",
    "PMNTN_CLS_" : "PMNTN_CLS_",
    "PMNTN_RISK" : "PMNTN_RISK",
    "PMNTN_RECO" : "PMNTN_RECO",
    "DATA_STDR_" : "DATA_STDR_",
    "MNTN_ID" : "MNTN_ID"
  },
  "geometryType" : "esriGeometryPolyline",
  "spatialReference" : {
    "wkt" : "PROJCS[\"PCS_ITRF2000_TM\",GEOGCS[\"GCS_ITRF_2000\",DATUM[\"D_ITRF_2000\",SPHEROID[\"GRS_1980\",6378137.0,298.257222101]],PRIMEM[\"Greenwich\",0.0],UNIT[\"Degree\",0.0174532925199433]],PROJECTION[\"Transverse_Mercator\"],PARAMETER[\"False_Easting\",200000.0],PARAMETER[\"False_Northing\",600000.0],PARAMETER[\"Central_Meridian\",127.0],PARAMETER[\"Scale_Factor\",1.0],PARAMETER[\"Latitude_Of_Origin\",38.0],UNIT[\"Meter\",1.0]]"
  },
  "fields" : [
    {
      "name" : "FID",
      "type" : "esriFieldTypeOID",
      "alias" : "FID"
    },
    {
      "name" : "PMNTN_SN",
      "type" : "esriFieldTypeDouble",
      "alias" : "PMNTN_SN"
    },
    {
      "name" : "MNTN_CODE",
      "type" : "esriFieldTypeString",
      "alias" : "MNTN_CODE",
      "length" : 9
    },
    {
      "name" : "MNTN_NM",
      "type" : "esriFieldTypeString",
      "alias" : "MNTN_NM",
      "length" : 50
    },
    {
      "name" : "PMNTN_NM",
      "type" : "esriFieldTypeString",
      "alias" : "PMNTN_NM",
      "length" : 50
    },
    {
      "name" : "PMNTN_MAIN",
      "type" : "esriFieldTypeString",
      "alias" : "PMNTN_MAIN",
      "length" : 200
    },
    {
      "name" : "PMNTN_LT",
      "type" : "esriFieldTypeSingle",
      "alias" : "PMNTN_LT"
    },
    {
      "name" : "PMNTN_DFFL",
      "type" : "esriFieldTypeString",
      "alias" : "PMNTN_DFFL",
      "length" : 8
    },
    {
      "name" : "PMNTN_UPPL",
      "type" : "esriFieldTypeDouble",
      "alias" : "PMNTN_UPPL"
    },
    {
      "name" : "PMNTN_GODN",
      "type" : "esriFieldTypeDouble",
      "alias" : "PMNTN_GODN"
    },
    {
      "name" : "PMNTN_MTRQ",
      "type" : "esriFieldTypeString",
      "alias" : "PMNTN_MTRQ",
      "length" : 200
    },
    {
      "name" : "PMNTN_CNRL",
      "type" : "esriFieldTypeString",
      "alias" : "PMNTN_CNRL",
      "length" : 1
    },
    {
      "name" : "PMNTN_CLS_",
      "type" : "esriFieldTypeString",
      "alias" : "PMNTN_CLS_",
      "length" : 1
    },
    {
      "name" : "PMNTN_RISK",
      "type" : "esriFieldTypeString",
      "alias" : "PMNTN_RISK",
      "length" : 200
    },
    {
      "name" : "PMNTN_RECO",
      "type" : "esriFieldTypeString",
      "alias" : "PMNTN_RECO",
      "length" : 1
    },
    {
      "name" : "DATA_STDR_",
      "type" : "esriFieldTypeString",
      "alias" : "DATA_STDR_",
      "length" : 10
    },
    {
      "name" : "MNTN_ID",
      "type" : "esriFieldTypeString",
      "alias" : "MNTN_ID",
      "length" : 10
    }
  ],
  "features" : [
    {
      "attributes" : {
        "FID" : 0,
        "PMNTN_SN" : 13903,
        "MNTN_CODE" : "441800301",
        "MNTN_NM" : "동막산",
        "PMNTN_NM" : "평리구간",
        "PMNTN_MAIN" : " ",
        "PMNTN_LT" : 1.88,
        "PMNTN_DFFL" : "쉬움",
        "PMNTN_UPPL" : 33,
        "PMNTN_GODN" : 23,
        "PMNTN_MTRQ" : " ",
        "PMNTN_CNRL" : " ",
        "PMNTN_CLS_" : " ",
        "PMNTN_RISK" : " ",
        "PMNTN_RECO" : " ",
        "DATA_STDR_" : "2016-12-31",
        "MNTN_ID" : "441800301"
      },
      "geometry" : {
        "paths" : [
          [
            [
              167135.54130000249,
              405959.70950000361
            ],
            [
              167130.15739999991,
              405965.33990000933
            ],
            [
              167125.39570000116,
              405968.93799999915
            ],
            [
              167119.65009999927,
              405970.20229999907
            ],
            [
              167113.41270000767,
              405970.4610999953
            ],
            [
              167107.83900000155,
              405969.1977999974
            ],
            [
              167102.23260000255,
              405968.21230000257
            ],
            [
              167095.69980000239,
              405966.96670000441
            ],
            [
              167090.02030000091,
              405966.76080000773
            ],
            [
              167084.15340000391,
              405966.96880000085
            ],
            [
              167078.17770000082,
              405967.59930000454
            ],
            [
              167073.49700000137,
              405968.35759999976
            ],
            [
              167067.05790000036,
              405970.51640000567
            ],
            [
              167061.62390000094,
              405971.73530000076
            ],
            [
              167056.76410000119,
              405973.03229999915
            ],
            [
              167052.51140000019,
              405974.2289000079
            ],
            [
              167047.72310000099,
              405975.6502000019
            ],
            [
              167043.99220000021,
              405978.25549999997
            ],
            [
              167039.46190000139,
              405982.56430000067
            ],
            [
              167036.0401999997,
              405988.39960000105
            ],
            [
              167033.73950000759,
              405993.98020000011
            ],
            [
              167031.19350000005,
              405998.70260000415
            ],
            [
              167026.33120000083,
              406005.18480000272
            ],
            [
              167017.89010000043,
              406013.26420000382
            ],
            [
              167013.59570000041,
              406015.90880000032
            ],
            [
              167008.02270000335,
              406018.89010000043
            ],
            [
              167002.42200000491,
              406021.92860000767
            ],
            [
              166997.67810000107,
              406025.38570000604
            ],
            [
              166994.37789999973,
              406031.23159999959
            ],
            [
              166992.57990000118,
              406036.64680000022
            ],
            [
              166990.32569999993,
              406043.08890001103
            ],
            [
              166988.74210000131,
              406048.95940000378
            ],
            [
              166986.1416000016,
              406054.68889999948
            ],
            [
              166982.04510000069,
              406061.37260000221
            ],
            [
              166979.52440000139,
              406066.94940001145
            ],
            [
              166978.38690000027,
              406072.01139999926
            ],
            [
              166973.51919999998,
              406083.17430001125
            ],
            [
              166971.57019999996,
              406089.39319999889
            ],
            [
              166969.6166000003,
              406095.49990000203
            ],
            [
              166966.20990000293,
              406100.72680000216
            ],
            [
              166963.17870000005,
              406106.52649999596
            ],
            [
              166959.12490000017,
              406110.99379999936
            ],
            [
              166957.76980000176,
              406116.10239999741
            ],
            [
              166953.03500000015,
              406121.0235999953
            ],
            [
              166951.21219999995,
              406125.94100000337
            ],
            [
              166947.97220000345,
              406130.62300000899
            ],
            [
              166944.57689999975,
              406136.03770000301
            ],
            [
              166942.17779999971,
              406141.75000000186
            ],
            [
              166940.57810000516,
              406147.54079999961
            ],
            [
              166938.60170000233,
              406154.29500000365
            ],
            [
              166937.0094000008,
              406160.90230000392
            ],
            [
              166936.73590000067,
              406167.86060000025
            ],
            [
              166937.22870000172,
              406174.35349999927
            ],
            [
              166938.40100000054,
              406180.78280000016
            ],
            [
              166939.86310000066,
              406187.14310000092
            ],
            [
              166940.88729999959,
              406194.03690000251
            ],
            [
              166941.6846000012,
              406200.83000000194
            ],
            [
              166941.71330000088,
              406206.87569999881
            ],
            [
              166942.30250000115,
              406212.74300000258
            ],
            [
              166943.3199000014,
              406218.87319999933
            ],
            [
              166947.53380000032,
              406223.48340000026
            ],
            [
              166953.16640000138,
              406226.15060000122
            ],
            [
              166959.33829999994,
              406228.07870000228
            ],
            [
              166965.54970000032,
              406230.32740000077
            ],
            [
              166972.31900000479,
              406231.21500000171
            ],
            [
              166979.10329999961,
              406229.82809999958
            ],
            [
              166986.55460000318,
              406228.01720000431
            ],
            [
              166993.9670000039,
              406226.42479999922
            ],
            [
              167001.19790000003,
              406225.20480000041
            ],
            [
              167006.95460000169,
              406225.08530000038
            ],
            [
              167012.01229999959,
              406225.82740000077
            ],
            [
              167017.59010000061,
              406226.70109999552
            ],
            [
              167023.93560000043,
              406229.42140000686
            ],
            [
              167029.02210000623,
              406231.98020000011
            ],
            [
              167033.93870000076,
              406235.71580000222
            ],
            [
              167038.03230000101,
              406239.68590000272
            ],
            [
              167044.50899999961,
              406242.21020000428
            ],
            [
              167050.94230000209,
              406243.86769999936
            ],
            [
              167057.95130000077,
              406245.19419999979
            ],
            [
              167064.88220000174,
              406246.63299999945
            ],
            [
              167071.66490000021,
              406249.38790000044
            ],
            [
              167075.81710000243,
              406254.71220000461
            ],
            [
              167079.51280000061,
              406261.86439999938
            ],
            [
              167083.21750000026,
              406268.49860000238
            ],
            [
              167084.8273,
              406275.29990000091
            ],
            [
              167087.71330000088,
              406280.67550000548
            ],
            [
              167089.42700000014,
              406285.69080000184
            ],
            [
              167091.27830000035,
              406289.75040000118
            ],
            [
              167093.70900000073,
              406293.22110000066
            ],
            [
              167096.91540000122,
              406296.52419999987
            ],
            [
              167100.41350000072,
              406300.70890000276
            ],
            [
              167103.50850000139,
              406304.7133000046
            ],
            [
              167106.40359999891,
              406310.2750000041
            ],
            [
              167109.49199999962,
              406314.91499999724
            ],
            [
              167110.31720000226,
              406319.06630000658
            ],
            [
              167114.1118999999,
              406322.58059999906
            ],
            [
              167118.05410000589,
              406327.5998999998
            ],
            [
              167120.86350000184,
              406332.68470000476
            ],
            [
              167122.53130000085,
              406337.96129999869
            ],
            [
              167125.36050000135,
              406341.6109000016
            ],
            [
              167127.35350000113,
              406345.91090000048
            ],
            [
              167130.0651000021,
              406349.99939999916
            ],
            [
              167133.65710000042,
              406353.0476000011
            ],
            [
              167136.72710000072,
              406356.90170000307
            ],
            [
              167139.8787000021,
              406360.75990000367
            ],
            [
              167143.23560000211,
              406363.30629999936
            ],
            [
              167145.1958000008,
              406367.5493000038
            ],
            [
              167146.74600000028,
              406373.00760000572
            ],
            [
              167147.66500000097,
              406379.57450000755
            ],
            [
              167149.26230000332,
              406385.8825000003
            ],
            [
              167151.71870000195,
              406392.21140000224
            ],
            [
              167154.03400000278,
              406397.60020000115
            ],
            [
              167155.80190000031,
              406403.57200000063
            ],
            [
              167159.75410000142,
              406408.81310000457
            ],
            [
              167162.28640000336,
              406414.65750000253
            ],
            [
              167165.28440000024,
              406420.24090000056
            ],
            [
              167167.18499999866,
              406424.88960000128
            ],
            [
              167170.69550000038,
              406429.72950000688
            ],
            [
              167176.12799999956,
              406433.54980000108
            ],
            [
              167181.68120000139,
              406437.98599999957
            ],
            [
              167187.9982000012,
              406441.38910000399
            ],
            [
              167193.65050000139,
              406443.38470000774
            ],
            [
              167200.3049000008,
              406445.79480000027
            ],
            [
              167204.27230000123,
              406448.53240000457
            ],
            [
              167211.31190000102,
              406450.19370000251
            ],
            [
              167217.58100000117,
              406451.52889999934
            ],
            [
              167222.91100000031,
              406453.26710000262
            ],
            [
              167227.5719000008,
              406456.66770000011
            ],
            [
              167234.52100000158,
              406460.15909999982
            ],
            [
              167240.37120000552,
              406464.57360000163
            ],
            [
              167245.38949999958,
              406469.36510001123
            ],
            [
              167248.9371000044,
              406474.595900001
            ],
            [
              167252.33740000054,
              406478.33449999988
            ],
            [
              167254.09200000111,
              406484.02750000358
            ],
            [
              167255.13930000085,
              406486.45769999921
            ],
            [
              167257.32040000055,
              406489.66540000401
            ],
            [
              167260.58080000058,
              406493.91839999892
            ],
            [
              167261.57070000004,
              406498.70380000211
            ],
            [
              167261.61320000049,
              406500.98000000231
            ],
            [
              167262.86089999974,
              406505.8769000005
            ],
            [
              167263.39860000368,
              406509.61590000242
            ],
            [
              167264.5055000037,
              406512.77640000544
            ],
            [
              167266.67280000169,
              406515.47690000199
            ],
            [
              167269.53560000565,
              406517.91009999998
            ],
            [
              167272.23429999966,
              406520.17000000179
            ],
            [
              167276.00230000075,
              406522.02410000004
            ],
            [
              167277.81479999982,
              406525.58780001104
            ],
            [
              167281.88590000104,
              406527.91359999776
            ],
            [
              167284.99950000085,
              406531.56380000152
            ],
            [
              167285.7201000005,
              406535.37270000018
            ],
            [
              167284.33590000123,
              406540.46380000003
            ],
            [
              167282.0512000015,
              406545.58930000104
            ],
            [
              167282.72600000259,
              406550.91640000232
            ],
            [
              167282.78460000083,
              406557.00520000234
            ],
            [
              167283.31390000135,
              406562.31900000386
            ],
            [
              167284.71080000047,
              406564.9631000068
            ],
            [
              167287.17890000064,
              406569.68940000422
            ],
            [
              167289.25910000131,
              406573.97529999912
            ],
            [
              167292.92509999964,
              406578.75850000232
            ],
            [
              167297.19810000155,
              406582.08680000156
            ],
            [
              167299.8702999996,
              406586.05260000378
            ],
            [
              167304.07270000316,
              406589.34000000171
            ],
            [
              167308.2323000012,
              406592.62120000273
            ],
            [
              167312.32610000111,
              406596.43879999965
            ],
            [
              167314.65680000093,
              406601.00790000148
            ],
            [
              167318.07380000129,
              406605.40950000286
            ],
            [
              167320.88830000162,
              406610.64729999937
            ],
            [
              167323.37820000388,
              406615.63489999995
            ],
            [
              167326.15500000119,
              406620.10070000775
            ],
            [
              167329.7396000009,
              406624.15310000069
            ],
            [
              167332.60740000289,
              406628.23039999977
            ],
            [
              167335.46080000047,
              406632.63240000233
            ],
            [
              167338.62200000137,
              406636.04569999687
            ],
            [
              167342.33890000265,
              406638.81060000323
            ],
            [
              167344.71040000301,
              406641.76700000465
            ],
            [
              167347.41370000131,
              406645.69440000132
            ],
            [
              167347.86490000039,
              406647.58919999748
            ],
            [
              167348.50150000025,
              406650.2621000018
            ],
            [
              167349.91500000004,
              406653.21409999952
            ],
            [
              167350.83810000028,
              406655.14200000279
            ],
            [
              167353.11030000076,
              406659.1074000001
            ],
            [
              167353.78610000294,
              406660.28669999912
            ],
            [
              167354.83870000578,
              406665.42290000059
            ],
            [
              167355.26340000331,
              406670.86770001054
            ],
            [
              167358.98990000039,
              406678.03210000135
            ],
            [
              167360.66830000002,
              406679.18530000187
            ],
            [
              167363.89120000228,
              406686.02630000003
            ],
            [
              167365.3758000033,
              406687.81039999798
            ],
            [
              167367.17110000737,
              406689.96780000813
            ],
            [
              167368.48010000121,
              406691.49240000173
            ],
            [
              167368.85650000814,
              406692.19920000248
            ],
            [
              167369.3777999999,
              406693.17830000632
            ],
            [
              167369.62180000078,
              406693.47120000236
            ],
            [
              167371.71569999959,
              406695.98519999906
            ],
            [
              167374.60090000089,
              406698.30150000006
            ],
            [
              167378.06560000405,
              406700.09890000336
            ],
            [
              167379.70220000204,
              406701.05580000207
            ],
            [
              167382.35210000165,
              406701.91679999977
            ],
            [
              167384.57330000121,
              406702.47310000472
            ],
            [
              167385.96389999986,
              406702.82140000165
            ],
            [
              167387.57070000377,
              406703.20760000125
            ],
            [
              167390.56020000111,
              406703.9261000026
            ],
            [
              167395.0326000005,
              406706.35270000249
            ],
            [
              167398.622299999,
              406708.56110000052
            ],
            [
              167400.81230000127,
              406709.78520000353
            ],
            [
              167402.80669999961,
              406710.90000001341
            ],
            [
              167404.58070000354,
              406713.10009999946
            ],
            [
              167406.22510000132,
              406715.13940000348
            ],
            [
              167416.5466,
              406726.54270000756
            ],
            [
              167420.4187000012,
              406730.36219999939
            ],
            [
              167424.51500000153,
              406733.94040000066
            ],
            [
              167425.54830000363,
              406734.84300000034
            ],
            [
              167425.86990000028,
              406735.29970000125
            ],
            [
              167427.8768000016,
              406738.14960000664
            ],
            [
              167429.40380000044,
              406742.83650000207
            ],
            [
              167431.07560000196,
              406747.99689999782
            ],
            [
              167436.89660000149,
              406757.80340000615
            ],
            [
              167439.74960000068,
              406762.77380000427
            ],
            [
              167442.94550000038,
              406766.96319999918
            ],
            [
              167446.72560000047,
              406771.96849999949
            ],
            [
              167447.59550000168,
              406773.039900003
            ],
            [
              167450.71380000003,
              406776.88060000166
            ],
            [
              167454.9048000006,
              406780.5318
            ],
            [
              167458.06130000018,
              406782.29670000263
            ],
            [
              167467.33249999862,
              406787.48060000129
            ],
            [
              167470.23170000128,
              406789.38419999927
            ],
            [
              167478.58990000002,
              406794.87210000493
            ],
            [
              167484.47260000184,
              406798.10280000046
            ],
            [
              167485.51990000065,
              406798.3188000042
            ],
            [
              167498.18300000019,
              406800.93110000342
            ],
            [
              167505.67340000253,
              406803.71700000018
            ],
            [
              167509.82240000181,
              406805.26019999944
            ],
            [
              167513.96080000047,
              406810.27369999886
            ],
            [
              167517.54690000042,
              406815.008100003
            ],
            [
              167521.06850000005,
              406818.60460000113
            ],
            [
              167522.36120000295,
              406819.92480000108
            ],
            [
              167524.62259999942,
              406822.90630000271
            ],
            [
              167526.60090000462,
              406825.51440000348
            ],
            [
              167527.54440000374,
              406826.21770000085
            ],
            [
              167532.40899999999,
              406829.84350000508
            ],
            [
              167537.45150000043,
              406834.47269999981
            ],
            [
              167540.56040000077,
              406837.76910000108
            ],
            [
              167541.62337808125,
              406840.52637963742
            ],
            [
              167542.91339389794,
              406840.76502363756
            ],
            [
              167544.26658506598,
              406840.97410670854
            ],
            [
              167547.09823945258,
              406841.32399112731
            ],
            [
              167550.02602900192,
              406841.6104043629
            ],
            [
              167554.49425030407,
              406841.97104276717
            ],
            [
              167558.99131592456,
              406842.2880538404
            ],
            [
              167567.99183766823,
              406842.86207951978
            ],
            [
              167579.98417451233,
              406843.57097396068
            ],
            [
              167582.96605027467,
              406843.78372874111
            ],
            [
              167584.4471558379,
              406843.91476947628
            ],
            [
              167585.91720552556,
              406844.07377745956
            ],
            [
              167587.3711714102,
              406844.27359230816
            ],
            [
              167588.80220783502,
              406844.53167493641
            ],
            [
              167590.20112676173,
              406844.87144484557
            ],
            [
              167591.55577217601,
              406845.32387400977
            ],
            [
              167592.84307921119,
              406845.90736458637
            ],
            [
              167594.08690096438,
              406846.60153812729
            ],
            [
              167595.29908075836,
              406847.37624995038
            ],
            [
              167596.48860280123,
              406848.20863372274
            ],
            [
              167598.82480156701,
              406849.98246833123
            ],
            [
              167602.27807902452,
              406852.77317430638
            ],
            [
              167614.88620732538,
              406863.14777853526
            ],
            [
              167629.82466560509,
              406875.31336920522
            ],
            [
              167633.22107116319,
              406878.1734585166
            ],
            [
              167635.4262919873,
              406880.14368784055
            ],
            [
              167636.49782930594,
              406881.15996026248
            ],
            [
              167638.59349919576,
              406883.24353768863
            ],
            [
              167642.69242334925,
              406887.5101713594
            ],
            [
              167681.28832438588,
              406928.4162828736
            ],
            [
              167695.48091783375,
              406943.55134079233
            ],
            [
              167697.53546167258,
              406945.68400867097
            ],
            [
              167699.63692471758,
              406947.75463006832
            ],
            [
              167700.71917966381,
              406948.74701218121
            ],
            [
              167701.83386888728,
              406949.69445164502
            ],
            [
              167702.99301918224,
              406950.57958257012
            ],
            [
              167704.2121959636,
              406951.39136329293
            ],
            [
              167705.47668630071,
              406952.13727677613
            ],
            [
              167706.77482859325,
              406952.83145252988
            ],
            [
              167708.09792164434,
              406953.48288130388
            ],
            [
              167709.4396174429,
              406954.09589531645
            ],
            [
              167710.79540566821,
              406954.67040853947
            ],
            [
              167712.1621826347,
              406955.20190165006
            ],
            [
              167713.53788932785,
              406955.68114646152
            ],
            [
              167714.9211982321,
              406956.09367297776
            ],
            [
              167716.31122437771,
              406956.41899537109
            ],
            [
              167717.7072316613,
              406956.62963654101
            ],
            [
              167718.97732855566,
              406956.7045758944
            ],
            [
              167720.24291584548,
              406956.69956044666
            ],
            [
              167722.7200700501,
              406956.60657974519
            ],
            [
              167723.90632329881,
              406956.59511642903
            ],
            [
              167725.03571588825,
              406956.66154194064
            ],
            [
              167726.08641736023,
              406956.85323527828
            ],
            [
              167727.0309103718,
              406957.22600030713
            ],
            [
              167727.9147118954,
              406957.88724973798
            ],
            [
              167728.67460552696,
              406958.76839149185
            ],
            [
              167729.34403433558,
              406959.81127190031
            ],
            [
              167729.94848075695,
              406960.9713812843
            ],
            [
              167730.50710721593,
              406962.21511122957
            ],
            [
              167731.03414199874,
              406963.51741286926
            ],
            [
              167731.54001679458,
              406964.85985823721
            ],
            [
              167732.99588752352,
              406969.01237769239
            ],
            [
              167734.45679936931,
              406973.29487846605
            ],
            [
              167737.02100000065,
              406973.19539999962
            ],
            [
              167743.90490000043,
              406975.45139999874
            ],
            [
              167752.70730000176,
              406985.65010000393
            ],
            [
              167754.52780000027,
              406992.64750000089
            ],
            [
              167762.1398,
              406994.21460000612
            ],
            [
              167766.27250000089,
              406995.06540000252
            ],
            [
              167771.71219999995,
              406992.3376000002
            ],
            [
              167777.60760000162,
              406990.85960000753
            ],
            [
              167790.22310000379,
              406987.69680001028
            ],
            [
              167792.04160000011,
              406987.99099999666
            ],
            [
              167793.01520000119,
              406988.14850000106
            ],
            [
              167806.32630000357,
              406982.78940000199
            ],
            [
              167808.25050000288,
              406982.10170001164
            ],
            [
              167812.52220000047,
              406980.57509999909
            ],
            [
              167819.3543999996,
              406973.76129999943
            ],
            [
              167821.80169999972,
              406971.320600003
            ],
            [
              167826.92100000009,
              406966.59069999866
            ],
            [
              167829.36590000335,
              406966.40169999935
            ],
            [
              167833.51430000179,
              406966.08080000058
            ],
            [
              167839.47730000038,
              406967.76790000126
            ],
            [
              167842.15230000112,
              406968.52459999733
            ],
            [
              167843.94370000251,
              406970.09010000527
            ],
            [
              167846.61450000014,
              406972.42390000261
            ],
            [
              167850.76870000362,
              406974.63110000268
            ],
            [
              167856.72959999926,
              406985.4757000003
            ],
            [
              167859.18500000145,
              406989.51190000214
            ],
            [
              167860.64460000116,
              406991.91119999997
            ],
            [
              167863.47570000123,
              406997.22230000608
            ],
            [
              167864.44390000775,
              406998.08810000308
            ],
            [
              167870.62410000712,
              407003.11829999648
            ],
            [
              167878.10369999986,
              406999.71290000342
            ],
            [
              167882.18390000053,
              406998.62790000066
            ],
            [
              167886.06269999966,
              406994.70499999821
            ],
            [
              167891.57600000035,
              406987.47110000253
            ],
            [
              167893.83829999994,
              406982.24000000395
            ],
            [
              167899.45549999923,
              406973.18810000271
            ],
            [
              167900.03990000021,
              406972.24650000222
            ],
            [
              167900.02010000031,
              406972.24739999883
            ],
            [
              167902.7583999997,
              406968.6668999996
            ],
            [
              167904.21120000165,
              406965.23040000163
            ],
            [
              167912.62750000227,
              406958.4384000022
            ],
            [
              167917.68390000146,
              406954.00219999999
            ],
            [
              167920.96829999983,
              406951.63960000128
            ],
            [
              167925.84869999904,
              406951.37780000456
            ],
            [
              167931.41150000133,
              406954.79670000449
            ],
            [
              167938.6361000007,
              406957.69980000146
            ],
            [
              167944.70440000016,
              406958.31069999933
            ],
            [
              167952.21160000376,
              406956.582399996
            ],
            [
              167963.19749999978,
              406951.60320000723
            ],
            [
              167974.73440000415,
              406953.2560000103
            ],
            [
              167979.48650000058,
              406949.32400000095
            ],
            [
              167992.52940000035,
              406948.5839000009
            ]
          ]
        ]
      }
    }
  ]
}