{
  "displayFieldName" : "",
  "fieldAliases" : {
    "FID" : "FID",
    "PMNTN_SPOT" : "PMNTN_SPOT",
    "MNTN_CODE" : "MNTN_CODE",
    "MANAGE_SP1" : "MANAGE_SP1",
    "MANAGE_SP2" : "MANAGE_SP2",
    "DETAIL_SPO" : "DETAIL_SPO",
    "ETC_MATTER" : "ETC_MATTER",
    "MNTN_NM" : "MNTN_NM",
    "PAST_SPOT_" : "PAST_SPOT_",
    "MNTN_ID" : "MNTN_ID"
  },
  "geometryType" : "esriGeometryPoint",
  "spatialReference" : {
    "wkt" : "PROJCS[\"PCS_ITRF2000_TM\",GEOGCS[\"GCS_ITRF_2000\",DATUM[\"D_ITRF_2000\",SPHEROID[\"GRS_1980\",6378137.0,298.257222101]],PRIMEM[\"Greenwich\",0.0],UNIT[\"Degree\",0.0174532925199433]],PROJECTION[\"Transverse_Mercator\"],PARAMETER[\"False_Easting\",200000.0],PARAMETER[\"False_Northing\",600000.0],PARAMETER[\"Central_Meridian\",127.0],PARAMETER[\"Scale_Factor\",1.0],PARAMETER[\"Latitude_Of_Origin\",38.0],UNIT[\"Meter\",1.0]]"
  },
  "fields" : [
    {
      "name" : "FID",
      "type" : "esriFieldTypeOID",
      "alias" : "FID"
    },
    {
      "name" : "PMNTN_SPOT",
      "type" : "esriFieldTypeDouble",
      "alias" : "PMNTN_SPOT"
    },
    {
      "name" : "MNTN_CODE",
      "type" : "esriFieldTypeString",
      "alias" : "MNTN_CODE",
      "length" : 9
    },
    {
      "name" : "MANAGE_SP1",
      "type" : "esriFieldTypeString",
      "alias" : "MANAGE_SP1",
      "length" : 2
    },
    {
      "name" : "MANAGE_SP2",
      "type" : "esriFieldTypeString",
      "alias" : "MANAGE_SP2",
      "length" : 50
    },
    {
      "name" : "DETAIL_SPO",
      "type" : "esriFieldTypeString",
      "alias" : "DETAIL_SPO",
      "length" : 200
    },
    {
      "name" : "ETC_MATTER",
      "type" : "esriFieldTypeString",
      "alias" : "ETC_MATTER",
      "length" : 200
    },
    {
      "name" : "MNTN_NM",
      "type" : "esriFieldTypeString",
      "alias" : "MNTN_NM",
      "length" : 50
    },
    {
      "name" : "PAST_SPOT_",
      "type" : "esriFieldTypeString",
      "alias" : "PAST_SPOT_",
      "length" : 14
    },
    {
      "name" : "MNTN_ID",
      "type" : "esriFieldTypeString",
      "alias" : "MNTN_ID",
      "length" : 10
    }
  ],
  "features" : [
    {
      "attributes" : {
        "FID" : 0,
        "PMNTN_SPOT" : 87404,
        "MNTN_CODE" : "482504201",
        "MANAGE_SP1" : "01",
        "MANAGE_SP2" : "시종점",
        "DETAIL_SPO" : "시종점",
        "ETC_MATTER" : " ",
        "MNTN_NM" : "칠산",
        "PAST_SPOT_" : "4825042010001",
        "MNTN_ID" : "482504201"
      },
      "geometry" : {
        "x" : 367413.76150002517,
        "y" : 289777.27610000595
      }
    },
    {
      "attributes" : {
        "FID" : 1,
        "PMNTN_SPOT" : 87405,
        "MNTN_CODE" : "482504201",
        "MANAGE_SP1" : "02",
        "MANAGE_SP2" : "분기점",
        "DETAIL_SPO" : "분기점",
        "ETC_MATTER" : " ",
        "MNTN_NM" : "칠산",
        "PAST_SPOT_" : "4825042010002",
        "MNTN_ID" : "482504201"
      },
      "geometry" : {
        "x" : 367798.03960002214,
        "y" : 290846.94580000266
      }
    },
    {
      "attributes" : {
        "FID" : 2,
        "PMNTN_SPOT" : 87406,
        "MNTN_CODE" : "482504201",
        "MANAGE_SP1" : "01",
        "MANAGE_SP2" : "시종점",
        "DETAIL_SPO" : "시종점",
        "ETC_MATTER" : " ",
        "MNTN_NM" : "칠산",
        "PAST_SPOT_" : "4825042010003",
        "MNTN_ID" : "482504201"
      },
      "geometry" : {
        "x" : 367825.28320002649,
        "y" : 290437.57489999942
      }
    },
    {
      "attributes" : {
        "FID" : 3,
        "PMNTN_SPOT" : 87407,
        "MNTN_CODE" : "482504201",
        "MANAGE_SP1" : "02",
        "MANAGE_SP2" : "분기점",
        "DETAIL_SPO" : "분기점",
        "ETC_MATTER" : " ",
        "MNTN_NM" : "칠산",
        "PAST_SPOT_" : "4825042010004",
        "MNTN_ID" : "482504201"
      },
      "geometry" : {
        "x" : 368010.0087000262,
        "y" : 291023.65230000578
      }
    },
    {
      "attributes" : {
        "FID" : 4,
        "PMNTN_SPOT" : 87408,
        "MNTN_CODE" : "482504201",
        "MANAGE_SP1" : "02",
        "MANAGE_SP2" : "분기점",
        "DETAIL_SPO" : "분기점",
        "ETC_MATTER" : " ",
        "MNTN_NM" : "칠산",
        "PAST_SPOT_" : "4825042010005",
        "MNTN_ID" : "482504201"
      },
      "geometry" : {
        "x" : 368080.94960002508,
        "y" : 291118.21150000207
      }
    },
    {
      "attributes" : {
        "FID" : 5,
        "PMNTN_SPOT" : 87409,
        "MNTN_CODE" : "482504201",
        "MANAGE_SP1" : "01",
        "MANAGE_SP2" : "시종점",
        "DETAIL_SPO" : "시종점",
        "ETC_MATTER" : " ",
        "MNTN_NM" : "칠산",
        "PAST_SPOT_" : "4825042010006",
        "MNTN_ID" : "482504201"
      },
      "geometry" : {
        "x" : 368113.4918000279,
        "y" : 291112.92940000258
      }
    },
    {
      "attributes" : {
        "FID" : 6,
        "PMNTN_SPOT" : 87410,
        "MNTN_CODE" : "482504201",
        "MANAGE_SP1" : "01",
        "MANAGE_SP2" : "시종점",
        "DETAIL_SPO" : "시종점",
        "ETC_MATTER" : " ",
        "MNTN_NM" : "칠산",
        "PAST_SPOT_" : "4825042010007",
        "MNTN_ID" : "482504201"
      },
      "geometry" : {
        "x" : 368130.69830002636,
        "y" : 290755.89479999989
      }
    },
    {
      "attributes" : {
        "FID" : 7,
        "PMNTN_SPOT" : 87411,
        "MNTN_CODE" : "482504201",
        "MANAGE_SP1" : "01",
        "MANAGE_SP2" : "시종점",
        "DETAIL_SPO" : "시종점",
        "ETC_MATTER" : " ",
        "MNTN_NM" : "칠산",
        "PAST_SPOT_" : "4825042010008",
        "MNTN_ID" : "482504201"
      },
      "geometry" : {
        "x" : 368436.11330002546,
        "y" : 291745.26760000363
      }
    }
  ]
}