{
  "displayFieldName" : "",
  "fieldAliases" : {
    "FID" : "FID",
    "SAFE_SPOT1" : "SAFE_SPOT1",
    "SAFE_SPOT2" : "SAFE_SPOT2",
    "SAFE_SPOT3" : "SAFE_SPOT3",
    "MGC" : "MGC",
    "ETC_MATTER" : "ETC_MATTER",
    "MNTN_NM" : "MNTN_NM"
  },
  "geometryType" : "esriGeometryPoint",
  "spatialReference" : {
    "wkt" : "PROJCS[\"PCS_ITRF2000_TM\",GEOGCS[\"GCS_ITRF_2000\",DATUM[\"D_ITRF_2000\",SPHEROID[\"GRS_1980\",6378137.0,298.257222101]],PRIMEM[\"Greenwich\",0.0],UNIT[\"Degree\",0.0174532925199433]],PROJECTION[\"Transverse_Mercator\"],PARAMETER[\"False_Easting\",200000.0],PARAMETER[\"False_Northing\",600000.0],PARAMETER[\"Central_Meridian\",127.0],PARAMETER[\"Scale_Factor\",1.0],PARAMETER[\"Latitude_Of_Origin\",38.0],UNIT[\"Meter\",1.0]]"
  },
  "fields" : [
    {
      "name" : "FID",
      "type" : "esriFieldTypeOID",
      "alias" : "FID"
    },
    {
      "name" : "SAFE_SPOT1",
      "type" : "esriFieldTypeDouble",
      "alias" : "SAFE_SPOT1"
    },
    {
      "name" : "SAFE_SPOT2",
      "type" : "esriFieldTypeString",
      "alias" : "SAFE_SPOT2",
      "length" : 50
    },
    {
      "name" : "SAFE_SPOT3",
      "type" : "esriFieldTypeString",
      "alias" : "SAFE_SPOT3",
      "length" : 50
    },
    {
      "name" : "MGC",
      "type" : "esriFieldTypeString",
      "alias" : "MGC",
      "length" : 50
    },
    {
      "name" : "ETC_MATTER",
      "type" : "esriFieldTypeString",
      "alias" : "ETC_MATTER",
      "length" : 200
    },
    {
      "name" : "MNTN_NM",
      "type" : "esriFieldTypeString",
      "alias" : "MNTN_NM",
      "length" : 50
    }
  ],
  "features" : [
    {
      "attributes" : {
        "FID" : 0,
        "SAFE_SPOT1" : 5307,
        "SAFE_SPOT2" : "스포츠파크 안내도",
        "SAFE_SPOT3" : " ",
        "MGC" : "거창군",
        "ETC_MATTER" : "잠두봉 등산로 안내도",
        "MNTN_NM" : "잠두봉"
      },
      "geometry" : {
        "x" : 284068.12420000136,
        "y" : 344215.31550000422
      }
    },
    {
      "attributes" : {
        "FID" : 1,
        "SAFE_SPOT1" : 5308,
        "SAFE_SPOT2" : "산길 이정표",
        "SAFE_SPOT3" : " ",
        "MGC" : "거창군",
        "ETC_MATTER" : "잠두봉",
        "MNTN_NM" : "잠두봉"
      },
      "geometry" : {
        "x" : 284336.89780000132,
        "y" : 344510.69400000013
      }
    },
    {
      "attributes" : {
        "FID" : 2,
        "SAFE_SPOT1" : 5309,
        "SAFE_SPOT2" : "갈림길 이정표",
        "SAFE_SPOT3" : " ",
        "MGC" : "거창군",
        "ETC_MATTER" : "NE잠두봉0.3km, E 잠두봉0.5km",
        "MNTN_NM" : "잠두봉"
      },
      "geometry" : {
        "x" : 284382.44759999868,
        "y" : 344480.30189999938
      }
    },
    {
      "attributes" : {
        "FID" : 3,
        "SAFE_SPOT1" : 5310,
        "SAFE_SPOT2" : "갈림길 이정표",
        "SAFE_SPOT3" : " ",
        "MGC" : "거창군",
        "ETC_MATTER" : "잠두봉0.1km, 심소정 2.1km, 실내체육관1.0km,(N정수장0.2km)",
        "MNTN_NM" : "잠두봉"
      },
      "geometry" : {
        "x" : 284604.45960000064,
        "y" : 344667.35950000212
      }
    },
    {
      "attributes" : {
        "FID" : 4,
        "SAFE_SPOT1" : 5311,
        "SAFE_SPOT2" : "갈림길 이정표",
        "SAFE_SPOT3" : " ",
        "MGC" : "거창군",
        "ETC_MATTER" : "잠두봉0.4km, 심소정 1.8km",
        "MNTN_NM" : "잠두봉"
      },
      "geometry" : {
        "x" : 284841.42970000114,
        "y" : 344866.89560000226
      }
    },
    {
      "attributes" : {
        "FID" : 5,
        "SAFE_SPOT1" : 5312,
        "SAFE_SPOT2" : "심소정 안내도",
        "SAFE_SPOT3" : " ",
        "MGC" : "거창군",
        "ETC_MATTER" : "잠두봉등산안내도",
        "MNTN_NM" : "잠두봉"
      },
      "geometry" : {
        "x" : 285061.80900000129,
        "y" : 343383.26080000214
      }
    },
    {
      "attributes" : {
        "FID" : 6,
        "SAFE_SPOT1" : 5313,
        "SAFE_SPOT2" : "스포츠파크 이정표",
        "SAFE_SPOT3" : " ",
        "MGC" : "거창군",
        "ETC_MATTER" : "잠두봉 1.1km",
        "MNTN_NM" : "잠두봉"
      },
      "geometry" : {
        "x" : 283849.70750000048,
        "y" : 344444.43539999984
      }
    }
  ]
}