{
  "displayFieldName" : "",
  "fieldAliases" : {
    "FID" : "FID",
    "PMNTN_SN" : "PMNTN_SN",
    "MNTN_CODE" : "MNTN_CODE",
    "MNTN_NM" : "MNTN_NM",
    "PMNTN_NM" : "PMNTN_NM",
    "PMNTN_MAIN" : "PMNTN_MAIN",
    "PMNTN_LT" : "PMNTN_LT",
    "PMNTN_DFFL" : "PMNTN_DFFL",
    "PMNTN_UPPL" : "PMNTN_UPPL",
    "PMNTN_GODN" : "PMNTN_GODN",
    "PMNTN_MTRQ" : "PMNTN_MTRQ",
    "PMNTN_CNRL" : "PMNTN_CNRL",
    "PMNTN_CLS_" : "PMNTN_CLS_",
    "PMNTN_RISK" : "PMNTN_RISK",
    "PMNTN_RECO" : "PMNTN_RECO",
    "DATA_STDR_" : "DATA_STDR_",
    "MNTN_ID" : "MNTN_ID"
  },
  "geometryType" : "esriGeometryPolyline",
  "spatialReference" : {
    "wkt" : "PROJCS[\"PCS_ITRF2000_TM\",GEOGCS[\"GCS_ITRF_2000\",DATUM[\"D_ITRF_2000\",SPHEROID[\"GRS_1980\",6378137.0,298.257222101]],PRIMEM[\"Greenwich\",0.0],UNIT[\"Degree\",0.0174532925199433]],PROJECTION[\"Transverse_Mercator\"],PARAMETER[\"False_Easting\",200000.0],PARAMETER[\"False_Northing\",600000.0],PARAMETER[\"Central_Meridian\",127.0],PARAMETER[\"Scale_Factor\",1.0],PARAMETER[\"Latitude_Of_Origin\",38.0],UNIT[\"Meter\",1.0]]"
  },
  "fields" : [
    {
      "name" : "FID",
      "type" : "esriFieldTypeOID",
      "alias" : "FID"
    },
    {
      "name" : "PMNTN_SN",
      "type" : "esriFieldTypeDouble",
      "alias" : "PMNTN_SN"
    },
    {
      "name" : "MNTN_CODE",
      "type" : "esriFieldTypeString",
      "alias" : "MNTN_CODE",
      "length" : 9
    },
    {
      "name" : "MNTN_NM",
      "type" : "esriFieldTypeString",
      "alias" : "MNTN_NM",
      "length" : 50
    },
    {
      "name" : "PMNTN_NM",
      "type" : "esriFieldTypeString",
      "alias" : "PMNTN_NM",
      "length" : 50
    },
    {
      "name" : "PMNTN_MAIN",
      "type" : "esriFieldTypeString",
      "alias" : "PMNTN_MAIN",
      "length" : 200
    },
    {
      "name" : "PMNTN_LT",
      "type" : "esriFieldTypeSingle",
      "alias" : "PMNTN_LT"
    },
    {
      "name" : "PMNTN_DFFL",
      "type" : "esriFieldTypeString",
      "alias" : "PMNTN_DFFL",
      "length" : 8
    },
    {
      "name" : "PMNTN_UPPL",
      "type" : "esriFieldTypeDouble",
      "alias" : "PMNTN_UPPL"
    },
    {
      "name" : "PMNTN_GODN",
      "type" : "esriFieldTypeDouble",
      "alias" : "PMNTN_GODN"
    },
    {
      "name" : "PMNTN_MTRQ",
      "type" : "esriFieldTypeString",
      "alias" : "PMNTN_MTRQ",
      "length" : 200
    },
    {
      "name" : "PMNTN_CNRL",
      "type" : "esriFieldTypeString",
      "alias" : "PMNTN_CNRL",
      "length" : 1
    },
    {
      "name" : "PMNTN_CLS_",
      "type" : "esriFieldTypeString",
      "alias" : "PMNTN_CLS_",
      "length" : 1
    },
    {
      "name" : "PMNTN_RISK",
      "type" : "esriFieldTypeString",
      "alias" : "PMNTN_RISK",
      "length" : 200
    },
    {
      "name" : "PMNTN_RECO",
      "type" : "esriFieldTypeString",
      "alias" : "PMNTN_RECO",
      "length" : 1
    },
    {
      "name" : "DATA_STDR_",
      "type" : "esriFieldTypeString",
      "alias" : "DATA_STDR_",
      "length" : 10
    },
    {
      "name" : "MNTN_ID",
      "type" : "esriFieldTypeString",
      "alias" : "MNTN_ID",
      "length" : 10
    }
  ],
  "features" : [
    {
      "attributes" : {
        "FID" : 0,
        "PMNTN_SN" : 44618,
        "MNTN_CODE" : "488807401",
        "MNTN_NM" : "잠두봉",
        "PMNTN_NM" : "양평리구간",
        "PMNTN_MAIN" : " ",
        "PMNTN_LT" : 0.57,
        "PMNTN_DFFL" : "쉬움",
        "PMNTN_UPPL" : 10,
        "PMNTN_GODN" : 7,
        "PMNTN_MTRQ" : " ",
        "PMNTN_CNRL" : " ",
        "PMNTN_CLS_" : " ",
        "PMNTN_RISK" : " ",
        "PMNTN_RECO" : " ",
        "DATA_STDR_" : "2016-12-31",
        "MNTN_ID" : "488807401"
      },
      "geometry" : {
        "paths" : [
          [
            [
              284063.7679851884,
              344214.2395518627
            ],
            [
              284100.49389311485,
              344232.46090675332
            ],
            [
              284179.69322993979,
              344272.4891800601
            ],
            [
              284270.26156083494,
              344317.15620444901
            ],
            [
              284289.9642011961,
              344326.61489888839
            ],
            [
              284312.44810154848,
              344338.54457745329
            ],
            [
              284321.9294641437,
              344346.69946172088
            ],
            [
              284323.81496529374,
              344354.70786942355
            ],
            [
              284323.63650981057,
              344360.80154353939
            ],
            [
              284318.44710096437,
              344376.14339507185
            ],
            [
              284295.21647560131,
              344421.89686916396
            ],
            [
              284291.89101744629,
              344432.09043813683
            ],
            [
              284292.12442043982,
              344438.90949262306
            ],
            [
              284298.4219219815,
              344445.58265920356
            ],
            [
              284308.74487877078,
              344450.08232549019
            ],
            [
              284339.36778687686,
              344462.90548726544
            ],
            [
              284338.63974344078,
              344472.55992271379
            ],
            [
              284338.05797108915,
              344491.47880337201
            ],
            [
              284332.35166713316,
              344493.01419912651
            ],
            [
              284332.71677503269,
              344510.0027141422
            ],
            [
              284336.46242690366,
              344513.23094648495
            ],
            [
              284342.38710401487,
              344516.34338373318
            ],
            [
              284346.88699850254,
              344514.37273403071
            ],
            [
              284350.56426382065,
              344510.63210676052
            ],
            [
              284357.44766014162,
              344509.03220920078
            ],
            [
              284361.46872955933,
              344499.63640317693
            ],
            [
              284364.44737668242,
              344489.50133417174
            ],
            [
              284366.42122234777,
              344486.75797226094
            ],
            [
              284368.6285321489,
              344483.96342999674
            ],
            [
              284369.81131151598,
              344483.17753484845
            ],
            [
              284372.46627298836,
              344483.16798150167
            ],
            [
              284374.18219357822,
              344480.76865348965
            ],
            [
              284377.89904160611,
              344479.37559576333
            ],
            [
              284379.06334919669,
              344478.79778155871
            ],
            [
              284380.03602522798,
              344477.20538151823
            ],
            [
              284381.73410944268,
              344475.75094908476
            ]
          ]
        ]
      }
    },
    {
      "attributes" : {
        "FID" : 1,
        "PMNTN_SN" : 44619,
        "MNTN_CODE" : "488807401",
        "MNTN_NM" : "잠두봉",
        "PMNTN_NM" : "양평리구간",
        "PMNTN_MAIN" : " ",
        "PMNTN_LT" : 0.41,
        "PMNTN_DFFL" : "쉬움",
        "PMNTN_UPPL" : 7,
        "PMNTN_GODN" : 5,
        "PMNTN_MTRQ" : " ",
        "PMNTN_CNRL" : " ",
        "PMNTN_CLS_" : " ",
        "PMNTN_RISK" : " ",
        "PMNTN_RECO" : " ",
        "DATA_STDR_" : "2016-12-31",
        "MNTN_ID" : "488807401"
      },
      "geometry" : {
        "paths" : [
          [
            [
              284620.31791945826,
              344659.02849230915
            ],
            [
              284617.84937644657,
              344655.511574056
            ],
            [
              284615.03149391711,
              344653.23686147109
            ],
            [
              284614.2896791501,
              344651.67092386819
            ],
            [
              284613.32871683035,
              344648.33606993966
            ],
            [
              284613.03737530205,
              344643.66816383973
            ],
            [
              284612.00729152933,
              344630.33507892862
            ],
            [
              284612.23612192459,
              344625.94714257121
            ],
            [
              284613.05048008356,
              344620.18260169774
            ],
            [
              284614.09632457141,
              344607.79325776547
            ],
            [
              284614.28977595922,
              344604.2150256373
            ],
            [
              284615.8877500603,
              344601.67297613807
            ],
            [
              284616.58206545375,
              344601.24266385846
            ],
            [
              284621.04933772422,
              344599.07986965589
            ],
            [
              284623.62440631725,
              344597.17903122865
            ],
            [
              284624.86535744555,
              344595.14457369782
            ],
            [
              284626.22084242105,
              344590.35580696166
            ],
            [
              284625.59911650419,
              344586.61301794834
            ],
            [
              284625.37136443891,
              344581.04870497808
            ],
            [
              284618.98999112006,
              344569.12885688804
            ],
            [
              284615.90874153748,
              344560.44006163627
            ],
            [
              284611.23109856062,
              344551.27100712806
            ],
            [
              284609.95203834213,
              344543.76951305941
            ],
            [
              284606.9167148862,
              344537.41758693941
            ],
            [
              284592.25431514531,
              344518.63832441904
            ],
            [
              284590.20081572607,
              344514.29914301261
            ],
            [
              284587.64298331179,
              344512.2012305297
            ],
            [
              284583.41387552861,
              344507.57747807167
            ],
            [
              284579.29331917036,
              344493.87052541226
            ],
            [
              284575.84521661606,
              344484.13473971933
            ],
            [
              284572.41358666588,
              344480.51642480679
            ],
            [
              284567.32757621445,
              344476.36678510346
            ],
            [
              284564.89942001831,
              344475.77831198089
            ],
            [
              284557.3878049273,
              344478.96227704734
            ],
            [
              284553.39698383864,
              344480.53342358582
            ],
            [
              284543.90487586055,
              344482.9358565677
            ],
            [
              284539.73141913768,
              344482.17066038214
            ],
            [
              284533.01076547801,
              344479.5767978467
            ],
            [
              284527.69595671911,
              344477.55438545719
            ],
            [
              284524.81982941367,
              344477.60144170746
            ],
            [
              284520.33652626257,
              344477.50299726799
            ],
            [
              284514.48435407504,
              344476.135870656
            ],
            [
              284506.40528684761,
              344473.56631615385
            ],
            [
              284504.4153362168,
              344472.98001962714
            ],
            [
              284494.75196929462,
              344468.65608059987
            ],
            [
              284489.3415392926,
              344465.51663384587
            ],
            [
              284488.40439243522,
              344465.12637420557
            ],
            [
              284477.63454809785,
              344461.46162505448
            ],
            [
              284476.16393245943,
              344461.31742953137
            ],
            [
              284470.31757749617,
              344459.33650607988
            ],
            [
              284459.14141901582,
              344458.50479565747
            ],
            [
              284457.20457027853,
              344457.91901452094
            ],
            [
              284452.37270431407,
              344458.3616819717
            ],
            [
              284448.41901185364,
              344455.69143240526
            ],
            [
              284441.72545080911,
              344454.77693518624
            ],
            [
              284439.38524648361,
              344455.11744945124
            ],
            [
              284435.5438362686,
              344453.74157585204
            ],
            [
              284426.39686631039,
              344454.95685469359
            ],
            [
              284424.49979366641,
              344454.97603901103
            ],
            [
              284416.78665799554,
              344456.21424910985
            ],
            [
              284416.13683676533,
              344455.9290398974
            ],
            [
              284408.18790120725,
              344456.43022006378
            ],
            [
              284400.03378719464,
              344463.35661315545
            ],
            [
              284392.70745681319,
              344469.40725621954
            ],
            [
              284390.03729889635,
              344471.7351147756
            ],
            [
              284384.66990548745,
              344474.02038292959
            ],
            [
              284381.73410944268,
              344475.75094908476
            ]
          ]
        ]
      }
    },
    {
      "attributes" : {
        "FID" : 2,
        "PMNTN_SN" : 44620,
        "MNTN_CODE" : "488807401",
        "MNTN_NM" : "잠두봉",
        "PMNTN_NM" : "양평리구간",
        "PMNTN_MAIN" : " ",
        "PMNTN_LT" : 0.41,
        "PMNTN_DFFL" : "쉬움",
        "PMNTN_UPPL" : 7,
        "PMNTN_GODN" : 5,
        "PMNTN_MTRQ" : " ",
        "PMNTN_CNRL" : " ",
        "PMNTN_CLS_" : " ",
        "PMNTN_RISK" : " ",
        "PMNTN_RECO" : " ",
        "DATA_STDR_" : "2016-12-31",
        "MNTN_ID" : "488807401"
      },
      "geometry" : {
        "paths" : [
          [
            [
              285147.89863687381,
              343613.77032422461
            ],
            [
              285146.13790748175,
              343615.03508648463
            ],
            [
              285144.83199098986,
              343617.27638735063
            ],
            [
              285144.14260266628,
              343618.50588976592
            ],
            [
              285139.86293905415,
              343623.24574329518
            ],
            [
              285138.23789074644,
              343624.95091101155
            ],
            [
              285135.40558086988,
              343625.76737220213
            ],
            [
              285127.4108710438,
              343626.38193566911
            ],
            [
              285124.2455260586,
              343627.28175097331
            ],
            [
              285114.01159675512,
              343632.55058386736
            ],
            [
              285109.43765437603,
              343633.94848699495
            ],
            [
              285102.9651158778,
              343638.67666560411
            ],
            [
              285091.03544362821,
              343644.31994370185
            ],
            [
              285087.09671006072,
              343645.15656205826
            ],
            [
              285081.76804641262,
              343650.09102992341
            ],
            [
              285077.21258659754,
              343654.31670451537
            ],
            [
              285073.2944191331,
              343656.17666254751
            ],
            [
              285070.19915871695,
              343656.89114246145
            ],
            [
              285062.61170763616,
              343660.77156881802
            ],
            [
              285058.18185441382,
              343663.43891094811
            ],
            [
              285054.6533428086,
              343665.00521081686
            ],
            [
              285050.16672583017,
              343665.2117871251
            ],
            [
              285047.37206667289,
              343664.3272410389
            ],
            [
              285041.32359759696,
              343661.74925971963
            ],
            [
              285039.06096974202,
              343658.77470067143
            ],
            [
              285038.28449709155,
              343657.27550560236
            ],
            [
              285037.38028582465,
              343653.96229534782
            ],
            [
              285037.49169169646,
              343652.34615315124
            ],
            [
              285037.13141424116,
              343649.55233390443
            ],
            [
              285029.23747789394,
              343640.10736981034
            ],
            [
              285027.91070771683,
              343635.50206375867
            ],
            [
              285028.48994503729,
              343632.87270040251
            ],
            [
              285037.05582113657,
              343623.89089219086
            ],
            [
              285036.90094584506,
              343621.1092190817
            ],
            [
              285034.53847221658,
              343618.36286068894
            ],
            [
              285026.26451294962,
              343616.49559913762
            ],
            [
              285020.02920681331,
              343610.89217040688
            ],
            [
              285016.72703998536,
              343609.7089082431
            ],
            [
              285010.14206936583,
              343614.46148281544
            ],
            [
              285003.77595905494,
              343617.30741323717
            ],
            [
              284988.25526417326,
              343617.81417170539
            ],
            [
              284981.20923623536,
              343619.25079122931
            ],
            [
              284970.7460688334,
              343624.14834664203
            ],
            [
              284965.35769704543,
              343632.73629772663
            ],
            [
              284961.37640347239,
              343643.36824676767
            ],
            [
              284955.29158340394,
              343648.72149523906
            ],
            [
              284949.15352415852,
              343651.74133768864
            ],
            [
              284938.54292268958,
              343652.5123909805
            ],
            [
              284932.7533839969,
              343651.57311008312
            ],
            [
              284927.42390884552,
              343651.00068279915
            ],
            [
              284916.14067967236,
              343663.51608904265
            ],
            [
              284906.58146928437,
              343668.26999126188
            ],
            [
              284894.8176547708,
              343688.34567151032
            ],
            [
              284890.51841347013,
              343696.63741623797
            ],
            [
              284881.79413909093,
              343703.37299029343
            ],
            [
              284873.10542727262,
              343706.91554637626
            ],
            [
              284859.72380713187,
              343713.309938889
            ],
            [
              284848.53205029387,
              343714.73899784125
            ]
          ]
        ]
      }
    },
    {
      "attributes" : {
        "FID" : 3,
        "PMNTN_SN" : 44621,
        "MNTN_CODE" : "488807401",
        "MNTN_NM" : "잠두봉",
        "PMNTN_NM" : "양평리구간",
        "PMNTN_MAIN" : " ",
        "PMNTN_LT" : 0.37,
        "PMNTN_DFFL" : "쉬움",
        "PMNTN_UPPL" : 7,
        "PMNTN_GODN" : 5,
        "PMNTN_MTRQ" : " ",
        "PMNTN_CNRL" : " ",
        "PMNTN_CLS_" : " ",
        "PMNTN_RISK" : " ",
        "PMNTN_RECO" : " ",
        "DATA_STDR_" : "2016-12-31",
        "MNTN_ID" : "488807401"
      },
      "geometry" : {
        "paths" : [
          [
            [
              285261.84743077215,
              343970.44801697321
            ],
            [
              285261.61882236321,
              343970.39129685424
            ],
            [
              285254.45774007309,
              343969.39248729125
            ],
            [
              285253.53467564564,
              343969.11389794387
            ],
            [
              285245.76428205241,
              343967.56047769636
            ],
            [
              285239.61678714212,
              343968.47815752216
            ],
            [
              285230.49139915965,
              343968.16742669977
            ],
            [
              285226.99909861293,
              343968.35717259347
            ],
            [
              285216.8882349059,
              343966.36278167553
            ],
            [
              285208.72668112721,
              343964.45219652168
            ],
            [
              285195.37836704962,
              343963.7661779318
            ],
            [
              285189.96003718209,
              343963.02595635317
            ],
            [
              285183.05479554739,
              343963.83409950323
            ],
            [
              285170.81481143553,
              343971.16043376364
            ],
            [
              285168.67706559692,
              343971.59309426881
            ],
            [
              285165.98238872178,
              343971.8343595583
            ],
            [
              285159.90308819897,
              343970.24406264722
            ],
            [
              285156.80772203859,
              343969.39589862525
            ],
            [
              285147.95498109981,
              343967.42192628793
            ],
            [
              285135.92136164568,
              343967.40292061865
            ],
            [
              285116.72232483048,
              343966.24252177775
            ],
            [
              285107.37414253876,
              343965.75989409536
            ],
            [
              285101.50115070585,
              343965.76539911516
            ],
            [
              285097.67922228761,
              343965.01435405016
            ],
            [
              285093.24937157705,
              343964.05830699019
            ],
            [
              285089.69758095965,
              343963.42690222524
            ],
            [
              285088.47582854517,
              343961.87318242155
            ],
            [
              285088.35128494445,
              343960.00209669955
            ],
            [
              285093.06981109641,
              343955.95046953484
            ],
            [
              285096.85705253761,
              343953.53778147884
            ],
            [
              285097.79793626815,
              343952.11160074919
            ],
            [
              285094.3052096488,
              343950.02492806502
            ],
            [
              285088.83277141862,
              343948.51332038641
            ],
            [
              285083.35252734739,
              343947.17798121832
            ],
            [
              285075.77688681707,
              343947.43280182593
            ],
            [
              285069.75620452873,
              343946.22266293131
            ],
            [
              285063.5189945912,
              343943.13491223939
            ],
            [
              285048.87022142205,
              343937.62670822069
            ],
            [
              285042.16549301706,
              343934.89406915382
            ],
            [
              285036.65227182489,
              343929.10688271187
            ],
            [
              285035.72908497043,
              343916.05153699219
            ],
            [
              285047.09603638668,
              343905.45228846185
            ],
            [
              285048.45137995202,
              343897.11187525652
            ],
            [
              285046.34437220171,
              343894.13042611443
            ],
            [
              285030.18048209045,
              343899.06325341761
            ],
            [
              285023.09430331737,
              343899.63702148013
            ],
            [
              285018.95425065979,
              343898.97151364945
            ],
            [
              285005.79972722754,
              343891.22134277783
            ],
            [
              284983.81786568835,
              343891.48684762605
            ]
          ]
        ]
      }
    },
    {
      "attributes" : {
        "FID" : 4,
        "PMNTN_SN" : 44622,
        "MNTN_CODE" : "488807401",
        "MNTN_NM" : "잠두봉",
        "PMNTN_NM" : "양평리구간",
        "PMNTN_MAIN" : " ",
        "PMNTN_LT" : 0.25,
        "PMNTN_DFFL" : "쉬움",
        "PMNTN_UPPL" : 4,
        "PMNTN_GODN" : 3,
        "PMNTN_MTRQ" : " ",
        "PMNTN_CNRL" : " ",
        "PMNTN_CLS_" : " ",
        "PMNTN_RISK" : " ",
        "PMNTN_RECO" : " ",
        "DATA_STDR_" : "2016-12-31",
        "MNTN_ID" : "488807401"
      },
      "geometry" : {
        "paths" : [
          [
            [
              284983.81786568835,
              343891.48684762605
            ],
            [
              284980.08269159961,
              343866.02122412995
            ],
            [
              284975.86514497362,
              343854.57966185175
            ],
            [
              284976.56291369908,
              343846.5314555224
            ],
            [
              284980.97596459556,
              343833.68125491217
            ],
            [
              284983.13735468872,
              343826.28519999422
            ],
            [
              284982.90222688578,
              343818.94774490967
            ],
            [
              284972.8491544826,
              343811.07551696338
            ],
            [
              284960.79536240455,
              343803.19154897705
            ],
            [
              284927.63561896235,
              343780.69196241163
            ],
            [
              284907.65591687988,
              343766.73328147829
            ],
            [
              284901.1380283786,
              343761.30342174321
            ],
            [
              284898.79009012971,
              343755.8146858681
            ],
            [
              284892.05075398739,
              343752.37387411669
            ],
            [
              284887.08069371432,
              343748.14663120918
            ],
            [
              284881.92712525651,
              343747.49437509663
            ],
            [
              284871.87084124144,
              343737.93820665777
            ],
            [
              284864.71537447907,
              343723.00297340751
            ],
            [
              284856.07044422626,
              343718.58846056834
            ],
            [
              284848.53205029573,
              343714.73899784125
            ]
          ]
        ]
      }
    },
    {
      "attributes" : {
        "FID" : 5,
        "PMNTN_SN" : 44623,
        "MNTN_CODE" : "488807401",
        "MNTN_NM" : "잠두봉",
        "PMNTN_NM" : "양평리구간",
        "PMNTN_MAIN" : " ",
        "PMNTN_LT" : 0.37,
        "PMNTN_DFFL" : "쉬움",
        "PMNTN_UPPL" : 7,
        "PMNTN_GODN" : 5,
        "PMNTN_MTRQ" : " ",
        "PMNTN_CNRL" : " ",
        "PMNTN_CLS_" : " ",
        "PMNTN_RISK" : " ",
        "PMNTN_RECO" : " ",
        "DATA_STDR_" : "2016-12-31",
        "MNTN_ID" : "488807401"
      },
      "geometry" : {
        "paths" : [
          [
            [
              284381.73410944268,
              344475.75094908103
            ],
            [
              284388.74528257269,
              344485.54448390566
            ],
            [
              284389.93628908042,
              344488.47511810251
            ],
            [
              284391.25424131658,
              344491.9900138285
            ],
            [
              284394.26817520242,
              344494.76323458366
            ],
            [
              284396.08349373285,
              344498.65913652629
            ],
            [
              284400.1095563015,
              344504.91525801457
            ],
            [
              284405.66742361523,
              344514.10185485147
            ],
            [
              284414.15057317913,
              344519.66085344367
            ],
            [
              284419.42076397594,
              344519.98994900472
            ],
            [
              284425.35389391333,
              344521.34107260406
            ],
            [
              284431.33387090638,
              344523.90732244402
            ],
            [
              284432.41480941232,
              344525.6047056485
            ],
            [
              284434.70905374829,
              344526.78903335892
            ],
            [
              284437.08934166655,
              344531.12634392083
            ],
            [
              284437.39089911617,
              344535.63368298113
            ],
            [
              284440.20626885444,
              344540.70205372013
            ],
            [
              284442.89517057128,
              344541.11340932362
            ],
            [
              284445.30081488285,
              344540.52295490354
            ],
            [
              284447.95752946846,
              344540.72892506234
            ],
            [
              284450.49028647132,
              344543.60058609582
            ],
            [
              284451.87546667736,
              344547.43915671483
            ],
            [
              284451.91038742289,
              344550.9648793377
            ],
            [
              284452.40767562203,
              344555.11236836016
            ],
            [
              284456.39415454958,
              344561.56431688368
            ],
            [
              284457.79347089119,
              344562.90470165387
            ],
            [
              284458.30103263445,
              344564.50302733667
            ],
            [
              284457.03728532884,
              344570.53682342544
            ],
            [
              284458.54595092312,
              344573.06249523722
            ],
            [
              284458.8604153879,
              344579.89259360172
            ]
          ],
          [
            [
              284620.31791945826,
              344659.02849230915
            ],
            [
              284615.51576042175,
              344660.30553331412
            ],
            [
              284609.48415265791,
              344658.33175630495
            ],
            [
              284600.79593292251,
              344656.98517255671
            ],
            [
              284580.76874201093,
              344657.95464901067
            ],
            [
              284566.38883068226,
              344659.36455141008
            ],
            [
              284551.99695202336,
              344662.93146119826
            ],
            [
              284544.283287731,
              344665.58354973048
            ],
            [
              284537.92761775199,
              344666.57000874542
            ],
            [
              284531.09299506899,
              344668.59110597894
            ],
            [
              284524.84635237977,
              344669.23076370358
            ],
            [
              284519.96931873262,
              344664.51026426628
            ],
            [
              284512.63140228484,
              344657.14995740727
            ],
            [
              284511.87195838802,
              344655.90401895158
            ],
            [
              284502.96720697358,
              344647.62494914979
            ],
            [
              284497.01850217581,
              344636.47200647555
            ],
            [
              284492.27439351007,
              344629.49747681618
            ],
            [
              284489.27556514833,
              344627.29247625731
            ],
            [
              284489.00785350241,
              344625.9226486925
            ],
            [
              284487.3638792634,
              344619.27523485199
            ],
            [
              284485.63499990758,
              344614.37564761378
            ],
            [
              284484.27785239927,
              344610.27950129472
            ],
            [
              284483.47071261797,
              344603.39821146429
            ],
            [
              284482.05891300645,
              344597.0692483373
            ],
            [
              284481.76234274358,
              344590.48694714345
            ],
            [
              284481.92795799393,
              344586.101840863
            ],
            [
              284480.08128866274,
              344581.61969132535
            ],
            [
              284471.9958300367,
              344581.75550362468
            ],
            [
              284471.36134989094,
              344581.82514472492
            ],
            [
              284465.46442686301,
              344580.38321319595
            ],
            [
              284463.74603070226,
              344579.96692828275
            ],
            [
              284460.77758486476,
              344579.35273891874
            ],
            [
              284458.8604153879,
              344579.89259360172
            ]
          ]
        ]
      }
    },
    {
      "attributes" : {
        "FID" : 6,
        "PMNTN_SN" : 44624,
        "MNTN_CODE" : "488807401",
        "MNTN_NM" : "잠두봉",
        "PMNTN_NM" : "양평리구간",
        "PMNTN_MAIN" : " ",
        "PMNTN_LT" : 0.78,
        "PMNTN_DFFL" : "쉬움",
        "PMNTN_UPPL" : 14,
        "PMNTN_GODN" : 10,
        "PMNTN_MTRQ" : " ",
        "PMNTN_CNRL" : " ",
        "PMNTN_CLS_" : " ",
        "PMNTN_RISK" : " ",
        "PMNTN_RECO" : " ",
        "DATA_STDR_" : "2016-12-31",
        "MNTN_ID" : "488807401"
      },
      "geometry" : {
        "paths" : [
          [
            [
              285110.20875955373,
              344641.55592622794
            ],
            [
              285112.34045683779,
              344639.90674034692
            ],
            [
              285113.96469842829,
              344638.26667169295
            ],
            [
              285116.23256587517,
              344636.76298523694
            ],
            [
              285123.63885007892,
              344638.24771330878
            ],
            [
              285132.36277040653,
              344642.37732621469
            ],
            [
              285142.14762672503,
              344644.2662070021
            ],
            [
              285148.30697959568,
              344644.43683338538
            ],
            [
              285153.75482462812,
              344640.48967406899
            ],
            [
              285156.11258096807,
              344639.87959509343
            ],
            [
              285161.60464970767,
              344639.21602449939
            ],
            [
              285169.22170604672,
              344639.5394152943
            ],
            [
              285172.25439143833,
              344641.11322637275
            ],
            [
              285174.42944497522,
              344639.79469022714
            ],
            [
              285176.70397792198,
              344635.22166649625
            ],
            [
              285179.73308830615,
              344616.83420106396
            ],
            [
              285184.55702241324,
              344602.76112280972
            ],
            [
              285188.07683600858,
              344579.8858546596
            ],
            [
              285186.81770265475,
              344572.72111578472
            ],
            [
              285186.38390422333,
              344564.15049648657
            ],
            [
              285186.97576760035,
              344541.98196417466
            ],
            [
              285187.55417616758,
              344529.13316639885
            ],
            [
              285191.73404976819,
              344511.80777905136
            ],
            [
              285191.96453317069,
              344505.96879697777
            ],
            [
              285190.05774423108,
              344499.08618960902
            ],
            [
              285189.05584040284,
              344495.53116489761
            ],
            [
              285188.48574500065,
              344491.31387085654
            ],
            [
              285186.91383191384,
              344483.53225212358
            ],
            [
              285185.5482528545,
              344470.94276785478
            ],
            [
              285183.87549937516,
              344448.30709626898
            ],
            [
              285175.33522461914,
              344434.73294324428
            ],
            [
              285174.71438504849,
              344427.04942981899
            ],
            [
              285173.32503935508,
              344416.26671767421
            ],
            [
              285172.5097378809,
              344410.99320353195
            ],
            [
              285174.46306339651,
              344395.98659602553
            ],
            [
              285174.53587527666,
              344391.10876404494
            ],
            [
              285175.1937963618,
              344385.70382619277
            ],
            [
              285172.82530977204,
              344381.40060465783
            ],
            [
              285172.53654684685,
              344377.82984148897
            ],
            [
              285170.67933595553,
              344368.42240811698
            ],
            [
              285172.74168416765,
              344358.28519807383
            ],
            [
              285175.39291337039,
              344344.49823773094
            ],
            [
              285174.86420811433,
              344336.32666716538
            ],
            [
              285173.50362657849,
              344323.11514485627
            ],
            [
              285171.06430885475,
              344319.53868927807
            ],
            [
              285170.2874962138,
              344307.96048198827
            ],
            [
              285170.22832217161,
              344302.25824463181
            ],
            [
              285165.74734416883,
              344295.14379476756
            ],
            [
              285162.21053171065,
              344288.1809424106
            ],
            [
              285159.74951528665,
              344283.24117325433
            ],
            [
              285158.64314454515,
              344276.38946245797
            ],
            [
              285158.10643544234,
              344265.48584530875
            ],
            [
              285160.16411613952,
              344261.52746574394
            ],
            [
              285160.22619579732,
              344257.09800752439
            ],
            [
              285158.9854991138,
              344253.24765760265
            ],
            [
              285156.92754933238,
              344251.31029476225
            ],
            [
              285155.56577494461,
              344246.18409548886
            ],
            [
              285155.15471147094,
              344238.56763584539
            ],
            [
              285156.91207834985,
              344223.83268187568
            ],
            [
              285159.10295794159,
              344207.40905347094
            ],
            [
              285160.44267824851,
              344203.00379324704
            ],
            [
              285160.38316414226,
              344198.91997214966
            ],
            [
              285164.33727114741,
              344180.61578299478
            ],
            [
              285166.87802833971,
              344157.46308567002
            ],
            [
              285167.31550638005,
              344146.68077941053
            ],
            [
              285175.1671550516,
              344134.47371710464
            ],
            [
              285180.38036743179,
              344125.65151773952
            ],
            [
              285186.73505486362,
              344119.21334181726
            ],
            [
              285190.09212312568,
              344109.72934451327
            ],
            [
              285193.60002953652,
              344106.81616298482
            ],
            [
              285194.87847444974,
              344103.80105961114
            ],
            [
              285200.15093833208,
              344096.00133688003
            ],
            [
              285200.77619880158,
              344094.89117959887
            ],
            [
              285202.11964829732,
              344093.26703620516
            ],
            [
              285208.37989673205,
              344086.11857304536
            ],
            [
              285214.59041566681,
              344077.03497635759
            ],
            [
              285226.03288082592,
              344064.38335807249
            ],
            [
              285235.11449992564,
              344051.83933297172
            ],
            [
              285238.91847366653,
              344041.30028312095
            ],
            [
              285243.92387100309,
              344036.03726657294
            ],
            [
              285247.26139340177,
              344027.45631164871
            ],
            [
              285250.63756388146,
              344022.91304328665
            ],
            [
              285253.13419635687,
              344017.22608423978
            ],
            [
              285252.88294522371,
              344011.52226359956
            ],
            [
              285256.33006331138,
              344003.61115805805
            ],
            [
              285257.29918664508,
              343990.38476758078
            ],
            [
              285259.36581382435,
              343980.61036822014
            ],
            [
              285261.6161749959,
              343972.3908845894
            ],
            [
              285261.84743077215,
              343970.44801697321
            ]
          ]
        ]
      }
    },
    {
      "attributes" : {
        "FID" : 7,
        "PMNTN_SN" : 44625,
        "MNTN_CODE" : "488807401",
        "MNTN_NM" : "잠두봉",
        "PMNTN_NM" : "양평리구간",
        "PMNTN_MAIN" : " ",
        "PMNTN_LT" : 0.43,
        "PMNTN_DFFL" : "쉬움",
        "PMNTN_UPPL" : 8,
        "PMNTN_GODN" : 5,
        "PMNTN_MTRQ" : " ",
        "PMNTN_CNRL" : " ",
        "PMNTN_CLS_" : " ",
        "PMNTN_RISK" : " ",
        "PMNTN_RECO" : " ",
        "DATA_STDR_" : "2016-12-31",
        "MNTN_ID" : "488807401"
      },
      "geometry" : {
        "paths" : [
          [
            [
              285261.84743077215,
              343970.44801697321
            ],
            [
              285262.07052974775,
              343962.06170545705
            ],
            [
              285266.17358478438,
              343953.86311635375
            ],
            [
              285267.67564464547,
              343945.67065157928
            ],
            [
              285268.42165765632,
              343933.24559847265
            ],
            [
              285262.82717874926,
              343920.40767822228
            ],
            [
              285259.9911255613,
              343910.96687080152
            ],
            [
              285255.08333707415,
              343902.83156886883
            ],
            [
              285252.20760722458,
              343896.6106386967
            ],
            [
              285251.99685462005,
              343887.77185019851
            ],
            [
              285252.7921128273,
              343881.5202173572
            ],
            [
              285252.17861565482,
              343875.64940967225
            ],
            [
              285250.49364729319,
              343868.44516968355
            ],
            [
              285247.92475872207,
              343860.17032296956
            ],
            [
              285247.85780079756,
              343848.32085153088
            ],
            [
              285251.89539437182,
              343837.40607045032
            ],
            [
              285254.51365614124,
              343835.53015770391
            ],
            [
              285256.5515151117,
              343833.60131585971
            ],
            [
              285256.36428729538,
              343831.24665722065
            ],
            [
              285253.70181988738,
              343826.53122860752
            ],
            [
              285249.20090515912,
              343819.67560711876
            ],
            [
              285247.04631631915,
              343795.09964044206
            ],
            [
              285250.42899583094,
              343774.6972295735
            ],
            [
              285253.08217726648,
              343769.98707535118
            ],
            [
              285253.55339899007,
              343764.41275606863
            ],
            [
              285250.76040639821,
              343755.84192989767
            ],
            [
              285251.43048746046,
              343753.20585391857
            ],
            [
              285252.97244902793,
              343749.27560838126
            ],
            [
              285256.34629624244,
              343734.49816164002
            ],
            [
              285256.77672660165,
              343733.9256120678
            ],
            [
              285259.00136482064,
              343731.41700724326
            ],
            [
              285259.85470284242,
              343726.03220027871
            ],
            [
              285260.0985490242,
              343722.13330986723
            ],
            [
              285258.03791300859,
              343717.14894944429
            ],
            [
              285254.74114328437,
              343711.16893192194
            ],
            [
              285250.18708907906,
              343709.71637037955
            ],
            [
              285248.49295024481,
              343708.47576078959
            ],
            [
              285244.3238789523,
              343707.8743064478
            ],
            [
              285240.89701297972,
              343703.80013416335
            ],
            [
              285237.84038114082,
              343698.70621520653
            ],
            [
              285232.4495007731,
              343691.92042331398
            ],
            [
              285230.94044652302,
              343689.44112415425
            ],
            [
              285228.30442234315,
              343687.3695771154
            ],
            [
              285215.69261678215,
              343675.51049954817
            ],
            [
              285204.3128371276,
              343664.94682132639
            ],
            [
              285196.92551131174,
              343659.8161430452
            ],
            [
              285194.1494720038,
              343655.72489402257
            ],
            [
              285188.28005364537,
              343653.73398906365
            ],
            [
              285172.69818754774,
              343646.93429834209
            ],
            [
              285157.42446274962,
              343636.48219733499
            ],
            [
              285148.62709345482,
              343625.23359312303
            ],
            [
              285147.89863687381,
              343613.77032422461
            ]
          ]
        ]
      }
    },
    {
      "attributes" : {
        "FID" : 8,
        "PMNTN_SN" : 44626,
        "MNTN_CODE" : "488807401",
        "MNTN_NM" : "잠두봉",
        "PMNTN_NM" : "양평리구간",
        "PMNTN_MAIN" : " ",
        "PMNTN_LT" : 0.68,
        "PMNTN_DFFL" : "쉬움",
        "PMNTN_UPPL" : 12,
        "PMNTN_GODN" : 8,
        "PMNTN_MTRQ" : " ",
        "PMNTN_CNRL" : " ",
        "PMNTN_CLS_" : " ",
        "PMNTN_RISK" : " ",
        "PMNTN_RECO" : " ",
        "DATA_STDR_" : "2016-12-31",
        "MNTN_ID" : "488807401"
      },
      "geometry" : {
        "paths" : [
          [
            [
              284620.3179194564,
              344659.02849230915
            ],
            [
              284627.25544228964,
              344664.46161037125
            ],
            [
              284629.1760864798,
              344667.54000989906
            ],
            [
              284633.19546092395,
              344678.89790293016
            ],
            [
              284636.88644087687,
              344691.27580783889
            ],
            [
              284637.40940973815,
              344696.56705206819
            ],
            [
              284640.25271429867,
              344703.43184238859
            ],
            [
              284645.95465604402,
              344711.05291523226
            ],
            [
              284654.82155748084,
              344732.04657934979
            ],
            [
              284668.85020341165,
              344749.60146308132
            ],
            [
              284680.07025220152,
              344760.91637373716
            ],
            [
              284691.20976551156,
              344765.55223511904
            ],
            [
              284706.08942665718,
              344780.57605110668
            ],
            [
              284718.89861900546,
              344797.09625899233
            ],
            [
              284732.14020040724,
              344806.45864657313
            ],
            [
              284742.68231947534,
              344818.03691386804
            ],
            [
              284748.76268908475,
              344823.29429809749
            ],
            [
              284751.99285703525,
              344829.0732774809
            ],
            [
              284766.46404777281,
              344840.76345782354
            ],
            [
              284767.98987779487,
              344841.47560642473
            ],
            [
              284786.81699153781,
              344849.09621947445
            ],
            [
              284789.27472134959,
              344849.94748074375
            ],
            [
              284794.41746640112,
              344850.88947132789
            ],
            [
              284799.75160619896,
              344850.85665969364
            ],
            [
              284803.22996773571,
              344852.08971449547
            ],
            [
              284805.61857526843,
              344852.23342544213
            ],
            [
              284817.0952635454,
              344858.09113227203
            ],
            [
              284831.65289549343,
              344859.12301016226
            ],
            [
              284839.7062084116,
              344858.78133551963
            ],
            [
              284843.74911225215,
              344860.48485892639
            ],
            [
              284846.81078782305,
              344860.85823730007
            ],
            [
              284847.86578764394,
              344860.17978376895
            ],
            [
              284849.1781706959,
              344855.22825898044
            ],
            [
              284852.65425412543,
              344850.81785993278
            ],
            [
              284855.26008939929,
              344844.07604798675
            ],
            [
              284861.04715515301,
              344833.73178293929
            ],
            [
              284865.91157291643,
              344821.53819814883
            ],
            [
              284872.59811788332,
              344810.18941634148
            ],
            [
              284884.96399843134,
              344792.85837161355
            ],
            [
              284898.22986281104,
              344787.61355274543
            ],
            [
              284905.30428143498,
              344786.63481766731
            ],
            [
              284915.34990045335,
              344781.86624445207
            ],
            [
              284920.75956240203,
              344781.08082414605
            ],
            [
              284931.6311853556,
              344774.83196121641
            ],
            [
              284933.04715271201,
              344773.54331803694
            ],
            [
              284944.62482219469,
              344765.66419730708
            ],
            [
              284953.08861685451,
              344758.10877131298
            ],
            [
              284953.82288984302,
              344757.49260642566
            ],
            [
              284965.38226005901,
              344745.97654543817
            ],
            [
              284976.00333822891,
              344737.37212156318
            ],
            [
              284982.19735471625,
              344729.94383891486
            ],
            [
              284988.93880349956,
              344723.19048620947
            ],
            [
              285002.51326700486,
              344711.21937878616
            ],
            [
              285018.25147217885,
              344704.6637203116
            ],
            [
              285029.08922026493,
              344700.38651539013
            ],
            [
              285046.81880391203,
              344692.67800135911
            ],
            [
              285061.19165015407,
              344686.09074859321
            ],
            [
              285063.19253788888,
              344684.7333138641
            ],
            [
              285072.60062542744,
              344676.04298119992
            ],
            [
              285087.31417113449,
              344660.02755399793
            ],
            [
              285100.65979916044,
              344650.5843428243
            ],
            [
              285108.58881778922,
              344642.70127084479
            ],
            [
              285110.20875955373,
              344641.55592622235
            ]
          ]
        ]
      }
    },
    {
      "attributes" : {
        "FID" : 9,
        "PMNTN_SN" : 44627,
        "MNTN_CODE" : "488807401",
        "MNTN_NM" : "잠두봉",
        "PMNTN_NM" : "양평리구간",
        "PMNTN_MAIN" : " ",
        "PMNTN_LT" : 0.93,
        "PMNTN_DFFL" : "쉬움",
        "PMNTN_UPPL" : 16,
        "PMNTN_GODN" : 11,
        "PMNTN_MTRQ" : " ",
        "PMNTN_CNRL" : " ",
        "PMNTN_CLS_" : " ",
        "PMNTN_RISK" : " ",
        "PMNTN_RECO" : " ",
        "DATA_STDR_" : "2016-12-31",
        "MNTN_ID" : "488807401"
      },
      "geometry" : {
        "paths" : [
          [
            [
              284832.2869312074,
              343706.38585334085
            ],
            [
              284825.25150269456,
              343711.95138874836
            ],
            [
              284802.05247225892,
              343739.18399858102
            ],
            [
              284778.09106766246,
              343765.71471644379
            ],
            [
              284751.67306929547,
              343797.13351717219
            ],
            [
              284725.82690619491,
              343826.31149010547
            ],
            [
              284699.45225566067,
              343857.20067895204
            ],
            [
              284677.72409128118,
              343884.71321974508
            ],
            [
              284660.7968540974,
              343908.19721915573
            ],
            [
              284634.48611672129,
              343940.62971729226
            ],
            [
              284616.23604349326,
              343962.40295597725
            ],
            [
              284599.60371438786,
              343977.9668628443
            ],
            [
              284573.80028376821,
              343998.81295771711
            ],
            [
              284551.028677403,
              344016.85595779866
            ],
            [
              284528.61384399794,
              344030.65166548081
            ],
            [
              284505.30055017862,
              344042.28537953645
            ],
            [
              284475.69629618432,
              344058.65319180675
            ],
            [
              284442.82432136871,
              344077.94784807228
            ],
            [
              284418.35823723301,
              344096.01067432761
            ],
            [
              284398.07726076245,
              344104.65426117554
            ],
            [
              284364.00291794538,
              344117.15720018186
            ],
            [
              284332.01704988815,
              344130.3489053566
            ],
            [
              284297.69975507818,
              344142.08708693087
            ],
            [
              284261.82454642374,
              344154.08966713957
            ],
            [
              284225.27091502026,
              344165.63020114601
            ],
            [
              284190.1706610769,
              344176.74749088287
            ],
            [
              284159.00173448212,
              344186.18141122349
            ],
            [
              284130.79514029436,
              344193.61412762105
            ],
            [
              284082.47249040008,
              344207.14349759556
            ],
            [
              284077.71750084311,
              344209.41298826225
            ]
          ]
        ]
      }
    },
    {
      "attributes" : {
        "FID" : 10,
        "PMNTN_SN" : 44628,
        "MNTN_CODE" : "488807401",
        "MNTN_NM" : "잠두봉",
        "PMNTN_NM" : "양평리구간",
        "PMNTN_MAIN" : " ",
        "PMNTN_LT" : 0.7,
        "PMNTN_DFFL" : "쉬움",
        "PMNTN_UPPL" : 12,
        "PMNTN_GODN" : 9,
        "PMNTN_MTRQ" : " ",
        "PMNTN_CNRL" : " ",
        "PMNTN_CLS_" : " ",
        "PMNTN_RISK" : " ",
        "PMNTN_RECO" : " ",
        "DATA_STDR_" : "2016-12-31",
        "MNTN_ID" : "488807401"
      },
      "geometry" : {
        "paths" : [
          [
            [
              285061.69951533247,
              343384.93449977227
            ],
            [
              285060.5129711302,
              343385.22078744136
            ],
            [
              285050.26802382991,
              343391.09859409183
            ],
            [
              285034.19113147166,
              343413.26097095013
            ],
            [
              285016.71840864699,
              343444.32509938627
            ],
            [
              284995.40431406628,
              343481.79407561757
            ],
            [
              284970.40232548211,
              343514.28572053649
            ],
            [
              284950.23882710747,
              343551.42588631064
            ],
            [
              284937.68595111743,
              343573.32445720397
            ],
            [
              284925.30490753427,
              343588.97012469359
            ],
            [
              284905.69604243897,
              343613.39413652383
            ],
            [
              284886.60528339446,
              343638.6786150001
            ],
            [
              284869.63859084155,
              343660.06758906879
            ],
            [
              284848.97249723412,
              343685.37310640328
            ],
            [
              284838.30755712278,
              343698.32627263106
            ],
            [
              284832.2869312074,
              343706.38585334085
            ]
          ],
          [
            [
              285147.89863687381,
              343613.77032422461
            ],
            [
              285143.57529488485,
              343608.8085581176
            ],
            [
              285140.10075271782,
              343598.41369433887
            ],
            [
              285139.51686709467,
              343594.40856693499
            ],
            [
              285138.87415027339,
              343590.20755004883
            ],
            [
              285139.30567022599,
              343586.32237737812
            ],
            [
              285142.74050064757,
              343582.88169695437
            ],
            [
              285143.39918418508,
              343574.03845220059
            ],
            [
              285141.40500947647,
              343568.4017645698
            ],
            [
              285141.16562894545,
              343565.14930815436
            ],
            [
              285139.35050924402,
              343562.65252199955
            ],
            [
              285137.76909225807,
              343559.80049769022
            ],
            [
              285135.45078108273,
              343557.0344294738
            ],
            [
              285134.80071909819,
              343555.9771636948
            ],
            [
              285123.71196993999,
              343537.97538895532
            ],
            [
              285112.56644687057,
              343529.06970273517
            ],
            [
              285105.07987778075,
              343520.81293852441
            ],
            [
              285101.41677571833,
              343510.67512404732
            ],
            [
              285100.94599885121,
              343505.81280480511
            ],
            [
              285101.35392735992,
              343498.62171046622
            ],
            [
              285098.07722839527,
              343492.91658767685
            ],
            [
              285091.70800999273,
              343486.04711542092
            ],
            [
              285087.23241697438,
              343482.71164052747
            ],
            [
              285082.6407573875,
              343478.81698269956
            ],
            [
              285077.81658579316,
              343469.87882915884
            ],
            [
              285077.52658175118,
              343467.67165962979
            ],
            [
              285064.18426748179,
              343451.21101156995
            ],
            [
              285061.42113121878,
              343444.17143882439
            ],
            [
              285059.17389722262,
              343431.58018745109
            ],
            [
              285058.31252926309,
              343428.11280970462
            ],
            [
              285059.95076941513,
              343425.74091402441
            ],
            [
              285065.88317341171,
              343423.54677273147
            ],
            [
              285068.13102843706,
              343423.38429501839
            ],
            [
              285072.77723351866,
              343423.55352116935
            ],
            [
              285076.38633476198,
              343423.47054914571
            ],
            [
              285077.30007081944,
              343423.14444816671
            ],
            [
              285086.37152067479,
              343417.38386418857
            ],
            [
              285092.06059426535,
              343416.57470309176
            ],
            [
              285094.5895347707,
              343412.52977276035
            ],
            [
              285093.67131081317,
              343407.67955557443
            ],
            [
              285078.81173184328,
              343399.28381295316
            ],
            [
              285069.55518612731,
              343391.42749210633
            ],
            [
              285066.07508041058,
              343385.53883844241
            ],
            [
              285062.54377079383,
              343384.70190874673
            ],
            [
              285061.69951533247,
              343384.93449977227
            ]
          ]
        ]
      }
    },
    {
      "attributes" : {
        "FID" : 11,
        "PMNTN_SN" : 44629,
        "MNTN_CODE" : "488807401",
        "MNTN_NM" : "잠두봉",
        "PMNTN_NM" : "양평리구간",
        "PMNTN_MAIN" : " ",
        "PMNTN_LT" : 0.89,
        "PMNTN_DFFL" : "쉬움",
        "PMNTN_UPPL" : 16,
        "PMNTN_GODN" : 11,
        "PMNTN_MTRQ" : " ",
        "PMNTN_CNRL" : " ",
        "PMNTN_CLS_" : " ",
        "PMNTN_RISK" : " ",
        "PMNTN_RECO" : " ",
        "DATA_STDR_" : "2016-12-31",
        "MNTN_ID" : "488807401"
      },
      "geometry" : {
        "paths" : [
          [
            [
              285006.9439381538,
              344495.03756499849
            ],
            [
              284990.9295023717,
              344493.04140579142
            ],
            [
              284976.82825831883,
              344488.19540199824
            ],
            [
              284969.85859721992,
              344482.39652816579
            ],
            [
              284956.33046247065,
              344456.98151344433
            ],
            [
              284947.1811706461,
              344440.79227256775
            ],
            [
              284944.91374644265,
              344429.79786865227
            ],
            [
              284940.94209228642,
              344415.61062920466
            ],
            [
              284934.78665431589,
              344404.8192734383
            ],
            [
              284930.26095750649,
              344379.14322450757
            ],
            [
              284917.25244881585,
              344357.84782331437
            ],
            [
              284915.58877693675,
              344338.58571363613
            ],
            [
              284914.14704893157,
              344325.05717606843
            ],
            [
              284913.58305988647,
              344309.92875836045
            ],
            [
              284909.18999924883,
              344297.90968137234
            ],
            [
              284904.08142176643,
              344282.87027090415
            ],
            [
              284902.32984280307,
              344264.9090100918
            ],
            [
              284900.61019482929,
              344244.48981734551
            ],
            [
              284898.49419871811,
              344238.26244345866
            ],
            [
              284897.46752170101,
              344221.46179770119
            ],
            [
              284891.90818106756,
              344203.98834177479
            ],
            [
              284892.39158640895,
              344193.11620060354
            ],
            [
              284895.52809317596,
              344182.83481234126
            ],
            [
              284904.1018584203,
              344171.78440002725
            ],
            [
              284907.02951697726,
              344167.05685861968
            ],
            [
              284909.78691955097,
              344157.8689688202
            ],
            [
              284915.39776746184,
              344152.15827568807
            ],
            [
              284919.18789642025,
              344153.54609252699
            ],
            [
              284926.81601903308,
              344158.87369499169
            ],
            [
              284934.99188289605,
              344161.23505001329
            ],
            [
              284940.81662050728,
              344161.51678085513
            ],
            [
              284949.37994232122,
              344157.39225099981
            ],
            [
              284959.5728046922,
              344149.60334266722
            ],
            [
              284961.76017333008,
              344145.43445081264
            ],
            [
              284963.90060199983,
              344139.80905273184
            ],
            [
              284969.05443019979,
              344121.37673814408
            ],
            [
              284973.35155703127,
              344094.71909864619
            ],
            [
              284972.32080737222,
              344082.90079647861
            ],
            [
              284970.84251357708,
              344071.20436654612
            ],
            [
              284972.6127807321,
              344050.31766717322
            ],
            [
              284971.11817282252,
              344040.42910590023
            ],
            [
              284968.60691383947,
              344024.67105875909
            ],
            [
              284968.5701972926,
              344012.96578255855
            ],
            [
              284968.38114954252,
              344001.65581061691
            ],
            [
              284973.80132971611,
              343975.30667497404
            ],
            [
              284974.87547834404,
              343967.76595308632
            ],
            [
              284976.78122381214,
              343947.24047290348
            ],
            [
              284978.9555288665,
              343927.19979577512
            ],
            [
              284980.73885947652,
              343904.02612078749
            ],
            [
              284983.81786568835,
              343891.48684762605
            ]
          ],
          [
            [
              285110.20875955187,
              344641.55592622794
            ],
            [
              285107.53828351386,
              344633.49868951924
            ],
            [
              285102.15404484887,
              344626.07123049535
            ],
            [
              285098.50155183859,
              344619.24633640423
            ],
            [
              285093.99331419356,
              344612.40655522048
            ],
            [
              285089.71381182037,
              344602.91550303809
            ],
            [
              285087.97206650767,
              344596.85970295779
            ],
            [
              285087.20377162937,
              344593.89454706199
            ],
            [
              285079.7439849861,
              344581.35014270805
            ],
            [
              285074.25397078693,
              344572.28466876224
            ],
            [
              285066.64547778107,
              344561.00382433273
            ],
            [
              285064.86488284357,
              344556.78261304274
            ],
            [
              285057.58108420018,
              344550.89208364673
            ],
            [
              285055.01056392677,
              344543.61062398553
            ],
            [
              285053.50961049926,
              344536.72852995805
            ],
            [
              285051.88535353448,
              344533.89722997695
            ],
            [
              285049.3111598175,
              344531.34363878891
            ],
            [
              285045.82456130069,
              344523.0321561303
            ],
            [
              285038.38427917194,
              344513.19464319944
            ],
            [
              285032.77082973626,
              344503.75213226303
            ],
            [
              285029.09405392688,
              344500.82809913158
            ],
            [
              285022.1305898428,
              344498.25014190003
            ],
            [
              285019.40804296732,
              344497.31257424317
            ],
            [
              285012.68511670921,
              344495.36770376936
            ],
            [
              285006.9439381538,
              344495.03756499849
            ]
          ]
        ]
      }
    },
    {
      "attributes" : {
        "FID" : 12,
        "PMNTN_SN" : 44630,
        "MNTN_CODE" : "488807401",
        "MNTN_NM" : "잠두봉",
        "PMNTN_NM" : "양평리구간",
        "PMNTN_MAIN" : " ",
        "PMNTN_LT" : 0.02,
        "PMNTN_DFFL" : "쉬움",
        "PMNTN_UPPL" : 1,
        "PMNTN_GODN" : 0,
        "PMNTN_MTRQ" : " ",
        "PMNTN_CNRL" : " ",
        "PMNTN_CLS_" : " ",
        "PMNTN_RISK" : " ",
        "PMNTN_RECO" : " ",
        "DATA_STDR_" : "2016-12-31",
        "MNTN_ID" : "488807401"
      },
      "geometry" : {
        "paths" : [
          [
            [
              284848.53205029573,
              343714.73899784125
            ],
            [
              284837.07724874187,
              343708.88963099755
            ],
            [
              284832.2869312074,
              343706.38585333526
            ]
          ]
        ]
      }
    }
  ]
}