{
  "displayFieldName" : "",
  "fieldAliases" : {
    "FID" : "FID",
    "PMNTN_SPOT" : "PMNTN_SPOT",
    "MNTN_CODE" : "MNTN_CODE",
    "MANAGE_SP1" : "MANAGE_SP1",
    "MANAGE_SP2" : "MANAGE_SP2",
    "DETAIL_SPO" : "DETAIL_SPO",
    "ETC_MATTER" : "ETC_MATTER",
    "MNTN_NM" : "MNTN_NM",
    "PAST_SPOT_" : "PAST_SPOT_",
    "MNTN_ID" : "MNTN_ID"
  },
  "geometryType" : "esriGeometryPoint",
  "spatialReference" : {
    "wkt" : "PROJCS[\"PCS_ITRF2000_TM\",GEOGCS[\"GCS_ITRF_2000\",DATUM[\"D_ITRF_2000\",SPHEROID[\"GRS_1980\",6378137.0,298.257222101]],PRIMEM[\"Greenwich\",0.0],UNIT[\"Degree\",0.0174532925199433]],PROJECTION[\"Transverse_Mercator\"],PARAMETER[\"False_Easting\",200000.0],PARAMETER[\"False_Northing\",600000.0],PARAMETER[\"Central_Meridian\",127.0],PARAMETER[\"Scale_Factor\",1.0],PARAMETER[\"Latitude_Of_Origin\",38.0],UNIT[\"Meter\",1.0]]"
  },
  "fields" : [
    {
      "name" : "FID",
      "type" : "esriFieldTypeOID",
      "alias" : "FID"
    },
    {
      "name" : "PMNTN_SPOT",
      "type" : "esriFieldTypeDouble",
      "alias" : "PMNTN_SPOT"
    },
    {
      "name" : "MNTN_CODE",
      "type" : "esriFieldTypeString",
      "alias" : "MNTN_CODE",
      "length" : 9
    },
    {
      "name" : "MANAGE_SP1",
      "type" : "esriFieldTypeString",
      "alias" : "MANAGE_SP1",
      "length" : 2
    },
    {
      "name" : "MANAGE_SP2",
      "type" : "esriFieldTypeString",
      "alias" : "MANAGE_SP2",
      "length" : 50
    },
    {
      "name" : "DETAIL_SPO",
      "type" : "esriFieldTypeString",
      "alias" : "DETAIL_SPO",
      "length" : 200
    },
    {
      "name" : "ETC_MATTER",
      "type" : "esriFieldTypeString",
      "alias" : "ETC_MATTER",
      "length" : 200
    },
    {
      "name" : "MNTN_NM",
      "type" : "esriFieldTypeString",
      "alias" : "MNTN_NM",
      "length" : 50
    },
    {
      "name" : "PAST_SPOT_",
      "type" : "esriFieldTypeString",
      "alias" : "PAST_SPOT_",
      "length" : 14
    },
    {
      "name" : "MNTN_ID",
      "type" : "esriFieldTypeString",
      "alias" : "MNTN_ID",
      "length" : 10
    }
  ],
  "features" : [
    {
      "attributes" : {
        "FID" : 0,
        "PMNTN_SPOT" : 47549,
        "MNTN_CODE" : "267102001",
        "MANAGE_SP1" : "06",
        "MANAGE_SP2" : "음수대",
        "DETAIL_SPO" : "음수대",
        "ETC_MATTER" : " ",
        "MNTN_NM" : "산성산",
        "PAST_SPOT_" : "2671020010001",
        "MNTN_ID" : "267102001"
      },
      "geometry" : {
        "x" : 400052.73869999964,
        "y" : 295635.51160000078
      }
    },
    {
      "attributes" : {
        "FID" : 1,
        "PMNTN_SPOT" : 47550,
        "MNTN_CODE" : "267102001",
        "MANAGE_SP1" : "99",
        "MANAGE_SP2" : "기타",
        "DETAIL_SPO" : "사유지(나무농장)",
        "ETC_MATTER" : " ",
        "MNTN_NM" : "산성산",
        "PAST_SPOT_" : "2671020010002",
        "MNTN_ID" : "267102001"
      },
      "geometry" : {
        "x" : 400200.11349999998,
        "y" : 295595.84650000371
      }
    },
    {
      "attributes" : {
        "FID" : 2,
        "PMNTN_SPOT" : 47551,
        "MNTN_CODE" : "267102001",
        "MANAGE_SP1" : "99",
        "MANAGE_SP2" : "기타",
        "DETAIL_SPO" : "성벽",
        "ETC_MATTER" : " ",
        "MNTN_NM" : "산성산",
        "PAST_SPOT_" : "2671020010003",
        "MNTN_ID" : "267102001"
      },
      "geometry" : {
        "x" : 399826.94250000082,
        "y" : 296150.61720000207
      }
    },
    {
      "attributes" : {
        "FID" : 3,
        "PMNTN_SPOT" : 47552,
        "MNTN_CODE" : "267102001",
        "MANAGE_SP1" : "11",
        "MANAGE_SP2" : "안내판또는지도",
        "DETAIL_SPO" : "안내판",
        "ETC_MATTER" : " ",
        "MNTN_NM" : "산성산",
        "PAST_SPOT_" : "2671020010004",
        "MNTN_ID" : "267102001"
      },
      "geometry" : {
        "x" : 399688.52759999968,
        "y" : 296175.38199999928
      }
    },
    {
      "attributes" : {
        "FID" : 4,
        "PMNTN_SPOT" : 47553,
        "MNTN_CODE" : "267102001",
        "MANAGE_SP1" : "23",
        "MANAGE_SP2" : "정상",
        "DETAIL_SPO" : "정상",
        "ETC_MATTER" : " ",
        "MNTN_NM" : "산성산",
        "PAST_SPOT_" : "2671020010005",
        "MNTN_ID" : "267102001"
      },
      "geometry" : {
        "x" : 399667.53050000034,
        "y" : 296124.33889999986
      }
    },
    {
      "attributes" : {
        "FID" : 5,
        "PMNTN_SPOT" : 47554,
        "MNTN_CODE" : "267102001",
        "MANAGE_SP1" : "06",
        "MANAGE_SP2" : "음수대",
        "DETAIL_SPO" : "음수대",
        "ETC_MATTER" : " ",
        "MNTN_NM" : "산성산",
        "PAST_SPOT_" : "2671020010006",
        "MNTN_ID" : "267102001"
      },
      "geometry" : {
        "x" : 400330.85520000104,
        "y" : 296688.7873999998
      }
    },
    {
      "attributes" : {
        "FID" : 6,
        "PMNTN_SPOT" : 47555,
        "MNTN_CODE" : "267102001",
        "MANAGE_SP1" : "99",
        "MANAGE_SP2" : "기타",
        "DETAIL_SPO" : "사당",
        "ETC_MATTER" : " ",
        "MNTN_NM" : "산성산",
        "PAST_SPOT_" : "2671020010007",
        "MNTN_ID" : "267102001"
      },
      "geometry" : {
        "x" : 400176.41779999994,
        "y" : 296877.01500000246
      }
    },
    {
      "attributes" : {
        "FID" : 7,
        "PMNTN_SPOT" : 47556,
        "MNTN_CODE" : "267102001",
        "MANAGE_SP1" : "01",
        "MANAGE_SP2" : "시종점",
        "DETAIL_SPO" : "시종점",
        "ETC_MATTER" : " ",
        "MNTN_NM" : "산성산",
        "PAST_SPOT_" : "2671020010008",
        "MNTN_ID" : "267102001"
      },
      "geometry" : {
        "x" : 398327.62710000016,
        "y" : 295423.29340000078
      }
    },
    {
      "attributes" : {
        "FID" : 8,
        "PMNTN_SPOT" : 47557,
        "MNTN_CODE" : "267102001",
        "MANAGE_SP1" : "01",
        "MANAGE_SP2" : "시종점",
        "DETAIL_SPO" : "시종점",
        "ETC_MATTER" : " ",
        "MNTN_NM" : "산성산",
        "PAST_SPOT_" : "2671020010009",
        "MNTN_ID" : "267102001"
      },
      "geometry" : {
        "x" : 399279.66860000044,
        "y" : 297062.52470000088
      }
    },
    {
      "attributes" : {
        "FID" : 9,
        "PMNTN_SPOT" : 47558,
        "MNTN_CODE" : "267102001",
        "MANAGE_SP1" : "02",
        "MANAGE_SP2" : "분기점",
        "DETAIL_SPO" : "분기점",
        "ETC_MATTER" : " ",
        "MNTN_NM" : "산성산",
        "PAST_SPOT_" : "2671020010010",
        "MNTN_ID" : "267102001"
      },
      "geometry" : {
        "x" : 399461.22080000024,
        "y" : 295903.04549999908
      }
    },
    {
      "attributes" : {
        "FID" : 10,
        "PMNTN_SPOT" : 47559,
        "MNTN_CODE" : "267102001",
        "MANAGE_SP1" : "02",
        "MANAGE_SP2" : "분기점",
        "DETAIL_SPO" : "분기점",
        "ETC_MATTER" : " ",
        "MNTN_NM" : "산성산",
        "PAST_SPOT_" : "2671020010011",
        "MNTN_ID" : "267102001"
      },
      "geometry" : {
        "x" : 399606.77300000004,
        "y" : 296449.253800001
      }
    },
    {
      "attributes" : {
        "FID" : 11,
        "PMNTN_SPOT" : 47560,
        "MNTN_CODE" : "267102001",
        "MANAGE_SP1" : "02",
        "MANAGE_SP2" : "분기점",
        "DETAIL_SPO" : "분기점",
        "ETC_MATTER" : " ",
        "MNTN_NM" : "산성산",
        "PAST_SPOT_" : "2671020010012",
        "MNTN_ID" : "267102001"
      },
      "geometry" : {
        "x" : 399685.65110000037,
        "y" : 296152.2041000016
      }
    },
    {
      "attributes" : {
        "FID" : 12,
        "PMNTN_SPOT" : 47561,
        "MNTN_CODE" : "267102001",
        "MANAGE_SP1" : "01",
        "MANAGE_SP2" : "시종점",
        "DETAIL_SPO" : "시종점",
        "ETC_MATTER" : " ",
        "MNTN_NM" : "산성산",
        "PAST_SPOT_" : "2671020010013",
        "MNTN_ID" : "267102001"
      },
      "geometry" : {
        "x" : 399805.5186999999,
        "y" : 297163.58940000273
      }
    },
    {
      "attributes" : {
        "FID" : 13,
        "PMNTN_SPOT" : 47562,
        "MNTN_CODE" : "267102001",
        "MANAGE_SP1" : "01",
        "MANAGE_SP2" : "시종점",
        "DETAIL_SPO" : "시종점",
        "ETC_MATTER" : " ",
        "MNTN_NM" : "산성산",
        "PAST_SPOT_" : "2671020010014",
        "MNTN_ID" : "267102001"
      },
      "geometry" : {
        "x" : 399914.62980000023,
        "y" : 297067.36809999868
      }
    },
    {
      "attributes" : {
        "FID" : 14,
        "PMNTN_SPOT" : 47563,
        "MNTN_CODE" : "267102001",
        "MANAGE_SP1" : "02",
        "MANAGE_SP2" : "분기점",
        "DETAIL_SPO" : "분기점",
        "ETC_MATTER" : " ",
        "MNTN_NM" : "산성산",
        "PAST_SPOT_" : "2671020010015",
        "MNTN_ID" : "267102001"
      },
      "geometry" : {
        "x" : 399932.14769999962,
        "y" : 297079.90240000188
      }
    },
    {
      "attributes" : {
        "FID" : 15,
        "PMNTN_SPOT" : 47564,
        "MNTN_CODE" : "267102001",
        "MANAGE_SP1" : "02",
        "MANAGE_SP2" : "분기점",
        "DETAIL_SPO" : "분기점",
        "ETC_MATTER" : " ",
        "MNTN_NM" : "산성산",
        "PAST_SPOT_" : "2671020010016",
        "MNTN_ID" : "267102001"
      },
      "geometry" : {
        "x" : 400055.72979999986,
        "y" : 295641.9793000035
      }
    },
    {
      "attributes" : {
        "FID" : 16,
        "PMNTN_SPOT" : 47565,
        "MNTN_CODE" : "267102001",
        "MANAGE_SP1" : "01",
        "MANAGE_SP2" : "시종점",
        "DETAIL_SPO" : "시종점",
        "ETC_MATTER" : " ",
        "MNTN_NM" : "산성산",
        "PAST_SPOT_" : "2671020010017",
        "MNTN_ID" : "267102001"
      },
      "geometry" : {
        "x" : 400146.75999999885,
        "y" : 296588.27549999952
      }
    },
    {
      "attributes" : {
        "FID" : 17,
        "PMNTN_SPOT" : 47566,
        "MNTN_CODE" : "267102001",
        "MANAGE_SP1" : "02",
        "MANAGE_SP2" : "분기점",
        "DETAIL_SPO" : "분기점",
        "ETC_MATTER" : " ",
        "MNTN_NM" : "산성산",
        "PAST_SPOT_" : "2671020010018",
        "MNTN_ID" : "267102001"
      },
      "geometry" : {
        "x" : 400158.44620000105,
        "y" : 296786.82110000029
      }
    },
    {
      "attributes" : {
        "FID" : 18,
        "PMNTN_SPOT" : 47567,
        "MNTN_CODE" : "267102001",
        "MANAGE_SP1" : "02",
        "MANAGE_SP2" : "분기점",
        "DETAIL_SPO" : "분기점",
        "ETC_MATTER" : " ",
        "MNTN_NM" : "산성산",
        "PAST_SPOT_" : "2671020010019",
        "MNTN_ID" : "267102001"
      },
      "geometry" : {
        "x" : 400175.14560000133,
        "y" : 296878.02920000255
      }
    },
    {
      "attributes" : {
        "FID" : 19,
        "PMNTN_SPOT" : 47568,
        "MNTN_CODE" : "267102001",
        "MANAGE_SP1" : "02",
        "MANAGE_SP2" : "분기점",
        "DETAIL_SPO" : "분기점",
        "ETC_MATTER" : " ",
        "MNTN_NM" : "산성산",
        "PAST_SPOT_" : "2671020010020",
        "MNTN_ID" : "267102001"
      },
      "geometry" : {
        "x" : 400194.40579999983,
        "y" : 296904.10799999908
      }
    },
    {
      "attributes" : {
        "FID" : 20,
        "PMNTN_SPOT" : 47569,
        "MNTN_CODE" : "267102001",
        "MANAGE_SP1" : "02",
        "MANAGE_SP2" : "분기점",
        "DETAIL_SPO" : "분기점",
        "ETC_MATTER" : " ",
        "MNTN_NM" : "산성산",
        "PAST_SPOT_" : "2671020010021",
        "MNTN_ID" : "267102001"
      },
      "geometry" : {
        "x" : 400206.74940000009,
        "y" : 296833.61880000122
      }
    },
    {
      "attributes" : {
        "FID" : 21,
        "PMNTN_SPOT" : 47570,
        "MNTN_CODE" : "267102001",
        "MANAGE_SP1" : "02",
        "MANAGE_SP2" : "분기점",
        "DETAIL_SPO" : "분기점",
        "ETC_MATTER" : " ",
        "MNTN_NM" : "산성산",
        "PAST_SPOT_" : "2671020010022",
        "MNTN_ID" : "267102001"
      },
      "geometry" : {
        "x" : 400285.67810000014,
        "y" : 296704.04010000266
      }
    },
    {
      "attributes" : {
        "FID" : 22,
        "PMNTN_SPOT" : 47571,
        "MNTN_CODE" : "267102001",
        "MANAGE_SP1" : "02",
        "MANAGE_SP2" : "분기점",
        "DETAIL_SPO" : "분기점",
        "ETC_MATTER" : " ",
        "MNTN_NM" : "산성산",
        "PAST_SPOT_" : "2671020010023",
        "MNTN_ID" : "267102001"
      },
      "geometry" : {
        "x" : 400315.78070000093,
        "y" : 296948.86840000004
      }
    },
    {
      "attributes" : {
        "FID" : 23,
        "PMNTN_SPOT" : 47572,
        "MNTN_CODE" : "267102001",
        "MANAGE_SP1" : "01",
        "MANAGE_SP2" : "시종점",
        "DETAIL_SPO" : "시종점",
        "ETC_MATTER" : " ",
        "MNTN_NM" : "산성산",
        "PAST_SPOT_" : "2671020010024",
        "MNTN_ID" : "267102001"
      },
      "geometry" : {
        "x" : 400413.14109999873,
        "y" : 296934.43520000018
      }
    },
    {
      "attributes" : {
        "FID" : 24,
        "PMNTN_SPOT" : 47573,
        "MNTN_CODE" : "267102001",
        "MANAGE_SP1" : "02",
        "MANAGE_SP2" : "분기점",
        "DETAIL_SPO" : "분기점",
        "ETC_MATTER" : " ",
        "MNTN_NM" : "산성산",
        "PAST_SPOT_" : "2671020010025",
        "MNTN_ID" : "267102001"
      },
      "geometry" : {
        "x" : 400488.47970000189,
        "y" : 296021.67650000006
      }
    },
    {
      "attributes" : {
        "FID" : 25,
        "PMNTN_SPOT" : 47574,
        "MNTN_CODE" : "267102001",
        "MANAGE_SP1" : "01",
        "MANAGE_SP2" : "시종점",
        "DETAIL_SPO" : "시종점",
        "ETC_MATTER" : " ",
        "MNTN_NM" : "산성산",
        "PAST_SPOT_" : "2671020010026",
        "MNTN_ID" : "267102001"
      },
      "geometry" : {
        "x" : 400493.69650000054,
        "y" : 296514.66100000031
      }
    },
    {
      "attributes" : {
        "FID" : 26,
        "PMNTN_SPOT" : 47575,
        "MNTN_CODE" : "267102001",
        "MANAGE_SP1" : "02",
        "MANAGE_SP2" : "분기점",
        "DETAIL_SPO" : "분기점",
        "ETC_MATTER" : " ",
        "MNTN_NM" : "산성산",
        "PAST_SPOT_" : "2671020010027",
        "MNTN_ID" : "267102001"
      },
      "geometry" : {
        "x" : 400535.02960000094,
        "y" : 296457.95130000263
      }
    },
    {
      "attributes" : {
        "FID" : 27,
        "PMNTN_SPOT" : 47576,
        "MNTN_CODE" : "267102001",
        "MANAGE_SP1" : "01",
        "MANAGE_SP2" : "시종점",
        "DETAIL_SPO" : "시종점",
        "ETC_MATTER" : " ",
        "MNTN_NM" : "산성산",
        "PAST_SPOT_" : "2671020010028",
        "MNTN_ID" : "267102001"
      },
      "geometry" : {
        "x" : 400539.85110000055,
        "y" : 296497.29690000415
      }
    },
    {
      "attributes" : {
        "FID" : 28,
        "PMNTN_SPOT" : 47577,
        "MNTN_CODE" : "267102001",
        "MANAGE_SP1" : "02",
        "MANAGE_SP2" : "분기점",
        "DETAIL_SPO" : "분기점",
        "ETC_MATTER" : " ",
        "MNTN_NM" : "산성산",
        "PAST_SPOT_" : "2671020010029",
        "MNTN_ID" : "267102001"
      },
      "geometry" : {
        "x" : 400548.26750000007,
        "y" : 296471.36119999923
      }
    },
    {
      "attributes" : {
        "FID" : 29,
        "PMNTN_SPOT" : 47578,
        "MNTN_CODE" : "267102001",
        "MANAGE_SP1" : "01",
        "MANAGE_SP2" : "시종점",
        "DETAIL_SPO" : "시종점",
        "ETC_MATTER" : " ",
        "MNTN_NM" : "산성산",
        "PAST_SPOT_" : "2671020010030",
        "MNTN_ID" : "267102001"
      },
      "geometry" : {
        "x" : 400574.1696000006,
        "y" : 296504.57210000046
      }
    },
    {
      "attributes" : {
        "FID" : 30,
        "PMNTN_SPOT" : 47579,
        "MNTN_CODE" : "267102001",
        "MANAGE_SP1" : "02",
        "MANAGE_SP2" : "분기점",
        "DETAIL_SPO" : "분기점",
        "ETC_MATTER" : " ",
        "MNTN_NM" : "산성산",
        "PAST_SPOT_" : "2671020010031",
        "MNTN_ID" : "267102001"
      },
      "geometry" : {
        "x" : 400587.1269000005,
        "y" : 296094.8759000022
      }
    },
    {
      "attributes" : {
        "FID" : 31,
        "PMNTN_SPOT" : 47580,
        "MNTN_CODE" : "267102001",
        "MANAGE_SP1" : "01",
        "MANAGE_SP2" : "시종점",
        "DETAIL_SPO" : "시종점",
        "ETC_MATTER" : " ",
        "MNTN_NM" : "산성산",
        "PAST_SPOT_" : "2671020010032",
        "MNTN_ID" : "267102001"
      },
      "geometry" : {
        "x" : 400595.95959999971,
        "y" : 295299.59450000152
      }
    },
    {
      "attributes" : {
        "FID" : 32,
        "PMNTN_SPOT" : 47581,
        "MNTN_CODE" : "267102001",
        "MANAGE_SP1" : "02",
        "MANAGE_SP2" : "분기점",
        "DETAIL_SPO" : "분기점",
        "ETC_MATTER" : " ",
        "MNTN_NM" : "산성산",
        "PAST_SPOT_" : "2671020010033",
        "MNTN_ID" : "267102001"
      },
      "geometry" : {
        "x" : 400613.59530000109,
        "y" : 296094.66980000213
      }
    },
    {
      "attributes" : {
        "FID" : 33,
        "PMNTN_SPOT" : 47582,
        "MNTN_CODE" : "267102001",
        "MANAGE_SP1" : "02",
        "MANAGE_SP2" : "분기점",
        "DETAIL_SPO" : "분기점",
        "ETC_MATTER" : " ",
        "MNTN_NM" : "산성산",
        "PAST_SPOT_" : "2671020010034",
        "MNTN_ID" : "267102001"
      },
      "geometry" : {
        "x" : 400661.7762000002,
        "y" : 296370.46150000207
      }
    },
    {
      "attributes" : {
        "FID" : 34,
        "PMNTN_SPOT" : 47583,
        "MNTN_CODE" : "267102001",
        "MANAGE_SP1" : "02",
        "MANAGE_SP2" : "분기점",
        "DETAIL_SPO" : "분기점",
        "ETC_MATTER" : " ",
        "MNTN_NM" : "산성산",
        "PAST_SPOT_" : "2671020010035",
        "MNTN_ID" : "267102001"
      },
      "geometry" : {
        "x" : 400696.01290000044,
        "y" : 295645.99380000122
      }
    },
    {
      "attributes" : {
        "FID" : 35,
        "PMNTN_SPOT" : 47584,
        "MNTN_CODE" : "267102001",
        "MANAGE_SP1" : "02",
        "MANAGE_SP2" : "분기점",
        "DETAIL_SPO" : "분기점",
        "ETC_MATTER" : " ",
        "MNTN_NM" : "산성산",
        "PAST_SPOT_" : "2671020010036",
        "MNTN_ID" : "267102001"
      },
      "geometry" : {
        "x" : 400808.33490000013,
        "y" : 295868.31660000235
      }
    },
    {
      "attributes" : {
        "FID" : 36,
        "PMNTN_SPOT" : 47585,
        "MNTN_CODE" : "267102001",
        "MANAGE_SP1" : "02",
        "MANAGE_SP2" : "분기점",
        "DETAIL_SPO" : "분기점",
        "ETC_MATTER" : " ",
        "MNTN_NM" : "산성산",
        "PAST_SPOT_" : "2671020010037",
        "MNTN_ID" : "267102001"
      },
      "geometry" : {
        "x" : 400869.16560000088,
        "y" : 296555.26780000143
      }
    },
    {
      "attributes" : {
        "FID" : 37,
        "PMNTN_SPOT" : 47586,
        "MNTN_CODE" : "267102001",
        "MANAGE_SP1" : "01",
        "MANAGE_SP2" : "시종점",
        "DETAIL_SPO" : "시종점",
        "ETC_MATTER" : " ",
        "MNTN_NM" : "산성산",
        "PAST_SPOT_" : "2671020010038",
        "MNTN_ID" : "267102001"
      },
      "geometry" : {
        "x" : 400877.88760000095,
        "y" : 296223.32120000198
      }
    },
    {
      "attributes" : {
        "FID" : 38,
        "PMNTN_SPOT" : 47587,
        "MNTN_CODE" : "267102001",
        "MANAGE_SP1" : "01",
        "MANAGE_SP2" : "시종점",
        "DETAIL_SPO" : "시종점",
        "ETC_MATTER" : " ",
        "MNTN_NM" : "산성산",
        "PAST_SPOT_" : "2671020010039",
        "MNTN_ID" : "267102001"
      },
      "geometry" : {
        "x" : 400940.04050000198,
        "y" : 296039.20600000024
      }
    },
    {
      "attributes" : {
        "FID" : 39,
        "PMNTN_SPOT" : 47588,
        "MNTN_CODE" : "267102001",
        "MANAGE_SP1" : "01",
        "MANAGE_SP2" : "시종점",
        "DETAIL_SPO" : "시종점",
        "ETC_MATTER" : " ",
        "MNTN_NM" : "산성산",
        "PAST_SPOT_" : "2671020010040",
        "MNTN_ID" : "267102001"
      },
      "geometry" : {
        "x" : 400949.37680000067,
        "y" : 296498.82280000299
      }
    },
    {
      "attributes" : {
        "FID" : 40,
        "PMNTN_SPOT" : 47589,
        "MNTN_CODE" : "267102001",
        "MANAGE_SP1" : "02",
        "MANAGE_SP2" : "분기점",
        "DETAIL_SPO" : "분기점",
        "ETC_MATTER" : " ",
        "MNTN_NM" : "산성산",
        "PAST_SPOT_" : "2671020010041",
        "MNTN_ID" : "267102001"
      },
      "geometry" : {
        "x" : 400956.55300000124,
        "y" : 295823.30990000069
      }
    },
    {
      "attributes" : {
        "FID" : 41,
        "PMNTN_SPOT" : 47590,
        "MNTN_CODE" : "267102001",
        "MANAGE_SP1" : "01",
        "MANAGE_SP2" : "시종점",
        "DETAIL_SPO" : "시종점",
        "ETC_MATTER" : " ",
        "MNTN_NM" : "산성산",
        "PAST_SPOT_" : "2671020010042",
        "MNTN_ID" : "267102001"
      },
      "geometry" : {
        "x" : 400985.92270000093,
        "y" : 295961.20079999976
      }
    },
    {
      "attributes" : {
        "FID" : 42,
        "PMNTN_SPOT" : 47591,
        "MNTN_CODE" : "267102001",
        "MANAGE_SP1" : "01",
        "MANAGE_SP2" : "시종점",
        "DETAIL_SPO" : "시종점",
        "ETC_MATTER" : " ",
        "MNTN_NM" : "산성산",
        "PAST_SPOT_" : "2671020010043",
        "MNTN_ID" : "267102001"
      },
      "geometry" : {
        "x" : 400997.53640000056,
        "y" : 295968.34640000015
      }
    },
    {
      "attributes" : {
        "FID" : 43,
        "PMNTN_SPOT" : 97470,
        "MNTN_CODE" : "267102001",
        "MANAGE_SP1" : "99",
        "MANAGE_SP2" : "기타",
        "DETAIL_SPO" : "길없음",
        "ETC_MATTER" : " ",
        "MNTN_NM" : "산성산",
        "PAST_SPOT_" : "2671020010044",
        "MNTN_ID" : "267102001"
      },
      "geometry" : {
        "x" : 400566.98229999864,
        "y" : 296498.40179999918
      }
    },
    {
      "attributes" : {
        "FID" : 44,
        "PMNTN_SPOT" : 97471,
        "MNTN_CODE" : "267102001",
        "MANAGE_SP1" : "99",
        "MANAGE_SP2" : "기타",
        "DETAIL_SPO" : "길없음",
        "ETC_MATTER" : " ",
        "MNTN_NM" : "산성산",
        "PAST_SPOT_" : "2671020010045",
        "MNTN_ID" : "267102001"
      },
      "geometry" : {
        "x" : 400531.66489999875,
        "y" : 296457.83359999949
      }
    },
    {
      "attributes" : {
        "FID" : 45,
        "PMNTN_SPOT" : 97472,
        "MNTN_CODE" : "267102001",
        "MANAGE_SP1" : "09",
        "MANAGE_SP2" : "기타건물",
        "DETAIL_SPO" : "기타건물",
        "ETC_MATTER" : " ",
        "MNTN_NM" : "산성산",
        "PAST_SPOT_" : "2671020010046",
        "MNTN_ID" : "267102001"
      },
      "geometry" : {
        "x" : 401002.35240000114,
        "y" : 295963.20840000006
      }
    },
    {
      "attributes" : {
        "FID" : 46,
        "PMNTN_SPOT" : 97473,
        "MNTN_CODE" : "267102001",
        "MANAGE_SP1" : "23",
        "MANAGE_SP2" : "정상",
        "DETAIL_SPO" : "정상",
        "ETC_MATTER" : " ",
        "MNTN_NM" : "산성산",
        "PAST_SPOT_" : "2671020010047",
        "MNTN_ID" : "267102001"
      },
      "geometry" : {
        "x" : 399612.40340000088,
        "y" : 296437.56599999935
      }
    },
    {
      "attributes" : {
        "FID" : 47,
        "PMNTN_SPOT" : 97474,
        "MNTN_CODE" : "267102001",
        "MANAGE_SP1" : "06",
        "MANAGE_SP2" : "음수대",
        "DETAIL_SPO" : "음수대",
        "ETC_MATTER" : " ",
        "MNTN_NM" : "산성산",
        "PAST_SPOT_" : "2671020010048",
        "MNTN_ID" : "267102001"
      },
      "geometry" : {
        "x" : 400851.50269999995,
        "y" : 296572.97570000018
      }
    },
    {
      "attributes" : {
        "FID" : 48,
        "PMNTN_SPOT" : 97475,
        "MNTN_CODE" : "267102001",
        "MANAGE_SP1" : "99",
        "MANAGE_SP2" : "기타",
        "DETAIL_SPO" : "길없음",
        "ETC_MATTER" : " ",
        "MNTN_NM" : "산성산",
        "PAST_SPOT_" : "2671020010049",
        "MNTN_ID" : "267102001"
      },
      "geometry" : {
        "x" : 400559.1062000008,
        "y" : 295383.26029999921
      }
    },
    {
      "attributes" : {
        "FID" : 49,
        "PMNTN_SPOT" : 97476,
        "MNTN_CODE" : "267102001",
        "MANAGE_SP1" : "99",
        "MANAGE_SP2" : "기타",
        "DETAIL_SPO" : "길없음",
        "ETC_MATTER" : " ",
        "MNTN_NM" : "산성산",
        "PAST_SPOT_" : "2671020010050",
        "MNTN_ID" : "267102001"
      },
      "geometry" : {
        "x" : 400191.19659999729,
        "y" : 296671.08019999979
      }
    },
    {
      "attributes" : {
        "FID" : 50,
        "PMNTN_SPOT" : 97477,
        "MNTN_CODE" : "267102001",
        "MANAGE_SP1" : "09",
        "MANAGE_SP2" : "기타건물",
        "DETAIL_SPO" : "사당",
        "ETC_MATTER" : " ",
        "MNTN_NM" : "산성산",
        "PAST_SPOT_" : "2671020010051",
        "MNTN_ID" : "267102001"
      },
      "geometry" : {
        "x" : 400189.27390000102,
        "y" : 296904.90210000065
      }
    }
  ]
}