{
  "displayFieldName" : "",
  "fieldAliases" : {
    "FID" : "FID",
    "PMNTN_SN" : "PMNTN_SN",
    "MNTN_CODE" : "MNTN_CODE",
    "MNTN_NM" : "MNTN_NM",
    "PMNTN_NM" : "PMNTN_NM",
    "PMNTN_MAIN" : "PMNTN_MAIN",
    "PMNTN_LT" : "PMNTN_LT",
    "PMNTN_DFFL" : "PMNTN_DFFL",
    "PMNTN_UPPL" : "PMNTN_UPPL",
    "PMNTN_GODN" : "PMNTN_GODN",
    "PMNTN_MTRQ" : "PMNTN_MTRQ",
    "PMNTN_CNRL" : "PMNTN_CNRL",
    "PMNTN_CLS_" : "PMNTN_CLS_",
    "PMNTN_RISK" : "PMNTN_RISK",
    "PMNTN_RECO" : "PMNTN_RECO",
    "DATA_STDR_" : "DATA_STDR_",
    "MNTN_ID" : "MNTN_ID"
  },
  "geometryType" : "esriGeometryPolyline",
  "spatialReference" : {
    "wkt" : "PROJCS[\"PCS_ITRF2000_TM\",GEOGCS[\"GCS_ITRF_2000\",DATUM[\"D_ITRF_2000\",SPHEROID[\"GRS_1980\",6378137.0,298.257222101]],PRIMEM[\"Greenwich\",0.0],UNIT[\"Degree\",0.0174532925199433]],PROJECTION[\"Transverse_Mercator\"],PARAMETER[\"False_Easting\",200000.0],PARAMETER[\"False_Northing\",600000.0],PARAMETER[\"Central_Meridian\",127.0],PARAMETER[\"Scale_Factor\",1.0],PARAMETER[\"Latitude_Of_Origin\",38.0],UNIT[\"Meter\",1.0]]"
  },
  "fields" : [
    {
      "name" : "FID",
      "type" : "esriFieldTypeOID",
      "alias" : "FID"
    },
    {
      "name" : "PMNTN_SN",
      "type" : "esriFieldTypeDouble",
      "alias" : "PMNTN_SN"
    },
    {
      "name" : "MNTN_CODE",
      "type" : "esriFieldTypeString",
      "alias" : "MNTN_CODE",
      "length" : 9
    },
    {
      "name" : "MNTN_NM",
      "type" : "esriFieldTypeString",
      "alias" : "MNTN_NM",
      "length" : 50
    },
    {
      "name" : "PMNTN_NM",
      "type" : "esriFieldTypeString",
      "alias" : "PMNTN_NM",
      "length" : 50
    },
    {
      "name" : "PMNTN_MAIN",
      "type" : "esriFieldTypeString",
      "alias" : "PMNTN_MAIN",
      "length" : 200
    },
    {
      "name" : "PMNTN_LT",
      "type" : "esriFieldTypeSingle",
      "alias" : "PMNTN_LT"
    },
    {
      "name" : "PMNTN_DFFL",
      "type" : "esriFieldTypeString",
      "alias" : "PMNTN_DFFL",
      "length" : 8
    },
    {
      "name" : "PMNTN_UPPL",
      "type" : "esriFieldTypeDouble",
      "alias" : "PMNTN_UPPL"
    },
    {
      "name" : "PMNTN_GODN",
      "type" : "esriFieldTypeDouble",
      "alias" : "PMNTN_GODN"
    },
    {
      "name" : "PMNTN_MTRQ",
      "type" : "esriFieldTypeString",
      "alias" : "PMNTN_MTRQ",
      "length" : 200
    },
    {
      "name" : "PMNTN_CNRL",
      "type" : "esriFieldTypeString",
      "alias" : "PMNTN_CNRL",
      "length" : 1
    },
    {
      "name" : "PMNTN_CLS_",
      "type" : "esriFieldTypeString",
      "alias" : "PMNTN_CLS_",
      "length" : 1
    },
    {
      "name" : "PMNTN_RISK",
      "type" : "esriFieldTypeString",
      "alias" : "PMNTN_RISK",
      "length" : 200
    },
    {
      "name" : "PMNTN_RECO",
      "type" : "esriFieldTypeString",
      "alias" : "PMNTN_RECO",
      "length" : 1
    },
    {
      "name" : "DATA_STDR_",
      "type" : "esriFieldTypeString",
      "alias" : "DATA_STDR_",
      "length" : 10
    },
    {
      "name" : "MNTN_ID",
      "type" : "esriFieldTypeString",
      "alias" : "MNTN_ID",
      "length" : 10
    }
  ],
  "features" : [
    {
      "attributes" : {
        "FID" : 0,
        "PMNTN_SN" : 28827,
        "MNTN_CODE" : "468001801",
        "MNTN_NM" : "사자산",
        "PMNTN_NM" : "대산리구간",
        "PMNTN_MAIN" : " ",
        "PMNTN_LT" : 2.7,
        "PMNTN_DFFL" : "쉬움",
        "PMNTN_UPPL" : 48,
        "PMNTN_GODN" : 33,
        "PMNTN_MTRQ" : " ",
        "PMNTN_CNRL" : " ",
        "PMNTN_CLS_" : " ",
        "PMNTN_RISK" : " ",
        "PMNTN_RECO" : " ",
        "DATA_STDR_" : "2016-12-31",
        "MNTN_ID" : "468001801"
      },
      "geometry" : {
        "paths" : [
          [
            [
              198118.72217737325,
              232108.13567589037
            ],
            [
              198092.8073406918,
              232103.24264882691
            ],
            [
              198070.53491176572,
              232111.07259304821
            ],
            [
              198032.34759735595,
              232125.70531255566
            ],
            [
              198006.31183562893,
              232145.16270780191
            ],
            [
              197971.85368220881,
              232155.04961403273
            ],
            [
              197921.98634264432,
              232176.5061349906
            ],
            [
              197886.93837055191,
              232198.56561969407
            ],
            [
              197844.99824375194,
              232222.70835439302
            ],
            [
              197831.22707740963,
              232224.22807328776
            ],
            [
              197809.99233636353,
              232236.29812509194
            ],
            [
              197789.31061290391,
              232243.6065933425
            ],
            [
              197768.64466345869,
              232247.73892005719
            ],
            [
              197756.46682669688,
              232248.20781149901
            ],
            [
              197744.78154188022,
              232256.09032778628
            ],
            [
              197730.46261762828,
              232261.31291494332
            ],
            [
              197704.48206963576,
              232269.653806163
            ],
            [
              197671.12207435444,
              232271.60560991801
            ],
            [
              197656.28168124147,
              232275.23749703728
            ],
            [
              197628.76301497873,
              232273.51272142306
            ],
            [
              197624.53078967892,
              232272.96233307384
            ],
            [
              197602.82716197614,
              232272.85454628244
            ],
            [
              197578.96404461935,
              232281.20595175028
            ],
            [
              197566.77306568436,
              232284.3216263447
            ],
            [
              197556.18593084347,
              232284.26904729009
            ],
            [
              197547.71622306295,
              232284.22698404081
            ],
            [
              197535.52787350118,
              232286.81330175884
            ],
            [
              197512.70506851934,
              232298.87546111457
            ],
            [
              197496.81122246385,
              232301.44337578118
            ],
            [
              197481.98397696763,
              232302.42847819999
            ],
            [
              197474.57035431545,
              232302.92102940008
            ],
            [
              197467.69134633057,
              232302.3574961815
            ],
            [
              197456.05338620674,
              232300.71158894338
            ],
            [
              197448.1261808658,
              232298.02537112869
            ],
            [
              197441.79756143969,
              232293.22961356305
            ],
            [
              197439.68539267126,
              232292.16038439237
            ],
            [
              197429.63024497032,
              232291.58107753471
            ],
            [
              197419.56721051224,
              232292.58984065615
            ],
            [
              197412.65928440075,
              232297.84923073463
            ],
            [
              197410.54185779393,
              232297.83871489204
            ],
            [
              197403.63918964565,
              232302.03939157911
            ],
            [
              197393.56563960947,
              232305.1655811239
            ],
            [
              197387.20284406655,
              232307.25146008655
            ],
            [
              197381.3799210703,
              232307.22254145332
            ],
            [
              197358.60181227978,
              232310.28563561291
            ],
            [
              197335.83421994094,
              232311.23130318336
            ],
            [
              197315.7186690988,
              232311.13140236214
            ],
            [
              197300.8966845572,
              232311.05779122747
            ],
            [
              197282.33765658177,
              232317.31805621833
            ],
            [
              197260.5972316172,
              232324.62126021087
            ],
            [
              197237.30028523225,
              232325.56429831497
            ],
            [
              197210.78513656557,
              232334.96126701869
            ],
            [
              197184.28313353285,
              232341.71145257354
            ],
            [
              197167.322693252,
              232345.86217703298
            ],
            [
              197148.78732875083,
              232347.35823187791
            ],
            [
              197141.38685380854,
              232345.20400003903
            ],
            [
              197131.86369499937,
              232344.0979652591
            ],
            [
              197122.34579426702,
              232341.93321754597
            ],
            [
              197117.59473089781,
              232339.26277427562
            ],
            [
              197102.25916711707,
              232336.01039488055
            ],
            [
              197085.32501827925,
              232334.86755448021
            ],
            [
              197067.27957716025,
              232344.30658508837
            ],
            [
              197056.1630918514,
              232344.25137631968
            ],
            [
              197048.75210172124,
              232344.2145704776
            ],
            [
              197040.84067408182,
              232338.35221490823
            ],
            [
              197021.73914997838,
              232347.25663056597
            ],
            [
              197006.88825144153,
              232353.00593934581
            ],
            [
              196984.16536095552,
              232344.95254664682
            ],
            [
              196966.65453615878,
              232353.33549218252
            ],
            [
              196956.04111853242,
              232358.57647609897
            ],
            [
              196940.20512017887,
              232349.49854787625
            ],
            [
              196924.34283213317,
              232345.71418358944
            ],
            [
              196889.94781426713,
              232342.8965175543
            ],
            [
              196851.79998168536,
              232349.58886254765
            ],
            [
              196820.56795948371,
              232349.4337520171
            ],
            [
              196772.40705352463,
              232347.07708866708
            ],
            [
              196752.82612972148,
              232345.9211034961
            ],
            [
              196733.20577146485,
              232352.70546208136
            ],
            [
              196715.75541843567,
              232348.91321162321
            ],
            [
              196696.73277098779,
              232341.93693699315
            ],
            [
              196682.47170084994,
              232335.51367972977
            ],
            [
              196664.52091131918,
              232325.89588258043
            ],
            [
              196647.61831855401,
              232318.40076853894
            ],
            [
              196619.58347239532,
              232314.02658351511
            ],
            [
              196561.93885906599,
              232302.62354665622
            ],
            [
              196520.15915905219,
              232294.47551670112
            ],
            [
              196488.45300051104,
              232283.20130103454
            ],
            [
              196459.92035051621,
              232272.47221592814
            ],
            [
              196427.65854838956,
              232266.48893350922
            ],
            [
              196414.94611610658,
              232268.01390706375
            ],
            [
              196406.45538768172,
              232272.20669237711
            ],
            [
              196379.94552231859,
              232280.54494165815
            ],
            [
              196365.60295933392,
              232290.53172449395
            ],
            [
              196348.59784257598,
              232303.68149833754
            ],
            [
              196342.71971819457,
              232314.76905594766
            ],
            [
              196328.97341287602,
              232322.61922625452
            ],
            [
              196314.0319636967,
              232335.27197522298
            ],
            [
              196311.07000000309,
              232332.96600000001
            ],
            [
              196308.66880000103,
              232333.77790000103
            ],
            [
              196307.40720000211,
              232335.78370000236
            ],
            [
              196305.45060000103,
              232336.99080000073
            ],
            [
              196305.23440000322,
              232337.38990000449
            ],
            [
              196305.14370000176,
              232338.25109999999
            ],
            [
              196305.33690000232,
              232338.47050000355
            ],
            [
              196305.27760000154,
              232341.09080000222
            ],
            [
              196306.23570000101,
              232348.20550000109
            ],
            [
              196306.35680000111,
              232351.94870000146
            ],
            [
              196306.12400000356,
              232355.40090000071
            ],
            [
              196305.01400000043,
              232358.13770000078
            ],
            [
              196304.05800000019,
              232360.51230000332
            ],
            [
              196304.56380000338,
              232364.56350000016
            ],
            [
              196303.56039999984,
              232373.0932
            ],
            [
              196302.61690000258,
              232375.31690000184
            ],
            [
              196300.32139999978,
              232377.1724999994
            ],
            [
              196298.7734000003,
              232378.40290000103
            ],
            [
              196296.88580000121,
              232378.62270000018
            ],
            [
              196292.22570000123,
              232378.27020000108
            ],
            [
              196289.62770000193,
              232375.93430000171
            ],
            [
              196285.02710000053,
              232375.40900000185
            ],
            [
              196282.8721000012,
              232377.37600000203
            ],
            [
              196278.88329999987,
              232382.79610000178
            ],
            [
              196278.69510000106,
              232383.53510000184
            ],
            [
              196277.19000000134,
              232385.722000001
            ],
            [
              196278.28770000301,
              232390.34480000101
            ],
            [
              196277.69240000006,
              232391.50520000048
            ],
            [
              196277.38100000005,
              232392.94529999979
            ],
            [
              196272.4923000019,
              232394.70880000107
            ],
            [
              196268.85690000188,
              232400.8805999998
            ],
            [
              196267.80300000031,
              232402.64320000261
            ],
            [
              196264.84220000077,
              232404.3917000033
            ],
            [
              196260.86110000033,
              232412.73110000044
            ],
            [
              196260.96150000021,
              232413.52100000158
            ],
            [
              196255.34400000237,
              232419.783400001
            ],
            [
              196241.50930000003,
              232431.43560000136
            ],
            [
              196240.85759999976,
              232431.76630000211
            ],
            [
              196233.24969999958,
              232432.85260000266
            ],
            [
              196226.40799999982,
              232434.36700000241
            ],
            [
              196215.72809999995,
              232438.55360000022
            ],
            [
              196205.55009999964,
              232437.31200000271
            ],
            [
              196199.08560000267,
              232439.94400000013
            ],
            [
              196198.56730000116,
              232448.33130000345
            ],
            [
              196197.96860000398,
              232453.70720000006
            ],
            [
              196198.36290000193,
              232456.70470000245
            ],
            [
              196198.26130000222,
              232462.26610000059
            ],
            [
              196198.94450000022,
              232466.16190000437
            ],
            [
              196199.21500000078,
              232468.80020000041
            ],
            [
              196197.89349999931,
              232471.08460000157
            ],
            [
              196196.27940000035,
              232472.3647000026
            ],
            [
              196194.79810000118,
              232480.93090000004
            ],
            [
              196193.66640000138,
              232489.87500000186
            ],
            [
              196193.87310000043,
              232492.78989999928
            ],
            [
              196193.70390000194,
              232496.97089999914
            ],
            [
              196193.68060000055,
              232506.8320000004
            ],
            [
              196192.74330000021,
              232508.70290000178
            ],
            [
              196191.61600000039,
              232511.87150000036
            ],
            [
              196189.64690000098,
              232518.02309999987
            ],
            [
              196189.94359999988,
              232521.10759999976
            ],
            [
              196189.05510000046,
              232523.96209999919
            ],
            [
              196190.20410000067,
              232528.15220000036
            ],
            [
              196190.3236999996,
              232532.36110000126
            ],
            [
              196189.01519999932,
              232535.91479999945
            ],
            [
              196189.91069999989,
              232539.36160000227
            ],
            [
              196192.71810000017,
              232546.26139999926
            ],
            [
              196192.16889999993,
              232550.86590000242
            ],
            [
              196191.62890000362,
              232555.04369999841
            ],
            [
              196189.64190000109,
              232555.42620000243
            ],
            [
              196188.43750000093,
              232557.36120000295
            ],
            [
              196188.94650000334,
              232559.7723999992
            ],
            [
              196188.17570000049,
              232561.76480000094
            ],
            [
              196189.25000000093,
              232564.30670000054
            ],
            [
              196193.25470000226,
              232565.82950000092
            ],
            [
              196198.63129999954,
              232569.37040000223
            ],
            [
              196199.16320000403,
              232573.7145000007
            ],
            [
              196200.00170000177,
              232576.2416999992
            ],
            [
              196203.8068000013,
              232580.54619999975
            ],
            [
              196205.8135000011,
              232583.09100000001
            ],
            [
              196208.37520000059,
              232584.60220000148
            ],
            [
              196213.89780000132,
              232589.04610000178
            ],
            [
              196215.00120000076,
              232589.97910000011
            ],
            [
              196218.6632000003,
              232591.17899999954
            ],
            [
              196221.56420000084,
              232593.47780000046
            ],
            [
              196223.20240000356,
              232594.8161999993
            ],
            [
              196224.74750000238,
              232597.125
            ],
            [
              196226.03750000056,
              232599.32479999959
            ],
            [
              196227.19170000125,
              232601.86329999939
            ],
            [
              196226.40640000161,
              232613.29730000161
            ],
            [
              196225.50639999937,
              232615.99490000121
            ],
            [
              196223.40980000049,
              232616.5829000026
            ],
            [
              196223.08460000157,
              232618.25680000149
            ],
            [
              196223.44460000005,
              232619.76909999922
            ],
            [
              196225.27190000005,
              232620.28860000148
            ],
            [
              196226.90060000122,
              232621.02830000222
            ],
            [
              196228.07050000131,
              232625.24750000425
            ],
            [
              196229.46700000204,
              232627.33970000222
            ],
            [
              196230.58180000074,
              232630.02560000122
            ],
            [
              196231.67400000151,
              232632.93330000155
            ],
            [
              196234.98650000244,
              232638.77340000309
            ],
            [
              196235.17120000068,
              232640.09520000033
            ],
            [
              196234.56840000115,
              232641.40450000204
            ],
            [
              196234.85530000087,
              232642.63670000061
            ],
            [
              196232.74880000297,
              232645.09249999933
            ],
            [
              196232.37060000282,
              232647.42290000245
            ],
            [
              196236.55010000151,
              232655.63330000266
            ],
            [
              196234.51740000118,
              232659.68740000203
            ],
            [
              196235.03560000099,
              232661.42200000025
            ],
            [
              196235.83740000241,
              232661.97619999945
            ],
            [
              196235.93119999953,
              232663.57860000245
            ],
            [
              196234.94529999979,
              232666.26590000279
            ],
            [
              196233.7311000023,
              232667.49430000223
            ],
            [
              196233.94650000241,
              232669.53570000269
            ],
            [
              196231.0307,
              232675.49030000158
            ],
            [
              196228.7339000022,
              232680.44760000147
            ],
            [
              196229.37080000062,
              232684.43820000254
            ],
            [
              196228.24720000289,
              232686.41350000165
            ],
            [
              196225.47750000004,
              232692.00140000321
            ],
            [
              196222.27929999959,
              232702.76780000329
            ],
            [
              196219.99190000165,
              232707.09500000067
            ],
            [
              196218.59829999972,
              232720.77740000375
            ],
            [
              196215.20740000159,
              232724.53539999947
            ],
            [
              196208.87250000052,
              232735.50379999913
            ],
            [
              196208.48919999972,
              232744.81000000238
            ],
            [
              196205.93370000366,
              232757.11759999953
            ],
            [
              196202.03840000089,
              232760.14840000123
            ],
            [
              196201.24189999979,
              232763.61180000007
            ],
            [
              196194.83400000166,
              232774.44620000012
            ],
            [
              196194.34670000058,
              232777.15000000037
            ],
            [
              196184.83540000208,
              232793.85390000045
            ],
            [
              196183.58609999996,
              232799.5465000011
            ],
            [
              196178.91280000098,
              232812.16720000096
            ],
            [
              196174.08160000015,
              232827.64660000242
            ],
            [
              196174.91520000156,
              232832.66130000167
            ],
            [
              196171.77199999988,
              232838.33290000074
            ],
            [
              196160.28519999981,
              232863.77430000156
            ],
            [
              196158.68859999999,
              232868.03669999912
            ],
            [
              196156.30150000192,
              232883.00720000081
            ],
            [
              196158.88850000221,
              232931.37860000134
            ],
            [
              196159.018600001,
              232937.94710000046
            ],
            [
              196156.24789999891,
              232945.31689999998
            ],
            [
              196156.52740000095,
              232952.04179999977
            ],
            [
              196154.81900000386,
              232960.67720000073
            ],
            [
              196153.68650000077,
              232967.97330000065
            ],
            [
              196153.81919999886,
              232974.62109999917
            ],
            [
              196150.78080000263,
              232980.99760000035
            ]
          ]
        ]
      }
    },
    {
      "attributes" : {
        "FID" : 1,
        "PMNTN_SN" : 28828,
        "MNTN_CODE" : "468001801",
        "MNTN_NM" : "사자산",
        "PMNTN_NM" : "금산리구간",
        "PMNTN_MAIN" : " ",
        "PMNTN_LT" : 2.25,
        "PMNTN_DFFL" : "쉬움",
        "PMNTN_UPPL" : 56,
        "PMNTN_GODN" : 39,
        "PMNTN_MTRQ" : " ",
        "PMNTN_CNRL" : " ",
        "PMNTN_CLS_" : " ",
        "PMNTN_RISK" : " ",
        "PMNTN_RECO" : " ",
        "DATA_STDR_" : "2016-12-31",
        "MNTN_ID" : "468001801"
      },
      "geometry" : {
        "paths" : [
          [
            [
              196099.98909999989,
              233550.34180000238
            ],
            [
              196101.31909999996,
              233551.97699999996
            ],
            [
              196105.29010000359,
              233555.34360000119
            ],
            [
              196109.48070000205,
              233559.40249999985
            ],
            [
              196113.93609999958,
              233563.46719999984
            ],
            [
              196118.103500003,
              233567.94280000217
            ],
            [
              196122.21140000038,
              233572.22519999929
            ],
            [
              196126.26690000203,
              233576.67950000241
            ],
            [
              196129.96360000037,
              233581.09659999982
            ],
            [
              196133.4943000013,
              233585.57709999941
            ],
            [
              196136.864500002,
              233590.23100000061
            ],
            [
              196140.15820000414,
              233595.08960000053
            ],
            [
              196143.40960000083,
              233600.0139000006
            ],
            [
              196146.40920000151,
              233604.92450000159
            ],
            [
              196149.38480000105,
              233609.84710000083
            ],
            [
              196152.15680000279,
              233615.02080000006
            ],
            [
              196155.19419999979,
              233619.65660000034
            ],
            [
              196159.2955000028,
              233623.85119999945
            ],
            [
              196164.46959999949,
              233625.68850000389
            ],
            [
              196169.80190000311,
              233626.4849000033
            ],
            [
              196175.44319999963,
              233626.89860000089
            ],
            [
              196181.39310000092,
              233627.05739999935
            ],
            [
              196187.25160000101,
              233627.39580000006
            ],
            [
              196193.29640000127,
              233627.87570000254
            ],
            [
              196199.29980000015,
              233628.19849999994
            ],
            [
              196205.22790000215,
              233628.6550999973
            ],
            [
              196211.15320000146,
              233629.01170000248
            ],
            [
              196217.06370000355,
              233629.01440000162
            ],
            [
              196222.86500000022,
              233629.70540000126
            ],
            [
              196228.71039999928,
              233630.68540000357
            ],
            [
              196234.26550000068,
              233631.81030000187
            ],
            [
              196240.21150000114,
              233631.97210000083
            ],
            [
              196245.80810000375,
              233630.42280000262
            ],
            [
              196250.88310000021,
              233627.87739999965
            ],
            [
              196256.04569999967,
              233625.14040000178
            ],
            [
              196261.06300000288,
              233622.53090000153
            ],
            [
              196265.61480000149,
              233619.87390000187
            ],
            [
              196269.8414000012,
              233617.9365000017
            ],
            [
              196270.89919999987,
              233617.80790000036
            ],
            [
              196270.87430000398,
              233617.75989999808
            ],
            [
              196273.90309999976,
              233615.68970000185
            ],
            [
              196273.99689999968,
              233615.73399999924
            ],
            [
              196277.20050000399,
              233614.6138000004
            ],
            [
              196280.59640000015,
              233613.08650000207
            ],
            [
              196283.85950000118,
              233611.81360000186
            ],
            [
              196286.66370000038,
              233610.90810000338
            ],
            [
              196290.53380000126,
              233609.8200000003
            ],
            [
              196294.41030000057,
              233608.63199999928
            ],
            [
              196297.81240000017,
              233607.93820000254
            ],
            [
              196301.8759000022,
              233607.36449999921
            ],
            [
              196306.78720000293,
              233606.33670000173
            ],
            [
              196311.52449999936,
              233605.34329999983
            ],
            [
              196316.27900000289,
              233603.97220000438
            ],
            [
              196320.91400000174,
              233601.86220000125
            ],
            [
              196325.67910000216,
              233599.35580000095
            ],
            [
              196330.01950000133,
              233596.50830000266
            ],
            [
              196334.42640000023,
              233593.52700000256
            ],
            [
              196338.74309999961,
              233589.64599999785
            ],
            [
              196343.05590000097,
              233585.76400000229
            ],
            [
              196347.60710000247,
              233581.68690000102
            ],
            [
              196351.71180000063,
              233578.47479999997
            ],
            [
              196356.68610000052,
              233575.56140000187
            ],
            [
              196362.4271000009,
              233572.91920000315
            ],
            [
              196367.70430000126,
              233570.60230000131
            ],
            [
              196372.0503000021,
              233570.4301999975
            ],
            [
              196376.83640000038,
              233570.44840000197
            ],
            [
              196381.19740000088,
              233571.52160000056
            ],
            [
              196387.20370000042,
              233572.81780000404
            ],
            [
              196393.04960000142,
              233574.26750000194
            ],
            [
              196398.64980000071,
              233575.04580000229
            ],
            [
              196402.49260000046,
              233575.95050000586
            ],
            [
              196407.8507000003,
              233576.81100000441
            ],
            [
              196413.37019999977,
              233578.44449999928
            ],
            [
              196419.29239999969,
              233580.11830000021
            ],
            [
              196425.20450000186,
              233582.11790000461
            ],
            [
              196430.7863000026,
              233584.29130000062
            ],
            [
              196436.55480000004,
              233586.19550000131
            ],
            [
              196441.89900000393,
              233588.60099999979
            ],
            [
              196447.80169999972,
              233590.75049999915
            ],
            [
              196453.48420000356,
              233592.67840000242
            ],
            [
              196459.71490000002,
              233592.85099999979
            ],
            [
              196465.81460000202,
              233593.06130000204
            ],
            [
              196472.511900004,
              233593.92400000058
            ],
            [
              196478.93640000094,
              233593.50760000013
            ],
            [
              196485.23849999998,
              233592.90700000338
            ],
            [
              196491.51150000188,
              233592.03839999996
            ],
            [
              196497.26930000354,
              233590.73450000025
            ],
            [
              196503.3442000011,
              233589.30159999989
            ],
            [
              196509.29980000295,
              233587.35669999942
            ],
            [
              196515.05270000361,
              233585.6969000008
            ],
            [
              196520.86160000227,
              233584.30820000172
            ],
            [
              196527.17179999873,
              233583.07589999959
            ],
            [
              196533.35190000385,
              233581.55040000007
            ],
            [
              196539.61040000059,
              233580.53889999911
            ],
            [
              196545.62609999999,
              233579.81440000236
            ],
            [
              196551.68210000079,
              233579.29900000431
            ],
            [
              196558.09930000082,
              233578.69070000201
            ],
            [
              196564.55170000065,
              233578.2864000015
            ],
            [
              196570.32030000165,
              233578.28570000082
            ],
            [
              196580.47260000277,
              233576.26209999993
            ],
            [
              196582.50820000097,
              233575.08830000274
            ],
            [
              196585.97109999973,
              233571.61339999922
            ],
            [
              196588.09609999973,
              233566.82090000249
            ],
            [
              196587.97180000227,
              233563.46760000102
            ],
            [
              196586.63860000111,
              233559.99139999971
            ],
            [
              196586.66760000121,
              233559.35390000232
            ],
            [
              196586.27100000251,
              233557.41380000301
            ],
            [
              196585.45990000386,
              233555.70020000078
            ],
            [
              196582.81479999982,
              233550.55990000069
            ],
            [
              196581.40420000162,
              233545.33650000207
            ],
            [
              196581.45310000144,
              233539.39320000075
            ],
            [
              196584.18400000129,
              233533.86020000279
            ],
            [
              196587.96780000161,
              233528.78920000046
            ],
            [
              196592.42410000041,
              233525.02859999985
            ],
            [
              196596.70080000255,
              233520.54880000465
            ],
            [
              196600.65420000069,
              233515.88110000081
            ],
            [
              196605.34050000086,
              233511.44359999895
            ],
            [
              196610.04999999981,
              233508.20050000213
            ],
            [
              196614.57050000131,
              233505.31960000098
            ],
            [
              196618.12729999982,
              233503.43700000271
            ],
            [
              196622.33389999997,
              233500.57900000177
            ],
            [
              196627.34800000116,
              233498.02350000106
            ],
            [
              196632.40190000087,
              233494.9234000016
            ],
            [
              196637.81610000413,
              233491.93530000374
            ],
            [
              196643.03800000157,
              233489.10160000622
            ],
            [
              196647.84090000112,
              233485.7117999997
            ],
            [
              196652.0083000036,
              233481.66650000215
            ],
            [
              196656.52150000352,
              233477.58220000193
            ],
            [
              196660.73890000023,
              233473.20920000225
            ],
            [
              196662.37760000117,
              233467.68980000168
            ],
            [
              196666.48190000374,
              233463.96409999952
            ],
            [
              196670.89759999979,
              233460.10940000042
            ],
            [
              196675.08840000257,
              233456.52380000241
            ],
            [
              196679.42050000373,
              233452.84180000052
            ],
            [
              196684.10280000139,
              233449.03590000048
            ],
            [
              196688.75030000042,
              233444.85109999962
            ],
            [
              196693.61129999999,
              233440.47520000115
            ],
            [
              196698.44850000087,
              233436.0621000044
            ],
            [
              196702.94720000122,
              233431.82789999992
            ],
            [
              196707.0987999998,
              233427.40770000033
            ],
            [
              196711.36569999997,
              233422.84800000116
            ],
            [
              196715.47970000375,
              233418.60560000315
            ],
            [
              196719.48660000041,
              233414.74860000052
            ],
            [
              196723.48929999862,
              233410.317900002
            ],
            [
              196728.05960000213,
              233405.89410000108
            ],
            [
              196732.73750000075,
              233401.58049999923
            ],
            [
              196737.42279999983,
              233397.45480000786
            ],
            [
              196742.43489999883,
              233393.65500000305
            ],
            [
              196747.14020000026,
              233389.20450000279
            ],
            [
              196751.75430000108,
              233384.82479999959
            ],
            [
              196756.27710000239,
              233380.261900004
            ],
            [
              196760.41020000074,
              233375.68270000257
            ],
            [
              196764.756500002,
              233371.00229999982
            ],
            [
              196768.95460000169,
              233366.39330000244
            ],
            [
              196772.78560000099,
              233361.24260000139
            ],
            [
              196776.56740000285,
              233355.88370000198
            ],
            [
              196780.09690000024,
              233350.9699000027
            ],
            [
              196782.73970000353,
              233346.1101000011
            ],
            [
              196785.61490000039,
              233342.06670000218
            ],
            [
              196788.10330000147,
              233337.66819999926
            ],
            [
              196791.34100000095,
              233333.38299999945
            ],
            [
              196795.63280000351,
              233329.81480000168
            ],
            [
              196800.22860000003,
              233325.85869999975
            ],
            [
              196804.91970000323,
              233322.0987999998
            ],
            [
              196809.77029999997,
              233318.16950000264
            ],
            [
              196813.89840000123,
              233314.54179999977
            ],
            [
              196818.65630000364,
              233311.15190000273
            ],
            [
              196823.22140000015,
              233307.10880000144
            ],
            [
              196827.68359999917,
              233303.04440000094
            ],
            [
              196831.71420000121,
              233298.94960000366
            ],
            [
              196834.30690000113,
              233295.10210000165
            ],
            [
              196837.2276999997,
              233290.52410000004
            ],
            [
              196839.24590000324,
              233285.04880000278
            ],
            [
              196840.44700000063,
              233278.63590000384
            ],
            [
              196845.70200000331,
              233274.46350000426
            ],
            [
              196850.72030000109,
              233271.22670000233
            ],
            [
              196854.73670000117,
              233267.49970000237
            ],
            [
              196858.95760000031,
              233263.58939999901
            ],
            [
              196863.05410000309,
              233259.503800001
            ],
            [
              196867.25150000025,
              233255.13380000368
            ],
            [
              196871.11140000168,
              233250.65169999935
            ],
            [
              196874.46700000018,
              233246.69070000201
            ],
            [
              196878.50480000302,
              233242.22220000066
            ],
            [
              196881.80920000095,
              233238.32999999821
            ],
            [
              196884.8599999994,
              233233.71540000103
            ],
            [
              196887.74789999984,
              233228.79850000143
            ],
            [
              196890.95660000108,
              233223.86960000172
            ],
            [
              196894.19270000048,
              233218.82489999942
            ],
            [
              196897.54490000103,
              233214.01940000243
            ],
            [
              196900.2330000028,
              233209.72540000081
            ],
            [
              196900.51200000104,
              233209.03170000389
            ],
            [
              196903.42750000302,
              233205.48010000214
            ],
            [
              196904.93810000177,
              233203.13130000234
            ],
            [
              196907.50620000158,
              233197.88260000199
            ],
            [
              196909.79559999984,
              233191.9822999984
            ],
            [
              196911.76850000117,
              233185.6344000008
            ],
            [
              196912.05850000121,
              233178.97729999945
            ],
            [
              196912.35670000035,
              233172.53600000031
            ],
            [
              196912.77930000052,
              233165.97229999863
            ],
            [
              196913.73309999984,
              233159.56410000287
            ],
            [
              196915.09990000166,
              233153.37110000104
            ],
            [
              196916.67640000116,
              233147.89040000178
            ],
            [
              196918.5560999997,
              233142.27969999984
            ],
            [
              196920.76970000286,
              233136.93490000255
            ],
            [
              196922.8478000015,
              233131.48170000128
            ],
            [
              196924.39860000368,
              233125.56420000084
            ],
            [
              196925.53249999881,
              233119.38850000128
            ],
            [
              196926.48419999983,
              233113.64590000175
            ],
            [
              196927.61680000182,
              233103.7172000017
            ],
            [
              196929.52350000106,
              233098.50850000232
            ],
            [
              196931.57050000038,
              233092.68240000121
            ],
            [
              196933.45360000059,
              233086.93680000119
            ],
            [
              196935.86550000217,
              233081.14690000191
            ],
            [
              196938.33320000302,
              233075.73390000127
            ],
            [
              196941.77350000106,
              233070.92170000076
            ],
            [
              196945.49859999958,
              233066.07840000093
            ],
            [
              196949.76360000204,
              233061.18380000256
            ],
            [
              196953.72210000083,
              233056.50119999982
            ],
            [
              196957.99210000131,
              233051.61759999953
            ],
            [
              196961.95170000009,
              233046.26640000008
            ],
            [
              196965.38509999868,
              233040.44570000097
            ],
            [
              196968.80800000206,
              233034.79700000212
            ],
            [
              196972.6883000005,
              233029.55040000193
            ],
            [
              196976.64510000125,
              233024.76979999989
            ],
            [
              196980.6573000038,
              233019.56260000356
            ],
            [
              196984.59060000069,
              233014.9298000019
            ],
            [
              196988.83900000062,
              233010.55390000343
            ],
            [
              196989.94469999988,
              233009.49010000192
            ],
            [
              196990.02770000231,
              233009.47430000082
            ],
            [
              196990.5736999996,
              233008.4307000041
            ],
            [
              196993.92970000021,
              233005.90289999917
            ],
            [
              196998.49770000204,
              233002.21649999917
            ],
            [
              197002.5736999996,
              232997.98599999957
            ],
            [
              197006.38510000333,
              232993.36780000106
            ],
            [
              197009.6137000015,
              232989.1026000008
            ],
            [
              197013.54630000237,
              232984.37990000099
            ],
            [
              197018.15820000041,
              232980.09610000066
            ],
            [
              197023.22170000244,
              232976.47530000098
            ],
            [
              197028.90899999905,
              232973.40620000288
            ],
            [
              197034.43569999933,
              232971.21000000462
            ],
            [
              197040.89620000031,
              232969.20570000261
            ],
            [
              197047.30130000133,
              232967.35810000263
            ],
            [
              197053.52090000082,
              232965.35500000045
            ],
            [
              197056.25257954933,
              232965.73161207698
            ],
            [
              197091.28476205934,
              232946.8483172562
            ],
            [
              197098.79566758219,
              232926.76958244853
            ],
            [
              197109.56684977282,
              232889.76721614785
            ],
            [
              197126.616687987,
              232867.61838196963
            ],
            [
              197138.24149625283,
              232871.91107852198
            ],
            [
              197144.50963624567,
              232888.88203794509
            ],
            [
              197138.01011625677,
              232918.49444956519
            ],
            [
              197133.59121033829,
              232955.52836896107
            ],
            [
              197133.49129465222,
              232975.64391544275
            ],
            [
              197130.10480543878,
              233017.9766580034
            ],
            [
              197112.96556343883,
              233058.12360951491
            ],
            [
              197116.06807852909,
              233072.96136733517
            ],
            [
              197120.26611837558,
              233080.393393429
            ],
            [
              197147.9767149277,
              233043.47516907565
            ],
            [
              197156.62521781586,
              233007.52099757455
            ],
            [
              197184.34107117541,
              232969.54405640252
            ],
            [
              197199.27874541469,
              232946.32599142566
            ],
            [
              197216.26022393815,
              232937.94042600878
            ],
            [
              197239.61501597706,
              232925.35155993514
            ],
            [
              197262.93825648539,
              232919.11497196183
            ],
            [
              197271.53416913562,
              232893.74792597443
            ],
            [
              197286.50339445937,
              232864.17757850699
            ],
            [
              197324.7537920326,
              232836.84034484252
            ],
            [
              197362.94108791091,
              232822.20766777731
            ],
            [
              197394.73403715435,
              232816.01314453781
            ],
            [
              197405.4368576752,
              232792.77403740399
            ],
            [
              197443.80294442177,
              232742.14510342106
            ],
            [
              197471.350525585,
              232738.04696969502
            ],
            [
              197480.82636147738,
              232748.68142960966
            ]
          ]
        ]
      }
    },
    {
      "attributes" : {
        "FID" : 2,
        "PMNTN_SN" : 28829,
        "MNTN_CODE" : "468001801",
        "MNTN_NM" : "사자산",
        "PMNTN_NM" : "금산리구간",
        "PMNTN_MAIN" : " ",
        "PMNTN_LT" : 0.7,
        "PMNTN_DFFL" : "쉬움",
        "PMNTN_UPPL" : 12,
        "PMNTN_GODN" : 9,
        "PMNTN_MTRQ" : " ",
        "PMNTN_CNRL" : " ",
        "PMNTN_CLS_" : " ",
        "PMNTN_RISK" : " ",
        "PMNTN_RECO" : " ",
        "DATA_STDR_" : "2016-12-31",
        "MNTN_ID" : "468001801"
      },
      "geometry" : {
        "paths" : [
          [
            [
              197480.82636147738,
              232748.68142960966
            ],
            [
              197479.09009999968,
              232753.01429999992
            ],
            [
              197475.07170000114,
              232757.68780000135
            ],
            [
              197469.3702000007,
              232761.44250000268
            ],
            [
              197464.13530000299,
              232765.52540000156
            ],
            [
              197459.60239999928,
              232770.45310000144
            ],
            [
              197455.7005000012,
              232775.86150000244
            ],
            [
              197452.67000000272,
              232781.63350000046
            ],
            [
              197450.53290000185,
              232788.05990000069
            ],
            [
              197449.49080000073,
              232794.58170000277
            ],
            [
              197449.24969999958,
              232800.98109999858
            ],
            [
              197449.89699999988,
              232807.39140000194
            ],
            [
              197452.46820000373,
              232814.09149999917
            ],
            [
              197454.83920000121,
              232820.26040000096
            ],
            [
              197457.21349999961,
              232826.34930000454
            ],
            [
              197459.68130000308,
              232831.93280000053
            ],
            [
              197462.53839999996,
              232837.97630000114
            ],
            [
              197465.73699999973,
              232843.80299999937
            ],
            [
              197469.2341999989,
              232848.77610000037
            ],
            [
              197472.83169999998,
              232854.56010000035
            ],
            [
              197474.75129999965,
              232860.61959999986
            ],
            [
              197474.04510000069,
              232866.48790000007
            ],
            [
              197469.44319999963,
              232871.11649999954
            ],
            [
              197462.73560000118,
              232872.55240000412
            ],
            [
              197457.8468000032,
              232874.03600000031
            ],
            [
              197451.95220000111,
              232875.31750000082
            ],
            [
              197445.47150000185,
              232875.81570000201
            ],
            [
              197439.22090000194,
              232877.17200000398
            ],
            [
              197432.23500000127,
              232878.13030000031
            ],
            [
              197425.56160000153,
              232879.22050000355
            ],
            [
              197419.25030000135,
              232880.17390000075
            ],
            [
              197413.15550000034,
              232882.18439999782
            ],
            [
              197406.64049999975,
              232884.9729999993
            ],
            [
              197400.24150000047,
              232888.0848999992
            ],
            [
              197394.0959999999,
              232891.91510000266
            ],
            [
              197388.14550000057,
              232895.70000000112
            ],
            [
              197383.25509999972,
              232900.5326000005
            ],
            [
              197380.56810000353,
              232906.39660000056
            ],
            [
              197381.80490000267,
              232911.24860000238
            ],
            [
              197385.20609999914,
              232911.81710000336
            ],
            [
              197385.97290000133,
              232911.73259999976
            ],
            [
              197385.9550999999,
              232911.68850000203
            ],
            [
              197388.26830000058,
              232911.19320000149
            ],
            [
              197388.44060000218,
              232911.06279999949
            ],
            [
              197392.30740000214,
              232907.55010000244
            ],
            [
              197397.29060000181,
              232903.42339999974
            ],
            [
              197402.67260000296,
              232899.25699999928
            ],
            [
              197408.98570000101,
              232896.44769999944
            ],
            [
              197415.44830000214,
              232895.07700000331
            ],
            [
              197422.60380000342,
              232894.82880000211
            ],
            [
              197429.31680000294,
              232894.83909999952
            ],
            [
              197436.37630000059,
              232895.22730000131
            ],
            [
              197443.45180000272,
              232895.95630000159
            ],
            [
              197449.92140000034,
              232896.78129999898
            ],
            [
              197456.9282000009,
              232898.66139999963
            ],
            [
              197463.73759999964,
              232900.42500000075
            ],
            [
              197470.56680000108,
              232902.24360000342
            ],
            [
              197477.37220000383,
              232903.65530000068
            ],
            [
              197484.09170000069,
              232905.41360000148
            ],
            [
              197489.87790000252,
              232908.33920000121
            ],
            [
              197496.07050000131,
              232911.09320000373
            ],
            [
              197502.23709999956,
              232914.48179999925
            ],
            [
              197507.53729999997,
              232918.79099999927
            ],
            [
              197512.44460000005,
              232921.98850000091
            ],
            [
              197518.95949999988,
              232925.09349999949
            ],
            [
              197525.08610000089,
              232924.09160000272
            ],
            [
              197530.25779999979,
              232919.74760000221
            ],
            [
              197534.36160000134,
              232913.99700000137
            ],
            [
              197536.65390000027,
              232907.46409999952
            ],
            [
              197538.31190000102,
              232900.86229999922
            ],
            [
              197538.58979999926,
              232893.90729999915
            ],
            [
              197538.18500000145,
              232886.98120000213
            ],
            [
              197536.98970000166,
              232879.74269999936
            ],
            [
              197535.67760000285,
              232872.75670000166
            ],
            [
              197534.19620000012,
              232865.9130000025
            ],
            [
              197532.89080000296,
              232859.04300000705
            ],
            [
              197531.50100000016,
              232850.40660000034
            ],
            [
              197531.67290000152,
              232843.17640000023
            ],
            [
              197532.98330000043,
              232836.15980000049
            ],
            [
              197535.38830000069,
              232829.74620000087
            ],
            [
              197536.90419999976,
              232822.53730000369
            ],
            [
              197539.13100000378,
              232816.32700000145
            ],
            [
              197539.70940000005,
              232809.35500000045
            ],
            [
              197543.91110000387,
              232803.30600000173
            ],
            [
              197548.57260000147,
              232798.47959999926
            ],
            [
              197555.42730000149,
              232796.05079999939
            ],
            [
              197562.40790000279,
              232797.07330000214
            ],
            [
              197568.4123000009,
              232799.90270000137
            ],
            [
              197575.38860000111,
              232802.29140000232
            ],
            [
              197582.83530000318,
              232801.62340000272
            ],
            [
              197588.5893000029,
              232797.71300000139
            ],
            [
              197593.61050000414,
              232792.83810000122
            ],
            [
              197598.15720000211,
              232787.11680000089
            ],
            [
              197601.07130000088,
              232779.90530000068
            ],
            [
              197604.72690000106,
              232773.36580000445
            ],
            [
              197610.69330000039,
              232768.66650000215
            ],
            [
              197617.10090000089,
              232765.37780000269
            ],
            [
              197623.68690000381,
              232762.57729999721
            ],
            [
              197630.89219999965,
              232760.49239999987
            ],
            [
              197637.53510000091,
              232758.02800000273
            ],
            [
              197643.07460000273,
              232753.97990000248
            ],
            [
              197648.77049999963,
              232749.15890000015
            ],
            [
              197659.24310000055,
              232739.46390000358
            ],
            [
              197661.60300000105,
              232733.3860000018
            ],
            [
              197661.57309999969,
              232725.08660000376
            ],
            [
              197665.10960000008,
              232720.86050000042
            ],
            [
              197670.49908987992,
              232716.80257216468
            ]
          ]
        ]
      }
    },
    {
      "attributes" : {
        "FID" : 3,
        "PMNTN_SN" : 28830,
        "MNTN_CODE" : "468001801",
        "MNTN_NM" : "사자산",
        "PMNTN_NM" : "금산리구간",
        "PMNTN_MAIN" : " ",
        "PMNTN_LT" : 0.54,
        "PMNTN_DFFL" : "쉬움",
        "PMNTN_UPPL" : 10,
        "PMNTN_GODN" : 7,
        "PMNTN_MTRQ" : " ",
        "PMNTN_CNRL" : " ",
        "PMNTN_CLS_" : " ",
        "PMNTN_RISK" : " ",
        "PMNTN_RECO" : " ",
        "DATA_STDR_" : "2016-12-31",
        "MNTN_ID" : "468001801"
      },
      "geometry" : {
        "paths" : [
          [
            [
              197670.49908987992,
              232716.80257216468
            ],
            [
              197674.35960000101,
              232724.49070000276
            ],
            [
              197675.62930000201,
              232731.58350000158
            ],
            [
              197676.10149999987,
              232738.07819999941
            ],
            [
              197678.69130000006,
              232744.25170000456
            ],
            [
              197680.62949999981,
              232750.46220000274
            ],
            [
              197682.48209999967,
              232756.85529999994
            ],
            [
              197681.8731000023,
              232763.29050000198
            ],
            [
              197680.8133000005,
              232769.71030000225
            ],
            [
              197679.03880000021,
              232776.20080000162
            ],
            [
              197676.47700000089,
              232782.61390000209
            ],
            [
              197672.83750000037,
              232788.48090000078
            ],
            [
              197668.87630000152,
              232794.00300000049
            ],
            [
              197664.71960000228,
              232799.43660000153
            ],
            [
              197663.1791000003,
              232805.86390000023
            ],
            [
              197662.75249999948,
              232812.76350000128
            ],
            [
              197663.27270000242,
              232820.16570000164
            ],
            [
              197664.55150000378,
              232827.22160000354
            ],
            [
              197666.30060000345,
              232834.13200000115
            ],
            [
              197668.2312000012,
              232840.80520000122
            ],
            [
              197669.90240000095,
              232847.68440000154
            ],
            [
              197669.94559999928,
              232854.24160000123
            ],
            [
              197669.59970000014,
              232861.20840000175
            ],
            [
              197668.79790000059,
              232868.26620000228
            ],
            [
              197665.6426999988,
              232873.91830000095
            ],
            [
              197660.83550000284,
              232878.65819999948
            ],
            [
              197654.89500000328,
              232882.15130000003
            ],
            [
              197648.36680000089,
              232884.37830000184
            ],
            [
              197642.11060000211,
              232886.23630000092
            ],
            [
              197636.9384000022,
              232890.74720000103
            ],
            [
              197637.95390000008,
              232893.80859999917
            ],
            [
              197640.00900000241,
              232896.02119999938
            ],
            [
              197644.42810000014,
              232896.69350000098
            ],
            [
              197649.49340000004,
              232894.99850000255
            ],
            [
              197655.55950000323,
              232892.59620000236
            ],
            [
              197661.67520000227,
              232890.2463000007
            ],
            [
              197669.17480000108,
              232889.93129999936
            ],
            [
              197676.33679999877,
              232889.52730000019
            ],
            [
              197682.89329999872,
              232889.71600000001
            ],
            [
              197690.94140000083,
              232888.42100000009
            ],
            [
              197695.50360000134,
              232888.20089999959
            ],
            [
              197700.71840000059,
              232887.11350000463
            ],
            [
              197706.60890000034,
              232884.77910000458
            ],
            [
              197709.80790000036,
              232880.59339999966
            ],
            [
              197711.17860000022,
              232876.15340000205
            ],
            [
              197710.08730000164,
              232869.51790000312
            ],
            [
              197709.21600000374,
              232862.84610000439
            ],
            [
              197709.18879999965,
              232856.29089999944
            ],
            [
              197709.35450000223,
              232849.41349999979
            ],
            [
              197713.17069999967,
              232843.60410000198
            ],
            [
              197716.7555999998,
              232837.90480000339
            ],
            [
              197721.6668000007,
              232833.15130000375
            ],
            [
              197727.46949999966,
              232828.68130000122
            ],
            [
              197734.0670000026,
              232826.97330000065
            ],
            [
              197740.47780000046,
              232824.89479999989
            ],
            [
              197746.9524000017,
              232822.55680000037
            ],
            [
              197753.5159,
              232821.17840000242
            ],
            [
              197759.82880000025,
              232819.37549999915
            ],
            [
              197766.25650000107,
              232817.31610000134
            ],
            [
              197772.38389999978,
              232815.42269999906
            ],
            [
              197779.03060000204,
              232813.96759999916
            ],
            [
              197785.56769999955,
              232812.70109999925
            ],
            [
              197792.36240000185,
              232811.52439999953
            ],
            [
              197798.84109999891,
              232809.78900000267
            ],
            [
              197804.51559999958,
              232806.03419999965
            ],
            [
              197809.8219000008,
              232801.80150000006
            ],
            [
              197814.3227000013,
              232796.595900001
            ],
            [
              197815.44260000344,
              232789.81350000203
            ],
            [
              197813.82199999969,
              232783.0474000033
            ],
            [
              197811.23280000128,
              232776.96380000375
            ],
            [
              197807.96999999974,
              232770.90000000037
            ],
            [
              197792.48370000068,
              232749.9542999994
            ],
            [
              197791.28880000208,
              232748.25550000183
            ],
            [
              197788.73120000213,
              232746.0607000012
            ],
            [
              197773.36140000354,
              232733.12170000002
            ],
            [
              197770.11120000109,
              232727.4857000038
            ],
            [
              197769.73920000158,
              232720.61759999767
            ],
            [
              197771.78890000191,
              232714.65660000034
            ],
            [
              197775.62460000068,
              232708.04370000027
            ],
            [
              197775.37484490499,
              232704.6185911689
            ]
          ]
        ]
      }
    },
    {
      "attributes" : {
        "FID" : 4,
        "PMNTN_SN" : 28831,
        "MNTN_CODE" : "468001801",
        "MNTN_NM" : "사자산",
        "PMNTN_NM" : "금산리구간",
        "PMNTN_MAIN" : " ",
        "PMNTN_LT" : 0.11,
        "PMNTN_DFFL" : "쉬움",
        "PMNTN_UPPL" : 2,
        "PMNTN_GODN" : 1,
        "PMNTN_MTRQ" : " ",
        "PMNTN_CNRL" : " ",
        "PMNTN_CLS_" : " ",
        "PMNTN_RISK" : " ",
        "PMNTN_RECO" : " ",
        "DATA_STDR_" : "2016-12-31",
        "MNTN_ID" : "468001801"
      },
      "geometry" : {
        "paths" : [
          [
            [
              197670.49908987992,
              232716.80257216468
            ],
            [
              197701.2123020757,
              232714.8376391232
            ],
            [
              197762.6439880617,
              232709.8490588963
            ],
            [
              197775.37484490499,
              232704.6185911689
            ]
          ]
        ]
      }
    },
    {
      "attributes" : {
        "FID" : 5,
        "PMNTN_SN" : 28832,
        "MNTN_CODE" : "468001801",
        "MNTN_NM" : "사자산",
        "PMNTN_NM" : "금산리구간",
        "PMNTN_MAIN" : " ",
        "PMNTN_LT" : 0.2,
        "PMNTN_DFFL" : "쉬움",
        "PMNTN_UPPL" : 4,
        "PMNTN_GODN" : 2,
        "PMNTN_MTRQ" : " ",
        "PMNTN_CNRL" : " ",
        "PMNTN_CLS_" : " ",
        "PMNTN_RISK" : " ",
        "PMNTN_RECO" : " ",
        "DATA_STDR_" : "2016-12-31",
        "MNTN_ID" : "468001801"
      },
      "geometry" : {
        "paths" : [
          [
            [
              197480.82636147738,
              232748.68142960966
            ],
            [
              197504.11279785261,
              232749.85582916625
            ],
            [
              197530.61744284723,
              232742.57629659399
            ],
            [
              197574.05624595284,
              232736.4396122098
            ],
            [
              197624.89027070627,
              232733.51587695256
            ],
            [
              197649.2617166806,
              232729.40196678042
            ],
            [
              197657.7682344662,
              232722.03303908929
            ],
            [
              197670.49908987992,
              232716.80257216468
            ]
          ]
        ]
      }
    },
    {
      "attributes" : {
        "FID" : 6,
        "PMNTN_SN" : 28833,
        "MNTN_CODE" : "468001801",
        "MNTN_NM" : "사자산",
        "PMNTN_NM" : "대산리구간",
        "PMNTN_MAIN" : " ",
        "PMNTN_LT" : 1.16,
        "PMNTN_DFFL" : "쉬움",
        "PMNTN_UPPL" : 20,
        "PMNTN_GODN" : 14,
        "PMNTN_MTRQ" : " ",
        "PMNTN_CNRL" : " ",
        "PMNTN_CLS_" : " ",
        "PMNTN_RISK" : " ",
        "PMNTN_RECO" : " ",
        "DATA_STDR_" : "2016-12-31",
        "MNTN_ID" : "468001801"
      },
      "geometry" : {
        "paths" : [
          [
            [
              197775.37484490499,
              232704.6185911689
            ],
            [
              197808.22126347292,
              232699.4880329296
            ],
            [
              197846.37176912744,
              232692.26633863151
            ],
            [
              197921.59303774033,
              232682.05254543386
            ],
            [
              197951.26857811306,
              232675.84749640897
            ],
            [
              197997.86250988673,
              232673.96143684909
            ],
            [
              198031.65722460486,
              232691.06912947632
            ],
            [
              198094.0898051532,
              232697.73165932857
            ],
            [
              198135.3901736252,
              232695.81930859014
            ],
            [
              198192.66590835992,
              232674.92897729762
            ],
            [
              198272.20093874261,
              232648.85549691506
            ],
            [
              198297.63637480792,
              232643.68812528625
            ],
            [
              198318.85798730608,
              232634.26486249082
            ],
            [
              198326.96135269571,
              232601.48415355198
            ],
            [
              198329.22601297405,
              232571.85066687316
            ],
            [
              198332.48102978431,
              232555.98572553694
            ],
            [
              198335.76759556495,
              232533.76849762909
            ],
            [
              198335.88853391632,
              232509.41806620546
            ],
            [
              198333.82894494385,
              232497.76169137657
            ],
            [
              198330.68435066938,
              232491.39363047481
            ],
            [
              198301.18757565506,
              232461.60239988193
            ],
            [
              198292.79147427063,
              232446.7383339256
            ],
            [
              198277.02117885463,
              232424.42646130547
            ],
            [
              198269.71533972118,
              232403.21536818705
            ],
            [
              198259.27016330604,
              232374.57750112005
            ],
            [
              198259.33851737063,
              232360.81421498396
            ],
            [
              198261.57687960844,
              232336.47430160083
            ],
            [
              198258.51641164348,
              232313.16681272164
            ],
            [
              198243.86266475916,
              232279.2143439725
            ],
            [
              198228.20803891309,
              232233.61076141335
            ],
            [
              198200.86549183354,
              232196.41905875131
            ],
            [
              198167.23375176173,
              232146.49124136567
            ],
            [
              198153.52304450702,
              232135.83574881963
            ],
            [
              198151.458193345,
              232125.23809147067
            ],
            [
              198137.72645526379,
              232118.8174561318
            ],
            [
              198118.72217737325,
              232108.13567589037
            ]
          ]
        ]
      }
    },
    {
      "attributes" : {
        "FID" : 7,
        "PMNTN_SN" : 28834,
        "MNTN_CODE" : "468001801",
        "MNTN_NM" : "사자산",
        "PMNTN_NM" : "비동리구간",
        "PMNTN_MAIN" : " ",
        "PMNTN_LT" : 1.7,
        "PMNTN_DFFL" : "쉬움",
        "PMNTN_UPPL" : 30,
        "PMNTN_GODN" : 21,
        "PMNTN_MTRQ" : " ",
        "PMNTN_CNRL" : " ",
        "PMNTN_CLS_" : " ",
        "PMNTN_RISK" : " ",
        "PMNTN_RECO" : " ",
        "DATA_STDR_" : "2016-12-31",
        "MNTN_ID" : "468001801"
      },
      "geometry" : {
        "paths" : [
          [
            [
              198118.72217737325,
              232108.13567589037
            ],
            [
              198124.52513305563,
              232042.94150857069
            ],
            [
              198118.82631912455,
              232009.69842731021
            ],
            [
              198102.67967965361,
              231928.01542763785
            ],
            [
              198080.83422625437,
              231840.63361403719
            ],
            [
              198075.13541232608,
              231802.64152116887
            ],
            [
              198063.73778446205,
              231707.66128899716
            ],
            [
              198045.21663919277,
              231564.24113841541
            ],
            [
              198051.39035428036,
              231488.25695267506
            ],
            [
              198050.44055196084,
              231422.24569131248
            ],
            [
              198022.42138346937,
              231310.64391851239
            ],
            [
              198019.57197650336,
              231246.05736063421
            ],
            [
              198006.27474399842,
              231120.68345416337
            ],
            [
              197975.88106970489,
              231034.25144288503
            ],
            [
              197944.06269192509,
              230971.08958849125
            ],
            [
              197926.96625013463,
              230935.47200142592
            ],
            [
              197905.59569789562,
              230896.05520507134
            ],
            [
              197879.47613404691,
              230871.83524586819
            ],
            [
              197836.26012840774,
              230835.26785648428
            ],
            [
              197821.06329126097,
              230817.22161236778
            ],
            [
              197793.51902393065,
              230769.73149628192
            ],
            [
              197777.37238446251,
              230752.63505448774
            ],
            [
              197766.44965776056,
              230740.28762430698
            ],
            [
              197757.9014368644,
              230723.19118251838
            ],
            [
              197745.55400668271,
              230683.7743861638
            ],
            [
              197745.55400668271,
              230664.30343857221
            ],
            [
              197742.70459971763,
              230651.95600838587
            ],
            [
              197736.53088462725,
              230639.60857820511
            ],
            [
              197729.4073672127,
              230632.01015963033
            ],
            [
              197721.33404747769,
              230626.78624686413
            ],
            [
              197710.41132077854,
              230625.83644453995
            ],
            [
              197702.81290220562,
              230625.36154337972
            ],
            [
              197689.99057086278,
              230625.36154337972
            ],
            [
              197670.99452442676,
              230625.361543376
            ],
            [
              197650.57377450913,
              230622.98703757674
            ],
            [
              197631.57772807498,
              230621.08743292838
            ],
            [
              197623.5044083409,
              230622.98703757674
            ],
            [
              197614.95618744474,
              230629.16075266711
            ],
            [
              197607.83267003205,
              230637.70897356048
            ]
          ]
        ]
      }
    }
  ]
}