{
  "displayFieldName" : "",
  "fieldAliases" : {
    "FID" : "FID",
    "PMNTN_SPOT" : "PMNTN_SPOT",
    "MNTN_CODE" : "MNTN_CODE",
    "MANAGE_SP1" : "MANAGE_SP1",
    "MANAGE_SP2" : "MANAGE_SP2",
    "DETAIL_SPO" : "DETAIL_SPO",
    "ETC_MATTER" : "ETC_MATTER",
    "MNTN_NM" : "MNTN_NM",
    "PAST_SPOT_" : "PAST_SPOT_",
    "MNTN_ID" : "MNTN_ID"
  },
  "geometryType" : "esriGeometryPoint",
  "spatialReference" : {
    "wkt" : "PROJCS[\"PCS_ITRF2000_TM\",GEOGCS[\"GCS_ITRF_2000\",DATUM[\"D_ITRF_2000\",SPHEROID[\"GRS_1980\",6378137.0,298.257222101]],PRIMEM[\"Greenwich\",0.0],UNIT[\"Degree\",0.0174532925199433]],PROJECTION[\"Transverse_Mercator\"],PARAMETER[\"False_Easting\",200000.0],PARAMETER[\"False_Northing\",600000.0],PARAMETER[\"Central_Meridian\",127.0],PARAMETER[\"Scale_Factor\",1.0],PARAMETER[\"Latitude_Of_Origin\",38.0],UNIT[\"Meter\",1.0]]"
  },
  "fields" : [
    {
      "name" : "FID",
      "type" : "esriFieldTypeOID",
      "alias" : "FID"
    },
    {
      "name" : "PMNTN_SPOT",
      "type" : "esriFieldTypeDouble",
      "alias" : "PMNTN_SPOT"
    },
    {
      "name" : "MNTN_CODE",
      "type" : "esriFieldTypeString",
      "alias" : "MNTN_CODE",
      "length" : 9
    },
    {
      "name" : "MANAGE_SP1",
      "type" : "esriFieldTypeString",
      "alias" : "MANAGE_SP1",
      "length" : 2
    },
    {
      "name" : "MANAGE_SP2",
      "type" : "esriFieldTypeString",
      "alias" : "MANAGE_SP2",
      "length" : 50
    },
    {
      "name" : "DETAIL_SPO",
      "type" : "esriFieldTypeString",
      "alias" : "DETAIL_SPO",
      "length" : 200
    },
    {
      "name" : "ETC_MATTER",
      "type" : "esriFieldTypeString",
      "alias" : "ETC_MATTER",
      "length" : 200
    },
    {
      "name" : "MNTN_NM",
      "type" : "esriFieldTypeString",
      "alias" : "MNTN_NM",
      "length" : 50
    },
    {
      "name" : "PAST_SPOT_",
      "type" : "esriFieldTypeString",
      "alias" : "PAST_SPOT_",
      "length" : 14
    },
    {
      "name" : "MNTN_ID",
      "type" : "esriFieldTypeString",
      "alias" : "MNTN_ID",
      "length" : 10
    }
  ],
  "features" : [
    {
      "attributes" : {
        "FID" : 0,
        "PMNTN_SPOT" : 47335,
        "MNTN_CODE" : "468001801",
        "MANAGE_SP1" : "01",
        "MANAGE_SP2" : "시종점",
        "DETAIL_SPO" : "시종점",
        "ETC_MATTER" : " ",
        "MNTN_NM" : "사자산",
        "PAST_SPOT_" : "4680018010001",
        "MNTN_ID" : "468001801"
      },
      "geometry" : {
        "x" : 196099.98909999989,
        "y" : 233550.34180000238
      }
    },
    {
      "attributes" : {
        "FID" : 1,
        "PMNTN_SPOT" : 47336,
        "MNTN_CODE" : "468001801",
        "MANAGE_SP1" : "01",
        "MANAGE_SP2" : "시종점",
        "DETAIL_SPO" : "시종점",
        "ETC_MATTER" : " ",
        "MNTN_NM" : "사자산",
        "PAST_SPOT_" : "4680018010002",
        "MNTN_ID" : "468001801"
      },
      "geometry" : {
        "x" : 196150.78080000076,
        "y" : 232980.99760000035
      }
    },
    {
      "attributes" : {
        "FID" : 2,
        "PMNTN_SPOT" : 47337,
        "MNTN_CODE" : "468001801",
        "MANAGE_SP1" : "02",
        "MANAGE_SP2" : "분기점",
        "DETAIL_SPO" : "분기점",
        "ETC_MATTER" : " ",
        "MNTN_NM" : "사자산",
        "PAST_SPOT_" : "4680018010003",
        "MNTN_ID" : "468001801"
      },
      "geometry" : {
        "x" : 197480.82636147738,
        "y" : 232748.68142960966
      }
    },
    {
      "attributes" : {
        "FID" : 3,
        "PMNTN_SPOT" : 47338,
        "MNTN_CODE" : "468001801",
        "MANAGE_SP1" : "02",
        "MANAGE_SP2" : "분기점",
        "DETAIL_SPO" : "분기점",
        "ETC_MATTER" : " ",
        "MNTN_NM" : "사자산",
        "PAST_SPOT_" : "4680018010004",
        "MNTN_ID" : "468001801"
      },
      "geometry" : {
        "x" : 197670.49908987992,
        "y" : 232716.80257216468
      }
    },
    {
      "attributes" : {
        "FID" : 4,
        "PMNTN_SPOT" : 47339,
        "MNTN_CODE" : "468001801",
        "MANAGE_SP1" : "02",
        "MANAGE_SP2" : "분기점",
        "DETAIL_SPO" : "분기점",
        "ETC_MATTER" : " ",
        "MNTN_NM" : "사자산",
        "PAST_SPOT_" : "4680018010005",
        "MNTN_ID" : "468001801"
      },
      "geometry" : {
        "x" : 197775.37484490499,
        "y" : 232704.6185911689
      }
    },
    {
      "attributes" : {
        "FID" : 5,
        "PMNTN_SPOT" : 47340,
        "MNTN_CODE" : "468001801",
        "MANAGE_SP1" : "01",
        "MANAGE_SP2" : "시종점",
        "DETAIL_SPO" : "시종점",
        "ETC_MATTER" : " ",
        "MNTN_NM" : "사자산",
        "PAST_SPOT_" : "4680018010006",
        "MNTN_ID" : "468001801"
      },
      "geometry" : {
        "x" : 197607.83267003205,
        "y" : 230637.70897356048
      }
    },
    {
      "attributes" : {
        "FID" : 6,
        "PMNTN_SPOT" : 47341,
        "MNTN_CODE" : "468001801",
        "MANAGE_SP1" : "02",
        "MANAGE_SP2" : "분기점",
        "DETAIL_SPO" : "분기점",
        "ETC_MATTER" : " ",
        "MNTN_NM" : "사자산",
        "PAST_SPOT_" : "4680018010007",
        "MNTN_ID" : "468001801"
      },
      "geometry" : {
        "x" : 198118.72217737325,
        "y" : 232108.13567589037
      }
    }
  ]
}