{
  "displayFieldName" : "",
  "fieldAliases" : {
    "FID" : "FID",
    "PMNTN_SN" : "PMNTN_SN",
    "MNTN_CODE" : "MNTN_CODE",
    "MNTN_NM" : "MNTN_NM",
    "PMNTN_NM" : "PMNTN_NM",
    "PMNTN_MAIN" : "PMNTN_MAIN",
    "PMNTN_LT" : "PMNTN_LT",
    "PMNTN_DFFL" : "PMNTN_DFFL",
    "PMNTN_UPPL" : "PMNTN_UPPL",
    "PMNTN_GODN" : "PMNTN_GODN",
    "PMNTN_MTRQ" : "PMNTN_MTRQ",
    "PMNTN_CNRL" : "PMNTN_CNRL",
    "PMNTN_CLS_" : "PMNTN_CLS_",
    "PMNTN_RISK" : "PMNTN_RISK",
    "PMNTN_RECO" : "PMNTN_RECO",
    "DATA_STDR_" : "DATA_STDR_",
    "MNTN_ID" : "MNTN_ID"
  },
  "geometryType" : "esriGeometryPolyline",
  "spatialReference" : {
    "wkt" : "PROJCS[\"PCS_ITRF2000_TM\",GEOGCS[\"GCS_ITRF_2000\",DATUM[\"D_ITRF_2000\",SPHEROID[\"GRS_1980\",6378137.0,298.257222101]],PRIMEM[\"Greenwich\",0.0],UNIT[\"Degree\",0.0174532925199433]],PROJECTION[\"Transverse_Mercator\"],PARAMETER[\"False_Easting\",200000.0],PARAMETER[\"False_Northing\",600000.0],PARAMETER[\"Central_Meridian\",127.0],PARAMETER[\"Scale_Factor\",1.0],PARAMETER[\"Latitude_Of_Origin\",38.0],UNIT[\"Meter\",1.0]]"
  },
  "fields" : [
    {
      "name" : "FID",
      "type" : "esriFieldTypeOID",
      "alias" : "FID"
    },
    {
      "name" : "PMNTN_SN",
      "type" : "esriFieldTypeDouble",
      "alias" : "PMNTN_SN"
    },
    {
      "name" : "MNTN_CODE",
      "type" : "esriFieldTypeString",
      "alias" : "MNTN_CODE",
      "length" : 9
    },
    {
      "name" : "MNTN_NM",
      "type" : "esriFieldTypeString",
      "alias" : "MNTN_NM",
      "length" : 50
    },
    {
      "name" : "PMNTN_NM",
      "type" : "esriFieldTypeString",
      "alias" : "PMNTN_NM",
      "length" : 50
    },
    {
      "name" : "PMNTN_MAIN",
      "type" : "esriFieldTypeString",
      "alias" : "PMNTN_MAIN",
      "length" : 200
    },
    {
      "name" : "PMNTN_LT",
      "type" : "esriFieldTypeSingle",
      "alias" : "PMNTN_LT"
    },
    {
      "name" : "PMNTN_DFFL",
      "type" : "esriFieldTypeString",
      "alias" : "PMNTN_DFFL",
      "length" : 8
    },
    {
      "name" : "PMNTN_UPPL",
      "type" : "esriFieldTypeDouble",
      "alias" : "PMNTN_UPPL"
    },
    {
      "name" : "PMNTN_GODN",
      "type" : "esriFieldTypeDouble",
      "alias" : "PMNTN_GODN"
    },
    {
      "name" : "PMNTN_MTRQ",
      "type" : "esriFieldTypeString",
      "alias" : "PMNTN_MTRQ",
      "length" : 200
    },
    {
      "name" : "PMNTN_CNRL",
      "type" : "esriFieldTypeString",
      "alias" : "PMNTN_CNRL",
      "length" : 1
    },
    {
      "name" : "PMNTN_CLS_",
      "type" : "esriFieldTypeString",
      "alias" : "PMNTN_CLS_",
      "length" : 1
    },
    {
      "name" : "PMNTN_RISK",
      "type" : "esriFieldTypeString",
      "alias" : "PMNTN_RISK",
      "length" : 200
    },
    {
      "name" : "PMNTN_RECO",
      "type" : "esriFieldTypeString",
      "alias" : "PMNTN_RECO",
      "length" : 1
    },
    {
      "name" : "DATA_STDR_",
      "type" : "esriFieldTypeString",
      "alias" : "DATA_STDR_",
      "length" : 10
    },
    {
      "name" : "MNTN_ID",
      "type" : "esriFieldTypeString",
      "alias" : "MNTN_ID",
      "length" : 10
    }
  ],
  "features" : [
    {
      "attributes" : {
        "FID" : 0,
        "PMNTN_SN" : 18299,
        "MNTN_CODE" : "421903201",
        "MNTN_NM" : "문암산",
        "PMNTN_NM" : "금천동구간",
        "PMNTN_MAIN" : " ",
        "PMNTN_LT" : 1.5,
        "PMNTN_DFFL" : "쉬움",
        "PMNTN_UPPL" : 45,
        "PMNTN_GODN" : 32,
        "PMNTN_MTRQ" : " ",
        "PMNTN_CNRL" : " ",
        "PMNTN_CLS_" : " ",
        "PMNTN_RISK" : " ",
        "PMNTN_RECO" : " ",
        "DATA_STDR_" : "2016-12-31",
        "MNTN_ID" : "421903201"
      },
      "geometry" : {
        "paths" : [
          [
            [
              377282.0852000257,
              501099.21120000444
            ],
            [
              377290.93500002753,
              501097.20640000328
            ],
            [
              377298.78580002487,
              501089.27980000153
            ],
            [
              377303.98590002488,
              501077.94700000249
            ],
            [
              377306.64670002554,
              501061.82410000451
            ],
            [
              377309.04930002522,
              501053.21830000356
            ],
            [
              377310.26560002659,
              501048.81739999913
            ],
            [
              377314.82040002663,
              501044.6249000039
            ],
            [
              377313.64870002586,
              501040.75950000435
            ],
            [
              377312.57480002474,
              501035.95810000412
            ],
            [
              377309.68370002694,
              501028.61490000412
            ],
            [
              377307.97470002435,
              501019.62030000053
            ],
            [
              377307.15670002811,
              501008.82160000503
            ],
            [
              377307.67660002783,
              500997.86219999939
            ],
            [
              377309.29920002539,
              500991.83520000428
            ],
            [
              377308.82200002577,
              500984.17280000076
            ],
            [
              377310.89480002597,
              500976.77670000307
            ],
            [
              377313.37590002548,
              500971.08450000174
            ],
            [
              377316.61360002775,
              500964.87370000593
            ],
            [
              377320.63970002439,
              500960.08700000681
            ],
            [
              377327.26370002516,
              500954.56590000726
            ],
            [
              377331.39870002493,
              500948.90729999915
            ],
            [
              377336.51850002538,
              500944.24130000174
            ],
            [
              377340.88070002478,
              500937.33790000156
            ],
            [
              377344.68490002397,
              500933.54670000076
            ],
            [
              377350.66650002729,
              500930.63630000502
            ],
            [
              377356.09770002402,
              500928.97420000285
            ],
            [
              377362.46520002838,
              500927.54720000364
            ],
            [
              377369.05710002687,
              500919.65730000474
            ],
            [
              377373.12900002766,
              500910.69979999773
            ],
            [
              377377.86730002519,
              500903.47760000825
            ],
            [
              377380.65470002685,
              500899.31970000267
            ],
            [
              377382.44530002493,
              500891.52229999937
            ],
            [
              377386.57990002725,
              500884.6157000009
            ],
            [
              377396.93280002754,
              500875.03010000288
            ],
            [
              377399.77660002653,
              500867.85770000145
            ],
            [
              377399.1142000258,
              500857.45150000229
            ],
            [
              377400.82000002451,
              500843.8009000048
            ],
            [
              377404.03240002599,
              500834.54540000111
            ],
            [
              377405.69100002386,
              500827.35570000671
            ],
            [
              377409.37270002812,
              500817.32050000317
            ],
            [
              377414.17890002765,
              500805.77529999986
            ],
            [
              377417.21870002523,
              500795.13370000757
            ],
            [
              377424.44660002645,
              500786.77080000378
            ],
            [
              377431.79970002826,
              500780.60770000331
            ],
            [
              377438.8901000265,
              500768.3487000037
            ],
            [
              377444.71760002803,
              500764.63570000045
            ],
            [
              377448.97450002376,
              500758.66730000824
            ],
            [
              377454.32020002324,
              500751.84240000322
            ],
            [
              377456.17830002587,
              500745.57540000789
            ],
            [
              377457.88550002407,
              500737.18930000626
            ],
            [
              377465.27960002702,
              500729.92329999991
            ],
            [
              377473.01040002797,
              500719.49170000479
            ],
            [
              377479.15930002276,
              500711.85920000635
            ],
            [
              377482.71140002739,
              500704.32100000419
            ],
            [
              377482.53010002803,
              500696.54520000331
            ],
            [
              377486.30980002787,
              500682.80610000715
            ],
            [
              377494.9807000272,
              500671.09040000476
            ],
            [
              377491.29790002666,
              500661.57690000348
            ],
            [
              377494.22860002797,
              500648.17340000533
            ],
            [
              377502.02920002677,
              500638.53550000116
            ],
            [
              377511.78900002781,
              500634.92650000378
            ],
            [
              377516.44590002578,
              500629.90950000659
            ],
            [
              377524.1999000283,
              500620.53530000336
            ],
            [
              377528.74590002839,
              500609.17780000716
            ],
            [
              377532.28830002621,
              500596.93870000541
            ],
            [
              377532.02330002561,
              500580.62390000559
            ],
            [
              377531.27820002753,
              500569.66009999812
            ],
            [
              377524.75270002428,
              500544.10080000572
            ],
            [
              377522.99210002739,
              500526.25930000469
            ],
            [
              377522.72380002681,
              500513.63290000521
            ],
            [
              377518.82320002839,
              500498.19049999863
            ],
            [
              377520.60410002526,
              500488.20940000378
            ],
            [
              377514.85800002515,
              500481.10020000674
            ],
            [
              377504.77780002728,
              500479.32290000282
            ],
            [
              377497.67180002481,
              500474.75950000808
            ],
            [
              377498.87160002626,
              500465.89650000818
            ],
            [
              377494.05130002555,
              500461.22179999948
            ],
            [
              377492.70690002758,
              500455.70520000346
            ],
            [
              377483.77140002605,
              500452.69610000402
            ],
            [
              377482.58690002561,
              500447.66810000502
            ],
            [
              377482.92150002718,
              500440.62960000336
            ],
            [
              377480.173800027,
              500433.08130000718
            ],
            [
              377480.99450002983,
              500426.94690000452
            ],
            [
              377486.09590002522,
              500419.37020000815
            ],
            [
              377482.66820002627,
              500412.80930000544
            ],
            [
              377485.63700002804,
              500408.31860000268
            ],
            [
              377481.30950002465,
              500398.53990000673
            ],
            [
              377485.45350002125,
              500391.91870000772
            ],
            [
              377490.16300002579,
              500382.10800000466
            ],
            [
              377496.6009000279,
              500372.93790000118
            ],
            [
              377498.25050002709,
              500365.85810000822
            ],
            [
              377502.14070002642,
              500363.66510000266
            ],
            [
              377505.99350002594,
              500361.71650000662
            ],
            [
              377549.51090002526,
              500363.31550000608
            ],
            [
              377565.41730002686,
              500361.42530000769
            ],
            [
              377574.39670002833,
              500364.23000000603
            ],
            [
              377587.64970002789,
              500362.84220000543
            ],
            [
              377593.64900002535,
              500370.70510000363
            ],
            [
              377601.50360002555,
              500377.19510000385
            ],
            [
              377624.58620002866,
              500391.31030000187
            ],
            [
              377631.17470002454,
              500389.12000000477
            ],
            [
              377642.39080002811,
              500389.99770000018
            ],
            [
              377647.6209000228,
              500389.53900000639
            ],
            [
              377650.81120002735,
              500392.0212000031
            ],
            [
              377656.3238000283,
              500400.12430000491
            ],
            [
              377661.76090002712,
              500401.70750000328
            ],
            [
              377669.67190002743,
              500405.67600000836
            ],
            [
              377676.20760002639,
              500418.42330000177
            ],
            [
              377687.9880000269,
              500431.72220000438
            ],
            [
              377699.69010002632,
              500457.08790000342
            ],
            [
              377717.52000002656,
              500482.04760000482
            ],
            [
              377729.45410002675,
              500495.02820000611
            ],
            [
              377753.2692000242,
              500503.44980000518
            ],
            [
              377771.93840002734,
              500508.84780000336
            ],
            [
              377792.41550002806,
              500513.23900000565
            ],
            [
              377804.95500002615,
              500510.80970000476
            ],
            [
              377817.10320002493,
              500511.0780000072
            ],
            [
              377841.03040002659,
              500514.12640000135
            ],
            [
              377850.96820002515,
              500511.70310000703
            ],
            [
              377859.79290002678,
              500513.30720000342
            ],
            [
              377866.00080002658,
              500515.34950000606
            ],
            [
              377873.62400002964,
              500516.35999999754
            ],
            [
              377883.93740002532,
              500516.45720000379
            ],
            [
              377896.37630002573,
              500517.97830000706
            ],
            [
              377907.63780002762,
              500521.5641000066
            ],
            [
              377912.74460002687,
              500526.01850000396
            ],
            [
              377924.40010002814,
              500525.98810000531
            ],
            [
              377928.13200003002,
              500529.59090000391
            ],
            [
              377938.35470002517,
              500532.82990000024
            ],
            [
              377945.95210002642,
              500537.00359999761
            ],
            [
              377961.26240002736,
              500548.4044000078
            ],
            [
              377965.71710003074,
              500557.81300000101
            ],
            [
              377973.44110002462,
              500560.09630000591
            ],
            [
              377980.00190002192,
              500570.40930000506
            ],
            [
              377981.67170002684,
              500577.21480000205
            ],
            [
              377984.03720002435,
              500579.67550000548
            ],
            [
              377989.2886000257,
              500578.33980000578
            ],
            [
              378003.55190002825,
              500581.01200000383
            ],
            [
              378017.0272000283,
              500582.80760000646
            ],
            [
              378035.51020002738,
              500585.4688000083
            ]
          ]
        ]
      }
    }
  ]
}