{
  "displayFieldName" : "",
  "fieldAliases" : {
    "FID" : "FID",
    "PMNTN_SPOT" : "PMNTN_SPOT",
    "MNTN_CODE" : "MNTN_CODE",
    "MANAGE_SP1" : "MANAGE_SP1",
    "MANAGE_SP2" : "MANAGE_SP2",
    "DETAIL_SPO" : "DETAIL_SPO",
    "ETC_MATTER" : "ETC_MATTER",
    "MNTN_NM" : "MNTN_NM",
    "PAST_SPOT_" : "PAST_SPOT_",
    "MNTN_ID" : "MNTN_ID"
  },
  "geometryType" : "esriGeometryPoint",
  "spatialReference" : {
    "wkt" : "PROJCS[\"PCS_ITRF2000_TM\",GEOGCS[\"GCS_ITRF_2000\",DATUM[\"D_ITRF_2000\",SPHEROID[\"GRS_1980\",6378137.0,298.257222101]],PRIMEM[\"Greenwich\",0.0],UNIT[\"Degree\",0.0174532925199433]],PROJECTION[\"Transverse_Mercator\"],PARAMETER[\"False_Easting\",200000.0],PARAMETER[\"False_Northing\",600000.0],PARAMETER[\"Central_Meridian\",127.0],PARAMETER[\"Scale_Factor\",1.0],PARAMETER[\"Latitude_Of_Origin\",38.0],UNIT[\"Meter\",1.0]]"
  },
  "fields" : [
    {
      "name" : "FID",
      "type" : "esriFieldTypeOID",
      "alias" : "FID"
    },
    {
      "name" : "PMNTN_SPOT",
      "type" : "esriFieldTypeDouble",
      "alias" : "PMNTN_SPOT"
    },
    {
      "name" : "MNTN_CODE",
      "type" : "esriFieldTypeString",
      "alias" : "MNTN_CODE",
      "length" : 9
    },
    {
      "name" : "MANAGE_SP1",
      "type" : "esriFieldTypeString",
      "alias" : "MANAGE_SP1",
      "length" : 2
    },
    {
      "name" : "MANAGE_SP2",
      "type" : "esriFieldTypeString",
      "alias" : "MANAGE_SP2",
      "length" : 50
    },
    {
      "name" : "DETAIL_SPO",
      "type" : "esriFieldTypeString",
      "alias" : "DETAIL_SPO",
      "length" : 200
    },
    {
      "name" : "ETC_MATTER",
      "type" : "esriFieldTypeString",
      "alias" : "ETC_MATTER",
      "length" : 200
    },
    {
      "name" : "MNTN_NM",
      "type" : "esriFieldTypeString",
      "alias" : "MNTN_NM",
      "length" : 50
    },
    {
      "name" : "PAST_SPOT_",
      "type" : "esriFieldTypeString",
      "alias" : "PAST_SPOT_",
      "length" : 14
    },
    {
      "name" : "MNTN_ID",
      "type" : "esriFieldTypeString",
      "alias" : "MNTN_ID",
      "length" : 10
    }
  ],
  "features" : [
    {
      "attributes" : {
        "FID" : 0,
        "PMNTN_SPOT" : 40082,
        "MNTN_CODE" : "427700104",
        "MANAGE_SP1" : "01",
        "MANAGE_SP2" : "시종점",
        "DETAIL_SPO" : "시종점",
        "ETC_MATTER" : " ",
        "MNTN_NM" : "보양지산",
        "PAST_SPOT_" : "4277041010001",
        "MNTN_ID" : "427704101"
      },
      "geometry" : {
        "x" : 368892.94010001794,
        "y" : 546938.1202000007
      }
    },
    {
      "attributes" : {
        "FID" : 1,
        "PMNTN_SPOT" : 40083,
        "MNTN_CODE" : "427700104",
        "MANAGE_SP1" : "02",
        "MANAGE_SP2" : "분기점",
        "DETAIL_SPO" : "분기점",
        "ETC_MATTER" : " ",
        "MNTN_NM" : "보양지산",
        "PAST_SPOT_" : "4277041010002",
        "MNTN_ID" : "427704101"
      },
      "geometry" : {
        "x" : 369104.36790001765,
        "y" : 546675.16789999977
      }
    },
    {
      "attributes" : {
        "FID" : 2,
        "PMNTN_SPOT" : 40084,
        "MNTN_CODE" : "427700104",
        "MANAGE_SP1" : "23",
        "MANAGE_SP2" : "정상",
        "DETAIL_SPO" : "정상부,조망점",
        "ETC_MATTER" : "벤치 필요",
        "MNTN_NM" : "보양지산",
        "PAST_SPOT_" : "4277041010003",
        "MNTN_ID" : "427704101"
      },
      "geometry" : {
        "x" : 369694.81320003606,
        "y" : 546649.96829999983
      }
    },
    {
      "attributes" : {
        "FID" : 3,
        "PMNTN_SPOT" : 40085,
        "MNTN_CODE" : "427700104",
        "MANAGE_SP1" : "15",
        "MANAGE_SP2" : "훼손지",
        "DETAIL_SPO" : "훼손",
        "ETC_MATTER" : " ",
        "MNTN_NM" : "보양지산",
        "PAST_SPOT_" : "4277041010004",
        "MNTN_ID" : "427704101"
      },
      "geometry" : {
        "x" : 369633.66120003536,
        "y" : 546652.18670000695
      }
    },
    {
      "attributes" : {
        "FID" : 4,
        "PMNTN_SPOT" : 40086,
        "MNTN_CODE" : "427700104",
        "MANAGE_SP1" : "99",
        "MANAGE_SP2" : "기타",
        "DETAIL_SPO" : "묘지",
        "ETC_MATTER" : " ",
        "MNTN_NM" : "보양지산",
        "PAST_SPOT_" : "4277041010005",
        "MNTN_ID" : "427704101"
      },
      "geometry" : {
        "x" : 369376.13860003185,
        "y" : 546681.00190000422
      }
    },
    {
      "attributes" : {
        "FID" : 5,
        "PMNTN_SPOT" : 40087,
        "MNTN_CODE" : "427700104",
        "MANAGE_SP1" : "15",
        "MANAGE_SP2" : "훼손지",
        "DETAIL_SPO" : "훼손",
        "ETC_MATTER" : " ",
        "MNTN_NM" : "보양지산",
        "PAST_SPOT_" : "4277041010006",
        "MNTN_ID" : "427704101"
      },
      "geometry" : {
        "x" : 369256.89460003469,
        "y" : 546708.17120000347
      }
    },
    {
      "attributes" : {
        "FID" : 6,
        "PMNTN_SPOT" : 40088,
        "MNTN_CODE" : "427700104",
        "MANAGE_SP1" : "99",
        "MANAGE_SP2" : "기타",
        "DETAIL_SPO" : "경사지",
        "ETC_MATTER" : " ",
        "MNTN_NM" : "보양지산",
        "PAST_SPOT_" : "4277041010007",
        "MNTN_ID" : "427704101"
      },
      "geometry" : {
        "x" : 369255.09360003471,
        "y" : 546708.4233000055
      }
    },
    {
      "attributes" : {
        "FID" : 7,
        "PMNTN_SPOT" : 40089,
        "MNTN_CODE" : "427700104",
        "MANAGE_SP1" : "99",
        "MANAGE_SP2" : "기타",
        "DETAIL_SPO" : "경사지",
        "ETC_MATTER" : "로프 필요",
        "MNTN_NM" : "보양지산",
        "PAST_SPOT_" : "4277041010008",
        "MNTN_ID" : "427704101"
      },
      "geometry" : {
        "x" : 369238.14830003306,
        "y" : 546721.20480000973
      }
    },
    {
      "attributes" : {
        "FID" : 8,
        "PMNTN_SPOT" : 40090,
        "MNTN_CODE" : "427700104",
        "MANAGE_SP1" : "15",
        "MANAGE_SP2" : "훼손지",
        "DETAIL_SPO" : "훼손",
        "ETC_MATTER" : "다리 필요",
        "MNTN_NM" : "보양지산",
        "PAST_SPOT_" : "4277041010009",
        "MNTN_ID" : "427704101"
      },
      "geometry" : {
        "x" : 369215.7349000359,
        "y" : 546730.54370000213
      }
    }
  ]
}