{
  "displayFieldName" : "",
  "fieldAliases" : {
    "FID" : "FID",
    "PMNTN_SPOT" : "PMNTN_SPOT",
    "MNTN_CODE" : "MNTN_CODE",
    "MANAGE_SP1" : "MANAGE_SP1",
    "MANAGE_SP2" : "MANAGE_SP2",
    "DETAIL_SPO" : "DETAIL_SPO",
    "ETC_MATTER" : "ETC_MATTER",
    "MNTN_NM" : "MNTN_NM",
    "PAST_SPOT_" : "PAST_SPOT_",
    "MNTN_ID" : "MNTN_ID"
  },
  "geometryType" : "esriGeometryPoint",
  "spatialReference" : {
    "wkt" : "PROJCS[\"PCS_ITRF2000_TM\",GEOGCS[\"GCS_ITRF_2000\",DATUM[\"D_ITRF_2000\",SPHEROID[\"GRS_1980\",6378137.0,298.257222101]],PRIMEM[\"Greenwich\",0.0],UNIT[\"Degree\",0.0174532925199433]],PROJECTION[\"Transverse_Mercator\"],PARAMETER[\"False_Easting\",200000.0],PARAMETER[\"False_Northing\",600000.0],PARAMETER[\"Central_Meridian\",127.0],PARAMETER[\"Scale_Factor\",1.0],PARAMETER[\"Latitude_Of_Origin\",38.0],UNIT[\"Meter\",1.0]]"
  },
  "fields" : [
    {
      "name" : "FID",
      "type" : "esriFieldTypeOID",
      "alias" : "FID"
    },
    {
      "name" : "PMNTN_SPOT",
      "type" : "esriFieldTypeDouble",
      "alias" : "PMNTN_SPOT"
    },
    {
      "name" : "MNTN_CODE",
      "type" : "esriFieldTypeString",
      "alias" : "MNTN_CODE",
      "length" : 9
    },
    {
      "name" : "MANAGE_SP1",
      "type" : "esriFieldTypeString",
      "alias" : "MANAGE_SP1",
      "length" : 2
    },
    {
      "name" : "MANAGE_SP2",
      "type" : "esriFieldTypeString",
      "alias" : "MANAGE_SP2",
      "length" : 50
    },
    {
      "name" : "DETAIL_SPO",
      "type" : "esriFieldTypeString",
      "alias" : "DETAIL_SPO",
      "length" : 200
    },
    {
      "name" : "ETC_MATTER",
      "type" : "esriFieldTypeString",
      "alias" : "ETC_MATTER",
      "length" : 200
    },
    {
      "name" : "MNTN_NM",
      "type" : "esriFieldTypeString",
      "alias" : "MNTN_NM",
      "length" : 50
    },
    {
      "name" : "PAST_SPOT_",
      "type" : "esriFieldTypeString",
      "alias" : "PAST_SPOT_",
      "length" : 14
    },
    {
      "name" : "MNTN_ID",
      "type" : "esriFieldTypeString",
      "alias" : "MNTN_ID",
      "length" : 10
    }
  ],
  "features" : [
    {
      "attributes" : {
        "FID" : 0,
        "PMNTN_SPOT" : 6305,
        "MNTN_CODE" : "457900201",
        "MANAGE_SP1" : "99",
        "MANAGE_SP2" : "기타",
        "DETAIL_SPO" : "석현마을",
        "ETC_MATTER" : " ",
        "MNTN_NM" : "고산",
        "PAST_SPOT_" : "4579002010001",
        "MNTN_ID" : "457900201"
      },
      "geometry" : {
        "x" : 165178.53799999971,
        "y" : 303850.7620000001
      }
    },
    {
      "attributes" : {
        "FID" : 1,
        "PMNTN_SPOT" : 6306,
        "MNTN_CODE" : "457900201",
        "MANAGE_SP1" : "99",
        "MANAGE_SP2" : "기타",
        "DETAIL_SPO" : "임도",
        "ETC_MATTER" : " ",
        "MNTN_NM" : "고산",
        "PAST_SPOT_" : "4579002010002",
        "MNTN_ID" : "457900201"
      },
      "geometry" : {
        "x" : 165828.48699999973,
        "y" : 303976.84899999946
      }
    },
    {
      "attributes" : {
        "FID" : 2,
        "PMNTN_SPOT" : 6307,
        "MNTN_CODE" : "457900201",
        "MANAGE_SP1" : "99",
        "MANAGE_SP2" : "기타",
        "DETAIL_SPO" : "각씨봉",
        "ETC_MATTER" : " ",
        "MNTN_NM" : "고산",
        "PAST_SPOT_" : "4579002010003",
        "MNTN_ID" : "457900201"
      },
      "geometry" : {
        "x" : 166258.92499999981,
        "y" : 303841.60799999908
      }
    },
    {
      "attributes" : {
        "FID" : 3,
        "PMNTN_SPOT" : 6308,
        "MNTN_CODE" : "457900201",
        "MANAGE_SP1" : "99",
        "MANAGE_SP2" : "기타",
        "DETAIL_SPO" : "깃대봉",
        "ETC_MATTER" : " ",
        "MNTN_NM" : "고산",
        "PAST_SPOT_" : "4579002010004",
        "MNTN_ID" : "457900201"
      },
      "geometry" : {
        "x" : 166922.82199999969,
        "y" : 303748.39999999851
      }
    },
    {
      "attributes" : {
        "FID" : 4,
        "PMNTN_SPOT" : 6309,
        "MNTN_CODE" : "457900201",
        "MANAGE_SP1" : "99",
        "MANAGE_SP2" : "기타",
        "DETAIL_SPO" : "용두암",
        "ETC_MATTER" : " ",
        "MNTN_NM" : "고산",
        "PAST_SPOT_" : "4579002010005",
        "MNTN_ID" : "457900201"
      },
      "geometry" : {
        "x" : 167206.30200000014,
        "y" : 303560.26300000213
      }
    },
    {
      "attributes" : {
        "FID" : 5,
        "PMNTN_SPOT" : 6310,
        "MNTN_CODE" : "457900201",
        "MANAGE_SP1" : "99",
        "MANAGE_SP2" : "기타",
        "DETAIL_SPO" : "띠꾸리봉",
        "ETC_MATTER" : " ",
        "MNTN_NM" : "고산",
        "PAST_SPOT_" : "4579002010006",
        "MNTN_ID" : "457900201"
      },
      "geometry" : {
        "x" : 167435.68900000025,
        "y" : 303448.25200000033
      }
    },
    {
      "attributes" : {
        "FID" : 6,
        "PMNTN_SPOT" : 6311,
        "MNTN_CODE" : "457900201",
        "MANAGE_SP1" : "99",
        "MANAGE_SP2" : "기타",
        "DETAIL_SPO" : "촛대봉,고산상성",
        "ETC_MATTER" : " ",
        "MNTN_NM" : "고산",
        "PAST_SPOT_" : "4579002010007",
        "MNTN_ID" : "457900201"
      },
      "geometry" : {
        "x" : 167661.08000000101,
        "y" : 303458.70299999975
      }
    },
    {
      "attributes" : {
        "FID" : 7,
        "PMNTN_SPOT" : 6312,
        "MNTN_CODE" : "457900201",
        "MANAGE_SP1" : "23",
        "MANAGE_SP2" : "정상",
        "DETAIL_SPO" : "고산정상",
        "ETC_MATTER" : " ",
        "MNTN_NM" : "고산",
        "PAST_SPOT_" : "4579002010008",
        "MNTN_ID" : "457900201"
      },
      "geometry" : {
        "x" : 167857.48700000159,
        "y" : 303647.80100000091
      }
    },
    {
      "attributes" : {
        "FID" : 8,
        "PMNTN_SPOT" : 6313,
        "MNTN_CODE" : "457900201",
        "MANAGE_SP1" : "01",
        "MANAGE_SP2" : "시종점",
        "DETAIL_SPO" : "시종점",
        "ETC_MATTER" : " ",
        "MNTN_NM" : "고산",
        "PAST_SPOT_" : "4579002010009",
        "MNTN_ID" : "457900201"
      },
      "geometry" : {
        "x" : 165162.08270000014,
        "y" : 303827.92770000361
      }
    },
    {
      "attributes" : {
        "FID" : 9,
        "PMNTN_SPOT" : 6314,
        "MNTN_CODE" : "457900201",
        "MANAGE_SP1" : "01",
        "MANAGE_SP2" : "시종점",
        "DETAIL_SPO" : "시종점",
        "ETC_MATTER" : " ",
        "MNTN_NM" : "고산",
        "PAST_SPOT_" : "4579002010010",
        "MNTN_ID" : "457900201"
      },
      "geometry" : {
        "x" : 167855.53200000059,
        "y" : 303647.42459999956
      }
    },
    {
      "attributes" : {
        "FID" : 10,
        "PMNTN_SPOT" : 95911,
        "MNTN_CODE" : "457900201",
        "MANAGE_SP1" : "15",
        "MANAGE_SP2" : "훼손지",
        "DETAIL_SPO" : "훼손지",
        "ETC_MATTER" : " ",
        "MNTN_NM" : "고산",
        "PAST_SPOT_" : "4579002010011",
        "MNTN_ID" : "457900201"
      },
      "geometry" : {
        "x" : 166037.51299999974,
        "y" : 303996.97700000013
      }
    },
    {
      "attributes" : {
        "FID" : 11,
        "PMNTN_SPOT" : 95912,
        "MNTN_CODE" : "457900201",
        "MANAGE_SP1" : "15",
        "MANAGE_SP2" : "훼손지",
        "DETAIL_SPO" : "훼손지",
        "ETC_MATTER" : " ",
        "MNTN_NM" : "고산",
        "PAST_SPOT_" : "4579002010012",
        "MNTN_ID" : "457900201"
      },
      "geometry" : {
        "x" : 166653.91700000069,
        "y" : 303813.88099999895
      }
    },
    {
      "attributes" : {
        "FID" : 12,
        "PMNTN_SPOT" : 95913,
        "MNTN_CODE" : "457900201",
        "MANAGE_SP1" : "12",
        "MANAGE_SP2" : "위험지역",
        "DETAIL_SPO" : "위험지역",
        "ETC_MATTER" : " ",
        "MNTN_NM" : "고산",
        "PAST_SPOT_" : "4579002010013",
        "MNTN_ID" : "457900201"
      },
      "geometry" : {
        "x" : 167497.35199999929,
        "y" : 303458.84100000019
      }
    },
    {
      "attributes" : {
        "FID" : 13,
        "PMNTN_SPOT" : 95914,
        "MNTN_CODE" : "457900201",
        "MANAGE_SP1" : "12",
        "MANAGE_SP2" : "위험지역",
        "DETAIL_SPO" : "위험지역",
        "ETC_MATTER" : " ",
        "MNTN_NM" : "고산",
        "PAST_SPOT_" : "4579002010014",
        "MNTN_ID" : "457900201"
      },
      "geometry" : {
        "x" : 167544.91700000054,
        "y" : 303471.57999999984
      }
    }
  ]
}