{
  "displayFieldName" : "",
  "fieldAliases" : {
    "FID" : "FID",
    "SAFE_SPOT1" : "SAFE_SPOT1",
    "SAFE_SPOT2" : "SAFE_SPOT2",
    "SAFE_SPOT3" : "SAFE_SPOT3",
    "MGC" : "MGC",
    "ETC_MATTER" : "ETC_MATTER",
    "MNTN_NM" : "MNTN_NM"
  },
  "geometryType" : "esriGeometryPoint",
  "spatialReference" : {
    "wkt" : "PROJCS[\"PCS_ITRF2000_TM\",GEOGCS[\"GCS_ITRF_2000\",DATUM[\"D_ITRF_2000\",SPHEROID[\"GRS_1980\",6378137.0,298.257222101]],PRIMEM[\"Greenwich\",0.0],UNIT[\"Degree\",0.0174532925199433]],PROJECTION[\"Transverse_Mercator\"],PARAMETER[\"False_Easting\",200000.0],PARAMETER[\"False_Northing\",600000.0],PARAMETER[\"Central_Meridian\",127.0],PARAMETER[\"Scale_Factor\",1.0],PARAMETER[\"Latitude_Of_Origin\",38.0],UNIT[\"Meter\",1.0]]"
  },
  "fields" : [
    {
      "name" : "FID",
      "type" : "esriFieldTypeOID",
      "alias" : "FID"
    },
    {
      "name" : "SAFE_SPOT1",
      "type" : "esriFieldTypeDouble",
      "alias" : "SAFE_SPOT1"
    },
    {
      "name" : "SAFE_SPOT2",
      "type" : "esriFieldTypeString",
      "alias" : "SAFE_SPOT2",
      "length" : 50
    },
    {
      "name" : "SAFE_SPOT3",
      "type" : "esriFieldTypeString",
      "alias" : "SAFE_SPOT3",
      "length" : 50
    },
    {
      "name" : "MGC",
      "type" : "esriFieldTypeString",
      "alias" : "MGC",
      "length" : 50
    },
    {
      "name" : "ETC_MATTER",
      "type" : "esriFieldTypeString",
      "alias" : "ETC_MATTER",
      "length" : 200
    },
    {
      "name" : "MNTN_NM",
      "type" : "esriFieldTypeString",
      "alias" : "MNTN_NM",
      "length" : 50
    }
  ],
  "features" : [
    {
      "attributes" : {
        "FID" : 0,
        "SAFE_SPOT1" : 6947,
        "SAFE_SPOT2" : "산악위치표지판",
        "SAFE_SPOT3" : "갈기산 3지점",
        "MGC" : "영동소방서",
        "ETC_MATTER" : " ",
        "MNTN_NM" : "갈기산"
      },
      "geometry" : {
        "x" : 256993.80840729829,
        "y" : 391189.93882488087
      }
    },
    {
      "attributes" : {
        "FID" : 1,
        "SAFE_SPOT1" : 6948,
        "SAFE_SPOT2" : "산악위치표지판",
        "SAFE_SPOT3" : "갈기산 6지점",
        "MGC" : "영동소방서",
        "ETC_MATTER" : " ",
        "MNTN_NM" : "갈기산"
      },
      "geometry" : {
        "x" : 256859.1572982762,
        "y" : 390626.33914227597
      }
    },
    {
      "attributes" : {
        "FID" : 2,
        "SAFE_SPOT1" : 6949,
        "SAFE_SPOT2" : "산악위치표지판",
        "SAFE_SPOT3" : "갈기산 5지점",
        "MGC" : "영동소방서",
        "ETC_MATTER" : " ",
        "MNTN_NM" : "갈기산"
      },
      "geometry" : {
        "x" : 256542.45553184301,
        "y" : 390728.43700373545
      }
    },
    {
      "attributes" : {
        "FID" : 3,
        "SAFE_SPOT1" : 6950,
        "SAFE_SPOT2" : "산악위치표지판",
        "SAFE_SPOT3" : "갈기산 2지점",
        "MGC" : "영동소방서",
        "ETC_MATTER" : " ",
        "MNTN_NM" : "갈기산"
      },
      "geometry" : {
        "x" : 256538.05726784281,
        "y" : 391138.88648007624
      }
    },
    {
      "attributes" : {
        "FID" : 4,
        "SAFE_SPOT1" : 6951,
        "SAFE_SPOT2" : "산악위치표지판",
        "SAFE_SPOT3" : "갈기산 4지점",
        "MGC" : "영동소방서",
        "ETC_MATTER" : " ",
        "MNTN_NM" : "갈기산"
      },
      "geometry" : {
        "x" : 256346.59791940264,
        "y" : 390419.99704560451
      }
    },
    {
      "attributes" : {
        "FID" : 5,
        "SAFE_SPOT1" : 6952,
        "SAFE_SPOT2" : "산악위치표지판",
        "SAFE_SPOT3" : "갈기산 1지점",
        "MGC" : "영동소방서",
        "ETC_MATTER" : " ",
        "MNTN_NM" : "갈기산"
      },
      "geometry" : {
        "x" : 255874.75282903295,
        "y" : 391825.69522874244
      }
    }
  ]
}