{
  "displayFieldName" : "",
  "fieldAliases" : {
    "FID" : "FID",
    "PMNTN_SN" : "PMNTN_SN",
    "MNTN_CODE" : "MNTN_CODE",
    "MNTN_NM" : "MNTN_NM",
    "PMNTN_NM" : "PMNTN_NM",
    "PMNTN_MAIN" : "PMNTN_MAIN",
    "PMNTN_LT" : "PMNTN_LT",
    "PMNTN_DFFL" : "PMNTN_DFFL",
    "PMNTN_UPPL" : "PMNTN_UPPL",
    "PMNTN_GODN" : "PMNTN_GODN",
    "PMNTN_MTRQ" : "PMNTN_MTRQ",
    "PMNTN_CNRL" : "PMNTN_CNRL",
    "PMNTN_CLS_" : "PMNTN_CLS_",
    "PMNTN_RISK" : "PMNTN_RISK",
    "PMNTN_RECO" : "PMNTN_RECO",
    "DATA_STDR_" : "DATA_STDR_",
    "MNTN_ID" : "MNTN_ID"
  },
  "geometryType" : "esriGeometryPolyline",
  "spatialReference" : {
    "wkt" : "PROJCS[\"PCS_ITRF2000_TM\",GEOGCS[\"GCS_ITRF_2000\",DATUM[\"D_ITRF_2000\",SPHEROID[\"GRS_1980\",6378137.0,298.257222101]],PRIMEM[\"Greenwich\",0.0],UNIT[\"Degree\",0.0174532925199433]],PROJECTION[\"Transverse_Mercator\"],PARAMETER[\"False_Easting\",200000.0],PARAMETER[\"False_Northing\",600000.0],PARAMETER[\"Central_Meridian\",127.0],PARAMETER[\"Scale_Factor\",1.0],PARAMETER[\"Latitude_Of_Origin\",38.0],UNIT[\"Meter\",1.0]]"
  },
  "fields" : [
    {
      "name" : "FID",
      "type" : "esriFieldTypeOID",
      "alias" : "FID"
    },
    {
      "name" : "PMNTN_SN",
      "type" : "esriFieldTypeDouble",
      "alias" : "PMNTN_SN"
    },
    {
      "name" : "MNTN_CODE",
      "type" : "esriFieldTypeString",
      "alias" : "MNTN_CODE",
      "length" : 9
    },
    {
      "name" : "MNTN_NM",
      "type" : "esriFieldTypeString",
      "alias" : "MNTN_NM",
      "length" : 50
    },
    {
      "name" : "PMNTN_NM",
      "type" : "esriFieldTypeString",
      "alias" : "PMNTN_NM",
      "length" : 50
    },
    {
      "name" : "PMNTN_MAIN",
      "type" : "esriFieldTypeString",
      "alias" : "PMNTN_MAIN",
      "length" : 200
    },
    {
      "name" : "PMNTN_LT",
      "type" : "esriFieldTypeSingle",
      "alias" : "PMNTN_LT"
    },
    {
      "name" : "PMNTN_DFFL",
      "type" : "esriFieldTypeString",
      "alias" : "PMNTN_DFFL",
      "length" : 8
    },
    {
      "name" : "PMNTN_UPPL",
      "type" : "esriFieldTypeDouble",
      "alias" : "PMNTN_UPPL"
    },
    {
      "name" : "PMNTN_GODN",
      "type" : "esriFieldTypeDouble",
      "alias" : "PMNTN_GODN"
    },
    {
      "name" : "PMNTN_MTRQ",
      "type" : "esriFieldTypeString",
      "alias" : "PMNTN_MTRQ",
      "length" : 200
    },
    {
      "name" : "PMNTN_CNRL",
      "type" : "esriFieldTypeString",
      "alias" : "PMNTN_CNRL",
      "length" : 1
    },
    {
      "name" : "PMNTN_CLS_",
      "type" : "esriFieldTypeString",
      "alias" : "PMNTN_CLS_",
      "length" : 1
    },
    {
      "name" : "PMNTN_RISK",
      "type" : "esriFieldTypeString",
      "alias" : "PMNTN_RISK",
      "length" : 200
    },
    {
      "name" : "PMNTN_RECO",
      "type" : "esriFieldTypeString",
      "alias" : "PMNTN_RECO",
      "length" : 1
    },
    {
      "name" : "DATA_STDR_",
      "type" : "esriFieldTypeString",
      "alias" : "DATA_STDR_",
      "length" : 10
    },
    {
      "name" : "MNTN_ID",
      "type" : "esriFieldTypeString",
      "alias" : "MNTN_ID",
      "length" : 10
    }
  ],
  "features" : [
    {
      "attributes" : {
        "FID" : 0,
        "PMNTN_SN" : 14450,
        "MNTN_CODE" : "468302301",
        "MNTN_NM" : "두억봉",
        "PMNTN_NM" : "가학리구간",
        "PMNTN_MAIN" : " ",
        "PMNTN_LT" : 2.73,
        "PMNTN_DFFL" : "쉬움",
        "PMNTN_UPPL" : 48,
        "PMNTN_GODN" : 34,
        "PMNTN_MTRQ" : " ",
        "PMNTN_CNRL" : " ",
        "PMNTN_CLS_" : " ",
        "PMNTN_RISK" : " ",
        "PMNTN_RECO" : " ",
        "DATA_STDR_" : "2016-12-31",
        "MNTN_ID" : "468302301"
      },
      "geometry" : {
        "paths" : [
          [
            [
              163860.18860000093,
              232445.80190000124
            ],
            [
              163854.62440000009,
              232441.2880000025
            ],
            [
              163854.81030000001,
              232422.79530000128
            ],
            [
              163846.62740000151,
              232415.51990000159
            ],
            [
              163820.07220000215,
              232368.41180000082
            ],
            [
              163813.09750000015,
              232290.38939999975
            ],
            [
              163804.80870000087,
              232272.59369999915
            ],
            [
              163801.05349999946,
              232254.63350000046
            ],
            [
              163799.26630000025,
              232211.85309999995
            ],
            [
              163793.71940000076,
              232203.74830000103
            ],
            [
              163791.07990000304,
              232190.49009999819
            ],
            [
              163792.11789999902,
              232179.89609999768
            ],
            [
              163804.71009999886,
              232157.31670000032
            ],
            [
              163811.29620000161,
              232133.58159999922
            ],
            [
              163808.51400000229,
              232117.44360000081
            ],
            [
              163807.87940000091,
              232101.21450000256
            ],
            [
              163812.82630000077,
              232087.70950000174
            ],
            [
              163816.15720000304,
              232065.36980000325
            ],
            [
              163822.3915000027,
              232031.21480000392
            ],
            [
              163826.83690000046,
              232015.0700000003
            ],
            [
              163839.23730000015,
              231935.98699999973
            ],
            [
              163860.45360000152,
              231830.1985000018
            ],
            [
              163862.07820000034,
              231817.2491999995
            ],
            [
              163878.34370000195,
              231801.34160000086
            ],
            [
              163910.90760000143,
              231776.2519000005
            ],
            [
              163927.4914000025,
              231758.99239999987
            ],
            [
              163941.73330000229,
              231743.12950000167
            ],
            [
              163957.37270000204,
              231734.08280000091
            ],
            [
              163966.0075999992,
              231723.54420000128
            ],
            [
              163980.21870000102,
              231722.26410000026
            ],
            [
              163996.82510000374,
              231710.82679999992
            ],
            [
              164011.53160000127,
              231697.96330000088
            ],
            [
              164038.21390000265,
              231675.43610000238
            ],
            [
              164052.23370000254,
              231676.71480000392
            ],
            [
              164066.1074000001,
              231669.4384000022
            ],
            [
              164090.48900000378,
              231649.57040000334
            ],
            [
              164094.75590000115,
              231636.52070000209
            ],
            [
              164094.5604000017,
              231619.70350000262
            ],
            [
              164095.51940000337,
              231608.4860999994
            ],
            [
              164100.66740000062,
              231592.82679999992
            ],
            [
              164101.77190000191,
              231580.19319999963
            ],
            [
              164105.40640000254,
              231575.56069999933
            ],
            [
              164109.4430999998,
              231568.65730000101
            ],
            [
              164113.06599999964,
              231562.13240000047
            ],
            [
              164120.10149999987,
              231549.46130000241
            ],
            [
              164126.3945000032,
              231532.89310000278
            ],
            [
              164133.5839999998,
              231540.25000000186
            ],
            [
              164137.125,
              231547.06550000235
            ],
            [
              164143.69660000224,
              231558.2452000007
            ],
            [
              164148.59750000015,
              231566.92620000057
            ],
            [
              164155.64220000058,
              231574.11310000159
            ],
            [
              164156.37940000091,
              231579.4012000002
            ],
            [
              164160.66510000359,
              231588.79590000212
            ],
            [
              164164.28439999931,
              231595.23819999956
            ],
            [
              164172.6316000009,
              231602.74880000018
            ],
            [
              164174.81429999974,
              231608.97100000083
            ],
            [
              164178.20909999963,
              231614.68190000392
            ],
            [
              164186.61980000325,
              231620.30320000276
            ],
            [
              164188.76360000204,
              231620.48300000094
            ],
            [
              164193.68250000104,
              231624.0233000014
            ],
            [
              164204.03280000016,
              231625.96480000205
            ],
            [
              164215.86260000058,
              231629.97180000134
            ],
            [
              164228.83710000105,
              231637.85820000246
            ],
            [
              164234.84430000093,
              231639.04870000109
            ],
            [
              164242.96360000037,
              231644.81560000032
            ],
            [
              164246.17960000131,
              231647.51339999959
            ],
            [
              164251.45570000075,
              231648.07840000093
            ],
            [
              164260.58449999988,
              231651.9606000036
            ],
            [
              164264.14180000126,
              231655.93490000069
            ],
            [
              164275.58280000091,
              231656.87900000438
            ],
            [
              164287.28350000083,
              231665.1436999999
            ],
            [
              164292.4812000012,
              231669.51300000399
            ],
            [
              164295.99340000004,
              231674.81100000255
            ],
            [
              164302.66590000223,
              231678.0746000018
            ],
            [
              164309.39230000228,
              231680.85940000415
            ],
            [
              164316.81130000111,
              231680.27490000054
            ],
            [
              164324.20440000296,
              231685.14020000212
            ],
            [
              164334.82770000026,
              231685.04659999907
            ],
            [
              164342.21510000061,
              231688.44370000251
            ],
            [
              164356.01420000102,
              231697.19940000214
            ],
            [
              164360.96430000104,
              231705.98929999955
            ],
            [
              164370.33129999973,
              231712.80450000055
            ],
            [
              164377.74700000323,
              231723.54230000265
            ],
            [
              164382.07070000004,
              231725.59440000355
            ],
            [
              164381.21760000195,
              231734.10600000247
            ],
            [
              164384.07930000126,
              231740.97820000164
            ],
            [
              164390.53040000331,
              231742.17510000244
            ],
            [
              164393.97549999971,
              231743.14049999975
            ],
            [
              164405.10130000301,
              231747.38499999978
            ],
            [
              164410.97350000124,
              231749.49709999934
            ],
            [
              164420.68500000052,
              231755.75840000063
            ],
            [
              164428.87429999933,
              231761.79770000093
            ],
            [
              164436.24300000072,
              231767.74540000223
            ],
            [
              164442.68940000143,
              231761.08689999767
            ],
            [
              164448.83610000089,
              231759.84249999933
            ],
            [
              164456.29800000228,
              231761.04729999788
            ],
            [
              164459.38269999996,
              231770.06919999979
            ],
            [
              164466.07230000012,
              231770.69769999944
            ],
            [
              164471.78610000387,
              231772.19319999963
            ],
            [
              164474.43450000137,
              231774.32760000229
            ],
            [
              164476.86440000031,
              231780.00240000337
            ],
            [
              164482.52650000062,
              231788.3252000045
            ],
            [
              164494.83290000167,
              231792.7678999994
            ],
            [
              164501.81300000008,
              231794.19209999964
            ],
            [
              164516.50650000107,
              231797.19610000215
            ],
            [
              164523.31620000303,
              231797.45739999972
            ],
            [
              164530.05140000209,
              231801.73420000263
            ],
            [
              164533.11909999978,
              231804.57970000431
            ],
            [
              164538.39070000127,
              231804.33900000341
            ],
            [
              164544.47470000293,
              231815.99640000425
            ],
            [
              164555.2862999998,
              231819.96490000002
            ],
            [
              164557.56120000128,
              231824.26220000163
            ],
            [
              164567.49820000026,
              231830.06359999999
            ],
            [
              164575.94919999968,
              231831.44959999993
            ],
            [
              164588.48940000404,
              231832.54100000113
            ],
            [
              164597.86180000007,
              231830.64930000342
            ],
            [
              164610.83040000033,
              231823.67250000127
            ],
            [
              164619.23700000346,
              231826.77649999969
            ],
            [
              164639.45300000068,
              231832.10370000266
            ],
            [
              164650.03550000023,
              231829.24610000104
            ],
            [
              164660.99570000265,
              231825.30140000395
            ],
            [
              164674.18840000033,
              231831.61850000173
            ],
            [
              164697.64379999973,
              231839.32059999928
            ],
            [
              164707.57150000148,
              231840.01360000111
            ],
            [
              164715.425400001,
              231839.08690000325
            ],
            [
              164727.0755000012,
              231840.13810000382
            ],
            [
              164737.23370000068,
              231847.44130000286
            ],
            [
              164742.40030000266,
              231853.22000000253
            ],
            [
              164755.0764000034,
              231852.4280999992
            ],
            [
              164775.21040000208,
              231854.01510000043
            ],
            [
              164791.15190000273,
              231860.08440000005
            ],
            [
              164801.99690000061,
              231867.8730999995
            ],
            [
              164815.86120000016,
              231868.94249999896
            ],
            [
              164823.41910000145,
              231869.11379999854
            ],
            [
              164824.22160000075,
              231871.03160000034
            ],
            [
              164828.15309999976,
              231875.74699999951
            ],
            [
              164831.0485000005,
              231882.06060000136
            ],
            [
              164841.10230000131,
              231901.30939999968
            ],
            [
              164859.89090000279,
              231956.9616000019
            ],
            [
              164899.61799999978,
              232063.04340000078
            ],
            [
              164913.7248999998,
              232153.03270000033
            ],
            [
              164941.63290000055,
              232252.75580000132
            ],
            [
              164951.66440000013,
              232299.14059999958
            ],
            [
              164955.3077000035,
              232307.09200000204
            ],
            [
              164959.66430000123,
              232340.77100000158
            ],
            [
              164988.85969999991,
              232401.3348999992
            ],
            [
              164999.91550000012,
              232416.37100000307
            ],
            [
              165010.4319000002,
              232423.36140000075
            ],
            [
              165023.00530000124,
              232433.31970000267
            ],
            [
              165036.69760000054,
              232439.5671999976
            ],
            [
              165054.40859999973,
              232449.43759999983
            ],
            [
              165072.19539999962,
              232459.74530000053
            ],
            [
              165085.45930000395,
              232475.53199999966
            ],
            [
              165111.67619999964,
              232500.70079999976
            ],
            [
              165120.73990000319,
              232520.9066000022
            ],
            [
              165123.97599999979,
              232536.95470000245
            ],
            [
              165129.58710000105,
              232557.39670000225
            ],
            [
              165137.63470000029,
              232567.84070000052
            ],
            [
              165147.53940000106,
              232570.03020000271
            ]
          ]
        ]
      }
    }
  ]
}