{
  "displayFieldName" : "",
  "fieldAliases" : {
    "FID" : "FID",
    "PMNTN_SN" : "PMNTN_SN",
    "MNTN_CODE" : "MNTN_CODE",
    "MNTN_NM" : "MNTN_NM",
    "PMNTN_NM" : "PMNTN_NM",
    "PMNTN_MAIN" : "PMNTN_MAIN",
    "PMNTN_LT" : "PMNTN_LT",
    "PMNTN_DFFL" : "PMNTN_DFFL",
    "PMNTN_UPPL" : "PMNTN_UPPL",
    "PMNTN_GODN" : "PMNTN_GODN",
    "PMNTN_MTRQ" : "PMNTN_MTRQ",
    "PMNTN_CNRL" : "PMNTN_CNRL",
    "PMNTN_CLS_" : "PMNTN_CLS_",
    "PMNTN_RISK" : "PMNTN_RISK",
    "PMNTN_RECO" : "PMNTN_RECO",
    "DATA_STDR_" : "DATA_STDR_",
    "MNTN_ID" : "MNTN_ID"
  },
  "geometryType" : "esriGeometryPolyline",
  "spatialReference" : {
    "wkt" : "PROJCS[\"PCS_ITRF2000_TM\",GEOGCS[\"GCS_ITRF_2000\",DATUM[\"D_ITRF_2000\",SPHEROID[\"GRS_1980\",6378137.0,298.257222101]],PRIMEM[\"Greenwich\",0.0],UNIT[\"Degree\",0.0174532925199433]],PROJECTION[\"Transverse_Mercator\"],PARAMETER[\"False_Easting\",200000.0],PARAMETER[\"False_Northing\",600000.0],PARAMETER[\"Central_Meridian\",127.0],PARAMETER[\"Scale_Factor\",1.0],PARAMETER[\"Latitude_Of_Origin\",38.0],UNIT[\"Meter\",1.0]]"
  },
  "fields" : [
    {
      "name" : "FID",
      "type" : "esriFieldTypeOID",
      "alias" : "FID"
    },
    {
      "name" : "PMNTN_SN",
      "type" : "esriFieldTypeDouble",
      "alias" : "PMNTN_SN"
    },
    {
      "name" : "MNTN_CODE",
      "type" : "esriFieldTypeString",
      "alias" : "MNTN_CODE",
      "length" : 9
    },
    {
      "name" : "MNTN_NM",
      "type" : "esriFieldTypeString",
      "alias" : "MNTN_NM",
      "length" : 50
    },
    {
      "name" : "PMNTN_NM",
      "type" : "esriFieldTypeString",
      "alias" : "PMNTN_NM",
      "length" : 50
    },
    {
      "name" : "PMNTN_MAIN",
      "type" : "esriFieldTypeString",
      "alias" : "PMNTN_MAIN",
      "length" : 200
    },
    {
      "name" : "PMNTN_LT",
      "type" : "esriFieldTypeSingle",
      "alias" : "PMNTN_LT"
    },
    {
      "name" : "PMNTN_DFFL",
      "type" : "esriFieldTypeString",
      "alias" : "PMNTN_DFFL",
      "length" : 8
    },
    {
      "name" : "PMNTN_UPPL",
      "type" : "esriFieldTypeDouble",
      "alias" : "PMNTN_UPPL"
    },
    {
      "name" : "PMNTN_GODN",
      "type" : "esriFieldTypeDouble",
      "alias" : "PMNTN_GODN"
    },
    {
      "name" : "PMNTN_MTRQ",
      "type" : "esriFieldTypeString",
      "alias" : "PMNTN_MTRQ",
      "length" : 200
    },
    {
      "name" : "PMNTN_CNRL",
      "type" : "esriFieldTypeString",
      "alias" : "PMNTN_CNRL",
      "length" : 1
    },
    {
      "name" : "PMNTN_CLS_",
      "type" : "esriFieldTypeString",
      "alias" : "PMNTN_CLS_",
      "length" : 1
    },
    {
      "name" : "PMNTN_RISK",
      "type" : "esriFieldTypeString",
      "alias" : "PMNTN_RISK",
      "length" : 200
    },
    {
      "name" : "PMNTN_RECO",
      "type" : "esriFieldTypeString",
      "alias" : "PMNTN_RECO",
      "length" : 1
    },
    {
      "name" : "DATA_STDR_",
      "type" : "esriFieldTypeString",
      "alias" : "DATA_STDR_",
      "length" : 10
    },
    {
      "name" : "MNTN_ID",
      "type" : "esriFieldTypeString",
      "alias" : "MNTN_ID",
      "length" : 10
    }
  ],
  "features" : [
    {
      "attributes" : {
        "FID" : 0,
        "PMNTN_SN" : 3514,
        "MNTN_CODE" : "461503901",
        "MNTN_NM" : "고동산",
        "PMNTN_NM" : "평사리구간",
        "PMNTN_MAIN" : " ",
        "PMNTN_LT" : 4.23,
        "PMNTN_DFFL" : "쉬움",
        "PMNTN_UPPL" : 79,
        "PMNTN_GODN" : 56,
        "PMNTN_MTRQ" : " ",
        "PMNTN_CNRL" : " ",
        "PMNTN_CLS_" : " ",
        "PMNTN_RISK" : " ",
        "PMNTN_RECO" : " ",
        "DATA_STDR_" : "2016-12-31",
        "MNTN_ID" : "461503901"
      },
      "geometry" : {
        "paths" : [
          [
            [
              228446.81390000042,
              264407.68759999983
            ],
            [
              228431.1799999997,
              264400.82950000279
            ],
            [
              228424.81689999998,
              264396.90480000153
            ],
            [
              228418.69580000173,
              264393.80100000091
            ],
            [
              228413.37899999972,
              264388.83890000172
            ],
            [
              228402.81540000252,
              264383.09670000151
            ],
            [
              228397.53200000152,
              264371.22890000045
            ],
            [
              228396.60100000352,
              264370.33330000192
            ],
            [
              228384.39540000074,
              264364.51640000194
            ],
            [
              228377.12830000091,
              264358.28569999896
            ],
            [
              228372.54590000305,
              264357.07010000199
            ],
            [
              228370.52580000088,
              264355.00490000285
            ],
            [
              228370.76580000389,
              264344.06690000184
            ],
            [
              228364.6632000003,
              264322.62299999967
            ],
            [
              228365.67470000032,
              264317.5485999994
            ],
            [
              228365.10900000203,
              264310.99750000238
            ],
            [
              228370.9365000017,
              264308.97800000198
            ],
            [
              228374.38070000149,
              264303.77070000209
            ],
            [
              228376.73110000044,
              264300.80650000088
            ],
            [
              228379.87150000036,
              264297.14059999958
            ],
            [
              228379.28029999882,
              264292.51860000193
            ],
            [
              228376.4142000014,
              264290.05320000276
            ],
            [
              228371.13520000037,
              264288.65789999813
            ],
            [
              228367.89110000245,
              264287.81929999962
            ],
            [
              228366.10769999959,
              264284.24459999986
            ],
            [
              228369.35690000374,
              264279.90490000322
            ],
            [
              228368.27599999961,
              264275.45910000242
            ],
            [
              228366.99680000078,
              264271.33180000447
            ],
            [
              228363.21389999893,
              264269.75009999983
            ],
            [
              228359.8738000039,
              264269.47870000266
            ],
            [
              228355.97400000226,
              264265.87050000206
            ],
            [
              228351.0560999997,
              264260.88630000129
            ],
            [
              228348.49840000272,
              264252.63030000217
            ],
            [
              228347.4653000012,
              264245.11450000107
            ],
            [
              228347.41370000131,
              264240.87270000018
            ],
            [
              228349.25430000015,
              264237.67689999938
            ],
            [
              228351.98859999981,
              264233.07080000266
            ],
            [
              228354.61730000097,
              264225.26810000092
            ],
            [
              228355.0186999999,
              264224.15340000391
            ],
            [
              228356.17760000005,
              264216.1018000003
            ],
            [
              228357.76010000333,
              264210.85180000216
            ],
            [
              228357.1239000028,
              264202.80020000041
            ],
            [
              228354.85879999958,
              264198.79600000195
            ],
            [
              228360.34279999975,
              264186.39740000106
            ],
            [
              228363.38710000087,
              264182.5401000008
            ],
            [
              228366.74380000122,
              264181.61200000159
            ],
            [
              228373.59520000033,
              264181.34380000271
            ],
            [
              228378.08280000091,
              264179.0484000016
            ],
            [
              228382.81159999967,
              264174.45770000108
            ],
            [
              228389.17260000203,
              264153.04830000177
            ],
            [
              228391.55150000099,
              264150.1633999981
            ],
            [
              228394.31700000074,
              264149.66050000116
            ],
            [
              228403.05389999971,
              264129.12729999982
            ],
            [
              228404.77470000088,
              264122.51740000397
            ],
            [
              228405.62910000142,
              264117.82580000162
            ],
            [
              228404.77270000055,
              264110.26209999993
            ],
            [
              228404.68010000233,
              264104.33060000278
            ],
            [
              228411.49170000385,
              264072.74280000106
            ],
            [
              228409.58110000007,
              264068.33740000241
            ],
            [
              228403.0466999989,
              264067.32250000164
            ],
            [
              228398.6950000003,
              264067.20790000074
            ],
            [
              228396.83490000013,
              264064.15870000236
            ],
            [
              228394.1762000015,
              264057.35769999959
            ],
            [
              228401.07050000038,
              264045.87650000304
            ],
            [
              228401.03170000203,
              264034.10869999975
            ],
            [
              228399.66610000096,
              264022.98980000243
            ],
            [
              228396.88790000044,
              264016.19950000197
            ],
            [
              228394.07620000001,
              264005.1269000005
            ],
            [
              228389.15969999973,
              263994.48440000042
            ],
            [
              228385.99000000022,
              263987.12450000271
            ],
            [
              228381.45820000116,
              263972.51099999994
            ],
            [
              228384.23900000006,
              263914.78370000049
            ],
            [
              228386.13430000003,
              263910.38260000199
            ],
            [
              228386.41570000071,
              263906.71270000003
            ],
            [
              228385.81990000047,
              263902.99510000274
            ],
            [
              228384.44270000141,
              263900.85690000094
            ],
            [
              228382.72920000087,
              263899.9458000008
            ],
            [
              228379.49399999995,
              263897.70329999924
            ],
            [
              228377.96139999945,
              263895.4571000021
            ],
            [
              228376.784500001,
              263889.95580000058
            ],
            [
              228379.12500000093,
              263883.39109999873
            ],
            [
              228379.16310000326,
              263881.01080000028
            ],
            [
              228378.31760000251,
              263877.18619999848
            ],
            [
              228374.52679999918,
              263860.54780000262
            ],
            [
              228373.92630000412,
              263856.72400000133
            ],
            [
              228379.27850000095,
              263851.25420000032
            ],
            [
              228386.26170000248,
              263838.22940000333
            ],
            [
              228383.40830000117,
              263827.80560000241
            ],
            [
              228380.76490000077,
              263823.70580000058
            ],
            [
              228376.53970000055,
              263808.89800000004
            ],
            [
              228375.08700000215,
              263796.05150000192
            ],
            [
              228376.65460000001,
              263786.72020000406
            ],
            [
              228375.94979999959,
              263781.98479999974
            ],
            [
              228377.06680000201,
              263774.75349999964
            ],
            [
              228378.10980000161,
              263771.6510000024
            ],
            [
              228379.27010000404,
              263770.23189999908
            ],
            [
              228380.23400000017,
              263764.96970000118
            ],
            [
              228382.35290000215,
              263758.92170000076
            ],
            [
              228383.13420000114,
              263752.99540000409
            ],
            [
              228385.25950000063,
              263749.78050000034
            ],
            [
              228387.61110000033,
              263741.51450000145
            ],
            [
              228388.38000000082,
              263728.11700000241
            ],
            [
              228381.72610000055,
              263709.05180000141
            ],
            [
              228375.25690000225,
              263697.05460000411
            ],
            [
              228374.1763000004,
              263695.00550000183
            ],
            [
              228369.14050000347,
              263690.81229999848
            ],
            [
              228366.99990000203,
              263684.3553000018
            ],
            [
              228363.71180000342,
              263678.79940000363
            ],
            [
              228359.51379999984,
              263675.3189000003
            ],
            [
              228354.1400000006,
              263671.59620000236
            ],
            [
              228352.76640000101,
              263668.05250000022
            ],
            [
              228353.86090000067,
              263662.93509999849
            ],
            [
              228351.57580000162,
              263654.33570000157
            ],
            [
              228350.64479999989,
              263645.54900000058
            ],
            [
              228344.54900000151,
              263638.0932
            ],
            [
              228343.52120000031,
              263633.81919999793
            ],
            [
              228346.34660000075,
              263629.78230000287
            ],
            [
              228346.54700000118,
              263625.45380000211
            ],
            [
              228341.90030000079,
              263615.11910000257
            ],
            [
              228340.73900000378,
              263607.05639999919
            ],
            [
              228339.85120000225,
              263601.59869999997
            ],
            [
              228337.67970000301,
              263599.817900002
            ],
            [
              228339.18800000194,
              263592.82650000229
            ],
            [
              228339.65040000156,
              263586.87350000255
            ],
            [
              228338.18169999961,
              263579.72699999996
            ],
            [
              228338.55620000232,
              263574.95659999922
            ],
            [
              228341.19330000225,
              263566.42780000158
            ],
            [
              228349.35869999975,
              263557.30290000327
            ],
            [
              228355.62710000109,
              263550.19930000044
            ],
            [
              228359.63390000165,
              263546.67810000293
            ],
            [
              228361.34970000293,
              263546.2929999996
            ],
            [
              228374.89610000048,
              263542.19690000266
            ],
            [
              228383.46760000009,
              263537.91810000129
            ],
            [
              228386.18869999982,
              263536.72700000182
            ],
            [
              228392.8152999999,
              263532.51840000227
            ],
            [
              228397.62870000396,
              263531.64049999975
            ],
            [
              228403.52419999987,
              263526.07219999842
            ],
            [
              228409.88060000166,
              263521.3049999997
            ],
            [
              228409.02539999969,
              263515.25540000014
            ],
            [
              228410.21020000149,
              263508.13260000199
            ],
            [
              228410.93219999969,
              263507.32590000145
            ],
            [
              228410.89660000242,
              263502.85330000147
            ],
            [
              228411.11060000211,
              263500.17510000244
            ],
            [
              228414.59050000086,
              263498.45869999938
            ],
            [
              228418.07870000321,
              263493.20880000107
            ],
            [
              228423.42810000107,
              263491.78020000085
            ],
            [
              228429.14910000004,
              263487.45940000191
            ],
            [
              228434.12060000002,
              263483.65810000151
            ],
            [
              228437.44160000049,
              263480.94830000214
            ],
            [
              228438.76410000399,
              263475.14170000143
            ],
            [
              228453.34570000414,
              263467.55600000173
            ],
            [
              228459.20569999982,
              263464.4859000016
            ],
            [
              228463.98950000014,
              263467.17779999971
            ],
            [
              228466.61910000164,
              263467.57890000194
            ],
            [
              228472.31920000073,
              263466.06550000049
            ],
            [
              228474.80110000074,
              263462.51840000227
            ],
            [
              228479.34940000158,
              263452.41479999945
            ],
            [
              228484.49260000326,
              263450.05959999934
            ],
            [
              228488.80819999985,
              263447.53040000238
            ],
            [
              228501.38399999961,
              263446.95809999853
            ],
            [
              228508.97240000032,
              263450.81470000185
            ],
            [
              228517.03820000123,
              263451.62099999934
            ],
            [
              228531.64140000194,
              263444.98990000039
            ],
            [
              228545.97819999978,
              263437.90240000002
            ],
            [
              228556.246000004,
              263432.18770000339
            ],
            [
              228556.48430000059,
              263431.87230000086
            ],
            [
              228572.87180000264,
              263420.19750000164
            ],
            [
              228586.9224999994,
              263411.58410000242
            ],
            [
              228608.8562000012,
              263408.38880000077
            ],
            [
              228627.68400000129,
              263399.70670000091
            ],
            [
              228635.38480000291,
              263397.2760000024
            ],
            [
              228652.0318,
              263388.3359999992
            ],
            [
              228667.38270000089,
              263382.55379999988
            ],
            [
              228686.73000000324,
              263374.2360999994
            ],
            [
              228701.63580000028,
              263361.54329999909
            ],
            [
              228702.59060000069,
              263359.77950000204
            ],
            [
              228707.68869999982,
              263350.06870000251
            ],
            [
              228707.3787000021,
              263329.36810000241
            ],
            [
              228707.29840000253,
              263328.13110000268
            ],
            [
              228707.3803000031,
              263319.12990000285
            ],
            [
              228705.71890000161,
              263309.49090000242
            ],
            [
              228705.55600000359,
              263305.76530000381
            ],
            [
              228707.7302000029,
              263301.13880000263
            ],
            [
              228709.54400000069,
              263297.48850000091
            ],
            [
              228712.77099999972,
              263294.24679999985
            ],
            [
              228718.38270000275,
              263289.48790000379
            ],
            [
              228723.32720000111,
              263285.2946000006
            ],
            [
              228740.26770000067,
              263274.80860000104
            ],
            [
              228753.33570000157,
              263266.48790000007
            ],
            [
              228759.6651999997,
              263263.56720000133
            ],
            [
              228764.28790000174,
              263259.93600000069
            ],
            [
              228766.08760000207,
              263249.36170000024
            ],
            [
              228771.3309000032,
              263236.73490000144
            ],
            [
              228773.99250000063,
              263224.93600000255
            ],
            [
              228774.08519999962,
              263207.64010000043
            ],
            [
              228773.71420000028,
              263194.21120000072
            ],
            [
              228770.69630000181,
              263177.7517000027
            ],
            [
              228769.61930000037,
              263167.28680000268
            ],
            [
              228769.64800000004,
              263165.45510000177
            ],
            [
              228769.92870000005,
              263160.00740000047
            ],
            [
              228771.01330000162,
              263153.65970000066
            ],
            [
              228770.25279999897,
              263147.0318
            ],
            [
              228770.65730000101,
              263140.01380000077
            ],
            [
              228774.67609999981,
              263133.76339999959
            ],
            [
              228777.07850000076,
              263128.35200000368
            ],
            [
              228778.41580000054,
              263122.19549999945
            ],
            [
              228778.22380000073,
              263114.73809999973
            ],
            [
              228780.01700000372,
              263104.31150000542
            ],
            [
              228779.85919999983,
              263090.70580000058
            ],
            [
              228780.64070000034,
              263086.1857000012
            ],
            [
              228782.55829999968,
              263081.32560000196
            ],
            [
              228786.28479999956,
              263074.92580000125
            ],
            [
              228789.73419999983,
              263054.05100000277
            ],
            [
              228792.40690000076,
              263036.75400000066
            ],
            [
              228793.92220000084,
              263029.58000000007
            ],
            [
              228794.8554000007,
              263024.99850000069
            ],
            [
              228796.51710000355,
              263022.38140000217
            ],
            [
              228798.29990000185,
              263020.2109999992
            ],
            [
              228810.55730000231,
              263010.09520000033
            ],
            [
              228815.87320000213,
              263004.2629000023
            ],
            [
              228818.08110000193,
              262993.53880000114
            ],
            [
              228818.46740000043,
              262973.00779999979
            ],
            [
              228821.4040000001,
              262947.30529999733
            ],
            [
              228833.39639999997,
              262907.19000000134
            ],
            [
              228840.33980000019,
              262890.2226000037
            ],
            [
              228841.96609999985,
              262886.73130000196
            ],
            [
              228844.49280000199,
              262881.77360000275
            ],
            [
              228846.57310000155,
              262875.11280000024
            ],
            [
              228852.85790000204,
              262863.0625
            ],
            [
              228857.19240000285,
              262855.33940000273
            ],
            [
              228861.22600000352,
              262845.88580000214
            ],
            [
              228862.86120000016,
              262842.01330000348
            ],
            [
              228863.62300000153,
              262840.7603999991
            ],
            [
              228864.82259999961,
              262839.06240000203
            ],
            [
              228886.22979999986,
              262816.44040000066
            ],
            [
              228891.57630000077,
              262805.78209999949
            ],
            [
              228900.78170000203,
              262792.57879999839
            ],
            [
              228905.96899999958,
              262786.31839999929
            ],
            [
              228914.73710000236,
              262773.39260000363
            ],
            [
              228915.17720000073,
              262772.21299999952
            ],
            [
              228921.69139999989,
              262764.05719999969
            ],
            [
              228924.42780000251,
              262758.39290000126
            ],
            [
              228926.53550000023,
              262753.6323000025
            ],
            [
              228927.82880000025,
              262747.16750000045
            ],
            [
              228924.38910000119,
              262741.4028000012
            ],
            [
              228920.67659999989,
              262733.06210000068
            ],
            [
              228920.99839999992,
              262724.31410000287
            ],
            [
              228924.73379999958,
              262719.81180000119
            ],
            [
              228935.48190000188,
              262711.20630000159
            ],
            [
              228941.24160000216,
              262707.76979999989
            ],
            [
              228944.62340000179,
              262703.55870000273
            ],
            [
              228947.55910000019,
              262697.57010000013
            ],
            [
              228954.63400000054,
              262689.97670000233
            ],
            [
              228963.30270000361,
              262679.4776000008
            ],
            [
              228967.85870000068,
              262671.93200000189
            ],
            [
              228972.21760000195,
              262666.19290000014
            ],
            [
              228974.66160000209,
              262662.00630000234
            ],
            [
              228974.93420000281,
              262655.77750000171
            ],
            [
              228974.99729999993,
              262651.47820000164
            ],
            [
              228977.40789999906,
              262634.88710000552
            ],
            [
              228977.34829999972,
              262615.06149999984
            ],
            [
              228978.92510000244,
              262605.48839999922
            ],
            [
              228978.49409999885,
              262603.79470000416
            ],
            [
              228975.85400000121,
              262584.14670000039
            ],
            [
              228977.08680000249,
              262581.65860000253
            ],
            [
              228975.85300000012,
              262579.64610000327
            ],
            [
              228976.35529999994,
              262573.33360000141
            ],
            [
              228975.25960000139,
              262567.15050000139
            ],
            [
              228980.36950000096,
              262560.96810000204
            ],
            [
              228980.88820000179,
              262555.96420000307
            ],
            [
              228978.74770000111,
              262547.52240000479
            ],
            [
              228976.61500000022,
              262540.84060000069
            ],
            [
              228973.3386000013,
              262537.86820000038
            ],
            [
              228969.74629999977,
              262533.74699999951
            ],
            [
              228966.47510000132,
              262530.36060000025
            ],
            [
              228966.20610000193,
              262527.4683000017
            ],
            [
              228967.05120000057,
              262523.54209999926
            ],
            [
              228964.85020000022,
              262519.82789999992
            ],
            [
              228962.40130000096,
              262515.79649999924
            ],
            [
              228958.55620000418,
              262513.66330000013
            ],
            [
              228954.96590000112,
              262510.40450000204
            ],
            [
              228944.46290000342,
              262498.47749999911
            ],
            [
              228940.17510000151,
              262492.77440000139
            ],
            [
              228939.70710000023,
              262485.94700000063
            ],
            [
              228938.16930000018,
              262480.08900000155
            ],
            [
              228935.51130000409,
              262478.31970000267
            ],
            [
              228932.93310000002,
              262474.03820000216
            ],
            [
              228931.14030000195,
              262467.27450000122
            ],
            [
              228927.21549999993,
              262464.03540000133
            ],
            [
              228924.07160000037,
              262455.96320000105
            ],
            [
              228924.27290000208,
              262455.23850000277
            ],
            [
              228923.15080000181,
              262446.9495000001
            ],
            [
              228925.82249999978,
              262437.36140000075
            ],
            [
              228925.6651000008,
              262431.45610000193
            ],
            [
              228924.56300000008,
              262426.49609999917
            ],
            [
              228924.9178000018,
              262423.23340000212
            ],
            [
              228926.840300004,
              262403.60920000263
            ],
            [
              228928.76780000236,
              262389.65760000236
            ],
            [
              228928.06500000227,
              262381.84150000103
            ],
            [
              228923.60020000208,
              262376.86690000072
            ],
            [
              228918.70650000032,
              262370.64760000072
            ],
            [
              228917.38920000196,
              262359.23850000277
            ],
            [
              228916.32590000052,
              262353.07760000229
            ],
            [
              228921.25170000084,
              262340.02800000086
            ],
            [
              228925.78849999979,
              262332.9199000001
            ],
            [
              228926.22590000182,
              262325.92540000379
            ],
            [
              228925.42590000108,
              262321.46509999968
            ],
            [
              228921.43400000408,
              262318.18119999953
            ],
            [
              228916.93440000247,
              262316.35290000029
            ],
            [
              228912.84750000015,
              262316.69649999961
            ],
            [
              228909.87249999959,
              262313.7972000055
            ],
            [
              228907.47460000031,
              262309.75430000015
            ],
            [
              228904.99000000302,
              262306.12230000645
            ],
            [
              228908.14890000317,
              262301.61440000124
            ],
            [
              228905.53439999931,
              262296.86210000142
            ],
            [
              228900.90950000193,
              262293.25710000098
            ],
            [
              228893.8897000039,
              262288.31599999778
            ],
            [
              228889.99670000095,
              262285.48589999974
            ],
            [
              228887.04420000128,
              262281.15929999948
            ],
            [
              228886.74839999992,
              262279.06340000033
            ],
            [
              228883.34270000085,
              262275.98170000128
            ],
            [
              228878.32870000042,
              262274.30179999955
            ],
            [
              228878.16020000074,
              262274.18469999917
            ],
            [
              228871.22499999963,
              262266.74719999917
            ],
            [
              228870.60750000365,
              262265.94550000131
            ],
            [
              228869.80510000046,
              262265.48730000108
            ],
            [
              228867.86370000336,
              262262.1788000036
            ],
            [
              228865.70749999955,
              262259.73230000399
            ],
            [
              228865.07070000004,
              262254.22140000202
            ],
            [
              228861.06780000404,
              262249.26790000498
            ],
            [
              228862.38610000163,
              262234.58999999985
            ],
            [
              228861.48320000153,
              262225.65279999934
            ],
            [
              228855.95610000007,
              262212.65780000389
            ],
            [
              228857.07300000172,
              262207.41200000234
            ],
            [
              228856.76000000071,
              262195.45749999955
            ],
            [
              228853.13769999985,
              262184.89299999923
            ],
            [
              228849.61770000122,
              262172.47089999914
            ],
            [
              228841.11320000049,
              262153.49970000237
            ],
            [
              228836.69610000122,
              262147.31350000016
            ],
            [
              228830.62940000091,
              262133.45299999975
            ],
            [
              228824.54820000101,
              262118.92820000276
            ],
            [
              228821.43280000333,
              262108.35810000077
            ],
            [
              228819.50040000211,
              262095.37429999933
            ],
            [
              228820.46509999968,
              262084.09100000001
            ],
            [
              228822.32960000075,
              262078.38780000247
            ],
            [
              228824.9074000027,
              262073.60070000216
            ],
            [
              228829.52350000199,
              262068.8331000004
            ],
            [
              228835.45770000387,
              262064.86710000038
            ],
            [
              228844.51880000066,
              262054.31709999964
            ],
            [
              228846.74940000288,
              262042.88969999924
            ],
            [
              228847.0075000003,
              262029.71000000089
            ],
            [
              228847.21490000095,
              262016.29890000075
            ],
            [
              228848.77450000122,
              262009.89370000176
            ],
            [
              228851.8489000015,
              261991.79550000094
            ],
            [
              228854.36060000118,
              261971.38460000046
            ],
            [
              228856.23710000329,
              261947.23630000465
            ],
            [
              228856.81230000034,
              261942.06800000183
            ],
            [
              228855.25769999996,
              261923.24410000443
            ],
            [
              228855.21810000017,
              261913.53760000132
            ],
            [
              228858.48140000086,
              261893.34110000357
            ],
            [
              228862.15510000009,
              261882.96220000088
            ],
            [
              228864.39450000133,
              261874.73289999925
            ],
            [
              228865.71420000214,
              261863.02020000108
            ],
            [
              228865.56600000244,
              261858.58780000173
            ],
            [
              228864.58220000099,
              261847.67689999938
            ],
            [
              228860.8582000006,
              261834.09789999947
            ],
            [
              228858.72040000092,
              261824.55770000257
            ],
            [
              228857.27740000095,
              261807.4542999994
            ],
            [
              228857.46330000274,
              261796.89310000464
            ],
            [
              228856.61500000022,
              261787.53079999983
            ],
            [
              228856.30280000065,
              261776.75870000198
            ],
            [
              228855.66480000224,
              261767.84830000252
            ],
            [
              228856.88260000013,
              261760.76730000041
            ],
            [
              228861.1484000003,
              261750.66300000064
            ],
            [
              228862.46689999942,
              261740.46629999951
            ],
            [
              228862.52490000054,
              261736.6445000004
            ],
            [
              228863.23570000008,
              261722.49369999953
            ],
            [
              228863.36610000022,
              261720.01129999943
            ],
            [
              228867.57490000036,
              261709.09200000018
            ],
            [
              228867.06460000295,
              261702.41430000216
            ],
            [
              228862.42800000031,
              261694.67730000243
            ],
            [
              228860.12509999983,
              261689.59090000205
            ],
            [
              228857.52710000053,
              261682.67880000174
            ],
            [
              228848.14719999861,
              261661.61610000208
            ],
            [
              228845.38750000019,
              261655.42349999957
            ],
            [
              228845.07039999962,
              261649.15499999933
            ],
            [
              228840.78010000102,
              261636.1772000026
            ],
            [
              228841.36090000067,
              261629.48420000076
            ],
            [
              228839.17150000017,
              261626.27270000055
            ],
            [
              228833.93140000291,
              261623.24210000224
            ],
            [
              228825.49750000145,
              261616.17479999922
            ],
            [
              228819.38000000175,
              261609.94870000146
            ],
            [
              228815.66040000413,
              261610.23050000146
            ],
            [
              228811.55020000134,
              261608.67060000263
            ],
            [
              228808.68570000213,
              261605.54290000536
            ],
            [
              228805.21600000188,
              261605.44000000134
            ],
            [
              228798.54679999966,
              261605.4112999998
            ],
            [
              228793.16790000163,
              261605.60690000094
            ],
            [
              228789.35279999953,
              261608.95930000022
            ],
            [
              228786.69780000113,
              261610.17900000326
            ],
            [
              228781.59580000024,
              261609.96650000103
            ],
            [
              228780.36550000031,
              261608.28769999929
            ],
            [
              228776.34550000075,
              261610.52080000192
            ],
            [
              228772.03910000063,
              261610.25630000234
            ],
            [
              228766.14360000007,
              261609.18139999919
            ],
            [
              228761.30510000233,
              261609.47690000385
            ],
            [
              228757.05730000138,
              261609.84449999966
            ],
            [
              228741.9196000006,
              261607.47949999943
            ],
            [
              228727.51070000045,
              261601.02400000021
            ],
            [
              228716.54020000156,
              261593.32559999824
            ],
            [
              228712.3180000009,
              261590.98290000111
            ],
            [
              228709.38290000055,
              261587.21380000375
            ],
            [
              228702.5504999999,
              261579.30000000075
            ],
            [
              228696.95470000152,
              261572.89520000108
            ],
            [
              228684.9065000033,
              261568.45320000127
            ],
            [
              228671.23099999968,
              261563.18770000339
            ],
            [
              228662.85720000416,
              261561.21690000221
            ],
            [
              228651.71910000127,
              261557.91270000301
            ],
            [
              228651.06220000144,
              261557.4085000027
            ],
            [
              228639.40189999901,
              261552.3599000033
            ],
            [
              228635.4327999996,
              261550.87810000218
            ],
            [
              228629.162200002,
              261548.45930000022
            ],
            [
              228619.60920000169,
              261545.2677000016
            ],
            [
              228615.20990000013,
              261544.24039999768
            ],
            [
              228614.26889999956,
              261544.01420000009
            ],
            [
              228609.92810000386,
              261541.41560000181
            ],
            [
              228604.66110000294,
              261538.7768000029
            ],
            [
              228594.40020000003,
              261534.25320000015
            ],
            [
              228591.41600000113,
              261531.23100000247
            ],
            [
              228587.45330000203,
              261527.51560000144
            ],
            [
              228572.83790000342,
              261522.7351000011
            ],
            [
              228567.8376000002,
              261521.55320000276
            ],
            [
              228537.94480000064,
              261515.68910000101
            ],
            [
              228516.61580000073,
              261510.12680000439
            ],
            [
              228490.0131000001,
              261508.93719999865
            ],
            [
              228473.06549999956,
              261505.21130000427
            ],
            [
              228446.06720000133,
              261493.36400000006
            ],
            [
              228424.20920000225,
              261477.59990000166
            ],
            [
              228422.75150000211,
              261476.06100000255
            ],
            [
              228405.94320000056,
              261461.99520000257
            ],
            [
              228396.74860000145,
              261454.30429999903
            ],
            [
              228386.6249000011,
              261445.02030000091
            ],
            [
              228379.41500000283,
              261439.22320000269
            ],
            [
              228374.60240000021,
              261436.3571000006
            ],
            [
              228366.43530000094,
              261430.49690000154
            ],
            [
              228364.92450000066,
              261428.83709999733
            ],
            [
              228360.8311999999,
              261425.42090000212
            ],
            [
              228354.64759999886,
              261419.56200000271
            ],
            [
              228348.96960000135,
              261413.55580000207
            ],
            [
              228341.94000000414,
              261406.42950000241
            ],
            [
              228334.10969999991,
              261398.26870000176
            ],
            [
              228328.94270000048,
              261390.45079999976
            ],
            [
              228327.40890000109,
              261388.80940000154
            ],
            [
              228317.37219999917,
              261374.01450000145
            ],
            [
              228315.36990000028,
              261369.36680000275
            ],
            [
              228310.73949999921,
              261363.58970000036
            ],
            [
              228306.42709999997,
              261358.08940000087
            ],
            [
              228298.8657000009,
              261350.25
            ],
            [
              228278.38679999951,
              261334.54580000043
            ],
            [
              228257.66960000154,
              261321.4395999983
            ],
            [
              228255.08750000037,
              261319.5530999992
            ],
            [
              228242.52080000285,
              261310.31760000065
            ],
            [
              228224.73980000336,
              261300.35500000045
            ],
            [
              228208.39290000033,
              261294.69160000049
            ],
            [
              228191.3694000002,
              261283.30870000273
            ],
            [
              228185.52270000242,
              261278.7714000009
            ],
            [
              228181.09700000007,
              261274.79380000383
            ],
            [
              228166.6464000009,
              261260.81830000319
            ],
            [
              228161.08750000317,
              261255.90060000308
            ],
            [
              228154.14540000074,
              261250.07660000399
            ],
            [
              228149.86180000193,
              261248.72440000251
            ],
            [
              228139.95590000041,
              261243.29609999992
            ],
            [
              228139.29879999999,
              261242.88500000164
            ],
            [
              228134.2788000023,
              261240.22919999994
            ],
            [
              228130.40680000186,
              261234.32060000114
            ],
            [
              228129.75059999991,
              261231.76240000129
            ],
            [
              228128.18470000196,
              261228.93370000273
            ],
            [
              228121.39520000201,
              261221.96340000257
            ],
            [
              228115.09310000017,
              261221.49970000237
            ]
          ]
        ]
      }
    }
  ]
}