{
  "displayFieldName" : "",
  "fieldAliases" : {
    "FID" : "FID",
    "PMNTN_SN" : "PMNTN_SN",
    "MNTN_CODE" : "MNTN_CODE",
    "MNTN_NM" : "MNTN_NM",
    "PMNTN_NM" : "PMNTN_NM",
    "PMNTN_MAIN" : "PMNTN_MAIN",
    "PMNTN_LT" : "PMNTN_LT",
    "PMNTN_DFFL" : "PMNTN_DFFL",
    "PMNTN_UPPL" : "PMNTN_UPPL",
    "PMNTN_GODN" : "PMNTN_GODN",
    "PMNTN_MTRQ" : "PMNTN_MTRQ",
    "PMNTN_CNRL" : "PMNTN_CNRL",
    "PMNTN_CLS_" : "PMNTN_CLS_",
    "PMNTN_RISK" : "PMNTN_RISK",
    "PMNTN_RECO" : "PMNTN_RECO",
    "DATA_STDR_" : "DATA_STDR_",
    "MNTN_ID" : "MNTN_ID"
  },
  "geometryType" : "esriGeometryPolyline",
  "spatialReference" : {
    "wkt" : "PROJCS[\"PCS_ITRF2000_TM\",GEOGCS[\"GCS_ITRF_2000\",DATUM[\"D_ITRF_2000\",SPHEROID[\"GRS_1980\",6378137.0,298.257222101]],PRIMEM[\"Greenwich\",0.0],UNIT[\"Degree\",0.0174532925199433]],PROJECTION[\"Transverse_Mercator\"],PARAMETER[\"False_Easting\",200000.0],PARAMETER[\"False_Northing\",600000.0],PARAMETER[\"Central_Meridian\",127.0],PARAMETER[\"Scale_Factor\",1.0],PARAMETER[\"Latitude_Of_Origin\",38.0],UNIT[\"Meter\",1.0]]"
  },
  "fields" : [
    {
      "name" : "FID",
      "type" : "esriFieldTypeOID",
      "alias" : "FID"
    },
    {
      "name" : "PMNTN_SN",
      "type" : "esriFieldTypeDouble",
      "alias" : "PMNTN_SN"
    },
    {
      "name" : "MNTN_CODE",
      "type" : "esriFieldTypeString",
      "alias" : "MNTN_CODE",
      "length" : 9
    },
    {
      "name" : "MNTN_NM",
      "type" : "esriFieldTypeString",
      "alias" : "MNTN_NM",
      "length" : 50
    },
    {
      "name" : "PMNTN_NM",
      "type" : "esriFieldTypeString",
      "alias" : "PMNTN_NM",
      "length" : 50
    },
    {
      "name" : "PMNTN_MAIN",
      "type" : "esriFieldTypeString",
      "alias" : "PMNTN_MAIN",
      "length" : 200
    },
    {
      "name" : "PMNTN_LT",
      "type" : "esriFieldTypeSingle",
      "alias" : "PMNTN_LT"
    },
    {
      "name" : "PMNTN_DFFL",
      "type" : "esriFieldTypeString",
      "alias" : "PMNTN_DFFL",
      "length" : 8
    },
    {
      "name" : "PMNTN_UPPL",
      "type" : "esriFieldTypeDouble",
      "alias" : "PMNTN_UPPL"
    },
    {
      "name" : "PMNTN_GODN",
      "type" : "esriFieldTypeDouble",
      "alias" : "PMNTN_GODN"
    },
    {
      "name" : "PMNTN_MTRQ",
      "type" : "esriFieldTypeString",
      "alias" : "PMNTN_MTRQ",
      "length" : 200
    },
    {
      "name" : "PMNTN_CNRL",
      "type" : "esriFieldTypeString",
      "alias" : "PMNTN_CNRL",
      "length" : 1
    },
    {
      "name" : "PMNTN_CLS_",
      "type" : "esriFieldTypeString",
      "alias" : "PMNTN_CLS_",
      "length" : 1
    },
    {
      "name" : "PMNTN_RISK",
      "type" : "esriFieldTypeString",
      "alias" : "PMNTN_RISK",
      "length" : 200
    },
    {
      "name" : "PMNTN_RECO",
      "type" : "esriFieldTypeString",
      "alias" : "PMNTN_RECO",
      "length" : 1
    },
    {
      "name" : "DATA_STDR_",
      "type" : "esriFieldTypeString",
      "alias" : "DATA_STDR_",
      "length" : 10
    },
    {
      "name" : "MNTN_ID",
      "type" : "esriFieldTypeString",
      "alias" : "MNTN_ID",
      "length" : 10
    }
  ],
  "features" : [
    {
      "attributes" : {
        "FID" : 0,
        "PMNTN_SN" : 3905,
        "MNTN_CODE" : "427700801",
        "MNTN_NM" : "고양산",
        "PMNTN_NM" : "고양리구간",
        "PMNTN_MAIN" : " ",
        "PMNTN_LT" : 4.11,
        "PMNTN_DFFL" : "쉬움",
        "PMNTN_UPPL" : 73,
        "PMNTN_GODN" : 51,
        "PMNTN_MTRQ" : " ",
        "PMNTN_CNRL" : " ",
        "PMNTN_CLS_" : " ",
        "PMNTN_RISK" : " ",
        "PMNTN_RECO" : " ",
        "DATA_STDR_" : "2016-12-31",
        "MNTN_ID" : "427700801"
      },
      "geometry" : {
        "paths" : [
          [
            [
              359695.33510001097,
              539428.61300000362
            ],
            [
              359684.50880001299,
              539414.15860000253
            ],
            [
              359676.87120001204,
              539403.26280000061
            ],
            [
              359669.92230001371,
              539395.4066000022
            ],
            [
              359657.20670001395,
              539384.02789999917
            ],
            [
              359635.22940001264,
              539372.30910000205
            ],
            [
              359622.8407000117,
              539362.40630000271
            ],
            [
              359608.56860001478,
              539344.09470000118
            ],
            [
              359587.20910001453,
              539310.05159999803
            ],
            [
              359573.05060001463,
              539284.63000000082
            ],
            [
              359571.96070001461,
              539276.7909000013
            ],
            [
              359570.51440001279,
              539261.25840000622
            ],
            [
              359569.30890001077,
              539242.60700000636
            ],
            [
              359568.90350001305,
              539223.28500000574
            ],
            [
              359574.7491000127,
              539198.95639999956
            ],
            [
              359579.62620001379,
              539183.97480000183
            ],
            [
              359579.75520001072,
              539164.42130000144
            ],
            [
              359569.9937000135,
              539117.11690000445
            ],
            [
              359561.92670001462,
              539101.37729999982
            ],
            [
              359553.92280001193,
              539092.73330000043
            ],
            [
              359536.06120001338,
              539074.55560000241
            ],
            [
              359524.16030001175,
              539066.2741000019
            ],
            [
              359503.31420001388,
              539057.43210000359
            ],
            [
              359475.84650001395,
              539043.76620000601
            ],
            [
              359427.98730001319,
              539016.37500000373
            ],
            [
              359412.25960001256,
              539000.90150000155
            ],
            [
              359397.48170001712,
              538978.1707000006
            ],
            [
              359391.31940001156,
              538951.33310000226
            ],
            [
              359377.41640001349,
              538939.48850000091
            ],
            [
              359361.37860001158,
              538926.79900000244
            ],
            [
              359328.32260001171,
              538902.86970000528
            ],
            [
              359312.50070001557,
              538887.71040000208
            ],
            [
              359270.30430001393,
              538826.65689999796
            ],
            [
              359249.24390001502,
              538765.88189999945
            ],
            [
              359232.31220001262,
              538675.62710000016
            ],
            [
              359230.38350001071,
              538665.62790000252
            ],
            [
              359227.44370001182,
              538659.32379999943
            ],
            [
              359222.66470001452,
              538655.84459999949
            ],
            [
              359217.75190001167,
              538651.72020000033
            ],
            [
              359197.18450001348,
              538636.25589999929
            ],
            [
              359176.975900013,
              538626.45500000753
            ],
            [
              359146.99150001258,
              538621.13480000012
            ],
            [
              359121.48480001464,
              538613.17350000143
            ],
            [
              359114.54960001353,
              538607.26130000316
            ],
            [
              359103.45330001507,
              538589.09050000273
            ],
            [
              359077.71900001355,
              538557.23850000277
            ],
            [
              359047.82800001279,
              538520.23530000821
            ],
            [
              359037.44370001275,
              538509.40780000016
            ],
            [
              359027.68670001347,
              538502.33380000293
            ],
            [
              358999.59740001522,
              538484.74070000276
            ],
            [
              358972.1392000122,
              538478.79130000249
            ],
            [
              358949.6663000118,
              538469.84000000171
            ],
            [
              358920.06700001284,
              538455.84359999932
            ],
            [
              358900.50040001236,
              538444.13759999909
            ],
            [
              358891.18570001144,
              538434.73420000076
            ],
            [
              358880.93900001142,
              538422.46220000088
            ],
            [
              358868.7475000117,
              538413.60720000416
            ],
            [
              358843.8864000123,
              538401.48340000212
            ],
            [
              358830.380000012,
              538387.78750000149
            ],
            [
              358822.86200001463,
              538377.07419999875
            ],
            [
              358816.17710001301,
              538361.40310000256
            ],
            [
              358813.49440001138,
              538337.74500000104
            ],
            [
              358808.70500001218,
              538320.12930000201
            ],
            [
              358798.77830001153,
              538309.68830000237
            ],
            [
              358781.93530001119,
              538294.99540000036
            ],
            [
              358768.78210001253,
              538284.91940000281
            ],
            [
              358753.69460001495,
              538276.91660000011
            ],
            [
              358737.03410001285,
              538271.20420000143
            ],
            [
              358715.65830001142,
              538270.28000000492
            ],
            [
              358695.99760001618,
              538269.14710000344
            ],
            [
              358682.68040001485,
              538265.70930000022
            ],
            [
              358670.77320001088,
              538258.86770000122
            ],
            [
              358664.97520001233,
              538246.81709999964
            ],
            [
              358659.25580001157,
              538223.97340000421
            ],
            [
              358653.76530001406,
              538211.53870000504
            ],
            [
              358649.15220001247,
              538203.76570000686
            ],
            [
              358642.20650001336,
              538181.06159999967
            ],
            [
              358634.39030001126,
              538162.99080000632
            ],
            [
              358618.82840001211,
              538148.24530000053
            ],
            [
              358606.10120001156,
              538143.10759999976
            ],
            [
              358594.15770001058,
              538130.72380000167
            ],
            [
              358572.87830001488,
              538113.05900000036
            ],
            [
              358537.78820001334,
              538094.3252000045
            ],
            [
              358519.63750001695,
              538083.92980000004
            ],
            [
              358507.94130001124,
              538073.50819999911
            ],
            [
              358447.23860001005,
              538017.40280000307
            ],
            [
              358412.60940001532,
              537988.62130000629
            ],
            [
              358406.41140000988,
              537979.90469999984
            ],
            [
              358405.74150000978,
              537967.32120000198
            ],
            [
              358409.52090001386,
              537953.89479999803
            ],
            [
              358409.16590001341,
              537943.15040000156
            ],
            [
              358400.22900001239,
              537925.63410000317
            ],
            [
              358396.74410001189,
              537901.45180000551
            ],
            [
              358396.87300001457,
              537888.67320000194
            ],
            [
              358396.97480001114,
              537877.51320000738
            ],
            [
              358394.2510000132,
              537867.56039999984
            ],
            [
              358383.29550001398,
              537845.46490000002
            ],
            [
              358373.80130001158,
              537834.37960000522
            ],
            [
              358370.93840001151,
              537820.07269999944
            ],
            [
              358370.06220001262,
              537809.90730000474
            ],
            [
              358370.09870001394,
              537795.46330000274
            ],
            [
              358370.69630001113,
              537779.34720000066
            ],
            [
              358371.15110000875,
              537767.44300000183
            ],
            [
              358379.21550001018,
              537746.00560000166
            ],
            [
              358384.47380001098,
              537733.02710000239
            ],
            [
              358385.51390001178,
              537716.57150000148
            ],
            [
              358378.50710001122,
              537699.22230000049
            ],
            [
              358366.28640001453,
              537684.63730000705
            ],
            [
              358360.3918000143,
              537674.48790000752
            ],
            [
              358347.62240001,
              537665.0231000036
            ],
            [
              358333.03180001304,
              537645.65440000035
            ],
            [
              358331.20800001454,
              537629.41839999892
            ],
            [
              358334.96100001037,
              537602.27120000124
            ],
            [
              358322.30180001166,
              537556.94010000117
            ],
            [
              358322.67470001057,
              537544.89020000398
            ],
            [
              358318.92490001395,
              537532.59210000373
            ],
            [
              358308.00970001426,
              537519.12040000223
            ],
            [
              358287.63330001105,
              537489.68410000391
            ],
            [
              358285.62510001101,
              537486.03759999946
            ],
            [
              358285.65480001271,
              537480.86120000109
            ],
            [
              358288.1271000104,
              537476.72240000777
            ],
            [
              358294.17710001208,
              537466.63600000553
            ],
            [
              358298.441400012,
              537455.86680000834
            ],
            [
              358297.05830001086,
              537450.17210000567
            ],
            [
              358295.21930001397,
              537446.09900000505
            ],
            [
              358290.88300001528,
              537441.61770000122
            ],
            [
              358290.15920001175,
              537436.49010000378
            ],
            [
              358282.64870001189,
              537432.69810000248
            ],
            [
              358279.09030001517,
              537429.27899999917
            ],
            [
              358279.32540001441,
              537424.31739999913
            ],
            [
              358278.67890001368,
              537418.64880000241
            ],
            [
              358281.03300001286,
              537405.8320000004
            ],
            [
              358279.90040001273,
              537399.66510000452
            ],
            [
              358273.04010001197,
              537383.24129999988
            ],
            [
              358262.01030001231,
              537348.705900006
            ],
            [
              358257.21510001086,
              537331.76010000147
            ],
            [
              358254.96230001282,
              537321.32910000719
            ],
            [
              358252.54430001322,
              537312.16789999977
            ],
            [
              358247.97700001486,
              537301.52160000056
            ],
            [
              358241.83830001391,
              537296.37549999915
            ],
            [
              358234.0953000132,
              537293.345900001
            ],
            [
              358227.6159000136,
              537289.35330000147
            ],
            [
              358206.89890001528,
              537280.8200000003
            ],
            [
              358202.04580001254,
              537277.19620000012
            ],
            [
              358192.08170001395,
              537269.16940000094
            ],
            [
              358186.08350001276,
              537268.84439999983
            ],
            [
              358174.19590001367,
              537269.50120000541
            ],
            [
              358166.9890000131,
              537266.60260000266
            ],
            [
              358158.92900001351,
              537256.31220000423
            ],
            [
              358150.90570001397,
              537252.50010000356
            ],
            [
              358150.68050001096,
              537252.39310000092
            ],
            [
              358140.26020001154,
              537246.21859999932
            ],
            [
              358122.13270001113,
              537235.56330000237
            ],
            [
              358113.30820001289,
              537229.74280000106
            ],
            [
              358093.73950000852,
              537222.98630000278
            ],
            [
              358077.00820001308,
              537217.2553000059
            ],
            [
              358061.98130001035,
              537213.03859999962
            ],
            [
              358053.63270001393,
              537212.05680000223
            ],
            [
              358035.16190001089,
              537215.0504999999
            ],
            [
              358017.78880001232,
              537209.25970000215
            ],
            [
              358003.6682000123,
              537203.06440000609
            ],
            [
              357987.35050000995,
              537192.3767000027
            ],
            [
              357977.74740001187,
              537182.07509999909
            ],
            [
              357971.44270001072,
              537175.0903000012
            ],
            [
              357965.36250001658,
              537173.04429999925
            ],
            [
              357947.37670001108,
              537163.55200000107
            ],
            [
              357934.57920001075,
              537152.96890000254
            ],
            [
              357931.07620001491,
              537149.73340000398
            ],
            [
              357927.86400001124,
              537143.11090000346
            ],
            [
              357925.14380001184,
              537133.81020000577
            ],
            [
              357918.56860001385,
              537126.78740000166
            ],
            [
              357908.0149000138,
              537113.0137000028
            ],
            [
              357899.87430001423,
              537101.48020000197
            ],
            [
              357897.28730001394,
              537092.91149999946
            ],
            [
              357893.75540001132,
              537088.76730000228
            ],
            [
              357887.79210001323,
              537086.04920000397
            ],
            [
              357882.79610001389,
              537082.44450000115
            ],
            [
              357880.22880001273,
              537077.25950000435
            ],
            [
              357871.26390001271,
              537071.53760000132
            ],
            [
              357867.86530001089,
              537068.58040000498
            ],
            [
              357864.36810001172,
              537063.33400000259
            ],
            [
              357857.24260001071,
              537058.63370000385
            ],
            [
              357842.24760001339,
              537048.47120000608
            ],
            [
              357836.02940001525,
              537046.11910000071
            ],
            [
              357822.18760001194,
              537042.73469999991
            ],
            [
              357811.16230001394,
              537031.93649999797
            ],
            [
              357795.55880001187,
              537016.86440000124
            ],
            [
              357790.39940001443,
              537010.33800000139
            ],
            [
              357790.11500001326,
              537005.21849999949
            ],
            [
              357780.14690001216,
              536999.2173999995
            ],
            [
              357767.46560001466,
              536987.43050000258
            ],
            [
              357748.0776000116,
              536955.97199999914
            ],
            [
              357732.37670001108,
              536929.99960000627
            ],
            [
              357731.98950001318,
              536912.80850000679
            ],
            [
              357730.71480001323,
              536903.1400000006
            ],
            [
              357735.69000001345,
              536896.05950000137
            ],
            [
              357737.43610001355,
              536862.74000000209
            ],
            [
              357746.31500001252,
              536848.36390000209
            ],
            [
              357747.03670001216,
              536827.62659999914
            ],
            [
              357750.70020001289,
              536814.30180000141
            ],
            [
              357754.48700001091,
              536799.86439999938
            ],
            [
              357758.68930001091,
              536771.05680000037
            ],
            [
              357758.73390001245,
              536742.94450000301
            ],
            [
              357769.04910001159,
              536717.36780000292
            ],
            [
              357782.28240001295,
              536701.52490000427
            ],
            [
              357782.869500014,
              536694.58780000545
            ],
            [
              357785.71580001246,
              536684.04520000145
            ],
            [
              357785.13600001484,
              536674.77570000477
            ],
            [
              357782.18400001153,
              536667.72230000049
            ],
            [
              357769.11120001227,
              536643.53320000134
            ],
            [
              357768.3893000111,
              536627.83990000002
            ],
            [
              357769.20480001252,
              536616.28979999945
            ],
            [
              357764.20480001438,
              536607.40410000272
            ],
            [
              357761.16360000987,
              536600.27840000391
            ],
            [
              357761.51450001076,
              536579.00960000046
            ],
            [
              357758.67760001402,
              536564.85429999977
            ],
            [
              357752.4733000081,
              536554.21619999968
            ],
            [
              357748.4637000123,
              536543.3291000016
            ],
            [
              357743.64110001456,
              536538.6050000079
            ],
            [
              357735.16340001393,
              536530.60300000571
            ],
            [
              357729.40760001354,
              536520.46210000105
            ],
            [
              357728.91510001104,
              536502.27670000121
            ],
            [
              357717.83890001103,
              536472.20170000009
            ],
            [
              357711.16950001195,
              536465.75480000116
            ],
            [
              357708.97300001327,
              536431.08910000511
            ],
            [
              357706.17170001473,
              536355.32690000162
            ]
          ]
        ]
      }
    },
    {
      "attributes" : {
        "FID" : 1,
        "PMNTN_SN" : 3906,
        "MNTN_CODE" : "427700801",
        "MNTN_NM" : "고양산",
        "PMNTN_NM" : "고양리구간",
        "PMNTN_MAIN" : " ",
        "PMNTN_LT" : 1.14,
        "PMNTN_DFFL" : "쉬움",
        "PMNTN_UPPL" : 34,
        "PMNTN_GODN" : 24,
        "PMNTN_MTRQ" : " ",
        "PMNTN_CNRL" : " ",
        "PMNTN_CLS_" : " ",
        "PMNTN_RISK" : " ",
        "PMNTN_RECO" : " ",
        "DATA_STDR_" : "2016-12-31",
        "MNTN_ID" : "427700801"
      },
      "geometry" : {
        "paths" : [
          [
            [
              357706.17170001473,
              536355.32690000162
            ],
            [
              357696.02870001085,
              536361.68020000122
            ],
            [
              357692.7519000126,
              536364.6724000033
            ],
            [
              357690.27700001374,
              536367.57440000027
            ],
            [
              357680.07930001151,
              536384.60270000063
            ],
            [
              357677.74840001203,
              536387.7890000008
            ],
            [
              357674.98340001516,
              536389.30079999939
            ],
            [
              357663.1935000103,
              536394.15060000122
            ],
            [
              357659.6597000109,
              536395.71340000257
            ],
            [
              357659.6261000149,
              536395.72829999961
            ],
            [
              357657.15630001109,
              536398.15939999744
            ],
            [
              357653.3044000119,
              536402.40840000287
            ],
            [
              357637.36010001134,
              536415.43680000491
            ],
            [
              357633.07430001162,
              536420.99730000086
            ],
            [
              357625.34380001109,
              536429.04890000448
            ],
            [
              357615.32780001499,
              536433.86819999851
            ],
            [
              357611.70290001482,
              536441.84250000119
            ],
            [
              357605.65680001117,
              536448.96150000021
            ],
            [
              357599.20620001201,
              536452.50919999927
            ],
            [
              357591.33190000989,
              536453.12030000426
            ],
            [
              357587.58010001201,
              536448.49780000374
            ],
            [
              357582.98320001364,
              536446.58799999952
            ],
            [
              357580.18080001231,
              536447.53130000271
            ],
            [
              357577.93910001218,
              536449.25910000317
            ],
            [
              357575.73200001381,
              536448.63790000044
            ],
            [
              357568.63530001137,
              536449.97420000099
            ],
            [
              357561.35780001245,
              536447.81470000185
            ],
            [
              357550.75250001252,
              536447.8946000021
            ],
            [
              357542.23190001212,
              536446.87019999884
            ],
            [
              357532.7295000134,
              536447.142300006
            ],
            [
              357513.37880001124,
              536435.27550000139
            ],
            [
              357502.67100001127,
              536430.11790000275
            ],
            [
              357479.84990001097,
              536430.8614000082
            ],
            [
              357472.12780001201,
              536431.84170000255
            ],
            [
              357465.20810001157,
              536432.76530000195
            ],
            [
              357427.39880001359,
              536455.07600000314
            ],
            [
              357409.09040001221,
              536478.4380000066
            ],
            [
              357326.98220001254,
              536522.34370000102
            ],
            [
              357312.23590001091,
              536529.56650000252
            ],
            [
              357292.76420001499,
              536537.45770000294
            ],
            [
              357268.41700001061,
              536548.30120000057
            ],
            [
              357259.13000001106,
              536554.8450000044
            ],
            [
              357249.35720001161,
              536552.27390000038
            ],
            [
              357184.77150001191,
              536546.3116999995
            ],
            [
              357164.54340001009,
              536544.33630000055
            ],
            [
              357156.33410001174,
              536544.32719999924
            ],
            [
              357143.07520001195,
              536549.94770000316
            ],
            [
              357117.39110001177,
              536559.70180000365
            ],
            [
              357110.54570001177,
              536564.43790000305
            ],
            [
              357108.39630001318,
              536573.93230000138
            ],
            [
              357108.11930001341,
              536579.22049999982
            ],
            [
              357104.43420001119,
              536649.57900000177
            ],
            [
              357103.65580001101,
              536656.57930000126
            ],
            [
              357102.26740001142,
              536660.4298000019
            ],
            [
              357099.60160001088,
              536663.48859999888
            ],
            [
              357091.07250001095,
              536665.90839999914
            ],
            [
              357075.16690001264,
              536665.74730000272
            ],
            [
              357065.40750001278,
              536664.30320000276
            ],
            [
              357059.07840001397,
              536662.91750000045
            ],
            [
              357044.13630001154,
              536662.5401000008
            ],
            [
              357011.80970001314,
              536676.54680000059
            ],
            [
              357010.19540001266,
              536680.91459999792
            ],
            [
              356987.62750001159,
              536692.54290000349
            ],
            [
              356981.97240001149,
              536698.31080000103
            ],
            [
              356979.06280001253,
              536705.10290000215
            ],
            [
              356971.40100001078,
              536707.66019999981
            ],
            [
              356959.44990001246,
              536713.44079999998
            ],
            [
              356948.25260001421,
              536716.92510000058
            ],
            [
              356902.57850001194,
              536733.52690000087
            ],
            [
              356891.14610001445,
              536733.47410000116
            ],
            [
              356887.38260001224,
              536737.42510000244
            ],
            [
              356835.35600001179,
              536747.31280000135
            ],
            [
              356818.6697000144,
              536748.21729999967
            ],
            [
              356807.49890001118,
              536750.69510000572
            ],
            [
              356798.6281000115,
              536749.7984000016
            ],
            [
              356782.89740001131,
              536750.8629999999
            ],
            [
              356775.30290001258,
              536759.19669999927
            ]
          ]
        ]
      }
    },
    {
      "attributes" : {
        "FID" : 2,
        "PMNTN_SN" : 3907,
        "MNTN_CODE" : "427700801",
        "MNTN_NM" : "고양산",
        "PMNTN_NM" : "고양리구간",
        "PMNTN_MAIN" : " ",
        "PMNTN_LT" : 6.55,
        "PMNTN_DFFL" : "쉬움",
        "PMNTN_UPPL" : 246,
        "PMNTN_GODN" : 172,
        "PMNTN_MTRQ" : " ",
        "PMNTN_CNRL" : " ",
        "PMNTN_CLS_" : " ",
        "PMNTN_RISK" : " ",
        "PMNTN_RECO" : " ",
        "DATA_STDR_" : "2016-12-31",
        "MNTN_ID" : "427700801"
      },
      "geometry" : {
        "paths" : [
          [
            [
              357706.17170001473,
              536355.32690000162
            ],
            [
              357705.46440001111,
              536336.19720000215
            ],
            [
              357709.82030001283,
              536273.42190000229
            ],
            [
              357723.09150001127,
              536203.85470000654
            ],
            [
              357727.0113000134,
              536147.441300001
            ],
            [
              357739.38970001508,
              536125.04480000027
            ],
            [
              357744.18250001129,
              536122.28930000216
            ],
            [
              357750.73200001102,
              536116.57630000263
            ],
            [
              357787.50180000998,
              536074.90120000578
            ],
            [
              357800.4622000102,
              536057.48059999943
            ],
            [
              357808.01570001058,
              536042.3281000033
            ],
            [
              357810.554300013,
              536026.52430000156
            ],
            [
              357814.07270001248,
              536016.20339999907
            ],
            [
              357814.70590001345,
              536008.42469999939
            ],
            [
              357817.15460001118,
              536003.79549999908
            ],
            [
              357821.51850001421,
              535999.04410000145
            ],
            [
              357825.35090001486,
              535982.4123999998
            ],
            [
              357835.13140001148,
              535967.45650000125
            ],
            [
              357837.10640001204,
              535960.12360000424
            ],
            [
              357836.04460001271,
              535956.05310000107
            ],
            [
              357836.3613000121,
              535952.46350000426
            ],
            [
              357836.83990001399,
              535948.10490000062
            ],
            [
              357848.41180001106,
              535916.40410000272
            ],
            [
              357847.72960001323,
              535908.67190000229
            ],
            [
              357856.17210001126,
              535883.53329999931
            ],
            [
              357872.52610001341,
              535854.69509999827
            ],
            [
              357880.37910001352,
              535842.37570000067
            ],
            [
              357882.85090001114,
              535835.64169999771
            ],
            [
              357882.5962000154,
              535823.55150000751
            ],
            [
              357888.99490001425,
              535811.76660000533
            ],
            [
              357893.11520001106,
              535805.60700000264
            ],
            [
              357893.46290001087,
              535800.88010000251
            ],
            [
              357897.53990001418,
              535793.46030000038
            ],
            [
              357901.35670001339,
              535792.49000000209
            ],
            [
              357904.99060001411,
              535788.84320000187
            ],
            [
              357908.23710001074,
              535784.74330000766
            ],
            [
              357912.14820000995,
              535784.51480000094
            ],
            [
              357915.50240001176,
              535786.18840000406
            ],
            [
              357917.0095000118,
              535790.23420000449
            ],
            [
              357919.85970001388,
              535790.14050000161
            ],
            [
              357925.06700001191,
              535789.28140000254
            ],
            [
              357929.01150001213,
              535787.03390000015
            ],
            [
              357933.21990001481,
              535788.10780000314
            ],
            [
              357936.0105000129,
              535789.67569999956
            ],
            [
              357938.15720001515,
              535793.12690000236
            ],
            [
              357940.0506000109,
              535796.22370000184
            ],
            [
              357941.99160001148,
              535797.48100000061
            ],
            [
              357947.2492000116,
              535798.57039999962
            ],
            [
              357952.1597000109,
              535798.256500002
            ],
            [
              357955.60610001162,
              535796.36730000004
            ],
            [
              357959.08290001191,
              535794.86720000207
            ],
            [
              357962.85310001299,
              535796.03460000269
            ],
            [
              357965.30150001217,
              535798.57119999826
            ],
            [
              357967.48160001263,
              535800.84410000034
            ],
            [
              357989.44090001471,
              535805.01689999923
            ],
            [
              357994.45290001296,
              535808.58460000157
            ],
            [
              357997.46320001129,
              535807.21360000409
            ],
            [
              358014.38510001171,
              535808.7405999992
            ],
            [
              358020.27780001424,
              535809.12850000151
            ],
            [
              358027.80090001132,
              535811.81540000439
            ],
            [
              358034.02430001087,
              535814.47019999847
            ],
            [
              358039.92320001498,
              535815.23930000328
            ],
            [
              358046.16340001114,
              535814.6381000001
            ],
            [
              358051.14400001336,
              535816.68830000609
            ],
            [
              358117.96240000986,
              535837.11540000141
            ],
            [
              358126.35850001127,
              535835.54600000568
            ],
            [
              358128.82430001162,
              535838.10610000603
            ],
            [
              358132.49850001279,
              535842.68890000321
            ],
            [
              358165.53260001261,
              535865.55120000057
            ],
            [
              358177.58870001137,
              535879.58600000106
            ],
            [
              358191.48110001348,
              535889.69620000198
            ],
            [
              358205.9022000134,
              535899.69540000148
            ],
            [
              358230.58430001326,
              535910.38710000552
            ],
            [
              358239.24050001521,
              535910.76080000028
            ],
            [
              358243.95410001371,
              535917.73570000194
            ],
            [
              358246.53500001226,
              535920.60889999941
            ],
            [
              358253.28100001533,
              535926.94579999894
            ],
            [
              358258.91090001352,
              535930.88380000181
            ],
            [
              358266.41010001302,
              535942.22159999982
            ],
            [
              358273.05350001529,
              535944.53540000133
            ],
            [
              358276.96070001274,
              535949.7386000026
            ],
            [
              358279.43240001332,
              535951.25500000082
            ],
            [
              358289.76180001069,
              535958.76330000162
            ],
            [
              358296.90860001184,
              535964.3601000011
            ],
            [
              358303.40490001254,
              535968.88370000012
            ],
            [
              358311.00160001218,
              535983.98299999908
            ],
            [
              358315.48960001301,
              535992.68280000053
            ],
            [
              358319.03480001073,
              536000.48700000159
            ],
            [
              358329.84620000981,
              536009.50640000217
            ],
            [
              358335.12550001219,
              536013.81230000593
            ],
            [
              358342.81090001203,
              536023.04870000295
            ],
            [
              358346.74300001469,
              536030.75070000067
            ],
            [
              358348.79230001103,
              536036.12230000459
            ],
            [
              358356.32650001254,
              536042.11100000329
            ],
            [
              358362.7595000118,
              536047.23350000009
            ],
            [
              358363.54920001421,
              536052.76009999961
            ],
            [
              358370.09320001118,
              536061.20109999925
            ],
            [
              358377.43060001079,
              536065.99959999882
            ],
            [
              358384.17870001309,
              536073.10890000314
            ],
            [
              358391.25770001207,
              536074.67040000111
            ],
            [
              358395.73460001126,
              536081.34990000166
            ],
            [
              358399.62010001298,
              536082.90720000118
            ],
            [
              358402.89610001072,
              536084.92589999922
            ],
            [
              358408.43260001112,
              536096.59750000201
            ],
            [
              358412.07610001229,
              536100.67860000022
            ],
            [
              358413.8274000138,
              536105.18109999783
            ],
            [
              358415.07890001126,
              536110.8543999996
            ],
            [
              358423.97530001216,
              536117.37790000252
            ],
            [
              358428.18390001263,
              536121.90369999968
            ],
            [
              358440.28620001208,
              536141.77860000171
            ],
            [
              358445.25540001038,
              536145.78740000166
            ],
            [
              358452.12460001092,
              536152.47240000218
            ],
            [
              358455.49470001087,
              536156.79680000804
            ],
            [
              358455.77680001222,
              536157.06460000202
            ],
            [
              358482.2493000133,
              536182.19629999995
            ],
            [
              358491.88880001102,
              536185.81719999947
            ],
            [
              358507.03830001224,
              536191.83090000041
            ],
            [
              358518.12030001171,
              536196.55969999731
            ],
            [
              358528.47660001088,
              536205.07149999961
            ],
            [
              358539.76740001421,
              536210.98100000247
            ],
            [
              358576.79680001363,
              536213.03400000185
            ],
            [
              358602.98830001522,
              536214.17569999956
            ],
            [
              358625.00540001411,
              536224.89600000158
            ],
            [
              358635.64420001209,
              536230.88690000027
            ],
            [
              358652.02440001443,
              536243.56900000013
            ],
            [
              358669.07060001232,
              536251.32990000211
            ],
            [
              358692.57820001151,
              536263.5250000041
            ],
            [
              358697.4926000135,
              536271.83550000191
            ],
            [
              358710.0021000132,
              536279.35540000163
            ],
            [
              358730.88000001386,
              536286.39520000108
            ],
            [
              358748.73070001416,
              536298.87730000354
            ],
            [
              358762.11750001367,
              536308.91370000131
            ],
            [
              358776.96560001373,
              536312.39639999904
            ],
            [
              358790.36480001267,
              536314.220900001
            ],
            [
              358799.6495000124,
              536309.25449999981
            ],
            [
              358824.93530001305,
              536293.31929999962
            ],
            [
              358834.50550001115,
              536288.37939999998
            ],
            [
              358853.64460001513,
              536286.4821000006
            ],
            [
              358863.46770001389,
              536286.6360000018
            ],
            [
              358878.52720001247,
              536295.62160000205
            ],
            [
              358892.41290001012,
              536302.63210000284
            ],
            [
              358905.29120001197,
              536311.57780000381
            ],
            [
              358917.98080001306,
              536326.01210000366
            ],
            [
              358923.74150001258,
              536331.55040000007
            ],
            [
              358935.27420001198,
              536337.89120000415
            ],
            [
              358948.0578000145,
              536344.70730000176
            ],
            [
              358961.82340001129,
              536348.70299999975
            ],
            [
              358971.27290001418,
              536351.55050000362
            ],
            [
              358982.98390001338,
              536354.3313999977
            ],
            [
              358991.08680000994,
              536356.77520000003
            ],
            [
              358999.25420001242,
              536358.24750000238
            ],
            [
              359007.2959000133,
              536358.12040000036
            ],
            [
              359037.3798000114,
              536353.81330000609
            ],
            [
              359059.97870001383,
              536350.58620000817
            ],
            [
              359067.57830001134,
              536351.76099999808
            ],
            [
              359073.53380001243,
              536353.75239999965
            ],
            [
              359083.95310001448,
              536359.00550000183
            ],
            [
              359094.87880001124,
              536368.73020000197
            ],
            [
              359105.11340001505,
              536372.8346000053
            ],
            [
              359114.05410001148,
              536375.55510000139
            ],
            [
              359125.97870001104,
              536375.57630000077
            ],
            [
              359143.78660001233,
              536380.98379999958
            ],
            [
              359179.23600001261,
              536391.39420000091
            ],
            [
              359194.83620001376,
              536390.31420000084
            ],
            [
              359203.78680001386,
              536390.81060000136
            ],
            [
              359214.39450001251,
              536396.08420000412
            ],
            [
              359227.79760001134,
              536410.42400000617
            ],
            [
              359234.17930001114,
              536419.10769999959
            ],
            [
              359235.62210000865,
              536420.20200000145
            ],
            [
              359272.73610001244,
              536409.84950000234
            ],
            [
              359284.82030001376,
              536405.02910000086
            ],
            [
              359290.0876000151,
              536397.8888000045
            ],
            [
              359301.79960001074,
              536379.04810000025
            ],
            [
              359320.57050001528,
              536364.40190000087
            ],
            [
              359356.68550001085,
              536347.21700000204
            ],
            [
              359383.15490001254,
              536337.92479999922
            ],
            [
              359407.9649000112,
              536330.61150000617
            ],
            [
              359430.7650000127,
              536327.5859999992
            ],
            [
              359454.89760001563,
              536329.98530000076
            ],
            [
              359474.12520001177,
              536331.7482000012
            ],
            [
              359517.71540001314,
              536329.14020000026
            ],
            [
              359534.83270001505,
              536327.04680000246
            ],
            [
              359544.70470001269,
              536322.648800008
            ],
            [
              359566.62610001303,
              536308.041000003
            ],
            [
              359591.46800001711,
              536286.92170000449
            ],
            [
              359614.68820001278,
              536270.01560000144
            ],
            [
              359634.46140001342,
              536259.93840000033
            ],
            [
              359650.92000001483,
              536255.02210000157
            ],
            [
              359699.98600001261,
              536251.27580000646
            ],
            [
              359733.72600001376,
              536249.95100000501
            ],
            [
              359751.66010001209,
              536247.4885000065
            ],
            [
              359767.10220001172,
              536244.54640000127
            ],
            [
              359789.84780001454,
              536234.49240000732
            ],
            [
              359815.67190001253,
              536213.88519999944
            ],
            [
              359838.64760001376,
              536199.10290000029
            ],
            [
              359857.38330001384,
              536192.83920000494
            ],
            [
              359875.37420001347,
              536191.06970000267
            ],
            [
              359898.13350001723,
              536192.50960000046
            ],
            [
              359917.98860001098,
              536192.6894000005
            ],
            [
              359953.49550001137,
              536186.31610000134
            ],
            [
              359988.07700001355,
              536186.35090000555
            ],
            [
              360021.70950001106,
              536187.39610000141
            ],
            [
              360057.05850001145,
              536189.01920000091
            ],
            [
              360085.41710001323,
              536185.70710000768
            ],
            [
              360093.30740001332,
              536180.48290000111
            ],
            [
              360099.60450001527,
              536169.5773000028
            ],
            [
              360100.43830001168,
              536155.5559000019
            ],
            [
              360107.10670001432,
              536122.21030000038
            ],
            [
              360110.61770001426,
              536110.71010000072
            ],
            [
              360120.81320001185,
              536098.75899999961
            ],
            [
              360128.12000001408,
              536098.98279999942
            ],
            [
              360134.94140001107,
              536102.78540000133
            ],
            [
              360150.62120001391,
              536125.8871999979
            ],
            [
              360164.11540001351,
              536144.34200000018
            ],
            [
              360182.51800001133,
              536159.38870000094
            ],
            [
              360206.99870001152,
              536168.18430000171
            ],
            [
              360242.89230001625,
              536175.33090000227
            ],
            [
              360266.2388000153,
              536180.84420000203
            ],
            [
              360289.73070001602,
              536192.50100000203
            ],
            [
              360304.35800001398,
              536195.75949999876
            ],
            [
              360321.38190001342,
              536192.75350000709
            ],
            [
              360339.57070001308,
              536184.74829999916
            ],
            [
              360394.87280001491,
              536151.85930000059
            ],
            [
              360420.73770001065,
              536143.62749999948
            ],
            [
              360457.79910001345,
              536139.3238999974
            ],
            [
              360470.55590001121,
              536139.76530000195
            ],
            [
              360505.04180001467,
              536148.79510000534
            ],
            [
              360548.13590001222,
              536162.55340000242
            ],
            [
              360595.03850001376,
              536171.33280000649
            ],
            [
              360637.45270001423,
              536177.07300000824
            ],
            [
              360665.66330001317,
              536179.34190000035
            ],
            [
              360676.86110001151,
              536185.82010000013
            ],
            [
              360689.6522000134,
              536196.10770000331
            ],
            [
              360728.82270001527,
              536242.2658000011
            ],
            [
              360750.0272000134,
              536258.1969000008
            ],
            [
              360762.3538000118,
              536283.41070000827
            ],
            [
              360780.43250001501,
              536291.35880000144
            ],
            [
              360819.33340001386,
              536296.80910000019
            ],
            [
              360840.02350001317,
              536302.42320000194
            ],
            [
              360856.56470001489,
              536314.03410000168
            ],
            [
              360865.08840001374,
              536325.0391000025
            ],
            [
              360873.57160001434,
              536347.10290000029
            ],
            [
              360887.05240001436,
              536357.50500000454
            ],
            [
              360930.18160001375,
              536366.81210000068
            ],
            [
              360953.98790001404,
              536370.06020000018
            ],
            [
              360972.52200001385,
              536370.83799999952
            ],
            [
              360988.69420001376,
              536367.84669999965
            ],
            [
              361003.89570001233,
              536351.33760000579
            ],
            [
              361014.18340001348,
              536343.07110000029
            ],
            [
              361036.30180001352,
              536342.44140000083
            ],
            [
              361043.58080001362,
              536343.59330000542
            ],
            [
              361053.87350001466,
              536355.10429999977
            ],
            [
              361054.20780001394,
              536365.08050000295
            ],
            [
              361051.89550001267,
              536380.97639999911
            ],
            [
              361051.77190001588,
              536390.09450000525
            ],
            [
              361055.74340001401,
              536407.59620000049
            ],
            [
              361066.6166000152,
              536427.40430000424
            ],
            [
              361074.40730001219,
              536431.51730000228
            ],
            [
              361083.88480001222,
              536432.75790000707
            ],
            [
              361099.19290001504,
              536429.58200000226
            ],
            [
              361142.29010001291,
              536410.75580000132
            ],
            [
              361163.7958000144,
              536405.50880000181
            ],
            [
              361181.50390001293,
              536403.45810000226
            ],
            [
              361197.08980001323,
              536406.97749999911
            ],
            [
              361210.98210001364,
              536416.05620000325
            ],
            [
              361222.00160001311,
              536432.42200000212
            ],
            [
              361224.69260001648,
              536452.97340000421
            ],
            [
              361214.07270001434,
              536490.00220000744
            ],
            [
              361209.33260001149,
              536495.34510000423
            ],
            [
              361186.97760001291,
              536492.99770000018
            ],
            [
              361167.19330001436,
              536573.38330000266
            ],
            [
              361137.88910001423,
              536618.15430000052
            ],
            [
              361136.68340001442,
              536642.16520000249
            ],
            [
              361138.53450001217,
              536657.33160000108
            ],
            [
              361134.32390001416,
              536677.62230000272
            ],
            [
              361132.65480001364,
              536745.34570000134
            ],
            [
              361131.46960001439,
              536783.81460000202
            ],
            [
              361118.13310001325,
              536845.13780000061
            ],
            [
              361111.3127000127,
              536871.28470000438
            ],
            [
              361114.77740000933,
              536891.48940000311
            ],
            [
              361121.75690001342,
              536908.6314000003
            ],
            [
              361141.69300001487,
              536942.33119999804
            ],
            [
              361157.26540001482,
              536967.7403000053
            ],
            [
              361166.73050001264,
              536985.50680000149
            ],
            [
              361172.05090001412,
              537012.06120000221
            ],
            [
              361172.88200001419,
              537039.20870000124
            ],
            [
              361175.60550001264,
              537052.79350000434
            ],
            [
              361184.23460001592,
              537067.48330000043
            ],
            [
              361207.30190001335,
              537104.68000000715
            ],
            [
              361219.79180001561,
              537135.46600000374
            ],
            [
              361218.25430001691,
              537144.25229999982
            ],
            [
              361211.28130001482,
              537152.25620000064
            ],
            [
              361166.24700001348,
              537190.44340000488
            ],
            [
              361137.19940001238,
              537206.53650000133
            ],
            [
              361132.90720001422,
              537230.12790000066
            ],
            [
              361123.58150001429,
              537251.16179999895
            ],
            [
              361123.56440001354,
              537261.81590000354
            ],
            [
              361129.5645000143,
              537279.16190000251
            ],
            [
              361143.51730001438,
              537336.84420000203
            ],
            [
              361148.97510001622,
              537346.30409999937
            ],
            [
              361155.81550001353,
              537351.7667000033
            ],
            [
              361191.88030001521,
              537368.8758000005
            ],
            [
              361208.18400001433,
              537382.88370000385
            ],
            [
              361209.80350001343,
              537396.72030000575
            ],
            [
              361206.04080001265,
              537413.46399999969
            ],
            [
              361184.10360001586,
              537462.72060000338
            ],
            [
              361138.92420001421,
              537540.67950000241
            ],
            [
              361126.65250001661,
              537555.91920000128
            ],
            [
              361124.51140001696,
              537562.79540000483
            ],
            [
              361127.06820001267,
              537569.84090000764
            ],
            [
              361143.6632000152,
              537582.52840000018
            ],
            [
              361150.82440001331,
              537583.03600000776
            ],
            [
              361176.73960001487,
              537585.73389999941
            ],
            [
              361187.74580001365,
              537589.93690000102
            ],
            [
              361225.38150001504,
              537620.76030000113
            ],
            [
              361242.00700001419,
              537641.91520000435
            ],
            [
              361247.21850001346,
              537659.92610000074
            ],
            [
              361252.32330001425,
              537704.0745000001
            ],
            [
              361251.52770001628,
              537726.92830000445
            ],
            [
              361241.11420001276,
              537756.34450000152
            ],
            [
              361225.91200001352,
              537781.51850000024
            ],
            [
              361201.3126000138,
              537807.96220000274
            ],
            [
              361189.035700012,
              537817.85669999942
            ],
            [
              361158.35080001503,
              537830.87510000356
            ],
            [
              361135.26030001324,
              537849.11210000329
            ],
            [
              361105.3396000145,
              537875.91890000738
            ],
            [
              361066.51280001365,
              537912.66910000145
            ],
            [
              361052.75920001231,
              537944.31210000254
            ],
            [
              361018.46350001264,
              538034.74890000187
            ],
            [
              361021.55460001528,
              538086.52920000255
            ]
          ]
        ]
      }
    }
  ]
}