{
  "displayFieldName" : "",
  "fieldAliases" : {
    "FID" : "FID",
    "PMNTN_SN" : "PMNTN_SN",
    "MNTN_CODE" : "MNTN_CODE",
    "MNTN_NM" : "MNTN_NM",
    "PMNTN_NM" : "PMNTN_NM",
    "PMNTN_MAIN" : "PMNTN_MAIN",
    "PMNTN_LT" : "PMNTN_LT",
    "PMNTN_DFFL" : "PMNTN_DFFL",
    "PMNTN_UPPL" : "PMNTN_UPPL",
    "PMNTN_GODN" : "PMNTN_GODN",
    "PMNTN_MTRQ" : "PMNTN_MTRQ",
    "PMNTN_CNRL" : "PMNTN_CNRL",
    "PMNTN_CLS_" : "PMNTN_CLS_",
    "PMNTN_RISK" : "PMNTN_RISK",
    "PMNTN_RECO" : "PMNTN_RECO",
    "DATA_STDR_" : "DATA_STDR_",
    "MNTN_ID" : "MNTN_ID"
  },
  "geometryType" : "esriGeometryPolyline",
  "spatialReference" : {
    "wkt" : "PROJCS[\"PCS_ITRF2000_TM\",GEOGCS[\"GCS_ITRF_2000\",DATUM[\"D_ITRF_2000\",SPHEROID[\"GRS_1980\",6378137.0,298.257222101]],PRIMEM[\"Greenwich\",0.0],UNIT[\"Degree\",0.0174532925199433]],PROJECTION[\"Transverse_Mercator\"],PARAMETER[\"False_Easting\",200000.0],PARAMETER[\"False_Northing\",600000.0],PARAMETER[\"Central_Meridian\",127.0],PARAMETER[\"Scale_Factor\",1.0],PARAMETER[\"Latitude_Of_Origin\",38.0],UNIT[\"Meter\",1.0]]"
  },
  "fields" : [
    {
      "name" : "FID",
      "type" : "esriFieldTypeOID",
      "alias" : "FID"
    },
    {
      "name" : "PMNTN_SN",
      "type" : "esriFieldTypeDouble",
      "alias" : "PMNTN_SN"
    },
    {
      "name" : "MNTN_CODE",
      "type" : "esriFieldTypeString",
      "alias" : "MNTN_CODE",
      "length" : 9
    },
    {
      "name" : "MNTN_NM",
      "type" : "esriFieldTypeString",
      "alias" : "MNTN_NM",
      "length" : 50
    },
    {
      "name" : "PMNTN_NM",
      "type" : "esriFieldTypeString",
      "alias" : "PMNTN_NM",
      "length" : 50
    },
    {
      "name" : "PMNTN_MAIN",
      "type" : "esriFieldTypeString",
      "alias" : "PMNTN_MAIN",
      "length" : 200
    },
    {
      "name" : "PMNTN_LT",
      "type" : "esriFieldTypeSingle",
      "alias" : "PMNTN_LT"
    },
    {
      "name" : "PMNTN_DFFL",
      "type" : "esriFieldTypeString",
      "alias" : "PMNTN_DFFL",
      "length" : 8
    },
    {
      "name" : "PMNTN_UPPL",
      "type" : "esriFieldTypeDouble",
      "alias" : "PMNTN_UPPL"
    },
    {
      "name" : "PMNTN_GODN",
      "type" : "esriFieldTypeDouble",
      "alias" : "PMNTN_GODN"
    },
    {
      "name" : "PMNTN_MTRQ",
      "type" : "esriFieldTypeString",
      "alias" : "PMNTN_MTRQ",
      "length" : 200
    },
    {
      "name" : "PMNTN_CNRL",
      "type" : "esriFieldTypeString",
      "alias" : "PMNTN_CNRL",
      "length" : 1
    },
    {
      "name" : "PMNTN_CLS_",
      "type" : "esriFieldTypeString",
      "alias" : "PMNTN_CLS_",
      "length" : 1
    },
    {
      "name" : "PMNTN_RISK",
      "type" : "esriFieldTypeString",
      "alias" : "PMNTN_RISK",
      "length" : 200
    },
    {
      "name" : "PMNTN_RECO",
      "type" : "esriFieldTypeString",
      "alias" : "PMNTN_RECO",
      "length" : 1
    },
    {
      "name" : "DATA_STDR_",
      "type" : "esriFieldTypeString",
      "alias" : "DATA_STDR_",
      "length" : 10
    },
    {
      "name" : "MNTN_ID",
      "type" : "esriFieldTypeString",
      "alias" : "MNTN_ID",
      "length" : 10
    }
  ],
  "features" : [
    {
      "attributes" : {
        "FID" : 0,
        "PMNTN_SN" : 11008,
        "MNTN_CODE" : "418204904",
        "MNTN_NM" : "대금산두밀리고개",
        "PMNTN_NM" : "대보리 마을회관 구간",
        "PMNTN_MAIN" : " ",
        "PMNTN_LT" : 2.78,
        "PMNTN_DFFL" : "쉬움",
        "PMNTN_UPPL" : 49,
        "PMNTN_GODN" : 34,
        "PMNTN_MTRQ" : "토사",
        "PMNTN_CNRL" : " ",
        "PMNTN_CLS_" : " ",
        "PMNTN_RISK" : " ",
        "PMNTN_RECO" : " ",
        "DATA_STDR_" : "2016-12-31",
        "MNTN_ID" : "418204904"
      },
      "geometry" : {
        "paths" : [
          [
            [
              234772.68900000118,
              579529.1732000038
            ],
            [
              234766.52800000086,
              579521.06880000047
            ],
            [
              234758.22430000082,
              579518.32509999909
            ],
            [
              234748.18589999992,
              579519.79410000145
            ],
            [
              234743.18420000002,
              579518.45329999924
            ],
            [
              234739.60010000318,
              579511.7053999994
            ],
            [
              234729.85949999932,
              579500.03050000034
            ],
            [
              234703.75329999998,
              579471.25930000097
            ],
            [
              234679.17330000084,
              579444.44819999859
            ],
            [
              234657.64640000276,
              579413.18860000186
            ],
            [
              234633.80420000199,
              579387.29050000384
            ],
            [
              234610.60360000189,
              579373.7594000008
            ],
            [
              234586.01530000195,
              579357.26970000006
            ],
            [
              234554.28029999975,
              579340.85520000197
            ],
            [
              234537.86550000124,
              579333.78070000187
            ],
            [
              234478.00069999974,
              579323.39250000007
            ],
            [
              234459.87190000061,
              579320.36600000598
            ],
            [
              234439.44830000121,
              579314.04960000329
            ],
            [
              234417.01430000272,
              579301.84899999946
            ],
            [
              234389.94660000131,
              579285.73330000229
            ],
            [
              234363.7637000028,
              579256.58600000292
            ],
            [
              234333.92030000128,
              579228.84870000184
            ],
            [
              234302.88999999873,
              579214.90340000205
            ],
            [
              234282.86840000097,
              579209.76149999723
            ],
            [
              234270.95820000023,
              579201.5987000037
            ],
            [
              234261.04870000388,
              579193.33889999986
            ],
            [
              234250.15539999958,
              579182.66520000249
            ],
            [
              234241.55150000006,
              579163.66500000283
            ],
            [
              234229.7268000003,
              579142.50850000046
            ],
            [
              234222.28590000048,
              579132.47350000404
            ],
            [
              234201.61450000107,
              579108.69150000252
            ],
            [
              234184.35320000071,
              579091.04210000299
            ],
            [
              234176.65190000273,
              579076.70450000092
            ],
            [
              234150.74299999978,
              579044.98360000364
            ],
            [
              234133.40520000085,
              579023.53219999745
            ],
            [
              234120.22159999982,
              579005.94170000218
            ],
            [
              234106.13169999979,
              578996.81479999982
            ],
            [
              234094.85200000089,
              578988.8870000001
            ],
            [
              234077.05990000069,
              578983.31330000237
            ],
            [
              234067.04680000246,
              578984.24609999917
            ],
            [
              234055.87320000399,
              578980.51229999959
            ],
            [
              234050.04349999968,
              578974.11000000313
            ],
            [
              234045.58619999886,
              578965.25490000099
            ],
            [
              234017.22829999961,
              578951.65590000153
            ],
            [
              233986.50999999978,
              578936.28409999982
            ],
            [
              233965.07420000061,
              578920.19300000183
            ],
            [
              233957.57770000212,
              578903.2239000015
            ],
            [
              233958.98580000084,
              578878.86130000278
            ],
            [
              233968.60680000298,
              578843.22060000151
            ],
            [
              233984.01730000228,
              578810.85170000233
            ],
            [
              233992.60940000042,
              578795.04089999944
            ],
            [
              233997.44280000031,
              578783.45119999908
            ],
            [
              234018.06190000102,
              578753.55930000171
            ],
            [
              234027.36350000184,
              578726.07330000028
            ],
            [
              234026.67480000108,
              578703.13170000352
            ],
            [
              234019.67009999976,
              578675.19310000353
            ],
            [
              234010.0205000015,
              578663.39350000024
            ],
            [
              233994.23479999974,
              578648.13570000231
            ],
            [
              233962.29810000118,
              578634.56140000187
            ],
            [
              233923.73859999981,
              578626.31640000455
            ],
            [
              233904.68910000101,
              578621.49840000086
            ],
            [
              233892.60659999959,
              578612.37250000052
            ],
            [
              233877.82530000061,
              578601.41400000267
            ],
            [
              233865.58020000346,
              578589.10180000216
            ],
            [
              233859.87789999973,
              578576.88570000418
            ],
            [
              233855.90820000228,
              578559.30200000107
            ],
            [
              233859.35390000045,
              578529.4336000029
            ],
            [
              233868.50719999988,
              578512.01030000299
            ],
            [
              233864.37570000254,
              578497.25740000047
            ],
            [
              233866.52210000157,
              578488.16290000454
            ],
            [
              233878.59650000278,
              578472.03740000166
            ],
            [
              233887.97320000082,
              578453.3443
            ],
            [
              233888.19560000021,
              578426.61570000462
            ],
            [
              233887.28650000133,
              578396.18880000524
            ],
            [
              233889.90039999969,
              578354.01940000057
            ],
            [
              233879.25210000109,
              578314.73670000397
            ],
            [
              233875.319000002,
              578299.474700002
            ],
            [
              233873.97990000062,
              578282.65590000153
            ],
            [
              233894.57240000367,
              578265.28130000271
            ],
            [
              233921.03560000006,
              578256.19380000234
            ],
            [
              233934.70950000081,
              578252.52840000018
            ],
            [
              233945.14980000071,
              578249.67560000159
            ],
            [
              233980.71030000132,
              578240.82760000043
            ],
            [
              234005.78970000055,
              578236.45620000176
            ],
            [
              234038.30580000207,
              578229.56189999916
            ],
            [
              234069.31300000008,
              578216.88740000129
            ],
            [
              234102.90550000034,
              578200.60490000062
            ],
            [
              234130.17580000125,
              578182.4616000019
            ],
            [
              234157.34580000117,
              578167.11190000176
            ],
            [
              234182.94320000056,
              578150.034500001
            ],
            [
              234199.84229999967,
              578133.56310000271
            ],
            [
              234219.71520000231,
              578097.56969999894
            ],
            [
              234242.24709999934,
              578067.66090000235
            ],
            [
              234269.35230000224,
              578042.45820000023
            ],
            [
              234300.00260000397,
              578019.58370000124
            ],
            [
              234321.86369999964,
              577994.10869999975
            ],
            [
              234327.20600000024,
              577983.00710000098
            ],
            [
              234345.57890000381,
              577966.37539999932
            ],
            [
              234380.47989999969,
              577950.40340000018
            ],
            [
              234409.45010000002,
              577946.78449999914
            ],
            [
              234419.27520000376,
              577945.84310000017
            ],
            [
              234437.6930000009,
              577935.59920000099
            ],
            [
              234450.51720000058,
              577928.3711000029
            ],
            [
              234454.22429999989,
              577916.39490000159
            ],
            [
              234451.65380000137,
              577881.64650000259
            ],
            [
              234449.33989999909,
              577866.01060000062
            ],
            [
              234449.48450000025,
              577842.17970000021
            ],
            [
              234462.21050000098,
              577818.54330000095
            ],
            [
              234476.349700002,
              577792.55900000222
            ],
            [
              234479.00690000318,
              577790.56940000318
            ],
            [
              234481.94910000172,
              577785.64840000123
            ],
            [
              234504.31110000052,
              577753.63570000418
            ],
            [
              234521.17130000051,
              577731.81990000419
            ],
            [
              234530.78520000167,
              577710.21089999937
            ],
            [
              234539.14370000083,
              577700.99830000103
            ],
            [
              234541.25130000152,
              577701.5989000015
            ]
          ]
        ]
      }
    },
    {
      "attributes" : {
        "FID" : 1,
        "PMNTN_SN" : 11009,
        "MNTN_CODE" : "418204904",
        "MNTN_NM" : "대금산두밀리고개",
        "PMNTN_NM" : "대보리구간",
        "PMNTN_MAIN" : " ",
        "PMNTN_LT" : 2.04,
        "PMNTN_DFFL" : "쉬움",
        "PMNTN_UPPL" : 36,
        "PMNTN_GODN" : 25,
        "PMNTN_MTRQ" : "토사",
        "PMNTN_CNRL" : " ",
        "PMNTN_CLS_" : " ",
        "PMNTN_RISK" : " ",
        "PMNTN_RECO" : " ",
        "DATA_STDR_" : "2016-12-31",
        "MNTN_ID" : "418204904"
      },
      "geometry" : {
        "paths" : [
          [
            [
              234772.68900000118,
              579529.1732000038
            ],
            [
              234774.09130000137,
              579527.21010000072
            ],
            [
              234779.06320000347,
              579521.1305999998
            ],
            [
              234794.98170000035,
              579520.95749999955
            ],
            [
              234812.68670000043,
              579522.56020000018
            ],
            [
              234837.1372000007,
              579527.16050000116
            ],
            [
              234860.31580000091,
              579535.10160000063
            ],
            [
              234883.37060000002,
              579540.84900000505
            ],
            [
              234903.39460000116,
              579541.47360000201
            ],
            [
              234936.28970000148,
              579539.67490000091
            ],
            [
              234956.11160000134,
              579533.66570000164
            ],
            [
              234973.23660000134,
              579531.10050000064
            ],
            [
              234998.29699999932,
              579533.46370000206
            ],
            [
              235026.84999999963,
              579551.47590000182
            ],
            [
              235043.09940000065,
              579572.90600000136
            ],
            [
              235054.91510000173,
              579590.40990000218
            ],
            [
              235057.76580000017,
              579591.73380000144
            ],
            [
              235059.83590000216,
              579594.36620000191
            ],
            [
              235062.57220000401,
              579603.46740000136
            ],
            [
              235075.34399999958,
              579625.18049999885
            ],
            [
              235079.20570000075,
              579633.47709999979
            ],
            [
              235092.28860000055,
              579642.78060000017
            ],
            [
              235110.02870000061,
              579645.18220000155
            ],
            [
              235140.48579999991,
              579640.59539999813
            ],
            [
              235169.87359999958,
              579639.2509000022
            ],
            [
              235192.66620000079,
              579637.19000000134
            ],
            [
              235217.79910000414,
              579636.72999999858
            ],
            [
              235245.49120000284,
              579626.35410000011
            ],
            [
              235259.78030000068,
              579621.13089999929
            ],
            [
              235287.62030000053,
              579600.38240000233
            ],
            [
              235290.65820000134,
              579597.6230000034
            ],
            [
              235311.837600003,
              579582.82820000127
            ],
            [
              235327.41160000116,
              579572.3076000046
            ],
            [
              235336.26840000227,
              579568.87539999932
            ],
            [
              235348.87390000187,
              579555.29050000198
            ],
            [
              235352.33770000096,
              579551.3049000036
            ],
            [
              235380.38460000139,
              579535.76760000363
            ],
            [
              235400.46920000017,
              579540.50570000149
            ],
            [
              235421.22049999982,
              579549.81489999965
            ],
            [
              235429.35010000039,
              579555.86929999851
            ],
            [
              235447.29910000414,
              579550.89470000379
            ],
            [
              235448.63410000131,
              579549.39320000075
            ],
            [
              235461.16629999969,
              579552.87099999934
            ],
            [
              235470.51020000037,
              579561.41469999962
            ],
            [
              235503.21780000068,
              579574.20860000141
            ],
            [
              235529.71970000118,
              579578.07230000384
            ],
            [
              235555.4698000038,
              579578.30450000055
            ],
            [
              235564.44809999969,
              579575.79419999942
            ],
            [
              235584.98180000298,
              579577.32500000112
            ],
            [
              235594.19510000199,
              579571.68029999919
            ],
            [
              235602.86020000372,
              579566.51710000262
            ],
            [
              235608.38850000221,
              579568.15990000591
            ],
            [
              235612.31979999878,
              579573.88000000454
            ],
            [
              235623.56240000017,
              579576.8871000018
            ],
            [
              235627.65990000125,
              579583.38949999958
            ],
            [
              235627.74789999984,
              579583.52940000407
            ],
            [
              235645.68290000036,
              579576.69459999911
            ],
            [
              235661.03140000254,
              579565.53160000406
            ],
            [
              235676.83440000005,
              579555.09650000557
            ],
            [
              235713.02460000105,
              579547.62450000271
            ],
            [
              235714.91600000393,
              579547.18620000221
            ],
            [
              235731.62850000057,
              579551.6593000032
            ],
            [
              235765.54810000025,
              579547.00610000268
            ],
            [
              235777.78670000006,
              579548.38969999924
            ],
            [
              235794.7825000016,
              579543.71880000271
            ],
            [
              235815.22670000419,
              579550.56220000237
            ],
            [
              235822.14960000105,
              579560.78889999911
            ],
            [
              235824.79120000359,
              579576.20720000193
            ],
            [
              235827.32190000173,
              579581.48400000297
            ],
            [
              235842.57300000079,
              579591.0307
            ],
            [
              235864.35860000085,
              579603.34120000154
            ],
            [
              235885.46210000198,
              579614.66269999929
            ],
            [
              235896.52600000054,
              579626.41479999945
            ],
            [
              235914.57820000034,
              579641.79790000431
            ],
            [
              235925.60660000052,
              579663.35590000264
            ],
            [
              235936.10730000027,
              579677.31050000153
            ],
            [
              235941.35739999916,
              579680.10590000078
            ],
            [
              235961.40790000372,
              579684.04520000145
            ],
            [
              235974.9030000018,
              579690.02119999938
            ],
            [
              235980.18869999982,
              579693.12380000018
            ],
            [
              235997.0418999996,
              579707.5158000011
            ],
            [
              236012.26790000126,
              579712.56909999996
            ],
            [
              236026.4179999996,
              579718.96680000238
            ],
            [
              236032.21490000002,
              579718.22000000253
            ],
            [
              236032.77280000132,
              579718.91080000065
            ],
            [
              236033.95380000025,
              579725.63330000266
            ],
            [
              236034.85570000298,
              579726.98610000126
            ],
            [
              236037.59039999917,
              579732.82220000215
            ],
            [
              236050.6035000002,
              579740.95470000058
            ],
            [
              236071.32410000358,
              579753.62390000001
            ],
            [
              236080.40000000037,
              579759.16210000217
            ],
            [
              236081.47750000004,
              579760.84150000103
            ],
            [
              236088.40980000049,
              579765.41210000403
            ],
            [
              236107.59150000196,
              579770.51080000214
            ],
            [
              236124.70090000052,
              579780.26170000434
            ],
            [
              236142.69519999996,
              579783.44800000265
            ],
            [
              236157.5951000005,
              579788.79800000042
            ],
            [
              236165.41600000113,
              579797.71730000339
            ],
            [
              236173.55460000224,
              579813.30849999934
            ],
            [
              236178.23049999867,
              579825.79590000026
            ],
            [
              236184.15140000079,
              579842.18689999916
            ],
            [
              236191.85910000186,
              579863.39580000378
            ],
            [
              236194.04610000178,
              579881.31469999999
            ],
            [
              236194.58170000184,
              579882.0428000018
            ],
            [
              236200.25010000356,
              579885.32399999909
            ],
            [
              236201.98540000152,
              579888.46690000035
            ],
            [
              236216.04820000008,
              579889.42190000042
            ],
            [
              236220.96380000096,
              579892.70910000056
            ],
            [
              236255.87640000228,
              579886.90870000236
            ],
            [
              236257.83210000396,
              579886.91730000079
            ],
            [
              236272.44350000378,
              579889.00980000012
            ],
            [
              236283.93770000152,
              579891.68410000205
            ],
            [
              236284.80690000206,
              579892.04140000045
            ],
            [
              236294.74840000272,
              579893.67620000243
            ],
            [
              236296.34110000264,
              579902.37280000187
            ],
            [
              236310.68770000245,
              579920.95020000078
            ],
            [
              236319.19240000099,
              579930.42160000093
            ],
            [
              236323.25829999987,
              579942.27360000275
            ],
            [
              236336.83860000037,
              579962.22470000386
            ],
            [
              236344.37310000043,
              579974.10140000097
            ],
            [
              236345.12270000018,
              579974.79319999926
            ],
            [
              236346.38530000299,
              579976.34320000187
            ],
            [
              236350.92530000117,
              579981.38379999995
            ],
            [
              236347.69470000081,
              579990.48719999939
            ],
            [
              236346.37710000109,
              579997.13429999724
            ],
            [
              236349.49260000046,
              580004.88489999995
            ],
            [
              236358.1381000001,
              580013.67550000176
            ],
            [
              236367.23490000144,
              580021.44330000132
            ],
            [
              236373.29980000388,
              580027.02309999987
            ],
            [
              236376.45270000212,
              580038.43180000409
            ],
            [
              236345.38760000188,
              580070.21180000156
            ]
          ]
        ]
      }
    },
    {
      "attributes" : {
        "FID" : 2,
        "PMNTN_SN" : 11010,
        "MNTN_CODE" : "418204904",
        "MNTN_NM" : "대금산두밀리고개",
        "PMNTN_NM" : "대보리구간",
        "PMNTN_MAIN" : " ",
        "PMNTN_LT" : 0.68,
        "PMNTN_DFFL" : "쉬움",
        "PMNTN_UPPL" : 13,
        "PMNTN_GODN" : 9,
        "PMNTN_MTRQ" : "토사",
        "PMNTN_CNRL" : " ",
        "PMNTN_CLS_" : " ",
        "PMNTN_RISK" : " ",
        "PMNTN_RECO" : " ",
        "DATA_STDR_" : "2016-12-31",
        "MNTN_ID" : "418204904"
      },
      "geometry" : {
        "paths" : [
          [
            [
              236345.38760000188,
              580070.21180000156
            ],
            [
              236443.97160000261,
              580010.68050000258
            ],
            [
              236464.28880000208,
              579994.19160000049
            ],
            [
              236473.61490000132,
              579983.11510000192
            ],
            [
              236475.81650000159,
              579982.59449999966
            ],
            [
              236488.6568,
              579978.05779999867
            ],
            [
              236500.4040000001,
              579968.1865999978
            ],
            [
              236511.06630000006,
              579955.38570000045
            ],
            [
              236514.90310000069,
              579942.30320000276
            ],
            [
              236514.35530000273,
              579927.70350000262
            ],
            [
              236514.52970000077,
              579925.00630000234
            ],
            [
              236511.93690000102,
              579915.52370000444
            ],
            [
              236511.35929999966,
              579906.00360000134
            ],
            [
              236513.17320000008,
              579898.04780000076
            ],
            [
              236518.08080000151,
              579886.49590000324
            ],
            [
              236522.89080000203,
              579878.48310000077
            ],
            [
              236531.43989999965,
              579873.37340000086
            ],
            [
              236538.34650000185,
              579871.31110000238
            ],
            [
              236549.43170000054,
              579866.75340000167
            ],
            [
              236556.74500000011,
              579861.92940000072
            ],
            [
              236557.29440000374,
              579861.20620000176
            ],
            [
              236566.47860000096,
              579848.91039999947
            ],
            [
              236574.66680000164,
              579842.4045000039
            ],
            [
              236587.10590000171,
              579835.87680000067
            ],
            [
              236601.75530000031,
              579822.40460000187
            ],
            [
              236609.77020000201,
              579810.2752000019
            ],
            [
              236626.29920000117,
              579800.31420000456
            ],
            [
              236628.00090000033,
              579799.35420000181
            ],
            [
              236630.33040000405,
              579796.65720000304
            ],
            [
              236632.95029999968,
              579795.03139999881
            ],
            [
              236637.1601000037,
              579791.04030000418
            ],
            [
              236645.68090000097,
              579776.93140000105
            ],
            [
              236653.83690000232,
              579766.88819999993
            ],
            [
              236655.56440000143,
              579766.78420000151
            ],
            [
              236656.35510000028,
              579766.54580000415
            ],
            [
              236672.40350000281,
              579752.58750000037
            ],
            [
              236672.52919999976,
              579752.52300000191
            ],
            [
              236673.46669999883,
              579750.86180000193
            ],
            [
              236677.82060000021,
              579741.04729999974
            ],
            [
              236680.11200000159,
              579735.28930000402
            ],
            [
              236686.17740000412,
              579728.91130000353
            ],
            [
              236744.05150000099,
              579685.26090000197
            ],
            [
              236757.50650000293,
              579663.71810000204
            ],
            [
              236757.93930000253,
              579662.65939999931
            ],
            [
              236758.03650000133,
              579662.3900000006
            ],
            [
              236758.50879999995,
              579660.74540000036
            ],
            [
              236758.43690000381,
              579660.31719999947
            ],
            [
              236758.21700000111,
              579659.97190000117
            ],
            [
              236759.83720000088,
              579657.46719999984
            ],
            [
              236762.04130000155,
              579656.40720000304
            ],
            [
              236770.04280000087,
              579654.56350000016
            ],
            [
              236778.15060000122,
              579648.72929999977
            ],
            [
              236782.22920000181,
              579646.06810000166
            ],
            [
              236791.50620000158,
              579641.19720000401
            ],
            [
              236804.47630000114,
              579639.04100000113
            ],
            [
              236814.73070000019,
              579641.14770000242
            ]
          ]
        ]
      }
    },
    {
      "attributes" : {
        "FID" : 3,
        "PMNTN_SN" : 11011,
        "MNTN_CODE" : "418204904",
        "MNTN_NM" : "대금산두밀리고개",
        "PMNTN_NM" : "대보리 마을회관 구간",
        "PMNTN_MAIN" : " ",
        "PMNTN_LT" : 4,
        "PMNTN_DFFL" : "쉬움",
        "PMNTN_UPPL" : 71,
        "PMNTN_GODN" : 49,
        "PMNTN_MTRQ" : "토사",
        "PMNTN_CNRL" : " ",
        "PMNTN_CLS_" : " ",
        "PMNTN_RISK" : " ",
        "PMNTN_RECO" : " ",
        "DATA_STDR_" : "2016-12-31",
        "MNTN_ID" : "418204904"
      },
      "geometry" : {
        "paths" : [
          [
            [
              236345.38760000188,
              580070.21180000156
            ],
            [
              236341.35390000045,
              580077.1063000001
            ],
            [
              236340.37299999967,
              580080.66109999828
            ],
            [
              236337.80260000005,
              580083.89350000024
            ],
            [
              236332.93970000185,
              580089.26259999909
            ],
            [
              236324.8554999996,
              580104.69769999944
            ],
            [
              236320.11700000055,
              580112.15619999915
            ],
            [
              236312.21710000001,
              580119.55100000463
            ],
            [
              236301.25629999954,
              580128.2201000005
            ],
            [
              236276.22420000378,
              580151.33140000328
            ],
            [
              236259.43250000011,
              580181.91269999929
            ],
            [
              236255.87560000084,
              580195.18010000326
            ],
            [
              236248.01600000262,
              580201.73029999994
            ],
            [
              236234.65859999973,
              580204.79199999943
            ],
            [
              236225.97319999896,
              580205.31130000018
            ],
            [
              236199.78290000185,
              580193.72369999997
            ],
            [
              236189.41270000301,
              580199.74630000442
            ],
            [
              236178.07670000289,
              580201.60909999907
            ],
            [
              236172.23070000112,
              580201.68969999999
            ],
            [
              236165.04840000253,
              580198.68080000579
            ],
            [
              236162.74480000138,
              580192.40450000204
            ],
            [
              236159.50860000029,
              580185.91620000266
            ],
            [
              236155.77049999963,
              580176.31560000405
            ],
            [
              236152.02060000133,
              580161.60349999927
            ],
            [
              236136.72380000073,
              580153.96020000242
            ],
            [
              236124.38250000402,
              580158.21829999983
            ],
            [
              236114.80670000054,
              580164.11840000004
            ],
            [
              236095.30300000124,
              580168.71310000122
            ],
            [
              236084.44880000129,
              580170.55730000138
            ],
            [
              236065.94350000098,
              580177.50300000235
            ],
            [
              236058.91089999955,
              580182.86260000058
            ],
            [
              236052.26790000126,
              580193.16739999875
            ],
            [
              236047.98330000322,
              580205.24380000122
            ],
            [
              236044.57660000119,
              580215.23560000211
            ],
            [
              236043.03220000025,
              580230.13070000336
            ],
            [
              236043.84340000153,
              580246.48620000295
            ],
            [
              236042.40909999982,
              580268.70480000228
            ],
            [
              236038.82850000076,
              580277.56420000456
            ],
            [
              236032.9056000011,
              580283.19600000232
            ],
            [
              236025.49910000153,
              580285.56530000083
            ],
            [
              236014.01470000111,
              580278.96690000035
            ],
            [
              235990.90550000034,
              580272.04800000042
            ],
            [
              235973.93240000121,
              580275.42140000127
            ],
            [
              235958.83550000191,
              580287.80760000087
            ],
            [
              235946.63730000053,
              580284.16550000198
            ],
            [
              235941.23170000128,
              580279.2789000012
            ],
            [
              235939.18470000383,
              580275.77050000243
            ],
            [
              235933.45070000086,
              580268.56489999965
            ],
            [
              235928.0904000029,
              580263.15510000102
            ],
            [
              235918.75219999999,
              580250.17730000243
            ],
            [
              235908.25920000207,
              580242.39920000359
            ],
            [
              235893.77589999977,
              580231.39500000328
            ],
            [
              235882.62620000076,
              580232.72330000252
            ],
            [
              235877.45839999989,
              580237.84930000082
            ],
            [
              235876.30179999862,
              580242.99380000122
            ],
            [
              235880.78860000335,
              580253.0064000003
            ],
            [
              235886.3292000033,
              580260.21290000156
            ],
            [
              235893.08770000003,
              580265.63850000128
            ],
            [
              235897.22259999905,
              580268.40389999934
            ],
            [
              235898.39430000074,
              580275.0019000005
            ],
            [
              235899.35030000284,
              580274.80189999938
            ],
            [
              235899.7527999999,
              580283.69079999998
            ],
            [
              235891.76510000136,
              580300.41320000403
            ],
            [
              235878.34260000009,
              580310.82200000249
            ],
            [
              235841.8757000016,
              580328.76320000179
            ],
            [
              235823.64109999966,
              580317.55169999972
            ],
            [
              235813.55480000377,
              580314.27430000156
            ],
            [
              235804.84640000015,
              580314.31820000336
            ],
            [
              235799.34819999989,
              580313.05929999985
            ],
            [
              235791.81350000016,
              580307.79319999926
            ],
            [
              235786.27040000074,
              580295.26429999992
            ],
            [
              235783.19170000218,
              580287.65730000101
            ],
            [
              235761.61639999971,
              580278.3235000018
            ],
            [
              235759.25140000321,
              580277.41999999993
            ],
            [
              235743.48660000134,
              580279.66840000264
            ],
            [
              235735.51080000121,
              580292.22210000269
            ],
            [
              235724.76850000117,
              580296.43280000426
            ],
            [
              235708.66420000046,
              580295.30660000257
            ],
            [
              235696.60900000203,
              580296.57680000179
            ],
            [
              235677.75410000049,
              580300.81640000269
            ],
            [
              235661.10520000197,
              580310.51430000179
            ],
            [
              235642.01919999998,
              580316.95020000078
            ],
            [
              235626.50670000259,
              580316.98590000719
            ],
            [
              235610.30980000179,
              580313.35370000079
            ],
            [
              235602.27080000378,
              580316.91230000183
            ],
            [
              235590.57210000325,
              580328.16260000132
            ],
            [
              235576.19350000378,
              580345.64360000193
            ],
            [
              235568.14620000124,
              580361.80069999769
            ],
            [
              235570.77329999954,
              580371.91180000082
            ],
            [
              235578.0437000012,
              580378.32729999907
            ],
            [
              235602.52700000256,
              580387.60560000129
            ],
            [
              235622.31870000344,
              580392.61190000176
            ],
            [
              235630.92390000261,
              580400.96350000054
            ],
            [
              235659.418899999,
              580414.29800000042
            ],
            [
              235686.77839999925,
              580417.18910000101
            ],
            [
              235700.60659999959,
              580409.83249999769
            ],
            [
              235711.73700000159,
              580397.01040000096
            ],
            [
              235725.97140000015,
              580391.49879999831
            ],
            [
              235750.60690000281,
              580406.45940000005
            ],
            [
              235778.98869999964,
              580421.30150000006
            ],
            [
              235803.20359999873,
              580436.54340000264
            ],
            [
              235809.35260000173,
              580450.61510000005
            ],
            [
              235808.43240000308,
              580457.58400000259
            ],
            [
              235803.13350000139,
              580466.26740000024
            ],
            [
              235776.71190000046,
              580489.4076000005
            ],
            [
              235756.09040000197,
              580507.20689999871
            ],
            [
              235747.58470000047,
              580518.19950000197
            ],
            [
              235745.34220000263,
              580528.39100000262
            ],
            [
              235751.85470000003,
              580539.84630000032
            ],
            [
              235758.14379999973,
              580546.23929999955
            ],
            [
              235777.06410000008,
              580549.52459999919
            ],
            [
              235796.87559999991,
              580555.35109999962
            ],
            [
              235803.91330000293,
              580561.95470000058
            ],
            [
              235806.59220000077,
              580572.8748000022
            ],
            [
              235814.59859999921,
              580595.12030000053
            ],
            [
              235823.05420000292,
              580602.96569999866
            ],
            [
              235826.69130000379,
              580609.61390000209
            ],
            [
              235830.85020000115,
              580617.9103000015
            ],
            [
              235830.83730000071,
              580625.97880000062
            ],
            [
              235825.00870000105,
              580634.49520000443
            ],
            [
              235820.27200000174,
              580639.43790000118
            ],
            [
              235808.87449999992,
              580640.92550000176
            ],
            [
              235796.70220000204,
              580643.75450000167
            ],
            [
              235776.13070000149,
              580650.35539999977
            ],
            [
              235763.66140000336,
              580659.76450000145
            ],
            [
              235750.19370000251,
              580670.22399999946
            ],
            [
              235737.84600000083,
              580676.69360000268
            ],
            [
              235732.57390000112,
              580685.14940000512
            ],
            [
              235727.33830000274,
              580693.46729999967
            ],
            [
              235722.14470000006,
              580702.27390000038
            ],
            [
              235723.84900000039,
              580722.74920000136
            ],
            [
              235733.71410000138,
              580733.27710000053
            ],
            [
              235766.18860000186,
              580742.46130000241
            ],
            [
              235777.98110000137,
              580743.47250000201
            ],
            [
              235784.39869999979,
              580744.08410000056
            ],
            [
              235794.33110000286,
              580751.46480000205
            ],
            [
              235801.43710000254,
              580769.02160000242
            ],
            [
              235809.40520000085,
              580793.3928999994
            ],
            [
              235814.25450000353,
              580802.34770000167
            ],
            [
              235826.1790000014,
              580809.31299999915
            ],
            [
              235826.66679999977,
              580826.63350000419
            ],
            [
              235818.22080000117,
              580829.21100000292
            ],
            [
              235812.65369999968,
              580824.79560000263
            ],
            [
              235808.17240000051,
              580820.14290000126
            ],
            [
              235805.7807999989,
              580816.90410000086
            ],
            [
              235798.71200000122,
              580813.34720000066
            ],
            [
              235795.52350000013,
              580811.76110000163
            ],
            [
              235781.85740000103,
              580798.00670000166
            ],
            [
              235781.58050000202,
              580797.21470000222
            ],
            [
              235780.70160000026,
              580787.18170000799
            ],
            [
              235769.25069999974,
              580773.12070000358
            ],
            [
              235768.19189999998,
              580772.24150000326
            ],
            [
              235751.37189999968,
              580764.19519999996
            ],
            [
              235732.07730000187,
              580758.39900000021
            ],
            [
              235720.79510000162,
              580754.73090000264
            ],
            [
              235712.31280000042,
              580753.7004000023
            ],
            [
              235695.51410000026,
              580751.2415000014
            ],
            [
              235681.59300000034,
              580745.4701000005
            ],
            [
              235663.97719999962,
              580742.23050000146
            ],
            [
              235645.18540000264,
              580737.35870000161
            ],
            [
              235628.15510000288,
              580730.1026000008
            ],
            [
              235616.88770000264,
              580724.70419999957
            ],
            [
              235598.42499999981,
              580717.63730000146
            ],
            [
              235589.24740000069,
              580713.60640000366
            ],
            [
              235579.58270000014,
              580704.77769999951
            ],
            [
              235565.07750000153,
              580701.6874000039
            ],
            [
              235557.76730000228,
              580700.66630000062
            ],
            [
              235544.74550000019,
              580691.31400000118
            ],
            [
              235522.15539999958,
              580677.8844000008
            ],
            [
              235509.15920000058,
              580671.2041000016
            ],
            [
              235498.77809999976,
              580664.6136000026
            ],
            [
              235482.60199999996,
              580644.10979999974
            ],
            [
              235481.33849999961,
              580628.95560000464
            ],
            [
              235475.7256000014,
              580614.13390000351
            ],
            [
              235461.94750000164,
              580594.13840000145
            ],
            [
              235447.39760000259,
              580580.07550000213
            ],
            [
              235428.8376000002,
              580573.23190000094
            ],
            [
              235417.23489999957,
              580570.19550000131
            ],
            [
              235395.64140000008,
              580561.48249999806
            ],
            [
              235379.28799999971,
              580556.04420000128
            ],
            [
              235362.00420000125,
              580550.19779999927
            ],
            [
              235344.20280000195,
              580544.86420000158
            ],
            [
              235320.35770000052,
              580547.69959999993
            ],
            [
              235290.94740000181,
              580559.35540000163
            ],
            [
              235276.07909999881,
              580564.03200000152
            ],
            [
              235250.7078999998,
              580563.77710000053
            ],
            [
              235220.90579999983,
              580549.49330000207
            ],
            [
              235185.23150000162,
              580546.23950000107
            ],
            [
              235172.38820000365,
              580540.16350000352
            ],
            [
              235151.95999999996,
              580527.64559999853
            ],
            [
              235123.83140000049,
              580515.32140000165
            ],
            [
              235096.41739999969,
              580499.44620000385
            ],
            [
              235073.04420000128,
              580490.84130000137
            ],
            [
              235051.48110000044,
              580481.99550000019
            ],
            [
              235040.48720000125,
              580473.0055999998
            ],
            [
              235031.42370000202,
              580458.86430000141
            ],
            [
              235027.36510000098,
              580449.77360000461
            ],
            [
              235024.14300000109,
              580447.36880000122
            ],
            [
              235013.05610000342,
              580439.24620000273
            ],
            [
              235012.37160000112,
              580438.81519999914
            ],
            [
              235008.89269999973,
              580436.03729999997
            ],
            [
              234988.33760000113,
              580419.20350000076
            ],
            [
              234976.59690000303,
              580404.18210000172
            ],
            [
              234964.52300000004,
              580386.37290000357
            ],
            [
              234960.6071000006,
              580362.83519999869
            ],
            [
              234961.62880000193,
              580337.95599999838
            ],
            [
              234957.32690000068,
              580316.34860000201
            ],
            [
              234955.70440000296,
              580302.68649999984
            ],
            [
              234951.88829999976,
              580276.81570000388
            ],
            [
              234948.3498000009,
              580257.96830000356
            ],
            [
              234942.21620000154,
              580244.78900000453
            ],
            [
              234936.95310000144,
              580232.27410000004
            ],
            [
              234934.73780000396,
              580222.20140000246
            ],
            [
              234933.46030000038,
              580203.67970000021
            ],
            [
              234939.86620000098,
              580195.15379999951
            ],
            [
              234943.77710000053,
              580184.19930000044
            ],
            [
              234939.57110000215,
              580165.39970000461
            ],
            [
              234935.86640000064,
              580152.30760000274
            ],
            [
              234929.61150000151,
              580146.00659999996
            ],
            [
              234910.17410000134,
              580135.7768000029
            ],
            [
              234897.42230000161,
              580124.69380000234
            ],
            [
              234891.27130000014,
              580113.0616999995
            ],
            [
              234890.37900000159,
              580093.65580000356
            ],
            [
              234886.66309999861,
              580083.00500000082
            ],
            [
              234873.9104999993,
              580051.01359999925
            ],
            [
              234870.70510000363,
              580027.10370000079
            ],
            [
              234864.11820000224,
              580012.71480000205
            ],
            [
              234857.5429999996,
              579996.32170000114
            ],
            [
              234848.01010000054,
              579982.62590000033
            ],
            [
              234844.07990000211,
              579968.8004999999
            ],
            [
              234837.68950000405,
              579936.90049999952
            ],
            [
              234835.59930000361,
              579918.63880000077
            ],
            [
              234833.70180000085,
              579908.9207000006
            ],
            [
              234830.67559999973,
              579901.27160000242
            ],
            [
              234823.11260000058,
              579871.71330000088
            ],
            [
              234822.39070000127,
              579841.03020000085
            ],
            [
              234819.74210000318,
              579819.82220000029
            ],
            [
              234827.08120000176,
              579791.07399999909
            ],
            [
              234826.57830000017,
              579773.8881000001
            ],
            [
              234827.02510000113,
              579771.20130000263
            ],
            [
              234827.81200000085,
              579750.94160000235
            ],
            [
              234829.53359999973,
              579731.62179999985
            ],
            [
              234830.89090000186,
              579712.20949999988
            ],
            [
              234840.56290000118,
              579693.41679999977
            ],
            [
              234850.78569999896,
              579668.68830000237
            ],
            [
              234861.28310000058,
              579640.08390000276
            ],
            [
              234863.22640000004,
              579630.30780000053
            ],
            [
              234855.29140000045,
              579618.31900000013
            ],
            [
              234833.08210000023,
              579592.41690000147
            ],
            [
              234812.30539999902,
              579565.34160000272
            ],
            [
              234803.43720000237,
              579557.45750000142
            ],
            [
              234782.89510000031,
              579536.76360000484
            ],
            [
              234772.68900000118,
              579529.1732000038
            ]
          ]
        ]
      }
    }
  ]
}