{
  "displayFieldName" : "",
  "fieldAliases" : {
    "FID" : "FID",
    "PMNTN_SPOT" : "PMNTN_SPOT",
    "MNTN_CODE" : "MNTN_CODE",
    "MANAGE_SP1" : "MANAGE_SP1",
    "MANAGE_SP2" : "MANAGE_SP2",
    "DETAIL_SPO" : "DETAIL_SPO",
    "ETC_MATTER" : "ETC_MATTER",
    "MNTN_NM" : "MNTN_NM",
    "PAST_SPOT_" : "PAST_SPOT_",
    "MNTN_ID" : "MNTN_ID"
  },
  "geometryType" : "esriGeometryPoint",
  "spatialReference" : {
    "wkt" : "PROJCS[\"PCS_ITRF2000_TM\",GEOGCS[\"GCS_ITRF_2000\",DATUM[\"D_ITRF_2000\",SPHEROID[\"GRS_1980\",6378137.0,298.257222101]],PRIMEM[\"Greenwich\",0.0],UNIT[\"Degree\",0.0174532925199433]],PROJECTION[\"Transverse_Mercator\"],PARAMETER[\"False_Easting\",200000.0],PARAMETER[\"False_Northing\",600000.0],PARAMETER[\"Central_Meridian\",127.0],PARAMETER[\"Scale_Factor\",1.0],PARAMETER[\"Latitude_Of_Origin\",38.0],UNIT[\"Meter\",1.0]]"
  },
  "fields" : [
    {
      "name" : "FID",
      "type" : "esriFieldTypeOID",
      "alias" : "FID"
    },
    {
      "name" : "PMNTN_SPOT",
      "type" : "esriFieldTypeDouble",
      "alias" : "PMNTN_SPOT"
    },
    {
      "name" : "MNTN_CODE",
      "type" : "esriFieldTypeString",
      "alias" : "MNTN_CODE",
      "length" : 9
    },
    {
      "name" : "MANAGE_SP1",
      "type" : "esriFieldTypeString",
      "alias" : "MANAGE_SP1",
      "length" : 2
    },
    {
      "name" : "MANAGE_SP2",
      "type" : "esriFieldTypeString",
      "alias" : "MANAGE_SP2",
      "length" : 50
    },
    {
      "name" : "DETAIL_SPO",
      "type" : "esriFieldTypeString",
      "alias" : "DETAIL_SPO",
      "length" : 200
    },
    {
      "name" : "ETC_MATTER",
      "type" : "esriFieldTypeString",
      "alias" : "ETC_MATTER",
      "length" : 200
    },
    {
      "name" : "MNTN_NM",
      "type" : "esriFieldTypeString",
      "alias" : "MNTN_NM",
      "length" : 50
    },
    {
      "name" : "PAST_SPOT_",
      "type" : "esriFieldTypeString",
      "alias" : "PAST_SPOT_",
      "length" : 14
    },
    {
      "name" : "MNTN_ID",
      "type" : "esriFieldTypeString",
      "alias" : "MNTN_ID",
      "length" : 10
    }
  ],
  "features" : [
    {
      "attributes" : {
        "FID" : 0,
        "PMNTN_SPOT" : 52213,
        "MNTN_CODE" : "468701201",
        "MANAGE_SP1" : "99",
        "MANAGE_SP2" : "기타",
        "DETAIL_SPO" : "다리",
        "ETC_MATTER" : " ",
        "MNTN_NM" : "성산",
        "PAST_SPOT_" : "4687012010001",
        "MNTN_ID" : "468701201"
      },
      "geometry" : {
        "x" : 155471.91849999968,
        "y" : 298581.29120000266
      }
    },
    {
      "attributes" : {
        "FID" : 1,
        "PMNTN_SPOT" : 52214,
        "MNTN_CODE" : "468701201",
        "MANAGE_SP1" : "10",
        "MANAGE_SP2" : "이정표",
        "DETAIL_SPO" : "이정표",
        "ETC_MATTER" : " ",
        "MNTN_NM" : "성산",
        "PAST_SPOT_" : "4687012010002",
        "MNTN_ID" : "468701201"
      },
      "geometry" : {
        "x" : 155227.33580000047,
        "y" : 298588.78790000081
      }
    },
    {
      "attributes" : {
        "FID" : 2,
        "PMNTN_SPOT" : 52215,
        "MNTN_CODE" : "468701201",
        "MANAGE_SP1" : "99",
        "MANAGE_SP2" : "기타",
        "DETAIL_SPO" : "다리",
        "ETC_MATTER" : " ",
        "MNTN_NM" : "성산",
        "PAST_SPOT_" : "4687012010003",
        "MNTN_ID" : "468701201"
      },
      "geometry" : {
        "x" : 155230.91359999962,
        "y" : 298576.77360000461
      }
    },
    {
      "attributes" : {
        "FID" : 3,
        "PMNTN_SPOT" : 52216,
        "MNTN_CODE" : "468701201",
        "MANAGE_SP1" : "11",
        "MANAGE_SP2" : "안내판또는지도",
        "DETAIL_SPO" : "안내판",
        "ETC_MATTER" : " ",
        "MNTN_NM" : "성산",
        "PAST_SPOT_" : "4687012010004",
        "MNTN_ID" : "468701201"
      },
      "geometry" : {
        "x" : 155216.97460000031,
        "y" : 298475.45730000362
      }
    },
    {
      "attributes" : {
        "FID" : 4,
        "PMNTN_SPOT" : 52217,
        "MNTN_CODE" : "468701201",
        "MANAGE_SP1" : "99",
        "MANAGE_SP2" : "기타",
        "DETAIL_SPO" : "다리",
        "ETC_MATTER" : " ",
        "MNTN_NM" : "성산",
        "PAST_SPOT_" : "4687012010005",
        "MNTN_ID" : "468701201"
      },
      "geometry" : {
        "x" : 155225.69699999969,
        "y" : 298461.38080000132
      }
    },
    {
      "attributes" : {
        "FID" : 5,
        "PMNTN_SPOT" : 52218,
        "MNTN_CODE" : "468701201",
        "MANAGE_SP1" : "10",
        "MANAGE_SP2" : "이정표",
        "DETAIL_SPO" : "이정표",
        "ETC_MATTER" : " ",
        "MNTN_NM" : "성산",
        "PAST_SPOT_" : "4687012010006",
        "MNTN_ID" : "468701201"
      },
      "geometry" : {
        "x" : 155231.6651000008,
        "y" : 298453.12089999951
      }
    },
    {
      "attributes" : {
        "FID" : 6,
        "PMNTN_SPOT" : 52219,
        "MNTN_CODE" : "468701201",
        "MANAGE_SP1" : "99",
        "MANAGE_SP2" : "기타",
        "DETAIL_SPO" : "계단",
        "ETC_MATTER" : " ",
        "MNTN_NM" : "성산",
        "PAST_SPOT_" : "4687012010007",
        "MNTN_ID" : "468701201"
      },
      "geometry" : {
        "x" : 155229.64050000161,
        "y" : 298456.96240000241
      }
    },
    {
      "attributes" : {
        "FID" : 7,
        "PMNTN_SPOT" : 52220,
        "MNTN_CODE" : "468701201",
        "MANAGE_SP1" : "05",
        "MANAGE_SP2" : "벤치",
        "DETAIL_SPO" : "벤치",
        "ETC_MATTER" : " ",
        "MNTN_NM" : "성산",
        "PAST_SPOT_" : "4687012010008",
        "MNTN_ID" : "468701201"
      },
      "geometry" : {
        "x" : 155319.72950000037,
        "y" : 298510.7890000008
      }
    },
    {
      "attributes" : {
        "FID" : 8,
        "PMNTN_SPOT" : 52221,
        "MNTN_CODE" : "468701201",
        "MANAGE_SP1" : "10",
        "MANAGE_SP2" : "이정표",
        "DETAIL_SPO" : "이정표",
        "ETC_MATTER" : " ",
        "MNTN_NM" : "성산",
        "PAST_SPOT_" : "4687012010009",
        "MNTN_ID" : "468701201"
      },
      "geometry" : {
        "x" : 155350.87859999947,
        "y" : 298508.93300000019
      }
    },
    {
      "attributes" : {
        "FID" : 9,
        "PMNTN_SPOT" : 52222,
        "MNTN_CODE" : "468701201",
        "MANAGE_SP1" : "05",
        "MANAGE_SP2" : "벤치",
        "DETAIL_SPO" : "벤치",
        "ETC_MATTER" : " ",
        "MNTN_NM" : "성산",
        "PAST_SPOT_" : "4687012010010",
        "MNTN_ID" : "468701201"
      },
      "geometry" : {
        "x" : 155350.99860000052,
        "y" : 298510.06690000184
      }
    },
    {
      "attributes" : {
        "FID" : 10,
        "PMNTN_SPOT" : 52223,
        "MNTN_CODE" : "468701201",
        "MANAGE_SP1" : "99",
        "MANAGE_SP2" : "기타",
        "DETAIL_SPO" : "계단",
        "ETC_MATTER" : " ",
        "MNTN_NM" : "성산",
        "PAST_SPOT_" : "4687012010011",
        "MNTN_ID" : "468701201"
      },
      "geometry" : {
        "x" : 155526.22159999982,
        "y" : 298205.61290000007
      }
    },
    {
      "attributes" : {
        "FID" : 11,
        "PMNTN_SPOT" : 52224,
        "MNTN_CODE" : "468701201",
        "MANAGE_SP1" : "05",
        "MANAGE_SP2" : "벤치",
        "DETAIL_SPO" : "벤치",
        "ETC_MATTER" : " ",
        "MNTN_NM" : "성산",
        "PAST_SPOT_" : "4687012010012",
        "MNTN_ID" : "468701201"
      },
      "geometry" : {
        "x" : 155492.30559999961,
        "y" : 298248.14030000195
      }
    },
    {
      "attributes" : {
        "FID" : 12,
        "PMNTN_SPOT" : 52225,
        "MNTN_CODE" : "468701201",
        "MANAGE_SP1" : "10",
        "MANAGE_SP2" : "이정표",
        "DETAIL_SPO" : "이정표",
        "ETC_MATTER" : " ",
        "MNTN_NM" : "성산",
        "PAST_SPOT_" : "4687012010013",
        "MNTN_ID" : "468701201"
      },
      "geometry" : {
        "x" : 155487.64600000065,
        "y" : 298252.72939999774
      }
    },
    {
      "attributes" : {
        "FID" : 13,
        "PMNTN_SPOT" : 52226,
        "MNTN_CODE" : "468701201",
        "MANAGE_SP1" : "05",
        "MANAGE_SP2" : "벤치",
        "DETAIL_SPO" : "벤치,시설물",
        "ETC_MATTER" : " ",
        "MNTN_NM" : "성산",
        "PAST_SPOT_" : "4687012010014",
        "MNTN_ID" : "468701201"
      },
      "geometry" : {
        "x" : 155435.78129999992,
        "y" : 298308.02099999972
      }
    },
    {
      "attributes" : {
        "FID" : 14,
        "PMNTN_SPOT" : 52227,
        "MNTN_CODE" : "468701201",
        "MANAGE_SP1" : "05",
        "MANAGE_SP2" : "벤치",
        "DETAIL_SPO" : "벤치",
        "ETC_MATTER" : " ",
        "MNTN_NM" : "성산",
        "PAST_SPOT_" : "4687012010015",
        "MNTN_ID" : "468701201"
      },
      "geometry" : {
        "x" : 155439.33570000064,
        "y" : 298360.70480000041
      }
    },
    {
      "attributes" : {
        "FID" : 15,
        "PMNTN_SPOT" : 52228,
        "MNTN_CODE" : "468701201",
        "MANAGE_SP1" : "05",
        "MANAGE_SP2" : "벤치",
        "DETAIL_SPO" : "벤치",
        "ETC_MATTER" : " ",
        "MNTN_NM" : "성산",
        "PAST_SPOT_" : "4687012010016",
        "MNTN_ID" : "468701201"
      },
      "geometry" : {
        "x" : 155429.43810000177,
        "y" : 298390.15010000393
      }
    },
    {
      "attributes" : {
        "FID" : 16,
        "PMNTN_SPOT" : 52229,
        "MNTN_CODE" : "468701201",
        "MANAGE_SP1" : "10",
        "MANAGE_SP2" : "이정표",
        "DETAIL_SPO" : "이정표",
        "ETC_MATTER" : " ",
        "MNTN_NM" : "성산",
        "PAST_SPOT_" : "4687012010017",
        "MNTN_ID" : "468701201"
      },
      "geometry" : {
        "x" : 155349.99360000063,
        "y" : 298511.94120000117
      }
    },
    {
      "attributes" : {
        "FID" : 17,
        "PMNTN_SPOT" : 52230,
        "MNTN_CODE" : "468701201",
        "MANAGE_SP1" : "10",
        "MANAGE_SP2" : "이정표",
        "DETAIL_SPO" : "이정표",
        "ETC_MATTER" : " ",
        "MNTN_NM" : "성산",
        "PAST_SPOT_" : "4687012010018",
        "MNTN_ID" : "468701201"
      },
      "geometry" : {
        "x" : 155467.02449999936,
        "y" : 298578.52539999969
      }
    },
    {
      "attributes" : {
        "FID" : 18,
        "PMNTN_SPOT" : 52231,
        "MNTN_CODE" : "468701201",
        "MANAGE_SP1" : "15",
        "MANAGE_SP2" : "훼손지",
        "DETAIL_SPO" : "훼손지",
        "ETC_MATTER" : " ",
        "MNTN_NM" : "성산",
        "PAST_SPOT_" : "4687012010019",
        "MNTN_ID" : "468701201"
      },
      "geometry" : {
        "x" : 155514.92889999971,
        "y" : 298312.59649999999
      }
    },
    {
      "attributes" : {
        "FID" : 19,
        "PMNTN_SPOT" : 52232,
        "MNTN_CODE" : "468701201",
        "MANAGE_SP1" : "02",
        "MANAGE_SP2" : "분기점",
        "DETAIL_SPO" : "분기점",
        "ETC_MATTER" : " ",
        "MNTN_NM" : "성산",
        "PAST_SPOT_" : "4687012010020",
        "MNTN_ID" : "468701201"
      },
      "geometry" : {
        "x" : 155164.46110000182,
        "y" : 298316.31590000167
      }
    },
    {
      "attributes" : {
        "FID" : 20,
        "PMNTN_SPOT" : 52233,
        "MNTN_CODE" : "468701201",
        "MANAGE_SP1" : "01",
        "MANAGE_SP2" : "시종점",
        "DETAIL_SPO" : "시종점",
        "ETC_MATTER" : " ",
        "MNTN_NM" : "성산",
        "PAST_SPOT_" : "4687012010021",
        "MNTN_ID" : "468701201"
      },
      "geometry" : {
        "x" : 155180.92320000008,
        "y" : 298038.36410000175
      }
    },
    {
      "attributes" : {
        "FID" : 21,
        "PMNTN_SPOT" : 52234,
        "MNTN_CODE" : "468701201",
        "MANAGE_SP1" : "02",
        "MANAGE_SP2" : "분기점",
        "DETAIL_SPO" : "분기점",
        "ETC_MATTER" : " ",
        "MNTN_NM" : "성산",
        "PAST_SPOT_" : "4687012010022",
        "MNTN_ID" : "468701201"
      },
      "geometry" : {
        "x" : 155229.35620000213,
        "y" : 298457.20960000157
      }
    },
    {
      "attributes" : {
        "FID" : 22,
        "PMNTN_SPOT" : 52235,
        "MNTN_CODE" : "468701201",
        "MANAGE_SP1" : "02",
        "MANAGE_SP2" : "분기점",
        "DETAIL_SPO" : "분기점",
        "ETC_MATTER" : " ",
        "MNTN_NM" : "성산",
        "PAST_SPOT_" : "4687012010023",
        "MNTN_ID" : "468701201"
      },
      "geometry" : {
        "x" : 155349.96190000139,
        "y" : 298511.6996000018
      }
    },
    {
      "attributes" : {
        "FID" : 23,
        "PMNTN_SPOT" : 52236,
        "MNTN_CODE" : "468701201",
        "MANAGE_SP1" : "02",
        "MANAGE_SP2" : "분기점",
        "DETAIL_SPO" : "분기점",
        "ETC_MATTER" : " ",
        "MNTN_NM" : "성산",
        "PAST_SPOT_" : "4687012010024",
        "MNTN_ID" : "468701201"
      },
      "geometry" : {
        "x" : 155466.07170000114,
        "y" : 298578.57710000128
      }
    },
    {
      "attributes" : {
        "FID" : 24,
        "PMNTN_SPOT" : 52237,
        "MNTN_CODE" : "468701201",
        "MANAGE_SP1" : "02",
        "MANAGE_SP2" : "분기점",
        "DETAIL_SPO" : "분기점",
        "ETC_MATTER" : " ",
        "MNTN_NM" : "성산",
        "PAST_SPOT_" : "4687012010025",
        "MNTN_ID" : "468701201"
      },
      "geometry" : {
        "x" : 155484.57240000088,
        "y" : 298479.67680000141
      }
    },
    {
      "attributes" : {
        "FID" : 25,
        "PMNTN_SPOT" : 52238,
        "MNTN_CODE" : "468701201",
        "MANAGE_SP1" : "02",
        "MANAGE_SP2" : "분기점",
        "DETAIL_SPO" : "분기점",
        "ETC_MATTER" : " ",
        "MNTN_NM" : "성산",
        "PAST_SPOT_" : "4687012010026",
        "MNTN_ID" : "468701201"
      },
      "geometry" : {
        "x" : 155492.36030000076,
        "y" : 298247.99100000039
      }
    },
    {
      "attributes" : {
        "FID" : 26,
        "PMNTN_SPOT" : 52239,
        "MNTN_CODE" : "468701201",
        "MANAGE_SP1" : "01",
        "MANAGE_SP2" : "시종점",
        "DETAIL_SPO" : "시종점",
        "ETC_MATTER" : " ",
        "MNTN_NM" : "성산",
        "PAST_SPOT_" : "4687012010027",
        "MNTN_ID" : "468701201"
      },
      "geometry" : {
        "x" : 155547.82000000123,
        "y" : 298118.41150000133
      }
    },
    {
      "attributes" : {
        "FID" : 27,
        "PMNTN_SPOT" : 52240,
        "MNTN_CODE" : "468701201",
        "MANAGE_SP1" : "01",
        "MANAGE_SP2" : "시종점",
        "DETAIL_SPO" : "시종점",
        "ETC_MATTER" : " ",
        "MNTN_NM" : "성산",
        "PAST_SPOT_" : "4687012010028",
        "MNTN_ID" : "468701201"
      },
      "geometry" : {
        "x" : 155609.54220000096,
        "y" : 298488.78920000419
      }
    },
    {
      "attributes" : {
        "FID" : 28,
        "PMNTN_SPOT" : 97650,
        "MNTN_CODE" : "468701201",
        "MANAGE_SP1" : "05",
        "MANAGE_SP2" : "벤치",
        "DETAIL_SPO" : "벤치",
        "ETC_MATTER" : " ",
        "MNTN_NM" : "성산",
        "PAST_SPOT_" : "4687012010029",
        "MNTN_ID" : "468701201"
      },
      "geometry" : {
        "x" : 155362.17889999965,
        "y" : 298521.10620000021
      }
    },
    {
      "attributes" : {
        "FID" : 29,
        "PMNTN_SPOT" : 97651,
        "MNTN_CODE" : "468701201",
        "MANAGE_SP1" : "10",
        "MANAGE_SP2" : "이정표",
        "DETAIL_SPO" : "이정표",
        "ETC_MATTER" : " ",
        "MNTN_NM" : "성산",
        "PAST_SPOT_" : "4687012010030",
        "MNTN_ID" : "468701201"
      },
      "geometry" : {
        "x" : 155360.67619999961,
        "y" : 298524.08950000117
      }
    },
    {
      "attributes" : {
        "FID" : 30,
        "PMNTN_SPOT" : 97652,
        "MNTN_CODE" : "468701201",
        "MANAGE_SP1" : "10",
        "MANAGE_SP2" : "이정표",
        "DETAIL_SPO" : "이정표",
        "ETC_MATTER" : " ",
        "MNTN_NM" : "성산",
        "PAST_SPOT_" : "4687012010031",
        "MNTN_ID" : "468701201"
      },
      "geometry" : {
        "x" : 155485.90869999872,
        "y" : 298478.72069999989
      }
    },
    {
      "attributes" : {
        "FID" : 31,
        "PMNTN_SPOT" : 97653,
        "MNTN_CODE" : "468701201",
        "MANAGE_SP1" : "15",
        "MANAGE_SP2" : "훼손지",
        "DETAIL_SPO" : "훼손지",
        "ETC_MATTER" : " ",
        "MNTN_NM" : "성산",
        "PAST_SPOT_" : "4687012010032",
        "MNTN_ID" : "468701201"
      },
      "geometry" : {
        "x" : 155493.3271999993,
        "y" : 298248.07939999871
      }
    }
  ]
}