{
  "displayFieldName" : "",
  "fieldAliases" : {
    "FID" : "FID",
    "PMNTN_SN" : "PMNTN_SN",
    "MNTN_CODE" : "MNTN_CODE",
    "MNTN_NM" : "MNTN_NM",
    "PMNTN_NM" : "PMNTN_NM",
    "PMNTN_MAIN" : "PMNTN_MAIN",
    "PMNTN_LT" : "PMNTN_LT",
    "PMNTN_DFFL" : "PMNTN_DFFL",
    "PMNTN_UPPL" : "PMNTN_UPPL",
    "PMNTN_GODN" : "PMNTN_GODN",
    "PMNTN_MTRQ" : "PMNTN_MTRQ",
    "PMNTN_CNRL" : "PMNTN_CNRL",
    "PMNTN_CLS_" : "PMNTN_CLS_",
    "PMNTN_RISK" : "PMNTN_RISK",
    "PMNTN_RECO" : "PMNTN_RECO",
    "DATA_STDR_" : "DATA_STDR_",
    "MNTN_ID" : "MNTN_ID"
  },
  "geometryType" : "esriGeometryPolyline",
  "spatialReference" : {
    "wkt" : "PROJCS[\"PCS_ITRF2000_TM\",GEOGCS[\"GCS_ITRF_2000\",DATUM[\"D_ITRF_2000\",SPHEROID[\"GRS_1980\",6378137.0,298.257222101]],PRIMEM[\"Greenwich\",0.0],UNIT[\"Degree\",0.0174532925199433]],PROJECTION[\"Transverse_Mercator\"],PARAMETER[\"False_Easting\",200000.0],PARAMETER[\"False_Northing\",600000.0],PARAMETER[\"Central_Meridian\",127.0],PARAMETER[\"Scale_Factor\",1.0],PARAMETER[\"Latitude_Of_Origin\",38.0],UNIT[\"Meter\",1.0]]"
  },
  "fields" : [
    {
      "name" : "FID",
      "type" : "esriFieldTypeOID",
      "alias" : "FID"
    },
    {
      "name" : "PMNTN_SN",
      "type" : "esriFieldTypeDouble",
      "alias" : "PMNTN_SN"
    },
    {
      "name" : "MNTN_CODE",
      "type" : "esriFieldTypeString",
      "alias" : "MNTN_CODE",
      "length" : 9
    },
    {
      "name" : "MNTN_NM",
      "type" : "esriFieldTypeString",
      "alias" : "MNTN_NM",
      "length" : 50
    },
    {
      "name" : "PMNTN_NM",
      "type" : "esriFieldTypeString",
      "alias" : "PMNTN_NM",
      "length" : 50
    },
    {
      "name" : "PMNTN_MAIN",
      "type" : "esriFieldTypeString",
      "alias" : "PMNTN_MAIN",
      "length" : 200
    },
    {
      "name" : "PMNTN_LT",
      "type" : "esriFieldTypeSingle",
      "alias" : "PMNTN_LT"
    },
    {
      "name" : "PMNTN_DFFL",
      "type" : "esriFieldTypeString",
      "alias" : "PMNTN_DFFL",
      "length" : 8
    },
    {
      "name" : "PMNTN_UPPL",
      "type" : "esriFieldTypeDouble",
      "alias" : "PMNTN_UPPL"
    },
    {
      "name" : "PMNTN_GODN",
      "type" : "esriFieldTypeDouble",
      "alias" : "PMNTN_GODN"
    },
    {
      "name" : "PMNTN_MTRQ",
      "type" : "esriFieldTypeString",
      "alias" : "PMNTN_MTRQ",
      "length" : 200
    },
    {
      "name" : "PMNTN_CNRL",
      "type" : "esriFieldTypeString",
      "alias" : "PMNTN_CNRL",
      "length" : 1
    },
    {
      "name" : "PMNTN_CLS_",
      "type" : "esriFieldTypeString",
      "alias" : "PMNTN_CLS_",
      "length" : 1
    },
    {
      "name" : "PMNTN_RISK",
      "type" : "esriFieldTypeString",
      "alias" : "PMNTN_RISK",
      "length" : 200
    },
    {
      "name" : "PMNTN_RECO",
      "type" : "esriFieldTypeString",
      "alias" : "PMNTN_RECO",
      "length" : 1
    },
    {
      "name" : "DATA_STDR_",
      "type" : "esriFieldTypeString",
      "alias" : "DATA_STDR_",
      "length" : 10
    },
    {
      "name" : "MNTN_ID",
      "type" : "esriFieldTypeString",
      "alias" : "MNTN_ID",
      "length" : 10
    }
  ],
  "features" : [
    {
      "attributes" : {
        "FID" : 0,
        "PMNTN_SN" : 33860,
        "MNTN_CODE" : "422304401",
        "MNTN_NM" : "쉰음산",
        "PMNTN_NM" : "삼거리구간",
        "PMNTN_MAIN" : " ",
        "PMNTN_LT" : 5.74,
        "PMNTN_DFFL" : "쉬움",
        "PMNTN_UPPL" : 215,
        "PMNTN_GODN" : 151,
        "PMNTN_MTRQ" : " ",
        "PMNTN_CNRL" : " ",
        "PMNTN_CLS_" : " ",
        "PMNTN_RISK" : " ",
        "PMNTN_RECO" : " ",
        "DATA_STDR_" : "2016-12-31",
        "MNTN_ID" : "422304301"
      },
      "geometry" : {
        "paths" : [
          [
            [
              382589.38999999966,
              537403.75610000081
            ],
            [
              382570.34000000078,
              537389.99780000374
            ],
            [
              382547.05659999978,
              537376.23940000311
            ],
            [
              382529.06489999965,
              537355.07269999944
            ],
            [
              382508.95650000032,
              537336.02270000242
            ],
            [
              382496.25650000013,
              537325.43930000253
            ],
            [
              382471.91480000131,
              537319.08929999918
            ],
            [
              382439.10640000179,
              537314.85590000451
            ],
            [
              382394.65630000085,
              537294.74760000408
            ],
            [
              382362.90620000008,
              537276.75590000115
            ],
            [
              382324.80619999953,
              537266.17250000313
            ],
            [
              382297.28949999996,
              537260.8807999976
            ],
            [
              382285.64780000132,
              537267.23080000095
            ],
            [
              382257.07270000037,
              537271.46420000121
            ],
            [
              382248.60600000154,
              537271.46420000121
            ],
            [
              382235.90600000136,
              537265.11420000345
            ],
            [
              382213.68099999987,
              537258.76420000009
            ],
            [
              382194.63090000022,
              537256.64750000089
            ],
            [
              382179.81419999991,
              537257.70580000058
            ],
            [
              382162.88080000225,
              537264.05580000021
            ],
            [
              382151.23919999972,
              537272.52250000089
            ],
            [
              382138.53910000157,
              537286.28090000153
            ],
            [
              382118.43080000021,
              537290.51420000382
            ],
            [
              382078.21400000062,
              537293.68920000084
            ],
            [
              382061.2806000011,
              537306.38930000179
            ],
            [
              382048.58060000092,
              537324.38099999912
            ],
            [
              382039.05559999961,
              537340.25599999912
            ],
            [
              382028.47220000066,
              537348.72269999981
            ],
            [
              382002.0139000006,
              537350.83929999918
            ],
            [
              381992.48880000133,
              537349.78099999949
            ],
            [
              381982.96380000096,
              537347.66430000216
            ],
            [
              381967.08880000096,
              537342.37270000018
            ],
            [
              381948.03880000021,
              537336.02270000242
            ],
            [
              381936.39710000157,
              537336.02270000242
            ],
            [
              381928.98869999964,
              537341.31430000253
            ],
            [
              381923.69699999969,
              537347.66430000216
            ],
            [
              381919.46370000113,
              537356.13099999912
            ],
            [
              381897.23870000057,
              537363.53940000013
            ],
            [
              381877.13030000031,
              537363.53940000013
            ],
            [
              381863.37189999968,
              537357.1894000005
            ],
            [
              381841.14690000098,
              537347.66430000216
            ],
            [
              381817.86349999998,
              537332.84760000184
            ],
            [
              381808.33849999961,
              537328.61429999955
            ],
            [
              381779.76340000052,
              537322.26430000179
            ],
            [
              381728.96330000088,
              537320.14760000445
            ],
            [
              381706.73830000032,
              537319.08929999918
            ],
            [
              381673.9299000008,
              537318.03090000153
            ],
            [
              381642.17980000004,
              537315.91430000216
            ],
            [
              381629.47979999986,
              537314.85590000451
            ],
            [
              381608.31310000084,
              537319.08929999918
            ],
            [
              381597.72969999909,
              537326.49760000221
            ],
            [
              381580.79640000034,
              537329.67259999923
            ],
            [
              381552.22130000126,
              537327.55600000173
            ],
            [
              381538.46290000062,
              537319.08929999918
            ],
            [
              381517.29619999975,
              537313.79759999923
            ],
            [
              381491.89620000124,
              537321.2060000021
            ],
            [
              381476.02110000048,
              537323.32260000147
            ],
            [
              381450.62110000011,
              537323.32260000147
            ],
            [
              381434.74610000104,
              537318.03090000153
            ],
            [
              381420.98770000041,
              537308.50590000115
            ],
            [
              381405.11270000041,
              537297.9226000011
            ],
            [
              381386.06259999983,
              537273.58090000041
            ],
            [
              381355.37090000045,
              537251.35580000281
            ],
            [
              381318.32919999957,
              537256.64750000089
            ],
            [
              381302.45410000067,
              537264.05580000021
            ],
            [
              381282.34580000024,
              537271.46420000121
            ],
            [
              381268.58739999961,
              537279.93090000376
            ],
            [
              381253.77070000116,
              537289.45590000413
            ],
            [
              381232.60400000028,
              537290.51420000382
            ],
            [
              381217.78729999997,
              537295.8059000019
            ],
            [
              381210.37890000083,
              537304.27260000445
            ],
            [
              381195.56220000051,
              537316.97260000184
            ],
            [
              381186.037200002,
              537318.03090000153
            ],
            [
              381168.04550000001,
              537313.79759999923
            ],
            [
              381158.5204999987,
              537307.44760000147
            ],
            [
              381155.34549999982,
              537293.68920000084
            ],
            [
              381148.99550000113,
              537278.87250000052
            ],
            [
              381129.94540000055,
              537274.63919999823
            ],
            [
              381121.47880000062,
              537276.75590000115
            ],
            [
              381105.60369999986,
              537288.39759999886
            ],
            [
              381096.07870000135,
              537289.45590000413
            ],
            [
              381066.44530000072,
              537286.28090000153
            ],
            [
              381043.16189999972,
              537286.28090000153
            ],
            [
              381021.9952000007,
              537274.63919999823
            ],
            [
              381000.82850000076,
              537260.8807999976
            ],
            [
              380954.26180000138,
              537252.4141000025
            ],
            [
              380922.51170000155,
              537255.58920000307
            ],
            [
              380885.47000000067,
              537262.99750000052
            ],
            [
              380857.95320000127,
              537262.99750000052
            ],
            [
              380838.90319999959,
              537256.64750000089
            ],
            [
              380826.20320000127,
              537249.23909999989
            ],
            [
              380807.15309999976,
              537247.12250000052
            ],
            [
              380785.98639999982,
              537248.18080000021
            ],
            [
              380744.71129999869,
              537251.35580000281
            ],
            [
              380715.07799999975,
              537252.4141000025
            ],
            [
              380673.80290000141,
              537254.53079999983
            ],
            [
              380640.99450000096,
              537258.76420000009
            ],
            [
              380606.06940000132,
              537262.99750000052
            ],
            [
              380574.31930000056,
              537268.28920000046
            ],
            [
              380557.38599999994,
              537270.40590000153
            ],
            [
              380539.39429999981,
              537271.46420000121
            ],
            [
              380511.87750000041,
              537271.46420000121
            ],
            [
              380484.36080000084,
              537267.23080000095
            ],
            [
              380472.7191000022,
              537264.05580000021
            ],
            [
              380445.2023999989,
              537252.4141000025
            ],
            [
              380413.45230000094,
              537241.83080000058
            ],
            [
              380386.99400000181,
              537231.24740000255
            ],
            [
              380345.71890000068,
              537223.83909999952
            ],
            [
              380320.31880000141,
              537216.43070000224
            ],
            [
              380302.32710000128,
              537218.54739999957
            ],
            [
              380285.39379999973,
              537221.72240000218
            ],
            [
              380263.16870000027,
              537232.30580000021
            ],
            [
              380254.70199999958,
              537238.65579999983
            ],
            [
              380226.12700000126,
              537254.53079999983
            ],
            [
              380210.2519000005,
              537267.23080000095
            ],
            [
              380191.20189999975,
              537269.34750000015
            ],
            [
              380175.32689999975,
              537269.34750000015
            ],
            [
              380152.04350000061,
              537259.82249999978
            ],
            [
              380132.99349999893,
              537262.99750000052
            ],
            [
              380092.77670000028,
              537271.46420000121
            ],
            [
              380059.96829999983,
              537280.98920000158
            ],
            [
              380020.80990000162,
              537282.04750000127
            ],
            [
              379993.29320000112,
              537292.63090000115
            ],
            [
              379952.01809999999,
              537290.51420000382
            ],
            [
              379937.20139999967,
              537286.28090000153
            ],
            [
              379918.15140000079,
              537286.28090000153
            ],
            [
              379887.45959999971,
              537290.51420000382
            ],
            [
              379861.00120000076,
              537302.15590000153
            ],
            [
              379840.89290000033,
              537311.6809000019
            ],
            [
              379804.909500001,
              537315.91430000216
            ],
            [
              379778.45110000018,
              537315.91430000216
            ],
            [
              379765.75109999999,
              537313.79759999923
            ],
            [
              379727.65100000054,
              537310.62260000221
            ],
            [
              379700.13430000003,
              537309.56430000253
            ],
            [
              379680.02590000071,
              537311.6809000019
            ],
            [
              379651.45079999976,
              537314.85590000451
            ],
            [
              379624.9924000008,
              537321.2060000021
            ],
            [
              379604.88410000037,
              537328.61429999955
            ],
            [
              379579.4840000011,
              537340.25599999912
            ],
            [
              379549.85060000047,
              537359.30599999987
            ],
            [
              379529.74220000114,
              537361.42270000279
            ],
            [
              379480.00050000008,
              537375.18109999783
            ],
            [
              379431.31710000057,
              537384.70610000007
            ],
            [
              379351.94189999998,
              537403.75610000081
            ],
            [
              379287.3833999997,
              537422.80620000139
            ],
            [
              379213.29990000091,
              537432.33120000176
            ],
            [
              379165.67489999998,
              537424.92280000076
            ],
            [
              379106.40809999872,
              537427.03950000182
            ],
            [
              379082.06640000083,
              537432.33120000176
            ],
            [
              379051.37459999975,
              537445.03119999915
            ],
            [
              379035.49959999975,
              537456.67290000245
            ],
            [
              379011.15790000092,
              537477.83960000239
            ],
            [
              378981.52450000122,
              537493.71460000053
            ],
            [
              378955.0661000004,
              537497.94800000079
            ],
            [
              378926.49100000132,
              537534.98970000073
            ],
            [
              378872.5159,
              537583.67310000211
            ],
            [
              378805.84080000129,
              537635.53160000034
            ],
            [
              378667.90440000221,
              537721.84470000118
            ],
            [
              378598.28950000182,
              537759.47440000251
            ],
            [
              378547.48939999938,
              537774.52630000189
            ],
            [
              378519.26709999982,
              537780.17080000229
            ],
            [
              378500.45220000017,
              537782.05220000073
            ],
            [
              378464.70400000177,
              537791.4597000014
            ],
            [
              378434.60020000022,
              537800.86710000038
            ],
            [
              378400.73350000102,
              537829.08940000087
            ],
            [
              378383.80010000058,
              537853.54870000295
            ],
            [
              378342.40749999974,
              537879.88950000145
            ],
            [
              378319.82959999982,
              537896.82279999927
            ],
            [
              378282.19990000129,
              537917.51920000091
            ],
            [
              378263.38510000054,
              537925.04509999976
            ],
            [
              378225.75540000014,
              537938.21550000273
            ],
            [
              378199.41459999979,
              537958.91190000065
            ],
            [
              378156.14040000085,
              538011.59340000153
            ],
            [
              378109.10330000054,
              538111.31220000237
            ],
            [
              378105.34030000214,
              538156.46780000255
            ],
            [
              378088.40700000059,
              538179.04560000077
            ],
            [
              378060.1847000001,
              538180.92710000277
            ],
            [
              378030.08090000134,
              538180.92710000277
            ],
            [
              378003.74010000005,
              538180.92710000277
            ],
            [
              377967.99189999979,
              538194.09750000201
            ],
            [
              377928.48070000019,
              538195.97900000028
            ],
            [
              377885.20660000015,
              538173.4012000002
            ],
            [
              377842.5596000012,
              538160.85789999925
            ],
            [
              377703.46900000144,
              538156.39809999987
            ],
            [
              377533.99600000028,
              538218.83559999987
            ],
            [
              377427.2977,
              538238.05840000138
            ]
          ]
        ]
      }
    },
    {
      "attributes" : {
        "FID" : 1,
        "PMNTN_SN" : 33861,
        "MNTN_CODE" : "422304401",
        "MNTN_NM" : "쉰음산",
        "PMNTN_NM" : "내미로리구간",
        "PMNTN_MAIN" : " ",
        "PMNTN_LT" : 4.64,
        "PMNTN_DFFL" : "쉬움",
        "PMNTN_UPPL" : 174,
        "PMNTN_GODN" : 122,
        "PMNTN_MTRQ" : " ",
        "PMNTN_CNRL" : " ",
        "PMNTN_CLS_" : " ",
        "PMNTN_RISK" : " ",
        "PMNTN_RECO" : " ",
        "DATA_STDR_" : "2016-12-31",
        "MNTN_ID" : "422304301"
      },
      "geometry" : {
        "paths" : [
          [
            [
              381617.82280000113,
              538366.54089999944
            ],
            [
              381600.49149999954,
              538365.24350000173
            ],
            [
              381582.89780000225,
              538369.71590000018
            ],
            [
              381558.18819999974,
              538376.08210000023
            ],
            [
              381529.71640000213,
              538389.55970000103
            ],
            [
              381501.93510000035,
              538406.2284000013
            ],
            [
              381487.28309999965,
              538413.52710000239
            ],
            [
              381477.3200000003,
              538431.36290000193
            ],
            [
              381463.83500000183,
              538447.50350000151
            ],
            [
              381440.02249999996,
              538460.99730000272
            ],
            [
              381411.44740000088,
              538475.28480000235
            ],
            [
              381379.69739999995,
              538500.68490000069
            ],
            [
              381363.02269999962,
              538508.59300000407
            ],
            [
              381345.58080000058,
              538521.3105999995
            ],
            [
              381329.16289999988,
              538522.10730000399
            ],
            [
              381303.49720000103,
              538518.94120000117
            ],
            [
              381291.54920000024,
              538526.79020000249
            ],
            [
              381275.41500000004,
              538542.7714000009
            ],
            [
              381247.9346000012,
              538569.74130000174
            ],
            [
              381227.29710000101,
              538578.47250000201
            ],
            [
              381203.21600000001,
              538600.69170000404
            ],
            [
              381185.47609999962,
              538611.53860000148
            ],
            [
              381172.5046000015,
              538623.98790000193
            ],
            [
              381159.8282000022,
              538641.97270000353
            ],
            [
              381126.49060000107,
              538666.57900000177
            ],
            [
              381105.10080000013,
              538672.162200002
            ],
            [
              381081.24680000171,
              538672.9290000014
            ],
            [
              381053.46549999993,
              538662.61020000093
            ],
            [
              381034.74760000221,
              538655.24110000208
            ],
            [
              381009.04970000125,
              538653.42230000347
            ],
            [
              380992.94730000012,
              538652.08770000376
            ],
            [
              380971.70910000056,
              538644.35390000045
            ],
            [
              380941.5465000011,
              538638.79770000093
            ],
            [
              380914.55890000053,
              538639.5914000012
            ],
            [
              380895.50889999978,
              538649.91020000167
            ],
            [
              380884.39639999997,
              538661.81650000438
            ],
            [
              380860.58379999921,
              538666.57900000177
            ],
            [
              380845.50259999931,
              538664.9915000014
            ],
            [
              380825.65880000032,
              538661.02269999869
            ],
            [
              380805.02120000217,
              538666.57900000177
            ],
            [
              380784.38370000012,
              538671.34150000103
            ],
            [
              380773.27120000031,
              538671.34150000103
            ],
            [
              380747.07739999983,
              538668.96020000428
            ],
            [
              380732.78980000038,
              538667.37270000391
            ],
            [
              380716.91480000038,
              538661.81650000438
            ],
            [
              380699.4523,
              538654.67270000093
            ],
            [
              380670.08350000065,
              538645.94140000083
            ],
            [
              380617.69580000173,
              538645.94140000083
            ],
            [
              380559.75200000219,
              538671.34150000103
            ],
            [
              380520.85819999967,
              538686.42280000262
            ],
            [
              380480.64240000118,
              538691.20879999921
            ],
            [
              380421.63630000129,
              538678.23139999993
            ],
            [
              380394.65170000121,
              538667.37270000391
            ],
            [
              380381.15790000092,
              538666.57900000177
            ],
            [
              380358.93280000146,
              538663.40400000103
            ],
            [
              380339.08899999969,
              538666.57900000177
            ],
            [
              380313.68899999931,
              538672.1352000013
            ],
            [
              380297.02020000014,
              538676.89770000428
            ],
            [
              380282.73269999959,
              538679.27899999917
            ],
            [
              380264.47640000097,
              538685.62900000252
            ],
            [
              380250.18890000042,
              538691.18530000187
            ],
            [
              380228.75760000013,
              538698.32900000177
            ],
            [
              380202.56379999965,
              538711.82279999927
            ],
            [
              380185.89500000048,
              538718.96660000272
            ],
            [
              380170.02000000048,
              538727.69779999927
            ],
            [
              380145.41370000131,
              538737.22290000319
            ],
            [
              380116.0448000012,
              538739.60410000011
            ],
            [
              380066.03850000072,
              538752.30410000309
            ],
            [
              380028.73220000137,
              538772.94170000404
            ],
            [
              379988.25079999957,
              538789.61050000228
            ],
            [
              379963.6445000004,
              538822.94800000265
            ],
            [
              379919.19450000022,
              538872.16060000099
            ],
            [
              379882.6819000002,
              538922.1670000013
            ],
            [
              379869.98190000001,
              538931.69200000167
            ],
            [
              379832.67550000176,
              538958.67950000241
            ],
            [
              379818.38800000027,
              538968.99829999916
            ],
            [
              379812.83169999998,
              538979.31709999964
            ],
            [
              379784.25670000073,
              539002.33590000123
            ],
            [
              379751.71290000156,
              539024.56090000086
            ],
            [
              379724.72530000098,
              539050.75470000133
            ],
            [
              379658.05020000227,
              539082.5047999993
            ],
            [
              379585.81880000047,
              539099.96729999967
            ],
            [
              379534.22490000073,
              539107.90479999967
            ],
            [
              379503.268600001,
              539119.01740000024
            ],
            [
              379473.89980000071,
              539153.14870000444
            ],
            [
              379467.54979999922,
              539176.96120000258
            ],
            [
              379469.13730000053,
              539194.42380000278
            ],
            [
              379487.393600001,
              539211.09260000288
            ],
            [
              379497.71239999961,
              539229.3487999998
            ],
            [
              379508.03110000119,
              539253.1614000015
            ],
            [
              379500.88740000129,
              539302.37399999984
            ],
            [
              379479.456100001,
              539351.58660000004
            ],
            [
              379468.34350000042,
              539380.95540000126
            ],
            [
              379442.14970000088,
              539409.53040000424
            ],
            [
              379402.46220000181,
              539434.93050000258
            ],
            [
              379377.06209999975,
              539442.86800000258
            ],
            [
              379357.21830000076,
              539444.45549999923
            ],
            [
              379340.54949999973,
              539444.45549999923
            ],
            [
              379314.35570000112,
              539443.66180000268
            ],
            [
              379292.92440000176,
              539441.28050000221
            ],
            [
              379266.73060000129,
              539434.13670000248
            ],
            [
              379246.88690000121,
              539427.78669999912
            ],
            [
              379222.28060000204,
              539420.64299999923
            ],
            [
              379178.62420000043,
              539414.2929999996
            ],
            [
              379143.69920000155,
              539407.942900002
            ],
            [
              379115.1241000006,
              539403.18039999902
            ],
            [
              379083.37399999984,
              539396.03669999912
            ],
            [
              379057.97400000226,
              539393.65540000424
            ],
            [
              379033.36770000029,
              539389.68670000136
            ],
            [
              379002.41139999963,
              539384.9242000021
            ],
            [
              378970.6612999998,
              539378.57410000078
            ],
            [
              378940.49870000035,
              539369.04910000041
            ],
            [
              378912.71740000136,
              539359.52410000004
            ],
            [
              378880.1735999994,
              539343.64910000004
            ],
            [
              378852.39230000135,
              539324.59899999946
            ],
            [
              378833.34229999967,
              539306.34270000271
            ],
            [
              378773.81090000086,
              539269.8302000016
            ],
            [
              378746.02960000187,
              539240.46140000038
            ],
            [
              378718.24830000103,
              539230.1425999999
            ],
            [
              378693.64200000092,
              539230.1425999999
            ],
            [
              378681.73570000008,
              539230.1425999999
            ],
            [
              378647.6043999996,
              539226.17380000278
            ],
            [
              378609.50430000015,
              539206.33000000007
            ],
            [
              378560.29169999994,
              539181.72370000184
            ],
            [
              378521.39790000115,
              539153.14870000444
            ],
            [
              378477.74160000123,
              539117.4299000036
            ],
            [
              378452.70160000119,
              539089.30310000293
            ],
            [
              378424.20100000128,
              539072.50809999928
            ],
            [
              378414.02220000047,
              539066.90970000066
            ],
            [
              378402.82550000213,
              539056.222000001
            ],
            [
              378387.55730000045,
              539043.49850000069
            ],
            [
              378372.79810000025,
              539029.24819999933
            ],
            [
              378338.19020000007,
              539013.47110000253
            ],
            [
              378292.24739999976,
              538980.03400000185
            ],
            [
              378219.32870000042,
              538932.85130000114
            ],
            [
              378067.05740000121,
              538853.49860000052
            ],
            [
              377925.50939999986,
              538789.15860000253
            ],
            [
              377771.09340000059,
              538748.41000000201
            ],
            [
              377725.34629999939,
              538739.02100000158
            ]
          ]
        ]
      }
    },
    {
      "attributes" : {
        "FID" : 2,
        "PMNTN_SN" : 33862,
        "MNTN_CODE" : "422304401",
        "MNTN_NM" : "쉰음산",
        "PMNTN_NM" : "내미로리구간",
        "PMNTN_MAIN" : " ",
        "PMNTN_LT" : 0.75,
        "PMNTN_DFFL" : "중간",
        "PMNTN_UPPL" : 19,
        "PMNTN_GODN" : 13,
        "PMNTN_MTRQ" : " ",
        "PMNTN_CNRL" : " ",
        "PMNTN_CLS_" : " ",
        "PMNTN_RISK" : " ",
        "PMNTN_RECO" : " ",
        "DATA_STDR_" : "2016-12-31",
        "MNTN_ID" : "422304301"
      },
      "geometry" : {
        "paths" : [
          [
            [
              379529.30240000132,
              539835.039900003
            ],
            [
              379498.39580000099,
              539827.31330000237
            ],
            [
              379462.57240000181,
              539802.72860000096
            ],
            [
              379414.10530000087,
              539780.25109999999
            ],
            [
              379377.57940000016,
              539770.41719999909
            ],
            [
              379347.37530000135,
              539756.36879999936
            ],
            [
              379315.06390000042,
              539742.32039999962
            ],
            [
              379303.82519999985,
              539734.59369999915
            ],
            [
              379291.18159999978,
              539725.46220000461
            ],
            [
              379260.97750000097,
              539712.81870000251
            ],
            [
              379239.2024000017,
              539705.79450000264
            ],
            [
              379213.91530000046,
              539705.79450000264
            ],
            [
              379187.92569999956,
              539718.43799999915
            ],
            [
              379168.25789999962,
              539729.67679999955
            ],
            [
              379159.12640000135,
              539741.61790000461
            ],
            [
              379149.99490000121,
              539758.47599999979
            ],
            [
              379148.59010000061,
              539775.33410000056
            ],
            [
              379147.88770000078,
              539790.08500000089
            ],
            [
              379145.07800000068,
              539811.1576000005
            ],
            [
              379140.16110000014,
              539825.90850000083
            ],
            [
              379134.54169999994,
              539842.7666000016
            ],
            [
              379126.81500000134,
              539854.70770000294
            ],
            [
              379110.6594000021,
              539870.86339999922
            ],
            [
              379101.5279000001,
              539894.74569999985
            ],
            [
              379096.61089999974,
              539912.30629999936
            ],
            [
              379093.0987999998,
              539933.37890000455
            ],
            [
              379098.7182,
              539943.91520000063
            ],
            [
              379116.98120000213,
              539962.8805999998
            ],
            [
              379132.43440000061,
              539994.48950000107
            ],
            [
              379139.92170000076,
              540050.98440000229
            ]
          ]
        ]
      }
    },
    {
      "attributes" : {
        "FID" : 3,
        "PMNTN_SN" : 33863,
        "MNTN_CODE" : "422304401",
        "MNTN_NM" : "쉰음산",
        "PMNTN_NM" : "내미로리구간",
        "PMNTN_MAIN" : " ",
        "PMNTN_LT" : 0.46,
        "PMNTN_DFFL" : "쉬움",
        "PMNTN_UPPL" : 8,
        "PMNTN_GODN" : 6,
        "PMNTN_MTRQ" : " ",
        "PMNTN_CNRL" : " ",
        "PMNTN_CLS_" : " ",
        "PMNTN_RISK" : " ",
        "PMNTN_RECO" : " ",
        "DATA_STDR_" : "2016-12-31",
        "MNTN_ID" : "422304301"
      },
      "geometry" : {
        "paths" : [
          [
            [
              379917.60380000062,
              540065.7071000021
            ],
            [
              379905.76719999965,
              540058.88179999962
            ],
            [
              379889.17250000034,
              540042.87980000116
            ],
            [
              379865.16940000001,
              540017.69140000083
            ],
            [
              379840.87010000087,
              540001.39299999923
            ],
            [
              379803.23560000025,
              539987.16900000162
            ],
            [
              379773.30590000004,
              539958.72089999914
            ],
            [
              379741.43360000197,
              539929.86680000462
            ],
            [
              379724.5755000012,
              539915.11600000225
            ],
            [
              379697.18100000173,
              539898.25779999979
            ],
            [
              379671.19140000083,
              539883.50699999928
            ],
            [
              379652.92849999946,
              539871.56580000371
            ],
            [
              379640.98730000015,
              539863.83920000307
            ],
            [
              379619.91469999868,
              539855.41020000167
            ],
            [
              379593.22270000074,
              539851.195600003
            ],
            [
              379572.15009999927,
              539844.87380000204
            ],
            [
              379548.26769999973,
              539839.95690000243
            ],
            [
              379529.30240000132,
              539835.039900003
            ]
          ]
        ]
      }
    },
    {
      "attributes" : {
        "FID" : 4,
        "PMNTN_SN" : 33864,
        "MNTN_CODE" : "422304401",
        "MNTN_NM" : "쉰음산",
        "PMNTN_NM" : "내미로리구간",
        "PMNTN_MAIN" : " ",
        "PMNTN_LT" : 0.57,
        "PMNTN_DFFL" : "중간",
        "PMNTN_UPPL" : 14,
        "PMNTN_GODN" : 10,
        "PMNTN_MTRQ" : " ",
        "PMNTN_CNRL" : " ",
        "PMNTN_CLS_" : " ",
        "PMNTN_RISK" : " ",
        "PMNTN_RECO" : " ",
        "DATA_STDR_" : "2016-12-31",
        "MNTN_ID" : "422304301"
      },
      "geometry" : {
        "paths" : [
          [
            [
              379316.23159999866,
              540223.32589999959
            ],
            [
              379318.41299999971,
              540212.5370000042
            ],
            [
              379324.89780000132,
              540197.48930000141
            ],
            [
              379327.70750000048,
              540172.90450000204
            ],
            [
              379325.60020000115,
              540161.66579999961
            ],
            [
              379311.55180000048,
              540149.02219999954
            ],
            [
              379297.50339999981,
              540137.08100000024
            ],
            [
              379284.15739999991,
              540120.22289999947
            ],
            [
              379274.32349999994,
              540103.3647999987
            ],
            [
              379265.19199999981,
              540087.91159999929
            ],
            [
              379256.7630000012,
              540067.54130000249
            ],
            [
              379251.84600000177,
              540049.98079999909
            ],
            [
              379250.44120000117,
              540035.23000000231
            ],
            [
              379257.46540000103,
              540007.83550000191
            ],
            [
              379270.81140000187,
              539993.0847000014
            ],
            [
              379335.43410000112,
              539950.23699999973
            ],
            [
              379369.15029999986,
              539934.78370000049
            ],
            [
              379419.0223000003,
              539905.28209999762
            ],
            [
              379493.47890000045,
              539856.11260000244
            ],
            [
              379529.30240000132,
              539835.039900003
            ]
          ]
        ]
      }
    },
    {
      "attributes" : {
        "FID" : 5,
        "PMNTN_SN" : 33865,
        "MNTN_CODE" : "422304401",
        "MNTN_NM" : "쉰음산",
        "PMNTN_NM" : "내미로리구간",
        "PMNTN_MAIN" : " ",
        "PMNTN_LT" : 1.54,
        "PMNTN_DFFL" : "쉬움",
        "PMNTN_UPPL" : 58,
        "PMNTN_GODN" : 40,
        "PMNTN_MTRQ" : " ",
        "PMNTN_CNRL" : " ",
        "PMNTN_CLS_" : " ",
        "PMNTN_RISK" : " ",
        "PMNTN_RECO" : " ",
        "DATA_STDR_" : "2016-12-31",
        "MNTN_ID" : "422304301"
      },
      "geometry" : {
        "paths" : [
          [
            [
              380705.69790000003,
              540267.19110000134
            ],
            [
              380636.53579999972,
              540329.84439999983
            ],
            [
              380583.6054999996,
              540405.66349999979
            ],
            [
              380492.05030000024,
              540470.03829999827
            ],
            [
              380380.46730000153,
              540551.57960000448
            ],
            [
              380340.41190000065,
              540590.20450000092
            ],
            [
              380308.93979999982,
              540621.67660000175
            ],
            [
              380270.31500000041,
              540676.03749999963
            ],
            [
              380235.98180000205,
              540711.80130000226
            ],
            [
              380185.9124999987,
              540721.81509999931
            ],
            [
              380151.57930000033,
              540728.96790000238
            ],
            [
              380107.2323000012,
              540711.80130000226
            ],
            [
              380037.1353000002,
              540654.5792999994
            ],
            [
              379987.06599999964,
              540648.8571000006
            ],
            [
              379905.52469999995,
              540630.25990000181
            ],
            [
              379856.88600000087,
              540597.35730000399
            ],
            [
              379821.12220000103,
              540573.03790000081
            ],
            [
              379716.69200000167,
              540554.44070000015
            ],
            [
              379586.5120000001,
              540524.39919999987
            ],
            [
              379549.31769999955,
              540512.95480000041
            ],
            [
              379484.94290000107,
              540452.87170000374
            ],
            [
              379453.61660000123,
              540405.91390000097
            ]
          ]
        ]
      }
    }
  ]
}