{
  "displayFieldName" : "",
  "fieldAliases" : {
    "FID" : "FID",
    "PMNTN_SN" : "PMNTN_SN",
    "MNTN_CODE" : "MNTN_CODE",
    "MNTN_NM" : "MNTN_NM",
    "PMNTN_NM" : "PMNTN_NM",
    "PMNTN_MAIN" : "PMNTN_MAIN",
    "PMNTN_LT" : "PMNTN_LT",
    "PMNTN_DFFL" : "PMNTN_DFFL",
    "PMNTN_UPPL" : "PMNTN_UPPL",
    "PMNTN_GODN" : "PMNTN_GODN",
    "PMNTN_MTRQ" : "PMNTN_MTRQ",
    "PMNTN_CNRL" : "PMNTN_CNRL",
    "PMNTN_CLS_" : "PMNTN_CLS_",
    "PMNTN_RISK" : "PMNTN_RISK",
    "PMNTN_RECO" : "PMNTN_RECO",
    "DATA_STDR_" : "DATA_STDR_",
    "MNTN_ID" : "MNTN_ID"
  },
  "geometryType" : "esriGeometryPolyline",
  "spatialReference" : {
    "wkt" : "PROJCS[\"PCS_ITRF2000_TM\",GEOGCS[\"GCS_ITRF_2000\",DATUM[\"D_ITRF_2000\",SPHEROID[\"GRS_1980\",6378137.0,298.257222101]],PRIMEM[\"Greenwich\",0.0],UNIT[\"Degree\",0.0174532925199433]],PROJECTION[\"Transverse_Mercator\"],PARAMETER[\"False_Easting\",200000.0],PARAMETER[\"False_Northing\",600000.0],PARAMETER[\"Central_Meridian\",127.0],PARAMETER[\"Scale_Factor\",1.0],PARAMETER[\"Latitude_Of_Origin\",38.0],UNIT[\"Meter\",1.0]]"
  },
  "fields" : [
    {
      "name" : "FID",
      "type" : "esriFieldTypeOID",
      "alias" : "FID"
    },
    {
      "name" : "PMNTN_SN",
      "type" : "esriFieldTypeDouble",
      "alias" : "PMNTN_SN"
    },
    {
      "name" : "MNTN_CODE",
      "type" : "esriFieldTypeString",
      "alias" : "MNTN_CODE",
      "length" : 9
    },
    {
      "name" : "MNTN_NM",
      "type" : "esriFieldTypeString",
      "alias" : "MNTN_NM",
      "length" : 50
    },
    {
      "name" : "PMNTN_NM",
      "type" : "esriFieldTypeString",
      "alias" : "PMNTN_NM",
      "length" : 50
    },
    {
      "name" : "PMNTN_MAIN",
      "type" : "esriFieldTypeString",
      "alias" : "PMNTN_MAIN",
      "length" : 200
    },
    {
      "name" : "PMNTN_LT",
      "type" : "esriFieldTypeSingle",
      "alias" : "PMNTN_LT"
    },
    {
      "name" : "PMNTN_DFFL",
      "type" : "esriFieldTypeString",
      "alias" : "PMNTN_DFFL",
      "length" : 8
    },
    {
      "name" : "PMNTN_UPPL",
      "type" : "esriFieldTypeDouble",
      "alias" : "PMNTN_UPPL"
    },
    {
      "name" : "PMNTN_GODN",
      "type" : "esriFieldTypeDouble",
      "alias" : "PMNTN_GODN"
    },
    {
      "name" : "PMNTN_MTRQ",
      "type" : "esriFieldTypeString",
      "alias" : "PMNTN_MTRQ",
      "length" : 200
    },
    {
      "name" : "PMNTN_CNRL",
      "type" : "esriFieldTypeString",
      "alias" : "PMNTN_CNRL",
      "length" : 1
    },
    {
      "name" : "PMNTN_CLS_",
      "type" : "esriFieldTypeString",
      "alias" : "PMNTN_CLS_",
      "length" : 1
    },
    {
      "name" : "PMNTN_RISK",
      "type" : "esriFieldTypeString",
      "alias" : "PMNTN_RISK",
      "length" : 200
    },
    {
      "name" : "PMNTN_RECO",
      "type" : "esriFieldTypeString",
      "alias" : "PMNTN_RECO",
      "length" : 1
    },
    {
      "name" : "DATA_STDR_",
      "type" : "esriFieldTypeString",
      "alias" : "DATA_STDR_",
      "length" : 10
    },
    {
      "name" : "MNTN_ID",
      "type" : "esriFieldTypeString",
      "alias" : "MNTN_ID",
      "length" : 10
    }
  ],
  "features" : [
    {
      "attributes" : {
        "FID" : 0,
        "PMNTN_SN" : 51765,
        "MNTN_CODE" : "448002201",
        "MNTN_NM" : "퇴뫼산",
        "PMNTN_NM" : "송암리구간",
        "PMNTN_MAIN" : " ",
        "PMNTN_LT" : 0.37,
        "PMNTN_DFFL" : "쉬움",
        "PMNTN_UPPL" : 7,
        "PMNTN_GODN" : 5,
        "PMNTN_MTRQ" : " ",
        "PMNTN_CNRL" : " ",
        "PMNTN_CLS_" : " ",
        "PMNTN_RISK" : " ",
        "PMNTN_RECO" : " ",
        "DATA_STDR_" : "2016-12-31",
        "MNTN_ID" : "448002201"
      },
      "geometry" : {
        "paths" : [
          [
            [
              174232.99580000341,
              443815.32010000385
            ],
            [
              174233.43340000045,
              443820.61600000225
            ],
            [
              174232.64450000226,
              443822.20770000108
            ],
            [
              174232.78029999882,
              443824.73340000026
            ],
            [
              174232.37810000032,
              443826.88590000197
            ],
            [
              174231.84750000108,
              443829.35580000095
            ],
            [
              174232.17650000099,
              443831.66620000079
            ],
            [
              174232.38889999967,
              443834.00930000283
            ],
            [
              174232.65909999982,
              443836.18859999813
            ],
            [
              174232.67109999992,
              443838.82799999975
            ],
            [
              174233.02800000086,
              443841.26390000246
            ],
            [
              174233.25180000067,
              443843.58720000274
            ],
            [
              174233.4430999998,
              443846.17810000107
            ],
            [
              174234.17360000033,
              443848.74460000359
            ],
            [
              174234.43410000112,
              443850.9606000036
            ],
            [
              174234.8077000007,
              443853.44720000029
            ],
            [
              174234.90820000041,
              443856.43270000443
            ],
            [
              174235.44180000015,
              443859.2824000027
            ],
            [
              174236.09240000229,
              443861.50310000032
            ],
            [
              174236.53810000233,
              443864.3692000024
            ],
            [
              174237.20210000034,
              443866.71830000356
            ],
            [
              174238.34119999968,
              443869.20290000178
            ],
            [
              174239.47240000311,
              443871.59280000255
            ],
            [
              174240.93410000019,
              443873.82890000008
            ],
            [
              174242.99210000131,
              443875.48090000078
            ],
            [
              174245.08460000064,
              443876.59440000355
            ],
            [
              174247.71199999936,
              443877.37270000204
            ],
            [
              174250.40250000264,
              443877.78630000167
            ],
            [
              174252.99820000306,
              443878.36869999953
            ],
            [
              174256.04320000205,
              443878.42020000331
            ],
            [
              174259.10699999984,
              443878.40939999931
            ],
            [
              174262.17509999964,
              443879.00290000066
            ],
            [
              174265.13900000043,
              443879.95329999924
            ],
            [
              174267.70570000168,
              443881.15900000185
            ],
            [
              174270.26259999909,
              443882.83730000071
            ],
            [
              174272.46100000013,
              443885.28720000386
            ],
            [
              174274.31989999954,
              443888.08869999833
            ],
            [
              174276.1221000012,
              443890.94500000402
            ],
            [
              174277.25580000132,
              443893.7722000014
            ],
            [
              174278.23300000001,
              443896.87150000222
            ],
            [
              174279.04720000084,
              443902.22610000148
            ],
            [
              174279.40880000032,
              443905.35640000179
            ],
            [
              174279.92360000126,
              443908.41929999925
            ],
            [
              174279.91910000052,
              443911.79000000656
            ],
            [
              174278.79839999974,
              443918.33899999969
            ],
            [
              174277.86580000259,
              443921.30550000072
            ],
            [
              174276.42450000346,
              443924.15660000034
            ],
            [
              174274.00390000083,
              443930.55050000176
            ],
            [
              174272.63550000358,
              443933.54730000161
            ],
            [
              174271.05510000139,
              443936.40850000083
            ],
            [
              174270.48210000247,
              443938.88070000336
            ],
            [
              174268.55660000071,
              443942.11250000261
            ],
            [
              174266.487900001,
              443945.66149999946
            ],
            [
              174264.78139999881,
              443948.43590000086
            ],
            [
              174263.76339999959,
              443951.47210000269
            ],
            [
              174263.35310000088,
              443954.70629999973
            ],
            [
              174263.36760000233,
              443958.12610000372
            ],
            [
              174262.87349999882,
              443961.38900000229
            ],
            [
              174262.2592000002,
              443964.88660000265
            ],
            [
              174261.20280000009,
              443968.08950000256
            ],
            [
              174260.5138000017,
              443971.13470000029
            ],
            [
              174258.9103000015,
              443973.90520000458
            ],
            [
              174256.84389999975,
              443976.95370000042
            ],
            [
              174255.24790000077,
              443979.56920000166
            ],
            [
              174253.67150000203,
              443982.64070000127
            ],
            [
              174252.24070000276,
              443985.12600000203
            ],
            [
              174250.73730000015,
              443988.33930000104
            ],
            [
              174250.21119999979,
              443991.27320000157
            ],
            [
              174249.36079999991,
              443994.22710000165
            ],
            [
              174248.71030000038,
              443997.55170000158
            ],
            [
              174247.77120000217,
              444000.10810000077
            ],
            [
              174246.70870000124,
              444003.14279999956
            ],
            [
              174245.09669999965,
              444006.44350000285
            ],
            [
              174245.15520000085,
              444009.12250000425
            ],
            [
              174245.96540000197,
              444012.00150000118
            ],
            [
              174245.67339999881,
              444015.79850000143
            ],
            [
              174245.8049999997,
              444018.9952000007
            ],
            [
              174245.75560000259,
              444022.04499999993
            ],
            [
              174244.95590000041,
              444025.84870000184
            ],
            [
              174245.3321000021,
              444029.28840000182
            ],
            [
              174245.95510000363,
              444032.76209999993
            ],
            [
              174246.09839999955,
              444036.51380000263
            ],
            [
              174245.71910000127,
              444039.88560000435
            ],
            [
              174245.80380000081,
              444043.17160000093
            ],
            [
              174245.6602000026,
              444046.45189999975
            ],
            [
              174244.85639999993,
              444050.08540000208
            ],
            [
              174243.86640000064,
              444053.4215000011
            ],
            [
              174243.82300000172,
              444057.31160000339
            ],
            [
              174243.88080000225,
              444061.56780000031
            ],
            [
              174242.85259999894,
              444066.79099999927
            ],
            [
              174241.94640000071,
              444071.66420000046
            ],
            [
              174242.90910000075,
              444077.0960000027
            ],
            [
              174242.66820000205,
              444085.06490000151
            ],
            [
              174242.52689999994,
              444087.73900000006
            ],
            [
              174241.79080000147,
              444091.70790000074
            ],
            [
              174241.66320000403,
              444094.85649999976
            ],
            [
              174240.60410000291,
              444098.16350000165
            ],
            [
              174240.44199999981,
              444102.04719999991
            ],
            [
              174239.85840000305,
              444105.92760000005
            ],
            [
              174238.78170000017,
              444108.18300000392
            ],
            [
              174238.05890000053,
              444112.88230000064
            ],
            [
              174237.53300000168,
              444116.08090000227
            ],
            [
              174236.91170000006,
              444118.20530000143
            ],
            [
              174234.56500000134,
              444122.6903999988
            ],
            [
              174232.18350000121,
              444125.62490000203
            ],
            [
              174228.85259999894,
              444127.68600000069
            ],
            [
              174226.44740000367,
              444130.09860000014
            ],
            [
              174224.32260000054,
              444132.05080000125
            ],
            [
              174222.87230000086,
              444134.23500000127
            ],
            [
              174221.1380000012,
              444136.64650000259
            ],
            [
              174218.27910000179,
              444140.82349999994
            ]
          ]
        ]
      }
    },
    {
      "attributes" : {
        "FID" : 1,
        "PMNTN_SN" : 51766,
        "MNTN_CODE" : "448002201",
        "MNTN_NM" : "퇴뫼산",
        "PMNTN_NM" : "신곡리구간",
        "PMNTN_MAIN" : " ",
        "PMNTN_LT" : 0.1,
        "PMNTN_DFFL" : "쉬움",
        "PMNTN_UPPL" : 2,
        "PMNTN_GODN" : 1,
        "PMNTN_MTRQ" : " ",
        "PMNTN_CNRL" : " ",
        "PMNTN_CLS_" : " ",
        "PMNTN_RISK" : " ",
        "PMNTN_RECO" : " ",
        "DATA_STDR_" : "2016-12-31",
        "MNTN_ID" : "448002201"
      },
      "geometry" : {
        "paths" : [
          [
            [
              174081.92899999954,
              444174.30159999989
            ],
            [
              174080.21560000069,
              444170.75310000218
            ],
            [
              174078.72360000107,
              444168.57410000078
            ],
            [
              174075.92989999987,
              444164.49129999988
            ],
            [
              174073.77749999985,
              444161.15719999932
            ],
            [
              174071.28409999982,
              444159.09469999932
            ],
            [
              174068.57500000205,
              444155.75049999915
            ],
            [
              174068.35940000135,
              444149.92310000211
            ],
            [
              174067.17800000124,
              444147.44520000182
            ],
            [
              174066.00040000211,
              444144.24239999987
            ],
            [
              174062.77840000018,
              444139.20400000177
            ],
            [
              174060.14450000133,
              444135.53599999845
            ],
            [
              174058.53850000072,
              444133.86770000122
            ],
            [
              174057.15350000001,
              444132.31760000437
            ],
            [
              174053.95320000034,
              444130.04700000212
            ],
            [
              174051.95200000145,
              444128.63939999975
            ],
            [
              174043.59430000372,
              444122.65860000439
            ],
            [
              174040.04250000045,
              444120.14589999989
            ],
            [
              174036.38680000138,
              444116.96700000018
            ],
            [
              174034.58270000294,
              444115.92689999938
            ],
            [
              174032.70799999963,
              444114.22949999943
            ],
            [
              174030.41160000116,
              444112.87810000218
            ],
            [
              174028.95040000044,
              444111.62460000068
            ],
            [
              174026.98269999865,
              444110.23809999973
            ],
            [
              174025.41949999984,
              444109.0409000013
            ],
            [
              174023.50560000073,
              444108.30040000193
            ],
            [
              174020.94160000142,
              444106.5565000046
            ],
            [
              174019.52190000005,
              444105.6632000003
            ],
            [
              174018.25399999972,
              444104.91129999794
            ],
            [
              174017.70610000007,
              444103.92149999924
            ]
          ]
        ]
      }
    },
    {
      "attributes" : {
        "FID" : 2,
        "PMNTN_SN" : 51767,
        "MNTN_CODE" : "448002201",
        "MNTN_NM" : "퇴뫼산",
        "PMNTN_NM" : "신곡리구간",
        "PMNTN_MAIN" : " ",
        "PMNTN_LT" : 0.04,
        "PMNTN_DFFL" : "쉬움",
        "PMNTN_UPPL" : 1,
        "PMNTN_GODN" : 0,
        "PMNTN_MTRQ" : " ",
        "PMNTN_CNRL" : " ",
        "PMNTN_CLS_" : " ",
        "PMNTN_RISK" : " ",
        "PMNTN_RECO" : " ",
        "DATA_STDR_" : "2016-12-31",
        "MNTN_ID" : "448002201"
      },
      "geometry" : {
        "paths" : [
          [
            [
              173987.99140000343,
              444133.04890000261
            ],
            [
              173991.99129999988,
              444130.41519999877
            ],
            [
              173993.47860000096,
              444128.66430000216
            ],
            [
              173994.2507000016,
              444125.93040000275
            ],
            [
              173995.61170000117,
              444124.63920000196
            ],
            [
              173997.23500000127,
              444121.2396000009
            ],
            [
              173997.94720000122,
              444119.44419999979
            ],
            [
              174000.10500000324,
              444118.60890000127
            ],
            [
              174002.32149999961,
              444116.16460000165
            ],
            [
              174003.84790000133,
              444113.31350000203
            ],
            [
              174005.80590000376,
              444111.40469999984
            ],
            [
              174008.49150000326,
              444110.39960000105
            ],
            [
              174013.14220000245,
              444107.78049999848
            ],
            [
              174015.9000000013,
              444106.3954000026
            ],
            [
              174017.70610000007,
              444103.92149999924
            ]
          ]
        ]
      }
    },
    {
      "attributes" : {
        "FID" : 3,
        "PMNTN_SN" : 51768,
        "MNTN_CODE" : "448002201",
        "MNTN_NM" : "퇴뫼산",
        "PMNTN_NM" : "신곡리구간",
        "PMNTN_MAIN" : " ",
        "PMNTN_LT" : 0.51,
        "PMNTN_DFFL" : "쉬움",
        "PMNTN_UPPL" : 9,
        "PMNTN_GODN" : 6,
        "PMNTN_MTRQ" : " ",
        "PMNTN_CNRL" : " ",
        "PMNTN_CLS_" : " ",
        "PMNTN_RISK" : " ",
        "PMNTN_RECO" : " ",
        "DATA_STDR_" : "2016-12-31",
        "MNTN_ID" : "448002201"
      },
      "geometry" : {
        "paths" : [
          [
            [
              174017.70610000007,
              444103.92149999924
            ],
            [
              174015.89300000388,
              444101.50480000116
            ],
            [
              174015.17570000049,
              444099.99050000124
            ],
            [
              174014.54140000138,
              444097.84189999849
            ],
            [
              174014.39350000117,
              444094.96639999934
            ],
            [
              174012.38879999984,
              444093.03380000219
            ],
            [
              174010.60570000019,
              444090.55649999902
            ],
            [
              174009.83160000388,
              444087.85559999943
            ],
            [
              174008.44519999996,
              444085.4338000007
            ],
            [
              174006.78380000032,
              444083.19899999909
            ],
            [
              174003.77990000043,
              444080.6517000068
            ],
            [
              174003.63049999997,
              444079.36970000155
            ],
            [
              173999.40680000093,
              444077.78070000187
            ],
            [
              173996.82320000045,
              444077.33830000088
            ],
            [
              173994.94919999968,
              444077.88830000162
            ],
            [
              173991.00540000014,
              444077.36640000157
            ],
            [
              173988.59270000085,
              444077.60140000097
            ],
            [
              173985.67280000076,
              444077.64140000008
            ],
            [
              173982.06670000125,
              444078.97510000132
            ],
            [
              173979.17920000013,
              444078.92489999905
            ],
            [
              173977.41820000205,
              444081.07439999841
            ],
            [
              173974.93510000221,
              444082.60040000081
            ],
            [
              173971.47730000038,
              444082.10500000231
            ],
            [
              173967.90080000088,
              444081.54680000246
            ],
            [
              173964.80800000019,
              444079.95940000005
            ],
            [
              173961.70150000043,
              444079.10590000264
            ],
            [
              173958.43710000161,
              444077.49640000053
            ],
            [
              173955.5036000004,
              444075.66720000096
            ],
            [
              173952.42750000395,
              444073.92469999939
            ],
            [
              173949.54530000128,
              444071.98540000059
            ],
            [
              173946.41099999938,
              444070.37900000438
            ],
            [
              173943.17120000068,
              444069.15140000358
            ],
            [
              173939.99080000166,
              444068.36000000127
            ],
            [
              173936.34930000082,
              444067.6791999992
            ],
            [
              173933.37050000019,
              444066.65780000016
            ],
            [
              173929.58010000177,
              444066.39110000059
            ],
            [
              173926.65899999999,
              444065.85250000097
            ],
            [
              173923.78419999965,
              444063.77630000189
            ],
            [
              173920.96330000367,
              444063.77180000208
            ],
            [
              173918.6699000001,
              444062.0856999997
            ],
            [
              173915.8992000008,
              444060.13660000078
            ],
            [
              173912.03220000025,
              444054.6259000022
            ],
            [
              173907.93970000092,
              444045.78940000013
            ],
            [
              173901.87660000101,
              444040.98750000261
            ],
            [
              173898.31580000184,
              444039.34420000203
            ],
            [
              173891.64840000123,
              444036.02790000103
            ],
            [
              173886.13009999972,
              444029.67890000343
            ],
            [
              173882.89039999992,
              444024.12120000459
            ],
            [
              173880.97020000312,
              444016.43980000168
            ],
            [
              173878.41180000361,
              444009.12839999981
            ],
            [
              173879.41260000039,
              444005.50520000048
            ],
            [
              173878.6398,
              444001.91809999943
            ],
            [
              173878.74430000223,
              443993.51070000231
            ],
            [
              173875.2770999996,
              443985.46750000119
            ],
            [
              173863.15110000316,
              443970.16060000099
            ],
            [
              173862.33710000105,
              443964.28750000149
            ],
            [
              173858.33889999986,
              443959.02290000021
            ],
            [
              173854.02379999962,
              443955.12140000425
            ],
            [
              173850.76460000221,
              443951.26170000248
            ],
            [
              173845.58310000133,
              443945.99040000141
            ],
            [
              173840.4810000034,
              443943.71949999966
            ],
            [
              173835.30180000328,
              443937.98919999972
            ],
            [
              173831.6612000009,
              443926.30090000108
            ],
            [
              173832.85110000335,
              443918.13110000081
            ],
            [
              173833.99740000069,
              443915.17510000244
            ],
            [
              173835.48430000152,
              443912.26160000078
            ],
            [
              173837.40940000117,
              443908.70299999975
            ],
            [
              173839.12110000104,
              443905.255400002
            ],
            [
              173840.28780000005,
              443901.95949999988
            ],
            [
              173842.33609999996,
              443899.14710000157
            ],
            [
              173844.22600000072,
              443895.41160000116
            ],
            [
              173843.34860000294,
              443892.17500000261
            ],
            [
              173843.63499999978,
              443888.63410000131
            ],
            [
              173844.59330000076,
              443885.25930000097
            ],
            [
              173845.50050000008,
              443882.69030000083
            ],
            [
              173846.78589999955,
              443880.01790000126
            ],
            [
              173848.26200000383,
              443867.65889999829
            ],
            [
              173844.5195999993,
              443865.57280000299
            ],
            [
              173841.691300001,
              443859.28150000051
            ],
            [
              173842.31520000193,
              443851.83669999987
            ],
            [
              173843.79990000278,
              443845.6005000025
            ],
            [
              173846.7779000001,
              443837.84040000476
            ],
            [
              173845.36380000319,
              443826.80560000241
            ],
            [
              173845.00509999972,
              443823.97589999996
            ],
            [
              173844.22160000075,
              443821.05749999918
            ],
            [
              173843.61230000108,
              443815.79520000145
            ],
            [
              173844.58330000099,
              443812.78280000202
            ],
            [
              173845.89500000048,
              443803.85430000164
            ],
            [
              173849.08600000106,
              443801.06739999913
            ],
            [
              173853.64580000099,
              443796.59300000221
            ],
            [
              173856.24490000028,
              443788.89250000007
            ],
            [
              173858.29920000117,
              443785.61110000126
            ],
            [
              173858.26530000009,
              443777.50899999961
            ],
            [
              173861.45090000331,
              443769.37409999967
            ],
            [
              173864.10919999983,
              443765.04430000111
            ],
            [
              173866.80679999944,
              443761.63400000148
            ],
            [
              173869.13740000129,
              443759.7993999999
            ],
            [
              173871.51049999986,
              443757.69900000282
            ],
            [
              173873.72599999979,
              443754.40140000172
            ],
            [
              173874.63190000132,
              443747.46240000054
            ],
            [
              173876.08450000081,
              443744.15990000218
            ],
            [
              173877.19319999963,
              443739.70069999993
            ],
            [
              173877.78940000199,
              443735.91640000418
            ],
            [
              173878.67950000055,
              443728.48259999976
            ]
          ]
        ]
      }
    },
    {
      "attributes" : {
        "FID" : 4,
        "PMNTN_SN" : 51769,
        "MNTN_CODE" : "448002201",
        "MNTN_NM" : "퇴뫼산",
        "PMNTN_NM" : "송암리구간",
        "PMNTN_MAIN" : " ",
        "PMNTN_LT" : 0.05,
        "PMNTN_DFFL" : "쉬움",
        "PMNTN_UPPL" : 1,
        "PMNTN_GODN" : 1,
        "PMNTN_MTRQ" : " ",
        "PMNTN_CNRL" : " ",
        "PMNTN_CLS_" : " ",
        "PMNTN_RISK" : " ",
        "PMNTN_RECO" : " ",
        "DATA_STDR_" : "2016-12-31",
        "MNTN_ID" : "448002201"
      },
      "geometry" : {
        "paths" : [
          [
            [
              174195.09350000042,
              444180.77340000309
            ],
            [
              174195.66189999972,
              444179.09790000133
            ],
            [
              174196.66710000206,
              444177.50449999981
            ],
            [
              174197.50150000304,
              444175.4785999991
            ],
            [
              174198.94990000129,
              444173.44160000049
            ],
            [
              174200.92509999964,
              444171.55779999867
            ],
            [
              174203.4793999996,
              444168.83340000175
            ],
            [
              174203.9701999994,
              444168.2097000014
            ],
            [
              174206.79500000086,
              444164.95529999956
            ],
            [
              174208.55640000105,
              444163.23650000244
            ],
            [
              174210.04280000087,
              444160.2268000003
            ],
            [
              174211.37750000134,
              444157.78400000185
            ],
            [
              174213.38909999933,
              444154.71310000308
            ],
            [
              174215.31040000077,
              444151.67479999736
            ],
            [
              174216.83279999997,
              444148.13610000163
            ],
            [
              174217.87670000363,
              444143.77810000069
            ],
            [
              174218.27910000179,
              444140.82349999994
            ]
          ]
        ]
      }
    },
    {
      "attributes" : {
        "FID" : 5,
        "PMNTN_SN" : 51770,
        "MNTN_CODE" : "448002201",
        "MNTN_NM" : "퇴뫼산",
        "PMNTN_NM" : "신곡리구간",
        "PMNTN_MAIN" : " ",
        "PMNTN_LT" : 0.15,
        "PMNTN_DFFL" : "쉬움",
        "PMNTN_UPPL" : 3,
        "PMNTN_GODN" : 2,
        "PMNTN_MTRQ" : " ",
        "PMNTN_CNRL" : " ",
        "PMNTN_CLS_" : " ",
        "PMNTN_RISK" : " ",
        "PMNTN_RECO" : " ",
        "DATA_STDR_" : "2016-12-31",
        "MNTN_ID" : "448002201"
      },
      "geometry" : {
        "paths" : [
          [
            [
              174218.27910000179,
              444140.82349999994
            ],
            [
              174214.88809999917,
              444141.66490000114
            ],
            [
              174211.10000000056,
              444142.59320000373
            ],
            [
              174208.84660000075,
              444142.82950000465
            ],
            [
              174204.28490000032,
              444144.220900001
            ],
            [
              174200.1342000002,
              444145.09380000085
            ],
            [
              174197.69350000191,
              444147.30940000154
            ],
            [
              174193.50390000083,
              444148.42820000276
            ],
            [
              174190.61140000168,
              444150.14270000346
            ],
            [
              174183.35980000347,
              444151.50449999981
            ],
            [
              174179.42779999971,
              444153.03980000131
            ],
            [
              174174.93290000129,
              444154.65280000307
            ],
            [
              174167.94299999997,
              444156.22940000519
            ],
            [
              174163.99679999985,
              444156.87319999933
            ],
            [
              174156.41940000281,
              444157.037200002
            ],
            [
              174145.75200000405,
              444154.49740000255
            ],
            [
              174141.33590000123,
              444152.2731999997
            ],
            [
              174138.1875,
              444151.26980000176
            ],
            [
              174132.29719999991,
              444149.58840000071
            ],
            [
              174126.64420000184,
              444150.1026000008
            ],
            [
              174122.24390000291,
              444153.13020000048
            ],
            [
              174119.88880000263,
              444153.2089000009
            ],
            [
              174117.27889999934,
              444153.98630000278
            ],
            [
              174114.14519999921,
              444153.71860000119
            ],
            [
              174110.95690000243,
              444152.89860000089
            ],
            [
              174107.81489999965,
              444152.32290000282
            ],
            [
              174105.12889999989,
              444153.45360000245
            ],
            [
              174102.52639999893,
              444155.25080000423
            ],
            [
              174100.57290000096,
              444156.73929999955
            ],
            [
              174098.14830000047,
              444158.81770000421
            ],
            [
              174090.36309999973,
              444164.74029999971
            ],
            [
              174087.16589999944,
              444167.24159999937
            ],
            [
              174084.23400000203,
              444170.35700000077
            ],
            [
              174082.59820000082,
              444172.40800000168
            ],
            [
              174081.92899999954,
              444174.30159999989
            ]
          ]
        ]
      }
    },
    {
      "attributes" : {
        "FID" : 6,
        "PMNTN_SN" : 51771,
        "MNTN_CODE" : "448002201",
        "MNTN_NM" : "퇴뫼산",
        "PMNTN_NM" : "신곡리구간",
        "PMNTN_MAIN" : " ",
        "PMNTN_LT" : 0.55,
        "PMNTN_DFFL" : "쉬움",
        "PMNTN_UPPL" : 10,
        "PMNTN_GODN" : 7,
        "PMNTN_MTRQ" : " ",
        "PMNTN_CNRL" : " ",
        "PMNTN_CLS_" : " ",
        "PMNTN_RISK" : " ",
        "PMNTN_RECO" : " ",
        "DATA_STDR_" : "2016-12-31",
        "MNTN_ID" : "448002201"
      },
      "geometry" : {
        "paths" : [
          [
            [
              174081.92899999954,
              444174.30159999989
            ],
            [
              174081.65910000075,
              444175.76970000006
            ],
            [
              174082.63180000149,
              444177.89809999987
            ],
            [
              174083.91729999986,
              444180.53710000217
            ],
            [
              174085.41539999936,
              444182.32800000347
            ],
            [
              174091.77040000074,
              444190.47220000252
            ],
            [
              174092.51650000084,
              444193.05949999951
            ],
            [
              174094.24390000012,
              444194.69990000129
            ],
            [
              174095.24150000047,
              444197.03190000355
            ],
            [
              174096.24740000069,
              444198.58650000393
            ],
            [
              174097.81530000176,
              444200.49750000238
            ],
            [
              174098.66139999963,
              444202.49280000106
            ],
            [
              174100.61010000017,
              444206.26510000229
            ],
            [
              174101.71940000076,
              444208.00330000184
            ],
            [
              174103.17580000125,
              444209.76360000297
            ],
            [
              174104.63190000039,
              444211.36160000041
            ],
            [
              174105.80830000062,
              444214.30389999971
            ],
            [
              174107.22000000067,
              444216.27720000036
            ],
            [
              174108.48610000126,
              444218.42600000277
            ],
            [
              174109.61000000127,
              444221.11419999972
            ],
            [
              174112.0334999999,
              444222.77590000257
            ],
            [
              174112.85890000407,
              444224.36409999989
            ],
            [
              174115.27909999993,
              444227.40649999864
            ],
            [
              174117.64969999995,
              444231.40480000153
            ],
            [
              174119.38460000046,
              444234.64330000058
            ],
            [
              174120.93159999978,
              444237.34570000134
            ],
            [
              174123.63810000196,
              444240.722000001
            ],
            [
              174124.59810000006,
              444247.43850000203
            ],
            [
              174124.07610000297,
              444254.3292999994
            ],
            [
              174123.99369999953,
              444254.03049999848
            ],
            [
              174123.49729999993,
              444256.65060000122
            ],
            [
              174123.85759999976,
              444260.42210000008
            ],
            [
              174126.07500000112,
              444264.01979999989
            ],
            [
              174127.02590000164,
              444267.0139000006
            ],
            [
              174127.80879999977,
              444270.8992999997
            ],
            [
              174127.70530000329,
              444274.65120000765
            ],
            [
              174127.56890000217,
              444277.61670000292
            ],
            [
              174127.95449999999,
              444280.58110000193
            ],
            [
              174130.95729999989,
              444284.99640000239
            ],
            [
              174134.84090000018,
              444285.71389999986
            ],
            [
              174138.5979000004,
              444286.18340000138
            ],
            [
              174141.89610000141,
              444284.53659999743
            ],
            [
              174146.00010000262,
              444283.67040000111
            ],
            [
              174150.22030000109,
              444283.89430000074
            ],
            [
              174153.15910000168,
              444287.50290000066
            ],
            [
              174153.04289999977,
              444293.16709999926
            ],
            [
              174152.02440000232,
              444299.66630000249
            ],
            [
              174148.05360000022,
              444304.49330000207
            ],
            [
              174146.10580000002,
              444305.88169999979
            ],
            [
              174143.99189999886,
              444307.88240000047
            ],
            [
              174142.52140000183,
              444309.68990000337
            ],
            [
              174141.19330000132,
              444311.7787000034
            ],
            [
              174140.28089999966,
              444313.81170000136
            ],
            [
              174139.26279999968,
              444314.46370000206
            ],
            [
              174138.8096000012,
              444316.73110000417
            ],
            [
              174138.00629999954,
              444319.27960000001
            ],
            [
              174137.22400000133,
              444321.37040000223
            ],
            [
              174136.74640000239,
              444324.28290000185
            ],
            [
              174137.97530000284,
              444326.14100000076
            ],
            [
              174139.43360000104,
              444327.56530000269
            ],
            [
              174140.92399999965,
              444328.93789999932
            ],
            [
              174141.81310000364,
              444330.14560000226
            ],
            [
              174143.09900000133,
              444330.69710000232
            ],
            [
              174143.88210000284,
              444330.75090000033
            ],
            [
              174143.92620000243,
              444330.77560000122
            ],
            [
              174145.70730000082,
              444331.91110000201
            ],
            [
              174146.84960000217,
              444333.75330000184
            ],
            [
              174146.91710000206,
              444335.3432
            ],
            [
              174145.52010000125,
              444336.97010000236
            ],
            [
              174143.30410000123,
              444338.12200000137
            ],
            [
              174141.4260000037,
              444339.66700000316
            ],
            [
              174136.89100000076,
              444340.78850000165
            ],
            [
              174131.57459999993,
              444343.02450000308
            ],
            [
              174129.14770000055,
              444343.77200000361
            ],
            [
              174123.46090000402,
              444346.32530000433
            ],
            [
              174120.67160000093,
              444347.16880000196
            ],
            [
              174117.90890000109,
              444348.15540000051
            ],
            [
              174114.58620000072,
              444349.63160000183
            ],
            [
              174115.15109999944,
              444348.94449999928
            ],
            [
              174109.34410000127,
              444352.7741000019
            ],
            [
              174107.5801000027,
              444355.47149999999
            ],
            [
              174105.86060000397,
              444358.02669999935
            ],
            [
              174106.26190000214,
              444359.08500000462
            ],
            [
              174102.03020000178,
              444363.11580000259
            ],
            [
              174098.12270000298,
              444369.0885000024
            ],
            [
              174094.69039999973,
              444372.45729999989
            ],
            [
              174093.1716000028,
              444375.4068
            ],
            [
              174092.38190000225,
              444378.10640000179
            ],
            [
              174090.9916999992,
              444381.29240000062
            ],
            [
              174090.21590000112,
              444382.40620000102
            ],
            [
              174088.79000000097,
              444384.90510000102
            ],
            [
              174086.41980000027,
              444388.49370000139
            ],
            [
              174086.40630000271,
              444394.0019000005
            ],
            [
              174087.30400000047,
              444396.09350000136
            ],
            [
              174087.42680000048,
              444398.69680000097
            ],
            [
              174087.55510000139,
              444402.60969999991
            ],
            [
              174087.97429999989,
              444404.42460000142
            ],
            [
              174088.97360000201,
              444407.48460000195
            ],
            [
              174090.85120000131,
              444410.26320000365
            ],
            [
              174093.43870000169,
              444416.04270000383
            ],
            [
              174095.65509999916,
              444422.83170000277
            ],
            [
              174096.08650000021,
              444425.79570000246
            ],
            [
              174095.17200000025,
              444428.23020000011
            ],
            [
              174094.69519999996,
              444430.83300000057
            ],
            [
              174094.00950000342,
              444433.33120000176
            ],
            [
              174094.34260000102,
              444434.98069999926
            ],
            [
              174092.54820000008,
              444440.32330000028
            ],
            [
              174092.32980000414,
              444443.97150000185
            ],
            [
              174091.95350000076,
              444445.73660000041
            ],
            [
              174091.43490000349,
              444447.39159999974
            ],
            [
              174091.5270000007,
              444450.12090000138
            ],
            [
              174091.02539999876,
              444453.32930000126
            ],
            [
              174091.58500000183,
              444455.91260000132
            ],
            [
              174091.86720000021,
              444459.20409999974
            ],
            [
              174092.32560000103,
              444462.77560000122
            ],
            [
              174091.94570000097,
              444467.74780000001
            ],
            [
              174092.33860000037,
              444470.52869999968
            ],
            [
              174091.76490000077,
              444474.73260000162
            ],
            [
              174092.25799999945,
              444480.42090000026
            ],
            [
              174093.1556000039,
              444482.3246000018
            ],
            [
              174094.41610000283,
              444492.23980000429
            ],
            [
              174095.32430000324,
              444494.07069999911
            ],
            [
              174097.68280000053,
              444505.87410000153
            ],
            [
              174097.90510000009,
              444510.32510000095
            ],
            [
              174098.23700000066,
              444516.39230000228
            ],
            [
              174099.45109999925,
              444522.45180000365
            ],
            [
              174099.02419999987,
              444525.45650000125
            ],
            [
              174099.56089999992,
              444528.35889999941
            ],
            [
              174099.01809999999,
              444530.80719999969
            ],
            [
              174097.62849999964,
              444533.02950000018
            ],
            [
              174096.89630000107,
              444536.52859999985
            ],
            [
              174095.98330000043,
              444538.6203999985
            ],
            [
              174094.54960000236,
              444541.04620000347
            ],
            [
              174093.56450000126,
              444543.46610000171
            ],
            [
              174092.76930000074,
              444546.1035999991
            ],
            [
              174090.08899999969,
              444551.30600000173
            ],
            [
              174087.83110000007,
              444552.84760000184
            ],
            [
              174086.8870000001,
              444554.93970000185
            ],
            [
              174083.70670000184,
              444561.42229999974
            ],
            [
              174079.08380000014,
              444568.67280000076
            ],
            [
              174078.02800000086,
              444573.98780000024
            ],
            [
              174077.84900000133,
              444578.11150000244
            ],
            [
              174078.05630000308,
              444583.77520000003
            ],
            [
              174077.42169999983,
              444589.39510000125
            ],
            [
              174073.91630000155,
              444595.81570000201
            ],
            [
              174072.03129999898,
              444598.26440000162
            ],
            [
              174070.4793000035,
              444600.36900000274
            ],
            [
              174069.21330000367,
              444603.27450000122
            ],
            [
              174068.55540000182,
              444606.09980000183
            ],
            [
              174067.91580000054,
              444609.19370000437
            ],
            [
              174067.24780000281,
              444611.54150000215
            ],
            [
              174066.59140000027,
              444614.38420000114
            ],
            [
              174066.43330000062,
              444616.53290000185
            ],
            [
              174064.58100000117,
              444628.08010000177
            ]
          ]
        ]
      }
    }
  ]
}