{
  "displayFieldName" : "",
  "fieldAliases" : {
    "FID" : "FID",
    "PMNTN_SPOT" : "PMNTN_SPOT",
    "MNTN_CODE" : "MNTN_CODE",
    "MANAGE_SP1" : "MANAGE_SP1",
    "MANAGE_SP2" : "MANAGE_SP2",
    "DETAIL_SPO" : "DETAIL_SPO",
    "ETC_MATTER" : "ETC_MATTER",
    "MNTN_NM" : "MNTN_NM",
    "PAST_SPOT_" : "PAST_SPOT_",
    "MNTN_ID" : "MNTN_ID"
  },
  "geometryType" : "esriGeometryPoint",
  "spatialReference" : {
    "wkt" : "PROJCS[\"PCS_ITRF2000_TM\",GEOGCS[\"GCS_ITRF_2000\",DATUM[\"D_ITRF_2000\",SPHEROID[\"GRS_1980\",6378137.0,298.257222101]],PRIMEM[\"Greenwich\",0.0],UNIT[\"Degree\",0.0174532925199433]],PROJECTION[\"Transverse_Mercator\"],PARAMETER[\"False_Easting\",200000.0],PARAMETER[\"False_Northing\",600000.0],PARAMETER[\"Central_Meridian\",127.0],PARAMETER[\"Scale_Factor\",1.0],PARAMETER[\"Latitude_Of_Origin\",38.0],UNIT[\"Meter\",1.0]]"
  },
  "fields" : [
    {
      "name" : "FID",
      "type" : "esriFieldTypeOID",
      "alias" : "FID"
    },
    {
      "name" : "PMNTN_SPOT",
      "type" : "esriFieldTypeDouble",
      "alias" : "PMNTN_SPOT"
    },
    {
      "name" : "MNTN_CODE",
      "type" : "esriFieldTypeString",
      "alias" : "MNTN_CODE",
      "length" : 9
    },
    {
      "name" : "MANAGE_SP1",
      "type" : "esriFieldTypeString",
      "alias" : "MANAGE_SP1",
      "length" : 2
    },
    {
      "name" : "MANAGE_SP2",
      "type" : "esriFieldTypeString",
      "alias" : "MANAGE_SP2",
      "length" : 50
    },
    {
      "name" : "DETAIL_SPO",
      "type" : "esriFieldTypeString",
      "alias" : "DETAIL_SPO",
      "length" : 200
    },
    {
      "name" : "ETC_MATTER",
      "type" : "esriFieldTypeString",
      "alias" : "ETC_MATTER",
      "length" : 200
    },
    {
      "name" : "MNTN_NM",
      "type" : "esriFieldTypeString",
      "alias" : "MNTN_NM",
      "length" : 50
    },
    {
      "name" : "PAST_SPOT_",
      "type" : "esriFieldTypeString",
      "alias" : "PAST_SPOT_",
      "length" : 14
    },
    {
      "name" : "MNTN_ID",
      "type" : "esriFieldTypeString",
      "alias" : "MNTN_ID",
      "length" : 10
    }
  ],
  "features" : [
    {
      "attributes" : {
        "FID" : 0,
        "PMNTN_SPOT" : 63336,
        "MNTN_CODE" : "413700801",
        "MANAGE_SP1" : "01",
        "MANAGE_SP2" : "시종점",
        "DETAIL_SPO" : "시종점",
        "ETC_MATTER" : " ",
        "MNTN_NM" : "여계산",
        "PAST_SPOT_" : "4137008010001",
        "MNTN_ID" : "413700801"
      },
      "geometry" : {
        "x" : 202877.64020000026,
        "y" : 507778.81260000169
      }
    },
    {
      "attributes" : {
        "FID" : 1,
        "PMNTN_SPOT" : 63337,
        "MNTN_CODE" : "413700801",
        "MANAGE_SP1" : "02",
        "MANAGE_SP2" : "분기점",
        "DETAIL_SPO" : "분기점",
        "ETC_MATTER" : " ",
        "MNTN_NM" : "여계산",
        "PAST_SPOT_" : "4137008010002",
        "MNTN_ID" : "413700801"
      },
      "geometry" : {
        "x" : 203158.62829999998,
        "y" : 507842.31269999966
      }
    },
    {
      "attributes" : {
        "FID" : 2,
        "PMNTN_SPOT" : 63338,
        "MNTN_CODE" : "413700801",
        "MANAGE_SP1" : "01",
        "MANAGE_SP2" : "시종점",
        "DETAIL_SPO" : "시종점",
        "ETC_MATTER" : " ",
        "MNTN_NM" : "여계산",
        "PAST_SPOT_" : "4137008010003",
        "MNTN_ID" : "413700801"
      },
      "geometry" : {
        "x" : 203177.67830000073,
        "y" : 507797.86270000227
      }
    },
    {
      "attributes" : {
        "FID" : 3,
        "PMNTN_SPOT" : 63339,
        "MNTN_CODE" : "413700801",
        "MANAGE_SP1" : "02",
        "MANAGE_SP2" : "분기점",
        "DETAIL_SPO" : "분기점",
        "ETC_MATTER" : " ",
        "MNTN_NM" : "여계산",
        "PAST_SPOT_" : "4137008010004",
        "MNTN_ID" : "413700801"
      },
      "geometry" : {
        "x" : 203292.77230000217,
        "y" : 507889.14409999922
      }
    },
    {
      "attributes" : {
        "FID" : 4,
        "PMNTN_SPOT" : 63340,
        "MNTN_CODE" : "413700801",
        "MANAGE_SP1" : "01",
        "MANAGE_SP2" : "시종점",
        "DETAIL_SPO" : "시종점",
        "ETC_MATTER" : " ",
        "MNTN_NM" : "여계산",
        "PAST_SPOT_" : "4137008010005",
        "MNTN_ID" : "413700801"
      },
      "geometry" : {
        "x" : 203350.71610000171,
        "y" : 507737.53750000335
      }
    },
    {
      "attributes" : {
        "FID" : 5,
        "PMNTN_SPOT" : 63341,
        "MNTN_CODE" : "413700801",
        "MANAGE_SP1" : "01",
        "MANAGE_SP2" : "시종점",
        "DETAIL_SPO" : "시종점",
        "ETC_MATTER" : " ",
        "MNTN_NM" : "여계산",
        "PAST_SPOT_" : "4137008010006",
        "MNTN_ID" : "413700801"
      },
      "geometry" : {
        "x" : 203356.27240000013,
        "y" : 507780.40010000207
      }
    },
    {
      "attributes" : {
        "FID" : 6,
        "PMNTN_SPOT" : 63342,
        "MNTN_CODE" : "413700801",
        "MANAGE_SP1" : "02",
        "MANAGE_SP2" : "분기점",
        "DETAIL_SPO" : "분기점",
        "ETC_MATTER" : " ",
        "MNTN_NM" : "여계산",
        "PAST_SPOT_" : "4137008010007",
        "MNTN_ID" : "413700801"
      },
      "geometry" : {
        "x" : 203372.44780000113,
        "y" : 507822.37470000051
      }
    },
    {
      "attributes" : {
        "FID" : 7,
        "PMNTN_SPOT" : 63343,
        "MNTN_CODE" : "413700801",
        "MANAGE_SP1" : "02",
        "MANAGE_SP2" : "분기점",
        "DETAIL_SPO" : "분기점",
        "ETC_MATTER" : " ",
        "MNTN_NM" : "여계산",
        "PAST_SPOT_" : "4137008010008",
        "MNTN_ID" : "413700801"
      },
      "geometry" : {
        "x" : 203399.240600002,
        "y" : 507794.49750000052
      }
    },
    {
      "attributes" : {
        "FID" : 8,
        "PMNTN_SPOT" : 63344,
        "MNTN_CODE" : "413700801",
        "MANAGE_SP1" : "01",
        "MANAGE_SP2" : "시종점",
        "DETAIL_SPO" : "시종점",
        "ETC_MATTER" : " ",
        "MNTN_NM" : "여계산",
        "PAST_SPOT_" : "4137008010009",
        "MNTN_ID" : "413700801"
      },
      "geometry" : {
        "x" : 203467.22270000074,
        "y" : 508326.45500000194
      }
    },
    {
      "attributes" : {
        "FID" : 9,
        "PMNTN_SPOT" : 63345,
        "MNTN_CODE" : "413700801",
        "MANAGE_SP1" : "02",
        "MANAGE_SP2" : "분기점",
        "DETAIL_SPO" : "분기점",
        "ETC_MATTER" : " ",
        "MNTN_NM" : "여계산",
        "PAST_SPOT_" : "4137008010010",
        "MNTN_ID" : "413700801"
      },
      "geometry" : {
        "x" : 203796.80450000055,
        "y" : 507547.83090000227
      }
    },
    {
      "attributes" : {
        "FID" : 10,
        "PMNTN_SPOT" : 63346,
        "MNTN_CODE" : "413700801",
        "MANAGE_SP1" : "01",
        "MANAGE_SP2" : "시종점",
        "DETAIL_SPO" : "시종점",
        "ETC_MATTER" : " ",
        "MNTN_NM" : "여계산",
        "PAST_SPOT_" : "4137008010011",
        "MNTN_ID" : "413700801"
      },
      "geometry" : {
        "x" : 203816.64829999954,
        "y" : 507406.54310000129
      }
    },
    {
      "attributes" : {
        "FID" : 11,
        "PMNTN_SPOT" : 63347,
        "MNTN_CODE" : "413700801",
        "MANAGE_SP1" : "02",
        "MANAGE_SP2" : "분기점",
        "DETAIL_SPO" : "분기점",
        "ETC_MATTER" : " ",
        "MNTN_NM" : "여계산",
        "PAST_SPOT_" : "4137008010012",
        "MNTN_ID" : "413700801"
      },
      "geometry" : {
        "x" : 203889.6735000005,
        "y" : 507544.65589999966
      }
    },
    {
      "attributes" : {
        "FID" : 12,
        "PMNTN_SPOT" : 63348,
        "MNTN_CODE" : "413700801",
        "MANAGE_SP1" : "01",
        "MANAGE_SP2" : "시종점",
        "DETAIL_SPO" : "시종점",
        "ETC_MATTER" : " ",
        "MNTN_NM" : "여계산",
        "PAST_SPOT_" : "4137008010013",
        "MNTN_ID" : "413700801"
      },
      "geometry" : {
        "x" : 204092.08010000363,
        "y" : 507576.40599999949
      }
    },
    {
      "attributes" : {
        "FID" : 13,
        "PMNTN_SPOT" : 63349,
        "MNTN_CODE" : "413700801",
        "MANAGE_SP1" : "01",
        "MANAGE_SP2" : "시종점",
        "DETAIL_SPO" : "시종점",
        "ETC_MATTER" : " ",
        "MNTN_NM" : "여계산",
        "PAST_SPOT_" : "4137008010014",
        "MNTN_ID" : "413700801"
      },
      "geometry" : {
        "x" : 204669.13750000019,
        "y" : 507398.60560000129
      }
    },
    {
      "attributes" : {
        "FID" : 14,
        "PMNTN_SPOT" : 63350,
        "MNTN_CODE" : "413700801",
        "MANAGE_SP1" : "02",
        "MANAGE_SP2" : "분기점",
        "DETAIL_SPO" : "분기점",
        "ETC_MATTER" : " ",
        "MNTN_NM" : "여계산",
        "PAST_SPOT_" : "4137008010015",
        "MNTN_ID" : "413700801"
      },
      "geometry" : {
        "x" : 204731.05020000041,
        "y" : 507413.68689999916
      }
    },
    {
      "attributes" : {
        "FID" : 15,
        "PMNTN_SPOT" : 63351,
        "MNTN_CODE" : "413700801",
        "MANAGE_SP1" : "01",
        "MANAGE_SP2" : "시종점",
        "DETAIL_SPO" : "시종점",
        "ETC_MATTER" : " ",
        "MNTN_NM" : "여계산",
        "PAST_SPOT_" : "4137008010016",
        "MNTN_ID" : "413700801"
      },
      "geometry" : {
        "x" : 204793.756500002,
        "y" : 507240.64900000021
      }
    },
    {
      "attributes" : {
        "FID" : 16,
        "PMNTN_SPOT" : 63352,
        "MNTN_CODE" : "413700801",
        "MANAGE_SP1" : "02",
        "MANAGE_SP2" : "분기점",
        "DETAIL_SPO" : "분기점",
        "ETC_MATTER" : " ",
        "MNTN_NM" : "여계산",
        "PAST_SPOT_" : "4137008010017",
        "MNTN_ID" : "413700801"
      },
      "geometry" : {
        "x" : 204832.43450000044,
        "y" : 507380.73369999975
      }
    },
    {
      "attributes" : {
        "FID" : 17,
        "PMNTN_SPOT" : 63353,
        "MNTN_CODE" : "413700801",
        "MANAGE_SP1" : "01",
        "MANAGE_SP2" : "시종점",
        "DETAIL_SPO" : "시종점",
        "ETC_MATTER" : " ",
        "MNTN_NM" : "여계산",
        "PAST_SPOT_" : "4137008010018",
        "MNTN_ID" : "413700801"
      },
      "geometry" : {
        "x" : 205002.51320000086,
        "y" : 507008.07980000041
      }
    },
    {
      "attributes" : {
        "FID" : 18,
        "PMNTN_SPOT" : 63354,
        "MNTN_CODE" : "413700801",
        "MANAGE_SP1" : "02",
        "MANAGE_SP2" : "분기점",
        "DETAIL_SPO" : "분기점",
        "ETC_MATTER" : " ",
        "MNTN_NM" : "여계산",
        "PAST_SPOT_" : "4137008010019",
        "MNTN_ID" : "413700801"
      },
      "geometry" : {
        "x" : 205073.61789999995,
        "y" : 507158.45859999955
      }
    },
    {
      "attributes" : {
        "FID" : 19,
        "PMNTN_SPOT" : 63355,
        "MNTN_CODE" : "413700801",
        "MANAGE_SP1" : "02",
        "MANAGE_SP2" : "분기점",
        "DETAIL_SPO" : "분기점",
        "ETC_MATTER" : " ",
        "MNTN_NM" : "여계산",
        "PAST_SPOT_" : "4137008010020",
        "MNTN_ID" : "413700801"
      },
      "geometry" : {
        "x" : 205081.55360000115,
        "y" : 507148.90750000067
      }
    },
    {
      "attributes" : {
        "FID" : 20,
        "PMNTN_SPOT" : 63356,
        "MNTN_CODE" : "413700801",
        "MANAGE_SP1" : "01",
        "MANAGE_SP2" : "시종점",
        "DETAIL_SPO" : "시종점",
        "ETC_MATTER" : " ",
        "MNTN_NM" : "여계산",
        "PAST_SPOT_" : "4137008010021",
        "MNTN_ID" : "413700801"
      },
      "geometry" : {
        "x" : 205108.8759000022,
        "y" : 507050.94239999913
      }
    },
    {
      "attributes" : {
        "FID" : 21,
        "PMNTN_SPOT" : 63357,
        "MNTN_CODE" : "413700801",
        "MANAGE_SP1" : "02",
        "MANAGE_SP2" : "분기점",
        "DETAIL_SPO" : "분기점",
        "ETC_MATTER" : " ",
        "MNTN_NM" : "여계산",
        "PAST_SPOT_" : "4137008010022",
        "MNTN_ID" : "413700801"
      },
      "geometry" : {
        "x" : 205130.30719999969,
        "y" : 507189.05519999936
      }
    },
    {
      "attributes" : {
        "FID" : 22,
        "PMNTN_SPOT" : 63358,
        "MNTN_CODE" : "413700801",
        "MANAGE_SP1" : "02",
        "MANAGE_SP2" : "분기점",
        "DETAIL_SPO" : "분기점",
        "ETC_MATTER" : " ",
        "MNTN_NM" : "여계산",
        "PAST_SPOT_" : "4137008010023",
        "MNTN_ID" : "413700801"
      },
      "geometry" : {
        "x" : 205166.02600000333,
        "y" : 507093.0111999996
      }
    },
    {
      "attributes" : {
        "FID" : 23,
        "PMNTN_SPOT" : 63359,
        "MNTN_CODE" : "413700801",
        "MANAGE_SP1" : "02",
        "MANAGE_SP2" : "분기점",
        "DETAIL_SPO" : "분기점",
        "ETC_MATTER" : " ",
        "MNTN_NM" : "여계산",
        "PAST_SPOT_" : "4137008010024",
        "MNTN_ID" : "413700801"
      },
      "geometry" : {
        "x" : 205199.36360000167,
        "y" : 507237.4739999976
      }
    },
    {
      "attributes" : {
        "FID" : 24,
        "PMNTN_SPOT" : 63360,
        "MNTN_CODE" : "413700801",
        "MANAGE_SP1" : "01",
        "MANAGE_SP2" : "시종점",
        "DETAIL_SPO" : "시종점",
        "ETC_MATTER" : " ",
        "MNTN_NM" : "여계산",
        "PAST_SPOT_" : "4137008010025",
        "MNTN_ID" : "413700801"
      },
      "geometry" : {
        "x" : 205221.58860000316,
        "y" : 507215.24899999984
      }
    },
    {
      "attributes" : {
        "FID" : 25,
        "PMNTN_SPOT" : 63361,
        "MNTN_CODE" : "413700801",
        "MANAGE_SP1" : "02",
        "MANAGE_SP2" : "분기점",
        "DETAIL_SPO" : "분기점",
        "ETC_MATTER" : " ",
        "MNTN_NM" : "여계산",
        "PAST_SPOT_" : "4137008010026",
        "MNTN_ID" : "413700801"
      },
      "geometry" : {
        "x" : 205227.93859999906,
        "y" : 507283.51159999892
      }
    },
    {
      "attributes" : {
        "FID" : 26,
        "PMNTN_SPOT" : 63362,
        "MNTN_CODE" : "413700801",
        "MANAGE_SP1" : "01",
        "MANAGE_SP2" : "시종점",
        "DETAIL_SPO" : "시종점",
        "ETC_MATTER" : " ",
        "MNTN_NM" : "여계산",
        "PAST_SPOT_" : "4137008010027",
        "MNTN_ID" : "413700801"
      },
      "geometry" : {
        "x" : 205309.69510000013,
        "y" : 507320.81799999997
      }
    },
    {
      "attributes" : {
        "FID" : 27,
        "PMNTN_SPOT" : 63363,
        "MNTN_CODE" : "413700801",
        "MANAGE_SP1" : "02",
        "MANAGE_SP2" : "분기점",
        "DETAIL_SPO" : "분기점",
        "ETC_MATTER" : " ",
        "MNTN_NM" : "여계산",
        "PAST_SPOT_" : "4137008010028",
        "MNTN_ID" : "413700801"
      },
      "geometry" : {
        "x" : 205362.87640000228,
        "y" : 506973.94849999994
      }
    },
    {
      "attributes" : {
        "FID" : 28,
        "PMNTN_SPOT" : 63364,
        "MNTN_CODE" : "413700801",
        "MANAGE_SP1" : "01",
        "MANAGE_SP2" : "시종점",
        "DETAIL_SPO" : "시종점",
        "ETC_MATTER" : " ",
        "MNTN_NM" : "여계산",
        "PAST_SPOT_" : "4137008010029",
        "MNTN_ID" : "413700801"
      },
      "geometry" : {
        "x" : 205381.13269999996,
        "y" : 506904.09840000421
      }
    },
    {
      "attributes" : {
        "FID" : 29,
        "PMNTN_SPOT" : 63365,
        "MNTN_CODE" : "413700801",
        "MANAGE_SP1" : "01",
        "MANAGE_SP2" : "시종점",
        "DETAIL_SPO" : "시종점",
        "ETC_MATTER" : " ",
        "MNTN_NM" : "여계산",
        "PAST_SPOT_" : "4137008010030",
        "MNTN_ID" : "413700801"
      },
      "geometry" : {
        "x" : 205403.35770000052,
        "y" : 507026.33610000089
      }
    },
    {
      "attributes" : {
        "FID" : 30,
        "PMNTN_SPOT" : 63366,
        "MNTN_CODE" : "413700801",
        "MANAGE_SP1" : "02",
        "MANAGE_SP2" : "분기점",
        "DETAIL_SPO" : "분기점",
        "ETC_MATTER" : " ",
        "MNTN_NM" : "여계산",
        "PAST_SPOT_" : "4137008010031",
        "MNTN_ID" : "413700801"
      },
      "geometry" : {
        "x" : 205407.10410000104,
        "y" : 506919.26720000058
      }
    },
    {
      "attributes" : {
        "FID" : 31,
        "PMNTN_SPOT" : 63367,
        "MNTN_CODE" : "413700801",
        "MANAGE_SP1" : "01",
        "MANAGE_SP2" : "시종점",
        "DETAIL_SPO" : "시종점",
        "ETC_MATTER" : " ",
        "MNTN_NM" : "여계산",
        "PAST_SPOT_" : "4137008010032",
        "MNTN_ID" : "413700801"
      },
      "geometry" : {
        "x" : 205481.93919999991,
        "y" : 506754.87310000323
      }
    },
    {
      "attributes" : {
        "FID" : 32,
        "PMNTN_SPOT" : 63368,
        "MNTN_CODE" : "413700801",
        "MANAGE_SP1" : "02",
        "MANAGE_SP2" : "분기점",
        "DETAIL_SPO" : "분기점",
        "ETC_MATTER" : " ",
        "MNTN_NM" : "여계산",
        "PAST_SPOT_" : "4137008010033",
        "MNTN_ID" : "413700801"
      },
      "geometry" : {
        "x" : 205489.12260000128,
        "y" : 506774.09579999931
      }
    },
    {
      "attributes" : {
        "FID" : 33,
        "PMNTN_SPOT" : 63369,
        "MNTN_CODE" : "413700801",
        "MANAGE_SP1" : "02",
        "MANAGE_SP2" : "분기점",
        "DETAIL_SPO" : "분기점",
        "ETC_MATTER" : " ",
        "MNTN_NM" : "여계산",
        "PAST_SPOT_" : "4137008010034",
        "MNTN_ID" : "413700801"
      },
      "geometry" : {
        "x" : 205498.16660000384,
        "y" : 506836.86060000211
      }
    },
    {
      "attributes" : {
        "FID" : 34,
        "PMNTN_SPOT" : 63370,
        "MNTN_CODE" : "413700801",
        "MANAGE_SP1" : "02",
        "MANAGE_SP2" : "분기점",
        "DETAIL_SPO" : "분기점",
        "ETC_MATTER" : " ",
        "MNTN_NM" : "여계산",
        "PAST_SPOT_" : "4137008010035",
        "MNTN_ID" : "413700801"
      },
      "geometry" : {
        "x" : 205502.91380000114,
        "y" : 506818.95560000278
      }
    },
    {
      "attributes" : {
        "FID" : 35,
        "PMNTN_SPOT" : 63371,
        "MNTN_CODE" : "413700801",
        "MANAGE_SP1" : "02",
        "MANAGE_SP2" : "분기점",
        "DETAIL_SPO" : "분기점",
        "ETC_MATTER" : " ",
        "MNTN_NM" : "여계산",
        "PAST_SPOT_" : "4137008010036",
        "MNTN_ID" : "413700801"
      },
      "geometry" : {
        "x" : 205525.91340000089,
        "y" : 506798.90579999983
      }
    },
    {
      "attributes" : {
        "FID" : 36,
        "PMNTN_SPOT" : 63372,
        "MNTN_CODE" : "413700801",
        "MANAGE_SP1" : "01",
        "MANAGE_SP2" : "시종점",
        "DETAIL_SPO" : "시종점",
        "ETC_MATTER" : " ",
        "MNTN_NM" : "여계산",
        "PAST_SPOT_" : "4137008010037",
        "MNTN_ID" : "413700801"
      },
      "geometry" : {
        "x" : 205565.28310000151,
        "y" : 506710.42300000228
      }
    },
    {
      "attributes" : {
        "FID" : 37,
        "PMNTN_SPOT" : 63373,
        "MNTN_CODE" : "413700801",
        "MANAGE_SP1" : "02",
        "MANAGE_SP2" : "분기점",
        "DETAIL_SPO" : "분기점",
        "ETC_MATTER" : " ",
        "MNTN_NM" : "여계산",
        "PAST_SPOT_" : "4137008010038",
        "MNTN_ID" : "413700801"
      },
      "geometry" : {
        "x" : 205588.12800000049,
        "y" : 506721.68349999934
      }
    },
    {
      "attributes" : {
        "FID" : 38,
        "PMNTN_SPOT" : 63374,
        "MNTN_CODE" : "413700801",
        "MANAGE_SP1" : "01",
        "MANAGE_SP2" : "시종점",
        "DETAIL_SPO" : "시종점",
        "ETC_MATTER" : " ",
        "MNTN_NM" : "여계산",
        "PAST_SPOT_" : "4137008010039",
        "MNTN_ID" : "413700801"
      },
      "geometry" : {
        "x" : 205616.08320000023,
        "y" : 506831.07320000231
      }
    },
    {
      "attributes" : {
        "FID" : 39,
        "PMNTN_SPOT" : 63375,
        "MNTN_CODE" : "413700801",
        "MANAGE_SP1" : "01",
        "MANAGE_SP2" : "시종점",
        "DETAIL_SPO" : "시종점",
        "ETC_MATTER" : " ",
        "MNTN_NM" : "여계산",
        "PAST_SPOT_" : "4137008010040",
        "MNTN_ID" : "413700801"
      },
      "geometry" : {
        "x" : 205653.38950000238,
        "y" : 506658.03540000133
      }
    },
    {
      "attributes" : {
        "FID" : 40,
        "PMNTN_SPOT" : 63376,
        "MNTN_CODE" : "413700801",
        "MANAGE_SP1" : "07",
        "MANAGE_SP2" : "시설물(운동기구 등)",
        "DETAIL_SPO" : "운동기구,벤치",
        "ETC_MATTER" : " ",
        "MNTN_NM" : "여계산",
        "PAST_SPOT_" : "4137008010041",
        "MNTN_ID" : "413700801"
      },
      "geometry" : {
        "x" : 205540.69830000121,
        "y" : 506777.50769999996
      }
    },
    {
      "attributes" : {
        "FID" : 41,
        "PMNTN_SPOT" : 63377,
        "MNTN_CODE" : "413700801",
        "MANAGE_SP1" : "08",
        "MANAGE_SP2" : "가로등",
        "DETAIL_SPO" : "가로등",
        "ETC_MATTER" : " ",
        "MNTN_NM" : "여계산",
        "PAST_SPOT_" : "4137008010042",
        "MNTN_ID" : "413700801"
      },
      "geometry" : {
        "x" : 205498.40630000085,
        "y" : 506837.14390000142
      }
    },
    {
      "attributes" : {
        "FID" : 42,
        "PMNTN_SPOT" : 63378,
        "MNTN_CODE" : "413700801",
        "MANAGE_SP1" : "08",
        "MANAGE_SP2" : "가로등",
        "DETAIL_SPO" : "가로등",
        "ETC_MATTER" : " ",
        "MNTN_NM" : "여계산",
        "PAST_SPOT_" : "4137008010043",
        "MNTN_ID" : "413700801"
      },
      "geometry" : {
        "x" : 205454.04260000028,
        "y" : 506872.80720000342
      }
    },
    {
      "attributes" : {
        "FID" : 43,
        "PMNTN_SPOT" : 63379,
        "MNTN_CODE" : "413700801",
        "MANAGE_SP1" : "07",
        "MANAGE_SP2" : "시설물(운동기구 등)",
        "DETAIL_SPO" : "운동시설물",
        "ETC_MATTER" : " ",
        "MNTN_NM" : "여계산",
        "PAST_SPOT_" : "4137008010044",
        "MNTN_ID" : "413700801"
      },
      "geometry" : {
        "x" : 205386.51070000231,
        "y" : 506942.63820000179
      }
    },
    {
      "attributes" : {
        "FID" : 44,
        "PMNTN_SPOT" : 63380,
        "MNTN_CODE" : "413700801",
        "MANAGE_SP1" : "07",
        "MANAGE_SP2" : "시설물(운동기구 등)",
        "DETAIL_SPO" : "운동시설물",
        "ETC_MATTER" : " ",
        "MNTN_NM" : "여계산",
        "PAST_SPOT_" : "4137008010045",
        "MNTN_ID" : "413700801"
      },
      "geometry" : {
        "x" : 205087.14319999982,
        "y" : 507165.55010000058
      }
    },
    {
      "attributes" : {
        "FID" : 45,
        "PMNTN_SPOT" : 63381,
        "MNTN_CODE" : "413700801",
        "MANAGE_SP1" : "06",
        "MANAGE_SP2" : "음수대",
        "DETAIL_SPO" : "물향기 약수터",
        "ETC_MATTER" : " ",
        "MNTN_NM" : "여계산",
        "PAST_SPOT_" : "4137008010046",
        "MNTN_ID" : "413700801"
      },
      "geometry" : {
        "x" : 204830.01170000248,
        "y" : 507379.8618999999
      }
    },
    {
      "attributes" : {
        "FID" : 46,
        "PMNTN_SPOT" : 63382,
        "MNTN_CODE" : "413700801",
        "MANAGE_SP1" : "07",
        "MANAGE_SP2" : "시설물(운동기구 등)",
        "DETAIL_SPO" : "운동시설물",
        "ETC_MATTER" : " ",
        "MNTN_NM" : "여계산",
        "PAST_SPOT_" : "4137008010047",
        "MNTN_ID" : "413700801"
      },
      "geometry" : {
        "x" : 203160.33349999972,
        "y" : 507841.1190000046
      }
    },
    {
      "attributes" : {
        "FID" : 47,
        "PMNTN_SPOT" : 63383,
        "MNTN_CODE" : "413700801",
        "MANAGE_SP1" : "99",
        "MANAGE_SP2" : "기타",
        "DETAIL_SPO" : "여계산 봉",
        "ETC_MATTER" : " ",
        "MNTN_NM" : "여계산",
        "PAST_SPOT_" : "4137008010048",
        "MNTN_ID" : "413700801"
      },
      "geometry" : {
        "x" : 203465.21880000364,
        "y" : 508318.48580000177
      }
    }
  ]
}