{
  "displayFieldName" : "",
  "fieldAliases" : {
    "FID" : "FID",
    "PMNTN_SN" : "PMNTN_SN",
    "MNTN_CODE" : "MNTN_CODE",
    "MNTN_NM" : "MNTN_NM",
    "PMNTN_NM" : "PMNTN_NM",
    "PMNTN_MAIN" : "PMNTN_MAIN",
    "PMNTN_LT" : "PMNTN_LT",
    "PMNTN_DFFL" : "PMNTN_DFFL",
    "PMNTN_UPPL" : "PMNTN_UPPL",
    "PMNTN_GODN" : "PMNTN_GODN",
    "PMNTN_MTRQ" : "PMNTN_MTRQ",
    "PMNTN_CNRL" : "PMNTN_CNRL",
    "PMNTN_CLS_" : "PMNTN_CLS_",
    "PMNTN_RISK" : "PMNTN_RISK",
    "PMNTN_RECO" : "PMNTN_RECO",
    "DATA_STDR_" : "DATA_STDR_",
    "MNTN_ID" : "MNTN_ID"
  },
  "geometryType" : "esriGeometryPolyline",
  "spatialReference" : {
    "wkt" : "PROJCS[\"PCS_ITRF2000_TM\",GEOGCS[\"GCS_ITRF_2000\",DATUM[\"D_ITRF_2000\",SPHEROID[\"GRS_1980\",6378137.0,298.257222101]],PRIMEM[\"Greenwich\",0.0],UNIT[\"Degree\",0.0174532925199433]],PROJECTION[\"Transverse_Mercator\"],PARAMETER[\"False_Easting\",200000.0],PARAMETER[\"False_Northing\",600000.0],PARAMETER[\"Central_Meridian\",127.0],PARAMETER[\"Scale_Factor\",1.0],PARAMETER[\"Latitude_Of_Origin\",38.0],UNIT[\"Meter\",1.0]]"
  },
  "fields" : [
    {
      "name" : "FID",
      "type" : "esriFieldTypeOID",
      "alias" : "FID"
    },
    {
      "name" : "PMNTN_SN",
      "type" : "esriFieldTypeDouble",
      "alias" : "PMNTN_SN"
    },
    {
      "name" : "MNTN_CODE",
      "type" : "esriFieldTypeString",
      "alias" : "MNTN_CODE",
      "length" : 9
    },
    {
      "name" : "MNTN_NM",
      "type" : "esriFieldTypeString",
      "alias" : "MNTN_NM",
      "length" : 50
    },
    {
      "name" : "PMNTN_NM",
      "type" : "esriFieldTypeString",
      "alias" : "PMNTN_NM",
      "length" : 50
    },
    {
      "name" : "PMNTN_MAIN",
      "type" : "esriFieldTypeString",
      "alias" : "PMNTN_MAIN",
      "length" : 200
    },
    {
      "name" : "PMNTN_LT",
      "type" : "esriFieldTypeSingle",
      "alias" : "PMNTN_LT"
    },
    {
      "name" : "PMNTN_DFFL",
      "type" : "esriFieldTypeString",
      "alias" : "PMNTN_DFFL",
      "length" : 8
    },
    {
      "name" : "PMNTN_UPPL",
      "type" : "esriFieldTypeDouble",
      "alias" : "PMNTN_UPPL"
    },
    {
      "name" : "PMNTN_GODN",
      "type" : "esriFieldTypeDouble",
      "alias" : "PMNTN_GODN"
    },
    {
      "name" : "PMNTN_MTRQ",
      "type" : "esriFieldTypeString",
      "alias" : "PMNTN_MTRQ",
      "length" : 200
    },
    {
      "name" : "PMNTN_CNRL",
      "type" : "esriFieldTypeString",
      "alias" : "PMNTN_CNRL",
      "length" : 1
    },
    {
      "name" : "PMNTN_CLS_",
      "type" : "esriFieldTypeString",
      "alias" : "PMNTN_CLS_",
      "length" : 1
    },
    {
      "name" : "PMNTN_RISK",
      "type" : "esriFieldTypeString",
      "alias" : "PMNTN_RISK",
      "length" : 200
    },
    {
      "name" : "PMNTN_RECO",
      "type" : "esriFieldTypeString",
      "alias" : "PMNTN_RECO",
      "length" : 1
    },
    {
      "name" : "DATA_STDR_",
      "type" : "esriFieldTypeString",
      "alias" : "DATA_STDR_",
      "length" : 10
    },
    {
      "name" : "MNTN_ID",
      "type" : "esriFieldTypeString",
      "alias" : "MNTN_ID",
      "length" : 10
    }
  ],
  "features" : [
    {
      "attributes" : {
        "FID" : 0,
        "PMNTN_SN" : 225,
        "MNTN_CODE" : "441500101",
        "MNTN_NM" : "가마봉",
        "PMNTN_NM" : "봉곡리구간",
        "PMNTN_MAIN" : " ",
        "PMNTN_LT" : 3.24,
        "PMNTN_DFFL" : "쉬움",
        "PMNTN_UPPL" : 57,
        "PMNTN_GODN" : 40,
        "PMNTN_MTRQ" : " ",
        "PMNTN_CNRL" : " ",
        "PMNTN_CLS_" : " ",
        "PMNTN_RISK" : " ",
        "PMNTN_RECO" : " ",
        "DATA_STDR_" : "2016-12-31",
        "MNTN_ID" : "441500101"
      },
      "geometry" : {
        "paths" : [
          [
            [
              219842.7173000006,
              420695.8571000006
            ],
            [
              219841.12829999998,
              420704.24240000173
            ],
            [
              219840.28300000075,
              420709.00100000389
            ],
            [
              219838.47080000211,
              420712.78079999983
            ],
            [
              219836.07320000231,
              420717.54689999856
            ],
            [
              219835.44869999867,
              420721.55450000055
            ],
            [
              219833.48920000158,
              420725.3310000021
            ],
            [
              219828.53930000123,
              420728.01600000262
            ],
            [
              219827.9860000005,
              420730.65579999983
            ],
            [
              219826.5920000039,
              420732.06190000288
            ],
            [
              219824.14900000021,
              420733.15490000322
            ],
            [
              219823.56620000023,
              420736.89310000092
            ],
            [
              219822.67150000017,
              420739.70959999971
            ],
            [
              219822.10259999987,
              420745.23450000212
            ],
            [
              219818.87190000061,
              420745.4934000019
            ],
            [
              219817.60680000391,
              420749.40770000033
            ],
            [
              219815.15180000011,
              420751.81000000238
            ],
            [
              219813.17450000253,
              420753.28140000254
            ],
            [
              219811.69820000138,
              420755.38639999926
            ],
            [
              219811.4963999996,
              420757.32780000009
            ],
            [
              219810.95629999973,
              420762.04270000197
            ],
            [
              219811.94230000209,
              420766.37270000204
            ],
            [
              219818.81950000115,
              420772.31399999931
            ],
            [
              219823.12569999974,
              420773.77539999969
            ],
            [
              219827.36300000176,
              420775.48500000127
            ],
            [
              219829.98000000231,
              420776.7893000003
            ],
            [
              219831.20080000255,
              420780.45400000177
            ],
            [
              219830.20220000111,
              420785.54510000348
            ],
            [
              219831.57130000368,
              420787.14620000124
            ],
            [
              219832.50680000056,
              420790.01130000129
            ],
            [
              219831.0410000002,
              420791.47270000167
            ],
            [
              219831.06480000075,
              420792.83760000207
            ],
            [
              219832.92870000284,
              420797.80210000463
            ],
            [
              219832.11920000054,
              420798.6325000003
            ],
            [
              219834.32660000212,
              420798.58210000023
            ],
            [
              219834.91810000315,
              420798.84980000183
            ],
            [
              219833.55050000083,
              420800.52219999954
            ],
            [
              219835.16620000266,
              420804.14340000041
            ],
            [
              219835.83120000083,
              420807.59600000083
            ],
            [
              219837.26290000044,
              420809.33040000126
            ],
            [
              219839.1941000009,
              420812.30870000087
            ],
            [
              219839.71289999969,
              420813.00899999961
            ],
            [
              219839.33080000058,
              420816.29120000266
            ],
            [
              219836.78730000183,
              420817.1969000008
            ],
            [
              219834.9170000013,
              420822.88519999944
            ],
            [
              219834.01520000119,
              420824.85840000026
            ],
            [
              219834.60160000157,
              420827.40080000274
            ],
            [
              219834.7983000027,
              420831.59580000304
            ],
            [
              219837.9186000023,
              420832.52400000021
            ],
            [
              219840.93950000219,
              420833.74050000124
            ],
            [
              219844.08999999985,
              420833.22609999962
            ],
            [
              219847.91500000097,
              420831.99210000038
            ],
            [
              219851.97259999998,
              420831.06920000166
            ],
            [
              219855.94830000028,
              420830.69000000134
            ],
            [
              219864.3189999992,
              420830.89780000225
            ],
            [
              219867.9185000034,
              420830.19580000266
            ],
            [
              219870.23480000068,
              420829.57970000058
            ],
            [
              219873.70210000128,
              420831.76270000078
            ],
            [
              219876.60080000013,
              420835.39790000208
            ],
            [
              219875.14639999997,
              420839.68900000304
            ],
            [
              219875.21380000096,
              420841.58669999987
            ],
            [
              219874.4709999999,
              420844.66990000382
            ],
            [
              219872.10310000274,
              420852.17690000311
            ],
            [
              219869.1074000001,
              420855.63220000081
            ],
            [
              219868.61380000226,
              420859.59260000102
            ],
            [
              219869.98820000142,
              420862.80270000361
            ],
            [
              219870.04050000105,
              420867.35250000097
            ],
            [
              219868.42390000168,
              420871.95390000194
            ],
            [
              219866.69880000316,
              420876.95450000092
            ],
            [
              219864.32850000076,
              420881.56530000083
            ],
            [
              219863.418700004,
              420887.02280000225
            ],
            [
              219864.11780000199,
              420891.26340000145
            ],
            [
              219864.21130000241,
              420893.51620000228
            ],
            [
              219862.83389999904,
              420895.5548000019
            ],
            [
              219861.25779999979,
              420898.15899999999
            ],
            [
              219859.89400000218,
              420902.08410000242
            ],
            [
              219859.92030000128,
              420906.26760000177
            ],
            [
              219855.20200000145,
              420913.58060000278
            ],
            [
              219853.51310000289,
              420918.42600000091
            ],
            [
              219852.68690000381,
              420922.68520000204
            ],
            [
              219851.59080000035,
              420927.26560000144
            ],
            [
              219850.49540000223,
              420931.49100000411
            ],
            [
              219848.60230000038,
              420935.40380000323
            ],
            [
              219847.96829999983,
              420938.0100000035
            ],
            [
              219848.0278000012,
              420943.34770000167
            ],
            [
              219848.00120000076,
              420947.1427000016
            ],
            [
              219846.29590000398,
              420951.28900000453
            ],
            [
              219844.55510000326,
              420955.29089999944
            ],
            [
              219841.06780000217,
              420957.95720000193
            ],
            [
              219840.16930000111,
              420962.41600000113
            ],
            [
              219841.64800000004,
              420967.11329999939
            ],
            [
              219843.27370000165,
              420970.24630000815
            ],
            [
              219841.80209999904,
              420974.27099999972
            ],
            [
              219841.37140000146,
              420978.19830000214
            ],
            [
              219840.26059999876,
              420981.34720000252
            ],
            [
              219841.0821000021,
              420986.98620000295
            ],
            [
              219843.68490000069,
              420990.52090000175
            ],
            [
              219843.76610000059,
              420994.2496000044
            ],
            [
              219843.42060000077,
              421000.14120000042
            ],
            [
              219842.90560000204,
              421005.63290000148
            ],
            [
              219841.90850000083,
              421010.09140000306
            ],
            [
              219840.4616000019,
              421015.01510000229
            ],
            [
              219841.95950000174,
              421019.1576000005
            ],
            [
              219841.61610000115,
              421024.13920000196
            ],
            [
              219839.83369999938,
              421026.73180000111
            ],
            [
              219835.95720000006,
              421026.9448000025
            ],
            [
              219830.15630000178,
              421029.08430000022
            ],
            [
              219828.35290000122,
              421032.99730000272
            ],
            [
              219827.07400000095,
              421035.10270000249
            ],
            [
              219827.48740000091,
              421038.76559999958
            ],
            [
              219826.55389999971,
              421042.84710000269
            ],
            [
              219826.68110000249,
              421046.07650000416
            ],
            [
              219828.02380000241,
              421047.43340000138
            ],
            [
              219825.41660000291,
              421049.75770000368
            ],
            [
              219823.48150000256,
              421052.40540000238
            ],
            [
              219821.35420000087,
              421052.78889999911
            ],
            [
              219820.99300000165,
              421056.91730000265
            ],
            [
              219824.20930000208,
              421059.78639999963
            ],
            [
              219826.77229999937,
              421061.12380000204
            ],
            [
              219826.37650000025,
              421065.49499999918
            ],
            [
              219825.17840000242,
              421067.57850000076
            ],
            [
              219825.43049999978,
              421071.11889999919
            ],
            [
              219825.21899999864,
              421073.37100000121
            ],
            [
              219823.32589999866,
              421077.27269999869
            ],
            [
              219825.51820000168,
              421079.84110000171
            ],
            [
              219824.37920000125,
              421083.57810000144
            ],
            [
              219824.71549999993,
              421089.50450000167
            ],
            [
              219823.67470000125,
              421093.45250000432
            ],
            [
              219824.23090000078,
              421097.40420000069
            ],
            [
              219825.70679999981,
              421103.28890000097
            ],
            [
              219827.15460000001,
              421105.76670000143
            ],
            [
              219827.85470000282,
              421109.5745000001
            ],
            [
              219827.95579999965,
              421112.42660000175
            ],
            [
              219827.98970000073,
              421117.20940000005
            ],
            [
              219827.1875,
              421118.8387000002
            ],
            [
              219826.13830000255,
              421122.53150000237
            ],
            [
              219825.34000000078,
              421126.3692000024
            ],
            [
              219825.85740000382,
              421127.64650000632
            ],
            [
              219826.5923000006,
              421131.94260000251
            ],
            [
              219826.90570000093,
              421136.12680000253
            ],
            [
              219827.73340000026,
              421139.06929999962
            ],
            [
              219827.97160000075,
              421140.81200000085
            ],
            [
              219827.61620000005,
              421143.2303000018
            ],
            [
              219827.8702000035,
              421145.92739999853
            ],
            [
              219829.10680000018,
              421150.51310000196
            ],
            [
              219829.42659999989,
              421151.91200000234
            ],
            [
              219828.49570000358,
              421154.87270000018
            ],
            [
              219827.71270000003,
              421155.93620000035
            ],
            [
              219826.32469999976,
              421158.69610000215
            ],
            [
              219825.55010000058,
              421160.00370000303
            ],
            [
              219824.15490000229,
              421162.00909999944
            ],
            [
              219823.91550000384,
              421164.6828000024
            ],
            [
              219823.9796000002,
              421168.0120000001
            ],
            [
              219824.82160000037,
              421172.54139999859
            ],
            [
              219824.62030000146,
              421174.23870000057
            ],
            [
              219823.78380000405,
              421179.10820000246
            ],
            [
              219822.6640000036,
              421182.27930000238
            ],
            [
              219820.72159999982,
              421184.20570000261
            ],
            [
              219819.6930000037,
              421186.77779999934
            ],
            [
              219816.73580000084,
              421189.11250000447
            ],
            [
              219815.5736999996,
              421191.19600000046
            ],
            [
              219814.12349999975,
              421193.66720000096
            ],
            [
              219811.06879999954,
              421195.51339999959
            ],
            [
              219811.10770000052,
              421198.14339999855
            ],
            [
              219812.61050000135,
              421200.1221000012
            ],
            [
              219814.41710000113,
              421202.60070000216
            ],
            [
              219813.40799999889,
              421204.4849000033
            ],
            [
              219810.15750000067,
              421205.62040000409
            ],
            [
              219808.10020000022,
              421206.8030000031
            ],
            [
              219805.69849999994,
              421209.51630000025
            ],
            [
              219802.75040000118,
              421211.85090000182
            ],
            [
              219800.76709999982,
              421215.99650000036
            ],
            [
              219798.39869999979,
              421219.81950000301
            ],
            [
              219796.46029999945,
              421223.92090000212
            ],
            [
              219794.26730000321,
              421225.60250000097
            ],
            [
              219791.6866000006,
              421228.14890000038
            ],
            [
              219788.06439999864,
              421230.99250000156
            ],
            [
              219785.24480000231,
              421235.95730000362
            ],
            [
              219784.57980000135,
              421240.372299999
            ],
            [
              219782.45790000167,
              421242.35380000062
            ],
            [
              219782.78729999997,
              421243.46419999935
            ],
            [
              219782.26550000068,
              421244.08449999988
            ],
            [
              219779.85369999986,
              421247.29700000025
            ],
            [
              219777.19800000079,
              421251.24140000157
            ],
            [
              219773.29480000213,
              421251.41000000201
            ],
            [
              219770.66760000028,
              421254.67750000022
            ],
            [
              219768.94000000041,
              421256.85960000195
            ],
            [
              219765.60089999903,
              421257.54000000097
            ],
            [
              219761.2845999999,
              421257.88519999944
            ],
            [
              219759.71180000063,
              421259.08010000177
            ],
            [
              219757.7946000034,
              421261.78330000117
            ],
            [
              219755.60030000005,
              421264.06420000456
            ],
            [
              219755.07260000054,
              421267.25890000537
            ],
            [
              219756.07160000131,
              421269.8245000001
            ],
            [
              219757.02080000285,
              421270.61450000107
            ],
            [
              219758.41170000378,
              421270.51780000329
            ],
            [
              219760.45340000093,
              421272.23139999993
            ],
            [
              219763.48920000158,
              421274.71289999969
            ],
            [
              219764.11259999964,
              421276.74500000663
            ],
            [
              219767.06570000108,
              421280.10290000029
            ],
            [
              219767.79899999872,
              421281.11439999938
            ],
            [
              219770.49430000037,
              421283.45089999959
            ],
            [
              219771.09130000044,
              421285.22770000249
            ],
            [
              219770.92830000073,
              421285.89310000278
            ],
            [
              219771.42740000226,
              421287.34800000116
            ],
            [
              219773.07990000211,
              421290.54759999923
            ],
            [
              219773.20980000123,
              421292.60070000589
            ],
            [
              219774.57530000247,
              421295.74420000054
            ],
            [
              219774.32630000077,
              421298.69540000148
            ],
            [
              219773.12780000176,
              421301.00080000423
            ],
            [
              219772.76560000051,
              421302.4868999999
            ],
            [
              219772.03980000317,
              421305.9806999974
            ],
            [
              219770.10319999978,
              421309.32750000618
            ],
            [
              219772.01140000019,
              421314.50290000439
            ],
            [
              219768.60520000104,
              421318.82600000128
            ],
            [
              219769.59600000083,
              421323.25269999914
            ],
            [
              219773.38770000078,
              421324.73720000125
            ],
            [
              219775.3310000021,
              421322.36700000055
            ],
            [
              219777.80890000239,
              421321.61809999868
            ],
            [
              219780.7957000006,
              421321.99110000208
            ],
            [
              219782.78020000085,
              421321.24100000225
            ],
            [
              219784.42560000159,
              421319.71340000629
            ],
            [
              219787.34140000399,
              421319.70900000073
            ],
            [
              219790.44010000024,
              421318.24019999988
            ],
            [
              219793.04330000188,
              421317.62470000051
            ],
            [
              219795.0421000002,
              421318.47259999812
            ],
            [
              219796.74620000273,
              421318.69849999994
            ],
            [
              219799.7920000013,
              421320.72500000149
            ],
            [
              219802.42600000091,
              421322.38449999876
            ],
            [
              219805.53070000093,
              421321.5605000034
            ],
            [
              219807.58040000126,
              421316.44840000011
            ],
            [
              219809.76879999973,
              421316.78630000353
            ],
            [
              219811.97490000073,
              421317.17970000021
            ],
            [
              219813.80450000148,
              421317.48349999823
            ],
            [
              219816.76720000152,
              421316.6136000026
            ],
            [
              219817.91770000197,
              421315.69530000165
            ],
            [
              219820.61410000082,
              421313.57080000266
            ],
            [
              219824.08270000108,
              421311.20409999974
            ],
            [
              219826.42090000026,
              421308.76820000261
            ],
            [
              219829.38640000299,
              421306.68880000152
            ],
            [
              219832.73440000135,
              421306.06389999948
            ],
            [
              219836.48550000135,
              421305.68420000002
            ],
            [
              219839.2778000012,
              421304.75840000063
            ],
            [
              219842.2659,
              421304.55440000258
            ],
            [
              219846.31560000032,
              421303.08780000173
            ],
            [
              219850.37950000167,
              421303.26360000111
            ],
            [
              219854.49560000002,
              421304.10529999807
            ],
            [
              219858.45040000044,
              421304.88000000082
            ],
            [
              219860.43890000135,
              421306.32710000128
            ],
            [
              219863.93880000152,
              421305.9357000012
            ],
            [
              219865.55680000037,
              421308.53600000218
            ],
            [
              219867.64900000114,
              421311.64790000208
            ],
            [
              219870.94510000106,
              421314.09669999965
            ],
            [
              219874.97270000074,
              421314.43889999948
            ],
            [
              219879.46680000145,
              421314.77099999972
            ],
            [
              219884.10070000216,
              421312.85080000199
            ],
            [
              219886.47980000079,
              421312.17940000258
            ],
            [
              219889.61380000226,
              421310.95480000041
            ],
            [
              219892.39309999999,
              421311.81560000032
            ],
            [
              219897.08350000065,
              421312.6032000035
            ],
            [
              219901.52199999988,
              421313.73410000093
            ],
            [
              219905.99860000238,
              421317.7947000023
            ],
            [
              219906.69820000138,
              421321.79110000096
            ],
            [
              219907.57650000136,
              421326.10980000347
            ],
            [
              219908.8262000028,
              421328.88680000044
            ],
            [
              219911.40589999966,
              421330.7126000002
            ],
            [
              219915.60050000157,
              421332.53099999949
            ],
            [
              219920.54690000135,
              421335.16119999997
            ],
            [
              219925.57600000035,
              421336.95930000022
            ],
            [
              219930.20230000373,
              421338.3571000006
            ],
            [
              219934.2162000034,
              421340.71880000085
            ],
            [
              219937.67640000023,
              421341.99180000275
            ],
            [
              219940.47670000233,
              421345.41600000113
            ],
            [
              219944.72790000215,
              421349.95329999924
            ],
            [
              219948.43939999957,
              421351.17129999958
            ],
            [
              219951.6865000017,
              421351.50060000271
            ],
            [
              219954.79100000113,
              421351.39680000022
            ],
            [
              219957.57410000078,
              421350.59320000373
            ],
            [
              219959.3097000001,
              421352.72770000063
            ],
            [
              219963.05370000005,
              421355.39959999733
            ],
            [
              219965.19689999986,
              421355.9039000012
            ],
            [
              219968.54420000222,
              421355.53430000134
            ],
            [
              219971.92590000015,
              421359.70340000093
            ],
            [
              219976.33160000108,
              421363.37539999932
            ],
            [
              219980.93570000213,
              421366.5708000008
            ],
            [
              219987.14890000038,
              421372.32210000232
            ],
            [
              219992.25060000364,
              421373.75430000201
            ],
            [
              219996.66040000133,
              421375.62870000117
            ],
            [
              220000.32670000009,
              421376.96880000085
            ],
            [
              220001.90990000404,
              421379.0586000029
            ],
            [
              220002.96530000027,
              421380.4924999997
            ],
            [
              220005.3013000004,
              421382.92810000107
            ],
            [
              220010.54890000075,
              421387.22350000218
            ],
            [
              220016.40240000375,
              421389.38980000094
            ],
            [
              220021.98580000084,
              421391.98820000142
            ],
            [
              220025.83750000224,
              421394.6603000015
            ],
            [
              220030.40840000007,
              421396.70160000212
            ],
            [
              220035.84269999992,
              421397.8460000027
            ],
            [
              220040.58249999955,
              421396.64740000106
            ],
            [
              220043.67170000076,
              421399.29560000263
            ],
            [
              220046.56599999964,
              421400.83370000124
            ],
            [
              220050.28249999974,
              421399.89900000207
            ],
            [
              220055.00090000313,
              421396.3367999997
            ],
            [
              220056.94630000181,
              421396.96270000376
            ],
            [
              220059.38659999985,
              421396.99060000107
            ],
            [
              220061.63949999865,
              421396.55190000124
            ],
            [
              220063.60560000222,
              421396.0239000041
            ],
            [
              220066.83720000181,
              421395.24350000173
            ],
            [
              220068.42619999964,
              421394.80330000259
            ],
            [
              220069.72590000089,
              421395.32780000381
            ],
            [
              220072.22970000096,
              421395.04509999976
            ],
            [
              220074.65530000068,
              421393.64150000177
            ],
            [
              220076.46550000086,
              421394.56670000218
            ],
            [
              220077.37719999999,
              421396.06690000184
            ],
            [
              220079.44749999978,
              421396.97050000355
            ],
            [
              220083.18889999948,
              421396.91260000132
            ],
            [
              220086.61480000243,
              421397.47529999912
            ],
            [
              220090.27470000181,
              421397.72800000384
            ],
            [
              220092.57380000129,
              421400.59630000032
            ],
            [
              220095.05880000349,
              421400.67970000394
            ],
            [
              220097.13500000071,
              421399.07550000399
            ],
            [
              220098.08270000014,
              421400.50919999927
            ],
            [
              220100.04750000127,
              421400.51369999722
            ],
            [
              220102.35790000018,
              421402.36110000126
            ],
            [
              220105.55740000308,
              421403.83330000006
            ],
            [
              220107.86220000312,
              421404.23820000142
            ],
            [
              220111.68170000054,
              421405.33450000174
            ],
            [
              220113.95090000145,
              421405.61720000207
            ],
            [
              220116.62540000118,
              421405.23500000313
            ],
            [
              220118.18330000062,
              421406.58129999973
            ],
            [
              220120.19979999959,
              421407.51810000092
            ],
            [
              220122.8178000031,
              421408.25660000369
            ],
            [
              220126.13810000103,
              421407.96470000409
            ],
            [
              220129.57480000332,
              421407.70630000159
            ],
            [
              220132.43030000106,
              421406.66990000196
            ],
            [
              220135.42130000237,
              421405.20100000128
            ],
            [
              220136.66840000078,
              421405.1817000024
            ],
            [
              220138.54710000008,
              421402.11969999969
            ],
            [
              220141.08430000301,
              421400.57569999993
            ],
            [
              220144.5727000013,
              421401.23850000091
            ],
            [
              220147.89830000047,
              421402.53350000083
            ],
            [
              220151.3543000007,
              421401.69820000045
            ],
            [
              220154.92880000267,
              421400.11969999969
            ],
            [
              220158.59120000154,
              421399.28480000049
            ],
            [
              220163.7790000001,
              421398.37590000033
            ],
            [
              220166.90539999958,
              421396.57440000214
            ],
            [
              220171.28040000238,
              421394.1099999994
            ],
            [
              220174.47700000275,
              421392.95229999907
            ],
            [
              220181.26360000018,
              421391.27030000091
            ],
            [
              220186.83480000123,
              421390.10390000232
            ],
            [
              220191.24210000224,
              421386.63290000148
            ],
            [
              220192.70440000109,
              421386.65850000083
            ],
            [
              220195.05580000114,
              421386.30890000053
            ],
            [
              220197.73649999965,
              421387.12520000152
            ],
            [
              220201.49630000163,
              421386.85660000332
            ],
            [
              220203.80269999988,
              421386.57340000011
            ],
            [
              220207.15909999982,
              421386.15960000455
            ],
            [
              220210.25530000124,
              421385.77840000205
            ],
            [
              220213.77250000089,
              421385.65350000001
            ],
            [
              220218.04409999959,
              421385.20850000158
            ],
            [
              220222.82740000263,
              421384.6425999999
            ],
            [
              220227.60059999954,
              421384.55389999971
            ],
            [
              220231.14740000013,
              421383.28600000218
            ],
            [
              220233.13279999979,
              421382.1699000001
            ],
            [
              220235.26260000002,
              421380.67679999769
            ],
            [
              220238.42030000314,
              421377.00010000356
            ],
            [
              220241.83509999886,
              421374.61119999923
            ],
            [
              220244.27340000216,
              421371.68730000407
            ],
            [
              220245.28519999981,
              421368.69360000081
            ],
            [
              220247.27020000201,
              421367.74389999919
            ],
            [
              220251.67580000032,
              421367.56550000049
            ],
            [
              220254.75850000232,
              421365.22030000202
            ],
            [
              220256.94450000022,
              421362.76190000214
            ],
            [
              220260.14279999956,
              421360.88290000148
            ],
            [
              220261.99180000089,
              421356.69270000793
            ],
            [
              220263.73130000196,
              421353.32340000197
            ],
            [
              220265.96899999958,
              421351.70850000158
            ],
            [
              220269.43750000093,
              421349.44180000201
            ],
            [
              220274.90720000211,
              421346.94669999927
            ],
            [
              220279.66740000062,
              421344.7496000044
            ],
            [
              220281.5913000023,
              421343.05629999936
            ],
            [
              220286.6763000004,
              421340.1165000014
            ],
            [
              220290.78089999966,
              421338.19530000165
            ],
            [
              220293.35100000072,
              421336.40360000171
            ],
            [
              220296.37000000291,
              421334.5242999997
            ],
            [
              220300.22080000024,
              421333.71209999919
            ],
            [
              220301.90210000053,
              421332.20690000057
            ],
            [
              220304.22380000167,
              421329.21620000154
            ],
            [
              220308.55370000005,
              421326.86279999837
            ],
            [
              220312.46960000414,
              421325.1297999993
            ],
            [
              220315.91139999963,
              421322.72990000062
            ],
            [
              220318.12470000144,
              421320.09410000034
            ],
            [
              220319.67230000161,
              421318.17790000141
            ],
            [
              220320.5297000017,
              421316.01609999873
            ],
            [
              220321.52280000225,
              421313.38849999756
            ],
            [
              220323.18910000101,
              421310.6071000006
            ],
            [
              220324.57689999882,
              421307.98050000146
            ],
            [
              220326.236800001,
              421304.1005000025
            ],
            [
              220327.12129999977,
              421301.87219999917
            ],
            [
              220327.5661000004,
              421299.68710000254
            ],
            [
              220329.91000000108,
              421298.71610000171
            ],
            [
              220333.73480000161,
              421297.54880000092
            ],
            [
              220336.19430000056,
              421297.02200000174
            ],
            [
              220337.54630000237,
              421294.3730999995
            ],
            [
              220339.11420000065,
              421291.45830000006
            ],
            [
              220339.61309999973,
              421289.15130000003
            ],
            [
              220343.13279999979,
              421288.01670000143
            ],
            [
              220345.98270000145,
              421285.50440000184
            ],
            [
              220349.80280000065,
              421282.51730000041
            ],
            [
              220352.04739999957,
              421278.00620000251
            ],
            [
              220354.2154000001,
              421275.54780000076
            ],
            [
              220357.01770000253,
              421274.24500000104
            ],
            [
              220359.9637000002,
              421272.8759000022
            ],
            [
              220363.5576000018,
              421270.68720000237
            ],
            [
              220366.89800000098,
              421269.49660000205
            ],
            [
              220368.56869999971,
              421268.65719999932
            ],
            [
              220370.73630000185,
              421266.37630000152
            ],
            [
              220374.4430999998,
              421261.99080000073
            ],
            [
              220377.5205000015,
              421258.12519999966
            ],
            [
              220380.48930000048,
              421254.70340000279
            ],
            [
              220380.55080000404,
              421251.45220000297
            ],
            [
              220380.71019999962,
              421248.55630000308
            ],
            [
              220381.18010000233,
              421247.09260000288
            ],
            [
              220383.57130000181,
              421245.10090000182
            ],
            [
              220386.90150000341,
              421244.43180000037
            ],
            [
              220386.84810000286,
              421244.27630000189
            ],
            [
              220388.60219999962,
              421242.32740000077
            ],
            [
              220390.16940000001,
              421239.73450000212
            ],
            [
              220391.41369999945,
              421237.08530000225
            ],
            [
              220392.05269999988,
              421236.25450000167
            ],
            [
              220393.32899999991,
              421231.4971000012
            ],
            [
              220396.60830000136,
              421229.56280000135
            ],
            [
              220396.46960000135,
              421227.50960000046
            ],
            [
              220398.6185999997,
              421225.49510000274
            ],
            [
              220400.28820000123,
              421221.31550000049
            ],
            [
              220400.38530000299,
              421218.19760000147
            ],
            [
              220401.78949999996,
              421216.25900000148
            ],
            [
              220403.12160000112,
              421214.47560000233
            ],
            [
              220404.03540000133,
              421211.22639999911
            ],
            [
              220404.94510000106,
              421209.7304999996
            ],
            [
              220406.89360000286,
              421205.22980000265
            ],
            [
              220408.33220000099,
              421200.11760000326
            ],
            [
              220409.11579999886,
              421195.0260000024
            ],
            [
              220409.74630000163,
              421190.14489999972
            ],
            [
              220409.23770000134,
              421185.17239999957
            ],
            [
              220411.83939999994,
              421181.41680000164
            ],
            [
              220414.58540000115,
              421177.3730000034
            ],
            [
              220418.06529999897,
              421174.10760000348
            ],
            [
              220421.44440000225,
              421171.69649999961
            ],
            [
              220424.12440000009,
              421169.00630000047
            ],
            [
              220425.20040000044,
              421165.48010000028
            ],
            [
              220428.23620000109,
              421164.10019999929
            ],
            [
              220432.44199999981,
              421161.20279999822
            ],
            [
              220437.93670000043,
              421159.55119999871
            ],
            [
              220442.85690000094,
              421158.05360000208
            ],
            [
              220447.32899999991,
              421156.38859999925
            ],
            [
              220450.83019999973,
              421155.45360000245
            ],
            [
              220453.99030000065,
              421154.6400000006
            ],
            [
              220457.42780000158,
              421154.14870000258
            ],
            [
              220460.70230000094,
              421150.47230000235
            ],
            [
              220462.4140999997,
              421147.46920000203
            ],
            [
              220462.60540000256,
              421146.23790000193
            ],
            [
              220462.28970000055,
              421143.15230000205
            ],
            [
              220462.13410000131,
              421140.62180000171
            ],
            [
              220464.32100000232,
              421137.81950000301
            ],
            [
              220466.75370000117,
              421137.25940000266
            ],
            [
              220468.7648000028,
              421136.66489999928
            ],
            [
              220471.11780000199,
              421134.27020000108
            ],
            [
              220472.10960000008,
              421129.84830000252
            ],
            [
              220474.37940000091,
              421126.10300000012
            ],
            [
              220475.65940000117,
              421123.57599999942
            ],
            [
              220479.68770000059,
              421119.845900001
            ],
            [
              220479.55150000378,
              421120.54470000044
            ],
            [
              220479.22700000089,
              421121.14310000092
            ],
            [
              220480.07969999965,
              421120.98980000243
            ],
            [
              220481.06640000176,
              421121.11420000158
            ],
            [
              220482.44770000223,
              421121.29500000179
            ],
            [
              220483.56790000014,
              421121.83030000143
            ],
            [
              220484.66190000158,
              421122.09920000099
            ],
            [
              220486.46210000012,
              421123.44610000029
            ],
            [
              220488.6157000009,
              421123.3180999998
            ],
            [
              220490.25870000012,
              421122.82259999774
            ],
            [
              220491.63900000136,
              421123.43620000407
            ],
            [
              220493.29629999865,
              421124.4832000006
            ],
            [
              220496.63690000027,
              421127.02119999938
            ],
            [
              220500.38750000112,
              421126.89680000022
            ],
            [
              220502.56350000203,
              421128.67750000022
            ],
            [
              220504.59800000302,
              421129.58110000007
            ],
            [
              220507.89260000084,
              421128.78990000114
            ],
            [
              220508.8769000005,
              421129.93530000187
            ],
            [
              220512.97800000384,
              421133.34060000069
            ],
            [
              220514.05980000086,
              421134.97430000268
            ],
            [
              220516.21990000177,
              421135.87830000184
            ],
            [
              220518.65739999991,
              421137.10470000096
            ],
            [
              220520.28089999966,
              421137.29720000178
            ],
            [
              220521.12330000009,
              421137.7097000014
            ],
            [
              220523.48780000024,
              421139.44640000537
            ],
            [
              220526.29140000045,
              421141.38390000165
            ],
            [
              220528.61170000024,
              421142.85420000181
            ],
            [
              220531.15760000143,
              421143.77010000125
            ],
            [
              220533.08359999955,
              421145.0175000038
            ],
            [
              220534.79860000126,
              421148.26180000417
            ],
            [
              220536.31190000009,
              421149.53040000051
            ],
            [
              220538.353500003,
              421151.21089999937
            ],
            [
              220540.88750000019,
              421153.33630000427
            ],
            [
              220542.93060000148,
              421154.3954000026
            ],
            [
              220545.10020000208,
              421155.12179999985
            ],
            [
              220547.82280000113,
              421157.2033000011
            ],
            [
              220549.85990000051,
              421160.74800000153
            ],
            [
              220551.26490000077,
              421162.31600000151
            ],
            [
              220554.16630000062,
              421164.63099999912
            ],
            [
              220556.04500000086,
              421166.91030000336
            ],
            [
              220557.18749999907,
              421169.43190000206
            ],
            [
              220558.18449999951,
              421172.74110000022
            ],
            [
              220559.38010000065,
              421175.56250000186
            ],
            [
              220561.4112000009,
              421177.86440000124
            ],
            [
              220562.01549999975,
              421180.29600000195
            ],
            [
              220563.52620000299,
              421182.64100000262
            ],
            [
              220565.05640000105,
              421184.32019999996
            ],
            [
              220565.57249999978,
              421186.17460000142
            ],
            [
              220567.24660000298,
              421191.47169999965
            ],
            [
              220571.60610000044,
              421192.64020000398
            ],
            [
              220575.4784000041,
              421193.34439999983
            ],
            [
              220578.18910000008,
              421192.89590000175
            ],
            [
              220581.4227,
              421191.31669999845
            ],
            [
              220584.5373999998,
              421190.74709999934
            ],
            [
              220586.39589999989,
              421190.19669999927
            ],
            [
              220588.31400000118,
              421191.01130000129
            ],
            [
              220589.7397000026,
              421191.33650000207
            ],
            [
              220593.50150000025,
              421190.26900000125
            ],
            [
              220596.9130000025,
              421189.36720000207
            ],
            [
              220600.05050000083,
              421190.51760000177
            ],
            [
              220603.62920000125,
              421187.19710000046
            ],
            [
              220605.11349999998,
              421185.54730000161
            ],
            [
              220608.3123000022,
              421183.56850000098
            ],
            [
              220610.6492000008,
              421181.7985999994
            ],
            [
              220613.12780000083,
              421180.82799999975
            ],
            [
              220616.92650000192,
              421179.36120000295
            ],
            [
              220619.90530000161,
              421179.29060000181
            ],
            [
              220623.95360000059,
              421178.46800000221
            ],
            [
              220627.39699999988,
              421179.24190000072
            ],
            [
              220631.6238000039,
              421178.85240000114
            ],
            [
              220635.10740000196,
              421177.81760000251
            ],
            [
              220639.66690000147,
              421175.36769999936
            ],
            [
              220644.21520000231,
              421177.36809999868
            ],
            [
              220650.94629999995,
              421176.48560000397
            ],
            [
              220657.52260000166,
              421172.76659999974
            ],
            [
              220660.89709999971,
              421172.30850000307
            ],
            [
              220662.48869999964,
              421170.83650000021
            ],
            [
              220666.19590000063,
              421170.10180000216
            ],
            [
              220668.47900000121,
              421168.32070000283
            ],
            [
              220672.00870000105,
              421166.78669999912
            ],
            [
              220676.58650000021,
              421162.15920000151
            ],
            [
              220678.10650000162,
              421160.59820000082
            ],
            [
              220680.40600000042,
              421159.48290000297
            ],
            [
              220683.28950000275,
              421158.03610000014
            ],
            [
              220686.23809999973,
              421155.59079999849
            ],
            [
              220690.75229999889,
              421155.06890000403
            ],
            [
              220693.53540000133,
              421154.34320000373
            ],
            [
              220697.87490000203,
              421151.83459999785
            ],
            [
              220701.30030000396,
              421152.63070000149
            ],
            [
              220704.30020000041,
              421151.2396000009
            ],
            [
              220706.0083999997,
              421149.81220000051
            ],
            [
              220708.32900000084,
              421147.36540000141
            ],
            [
              220709.34759999998,
              421145.37040000223
            ],
            [
              220714.94199999981,
              421143.35310000181
            ],
            [
              220718.39900000207,
              421142.20729999989
            ],
            [
              220722.12899999972,
              421143.15949999914
            ],
            [
              220726.30390000064,
              421145.73279999942
            ],
            [
              220729.94640000071,
              421145.80800000206
            ],
            [
              220733.74640000146,
              421147.50390000269
            ],
            [
              220738.58930000197,
              421148.39210000262
            ],
            [
              220743.85960000101,
              421146.817900002
            ],
            [
              220747.23840000015,
              421144.59550000355
            ],
            [
              220751.90250000078,
              421145.18370000273
            ],
            [
              220755.96720000356,
              421145.00480000116
            ],
            [
              220758.64020000398,
              421149.03930000402
            ],
            [
              220762.70800000057,
              421151.33500000089
            ],
            [
              220765.6222000001,
              421152.04110000283
            ],
            [
              220769.16530000325,
              421151.47370000184
            ],
            [
              220770.96060000081,
              421148.32530000061
            ],
            [
              220773.89109999966,
              421145.9243999999
            ],
            [
              220774.0280000018,
              421141.27520000003
            ],
            [
              220776.42700000107,
              421136.07660000212
            ],
            [
              220779.06140000094,
              421129.97970000282
            ],
            [
              220780.33560000174,
              421126.16550000012
            ],
            [
              220783.49510000087,
              421125.5848999992
            ],
            [
              220785.3731000023,
              421124.46870000288
            ],
            [
              220787.70260000043,
              421122.05520000122
            ],
            [
              220789.90750000067,
              421119.21979999915
            ],
            [
              220792.57820000406,
              421116.74049999751
            ],
            [
              220793.37220000196,
              421114.87810000218
            ],
            [
              220793.31550000049,
              421112.32579999976
            ],
            [
              220794.31350000016,
              421107.72300000116
            ],
            [
              220799.0147000039,
              421104.06130000018
            ],
            [
              220801.82660000399,
              421098.77490000241
            ],
            [
              220800.08520000149,
              421095.43060000055
            ],
            [
              220801.57070000097,
              421093.27030000091
            ],
            [
              220805.64620000217,
              421088.65279999934
            ],
            [
              220804.71889999975,
              421086.23149999976
            ],
            [
              220805.21030000038,
              421083.34750000201
            ],
            [
              220804.89490000065,
              421080.20640000328
            ],
            [
              220806.5419000024,
              421078.0576000046
            ],
            [
              220808.94730000291,
              421073.97980000079
            ],
            [
              220809.56500000227,
              421070.82980000041
            ],
            [
              220810.00229999982,
              421068.06770000234
            ],
            [
              220811.47430000361,
              421067.79389999993
            ],
            [
              220813.5019000005,
              421064.1257000044
            ],
            [
              220815.98390000034,
              421061.73480000347
            ],
            [
              220818.12260000315,
              421060.34170000441
            ],
            [
              220820.44030000363,
              421059.13780000247
            ],
            [
              220823.39140000008,
              421059.44450000115
            ],
            [
              220825.49440000206,
              421057.98479999788
            ],
            [
              220828.1827000007,
              421055.6165000014
            ],
            [
              220833.3359000003,
              421050.60209999979
            ],
            [
              220836.30840000138,
              421049.43300000206
            ],
            [
              220838.97119999956,
              421046.49880000018
            ],
            [
              220840.29810000025,
              421046.91249999776
            ],
            [
              220841.79890000075,
              421045.91740000062
            ],
            [
              220845.46520000417,
              421043.55159999989
            ],
            [
              220847.23330000136,
              421043.31170000136
            ],
            [
              220850.1623999998,
              421041.55440000072
            ],
            [
              220854.79980000108,
              421038.32530000061
            ],
            [
              220857.79980000388,
              421033.25019999966
            ],
            [
              220860.04959999956,
              421030.44820000045
            ],
            [
              220861.56530000363,
              421026.95630000159
            ],
            [
              220862.79130000155,
              421024.5513000004
            ],
            [
              220865.1344000008,
              421020.26249999925
            ],
            [
              220866.36870000139,
              421018.15709999949
            ],
            [
              220868.88090000022,
              421018.15210000239
            ],
            [
              220871.75870000198,
              421019.05779999867
            ],
            [
              220875.27260000072,
              421020.42009999976
            ],
            [
              220878.70510000177,
              421018.30890000239
            ],
            [
              220882.834900002,
              421017.20920000784
            ],
            [
              220885.94919999968,
              421016.8283000011
            ],
            [
              220889.3675000025,
              421016.85870000161
            ],
            [
              220892.67300000042,
              421015.31320000254
            ],
            [
              220896.91930000111,
              421010.55179999955
            ],
            [
              220896.49450000096,
              421004.40320000239
            ],
            [
              220894.75980000384,
              420998.24039999954
            ],
            [
              220891.74690000154,
              420993.79440000281
            ],
            [
              220892.41150000039,
              420989.77900000103
            ],
            [
              220891.19670000114,
              420987.55670000054
            ],
            [
              220890.98880000133,
              420984.47140000202
            ],
            [
              220891.26990000159,
              420983.20700000226
            ],
            [
              220892.80229999963,
              420980.27010000125
            ],
            [
              220893.61329999939,
              420978.80730000138
            ],
            [
              220894.99590000045,
              420978.4888000004
            ],
            [
              220897.86580000352,
              420975.24440000206
            ],
            [
              220901.12339999992,
              420971.2463000007
            ],
            [
              220901.57840000093,
              420968.60640000179
            ],
            [
              220903.4914000025,
              420964.06140000373
            ],
            [
              220902.92450000066,
              420961.01950000226
            ],
            [
              220905.15460000001,
              420958.98310000449
            ],
            [
              220908.08190000057,
              420961.71989999898
            ],
            [
              220910.63480000105,
              420963.46829999983
            ],
            [
              220914.18720000144,
              420963.7098999992
            ],
            [
              220917.40550000314,
              420964.82730000094
            ],
            [
              220921.07480000146,
              420964.9693
            ],
            [
              220925.896300002,
              420963.59390000254
            ],
            [
              220929.50590000115,
              420962.42640000023
            ],
            [
              220932.40520000271,
              420961.92290000059
            ],
            [
              220935.48700000159,
              420963.85009999946
            ],
            [
              220938.78740000073,
              420964.40180000104
            ],
            [
              220943.32430000138,
              420965.66669999994
            ],
            [
              220948.15270000044,
              420965.11240000091
            ],
            [
              220950.27010000311,
              420965.1286000032
            ],
            [
              220954.26180000044,
              420965.50450000167
            ],
            [
              220956.06830000132,
              420960.52640000172
            ],
            [
              220958.1595999999,
              420956.53669999912
            ],
            [
              220959.11990000121,
              420952.69950000197
            ],
            [
              220962.1157000009,
              420949.34449999966
            ],
            [
              220965.70150000229,
              420946.94520000182
            ],
            [
              220969.10170000046,
              420943.347000001
            ],
            [
              220973.71389999986,
              420940.60410000198
            ],
            [
              220979.07690000255,
              420941.42760000005
            ],
            [
              220982.64379999973,
              420940.17540000193
            ],
            [
              220985.72810000274,
              420937.99570000172
            ],
            [
              220989.35140000004,
              420934.70370000042
            ],
            [
              220993.69170000218,
              420935.7239000015
            ],
            [
              220999.02560000122,
              420939.08060000092
            ],
            [
              221002.98880000133,
              420940.11110000126
            ],
            [
              221008.66260000039,
              420943.21470000409
            ],
            [
              221015.37310000136,
              420943.50300000235
            ],
            [
              221020.00700000208,
              420941.05150000006
            ],
            [
              221023.82030000072,
              420939.18790000118
            ],
            [
              221027.99700000044,
              420939.08430000208
            ],
            [
              221033.15170000307,
              420937.18820000254
            ],
            [
              221037.6631000014,
              420934.13639999926
            ],
            [
              221042.08320000023,
              420931.80580000393
            ],
            [
              221047.02589999977,
              420932.20610000193
            ],
            [
              221051.52710000146,
              420933.41550000384
            ],
            [
              221055.24909999967,
              420934.00160000101
            ],
            [
              221059.91930000018,
              420935.8105999995
            ],
            [
              221065.47119999956,
              420936.58980000019
            ],
            [
              221070.35110000335,
              420937.00110000186
            ],
            [
              221076.23010000121,
              420936.11660000309
            ],
            [
              221081.14770000242,
              420935.79560000077
            ],
            [
              221085.73100000247,
              420936.4282000009
            ],
            [
              221091.02480000351,
              420936.33010000177
            ],
            [
              221096.08779999986,
              420935.24389999919
            ],
            [
              221101.26840000134,
              420933.79169999994
            ],
            [
              221106.20830000099,
              420931.67320000194
            ],
            [
              221110.70840000082,
              420929.58690000325
            ],
            [
              221114.63510000147,
              420927.25500000454
            ],
            [
              221117.89200000372,
              420923.60110000148
            ],
            [
              221121.19000000041,
              420921.42300000228
            ],
            [
              221126.33949999977,
              420918.0511000026
            ],
            [
              221131.38629999943,
              420916.18810000084
            ],
            [
              221136.57360000256,
              420915.65699999966
            ],
            [
              221140.25790000055,
              420913.39109999873
            ],
            [
              221142.13850000128,
              420911.13200000115
            ],
            [
              221145.80630000029,
              420908.26690000109
            ],
            [
              221148.35780000035,
              420903.17970000207
            ],
            [
              221151.38190000411,
              420899.31430000253
            ],
            [
              221154.84290000051,
              420896.55969999917
            ],
            [
              221158.36710000411,
              420893.69430000149
            ],
            [
              221162.6529000029,
              420891.25239999965
            ],
            [
              221167.9076000005,
              420888.77950000204
            ],
            [
              221173.0167000033,
              420887.27180000208
            ],
            [
              221179.25900000054,
              420884.55720000155
            ],
            [
              221183.90400000103,
              420881.97200000286
            ],
            [
              221188.80020000227,
              420879.37620000169
            ],
            [
              221193.66900000069,
              420877.04670000076
            ],
            [
              221197.95389999915,
              420874.98210000247
            ],
            [
              221202.58050000202,
              420872.56320000067
            ],
            [
              221206.92190000415,
              420869.38910000212
            ],
            [
              221210.40260000154,
              420865.97980000265
            ],
            [
              221213.70730000082,
              420861.12760000117
            ],
            [
              221216.61660000123,
              420856.56280000135
            ],
            [
              221218.94380000047,
              420851.51950000413
            ],
            [
              221221.53660000023,
              420847.94160000235
            ],
            [
              221223.28839999996,
              420843.3629999999
            ],
            [
              221225.22809999995,
              420838.99560000002
            ],
            [
              221227.45720000099,
              420833.75240000151
            ],
            [
              221230.60740000103,
              420829.73200000077
            ],
            [
              221234.08910000138,
              420825.91210000217
            ],
            [
              221238.96190000139,
              420821.89599999972
            ],
            [
              221242.55470000301,
              420816.6782000009
            ],
            [
              221245.81210000347,
              420812.80240000226
            ],
            [
              221249.97490000259,
              420809.33930000104
            ],
            [
              221253.32200000342,
              420805.53020000458
            ],
            [
              221255.83410000149,
              420801.94109999947
            ],
            [
              221258.6984000029,
              420797.38730000146
            ],
            [
              221262.50530000031,
              420792.68060000427
            ],
            [
              221265.66799999867,
              420787.25090000033
            ],
            [
              221267.89010000415,
              420781.20870000124
            ],
            [
              221269.42229999974,
              420774.6986999996
            ],
            [
              221271.25840000063,
              420768.72210000269
            ],
            [
              221274.34810000099,
              420763.76940000057
            ],
            [
              221278.66440000013,
              420759.94060000218
            ],
            [
              221284.55240000319,
              420755.3721000012
            ],
            [
              221289.99029999971,
              420751.52380000055
            ],
            [
              221294.69380000234,
              420747.03009999916
            ],
            [
              221298.38439999986,
              420742.24540000223
            ],
            [
              221301.69150000066,
              420736.43880000338
            ],
            [
              221304.62190000154,
              420730.59800000116
            ],
            [
              221306.64670000132,
              420724.4998000022
            ],
            [
              221307.2920000013,
              420717.51050000079
            ],
            [
              221306.84250000026,
              420710.59610000066
            ],
            [
              221307.0820000004,
              420704.39370000176
            ],
            [
              221307.82430000044,
              420698.1259000022
            ],
            [
              221309.25769999996,
              420691.71550000086
            ],
            [
              221311.27419999987,
              420685.33980000392
            ],
            [
              221311.64820000157,
              420679.15990000032
            ],
            [
              221312.54959999956,
              420673.81350000016
            ],
            [
              221313.71330000088,
              420667.62440000102
            ],
            [
              221316.65190000366,
              420662.12759999931
            ],
            [
              221320.84500000067,
              420657.3331000004
            ],
            [
              221326.02440000325,
              420652.7629000023
            ],
            [
              221331.16139999963,
              420647.1939000003
            ],
            [
              221335.6166999992,
              420641.55660000257
            ],
            [
              221339.30209999997,
              420635.21839999966
            ],
            [
              221343.62200000044,
              420629.94700000063
            ],
            [
              221345.78160000034,
              420623.7825000044
            ],
            [
              221348.41630000342,
              420617.80790000223
            ],
            [
              221350.52350000385,
              420611.066300001
            ],
            [
              221352.32440000027,
              420604.84550000168
            ],
            [
              221354.80900000036,
              420597.88290000334
            ],
            [
              221357.05840000138,
              420591.74080000259
            ],
            [
              221359.63790000044,
              420586.33200000226
            ],
            [
              221362.75850000232,
              420579.792600004
            ],
            [
              221366.66800000053,
              420573.56590000354
            ],
            [
              221372.11500000302,
              420569.68440000154
            ],
            [
              221376.60110000055,
              420566.10010000132
            ],
            [
              221381.52979999967,
              420561.36290000193
            ],
            [
              221386.80650000088,
              420557.40330000035
            ],
            [
              221391.67000000086,
              420553.70900000259
            ],
            [
              221396.79510000069,
              420549.36060000211
            ],
            [
              221401.57729999907,
              420545.78820000216
            ],
            [
              221407.64759999886,
              420540.25489999913
            ],
            [
              221411.94480000157,
              420534.39360000007
            ],
            [
              221417.07820000127,
              420526.89320000075
            ],
            [
              221421.93040000089,
              420518.60259999894
            ],
            [
              221425.43319999985,
              420511.6454000026
            ],
            [
              221427.70830000285,
              420504.85040000081
            ],
            [
              221430.24450000003,
              420498.8311999999
            ],
            [
              221433.58940000087,
              420492.40340000205
            ],
            [
              221436.47620000038,
              420486.08540000021
            ],
            [
              221439.90130000003,
              420479.84640000202
            ],
            [
              221442.64260000363,
              420474.31599999964
            ],
            [
              221445.78789999988,
              420468.76429999992
            ],
            [
              221449.95550000202,
              420463.40379999951
            ],
            [
              221453.91650000121,
              420458.17600000091
            ],
            [
              221458.25220000371,
              420453.81460000202
            ],
            [
              221462.83980000298,
              420449.17640000395
            ],
            [
              221467.26539999992,
              420444.7265000008
            ],
            [
              221473.91920000222,
              420439.08370000124
            ],
            [
              221478.78509999998,
              420434.40179999918
            ],
            [
              221483.7126000002,
              420430.17510000244
            ],
            [
              221487.82700000145,
              420424.6258000005
            ],
            [
              221491.47120000049,
              420420.54020000249
            ],
            [
              221496.95270000212,
              420417.28030000441
            ],
            [
              221503.08940000366,
              420413.94429999962
            ],
            [
              221515.8816000009,
              420410.12140000053
            ]
          ]
        ]
      }
    }
  ]
}