{
  "displayFieldName" : "",
  "fieldAliases" : {
    "FID" : "FID",
    "PMNTN_SPOT" : "PMNTN_SPOT",
    "MNTN_CODE" : "MNTN_CODE",
    "MANAGE_SP1" : "MANAGE_SP1",
    "MANAGE_SP2" : "MANAGE_SP2",
    "DETAIL_SPO" : "DETAIL_SPO",
    "ETC_MATTER" : "ETC_MATTER",
    "MNTN_NM" : "MNTN_NM",
    "PAST_SPOT_" : "PAST_SPOT_",
    "MNTN_ID" : "MNTN_ID"
  },
  "geometryType" : "esriGeometryPoint",
  "spatialReference" : {
    "wkt" : "PROJCS[\"PCS_ITRF2000_TM\",GEOGCS[\"GCS_ITRF_2000\",DATUM[\"D_ITRF_2000\",SPHEROID[\"GRS_1980\",6378137.0,298.257222101]],PRIMEM[\"Greenwich\",0.0],UNIT[\"Degree\",0.0174532925199433]],PROJECTION[\"Transverse_Mercator\"],PARAMETER[\"False_Easting\",200000.0],PARAMETER[\"False_Northing\",600000.0],PARAMETER[\"Central_Meridian\",127.0],PARAMETER[\"Scale_Factor\",1.0],PARAMETER[\"Latitude_Of_Origin\",38.0],UNIT[\"Meter\",1.0]]"
  },
  "fields" : [
    {
      "name" : "FID",
      "type" : "esriFieldTypeOID",
      "alias" : "FID"
    },
    {
      "name" : "PMNTN_SPOT",
      "type" : "esriFieldTypeDouble",
      "alias" : "PMNTN_SPOT"
    },
    {
      "name" : "MNTN_CODE",
      "type" : "esriFieldTypeString",
      "alias" : "MNTN_CODE",
      "length" : 9
    },
    {
      "name" : "MANAGE_SP1",
      "type" : "esriFieldTypeString",
      "alias" : "MANAGE_SP1",
      "length" : 2
    },
    {
      "name" : "MANAGE_SP2",
      "type" : "esriFieldTypeString",
      "alias" : "MANAGE_SP2",
      "length" : 50
    },
    {
      "name" : "DETAIL_SPO",
      "type" : "esriFieldTypeString",
      "alias" : "DETAIL_SPO",
      "length" : 200
    },
    {
      "name" : "ETC_MATTER",
      "type" : "esriFieldTypeString",
      "alias" : "ETC_MATTER",
      "length" : 200
    },
    {
      "name" : "MNTN_NM",
      "type" : "esriFieldTypeString",
      "alias" : "MNTN_NM",
      "length" : 50
    },
    {
      "name" : "PAST_SPOT_",
      "type" : "esriFieldTypeString",
      "alias" : "PAST_SPOT_",
      "length" : 14
    },
    {
      "name" : "MNTN_ID",
      "type" : "esriFieldTypeString",
      "alias" : "MNTN_ID",
      "length" : 10
    }
  ],
  "features" : [
    {
      "attributes" : {
        "FID" : 0,
        "PMNTN_SPOT" : 55191,
        "MNTN_CODE" : "448101401",
        "MANAGE_SP1" : "05",
        "MANAGE_SP2" : "벤치",
        "DETAIL_SPO" : "벤치 3개",
        "ETC_MATTER" : " ",
        "MNTN_NM" : "수암산",
        "PAST_SPOT_" : "24120714000001",
        "MNTN_ID" : "2412071400"
      },
      "geometry" : {
        "x" : 170582.96350000147,
        "y" : 454063.4860999994
      }
    },
    {
      "attributes" : {
        "FID" : 1,
        "PMNTN_SPOT" : 55192,
        "MNTN_CODE" : "448101401",
        "MANAGE_SP1" : "99",
        "MANAGE_SP2" : "기타",
        "DETAIL_SPO" : "평상 2개",
        "ETC_MATTER" : " ",
        "MNTN_NM" : "수암산",
        "PAST_SPOT_" : "24120714000002",
        "MNTN_ID" : "2412071400"
      },
      "geometry" : {
        "x" : 170192.9765000008,
        "y" : 453972.77470000461
      }
    },
    {
      "attributes" : {
        "FID" : 2,
        "PMNTN_SPOT" : 55193,
        "MNTN_CODE" : "448101401",
        "MANAGE_SP1" : "99",
        "MANAGE_SP2" : "기타",
        "DETAIL_SPO" : "평상 3개",
        "ETC_MATTER" : " ",
        "MNTN_NM" : "수암산",
        "PAST_SPOT_" : "24120714000003",
        "MNTN_ID" : "2412071400"
      },
      "geometry" : {
        "x" : 170140.84530000109,
        "y" : 453854.04790000059
      }
    },
    {
      "attributes" : {
        "FID" : 3,
        "PMNTN_SPOT" : 55194,
        "MNTN_CODE" : "448101401",
        "MANAGE_SP1" : "99",
        "MANAGE_SP2" : "기타",
        "DETAIL_SPO" : "기타",
        "ETC_MATTER" : " ",
        "MNTN_NM" : "수암산",
        "PAST_SPOT_" : "24120714000004",
        "MNTN_ID" : "2412071400"
      },
      "geometry" : {
        "x" : 170137.70180000085,
        "y" : 453852.27219999954
      }
    },
    {
      "attributes" : {
        "FID" : 4,
        "PMNTN_SPOT" : 55195,
        "MNTN_CODE" : "448101401",
        "MANAGE_SP1" : "05",
        "MANAGE_SP2" : "벤치",
        "DETAIL_SPO" : "벤치 2개",
        "ETC_MATTER" : " ",
        "MNTN_NM" : "수암산",
        "PAST_SPOT_" : "24120714000005",
        "MNTN_ID" : "2412071400"
      },
      "geometry" : {
        "x" : 170101.29150000215,
        "y" : 453804.95810000226
      }
    },
    {
      "attributes" : {
        "FID" : 5,
        "PMNTN_SPOT" : 55196,
        "MNTN_CODE" : "448101401",
        "MANAGE_SP1" : "99",
        "MANAGE_SP2" : "기타",
        "DETAIL_SPO" : "기타",
        "ETC_MATTER" : " ",
        "MNTN_NM" : "수암산",
        "PAST_SPOT_" : "24120714000006",
        "MNTN_ID" : "2412071400"
      },
      "geometry" : {
        "x" : 170095.52109999955,
        "y" : 453798.35319999978
      }
    },
    {
      "attributes" : {
        "FID" : 6,
        "PMNTN_SPOT" : 55197,
        "MNTN_CODE" : "448101401",
        "MANAGE_SP1" : "99",
        "MANAGE_SP2" : "기타",
        "DETAIL_SPO" : "기타",
        "ETC_MATTER" : " ",
        "MNTN_NM" : "수암산",
        "PAST_SPOT_" : "24120714000007",
        "MNTN_ID" : "2412071400"
      },
      "geometry" : {
        "x" : 170094.10320000257,
        "y" : 453796.76009999961
      }
    },
    {
      "attributes" : {
        "FID" : 7,
        "PMNTN_SPOT" : 55198,
        "MNTN_CODE" : "448101401",
        "MANAGE_SP1" : "99",
        "MANAGE_SP2" : "기타",
        "DETAIL_SPO" : "기타",
        "ETC_MATTER" : " ",
        "MNTN_NM" : "수암산",
        "PAST_SPOT_" : "24120714000008",
        "MNTN_ID" : "2412071400"
      },
      "geometry" : {
        "x" : 170143.08050000016,
        "y" : 453680.4541000016
      }
    },
    {
      "attributes" : {
        "FID" : 8,
        "PMNTN_SPOT" : 55199,
        "MNTN_CODE" : "448101401",
        "MANAGE_SP1" : "99",
        "MANAGE_SP2" : "기타",
        "DETAIL_SPO" : "평상 1개",
        "ETC_MATTER" : " ",
        "MNTN_NM" : "수암산",
        "PAST_SPOT_" : "24120714000009",
        "MNTN_ID" : "2412071400"
      },
      "geometry" : {
        "x" : 170146.16250000149,
        "y" : 453674.85020000115
      }
    },
    {
      "attributes" : {
        "FID" : 9,
        "PMNTN_SPOT" : 55200,
        "MNTN_CODE" : "448101401",
        "MANAGE_SP1" : "05",
        "MANAGE_SP2" : "벤치",
        "DETAIL_SPO" : "벤치 4개",
        "ETC_MATTER" : " ",
        "MNTN_NM" : "수암산",
        "PAST_SPOT_" : "24120714000010",
        "MNTN_ID" : "2412071400"
      },
      "geometry" : {
        "x" : 170153.74400000274,
        "y" : 453675.32310000435
      }
    },
    {
      "attributes" : {
        "FID" : 10,
        "PMNTN_SPOT" : 55201,
        "MNTN_CODE" : "448101401",
        "MANAGE_SP1" : "07",
        "MANAGE_SP2" : "시설물(운동기구 등)",
        "DETAIL_SPO" : "야외헬스형생활체육시설 2개",
        "ETC_MATTER" : " ",
        "MNTN_NM" : "수암산",
        "PAST_SPOT_" : "24120714000011",
        "MNTN_ID" : "2412071400"
      },
      "geometry" : {
        "x" : 170142.7416999992,
        "y" : 453667.91520000063
      }
    },
    {
      "attributes" : {
        "FID" : 11,
        "PMNTN_SPOT" : 55202,
        "MNTN_CODE" : "448101401",
        "MANAGE_SP1" : "99",
        "MANAGE_SP2" : "기타",
        "DETAIL_SPO" : "평상 1개",
        "ETC_MATTER" : " ",
        "MNTN_NM" : "수암산",
        "PAST_SPOT_" : "24120714000012",
        "MNTN_ID" : "2412071400"
      },
      "geometry" : {
        "x" : 170146.27780000214,
        "y" : 453659.25790000148
      }
    },
    {
      "attributes" : {
        "FID" : 12,
        "PMNTN_SPOT" : 55203,
        "MNTN_CODE" : "448101401",
        "MANAGE_SP1" : "99",
        "MANAGE_SP2" : "기타",
        "DETAIL_SPO" : "평상 1개",
        "ETC_MATTER" : " ",
        "MNTN_NM" : "수암산",
        "PAST_SPOT_" : "24120714000013",
        "MNTN_ID" : "2412071400"
      },
      "geometry" : {
        "x" : 170141.09210000001,
        "y" : 453651.18600000255
      }
    },
    {
      "attributes" : {
        "FID" : 13,
        "PMNTN_SPOT" : 55204,
        "MNTN_CODE" : "448101401",
        "MANAGE_SP1" : "99",
        "MANAGE_SP2" : "기타",
        "DETAIL_SPO" : "기타",
        "ETC_MATTER" : " ",
        "MNTN_NM" : "수암산",
        "PAST_SPOT_" : "24120714000014",
        "MNTN_ID" : "2412071400"
      },
      "geometry" : {
        "x" : 170115.39680000208,
        "y" : 453549.81210000068
      }
    },
    {
      "attributes" : {
        "FID" : 14,
        "PMNTN_SPOT" : 55205,
        "MNTN_CODE" : "448101401",
        "MANAGE_SP1" : "99",
        "MANAGE_SP2" : "기타",
        "DETAIL_SPO" : "기타",
        "ETC_MATTER" : " ",
        "MNTN_NM" : "수암산",
        "PAST_SPOT_" : "24120714000015",
        "MNTN_ID" : "2412071400"
      },
      "geometry" : {
        "x" : 170113.55890000239,
        "y" : 453545.7014000006
      }
    },
    {
      "attributes" : {
        "FID" : 15,
        "PMNTN_SPOT" : 55206,
        "MNTN_CODE" : "448101401",
        "MANAGE_SP1" : "99",
        "MANAGE_SP2" : "기타",
        "DETAIL_SPO" : "오서산, 삽교와 예산군 방향 전경",
        "ETC_MATTER" : " ",
        "MNTN_NM" : "수암산",
        "PAST_SPOT_" : "24120714000016",
        "MNTN_ID" : "2412071400"
      },
      "geometry" : {
        "x" : 170123.90840000287,
        "y" : 453466.14100000449
      }
    },
    {
      "attributes" : {
        "FID" : 16,
        "PMNTN_SPOT" : 55207,
        "MNTN_CODE" : "448101401",
        "MANAGE_SP1" : "05",
        "MANAGE_SP2" : "벤치",
        "DETAIL_SPO" : "벤치 4개,파고라1개",
        "ETC_MATTER" : " ",
        "MNTN_NM" : "수암산",
        "PAST_SPOT_" : "24120714000017",
        "MNTN_ID" : "2412071400"
      },
      "geometry" : {
        "x" : 170068.66349999979,
        "y" : 453424.1643000003
      }
    },
    {
      "attributes" : {
        "FID" : 17,
        "PMNTN_SPOT" : 55208,
        "MNTN_CODE" : "448101401",
        "MANAGE_SP1" : "99",
        "MANAGE_SP2" : "기타",
        "DETAIL_SPO" : "기타",
        "ETC_MATTER" : " ",
        "MNTN_NM" : "수암산",
        "PAST_SPOT_" : "24120714000018",
        "MNTN_ID" : "2412071400"
      },
      "geometry" : {
        "x" : 170066.29510000162,
        "y" : 453421.69790000282
      }
    },
    {
      "attributes" : {
        "FID" : 18,
        "PMNTN_SPOT" : 55209,
        "MNTN_CODE" : "448101401",
        "MANAGE_SP1" : "99",
        "MANAGE_SP2" : "기타",
        "DETAIL_SPO" : "덕숭산, 가야산 전경",
        "ETC_MATTER" : " ",
        "MNTN_NM" : "수암산",
        "PAST_SPOT_" : "24120714000019",
        "MNTN_ID" : "2412071400"
      },
      "geometry" : {
        "x" : 170064.24939999916,
        "y" : 453424.60150000453
      }
    },
    {
      "attributes" : {
        "FID" : 19,
        "PMNTN_SPOT" : 55210,
        "MNTN_CODE" : "448101401",
        "MANAGE_SP1" : "05",
        "MANAGE_SP2" : "벤치",
        "DETAIL_SPO" : "벤치 2개",
        "ETC_MATTER" : " ",
        "MNTN_NM" : "수암산",
        "PAST_SPOT_" : "24120714000020",
        "MNTN_ID" : "2412071400"
      },
      "geometry" : {
        "x" : 170076.09789999947,
        "y" : 453385.16410000063
      }
    },
    {
      "attributes" : {
        "FID" : 20,
        "PMNTN_SPOT" : 55211,
        "MNTN_CODE" : "448101401",
        "MANAGE_SP1" : "99",
        "MANAGE_SP2" : "기타",
        "DETAIL_SPO" : "기타",
        "ETC_MATTER" : " ",
        "MNTN_NM" : "수암산",
        "PAST_SPOT_" : "24120714000021",
        "MNTN_ID" : "2412071400"
      },
      "geometry" : {
        "x" : 170031.92410000134,
        "y" : 453245.49140000157
      }
    },
    {
      "attributes" : {
        "FID" : 21,
        "PMNTN_SPOT" : 55212,
        "MNTN_CODE" : "448101401",
        "MANAGE_SP1" : "05",
        "MANAGE_SP2" : "벤치",
        "DETAIL_SPO" : "벤치 1개",
        "ETC_MATTER" : " ",
        "MNTN_NM" : "수암산",
        "PAST_SPOT_" : "24120714000022",
        "MNTN_ID" : "2412071400"
      },
      "geometry" : {
        "x" : 170031.85350000113,
        "y" : 453243.18339999951
      }
    },
    {
      "attributes" : {
        "FID" : 22,
        "PMNTN_SPOT" : 55213,
        "MNTN_CODE" : "448101401",
        "MANAGE_SP1" : "05",
        "MANAGE_SP2" : "벤치",
        "DETAIL_SPO" : "벤치 1개",
        "ETC_MATTER" : " ",
        "MNTN_NM" : "수암산",
        "PAST_SPOT_" : "24120714000023",
        "MNTN_ID" : "2412071400"
      },
      "geometry" : {
        "x" : 170003.84560000058,
        "y" : 453229.78730000183
      }
    },
    {
      "attributes" : {
        "FID" : 23,
        "PMNTN_SPOT" : 55214,
        "MNTN_CODE" : "448101401",
        "MANAGE_SP1" : "05",
        "MANAGE_SP2" : "벤치",
        "DETAIL_SPO" : "벤치 2개",
        "ETC_MATTER" : " ",
        "MNTN_NM" : "수암산",
        "PAST_SPOT_" : "24120714000024",
        "MNTN_ID" : "2412071400"
      },
      "geometry" : {
        "x" : 169840.01850000396,
        "y" : 452907.17410000227
      }
    },
    {
      "attributes" : {
        "FID" : 24,
        "PMNTN_SPOT" : 55215,
        "MNTN_CODE" : "448101401",
        "MANAGE_SP1" : "99",
        "MANAGE_SP2" : "기타",
        "DETAIL_SPO" : "기타",
        "ETC_MATTER" : " ",
        "MNTN_NM" : "수암산",
        "PAST_SPOT_" : "24120714000025",
        "MNTN_ID" : "2412071400"
      },
      "geometry" : {
        "x" : 169840.52440000046,
        "y" : 452908.68160000257
      }
    },
    {
      "attributes" : {
        "FID" : 25,
        "PMNTN_SPOT" : 55216,
        "MNTN_CODE" : "448101401",
        "MANAGE_SP1" : "05",
        "MANAGE_SP2" : "벤치",
        "DETAIL_SPO" : "벤치 2개",
        "ETC_MATTER" : " ",
        "MNTN_NM" : "수암산",
        "PAST_SPOT_" : "24120714000026",
        "MNTN_ID" : "2412071400"
      },
      "geometry" : {
        "x" : 169692.91659999918,
        "y" : 452751.56530000456
      }
    },
    {
      "attributes" : {
        "FID" : 26,
        "PMNTN_SPOT" : 55217,
        "MNTN_CODE" : "448101401",
        "MANAGE_SP1" : "99",
        "MANAGE_SP2" : "기타",
        "DETAIL_SPO" : "기타",
        "ETC_MATTER" : " ",
        "MNTN_NM" : "수암산",
        "PAST_SPOT_" : "24120714000027",
        "MNTN_ID" : "2412071400"
      },
      "geometry" : {
        "x" : 169692.73829999939,
        "y" : 452751.68800000101
      }
    },
    {
      "attributes" : {
        "FID" : 27,
        "PMNTN_SPOT" : 55218,
        "MNTN_CODE" : "448101401",
        "MANAGE_SP1" : "99",
        "MANAGE_SP2" : "기타",
        "DETAIL_SPO" : "글씨가 없음",
        "ETC_MATTER" : " ",
        "MNTN_NM" : "수암산",
        "PAST_SPOT_" : "24120714000028",
        "MNTN_ID" : "2412071400"
      },
      "geometry" : {
        "x" : 169655.5296000028,
        "y" : 452730.72390000336
      }
    },
    {
      "attributes" : {
        "FID" : 28,
        "PMNTN_SPOT" : 55219,
        "MNTN_CODE" : "448101401",
        "MANAGE_SP1" : "99",
        "MANAGE_SP2" : "기타",
        "DETAIL_SPO" : "기타",
        "ETC_MATTER" : " ",
        "MNTN_NM" : "수암산",
        "PAST_SPOT_" : "24120714000029",
        "MNTN_ID" : "2412071400"
      },
      "geometry" : {
        "x" : 169275.362900001,
        "y" : 452146.59439999983
      }
    },
    {
      "attributes" : {
        "FID" : 29,
        "PMNTN_SPOT" : 55220,
        "MNTN_CODE" : "448101401",
        "MANAGE_SP1" : "99",
        "MANAGE_SP2" : "기타",
        "DETAIL_SPO" : "기타",
        "ETC_MATTER" : " ",
        "MNTN_NM" : "수암산",
        "PAST_SPOT_" : "24120714000030",
        "MNTN_ID" : "2412071400"
      },
      "geometry" : {
        "x" : 169270.95610000193,
        "y" : 452146.77670000121
      }
    },
    {
      "attributes" : {
        "FID" : 30,
        "PMNTN_SPOT" : 55221,
        "MNTN_CODE" : "448101401",
        "MANAGE_SP1" : "99",
        "MANAGE_SP2" : "기타",
        "DETAIL_SPO" : "기타",
        "ETC_MATTER" : " ",
        "MNTN_NM" : "수암산",
        "PAST_SPOT_" : "24120714000031",
        "MNTN_ID" : "2412071400"
      },
      "geometry" : {
        "x" : 169269.64990000147,
        "y" : 452129.11430000328
      }
    },
    {
      "attributes" : {
        "FID" : 31,
        "PMNTN_SPOT" : 55222,
        "MNTN_CODE" : "448101401",
        "MANAGE_SP1" : "05",
        "MANAGE_SP2" : "벤치",
        "DETAIL_SPO" : "벤치 4개",
        "ETC_MATTER" : " ",
        "MNTN_NM" : "수암산",
        "PAST_SPOT_" : "24120714000032",
        "MNTN_ID" : "2412071400"
      },
      "geometry" : {
        "x" : 169283.14590000175,
        "y" : 451934.2061999999
      }
    },
    {
      "attributes" : {
        "FID" : 32,
        "PMNTN_SPOT" : 55223,
        "MNTN_CODE" : "448101401",
        "MANAGE_SP1" : "99",
        "MANAGE_SP2" : "기타",
        "DETAIL_SPO" : "기타",
        "ETC_MATTER" : " ",
        "MNTN_NM" : "수암산",
        "PAST_SPOT_" : "24120714000033",
        "MNTN_ID" : "2412071400"
      },
      "geometry" : {
        "x" : 169285.61740000267,
        "y" : 451937.82620000094
      }
    },
    {
      "attributes" : {
        "FID" : 33,
        "PMNTN_SPOT" : 55224,
        "MNTN_CODE" : "448101401",
        "MANAGE_SP1" : "99",
        "MANAGE_SP2" : "기타",
        "DETAIL_SPO" : "심하게 파손됨",
        "ETC_MATTER" : " ",
        "MNTN_NM" : "수암산",
        "PAST_SPOT_" : "24120714000034",
        "MNTN_ID" : "2412071400"
      },
      "geometry" : {
        "x" : 169219.59950000048,
        "y" : 451748.35360000283
      }
    },
    {
      "attributes" : {
        "FID" : 34,
        "PMNTN_SPOT" : 55225,
        "MNTN_CODE" : "448101401",
        "MANAGE_SP1" : "99",
        "MANAGE_SP2" : "기타",
        "DETAIL_SPO" : "기타",
        "ETC_MATTER" : " ",
        "MNTN_NM" : "수암산",
        "PAST_SPOT_" : "24120714000035",
        "MNTN_ID" : "2412071400"
      },
      "geometry" : {
        "x" : 169187.53750000056,
        "y" : 451663.62949999981
      }
    },
    {
      "attributes" : {
        "FID" : 35,
        "PMNTN_SPOT" : 55226,
        "MNTN_CODE" : "448101401",
        "MANAGE_SP1" : "99",
        "MANAGE_SP2" : "기타",
        "DETAIL_SPO" : "용봉산, 덕숭산, 가야산 일대 전경",
        "ETC_MATTER" : " ",
        "MNTN_NM" : "수암산",
        "PAST_SPOT_" : "24120714000036",
        "MNTN_ID" : "2412071400"
      },
      "geometry" : {
        "x" : 170093.92820000369,
        "y" : 453514.60860000364
      }
    },
    {
      "attributes" : {
        "FID" : 36,
        "PMNTN_SPOT" : 55227,
        "MNTN_CODE" : "448101401",
        "MANAGE_SP1" : "99",
        "MANAGE_SP2" : "기타",
        "DETAIL_SPO" : "삽교석조보살입상",
        "ETC_MATTER" : " ",
        "MNTN_NM" : "수암산",
        "PAST_SPOT_" : "24120714000037",
        "MNTN_ID" : "2412071400"
      },
      "geometry" : {
        "x" : 170462.44529999979,
        "y" : 453994.26590000279
      }
    },
    {
      "attributes" : {
        "FID" : 37,
        "PMNTN_SPOT" : 55228,
        "MNTN_CODE" : "448101401",
        "MANAGE_SP1" : "99",
        "MANAGE_SP2" : "기타",
        "DETAIL_SPO" : "기타",
        "ETC_MATTER" : " ",
        "MNTN_NM" : "수암산",
        "PAST_SPOT_" : "24120714000038",
        "MNTN_ID" : "2412071400"
      },
      "geometry" : {
        "x" : 170460.92800000217,
        "y" : 453997.48939999938
      }
    },
    {
      "attributes" : {
        "FID" : 38,
        "PMNTN_SPOT" : 55229,
        "MNTN_CODE" : "448101401",
        "MANAGE_SP1" : "99",
        "MANAGE_SP2" : "기타",
        "DETAIL_SPO" : "덕숭산 일대 전경",
        "ETC_MATTER" : " ",
        "MNTN_NM" : "수암산",
        "PAST_SPOT_" : "24120714000039",
        "MNTN_ID" : "2412071400"
      },
      "geometry" : {
        "x" : 169819.14330000151,
        "y" : 453981.2683000043
      }
    },
    {
      "attributes" : {
        "FID" : 39,
        "PMNTN_SPOT" : 55230,
        "MNTN_CODE" : "448101401",
        "MANAGE_SP1" : "05",
        "MANAGE_SP2" : "벤치",
        "DETAIL_SPO" : "벤치 2개",
        "ETC_MATTER" : " ",
        "MNTN_NM" : "수암산",
        "PAST_SPOT_" : "24120714000040",
        "MNTN_ID" : "2412071400"
      },
      "geometry" : {
        "x" : 169798.77870000061,
        "y" : 454000.46120000258
      }
    },
    {
      "attributes" : {
        "FID" : 40,
        "PMNTN_SPOT" : 55231,
        "MNTN_CODE" : "448101401",
        "MANAGE_SP1" : "99",
        "MANAGE_SP2" : "기타",
        "DETAIL_SPO" : "기타",
        "ETC_MATTER" : " ",
        "MNTN_NM" : "수암산",
        "PAST_SPOT_" : "24120714000041",
        "MNTN_ID" : "2412071400"
      },
      "geometry" : {
        "x" : 169143.91100000218,
        "y" : 450654.31180000119
      }
    },
    {
      "attributes" : {
        "FID" : 41,
        "PMNTN_SPOT" : 55232,
        "MNTN_CODE" : "448101401",
        "MANAGE_SP1" : "99",
        "MANAGE_SP2" : "기타",
        "DETAIL_SPO" : "기타",
        "ETC_MATTER" : " ",
        "MNTN_NM" : "수암산",
        "PAST_SPOT_" : "24120714000042",
        "MNTN_ID" : "2412071400"
      },
      "geometry" : {
        "x" : 169142.75139999948,
        "y" : 450660.02009999938
      }
    },
    {
      "attributes" : {
        "FID" : 42,
        "PMNTN_SPOT" : 55233,
        "MNTN_CODE" : "448101401",
        "MANAGE_SP1" : "99",
        "MANAGE_SP2" : "기타",
        "DETAIL_SPO" : "기타",
        "ETC_MATTER" : " ",
        "MNTN_NM" : "수암산",
        "PAST_SPOT_" : "24120714000043",
        "MNTN_ID" : "2412071400"
      },
      "geometry" : {
        "x" : 169150.21130000241,
        "y" : 450670.65770000033
      }
    },
    {
      "attributes" : {
        "FID" : 43,
        "PMNTN_SPOT" : 55234,
        "MNTN_CODE" : "448101401",
        "MANAGE_SP1" : "99",
        "MANAGE_SP2" : "기타",
        "DETAIL_SPO" : "덕숭산, 수덕사 일대 전경",
        "ETC_MATTER" : " ",
        "MNTN_NM" : "수암산",
        "PAST_SPOT_" : "24120714000044",
        "MNTN_ID" : "2412071400"
      },
      "geometry" : {
        "x" : 169120.04670000076,
        "y" : 451028.1583000049
      }
    },
    {
      "attributes" : {
        "FID" : 44,
        "PMNTN_SPOT" : 55235,
        "MNTN_CODE" : "448101401",
        "MANAGE_SP1" : "05",
        "MANAGE_SP2" : "벤치",
        "DETAIL_SPO" : "벤치 2개",
        "ETC_MATTER" : " ",
        "MNTN_NM" : "수암산",
        "PAST_SPOT_" : "24120714000045",
        "MNTN_ID" : "2412071400"
      },
      "geometry" : {
        "x" : 169065.93049999885,
        "y" : 451175.2060000021
      }
    },
    {
      "attributes" : {
        "FID" : 45,
        "PMNTN_SPOT" : 55236,
        "MNTN_CODE" : "448101401",
        "MANAGE_SP1" : "99",
        "MANAGE_SP2" : "기타",
        "DETAIL_SPO" : "기타",
        "ETC_MATTER" : " ",
        "MNTN_NM" : "수암산",
        "PAST_SPOT_" : "24120714000046",
        "MNTN_ID" : "2412071400"
      },
      "geometry" : {
        "x" : 169054.91760000307,
        "y" : 451365.99910000153
      }
    },
    {
      "attributes" : {
        "FID" : 46,
        "PMNTN_SPOT" : 55237,
        "MNTN_CODE" : "448101401",
        "MANAGE_SP1" : "05",
        "MANAGE_SP2" : "벤치",
        "DETAIL_SPO" : "벤치 4개",
        "ETC_MATTER" : " ",
        "MNTN_NM" : "수암산",
        "PAST_SPOT_" : "24120714000047",
        "MNTN_ID" : "2412071400"
      },
      "geometry" : {
        "x" : 169058.70720000006,
        "y" : 451377.97060000151
      }
    },
    {
      "attributes" : {
        "FID" : 47,
        "PMNTN_SPOT" : 55238,
        "MNTN_CODE" : "448101401",
        "MANAGE_SP1" : "05",
        "MANAGE_SP2" : "벤치",
        "DETAIL_SPO" : "벤치 4개",
        "ETC_MATTER" : " ",
        "MNTN_NM" : "수암산",
        "PAST_SPOT_" : "24120714000048",
        "MNTN_ID" : "2412071400"
      },
      "geometry" : {
        "x" : 169176.98340000119,
        "y" : 451627.73410000093
      }
    },
    {
      "attributes" : {
        "FID" : 48,
        "PMNTN_SPOT" : 55239,
        "MNTN_CODE" : "448101401",
        "MANAGE_SP1" : "99",
        "MANAGE_SP2" : "기타",
        "DETAIL_SPO" : "기타",
        "ETC_MATTER" : "K1=용봉산 조감도",
        "MNTN_NM" : "수암산",
        "PAST_SPOT_" : "24120714000049",
        "MNTN_ID" : "2412071400"
      },
      "geometry" : {
        "x" : 168716.20579999965,
        "y" : 448143.20340000466
      }
    },
    {
      "attributes" : {
        "FID" : 49,
        "PMNTN_SPOT" : 55240,
        "MNTN_CODE" : "448101401",
        "MANAGE_SP1" : "99",
        "MANAGE_SP2" : "기타",
        "DETAIL_SPO" : "기타",
        "ETC_MATTER" : " ",
        "MNTN_NM" : "수암산",
        "PAST_SPOT_" : "24120714000050",
        "MNTN_ID" : "2412071400"
      },
      "geometry" : {
        "x" : 168607.28870000131,
        "y" : 448731.45930000767
      }
    },
    {
      "attributes" : {
        "FID" : 50,
        "PMNTN_SPOT" : 55241,
        "MNTN_CODE" : "448101401",
        "MANAGE_SP1" : "99",
        "MANAGE_SP2" : "기타",
        "DETAIL_SPO" : "용도사,미륵불",
        "ETC_MATTER" : "M1=미륵불 ,I1=용도사",
        "MNTN_NM" : "수암산",
        "PAST_SPOT_" : "24120714000051",
        "MNTN_ID" : "2412071400"
      },
      "geometry" : {
        "x" : 168567.77689999994,
        "y" : 448738.28860000335
      }
    },
    {
      "attributes" : {
        "FID" : 51,
        "PMNTN_SPOT" : 55242,
        "MNTN_CODE" : "448101401",
        "MANAGE_SP1" : "99",
        "MANAGE_SP2" : "기타",
        "DETAIL_SPO" : "기타",
        "ETC_MATTER" : "사각원두막",
        "MNTN_NM" : "수암산",
        "PAST_SPOT_" : "24120714000052",
        "MNTN_ID" : "2412071400"
      },
      "geometry" : {
        "x" : 168526.92229999974,
        "y" : 448994.74010000378
      }
    },
    {
      "attributes" : {
        "FID" : 52,
        "PMNTN_SPOT" : 55243,
        "MNTN_CODE" : "448101401",
        "MANAGE_SP1" : "99",
        "MANAGE_SP2" : "기타",
        "DETAIL_SPO" : "기타",
        "ETC_MATTER" : "좌,우 1개씩",
        "MNTN_NM" : "수암산",
        "PAST_SPOT_" : "24120714000053",
        "MNTN_ID" : "2412071400"
      },
      "geometry" : {
        "x" : 168683.90330000035,
        "y" : 449575.07909999974
      }
    },
    {
      "attributes" : {
        "FID" : 53,
        "PMNTN_SPOT" : 55244,
        "MNTN_CODE" : "448101401",
        "MANAGE_SP1" : "99",
        "MANAGE_SP2" : "기타",
        "DETAIL_SPO" : "기타",
        "ETC_MATTER" : " ",
        "MNTN_NM" : "수암산",
        "PAST_SPOT_" : "24120714000054",
        "MNTN_ID" : "2412071400"
      },
      "geometry" : {
        "x" : 168688.77050000057,
        "y" : 449622.92080000229
      }
    },
    {
      "attributes" : {
        "FID" : 54,
        "PMNTN_SPOT" : 55245,
        "MNTN_CODE" : "448101401",
        "MANAGE_SP1" : "99",
        "MANAGE_SP2" : "기타",
        "DETAIL_SPO" : "기타",
        "ETC_MATTER" : "험로와 우회도로",
        "MNTN_NM" : "수암산",
        "PAST_SPOT_" : "24120714000055",
        "MNTN_ID" : "2412071400"
      },
      "geometry" : {
        "x" : 168748.62010000087,
        "y" : 450081.04419999942
      }
    },
    {
      "attributes" : {
        "FID" : 55,
        "PMNTN_SPOT" : 55246,
        "MNTN_CODE" : "448101401",
        "MANAGE_SP1" : "99",
        "MANAGE_SP2" : "기타",
        "DETAIL_SPO" : "기타",
        "ETC_MATTER" : "정자",
        "MNTN_NM" : "수암산",
        "PAST_SPOT_" : "24120714000056",
        "MNTN_ID" : "2412071400"
      },
      "geometry" : {
        "x" : 168865.92889999878,
        "y" : 450164.51830000244
      }
    },
    {
      "attributes" : {
        "FID" : 56,
        "PMNTN_SPOT" : 55247,
        "MNTN_CODE" : "448101401",
        "MANAGE_SP1" : "99",
        "MANAGE_SP2" : "기타",
        "DETAIL_SPO" : "기타",
        "ETC_MATTER" : "평상1개, 벤치2개",
        "MNTN_NM" : "수암산",
        "PAST_SPOT_" : "24120714000057",
        "MNTN_ID" : "2412071400"
      },
      "geometry" : {
        "x" : 168906.01279999968,
        "y" : 450280.26610000059
      }
    },
    {
      "attributes" : {
        "FID" : 57,
        "PMNTN_SPOT" : 55248,
        "MNTN_CODE" : "448101401",
        "MANAGE_SP1" : "99",
        "MANAGE_SP2" : "기타",
        "DETAIL_SPO" : "기타",
        "ETC_MATTER" : "평상2개, 벤치6개",
        "MNTN_NM" : "수암산",
        "PAST_SPOT_" : "24120714000058",
        "MNTN_ID" : "2412071400"
      },
      "geometry" : {
        "x" : 168933.99039999954,
        "y" : 450293.0634000022
      }
    },
    {
      "attributes" : {
        "FID" : 58,
        "PMNTN_SPOT" : 55249,
        "MNTN_CODE" : "448101401",
        "MANAGE_SP1" : "99",
        "MANAGE_SP2" : "기타",
        "DETAIL_SPO" : "기타",
        "ETC_MATTER" : " ",
        "MNTN_NM" : "수암산",
        "PAST_SPOT_" : "24120714000059",
        "MNTN_ID" : "2412071400"
      },
      "geometry" : {
        "x" : 168964.43160000071,
        "y" : 450331.69060000032
      }
    },
    {
      "attributes" : {
        "FID" : 59,
        "PMNTN_SPOT" : 55250,
        "MNTN_CODE" : "448101401",
        "MANAGE_SP1" : "99",
        "MANAGE_SP2" : "기타",
        "DETAIL_SPO" : "기타",
        "ETC_MATTER" : "병풍바위55, 좌우벤치5개",
        "MNTN_NM" : "수암산",
        "PAST_SPOT_" : "24120714000060",
        "MNTN_ID" : "2412071400"
      },
      "geometry" : {
        "x" : 169001.03560000099,
        "y" : 450378.67380000465
      }
    },
    {
      "attributes" : {
        "FID" : 60,
        "PMNTN_SPOT" : 55251,
        "MNTN_CODE" : "448101401",
        "MANAGE_SP1" : "99",
        "MANAGE_SP2" : "기타",
        "DETAIL_SPO" : "전망대",
        "ETC_MATTER" : "전망대",
        "MNTN_NM" : "수암산",
        "PAST_SPOT_" : "24120714000061",
        "MNTN_ID" : "2412071400"
      },
      "geometry" : {
        "x" : 169148.91500000097,
        "y" : 450676.7808000017
      }
    },
    {
      "attributes" : {
        "FID" : 61,
        "PMNTN_SPOT" : 55252,
        "MNTN_CODE" : "448101401",
        "MANAGE_SP1" : "99",
        "MANAGE_SP2" : "기타",
        "DETAIL_SPO" : "기타",
        "ETC_MATTER" : "평상2개,벤치2개",
        "MNTN_NM" : "수암산",
        "PAST_SPOT_" : "24120714000062",
        "MNTN_ID" : "2412071400"
      },
      "geometry" : {
        "x" : 169337.14790000208,
        "y" : 450326.22430000082
      }
    },
    {
      "attributes" : {
        "FID" : 62,
        "PMNTN_SPOT" : 55253,
        "MNTN_CODE" : "448101401",
        "MANAGE_SP1" : "99",
        "MANAGE_SP2" : "기타",
        "DETAIL_SPO" : "기타",
        "ETC_MATTER" : "험로와 우회도로",
        "MNTN_NM" : "수암산",
        "PAST_SPOT_" : "24120714000063",
        "MNTN_ID" : "2412071400"
      },
      "geometry" : {
        "x" : 168728.17280000262,
        "y" : 450043.03220000118
      }
    },
    {
      "attributes" : {
        "FID" : 63,
        "PMNTN_SPOT" : 55254,
        "MNTN_CODE" : "448101401",
        "MANAGE_SP1" : "99",
        "MANAGE_SP2" : "기타",
        "DETAIL_SPO" : "기타",
        "ETC_MATTER" : "벤치4",
        "MNTN_NM" : "수암산",
        "PAST_SPOT_" : "24120714000064",
        "MNTN_ID" : "2412071400"
      },
      "geometry" : {
        "x" : 168883.53809999954,
        "y" : 450205.46429999918
      }
    },
    {
      "attributes" : {
        "FID" : 64,
        "PMNTN_SPOT" : 55255,
        "MNTN_CODE" : "448101401",
        "MANAGE_SP1" : "99",
        "MANAGE_SP2" : "기타",
        "DETAIL_SPO" : "기타",
        "ETC_MATTER" : "구조요청 안내판",
        "MNTN_NM" : "수암산",
        "PAST_SPOT_" : "24120714000065",
        "MNTN_ID" : "2412071400"
      },
      "geometry" : {
        "x" : 169256.62690000236,
        "y" : 449577.6967999991
      }
    },
    {
      "attributes" : {
        "FID" : 65,
        "PMNTN_SPOT" : 55256,
        "MNTN_CODE" : "448101401",
        "MANAGE_SP1" : "99",
        "MANAGE_SP2" : "기타",
        "DETAIL_SPO" : "기타",
        "ETC_MATTER" : "험로와우회로",
        "MNTN_NM" : "수암산",
        "PAST_SPOT_" : "24120714000066",
        "MNTN_ID" : "2412071400"
      },
      "geometry" : {
        "x" : 168926.8068000013,
        "y" : 449417.37800000422
      }
    },
    {
      "attributes" : {
        "FID" : 66,
        "PMNTN_SPOT" : 55257,
        "MNTN_CODE" : "448101401",
        "MANAGE_SP1" : "99",
        "MANAGE_SP2" : "기타",
        "DETAIL_SPO" : "기타",
        "ETC_MATTER" : " ",
        "MNTN_NM" : "수암산",
        "PAST_SPOT_" : "24120714000067",
        "MNTN_ID" : "2412071400"
      },
      "geometry" : {
        "x" : 169163.83349999972,
        "y" : 450242.62829999998
      }
    },
    {
      "attributes" : {
        "FID" : 67,
        "PMNTN_SPOT" : 55258,
        "MNTN_CODE" : "448101401",
        "MANAGE_SP1" : "99",
        "MANAGE_SP2" : "기타",
        "DETAIL_SPO" : "용봉사",
        "ETC_MATTER" : " ",
        "MNTN_NM" : "수암산",
        "PAST_SPOT_" : "24120714000068",
        "MNTN_ID" : "2412071400"
      },
      "geometry" : {
        "x" : 169207.73610000312,
        "y" : 450241.89599999972
      }
    },
    {
      "attributes" : {
        "FID" : 68,
        "PMNTN_SPOT" : 55259,
        "MNTN_CODE" : "448101401",
        "MANAGE_SP1" : "99",
        "MANAGE_SP2" : "기타",
        "DETAIL_SPO" : "마애불입상",
        "ETC_MATTER" : " ",
        "MNTN_NM" : "수암산",
        "PAST_SPOT_" : "24120714000069",
        "MNTN_ID" : "2412071400"
      },
      "geometry" : {
        "x" : 169222.44359999988,
        "y" : 450136.20500000194
      }
    },
    {
      "attributes" : {
        "FID" : 69,
        "PMNTN_SPOT" : 55260,
        "MNTN_CODE" : "448101401",
        "MANAGE_SP1" : "99",
        "MANAGE_SP2" : "기타",
        "DETAIL_SPO" : "기타",
        "ETC_MATTER" : " ",
        "MNTN_NM" : "수암산",
        "PAST_SPOT_" : "24120714000070",
        "MNTN_ID" : "2412071400"
      },
      "geometry" : {
        "x" : 169239.3470999999,
        "y" : 450034.66400000267
      }
    },
    {
      "attributes" : {
        "FID" : 70,
        "PMNTN_SPOT" : 55261,
        "MNTN_CODE" : "448101401",
        "MANAGE_SP1" : "99",
        "MANAGE_SP2" : "기타",
        "DETAIL_SPO" : "기타",
        "ETC_MATTER" : " ",
        "MNTN_NM" : "수암산",
        "PAST_SPOT_" : "24120714000071",
        "MNTN_ID" : "2412071400"
      },
      "geometry" : {
        "x" : 169230.31689999998,
        "y" : 450052.20069999993
      }
    },
    {
      "attributes" : {
        "FID" : 71,
        "PMNTN_SPOT" : 55262,
        "MNTN_CODE" : "448101401",
        "MANAGE_SP1" : "99",
        "MANAGE_SP2" : "기타",
        "DETAIL_SPO" : "기타",
        "ETC_MATTER" : " ",
        "MNTN_NM" : "수암산",
        "PAST_SPOT_" : "24120714000072",
        "MNTN_ID" : "2412071400"
      },
      "geometry" : {
        "x" : 169194.34900000133,
        "y" : 450060.9971000012
      }
    },
    {
      "attributes" : {
        "FID" : 72,
        "PMNTN_SPOT" : 55263,
        "MNTN_CODE" : "448101401",
        "MANAGE_SP1" : "99",
        "MANAGE_SP2" : "기타",
        "DETAIL_SPO" : "기타",
        "ETC_MATTER" : "R1=취사장",
        "MNTN_NM" : "수암산",
        "PAST_SPOT_" : "24120714000073",
        "MNTN_ID" : "2412071400"
      },
      "geometry" : {
        "x" : 169201.93610000238,
        "y" : 449592.74180000275
      }
    },
    {
      "attributes" : {
        "FID" : 73,
        "PMNTN_SPOT" : 55264,
        "MNTN_CODE" : "448101401",
        "MANAGE_SP1" : "99",
        "MANAGE_SP2" : "기타",
        "DETAIL_SPO" : "용봉산산림휴양타운",
        "ETC_MATTER" : " ",
        "MNTN_NM" : "수암산",
        "PAST_SPOT_" : "24120714000074",
        "MNTN_ID" : "2412071400"
      },
      "geometry" : {
        "x" : 169370.58230000176,
        "y" : 449626.97910000011
      }
    },
    {
      "attributes" : {
        "FID" : 74,
        "PMNTN_SPOT" : 55265,
        "MNTN_CODE" : "448101401",
        "MANAGE_SP1" : "99",
        "MANAGE_SP2" : "기타",
        "DETAIL_SPO" : "기타",
        "ETC_MATTER" : "추락주의",
        "MNTN_NM" : "수암산",
        "PAST_SPOT_" : "24120714000075",
        "MNTN_ID" : "2412071400"
      },
      "geometry" : {
        "x" : 169131.78200000152,
        "y" : 449504.7004000023
      }
    },
    {
      "attributes" : {
        "FID" : 75,
        "PMNTN_SPOT" : 55266,
        "MNTN_CODE" : "448101401",
        "MANAGE_SP1" : "99",
        "MANAGE_SP2" : "기타",
        "DETAIL_SPO" : "최영장군,활터",
        "ETC_MATTER" : "E1=정자,M1=최영장군활터,활터14",
        "MNTN_NM" : "수암산",
        "PAST_SPOT_" : "24120714000076",
        "MNTN_ID" : "2412071400"
      },
      "geometry" : {
        "x" : 168879.12790000159,
        "y" : 449436.56710000522
      }
    },
    {
      "attributes" : {
        "FID" : 76,
        "PMNTN_SPOT" : 55267,
        "MNTN_CODE" : "448101401",
        "MANAGE_SP1" : "99",
        "MANAGE_SP2" : "기타",
        "DETAIL_SPO" : "기타",
        "ETC_MATTER" : "R1=용봉사31,R2=돌계단",
        "MNTN_NM" : "수암산",
        "PAST_SPOT_" : "24120714000077",
        "MNTN_ID" : "2412071400"
      },
      "geometry" : {
        "x" : 169037.47210000083,
        "y" : 450264.00320000015
      }
    },
    {
      "attributes" : {
        "FID" : 77,
        "PMNTN_SPOT" : 55268,
        "MNTN_CODE" : "448101401",
        "MANAGE_SP1" : "99",
        "MANAGE_SP2" : "기타",
        "DETAIL_SPO" : "기타",
        "ETC_MATTER" : " ",
        "MNTN_NM" : "수암산",
        "PAST_SPOT_" : "24120714000078",
        "MNTN_ID" : "2412071400"
      },
      "geometry" : {
        "x" : 169241.34420000296,
        "y" : 450219.09860000201
      }
    },
    {
      "attributes" : {
        "FID" : 78,
        "PMNTN_SPOT" : 55269,
        "MNTN_CODE" : "448101401",
        "MANAGE_SP1" : "99",
        "MANAGE_SP2" : "기타",
        "DETAIL_SPO" : "기타",
        "ETC_MATTER" : " ",
        "MNTN_NM" : "수암산",
        "PAST_SPOT_" : "24120714000079",
        "MNTN_ID" : "2412071400"
      },
      "geometry" : {
        "x" : 169272.98630000185,
        "y" : 450397.24679999799
      }
    },
    {
      "attributes" : {
        "FID" : 79,
        "PMNTN_SPOT" : 55270,
        "MNTN_CODE" : "448101401",
        "MANAGE_SP1" : "99",
        "MANAGE_SP2" : "기타",
        "DETAIL_SPO" : "기타",
        "ETC_MATTER" : "대피소",
        "MNTN_NM" : "수암산",
        "PAST_SPOT_" : "24120714000080",
        "MNTN_ID" : "2412071400"
      },
      "geometry" : {
        "x" : 168757.40089999977,
        "y" : 450084.16929999925
      }
    },
    {
      "attributes" : {
        "FID" : 80,
        "PMNTN_SPOT" : 55271,
        "MNTN_CODE" : "448101401",
        "MANAGE_SP1" : "99",
        "MANAGE_SP2" : "기타",
        "DETAIL_SPO" : "용봉사부도",
        "ETC_MATTER" : " ",
        "MNTN_NM" : "수암산",
        "PAST_SPOT_" : "24120714000081",
        "MNTN_ID" : "2412071400"
      },
      "geometry" : {
        "x" : 169204.07570000086,
        "y" : 450206.87920000404
      }
    },
    {
      "attributes" : {
        "FID" : 81,
        "PMNTN_SPOT" : 55272,
        "MNTN_CODE" : "448101401",
        "MANAGE_SP1" : "99",
        "MANAGE_SP2" : "기타",
        "DETAIL_SPO" : "취사장",
        "ETC_MATTER" : " ",
        "MNTN_NM" : "수암산",
        "PAST_SPOT_" : "24120714000082",
        "MNTN_ID" : "2412071400"
      },
      "geometry" : {
        "x" : 169220.23300000187,
        "y" : 450051.49260000139
      }
    },
    {
      "attributes" : {
        "FID" : 82,
        "PMNTN_SPOT" : 55273,
        "MNTN_CODE" : "448101401",
        "MANAGE_SP1" : "99",
        "MANAGE_SP2" : "기타",
        "DETAIL_SPO" : "기타",
        "ETC_MATTER" : " ",
        "MNTN_NM" : "수암산",
        "PAST_SPOT_" : "24120714000083",
        "MNTN_ID" : "2412071400"
      },
      "geometry" : {
        "x" : 169310.39770000055,
        "y" : 449763.28520000167
      }
    },
    {
      "attributes" : {
        "FID" : 83,
        "PMNTN_SPOT" : 55274,
        "MNTN_CODE" : "448101401",
        "MANAGE_SP1" : "99",
        "MANAGE_SP2" : "기타",
        "DETAIL_SPO" : "청소년수련원",
        "ETC_MATTER" : " ",
        "MNTN_NM" : "수암산",
        "PAST_SPOT_" : "24120714000084",
        "MNTN_ID" : "2412071400"
      },
      "geometry" : {
        "x" : 169428.14709999971,
        "y" : 449482.84110000171
      }
    },
    {
      "attributes" : {
        "FID" : 84,
        "PMNTN_SPOT" : 55275,
        "MNTN_CODE" : "448101401",
        "MANAGE_SP1" : "99",
        "MANAGE_SP2" : "기타",
        "DETAIL_SPO" : "산막",
        "ETC_MATTER" : "사용안함",
        "MNTN_NM" : "수암산",
        "PAST_SPOT_" : "24120714000085",
        "MNTN_ID" : "2412071400"
      },
      "geometry" : {
        "x" : 169226.39250000101,
        "y" : 449621.41599999927
      }
    },
    {
      "attributes" : {
        "FID" : 85,
        "PMNTN_SPOT" : 55276,
        "MNTN_CODE" : "448101401",
        "MANAGE_SP1" : "01",
        "MANAGE_SP2" : "시종점",
        "DETAIL_SPO" : "시종점,농로길",
        "ETC_MATTER" : " ",
        "MNTN_NM" : "수암산",
        "PAST_SPOT_" : "24120714000086",
        "MNTN_ID" : "2412071400"
      },
      "geometry" : {
        "x" : 168469.04289999977,
        "y" : 451727.23110000044
      }
    },
    {
      "attributes" : {
        "FID" : 86,
        "PMNTN_SPOT" : 55277,
        "MNTN_CODE" : "448101401",
        "MANAGE_SP1" : "99",
        "MANAGE_SP2" : "기타",
        "DETAIL_SPO" : "투석봉",
        "ETC_MATTER" : " ",
        "MNTN_NM" : "수암산",
        "PAST_SPOT_" : "24120714000087",
        "MNTN_ID" : "2412071400"
      },
      "geometry" : {
        "x" : 168561.45830000192,
        "y" : 449301.97230000049
      }
    },
    {
      "attributes" : {
        "FID" : 87,
        "PMNTN_SPOT" : 55278,
        "MNTN_CODE" : "448101401",
        "MANAGE_SP1" : "02",
        "MANAGE_SP2" : "분기점",
        "DETAIL_SPO" : "분기점",
        "ETC_MATTER" : "돌탑",
        "MNTN_NM" : "수암산",
        "PAST_SPOT_" : "24120714000088",
        "MNTN_ID" : "2412071400"
      },
      "geometry" : {
        "x" : 168590.13740000129,
        "y" : 449247.15920000151
      }
    },
    {
      "attributes" : {
        "FID" : 88,
        "PMNTN_SPOT" : 55279,
        "MNTN_CODE" : "448101401",
        "MANAGE_SP1" : "99",
        "MANAGE_SP2" : "기타",
        "DETAIL_SPO" : "최고봉",
        "ETC_MATTER" : "정상비석",
        "MNTN_NM" : "수암산",
        "PAST_SPOT_" : "24120714000089",
        "MNTN_ID" : "2412071400"
      },
      "geometry" : {
        "x" : 168637.18070000131,
        "y" : 449529.7824000027
      }
    },
    {
      "attributes" : {
        "FID" : 89,
        "PMNTN_SPOT" : 55280,
        "MNTN_CODE" : "448101401",
        "MANAGE_SP1" : "02",
        "MANAGE_SP2" : "분기점",
        "DETAIL_SPO" : "분기점",
        "ETC_MATTER" : " ",
        "MNTN_NM" : "수암산",
        "PAST_SPOT_" : "24120714000090",
        "MNTN_ID" : "2412071400"
      },
      "geometry" : {
        "x" : 168648.22300000209,
        "y" : 448302.15139999986
      }
    },
    {
      "attributes" : {
        "FID" : 90,
        "PMNTN_SPOT" : 55281,
        "MNTN_CODE" : "448101401",
        "MANAGE_SP1" : "02",
        "MANAGE_SP2" : "분기점",
        "DETAIL_SPO" : "분기점",
        "ETC_MATTER" : " ",
        "MNTN_NM" : "수암산",
        "PAST_SPOT_" : "24120714000091",
        "MNTN_ID" : "2412071400"
      },
      "geometry" : {
        "x" : 168689.70260000136,
        "y" : 449549.74030000158
      }
    },
    {
      "attributes" : {
        "FID" : 91,
        "PMNTN_SPOT" : 55282,
        "MNTN_CODE" : "448101401",
        "MANAGE_SP1" : "99",
        "MANAGE_SP2" : "기타",
        "DETAIL_SPO" : "악귀봉",
        "ETC_MATTER" : " ",
        "MNTN_NM" : "수암산",
        "PAST_SPOT_" : "24120714000092",
        "MNTN_ID" : "2412071400"
      },
      "geometry" : {
        "x" : 168693.47770000156,
        "y" : 450063.82049999945
      }
    },
    {
      "attributes" : {
        "FID" : 92,
        "PMNTN_SPOT" : 55283,
        "MNTN_CODE" : "448101401",
        "MANAGE_SP1" : "01",
        "MANAGE_SP2" : "시종점",
        "DETAIL_SPO" : "시종점",
        "ETC_MATTER" : "I1=매표소",
        "MNTN_NM" : "수암산",
        "PAST_SPOT_" : "24120714000093",
        "MNTN_ID" : "2412071400"
      },
      "geometry" : {
        "x" : 168695.24360000063,
        "y" : 448151.60860000178
      }
    },
    {
      "attributes" : {
        "FID" : 93,
        "PMNTN_SPOT" : 55284,
        "MNTN_CODE" : "448101401",
        "MANAGE_SP1" : "02",
        "MANAGE_SP2" : "분기점",
        "DETAIL_SPO" : "분기점",
        "ETC_MATTER" : "사자바위22",
        "MNTN_NM" : "수암산",
        "PAST_SPOT_" : "24120714000094",
        "MNTN_ID" : "2412071400"
      },
      "geometry" : {
        "x" : 168726.30160000175,
        "y" : 449714.56079999916
      }
    },
    {
      "attributes" : {
        "FID" : 94,
        "PMNTN_SPOT" : 55285,
        "MNTN_CODE" : "448101401",
        "MANAGE_SP1" : "99",
        "MANAGE_SP2" : "기타",
        "DETAIL_SPO" : "장군바위",
        "ETC_MATTER" : " ",
        "MNTN_NM" : "수암산",
        "PAST_SPOT_" : "24120714000095",
        "MNTN_ID" : "2412071400"
      },
      "geometry" : {
        "x" : 168738.86710000038,
        "y" : 450016.16800000332
      }
    },
    {
      "attributes" : {
        "FID" : 95,
        "PMNTN_SPOT" : 55286,
        "MNTN_CODE" : "448101401",
        "MANAGE_SP1" : "99",
        "MANAGE_SP2" : "기타",
        "DETAIL_SPO" : "노적봉",
        "ETC_MATTER" : " ",
        "MNTN_NM" : "수암산",
        "PAST_SPOT_" : "24120714000096",
        "MNTN_ID" : "2412071400"
      },
      "geometry" : {
        "x" : 168745.49470000342,
        "y" : 449779.40740000084
      }
    },
    {
      "attributes" : {
        "FID" : 96,
        "PMNTN_SPOT" : 55287,
        "MNTN_CODE" : "448101401",
        "MANAGE_SP1" : "02",
        "MANAGE_SP2" : "분기점",
        "DETAIL_SPO" : "분기점",
        "ETC_MATTER" : " ",
        "MNTN_NM" : "수암산",
        "PAST_SPOT_" : "24120714000097",
        "MNTN_ID" : "2412071400"
      },
      "geometry" : {
        "x" : 168969.38080000039,
        "y" : 450347.82880000211
      }
    },
    {
      "attributes" : {
        "FID" : 97,
        "PMNTN_SPOT" : 55288,
        "MNTN_CODE" : "448101401",
        "MANAGE_SP1" : "02",
        "MANAGE_SP2" : "분기점",
        "DETAIL_SPO" : "분기점",
        "ETC_MATTER" : " ",
        "MNTN_NM" : "수암산",
        "PAST_SPOT_" : "24120714000098",
        "MNTN_ID" : "2412071400"
      },
      "geometry" : {
        "x" : 169022.89510000031,
        "y" : 450337.63940000162
      }
    },
    {
      "attributes" : {
        "FID" : 98,
        "PMNTN_SPOT" : 55289,
        "MNTN_CODE" : "448101401",
        "MANAGE_SP1" : "02",
        "MANAGE_SP2" : "분기점",
        "DETAIL_SPO" : "분기점",
        "ETC_MATTER" : " ",
        "MNTN_NM" : "수암산",
        "PAST_SPOT_" : "24120714000099",
        "MNTN_ID" : "2412071400"
      },
      "geometry" : {
        "x" : 169059.84539999999,
        "y" : 450233.88880000077
      }
    },
    {
      "attributes" : {
        "FID" : 99,
        "PMNTN_SPOT" : 55290,
        "MNTN_CODE" : "448101401",
        "MANAGE_SP1" : "02",
        "MANAGE_SP2" : "분기점",
        "DETAIL_SPO" : "분기점",
        "ETC_MATTER" : " ",
        "MNTN_NM" : "수암산",
        "PAST_SPOT_" : "24120714000100",
        "MNTN_ID" : "2412071400"
      },
      "geometry" : {
        "x" : 169070.51269999892,
        "y" : 450490.97000000067
      }
    },
    {
      "attributes" : {
        "FID" : 100,
        "PMNTN_SPOT" : 55291,
        "MNTN_CODE" : "448101401",
        "MANAGE_SP1" : "99",
        "MANAGE_SP2" : "기타",
        "DETAIL_SPO" : "마애석불",
        "ETC_MATTER" : " ",
        "MNTN_NM" : "수암산",
        "PAST_SPOT_" : "24120714000101",
        "MNTN_ID" : "2412071400"
      },
      "geometry" : {
        "x" : 169099.52450000215,
        "y" : 450328.47519999929
      }
    },
    {
      "attributes" : {
        "FID" : 101,
        "PMNTN_SPOT" : 55292,
        "MNTN_CODE" : "448101401",
        "MANAGE_SP1" : "02",
        "MANAGE_SP2" : "분기점",
        "DETAIL_SPO" : "분기점",
        "ETC_MATTER" : " ",
        "MNTN_NM" : "수암산",
        "PAST_SPOT_" : "24120714000102",
        "MNTN_ID" : "2412071400"
      },
      "geometry" : {
        "x" : 169111.35090000089,
        "y" : 450328.31399999745
      }
    },
    {
      "attributes" : {
        "FID" : 102,
        "PMNTN_SPOT" : 55293,
        "MNTN_CODE" : "448101401",
        "MANAGE_SP1" : "99",
        "MANAGE_SP2" : "기타",
        "DETAIL_SPO" : "용바위",
        "ETC_MATTER" : " ",
        "MNTN_NM" : "수암산",
        "PAST_SPOT_" : "24120714000103",
        "MNTN_ID" : "2412071400"
      },
      "geometry" : {
        "x" : 169134.41380000301,
        "y" : 450621.91699999943
      }
    },
    {
      "attributes" : {
        "FID" : 103,
        "PMNTN_SPOT" : 55294,
        "MNTN_CODE" : "448101401",
        "MANAGE_SP1" : "01",
        "MANAGE_SP2" : "시종점",
        "DETAIL_SPO" : "시종점",
        "ETC_MATTER" : " ",
        "MNTN_NM" : "수암산",
        "PAST_SPOT_" : "24120714000104",
        "MNTN_ID" : "2412071400"
      },
      "geometry" : {
        "x" : 169154.09400000144,
        "y" : 450343.87340000272
      }
    },
    {
      "attributes" : {
        "FID" : 104,
        "PMNTN_SPOT" : 55295,
        "MNTN_CODE" : "448101401",
        "MANAGE_SP1" : "02",
        "MANAGE_SP2" : "분기점",
        "DETAIL_SPO" : "분기점",
        "ETC_MATTER" : "사각평상2.벤치1",
        "MNTN_NM" : "수암산",
        "PAST_SPOT_" : "24120714000105",
        "MNTN_ID" : "2412071400"
      },
      "geometry" : {
        "x" : 169170.319000002,
        "y" : 450196.94930000044
      }
    },
    {
      "attributes" : {
        "FID" : 105,
        "PMNTN_SPOT" : 55296,
        "MNTN_CODE" : "448101401",
        "MANAGE_SP1" : "02",
        "MANAGE_SP2" : "분기점",
        "DETAIL_SPO" : "분기점",
        "ETC_MATTER" : " ",
        "MNTN_NM" : "수암산",
        "PAST_SPOT_" : "24120714000106",
        "MNTN_ID" : "2412071400"
      },
      "geometry" : {
        "x" : 169173.35810000077,
        "y" : 449606.64530000277
      }
    },
    {
      "attributes" : {
        "FID" : 106,
        "PMNTN_SPOT" : 55297,
        "MNTN_CODE" : "448101401",
        "MANAGE_SP1" : "99",
        "MANAGE_SP2" : "기타",
        "DETAIL_SPO" : "용봉산, 둔리저수지, 홍동산, 덕숭산 전경",
        "ETC_MATTER" : " ",
        "MNTN_NM" : "수암산",
        "PAST_SPOT_" : "24120714000107",
        "MNTN_ID" : "2412071400"
      },
      "geometry" : {
        "x" : 169176.0010000011,
        "y" : 452012.10760000162
      }
    },
    {
      "attributes" : {
        "FID" : 107,
        "PMNTN_SPOT" : 55298,
        "MNTN_CODE" : "448101401",
        "MANAGE_SP1" : "01",
        "MANAGE_SP2" : "시종점",
        "DETAIL_SPO" : "시종점",
        "ETC_MATTER" : " ",
        "MNTN_NM" : "수암산",
        "PAST_SPOT_" : "24120714000108",
        "MNTN_ID" : "2412071400"
      },
      "geometry" : {
        "x" : 169178.01499999873,
        "y" : 450067.14780000225
      }
    },
    {
      "attributes" : {
        "FID" : 108,
        "PMNTN_SPOT" : 55299,
        "MNTN_CODE" : "448101401",
        "MANAGE_SP1" : "02",
        "MANAGE_SP2" : "분기점",
        "DETAIL_SPO" : "분기점",
        "ETC_MATTER" : " ",
        "MNTN_NM" : "수암산",
        "PAST_SPOT_" : "24120714000109",
        "MNTN_ID" : "2412071400"
      },
      "geometry" : {
        "x" : 169178.61060000304,
        "y" : 450071.91970000416
      }
    },
    {
      "attributes" : {
        "FID" : 109,
        "PMNTN_SPOT" : 55300,
        "MNTN_CODE" : "448101401",
        "MANAGE_SP1" : "01",
        "MANAGE_SP2" : "시종점",
        "DETAIL_SPO" : "시종점",
        "ETC_MATTER" : "사각평상2.벤치1",
        "MNTN_NM" : "수암산",
        "PAST_SPOT_" : "24120714000110",
        "MNTN_ID" : "2412071400"
      },
      "geometry" : {
        "x" : 169180.99129999988,
        "y" : 450171.34800000116
      }
    },
    {
      "attributes" : {
        "FID" : 110,
        "PMNTN_SPOT" : 55301,
        "MNTN_CODE" : "448101401",
        "MANAGE_SP1" : "02",
        "MANAGE_SP2" : "분기점",
        "DETAIL_SPO" : "분기점",
        "ETC_MATTER" : "사각평상2.벤치1",
        "MNTN_NM" : "수암산",
        "PAST_SPOT_" : "24120714000111",
        "MNTN_ID" : "2412071400"
      },
      "geometry" : {
        "x" : 169182.90980000049,
        "y" : 450213.59880000167
      }
    },
    {
      "attributes" : {
        "FID" : 111,
        "PMNTN_SPOT" : 55302,
        "MNTN_CODE" : "448101401",
        "MANAGE_SP1" : "10",
        "MANAGE_SP2" : "이정표",
        "DETAIL_SPO" : "이정표,목계단",
        "ETC_MATTER" : " ",
        "MNTN_NM" : "수암산",
        "PAST_SPOT_" : "24120714000112",
        "MNTN_ID" : "2412071400"
      },
      "geometry" : {
        "x" : 169185.09290000051,
        "y" : 451648.32689999789
      }
    },
    {
      "attributes" : {
        "FID" : 112,
        "PMNTN_SPOT" : 55303,
        "MNTN_CODE" : "448101401",
        "MANAGE_SP1" : "02",
        "MANAGE_SP2" : "분기점",
        "DETAIL_SPO" : "분기점",
        "ETC_MATTER" : "사각평상2.벤치1",
        "MNTN_NM" : "수암산",
        "PAST_SPOT_" : "24120714000113",
        "MNTN_ID" : "2412071400"
      },
      "geometry" : {
        "x" : 169200.99069999997,
        "y" : 450212.28109999932
      }
    },
    {
      "attributes" : {
        "FID" : 113,
        "PMNTN_SPOT" : 55304,
        "MNTN_CODE" : "448101401",
        "MANAGE_SP1" : "02",
        "MANAGE_SP2" : "분기점",
        "DETAIL_SPO" : "분기점",
        "ETC_MATTER" : " ",
        "MNTN_NM" : "수암산",
        "PAST_SPOT_" : "24120714000114",
        "MNTN_ID" : "2412071400"
      },
      "geometry" : {
        "x" : 169210.69570000004,
        "y" : 449588.54320000298
      }
    },
    {
      "attributes" : {
        "FID" : 114,
        "PMNTN_SPOT" : 55305,
        "MNTN_CODE" : "448101401",
        "MANAGE_SP1" : "02",
        "MANAGE_SP2" : "분기점",
        "DETAIL_SPO" : "대웅전",
        "ETC_MATTER" : " ",
        "MNTN_NM" : "수암산",
        "PAST_SPOT_" : "24120714000115",
        "MNTN_ID" : "2412071400"
      },
      "geometry" : {
        "x" : 169214.58800000045,
        "y" : 450228.5316000022
      }
    },
    {
      "attributes" : {
        "FID" : 115,
        "PMNTN_SPOT" : 55306,
        "MNTN_CODE" : "448101401",
        "MANAGE_SP1" : "02",
        "MANAGE_SP2" : "분기점",
        "DETAIL_SPO" : "분기점",
        "ETC_MATTER" : " ",
        "MNTN_NM" : "수암산",
        "PAST_SPOT_" : "24120714000116",
        "MNTN_ID" : "2412071400"
      },
      "geometry" : {
        "x" : 169230.65189999994,
        "y" : 450547.87120000273
      }
    },
    {
      "attributes" : {
        "FID" : 116,
        "PMNTN_SPOT" : 55307,
        "MNTN_CODE" : "448101401",
        "MANAGE_SP1" : "02",
        "MANAGE_SP2" : "분기점",
        "DETAIL_SPO" : "분기점",
        "ETC_MATTER" : " ",
        "MNTN_NM" : "수암산",
        "PAST_SPOT_" : "24120714000117",
        "MNTN_ID" : "2412071400"
      },
      "geometry" : {
        "x" : 169231.10790000018,
        "y" : 450378.6492999997
      }
    },
    {
      "attributes" : {
        "FID" : 117,
        "PMNTN_SPOT" : 55308,
        "MNTN_CODE" : "448101401",
        "MANAGE_SP1" : "01",
        "MANAGE_SP2" : "시종점",
        "DETAIL_SPO" : "시종점",
        "ETC_MATTER" : " ",
        "MNTN_NM" : "수암산",
        "PAST_SPOT_" : "24120714000118",
        "MNTN_ID" : "2412071400"
      },
      "geometry" : {
        "x" : 169233.06400000304,
        "y" : 450565.96089999937
      }
    },
    {
      "attributes" : {
        "FID" : 118,
        "PMNTN_SPOT" : 55309,
        "MNTN_CODE" : "448101401",
        "MANAGE_SP1" : "02",
        "MANAGE_SP2" : "분기점",
        "DETAIL_SPO" : "분기점",
        "ETC_MATTER" : " ",
        "MNTN_NM" : "수암산",
        "PAST_SPOT_" : "24120714000119",
        "MNTN_ID" : "2412071400"
      },
      "geometry" : {
        "x" : 169236.99410000071,
        "y" : 452035.33930000104
      }
    },
    {
      "attributes" : {
        "FID" : 119,
        "PMNTN_SPOT" : 55310,
        "MNTN_CODE" : "448101401",
        "MANAGE_SP1" : "02",
        "MANAGE_SP2" : "분기점",
        "DETAIL_SPO" : "분기점",
        "ETC_MATTER" : " ",
        "MNTN_NM" : "수암산",
        "PAST_SPOT_" : "24120714000120",
        "MNTN_ID" : "2412071400"
      },
      "geometry" : {
        "x" : 169238.5839000009,
        "y" : 450118.0007000044
      }
    },
    {
      "attributes" : {
        "FID" : 120,
        "PMNTN_SPOT" : 55311,
        "MNTN_CODE" : "448101401",
        "MANAGE_SP1" : "18",
        "MANAGE_SP2" : "주차장",
        "DETAIL_SPO" : "용봉사주차장",
        "ETC_MATTER" : " ",
        "MNTN_NM" : "수암산",
        "PAST_SPOT_" : "24120714000121",
        "MNTN_ID" : "2412071400"
      },
      "geometry" : {
        "x" : 169241.01990000252,
        "y" : 450049.23030000366
      }
    },
    {
      "attributes" : {
        "FID" : 121,
        "PMNTN_SPOT" : 55312,
        "MNTN_CODE" : "448101401",
        "MANAGE_SP1" : "02",
        "MANAGE_SP2" : "분기점",
        "DETAIL_SPO" : "분기점",
        "ETC_MATTER" : "운동기구",
        "MNTN_NM" : "수암산",
        "PAST_SPOT_" : "24120714000122",
        "MNTN_ID" : "2412071400"
      },
      "geometry" : {
        "x" : 169279.61819999944,
        "y" : 449759.80839999951
      }
    },
    {
      "attributes" : {
        "FID" : 122,
        "PMNTN_SPOT" : 55313,
        "MNTN_CODE" : "448101401",
        "MANAGE_SP1" : "02",
        "MANAGE_SP2" : "분기점",
        "DETAIL_SPO" : "분기점",
        "ETC_MATTER" : " ",
        "MNTN_NM" : "수암산",
        "PAST_SPOT_" : "24120714000123",
        "MNTN_ID" : "2412071400"
      },
      "geometry" : {
        "x" : 169286.28459999897,
        "y" : 449650.83070000075
      }
    },
    {
      "attributes" : {
        "FID" : 123,
        "PMNTN_SPOT" : 55314,
        "MNTN_CODE" : "448101401",
        "MANAGE_SP1" : "02",
        "MANAGE_SP2" : "분기점",
        "DETAIL_SPO" : "분기점",
        "ETC_MATTER" : " ",
        "MNTN_NM" : "수암산",
        "PAST_SPOT_" : "24120714000124",
        "MNTN_ID" : "2412071400"
      },
      "geometry" : {
        "x" : 169310.21210000105,
        "y" : 450377.32819999941
      }
    },
    {
      "attributes" : {
        "FID" : 124,
        "PMNTN_SPOT" : 55315,
        "MNTN_CODE" : "448101401",
        "MANAGE_SP1" : "02",
        "MANAGE_SP2" : "분기점",
        "DETAIL_SPO" : "분기점",
        "ETC_MATTER" : " ",
        "MNTN_NM" : "수암산",
        "PAST_SPOT_" : "24120714000125",
        "MNTN_ID" : "2412071400"
      },
      "geometry" : {
        "x" : 169322.13540000282,
        "y" : 449903.8673000019
      }
    },
    {
      "attributes" : {
        "FID" : 125,
        "PMNTN_SPOT" : 55316,
        "MNTN_CODE" : "448101401",
        "MANAGE_SP1" : "02",
        "MANAGE_SP2" : "분기점",
        "DETAIL_SPO" : "분기점",
        "ETC_MATTER" : "운동기구",
        "MNTN_NM" : "수암산",
        "PAST_SPOT_" : "24120714000126",
        "MNTN_ID" : "2412071400"
      },
      "geometry" : {
        "x" : 169326.22810000274,
        "y" : 449754.7893000003
      }
    },
    {
      "attributes" : {
        "FID" : 126,
        "PMNTN_SPOT" : 55317,
        "MNTN_CODE" : "448101401",
        "MANAGE_SP1" : "02",
        "MANAGE_SP2" : "분기점",
        "DETAIL_SPO" : "분기점",
        "ETC_MATTER" : " ",
        "MNTN_NM" : "수암산",
        "PAST_SPOT_" : "24120714000127",
        "MNTN_ID" : "2412071400"
      },
      "geometry" : {
        "x" : 169339.92180000059,
        "y" : 449593.42990000173
      }
    },
    {
      "attributes" : {
        "FID" : 127,
        "PMNTN_SPOT" : 55318,
        "MNTN_CODE" : "448101401",
        "MANAGE_SP1" : "02",
        "MANAGE_SP2" : "분기점",
        "DETAIL_SPO" : "분기점",
        "ETC_MATTER" : " ",
        "MNTN_NM" : "수암산",
        "PAST_SPOT_" : "24120714000128",
        "MNTN_ID" : "2412071400"
      },
      "geometry" : {
        "x" : 169538.77570000011,
        "y" : 449777.21550000459
      }
    },
    {
      "attributes" : {
        "FID" : 128,
        "PMNTN_SPOT" : 55319,
        "MNTN_CODE" : "448101401",
        "MANAGE_SP1" : "99",
        "MANAGE_SP2" : "기타",
        "DETAIL_SPO" : "구룡대매표소",
        "ETC_MATTER" : " ",
        "MNTN_NM" : "수암산",
        "PAST_SPOT_" : "24120714000129",
        "MNTN_ID" : "2412071400"
      },
      "geometry" : {
        "x" : 169594.34850000404,
        "y" : 449762.80250000209
      }
    },
    {
      "attributes" : {
        "FID" : 129,
        "PMNTN_SPOT" : 55320,
        "MNTN_CODE" : "448101401",
        "MANAGE_SP1" : "01",
        "MANAGE_SP2" : "시종점",
        "DETAIL_SPO" : "시종점",
        "ETC_MATTER" : " ",
        "MNTN_NM" : "수암산",
        "PAST_SPOT_" : "24120714000130",
        "MNTN_ID" : "2412071400"
      },
      "geometry" : {
        "x" : 169749.89270000253,
        "y" : 451495.94669999927
      }
    },
    {
      "attributes" : {
        "FID" : 130,
        "PMNTN_SPOT" : 55321,
        "MNTN_CODE" : "448101401",
        "MANAGE_SP1" : "01",
        "MANAGE_SP2" : "시종점",
        "DETAIL_SPO" : "시종점",
        "ETC_MATTER" : " ",
        "MNTN_NM" : "수암산",
        "PAST_SPOT_" : "24120714000131",
        "MNTN_ID" : "2412071400"
      },
      "geometry" : {
        "x" : 169783.80389999971,
        "y" : 454312.55210000277
      }
    },
    {
      "attributes" : {
        "FID" : 131,
        "PMNTN_SPOT" : 55322,
        "MNTN_CODE" : "448101401",
        "MANAGE_SP1" : "02",
        "MANAGE_SP2" : "분기점",
        "DETAIL_SPO" : "분기점",
        "ETC_MATTER" : " ",
        "MNTN_NM" : "수암산",
        "PAST_SPOT_" : "24120714000132",
        "MNTN_ID" : "2412071400"
      },
      "geometry" : {
        "x" : 170103.15700000059,
        "y" : 453807.69879999943
      }
    },
    {
      "attributes" : {
        "FID" : 132,
        "PMNTN_SPOT" : 55323,
        "MNTN_CODE" : "448101401",
        "MANAGE_SP1" : "23",
        "MANAGE_SP2" : "정상",
        "DETAIL_SPO" : "정상 / 시점,종점",
        "ETC_MATTER" : " ",
        "MNTN_NM" : "수암산",
        "PAST_SPOT_" : "24120714000133",
        "MNTN_ID" : "2412071400"
      },
      "geometry" : {
        "x" : 170111.82679999899,
        "y" : 453543.70990000106
      }
    },
    {
      "attributes" : {
        "FID" : 133,
        "PMNTN_SPOT" : 55324,
        "MNTN_CODE" : "448101401",
        "MANAGE_SP1" : "02",
        "MANAGE_SP2" : "분기점",
        "DETAIL_SPO" : "분기점",
        "ETC_MATTER" : " ",
        "MNTN_NM" : "수암산",
        "PAST_SPOT_" : "24120714000134",
        "MNTN_ID" : "2412071400"
      },
      "geometry" : {
        "x" : 170189.86629999988,
        "y" : 453972.85219999962
      }
    },
    {
      "attributes" : {
        "FID" : 134,
        "PMNTN_SPOT" : 55325,
        "MNTN_CODE" : "448101401",
        "MANAGE_SP1" : "02",
        "MANAGE_SP2" : "분기점",
        "DETAIL_SPO" : "분기점",
        "ETC_MATTER" : " ",
        "MNTN_NM" : "수암산",
        "PAST_SPOT_" : "24120714000135",
        "MNTN_ID" : "2412071400"
      },
      "geometry" : {
        "x" : 170459.88540000282,
        "y" : 453926.09210000373
      }
    },
    {
      "attributes" : {
        "FID" : 135,
        "PMNTN_SPOT" : 55326,
        "MNTN_CODE" : "448101401",
        "MANAGE_SP1" : "02",
        "MANAGE_SP2" : "분기점",
        "DETAIL_SPO" : "분기점",
        "ETC_MATTER" : " ",
        "MNTN_NM" : "수암산",
        "PAST_SPOT_" : "24120714000136",
        "MNTN_ID" : "2412071400"
      },
      "geometry" : {
        "x" : 170502.31480000354,
        "y" : 453917.56749999896
      }
    },
    {
      "attributes" : {
        "FID" : 136,
        "PMNTN_SPOT" : 55327,
        "MNTN_CODE" : "448101401",
        "MANAGE_SP1" : "01",
        "MANAGE_SP2" : "시종점",
        "DETAIL_SPO" : "시종점",
        "ETC_MATTER" : " ",
        "MNTN_NM" : "수암산",
        "PAST_SPOT_" : "24120714000137",
        "MNTN_ID" : "2412071400"
      },
      "geometry" : {
        "x" : 170577.99130000081,
        "y" : 454065.30100000091
      }
    },
    {
      "attributes" : {
        "FID" : 137,
        "PMNTN_SPOT" : 55328,
        "MNTN_CODE" : "448101401",
        "MANAGE_SP1" : "01",
        "MANAGE_SP2" : "시종점",
        "DETAIL_SPO" : "시종점,수암산 수도원",
        "ETC_MATTER" : " ",
        "MNTN_NM" : "수암산",
        "PAST_SPOT_" : "24120714000138",
        "MNTN_ID" : "2412071400"
      },
      "geometry" : {
        "x" : 170757.98950000014,
        "y" : 453897.08900000714
      }
    }
  ]
}