{
  "displayFieldName" : "",
  "fieldAliases" : {
    "FID" : "FID",
    "PMNTN_SPOT" : "PMNTN_SPOT",
    "MNTN_CODE" : "MNTN_CODE",
    "MANAGE_SP1" : "MANAGE_SP1",
    "MANAGE_SP2" : "MANAGE_SP2",
    "DETAIL_SPO" : "DETAIL_SPO",
    "ETC_MATTER" : "ETC_MATTER",
    "MNTN_NM" : "MNTN_NM",
    "PAST_SPOT_" : "PAST_SPOT_",
    "MNTN_ID" : "MNTN_ID"
  },
  "geometryType" : "esriGeometryPoint",
  "spatialReference" : {
    "wkt" : "PROJCS[\"PCS_ITRF2000_TM\",GEOGCS[\"GCS_ITRF_2000\",DATUM[\"D_ITRF_2000\",SPHEROID[\"GRS_1980\",6378137.0,298.257222101]],PRIMEM[\"Greenwich\",0.0],UNIT[\"Degree\",0.0174532925199433]],PROJECTION[\"Transverse_Mercator\"],PARAMETER[\"False_Easting\",200000.0],PARAMETER[\"False_Northing\",600000.0],PARAMETER[\"Central_Meridian\",127.0],PARAMETER[\"Scale_Factor\",1.0],PARAMETER[\"Latitude_Of_Origin\",38.0],UNIT[\"Meter\",1.0]]"
  },
  "fields" : [
    {
      "name" : "FID",
      "type" : "esriFieldTypeOID",
      "alias" : "FID"
    },
    {
      "name" : "PMNTN_SPOT",
      "type" : "esriFieldTypeDouble",
      "alias" : "PMNTN_SPOT"
    },
    {
      "name" : "MNTN_CODE",
      "type" : "esriFieldTypeString",
      "alias" : "MNTN_CODE",
      "length" : 9
    },
    {
      "name" : "MANAGE_SP1",
      "type" : "esriFieldTypeString",
      "alias" : "MANAGE_SP1",
      "length" : 2
    },
    {
      "name" : "MANAGE_SP2",
      "type" : "esriFieldTypeString",
      "alias" : "MANAGE_SP2",
      "length" : 50
    },
    {
      "name" : "DETAIL_SPO",
      "type" : "esriFieldTypeString",
      "alias" : "DETAIL_SPO",
      "length" : 200
    },
    {
      "name" : "ETC_MATTER",
      "type" : "esriFieldTypeString",
      "alias" : "ETC_MATTER",
      "length" : 200
    },
    {
      "name" : "MNTN_NM",
      "type" : "esriFieldTypeString",
      "alias" : "MNTN_NM",
      "length" : 50
    },
    {
      "name" : "PAST_SPOT_",
      "type" : "esriFieldTypeString",
      "alias" : "PAST_SPOT_",
      "length" : 14
    },
    {
      "name" : "MNTN_ID",
      "type" : "esriFieldTypeString",
      "alias" : "MNTN_ID",
      "length" : 10
    }
  ],
  "features" : [
    {
      "attributes" : {
        "FID" : 0,
        "PMNTN_SPOT" : 24051,
        "MNTN_CODE" : "468201301",
        "MANAGE_SP1" : "02",
        "MANAGE_SP2" : "분기점",
        "DETAIL_SPO" : "분기점",
        "ETC_MATTER" : " ",
        "MNTN_NM" : "두륜산_가련봉",
        "PAST_SPOT_" : "4682013010001",
        "MNTN_ID" : "468201301"
      },
      "geometry" : {
        "x" : 164329.73670284078,
        "y" : 209205.52634097449
      }
    },
    {
      "attributes" : {
        "FID" : 1,
        "PMNTN_SPOT" : 24052,
        "MNTN_CODE" : "468201301",
        "MANAGE_SP1" : "02",
        "MANAGE_SP2" : "분기점",
        "DETAIL_SPO" : "분기점",
        "ETC_MATTER" : " ",
        "MNTN_NM" : "두륜산_가련봉",
        "PAST_SPOT_" : "4682013010002",
        "MNTN_ID" : "468201301"
      },
      "geometry" : {
        "x" : 164407.21652628575,
        "y" : 209312.27364934981
      }
    },
    {
      "attributes" : {
        "FID" : 2,
        "PMNTN_SPOT" : 24053,
        "MNTN_CODE" : "468201301",
        "MANAGE_SP1" : "02",
        "MANAGE_SP2" : "분기점",
        "DETAIL_SPO" : "분기점",
        "ETC_MATTER" : " ",
        "MNTN_NM" : "두륜산_가련봉",
        "PAST_SPOT_" : "4682013010003",
        "MNTN_ID" : "468201301"
      },
      "geometry" : {
        "x" : 164491.86546683405,
        "y" : 209175.62504606135
      }
    },
    {
      "attributes" : {
        "FID" : 3,
        "PMNTN_SPOT" : 24054,
        "MNTN_CODE" : "468201301",
        "MANAGE_SP1" : "02",
        "MANAGE_SP2" : "분기점",
        "DETAIL_SPO" : "분기점",
        "ETC_MATTER" : " ",
        "MNTN_NM" : "두륜산_가련봉",
        "PAST_SPOT_" : "4682013010004",
        "MNTN_ID" : "468201301"
      },
      "geometry" : {
        "x" : 164596.00186906662,
        "y" : 207383.23142045178
      }
    },
    {
      "attributes" : {
        "FID" : 4,
        "PMNTN_SPOT" : 24055,
        "MNTN_CODE" : "468201301",
        "MANAGE_SP1" : "02",
        "MANAGE_SP2" : "분기점",
        "DETAIL_SPO" : "분기점",
        "ETC_MATTER" : " ",
        "MNTN_NM" : "두륜산_가련봉",
        "PAST_SPOT_" : "4682013010005",
        "MNTN_ID" : "468201301"
      },
      "geometry" : {
        "x" : 164629.88989291992,
        "y" : 207381.28137436137
      }
    },
    {
      "attributes" : {
        "FID" : 5,
        "PMNTN_SPOT" : 24056,
        "MNTN_CODE" : "468201301",
        "MANAGE_SP1" : "02",
        "MANAGE_SP2" : "분기점",
        "DETAIL_SPO" : "분기점",
        "ETC_MATTER" : " ",
        "MNTN_NM" : "두륜산_가련봉",
        "PAST_SPOT_" : "4682013010006",
        "MNTN_ID" : "468201301"
      },
      "geometry" : {
        "x" : 164804.20334128104,
        "y" : 208206.86953864433
      }
    },
    {
      "attributes" : {
        "FID" : 6,
        "PMNTN_SPOT" : 24057,
        "MNTN_CODE" : "468201301",
        "MANAGE_SP1" : "02",
        "MANAGE_SP2" : "분기점",
        "DETAIL_SPO" : "분기점",
        "ETC_MATTER" : " ",
        "MNTN_NM" : "두륜산_가련봉",
        "PAST_SPOT_" : "4682013010007",
        "MNTN_ID" : "468201301"
      },
      "geometry" : {
        "x" : 165076.05004746467,
        "y" : 206325.84305356629
      }
    },
    {
      "attributes" : {
        "FID" : 7,
        "PMNTN_SPOT" : 24058,
        "MNTN_CODE" : "468201301",
        "MANAGE_SP1" : "02",
        "MANAGE_SP2" : "분기점",
        "DETAIL_SPO" : "분기점",
        "ETC_MATTER" : " ",
        "MNTN_NM" : "두륜산_가련봉",
        "PAST_SPOT_" : "4682013010008",
        "MNTN_ID" : "468201301"
      },
      "geometry" : {
        "x" : 165116.34798149671,
        "y" : 206741.05256736651
      }
    },
    {
      "attributes" : {
        "FID" : 8,
        "PMNTN_SPOT" : 24059,
        "MNTN_CODE" : "468201301",
        "MANAGE_SP1" : "02",
        "MANAGE_SP2" : "분기점",
        "DETAIL_SPO" : "분기점",
        "ETC_MATTER" : " ",
        "MNTN_NM" : "두륜산_가련봉",
        "PAST_SPOT_" : "4682013010009",
        "MNTN_ID" : "468201301"
      },
      "geometry" : {
        "x" : 165300.37764658406,
        "y" : 208960.96299111098
      }
    },
    {
      "attributes" : {
        "FID" : 9,
        "PMNTN_SPOT" : 24060,
        "MNTN_CODE" : "468201301",
        "MANAGE_SP1" : "02",
        "MANAGE_SP2" : "분기점",
        "DETAIL_SPO" : "분기점",
        "ETC_MATTER" : " ",
        "MNTN_NM" : "두륜산_가련봉",
        "PAST_SPOT_" : "4682013010010",
        "MNTN_ID" : "468201301"
      },
      "geometry" : {
        "x" : 165390.81150744017,
        "y" : 207117.18784220703
      }
    },
    {
      "attributes" : {
        "FID" : 10,
        "PMNTN_SPOT" : 24061,
        "MNTN_CODE" : "468201301",
        "MANAGE_SP1" : "01",
        "MANAGE_SP2" : "시종점",
        "DETAIL_SPO" : "시종점",
        "ETC_MATTER" : " ",
        "MNTN_NM" : "두륜산_가련봉",
        "PAST_SPOT_" : "4682013010011",
        "MNTN_ID" : "468201301"
      },
      "geometry" : {
        "x" : 165527.88338613231,
        "y" : 205514.99158397317
      }
    },
    {
      "attributes" : {
        "FID" : 11,
        "PMNTN_SPOT" : 24062,
        "MNTN_CODE" : "468201301",
        "MANAGE_SP1" : "02",
        "MANAGE_SP2" : "분기점",
        "DETAIL_SPO" : "분기점",
        "ETC_MATTER" : " ",
        "MNTN_NM" : "두륜산_가련봉",
        "PAST_SPOT_" : "4682013010012",
        "MNTN_ID" : "468201301"
      },
      "geometry" : {
        "x" : 165560.51840735879,
        "y" : 207053.44511801004
      }
    },
    {
      "attributes" : {
        "FID" : 12,
        "PMNTN_SPOT" : 24063,
        "MNTN_CODE" : "468201301",
        "MANAGE_SP1" : "02",
        "MANAGE_SP2" : "분기점",
        "DETAIL_SPO" : "분기점",
        "ETC_MATTER" : " ",
        "MNTN_NM" : "두륜산_가련봉",
        "PAST_SPOT_" : "4682013010013",
        "MNTN_ID" : "468201301"
      },
      "geometry" : {
        "x" : 165830.49669254944,
        "y" : 209019.69305655733
      }
    },
    {
      "attributes" : {
        "FID" : 13,
        "PMNTN_SPOT" : 24064,
        "MNTN_CODE" : "468201301",
        "MANAGE_SP1" : "02",
        "MANAGE_SP2" : "분기점",
        "DETAIL_SPO" : "분기점",
        "ETC_MATTER" : " ",
        "MNTN_NM" : "두륜산_가련봉",
        "PAST_SPOT_" : "4682013010014",
        "MNTN_ID" : "468201301"
      },
      "geometry" : {
        "x" : 166107.61547812726,
        "y" : 208847.02131627128
      }
    },
    {
      "attributes" : {
        "FID" : 14,
        "PMNTN_SPOT" : 24065,
        "MNTN_CODE" : "468201301",
        "MANAGE_SP1" : "02",
        "MANAGE_SP2" : "분기점",
        "DETAIL_SPO" : "분기점",
        "ETC_MATTER" : " ",
        "MNTN_NM" : "두륜산_가련봉",
        "PAST_SPOT_" : "4682013010015",
        "MNTN_ID" : "468201301"
      },
      "geometry" : {
        "x" : 166354.6050656829,
        "y" : 209652.20993558876
      }
    },
    {
      "attributes" : {
        "FID" : 15,
        "PMNTN_SPOT" : 24066,
        "MNTN_CODE" : "468201301",
        "MANAGE_SP1" : "02",
        "MANAGE_SP2" : "분기점",
        "DETAIL_SPO" : "분기점",
        "ETC_MATTER" : " ",
        "MNTN_NM" : "두륜산_가련봉",
        "PAST_SPOT_" : "4682013010016",
        "MNTN_ID" : "468201301"
      },
      "geometry" : {
        "x" : 166358.50288263708,
        "y" : 208435.29826417938
      }
    },
    {
      "attributes" : {
        "FID" : 16,
        "PMNTN_SPOT" : 24067,
        "MNTN_CODE" : "468201301",
        "MANAGE_SP1" : "02",
        "MANAGE_SP2" : "분기점",
        "DETAIL_SPO" : "분기점",
        "ETC_MATTER" : " ",
        "MNTN_NM" : "두륜산_가련봉",
        "PAST_SPOT_" : "4682013010017",
        "MNTN_ID" : "468201301"
      },
      "geometry" : {
        "x" : 166447.79577424657,
        "y" : 209218.60255433619
      }
    },
    {
      "attributes" : {
        "FID" : 17,
        "PMNTN_SPOT" : 24068,
        "MNTN_CODE" : "468201301",
        "MANAGE_SP1" : "02",
        "MANAGE_SP2" : "분기점",
        "DETAIL_SPO" : "분기점",
        "ETC_MATTER" : " ",
        "MNTN_NM" : "두륜산_가련봉",
        "PAST_SPOT_" : "4682013010018",
        "MNTN_ID" : "468201301"
      },
      "geometry" : {
        "x" : 166497.78462324105,
        "y" : 208287.34665753506
      }
    },
    {
      "attributes" : {
        "FID" : 18,
        "PMNTN_SPOT" : 24069,
        "MNTN_CODE" : "468201301",
        "MANAGE_SP1" : "02",
        "MANAGE_SP2" : "분기점",
        "DETAIL_SPO" : "분기점",
        "ETC_MATTER" : " ",
        "MNTN_NM" : "두륜산_가련봉",
        "PAST_SPOT_" : "4682013010019",
        "MNTN_ID" : "468201301"
      },
      "geometry" : {
        "x" : 166540.78754356503,
        "y" : 208825.22478273511
      }
    },
    {
      "attributes" : {
        "FID" : 19,
        "PMNTN_SPOT" : 24070,
        "MNTN_CODE" : "468201301",
        "MANAGE_SP1" : "02",
        "MANAGE_SP2" : "분기점",
        "DETAIL_SPO" : "분기점",
        "ETC_MATTER" : " ",
        "MNTN_NM" : "두륜산_가련봉",
        "PAST_SPOT_" : "4682013010020",
        "MNTN_ID" : "468201301"
      },
      "geometry" : {
        "x" : 166612.64746540226,
        "y" : 208725.76195266284
      }
    },
    {
      "attributes" : {
        "FID" : 20,
        "PMNTN_SPOT" : 24071,
        "MNTN_CODE" : "468201301",
        "MANAGE_SP1" : "01",
        "MANAGE_SP2" : "시종점",
        "DETAIL_SPO" : "시종점",
        "ETC_MATTER" : " ",
        "MNTN_NM" : "두륜산_가련봉",
        "PAST_SPOT_" : "4682013010021",
        "MNTN_ID" : "468201301"
      },
      "geometry" : {
        "x" : 167905.23210651148,
        "y" : 209727.62858835608
      }
    },
    {
      "attributes" : {
        "FID" : 21,
        "PMNTN_SPOT" : 24072,
        "MNTN_CODE" : "468201301",
        "MANAGE_SP1" : "01",
        "MANAGE_SP2" : "시종점",
        "DETAIL_SPO" : "시종점",
        "ETC_MATTER" : " ",
        "MNTN_NM" : "두륜산_가련봉",
        "PAST_SPOT_" : "4682013010022",
        "MNTN_ID" : "468201301"
      },
      "geometry" : {
        "x" : 169237.01551119983,
        "y" : 207915.48885130323
      }
    }
  ]
}