{
  "displayFieldName" : "",
  "fieldAliases" : {
    "FID" : "FID",
    "PMNTN_SN" : "PMNTN_SN",
    "MNTN_CODE" : "MNTN_CODE",
    "MNTN_NM" : "MNTN_NM",
    "PMNTN_NM" : "PMNTN_NM",
    "PMNTN_MAIN" : "PMNTN_MAIN",
    "PMNTN_LT" : "PMNTN_LT",
    "PMNTN_DFFL" : "PMNTN_DFFL",
    "PMNTN_UPPL" : "PMNTN_UPPL",
    "PMNTN_GODN" : "PMNTN_GODN",
    "PMNTN_MTRQ" : "PMNTN_MTRQ",
    "PMNTN_CNRL" : "PMNTN_CNRL",
    "PMNTN_CLS_" : "PMNTN_CLS_",
    "PMNTN_RISK" : "PMNTN_RISK",
    "PMNTN_RECO" : "PMNTN_RECO",
    "DATA_STDR_" : "DATA_STDR_",
    "MNTN_ID" : "MNTN_ID"
  },
  "geometryType" : "esriGeometryPolyline",
  "spatialReference" : {
    "wkt" : "PROJCS[\"PCS_ITRF2000_TM\",GEOGCS[\"GCS_ITRF_2000\",DATUM[\"D_ITRF_2000\",SPHEROID[\"GRS_1980\",6378137.0,298.257222101]],PRIMEM[\"Greenwich\",0.0],UNIT[\"Degree\",0.0174532925199433]],PROJECTION[\"Transverse_Mercator\"],PARAMETER[\"False_Easting\",200000.0],PARAMETER[\"False_Northing\",600000.0],PARAMETER[\"Central_Meridian\",127.0],PARAMETER[\"Scale_Factor\",1.0],PARAMETER[\"Latitude_Of_Origin\",38.0],UNIT[\"Meter\",1.0]]"
  },
  "fields" : [
    {
      "name" : "FID",
      "type" : "esriFieldTypeOID",
      "alias" : "FID"
    },
    {
      "name" : "PMNTN_SN",
      "type" : "esriFieldTypeDouble",
      "alias" : "PMNTN_SN"
    },
    {
      "name" : "MNTN_CODE",
      "type" : "esriFieldTypeString",
      "alias" : "MNTN_CODE",
      "length" : 9
    },
    {
      "name" : "MNTN_NM",
      "type" : "esriFieldTypeString",
      "alias" : "MNTN_NM",
      "length" : 50
    },
    {
      "name" : "PMNTN_NM",
      "type" : "esriFieldTypeString",
      "alias" : "PMNTN_NM",
      "length" : 50
    },
    {
      "name" : "PMNTN_MAIN",
      "type" : "esriFieldTypeString",
      "alias" : "PMNTN_MAIN",
      "length" : 200
    },
    {
      "name" : "PMNTN_LT",
      "type" : "esriFieldTypeSingle",
      "alias" : "PMNTN_LT"
    },
    {
      "name" : "PMNTN_DFFL",
      "type" : "esriFieldTypeString",
      "alias" : "PMNTN_DFFL",
      "length" : 8
    },
    {
      "name" : "PMNTN_UPPL",
      "type" : "esriFieldTypeDouble",
      "alias" : "PMNTN_UPPL"
    },
    {
      "name" : "PMNTN_GODN",
      "type" : "esriFieldTypeDouble",
      "alias" : "PMNTN_GODN"
    },
    {
      "name" : "PMNTN_MTRQ",
      "type" : "esriFieldTypeString",
      "alias" : "PMNTN_MTRQ",
      "length" : 200
    },
    {
      "name" : "PMNTN_CNRL",
      "type" : "esriFieldTypeString",
      "alias" : "PMNTN_CNRL",
      "length" : 1
    },
    {
      "name" : "PMNTN_CLS_",
      "type" : "esriFieldTypeString",
      "alias" : "PMNTN_CLS_",
      "length" : 1
    },
    {
      "name" : "PMNTN_RISK",
      "type" : "esriFieldTypeString",
      "alias" : "PMNTN_RISK",
      "length" : 200
    },
    {
      "name" : "PMNTN_RECO",
      "type" : "esriFieldTypeString",
      "alias" : "PMNTN_RECO",
      "length" : 1
    },
    {
      "name" : "DATA_STDR_",
      "type" : "esriFieldTypeString",
      "alias" : "DATA_STDR_",
      "length" : 10
    },
    {
      "name" : "MNTN_ID",
      "type" : "esriFieldTypeString",
      "alias" : "MNTN_ID",
      "length" : 10
    }
  ],
  "features" : [
    {
      "attributes" : {
        "FID" : 0,
        "PMNTN_SN" : 14807,
        "MNTN_CODE" : "431501601",
        "MNTN_NM" : "마당재산",
        "PMNTN_NM" : "포전리구간",
        "PMNTN_MAIN" : " ",
        "PMNTN_LT" : 1.74,
        "PMNTN_DFFL" : "쉬움",
        "PMNTN_UPPL" : 65,
        "PMNTN_GODN" : 46,
        "PMNTN_MTRQ" : " ",
        "PMNTN_CNRL" : " ",
        "PMNTN_CLS_" : " ",
        "PMNTN_RISK" : " ",
        "PMNTN_RECO" : " ",
        "DATA_STDR_" : "2016-12-31",
        "MNTN_ID" : "431501601"
      },
      "geometry" : {
        "paths" : [
          [
            [
              307702.96830000263,
              496649.8275000006
            ],
            [
              307711.08320000209,
              496659.57300000079
            ],
            [
              307719.57480000239,
              496668.44360000268
            ],
            [
              307740.143600001,
              496677.77200000174
            ],
            [
              307756.29790000245,
              496676.60360000096
            ],
            [
              307774.58330000192,
              496672.81409999914
            ],
            [
              307786.10500000231,
              496676.22560000047
            ],
            [
              307810.46110000368,
              496675.82430000044
            ],
            [
              307826.00630000141,
              496673.42559999973
            ],
            [
              307832.91930000205,
              496668.62560000271
            ],
            [
              307838.75929999817,
              496650.97130000032
            ],
            [
              307844.29660000186,
              496637.93590000086
            ],
            [
              307852.3150000032,
              496631.32499999925
            ],
            [
              307860.51120000146,
              496617.79659999907
            ],
            [
              307872.75790000148,
              496610.43649999984
            ],
            [
              307875.48720000312,
              496602.64150000364
            ],
            [
              307881.56930000149,
              496592.30760000087
            ],
            [
              307884.08270000108,
              496584.78670000099
            ],
            [
              307890.17920000385,
              496573.32719999924
            ],
            [
              307905.2712000031,
              496564.18340000138
            ],
            [
              307924.53040000144,
              496566.38750000112
            ],
            [
              307924.18320000265,
              496555.32540000416
            ],
            [
              307932.11100000329,
              496549.31600000151
            ],
            [
              307941.678100002,
              496547.30010000058
            ],
            [
              307947.99160000216,
              496539.87220000289
            ],
            [
              307946.82510000281,
              496531.37180000171
            ],
            [
              307951.16860000417,
              496524.64450000226
            ],
            [
              307950.90910000261,
              496512.2666000016
            ],
            [
              307961.40060000122,
              496494.15499999933
            ],
            [
              307961.6184000019,
              496482.94620000385
            ],
            [
              307965.93940000236,
              496469.80790000223
            ],
            [
              307970.34730000142,
              496464.46770000271
            ],
            [
              307972.14220000152,
              496447.11969999969
            ],
            [
              307978.94990000315,
              496434.29230000451
            ],
            [
              307960.80740000214,
              496412.13990000449
            ],
            [
              307959.57480000146,
              496394.22290000319
            ],
            [
              307956.8768000016,
              496389.44320000149
            ],
            [
              307963.59800000489,
              496383.97440000251
            ],
            [
              307957.59510000143,
              496367.64330000244
            ],
            [
              307955.5867999997,
              496357.3636000026
            ],
            [
              307950.38609999977,
              496356.29969999939
            ],
            [
              307939.60500000324,
              496359.95830000006
            ],
            [
              307930.16359999962,
              496366.1428999994
            ],
            [
              307925.42370000388,
              496376.66709999926
            ],
            [
              307912.316300001,
              496388.81850000098
            ],
            [
              307892.17470000219,
              496394.75809999742
            ],
            [
              307862.6688000029,
              496394.16760000028
            ],
            [
              307852.6800000025,
              496386.1005000025
            ],
            [
              307846.00530000217,
              496374.29049999826
            ],
            [
              307844.05980000272,
              496362.20960000157
            ],
            [
              307844.36360000167,
              496352.85660000145
            ],
            [
              307851.53360000532,
              496340.57290000655
            ],
            [
              307860.9114000015,
              496331.317900002
            ],
            [
              307869.6705000028,
              496317.2853000015
            ],
            [
              307877.75910000317,
              496305.24240000173
            ],
            [
              307876.57260000147,
              496289.17470000125
            ],
            [
              307866.59770000167,
              496279.56320000067
            ],
            [
              307859.48130000103,
              496270.29309999943
            ],
            [
              307855.50299999956,
              496250.94940000214
            ],
            [
              307845.47540000267,
              496246.14150000364
            ],
            [
              307837.51710000169,
              496220.56499999948
            ],
            [
              307835.49200000335,
              496201.01889999956
            ],
            [
              307839.76090000384,
              496184.3629999999
            ],
            [
              307837.05780000053,
              496178.22499999963
            ],
            [
              307843.37370000221,
              496170.04330000095
            ],
            [
              307824.17930000089,
              496115.11769999936
            ],
            [
              307825.54720000271,
              496111.34830000065
            ],
            [
              307822.82510000095,
              496113.12790000066
            ],
            [
              307819.70589999948,
              496109.79440000094
            ],
            [
              307817.90430000238,
              496100.20670000277
            ],
            [
              307814.7228000015,
              496098.83560000174
            ],
            [
              307814.68580000103,
              496089.27270000242
            ],
            [
              307811.75860000215,
              496082.17130000144
            ],
            [
              307794.84710000362,
              496078.59680000506
            ],
            [
              307792.05100000277,
              496066.8842999991
            ],
            [
              307804.60220000148,
              496041.63450000249
            ],
            [
              307809.73330000415,
              496013.50820000097
            ],
            [
              307813.67190000135,
              496012.82340000197
            ],
            [
              307824.65710000414,
              496003.96630000323
            ],
            [
              307823.84180000052,
              495996.55900000036
            ],
            [
              307838.76340000052,
              495990.70160000399
            ],
            [
              307844.45020000357,
              495967.54140000232
            ],
            [
              307858.02020000294,
              495946.63120000064
            ],
            [
              307861.81100000348,
              495948.17750000209
            ],
            [
              307869.2004000023,
              495946.46670000255
            ],
            [
              307870.90310000349,
              495939.8359999992
            ],
            [
              307883.19060000032,
              495930.03720000014
            ],
            [
              307886.36710000411,
              495919.53610000387
            ],
            [
              307909.75960000325,
              495903.78480000235
            ],
            [
              307957.84499999881,
              495879.08180000447
            ],
            [
              307977.17780000251,
              495872.35050000064
            ],
            [
              307989.49120000377,
              495868.72079999931
            ],
            [
              307997.36030000262,
              495863.89940000325
            ],
            [
              308005.41349999886,
              495855.26080000028
            ],
            [
              308013.75370000303,
              495861.35219999962
            ],
            [
              308028.69010000024,
              495855.53510000184
            ],
            [
              308035.17560000252,
              495856.88330000266
            ],
            [
              308051.07190000359,
              495847.72630000301
            ],
            [
              308074.0390000036,
              495841.95340000279
            ],
            [
              308096.24069999997,
              495840.06930000149
            ],
            [
              308103.32270000316,
              495841.41600000113
            ],
            [
              308126.08390000183,
              495849.9971000012
            ],
            [
              308142.11310000159,
              495858.45480000041
            ],
            [
              308160.98799999803,
              495857.0316000022
            ],
            [
              308175.86330000032,
              495847.87189999968
            ],
            [
              308188.98469999991,
              495836.29710000195
            ],
            [
              308200.45450000372,
              495828.85010000132
            ],
            [
              308219.22680000402,
              495816.22670000233
            ],
            [
              308227.86260000244,
              495799.60100000165
            ],
            [
              308240.90100000333,
              495790.03940000013
            ],
            [
              308250.41350000072,
              495788.51430000179
            ],
            [
              308256.86100000143,
              495775.34760000184
            ],
            [
              308280.62930000108,
              495760.03949999996
            ],
            [
              308291.58970000315,
              495755.5447000023
            ],
            [
              308306.88320000377,
              495748.04759999923
            ],
            [
              308323.78990000207,
              495740.39269999973
            ],
            [
              308328.79310000408,
              495740.43820000067
            ],
            [
              308328.79757898394,
              495740.42468207143
            ]
          ]
        ]
      }
    },
    {
      "attributes" : {
        "FID" : 1,
        "PMNTN_SN" : 14808,
        "MNTN_CODE" : "431501601",
        "MNTN_NM" : "마당재산",
        "PMNTN_NM" : "포전리구간",
        "PMNTN_MAIN" : " ",
        "PMNTN_LT" : 2.03,
        "PMNTN_DFFL" : "쉬움",
        "PMNTN_UPPL" : 76,
        "PMNTN_GODN" : 53,
        "PMNTN_MTRQ" : " ",
        "PMNTN_CNRL" : " ",
        "PMNTN_CLS_" : " ",
        "PMNTN_RISK" : " ",
        "PMNTN_RECO" : " ",
        "DATA_STDR_" : "2016-12-31",
        "MNTN_ID" : "431501601"
      },
      "geometry" : {
        "paths" : [
          [
            [
              309644.98695397843,
              496935.49435306527
            ],
            [
              309609.10046656523,
              496913.59866920859
            ],
            [
              309598.02438740525,
              496905.59885458648
            ],
            [
              309594.8924195189,
              496897.11139578559
            ],
            [
              309590.17218635418,
              496888.61558158696
            ],
            [
              309583.84697704483,
              496883.28794242442
            ],
            [
              309574.90808083583,
              496871.59331688099
            ],
            [
              309569.14850003552,
              496859.38598064519
            ],
            [
              309559.16190073453,
              496845.56809839047
            ],
            [
              309556.53985827323,
              496840.78937729262
            ],
            [
              309543.88108420931,
              496831.72236523964
            ],
            [
              309536.49146123696,
              496827.44799992442
            ],
            [
              309532.27836852055,
              496823.19034536369
            ],
            [
              309520.13787587266,
              496816.24380568787
            ],
            [
              309513.79874108359,
              496813.56327590905
            ],
            [
              309490.01654179953,
              496805.4966208525
            ],
            [
              309481.55693537928,
              496803.33437250555
            ],
            [
              309472.05241119768,
              496798.51944565214
            ],
            [
              309457.28709160443,
              496787.32360800542
            ],
            [
              309450.95631242916,
              496783.05481364578
            ],
            [
              309437.75419216696,
              496776.632126607
            ],
            [
              309422.97216236591,
              496768.61281958409
            ],
            [
              309399.71381650772,
              496761.60779485293
            ],
            [
              309381.2091254266,
              496756.74552260712
            ],
            [
              309324.67241692264,
              496735.27065633982
            ],
            [
              309301.43356868904,
              496724.55968223512
            ],
            [
              309277.11359740887,
              496718.07851103134
            ],
            [
              309252.79641177133,
              496711.06791863777
            ],
            [
              309233.7511616759,
              496708.32054929808
            ],
            [
              309209.92162298504,
              496709.25406531058
            ],
            [
              309170.24843055196,
              496702.69212898239
            ],
            [
              309145.89504212514,
              496702.56401708908
            ],
            [
              309127.36250545643,
              496702.99596212618
            ],
            [
              309115.71801823657,
              496702.40526975133
            ],
            [
              309108.30890282616,
              496701.8368577268
            ],
            [
              309099.31709319353,
              496700.20124767907
            ],
            [
              309065.51767182909,
              496684.14036215283
            ],
            [
              309048.60960643087,
              496677.69818411581
            ],
            [
              309030.1216321215,
              496669.65938700736
            ],
            [
              309015.33403791115,
              496662.69892814942
            ],
            [
              309012.71478104219,
              496657.39078902826
            ],
            [
              309008.52397000603,
              496648.89776650257
            ],
            [
              309001.71390194073,
              496635.0966050569
            ],
            [
              308995.95432152692,
              496622.88927798159
            ],
            [
              308994.95117855258,
              496612.29528012127
            ],
            [
              308995.51680476032,
              496605.41558698937
            ],
            [
              308996.17155010533,
              496581.59440921992
            ],
            [
              308995.71175285894,
              496568.35608939454
            ],
            [
              308991.61005954444,
              496542.92158287391
            ],
            [
              308983.80798567552,
              496516.40873927996
            ],
            [
              308974.4594206633,
              496481.94622063823
            ],
            [
              308961.87027358543,
              496459.64368498884
            ],
            [
              308954.54192118254,
              496443.72205526009
            ],
            [
              308945.60024052393,
              496432.55686344579
            ],
            [
              308943.56610141229,
              496416.66308295913
            ],
            [
              308942.09201688506,
              496394.94845238701
            ],
            [
              308942.18113228492,
              496378.00696871802
            ],
            [
              308943.39592621196,
              496348.36494194716
            ],
            [
              308947.29402861092,
              496311.85436139069
            ],
            [
              308948.99368499313,
              496290.68586105853
            ],
            [
              308948.01838614233,
              496274.7976503931
            ],
            [
              308943.85541967489,
              496261.01041652262
            ],
            [
              308934.42887190357,
              496241.37170005776
            ],
            [
              308927.08937684167,
              496227.56775796227
            ],
            [
              308918.62977422122,
              496225.40551632643
            ],
            [
              308882.70988095086,
              496209.86293386482
            ],
            [
              308878.48843407165,
              496207.19354919158
            ],
            [
              308868.44892212655,
              496203.43468964472
            ],
            [
              308850.99194236379,
              496200.69568634406
            ],
            [
              308815.01357174013,
              496196.27095315978
            ],
            [
              308789.12483887374,
              496186.07549639046
            ],
            [
              308760.07628744468,
              496172.68680424057
            ],
            [
              308742.10381204635,
              496167.29791088402
            ],
            [
              308737.38079168554,
              496159.33152962103
            ],
            [
              308722.1027630344,
              496144.95639920421
            ],
            [
              308715.25648821425,
              496138.03772185929
            ],
            [
              308704.74882004689,
              496122.62881201319
            ],
            [
              308685.83446005546,
              496094.99865941703
            ],
            [
              308677.43333763722,
              496081.71857411414
            ],
            [
              308675.88405945338,
              496074.29832310602
            ],
            [
              308672.27000502031,
              496056.80793044157
            ],
            [
              308669.74263919704,
              496034.02889512479
            ],
            [
              308668.82302888855,
              496007.55226537585
            ],
            [
              308669.98490257375,
              495987.96924987994
            ],
            [
              308672.20840287488,
              495967.86238234676
            ],
            [
              308670.17982544377,
              495950.90976517089
            ],
            [
              308662.82918969262,
              495939.2235142123
            ],
            [
              308653.92648985703,
              495920.64643406495
            ],
            [
              308646.00187937263,
              495917.42813813128
            ],
            [
              308628.62565565761,
              495899.33592657931
            ],
            [
              308604.38087944314,
              495878.56041056477
            ],
            [
              308587.50066229794,
              495866.8240390867
            ],
            [
              308580.09990425408,
              495864.66737071984
            ],
            [
              308561.62028574757,
              495855.04033077881
            ],
            [
              308531.51289433334,
              495841.64608343877
            ],
            [
              308513.01935390197,
              495834.66615007631
            ],
            [
              308496.61843745597,
              495832.46214511245
            ],
            [
              308462.78003946878,
              495823.81319763884
            ],
            [
              308442.13540168013,
              495823.17518003657
            ],
            [
              308404.55764393788,
              495820.85979447886
            ],
            [
              308397.16802534834,
              495816.58544271626
            ],
            [
              308383.97705142386,
              495808.04509294964
            ],
            [
              308362.39887625165,
              495783.57756025344
            ],
            [
              308354.51325077005,
              495772.94737214595
            ],
            [
              308340.86246820632,
              495751.168713402
            ],
            [
              308328.79757898394,
              495740.42468207143
            ]
          ]
        ]
      }
    },
    {
      "attributes" : {
        "FID" : 2,
        "PMNTN_SN" : 14809,
        "MNTN_CODE" : "431501601",
        "MNTN_NM" : "마당재산",
        "PMNTN_NM" : "포전리구간",
        "PMNTN_MAIN" : " ",
        "PMNTN_LT" : 1.7,
        "PMNTN_DFFL" : "쉬움",
        "PMNTN_UPPL" : 30,
        "PMNTN_GODN" : 21,
        "PMNTN_MTRQ" : " ",
        "PMNTN_CNRL" : " ",
        "PMNTN_CLS_" : " ",
        "PMNTN_RISK" : " ",
        "PMNTN_RECO" : " ",
        "DATA_STDR_" : "2016-12-31",
        "MNTN_ID" : "431501601"
      },
      "geometry" : {
        "paths" : [
          [
            [
              308328.79757898394,
              495740.42468207143
            ],
            [
              308332.97420000099,
              495727.81930000149
            ],
            [
              308339.59920000285,
              495721.77280000038
            ],
            [
              308343.52489999775,
              495708.71340000071
            ],
            [
              308343.37100000214,
              495698.60700000264
            ],
            [
              308346.58430000395,
              495693.42850000411
            ],
            [
              308343.3032999998,
              495689.33920000121
            ],
            [
              308352.72570000216,
              495684.96590000205
            ],
            [
              308366.79620000161,
              495651.16950000077
            ],
            [
              308380.58400000446,
              495631.65310000256
            ],
            [
              308392.81559999939,
              495611.30810000189
            ],
            [
              308402.88069999963,
              495595.09100000188
            ],
            [
              308419.22830000054,
              495579.32049999945
            ],
            [
              308429.73630000558,
              495569.07520000078
            ],
            [
              308436.47580000293,
              495557.32510000095
            ],
            [
              308437.69560000114,
              495542.36050000042
            ],
            [
              308433.4057,
              495535.53199999966
            ],
            [
              308439.3404000001,
              495521.68889999948
            ],
            [
              308431.1089000022,
              495488.41380000114
            ],
            [
              308432.6827000035,
              495477.33400000259
            ],
            [
              308429.80090000108,
              495464.94600000232
            ],
            [
              308438.34339999966,
              495456.33710000291
            ],
            [
              308453.72230000328,
              495452.75220000185
            ],
            [
              308468.60430000257,
              495444.54570000246
            ],
            [
              308484.42630000133,
              495429.67779999971
            ],
            [
              308489.5438000029,
              495418.6398999989
            ],
            [
              308493.53090000059,
              495404.47140000202
            ],
            [
              308496.79610000085,
              495390.02650000155
            ],
            [
              308510.78770000394,
              495382.3759000022
            ],
            [
              308528.04030000418,
              495373.99090000242
            ],
            [
              308532.47430000268,
              495363.78120000288
            ],
            [
              308548.25219999999,
              495341.88620000333
            ],
            [
              308554.54410000145,
              495316.06030000001
            ],
            [
              308577.45820000209,
              495286.10280000046
            ],
            [
              308598.89730000217,
              495262.38310000114
            ],
            [
              308608.1847000001,
              495247.06130000018
            ],
            [
              308615.35140000097,
              495230.72450000234
            ],
            [
              308619.41370000318,
              495221.2293000035
            ],
            [
              308604.14730000217,
              495202.34820000269
            ],
            [
              308598.69820000045,
              495191.26280000061
            ],
            [
              308583.12800000329,
              495166.13959999941
            ],
            [
              308577.31240000296,
              495160.21250000224
            ],
            [
              308571.51750000287,
              495149.3740000017
            ],
            [
              308566.98420000263,
              495138.3292999994
            ],
            [
              308560.33069999889,
              495121.68220000155
            ],
            [
              308556.79430000205,
              495097.63000000268
            ],
            [
              308552.91860000417,
              495072.37270000204
            ],
            [
              308541.49700000323,
              495063.76080000028
            ],
            [
              308530.95480000041,
              495058.26150000095
            ],
            [
              308520.78860000148,
              495058.4186000023
            ],
            [
              308509.87110000104,
              495067.83990000002
            ],
            [
              308488.76929999981,
              495078.31079999916
            ],
            [
              308475.22790000122,
              495080.70910000056
            ],
            [
              308457.76960000303,
              495074.96959999949
            ],
            [
              308442.68070000317,
              495075.82050000131
            ],
            [
              308425.12450000364,
              495080.27140000276
            ],
            [
              308400.57130000181,
              495082.42800000124
            ],
            [
              308382.48070000391,
              495092.12659999914
            ],
            [
              308361.99890000187,
              495104.67680000141
            ],
            [
              308322.86729999911,
              495127.69749999978
            ],
            [
              308296.21950000245,
              495127.19810000062
            ],
            [
              308288.22720000334,
              495129.34750000015
            ],
            [
              308278.14570000302,
              495127.48780000024
            ],
            [
              308252.95510000177,
              495130.25430000201
            ],
            [
              308235.51379999984,
              495137.05590000749
            ],
            [
              308224.61000000406,
              495136.51620000228
            ],
            [
              308220.5803999994,
              495139.61879999936
            ],
            [
              308207.2385000037,
              495153.69859999977
            ],
            [
              308190.87430000398,
              495157.61560000107
            ],
            [
              308170.08460000157,
              495172.15300000273
            ],
            [
              308149.63330000266,
              495176.21140000224
            ],
            [
              308122.88880000357,
              495186.77080000192
            ],
            [
              308093.20990000106,
              495204.90269999765
            ],
            [
              308061.06820000149,
              495220.36060000584
            ],
            [
              308050.23180000205,
              495242.57090000249
            ],
            [
              308018.42590000387,
              495257.91499999911
            ],
            [
              308003.02000000048,
              495258.95580000058
            ],
            [
              307989.44850000367,
              495263.51830000058
            ],
            [
              307968.91220000014,
              495267.5578000024
            ],
            [
              307962.43180000596,
              495276.10209999979
            ],
            [
              307945.13680000417,
              495288.13839999959
            ],
            [
              307922.42019999865,
              495291.39180000126
            ],
            [
              307906.41910000332,
              495293.90870000422
            ],
            [
              307887.33950000256,
              495303.90450000018
            ],
            [
              307870.84260000382,
              495317.28410000168
            ],
            [
              307861.38670000434,
              495327.26450000145
            ],
            [
              307847.8767000027,
              495337.25949999876
            ],
            [
              307828.23969999887,
              495340.34080000222
            ],
            [
              307808.05770000163,
              495343.24460000172
            ],
            [
              307787.06280000322,
              495349.61260000058
            ],
            [
              307773.43130000401,
              495356.40130000003
            ],
            [
              307755.59329999983,
              495366.88079999946
            ]
          ]
        ]
      }
    }
  ]
}