{
  "displayFieldName" : "",
  "fieldAliases" : {
    "FID" : "FID",
    "PMNTN_SN" : "PMNTN_SN",
    "MNTN_CODE" : "MNTN_CODE",
    "MNTN_NM" : "MNTN_NM",
    "PMNTN_NM" : "PMNTN_NM",
    "PMNTN_MAIN" : "PMNTN_MAIN",
    "PMNTN_LT" : "PMNTN_LT",
    "PMNTN_DFFL" : "PMNTN_DFFL",
    "PMNTN_UPPL" : "PMNTN_UPPL",
    "PMNTN_GODN" : "PMNTN_GODN",
    "PMNTN_MTRQ" : "PMNTN_MTRQ",
    "PMNTN_CNRL" : "PMNTN_CNRL",
    "PMNTN_CLS_" : "PMNTN_CLS_",
    "PMNTN_RISK" : "PMNTN_RISK",
    "PMNTN_RECO" : "PMNTN_RECO",
    "DATA_STDR_" : "DATA_STDR_",
    "MNTN_ID" : "MNTN_ID"
  },
  "geometryType" : "esriGeometryPolyline",
  "spatialReference" : {
    "wkt" : "PROJCS[\"PCS_ITRF2000_TM\",GEOGCS[\"GCS_ITRF_2000\",DATUM[\"D_ITRF_2000\",SPHEROID[\"GRS_1980\",6378137.0,298.257222101]],PRIMEM[\"Greenwich\",0.0],UNIT[\"Degree\",0.0174532925199433]],PROJECTION[\"Transverse_Mercator\"],PARAMETER[\"False_Easting\",200000.0],PARAMETER[\"False_Northing\",600000.0],PARAMETER[\"Central_Meridian\",127.0],PARAMETER[\"Scale_Factor\",1.0],PARAMETER[\"Latitude_Of_Origin\",38.0],UNIT[\"Meter\",1.0]]"
  },
  "fields" : [
    {
      "name" : "FID",
      "type" : "esriFieldTypeOID",
      "alias" : "FID"
    },
    {
      "name" : "PMNTN_SN",
      "type" : "esriFieldTypeDouble",
      "alias" : "PMNTN_SN"
    },
    {
      "name" : "MNTN_CODE",
      "type" : "esriFieldTypeString",
      "alias" : "MNTN_CODE",
      "length" : 9
    },
    {
      "name" : "MNTN_NM",
      "type" : "esriFieldTypeString",
      "alias" : "MNTN_NM",
      "length" : 50
    },
    {
      "name" : "PMNTN_NM",
      "type" : "esriFieldTypeString",
      "alias" : "PMNTN_NM",
      "length" : 50
    },
    {
      "name" : "PMNTN_MAIN",
      "type" : "esriFieldTypeString",
      "alias" : "PMNTN_MAIN",
      "length" : 200
    },
    {
      "name" : "PMNTN_LT",
      "type" : "esriFieldTypeSingle",
      "alias" : "PMNTN_LT"
    },
    {
      "name" : "PMNTN_DFFL",
      "type" : "esriFieldTypeString",
      "alias" : "PMNTN_DFFL",
      "length" : 8
    },
    {
      "name" : "PMNTN_UPPL",
      "type" : "esriFieldTypeDouble",
      "alias" : "PMNTN_UPPL"
    },
    {
      "name" : "PMNTN_GODN",
      "type" : "esriFieldTypeDouble",
      "alias" : "PMNTN_GODN"
    },
    {
      "name" : "PMNTN_MTRQ",
      "type" : "esriFieldTypeString",
      "alias" : "PMNTN_MTRQ",
      "length" : 200
    },
    {
      "name" : "PMNTN_CNRL",
      "type" : "esriFieldTypeString",
      "alias" : "PMNTN_CNRL",
      "length" : 1
    },
    {
      "name" : "PMNTN_CLS_",
      "type" : "esriFieldTypeString",
      "alias" : "PMNTN_CLS_",
      "length" : 1
    },
    {
      "name" : "PMNTN_RISK",
      "type" : "esriFieldTypeString",
      "alias" : "PMNTN_RISK",
      "length" : 200
    },
    {
      "name" : "PMNTN_RECO",
      "type" : "esriFieldTypeString",
      "alias" : "PMNTN_RECO",
      "length" : 1
    },
    {
      "name" : "DATA_STDR_",
      "type" : "esriFieldTypeString",
      "alias" : "DATA_STDR_",
      "length" : 10
    },
    {
      "name" : "MNTN_ID",
      "type" : "esriFieldTypeString",
      "alias" : "MNTN_ID",
      "length" : 10
    }
  ],
  "features" : [
    {
      "attributes" : {
        "FID" : 0,
        "PMNTN_SN" : 24401,
        "MNTN_CODE" : "491105404",
        "MNTN_NM" : "본지오름",
        "PMNTN_NM" : "삼달리구간",
        "PMNTN_MAIN" : " ",
        "PMNTN_LT" : 0.21,
        "PMNTN_DFFL" : "쉬움",
        "PMNTN_UPPL" : 4,
        "PMNTN_GODN" : 3,
        "PMNTN_MTRQ" : " ",
        "PMNTN_CNRL" : " ",
        "PMNTN_CLS_" : " ",
        "PMNTN_RISK" : " ",
        "PMNTN_RECO" : " ",
        "DATA_STDR_" : "2016-12-31",
        "MNTN_ID" : "491105404"
      },
      "geometry" : {
        "paths" : [
          [
            [
              183237.21600000095,
              88213.922899998724
            ],
            [
              183226.09010000341,
              88203.389000000432
            ],
            [
              183214.2564000003,
              88192.095000002533
            ],
            [
              183201.37140000053,
              88180.693700000644
            ],
            [
              183189.57400000002,
              88167.101200001314
            ],
            [
              183178.68250000104,
              88152.170700000599
            ],
            [
              183169.30430000089,
              88138.954400004819
            ],
            [
              183162.3563000001,
              88127.174299998209
            ],
            [
              183154.93460000027,
              88110.468000000343
            ],
            [
              183148.80600000173,
              88095.98000000231
            ],
            [
              183143.34850000031,
              88081.718800002709
            ],
            [
              183138.63380000181,
              88069.4037000034
            ],
            [
              183136.9943000013,
              88060.937899999321
            ],
            [
              183139.72210000083,
              88054.524800002575
            ],
            [
              183149.66760000028,
              88049.855599999428
            ],
            [
              183157.74270000402,
              88050.293100005016
            ]
          ]
        ]
      }
    },
    {
      "attributes" : {
        "FID" : 1,
        "PMNTN_SN" : 24402,
        "MNTN_CODE" : "491105404",
        "MNTN_NM" : "본지오름",
        "PMNTN_NM" : "삼달리구간",
        "PMNTN_MAIN" : " ",
        "PMNTN_LT" : 0.46,
        "PMNTN_DFFL" : "쉬움",
        "PMNTN_UPPL" : 8,
        "PMNTN_GODN" : 6,
        "PMNTN_MTRQ" : " ",
        "PMNTN_CNRL" : " ",
        "PMNTN_CLS_" : " ",
        "PMNTN_RISK" : " ",
        "PMNTN_RECO" : " ",
        "DATA_STDR_" : "2016-12-31",
        "MNTN_ID" : "491105404"
      },
      "geometry" : {
        "paths" : [
          [
            [
              183157.74270000402,
              88050.293100005016
            ],
            [
              183159.52970000077,
              88056.186100002378
            ],
            [
              183164.24680000078,
              88061.886100001633
            ],
            [
              183174.37469999958,
              88073.822500001639
            ],
            [
              183186.43219999969,
              88084.37100000307
            ],
            [
              183189.42410000134,
              88094.037000002339
            ],
            [
              183196.4280999992,
              88102.955500001088
            ],
            [
              183201.79140000325,
              88107.434500001371
            ],
            [
              183206.89330000337,
              88117.436700001359
            ],
            [
              183216.05330000073,
              88124.615200001746
            ],
            [
              183226.68590000179,
              88134.033800000325
            ],
            [
              183241.89859999903,
              88147.304199997336
            ],
            [
              183252.60990000144,
              88155.362000001594
            ],
            [
              183260.16779999994,
              88160.714099999517
            ],
            [
              183266.18980000075,
              88167.247400000691
            ],
            [
              183272.32050000131,
              88172.072500001639
            ],
            [
              183279.8180000009,
              88177.941099999472
            ],
            [
              183288.00300000049,
              88180.108500000089
            ],
            [
              183295.18980000075,
              88182.303100001067
            ],
            [
              183302.27380000241,
              88184.220699999481
            ],
            [
              183313.91180000268,
              88187.676700001583
            ],
            [
              183328.82230000012,
              88192.038800003007
            ],
            [
              183342.79590000026,
              88194.783400002867
            ],
            [
              183360.6118999999,
              88197.91960000433
            ],
            [
              183372.24760000128,
              88200.032900001854
            ],
            [
              183389.74300000165,
              88201.860600005835
            ],
            [
              183408.95520000067,
              88202.750600000843
            ],
            [
              183427.88030000124,
              88203.313400002196
            ],
            [
              183441.23150000349,
              88201.230399999768
            ],
            [
              183456.96630000044,
              88199.847300000489
            ],
            [
              183472.06280000135,
              88197.415699999779
            ],
            [
              183481.72869999986,
              88194.772000001743
            ],
            [
              183489.09360000025,
              88192.419299999252
            ],
            [
              183502.03400000092,
              88186.43940000236
            ],
            [
              183517.44130000006,
              88174.952299999073
            ],
            [
              183532.52880000137,
              88163.891300005838
            ],
            [
              183541.03220000025,
              88157.55150000006
            ]
          ]
        ]
      }
    },
    {
      "attributes" : {
        "FID" : 2,
        "PMNTN_SN" : 24403,
        "MNTN_CODE" : "491105404",
        "MNTN_NM" : "본지오름",
        "PMNTN_NM" : "삼달리구간",
        "PMNTN_MAIN" : " ",
        "PMNTN_LT" : 0.55,
        "PMNTN_DFFL" : "쉬움",
        "PMNTN_UPPL" : 10,
        "PMNTN_GODN" : 7,
        "PMNTN_MTRQ" : " ",
        "PMNTN_CNRL" : " ",
        "PMNTN_CLS_" : " ",
        "PMNTN_RISK" : " ",
        "PMNTN_RECO" : " ",
        "DATA_STDR_" : "2016-12-31",
        "MNTN_ID" : "491105404"
      },
      "geometry" : {
        "paths" : [
          [
            [
              183157.74270000402,
              88050.293100005016
            ],
            [
              183157.74270000402,
              88050.293100005016
            ],
            [
              183168.16240000073,
              88052.404400000349
            ],
            [
              183177.73510000203,
              88058.490000000224
            ],
            [
              183189.48720000032,
              88066.886000001803
            ],
            [
              183202.21900000051,
              88074.400000000373
            ],
            [
              183216.82980000135,
              88082.775900004432
            ],
            [
              183230.98390000127,
              88091.356100002304
            ],
            [
              183242.71200000122,
              88097.323100002483
            ],
            [
              183255.55520000122,
              88102.517100002617
            ],
            [
              183266.95760000125,
              88105.614300001413
            ],
            [
              183282.75170000177,
              88108.836899999529
            ],
            [
              183297.11880000215,
              88110.272200003266
            ],
            [
              183311.72970000003,
              88113.233300000429
            ],
            [
              183328.22120000329,
              88115.597300000489
            ],
            [
              183345.36309999973,
              88117.473899999633
            ],
            [
              183362.84659999982,
              88119.666800001636
            ],
            [
              183376.55720000155,
              88121.147000001743
            ],
            [
              183389.60200000275,
              88121.736300002784
            ],
            [
              183402.54440000374,
              88120.035500003025
            ],
            [
              183415.56300000008,
              88116.966300005093
            ],
            [
              183427.05370000005,
              88112.940000001341
            ],
            [
              183437.44950000197,
              88110.743400003761
            ],
            [
              183452.71600000188,
              88106.48570000194
            ],
            [
              183466.03550000302,
              88103.267400000244
            ],
            [
              183479.38570000138,
              88100.159100001678
            ],
            [
              183494.15759999957,
              88095.155900003389
            ],
            [
              183503.92379999999,
              88088.650800000876
            ],
            [
              183516.64670000039,
              88077.043100003153
            ],
            [
              183527.36210000049,
              88067.266900002956
            ],
            [
              183540.0410999991,
              88055.699300002307
            ],
            [
              183552.17650000192,
              88044.627699997276
            ],
            [
              183564.63850000128,
              88032.111100001261
            ],
            [
              183574.73770000041,
              88021.165500003844
            ],
            [
              183587.50249999948,
              88008.826899999753
            ],
            [
              183596.28239999991,
              87998.286300003529
            ],
            [
              183602.12030000146,
              87989.666700003669
            ],
            [
              183607.9795000013,
              87981.415500000119
            ],
            [
              183615.73430000152,
              87976.175700003281
            ],
            [
              183623.99530000053,
              87971.934700001031
            ],
            [
              183637.39130000025,
              87969.50140000321
            ]
          ]
        ]
      }
    }
  ]
}