{
  "displayFieldName" : "",
  "fieldAliases" : {
    "FID" : "FID",
    "PMNTN_SPOT" : "PMNTN_SPOT",
    "MNTN_CODE" : "MNTN_CODE",
    "MANAGE_SP1" : "MANAGE_SP1",
    "MANAGE_SP2" : "MANAGE_SP2",
    "DETAIL_SPO" : "DETAIL_SPO",
    "ETC_MATTER" : "ETC_MATTER",
    "MNTN_NM" : "MNTN_NM",
    "PAST_SPOT_" : "PAST_SPOT_",
    "MNTN_ID" : "MNTN_ID"
  },
  "geometryType" : "esriGeometryPoint",
  "spatialReference" : {
    "wkt" : "PROJCS[\"PCS_ITRF2000_TM\",GEOGCS[\"GCS_ITRF_2000\",DATUM[\"D_ITRF_2000\",SPHEROID[\"GRS_1980\",6378137.0,298.257222101]],PRIMEM[\"Greenwich\",0.0],UNIT[\"Degree\",0.0174532925199433]],PROJECTION[\"Transverse_Mercator\"],PARAMETER[\"False_Easting\",200000.0],PARAMETER[\"False_Northing\",600000.0],PARAMETER[\"Central_Meridian\",127.0],PARAMETER[\"Scale_Factor\",1.0],PARAMETER[\"Latitude_Of_Origin\",38.0],UNIT[\"Meter\",1.0]]"
  },
  "fields" : [
    {
      "name" : "FID",
      "type" : "esriFieldTypeOID",
      "alias" : "FID"
    },
    {
      "name" : "PMNTN_SPOT",
      "type" : "esriFieldTypeDouble",
      "alias" : "PMNTN_SPOT"
    },
    {
      "name" : "MNTN_CODE",
      "type" : "esriFieldTypeString",
      "alias" : "MNTN_CODE",
      "length" : 9
    },
    {
      "name" : "MANAGE_SP1",
      "type" : "esriFieldTypeString",
      "alias" : "MANAGE_SP1",
      "length" : 2
    },
    {
      "name" : "MANAGE_SP2",
      "type" : "esriFieldTypeString",
      "alias" : "MANAGE_SP2",
      "length" : 50
    },
    {
      "name" : "DETAIL_SPO",
      "type" : "esriFieldTypeString",
      "alias" : "DETAIL_SPO",
      "length" : 200
    },
    {
      "name" : "ETC_MATTER",
      "type" : "esriFieldTypeString",
      "alias" : "ETC_MATTER",
      "length" : 200
    },
    {
      "name" : "MNTN_NM",
      "type" : "esriFieldTypeString",
      "alias" : "MNTN_NM",
      "length" : 50
    },
    {
      "name" : "PAST_SPOT_",
      "type" : "esriFieldTypeString",
      "alias" : "PAST_SPOT_",
      "length" : 14
    },
    {
      "name" : "MNTN_ID",
      "type" : "esriFieldTypeString",
      "alias" : "MNTN_ID",
      "length" : 10
    }
  ],
  "features" : [
    {
      "attributes" : {
        "FID" : 0,
        "PMNTN_SPOT" : 11165,
        "MNTN_CODE" : "287100201",
        "MANAGE_SP1" : "99",
        "MANAGE_SP2" : "기타",
        "DETAIL_SPO" : "무형문화재",
        "ETC_MATTER" : " ",
        "MNTN_NM" : "국수산",
        "PAST_SPOT_" : "2871002010001",
        "MNTN_ID" : "287100201"
      },
      "geometry" : {
        "x" : 145351.14510000218,
        "y" : 567383.01670000143
      }
    },
    {
      "attributes" : {
        "FID" : 1,
        "PMNTN_SPOT" : 11166,
        "MNTN_CODE" : "287100201",
        "MANAGE_SP1" : "05",
        "MANAGE_SP2" : "벤치",
        "DETAIL_SPO" : "벤치",
        "ETC_MATTER" : " ",
        "MNTN_NM" : "국수산",
        "PAST_SPOT_" : "2871002010002",
        "MNTN_ID" : "287100201"
      },
      "geometry" : {
        "x" : 145216.46700000111,
        "y" : 568180.2313000001
      }
    },
    {
      "attributes" : {
        "FID" : 2,
        "PMNTN_SPOT" : 11167,
        "MNTN_CODE" : "287100201",
        "MANAGE_SP1" : "14",
        "MANAGE_SP2" : "조망점",
        "DETAIL_SPO" : "조망대",
        "ETC_MATTER" : " ",
        "MNTN_NM" : "국수산",
        "PAST_SPOT_" : "2871002010003",
        "MNTN_ID" : "287100201"
      },
      "geometry" : {
        "x" : 145041.58590000216,
        "y" : 568217.19390000403
      }
    },
    {
      "attributes" : {
        "FID" : 3,
        "PMNTN_SPOT" : 11168,
        "MNTN_CODE" : "287100201",
        "MANAGE_SP1" : "10",
        "MANAGE_SP2" : "이정표",
        "DETAIL_SPO" : "이정표",
        "ETC_MATTER" : " ",
        "MNTN_NM" : "국수산",
        "PAST_SPOT_" : "2871002010004",
        "MNTN_ID" : "287100201"
      },
      "geometry" : {
        "x" : 145009.9318000013,
        "y" : 568230.85770000331
      }
    },
    {
      "attributes" : {
        "FID" : 4,
        "PMNTN_SPOT" : 11169,
        "MNTN_CODE" : "287100201",
        "MANAGE_SP1" : "23",
        "MANAGE_SP2" : "정상",
        "DETAIL_SPO" : "정상부",
        "ETC_MATTER" : " ",
        "MNTN_NM" : "국수산",
        "PAST_SPOT_" : "2871002010005",
        "MNTN_ID" : "287100201"
      },
      "geometry" : {
        "x" : 144954.74239999987,
        "y" : 568223.14970000088
      }
    },
    {
      "attributes" : {
        "FID" : 5,
        "PMNTN_SPOT" : 11170,
        "MNTN_CODE" : "287100201",
        "MANAGE_SP1" : "14",
        "MANAGE_SP2" : "조망점",
        "DETAIL_SPO" : "조망점",
        "ETC_MATTER" : " ",
        "MNTN_NM" : "국수산",
        "PAST_SPOT_" : "2871002010006",
        "MNTN_ID" : "287100201"
      },
      "geometry" : {
        "x" : 144549.76760000084,
        "y" : 567949.34299999848
      }
    },
    {
      "attributes" : {
        "FID" : 6,
        "PMNTN_SPOT" : 11171,
        "MNTN_CODE" : "287100201",
        "MANAGE_SP1" : "03",
        "MANAGE_SP2" : "정자",
        "DETAIL_SPO" : "정자",
        "ETC_MATTER" : " ",
        "MNTN_NM" : "국수산",
        "PAST_SPOT_" : "2871002010007",
        "MNTN_ID" : "287100201"
      },
      "geometry" : {
        "x" : 144101.41460000165,
        "y" : 567995.71120000258
      }
    },
    {
      "attributes" : {
        "FID" : 7,
        "PMNTN_SPOT" : 11172,
        "MNTN_CODE" : "287100201",
        "MANAGE_SP1" : "05",
        "MANAGE_SP2" : "벤치",
        "DETAIL_SPO" : "벤치",
        "ETC_MATTER" : " ",
        "MNTN_NM" : "국수산",
        "PAST_SPOT_" : "2871002010008",
        "MNTN_ID" : "287100201"
      },
      "geometry" : {
        "x" : 143961.80169999972,
        "y" : 568041.90139999986
      }
    },
    {
      "attributes" : {
        "FID" : 8,
        "PMNTN_SPOT" : 11173,
        "MNTN_CODE" : "287100201",
        "MANAGE_SP1" : "14",
        "MANAGE_SP2" : "조망점",
        "DETAIL_SPO" : "조망점",
        "ETC_MATTER" : " ",
        "MNTN_NM" : "국수산",
        "PAST_SPOT_" : "2871002010009",
        "MNTN_ID" : "287100201"
      },
      "geometry" : {
        "x" : 143888.16500000097,
        "y" : 567880.28370000236
      }
    },
    {
      "attributes" : {
        "FID" : 9,
        "PMNTN_SPOT" : 11174,
        "MNTN_CODE" : "287100201",
        "MANAGE_SP1" : "05",
        "MANAGE_SP2" : "벤치",
        "DETAIL_SPO" : "벤치",
        "ETC_MATTER" : " ",
        "MNTN_NM" : "국수산",
        "PAST_SPOT_" : "2871002010010",
        "MNTN_ID" : "287100201"
      },
      "geometry" : {
        "x" : 143828.32899999991,
        "y" : 567859.35700000077
      }
    },
    {
      "attributes" : {
        "FID" : 10,
        "PMNTN_SPOT" : 11175,
        "MNTN_CODE" : "287100201",
        "MANAGE_SP1" : "07",
        "MANAGE_SP2" : "시설물(운동기구 등)",
        "DETAIL_SPO" : "운동기구",
        "ETC_MATTER" : " ",
        "MNTN_NM" : "국수산",
        "PAST_SPOT_" : "2871002010011",
        "MNTN_ID" : "287100201"
      },
      "geometry" : {
        "x" : 143766.33300000057,
        "y" : 567883.8383000046
      }
    },
    {
      "attributes" : {
        "FID" : 11,
        "PMNTN_SPOT" : 11176,
        "MNTN_CODE" : "287100201",
        "MANAGE_SP1" : "23",
        "MANAGE_SP2" : "정상",
        "DETAIL_SPO" : "정상부",
        "ETC_MATTER" : " ",
        "MNTN_NM" : "국수산",
        "PAST_SPOT_" : "2871002010012",
        "MNTN_ID" : "287100201"
      },
      "geometry" : {
        "x" : 143697.70920000039,
        "y" : 567861.97680000216
      }
    },
    {
      "attributes" : {
        "FID" : 12,
        "PMNTN_SPOT" : 11177,
        "MNTN_CODE" : "287100201",
        "MANAGE_SP1" : "99",
        "MANAGE_SP2" : "기타",
        "DETAIL_SPO" : "삼암돈대",
        "ETC_MATTER" : " ",
        "MNTN_NM" : "국수산",
        "PAST_SPOT_" : "2871002010013",
        "MNTN_ID" : "287100201"
      },
      "geometry" : {
        "x" : 143488.52550000232,
        "y" : 567435.74049999751
      }
    },
    {
      "attributes" : {
        "FID" : 13,
        "PMNTN_SPOT" : 11178,
        "MNTN_CODE" : "287100201",
        "MANAGE_SP1" : "01",
        "MANAGE_SP2" : "시종점",
        "DETAIL_SPO" : "시종점",
        "ETC_MATTER" : " ",
        "MNTN_NM" : "국수산",
        "PAST_SPOT_" : "2871002010014",
        "MNTN_ID" : "287100201"
      },
      "geometry" : {
        "x" : 143519.47609999962,
        "y" : 567308.25379999913
      }
    },
    {
      "attributes" : {
        "FID" : 14,
        "PMNTN_SPOT" : 11179,
        "MNTN_CODE" : "287100201",
        "MANAGE_SP1" : "01",
        "MANAGE_SP2" : "시종점",
        "DETAIL_SPO" : "시종점",
        "ETC_MATTER" : " ",
        "MNTN_NM" : "국수산",
        "PAST_SPOT_" : "2871002010015",
        "MNTN_ID" : "287100201"
      },
      "geometry" : {
        "x" : 145242.8208000008,
        "y" : 567232.8171000015
      }
    },
    {
      "attributes" : {
        "FID" : 15,
        "PMNTN_SPOT" : 11180,
        "MNTN_CODE" : "287100201",
        "MANAGE_SP1" : "02",
        "MANAGE_SP2" : "분기점",
        "DETAIL_SPO" : "분기점",
        "ETC_MATTER" : " ",
        "MNTN_NM" : "국수산",
        "PAST_SPOT_" : "2871002010016",
        "MNTN_ID" : "287100201"
      },
      "geometry" : {
        "x" : 145347.81610000134,
        "y" : 567409.43330000155
      }
    },
    {
      "attributes" : {
        "FID" : 16,
        "PMNTN_SPOT" : 11181,
        "MNTN_CODE" : "287100201",
        "MANAGE_SP1" : "01",
        "MANAGE_SP2" : "시종점",
        "DETAIL_SPO" : "시종점",
        "ETC_MATTER" : " ",
        "MNTN_NM" : "국수산",
        "PAST_SPOT_" : "2871002010017",
        "MNTN_ID" : "287100201"
      },
      "geometry" : {
        "x" : 145487.73990000132,
        "y" : 567336.38069999963
      }
    }
  ]
}