{
  "displayFieldName" : "",
  "fieldAliases" : {
    "FID" : "FID",
    "PMNTN_SN" : "PMNTN_SN",
    "MNTN_CODE" : "MNTN_CODE",
    "MNTN_NM" : "MNTN_NM",
    "PMNTN_NM" : "PMNTN_NM",
    "PMNTN_MAIN" : "PMNTN_MAIN",
    "PMNTN_LT" : "PMNTN_LT",
    "PMNTN_DFFL" : "PMNTN_DFFL",
    "PMNTN_UPPL" : "PMNTN_UPPL",
    "PMNTN_GODN" : "PMNTN_GODN",
    "PMNTN_MTRQ" : "PMNTN_MTRQ",
    "PMNTN_CNRL" : "PMNTN_CNRL",
    "PMNTN_CLS_" : "PMNTN_CLS_",
    "PMNTN_RISK" : "PMNTN_RISK",
    "PMNTN_RECO" : "PMNTN_RECO",
    "DATA_STDR_" : "DATA_STDR_",
    "MNTN_ID" : "MNTN_ID"
  },
  "geometryType" : "esriGeometryPolyline",
  "spatialReference" : {
    "wkt" : "PROJCS[\"PCS_ITRF2000_TM\",GEOGCS[\"GCS_ITRF_2000\",DATUM[\"D_ITRF_2000\",SPHEROID[\"GRS_1980\",6378137.0,298.257222101]],PRIMEM[\"Greenwich\",0.0],UNIT[\"Degree\",0.0174532925199433]],PROJECTION[\"Transverse_Mercator\"],PARAMETER[\"False_Easting\",200000.0],PARAMETER[\"False_Northing\",600000.0],PARAMETER[\"Central_Meridian\",127.0],PARAMETER[\"Scale_Factor\",1.0],PARAMETER[\"Latitude_Of_Origin\",38.0],UNIT[\"Meter\",1.0]]"
  },
  "fields" : [
    {
      "name" : "FID",
      "type" : "esriFieldTypeOID",
      "alias" : "FID"
    },
    {
      "name" : "PMNTN_SN",
      "type" : "esriFieldTypeDouble",
      "alias" : "PMNTN_SN"
    },
    {
      "name" : "MNTN_CODE",
      "type" : "esriFieldTypeString",
      "alias" : "MNTN_CODE",
      "length" : 9
    },
    {
      "name" : "MNTN_NM",
      "type" : "esriFieldTypeString",
      "alias" : "MNTN_NM",
      "length" : 50
    },
    {
      "name" : "PMNTN_NM",
      "type" : "esriFieldTypeString",
      "alias" : "PMNTN_NM",
      "length" : 50
    },
    {
      "name" : "PMNTN_MAIN",
      "type" : "esriFieldTypeString",
      "alias" : "PMNTN_MAIN",
      "length" : 200
    },
    {
      "name" : "PMNTN_LT",
      "type" : "esriFieldTypeSingle",
      "alias" : "PMNTN_LT"
    },
    {
      "name" : "PMNTN_DFFL",
      "type" : "esriFieldTypeString",
      "alias" : "PMNTN_DFFL",
      "length" : 8
    },
    {
      "name" : "PMNTN_UPPL",
      "type" : "esriFieldTypeDouble",
      "alias" : "PMNTN_UPPL"
    },
    {
      "name" : "PMNTN_GODN",
      "type" : "esriFieldTypeDouble",
      "alias" : "PMNTN_GODN"
    },
    {
      "name" : "PMNTN_MTRQ",
      "type" : "esriFieldTypeString",
      "alias" : "PMNTN_MTRQ",
      "length" : 200
    },
    {
      "name" : "PMNTN_CNRL",
      "type" : "esriFieldTypeString",
      "alias" : "PMNTN_CNRL",
      "length" : 1
    },
    {
      "name" : "PMNTN_CLS_",
      "type" : "esriFieldTypeString",
      "alias" : "PMNTN_CLS_",
      "length" : 1
    },
    {
      "name" : "PMNTN_RISK",
      "type" : "esriFieldTypeString",
      "alias" : "PMNTN_RISK",
      "length" : 200
    },
    {
      "name" : "PMNTN_RECO",
      "type" : "esriFieldTypeString",
      "alias" : "PMNTN_RECO",
      "length" : 1
    },
    {
      "name" : "DATA_STDR_",
      "type" : "esriFieldTypeString",
      "alias" : "DATA_STDR_",
      "length" : 10
    },
    {
      "name" : "MNTN_ID",
      "type" : "esriFieldTypeString",
      "alias" : "MNTN_ID",
      "length" : 10
    }
  ],
  "features" : [
    {
      "attributes" : {
        "FID" : 0,
        "PMNTN_SN" : 14095,
        "MNTN_CODE" : "431101301",
        "MNTN_NM" : "두루봉산",
        "PMNTN_NM" : "공북리구간",
        "PMNTN_MAIN" : " ",
        "PMNTN_LT" : 0.39,
        "PMNTN_DFFL" : "쉬움",
        "PMNTN_UPPL" : 7,
        "PMNTN_GODN" : 5,
        "PMNTN_MTRQ" : " ",
        "PMNTN_CNRL" : " ",
        "PMNTN_CLS_" : " ",
        "PMNTN_RISK" : " ",
        "PMNTN_RECO" : " ",
        "DATA_STDR_" : "2016-12-31",
        "MNTN_ID" : "431101301"
      },
      "geometry" : {
        "paths" : [
          [
            [
              227861.54940000083,
              450509.66540000029
            ],
            [
              227853.90990000032,
              450504.95210000128
            ],
            [
              227844.987900001,
              450495.82920000143
            ],
            [
              227834.86649999954,
              450485.61219999939
            ],
            [
              227821.42760000005,
              450479.63080000319
            ],
            [
              227805.37069999985,
              450475.95109999739
            ],
            [
              227789.65139999986,
              450471.91020000167
            ],
            [
              227772.77610000223,
              450469.00170000084
            ],
            [
              227762.40299999993,
              450467.24100000225
            ],
            [
              227753.19140000269,
              450463.16119999997
            ],
            [
              227736.99320000224,
              450456.62100000307
            ],
            [
              227724.02369999979,
              450454.22830000147
            ],
            [
              227713.27480000071,
              450452.24520000257
            ],
            [
              227701.51479999907,
              450449.60290000029
            ],
            [
              227683.71830000356,
              450447.94710000232
            ],
            [
              227664.08170000091,
              450447.79309999943
            ],
            [
              227646.31469999999,
              450441.19590000063
            ],
            [
              227627.52830000222,
              450440.90810000151
            ],
            [
              227614.24629999977,
              450431.56450000405
            ],
            [
              227601.61680000275,
              450421.30230000243
            ],
            [
              227592.18319999985,
              450409.28540000133
            ],
            [
              227591.39279999956,
              450400.23080000281
            ],
            [
              227584.30050000362,
              450398.0549999997
            ],
            [
              227580.38329999987,
              450393.90200000256
            ],
            [
              227577.49430000223,
              450386.88120000064
            ],
            [
              227567.84690000024,
              450385.62629999965
            ],
            [
              227560.64180000313,
              450386.05570000038
            ],
            [
              227551.91610000003,
              450388.89729999751
            ],
            [
              227543.64479999989,
              450389.34740000404
            ],
            [
              227531.59410000034,
              450391.40509999916
            ],
            [
              227523.23959999997,
              450379.51110000163
            ]
          ]
        ]
      }
    },
    {
      "attributes" : {
        "FID" : 1,
        "PMNTN_SN" : 14096,
        "MNTN_CODE" : "431101301",
        "MNTN_NM" : "두루봉산",
        "PMNTN_NM" : "공북리구간",
        "PMNTN_MAIN" : " ",
        "PMNTN_LT" : 0.11,
        "PMNTN_DFFL" : "쉬움",
        "PMNTN_UPPL" : 2,
        "PMNTN_GODN" : 1,
        "PMNTN_MTRQ" : " ",
        "PMNTN_CNRL" : " ",
        "PMNTN_CLS_" : " ",
        "PMNTN_RISK" : " ",
        "PMNTN_RECO" : " ",
        "DATA_STDR_" : "2016-12-31",
        "MNTN_ID" : "431101301"
      },
      "geometry" : {
        "paths" : [
          [
            [
              227523.23959999997,
              450379.51110000163
            ],
            [
              227508.12019999884,
              450378.11610000208
            ],
            [
              227494.99990000296,
              450377.55739999935
            ],
            [
              227487.56740000378,
              450378.51350000128
            ],
            [
              227474.32710000034,
              450379.96930000186
            ],
            [
              227465.11900000274,
              450384.4151000008
            ],
            [
              227453.27850000001,
              450384.19040000252
            ],
            [
              227446.02320000064,
              450379.77649999782
            ],
            [
              227443.34780000057,
              450374.77160000242
            ],
            [
              227444.59730000049,
              450363.11960000359
            ],
            [
              227439.0447000023,
              450348.6259000022
            ]
          ]
        ]
      }
    },
    {
      "attributes" : {
        "FID" : 2,
        "PMNTN_SN" : 14097,
        "MNTN_CODE" : "431101301",
        "MNTN_NM" : "두루봉산",
        "PMNTN_NM" : "공북리구간",
        "PMNTN_MAIN" : " ",
        "PMNTN_LT" : 0.11,
        "PMNTN_DFFL" : "쉬움",
        "PMNTN_UPPL" : 2,
        "PMNTN_GODN" : 1,
        "PMNTN_MTRQ" : " ",
        "PMNTN_CNRL" : " ",
        "PMNTN_CLS_" : " ",
        "PMNTN_RISK" : " ",
        "PMNTN_RECO" : " ",
        "DATA_STDR_" : "2016-12-31",
        "MNTN_ID" : "431101301"
      },
      "geometry" : {
        "paths" : [
          [
            [
              227439.0447000023,
              450348.6259000022
            ],
            [
              227451.04110000096,
              450346.16149999946
            ],
            [
              227457.59680000134,
              450354.1772000026
            ],
            [
              227469.14250000007,
              450357.12340000086
            ],
            [
              227481.74040000048,
              450359.29610000178
            ],
            [
              227496.05469999928,
              450357.11680000089
            ],
            [
              227506.4776999997,
              450357.14020000026
            ],
            [
              227516.37999999989,
              450357.16249999776
            ],
            [
              227531.84600000083,
              450356.04349999875
            ],
            [
              227540.62370000035,
              450356.04230000079
            ]
          ]
        ]
      }
    },
    {
      "attributes" : {
        "FID" : 3,
        "PMNTN_SN" : 14098,
        "MNTN_CODE" : "431101301",
        "MNTN_NM" : "두루봉산",
        "PMNTN_NM" : "공북리구간",
        "PMNTN_MAIN" : " ",
        "PMNTN_LT" : 0.03,
        "PMNTN_DFFL" : "쉬움",
        "PMNTN_UPPL" : 1,
        "PMNTN_GODN" : 0,
        "PMNTN_MTRQ" : " ",
        "PMNTN_CNRL" : " ",
        "PMNTN_CLS_" : " ",
        "PMNTN_RISK" : " ",
        "PMNTN_RECO" : " ",
        "DATA_STDR_" : "2016-12-31",
        "MNTN_ID" : "431101301"
      },
      "geometry" : {
        "paths" : [
          [
            [
              227523.23959999997,
              450379.51110000163
            ],
            [
              227530.10360000096,
              450374.13500000164
            ],
            [
              227538.22109999973,
              450366.40450000018
            ],
            [
              227540.62370000035,
              450356.04230000079
            ]
          ]
        ]
      }
    },
    {
      "attributes" : {
        "FID" : 4,
        "PMNTN_SN" : 14099,
        "MNTN_CODE" : "431101301",
        "MNTN_NM" : "두루봉산",
        "PMNTN_NM" : "공북리구간",
        "PMNTN_MAIN" : " ",
        "PMNTN_LT" : 1.05,
        "PMNTN_DFFL" : "쉬움",
        "PMNTN_UPPL" : 20,
        "PMNTN_GODN" : 14,
        "PMNTN_MTRQ" : " ",
        "PMNTN_CNRL" : " ",
        "PMNTN_CLS_" : " ",
        "PMNTN_RISK" : " ",
        "PMNTN_RECO" : " ",
        "DATA_STDR_" : "2016-12-31",
        "MNTN_ID" : "431101301"
      },
      "geometry" : {
        "paths" : [
          [
            [
              227540.62370000035,
              450356.04230000079
            ],
            [
              227541.5058493698,
              450356.01265495643
            ],
            [
              227547.6799999997,
              450350.67130000331
            ],
            [
              227556.49280000012,
              450342.37210000306
            ],
            [
              227569.98080000095,
              450332.52359999903
            ],
            [
              227582.12630000152,
              450325.3077000007
            ],
            [
              227596.13500000071,
              450318.89839999937
            ],
            [
              227608.73180000111,
              450318.18850000389
            ],
            [
              227621.18819999974,
              450311.05700000003
            ],
            [
              227636.03300000168,
              450306.34820000082
            ],
            [
              227647.59649999999,
              450304.79949999973
            ],
            [
              227660.78369999956,
              450301.04360000044
            ],
            [
              227672.31080000009,
              450289.86510000192
            ],
            [
              227684.92880000081,
              450282.7182
            ],
            [
              227693.99330000114,
              450274.43350000307
            ],
            [
              227704.16160000116,
              450268.5370000042
            ],
            [
              227710.33920000307,
              450269.09800000116
            ],
            [
              227719.48530000262,
              450268.89279999956
            ],
            [
              227728.63540000096,
              450261.1726000011
            ],
            [
              227736.88410000224,
              450254.28219999932
            ],
            [
              227745.49890000373,
              450245.79230000079
            ],
            [
              227747.50020000152,
              450230.92520000227
            ],
            [
              227746.08300000057,
              450214.88169999979
            ],
            [
              227745.59570000321,
              450201.40399999917
            ],
            [
              227748.41220000107,
              450188.6305999998
            ],
            [
              227754.31970000174,
              450176.88630000316
            ],
            [
              227758.62609999999,
              450171.60510000028
            ],
            [
              227758.96229999978,
              450161.05170000158
            ],
            [
              227758.73900000099,
              450153.15130000003
            ],
            [
              227752.35320000071,
              450148.02619999833
            ],
            [
              227750.87469999958,
              450133.56370000541
            ],
            [
              227756.45430000406,
              450119.28600000031
            ],
            [
              227759.43190000206,
              450104.26249999925
            ],
            [
              227760.68640000001,
              450090.04590000212
            ],
            [
              227760.40820000228,
              450074.14709999971
            ],
            [
              227763.30850000214,
              450056.77940000221
            ],
            [
              227766.54930000007,
              450044.6585000027
            ],
            [
              227772.19699999969,
              450029.81829999946
            ],
            [
              227776.49010000005,
              450014.20849999972
            ],
            [
              227778.05820000079,
              450001.14729999937
            ],
            [
              227782.07260000147,
              449981.48029999994
            ],
            [
              227784.03580000158,
              449967.14479999989
            ],
            [
              227783.23630000092,
              449952.09989999793
            ],
            [
              227782.91270000301,
              449934.3227000013
            ],
            [
              227785.01680000033,
              449918.13820000179
            ],
            [
              227786.63370000385,
              449904.51380000263
            ],
            [
              227791.53639999963,
              449887.51890000142
            ],
            [
              227797.40210000239,
              449870.81229999848
            ],
            [
              227803.50459999964,
              449858.1342999991
            ],
            [
              227808.79009999987,
              449844.30280000158
            ],
            [
              227810.27530000359,
              449827.00930000097
            ],
            [
              227808.48110000137,
              449817.3945000004
            ],
            [
              227814.00409999955,
              449810.01910000108
            ],
            [
              227822.31350000016,
              449795.69620000198
            ],
            [
              227818.20910000149,
              449791.6230999995
            ],
            [
              227816.96520000044,
              449787.6670000013
            ],
            [
              227818.26320000179,
              449785.10459999926
            ],
            [
              227822.57110000029,
              449779.98500000313
            ],
            [
              227827.49980000127,
              449777.08590000123
            ],
            [
              227826.50500000082,
              449770.69350000098
            ],
            [
              227824.51260000095,
              449767.78280000016
            ],
            [
              227816.73869999964,
              449760.46660000272
            ],
            [
              227814.04150000121,
              449756.95150000229
            ],
            [
              227812.89620000124,
              449752.04320000112
            ],
            [
              227820.63460000139,
              449742.98059999943
            ],
            [
              227826.2360000005,
              449737.1232000012
            ],
            [
              227831.91069999989,
              449736.02369999886
            ],
            [
              227838.23159999959,
              449738.52400000207
            ],
            [
              227847.53639999963,
              449742.50260000117
            ],
            [
              227863.38110000361,
              449751.26099999994
            ],
            [
              227880.10070000123,
              449756.40720000118
            ],
            [
              227887.94520000275,
              449761.94760000333
            ],
            [
              227895.54389999993,
              449764.44150000252
            ],
            [
              227900.85979999974,
              449761.11040000059
            ],
            [
              227904.58320000116,
              449756.75569999963
            ],
            [
              227914.39429999981,
              449744.04549999908
            ],
            [
              227917.70370000042,
              449731.04850000143
            ],
            [
              227928.5774000017,
              449718.18679999933
            ],
            [
              227935.76439999975,
              449714.78400000185
            ],
            [
              227944.9773000041,
              449717.6313000042
            ],
            [
              227955.70470000152,
              449719.81879999861
            ],
            [
              227972.3339000009,
              449720.78490000032
            ],
            [
              227985.98230000306,
              449718.34170000069
            ],
            [
              227998.14050000068,
              449711.74720000289
            ],
            [
              228010.10010000132,
              449716.09020000137
            ],
            [
              228023.40070000291,
              449713.00730000436
            ],
            [
              228032.00530000217,
              449708.54510000162
            ],
            [
              228035.72620000225,
              449702.83999999985
            ],
            [
              228038.86419999972,
              449698.08320000023
            ],
            [
              228043.19360000174,
              449687.31460000016
            ]
          ]
        ]
      }
    },
    {
      "attributes" : {
        "FID" : 5,
        "PMNTN_SN" : 14100,
        "MNTN_CODE" : "431101301",
        "MNTN_NM" : "두루봉산",
        "PMNTN_NM" : "공북리구간",
        "PMNTN_MAIN" : " ",
        "PMNTN_LT" : 1.14,
        "PMNTN_DFFL" : "쉬움",
        "PMNTN_UPPL" : 20,
        "PMNTN_GODN" : 14,
        "PMNTN_MTRQ" : " ",
        "PMNTN_CNRL" : " ",
        "PMNTN_CLS_" : " ",
        "PMNTN_RISK" : " ",
        "PMNTN_RECO" : " ",
        "DATA_STDR_" : "2016-12-31",
        "MNTN_ID" : "431101301"
      },
      "geometry" : {
        "paths" : [
          [
            [
              227439.0447000023,
              450348.6259000022
            ],
            [
              227437.46339999977,
              450331.50600000098
            ],
            [
              227433.47310000192,
              450320.18850000016
            ],
            [
              227425.69790000003,
              450319.25950000249
            ],
            [
              227411.78680000361,
              450320.80399999954
            ],
            [
              227391.18240000121,
              450320.25820000283
            ],
            [
              227369.43040000368,
              450320.85759999976
            ],
            [
              227348.97869999986,
              450319.33880000003
            ],
            [
              227338.7284000013,
              450312.51490000263
            ],
            [
              227330.91130000073,
              450304.22619999945
            ],
            [
              227322.18969999999,
              450289.1416000016
            ],
            [
              227310.69570000097,
              450286.8964000009
            ],
            [
              227297.98929999955,
              450285.57960000448
            ],
            [
              227288.14140000101,
              450286.32420000061
            ],
            [
              227275.72900000028,
              450286.50779999793
            ],
            [
              227265.12590000033,
              450286.76659999974
            ],
            [
              227253.60050000064,
              450294.66360000148
            ],
            [
              227245.54480000027,
              450302.54160000198
            ],
            [
              227241.43590000272,
              450307.23639999889
            ],
            [
              227233.85590000264,
              450315.89709999785
            ],
            [
              227231.07970000058,
              450324.72100000083
            ],
            [
              227230.48360000271,
              450340.13340000436
            ],
            [
              227226.78670000099,
              450352.38990000263
            ],
            [
              227229.57849999983,
              450364.95800000243
            ],
            [
              227225.32690000068,
              450379.54559999891
            ],
            [
              227220.30850000028,
              450387.2041000016
            ],
            [
              227212.2650000006,
              450391.47970000096
            ],
            [
              227196.78460000176,
              450393.43660000339
            ],
            [
              227189.67520000041,
              450392.32040000148
            ],
            [
              227175.8562000012,
              450391.40029999986
            ],
            [
              227164.65060000308,
              450392.94419999979
            ],
            [
              227152.03100000322,
              450397.49330000207
            ],
            [
              227143.58530000318,
              450401.33570000157
            ],
            [
              227132.23570000194,
              450406.49950000085
            ],
            [
              227129.04870000016,
              450413.35429999977
            ],
            [
              227130.59920000285,
              450424.66690000147
            ],
            [
              227126.41480000038,
              450431.86409999989
            ],
            [
              227122.61880000122,
              450444.08269999921
            ],
            [
              227121.42510000151,
              450453.908400001
            ],
            [
              227120.72900000121,
              450463.9776000008
            ],
            [
              227117.50549999997,
              450475.75850000046
            ],
            [
              227120.06840000115,
              450487.10400000401
            ],
            [
              227127.26319999993,
              450502.22780000605
            ],
            [
              227141.15430000238,
              450508.83120000176
            ],
            [
              227152.82749999966,
              450509.83250000142
            ],
            [
              227164.48660000041,
              450513.26690000109
            ],
            [
              227173.14030000381,
              450522.73179999925
            ],
            [
              227180.37470000051,
              450530.6443000026
            ],
            [
              227188.52920000162,
              450542.90970000066
            ],
            [
              227195.77380000241,
              450551.06940000132
            ],
            [
              227203.66080000252,
              450559.95260000229
            ],
            [
              227214.70449999999,
              450568.15540000051
            ],
            [
              227224.14460000023,
              450573.07989999838
            ],
            [
              227235.67040000018,
              450576.79190000147
            ],
            [
              227250.3552000029,
              450581.98990000226
            ],
            [
              227261.73539999966,
              450590.31170000322
            ],
            [
              227276.71279999986,
              450599.68010000139
            ],
            [
              227285.01550000254,
              450605.12910000421
            ],
            [
              227293.10440000053,
              450603.51070000045
            ],
            [
              227305.15320000332,
              450601.28100000136
            ],
            [
              227312.44590000249,
              450606.26330000162
            ],
            [
              227312.93320000265,
              450613.0764000006
            ],
            [
              227316.018600001,
              450626.93950000219
            ],
            [
              227320.83510000072,
              450634.04440000094
            ],
            [
              227326.49860000238,
              450636.86880000122
            ],
            [
              227340.25740000047,
              450639.35249999911
            ],
            [
              227348.35490000155,
              450642.30850000121
            ],
            [
              227357.31600000244,
              450645.57980000041
            ],
            [
              227373.64020000026,
              450651.75660000183
            ],
            [
              227390.01500000153,
              450658.31679999828
            ],
            [
              227401.84190000128,
              450670.94969999976
            ],
            [
              227418.3367999997,
              450678.55599999987
            ],
            [
              227434.56960000191,
              450688.21780000255
            ],
            [
              227449.09779999964,
              450696.84820000082
            ],
            [
              227462.78960000072,
              450707.38190000132
            ],
            [
              227481.83950000349,
              450711.23959999904
            ],
            [
              227500.19760000054,
              450711.01329999976
            ],
            [
              227518.71340000071,
              450708.56920000166
            ],
            [
              227535.90110000037,
              450704.63519999944
            ],
            [
              227551.32160000131,
              450697.26530000195
            ],
            [
              227564.55460000131,
              450687.04870000109
            ],
            [
              227579.93600000162,
              450678.87740000524
            ],
            [
              227597.51920000277,
              450673.93560000136
            ],
            [
              227614.65199999977,
              450677.93139999919
            ],
            [
              227630.11400000006,
              450675.56320000067
            ],
            [
              227645.97340000048,
              450674.4617999997
            ],
            [
              227659.12959999871,
              450671.89880000427
            ]
          ]
        ]
      }
    }
  ]
}