{
  "displayFieldName" : "",
  "fieldAliases" : {
    "FID" : "FID",
    "PMNTN_SPOT" : "PMNTN_SPOT",
    "MNTN_CODE" : "MNTN_CODE",
    "MANAGE_SP1" : "MANAGE_SP1",
    "MANAGE_SP2" : "MANAGE_SP2",
    "DETAIL_SPO" : "DETAIL_SPO",
    "ETC_MATTER" : "ETC_MATTER",
    "MNTN_NM" : "MNTN_NM",
    "PAST_SPOT_" : "PAST_SPOT_",
    "MNTN_ID" : "MNTN_ID"
  },
  "geometryType" : "esriGeometryPoint",
  "spatialReference" : {
    "wkt" : "PROJCS[\"PCS_ITRF2000_TM\",GEOGCS[\"GCS_ITRF_2000\",DATUM[\"D_ITRF_2000\",SPHEROID[\"GRS_1980\",6378137.0,298.257222101]],PRIMEM[\"Greenwich\",0.0],UNIT[\"Degree\",0.0174532925199433]],PROJECTION[\"Transverse_Mercator\"],PARAMETER[\"False_Easting\",200000.0],PARAMETER[\"False_Northing\",600000.0],PARAMETER[\"Central_Meridian\",127.0],PARAMETER[\"Scale_Factor\",1.0],PARAMETER[\"Latitude_Of_Origin\",38.0],UNIT[\"Meter\",1.0]]"
  },
  "fields" : [
    {
      "name" : "FID",
      "type" : "esriFieldTypeOID",
      "alias" : "FID"
    },
    {
      "name" : "PMNTN_SPOT",
      "type" : "esriFieldTypeDouble",
      "alias" : "PMNTN_SPOT"
    },
    {
      "name" : "MNTN_CODE",
      "type" : "esriFieldTypeString",
      "alias" : "MNTN_CODE",
      "length" : 9
    },
    {
      "name" : "MANAGE_SP1",
      "type" : "esriFieldTypeString",
      "alias" : "MANAGE_SP1",
      "length" : 2
    },
    {
      "name" : "MANAGE_SP2",
      "type" : "esriFieldTypeString",
      "alias" : "MANAGE_SP2",
      "length" : 50
    },
    {
      "name" : "DETAIL_SPO",
      "type" : "esriFieldTypeString",
      "alias" : "DETAIL_SPO",
      "length" : 200
    },
    {
      "name" : "ETC_MATTER",
      "type" : "esriFieldTypeString",
      "alias" : "ETC_MATTER",
      "length" : 200
    },
    {
      "name" : "MNTN_NM",
      "type" : "esriFieldTypeString",
      "alias" : "MNTN_NM",
      "length" : 50
    },
    {
      "name" : "PAST_SPOT_",
      "type" : "esriFieldTypeString",
      "alias" : "PAST_SPOT_",
      "length" : 14
    },
    {
      "name" : "MNTN_ID",
      "type" : "esriFieldTypeString",
      "alias" : "MNTN_ID",
      "length" : 10
    }
  ],
  "features" : [
    {
      "attributes" : {
        "FID" : 0,
        "PMNTN_SPOT" : 22400,
        "MNTN_CODE" : "482501001",
        "MANAGE_SP1" : "99",
        "MANAGE_SP2" : "기타",
        "DETAIL_SPO" : "1998년재설",
        "ETC_MATTER" : " ",
        "MNTN_NM" : "도봉산",
        "PAST_SPOT_" : "4825010010001",
        "MNTN_ID" : "482501001"
      },
      "geometry" : {
        "x" : 374940.5998999998,
        "y" : 302235.91830000095
      }
    },
    {
      "attributes" : {
        "FID" : 1,
        "PMNTN_SPOT" : 22401,
        "MNTN_CODE" : "482501001",
        "MANAGE_SP1" : "01",
        "MANAGE_SP2" : "시종점",
        "DETAIL_SPO" : "시종점",
        "ETC_MATTER" : " ",
        "MNTN_NM" : "도봉산",
        "PAST_SPOT_" : "4825010010002",
        "MNTN_ID" : "482501001"
      },
      "geometry" : {
        "x" : 374301.15439999942,
        "y" : 300706.42700000107
      }
    },
    {
      "attributes" : {
        "FID" : 2,
        "PMNTN_SPOT" : 22402,
        "MNTN_CODE" : "482501001",
        "MANAGE_SP1" : "02",
        "MANAGE_SP2" : "분기점",
        "DETAIL_SPO" : "분기점",
        "ETC_MATTER" : " ",
        "MNTN_NM" : "도봉산",
        "PAST_SPOT_" : "4825010010003",
        "MNTN_ID" : "482501001"
      },
      "geometry" : {
        "x" : 374476.41199999955,
        "y" : 301075.63460000046
      }
    },
    {
      "attributes" : {
        "FID" : 3,
        "PMNTN_SPOT" : 22403,
        "MNTN_CODE" : "482501001",
        "MANAGE_SP1" : "01",
        "MANAGE_SP2" : "시종점",
        "DETAIL_SPO" : "시종점",
        "ETC_MATTER" : " ",
        "MNTN_NM" : "도봉산",
        "PAST_SPOT_" : "4825010010004",
        "MNTN_ID" : "482501001"
      },
      "geometry" : {
        "x" : 374813.40949999914,
        "y" : 300684.26429999992
      }
    },
    {
      "attributes" : {
        "FID" : 4,
        "PMNTN_SPOT" : 22404,
        "MNTN_CODE" : "482501001",
        "MANAGE_SP1" : "01",
        "MANAGE_SP2" : "시종점",
        "DETAIL_SPO" : "시종점",
        "ETC_MATTER" : " ",
        "MNTN_NM" : "도봉산",
        "PAST_SPOT_" : "4825010010005",
        "MNTN_ID" : "482501001"
      },
      "geometry" : {
        "x" : 375451.69900000095,
        "y" : 302961.0738999974
      }
    },
    {
      "attributes" : {
        "FID" : 5,
        "PMNTN_SPOT" : 96075,
        "MNTN_CODE" : "482501001",
        "MANAGE_SP1" : "10",
        "MANAGE_SP2" : "이정표",
        "DETAIL_SPO" : "이정표",
        "ETC_MATTER" : " ",
        "MNTN_NM" : "도봉산",
        "PAST_SPOT_" : "4825010010006",
        "MNTN_ID" : "482501001"
      },
      "geometry" : {
        "x" : 374300.90199999663,
        "y" : 300707.82599999959
      }
    },
    {
      "attributes" : {
        "FID" : 6,
        "PMNTN_SPOT" : 96076,
        "MNTN_CODE" : "482501001",
        "MANAGE_SP1" : "10",
        "MANAGE_SP2" : "이정표",
        "DETAIL_SPO" : "이정표",
        "ETC_MATTER" : " ",
        "MNTN_NM" : "도봉산",
        "PAST_SPOT_" : "4825010010007",
        "MNTN_ID" : "482501001"
      },
      "geometry" : {
        "x" : 374474.20969999896,
        "y" : 301078.63429999928
      }
    },
    {
      "attributes" : {
        "FID" : 7,
        "PMNTN_SPOT" : 96077,
        "MNTN_CODE" : "482501001",
        "MANAGE_SP1" : "05",
        "MANAGE_SP2" : "벤치",
        "DETAIL_SPO" : "벤치",
        "ETC_MATTER" : " ",
        "MNTN_NM" : "도봉산",
        "PAST_SPOT_" : "4825010010008",
        "MNTN_ID" : "482501001"
      },
      "geometry" : {
        "x" : 374583.70659999968,
        "y" : 301235.41459999868
      }
    },
    {
      "attributes" : {
        "FID" : 8,
        "PMNTN_SPOT" : 96078,
        "MNTN_CODE" : "482501001",
        "MANAGE_SP1" : "10",
        "MANAGE_SP2" : "이정표",
        "DETAIL_SPO" : "이정표",
        "ETC_MATTER" : " ",
        "MNTN_NM" : "도봉산",
        "PAST_SPOT_" : "4825010010009",
        "MNTN_ID" : "482501001"
      },
      "geometry" : {
        "x" : 374639.38130000059,
        "y" : 301859.66059999913
      }
    },
    {
      "attributes" : {
        "FID" : 9,
        "PMNTN_SPOT" : 96079,
        "MNTN_CODE" : "482501001",
        "MANAGE_SP1" : "10",
        "MANAGE_SP2" : "이정표",
        "DETAIL_SPO" : "이정표",
        "ETC_MATTER" : " ",
        "MNTN_NM" : "도봉산",
        "PAST_SPOT_" : "4825010010010",
        "MNTN_ID" : "482501001"
      },
      "geometry" : {
        "x" : 375003.40980000026,
        "y" : 302374.11130000086
      }
    },
    {
      "attributes" : {
        "FID" : 10,
        "PMNTN_SPOT" : 96080,
        "MNTN_CODE" : "482501001",
        "MANAGE_SP1" : "05",
        "MANAGE_SP2" : "벤치",
        "DETAIL_SPO" : "벤치",
        "ETC_MATTER" : " ",
        "MNTN_NM" : "도봉산",
        "PAST_SPOT_" : "4825010010011",
        "MNTN_ID" : "482501001"
      },
      "geometry" : {
        "x" : 375163.08730000083,
        "y" : 302388.69449999905
      }
    },
    {
      "attributes" : {
        "FID" : 11,
        "PMNTN_SPOT" : 96081,
        "MNTN_CODE" : "482501001",
        "MANAGE_SP1" : "05",
        "MANAGE_SP2" : "벤치",
        "DETAIL_SPO" : "벤치",
        "ETC_MATTER" : " ",
        "MNTN_NM" : "도봉산",
        "PAST_SPOT_" : "4825010010012",
        "MNTN_ID" : "482501001"
      },
      "geometry" : {
        "x" : 375239.23519999936,
        "y" : 302447.13759999897
      }
    },
    {
      "attributes" : {
        "FID" : 12,
        "PMNTN_SPOT" : 96082,
        "MNTN_CODE" : "482501001",
        "MANAGE_SP1" : "10",
        "MANAGE_SP2" : "이정표",
        "DETAIL_SPO" : "이정표",
        "ETC_MATTER" : " ",
        "MNTN_NM" : "도봉산",
        "PAST_SPOT_" : "4825010010013",
        "MNTN_ID" : "482501001"
      },
      "geometry" : {
        "x" : 375435.14399999974,
        "y" : 302936.62510000088
      }
    }
  ]
}