{"displayFieldName":"","fieldAliases":{"FID":"FID","PMNTN_SPOT":"PMNTN_SPOT","MNTN_CODE":"MNTN_CODE","MANAGE_SP1":"MANAGE_SP1","MANAGE_SP2":"MANAGE_SP2","DETAIL_SPO":"DETAIL_SPO","ETC_MATTER":"ETC_MATTER","MNTN_NM":"MNTN_NM","PAST_SPOT_":"PAST_SPOT_","MNTN_ID":"MNTN_ID"},"geometryType":"esriGeometryPoint","spatialReference":{"wkt":"PROJCS[\"PCS_ITRF2000_TM\",GEOGCS[\"GCS_ITRF_2000\",DATUM[\"D_ITRF_2000\",SPHEROID[\"GRS_1980\",6378137.0,298.257222101]],PRIMEM[\"Greenwich\",0.0],UNIT[\"Degree\",0.0174532925199433]],PROJECTION[\"Transverse_Mercator\"],PARAMETER[\"False_Easting\",200000.0],PARAMETER[\"False_Northing\",600000.0],PARAMETER[\"Central_Meridian\",127.0],PARAMETER[\"Scale_Factor\",1.0],PARAMETER[\"Latitude_Of_Origin\",38.0],UNIT[\"Meter\",1.0]]"},"fields":[{"name":"FID","type":"esriFieldTypeOID","alias":"FID"},{"name":"PMNTN_SPOT","type":"esriFieldTypeDouble","alias":"PMNTN_SPOT"},{"name":"MNTN_CODE","type":"esriFieldTypeString","alias":"MNTN_CODE","length":9},{"name":"MANAGE_SP1","type":"esriFieldTypeString","alias":"MANAGE_SP1","length":2},{"name":"MANAGE_SP2","type":"esriFieldTypeString","alias":"MANAGE_SP2","length":50},{"name":"DETAIL_SPO","type":"esriFieldTypeString","alias":"DETAIL_SPO","length":200},{"name":"ETC_MATTER","type":"esriFieldTypeString","alias":"ETC_MATTER","length":200},{"name":"MNTN_NM","type":"esriFieldTypeString","alias":"MNTN_NM","length":50},{"name":"PAST_SPOT_","type":"esriFieldTypeString","alias":"PAST_SPOT_","length":14},{"name":"MNTN_ID","type":"esriFieldTypeString","alias":"MNTN_ID","length":10}],"features":[{"attributes":{"FID":0,"PMNTN_SPOT":63589,"MNTN_CODE":"437501801","MANAGE_SP1":"01","MANAGE_SP2":"시종점","DETAIL_SPO":" ","ETC_MATTER":" ","MNTN_NM":"먹뱅이산","PAST_SPOT_":" ","MNTN_ID":" "},"geometry":{"x":245463.48460718067,"y":471753.56599744892}},{"attributes":{"FID":1,"PMNTN_SPOT":63590,"MNTN_CODE":"437501801","MANAGE_SP1":"99","MANAGE_SP2":"기타","DETAIL_SPO":"계단시작","ETC_MATTER":" ","MNTN_NM":" ","PAST_SPOT_":" ","MNTN_ID":" "},"geometry":{"x":245443.00459912585,"y":471754.7330301269}},{"attributes":{"FID":2,"PMNTN_SPOT":63591,"MNTN_CODE":"437501801","MANAGE_SP1":"11","MANAGE_SP2":"안내판또는지도","DETAIL_SPO":" ","ETC_MATTER":" ","MNTN_NM":" ","PAST_SPOT_":" ","MNTN_ID":" "},"geometry":{"x":245483.14142035387,"y":471569.02755121951}},{"attributes":{"FID":3,"PMNTN_SPOT":63592,"MNTN_CODE":"437501801","MANAGE_SP1":"99","MANAGE_SP2":"기타","DETAIL_SPO":"계단끝","ETC_MATTER":" ","MNTN_NM":" ","PAST_SPOT_":" ","MNTN_ID":" "},"geometry":{"x":245479.50937709142,"y":471561.53187848936}},{"attributes":{"FID":4,"PMNTN_SPOT":63593,"MNTN_CODE":"437501801","MANAGE_SP1":"99","MANAGE_SP2":"기타","DETAIL_SPO":"밧줄시작","ETC_MATTER":" ","MNTN_NM":" ","PAST_SPOT_":" ","MNTN_ID":" "},"geometry":{"x":245447.26047507886,"y":471532.59777931537}},{"attributes":{"FID":5,"PMNTN_SPOT":63594,"MNTN_CODE":"437501801","MANAGE_SP1":"99","MANAGE_SP2":"기타","DETAIL_SPO":"밧줄끝","ETC_MATTER":" ","MNTN_NM":" ","PAST_SPOT_":" ","MNTN_ID":" "},"geometry":{"x":245364.10712640977,"y":471349.612763735}},{"attributes":{"FID":6,"PMNTN_SPOT":63595,"MNTN_CODE":"437501801","MANAGE_SP1":"23","MANAGE_SP2":"정상부","DETAIL_SPO":"먹뱅이산정상부","ETC_MATTER":" ","MNTN_NM":" ","PAST_SPOT_":" ","MNTN_ID":" "},"geometry":{"x":245311.87269000313,"y":471340.2790346804}},{"attributes":{"FID":7,"PMNTN_SPOT":63596,"MNTN_CODE":"437501801","MANAGE_SP1":"10","MANAGE_SP2":"이정표","DETAIL_SPO":" ","ETC_MATTER":" ","MNTN_NM":" ","PAST_SPOT_":" ","MNTN_ID":" "},"geometry":{"x":245292.43233351852,"y":471328.58950249926}},{"attributes":{"FID":8,"PMNTN_SPOT":63597,"MNTN_CODE":"437501801","MANAGE_SP1":"99","MANAGE_SP2":"기타","DETAIL_SPO":"밧줄시작","ETC_MATTER":" ","MNTN_NM":" ","PAST_SPOT_":" ","MNTN_ID":" "},"geometry":{"x":245270.54573737062,"y":471318.96602958435}},{"attributes":{"FID":9,"PMNTN_SPOT":63598,"MNTN_CODE":"437501801","MANAGE_SP1":"99","MANAGE_SP2":"기타","DETAIL_SPO":"밧줄끝","ETC_MATTER":" ","MNTN_NM":" ","PAST_SPOT_":" ","MNTN_ID":" "},"geometry":{"x":245217.07104895831,"y":471313.00745898607}},{"attributes":{"FID":10,"PMNTN_SPOT":63599,"MNTN_CODE":"437501801","MANAGE_SP1":"05","MANAGE_SP2":"벤치","DETAIL_SPO":" ","ETC_MATTER":" ","MNTN_NM":" ","PAST_SPOT_":" ","MNTN_ID":" "},"geometry":{"x":245180.93497236245,"y":471278.29397651186}},{"attributes":{"FID":11,"PMNTN_SPOT":63600,"MNTN_CODE":"437501801","MANAGE_SP1":"05","MANAGE_SP2":"벤치","DETAIL_SPO":" ","ETC_MATTER":" ","MNTN_NM":" ","PAST_SPOT_":" ","MNTN_ID":" "},"geometry":{"x":245075.15859945162,"y":471043.85694341146}},{"attributes":{"FID":12,"PMNTN_SPOT":63601,"MNTN_CODE":"437501801","MANAGE_SP1":"10","MANAGE_SP2":"이정표","DETAIL_SPO":" ","ETC_MATTER":" ","MNTN_NM":" ","PAST_SPOT_":" ","MNTN_ID":" "},"geometry":{"x":244985.40552975028,"y":471029.42907615966}},{"attributes":{"FID":13,"PMNTN_SPOT":63602,"MNTN_CODE":"437501801","MANAGE_SP1":"10","MANAGE_SP2":"이정표","DETAIL_SPO":" ","ETC_MATTER":" ","MNTN_NM":" ","PAST_SPOT_":" ","MNTN_ID":" "},"geometry":{"x":244730.42511273664,"y":471033.98768071388}},{"attributes":{"FID":14,"PMNTN_SPOT":63603,"MNTN_CODE":"437501801","MANAGE_SP1":"10","MANAGE_SP2":"이정표","DETAIL_SPO":" ","ETC_MATTER":" ","MNTN_NM":" ","PAST_SPOT_":" ","MNTN_ID":" "},"geometry":{"x":244698.75352186209,"y":470483.46659159422}},{"attributes":{"FID":15,"PMNTN_SPOT":63604,"MNTN_CODE":"437501801","MANAGE_SP1":"14","MANAGE_SP2":"조망점","DETAIL_SPO":" ","ETC_MATTER":" ","MNTN_NM":" ","PAST_SPOT_":" ","MNTN_ID":" "},"geometry":{"x":244694.19587027325,"y":470462.85244147206}},{"attributes":{"FID":16,"PMNTN_SPOT":63605,"MNTN_CODE":"437501801","MANAGE_SP1":"02","MANAGE_SP2":"노선내분기","DETAIL_SPO":" ","ETC_MATTER":" ","MNTN_NM":" ","PAST_SPOT_":" ","MNTN_ID":" "},"geometry":{"x":244685.15117878001,"y":470449.55787055288}},{"attributes":{"FID":17,"PMNTN_SPOT":63606,"MNTN_CODE":"437501801","MANAGE_SP1":"99","MANAGE_SP2":"기타","DETAIL_SPO":"쉼터","ETC_MATTER":" ","MNTN_NM":" ","PAST_SPOT_":" ","MNTN_ID":" "},"geometry":{"x":244685.01703784772,"y":470449.83122170181}},{"attributes":{"FID":18,"PMNTN_SPOT":63607,"MNTN_CODE":"437501801","MANAGE_SP1":"99","MANAGE_SP2":"기타","DETAIL_SPO":"밧줄시작","ETC_MATTER":" ","MNTN_NM":" ","PAST_SPOT_":" ","MNTN_ID":" "},"geometry":{"x":244656.74594024531,"y":470415.01673636463}},{"attributes":{"FID":19,"PMNTN_SPOT":63608,"MNTN_CODE":"437501801","MANAGE_SP1":"99","MANAGE_SP2":"기타","DETAIL_SPO":"밧줄끝","ETC_MATTER":" ","MNTN_NM":" ","PAST_SPOT_":" ","MNTN_ID":" "},"geometry":{"x":244638.83584693039,"y":470399.57459129702}},{"attributes":{"FID":20,"PMNTN_SPOT":63609,"MNTN_CODE":"437501801","MANAGE_SP1":"99","MANAGE_SP2":"기타","DETAIL_SPO":"밧줄시작","ETC_MATTER":" ","MNTN_NM":" ","PAST_SPOT_":" ","MNTN_ID":" "},"geometry":{"x":244633.95078089496,"y":470396.02359291096}},{"attributes":{"FID":21,"PMNTN_SPOT":63610,"MNTN_CODE":"437501801","MANAGE_SP1":"99","MANAGE_SP2":"기타","DETAIL_SPO":"밧줄끝","ETC_MATTER":" ","MNTN_NM":" ","PAST_SPOT_":" ","MNTN_ID":" "},"geometry":{"x":244620.26521193024,"y":470384.19191627746}},{"attributes":{"FID":22,"PMNTN_SPOT":63611,"MNTN_CODE":"437501801","MANAGE_SP1":"99","MANAGE_SP2":"기타","DETAIL_SPO":"밧줄시작","ETC_MATTER":" ","MNTN_NM":" ","PAST_SPOT_":" ","MNTN_ID":" "},"geometry":{"x":244610.40349859654,"y":470376.96738855593}},{"attributes":{"FID":23,"PMNTN_SPOT":63612,"MNTN_CODE":"437501801","MANAGE_SP1":"99","MANAGE_SP2":"기타","DETAIL_SPO":"밧줄끝","ETC_MATTER":" ","MNTN_NM":" ","PAST_SPOT_":" ","MNTN_ID":" "},"geometry":{"x":244546.53474716903,"y":470349.48437022185}},{"attributes":{"FID":24,"PMNTN_SPOT":63613,"MNTN_CODE":"437501801","MANAGE_SP1":"99","MANAGE_SP2":"기타","DETAIL_SPO":"밧줄시작","ETC_MATTER":" ","MNTN_NM":" ","PAST_SPOT_":" ","MNTN_ID":" "},"geometry":{"x":244524.3219119104,"y":470338.48503613635}},{"attributes":{"FID":25,"PMNTN_SPOT":63614,"MNTN_CODE":"437501801","MANAGE_SP1":"99","MANAGE_SP2":"기타","DETAIL_SPO":"밧줄끝","ETC_MATTER":" ","MNTN_NM":" ","PAST_SPOT_":" ","MNTN_ID":" "},"geometry":{"x":244516.99448104762,"y":470338.51336309669}},{"attributes":{"FID":26,"PMNTN_SPOT":63615,"MNTN_CODE":"437501801","MANAGE_SP1":"10","MANAGE_SP2":"이정표","DETAIL_SPO":" ","ETC_MATTER":" ","MNTN_NM":" ","PAST_SPOT_":" ","MNTN_ID":" "},"geometry":{"x":244515.96162487101,"y":470351.22982807952}},{"attributes":{"FID":27,"PMNTN_SPOT":63616,"MNTN_CODE":"437501801","MANAGE_SP1":"10","MANAGE_SP2":"이정표","DETAIL_SPO":" ","ETC_MATTER":" ","MNTN_NM":" ","PAST_SPOT_":" ","MNTN_ID":" "},"geometry":{"x":244499.9646743109,"y":470338.36527749244}},{"attributes":{"FID":28,"PMNTN_SPOT":63617,"MNTN_CODE":"437501801","MANAGE_SP1":"99","MANAGE_SP2":"기타","DETAIL_SPO":"밧줄시작","ETC_MATTER":" ","MNTN_NM":" ","PAST_SPOT_":" ","MNTN_ID":" "},"geometry":{"x":244451.49790335717,"y":470282.62682482088}},{"attributes":{"FID":29,"PMNTN_SPOT":63618,"MNTN_CODE":"437501801","MANAGE_SP1":"99","MANAGE_SP2":"기타","DETAIL_SPO":"밧줄끝","ETC_MATTER":" ","MNTN_NM":" ","PAST_SPOT_":" ","MNTN_ID":" "},"geometry":{"x":244391.5687808542,"y":470289.87225350266}},{"attributes":{"FID":30,"PMNTN_SPOT":63619,"MNTN_CODE":"437501801","MANAGE_SP1":"99","MANAGE_SP2":"기타","DETAIL_SPO":"밧줄시작","ETC_MATTER":" ","MNTN_NM":" ","PAST_SPOT_":" ","MNTN_ID":" "},"geometry":{"x":244273.14357989925,"y":470071.95298428787}},{"attributes":{"FID":31,"PMNTN_SPOT":63620,"MNTN_CODE":"437501801","MANAGE_SP1":"99","MANAGE_SP2":"기타","DETAIL_SPO":"밧줄끝","ETC_MATTER":" ","MNTN_NM":" ","PAST_SPOT_":" ","MNTN_ID":" "},"geometry":{"x":244269.34737217156,"y":470019.56247557484}},{"attributes":{"FID":32,"PMNTN_SPOT":63621,"MNTN_CODE":"437501801","MANAGE_SP1":"03","MANAGE_SP2":"정자","DETAIL_SPO":"농암점","ETC_MATTER":" ","MNTN_NM":" ","PAST_SPOT_":" ","MNTN_ID":" "},"geometry":{"x":244227.65597073876,"y":469960.71245431277}},{"attributes":{"FID":33,"PMNTN_SPOT":63622,"MNTN_CODE":"437501801","MANAGE_SP1":"02","MANAGE_SP2":"분기점","DETAIL_SPO":" ","ETC_MATTER":" ","MNTN_NM":" ","PAST_SPOT_":" ","MNTN_ID":" "},"geometry":{"x":244220.41958491798,"y":469940.82825806999}},{"attributes":{"FID":34,"PMNTN_SPOT":63623,"MNTN_CODE":"437501801","MANAGE_SP1":"01","MANAGE_SP2":"시종점","DETAIL_SPO":" ","ETC_MATTER":" ","MNTN_NM":" ","PAST_SPOT_":" ","MNTN_ID":" "},"geometry":{"x":244152.19251622621,"y":469801.92541677918}}]}