{
  "displayFieldName" : "",
  "fieldAliases" : {
    "FID" : "FID",
    "PMNTN_SN" : "PMNTN_SN",
    "MNTN_CODE" : "MNTN_CODE",
    "MNTN_NM" : "MNTN_NM",
    "PMNTN_NM" : "PMNTN_NM",
    "PMNTN_MAIN" : "PMNTN_MAIN",
    "PMNTN_LT" : "PMNTN_LT",
    "PMNTN_DFFL" : "PMNTN_DFFL",
    "PMNTN_UPPL" : "PMNTN_UPPL",
    "PMNTN_GODN" : "PMNTN_GODN",
    "PMNTN_MTRQ" : "PMNTN_MTRQ",
    "PMNTN_CNRL" : "PMNTN_CNRL",
    "PMNTN_CLS_" : "PMNTN_CLS_",
    "PMNTN_RISK" : "PMNTN_RISK",
    "PMNTN_RECO" : "PMNTN_RECO",
    "DATA_STDR_" : "DATA_STDR_",
    "MNTN_ID" : "MNTN_ID"
  },
  "geometryType" : "esriGeometryPolyline",
  "spatialReference" : {
    "wkt" : "PROJCS[\"PCS_ITRF2000_TM\",GEOGCS[\"GCS_ITRF_2000\",DATUM[\"D_ITRF_2000\",SPHEROID[\"GRS_1980\",6378137.0,298.257222101]],PRIMEM[\"Greenwich\",0.0],UNIT[\"Degree\",0.0174532925199433]],PROJECTION[\"Transverse_Mercator\"],PARAMETER[\"False_Easting\",200000.0],PARAMETER[\"False_Northing\",600000.0],PARAMETER[\"Central_Meridian\",127.0],PARAMETER[\"Scale_Factor\",1.0],PARAMETER[\"Latitude_Of_Origin\",38.0],UNIT[\"Meter\",1.0]]"
  },
  "fields" : [
    {
      "name" : "FID",
      "type" : "esriFieldTypeOID",
      "alias" : "FID"
    },
    {
      "name" : "PMNTN_SN",
      "type" : "esriFieldTypeDouble",
      "alias" : "PMNTN_SN"
    },
    {
      "name" : "MNTN_CODE",
      "type" : "esriFieldTypeString",
      "alias" : "MNTN_CODE",
      "length" : 9
    },
    {
      "name" : "MNTN_NM",
      "type" : "esriFieldTypeString",
      "alias" : "MNTN_NM",
      "length" : 50
    },
    {
      "name" : "PMNTN_NM",
      "type" : "esriFieldTypeString",
      "alias" : "PMNTN_NM",
      "length" : 50
    },
    {
      "name" : "PMNTN_MAIN",
      "type" : "esriFieldTypeString",
      "alias" : "PMNTN_MAIN",
      "length" : 200
    },
    {
      "name" : "PMNTN_LT",
      "type" : "esriFieldTypeSingle",
      "alias" : "PMNTN_LT"
    },
    {
      "name" : "PMNTN_DFFL",
      "type" : "esriFieldTypeString",
      "alias" : "PMNTN_DFFL",
      "length" : 8
    },
    {
      "name" : "PMNTN_UPPL",
      "type" : "esriFieldTypeDouble",
      "alias" : "PMNTN_UPPL"
    },
    {
      "name" : "PMNTN_GODN",
      "type" : "esriFieldTypeDouble",
      "alias" : "PMNTN_GODN"
    },
    {
      "name" : "PMNTN_MTRQ",
      "type" : "esriFieldTypeString",
      "alias" : "PMNTN_MTRQ",
      "length" : 200
    },
    {
      "name" : "PMNTN_CNRL",
      "type" : "esriFieldTypeString",
      "alias" : "PMNTN_CNRL",
      "length" : 1
    },
    {
      "name" : "PMNTN_CLS_",
      "type" : "esriFieldTypeString",
      "alias" : "PMNTN_CLS_",
      "length" : 1
    },
    {
      "name" : "PMNTN_RISK",
      "type" : "esriFieldTypeString",
      "alias" : "PMNTN_RISK",
      "length" : 200
    },
    {
      "name" : "PMNTN_RECO",
      "type" : "esriFieldTypeString",
      "alias" : "PMNTN_RECO",
      "length" : 1
    },
    {
      "name" : "DATA_STDR_",
      "type" : "esriFieldTypeString",
      "alias" : "DATA_STDR_",
      "length" : 10
    },
    {
      "name" : "MNTN_ID",
      "type" : "esriFieldTypeString",
      "alias" : "MNTN_ID",
      "length" : 10
    }
  ],
  "features" : [
    {
      "attributes" : {
        "FID" : 0,
        "PMNTN_SN" : 32499,
        "MNTN_CODE" : "491102304",
        "MNTN_NM" : "세미소은총의동산",
        "PMNTN_NM" : "세미소구간",
        "PMNTN_MAIN" : " ",
        "PMNTN_LT" : 0.21,
        "PMNTN_DFFL" : "쉬움",
        "PMNTN_UPPL" : 4,
        "PMNTN_GODN" : 3,
        "PMNTN_MTRQ" : "콘크리트",
        "PMNTN_CNRL" : " ",
        "PMNTN_CLS_" : " ",
        "PMNTN_RISK" : " ",
        "PMNTN_RECO" : " ",
        "DATA_STDR_" : "2016-12-31",
        "MNTN_ID" : "491102304"
      },
      "geometry" : {
        "paths" : [
          [
            [
              136934.74969999958,
              84297.750300003216
            ],
            [
              136940.31780000031,
              84299.601800000295
            ],
            [
              136945.54560000077,
              84300.768600001931
            ],
            [
              136951.78230000194,
              84301.227099999785
            ],
            [
              136959.02460000105,
              84301.440300002694
            ],
            [
              136970.99080000073,
              84302.189999999478
            ],
            [
              136990.75119999982,
              84306.431300003082
            ],
            [
              136994.09829999972,
              84307.599600000307
            ],
            [
              137008.63190000411,
              84310.805700002238
            ],
            [
              137027.09869999997,
              84314.088400002569
            ],
            [
              137047.42720000166,
              84314.523599999025
            ],
            [
              137055.77929999959,
              84310.589500004426
            ],
            [
              137059.05750000104,
              84304.041400002316
            ],
            [
              137058.94890000392,
              84297.120600000024
            ],
            [
              137055.31350000296,
              84290.604400003329
            ],
            [
              137034.28840000276,
              84275.806799998507
            ],
            [
              137014.59630000032,
              84263.550000000745
            ],
            [
              136998.92360000126,
              84264.007999999449
            ]
          ]
        ]
      }
    },
    {
      "attributes" : {
        "FID" : 1,
        "PMNTN_SN" : 32500,
        "MNTN_CODE" : "491102304",
        "MNTN_NM" : "세미소은총의동산",
        "PMNTN_NM" : "세미소구간",
        "PMNTN_MAIN" : " ",
        "PMNTN_LT" : 0.32,
        "PMNTN_DFFL" : "쉬움",
        "PMNTN_UPPL" : 6,
        "PMNTN_GODN" : 4,
        "PMNTN_MTRQ" : "콘크리트",
        "PMNTN_CNRL" : " ",
        "PMNTN_CLS_" : " ",
        "PMNTN_RISK" : " ",
        "PMNTN_RECO" : " ",
        "DATA_STDR_" : "2016-12-31",
        "MNTN_ID" : "491102304"
      },
      "geometry" : {
        "paths" : [
          [
            [
              136905.96900000051,
              83980.422299999744
            ],
            [
              136910.29829999991,
              84114.216300003231
            ],
            [
              136910.54459999967,
              84137.704300001264
            ],
            [
              136914.45310000144,
              84175.001599999145
            ],
            [
              136914.42090000212,
              84182.049000004306
            ],
            [
              136912.13040000107,
              84207.001400001347
            ],
            [
              136915.86180000007,
              84219.968900002539
            ],
            [
              136917.92949999962,
              84236.966200001538
            ],
            [
              136919.95169999916,
              84252.342300001532
            ],
            [
              136922.37140000332,
              84266.148600002751
            ],
            [
              136925.84370000195,
              84275.494100000709
            ],
            [
              136934.74969999958,
              84297.750300003216
            ]
          ]
        ]
      }
    },
    {
      "attributes" : {
        "FID" : 2,
        "PMNTN_SN" : 32501,
        "MNTN_CODE" : "491102304",
        "MNTN_NM" : "세미소은총의동산",
        "PMNTN_NM" : "세미소구간",
        "PMNTN_MAIN" : " ",
        "PMNTN_LT" : 0.45,
        "PMNTN_DFFL" : "쉬움",
        "PMNTN_UPPL" : 8,
        "PMNTN_GODN" : 6,
        "PMNTN_MTRQ" : "콘크리트",
        "PMNTN_CNRL" : " ",
        "PMNTN_CLS_" : " ",
        "PMNTN_RISK" : " ",
        "PMNTN_RECO" : " ",
        "DATA_STDR_" : "2016-12-31",
        "MNTN_ID" : "491102304"
      },
      "geometry" : {
        "paths" : [
          [
            [
              136951.59340000059,
              84320.765400001779
            ],
            [
              136951.73889075499,
              84320.947313554585
            ],
            [
              136957.18249999918,
              84327.753700001165
            ],
            [
              136967.31749999989,
              84338.472500000149
            ],
            [
              136984.95900000073,
              84351.662000000477
            ],
            [
              136998.30820000265,
              84364.73060000129
            ],
            [
              137020.37980000209,
              84383.617900002748
            ],
            [
              137022.39430000074,
              84389.572400001809
            ],
            [
              137022.69979999959,
              84395.765300000086
            ],
            [
              137019.98280000128,
              84402.204399999231
            ],
            [
              137018.16110000294,
              84405.308499999344
            ],
            [
              137012.5904000001,
              84412.342500003055
            ],
            [
              137007.27170000318,
              84416.997700000182
            ],
            [
              136993.08920000028,
              84430.205499999225
            ],
            [
              136983.35000000056,
              84436.444099999964
            ],
            [
              136973.66330000199,
              84439.688900001347
            ],
            [
              136966.23319999967,
              84438.13540000096
            ],
            [
              136958.08550000284,
              84437.397600000724
            ],
            [
              136947.7173000006,
              84434.41750000231
            ],
            [
              136937.49510000367,
              84431.934699999169
            ],
            [
              136928.58619999979,
              84428.155600003898
            ],
            [
              136917.95310000237,
              84422.857599999756
            ],
            [
              136904.68609999958,
              84417.547700000927
            ],
            [
              136887.75600000005,
              84413.050400003791
            ],
            [
              136868.75009999983,
              84408.385100001469
            ],
            [
              136857.4627000019,
              84402.577800001949
            ],
            [
              136853.01750000287,
              84397.97100000456
            ],
            [
              136850.85790000204,
              84391.660600000992
            ],
            [
              136850.73100000061,
              84386.862900001928
            ],
            [
              136852.24530000053,
              84382.144400000572
            ],
            [
              136857.12849999964,
              84368.086600001901
            ],
            [
              136861.07519999985,
              84362.089999999851
            ],
            [
              136866.26360000111,
              84353.984800003469
            ],
            [
              136871.16550000198,
              84348.546800000593
            ],
            [
              136877.87710000016,
              84343.775800002739
            ],
            [
              136888.21339999977,
              84340.229300003499
            ],
            [
              136908.36550000124,
              84335.056700002402
            ],
            [
              136923.93270000163,
              84334.505700001493
            ],
            [
              136929.69910000172,
              84332.073799999431
            ],
            [
              136945.3041000003,
              84326.111000001431
            ],
            [
              136951.36898619309,
              84320.956140859053
            ],
            [
              136951.59340000059,
              84320.765400001779
            ]
          ]
        ]
      }
    },
    {
      "attributes" : {
        "FID" : 3,
        "PMNTN_SN" : 32502,
        "MNTN_CODE" : "491102304",
        "MNTN_NM" : "세미소은총의동산",
        "PMNTN_NM" : "세미소구간",
        "PMNTN_MAIN" : " ",
        "PMNTN_LT" : 0.03,
        "PMNTN_DFFL" : "쉬움",
        "PMNTN_UPPL" : 1,
        "PMNTN_GODN" : 0,
        "PMNTN_MTRQ" : "콘크리트",
        "PMNTN_CNRL" : " ",
        "PMNTN_CLS_" : " ",
        "PMNTN_RISK" : " ",
        "PMNTN_RECO" : " ",
        "DATA_STDR_" : "2016-12-31",
        "MNTN_ID" : "491102304"
      },
      "geometry" : {
        "paths" : [
          [
            [
              136934.74969999958,
              84297.7554442361
            ],
            [
              136951.59340000059,
              84320.770544234663
            ]
          ]
        ]
      }
    }
  ]
}