{
  "displayFieldName" : "",
  "fieldAliases" : {
    "FID" : "FID",
    "PMNTN_SN" : "PMNTN_SN",
    "MNTN_CODE" : "MNTN_CODE",
    "MNTN_NM" : "MNTN_NM",
    "PMNTN_NM" : "PMNTN_NM",
    "PMNTN_MAIN" : "PMNTN_MAIN",
    "PMNTN_LT" : "PMNTN_LT",
    "PMNTN_DFFL" : "PMNTN_DFFL",
    "PMNTN_UPPL" : "PMNTN_UPPL",
    "PMNTN_GODN" : "PMNTN_GODN",
    "PMNTN_MTRQ" : "PMNTN_MTRQ",
    "PMNTN_CNRL" : "PMNTN_CNRL",
    "PMNTN_CLS_" : "PMNTN_CLS_",
    "PMNTN_RISK" : "PMNTN_RISK",
    "PMNTN_RECO" : "PMNTN_RECO",
    "DATA_STDR_" : "DATA_STDR_",
    "MNTN_ID" : "MNTN_ID"
  },
  "geometryType" : "esriGeometryPolyline",
  "spatialReference" : {
    "wkt" : "PROJCS[\"PCS_ITRF2000_TM\",GEOGCS[\"GCS_ITRF_2000\",DATUM[\"D_ITRF_2000\",SPHEROID[\"GRS_1980\",6378137.0,298.257222101]],PRIMEM[\"Greenwich\",0.0],UNIT[\"Degree\",0.0174532925199433]],PROJECTION[\"Transverse_Mercator\"],PARAMETER[\"False_Easting\",200000.0],PARAMETER[\"False_Northing\",600000.0],PARAMETER[\"Central_Meridian\",127.0],PARAMETER[\"Scale_Factor\",1.0],PARAMETER[\"Latitude_Of_Origin\",38.0],UNIT[\"Meter\",1.0]]"
  },
  "fields" : [
    {
      "name" : "FID",
      "type" : "esriFieldTypeOID",
      "alias" : "FID"
    },
    {
      "name" : "PMNTN_SN",
      "type" : "esriFieldTypeDouble",
      "alias" : "PMNTN_SN"
    },
    {
      "name" : "MNTN_CODE",
      "type" : "esriFieldTypeString",
      "alias" : "MNTN_CODE",
      "length" : 9
    },
    {
      "name" : "MNTN_NM",
      "type" : "esriFieldTypeString",
      "alias" : "MNTN_NM",
      "length" : 50
    },
    {
      "name" : "PMNTN_NM",
      "type" : "esriFieldTypeString",
      "alias" : "PMNTN_NM",
      "length" : 50
    },
    {
      "name" : "PMNTN_MAIN",
      "type" : "esriFieldTypeString",
      "alias" : "PMNTN_MAIN",
      "length" : 200
    },
    {
      "name" : "PMNTN_LT",
      "type" : "esriFieldTypeSingle",
      "alias" : "PMNTN_LT"
    },
    {
      "name" : "PMNTN_DFFL",
      "type" : "esriFieldTypeString",
      "alias" : "PMNTN_DFFL",
      "length" : 8
    },
    {
      "name" : "PMNTN_UPPL",
      "type" : "esriFieldTypeDouble",
      "alias" : "PMNTN_UPPL"
    },
    {
      "name" : "PMNTN_GODN",
      "type" : "esriFieldTypeDouble",
      "alias" : "PMNTN_GODN"
    },
    {
      "name" : "PMNTN_MTRQ",
      "type" : "esriFieldTypeString",
      "alias" : "PMNTN_MTRQ",
      "length" : 200
    },
    {
      "name" : "PMNTN_CNRL",
      "type" : "esriFieldTypeString",
      "alias" : "PMNTN_CNRL",
      "length" : 1
    },
    {
      "name" : "PMNTN_CLS_",
      "type" : "esriFieldTypeString",
      "alias" : "PMNTN_CLS_",
      "length" : 1
    },
    {
      "name" : "PMNTN_RISK",
      "type" : "esriFieldTypeString",
      "alias" : "PMNTN_RISK",
      "length" : 200
    },
    {
      "name" : "PMNTN_RECO",
      "type" : "esriFieldTypeString",
      "alias" : "PMNTN_RECO",
      "length" : 1
    },
    {
      "name" : "DATA_STDR_",
      "type" : "esriFieldTypeString",
      "alias" : "DATA_STDR_",
      "length" : 10
    },
    {
      "name" : "MNTN_ID",
      "type" : "esriFieldTypeString",
      "alias" : "MNTN_ID",
      "length" : 10
    }
  ],
  "features" : [
    {
      "attributes" : {
        "FID" : 0,
        "PMNTN_SN" : 19887,
        "MNTN_CODE" : "437400103",
        "MNTN_NM" : "반야사둘레길",
        "PMNTN_NM" : "우매리구간",
        "PMNTN_MAIN" : " ",
        "PMNTN_LT" : 1.5,
        "PMNTN_DFFL" : "쉬움",
        "PMNTN_UPPL" : 26,
        "PMNTN_GODN" : 19,
        "PMNTN_MTRQ" : " ",
        "PMNTN_CNRL" : " ",
        "PMNTN_CLS_" : " ",
        "PMNTN_RISK" : " ",
        "PMNTN_RECO" : " ",
        "DATA_STDR_" : "2016-12-31",
        "MNTN_ID" : "437400103"
      },
      "geometry" : {
        "paths" : [
          [
            [
              281366.30606173724,
              409263.7281372752
            ],
            [
              281381.95083796326,
              409249.51917368174
            ],
            [
              281399.82479006797,
              409243.36496854573
            ],
            [
              281416.56717788801,
              409255.41029517353
            ],
            [
              281419.6020946987,
              409271.68287393637
            ],
            [
              281410.26821278222,
              409286.09152098186
            ],
            [
              281402.74398435745,
              409302.04253805242
            ],
            [
              281417.97594078444,
              409305.13152339496
            ],
            [
              281438.5409089094,
              409317.43582503498
            ],
            [
              281457.60910067987,
              409326.85830215178
            ],
            [
              281463.53135401383,
              409323.00408462435
            ],
            [
              281468.09291731007,
              409314.5619519148
            ],
            [
              281475.674728957,
              409307.653560251
            ],
            [
              281485.84779644944,
              409303.15383626148
            ],
            [
              281496.48616135307,
              409290.62772784941
            ],
            [
              281507.74258084968,
              409272.03967512771
            ],
            [
              281520.35480406228,
              409260.22977383994
            ],
            [
              281533.00034005381,
              409250.85488134809
            ],
            [
              281541.35211820807,
              409258.02216855995
            ],
            [
              281555.7467155084,
              409267.52909544669
            ],
            [
              281565.26016320009,
              409282.90717175603
            ],
            [
              281575.35458848905,
              409297.59034233727
            ],
            [
              281587.97915829066,
              409316.74712918699
            ],
            [
              281598.91791183315,
              409331.6705030147
            ],
            [
              281616.39511994552,
              409344.41225837171
            ],
            [
              281630.64185629133,
              409354.67592103034
            ],
            [
              281646.56180319935,
              409364.88276664354
            ],
            [
              281657.75095877424,
              409380.92969403602
            ],
            [
              281664.6810761597,
              409396.70850740559
            ],
            [
              281666.51156670414,
              409417.41728910059
            ],
            [
              281655.65203893185,
              409434.68998515792
            ],
            [
              281646.21441394929,
              409449.2117851451
            ],
            [
              281632.62703532539,
              409466.18660837412
            ],
            [
              281622.5008535916,
              409481.0908537358
            ],
            [
              281612.16765215155,
              409496.08913356997
            ],
            [
              281594.63731457014,
              409507.27276843973
            ],
            [
              281583.61970485561,
              409525.20228037238
            ],
            [
              281584.02511334699,
              409543.99679316208
            ],
            [
              281584.17432782706,
              409560.64887964912
            ],
            [
              281569.45002445485,
              409573.04891374335
            ],
            [
              281551.90255234297,
              409583.48250849545
            ],
            [
              281540.96424064413,
              409601.1252165176
            ],
            [
              281522.18466112018,
              409601.27180694044
            ],
            [
              281504.52930774074,
              409611.10529977083
            ],
            [
              281484.56905665249,
              409619.054767197
            ],
            [
              281468.49328266829,
              409632.28958445601
            ],
            [
              281461.14247927163,
              409650.51359889098
            ],
            [
              281459.76978582609,
              409669.21025163494
            ],
            [
              281466.95483176038,
              409686.66495401785
            ],
            [
              281467.58052715659,
              409701.10646392405
            ],
            [
              281479.95936499629,
              409720.65711885691
            ],
            [
              281494.88867991697,
              409730.54439812526
            ],
            [
              281508.53530294728,
              409740.83679503575
            ],
            [
              281525.77483701799,
              409751.36967334338
            ],
            [
              281540.9374095276,
              409764.32631813735
            ],
            [
              281556.03351451643,
              409778.08601727523
            ],
            [
              281577.3882454494,
              409783.84203965589
            ],
            [
              281595.6906974623,
              409791.15513594635
            ],
            [
              281611.8965965407,
              409799.57896204293
            ],
            [
              281631.05741583928,
              409803.45865550078
            ],
            [
              281648.06104366388,
              409809.84278560244
            ],
            [
              281669.15527981706,
              409810.29778586887
            ],
            [
              281686.74852103181,
              409807.72246219404
            ],
            [
              281704.60430783033,
              409804.98324656114
            ],
            [
              281725.82156381849,
              409801.14255665801
            ],
            [
              281739.28091985732,
              409792.67811171524
            ],
            [
              281757.89084894117,
              409784.63849348947
            ],
            [
              281772.28909600433,
              409769.69518288784
            ],
            [
              281788.52416127082,
              409757.60001207329
            ],
            [
              281801.7693583509,
              409743.64975699969
            ],
            [
              281820.13627244066,
              409734.84069617838
            ],
            [
              281839.14155484457,
              409729.84519772977
            ],
            [
              281860.06183838565,
              409730.25168033689
            ],
            [
              281881.89889008645,
              409739.31355888397
            ],
            [
              281893.52429560851,
              409752.21057047695
            ],
            [
              281902.9985392252,
              409772.2370788902
            ],
            [
              281908.09903561324,
              409789.8791238945
            ],
            [
              281913.85396565404,
              409806.02986996248
            ],
            [
              281918.22353103571,
              409828.5579038877
            ],
            [
              281920.8322492158,
              409849.24536884762
            ],
            [
              281916.49017169233,
              409865.43115121685
            ]
          ]
        ]
      }
    }
  ]
}