{
  "displayFieldName" : "",
  "fieldAliases" : {
    "FID" : "FID",
    "PMNTN_SPOT" : "PMNTN_SPOT",
    "MNTN_CODE" : "MNTN_CODE",
    "MANAGE_SP1" : "MANAGE_SP1",
    "MANAGE_SP2" : "MANAGE_SP2",
    "DETAIL_SPO" : "DETAIL_SPO",
    "ETC_MATTER" : "ETC_MATTER",
    "MNTN_NM" : "MNTN_NM",
    "PAST_SPOT_" : "PAST_SPOT_",
    "MNTN_ID" : "MNTN_ID"
  },
  "geometryType" : "esriGeometryPoint",
  "spatialReference" : {
    "wkt" : "PROJCS[\"PCS_ITRF2000_TM\",GEOGCS[\"GCS_ITRF_2000\",DATUM[\"D_ITRF_2000\",SPHEROID[\"GRS_1980\",6378137.0,298.257222101]],PRIMEM[\"Greenwich\",0.0],UNIT[\"Degree\",0.0174532925199433]],PROJECTION[\"Transverse_Mercator\"],PARAMETER[\"False_Easting\",200000.0],PARAMETER[\"False_Northing\",600000.0],PARAMETER[\"Central_Meridian\",127.0],PARAMETER[\"Scale_Factor\",1.0],PARAMETER[\"Latitude_Of_Origin\",38.0],UNIT[\"Meter\",1.0]]"
  },
  "fields" : [
    {
      "name" : "FID",
      "type" : "esriFieldTypeOID",
      "alias" : "FID"
    },
    {
      "name" : "PMNTN_SPOT",
      "type" : "esriFieldTypeDouble",
      "alias" : "PMNTN_SPOT"
    },
    {
      "name" : "MNTN_CODE",
      "type" : "esriFieldTypeString",
      "alias" : "MNTN_CODE",
      "length" : 9
    },
    {
      "name" : "MANAGE_SP1",
      "type" : "esriFieldTypeString",
      "alias" : "MANAGE_SP1",
      "length" : 2
    },
    {
      "name" : "MANAGE_SP2",
      "type" : "esriFieldTypeString",
      "alias" : "MANAGE_SP2",
      "length" : 50
    },
    {
      "name" : "DETAIL_SPO",
      "type" : "esriFieldTypeString",
      "alias" : "DETAIL_SPO",
      "length" : 200
    },
    {
      "name" : "ETC_MATTER",
      "type" : "esriFieldTypeString",
      "alias" : "ETC_MATTER",
      "length" : 200
    },
    {
      "name" : "MNTN_NM",
      "type" : "esriFieldTypeString",
      "alias" : "MNTN_NM",
      "length" : 50
    },
    {
      "name" : "PAST_SPOT_",
      "type" : "esriFieldTypeString",
      "alias" : "PAST_SPOT_",
      "length" : 14
    },
    {
      "name" : "MNTN_ID",
      "type" : "esriFieldTypeString",
      "alias" : "MNTN_ID",
      "length" : 10
    }
  ],
  "features" : [
    {
      "attributes" : {
        "FID" : 0,
        "PMNTN_SPOT" : 90223,
        "MNTN_CODE" : "421506501",
        "MANAGE_SP1" : "99",
        "MANAGE_SP2" : "기타",
        "DETAIL_SPO" : "사방댐",
        "ETC_MATTER" : " ",
        "MNTN_NM" : "피래산",
        "PAST_SPOT_" : "22010138000001",
        "MNTN_ID" : "2201013800"
      },
      "geometry" : {
        "x" : 373393.81520002056,
        "y" : 564082.06010000035
      }
    },
    {
      "attributes" : {
        "FID" : 1,
        "PMNTN_SPOT" : 90224,
        "MNTN_CODE" : "421506501",
        "MANAGE_SP1" : "99",
        "MANAGE_SP2" : "기타",
        "DETAIL_SPO" : "국시뎅이",
        "ETC_MATTER" : " ",
        "MNTN_NM" : "피래산",
        "PAST_SPOT_" : "22010138000002",
        "MNTN_ID" : "2201013800"
      },
      "geometry" : {
        "x" : 373032.76300001796,
        "y" : 561844.29450000636
      }
    },
    {
      "attributes" : {
        "FID" : 2,
        "PMNTN_SPOT" : 90225,
        "MNTN_CODE" : "421506501",
        "MANAGE_SP1" : "99",
        "MANAGE_SP2" : "기타",
        "DETAIL_SPO" : "너덜지대",
        "ETC_MATTER" : " ",
        "MNTN_NM" : "피래산",
        "PAST_SPOT_" : "22010138000003",
        "MNTN_ID" : "2201013800"
      },
      "geometry" : {
        "x" : 373300.12080002017,
        "y" : 561767.45790000446
      }
    },
    {
      "attributes" : {
        "FID" : 3,
        "PMNTN_SPOT" : 90226,
        "MNTN_CODE" : "421506501",
        "MANAGE_SP1" : "14",
        "MANAGE_SP2" : "조망점",
        "DETAIL_SPO" : "조망점",
        "ETC_MATTER" : " ",
        "MNTN_NM" : "피래산",
        "PAST_SPOT_" : "22010138000004",
        "MNTN_ID" : "2201013800"
      },
      "geometry" : {
        "x" : 373526.2945000194,
        "y" : 561793.48199999891
      }
    },
    {
      "attributes" : {
        "FID" : 4,
        "PMNTN_SPOT" : 90227,
        "MNTN_CODE" : "421506501",
        "MANAGE_SP1" : "99",
        "MANAGE_SP2" : "기타",
        "DETAIL_SPO" : "기타",
        "ETC_MATTER" : " ",
        "MNTN_NM" : "피래산",
        "PAST_SPOT_" : "22010138000005",
        "MNTN_ID" : "2201013800"
      },
      "geometry" : {
        "x" : 373556.71180001646,
        "y" : 561918.56850000657
      }
    },
    {
      "attributes" : {
        "FID" : 5,
        "PMNTN_SPOT" : 90228,
        "MNTN_CODE" : "421506501",
        "MANAGE_SP1" : "99",
        "MANAGE_SP2" : "기타",
        "DETAIL_SPO" : "기타",
        "ETC_MATTER" : " ",
        "MNTN_NM" : "피래산",
        "PAST_SPOT_" : "22010138000006",
        "MNTN_ID" : "2201013800"
      },
      "geometry" : {
        "x" : 374480.66480001807,
        "y" : 562642.07840000838
      }
    },
    {
      "attributes" : {
        "FID" : 6,
        "PMNTN_SPOT" : 90229,
        "MNTN_CODE" : "421506501",
        "MANAGE_SP1" : "99",
        "MANAGE_SP2" : "기타",
        "DETAIL_SPO" : "기타",
        "ETC_MATTER" : " ",
        "MNTN_NM" : "피래산",
        "PAST_SPOT_" : "22010138000007",
        "MNTN_ID" : "2201013800"
      },
      "geometry" : {
        "x" : 374904.80140002165,
        "y" : 561725.94250000454
      }
    },
    {
      "attributes" : {
        "FID" : 7,
        "PMNTN_SPOT" : 90230,
        "MNTN_CODE" : "421506501",
        "MANAGE_SP1" : "99",
        "MANAGE_SP2" : "기타",
        "DETAIL_SPO" : "기타",
        "ETC_MATTER" : " ",
        "MNTN_NM" : "피래산",
        "PAST_SPOT_" : "22010138000008",
        "MNTN_ID" : "2201013800"
      },
      "geometry" : {
        "x" : 374696.93720002193,
        "y" : 562053.24980000593
      }
    },
    {
      "attributes" : {
        "FID" : 8,
        "PMNTN_SPOT" : 90231,
        "MNTN_CODE" : "421506501",
        "MANAGE_SP1" : "99",
        "MANAGE_SP2" : "기타",
        "DETAIL_SPO" : "기타",
        "ETC_MATTER" : " ",
        "MNTN_NM" : "피래산",
        "PAST_SPOT_" : "22010138000009",
        "MNTN_ID" : "2201013800"
      },
      "geometry" : {
        "x" : 374710.50410002097,
        "y" : 562761.03510000557
      }
    },
    {
      "attributes" : {
        "FID" : 9,
        "PMNTN_SPOT" : 90232,
        "MNTN_CODE" : "421506501",
        "MANAGE_SP1" : "99",
        "MANAGE_SP2" : "기타",
        "DETAIL_SPO" : "사방댐",
        "ETC_MATTER" : " ",
        "MNTN_NM" : "피래산",
        "PAST_SPOT_" : "22010138000010",
        "MNTN_ID" : "2201013800"
      },
      "geometry" : {
        "x" : 376584.6648000218,
        "y" : 562352.52210000716
      }
    },
    {
      "attributes" : {
        "FID" : 10,
        "PMNTN_SPOT" : 90233,
        "MNTN_CODE" : "421506501",
        "MANAGE_SP1" : "99",
        "MANAGE_SP2" : "기타",
        "DETAIL_SPO" : "기타",
        "ETC_MATTER" : " ",
        "MNTN_NM" : "피래산",
        "PAST_SPOT_" : "22010138000011",
        "MNTN_ID" : "2201013800"
      },
      "geometry" : {
        "x" : 375033.62620001938,
        "y" : 562718.04920000769
      }
    },
    {
      "attributes" : {
        "FID" : 11,
        "PMNTN_SPOT" : 90234,
        "MNTN_CODE" : "421506501",
        "MANAGE_SP1" : "99",
        "MANAGE_SP2" : "기타",
        "DETAIL_SPO" : "기타",
        "ETC_MATTER" : " ",
        "MNTN_NM" : "피래산",
        "PAST_SPOT_" : "22010138000012",
        "MNTN_ID" : "2201013800"
      },
      "geometry" : {
        "x" : 374208.36190001853,
        "y" : 563401.17080000415
      }
    },
    {
      "attributes" : {
        "FID" : 12,
        "PMNTN_SPOT" : 90235,
        "MNTN_CODE" : "421506501",
        "MANAGE_SP1" : "01",
        "MANAGE_SP2" : "시종점",
        "DETAIL_SPO" : "시종점",
        "ETC_MATTER" : " ",
        "MNTN_NM" : "피래산",
        "PAST_SPOT_" : "22010138000013",
        "MNTN_ID" : "2201013800"
      },
      "geometry" : {
        "x" : 372918.15850001946,
        "y" : 562279.61370000616
      }
    },
    {
      "attributes" : {
        "FID" : 13,
        "PMNTN_SPOT" : 90236,
        "MNTN_CODE" : "421506501",
        "MANAGE_SP1" : "01",
        "MANAGE_SP2" : "시종점",
        "DETAIL_SPO" : "시종점",
        "ETC_MATTER" : " ",
        "MNTN_NM" : "피래산",
        "PAST_SPOT_" : "22010138000014",
        "MNTN_ID" : "2201013800"
      },
      "geometry" : {
        "x" : 373310.4400000181,
        "y" : 564176.49090000615
      }
    },
    {
      "attributes" : {
        "FID" : 14,
        "PMNTN_SPOT" : 90237,
        "MNTN_CODE" : "421506501",
        "MANAGE_SP1" : "23",
        "MANAGE_SP2" : "정상",
        "DETAIL_SPO" : "피래산정상,삼각점",
        "ETC_MATTER" : " ",
        "MNTN_NM" : "피래산",
        "PAST_SPOT_" : "22010138000015",
        "MNTN_ID" : "2201013800"
      },
      "geometry" : {
        "x" : 374443.52710002102,
        "y" : 562543.74770000391
      }
    },
    {
      "attributes" : {
        "FID" : 15,
        "PMNTN_SPOT" : 90238,
        "MNTN_CODE" : "421506501",
        "MANAGE_SP1" : "02",
        "MANAGE_SP2" : "분기점",
        "DETAIL_SPO" : "분기점",
        "ETC_MATTER" : " ",
        "MNTN_NM" : "피래산",
        "PAST_SPOT_" : "22010138000016",
        "MNTN_ID" : "2201013800"
      },
      "geometry" : {
        "x" : 374494.41680002213,
        "y" : 562161.44090000354
      }
    },
    {
      "attributes" : {
        "FID" : 16,
        "PMNTN_SPOT" : 90239,
        "MNTN_CODE" : "421506501",
        "MANAGE_SP1" : "02",
        "MANAGE_SP2" : "분기점",
        "DETAIL_SPO" : "분기점",
        "ETC_MATTER" : " ",
        "MNTN_NM" : "피래산",
        "PAST_SPOT_" : "22010138000017",
        "MNTN_ID" : "2201013800"
      },
      "geometry" : {
        "x" : 374701.89740002155,
        "y" : 562758.3358999975
      }
    },
    {
      "attributes" : {
        "FID" : 17,
        "PMNTN_SPOT" : 90240,
        "MNTN_CODE" : "421506501",
        "MANAGE_SP1" : "02",
        "MANAGE_SP2" : "분기점",
        "DETAIL_SPO" : "안보등산로 분기점",
        "ETC_MATTER" : " ",
        "MNTN_NM" : "피래산",
        "PAST_SPOT_" : "22010138000018",
        "MNTN_ID" : "2201013800"
      },
      "geometry" : {
        "x" : 374888.4763000207,
        "y" : 562892.52150000259
      }
    },
    {
      "attributes" : {
        "FID" : 18,
        "PMNTN_SPOT" : 90241,
        "MNTN_CODE" : "421506501",
        "MANAGE_SP1" : "01",
        "MANAGE_SP2" : "시종점",
        "DETAIL_SPO" : "시종점",
        "ETC_MATTER" : " ",
        "MNTN_NM" : "피래산",
        "PAST_SPOT_" : "22010138000019",
        "MNTN_ID" : "2201013800"
      },
      "geometry" : {
        "x" : 377042.14620002173,
        "y" : 562531.26660000719
      }
    },
    {
      "attributes" : {
        "FID" : 19,
        "PMNTN_SPOT" : 90242,
        "MNTN_CODE" : "421506501",
        "MANAGE_SP1" : "01",
        "MANAGE_SP2" : "시종점",
        "DETAIL_SPO" : "시종점,이정표",
        "ETC_MATTER" : " ",
        "MNTN_NM" : "피래산",
        "PAST_SPOT_" : "22010138000020",
        "MNTN_ID" : "2201013800"
      },
      "geometry" : {
        "x" : 377896.17140002083,
        "y" : 562423.04300000146
      }
    }
  ]
}