{
  "displayFieldName" : "",
  "fieldAliases" : {
    "FID" : "FID",
    "PMNTN_SPOT" : "PMNTN_SPOT",
    "MNTN_CODE" : "MNTN_CODE",
    "MANAGE_SP1" : "MANAGE_SP1",
    "MANAGE_SP2" : "MANAGE_SP2",
    "DETAIL_SPO" : "DETAIL_SPO",
    "ETC_MATTER" : "ETC_MATTER",
    "MNTN_NM" : "MNTN_NM",
    "PAST_SPOT_" : "PAST_SPOT_",
    "MNTN_ID" : "MNTN_ID"
  },
  "geometryType" : "esriGeometryPoint",
  "spatialReference" : {
    "wkt" : "PROJCS[\"PCS_ITRF2000_TM\",GEOGCS[\"GCS_ITRF_2000\",DATUM[\"D_ITRF_2000\",SPHEROID[\"GRS_1980\",6378137.0,298.257222101]],PRIMEM[\"Greenwich\",0.0],UNIT[\"Degree\",0.0174532925199433]],PROJECTION[\"Transverse_Mercator\"],PARAMETER[\"False_Easting\",200000.0],PARAMETER[\"False_Northing\",600000.0],PARAMETER[\"Central_Meridian\",127.0],PARAMETER[\"Scale_Factor\",1.0],PARAMETER[\"Latitude_Of_Origin\",38.0],UNIT[\"Meter\",1.0]]"
  },
  "fields" : [
    {
      "name" : "FID",
      "type" : "esriFieldTypeOID",
      "alias" : "FID"
    },
    {
      "name" : "PMNTN_SPOT",
      "type" : "esriFieldTypeDouble",
      "alias" : "PMNTN_SPOT"
    },
    {
      "name" : "MNTN_CODE",
      "type" : "esriFieldTypeString",
      "alias" : "MNTN_CODE",
      "length" : 9
    },
    {
      "name" : "MANAGE_SP1",
      "type" : "esriFieldTypeString",
      "alias" : "MANAGE_SP1",
      "length" : 2
    },
    {
      "name" : "MANAGE_SP2",
      "type" : "esriFieldTypeString",
      "alias" : "MANAGE_SP2",
      "length" : 50
    },
    {
      "name" : "DETAIL_SPO",
      "type" : "esriFieldTypeString",
      "alias" : "DETAIL_SPO",
      "length" : 200
    },
    {
      "name" : "ETC_MATTER",
      "type" : "esriFieldTypeString",
      "alias" : "ETC_MATTER",
      "length" : 200
    },
    {
      "name" : "MNTN_NM",
      "type" : "esriFieldTypeString",
      "alias" : "MNTN_NM",
      "length" : 50
    },
    {
      "name" : "PAST_SPOT_",
      "type" : "esriFieldTypeString",
      "alias" : "PAST_SPOT_",
      "length" : 14
    },
    {
      "name" : "MNTN_ID",
      "type" : "esriFieldTypeString",
      "alias" : "MNTN_ID",
      "length" : 10
    }
  ],
  "features" : [
    {
      "attributes" : {
        "FID" : 0,
        "PMNTN_SPOT" : 87205,
        "MNTN_CODE" : "411170701",
        "MANAGE_SP1" : "01",
        "MANAGE_SP2" : "시종점",
        "DETAIL_SPO" : "시종점",
        "ETC_MATTER" : " ",
        "MNTN_NM" : "칠보산",
        "PAST_SPOT_" : "4159028010001",
        "MNTN_ID" : "415902801"
      },
      "geometry" : {
        "x" : 193361.91669999994,
        "y" : 517069.96419999748
      }
    },
    {
      "attributes" : {
        "FID" : 1,
        "PMNTN_SPOT" : 87206,
        "MNTN_CODE" : "411170701",
        "MANAGE_SP1" : "02",
        "MANAGE_SP2" : "분기점",
        "DETAIL_SPO" : "분기점",
        "ETC_MATTER" : " ",
        "MNTN_NM" : "칠보산",
        "PAST_SPOT_" : "4111301010002",
        "MNTN_ID" : "411130101"
      },
      "geometry" : {
        "x" : 193568.2145999996,
        "y" : 519961.3358000014
      }
    },
    {
      "attributes" : {
        "FID" : 2,
        "PMNTN_SPOT" : 87207,
        "MNTN_CODE" : "411170701",
        "MANAGE_SP1" : "02",
        "MANAGE_SP2" : "분기점",
        "DETAIL_SPO" : "분기점",
        "ETC_MATTER" : " ",
        "MNTN_NM" : "칠보산",
        "PAST_SPOT_" : "4111301010003",
        "MNTN_ID" : "411130101"
      },
      "geometry" : {
        "x" : 193578.7061999999,
        "y" : 519130.97680000216
      }
    },
    {
      "attributes" : {
        "FID" : 3,
        "PMNTN_SPOT" : 87208,
        "MNTN_CODE" : "411170701",
        "MANAGE_SP1" : "02",
        "MANAGE_SP2" : "분기점",
        "DETAIL_SPO" : "분기점",
        "ETC_MATTER" : " ",
        "MNTN_NM" : "칠보산",
        "PAST_SPOT_" : "4111301010004",
        "MNTN_ID" : "411130101"
      },
      "geometry" : {
        "x" : 193644.37630000059,
        "y" : 519461.25600000098
      }
    },
    {
      "attributes" : {
        "FID" : 4,
        "PMNTN_SPOT" : 87209,
        "MNTN_CODE" : "411170701",
        "MANAGE_SP1" : "01",
        "MANAGE_SP2" : "시종점",
        "DETAIL_SPO" : "시종점",
        "ETC_MATTER" : " ",
        "MNTN_NM" : "칠보산",
        "PAST_SPOT_" : "4159028010005",
        "MNTN_ID" : "415902801"
      },
      "geometry" : {
        "x" : 193692.43400000036,
        "y" : 517082.69830000028
      }
    },
    {
      "attributes" : {
        "FID" : 5,
        "PMNTN_SPOT" : 87210,
        "MNTN_CODE" : "411170701",
        "MANAGE_SP1" : "02",
        "MANAGE_SP2" : "분기점",
        "DETAIL_SPO" : "분기점",
        "ETC_MATTER" : " ",
        "MNTN_NM" : "칠보산",
        "PAST_SPOT_" : "4111301010006",
        "MNTN_ID" : "411130101"
      },
      "geometry" : {
        "x" : 193727.91670000274,
        "y" : 520737.84960000217
      }
    },
    {
      "attributes" : {
        "FID" : 6,
        "PMNTN_SPOT" : 87211,
        "MNTN_CODE" : "411170701",
        "MANAGE_SP1" : "01",
        "MANAGE_SP2" : "시종점",
        "DETAIL_SPO" : "시종점",
        "ETC_MATTER" : " ",
        "MNTN_NM" : "칠보산",
        "PAST_SPOT_" : "4159028010007",
        "MNTN_ID" : "415902801"
      },
      "geometry" : {
        "x" : 193892.98610000405,
        "y" : 516663.64410000108
      }
    },
    {
      "attributes" : {
        "FID" : 7,
        "PMNTN_SPOT" : 87212,
        "MNTN_CODE" : "411170701",
        "MANAGE_SP1" : "02",
        "MANAGE_SP2" : "분기점",
        "DETAIL_SPO" : "분기점",
        "ETC_MATTER" : " ",
        "MNTN_NM" : "칠보산",
        "PAST_SPOT_" : "4159028010008",
        "MNTN_ID" : "415902801"
      },
      "geometry" : {
        "x" : 193927.78579999972,
        "y" : 517942.68180000037
      }
    },
    {
      "attributes" : {
        "FID" : 8,
        "PMNTN_SPOT" : 87213,
        "MNTN_CODE" : "411170701",
        "MANAGE_SP1" : "02",
        "MANAGE_SP2" : "분기점",
        "DETAIL_SPO" : "분기점",
        "ETC_MATTER" : " ",
        "MNTN_NM" : "칠보산",
        "PAST_SPOT_" : "4159028010009",
        "MNTN_ID" : "415902801"
      },
      "geometry" : {
        "x" : 193932.56740000192,
        "y" : 517945.8321999982
      }
    },
    {
      "attributes" : {
        "FID" : 9,
        "PMNTN_SPOT" : 87214,
        "MNTN_CODE" : "411170701",
        "MANAGE_SP1" : "02",
        "MANAGE_SP2" : "분기점",
        "DETAIL_SPO" : "분기점",
        "ETC_MATTER" : " ",
        "MNTN_NM" : "칠보산",
        "PAST_SPOT_" : "4159028010010",
        "MNTN_ID" : "415902801"
      },
      "geometry" : {
        "x" : 193953.40320000146,
        "y" : 516722.41900000162
      }
    },
    {
      "attributes" : {
        "FID" : 10,
        "PMNTN_SPOT" : 87215,
        "MNTN_CODE" : "411170701",
        "MANAGE_SP1" : "02",
        "MANAGE_SP2" : "분기점",
        "DETAIL_SPO" : "분기점",
        "ETC_MATTER" : " ",
        "MNTN_NM" : "칠보산",
        "PAST_SPOT_" : "4159028010011",
        "MNTN_ID" : "415902801"
      },
      "geometry" : {
        "x" : 193960.01360000018,
        "y" : 517939.55580000021
      }
    },
    {
      "attributes" : {
        "FID" : 11,
        "PMNTN_SPOT" : 87216,
        "MNTN_CODE" : "411170701",
        "MANAGE_SP1" : "01",
        "MANAGE_SP2" : "시종점",
        "DETAIL_SPO" : "시종점",
        "ETC_MATTER" : " ",
        "MNTN_NM" : "칠보산",
        "PAST_SPOT_" : "4111301010012",
        "MNTN_ID" : "411130101"
      },
      "geometry" : {
        "x" : 193984.60290000122,
        "y" : 519570.95170000009
      }
    },
    {
      "attributes" : {
        "FID" : 12,
        "PMNTN_SPOT" : 87217,
        "MNTN_CODE" : "411170701",
        "MANAGE_SP1" : "01",
        "MANAGE_SP2" : "시종점",
        "DETAIL_SPO" : "시종점",
        "ETC_MATTER" : " ",
        "MNTN_NM" : "칠보산",
        "PAST_SPOT_" : "4111301010013",
        "MNTN_ID" : "411130101"
      },
      "geometry" : {
        "x" : 194033.82140000258,
        "y" : 521221.66210000031
      }
    },
    {
      "attributes" : {
        "FID" : 13,
        "PMNTN_SPOT" : 87218,
        "MNTN_CODE" : "411170701",
        "MANAGE_SP1" : "01",
        "MANAGE_SP2" : "시종점",
        "DETAIL_SPO" : "시종점",
        "ETC_MATTER" : " ",
        "MNTN_NM" : "칠보산",
        "PAST_SPOT_" : "4159028010014",
        "MNTN_ID" : "415902801"
      },
      "geometry" : {
        "x" : 194190.4207999995,
        "y" : 516713.4682
      }
    },
    {
      "attributes" : {
        "FID" : 14,
        "PMNTN_SPOT" : 87219,
        "MNTN_CODE" : "411170701",
        "MANAGE_SP1" : "01",
        "MANAGE_SP2" : "시종점",
        "DETAIL_SPO" : "시종점",
        "ETC_MATTER" : " ",
        "MNTN_NM" : "칠보산",
        "PAST_SPOT_" : "4111301010015",
        "MNTN_ID" : "411130101"
      },
      "geometry" : {
        "x" : 194202.0719000008,
        "y" : 519339.33840000257
      }
    },
    {
      "attributes" : {
        "FID" : 15,
        "PMNTN_SPOT" : 87220,
        "MNTN_CODE" : "411170701",
        "MANAGE_SP1" : "01",
        "MANAGE_SP2" : "시종점",
        "DETAIL_SPO" : "시종점",
        "ETC_MATTER" : " ",
        "MNTN_NM" : "칠보산",
        "PAST_SPOT_" : "4111301010016",
        "MNTN_ID" : "411130101"
      },
      "geometry" : {
        "x" : 194238.75869999919,
        "y" : 519812.5839000009
      }
    },
    {
      "attributes" : {
        "FID" : 16,
        "PMNTN_SPOT" : 87221,
        "MNTN_CODE" : "411170701",
        "MANAGE_SP1" : "02",
        "MANAGE_SP2" : "분기점",
        "DETAIL_SPO" : "분기점",
        "ETC_MATTER" : " ",
        "MNTN_NM" : "칠보산",
        "PAST_SPOT_" : "4159028010017",
        "MNTN_ID" : "415902801"
      },
      "geometry" : {
        "x" : 194251.41540000029,
        "y" : 517559.92410000227
      }
    },
    {
      "attributes" : {
        "FID" : 17,
        "PMNTN_SPOT" : 87222,
        "MNTN_CODE" : "411170701",
        "MANAGE_SP1" : "05",
        "MANAGE_SP2" : "벤치",
        "DETAIL_SPO" : "벤치",
        "ETC_MATTER" : " ",
        "MNTN_NM" : "칠보산",
        "PAST_SPOT_" : "4159028010018",
        "MNTN_ID" : "415902801"
      },
      "geometry" : {
        "x" : 194258.91349999979,
        "y" : 517387.38820000179
      }
    },
    {
      "attributes" : {
        "FID" : 18,
        "PMNTN_SPOT" : 87223,
        "MNTN_CODE" : "411170701",
        "MANAGE_SP1" : "01",
        "MANAGE_SP2" : "시종점",
        "DETAIL_SPO" : "시종점",
        "ETC_MATTER" : " ",
        "MNTN_NM" : "칠보산",
        "PAST_SPOT_" : "4111301010019",
        "MNTN_ID" : "411130101"
      },
      "geometry" : {
        "x" : 194403.82100000419,
        "y" : 520672.27260000072
      }
    },
    {
      "attributes" : {
        "FID" : 19,
        "PMNTN_SPOT" : 87224,
        "MNTN_CODE" : "411170701",
        "MANAGE_SP1" : "02",
        "MANAGE_SP2" : "분기점",
        "DETAIL_SPO" : "분기점",
        "ETC_MATTER" : " ",
        "MNTN_NM" : "칠보산",
        "PAST_SPOT_" : "4159028010020",
        "MNTN_ID" : "415902801"
      },
      "geometry" : {
        "x" : 194460.75410000049,
        "y" : 517036.27889999934
      }
    },
    {
      "attributes" : {
        "FID" : 20,
        "PMNTN_SPOT" : 87225,
        "MNTN_CODE" : "411170701",
        "MANAGE_SP1" : "01",
        "MANAGE_SP2" : "시종점",
        "DETAIL_SPO" : "시종점",
        "ETC_MATTER" : " ",
        "MNTN_NM" : "칠보산",
        "PAST_SPOT_" : "4111301010021",
        "MNTN_ID" : "411130101"
      },
      "geometry" : {
        "x" : 194464.3004999999,
        "y" : 517989.74170000106
      }
    },
    {
      "attributes" : {
        "FID" : 21,
        "PMNTN_SPOT" : 87226,
        "MNTN_CODE" : "411170701",
        "MANAGE_SP1" : "02",
        "MANAGE_SP2" : "분기점",
        "DETAIL_SPO" : "분기점",
        "ETC_MATTER" : " ",
        "MNTN_NM" : "칠보산",
        "PAST_SPOT_" : "4111301010022",
        "MNTN_ID" : "411130101"
      },
      "geometry" : {
        "x" : 194544.93860000186,
        "y" : 517992.83130000345
      }
    },
    {
      "attributes" : {
        "FID" : 22,
        "PMNTN_SPOT" : 87227,
        "MNTN_CODE" : "411170701",
        "MANAGE_SP1" : "01",
        "MANAGE_SP2" : "시종점",
        "DETAIL_SPO" : "시종점",
        "ETC_MATTER" : " ",
        "MNTN_NM" : "칠보산",
        "PAST_SPOT_" : "4159028010023",
        "MNTN_ID" : "415902801"
      },
      "geometry" : {
        "x" : 194610.45529999956,
        "y" : 517159.12570000254
      }
    },
    {
      "attributes" : {
        "FID" : 23,
        "PMNTN_SPOT" : 87228,
        "MNTN_CODE" : "411170701",
        "MANAGE_SP1" : "02",
        "MANAGE_SP2" : "분기점",
        "DETAIL_SPO" : "분기점",
        "ETC_MATTER" : " ",
        "MNTN_NM" : "칠보산",
        "PAST_SPOT_" : "4111301010024",
        "MNTN_ID" : "411130101"
      },
      "geometry" : {
        "x" : 194736.90410000179,
        "y" : 518194.53220000118
      }
    },
    {
      "attributes" : {
        "FID" : 24,
        "PMNTN_SPOT" : 87229,
        "MNTN_CODE" : "411170701",
        "MANAGE_SP1" : "01",
        "MANAGE_SP2" : "시종점",
        "DETAIL_SPO" : "시종점",
        "ETC_MATTER" : " ",
        "MNTN_NM" : "칠보산",
        "PAST_SPOT_" : "4159028010025",
        "MNTN_ID" : "415902801"
      },
      "geometry" : {
        "x" : 194914.11150000058,
        "y" : 516302.16530000232
      }
    },
    {
      "attributes" : {
        "FID" : 25,
        "PMNTN_SPOT" : 87230,
        "MNTN_CODE" : "411170701",
        "MANAGE_SP1" : "01",
        "MANAGE_SP2" : "시종점",
        "DETAIL_SPO" : "시종점",
        "ETC_MATTER" : " ",
        "MNTN_NM" : "칠보산",
        "PAST_SPOT_" : "4111301010026",
        "MNTN_ID" : "411130101"
      },
      "geometry" : {
        "x" : 194918.12830000278,
        "y" : 518248.45740000159
      }
    },
    {
      "attributes" : {
        "FID" : 26,
        "PMNTN_SPOT" : 87231,
        "MNTN_CODE" : "411170701",
        "MANAGE_SP1" : "02",
        "MANAGE_SP2" : "분기점",
        "DETAIL_SPO" : "분기점",
        "ETC_MATTER" : " ",
        "MNTN_NM" : "칠보산",
        "PAST_SPOT_" : "4159028010027",
        "MNTN_ID" : "415902801"
      },
      "geometry" : {
        "x" : 195027.19610000122,
        "y" : 516725.77590000071
      }
    },
    {
      "attributes" : {
        "FID" : 27,
        "PMNTN_SPOT" : 87232,
        "MNTN_CODE" : "411170701",
        "MANAGE_SP1" : "02",
        "MANAGE_SP2" : "분기점",
        "DETAIL_SPO" : "분기점",
        "ETC_MATTER" : " ",
        "MNTN_NM" : "칠보산",
        "PAST_SPOT_" : "4159028010028",
        "MNTN_ID" : "415902801"
      },
      "geometry" : {
        "x" : 195383.98760000058,
        "y" : 516542.30120000057
      }
    },
    {
      "attributes" : {
        "FID" : 28,
        "PMNTN_SPOT" : 87233,
        "MNTN_CODE" : "411170701",
        "MANAGE_SP1" : "01",
        "MANAGE_SP2" : "시종점",
        "DETAIL_SPO" : "시종점",
        "ETC_MATTER" : " ",
        "MNTN_NM" : "칠보산",
        "PAST_SPOT_" : "4159028010029",
        "MNTN_ID" : "415902801"
      },
      "geometry" : {
        "x" : 195409.56989999954,
        "y" : 517500.13650000282
      }
    },
    {
      "attributes" : {
        "FID" : 29,
        "PMNTN_SPOT" : 87234,
        "MNTN_CODE" : "411170701",
        "MANAGE_SP1" : "01",
        "MANAGE_SP2" : "시종점",
        "DETAIL_SPO" : "시종점",
        "ETC_MATTER" : " ",
        "MNTN_NM" : "칠보산",
        "PAST_SPOT_" : "4159028010030",
        "MNTN_ID" : "415902801"
      },
      "geometry" : {
        "x" : 195421.44440000132,
        "y" : 516495.95640000142
      }
    },
    {
      "attributes" : {
        "FID" : 30,
        "PMNTN_SPOT" : 87235,
        "MNTN_CODE" : "411170701",
        "MANAGE_SP1" : "01",
        "MANAGE_SP2" : "시종점",
        "DETAIL_SPO" : "시종점",
        "ETC_MATTER" : " ",
        "MNTN_NM" : "칠보산",
        "PAST_SPOT_" : "4159028010031",
        "MNTN_ID" : "415902801"
      },
      "geometry" : {
        "x" : 195571.2714000009,
        "y" : 516579.12319999933
      }
    },
    {
      "attributes" : {
        "FID" : 31,
        "PMNTN_SPOT" : 87236,
        "MNTN_CODE" : "411170701",
        "MANAGE_SP1" : "12",
        "MANAGE_SP2" : "위험지역",
        "DETAIL_SPO" : "위험지역",
        "ETC_MATTER" : " ",
        "MNTN_NM" : "칠보산",
        "PAST_SPOT_" : "4159028010032",
        "MNTN_ID" : "415902801"
      },
      "geometry" : {
        "x" : 195385.61360000353,
        "y" : 516545.34139999934
      }
    },
    {
      "attributes" : {
        "FID" : 32,
        "PMNTN_SPOT" : 87237,
        "MNTN_CODE" : "411170701",
        "MANAGE_SP1" : "05",
        "MANAGE_SP2" : "벤치",
        "DETAIL_SPO" : "칠보약수터,천주교묘지",
        "ETC_MATTER" : " ",
        "MNTN_NM" : "칠보산",
        "PAST_SPOT_" : "4159028010033",
        "MNTN_ID" : "415902801"
      },
      "geometry" : {
        "x" : 193893.67530000117,
        "y" : 516662.50310000032
      }
    },
    {
      "attributes" : {
        "FID" : 33,
        "PMNTN_SPOT" : 87238,
        "MNTN_CODE" : "411170701",
        "MANAGE_SP1" : "23",
        "MANAGE_SP2" : "정상",
        "DETAIL_SPO" : "칠보산정상",
        "ETC_MATTER" : " ",
        "MNTN_NM" : "칠보산",
        "PAST_SPOT_" : "4159028010034",
        "MNTN_ID" : "415902801"
      },
      "geometry" : {
        "x" : 194045.38979999907,
        "y" : 516690.23740000091
      }
    },
    {
      "attributes" : {
        "FID" : 34,
        "PMNTN_SPOT" : 87239,
        "MNTN_CODE" : "411170701",
        "MANAGE_SP1" : "99",
        "MANAGE_SP2" : "기타",
        "DETAIL_SPO" : "헬기장",
        "ETC_MATTER" : " ",
        "MNTN_NM" : "칠보산",
        "PAST_SPOT_" : "4159028010035",
        "MNTN_ID" : "415902801"
      },
      "geometry" : {
        "x" : 194189.14089999814,
        "y" : 516712.02030000091
      }
    },
    {
      "attributes" : {
        "FID" : 35,
        "PMNTN_SPOT" : 87240,
        "MNTN_CODE" : "411170701",
        "MANAGE_SP1" : "07",
        "MANAGE_SP2" : "시설물(운동기구 등)",
        "DETAIL_SPO" : "시설물(운동기구등)",
        "ETC_MATTER" : " ",
        "MNTN_NM" : "칠보산",
        "PAST_SPOT_" : "4159028010036",
        "MNTN_ID" : "415902801"
      },
      "geometry" : {
        "x" : 193949.46059999987,
        "y" : 516719.78430000134
      }
    },
    {
      "attributes" : {
        "FID" : 36,
        "PMNTN_SPOT" : 87241,
        "MNTN_CODE" : "411170701",
        "MANAGE_SP1" : "99",
        "MANAGE_SP2" : "기타",
        "DETAIL_SPO" : "통신대",
        "ETC_MATTER" : " ",
        "MNTN_NM" : "칠보산",
        "PAST_SPOT_" : "4159028010037",
        "MNTN_ID" : "415902801"
      },
      "geometry" : {
        "x" : 195023.92839999963,
        "y" : 516731.79280000553
      }
    },
    {
      "attributes" : {
        "FID" : 37,
        "PMNTN_SPOT" : 87242,
        "MNTN_CODE" : "411170701",
        "MANAGE_SP1" : "03",
        "MANAGE_SP2" : "정자",
        "DETAIL_SPO" : "제3전망대",
        "ETC_MATTER" : " ",
        "MNTN_NM" : "칠보산",
        "PAST_SPOT_" : "4159028010038",
        "MNTN_ID" : "415902801"
      },
      "geometry" : {
        "x" : 195117.04560000077,
        "y" : 516741.4477000013
      }
    },
    {
      "attributes" : {
        "FID" : 38,
        "PMNTN_SPOT" : 87243,
        "MNTN_CODE" : "411170701",
        "MANAGE_SP1" : "15",
        "MANAGE_SP2" : "훼손지",
        "DETAIL_SPO" : "훼손지",
        "ETC_MATTER" : " ",
        "MNTN_NM" : "칠보산",
        "PAST_SPOT_" : "4159028010039",
        "MNTN_ID" : "415902801"
      },
      "geometry" : {
        "x" : 194946.08870000299,
        "y" : 516765.50139999948
      }
    },
    {
      "attributes" : {
        "FID" : 39,
        "PMNTN_SPOT" : 87244,
        "MNTN_CODE" : "411170701",
        "MANAGE_SP1" : "15",
        "MANAGE_SP2" : "훼손지",
        "DETAIL_SPO" : "훼손지",
        "ETC_MATTER" : " ",
        "MNTN_NM" : "칠보산",
        "PAST_SPOT_" : "4159028010040",
        "MNTN_ID" : "415902801"
      },
      "geometry" : {
        "x" : 193983.23580000084,
        "y" : 516791.99800000153
      }
    },
    {
      "attributes" : {
        "FID" : 40,
        "PMNTN_SPOT" : 87245,
        "MNTN_CODE" : "411170701",
        "MANAGE_SP1" : "03",
        "MANAGE_SP2" : "정자",
        "DETAIL_SPO" : "제2전망대",
        "ETC_MATTER" : " ",
        "MNTN_NM" : "칠보산",
        "PAST_SPOT_" : "4159028010041",
        "MNTN_ID" : "415902801"
      },
      "geometry" : {
        "x" : 194831.88219999988,
        "y" : 516796.93620000035
      }
    },
    {
      "attributes" : {
        "FID" : 41,
        "PMNTN_SPOT" : 87246,
        "MNTN_CODE" : "411170701",
        "MANAGE_SP1" : "99",
        "MANAGE_SP2" : "기타",
        "DETAIL_SPO" : "방송탑",
        "ETC_MATTER" : " ",
        "MNTN_NM" : "칠보산",
        "PAST_SPOT_" : "4159028010042",
        "MNTN_ID" : "415902801"
      },
      "geometry" : {
        "x" : 194562.16509999987,
        "y" : 516874.14340000041
      }
    },
    {
      "attributes" : {
        "FID" : 42,
        "PMNTN_SPOT" : 87247,
        "MNTN_CODE" : "411170701",
        "MANAGE_SP1" : "05",
        "MANAGE_SP2" : "벤치",
        "DETAIL_SPO" : "벤치",
        "ETC_MATTER" : " ",
        "MNTN_NM" : "칠보산",
        "PAST_SPOT_" : "4159028010043",
        "MNTN_ID" : "415902801"
      },
      "geometry" : {
        "x" : 194487.62280000281,
        "y" : 516964.88800000027
      }
    },
    {
      "attributes" : {
        "FID" : 43,
        "PMNTN_SPOT" : 87248,
        "MNTN_CODE" : "411170701",
        "MANAGE_SP1" : "14",
        "MANAGE_SP2" : "조망점",
        "DETAIL_SPO" : "산불감시초소",
        "ETC_MATTER" : " ",
        "MNTN_NM" : "칠보산",
        "PAST_SPOT_" : "4159028010044",
        "MNTN_ID" : "415902801"
      },
      "geometry" : {
        "x" : 194462.52809999883,
        "y" : 517035.74500000104
      }
    },
    {
      "attributes" : {
        "FID" : 44,
        "PMNTN_SPOT" : 87249,
        "MNTN_CODE" : "411170701",
        "MANAGE_SP1" : "05",
        "MANAGE_SP2" : "벤치",
        "DETAIL_SPO" : "벤치",
        "ETC_MATTER" : " ",
        "MNTN_NM" : "칠보산",
        "PAST_SPOT_" : "4159028010045",
        "MNTN_ID" : "415902801"
      },
      "geometry" : {
        "x" : 193695.18219999969,
        "y" : 517081.52280000038
      }
    },
    {
      "attributes" : {
        "FID" : 45,
        "PMNTN_SPOT" : 87250,
        "MNTN_CODE" : "411170701",
        "MANAGE_SP1" : "07",
        "MANAGE_SP2" : "시설물(운동기구 등)",
        "DETAIL_SPO" : "시설물(운동기구등)",
        "ETC_MATTER" : " ",
        "MNTN_NM" : "칠보산",
        "PAST_SPOT_" : "4159028010046",
        "MNTN_ID" : "415902801"
      },
      "geometry" : {
        "x" : 194436.79919999931,
        "y" : 517086.51470000111
      }
    },
    {
      "attributes" : {
        "FID" : 46,
        "PMNTN_SPOT" : 87251,
        "MNTN_CODE" : "411170701",
        "MANAGE_SP1" : "05",
        "MANAGE_SP2" : "벤치",
        "DETAIL_SPO" : "벤치",
        "ETC_MATTER" : " ",
        "MNTN_NM" : "칠보산",
        "PAST_SPOT_" : "4159028010047",
        "MNTN_ID" : "415902801"
      },
      "geometry" : {
        "x" : 194342.96980000101,
        "y" : 517133.29130000249
      }
    },
    {
      "attributes" : {
        "FID" : 47,
        "PMNTN_SPOT" : 87252,
        "MNTN_CODE" : "411170701",
        "MANAGE_SP1" : "05",
        "MANAGE_SP2" : "벤치",
        "DETAIL_SPO" : "벤치",
        "ETC_MATTER" : " ",
        "MNTN_NM" : "칠보산",
        "PAST_SPOT_" : "4159028010048",
        "MNTN_ID" : "415902801"
      },
      "geometry" : {
        "x" : 194583.03959999885,
        "y" : 517168.51070000045
      }
    },
    {
      "attributes" : {
        "FID" : 48,
        "PMNTN_SPOT" : 87253,
        "MNTN_CODE" : "411170701",
        "MANAGE_SP1" : "99",
        "MANAGE_SP2" : "기타",
        "DETAIL_SPO" : "헬기장",
        "ETC_MATTER" : " ",
        "MNTN_NM" : "칠보산",
        "PAST_SPOT_" : "4159028010049",
        "MNTN_ID" : "415902801"
      },
      "geometry" : {
        "x" : 194541.54270000104,
        "y" : 517174.59780000336
      }
    },
    {
      "attributes" : {
        "FID" : 49,
        "PMNTN_SPOT" : 87254,
        "MNTN_CODE" : "411170701",
        "MANAGE_SP1" : "07",
        "MANAGE_SP2" : "시설물(운동기구 등)",
        "DETAIL_SPO" : "시설물(운동기구등)",
        "ETC_MATTER" : " ",
        "MNTN_NM" : "칠보산",
        "PAST_SPOT_" : "4159028010050",
        "MNTN_ID" : "415902801"
      },
      "geometry" : {
        "x" : 193631.53249999974,
        "y" : 517327.83090000413
      }
    },
    {
      "attributes" : {
        "FID" : 50,
        "PMNTN_SPOT" : 87255,
        "MNTN_CODE" : "411170701",
        "MANAGE_SP1" : "07",
        "MANAGE_SP2" : "시설물(운동기구 등)",
        "DETAIL_SPO" : "시설물(운동기구등)",
        "ETC_MATTER" : " ",
        "MNTN_NM" : "칠보산",
        "PAST_SPOT_" : "4159028010051",
        "MNTN_ID" : "415902801"
      },
      "geometry" : {
        "x" : 193351.38680000044,
        "y" : 517353.26750000007
      }
    },
    {
      "attributes" : {
        "FID" : 51,
        "PMNTN_SPOT" : 87256,
        "MNTN_CODE" : "411170701",
        "MANAGE_SP1" : "23",
        "MANAGE_SP2" : "정상",
        "DETAIL_SPO" : "잠종장정상",
        "ETC_MATTER" : " ",
        "MNTN_NM" : "칠보산",
        "PAST_SPOT_" : "4159028010052",
        "MNTN_ID" : "415902801"
      },
      "geometry" : {
        "x" : 193627.99770000111,
        "y" : 517402.85790000111
      }
    },
    {
      "attributes" : {
        "FID" : 52,
        "PMNTN_SPOT" : 87257,
        "MNTN_CODE" : "411170701",
        "MANAGE_SP1" : "99",
        "MANAGE_SP2" : "기타",
        "DETAIL_SPO" : "칠보산 자유학교",
        "ETC_MATTER" : " ",
        "MNTN_NM" : "칠보산",
        "PAST_SPOT_" : "4159028010053",
        "MNTN_ID" : "415902801"
      },
      "geometry" : {
        "x" : 195452.88310000021,
        "y" : 517423.7742999997
      }
    },
    {
      "attributes" : {
        "FID" : 53,
        "PMNTN_SPOT" : 87258,
        "MNTN_CODE" : "411170701",
        "MANAGE_SP1" : "05",
        "MANAGE_SP2" : "벤치",
        "DETAIL_SPO" : "벤치",
        "ETC_MATTER" : " ",
        "MNTN_NM" : "칠보산",
        "PAST_SPOT_" : "4159028010054",
        "MNTN_ID" : "415902801"
      },
      "geometry" : {
        "x" : 195445.24679999985,
        "y" : 517427.03040000424
      }
    },
    {
      "attributes" : {
        "FID" : 54,
        "PMNTN_SPOT" : 87259,
        "MNTN_CODE" : "411170701",
        "MANAGE_SP1" : "07",
        "MANAGE_SP2" : "시설물(운동기구 등)",
        "DETAIL_SPO" : "시설물(운동기구등)",
        "ETC_MATTER" : " ",
        "MNTN_NM" : "칠보산",
        "PAST_SPOT_" : "4159028010055",
        "MNTN_ID" : "415902801"
      },
      "geometry" : {
        "x" : 193736.54160000104,
        "y" : 517431.35260000266
      }
    },
    {
      "attributes" : {
        "FID" : 55,
        "PMNTN_SPOT" : 87260,
        "MNTN_CODE" : "411170701",
        "MANAGE_SP1" : "16",
        "MANAGE_SP2" : "주요나무",
        "DETAIL_SPO" : "산림욕장",
        "ETC_MATTER" : " ",
        "MNTN_NM" : "칠보산",
        "PAST_SPOT_" : "4159028010056",
        "MNTN_ID" : "415902801"
      },
      "geometry" : {
        "x" : 195435.46710000373,
        "y" : 517436.43600000441
      }
    },
    {
      "attributes" : {
        "FID" : 56,
        "PMNTN_SPOT" : 87261,
        "MNTN_CODE" : "411170701",
        "MANAGE_SP1" : "05",
        "MANAGE_SP2" : "벤치",
        "DETAIL_SPO" : "벤치",
        "ETC_MATTER" : " ",
        "MNTN_NM" : "칠보산",
        "PAST_SPOT_" : "4159028010057",
        "MNTN_ID" : "415902801"
      },
      "geometry" : {
        "x" : 193742.65350000095,
        "y" : 517454.21040000394
      }
    },
    {
      "attributes" : {
        "FID" : 57,
        "PMNTN_SPOT" : 87262,
        "MNTN_CODE" : "411170701",
        "MANAGE_SP1" : "04",
        "MANAGE_SP2" : "화장실",
        "DETAIL_SPO" : "멧돌화장실",
        "ETC_MATTER" : " ",
        "MNTN_NM" : "칠보산",
        "PAST_SPOT_" : "4111301010058",
        "MNTN_ID" : "411130101"
      },
      "geometry" : {
        "x" : 194599.24519999977,
        "y" : 517501.51430000179
      }
    },
    {
      "attributes" : {
        "FID" : 58,
        "PMNTN_SPOT" : 87263,
        "MNTN_CODE" : "411170701",
        "MANAGE_SP1" : "11",
        "MANAGE_SP2" : "안내판또는지도",
        "DETAIL_SPO" : "자목삼거리",
        "ETC_MATTER" : " ",
        "MNTN_NM" : "칠보산",
        "PAST_SPOT_" : "4159028010059",
        "MNTN_ID" : "415902801"
      },
      "geometry" : {
        "x" : 194877.91699999943,
        "y" : 517518.67100000195
      }
    },
    {
      "attributes" : {
        "FID" : 59,
        "PMNTN_SPOT" : 87264,
        "MNTN_CODE" : "411170701",
        "MANAGE_SP1" : "22",
        "MANAGE_SP2" : "헬기장",
        "DETAIL_SPO" : "헬기장",
        "ETC_MATTER" : " ",
        "MNTN_NM" : "칠보산",
        "PAST_SPOT_" : "4159028010060",
        "MNTN_ID" : "415902801"
      },
      "geometry" : {
        "x" : 194883.88839999866,
        "y" : 517521.87570000626
      }
    },
    {
      "attributes" : {
        "FID" : 60,
        "PMNTN_SPOT" : 87265,
        "MNTN_CODE" : "411170701",
        "MANAGE_SP1" : "05",
        "MANAGE_SP2" : "벤치",
        "DETAIL_SPO" : "벤치",
        "ETC_MATTER" : " ",
        "MNTN_NM" : "칠보산",
        "PAST_SPOT_" : "4159028010061",
        "MNTN_ID" : "415902801"
      },
      "geometry" : {
        "x" : 193749.27220000234,
        "y" : 517525.27859999985
      }
    },
    {
      "attributes" : {
        "FID" : 61,
        "PMNTN_SPOT" : 87266,
        "MNTN_CODE" : "411170701",
        "MANAGE_SP1" : "05",
        "MANAGE_SP2" : "벤치",
        "DETAIL_SPO" : "벤치",
        "ETC_MATTER" : " ",
        "MNTN_NM" : "칠보산",
        "PAST_SPOT_" : "4159028010062",
        "MNTN_ID" : "415902801"
      },
      "geometry" : {
        "x" : 194901.60100000072,
        "y" : 517529.77670000121
      }
    },
    {
      "attributes" : {
        "FID" : 62,
        "PMNTN_SPOT" : 87267,
        "MNTN_CODE" : "411170701",
        "MANAGE_SP1" : "06",
        "MANAGE_SP2" : "음수대",
        "DETAIL_SPO" : "폐약수터",
        "ETC_MATTER" : " ",
        "MNTN_NM" : "칠보산",
        "PAST_SPOT_" : "4159028010063",
        "MNTN_ID" : "415902801"
      },
      "geometry" : {
        "x" : 195163.87080000062,
        "y" : 517550.74870000221
      }
    },
    {
      "attributes" : {
        "FID" : 63,
        "PMNTN_SPOT" : 87268,
        "MNTN_CODE" : "411170701",
        "MANAGE_SP1" : "05",
        "MANAGE_SP2" : "벤치",
        "DETAIL_SPO" : "벤치",
        "ETC_MATTER" : " ",
        "MNTN_NM" : "칠보산",
        "PAST_SPOT_" : "4159028010064",
        "MNTN_ID" : "415902801"
      },
      "geometry" : {
        "x" : 194248.63900000043,
        "y" : 517552.33810000122
      }
    },
    {
      "attributes" : {
        "FID" : 64,
        "PMNTN_SPOT" : 87269,
        "MNTN_CODE" : "411170701",
        "MANAGE_SP1" : "05",
        "MANAGE_SP2" : "벤치",
        "DETAIL_SPO" : "벤치",
        "ETC_MATTER" : " ",
        "MNTN_NM" : "칠보산",
        "PAST_SPOT_" : "4159028010065",
        "MNTN_ID" : "415902801"
      },
      "geometry" : {
        "x" : 193767.02770000044,
        "y" : 517554.44250000082
      }
    },
    {
      "attributes" : {
        "FID" : 65,
        "PMNTN_SPOT" : 87270,
        "MNTN_CODE" : "411170701",
        "MANAGE_SP1" : "05",
        "MANAGE_SP2" : "벤치",
        "DETAIL_SPO" : "벤치",
        "ETC_MATTER" : " ",
        "MNTN_NM" : "칠보산",
        "PAST_SPOT_" : "4111301010066",
        "MNTN_ID" : "411130101"
      },
      "geometry" : {
        "x" : 194269.3395000007,
        "y" : 517558.44990000129
      }
    },
    {
      "attributes" : {
        "FID" : 66,
        "PMNTN_SPOT" : 87271,
        "MNTN_CODE" : "411170701",
        "MANAGE_SP1" : "05",
        "MANAGE_SP2" : "벤치",
        "DETAIL_SPO" : "벤치",
        "ETC_MATTER" : " ",
        "MNTN_NM" : "칠보산",
        "PAST_SPOT_" : "4111301010067",
        "MNTN_ID" : "411130101"
      },
      "geometry" : {
        "x" : 194290.17850000411,
        "y" : 517572.34150000103
      }
    },
    {
      "attributes" : {
        "FID" : 67,
        "PMNTN_SPOT" : 87272,
        "MNTN_CODE" : "411170701",
        "MANAGE_SP1" : "03",
        "MANAGE_SP2" : "정자",
        "DETAIL_SPO" : "제3전망대(가진바위)",
        "ETC_MATTER" : " ",
        "MNTN_NM" : "칠보산",
        "PAST_SPOT_" : "4159028010068",
        "MNTN_ID" : "415902801"
      },
      "geometry" : {
        "x" : 194226.83230000455,
        "y" : 517638.63130000234
      }
    },
    {
      "attributes" : {
        "FID" : 68,
        "PMNTN_SPOT" : 87273,
        "MNTN_CODE" : "411170701",
        "MANAGE_SP1" : "10",
        "MANAGE_SP2" : "이정표",
        "DETAIL_SPO" : "중촌마을",
        "ETC_MATTER" : " ",
        "MNTN_NM" : "칠보산",
        "PAST_SPOT_" : "4159028010069",
        "MNTN_ID" : "415902801"
      },
      "geometry" : {
        "x" : 194211.5644999994,
        "y" : 517650.15090000257
      }
    },
    {
      "attributes" : {
        "FID" : 69,
        "PMNTN_SPOT" : 87274,
        "MNTN_CODE" : "411170701",
        "MANAGE_SP1" : "05",
        "MANAGE_SP2" : "벤치",
        "DETAIL_SPO" : "벤치",
        "ETC_MATTER" : " ",
        "MNTN_NM" : "칠보산",
        "PAST_SPOT_" : "4159028010070",
        "MNTN_ID" : "415902801"
      },
      "geometry" : {
        "x" : 194081.16790000163,
        "y" : 517771.22589999996
      }
    },
    {
      "attributes" : {
        "FID" : 70,
        "PMNTN_SPOT" : 87275,
        "MNTN_CODE" : "411170701",
        "MANAGE_SP1" : "05",
        "MANAGE_SP2" : "벤치",
        "DETAIL_SPO" : "벤치",
        "ETC_MATTER" : " ",
        "MNTN_NM" : "칠보산",
        "PAST_SPOT_" : "4159028010071",
        "MNTN_ID" : "415902801"
      },
      "geometry" : {
        "x" : 193880.53400000092,
        "y" : 517805.4888000004
      }
    },
    {
      "attributes" : {
        "FID" : 71,
        "PMNTN_SPOT" : 87276,
        "MNTN_CODE" : "411170701",
        "MANAGE_SP1" : "05",
        "MANAGE_SP2" : "벤치",
        "DETAIL_SPO" : "벤치",
        "ETC_MATTER" : " ",
        "MNTN_NM" : "칠보산",
        "PAST_SPOT_" : "4159028010072",
        "MNTN_ID" : "415902801"
      },
      "geometry" : {
        "x" : 193890.02860000264,
        "y" : 517845.1136000026
      }
    },
    {
      "attributes" : {
        "FID" : 72,
        "PMNTN_SPOT" : 87277,
        "MNTN_CODE" : "411170701",
        "MANAGE_SP1" : "22",
        "MANAGE_SP2" : "헬기장",
        "DETAIL_SPO" : "헬기장",
        "ETC_MATTER" : " ",
        "MNTN_NM" : "칠보산",
        "PAST_SPOT_" : "4159028010073",
        "MNTN_ID" : "415902801"
      },
      "geometry" : {
        "x" : 194020.49380000122,
        "y" : 517875.22570000216
      }
    },
    {
      "attributes" : {
        "FID" : 73,
        "PMNTN_SPOT" : 87278,
        "MNTN_CODE" : "411170701",
        "MANAGE_SP1" : "23",
        "MANAGE_SP2" : "정상",
        "DETAIL_SPO" : "개심사정상",
        "ETC_MATTER" : " ",
        "MNTN_NM" : "칠보산",
        "PAST_SPOT_" : "4159028010074",
        "MNTN_ID" : "415902801"
      },
      "geometry" : {
        "x" : 194028.01849999838,
        "y" : 517875.81000000425
      }
    },
    {
      "attributes" : {
        "FID" : 74,
        "PMNTN_SPOT" : 87279,
        "MNTN_CODE" : "411170701",
        "MANAGE_SP1" : "05",
        "MANAGE_SP2" : "벤치",
        "DETAIL_SPO" : "벤치",
        "ETC_MATTER" : " ",
        "MNTN_NM" : "칠보산",
        "PAST_SPOT_" : "4159028010075",
        "MNTN_ID" : "415902801"
      },
      "geometry" : {
        "x" : 193977.37950000167,
        "y" : 517930.01750000007
      }
    },
    {
      "attributes" : {
        "FID" : 75,
        "PMNTN_SPOT" : 87280,
        "MNTN_CODE" : "411170701",
        "MANAGE_SP1" : "05",
        "MANAGE_SP2" : "벤치",
        "DETAIL_SPO" : "벤치",
        "ETC_MATTER" : " ",
        "MNTN_NM" : "칠보산",
        "PAST_SPOT_" : "4159028010076",
        "MNTN_ID" : "415902801"
      },
      "geometry" : {
        "x" : 193927.12670000084,
        "y" : 517941.78540000133
      }
    },
    {
      "attributes" : {
        "FID" : 76,
        "PMNTN_SPOT" : 87281,
        "MNTN_CODE" : "411170701",
        "MANAGE_SP1" : "99",
        "MANAGE_SP2" : "기타",
        "DETAIL_SPO" : "용화사",
        "ETC_MATTER" : " ",
        "MNTN_NM" : "칠보산",
        "PAST_SPOT_" : "4111301010077",
        "MNTN_ID" : "411130101"
      },
      "geometry" : {
        "x" : 194547.49709999934,
        "y" : 517991.89190000109
      }
    },
    {
      "attributes" : {
        "FID" : 77,
        "PMNTN_SPOT" : 87282,
        "MNTN_CODE" : "411170701",
        "MANAGE_SP1" : "99",
        "MANAGE_SP2" : "기타",
        "DETAIL_SPO" : "개심사",
        "ETC_MATTER" : " ",
        "MNTN_NM" : "칠보산",
        "PAST_SPOT_" : "4111301010078",
        "MNTN_ID" : "411130101"
      },
      "geometry" : {
        "x" : 193943.62170000002,
        "y" : 519579.9120000042
      }
    },
    {
      "attributes" : {
        "FID" : 78,
        "PMNTN_SPOT" : 87283,
        "MNTN_CODE" : "411170701",
        "MANAGE_SP1" : "23",
        "MANAGE_SP2" : "정상",
        "DETAIL_SPO" : "개심사정상",
        "ETC_MATTER" : " ",
        "MNTN_NM" : "칠보산",
        "PAST_SPOT_" : "4111301010079",
        "MNTN_ID" : "411130101"
      },
      "geometry" : {
        "x" : 193686.47870000172,
        "y" : 519703.88210000284
      }
    },
    {
      "attributes" : {
        "FID" : 79,
        "PMNTN_SPOT" : 87284,
        "MNTN_CODE" : "411170701",
        "MANAGE_SP1" : "99",
        "MANAGE_SP2" : "기타",
        "DETAIL_SPO" : "무학사",
        "ETC_MATTER" : " ",
        "MNTN_NM" : "칠보산",
        "PAST_SPOT_" : "4111301010080",
        "MNTN_ID" : "411130101"
      },
      "geometry" : {
        "x" : 193808.3992999997,
        "y" : 519893.12219999917
      }
    },
    {
      "attributes" : {
        "FID" : 80,
        "PMNTN_SPOT" : 87285,
        "MNTN_CODE" : "411170701",
        "MANAGE_SP1" : "99",
        "MANAGE_SP2" : "기타",
        "DETAIL_SPO" : "산불감시초소",
        "ETC_MATTER" : " ",
        "MNTN_NM" : "칠보산",
        "PAST_SPOT_" : "4127103010081",
        "MNTN_ID" : "412710301"
      },
      "geometry" : {
        "x" : 193822.2527999999,
        "y" : 520805.70490000211
      }
    },
    {
      "attributes" : {
        "FID" : 81,
        "PMNTN_SPOT" : 87286,
        "MNTN_CODE" : "411170701",
        "MANAGE_SP1" : "06",
        "MANAGE_SP2" : "음수대",
        "DETAIL_SPO" : "칠보약수터",
        "ETC_MATTER" : " ",
        "MNTN_NM" : "칠보산",
        "PAST_SPOT_" : "4127103010082",
        "MNTN_ID" : "412710301"
      },
      "geometry" : {
        "x" : 194007.16949999984,
        "y" : 521199.08610000089
      }
    }
  ]
}