{
  "displayFieldName" : "",
  "fieldAliases" : {
    "FID" : "FID",
    "PMNTN_SN" : "PMNTN_SN",
    "MNTN_CODE" : "MNTN_CODE",
    "MNTN_NM" : "MNTN_NM",
    "PMNTN_NM" : "PMNTN_NM",
    "PMNTN_MAIN" : "PMNTN_MAIN",
    "PMNTN_LT" : "PMNTN_LT",
    "PMNTN_DFFL" : "PMNTN_DFFL",
    "PMNTN_UPPL" : "PMNTN_UPPL",
    "PMNTN_GODN" : "PMNTN_GODN",
    "PMNTN_MTRQ" : "PMNTN_MTRQ",
    "PMNTN_CNRL" : "PMNTN_CNRL",
    "PMNTN_CLS_" : "PMNTN_CLS_",
    "PMNTN_RISK" : "PMNTN_RISK",
    "PMNTN_RECO" : "PMNTN_RECO",
    "DATA_STDR_" : "DATA_STDR_",
    "MNTN_ID" : "MNTN_ID"
  },
  "geometryType" : "esriGeometryPolyline",
  "spatialReference" : {
    "wkt" : "PROJCS[\"PCS_ITRF2000_TM\",GEOGCS[\"GCS_ITRF_2000\",DATUM[\"D_ITRF_2000\",SPHEROID[\"GRS_1980\",6378137.0,298.257222101]],PRIMEM[\"Greenwich\",0.0],UNIT[\"Degree\",0.0174532925199433]],PROJECTION[\"Transverse_Mercator\"],PARAMETER[\"False_Easting\",200000.0],PARAMETER[\"False_Northing\",600000.0],PARAMETER[\"Central_Meridian\",127.0],PARAMETER[\"Scale_Factor\",1.0],PARAMETER[\"Latitude_Of_Origin\",38.0],UNIT[\"Meter\",1.0]]"
  },
  "fields" : [
    {
      "name" : "FID",
      "type" : "esriFieldTypeOID",
      "alias" : "FID"
    },
    {
      "name" : "PMNTN_SN",
      "type" : "esriFieldTypeDouble",
      "alias" : "PMNTN_SN"
    },
    {
      "name" : "MNTN_CODE",
      "type" : "esriFieldTypeString",
      "alias" : "MNTN_CODE",
      "length" : 9
    },
    {
      "name" : "MNTN_NM",
      "type" : "esriFieldTypeString",
      "alias" : "MNTN_NM",
      "length" : 50
    },
    {
      "name" : "PMNTN_NM",
      "type" : "esriFieldTypeString",
      "alias" : "PMNTN_NM",
      "length" : 50
    },
    {
      "name" : "PMNTN_MAIN",
      "type" : "esriFieldTypeString",
      "alias" : "PMNTN_MAIN",
      "length" : 200
    },
    {
      "name" : "PMNTN_LT",
      "type" : "esriFieldTypeSingle",
      "alias" : "PMNTN_LT"
    },
    {
      "name" : "PMNTN_DFFL",
      "type" : "esriFieldTypeString",
      "alias" : "PMNTN_DFFL",
      "length" : 8
    },
    {
      "name" : "PMNTN_UPPL",
      "type" : "esriFieldTypeDouble",
      "alias" : "PMNTN_UPPL"
    },
    {
      "name" : "PMNTN_GODN",
      "type" : "esriFieldTypeDouble",
      "alias" : "PMNTN_GODN"
    },
    {
      "name" : "PMNTN_MTRQ",
      "type" : "esriFieldTypeString",
      "alias" : "PMNTN_MTRQ",
      "length" : 200
    },
    {
      "name" : "PMNTN_CNRL",
      "type" : "esriFieldTypeString",
      "alias" : "PMNTN_CNRL",
      "length" : 1
    },
    {
      "name" : "PMNTN_CLS_",
      "type" : "esriFieldTypeString",
      "alias" : "PMNTN_CLS_",
      "length" : 1
    },
    {
      "name" : "PMNTN_RISK",
      "type" : "esriFieldTypeString",
      "alias" : "PMNTN_RISK",
      "length" : 200
    },
    {
      "name" : "PMNTN_RECO",
      "type" : "esriFieldTypeString",
      "alias" : "PMNTN_RECO",
      "length" : 1
    },
    {
      "name" : "DATA_STDR_",
      "type" : "esriFieldTypeString",
      "alias" : "DATA_STDR_",
      "length" : 10
    },
    {
      "name" : "MNTN_ID",
      "type" : "esriFieldTypeString",
      "alias" : "MNTN_ID",
      "length" : 10
    }
  ],
  "features" : [
    {
      "attributes" : {
        "FID" : 0,
        "PMNTN_SN" : 33310,
        "MNTN_CODE" : "437703001",
        "MNTN_NM" : "수레의산",
        "PMNTN_NM" : "차곡리구간",
        "PMNTN_MAIN" : " ",
        "PMNTN_LT" : 1.53,
        "PMNTN_DFFL" : "쉬움",
        "PMNTN_UPPL" : 27,
        "PMNTN_GODN" : 19,
        "PMNTN_MTRQ" : " ",
        "PMNTN_CNRL" : " ",
        "PMNTN_CLS_" : " ",
        "PMNTN_RISK" : " ",
        "PMNTN_RECO" : " ",
        "DATA_STDR_" : "2016-12-31",
        "MNTN_ID" : "437703001"
      },
      "geometry" : {
        "paths" : [
          [
            [
              257257.45291258581,
              493135.2135636732
            ],
            [
              257255.95446362998,
              493218.85184138827
            ],
            [
              257255.58157621603,
              493289.79029049166
            ],
            [
              257253.19686396606,
              493340.60073475912
            ],
            [
              257255.70468103886,
              493367.084219262
            ],
            [
              257255.64902483113,
              493377.67204747535
            ],
            [
              257257.20380528085,
              493384.03309285827
            ],
            [
              257266.17841395643,
              493388.84492349811
            ],
            [
              257283.10780816525,
              493391.05153944157
            ],
            [
              257299.51059406996,
              493392.72598121502
            ],
            [
              257308.48242028803,
              493398.06720360182
            ],
            [
              257327.51546692848,
              493402.93190839514
            ],
            [
              257348.14503682405,
              493406.21678748541
            ],
            [
              257358.73286616802,
              493406.2724440936
            ],
            [
              257367.21426105313,
              493404.1994034797
            ],
            [
              257374.65357001405,
              493398.94444829226
            ],
            [
              257398.55688874237,
              493383.71732216887
            ],
            [
              257418.21116175037,
              493371.11489029601
            ],
            [
              257434.15691159293,
              493359.02236977965
            ],
            [
              257453.2706623124,
              493348.53472019173
            ],
            [
              257469.7291072607,
              493339.62133081816
            ],
            [
              257495.74999368843,
              493324.40533268638
            ],
            [
              257512.21122194733,
              493314.96255090088
            ],
            [
              257518.01504966896,
              493318.69890240394
            ],
            [
              257519.02930826973,
              493327.17473297939
            ],
            [
              257520.0407840088,
              493336.17995514162
            ],
            [
              257519.46686775796,
              493344.64743737504
            ],
            [
              257523.67138951272,
              493350.49300696887
            ],
            [
              257528.95139119215,
              493353.16779280081
            ],
            [
              257542.18339771777,
              493353.76675438695
            ],
            [
              257557.01192759257,
              493352.785889633
            ],
            [
              257587.21507645585,
              493347.65059321746
            ],
            [
              257594.11664689612,
              493343.98102833331
            ],
            [
              257597.84743329883,
              493339.2359834183
            ],
            [
              257604.77683167439,
              493330.27250229567
            ],
            [
              257611.70344722923,
              493321.83841265179
            ],
            [
              257616.5041479459,
              493314.98136663064
            ],
            [
              257641.47182042524,
              493298.70101655275
            ],
            [
              257653.70070066676,
              493288.70657905377
            ],
            [
              257668.57375645358,
              493279.25544671342
            ],
            [
              257671.77515116986,
              493274.50761839002
            ],
            [
              257680.80820234492,
              493268.2022253368
            ],
            [
              257691.41829756647,
              493264.02274705842
            ],
            [
              257706.266309008,
              493259.33613898791
            ],
            [
              257719.52336287498,
              493255.17057421058
            ],
            [
              257739.14981364459,
              493247.86205206625
            ],
            [
              257751.87469350453,
              493244.22309593856
            ],
            [
              257757.72582957707,
              493238.95978903212
            ],
            [
              257768.35818741005,
              493230.54517639428
            ],
            [
              257786.96203100029,
              493216.34899552725
            ],
            [
              257810.36935830303,
              493194.7663742397
            ],
            [
              257817.27371252514,
              493190.56741557084
            ],
            [
              257831.67859758437,
              493169.46687884256
            ],
            [
              257839.68347570952,
              493157.33260901272
            ],
            [
              257846.62678754888,
              493145.72216536663
            ],
            [
              257853.56453394331,
              493135.17050505243
            ],
            [
              257859.39619132783,
              493133.61293919198
            ],
            [
              257871.04281016532,
              493133.67415803112
            ],
            [
              257881.62786291912,
              493134.25920329615
            ],
            [
              257889.57708759699,
              493132.71276807599
            ],
            [
              257895.42822391354,
              493127.44945965894
            ],
            [
              257898.63796664402,
              493121.11345426925
            ],
            [
              257901.32944820635,
              493112.65709902905
            ],
            [
              257912.55798203126,
              493091.5398632288
            ],
            [
              257918.99972821493,
              493074.63271754235
            ],
            [
              257921.67173095234,
              493069.88210455887
            ],
            [
              257930.70756582823,
              493063.04731595702
            ],
            [
              257940.27000992186,
              493056.74470164999
            ],
            [
              257966.80360116903,
              493044.70782119781
            ],
            [
              258019.35530669242,
              493017.98431630246
            ],
            [
              258029.42488242406,
              493015.91961841285
            ],
            [
              258043.74072362483,
              493011.75961383991
            ],
            [
              258069.69762120396,
              493008.7196101509
            ],
            [
              258083.49241891131,
              493002.96864700876
            ],
            [
              258091.45555811375,
              492998.77525082417
            ],
            [
              258161.00902804639,
              492960.49415964074
            ],
            [
              258177.46748198662,
              492951.5807563737
            ],
            [
              258197.62333214562,
              492944.2750066109
            ],
            [
              258221.51275209337,
              492931.69481473789
            ],
            [
              258243.27069178969,
              492921.75045192428
            ],
            [
              258261.31454027724,
              492913.37478679419
            ],
            [
              258288.91248808242,
              492900.28467900865
            ],
            [
              258305.88920562528,
              492893.49162403122
            ],
            [
              258314.39565096516,
              492886.65404827334
            ]
          ]
        ]
      }
    },
    {
      "attributes" : {
        "FID" : 1,
        "PMNTN_SN" : 33311,
        "MNTN_CODE" : "437703001",
        "MNTN_NM" : "수레의산",
        "PMNTN_NM" : "차곡리구간",
        "PMNTN_MAIN" : " ",
        "PMNTN_LT" : 0.22,
        "PMNTN_DFFL" : "쉬움",
        "PMNTN_UPPL" : 4,
        "PMNTN_GODN" : 3,
        "PMNTN_MTRQ" : " ",
        "PMNTN_CNRL" : " ",
        "PMNTN_CLS_" : " ",
        "PMNTN_RISK" : " ",
        "PMNTN_RECO" : " ",
        "DATA_STDR_" : "2016-12-31",
        "MNTN_ID" : "437703001"
      },
      "geometry" : {
        "paths" : [
          [
            [
              258314.39565096516,
              492886.65404827334
            ],
            [
              258326.11183885392,
              492873.48046316206
            ],
            [
              258354.87709011603,
              492839.74962831661
            ],
            [
              258380.46877112333,
              492805.47270436399
            ],
            [
              258402.79227753915,
              492788.64902227372
            ],
            [
              258425.65908861812,
              492769.18116137758
            ],
            [
              258435.75371043477,
              492762.35193094984
            ],
            [
              258441.61876041163,
              492754.44165650941
            ],
            [
              258450.63790336158,
              492750.78321352787
            ],
            [
              258461.77183238696,
              492747.665292399
            ],
            [
              258472.37915186211,
              492744.01519662328
            ]
          ]
        ]
      }
    },
    {
      "attributes" : {
        "FID" : 2,
        "PMNTN_SN" : 33312,
        "MNTN_CODE" : "437703001",
        "MNTN_NM" : "수레의산",
        "PMNTN_NM" : "차곡리구간",
        "PMNTN_MAIN" : " ",
        "PMNTN_LT" : 0.75,
        "PMNTN_DFFL" : "쉬움",
        "PMNTN_UPPL" : 13,
        "PMNTN_GODN" : 9,
        "PMNTN_MTRQ" : " ",
        "PMNTN_CNRL" : " ",
        "PMNTN_CLS_" : " ",
        "PMNTN_RISK" : " ",
        "PMNTN_RECO" : " ",
        "DATA_STDR_" : "2016-12-31",
        "MNTN_ID" : "437703001"
      },
      "geometry" : {
        "paths" : [
          [
            [
              258314.39565096516,
              492886.65404827334
            ],
            [
              258320.66766172368,
              492902.03980754875
            ],
            [
              258321.67079488467,
              492912.63321324624
            ],
            [
              258322.16679632012,
              492918.98870016821
            ],
            [
              258320.02140266541,
              492924.2714902591
            ],
            [
              258317.35496463068,
              492927.9633216802
            ],
            [
              258316.78105165437,
              492936.43081157282
            ],
            [
              258318.34696723614,
              492940.67429548688
            ],
            [
              258326.23219635431,
              492951.30387461931
            ],
            [
              258336.23499357142,
              492961.94458423927
            ],
            [
              258349.42249079328,
              492971.01381345093
            ],
            [
              258362.60164035391,
              492981.67121908627
            ],
            [
              258367.8844305547,
              492983.81661319546
            ],
            [
              258383.20619184244,
              492989.72062101588
            ],
            [
              258401.68482762203,
              492999.34706915542
            ],
            [
              258407.49144488852,
              493002.55403022282
            ],
            [
              258409.5895349998,
              493006.27090518922
            ],
            [
              258413.76901954599,
              493016.88100768812
            ],
            [
              258418.44728729222,
              493033.31720585376
            ],
            [
              258419.46711477824,
              493040.73426030576
            ],
            [
              258419.4420711603,
              493045.49878909066
            ],
            [
              258417.28276340291,
              493053.42853987403
            ],
            [
              258412.49875622522,
              493057.10924078152
            ],
            [
              258407.16587853432,
              493064.49290357716
            ],
            [
              258402.91404608171,
              493067.64699495025
            ],
            [
              258397.54777662642,
              493081.38336249627
            ],
            [
              258387.28062795568,
              493121.03489732929
            ],
            [
              258381.84757345356,
              493147.47667387873
            ],
            [
              258385.45870646648,
              493165.49548294581
            ],
            [
              258390.60236117803,
              493194.11048165895
            ],
            [
              258392.57244531717,
              493222.17939225584
            ],
            [
              258389.81417573709,
              493243.34116130136
            ],
            [
              258386.28773203678,
              493274.1953158509
            ],
            [
              258365.04206869937,
              493293.31259960867
            ],
            [
              258341.89238199685,
              493316.62864120677
            ],
            [
              258320.65156593919,
              493334.23939614184
            ],
            [
              258301.79209268186,
              493348.02229404077
            ],
            [
              258276.36059910338,
              493347.77304094099
            ],
            [
              258253.19139280263,
              493349.55254890211
            ],
            [
              258239.68046514224,
              493340.95530345105
            ],
            [
              258222.87063231412,
              493334.0975061655
            ],
            [
              258195.26927710045,
              493344.37003689446
            ],
            [
              258183.75295479968,
              493355.61387989856
            ],
            [
              258170.29113072902,
              493371.98324931227
            ],
            [
              258161.34035184514,
              493385.05712444149
            ],
            [
              258143.16931406874,
              493381.81233423389
            ]
          ]
        ]
      }
    },
    {
      "attributes" : {
        "FID" : 3,
        "PMNTN_SN" : 33313,
        "MNTN_CODE" : "437703001",
        "MNTN_NM" : "수레의산",
        "PMNTN_NM" : "차곡리구간",
        "PMNTN_MAIN" : " ",
        "PMNTN_LT" : 1.43,
        "PMNTN_DFFL" : "쉬움",
        "PMNTN_UPPL" : 25,
        "PMNTN_GODN" : 18,
        "PMNTN_MTRQ" : " ",
        "PMNTN_CNRL" : " ",
        "PMNTN_CLS_" : " ",
        "PMNTN_RISK" : " ",
        "PMNTN_RECO" : " ",
        "DATA_STDR_" : "2016-12-31",
        "MNTN_ID" : "437703001"
      },
      "geometry" : {
        "paths" : [
          [
            [
              258143.16931406874,
              493381.81233423389
            ],
            [
              258169.83609546535,
              493396.24216224253
            ],
            [
              258188.30915696174,
              493406.92740024999
            ],
            [
              258196.68759453017,
              493424.44186015613
            ],
            [
              258209.86951943673,
              493434.56987857632
            ],
            [
              258222.53596671764,
              493442.04815457948
            ],
            [
              258235.21911126934,
              493446.3500789199
            ],
            [
              258250.02817249484,
              493449.07495885715
            ],
            [
              258263.21566362306,
              493458.14419423789
            ],
            [
              258271.09532049205,
              493469.83256118372
            ],
            [
              258282.63897811249,
              493489.4812885616
            ],
            [
              258293.18229213171,
              493498.00721840188
            ],
            [
              258296.83794419933,
              493507.55575486273
            ],
            [
              258290.37392409332,
              493528.69804055989
            ],
            [
              258289.75547896326,
              493545.63580196723
            ],
            [
              258298.15617818665,
              493558.91512897052
            ],
            [
              258307.65462232847,
              493564.78853380121
            ],
            [
              258317.14750067145,
              493571.72072280571
            ],
            [
              258329.84177764971,
              493573.90508125909
            ],
            [
              258350.50198181905,
              493571.36665537022
            ],
            [
              258378.05819785316,
              493566.2174471356
            ],
            [
              258395.54483358748,
              493563.13293130882
            ],
            [
              258415.66173250508,
              493563.23868247867
            ],
            [
              258434.19045558758,
              493563.3360848818
            ],
            [
              258450.59604478069,
              493564.4811397884
            ],
            [
              258469.6040679533,
              493574.1103831958
            ],
            [
              258482.79156100191,
              493583.17962257005
            ],
            [
              258491.75783184171,
              493589.57963802665
            ],
            [
              258498.0938397292,
              493592.78938610666
            ],
            [
              258513.44621163793,
              493592.87009145878
            ],
            [
              258524.58292722795,
              493589.22278825007
            ],
            [
              258528.87650609948,
              493578.12781666592
            ],
            [
              258531.56521083042,
              493570.20084908977
            ],
            [
              258528.46399693936,
              493555.89056351036
            ],
            [
              258526.95095927455,
              493541.58862676844
            ],
            [
              258526.51618601196,
              493523.58651085757
            ],
            [
              258527.60836512316,
              493517.23937089182
            ],
            [
              258531.35863651522,
              493508.78857678548
            ],
            [
              258538.82021869998,
              493499.29847853631
            ],
            [
              258546.27623507753,
              493490.86716444232
            ],
            [
              258553.76564597059,
              493476.08314425685
            ],
            [
              258563.42271691188,
              493451.78119626082
            ],
            [
              258564.59559832327,
              493430.08168303408
            ],
            [
              258570.55527144391,
              493404.17207789049
            ],
            [
              258574.36119849142,
              493385.13343941793
            ],
            [
              258576.66243284754,
              493350.20468704402
            ],
            [
              258582.11219110526,
              493320.58655298688
            ],
            [
              258592.26247434691,
              493303.16948377341
            ],
            [
              258603.99258564692,
              493287.34893904813
            ],
            [
              258608.26668190025,
              493279.95971044526
            ],
            [
              258615.7449588757,
              493267.29325632006
            ],
            [
              258620.06357899122,
              493251.43375228345
            ],
            [
              258622.25349908881,
              493237.68068597279
            ],
            [
              258625.48550700769,
              493227.10953828506
            ],
            [
              258625.55785792414,
              493213.34534093365
            ],
            [
              258622.44272454269,
              493201.6820161026
            ],
            [
              258622.54846755881,
              493181.56511234492
            ],
            [
              258616.30706909113,
              493160.35603186302
            ],
            [
              258614.25071945973,
              493148.69827270508
            ],
            [
              258611.2468922101,
              493115.85926032253
            ],
            [
              258602.86566227023,
              493098.87418747135
            ],
            [
              258597.64408933278,
              493085.08216395974
            ],
            [
              258597.68861168064,
              493076.6118889153
            ],
            [
              258603.01036002394,
              493071.3457934279
            ],
            [
              258605.16132047307,
              493065.00421766005
            ],
            [
              258608.39889159333,
              493053.37428515777
            ],
            [
              258609.53002428543,
              493039.61565329321
            ],
            [
              258603.27192693576,
              493021.58292724006
            ],
            [
              258599.12583283056,
              493004.62011621892
            ],
            [
              258591.87016743515,
              492974.9351973068
            ],
            [
              258585.59537347406,
              492960.0788251441
            ],
            [
              258582.55814882182,
              492933.5925205946
            ],
            [
              258578.39535786211,
              492919.80606342666
            ],
            [
              258575.25796050485,
              492912.37787761912
            ],
            [
              258566.83777152654,
              492902.80429772846
            ],
            [
              258556.32227414194,
              492888.98445051908
            ],
            [
              258549.96956816316,
              492888.95106009766
            ],
            [
              258542.5580779044,
              492888.91210460663
            ],
            [
              258539.42068041768,
              492881.48391919397
            ],
            [
              258539.51528628916,
              492863.48458584957
            ],
            [
              258540.61302585807,
              492856.07866067812
            ],
            [
              258542.78067973256,
              492846.56073187478
            ],
            [
              258540.7410212718,
              492831.72662140615
            ],
            [
              258534.43840038031,
              492822.16417260282
            ],
            [
              258529.72952086851,
              492811.55128710158
            ],
            [
              258521.30098379403,
              492803.56588505208
            ],
            [
              258512.90027152095,
              492790.28656172939
            ],
            [
              258506.06825825013,
              492780.72133103013
            ],
            [
              258495.53328245971,
              492770.60723107681
            ],
            [
              258485.01221897919,
              492757.84617072344
            ],
            [
              258478.16907575913,
              492750.39850905165
            ],
            [
              258473.95341596287,
              492746.67050457746
            ],
            [
              258472.37915186211,
              492744.01519662328
            ]
          ]
        ]
      }
    },
    {
      "attributes" : {
        "FID" : 4,
        "PMNTN_SN" : 33314,
        "MNTN_CODE" : "437703001",
        "MNTN_NM" : "수레의산",
        "PMNTN_NM" : "차곡리구간",
        "PMNTN_MAIN" : " ",
        "PMNTN_LT" : 0.14,
        "PMNTN_DFFL" : "쉬움",
        "PMNTN_UPPL" : 2,
        "PMNTN_GODN" : 2,
        "PMNTN_MTRQ" : " ",
        "PMNTN_CNRL" : " ",
        "PMNTN_CLS_" : " ",
        "PMNTN_RISK" : " ",
        "PMNTN_RECO" : " ",
        "DATA_STDR_" : "2016-12-31",
        "MNTN_ID" : "437703001"
      },
      "geometry" : {
        "paths" : [
          [
            [
              258143.16931406874,
              493381.81233423389
            ],
            [
              258121.17460211739,
              493381.1440915186
            ],
            [
              258104.15672414098,
              493391.43195058033
            ],
            [
              258103.19498000294,
              493404.53271519206
            ],
            [
              258102.66459333058,
              493423.08888012543
            ],
            [
              258096.49255290534,
              493443.14500693791
            ],
            [
              258080.78165630065,
              493457.66208601743
            ],
            [
              258061.96324137412,
              493472.9684622176
            ]
          ]
        ]
      }
    },
    {
      "attributes" : {
        "FID" : 5,
        "PMNTN_SN" : 33315,
        "MNTN_CODE" : "437703001",
        "MNTN_NM" : "수레의산",
        "PMNTN_NM" : "문락리구간",
        "PMNTN_MAIN" : " ",
        "PMNTN_LT" : 1.66,
        "PMNTN_DFFL" : "쉬움",
        "PMNTN_UPPL" : 29,
        "PMNTN_GODN" : 21,
        "PMNTN_MTRQ" : " ",
        "PMNTN_CNRL" : " ",
        "PMNTN_CLS_" : " ",
        "PMNTN_RISK" : " ",
        "PMNTN_RECO" : " ",
        "DATA_STDR_" : "2016-12-31",
        "MNTN_ID" : "437703001"
      },
      "geometry" : {
        "paths" : [
          [
            [
              258472.37915186211,
              492744.01519662328
            ],
            [
              258511.07486143056,
              492734.68925699592
            ],
            [
              258535.45750714,
              492728.99393578433
            ],
            [
              258552.94970796723,
              492724.85061905719
            ],
            [
              258560.36676319782,
              492723.83078888059
            ],
            [
              258571.51182321832,
              492718.59529834241
            ],
            [
              258606.00578829832,
              492702.89439082332
            ],
            [
              258636.78287923057,
              492689.2915740516
            ],
            [
              258658.01143397763,
              492679.34441853315
            ],
            [
              258706.77116836887,
              492669.01255553961
            ],
            [
              258754.45542626176,
              492661.851480335
            ],
            [
              258802.06177926343,
              492669.51338908076
            ],
            [
              258823.22355987504,
              492672.27164706029
            ],
            [
              258838.02428573184,
              492676.58469320089
            ],
            [
              258850.1863973625,
              492679.29565039463
            ],
            [
              258859.1944144005,
              492677.75477441587
            ],
            [
              258871.92487244587,
              492673.05702119321
            ],
            [
              258892.61569290888,
              492664.6952574309
            ],
            [
              258910.64285747614,
              492659.49593552016
            ],
            [
              258924.42375370581,
              492656.39192372188
            ],
            [
              258944.04466082994,
              492650.14216387831
            ],
            [
              258959.93756234273,
              492648.10806621984
            ],
            [
              258972.13306444604,
              492644.46631449088
            ],
            [
              258983.30873533618,
              492633.4075040631
            ],
            [
              259003.51468364056,
              492616.57267715409
            ],
            [
              259018.92271168344,
              492606.06551742554
            ],
            [
              259027.95577160269,
              492599.76010846533
            ],
            [
              259036.45943911839,
              492593.45191701688
            ],
            [
              259044.38919638935,
              492595.61122230813
            ],
            [
              259051.22399799619,
              492604.64706481993
            ],
            [
              259055.93844735436,
              492614.20117041469
            ],
            [
              259066.9777823342,
              492629.08258934505
            ],
            [
              259082.21608581301,
              492650.86836995184
            ],
            [
              259106.50970943831,
              492662.11360254884
            ],
            [
              259141.85658059176,
              492685.59329408221
            ],
            [
              259163.50324277021,
              492696.82461620681
            ],
            [
              259196.66020152811,
              492734.05738680623
            ],
            [
              259220.87313585542,
              492760.65500706434
            ],
            [
              259235.62100083195,
              492775.02651520446
            ],
            [
              259251.41652103327,
              492791.52115905285
            ],
            [
              259267.17030380573,
              492815.95669216104
            ],
            [
              259280.78703826666,
              492844.08684418909
            ],
            [
              259304.00240194239,
              492859.03226754442
            ],
            [
              259328.76420582831,
              492881.92692847922
            ],
            [
              259339.31866775453,
              492888.3352906201
            ],
            [
              259354.09157553036,
              492897.94226901792
            ],
            [
              259384.20573987905,
              492909.74751224928
            ],
            [
              259396.89168563206,
              492913.52004204504
            ],
            [
              259413.28059763275,
              492917.84144249745
            ],
            [
              259431.24934025016,
              492923.75936880149
            ],
            [
              259445.49842158332,
              492932.3047808148
            ],
            [
              259464.517602426,
              492939.81645082869
            ],
            [
              259485.12496171612,
              492947.33646887541
            ],
            [
              259508.40711075813,
              492949.57647296228
            ],
            [
              259544.93520909362,
              492949.76847059466
            ],
            [
              259584.10749012697,
              492950.5037738774
            ],
            [
              259618.51802036166,
              492950.68464126997
            ],
            [
              259649.74662992638,
              492951.90759882145
            ],
            [
              259668.26981299277,
              492953.06377461366
            ],
            [
              259694.63371580467,
              492973.31983088329
            ],
            [
              259712.56628987007,
              492986.11986700073
            ],
            [
              259718.85222154018,
              492998.85868633352
            ],
            [
              259725.01571788639,
              493034.89079098962
            ],
            [
              259728.51833538897,
              493073.555947138
            ],
            [
              259733.14652093966,
              493099.52124055102
            ],
            [
              259739.88392915018,
              493127.08584349044
            ],
            [
              259743.47558906209,
              493148.81042927131
            ],
            [
              259742.90445580799,
              493156.74853939004
            ],
            [
              259740.19348946959,
              493168.9106615223
            ],
            [
              259736.37921388354,
              493189.53750376217
            ],
            [
              259733.13328883331,
              493202.75562868454
            ],
            [
              259732.04111045226,
              493209.1027774103
            ]
          ]
        ]
      }
    },
    {
      "attributes" : {
        "FID" : 6,
        "PMNTN_SN" : 33316,
        "MNTN_CODE" : "437703001",
        "MNTN_NM" : "수레의산",
        "PMNTN_NM" : "월정리구간",
        "PMNTN_MAIN" : " ",
        "PMNTN_LT" : 1.44,
        "PMNTN_DFFL" : "쉬움",
        "PMNTN_UPPL" : 25,
        "PMNTN_GODN" : 18,
        "PMNTN_MTRQ" : " ",
        "PMNTN_CNRL" : " ",
        "PMNTN_CLS_" : " ",
        "PMNTN_RISK" : " ",
        "PMNTN_RECO" : " ",
        "DATA_STDR_" : "2016-12-31",
        "MNTN_ID" : "437703001"
      },
      "geometry" : {
        "paths" : [
          [
            [
              259732.04111045226,
              493209.1027774103
            ],
            [
              259726.63587272167,
              493230.25066393614
            ],
            [
              259721.70715506654,
              493261.45979693159
            ],
            [
              259718.42227030732,
              493282.08942113444
            ],
            [
              259717.33287416399,
              493287.90717682429
            ],
            [
              259717.69251738209,
              493320.20292276889
            ],
            [
              259713.85597604606,
              493345.0649065543
            ],
            [
              259714.58360581286,
              493408.06821974367
            ],
            [
              259711.09556868486,
              493467.34352016635
            ],
            [
              259716.80200884398,
              493489.60863097943
            ],
            [
              259726.08896751981,
              493535.71590030007
            ],
            [
              259730.19052999094,
              493561.14902018756
            ],
            [
              259732.72895972338,
              493581.80925584771
            ],
            [
              259736.78877655789,
              493615.18326885439
            ],
            [
              259736.64962811489,
              493641.65291128121
            ],
            [
              259737.62492437661,
              493657.54026270285
            ],
            [
              259740.63986778539,
              493688.26174595393
            ],
            [
              259740.01306961756,
              493706.78771270625
            ],
            [
              259732.55982449837,
              493714.68964319117
            ],
            [
              259691.72978375107,
              493727.1807784792
            ],
            [
              259657.7679358935,
              493742.35505609401
            ],
            [
              259602.58584927022,
              493765.88829517178
            ],
            [
              259569.69392181654,
              493778.95056498237
            ],
            [
              259545.29454361089,
              493787.82222095691
            ],
            [
              259532.02632853575,
              493794.10535719618
            ],
            [
              259516.6989870863,
              493789.26011385582
            ],
            [
              259487.08639193978,
              493782.75154999457
            ],
            [
              259453.77083197143,
              493775.69411250018
            ],
            [
              259439.49949403573,
              493771.3838286642
            ],
            [
              259429.97599202488,
              493770.27494841069
            ],
            [
              259374.89132548682,
              493775.27943762764
            ],
            [
              259358.99006510898,
              493778.90169445425
            ],
            [
              259340.9573192317,
              493785.15978202224
            ],
            [
              259309.65357873961,
              493798.23039660417
            ],
            [
              259291.61805063207,
              493805.01787604205
            ],
            [
              259252.94734476972,
              493809.57924508862
            ],
            [
              259223.80292330496,
              493814.72010164149
            ],
            [
              259207.91836385895,
              493815.16600193642
            ],
            [
              259167.75967452768,
              493800.6608902663
            ],
            [
              259123.37419595476,
              493784.54533793777
            ],
            [
              259093.78944404796,
              493772.74285230786
            ],
            [
              259075.8067983659,
              493769.47187382355
            ],
            [
              258997.01916493382,
              493751.58724989183
            ],
            [
              258951.53038052097,
              493743.93641520478
            ],
            [
              258919.81971507054,
              493733.71097814478
            ],
            [
              258861.66169734485,
              493719.11125204526
            ],
            [
              258841.56705275178,
              493714.77035873383
            ]
          ]
        ]
      }
    },
    {
      "attributes" : {
        "FID" : 7,
        "PMNTN_SN" : 33317,
        "MNTN_CODE" : "437703001",
        "MNTN_NM" : "수레의산",
        "PMNTN_NM" : "차곡리구간",
        "PMNTN_MAIN" : " ",
        "PMNTN_LT" : 0.82,
        "PMNTN_DFFL" : "쉬움",
        "PMNTN_UPPL" : 21,
        "PMNTN_GODN" : 14,
        "PMNTN_MTRQ" : " ",
        "PMNTN_CNRL" : " ",
        "PMNTN_CLS_" : " ",
        "PMNTN_RISK" : " ",
        "PMNTN_RECO" : " ",
        "DATA_STDR_" : "2016-12-31",
        "MNTN_ID" : "437703001"
      },
      "geometry" : {
        "paths" : [
          [
            [
              259053.32831403986,
              493513.65008246899
            ],
            [
              259078.75584951323,
              493510.60730684362
            ],
            [
              259092.57571166661,
              493500.09181268327
            ],
            [
              259106.3844423648,
              493491.69388813153
            ],
            [
              259133.94624654669,
              493485.48588826694
            ],
            [
              259155.11081523914,
              493487.7147736568
            ],
            [
              259163.56996392459,
              493489.87686988525
            ],
            [
              259180.49939306919,
              493492.08349234983
            ],
            [
              259192.15159450285,
              493491.08593080752
            ],
            [
              259203.83719069604,
              493483.73565876111
            ],
            [
              259218.73810253944,
              493468.99058811925
            ],
            [
              259233.61675145198,
              493458.48065745085
            ],
            [
              259266.55597081129,
              493436.4187070746
            ],
            [
              259285.73098343611,
              493414.28440118954
            ],
            [
              259300.62632983085,
              493400.59811328351
            ],
            [
              259308.09348285198,
              493390.049220955
            ],
            [
              259314.52967881318,
              493374.20083675906
            ],
            [
              259333.71025655884,
              493351.00774317607
            ],
            [
              259344.38715858851,
              493334.12283539586
            ],
            [
              259350.77326361276,
              493327.8035174422
            ],
            [
              259364.56529990584,
              493322.58194371872
            ],
            [
              259389.00641051959,
              493305.76938732341
            ],
            [
              259400.76992536336,
              493283.59611697868
            ],
            [
              259414.56196215935,
              493278.37454230525
            ],
            [
              259436.87437157333,
              493263.66842348874
            ],
            [
              259455.98259767704,
              493254.2395343408
            ],
            [
              259485.71207103413,
              493238.51358725317
            ],
            [
              259503.75038152374,
              493231.19670246169
            ],
            [
              259517.55355051346,
              493223.85755551793
            ],
            [
              259526.06835781597,
              493215.4317956008
            ],
            [
              259541.98353251908,
              493209.1625646092
            ],
            [
              259554.73904730566,
              493199.70028060675
            ],
            [
              259584.45739209931,
              493186.09190109
            ],
            [
              259602.48457328882,
              493180.89258556627
            ],
            [
              259626.86446822435,
              493175.72666230984
            ],
            [
              259643.84399541002,
              493168.40420974419
            ],
            [
              259661.83778526634,
              493169.55760722049
            ],
            [
              259677.68617716338,
              493175.99380208924
            ],
            [
              259696.73318791669,
              493178.21155082807
            ],
            [
              259709.37739621103,
              493189.92497817054
            ],
            [
              259717.81985444389,
              493195.26342999563
            ],
            [
              259725.20352703147,
              493200.59631648101
            ],
            [
              259732.04111045226,
              493209.1027774103
            ]
          ]
        ]
      }
    }
  ]
}