{
  "displayFieldName" : "",
  "fieldAliases" : {
    "FID" : "FID",
    "PMNTN_SN" : "PMNTN_SN",
    "MNTN_CODE" : "MNTN_CODE",
    "MNTN_NM" : "MNTN_NM",
    "PMNTN_NM" : "PMNTN_NM",
    "PMNTN_MAIN" : "PMNTN_MAIN",
    "PMNTN_LT" : "PMNTN_LT",
    "PMNTN_DFFL" : "PMNTN_DFFL",
    "PMNTN_UPPL" : "PMNTN_UPPL",
    "PMNTN_GODN" : "PMNTN_GODN",
    "PMNTN_MTRQ" : "PMNTN_MTRQ",
    "PMNTN_CNRL" : "PMNTN_CNRL",
    "PMNTN_CLS_" : "PMNTN_CLS_",
    "PMNTN_RISK" : "PMNTN_RISK",
    "PMNTN_RECO" : "PMNTN_RECO",
    "DATA_STDR_" : "DATA_STDR_",
    "MNTN_ID" : "MNTN_ID"
  },
  "geometryType" : "esriGeometryPolyline",
  "spatialReference" : {
    "wkt" : "PROJCS[\"PCS_ITRF2000_TM\",GEOGCS[\"GCS_ITRF_2000\",DATUM[\"D_ITRF_2000\",SPHEROID[\"GRS_1980\",6378137.0,298.257222101]],PRIMEM[\"Greenwich\",0.0],UNIT[\"Degree\",0.0174532925199433]],PROJECTION[\"Transverse_Mercator\"],PARAMETER[\"False_Easting\",200000.0],PARAMETER[\"False_Northing\",600000.0],PARAMETER[\"Central_Meridian\",127.0],PARAMETER[\"Scale_Factor\",1.0],PARAMETER[\"Latitude_Of_Origin\",38.0],UNIT[\"Meter\",1.0]]"
  },
  "fields" : [
    {
      "name" : "FID",
      "type" : "esriFieldTypeOID",
      "alias" : "FID"
    },
    {
      "name" : "PMNTN_SN",
      "type" : "esriFieldTypeDouble",
      "alias" : "PMNTN_SN"
    },
    {
      "name" : "MNTN_CODE",
      "type" : "esriFieldTypeString",
      "alias" : "MNTN_CODE",
      "length" : 9
    },
    {
      "name" : "MNTN_NM",
      "type" : "esriFieldTypeString",
      "alias" : "MNTN_NM",
      "length" : 50
    },
    {
      "name" : "PMNTN_NM",
      "type" : "esriFieldTypeString",
      "alias" : "PMNTN_NM",
      "length" : 50
    },
    {
      "name" : "PMNTN_MAIN",
      "type" : "esriFieldTypeString",
      "alias" : "PMNTN_MAIN",
      "length" : 200
    },
    {
      "name" : "PMNTN_LT",
      "type" : "esriFieldTypeSingle",
      "alias" : "PMNTN_LT"
    },
    {
      "name" : "PMNTN_DFFL",
      "type" : "esriFieldTypeString",
      "alias" : "PMNTN_DFFL",
      "length" : 8
    },
    {
      "name" : "PMNTN_UPPL",
      "type" : "esriFieldTypeDouble",
      "alias" : "PMNTN_UPPL"
    },
    {
      "name" : "PMNTN_GODN",
      "type" : "esriFieldTypeDouble",
      "alias" : "PMNTN_GODN"
    },
    {
      "name" : "PMNTN_MTRQ",
      "type" : "esriFieldTypeString",
      "alias" : "PMNTN_MTRQ",
      "length" : 200
    },
    {
      "name" : "PMNTN_CNRL",
      "type" : "esriFieldTypeString",
      "alias" : "PMNTN_CNRL",
      "length" : 1
    },
    {
      "name" : "PMNTN_CLS_",
      "type" : "esriFieldTypeString",
      "alias" : "PMNTN_CLS_",
      "length" : 1
    },
    {
      "name" : "PMNTN_RISK",
      "type" : "esriFieldTypeString",
      "alias" : "PMNTN_RISK",
      "length" : 200
    },
    {
      "name" : "PMNTN_RECO",
      "type" : "esriFieldTypeString",
      "alias" : "PMNTN_RECO",
      "length" : 1
    },
    {
      "name" : "DATA_STDR_",
      "type" : "esriFieldTypeString",
      "alias" : "DATA_STDR_",
      "length" : 10
    },
    {
      "name" : "MNTN_ID",
      "type" : "esriFieldTypeString",
      "alias" : "MNTN_ID",
      "length" : 10
    }
  ],
  "features" : [
    {
      "attributes" : {
        "FID" : 0,
        "PMNTN_SN" : 15833,
        "MNTN_CODE" : "447302904",
        "MNTN_NM" : "망경대",
        "PMNTN_NM" : "동림산등산로분기-망경대등산로구간",
        "PMNTN_MAIN" : " ",
        "PMNTN_LT" : 2.62,
        "PMNTN_DFFL" : "쉬움",
        "PMNTN_UPPL" : 46,
        "PMNTN_GODN" : 32,
        "PMNTN_MTRQ" : "토사/사력층",
        "PMNTN_CNRL" : " ",
        "PMNTN_CLS_" : " ",
        "PMNTN_RISK" : "급경사노선",
        "PMNTN_RECO" : " ",
        "DATA_STDR_" : "2016-12-31",
        "MNTN_ID" : "447302904"
      },
      "geometry" : {
        "paths" : [
          [
            [
              226396.23259999976,
              454218.80059999973
            ],
            [
              226384.98740000091,
              454228.54509999976
            ],
            [
              226370.4768000003,
              454235.70930000208
            ],
            [
              226366.17210000195,
              454244.52329999954
            ],
            [
              226363.94070000015,
              454251.48330000602
            ],
            [
              226352.74120000191,
              454263.57830000296
            ],
            [
              226348.75389999989,
              454269.02610000223
            ],
            [
              226306.44049999956,
              454276.83050000481
            ],
            [
              226287.44650000334,
              454282.74390000105
            ],
            [
              226283.95160000026,
              454284.0075000003
            ],
            [
              226279.61590000056,
              454285.84530000202
            ],
            [
              226277.09460000042,
              454287.19550000131
            ],
            [
              226273.27710000053,
              454288.62560000084
            ],
            [
              226268.49299999978,
              454290.10850000009
            ],
            [
              226261.8671000069,
              454291.23230000027
            ],
            [
              226247.11610000208,
              454286.45260000415
            ],
            [
              226238.61079999991,
              454284.78010000102
            ],
            [
              226230.39750000089,
              454283.20160000399
            ],
            [
              226222.62880000193,
              454283.22430000268
            ],
            [
              226216.87549999915,
              454283.15089999884
            ],
            [
              226189.85650000162,
              454289.6539000012
            ],
            [
              226178.13430000376,
              454291.45979999937
            ],
            [
              226170.73300000094,
              454291.35350000113
            ],
            [
              226165.14860000089,
              454292.42479999922
            ],
            [
              226157.19249999989,
              454292.48420000076
            ],
            [
              226149.98920000065,
              454293.80159999989
            ],
            [
              226143.19260000344,
              454296.84120000154
            ],
            [
              226140.91660000384,
              454298.23650000058
            ],
            [
              226137.375,
              454299.17090000026
            ],
            [
              226130.70110000391,
              454300.13060000166
            ],
            [
              226126.35680000391,
              454303.24580000155
            ],
            [
              226113.43919999991,
              454309.0318
            ],
            [
              226104.86860000249,
              454310.28680000082
            ],
            [
              226099.3554000007,
              454315.62720000185
            ],
            [
              226096.13870000001,
              454326.02509999834
            ],
            [
              226094.64180000313,
              454330.48540000059
            ],
            [
              226092.66000000015,
              454333.12939999998
            ],
            [
              226085.92460000142,
              454336.96060000174
            ],
            [
              226082.06209999975,
              454339.78229999915
            ],
            [
              226082.36310000159,
              454343.62640000694
            ],
            [
              226080.46569999959,
              454347.79580000229
            ],
            [
              226078.90410000086,
              454350.62780000083
            ],
            [
              226072.49650000036,
              454352.23310000077
            ],
            [
              226066.55169999972,
              454351.71930000186
            ],
            [
              226061.87190000154,
              454353.41660000198
            ],
            [
              226055.46270000003,
              454354.77370000817
            ],
            [
              226045.5549000008,
              454358.94969999976
            ],
            [
              226037.66750000138,
              454363.60370000266
            ],
            [
              226024.66559999995,
              454372.41000000015
            ],
            [
              226018.59530000016,
              454375.62850000337
            ],
            [
              226013.68250000197,
              454380.23100000434
            ],
            [
              226005.41800000146,
              454385.5061000064
            ],
            [
              225992.05710000079,
              454389.18629999645
            ],
            [
              225980.11610000022,
              454391.59640000202
            ],
            [
              225965.01110000256,
              454394.83420000039
            ],
            [
              225945.3075000057,
              454399.87099999934
            ],
            [
              225938.51280000061,
              454403.16970000416
            ],
            [
              225928.70150000043,
              454409.93099999987
            ],
            [
              225918.50110000186,
              454407.85570000112
            ],
            [
              225910.2321000006,
              454409.23110000044
            ],
            [
              225902.95630000345,
              454410.48960000277
            ],
            [
              225890.78960000165,
              454411.21110001393
            ],
            [
              225888.27480000071,
              454412.93359999731
            ],
            [
              225886.55160000175,
              454415.47700000182
            ],
            [
              225886.01449999958,
              454417.19620000198
            ],
            [
              225881.80580000021,
              454424.17840000056
            ],
            [
              225881.39310000185,
              454429.37680000067
            ],
            [
              225881.41880000569,
              454430.78140000813
            ],
            [
              225882.05100000091,
              454434.76439999789
            ],
            [
              225880.39910000097,
              454448.40490000322
            ],
            [
              225877.61470000073,
              454460.06079999916
            ],
            [
              225875.89240000024,
              454467.24589999951
            ],
            [
              225872.03600000311,
              454474.17329999804
            ],
            [
              225868.93150000088,
              454480.16350000165
            ],
            [
              225866.90840000287,
              454485.29190000333
            ],
            [
              225864.35530000273,
              454492.25110000186
            ],
            [
              225861.70910000056,
              454500.28909999877
            ],
            [
              225859.66280000098,
              454505.64070000313
            ],
            [
              225858.0923000006,
              454509.71000000089
            ],
            [
              225855.68150000088,
              454514.23269999959
            ],
            [
              225853.54110000096,
              454519.93390000053
            ],
            [
              225853.39610000513,
              454523.75020000152
            ],
            [
              225852.2145999996,
              454531.17900000699
            ],
            [
              225850.16980000027,
              454537.90919999778
            ],
            [
              225847.62150000129,
              454543.70419999957
            ],
            [
              225843.65430000052,
              454550.10710000806
            ],
            [
              225835.51750000659,
              454559.10649999976
            ],
            [
              225831.89290000033,
              454565.95730000734
            ],
            [
              225829.54980000108,
              454571.60670000128
            ],
            [
              225826.29509999882,
              454575.87740000337
            ],
            [
              225819.33719999995,
              454589.27170000039
            ],
            [
              225810.89979999978,
              454595.60689999908
            ],
            [
              225802.1548000006,
              454599.94129999913
            ],
            [
              225794.9375999989,
              454602.61739999987
            ],
            [
              225787.6464000009,
              454609.93340000138
            ],
            [
              225784.53720000107,
              454617.95209999755
            ],
            [
              225782.70949999988,
              454620.26740000024
            ],
            [
              225778.61620000377,
              454621.69969999976
            ],
            [
              225774.89610000234,
              454619.8575000111
            ],
            [
              225765.52280000132,
              454615.02659999952
            ],
            [
              225763.32859999873,
              454610.21539999917
            ],
            [
              225766.87270000111,
              454601.67890000157
            ],
            [
              225767.86840000004,
              454595.91050000489
            ],
            [
              225764.59760000277,
              454592.3823000025
            ],
            [
              225749.28570000175,
              454583.16330000013
            ],
            [
              225727.08650000114,
              454591.57050000131
            ],
            [
              225713.44810000341,
              454610.51430000365
            ],
            [
              225711.96560000721,
              454630.22930000164
            ],
            [
              225703.97150000092,
              454648.07380000316
            ],
            [
              225675.39890000783,
              454661.03849999793
            ],
            [
              225659.20930000208,
              454673.96580000222
            ],
            [
              225638.7985000005,
              454683.13199999928
            ],
            [
              225631.85060000047,
              454689.3618999999
            ],
            [
              225624.60209999979,
              454700.94870000519
            ],
            [
              225611.4441000009,
              454704.63940000162
            ],
            [
              225577.29050000198,
              454707.70920000039
            ],
            [
              225567.89260000084,
              454711.60639999993
            ],
            [
              225566.75300000235,
              454711.91930000484
            ],
            [
              225538.99860000238,
              454734.50470000319
            ],
            [
              225533.47070000134,
              454741.86449999735
            ],
            [
              225526.60080000013,
              454747.10880000144
            ],
            [
              225517.72026222013,
              454754.26504969411
            ],
            [
              225504.4970080182,
              454752.09529711492
            ],
            [
              225492.80656636134,
              454750.09494792856
            ],
            [
              225441.77812257968,
              454741.23376500979
            ],
            [
              225437.41395062115,
              454740.43804365396
            ],
            [
              225434.51863487251,
              454739.85324003734
            ],
            [
              225433.07916309405,
              454739.52942165174
            ],
            [
              225431.64796901867,
              454739.17385964841
            ],
            [
              225430.24712450057,
              454738.78544306755
            ],
            [
              225428.85436116811,
              454738.3659590669
            ],
            [
              225426.08494030032,
              454737.46462885104
            ],
            [
              225423.32797012292,
              454736.51414700784
            ],
            [
              225419.20257368125,
              454735.04555906169
            ],
            [
              225405.46418736037,
              454730.06612894498
            ],
            [
              225402.71401326638,
              454729.11222364008
            ],
            [
              225401.33767414,
              454728.66128259711
            ],
            [
              225399.9599871058,
              454728.23910137452
            ],
            [
              225398.58038292266,
              454727.85826562159
            ],
            [
              225397.19809143618,
              454727.53574564494
            ],
            [
              225395.81208570581,
              454727.29411978647
            ],
            [
              225394.42101583909,
              454727.1630227156
            ],
            [
              225393.00588303432,
              454727.16721775569
            ],
            [
              225391.58558433689,
              454727.28435534053
            ],
            [
              225390.16152482294,
              454727.48378995992
            ],
            [
              225388.73477213178,
              454727.74225976877
            ],
            [
              225387.30612672586,
              454728.04235114716
            ],
            [
              225385.87618118338,
              454728.37120612338
            ],
            [
              225383.01400151476,
              454729.08041499555
            ],
            [
              225365.83421304263,
              454733.58015952073
            ],
            [
              225358.67553042527,
              454735.4152431488
            ],
            [
              225355.80680057686,
              454736.10624810494
            ],
            [
              225354.36948189326,
              454736.42899648845
            ],
            [
              225352.92903975397,
              454736.72785137221
            ],
            [
              225351.48423933238,
              454736.99342400953
            ],
            [
              225350.03345569037,
              454737.21331804618
            ],
            [
              225348.60329536255,
              454737.3748264648
            ],
            [
              225347.16734397039,
              454737.49217245169
            ],
            [
              225344.28388241678,
              454737.63876700774
            ],
            [
              225341.39151907992,
              454737.71668238379
            ],
            [
              225338.4950609412,
              454737.75939293578
            ],
            [
              225334.14845965244,
              454737.78294958919
            ],
            [
              225331.25202713348,
              454737.76420166716
            ],
            [
              225328.35881583486,
              454737.6911228057
            ],
            [
              225326.91424941085,
              454737.62047411315
            ],
            [
              225324.05035968684,
              454737.39521232247
            ],
            [
              225321.19094546884,
              454737.09570578299
            ],
            [
              225318.33393372409,
              454736.75755329803
            ],
            [
              225305.48514742311,
              454735.1261697039
            ],
            [
              225301.20086262841,
              454734.62344868481
            ],
            [
              225298.34244757984,
              454734.34481602162
            ],
            [
              225296.91199173313,
              454734.23717422783
            ],
            [
              225295.48029444367,
              454734.16104089096
            ],
            [
              225293.98791304231,
              454734.12225778587
            ],
            [
              225290.9995250022,
              454734.1365904361
            ],
            [
              225288.00829789974,
              454734.22260133736
            ],
            [
              225285.01567231864,
              454734.34341448732
            ],
            [
              225267.05257173348,
              454735.19902251847
            ],
            [
              225253.57243452407,
              454735.87481511384
            ],
            [
              225249.08431720641,
              454736.0681181848
            ],
            [
              225246.10331322905,
              454736.1322926376
            ],
            [
              225244.6198413847,
              454736.12337846868
            ],
            [
              225243.14384343568,
              454736.07089534216
            ],
            [
              225241.67832215969,
              454735.95735167898
            ],
            [
              225240.22724905889,
              454735.75961275585
            ],
            [
              225238.8466901686,
              454735.47168987803
            ],
            [
              225237.47968916781,
              454735.10471731611
            ],
            [
              225236.12265891209,
              454734.67954614572
            ],
            [
              225234.77285868488,
              454734.21209300682
            ],
            [
              225232.08721098397,
              454733.19518591836
            ],
            [
              225229.41185185034,
              454732.11690696888
            ],
            [
              225218.73059676122,
              454727.6516781617
            ],
            [
              225214.71446378808,
              454726.01018860005
            ],
            [
              225212.02341336291,
              454724.98119002022
            ],
            [
              225210.67025511991,
              454724.50679389574
            ],
            [
              225209.30945886392,
              454724.07445229404
            ],
            [
              225207.93836003356,
              454723.70058734715
            ],
            [
              225206.55351861939,
              454723.40683102421
            ],
            [
              225205.13089310285,
              454723.20862988196
            ],
            [
              225203.69478844106,
              454723.09406062029
            ],
            [
              225202.24952321965,
              454723.04234886914
            ],
            [
              225200.79883351643,
              454723.03881282173
            ],
            [
              225199.34617373813,
              454723.0740644671
            ],
            [
              225197.89502640907,
              454723.14347715303
            ],
            [
              225196.44923144206,
              454723.24693815596
            ],
            [
              225195.01334829628,
              454723.38889699429
            ],
            [
              225193.59306625649,
              454723.57871806994
            ],
            [
              225192.19567757752,
              454723.83134468086
            ],
            [
              225190.83062578738,
              454724.16827713326
            ],
            [
              225189.51013508812,
              454724.61885466613
            ],
            [
              225188.21795583796,
              454725.2206769865
            ],
            [
              225186.97214261256,
              454725.93906034715
            ],
            [
              225185.76002385281,
              454726.74161001295
            ],
            [
              225184.57200120483,
              454727.60390154086
            ],
            [
              225182.2414528355,
              454729.43994018249
            ],
            [
              225179.94321442302,
              454731.35344413482
            ],
            [
              225170.81168177817,
              454739.1390609853
            ],
            [
              225165.09389342275,
              454743.97443248332
            ],
            [
              225146.72953830566,
              454759.33889005147
            ],
            [
              225144.47289892565,
              454761.28895511106
            ],
            [
              225143.36695087515,
              454762.28155883588
            ],
            [
              225142.28518142272,
              454763.29313701019
            ],
            [
              225141.23768281285,
              454764.33159250952
            ],
            [
              225140.23793699592,
              454765.40747683495
            ],
            [
              225139.30370634794,
              454766.53468485549
            ],
            [
              225138.46737801749,
              454767.6975729242
            ],
            [
              225137.69379448518,
              454768.9095796477
            ],
            [
              225136.96577607002,
              454770.15722147562
            ],
            [
              225136.2698840294,
              454771.42991540581
            ],
            [
              225132.95290837251,
              454777.91325915419
            ],
            [
              225132.2689252859,
              454779.18987785839
            ],
            [
              225131.55786088295,
              454780.44243830629
            ],
            [
              225130.80718461052,
              454781.65997166187
            ],
            [
              225130.0008124169,
              454782.82834761031
            ],
            [
              225129.11801858712,
              454783.92932528257
            ],
            [
              225128.1189091336,
              454784.97060883045
            ],
            [
              225127.04009288736,
              454785.94161755405
            ],
            [
              225125.90319962613,
              454786.86142299697
            ],
            [
              225124.72469016071,
              454787.74455070682
            ],
            [
              225123.51697676256,
              454788.60197649524
            ],
            [
              225121.04894821998,
              454790.27088486589
            ],
            [
              225116.05500083975,
              454793.56518941373
            ],
            [
              225113.59585024323,
              454795.25743941031
            ],
            [
              225112.39323692769,
              454796.13385621645
            ],
            [
              225111.21877815109,
              454797.04185191914
            ],
            [
              225110.0829875106,
              454797.9932487011
            ],
            [
              225109.01390236616,
              454798.97875911742
            ],
            [
              225107.98227211181,
              454800.00631069578
            ],
            [
              225106.97811576165,
              454801.06466948241
            ],
            [
              225105.99381917715,
              454802.14527143911
            ],
            [
              225104.06335664913,
              454804.34910208918
            ],
            [
              225100.27027086355,
              454808.83225894719
            ],
            [
              225082.35186182894,
              454830.23368002102
            ],
            [
              225079.47298512608,
              454833.55655717105
            ],
            [
              225077.48935865425,
              454835.69898716547
            ],
            [
              225076.46053799428,
              454836.72834159248
            ],
            [
              225075.39444310777,
              454837.71553468145
            ],
            [
              225074.28150711395,
              454838.65251175687
            ],
            [
              225073.13116874918,
              454839.54718038999
            ],
            [
              225070.75604079757,
              454841.25228786655
            ],
            [
              225067.09537034109,
              454843.69904853404
            ],
            [
              225057.202316707,
              454850.07496926375
            ],
            [
              225053.51526107639,
              454852.49283080176
            ],
            [
              225051.09493191261,
              454854.14907842502
            ],
            [
              225049.90691997018,
              454855.00327859633
            ],
            [
              225048.74170990288,
              454855.88432861306
            ],
            [
              225047.60789103061,
              454856.80234818533
            ],
            [
              225046.51872275956,
              454857.76005733386
            ],
            [
              225045.4609679766,
              454858.75476503558
            ],
            [
              225044.42630248889,
              454859.77666652016
            ],
            [
              225043.40837277006,
              454860.81827825494
            ],
            [
              225041.40479255933,
              454862.93951635994
            ],
            [
              225038.43950324506,
              454866.16857160814
            ],
            [
              225023.68538967799,
              454882.39895655029
            ],
            [
              225014.02963703964,
              454876.37630158849
            ],
            [
              225009.7970174076,
              454873.7703460753
            ],
            [
              225007.2471324373,
              454872.25620261393
            ],
            [
              225005.96118587535,
              454871.52357691526
            ],
            [
              225004.66394121945,
              454870.81607305817
            ],
            [
              225003.35117692128,
              454870.14309784584
            ],
            [
              225002.01735472307,
              454869.51699617505
            ],
            [
              225000.65446222853,
              454868.94596583024
            ],
            [
              224999.27110196464,
              454868.42046559043
            ],
            [
              224997.87320302334,
              454867.92725688033
            ],
            [
              224995.05003741849,
              454867.00147642381
            ],
            [
              224989.35575979017,
              454865.25671961345
            ],
            [
              224983.64128068741,
              454863.56984441355
            ],
            [
              224980.77591811027,
              454862.76432313584
            ],
            [
              224977.89722332545,
              454862.02189916745
            ],
            [
              224976.44915459305,
              454861.691472115
            ],
            [
              224975.01571849268,
              454861.40203909576
            ],
            [
              224972.13170184195,
              454860.90294413455
            ],
            [
              224967.78265045956,
              454860.26143870689
            ],
            [
              224959.05872362852,
              454859.0948767066
            ],
            [
              224941.58830086794,
              454856.82493770681
            ],
            [
              224937.24643002357,
              454856.1906671375
            ],
            [
              224935.8130784668,
              454855.94397964515
            ],
            [
              224934.39231833257,
              454855.66547141783
            ],
            [
              224932.98937511723,
              454855.34195013903
            ],
            [
              224931.61121124867,
              454854.9558363203
            ],
            [
              224930.26697796211,
              454854.48402218521
            ],
            [
              224928.96334737912,
              454853.90747525916
            ],
            [
              224927.6936782971,
              454853.24515446089
            ],
            [
              224926.44880410843,
              454852.52021106705
            ],
            [
              224925.22175131645,
              454851.75025757588
            ],
            [
              224922.80153374933,
              454850.12476361543
            ],
            [
              224919.21200207528,
              454847.58350321651
            ],
            [
              224907.29235927667,
              454838.99845064059
            ],
            [
              224885.80938018765,
              454823.6278311871
            ],
            [
              224883.41153939627,
              454821.93916277401
            ],
            [
              224880.99535233807,
              454820.28184068762
            ],
            [
              224878.54185842816,
              454818.68824052997
            ],
            [
              224877.291430871,
              454817.93188495561
            ],
            [
              224875.99178795796,
              454817.19619984925
            ],
            [
              224874.67414605897,
              454816.49125191197
            ],
            [
              224873.34346063063,
              454815.80857472308
            ],
            [
              224870.65698653087,
              454814.48606175929
            ],
            [
              224866.59630082734,
              454812.55504373275
            ],
            [
              224847.59422773495,
              454803.61771247908
            ],
            [
              224829.95782919414,
              454795.18338698894
            ],
            [
              224827.22852131072,
              454793.93495263532
            ],
            [
              224825.85693410784,
              454793.34522156231
            ],
            [
              224824.47824595962,
              454792.79410235398
            ],
            [
              224823.08982996549,
              454792.29887185991
            ],
            [
              224821.68825200014,
              454791.88287497684
            ],
            [
              224820.26908338908,
              454791.57720494829
            ],
            [
              224818.83548227511,
              454791.40816227905
            ],
            [
              224817.38604110666,
              454791.35138977692
            ],
            [
              224815.92702728044,
              454791.37936752103
            ],
            [
              224814.46429790836,
              454791.47315399162
            ],
            [
              224813.00382369757,
              454791.62132177316
            ],
            [
              224811.552262499,
              454791.81929058954
            ],
            [
              224810.11760598049,
              454792.06908511184
            ],
            [
              224808.70992718451,
              454792.37953304313
            ],
            [
              224807.34225843567,
              454792.76691402122
            ],
            [
              224806.03162531834,
              454793.25606344827
            ],
            [
              224804.80025198776,
              454793.88192018494
            ],
            [
              224803.69898937643,
              454794.64734471217
            ],
            [
              224802.67353623919,
              454795.54082640447
            ],
            [
              224801.70390157215,
              454796.52792057395
            ],
            [
              224800.77481125668,
              454797.58244597353
            ],
            [
              224799.87475014944,
              454798.68477060646
            ],
            [
              224798.99514880124,
              454799.8203691449
            ],
            [
              224797.27386864088,
              454802.15194313601
            ],
            [
              224791.36376937944,
              454810.47866174206
            ],
            [
              224788.80280745402,
              454813.99543454684
            ],
            [
              224787.0426784819,
              454816.25413357094
            ],
            [
              224786.12954402436,
              454817.33030392043
            ],
            [
              224785.18055857625,
              454818.34897970781
            ],
            [
              224784.1799928816,
              454819.28502422571
            ],
            [
              224783.10603940766,
              454820.10357494839
            ],
            [
              224781.76542222127,
              454820.82385640591
            ],
            [
              224780.13281724695,
              454821.44440803491
            ],
            [
              224778.31177872326,
              454821.97332555987
            ],
            [
              224776.40610087756,
              454822.41909112968
            ],
            [
              224774.51868070755,
              454822.78875236772
            ],
            [
              224772.75121902674,
              454823.08744252287
            ],
            [
              224769.17736179102,
              454823.5958030764
            ],
            [
              224768.90354175959,
              454823.6567334123
            ],
            [
              224766.93630000111,
              454826.82820000499
            ],
            [
              224762.0288000023,
              454835.95760000311
            ],
            [
              224752.92119999975,
              454845.79870000109
            ],
            [
              224734.72160000075,
              454855.96140000224
            ],
            [
              224716.60390000418,
              454867.78619999997
            ],
            [
              224702.75650000107,
              454867.13529999927
            ],
            [
              224695.4581000004,
              454863.57660000212
            ],
            [
              224686.18020000122,
              454857.65510000102
            ],
            [
              224677.64950000029,
              454855.60050000064
            ],
            [
              224671.04460000619,
              454856.56280000135
            ],
            [
              224662.34910000116,
              454859.45360000059
            ],
            [
              224659.7789000012,
              454872.77550000139
            ],
            [
              224671.58779999986,
              454910.70450000092
            ],
            [
              224672.13009999879,
              454914.86390000209
            ],
            [
              224668.52820000239,
              454919.66240000352
            ],
            [
              224660.66640000418,
              454928.79270000011
            ],
            [
              224658.05800000764,
              454937.15660000034
            ],
            [
              224652.79509999976,
              454946.45250000618
            ],
            [
              224645.24010000005,
              454950.51420000382
            ],
            [
              224630.70720000099,
              454961.16010000184
            ],
            [
              224602.58490000386,
              454979.98020000197
            ],
            [
              224597.52419999987,
              454986.74660000205
            ],
            [
              224585.61450000107,
              455002.12529999949
            ],
            [
              224583.77100000065,
              455007.6173000019
            ],
            [
              224581.22720000148,
              455050.96510000341
            ],
            [
              224581.04470000137,
              455051.89470000565
            ],
            [
              224581.60510000773,
              455063.91779999994
            ],
            [
              224581.49650000781,
              455071.95959999971
            ],
            [
              224571.62710000109,
              455078.60999999754
            ],
            [
              224561.07940000203,
              455079.34380000271
            ],
            [
              224553.0398000069,
              455072.55350000225
            ],
            [
              224547.91270000022,
              455065.07320000231
            ],
            [
              224545.51510000043,
              455062.64790000021
            ],
            [
              224530.62750000134,
              455061.23790000565
            ],
            [
              224506.43920000084,
              455069.26120000146
            ],
            [
              224494.22110000625,
              455077.37450000271
            ],
            [
              224465.61319999956,
              455082.87380000204
            ],
            [
              224450.84340000059,
              455084.80350000225
            ],
            [
              224443.92510000058,
              455078.1782000009
            ],
            [
              224440.36589999963,
              455072.86480000429
            ],
            [
              224429.38210000284,
              455073.70170000196
            ],
            [
              224418.94160000049,
              455082.64570000023
            ]
          ]
        ]
      }
    }
  ]
}