{
  "displayFieldName" : "",
  "fieldAliases" : {
    "FID" : "FID",
    "PMNTN_SPOT" : "PMNTN_SPOT",
    "MNTN_CODE" : "MNTN_CODE",
    "MANAGE_SP1" : "MANAGE_SP1",
    "MANAGE_SP2" : "MANAGE_SP2",
    "DETAIL_SPO" : "DETAIL_SPO",
    "ETC_MATTER" : "ETC_MATTER",
    "MNTN_NM" : "MNTN_NM",
    "PAST_SPOT_" : "PAST_SPOT_",
    "MNTN_ID" : "MNTN_ID"
  },
  "geometryType" : "esriGeometryPoint",
  "spatialReference" : {
    "wkt" : "PROJCS[\"PCS_ITRF2000_TM\",GEOGCS[\"GCS_ITRF_2000\",DATUM[\"D_ITRF_2000\",SPHEROID[\"GRS_1980\",6378137.0,298.257222101]],PRIMEM[\"Greenwich\",0.0],UNIT[\"Degree\",0.0174532925199433]],PROJECTION[\"Transverse_Mercator\"],PARAMETER[\"False_Easting\",200000.0],PARAMETER[\"False_Northing\",600000.0],PARAMETER[\"Central_Meridian\",127.0],PARAMETER[\"Scale_Factor\",1.0],PARAMETER[\"Latitude_Of_Origin\",38.0],UNIT[\"Meter\",1.0]]"
  },
  "fields" : [
    {
      "name" : "FID",
      "type" : "esriFieldTypeOID",
      "alias" : "FID"
    },
    {
      "name" : "PMNTN_SPOT",
      "type" : "esriFieldTypeDouble",
      "alias" : "PMNTN_SPOT"
    },
    {
      "name" : "MNTN_CODE",
      "type" : "esriFieldTypeString",
      "alias" : "MNTN_CODE",
      "length" : 9
    },
    {
      "name" : "MANAGE_SP1",
      "type" : "esriFieldTypeString",
      "alias" : "MANAGE_SP1",
      "length" : 2
    },
    {
      "name" : "MANAGE_SP2",
      "type" : "esriFieldTypeString",
      "alias" : "MANAGE_SP2",
      "length" : 50
    },
    {
      "name" : "DETAIL_SPO",
      "type" : "esriFieldTypeString",
      "alias" : "DETAIL_SPO",
      "length" : 200
    },
    {
      "name" : "ETC_MATTER",
      "type" : "esriFieldTypeString",
      "alias" : "ETC_MATTER",
      "length" : 200
    },
    {
      "name" : "MNTN_NM",
      "type" : "esriFieldTypeString",
      "alias" : "MNTN_NM",
      "length" : 50
    },
    {
      "name" : "PAST_SPOT_",
      "type" : "esriFieldTypeString",
      "alias" : "PAST_SPOT_",
      "length" : 14
    },
    {
      "name" : "MNTN_ID",
      "type" : "esriFieldTypeString",
      "alias" : "MNTN_ID",
      "length" : 10
    }
  ],
  "features" : [
    {
      "attributes" : {
        "FID" : 0,
        "PMNTN_SPOT" : 27267,
        "MNTN_CODE" : "488401901",
        "MANAGE_SP1" : "01",
        "MANAGE_SP2" : "시종점",
        "DETAIL_SPO" : "시종점",
        "ETC_MATTER" : " ",
        "MNTN_NM" : "망운산",
        "PAST_SPOT_" : "4884019010001",
        "MNTN_ID" : "488401901"
      },
      "geometry" : {
        "x" : 274871.30900000036,
        "y" : 250839.25769999996
      }
    },
    {
      "attributes" : {
        "FID" : 1,
        "PMNTN_SPOT" : 27268,
        "MNTN_CODE" : "488401901",
        "MANAGE_SP1" : "02",
        "MANAGE_SP2" : "분기점",
        "DETAIL_SPO" : "분기점",
        "ETC_MATTER" : " ",
        "MNTN_NM" : "망운산",
        "PAST_SPOT_" : "4884019010002",
        "MNTN_ID" : "488401901"
      },
      "geometry" : {
        "x" : 277332.60020000115,
        "y" : 250420.14330000058
      }
    },
    {
      "attributes" : {
        "FID" : 2,
        "PMNTN_SPOT" : 27269,
        "MNTN_CODE" : "488401901",
        "MANAGE_SP1" : "01",
        "MANAGE_SP2" : "시종점",
        "DETAIL_SPO" : "시종점",
        "ETC_MATTER" : " ",
        "MNTN_NM" : "망운산",
        "PAST_SPOT_" : "4884019010003",
        "MNTN_ID" : "488401901"
      },
      "geometry" : {
        "x" : 277492.64950000402,
        "y" : 250318.9626000002
      }
    },
    {
      "attributes" : {
        "FID" : 3,
        "PMNTN_SPOT" : 27270,
        "MNTN_CODE" : "488401901",
        "MANAGE_SP1" : "06",
        "MANAGE_SP2" : "음수대",
        "DETAIL_SPO" : "음수대 및 벤치",
        "ETC_MATTER" : " ",
        "MNTN_NM" : "망운산",
        "PAST_SPOT_" : "28050419000004",
        "MNTN_ID" : "2805041900"
      },
      "geometry" : {
        "x" : 280559.59589999914,
        "y" : 248941.88680000231
      }
    },
    {
      "attributes" : {
        "FID" : 4,
        "PMNTN_SPOT" : 27271,
        "MNTN_CODE" : "488401901",
        "MANAGE_SP1" : "11",
        "MANAGE_SP2" : "안내판또는지도",
        "DETAIL_SPO" : "안내판",
        "ETC_MATTER" : " ",
        "MNTN_NM" : "망운산",
        "PAST_SPOT_" : "28050419000005",
        "MNTN_ID" : "2805041900"
      },
      "geometry" : {
        "x" : 280526.42390000168,
        "y" : 250763.84400000423
      }
    },
    {
      "attributes" : {
        "FID" : 5,
        "PMNTN_SPOT" : 27272,
        "MNTN_CODE" : "488401901",
        "MANAGE_SP1" : "14",
        "MANAGE_SP2" : "조망점",
        "DETAIL_SPO" : "조망점",
        "ETC_MATTER" : " ",
        "MNTN_NM" : "망운산",
        "PAST_SPOT_" : "28050419000006",
        "MNTN_ID" : "2805041900"
      },
      "geometry" : {
        "x" : 278455.1882000016,
        "y" : 251252.42760000378
      }
    },
    {
      "attributes" : {
        "FID" : 6,
        "PMNTN_SPOT" : 27273,
        "MNTN_CODE" : "488401901",
        "MANAGE_SP1" : "99",
        "MANAGE_SP2" : "기타",
        "DETAIL_SPO" : "망운사입구",
        "ETC_MATTER" : " ",
        "MNTN_NM" : "망운산",
        "PAST_SPOT_" : "28050419000007",
        "MNTN_ID" : "2805041900"
      },
      "geometry" : {
        "x" : 278527.1960069919,
        "y" : 251010.17463721335
      }
    },
    {
      "attributes" : {
        "FID" : 7,
        "PMNTN_SPOT" : 27274,
        "MNTN_CODE" : "488401901",
        "MANAGE_SP1" : "04",
        "MANAGE_SP2" : "화장실",
        "DETAIL_SPO" : "화장실",
        "ETC_MATTER" : " ",
        "MNTN_NM" : "망운산",
        "PAST_SPOT_" : "28050419000008",
        "MNTN_ID" : "2805041900"
      },
      "geometry" : {
        "x" : 278475.83989999909,
        "y" : 250929.00060000457
      }
    },
    {
      "attributes" : {
        "FID" : 8,
        "PMNTN_SPOT" : 27275,
        "MNTN_CODE" : "488401901",
        "MANAGE_SP1" : "12",
        "MANAGE_SP2" : "위험지역",
        "DETAIL_SPO" : "위험지역",
        "ETC_MATTER" : " ",
        "MNTN_NM" : "망운산",
        "PAST_SPOT_" : "28050419000009",
        "MNTN_ID" : "2805041900"
      },
      "geometry" : {
        "x" : 278441.18570000026,
        "y" : 250891.892300006
      }
    },
    {
      "attributes" : {
        "FID" : 9,
        "PMNTN_SPOT" : 27276,
        "MNTN_CODE" : "488401901",
        "MANAGE_SP1" : "12",
        "MANAGE_SP2" : "위험지역",
        "DETAIL_SPO" : "위험지역",
        "ETC_MATTER" : " ",
        "MNTN_NM" : "망운산",
        "PAST_SPOT_" : "28050419000010",
        "MNTN_ID" : "2805041900"
      },
      "geometry" : {
        "x" : 278457.42819999997,
        "y" : 250916.73040000163
      }
    },
    {
      "attributes" : {
        "FID" : 10,
        "PMNTN_SPOT" : 27277,
        "MNTN_CODE" : "488401901",
        "MANAGE_SP1" : "12",
        "MANAGE_SP2" : "위험지역",
        "DETAIL_SPO" : "위험지역",
        "ETC_MATTER" : " ",
        "MNTN_NM" : "망운산",
        "PAST_SPOT_" : "28050419000011",
        "MNTN_ID" : "2805041900"
      },
      "geometry" : {
        "x" : 278939.12370000128,
        "y" : 250048.27900000103
      }
    },
    {
      "attributes" : {
        "FID" : 11,
        "PMNTN_SPOT" : 27278,
        "MNTN_CODE" : "488401901",
        "MANAGE_SP1" : "14",
        "MANAGE_SP2" : "조망점",
        "DETAIL_SPO" : "조망점",
        "ETC_MATTER" : " ",
        "MNTN_NM" : "망운산",
        "PAST_SPOT_" : "28050419000012",
        "MNTN_ID" : "2805041900"
      },
      "geometry" : {
        "x" : 279055.25860000215,
        "y" : 250012.69189999998
      }
    },
    {
      "attributes" : {
        "FID" : 12,
        "PMNTN_SPOT" : 27279,
        "MNTN_CODE" : "488401901",
        "MANAGE_SP1" : "14",
        "MANAGE_SP2" : "조망점",
        "DETAIL_SPO" : "조망점",
        "ETC_MATTER" : " ",
        "MNTN_NM" : "망운산",
        "PAST_SPOT_" : "28050419000013",
        "MNTN_ID" : "2805041900"
      },
      "geometry" : {
        "x" : 279134.90710000042,
        "y" : 249954.55840000138
      }
    },
    {
      "attributes" : {
        "FID" : 13,
        "PMNTN_SPOT" : 27280,
        "MNTN_CODE" : "488401901",
        "MANAGE_SP1" : "14",
        "MANAGE_SP2" : "조망점",
        "DETAIL_SPO" : "조망점",
        "ETC_MATTER" : " ",
        "MNTN_NM" : "망운산",
        "PAST_SPOT_" : "28050419000014",
        "MNTN_ID" : "2805041900"
      },
      "geometry" : {
        "x" : 279247.48029999994,
        "y" : 249896.37240000069
      }
    },
    {
      "attributes" : {
        "FID" : 14,
        "PMNTN_SPOT" : 27281,
        "MNTN_CODE" : "488401901",
        "MANAGE_SP1" : "06",
        "MANAGE_SP2" : "음수대",
        "DETAIL_SPO" : "음수대",
        "ETC_MATTER" : " ",
        "MNTN_NM" : "망운산",
        "PAST_SPOT_" : "28050419000015",
        "MNTN_ID" : "2805041900"
      },
      "geometry" : {
        "x" : 279419.11400000006,
        "y" : 249728.17880000174
      }
    },
    {
      "attributes" : {
        "FID" : 15,
        "PMNTN_SPOT" : 27282,
        "MNTN_CODE" : "488401901",
        "MANAGE_SP1" : "16",
        "MANAGE_SP2" : "주요나무",
        "DETAIL_SPO" : "편백림",
        "ETC_MATTER" : " ",
        "MNTN_NM" : "망운산",
        "PAST_SPOT_" : "28050419000016",
        "MNTN_ID" : "2805041900"
      },
      "geometry" : {
        "x" : 279906.07690000255,
        "y" : 249297.26029999927
      }
    },
    {
      "attributes" : {
        "FID" : 16,
        "PMNTN_SPOT" : 27283,
        "MNTN_CODE" : "488401901",
        "MANAGE_SP1" : "99",
        "MANAGE_SP2" : "기타",
        "DETAIL_SPO" : "산림욕장",
        "ETC_MATTER" : " ",
        "MNTN_NM" : "망운산",
        "PAST_SPOT_" : "28050419000017",
        "MNTN_ID" : "2805041900"
      },
      "geometry" : {
        "x" : 280007.41920000035,
        "y" : 249176.07939999923
      }
    },
    {
      "attributes" : {
        "FID" : 17,
        "PMNTN_SPOT" : 27284,
        "MNTN_CODE" : "488401901",
        "MANAGE_SP1" : "99",
        "MANAGE_SP2" : "기타",
        "DETAIL_SPO" : "전망대",
        "ETC_MATTER" : " ",
        "MNTN_NM" : "망운산",
        "PAST_SPOT_" : "28050419000018",
        "MNTN_ID" : "2805041900"
      },
      "geometry" : {
        "x" : 280075.77520000003,
        "y" : 249084.56790000014
      }
    },
    {
      "attributes" : {
        "FID" : 18,
        "PMNTN_SPOT" : 27285,
        "MNTN_CODE" : "488401901",
        "MANAGE_SP1" : "05",
        "MANAGE_SP2" : "벤치",
        "DETAIL_SPO" : "벤치",
        "ETC_MATTER" : " ",
        "MNTN_NM" : "망운산",
        "PAST_SPOT_" : "28050419000019",
        "MNTN_ID" : "2805041900"
      },
      "geometry" : {
        "x" : 278873.28340000287,
        "y" : 251901.72149999999
      }
    },
    {
      "attributes" : {
        "FID" : 19,
        "PMNTN_SPOT" : 27286,
        "MNTN_CODE" : "488401901",
        "MANAGE_SP1" : "14",
        "MANAGE_SP2" : "조망점",
        "DETAIL_SPO" : "조망점",
        "ETC_MATTER" : " ",
        "MNTN_NM" : "망운산",
        "PAST_SPOT_" : "28050419000020",
        "MNTN_ID" : "2805041900"
      },
      "geometry" : {
        "x" : 278445.80110000353,
        "y" : 251195.81180000305
      }
    },
    {
      "attributes" : {
        "FID" : 20,
        "PMNTN_SPOT" : 27287,
        "MNTN_CODE" : "488401901",
        "MANAGE_SP1" : "99",
        "MANAGE_SP2" : "기타",
        "DETAIL_SPO" : "망운사",
        "ETC_MATTER" : " ",
        "MNTN_NM" : "망운산",
        "PAST_SPOT_" : "28050419000021",
        "MNTN_ID" : "2805041900"
      },
      "geometry" : {
        "x" : 278514.96320000011,
        "y" : 250965.50400000438
      }
    },
    {
      "attributes" : {
        "FID" : 21,
        "PMNTN_SPOT" : 27288,
        "MNTN_CODE" : "488401901",
        "MANAGE_SP1" : "99",
        "MANAGE_SP2" : "기타",
        "DETAIL_SPO" : "간판필요",
        "ETC_MATTER" : " ",
        "MNTN_NM" : "망운산",
        "PAST_SPOT_" : "28050419000022",
        "MNTN_ID" : "2805041900"
      },
      "geometry" : {
        "x" : 278459.30730000325,
        "y" : 250908.92540000007
      }
    },
    {
      "attributes" : {
        "FID" : 22,
        "PMNTN_SPOT" : 27289,
        "MNTN_CODE" : "488401901",
        "MANAGE_SP1" : "05",
        "MANAGE_SP2" : "벤치",
        "DETAIL_SPO" : "벤치",
        "ETC_MATTER" : " ",
        "MNTN_NM" : "망운산",
        "PAST_SPOT_" : "28050419000023",
        "MNTN_ID" : "2805041900"
      },
      "geometry" : {
        "x" : 277843.25630000047,
        "y" : 250452.44470000081
      }
    },
    {
      "attributes" : {
        "FID" : 23,
        "PMNTN_SPOT" : 27290,
        "MNTN_CODE" : "488401901",
        "MANAGE_SP1" : "99",
        "MANAGE_SP2" : "기타",
        "DETAIL_SPO" : "KBS중계소",
        "ETC_MATTER" : " ",
        "MNTN_NM" : "망운산",
        "PAST_SPOT_" : "28050419000024",
        "MNTN_ID" : "2805041900"
      },
      "geometry" : {
        "x" : 277492.87000000104,
        "y" : 250321.21110000089
      }
    },
    {
      "attributes" : {
        "FID" : 24,
        "PMNTN_SPOT" : 27291,
        "MNTN_CODE" : "488401901",
        "MANAGE_SP1" : "14",
        "MANAGE_SP2" : "조망점",
        "DETAIL_SPO" : "조망점",
        "ETC_MATTER" : " ",
        "MNTN_NM" : "망운산",
        "PAST_SPOT_" : "28050419000025",
        "MNTN_ID" : "2805041900"
      },
      "geometry" : {
        "x" : 277181.47420000006,
        "y" : 250484.00070000254
      }
    },
    {
      "attributes" : {
        "FID" : 25,
        "PMNTN_SPOT" : 27292,
        "MNTN_CODE" : "488401901",
        "MANAGE_SP1" : "99",
        "MANAGE_SP2" : "기타",
        "DETAIL_SPO" : "감시초소",
        "ETC_MATTER" : " ",
        "MNTN_NM" : "망운산",
        "PAST_SPOT_" : "28050419000026",
        "MNTN_ID" : "2805041900"
      },
      "geometry" : {
        "x" : 277307.61270000227,
        "y" : 250203.01500000246
      }
    },
    {
      "attributes" : {
        "FID" : 26,
        "PMNTN_SPOT" : 27293,
        "MNTN_CODE" : "488401901",
        "MANAGE_SP1" : "14",
        "MANAGE_SP2" : "조망점",
        "DETAIL_SPO" : "조망점",
        "ETC_MATTER" : " ",
        "MNTN_NM" : "망운산",
        "PAST_SPOT_" : "28050419000027",
        "MNTN_ID" : "2805041900"
      },
      "geometry" : {
        "x" : 276600.53599999938,
        "y" : 248742.08799999952
      }
    },
    {
      "attributes" : {
        "FID" : 27,
        "PMNTN_SPOT" : 27294,
        "MNTN_CODE" : "488401901",
        "MANAGE_SP1" : "99",
        "MANAGE_SP2" : "기타",
        "DETAIL_SPO" : "저수지",
        "ETC_MATTER" : " ",
        "MNTN_NM" : "망운산",
        "PAST_SPOT_" : "28050419000028",
        "MNTN_ID" : "2805041900"
      },
      "geometry" : {
        "x" : 275434.35070000123,
        "y" : 249567.59150000103
      }
    },
    {
      "attributes" : {
        "FID" : 28,
        "PMNTN_SPOT" : 27295,
        "MNTN_CODE" : "488401901",
        "MANAGE_SP1" : "99",
        "MANAGE_SP2" : "기타",
        "DETAIL_SPO" : "본격적인등산로",
        "ETC_MATTER" : " ",
        "MNTN_NM" : "망운산",
        "PAST_SPOT_" : "28050419000029",
        "MNTN_ID" : "2805041900"
      },
      "geometry" : {
        "x" : 275706.76590000093,
        "y" : 249328.78070000187
      }
    },
    {
      "attributes" : {
        "FID" : 29,
        "PMNTN_SPOT" : 27296,
        "MNTN_CODE" : "488401901",
        "MANAGE_SP1" : "01",
        "MANAGE_SP2" : "시종점",
        "DETAIL_SPO" : "시종점",
        "ETC_MATTER" : " ",
        "MNTN_NM" : "망운산",
        "PAST_SPOT_" : "28050419000030",
        "MNTN_ID" : "2805041900"
      },
      "geometry" : {
        "x" : 274974.82870000228,
        "y" : 249594.67050000094
      }
    },
    {
      "attributes" : {
        "FID" : 30,
        "PMNTN_SPOT" : 27297,
        "MNTN_CODE" : "488401901",
        "MANAGE_SP1" : "01",
        "MANAGE_SP2" : "시종점",
        "DETAIL_SPO" : "시종점",
        "ETC_MATTER" : " ",
        "MNTN_NM" : "망운산",
        "PAST_SPOT_" : "28050419000031",
        "MNTN_ID" : "2805041900"
      },
      "geometry" : {
        "x" : 276560.55800000019,
        "y" : 246505.36930000223
      }
    },
    {
      "attributes" : {
        "FID" : 31,
        "PMNTN_SPOT" : 27298,
        "MNTN_CODE" : "488401901",
        "MANAGE_SP1" : "02",
        "MANAGE_SP2" : "분기점",
        "DETAIL_SPO" : "분기점",
        "ETC_MATTER" : " ",
        "MNTN_NM" : "망운산",
        "PAST_SPOT_" : "28050419000032",
        "MNTN_ID" : "2805041900"
      },
      "geometry" : {
        "x" : 276783.56140000094,
        "y" : 249023.45400000177
      }
    },
    {
      "attributes" : {
        "FID" : 32,
        "PMNTN_SPOT" : 27299,
        "MNTN_CODE" : "488401901",
        "MANAGE_SP1" : "99",
        "MANAGE_SP2" : "기타",
        "DETAIL_SPO" : "용두봉",
        "ETC_MATTER" : " ",
        "MNTN_NM" : "망운산",
        "PAST_SPOT_" : "28050419000033",
        "MNTN_ID" : "2805041900"
      },
      "geometry" : {
        "x" : 276935.6492999997,
        "y" : 249517.43520000018
      }
    },
    {
      "attributes" : {
        "FID" : 33,
        "PMNTN_SPOT" : 27300,
        "MNTN_CODE" : "488401901",
        "MANAGE_SP1" : "02",
        "MANAGE_SP2" : "분기점",
        "DETAIL_SPO" : "분기점",
        "ETC_MATTER" : " ",
        "MNTN_NM" : "망운산",
        "PAST_SPOT_" : "28050419000034",
        "MNTN_ID" : "2805041900"
      },
      "geometry" : {
        "x" : 278195.00399999972,
        "y" : 250580.62510000169
      }
    },
    {
      "attributes" : {
        "FID" : 34,
        "PMNTN_SPOT" : 27301,
        "MNTN_CODE" : "488401901",
        "MANAGE_SP1" : "02",
        "MANAGE_SP2" : "분기점",
        "DETAIL_SPO" : "분기점",
        "ETC_MATTER" : " ",
        "MNTN_NM" : "망운산",
        "PAST_SPOT_" : "28050419000035",
        "MNTN_ID" : "2805041900"
      },
      "geometry" : {
        "x" : 278200.69620000292,
        "y" : 250808.8273000028
      }
    },
    {
      "attributes" : {
        "FID" : 35,
        "PMNTN_SPOT" : 27302,
        "MNTN_CODE" : "488401901",
        "MANAGE_SP1" : "02",
        "MANAGE_SP2" : "분기점",
        "DETAIL_SPO" : "분기점",
        "ETC_MATTER" : " ",
        "MNTN_NM" : "망운산",
        "PAST_SPOT_" : "28050419000036",
        "MNTN_ID" : "2805041900"
      },
      "geometry" : {
        "x" : 278225.98990000226,
        "y" : 250616.07250000164
      }
    },
    {
      "attributes" : {
        "FID" : 36,
        "PMNTN_SPOT" : 27303,
        "MNTN_CODE" : "488401901",
        "MANAGE_SP1" : "02",
        "MANAGE_SP2" : "분기점",
        "DETAIL_SPO" : "분기점",
        "ETC_MATTER" : " ",
        "MNTN_NM" : "망운산",
        "PAST_SPOT_" : "28050419000037",
        "MNTN_ID" : "2805041900"
      },
      "geometry" : {
        "x" : 278226.2153000012,
        "y" : 250599.65040000156
      }
    },
    {
      "attributes" : {
        "FID" : 37,
        "PMNTN_SPOT" : 27304,
        "MNTN_CODE" : "488401901",
        "MANAGE_SP1" : "23",
        "MANAGE_SP2" : "정상",
        "DETAIL_SPO" : "망운산 정상",
        "ETC_MATTER" : " ",
        "MNTN_NM" : "망운산",
        "PAST_SPOT_" : "28050419000038",
        "MNTN_ID" : "2805041900"
      },
      "geometry" : {
        "x" : 278234.61650000233,
        "y" : 250971.30180000141
      }
    },
    {
      "attributes" : {
        "FID" : 38,
        "PMNTN_SPOT" : 27305,
        "MNTN_CODE" : "488401901",
        "MANAGE_SP1" : "02",
        "MANAGE_SP2" : "분기점",
        "DETAIL_SPO" : "분기점",
        "ETC_MATTER" : " ",
        "MNTN_NM" : "망운산",
        "PAST_SPOT_" : "28050419000039",
        "MNTN_ID" : "2805041900"
      },
      "geometry" : {
        "x" : 278308.91849999968,
        "y" : 251544.83019999973
      }
    },
    {
      "attributes" : {
        "FID" : 39,
        "PMNTN_SPOT" : 27306,
        "MNTN_CODE" : "488401901",
        "MANAGE_SP1" : "02",
        "MANAGE_SP2" : "분기점",
        "DETAIL_SPO" : "분기점",
        "ETC_MATTER" : " ",
        "MNTN_NM" : "망운산",
        "PAST_SPOT_" : "28050419000040",
        "MNTN_ID" : "2805041900"
      },
      "geometry" : {
        "x" : 278509.90940000024,
        "y" : 251129.49260000326
      }
    },
    {
      "attributes" : {
        "FID" : 40,
        "PMNTN_SPOT" : 27307,
        "MNTN_CODE" : "488401901",
        "MANAGE_SP1" : "02",
        "MANAGE_SP2" : "분기점",
        "DETAIL_SPO" : "분기점",
        "ETC_MATTER" : " ",
        "MNTN_NM" : "망운산",
        "PAST_SPOT_" : "28050419000041",
        "MNTN_ID" : "2805041900"
      },
      "geometry" : {
        "x" : 278533.29279999994,
        "y" : 251568.25680000149
      }
    },
    {
      "attributes" : {
        "FID" : 41,
        "PMNTN_SPOT" : 27308,
        "MNTN_CODE" : "488401901",
        "MANAGE_SP1" : "02",
        "MANAGE_SP2" : "분기점",
        "DETAIL_SPO" : "분기점",
        "ETC_MATTER" : " ",
        "MNTN_NM" : "망운산",
        "PAST_SPOT_" : "28050419000042",
        "MNTN_ID" : "2805041900"
      },
      "geometry" : {
        "x" : 278607.40099999961,
        "y" : 251620.98500000127
      }
    },
    {
      "attributes" : {
        "FID" : 42,
        "PMNTN_SPOT" : 27309,
        "MNTN_CODE" : "488401901",
        "MANAGE_SP1" : "01",
        "MANAGE_SP2" : "시종점",
        "DETAIL_SPO" : "시종점,화방사(절)",
        "ETC_MATTER" : " ",
        "MNTN_NM" : "망운산",
        "PAST_SPOT_" : "28050419000043",
        "MNTN_ID" : "2805041900"
      },
      "geometry" : {
        "x" : 279085.60220000241,
        "y" : 252512.57330000401
      }
    },
    {
      "attributes" : {
        "FID" : 43,
        "PMNTN_SPOT" : 27310,
        "MNTN_CODE" : "488401901",
        "MANAGE_SP1" : "23",
        "MANAGE_SP2" : "정상",
        "DETAIL_SPO" : "관대봉 정상",
        "ETC_MATTER" : " ",
        "MNTN_NM" : "망운산",
        "PAST_SPOT_" : "28050419000044",
        "MNTN_ID" : "2805041900"
      },
      "geometry" : {
        "x" : 279119.3197000036,
        "y" : 249962.66019999981
      }
    },
    {
      "attributes" : {
        "FID" : 44,
        "PMNTN_SPOT" : 27311,
        "MNTN_CODE" : "488401901",
        "MANAGE_SP1" : "02",
        "MANAGE_SP2" : "분기점",
        "DETAIL_SPO" : "분기점",
        "ETC_MATTER" : " ",
        "MNTN_NM" : "망운산",
        "PAST_SPOT_" : "28050419000045",
        "MNTN_ID" : "2805041900"
      },
      "geometry" : {
        "x" : 279494.7835000027,
        "y" : 249599.55059999973
      }
    },
    {
      "attributes" : {
        "FID" : 45,
        "PMNTN_SPOT" : 27312,
        "MNTN_CODE" : "488401901",
        "MANAGE_SP1" : "02",
        "MANAGE_SP2" : "분기점",
        "DETAIL_SPO" : "건강활동지 구(분기)",
        "ETC_MATTER" : " ",
        "MNTN_NM" : "망운산",
        "PAST_SPOT_" : "28050419000046",
        "MNTN_ID" : "2805041900"
      },
      "geometry" : {
        "x" : 280557.3300999999,
        "y" : 248999.52830000408
      }
    },
    {
      "attributes" : {
        "FID" : 46,
        "PMNTN_SPOT" : 27313,
        "MNTN_CODE" : "488401901",
        "MANAGE_SP1" : "01",
        "MANAGE_SP2" : "시종점",
        "DETAIL_SPO" : "시종점",
        "ETC_MATTER" : " ",
        "MNTN_NM" : "망운산",
        "PAST_SPOT_" : "28050419000047",
        "MNTN_ID" : "2805041900"
      },
      "geometry" : {
        "x" : 280617.3415000001,
        "y" : 249954.44950000197
      }
    },
    {
      "attributes" : {
        "FID" : 47,
        "PMNTN_SPOT" : 27314,
        "MNTN_CODE" : "488401901",
        "MANAGE_SP1" : "01",
        "MANAGE_SP2" : "시종점",
        "DETAIL_SPO" : "시종점",
        "ETC_MATTER" : " ",
        "MNTN_NM" : "망운산",
        "PAST_SPOT_" : "28050419000048",
        "MNTN_ID" : "2805041900"
      },
      "geometry" : {
        "x" : 280892.03950000368,
        "y" : 249224.76920000277
      }
    },
    {
      "attributes" : {
        "FID" : 48,
        "PMNTN_SPOT" : 27315,
        "MNTN_CODE" : "488401901",
        "MANAGE_SP1" : "01",
        "MANAGE_SP2" : "시종점",
        "DETAIL_SPO" : "등산로입구",
        "ETC_MATTER" : " ",
        "MNTN_NM" : "망운산",
        "PAST_SPOT_" : "28050419000049",
        "MNTN_ID" : "2805041900"
      },
      "geometry" : {
        "x" : 281136.5522999987,
        "y" : 248861.28550000116
      }
    },
    {
      "attributes" : {
        "FID" : 49,
        "PMNTN_SPOT" : 27316,
        "MNTN_CODE" : "488401901",
        "MANAGE_SP1" : "01",
        "MANAGE_SP2" : "시종점",
        "DETAIL_SPO" : "시종점",
        "ETC_MATTER" : " ",
        "MNTN_NM" : "망운산",
        "PAST_SPOT_" : "28050419000050",
        "MNTN_ID" : "2805041900"
      },
      "geometry" : {
        "x" : 281343.68910000101,
        "y" : 250227.61460000277
      }
    },
    {
      "attributes" : {
        "FID" : 50,
        "PMNTN_SPOT" : 27317,
        "MNTN_CODE" : "488401901",
        "MANAGE_SP1" : "01",
        "MANAGE_SP2" : "시종점",
        "DETAIL_SPO" : "시종점",
        "ETC_MATTER" : " ",
        "MNTN_NM" : "망운산",
        "PAST_SPOT_" : "28050419000051",
        "MNTN_ID" : "2805041900"
      },
      "geometry" : {
        "x" : 278651.72942462564,
        "y" : 253201.37324290723
      }
    }
  ]
}