{
  "displayFieldName" : "",
  "fieldAliases" : {
    "FID" : "FID",
    "PMNTN_SN" : "PMNTN_SN",
    "MNTN_CODE" : "MNTN_CODE",
    "MNTN_NM" : "MNTN_NM",
    "PMNTN_NM" : "PMNTN_NM",
    "PMNTN_MAIN" : "PMNTN_MAIN",
    "PMNTN_LT" : "PMNTN_LT",
    "PMNTN_DFFL" : "PMNTN_DFFL",
    "PMNTN_UPPL" : "PMNTN_UPPL",
    "PMNTN_GODN" : "PMNTN_GODN",
    "PMNTN_MTRQ" : "PMNTN_MTRQ",
    "PMNTN_CNRL" : "PMNTN_CNRL",
    "PMNTN_CLS_" : "PMNTN_CLS_",
    "PMNTN_RISK" : "PMNTN_RISK",
    "PMNTN_RECO" : "PMNTN_RECO",
    "DATA_STDR_" : "DATA_STDR_",
    "MNTN_ID" : "MNTN_ID"
  },
  "geometryType" : "esriGeometryPolyline",
  "spatialReference" : {
    "wkt" : "PROJCS[\"PCS_ITRF2000_TM\",GEOGCS[\"GCS_ITRF_2000\",DATUM[\"D_ITRF_2000\",SPHEROID[\"GRS_1980\",6378137.0,298.257222101]],PRIMEM[\"Greenwich\",0.0],UNIT[\"Degree\",0.0174532925199433]],PROJECTION[\"Transverse_Mercator\"],PARAMETER[\"False_Easting\",200000.0],PARAMETER[\"False_Northing\",600000.0],PARAMETER[\"Central_Meridian\",127.0],PARAMETER[\"Scale_Factor\",1.0],PARAMETER[\"Latitude_Of_Origin\",38.0],UNIT[\"Meter\",1.0]]"
  },
  "fields" : [
    {
      "name" : "FID",
      "type" : "esriFieldTypeOID",
      "alias" : "FID"
    },
    {
      "name" : "PMNTN_SN",
      "type" : "esriFieldTypeDouble",
      "alias" : "PMNTN_SN"
    },
    {
      "name" : "MNTN_CODE",
      "type" : "esriFieldTypeString",
      "alias" : "MNTN_CODE",
      "length" : 9
    },
    {
      "name" : "MNTN_NM",
      "type" : "esriFieldTypeString",
      "alias" : "MNTN_NM",
      "length" : 50
    },
    {
      "name" : "PMNTN_NM",
      "type" : "esriFieldTypeString",
      "alias" : "PMNTN_NM",
      "length" : 50
    },
    {
      "name" : "PMNTN_MAIN",
      "type" : "esriFieldTypeString",
      "alias" : "PMNTN_MAIN",
      "length" : 200
    },
    {
      "name" : "PMNTN_LT",
      "type" : "esriFieldTypeSingle",
      "alias" : "PMNTN_LT"
    },
    {
      "name" : "PMNTN_DFFL",
      "type" : "esriFieldTypeString",
      "alias" : "PMNTN_DFFL",
      "length" : 8
    },
    {
      "name" : "PMNTN_UPPL",
      "type" : "esriFieldTypeDouble",
      "alias" : "PMNTN_UPPL"
    },
    {
      "name" : "PMNTN_GODN",
      "type" : "esriFieldTypeDouble",
      "alias" : "PMNTN_GODN"
    },
    {
      "name" : "PMNTN_MTRQ",
      "type" : "esriFieldTypeString",
      "alias" : "PMNTN_MTRQ",
      "length" : 200
    },
    {
      "name" : "PMNTN_CNRL",
      "type" : "esriFieldTypeString",
      "alias" : "PMNTN_CNRL",
      "length" : 1
    },
    {
      "name" : "PMNTN_CLS_",
      "type" : "esriFieldTypeString",
      "alias" : "PMNTN_CLS_",
      "length" : 1
    },
    {
      "name" : "PMNTN_RISK",
      "type" : "esriFieldTypeString",
      "alias" : "PMNTN_RISK",
      "length" : 200
    },
    {
      "name" : "PMNTN_RECO",
      "type" : "esriFieldTypeString",
      "alias" : "PMNTN_RECO",
      "length" : 1
    },
    {
      "name" : "DATA_STDR_",
      "type" : "esriFieldTypeString",
      "alias" : "DATA_STDR_",
      "length" : 10
    },
    {
      "name" : "MNTN_ID",
      "type" : "esriFieldTypeString",
      "alias" : "MNTN_ID",
      "length" : 10
    }
  ],
  "features" : [
    {
      "attributes" : {
        "FID" : 0,
        "PMNTN_SN" : 22415,
        "MNTN_CODE" : "277101101",
        "MNTN_NM" : "뱀산",
        "PMNTN_NM" : "달성군구라리천내초등학교정문-구라리한우아파트구간",
        "PMNTN_MAIN" : " ",
        "PMNTN_LT" : 0.13,
        "PMNTN_DFFL" : "쉬움",
        "PMNTN_UPPL" : 2,
        "PMNTN_GODN" : 2,
        "PMNTN_MTRQ" : "토사",
        "PMNTN_CNRL" : " ",
        "PMNTN_CLS_" : " ",
        "PMNTN_RISK" : " ",
        "PMNTN_RECO" : " ",
        "DATA_STDR_" : "2016-12-31",
        "MNTN_ID" : "277101101"
      },
      "geometry" : {
        "paths" : [
          [
            [
              335725.64190000203,
              357894.18820000812
            ],
            [
              335729.20970000606,
              357893.79639999941
            ],
            [
              335738.6321000047,
              357892.1454000026
            ],
            [
              335752.31750000454,
              357891.7041000016
            ],
            [
              335755.26360000949,
              357890.83750000224
            ],
            [
              335756.49660000764,
              357890.49369999953
            ],
            [
              335762.47670000698,
              357886.48259999976
            ],
            [
              335764.55880000535,
              357884.14210000075
            ],
            [
              335768.14870000537,
              357882.30860000104
            ],
            [
              335771.6479000058,
              357877.98970000073
            ],
            [
              335776.20700000785,
              357869.78899999894
            ],
            [
              335781.53740000911,
              357861.69310000166
            ],
            [
              335788.47650000732,
              357859.88320000097
            ],
            [
              335794.73890000768,
              357859.70940000005
            ],
            [
              335796.47090000566,
              357860.4243999999
            ],
            [
              335800.85840000492,
              357861.43139999919
            ],
            [
              335803.83640000504,
              357861.44920000248
            ],
            [
              335808.8979000058,
              357858.03800000437
            ],
            [
              335810.739300007,
              357862.49469999969
            ],
            [
              335811.69990000688,
              357862.61180000193
            ],
            [
              335818.11480000615,
              357860.3936999999
            ],
            [
              335824.11880000681,
              357856.31790000014
            ],
            [
              335829.5077000102,
              357853.30270000361
            ]
          ]
        ]
      }
    },
    {
      "attributes" : {
        "FID" : 1,
        "PMNTN_SN" : 22416,
        "MNTN_CODE" : "277101101",
        "MNTN_NM" : "뱀산",
        "PMNTN_NM" : "달성군구라리천내초등학교정문-구라리한우아파트구간",
        "PMNTN_MAIN" : " ",
        "PMNTN_LT" : 0.48,
        "PMNTN_DFFL" : "쉬움",
        "PMNTN_UPPL" : 8,
        "PMNTN_GODN" : 6,
        "PMNTN_MTRQ" : "토사",
        "PMNTN_CNRL" : " ",
        "PMNTN_CLS_" : " ",
        "PMNTN_RISK" : " ",
        "PMNTN_RECO" : " ",
        "DATA_STDR_" : "2016-12-31",
        "MNTN_ID" : "277101101"
      },
      "geometry" : {
        "paths" : [
          [
            [
              336184.13290000707,
              357868.81330000423
            ],
            [
              336192.58060000837,
              357869.69360000454
            ],
            [
              336197.64950000495,
              357878.12620000169
            ],
            [
              336199.75960000884,
              357877.90750000253
            ],
            [
              336206.5975000076,
              357877.76150000095
            ],
            [
              336211.72920000739,
              357881.12460000068
            ],
            [
              336217.01260000654,
              357882.02459999919
            ],
            [
              336224.97000000719,
              357881.0214000009
            ],
            [
              336231.31120000686,
              357882.12379999831
            ],
            [
              336243.38270000834,
              357880.38670000061
            ],
            [
              336246.29230000731,
              357877.65750000253
            ],
            [
              336245.00010000728,
              357871.00640000403
            ],
            [
              336240.74380000494,
              357864.10569999926
            ],
            [
              336240.72430000827,
              357858.75919999927
            ],
            [
              336242.04160000477,
              357853.87800000235
            ],
            [
              336244.9622000074,
              357849.47430000268
            ],
            [
              336250.88850000873,
              357844.26610000059
            ],
            [
              336256.09130000696,
              357837.29480000027
            ],
            [
              336258.00520000607,
              357830.72410000488
            ],
            [
              336258.83090000506,
              357819.91699999943
            ],
            [
              336261.99780000653,
              357812.56520000286
            ],
            [
              336264.99650000408,
              357808.19420000166
            ],
            [
              336269.36880000867,
              357806.19200000167
            ],
            [
              336276.74130000826,
              357798.89440000243
            ],
            [
              336283.19730000664,
              357791.91090000235
            ],
            [
              336297.05180000421,
              357781.84669999965
            ],
            [
              336304.09940000717,
              357775.02690000087
            ],
            [
              336308.19190000743,
              357769.79979999922
            ],
            [
              336305.63950000703,
              357768.06509999745
            ],
            [
              336300.93420000561,
              357765.42400000431
            ],
            [
              336297.41030000523,
              357762.960200008
            ],
            [
              336291.41280000657,
              357760.69079999998
            ],
            [
              336288.22220000532,
              357759.71130000055
            ],
            [
              336279.42150000855,
              357758.2752000019
            ],
            [
              336270.67380000558,
              357755.65149999969
            ],
            [
              336263.16860000696,
              357756.27480000257
            ],
            [
              336258.42920000665,
              357753.39610000141
            ],
            [
              336255.19130000751,
              357750.35139999911
            ],
            [
              336252.15170000587,
              357754.14140000194
            ],
            [
              336248.45830000658,
              357758.09339999966
            ],
            [
              336243.51130000502,
              357759.63920000009
            ],
            [
              336239.36850000359,
              357758.85520000197
            ],
            [
              336237.16080000531,
              357758.03040000238
            ],
            [
              336234.89780000597,
              357757.34430000186
            ],
            [
              336229.70140000805,
              357759.162200002
            ],
            [
              336224.40020000935,
              357761.49180000275
            ],
            [
              336219.86630000453,
              357764.57580000348
            ],
            [
              336217.40930000879,
              357765.66369999945
            ],
            [
              336210.10360000655,
              357769.61680000275
            ],
            [
              336203.76230000705,
              357772.942900002
            ],
            [
              336196.17810000665,
              357776.27780000307
            ],
            [
              336185.79290000349,
              357780.89990000241
            ],
            [
              336178.64000000805,
              357783.29240000248
            ],
            [
              336175.96480000764,
              357781.81850000098
            ],
            [
              336163.4976000078,
              357771.52309999987
            ],
            [
              336161.6109000016,
              357770.52659999952
            ],
            [
              336153.78770000674,
              357765.26140000112
            ],
            [
              336148.5815000087,
              357757.94360000081
            ],
            [
              336142.53010000661,
              357745.9196000006
            ],
            [
              336135.56640000548,
              357741.11010000296
            ],
            [
              336129.86380000785,
              357738.89539999887
            ],
            [
              336124.91870001052,
              357738.29389999993
            ],
            [
              336121.7505000066,
              357739.21340000071
            ],
            [
              336117.77910000738,
              357740.53080000356
            ],
            [
              336110.26170000713,
              357751.15359999985
            ],
            [
              336104.07620000653,
              357754.8236999996
            ],
            [
              336100.74780000653,
              357758.74770000018
            ],
            [
              336098.25770000648,
              357763.45640000142
            ],
            [
              336096.03280000854,
              357768.99850000069
            ],
            [
              336092.1263000071,
              357775.6809000019
            ],
            [
              336091.03710000589,
              357781.77710000053
            ]
          ]
        ]
      }
    },
    {
      "attributes" : {
        "FID" : 2,
        "PMNTN_SN" : 22417,
        "MNTN_CODE" : "277101101",
        "MNTN_NM" : "뱀산",
        "PMNTN_NM" : "천내리구간",
        "PMNTN_MAIN" : " ",
        "PMNTN_LT" : 0.11,
        "PMNTN_DFFL" : "쉬움",
        "PMNTN_UPPL" : 2,
        "PMNTN_GODN" : 1,
        "PMNTN_MTRQ" : " ",
        "PMNTN_CNRL" : " ",
        "PMNTN_CLS_" : " ",
        "PMNTN_RISK" : " ",
        "PMNTN_RECO" : " ",
        "DATA_STDR_" : "2016-12-31",
        "MNTN_ID" : "277101101"
      },
      "geometry" : {
        "paths" : [
          [
            [
              336091.03710000589,
              357781.77710000053
            ],
            [
              336085.83470000606,
              357782.36710000038
            ],
            [
              336078.33950000536,
              357781.88900000229
            ],
            [
              336076.46200000495,
              357777.64929999784
            ],
            [
              336070.80250000488,
              357770.64990000241
            ],
            [
              336058.63700000383,
              357768.01240000129
            ],
            [
              336049.02650000434,
              357767.5949000027
            ],
            [
              336047.82470000722,
              357767.88350000232
            ],
            [
              336042.0891000079,
              357766.81840000115
            ],
            [
              336038.17080000602,
              357761.49340000004
            ],
            [
              336032.55400000606,
              357760.84139999934
            ],
            [
              336024.54460000619,
              357761.35140000097
            ],
            [
              336018.95290000644,
              357756.94459999911
            ],
            [
              336013.8905000072,
              357753.73139999993
            ],
            [
              336006.19810000714,
              357751.91620000079
            ],
            [
              336000.16610000748,
              357751.90990000032
            ],
            [
              335995.06050000433,
              357751.6203999985
            ]
          ]
        ]
      }
    },
    {
      "attributes" : {
        "FID" : 3,
        "PMNTN_SN" : 22418,
        "MNTN_CODE" : "277101101",
        "MNTN_NM" : "뱀산",
        "PMNTN_NM" : "천내리동산아파트옆입구구간",
        "PMNTN_MAIN" : " ",
        "PMNTN_LT" : 0.21,
        "PMNTN_DFFL" : "쉬움",
        "PMNTN_UPPL" : 4,
        "PMNTN_GODN" : 3,
        "PMNTN_MTRQ" : "토사",
        "PMNTN_CNRL" : " ",
        "PMNTN_CLS_" : " ",
        "PMNTN_RISK" : "뱀",
        "PMNTN_RECO" : " ",
        "DATA_STDR_" : "2016-12-31",
        "MNTN_ID" : "277101101"
      },
      "geometry" : {
        "paths" : [
          [
            [
              335725.64190000203,
              357894.18820000812
            ],
            [
              335726.84810000658,
              357889.36029999889
            ],
            [
              335730.01790000685,
              357888.29710000195
            ],
            [
              335730.3988000052,
              357883.96240000054
            ],
            [
              335730.78710000869,
              357883.34500000067
            ],
            [
              335730.770000007,
              357882.48890000395
            ],
            [
              335731.83990000561,
              357880.42130000144
            ],
            [
              335733.9577000076,
              357879.20710000582
            ],
            [
              335737.03760000505,
              357877.52390000224
            ],
            [
              335737.03150000703,
              357875.44910000451
            ],
            [
              335736.71070000622,
              357873.63940000162
            ],
            [
              335736.90740000736,
              357872.17250000127
            ],
            [
              335736.92070000805,
              357871.30749999918
            ],
            [
              335737.94640000816,
              357867.67630000226
            ],
            [
              335734.03280000761,
              357860.97360000201
            ],
            [
              335732.65600000601,
              357855.37970000319
            ],
            [
              335734.43080000766,
              357848.36429999769
            ],
            [
              335738.25460000709,
              357842.86659999937
            ],
            [
              335739.37950000633,
              357837.71110000275
            ],
            [
              335743.32140000444,
              357833.41589999944
            ],
            [
              335748.85320000723,
              357829.38430000097
            ],
            [
              335753.74060000479,
              357825.12300000153
            ],
            [
              335763.99560000747,
              357819.94420000166
            ],
            [
              335772.97980000824,
              357815.90910000168
            ],
            [
              335779.35660000797,
              357812.50270000286
            ],
            [
              335782.12930000573,
              357808.43740000017
            ],
            [
              335784.78140000533,
              357804.50210000016
            ],
            [
              335791.58410000522,
              357799.1053000018
            ],
            [
              335798.1069000084,
              357796.28399999999
            ],
            [
              335801.77380000614,
              357792.88880000263
            ],
            [
              335808.1283000065,
              357787.70190000162
            ],
            [
              335815.3718000073,
              357783.84060000256
            ],
            [
              335826.02570000757,
              357780.96189999953
            ],
            [
              335831.74190000724,
              357778.84479999915
            ],
            [
              335836.47290000785,
              357776.73100000061
            ],
            [
              335844.86390000768,
              357770.69170000218
            ],
            [
              335846.68930000812,
              357769.27770000137
            ],
            [
              335852.60930000711,
              357765.73100000434
            ],
            [
              335857.79930000845,
              357761.00030000135
            ],
            [
              335860.03550000582,
              357758.60610000044
            ]
          ]
        ]
      }
    },
    {
      "attributes" : {
        "FID" : 4,
        "PMNTN_SN" : 22419,
        "MNTN_CODE" : "277101101",
        "MNTN_NM" : "뱀산",
        "PMNTN_NM" : "천내리동산아파트옆입구구간",
        "PMNTN_MAIN" : " ",
        "PMNTN_LT" : 0.17,
        "PMNTN_DFFL" : "쉬움",
        "PMNTN_UPPL" : 3,
        "PMNTN_GODN" : 2,
        "PMNTN_MTRQ" : "토사",
        "PMNTN_CNRL" : " ",
        "PMNTN_CLS_" : " ",
        "PMNTN_RISK" : "뱀",
        "PMNTN_RECO" : " ",
        "DATA_STDR_" : "2016-12-31",
        "MNTN_ID" : "277101101"
      },
      "geometry" : {
        "paths" : [
          [
            [
              336109.04240000434,
              357673.70080000162
            ],
            [
              336108.55870000739,
              357667.28690000251
            ],
            [
              336111.52220000606,
              357658.40360000171
            ],
            [
              336109.24540000688,
              357654.67520000041
            ],
            [
              336107.09030000865,
              357654.36290000193
            ],
            [
              336095.59260000475,
              357653.45120000094
            ],
            [
              336092.46540000848,
              357653.28210000321
            ],
            [
              336089.57470000628,
              357651.03270000406
            ],
            [
              336082.26990000624,
              357646.04549999908
            ],
            [
              336076.76390000433,
              357641.87660000101
            ],
            [
              336071.90460000653,
              357640.49939999729
            ],
            [
              336064.10070000589,
              357640.86319999956
            ],
            [
              336058.989300007,
              357643.06390000135
            ],
            [
              336054.59740000498,
              357642.33590000309
            ],
            [
              336052.73040000442,
              357641.52569999918
            ],
            [
              336049.21560000721,
              357639.45280000009
            ],
            [
              336046.69260000717,
              357638.42780000158
            ],
            [
              336039.61100000795,
              357636.16990000196
            ],
            [
              336034.91910000611,
              357634.58630000241
            ],
            [
              336029.66170000564,
              357631.98430000059
            ],
            [
              336027.28510000557,
              357629.55360000208
            ],
            [
              336020.48620000761,
              357633.34750000387
            ],
            [
              336015.79000000563,
              357639.38060000166
            ],
            [
              336012.30500000715,
              357645.9637000002
            ],
            [
              336009.80700000655,
              357651.27229999937
            ],
            [
              336007.30640000757,
              357658.21550000086
            ],
            [
              336006.25820000749,
              357664.77690000087
            ],
            [
              336000.85790000763,
              357673.44830000028
            ],
            [
              335994.93490000907,
              357674.92530000024
            ]
          ]
        ]
      }
    },
    {
      "attributes" : {
        "FID" : 5,
        "PMNTN_SN" : 22420,
        "MNTN_CODE" : "277101101",
        "MNTN_NM" : "뱀산",
        "PMNTN_NM" : "천내리동산아파트옆입구구간",
        "PMNTN_MAIN" : " ",
        "PMNTN_LT" : 0.15,
        "PMNTN_DFFL" : "쉬움",
        "PMNTN_UPPL" : 3,
        "PMNTN_GODN" : 2,
        "PMNTN_MTRQ" : "토사",
        "PMNTN_CNRL" : " ",
        "PMNTN_CLS_" : " ",
        "PMNTN_RISK" : "뱀",
        "PMNTN_RECO" : " ",
        "DATA_STDR_" : "2016-12-31",
        "MNTN_ID" : "277101101"
      },
      "geometry" : {
        "paths" : [
          [
            [
              335961.51520000584,
              357725.87670000084
            ],
            [
              335964.71370000765,
              357719.9895000048
            ],
            [
              335970.13880000636,
              357717.43799999915
            ],
            [
              335974.93760000356,
              357711.7851000037
            ],
            [
              335979.27330000605,
              357706.76170000248
            ],
            [
              335982.1180000091,
              357702.21450000256
            ],
            [
              335982.30240000691,
              357690.09710000083
            ],
            [
              335980.76430000644,
              357685.95020000078
            ],
            [
              335974.820400008,
              357684.40690000355
            ],
            [
              335967.85050000623,
              357681.55620000139
            ],
            [
              335963.31570000481,
              357680.76080000028
            ],
            [
              335957.66810000408,
              357682.34860000014
            ],
            [
              335950.11660000682,
              357680.54030000418
            ],
            [
              335943.11490000505,
              357679.42410000227
            ],
            [
              335938.88070000801,
              357681.98299999908
            ],
            [
              335934.3448000066,
              357686.81990000419
            ],
            [
              335929.41620000452,
              357693.316300001
            ],
            [
              335928.97550000623,
              357699.61590000056
            ],
            [
              335930.38920000475,
              357705.34830000252
            ],
            [
              335930.64080000762,
              357708.17830000259
            ],
            [
              335930.11680000648,
              357712.69170000218
            ],
            [
              335928.86940000765,
              357719.3989000041
            ],
            [
              335927.83790000621,
              357726.85370000266
            ],
            [
              335924.4725000076,
              357739.15230000205
            ]
          ]
        ]
      }
    },
    {
      "attributes" : {
        "FID" : 6,
        "PMNTN_SN" : 22421,
        "MNTN_CODE" : "277101101",
        "MNTN_NM" : "뱀산",
        "PMNTN_NM" : "달성군천내리동산아파트-천내리대원고등학교건너편구?",
        "PMNTN_MAIN" : " ",
        "PMNTN_LT" : 0.08,
        "PMNTN_DFFL" : "쉬움",
        "PMNTN_UPPL" : 1,
        "PMNTN_GODN" : 1,
        "PMNTN_MTRQ" : "토사",
        "PMNTN_CNRL" : " ",
        "PMNTN_CLS_" : " ",
        "PMNTN_RISK" : "뱀",
        "PMNTN_RECO" : " ",
        "DATA_STDR_" : "2016-12-31",
        "MNTN_ID" : "277101101"
      },
      "geometry" : {
        "paths" : [
          [
            [
              335860.03550000582,
              357758.60610000044
            ],
            [
              335855.05580000859,
              357754.95800000243
            ],
            [
              335849.92390000448,
              357756.03290000744
            ],
            [
              335844.93800000567,
              357755.49110000208
            ],
            [
              335841.01580000482,
              357754.77970000356
            ],
            [
              335837.92940000538,
              357754.41599999927
            ],
            [
              335833.29390000738,
              357754.26109999791
            ],
            [
              335831.28600000497,
              357749.29950000159
            ],
            [
              335831.46000000555,
              357744.61150000244
            ],
            [
              335833.30760000739,
              357741.51560000144
            ],
            [
              335833.81230000779,
              357736.12320000306
            ],
            [
              335833.09410000872,
              357728.11130000278
            ],
            [
              335833.44590000529,
              357724.60419999994
            ],
            [
              335833.27370000817,
              357722.99220000021
            ],
            [
              335834.31980000716,
              357722.47790000215
            ],
            [
              335834.42430000752,
              357716.16250000149
            ],
            [
              335825.58570000622,
              357714.33359999955
            ]
          ]
        ]
      }
    },
    {
      "attributes" : {
        "FID" : 7,
        "PMNTN_SN" : 22422,
        "MNTN_CODE" : "277101101",
        "MNTN_NM" : "뱀산",
        "PMNTN_NM" : "달성군천내리동산아파트-천내리대원고등학교건너편구?",
        "PMNTN_MAIN" : " ",
        "PMNTN_LT" : 0.04,
        "PMNTN_DFFL" : "쉬움",
        "PMNTN_UPPL" : 1,
        "PMNTN_GODN" : 0,
        "PMNTN_MTRQ" : "토사",
        "PMNTN_CNRL" : " ",
        "PMNTN_CLS_" : " ",
        "PMNTN_RISK" : "뱀",
        "PMNTN_RECO" : " ",
        "DATA_STDR_" : "2016-12-31",
        "MNTN_ID" : "277101101"
      },
      "geometry" : {
        "paths" : [
          [
            [
              335924.4725000076,
              357739.15230000205
            ],
            [
              335925.9164000079,
              357738.97440000065
            ],
            [
              335927.48010000773,
              357738.80299999937
            ],
            [
              335931.28470000625,
              357739.28009999916
            ],
            [
              335936.15760000702,
              357739.28060000204
            ],
            [
              335939.56520000473,
              357738.9608000014
            ],
            [
              335945.5881000096,
              357735.13660000451
            ],
            [
              335947.56300000753,
              357734.84130000137
            ],
            [
              335948.25450000726,
              357735.21470000222
            ],
            [
              335957.18830000702,
              357730.84919999912
            ],
            [
              335961.51520000584,
              357725.87670000084
            ]
          ]
        ]
      }
    },
    {
      "attributes" : {
        "FID" : 8,
        "PMNTN_SN" : 22423,
        "MNTN_CODE" : "277101101",
        "MNTN_NM" : "뱀산",
        "PMNTN_NM" : "달성군구라리천내초등학교정문-구라리한우아파트구간",
        "PMNTN_MAIN" : " ",
        "PMNTN_LT" : 0.24,
        "PMNTN_DFFL" : "쉬움",
        "PMNTN_UPPL" : 4,
        "PMNTN_GODN" : 3,
        "PMNTN_MTRQ" : "토사",
        "PMNTN_CNRL" : " ",
        "PMNTN_CLS_" : " ",
        "PMNTN_RISK" : "뱀",
        "PMNTN_RECO" : " ",
        "DATA_STDR_" : "2016-12-31",
        "MNTN_ID" : "277101101"
      },
      "geometry" : {
        "paths" : [
          [
            [
              335829.5077000102,
              357853.30270000361
            ],
            [
              335829.5077000102,
              357853.30270000361
            ],
            [
              335835.54500000644,
              357852.97670000046
            ],
            [
              335840.42790000606,
              357854.29839999974
            ],
            [
              335845.36890000664,
              357858.24430000037
            ],
            [
              335850.87200000789,
              357864.58080000058
            ],
            [
              335855.07290000748,
              357870.83190000243
            ],
            [
              335859.85640000645,
              357878.62719999999
            ],
            [
              335864.28930000495,
              357879.63490000181
            ],
            [
              335868.22710000817,
              357879.33259999938
            ],
            [
              335869.4091000054,
              357878.84839999862
            ],
            [
              335870.35470000841,
              357878.46289999969
            ],
            [
              335873.10430000816,
              357876.08620000258
            ],
            [
              335876.8935000049,
              357874.78809999861
            ],
            [
              335883.7088000048,
              357875.43029999919
            ],
            [
              335893.03860000614,
              357881.28580000252
            ],
            [
              335894.68230000511,
              357881.82269999944
            ],
            [
              335901.43150000554,
              357881.03329999931
            ],
            [
              335904.86640001088,
              357877.45769999921
            ],
            [
              335908.80300000776,
              357872.28970000148
            ],
            [
              335912.17550000735,
              357862.90789999999
            ],
            [
              335914.54870000761,
              357859.37179999985
            ],
            [
              335918.59400000609,
              357853.06110000424
            ],
            [
              335920.83110000845,
              357849.01130000129
            ],
            [
              335924.97050000448,
              357840.02270000055
            ],
            [
              335926.73280000687,
              357837.28660000116
            ],
            [
              335929.14310000837,
              357832.32770000212
            ],
            [
              335933.48790000752,
              357824.40440000035
            ],
            [
              335935.71980000753,
              357817.93329999968
            ],
            [
              335938.47630000673,
              357811.51750000007
            ],
            [
              335940.32350000739,
              357806.79500000179
            ],
            [
              335946.55510000885,
              357802.41279999726
            ],
            [
              335952.18560000882,
              357799.97100000456
            ],
            [
              335957.54500000738,
              357797.40179999918
            ],
            [
              335962.95800000522,
              357793.81950000301
            ],
            [
              335964.95110000856,
              357788.38900000043
            ],
            [
              335966.97780000512,
              357785.71289999969
            ],
            [
              335972.37340000737,
              357782.76290000044
            ],
            [
              335973.80420000665,
              357778.15140000172
            ],
            [
              335976.22750000935,
              357772.44730000198
            ],
            [
              335981.43610000517,
              357767.30269999802
            ],
            [
              335983.90080000553,
              357761.66660000011
            ],
            [
              335986.82920000423,
              357756.47580000199
            ]
          ]
        ]
      }
    },
    {
      "attributes" : {
        "FID" : 9,
        "PMNTN_SN" : 22424,
        "MNTN_CODE" : "277101101",
        "MNTN_NM" : "뱀산",
        "PMNTN_NM" : "달성군구라리천내초등학교정문-구라리한우아파트구간",
        "PMNTN_MAIN" : " ",
        "PMNTN_LT" : 0.11,
        "PMNTN_DFFL" : "쉬움",
        "PMNTN_UPPL" : 2,
        "PMNTN_GODN" : 1,
        "PMNTN_MTRQ" : "토사",
        "PMNTN_CNRL" : " ",
        "PMNTN_CLS_" : " ",
        "PMNTN_RISK" : "뱀",
        "PMNTN_RECO" : " ",
        "DATA_STDR_" : "2016-12-31",
        "MNTN_ID" : "277101101"
      },
      "geometry" : {
        "paths" : [
          [
            [
              335986.82920000423,
              357756.47580000199
            ],
            [
              335992.58940000739,
              357761.25700000115
            ],
            [
              335996.86630000733,
              357761.57390000299
            ],
            [
              336001.62310000695,
              357764.68210000172
            ],
            [
              336005.63280000631,
              357766.1184000019
            ],
            [
              336007.21950000804,
              357769.38970000297
            ],
            [
              336008.58270000573,
              357771.42019999959
            ],
            [
              336010.8111000061,
              357776.32940000109
            ],
            [
              336013.29990000557,
              357785.00119999982
            ],
            [
              336015.51730000693,
              357786.68200000003
            ],
            [
              336021.03390000388,
              357787.68780000322
            ],
            [
              336023.81960000843,
              357784.93969999999
            ],
            [
              336028.37060000747,
              357785.1678000018
            ],
            [
              336038.27040000726,
              357786.97590000182
            ],
            [
              336044.88610000443,
              357788.47320000082
            ],
            [
              336051.19580000732,
              357791.71389999986
            ],
            [
              336056.39100000635,
              357798.2603999991
            ],
            [
              336058.10470000468,
              357804.02869999968
            ],
            [
              336061.72810000554,
              357807.73650000058
            ],
            [
              336067.61820000783,
              357812.31370000169
            ]
          ]
        ]
      }
    },
    {
      "attributes" : {
        "FID" : 10,
        "PMNTN_SN" : 22425,
        "MNTN_CODE" : "277101101",
        "MNTN_NM" : "뱀산",
        "PMNTN_NM" : "달성군구라리천내초등학교정문-구라리한우아파트구간",
        "PMNTN_MAIN" : " ",
        "PMNTN_LT" : 0.13,
        "PMNTN_DFFL" : "쉬움",
        "PMNTN_UPPL" : 2,
        "PMNTN_GODN" : 2,
        "PMNTN_MTRQ" : "토사",
        "PMNTN_CNRL" : " ",
        "PMNTN_CLS_" : " ",
        "PMNTN_RISK" : "뱀",
        "PMNTN_RECO" : " ",
        "DATA_STDR_" : "2016-12-31",
        "MNTN_ID" : "277101101"
      },
      "geometry" : {
        "paths" : [
          [
            [
              336184.13290000707,
              357868.81330000423
            ],
            [
              336180.28680000734,
              357877.69150000252
            ],
            [
              336178.426800007,
              357879.87700000033
            ],
            [
              336176.19490000512,
              357885.54570000246
            ],
            [
              336175.95190000441,
              357887.05849999934
            ],
            [
              336176.69440000504,
              357895.93600000255
            ],
            [
              336176.54810000956,
              357897.06870000623
            ],
            [
              336176.15620000567,
              357898.89550000243
            ],
            [
              336177.42300001252,
              357905.71579999849
            ],
            [
              336178.64430000726,
              357907.60460000113
            ],
            [
              336183.97510000598,
              357914.77580000088
            ],
            [
              336185.50180000346,
              357916.02730000392
            ],
            [
              336189.33230000455,
              357923.67780000158
            ],
            [
              336191.88230000716,
              357927.37329999916
            ],
            [
              336192.50200001057,
              357933.88600000367
            ],
            [
              336194.18850000855,
              357939.03810000047
            ],
            [
              336194.35850000568,
              357950.14900000207
            ],
            [
              336193.98580000363,
              357953.43420000002
            ],
            [
              336194.03340000566,
              357956.73149999976
            ],
            [
              336196.57500000671,
              357959.26320000179
            ],
            [
              336196.26240000688,
              357961.84480000101
            ],
            [
              336201.93090000562,
              357963.9635999985
            ],
            [
              336202.76720000617,
              357965.61050000228
            ],
            [
              336204.65530000348,
              357971.93790000118
            ],
            [
              336205.03730000928,
              357980.33550000191
            ],
            [
              336206.14280000608,
              357985.58100000024
            ],
            [
              336208.39170000702,
              357990.62079999968
            ]
          ]
        ]
      }
    },
    {
      "attributes" : {
        "FID" : 11,
        "PMNTN_SN" : 22426,
        "MNTN_CODE" : "277101101",
        "MNTN_NM" : "뱀산",
        "PMNTN_NM" : "달성군천내리동산아파트-천내리대원고등학교건너편구?",
        "PMNTN_MAIN" : " ",
        "PMNTN_LT" : 0.05,
        "PMNTN_DFFL" : "쉬움",
        "PMNTN_UPPL" : 1,
        "PMNTN_GODN" : 1,
        "PMNTN_MTRQ" : "토사",
        "PMNTN_CNRL" : " ",
        "PMNTN_CLS_" : " ",
        "PMNTN_RISK" : "뱀",
        "PMNTN_RECO" : " ",
        "DATA_STDR_" : "2016-12-31",
        "MNTN_ID" : "277101101"
      },
      "geometry" : {
        "paths" : [
          [
            [
              335860.03550000582,
              357758.60610000044
            ],
            [
              335862.98430000991,
              357756.95850000158
            ],
            [
              335869.14010000695,
              357753.22980000451
            ],
            [
              335874.25360000692,
              357752.3685999997
            ],
            [
              335877.95730000734,
              357752.5092999991
            ],
            [
              335878.76140000764,
              357753.9357000012
            ],
            [
              335884.7469000062,
              357757.47920000181
            ],
            [
              335888.92050000746,
              357756.63159999996
            ],
            [
              335895.5911000073,
              357756.51999999955
            ],
            [
              335899.98210000526,
              357757.30379999988
            ],
            [
              335910.46480000764,
              357758.17180000059
            ]
          ]
        ]
      }
    },
    {
      "attributes" : {
        "FID" : 12,
        "PMNTN_SN" : 22427,
        "MNTN_CODE" : "277101101",
        "MNTN_NM" : "뱀산",
        "PMNTN_NM" : "달성군천내리동산아파트-천내리대원고등학교건너편구?",
        "PMNTN_MAIN" : " ",
        "PMNTN_LT" : 0.09,
        "PMNTN_DFFL" : "쉬움",
        "PMNTN_UPPL" : 2,
        "PMNTN_GODN" : 1,
        "PMNTN_MTRQ" : "토사",
        "PMNTN_CNRL" : " ",
        "PMNTN_CLS_" : " ",
        "PMNTN_RISK" : "뱀",
        "PMNTN_RECO" : " ",
        "DATA_STDR_" : "2016-12-31",
        "MNTN_ID" : "277101101"
      },
      "geometry" : {
        "paths" : [
          [
            [
              336109.04240000434,
              357673.70080000162
            ],
            [
              336118.72060000431,
              357674.2370999977
            ],
            [
              336120.55340000428,
              357673.3348999992
            ],
            [
              336127.94960000832,
              357670.89030000381
            ],
            [
              336130.29870000482,
              357665.48389999941
            ],
            [
              336130.21630000789,
              357665.42680000514
            ],
            [
              336135.07980000786,
              357660.12429999933
            ],
            [
              336136.11210000422,
              357650.66000000201
            ],
            [
              336134.04250000697,
              357647.25110000186
            ],
            [
              336121.71400000528,
              357639.62150000036
            ],
            [
              336119.48780000769,
              357636.0036999993
            ],
            [
              336120.65380000696,
              357630.89340000227
            ],
            [
              336122.45300000627,
              357628.23650000058
            ],
            [
              336120.30440000445,
              357624.32619999908
            ],
            [
              336114.61360000726,
              357618.81069999933
            ]
          ]
        ]
      }
    },
    {
      "attributes" : {
        "FID" : 13,
        "PMNTN_SN" : 22428,
        "MNTN_CODE" : "277101101",
        "MNTN_NM" : "뱀산",
        "PMNTN_NM" : "달성군천내리동산아파트-천내리대원고등학교건너편구?",
        "PMNTN_MAIN" : " ",
        "PMNTN_LT" : 0.15,
        "PMNTN_DFFL" : "쉬움",
        "PMNTN_UPPL" : 3,
        "PMNTN_GODN" : 2,
        "PMNTN_MTRQ" : "토사",
        "PMNTN_CNRL" : " ",
        "PMNTN_CLS_" : " ",
        "PMNTN_RISK" : "뱀",
        "PMNTN_RECO" : " ",
        "DATA_STDR_" : "2016-12-31",
        "MNTN_ID" : "277101101"
      },
      "geometry" : {
        "paths" : [
          [
            [
              336109.04240000434,
              357673.70080000162
            ],
            [
              336101.77070000675,
              357676.50690000132
            ],
            [
              336098.34480000846,
              357677.5241000019
            ],
            [
              336093.87930000853,
              357677.14839999937
            ],
            [
              336089.76330000442,
              357679.17850000225
            ],
            [
              336087.30400000513,
              357680.90820000134
            ],
            [
              336083.59360000771,
              357680.21849999949
            ],
            [
              336079.06350000855,
              357680.10230000131
            ],
            [
              336072.24350000825,
              357682.51530000195
            ],
            [
              336066.93890000973,
              357685.96320000105
            ],
            [
              336065.7719000075,
              357686.94060000405
            ],
            [
              336061.98010000866,
              357691.31640000269
            ],
            [
              336056.31500000693,
              357695.26140000299
            ],
            [
              336049.51870000828,
              357703.04610000178
            ],
            [
              336048.88640000764,
              357705.23210000247
            ],
            [
              336045.98870000709,
              357713.79309999943
            ],
            [
              336044.21340000536,
              357715.8870000001
            ],
            [
              336041.72860000841,
              357716.81640000269
            ],
            [
              336039.70500000753,
              357719.79030000232
            ],
            [
              336029.71310000774,
              357725.44200000167
            ],
            [
              336023.95180000365,
              357729.00040000118
            ],
            [
              336019.57370000519,
              357732.8032000009
            ],
            [
              336009.33350000717,
              357736.86960000359
            ],
            [
              336006.51750000659,
              357738.58239999972
            ],
            [
              336001.40530000627,
              357741.69170000032
            ],
            [
              335999.63420000486,
              357746.2656000033
            ],
            [
              335995.06050000433,
              357751.6203999985
            ]
          ]
        ]
      }
    },
    {
      "attributes" : {
        "FID" : 14,
        "PMNTN_SN" : 22429,
        "MNTN_CODE" : "277101101",
        "MNTN_NM" : "뱀산",
        "PMNTN_NM" : "달성군천내리동산아파트-천내리대원고등학교건너편구?",
        "PMNTN_MAIN" : " ",
        "PMNTN_LT" : 0.11,
        "PMNTN_DFFL" : "쉬움",
        "PMNTN_UPPL" : 2,
        "PMNTN_GODN" : 1,
        "PMNTN_MTRQ" : "토사",
        "PMNTN_CNRL" : " ",
        "PMNTN_CLS_" : " ",
        "PMNTN_RISK" : "뱀",
        "PMNTN_RECO" : " ",
        "DATA_STDR_" : "2016-12-31",
        "MNTN_ID" : "277101101"
      },
      "geometry" : {
        "paths" : [
          [
            [
              335961.51520000584,
              357725.87670000084
            ],
            [
              335969.5592000084,
              357729.16919999942
            ],
            [
              335972.83200000599,
              357730.71740000136
            ],
            [
              335980.42840000615,
              357734.48100000061
            ],
            [
              335989.28960000724,
              357741.25049999915
            ],
            [
              335996.73260000721,
              357740.19270000234
            ],
            [
              336000.49030000716,
              357734.8451000005
            ],
            [
              336001.23920000624,
              357730.00029999949
            ],
            [
              336001.60420000553,
              357725.97750000283
            ],
            [
              336004.20140000712,
              357720.20280000195
            ],
            [
              336004.57230000384,
              357714.8032000009
            ],
            [
              336005.71680000797,
              357705.4243999999
            ],
            [
              336005.53300000541,
              357704.0420000013
            ],
            [
              336001.3010000065,
              357694.10759999976
            ],
            [
              335997.51810000464,
              357686.6203000024
            ],
            [
              335994.93490000907,
              357674.92530000024
            ]
          ]
        ]
      }
    },
    {
      "attributes" : {
        "FID" : 15,
        "PMNTN_SN" : 22430,
        "MNTN_CODE" : "277101101",
        "MNTN_NM" : "뱀산",
        "PMNTN_NM" : "천내리구간",
        "PMNTN_MAIN" : " ",
        "PMNTN_LT" : 0.05,
        "PMNTN_DFFL" : "쉬움",
        "PMNTN_UPPL" : 1,
        "PMNTN_GODN" : 1,
        "PMNTN_MTRQ" : " ",
        "PMNTN_CNRL" : " ",
        "PMNTN_CLS_" : " ",
        "PMNTN_RISK" : " ",
        "PMNTN_RECO" : " ",
        "DATA_STDR_" : "2016-12-31",
        "MNTN_ID" : "277101101"
      },
      "geometry" : {
        "paths" : [
          [
            [
              335994.93490000907,
              357674.92530000024
            ],
            [
              335991.42330000736,
              357657.70820000768
            ],
            [
              335988.14860000648,
              357653.74390000105
            ],
            [
              335989.03290000744,
              357650.93859999999
            ],
            [
              335984.14420000836,
              357639.22700000182
            ],
            [
              335978.04070000723,
              357631.94460000284
            ]
          ]
        ]
      }
    },
    {
      "attributes" : {
        "FID" : 16,
        "PMNTN_SN" : 22431,
        "MNTN_CODE" : "277101101",
        "MNTN_NM" : "뱀산",
        "PMNTN_NM" : "구라리구간",
        "PMNTN_MAIN" : " ",
        "PMNTN_LT" : 0.15,
        "PMNTN_DFFL" : "쉬움",
        "PMNTN_UPPL" : 3,
        "PMNTN_GODN" : 2,
        "PMNTN_MTRQ" : " ",
        "PMNTN_CNRL" : " ",
        "PMNTN_CLS_" : " ",
        "PMNTN_RISK" : " ",
        "PMNTN_RECO" : " ",
        "DATA_STDR_" : "2016-12-31",
        "MNTN_ID" : "277101101"
      },
      "geometry" : {
        "paths" : [
          [
            [
              335910.46480000764,
              357758.17180000059
            ],
            [
              335907.71350000519,
              357760.66009999998
            ],
            [
              335906.38860000484,
              357762.54700000398
            ],
            [
              335906.39230000693,
              357762.7982000038
            ],
            [
              335903.36020000651,
              357767.29170000181
            ],
            [
              335901.78190000355,
              357773.34259999916
            ],
            [
              335901.5460000094,
              357781.79569999874
            ],
            [
              335902.38840000518,
              357790.10730000213
            ],
            [
              335902.56180000864,
              357795.59899999946
            ],
            [
              335898.34770000726,
              357803.03280000202
            ],
            [
              335895.39740000572,
              357807.12750000134
            ],
            [
              335890.78000000399,
              357811.71760000102
            ],
            [
              335887.60230000876,
              357817.79979999922
            ],
            [
              335885.66900000721,
              357820.31920000724
            ],
            [
              335882.96830000635,
              357826.92030000314
            ],
            [
              335881.40210000519,
              357829.71520000137
            ],
            [
              335880.7618000051,
              357830.44969999976
            ],
            [
              335876.68070000689,
              357836.59820000082
            ],
            [
              335874.00190000515,
              357839.95430000126
            ],
            [
              335870.16830000561,
              357843.14570000023
            ],
            [
              335865.4836000083,
              357846.7658000011
            ],
            [
              335862.1412000116,
              357848.76120000333
            ],
            [
              335859.10910000838,
              357850.29619999975
            ],
            [
              335854.64770000521,
              357850.6464000009
            ],
            [
              335848.74650000688,
              357850.00689999945
            ],
            [
              335841.10450000782,
              357846.01169999875
            ],
            [
              335836.11920000706,
              357846.42830000259
            ],
            [
              335832.43530000374,
              357847.71900000051
            ],
            [
              335829.5077000102,
              357853.30270000361
            ]
          ]
        ]
      }
    },
    {
      "attributes" : {
        "FID" : 17,
        "PMNTN_SN" : 22432,
        "MNTN_CODE" : "277101101",
        "MNTN_NM" : "뱀산",
        "PMNTN_NM" : "천내리구간",
        "PMNTN_MAIN" : " ",
        "PMNTN_LT" : 0.17,
        "PMNTN_DFFL" : "쉬움",
        "PMNTN_UPPL" : 3,
        "PMNTN_GODN" : 2,
        "PMNTN_MTRQ" : " ",
        "PMNTN_CNRL" : " ",
        "PMNTN_CLS_" : " ",
        "PMNTN_RISK" : " ",
        "PMNTN_RECO" : " ",
        "DATA_STDR_" : "2016-12-31",
        "MNTN_ID" : "277101101"
      },
      "geometry" : {
        "paths" : [
          [
            [
              336067.61820000783,
              357812.31370000169
            ],
            [
              336072.23330000788,
              357816.26429999992
            ],
            [
              336074.83230000827,
              357817.27180000022
            ],
            [
              336083.07190000545,
              357815.66809999943
            ],
            [
              336089.10940000787,
              357811.8041999992
            ],
            [
              336095.63660000637,
              357807.66579999961
            ],
            [
              336102.28560000658,
              357804.93119999953
            ],
            [
              336111.68840000685,
              357802.43009999953
            ],
            [
              336119.91340000927,
              357804.52400000021
            ],
            [
              336127.33880000748,
              357806.58790000156
            ],
            [
              336138.36310000625,
              357811.50689999945
            ],
            [
              336152.57670000382,
              357819.51410000026
            ],
            [
              336161.64040000737,
              357825.74270000122
            ],
            [
              336164.37970000878,
              357826.9851000011
            ],
            [
              336170.13700000755,
              357833.03710000403
            ],
            [
              336176.2262000069,
              357835.74510000274
            ],
            [
              336189.7719000075,
              357839.96330000274
            ],
            [
              336192.00810000673,
              357840.41640000418
            ],
            [
              336194.57470000815,
              357846.97760000266
            ],
            [
              336191.95520000719,
              357851.728500003
            ],
            [
              336188.89010000508,
              357859.84039999917
            ],
            [
              336186.74370000884,
              357865.37080000341
            ],
            [
              336184.13290000707,
              357868.81330000423
            ]
          ]
        ]
      }
    },
    {
      "attributes" : {
        "FID" : 18,
        "PMNTN_SN" : 22433,
        "MNTN_CODE" : "277101101",
        "MNTN_NM" : "뱀산",
        "PMNTN_NM" : "달성군구라리천내초등학교정문-구라리한우아파트구간",
        "PMNTN_MAIN" : " ",
        "PMNTN_LT" : 0.04,
        "PMNTN_DFFL" : "쉬움",
        "PMNTN_UPPL" : 1,
        "PMNTN_GODN" : 0,
        "PMNTN_MTRQ" : "토사",
        "PMNTN_CNRL" : " ",
        "PMNTN_CLS_" : " ",
        "PMNTN_RISK" : " ",
        "PMNTN_RECO" : " ",
        "DATA_STDR_" : "2016-12-31",
        "MNTN_ID" : "277101101"
      },
      "geometry" : {
        "paths" : [
          [
            [
              336091.03710000589,
              357781.77710000053
            ],
            [
              336088.95380000677,
              357786.51790000126
            ],
            [
              336087.13230000623,
              357791.62530000322
            ],
            [
              336084.71160000749,
              357796.76080000401
            ],
            [
              336067.61820000783,
              357812.31370000169
            ]
          ]
        ]
      }
    },
    {
      "attributes" : {
        "FID" : 19,
        "PMNTN_SN" : 22434,
        "MNTN_CODE" : "277101101",
        "MNTN_NM" : "뱀산",
        "PMNTN_NM" : "달성군천내리동산아파트-천내리대원고등학교건너편구?",
        "PMNTN_MAIN" : " ",
        "PMNTN_LT" : 0.01,
        "PMNTN_DFFL" : "쉬움",
        "PMNTN_UPPL" : 1,
        "PMNTN_GODN" : 0,
        "PMNTN_MTRQ" : "토사",
        "PMNTN_CNRL" : " ",
        "PMNTN_CLS_" : " ",
        "PMNTN_RISK" : "뱀",
        "PMNTN_RECO" : " ",
        "DATA_STDR_" : "2016-12-31",
        "MNTN_ID" : "277101101"
      },
      "geometry" : {
        "paths" : [
          [
            [
              335995.06050000433,
              357751.6203999985
            ],
            [
              335986.82920000423,
              357756.47580000199
            ]
          ]
        ]
      }
    },
    {
      "attributes" : {
        "FID" : 20,
        "PMNTN_SN" : 22435,
        "MNTN_CODE" : "277101101",
        "MNTN_NM" : "뱀산",
        "PMNTN_NM" : "구라리구간",
        "PMNTN_MAIN" : " ",
        "PMNTN_LT" : 0.01,
        "PMNTN_DFFL" : "쉬움",
        "PMNTN_UPPL" : 1,
        "PMNTN_GODN" : 0,
        "PMNTN_MTRQ" : " ",
        "PMNTN_CNRL" : " ",
        "PMNTN_CLS_" : " ",
        "PMNTN_RISK" : " ",
        "PMNTN_RECO" : " ",
        "DATA_STDR_" : "2016-12-31",
        "MNTN_ID" : "277101101"
      },
      "geometry" : {
        "paths" : [
          [
            [
              335914.95220000669,
              357755.63580000028
            ],
            [
              335910.46480000764,
              357758.17180000059
            ]
          ]
        ]
      }
    },
    {
      "attributes" : {
        "FID" : 21,
        "PMNTN_SN" : 22436,
        "MNTN_CODE" : "277101101",
        "MNTN_NM" : "뱀산",
        "PMNTN_NM" : "구라리구간",
        "PMNTN_MAIN" : " ",
        "PMNTN_LT" : 0.07,
        "PMNTN_DFFL" : "쉬움",
        "PMNTN_UPPL" : 1,
        "PMNTN_GODN" : 1,
        "PMNTN_MTRQ" : " ",
        "PMNTN_CNRL" : " ",
        "PMNTN_CLS_" : " ",
        "PMNTN_RISK" : " ",
        "PMNTN_RECO" : " ",
        "DATA_STDR_" : "2016-12-31",
        "MNTN_ID" : "277101101"
      },
      "geometry" : {
        "paths" : [
          [
            [
              335986.82920000423,
              357756.47580000199
            ],
            [
              335982.41350000538,
              357756.59759999998
            ],
            [
              335972.57850000728,
              357755.11620000005
            ],
            [
              335965.03020000458,
              357752.66520000063
            ],
            [
              335954.95630000811,
              357753.79429999925
            ],
            [
              335946.8709000079,
              357754.73990000226
            ],
            [
              335939.74820000865,
              357754.18400000036
            ],
            [
              335933.17340000626,
              357753.97130000591
            ],
            [
              335925.25160000473,
              357753.63560000435
            ],
            [
              335924.16540000681,
              357753.30260000005
            ],
            [
              335914.95220000669,
              357755.63580000028
            ]
          ]
        ]
      }
    },
    {
      "attributes" : {
        "FID" : 22,
        "PMNTN_SN" : 22437,
        "MNTN_CODE" : "277101101",
        "MNTN_NM" : "뱀산",
        "PMNTN_NM" : "천내리동산아파트옆입구구간",
        "PMNTN_MAIN" : " ",
        "PMNTN_LT" : 0.02,
        "PMNTN_DFFL" : "쉬움",
        "PMNTN_UPPL" : 1,
        "PMNTN_GODN" : 0,
        "PMNTN_MTRQ" : "토사",
        "PMNTN_CNRL" : " ",
        "PMNTN_CLS_" : " ",
        "PMNTN_RISK" : "뱀",
        "PMNTN_RECO" : " ",
        "DATA_STDR_" : "2016-12-31",
        "MNTN_ID" : "277101101"
      },
      "geometry" : {
        "paths" : [
          [
            [
              335924.4725000076,
              357739.15230000205
            ],
            [
              335917.70980000775,
              357753.02070000023
            ],
            [
              335914.95220000669,
              357755.63580000028
            ]
          ]
        ]
      }
    },
    {
      "attributes" : {
        "FID" : 23,
        "PMNTN_SN" : 22438,
        "MNTN_CODE" : "277101101",
        "MNTN_NM" : "뱀산",
        "PMNTN_NM" : "달성군구라리천내초등학교정문-구라리한우아파트구간",
        "PMNTN_MAIN" : " ",
        "PMNTN_LT" : 0.03,
        "PMNTN_DFFL" : "쉬움",
        "PMNTN_UPPL" : 1,
        "PMNTN_GODN" : 0,
        "PMNTN_MTRQ" : "토사",
        "PMNTN_CNRL" : " ",
        "PMNTN_CLS_" : " ",
        "PMNTN_RISK" : " ",
        "PMNTN_RECO" : " ",
        "DATA_STDR_" : "2016-12-31",
        "MNTN_ID" : "277101101"
      },
      "geometry" : {
        "paths" : [
          [
            [
              335701.94640000816,
              357907.95220000297
            ],
            [
              335706.77190000657,
              357900.10190000013
            ],
            [
              335711.65770000312,
              357897.2592999991
            ],
            [
              335717.52820000611,
              357895.83559999987
            ],
            [
              335725.64190000203,
              357894.18820000812
            ]
          ]
        ]
      }
    }
  ]
}