{
  "displayFieldName" : "",
  "fieldAliases" : {
    "FID" : "FID",
    "PMNTN_SPOT" : "PMNTN_SPOT",
    "MNTN_CODE" : "MNTN_CODE",
    "MANAGE_SP1" : "MANAGE_SP1",
    "MANAGE_SP2" : "MANAGE_SP2",
    "DETAIL_SPO" : "DETAIL_SPO",
    "ETC_MATTER" : "ETC_MATTER",
    "MNTN_NM" : "MNTN_NM",
    "PAST_SPOT_" : "PAST_SPOT_",
    "MNTN_ID" : "MNTN_ID"
  },
  "geometryType" : "esriGeometryPoint",
  "spatialReference" : {
    "wkt" : "PROJCS[\"PCS_ITRF2000_TM\",GEOGCS[\"GCS_ITRF_2000\",DATUM[\"D_ITRF_2000\",SPHEROID[\"GRS_1980\",6378137.0,298.257222101]],PRIMEM[\"Greenwich\",0.0],UNIT[\"Degree\",0.0174532925199433]],PROJECTION[\"Transverse_Mercator\"],PARAMETER[\"False_Easting\",200000.0],PARAMETER[\"False_Northing\",600000.0],PARAMETER[\"Central_Meridian\",127.0],PARAMETER[\"Scale_Factor\",1.0],PARAMETER[\"Latitude_Of_Origin\",38.0],UNIT[\"Meter\",1.0]]"
  },
  "fields" : [
    {
      "name" : "FID",
      "type" : "esriFieldTypeOID",
      "alias" : "FID"
    },
    {
      "name" : "PMNTN_SPOT",
      "type" : "esriFieldTypeDouble",
      "alias" : "PMNTN_SPOT"
    },
    {
      "name" : "MNTN_CODE",
      "type" : "esriFieldTypeString",
      "alias" : "MNTN_CODE",
      "length" : 9
    },
    {
      "name" : "MANAGE_SP1",
      "type" : "esriFieldTypeString",
      "alias" : "MANAGE_SP1",
      "length" : 2
    },
    {
      "name" : "MANAGE_SP2",
      "type" : "esriFieldTypeString",
      "alias" : "MANAGE_SP2",
      "length" : 50
    },
    {
      "name" : "DETAIL_SPO",
      "type" : "esriFieldTypeString",
      "alias" : "DETAIL_SPO",
      "length" : 200
    },
    {
      "name" : "ETC_MATTER",
      "type" : "esriFieldTypeString",
      "alias" : "ETC_MATTER",
      "length" : 200
    },
    {
      "name" : "MNTN_NM",
      "type" : "esriFieldTypeString",
      "alias" : "MNTN_NM",
      "length" : 50
    },
    {
      "name" : "PAST_SPOT_",
      "type" : "esriFieldTypeString",
      "alias" : "PAST_SPOT_",
      "length" : 14
    },
    {
      "name" : "MNTN_ID",
      "type" : "esriFieldTypeString",
      "alias" : "MNTN_ID",
      "length" : 10
    }
  ],
  "features" : [
    {
      "attributes" : {
        "FID" : 0,
        "PMNTN_SPOT" : 58438,
        "MNTN_CODE" : "488904501",
        "MANAGE_SP1" : "02",
        "MANAGE_SP2" : "분기점",
        "DETAIL_SPO" : "분기점",
        "ETC_MATTER" : " ",
        "MNTN_NM" : "악견산",
        "PAST_SPOT_" : "4889045010001",
        "MNTN_ID" : "488904501"
      },
      "geometry" : {
        "x" : 295525.51607340109,
        "y" : 326734.16645762138
      }
    },
    {
      "attributes" : {
        "FID" : 1,
        "PMNTN_SPOT" : 58439,
        "MNTN_CODE" : "488904501",
        "MANAGE_SP1" : "01",
        "MANAGE_SP2" : "시종점",
        "DETAIL_SPO" : "시종점",
        "ETC_MATTER" : " ",
        "MNTN_NM" : "악견산",
        "PAST_SPOT_" : "4889045010002",
        "MNTN_ID" : "488904501"
      },
      "geometry" : {
        "x" : 295940.70315017644,
        "y" : 327490.76086505316
      }
    },
    {
      "attributes" : {
        "FID" : 2,
        "PMNTN_SPOT" : 58440,
        "MNTN_CODE" : "488904501",
        "MANAGE_SP1" : "99",
        "MANAGE_SP2" : "기타",
        "DETAIL_SPO" : "기타",
        "ETC_MATTER" : " ",
        "MNTN_NM" : "악견산",
        "PAST_SPOT_" : "28200337000003",
        "MNTN_ID" : "2820033700"
      },
      "geometry" : {
        "x" : 294546.43900000211,
        "y" : 326920.11000000313
      }
    },
    {
      "attributes" : {
        "FID" : 3,
        "PMNTN_SPOT" : 58441,
        "MNTN_CODE" : "488904501",
        "MANAGE_SP1" : "99",
        "MANAGE_SP2" : "기타",
        "DETAIL_SPO" : "기타",
        "ETC_MATTER" : " ",
        "MNTN_NM" : "악견산",
        "PAST_SPOT_" : "28200337000004",
        "MNTN_ID" : "2820033700"
      },
      "geometry" : {
        "x" : 295898.06020000018,
        "y" : 327486.67459999956
      }
    },
    {
      "attributes" : {
        "FID" : 4,
        "PMNTN_SPOT" : 58442,
        "MNTN_CODE" : "488904501",
        "MANAGE_SP1" : "01",
        "MANAGE_SP2" : "시종점",
        "DETAIL_SPO" : "시종점",
        "ETC_MATTER" : " ",
        "MNTN_NM" : "악견산",
        "PAST_SPOT_" : "28200337000005",
        "MNTN_ID" : "2820033700"
      },
      "geometry" : {
        "x" : 294105.91280000191,
        "y" : 326479.83230000362
      }
    },
    {
      "attributes" : {
        "FID" : 5,
        "PMNTN_SPOT" : 58443,
        "MNTN_CODE" : "488904501",
        "MANAGE_SP1" : "02",
        "MANAGE_SP2" : "분기점",
        "DETAIL_SPO" : "분기점",
        "ETC_MATTER" : " ",
        "MNTN_NM" : "악견산",
        "PAST_SPOT_" : "28200337000006",
        "MNTN_ID" : "2820033700"
      },
      "geometry" : {
        "x" : 295072.1995000029,
        "y" : 326635.84840000048
      }
    },
    {
      "attributes" : {
        "FID" : 6,
        "PMNTN_SPOT" : 58444,
        "MNTN_CODE" : "488904501",
        "MANAGE_SP1" : "01",
        "MANAGE_SP2" : "시종점",
        "DETAIL_SPO" : "시종점",
        "ETC_MATTER" : " ",
        "MNTN_NM" : "악견산",
        "PAST_SPOT_" : "28200337000007",
        "MNTN_ID" : "2820033700"
      },
      "geometry" : {
        "x" : 295081.62390000094,
        "y" : 327955.63340000063
      }
    },
    {
      "attributes" : {
        "FID" : 7,
        "PMNTN_SPOT" : 58445,
        "MNTN_CODE" : "488904501",
        "MANAGE_SP1" : "99",
        "MANAGE_SP2" : "기타",
        "DETAIL_SPO" : "악견산",
        "ETC_MATTER" : " ",
        "MNTN_NM" : "악견산",
        "PAST_SPOT_" : "28200337000008",
        "MNTN_ID" : "2820033700"
      },
      "geometry" : {
        "x" : 295141.70360000338,
        "y" : 326627.77760000154
      }
    },
    {
      "attributes" : {
        "FID" : 8,
        "PMNTN_SPOT" : 58446,
        "MNTN_CODE" : "488904501",
        "MANAGE_SP1" : "02",
        "MANAGE_SP2" : "분기점",
        "DETAIL_SPO" : "분기점",
        "ETC_MATTER" : " ",
        "MNTN_NM" : "악견산",
        "PAST_SPOT_" : "28200337000009",
        "MNTN_ID" : "2820033700"
      },
      "geometry" : {
        "x" : 295445.58889999986,
        "y" : 327177.2255000025
      }
    },
    {
      "attributes" : {
        "FID" : 9,
        "PMNTN_SPOT" : 58447,
        "MNTN_CODE" : "488904501",
        "MANAGE_SP1" : "01",
        "MANAGE_SP2" : "시종점",
        "DETAIL_SPO" : "시종점",
        "ETC_MATTER" : " ",
        "MNTN_NM" : "악견산",
        "PAST_SPOT_" : "28200337000010",
        "MNTN_ID" : "2820033700"
      },
      "geometry" : {
        "x" : 295949.51699999999,
        "y" : 327512.37730000168
      }
    },
    {
      "attributes" : {
        "FID" : 10,
        "PMNTN_SPOT" : 58448,
        "MNTN_CODE" : "488904501",
        "MANAGE_SP1" : "01",
        "MANAGE_SP2" : "시종점",
        "DETAIL_SPO" : "시종점",
        "ETC_MATTER" : " ",
        "MNTN_NM" : "악견산",
        "PAST_SPOT_" : "28200337000011",
        "MNTN_ID" : "2820033700"
      },
      "geometry" : {
        "x" : 294169.93969960511,
        "y" : 327114.77468799986
      }
    }
  ]
}