{
  "displayFieldName" : "",
  "fieldAliases" : {
    "FID" : "FID",
    "SAFE_SPOT1" : "SAFE_SPOT1",
    "SAFE_SPOT2" : "SAFE_SPOT2",
    "SAFE_SPOT3" : "SAFE_SPOT3",
    "MGC" : "MGC",
    "ETC_MATTER" : "ETC_MATTER",
    "MNTN_NM" : "MNTN_NM"
  },
  "geometryType" : "esriGeometryPoint",
  "spatialReference" : {
    "wkt" : "PROJCS[\"PCS_ITRF2000_TM\",GEOGCS[\"GCS_ITRF_2000\",DATUM[\"D_ITRF_2000\",SPHEROID[\"GRS_1980\",6378137.0,298.257222101]],PRIMEM[\"Greenwich\",0.0],UNIT[\"Degree\",0.0174532925199433]],PROJECTION[\"Transverse_Mercator\"],PARAMETER[\"False_Easting\",200000.0],PARAMETER[\"False_Northing\",600000.0],PARAMETER[\"Central_Meridian\",127.0],PARAMETER[\"Scale_Factor\",1.0],PARAMETER[\"Latitude_Of_Origin\",38.0],UNIT[\"Meter\",1.0]]"
  },
  "fields" : [
    {
      "name" : "FID",
      "type" : "esriFieldTypeOID",
      "alias" : "FID"
    },
    {
      "name" : "SAFE_SPOT1",
      "type" : "esriFieldTypeDouble",
      "alias" : "SAFE_SPOT1"
    },
    {
      "name" : "SAFE_SPOT2",
      "type" : "esriFieldTypeString",
      "alias" : "SAFE_SPOT2",
      "length" : 50
    },
    {
      "name" : "SAFE_SPOT3",
      "type" : "esriFieldTypeString",
      "alias" : "SAFE_SPOT3",
      "length" : 50
    },
    {
      "name" : "MGC",
      "type" : "esriFieldTypeString",
      "alias" : "MGC",
      "length" : 50
    },
    {
      "name" : "ETC_MATTER",
      "type" : "esriFieldTypeString",
      "alias" : "ETC_MATTER",
      "length" : 200
    },
    {
      "name" : "MNTN_NM",
      "type" : "esriFieldTypeString",
      "alias" : "MNTN_NM",
      "length" : 50
    }
  ],
  "features" : [
    {
      "attributes" : {
        "FID" : 0,
        "SAFE_SPOT1" : 5395,
        "SAFE_SPOT2" : "학산마을입구 이정표",
        "SAFE_SPOT3" : " ",
        "MGC" : "거창군",
        "ETC_MATTER" : "숙성산",
        "MNTN_NM" : "미녀봉숙성산오도산두무산"
      },
      "geometry" : {
        "x" : 292226.9935000008,
        "y" : 341657.59340000339
      }
    },
    {
      "attributes" : {
        "FID" : 1,
        "SAFE_SPOT1" : 5396,
        "SAFE_SPOT2" : "학산마을 안내도",
        "SAFE_SPOT3" : " ",
        "MGC" : "거창군",
        "ETC_MATTER" : "미녀봉 숙성산 오도산 두무산 등산안내도",
        "MNTN_NM" : "미녀봉숙성산오도산두무산"
      },
      "geometry" : {
        "x" : 292447.24949999992,
        "y" : 341037.21190000139
      }
    },
    {
      "attributes" : {
        "FID" : 2,
        "SAFE_SPOT1" : 5397,
        "SAFE_SPOT2" : "봉화재 이정표",
        "SAFE_SPOT3" : " ",
        "MGC" : "거창군",
        "ETC_MATTER" : "숙성산 1.7km, 월현산 1.3km, 학산 1.3km",
        "MNTN_NM" : "미녀봉숙성산오도산두무산"
      },
      "geometry" : {
        "x" : 292573.82220000029,
        "y" : 339993.55680000409
      }
    },
    {
      "attributes" : {
        "FID" : 3,
        "SAFE_SPOT1" : 5398,
        "SAFE_SPOT2" : "갈림길 이정표",
        "SAFE_SPOT3" : " ",
        "MGC" : "거창군",
        "ETC_MATTER" : "숙성산 0.8km, 봉화재 0.9km 학산 2.2km, 학산 1.6km",
        "MNTN_NM" : "미녀봉숙성산오도산두무산"
      },
      "geometry" : {
        "x" : 293421.05810000096,
        "y" : 340292.16550000012
      }
    },
    {
      "attributes" : {
        "FID" : 4,
        "SAFE_SPOT1" : 5399,
        "SAFE_SPOT2" : "숙성산 이정표",
        "SAFE_SPOT3" : " ",
        "MGC" : "거창군",
        "ETC_MATTER" : "미녀봉 4.0km, 학산 3.0km",
        "MNTN_NM" : "미녀봉숙성산오도산두무산"
      },
      "geometry" : {
        "x" : 293965.99450000096,
        "y" : 340624.64980000257
      }
    },
    {
      "attributes" : {
        "FID" : 5,
        "SAFE_SPOT1" : 5400,
        "SAFE_SPOT2" : "갈림길 이정표",
        "SAFE_SPOT3" : " ",
        "MGC" : "거창군",
        "ETC_MATTER" : "미녀봉 3.5km, 숙성산 0.5km, 광성 3.5km",
        "MNTN_NM" : "미녀봉숙성산오도산두무산"
      },
      "geometry" : {
        "x" : 294313.32140000071,
        "y" : 340847.18370000459
      }
    },
    {
      "attributes" : {
        "FID" : 6,
        "SAFE_SPOT1" : 5401,
        "SAFE_SPOT2" : "말목재 이정표",
        "SAFE_SPOT3" : " ",
        "MGC" : "거창군",
        "ETC_MATTER" : "미녀봉 2.6km, 숙성산 1.9km, 오도산정상 6km, 관리사무소 1.5km",
        "MNTN_NM" : "미녀봉숙성산오도산두무산"
      },
      "geometry" : {
        "x" : 294671.58029999956,
        "y" : 341695.60310000181
      }
    },
    {
      "attributes" : {
        "FID" : 7,
        "SAFE_SPOT1" : 5402,
        "SAFE_SPOT2" : "주갈림길 이정표",
        "SAFE_SPOT3" : " ",
        "MGC" : "거창군",
        "ETC_MATTER" : "미녀봉정상1.5km,숙성산2.5km,유방샘600m",
        "MNTN_NM" : "미녀봉숙성산오도산두무산"
      },
      "geometry" : {
        "x" : 294558.0475000022,
        "y" : 342437.28749999963
      }
    },
    {
      "attributes" : {
        "FID" : 8,
        "SAFE_SPOT1" : 5403,
        "SAFE_SPOT2" : "갈림길 이정표",
        "SAFE_SPOT3" : " ",
        "MGC" : "거창군",
        "ETC_MATTER" : "미녀봉정상1.1km,유방샘0.7km,숙성산2.9km, 눈썹바위0.4km",
        "MNTN_NM" : "미녀봉숙성산오도산두무산"
      },
      "geometry" : {
        "x" : 294833.67110000178,
        "y" : 342535.78110000119
      }
    },
    {
      "attributes" : {
        "FID" : 9,
        "SAFE_SPOT1" : 5404,
        "SAFE_SPOT2" : "805봉 이정표",
        "SAFE_SPOT3" : " ",
        "MGC" : "거창군",
        "ETC_MATTER" : "미녀봉정상 0.7km,숙성산 3.3km,눈썹바위 0.8km,유방샘 0.8km",
        "MNTN_NM" : "미녀봉숙성산오도산두무산"
      },
      "geometry" : {
        "x" : 295071.74100000039,
        "y" : 342852.74270000309
      }
    },
    {
      "attributes" : {
        "FID" : 10,
        "SAFE_SPOT1" : 5405,
        "SAFE_SPOT2" : "미녀봉 이정표",
        "SAFE_SPOT3" : " ",
        "MGC" : "거창군",
        "ETC_MATTER" : "숙성산 4.0km, 가남정보화마을 4.3km, 오도산 2.8km, 오도재 1.7km, 수포대 4.2km",
        "MNTN_NM" : "미녀봉숙성산오도산두무산"
      },
      "geometry" : {
        "x" : 295645.21420000214,
        "y" : 343083.91890000179
      }
    },
    {
      "attributes" : {
        "FID" : 11,
        "SAFE_SPOT1" : 5406,
        "SAFE_SPOT2" : "오도재 이정표",
        "SAFE_SPOT3" : " ",
        "MGC" : "거창군",
        "ETC_MATTER" : "오도산 1.1km, 미녀봉 1.7km, 수포대 2.5km, 오도산자연휴양림 2.5km",
        "MNTN_NM" : "미녀봉숙성산오도산두무산"
      },
      "geometry" : {
        "x" : 296786.27769999951,
        "y" : 342923.64210000448
      }
    },
    {
      "attributes" : {
        "FID" : 12,
        "SAFE_SPOT1" : 5407,
        "SAFE_SPOT2" : "갈림길 이정표",
        "SAFE_SPOT3" : " ",
        "MGC" : "거창군",
        "ETC_MATTER" : "오도산 0.3km, 미녀봉 2.5km, 수포대 3.3km",
        "MNTN_NM" : "미녀봉숙성산오도산두무산"
      },
      "geometry" : {
        "x" : 297049.85120000038,
        "y" : 342279.17540000007
      }
    },
    {
      "attributes" : {
        "FID" : 13,
        "SAFE_SPOT1" : 5408,
        "SAFE_SPOT2" : "갈림길 이정표",
        "SAFE_SPOT3" : " ",
        "MGC" : "거창군",
        "ETC_MATTER" : "오도산 0.9km, 두무산 2.5km, 수포대 2.4km",
        "MNTN_NM" : "미녀봉숙성산오도산두무산"
      },
      "geometry" : {
        "x" : 297552.39370000083,
        "y" : 343243.35400000215
      }
    },
    {
      "attributes" : {
        "FID" : 14,
        "SAFE_SPOT1" : 5409,
        "SAFE_SPOT2" : "두산지음재 이정표",
        "SAFE_SPOT3" : " ",
        "MGC" : "거창군",
        "ETC_MATTER" : "두무산 1.7km, 오도산 1.7km, 수포대 2.5km",
        "MNTN_NM" : "미녀봉숙성산오도산두무산"
      },
      "geometry" : {
        "x" : 298121.36220000125,
        "y" : 343647.26810000278
      }
    },
    {
      "attributes" : {
        "FID" : 15,
        "SAFE_SPOT1" : 5410,
        "SAFE_SPOT2" : "갈림길 이정표",
        "SAFE_SPOT3" : " ",
        "MGC" : "거창군",
        "ETC_MATTER" : "두무산 0.8km, 오도산 2.6km, 수포대 3.7km",
        "MNTN_NM" : "미녀봉숙성산오도산두무산"
      },
      "geometry" : {
        "x" : 298874.22520000022,
        "y" : 343566.21409999952
      }
    },
    {
      "attributes" : {
        "FID" : 16,
        "SAFE_SPOT1" : 5411,
        "SAFE_SPOT2" : "갈림길 이정표",
        "SAFE_SPOT3" : " ",
        "MGC" : "거창군",
        "ETC_MATTER" : "오도산 2.7km",
        "MNTN_NM" : "미녀봉숙성산오도산두무산"
      },
      "geometry" : {
        "x" : 298938.95400000084,
        "y" : 343625.50349999964
      }
    },
    {
      "attributes" : {
        "FID" : 17,
        "SAFE_SPOT1" : 5412,
        "SAFE_SPOT2" : "갈림길 이정표",
        "SAFE_SPOT3" : " ",
        "MGC" : "거창군",
        "ETC_MATTER" : "산제치, 오도산 3.4km",
        "MNTN_NM" : "미녀봉숙성산오도산두무산"
      },
      "geometry" : {
        "x" : 299120.40190000087,
        "y" : 344268.70519999973
      }
    },
    {
      "attributes" : {
        "FID" : 18,
        "SAFE_SPOT1" : 5413,
        "SAFE_SPOT2" : "산제치 이정표",
        "SAFE_SPOT3" : " ",
        "MGC" : "거창군",
        "ETC_MATTER" : "두무산",
        "MNTN_NM" : "미녀봉숙성산오도산두무산"
      },
      "geometry" : {
        "x" : 297409.79620000068,
        "y" : 345239.30290000141
      }
    },
    {
      "attributes" : {
        "FID" : 19,
        "SAFE_SPOT1" : 5414,
        "SAFE_SPOT2" : "갈림길 이정표",
        "SAFE_SPOT3" : " ",
        "MGC" : "거창군",
        "ETC_MATTER" : "숙성산 2.9km, 봉화재 1.2km/ 숙성산 2.3km",
        "MNTN_NM" : "미녀봉숙성산오도산두무산"
      },
      "geometry" : {
        "x" : 292548.59939999972,
        "y" : 340967.36770000122
      }
    },
    {
      "attributes" : {
        "FID" : 20,
        "SAFE_SPOT1" : 5415,
        "SAFE_SPOT2" : "음기산길 이정표",
        "SAFE_SPOT3" : " ",
        "MGC" : "거창군",
        "ETC_MATTER" : "미녀봉 2.6km",
        "MNTN_NM" : "미녀봉숙성산오도산두무산"
      },
      "geometry" : {
        "x" : 293678.32070000004,
        "y" : 343096.88740000129
      }
    },
    {
      "attributes" : {
        "FID" : 21,
        "SAFE_SPOT1" : 5416,
        "SAFE_SPOT2" : "정자나무 이정표",
        "SAFE_SPOT3" : " ",
        "MGC" : "거창군",
        "ETC_MATTER" : "가남정보화마을2.5km, 음기마을 2.1km, 미녀봉정상 1.8km",
        "MNTN_NM" : "미녀봉숙성산오도산두무산"
      },
      "geometry" : {
        "x" : 294342.50659999996,
        "y" : 343076.16680000164
      }
    },
    {
      "attributes" : {
        "FID" : 22,
        "SAFE_SPOT1" : 5417,
        "SAFE_SPOT2" : "유방샘 이정표",
        "SAFE_SPOT3" : " ",
        "MGC" : "거창군",
        "ETC_MATTER" : "미녀봉정상 1.5km",
        "MNTN_NM" : "미녀봉숙성산오도산두무산"
      },
      "geometry" : {
        "x" : 294505.57980000228,
        "y" : 342877.53320000134
      }
    },
    {
      "attributes" : {
        "FID" : 23,
        "SAFE_SPOT1" : 5418,
        "SAFE_SPOT2" : "갈림길 이정표",
        "SAFE_SPOT3" : " ",
        "MGC" : "거창군",
        "ETC_MATTER" : "미녀봉 1.7km, 가남정보화마을 3.2km, 음기2.7km, 음기 2.5km",
        "MNTN_NM" : "미녀봉숙성산오도산두무산"
      },
      "geometry" : {
        "x" : 294458.52469999995,
        "y" : 342571.8617000021
      }
    },
    {
      "attributes" : {
        "FID" : 24,
        "SAFE_SPOT1" : 5419,
        "SAFE_SPOT2" : "가남정보화마을안내도",
        "SAFE_SPOT3" : " ",
        "MGC" : "거창군",
        "ETC_MATTER" : "미녀봉등산로 안내도",
        "MNTN_NM" : "미녀봉숙성산오도산두무산"
      },
      "geometry" : {
        "x" : 292423,
        "y" : 343854.38150000013
      }
    },
    {
      "attributes" : {
        "FID" : 25,
        "SAFE_SPOT1" : 5420,
        "SAFE_SPOT2" : "석강 이정표",
        "SAFE_SPOT3" : " ",
        "MGC" : "거창군",
        "ETC_MATTER" : "미녀봉4.3km, 주차장1.5km",
        "MNTN_NM" : "미녀봉숙성산오도산두무산"
      },
      "geometry" : {
        "x" : 292432.78419999965,
        "y" : 344122.66290000081
      }
    },
    {
      "attributes" : {
        "FID" : 26,
        "SAFE_SPOT1" : 5421,
        "SAFE_SPOT2" : "갈림길 이정표",
        "SAFE_SPOT3" : " ",
        "MGC" : "거창군",
        "ETC_MATTER" : "미녀봉정상 3.1km, 주차장 0.5km",
        "MNTN_NM" : "미녀봉숙성산오도산두무산"
      },
      "geometry" : {
        "x" : 293155.9570999993,
        "y" : 343504.45850000158
      }
    },
    {
      "attributes" : {
        "FID" : 27,
        "SAFE_SPOT1" : 5422,
        "SAFE_SPOT2" : "주차장 안내도",
        "SAFE_SPOT3" : " ",
        "MGC" : "거창군",
        "ETC_MATTER" : "미녀봉숙성산오도산두무산 등산안내도",
        "MNTN_NM" : "미녀봉숙성산오도산두무산"
      },
      "geometry" : {
        "x" : 293505.65160000045,
        "y" : 343492.71680000052
      }
    },
    {
      "attributes" : {
        "FID" : 28,
        "SAFE_SPOT1" : 5423,
        "SAFE_SPOT2" : "화곡 안내도",
        "SAFE_SPOT3" : " ",
        "MGC" : "거창군",
        "ETC_MATTER" : "미녀봉오도산두무산 등산안내도",
        "MNTN_NM" : "미녀봉숙성산오도산두무산"
      },
      "geometry" : {
        "x" : 295335.05900000129,
        "y" : 345737.75360000134
      }
    },
    {
      "attributes" : {
        "FID" : 29,
        "SAFE_SPOT1" : 5424,
        "SAFE_SPOT2" : "수포대 이정표",
        "SAFE_SPOT3" : " ",
        "MGC" : "거창군",
        "ETC_MATTER" : "미녀봉 4.2km 오도산 3.6km, 오도산 2.9km 두무산 4.5km",
        "MNTN_NM" : "미녀봉숙성산오도산두무산"
      },
      "geometry" : {
        "x" : 296835.57110000029,
        "y" : 344863.11700000055
      }
    },
    {
      "attributes" : {
        "FID" : 30,
        "SAFE_SPOT1" : 5425,
        "SAFE_SPOT2" : "수포대산길 이정표",
        "SAFE_SPOT3" : " ",
        "MGC" : "거창군",
        "ETC_MATTER" : "미녀봉 2.9km, 오도산 2.4km - 훼손됨",
        "MNTN_NM" : "미녀봉숙성산오도산두무산"
      },
      "geometry" : {
        "x" : 297022.36880000122,
        "y" : 343875.64730000123
      }
    },
    {
      "attributes" : {
        "FID" : 31,
        "SAFE_SPOT1" : 5426,
        "SAFE_SPOT2" : "갈림길 이정표",
        "SAFE_SPOT3" : " ",
        "MGC" : "거창군",
        "ETC_MATTER" : "오도산 2.6km, 두무산 4.2km",
        "MNTN_NM" : "미녀봉숙성산오도산두무산"
      },
      "geometry" : {
        "x" : 297003.83350000065,
        "y" : 344652.25420000404
      }
    }
  ]
}