{"displayFieldName":"","fieldAliases":{"FID":"FID","PMNTN_SPOT":"PMNTN_SPOT","MNTN_CODE":"MNTN_CODE","MANAGE_SP1":"MANAGE_SP1","MANAGE_SP2":"MANAGE_SP2","DETAIL_SPO":"DETAIL_SPO","ETC_MATTER":"ETC_MATTER","MNTN_NM":"MNTN_NM","PAST_SPOT_":"PAST_SPOT_","MNTN_ID":"MNTN_ID"},"geometryType":"esriGeometryPoint","spatialReference":{"wkt":"PROJCS[\"PCS_ITRF2000_TM\",GEOGCS[\"GCS_ITRF_2000\",DATUM[\"D_ITRF_2000\",SPHEROID[\"GRS_1980\",6378137.0,298.257222101]],PRIMEM[\"Greenwich\",0.0],UNIT[\"Degree\",0.0174532925199433]],PROJECTION[\"Transverse_Mercator\"],PARAMETER[\"False_Easting\",200000.0],PARAMETER[\"False_Northing\",600000.0],PARAMETER[\"Central_Meridian\",127.0],PARAMETER[\"Scale_Factor\",1.0],PARAMETER[\"Latitude_Of_Origin\",38.0],UNIT[\"Meter\",1.0]]"},"fields":[{"name":"FID","type":"esriFieldTypeOID","alias":"FID"},{"name":"PMNTN_SPOT","type":"esriFieldTypeInteger","alias":"PMNTN_SPOT"},{"name":"MNTN_CODE","type":"esriFieldTypeString","alias":"MNTN_CODE","length":9},{"name":"MANAGE_SP1","type":"esriFieldTypeString","alias":"MANAGE_SP1","length":2},{"name":"MANAGE_SP2","type":"esriFieldTypeString","alias":"MANAGE_SP2","length":50},{"name":"DETAIL_SPO","type":"esriFieldTypeString","alias":"DETAIL_SPO","length":200},{"name":"ETC_MATTER","type":"esriFieldTypeString","alias":"ETC_MATTER","length":200},{"name":"MNTN_NM","type":"esriFieldTypeString","alias":"MNTN_NM","length":50},{"name":"PAST_SPOT_","type":"esriFieldTypeString","alias":"PAST_SPOT_","length":14},{"name":"MNTN_ID","type":"esriFieldTypeString","alias":"MNTN_ID","length":10}],"features":[{"attributes":{"FID":0,"PMNTN_SPOT":101104,"MNTN_CODE":"487205901","MANAGE_SP1":"01","MANAGE_SP2":"시종점","DETAIL_SPO":"시종점","ETC_MATTER":" ","MNTN_NM":"원촌뒷산","PAST_SPOT_":" ","MNTN_ID":" "},"geometry":{"x":309137.68049999978,"y":300995.55550000072}},{"attributes":{"FID":1,"PMNTN_SPOT":101105,"MNTN_CODE":"487205901","MANAGE_SP1":"01","MANAGE_SP2":"시종점","DETAIL_SPO":"시종점","ETC_MATTER":" ","MNTN_NM":"원촌뒷산","PAST_SPOT_":" ","MNTN_ID":" "},"geometry":{"x":308717.34889999963,"y":301335.71910000034}},{"attributes":{"FID":2,"PMNTN_SPOT":101106,"MNTN_CODE":"487206001","MANAGE_SP1":"01","MANAGE_SP2":"시종점","DETAIL_SPO":"시종점","ETC_MATTER":" ","MNTN_NM":"상정국사봉","PAST_SPOT_":" ","MNTN_ID":" "},"geometry":{"x":310755.04270000011,"y":300000.01209999993}},{"attributes":{"FID":3,"PMNTN_SPOT":101107,"MNTN_CODE":"487206001","MANAGE_SP1":"01","MANAGE_SP2":"시종점","DETAIL_SPO":"시종점","ETC_MATTER":" ","MNTN_NM":"상정국사봉","PAST_SPOT_":" ","MNTN_ID":" "},"geometry":{"x":310431.51169999968,"y":298369.43630000018}}]}