{
  "displayFieldName" : "",
  "fieldAliases" : {
    "FID" : "FID",
    "PMNTN_SN" : "PMNTN_SN",
    "MNTN_CODE" : "MNTN_CODE",
    "MNTN_NM" : "MNTN_NM",
    "PMNTN_NM" : "PMNTN_NM",
    "PMNTN_MAIN" : "PMNTN_MAIN",
    "PMNTN_LT" : "PMNTN_LT",
    "PMNTN_DFFL" : "PMNTN_DFFL",
    "PMNTN_UPPL" : "PMNTN_UPPL",
    "PMNTN_GODN" : "PMNTN_GODN",
    "PMNTN_MTRQ" : "PMNTN_MTRQ",
    "PMNTN_CNRL" : "PMNTN_CNRL",
    "PMNTN_CLS_" : "PMNTN_CLS_",
    "PMNTN_RISK" : "PMNTN_RISK",
    "PMNTN_RECO" : "PMNTN_RECO",
    "DATA_STDR_" : "DATA_STDR_",
    "MNTN_ID" : "MNTN_ID"
  },
  "geometryType" : "esriGeometryPolyline",
  "spatialReference" : {
    "wkt" : "PROJCS[\"PCS_ITRF2000_TM\",GEOGCS[\"GCS_ITRF_2000\",DATUM[\"D_ITRF_2000\",SPHEROID[\"GRS_1980\",6378137.0,298.257222101]],PRIMEM[\"Greenwich\",0.0],UNIT[\"Degree\",0.0174532925199433]],PROJECTION[\"Transverse_Mercator\"],PARAMETER[\"False_Easting\",200000.0],PARAMETER[\"False_Northing\",600000.0],PARAMETER[\"Central_Meridian\",127.0],PARAMETER[\"Scale_Factor\",1.0],PARAMETER[\"Latitude_Of_Origin\",38.0],UNIT[\"Meter\",1.0]]"
  },
  "fields" : [
    {
      "name" : "FID",
      "type" : "esriFieldTypeOID",
      "alias" : "FID"
    },
    {
      "name" : "PMNTN_SN",
      "type" : "esriFieldTypeDouble",
      "alias" : "PMNTN_SN"
    },
    {
      "name" : "MNTN_CODE",
      "type" : "esriFieldTypeString",
      "alias" : "MNTN_CODE",
      "length" : 9
    },
    {
      "name" : "MNTN_NM",
      "type" : "esriFieldTypeString",
      "alias" : "MNTN_NM",
      "length" : 50
    },
    {
      "name" : "PMNTN_NM",
      "type" : "esriFieldTypeString",
      "alias" : "PMNTN_NM",
      "length" : 50
    },
    {
      "name" : "PMNTN_MAIN",
      "type" : "esriFieldTypeString",
      "alias" : "PMNTN_MAIN",
      "length" : 200
    },
    {
      "name" : "PMNTN_LT",
      "type" : "esriFieldTypeSingle",
      "alias" : "PMNTN_LT"
    },
    {
      "name" : "PMNTN_DFFL",
      "type" : "esriFieldTypeString",
      "alias" : "PMNTN_DFFL",
      "length" : 8
    },
    {
      "name" : "PMNTN_UPPL",
      "type" : "esriFieldTypeDouble",
      "alias" : "PMNTN_UPPL"
    },
    {
      "name" : "PMNTN_GODN",
      "type" : "esriFieldTypeDouble",
      "alias" : "PMNTN_GODN"
    },
    {
      "name" : "PMNTN_MTRQ",
      "type" : "esriFieldTypeString",
      "alias" : "PMNTN_MTRQ",
      "length" : 200
    },
    {
      "name" : "PMNTN_CNRL",
      "type" : "esriFieldTypeString",
      "alias" : "PMNTN_CNRL",
      "length" : 1
    },
    {
      "name" : "PMNTN_CLS_",
      "type" : "esriFieldTypeString",
      "alias" : "PMNTN_CLS_",
      "length" : 1
    },
    {
      "name" : "PMNTN_RISK",
      "type" : "esriFieldTypeString",
      "alias" : "PMNTN_RISK",
      "length" : 200
    },
    {
      "name" : "PMNTN_RECO",
      "type" : "esriFieldTypeString",
      "alias" : "PMNTN_RECO",
      "length" : 1
    },
    {
      "name" : "DATA_STDR_",
      "type" : "esriFieldTypeString",
      "alias" : "DATA_STDR_",
      "length" : 10
    },
    {
      "name" : "MNTN_ID",
      "type" : "esriFieldTypeString",
      "alias" : "MNTN_ID",
      "length" : 10
    }
  ],
  "features" : [
    {
      "attributes" : {
        "FID" : 0,
        "PMNTN_SN" : 16119,
        "MNTN_CODE" : "483102501",
        "MNTN_NM" : "망치산",
        "PMNTN_NM" : "성포리구간",
        "PMNTN_MAIN" : " ",
        "PMNTN_LT" : 1.36,
        "PMNTN_DFFL" : "쉬움",
        "PMNTN_UPPL" : 51,
        "PMNTN_GODN" : 36,
        "PMNTN_MTRQ" : " ",
        "PMNTN_CNRL" : " ",
        "PMNTN_CLS_" : " ",
        "PMNTN_RISK" : " ",
        "PMNTN_RECO" : " ",
        "DATA_STDR_" : "2016-12-31",
        "MNTN_ID" : "483102501"
      },
      "geometry" : {
        "paths" : [
          [
            [
              339813.25020000059,
              258917.64589999989
            ],
            [
              339817.94479999971,
              258910.0298999995
            ],
            [
              339822.25399999972,
              258902.2106999997
            ],
            [
              339826.64600000065,
              258895.07259999961
            ],
            [
              339827.86720000021,
              258890.54250000045
            ],
            [
              339826.25830000173,
              258886.84630000405
            ],
            [
              339819.87079999968,
              258881.19490000047
            ],
            [
              339813.91310000047,
              258873.85330000147
            ],
            [
              339810.67760000098,
              258868.76779999956
            ],
            [
              339809.35950000118,
              258866.02420000173
            ],
            [
              339808.1361999996,
              258862.83690000139
            ],
            [
              339804.88940000068,
              258852.04630000331
            ],
            [
              339802.07730000094,
              258840.69950000197
            ],
            [
              339800.38750000019,
              258835.96800000034
            ],
            [
              339798.20239999983,
              258831.48590000346
            ],
            [
              339796.21510000061,
              258828.07399999909
            ],
            [
              339794.1679999996,
              258825.29110000096
            ],
            [
              339791.22520000115,
              258822.52300000004
            ],
            [
              339788.43680000119,
              258820.89540000074
            ],
            [
              339780.76740000024,
              258818.04590000212
            ],
            [
              339777.87790000066,
              258816.67400000244
            ],
            [
              339774.57610000111,
              258814.3217999991
            ],
            [
              339766.93450000137,
              258807.56980000436
            ],
            [
              339763.5465000011,
              258805.58740000054
            ],
            [
              339759.99160000123,
              258804.45960000157
            ],
            [
              339757.13780000061,
              258804.06440000236
            ],
            [
              339748.29380000196,
              258803.81140000187
            ],
            [
              339745.13950000051,
              258803.89250000194
            ],
            [
              339737.74210000224,
              258804.49010000378
            ],
            [
              339734.14480000082,
              258804.45450000092
            ],
            [
              339727.20920000039,
              258803.81010000035
            ],
            [
              339724.10790000018,
              258802.90160000138
            ],
            [
              339721.49700000044,
              258801.259200003
            ],
            [
              339719.25160000008,
              258798.31409999728
            ],
            [
              339714.98670000024,
              258790.82270000316
            ],
            [
              339712.05169999972,
              258787.21729999967
            ],
            [
              339705.26829999965,
              258780.22340000421
            ],
            [
              339702.81919999979,
              258776.46550000086
            ],
            [
              339700.62550000101,
              258770.54570000246
            ],
            [
              339698.88030000124,
              258767.89580000192
            ],
            [
              339694.9085999988,
              258765.6381000001
            ],
            [
              339689.82340000104,
              258764.58809999935
            ],
            [
              339680.99540000036,
              258763.90230000019
            ],
            [
              339677.54920000024,
              258763.29400000162
            ],
            [
              339666.39620000031,
              258760.79599999823
            ],
            [
              339662.11130000185,
              258759.32810000144
            ],
            [
              339653.48460000101,
              258755.0428000018
            ],
            [
              339649.81500000134,
              258752.68220000155
            ],
            [
              339646.42980000097,
              258749.62260000035
            ],
            [
              339644.89840000216,
              258746.65839999914
            ],
            [
              339645.08100000117,
              258743.62409999967
            ],
            [
              339646.25850000139,
              258740.82840000093
            ],
            [
              339648.27290000021,
              258737.5541999992
            ],
            [
              339652.03579999972,
              258732.84540000185
            ],
            [
              339657.2508000005,
              258728.45960000157
            ],
            [
              339659.4784000013,
              258725.72500000149
            ],
            [
              339661.10380000062,
              258722.78189999983
            ],
            [
              339663.00020000059,
              258717.12350000255
            ],
            [
              339663.49610000011,
              258713.34100000188
            ],
            [
              339663.40020000096,
              258705.41210000031
            ],
            [
              339663.18790000118,
              258700.51280000247
            ],
            [
              339662.49739999976,
              258695.14479999989
            ],
            [
              339660.41500000097,
              258686.82080000266
            ],
            [
              339659.91200000048,
              258680.98490000144
            ],
            [
              339660.56359999999,
              258676.55430000089
            ],
            [
              339662.32760000043,
              258672.81620000117
            ],
            [
              339663.99240000173,
              258670.51530000381
            ],
            [
              339668.54530000035,
              258664.89470000006
            ],
            [
              339673.03770000115,
              258659.18200000189
            ],
            [
              339678.19230000116,
              258653.31829999946
            ],
            [
              339683.16850000061,
              258647.94020000286
            ],
            [
              339686.55300000124,
              258644.95759999938
            ],
            [
              339690.84190000035,
              258641.84560000151
            ],
            [
              339694.68620000035,
              258640.03140000068
            ],
            [
              339698.92690000124,
              258640.28810000047
            ],
            [
              339702.70419999957,
              258641.94590000063
            ],
            [
              339707.77640000079,
              258644.95759999938
            ],
            [
              339710.1511000013,
              258646.67970000207
            ],
            [
              339714.55930000078,
              258650.85520000011
            ],
            [
              339717.08150000125,
              258652.71440000273
            ],
            [
              339720.05080000125,
              258652.99400000274
            ],
            [
              339722.75290000066,
              258649.88920000196
            ],
            [
              339726.50710000098,
              258642.68670000136
            ],
            [
              339738.07909999881,
              258625.7490000017
            ],
            [
              339741.99480000138,
              258620.54709999822
            ],
            [
              339745.72119999956,
              258616.01659999974
            ],
            [
              339748.07180000003,
              258613.49469999969
            ],
            [
              339754.27870000061,
              258607.3684000019
            ],
            [
              339757.29760000017,
              258603.79710000195
            ],
            [
              339758.97870000079,
              258601.19139999896
            ],
            [
              339762.5504999999,
              258594.48730000295
            ],
            [
              339764.3721000012,
              258591.57759999856
            ],
            [
              339769.01350000035,
              258585.1716000028
            ],
            [
              339772.38260000106,
              258581.2109999992
            ],
            [
              339775.76320000179,
              258578.18009999953
            ],
            [
              339778.30940000061,
              258576.59210000001
            ],
            [
              339782.6500000013,
              258574.98100000434
            ],
            [
              339791.38370000105,
              258573.56990000233
            ],
            [
              339795.53360000066,
              258573.39330000058
            ],
            [
              339804.82620000001,
              258573.83389999904
            ],
            [
              339808.7482000012,
              258573.56990000233
            ],
            [
              339813.61760000233,
              258572.53710000031
            ],
            [
              339820.96780000068,
              258570.35420000181
            ],
            [
              339828.82990000024,
              258568.33160000108
            ],
            [
              339831.79829999991,
              258567.41119999811
            ],
            [
              339834.7285000002,
              258566.12140000239
            ],
            [
              339837.72110000066,
              258563.91420000046
            ],
            [
              339839.74680000078,
              258561.59490000084
            ],
            [
              339844.12050000113,
              258554.91900000162
            ],
            [
              339850.48060000129,
              258545.52730000019
            ],
            [
              339852.13810000103,
              258542.06990000047
            ],
            [
              339855.24720000103,
              258533.3515000008
            ],
            [
              339856.58680000063,
              258530.12190000154
            ],
            [
              339858.27240000106,
              258527.09180000052
            ],
            [
              339860.19890000205,
              258524.69180000387
            ],
            [
              339863.60440000053,
              258521.33590000123
            ],
            [
              339866.26630000025,
              258519.16760000214
            ],
            [
              339869.95280000102,
              258517.34019999951
            ],
            [
              339873.59830000065,
              258516.77639999986
            ],
            [
              339877.22520000115,
              258517.19659999944
            ],
            [
              339880.78110000119,
              258518.77309999987
            ],
            [
              339883.29000000004,
              258521.71969999932
            ],
            [
              339885.89719999954,
              258527.28390000015
            ],
            [
              339887.88350000046,
              258536.54770000093
            ],
            [
              339890.10769999959,
              258534.4982000012
            ],
            [
              339891.81469999999,
              258530.89100000076
            ],
            [
              339893.03200000059,
              258527.08870000206
            ],
            [
              339893.65060000028,
              258522.95200000145
            ],
            [
              339892.76430000085,
              258519.59420000017
            ],
            [
              339887.26429999992,
              258511.70040000044
            ],
            [
              339883.71960000042,
              258505.15819999948
            ],
            [
              339882.31380000059,
              258501.4942000024
            ],
            [
              339882.96750000212,
              258496.67940000072
            ],
            [
              339888.71550000086,
              258491.26230000146
            ],
            [
              339890.956100001,
              258488.3518000003
            ],
            [
              339892.35390000138,
              258485.01909999922
            ],
            [
              339894.53190000076,
              258475.755400002
            ],
            [
              339896.31840000115,
              258471.52640000172
            ],
            [
              339899.24260000046,
              258468.11340000108
            ],
            [
              339902.41559999995,
              258465.65000000037
            ],
            [
              339906.24150000047,
              258463.30660000257
            ],
            [
              339912.93570000213,
              258459.73540000245
            ],
            [
              339920.02380000055,
              258456.79950000346
            ],
            [
              339923.15610000025,
              258454.64750000276
            ],
            [
              339925.07540000044,
              258451.79450000264
            ],
            [
              339926.07910000067,
              258448.9606999997
            ],
            [
              339926.77419999987,
              258444.98949999921
            ],
            [
              339927.67399999965,
              258435.70199999772
            ],
            [
              339928.37090000138,
              258432.08070000447
            ],
            [
              339933.19250000082,
              258413.75259999931
            ],
            [
              339934.93730000034,
              258408.1157000009
            ],
            [
              339936.73160000052,
              258403.13969999924
            ],
            [
              339939.10599999968,
              258398.01219999976
            ],
            [
              339945.76090000011,
              258385.8925000038
            ],
            [
              339947.2555999998,
              258382.49700000137
            ],
            [
              339948.57330000028,
              258378.15430000052
            ],
            [
              339949.20580000058,
              258374.24599999934
            ],
            [
              339949.97400000133,
              258362.70760000125
            ],
            [
              339950.88060000166,
              258358.12040000223
            ],
            [
              339951.89950000122,
              258355.05939999968
            ],
            [
              339953.23159999959,
              258351.75999999978
            ],
            [
              339958.00050000101,
              258342.13319999911
            ],
            [
              339960.4768000003,
              258338.38330000453
            ],
            [
              339967.60560000129,
              258329.7611999996
            ],
            [
              339970.16370000225,
              258326.28390000202
            ],
            [
              339972.2424000008,
              258322.51270000078
            ],
            [
              339973.15909999982,
              258319.79170000181
            ],
            [
              339973.73790000007,
              258314.78570000082
            ],
            [
              339973.36710000038,
              258307.0725000035
            ],
            [
              339973.39020000026,
              258304.09730000049
            ],
            [
              339973.83130000066,
              258298.6491000019
            ],
            [
              339974.5178000005,
              258293.16339999996
            ],
            [
              339975.44479999971,
              258287.67740000226
            ],
            [
              339976.60589999985,
              258282.23070000298
            ],
            [
              339977.9029000001,
              258277.38939999975
            ],
            [
              339979.62829999905,
              258272.08919999935
            ],
            [
              339985.60970000084,
              258256.50540000014
            ],
            [
              339988.82930000033,
              258248.35690000094
            ],
            [
              339991.39790000115,
              258242.35650000162
            ],
            [
              339994.20459999889,
              258236.48359999992
            ],
            [
              339999.11550000124,
              258226.92130000144
            ],
            [
              340004.06340000033,
              258216.45879999921
            ],
            [
              340006.94790000189,
              258212.72750000097
            ],
            [
              340009.71129999962,
              258210.78190000169
            ],
            [
              340018.05130000133,
              258207.04499999993
            ],
            [
              340021.61510000005,
              258204.47690000013
            ],
            [
              340023.68850000016,
              258201.3172999993
            ],
            [
              340024.84630000032,
              258198.24129999988
            ],
            [
              340025.7630000012,
              258194.57320000231
            ],
            [
              340026.77020000108,
              258188.9765000008
            ],
            [
              340027.30470000114,
              258184.63379999809
            ],
            [
              340027.48089999892,
              258179.83460000157
            ],
            [
              340027.31109999958,
              258174.47670000233
            ],
            [
              340026.77020000108,
              258167.75310000405
            ],
            [
              340026.14250000101,
              258161.89580000006
            ],
            [
              340025.4617999997,
              258157.35579999909
            ],
            [
              340024.60770000052,
              258153.33380000107
            ],
            [
              340023.55460000038,
              258149.74540000223
            ],
            [
              340021.79619999975,
              258145.90660000406
            ],
            [
              340016.78330000117,
              258137.60209999979
            ],
            [
              340015.51730000228,
              258134.62000000104
            ],
            [
              340013.928100002,
              258128.49480000325
            ],
            [
              340013.32950000092,
              258124.46990000457
            ],
            [
              340013.3180000009,
              258121.05289999954
            ],
            [
              340014.34939999972,
              258117.36950000003
            ],
            [
              340017.12270000111,
              258113.99750000052
            ],
            [
              340023.11000000034,
              258109.18610000238
            ],
            [
              340025.48400000017,
              258106.65550000034
            ],
            [
              340028.23110000044,
              258102.30670000054
            ],
            [
              340030.65400000196,
              258097.30550000444
            ],
            [
              340032.74370000139,
              258091.66960000247
            ],
            [
              340034.48780000117,
              258085.43210000359
            ],
            [
              340036.02589999977,
              258079.30360000022
            ],
            [
              340036.65260000061,
              258075.84750000201
            ],
            [
              340036.80850000121,
              258072.69260000437
            ],
            [
              340035.71710000094,
              258068.39970000274
            ],
            [
              340030.65359999985,
              258060.93339999951
            ],
            [
              340029.05140000023,
              258056.66580000147
            ],
            [
              340028.43329999968,
              258053.18720000423
            ],
            [
              340028.1146000009,
              258049.21409999952
            ],
            [
              340028.19190000091,
              258043.15700000152
            ],
            [
              340029.81060000043,
              258034.8545000013
            ],
            [
              340028.71300000139,
              258032.10030000098
            ],
            [
              340021.82760000043,
              258028.89609999955
            ],
            [
              340020.0691000009,
              258026.22970000096
            ],
            [
              340019.01279999968,
              258019.34780000336
            ],
            [
              340019.39660000149,
              258012.75010000169
            ],
            [
              340018.1492000008,
              258008.59920000285
            ],
            [
              340011.13470000122,
              258001.52610000223
            ],
            [
              340009.11640000157,
              257996.74850000441
            ],
            [
              340008.68270000163,
              257993.14040000178
            ],
            [
              340008.78190000076,
              257989.34240000136
            ],
            [
              340009.72410000116,
              257984.86880000308
            ],
            [
              340011.07960000075,
              257982.1425999999
            ],
            [
              340016.06329999957,
              257975.69060000032
            ],
            [
              340018.09729999956,
              257972.03050000034
            ],
            [
              340018.95119999908,
              257969.13010000065
            ],
            [
              340020.32939999923,
              257960.3844000008
            ],
            [
              340022.24390000012,
              257955.76009999961
            ],
            [
              340025.50910000037,
              257952.87520000152
            ],
            [
              340028.62600000016,
              257951.35070000403
            ],
            [
              340032.26200000104,
              257950.30269999988
            ],
            [
              340036.41720000003,
              257949.7311000023
            ]
          ]
        ]
      }
    }
  ]
}