{
  "displayFieldName" : "",
  "fieldAliases" : {
    "FID" : "FID",
    "SAFE_SPOT1" : "SAFE_SPOT1",
    "SAFE_SPOT2" : "SAFE_SPOT2",
    "SAFE_SPOT3" : "SAFE_SPOT3",
    "MGC" : "MGC",
    "ETC_MATTER" : "ETC_MATTER",
    "MNTN_NM" : "MNTN_NM"
  },
  "geometryType" : "esriGeometryPoint",
  "spatialReference" : {
    "wkt" : "PROJCS[\"PCS_ITRF2000_TM\",GEOGCS[\"GCS_ITRF_2000\",DATUM[\"D_ITRF_2000\",SPHEROID[\"GRS_1980\",6378137.0,298.257222101]],PRIMEM[\"Greenwich\",0.0],UNIT[\"Degree\",0.0174532925199433]],PROJECTION[\"Transverse_Mercator\"],PARAMETER[\"False_Easting\",200000.0],PARAMETER[\"False_Northing\",600000.0],PARAMETER[\"Central_Meridian\",127.0],PARAMETER[\"Scale_Factor\",1.0],PARAMETER[\"Latitude_Of_Origin\",38.0],UNIT[\"Meter\",1.0]]"
  },
  "fields" : [
    {
      "name" : "FID",
      "type" : "esriFieldTypeOID",
      "alias" : "FID"
    },
    {
      "name" : "SAFE_SPOT1",
      "type" : "esriFieldTypeDouble",
      "alias" : "SAFE_SPOT1"
    },
    {
      "name" : "SAFE_SPOT2",
      "type" : "esriFieldTypeString",
      "alias" : "SAFE_SPOT2",
      "length" : 50
    },
    {
      "name" : "SAFE_SPOT3",
      "type" : "esriFieldTypeString",
      "alias" : "SAFE_SPOT3",
      "length" : 50
    },
    {
      "name" : "MGC",
      "type" : "esriFieldTypeString",
      "alias" : "MGC",
      "length" : 50
    },
    {
      "name" : "ETC_MATTER",
      "type" : "esriFieldTypeString",
      "alias" : "ETC_MATTER",
      "length" : 200
    },
    {
      "name" : "MNTN_NM",
      "type" : "esriFieldTypeString",
      "alias" : "MNTN_NM",
      "length" : 50
    }
  ],
  "features" : [
    {
      "attributes" : {
        "FID" : 0,
        "SAFE_SPOT1" : 3395,
        "SAFE_SPOT2" : "위치표지목",
        "SAFE_SPOT3" : " ",
        "MGC" : "창원소방본부",
        "ETC_MATTER" : " ",
        "MNTN_NM" : "웅산"
      },
      "geometry" : {
        "x" : 357502.50060000084,
        "y" : 283565.6211000029
      }
    },
    {
      "attributes" : {
        "FID" : 1,
        "SAFE_SPOT1" : 3396,
        "SAFE_SPOT2" : "위치표지목",
        "SAFE_SPOT3" : " ",
        "MGC" : "창원소방본부",
        "ETC_MATTER" : " ",
        "MNTN_NM" : "웅산"
      },
      "geometry" : {
        "x" : 357088.61849999987,
        "y" : 282016.8703000024
      }
    },
    {
      "attributes" : {
        "FID" : 2,
        "SAFE_SPOT1" : 3397,
        "SAFE_SPOT2" : "위치표지목",
        "SAFE_SPOT3" : " ",
        "MGC" : "창원소방본부",
        "ETC_MATTER" : " ",
        "MNTN_NM" : "웅산"
      },
      "geometry" : {
        "x" : 357496.22780000139,
        "y" : 282905.71660000458
      }
    },
    {
      "attributes" : {
        "FID" : 3,
        "SAFE_SPOT1" : 3398,
        "SAFE_SPOT2" : "위치표지목",
        "SAFE_SPOT3" : " ",
        "MGC" : "창원소방본부",
        "ETC_MATTER" : " ",
        "MNTN_NM" : "웅산"
      },
      "geometry" : {
        "x" : 357240.04150000121,
        "y" : 282488.13099999912
      }
    },
    {
      "attributes" : {
        "FID" : 4,
        "SAFE_SPOT1" : 3399,
        "SAFE_SPOT2" : "위치표지목",
        "SAFE_SPOT3" : " ",
        "MGC" : "창원소방본부",
        "ETC_MATTER" : " ",
        "MNTN_NM" : "웅산"
      },
      "geometry" : {
        "x" : 357087.0959999999,
        "y" : 282251.16290000081
      }
    },
    {
      "attributes" : {
        "FID" : 5,
        "SAFE_SPOT1" : 3400,
        "SAFE_SPOT2" : "위치표지목",
        "SAFE_SPOT3" : " ",
        "MGC" : "창원소방본부",
        "ETC_MATTER" : " ",
        "MNTN_NM" : "웅산"
      },
      "geometry" : {
        "x" : 356874.02900000103,
        "y" : 281828.17020000145
      }
    },
    {
      "attributes" : {
        "FID" : 6,
        "SAFE_SPOT1" : 3401,
        "SAFE_SPOT2" : "위치표지목",
        "SAFE_SPOT3" : " ",
        "MGC" : "창원소방본부",
        "ETC_MATTER" : " ",
        "MNTN_NM" : "웅산"
      },
      "geometry" : {
        "x" : 357578.32149999961,
        "y" : 283283.28730000183
      }
    },
    {
      "attributes" : {
        "FID" : 7,
        "SAFE_SPOT1" : 3402,
        "SAFE_SPOT2" : "위치표지목",
        "SAFE_SPOT3" : " ",
        "MGC" : "창원소방본부",
        "ETC_MATTER" : " ",
        "MNTN_NM" : "웅산"
      },
      "geometry" : {
        "x" : 357295.93259999994,
        "y" : 282624.75830000453
      }
    },
    {
      "attributes" : {
        "FID" : 8,
        "SAFE_SPOT1" : 3403,
        "SAFE_SPOT2" : "위치표지목",
        "SAFE_SPOT3" : " ",
        "MGC" : "창원소방본부",
        "ETC_MATTER" : " ",
        "MNTN_NM" : "웅산"
      },
      "geometry" : {
        "x" : 356872.809799999,
        "y" : 282484.8580000028
      }
    },
    {
      "attributes" : {
        "FID" : 9,
        "SAFE_SPOT1" : 3410,
        "SAFE_SPOT2" : "위치표지목",
        "SAFE_SPOT3" : " ",
        "MGC" : "창원소방본부",
        "ETC_MATTER" : " ",
        "MNTN_NM" : "웅산"
      },
      "geometry" : {
        "x" : 354536.79550000187,
        "y" : 286976.94790000468
      }
    },
    {
      "attributes" : {
        "FID" : 10,
        "SAFE_SPOT1" : 3411,
        "SAFE_SPOT2" : "위치표지목",
        "SAFE_SPOT3" : " ",
        "MGC" : "창원소방본부",
        "ETC_MATTER" : " ",
        "MNTN_NM" : "웅산"
      },
      "geometry" : {
        "x" : 354739.59030000027,
        "y" : 286961.91029999964
      }
    },
    {
      "attributes" : {
        "FID" : 11,
        "SAFE_SPOT1" : 3412,
        "SAFE_SPOT2" : "위치표지목",
        "SAFE_SPOT3" : " ",
        "MGC" : "창원소방본부",
        "ETC_MATTER" : " ",
        "MNTN_NM" : "웅산"
      },
      "geometry" : {
        "x" : 357526.83839999977,
        "y" : 285517.6863000039
      }
    },
    {
      "attributes" : {
        "FID" : 12,
        "SAFE_SPOT1" : 3413,
        "SAFE_SPOT2" : "위치표지목",
        "SAFE_SPOT3" : " ",
        "MGC" : "창원소방본부",
        "ETC_MATTER" : " ",
        "MNTN_NM" : "웅산"
      },
      "geometry" : {
        "x" : 356929.89429999981,
        "y" : 284455.9765000008
      }
    },
    {
      "attributes" : {
        "FID" : 13,
        "SAFE_SPOT1" : 3414,
        "SAFE_SPOT2" : "위치표지목",
        "SAFE_SPOT3" : " ",
        "MGC" : "창원소방본부",
        "ETC_MATTER" : " ",
        "MNTN_NM" : "웅산"
      },
      "geometry" : {
        "x" : 356993.91040000133,
        "y" : 284269.01220000163
      }
    },
    {
      "attributes" : {
        "FID" : 14,
        "SAFE_SPOT1" : 3415,
        "SAFE_SPOT2" : "위치표지목",
        "SAFE_SPOT3" : " ",
        "MGC" : "창원소방본부",
        "ETC_MATTER" : " ",
        "MNTN_NM" : "웅산"
      },
      "geometry" : {
        "x" : 357104.00499999989,
        "y" : 283176.39980000257
      }
    },
    {
      "attributes" : {
        "FID" : 15,
        "SAFE_SPOT1" : 3416,
        "SAFE_SPOT2" : "위치표지목",
        "SAFE_SPOT3" : " ",
        "MGC" : "창원소방본부",
        "ETC_MATTER" : " ",
        "MNTN_NM" : "웅산"
      },
      "geometry" : {
        "x" : 356677.46590000112,
        "y" : 282062.17630000412
      }
    },
    {
      "attributes" : {
        "FID" : 16,
        "SAFE_SPOT1" : 3531,
        "SAFE_SPOT2" : "구조구급함",
        "SAFE_SPOT3" : " ",
        "MGC" : "창원소방본부",
        "ETC_MATTER" : " ",
        "MNTN_NM" : "웅산"
      },
      "geometry" : {
        "x" : 358409.33540000115,
        "y" : 285878.38180000149
      }
    },
    {
      "attributes" : {
        "FID" : 17,
        "SAFE_SPOT1" : 3532,
        "SAFE_SPOT2" : "구조구급함",
        "SAFE_SPOT3" : " ",
        "MGC" : "창원소방본부",
        "ETC_MATTER" : " ",
        "MNTN_NM" : "웅산"
      },
      "geometry" : {
        "x" : 357800.82490000129,
        "y" : 284033.28070000187
      }
    },
    {
      "attributes" : {
        "FID" : 18,
        "SAFE_SPOT1" : 3533,
        "SAFE_SPOT2" : "구조구급함",
        "SAFE_SPOT3" : " ",
        "MGC" : "창원소방본부",
        "ETC_MATTER" : " ",
        "MNTN_NM" : "웅산"
      },
      "geometry" : {
        "x" : 357087.0959999999,
        "y" : 282251.16290000081
      }
    }
  ]
}