{
  "displayFieldName" : "",
  "fieldAliases" : {
    "FID" : "FID",
    "PMNTN_SN" : "PMNTN_SN",
    "MNTN_CODE" : "MNTN_CODE",
    "MNTN_NM" : "MNTN_NM",
    "PMNTN_NM" : "PMNTN_NM",
    "PMNTN_MAIN" : "PMNTN_MAIN",
    "PMNTN_LT" : "PMNTN_LT",
    "PMNTN_DFFL" : "PMNTN_DFFL",
    "PMNTN_UPPL" : "PMNTN_UPPL",
    "PMNTN_GODN" : "PMNTN_GODN",
    "PMNTN_MTRQ" : "PMNTN_MTRQ",
    "PMNTN_CNRL" : "PMNTN_CNRL",
    "PMNTN_CLS_" : "PMNTN_CLS_",
    "PMNTN_RISK" : "PMNTN_RISK",
    "PMNTN_RECO" : "PMNTN_RECO",
    "DATA_STDR_" : "DATA_STDR_",
    "MNTN_ID" : "MNTN_ID"
  },
  "geometryType" : "esriGeometryPolyline",
  "spatialReference" : {
    "wkt" : "PROJCS[\"PCS_ITRF2000_TM\",GEOGCS[\"GCS_ITRF_2000\",DATUM[\"D_ITRF_2000\",SPHEROID[\"GRS_1980\",6378137.0,298.257222101]],PRIMEM[\"Greenwich\",0.0],UNIT[\"Degree\",0.0174532925199433]],PROJECTION[\"Transverse_Mercator\"],PARAMETER[\"False_Easting\",200000.0],PARAMETER[\"False_Northing\",600000.0],PARAMETER[\"Central_Meridian\",127.0],PARAMETER[\"Scale_Factor\",1.0],PARAMETER[\"Latitude_Of_Origin\",38.0],UNIT[\"Meter\",1.0]]"
  },
  "fields" : [
    {
      "name" : "FID",
      "type" : "esriFieldTypeOID",
      "alias" : "FID"
    },
    {
      "name" : "PMNTN_SN",
      "type" : "esriFieldTypeDouble",
      "alias" : "PMNTN_SN"
    },
    {
      "name" : "MNTN_CODE",
      "type" : "esriFieldTypeString",
      "alias" : "MNTN_CODE",
      "length" : 9
    },
    {
      "name" : "MNTN_NM",
      "type" : "esriFieldTypeString",
      "alias" : "MNTN_NM",
      "length" : 50
    },
    {
      "name" : "PMNTN_NM",
      "type" : "esriFieldTypeString",
      "alias" : "PMNTN_NM",
      "length" : 50
    },
    {
      "name" : "PMNTN_MAIN",
      "type" : "esriFieldTypeString",
      "alias" : "PMNTN_MAIN",
      "length" : 200
    },
    {
      "name" : "PMNTN_LT",
      "type" : "esriFieldTypeSingle",
      "alias" : "PMNTN_LT"
    },
    {
      "name" : "PMNTN_DFFL",
      "type" : "esriFieldTypeString",
      "alias" : "PMNTN_DFFL",
      "length" : 8
    },
    {
      "name" : "PMNTN_UPPL",
      "type" : "esriFieldTypeDouble",
      "alias" : "PMNTN_UPPL"
    },
    {
      "name" : "PMNTN_GODN",
      "type" : "esriFieldTypeDouble",
      "alias" : "PMNTN_GODN"
    },
    {
      "name" : "PMNTN_MTRQ",
      "type" : "esriFieldTypeString",
      "alias" : "PMNTN_MTRQ",
      "length" : 200
    },
    {
      "name" : "PMNTN_CNRL",
      "type" : "esriFieldTypeString",
      "alias" : "PMNTN_CNRL",
      "length" : 1
    },
    {
      "name" : "PMNTN_CLS_",
      "type" : "esriFieldTypeString",
      "alias" : "PMNTN_CLS_",
      "length" : 1
    },
    {
      "name" : "PMNTN_RISK",
      "type" : "esriFieldTypeString",
      "alias" : "PMNTN_RISK",
      "length" : 200
    },
    {
      "name" : "PMNTN_RECO",
      "type" : "esriFieldTypeString",
      "alias" : "PMNTN_RECO",
      "length" : 1
    },
    {
      "name" : "DATA_STDR_",
      "type" : "esriFieldTypeString",
      "alias" : "DATA_STDR_",
      "length" : 10
    },
    {
      "name" : "MNTN_ID",
      "type" : "esriFieldTypeString",
      "alias" : "MNTN_ID",
      "length" : 10
    }
  ],
  "features" : [
    {
      "attributes" : {
        "FID" : 0,
        "PMNTN_SN" : 31911,
        "MNTN_CODE" : "437601501",
        "MNTN_NM" : "성불산",
        "PMNTN_NM" : "오성리구간",
        "PMNTN_MAIN" : " ",
        "PMNTN_LT" : 2.65,
        "PMNTN_DFFL" : "쉬움",
        "PMNTN_UPPL" : 47,
        "PMNTN_GODN" : 33,
        "PMNTN_MTRQ" : " ",
        "PMNTN_CNRL" : " ",
        "PMNTN_CLS_" : " ",
        "PMNTN_RISK" : " ",
        "PMNTN_RECO" : " ",
        "DATA_STDR_" : "2016-12-31",
        "MNTN_ID" : "437601501"
      },
      "geometry" : {
        "paths" : [
          [
            [
              275223.22290000226,
              469814.35580000095
            ],
            [
              275221.75210000388,
              469808.59470000118
            ],
            [
              275219.27819999959,
              469803.32860000059
            ],
            [
              275216.06160000246,
              469796.55780000053
            ],
            [
              275210.83220000099,
              469792.02770000137
            ],
            [
              275205.35130000208,
              469787.74650000222
            ],
            [
              275200.62739999965,
              469782.21850000136
            ],
            [
              275199.90050000325,
              469777.71199999936
            ],
            [
              275202.16750000138,
              469774.72209999897
            ],
            [
              275211.18960000202,
              469771.51730000041
            ],
            [
              275221.45720000006,
              469769.31970000081
            ],
            [
              275228.47169999965,
              469767.35520000197
            ],
            [
              275235.74410000164,
              469763.89120000228
            ],
            [
              275243.01790000126,
              469760.17699999921
            ],
            [
              275249.29630000051,
              469755.4570000004
            ],
            [
              275257.07430000138,
              469750.99500000104
            ],
            [
              275264.35590000171,
              469745.77990000136
            ],
            [
              275272.14700000081,
              469738.81650000438
            ],
            [
              275278.68080000021,
              469733.0971999988
            ],
            [
              275284.46019999962,
              469728.12450000271
            ],
            [
              275289.47349999938,
              469726.14949999936
            ],
            [
              275295.22809999995,
              469725.92950000428
            ],
            [
              275301.98460000101,
              469725.46449999884
            ],
            [
              275308.74100000132,
              469724.99950000085
            ],
            [
              275314.75620000251,
              469722.7797000017
            ],
            [
              275321.77589999977,
              469719.81460000202
            ],
            [
              275331.54449999984,
              469717.36419999972
            ],
            [
              275339.87360000145,
              469715.1564000044
            ],
            [
              275349.40120000392,
              469710.95370000042
            ],
            [
              275357.66900000162,
              469708.49550000206
            ],
            [
              275367.94969999976,
              469703.79639999941
            ],
            [
              275377.47609999962,
              469699.84390000068
            ],
            [
              275387.25779999979,
              469694.89200000279
            ],
            [
              275395.48269999959,
              469688.68130000122
            ],
            [
              275402.51940000337,
              469682.46440000273
            ],
            [
              275412.30759999901,
              469676.26190000027
            ],
            [
              275423.59800000116,
              469669.81699999981
            ],
            [
              275431.36950000003,
              469666.60569999926
            ],
            [
              275440.89970000088,
              469661.90279999934
            ],
            [
              275453.42779999971,
              469657.96590000205
            ],
            [
              275463.70850000251,
              469653.26680000126
            ],
            [
              275474.4934000019,
              469647.8200000003
            ],
            [
              275484.01450000051,
              469644.86800000258
            ],
            [
              275494.28870000411,
              469641.41960000247
            ],
            [
              275506.31910000276,
              469636.97990000062
            ],
            [
              275516.84210000094,
              469633.78299999982
            ],
            [
              275524.3685999997,
              469629.56980000064
            ],
            [
              275532.09060000163,
              469623.85669999942
            ],
            [
              275535.6305000037,
              469616.62089999951
            ],
            [
              275537.42600000091,
              469608.12519999966
            ],
            [
              275540.72890000325,
              469598.38670000434
            ],
            [
              275544.0409000013,
              469586.89709999971
            ],
            [
              275549.11310000066,
              469573.66579999961
            ],
            [
              275552.90710000042,
              469565.68080000207
            ],
            [
              275557.19620000012,
              469558.69910000078
            ],
            [
              275562.98739999998,
              469551.47499999776
            ],
            [
              275569.04050000384,
              469542.00100000203
            ],
            [
              275573.57580000069,
              469535.77100000158
            ],
            [
              275579.5429000007,
              469530.79920000397
            ],
            [
              275586.56650000345,
              469527.0837000031
            ],
            [
              275593.83630000148,
              469524.11999999918
            ],
            [
              275600.11470000073,
              469519.40000000224
            ],
            [
              275606.90130000282,
              469513.1817000024
            ],
            [
              275613.6838999996,
              469507.71389999986
            ],
            [
              275621.71860000025,
              469502.0025000032
            ],
            [
              275630.00470000226,
              469496.04230000079
            ],
            [
              275636.27660000231,
              469492.57300000079
            ],
            [
              275639.5428000018,
              469489.83840000071
            ],
            [
              275643.31329999864,
              469486.35600000061
            ],
            [
              275647.84329999983,
              469481.12659999914
            ],
            [
              275652.63790000323,
              469473.14689999819
            ],
            [
              275656.66889999993,
              469467.66469999962
            ],
            [
              275661.45040000044,
              469462.18640000187
            ],
            [
              275666.9355000006,
              469453.71000000276
            ],
            [
              275672.24349999987,
              469443.23149999976
            ],
            [
              275676.78920000046,
              469435.00039999932
            ],
            [
              275680.33570000343,
              469426.51380000263
            ],
            [
              275682.62620000169,
              469419.02130000107
            ],
            [
              275685.41440000013,
              469412.03170000389
            ],
            [
              275688.70160000026,
              469405.29490000382
            ],
            [
              275692.2415000014,
              469398.05910000391
            ],
            [
              275697.27580000274,
              469392.08180000074
            ],
            [
              275703.30540000275,
              469387.11040000245
            ],
            [
              275707.8367000008,
              469381.63080000319
            ],
            [
              275712.87879999913,
              469374.15269999765
            ],
            [
              275715.60709999967,
              469366.66250000149
            ],
            [
              275718.64940000232,
              469358.92370000109
            ],
            [
              275723.45310000144,
              469349.19300000183
            ],
            [
              275727.50120000355,
              469340.45900000259
            ],
            [
              275730.79100000113,
              469333.22190000117
            ],
            [
              275737.10210000072,
              469322.24830000103
            ],
            [
              275742.65100000333,
              469313.52210000157
            ],
            [
              275746.93750000093,
              469307.04060000181
            ],
            [
              275750.70920000132,
              469303.30810000002
            ],
            [
              275755.72910000011,
              469300.08239999972
            ],
            [
              275761.25580000039,
              469295.60860000364
            ],
            [
              275763.77160000056,
              469292.8702000007
            ],
            [
              275768.5156000033,
              469293.88639999926
            ],
            [
              275771.23550000228,
              469297.08500000089
            ],
            [
              275772.47030000295,
              469303.67210000008
            ],
            [
              275772.91440000013,
              469314.43080000021
            ],
            [
              275773.10960000195,
              469324.93810000084
            ],
            [
              275772.7901000008,
              469338.19439999945
            ],
            [
              275770.98800000083,
              469347.94080000184
            ],
            [
              275769.42700000387,
              469359.43950000405
            ],
            [
              275768.63080000132,
              469368.19050000235
            ],
            [
              275766.59559999965,
              469374.68380000442
            ],
            [
              275766.55250000209,
              469382.93850000016
            ],
            [
              275765.75620000158,
              469391.68960000202
            ],
            [
              275766.21470000129,
              469399.69670000114
            ],
            [
              275767.43139999919,
              469406.20700000413
            ],
            [
              275766.86960000079,
              469417.96110000275
            ],
            [
              275766.30390000064,
              469430.46560000256
            ],
            [
              275766.74920000136,
              469440.97419999912
            ],
            [
              275767.69089999888,
              469452.23579999991
            ],
            [
              275769.12770000007,
              469464.50070000254
            ],
            [
              275771.32010000106,
              469475.76890000142
            ],
            [
              275775.52150000166,
              469485.54670000449
            ],
            [
              275778.71569999866,
              469496.56990000233
            ],
            [
              275781.9243999999,
              469504.84170000441
            ],
            [
              275786.1389000034,
              469512.11800000072
            ],
            [
              275793.09970000014,
              469520.40940000303
            ],
            [
              275798.3200000003,
              469526.69040000439
            ],
            [
              275803.28099999949,
              469534.72110000439
            ],
            [
              275804.74000000209,
              469542.73359999992
            ],
            [
              275804.44799999986,
              469550.73680000193
            ],
            [
              275804.1389000006,
              469561.99190000072
            ],
            [
              275803.84300000034,
              469570.74560000189
            ],
            [
              275804.30929999985,
              469577.25190000422
            ],
            [
              275806.79500000179,
              469580.26670000143
            ],
            [
              275810.54320000019,
              469581.03680000082
            ],
            [
              275814.81260000169,
              469577.80720000155
            ],
            [
              275818.10510000028,
              469570.0698000025
            ],
            [
              275823.39210000075,
              469563.59350000136
            ],
            [
              275830.67890000064,
              469557.37790000066
            ],
            [
              275839.71280000079,
              469551.92190000229
            ],
            [
              275848.74940000288,
              469545.96550000273
            ],
            [
              275855.76779999956,
              469543.25060000084
            ],
            [
              275861.79210000113,
              469539.27970000356
            ],
            [
              275865.12350000069,
              469536.04520000145
            ],
            [
              275866.15020000283,
              469531.0476000011
            ],
            [
              275868.2024000017,
              469521.30250000022
            ],
            [
              275872.50060000364,
              469512.56979999878
            ],
            [
              275877.78760000132,
              469506.09350000322
            ],
            [
              275884.3358000014,
              469497.62270000204
            ],
            [
              275891.62270000018,
              469491.40710000135
            ],
            [
              275898.15649999958,
              469485.68780000135
            ],
            [
              275905.43290000129,
              469481.47330000065
            ],
            [
              275912.46040000208,
              469477.00740000047
            ],
            [
              275920.24749999959,
              469470.79439999908
            ],
            [
              275928.04250000324,
              469463.08050000109
            ],
            [
              275933.07150000148,
              469458.10380000435
            ],
            [
              275938.60210000165,
              469452.8796000015
            ],
            [
              275943.64690000098,
              469444.9012000002
            ],
            [
              275947.94510000199,
              469436.16849999875
            ],
            [
              275953.67769999988,
              469428.19370000437
            ],
            [
              275960.737900001,
              469417.47419999912
            ],
            [
              275966.53309999872,
              469409.49970000051
            ],
            [
              275974.82970000152,
              469401.53830000386
            ],
            [
              275981.35690000281,
              469397.06980000064
            ],
            [
              275989.39030000381,
              469391.60850000009
            ],
            [
              275995.67260000017,
              469386.1381000001
            ],
            [
              276001.46650000103,
              469378.41369999945
            ],
            [
              276005.51190000027,
              469370.1799999997
            ],
            [
              276011.29400000069,
              469364.70690000243
            ],
            [
              276015.26770000346,
              469358.22380000167
            ],
            [
              276021.03020000178,
              469356.5028999988
            ],
            [
              276027.31120000035,
              469351.28260000423
            ],
            [
              276034.61120000016,
              469342.56560000218
            ],
            [
              276042.14680000301,
              469336.60139999911
            ],
            [
              276049.94049999956,
              469329.13770000264
            ],
            [
              276056.48080000281,
              469322.16770000011
            ],
            [
              276059.27300000004,
              469314.42770000175
            ],
            [
              276064.56909999996,
              469306.20040000416
            ],
            [
              276072.86440000031,
              469298.48920000531
            ],
            [
              276081.65340000205,
              469292.03130000457
            ],
            [
              276087.93710000254,
              469286.31070000306
            ],
            [
              276096.72349999938,
              469280.35309999995
            ],
            [
              276103.50220000278,
              469275.63570000231
            ],
            [
              276110.38500000257,
              469274.92119999975
            ],
            [
              276116.1540000001,
              469271.94959999993
            ],
            [
              276122.43900000211,
              469265.97890000232
            ],
            [
              276130.46580000035,
              469261.76830000058
            ],
            [
              276137.75390000083,
              469255.30260000005
            ],
            [
              276145.29480000399,
              469248.33780000173
            ],
            [
              276152.83440000005,
              469241.6232000012
            ],
            [
              276159.61710000038,
              469236.15540000238
            ],
            [
              276166.93269999884,
              469224.43660000153
            ],
            [
              276170.97690000106,
              469216.45299999975
            ],
            [
              276176.76549999975,
              469209.72920000367
            ],
            [
              276184.56960000005,
              469200.26439999975
            ],
            [
              276191.59850000124,
              469195.54829999991
            ],
            [
              276199.1276000021,
              469190.83479999937
            ],
            [
              276205.16110000387,
              469185.11290000007
            ],
            [
              276211.9411000004,
              469180.1454000026
            ],
            [
              276219.23450000118,
              469172.67909999937
            ],
            [
              276226.77940000128,
              469164.96389999799
            ],
            [
              276232.43630000111,
              469159.49019999988
            ],
            [
              276237.22830000054,
              469152.01080000214
            ],
            [
              276243.252700001,
              469148.03989999928
            ],
            [
              276250.52380000055,
              469144.82600000314
            ],
            [
              276257.80109999981,
              469140.44430000149
            ],
            [
              276262.57910000067,
              469135.63350000232
            ],
            [
              276269.11020000186,
              469130.41449999996
            ],
            [
              276277.63210000191,
              469127.2071000021
            ],
            [
              276286.65820000134,
              469123.2519000005
            ],
            [
              276297.42870000098,
              469120.55659999885
            ],
            [
              276308.45199999865,
              469117.36229999922
            ],
            [
              276323.47759999987,
              469114.18899999931
            ],
            [
              276333.23309999984,
              469114.24000000022
            ],
            [
              276346.73300000001,
              469115.8115000017
            ],
            [
              276355.72640000004,
              469118.1099000033
            ],
            [
              276363.20840000175,
              469122.40159999952
            ],
            [
              276375.67370000388,
              469130.47149999999
            ],
            [
              276384.8897000039,
              469138.02420000173
            ],
            [
              276391.84530000016,
              469147.3161000032
            ],
            [
              276396.29810000118,
              469156.8451000005
            ],
            [
              276403.0193000026,
              469163.13399999961
            ],
            [
              276408.23040000349,
              469171.16600000113
            ],
            [
              276414.70140000153,
              469177.45360000432
            ],
            [
              276421.90720000211,
              469186.74690000154
            ],
            [
              276429.38659999985,
              469191.53880000301
            ],
            [
              276434.24870000128,
              469194.56600000151
            ],
            [
              276444.49930000398,
              469195.62020000257
            ],
            [
              276450.74890000187,
              469196.40340000018
            ],
            [
              276463.26650000084,
              469194.46770000085
            ],
            [
              276473.77380000055,
              469194.27250000462
            ],
            [
              276485.79510000255,
              469191.58370000124
            ],
            [
              276497.56880000141,
              469188.39330000244
            ],
            [
              276505.83920000121,
              469185.43480000272
            ],
            [
              276514.37810000405,
              469178.97560000047
            ],
            [
              276521.66100000031,
              469173.51040000096
            ],
            [
              276528.71599999908,
              469163.79140000232
            ],
            [
              276531.75829999987,
              469156.05269999988
            ],
            [
              276536.55940000154,
              469146.82230000198
            ],
            [
              276541.35270000249,
              469139.09270000271
            ],
            [
              276547.14780000038,
              469131.11820000224
            ],
            [
              276556.19089999981,
              469123.91119999811
            ],
            [
              276564.7350000022,
              469116.4514000006
            ],
            [
              276572.03360000346,
              469107.98450000212
            ],
            [
              276578.31470000092,
              469102.76420000382
            ],
            [
              276585.08560000081,
              469099.54759999923
            ],
            [
              276594.35520000104,
              469096.84450000338
            ],
            [
              276602.50580000039,
              469092.88470000029
            ],
            [
              276609.04220000189,
              469086.66510000266
            ],
            [
              276613.081100001,
              469079.68209999986
            ],
            [
              276619.11600000411,
              469073.71000000276
            ],
            [
              276628.41570000071,
              469065.2536000032
            ],
            [
              276636.95460000355,
              469058.79440000094
            ],
            [
              276644.5007000016,
              469050.82900000177
            ],
            [
              276651.28860000335,
              469044.36060000025
            ],
            [
              276658.82819999941,
              469037.64599999972
            ],
            [
              276663.87030000053,
              469030.16789999977
            ],
            [
              276669.67460000049,
              469020.44239999913
            ],
            [
              276673.98460000008,
              469009.45839999989
            ],
            [
              276675.77090000361,
              469002.71370000578
            ],
            [
              276678.55910000205,
              468995.72409999929
            ],
            [
              276681.21569999959,
              468989.98450000398
            ],
            [
              276687.5111999996,
              468982.01270000264
            ],
            [
              276694.54660000093,
              468976.04590000398
            ],
            [
              276703.31860000268,
              468972.83980000205
            ],
            [
              276711.10310000274,
              468967.12710000388
            ],
            [
              276716.13210000098,
              468962.15040000156
            ],
            [
              276720.92540000286,
              468954.42080000043
            ],
            [
              276725.97660000063,
              468945.19170000032
            ],
            [
              276729.80070000142,
              468931.45350000076
            ],
            [
              276733.60910000093,
              468920.71690000221
            ],
            [
              276736.17200000398,
              468908.97330000252
            ],
            [
              276739.72109999973,
              468899.98650000244
            ],
            [
              276745.64139999915,
              468892.01270000264
            ],
            [
              276755.44930000138,
              468882.05800000019
            ],
            [
              276759.99500000011,
              468873.82679999992
            ],
            [
              276764.04310000129,
              468865.09270000271
            ],
            [
              276769.08520000055,
              468857.61460000277
            ],
            [
              276773.13060000166,
              468849.38079999946
            ],
            [
              276779.43520000111,
              468839.65800000168
            ],
            [
              276787.97539999988,
              468832.94860000163
            ],
            [
              276795.26360000297,
              468826.48279999942
            ],
            [
              276807.06210000254,
              468818.53969999962
            ],
            [
              276817.58910000138,
              468814.59240000695
            ],
            [
              276829.86830000207,
              468810.40399999917
            ],
            [
              276839.64090000093,
              468807.20320000127
            ],
            [
              276851.41199999955,
              468804.51310000382
            ],
            [
              276865.66750000324,
              468805.08800000325
            ],
            [
              276875.92210000008,
              468805.39170000143
            ],
            [
              276889.42060000077,
              468807.21340000257
            ]
          ]
        ]
      }
    },
    {
      "attributes" : {
        "FID" : 1,
        "PMNTN_SN" : 31912,
        "MNTN_CODE" : "437601501",
        "MNTN_NM" : "성불산",
        "PMNTN_NM" : "오성리구간",
        "PMNTN_MAIN" : " ",
        "PMNTN_LT" : 1.61,
        "PMNTN_DFFL" : "쉬움",
        "PMNTN_UPPL" : 60,
        "PMNTN_GODN" : 42,
        "PMNTN_MTRQ" : " ",
        "PMNTN_CNRL" : " ",
        "PMNTN_CLS_" : " ",
        "PMNTN_RISK" : " ",
        "PMNTN_RECO" : " ",
        "DATA_STDR_" : "2016-12-31",
        "MNTN_ID" : "437601501"
      },
      "geometry" : {
        "paths" : [
          [
            [
              276889.42060000077,
              468807.21340000257
            ],
            [
              276889.56600000244,
              468799.94480000064
            ],
            [
              276887.85560000129,
              468792.18119999953
            ],
            [
              276887.14050000254,
              468785.42339999974
            ],
            [
              276887.18370000087,
              468777.16870000213
            ],
            [
              276885.21920000296,
              468770.15420000441
            ],
            [
              276881.01250000019,
              468761.37700000033
            ],
            [
              276874.80080000404,
              468753.33970000036
            ],
            [
              276872.59790000133,
              468744.07259999961
            ],
            [
              276872.14210000262,
              468735.56520000659
            ],
            [
              276870.68440000247,
              468727.30260000192
            ],
            [
              276867.2229999993,
              468719.52980000153
            ],
            [
              276863.00980000105,
              468712.00329999998
            ],
            [
              276860.29610000178,
              468704.73480000719
            ],
            [
              276855.83939999994,
              468695.95620000176
            ],
            [
              276851.86589999963,
              468690.43220000342
            ],
            [
              276846.39670000412,
              468683.89970000088
            ],
            [
              276840.17450000066,
              468677.86350000091
            ],
            [
              276832.69640000071,
              468672.82140000165
            ],
            [
              276824.2033000011,
              468670.52569999918
            ],
            [
              276818.21949999966,
              468666.74210000411
            ],
            [
              276814.49360000156,
              468661.71969999932
            ],
            [
              276808.01730000228,
              468656.43260000274
            ],
            [
              276800.54180000257,
              468650.89030000009
            ],
            [
              276794.55669999961,
              468647.35690000281
            ],
            [
              276788.31749999989,
              468644.57259999961
            ],
            [
              276783.59100000095,
              468639.54490000196
            ],
            [
              276781.7332000006,
              468636.03310000338
            ],
            [
              276777.75050000008,
              468632.26000000164
            ],
            [
              276770.00400000066,
              468630.71860000119
            ],
            [
              276761.76360000018,
              468627.92380000092
            ],
            [
              276756.04040000122,
              468622.14050000161
            ],
            [
              276751.57840000279,
              468614.36250000075
            ],
            [
              276750.61840000283,
              468606.60280000232
            ],
            [
              276752.15720000211,
              468599.35649999976
            ],
            [
              276752.43349999934,
              468594.35500000231
            ],
            [
              276753.72080000117,
              468587.35749999993
            ],
            [
              276754.02589999977,
              468576.85280000232
            ],
            [
              276754.07430000044,
              468567.59759999998
            ],
            [
              276752.8759000022,
              468557.58530000038
            ],
            [
              276750.66260000225,
              468550.31939999759
            ],
            [
              276745.18690000102,
              468545.03759999946
            ],
            [
              276740.96190000419,
              468539.76240000129
            ],
            [
              276736.49600000028,
              468532.73480000347
            ],
            [
              276731.77730000019,
              468526.20630000159
            ],
            [
              276726.31990000233,
              468517.42250000127
            ],
            [
              276719.35650000256,
              468509.63140000217
            ],
            [
              276712.14420000091,
              468501.58890000172
            ],
            [
              276708.93680000119,
              468493.0671000015
            ],
            [
              276706.71040000394,
              468488.30260000005
            ],
            [
              276701.23859999981,
              468482.27040000074
            ],
            [
              276696.02880000044,
              468473.98819999956
            ],
            [
              276690.11540000234,
              468468.70410000347
            ],
            [
              276680.88630000129,
              468463.65289999731
            ],
            [
              276673.41860000137,
              468456.60960000008
            ],
            [
              276662.70830000006,
              468447.7984000016
            ],
            [
              276652.73000000231,
              468442.49310000055
            ],
            [
              276644.97690000013,
              468442.20240000077
            ],
            [
              276639.46979999915,
              468442.92400000058
            ],
            [
              276633.35180000216,
              468440.89079999924
            ],
            [
              276627.86700000055,
              468437.36000000127
            ],
            [
              276621.38550000358,
              468433.07359999977
            ],
            [
              276611.89580000099,
              468430.0222000014
            ],
            [
              276603.90950000286,
              468426.47830000147
            ],
            [
              276595.92450000253,
              468422.68430000171
            ],
            [
              276587.94879999943,
              468417.13929999992
            ],
            [
              276579.47530000005,
              468411.09139999934
            ],
            [
              276570.73730000388,
              468407.79380000383
            ],
            [
              276560.99740000255,
              468404.74110000394
            ],
            [
              276553.25350000151,
              468402.69940000214
            ],
            [
              276544.01649999991,
              468399.14900000021
            ],
            [
              276535.52860000264,
              468395.85260000266
            ],
            [
              276529.26460000314,
              468397.82110000029
            ],
            [
              276521.48530000076,
              468402.53319999948
            ],
            [
              276512.97130000312,
              468404.23980000056
            ],
            [
              276505.95820000023,
              468405.9541000016
            ],
            [
              276496.70290000364,
              468405.9057
            ],
            [
              276486.9617000008,
              468403.10319999978
            ],
            [
              276478.95580000058,
              468403.31140000001
            ],
            [
              276470.58130000252,
              468402.26700000279
            ],
            [
              276464.34600000083,
              468398.73230000213
            ],
            [
              276459.11260000058,
              468394.95270000212
            ],
            [
              276452.87079999968,
              468392.66870000213
            ],
            [
              276446.87530000322,
              468391.13649999909
            ],
            [
              276444.64620000031,
              468386.87230000086
            ],
            [
              276438.65460000187,
              468384.58960000053
            ],
            [
              276433.64389999956,
              468386.06430000253
            ],
            [
              276426.63460000046,
              468387.02830000035
            ],
            [
              276419.13950000238,
              468385.23800000176
            ],
            [
              276413.15180000383,
              468382.20490000583
            ],
            [
              276405.92380000092,
              468377.16410000063
            ],
            [
              276403.18920000084,
              468373.89790000208
            ],
            [
              276397.45300000254,
              468370.61590000056
            ],
            [
              276393.96140000038,
              468368.59650000371
            ],
            [
              276389.96960000414,
              468366.57440000586
            ],
            [
              276381.97550000157,
              468364.53140000254
            ],
            [
              276376.24179999996,
              468360.7491999995
            ],
            [
              276372.27749999985,
              468353.47410000116
            ],
            [
              276370.03139999881,
              468352.4617999997
            ],
            [
              276365.54330000188,
              468349.68670000136
            ],
            [
              276356.06270000059,
              468344.88419999927
            ],
            [
              276349.84840000235,
              468337.34729999863
            ],
            [
              276344.11730000097,
              468333.06469999999
            ],
            [
              276337.88210000005,
              468329.52999999933
            ],
            [
              276329.64300000202,
              468326.48520000279
            ],
            [
              276323.83380000014,
              468325.20400000177
            ],
            [
              276317.07340000104,
              468326.41940000281
            ],
            [
              276310.07070000097,
              468326.13270000182
            ],
            [
              276304.32660000119,
              468324.3516000025
            ],
            [
              276297.81759999972,
              468325.3180999998
            ],
            [
              276291.5549000008,
              468327.0364000015
            ],
            [
              276285.2909000041,
              468329.00489999726
            ],
            [
              276278.03670000006,
              468328.96700000018
            ],
            [
              276273.0352000026,
              468328.69070000015
            ],
            [
              276263.5362999998,
              468327.39020000026
            ],
            [
              276254.28619999997,
              468326.34130000323
            ],
            [
              276249.54920000024,
              468323.31469999999
            ],
            [
              276240.04640000127,
              468322.76469999924
            ],
            [
              276232.28149999864,
              468324.72530000284
            ],
            [
              276223.26590000186,
              468326.67940000258
            ],
            [
              276214.99289999995,
              468330.13820000365
            ],
            [
              276208.22860000376,
              468332.10400000028
            ],
            [
              276198.45210000221,
              468336.05529999919
            ],
            [
              276189.67750000302,
              468339.76160000451
            ],
            [
              276181.65590000059,
              468342.97160000168
            ],
            [
              276174.13850000408,
              468345.4338000007
            ],
            [
              276167.6257000016,
              468347.15080000088
            ],
            [
              276158.85890000127,
              468349.35630000196
            ],
            [
              276151.10189999919,
              468349.81599999964
            ],
            [
              276141.60170000046,
              468348.76579999924
            ],
            [
              276132.85980000161,
              468346.21860000119
            ],
            [
              276125.56270000059,
              468342.42820000276
            ],
            [
              276118.0689000003,
              468340.38780000433
            ],
            [
              276111.83629999962,
              468336.35280000232
            ],
            [
              276100.34280000255,
              468333.79120000266
            ],
            [
              276093.08339999989,
              468334.753800001
            ],
            [
              276083.32919999957,
              468334.45270000212
            ],
            [
              276080.84210000187,
              468331.68799999915
            ],
            [
              276078.61959999893,
              468326.17310000211
            ],
            [
              276074.14580000099,
              468320.64640000276
            ],
            [
              276069.93660000153,
              468312.36950000189
            ],
            [
              276065.98010000121,
              468303.59359999932
            ],
            [
              276062.27630000003,
              468294.31870000251
            ],
            [
              276061.305800003,
              468288.56020000018
            ],
            [
              276060.58939999994,
              468282.05250000209
            ],
            [
              276055.11640000157,
              468276.27050000057
            ],
            [
              276050.14360000286,
              468270.49100000039
            ],
            [
              276048.92170000263,
              468264.98130000196
            ],
            [
              276048.95440000109,
              468258.72780000418
            ],
            [
              276049.49650000036,
              468250.72580000013
            ],
            [
              276049.54880000092,
              468240.72010000236
            ],
            [
              276051.83669999987,
              468233.72790000029
            ],
            [
              276053.62439999916,
              468226.73310000263
            ],
            [
              276058.89829999954,
              468222.75819999911
            ],
            [
              276063.15990000032,
              468221.02950000018
            ],
            [
              276069.67270000093,
              468219.3125
            ],
            [
              276074.18840000033,
              468216.83459999971
            ],
            [
              276080.21399999969,
              468212.6136000026
            ],
            [
              276083.24189999979,
              468207.62640000135
            ],
            [
              276085.52460000105,
              468201.63480000384
            ],
            [
              276087.30170000158,
              468196.64110000059
            ],
            [
              276090.34659999982,
              468188.40210000239
            ],
            [
              276094.64480000082,
              468179.66930000298
            ],
            [
              276099.44849999994,
              468169.93860000186
            ],
            [
              276105.25150000211,
              468160.4633000046
            ],
            [
              276109.05990000255,
              468149.72670000233
            ],
            [
              276111.11860000156,
              468138.73090000264
            ],
            [
              276116.401700004,
              468133.00510000065
            ],
            [
              276122.94460000098,
              468125.53480000049
            ],
            [
              276127.98929999955,
              468117.55639999919
            ],
            [
              276131.54370000027,
              468107.56900000386
            ],
            [
              276133.84600000363,
              468097.82520000078
            ],
            [
              276133.41110000014,
              468085.31550000049
            ],
            [
              276132.21140000131,
              468075.55339999869
            ],
            [
              276130.74450000096,
              468069.04179999977
            ],
            [
              276128.78000000305,
              468062.02740000188
            ],
            [
              276127.8095000023,
              468056.26890000328
            ],
            [
              276130.09220000077,
              468050.27720000036
            ],
            [
              276134.87239999976,
              468045.04910000041
            ],
            [
              276140.14890000131,
              468040.57399999909
            ],
            [
              276145.17399999965,
              468036.34770000167
            ],
            [
              276149.94629999995,
              468032.62040000223
            ],
            [
              276155.20980000123,
              468030.64670000039
            ],
            [
              276156.98429999966,
              468026.15330000035
            ],
            [
              276154.50779999979,
              468021.38750000112
            ],
            [
              276150.79750000127,
              468013.36329999939
            ],
            [
              276145.33229999989,
              468006.08040000126
            ],
            [
              276139.10220000055,
              468001.54520000145
            ],
            [
              276132.36540000048,
              467998.25799999945
            ],
            [
              276129.14230000321,
              467992.73790000379
            ],
            [
              276130.67850000225,
              467985.99190000258
            ],
            [
              276134.71480000019,
              467979.50909999944
            ],
            [
              276136.49850000069,
              467973.26470000297
            ],
            [
              276140.17030000035,
              467967.5178999994
            ],
            [
              276148.30750000011,
              467963.32039999962
            ],
            [
              276155.337600003,
              467958.35419999994
            ],
            [
              276158.7863000026,
              467956.62120000087
            ],
            [
              276163.56380000059,
              467951.89330000058
            ],
            [
              276167.34080000035,
              467947.16019999981
            ],
            [
              276169.87490000296,
              467940.91970000044
            ],
            [
              276169.65100000147,
              467935.91559999995
            ],
            [
              276167.17440000176,
              467931.14980000071
            ],
            [
              276162.69800000172,
              467926.12340000086
            ],
            [
              276157.7304000007,
              467919.34339999966
            ],
            [
              276153.50680000149,
              467913.8180000037
            ],
            [
              276151.79889999982,
              467905.55410000123
            ],
            [
              276151.33270000014,
              467899.04779999889
            ],
            [
              276152.59650000092,
              467896.55289999954
            ]
          ]
        ]
      }
    },
    {
      "attributes" : {
        "FID" : 2,
        "PMNTN_SN" : 31913,
        "MNTN_CODE" : "437601501",
        "MNTN_NM" : "성불산",
        "PMNTN_NM" : "광전리구간",
        "PMNTN_MAIN" : " ",
        "PMNTN_LT" : 2.08,
        "PMNTN_DFFL" : "쉬움",
        "PMNTN_UPPL" : 78,
        "PMNTN_GODN" : 55,
        "PMNTN_MTRQ" : " ",
        "PMNTN_CNRL" : " ",
        "PMNTN_CLS_" : " ",
        "PMNTN_RISK" : " ",
        "PMNTN_RECO" : " ",
        "DATA_STDR_" : "2016-12-31",
        "MNTN_ID" : "437601501"
      },
      "geometry" : {
        "paths" : [
          [
            [
              276889.42060000077,
              468807.21340000257
            ],
            [
              276894.88710000273,
              468814.24620000087
            ],
            [
              276899.36620000377,
              468818.77229999937
            ],
            [
              276906.85870000347,
              468821.06279999763
            ],
            [
              276915.85329999961,
              468823.1110999994
            ],
            [
              276926.61209999956,
              468822.66699999943
            ],
            [
              276936.61260000058,
              468823.71990000084
            ],
            [
              276945.86400000192,
              468824.51880000159
            ],
            [
              276956.34900000133,
              468828.57599999942
            ],
            [
              276968.32320000231,
              468834.89230000228
            ],
            [
              276976.53080000076,
              468843.94070000015
            ],
            [
              276983.73920000158,
              468852.73360000178
            ],
            [
              276989.44799999986,
              468861.2685000021
            ],
            [
              276995.2324000001,
              468867.30239999853
            ],
            [
              277003.19250000175,
              468875.84909999929
            ],
            [
              277013.4104000004,
              468883.15690000169
            ],
            [
              277020.8794000037,
              468889.95000000112
            ],
            [
              277026.84619999956,
              468896.98540000431
            ],
            [
              277036.56769999955,
              468903.5401000008
            ],
            [
              277046.02610000316,
              468912.59500000067
            ],
            [
              277052.97510000039,
              468923.13760000654
            ],
            [
              277058.94190000091,
              468930.17300000042
            ],
            [
              277065.81930000335,
              468942.46630000137
            ],
            [
              277070.01550000161,
              468953.24469999969
            ],
            [
              277071.46530000307,
              468963.00810000114
            ],
            [
              277074.91890000179,
              468972.28170000017
            ],
            [
              277079.61140000075,
              468983.8132000044
            ],
            [
              277086.81720000133,
              468993.10640000366
            ],
            [
              277095.78569999989,
              469000.15750000067
            ],
            [
              277107.00290000159,
              469007.72069999948
            ],
            [
              277120.47790000029,
              469014.04490000196
            ],
            [
              277130.94070000015,
              469022.35450000688
            ],
            [
              277142.41590000317,
              469028.41820000112
            ],
            [
              277149.38850000128,
              469034.45820000023
            ],
            [
              277159.35500000417,
              469042.01479999907
            ],
            [
              277166.82789999899,
              469048.05750000104
            ],
            [
              277178.55840000417,
              469053.12189999782
            ],
            [
              277185.80340000242,
              469054.91080000252
            ],
            [
              277193.5539000025,
              469055.70179999992
            ],
            [
              277201.4439000003,
              469053.74180000275
            ],
            [
              277212.20919999946,
              469052.04710000195
            ],
            [
              277227.46920000017,
              469051.87680000439
            ],
            [
              277237.96740000043,
              469053.43260000274
            ],
            [
              277247.95350000076,
              469057.23700000159
            ],
            [
              277256.18730000034,
              469061.28250000253
            ],
            [
              277265.92980000097,
              469063.83500000276
            ],
            [
              277274.91529999953,
              469067.63419999927
            ],
            [
              277284.40370000061,
              469070.93579999916
            ],
            [
              277297.89699999988,
              469073.75799999945
            ],
            [
              277304.38110000081,
              469077.54410000145
            ],
            [
              277315.3757000016,
              469079.85300000012
            ],
            [
              277327.61699999962,
              469082.91880000383
            ],
            [
              277338.83409999963,
              469090.48200000264
            ],
            [
              277343.55550000258,
              469096.51030000113
            ],
            [
              277351.04270000011,
              469099.80140000209
            ],
            [
              277360.04140000045,
              469101.09920000099
            ],
            [
              277368.16580000054,
              469102.14230000041
            ],
            [
              277377.14740000013,
              469106.69189999998
            ],
            [
              277385.62610000093,
              469111.73930000141
            ],
            [
              277392.10360000189,
              469116.7762000002
            ],
            [
              277398.58640000038,
              469120.8125
            ],
            [
              277405.82220000029,
              469124.35239999928
            ],
            [
              277414.56149999984,
              469127.39990000054
            ],
            [
              277423.0625,
              469128.19480000064
            ],
            [
              277429.2964000022,
              469131.97969999723
            ],
            [
              277435.77010000218,
              469137.76700000279
            ],
            [
              277440.99039999954,
              469144.04800000042
            ],
            [
              277447.22169999965,
              469148.33320000023
            ],
            [
              277452.21410000045,
              469150.36050000042
            ],
            [
              277457.95170000196,
              469153.39230000228
            ],
            [
              277465.93660000153,
              469157.18630000204
            ],
            [
              277474.68120000325,
              469159.23320000246
            ],
            [
              277480.92040000018,
              469162.01750000194
            ],
            [
              277487.16480000131,
              469163.80120000057
            ],
            [
              277494.15050000232,
              469167.33990000188
            ],
            [
              277503.37040000223,
              469174.14210000262
            ],
            [
              277512.33110000286,
              469182.69409999996
            ],
            [
              277517.55930000357,
              469187.47430000454
            ],
            [
              277523.58860000037,
              469194.50999999978
            ],
            [
              277529.56450000033,
              469199.79440000281
            ],
            [
              277535.30080000218,
              469203.07640000246
            ],
            [
              277542.54060000088,
              469205.86590000056
            ],
            [
              277550.7862000009,
              469207.66010000184
            ],
            [
              277560.0336000016,
              469209.20930000208
            ],
            [
              277570.02750000171,
              469211.5129000023
            ],
            [
              277582.77180000301,
              469214.08110000193
            ],
            [
              277591.26750000007,
              469215.87660000101
            ],
            [
              277600.26740000118,
              469216.92420000024
            ],
            [
              277607.99959999882,
              469221.21719999984
            ],
            [
              277614.24530000053,
              469222.75080000423
            ],
            [
              277624.48550000321,
              469225.80620000325
            ],
            [
              277635.21680000238,
              469230.61510000378
            ],
            [
              277646.9551999988,
              469234.17860000394
            ],
            [
              277657.45200000051,
              469235.98460000008
            ],
            [
              277670.70440000109,
              469237.05450000241
            ],
            [
              277675.19519999996,
              469239.3292999994
            ],
            [
              277680.42459999863,
              469243.85940000229
            ],
            [
              277688.14240000118,
              469250.90389999934
            ],
            [
              277693.36010000296,
              469257.68530000187
            ],
            [
              277698.58170000277,
              469263.71619999968
            ],
            [
              277703.05940000061,
              469268.4924999997
            ],
            [
              277707.40820000041,
              469274.0185000021
            ],
            [
              277715.13640000205,
              469279.06189999916
            ],
            [
              277725.60970000178,
              469285.37040000223
            ],
            [
              277736.10140000004,
              469288.17700000107
            ],
            [
              277746.35979999974,
              469287.73030000366
            ],
            [
              277753.88240000047,
              469284.2675999999
            ],
            [
              277759.89900000114,
              469281.7974999994
            ],
            [
              277766.66330000199,
              469279.83170000277
            ],
            [
              277775.93170000147,
              469277.37870000117
            ],
            [
              277782.45629999973,
              469273.41040000319
            ],
            [
              277789.97890000045,
              469269.94769999944
            ],
            [
              277796.48140000273,
              469270.23179999925
            ],
            [
              277803.46700000018,
              469273.77050000057
            ],
            [
              277808.44240000285,
              469279.04959999956
            ],
            [
              277814.94220000133,
              469279.83410000056
            ],
            [
              277821.44200000074,
              469280.61850000173
            ],
            [
              277829.67709999997,
              469284.41379999928
            ],
            [
              277831.67040000018,
              469285.92520000413
            ],
            [
              277836.67459999863,
              469285.70120000094
            ],
            [
              277842.43570000026,
              469284.23040000349
            ],
            [
              277850.45600000117,
              469281.27060000226
            ],
            [
              277853.20760000125,
              469281.28500000201
            ],
            [
              277860.02920000255,
              469280.32000000216
            ],
            [
              277866.03270000033,
              469280.35140000284
            ],
            [
              277872.77740000188,
              469282.13780000061
            ],
            [
              277879.76960000396,
              469284.42569999769
            ],
            [
              277887.74930000119,
              469289.22030000202
            ],
            [
              277893.97670000046,
              469294.25589999929
            ],
            [
              277899.69209999964,
              469301.54010000452
            ],
            [
              277906.14479999989,
              469311.32970000245
            ],
            [
              277908.85059999954,
              469320.09909999743
            ],
            [
              277913.29690000135,
              469330.87879999913
            ],
            [
              277916.00660000276,
              469338.89780000225
            ],
            [
              277920.46210000105,
              469347.92650000006
            ],
            [
              277922.42140000127,
              469355.94150000252
            ],
            [
              277924.62289999984,
              469365.45869999938
            ],
            [
              277924.58630000148,
              469372.4627000019
            ],
            [
              277923.31589999981,
              469376.20839999989
            ],
            [
              277918.78590000141,
              469381.43780000135
            ],
            [
              277917.00090000033,
              469387.93240000121
            ],
            [
              277916.71539999917,
              469394.68490000442
            ],
            [
              277913.41779999994,
              469403.42290000245
            ],
            [
              277911.62620000076,
              469411.16820000112
            ],
            [
              277909.3395999996,
              469417.91029999964
            ],
            [
              277908.05620000232,
              469424.15730000101
            ],
            [
              277906.77400000207,
              469430.15420000255
            ],
            [
              277909.24540000223,
              469435.92060000077
            ],
            [
              277909.71030000318,
              469442.67710000463
            ],
            [
              277908.67839999963,
              469448.67530000396
            ],
            [
              277910.64420000184,
              469455.43960000202
            ],
            [
              277914.1239000028,
              469459.71040000208
            ],
            [
              277918.58470000327,
              469467.73850000091
            ],
            [
              277920.29380000103,
              469475.75229999982
            ],
            [
              277923.24320000038,
              469485.77370000072
            ],
            [
              277922.45870000403,
              469492.2734999992
            ],
            [
              277919.67839999963,
              469497.76220000163
            ],
            [
              277917.14550000057,
              469503.75260000117
            ],
            [
              277917.12070000079,
              469508.50530000217
            ],
            [
              277917.59219999984,
              469514.01110000163
            ],
            [
              277916.29829999991,
              469522.25930000097
            ],
            [
              277914.27750000078,
              469526.00090000033
            ],
            [
              277912.5017000027,
              469530.74450000189
            ],
            [
              277912.47290000226,
              469536.24760000035
            ],
            [
              277912.19919999968,
              469540.74890000373
            ],
            [
              277911.42260000203,
              469545.74789999984
            ],
            [
              277911.63480000105,
              469553.00329999998
            ],
            [
              277909.09670000244,
              469559.99420000054
            ],
            [
              277909.06659999955,
              469565.74750000052
            ],
            [
              277910.78100000042,
              469572.76070000418
            ],
            [
              277907.98360000178,
              469581.50130000338
            ],
            [
              277904.95570000075,
              469586.48850000277
            ],
            [
              277898.68379999977,
              469589.95780000091
            ],
            [
              277891.1743000038,
              469590.91910000145
            ],
            [
              277885.40920000151,
              469593.14030000195
            ],
            [
              277883.63730000053,
              469597.13340000063
            ],
            [
              277879.84979999997,
              469603.86769999936
            ],
            [
              277876.55610000063,
              469611.85520000383
            ],
            [
              277876.51820000261,
              469619.10940000042
            ],
            [
              277879.23570000101,
              469625.62750000134
            ],
            [
              277884.19930000138,
              469633.15800000355
            ],
            [
              277887.92140000034,
              469638.9309000019
            ],
            [
              277891.6500000013,
              469643.45309999958
            ],
            [
              277897.87080000155,
              469649.73939999938
            ],
            [
              277908.84570000041,
              469655.80040000007
            ],
            [
              277918.57120000292,
              469661.60469999909
            ],
            [
              277920.78200000152,
              469669.37089999951
            ],
            [
              277924.2198000038,
              469681.64619999938
            ],
            [
              277927.41680000257,
              469692.16930000298
            ],
            [
              277929.62750000227,
              469699.9355000034
            ],
            [
              277933.09940000344,
              469705.70710000023
            ],
            [
              277938.56590000074,
              469712.73990000039
            ],
            [
              277944.04160000011,
              469718.02170000225
            ],
            [
              277951.03640000243,
              469719.80929999985
            ],
            [
              277959.54130000062,
              469719.85380000621
            ],
            [
              277966.30430000089,
              469718.1381000001
            ],
            [
              277972.55010000337,
              469719.67170000263
            ],
            [
              277973.78770000208,
              469722.17970000207
            ],
            [
              277973.51790000126,
              469725.93050000072
            ],
            [
              277974.23819999956,
              469731.68770000152
            ],
            [
              277973.96059999987,
              469736.93940000236
            ],
            [
              277976.1714000022,
              469744.70560000651
            ],
            [
              277980.14750000276,
              469749.7293999996
            ],
            [
              277984.37240000069,
              469755.00469999947
            ],
            [
              277990.08250000142,
              469763.28949999996
            ],
            [
              277995.79660000186,
              469770.82389999926
            ],
            [
              278002.5007000016,
              469780.36470000073
            ],
            [
              278008.22130000032,
              469786.6483000014
            ],
            [
              278012.69250000082,
              469792.6753000021
            ],
            [
              278019.16349999979,
              469798.96289999969
            ],
            [
              278024.25740000047,
              469805.49350000173
            ],
            [
              278026.47599999979,
              469811.75880000181
            ],
            [
              278027.43860000093,
              469819.01820000261
            ],
            [
              278026.40010000113,
              469826.26710000075
            ],
            [
              278025.35500000045,
              469834.76680000126
            ],
            [
              278025.56589999981,
              469842.2723999992
            ],
            [
              278025.27390000224,
              469850.27569999918
            ],
            [
              278026.23790000286,
              469857.28490000218
            ],
            [
              278027.46500000171,
              469861.79399999976
            ],
            [
              278030.95260000043,
              469864.56390000321
            ],
            [
              278035.94760000054,
              469866.09090000205
            ],
            [
              278040.7108000014,
              469864.11470000073
            ],
            [
              278048.24390000012,
              469858.65080000274
            ],
            [
              278054.26440000068,
              469855.43030000106
            ],
            [
              278060.5231999997,
              469854.46240000054
            ],
            [
              278068.78050000314,
              469854.00530000404
            ],
            [
              278078.7731999997,
              469856.55910000205
            ],
            [
              278089.01990000065,
              469858.36380000785
            ],
            [
              278101.75619999971,
              469862.43280000053
            ],
            [
              278109.73859999981,
              469866.72710000165
            ],
            [
              278121.17500000075,
              469871.26720000058
            ],
            [
              278130.4534,
              469875.84080000222
            ],
            [
              278137.6799999997,
              469881.13180000149
            ],
            [
              278142.65410000179,
              469886.66109999828
            ],
            [
              278145.62700000126,
              469892.18000000156
            ],
            [
              278150.83560000081,
              469900.71230000071
            ],
            [
              278155.56340000313,
              469905.48990000039
            ],
            [
              278161.05480000097,
              469907.76999999955
            ],
            [
              278167.04780000262,
              469909.80250000022
            ],
            [
              278173.80690000113,
              469908.83730000257
            ],
            [
              278180.07480000053,
              469906.11840000004
            ],
            [
              278183.38920000009,
              469906.13580000028
            ],
            [
              278188.63180000056,
              469908.16440000199
            ],
            [
              278194.1192000024,
              469911.19490000233
            ],
            [
              278199.10900000017,
              469913.72250000201
            ],
            [
              278209.07810000051,
              469920.77880000323
            ]
          ]
        ]
      }
    }
  ]
}