{
  "displayFieldName" : "",
  "fieldAliases" : {
    "FID" : "FID",
    "PMNTN_SPOT" : "PMNTN_SPOT",
    "MNTN_CODE" : "MNTN_CODE",
    "MANAGE_SP1" : "MANAGE_SP1",
    "MANAGE_SP2" : "MANAGE_SP2",
    "DETAIL_SPO" : "DETAIL_SPO",
    "ETC_MATTER" : "ETC_MATTER",
    "MNTN_NM" : "MNTN_NM",
    "PAST_SPOT_" : "PAST_SPOT_",
    "MNTN_ID" : "MNTN_ID"
  },
  "geometryType" : "esriGeometryPoint",
  "spatialReference" : {
    "wkt" : "PROJCS[\"PCS_ITRF2000_TM\",GEOGCS[\"GCS_ITRF_2000\",DATUM[\"D_ITRF_2000\",SPHEROID[\"GRS_1980\",6378137.0,298.257222101]],PRIMEM[\"Greenwich\",0.0],UNIT[\"Degree\",0.0174532925199433]],PROJECTION[\"Transverse_Mercator\"],PARAMETER[\"False_Easting\",200000.0],PARAMETER[\"False_Northing\",600000.0],PARAMETER[\"Central_Meridian\",127.0],PARAMETER[\"Scale_Factor\",1.0],PARAMETER[\"Latitude_Of_Origin\",38.0],UNIT[\"Meter\",1.0]]"
  },
  "fields" : [
    {
      "name" : "FID",
      "type" : "esriFieldTypeOID",
      "alias" : "FID"
    },
    {
      "name" : "PMNTN_SPOT",
      "type" : "esriFieldTypeDouble",
      "alias" : "PMNTN_SPOT"
    },
    {
      "name" : "MNTN_CODE",
      "type" : "esriFieldTypeString",
      "alias" : "MNTN_CODE",
      "length" : 9
    },
    {
      "name" : "MANAGE_SP1",
      "type" : "esriFieldTypeString",
      "alias" : "MANAGE_SP1",
      "length" : 2
    },
    {
      "name" : "MANAGE_SP2",
      "type" : "esriFieldTypeString",
      "alias" : "MANAGE_SP2",
      "length" : 50
    },
    {
      "name" : "DETAIL_SPO",
      "type" : "esriFieldTypeString",
      "alias" : "DETAIL_SPO",
      "length" : 200
    },
    {
      "name" : "ETC_MATTER",
      "type" : "esriFieldTypeString",
      "alias" : "ETC_MATTER",
      "length" : 200
    },
    {
      "name" : "MNTN_NM",
      "type" : "esriFieldTypeString",
      "alias" : "MNTN_NM",
      "length" : 50
    },
    {
      "name" : "PAST_SPOT_",
      "type" : "esriFieldTypeString",
      "alias" : "PAST_SPOT_",
      "length" : 14
    },
    {
      "name" : "MNTN_ID",
      "type" : "esriFieldTypeString",
      "alias" : "MNTN_ID",
      "length" : 10
    }
  ],
  "features" : [
    {
      "attributes" : {
        "FID" : 0,
        "PMNTN_SPOT" : 64829,
        "MNTN_CODE" : "442002401",
        "MANAGE_SP1" : "01",
        "MANAGE_SP2" : "시종점",
        "DETAIL_SPO" : "시종점",
        "ETC_MATTER" : " ",
        "MNTN_NM" : "영인산",
        "PAST_SPOT_" : "4420024010001",
        "MNTN_ID" : "442002401"
      },
      "geometry" : {
        "x" : 193325.48449999932,
        "y" : 472991.90479999967
      }
    },
    {
      "attributes" : {
        "FID" : 1,
        "PMNTN_SPOT" : 64830,
        "MNTN_CODE" : "442002401",
        "MANAGE_SP1" : "01",
        "MANAGE_SP2" : "시종점",
        "DETAIL_SPO" : "시종점",
        "ETC_MATTER" : " ",
        "MNTN_NM" : "영인산",
        "PAST_SPOT_" : "4420024010002",
        "MNTN_ID" : "442002401"
      },
      "geometry" : {
        "x" : 193510.9430000009,
        "y" : 471489.63000000082
      }
    },
    {
      "attributes" : {
        "FID" : 2,
        "PMNTN_SPOT" : 64831,
        "MNTN_CODE" : "442002401",
        "MANAGE_SP1" : "02",
        "MANAGE_SP2" : "분기점",
        "DETAIL_SPO" : "분기점",
        "ETC_MATTER" : " ",
        "MNTN_NM" : "영인산",
        "PAST_SPOT_" : "4420024010003",
        "MNTN_ID" : "442002401"
      },
      "geometry" : {
        "x" : 193984.07710000128,
        "y" : 471834.36199999973
      }
    },
    {
      "attributes" : {
        "FID" : 3,
        "PMNTN_SPOT" : 64832,
        "MNTN_CODE" : "442002401",
        "MANAGE_SP1" : "01",
        "MANAGE_SP2" : "시종점",
        "DETAIL_SPO" : "시종점",
        "ETC_MATTER" : " ",
        "MNTN_NM" : "영인산",
        "PAST_SPOT_" : "4420024010004",
        "MNTN_ID" : "442002401"
      },
      "geometry" : {
        "x" : 194084.30910000019,
        "y" : 470578.1071000006
      }
    },
    {
      "attributes" : {
        "FID" : 4,
        "PMNTN_SPOT" : 64833,
        "MNTN_CODE" : "442002401",
        "MANAGE_SP1" : "02",
        "MANAGE_SP2" : "분기점",
        "DETAIL_SPO" : "분기점",
        "ETC_MATTER" : " ",
        "MNTN_NM" : "영인산",
        "PAST_SPOT_" : "4420024010005",
        "MNTN_ID" : "442002401"
      },
      "geometry" : {
        "x" : 194113.28579999972,
        "y" : 471771.69769999944
      }
    },
    {
      "attributes" : {
        "FID" : 5,
        "PMNTN_SPOT" : 64834,
        "MNTN_CODE" : "442002401",
        "MANAGE_SP1" : "02",
        "MANAGE_SP2" : "분기점",
        "DETAIL_SPO" : "분기점",
        "ETC_MATTER" : " ",
        "MNTN_NM" : "영인산",
        "PAST_SPOT_" : "4420024010006",
        "MNTN_ID" : "442002401"
      },
      "geometry" : {
        "x" : 194206.24370741937,
        "y" : 471118.5827641394
      }
    },
    {
      "attributes" : {
        "FID" : 6,
        "PMNTN_SPOT" : 64835,
        "MNTN_CODE" : "442002401",
        "MANAGE_SP1" : "02",
        "MANAGE_SP2" : "분기점",
        "DETAIL_SPO" : "분기점",
        "ETC_MATTER" : " ",
        "MNTN_NM" : "영인산",
        "PAST_SPOT_" : "4420024010007",
        "MNTN_ID" : "442002401"
      },
      "geometry" : {
        "x" : 194267.00109999999,
        "y" : 471151.83280000091
      }
    },
    {
      "attributes" : {
        "FID" : 7,
        "PMNTN_SPOT" : 64836,
        "MNTN_CODE" : "442002401",
        "MANAGE_SP1" : "02",
        "MANAGE_SP2" : "분기점",
        "DETAIL_SPO" : "분기점",
        "ETC_MATTER" : " ",
        "MNTN_NM" : "영인산",
        "PAST_SPOT_" : "4420024010008",
        "MNTN_ID" : "442002401"
      },
      "geometry" : {
        "x" : 194654.14520000108,
        "y" : 471837.06130000204
      }
    },
    {
      "attributes" : {
        "FID" : 8,
        "PMNTN_SPOT" : 64837,
        "MNTN_CODE" : "442002401",
        "MANAGE_SP1" : "02",
        "MANAGE_SP2" : "분기점",
        "DETAIL_SPO" : "분기점",
        "ETC_MATTER" : " ",
        "MNTN_NM" : "영인산",
        "PAST_SPOT_" : "4420024010009",
        "MNTN_ID" : "442002401"
      },
      "geometry" : {
        "x" : 194694.52190000098,
        "y" : 471733.3180999998
      }
    },
    {
      "attributes" : {
        "FID" : 9,
        "PMNTN_SPOT" : 64838,
        "MNTN_CODE" : "442002401",
        "MANAGE_SP1" : "02",
        "MANAGE_SP2" : "분기점",
        "DETAIL_SPO" : "분기점",
        "ETC_MATTER" : " ",
        "MNTN_NM" : "영인산",
        "PAST_SPOT_" : "4420024010010",
        "MNTN_ID" : "442002401"
      },
      "geometry" : {
        "x" : 195017.84544525761,
        "y" : 471185.2175774239
      }
    },
    {
      "attributes" : {
        "FID" : 10,
        "PMNTN_SPOT" : 64839,
        "MNTN_CODE" : "442002401",
        "MANAGE_SP1" : "02",
        "MANAGE_SP2" : "분기점",
        "DETAIL_SPO" : "분기점",
        "ETC_MATTER" : " ",
        "MNTN_NM" : "영인산",
        "PAST_SPOT_" : "4420024010011",
        "MNTN_ID" : "442002401"
      },
      "geometry" : {
        "x" : 195305.41360000055,
        "y" : 471733.17450000159
      }
    },
    {
      "attributes" : {
        "FID" : 11,
        "PMNTN_SPOT" : 64840,
        "MNTN_CODE" : "442002401",
        "MANAGE_SP1" : "02",
        "MANAGE_SP2" : "분기점",
        "DETAIL_SPO" : "분기점",
        "ETC_MATTER" : " ",
        "MNTN_NM" : "영인산",
        "PAST_SPOT_" : "4420024010012",
        "MNTN_ID" : "442002401"
      },
      "geometry" : {
        "x" : 195461.62190000154,
        "y" : 471107.83180000447
      }
    },
    {
      "attributes" : {
        "FID" : 12,
        "PMNTN_SPOT" : 64841,
        "MNTN_CODE" : "442002401",
        "MANAGE_SP1" : "01",
        "MANAGE_SP2" : "시종점",
        "DETAIL_SPO" : "시종점",
        "ETC_MATTER" : " ",
        "MNTN_NM" : "영인산",
        "PAST_SPOT_" : "4420024010013",
        "MNTN_ID" : "442002401"
      },
      "geometry" : {
        "x" : 195737.17379999999,
        "y" : 472352.10920000449
      }
    },
    {
      "attributes" : {
        "FID" : 13,
        "PMNTN_SPOT" : 64842,
        "MNTN_CODE" : "442002401",
        "MANAGE_SP1" : "01",
        "MANAGE_SP2" : "시종점",
        "DETAIL_SPO" : "시종점",
        "ETC_MATTER" : " ",
        "MNTN_NM" : "영인산",
        "PAST_SPOT_" : "4420024010014",
        "MNTN_ID" : "442002401"
      },
      "geometry" : {
        "x" : 195873.04740000051,
        "y" : 471958.25160000101
      }
    },
    {
      "attributes" : {
        "FID" : 14,
        "PMNTN_SPOT" : 64843,
        "MNTN_CODE" : "442002401",
        "MANAGE_SP1" : "01",
        "MANAGE_SP2" : "시종점",
        "DETAIL_SPO" : "시종점",
        "ETC_MATTER" : " ",
        "MNTN_NM" : "영인산",
        "PAST_SPOT_" : "4420024010015",
        "MNTN_ID" : "442002401"
      },
      "geometry" : {
        "x" : 196464.41629999969,
        "y" : 472526.2266000025
      }
    },
    {
      "attributes" : {
        "FID" : 15,
        "PMNTN_SPOT" : 64844,
        "MNTN_CODE" : "442002401",
        "MANAGE_SP1" : "02",
        "MANAGE_SP2" : "분기점",
        "DETAIL_SPO" : "분기점",
        "ETC_MATTER" : " ",
        "MNTN_NM" : "영인산",
        "PAST_SPOT_" : "4420024010016",
        "MNTN_ID" : "442002401"
      },
      "geometry" : {
        "x" : 193664.31940000039,
        "y" : 471440.13140000217
      }
    },
    {
      "attributes" : {
        "FID" : 16,
        "PMNTN_SPOT" : 64845,
        "MNTN_CODE" : "442002401",
        "MANAGE_SP1" : "02",
        "MANAGE_SP2" : "분기점",
        "DETAIL_SPO" : "분기점",
        "ETC_MATTER" : " ",
        "MNTN_NM" : "영인산",
        "PAST_SPOT_" : "4420024010017",
        "MNTN_ID" : "442002401"
      },
      "geometry" : {
        "x" : 194010.50980000012,
        "y" : 471332.67790000141
      }
    },
    {
      "attributes" : {
        "FID" : 17,
        "PMNTN_SPOT" : 64846,
        "MNTN_CODE" : "442002401",
        "MANAGE_SP1" : "02",
        "MANAGE_SP2" : "분기점",
        "DETAIL_SPO" : "분기점",
        "ETC_MATTER" : " ",
        "MNTN_NM" : "영인산",
        "PAST_SPOT_" : "4420024010018",
        "MNTN_ID" : "442002401"
      },
      "geometry" : {
        "x" : 194117.88729999959,
        "y" : 471706.44339999929
      }
    },
    {
      "attributes" : {
        "FID" : 18,
        "PMNTN_SPOT" : 64847,
        "MNTN_CODE" : "442002401",
        "MANAGE_SP1" : "02",
        "MANAGE_SP2" : "분기점",
        "DETAIL_SPO" : "분기점",
        "ETC_MATTER" : " ",
        "MNTN_NM" : "영인산",
        "PAST_SPOT_" : "4420024010019",
        "MNTN_ID" : "442002401"
      },
      "geometry" : {
        "x" : 194502.23759999964,
        "y" : 471598.04850000329
      }
    }
  ]
}