{
  "displayFieldName" : "",
  "fieldAliases" : {
    "FID" : "FID",
    "PMNTN_SPOT" : "PMNTN_SPOT",
    "MNTN_CODE" : "MNTN_CODE",
    "MANAGE_SP1" : "MANAGE_SP1",
    "MANAGE_SP2" : "MANAGE_SP2",
    "DETAIL_SPO" : "DETAIL_SPO",
    "ETC_MATTER" : "ETC_MATTER",
    "MNTN_NM" : "MNTN_NM",
    "PAST_SPOT_" : "PAST_SPOT_",
    "MNTN_ID" : "MNTN_ID"
  },
  "geometryType" : "esriGeometryPoint",
  "spatialReference" : {
    "wkt" : "PROJCS[\"PCS_ITRF2000_TM\",GEOGCS[\"GCS_ITRF_2000\",DATUM[\"D_ITRF_2000\",SPHEROID[\"GRS_1980\",6378137.0,298.257222101]],PRIMEM[\"Greenwich\",0.0],UNIT[\"Degree\",0.0174532925199433]],PROJECTION[\"Transverse_Mercator\"],PARAMETER[\"False_Easting\",200000.0],PARAMETER[\"False_Northing\",600000.0],PARAMETER[\"Central_Meridian\",127.0],PARAMETER[\"Scale_Factor\",1.0],PARAMETER[\"Latitude_Of_Origin\",38.0],UNIT[\"Meter\",1.0]]"
  },
  "fields" : [
    {
      "name" : "FID",
      "type" : "esriFieldTypeOID",
      "alias" : "FID"
    },
    {
      "name" : "PMNTN_SPOT",
      "type" : "esriFieldTypeDouble",
      "alias" : "PMNTN_SPOT"
    },
    {
      "name" : "MNTN_CODE",
      "type" : "esriFieldTypeString",
      "alias" : "MNTN_CODE",
      "length" : 9
    },
    {
      "name" : "MANAGE_SP1",
      "type" : "esriFieldTypeString",
      "alias" : "MANAGE_SP1",
      "length" : 2
    },
    {
      "name" : "MANAGE_SP2",
      "type" : "esriFieldTypeString",
      "alias" : "MANAGE_SP2",
      "length" : 50
    },
    {
      "name" : "DETAIL_SPO",
      "type" : "esriFieldTypeString",
      "alias" : "DETAIL_SPO",
      "length" : 200
    },
    {
      "name" : "ETC_MATTER",
      "type" : "esriFieldTypeString",
      "alias" : "ETC_MATTER",
      "length" : 200
    },
    {
      "name" : "MNTN_NM",
      "type" : "esriFieldTypeString",
      "alias" : "MNTN_NM",
      "length" : 50
    },
    {
      "name" : "PAST_SPOT_",
      "type" : "esriFieldTypeString",
      "alias" : "PAST_SPOT_",
      "length" : 14
    },
    {
      "name" : "MNTN_ID",
      "type" : "esriFieldTypeString",
      "alias" : "MNTN_ID",
      "length" : 10
    }
  ],
  "features" : [
    {
      "attributes" : {
        "FID" : 0,
        "PMNTN_SPOT" : 82907,
        "MNTN_CODE" : "491109304",
        "MANAGE_SP1" : "01",
        "MANAGE_SP2" : "시종점",
        "DETAIL_SPO" : "시종점",
        "ETC_MATTER" : " ",
        "MNTN_NM" : "천아초낭오름",
        "PAST_SPOT_" : "4911093040001",
        "MNTN_ID" : "491109304"
      },
      "geometry" : {
        "x" : 134320.44220000133,
        "y" : 90043.450500002131
      }
    },
    {
      "attributes" : {
        "FID" : 1,
        "PMNTN_SPOT" : 82908,
        "MNTN_CODE" : "491109304",
        "MANAGE_SP1" : "01",
        "MANAGE_SP2" : "시종점",
        "DETAIL_SPO" : "시종점",
        "ETC_MATTER" : " ",
        "MNTN_NM" : "천아초낭오름",
        "PAST_SPOT_" : "4911093040002",
        "MNTN_ID" : "491109304"
      },
      "geometry" : {
        "x" : 134790.70689999964,
        "y" : 90291.762300001457
      }
    },
    {
      "attributes" : {
        "FID" : 2,
        "PMNTN_SPOT" : 82909,
        "MNTN_CODE" : "491109304",
        "MANAGE_SP1" : "02",
        "MANAGE_SP2" : "분기점",
        "DETAIL_SPO" : "분기점",
        "ETC_MATTER" : " ",
        "MNTN_NM" : "천아초낭오름",
        "PAST_SPOT_" : "4911093040003",
        "MNTN_ID" : "491109304"
      },
      "geometry" : {
        "x" : 134793.09769999981,
        "y" : 90276.688599999994
      }
    },
    {
      "attributes" : {
        "FID" : 3,
        "PMNTN_SPOT" : 82910,
        "MNTN_CODE" : "491109304",
        "MANAGE_SP1" : "02",
        "MANAGE_SP2" : "분기점",
        "DETAIL_SPO" : "분기점",
        "ETC_MATTER" : " ",
        "MNTN_NM" : "천아초낭오름",
        "PAST_SPOT_" : "4911093040004",
        "MNTN_ID" : "491109304"
      },
      "geometry" : {
        "x" : 134793.89510000031,
        "y" : 90262.864800004289
      }
    },
    {
      "attributes" : {
        "FID" : 4,
        "PMNTN_SPOT" : 82911,
        "MNTN_CODE" : "491109304",
        "MANAGE_SP1" : "01",
        "MANAGE_SP2" : "시종점",
        "DETAIL_SPO" : "시종점",
        "ETC_MATTER" : " ",
        "MNTN_NM" : "천아초낭오름",
        "PAST_SPOT_" : "4911093040005",
        "MNTN_ID" : "491109304"
      },
      "geometry" : {
        "x" : 134808.39489999972,
        "y" : 90286.947599999607
      }
    },
    {
      "attributes" : {
        "FID" : 5,
        "PMNTN_SPOT" : 82912,
        "MNTN_CODE" : "491109304",
        "MANAGE_SP1" : "01",
        "MANAGE_SP2" : "시종점",
        "DETAIL_SPO" : "시종점",
        "ETC_MATTER" : " ",
        "MNTN_NM" : "천아초낭오름",
        "PAST_SPOT_" : "4911093040006",
        "MNTN_ID" : "491109304"
      },
      "geometry" : {
        "x" : 134838.95110000111,
        "y" : 90183.580900000408
      }
    }
  ]
}