{
  "displayFieldName" : "",
  "fieldAliases" : {
    "FID" : "FID",
    "PMNTN_SPOT" : "PMNTN_SPOT",
    "MNTN_CODE" : "MNTN_CODE",
    "MANAGE_SP1" : "MANAGE_SP1",
    "MANAGE_SP2" : "MANAGE_SP2",
    "DETAIL_SPO" : "DETAIL_SPO",
    "ETC_MATTER" : "ETC_MATTER",
    "MNTN_NM" : "MNTN_NM",
    "PAST_SPOT_" : "PAST_SPOT_",
    "MNTN_ID" : "MNTN_ID"
  },
  "geometryType" : "esriGeometryPoint",
  "spatialReference" : {
    "wkt" : "PROJCS[\"PCS_ITRF2000_TM\",GEOGCS[\"GCS_ITRF_2000\",DATUM[\"D_ITRF_2000\",SPHEROID[\"GRS_1980\",6378137.0,298.257222101]],PRIMEM[\"Greenwich\",0.0],UNIT[\"Degree\",0.0174532925199433]],PROJECTION[\"Transverse_Mercator\"],PARAMETER[\"False_Easting\",200000.0],PARAMETER[\"False_Northing\",600000.0],PARAMETER[\"Central_Meridian\",127.0],PARAMETER[\"Scale_Factor\",1.0],PARAMETER[\"Latitude_Of_Origin\",38.0],UNIT[\"Meter\",1.0]]"
  },
  "fields" : [
    {
      "name" : "FID",
      "type" : "esriFieldTypeOID",
      "alias" : "FID"
    },
    {
      "name" : "PMNTN_SPOT",
      "type" : "esriFieldTypeDouble",
      "alias" : "PMNTN_SPOT"
    },
    {
      "name" : "MNTN_CODE",
      "type" : "esriFieldTypeString",
      "alias" : "MNTN_CODE",
      "length" : 9
    },
    {
      "name" : "MANAGE_SP1",
      "type" : "esriFieldTypeString",
      "alias" : "MANAGE_SP1",
      "length" : 2
    },
    {
      "name" : "MANAGE_SP2",
      "type" : "esriFieldTypeString",
      "alias" : "MANAGE_SP2",
      "length" : 50
    },
    {
      "name" : "DETAIL_SPO",
      "type" : "esriFieldTypeString",
      "alias" : "DETAIL_SPO",
      "length" : 200
    },
    {
      "name" : "ETC_MATTER",
      "type" : "esriFieldTypeString",
      "alias" : "ETC_MATTER",
      "length" : 200
    },
    {
      "name" : "MNTN_NM",
      "type" : "esriFieldTypeString",
      "alias" : "MNTN_NM",
      "length" : 50
    },
    {
      "name" : "PAST_SPOT_",
      "type" : "esriFieldTypeString",
      "alias" : "PAST_SPOT_",
      "length" : 14
    },
    {
      "name" : "MNTN_ID",
      "type" : "esriFieldTypeString",
      "alias" : "MNTN_ID",
      "length" : 10
    }
  ],
  "features" : [
    {
      "attributes" : {
        "FID" : 0,
        "PMNTN_SPOT" : 91900,
        "MNTN_CODE" : "438003004",
        "MANAGE_SP1" : "01",
        "MANAGE_SP2" : "시종점",
        "DETAIL_SPO" : "목재펠릿공장",
        "ETC_MATTER" : " ",
        "MNTN_NM" : "해넘이등산로",
        "PAST_SPOT_" : "4380030040001",
        "MNTN_ID" : "438003004"
      },
      "geometry" : {
        "x" : 313598.71349999961,
        "y" : 492925.96390000172
      }
    },
    {
      "attributes" : {
        "FID" : 1,
        "PMNTN_SPOT" : 91901,
        "MNTN_CODE" : "438003004",
        "MANAGE_SP1" : "23",
        "MANAGE_SP2" : "정상",
        "DETAIL_SPO" : "정상",
        "ETC_MATTER" : " ",
        "MNTN_NM" : "해넘이등산로",
        "PAST_SPOT_" : "4380030040002",
        "MNTN_ID" : "438003004"
      },
      "geometry" : {
        "x" : 314004.7042000005,
        "y" : 492786.75760000013
      }
    },
    {
      "attributes" : {
        "FID" : 2,
        "PMNTN_SPOT" : 91902,
        "MNTN_CODE" : "438003004",
        "MANAGE_SP1" : "01",
        "MANAGE_SP2" : "시종점",
        "DETAIL_SPO" : "북단양IC",
        "ETC_MATTER" : " ",
        "MNTN_NM" : "해넘이등산로",
        "PAST_SPOT_" : "4380030040003",
        "MNTN_ID" : "438003004"
      },
      "geometry" : {
        "x" : 314398.20770000108,
        "y" : 492358.0504999999
      }
    },
    {
      "attributes" : {
        "FID" : 3,
        "PMNTN_SPOT" : 91903,
        "MNTN_CODE" : "438003004",
        "MANAGE_SP1" : "01",
        "MANAGE_SP2" : "시종점",
        "DETAIL_SPO" : "보현사",
        "ETC_MATTER" : " ",
        "MNTN_NM" : "해넘이등산로",
        "PAST_SPOT_" : "4380030040004",
        "MNTN_ID" : "438003004"
      },
      "geometry" : {
        "x" : 314719.61180000007,
        "y" : 493034.17140000127
      }
    }
  ]
}