{
  "displayFieldName" : "",
  "fieldAliases" : {
    "FID" : "FID",
    "PMNTN_SN" : "PMNTN_SN",
    "MNTN_CODE" : "MNTN_CODE",
    "MNTN_NM" : "MNTN_NM",
    "PMNTN_NM" : "PMNTN_NM",
    "PMNTN_MAIN" : "PMNTN_MAIN",
    "PMNTN_LT" : "PMNTN_LT",
    "PMNTN_DFFL" : "PMNTN_DFFL",
    "PMNTN_UPPL" : "PMNTN_UPPL",
    "PMNTN_GODN" : "PMNTN_GODN",
    "PMNTN_MTRQ" : "PMNTN_MTRQ",
    "PMNTN_CNRL" : "PMNTN_CNRL",
    "PMNTN_CLS_" : "PMNTN_CLS_",
    "PMNTN_RISK" : "PMNTN_RISK",
    "PMNTN_RECO" : "PMNTN_RECO",
    "DATA_STDR_" : "DATA_STDR_",
    "MNTN_ID" : "MNTN_ID"
  },
  "geometryType" : "esriGeometryPolyline",
  "spatialReference" : {
    "wkt" : "PROJCS[\"PCS_ITRF2000_TM\",GEOGCS[\"GCS_ITRF_2000\",DATUM[\"D_ITRF_2000\",SPHEROID[\"GRS_1980\",6378137.0,298.257222101]],PRIMEM[\"Greenwich\",0.0],UNIT[\"Degree\",0.0174532925199433]],PROJECTION[\"Transverse_Mercator\"],PARAMETER[\"False_Easting\",200000.0],PARAMETER[\"False_Northing\",600000.0],PARAMETER[\"Central_Meridian\",127.0],PARAMETER[\"Scale_Factor\",1.0],PARAMETER[\"Latitude_Of_Origin\",38.0],UNIT[\"Meter\",1.0]]"
  },
  "fields" : [
    {
      "name" : "FID",
      "type" : "esriFieldTypeOID",
      "alias" : "FID"
    },
    {
      "name" : "PMNTN_SN",
      "type" : "esriFieldTypeDouble",
      "alias" : "PMNTN_SN"
    },
    {
      "name" : "MNTN_CODE",
      "type" : "esriFieldTypeString",
      "alias" : "MNTN_CODE",
      "length" : 9
    },
    {
      "name" : "MNTN_NM",
      "type" : "esriFieldTypeString",
      "alias" : "MNTN_NM",
      "length" : 50
    },
    {
      "name" : "PMNTN_NM",
      "type" : "esriFieldTypeString",
      "alias" : "PMNTN_NM",
      "length" : 50
    },
    {
      "name" : "PMNTN_MAIN",
      "type" : "esriFieldTypeString",
      "alias" : "PMNTN_MAIN",
      "length" : 200
    },
    {
      "name" : "PMNTN_LT",
      "type" : "esriFieldTypeSingle",
      "alias" : "PMNTN_LT"
    },
    {
      "name" : "PMNTN_DFFL",
      "type" : "esriFieldTypeString",
      "alias" : "PMNTN_DFFL",
      "length" : 8
    },
    {
      "name" : "PMNTN_UPPL",
      "type" : "esriFieldTypeDouble",
      "alias" : "PMNTN_UPPL"
    },
    {
      "name" : "PMNTN_GODN",
      "type" : "esriFieldTypeDouble",
      "alias" : "PMNTN_GODN"
    },
    {
      "name" : "PMNTN_MTRQ",
      "type" : "esriFieldTypeString",
      "alias" : "PMNTN_MTRQ",
      "length" : 200
    },
    {
      "name" : "PMNTN_CNRL",
      "type" : "esriFieldTypeString",
      "alias" : "PMNTN_CNRL",
      "length" : 1
    },
    {
      "name" : "PMNTN_CLS_",
      "type" : "esriFieldTypeString",
      "alias" : "PMNTN_CLS_",
      "length" : 1
    },
    {
      "name" : "PMNTN_RISK",
      "type" : "esriFieldTypeString",
      "alias" : "PMNTN_RISK",
      "length" : 200
    },
    {
      "name" : "PMNTN_RECO",
      "type" : "esriFieldTypeString",
      "alias" : "PMNTN_RECO",
      "length" : 1
    },
    {
      "name" : "DATA_STDR_",
      "type" : "esriFieldTypeString",
      "alias" : "DATA_STDR_",
      "length" : 10
    },
    {
      "name" : "MNTN_ID",
      "type" : "esriFieldTypeString",
      "alias" : "MNTN_ID",
      "length" : 10
    }
  ],
  "features" : [
    {
      "attributes" : {
        "FID" : 0,
        "PMNTN_SN" : 53970,
        "MNTN_CODE" : "428001104",
        "MNTN_NM" : "해안면",
        "PMNTN_NM" : "후리구간",
        "PMNTN_MAIN" : " ",
        "PMNTN_LT" : 0.31,
        "PMNTN_DFFL" : "쉬움",
        "PMNTN_UPPL" : 5,
        "PMNTN_GODN" : 4,
        "PMNTN_MTRQ" : " ",
        "PMNTN_CNRL" : " ",
        "PMNTN_CLS_" : " ",
        "PMNTN_RISK" : " ",
        "PMNTN_RECO" : " ",
        "DATA_STDR_" : "2016-12-31",
        "MNTN_ID" : "428001101"
      },
      "geometry" : {
        "paths" : [
          [
            [
              300481.52190000098,
              632690.40140000172
            ],
            [
              300472.61660000123,
              632684.53989999928
            ],
            [
              300470.77600000147,
              632681.96350000054
            ],
            [
              300461.42650000099,
              632669.59039999917
            ],
            [
              300457.07629999984,
              632661.93130000122
            ],
            [
              300452.59300000034,
              632654.41489999928
            ],
            [
              300447.32930000219,
              632647.03310000338
            ],
            [
              300440.02140000183,
              632642.19060000218
            ],
            [
              300431.48220000044,
              632635.03460000269
            ],
            [
              300429.09820000082,
              632633.22870000266
            ],
            [
              300420.58760000113,
              632625.87330000103
            ],
            [
              300416.64840000123,
              632614.00029999949
            ],
            [
              300413.04470000137,
              632609.63680000231
            ],
            [
              300409.37430000119,
              632608.54770000465
            ],
            [
              300398.50169999991,
              632599.73080000095
            ],
            [
              300395.30940000154,
              632595.36130000092
            ],
            [
              300384.80800000113,
              632590.47929999977
            ],
            [
              300377.86789999995,
              632586.31860000081
            ],
            [
              300369.59210000001,
              632589.66889999807
            ],
            [
              300364.64889999945,
              632590.30710000172
            ],
            [
              300354.58560000081,
              632593.84620000236
            ],
            [
              300348.88760000095,
              632605.96610000171
            ],
            [
              300336.22070000041,
              632615.54040000029
            ],
            [
              300328.4385000011,
              632617.90320000052
            ],
            [
              300324.87179999985,
              632620.44590000063
            ],
            [
              300320.9860000005,
              632623.31770000048
            ],
            [
              300319.15300000086,
              632627.18080000207
            ],
            [
              300310.56780000124,
              632636.44490000419
            ],
            [
              300309.30939999968,
              632643.02420000359
            ],
            [
              300302.94170000218,
              632646.69800000265
            ],
            [
              300294.450699999,
              632648.70780000091
            ],
            [
              300292.13159999996,
              632654.02490000054
            ],
            [
              300285.98280000128,
              632665.10670000315
            ],
            [
              300281.80630000029,
              632670.61169999838
            ],
            [
              300278.9784000013,
              632675.32300000452
            ],
            [
              300274.76460000128,
              632677.13050000183
            ],
            [
              300271.45089999959,
              632677.61680000275
            ],
            [
              300265.36070000101,
              632676.89750000089
            ],
            [
              300258.87990000006,
              632675.21850000136
            ]
          ]
        ]
      }
    },
    {
      "attributes" : {
        "FID" : 1,
        "PMNTN_SN" : 53971,
        "MNTN_CODE" : "428001104",
        "MNTN_NM" : "해안면",
        "PMNTN_NM" : "후리구간",
        "PMNTN_MAIN" : " ",
        "PMNTN_LT" : 0.2,
        "PMNTN_DFFL" : "쉬움",
        "PMNTN_UPPL" : 4,
        "PMNTN_GODN" : 2,
        "PMNTN_MTRQ" : " ",
        "PMNTN_CNRL" : " ",
        "PMNTN_CLS_" : " ",
        "PMNTN_RISK" : " ",
        "PMNTN_RECO" : " ",
        "DATA_STDR_" : "2016-12-31",
        "MNTN_ID" : "428001101"
      },
      "geometry" : {
        "paths" : [
          [
            [
              300297.37710000109,
              632722.23650000058
            ],
            [
              300300.08570000064,
              632721.42160000093
            ],
            [
              300302.80010000151,
              632717.47410000116
            ],
            [
              300308.02840000018,
              632713.59750000387
            ],
            [
              300311.97090000007,
              632714.67080000043
            ],
            [
              300318.07680000085,
              632712.93410000019
            ],
            [
              300321.43530000001,
              632711.37659999914
            ],
            [
              300324.3311999999,
              632710.35220000148
            ],
            [
              300334.52570000011,
              632705.03270000219
            ],
            [
              300337.27820000052,
              632703.93439999968
            ],
            [
              300346.02359999996,
              632702.22189999744
            ],
            [
              300350.74419999961,
              632701.89189999923
            ],
            [
              300363.72710000072,
              632703.5183000043
            ],
            [
              300373.5560999997,
              632704.03979999945
            ],
            [
              300378.73620000016,
              632705.46960000135
            ],
            [
              300388.62079999968,
              632705.73640000075
            ],
            [
              300394.1017000014,
              632708.66330000199
            ],
            [
              300403.2165000001,
              632710.68030000106
            ],
            [
              300410.45180000085,
              632709.72640000097
            ],
            [
              300413.32220000029,
              632710.76120000333
            ],
            [
              300425.63490000088,
              632712.1074000001
            ],
            [
              300443.73610000033,
              632706.03130000457
            ],
            [
              300449.52800000086,
              632704.69309999794
            ],
            [
              300467.39049999975,
              632698.81940000132
            ],
            [
              300478.80200000014,
              632691.17760000005
            ],
            [
              300481.52190000098,
              632690.40140000172
            ]
          ]
        ]
      }
    },
    {
      "attributes" : {
        "FID" : 2,
        "PMNTN_SN" : 53972,
        "MNTN_CODE" : "428001104",
        "MNTN_NM" : "해안면",
        "PMNTN_NM" : "후리구간",
        "PMNTN_MAIN" : " ",
        "PMNTN_LT" : 0.26,
        "PMNTN_DFFL" : "쉬움",
        "PMNTN_UPPL" : 5,
        "PMNTN_GODN" : 3,
        "PMNTN_MTRQ" : " ",
        "PMNTN_CNRL" : " ",
        "PMNTN_CLS_" : " ",
        "PMNTN_RISK" : " ",
        "PMNTN_RECO" : " ",
        "DATA_STDR_" : "2016-12-31",
        "MNTN_ID" : "428001101"
      },
      "geometry" : {
        "paths" : [
          [
            [
              300275.08680000063,
              632759.23130000383
            ],
            [
              300274.06840000208,
              632765.1585000027
            ],
            [
              300278.08070000075,
              632770.43750000373
            ],
            [
              300283.74430000037,
              632775.91450000182
            ],
            [
              300291.45690000057,
              632778.4525000006
            ],
            [
              300296.00110000186,
              632782.47240000218
            ],
            [
              300294.45670000091,
              632785.65069999918
            ],
            [
              300289.22730000131,
              632786.79610000178
            ],
            [
              300282.21119999979,
              632785.9542999994
            ],
            [
              300279.97320000175,
              632794.26450000145
            ],
            [
              300280.52689999901,
              632801.84320000187
            ],
            [
              300281.30370000098,
              632804.8283000011
            ],
            [
              300286.04410000052,
              632817.02200000174
            ],
            [
              300288.85919999983,
              632819.34390000068
            ],
            [
              300290.59700000193,
              632823.1623999998
            ],
            [
              300292.1698000012,
              632827.5784999989
            ],
            [
              300302.51350000035,
              632836.69959999993
            ],
            [
              300310.80180000048,
              632841.49850000069
            ],
            [
              300316.90500000026,
              632847.51390000246
            ],
            [
              300321.96320000105,
              632855.23730000108
            ],
            [
              300333.68329999968,
              632867.66180000268
            ],
            [
              300336.08930000197,
              632878.99390000105
            ],
            [
              300336.7770999996,
              632884.91999999993
            ],
            [
              300339.2267000014,
              632892.02260000072
            ],
            [
              300345.23050000053,
              632896.87099999748
            ],
            [
              300353.25030000042,
              632905.67469999939
            ],
            [
              300358.34890000056,
              632913.66500000097
            ],
            [
              300358.32770000119,
              632924.55630000122
            ],
            [
              300354.47590000089,
              632943.04959999956
            ],
            [
              300352.96590000018,
              632950.5139000006
            ],
            [
              300352.14699999895,
              632956.81719999947
            ],
            [
              300354.60350000113,
              632963.82379999943
            ]
          ]
        ]
      }
    },
    {
      "attributes" : {
        "FID" : 3,
        "PMNTN_SN" : 53973,
        "MNTN_CODE" : "428001104",
        "MNTN_NM" : "해안면",
        "PMNTN_NM" : "후리구간",
        "PMNTN_MAIN" : " ",
        "PMNTN_LT" : 0.33,
        "PMNTN_DFFL" : "쉬움",
        "PMNTN_UPPL" : 6,
        "PMNTN_GODN" : 4,
        "PMNTN_MTRQ" : " ",
        "PMNTN_CNRL" : " ",
        "PMNTN_CLS_" : " ",
        "PMNTN_RISK" : " ",
        "PMNTN_RECO" : " ",
        "DATA_STDR_" : "2016-12-31",
        "MNTN_ID" : "428001101"
      },
      "geometry" : {
        "paths" : [
          [
            [
              300091.73039999977,
              632868.37580000237
            ],
            [
              300099.0903000012,
              632881.04580000043
            ],
            [
              300104.55169999972,
              632889.39690000005
            ],
            [
              300106.29530000035,
              632894.04660000093
            ],
            [
              300106.29530000035,
              632901.02109999955
            ],
            [
              300108.03890000097,
              632905.67080000229
            ],
            [
              300110.36380000226,
              632910.90169999748
            ],
            [
              300114.43219999969,
              632916.13260000013
            ],
            [
              300117.33829999901,
              632919.03860000148
            ],
            [
              300121.40670000017,
              632926.0131000001
            ],
            [
              300127.19930000044,
              632931.73169999942
            ],
            [
              300131.07460000087,
              632931.81299999915
            ],
            [
              300140.42949999869,
              632931.02930000238
            ],
            [
              300143.83740000054,
              632931.40460000001
            ],
            [
              300148.5055999998,
              632929.99120000005
            ],
            [
              300151.56920000073,
              632932.37730000168
            ],
            [
              300168.88930000085,
              632935.63360000029
            ],
            [
              300174.36370000057,
              632938.01060000248
            ],
            [
              300187.54499999993,
              632946.9224000033
            ],
            [
              300199.88939999975,
              632956.98960000463
            ],
            [
              300200.87700000219,
              632964.86230000108
            ],
            [
              300217.17480000108,
              632975.05619999953
            ],
            [
              300223.0597000001,
              632976.08379999921
            ],
            [
              300230.71050000004,
              632976.53380000032
            ],
            [
              300238.10479999986,
              632977.20260000043
            ],
            [
              300245.58160000015,
              632978.98280000128
            ],
            [
              300249.49689999968,
              632981.48489999957
            ],
            [
              300255.99849999975,
              632988.53769999743
            ],
            [
              300265.90590000153,
              632989.06000000238
            ],
            [
              300280.39309999999,
              632984.35440000147
            ],
            [
              300283.65640000161,
              632983.68420000002
            ],
            [
              300286.27529999986,
              632982.41220000014
            ],
            [
              300292.15820000041,
              632975.4793999996
            ],
            [
              300295.38669999968,
              632972.67159999907
            ],
            [
              300309.85780000128,
              632972.09580000117
            ],
            [
              300334.64730000123,
              632971.36490000226
            ],
            [
              300340.68840000127,
              632974.60950000212
            ],
            [
              300346.86020000093,
              632971.54399999976
            ],
            [
              300351.86300000083,
              632966.78750000149
            ],
            [
              300354.60350000113,
              632963.82379999943
            ]
          ]
        ]
      }
    },
    {
      "attributes" : {
        "FID" : 4,
        "PMNTN_SN" : 53974,
        "MNTN_CODE" : "428001104",
        "MNTN_NM" : "해안면",
        "PMNTN_NM" : " ",
        "PMNTN_MAIN" : " ",
        "PMNTN_LT" : 0.88,
        "PMNTN_DFFL" : "쉬움",
        "PMNTN_UPPL" : 16,
        "PMNTN_GODN" : 11,
        "PMNTN_MTRQ" : " ",
        "PMNTN_CNRL" : " ",
        "PMNTN_CLS_" : " ",
        "PMNTN_RISK" : " ",
        "PMNTN_RECO" : " ",
        "DATA_STDR_" : "2016-12-31",
        "MNTN_ID" : "428001101"
      },
      "geometry" : {
        "paths" : [
          [
            [
              300354.60350000113,
              632963.82379999943
            ],
            [
              300363.44859999977,
              632968.16350000165
            ],
            [
              300369.82300000172,
              632968.88089999929
            ],
            [
              300381.84530000016,
              632972.78810000233
            ],
            [
              300386.28899999987,
              632975.01920000464
            ],
            [
              300397.486800001,
              632975.9186000023
            ],
            [
              300414.28960000165,
              632968.64939999767
            ],
            [
              300420.17240000051,
              632968.43370000273
            ],
            [
              300424.49790000077,
              632970.31370000169
            ],
            [
              300428.0513000004,
              632973.07230000198
            ],
            [
              300434.52570000011,
              632983.00050000288
            ],
            [
              300442.37200000044,
              632988.84880000167
            ],
            [
              300444.39470000099,
              632994.38069999963
            ],
            [
              300446.90330000035,
              633001.65619999915
            ],
            [
              300443.37280000187,
              633010.45549999923
            ],
            [
              300439.46900000144,
              633013.38250000216
            ],
            [
              300441.52820000052,
              633016.67219999991
            ],
            [
              300446.66390000191,
              633014.60419999994
            ],
            [
              300449.83690000046,
              633012.04560000077
            ],
            [
              300455.19720000029,
              633010.92420000397
            ],
            [
              300464.29820000008,
              633011.54780000448
            ],
            [
              300468.29009999987,
              633011.39750000089
            ],
            [
              300476.79609999992,
              633012.73540000059
            ],
            [
              300482.79510000069,
              633015.14130000398
            ],
            [
              300488.62129999977,
              633018.77750000171
            ],
            [
              300490.5158000011,
              633021.23240000196
            ],
            [
              300493.45559999999,
              633023.01760000177
            ],
            [
              300497.37849999964,
              633025.95839999802
            ],
            [
              300498.44710000232,
              633029.04160000198
            ],
            [
              300507.34710000083,
              633029.30190000311
            ],
            [
              300517.46889999975,
              633034.40139999986
            ],
            [
              300533.03950000182,
              633046.04130000249
            ],
            [
              300536.80630000122,
              633046.3989000041
            ],
            [
              300551.597000001,
              633051.78959999979
            ],
            [
              300562.60160000063,
              633059.77569999918
            ],
            [
              300566.74600000121,
              633062.14760000072
            ],
            [
              300569.75189999957,
              633066.70360000059
            ],
            [
              300574.31310000084,
              633069.32500000112
            ],
            [
              300587.88019999955,
              633078.81949999928
            ],
            [
              300594.65970000066,
              633081.07980000041
            ],
            [
              300600.07800000068,
              633084.43350000121
            ],
            [
              300608.14370000083,
              633087.86810000427
            ],
            [
              300617.66460000165,
              633092.25710000098
            ],
            [
              300628.39870000072,
              633092.43490000255
            ],
            [
              300636.87620000076,
              633092.52920000255
            ],
            [
              300647.23989999946,
              633090.1267000027
            ],
            [
              300652.39980000071,
              633088.92510000058
            ],
            [
              300659.23710000049,
              633080.1948000025
            ],
            [
              300664.02319999877,
              633068.24140000343
            ],
            [
              300668.49939999916,
              633061.51350000128
            ],
            [
              300674.08970000036,
              633052.445600003
            ],
            [
              300674.6314000003,
              633048.283400001
            ],
            [
              300671.53070000093,
              633045.01960000396
            ],
            [
              300669.70460000075,
              633041.98810000159
            ],
            [
              300667.46380000096,
              633035.37099999934
            ],
            [
              300663.86860000156,
              633030.70210000128
            ],
            [
              300652.75439999998,
              633024.50200000033
            ],
            [
              300641.17470000125,
              633017.72990000248
            ],
            [
              300635.33990000095,
              633013.03319999948
            ],
            [
              300631.43059999961,
              632994.20490000211
            ],
            [
              300632.98469999991,
              632987.44060000218
            ],
            [
              300633.6724999994,
              632983.49670000002
            ],
            [
              300633.78399999999,
              632976.63670000061
            ],
            [
              300633.56780000031,
              632972.91470000148
            ],
            [
              300627.99850000069,
              632970.4363000039
            ],
            [
              300625.38950000051,
              632968.08350000344
            ],
            [
              300617.72630000021,
              632965.46800000221
            ],
            [
              300603.58839999884,
              632957.53170000203
            ],
            [
              300596.85709999967,
              632953.85650000162
            ],
            [
              300588.91060000099,
              632942.33889999986
            ],
            [
              300581.9682,
              632933.45950000174
            ],
            [
              300577.14420000091,
              632928.03710000031
            ],
            [
              300571.03129999992,
              632917.89130000025
            ],
            [
              300570.84460000135,
              632900.16390000097
            ],
            [
              300569.97070000134,
              632896.90560000017
            ],
            [
              300569.80000000168,
              632878.24029999971
            ],
            [
              300572.49800000153,
              632861.79780000076
            ],
            [
              300570.15350000095,
              632856.81689999998
            ],
            [
              300570.815200001,
              632844.40149999969
            ],
            [
              300569.8207000019,
              632827.95759999938
            ],
            [
              300569.78589999955,
              632821.59540000185
            ],
            [
              300572.77180000022,
              632818.15540000051
            ],
            [
              300575.9748000009,
              632815.76579999737
            ],
            [
              300580.59740000032,
              632811.33780000359
            ],
            [
              300582.74160000123,
              632804.97500000149
            ],
            [
              300575.85819999967,
              632786.93410000019
            ],
            [
              300576.53839999996,
              632779.54550000094
            ],
            [
              300569.98139999993,
              632764.98650000244
            ],
            [
              300556.55440000165,
              632751.9188000001
            ],
            [
              300549.48490000051,
              632740.57310000062
            ],
            [
              300543.57520000078,
              632735.19280000404
            ],
            [
              300540.5651000021,
              632728.84919999912
            ],
            [
              300534.42200000118,
              632719.00840000063
            ],
            [
              300522.3545000013,
              632705.66329999827
            ],
            [
              300517.07250000071,
              632700.46840000153
            ],
            [
              300512.26080000028,
              632696.85590000264
            ],
            [
              300502.81790000014,
              632693.43019999936
            ],
            [
              300491.47770000063,
              632691.27990000136
            ],
            [
              300481.52190000098,
              632690.40140000172
            ]
          ]
        ]
      }
    }
  ]
}