{
  "displayFieldName" : "",
  "fieldAliases" : {
    "FID" : "FID",
    "PMNTN_SN" : "PMNTN_SN",
    "MNTN_CODE" : "MNTN_CODE",
    "MNTN_NM" : "MNTN_NM",
    "PMNTN_NM" : "PMNTN_NM",
    "PMNTN_MAIN" : "PMNTN_MAIN",
    "PMNTN_LT" : "PMNTN_LT",
    "PMNTN_DFFL" : "PMNTN_DFFL",
    "PMNTN_UPPL" : "PMNTN_UPPL",
    "PMNTN_GODN" : "PMNTN_GODN",
    "PMNTN_MTRQ" : "PMNTN_MTRQ",
    "PMNTN_CNRL" : "PMNTN_CNRL",
    "PMNTN_CLS_" : "PMNTN_CLS_",
    "PMNTN_RISK" : "PMNTN_RISK",
    "PMNTN_RECO" : "PMNTN_RECO",
    "DATA_STDR_" : "DATA_STDR_",
    "MNTN_ID" : "MNTN_ID"
  },
  "geometryType" : "esriGeometryPolyline",
  "spatialReference" : {
    "wkt" : "PROJCS[\"PCS_ITRF2000_TM\",GEOGCS[\"GCS_ITRF_2000\",DATUM[\"D_ITRF_2000\",SPHEROID[\"GRS_1980\",6378137.0,298.257222101]],PRIMEM[\"Greenwich\",0.0],UNIT[\"Degree\",0.0174532925199433]],PROJECTION[\"Transverse_Mercator\"],PARAMETER[\"False_Easting\",200000.0],PARAMETER[\"False_Northing\",600000.0],PARAMETER[\"Central_Meridian\",127.0],PARAMETER[\"Scale_Factor\",1.0],PARAMETER[\"Latitude_Of_Origin\",38.0],UNIT[\"Meter\",1.0]]"
  },
  "fields" : [
    {
      "name" : "FID",
      "type" : "esriFieldTypeOID",
      "alias" : "FID"
    },
    {
      "name" : "PMNTN_SN",
      "type" : "esriFieldTypeDouble",
      "alias" : "PMNTN_SN"
    },
    {
      "name" : "MNTN_CODE",
      "type" : "esriFieldTypeString",
      "alias" : "MNTN_CODE",
      "length" : 9
    },
    {
      "name" : "MNTN_NM",
      "type" : "esriFieldTypeString",
      "alias" : "MNTN_NM",
      "length" : 50
    },
    {
      "name" : "PMNTN_NM",
      "type" : "esriFieldTypeString",
      "alias" : "PMNTN_NM",
      "length" : 50
    },
    {
      "name" : "PMNTN_MAIN",
      "type" : "esriFieldTypeString",
      "alias" : "PMNTN_MAIN",
      "length" : 200
    },
    {
      "name" : "PMNTN_LT",
      "type" : "esriFieldTypeSingle",
      "alias" : "PMNTN_LT"
    },
    {
      "name" : "PMNTN_DFFL",
      "type" : "esriFieldTypeString",
      "alias" : "PMNTN_DFFL",
      "length" : 8
    },
    {
      "name" : "PMNTN_UPPL",
      "type" : "esriFieldTypeDouble",
      "alias" : "PMNTN_UPPL"
    },
    {
      "name" : "PMNTN_GODN",
      "type" : "esriFieldTypeDouble",
      "alias" : "PMNTN_GODN"
    },
    {
      "name" : "PMNTN_MTRQ",
      "type" : "esriFieldTypeString",
      "alias" : "PMNTN_MTRQ",
      "length" : 200
    },
    {
      "name" : "PMNTN_CNRL",
      "type" : "esriFieldTypeString",
      "alias" : "PMNTN_CNRL",
      "length" : 1
    },
    {
      "name" : "PMNTN_CLS_",
      "type" : "esriFieldTypeString",
      "alias" : "PMNTN_CLS_",
      "length" : 1
    },
    {
      "name" : "PMNTN_RISK",
      "type" : "esriFieldTypeString",
      "alias" : "PMNTN_RISK",
      "length" : 200
    },
    {
      "name" : "PMNTN_RECO",
      "type" : "esriFieldTypeString",
      "alias" : "PMNTN_RECO",
      "length" : 1
    },
    {
      "name" : "DATA_STDR_",
      "type" : "esriFieldTypeString",
      "alias" : "DATA_STDR_",
      "length" : 10
    },
    {
      "name" : "MNTN_ID",
      "type" : "esriFieldTypeString",
      "alias" : "MNTN_ID",
      "length" : 10
    }
  ],
  "features" : [
    {
      "attributes" : {
        "FID" : 0,
        "PMNTN_SN" : 53401,
        "MNTN_CODE" : "422306604",
        "MNTN_NM" : "한도골계곡",
        "PMNTN_NM" : "하반천리구간",
        "PMNTN_MAIN" : " ",
        "PMNTN_LT" : 1.68,
        "PMNTN_DFFL" : "쉬움",
        "PMNTN_UPPL" : 32,
        "PMNTN_GODN" : 22,
        "PMNTN_MTRQ" : " ",
        "PMNTN_CNRL" : " ",
        "PMNTN_CLS_" : " ",
        "PMNTN_RISK" : " ",
        "PMNTN_RECO" : " ",
        "DATA_STDR_" : "2016-12-31",
        "MNTN_ID" : "422306604"
      },
      "geometry" : {
        "paths" : [
          [
            [
              388348.58340003621,
              530322.59730000608
            ],
            [
              388346.34440003429,
              530318.85290000774
            ],
            [
              388343.42460003309,
              530316.395000007
            ],
            [
              388337.43150003441,
              530309.674100006
            ],
            [
              388330.81730003469,
              530301.11480000615
            ],
            [
              388324.94860003702,
              530293.73820000514
            ],
            [
              388318.94420003425,
              530288.63850000501
            ],
            [
              388315.68580003642,
              530283.86300000362
            ],
            [
              388310.64290003479,
              530276.84460000508
            ],
            [
              388303.01550003327,
              530266.91210000776
            ],
            [
              388298.87960003223,
              530262.6787000075
            ],
            [
              388294.21680003405,
              530256.58320000768
            ],
            [
              388290.39890003763,
              530251.11100000329
            ],
            [
              388285.76230003498,
              530240.06420000829
            ],
            [
              388281.59540003445,
              530227.83810000494
            ],
            [
              388277.22540003341,
              530215.70550000295
            ],
            [
              388275.32590003219,
              530207.65010000579
            ],
            [
              388273.35530003719,
              530197.65040000714
            ],
            [
              388274.81920003425,
              530188.17660000548
            ],
            [
              388278.37390003353,
              530179.24350000732
            ],
            [
              388282.849500034,
              530166.51810000278
            ],
            [
              388286.84420003556,
              530155.17290000618
            ],
            [
              388288.91930003371,
              530150.3364000041
            ],
            [
              388291.99670003261,
              530148.84170000441
            ],
            [
              388302.44130003452,
              530146.49200000614
            ],
            [
              388305.62220003456,
              530144.50819999725
            ],
            [
              388318.02820003405,
              530141.05970000289
            ],
            [
              388326.88720003702,
              530136.13540000655
            ],
            [
              388333.26450003684,
              530135.63480000384
            ],
            [
              388338.65130003355,
              530131.51520000584
            ],
            [
              388343.02180003747,
              530128.7349000033
            ],
            [
              388348.00960003491,
              530124.04090000503
            ],
            [
              388349.99130003434,
              530118.64260000549
            ],
            [
              388351.32950003352,
              530116.17620000429
            ],
            [
              388357.45700003952,
              530111.88060000539
            ],
            [
              388359.73230003379,
              530106.8355000075
            ],
            [
              388363.65350003541,
              530102.33340000547
            ],
            [
              388370.58590003476,
              530097.69580000453
            ],
            [
              388376.35390003305,
              530092.65430000797
            ],
            [
              388379.07620003633,
              530090.52380000614
            ],
            [
              388380.05830003601,
              530091.55360000581
            ],
            [
              388386.75570003688,
              530098.88740000688
            ],
            [
              388390.70070003252,
              530100.12900000811
            ],
            [
              388395.17110003438,
              530096.5137000028
            ],
            [
              388402.30740003381,
              530086.64360000752
            ],
            [
              388402.7731000362,
              530076.7851000037
            ],
            [
              388408.24820003472,
              530071.0080000069
            ],
            [
              388410.16510003246,
              530067.63149999827
            ],
            [
              388411.01410003658,
              530063.19050000422
            ],
            [
              388414.3102000365,
              530056.54690000415
            ],
            [
              388415.36330003385,
              530053.00050000288
            ],
            [
              388418.94290003646,
              530046.0864000041
            ],
            [
              388422.67730003409,
              530036.5084999986
            ],
            [
              388423.41490003373,
              530029.32510000467
            ],
            [
              388421.85470003542,
              530021.08430000581
            ],
            [
              388422.43500003405,
              530014.63810000755
            ],
            [
              388421.6947000334,
              530000.63420000486
            ],
            [
              388420.34380003903,
              529990.64570000395
            ],
            [
              388415.1957000345,
              529971.09250000492
            ],
            [
              388408.88070003502,
              529956.00100000389
            ],
            [
              388404.74370003399,
              529948.25850000791
            ],
            [
              388401.05360003468,
              529940.36890000664
            ],
            [
              388396.61000003386,
              529936.30430000462
            ],
            [
              388393.05540003348,
              529934.44550000504
            ],
            [
              388392.48510003649,
              529931.58900000341
            ],
            [
              388392.88920003735,
              529927.43880000338
            ],
            [
              388394.33210003562,
              529922.08850000612
            ],
            [
              388396.27080003638,
              529918.50890000351
            ],
            [
              388399.23720003571,
              529912.47660000622
            ],
            [
              388398.24710003473,
              529908.09110000543
            ],
            [
              388396.03200003691,
              529906.05500000529
            ],
            [
              388395.63070003409,
              529900.48220000416
            ],
            [
              388397.87410003599,
              529898.43750000373
            ],
            [
              388399.53190003429,
              529896.36960000731
            ],
            [
              388400.20390003547,
              529893.10270000622
            ],
            [
              388403.29190003406,
              529893.02309999801
            ],
            [
              388405.77060003765,
              529892.8842999991
            ],
            [
              388408.12400003336,
              529889.92740000412
            ],
            [
              388410.36610003375,
              529884.98150000535
            ],
            [
              388412.15460003447,
              529883.96300000325
            ],
            [
              388412.29980003648,
              529878.46700000577
            ],
            [
              388414.21370003372,
              529876.66420000419
            ],
            [
              388417.38990003616,
              529875.44080000743
            ],
            [
              388421.48230003472,
              529872.55690000579
            ],
            [
              388421.37160003372,
              529867.52209999785
            ],
            [
              388416.96020003501,
              529864.06600000523
            ],
            [
              388412.61110003199,
              529861.89480000548
            ],
            [
              388399.37360003404,
              529853.85980000347
            ],
            [
              388394.44780003373,
              529850.75060000643
            ],
            [
              388383.77800003346,
              529847.80120000616
            ],
            [
              388376.24660003372,
              529845.21640000492
            ],
            [
              388367.96900003403,
              529839.9361000061
            ],
            [
              388359.05820003338,
              529832.53570000641
            ],
            [
              388353.9773000339,
              529828.83069999889
            ],
            [
              388347.19530003425,
              529820.91110000759
            ],
            [
              388333.88040003367,
              529814.21959999949
            ],
            [
              388328.97160003334,
              529815.57880000584
            ],
            [
              388321.84920003358,
              529813.7750000041
            ],
            [
              388316.41920003295,
              529812.0613000039
            ],
            [
              388314.15450003371,
              529808.13800000213
            ],
            [
              388311.39200003352,
              529801.92180000618
            ],
            [
              388312.31560003385,
              529798.9336000029
            ],
            [
              388308.27760003228,
              529792.20970000327
            ],
            [
              388308.15740003716,
              529789.0549000036
            ],
            [
              388305.82850003522,
              529787.56599999964
            ],
            [
              388302.57510003541,
              529782.97199999914
            ],
            [
              388301.45870003477,
              529781.39220000431
            ],
            [
              388299.68150003534,
              529777.47040000744
            ],
            [
              388297.7883000318,
              529771.37960000522
            ],
            [
              388296.69580003433,
              529765.73590000346
            ],
            [
              388301.03360003512,
              529763.24120000005
            ],
            [
              388303.26770003419,
              529759.35100000538
            ],
            [
              388301.79840003233,
              529754.4131000042
            ],
            [
              388298.30420003552,
              529744.23420000821
            ],
            [
              388295.30750003364,
              529742.4987000078
            ],
            [
              388295.47680003475,
              529737.56000000611
            ],
            [
              388294.47910003364,
              529734.34710000642
            ],
            [
              388297.67060003523,
              529728.47310000286
            ],
            [
              388301.72770003323,
              529720.98950000294
            ],
            [
              388301.57120003551,
              529717.28460000828
            ],
            [
              388302.28270003386,
              529712.00970000774
            ],
            [
              388306.80810003635,
              529708.14050000533
            ],
            [
              388309.00280003436,
              529703.99600000307
            ],
            [
              388311.88170003425,
              529698.97560000606
            ],
            [
              388313.90330003481,
              529691.59759999812
            ],
            [
              388310.78860003222,
              529685.32700000517
            ],
            [
              388311.26450003218,
              529680.554500008
            ],
            [
              388311.63090003375,
              529675.90690000169
            ],
            [
              388308.86110003293,
              529673.46010000631
            ],
            [
              388308.28450003453,
              529667.77090000547
            ],
            [
              388311.68760003243,
              529662.85600000806
            ],
            [
              388314.86620003358,
              529659.78000000305
            ],
            [
              388315.44690003432,
              529653.78870000504
            ],
            [
              388314.57010003366,
              529651.85110000707
            ],
            [
              388317.3608000325,
              529648.57920000516
            ],
            [
              388318.23680003639,
              529645.39460000768
            ],
            [
              388317.57490003854,
              529641.69990000501
            ],
            [
              388318.54340003245,
              529636.84500000626
            ],
            [
              388319.46250003576,
              529631.97630000487
            ],
            [
              388319.507400034,
              529628.06300000288
            ],
            [
              388320.60130003467,
              529624.79870000295
            ],
            [
              388318.83200003114,
              529621.39230000786
            ],
            [
              388318.28490003198,
              529618.33050000668
            ],
            [
              388320.48050003219,
              529617.11410000362
            ],
            [
              388320.53120003454,
              529612.90640000626
            ],
            [
              388319.35940003395,
              529610.25250000507
            ],
            [
              388321.66100003663,
              529607.28200000525
            ],
            [
              388322.23870003596,
              529604.15730000287
            ],
            [
              388320.92530003469,
              529600.51790000312
            ],
            [
              388316.80750003457,
              529598.84840000048
            ],
            [
              388310.34520003386,
              529599.23820000701
            ],
            [
              388310.3329000352,
              529599.78720000014
            ],
            [
              388304.02710003778,
              529596.31260000356
            ],
            [
              388298.38330003619,
              529587.19310000539
            ],
            [
              388287.53280003276,
              529576.61580000445
            ],
            [
              388289.07030003704,
              529575.42190000787
            ],
            [
              388280.3888000343,
              529567.34070000611
            ],
            [
              388275.47880003322,
              529566.47380000539
            ],
            [
              388274.49650003389,
              529564.89030000381
            ],
            [
              388273.20330003463,
              529561.77060000598
            ],
            [
              388275.85730003379,
              529555.80809999816
            ],
            [
              388280.03680003248,
              529555.35290000588
            ],
            [
              388277.9590000324,
              529552.22350000776
            ],
            [
              388275.38430003263,
              529549.96430000663
            ],
            [
              388273.30620003399,
              529544.70560000092
            ],
            [
              388268.25140003674,
              529539.09480000474
            ],
            [
              388263.35320003331,
              529533.48700000346
            ],
            [
              388258.18540003616,
              529529.31730000302
            ],
            [
              388253.20160003286,
              529514.32000000402
            ],
            [
              388252.1855000332,
              529510.34720000066
            ],
            [
              388243.22800003365,
              529500.76510000601
            ],
            [
              388232.22270003706,
              529492.09410000779
            ],
            [
              388223.84420003369,
              529479.33710000478
            ],
            [
              388217.99780003447,
              529467.3273000028
            ],
            [
              388215.86670003459,
              529463.61169999838
            ],
            [
              388213.30550003331,
              529455.22240000591
            ],
            [
              388206.57050003391,
              529454.95930000767
            ],
            [
              388209.0736000333,
              529449.87280000374
            ],
            [
              388196.8979000356,
              529454.54770000651
            ],
            [
              388193.80000003427,
              529454.85400000028
            ],
            [
              388198.04650003463,
              529447.66480000503
            ],
            [
              388188.8804000346,
              529445.12200000323
            ],
            [
              388182.15610003285,
              529440.418700004
            ],
            [
              388177.58360003401,
              529434.87930000387
            ],
            [
              388172.65100003313,
              529443.1716000028
            ],
            [
              388168.94750003237,
              529445.79299999774
            ],
            [
              388165.43580003455,
              529444.60650000535
            ],
            [
              388162.42830003612,
              529437.40030000545
            ],
            [
              388158.82490003947,
              529433.22860000655
            ],
            [
              388150.6901000319,
              529436.05250000581
            ],
            [
              388135.14370003343,
              529429.6986000035
            ],
            [
              388130.75520003494,
              529419.61130000837
            ],
            [
              388130.04170003626,
              529408.04270000197
            ],
            [
              388128.08920003939,
              529404.03280000575
            ],
            [
              388124.12700003386,
              529401.81500000507
            ],
            [
              388123.90960003249,
              529396.32360000536
            ],
            [
              388124.89920003526,
              529392.15770000778
            ],
            [
              388124.10330003407,
              529384.25510000624
            ],
            [
              388123.83090003394,
              529379.84770000353
            ],
            [
              388120.21730003599,
              529375.61270000599
            ],
            [
              388114.59690003656,
              529373.37320000306
            ],
            [
              388109.19610003289,
              529361.03840000369
            ],
            [
              388104.47700003255,
              529358.04650000669
            ],
            [
              388101.84170003328,
              529348.98550000787
            ],
            [
              388096.01620003674,
              529343.96730000153
            ],
            [
              388092.20120003168,
              529324.23020000383
            ],
            [
              388092.13550003432,
              529308.71900000609
            ],
            [
              388088.77350003459,
              529302.8550000079
            ],
            [
              388093.75390003435,
              529287.7152000051
            ],
            [
              388098.2293000333,
              529276.93650000542
            ],
            [
              388100.2012000354,
              529272.20530000515
            ],
            [
              388101.5091000339,
              529269.23720000684
            ],
            [
              388100.49800003413,
              529259.00260000303
            ],
            [
              388091.47320003435,
              529254.43510000408
            ],
            [
              388089.65110003669,
              529252.20510000736
            ],
            [
              388088.4224000331,
              529247.85580000468
            ],
            [
              388089.29660003819,
              529240.53300000541
            ],
            [
              388086.33560003433,
              529231.98860000446
            ],
            [
              388081.0604000343,
              529229.11410000548
            ],
            [
              388075.08080003597,
              529223.54220000468
            ],
            [
              388071.55460003391,
              529214.37710000761
            ],
            [
              388066.39960003458,
              529214.47360000387
            ],
            [
              388060.26670003124,
              529216.21270000003
            ],
            [
              388056.46420003381,
              529220.03180000558
            ],
            [
              388051.60640003346,
              529219.96620000713
            ],
            [
              388041.44850003347,
              529215.8579000067
            ],
            [
              388032.61420003138,
              529210.76170000434
            ],
            [
              388022.56940003391,
              529203.16560000554
            ],
            [
              388018.90230003372,
              529199.87950000539
            ],
            [
              388017.51950003579,
              529193.31510000303
            ],
            [
              388017.64660003502,
              529187.6581000071
            ],
            [
              388018.45800003223,
              529182.73530000076
            ],
            [
              388015.74280003272,
              529179.69260000065
            ],
            [
              388006.55010003317,
              529178.14620000497
            ],
            [
              388002.37590003293,
              529174.38470000587
            ],
            [
              388002.35590003524,
              529169.38070000708
            ],
            [
              388003.09290003311,
              529166.29260000587
            ],
            [
              388003.1351000322,
              529159.17450000532
            ],
            [
              388000.73760003131,
              529152.69520000368
            ],
            [
              387996.14070003387,
              529144.26040000655
            ],
            [
              387991.82560003363,
              529139.68679999933
            ],
            [
              387989.30460003577,
              529124.66960000433
            ],
            [
              387987.32220003754,
              529118.29500000365
            ]
          ]
        ]
      }
    }
  ]
}