{
  "displayFieldName" : "",
  "fieldAliases" : {
    "FID" : "FID",
    "PMNTN_SPOT" : "PMNTN_SPOT",
    "MNTN_CODE" : "MNTN_CODE",
    "MANAGE_SP1" : "MANAGE_SP1",
    "MANAGE_SP2" : "MANAGE_SP2",
    "DETAIL_SPO" : "DETAIL_SPO",
    "ETC_MATTER" : "ETC_MATTER",
    "MNTN_NM" : "MNTN_NM",
    "PAST_SPOT_" : "PAST_SPOT_",
    "MNTN_ID" : "MNTN_ID"
  },
  "geometryType" : "esriGeometryPoint",
  "spatialReference" : {
    "wkt" : "PROJCS[\"PCS_ITRF2000_TM\",GEOGCS[\"GCS_ITRF_2000\",DATUM[\"D_ITRF_2000\",SPHEROID[\"GRS_1980\",6378137.0,298.257222101]],PRIMEM[\"Greenwich\",0.0],UNIT[\"Degree\",0.0174532925199433]],PROJECTION[\"Transverse_Mercator\"],PARAMETER[\"False_Easting\",200000.0],PARAMETER[\"False_Northing\",600000.0],PARAMETER[\"Central_Meridian\",127.0],PARAMETER[\"Scale_Factor\",1.0],PARAMETER[\"Latitude_Of_Origin\",38.0],UNIT[\"Meter\",1.0]]"
  },
  "fields" : [
    {
      "name" : "FID",
      "type" : "esriFieldTypeOID",
      "alias" : "FID"
    },
    {
      "name" : "PMNTN_SPOT",
      "type" : "esriFieldTypeDouble",
      "alias" : "PMNTN_SPOT"
    },
    {
      "name" : "MNTN_CODE",
      "type" : "esriFieldTypeString",
      "alias" : "MNTN_CODE",
      "length" : 9
    },
    {
      "name" : "MANAGE_SP1",
      "type" : "esriFieldTypeString",
      "alias" : "MANAGE_SP1",
      "length" : 2
    },
    {
      "name" : "MANAGE_SP2",
      "type" : "esriFieldTypeString",
      "alias" : "MANAGE_SP2",
      "length" : 50
    },
    {
      "name" : "DETAIL_SPO",
      "type" : "esriFieldTypeString",
      "alias" : "DETAIL_SPO",
      "length" : 200
    },
    {
      "name" : "ETC_MATTER",
      "type" : "esriFieldTypeString",
      "alias" : "ETC_MATTER",
      "length" : 200
    },
    {
      "name" : "MNTN_NM",
      "type" : "esriFieldTypeString",
      "alias" : "MNTN_NM",
      "length" : 50
    },
    {
      "name" : "PAST_SPOT_",
      "type" : "esriFieldTypeString",
      "alias" : "PAST_SPOT_",
      "length" : 14
    },
    {
      "name" : "MNTN_ID",
      "type" : "esriFieldTypeString",
      "alias" : "MNTN_ID",
      "length" : 10
    }
  ],
  "features" : [
    {
      "attributes" : {
        "FID" : 0,
        "PMNTN_SPOT" : 91277,
        "MNTN_CODE" : "422306604",
        "MANAGE_SP1" : "99",
        "MANAGE_SP2" : "기타",
        "DETAIL_SPO" : "무명소1",
        "ETC_MATTER" : " ",
        "MNTN_NM" : "한도골계곡",
        "PAST_SPOT_" : "4223066040001",
        "MNTN_ID" : "422306604"
      },
      "geometry" : {
        "x" : 388216.07419999875,
        "y" : 529465.95290000178
      }
    },
    {
      "attributes" : {
        "FID" : 1,
        "PMNTN_SPOT" : 91278,
        "MNTN_CODE" : "422306604",
        "MANAGE_SP1" : "99",
        "MANAGE_SP2" : "기타",
        "DETAIL_SPO" : "무명소2",
        "ETC_MATTER" : " ",
        "MNTN_NM" : "한도골계곡",
        "PAST_SPOT_" : "4223066040002",
        "MNTN_ID" : "422306604"
      },
      "geometry" : {
        "x" : 388130.75289999973,
        "y" : 529419.7137000002
      }
    },
    {
      "attributes" : {
        "FID" : 2,
        "PMNTN_SPOT" : 91279,
        "MNTN_CODE" : "422306604",
        "MANAGE_SP1" : "99",
        "MANAGE_SP2" : "기타",
        "DETAIL_SPO" : "무명폭포",
        "ETC_MATTER" : " ",
        "MNTN_NM" : "한도골계곡",
        "PAST_SPOT_" : "4223066040003",
        "MNTN_ID" : "422306604"
      },
      "geometry" : {
        "x" : 388270.53930000123,
        "y" : 529539.80720000155
      }
    },
    {
      "attributes" : {
        "FID" : 3,
        "PMNTN_SPOT" : 91280,
        "MNTN_CODE" : "422306604",
        "MANAGE_SP1" : "99",
        "MANAGE_SP2" : "기타",
        "DETAIL_SPO" : "한도골교",
        "ETC_MATTER" : " ",
        "MNTN_NM" : "한도골계곡",
        "PAST_SPOT_" : "4223066040004",
        "MNTN_ID" : "422306604"
      },
      "geometry" : {
        "x" : 388343.31170000043,
        "y" : 530312.87389999814
      }
    },
    {
      "attributes" : {
        "FID" : 4,
        "PMNTN_SPOT" : 91281,
        "MNTN_CODE" : "422306604",
        "MANAGE_SP1" : "01",
        "MANAGE_SP2" : "시종점",
        "DETAIL_SPO" : "시종점",
        "ETC_MATTER" : " ",
        "MNTN_NM" : "한도골계곡",
        "PAST_SPOT_" : "4223066040005",
        "MNTN_ID" : "422306604"
      },
      "geometry" : {
        "x" : 387987.32220000029,
        "y" : 529118.29499999993
      }
    },
    {
      "attributes" : {
        "FID" : 5,
        "PMNTN_SPOT" : 91282,
        "MNTN_CODE" : "422306604",
        "MANAGE_SP1" : "01",
        "MANAGE_SP2" : "시종점",
        "DETAIL_SPO" : "시종점",
        "ETC_MATTER" : " ",
        "MNTN_NM" : "한도골계곡",
        "PAST_SPOT_" : "4223066040006",
        "MNTN_ID" : "422306604"
      },
      "geometry" : {
        "x" : 388348.58340000082,
        "y" : 530322.59730000235
      }
    },
    {
      "attributes" : {
        "FID" : 6,
        "PMNTN_SPOT" : 99684,
        "MNTN_CODE" : "422306604",
        "MANAGE_SP1" : "12",
        "MANAGE_SP2" : "위험지역",
        "DETAIL_SPO" : "늪지대",
        "ETC_MATTER" : " ",
        "MNTN_NM" : "한도골계곡",
        "PAST_SPOT_" : "4223066040007",
        "MNTN_ID" : "422306604"
      },
      "geometry" : {
        "x" : 388342.49210000073,
        "y" : 530128.82540000009
      }
    },
    {
      "attributes" : {
        "FID" : 7,
        "PMNTN_SPOT" : 99685,
        "MNTN_CODE" : "422306604",
        "MANAGE_SP1" : "23",
        "MANAGE_SP2" : "정상",
        "DETAIL_SPO" : "정상",
        "ETC_MATTER" : " ",
        "MNTN_NM" : "한도골계곡",
        "PAST_SPOT_" : "4223066040008",
        "MNTN_ID" : "422306604"
      },
      "geometry" : {
        "x" : 388332.02679999941,
        "y" : 529809.73759999976
      }
    }
  ]
}