{
  "displayFieldName" : "",
  "fieldAliases" : {
    "FID" : "FID",
    "PMNTN_SPOT" : "PMNTN_SPOT",
    "MNTN_CODE" : "MNTN_CODE",
    "MANAGE_SP1" : "MANAGE_SP1",
    "MANAGE_SP2" : "MANAGE_SP2",
    "DETAIL_SPO" : "DETAIL_SPO",
    "ETC_MATTER" : "ETC_MATTER",
    "MNTN_NM" : "MNTN_NM",
    "PAST_SPOT_" : "PAST_SPOT_",
    "MNTN_ID" : "MNTN_ID"
  },
  "geometryType" : "esriGeometryPoint",
  "spatialReference" : {
    "wkt" : "PROJCS[\"PCS_ITRF2000_TM\",GEOGCS[\"GCS_ITRF_2000\",DATUM[\"D_ITRF_2000\",SPHEROID[\"GRS_1980\",6378137.0,298.257222101]],PRIMEM[\"Greenwich\",0.0],UNIT[\"Degree\",0.0174532925199433]],PROJECTION[\"Transverse_Mercator\"],PARAMETER[\"False_Easting\",200000.0],PARAMETER[\"False_Northing\",600000.0],PARAMETER[\"Central_Meridian\",127.0],PARAMETER[\"Scale_Factor\",1.0],PARAMETER[\"Latitude_Of_Origin\",38.0],UNIT[\"Meter\",1.0]]"
  },
  "fields" : [
    {
      "name" : "FID",
      "type" : "esriFieldTypeOID",
      "alias" : "FID"
    },
    {
      "name" : "PMNTN_SPOT",
      "type" : "esriFieldTypeDouble",
      "alias" : "PMNTN_SPOT"
    },
    {
      "name" : "MNTN_CODE",
      "type" : "esriFieldTypeString",
      "alias" : "MNTN_CODE",
      "length" : 9
    },
    {
      "name" : "MANAGE_SP1",
      "type" : "esriFieldTypeString",
      "alias" : "MANAGE_SP1",
      "length" : 2
    },
    {
      "name" : "MANAGE_SP2",
      "type" : "esriFieldTypeString",
      "alias" : "MANAGE_SP2",
      "length" : 50
    },
    {
      "name" : "DETAIL_SPO",
      "type" : "esriFieldTypeString",
      "alias" : "DETAIL_SPO",
      "length" : 200
    },
    {
      "name" : "ETC_MATTER",
      "type" : "esriFieldTypeString",
      "alias" : "ETC_MATTER",
      "length" : 200
    },
    {
      "name" : "MNTN_NM",
      "type" : "esriFieldTypeString",
      "alias" : "MNTN_NM",
      "length" : 50
    },
    {
      "name" : "PAST_SPOT_",
      "type" : "esriFieldTypeString",
      "alias" : "PAST_SPOT_",
      "length" : 14
    },
    {
      "name" : "MNTN_ID",
      "type" : "esriFieldTypeString",
      "alias" : "MNTN_ID",
      "length" : 10
    }
  ],
  "features" : [
    {
      "attributes" : {
        "FID" : 0,
        "PMNTN_SPOT" : 80184,
        "MNTN_CODE" : "427903501",
        "MANAGE_SP1" : "15",
        "MANAGE_SP2" : "훼손지",
        "DETAIL_SPO" : "훼손지",
        "ETC_MATTER" : " ",
        "MNTN_NM" : "죽엽산",
        "PAST_SPOT_" : "4279035010001",
        "MNTN_ID" : "427903501"
      },
      "geometry" : {
        "x" : 273685.98547057714,
        "y" : 606194.52982789464
      }
    },
    {
      "attributes" : {
        "FID" : 1,
        "PMNTN_SPOT" : 80185,
        "MNTN_CODE" : "427903501",
        "MANAGE_SP1" : "99",
        "MANAGE_SP2" : "기타",
        "DETAIL_SPO" : "묘",
        "ETC_MATTER" : " ",
        "MNTN_NM" : "죽엽산",
        "PAST_SPOT_" : "4279035010002",
        "MNTN_ID" : "427903501"
      },
      "geometry" : {
        "x" : 273704.04498600494,
        "y" : 606215.7210748177
      }
    },
    {
      "attributes" : {
        "FID" : 2,
        "PMNTN_SPOT" : 80186,
        "MNTN_CODE" : "427903501",
        "MANAGE_SP1" : "15",
        "MANAGE_SP2" : "훼손지",
        "DETAIL_SPO" : "훼손지",
        "ETC_MATTER" : " ",
        "MNTN_NM" : "죽엽산",
        "PAST_SPOT_" : "4279035010003",
        "MNTN_ID" : "427903501"
      },
      "geometry" : {
        "x" : 273966.74515599664,
        "y" : 606445.67425074801
      }
    },
    {
      "attributes" : {
        "FID" : 3,
        "PMNTN_SPOT" : 80187,
        "MNTN_CODE" : "427903501",
        "MANAGE_SP1" : "01",
        "MANAGE_SP2" : "시종점",
        "DETAIL_SPO" : "시종점",
        "ETC_MATTER" : " ",
        "MNTN_NM" : "죽엽산",
        "PAST_SPOT_" : "4279035010004",
        "MNTN_ID" : "427903501"
      },
      "geometry" : {
        "x" : 273494.62081290875,
        "y" : 606108.76781535521
      }
    },
    {
      "attributes" : {
        "FID" : 4,
        "PMNTN_SPOT" : 80188,
        "MNTN_CODE" : "427903501",
        "MANAGE_SP1" : "02",
        "MANAGE_SP2" : "분기점",
        "DETAIL_SPO" : "분기점",
        "ETC_MATTER" : " ",
        "MNTN_NM" : "죽엽산",
        "PAST_SPOT_" : "4279035010005",
        "MNTN_ID" : "427903501"
      },
      "geometry" : {
        "x" : 273675.9769056309,
        "y" : 606277.19972315058
      }
    },
    {
      "attributes" : {
        "FID" : 5,
        "PMNTN_SPOT" : 80189,
        "MNTN_CODE" : "427903501",
        "MANAGE_SP1" : "02",
        "MANAGE_SP2" : "분기점",
        "DETAIL_SPO" : "분기점",
        "ETC_MATTER" : " ",
        "MNTN_NM" : "죽엽산",
        "PAST_SPOT_" : "4279035010006",
        "MNTN_ID" : "427903501"
      },
      "geometry" : {
        "x" : 273688.85649147071,
        "y" : 606198.54505013116
      }
    },
    {
      "attributes" : {
        "FID" : 6,
        "PMNTN_SPOT" : 80190,
        "MNTN_CODE" : "427903501",
        "MANAGE_SP1" : "01",
        "MANAGE_SP2" : "시종점",
        "DETAIL_SPO" : "시종점",
        "ETC_MATTER" : " ",
        "MNTN_NM" : "죽엽산",
        "PAST_SPOT_" : "4279035010007",
        "MNTN_ID" : "427903501"
      },
      "geometry" : {
        "x" : 273711.95509103034,
        "y" : 606226.8986260388
      }
    },
    {
      "attributes" : {
        "FID" : 7,
        "PMNTN_SPOT" : 80191,
        "MNTN_CODE" : "427903501",
        "MANAGE_SP1" : "02",
        "MANAGE_SP2" : "분기점",
        "DETAIL_SPO" : "분기점",
        "ETC_MATTER" : " ",
        "MNTN_NM" : "죽엽산",
        "PAST_SPOT_" : "4279035010008",
        "MNTN_ID" : "427903501"
      },
      "geometry" : {
        "x" : 273870.58600535616,
        "y" : 606441.98555225134
      }
    },
    {
      "attributes" : {
        "FID" : 8,
        "PMNTN_SPOT" : 80192,
        "MNTN_CODE" : "427903501",
        "MANAGE_SP1" : "02",
        "MANAGE_SP2" : "분기점",
        "DETAIL_SPO" : "분기점",
        "ETC_MATTER" : " ",
        "MNTN_NM" : "죽엽산",
        "PAST_SPOT_" : "4279035010009",
        "MNTN_ID" : "427903501"
      },
      "geometry" : {
        "x" : 274027.87737510353,
        "y" : 606398.33125733398
      }
    },
    {
      "attributes" : {
        "FID" : 9,
        "PMNTN_SPOT" : 99261,
        "MNTN_CODE" : "427903501",
        "MANAGE_SP1" : "15",
        "MANAGE_SP2" : "훼손지",
        "DETAIL_SPO" : "훼손지",
        "ETC_MATTER" : " ",
        "MNTN_NM" : "죽엽산",
        "PAST_SPOT_" : "4279035010010",
        "MNTN_ID" : "427903501"
      },
      "geometry" : {
        "x" : 273673.68919999962,
        "y" : 606284.96859999921
      }
    }
  ]
}