{
  "displayFieldName" : "",
  "fieldAliases" : {
    "FID" : "FID",
    "PMNTN_SPOT" : "PMNTN_SPOT",
    "MNTN_CODE" : "MNTN_CODE",
    "MANAGE_SP1" : "MANAGE_SP1",
    "MANAGE_SP2" : "MANAGE_SP2",
    "DETAIL_SPO" : "DETAIL_SPO",
    "ETC_MATTER" : "ETC_MATTER",
    "MNTN_NM" : "MNTN_NM",
    "PAST_SPOT_" : "PAST_SPOT_",
    "MNTN_ID" : "MNTN_ID"
  },
  "geometryType" : "esriGeometryPoint",
  "spatialReference" : {
    "wkt" : "PROJCS[\"PCS_ITRF2000_TM\",GEOGCS[\"GCS_ITRF_2000\",DATUM[\"D_ITRF_2000\",SPHEROID[\"GRS_1980\",6378137.0,298.257222101]],PRIMEM[\"Greenwich\",0.0],UNIT[\"Degree\",0.0174532925199433]],PROJECTION[\"Transverse_Mercator\"],PARAMETER[\"False_Easting\",200000.0],PARAMETER[\"False_Northing\",600000.0],PARAMETER[\"Central_Meridian\",127.0],PARAMETER[\"Scale_Factor\",1.0],PARAMETER[\"Latitude_Of_Origin\",38.0],UNIT[\"Meter\",1.0]]"
  },
  "fields" : [
    {
      "name" : "FID",
      "type" : "esriFieldTypeOID",
      "alias" : "FID"
    },
    {
      "name" : "PMNTN_SPOT",
      "type" : "esriFieldTypeDouble",
      "alias" : "PMNTN_SPOT"
    },
    {
      "name" : "MNTN_CODE",
      "type" : "esriFieldTypeString",
      "alias" : "MNTN_CODE",
      "length" : 9
    },
    {
      "name" : "MANAGE_SP1",
      "type" : "esriFieldTypeString",
      "alias" : "MANAGE_SP1",
      "length" : 2
    },
    {
      "name" : "MANAGE_SP2",
      "type" : "esriFieldTypeString",
      "alias" : "MANAGE_SP2",
      "length" : 50
    },
    {
      "name" : "DETAIL_SPO",
      "type" : "esriFieldTypeString",
      "alias" : "DETAIL_SPO",
      "length" : 200
    },
    {
      "name" : "ETC_MATTER",
      "type" : "esriFieldTypeString",
      "alias" : "ETC_MATTER",
      "length" : 200
    },
    {
      "name" : "MNTN_NM",
      "type" : "esriFieldTypeString",
      "alias" : "MNTN_NM",
      "length" : 50
    },
    {
      "name" : "PAST_SPOT_",
      "type" : "esriFieldTypeString",
      "alias" : "PAST_SPOT_",
      "length" : 14
    },
    {
      "name" : "MNTN_ID",
      "type" : "esriFieldTypeString",
      "alias" : "MNTN_ID",
      "length" : 10
    }
  ],
  "features" : [
    {
      "attributes" : {
        "FID" : 0,
        "PMNTN_SPOT" : 55444,
        "MNTN_CODE" : "413603704",
        "MANAGE_SP1" : "01",
        "MANAGE_SP2" : "시종점",
        "DETAIL_SPO" : "시종점",
        "ETC_MATTER" : " ",
        "MNTN_NM" : "수종사",
        "PAST_SPOT_" : "4136037040001",
        "MNTN_ID" : "413603704"
      },
      "geometry" : {
        "x" : 226605.42810000107,
        "y" : 552654.60979999974
      }
    },
    {
      "attributes" : {
        "FID" : 1,
        "PMNTN_SPOT" : 55445,
        "MNTN_CODE" : "413603704",
        "MANAGE_SP1" : "02",
        "MANAGE_SP2" : "분기점",
        "DETAIL_SPO" : "분기점",
        "ETC_MATTER" : " ",
        "MNTN_NM" : "수종사",
        "PAST_SPOT_" : "4136037040002",
        "MNTN_ID" : "413603704"
      },
      "geometry" : {
        "x" : 226780.04920000117,
        "y" : 552756.68820000067
      }
    },
    {
      "attributes" : {
        "FID" : 2,
        "PMNTN_SPOT" : 55446,
        "MNTN_CODE" : "413603704",
        "MANAGE_SP1" : "02",
        "MANAGE_SP2" : "분기점",
        "DETAIL_SPO" : "분기점",
        "ETC_MATTER" : " ",
        "MNTN_NM" : "수종사",
        "PAST_SPOT_" : "4136037040003",
        "MNTN_ID" : "413603704"
      },
      "geometry" : {
        "x" : 226806.3953999998,
        "y" : 552440.10270000063
      }
    },
    {
      "attributes" : {
        "FID" : 3,
        "PMNTN_SPOT" : 55447,
        "MNTN_CODE" : "413603704",
        "MANAGE_SP1" : "01",
        "MANAGE_SP2" : "시종점",
        "DETAIL_SPO" : "시종점",
        "ETC_MATTER" : " ",
        "MNTN_NM" : "수종사",
        "PAST_SPOT_" : "4136037040004",
        "MNTN_ID" : "413603704"
      },
      "geometry" : {
        "x" : 226854.87390000094,
        "y" : 552812.76530000195
      }
    },
    {
      "attributes" : {
        "FID" : 4,
        "PMNTN_SPOT" : 55448,
        "MNTN_CODE" : "413603704",
        "MANAGE_SP1" : "01",
        "MANAGE_SP2" : "시종점",
        "DETAIL_SPO" : "시종점",
        "ETC_MATTER" : " ",
        "MNTN_NM" : "수종사",
        "PAST_SPOT_" : "4136037040005",
        "MNTN_ID" : "413603704"
      },
      "geometry" : {
        "x" : 227728.68260000087,
        "y" : 551269.96090000309
      }
    },
    {
      "attributes" : {
        "FID" : 5,
        "PMNTN_SPOT" : 55449,
        "MNTN_CODE" : "413603704",
        "MANAGE_SP1" : "01",
        "MANAGE_SP2" : "시종점",
        "DETAIL_SPO" : "시종점",
        "ETC_MATTER" : " ",
        "MNTN_NM" : "수종사",
        "PAST_SPOT_" : "4136037040006",
        "MNTN_ID" : "413603704"
      },
      "geometry" : {
        "x" : 228428.06270000059,
        "y" : 552109.15060000308
      }
    },
    {
      "attributes" : {
        "FID" : 6,
        "PMNTN_SPOT" : 97763,
        "MNTN_CODE" : "413603704",
        "MANAGE_SP1" : "10",
        "MANAGE_SP2" : "이정표",
        "DETAIL_SPO" : "이정표",
        "ETC_MATTER" : " ",
        "MNTN_NM" : "수종사",
        "PAST_SPOT_" : "4136037040007",
        "MNTN_ID" : "413603704"
      },
      "geometry" : {
        "x" : 227360.53630000073,
        "y" : 551299.55150000006
      }
    }
  ]
}