{
  "displayFieldName" : "",
  "fieldAliases" : {
    "FID" : "FID",
    "PMNTN_SN" : "PMNTN_SN",
    "MNTN_CODE" : "MNTN_CODE",
    "MNTN_NM" : "MNTN_NM",
    "PMNTN_NM" : "PMNTN_NM",
    "PMNTN_MAIN" : "PMNTN_MAIN",
    "PMNTN_LT" : "PMNTN_LT",
    "PMNTN_DFFL" : "PMNTN_DFFL",
    "PMNTN_UPPL" : "PMNTN_UPPL",
    "PMNTN_GODN" : "PMNTN_GODN",
    "PMNTN_MTRQ" : "PMNTN_MTRQ",
    "PMNTN_CNRL" : "PMNTN_CNRL",
    "PMNTN_CLS_" : "PMNTN_CLS_",
    "PMNTN_RISK" : "PMNTN_RISK",
    "PMNTN_RECO" : "PMNTN_RECO",
    "DATA_STDR_" : "DATA_STDR_",
    "MNTN_ID" : "MNTN_ID"
  },
  "geometryType" : "esriGeometryPolyline",
  "spatialReference" : {
    "wkt" : "PROJCS[\"PCS_ITRF2000_TM\",GEOGCS[\"GCS_ITRF_2000\",DATUM[\"D_ITRF_2000\",SPHEROID[\"GRS_1980\",6378137.0,298.257222101]],PRIMEM[\"Greenwich\",0.0],UNIT[\"Degree\",0.0174532925199433]],PROJECTION[\"Transverse_Mercator\"],PARAMETER[\"False_Easting\",200000.0],PARAMETER[\"False_Northing\",600000.0],PARAMETER[\"Central_Meridian\",127.0],PARAMETER[\"Scale_Factor\",1.0],PARAMETER[\"Latitude_Of_Origin\",38.0],UNIT[\"Meter\",1.0]]"
  },
  "fields" : [
    {
      "name" : "FID",
      "type" : "esriFieldTypeOID",
      "alias" : "FID"
    },
    {
      "name" : "PMNTN_SN",
      "type" : "esriFieldTypeDouble",
      "alias" : "PMNTN_SN"
    },
    {
      "name" : "MNTN_CODE",
      "type" : "esriFieldTypeString",
      "alias" : "MNTN_CODE",
      "length" : 9
    },
    {
      "name" : "MNTN_NM",
      "type" : "esriFieldTypeString",
      "alias" : "MNTN_NM",
      "length" : 50
    },
    {
      "name" : "PMNTN_NM",
      "type" : "esriFieldTypeString",
      "alias" : "PMNTN_NM",
      "length" : 50
    },
    {
      "name" : "PMNTN_MAIN",
      "type" : "esriFieldTypeString",
      "alias" : "PMNTN_MAIN",
      "length" : 200
    },
    {
      "name" : "PMNTN_LT",
      "type" : "esriFieldTypeSingle",
      "alias" : "PMNTN_LT"
    },
    {
      "name" : "PMNTN_DFFL",
      "type" : "esriFieldTypeString",
      "alias" : "PMNTN_DFFL",
      "length" : 8
    },
    {
      "name" : "PMNTN_UPPL",
      "type" : "esriFieldTypeDouble",
      "alias" : "PMNTN_UPPL"
    },
    {
      "name" : "PMNTN_GODN",
      "type" : "esriFieldTypeDouble",
      "alias" : "PMNTN_GODN"
    },
    {
      "name" : "PMNTN_MTRQ",
      "type" : "esriFieldTypeString",
      "alias" : "PMNTN_MTRQ",
      "length" : 200
    },
    {
      "name" : "PMNTN_CNRL",
      "type" : "esriFieldTypeString",
      "alias" : "PMNTN_CNRL",
      "length" : 1
    },
    {
      "name" : "PMNTN_CLS_",
      "type" : "esriFieldTypeString",
      "alias" : "PMNTN_CLS_",
      "length" : 1
    },
    {
      "name" : "PMNTN_RISK",
      "type" : "esriFieldTypeString",
      "alias" : "PMNTN_RISK",
      "length" : 200
    },
    {
      "name" : "PMNTN_RECO",
      "type" : "esriFieldTypeString",
      "alias" : "PMNTN_RECO",
      "length" : 1
    },
    {
      "name" : "DATA_STDR_",
      "type" : "esriFieldTypeString",
      "alias" : "DATA_STDR_",
      "length" : 10
    },
    {
      "name" : "MNTN_ID",
      "type" : "esriFieldTypeString",
      "alias" : "MNTN_ID",
      "length" : 10
    }
  ],
  "features" : [
    {
      "attributes" : {
        "FID" : 0,
        "PMNTN_SN" : 34547,
        "MNTN_CODE" : "301102001",
        "MNTN_NM" : "신성봉",
        "PMNTN_NM" : "비룡동구간",
        "PMNTN_MAIN" : " ",
        "PMNTN_LT" : 0.29,
        "PMNTN_DFFL" : "쉬움",
        "PMNTN_UPPL" : 5,
        "PMNTN_GODN" : 4,
        "PMNTN_MTRQ" : " ",
        "PMNTN_CNRL" : " ",
        "PMNTN_CLS_" : " ",
        "PMNTN_RISK" : " ",
        "PMNTN_RECO" : " ",
        "DATA_STDR_" : "2016-12-31",
        "MNTN_ID" : "301102001"
      },
      "geometry" : {
        "paths" : [
          [
            [
              242752.11550000031,
              416879.45170000196
            ],
            [
              242750.10130000394,
              416878.8881000001
            ],
            [
              242745.2510000011,
              416878.17119999975
            ],
            [
              242736.28760000318,
              416875.41290000081
            ],
            [
              242727.38000000175,
              416874.0458999984
            ],
            [
              242715.30319999997,
              416871.11820000038
            ],
            [
              242702.64030000288,
              416867.12820000015
            ],
            [
              242691.442900002,
              416864.96550000273
            ],
            [
              242688.22440000065,
              416862.32380000316
            ],
            [
              242686.52589999977,
              416859.61520000175
            ],
            [
              242681.76840000227,
              416850.30460000224
            ],
            [
              242675.99650000129,
              416842.12429999933
            ],
            [
              242667.6958999997,
              416835.17769999988
            ],
            [
              242657.04710000008,
              416829.56660000235
            ],
            [
              242647.82240000181,
              416826.12390000001
            ],
            [
              242636.80810000096,
              416822.37410000339
            ],
            [
              242629.94920000061,
              416822.12000000291
            ],
            [
              242624.08409999963,
              416823.7480999995
            ],
            [
              242620.14250000007,
              416829.3956000004
            ],
            [
              242617.46920000389,
              416837.08260000125
            ],
            [
              242613.18970000185,
              416848.42330000177
            ],
            [
              242612.0979999993,
              416855.24579999968
            ],
            [
              242614.21690000035,
              416864.94429999962
            ],
            [
              242616.55550000072,
              416870.505400002
            ],
            [
              242619.71620000061,
              416874.4849999994
            ],
            [
              242627.35650000069,
              416880.17270000093
            ],
            [
              242638.48500000034,
              416891.27120000124
            ],
            [
              242648.63900000136,
              416902.03420000151
            ],
            [
              242653.10270000063,
              416911.55360000767
            ],
            [
              242659.48840000015,
              416951.31440000236
            ]
          ]
        ]
      }
    },
    {
      "attributes" : {
        "FID" : 1,
        "PMNTN_SN" : 34548,
        "MNTN_CODE" : "301102001",
        "MNTN_NM" : "신성봉",
        "PMNTN_NM" : "비룡동구간",
        "PMNTN_MAIN" : " ",
        "PMNTN_LT" : 0.41,
        "PMNTN_DFFL" : "쉬움",
        "PMNTN_UPPL" : 7,
        "PMNTN_GODN" : 5,
        "PMNTN_MTRQ" : " ",
        "PMNTN_CNRL" : " ",
        "PMNTN_CLS_" : " ",
        "PMNTN_RISK" : " ",
        "PMNTN_RECO" : " ",
        "DATA_STDR_" : "2016-12-31",
        "MNTN_ID" : "301102001"
      },
      "geometry" : {
        "paths" : [
          [
            [
              242948.56799999997,
              417048.18950000219
            ],
            [
              242956.73870000057,
              417040.37710000202
            ],
            [
              242959.64780000132,
              417036.16510000266
            ],
            [
              242959.95100000221,
              417028.2461000029
            ],
            [
              242965.38290000148,
              417020.83800000139
            ],
            [
              242970.86130000278,
              417011.91990000196
            ],
            [
              242970.05979999993,
              417003.70100000128
            ],
            [
              242966.95410000067,
              417001.5204000026
            ],
            [
              242959.96210000012,
              416995.15249999985
            ],
            [
              242956.47690000106,
              416981.39090000279
            ],
            [
              242957.0895999996,
              416972.70110000111
            ],
            [
              242961.0457000006,
              416972.52440000139
            ],
            [
              242971.22699999996,
              416970.22610000335
            ],
            [
              242974.52020000108,
              416965.69710000418
            ],
            [
              242975.34869999904,
              416962.61420000158
            ],
            [
              242973.82489999942,
              416958.22529999912
            ],
            [
              242972.37310000416,
              416952.06949999928
            ],
            [
              242967.60929999966,
              416945.54290000349
            ],
            [
              242960.96670000069,
              416942.60870000161
            ],
            [
              242949.41509999987,
              416939.75610000081
            ],
            [
              242946.6018000003,
              416937.59579999931
            ],
            [
              242946.03880000114,
              416935.28070000187
            ],
            [
              242943.07520000357,
              416927.7602000013
            ],
            [
              242937.38690000027,
              416913.19310000166
            ],
            [
              242934.67410000041,
              416906.01010000333
            ],
            [
              242934.89800000191,
              416896.67270000093
            ],
            [
              242923.2678000005,
              416891.23600000143
            ],
            [
              242909.60819999967,
              416888.48430000246
            ],
            [
              242897.38719999976,
              416887.7239000015
            ],
            [
              242890.7237000009,
              416890.2519000005
            ],
            [
              242883.29689999949,
              416885.4897000026
            ],
            [
              242878.92630000226,
              416875.54240000062
            ],
            [
              242866.32590000238,
              416869.88419999927
            ],
            [
              242863.22979999986,
              416855.7751000002
            ],
            [
              242858.59650000278,
              416851.8283000011
            ],
            [
              242851.69089999888,
              416847.48069999926
            ],
            [
              242840.3468000032,
              416850.74970000051
            ],
            [
              242831.54170000087,
              416855.60539999977
            ],
            [
              242823.35930000152,
              416857.93220000155
            ],
            [
              242816.31210000161,
              416858.92469999939
            ],
            [
              242806.50180000067,
              416860.20570000447
            ],
            [
              242793.41399999987,
              416864.50510000251
            ],
            [
              242777.14680000208,
              416871.16630000435
            ],
            [
              242768.29650000297,
              416875.62580000237
            ],
            [
              242753.6171664428,
              416879.09664001688
            ],
            [
              242752.11550000031,
              416879.45170000196
            ]
          ]
        ]
      }
    },
    {
      "attributes" : {
        "FID" : 2,
        "PMNTN_SN" : 34549,
        "MNTN_CODE" : "301102001",
        "MNTN_NM" : "신성봉",
        "PMNTN_NM" : "비룡동구간",
        "PMNTN_MAIN" : " ",
        "PMNTN_LT" : 0.2,
        "PMNTN_DFFL" : "쉬움",
        "PMNTN_UPPL" : 4,
        "PMNTN_GODN" : 2,
        "PMNTN_MTRQ" : " ",
        "PMNTN_CNRL" : " ",
        "PMNTN_CLS_" : " ",
        "PMNTN_RISK" : " ",
        "PMNTN_RECO" : " ",
        "DATA_STDR_" : "2016-12-31",
        "MNTN_ID" : "301102001"
      },
      "geometry" : {
        "paths" : [
          [
            [
              242758.82789999992,
              417029.29340000078
            ],
            [
              242767.93160000071,
              417023.73509999923
            ],
            [
              242779.44980000053,
              417025.19410000183
            ],
            [
              242785.68809999991,
              417027.30210000277
            ],
            [
              242791.06110000052,
              417027.9224000033
            ],
            [
              242801.85969999991,
              417021.88759999909
            ],
            [
              242810.27490000054,
              417027.72900000215
            ],
            [
              242814.20739999972,
              417030.43799999915
            ],
            [
              242820.58980000298,
              417031.86590000242
            ],
            [
              242827.98350000102,
              417033.38450000435
            ],
            [
              242838.09120000247,
              417029.19879999943
            ],
            [
              242838.22329999972,
              417029.22320000455
            ],
            [
              242848.39790000021,
              417027.92650000192
            ],
            [
              242857.56840000208,
              417029.78060000017
            ],
            [
              242866.53550000023,
              417031.71130000055
            ],
            [
              242871.86010000203,
              417033.57980000414
            ],
            [
              242876.91100000124,
              417037.99520000257
            ],
            [
              242880.11419999972,
              417040.12470000237
            ],
            [
              242885.96870000381,
              417041.01780000143
            ],
            [
              242896.3720000023,
              417042.95570000075
            ],
            [
              242906.86510000378,
              417044.89409999736
            ],
            [
              242917.35869999975,
              417046.72150000185
            ],
            [
              242927.7620000001,
              417048.65940000117
            ],
            [
              242936.73840000201,
              417048.70389999822
            ],
            [
              242948.56799999997,
              417048.18950000219
            ]
          ]
        ]
      }
    },
    {
      "attributes" : {
        "FID" : 3,
        "PMNTN_SN" : 34550,
        "MNTN_CODE" : "301102001",
        "MNTN_NM" : "신성봉",
        "PMNTN_NM" : "비룡동구간",
        "PMNTN_MAIN" : " ",
        "PMNTN_LT" : 0.4,
        "PMNTN_DFFL" : "쉬움",
        "PMNTN_UPPL" : 7,
        "PMNTN_GODN" : 5,
        "PMNTN_MTRQ" : " ",
        "PMNTN_CNRL" : " ",
        "PMNTN_CLS_" : " ",
        "PMNTN_RISK" : " ",
        "PMNTN_RECO" : " ",
        "DATA_STDR_" : "2016-12-31",
        "MNTN_ID" : "301102001"
      },
      "geometry" : {
        "paths" : [
          [
            [
              242948.56799999997,
              417048.18950000219
            ],
            [
              242959.13370000105,
              417058.02520000376
            ],
            [
              242963.57579999976,
              417067.3685999997
            ],
            [
              242963.52080000006,
              417078.46529999934
            ],
            [
              242963.06950000301,
              417084.1780000031
            ],
            [
              242966.84360000212,
              417087.39330000058
            ],
            [
              242969.45259999949,
              417095.14000000432
            ],
            [
              242961.96590000391,
              417102.42700000107
            ],
            [
              242955.86000000034,
              417120.92860000208
            ],
            [
              242955.81579999998,
              417129.8741999995
            ],
            [
              242957.11520000082,
              417134.99440000206
            ],
            [
              242960.24899999984,
              417140.99300000072
            ],
            [
              242963.84500000253,
              417150.59740000218
            ],
            [
              242961.67250000034,
              417161.68320000172
            ],
            [
              242958.05109999981,
              417169.81680000015
            ],
            [
              242949.56190000009,
              417178.26860000752
            ],
            [
              242941.08110000379,
              417182.93630000204
            ],
            [
              242936.02450000215,
              417192.96050000004
            ],
            [
              242934.53340000287,
              417204.05010000058
            ],
            [
              242929.99970000237,
              417213.23810000159
            ],
            [
              242926.90170000214,
              417222.54420000128
            ],
            [
              242919.41520000063,
              417229.8311999999
            ],
            [
              242916.40690000076,
              417239.1377000045
            ],
            [
              242913.30009999871,
              417250.21929999813
            ],
            [
              242909.49840000272,
              417259.41080000252
            ],
            [
              242904.24170000292,
              417266.81990000047
            ],
            [
              242899.20330000017,
              417271.24080000073
            ],
            [
              242889.28639999963,
              417277.84290000238
            ],
            [
              242880.29509999976,
              417280.96470000222
            ],
            [
              242871.29680000152,
              417285.37629999965
            ],
            [
              242865.23780000303,
              417294.36950000376
            ],
            [
              242862.08230000269,
              417302.76990000159
            ],
            [
              242860.44250000175,
              417308.28839999996
            ],
            [
              242859.12350000348,
              417314.64670000039
            ],
            [
              242860.60390000232,
              417323.86449999921
            ],
            [
              242861.02590000071,
              417333.11040000245
            ],
            [
              242857.65910000168,
              417343.20920000225
            ],
            [
              242857.48610000219,
              417355.36439999938
            ],
            [
              242860.40269999951,
              417364.58919999935
            ],
            [
              242866.37120000087,
              417373.82920000516
            ],
            [
              242872.24930000119,
              417383.17970000021
            ],
            [
              242873.03280000016,
              417385.33589999937
            ],
            [
              242872.20380000118,
              417392.38990000263
            ]
          ]
        ]
      }
    },
    {
      "attributes" : {
        "FID" : 4,
        "PMNTN_SN" : 34551,
        "MNTN_CODE" : "301102001",
        "MNTN_NM" : "신성봉",
        "PMNTN_NM" : "비룡동구간",
        "PMNTN_MAIN" : " ",
        "PMNTN_LT" : 0.13,
        "PMNTN_DFFL" : "쉬움",
        "PMNTN_UPPL" : 2,
        "PMNTN_GODN" : 2,
        "PMNTN_MTRQ" : " ",
        "PMNTN_CNRL" : " ",
        "PMNTN_CLS_" : " ",
        "PMNTN_RISK" : " ",
        "PMNTN_RECO" : " ",
        "DATA_STDR_" : "2016-12-31",
        "MNTN_ID" : "301102001"
      },
      "geometry" : {
        "paths" : [
          [
            [
              242777.73430000246,
              416794.5859999992
            ],
            [
              242787.43410000019,
              416796.40909999982
            ],
            [
              242796.3002000032,
              416797.65499999933
            ],
            [
              242798.39910000097,
              416798.35020000115
            ],
            [
              242799.5625,
              416801.4888000004
            ],
            [
              242800.9486999996,
              416805.16650000215
            ],
            [
              242799.52610000223,
              416808.9571000021
            ],
            [
              242796.05940000061,
              416812.474700002
            ],
            [
              242792.32060000021,
              416812.72499999963
            ],
            [
              242789.21180000063,
              416811.99479999952
            ],
            [
              242780.4907999998,
              416813.87190000154
            ],
            [
              242776.17460000049,
              416817.94030000083
            ],
            [
              242772.72029999923,
              416824.86329999939
            ],
            [
              242771.21730000153,
              416832.85420000367
            ],
            [
              242768.93589999992,
              416836.06699999981
            ],
            [
              242767.19880000316,
              416842.57330000028
            ],
            [
              242766.6146999998,
              416853.66719999909
            ],
            [
              242762.08370000217,
              416862.32589999959
            ],
            [
              242757.44159999955,
              416866.92930000275
            ],
            [
              242755.1232000012,
              416870.25610000268
            ],
            [
              242752.57604111359,
              416878.04366334528
            ],
            [
              242752.11550000031,
              416879.45170000196
            ]
          ]
        ]
      }
    },
    {
      "attributes" : {
        "FID" : 5,
        "PMNTN_SN" : 34552,
        "MNTN_CODE" : "301102001",
        "MNTN_NM" : "신성봉",
        "PMNTN_NM" : "비룡동구간",
        "PMNTN_MAIN" : " ",
        "PMNTN_LT" : 2.44,
        "PMNTN_DFFL" : "쉬움",
        "PMNTN_UPPL" : 43,
        "PMNTN_GODN" : 30,
        "PMNTN_MTRQ" : " ",
        "PMNTN_CNRL" : " ",
        "PMNTN_CLS_" : " ",
        "PMNTN_RISK" : " ",
        "PMNTN_RECO" : " ",
        "DATA_STDR_" : "2016-12-31",
        "MNTN_ID" : "301102001"
      },
      "geometry" : {
        "paths" : [
          [
            [
              242712.03029999975,
              414953.24580000155
            ],
            [
              242745.7452999996,
              414985.4486999996
            ],
            [
              242783.43190000299,
              415017.4074000027
            ],
            [
              242851.40760000143,
              415078.63950000145
            ],
            [
              242859.80190000124,
              415086.57129999995
            ],
            [
              242860.28180000186,
              415092.32630000077
            ],
            [
              242857.62790000066,
              415105.03209999949
            ],
            [
              242848.44590000063,
              415124.19090000167
            ],
            [
              242832.80560000148,
              415165.79690000229
            ],
            [
              242820.01449999958,
              415206.89320000261
            ],
            [
              242807.16040000226,
              415251.36780000106
            ],
            [
              242797.74940000102,
              415296.27129999921
            ],
            [
              242797.69630000088,
              415305.87940000184
            ],
            [
              242802.26150000095,
              415332.02339999937
            ],
            [
              242807.86680000182,
              415359.78910000063
            ],
            [
              242823.4609000003,
              415415.45650000125
            ],
            [
              242850.00090000127,
              415504.26779999956
            ],
            [
              242861.77929999959,
              415530.00449999981
            ],
            [
              242886.16160000116,
              415575.39400000125
            ],
            [
              242893.21930000093,
              415592.6360000018
            ],
            [
              242896.33120000362,
              415605.09290000051
            ],
            [
              242895.95980000123,
              415625.73750000261
            ],
            [
              242893.40240000095,
              415659.60569999926
            ],
            [
              242891.35109999962,
              415697.97639999911
            ],
            [
              242893.08340000268,
              415721.27880000323
            ],
            [
              242895.65919999965,
              415735.05650000274
            ],
            [
              242902.18890000414,
              415752.03099999949
            ],
            [
              242913.47890000418,
              415769.82420000061
            ],
            [
              242934.48590000253,
              415802.4907000009
            ],
            [
              242950.76400000043,
              415828.25070000067
            ],
            [
              242957.30190000217,
              415843.6370000001
            ],
            [
              242974.18520000204,
              415905.92860000394
            ],
            [
              242975.93260000087,
              415926.31940000132
            ],
            [
              242975.30470000114,
              415945.37450000271
            ],
            [
              242970.97929999977,
              415962.82219999842
            ],
            [
              242943.85800000187,
              416037.59170000255
            ],
            [
              242929.80390000157,
              416093.63519999944
            ],
            [
              242913.17669999972,
              416135.37160000205
            ],
            [
              242893.06890000124,
              416184.76620000042
            ],
            [
              242888.99440000113,
              416204.86230000108
            ],
            [
              242892.2826000005,
              416285.61240000091
            ],
            [
              242891.40640000161,
              416301.48980000243
            ],
            [
              242880.95199999958,
              416326.84679999948
            ],
            [
              242870.7472000001,
              416355.11680000089
            ],
            [
              242862.38030000031,
              416386.30800000206
            ],
            [
              242851.7117999997,
              416401.86999999918
            ],
            [
              242836.30220000073,
              416412.90770000219
            ],
            [
              242829.66170000099,
              416417.37319999933
            ],
            [
              242817.47220000066,
              416419.9571000021
            ],
            [
              242772.2126000002,
              416419.19370000064
            ],
            [
              242753.40860000066,
              416421.21400000155
            ],
            [
              242744.39400000032,
              416424.0791000016
            ],
            [
              242598.73330000136,
              416490.02979999781
            ],
            [
              242580.14470000099,
              416501.58039999753
            ],
            [
              242561.25299999956,
              416520.54099999741
            ],
            [
              242551.92449999973,
              416532.93360000104
            ],
            [
              242529.39740000013,
              416589.46250000224
            ],
            [
              242527.81250000186,
              416640.01180000044
            ],
            [
              242526.64010000229,
              416661.97570000403
            ],
            [
              242521.21620000154,
              416687.09400000237
            ],
            [
              242496.29730000347,
              416745.4635000024
            ],
            [
              242488.79290000163,
              416763.42420000397
            ],
            [
              242486.85240000021,
              416780.35490000248
            ],
            [
              242488.89600000065,
              416794.65919999965
            ],
            [
              242494.64250000007,
              416809.51200000197
            ],
            [
              242501.45470000058,
              416823.04690000229
            ],
            [
              242523.60659999959,
              416839.04340000078
            ],
            [
              242530.97690000199,
              416847.02250000276
            ],
            [
              242551.57909999881,
              416855.59940000065
            ],
            [
              242580.88040000107,
              416871.10349999927
            ],
            [
              242607.52660000138,
              416888.18200000003
            ],
            [
              242629.42760000192,
              416901.53020000085
            ],
            [
              242640.75050000194,
              416912.97080000117
            ],
            [
              242645.61489999946,
              416923.31540000252
            ],
            [
              242652.21339999977,
              416948.4998000022
            ],
            [
              242659.48840000015,
              416951.31440000236
            ]
          ]
        ]
      }
    },
    {
      "attributes" : {
        "FID" : 6,
        "PMNTN_SN" : 34553,
        "MNTN_CODE" : "301102001",
        "MNTN_NM" : "신성봉",
        "PMNTN_NM" : "비룡동구간",
        "PMNTN_MAIN" : " ",
        "PMNTN_LT" : 0.15,
        "PMNTN_DFFL" : "쉬움",
        "PMNTN_UPPL" : 3,
        "PMNTN_GODN" : 2,
        "PMNTN_MTRQ" : " ",
        "PMNTN_CNRL" : " ",
        "PMNTN_CLS_" : " ",
        "PMNTN_RISK" : " ",
        "PMNTN_RECO" : " ",
        "DATA_STDR_" : "2016-12-31",
        "MNTN_ID" : "301102001"
      },
      "geometry" : {
        "paths" : [
          [
            [
              242659.48840000015,
              416951.31440000236
            ],
            [
              242663.30860000011,
              416952.79230000451
            ],
            [
              242670.14670000318,
              416961.29810000211
            ],
            [
              242674.08150000032,
              416968.20060000196
            ],
            [
              242682.27190000098,
              416971.15460000187
            ],
            [
              242689.37059999909,
              416980.45580000244
            ],
            [
              242693.97219999973,
              417011.97870000266
            ],
            [
              242696.56710000057,
              417022.05069999956
            ],
            [
              242703.13090000208,
              417032.40789999999
            ],
            [
              242712.39380000252,
              417032.72049999982
            ],
            [
              242734.64979999978,
              417028.6005000025
            ],
            [
              242749.99230000004,
              417030.53270000219
            ],
            [
              242758.82789999992,
              417029.29340000078
            ]
          ]
        ]
      }
    },
    {
      "attributes" : {
        "FID" : 7,
        "PMNTN_SN" : 34554,
        "MNTN_CODE" : "301102001",
        "MNTN_NM" : "신성봉",
        "PMNTN_NM" : "비룡동구간",
        "PMNTN_MAIN" : " ",
        "PMNTN_LT" : 0.16,
        "PMNTN_DFFL" : "쉬움",
        "PMNTN_UPPL" : 3,
        "PMNTN_GODN" : 2,
        "PMNTN_MTRQ" : " ",
        "PMNTN_CNRL" : " ",
        "PMNTN_CLS_" : " ",
        "PMNTN_RISK" : " ",
        "PMNTN_RECO" : " ",
        "DATA_STDR_" : "2016-12-31",
        "MNTN_ID" : "301102001"
      },
      "geometry" : {
        "paths" : [
          [
            [
              242752.11550000031,
              416879.45170000196
            ],
            [
              242752.06090000086,
              416890.5484000016
            ],
            [
              242752.0149000017,
              416899.86960000172
            ],
            [
              242749.14010000043,
              416902.97640000097
            ],
            [
              242748.83800000139,
              416908.51200000383
            ],
            [
              242747.69280000124,
              416915.86440000311
            ],
            [
              242744.69280000124,
              416933.37600000016
            ],
            [
              242743.40580000076,
              416940.99300000072
            ],
            [
              242741.24840000365,
              416953.41470000148
            ],
            [
              242739.67700000014,
              416962.61750000156
            ],
            [
              242738.18610000052,
              416973.7070000004
            ],
            [
              242738.13150000107,
              416984.80370000005
            ],
            [
              242738.08559999894,
              416994.12490000017
            ],
            [
              242741.00240000151,
              417003.34970000014
            ],
            [
              242748.40750000067,
              417012.59670000337
            ],
            [
              242751.41349999979,
              417021.93290000036
            ],
            [
              242758.82789999992,
              417029.29340000078
            ]
          ]
        ]
      }
    },
    {
      "attributes" : {
        "FID" : 8,
        "PMNTN_SN" : 34555,
        "MNTN_CODE" : "301102001",
        "MNTN_NM" : "신성봉",
        "PMNTN_NM" : "비룡동구간",
        "PMNTN_MAIN" : " ",
        "PMNTN_LT" : 0.9,
        "PMNTN_DFFL" : "쉬움",
        "PMNTN_UPPL" : 16,
        "PMNTN_GODN" : 11,
        "PMNTN_MTRQ" : " ",
        "PMNTN_CNRL" : " ",
        "PMNTN_CLS_" : " ",
        "PMNTN_RISK" : " ",
        "PMNTN_RECO" : " ",
        "DATA_STDR_" : "2016-12-31",
        "MNTN_ID" : "301102001"
      },
      "geometry" : {
        "paths" : [
          [
            [
              242948.56799999997,
              417048.18950000219
            ],
            [
              242948.56799999997,
              417048.18950000219
            ],
            [
              242952.52540000062,
              417046.16779999994
            ],
            [
              242965.21990000084,
              417043.59470000304
            ],
            [
              242974.21549999993,
              417039.67889999971
            ],
            [
              242983.95150000043,
              417036.22990000062
            ],
            [
              242994.80020000134,
              417032.35740000196
            ],
            [
              243000.11099999957,
              417024.4857000038
            ],
            [
              243008.69630000088,
              417019.43140000105
            ],
            [
              243016.27290000115,
              417012.14499999955
            ],
            [
              243017.76410000399,
              417001.05540000275
            ],
            [
              243020.57969999965,
              416993.13760000095
            ],
            [
              243026.75980000198,
              416982.52310000733
            ],
            [
              243033.92830000166,
              416975.73100000061
            ],
            [
              243043.42230000161,
              416967.89190000109
            ],
            [
              243047.95680000167,
              416958.59290000051
            ],
            [
              243054.91800000053,
              416942.97860000096
            ],
            [
              243064.4579999987,
              416931.6353999991
            ],
            [
              243073.66350000072,
              416924.35289999843
            ],
            [
              243079.29490000289,
              416924.15839999914
            ],
            [
              243083.06289999932,
              416919.38840000145
            ],
            [
              243088.30439999979,
              416915.00200000033
            ],
            [
              243097.4103000015,
              416911.61600000039
            ],
            [
              243105.03479999956,
              416907.16450000368
            ],
            [
              243114.87150000129,
              416896.3049000036
            ],
            [
              243124.65139999986,
              416886.61530000158
            ],
            [
              243131.15380000044,
              416876.90780000389
            ],
            [
              243132.74870000128,
              416871.02370000072
            ],
            [
              243135.0382999992,
              416862.35300000198
            ],
            [
              243138.28110000025,
              416856.78620000184
            ],
            [
              243145.2835000027,
              416858.17330000177
            ],
            [
              243149.57569999993,
              416857.1846000012
            ],
            [
              243156.39090000093,
              416854.54870000295
            ],
            [
              243160.67780000251,
              416855.6184000019
            ],
            [
              243160.94610000029,
              416855.66840000264
            ],
            [
              243167.79610000085,
              416857.81260000169
            ],
            [
              243171.33910000324,
              416858.88149999827
            ],
            [
              243174.82600000128,
              416856.85090000182
            ],
            [
              243180.08550000098,
              416852.05299999937
            ],
            [
              243189.08090000134,
              416848.32479999959
            ],
            [
              243193.61500000115,
              416839.13690000214
            ],
            [
              243201.20120000001,
              416829.96419999935
            ],
            [
              243207.17219999898,
              416820.6724999994
            ],
            [
              243214.73080000281,
              416817.04820000008
            ],
            [
              243225.15309999976,
              416815.21360000037
            ],
            [
              243232.42620000057,
              416812.77380000055
            ],
            [
              243237.01889999863,
              416809.53800000064
            ],
            [
              243243.07470000163,
              416811.16599999927
            ],
            [
              243246.55620000046,
              416810.59630000032
            ],
            [
              243251.50500000268,
              416812.26590000093
            ],
            [
              243255.14389999956,
              416813.58750000037
            ],
            [
              243261.53000000212,
              416814.93249999918
            ],
            [
              243269.25129999965,
              416813.75259999931
            ],
            [
              243271.67850000225,
              416815.32490000129
            ],
            [
              243275.20280000009,
              416816.24730000272
            ],
            [
              243280.74110000115,
              416816.03299999982
            ],
            [
              243285.40429999959,
              416819.5102000013
            ],
            [
              243288.54680000059,
              416823.4365000017
            ],
            [
              243292.84320000373,
              416825.85419999994
            ],
            [
              243297.94690000173,
              416823.5314000044
            ],
            [
              243301.42680000234,
              416821.14230000414
            ],
            [
              243305.96110000182,
              416811.95449999906
            ],
            [
              243303.0448000012,
              416802.72949999943
            ],
            [
              243302.38730000146,
              416796.96380000189
            ],
            [
              243301.51870000269,
              416792.60690000467
            ],
            [
              243298.96550000086,
              416788.22630000114
            ],
            [
              243297.10010000132,
              416785.94110000134
            ],
            [
              243296.81020000018,
              416783.63759999909
            ],
            [
              243293.70849999972,
              416778.61210000142
            ],
            [
              243296.82270000316,
              416770.19089999981
            ],
            [
              243301.19379999954,
              416765.39410000108
            ],
            [
              243304.77099999972,
              416762.79620000161
            ],
            [
              243311.91840000171,
              416758.07720000111
            ],
            [
              243318.77830000035,
              416759.90700000152
            ],
            [
              243324.70260000415,
              416760.25899999961
            ],
            [
              243330.56600000244,
              416757.88810000196
            ],
            [
              243335.49450000003,
              416755.51479999907
            ],
            [
              243339.86960000172,
              416755.5671000015
            ],
            [
              243340.76270000171,
              416759.79480000772
            ],
            [
              243344.95990000106,
              416763.57029999793
            ],
            [
              243348.21389999986,
              416767.52830000035
            ],
            [
              243351.04520000052,
              416772.01680000313
            ],
            [
              243354.10550000053,
              416776.43780000135
            ],
            [
              243357.00670000259,
              416782.58060000092
            ],
            [
              243360.19810000062,
              416786.06259999983
            ],
            [
              243366.02200000174,
              416787.41390000284
            ],
            [
              243370.94320000149,
              416789.68950000219
            ],
            [
              243374.93230000138,
              416788.21859999932
            ],
            [
              243383.13040000107,
              416785.12690000236
            ],
            [
              243390.27910000086,
              416792.56390000135
            ],
            [
              243398.04290000163,
              416800.83190000057
            ],
            [
              243404.72110000066,
              416809.05070000142
            ],
            [
              243409.17410000227,
              416816.13220000267
            ],
            [
              243417.00430000015,
              416823.64020000398
            ],
            [
              243424.15350000095,
              416831.00000000186
            ],
            [
              243441.17050000373,
              416841.43339999951
            ],
            [
              243450.6501999991,
              416846.79829999804
            ],
            [
              243459.60319999978,
              416851.59750000015
            ],
            [
              243466.15280000027,
              416860.5756000001
            ],
            [
              243471.76310000103,
              416870.42090000026
            ],
            [
              243479.85280000046,
              416878.84460000321
            ],
            [
              243491.9177000029,
              416886.34100000001
            ],
            [
              243498.48510000296,
              416891.87820000015
            ],
            [
              243507.95770000014,
              416898.53299999982
            ],
            [
              243514.7739000041,
              416907.02700000256
            ],
            [
              243522.11390000116,
              416916.58250000142
            ],
            [
              243528.20650000125,
              416923.55200000107
            ],
            [
              243535.9057,
              416926.97770000249
            ],
            [
              243541.03330000304,
              416933.11449999921
            ],
            [
              243545.24750000238,
              416944.95910000056
            ],
            [
              243550.19590000249,
              416953.75809999928
            ],
            [
              243556.71000000089,
              416962.42100000381
            ]
          ]
        ]
      }
    }
  ]
}