{
  "displayFieldName" : "",
  "fieldAliases" : {
    "FID" : "FID",
    "PMNTN_SN" : "PMNTN_SN",
    "MNTN_CODE" : "MNTN_CODE",
    "MNTN_NM" : "MNTN_NM",
    "PMNTN_NM" : "PMNTN_NM",
    "PMNTN_MAIN" : "PMNTN_MAIN",
    "PMNTN_LT" : "PMNTN_LT",
    "PMNTN_DFFL" : "PMNTN_DFFL",
    "PMNTN_UPPL" : "PMNTN_UPPL",
    "PMNTN_GODN" : "PMNTN_GODN",
    "PMNTN_MTRQ" : "PMNTN_MTRQ",
    "PMNTN_CNRL" : "PMNTN_CNRL",
    "PMNTN_CLS_" : "PMNTN_CLS_",
    "PMNTN_RISK" : "PMNTN_RISK",
    "PMNTN_RECO" : "PMNTN_RECO",
    "DATA_STDR_" : "DATA_STDR_",
    "MNTN_ID" : "MNTN_ID"
  },
  "geometryType" : "esriGeometryPolyline",
  "spatialReference" : {
    "wkt" : "PROJCS[\"PCS_ITRF2000_TM\",GEOGCS[\"GCS_ITRF_2000\",DATUM[\"D_ITRF_2000\",SPHEROID[\"GRS_1980\",6378137.0,298.257222101]],PRIMEM[\"Greenwich\",0.0],UNIT[\"Degree\",0.0174532925199433]],PROJECTION[\"Transverse_Mercator\"],PARAMETER[\"False_Easting\",200000.0],PARAMETER[\"False_Northing\",600000.0],PARAMETER[\"Central_Meridian\",127.0],PARAMETER[\"Scale_Factor\",1.0],PARAMETER[\"Latitude_Of_Origin\",38.0],UNIT[\"Meter\",1.0]]"
  },
  "fields" : [
    {
      "name" : "FID",
      "type" : "esriFieldTypeOID",
      "alias" : "FID"
    },
    {
      "name" : "PMNTN_SN",
      "type" : "esriFieldTypeDouble",
      "alias" : "PMNTN_SN"
    },
    {
      "name" : "MNTN_CODE",
      "type" : "esriFieldTypeString",
      "alias" : "MNTN_CODE",
      "length" : 9
    },
    {
      "name" : "MNTN_NM",
      "type" : "esriFieldTypeString",
      "alias" : "MNTN_NM",
      "length" : 50
    },
    {
      "name" : "PMNTN_NM",
      "type" : "esriFieldTypeString",
      "alias" : "PMNTN_NM",
      "length" : 50
    },
    {
      "name" : "PMNTN_MAIN",
      "type" : "esriFieldTypeString",
      "alias" : "PMNTN_MAIN",
      "length" : 200
    },
    {
      "name" : "PMNTN_LT",
      "type" : "esriFieldTypeSingle",
      "alias" : "PMNTN_LT"
    },
    {
      "name" : "PMNTN_DFFL",
      "type" : "esriFieldTypeString",
      "alias" : "PMNTN_DFFL",
      "length" : 8
    },
    {
      "name" : "PMNTN_UPPL",
      "type" : "esriFieldTypeDouble",
      "alias" : "PMNTN_UPPL"
    },
    {
      "name" : "PMNTN_GODN",
      "type" : "esriFieldTypeDouble",
      "alias" : "PMNTN_GODN"
    },
    {
      "name" : "PMNTN_MTRQ",
      "type" : "esriFieldTypeString",
      "alias" : "PMNTN_MTRQ",
      "length" : 200
    },
    {
      "name" : "PMNTN_CNRL",
      "type" : "esriFieldTypeString",
      "alias" : "PMNTN_CNRL",
      "length" : 1
    },
    {
      "name" : "PMNTN_CLS_",
      "type" : "esriFieldTypeString",
      "alias" : "PMNTN_CLS_",
      "length" : 1
    },
    {
      "name" : "PMNTN_RISK",
      "type" : "esriFieldTypeString",
      "alias" : "PMNTN_RISK",
      "length" : 200
    },
    {
      "name" : "PMNTN_RECO",
      "type" : "esriFieldTypeString",
      "alias" : "PMNTN_RECO",
      "length" : 1
    },
    {
      "name" : "DATA_STDR_",
      "type" : "esriFieldTypeString",
      "alias" : "DATA_STDR_",
      "length" : 10
    },
    {
      "name" : "MNTN_ID",
      "type" : "esriFieldTypeString",
      "alias" : "MNTN_ID",
      "length" : 10
    }
  ],
  "features" : [
    {
      "attributes" : {
        "FID" : 0,
        "PMNTN_SN" : 32518,
        "MNTN_CODE" : "422309704",
        "MNTN_NM" : "소공대비",
        "PMNTN_NM" : "임원리구간",
        "PMNTN_MAIN" : " ",
        "PMNTN_LT" : 0.27,
        "PMNTN_DFFL" : "쉬움",
        "PMNTN_UPPL" : 5,
        "PMNTN_GODN" : 3,
        "PMNTN_MTRQ" : " ",
        "PMNTN_CNRL" : " ",
        "PMNTN_CLS_" : " ",
        "PMNTN_RISK" : " ",
        "PMNTN_RECO" : " ",
        "DATA_STDR_" : "2016-12-31",
        "MNTN_ID" : "422303801"
      },
      "geometry" : {
        "paths" : [
          [
            [
              406417.96559999976,
              516451.26259999909
            ],
            [
              406429.69330000039,
              516475.99030000158
            ],
            [
              406438.80750000011,
              516482.96000000462
            ],
            [
              406456.49990000017,
              516485.10459999926
            ],
            [
              406477.40909999982,
              516486.71299999952
            ],
            [
              406496.17380000092,
              516502.79700000212
            ],
            [
              406510.64930000063,
              516513.51960000023
            ],
            [
              406524.05269999988,
              516518.34480000101
            ],
            [
              406534.23920000158,
              516537.10950000398
            ],
            [
              406557.82900000084,
              516560.69930000231
            ],
            [
              406570.69620000105,
              516580.53620000184
            ],
            [
              406600.71970000118,
              516583.75300000049
            ],
            [
              406622.70110000018,
              516577.85560000315
            ],
            [
              406623.7734000003,
              516569.27739999816
            ]
          ]
        ]
      }
    },
    {
      "attributes" : {
        "FID" : 1,
        "PMNTN_SN" : 32519,
        "MNTN_CODE" : "422309704",
        "MNTN_NM" : "소공대비",
        "PMNTN_NM" : "임원리구간",
        "PMNTN_MAIN" : " ",
        "PMNTN_LT" : 1.46,
        "PMNTN_DFFL" : "쉬움",
        "PMNTN_UPPL" : 26,
        "PMNTN_GODN" : 18,
        "PMNTN_MTRQ" : " ",
        "PMNTN_CNRL" : " ",
        "PMNTN_CLS_" : " ",
        "PMNTN_RISK" : " ",
        "PMNTN_RECO" : " ",
        "DATA_STDR_" : "2016-12-31",
        "MNTN_ID" : "422303801"
      },
      "geometry" : {
        "paths" : [
          [
            [
              406417.96559999976,
              516451.26259999909
            ],
            [
              406420.82720000111,
              516433.73510000296
            ],
            [
              406439.41320000216,
              516415.86400000006
            ],
            [
              406463.00299999956,
              516392.27419999987
            ],
            [
              406488.02250000089,
              516374.40310000256
            ],
            [
              406490.31270000059,
              516369.25009999797
            ],
            [
              406494.24400000181,
              516363.79810000025
            ],
            [
              406501.59090000018,
              516361.53590000048
            ],
            [
              406511.61240000185,
              516361.53590000048
            ],
            [
              406523.04989999998,
              516363.68040000275
            ],
            [
              406572.3741000006,
              516391.55929999985
            ],
            [
              406613.12019999977,
              516391.55929999985
            ],
            [
              406632.42100000102,
              516395.13350000046
            ],
            [
              406658.8702000007,
              516387.27020000108
            ],
            [
              406703.19049999863,
              516369.39920000359
            ],
            [
              406728.92490000185,
              516362.96560000442
            ],
            [
              406755.37409999967,
              516352.24290000275
            ],
            [
              406793.26090000197,
              516349.38350000046
            ],
            [
              406834.72180000134,
              516356.53199999966
            ],
            [
              406844.24710000027,
              516356.09899999946
            ],
            [
              406848.94030000083,
              516359.08469999954
            ],
            [
              406850.80080000125,
              516364.62859999947
            ],
            [
              406851.1632000003,
              516373.68820000067
            ],
            [
              406886.19060000125,
              516405.14129999839
            ],
            [
              406909.06560000125,
              516425.87179999985
            ],
            [
              406919.07340000104,
              516448.03199999966
            ],
            [
              406923.36239999905,
              516465.90310000069
            ],
            [
              406933.37030000053,
              516486.63350000232
            ],
            [
              406944.09289999958,
              516503.07490000129
            ],
            [
              406959.10460000113,
              516515.22730000131
            ],
            [
              406963.39370000083,
              516533.09840000235
            ],
            [
              406969.8273,
              516550.96950000152
            ],
            [
              406969.11240000091,
              516573.84450000338
            ],
            [
              406971.25700000115,
              516586.71169999987
            ],
            [
              406984.83899999969,
              516600.29370000027
            ],
            [
              407004.85460000113,
              516607.4421000015
            ],
            [
              407016.29210000206,
              516617.45000000112
            ],
            [
              407026.29990000091,
              516648.90310000256
            ],
            [
              407034.16320000123,
              516666.05929999985
            ],
            [
              407054.8936999999,
              516697.51250000112
            ],
            [
              407079.19840000104,
              516717.52810000442
            ],
            [
              407099.92890000064,
              516737.543700004
            ],
            [
              407141.38980000094,
              516729.68040000089
            ],
            [
              407192.85860000085,
              516737.543700004
            ],
            [
              407224.31170000136,
              516728.96560000256
            ],
            [
              407252.90540000051,
              516724.67650000006
            ],
            [
              407278.63980000094,
              516733.96950000152
            ],
            [
              407308.66330000013,
              516727.53590000421
            ],
            [
              407355.84300000127,
              516733.25469999947
            ],
            [
              407378.00310000218,
              516743.97730000131
            ],
            [
              407404.4523,
              516741.11790000461
            ],
            [
              407428.04220000096,
              516745.40700000152
            ],
            [
              407451.63200000022,
              516754.69999999925
            ],
            [
              407485.22970000096,
              516762.5633000005
            ],
            [
              407508.81950000115,
              516767.56720000133
            ],
            [
              407552.42500000075,
              516765.4226000011
            ],
            [
              407568.86639999878,
              516762.5633000005
            ],
            [
              407573.87030000146,
              516758.98900000192
            ]
          ]
        ]
      }
    },
    {
      "attributes" : {
        "FID" : 2,
        "PMNTN_SN" : 32520,
        "MNTN_CODE" : "422309704",
        "MNTN_NM" : "소공대비",
        "PMNTN_NM" : " ",
        "PMNTN_MAIN" : " ",
        "PMNTN_LT" : 0.72,
        "PMNTN_DFFL" : "쉬움",
        "PMNTN_UPPL" : 13,
        "PMNTN_GODN" : 9,
        "PMNTN_MTRQ" : " ",
        "PMNTN_CNRL" : " ",
        "PMNTN_CLS_" : " ",
        "PMNTN_RISK" : " ",
        "PMNTN_RECO" : " ",
        "DATA_STDR_" : "2016-12-31",
        "MNTN_ID" : "422303801"
      },
      "geometry" : {
        "paths" : [
          [
            [
              406413.26840000227,
              516970.0268000029
            ],
            [
              406370.57680000085,
              516941.94580000266
            ],
            [
              406338.92470000032,
              516925.22989999875
            ],
            [
              406293.17470000125,
              516924.27679999918
            ],
            [
              406277.85850000102,
              516916.96949999966
            ],
            [
              406265.706100001,
              516901.24300000258
            ],
            [
              406264.40650000051,
              516897.86390000023
            ],
            [
              406257.05850000028,
              516887.74039999954
            ],
            [
              406251.69720000122,
              516881.30680000037
            ],
            [
              406246.33579999954,
              516872.19250000268
            ],
            [
              406245.79970000125,
              516862.00599999912
            ],
            [
              406251.69720000122,
              516848.06650000066
            ],
            [
              406253.30559999961,
              516835.73550000042
            ],
            [
              406250.08880000003,
              516825.01279999875
            ],
            [
              406244.72740000021,
              516816.43469999917
            ],
            [
              406240.97450000048,
              516807.85659999959
            ],
            [
              406243.11899999995,
              516796.59779999964
            ],
            [
              406251.16100000218,
              516786.94739999808
            ],
            [
              406265.80970000103,
              516785.2440000046
            ],
            [
              406276.47690000199,
              516786.78020000271
            ],
            [
              406281.77050000057,
              516782.81000000052
            ],
            [
              406284.93740000203,
              516776.224700002
            ],
            [
              406284.93740000203,
              516764.96590000391
            ],
            [
              406279.57610000111,
              516754.24330000207
            ],
            [
              406270.9979000017,
              516741.37609999999
            ],
            [
              406269.92570000049,
              516733.8702000007
            ],
            [
              406268.31730000116,
              516716.17780000158
            ],
            [
              406267.24500000104,
              516704.91900000349
            ],
            [
              406266.7089000009,
              516683.47369999997
            ],
            [
              406277.43149999995,
              516663.10070000216
            ],
            [
              406291.90710000135,
              516651.30580000021
            ],
            [
              406300.48530000076,
              516645.94440000132
            ],
            [
              406321.93060000148,
              516618.06550000049
            ],
            [
              406340.69520000089,
              516599.83699999936
            ],
            [
              406354.63470000122,
              516585.36140000261
            ],
            [
              406364.82120000012,
              516567.13290000148
            ],
            [
              406377.33019999973,
              516541.5047999993
            ],
            [
              406400.09680000134,
              516496.64140000194
            ],
            [
              406415.10850000102,
              516468.76240000129
            ],
            [
              406417.96559999976,
              516451.26259999909
            ]
          ]
        ]
      }
    },
    {
      "attributes" : {
        "FID" : 3,
        "PMNTN_SN" : 32521,
        "MNTN_CODE" : "422309704",
        "MNTN_NM" : "소공대비",
        "PMNTN_NM" : "임원리구간",
        "PMNTN_MAIN" : " ",
        "PMNTN_LT" : 1.9,
        "PMNTN_DFFL" : "쉬움",
        "PMNTN_UPPL" : 34,
        "PMNTN_GODN" : 23,
        "PMNTN_MTRQ" : " ",
        "PMNTN_CNRL" : " ",
        "PMNTN_CLS_" : " ",
        "PMNTN_RISK" : " ",
        "PMNTN_RECO" : " ",
        "DATA_STDR_" : "2016-12-31",
        "MNTN_ID" : "422303801"
      },
      "geometry" : {
        "paths" : [
          [
            [
              407179.46190000046,
              517790.19099999964
            ],
            [
              407196.56620000117,
              517782.37189999968
            ],
            [
              407199.9570000004,
              517778.75350000151
            ],
            [
              407199.49610000104,
              517773.76819999889
            ],
            [
              407194.47360000014,
              517768.74570000172
            ],
            [
              407183.39350000024,
              517759.21440000087
            ],
            [
              407165.28409999982,
              517745.87069999985
            ],
            [
              407149.08100000024,
              517731.57380000316
            ],
            [
              407142.40909999982,
              517701.07380000129
            ],
            [
              407139.54970000125,
              517685.82379999943
            ],
            [
              407141.59880000073,
              517679.67650000006
            ],
            [
              407146.88120000064,
              517675.14040000178
            ],
            [
              407152.99279999919,
              517673.58369999938
            ],
            [
              407166.92989999987,
              517672.42230000347
            ],
            [
              407176.66930000018,
              517669.51610000245
            ],
            [
              407182.94340000022,
              517664.79469999857
            ],
            [
              407194.83100000117,
              517649.60500000045
            ],
            [
              407214.84660000075,
              517621.96440000273
            ],
            [
              407215.61430000048,
              517612.36810000055
            ],
            [
              407217.75830000173,
              517598.13629999943
            ],
            [
              407222.03120000008,
              517591.09860000201
            ],
            [
              407231.04980000108,
              517579.07380000129
            ],
            [
              407236.96580000129,
              517568.60689999908
            ],
            [
              407243.44040000159,
              517560.92220000178
            ],
            [
              407253.23300000001,
              517558.64020000212
            ],
            [
              407266.31540000066,
              517560.96440000087
            ],
            [
              407293.95600000117,
              517565.73000000231
            ],
            [
              407300.17810000107,
              517569.35960000381
            ],
            [
              407302.88000000082,
              517572.90460000001
            ],
            [
              407304.14990000054,
              517580.48530000262
            ],
            [
              407301.74390000105,
              517596.12450000457
            ],
            [
              407302.69110000227,
              517608.31700000167
            ],
            [
              407310.36750000156,
              517611.10129999928
            ],
            [
              407326.36230000108,
              517613.38630000316
            ],
            [
              407342.56540000066,
              517594.32379999943
            ],
            [
              407354.95600000117,
              517551.43310000002
            ],
            [
              407333.03410000075,
              517507.58940000273
            ],
            [
              407307.29980000108,
              517475.18310000002
            ],
            [
              407307.29980000108,
              517464.74870000221
            ],
            [
              407303.78079999983,
              517458.58190000243
            ],
            [
              407301.54499999993,
              517450.59960000217
            ],
            [
              407292.04980000108,
              517439.91750000231
            ],
            [
              407281.56540000159,
              517397.98000000231
            ],
            [
              407294.90910000075,
              517369.3861999996
            ],
            [
              407309.96960000042,
              517346.79560000263
            ],
            [
              407311.10220000055,
              517340.44660000131
            ],
            [
              407309.77740000095,
              517335.0623000022
            ],
            [
              407299.67480000015,
              517330.30810000375
            ],
            [
              407275.84660000075,
              517312.19870000146
            ],
            [
              407260.86029999983,
              517304.43679999933
            ],
            [
              407251.26440000068,
              517297.89180000126
            ],
            [
              407240.19049999956,
              517298.97410000116
            ],
            [
              407232.14960000012,
              517305.42230000161
            ],
            [
              407211.1809000019,
              517322.92429999821
            ],
            [
              407198.43950000126,
              517330.85310000181
            ],
            [
              407189.41590000037,
              517331.15670000203
            ],
            [
              407181.47049999982,
              517325.58709999919
            ],
            [
              407173.86220000032,
              517316.96440000087
            ],
            [
              407171.14570000023,
              517300.66510000266
            ],
            [
              407169.09660000168,
              517288.37060000375
            ],
            [
              407141.45600000117,
              517288.37060000375
            ],
            [
              407114.76850000117,
              517295.99560000189
            ],
            [
              407082.71740000043,
              517294.68740000203
            ],
            [
              407068.31680000015,
              517297.10570000112
            ],
            [
              407059.54270000104,
              517300.13780000061
            ],
            [
              407047.3180999998,
              517308.81320000067
            ],
            [
              407038.0158000011,
              517313.04730000161
            ],
            [
              407025.49569999985,
              517311.27730000205
            ],
            [
              407008.97159999888,
              517306.48000000045
            ],
            [
              406976.56539999973,
              517274.07370000146
            ],
            [
              406960.36220000219,
              517267.40190000273
            ],
            [
              406923.43209999986,
              517256.4907000009
            ],
            [
              406917.1679000007,
              517252.24630000442
            ],
            [
              406912.7193,
              517243.6005000025
            ],
            [
              406907.74260000046,
              517233.64680000208
            ],
            [
              406908.09730000049,
              517228.32370000333
            ],
            [
              406910.98749999981,
              517219.66080000252
            ],
            [
              406933.67470000032,
              517186.38620000333
            ],
            [
              406926.17180000059,
              517173.68900000304
            ],
            [
              406919.77600000054,
              517169.94189999998
            ],
            [
              406912.83509999979,
              517175.16390000097
            ],
            [
              406908.29070000071,
              517180.40619999729
            ],
            [
              406893.28419999965,
              517183.27930000052
            ],
            [
              406879.28419999965,
              517182.9701000005
            ],
            [
              406810.98490000051,
              517180.26760000177
            ],
            [
              406790.98940000217,
              517178.45580000244
            ],
            [
              406766.87780000083,
              517164.88260000199
            ],
            [
              406727.79970000125,
              517157.45680000074
            ],
            [
              406712.63389999978,
              517151.13500000164
            ],
            [
              406701.11220000032,
              517124.43310000002
            ],
            [
              406700.86080000084,
              517124.43310000002
            ],
            [
              406662.88260000106,
              517111.17190000229
            ],
            [
              406620.03419999965,
              517088.3088000007
            ],
            [
              406582.92470000032,
              517072.01120000333
            ],
            [
              406518.81390000042,
              517057.92350000329
            ],
            [
              406492.57680000085,
              517048.73810000159
            ],
            [
              406468.54970000125,
              517025.30810000189
            ],
            [
              406440.90899999999,
              516990.99560000189
            ],
            [
              406413.26840000227,
              516970.0268000029
            ]
          ]
        ]
      }
    },
    {
      "attributes" : {
        "FID" : 4,
        "PMNTN_SN" : 32522,
        "MNTN_CODE" : "422309704",
        "MNTN_NM" : "소공대비",
        "PMNTN_NM" : "임원리구간",
        "PMNTN_MAIN" : " ",
        "PMNTN_LT" : 1.06,
        "PMNTN_DFFL" : "쉬움",
        "PMNTN_UPPL" : 19,
        "PMNTN_GODN" : 13,
        "PMNTN_MTRQ" : " ",
        "PMNTN_CNRL" : " ",
        "PMNTN_CLS_" : " ",
        "PMNTN_RISK" : " ",
        "PMNTN_RECO" : " ",
        "DATA_STDR_" : "2016-12-31",
        "MNTN_ID" : "422303801"
      },
      "geometry" : {
        "paths" : [
          [
            [
              406416.93829999957,
              517904.62600000389
            ],
            [
              406433.10250000004,
              517896.11540000141
            ],
            [
              406437.7844000021,
              517891.43380000442
            ],
            [
              406444.6445000004,
              517879.85610000044
            ],
            [
              406447.72770000063,
              517872.43730000034
            ],
            [
              406445.64500000142,
              517865.9234000016
            ],
            [
              406441.31210000068,
              517859.4282000009
            ],
            [
              406440.37420000136,
              517854.12879999913
            ],
            [
              406442.95729999989,
              517848.88189999945
            ],
            [
              406448.43960000016,
              517840.88969999924
            ],
            [
              406444.91029999964,
              517832.40249999985
            ],
            [
              406443.76840000041,
              517824.98000000417
            ],
            [
              406431.37780000083,
              517812.58940000273
            ],
            [
              406426.51209999993,
              517804.69170000032
            ],
            [
              406423.34460000135,
              517793.88289999962
            ],
            [
              406419.85000000056,
              517780.17960000411
            ],
            [
              406420.34789999947,
              517769.96570000052
            ],
            [
              406412.90210000053,
              517760.37260000035
            ],
            [
              406409.9907000009,
              517753.73690000176
            ],
            [
              406409.87510000076,
              517743.84149999917
            ],
            [
              406411.86490000132,
              517738.09889999963
            ],
            [
              406413.48330000229,
              517731.57190000266
            ],
            [
              406418.88849999942,
              517719.42280000262
            ],
            [
              406420.9457000019,
              517710.71980000101
            ],
            [
              406419.22140000015,
              517703.46580000222
            ],
            [
              406414.84910000023,
              517696.61250000261
            ],
            [
              406410.6604000004,
              517690.5894000046
            ],
            [
              406412.09530000202,
              517685.93539999984
            ],
            [
              406414.61789999995,
              517678.97360000014
            ],
            [
              406414.39090000093,
              517670.34260000102
            ],
            [
              406414.22150000092,
              517663.90190000273
            ],
            [
              406418.31570000015,
              517658.26000000164
            ],
            [
              406420.8842000002,
              517651.13410000131
            ],
            [
              406419.21230000071,
              517646.75410000235
            ],
            [
              406417.38119999971,
              517643.36390000023
            ],
            [
              406419.9402999999,
              517626.73000000417
            ],
            [
              406426.91580000054,
              517619.96370000206
            ],
            [
              406433.28400000092,
              517606.42090000212
            ],
            [
              406438.68690000009,
              517599.97910000011
            ],
            [
              406443.76840000041,
              517585.74560000002
            ],
            [
              406442.26370000001,
              517576.34110000171
            ],
            [
              406439.95590000134,
              517561.91750000231
            ],
            [
              406441.86220000032,
              517529.51129999943
            ],
            [
              406446.9000000013,
              517516.41310000233
            ],
            [
              406449.38260000106,
              517509.75710000098
            ],
            [
              406449.52269999962,
              517501.79040000029
            ],
            [
              406444.72149999999,
              517494.24560000189
            ],
            [
              406444.72149999999,
              517463.74560000189
            ],
            [
              406449.48720000125,
              517440.87060000002
            ],
            [
              406451.08990000002,
              517421.10310000181
            ],
            [
              406454.10599999968,
              517410.38070000149
            ],
            [
              406464.75050000008,
              517403.90000000037
            ],
            [
              406478.01260000002,
              517398.19270000234
            ],
            [
              406487.11950000003,
              517386.85619999841
            ],
            [
              406511.44030000083,
              517352.23000000417
            ],
            [
              406517.15910000168,
              517322.68310000002
            ],
            [
              406513.34659999982,
              517303.62060000189
            ],
            [
              406509.53409999982,
              517279.79250000231
            ],
            [
              406508.58090000041,
              517254.05810000189
            ],
            [
              406507.62780000083,
              517236.90190000273
            ],
            [
              406490.47150000092,
              517214.02680000104
            ],
            [
              406479.98720000032,
              517192.10499999858
            ],
            [
              406462.83090000041,
              517178.7611999996
            ],
            [
              406441.86220000032,
              517150.16750000045
            ],
            [
              406439.0027999999,
              517123.48000000231
            ],
            [
              406455.16370000225,
              517086.02470000088
            ],
            [
              406467.06790000014,
              517070.39030000381
            ],
            [
              406470.81190000009,
              517056.05949999951
            ],
            [
              406464.31710000057,
              517045.61089999974
            ],
            [
              406452.8814000003,
              517038.18119999953
            ],
            [
              406445.67469999939,
              517030.07370000333
            ],
            [
              406426.61220000219,
              517003.38620000146
            ],
            [
              406413.26840000227,
              516970.0268000029
            ]
          ]
        ]
      }
    }
  ]
}