{
  "displayFieldName" : "",
  "fieldAliases" : {
    "FID" : "FID",
    "PMNTN_SN" : "PMNTN_SN",
    "MNTN_CODE" : "MNTN_CODE",
    "MNTN_NM" : "MNTN_NM",
    "PMNTN_NM" : "PMNTN_NM",
    "PMNTN_MAIN" : "PMNTN_MAIN",
    "PMNTN_LT" : "PMNTN_LT",
    "PMNTN_DFFL" : "PMNTN_DFFL",
    "PMNTN_UPPL" : "PMNTN_UPPL",
    "PMNTN_GODN" : "PMNTN_GODN",
    "PMNTN_MTRQ" : "PMNTN_MTRQ",
    "PMNTN_CNRL" : "PMNTN_CNRL",
    "PMNTN_CLS_" : "PMNTN_CLS_",
    "PMNTN_RISK" : "PMNTN_RISK",
    "PMNTN_RECO" : "PMNTN_RECO",
    "DATA_STDR_" : "DATA_STDR_",
    "MNTN_ID" : "MNTN_ID"
  },
  "geometryType" : "esriGeometryPolyline",
  "spatialReference" : {
    "wkt" : "PROJCS[\"PCS_ITRF2000_TM\",GEOGCS[\"GCS_ITRF_2000\",DATUM[\"D_ITRF_2000\",SPHEROID[\"GRS_1980\",6378137.0,298.257222101]],PRIMEM[\"Greenwich\",0.0],UNIT[\"Degree\",0.0174532925199433]],PROJECTION[\"Transverse_Mercator\"],PARAMETER[\"False_Easting\",200000.0],PARAMETER[\"False_Northing\",600000.0],PARAMETER[\"Central_Meridian\",127.0],PARAMETER[\"Scale_Factor\",1.0],PARAMETER[\"Latitude_Of_Origin\",38.0],UNIT[\"Meter\",1.0]]"
  },
  "fields" : [
    {
      "name" : "FID",
      "type" : "esriFieldTypeOID",
      "alias" : "FID"
    },
    {
      "name" : "PMNTN_SN",
      "type" : "esriFieldTypeDouble",
      "alias" : "PMNTN_SN"
    },
    {
      "name" : "MNTN_CODE",
      "type" : "esriFieldTypeString",
      "alias" : "MNTN_CODE",
      "length" : 9
    },
    {
      "name" : "MNTN_NM",
      "type" : "esriFieldTypeString",
      "alias" : "MNTN_NM",
      "length" : 50
    },
    {
      "name" : "PMNTN_NM",
      "type" : "esriFieldTypeString",
      "alias" : "PMNTN_NM",
      "length" : 50
    },
    {
      "name" : "PMNTN_MAIN",
      "type" : "esriFieldTypeString",
      "alias" : "PMNTN_MAIN",
      "length" : 200
    },
    {
      "name" : "PMNTN_LT",
      "type" : "esriFieldTypeSingle",
      "alias" : "PMNTN_LT"
    },
    {
      "name" : "PMNTN_DFFL",
      "type" : "esriFieldTypeString",
      "alias" : "PMNTN_DFFL",
      "length" : 8
    },
    {
      "name" : "PMNTN_UPPL",
      "type" : "esriFieldTypeDouble",
      "alias" : "PMNTN_UPPL"
    },
    {
      "name" : "PMNTN_GODN",
      "type" : "esriFieldTypeDouble",
      "alias" : "PMNTN_GODN"
    },
    {
      "name" : "PMNTN_MTRQ",
      "type" : "esriFieldTypeString",
      "alias" : "PMNTN_MTRQ",
      "length" : 200
    },
    {
      "name" : "PMNTN_CNRL",
      "type" : "esriFieldTypeString",
      "alias" : "PMNTN_CNRL",
      "length" : 1
    },
    {
      "name" : "PMNTN_CLS_",
      "type" : "esriFieldTypeString",
      "alias" : "PMNTN_CLS_",
      "length" : 1
    },
    {
      "name" : "PMNTN_RISK",
      "type" : "esriFieldTypeString",
      "alias" : "PMNTN_RISK",
      "length" : 200
    },
    {
      "name" : "PMNTN_RECO",
      "type" : "esriFieldTypeString",
      "alias" : "PMNTN_RECO",
      "length" : 1
    },
    {
      "name" : "DATA_STDR_",
      "type" : "esriFieldTypeString",
      "alias" : "DATA_STDR_",
      "length" : 10
    },
    {
      "name" : "MNTN_ID",
      "type" : "esriFieldTypeString",
      "alias" : "MNTN_ID",
      "length" : 10
    }
  ],
  "features" : [
    {
      "attributes" : {
        "FID" : 0,
        "PMNTN_SN" : 9058,
        "MNTN_CODE" : "457203001",
        "MNTN_NM" : "꼭지산",
        "PMNTN_NM" : "상전면망향의동산-금지저수지구간",
        "PMNTN_MAIN" : " ",
        "PMNTN_LT" : 0.61,
        "PMNTN_DFFL" : "쉬움",
        "PMNTN_UPPL" : 11,
        "PMNTN_GODN" : 8,
        "PMNTN_MTRQ" : "토사/암반",
        "PMNTN_CNRL" : " ",
        "PMNTN_CLS_" : " ",
        "PMNTN_RISK" : "추락위험지역,암벽주의",
        "PMNTN_RECO" : " ",
        "DATA_STDR_" : "2016-12-31",
        "MNTN_ID" : "457203001"
      },
      "geometry" : {
        "paths" : [
          [
            [
              243542.85730000213,
              364186.63730000332
            ],
            [
              243550.94549999945,
              364183.07800000161
            ],
            [
              243558.07870000415,
              364184.17049999908
            ],
            [
              243580.83650000021,
              364181.97619999945
            ],
            [
              243591.90360000078,
              364189.70769999921
            ],
            [
              243598.24820000306,
              364189.45080000162
            ],
            [
              243608.0932999989,
              364194.67049999908
            ],
            [
              243613.60410000198,
              364194.66990000196
            ],
            [
              243633.30790000036,
              364210.02019999921
            ],
            [
              243654.17970000114,
              364212.65609999932
            ],
            [
              243673.24850000069,
              364224.47600000352
            ],
            [
              243687.86890000198,
              364231.15729999915
            ],
            [
              243696.76010000054,
              364232.08889999986
            ],
            [
              243704.21120000258,
              364238.0548000019
            ],
            [
              243707.62899999972,
              364243.86779999919
            ],
            [
              243710.32990000024,
              364251.1612999998
            ],
            [
              243708.0148,
              364257.48070000671
            ],
            [
              243711.73089999985,
              364263.87340000272
            ],
            [
              243716.8989000041,
              364265.22360000201
            ],
            [
              243725.04200000223,
              364263.10810000263
            ],
            [
              243733.78240000363,
              364266.14800000191
            ],
            [
              243735.71430000197,
              364271.89230000228
            ],
            [
              243745.3246000018,
              364272.51659999974
            ],
            [
              243746.71670000162,
              364275.7042999994
            ],
            [
              243744.90380000044,
              364281.04320000112
            ],
            [
              243752.79160000384,
              364311.55110000074
            ],
            [
              243748.25570000336,
              364318.01110000163
            ],
            [
              243754.01270000078,
              364317.16540000401
            ],
            [
              243759.00060000364,
              364320.32440000586
            ],
            [
              243785.49180000182,
              364358.96040000021
            ],
            [
              243794.38870000001,
              364367.56100000069
            ],
            [
              243816.19480000157,
              364375.55620000139
            ],
            [
              243831.52120000124,
              364386.61620000191
            ],
            [
              243888.94350000005,
              364403.37280000001
            ],
            [
              243921.63980000094,
              364422.43439999968
            ],
            [
              243953.00419999938,
              364444.44680000097
            ],
            [
              243963.38460000046,
              364448.46989999898
            ],
            [
              243984.68840000127,
              364449.3479999993
            ],
            [
              244001.6398,
              364459.30040000379
            ],
            [
              244014.1352000013,
              364463.10940000042
            ]
          ]
        ]
      }
    },
    {
      "attributes" : {
        "FID" : 1,
        "PMNTN_SN" : 9059,
        "MNTN_CODE" : "457203001",
        "MNTN_NM" : "꼭지산",
        "PMNTN_NM" : "용두봉구간",
        "PMNTN_MAIN" : " ",
        "PMNTN_LT" : 1.19,
        "PMNTN_DFFL" : "쉬움",
        "PMNTN_UPPL" : 21,
        "PMNTN_GODN" : 15,
        "PMNTN_MTRQ" : "토사/암반",
        "PMNTN_CNRL" : " ",
        "PMNTN_CLS_" : " ",
        "PMNTN_RISK" : "추락위험지역,암벽주의",
        "PMNTN_RECO" : " ",
        "DATA_STDR_" : "2016-12-31",
        "MNTN_ID" : "457203001"
      },
      "geometry" : {
        "paths" : [
          [
            [
              244014.1352000013,
              364463.10940000042
            ],
            [
              244013.00430000108,
              364480.79850000329
            ],
            [
              244012.04650000017,
              364498.37590000033
            ],
            [
              244016.52660000231,
              364523.93139999919
            ],
            [
              244009.48819999956,
              364539.79090000689
            ],
            [
              244001.82820000127,
              364553.31450000219
            ],
            [
              243996.06810000259,
              364560.5438000001
            ],
            [
              243994.97670000326,
              364565.87240000069
            ],
            [
              243994.23070000019,
              364576.07740000077
            ],
            [
              243996.8806999987,
              364587.78119999915
            ],
            [
              244001.361800001,
              364594.70310000144
            ],
            [
              244011.42899999954,
              364604.25349999964
            ],
            [
              244016.496000004,
              364610.33669999987
            ],
            [
              244019.86199999973,
              364619.99290000089
            ],
            [
              244018.73630000092,
              364626.78769999929
            ],
            [
              244011.51740000024,
              364634.00610000268
            ],
            [
              243992.79070000071,
              364649.25870000571
            ],
            [
              243986.09720000252,
              364660.33030000143
            ],
            [
              243981.66390000004,
              364672.0270000007
            ],
            [
              243981.26719999965,
              364680.87910000235
            ],
            [
              243969.1061000023,
              364696.4251000043
            ],
            [
              243962.53600000311,
              364717.69089999981
            ],
            [
              243957.61620000005,
              364726.63509999961
            ],
            [
              243948.9086000016,
              364733.97089999914
            ],
            [
              243931.2993999999,
              364744.73960000277
            ],
            [
              243903.89960000105,
              364762.85110000148
            ],
            [
              243855.61260000058,
              364801.54360000044
            ],
            [
              243822.57450000104,
              364815.00500000082
            ],
            [
              243808.65240000281,
              364832.27210000157
            ],
            [
              243806.83460000064,
              364840.12209999934
            ],
            [
              243792.94489999954,
              364849.34459999949
            ],
            [
              243779.37800000049,
              364854.54140000232
            ],
            [
              243765.20620000176,
              364871.81689999998
            ],
            [
              243757.82870000228,
              364886.60540000163
            ],
            [
              243752.73380000051,
              364900.54050000384
            ],
            [
              243749.04050000012,
              364932.51630000025
            ],
            [
              243742.09559999965,
              364944.03320000134
            ],
            [
              243730.65560000297,
              364947.7340000011
            ],
            [
              243710.96550000366,
              364946.80870000273
            ],
            [
              243703.1305999998,
              364951.60620000213
            ],
            [
              243676.60329999961,
              364951.19999999925
            ],
            [
              243668.83440000284,
              364962.46710000001
            ],
            [
              243666.54760000017,
              364970.32399999909
            ],
            [
              243637.24419999961,
              365000.16440000199
            ],
            [
              243612.09850000311,
              365005.0624000039
            ],
            [
              243601.48180000018,
              365010.66469999962
            ],
            [
              243564.67340000253,
              365047.57399999723
            ],
            [
              243531.21870000381,
              365065.94500000216
            ],
            [
              243512.08770000003,
              365086.78639999963
            ],
            [
              243506.56010000221,
              365097.99430000037
            ],
            [
              243500.56159999967,
              365103.4056000039
            ],
            [
              243483.4422999993,
              365139.9563999977
            ],
            [
              243467.40490000043,
              365155.13040000387
            ],
            [
              243457.81570000015,
              365159.61260000058
            ],
            [
              243430.90680000093,
              365183.02000000142
            ],
            [
              243425.80400000047,
              365191.00269999914
            ],
            [
              243419.490600002,
              365194.28270000219
            ],
            [
              243412.51300000399,
              365207.96680000238
            ],
            [
              243394.24349999987,
              365216.87069999985
            ],
            [
              243371.9569000015,
              365208.3842999991
            ],
            [
              243357.93070000038,
              365199.43960000388
            ],
            [
              243345.49900000077,
              365196.16660000198
            ],
            [
              243332.7463000007,
              365202.83999999985
            ],
            [
              243315.37400000077,
              365202.62790000066
            ],
            [
              243297.47390000243,
              365200.02830000035
            ]
          ]
        ]
      }
    },
    {
      "attributes" : {
        "FID" : 2,
        "PMNTN_SN" : 9060,
        "MNTN_CODE" : "457203001",
        "MNTN_NM" : "꼭지산",
        "PMNTN_NM" : "상전면망향의동산-금지저수지구간",
        "PMNTN_MAIN" : "금지저수지",
        "PMNTN_LT" : 2.33,
        "PMNTN_DFFL" : "쉬움",
        "PMNTN_UPPL" : 41,
        "PMNTN_GODN" : 29,
        "PMNTN_MTRQ" : "토사/암반",
        "PMNTN_CNRL" : " ",
        "PMNTN_CLS_" : " ",
        "PMNTN_RISK" : "추락위험지역,암벽주의",
        "PMNTN_RECO" : " ",
        "DATA_STDR_" : "2016-12-31",
        "MNTN_ID" : "457203001"
      },
      "geometry" : {
        "paths" : [
          [
            [
              242516.44350000005,
              362274.97830000147
            ],
            [
              242507.31710000336,
              362271.74929999933
            ],
            [
              242499.19139999989,
              362269.94880000129
            ],
            [
              242457.35749999993,
              362240.11150000244
            ],
            [
              242440.31290000025,
              362228.33400000073
            ],
            [
              242430.18970000092,
              362222.67490000278
            ],
            [
              242421.09670000058,
              362221.39800000191
            ],
            [
              242408.27680000104,
              362223.57359999977
            ],
            [
              242397.80850000121,
              362227.94660000131
            ],
            [
              242388.2248999998,
              362232.33430000208
            ],
            [
              242365.73340000119,
              362250.73440000229
            ],
            [
              242355.15310000069,
              362258.25760000199
            ],
            [
              242346.14790000115,
              362258.80389999785
            ],
            [
              242340.65120000206,
              362256.2268000003
            ],
            [
              242341.53960000165,
              362244.65190000273
            ],
            [
              242346.87280000001,
              362231.37280000374
            ],
            [
              242355.9123999998,
              362212.72619999945
            ],
            [
              242361.62770000286,
              362201.37920000218
            ],
            [
              242369.36560000107,
              362191.35780000128
            ],
            [
              242377.11020000279,
              362182.93740000017
            ],
            [
              242380.44209999964,
              362174.68080000207
            ],
            [
              242381.60089999996,
              362166.92210000195
            ],
            [
              242379.77320000343,
              362159.86800000072
            ],
            [
              242376.69570000283,
              362152.34420000203
            ],
            [
              242366.65920000151,
              362144.58819999918
            ],
            [
              242356.10050000157,
              362140.40139999986
            ],
            [
              242332.62400000263,
              362132.55240000412
            ],
            [
              242311.23890000116,
              362126.52480000071
            ],
            [
              242293.63779999968,
              362119.18329999968
            ],
            [
              242279.65750000253,
              362115.07799999975
            ],
            [
              242262.82870000321,
              362109.77990000136
            ],
            [
              242247.91210000124,
              362105.78840000182
            ],
            [
              242224.63730000146,
              362096.31149999984
            ],
            [
              242176.25780000072,
              362080.76730000414
            ],
            [
              242169.13170000073,
              362068.92690000124
            ],
            [
              242164.07760000229,
              362058.24700000137
            ],
            [
              242158.06350000203,
              362046.68680000119
            ],
            [
              242156.05209999904,
              362038.3870000001
            ],
            [
              242150.60090000276,
              362034.94980000146
            ],
            [
              242138.18620000128,
              362037.74719999917
            ],
            [
              242126.13310000394,
              362043.29640000127
            ],
            [
              242116.62310000323,
              362045.90440000221
            ],
            [
              242101.15190000087,
              362049.45900000446
            ],
            [
              242083.2685000021,
              362054.85060000233
            ],
            [
              242066.35410000011,
              362058.72160000168
            ],
            [
              242050.00050000194,
              362061.89660000429
            ],
            [
              242036.15749999974,
              362064.2006000001
            ],
            [
              242018.92970000207,
              362066.33300000057
            ],
            [
              241996.0279000001,
              362069.44890000112
            ],
            [
              241975.97330000065,
              362071.44859999977
            ],
            [
              241958.30800000299,
              362070.66180000082
            ],
            [
              241941.7014000006,
              362069.15609999932
            ],
            [
              241930.46950000245,
              362068.76440000348
            ],
            [
              241918.88120000064,
              362069.19999999925
            ],
            [
              241907.01620000042,
              362070.99710000306
            ],
            [
              241885.96760000009,
              362073.01109999791
            ],
            [
              241871.55520000029,
              362073.43990000151
            ],
            [
              241861.75430000108,
              362073.41690000333
            ],
            [
              241849.40460000094,
              362069.94010000117
            ],
            [
              241838.75939999986,
              362070.36009999923
            ],
            [
              241811.40230000205,
              362073.83200000226
            ],
            [
              241768.2407999998,
              362073.09490000084
            ],
            [
              241750.90270000044,
              362072.61260000058
            ],
            [
              241733.6950000003,
              362073.05400000326
            ],
            [
              241719.61830000021,
              362073.36979999952
            ],
            [
              241710.1416000016,
              362073.73450000025
            ],
            [
              241702.82370000053,
              362069.66970000044
            ],
            [
              241685.68870000076,
              362051.9450000003
            ],
            [
              241671.1389000006,
              362044.36710000411
            ],
            [
              241659.05059999879,
              362042.45219999924
            ],
            [
              241647.08340000082,
              362045.57019999996
            ],
            [
              241633.00210000016,
              362051.65140000358
            ],
            [
              241630.73160000145,
              362058.78560000099
            ],
            [
              241630.8125,
              362068.79050000012
            ],
            [
              241634.46330000088,
              362081.49939999729
            ],
            [
              241635.54740000144,
              362090.68910000101
            ],
            [
              241633.03700000048,
              362097.27080000192
            ],
            [
              241620.02790000103,
              362107.24200000241
            ],
            [
              241602.97800000105,
              362112.00850000046
            ],
            [
              241585.03539999947,
              362113.40340000018
            ],
            [
              241566.4104000004,
              362112.85679999925
            ],
            [
              241554.63929999899,
              362115.48830000311
            ],
            [
              241546.32350000273,
              362118.98220000416
            ],
            [
              241539.34080000129,
              362123.46250000224
            ],
            [
              241534.30280000251,
              362130.11779999919
            ],
            [
              241531.09490000084,
              362135.50760000199
            ],
            [
              241530.79620000068,
              362140.3935000021
            ],
            [
              241533.08820000384,
              362147.14789999835
            ],
            [
              241551.60269999877,
              362157.54560000263
            ],
            [
              241556.86020000093,
              362163.97330000065
            ],
            [
              241557.16220000107,
              362172.87230000459
            ],
            [
              241556.42630000133,
              362180.94779999927
            ],
            [
              241557.01910000015,
              362187.85649999976
            ],
            [
              241558.85120000038,
              362192.87980000302
            ],
            [
              241565.24739999976,
              362194.34699999914
            ],
            [
              241574.67950000055,
              362191.60460000113
            ],
            [
              241583.87729999982,
              362190.21220000274
            ],
            [
              241596.4785000002,
              362190.17370000295
            ],
            [
              241601.22049999982,
              362195.63240000047
            ],
            [
              241603.52520000096,
              362202.65350000188
            ],
            [
              241603.73170000035,
              362216.21979999915
            ],
            [
              241604.48440000042,
              362227.77390000224
            ],
            [
              241605.7435999997,
              362235.2854999993
            ],
            [
              241610.76530000102,
              362241.94409999996
            ],
            [
              241619.09900000039,
              362242.93960000016
            ],
            [
              241629.77050000057,
              362245.25579999946
            ],
            [
              241640.81870000344,
              362250.69989999942
            ],
            [
              241643.37670000084,
              362256.09580000117
            ],
            [
              241642.92910000402,
              362264.1996000018
            ],
            [
              241639.09300000127,
              362272.71980000101
            ],
            [
              241635.01350000035,
              362283.09019999951
            ],
            [
              241636.79690000322,
              362290.94240000099
            ],
            [
              241641.14570000302,
              362297.89220000245
            ],
            [
              241648.54569999967,
              362303.68510000221
            ],
            [
              241658.92280000169,
              362308.10260000266
            ],
            [
              241667.42190000042,
              362309.96119999886
            ],
            [
              241678.05999999959,
              362311.47160000168
            ],
            [
              241681.42100000009,
              362318.22910000198
            ],
            [
              241681.39099999983,
              362324.70010000095
            ],
            [
              241678.31709999964,
              362331.39620000124
            ],
            [
              241674.36149999872,
              362336.40399999917
            ],
            [
              241671.75010000076,
              362342.64589999989
            ],
            [
              241670.48540000152,
              362348.90300000273
            ],
            [
              241671.35690000281,
              362355.56310000084
            ],
            [
              241673.59229999967,
              362363.67730000243
            ],
            [
              241678.74650000222,
              362369.02500000037
            ],
            [
              241682.81379999965,
              362372.69240000471
            ],
            [
              241688.40310000163,
              362376.39760000072
            ],
            [
              241698.21990000084,
              362384.37010000087
            ],
            [
              241702.37550000008,
              362391.29429999925
            ],
            [
              241706.31830000039,
              362400.99120000191
            ],
            [
              241705.89100000076,
              362406.01659999974
            ],
            [
              241705.3507000003,
              362411.84050000086
            ],
            [
              241709.56280000042,
              362415.72770000063
            ],
            [
              241712.1464000009,
              362413.29209999926
            ],
            [
              241716.33829999994,
              362416.32870000042
            ],
            [
              241721.67910000309,
              362410.84800000116
            ],
            [
              241727.22740000393,
              362411.46360000037
            ],
            [
              241733.24670000095,
              362417.99259999953
            ],
            [
              241740.86129999999,
              362419.00440000184
            ],
            [
              241747.53570000175,
              362421.8516999986
            ],
            [
              241757.55630000029,
              362423.7453000024
            ],
            [
              241762.19620000012,
              362421.28869999945
            ],
            [
              241772.22530000005,
              362422.2442000024
            ],
            [
              241779.5671000015,
              362422.08360000327
            ],
            [
              241785.80290000141,
              362425.4309000019
            ],
            [
              241788.49330000207,
              362430.35640000179
            ],
            [
              241796.28490000125,
              362432.16640000045
            ],
            [
              241804.94250000175,
              362441.29309999943
            ],
            [
              241813.07040000334,
              362442.47980000265
            ],
            [
              241821.17090000212,
              362449.4878000021
            ],
            [
              241826.59140000027,
              362456.96389999986
            ],
            [
              241834.51599999983,
              362459.6596999988
            ],
            [
              241841.43730000313,
              362463.31750000082
            ],
            [
              241846.77879999951,
              362469.77280000038
            ],
            [
              241859.30430000089,
              362472.380400002
            ],
            [
              241867.0914000012,
              362477.94189999998
            ],
            [
              241873.3208999997,
              362483.41070000082
            ],
            [
              241883.71580000315,
              362484.03280000016
            ],
            [
              241890.05860000011,
              362489.75410000235
            ],
            [
              241899.90190000087,
              362489.76280000061
            ],
            [
              241908.28950000089,
              362489.8692000024
            ],
            [
              241919.78120000008,
              362498.18799999915
            ],
            [
              241918.88000000361,
              362514.20859999955
            ],
            [
              241918.85400000308,
              362525.97720000148
            ],
            [
              241923.69770000037,
              362529.92339999974
            ],
            [
              241924.19639999978,
              362537.64630000107
            ],
            [
              241925.52850000095,
              362549.06140000187
            ],
            [
              241929.60900000017,
              362558.6883000005
            ],
            [
              241929.32679999992,
              362568.70370000228
            ],
            [
              241927.53790000081,
              362581.91119999997
            ],
            [
              241918.27460000012,
              362600.30100000091
            ],
            [
              241910.40110000037,
              362628.94659999758
            ],
            [
              241907.71430000104,
              362654.28710000217
            ],
            [
              241927.24780000001,
              362686.1041000057
            ],
            [
              241933.77650000248,
              362710.28980000131
            ],
            [
              241947.46050000004,
              362738.28439999931
            ],
            [
              241954.5177000016,
              362751.42720000073
            ],
            [
              241958.4486999996,
              362765.61400000006
            ],
            [
              241961.09280000255,
              362788.89279999956
            ],
            [
              241962.227400003,
              362798.881500002
            ],
            [
              241959.44930000138,
              362804.54279999994
            ],
            [
              241957.68050000258,
              362814.15929999948
            ],
            [
              241960.25600000378,
              362823.42560000159
            ],
            [
              241959.64050000161,
              362835.0484000016
            ],
            [
              241954.67040000204,
              362846.98530000448
            ],
            [
              241953.91020000074,
              362861.82230000012
            ]
          ]
        ]
      }
    },
    {
      "attributes" : {
        "FID" : 3,
        "PMNTN_SN" : 9061,
        "MNTN_CODE" : "457203001",
        "MNTN_NM" : "꼭지산",
        "PMNTN_NM" : "월포리구간",
        "PMNTN_MAIN" : " ",
        "PMNTN_LT" : 0.07,
        "PMNTN_DFFL" : "쉬움",
        "PMNTN_UPPL" : 1,
        "PMNTN_GODN" : 1,
        "PMNTN_MTRQ" : "토사/암반",
        "PMNTN_CNRL" : " ",
        "PMNTN_CLS_" : " ",
        "PMNTN_RISK" : "추락위험지역,암벽주의",
        "PMNTN_RECO" : " ",
        "DATA_STDR_" : "2016-12-31",
        "MNTN_ID" : "457203001"
      },
      "geometry" : {
        "paths" : [
          [
            [
              242555.83800000139,
              362213.90040000156
            ],
            [
              242525.66780000273,
              362256.24850000069
            ],
            [
              242518.93110000063,
              362266.55489999987
            ],
            [
              242516.44350000005,
              362274.97830000147
            ]
          ]
        ]
      }
    },
    {
      "attributes" : {
        "FID" : 4,
        "PMNTN_SN" : 9062,
        "MNTN_CODE" : "457203001",
        "MNTN_NM" : "꼭지산",
        "PMNTN_NM" : "상전면망향의동산-금지저수지구간",
        "PMNTN_MAIN" : " ",
        "PMNTN_LT" : 0.95,
        "PMNTN_DFFL" : "쉬움",
        "PMNTN_UPPL" : 17,
        "PMNTN_GODN" : 12,
        "PMNTN_MTRQ" : "토사/암반",
        "PMNTN_CNRL" : " ",
        "PMNTN_CLS_" : " ",
        "PMNTN_RISK" : "추락위험지역,암벽주의",
        "PMNTN_RECO" : " ",
        "DATA_STDR_" : "2016-12-31",
        "MNTN_ID" : "457203001"
      },
      "geometry" : {
        "paths" : [
          [
            [
              242956.97520000022,
              363907.95800000057
            ],
            [
              242960.97880000155,
              363910.97230000421
            ],
            [
              242963.7553000031,
              363918.94860000163
            ],
            [
              242970.73390000034,
              363926.48060000129
            ],
            [
              242981.21360000316,
              363934.64530000091
            ],
            [
              242992.85280000046,
              363941.16950000077
            ],
            [
              243003.33480000217,
              363944.04389999993
            ],
            [
              243016.11240000278,
              363942.94010000117
            ],
            [
              243028.64250000287,
              363944.95220000111
            ],
            [
              243039.08619999979,
              363946.53800000064
            ],
            [
              243049.90930000134,
              363950.94550000317
            ],
            [
              243054.59460000042,
              363956.32340000197
            ],
            [
              243057.84370000008,
              363973.08030000143
            ],
            [
              243055.89349999931,
              363983.36660000123
            ],
            [
              243056.82100000232,
              364018.25769999996
            ],
            [
              243055.32100000046,
              364027.83000000194
            ],
            [
              243047.01640000287,
              364048.11130000278
            ],
            [
              243047.09130000044,
              364073.11170000024
            ],
            [
              243043.1706000017,
              364101.08530000225
            ],
            [
              243042.94720000122,
              364111.68810000457
            ],
            [
              243047.03800000157,
              364119.63039999828
            ],
            [
              243045.21090000123,
              364127.33740000054
            ],
            [
              243050.85390000045,
              364131.57420000248
            ],
            [
              243056.27240000013,
              364134.91719999909
            ],
            [
              243059.75710000098,
              364139.24340000004
            ],
            [
              243060.38150000013,
              364144.96639999934
            ],
            [
              243065.51910000015,
              364152.96380000003
            ],
            [
              243069.03280000109,
              364155.86739999987
            ],
            [
              243070.71780000161,
              364162.44150000066
            ],
            [
              243075.68269999884,
              364167.62519999966
            ],
            [
              243078.69330000039,
              364174.29860000126
            ],
            [
              243078.06650000066,
              364186.65730000287
            ],
            [
              243080.74560000375,
              364197.62650000118
            ],
            [
              243083.50890000351,
              364203.53500000201
            ],
            [
              243088.50580000039,
              364204.91719999909
            ],
            [
              243097.82139999885,
              364194.44739999995
            ],
            [
              243116.22250000201,
              364197.86320000142
            ],
            [
              243130.94379999954,
              364204.40829999931
            ],
            [
              243151.29069999978,
              364202.93590000086
            ],
            [
              243167.21350000333,
              364194.42930000462
            ],
            [
              243176.52750000358,
              364196.84649999999
            ],
            [
              243190.51280000061,
              364189.81850000098
            ],
            [
              243210.73300000094,
              364195.68380000256
            ],
            [
              243213.74600000028,
              364200.26520000212
            ],
            [
              243215.21310000122,
              364197.45419999957
            ],
            [
              243229.13350000232,
              364203.70729999989
            ],
            [
              243254.14589999989,
              364201.70920000225
            ],
            [
              243264.16430000123,
              364190.13260000013
            ],
            [
              243261.25590000208,
              364180.28160000034
            ],
            [
              243258.89300000016,
              364171.88290000148
            ],
            [
              243253.24480000045,
              364165.48350000009
            ],
            [
              243247.03100000042,
              364159.84960000031
            ],
            [
              243247.95579999965,
              364153.40880000032
            ],
            [
              243255.56329999957,
              364150.33030000329
            ],
            [
              243258.76639999915,
              364154.1294000037
            ],
            [
              243268.07540000044,
              364153.55390000343
            ],
            [
              243270.39059999958,
              364156.88550000265
            ],
            [
              243282.14109999966,
              364156.40370000154
            ],
            [
              243285.06359999999,
              364160.92880000174
            ],
            [
              243302.13570000231,
              364158.89200000092
            ],
            [
              243317.62160000112,
              364163.86940000206
            ],
            [
              243322.31310000177,
              364170.38419999927
            ],
            [
              243327.97290000226,
              364170.86780000292
            ],
            [
              243344.95569999982,
              364162.3479999993
            ],
            [
              243348.53190000169,
              364163.22120000049
            ],
            [
              243358.17460000329,
              364164.97990000248
            ],
            [
              243360.21540000197,
              364164.05980000459
            ],
            [
              243364.39580000285,
              364162.13650000282
            ],
            [
              243373.99549999926,
              364163.3927000016
            ],
            [
              243381.30119999964,
              364158.5831000004
            ],
            [
              243391.83700000402,
              364158.8395000007
            ],
            [
              243394.16230000183,
              364153.93080000207
            ],
            [
              243399.85049999971,
              364156.33040000126
            ],
            [
              243403.31560000032,
              364159.79800000228
            ],
            [
              243418.15050000418,
              364170.92939999886
            ],
            [
              243422.54050000012,
              364170.15570000187
            ],
            [
              243432.94429999869,
              364178.07049999945
            ],
            [
              243459.49750000052,
              364186.05100000277
            ],
            [
              243462.5662000021,
              364183.89900000207
            ],
            [
              243470.37030000053,
              364185.49070000276
            ],
            [
              243475.07030000258,
              364182.58410000242
            ],
            [
              243500.80540000368,
              364189.10029999912
            ],
            [
              243524.66550000198,
              364184.40960000083
            ],
            [
              243542.85730000213,
              364186.63730000332
            ]
          ]
        ]
      }
    },
    {
      "attributes" : {
        "FID" : 5,
        "PMNTN_SN" : 9063,
        "MNTN_CODE" : "457203001",
        "MNTN_NM" : "꼭지산",
        "PMNTN_NM" : "상전면망향의동산-금지저수지구간",
        "PMNTN_MAIN" : " ",
        "PMNTN_LT" : 1.53,
        "PMNTN_DFFL" : "쉬움",
        "PMNTN_UPPL" : 27,
        "PMNTN_GODN" : 19,
        "PMNTN_MTRQ" : "토사/암반",
        "PMNTN_CNRL" : " ",
        "PMNTN_CLS_" : " ",
        "PMNTN_RISK" : "추락위험지역,암벽주의",
        "PMNTN_RECO" : " ",
        "DATA_STDR_" : "2016-12-31",
        "MNTN_ID" : "457203001"
      },
      "geometry" : {
        "paths" : [
          [
            [
              242030.44600000232,
              362878.61000000127
            ],
            [
              242029.35800000001,
              362883.25910000317
            ],
            [
              242034.84109999985,
              362894.01820000075
            ],
            [
              242035.77689999994,
              362900.39630000107
            ],
            [
              242034.09310000017,
              362903.22980000265
            ],
            [
              242031.55190000311,
              362903.48269999959
            ],
            [
              242028.6213999996,
              362905.12970000133
            ],
            [
              242028.60919999983,
              362919.70450000279
            ],
            [
              242032.06280000228,
              362936.92700000107
            ],
            [
              242030.14300000109,
              362941.04729999974
            ],
            [
              242034.64200000279,
              362943.81250000186
            ],
            [
              242027.8319000015,
              362958.96780000068
            ],
            [
              242028.3180000009,
              362965.00630000047
            ],
            [
              242035.13750000298,
              362995.58170000091
            ],
            [
              242036.36780000012,
              363015.47220000252
            ],
            [
              242043.53820000309,
              363039.12050000019
            ],
            [
              242059.89190000016,
              363061.12910000049
            ],
            [
              242065.19660000131,
              363072.74289999902
            ],
            [
              242078.75030000135,
              363084.99120000377
            ],
            [
              242092.19020000007,
              363090.91459999979
            ],
            [
              242101.98800000083,
              363092.17970000207
            ],
            [
              242111.83309999947,
              363102.62470000237
            ],
            [
              242121.02510000207,
              363104.66709999926
            ],
            [
              242122.23300000187,
              363109.62460000068
            ],
            [
              242121.35550000332,
              363113.07500000112
            ],
            [
              242134.68040000089,
              363118.65620000102
            ],
            [
              242144.07080000173,
              363130.73600000329
            ],
            [
              242156.01290000416,
              363131.62989999913
            ],
            [
              242176.92169999983,
              363146.1363999974
            ],
            [
              242190.83509999979,
              363152.75050000101
            ],
            [
              242203.05819999892,
              363164.45980000123
            ],
            [
              242202.7929000007,
              363172.52480000257
            ],
            [
              242217.56610000134,
              363203.56629999913
            ],
            [
              242228.06580000091,
              363211.61500000022
            ],
            [
              242238.79490000289,
              363214.41929999925
            ],
            [
              242245.66660000198,
              363225.91359999962
            ],
            [
              242252.09540000092,
              363230.83540000394
            ],
            [
              242261.94790000003,
              363232.70990000106
            ],
            [
              242273.74149999954,
              363242.6370000001
            ],
            [
              242281.22609999962,
              363244.77470000461
            ],
            [
              242289.42210000195,
              363251.55969999917
            ],
            [
              242295.2070000004,
              363262.18989999965
            ],
            [
              242301.23830000125,
              363270.00770000182
            ],
            [
              242308.62959999964,
              363271.97070000134
            ],
            [
              242315.24380000029,
              363275.92720000073
            ],
            [
              242318.99460000359,
              363285.9804999996
            ],
            [
              242322.41559999995,
              363298.79450000077
            ],
            [
              242325.43470000383,
              363307.23489999771
            ],
            [
              242331.2145000007,
              363314.10830000229
            ],
            [
              242337.37820000015,
              363321.26319999993
            ],
            [
              242344.65240000188,
              363325.94910000451
            ],
            [
              242347.93439999968,
              363333.1296000015
            ],
            [
              242359.25740000047,
              363342.27510000207
            ],
            [
              242368.40920000337,
              363355.60930000246
            ],
            [
              242383.46900000051,
              363367.30600000173
            ],
            [
              242395.12729999982,
              363381.33600000106
            ],
            [
              242402.16070000082,
              363398.34559999965
            ],
            [
              242411.10670000222,
              363401.31780000217
            ],
            [
              242420.58629999962,
              363408.11020000093
            ],
            [
              242422.12600000203,
              363415.38140000217
            ],
            [
              242434.49679999985,
              363431.2386000026
            ],
            [
              242441.59820000082,
              363448.18510000221
            ],
            [
              242449.02550000232,
              363465.58840000443
            ],
            [
              242452.6699000001,
              363480.45560000092
            ],
            [
              242460.19139999989,
              363490.60140000097
            ],
            [
              242494.98149999976,
              363506.91460000724
            ],
            [
              242505.45090000238,
              363516.40500000119
            ],
            [
              242512.13260000199,
              363523.31030000374
            ],
            [
              242531.68080000207,
              363554.35680000111
            ],
            [
              242541.59370000195,
              363564.63519999944
            ],
            [
              242542.7397000026,
              363570.30480000004
            ],
            [
              242564.01520000398,
              363582.22840000317
            ],
            [
              242594.5532999998,
              363590.07650000043
            ],
            [
              242598.78600000218,
              363596.15150000714
            ],
            [
              242608.90189999994,
              363598.84180000052
            ],
            [
              242611.0942000011,
              363605.73479999974
            ],
            [
              242614.59860000201,
              363605.89120000042
            ],
            [
              242618.47819999978,
              363616.09400000423
            ],
            [
              242635.26809999999,
              363631.92100000195
            ],
            [
              242644.76370000094,
              363637.65880000219
            ],
            [
              242660.64140000101,
              363654.24410000071
            ],
            [
              242674.51420000102,
              363658.05920000002
            ],
            [
              242675.16009999998,
              363666.94439999945
            ],
            [
              242693.76180000138,
              363696.3032000009
            ],
            [
              242707.80940000247,
              363706.22049999982
            ],
            [
              242723.10240000021,
              363712.1817000024
            ],
            [
              242731.46460000146,
              363722.11810000241
            ],
            [
              242765.68330000155,
              363749.86930000037
            ],
            [
              242784.07130000181,
              363757.61270000041
            ],
            [
              242799.89750000183,
              363761.29810000211
            ],
            [
              242853.34910000209,
              363762.96160000004
            ],
            [
              242871.24480000418,
              363767.62440000102
            ],
            [
              242876.04719999991,
              363763.89020000398
            ],
            [
              242882.69610000309,
              363773.13959999941
            ],
            [
              242888.84750000015,
              363790.5055999998
            ],
            [
              242901.25520000048,
              363843.39330000058
            ],
            [
              242908.024000003,
              363852.47570000403
            ],
            [
              242920.00320000015,
              363859.54649999924
            ],
            [
              242934.53130000364,
              363885.76120000146
            ],
            [
              242954.50120000076,
              363901.2322000023
            ],
            [
              242956.97520000022,
              363907.95800000057
            ]
          ]
        ]
      }
    },
    {
      "attributes" : {
        "FID" : 6,
        "PMNTN_SN" : 9064,
        "MNTN_CODE" : "457203001",
        "MNTN_NM" : "꼭지산",
        "PMNTN_NM" : "월포리구간",
        "PMNTN_MAIN" : " ",
        "PMNTN_LT" : 0.1,
        "PMNTN_DFFL" : "중간",
        "PMNTN_UPPL" : 2,
        "PMNTN_GODN" : 1,
        "PMNTN_MTRQ" : "토사/암반",
        "PMNTN_CNRL" : " ",
        "PMNTN_CLS_" : " ",
        "PMNTN_RISK" : "추락위험지역,암벽주의",
        "PMNTN_RECO" : " ",
        "DATA_STDR_" : "2016-12-31",
        "MNTN_ID" : "457203001"
      },
      "geometry" : {
        "paths" : [
          [
            [
              242101.05700000282,
              362826.09960000217
            ],
            [
              242095.20420000143,
              362830.44910000265
            ],
            [
              242084.00490000006,
              362834.1043000035
            ],
            [
              242068.96480000205,
              362835.61660000123
            ],
            [
              242069.21999999974,
              362841.27449999936
            ],
            [
              242060.96000000183,
              362849.28920000046
            ],
            [
              242054.70069999993,
              362857.45460000075
            ],
            [
              242049.98149999883,
              362860.39049999975
            ],
            [
              242049.66980000027,
              362869.37739999965
            ],
            [
              242041.1685000034,
              362874.65499999933
            ],
            [
              242035.83690000325,
              362877.03390000202
            ],
            [
              242030.44600000232,
              362878.61000000127
            ]
          ]
        ]
      }
    },
    {
      "attributes" : {
        "FID" : 7,
        "PMNTN_SN" : 9065,
        "MNTN_CODE" : "457203001",
        "MNTN_NM" : "꼭지산",
        "PMNTN_NM" : "상전면월포휴게소구간",
        "PMNTN_MAIN" : " ",
        "PMNTN_LT" : 0.46,
        "PMNTN_DFFL" : "쉬움",
        "PMNTN_UPPL" : 9,
        "PMNTN_GODN" : 6,
        "PMNTN_MTRQ" : "토사/암반",
        "PMNTN_CNRL" : " ",
        "PMNTN_CLS_" : " ",
        "PMNTN_RISK" : "추락위험지역,암벽주의",
        "PMNTN_RECO" : " ",
        "DATA_STDR_" : "2016-12-31",
        "MNTN_ID" : "457203001"
      },
      "geometry" : {
        "paths" : [
          [
            [
              243486.44469999988,
              363896.01530000195
            ],
            [
              243501.13860000204,
              363905.09070000052
            ],
            [
              243525.63640000019,
              363916.7396000009
            ],
            [
              243540.0093000019,
              363923.34020000137
            ],
            [
              243541.26310000196,
              363932.75449999981
            ],
            [
              243540.67140000034,
              363941.25540000387
            ],
            [
              243539.7034,
              363950.4737999998
            ],
            [
              243530.15550000127,
              363969.94669999927
            ],
            [
              243511.91909999959,
              363984.50449999981
            ],
            [
              243504.97800000105,
              363992.87280000001
            ],
            [
              243506.22990000062,
              363998.55270000175
            ],
            [
              243508.32259999961,
              364006.83450000361
            ],
            [
              243522.66280000098,
              364010.19920000061
            ],
            [
              243530.19340000115,
              364007.25500000268
            ],
            [
              243535.30350000318,
              364011.92640000209
            ],
            [
              243535.69800000079,
              364016.35539999977
            ],
            [
              243541.78960000165,
              364021.38920000009
            ],
            [
              243560.43550000153,
              364028.78210000135
            ],
            [
              243553.28840000182,
              364032.09510000236
            ],
            [
              243548.83690000046,
              364030.631500002
            ],
            [
              243535.32890000008,
              364034.41530000046
            ],
            [
              243532.06680000015,
              364031.23710000142
            ],
            [
              243530.00530000124,
              364034.11350000277
            ],
            [
              243530.07550000213,
              364037.47719999962
            ],
            [
              243545.83179999981,
              364039.83360000141
            ],
            [
              243547.80370000191,
              364045.20050000027
            ],
            [
              243546.30760000274,
              364047.73209999874
            ],
            [
              243540.53580000065,
              364046.97580000199
            ],
            [
              243537.63999999966,
              364061.4811000023
            ],
            [
              243530.03480000235,
              364062.22929999791
            ],
            [
              243524.20950000081,
              364064.34590000287
            ],
            [
              243517.53440000396,
              364071.03150000051
            ],
            [
              243513.6873000022,
              364072.69239999913
            ],
            [
              243508.90720000025,
              364072.22200000286
            ],
            [
              243507.49270000029,
              364076.7089000009
            ],
            [
              243511.08800000139,
              364082.36130000465
            ],
            [
              243506.39879999962,
              364104.79500000179
            ],
            [
              243509.1604000004,
              364115.60480000079
            ],
            [
              243515.98859999981,
              364125.66180000454
            ],
            [
              243513.58910000231,
              364136.67890000157
            ],
            [
              243513.64480000176,
              364144.29750000127
            ],
            [
              243525.59759999998,
              364167.30100000091
            ],
            [
              243542.85730000213,
              364186.63730000332
            ]
          ]
        ]
      }
    },
    {
      "attributes" : {
        "FID" : 8,
        "PMNTN_SN" : 9066,
        "MNTN_CODE" : "457203001",
        "MNTN_NM" : "꼭지산",
        "PMNTN_NM" : "상전면망향의동산-금지저수지구간",
        "PMNTN_MAIN" : " ",
        "PMNTN_LT" : 1.26,
        "PMNTN_DFFL" : "쉬움",
        "PMNTN_UPPL" : 22,
        "PMNTN_GODN" : 16,
        "PMNTN_MTRQ" : "토사/암반",
        "PMNTN_CNRL" : " ",
        "PMNTN_CLS_" : " ",
        "PMNTN_RISK" : "추락위험지역,암벽주의",
        "PMNTN_RECO" : " ",
        "DATA_STDR_" : "2016-12-31",
        "MNTN_ID" : "457203001"
      },
      "geometry" : {
        "paths" : [
          [
            [
              244014.1352000013,
              364463.10940000042
            ],
            [
              244025.63960000034,
              364463.08220000193
            ],
            [
              244037.20190000162,
              364458.50490000099
            ],
            [
              244047.44049999956,
              364451.86240000091
            ],
            [
              244054.40300000366,
              364444.45879999921
            ],
            [
              244059.95600000117,
              364436.56440000236
            ],
            [
              244058.21320000198,
              364427.51650000177
            ],
            [
              244062.89110000059,
              364424.44889999926
            ],
            [
              244069.61129999999,
              364423.52789999917
            ],
            [
              244075.15359999985,
              364426.73270000145
            ],
            [
              244081.96320000105,
              364427.4851000011
            ],
            [
              244089.22900000308,
              364425.37160000019
            ],
            [
              244101.67080000043,
              364412.42830000259
            ],
            [
              244111.07679999992,
              364404.12720000185
            ],
            [
              244118.87900000159,
              364401.5700000003
            ],
            [
              244125.32730000373,
              364402.59820000082
            ],
            [
              244129.56000000052,
              364407.36390000023
            ],
            [
              244131.57469999976,
              364412.49330000393
            ],
            [
              244130.21790000051,
              364425.34380000085
            ],
            [
              244143.0204000026,
              364438.48460000008
            ],
            [
              244164.19060000125,
              364443.36160000041
            ],
            [
              244170.83970000036,
              364439.71190000139
            ],
            [
              244180.37380000018,
              364438.87600000016
            ],
            [
              244191.22990000062,
              364436.54869999923
            ],
            [
              244209.46680000052,
              364439.70060000382
            ],
            [
              244228.57230000198,
              364429.81350000203
            ],
            [
              244242.90699999966,
              364426.47519999929
            ],
            [
              244259.94160000235,
              364424.31920000166
            ],
            [
              244269.27940000314,
              364409.81049999781
            ],
            [
              244272.92920000013,
              364405.07619999908
            ],
            [
              244283.1157999998,
              364402.4114000015
            ],
            [
              244294.40319999959,
              364403.37240000069
            ],
            [
              244301.67220000364,
              364407.72220000252
            ],
            [
              244306.69230000209,
              364410.16010000184
            ],
            [
              244314.4328000024,
              364413.83960000053
            ],
            [
              244315.00499999989,
              364421.04530000128
            ],
            [
              244311.06439999957,
              364425.09370000288
            ],
            [
              244307.03230000101,
              364428.6754999999
            ],
            [
              244302.63019999862,
              364434.03850000165
            ],
            [
              244303.2463999996,
              364447.00669999793
            ],
            [
              244315.16760000214,
              364456.19970000163
            ],
            [
              244394.68059999961,
              364442.02510000207
            ],
            [
              244409.36020000093,
              364426.48310000077
            ],
            [
              244421.71609999985,
              364424.48980000056
            ],
            [
              244438.80040000286,
              364427.51480000094
            ],
            [
              244443.63040000293,
              364430.39450000785
            ],
            [
              244455.50520000048,
              364450.28319999948
            ],
            [
              244474.60219999962,
              364460.9542000033
            ],
            [
              244481.85850000009,
              364475.03470000066
            ],
            [
              244492.90980000142,
              364484.06550000049
            ],
            [
              244511.00960000232,
              364491.31820000149
            ],
            [
              244527.56960000191,
              364494.7127000019
            ],
            [
              244548.04690000042,
              364498.83390000463
            ],
            [
              244568.77570000105,
              364499.5987999998
            ],
            [
              244586.69670000114,
              364497.29910000041
            ],
            [
              244609.49870000035,
              364486.24420000054
            ],
            [
              244642.58470000047,
              364484.77460000105
            ],
            [
              244660.58060000092,
              364476.62519999966
            ],
            [
              244676.42740000319,
              364463.8984999992
            ],
            [
              244691.54030000046,
              364461.55680000223
            ],
            [
              244696.41000000387,
              364461.0605999995
            ],
            [
              244714.67640000209,
              364466.7798999995
            ],
            [
              244740.47420000099,
              364477.0390000008
            ],
            [
              244756.25090000127,
              364475.16580000333
            ],
            [
              244788.86460000277,
              364465.34240000136
            ],
            [
              244818.70280000009,
              364434.48260000348
            ],
            [
              244822.68930000253,
              364430.2966000028
            ],
            [
              244833.53679999989,
              364426.98100000061
            ],
            [
              244838.43530000094,
              364424.6969000008
            ],
            [
              244847.43800000008,
              364423.51229999959
            ],
            [
              244852.63880000077,
              364423.36890000291
            ],
            [
              244859.56690000184,
              364424.08830000274
            ],
            [
              244862.2237000037,
              364425.91390000097
            ],
            [
              244863.97570000309,
              364430.28130000457
            ],
            [
              244861.53600000218,
              364436.04520000145
            ],
            [
              244862.54460000154,
              364441.39200000092
            ],
            [
              244862.91450000089,
              364456.48879999854
            ],
            [
              244864.3582000006,
              364465.64959999919
            ],
            [
              244882.14900000114,
              364463.91070000269
            ],
            [
              244887.8041999992,
              364465.60879999958
            ],
            [
              244903.33420000225,
              364462.43029999919
            ],
            [
              244910.54480000306,
              364456.83960000239
            ],
            [
              244915.43680000119,
              364446.4197000023
            ],
            [
              244919.43710000161,
              364427.59530000202
            ],
            [
              244922.35419999994,
              364418.34960000031
            ],
            [
              244948.30430000369,
              364423.28050000221
            ],
            [
              244969.21470000036,
              364428.62110000104
            ],
            [
              244985.45620000083,
              364434.49740000255
            ],
            [
              244990.70180000272,
              364441.78150000051
            ],
            [
              245001.74260000139,
              364444.52869999968
            ]
          ]
        ]
      }
    },
    {
      "attributes" : {
        "FID" : 9,
        "PMNTN_SN" : 9067,
        "MNTN_CODE" : "457203001",
        "MNTN_NM" : "꼭지산",
        "PMNTN_NM" : "월평리구간",
        "PMNTN_MAIN" : " ",
        "PMNTN_LT" : 0.13,
        "PMNTN_DFFL" : "쉬움",
        "PMNTN_UPPL" : 2,
        "PMNTN_GODN" : 2,
        "PMNTN_MTRQ" : "토사/암반",
        "PMNTN_CNRL" : " ",
        "PMNTN_CLS_" : " ",
        "PMNTN_RISK" : "추락위험지역,암벽주의",
        "PMNTN_RECO" : " ",
        "DATA_STDR_" : "2016-12-31",
        "MNTN_ID" : "457203001"
      },
      "geometry" : {
        "paths" : [
          [
            [
              241862.08370000124,
              362942.80680000223
            ],
            [
              241872.89700000174,
              362928.64690000191
            ],
            [
              241879.92480000108,
              362925.3449000027
            ],
            [
              241885.88530000206,
              362922.47200000286
            ],
            [
              241888.13150000013,
              362916.67789999954
            ],
            [
              241891.55900000036,
              362905.88990000077
            ],
            [
              241893.30999999959,
              362901.23480000161
            ],
            [
              241898.99920000229,
              362898.02600000054
            ],
            [
              241909.93819999974,
              362892.46660000086
            ],
            [
              241911.87849999964,
              362887.2303000018
            ],
            [
              241925.5242000008,
              362882.27070000395
            ],
            [
              241929.67740000039,
              362878.95899999887
            ],
            [
              241953.91020000074,
              362861.82230000012
            ]
          ]
        ]
      }
    },
    {
      "attributes" : {
        "FID" : 10,
        "PMNTN_SN" : 9068,
        "MNTN_CODE" : "457203001",
        "MNTN_NM" : "꼭지산",
        "PMNTN_NM" : "상전면망향의동산-금지저수지구간",
        "PMNTN_MAIN" : " ",
        "PMNTN_LT" : 0.09,
        "PMNTN_DFFL" : "쉬움",
        "PMNTN_UPPL" : 2,
        "PMNTN_GODN" : 1,
        "PMNTN_MTRQ" : "토사/암반",
        "PMNTN_CNRL" : " ",
        "PMNTN_CLS_" : " ",
        "PMNTN_RISK" : "추락위험지역,암벽주의",
        "PMNTN_RECO" : " ",
        "DATA_STDR_" : "2016-12-31",
        "MNTN_ID" : "457203001"
      },
      "geometry" : {
        "paths" : [
          [
            [
              241953.91020000074,
              362861.82230000012
            ],
            [
              241962.98920000251,
              362855.27449999936
            ],
            [
              241971.81300000008,
              362854.47929999977
            ],
            [
              241982.39830000047,
              362849.43290000409
            ],
            [
              241988.02840000018,
              362849.97120000236
            ],
            [
              242011.58760000113,
              362872.48819999956
            ],
            [
              242013.7650000006,
              362871.52199999988
            ],
            [
              242018.24640000332,
              362874.81720000133
            ],
            [
              242023.37030000333,
              362873.54880000092
            ],
            [
              242030.44600000232,
              362878.61000000127
            ]
          ]
        ]
      }
    },
    {
      "attributes" : {
        "FID" : 11,
        "PMNTN_SN" : 9069,
        "MNTN_CODE" : "457203001",
        "MNTN_NM" : "꼭지산",
        "PMNTN_NM" : "상전면망향의동산-금지저수지구간",
        "PMNTN_MAIN" : " ",
        "PMNTN_LT" : 0.23,
        "PMNTN_DFFL" : "쉬움",
        "PMNTN_UPPL" : 4,
        "PMNTN_GODN" : 3,
        "PMNTN_MTRQ" : "토사/암반",
        "PMNTN_CNRL" : " ",
        "PMNTN_CLS_" : " ",
        "PMNTN_RISK" : "추락위험지역,암벽주의",
        "PMNTN_RECO" : " ",
        "DATA_STDR_" : "2016-12-31",
        "MNTN_ID" : "457203001"
      },
      "geometry" : {
        "paths" : [
          [
            [
              242699.78150000051,
              362387.90940000489
            ],
            [
              242655.2603000002,
              362350.6147999987
            ],
            [
              242630.27080000378,
              362331.43119999953
            ],
            [
              242617.16899999976,
              362320.12609999999
            ],
            [
              242610.06579999998,
              362317.53720000014
            ],
            [
              242604.96060000174,
              362319.90089999884
            ],
            [
              242598.79880000185,
              362324.12040000223
            ],
            [
              242592.75009999983,
              362326.85060000233
            ],
            [
              242587.11650000233,
              362325.49270000309
            ],
            [
              242577.06940000318,
              362317.06760000251
            ],
            [
              242562.4935999997,
              362302.17930000089
            ],
            [
              242538.66229999997,
              362283.79900000244
            ],
            [
              242523.20010000002,
              362276.51750000007
            ],
            [
              242516.44350000005,
              362274.97830000147
            ]
          ]
        ]
      }
    },
    {
      "attributes" : {
        "FID" : 12,
        "PMNTN_SN" : 9070,
        "MNTN_CODE" : "457203001",
        "MNTN_NM" : "꼭지산",
        "PMNTN_NM" : "상전면월포리구간",
        "PMNTN_MAIN" : " ",
        "PMNTN_LT" : 0.62,
        "PMNTN_DFFL" : "쉬움",
        "PMNTN_UPPL" : 11,
        "PMNTN_GODN" : 8,
        "PMNTN_MTRQ" : "토사/암반",
        "PMNTN_CNRL" : " ",
        "PMNTN_CLS_" : " ",
        "PMNTN_RISK" : "추락위험지역,암벽주의",
        "PMNTN_RECO" : " ",
        "DATA_STDR_" : "2016-12-31",
        "MNTN_ID" : "457203001"
      },
      "geometry" : {
        "paths" : [
          [
            [
              242956.97520000022,
              363907.95800000057
            ],
            [
              242960.46940000262,
              363900.58230000176
            ],
            [
              242955.51910000108,
              363888.05810000375
            ],
            [
              242953.02550000045,
              363860.67440000176
            ],
            [
              242958.67569999956,
              363858.50690000132
            ],
            [
              242959.1202000007,
              363854.27730000019
            ],
            [
              242964.3768000016,
              363847.42970000207
            ],
            [
              242970.6847000001,
              363843.86100000329
            ],
            [
              242978.45310000051,
              363846.66120000184
            ],
            [
              242982.34270000085,
              363828.2928000018
            ],
            [
              242986.55850000121,
              363822.21210000105
            ],
            [
              242988.7684000032,
              363816.26559999958
            ],
            [
              242992.35600000061,
              363809.78150000237
            ],
            [
              242992.25810000114,
              363799.19260000251
            ],
            [
              242992.1529000029,
              363791.05450000055
            ],
            [
              242997.63320000283,
              363781.4451999981
            ],
            [
              243006.50050000194,
              363775.56030000187
            ],
            [
              243012.64950000308,
              363768.82589999959
            ],
            [
              243014.27740000002,
              363760.52610000223
            ],
            [
              243016.84690000024,
              363750.54969999939
            ],
            [
              243017.03600000124,
              363730.38700000197
            ],
            [
              243025.91670000087,
              363714.28590000048
            ],
            [
              243031.11320000049,
              363691.84099999815
            ],
            [
              243041.66650000028,
              363678.07950000092
            ],
            [
              243053.09570000134,
              363655.77690000087
            ],
            [
              243060.3552000029,
              363646.35069999844
            ],
            [
              243061.76710000075,
              363639.24469999969
            ],
            [
              243070.51960000116,
              363635.07650000229
            ],
            [
              243077.06919999979,
              363628.6054999996
            ],
            [
              243083.2209999999,
              363626.45920000225
            ],
            [
              243088.36079999991,
              363629.32850000076
            ],
            [
              243093.44400000293,
              363639.4309000019
            ],
            [
              243097.08240000345,
              363643.31680000015
            ],
            [
              243102.28820000403,
              363642.84660000168
            ],
            [
              243109.98660000134,
              363638.73630000092
            ],
            [
              243114.2594000008,
              363638.92070000432
            ],
            [
              243119.66570000071,
              363633.81949999928
            ],
            [
              243124.84250000305,
              363628.13350000046
            ],
            [
              243125.35300000291,
              363616.16970000044
            ],
            [
              243122.36950000003,
              363599.43679999746
            ],
            [
              243114.47159999982,
              363581.28989999928
            ],
            [
              243113.29250000045,
              363566.96130000055
            ],
            [
              243114.58279999904,
              363557.57729999907
            ],
            [
              243121.96770000085,
              363549.48010000214
            ],
            [
              243152.08830000367,
              363533.02710000053
            ],
            [
              243172.43680000026,
              363524.36920000054
            ],
            [
              243181.74880000204,
              363516.6110999994
            ],
            [
              243179.48510000017,
              363503.27219999768
            ],
            [
              243160.11539999954,
              363451.80350000225
            ]
          ]
        ]
      }
    }
  ]
}