{
  "displayFieldName" : "",
  "fieldAliases" : {
    "FID" : "FID",
    "PMNTN_SPOT" : "PMNTN_SPOT",
    "MNTN_CODE" : "MNTN_CODE",
    "MANAGE_SP1" : "MANAGE_SP1",
    "MANAGE_SP2" : "MANAGE_SP2",
    "DETAIL_SPO" : "DETAIL_SPO",
    "ETC_MATTER" : "ETC_MATTER",
    "MNTN_NM" : "MNTN_NM",
    "PAST_SPOT_" : "PAST_SPOT_",
    "MNTN_ID" : "MNTN_ID"
  },
  "geometryType" : "esriGeometryPoint",
  "spatialReference" : {
    "wkt" : "PROJCS[\"PCS_ITRF2000_TM\",GEOGCS[\"GCS_ITRF_2000\",DATUM[\"D_ITRF_2000\",SPHEROID[\"GRS_1980\",6378137.0,298.257222101]],PRIMEM[\"Greenwich\",0.0],UNIT[\"Degree\",0.0174532925199433]],PROJECTION[\"Transverse_Mercator\"],PARAMETER[\"False_Easting\",200000.0],PARAMETER[\"False_Northing\",600000.0],PARAMETER[\"Central_Meridian\",127.0],PARAMETER[\"Scale_Factor\",1.0],PARAMETER[\"Latitude_Of_Origin\",38.0],UNIT[\"Meter\",1.0]]"
  },
  "fields" : [
    {
      "name" : "FID",
      "type" : "esriFieldTypeOID",
      "alias" : "FID"
    },
    {
      "name" : "PMNTN_SPOT",
      "type" : "esriFieldTypeDouble",
      "alias" : "PMNTN_SPOT"
    },
    {
      "name" : "MNTN_CODE",
      "type" : "esriFieldTypeString",
      "alias" : "MNTN_CODE",
      "length" : 9
    },
    {
      "name" : "MANAGE_SP1",
      "type" : "esriFieldTypeString",
      "alias" : "MANAGE_SP1",
      "length" : 2
    },
    {
      "name" : "MANAGE_SP2",
      "type" : "esriFieldTypeString",
      "alias" : "MANAGE_SP2",
      "length" : 50
    },
    {
      "name" : "DETAIL_SPO",
      "type" : "esriFieldTypeString",
      "alias" : "DETAIL_SPO",
      "length" : 200
    },
    {
      "name" : "ETC_MATTER",
      "type" : "esriFieldTypeString",
      "alias" : "ETC_MATTER",
      "length" : 200
    },
    {
      "name" : "MNTN_NM",
      "type" : "esriFieldTypeString",
      "alias" : "MNTN_NM",
      "length" : 50
    },
    {
      "name" : "PAST_SPOT_",
      "type" : "esriFieldTypeString",
      "alias" : "PAST_SPOT_",
      "length" : 14
    },
    {
      "name" : "MNTN_ID",
      "type" : "esriFieldTypeString",
      "alias" : "MNTN_ID",
      "length" : 10
    }
  ],
  "features" : [
    {
      "attributes" : {
        "FID" : 0,
        "PMNTN_SPOT" : 79273,
        "MNTN_CODE" : "472804901",
        "MANAGE_SP1" : "99",
        "MANAGE_SP2" : "기타",
        "DETAIL_SPO" : "궁기1리",
        "ETC_MATTER" : " ",
        "MNTN_NM" : "조항산",
        "PAST_SPOT_" : "4728049010001",
        "MNTN_ID" : "472804901"
      },
      "geometry" : {
        "x" : 285144.40340000112,
        "y" : 447295.78390000015
      }
    },
    {
      "attributes" : {
        "FID" : 1,
        "PMNTN_SPOT" : 79274,
        "MNTN_CODE" : "472804901",
        "MANAGE_SP1" : "10",
        "MANAGE_SP2" : "이정표",
        "DETAIL_SPO" : "이정표",
        "ETC_MATTER" : " ",
        "MNTN_NM" : "조항산",
        "PAST_SPOT_" : "4728049010002",
        "MNTN_ID" : "472804901"
      },
      "geometry" : {
        "x" : 284467.4935999997,
        "y" : 447579.24430000409
      }
    },
    {
      "attributes" : {
        "FID" : 2,
        "PMNTN_SPOT" : 79275,
        "MNTN_CODE" : "472804901",
        "MANAGE_SP1" : "22",
        "MANAGE_SP2" : "헬기장",
        "DETAIL_SPO" : "헬기장",
        "ETC_MATTER" : " ",
        "MNTN_NM" : "조항산",
        "PAST_SPOT_" : "4728049010003",
        "MNTN_ID" : "472804901"
      },
      "geometry" : {
        "x" : 283373.29399999976,
        "y" : 447897.80510000139
      }
    },
    {
      "attributes" : {
        "FID" : 3,
        "PMNTN_SPOT" : 79276,
        "MNTN_CODE" : "472804901",
        "MANAGE_SP1" : "14",
        "MANAGE_SP2" : "조망점",
        "DETAIL_SPO" : "조망점",
        "ETC_MATTER" : " ",
        "MNTN_NM" : "조항산",
        "PAST_SPOT_" : "4728049010004",
        "MNTN_ID" : "472804901"
      },
      "geometry" : {
        "x" : 283561.98319999967,
        "y" : 448467.81020000018
      }
    },
    {
      "attributes" : {
        "FID" : 4,
        "PMNTN_SPOT" : 79277,
        "MNTN_CODE" : "472804901",
        "MANAGE_SP1" : "23",
        "MANAGE_SP2" : "정상",
        "DETAIL_SPO" : "정상",
        "ETC_MATTER" : " ",
        "MNTN_NM" : "조항산",
        "PAST_SPOT_" : "4728049010005",
        "MNTN_ID" : "472804901"
      },
      "geometry" : {
        "x" : 283778.16110000107,
        "y" : 448794.99010000005
      }
    },
    {
      "attributes" : {
        "FID" : 5,
        "PMNTN_SPOT" : 79278,
        "MNTN_CODE" : "472804901",
        "MANAGE_SP1" : "99",
        "MANAGE_SP2" : "기타",
        "DETAIL_SPO" : "등산로전경",
        "ETC_MATTER" : " ",
        "MNTN_NM" : "조항산",
        "PAST_SPOT_" : "4728049010006",
        "MNTN_ID" : "472804901"
      },
      "geometry" : {
        "x" : 284799.94610000122,
        "y" : 448028.61330000125
      }
    },
    {
      "attributes" : {
        "FID" : 6,
        "PMNTN_SPOT" : 79279,
        "MNTN_CODE" : "472804901",
        "MANAGE_SP1" : "01",
        "MANAGE_SP2" : "시종점",
        "DETAIL_SPO" : "시종점",
        "ETC_MATTER" : " ",
        "MNTN_NM" : "조항산",
        "PAST_SPOT_" : "4728049010007",
        "MNTN_ID" : "472804901"
      },
      "geometry" : {
        "x" : 285122.3004999999,
        "y" : 447300.83840000071
      }
    },
    {
      "attributes" : {
        "FID" : 7,
        "PMNTN_SPOT" : 79280,
        "MNTN_CODE" : "472804901",
        "MANAGE_SP1" : "01",
        "MANAGE_SP2" : "시종점",
        "DETAIL_SPO" : "시종점",
        "ETC_MATTER" : " ",
        "MNTN_NM" : "조항산",
        "PAST_SPOT_" : "4728049010008",
        "MNTN_ID" : "472804901"
      },
      "geometry" : {
        "x" : 285328.76539999992,
        "y" : 447097.52170000039
      }
    },
    {
      "attributes" : {
        "FID" : 8,
        "PMNTN_SPOT" : 99193,
        "MNTN_CODE" : "472804901",
        "MANAGE_SP1" : "14",
        "MANAGE_SP2" : "조망점",
        "DETAIL_SPO" : "등산로전경",
        "ETC_MATTER" : " ",
        "MNTN_NM" : "조항산",
        "PAST_SPOT_" : "4728049010009",
        "MNTN_ID" : "472804901"
      },
      "geometry" : {
        "x" : 284883.18510000134,
        "y" : 448002.66219999979
      }
    }
  ]
}