{
  "displayFieldName" : "",
  "fieldAliases" : {
    "FID" : "FID",
    "PMNTN_SN" : "PMNTN_SN",
    "MNTN_CODE" : "MNTN_CODE",
    "MNTN_NM" : "MNTN_NM",
    "PMNTN_NM" : "PMNTN_NM",
    "PMNTN_MAIN" : "PMNTN_MAIN",
    "PMNTN_LT" : "PMNTN_LT",
    "PMNTN_DFFL" : "PMNTN_DFFL",
    "PMNTN_UPPL" : "PMNTN_UPPL",
    "PMNTN_GODN" : "PMNTN_GODN",
    "PMNTN_MTRQ" : "PMNTN_MTRQ",
    "PMNTN_CNRL" : "PMNTN_CNRL",
    "PMNTN_CLS_" : "PMNTN_CLS_",
    "PMNTN_RISK" : "PMNTN_RISK",
    "PMNTN_RECO" : "PMNTN_RECO",
    "DATA_STDR_" : "DATA_STDR_",
    "MNTN_ID" : "MNTN_ID"
  },
  "geometryType" : "esriGeometryPolyline",
  "spatialReference" : {
    "wkt" : "PROJCS[\"PCS_ITRF2000_TM\",GEOGCS[\"GCS_ITRF_2000\",DATUM[\"D_ITRF_2000\",SPHEROID[\"GRS_1980\",6378137.0,298.257222101]],PRIMEM[\"Greenwich\",0.0],UNIT[\"Degree\",0.0174532925199433]],PROJECTION[\"Transverse_Mercator\"],PARAMETER[\"False_Easting\",200000.0],PARAMETER[\"False_Northing\",600000.0],PARAMETER[\"Central_Meridian\",127.0],PARAMETER[\"Scale_Factor\",1.0],PARAMETER[\"Latitude_Of_Origin\",38.0],UNIT[\"Meter\",1.0]]"
  },
  "fields" : [
    {
      "name" : "FID",
      "type" : "esriFieldTypeOID",
      "alias" : "FID"
    },
    {
      "name" : "PMNTN_SN",
      "type" : "esriFieldTypeDouble",
      "alias" : "PMNTN_SN"
    },
    {
      "name" : "MNTN_CODE",
      "type" : "esriFieldTypeString",
      "alias" : "MNTN_CODE",
      "length" : 9
    },
    {
      "name" : "MNTN_NM",
      "type" : "esriFieldTypeString",
      "alias" : "MNTN_NM",
      "length" : 50
    },
    {
      "name" : "PMNTN_NM",
      "type" : "esriFieldTypeString",
      "alias" : "PMNTN_NM",
      "length" : 50
    },
    {
      "name" : "PMNTN_MAIN",
      "type" : "esriFieldTypeString",
      "alias" : "PMNTN_MAIN",
      "length" : 200
    },
    {
      "name" : "PMNTN_LT",
      "type" : "esriFieldTypeSingle",
      "alias" : "PMNTN_LT"
    },
    {
      "name" : "PMNTN_DFFL",
      "type" : "esriFieldTypeString",
      "alias" : "PMNTN_DFFL",
      "length" : 8
    },
    {
      "name" : "PMNTN_UPPL",
      "type" : "esriFieldTypeDouble",
      "alias" : "PMNTN_UPPL"
    },
    {
      "name" : "PMNTN_GODN",
      "type" : "esriFieldTypeDouble",
      "alias" : "PMNTN_GODN"
    },
    {
      "name" : "PMNTN_MTRQ",
      "type" : "esriFieldTypeString",
      "alias" : "PMNTN_MTRQ",
      "length" : 200
    },
    {
      "name" : "PMNTN_CNRL",
      "type" : "esriFieldTypeString",
      "alias" : "PMNTN_CNRL",
      "length" : 1
    },
    {
      "name" : "PMNTN_CLS_",
      "type" : "esriFieldTypeString",
      "alias" : "PMNTN_CLS_",
      "length" : 1
    },
    {
      "name" : "PMNTN_RISK",
      "type" : "esriFieldTypeString",
      "alias" : "PMNTN_RISK",
      "length" : 200
    },
    {
      "name" : "PMNTN_RECO",
      "type" : "esriFieldTypeString",
      "alias" : "PMNTN_RECO",
      "length" : 1
    },
    {
      "name" : "DATA_STDR_",
      "type" : "esriFieldTypeString",
      "alias" : "DATA_STDR_",
      "length" : 10
    },
    {
      "name" : "MNTN_ID",
      "type" : "esriFieldTypeString",
      "alias" : "MNTN_ID",
      "length" : 10
    }
  ],
  "features" : [
    {
      "attributes" : {
        "FID" : 0,
        "PMNTN_SN" : 30271,
        "MNTN_CODE" : "441506701",
        "MNTN_NM" : "상왕명덕산",
        "PMNTN_NM" : "상왕동구간",
        "PMNTN_MAIN" : " ",
        "PMNTN_LT" : 0.47,
        "PMNTN_DFFL" : "쉬움",
        "PMNTN_UPPL" : 9,
        "PMNTN_GODN" : 6,
        "PMNTN_MTRQ" : " ",
        "PMNTN_CNRL" : " ",
        "PMNTN_CLS_" : " ",
        "PMNTN_RISK" : " ",
        "PMNTN_RECO" : " ",
        "DATA_STDR_" : "2016-12-31",
        "MNTN_ID" : "441506701"
      },
      "geometry" : {
        "paths" : [
          [
            [
              216269.4170000013,
              425764.54529999942
            ],
            [
              216271.00770000182,
              425760.53480000049
            ],
            [
              216273.73650000058,
              425757.02620000206
            ],
            [
              216275.39570000209,
              425748.6314000003
            ],
            [
              216273.62070000079,
              425742.95720000006
            ],
            [
              216271.42819999997,
              425737.37270000018
            ],
            [
              216273.33449999895,
              425733.33520000055
            ],
            [
              216275.53470000066,
              425727.60799999908
            ],
            [
              216275.14370000083,
              425722.20340000093
            ],
            [
              216271.50450000074,
              425712.80110000074
            ],
            [
              216271.91710000113,
              425707.25530000031
            ],
            [
              216274.87520000059,
              425700.51590000093
            ],
            [
              216277.07560000103,
              425694.96110000275
            ],
            [
              216279.63570000045,
              425689.28649999946
            ],
            [
              216281.82400000002,
              425684.97530000098
            ],
            [
              216284.40690000076,
              425681.98090000264
            ],
            [
              216285.43740000296,
              425678.14910000004
            ],
            [
              216288.96239999961,
              425673.98379999958
            ],
            [
              216291.5025000032,
              425669.87890000083
            ],
            [
              216295.41330000386,
              425667.21670000255
            ],
            [
              216298.39930000063,
              425662.7771999985
            ],
            [
              216302.1997000007,
              425659.25190000236
            ],
            [
              216305.56310000177,
              425656.22770000249
            ],
            [
              216309.57050000131,
              425652.74129999988
            ],
            [
              216313.69010000024,
              425649.18640000187
            ],
            [
              216324.03480000049,
              425644.06930000335
            ],
            [
              216328.62180000078,
              425641.44999999925
            ],
            [
              216332.31189999916,
              425637.37600000016
            ],
            [
              216336.59709999897,
              425633.5932
            ],
            [
              216341.08860000223,
              425630.00750000402
            ],
            [
              216345.99040000048,
              425625.88010000065
            ],
            [
              216350.18570000213,
              425622.01310000196
            ],
            [
              216359.16850000061,
              425617.56640000083
            ],
            [
              216364.30490000173,
              425617.48750000261
            ],
            [
              216368.41990000196,
              425616.90980000235
            ],
            [
              216371.67670000251,
              425616.56119999848
            ],
            [
              216377.84630000032,
              425614.05870000087
            ],
            [
              216381.81620000023,
              425612.94669999927
            ],
            [
              216385.83980000298,
              425610.47169999965
            ],
            [
              216387.99409999978,
              425607.65230000019
            ],
            [
              216392.12210000027,
              425604.95069999993
            ],
            [
              216395.64360000007,
              425600.83459999785
            ],
            [
              216397.19400000013,
              425599.58220000193
            ],
            [
              216398.53230000194,
              425598.56130000204
            ],
            [
              216399.75230000075,
              425596.55460000224
            ],
            [
              216400.69020000007,
              425594.43080000207
            ],
            [
              216402.7526000021,
              425592.15350000001
            ],
            [
              216406.33939999994,
              425589.54910000041
            ],
            [
              216407.88600000087,
              425588.47330000252
            ],
            [
              216411.6342000002,
              425584.01999999955
            ],
            [
              216416.27340000216,
              425581.38100000285
            ],
            [
              216420.55510000139,
              425576.48560000025
            ],
            [
              216420.14410000015,
              425569.42830000259
            ],
            [
              216419.35970000271,
              425566.3563000001
            ],
            [
              216422.58870000206,
              425561.75830000266
            ],
            [
              216424.94740000367,
              425558.970900001
            ],
            [
              216425.42010000162,
              425557.51240000129
            ],
            [
              216425.98260000255,
              425555.78779999912
            ],
            [
              216426.20930000115,
              425553.09420000389
            ],
            [
              216428.06490000058,
              425551.50919999927
            ],
            [
              216428.85879999865,
              425549.5775000006
            ],
            [
              216429.14680000115,
              425547.23230000213
            ],
            [
              216429.60570000019,
              425545.33520000242
            ],
            [
              216429.90080000088,
              425543.7143000029
            ],
            [
              216430.77060000133,
              425540.77580000274
            ],
            [
              216432.01389999967,
              425540.00569999777
            ],
            [
              216433.59960000031,
              425538.21020000428
            ],
            [
              216434.66060000006,
              425534.68370000273
            ],
            [
              216436.08240000159,
              425532.10060000047
            ],
            [
              216440.78580000252,
              425528.52720000409
            ],
            [
              216442.86040000152,
              425528.28620000184
            ],
            [
              216446.48490000051,
              425527.3571000006
            ],
            [
              216452.24690000247,
              425523.82790000178
            ],
            [
              216454.09350000136,
              425520.47590000182
            ],
            [
              216456.75750000309,
              425519.02930000238
            ],
            [
              216459.30759999994,
              425517.06580000371
            ],
            [
              216461.8415000001,
              425516.87280000187
            ],
            [
              216464.40390000027,
              425514.91410000436
            ],
            [
              216467.24220000114,
              425513.8543999996
            ],
            [
              216469.80470000021,
              425513.16829999909
            ],
            [
              216471.83150000218,
              425510.66830000095
            ],
            [
              216474.86980000231,
              425508.99610000104
            ],
            [
              216478.64910000097,
              425506.43410000205
            ],
            [
              216485.4018000029,
              425505.19149999879
            ],
            [
              216489.56680000108,
              425504.66699999943
            ],
            [
              216492.86770000029,
              425503.39639999904
            ],
            [
              216495.0745000001,
              425502.08130000159
            ],
            [
              216497.07809999958,
              425499.25670000352
            ],
            [
              216500.12400000077,
              425497.35080000199
            ],
            [
              216503.32070000004,
              425494.18979999982
            ],
            [
              216506.8387000002,
              425491.68679999933
            ],
            [
              216510.57540000137,
              425489.42750000022
            ],
            [
              216514.10250000376,
              425487.6136000026
            ],
            [
              216517.93439999968,
              425484.86330000125
            ],
            [
              216520.71880000085,
              425482.91039999947
            ],
            [
              216524.25050000101,
              425478.02920000069
            ],
            [
              216526.26930000167,
              425474.27990000136
            ],
            [
              216528.77660000417,
              425472.35600000247
            ],
            [
              216531.63159999996,
              425469.83550000004
            ],
            [
              216534.03550000023,
              425467.71900000423
            ],
            [
              216536.9068,
              425464.31320000254
            ],
            [
              216538.68310000096,
              425463.26630000398
            ],
            [
              216540.82469999976,
              425461.39870000258
            ],
            [
              216541.61250000075,
              425458.09250000119
            ],
            [
              216542.49040000327,
              425454.23630000092
            ],
            [
              216543.19749999978,
              425451.64740000106
            ],
            [
              216544.3833999997,
              425450.28840000182
            ],
            [
              216545.74390000384,
              425448.63040000014
            ],
            [
              216547.00990000088,
              425445.04630000144
            ],
            [
              216549.27750000358,
              425442.68710000254
            ],
            [
              216554.2807,
              425442.47140000388
            ]
          ]
        ]
      }
    },
    {
      "attributes" : {
        "FID" : 1,
        "PMNTN_SN" : 30272,
        "MNTN_CODE" : "441506701",
        "MNTN_NM" : "상왕명덕산",
        "PMNTN_NM" : "상왕동구간",
        "PMNTN_MAIN" : " ",
        "PMNTN_LT" : 3.74,
        "PMNTN_DFFL" : "쉬움",
        "PMNTN_UPPL" : 66,
        "PMNTN_GODN" : 46,
        "PMNTN_MTRQ" : " ",
        "PMNTN_CNRL" : " ",
        "PMNTN_CLS_" : " ",
        "PMNTN_RISK" : " ",
        "PMNTN_RECO" : " ",
        "DATA_STDR_" : "2016-12-31",
        "MNTN_ID" : "441506701"
      },
      "geometry" : {
        "paths" : [
          [
            [
              216269.4170000013,
              425764.54529999942
            ],
            [
              216271.65550000034,
              425776.46639999934
            ],
            [
              216272.42030000128,
              425786.22290000133
            ],
            [
              216272.41269999929,
              425792.89010000229
            ],
            [
              216270.13110000081,
              425802.8554999996
            ],
            [
              216272.61690000165,
              425814.07249999978
            ],
            [
              216269.46559999976,
              425826.97460000031
            ],
            [
              216265.54560000077,
              425833.4357000012
            ],
            [
              216260.41240000073,
              425839.92600000463
            ],
            [
              216254.00410000049,
              425843.7386000026
            ],
            [
              216251.52589999977,
              425846.19830000401
            ],
            [
              216242.64490000345,
              425851.12450000271
            ],
            [
              216236.98159999959,
              425853.5258000046
            ],
            [
              216232.20969999861,
              425857.11380000226
            ],
            [
              216227.77820000146,
              425859.29730000347
            ],
            [
              216222.84410000127,
              425861.533400001
            ],
            [
              216219.33110000286,
              425863.98599999771
            ],
            [
              216216.3123000022,
              425866.98640000075
            ],
            [
              216212.38550000265,
              425872.85750000179
            ],
            [
              216206.88660000172,
              425881.85370000079
            ],
            [
              216198.59980000276,
              425890.95590000227
            ],
            [
              216191.13939999975,
              425897.34880000167
            ],
            [
              216182.55609999876,
              425905.20980000123
            ],
            [
              216179.63210000377,
              425909.21000000276
            ],
            [
              216176.93479999993,
              425913.41640000232
            ],
            [
              216174.86139999982,
              425918.91820000112
            ],
            [
              216172.75880000181,
              425924.54370000027
            ],
            [
              216174.94350000005,
              425933.2376000043
            ],
            [
              216178.02960000094,
              425942.4085000027
            ],
            [
              216178.34539999999,
              425951.62189999968
            ],
            [
              216178.66670000367,
              425961.30360000208
            ],
            [
              216181.39010000043,
              425969.90690000169
            ],
            [
              216188.08050000016,
              425977.30040000007
            ],
            [
              216191.02260000072,
              425987.02760000341
            ],
            [
              216199.67260000203,
              425998.82550000027
            ],
            [
              216209.50200000033,
              426007.26880000159
            ],
            [
              216214.14500000048,
              426017.42960000411
            ],
            [
              216214.67300000135,
              426029.17440000363
            ],
            [
              216212.84480000101,
              426040.5960000027
            ],
            [
              216214.71190000046,
              426055.87890000083
            ],
            [
              216211.18410000019,
              426069.69849999994
            ],
            [
              216204.08320000116,
              426080.18910000287
            ],
            [
              216201.05810000096,
              426090.6568
            ],
            [
              216197.60190000199,
              426102.61690000445
            ],
            [
              216195.47070000041,
              426108.05850000307
            ],
            [
              216195.34440000076,
              426117.50829999894
            ],
            [
              216195.16619999986,
              426130.83650000021
            ],
            [
              216191.7367000021,
              426147.55340000056
            ],
            [
              216189.08210000116,
              426157.39380000159
            ],
            [
              216189.71690000035,
              426162.21880000085
            ],
            [
              216189.83080000058,
              426167.04150000028
            ],
            [
              216190.08220000006,
              426171.5493999999
            ],
            [
              216190.93920000084,
              426176.06180000305
            ],
            [
              216191.26410000119,
              426181.15410000272
            ],
            [
              216191.13850000314,
              426192.73819999956
            ],
            [
              216190.73650000058,
              426198.68270000443
            ],
            [
              216187.6715000011,
              426210.32100000419
            ],
            [
              216184.42200000118,
              426216.06199999899
            ],
            [
              216181.76750000101,
              426221.41349999979
            ],
            [
              216179.92019999959,
              426226.93060000241
            ],
            [
              216174.91540000215,
              426234.28780000284
            ],
            [
              216167.96960000228,
              426242.64690000378
            ],
            [
              216161.32610000111,
              426250.64239999838
            ],
            [
              216157.76009999961,
              426256.59070000239
            ],
            [
              216151.43549999967,
              426269.10500000045
            ],
            [
              216145.19720000308,
              426280.11240000278
            ],
            [
              216139.62680000346,
              426289.941300001
            ],
            [
              216136.48350000288,
              426302.66639999859
            ],
            [
              216135.87630000059,
              426308.33610000461
            ],
            [
              216136.72780000046,
              426317.55830000341
            ],
            [
              216137.83140000049,
              426329.51160000451
            ],
            [
              216140.27979999967,
              426338.84720000066
            ],
            [
              216142.59289999958,
              426347.66659999825
            ],
            [
              216143.54810000025,
              426355.86259999871
            ],
            [
              216145.33119999897,
              426371.16370000131
            ],
            [
              216142.21120000351,
              426390.07780000009
            ],
            [
              216136.2219000021,
              426402.33199999854
            ],
            [
              216130.18449999951,
              426407.4597000014
            ],
            [
              216126.30480000097,
              426408.68250000104
            ],
            [
              216119.84400000051,
              426412.44080000371
            ],
            [
              216112.08560000174,
              426420.35070000216
            ],
            [
              216104.4692000011,
              426428.11590000056
            ],
            [
              216095.97330000252,
              426434.57150000148
            ],
            [
              216088.3459999999,
              426440.5727000013
            ],
            [
              216080.51950000413,
              426450.41709999926
            ],
            [
              216075.48020000011,
              426461.34380000271
            ],
            [
              216070.03589999862,
              426473.14890000224
            ],
            [
              216067.45470000058,
              426481.16320000216
            ],
            [
              216063.6464999998,
              426489.27470000088
            ],
            [
              216059.88420000207,
              426497.03319999948
            ],
            [
              216056.19049999956,
              426501.8624000065
            ],
            [
              216053.23570000287,
              426508.68899999745
            ],
            [
              216051.98460000008,
              426512.11779999919
            ],
            [
              216050.68310000282,
              426515.79440000094
            ],
            [
              216043.07320000418,
              426522.05110000074
            ],
            [
              216040.30630000122,
              426526.1473999992
            ],
            [
              216036.76690000203,
              426535.87200000137
            ],
            [
              216030.56520000193,
              426543.66420000046
            ],
            [
              216025.36690000165,
              426550.195600003
            ],
            [
              216021.7918999996,
              426554.33920000121
            ],
            [
              216016.29820000287,
              426563.27290000021
            ],
            [
              216007.70260000136,
              426571.81860000268
            ],
            [
              216003.06010000221,
              426574.95179999992
            ],
            [
              215994.18820000067,
              426581.07499999925
            ],
            [
              215983.3602,
              426588.54829999991
            ],
            [
              215974.5538000036,
              426597.23760000244
            ],
            [
              215968.73480000161,
              426602.70610000193
            ],
            [
              215966.25310000032,
              426607.86240000091
            ],
            [
              215964.49150000047,
              426613.50899999775
            ],
            [
              215962.49500000291,
              426618.31149999984
            ],
            [
              215961.03049999941,
              426623.85329999961
            ],
            [
              215959.42239999957,
              426629.62429999933
            ],
            [
              215957.96000000276,
              426634.62680000253
            ],
            [
              215955.34119999968,
              426639.04420000128
            ],
            [
              215950.32419999968,
              426643.68550000153
            ],
            [
              215941.53700000048,
              426654.05220000073
            ],
            [
              215934.29970000312,
              426657.24330000021
            ],
            [
              215930.97279999964,
              426656.97170000151
            ],
            [
              215921.18659999967,
              426657.45130000263
            ],
            [
              215912.12070000079,
              426657.75420000404
            ],
            [
              215899.59950000141,
              426658.17270000093
            ],
            [
              215885.58030000236,
              426656.08310000226
            ],
            [
              215874.35350000113,
              426653.6799000036
            ],
            [
              215866.42380000092,
              426651.98239999823
            ],
            [
              215857.90980000142,
              426651.91990000382
            ],
            [
              215847.71730000153,
              426653.72620000131
            ],
            [
              215833.10220000055,
              426654.41380000301
            ],
            [
              215818.07930000033,
              426655.12060000375
            ],
            [
              215803.75770000089,
              426655.79440000094
            ],
            [
              215786.31840000302,
              426650.70699999854
            ],
            [
              215769.62080000062,
              426642.32020000182
            ],
            [
              215755.22670000046,
              426636.63859999925
            ],
            [
              215742.11359999981,
              426629.55230000243
            ],
            [
              215731.78300000075,
              426622.94439999945
            ],
            [
              215720.04800000135,
              426615.13979999907
            ],
            [
              215707.84839999955,
              426609.13480000198
            ],
            [
              215703.86129999999,
              426605.85800000094
            ],
            [
              215700.56730000395,
              426601.60310000181
            ],
            [
              215698.62409999967,
              426595.21790000238
            ],
            [
              215694.662200002,
              426577.69419999979
            ],
            [
              215691.60960000288,
              426570.71790000238
            ],
            [
              215683.22990000248,
              426564.15750000253
            ],
            [
              215678.20830000006,
              426560.22619999945
            ],
            [
              215673.56989999954,
              426557.27460000105
            ],
            [
              215669.00489999913,
              426553.02170000039
            ],
            [
              215664.19840000104,
              426548.21570000052
            ],
            [
              215659.47200000007,
              426542.92380000278
            ],
            [
              215653.76230000146,
              426539.86860000156
            ],
            [
              215648.43830000143,
              426536.83280000463
            ],
            [
              215645.42449999973,
              426531.39350000024
            ],
            [
              215643.17600000184,
              426525.61340000294
            ],
            [
              215641.72680000123,
              426520.53750000149
            ],
            [
              215638.29610000085,
              426513.76260000095
            ],
            [
              215635.26590000093,
              426506.42889999971
            ],
            [
              215632.52780000307,
              426501.63530000113
            ],
            [
              215629.09280000161,
              426494.7282000035
            ],
            [
              215625.49860000052,
              426487.76580000296
            ],
            [
              215623.58530000132,
              426483.15920000151
            ],
            [
              215619.55599999987,
              426475.90530000255
            ],
            [
              215615.14969999995,
              426467.97270000167
            ],
            [
              215606.57970000245,
              426462.38929999992
            ],
            [
              215600.60720000044,
              426458.54680000059
            ],
            [
              215595.92540000193,
              426455.45000000112
            ],
            [
              215592.22160000075,
              426453.5391000025
            ],
            [
              215590.92219999991,
              426451.02769999951
            ],
            [
              215587.43160000164,
              426449.33670000359
            ],
            [
              215587.06810000073,
              426445.8460000027
            ],
            [
              215588.32290000375,
              426441.27720000222
            ],
            [
              215595.09270000085,
              426438.2127000019
            ],
            [
              215602.22219999973,
              426440.09530000389
            ],
            [
              215609.36830000021,
              426439.24850000069
            ],
            [
              215614.32359999884,
              426441.78940000385
            ],
            [
              215623.60580000002,
              426442.16520000249
            ],
            [
              215632.87520000059,
              426439.2602000013
            ],
            [
              215645.16010000184,
              426445.9597000014
            ],
            [
              215651.99489999935,
              426446.80350000039
            ],
            [
              215659.57870000042,
              426444.6352000013
            ],
            [
              215664.73990000132,
              426443.15949999914
            ],
            [
              215667.92340000067,
              426438.35030000098
            ],
            [
              215667.43769999966,
              426432.67690000124
            ],
            [
              215661.69780000113,
              426425.97179999761
            ],
            [
              215657.05169999972,
              426422.62840000167
            ],
            [
              215650.9952999996,
              426418.27010000125
            ],
            [
              215645.85450000037,
              426414.64870000258
            ],
            [
              215640.16860000417,
              426410.64180000126
            ],
            [
              215633.36800000351,
              426407.3663000036
            ],
            [
              215626.23560000118,
              426405.86870000139
            ],
            [
              215619.47940000053,
              426404.64320000261
            ],
            [
              215612.48550000042,
              426404.02380000055
            ],
            [
              215605.9327999996,
              426401.1875
            ],
            [
              215599.6540000001,
              426398.27180000208
            ],
            [
              215592.27370000072,
              426396.6763000004
            ],
            [
              215585.14970000181,
              426396.00330000184
            ],
            [
              215577.95760000125,
              426395.65509999916
            ],
            [
              215564.84920000006,
              426393.39350000024
            ],
            [
              215558.04480000027,
              426391.4859000016
            ],
            [
              215551.38930000085,
              426387.85320000164
            ],
            [
              215544.85440000147,
              426383.81810000166
            ],
            [
              215538.21730000339,
              426381.02630000003
            ],
            [
              215531.80520000402,
              426379.65799999982
            ],
            [
              215525.07330000307,
              426382.2752000019
            ],
            [
              215518.64620000124,
              426385.87590000033
            ],
            [
              215512.46330000367,
              426388.26059999876
            ],
            [
              215505.85510000028,
              426389.17420000024
            ],
            [
              215498.88360000215,
              426391.59410000406
            ],
            [
              215493.42370000388,
              426393.98090000078
            ],
            [
              215488.24089999963,
              426398.87220000103
            ],
            [
              215483.13680000417,
              426403.78859999962
            ],
            [
              215478.08550000098,
              426408.92770000175
            ],
            [
              215471.85060000047,
              426412.96800000221
            ],
            [
              215465.06290000118,
              426415.14379999973
            ],
            [
              215458.67950000148,
              426417.98960000277
            ],
            [
              215452.64880000334,
              426416.34009999968
            ],
            [
              215450.10950000118,
              426409.89970000274
            ],
            [
              215448.23500000034,
              426403.1557
            ],
            [
              215446.89630000107,
              426396.50310000218
            ],
            [
              215445.28419999965,
              426389.71319999918
            ],
            [
              215444.63579999935,
              426385.96200000122
            ],
            [
              215443.52889999934,
              426379.23730000108
            ],
            [
              215441.59069999959,
              426372.13040000014
            ],
            [
              215439.56530000269,
              426365.31670000404
            ],
            [
              215438.08449999988,
              426358.35269999877
            ],
            [
              215436.76229999959,
              426351.33690000139
            ],
            [
              215435.37019999977,
              426344.32140000165
            ],
            [
              215433.74199999962,
              426337.35450000316
            ],
            [
              215433.45780000091,
              426329.97790000029
            ],
            [
              215432.90260000061,
              426323.35319999978
            ],
            [
              215431.48200000357,
              426318.71870000288
            ],
            [
              215425.21839999966,
              426315.27349999733
            ],
            [
              215420.64835845958,
              426311.76265437901
            ],
            [
              215417.37060000189,
              426301.86219999939
            ],
            [
              215415.99660000019,
              426296.56359999999
            ],
            [
              215412.59540000092,
              426291.21150000021
            ],
            [
              215408.11970000062,
              426286.00780000165
            ],
            [
              215403.13170000166,
              426281.19499999844
            ],
            [
              215397.85130000394,
              426276.6696000006
            ],
            [
              215392.52220000047,
              426272.27810000256
            ],
            [
              215387.67410000227,
              426267.35190000385
            ],
            [
              215383.31010000035,
              426262.22870000079
            ],
            [
              215380.33990000188,
              426256.52870000154
            ],
            [
              215377.83500000183,
              426250.26979999989
            ],
            [
              215374.7575000003,
              426243.98200000077
            ],
            [
              215371.60750000179,
              426238.05740000121
            ],
            [
              215368.47989999969,
              426232.43050000258
            ],
            [
              215366.3245000001,
              426228.41159999929
            ],
            [
              215364.97190000117,
              426225.67080000602
            ],
            [
              215364.21440000087,
              426221.03370000049
            ],
            [
              215363.53320000134,
              426215.47400000319
            ],
            [
              215362.7921000002,
              426211.64230000228
            ],
            [
              215361.47970000003,
              426206.38929999992
            ],
            [
              215359.6211000029,
              426200.50320000015
            ],
            [
              215357.93599999975,
              426194.9804999996
            ],
            [
              215354.97740000207,
              426189.7880000025
            ],
            [
              215351.58220000006,
              426184.54140000045
            ],
            [
              215348.25700000301,
              426179.07190000266
            ],
            [
              215344.60219999962,
              426173.70580000058
            ],
            [
              215340.82250000164,
              426168.00769999996
            ],
            [
              215335.88049999997,
              426162.75570000708
            ],
            [
              215331.05939999968,
              426157.81990000233
            ],
            [
              215326.29810000025,
              426152.72730000131
            ],
            [
              215321.8068000013,
              426147.83820000105
            ],
            [
              215316.62080000248,
              426143.07550000027
            ],
            [
              215311.20839999989,
              426138.46560000442
            ],
            [
              215304.92509999964,
              426135.08210000023
            ],
            [
              215298.29060000088,
              426132.10089999996
            ],
            [
              215292.09119999968,
              426128.38529999927
            ],
            [
              215286.20980000123,
              426124.35799999908
            ],
            [
              215280.54350000061,
              426120.04690000415
            ],
            [
              215271.57500000205,
              426114.16220000014
            ],
            [
              215266.7135000024,
              426110.49039999954
            ],
            [
              215261.68810000271,
              426106.54989999905
            ],
            [
              215256.04980000108,
              426102.76540000178
            ],
            [
              215250.15250000264,
              426098.74269999936
            ],
            [
              215244.9401000021,
              426094.62209999934
            ],
            [
              215238.70830000006,
              426090.54670000263
            ],
            [
              215233.39500000048,
              426086.43330000155
            ],
            [
              215227.56410000008,
              426082.74670000002
            ],
            [
              215221.92599999998,
              426079.75610000081
            ],
            [
              215215.72210000362,
              426076.47320000082
            ],
            [
              215209.34850000124,
              426073.54419999942
            ],
            [
              215202.96750000212,
              426070.37020000443
            ],
            [
              215197.78320000041,
              426066.19219999947
            ],
            [
              215193.40870000049,
              426061.06910000183
            ],
            [
              215189.88600000087,
              426055.26349999942
            ],
            [
              215187.24810000136,
              426049.18060000055
            ],
            [
              215184.69940000121,
              426042.67380000092
            ],
            [
              215180.23070000112,
              426029.28380000405
            ],
            [
              215176.15080000367,
              426017.05870000646
            ],
            [
              215171.51070000138,
              426003.15530000255
            ],
            [
              215169.24220000301,
              425996.34949999861
            ],
            [
              215168.14440000057,
              425989.55880000256
            ],
            [
              215167.77760000154,
              425982.7667999994
            ],
            [
              215168.58880000096,
              425977.30159999989
            ],
            [
              215170.52590000164,
              425970.3318000026
            ],
            [
              215173.0158000011,
              425964.39210000262
            ],
            [
              215175.25789999869,
              425957.08980000205
            ],
            [
              215182.133100003,
              425945.79609999992
            ],
            [
              215187.50080000237,
              425936.97880000249
            ],
            [
              215195.07120000012,
              425927.68850000016
            ],
            [
              215204.01539999992,
              425918.96890000254
            ],
            [
              215214.26020000223,
              425908.50980000198
            ],
            [
              215222.08700000122,
              425901.85110000148
            ],
            [
              215226.956100001,
              425897.12430000119
            ],
            [
              215232.27630000003,
              425892.85120000318
            ],
            [
              215238.06180000212,
              425889.07819999941
            ],
            [
              215243.76810000185,
              425883.93130000308
            ],
            [
              215250.33140000049,
              425882.10249999911
            ],
            [
              215257.26630000211,
              425879.78120000102
            ],
            [
              215263.78610000107,
              425877.58710000105
            ],
            [
              215270.61340000015,
              425876.6464000009
            ],
            [
              215277.28330000024,
              425874.19880000129
            ],
            [
              215284.14820000343,
              425873.15850000456
            ],
            [
              215291.15610000212,
              425871.50200000033
            ],
            [
              215297.57170000114,
              425869.05749999918
            ],
            [
              215304.19110000134,
              425867.19900000095
            ],
            [
              215310.43410000112,
              425864.96860000119
            ],
            [
              215316.10660000145,
              425861.622299999
            ],
            [
              215320.81820000149,
              425858.60539999977
            ],
            [
              215325.01640000008,
              425856.64279999956
            ],
            [
              215330.58999999892,
              425854.65949999914
            ],
            [
              215336.66770000104,
              425853.89870000258
            ],
            [
              215345.07180000097,
              425852.4282000009
            ],
            [
              215351.59870000184,
              425853.91389999911
            ],
            [
              215356.2423000019,
              425856.37750000134
            ],
            [
              215361.47310000379,
              425858.95280000009
            ],
            [
              215367.79030000325,
              425861.54140000232
            ],
            [
              215373.49810000136,
              425863.2324000001
            ],
            [
              215381.24160000123,
              425865.99330000021
            ],
            [
              215387.85930000339,
              425866.14360000193
            ],
            [
              215393.48640000168,
              425865.5351000037
            ],
            [
              215400.00879999995,
              425866.14120000042
            ],
            [
              215405.27649999969,
              425864.44490000047
            ],
            [
              215410.91989999916,
              425864.15810000151
            ],
            [
              215417.27930000331,
              425862.55840000138
            ],
            [
              215423.33720000088,
              425860.70169999823
            ],
            [
              215427.16229999997,
              425857.94819999859
            ],
            [
              215433.40130000003,
              425860.14980000444
            ],
            [
              215437.74230000004,
              425863.91779999994
            ],
            [
              215440.35310000274,
              425875.73630000278
            ],
            [
              215444.92360000126,
              425888.96900000051
            ],
            [
              215449.67540000193,
              425902.72609999962
            ],
            [
              215454.62700000126,
              425917.06220000051
            ],
            [
              215458.19310000073,
              425927.38650000095
            ],
            [
              215462.71420000028,
              425937.32980000228
            ],
            [
              215466.31930000242,
              425943.5775000006
            ],
            [
              215469.0792000033,
              425948.36050000042
            ],
            [
              215468.61060000025,
              425953.08880000003
            ],
            [
              215466.40789999999,
              425959.43160000257
            ],
            [
              215466.12380000297,
              425965.74699999951
            ],
            [
              215469.33249999955,
              425968.2751000002
            ],
            [
              215476.51010000147,
              425965.41770000011
            ],
            [
              215481.83560000081,
              425963.25229999982
            ],
            [
              215489.04399999883,
              425960.35979999974
            ],
            [
              215495.1791000003,
              425960.48870000243
            ],
            [
              215499.01290000137,
              425961.94420000352
            ],
            [
              215503.87339999992,
              425961.03380000032
            ],
            [
              215507.30540000275,
              425959.43020000122
            ],
            [
              215511.17190000042,
              425957.27910000272
            ],
            [
              215517.62700000033,
              425955.53790000081
            ],
            [
              215523.34790000133,
              425954.03729999997
            ],
            [
              215526.92669999972,
              425952.01790000126
            ],
            [
              215531.09370000008,
              425950.07220000215
            ],
            [
              215534.27420000173,
              425947.74330000393
            ],
            [
              215537.86560000293,
              425946.56090000086
            ],
            [
              215541.76510000136,
              425945.8366000019
            ],
            [
              215545.66710000113,
              425944.51990000159
            ],
            [
              215549.90780000016,
              425943.35990000144
            ],
            [
              215553.16399999894,
              425940.81140000001
            ],
            [
              215557.03710000217,
              425938.15430000238
            ],
            [
              215559.3590000011,
              425934.92980000004
            ],
            [
              215561.62310000043,
              425932.099700002
            ],
            [
              215563.11770000029,
              425927.34860000014
            ],
            [
              215566.19020000193,
              425924.37220000289
            ],
            [
              215569.65430000145,
              425922.3945000004
            ],
            [
              215574.24670000095,
              425920.85730000027
            ],
            [
              215578.48909999989,
              425919.50000000186
            ],
            [
              215582.35210000165,
              425918.06209999882
            ],
            [
              215586.07810000237,
              425916.55150000006
            ],
            [
              215589.38280000165,
              425914.94180000201
            ],
            [
              215593.76620000135,
              425913.15399999917
            ],
            [
              215597.87119999994,
              425911.3227999974
            ],
            [
              215601.6211000029,
              425909.31690000184
            ],
            [
              215605.98530000169,
              425907.49879999831
            ],
            [
              215609.40370000154,
              425904.93080000207
            ],
            [
              215613.03980000038,
              425902.82800000161
            ],
            [
              215616.29030000139,
              425900.83410000429
            ],
            [
              215619.68620000221,
              425898.67129999958
            ],
            [
              215622.86670000013,
              425896.17669999972
            ],
            [
              215626.00570000149,
              425894.3853999991
            ],
            [
              215628.72500000242,
              425892.26730000041
            ],
            [
              215630.95590000134,
              425889.51810000278
            ],
            [
              215633.06530000269,
              425886.20610000193
            ],
            [
              215634.75540000014,
              425882.31830000132
            ],
            [
              215640.09570000228,
              425876.7452000007
            ],
            [
              215646.26230000053,
              425872.23850000091
            ],
            [
              215649.69870000146,
              425870.69319999963
            ],
            [
              215652.73930000234,
              425868.22060000151
            ],
            [
              215655.68989999965,
              425865.99460000172
            ],
            [
              215658.73850000091,
              425863.16090000235
            ],
            [
              215662.42200000305,
              425860.44690000266
            ],
            [
              215666.22520000394,
              425858.92740000226
            ],
            [
              215669.96930000279,
              425858.25589999929
            ],
            [
              215674.26450000051,
              425857.25249999948
            ],
            [
              215679.12630000059,
              425857.33300000057
            ],
            [
              215683.64910000376,
              425857.03270000033
            ],
            [
              215688.49830000009,
              425856.64040000178
            ],
            [
              215693.59759999998,
              425856.29509999976
            ],
            [
              215699.74320000131,
              425856.09340000153
            ],
            [
              215705.29820000008,
              425856.52449999936
            ],
            [
              215710.50789999962,
              425857.02859999985
            ],
            [
              215715.57909999974,
              425858.49750000425
            ],
            [
              215720.55150000285,
              425860.24290000089
            ],
            [
              215725.69840000011,
              425861.28590000235
            ],
            [
              215730.44519999996,
              425861.99510000087
            ],
            [
              215735.54260000121,
              425861.78700000234
            ],
            [
              215741.69830000307,
              425859.87440000102
            ],
            [
              215747.27660000324,
              425855.66470000148
            ],
            [
              215747.29339999985,
              425855.63060000166
            ],
            [
              215747.33440000005,
              425855.62110000104
            ],
            [
              215749.21340000257,
              425852.88450000249
            ],
            [
              215751.31630000006,
              425850.56550000049
            ],
            [
              215754.55420000385,
              425847.2620000001
            ],
            [
              215757.85150000267,
              425843.6817000024
            ],
            [
              215759.61810000241,
              425840.66940000094
            ],
            [
              215762.35020000394,
              425838.6585000027
            ],
            [
              215768.94720000401,
              425834.85010000318
            ],
            [
              215776.28859999962,
              425831.41029999964
            ],
            [
              215780.27280000225,
              425828.88580000028
            ],
            [
              215782.33330000006,
              425827.20700000413
            ],
            [
              215789.06650000345,
              425820.4235999994
            ],
            [
              215795.30070000049,
              425814.14300000109
            ],
            [
              215803.26310000289,
              425806.12140000239
            ],
            [
              215813.43950000405,
              425799.9784000013
            ],
            [
              215825.47900000215,
              425792.7108000014
            ],
            [
              215839.10080000013,
              425784.48800000176
            ],
            [
              215852.21280000266,
              425775.8889000006
            ],
            [
              215862.44380000047,
              425766.95500000007
            ],
            [
              215867.01930000167,
              425763.92690000311
            ],
            [
              215873.51530000195,
              425759.07840000279
            ],
            [
              215883.06980000157,
              425757.37150000036
            ],
            [
              215892.60150000174,
              425759.65400000103
            ],
            [
              215899.25190000236,
              425761.24640000053
            ],
            [
              215910.7519000005,
              425760.5214000009
            ],
            [
              215916.58650000114,
              425759.81610000134
            ],
            [
              215921.90190000273,
              425760.29640000314
            ],
            [
              215927.30050000269,
              425761.18659999967
            ],
            [
              215932.69900000095,
              425759.4253000021
            ],
            [
              215937.77099999972,
              425758.3133000005
            ],
            [
              215943.05930000078,
              425757.35720000416
            ],
            [
              215948.18390000332,
              425756.70570000075
            ],
            [
              215953.00600000285,
              425756.26420000382
            ],
            [
              215965.40400000103,
              425756.76410000026
            ],
            [
              215970.88650000095,
              425756.28200000152
            ],
            [
              215980.36639999971,
              425756.80130000226
            ],
            [
              215987.06769999955,
              425758.19529999979
            ],
            [
              215991.86580000073,
              425760.40899999999
            ],
            [
              215996.98800000176,
              425762.69240000471
            ],
            [
              216001.39810000267,
              425766.3861999996
            ],
            [
              216005.92949999962,
              425770.09090000018
            ],
            [
              216010.25329999998,
              425774.08699999936
            ],
            [
              216022.00420000218,
              425784.78660000116
            ],
            [
              216033.09150000196,
              425790.80950000137
            ],
            [
              216037.58410000149,
              425792.42600000091
            ],
            [
              216047.55780000146,
              425796.12300000153
            ],
            [
              216055.38470000401,
              425796.76550000161
            ],
            [
              216067.90070000105,
              425799.48390000127
            ],
            [
              216078.01230000053,
              425798.78020000271
            ],
            [
              216083.9970000023,
              425797.32389999926
            ],
            [
              216087.65910000168,
              425795.74010000192
            ],
            [
              216091.0233000014,
              425795.54270000011
            ],
            [
              216096.19240000099,
              425795.03960000165
            ],
            [
              216101.28530000243,
              425793.23990000412
            ],
            [
              216105.93690000195,
              425790.85600000247
            ],
            [
              216110.7676999988,
              425790.58010000177
            ],
            [
              216129.720900001,
              425788.58330000006
            ],
            [
              216133.66810000036,
              425787.55420000106
            ],
            [
              216152.60420000181,
              425785.89520000108
            ],
            [
              216159.97120000049,
              425783.6882000044
            ],
            [
              216165.73730000202,
              425784.25320000201
            ],
            [
              216169.44300000276,
              425784.05879999883
            ],
            [
              216172.61380000412,
              425783.69109999947
            ],
            [
              216175.98510000203,
              425785.72259999998
            ],
            [
              216180.7209999999,
              425786.51819999889
            ],
            [
              216183.87600000016,
              425786.41719999909
            ],
            [
              216189.72140000015,
              425786.97070000321
            ],
            [
              216192.54980000108,
              425786.84310000204
            ],
            [
              216199.91290000267,
              425788.9450000003
            ],
            [
              216202.52040000167,
              425789.36690000258
            ],
            [
              216204.97940000147,
              425790.47929999977
            ],
            [
              216210.05279999971,
              425790.46719999984
            ],
            [
              216224.82110000122,
              425792.04040000215
            ],
            [
              216238.82320000045,
              425788.40710000135
            ],
            [
              216241.47860000096,
              425788.59500000067
            ],
            [
              216245.40440000221,
              425787.97130000219
            ],
            [
              216249.84480000101,
              425786.68220000342
            ],
            [
              216253.15579999983,
              425783.81310000084
            ],
            [
              216257.63030000031,
              425778.15760000423
            ],
            [
              216263.16490000393,
              425773.71990000084
            ],
            [
              216266.05230000149,
              425771.14010000229
            ],
            [
              216269.4170000013,
              425764.54529999942
            ]
          ]
        ]
      }
    }
  ]
}