{
  "displayFieldName" : "",
  "fieldAliases" : {
    "FID" : "FID",
    "PMNTN_SN" : "PMNTN_SN",
    "MNTN_CODE" : "MNTN_CODE",
    "MNTN_NM" : "MNTN_NM",
    "PMNTN_NM" : "PMNTN_NM",
    "PMNTN_MAIN" : "PMNTN_MAIN",
    "PMNTN_LT" : "PMNTN_LT",
    "PMNTN_DFFL" : "PMNTN_DFFL",
    "PMNTN_UPPL" : "PMNTN_UPPL",
    "PMNTN_GODN" : "PMNTN_GODN",
    "PMNTN_MTRQ" : "PMNTN_MTRQ",
    "PMNTN_CNRL" : "PMNTN_CNRL",
    "PMNTN_CLS_" : "PMNTN_CLS_",
    "PMNTN_RISK" : "PMNTN_RISK",
    "PMNTN_RECO" : "PMNTN_RECO",
    "DATA_STDR_" : "DATA_STDR_",
    "MNTN_ID" : "MNTN_ID"
  },
  "geometryType" : "esriGeometryPolyline",
  "spatialReference" : {
    "wkt" : "PROJCS[\"PCS_ITRF2000_TM\",GEOGCS[\"GCS_ITRF_2000\",DATUM[\"D_ITRF_2000\",SPHEROID[\"GRS_1980\",6378137.0,298.257222101]],PRIMEM[\"Greenwich\",0.0],UNIT[\"Degree\",0.0174532925199433]],PROJECTION[\"Transverse_Mercator\"],PARAMETER[\"False_Easting\",200000.0],PARAMETER[\"False_Northing\",600000.0],PARAMETER[\"Central_Meridian\",127.0],PARAMETER[\"Scale_Factor\",1.0],PARAMETER[\"Latitude_Of_Origin\",38.0],UNIT[\"Meter\",1.0]]"
  },
  "fields" : [
    {
      "name" : "FID",
      "type" : "esriFieldTypeOID",
      "alias" : "FID"
    },
    {
      "name" : "PMNTN_SN",
      "type" : "esriFieldTypeDouble",
      "alias" : "PMNTN_SN"
    },
    {
      "name" : "MNTN_CODE",
      "type" : "esriFieldTypeString",
      "alias" : "MNTN_CODE",
      "length" : 9
    },
    {
      "name" : "MNTN_NM",
      "type" : "esriFieldTypeString",
      "alias" : "MNTN_NM",
      "length" : 50
    },
    {
      "name" : "PMNTN_NM",
      "type" : "esriFieldTypeString",
      "alias" : "PMNTN_NM",
      "length" : 50
    },
    {
      "name" : "PMNTN_MAIN",
      "type" : "esriFieldTypeString",
      "alias" : "PMNTN_MAIN",
      "length" : 200
    },
    {
      "name" : "PMNTN_LT",
      "type" : "esriFieldTypeSingle",
      "alias" : "PMNTN_LT"
    },
    {
      "name" : "PMNTN_DFFL",
      "type" : "esriFieldTypeString",
      "alias" : "PMNTN_DFFL",
      "length" : 8
    },
    {
      "name" : "PMNTN_UPPL",
      "type" : "esriFieldTypeDouble",
      "alias" : "PMNTN_UPPL"
    },
    {
      "name" : "PMNTN_GODN",
      "type" : "esriFieldTypeDouble",
      "alias" : "PMNTN_GODN"
    },
    {
      "name" : "PMNTN_MTRQ",
      "type" : "esriFieldTypeString",
      "alias" : "PMNTN_MTRQ",
      "length" : 200
    },
    {
      "name" : "PMNTN_CNRL",
      "type" : "esriFieldTypeString",
      "alias" : "PMNTN_CNRL",
      "length" : 1
    },
    {
      "name" : "PMNTN_CLS_",
      "type" : "esriFieldTypeString",
      "alias" : "PMNTN_CLS_",
      "length" : 1
    },
    {
      "name" : "PMNTN_RISK",
      "type" : "esriFieldTypeString",
      "alias" : "PMNTN_RISK",
      "length" : 200
    },
    {
      "name" : "PMNTN_RECO",
      "type" : "esriFieldTypeString",
      "alias" : "PMNTN_RECO",
      "length" : 1
    },
    {
      "name" : "DATA_STDR_",
      "type" : "esriFieldTypeString",
      "alias" : "DATA_STDR_",
      "length" : 10
    },
    {
      "name" : "MNTN_ID",
      "type" : "esriFieldTypeString",
      "alias" : "MNTN_ID",
      "length" : 10
    }
  ],
  "features" : [
    {
      "attributes" : {
        "FID" : 0,
        "PMNTN_SN" : 18811,
        "MNTN_CODE" : "491100603",
        "MNTN_NM" : "물찻오름",
        "PMNTN_NM" : "교래리구간",
        "PMNTN_MAIN" : " ",
        "PMNTN_LT" : 0.78,
        "PMNTN_DFFL" : "쉬움",
        "PMNTN_UPPL" : 15,
        "PMNTN_GODN" : 10,
        "PMNTN_MTRQ" : "토사",
        "PMNTN_CNRL" : " ",
        "PMNTN_CLS_" : " ",
        "PMNTN_RISK" : " ",
        "PMNTN_RECO" : " ",
        "DATA_STDR_" : "2016-12-31",
        "MNTN_ID" : "491100603"
      },
      "geometry" : {
        "paths" : [
          [
            [
              166954.24569999892,
              89119.182400001213
            ],
            [
              166957.41079999972,
              89119.819399999455
            ],
            [
              166962.57150000054,
              89121.267100000754
            ],
            [
              166965.39680000115,
              89126.89770000428
            ],
            [
              166966.92560000066,
              89129.300499999896
            ],
            [
              166971.9299999997,
              89135.549300000072
            ],
            [
              166977.43630000018,
              89138.059200007468
            ],
            [
              166980.33739999961,
              89140.392100002617
            ],
            [
              166985.45600000117,
              89143.591300003231
            ],
            [
              166987.2770999996,
              89147.071300001815
            ],
            [
              166993.10690000001,
              89148.41810000129
            ],
            [
              166998.30979999993,
              89148.827900001779
            ],
            [
              167002.3543000007,
              89150.301600001752
            ],
            [
              167003.61940000206,
              89150.817900007591
            ],
            [
              167006.61220000219,
              89152.648500002921
            ],
            [
              167010.79670000076,
              89156.306500000879
            ],
            [
              167017.32380000036,
              89158.580500001088
            ],
            [
              167021.32800000347,
              89164.26570000127
            ],
            [
              167026.26700000092,
              89169.67820000276
            ],
            [
              167031.39700000081,
              89171.585100000724
            ],
            [
              167036.02350000013,
              89174.544300001115
            ],
            [
              167039.64419999998,
              89177.488299999386
            ],
            [
              167042.85120000131,
              89178.100300002843
            ],
            [
              167045.12590000033,
              89179.673000004143
            ],
            [
              167047.84260000288,
              89180.528300002217
            ],
            [
              167050.20810000412,
              89181.319700004533
            ],
            [
              167052.07919999957,
              89182.06210000813
            ],
            [
              167054.19640000071,
              89181.243600003421
            ],
            [
              167056.35280000139,
              89178.965399999171
            ],
            [
              167058.77219999954,
              89174.931700004265
            ],
            [
              167062.96870000102,
              89172.974400002509
            ],
            [
              167067.72229999863,
              89169.713700003922
            ],
            [
              167072.39260000084,
              89167.178399998695
            ],
            [
              167077.05430000089,
              89166.697700001299
            ],
            [
              167082.3582000006,
              89162.477600002661
            ],
            [
              167087.26610000059,
              89158.714400006458
            ],
            [
              167090.87560000364,
              89156.108300000429
            ],
            [
              167094.84539999999,
              89156.057700002566
            ],
            [
              167096.77690000087,
              89157.836000001058
            ],
            [
              167099.68900000118,
              89161.126500001177
            ],
            [
              167103.97879999876,
              89168.233200000599
            ],
            [
              167107.23020000104,
              89175.008700003847
            ],
            [
              167111.18960000202,
              89179.002100002021
            ],
            [
              167115.6110000005,
              89181.246300000697
            ],
            [
              167120.15270000044,
              89182.151200000197
            ],
            [
              167126.32410000078,
              89183.050600001588
            ],
            [
              167130.61160000041,
              89184.92330000177
            ],
            [
              167137.03200000245,
              89185.663799997419
            ],
            [
              167142.05719999876,
              89186.585700001568
            ],
            [
              167148.34380000178,
              89184.686400000006
            ],
            [
              167153.74530000053,
              89183.933700004593
            ],
            [
              167159.31160000246,
              89183.440700003877
            ],
            [
              167161.190200001,
              89183.23909999989
            ],
            [
              167162.95550000109,
              89184.060599999502
            ],
            [
              167165.13140000124,
              89186.442399999127
            ],
            [
              167167.12270000111,
              89187.272299999371
            ],
            [
              167168.2564000031,
              89188.123800000176
            ],
            [
              167170.68189999927,
              89190.523399999365
            ],
            [
              167176.11519999988,
              89194.521099999547
            ],
            [
              167181.1715000011,
              89195.443000007421
            ],
            [
              167186.89390000142,
              89197.30150000006
            ],
            [
              167193.37650000211,
              89200.291699999943
            ],
            [
              167197.59110000171,
              89203.689200004563
            ],
            [
              167201.14820000157,
              89206.3125
            ],
            [
              167205.31770000048,
              89207.893100002781
            ],
            [
              167210.53960000258,
              89209.749400001019
            ],
            [
              167215.96760000195,
              89209.502600001171
            ],
            [
              167220.92080000043,
              89209.904100004584
            ],
            [
              167227.42400000058,
              89209.770599998534
            ],
            [
              167232.13120000064,
              89208.917899999768
            ],
            [
              167237.30710000079,
              89208.286800000817
            ],
            [
              167242.06150000077,
              89207.554899999872
            ],
            [
              167248.51429999992,
              89210.991500001401
            ],
            [
              167253.434600004,
              89215.511500000954
            ],
            [
              167259.23460000101,
              89219.563899997622
            ],
            [
              167263.00439999998,
              89220.536599999294
            ],
            [
              167267.67540000193,
              89220.520800003782
            ],
            [
              167273.5812999988,
              89223.652499999851
            ],
            [
              167278.5643000016,
              89225.950500002131
            ],
            [
              167281.86830000207,
              89227.547599999234
            ],
            [
              167283.31830000132,
              89229.718200001866
            ],
            [
              167287.74540000036,
              89233.68209999986
            ],
            [
              167290.49650000036,
              89233.170800002292
            ],
            [
              167292.6360000018,
              89229.407700000331
            ],
            [
              167297.50980000012,
              89227.104300001636
            ],
            [
              167300.7890999997,
              89225.986899999902
            ],
            [
              167305.25590000022,
              89225.562800003216
            ],
            [
              167308.9859000016,
              89223.960500001907
            ],
            [
              167312.78299999982,
              89223.780400002375
            ],
            [
              167317.30920000002,
              89222.454199999571
            ],
            [
              167320.88200000115,
              89222.814099999145
            ],
            [
              167323.67649999913,
              89223.64140000008
            ],
            [
              167327.43980000168,
              89224.995200000703
            ],
            [
              167332.00509999972,
              89226.021100003272
            ],
            [
              167335.61720000301,
              89226.492300003767
            ],
            [
              167339.34559999965,
              89226.749299999326
            ],
            [
              167343.76150000282,
              89227.385199999437
            ],
            [
              167347.29820000008,
              89226.294800002128
            ],
            [
              167351.71000000183,
              89225.759300000966
            ],
            [
              167354.14570000395,
              89224.217200001702
            ],
            [
              167356.39130000211,
              89224.126000000164
            ],
            [
              167360.77269999869,
              89226.11930000037
            ],
            [
              167365.17070000153,
              89226.085799997672
            ],
            [
              167371.20500000007,
              89227.952800001949
            ],
            [
              167375.75509999972,
              89229.080900002271
            ],
            [
              167379.51649999991,
              89232.182700002566
            ],
            [
              167382.79220000282,
              89234.672399999574
            ],
            [
              167385.74440000113,
              89236.029000001028
            ],
            [
              167389.46200000122,
              89237.699300002307
            ],
            [
              167393.89859999996,
              89235.220700001344
            ],
            [
              167396.05910000205,
              89233.038000002503
            ],
            [
              167398.59379999992,
              89233.131699999794
            ],
            [
              167403.36230000108,
              89231.972200004384
            ],
            [
              167406.47989999969,
              89229.126199999824
            ],
            [
              167411.3431000011,
              89230.625200001523
            ],
            [
              167414.63150000013,
              89227.611300002784
            ],
            [
              167419.97380000073,
              89225.464400002733
            ],
            [
              167425.07129999995,
              89224.712800001726
            ],
            [
              167430.21040000208,
              89222.445699999109
            ],
            [
              167434.23510000017,
              89218.034800002351
            ],
            [
              167436.04240000248,
              89215.156100001186
            ],
            [
              167438.09050000273,
              89212.016199998558
            ],
            [
              167441.58230000176,
              89209.150500001386
            ],
            [
              167445.9793000007,
              89208.847500002012
            ],
            [
              167449.95959999971,
              89205.171200001612
            ],
            [
              167452.37160000019,
              89203.526900002733
            ],
            [
              167455.25170000084,
              89199.677600001916
            ],
            [
              167459.82140000071,
              89199.680900001898
            ],
            [
              167464.22310000006,
              89200.735200000927
            ],
            [
              167469.24660000205,
              89198.840500000864
            ],
            [
              167471.91380000114,
              89195.156100001186
            ],
            [
              167476.26219999883,
              89193.396900000051
            ],
            [
              167477.35010000132,
              89192.259000001475
            ],
            [
              167481.25030000042,
              89190.293600000441
            ],
            [
              167484.85070000123,
              89189.574999999255
            ],
            [
              167489.01250000205,
              89188.854500003159
            ],
            [
              167491.824400004,
              89187.868900001049
            ],
            [
              167494.1838999996,
              89186.894200000912
            ],
            [
              167495.9859000016,
              89187.074000000954
            ],
            [
              167496.3574000001,
              89186.217499999329
            ],
            [
              167496.20390000008,
              89182.322799999267
            ],
            [
              167495.24560000096,
              89177.937900003046
            ],
            [
              167495.99430000037,
              89173.305600000545
            ],
            [
              167496.60160000157,
              89168.38570000045
            ],
            [
              167495.86139999982,
              89163.925800001249
            ],
            [
              167496.28699999861,
              89158.290500001982
            ],
            [
              167497.0214999998,
              89154.067400002852
            ],
            [
              167498.04030000325,
              89150.930999998003
            ],
            [
              167497.62380000111,
              89147.659900000319
            ],
            [
              167496.10049999971,
              89144.560000004247
            ],
            [
              167496.12090000324,
              89139.028400002047
            ],
            [
              167500.60070000123,
              89133.519000001252
            ],
            [
              167499.88090000115,
              89125.461200000718
            ],
            [
              167499.08459999971,
              89120.546000001952
            ],
            [
              167502.86160000134,
              89116.703000001609
            ],
            [
              167503.6715000011,
              89114.032199999318
            ],
            [
              167504.72410000209,
              89109.343200001866
            ],
            [
              167506.71030000132,
              89103.981600001454
            ],
            [
              167509.65419999976,
              89100.541300000623
            ],
            [
              167514.60910000186,
              89096.78730000183
            ],
            [
              167516.68690000102,
              89093.136100001633
            ],
            [
              167519.01610000059,
              89090.106899999082
            ],
            [
              167521.60660000052,
              89085.886800004169
            ],
            [
              167524.77830000035,
              89082.910500001162
            ],
            [
              167527.20340000372,
              89080.522400002927
            ],
            [
              167528.8032000009,
              89076.24990000017
            ],
            [
              167529.49410000164,
              89072.965900002047
            ],
            [
              167529.83650000114,
              89068.121100001037
            ],
            [
              167531.97509999946,
              89063.995600003749
            ],
            [
              167533.38820000272,
              89064.474199999124
            ],
            [
              167533.62530000322,
              89067.764500001445
            ],
            [
              167534.30590000097,
              89068.447899999097
            ],
            [
              167534.39870000165,
              89068.5410999991
            ],
            [
              167535.47530000098,
              89069.621999999508
            ]
          ]
        ]
      }
    }
  ]
}