{
  "displayFieldName" : "",
  "fieldAliases" : {
    "FID" : "FID",
    "PMNTN_SPOT" : "PMNTN_SPOT",
    "MNTN_CODE" : "MNTN_CODE",
    "MANAGE_SP1" : "MANAGE_SP1",
    "MANAGE_SP2" : "MANAGE_SP2",
    "DETAIL_SPO" : "DETAIL_SPO",
    "ETC_MATTER" : "ETC_MATTER",
    "MNTN_NM" : "MNTN_NM",
    "PAST_SPOT_" : "PAST_SPOT_",
    "MNTN_ID" : "MNTN_ID"
  },
  "geometryType" : "esriGeometryPoint",
  "spatialReference" : {
    "wkt" : "PROJCS[\"PCS_ITRF2000_TM\",GEOGCS[\"GCS_ITRF_2000\",DATUM[\"D_ITRF_2000\",SPHEROID[\"GRS_1980\",6378137.0,298.257222101]],PRIMEM[\"Greenwich\",0.0],UNIT[\"Degree\",0.0174532925199433]],PROJECTION[\"Transverse_Mercator\"],PARAMETER[\"False_Easting\",200000.0],PARAMETER[\"False_Northing\",600000.0],PARAMETER[\"Central_Meridian\",127.0],PARAMETER[\"Scale_Factor\",1.0],PARAMETER[\"Latitude_Of_Origin\",38.0],UNIT[\"Meter\",1.0]]"
  },
  "fields" : [
    {
      "name" : "FID",
      "type" : "esriFieldTypeOID",
      "alias" : "FID"
    },
    {
      "name" : "PMNTN_SPOT",
      "type" : "esriFieldTypeDouble",
      "alias" : "PMNTN_SPOT"
    },
    {
      "name" : "MNTN_CODE",
      "type" : "esriFieldTypeString",
      "alias" : "MNTN_CODE",
      "length" : 9
    },
    {
      "name" : "MANAGE_SP1",
      "type" : "esriFieldTypeString",
      "alias" : "MANAGE_SP1",
      "length" : 2
    },
    {
      "name" : "MANAGE_SP2",
      "type" : "esriFieldTypeString",
      "alias" : "MANAGE_SP2",
      "length" : 50
    },
    {
      "name" : "DETAIL_SPO",
      "type" : "esriFieldTypeString",
      "alias" : "DETAIL_SPO",
      "length" : 200
    },
    {
      "name" : "ETC_MATTER",
      "type" : "esriFieldTypeString",
      "alias" : "ETC_MATTER",
      "length" : 200
    },
    {
      "name" : "MNTN_NM",
      "type" : "esriFieldTypeString",
      "alias" : "MNTN_NM",
      "length" : 50
    },
    {
      "name" : "PAST_SPOT_",
      "type" : "esriFieldTypeString",
      "alias" : "PAST_SPOT_",
      "length" : 14
    },
    {
      "name" : "MNTN_ID",
      "type" : "esriFieldTypeString",
      "alias" : "MNTN_ID",
      "length" : 10
    }
  ],
  "features" : [
    {
      "attributes" : {
        "FID" : 0,
        "PMNTN_SPOT" : 26154,
        "MNTN_CODE" : "482202901",
        "MANAGE_SP1" : "01",
        "MANAGE_SP2" : "시종점",
        "DETAIL_SPO" : "시종점",
        "ETC_MATTER" : " ",
        "MNTN_NM" : "마파산",
        "PAST_SPOT_" : "4822007010001",
        "MNTN_ID" : "482200701"
      },
      "geometry" : {
        "x" : 331322.6338000102,
        "y" : 246269.94820000231
      }
    },
    {
      "attributes" : {
        "FID" : 1,
        "PMNTN_SPOT" : 26155,
        "MNTN_CODE" : "482202901",
        "MANAGE_SP1" : "01",
        "MANAGE_SP2" : "시종점",
        "DETAIL_SPO" : "시종점",
        "ETC_MATTER" : " ",
        "MNTN_NM" : "마파산",
        "PAST_SPOT_" : "4822007010002",
        "MNTN_ID" : "482200701"
      },
      "geometry" : {
        "x" : 331406.72270000447,
        "y" : 247662.17090000212
      }
    },
    {
      "attributes" : {
        "FID" : 2,
        "PMNTN_SPOT" : 26156,
        "MNTN_CODE" : "482202901",
        "MANAGE_SP1" : "02",
        "MANAGE_SP2" : "분기점",
        "DETAIL_SPO" : "분기점",
        "ETC_MATTER" : " ",
        "MNTN_NM" : "마파산",
        "PAST_SPOT_" : "4822007010003",
        "MNTN_ID" : "482200701"
      },
      "geometry" : {
        "x" : 331472.64670000784,
        "y" : 247633.64380000159
      }
    },
    {
      "attributes" : {
        "FID" : 3,
        "PMNTN_SPOT" : 26157,
        "MNTN_CODE" : "482202901",
        "MANAGE_SP1" : "02",
        "MANAGE_SP2" : "분기점",
        "DETAIL_SPO" : "분기점",
        "ETC_MATTER" : " ",
        "MNTN_NM" : "마파산",
        "PAST_SPOT_" : "4822007010004",
        "MNTN_ID" : "482200701"
      },
      "geometry" : {
        "x" : 331595.69120000675,
        "y" : 247338.43610000424
      }
    },
    {
      "attributes" : {
        "FID" : 4,
        "PMNTN_SPOT" : 26158,
        "MNTN_CODE" : "482202901",
        "MANAGE_SP1" : "02",
        "MANAGE_SP2" : "분기점",
        "DETAIL_SPO" : "분기점",
        "ETC_MATTER" : " ",
        "MNTN_NM" : "마파산",
        "PAST_SPOT_" : "4822007010005",
        "MNTN_ID" : "482200701"
      },
      "geometry" : {
        "x" : 331604.01530000754,
        "y" : 247644.67110000178
      }
    },
    {
      "attributes" : {
        "FID" : 5,
        "PMNTN_SPOT" : 26159,
        "MNTN_CODE" : "482202901",
        "MANAGE_SP1" : "02",
        "MANAGE_SP2" : "분기점",
        "DETAIL_SPO" : "분기점",
        "ETC_MATTER" : " ",
        "MNTN_NM" : "마파산",
        "PAST_SPOT_" : "4822007010006",
        "MNTN_ID" : "482200701"
      },
      "geometry" : {
        "x" : 331616.80320000462,
        "y" : 247579.10190000199
      }
    },
    {
      "attributes" : {
        "FID" : 6,
        "PMNTN_SPOT" : 26160,
        "MNTN_CODE" : "482202901",
        "MANAGE_SP1" : "01",
        "MANAGE_SP2" : "시종점",
        "DETAIL_SPO" : "시종점",
        "ETC_MATTER" : " ",
        "MNTN_NM" : "마파산",
        "PAST_SPOT_" : "4822007010007",
        "MNTN_ID" : "482200701"
      },
      "geometry" : {
        "x" : 331649.08960000332,
        "y" : 247644.84960000217
      }
    },
    {
      "attributes" : {
        "FID" : 7,
        "PMNTN_SPOT" : 26161,
        "MNTN_CODE" : "482202901",
        "MANAGE_SP1" : "02",
        "MANAGE_SP2" : "분기점",
        "DETAIL_SPO" : "분기점",
        "ETC_MATTER" : " ",
        "MNTN_NM" : "마파산",
        "PAST_SPOT_" : "4822007010008",
        "MNTN_ID" : "482200701"
      },
      "geometry" : {
        "x" : 331786.05970000476,
        "y" : 246877.88530000113
      }
    },
    {
      "attributes" : {
        "FID" : 8,
        "PMNTN_SPOT" : 26162,
        "MNTN_CODE" : "482202901",
        "MANAGE_SP1" : "02",
        "MANAGE_SP2" : "분기점",
        "DETAIL_SPO" : "분기점",
        "ETC_MATTER" : " ",
        "MNTN_NM" : "마파산",
        "PAST_SPOT_" : "4822007010009",
        "MNTN_ID" : "482200701"
      },
      "geometry" : {
        "x" : 331800.64590000547,
        "y" : 246302.95850000158
      }
    },
    {
      "attributes" : {
        "FID" : 9,
        "PMNTN_SPOT" : 26163,
        "MNTN_CODE" : "482202901",
        "MANAGE_SP1" : "01",
        "MANAGE_SP2" : "시종점",
        "DETAIL_SPO" : "시종점",
        "ETC_MATTER" : " ",
        "MNTN_NM" : "마파산",
        "PAST_SPOT_" : "4822007010010",
        "MNTN_ID" : "482200701"
      },
      "geometry" : {
        "x" : 331907.66140000802,
        "y" : 246286.8860000018
      }
    },
    {
      "attributes" : {
        "FID" : 10,
        "PMNTN_SPOT" : 26164,
        "MNTN_CODE" : "482202901",
        "MANAGE_SP1" : "10",
        "MANAGE_SP2" : "이정표",
        "DETAIL_SPO" : "등산로입구",
        "ETC_MATTER" : "영운리",
        "MNTN_NM" : "마파산",
        "PAST_SPOT_" : "4822007010011",
        "MNTN_ID" : "482200701"
      },
      "geometry" : {
        "x" : 331323.61340001132,
        "y" : 246269.15450000204
      }
    },
    {
      "attributes" : {
        "FID" : 11,
        "PMNTN_SPOT" : 26165,
        "MNTN_CODE" : "482202901",
        "MANAGE_SP1" : "99",
        "MANAGE_SP2" : "기타",
        "DETAIL_SPO" : "목계단(끝지점)",
        "ETC_MATTER" : " ",
        "MNTN_NM" : "마파산",
        "PAST_SPOT_" : "4822007010012",
        "MNTN_ID" : "482200701"
      },
      "geometry" : {
        "x" : 331773.32690001,
        "y" : 246286.70900000446
      }
    },
    {
      "attributes" : {
        "FID" : 12,
        "PMNTN_SPOT" : 26166,
        "MNTN_CODE" : "482202901",
        "MANAGE_SP1" : "99",
        "MANAGE_SP2" : "기타",
        "DETAIL_SPO" : "방부목계단",
        "ETC_MATTER" : " ",
        "MNTN_NM" : "마파산",
        "PAST_SPOT_" : "4822007010013",
        "MNTN_ID" : "482200701"
      },
      "geometry" : {
        "x" : 331326.13540001214,
        "y" : 246295.09130000137
      }
    },
    {
      "attributes" : {
        "FID" : 13,
        "PMNTN_SPOT" : 26167,
        "MNTN_CODE" : "482202901",
        "MANAGE_SP1" : "10",
        "MANAGE_SP2" : "이정표",
        "DETAIL_SPO" : "목계단(시작지점)",
        "ETC_MATTER" : "방무복",
        "MNTN_NM" : "마파산",
        "PAST_SPOT_" : "4822007010014",
        "MNTN_ID" : "482200701"
      },
      "geometry" : {
        "x" : 331800.70220000949,
        "y" : 246302.85940000042
      }
    },
    {
      "attributes" : {
        "FID" : 14,
        "PMNTN_SPOT" : 26168,
        "MNTN_CODE" : "482202901",
        "MANAGE_SP1" : "99",
        "MANAGE_SP2" : "기타",
        "DETAIL_SPO" : "방부목안전난간",
        "ETC_MATTER" : " ",
        "MNTN_NM" : "마파산",
        "PAST_SPOT_" : "4822007010015",
        "MNTN_ID" : "482200701"
      },
      "geometry" : {
        "x" : 331626.61140001193,
        "y" : 246319.60770000145
      }
    },
    {
      "attributes" : {
        "FID" : 15,
        "PMNTN_SPOT" : 26169,
        "MNTN_CODE" : "482202901",
        "MANAGE_SP1" : "99",
        "MANAGE_SP2" : "기타",
        "DETAIL_SPO" : "목계단",
        "ETC_MATTER" : "방무복",
        "MNTN_NM" : "마파산",
        "PAST_SPOT_" : "4822007010016",
        "MNTN_ID" : "482200701"
      },
      "geometry" : {
        "x" : 331736.08840000909,
        "y" : 246504.04690000229
      }
    },
    {
      "attributes" : {
        "FID" : 16,
        "PMNTN_SPOT" : 26170,
        "MNTN_CODE" : "482202901",
        "MANAGE_SP1" : "99",
        "MANAGE_SP2" : "기타",
        "DETAIL_SPO" : "야외탁자,제2전망데크",
        "ETC_MATTER" : " ",
        "MNTN_NM" : "마파산",
        "PAST_SPOT_" : "4822007010017",
        "MNTN_ID" : "482200701"
      },
      "geometry" : {
        "x" : 331788.39980000909,
        "y" : 246834.05150000006
      }
    },
    {
      "attributes" : {
        "FID" : 17,
        "PMNTN_SPOT" : 26171,
        "MNTN_CODE" : "482202901",
        "MANAGE_SP1" : "10",
        "MANAGE_SP2" : "이정표",
        "DETAIL_SPO" : "이정표",
        "ETC_MATTER" : " ",
        "MNTN_NM" : "마파산",
        "PAST_SPOT_" : "4822007010018",
        "MNTN_ID" : "482200701"
      },
      "geometry" : {
        "x" : 331786.13970001042,
        "y" : 246878.05290000141
      }
    },
    {
      "attributes" : {
        "FID" : 18,
        "PMNTN_SPOT" : 26172,
        "MNTN_CODE" : "482202901",
        "MANAGE_SP1" : "10",
        "MANAGE_SP2" : "이정표",
        "DETAIL_SPO" : "이정표",
        "ETC_MATTER" : " ",
        "MNTN_NM" : "마파산",
        "PAST_SPOT_" : "4822007010019",
        "MNTN_ID" : "482200701"
      },
      "geometry" : {
        "x" : 331594.14150000736,
        "y" : 247342.05120000243
      }
    },
    {
      "attributes" : {
        "FID" : 19,
        "PMNTN_SPOT" : 26173,
        "MNTN_CODE" : "482202901",
        "MANAGE_SP1" : "99",
        "MANAGE_SP2" : "기타",
        "DETAIL_SPO" : "안전난간",
        "ETC_MATTER" : " ",
        "MNTN_NM" : "마파산",
        "PAST_SPOT_" : "4822007010020",
        "MNTN_ID" : "482200701"
      },
      "geometry" : {
        "x" : 331592.098200012,
        "y" : 247353.71839999966
      }
    },
    {
      "attributes" : {
        "FID" : 20,
        "PMNTN_SPOT" : 26174,
        "MNTN_CODE" : "482202901",
        "MANAGE_SP1" : "05",
        "MANAGE_SP2" : "벤치",
        "DETAIL_SPO" : "안전난간",
        "ETC_MATTER" : "방무복",
        "MNTN_NM" : "마파산",
        "PAST_SPOT_" : "4822007010021",
        "MNTN_ID" : "482200701"
      },
      "geometry" : {
        "x" : 331598.6691000117,
        "y" : 247403.60580000281
      }
    },
    {
      "attributes" : {
        "FID" : 21,
        "PMNTN_SPOT" : 26175,
        "MNTN_CODE" : "482202901",
        "MANAGE_SP1" : "99",
        "MANAGE_SP2" : "기타",
        "DETAIL_SPO" : "기타",
        "ETC_MATTER" : "방무복",
        "MNTN_NM" : "마파산",
        "PAST_SPOT_" : "4822007010022",
        "MNTN_ID" : "482200701"
      },
      "geometry" : {
        "x" : 331616.87440000754,
        "y" : 247579.23599999957
      }
    },
    {
      "attributes" : {
        "FID" : 22,
        "PMNTN_SPOT" : 26176,
        "MNTN_CODE" : "482202901",
        "MANAGE_SP1" : "99",
        "MANAGE_SP2" : "기타",
        "DETAIL_SPO" : "방부목데크(시작지점",
        "ETC_MATTER" : " ",
        "MNTN_NM" : "마파산",
        "PAST_SPOT_" : "4822007010023",
        "MNTN_ID" : "482200701"
      },
      "geometry" : {
        "x" : 331429.00630000979,
        "y" : 247642.73090000264
      }
    },
    {
      "attributes" : {
        "FID" : 23,
        "PMNTN_SPOT" : 26177,
        "MNTN_CODE" : "482202901",
        "MANAGE_SP1" : "99",
        "MANAGE_SP2" : "기타",
        "DETAIL_SPO" : "방부목데크(끝지점)",
        "ETC_MATTER" : "군부대",
        "MNTN_NM" : "마파산",
        "PAST_SPOT_" : "4822007010024",
        "MNTN_ID" : "482200701"
      },
      "geometry" : {
        "x" : 331404.02760001644,
        "y" : 247666.5989000015
      }
    }
  ]
}