{
  "displayFieldName" : "",
  "fieldAliases" : {
    "FID" : "FID",
    "PMNTN_SN" : "PMNTN_SN",
    "MNTN_CODE" : "MNTN_CODE",
    "MNTN_NM" : "MNTN_NM",
    "PMNTN_NM" : "PMNTN_NM",
    "PMNTN_MAIN" : "PMNTN_MAIN",
    "PMNTN_LT" : "PMNTN_LT",
    "PMNTN_DFFL" : "PMNTN_DFFL",
    "PMNTN_UPPL" : "PMNTN_UPPL",
    "PMNTN_GODN" : "PMNTN_GODN",
    "PMNTN_MTRQ" : "PMNTN_MTRQ",
    "PMNTN_CNRL" : "PMNTN_CNRL",
    "PMNTN_CLS_" : "PMNTN_CLS_",
    "PMNTN_RISK" : "PMNTN_RISK",
    "PMNTN_RECO" : "PMNTN_RECO",
    "DATA_STDR_" : "DATA_STDR_",
    "MNTN_ID" : "MNTN_ID"
  },
  "geometryType" : "esriGeometryPolyline",
  "spatialReference" : {
    "wkt" : "PROJCS[\"PCS_ITRF2000_TM\",GEOGCS[\"GCS_ITRF_2000\",DATUM[\"D_ITRF_2000\",SPHEROID[\"GRS_1980\",6378137.0,298.257222101]],PRIMEM[\"Greenwich\",0.0],UNIT[\"Degree\",0.0174532925199433]],PROJECTION[\"Transverse_Mercator\"],PARAMETER[\"False_Easting\",200000.0],PARAMETER[\"False_Northing\",600000.0],PARAMETER[\"Central_Meridian\",127.0],PARAMETER[\"Scale_Factor\",1.0],PARAMETER[\"Latitude_Of_Origin\",38.0],UNIT[\"Meter\",1.0]]"
  },
  "fields" : [
    {
      "name" : "FID",
      "type" : "esriFieldTypeOID",
      "alias" : "FID"
    },
    {
      "name" : "PMNTN_SN",
      "type" : "esriFieldTypeDouble",
      "alias" : "PMNTN_SN"
    },
    {
      "name" : "MNTN_CODE",
      "type" : "esriFieldTypeString",
      "alias" : "MNTN_CODE",
      "length" : 9
    },
    {
      "name" : "MNTN_NM",
      "type" : "esriFieldTypeString",
      "alias" : "MNTN_NM",
      "length" : 50
    },
    {
      "name" : "PMNTN_NM",
      "type" : "esriFieldTypeString",
      "alias" : "PMNTN_NM",
      "length" : 50
    },
    {
      "name" : "PMNTN_MAIN",
      "type" : "esriFieldTypeString",
      "alias" : "PMNTN_MAIN",
      "length" : 200
    },
    {
      "name" : "PMNTN_LT",
      "type" : "esriFieldTypeSingle",
      "alias" : "PMNTN_LT"
    },
    {
      "name" : "PMNTN_DFFL",
      "type" : "esriFieldTypeString",
      "alias" : "PMNTN_DFFL",
      "length" : 8
    },
    {
      "name" : "PMNTN_UPPL",
      "type" : "esriFieldTypeDouble",
      "alias" : "PMNTN_UPPL"
    },
    {
      "name" : "PMNTN_GODN",
      "type" : "esriFieldTypeDouble",
      "alias" : "PMNTN_GODN"
    },
    {
      "name" : "PMNTN_MTRQ",
      "type" : "esriFieldTypeString",
      "alias" : "PMNTN_MTRQ",
      "length" : 200
    },
    {
      "name" : "PMNTN_CNRL",
      "type" : "esriFieldTypeString",
      "alias" : "PMNTN_CNRL",
      "length" : 1
    },
    {
      "name" : "PMNTN_CLS_",
      "type" : "esriFieldTypeString",
      "alias" : "PMNTN_CLS_",
      "length" : 1
    },
    {
      "name" : "PMNTN_RISK",
      "type" : "esriFieldTypeString",
      "alias" : "PMNTN_RISK",
      "length" : 200
    },
    {
      "name" : "PMNTN_RECO",
      "type" : "esriFieldTypeString",
      "alias" : "PMNTN_RECO",
      "length" : 1
    },
    {
      "name" : "DATA_STDR_",
      "type" : "esriFieldTypeString",
      "alias" : "DATA_STDR_",
      "length" : 10
    },
    {
      "name" : "MNTN_ID",
      "type" : "esriFieldTypeString",
      "alias" : "MNTN_ID",
      "length" : 10
    }
  ],
  "features" : [
    {
      "attributes" : {
        "FID" : 0,
        "PMNTN_SN" : 21702,
        "MNTN_CODE" : "468803101",
        "MNTN_NM" : "백우산",
        "PMNTN_NM" : "임곡동구간",
        "PMNTN_MAIN" : " ",
        "PMNTN_LT" : 0.62,
        "PMNTN_DFFL" : "쉬움",
        "PMNTN_UPPL" : 11,
        "PMNTN_GODN" : 8,
        "PMNTN_MTRQ" : " ",
        "PMNTN_CNRL" : " ",
        "PMNTN_CLS_" : " ",
        "PMNTN_RISK" : " ",
        "PMNTN_RECO" : " ",
        "DATA_STDR_" : "2016-12-31",
        "MNTN_ID" : "468803101"
      },
      "geometry" : {
        "paths" : [
          [
            [
              177086.91250000056,
              291855.36849999987
            ],
            [
              177087.23000000138,
              291876.31069999933
            ],
            [
              177096.04200000223,
              291886.79870000109
            ],
            [
              177097.05840000138,
              291901.60730000213
            ],
            [
              177107.41870000307,
              291920.76690000109
            ],
            [
              177115.00830000266,
              291936.37719999999
            ],
            [
              177141.88860000111,
              291951.44649999961
            ],
            [
              177150.42760000005,
              291967.6063000001
            ],
            [
              177167.22180000227,
              291982.69060000218
            ],
            [
              177176.07970000058,
              292011.64200000092
            ],
            [
              177196.20830000192,
              292029.34280000068
            ],
            [
              177203.95930000022,
              292052.35540000349
            ],
            [
              177211.93329999968,
              292083.83140000142
            ],
            [
              177214.57250000071,
              292102.74190000258
            ],
            [
              177220.89759999886,
              292109.28889999911
            ],
            [
              177215.78330000117,
              292133.25510000065
            ],
            [
              177224.88430000097,
              292157.35850000381
            ],
            [
              177236.16450000089,
              292165.06370000355
            ],
            [
              177260.15580000076,
              292171.29660000093
            ],
            [
              177275.43160000257,
              292178.49620000459
            ],
            [
              177266.51489999983,
              292202.48010000214
            ],
            [
              177258.73970000353,
              292224.14420000277
            ],
            [
              177257.51050000172,
              292239.9932000041
            ],
            [
              177268.04230000079,
              292253.40370000154
            ],
            [
              177265.54090000037,
              292277.84629999846
            ],
            [
              177274.61330000404,
              292312.67149999924
            ],
            [
              177288.63069999963,
              292343.52590000071
            ],
            [
              177286.83830000088,
              292379.505400002
            ]
          ]
        ]
      }
    },
    {
      "attributes" : {
        "FID" : 1,
        "PMNTN_SN" : 21703,
        "MNTN_CODE" : "468803101",
        "MNTN_NM" : "백우산",
        "PMNTN_NM" : "마령리구간",
        "PMNTN_MAIN" : " ",
        "PMNTN_LT" : 0.97,
        "PMNTN_DFFL" : "쉬움",
        "PMNTN_UPPL" : 17,
        "PMNTN_GODN" : 12,
        "PMNTN_MTRQ" : " ",
        "PMNTN_CNRL" : " ",
        "PMNTN_CLS_" : " ",
        "PMNTN_RISK" : " ",
        "PMNTN_RECO" : " ",
        "DATA_STDR_" : "2016-12-31",
        "MNTN_ID" : "468803101"
      },
      "geometry" : {
        "paths" : [
          [
            [
              176738.14520000108,
              293286.34990000166
            ],
            [
              176762.82660000026,
              293276.12449999899
            ],
            [
              176778.30080000311,
              293258.20959999971
            ],
            [
              176807.91340000182,
              293253.94050000235
            ],
            [
              176831.71450000256,
              293249.41469999962
            ],
            [
              176855.11820000317,
              293233.88280000165
            ],
            [
              176875.26060000155,
              293220.93770000152
            ],
            [
              176887.4307000041,
              293226.62600000016
            ],
            [
              176896.93369999994,
              293241.24760000221
            ],
            [
              176920.61160000321,
              293259.91669999808
            ],
            [
              176951.80360000115,
              293264.95430000313
            ],
            [
              176986.31390000042,
              293249.76280000433
            ],
            [
              177011.24560000096,
              293237.65440000035
            ],
            [
              177049.88230000157,
              293235.36250000075
            ],
            [
              177085.33409999963,
              293231.57390000299
            ],
            [
              177116.13350000046,
              293216.60950000398
            ],
            [
              177144.19460000005,
              293212.78710000217
            ],
            [
              177170.71140000131,
              293202.27450000122
            ],
            [
              177197.73310000077,
              293205.00610000268
            ],
            [
              177228.44940000027,
              293202.00150000304
            ],
            [
              177248.24290000089,
              293211.45960000157
            ],
            [
              177270.51180000324,
              293212.66630000062
            ],
            [
              177293.46580000315,
              293200.24050000124
            ],
            [
              177324.73410000093,
              293199.78950000368
            ],
            [
              177365.92929999996,
              293207.20400000177
            ],
            [
              177396.36039999966,
              293211.81039999984
            ],
            [
              177433.44520000089,
              293217.42400000431
            ],
            [
              177471.99450000096,
              293225.90809999965
            ],
            [
              177520.29320000019,
              293230.21110000461
            ],
            [
              177548.15180000197,
              293247.09090000205
            ],
            [
              177594.50480000023,
              293250.53559999727
            ],
            [
              177624.41230000276,
              293252.88910000026
            ],
            [
              177645.98309999891,
              293245.98880000412
            ]
          ]
        ]
      }
    },
    {
      "attributes" : {
        "FID" : 2,
        "PMNTN_SN" : 21704,
        "MNTN_CODE" : "468803101",
        "MNTN_NM" : "백우산",
        "PMNTN_NM" : "임곡동구간",
        "PMNTN_MAIN" : " ",
        "PMNTN_LT" : 1.31,
        "PMNTN_DFFL" : "쉬움",
        "PMNTN_UPPL" : 23,
        "PMNTN_GODN" : 16,
        "PMNTN_MTRQ" : " ",
        "PMNTN_CNRL" : " ",
        "PMNTN_CLS_" : " ",
        "PMNTN_RISK" : " ",
        "PMNTN_RECO" : " ",
        "DATA_STDR_" : "2016-12-31",
        "MNTN_ID" : "468803101"
      },
      "geometry" : {
        "paths" : [
          [
            [
              176691.63390000258,
              291642.23110000044
            ],
            [
              176722.6733000027,
              291680.50109999999
            ],
            [
              176729.39750000089,
              291720.22770000063
            ],
            [
              176740.11470000166,
              291725.190200001
            ],
            [
              176753.9327000035,
              291733.04940000363
            ],
            [
              176753.34289999958,
              291754.60029999912
            ],
            [
              176747.77280000038,
              291781.58819999918
            ],
            [
              176695.75260000117,
              291899.32339999825
            ],
            [
              176688.27350000013,
              291928.12930000015
            ],
            [
              176651.02670000121,
              291970.46109999903
            ],
            [
              176648.68420000095,
              291998.70629999973
            ],
            [
              176644.14429999888,
              292033.54930000007
            ],
            [
              176686.34400000144,
              292106.98070000112
            ],
            [
              176718.70260000229,
              292161.48130000383
            ],
            [
              176751.2594000008,
              292170.77700000256
            ],
            [
              176751.2594000008,
              292170.77700000256
            ],
            [
              176770.03479999863,
              292235.08500000089
            ],
            [
              176794.97790000029,
              292260.42190000415
            ],
            [
              176796.99080000073,
              292284.31939999945
            ],
            [
              176812.45940000191,
              292306.47220000252
            ],
            [
              176834.05060000252,
              292322.47900000215
            ],
            [
              176840.05709999986,
              292341.63970000111
            ],
            [
              176863.3590000011,
              292365.9820000045
            ],
            [
              176883.2695000004,
              292402.38299999945
            ],
            [
              176940.51070000231,
              292402.39039999992
            ],
            [
              176981.34160000086,
              292399.75070000067
            ],
            [
              177048.16660000104,
              292406.48719999939
            ],
            [
              177124.40410000086,
              292404.22420000099
            ],
            [
              177162.16840000171,
              292382.96600000374
            ],
            [
              177192.03740000166,
              292389.18800000288
            ],
            [
              177250.37130000256,
              292379.26380000263
            ],
            [
              177286.83830000088,
              292379.505400002
            ]
          ]
        ]
      }
    },
    {
      "attributes" : {
        "FID" : 3,
        "PMNTN_SN" : 21705,
        "MNTN_CODE" : "468803101",
        "MNTN_NM" : "백우산",
        "PMNTN_NM" : "광산동구간",
        "PMNTN_MAIN" : " ",
        "PMNTN_LT" : 0.78,
        "PMNTN_DFFL" : "쉬움",
        "PMNTN_UPPL" : 14,
        "PMNTN_GODN" : 10,
        "PMNTN_MTRQ" : " ",
        "PMNTN_CNRL" : " ",
        "PMNTN_CLS_" : " ",
        "PMNTN_RISK" : " ",
        "PMNTN_RECO" : " ",
        "DATA_STDR_" : "2016-12-31",
        "MNTN_ID" : "468803101"
      },
      "geometry" : {
        "paths" : [
          [
            [
              176450.70930000022,
              293844.2722000014
            ],
            [
              176450.77190000378,
              293851.45880000107
            ],
            [
              176465.66220000107,
              293861.07520000078
            ],
            [
              176473.2611999996,
              293866.76539999992
            ],
            [
              176476.83500000276,
              293876.46960000135
            ],
            [
              176470.45079999976,
              293888.55740000121
            ],
            [
              176468.40830000117,
              293903.74880000018
            ],
            [
              176469.22990000062,
              293930.44120000117
            ],
            [
              176475.61710000318,
              293955.62230000086
            ],
            [
              176469.69890000019,
              293980.66809999943
            ],
            [
              176469.38709999993,
              293993.13720000163
            ],
            [
              176492.21960000135,
              293990.03849999979
            ],
            [
              176526.03420000058,
              293983.6564000044
            ],
            [
              176566.66550000384,
              293971.64200000279
            ],
            [
              176601.08229999989,
              293969.06110000052
            ],
            [
              176628.52220000047,
              293959.79940000176
            ],
            [
              176664.53720000014,
              293965.95430000313
            ],
            [
              176679.09509999957,
              293968.94250000454
            ],
            [
              176701.43310000189,
              293968.60490000248
            ],
            [
              176721.1819000002,
              293967.16940000281
            ],
            [
              176742.8022000026,
              293977.88450000063
            ],
            [
              176785.18829999864,
              293996.9868999999
            ],
            [
              176821.80370000005,
              294022.85850000009
            ],
            [
              176842.63570000045,
              294035.55410000682
            ],
            [
              176872.04270000197,
              294040.8879000023
            ],
            [
              176872.04270000197,
              294040.8879000023
            ],
            [
              176884.13989999983,
              294043.81270000152
            ],
            [
              176892.67760000378,
              294058.22620000131
            ],
            [
              176902.11270000227,
              294074.60010000318
            ],
            [
              176926.64149999991,
              294087.18820000254
            ],
            [
              176956.92960000038,
              294092.35630000196
            ],
            [
              176985.61050000135,
              294096.61209999956
            ],
            [
              177009.90060000401,
              294104.57890000008
            ],
            [
              177021.04110000283,
              294126.26290000044
            ]
          ]
        ]
      }
    },
    {
      "attributes" : {
        "FID" : 4,
        "PMNTN_SN" : 21706,
        "MNTN_CODE" : "468803101",
        "MNTN_NM" : "백우산",
        "PMNTN_NM" : "광산동구간",
        "PMNTN_MAIN" : " ",
        "PMNTN_LT" : 0.71,
        "PMNTN_DFFL" : "쉬움",
        "PMNTN_UPPL" : 13,
        "PMNTN_GODN" : 9,
        "PMNTN_MTRQ" : " ",
        "PMNTN_CNRL" : " ",
        "PMNTN_CLS_" : " ",
        "PMNTN_RISK" : " ",
        "PMNTN_RECO" : " ",
        "DATA_STDR_" : "2016-12-31",
        "MNTN_ID" : "468803101"
      },
      "geometry" : {
        "paths" : [
          [
            [
              177021.04110000283,
              294126.26290000044
            ],
            [
              177001.7352,
              294133.60390000232
            ],
            [
              176977.87270000111,
              294139.87340000086
            ],
            [
              176957.34550000075,
              294143.29910000414
            ],
            [
              176927.09310000017,
              294141.34170000255
            ],
            [
              176897.90570000093,
              294130.80150000006
            ],
            [
              176876.68690000102,
              294122.24910000153
            ],
            [
              176854.64770000149,
              294119.02450000122
            ],
            [
              176837.70920000039,
              294120.60170000605
            ],
            [
              176818.97420000285,
              294132.12820000201
            ],
            [
              176806.06550000142,
              294145.30810000189
            ],
            [
              176784.79909999948,
              294161.22300000116
            ],
            [
              176776.83140000049,
              294165.88419999927
            ],
            [
              176770.25980000012,
              294162.76410000026
            ],
            [
              176755.10960000008,
              294157.1699000001
            ],
            [
              176743.58630000148,
              294146.57660000026
            ],
            [
              176731.68520000018,
              294146.18200000003
            ],
            [
              176717.10850000288,
              294138.5326000005
            ],
            [
              176705.80890000053,
              294137.31929999962
            ],
            [
              176696.8068000013,
              294143.9693
            ],
            [
              176644.48269999959,
              294148.01960000023
            ],
            [
              176626.18430000078,
              294157.22179999948
            ],
            [
              176599.8321000021,
              294162.21500000171
            ],
            [
              176582.14120000135,
              294166.33050000109
            ],
            [
              176572.32290000003,
              294174.42030000314
            ],
            [
              176554.96140000131,
              294188.92139999941
            ],
            [
              176544.62710000295,
              294197.88920000568
            ],
            [
              176529.05779999867,
              294204.56079999916
            ],
            [
              176515.33900000062,
              294206.28040000238
            ],
            [
              176504.52639999986,
              294212.50229999982
            ],
            [
              176497.82070000097,
              294221.57120000012
            ],
            [
              176488.12850000337,
              294225.97179999948
            ],
            [
              176472.81650000066,
              294236.89010000229
            ],
            [
              176456.13949999958,
              294251.005400002
            ],
            [
              176439.90750000067,
              294266.3956000004
            ],
            [
              176426.3041000003,
              294277.04350000247
            ],
            [
              176416.2386000026,
              294289.6502000019
            ],
            [
              176406.19290000293,
              294297.14690000005
            ],
            [
              176394.48970000073,
              294296.26879999973
            ]
          ]
        ]
      }
    },
    {
      "attributes" : {
        "FID" : 5,
        "PMNTN_SN" : 21707,
        "MNTN_CODE" : "468803101",
        "MNTN_NM" : "백우산",
        "PMNTN_NM" : "광산동구간",
        "PMNTN_MAIN" : " ",
        "PMNTN_LT" : 3.79,
        "PMNTN_DFFL" : "쉬움",
        "PMNTN_UPPL" : 67,
        "PMNTN_GODN" : 47,
        "PMNTN_MTRQ" : " ",
        "PMNTN_CNRL" : " ",
        "PMNTN_CLS_" : " ",
        "PMNTN_RISK" : " ",
        "PMNTN_RECO" : " ",
        "DATA_STDR_" : "2016-12-31",
        "MNTN_ID" : "468803101"
      },
      "geometry" : {
        "paths" : [
          [
            [
              177021.04110000283,
              294126.26290000044
            ],
            [
              177035.26000000071,
              294121.9354000017
            ],
            [
              177050.72449999955,
              294113.49180000275
            ],
            [
              177075.17550000269,
              294098.47950000316
            ],
            [
              177093.29729999974,
              294081.87580000237
            ],
            [
              177112.63860000018,
              294072.41420000046
            ],
            [
              177139.89699999988,
              294059.12179999985
            ],
            [
              177160.31990000047,
              294050.45080000162
            ],
            [
              177174.85670000408,
              294038.85380000249
            ],
            [
              177167.195600003,
              294028.79770000093
            ],
            [
              177135.02250000089,
              294023.65170000307
            ],
            [
              177092.79250000231,
              294025.59150000103
            ],
            [
              177072.0027999999,
              294021.03040000051
            ],
            [
              177042.2583000036,
              294019.79549999908
            ],
            [
              177013.88509999868,
              294038.62590000406
            ],
            [
              176999.34700000286,
              294046.64480000362
            ],
            [
              176971.17119999975,
              294042.59699999914
            ],
            [
              176969.52640000079,
              294034.37249999866
            ],
            [
              176984.75109999999,
              294033.79350000061
            ],
            [
              176997.45170000196,
              294028.3246000018
            ],
            [
              177007.69710000232,
              294016.00109999999
            ],
            [
              177024.12750000414,
              294006.05280000158
            ],
            [
              177047.31590000261,
              293989.98790000379
            ],
            [
              177059.34040000197,
              293978.57840000093
            ],
            [
              177068.75790000241,
              293974.34860000201
            ],
            [
              177080.71520000044,
              293981.70849999972
            ],
            [
              177095.38329999894,
              293987.98600000329
            ],
            [
              177109.82949999999,
              293983.22360000014
            ],
            [
              177119.82040000055,
              293975.71950000152
            ],
            [
              177138.69209999964,
              293961.54509999976
            ],
            [
              177161.68260000087,
              293942.94920000434
            ],
            [
              177170.30570000224,
              293933.7818
            ],
            [
              177183.90100000333,
              293931.44710000418
            ],
            [
              177203.32880000025,
              293938.6857000012
            ],
            [
              177213.55800000206,
              293942.18539999984
            ],
            [
              177225.37030000146,
              293937.47890000418
            ],
            [
              177234.2023000028,
              293926.46220000274
            ],
            [
              177245.42270000093,
              293919.60000000149
            ],
            [
              177262.71910000127,
              293910.00700000115
            ],
            [
              177281.60300000291,
              293895.18010000326
            ],
            [
              177295.01490000077,
              293886.05440000072
            ],
            [
              177313.17460000142,
              293871.46299999952
            ],
            [
              177330.64240000118,
              293845.91320000403
            ],
            [
              177332.27670000121,
              293839.09679999948
            ],
            [
              177329.08000000101,
              293834.77550000325
            ],
            [
              177323.04939999897,
              293837.29610000551
            ],
            [
              177311.03490000032,
              293853.38020000234
            ],
            [
              177303.5335000027,
              293861.11419999972
            ],
            [
              177293.47440000158,
              293864.24059999734
            ],
            [
              177287.72040000185,
              293863.01260000281
            ],
            [
              177284.31890000403,
              293856.80220000073
            ],
            [
              177289.03380000219,
              293849.47990000062
            ],
            [
              177297.30840000324,
              293842.22810000181
            ],
            [
              177304.23240000103,
              293830.09400000051
            ],
            [
              177310.04829999898,
              293815.65530000068
            ],
            [
              177315.26350000221,
              293800.07730000094
            ],
            [
              177319.63130000047,
              293787.75510000065
            ],
            [
              177324.79420000128,
              293779.11630000174
            ],
            [
              177332.65380000137,
              293774.31159999967
            ],
            [
              177345.86520000175,
              293772.19419999979
            ],
            [
              177363.89390000142,
              293767.53699999861
            ],
            [
              177372.78500000015,
              293760.84690000303
            ],
            [
              177381.52860000171,
              293750.76469999924
            ],
            [
              177392.30470000021,
              293739.78610000201
            ],
            [
              177398.94099999964,
              293732.26530000009
            ],
            [
              177408.06370000262,
              293726.20099999942
            ],
            [
              177417.52909999993,
              293725.67960000224
            ],
            [
              177428.37839999888,
              293737.12529999949
            ],
            [
              177435.38820000179,
              293761.47870000266
            ],
            [
              177436.75989999995,
              293780.57640000433
            ],
            [
              177438.98419999983,
              293798.96260000393
            ],
            [
              177449.18030000199,
              293806.58360000513
            ],
            [
              177468.08260000218,
              293810.73750000075
            ],
            [
              177481.11840000283,
              293814.66550000012
            ],
            [
              177493.09910000209,
              293825.20640000328
            ],
            [
              177498.16940000094,
              293838.08889999799
            ],
            [
              177503.26350000221,
              293852.722000001
            ],
            [
              177507.51050000079,
              293864.28870000318
            ],
            [
              177523.77929999959,
              293871.60490000062
            ],
            [
              177529.03010000195,
              293885.22000000253
            ],
            [
              177529.76510000322,
              293905.29130000062
            ],
            [
              177531.04400000349,
              293921.15800000168
            ],
            [
              177526.06649999972,
              293937.95480000041
            ],
            [
              177516.64110000245,
              293944.85700000077
            ],
            [
              177514.31470000185,
              293957.13840000145
            ],
            [
              177519.48180000111,
              293968.3665000014
            ],
            [
              177516.73280000035,
              293982.1248000022
            ],
            [
              177504.50060000177,
              293988.6612999998
            ],
            [
              177482.42010000069,
              293998.78859999962
            ],
            [
              177468.20799999963,
              294006.70280000009
            ],
            [
              177452.47870000079,
              294008.20280000381
            ],
            [
              177435.19940000121,
              294003.09200000763
            ],
            [
              177418.09380000085,
              293996.44580000266
            ],
            [
              177398.56500000134,
              293999.14330000058
            ],
            [
              177381.39330000244,
              294010.97040000185
            ],
            [
              177369.70930000115,
              294021.37650000304
            ],
            [
              177368.96980000008,
              294038.28920000046
            ],
            [
              177379.345900001,
              294050.76869999804
            ],
            [
              177387.11590000056,
              294059.41280000098
            ],
            [
              177383.08409999963,
              294070.03270000219
            ],
            [
              177385.38779999968,
              294082.6473999992
            ],
            [
              177400.81360000093,
              294090.05340000242
            ],
            [
              177418.57110000122,
              294084.90020000003
            ],
            [
              177437.23330000043,
              294082.77459999919
            ],
            [
              177453.59970000014,
              294089.73170000128
            ],
            [
              177465.72150000371,
              294100.90509999916
            ],
            [
              177483.32900000364,
              294110.76300000027
            ],
            [
              177499.1641000025,
              294117.96800000593
            ],
            [
              177508.90859999973,
              294125.29700000212
            ],
            [
              177510.46090000309,
              294132.53510000184
            ],
            [
              177507.68829999957,
              294144.9553999994
            ],
            [
              177499.53880000021,
              294150.19189999998
            ],
            [
              177492.70800000336,
              294160.81299999915
            ],
            [
              177487.72150000092,
              294168.56629999913
            ],
            [
              177479.23580000363,
              294171.23389999941
            ],
            [
              177468.57230000012,
              294169.55740000121
            ],
            [
              177457.4467999991,
              294166.63760000095
            ],
            [
              177447.00809999928,
              294169.4990000017
            ],
            [
              177442.25950000342,
              294177.81100000255
            ],
            [
              177440.44420000166,
              294184.29470000044
            ],
            [
              177435.13670000341,
              294198.68770000339
            ],
            [
              177427.90450000204,
              294211.08440000564
            ],
            [
              177416.62300000247,
              294210.30490000173
            ],
            [
              177409.42640000023,
              294200.92479999736
            ],
            [
              177399.66070000082,
              294189.14990000054
            ],
            [
              177388.67779999971,
              294181.45090000145
            ],
            [
              177376.57220000215,
              294175.58740000054
            ],
            [
              177364.58260000125,
              294174.59080000222
            ],
            [
              177350.16940000001,
              294176.94610000029
            ],
            [
              177337.57650000136,
              294178.91760000028
            ],
            [
              177328.0492000021,
              294185.99270000309
            ],
            [
              177317.26420000289,
              294189.96700000018
            ],
            [
              177300.91260000132,
              294185.51590000279
            ],
            [
              177287.36110000126,
              294176.41450000182
            ],
            [
              177279.65919999871,
              294168.97070000321
            ],
            [
              177272.45740000159,
              294150.7482000012
            ],
            [
              177263.76870000083,
              294135.35470000096
            ],
            [
              177251.72880000062,
              294128.57130000181
            ],
            [
              177240.73770000041,
              294128.94649999961
            ],
            [
              177230.93400000408,
              294136.58750000224
            ],
            [
              177225.48380000237,
              294148.23049999774
            ],
            [
              177219.43230000138,
              294163.72069999948
            ],
            [
              177212.71700000018,
              294177.20160000212
            ],
            [
              177202.17650000192,
              294183.24239999987
            ],
            [
              177188.30200000294,
              294183.57950000279
            ],
            [
              177171.54650000017,
              294180.75150000118
            ],
            [
              177156.83650000021,
              294178.98570000008
            ],
            [
              177146.82249999978,
              294187.28199999966
            ],
            [
              177134.07130000181,
              294197.99350000545
            ],
            [
              177119.73750000075,
              294200.72510000132
            ],
            [
              177108.13870000094,
              294206.82410000451
            ],
            [
              177101.68600000255,
              294219.89220000058
            ],
            [
              177088.32820000127,
              294226.84479999915
            ],
            [
              177076.00350000057,
              294237.12120000273
            ],
            [
              177058.62840000074,
              294241.02380000055
            ],
            [
              177042.8498999998,
              294241.66709999926
            ],
            [
              177034.72790000308,
              294238.25819999911
            ],
            [
              177021.77050000057,
              294228.87240000069
            ],
            [
              177007.55750000011,
              294225.11180000007
            ],
            [
              176993.33880000282,
              294224.91699999943
            ],
            [
              176980.46030000132,
              294232.53610000201
            ],
            [
              176971.81630000193,
              294248.17040000111
            ],
            [
              176968.45400000364,
              294266.82180000097
            ],
            [
              176971.11800000072,
              294287.30719999783
            ],
            [
              176972.28480000328,
              294316.46639999934
            ],
            [
              176967.47790000308,
              294336.16910000145
            ],
            [
              176961.78860000055,
              294351.22410000116
            ],
            [
              176948.46980000008,
              294365.26400000229
            ],
            [
              176928.96730000246,
              294372.05689999834
            ],
            [
              176907.92389999982,
              294378.48530000262
            ],
            [
              176890.90000000317,
              294390.19250000082
            ],
            [
              176883.57410000078,
              294400.11450000107
            ],
            [
              176880.83170000091,
              294412.73240000196
            ],
            [
              176881.18269999884,
              294472.07410000078
            ],
            [
              176882.47700000089,
              294481.58449999988
            ],
            [
              176896.03170000017,
              294493.20720000006
            ],
            [
              176905.74860000145,
              294509.5196000021
            ],
            [
              176892.88740000036,
              294523.0625
            ],
            [
              176884.86040000059,
              294535.27590000071
            ],
            [
              176885.27320000064,
              294555.81550000049
            ],
            [
              176891.44170000032,
              294562.53850000352
            ],
            [
              176901.41130000353,
              294556.5549999997
            ],
            [
              176911.61490000412,
              294553.8972000014
            ],
            [
              176922.81080000103,
              294558.8329000026
            ],
            [
              176935.69880000036,
              294565.25980000198
            ],
            [
              176949.06089999992,
              294578.12800000235
            ],
            [
              176967.26350000408,
              294592.68250000104
            ],
            [
              177010.5876000002,
              294621.0736999996
            ],
            [
              177024.35830000043,
              294630.6185999997
            ],
            [
              177023.21540000103,
              294644.10100000165
            ],
            [
              177018.99700000323,
              294657.82899999805
            ],
            [
              177015.4969000034,
              294672.97149999999
            ],
            [
              177012.37160000205,
              294692.07379999943
            ],
            [
              177014.7237999998,
              294706.17690000124
            ],
            [
              177026.47690000385,
              294718.72790000215
            ],
            [
              177042.20430000126,
              294730.76450000331
            ],
            [
              177069.66630000342,
              294734.25150000118
            ],
            [
              177101.97380000167,
              294727.23360000178
            ],
            [
              177136.77910000086,
              294714.22240000032
            ],
            [
              177158.48640000075,
              294706.73090000264
            ],
            [
              177176.13780000247,
              294700.97290000133
            ],
            [
              177193.75510000251,
              294695.75510000251
            ],
            [
              177194.14720000047,
              294686.6173000019
            ],
            [
              177179.73369999975,
              294686.4570000004
            ],
            [
              177169.0922000017,
              294681.49260000139
            ],
            [
              177174.82710000221,
              294676.42350000143
            ],
            [
              177188.18869999982,
              294671.51419999823
            ],
            [
              177204.93400000408,
              294668.8022000026
            ],
            [
              177224.87430000398,
              294667.98420000076
            ],
            [
              177238.07199999969,
              294668.19549999945
            ],
            [
              177246.48460000381,
              294675.67430000007
            ],
            [
              177247.1344000008,
              294690.31470000185
            ],
            [
              177243.34530000202,
              294717.20759999752
            ],
            [
              177241.18450000044,
              294737.55079999939
            ],
            [
              177244.28550000302,
              294754.03180000186
            ],
            [
              177254.11070000101,
              294767.6016000025
            ],
            [
              177265.35690000001,
              294778.19190000184
            ],
            [
              177284.46430000104,
              294786.26400000229
            ],
            [
              177312.174300001,
              294789.83770000003
            ],
            [
              177332.43240000214,
              294781.59369999915
            ],
            [
              177342.06550000142,
              294785.15530000068
            ],
            [
              177345.46160000004,
              294795.16379999928
            ],
            [
              177346.83550000098,
              294815.56540000066
            ],
            [
              177348.36819999944,
              294830.50260000303
            ],
            [
              177354.90920000151,
              294837.19250000082
            ],
            [
              177371.13279999979,
              294837.01769999973
            ],
            [
              177389.67779999971,
              294831.01230000332
            ],
            [
              177439.77280000038,
              294835.78889999911
            ]
          ]
        ]
      }
    },
    {
      "attributes" : {
        "FID" : 6,
        "PMNTN_SN" : 21708,
        "MNTN_CODE" : "468803101",
        "MNTN_NM" : "백우산",
        "PMNTN_NM" : "광산동구간",
        "PMNTN_MAIN" : " ",
        "PMNTN_LT" : 0.35,
        "PMNTN_DFFL" : "쉬움",
        "PMNTN_UPPL" : 6,
        "PMNTN_GODN" : 4,
        "PMNTN_MTRQ" : " ",
        "PMNTN_CNRL" : " ",
        "PMNTN_CLS_" : " ",
        "PMNTN_RISK" : " ",
        "PMNTN_RECO" : " ",
        "DATA_STDR_" : "2016-12-31",
        "MNTN_ID" : "468803101"
      },
      "geometry" : {
        "paths" : [
          [
            [
              177444.07240000088,
              294946.55360000208
            ],
            [
              177435.299300001,
              294944.59610000253
            ],
            [
              177417.459900002,
              294941.60720000044
            ],
            [
              177399.63200000115,
              294932.24190000072
            ],
            [
              177385.74120000284,
              294929.13040000014
            ],
            [
              177373.07330000121,
              294928.71000000276
            ],
            [
              177364.79740000051,
              294920.75790000148
            ],
            [
              177352.125,
              294914.14940000139
            ],
            [
              177332.78430000041,
              294916.13910000026
            ],
            [
              177310.72800000105,
              294920.89079999924
            ],
            [
              177297.45050000027,
              294923.31179999933
            ],
            [
              177287.91010000184,
              294929.75999999978
            ],
            [
              177279.56600000151,
              294943.18219999969
            ],
            [
              177273.65630000085,
              294951.55450000241
            ],
            [
              177271.77049999963,
              294960.39530000277
            ],
            [
              177277.21989999991,
              294976.58889999986
            ],
            [
              177270.65419999883,
              294983.15259999968
            ],
            [
              177254.87780000176,
              294982.92039999925
            ],
            [
              177245.29430000111,
              294982.11750000156
            ],
            [
              177239.77070000395,
              294989.98850000091
            ],
            [
              177221.5485000005,
              295000.32060000114
            ],
            [
              177200.87959999964,
              295008.88639999926
            ],
            [
              177181.67929999996,
              295013.48180000111
            ],
            [
              177160.033400001,
              295023.73660000041
            ]
          ]
        ]
      }
    },
    {
      "attributes" : {
        "FID" : 7,
        "PMNTN_SN" : 21709,
        "MNTN_CODE" : "468803101",
        "MNTN_NM" : "백우산",
        "PMNTN_NM" : "광산동구간",
        "PMNTN_MAIN" : " ",
        "PMNTN_LT" : 0.37,
        "PMNTN_DFFL" : "쉬움",
        "PMNTN_UPPL" : 7,
        "PMNTN_GODN" : 5,
        "PMNTN_MTRQ" : " ",
        "PMNTN_CNRL" : " ",
        "PMNTN_CLS_" : " ",
        "PMNTN_RISK" : " ",
        "PMNTN_RECO" : " ",
        "DATA_STDR_" : "2016-12-31",
        "MNTN_ID" : "468803101"
      },
      "geometry" : {
        "paths" : [
          [
            [
              178088.56820000336,
              295032.2405999992
            ],
            [
              178103.4039000012,
              295028.38100000098
            ],
            [
              178112.47819999978,
              295021.33660000376
            ],
            [
              178120.67590000201,
              295004.41560000181
            ],
            [
              178124.81790000014,
              294993.87570000067
            ],
            [
              178118.65500000212,
              294982.69980000518
            ],
            [
              178113.39100000076,
              294973.41400000267
            ],
            [
              178108.70680000167,
              294960.94590000063
            ],
            [
              178107.86130000092,
              294948.86800000258
            ],
            [
              178112.65760000236,
              294940.69769999944
            ],
            [
              178124.28650000133,
              294931.91579999961
            ],
            [
              178133.32670000009,
              294931.76240000315
            ],
            [
              178143.86850000359,
              294924.41170000099
            ],
            [
              178151.25179999974,
              294918.75890000165
            ],
            [
              178152.74030000158,
              294908.29820000008
            ],
            [
              178147.35170000419,
              294897.74149999954
            ],
            [
              178139.10780000407,
              294882.12420000136
            ],
            [
              178133.5894000018,
              294868.32230000012
            ],
            [
              178139.06790000107,
              294856.75659999996
            ],
            [
              178151.70179999992,
              294840.31149999984
            ],
            [
              178160.94940000027,
              294825.01530000195
            ],
            [
              178161.13970000017,
              294812.56250000186
            ],
            [
              178157.34290000144,
              294799.64910000376
            ],
            [
              178148.56940000132,
              294793.66310000047
            ],
            [
              178125.77310000081,
              294793.47320000269
            ],
            [
              178092.76970000006,
              294788.36570000276
            ],
            [
              178079.5066000009,
              294782.75530000217
            ]
          ]
        ]
      }
    },
    {
      "attributes" : {
        "FID" : 8,
        "PMNTN_SN" : 21710,
        "MNTN_CODE" : "468803101",
        "MNTN_NM" : "백우산",
        "PMNTN_NM" : "광산동구간",
        "PMNTN_MAIN" : " ",
        "PMNTN_LT" : 0.27,
        "PMNTN_DFFL" : "쉬움",
        "PMNTN_UPPL" : 5,
        "PMNTN_GODN" : 3,
        "PMNTN_MTRQ" : " ",
        "PMNTN_CNRL" : " ",
        "PMNTN_CLS_" : " ",
        "PMNTN_RISK" : " ",
        "PMNTN_RECO" : " ",
        "DATA_STDR_" : "2016-12-31",
        "MNTN_ID" : "468803101"
      },
      "geometry" : {
        "paths" : [
          [
            [
              177444.07240000088,
              294946.55360000208
            ],
            [
              177463.32689999975,
              294946.79470000416
            ],
            [
              177480.20889999997,
              294948.92320000194
            ],
            [
              177498.54030000046,
              294955.1454000026
            ],
            [
              177510.39759999979,
              294957.4263000004
            ],
            [
              177544.44340000022,
              294942.73570000194
            ],
            [
              177545.64010000136,
              294936.0949000027
            ],
            [
              177538.6782999998,
              294925.76860000007
            ],
            [
              177529.29420000128,
              294912.05079999939
            ],
            [
              177516.75320000015,
              294895.74609999917
            ],
            [
              177511.93680000026,
              294882.94519999996
            ],
            [
              177497.40510000009,
              294867.48159999959
            ],
            [
              177488.03430000041,
              294855.01380000263
            ],
            [
              177478.87430000026,
              294839.54770000093
            ],
            [
              177469.56510000024,
              294835.84130000137
            ],
            [
              177462.96930000093,
              294836.84260000102
            ],
            [
              177452.12460000161,
              294840.0362999998
            ],
            [
              177444.90419999883,
              294839.18580000289
            ],
            [
              177439.77280000038,
              294835.78889999911
            ]
          ]
        ]
      }
    },
    {
      "attributes" : {
        "FID" : 9,
        "PMNTN_SN" : 21711,
        "MNTN_CODE" : "468803101",
        "MNTN_NM" : "백우산",
        "PMNTN_NM" : "마령리구간",
        "PMNTN_MAIN" : " ",
        "PMNTN_LT" : 1.13,
        "PMNTN_DFFL" : "쉬움",
        "PMNTN_UPPL" : 20,
        "PMNTN_GODN" : 14,
        "PMNTN_MTRQ" : " ",
        "PMNTN_CNRL" : " ",
        "PMNTN_CLS_" : " ",
        "PMNTN_RISK" : " ",
        "PMNTN_RECO" : " ",
        "DATA_STDR_" : "2016-12-31",
        "MNTN_ID" : "468803101"
      },
      "geometry" : {
        "paths" : [
          [
            [
              177286.83830000088,
              292379.505400002
            ],
            [
              177315.14780000411,
              292383.54369999841
            ],
            [
              177353.99110000022,
              292388.7116000019
            ],
            [
              177383.50400000159,
              292398.2557999976
            ],
            [
              177408.80869999994,
              292419.98230000027
            ],
            [
              177415.84730000328,
              292440.659500001
            ],
            [
              177448.11660000309,
              292478.21609999985
            ],
            [
              177499.53020000178,
              292515.60890000127
            ],
            [
              177539.41930000111,
              292529.02000000328
            ],
            [
              177583.85210000258,
              292591.57770000398
            ],
            [
              177594.07600000128,
              292607.62670000084
            ],
            [
              177607.8300999999,
              292623.21800000034
            ],
            [
              177624.30350000039,
              292635.72540000267
            ],
            [
              177630.01200000104,
              292656.24110000022
            ],
            [
              177641.63590000011,
              292675.66040000133
            ],
            [
              177637.10380000062,
              292692.61180000007
            ],
            [
              177648.62700000219,
              292716.62920000032
            ],
            [
              177646.00700000115,
              292742.27810000069
            ],
            [
              177661.49830000009,
              292773.3674999997
            ],
            [
              177675.07149999961,
              292815.90620000288
            ],
            [
              177670.28620000184,
              292837.43270000257
            ],
            [
              177658.06730000116,
              292864.52710000426
            ],
            [
              177661.95640000235,
              292890.8814000003
            ],
            [
              177673.54800000042,
              292906.20370000042
            ],
            [
              177698.48640000075,
              292923.75860000215
            ],
            [
              177717.11930000037,
              292944.8609000016
            ],
            [
              177717.43090000097,
              292945.44250000082
            ],
            [
              177718.57859999966,
              292971.99850000441
            ],
            [
              177722.86400000378,
              292994.59809999913
            ],
            [
              177733.5672000004,
              293015.80829999968
            ],
            [
              177738.40160000417,
              293041.65070000105
            ],
            [
              177737.27670000028,
              293072.67190000042
            ],
            [
              177732.35210000072,
              293112.42300000042
            ],
            [
              177723.91960000247,
              293130.62609999999
            ],
            [
              177713.2760000024,
              293154.04560000077
            ],
            [
              177702.34460000042,
              293176.54190000333
            ],
            [
              177685.06290000025,
              293190.73610000312
            ],
            [
              177682.37120000087,
              293200.85520000197
            ],
            [
              177662.54680000152,
              293220.92920000292
            ],
            [
              177645.98309999891,
              293245.98880000412
            ]
          ]
        ]
      }
    },
    {
      "attributes" : {
        "FID" : 10,
        "PMNTN_SN" : 21712,
        "MNTN_CODE" : "468803101",
        "MNTN_NM" : "백우산",
        "PMNTN_NM" : "마령리구간",
        "PMNTN_MAIN" : " ",
        "PMNTN_LT" : 1.7,
        "PMNTN_DFFL" : "쉬움",
        "PMNTN_UPPL" : 30,
        "PMNTN_GODN" : 21,
        "PMNTN_MTRQ" : " ",
        "PMNTN_CNRL" : " ",
        "PMNTN_CLS_" : " ",
        "PMNTN_RISK" : " ",
        "PMNTN_RECO" : " ",
        "DATA_STDR_" : "2016-12-31",
        "MNTN_ID" : "468803101"
      },
      "geometry" : {
        "paths" : [
          [
            [
              177645.98309999891,
              293245.98880000412
            ],
            [
              177633.78730000276,
              293288.18820000254
            ],
            [
              177620.77220000047,
              293331.27620000206
            ],
            [
              177604.30530000106,
              293348.98299999908
            ],
            [
              177591.20750000142,
              293390.61370000057
            ],
            [
              177598.18779999949,
              293406.70399999991
            ],
            [
              177619.46220000088,
              293438.0223999992
            ],
            [
              177617.61870000232,
              293458.27340000123
            ],
            [
              177623.17190000229,
              293476.36070000008
            ],
            [
              177631.64840000309,
              293491.09180000238
            ],
            [
              177639.44760000054,
              293514.2488000039
            ],
            [
              177641.49660000019,
              293533.13010000065
            ],
            [
              177643.58960000053,
              293547.43300000019
            ],
            [
              177645.09179999959,
              293576.63360000215
            ],
            [
              177653.92340000067,
              293624.57840000279
            ],
            [
              177652.68210000079,
              293661.9112999998
            ],
            [
              177664.82370000146,
              293696.13399999961
            ],
            [
              177683.15010000113,
              293720.96369999833
            ],
            [
              177720.46320000384,
              293738.19280000031
            ],
            [
              177751.49470000062,
              293746.37380000204
            ],
            [
              177787.38229999971,
              293755.46030000038
            ],
            [
              177802.16210000124,
              293784.16090000048
            ],
            [
              177836.6353000002,
              293801.72929999977
            ],
            [
              177894.94330000132,
              293842.13920000382
            ],
            [
              177924.13310000021,
              293856.66750000231
            ],
            [
              178097.68350000214,
              293971.45849999972
            ],
            [
              178104.37609999999,
              293991.45780000277
            ],
            [
              178131.72080000024,
              293994.52190000005
            ],
            [
              178143.05290000141,
              294013.31199999899
            ],
            [
              178151.73210000247,
              294034.63530000113
            ],
            [
              178147.23699999973,
              294069.99280000106
            ],
            [
              178154.36470000166,
              294091.99699999951
            ],
            [
              178173.99139999971,
              294099.75630000234
            ],
            [
              178199.48230000399,
              294102.05140000023
            ],
            [
              178212.93230000138,
              294104.95030000247
            ],
            [
              178220.65539999958,
              294113.3925999999
            ],
            [
              178220.02839999925,
              294123.96100000106
            ],
            [
              178215.12990000006,
              294134.62179999985
            ],
            [
              178205.90820000228,
              294140.73700000159
            ],
            [
              178215.04590000026,
              294157.85899999924
            ],
            [
              178220.48640000354,
              294164.16930000111
            ],
            [
              178216.57639999967,
              294180.60840000026
            ],
            [
              178220.6912000021,
              294188.54900000244
            ],
            [
              178233.37290000264,
              294188.5166000016
            ],
            [
              178271.43090000097,
              294210.13370000198
            ],
            [
              178295.5195000004,
              294212.87839999981
            ],
            [
              178318.37060000282,
              294211.97720000148
            ],
            [
              178331.03189999983,
              294221.39919999987
            ],
            [
              178344.20110000018,
              294212.1715000011
            ],
            [
              178377.01950000133,
              294217.24740000255
            ],
            [
              178389.63400000241,
              294217.76220000349
            ],
            [
              178401.35460000392,
              294223.74520000257
            ],
            [
              178412.9000000041,
              294226.2547999993
            ],
            [
              178427.67899999954,
              294221.87180000171
            ],
            [
              178454.75580000132,
              294224.36150000244
            ],
            [
              178472.17910000123,
              294222.58830000088
            ],
            [
              178488.86450000107,
              294227.06780000031
            ],
            [
              178507.26180000138,
              294233.1381000001
            ],
            [
              178528.59010000061,
              294240.24709999934
            ],
            [
              178545.13499999978,
              294241.21470000409
            ],
            [
              178557.80769999884,
              294255.94969999976
            ],
            [
              178578.0239000041,
              294262.1473000031
            ]
          ]
        ]
      }
    },
    {
      "attributes" : {
        "FID" : 11,
        "PMNTN_SN" : 21713,
        "MNTN_CODE" : "468803101",
        "MNTN_NM" : "백우산",
        "PMNTN_NM" : "광산동구간",
        "PMNTN_MAIN" : " ",
        "PMNTN_LT" : 1.34,
        "PMNTN_DFFL" : "쉬움",
        "PMNTN_UPPL" : 24,
        "PMNTN_GODN" : 17,
        "PMNTN_MTRQ" : " ",
        "PMNTN_CNRL" : " ",
        "PMNTN_CLS_" : " ",
        "PMNTN_RISK" : " ",
        "PMNTN_RECO" : " ",
        "DATA_STDR_" : "2016-12-31",
        "MNTN_ID" : "468803101"
      },
      "geometry" : {
        "paths" : [
          [
            [
              177439.77280000038,
              294835.78889999911
            ],
            [
              177445.29440000001,
              294831.82210000046
            ],
            [
              177473.82250000071,
              294812.05330000073
            ],
            [
              177489.25870000385,
              294815.01870000176
            ],
            [
              177506.08389999997,
              294829.64010000043
            ],
            [
              177518.55200000014,
              294843.45749999955
            ],
            [
              177532.68250000011,
              294844.44310000166
            ],
            [
              177542.64400000125,
              294839.06450000219
            ],
            [
              177547.9980000006,
              294814.74890000373
            ],
            [
              177561.06490000151,
              294769.52639999799
            ],
            [
              177574.26410000119,
              294724.47360000014
            ],
            [
              177580.01690000203,
              294713.10170000046
            ],
            [
              177593.77260000259,
              294705.82810000144
            ],
            [
              177604.57260000054,
              294701.36649999954
            ],
            [
              177617.51840000134,
              294704.99550000019
            ],
            [
              177627.15790000092,
              294720.12330000103
            ],
            [
              177642.03230000194,
              294764.53520000726
            ],
            [
              177651.16090000048,
              294794.12399999984
            ],
            [
              177655.64410000108,
              294812.56570000015
            ],
            [
              177662.88960000034,
              294819.84520000406
            ],
            [
              177675.27300000284,
              294820.04260000028
            ],
            [
              177682.34290000051,
              294815.9963000007
            ],
            [
              177691.25179999974,
              294802.99670000374
            ],
            [
              177701.56790000107,
              294794.20280000009
            ],
            [
              177718.59070000052,
              294786.36050000414
            ],
            [
              177743.34310000017,
              294774.37250000052
            ],
            [
              177766.0773,
              294766.26930000074
            ],
            [
              177787.44180000108,
              294756.73929999769
            ],
            [
              177806.38599999994,
              294738.55890000239
            ],
            [
              177821.80530000199,
              294714.43930000253
            ],
            [
              177829.86720000207,
              294695.36030000448
            ],
            [
              177838.15230000112,
              294674.28470000252
            ],
            [
              177844.02340000309,
              294660.74340000376
            ],
            [
              177848.25090000313,
              294655.09450000152
            ],
            [
              177859.66630000249,
              294652.50190000236
            ],
            [
              177873.14620000124,
              294648.65530000441
            ],
            [
              177896.72130000219,
              294647.60410000384
            ],
            [
              177905.26169999968,
              294645.68790000118
            ],
            [
              177932.56400000118,
              294633.82009999827
            ],
            [
              177949.24320000224,
              294625.74100000225
            ],
            [
              177959.54770000093,
              294624.07030000165
            ],
            [
              177967.9476000024,
              294631.89840000123
            ],
            [
              177971.42290000059,
              294645.19940000027
            ],
            [
              177971.76180000417,
              294665.18330000155
            ],
            [
              177972.2703999998,
              294679.45790000074
            ],
            [
              177967.28870000225,
              294687.07880000025
            ],
            [
              177955.42259999923,
              294695.39829999954
            ],
            [
              177949.87650000118,
              294708.76010000147
            ],
            [
              177942.2583999997,
              294736.09950000606
            ],
            [
              177936.34630000126,
              294761.29240000248
            ],
            [
              177931.26670000143,
              294790.39489999786
            ],
            [
              177932.08520000055,
              294811.18330000155
            ],
            [
              177944.83790000062,
              294833.31610000134
            ],
            [
              177968.6202000035,
              294845.57259999961
            ],
            [
              178000.08660000097,
              294857.75380000472
            ],
            [
              178033.31199999899,
              294864.96550000086
            ],
            [
              178050.6640000036,
              294864.86539999768
            ],
            [
              178064.4655000018,
              294866.97690000013
            ],
            [
              178076.62430000026,
              294874.20180000365
            ],
            [
              178075.26650000177,
              294888.71409999952
            ],
            [
              178076.87349999882,
              294900.8543000035
            ],
            [
              178083.24790000264,
              294908.06090000272
            ],
            [
              178087.7824000027,
              294921.48070000112
            ],
            [
              178084.6400000006,
              294931.03930000216
            ],
            [
              178081.03309999965,
              294942.61629999988
            ],
            [
              178079.80220000073,
              294959.23299999908
            ],
            [
              178094.37160000298,
              294976.61260000058
            ],
            [
              178102.93400000315,
              294996.75150000304
            ],
            [
              178104.00750000216,
              295003.1978999991
            ],
            [
              178101.45410000067,
              295015.27099999972
            ],
            [
              178088.56820000336,
              295032.2405999992
            ]
          ]
        ]
      }
    },
    {
      "attributes" : {
        "FID" : 12,
        "PMNTN_SN" : 21714,
        "MNTN_CODE" : "468803101",
        "MNTN_NM" : "백우산",
        "PMNTN_NM" : "광산동구간",
        "PMNTN_MAIN" : " ",
        "PMNTN_LT" : 1.87,
        "PMNTN_DFFL" : "쉬움",
        "PMNTN_UPPL" : 33,
        "PMNTN_GODN" : 23,
        "PMNTN_MTRQ" : " ",
        "PMNTN_CNRL" : " ",
        "PMNTN_CLS_" : " ",
        "PMNTN_RISK" : " ",
        "PMNTN_RECO" : " ",
        "DATA_STDR_" : "2016-12-31",
        "MNTN_ID" : "468803101"
      },
      "geometry" : {
        "paths" : [
          [
            [
              178088.56820000336,
              295032.2405999992
            ],
            [
              178069.20859999955,
              295031.26539999992
            ],
            [
              178048.77890000306,
              295023.02659999952
            ],
            [
              178025.92850000039,
              295012.1883000005
            ],
            [
              178012.5018000016,
              295011.40200000443
            ],
            [
              177997.89109999873,
              295017.76079999842
            ],
            [
              177967.00129999965,
              295027.94820000045
            ],
            [
              177955.24050000124,
              295033.10869999975
            ],
            [
              177943.96059999987,
              295044.37980000116
            ],
            [
              177947.34920000378,
              295058.3626000043
            ],
            [
              177962.86620000098,
              295083.7509000022
            ],
            [
              177988.80660000071,
              295090.55850000121
            ],
            [
              178010.26999999955,
              295105.4317000024
            ],
            [
              178015.59379999992,
              295117.3387000002
            ],
            [
              178015.84970000107,
              295159.38670000061
            ],
            [
              178016.14700000174,
              295170.35319999978
            ],
            [
              178023.9916000003,
              295174.17019999959
            ],
            [
              178038.72510000039,
              295172.25210000202
            ],
            [
              178066.01030000206,
              295162.55939999782
            ],
            [
              178083.84790000226,
              295158.54240000248
            ],
            [
              178102.87430000305,
              295161.49720000103
            ],
            [
              178111.7452999996,
              295166.77000000142
            ],
            [
              178115.14530000184,
              295175.75159999728
            ],
            [
              178111.50970000401,
              295189.46780000441
            ],
            [
              178108.53760000132,
              295203.72809999995
            ],
            [
              178108.31969999988,
              295215.86649999954
            ],
            [
              178112.42840000242,
              295223.29710000195
            ],
            [
              178133.93479999993,
              295225.67020000331
            ],
            [
              178158.412200002,
              295231.99900000356
            ],
            [
              178193.22210000083,
              295250.19230000116
            ],
            [
              178211.68960000388,
              295257.51940000057
            ],
            [
              178223.23260000162,
              295268.53320000134
            ],
            [
              178232.0577999996,
              295279.57649999857
            ],
            [
              178232.83020000346,
              295286.79229999892
            ],
            [
              178222.01929999981,
              295298.26640000381
            ],
            [
              178179.68159999978,
              295330.97440000251
            ],
            [
              178153.32740000077,
              295354.83980000205
            ],
            [
              178152.25810000021,
              295369.24410000257
            ],
            [
              178158.07259999961,
              295381.0559000019
            ],
            [
              178159.1324000014,
              295390.73279999942
            ],
            [
              178148.98850000184,
              295402.82980000228
            ],
            [
              178142.24480000231,
              295411.1018000003
            ],
            [
              178140.00390000083,
              295419.63260000013
            ],
            [
              178146.26680000033,
              295427.12430000119
            ],
            [
              178150.16550000198,
              295436.31330000423
            ],
            [
              178149.64979999978,
              295453.4430000037
            ],
            [
              178145.86020000093,
              295475.1742000021
            ],
            [
              178140.7407000009,
              295493.67930000275
            ],
            [
              178131.99830000196,
              295507.77740000188
            ],
            [
              178126.64630000014,
              295511.96590000018
            ],
            [
              178119.24179999996,
              295511.8740000017
            ],
            [
              178102.98630000371,
              295496.05820000172
            ],
            [
              178067.89769999962,
              295464.42190000042
            ],
            [
              178048.63060000259,
              295443.42710000277
            ],
            [
              178031.48500000034,
              295426.73379999958
            ],
            [
              178022.64110000059,
              295418.12330000289
            ],
            [
              178008.17500000075,
              295414.52380000241
            ],
            [
              178000.50770000182,
              295411.05700000189
            ],
            [
              177992.95070000086,
              295395.89670000412
            ],
            [
              177984.44670000114,
              295378.50569999963
            ],
            [
              177976.04590000119,
              295371.06310000271
            ],
            [
              177956.00019999966,
              295365.59850000218
            ],
            [
              177937.25980000012,
              295361.48310000077
            ],
            [
              177923.53820000403,
              295356.67370000295
            ],
            [
              177913.5177000016,
              295343.29800000414
            ],
            [
              177901.50320000015,
              295317.76069999859
            ],
            [
              177892.03959999979,
              295297.18610000052
            ],
            [
              177880.98250000086,
              295277.62160000019
            ],
            [
              177872.45840000268,
              295271.90640000068
            ],
            [
              177859.06300000101,
              295267.73409999907
            ],
            [
              177844.80229999963,
              295264.45830000006
            ],
            [
              177837.68250000197,
              295251.52980000153
            ],
            [
              177829.66830000095,
              295230.38090000115
            ],
            [
              177824.85030000098,
              295212.61240000091
            ],
            [
              177821.58299999963,
              295197.41119999997
            ],
            [
              177800.52210000064,
              295180.36779999919
            ],
            [
              177769.34960000217,
              295158.43900000118
            ],
            [
              177743.01060000155,
              295131.1174999997
            ],
            [
              177733.63630000129,
              295120.503800001
            ],
            [
              177726.24460000172,
              295098.27569999918
            ],
            [
              177719.86319999956,
              295075.21730000153
            ],
            [
              177712.43290000316,
              295067.16709999926
            ],
            [
              177698.32990000118,
              295067.35749999993
            ],
            [
              177688.12269999925,
              295066.2013000045
            ],
            [
              177680.94080000091,
              295059.24430000037
            ],
            [
              177679.91160000023,
              295038.77610000037
            ],
            [
              177678.87460000068,
              295026.73870000057
            ],
            [
              177665.74600000121,
              295017.20409999974
            ],
            [
              177649.47869999986,
              295012.03220000118
            ],
            [
              177631.31230000127,
              295000.04160000384
            ],
            [
              177616.34830000065,
              294997.29450000264
            ],
            [
              177593.39370000176,
              295000.2891000025
            ],
            [
              177558.01370000094,
              295005.39550000243
            ],
            [
              177526.4627000019,
              294991.19569999911
            ],
            [
              177506.32380000129,
              294977.83700000308
            ],
            [
              177491.89480000269,
              294971.67860000022
            ],
            [
              177471.51030000113,
              294964.16070000269
            ],
            [
              177455.8506000014,
              294953.98400000297
            ],
            [
              177444.07240000088,
              294946.55360000208
            ]
          ]
        ]
      }
    }
  ]
}