{
  "displayFieldName" : "",
  "fieldAliases" : {
    "FID" : "FID",
    "PMNTN_SPOT" : "PMNTN_SPOT",
    "MNTN_CODE" : "MNTN_CODE",
    "MANAGE_SP1" : "MANAGE_SP1",
    "MANAGE_SP2" : "MANAGE_SP2",
    "DETAIL_SPO" : "DETAIL_SPO",
    "ETC_MATTER" : "ETC_MATTER",
    "MNTN_NM" : "MNTN_NM",
    "PAST_SPOT_" : "PAST_SPOT_",
    "MNTN_ID" : "MNTN_ID"
  },
  "geometryType" : "esriGeometryPoint",
  "spatialReference" : {
    "wkt" : "PROJCS[\"PCS_ITRF2000_TM\",GEOGCS[\"GCS_ITRF_2000\",DATUM[\"D_ITRF_2000\",SPHEROID[\"GRS_1980\",6378137.0,298.257222101]],PRIMEM[\"Greenwich\",0.0],UNIT[\"Degree\",0.0174532925199433]],PROJECTION[\"Transverse_Mercator\"],PARAMETER[\"False_Easting\",200000.0],PARAMETER[\"False_Northing\",600000.0],PARAMETER[\"Central_Meridian\",127.0],PARAMETER[\"Scale_Factor\",1.0],PARAMETER[\"Latitude_Of_Origin\",38.0],UNIT[\"Meter\",1.0]]"
  },
  "fields" : [
    {
      "name" : "FID",
      "type" : "esriFieldTypeOID",
      "alias" : "FID"
    },
    {
      "name" : "PMNTN_SPOT",
      "type" : "esriFieldTypeDouble",
      "alias" : "PMNTN_SPOT"
    },
    {
      "name" : "MNTN_CODE",
      "type" : "esriFieldTypeString",
      "alias" : "MNTN_CODE",
      "length" : 9
    },
    {
      "name" : "MANAGE_SP1",
      "type" : "esriFieldTypeString",
      "alias" : "MANAGE_SP1",
      "length" : 2
    },
    {
      "name" : "MANAGE_SP2",
      "type" : "esriFieldTypeString",
      "alias" : "MANAGE_SP2",
      "length" : 50
    },
    {
      "name" : "DETAIL_SPO",
      "type" : "esriFieldTypeString",
      "alias" : "DETAIL_SPO",
      "length" : 200
    },
    {
      "name" : "ETC_MATTER",
      "type" : "esriFieldTypeString",
      "alias" : "ETC_MATTER",
      "length" : 200
    },
    {
      "name" : "MNTN_NM",
      "type" : "esriFieldTypeString",
      "alias" : "MNTN_NM",
      "length" : 50
    },
    {
      "name" : "PAST_SPOT_",
      "type" : "esriFieldTypeString",
      "alias" : "PAST_SPOT_",
      "length" : 14
    },
    {
      "name" : "MNTN_ID",
      "type" : "esriFieldTypeString",
      "alias" : "MNTN_ID",
      "length" : 10
    }
  ],
  "features" : [
    {
      "attributes" : {
        "FID" : 0,
        "PMNTN_SPOT" : 51501,
        "MNTN_CODE" : "478201801",
        "MANAGE_SP1" : "01",
        "MANAGE_SP2" : "시종점",
        "DETAIL_SPO" : "시종점",
        "ETC_MATTER" : " ",
        "MNTN_NM" : "선의산",
        "PAST_SPOT_" : "4782018010001",
        "MNTN_ID" : "478201801"
      },
      "geometry" : {
        "x" : 360495.30590002146,
        "y" : 348678.70810000226
      }
    },
    {
      "attributes" : {
        "FID" : 1,
        "PMNTN_SPOT" : 51502,
        "MNTN_CODE" : "478201801",
        "MANAGE_SP1" : "02",
        "MANAGE_SP2" : "분기점",
        "DETAIL_SPO" : "분기점",
        "ETC_MATTER" : " ",
        "MNTN_NM" : "선의산",
        "PAST_SPOT_" : "4782018010002",
        "MNTN_ID" : "478201801"
      },
      "geometry" : {
        "x" : 360548.71530001704,
        "y" : 349323.24730000459
      }
    },
    {
      "attributes" : {
        "FID" : 2,
        "PMNTN_SPOT" : 51503,
        "MNTN_CODE" : "478201801",
        "MANAGE_SP1" : "01",
        "MANAGE_SP2" : "시종점",
        "DETAIL_SPO" : "시종점",
        "ETC_MATTER" : " ",
        "MNTN_NM" : "선의산",
        "PAST_SPOT_" : "4782018010003",
        "MNTN_ID" : "478201801"
      },
      "geometry" : {
        "x" : 362201.87290001847,
        "y" : 347062.26229999959
      }
    },
    {
      "attributes" : {
        "FID" : 3,
        "PMNTN_SPOT" : 51504,
        "MNTN_CODE" : "478201801",
        "MANAGE_SP1" : "01",
        "MANAGE_SP2" : "시종점",
        "DETAIL_SPO" : "시종점",
        "ETC_MATTER" : " ",
        "MNTN_NM" : "선의산",
        "PAST_SPOT_" : "4782018010004",
        "MNTN_ID" : "478201801"
      },
      "geometry" : {
        "x" : 362464.15520002041,
        "y" : 347000.14279999956
      }
    },
    {
      "attributes" : {
        "FID" : 4,
        "PMNTN_SPOT" : 51505,
        "MNTN_CODE" : "478201801",
        "MANAGE_SP1" : "22",
        "MANAGE_SP2" : "헬기장",
        "DETAIL_SPO" : "헬기장",
        "ETC_MATTER" : " ",
        "MNTN_NM" : "선의산",
        "PAST_SPOT_" : "27200417000005",
        "MNTN_ID" : "2720041700"
      },
      "geometry" : {
        "x" : 356622.59050001483,
        "y" : 348372.1481000036
      }
    },
    {
      "attributes" : {
        "FID" : 5,
        "PMNTN_SPOT" : 51506,
        "MNTN_CODE" : "478201801",
        "MANAGE_SP1" : "99",
        "MANAGE_SP2" : "기타",
        "DETAIL_SPO" : "삼각점",
        "ETC_MATTER" : "1982년",
        "MNTN_NM" : "선의산",
        "PAST_SPOT_" : "27200417000006",
        "MNTN_ID" : "2720041700"
      },
      "geometry" : {
        "x" : 356925.28600001708,
        "y" : 348188.44680000097
      }
    },
    {
      "attributes" : {
        "FID" : 6,
        "PMNTN_SPOT" : 51507,
        "MNTN_CODE" : "478201801",
        "MANAGE_SP1" : "10",
        "MANAGE_SP2" : "이정표",
        "DETAIL_SPO" : "이정표",
        "ETC_MATTER" : " ",
        "MNTN_NM" : "선의산",
        "PAST_SPOT_" : "27200417000007",
        "MNTN_ID" : "2720041700"
      },
      "geometry" : {
        "x" : 357897.144600017,
        "y" : 346554.00620000251
      }
    },
    {
      "attributes" : {
        "FID" : 7,
        "PMNTN_SPOT" : 51508,
        "MNTN_CODE" : "478201801",
        "MANAGE_SP1" : "99",
        "MANAGE_SP2" : "기타",
        "DETAIL_SPO" : "철탑",
        "ETC_MATTER" : "송전철탑",
        "MNTN_NM" : "선의산",
        "PAST_SPOT_" : "27200417000008",
        "MNTN_ID" : "2720041700"
      },
      "geometry" : {
        "x" : 361842.19060001988,
        "y" : 351083.06590000167
      }
    },
    {
      "attributes" : {
        "FID" : 8,
        "PMNTN_SPOT" : 51509,
        "MNTN_CODE" : "478201801",
        "MANAGE_SP1" : "99",
        "MANAGE_SP2" : "기타",
        "DETAIL_SPO" : "철탑",
        "ETC_MATTER" : "송전철탑",
        "MNTN_NM" : "선의산",
        "PAST_SPOT_" : "27200417000009",
        "MNTN_ID" : "2720041700"
      },
      "geometry" : {
        "x" : 361821.9887000164,
        "y" : 351233.11519999988
      }
    },
    {
      "attributes" : {
        "FID" : 9,
        "PMNTN_SPOT" : 51510,
        "MNTN_CODE" : "478201801",
        "MANAGE_SP1" : "99",
        "MANAGE_SP2" : "기타",
        "DETAIL_SPO" : "돌계단",
        "ETC_MATTER" : " ",
        "MNTN_NM" : "선의산",
        "PAST_SPOT_" : "27200417000010",
        "MNTN_ID" : "2720041700"
      },
      "geometry" : {
        "x" : 359393.32080001477,
        "y" : 350956.05500000156
      }
    },
    {
      "attributes" : {
        "FID" : 10,
        "PMNTN_SPOT" : 51511,
        "MNTN_CODE" : "478201801",
        "MANAGE_SP1" : "99",
        "MANAGE_SP2" : "기타",
        "DETAIL_SPO" : "철탑",
        "ETC_MATTER" : "송전철탑",
        "MNTN_NM" : "선의산",
        "PAST_SPOT_" : "27200417000011",
        "MNTN_ID" : "2720041700"
      },
      "geometry" : {
        "x" : 359040.57450001687,
        "y" : 350596.39189999923
      }
    },
    {
      "attributes" : {
        "FID" : 11,
        "PMNTN_SPOT" : 51512,
        "MNTN_CODE" : "478201801",
        "MANAGE_SP1" : "99",
        "MANAGE_SP2" : "기타",
        "DETAIL_SPO" : "철탑",
        "ETC_MATTER" : "송전철탑",
        "MNTN_NM" : "선의산",
        "PAST_SPOT_" : "27200417000012",
        "MNTN_ID" : "2720041700"
      },
      "geometry" : {
        "x" : 359042.14840001706,
        "y" : 350260.95610000752
      }
    },
    {
      "attributes" : {
        "FID" : 12,
        "PMNTN_SPOT" : 51513,
        "MNTN_CODE" : "478201801",
        "MANAGE_SP1" : "22",
        "MANAGE_SP2" : "헬기장",
        "DETAIL_SPO" : "헬기장",
        "ETC_MATTER" : " ",
        "MNTN_NM" : "선의산",
        "PAST_SPOT_" : "27200417000013",
        "MNTN_ID" : "2720041700"
      },
      "geometry" : {
        "x" : 360250.65840001777,
        "y" : 349198.58150000125
      }
    },
    {
      "attributes" : {
        "FID" : 13,
        "PMNTN_SPOT" : 51514,
        "MNTN_CODE" : "478201801",
        "MANAGE_SP1" : "99",
        "MANAGE_SP2" : "기타",
        "DETAIL_SPO" : "철탑",
        "ETC_MATTER" : "송전철탑",
        "MNTN_NM" : "선의산",
        "PAST_SPOT_" : "27200417000014",
        "MNTN_ID" : "2720041700"
      },
      "geometry" : {
        "x" : 359853.15530001558,
        "y" : 350538.38629999943
      }
    },
    {
      "attributes" : {
        "FID" : 14,
        "PMNTN_SPOT" : 51515,
        "MNTN_CODE" : "478201801",
        "MANAGE_SP1" : "99",
        "MANAGE_SP2" : "기타",
        "DETAIL_SPO" : "철탑",
        "ETC_MATTER" : "송전철탐",
        "MNTN_NM" : "선의산",
        "PAST_SPOT_" : "27200417000015",
        "MNTN_ID" : "2720041700"
      },
      "geometry" : {
        "x" : 359651.09960001893,
        "y" : 350662.07650000229
      }
    },
    {
      "attributes" : {
        "FID" : 15,
        "PMNTN_SPOT" : 51516,
        "MNTN_CODE" : "478201801",
        "MANAGE_SP1" : "99",
        "MANAGE_SP2" : "기타",
        "DETAIL_SPO" : "철탑",
        "ETC_MATTER" : "고압선",
        "MNTN_NM" : "선의산",
        "PAST_SPOT_" : "27200417000016",
        "MNTN_ID" : "2720041700"
      },
      "geometry" : {
        "x" : 360387.96610001381,
        "y" : 350587.10660000332
      }
    },
    {
      "attributes" : {
        "FID" : 16,
        "PMNTN_SPOT" : 51517,
        "MNTN_CODE" : "478201801",
        "MANAGE_SP1" : "99",
        "MANAGE_SP2" : "기타",
        "DETAIL_SPO" : "철탑",
        "ETC_MATTER" : "고압선",
        "MNTN_NM" : "선의산",
        "PAST_SPOT_" : "27200417000017",
        "MNTN_ID" : "2720041700"
      },
      "geometry" : {
        "x" : 360225.75430001877,
        "y" : 350869.57950000465
      }
    },
    {
      "attributes" : {
        "FID" : 17,
        "PMNTN_SPOT" : 51518,
        "MNTN_CODE" : "478201801",
        "MANAGE_SP1" : "99",
        "MANAGE_SP2" : "기타",
        "DETAIL_SPO" : "철탑",
        "ETC_MATTER" : "고압선",
        "MNTN_NM" : "선의산",
        "PAST_SPOT_" : "27200417000018",
        "MNTN_ID" : "2720041700"
      },
      "geometry" : {
        "x" : 358588.45850001648,
        "y" : 350488.17610000074
      }
    },
    {
      "attributes" : {
        "FID" : 18,
        "PMNTN_SPOT" : 51519,
        "MNTN_CODE" : "478201801",
        "MANAGE_SP1" : "99",
        "MANAGE_SP2" : "기타",
        "DETAIL_SPO" : "철탑",
        "ETC_MATTER" : "고압선",
        "MNTN_NM" : "선의산",
        "PAST_SPOT_" : "27200417000019",
        "MNTN_ID" : "2720041700"
      },
      "geometry" : {
        "x" : 357943.32280001417,
        "y" : 350744.31299999915
      }
    },
    {
      "attributes" : {
        "FID" : 19,
        "PMNTN_SPOT" : 51520,
        "MNTN_CODE" : "478201801",
        "MANAGE_SP1" : "99",
        "MANAGE_SP2" : "기타",
        "DETAIL_SPO" : "철탑",
        "ETC_MATTER" : "고압선",
        "MNTN_NM" : "선의산",
        "PAST_SPOT_" : "27200417000020",
        "MNTN_ID" : "2720041700"
      },
      "geometry" : {
        "x" : 358287.33010001853,
        "y" : 350641.87520000339
      }
    },
    {
      "attributes" : {
        "FID" : 20,
        "PMNTN_SPOT" : 51521,
        "MNTN_CODE" : "478201801",
        "MANAGE_SP1" : "99",
        "MANAGE_SP2" : "기타",
        "DETAIL_SPO" : "철탑",
        "ETC_MATTER" : "고압선",
        "MNTN_NM" : "선의산",
        "PAST_SPOT_" : "27200417000021",
        "MNTN_ID" : "2720041700"
      },
      "geometry" : {
        "x" : 357980.22440001648,
        "y" : 349743.46849999949
      }
    },
    {
      "attributes" : {
        "FID" : 21,
        "PMNTN_SPOT" : 51522,
        "MNTN_CODE" : "478201801",
        "MANAGE_SP1" : "99",
        "MANAGE_SP2" : "기타",
        "DETAIL_SPO" : "기타",
        "ETC_MATTER" : " ",
        "MNTN_NM" : "선의산",
        "PAST_SPOT_" : "27200417000022",
        "MNTN_ID" : "2720041700"
      },
      "geometry" : {
        "x" : 359545.37280001678,
        "y" : 347402.55399999954
      }
    },
    {
      "attributes" : {
        "FID" : 22,
        "PMNTN_SPOT" : 51523,
        "MNTN_CODE" : "478201801",
        "MANAGE_SP1" : "01",
        "MANAGE_SP2" : "시종점",
        "DETAIL_SPO" : "시종점,이정표",
        "ETC_MATTER" : "시점(남성현재)",
        "MNTN_NM" : "선의산",
        "PAST_SPOT_" : "27200417000023",
        "MNTN_ID" : "2720041700"
      },
      "geometry" : {
        "x" : 356022.44260001648,
        "y" : 348345.27110000327
      }
    },
    {
      "attributes" : {
        "FID" : 23,
        "PMNTN_SPOT" : 51524,
        "MNTN_CODE" : "478201801",
        "MANAGE_SP1" : "01",
        "MANAGE_SP2" : "시종점",
        "DETAIL_SPO" : "시종점",
        "ETC_MATTER" : "종점(원리)",
        "MNTN_NM" : "선의산",
        "PAST_SPOT_" : "27200417000024",
        "MNTN_ID" : "2720041700"
      },
      "geometry" : {
        "x" : 357306.22110001557,
        "y" : 350237.69180000387
      }
    },
    {
      "attributes" : {
        "FID" : 24,
        "PMNTN_SPOT" : 51525,
        "MNTN_CODE" : "478201801",
        "MANAGE_SP1" : "01",
        "MANAGE_SP2" : "시종점",
        "DETAIL_SPO" : "시종점",
        "ETC_MATTER" : "종점(하도리.소원사)",
        "MNTN_NM" : "선의산",
        "PAST_SPOT_" : "27200417000025",
        "MNTN_ID" : "2720041700"
      },
      "geometry" : {
        "x" : 357631.98860001471,
        "y" : 348909.50759999827
      }
    },
    {
      "attributes" : {
        "FID" : 25,
        "PMNTN_SPOT" : 51526,
        "MNTN_CODE" : "478201801",
        "MANAGE_SP1" : "01",
        "MANAGE_SP2" : "시종점",
        "DETAIL_SPO" : "시종점",
        "ETC_MATTER" : "종점(원리)",
        "MNTN_NM" : "선의산",
        "PAST_SPOT_" : "27200417000026",
        "MNTN_ID" : "2720041700"
      },
      "geometry" : {
        "x" : 357984.21640001703,
        "y" : 350261.82890000008
      }
    },
    {
      "attributes" : {
        "FID" : 26,
        "PMNTN_SPOT" : 51527,
        "MNTN_CODE" : "478201801",
        "MANAGE_SP1" : "02",
        "MANAGE_SP2" : "분기점",
        "DETAIL_SPO" : "노선과노선접점,이정표",
        "ETC_MATTER" : "분기점(하도리)",
        "MNTN_NM" : "선의산",
        "PAST_SPOT_" : "27200417000027",
        "MNTN_ID" : "2720041700"
      },
      "geometry" : {
        "x" : 357990.21530001611,
        "y" : 349583.79690000042
      }
    },
    {
      "attributes" : {
        "FID" : 27,
        "PMNTN_SPOT" : 51528,
        "MNTN_CODE" : "478201801",
        "MANAGE_SP1" : "01",
        "MANAGE_SP2" : "시종점",
        "DETAIL_SPO" : "시종점",
        "ETC_MATTER" : "종점",
        "MNTN_NM" : "선의산",
        "PAST_SPOT_" : "27200417000028",
        "MNTN_ID" : "2720041700"
      },
      "geometry" : {
        "x" : 358308.28020001575,
        "y" : 350086.10469999909
      }
    },
    {
      "attributes" : {
        "FID" : 28,
        "PMNTN_SPOT" : 51529,
        "MNTN_CODE" : "478201801",
        "MANAGE_SP1" : "02",
        "MANAGE_SP2" : "분기점",
        "DETAIL_SPO" : "노선과노선접점",
        "ETC_MATTER" : "분기점",
        "MNTN_NM" : "선의산",
        "PAST_SPOT_" : "27200417000029",
        "MNTN_ID" : "2720041700"
      },
      "geometry" : {
        "x" : 358329.47750001587,
        "y" : 350739.75770000182
      }
    },
    {
      "attributes" : {
        "FID" : 29,
        "PMNTN_SPOT" : 51530,
        "MNTN_CODE" : "478201801",
        "MANAGE_SP1" : "02",
        "MANAGE_SP2" : "분기점",
        "DETAIL_SPO" : "노선과노선접점",
        "ETC_MATTER" : "분기점",
        "MNTN_NM" : "선의산",
        "PAST_SPOT_" : "27200417000030",
        "MNTN_ID" : "2720041700"
      },
      "geometry" : {
        "x" : 358714.45936013572,
        "y" : 350400.95592045598
      }
    },
    {
      "attributes" : {
        "FID" : 30,
        "PMNTN_SPOT" : 51531,
        "MNTN_CODE" : "478201801",
        "MANAGE_SP1" : "02",
        "MANAGE_SP2" : "분기점",
        "DETAIL_SPO" : "분기점",
        "ETC_MATTER" : "분기시점",
        "MNTN_NM" : "선의산",
        "PAST_SPOT_" : "27200417000031",
        "MNTN_ID" : "2720041700"
      },
      "geometry" : {
        "x" : 358948.96410001628,
        "y" : 350354.97570000216
      }
    },
    {
      "attributes" : {
        "FID" : 31,
        "PMNTN_SPOT" : 51532,
        "MNTN_CODE" : "478201801",
        "MANAGE_SP1" : "02",
        "MANAGE_SP2" : "분기점",
        "DETAIL_SPO" : "노선내분기,노선과노선접점",
        "ETC_MATTER" : "분기점",
        "MNTN_NM" : "선의산",
        "PAST_SPOT_" : "27200417000032",
        "MNTN_ID" : "2720041700"
      },
      "geometry" : {
        "x" : 358967.01540001761,
        "y" : 350489.17360000312
      }
    },
    {
      "attributes" : {
        "FID" : 32,
        "PMNTN_SPOT" : 51533,
        "MNTN_CODE" : "478201801",
        "MANAGE_SP1" : "01",
        "MANAGE_SP2" : "시종점",
        "DETAIL_SPO" : "시종점",
        "ETC_MATTER" : "종점",
        "MNTN_NM" : "선의산",
        "PAST_SPOT_" : "27200417000033",
        "MNTN_ID" : "2720041700"
      },
      "geometry" : {
        "x" : 359365.80880001839,
        "y" : 350789.71570000239
      }
    },
    {
      "attributes" : {
        "FID" : 33,
        "PMNTN_SPOT" : 51534,
        "MNTN_CODE" : "478201801",
        "MANAGE_SP1" : "01",
        "MANAGE_SP2" : "시종점",
        "DETAIL_SPO" : "시종점",
        "ETC_MATTER" : "종점",
        "MNTN_NM" : "선의산",
        "PAST_SPOT_" : "27200417000034",
        "MNTN_ID" : "2720041700"
      },
      "geometry" : {
        "x" : 359395.90590001829,
        "y" : 351079.20890000276
      }
    },
    {
      "attributes" : {
        "FID" : 34,
        "PMNTN_SPOT" : 51535,
        "MNTN_CODE" : "478201801",
        "MANAGE_SP1" : "01",
        "MANAGE_SP2" : "시종점",
        "DETAIL_SPO" : "시종점,사찰,돌계단",
        "ETC_MATTER" : "시점,도성사",
        "MNTN_NM" : "선의산",
        "PAST_SPOT_" : "27200417000035",
        "MNTN_ID" : "2720041700"
      },
      "geometry" : {
        "x" : 359403.88260001596,
        "y" : 350962.57210000046
      }
    },
    {
      "attributes" : {
        "FID" : 35,
        "PMNTN_SPOT" : 51536,
        "MNTN_CODE" : "478201801",
        "MANAGE_SP1" : "02",
        "MANAGE_SP2" : "분기점",
        "DETAIL_SPO" : "노선내분기,이정표",
        "ETC_MATTER" : "분기점",
        "MNTN_NM" : "선의산",
        "PAST_SPOT_" : "27200417000036",
        "MNTN_ID" : "2720041700"
      },
      "geometry" : {
        "x" : 359732.62050001696,
        "y" : 349184.4940000046
      }
    },
    {
      "attributes" : {
        "FID" : 36,
        "PMNTN_SPOT" : 51537,
        "MNTN_CODE" : "478201801",
        "MANAGE_SP1" : "02",
        "MANAGE_SP2" : "분기점",
        "DETAIL_SPO" : "노선과노선접점,이정표",
        "ETC_MATTER" : "분기종점",
        "MNTN_NM" : "선의산",
        "PAST_SPOT_" : "27200417000037",
        "MNTN_ID" : "2720041700"
      },
      "geometry" : {
        "x" : 359814.35740001593,
        "y" : 346201.18320000358
      }
    },
    {
      "attributes" : {
        "FID" : 37,
        "PMNTN_SPOT" : 51538,
        "MNTN_CODE" : "478201801",
        "MANAGE_SP1" : "23",
        "MANAGE_SP2" : "정상",
        "DETAIL_SPO" : "정상부.조망점,삼각점,이정표",
        "ETC_MATTER" : "용각산(종점),삼각점1998년도",
        "MNTN_NM" : "선의산",
        "PAST_SPOT_" : "27200417000038",
        "MNTN_ID" : "2720041700"
      },
      "geometry" : {
        "x" : 359910.78530001827,
        "y" : 346037.8495000042
      }
    },
    {
      "attributes" : {
        "FID" : 38,
        "PMNTN_SPOT" : 51539,
        "MNTN_CODE" : "478201801",
        "MANAGE_SP1" : "23",
        "MANAGE_SP2" : "정상",
        "DETAIL_SPO" : "정상부.조망점,삼각점",
        "ETC_MATTER" : "선의산(분기점)",
        "MNTN_NM" : "선의산",
        "PAST_SPOT_" : "27200417000039",
        "MNTN_ID" : "2720041700"
      },
      "geometry" : {
        "x" : 360443.32180001959,
        "y" : 349211.27329999954
      }
    },
    {
      "attributes" : {
        "FID" : 39,
        "PMNTN_SPOT" : 51540,
        "MNTN_CODE" : "478201801",
        "MANAGE_SP1" : "02",
        "MANAGE_SP2" : "분기점",
        "DETAIL_SPO" : "분기점",
        "ETC_MATTER" : "분기점",
        "MNTN_NM" : "선의산",
        "PAST_SPOT_" : "27200417000040",
        "MNTN_ID" : "2720041700"
      },
      "geometry" : {
        "x" : 360651.25220002141,
        "y" : 349505.87300000712
      }
    },
    {
      "attributes" : {
        "FID" : 40,
        "PMNTN_SPOT" : 51541,
        "MNTN_CODE" : "478201801",
        "MANAGE_SP1" : "02",
        "MANAGE_SP2" : "분기점",
        "DETAIL_SPO" : "분기점",
        "ETC_MATTER" : "분기점",
        "MNTN_NM" : "선의산",
        "PAST_SPOT_" : "27200417000041",
        "MNTN_ID" : "2720041700"
      },
      "geometry" : {
        "x" : 360913.80140001979,
        "y" : 349617.63810000196
      }
    },
    {
      "attributes" : {
        "FID" : 41,
        "PMNTN_SPOT" : 51542,
        "MNTN_CODE" : "478201801",
        "MANAGE_SP1" : "02",
        "MANAGE_SP2" : "분기점",
        "DETAIL_SPO" : "노선과노선접점",
        "ETC_MATTER" : "분기종점",
        "MNTN_NM" : "선의산",
        "PAST_SPOT_" : "27200417000042",
        "MNTN_ID" : "2720041700"
      },
      "geometry" : {
        "x" : 361492.40330001898,
        "y" : 350521.31760000065
      }
    },
    {
      "attributes" : {
        "FID" : 42,
        "PMNTN_SPOT" : 51543,
        "MNTN_CODE" : "478201801",
        "MANAGE_SP1" : "02",
        "MANAGE_SP2" : "분기점",
        "DETAIL_SPO" : "노선내분기",
        "ETC_MATTER" : "분기점",
        "MNTN_NM" : "선의산",
        "PAST_SPOT_" : "27200417000043",
        "MNTN_ID" : "2720041700"
      },
      "geometry" : {
        "x" : 361582.68300001509,
        "y" : 350364.60590000264
      }
    },
    {
      "attributes" : {
        "FID" : 43,
        "PMNTN_SPOT" : 51544,
        "MNTN_CODE" : "478201801",
        "MANAGE_SP1" : "01",
        "MANAGE_SP2" : "시종점",
        "DETAIL_SPO" : "시종점",
        "ETC_MATTER" : "분기종점",
        "MNTN_NM" : "선의산",
        "PAST_SPOT_" : "27200417000044",
        "MNTN_ID" : "2720041700"
      },
      "geometry" : {
        "x" : 361613.87050001789,
        "y" : 351122.31060000136
      }
    },
    {
      "attributes" : {
        "FID" : 44,
        "PMNTN_SPOT" : 51545,
        "MNTN_CODE" : "478201801",
        "MANAGE_SP1" : "01",
        "MANAGE_SP2" : "시종점",
        "DETAIL_SPO" : "시종점",
        "ETC_MATTER" : "분기종점",
        "MNTN_NM" : "선의산",
        "PAST_SPOT_" : "27200417000045",
        "MNTN_ID" : "2720041700"
      },
      "geometry" : {
        "x" : 361662.62410001829,
        "y" : 351133.6333000008
      }
    },
    {
      "attributes" : {
        "FID" : 45,
        "PMNTN_SPOT" : 51546,
        "MNTN_CODE" : "478201801",
        "MANAGE_SP1" : "02",
        "MANAGE_SP2" : "분기점",
        "DETAIL_SPO" : "노선내분기",
        "ETC_MATTER" : "분기점,시점",
        "MNTN_NM" : "선의산",
        "PAST_SPOT_" : "27200417000046",
        "MNTN_ID" : "2720041700"
      },
      "geometry" : {
        "x" : 361859.58860001992,
        "y" : 350947.84090000018
      }
    },
    {
      "attributes" : {
        "FID" : 46,
        "PMNTN_SPOT" : 51547,
        "MNTN_CODE" : "478201801",
        "MANAGE_SP1" : "01",
        "MANAGE_SP2" : "시종점",
        "DETAIL_SPO" : "시종점",
        "ETC_MATTER" : "종점",
        "MNTN_NM" : "선의산",
        "PAST_SPOT_" : "27200417000047",
        "MNTN_ID" : "2720041700"
      },
      "geometry" : {
        "x" : 361938.69810001738,
        "y" : 351423.40450000204
      }
    },
    {
      "attributes" : {
        "FID" : 47,
        "PMNTN_SPOT" : 51548,
        "MNTN_CODE" : "478201801",
        "MANAGE_SP1" : "01",
        "MANAGE_SP2" : "시종점",
        "DETAIL_SPO" : "시종점",
        "ETC_MATTER" : "시점(잉어재)",
        "MNTN_NM" : "선의산",
        "PAST_SPOT_" : "27200417000048",
        "MNTN_ID" : "2720041700"
      },
      "geometry" : {
        "x" : 362122.45930001885,
        "y" : 351014.13700000755
      }
    }
  ]
}