{
  "displayFieldName" : "",
  "fieldAliases" : {
    "FID" : "FID",
    "PMNTN_SPOT" : "PMNTN_SPOT",
    "MNTN_CODE" : "MNTN_CODE",
    "MANAGE_SP1" : "MANAGE_SP1",
    "MANAGE_SP2" : "MANAGE_SP2",
    "DETAIL_SPO" : "DETAIL_SPO",
    "ETC_MATTER" : "ETC_MATTER",
    "MNTN_NM" : "MNTN_NM",
    "PAST_SPOT_" : "PAST_SPOT_",
    "MNTN_ID" : "MNTN_ID"
  },
  "geometryType" : "esriGeometryPoint",
  "spatialReference" : {
    "wkt" : "PROJCS[\"PCS_ITRF2000_TM\",GEOGCS[\"GCS_ITRF_2000\",DATUM[\"D_ITRF_2000\",SPHEROID[\"GRS_1980\",6378137.0,298.257222101]],PRIMEM[\"Greenwich\",0.0],UNIT[\"Degree\",0.0174532925199433]],PROJECTION[\"Transverse_Mercator\"],PARAMETER[\"False_Easting\",200000.0],PARAMETER[\"False_Northing\",600000.0],PARAMETER[\"Central_Meridian\",127.0],PARAMETER[\"Scale_Factor\",1.0],PARAMETER[\"Latitude_Of_Origin\",38.0],UNIT[\"Meter\",1.0]]"
  },
  "fields" : [
    {
      "name" : "FID",
      "type" : "esriFieldTypeOID",
      "alias" : "FID"
    },
    {
      "name" : "PMNTN_SPOT",
      "type" : "esriFieldTypeDouble",
      "alias" : "PMNTN_SPOT"
    },
    {
      "name" : "MNTN_CODE",
      "type" : "esriFieldTypeString",
      "alias" : "MNTN_CODE",
      "length" : 9
    },
    {
      "name" : "MANAGE_SP1",
      "type" : "esriFieldTypeString",
      "alias" : "MANAGE_SP1",
      "length" : 2
    },
    {
      "name" : "MANAGE_SP2",
      "type" : "esriFieldTypeString",
      "alias" : "MANAGE_SP2",
      "length" : 50
    },
    {
      "name" : "DETAIL_SPO",
      "type" : "esriFieldTypeString",
      "alias" : "DETAIL_SPO",
      "length" : 200
    },
    {
      "name" : "ETC_MATTER",
      "type" : "esriFieldTypeString",
      "alias" : "ETC_MATTER",
      "length" : 200
    },
    {
      "name" : "MNTN_NM",
      "type" : "esriFieldTypeString",
      "alias" : "MNTN_NM",
      "length" : 50
    },
    {
      "name" : "PAST_SPOT_",
      "type" : "esriFieldTypeString",
      "alias" : "PAST_SPOT_",
      "length" : 14
    },
    {
      "name" : "MNTN_ID",
      "type" : "esriFieldTypeString",
      "alias" : "MNTN_ID",
      "length" : 10
    }
  ],
  "features" : [
    {
      "attributes" : {
        "FID" : 0,
        "PMNTN_SPOT" : 87518,
        "MNTN_CODE" : "421702201",
        "MANAGE_SP1" : "01",
        "MANAGE_SP2" : "시종점",
        "DETAIL_SPO" : "시종점",
        "ETC_MATTER" : " ",
        "MNTN_NM" : "탑산",
        "PAST_SPOT_" : "4217016010001",
        "MNTN_ID" : "421701601"
      },
      "geometry" : {
        "x" : 386030.44950002804,
        "y" : 548160.25490000471
      }
    },
    {
      "attributes" : {
        "FID" : 1,
        "PMNTN_SPOT" : 87519,
        "MNTN_CODE" : "421702201",
        "MANAGE_SP1" : "02",
        "MANAGE_SP2" : "분기점",
        "DETAIL_SPO" : "분기점",
        "ETC_MATTER" : " ",
        "MNTN_NM" : "탑산",
        "PAST_SPOT_" : "4217016010002",
        "MNTN_ID" : "421701601"
      },
      "geometry" : {
        "x" : 386060.76180003118,
        "y" : 548093.42990000173
      }
    },
    {
      "attributes" : {
        "FID" : 2,
        "PMNTN_SPOT" : 87520,
        "MNTN_CODE" : "421702201",
        "MANAGE_SP1" : "01",
        "MANAGE_SP2" : "시종점",
        "DETAIL_SPO" : "시종점",
        "ETC_MATTER" : " ",
        "MNTN_NM" : "탑산",
        "PAST_SPOT_" : "4217016010003",
        "MNTN_ID" : "421701601"
      },
      "geometry" : {
        "x" : 386304.29390003067,
        "y" : 548342.12880000472
      }
    },
    {
      "attributes" : {
        "FID" : 3,
        "PMNTN_SPOT" : 87521,
        "MNTN_CODE" : "421702201",
        "MANAGE_SP1" : "02",
        "MANAGE_SP2" : "분기점",
        "DETAIL_SPO" : "분기점",
        "ETC_MATTER" : " ",
        "MNTN_NM" : "탑산",
        "PAST_SPOT_" : "4217016010004",
        "MNTN_ID" : "421701601"
      },
      "geometry" : {
        "x" : 386334.95060003083,
        "y" : 548310.78310000524
      }
    },
    {
      "attributes" : {
        "FID" : 4,
        "PMNTN_SPOT" : 87522,
        "MNTN_CODE" : "421702201",
        "MANAGE_SP1" : "02",
        "MANAGE_SP2" : "분기점",
        "DETAIL_SPO" : "분기점",
        "ETC_MATTER" : " ",
        "MNTN_NM" : "탑산",
        "PAST_SPOT_" : "4217016010005",
        "MNTN_ID" : "421701601"
      },
      "geometry" : {
        "x" : 386366.98530003149,
        "y" : 548213.99030000716
      }
    },
    {
      "attributes" : {
        "FID" : 5,
        "PMNTN_SPOT" : 87523,
        "MNTN_CODE" : "421702201",
        "MANAGE_SP1" : "01",
        "MANAGE_SP2" : "시종점",
        "DETAIL_SPO" : "시종점",
        "ETC_MATTER" : " ",
        "MNTN_NM" : "탑산",
        "PAST_SPOT_" : "4217016010006",
        "MNTN_ID" : "421701601"
      },
      "geometry" : {
        "x" : 386395.23080003262,
        "y" : 548389.66410000622
      }
    },
    {
      "attributes" : {
        "FID" : 6,
        "PMNTN_SPOT" : 87524,
        "MNTN_CODE" : "421702201",
        "MANAGE_SP1" : "02",
        "MANAGE_SP2" : "분기점",
        "DETAIL_SPO" : "분기점",
        "ETC_MATTER" : " ",
        "MNTN_NM" : "탑산",
        "PAST_SPOT_" : "4217016010007",
        "MNTN_ID" : "421701601"
      },
      "geometry" : {
        "x" : 386409.00920002908,
        "y" : 548122.36440000497
      }
    },
    {
      "attributes" : {
        "FID" : 7,
        "PMNTN_SPOT" : 87525,
        "MNTN_CODE" : "421702201",
        "MANAGE_SP1" : "02",
        "MANAGE_SP2" : "분기점",
        "DETAIL_SPO" : "분기점",
        "ETC_MATTER" : " ",
        "MNTN_NM" : "탑산",
        "PAST_SPOT_" : "4217016010008",
        "MNTN_ID" : "421701601"
      },
      "geometry" : {
        "x" : 386413.1427000314,
        "y" : 548381.74150000513
      }
    },
    {
      "attributes" : {
        "FID" : 8,
        "PMNTN_SPOT" : 87526,
        "MNTN_CODE" : "421702201",
        "MANAGE_SP1" : "02",
        "MANAGE_SP2" : "분기점",
        "DETAIL_SPO" : "분기점",
        "ETC_MATTER" : " ",
        "MNTN_NM" : "탑산",
        "PAST_SPOT_" : "4217016010009",
        "MNTN_ID" : "421701601"
      },
      "geometry" : {
        "x" : 386417.27620003186,
        "y" : 548127.18690000661
      }
    },
    {
      "attributes" : {
        "FID" : 9,
        "PMNTN_SPOT" : 87527,
        "MNTN_CODE" : "421702201",
        "MANAGE_SP1" : "02",
        "MANAGE_SP2" : "분기점",
        "DETAIL_SPO" : "분기점",
        "ETC_MATTER" : " ",
        "MNTN_NM" : "탑산",
        "PAST_SPOT_" : "4217016010010",
        "MNTN_ID" : "421701601"
      },
      "geometry" : {
        "x" : 386422.87310003024,
        "y" : 548127.21590000577
      }
    },
    {
      "attributes" : {
        "FID" : 10,
        "PMNTN_SPOT" : 87528,
        "MNTN_CODE" : "421702201",
        "MANAGE_SP1" : "02",
        "MANAGE_SP2" : "분기점",
        "DETAIL_SPO" : "분기점",
        "ETC_MATTER" : " ",
        "MNTN_NM" : "탑산",
        "PAST_SPOT_" : "4217016010011",
        "MNTN_ID" : "421701601"
      },
      "geometry" : {
        "x" : 386491.67920003086,
        "y" : 548388.63070000522
      }
    },
    {
      "attributes" : {
        "FID" : 11,
        "PMNTN_SPOT" : 87529,
        "MNTN_CODE" : "421702201",
        "MANAGE_SP1" : "02",
        "MANAGE_SP2" : "분기점",
        "DETAIL_SPO" : "분기점",
        "ETC_MATTER" : " ",
        "MNTN_NM" : "탑산",
        "PAST_SPOT_" : "4217016010012",
        "MNTN_ID" : "421701601"
      },
      "geometry" : {
        "x" : 386700.07640003134,
        "y" : 548217.43490000442
      }
    },
    {
      "attributes" : {
        "FID" : 12,
        "PMNTN_SPOT" : 87530,
        "MNTN_CODE" : "421702201",
        "MANAGE_SP1" : "02",
        "MANAGE_SP2" : "분기점",
        "DETAIL_SPO" : "분기점",
        "ETC_MATTER" : " ",
        "MNTN_NM" : "탑산",
        "PAST_SPOT_" : "4217016010013",
        "MNTN_ID" : "421701601"
      },
      "geometry" : {
        "x" : 386806.16960003134,
        "y" : 548078.27380000427
      }
    },
    {
      "attributes" : {
        "FID" : 13,
        "PMNTN_SPOT" : 87531,
        "MNTN_CODE" : "421702201",
        "MANAGE_SP1" : "02",
        "MANAGE_SP2" : "분기점",
        "DETAIL_SPO" : "분기점",
        "ETC_MATTER" : " ",
        "MNTN_NM" : "탑산",
        "PAST_SPOT_" : "4217016010014",
        "MNTN_ID" : "421701601"
      },
      "geometry" : {
        "x" : 386811.22440003045,
        "y" : 548086.20000000298
      }
    },
    {
      "attributes" : {
        "FID" : 14,
        "PMNTN_SPOT" : 87532,
        "MNTN_CODE" : "421702201",
        "MANAGE_SP1" : "02",
        "MANAGE_SP2" : "분기점",
        "DETAIL_SPO" : "분기점",
        "ETC_MATTER" : " ",
        "MNTN_NM" : "탑산",
        "PAST_SPOT_" : "4217016010015",
        "MNTN_ID" : "421701601"
      },
      "geometry" : {
        "x" : 386845.43780003022,
        "y" : 548326.97270000726
      }
    },
    {
      "attributes" : {
        "FID" : 15,
        "PMNTN_SPOT" : 87533,
        "MNTN_CODE" : "421702201",
        "MANAGE_SP1" : "02",
        "MANAGE_SP2" : "분기점",
        "DETAIL_SPO" : "분기점",
        "ETC_MATTER" : " ",
        "MNTN_NM" : "탑산",
        "PAST_SPOT_" : "4217016010016",
        "MNTN_ID" : "421701601"
      },
      "geometry" : {
        "x" : 386847.50460003037,
        "y" : 547982.85880000703
      }
    },
    {
      "attributes" : {
        "FID" : 16,
        "PMNTN_SPOT" : 87534,
        "MNTN_CODE" : "421702201",
        "MANAGE_SP1" : "02",
        "MANAGE_SP2" : "분기점",
        "DETAIL_SPO" : "분기점",
        "ETC_MATTER" : " ",
        "MNTN_NM" : "탑산",
        "PAST_SPOT_" : "4217016010017",
        "MNTN_ID" : "421701601"
      },
      "geometry" : {
        "x" : 386854.97600003053,
        "y" : 548230.85660000704
      }
    },
    {
      "attributes" : {
        "FID" : 17,
        "PMNTN_SPOT" : 87535,
        "MNTN_CODE" : "421702201",
        "MANAGE_SP1" : "02",
        "MANAGE_SP2" : "분기점",
        "DETAIL_SPO" : "분기점",
        "ETC_MATTER" : " ",
        "MNTN_NM" : "탑산",
        "PAST_SPOT_" : "4217016010018",
        "MNTN_ID" : "421701601"
      },
      "geometry" : {
        "x" : 386870.92770002596,
        "y" : 548368.30770000629
      }
    },
    {
      "attributes" : {
        "FID" : 18,
        "PMNTN_SPOT" : 87536,
        "MNTN_CODE" : "421702201",
        "MANAGE_SP1" : "02",
        "MANAGE_SP2" : "분기점",
        "DETAIL_SPO" : "분기점",
        "ETC_MATTER" : " ",
        "MNTN_NM" : "탑산",
        "PAST_SPOT_" : "4217016010019",
        "MNTN_ID" : "421701601"
      },
      "geometry" : {
        "x" : 386883.13590003178,
        "y" : 548517.04540000297
      }
    },
    {
      "attributes" : {
        "FID" : 19,
        "PMNTN_SPOT" : 87537,
        "MNTN_CODE" : "421702201",
        "MANAGE_SP1" : "01",
        "MANAGE_SP2" : "시종점",
        "DETAIL_SPO" : "시종점",
        "ETC_MATTER" : " ",
        "MNTN_NM" : "탑산",
        "PAST_SPOT_" : "4217016010020",
        "MNTN_ID" : "421701601"
      },
      "geometry" : {
        "x" : 386948.43090003077,
        "y" : 548563.96000000462
      }
    },
    {
      "attributes" : {
        "FID" : 20,
        "PMNTN_SPOT" : 87538,
        "MNTN_CODE" : "421702201",
        "MANAGE_SP1" : "01",
        "MANAGE_SP2" : "시종점",
        "DETAIL_SPO" : "시종점",
        "ETC_MATTER" : " ",
        "MNTN_NM" : "탑산",
        "PAST_SPOT_" : "4217016010021",
        "MNTN_ID" : "421701601"
      },
      "geometry" : {
        "x" : 386961.44584193639,
        "y" : 548182.7555783838
      }
    },
    {
      "attributes" : {
        "FID" : 21,
        "PMNTN_SPOT" : 87539,
        "MNTN_CODE" : "421702201",
        "MANAGE_SP1" : "01",
        "MANAGE_SP2" : "시종점",
        "DETAIL_SPO" : "시종점",
        "ETC_MATTER" : " ",
        "MNTN_NM" : "탑산",
        "PAST_SPOT_" : "4217016010022",
        "MNTN_ID" : "421701601"
      },
      "geometry" : {
        "x" : 386444.4757000301,
        "y" : 547856.70490000397
      }
    },
    {
      "attributes" : {
        "FID" : 22,
        "PMNTN_SPOT" : 87540,
        "MNTN_CODE" : "421702201",
        "MANAGE_SP1" : "01",
        "MANAGE_SP2" : "시종점",
        "DETAIL_SPO" : "시종점",
        "ETC_MATTER" : " ",
        "MNTN_NM" : "탑산",
        "PAST_SPOT_" : "4217016010023",
        "MNTN_ID" : "421701601"
      },
      "geometry" : {
        "x" : 387077.60270003043,
        "y" : 548430.6546000056
      }
    },
    {
      "attributes" : {
        "FID" : 23,
        "PMNTN_SPOT" : 87541,
        "MNTN_CODE" : "421702201",
        "MANAGE_SP1" : "01",
        "MANAGE_SP2" : "시종점",
        "DETAIL_SPO" : "시종점",
        "ETC_MATTER" : " ",
        "MNTN_NM" : "탑산",
        "PAST_SPOT_" : "4217016010024",
        "MNTN_ID" : "421701601"
      },
      "geometry" : {
        "x" : 386467.22260002885,
        "y" : 548056.22849999741
      }
    },
    {
      "attributes" : {
        "FID" : 24,
        "PMNTN_SPOT" : 87542,
        "MNTN_CODE" : "421702201",
        "MANAGE_SP1" : "01",
        "MANAGE_SP2" : "시종점",
        "DETAIL_SPO" : "시종점",
        "ETC_MATTER" : " ",
        "MNTN_NM" : "탑산",
        "PAST_SPOT_" : "4217016010025",
        "MNTN_ID" : "421701601"
      },
      "geometry" : {
        "x" : 386840.95990003087,
        "y" : 547895.36640000716
      }
    }
  ]
}