{
  "displayFieldName" : "",
  "fieldAliases" : {
    "FID" : "FID",
    "PMNTN_SN" : "PMNTN_SN",
    "MNTN_CODE" : "MNTN_CODE",
    "MNTN_NM" : "MNTN_NM",
    "PMNTN_NM" : "PMNTN_NM",
    "PMNTN_MAIN" : "PMNTN_MAIN",
    "PMNTN_LT" : "PMNTN_LT",
    "PMNTN_DFFL" : "PMNTN_DFFL",
    "PMNTN_UPPL" : "PMNTN_UPPL",
    "PMNTN_GODN" : "PMNTN_GODN",
    "PMNTN_MTRQ" : "PMNTN_MTRQ",
    "PMNTN_CNRL" : "PMNTN_CNRL",
    "PMNTN_CLS_" : "PMNTN_CLS_",
    "PMNTN_RISK" : "PMNTN_RISK",
    "PMNTN_RECO" : "PMNTN_RECO",
    "DATA_STDR_" : "DATA_STDR_",
    "MNTN_ID" : "MNTN_ID"
  },
  "geometryType" : "esriGeometryPolyline",
  "spatialReference" : {
    "wkt" : "PROJCS[\"PCS_ITRF2000_TM\",GEOGCS[\"GCS_ITRF_2000\",DATUM[\"D_ITRF_2000\",SPHEROID[\"GRS_1980\",6378137.0,298.257222101]],PRIMEM[\"Greenwich\",0.0],UNIT[\"Degree\",0.0174532925199433]],PROJECTION[\"Transverse_Mercator\"],PARAMETER[\"False_Easting\",200000.0],PARAMETER[\"False_Northing\",600000.0],PARAMETER[\"Central_Meridian\",127.0],PARAMETER[\"Scale_Factor\",1.0],PARAMETER[\"Latitude_Of_Origin\",38.0],UNIT[\"Meter\",1.0]]"
  },
  "fields" : [
    {
      "name" : "FID",
      "type" : "esriFieldTypeOID",
      "alias" : "FID"
    },
    {
      "name" : "PMNTN_SN",
      "type" : "esriFieldTypeDouble",
      "alias" : "PMNTN_SN"
    },
    {
      "name" : "MNTN_CODE",
      "type" : "esriFieldTypeString",
      "alias" : "MNTN_CODE",
      "length" : 9
    },
    {
      "name" : "MNTN_NM",
      "type" : "esriFieldTypeString",
      "alias" : "MNTN_NM",
      "length" : 50
    },
    {
      "name" : "PMNTN_NM",
      "type" : "esriFieldTypeString",
      "alias" : "PMNTN_NM",
      "length" : 50
    },
    {
      "name" : "PMNTN_MAIN",
      "type" : "esriFieldTypeString",
      "alias" : "PMNTN_MAIN",
      "length" : 200
    },
    {
      "name" : "PMNTN_LT",
      "type" : "esriFieldTypeSingle",
      "alias" : "PMNTN_LT"
    },
    {
      "name" : "PMNTN_DFFL",
      "type" : "esriFieldTypeString",
      "alias" : "PMNTN_DFFL",
      "length" : 8
    },
    {
      "name" : "PMNTN_UPPL",
      "type" : "esriFieldTypeDouble",
      "alias" : "PMNTN_UPPL"
    },
    {
      "name" : "PMNTN_GODN",
      "type" : "esriFieldTypeDouble",
      "alias" : "PMNTN_GODN"
    },
    {
      "name" : "PMNTN_MTRQ",
      "type" : "esriFieldTypeString",
      "alias" : "PMNTN_MTRQ",
      "length" : 200
    },
    {
      "name" : "PMNTN_CNRL",
      "type" : "esriFieldTypeString",
      "alias" : "PMNTN_CNRL",
      "length" : 1
    },
    {
      "name" : "PMNTN_CLS_",
      "type" : "esriFieldTypeString",
      "alias" : "PMNTN_CLS_",
      "length" : 1
    },
    {
      "name" : "PMNTN_RISK",
      "type" : "esriFieldTypeString",
      "alias" : "PMNTN_RISK",
      "length" : 200
    },
    {
      "name" : "PMNTN_RECO",
      "type" : "esriFieldTypeString",
      "alias" : "PMNTN_RECO",
      "length" : 1
    },
    {
      "name" : "DATA_STDR_",
      "type" : "esriFieldTypeString",
      "alias" : "DATA_STDR_",
      "length" : 10
    },
    {
      "name" : "MNTN_ID",
      "type" : "esriFieldTypeString",
      "alias" : "MNTN_ID",
      "length" : 10
    }
  ],
  "features" : [
    {
      "attributes" : {
        "FID" : 0,
        "PMNTN_SN" : 31187,
        "MNTN_CODE" : "448300901",
        "MNTN_NM" : "석문산",
        "PMNTN_NM" : "교로리구간",
        "PMNTN_MAIN" : " ",
        "PMNTN_LT" : 0.25,
        "PMNTN_DFFL" : "쉬움",
        "PMNTN_UPPL" : 4,
        "PMNTN_GODN" : 3,
        "PMNTN_MTRQ" : " ",
        "PMNTN_CNRL" : " ",
        "PMNTN_CLS_" : " ",
        "PMNTN_RISK" : " ",
        "PMNTN_RECO" : " ",
        "DATA_STDR_" : "2016-12-31",
        "MNTN_ID" : "448300901"
      },
      "geometry" : {
        "paths" : [
          [
            [
              157930.78790000081,
              494298.15040000156
            ],
            [
              157925.24570000172,
              494305.48420000076
            ],
            [
              157918.22780000418,
              494308.97350000031
            ],
            [
              157914.43390000053,
              494313.75520000234
            ],
            [
              157910.05840000138,
              494316.31000000238
            ],
            [
              157906.83410000335,
              494320.93730000407
            ],
            [
              157901.13129999861,
              494325.72860000283
            ],
            [
              157897.7199000027,
              494329.41450000368
            ],
            [
              157896.31210000254,
              494333.41470000148
            ],
            [
              157893.23330000043,
              494338.90820000134
            ],
            [
              157892.81259999983,
              494343.20729999989
            ],
            [
              157889.01960000116,
              494346.41890000179
            ],
            [
              157885.22880000342,
              494352.03980000131
            ],
            [
              157880.63990000356,
              494360.21230000444
            ],
            [
              157878.46710000001,
              494364.71920000575
            ],
            [
              157876.55350000132,
              494367.69879999943
            ],
            [
              157872.71239999961,
              494368.73560000025
            ],
            [
              157863.16830000374,
              494368.78320000134
            ],
            [
              157851.71540000103,
              494368.84020000137
            ],
            [
              157842.15940000117,
              494366.50640000403
            ],
            [
              157836.64989999868,
              494364.96759999916
            ],
            [
              157832.38270000275,
              494366.06900000013
            ],
            [
              157827.46280000079,
              494367.37810000032
            ],
            [
              157824.5987000009,
              494371.75400000438
            ],
            [
              157817.6492999997,
              494372.98159999959
            ],
            [
              157811.55120000057,
              494371.48040000163
            ],
            [
              157805.9143000003,
              494371.71470000036
            ],
            [
              157796.05709999986,
              494374.9553999994
            ],
            [
              157791.39660000242,
              494374.17930000089
            ],
            [
              157788.16270000022,
              494373.93350000307
            ],
            [
              157782.08490000106,
              494370.41650000401
            ],
            [
              157777.283400001,
              494371.59280000255
            ],
            [
              157771.55700000003,
              494371.62140000053
            ],
            [
              157765.26490000077,
              494369.26640000008
            ],
            [
              157759.51689999923,
              494363.88489999995
            ],
            [
              157758.12390000187,
              494357.39990000054
            ],
            [
              157756.20309999865,
              494355.02789999917
            ],
            [
              157754.27660000045,
              494351.46580000035
            ],
            [
              157750.59829999972,
              494344.66429999843
            ],
            [
              157748.49650000036,
              494340.77800000273
            ],
            [
              157740.52930000145,
              494337.47230000235
            ]
          ]
        ]
      }
    },
    {
      "attributes" : {
        "FID" : 1,
        "PMNTN_SN" : 31188,
        "MNTN_CODE" : "448300901",
        "MNTN_NM" : "석문산",
        "PMNTN_NM" : "교로리구간",
        "PMNTN_MAIN" : " ",
        "PMNTN_LT" : 0.64,
        "PMNTN_DFFL" : "쉬움",
        "PMNTN_UPPL" : 11,
        "PMNTN_GODN" : 8,
        "PMNTN_MTRQ" : " ",
        "PMNTN_CNRL" : " ",
        "PMNTN_CLS_" : " ",
        "PMNTN_RISK" : " ",
        "PMNTN_RECO" : " ",
        "DATA_STDR_" : "2016-12-31",
        "MNTN_ID" : "448300901"
      },
      "geometry" : {
        "paths" : [
          [
            [
              157740.52930000145,
              494337.47230000235
            ],
            [
              157740.71610000171,
              494342.44330000132
            ],
            [
              157736.7693000026,
              494351.94859999791
            ],
            [
              157728.8348000003,
              494352.53329999931
            ],
            [
              157722.73340000026,
              494350.76930000074
            ],
            [
              157707.0913000023,
              494351.21220000274
            ],
            [
              157702.97520000022,
              494356.27669999935
            ],
            [
              157698.97429999989,
              494362.45830000378
            ],
            [
              157691.77000000142,
              494375.42479999922
            ],
            [
              157687.69250000361,
              494387.10400000028
            ],
            [
              157685.58409999963,
              494397.96030000038
            ],
            [
              157684.78670000006,
              494403.24880000204
            ],
            [
              157683.42259999923,
              494409.61180000007
            ],
            [
              157683.45419999957,
              494417.54990000278
            ],
            [
              157682.42849999946,
              494425.21780000255
            ],
            [
              157683.24680000078,
              494433.17799999937
            ],
            [
              157682.44570000004,
              494442.45400000177
            ],
            [
              157680.36260000244,
              494457.80839999765
            ],
            [
              157678.70860000141,
              494467.62859999947
            ],
            [
              157673.60210000072,
              494475.04950000159
            ],
            [
              157671.07029999979,
              494479.69060000032
            ],
            [
              157669.77740000095,
              494484.34880000353
            ],
            [
              157666.04540000111,
              494488.2731999997
            ],
            [
              157659.8535000002,
              494491.23460000008
            ],
            [
              157657.66100000218,
              494494.93550000153
            ],
            [
              157655.80559999961,
              494498.66100000218
            ],
            [
              157652.57710000128,
              494502.63300000131
            ],
            [
              157647.6574000027,
              494509.54590000212
            ],
            [
              157642.36560000014,
              494510.93869999982
            ],
            [
              157633.27360000089,
              494511.9879999999
            ],
            [
              157621.51620000415,
              494513.65060000122
            ],
            [
              157614.35010000039,
              494514.50500000082
            ],
            [
              157604.83920000121,
              494514.2695000004
            ],
            [
              157598.42250000313,
              494512.02900000103
            ],
            [
              157594.1754999999,
              494510.62640000135
            ],
            [
              157584.93630000111,
              494509.0689000003
            ],
            [
              157576.865600002,
              494508.11000000127
            ],
            [
              157571.20100000035,
              494500.90310000069
            ],
            [
              157561.33430000115,
              494498.16250000149
            ],
            [
              157549.53440000117,
              494501.44620000385
            ],
            [
              157541.24749999959,
              494503.75239999965
            ],
            [
              157531.71550000273,
              494506.1817000024
            ],
            [
              157526.00110000279,
              494508.59190000221
            ],
            [
              157524.09229999967,
              494508.60150000267
            ],
            [
              157521.50610000174,
              494508.86350000091
            ],
            [
              157519.22800000105,
              494510.99650000222
            ],
            [
              157518.26570000127,
              494516.54320000112
            ],
            [
              157520.64970000088,
              494521.56819999963
            ],
            [
              157521.01889999956,
              494527.88780000061
            ],
            [
              157530.52370000351,
              494532.36990000308
            ],
            [
              157534.53450000007,
              494535.28269999847
            ],
            [
              157543.56319999974,
              494541.55150000006
            ],
            [
              157549.10969999991,
              494548.96010000072
            ],
            [
              157552.21260000113,
              494557.14919999801
            ],
            [
              157551.42290000059,
              494565.60210000165
            ],
            [
              157549.85319999978,
              494571.41510000452
            ],
            [
              157543.90730000287,
              494589.4541000016
            ],
            [
              157542.69730000198,
              494595.59250000119
            ],
            [
              157538.97670000046,
              494606.4411999993
            ],
            [
              157533.33890000172,
              494617.5821000021
            ],
            [
              157531.81060000043,
              494621.52380000055
            ],
            [
              157528.86930000223,
              494630.52450000308
            ],
            [
              157526.64679999929,
              494637.18550000153
            ],
            [
              157521.84509999957,
              494650.95800000243
            ],
            [
              157519.99760000035,
              494662.60979999974
            ],
            [
              157515.16079999972,
              494673.73680000007
            ],
            [
              157511.61589999963,
              494684.88960000128
            ],
            [
              157507.85830000043,
              494696.81550000422
            ],
            [
              157503.05670000147,
              494710.58799999952
            ],
            [
              157499.30180000048,
              494721.98460000008
            ],
            [
              157492.04180000257,
              494734.97060000151
            ],
            [
              157485.68989999965,
              494751.05380000174
            ],
            [
              157480.97929999977,
              494767.76899999939
            ]
          ]
        ]
      }
    },
    {
      "attributes" : {
        "FID" : 2,
        "PMNTN_SN" : 31189,
        "MNTN_CODE" : "448300901",
        "MNTN_NM" : "석문산",
        "PMNTN_NM" : "교로리구간",
        "PMNTN_MAIN" : " ",
        "PMNTN_LT" : 0.31,
        "PMNTN_DFFL" : "쉬움",
        "PMNTN_UPPL" : 5,
        "PMNTN_GODN" : 4,
        "PMNTN_MTRQ" : " ",
        "PMNTN_CNRL" : " ",
        "PMNTN_CLS_" : " ",
        "PMNTN_RISK" : " ",
        "PMNTN_RECO" : " ",
        "DATA_STDR_" : "2016-12-31",
        "MNTN_ID" : "448300901"
      },
      "geometry" : {
        "paths" : [
          [
            [
              157740.37600000203,
              494070.41230000183
            ],
            [
              157734.44070000015,
              494111.98850000091
            ],
            [
              157727.60420000181,
              494139.22030000016
            ],
            [
              157722.71910000127,
              494165.49630000256
            ],
            [
              157718.07749999966,
              494184.21480000019
            ],
            [
              157718.24000000209,
              494189.22580000013
            ],
            [
              157720.75150000118,
              494195.29389999993
            ],
            [
              157728.45720000193,
              494198.76559999958
            ],
            [
              157732.68220000248,
              494206.91210000031
            ],
            [
              157736.44720000215,
              494218.84650000185
            ],
            [
              157734.00040000398,
              494226.70470000245
            ],
            [
              157731.78330000117,
              494235.50019999966
            ],
            [
              157730.03520000353,
              494243.22370000184
            ],
            [
              157727.05920000374,
              494252.77250000089
            ],
            [
              157729.05130000319,
              494269.43250000104
            ],
            [
              157727.22580000013,
              494286.11150000244
            ],
            [
              157727.27340000309,
              494295.6370000001
            ],
            [
              157725.03800000064,
              494302.92699999921
            ],
            [
              157721.60640000179,
              494307.57239999995
            ],
            [
              157718.08340000175,
              494312.60850000381
            ],
            [
              157714.03050000221,
              494319.51750000194
            ],
            [
              157712.7442000024,
              494326.37949999981
            ],
            [
              157711.67110000085,
              494333.79429999925
            ],
            [
              157712.61570000183,
              494337.69080000371
            ],
            [
              157715.17410000134,
              494338.28130000085
            ],
            [
              157718.95880000107,
              494337.49750000052
            ],
            [
              157725.56680000015,
              494336.12970000133
            ],
            [
              157729.9383000005,
              494336.11279999837
            ],
            [
              157733.20070000179,
              494336.356200004
            ],
            [
              157740.52930000145,
              494337.47230000235
            ]
          ]
        ]
      }
    }
  ]
}