{
  "displayFieldName" : "",
  "fieldAliases" : {
    "FID" : "FID",
    "PMNTN_SN" : "PMNTN_SN",
    "MNTN_CODE" : "MNTN_CODE",
    "MNTN_NM" : "MNTN_NM",
    "PMNTN_NM" : "PMNTN_NM",
    "PMNTN_MAIN" : "PMNTN_MAIN",
    "PMNTN_LT" : "PMNTN_LT",
    "PMNTN_DFFL" : "PMNTN_DFFL",
    "PMNTN_UPPL" : "PMNTN_UPPL",
    "PMNTN_GODN" : "PMNTN_GODN",
    "PMNTN_MTRQ" : "PMNTN_MTRQ",
    "PMNTN_CNRL" : "PMNTN_CNRL",
    "PMNTN_CLS_" : "PMNTN_CLS_",
    "PMNTN_RISK" : "PMNTN_RISK",
    "PMNTN_RECO" : "PMNTN_RECO",
    "DATA_STDR_" : "DATA_STDR_",
    "MNTN_ID" : "MNTN_ID"
  },
  "geometryType" : "esriGeometryPolyline",
  "spatialReference" : {
    "wkt" : "PROJCS[\"PCS_ITRF2000_TM\",GEOGCS[\"GCS_ITRF_2000\",DATUM[\"D_ITRF_2000\",SPHEROID[\"GRS_1980\",6378137.0,298.257222101]],PRIMEM[\"Greenwich\",0.0],UNIT[\"Degree\",0.0174532925199433]],PROJECTION[\"Transverse_Mercator\"],PARAMETER[\"False_Easting\",200000.0],PARAMETER[\"False_Northing\",600000.0],PARAMETER[\"Central_Meridian\",127.0],PARAMETER[\"Scale_Factor\",1.0],PARAMETER[\"Latitude_Of_Origin\",38.0],UNIT[\"Meter\",1.0]]"
  },
  "fields" : [
    {
      "name" : "FID",
      "type" : "esriFieldTypeOID",
      "alias" : "FID"
    },
    {
      "name" : "PMNTN_SN",
      "type" : "esriFieldTypeDouble",
      "alias" : "PMNTN_SN"
    },
    {
      "name" : "MNTN_CODE",
      "type" : "esriFieldTypeString",
      "alias" : "MNTN_CODE",
      "length" : 9
    },
    {
      "name" : "MNTN_NM",
      "type" : "esriFieldTypeString",
      "alias" : "MNTN_NM",
      "length" : 50
    },
    {
      "name" : "PMNTN_NM",
      "type" : "esriFieldTypeString",
      "alias" : "PMNTN_NM",
      "length" : 50
    },
    {
      "name" : "PMNTN_MAIN",
      "type" : "esriFieldTypeString",
      "alias" : "PMNTN_MAIN",
      "length" : 200
    },
    {
      "name" : "PMNTN_LT",
      "type" : "esriFieldTypeSingle",
      "alias" : "PMNTN_LT"
    },
    {
      "name" : "PMNTN_DFFL",
      "type" : "esriFieldTypeString",
      "alias" : "PMNTN_DFFL",
      "length" : 8
    },
    {
      "name" : "PMNTN_UPPL",
      "type" : "esriFieldTypeDouble",
      "alias" : "PMNTN_UPPL"
    },
    {
      "name" : "PMNTN_GODN",
      "type" : "esriFieldTypeDouble",
      "alias" : "PMNTN_GODN"
    },
    {
      "name" : "PMNTN_MTRQ",
      "type" : "esriFieldTypeString",
      "alias" : "PMNTN_MTRQ",
      "length" : 200
    },
    {
      "name" : "PMNTN_CNRL",
      "type" : "esriFieldTypeString",
      "alias" : "PMNTN_CNRL",
      "length" : 1
    },
    {
      "name" : "PMNTN_CLS_",
      "type" : "esriFieldTypeString",
      "alias" : "PMNTN_CLS_",
      "length" : 1
    },
    {
      "name" : "PMNTN_RISK",
      "type" : "esriFieldTypeString",
      "alias" : "PMNTN_RISK",
      "length" : 200
    },
    {
      "name" : "PMNTN_RECO",
      "type" : "esriFieldTypeString",
      "alias" : "PMNTN_RECO",
      "length" : 1
    },
    {
      "name" : "DATA_STDR_",
      "type" : "esriFieldTypeString",
      "alias" : "DATA_STDR_",
      "length" : 10
    },
    {
      "name" : "MNTN_ID",
      "type" : "esriFieldTypeString",
      "alias" : "MNTN_ID",
      "length" : 10
    }
  ],
  "features" : [
    {
      "attributes" : {
        "FID" : 0,
        "PMNTN_SN" : 33554,
        "MNTN_CODE" : "491101301",
        "MNTN_NM" : "수산봉",
        "PMNTN_NM" : "수산봉구간",
        "PMNTN_MAIN" : "곰솔보호수/수산저수지",
        "PMNTN_LT" : 1.72,
        "PMNTN_DFFL" : "쉬움",
        "PMNTN_UPPL" : 30,
        "PMNTN_GODN" : 21,
        "PMNTN_MTRQ" : "토사/콘크리트",
        "PMNTN_CNRL" : " ",
        "PMNTN_CLS_" : " ",
        "PMNTN_RISK" : "야간에등산할수 없음",
        "PMNTN_RECO" : " ",
        "DATA_STDR_" : "2016-12-31",
        "MNTN_ID" : "491101301"
      },
      "geometry" : {
        "paths" : [
          [
            [
              142957.57890000008,
              97895.96430000104
            ],
            [
              142957.04420000035,
              97890.228099999949
            ],
            [
              142958.7818,
              97882.232800001279
            ],
            [
              142962.16849999968,
              97874.963000001386
            ],
            [
              142967.22980000172,
              97863.573799999431
            ],
            [
              142968.18200000003,
              97856.799400003627
            ],
            [
              142968.58810000308,
              97847.678500000387
            ],
            [
              142966.14470000193,
              97839.675499999896
            ],
            [
              142963.49399999995,
              97828.342400001362
            ],
            [
              142959.33880000096,
              97807.611400002614
            ],
            [
              142957.50810000207,
              97793.18180000037
            ],
            [
              142959.53010000009,
              97779.591800002381
            ],
            [
              142963.33120000083,
              97769.234400002286
            ],
            [
              142968.9188000029,
              97758.21440000087
            ],
            [
              142972.62730000261,
              97748.442099997774
            ],
            [
              142972.2463000007,
              97739.495200002566
            ],
            [
              142969.52660000417,
              97732.811800001189
            ],
            [
              142962.7219000021,
              97725.060200003907
            ],
            [
              142955.01620000135,
              97716.225700004026
            ],
            [
              142945.0186999999,
              97706.254100000486
            ],
            [
              142934.08739999868,
              97700.24100000225
            ],
            [
              142924.34010000248,
              97698.275900000706
            ],
            [
              142902.55929999985,
              97697.169700002298
            ],
            [
              142881.37880000006,
              97697.662900006399
            ],
            [
              142866.27840000018,
              97698.338400000706
            ],
            [
              142852.06550000235,
              97700.357699999586
            ],
            [
              142842.01489999983,
              97705.716900002211
            ],
            [
              142833.19930000138,
              97709.550599999726
            ],
            [
              142818.23020000104,
              97710.53730000183
            ],
            [
              142800.90120000113,
              97711.618800003082
            ],
            [
              142786.01220000349,
              97713.805700000376
            ],
            [
              142771.56760000065,
              97716.992900002748
            ],
            [
              142755.45610000286,
              97721.944000001997
            ],
            [
              142736.41720000189,
              97728.981000004336
            ],
            [
              142721.21640000306,
              97737.449900001287
            ],
            [
              142709.6838000007,
              97744.80320000276
            ],
            [
              142699.18640000187,
              97752.39650000073
            ],
            [
              142689.97860000096,
              97756.798200000077
            ],
            [
              142680.14530000184,
              97760.93759999983
            ],
            [
              142670.14950000308,
              97765.223300002515
            ],
            [
              142656.78790000081,
              97770.504100000486
            ],
            [
              142632.84700000007,
              97780.694000003859
            ],
            [
              142614.51150000002,
              97790.574400000274
            ],
            [
              142602.46890000254,
              97797.486599998549
            ],
            [
              142592.36790000368,
              97804.642200002447
            ],
            [
              142584.89010000415,
              97811.069399999455
            ],
            [
              142574.43670000136,
              97822.779400004074
            ],
            [
              142568.74550000206,
              97832.263600001112
            ],
            [
              142560.89800000098,
              97847.577000001445
            ],
            [
              142557.76200000104,
              97861.721300002187
            ],
            [
              142555.81650000252,
              97871.745600001886
            ],
            [
              142553.72640000284,
              97886.816800002009
            ],
            [
              142552.21320000011,
              97902.25510000065
            ],
            [
              142553.34000000078,
              97923.689100001007
            ],
            [
              142554.2248999998,
              97942.462900001556
            ],
            [
              142555.17370000109,
              97964.682300001383
            ],
            [
              142556.27330000047,
              97978.985100002959
            ],
            [
              142555.87069999985,
              97994.360100001097
            ],
            [
              142556.36000000034,
              98012.656500004232
            ],
            [
              142557.08040000033,
              98024.028100002557
            ],
            [
              142558.41410000157,
              98034.555500004441
            ],
            [
              142564.13450000342,
              98048.620300002396
            ],
            [
              142570.5493999999,
              98058.728400001302
            ],
            [
              142580.9009000035,
              98078.454500004649
            ],
            [
              142587.9701000005,
              98089.086100000888
            ],
            [
              142596.15830000211,
              98102.476200001314
            ],
            [
              142605.9235000005,
              98123.793700002134
            ],
            [
              142611.89119999949,
              98141.645700002089
            ],
            [
              142614.30950000044,
              98150.07860000059
            ],
            [
              142615.95210000128,
              98159.620100002736
            ],
            [
              142616.10490000062,
              98169.43759999983
            ],
            [
              142614.71829999983,
              98179.734400002286
            ],
            [
              142612.19600000232,
              98190.122200001031
            ],
            [
              142609.82320000138,
              98198.17870000191
            ],
            [
              142612.01080000028,
              98203.482000000775
            ],
            [
              142617.31700000167,
              98206.782700002193
            ],
            [
              142654.27390000131,
              98213.447500001639
            ],
            [
              142675.93869999982,
              98217.247899999842
            ],
            [
              142698.84199999925,
              98220.899900002405
            ],
            [
              142718.06530000083,
              98224.697700001299
            ],
            [
              142739.08770000096,
              98228.031999999657
            ],
            [
              142750.72210000269,
              98229.270500002429
            ],
            [
              142770.44209999964,
              98230.982699999586
            ],
            [
              142783.8554999996,
              98232.740600001067
            ],
            [
              142794.95910000335,
              98231.641300002113
            ],
            [
              142811.39390000142,
              98227.523099999875
            ],
            [
              142825.08450000081,
              98223.074600001797
            ],
            [
              142835.65750000067,
              98216.820500001311
            ],
            [
              142855.91889999993,
              98206.016899999231
            ],
            [
              142872.29079999961,
              98198.636200003326
            ],
            [
              142890.8657000009,
              98191.085400000215
            ],
            [
              142913.53089999873,
              98180.644000003114
            ],
            [
              142934.91540000308,
              98170.644400002435
            ],
            [
              142952.19460000005,
              98161.365599999204
            ],
            [
              142971.35780000128,
              98148.645600000396
            ],
            [
              142985.38399999961,
              98140.047100001946
            ],
            [
              142994.26570000127,
              98132.663000000641
            ],
            [
              143001.76719999965,
              98123.640500001609
            ],
            [
              143011.55140000116,
              98112.663499999791
            ],
            [
              143019.20199999958,
              98102.728000001982
            ],
            [
              143026.0252000019,
              98092.037699999288
            ],
            [
              143033.66619999986,
              98079.854700002819
            ],
            [
              143040.37050000113,
              98070.776000002399
            ],
            [
              143045.43600000348,
              98063.125000001863
            ],
            [
              143050.39190000016,
              98053.093800006434
            ],
            [
              143053.37220000103,
              98042.080700002611
            ],
            [
              143056.09830000065,
              98031.398099999875
            ],
            [
              143058.90690000262,
              98018.442399999127
            ],
            [
              143061.10449999943,
              98007.96990000084
            ],
            [
              143063.16330000013,
              98000.900200000033
            ],
            [
              143063.12530000322,
              97995.250499999151
            ],
            [
              143059.65160000138,
              97988.02850000374
            ],
            [
              143053.63970000204,
              97980.426300000399
            ],
            [
              143050.16820000298,
              97973.128800000995
            ],
            [
              143043.10860000178,
              97964.045499999076
            ],
            [
              143037.88540000096,
              97958.628700001165
            ],
            [
              143031.65290000197,
              97953.828900001943
            ],
            [
              143022.42770000361,
              97947.817199999467
            ],
            [
              143012.08240000065,
              97940.532899999991
            ],
            [
              142997.43319999985,
              97932.388900002465
            ],
            [
              142988.70839999989,
              97926.815000001341
            ],
            [
              142976.56630000286,
              97917.215500002727
            ],
            [
              142970.97220000345,
              97910.969499999657
            ],
            [
              142964.82740000077,
              97905.135000001639
            ],
            [
              142957.81311513018,
              97896.260625679046
            ],
            [
              142957.57890000008,
              97895.96430000104
            ]
          ]
        ]
      }
    },
    {
      "attributes" : {
        "FID" : 1,
        "PMNTN_SN" : 33555,
        "MNTN_CODE" : "491101301",
        "MNTN_NM" : "수산봉",
        "PMNTN_NM" : "수산봉구간",
        "PMNTN_MAIN" : " ",
        "PMNTN_LT" : 0.38,
        "PMNTN_DFFL" : "쉬움",
        "PMNTN_UPPL" : 7,
        "PMNTN_GODN" : 5,
        "PMNTN_MTRQ" : "토사/콘크리트",
        "PMNTN_CNRL" : " ",
        "PMNTN_CLS_" : " ",
        "PMNTN_RISK" : "야간에등산할수 없음",
        "PMNTN_RECO" : " ",
        "DATA_STDR_" : "2016-12-31",
        "MNTN_ID" : "491101301"
      },
      "geometry" : {
        "paths" : [
          [
            [
              142957.57890000008,
              97895.96430000104
            ],
            [
              142957.69934049807,
              97896.51940866001
            ],
            [
              142959.32589999959,
              97904.01620000042
            ],
            [
              142962.18490000069,
              97913.169299997389
            ],
            [
              142964.95440000109,
              97922.688100002706
            ],
            [
              142967.10780000314,
              97933.284700002521
            ],
            [
              142965.14200000092,
              97942.585099998862
            ],
            [
              142963.01440000068,
              97947.766800001264
            ],
            [
              142960.04920000024,
              97953.290200002491
            ],
            [
              142955.40420000348,
              97956.967100000009
            ],
            [
              142946.97210000176,
              97961.517800001428
            ],
            [
              142936.63290000055,
              97969.425700001419
            ],
            [
              142929.75140000321,
              97974.396900003776
            ],
            [
              142924.24990000203,
              97979.962500000373
            ],
            [
              142917.44730000105,
              97986.121300004423
            ],
            [
              142906.23749999981,
              97990.436300000176
            ],
            [
              142897.76440000068,
              97988.848300000653
            ],
            [
              142892.7126000002,
              97986.746300000697
            ],
            [
              142883.68150000088,
              97978.450899999589
            ],
            [
              142878.0680000037,
              97973.993200000376
            ],
            [
              142872.662200002,
              97974.349199999124
            ],
            [
              142868.60700000077,
              97978.161500001326
            ],
            [
              142865.01040000003,
              97984.276100000367
            ],
            [
              142856.80250000022,
              98001.387000000104
            ],
            [
              142852.92080000322,
              98010.280500002205
            ],
            [
              142849.70030000154,
              98016.405900001526
            ],
            [
              142843.53570000175,
              98021.154200000688
            ],
            [
              142837.82480000146,
              98021.868000002578
            ],
            [
              142831.15370000061,
              98018.742599999532
            ],
            [
              142822.85969999991,
              98010.17330000177
            ],
            [
              142819.92470000125,
              98004.403899999335
            ],
            [
              142818.05750000104,
              97998.137000001967
            ],
            [
              142816.27800000086,
              97990.182500001043
            ],
            [
              142813.28189999983,
              97975.578100001439
            ],
            [
              142809.91290000081,
              97967.094900002703
            ],
            [
              142804.4851000011,
              97959.822300000116
            ],
            [
              142798.28710000217,
              97957.487400002778
            ],
            [
              142789.0232000025,
              97955.934000000358
            ],
            [
              142780.425400001,
              97955.795600000769
            ],
            [
              142773.01229999959,
              97957.264400001615
            ],
            [
              142764.77670000214,
              97961.477600000799
            ],
            [
              142756.51329999976,
              97966.350900005549
            ],
            [
              142749.66600000113,
              97971.541600000113
            ],
            [
              142743.75480000023,
              97978.643899999559
            ],
            [
              142740.82100000046,
              97987.398499999195
            ]
          ]
        ]
      }
    }
  ]
}