{
  "displayFieldName" : "",
  "fieldAliases" : {
    "FID" : "FID",
    "SAFE_SPOT1" : "SAFE_SPOT1",
    "SAFE_SPOT2" : "SAFE_SPOT2",
    "SAFE_SPOT3" : "SAFE_SPOT3",
    "MGC" : "MGC",
    "ETC_MATTER" : "ETC_MATTER",
    "MNTN_NM" : "MNTN_NM"
  },
  "geometryType" : "esriGeometryPoint",
  "spatialReference" : {
    "wkt" : "PROJCS[\"PCS_ITRF2000_TM\",GEOGCS[\"GCS_ITRF_2000\",DATUM[\"D_ITRF_2000\",SPHEROID[\"GRS_1980\",6378137.0,298.257222101]],PRIMEM[\"Greenwich\",0.0],UNIT[\"Degree\",0.0174532925199433]],PROJECTION[\"Transverse_Mercator\"],PARAMETER[\"False_Easting\",200000.0],PARAMETER[\"False_Northing\",600000.0],PARAMETER[\"Central_Meridian\",127.0],PARAMETER[\"Scale_Factor\",1.0],PARAMETER[\"Latitude_Of_Origin\",38.0],UNIT[\"Meter\",1.0]]"
  },
  "fields" : [
    {
      "name" : "FID",
      "type" : "esriFieldTypeOID",
      "alias" : "FID"
    },
    {
      "name" : "SAFE_SPOT1",
      "type" : "esriFieldTypeDouble",
      "alias" : "SAFE_SPOT1"
    },
    {
      "name" : "SAFE_SPOT2",
      "type" : "esriFieldTypeString",
      "alias" : "SAFE_SPOT2",
      "length" : 50
    },
    {
      "name" : "SAFE_SPOT3",
      "type" : "esriFieldTypeString",
      "alias" : "SAFE_SPOT3",
      "length" : 50
    },
    {
      "name" : "MGC",
      "type" : "esriFieldTypeString",
      "alias" : "MGC",
      "length" : 50
    },
    {
      "name" : "ETC_MATTER",
      "type" : "esriFieldTypeString",
      "alias" : "ETC_MATTER",
      "length" : 200
    },
    {
      "name" : "MNTN_NM",
      "type" : "esriFieldTypeString",
      "alias" : "MNTN_NM",
      "length" : 50
    }
  ],
  "features" : [
    {
      "attributes" : {
        "FID" : 0,
        "SAFE_SPOT1" : 6516,
        "SAFE_SPOT2" : "감시카메라",
        "SAFE_SPOT3" : " ",
        "MGC" : "제주시",
        "ETC_MATTER" : "한동리 산35-1. 한동초등학교 남서측 4.5km.",
        "MNTN_NM" : "둔지봉"
      },
      "geometry" : {
        "x" : 180988.44570000004,
        "y" : 101027.56560000405
      }
    },
    {
      "attributes" : {
        "FID" : 1,
        "SAFE_SPOT1" : 6567,
        "SAFE_SPOT2" : "감시초소",
        "SAFE_SPOT3" : " ",
        "MGC" : "제주시",
        "ETC_MATTER" : "한동리 산35-1. 한동초등학교 남서측 4.5km.",
        "MNTN_NM" : "둔지봉"
      },
      "geometry" : {
        "x" : 180970.79970000032,
        "y" : 101032.03690000251
      }
    },
    {
      "attributes" : {
        "FID" : 2,
        "SAFE_SPOT1" : 6576,
        "SAFE_SPOT2" : "감시카메라",
        "SAFE_SPOT3" : " ",
        "MGC" : "제주시",
        "ETC_MATTER" : "한동리 산35-1.한동초등학교 서측4.5km.",
        "MNTN_NM" : "둔지봉"
      },
      "geometry" : {
        "x" : 180988.44570000004,
        "y" : 101027.56560000405
      }
    }
  ]
}