{
  "displayFieldName" : "",
  "fieldAliases" : {
    "FID" : "FID",
    "PMNTN_SN" : "PMNTN_SN",
    "MNTN_CODE" : "MNTN_CODE",
    "MNTN_NM" : "MNTN_NM",
    "PMNTN_NM" : "PMNTN_NM",
    "PMNTN_MAIN" : "PMNTN_MAIN",
    "PMNTN_LT" : "PMNTN_LT",
    "PMNTN_DFFL" : "PMNTN_DFFL",
    "PMNTN_UPPL" : "PMNTN_UPPL",
    "PMNTN_GODN" : "PMNTN_GODN",
    "PMNTN_MTRQ" : "PMNTN_MTRQ",
    "PMNTN_CNRL" : "PMNTN_CNRL",
    "PMNTN_CLS_" : "PMNTN_CLS_",
    "PMNTN_RISK" : "PMNTN_RISK",
    "PMNTN_RECO" : "PMNTN_RECO",
    "DATA_STDR_" : "DATA_STDR_",
    "MNTN_ID" : "MNTN_ID"
  },
  "geometryType" : "esriGeometryPolyline",
  "spatialReference" : {
    "wkt" : "PROJCS[\"PCS_ITRF2000_TM\",GEOGCS[\"GCS_ITRF_2000\",DATUM[\"D_ITRF_2000\",SPHEROID[\"GRS_1980\",6378137.0,298.257222101]],PRIMEM[\"Greenwich\",0.0],UNIT[\"Degree\",0.0174532925199433]],PROJECTION[\"Transverse_Mercator\"],PARAMETER[\"False_Easting\",200000.0],PARAMETER[\"False_Northing\",600000.0],PARAMETER[\"Central_Meridian\",127.0],PARAMETER[\"Scale_Factor\",1.0],PARAMETER[\"Latitude_Of_Origin\",38.0],UNIT[\"Meter\",1.0]]"
  },
  "fields" : [
    {
      "name" : "FID",
      "type" : "esriFieldTypeOID",
      "alias" : "FID"
    },
    {
      "name" : "PMNTN_SN",
      "type" : "esriFieldTypeDouble",
      "alias" : "PMNTN_SN"
    },
    {
      "name" : "MNTN_CODE",
      "type" : "esriFieldTypeString",
      "alias" : "MNTN_CODE",
      "length" : 9
    },
    {
      "name" : "MNTN_NM",
      "type" : "esriFieldTypeString",
      "alias" : "MNTN_NM",
      "length" : 50
    },
    {
      "name" : "PMNTN_NM",
      "type" : "esriFieldTypeString",
      "alias" : "PMNTN_NM",
      "length" : 50
    },
    {
      "name" : "PMNTN_MAIN",
      "type" : "esriFieldTypeString",
      "alias" : "PMNTN_MAIN",
      "length" : 200
    },
    {
      "name" : "PMNTN_LT",
      "type" : "esriFieldTypeSingle",
      "alias" : "PMNTN_LT"
    },
    {
      "name" : "PMNTN_DFFL",
      "type" : "esriFieldTypeString",
      "alias" : "PMNTN_DFFL",
      "length" : 8
    },
    {
      "name" : "PMNTN_UPPL",
      "type" : "esriFieldTypeDouble",
      "alias" : "PMNTN_UPPL"
    },
    {
      "name" : "PMNTN_GODN",
      "type" : "esriFieldTypeDouble",
      "alias" : "PMNTN_GODN"
    },
    {
      "name" : "PMNTN_MTRQ",
      "type" : "esriFieldTypeString",
      "alias" : "PMNTN_MTRQ",
      "length" : 200
    },
    {
      "name" : "PMNTN_CNRL",
      "type" : "esriFieldTypeString",
      "alias" : "PMNTN_CNRL",
      "length" : 1
    },
    {
      "name" : "PMNTN_CLS_",
      "type" : "esriFieldTypeString",
      "alias" : "PMNTN_CLS_",
      "length" : 1
    },
    {
      "name" : "PMNTN_RISK",
      "type" : "esriFieldTypeString",
      "alias" : "PMNTN_RISK",
      "length" : 200
    },
    {
      "name" : "PMNTN_RECO",
      "type" : "esriFieldTypeString",
      "alias" : "PMNTN_RECO",
      "length" : 1
    },
    {
      "name" : "DATA_STDR_",
      "type" : "esriFieldTypeString",
      "alias" : "DATA_STDR_",
      "length" : 10
    },
    {
      "name" : "MNTN_ID",
      "type" : "esriFieldTypeString",
      "alias" : "MNTN_ID",
      "length" : 10
    }
  ],
  "features" : [
    {
      "attributes" : {
        "FID" : 0,
        "PMNTN_SN" : 43037,
        "MNTN_CODE" : "483107304",
        "MNTN_NM" : "윤개해안",
        "PMNTN_NM" : "장승포동구간",
        "PMNTN_MAIN" : " ",
        "PMNTN_LT" : 1.3,
        "PMNTN_DFFL" : "쉬움",
        "PMNTN_UPPL" : 23,
        "PMNTN_GODN" : 16,
        "PMNTN_MTRQ" : " ",
        "PMNTN_CNRL" : " ",
        "PMNTN_CLS_" : " ",
        "PMNTN_RISK" : " ",
        "PMNTN_RECO" : " ",
        "DATA_STDR_" : "2016-12-31",
        "MNTN_ID" : "483104901"
      },
      "geometry" : {
        "paths" : [
          [
            [
              357662.7267000014,
              252896.81389999948
            ],
            [
              357669.21110000182,
              252899.847000001
            ],
            [
              357675.56570000108,
              252903.08550000377
            ],
            [
              357681.79030000232,
              252906.5297000017
            ],
            [
              357687.88499999978,
              252910.17930000275
            ],
            [
              357694.50170000084,
              252914.8125
            ],
            [
              357708.73970000073,
              252926.16980000213
            ],
            [
              357712.17200000025,
              252928.59660000168
            ],
            [
              357715.40189999994,
              252930.62040000036
            ],
            [
              357721.62470000051,
              252934.06850000098
            ],
            [
              357727.92619999964,
              252937.19979999959
            ],
            [
              357734.25290000159,
              252939.9879999999
            ],
            [
              357740.56020000018,
              252942.4133999981
            ],
            [
              357749.95660000108,
              252945.62090000138
            ],
            [
              357757.15479999967,
              252947.65399999917
            ],
            [
              357763.67990000173,
              252948.94299999997
            ],
            [
              357769.64950000029,
              252949.48910000175
            ],
            [
              357775.42550000083,
              252949.41719999909
            ],
            [
              357781.42980000004,
              252948.85209999792
            ],
            [
              357787.45030000061,
              252947.81350000203
            ],
            [
              357793.23539999966,
              252946.34440000169
            ],
            [
              357798.09350000042,
              252944.4953000024
            ],
            [
              357802.8303000005,
              252941.87760000117
            ],
            [
              357807.49749999959,
              252938.46380000189
            ],
            [
              357812.19079999998,
              252934.18450000323
            ],
            [
              357816.02710000053,
              252930.08889999986
            ],
            [
              357820.14130000211,
              252925.1836000029
            ],
            [
              357832.59680000227,
              252908.80350000039
            ],
            [
              357836.8303000005,
              252903.46890000068
            ],
            [
              357840.68149999995,
              252899.01769999973
            ],
            [
              357844.33820000011,
              252895.24159999937
            ],
            [
              357874.99990000017,
              252866.15230000392
            ],
            [
              357880.7890999997,
              252861.1213000007
            ],
            [
              357896.33190000057,
              252849.14120000042
            ],
            [
              357903.05209999997,
              252843.38540000096
            ],
            [
              357906.39940000046,
              252840.02560000122
            ],
            [
              357909.22759999987,
              252836.71240000241
            ],
            [
              357911.59399999958,
              252833.37830000184
            ],
            [
              357913.52350000013,
              252829.98719999939
            ],
            [
              357914.77610000037,
              252827.00339999981
            ],
            [
              357915.8144000005,
              252823.45830000006
            ],
            [
              357918.05429999996,
              252811.65919999965
            ],
            [
              357918.96450000163,
              252807.78170000203
            ],
            [
              357920.0595000023,
              252804.48579999991
            ],
            [
              357921.38550000079,
              252801.68410000205
            ],
            [
              357923.7622000007,
              252798.21540000103
            ],
            [
              357926.99679999985,
              252794.76860000193
            ],
            [
              357930.84999999963,
              252791.46380000003
            ],
            [
              357939.05660000164,
              252785.22620000131
            ],
            [
              357942.38990000077,
              252782.51420000196
            ],
            [
              357945.59790000133,
              252779.48719999939
            ],
            [
              357948.11620000098,
              252776.52580000088
            ],
            [
              357950.80910000205,
              252772.7332000006
            ],
            [
              357953.36099999957,
              252768.77710000239
            ],
            [
              357955.75009999983,
              252764.69140000083
            ],
            [
              357957.95629999973,
              252760.5103999991
            ],
            [
              357959.96040000115,
              252756.27120000124
            ],
            [
              357961.74839999992,
              252752.00349999964
            ],
            [
              357963.30709999986,
              252747.73880000226
            ],
            [
              357964.62630000059,
              252743.50550000183
            ],
            [
              357965.88480000105,
              252737.86940000206
            ],
            [
              357966.67180000059,
              252731.40870000049
            ],
            [
              357967.01430000085,
              252725.20300000161
            ],
            [
              357967.36590000056,
              252711.14970000088
            ],
            [
              357967.77110000048,
              252704.98189999908
            ],
            [
              357968.25320000108,
              252701.55840000138
            ],
            [
              357969.99370000139,
              252693.03170000203
            ],
            [
              357970.56730000023,
              252689.23110000044
            ],
            [
              357970.67880000081,
              252685.38540000096
            ],
            [
              357969.80820000172,
              252681.36400000006
            ],
            [
              357967.93810000084,
              252678.15900000371
            ],
            [
              357965.7666000016,
              252675.78270000033
            ],
            [
              357962.35450000223,
              252673.00290000066
            ],
            [
              357952.5867999997,
              252666.07930000126
            ],
            [
              357950.06769999862,
              252663.88299999945
            ],
            [
              357948.11620000098,
              252661.74110000208
            ],
            [
              357942.84340000059,
              252654.71790000424
            ],
            [
              357938.88729999959,
              252648.56959999911
            ],
            [
              357935.93779999949,
              252642.81220000423
            ],
            [
              357934.39800000098,
              252638.71250000224
            ],
            [
              357933.28770000022,
              252634.51659999974
            ],
            [
              357932.80720000062,
              252631.46649999917
            ],
            [
              357932.52080000192,
              252628.20260000043
            ],
            [
              357932.42569999956,
              252624.69560000114
            ],
            [
              357932.78680000082,
              252616.97149999999
            ],
            [
              357933.96470000129,
              252606.70730000176
            ],
            [
              357934.50960000046,
              252603.56950000301
            ],
            [
              357935.37040000223,
              252600.09899999946
            ],
            [
              357939.86440000217,
              252585.56230000034
            ],
            [
              357940.60470000003,
              252582.23940000124
            ],
            [
              357941.04040000029,
              252579.19040000252
            ],
            [
              357941.31820000056,
              252573.98990000039
            ],
            [
              357941.18010000139,
              252568.1724000033
            ],
            [
              357940.68680000026,
              252561.98479999974
            ],
            [
              357939.46800000034,
              252550.88729999959
            ],
            [
              357938.59340000059,
              252538.73350000381
            ],
            [
              357938.04740000051,
              252533.92600000277
            ],
            [
              357937.02710000053,
              252529.05580000207
            ],
            [
              357934.89420000184,
              252523.75260000303
            ],
            [
              357932.51229999959,
              252520.05430000462
            ],
            [
              357925.47220000066,
              252511.80560000055
            ],
            [
              357922.95790000074,
              252508.43269999884
            ],
            [
              357919.04770000186,
              252502.20179999992
            ],
            [
              357915.67300000135,
              252496.23959999904
            ],
            [
              357912.78929999936,
              252490.46670000069
            ],
            [
              357910.378800001,
              252484.84680000134
            ],
            [
              357909.53610000014,
              252482.05930000171
            ],
            [
              357907.28369999956,
              252472.59790000133
            ],
            [
              357904.92660000082,
              252469.42570000142
            ],
            [
              357902.09100000188,
              252468.36560000107
            ],
            [
              357899.01269999985,
              252468.14770000242
            ],
            [
              357890.87560000084,
              252468.31980000064
            ],
            [
              357886.63190000039,
              252467.28899999894
            ],
            [
              357885.28050000034,
              252464.72410000116
            ],
            [
              357885.34460000135,
              252460.81130000204
            ],
            [
              357886.16820000019,
              252456.9963000007
            ],
            [
              357887.12770000007,
              252454.0036999993
            ],
            [
              357890.3657000009,
              252446.33880000003
            ],
            [
              357892.01280000154,
              252443.93219999969
            ],
            [
              357896.84760000184,
              252438.78650000133
            ],
            [
              357899.01230000053,
              252435.87170000374
            ],
            [
              357900.16890000086,
              252432.03130000085
            ],
            [
              357899.76269999985,
              252428.97590000182
            ],
            [
              357896.98920000065,
              252421.60180000216
            ],
            [
              357896.22720000055,
              252418.80620000139
            ],
            [
              357895.44380000047,
              252413.29550000094
            ],
            [
              357895.0476000011,
              252407.71380000189
            ],
            [
              357895.04670000076,
              252402.17750000022
            ],
            [
              357895.44100000057,
              252396.79270000383
            ],
            [
              357895.96960000042,
              252393.6547000017
            ],
            [
              357896.89030000009,
              252390.24850000069
            ],
            [
              357898.18390000053,
              252386.55570000224
            ],
            [
              357902.37640000135,
              252375.81090000086
            ],
            [
              357903.42200000025,
              252372.38530000113
            ],
            [
              357904.08920000121,
              252369.27580000274
            ],
            [
              357904.72640000004,
              252363.41520000435
            ],
            [
              357904.83320000116,
              252356.78449999914
            ],
            [
              357904.58520000149,
              252351.14030000009
            ],
            [
              357903.30300000124,
              252332.32450000197
            ],
            [
              357902.72400000039,
              252307.02210000344
            ],
            [
              357902.3218000019,
              252299.62520000152
            ],
            [
              357901.73060000036,
              252293.01469999924
            ],
            [
              357901.12679999974,
              252289.35650000349
            ],
            [
              357899.2723999992,
              252281.60490000062
            ],
            [
              357898.63819999993,
              252278.28149999864
            ],
            [
              357898.3487000009,
              252274.82070000097
            ],
            [
              357898.88220000174,
              252270.64190000296
            ],
            [
              357900.19910000078,
              252267.01220000163
            ],
            [
              357904.89500000048,
              252258.63420000114
            ],
            [
              357906.44780000113,
              252255.27720000036
            ],
            [
              357909.31870000064,
              252247.59990000352
            ],
            [
              357910.19330000132,
              252243.86070000194
            ],
            [
              357910.40170000121,
              252239.92599999905
            ],
            [
              357909.94880000129,
              252236.8142000027
            ],
            [
              357907.17390000075,
              252227.0391000025
            ],
            [
              357906.44780000113,
              252223.82940000109
            ],
            [
              357905.90220000129,
              252219.39189999923
            ],
            [
              357905.01879999973,
              252206.61229999736
            ],
            [
              357904.32870000042,
              252202.77190000005
            ],
            [
              357903.30300000124,
              252199.45729999989
            ],
            [
              357901.80360000115,
              252196.4803000018
            ],
            [
              357897.61110000126,
              252189.98770000041
            ],
            [
              357896.22720000055,
              252186.87810000032
            ],
            [
              357895.45069999993,
              252184.00470000133
            ],
            [
              357894.87370000128,
              252181.04250000231
            ],
            [
              357894.52120000124,
              252178.12160000019
            ],
            [
              357894.46060000081,
              252174.03420000151
            ],
            [
              357895.14959999919,
              252169.33070000261
            ],
            [
              357896.77500000037,
              252165.70849999972
            ],
            [
              357899.04960000142,
              252163.58640000038
            ],
            [
              357907.04000000097,
              252159.16050000302
            ],
            [
              357909.98149999976,
              252156.21690000221
            ],
            [
              357910.72690000106,
              252153.00919999927
            ],
            [
              357910.56630000193,
              252150.09830000065
            ],
            [
              357909.9012000002,
              252146.84850000031
            ],
            [
              357908.15309999976,
              252142.59630000032
            ],
            [
              357902.97090000007,
              252136.05730000138
            ],
            [
              357902.93500000052,
              252132.31699999981
            ],
            [
              357904.48639999982,
              252129.47580000013
            ],
            [
              357908.74769999925,
              252123.38529999927
            ],
            [
              357910.21940000076,
              252119.0762000028
            ],
            [
              357910.60610000137,
              252116.14490000159
            ],
            [
              357911.16500000097,
              252103.54120000266
            ],
            [
              357911.91110000107,
              252098.72870000079
            ],
            [
              357914.48579999991,
              252085.78889999911
            ],
            [
              357914.96120000072,
              252081.88680000044
            ],
            [
              357915.09590000007,
              252078.38289999962
            ],
            [
              357915.17780000065,
              252066.86800000258
            ],
            [
              357914.98419999983,
              252063.49090000242
            ],
            [
              357914.27100000065,
              252059.2706000004
            ],
            [
              357912.43260000087,
              252054.76349999942
            ],
            [
              357908.80429999996,
              252051.62800000422
            ],
            [
              357901.21350000054,
              252049.53420000151
            ],
            [
              357896.70840000082,
              252047.22530000284
            ],
            [
              357892.73400000017,
              252043.42030000128
            ],
            [
              357890.3059000019,
              252040.10150000267
            ],
            [
              357884.65780000016,
              252031.38419999927
            ],
            [
              357882.12170000188,
              252028.21020000428
            ],
            [
              357874.67100000102,
              252020.65069999918
            ],
            [
              357869.85990000051,
              252016.28000000119
            ],
            [
              357865.27089999989,
              252012.7255000025
            ],
            [
              357860.84829999972,
              252009.98379999958
            ],
            [
              357857.50260000024,
              252008.39240000024
            ],
            [
              357853.58920000028,
              252006.93300000392
            ],
            [
              357839.62100000028,
              252002.90800000168
            ],
            [
              357830.33170000091,
              252000.74180000275
            ],
            [
              357827.18159999978,
              251999.46290000156
            ],
            [
              357823.283400001,
              251996.77450000122
            ],
            [
              357820.75229999982,
              251994.25990000181
            ],
            [
              357818.77120000031,
              251991.4897000026
            ],
            [
              357816.79580000229,
              251987.36089999974
            ],
            [
              357815.61980000138,
              251982.70959999971
            ],
            [
              357815.23570000101,
              251979.29030000418
            ],
            [
              357815.24710000213,
              251976.60410000011
            ],
            [
              357815.24770000111,
              251976.46180000342
            ]
          ]
        ]
      }
    }
  ]
}