{
  "displayFieldName" : "",
  "fieldAliases" : {
    "FID" : "FID",
    "PMNTN_SN" : "PMNTN_SN",
    "MNTN_CODE" : "MNTN_CODE",
    "MNTN_NM" : "MNTN_NM",
    "PMNTN_NM" : "PMNTN_NM",
    "PMNTN_MAIN" : "PMNTN_MAIN",
    "PMNTN_LT" : "PMNTN_LT",
    "PMNTN_DFFL" : "PMNTN_DFFL",
    "PMNTN_UPPL" : "PMNTN_UPPL",
    "PMNTN_GODN" : "PMNTN_GODN",
    "PMNTN_MTRQ" : "PMNTN_MTRQ",
    "PMNTN_CNRL" : "PMNTN_CNRL",
    "PMNTN_CLS_" : "PMNTN_CLS_",
    "PMNTN_RISK" : "PMNTN_RISK",
    "PMNTN_RECO" : "PMNTN_RECO",
    "DATA_STDR_" : "DATA_STDR_",
    "MNTN_ID" : "MNTN_ID"
  },
  "geometryType" : "esriGeometryPolyline",
  "spatialReference" : {
    "wkt" : "PROJCS[\"PCS_ITRF2000_TM\",GEOGCS[\"GCS_ITRF_2000\",DATUM[\"D_ITRF_2000\",SPHEROID[\"GRS_1980\",6378137.0,298.257222101]],PRIMEM[\"Greenwich\",0.0],UNIT[\"Degree\",0.0174532925199433]],PROJECTION[\"Transverse_Mercator\"],PARAMETER[\"False_Easting\",200000.0],PARAMETER[\"False_Northing\",600000.0],PARAMETER[\"Central_Meridian\",127.0],PARAMETER[\"Scale_Factor\",1.0],PARAMETER[\"Latitude_Of_Origin\",38.0],UNIT[\"Meter\",1.0]]"
  },
  "fields" : [
    {
      "name" : "FID",
      "type" : "esriFieldTypeOID",
      "alias" : "FID"
    },
    {
      "name" : "PMNTN_SN",
      "type" : "esriFieldTypeDouble",
      "alias" : "PMNTN_SN"
    },
    {
      "name" : "MNTN_CODE",
      "type" : "esriFieldTypeString",
      "alias" : "MNTN_CODE",
      "length" : 9
    },
    {
      "name" : "MNTN_NM",
      "type" : "esriFieldTypeString",
      "alias" : "MNTN_NM",
      "length" : 50
    },
    {
      "name" : "PMNTN_NM",
      "type" : "esriFieldTypeString",
      "alias" : "PMNTN_NM",
      "length" : 50
    },
    {
      "name" : "PMNTN_MAIN",
      "type" : "esriFieldTypeString",
      "alias" : "PMNTN_MAIN",
      "length" : 200
    },
    {
      "name" : "PMNTN_LT",
      "type" : "esriFieldTypeSingle",
      "alias" : "PMNTN_LT"
    },
    {
      "name" : "PMNTN_DFFL",
      "type" : "esriFieldTypeString",
      "alias" : "PMNTN_DFFL",
      "length" : 8
    },
    {
      "name" : "PMNTN_UPPL",
      "type" : "esriFieldTypeDouble",
      "alias" : "PMNTN_UPPL"
    },
    {
      "name" : "PMNTN_GODN",
      "type" : "esriFieldTypeDouble",
      "alias" : "PMNTN_GODN"
    },
    {
      "name" : "PMNTN_MTRQ",
      "type" : "esriFieldTypeString",
      "alias" : "PMNTN_MTRQ",
      "length" : 200
    },
    {
      "name" : "PMNTN_CNRL",
      "type" : "esriFieldTypeString",
      "alias" : "PMNTN_CNRL",
      "length" : 1
    },
    {
      "name" : "PMNTN_CLS_",
      "type" : "esriFieldTypeString",
      "alias" : "PMNTN_CLS_",
      "length" : 1
    },
    {
      "name" : "PMNTN_RISK",
      "type" : "esriFieldTypeString",
      "alias" : "PMNTN_RISK",
      "length" : 200
    },
    {
      "name" : "PMNTN_RECO",
      "type" : "esriFieldTypeString",
      "alias" : "PMNTN_RECO",
      "length" : 1
    },
    {
      "name" : "DATA_STDR_",
      "type" : "esriFieldTypeString",
      "alias" : "DATA_STDR_",
      "length" : 10
    },
    {
      "name" : "MNTN_ID",
      "type" : "esriFieldTypeString",
      "alias" : "MNTN_ID",
      "length" : 10
    }
  ],
  "features" : [
    {
      "attributes" : {
        "FID" : 0,
        "PMNTN_SN" : 32926,
        "MNTN_CODE" : "281100601",
        "MNTN_NM" : "송산",
        "PMNTN_NM" : "운남동구간",
        "PMNTN_MAIN" : "해양 체험장/선사 유적지",
        "PMNTN_LT" : 1.93,
        "PMNTN_DFFL" : "쉬움",
        "PMNTN_UPPL" : 34,
        "PMNTN_GODN" : 24,
        "PMNTN_MTRQ" : "토사",
        "PMNTN_CNRL" : " ",
        "PMNTN_CLS_" : " ",
        "PMNTN_RISK" : " ",
        "PMNTN_RECO" : " ",
        "DATA_STDR_" : "2016-12-31",
        "MNTN_ID" : "281100601"
      },
      "geometry" : {
        "paths" : [
          [
            [
              161257.55850000121,
              542293.01330000162
            ],
            [
              161178.95980000123,
              542271.74970000237
            ],
            [
              161109.07760000229,
              542251.63700000197
            ],
            [
              161091.62970000133,
              542246.33200000226
            ],
            [
              161069.37480000034,
              542240.45419999957
            ],
            [
              161049.82430000324,
              542235.76380000263
            ],
            [
              161042.90610000025,
              542234.00070000067
            ],
            [
              161037.49860000145,
              542233.42119999975
            ],
            [
              161030.42950000241,
              542230.77600000054
            ],
            [
              161022.87820000295,
              542229.39990000054
            ],
            [
              161014.63790000137,
              542225.90899999999
            ],
            [
              161018.41820000112,
              542227.91800000332
            ],
            [
              161010.7435000008,
              542225.25620000437
            ],
            [
              161002.64040000178,
              542223.88460000046
            ],
            [
              160993.7424999997,
              542228.93500000052
            ],
            [
              160989.00600000005,
              542234.69549999945
            ],
            [
              160987.74880000204,
              542239.49500000104
            ],
            [
              160985.60400000215,
              542247.23430000059
            ],
            [
              160981.92250000127,
              542250.00640000217
            ],
            [
              160969.86740000173,
              542245.25390000083
            ],
            [
              160953.46399999969,
              542248.04409999959
            ],
            [
              160938.78160000127,
              542250.84800000116
            ],
            [
              160926.44900000002,
              542251.07300000079
            ],
            [
              160923.33859999944,
              542248.9868999999
            ],
            [
              160919.55410000123,
              542249.87020000443
            ],
            [
              160917.48919999879,
              542252.06450000219
            ],
            [
              160918.77080000006,
              542258.14269999973
            ],
            [
              160926.99010000098,
              542268.59800000116
            ],
            [
              160928.11620000098,
              542277.91430000775
            ],
            [
              160931.43890000135,
              542282.90380000137
            ],
            [
              160936.21710000187,
              542288.42600000091
            ],
            [
              160944.4776000008,
              542293.43889999948
            ],
            [
              160948.33469999954,
              542304.90080000274
            ],
            [
              160956.19700000342,
              542308.78980000317
            ],
            [
              160959.57959999982,
              542313.92789999954
            ],
            [
              160960.159500001,
              542320.59540000185
            ],
            [
              160957.46690000221,
              542332.95319999941
            ],
            [
              160957.12409999967,
              542334.16430000216
            ],
            [
              160957.93319999985,
              542338.64800000004
            ],
            [
              160958.66310000047,
              542340.41550000198
            ],
            [
              160960.88150000107,
              542341.88070000149
            ],
            [
              160963.18920000177,
              542345.34610000253
            ],
            [
              160959.68230000138,
              542348.48829999939
            ],
            [
              160956.60660000145,
              542353.47050000168
            ],
            [
              160952.93150000274,
              542358.67890000157
            ],
            [
              160949.07010000106,
              542364.13450000063
            ],
            [
              160946.81960000284,
              542373.89950000308
            ],
            [
              160942.54970000125,
              542380.32930000313
            ],
            [
              160936.1381000001,
              542396.45370000042
            ],
            [
              160931.98929999862,
              542406.5577000007
            ],
            [
              160928.38010000344,
              542416.35209999979
            ],
            [
              160924.37920000125,
              542423.20860000141
            ],
            [
              160912.29609999899,
              542426.69820000045
            ],
            [
              160896.93989999965,
              542426.25870000198
            ],
            [
              160890.01170000341,
              542425.48169999942
            ],
            [
              160878.58470000047,
              542426.5960000027
            ],
            [
              160870.64420000184,
              542426.54950000159
            ],
            [
              160857.43350000214,
              542428.32340000197
            ],
            [
              160846.70550000016,
              542433.01610000432
            ],
            [
              160832.64510000218,
              542433.8264000006
            ],
            [
              160822.58380000107,
              542436.83220000006
            ],
            [
              160819.64670000039,
              542436.55749999732
            ],
            [
              160814.08960000146,
              542434.12769999728
            ],
            [
              160802.07990000211,
              542431.13280000165
            ],
            [
              160792.59270000271,
              542433.27070000209
            ],
            [
              160789.75860000029,
              542432.82819999941
            ],
            [
              160786.14580000099,
              542433.93360000104
            ],
            [
              160781.70110000018,
              542436.18690000288
            ],
            [
              160779.99030000065,
              542439.24349999987
            ],
            [
              160780.06419999991,
              542445.02560000122
            ],
            [
              160783.34509999957,
              542448.3703000024
            ],
            [
              160787.5259000035,
              542452.41950000264
            ],
            [
              160803.21140000224,
              542458.74690000154
            ],
            [
              160803.28760000411,
              542460.78310000338
            ],
            [
              160803.70180000272,
              542465.43490000255
            ],
            [
              160805.6174000036,
              542477.05480000004
            ],
            [
              160809.26730000321,
              542486.98250000179
            ],
            [
              160816.61260000151,
              542496.08359999955
            ],
            [
              160823.29580000136,
              542512.5465000011
            ],
            [
              160823.04009999987,
              542524.36260000244
            ],
            [
              160828.50050000381,
              542526.75580000132
            ],
            [
              160833.11220000312,
              542534.72550000064
            ],
            [
              160837.34659999982,
              542544.81709999777
            ],
            [
              160837.8666000003,
              542552.51840000041
            ],
            [
              160833.28170000203,
              542555.79169999994
            ],
            [
              160830.41550000105,
              542557.69310000166
            ],
            [
              160826.86860000342,
              542558.00210000016
            ],
            [
              160819.51610000059,
              542561.83430000208
            ],
            [
              160815.80879999977,
              542563.05700000003
            ],
            [
              160808.73280000128,
              542562.63550000265
            ],
            [
              160800.25430000201,
              542562.22990000062
            ],
            [
              160794.50850000139,
              542560.13939999975
            ],
            [
              160784.36139999982,
              542558.80800000206
            ],
            [
              160779.39700000081,
              542565.71560000256
            ],
            [
              160773.32320000324,
              542570.02350000106
            ],
            [
              160765.99409999978,
              542573.83520000055
            ],
            [
              160760.34680000413,
              542580.55069999956
            ],
            [
              160753.183699999,
              542586.53839999996
            ],
            [
              160746.26180000138,
              542598.09759999998
            ],
            [
              160738.02190000098,
              542606.84400000051
            ],
            [
              160732.68489999976,
              542611.76260000281
            ],
            [
              160727.78569999989,
              542614.64200000092
            ],
            [
              160723.03100000136,
              542614.32550000213
            ],
            [
              160718.62420000043,
              542610.85209999979
            ],
            [
              160713.37700000126,
              542601.75980000012
            ],
            [
              160712.35850000102,
              542594.880400002
            ],
            [
              160712.08220000099,
              542592.89080000669
            ],
            [
              160709.73869999964,
              542586.44559999928
            ],
            [
              160709.17490000091,
              542580.07560000196
            ],
            [
              160706.89680000022,
              542574.93249999918
            ],
            [
              160706.87420000322,
              542570.13209999725
            ],
            [
              160705.33170000091,
              542565.33910000138
            ],
            [
              160701.32310000248,
              542562.67870000005
            ],
            [
              160697.15550000034,
              542560.87490000203
            ],
            [
              160696.64850000106,
              542557.11889999919
            ],
            [
              160693.00860000122,
              542550.90310000069
            ],
            [
              160691.68980000075,
              542546.36000000127
            ],
            [
              160684.956100001,
              542528.66950000264
            ],
            [
              160683.44530000351,
              542525.88570000418
            ],
            [
              160676.74869999941,
              542522.72220000066
            ],
            [
              160668.6074000001,
              542519.99760000035
            ],
            [
              160655.7873000009,
              542512.35940000042
            ],
            [
              160637.93360000011,
              542505.82930000126
            ],
            [
              160624.0252000019,
              542504.25760000199
            ],
            [
              160617.86209999956,
              542502.20290000178
            ],
            [
              160601.29610000085,
              542498.35529999994
            ],
            [
              160583.66630000342,
              542488.98690000363
            ],
            [
              160567.51360000018,
              542476.90430000052
            ],
            [
              160548.73760000058,
              542472.91840000451
            ],
            [
              160530.78840000089,
              542469.71949999966
            ],
            [
              160522.66050000023,
              542469.21840000339
            ],
            [
              160504.04990000091,
              542465.73430000059
            ],
            [
              160493.46790000144,
              542466.77980000339
            ],
            [
              160476.13029999938,
              542469.06699999981
            ],
            [
              160462.17740000039,
              542476.86400000006
            ],
            [
              160453.23090000264,
              542480.39520000108
            ],
            [
              160443.80100000091,
              542480.51439999975
            ],
            [
              160424.26040000096,
              542487.24040000141
            ],
            [
              160413.50680000056,
              542492.72440000065
            ],
            [
              160408.48670000024,
              542490.97150000185
            ],
            [
              160404.28160000034,
              542490.66579999961
            ],
            [
              160392.88370000105,
              542485.39870000258
            ],
            [
              160377.27309999987,
              542473.55560000055
            ],
            [
              160372.20669999998,
              542468.30490000173
            ],
            [
              160360.72820000071,
              542463.24290000275
            ],
            [
              160348.41990000103,
              542459.85000000149
            ],
            [
              160339.42840000056,
              542458.61820000224
            ],
            [
              160325.95160000119,
              542446.52339999937
            ],
            [
              160317.95990000293,
              542435.72340000235
            ],
            [
              160305.7722000014,
              542420.31970000267
            ],
            [
              160292.57670000382,
              542411.25630000234
            ],
            [
              160288.91949999984,
              542412.37150000222
            ],
            [
              160277.24940000288,
              542412.24100000039
            ],
            [
              160267.18659999967,
              542404.0092999991
            ],
            [
              160258.43890000135,
              542396.39460000023
            ],
            [
              160250.44320000056,
              542391.00909999944
            ],
            [
              160234.59210000094,
              542390.9824000001
            ],
            [
              160219.77159999963,
              542390.96020000055
            ],
            [
              160206.57010000106,
              542389.99060000107
            ],
            [
              160190.33800000325,
              542387.79820000194
            ],
            [
              160178.33459999971,
              542381.54820000194
            ],
            [
              160168.21950000245,
              542374.83310000226
            ],
            [
              160155.78589999955,
              542363.89640000463
            ],
            [
              160141.71290000062,
              542351.24640000053
            ],
            [
              160138.50090000127,
              542349.31740000099
            ],
            [
              160133.66250000149,
              542342.18650000356
            ],
            [
              160130.90630000178,
              542333.2686999999
            ],
            [
              160128.88279999979,
              542327.16630000807
            ],
            [
              160126.54440000094,
              542312.60879999958
            ],
            [
              160124.12330000103,
              542304.01510000043
            ],
            [
              160121.90160000045,
              542298.33230000176
            ],
            [
              160114.68250000384,
              542297.23190000281
            ],
            [
              160106.30150000006,
              542301.21650000103
            ],
            [
              160096.82380000129,
              542305.31810000166
            ],
            [
              160089.20610000379,
              542308.62450000271
            ],
            [
              160080.26169999968,
              542314.20519999973
            ],
            [
              160070.56140000094,
              542316.25659999996
            ],
            [
              160065.68249999918,
              542316.76360000297
            ],
            [
              160058.35700000171,
              542319.76380000263
            ],
            [
              160055.8853000002,
              542323.7976000011
            ],
            [
              160052.78240000363,
              542329.59630000219
            ],
            [
              160044.06690000277,
              542338.02950000018
            ],
            [
              160043.48330000229,
              542338.46020000242
            ],
            [
              160034.18470000289,
              542341.24919999763
            ],
            [
              160028.07760000136,
              542346.28360000066
            ],
            [
              160016.41249999963,
              542353.41919999942
            ],
            [
              160003.58510000166,
              542367.0447000023
            ],
            [
              160000.57600000128,
              542367.25450000167
            ],
            [
              159998.49190000072,
              542365.54350000061
            ],
            [
              159995.22089999914,
              542362.51940000243
            ]
          ]
        ]
      }
    },
    {
      "attributes" : {
        "FID" : 1,
        "PMNTN_SN" : 32927,
        "MNTN_CODE" : "281100601",
        "MNTN_NM" : "송산",
        "PMNTN_NM" : "운남동구간",
        "PMNTN_MAIN" : " ",
        "PMNTN_LT" : 0.18,
        "PMNTN_DFFL" : "쉬움",
        "PMNTN_UPPL" : 3,
        "PMNTN_GODN" : 2,
        "PMNTN_MTRQ" : "토사",
        "PMNTN_CNRL" : " ",
        "PMNTN_CLS_" : " ",
        "PMNTN_RISK" : " ",
        "PMNTN_RECO" : " ",
        "DATA_STDR_" : "2016-12-31",
        "MNTN_ID" : "281100601"
      },
      "geometry" : {
        "paths" : [
          [
            [
              159995.22089999914,
              542362.51940000243
            ],
            [
              159987.03689999972,
              542373.17120000161
            ],
            [
              159982.56290000118,
              542380.17009999976
            ],
            [
              159972.61149999965,
              542393.67940000258
            ],
            [
              159965.747100004,
              542398.349700002
            ],
            [
              159961.05979999993,
              542404.62560000271
            ],
            [
              159959.31790000107,
              542409.38130000234
            ],
            [
              159956.63080000319,
              542414.19019999914
            ],
            [
              159954.46440000087,
              542418.50009999983
            ],
            [
              159950.51650000084,
              542427.50359999947
            ],
            [
              159944.78390000202,
              542436.18870000355
            ],
            [
              159938.49629999977,
              542440.69630000181
            ],
            [
              159933.98950000014,
              542444.70240000449
            ],
            [
              159931.62519999966,
              542452.15460000001
            ],
            [
              159930.37820000108,
              542459.19010000117
            ],
            [
              159927.97590000369,
              542464.63870000094
            ],
            [
              159923.37060000375,
              542469.47100000456
            ],
            [
              159919.9254999999,
              542471.69730000012
            ],
            [
              159917.24520000163,
              542480.25390000083
            ],
            [
              159913.93200000003,
              542487.67030000128
            ],
            [
              159910.80910000112,
              542492.46670000069
            ],
            [
              159903.42810000107,
              542500.33500000089
            ],
            [
              159901.83639999945,
              542504.97110000253
            ],
            [
              159900.10520000104,
              542514.16829999909
            ]
          ]
        ]
      }
    },
    {
      "attributes" : {
        "FID" : 2,
        "PMNTN_SN" : 32928,
        "MNTN_CODE" : "281100601",
        "MNTN_NM" : "송산",
        "PMNTN_NM" : "운남동구간",
        "PMNTN_MAIN" : " ",
        "PMNTN_LT" : 0.59,
        "PMNTN_DFFL" : "쉬움",
        "PMNTN_UPPL" : 10,
        "PMNTN_GODN" : 7,
        "PMNTN_MTRQ" : "토사",
        "PMNTN_CNRL" : " ",
        "PMNTN_CLS_" : " ",
        "PMNTN_RISK" : " ",
        "PMNTN_RECO" : " ",
        "DATA_STDR_" : "2016-12-31",
        "MNTN_ID" : "281100601"
      },
      "geometry" : {
        "paths" : [
          [
            [
              160420.12289999984,
              542066.54730000161
            ],
            [
              160404.92250000313,
              542083.08740000054
            ],
            [
              160400.79820000194,
              542084.79569999874
            ],
            [
              160395.20760000031,
              542085.98320000246
            ],
            [
              160371.4691000022,
              542091.38630000129
            ],
            [
              160367.43340000045,
              542093.97290000133
            ],
            [
              160366.03630000073,
              542098.00460000336
            ],
            [
              160364.54409999959,
              542100.96240000054
            ],
            [
              160362.77590000071,
              542106.15300000273
            ],
            [
              160363.39780000132,
              542111.10119999945
            ],
            [
              160363.34830000065,
              542116.32709999941
            ],
            [
              160360.72600000072,
              542122.51950000226
            ],
            [
              160354.68539999891,
              542122.35730000027
            ],
            [
              160349.88840000052,
              542118.05260000005
            ],
            [
              160341.75000000093,
              542113.90030000173
            ],
            [
              160331.26400000229,
              542108.0428000018
            ],
            [
              160325.79430000018,
              542108.44099999964
            ],
            [
              160312.35100000165,
              542114.36590000428
            ],
            [
              160298.4068,
              542116.3302000016
            ],
            [
              160291.50779999979,
              542115.50720000081
            ],
            [
              160276.57280000392,
              542117.58400000259
            ],
            [
              160263.7463999996,
              542118.59810000099
            ],
            [
              160260.49419999961,
              542120.40150000341
            ],
            [
              160260.05280000251,
              542123.07210000232
            ],
            [
              160253.87180000171,
              542126.355100004
            ],
            [
              160242.1034000013,
              542133.36280000396
            ],
            [
              160228.27030000091,
              542139.93180000223
            ],
            [
              160218.09740000032,
              542150.65100000054
            ],
            [
              160210.0493999999,
              542162.32760000229
            ],
            [
              160202.49040000048,
              542170.78299999982
            ],
            [
              160196.26999999955,
              542181.66009999998
            ],
            [
              160189.61200000159,
              542191.16050000302
            ],
            [
              160180.95529999956,
              542199.42360000126
            ],
            [
              160170.4394000005,
              542204.94830000028
            ],
            [
              160158.61410000082,
              542211.18200000189
            ],
            [
              160145.85089999996,
              542219.73680000193
            ],
            [
              160131.06990000047,
              542224.94280000031
            ],
            [
              160122.32930000313,
              542228.17569999956
            ],
            [
              160120.09870000277,
              542228.39100000449
            ],
            [
              160109.30970000103,
              542231.16849999875
            ],
            [
              160094.09890000056,
              542234.86030000076
            ],
            [
              160080.43080000207,
              542238.68420000188
            ],
            [
              160066.1704000039,
              542241.09690000303
            ],
            [
              160059.33260000125,
              542242.23690000176
            ],
            [
              160055.11520000082,
              542243.02040000074
            ],
            [
              160050.40730000008,
              542245.06269999966
            ],
            [
              160045.51470000017,
              542249.29270000011
            ],
            [
              160040.31740000006,
              542255.98809999973
            ],
            [
              160034.1268000016,
              542263.80580000021
            ],
            [
              160031.66690000053,
              542270.78390000202
            ],
            [
              160025.97390000056,
              542274.80199999921
            ],
            [
              160021.61789999995,
              542281.25570000149
            ],
            [
              160019.18869999982,
              542286.16909999959
            ],
            [
              160015.03960000258,
              542287.33110000193
            ],
            [
              160009.72290000133,
              542290.51620000228
            ],
            [
              160004.02209999971,
              542309.83799999952
            ],
            [
              160000.8228999991,
              542330.6643000003
            ],
            [
              159994.81720000133,
              542349.11329999939
            ],
            [
              159995.11840000004,
              542362.42459999956
            ],
            [
              159995.22089999914,
              542362.51940000243
            ]
          ]
        ]
      }
    }
  ]
}