{
  "displayFieldName" : "",
  "fieldAliases" : {
    "FID" : "FID",
    "PMNTN_SN" : "PMNTN_SN",
    "MNTN_CODE" : "MNTN_CODE",
    "MNTN_NM" : "MNTN_NM",
    "PMNTN_NM" : "PMNTN_NM",
    "PMNTN_MAIN" : "PMNTN_MAIN",
    "PMNTN_LT" : "PMNTN_LT",
    "PMNTN_DFFL" : "PMNTN_DFFL",
    "PMNTN_UPPL" : "PMNTN_UPPL",
    "PMNTN_GODN" : "PMNTN_GODN",
    "PMNTN_MTRQ" : "PMNTN_MTRQ",
    "PMNTN_CNRL" : "PMNTN_CNRL",
    "PMNTN_CLS_" : "PMNTN_CLS_",
    "PMNTN_RISK" : "PMNTN_RISK",
    "PMNTN_RECO" : "PMNTN_RECO",
    "DATA_STDR_" : "DATA_STDR_",
    "MNTN_ID" : "MNTN_ID"
  },
  "geometryType" : "esriGeometryPolyline",
  "spatialReference" : {
    "wkt" : "PROJCS[\"PCS_ITRF2000_TM\",GEOGCS[\"GCS_ITRF_2000\",DATUM[\"D_ITRF_2000\",SPHEROID[\"GRS_1980\",6378137.0,298.257222101]],PRIMEM[\"Greenwich\",0.0],UNIT[\"Degree\",0.0174532925199433]],PROJECTION[\"Transverse_Mercator\"],PARAMETER[\"False_Easting\",200000.0],PARAMETER[\"False_Northing\",600000.0],PARAMETER[\"Central_Meridian\",127.0],PARAMETER[\"Scale_Factor\",1.0],PARAMETER[\"Latitude_Of_Origin\",38.0],UNIT[\"Meter\",1.0]]"
  },
  "fields" : [
    {
      "name" : "FID",
      "type" : "esriFieldTypeOID",
      "alias" : "FID"
    },
    {
      "name" : "PMNTN_SN",
      "type" : "esriFieldTypeDouble",
      "alias" : "PMNTN_SN"
    },
    {
      "name" : "MNTN_CODE",
      "type" : "esriFieldTypeString",
      "alias" : "MNTN_CODE",
      "length" : 9
    },
    {
      "name" : "MNTN_NM",
      "type" : "esriFieldTypeString",
      "alias" : "MNTN_NM",
      "length" : 50
    },
    {
      "name" : "PMNTN_NM",
      "type" : "esriFieldTypeString",
      "alias" : "PMNTN_NM",
      "length" : 50
    },
    {
      "name" : "PMNTN_MAIN",
      "type" : "esriFieldTypeString",
      "alias" : "PMNTN_MAIN",
      "length" : 200
    },
    {
      "name" : "PMNTN_LT",
      "type" : "esriFieldTypeSingle",
      "alias" : "PMNTN_LT"
    },
    {
      "name" : "PMNTN_DFFL",
      "type" : "esriFieldTypeString",
      "alias" : "PMNTN_DFFL",
      "length" : 8
    },
    {
      "name" : "PMNTN_UPPL",
      "type" : "esriFieldTypeDouble",
      "alias" : "PMNTN_UPPL"
    },
    {
      "name" : "PMNTN_GODN",
      "type" : "esriFieldTypeDouble",
      "alias" : "PMNTN_GODN"
    },
    {
      "name" : "PMNTN_MTRQ",
      "type" : "esriFieldTypeString",
      "alias" : "PMNTN_MTRQ",
      "length" : 200
    },
    {
      "name" : "PMNTN_CNRL",
      "type" : "esriFieldTypeString",
      "alias" : "PMNTN_CNRL",
      "length" : 1
    },
    {
      "name" : "PMNTN_CLS_",
      "type" : "esriFieldTypeString",
      "alias" : "PMNTN_CLS_",
      "length" : 1
    },
    {
      "name" : "PMNTN_RISK",
      "type" : "esriFieldTypeString",
      "alias" : "PMNTN_RISK",
      "length" : 200
    },
    {
      "name" : "PMNTN_RECO",
      "type" : "esriFieldTypeString",
      "alias" : "PMNTN_RECO",
      "length" : 1
    },
    {
      "name" : "DATA_STDR_",
      "type" : "esriFieldTypeString",
      "alias" : "DATA_STDR_",
      "length" : 10
    },
    {
      "name" : "MNTN_ID",
      "type" : "esriFieldTypeString",
      "alias" : "MNTN_ID",
      "length" : 10
    }
  ],
  "features" : [
    {
      "attributes" : {
        "FID" : 0,
        "PMNTN_SN" : 14568,
        "MNTN_CODE" : "441505901",
        "MNTN_NM" : "둔주봉",
        "PMNTN_NM" : "연주리구간",
        "PMNTN_MAIN" : " ",
        "PMNTN_LT" : 0.46,
        "PMNTN_DFFL" : "중간",
        "PMNTN_UPPL" : 10,
        "PMNTN_GODN" : 7,
        "PMNTN_MTRQ" : " ",
        "PMNTN_CNRL" : " ",
        "PMNTN_CLS_" : " ",
        "PMNTN_RISK" : " ",
        "PMNTN_RECO" : " ",
        "DATA_STDR_" : "2016-12-31",
        "MNTN_ID" : "441505901"
      },
      "geometry" : {
        "paths" : [
          [
            [
              259496.56250000373,
              417227.06220000051
            ],
            [
              259499.0055000009,
              417218.84740000404
            ],
            [
              259502.29220000003,
              417214.04549999908
            ],
            [
              259508.00510000065,
              417208.84520000219
            ],
            [
              259513.25740000047,
              417207.48179999925
            ],
            [
              259520.61380000226,
              417206.01190000214
            ],
            [
              259527.37119999994,
              417199.93329999968
            ],
            [
              259533.76549999975,
              417197.52160000429
            ],
            [
              259537.96220000088,
              417194.38730000332
            ],
            [
              259542.37899999972,
              417191.24230000004
            ],
            [
              259546.87270000111,
              417187.26620000228
            ],
            [
              259552.3992000008,
              417185.06110000052
            ],
            [
              259556.33050000202,
              417180.36199999973
            ],
            [
              259563.65610000119,
              417178.88460000046
            ],
            [
              259567.50870000292,
              417175.21810000762
            ],
            [
              259572.48970000073,
              417173.12250000052
            ],
            [
              259576.21060000081,
              417169.55540000275
            ],
            [
              259578.29279999994,
              417164.76540000178
            ],
            [
              259581.69930000231,
              417160.84699999914
            ],
            [
              259583.84620000329,
              417156.57600000314
            ],
            [
              259584.56860000081,
              417153.29730000161
            ],
            [
              259584.30389999971,
              417149.84260000102
            ],
            [
              259585.22500000056,
              417144.80220000073
            ],
            [
              259585.13960000034,
              417138.83479999937
            ],
            [
              259588.79140000232,
              417134.14480000176
            ],
            [
              259590.5393000003,
              417129.13120000251
            ],
            [
              259594.90699999966,
              417125.91500000283
            ],
            [
              259597.01820000075,
              417123.80040000193
            ],
            [
              259596.93500000052,
              417117.86400000192
            ],
            [
              259593.31190000102,
              417114.81870000251
            ],
            [
              259592.56200000085,
              417109.44280000031
            ],
            [
              259597.90959999897,
              417105.92280000262
            ],
            [
              259603.59360000025,
              417105.23630000278
            ],
            [
              259607.73199999984,
              417103.35060000233
            ],
            [
              259612.76180000231,
              417101.48330000229
            ],
            [
              259614.91710000206,
              417096.76459999941
            ],
            [
              259614.55410000216,
              417091.5231999997
            ],
            [
              259616.15460000187,
              417085.63419999927
            ],
            [
              259618.22280000057,
              417081.25899999961
            ],
            [
              259618.80870000273,
              417075.96079999954
            ],
            [
              259620.70689999964,
              417073.52010000125
            ],
            [
              259624.52140000183,
              417072.80370000005
            ],
            [
              259628.42730000056,
              417069.39730000123
            ],
            [
              259630.32290000003,
              417064.67029999755
            ],
            [
              259634.02790000197,
              417060.93520000204
            ],
            [
              259633.23280000035,
              417055.34109999985
            ],
            [
              259636.14570000209,
              417049.46209999919
            ],
            [
              259641.69440000039,
              417046.77490000427
            ],
            [
              259644.73770000041,
              417042.44880000129
            ],
            [
              259650.33000000101,
              417042.19720000215
            ],
            [
              259655.37689999957,
              417040.04490000196
            ],
            [
              259660.41910000145,
              417038.4710000027
            ],
            [
              259663.30640000291,
              417035.03680000454
            ],
            [
              259665.68610000052,
              417030.01810000464
            ],
            [
              259667.72080000117,
              417025.81850000285
            ],
            [
              259671.48440000135,
              417022.09129999951
            ],
            [
              259675.387099999,
              417019.59899999946
            ],
            [
              259676.39410000201,
              417013.7423000019
            ],
            [
              259681.52539999969,
              417011.58550000191
            ],
            [
              259686.48980000056,
              417013.77420000173
            ],
            [
              259692.2686999999,
              417015.04610000364
            ],
            [
              259697.39400000125,
              417015.22030000761
            ],
            [
              259702.45320000034,
              417015.6651000008
            ],
            [
              259706.21660000086,
              417013.98000000045
            ],
            [
              259711.33080000244,
              417011.46550000459
            ],
            [
              259715.58650000114,
              417007.36920000054
            ],
            [
              259719.73650000151,
              417003.90780000016
            ],
            [
              259723.54779999983,
              417000.69330000132
            ],
            [
              259726.64400000125,
              416996.91510000452
            ],
            [
              259730.12650000118,
              416992.11590000242
            ],
            [
              259733.9328000024,
              416988.06980000064
            ],
            [
              259737.96210000105,
              416983.53879999928
            ],
            [
              259743.2472000001,
              416979.14690000005
            ],
            [
              259746.45020000078,
              416976.60630000383
            ],
            [
              259752.4693,
              416974.68640000001
            ],
            [
              259757.27730000112,
              416972.45079999976
            ],
            [
              259761.9514000006,
              416975.06609999761
            ],
            [
              259765.80510000139,
              416976.85820000246
            ],
            [
              259765.59440000169,
              416982.03830000199
            ],
            [
              259761.52440000046,
              416985.68180000037
            ],
            [
              259760.00519999862,
              416991.27830000035
            ],
            [
              259760.35059999954,
              416996.59610000066
            ],
            [
              259761.44710000046,
              417002.61790000089
            ],
            [
              259766.9087553015,
              417004.1717541758
            ],
            [
              259767.05830000062,
              417004.2143000029
            ]
          ]
        ]
      }
    },
    {
      "attributes" : {
        "FID" : 1,
        "PMNTN_SN" : 14569,
        "MNTN_CODE" : "441505901",
        "MNTN_NM" : "둔주봉",
        "PMNTN_NM" : "연주리구간",
        "PMNTN_MAIN" : " ",
        "PMNTN_LT" : 0.01,
        "PMNTN_DFFL" : "쉬움",
        "PMNTN_UPPL" : 1,
        "PMNTN_GODN" : 0,
        "PMNTN_MTRQ" : " ",
        "PMNTN_CNRL" : " ",
        "PMNTN_CLS_" : " ",
        "PMNTN_RISK" : " ",
        "PMNTN_RECO" : " ",
        "DATA_STDR_" : "2016-12-31",
        "MNTN_ID" : "441505901"
      },
      "geometry" : {
        "paths" : [
          [
            [
              259496.56250000373,
              417227.06220000051
            ],
            [
              259486.66786402091,
              417225.20412796363
            ]
          ]
        ]
      }
    },
    {
      "attributes" : {
        "FID" : 2,
        "PMNTN_SN" : 14570,
        "MNTN_CODE" : "441505901",
        "MNTN_NM" : "둔주봉",
        "PMNTN_NM" : "연주리구간",
        "PMNTN_MAIN" : " ",
        "PMNTN_LT" : 0.01,
        "PMNTN_DFFL" : "쉬움",
        "PMNTN_UPPL" : 1,
        "PMNTN_GODN" : 0,
        "PMNTN_MTRQ" : " ",
        "PMNTN_CNRL" : " ",
        "PMNTN_CLS_" : " ",
        "PMNTN_RISK" : " ",
        "PMNTN_RECO" : " ",
        "DATA_STDR_" : "2016-12-31",
        "MNTN_ID" : "441505901"
      },
      "geometry" : {
        "paths" : [
          [
            [
              259650.62789999973,
              417301.7499000039
            ],
            [
              259650.57589485589,
              417301.76701851934
            ],
            [
              259641.53350000083,
              417304.74350000173
            ],
            [
              259639.01080000121,
              417305.16389999911
            ]
          ]
        ]
      }
    },
    {
      "attributes" : {
        "FID" : 3,
        "PMNTN_SN" : 14571,
        "MNTN_CODE" : "441505901",
        "MNTN_NM" : "둔주봉",
        "PMNTN_NM" : "연주리구간",
        "PMNTN_MAIN" : " ",
        "PMNTN_LT" : 0.33,
        "PMNTN_DFFL" : "쉬움",
        "PMNTN_UPPL" : 6,
        "PMNTN_GODN" : 4,
        "PMNTN_MTRQ" : " ",
        "PMNTN_CNRL" : " ",
        "PMNTN_CLS_" : " ",
        "PMNTN_RISK" : " ",
        "PMNTN_RECO" : " ",
        "DATA_STDR_" : "2016-12-31",
        "MNTN_ID" : "441505901"
      },
      "geometry" : {
        "paths" : [
          [
            [
              259722.28320000134,
              416941.41790000349
            ],
            [
              259729.11870000232,
              416938.42810000293
            ],
            [
              259734.63040000014,
              416936.24589999951
            ],
            [
              259740.79070000071,
              416939.10210000165
            ],
            [
              259746.77520000283,
              416940.11050000042
            ],
            [
              259751.68970000092,
              416939.71660000086
            ],
            [
              259757.27759999968,
              416939.95930000022
            ],
            [
              259763.05289999954,
              416939.52220000327
            ],
            [
              259768.94799999986,
              416937.65560000017
            ],
            [
              259774.94080000371,
              416935.55260000192
            ],
            [
              259780.55140000302,
              416933.55970000103
            ],
            [
              259786.05840000417,
              416930.30619999953
            ],
            [
              259790.70590000227,
              416927.72420000285
            ],
            [
              259795.30399999954,
              416924.22369999997
            ],
            [
              259799.45249999966,
              416920.70710000023
            ],
            [
              259803.87540000025,
              416916.54820000008
            ],
            [
              259808.23819999956,
              416911.46570000239
            ],
            [
              259813.28110000119,
              416908.11710000224
            ],
            [
              259817.7900000019,
              416904.69580000453
            ],
            [
              259823.97140000015,
              416902.74420000054
            ],
            [
              259829.49500000011,
              416900.75000000186
            ],
            [
              259840.41140000243,
              416896.99650000036
            ],
            [
              259851.04619999975,
              416894.68239999935
            ],
            [
              259856.76410000026,
              416895.02000000142
            ],
            [
              259861.94640000258,
              416897.86720000021
            ],
            [
              259865.78050000034,
              416902.76700000092
            ],
            [
              259869.37430000119,
              416907.77460000105
            ],
            [
              259869.45529999956,
              416913.12859999947
            ],
            [
              259865.4907999998,
              416916.68500000052
            ],
            [
              259860.61370000057,
              416920.24970000423
            ],
            [
              259855.76360000204,
              416923.8590000011
            ],
            [
              259852.03140000161,
              416926.55510000139
            ],
            [
              259847.9768000003,
              416929.55689999834
            ],
            [
              259843.22200000007,
              416933.07269999944
            ],
            [
              259839.57060000114,
              416936.66530000046
            ],
            [
              259836.93369999994,
              416940.42760000005
            ],
            [
              259833.88790000137,
              416943.3730999995
            ],
            [
              259830.05330000259,
              416945.70170000196
            ],
            [
              259828.13780000061,
              416947.03700000234
            ],
            [
              259826.79010000359,
              416948.20160000026
            ],
            [
              259824.48230000399,
              416951.77790000103
            ],
            [
              259824.60080000013,
              416956.58750000224
            ],
            [
              259822.54970000032,
              416960.0476000011
            ],
            [
              259819.62690000236,
              416961.61290000193
            ],
            [
              259819.56560000125,
              416964.19650000334
            ],
            [
              259818.94920000061,
              416968.62230000272
            ],
            [
              259818.55370000191,
              416973.26230000146
            ],
            [
              259820.14060000051,
              416978.58770000003
            ],
            [
              259821.42329999991,
              416982.89240000024
            ],
            [
              259819.51350000035,
              416985.80200000107
            ],
            [
              259811.31919999886,
              416987.49090000056
            ],
            [
              259806.79400000069,
              416988.77410000004
            ],
            [
              259797.04270000197,
              416991.75730000064
            ],
            [
              259787.22790000308,
              416994.16379999928
            ],
            [
              259778.31040000077,
              416996.90919999965
            ],
            [
              259771.25180000253,
              417003.13189999945
            ],
            [
              259767.15479278378,
              417004.18939389102
            ],
            [
              259767.05830000062,
              417004.2143000029
            ]
          ]
        ]
      }
    },
    {
      "attributes" : {
        "FID" : 4,
        "PMNTN_SN" : 14572,
        "MNTN_CODE" : "441505901",
        "MNTN_NM" : "둔주봉",
        "PMNTN_NM" : "연주리구간",
        "PMNTN_MAIN" : " ",
        "PMNTN_LT" : 2.17,
        "PMNTN_DFFL" : "쉬움",
        "PMNTN_UPPL" : 47,
        "PMNTN_GODN" : 33,
        "PMNTN_MTRQ" : " ",
        "PMNTN_CNRL" : " ",
        "PMNTN_CLS_" : " ",
        "PMNTN_RISK" : " ",
        "PMNTN_RECO" : " ",
        "DATA_STDR_" : "2016-12-31",
        "MNTN_ID" : "441505901"
      },
      "geometry" : {
        "paths" : [
          [
            [
              259650.62789999973,
              417301.7499000039
            ],
            [
              259650.68516238686,
              417301.76129291579
            ],
            [
              259654.68450000137,
              417302.55700000376
            ],
            [
              259658.02470000088,
              417304.70460000262
            ],
            [
              259662.95290000085,
              417305.90350000188
            ],
            [
              259667.62540000025,
              417307.877700001
            ],
            [
              259675.07670000009,
              417314.75800000131
            ],
            [
              259680.14780000132,
              417317.91379999928
            ],
            [
              259681.79770000093,
              417323.17760000005
            ],
            [
              259684.78619999997,
              417328.62850000151
            ],
            [
              259689.16300000064,
              417333.40029999986
            ],
            [
              259690.86500000115,
              417338.95160000026
            ],
            [
              259699.29250000045,
              417353.56920000166
            ],
            [
              259701.98060000408,
              417361.27590000443
            ],
            [
              259703.59190000035,
              417364.86530000158
            ],
            [
              259705.55040000193,
              417372.06269999966
            ],
            [
              259707.83519999962,
              417377.36580000073
            ],
            [
              259710.22169999965,
              417382.71010000259
            ],
            [
              259713.26230000332,
              417388.22000000253
            ],
            [
              259717.70860000048,
              417392.41770000197
            ],
            [
              259722.23750000168,
              417396.36140000261
            ],
            [
              259727.02560000028,
              417400.46959999949
            ],
            [
              259731.12479999941,
              417405.32809999958
            ],
            [
              259734.06440000329,
              417410.70050000399
            ],
            [
              259736.29569999967,
              417416.03070000187
            ],
            [
              259740.25210000109,
              417420.30080000497
            ],
            [
              259744.80449999962,
              417423.56010000408
            ],
            [
              259748.79710000381,
              417428.03610000014
            ],
            [
              259751.76209999993,
              417432.84260000288
            ],
            [
              259758.20260000229,
              417440.82600000128
            ],
            [
              259763.35220000055,
              417448.54690000042
            ],
            [
              259767.59240000136,
              417459.43989999779
            ],
            [
              259768.04610000085,
              417470.98670000024
            ],
            [
              259769.12820000108,
              417477.15350000001
            ],
            [
              259771.52200000081,
              417483.87509999983
            ],
            [
              259772.63819999993,
              417489.67310000025
            ],
            [
              259775.46470000036,
              417507.33809999935
            ],
            [
              259776.49850000069,
              417512.94449999928
            ],
            [
              259777.97640000097,
              417523.54790000245
            ],
            [
              259773.46480000298,
              417536.8227000013
            ],
            [
              259767.37790000066,
              417547.82960000075
            ],
            [
              259766.86010000017,
              417552.43900000304
            ],
            [
              259768.38260000013,
              417558.58060000278
            ],
            [
              259768.72900000028,
              417563.47240000404
            ],
            [
              259769.62200000323,
              417567.49599999934
            ],
            [
              259767.611800001,
              417572.93530000001
            ],
            [
              259765.49980000034,
              417575.51040000096
            ],
            [
              259763.78620000184,
              417580.99630000442
            ],
            [
              259761.18370000273,
              417585.30619999953
            ],
            [
              259751.18010000233,
              417600.48069999926
            ],
            [
              259745.29950000253,
              417605.1034000013
            ],
            [
              259741.43499999959,
              417610.16080000252
            ],
            [
              259737.95940000005,
              417614.26700000279
            ],
            [
              259733.63169999979,
              417618.03780000098
            ],
            [
              259727.95770000108,
              417620.88350000419
            ],
            [
              259723.42910000123,
              417623.47810000181
            ],
            [
              259711.63240000047,
              417638.30330000073
            ],
            [
              259701.90320000052,
              417657.0316000022
            ],
            [
              259696.1557,
              417667.39180000313
            ],
            [
              259693.64340000227,
              417672.23440000229
            ],
            [
              259686.97420000285,
              417680.65910000168
            ],
            [
              259684.30439999979,
              417683.21849999949
            ],
            [
              259680.99860000052,
              417685.67530000024
            ],
            [
              259679.31570000201,
              417687.73670000024
            ],
            [
              259677.80050000362,
              417690.76680000126
            ],
            [
              259677.62150000036,
              417694.29070000164
            ],
            [
              259678.62210000027,
              417700.54370000213
            ],
            [
              259675.92330000363,
              417704.48700000346
            ],
            [
              259670.60480000172,
              417714.6128000021
            ],
            [
              259667.38810000289,
              417722.34430000186
            ],
            [
              259665.11629999988,
              417727.70010000095
            ],
            [
              259658.71230000071,
              417728.89360000193
            ],
            [
              259653.80489999987,
              417728.82260000147
            ],
            [
              259648.34430000279,
              417730.25670000166
            ],
            [
              259643.10380000155,
              417730.87950000167
            ],
            [
              259638.2352,
              417733.05100000463
            ],
            [
              259634.66170000006,
              417736.43150000274
            ],
            [
              259632.36350000091,
              417741.07780000195
            ],
            [
              259625.77930000238,
              417749.67569999956
            ],
            [
              259625.39800000004,
              417754.29630000144
            ],
            [
              259627.34610000346,
              417758.40640000254
            ],
            [
              259630.16069999989,
              417761.22680000216
            ],
            [
              259633.0437000012,
              417764.5903000012
            ],
            [
              259636.71580000315,
              417767.83970000222
            ],
            [
              259641.99239999987,
              417770.52140000276
            ],
            [
              259651.71520000137,
              417776.98409999907
            ],
            [
              259657.15610000212,
              417779.70530000329
            ],
            [
              259662.5167000005,
              417782.76979999989
            ],
            [
              259666.91640000232,
              417786.49450000189
            ],
            [
              259668.5203999998,
              417792.48270000145
            ],
            [
              259669.36819999944,
              417801.77180000022
            ],
            [
              259670.70080000348,
              417808.08090000227
            ],
            [
              259670.82629999984,
              417813.35579999909
            ],
            [
              259671.4206000017,
              417818.74100000039
            ],
            [
              259671.43169999868,
              417824.89170000143
            ],
            [
              259669.35440000147,
              417835.74560000002
            ],
            [
              259667.5055000009,
              417840.01650000177
            ],
            [
              259665.33490000013,
              417844.81470000371
            ],
            [
              259663.17990000267,
              417849.2695000004
            ],
            [
              259661.40220000036,
              417853.96160000004
            ],
            [
              259660.53590000235,
              417858.23770000227
            ],
            [
              259660.62659999914,
              417863.35319999978
            ],
            [
              259660.71900000051,
              417868.65589999966
            ],
            [
              259658.94230000395,
              417874.55130000226
            ],
            [
              259657.63480000105,
              417878.7544000037
            ],
            [
              259657.01180000044,
              417884.04670000449
            ],
            [
              259655.25470000133,
              417887.91670000181
            ],
            [
              259650.74569999985,
              417889.84329999983
            ],
            [
              259646.09750000108,
              417889.86109999754
            ],
            [
              259641.11350000277,
              417889.45280000195
            ],
            [
              259636.82460000273,
              417888.13380000181
            ],
            [
              259632.14219999965,
              417886.71770000458
            ],
            [
              259627.9796000002,
              417884.3927000016
            ],
            [
              259619.65689999983,
              417880.96750000305
            ],
            [
              259615.12310000323,
              417884.11430000141
            ],
            [
              259614.20359999966,
              417889.45900000259
            ],
            [
              259613.91659999918,
              417894.86849999987
            ],
            [
              259616.28830000013,
              417898.84009999968
            ],
            [
              259616.28430000134,
              417898.85500000231
            ],
            [
              259616.26630000025,
              417898.83779999986
            ],
            [
              259616.29220000003,
              417898.9151000008
            ],
            [
              259623.9560000021,
              417902.49830000475
            ],
            [
              259632.28369999956,
              417906.39210000075
            ],
            [
              259638.42290000059,
              417909.26249999925
            ],
            [
              259641.85479999986,
              417910.73120000213
            ],
            [
              259644.94260000065,
              417912.59889999963
            ],
            [
              259648.04260000121,
              417914.92090000212
            ],
            [
              259650.94810000062,
              417916.72970000096
            ],
            [
              259653.63390000071,
              417919.61250000261
            ],
            [
              259655.82469999883,
              417923.16339999996
            ],
            [
              259657.90309999976,
              417927.24910000153
            ],
            [
              259659.99570000265,
              417931.84029999934
            ],
            [
              259662.07290000375,
              417936.65680000186
            ],
            [
              259663.64910000004,
              417940.61570000276
            ],
            [
              259664.89060000051,
              417943.99760000221
            ],
            [
              259666.19800000079,
              417947.3506000042
            ],
            [
              259667.75590000115,
              417950.84550000168
            ],
            [
              259669.40090000071,
              417954.62340000272
            ],
            [
              259670.93769999966,
              417958.80810000189
            ],
            [
              259672.75690000318,
              417962.97069999948
            ],
            [
              259674.71850000229,
              417967.28240000084
            ],
            [
              259676.66019999981,
              417971.85209999979
            ],
            [
              259678.71890000161,
              417976.61380000226
            ],
            [
              259680.85630000383,
              417981.51180000044
            ],
            [
              259683.56680000015,
              417986.19150000066
            ],
            [
              259686.60590000171,
              417990.7313000001
            ],
            [
              259689.75820000004,
              417994.21790000051
            ],
            [
              259692.60280000139,
              417997.20289999992
            ],
            [
              259695.69030000083,
              417999.94390000403
            ],
            [
              259698.99510000274,
              418002.37360000052
            ],
            [
              259702.40230000298,
              418004.85090000369
            ],
            [
              259705.82299999986,
              418007.40379999951
            ],
            [
              259709.22140000388,
              418010.07440000027
            ],
            [
              259712.85850000195,
              418012.72350000031
            ],
            [
              259716.5764000006,
              418015.62749999948
            ],
            [
              259720.54910000134,
              418018.46480000578
            ],
            [
              259724.21940000076,
              418021.26380000077
            ],
            [
              259727.62009999994,
              418024.00779999979
            ],
            [
              259731.10539999977,
              418026.84559999965
            ],
            [
              259734.05830000062,
              418029.15350000188
            ],
            [
              259735.71320000291,
              418030.47900000028
            ],
            [
              259736.58690000325,
              418031.04190000147
            ],
            [
              259737.28690000065,
              418031.63700000197
            ],
            [
              259738.40429999959,
              418032.49810000136
            ],
            [
              259739.74899999984,
              418033.67520000041
            ],
            [
              259741.67870000005,
              418035.15070000105
            ],
            [
              259744.06929999962,
              418037.11370000057
            ],
            [
              259747.04360000417,
              418039.29150000215
            ],
            [
              259750.28270000219,
              418041.56540000066
            ],
            [
              259753.6359000029,
              418044.11350000091
            ],
            [
              259757.1102,
              418046.90610000119
            ],
            [
              259760.74080000259,
              418049.68050000258
            ],
            [
              259763.82420000061,
              418052.2976000011
            ],
            [
              259766.49139999878,
              418054.7145000007
            ],
            [
              259768.93220000062,
              418057.20069999993
            ],
            [
              259771.424300001,
              418059.98500000313
            ],
            [
              259773.67530000024,
              418063.4821000006
            ],
            [
              259775.5025000032,
              418067.72990000062
            ],
            [
              259776.95480000041,
              418072.23060000315
            ],
            [
              259778.0234000003,
              418076.97900000028
            ],
            [
              259778.68560000323,
              418082.15370000154
            ],
            [
              259778.35870000068,
              418087.54420000128
            ],
            [
              259777.44280000124,
              418091.86440000311
            ],
            [
              259775.76970000006,
              418095.80020000041
            ],
            [
              259773.78600000124,
              418099.2265000008
            ],
            [
              259771.664900003,
              418102.51630000025
            ],
            [
              259769.57580000255,
              418105.6173000019
            ],
            [
              259767.29730000068,
              418108.9915000014
            ],
            [
              259765.19590000063,
              418112.19210000336
            ],
            [
              259762.86570000183,
              418115.16160000302
            ],
            [
              259760.74020000082,
              418118.12580000423
            ],
            [
              259758.98070000019,
              418121.7797000017
            ],
            [
              259757.5764000006,
              418125.26479999721
            ],
            [
              259755.6584999999,
              418128.45199999958
            ],
            [
              259755.10710000154,
              418132.21630000137
            ],
            [
              259754.6241000006,
              418135.69200000353
            ],
            [
              259754.89220000152,
              418138.22450000048
            ],
            [
              259756.28270000219,
              418141.46140000038
            ],
            [
              259758.81960000005,
              418145.1026000008
            ],
            [
              259760.60250000004,
              418146.14579999819
            ],
            [
              259763.25560000353,
              418147.8227000013
            ],
            [
              259766.1408000011,
              418149.05520000122
            ],
            [
              259768.89810000174,
              418149.41580000147
            ],
            [
              259771.19260000065,
              418149.78619999997
            ],
            [
              259773.57780000288,
              418149.86000000127
            ],
            [
              259776.50740000047,
              418150.03710000217
            ],
            [
              259780.22460000031,
              418149.76769999973
            ],
            [
              259783.45160000212,
              418149.75300000235
            ],
            [
              259786.31560000218,
              418149.81849999912
            ],
            [
              259789.63810000103,
              418150.47279999964
            ],
            [
              259793.1641000025,
              418152.14020000026
            ],
            [
              259796.26740000211,
              418154.32420000248
            ],
            [
              259798.64830000047,
              418157.08700000122
            ],
            [
              259800.37620000355,
              418160.22199999914
            ],
            [
              259801.52540000156,
              418163.71880000085
            ],
            [
              259802.80700000003,
              418167.53740000166
            ],
            [
              259804.03910000063,
              418171.93229999952
            ],
            [
              259805.24200000055,
              418176.1612999998
            ],
            [
              259806.34610000066,
              418180.14300000109
            ],
            [
              259807.32460000366,
              418183.84930000082
            ],
            [
              259808.48900000099,
              418187.4940000046
            ],
            [
              259809.86630000081,
              418191.35930000059
            ],
            [
              259811.0129000023,
              418194.77300000004
            ],
            [
              259812.32230000012,
              418197.88080000132
            ],
            [
              259813.68169999961,
              418200.88650000095
            ],
            [
              259815.07030000351,
              418203.99650000222
            ],
            [
              259816.76030000392,
              418207.20329999924
            ],
            [
              259818.86560000293,
              418210.25299999863
            ],
            [
              259821.11300000083,
              418213.50699999928
            ],
            [
              259823.87640000228,
              418216.38359999843
            ],
            [
              259826.94840000104,
              418218.78529999964
            ],
            [
              259830.03000000305,
              418220.7519000005
            ],
            [
              259833.34570000041,
              418222.03500000201
            ],
            [
              259836.99470000062,
              418222.45340000093
            ],
            [
              259841.15600000042,
              418221.62000000104
            ],
            [
              259845.07850000262,
              418219.73600000329
            ],
            [
              259848.38560000155,
              418217.55350000039
            ],
            [
              259851.29619999975,
              418214.71429999918
            ],
            [
              259852.8460999988,
              418211.11449999921
            ],
            [
              259853.55240000132,
              418207.39250000194
            ],
            [
              259853.62190000247,
              418203.46589999832
            ],
            [
              259853.5661000032,
              418199.33360000141
            ],
            [
              259853.71950000059,
              418195.1323000025
            ],
            [
              259853.90360000171,
              418190.8928999994
            ],
            [
              259854.07380000316,
              418186.60060000047
            ],
            [
              259854.17289999966,
              418182.20260000043
            ],
            [
              259854.3359000003,
              418177.56990000233
            ],
            [
              259854.52740000002,
              418172.68600000069
            ],
            [
              259854.62060000002,
              418167.7496000044
            ],
            [
              259854.8021000037,
              418163.27910000458
            ],
            [
              259854.92210000195,
              418159.00200000033
            ],
            [
              259855.05050000083,
              418154.98700000346
            ],
            [
              259854.40199999977,
              418150.49650000222
            ],
            [
              259854.52880000044,
              418146.7098999992
            ],
            [
              259854.70580000058,
              418142.8618999999
            ],
            [
              259854.86950000282,
              418138.92699999921
            ],
            [
              259855.11710000038,
              418134.90069999918
            ],
            [
              259855.3376000002,
              418130.76009999961
            ],
            [
              259855.633100003,
              418126.47950000316
            ],
            [
              259855.78830000293,
              418122.44950000383
            ],
            [
              259855.94409999903,
              418118.82939999923
            ],
            [
              259855.93130000029,
              418115.30140000209
            ],
            [
              259856.04059999995,
              418111.61979999952
            ],
            [
              259856.16029999964,
              418107.7442000024
            ],
            [
              259856.21400000062,
              418103.54970000125
            ],
            [
              259856.45320000034,
              418099.15780000016
            ],
            [
              259856.56859999988,
              418094.54330000095
            ],
            [
              259856.51580000389,
              418089.84579999931
            ],
            [
              259856.47169999965,
              418085.34349999949
            ],
            [
              259856.54560000077,
              418080.67850000225
            ],
            [
              259856.9963000007,
              418076.29940000176
            ],
            [
              259857.21109999996,
              418071.96650000289
            ],
            [
              259857.47229999956,
              418067.341599999
            ],
            [
              259858.62480000034,
              418062.66080000252
            ],
            [
              259860.51539999899,
              418057.80200000107
            ],
            [
              259863.13920000009,
              418053.02989999764
            ],
            [
              259865.63270000368,
              418047.89949999936
            ],
            [
              259868.27269999962,
              418042.91230000183
            ],
            [
              259870.64610000048,
              418037.81830000505
            ],
            [
              259873.31260000076,
              418032.80290000141
            ],
            [
              259875.89840000216,
              418027.78060000017
            ],
            [
              259878.41170000099,
              418022.68319999985
            ],
            [
              259880.93680000026,
              418017.61419999972
            ],
            [
              259883.58200000133,
              418012.40179999918
            ],
            [
              259886.21670000162,
              418007.24500000104
            ],
            [
              259888.7265000008,
              418002.39000000246
            ],
            [
              259891.08860000316,
              417997.65839999728
            ],
            [
              259893.3721000012,
              417993.30729999952
            ],
            [
              259895.34500000253,
              417988.97069999948
            ],
            [
              259897.40720000118,
              417984.49220000207
            ],
            [
              259899.60690000001,
              417979.69650000334
            ],
            [
              259902.49519999977,
              417974.79230000079
            ],
            [
              259906.07830000017,
              417970.05660000071
            ],
            [
              259910.08230000082,
              417965.81760000065
            ],
            [
              259914.31359999906,
              417961.91990000196
            ],
            [
              259918.54540000297,
              417958.26920000091
            ],
            [
              259922.89940000046,
              417954.92910000123
            ],
            [
              259927.27900000196,
              417951.81069999933
            ],
            [
              259931.53430000134,
              417948.92280000076
            ],
            [
              259935.78690000344,
              417946.11070000008
            ],
            [
              259940.4011000013,
              417943.24850000255
            ],
            [
              259945.82340000011,
              417940.49420000054
            ],
            [
              259951.54730000068,
              417938.14530000091
            ],
            [
              259957.03320000228,
              417935.94890000112
            ],
            [
              259962.74129999988,
              417934.07720000111
            ],
            [
              259968.18759999983,
              417932.59350000322
            ],
            [
              259973.39809999987,
              417931.20060000196
            ],
            [
              259979.12430000026,
              417929.57660000399
            ],
            [
              259985.05750000291,
              417928.00630000047
            ],
            [
              259991.17140000127,
              417926.42439999804
            ],
            [
              259997.50030000228,
              417924.90570000187
            ],
            [
              260004.03969999962,
              417923.39049999975
            ],
            [
              260010.72580000013,
              417921.93649999984
            ],
            [
              260017.48420000076,
              417920.58510000072
            ],
            [
              260023.98260000069,
              417919.45910000242
            ],
            [
              260030.30510000139,
              417918.52979999967
            ],
            [
              260037.09000000171,
              417917.48610000126
            ],
            [
              260043.93250000011,
              417916.5719000008
            ],
            [
              260050.759200003,
              417915.72639999911
            ],
            [
              260057.55100000184,
              417914.83990000188
            ],
            [
              260064.00690000225,
              417914.09080000222
            ],
            [
              260070.45969999861,
              417913.37319999933
            ],
            [
              260076.98750000168,
              417912.65400000103
            ],
            [
              260083.76540000364,
              417911.79140000045
            ],
            [
              260089.2200000016,
              417911.09349999949
            ],
            [
              260093.7975000022,
              417910.65120000206
            ],
            [
              260098.33250000048,
              417910.03220000118
            ],
            [
              260102.63970000017,
              417909.51400000043
            ],
            [
              260106.89750000089,
              417908.97340000235
            ],
            [
              260110.90340000298,
              417908.58280000277
            ],
            [
              260115.042600004,
              417908.19000000134
            ],
            [
              260119.31990000047,
              417907.75840000063
            ],
            [
              260123.62220000196,
              417907.36480000243
            ],
            [
              260128.13660000078,
              417906.78960000165
            ],
            [
              260132.48060000129,
              417906.29000000097
            ],
            [
              260136.59620000049,
              417905.86869999953
            ],
            [
              260140.32850000169,
              417905.77820000425
            ],
            [
              260143.78770000022,
              417905.87109999917
            ],
            [
              260147.08050000202,
              417906.14900000207
            ],
            [
              260150.26480000094,
              417906.8041999992
            ],
            [
              260153.28649999946,
              417907.87980000116
            ],
            [
              260156.68520000298,
              417909.52200000174
            ],
            [
              260159.97910000011,
              417911.79369999841
            ],
            [
              260163.16640000045,
              417914.08630000427
            ],
            [
              260166.34360000025,
              417916.44879999943
            ],
            [
              260169.59530000016,
              417918.85550000146
            ],
            [
              260173.09410000313,
              417921.44760000147
            ],
            [
              260176.89340000134,
              417924.12769999914
            ],
            [
              260180.75810000207,
              417926.55020000227
            ],
            [
              260184.68489999976,
              417928.81760000251
            ],
            [
              260188.77640000265,
              417930.56530000269
            ],
            [
              260192.96790000331,
              417931.73000000045
            ],
            [
              260196.99390000012,
              417932.28490000032
            ],
            [
              260200.91660000011,
              417932.30199999921
            ],
            [
              260204.63040000107,
              417931.51720000245
            ],
            [
              260207.75219999999,
              417929.57190000266
            ],
            [
              260210.09630000312,
              417926.56350000389
            ],
            [
              260211.90330000408,
              417922.83110000193
            ],
            [
              260213.52800000273,
              417918.48680000007
            ],
            [
              260215.17190000135,
              417913.78659999929
            ],
            [
              260216.83410000242,
              417908.93270000257
            ],
            [
              260218.41550000105,
              417904.2843000032
            ],
            [
              260219.90980000142,
              417899.69700000063
            ],
            [
              260221.44369999971,
              417895.0820000004
            ],
            [
              260223.01880000252,
              417890.15900000185
            ],
            [
              260224.73410000373,
              417884.76989999786
            ],
            [
              260226.56810000259,
              417878.80239999853
            ],
            [
              260228.6428000005,
              417872.33730000071
            ],
            [
              260230.77770000231,
              417865.65860000066
            ],
            [
              260233.00430000108,
              417858.97809999995
            ],
            [
              260235.17860000022,
              417852.24650000408
            ],
            [
              260236.86450000107,
              417846.07940000668
            ],
            [
              260238.50640000217,
              417841.61050000042
            ],
            [
              260239.58889999986,
              417837.4886000026
            ],
            [
              260240.13449999969,
              417833.81730000116
            ],
            [
              260241.08260000031,
              417831.0922000017
            ],
            [
              260241.45940000191,
              417828.55550000258
            ],
            [
              260244.06489999965,
              417821.80560000241
            ],
            [
              260245.05900000408,
              417819.66980000027
            ],
            [
              260246.61780000106,
              417816.05559999868
            ],
            [
              260249.54320000205,
              417810.77110000327
            ],
            [
              260251.33210000303,
              417806.35040000454
            ],
            [
              260253.15240000002,
              417802.00760000385
            ],
            [
              260254.93720000144,
              417798.28280000202
            ],
            [
              260256.55800000392,
              417794.82850000076
            ],
            [
              260258.47030000016,
              417791.21940000169
            ],
            [
              260260.57149999961,
              417787.77390000597
            ],
            [
              260263.00279999897,
              417784.22829999961
            ],
            [
              260265.66100000218,
              417780.9159000013
            ],
            [
              260268.8291000016,
              417777.53849999979
            ],
            [
              260272.72990000062,
              417774.22430000454
            ],
            [
              260276.96040000021,
              417771.25360000134
            ],
            [
              260281.24770000298,
              417768.57330000214
            ],
            [
              260285.75520000141,
              417765.90870000049
            ],
            [
              260289.85629999917,
              417763.23550000042
            ],
            [
              260293.77159999963,
              417760.74770000018
            ],
            [
              260297.22630000301,
              417758.87189999968
            ],
            [
              260299.7750000013,
              417757.07399999909
            ],
            [
              260302.91350000072,
              417755.58400000446
            ],
            [
              260306.15419999976,
              417753.90359999985
            ],
            [
              260309.71900000051,
              417751.87610000186
            ],
            [
              260313.72520000115,
              417749.64630000293
            ],
            [
              260317.92540000007,
              417747.19980000332
            ],
            [
              260322.42480000015,
              417744.41640000232
            ],
            [
              260327.11540000141,
              417741.46770000085
            ],
            [
              260331.80080000218,
              417738.42840000056
            ],
            [
              260336.87530000042,
              417735.47580000199
            ],
            [
              260342.51009999961,
              417733.04160000198
            ],
            [
              260347.10440000053,
              417730.07760000229
            ],
            [
              260352.7332000006,
              417727.68249999918
            ],
            [
              260358.14419999998,
              417724.37720000185
            ],
            [
              260364.16830000188,
              417722.32499999925
            ],
            [
              260368.47350000124,
              417720.71350000054
            ],
            [
              260372.31680000387,
              417718.56719999947
            ],
            [
              260376.88630000316,
              417716.69900000282
            ],
            [
              260381.6810000008,
              417714.73870000057
            ],
            [
              260386.06840000395,
              417713.14499999955
            ],
            [
              260390.4226000011,
              417711.46890000068
            ],
            [
              260395.00380000006,
              417709.28519999795
            ],
            [
              260399.82060000114,
              417707.22830000333
            ],
            [
              260404.74460000172,
              417705.30090000108
            ],
            [
              260408.6400000006,
              417703.01750000194
            ],
            [
              260411.67320000101,
              417701.49200000241
            ],
            [
              260429.54590000026,
              417694.4990000017
            ]
          ]
        ]
      }
    },
    {
      "attributes" : {
        "FID" : 5,
        "PMNTN_SN" : 14573,
        "MNTN_CODE" : "441505901",
        "MNTN_NM" : "둔주봉",
        "PMNTN_NM" : "연주리구간",
        "PMNTN_MAIN" : " ",
        "PMNTN_LT" : 0.38,
        "PMNTN_DFFL" : "중간",
        "PMNTN_UPPL" : 8,
        "PMNTN_GODN" : 6,
        "PMNTN_MTRQ" : " ",
        "PMNTN_CNRL" : " ",
        "PMNTN_CLS_" : " ",
        "PMNTN_RISK" : " ",
        "PMNTN_RECO" : " ",
        "DATA_STDR_" : "2016-12-31",
        "MNTN_ID" : "441505901"
      },
      "geometry" : {
        "paths" : [
          [
            [
              259729.45319489669,
              416949.21873972751
            ],
            [
              259708.80074273981,
              416957.63973278552
            ],
            [
              259690.31143250782,
              416960.0313765835
            ],
            [
              259676.08591753524,
              416962.44507490098
            ],
            [
              259669.31101645064,
              416967.02926618978
            ],
            [
              259634.71301371325,
              416992.43375938013
            ],
            [
              259605.43924106099,
              417018.93176787533
            ],
            [
              259573.96189248003,
              417059.27607899904
            ],
            [
              259532.66677659564,
              417142.91933752596
            ],
            [
              259496.07898836024,
              417209.53130608425
            ],
            [
              259486.66786402091,
              417225.20412796736
            ]
          ]
        ]
      }
    },
    {
      "attributes" : {
        "FID" : 6,
        "PMNTN_SN" : 14574,
        "MNTN_CODE" : "441505901",
        "MNTN_NM" : "둔주봉",
        "PMNTN_NM" : "연주리구간",
        "PMNTN_MAIN" : " ",
        "PMNTN_LT" : 0.53,
        "PMNTN_DFFL" : "쉬움",
        "PMNTN_UPPL" : 10,
        "PMNTN_GODN" : 7,
        "PMNTN_MTRQ" : " ",
        "PMNTN_CNRL" : " ",
        "PMNTN_CLS_" : " ",
        "PMNTN_RISK" : " ",
        "PMNTN_RECO" : " ",
        "DATA_STDR_" : "2016-12-31",
        "MNTN_ID" : "441505901"
      },
      "geometry" : {
        "paths" : [
          [
            [
              259034.69835883006,
              417001.58887451328
            ],
            [
              259057.43306875136,
              417002.77244804054
            ],
            [
              259088.57222385425,
              417027.8063039463
            ],
            [
              259103.28229799774,
              417069.10015404597
            ],
            [
              259123.0182571318,
              417100.47088800184
            ],
            [
              259167.05965690315,
              417172.82978663594
            ],
            [
              259198.21902878582,
              417193.9551748354
            ],
            [
              259258.26560581103,
              417194.62110869586
            ],
            [
              259356.13250815496,
              417233.85784650594
            ],
            [
              259437.6861225497,
              417266.96967001818
            ],
            [
              259443.70627901703,
              417270.90939373337
            ]
          ]
        ]
      }
    },
    {
      "attributes" : {
        "FID" : 7,
        "PMNTN_SN" : 14575,
        "MNTN_CODE" : "441505901",
        "MNTN_NM" : "둔주봉",
        "PMNTN_NM" : "연주리구간",
        "PMNTN_MAIN" : " ",
        "PMNTN_LT" : 0.14,
        "PMNTN_DFFL" : "쉬움",
        "PMNTN_UPPL" : 2,
        "PMNTN_GODN" : 2,
        "PMNTN_MTRQ" : " ",
        "PMNTN_CNRL" : " ",
        "PMNTN_CLS_" : " ",
        "PMNTN_RISK" : " ",
        "PMNTN_RECO" : " ",
        "DATA_STDR_" : "2016-12-31",
        "MNTN_ID" : "441505901"
      },
      "geometry" : {
        "paths" : [
          [
            [
              259443.70627901703,
              417270.90939373337
            ],
            [
              259475.85992395133,
              417305.89763615467
            ],
            [
              259506.44158476125,
              417370.01445519179
            ],
            [
              259513.45049169194,
              417388.88297344744
            ]
          ]
        ]
      }
    },
    {
      "attributes" : {
        "FID" : 8,
        "PMNTN_SN" : 14576,
        "MNTN_CODE" : "441505901",
        "MNTN_NM" : "둔주봉",
        "PMNTN_NM" : "연주리구간",
        "PMNTN_MAIN" : " ",
        "PMNTN_LT" : 0.15,
        "PMNTN_DFFL" : "쉬움",
        "PMNTN_UPPL" : 3,
        "PMNTN_GODN" : 2,
        "PMNTN_MTRQ" : " ",
        "PMNTN_CNRL" : " ",
        "PMNTN_CLS_" : " ",
        "PMNTN_RISK" : " ",
        "PMNTN_RECO" : " ",
        "DATA_STDR_" : "2016-12-31",
        "MNTN_ID" : "441505901"
      },
      "geometry" : {
        "paths" : [
          [
            [
              259513.45049169194,
              417388.88297344744
            ],
            [
              259549.42749064043,
              417371.65812339447
            ],
            [
              259581.2068655584,
              417341.61983218789
            ],
            [
              259606.56849245541,
              417315.81224903092
            ],
            [
              259639.01080000121,
              417305.16389999911
            ]
          ]
        ]
      }
    },
    {
      "attributes" : {
        "FID" : 9,
        "PMNTN_SN" : 14577,
        "MNTN_CODE" : "441505901",
        "MNTN_NM" : "둔주봉",
        "PMNTN_NM" : "연주리구간",
        "PMNTN_MAIN" : " ",
        "PMNTN_LT" : 0.68,
        "PMNTN_DFFL" : "쉬움",
        "PMNTN_UPPL" : 12,
        "PMNTN_GODN" : 8,
        "PMNTN_MTRQ" : " ",
        "PMNTN_CNRL" : " ",
        "PMNTN_CLS_" : " ",
        "PMNTN_RISK" : " ",
        "PMNTN_RECO" : " ",
        "DATA_STDR_" : "2016-12-31",
        "MNTN_ID" : "441505901"
      },
      "geometry" : {
        "paths" : [
          [
            [
              259513.45049169194,
              417388.88297344744
            ],
            [
              259529.88383308519,
              417440.49020844512
            ],
            [
              259551.35225547943,
              417480.39774430357
            ],
            [
              259554.90781805757,
              417548.63867225498
            ],
            [
              259562.73819868173,
              417614.76976126432
            ],
            [
              259546.14550352748,
              417662.65289225802
            ],
            [
              259528.47215216979,
              417713.37303641066
            ],
            [
              259511.64361886866,
              417738.15877421014
            ],
            [
              259459.20810279809,
              417777.32865350693
            ],
            [
              259438.39756273571,
              417816.30681369826
            ],
            [
              259428.63674825989,
              417848.59095069394
            ],
            [
              259419.62700637151,
              417873.0618084278
            ],
            [
              259422.09767515678,
              417876.27252138034
            ],
            [
              259440.83935663756,
              417893.78043947369
            ],
            [
              259451.72731763776,
              417918.35423965938
            ],
            [
              259447.32381567359,
              417945.33620787039
            ],
            [
              259433.37273397949,
              417963.38563863933
            ],
            [
              259431.12686363701,
              417985.40420982055
            ],
            [
              259433.54789824039,
              417998.20845898986
            ]
          ]
        ]
      }
    },
    {
      "attributes" : {
        "FID" : 10,
        "PMNTN_SN" : 14578,
        "MNTN_CODE" : "441505901",
        "MNTN_NM" : "둔주봉",
        "PMNTN_NM" : "연주리구간",
        "PMNTN_MAIN" : " ",
        "PMNTN_LT" : 0.24,
        "PMNTN_DFFL" : "중간",
        "PMNTN_UPPL" : 5,
        "PMNTN_GODN" : 3,
        "PMNTN_MTRQ" : " ",
        "PMNTN_CNRL" : " ",
        "PMNTN_CLS_" : " ",
        "PMNTN_RISK" : " ",
        "PMNTN_RECO" : " ",
        "DATA_STDR_" : "2016-12-31",
        "MNTN_ID" : "441505901"
      },
      "geometry" : {
        "paths" : [
          [
            [
              259699.4442037018,
              417058.17912628502
            ],
            [
              259684.82805487141,
              417075.57271436974
            ],
            [
              259678.34414170217,
              417092.59481125884
            ],
            [
              259676.17916137539,
              417098.97947598249
            ],
            [
              259676.83649357036,
              417109.28732286952
            ],
            [
              259678.58734356798,
              417114.27093997411
            ],
            [
              259689.16596118547,
              417129.9599931594
            ],
            [
              259693.02435568348,
              417139.66257837228
            ],
            [
              259688.96547633875,
              417151.5449956283
            ],
            [
              259677.12424856704,
              417173.86926618032
            ],
            [
              259658.61346804071,
              417249.10257144272
            ],
            [
              259654.82708475273,
              417280.87032056972
            ]
          ]
        ]
      }
    },
    {
      "attributes" : {
        "FID" : 11,
        "PMNTN_SN" : 14579,
        "MNTN_CODE" : "441505901",
        "MNTN_NM" : "둔주봉",
        "PMNTN_NM" : "연주리구간",
        "PMNTN_MAIN" : " ",
        "PMNTN_LT" : 0.58,
        "PMNTN_DFFL" : "쉬움",
        "PMNTN_UPPL" : 10,
        "PMNTN_GODN" : 7,
        "PMNTN_MTRQ" : " ",
        "PMNTN_CNRL" : " ",
        "PMNTN_CLS_" : " ",
        "PMNTN_RISK" : " ",
        "PMNTN_RECO" : " ",
        "DATA_STDR_" : "2016-12-31",
        "MNTN_ID" : "441505901"
      },
      "geometry" : {
        "paths" : [
          [
            [
              259486.66786402091,
              417225.20412796363
            ],
            [
              259479.96380000189,
              417223.94519999996
            ],
            [
              259469.76520000119,
              417222.89660000801
            ],
            [
              259463.00920000114,
              417218.13309999928
            ],
            [
              259459.05389999971,
              417216.26620000042
            ],
            [
              259453.38049999997,
              417214.40190000087
            ],
            [
              259446.58290000353,
              417212.49010000378
            ],
            [
              259442.31319999974,
              417209.21670000069
            ],
            [
              259438.20530000236,
              417204.74090000242
            ],
            [
              259434.41610000096,
              417200.37429999933
            ],
            [
              259429.61170000117,
              417196.92850000225
            ],
            [
              259423.46040000208,
              417196.29860000126
            ],
            [
              259417.0252000019,
              417195.33290000074
            ],
            [
              259410.49940000195,
              417196.32520000264
            ],
            [
              259403.78070000187,
              417196.73740000091
            ],
            [
              259397.07710000034,
              417195.92430000193
            ],
            [
              259390.34590000007,
              417195.49750000052
            ],
            [
              259384.1576000005,
              417194.21380000375
            ],
            [
              259378.69000000134,
              417192.7135000024
            ],
            [
              259372.68790000211,
              417190.61900000088
            ],
            [
              259363.74640000146,
              417190.25970000774
            ],
            [
              259360.61990000121,
              417188.78700000048
            ],
            [
              259357.08090000227,
              417189.15000000224
            ],
            [
              259353.96100000292,
              417189.3057000041
            ],
            [
              259351.43180000316,
              417188.78189999983
            ],
            [
              259349.06699999981,
              417187.09980000183
            ],
            [
              259347.09910000302,
              417185.43400000036
            ],
            [
              259343.03710000403,
              417176.24599999748
            ],
            [
              259337.30740000028,
              417172.09640000015
            ],
            [
              259331.01530000102,
              417168.56519999914
            ],
            [
              259315.93860000279,
              417163.20740000159
            ],
            [
              259309.8712000018,
              417164.54289999977
            ],
            [
              259305.08730000257,
              417164.57050000131
            ],
            [
              259300.85220000148,
              417163.0951000005
            ],
            [
              259296.85099999979,
              417162.81090000272
            ],
            [
              259293.07860000059,
              417164.19800000265
            ],
            [
              259288.95820000116,
              417165.05480000004
            ],
            [
              259283.54380000196,
              417165.14610000141
            ],
            [
              259277.63270000275,
              417165.70069999993
            ],
            [
              259273.03420000151,
              417166.5102000013
            ],
            [
              259269.36440000031,
              417167.64280000143
            ],
            [
              259265.54280000366,
              417168.14400000125
            ],
            [
              259262.54070000164,
              417166.83310000226
            ],
            [
              259258.68680000026,
              417165.22420000099
            ],
            [
              259250.74119999912,
              417160.88810000382
            ],
            [
              259245.19170000032,
              417157.96110000461
            ],
            [
              259241.54940000176,
              417155.78970000148
            ],
            [
              259236.48099999968,
              417154.21680000238
            ],
            [
              259232.3309000032,
              417153.79220000282
            ],
            [
              259228.50290000066,
              417153.12260000408
            ],
            [
              259224.9701000005,
              417151.08030000143
            ],
            [
              259220.92210000195,
              417148.71360000223
            ],
            [
              259216.85840000026,
              417145.93889999948
            ],
            [
              259212.85910000093,
              417143.06990000047
            ],
            [
              259207.28230000008,
              417140.52740000002
            ],
            [
              259204.80290000048,
              417138.37190000154
            ],
            [
              259201.65259999968,
              417133.07840000093
            ],
            [
              259200.59630000032,
              417127.08620000072
            ],
            [
              259201.82940000203,
              417121.24420000054
            ],
            [
              259201.60680000111,
              417114.69140000269
            ],
            [
              259198.11340000108,
              417110.02099999972
            ],
            [
              259193.85670000315,
              417105.83689999953
            ],
            [
              259191.69120000023,
              417100.18960000016
            ],
            [
              259188.77180000115,
              417094.88160000183
            ],
            [
              259187.81280000135,
              417090.13290000148
            ],
            [
              259186.54170000087,
              417086.63870000094
            ],
            [
              259185.29639999941,
              417077.32890000008
            ],
            [
              259182.48830000032,
              417074.31440000422
            ],
            [
              259180.07260000054,
              417070.82420000248
            ],
            [
              259177.7873999998,
              417066.54790000245
            ],
            [
              259177.08200000226,
              417061.87859999947
            ],
            [
              259175.21980000008,
              417058.24730000086
            ],
            [
              259172.75879999902,
              417054.54170000181
            ],
            [
              259172.57260000333,
              417050.52250000089
            ],
            [
              259171.49570000265,
              417046.24269999936
            ],
            [
              259170.28280000109,
              417042.34160000086
            ],
            [
              259167.34370000008,
              417038.92320000008
            ],
            [
              259165.13840000238,
              417034.11300000176
            ],
            [
              259162.08359999862,
              417030.34249999933
            ],
            [
              259159.90630000271,
              417026.5178999994
            ],
            [
              259156.16960000154,
              417023.42080000229
            ],
            [
              259153.24060000386,
              417019.0324000027
            ],
            [
              259150.2472000001,
              417015.41230000369
            ],
            [
              259147.72210000269,
              417011.90290000103
            ],
            [
              259144.83280000184,
              417008.67679999955
            ],
            [
              259141.86180000193,
              417005.88599999994
            ],
            [
              259139.33279999997,
              417002.56950000115
            ],
            [
              259136.06819999963,
              416998.93390000053
            ],
            [
              259132.43620000221,
              416995.80810000375
            ],
            [
              259129.25169999897,
              416992.45609999821
            ],
            [
              259123.21910000034,
              416984.90249999985
            ],
            [
              259115.63790000137,
              416980.04430000111
            ],
            [
              259102.67330000084,
              416977.42600000277
            ],
            [
              259094.76650000084,
              416975.84810000286
            ],
            [
              259085.5297000017,
              416969.80249999836
            ],
            [
              259082.11470000353,
              416969.20260000229
            ],
            [
              259077.74820000306,
              416966.11429999955
            ],
            [
              259071.46960000135,
              416966.4533000011
            ],
            [
              259069.10889999941,
              416966.11070000194
            ],
            [
              259066.45160000026,
              416965.39570000209
            ],
            [
              259063.30370000377,
              416965.99410000443
            ],
            [
              259059.90950000007,
              416967.4112000037
            ],
            [
              259057.07630000077,
              416968.20720000379
            ],
            [
              259055.06780000031,
              416969.0233000014
            ],
            [
              259053.06390000042,
              416971.07829999924
            ],
            [
              259050.34810000099,
              416969.32890000008
            ],
            [
              259048.31120000035,
              416967.15680000186
            ],
            [
              259048.04970000032,
              416964.17250000313
            ],
            [
              259047.99129999988,
              416964.13599999994
            ]
          ]
        ]
      }
    },
    {
      "attributes" : {
        "FID" : 12,
        "PMNTN_SN" : 14580,
        "MNTN_CODE" : "441505901",
        "MNTN_NM" : "둔주봉",
        "PMNTN_NM" : "연주리구간",
        "PMNTN_MAIN" : " ",
        "PMNTN_LT" : 0.06,
        "PMNTN_DFFL" : "쉬움",
        "PMNTN_UPPL" : 1,
        "PMNTN_GODN" : 1,
        "PMNTN_MTRQ" : " ",
        "PMNTN_CNRL" : " ",
        "PMNTN_CLS_" : " ",
        "PMNTN_RISK" : " ",
        "PMNTN_RECO" : " ",
        "DATA_STDR_" : "2016-12-31",
        "MNTN_ID" : "441505901"
      },
      "geometry" : {
        "paths" : [
          [
            [
              259486.66786402091,
              417225.20412796363
            ],
            [
              259443.70627901703,
              417270.90939373337
            ]
          ]
        ]
      }
    },
    {
      "attributes" : {
        "FID" : 13,
        "PMNTN_SN" : 14581,
        "MNTN_CODE" : "441505901",
        "MNTN_NM" : "둔주봉",
        "PMNTN_NM" : "연주리구간",
        "PMNTN_MAIN" : " ",
        "PMNTN_LT" : 0.33,
        "PMNTN_DFFL" : "중간",
        "PMNTN_UPPL" : 6,
        "PMNTN_GODN" : 4,
        "PMNTN_MTRQ" : " ",
        "PMNTN_CNRL" : " ",
        "PMNTN_CLS_" : " ",
        "PMNTN_RISK" : " ",
        "PMNTN_RECO" : " ",
        "DATA_STDR_" : "2016-12-31",
        "MNTN_ID" : "441505901"
      },
      "geometry" : {
        "paths" : [
          [
            [
              259699.4442037018,
              417058.17912628502
            ],
            [
              259699.53180000093,
              417065.32870000228
            ],
            [
              259702.24909999967,
              417071.17070000432
            ],
            [
              259706.00530000031,
              417073.70170000196
            ],
            [
              259709.8161000004,
              417072.29580000043
            ],
            [
              259714.47319999989,
              417071.95560000278
            ],
            [
              259720.98080000095,
              417071.8385000024
            ],
            [
              259727.84300000314,
              417070.75999999978
            ],
            [
              259732.76590000093,
              417068.97760000452
            ],
            [
              259737.63830000069,
              417069.22600000165
            ],
            [
              259738.95950000174,
              417071.95240000263
            ],
            [
              259739.26690000389,
              417075.63629999943
            ],
            [
              259734.30530000012,
              417079.7760000024
            ],
            [
              259727.69940000214,
              417087.65070000105
            ],
            [
              259725.83160000015,
              417089.57150000148
            ],
            [
              259718.84420000017,
              417095.0373999998
            ],
            [
              259713.19540000055,
              417102.62200000137
            ],
            [
              259708.22410000209,
              417110.20060000196
            ],
            [
              259705.14540000167,
              417116.80950000137
            ],
            [
              259701.6213999996,
              417121.64120000415
            ],
            [
              259699.00350000151,
              417126.08770000376
            ],
            [
              259697.17080000322,
              417132.06590000167
            ],
            [
              259694.73560000118,
              417138.95010000095
            ],
            [
              259692.61930000037,
              417147.38580000028
            ],
            [
              259694.46119999979,
              417160.90440000221
            ],
            [
              259699.54389999993,
              417167.20089999959
            ],
            [
              259704.72490000073,
              417171.04650000297
            ],
            [
              259715.22819999978,
              417172.39890000038
            ],
            [
              259723.78220000304,
              417179.18790000118
            ],
            [
              259725.20910000056,
              417189.26970000006
            ],
            [
              259719.86720000207,
              417193.56080000103
            ],
            [
              259711.98560000118,
              417196.36979999952
            ],
            [
              259705.29850000143,
              417198.75320000201
            ],
            [
              259697.55660000257,
              417202.46870000288
            ],
            [
              259692.2779000001,
              417206.63420000114
            ],
            [
              259688.31740000378,
              417211.62620000169
            ],
            [
              259686.95380000118,
              417222.00490000099
            ],
            [
              259685.00540000387,
              417226.44650000334
            ],
            [
              259681.29550000187,
              417232.42530000024
            ],
            [
              259676.39160000067,
              417237.0839000009
            ],
            [
              259672.95859999955,
              417242.51520000398
            ],
            [
              259669.34370000102,
              417250.43599999882
            ],
            [
              259666.83750000317,
              417258.72180000134
            ],
            [
              259665.78809999861,
              417262.60330000333
            ],
            [
              259664.55050000083,
              417266.66580000333
            ],
            [
              259663.92040000018,
              417271.89629999921
            ],
            [
              259659.21949999966,
              417277.7183000017
            ],
            [
              259654.82708475273,
              417280.87032057345
            ]
          ]
        ]
      }
    },
    {
      "attributes" : {
        "FID" : 14,
        "PMNTN_SN" : 14582,
        "MNTN_CODE" : "441505901",
        "MNTN_NM" : "둔주봉",
        "PMNTN_NM" : "연주리구간",
        "PMNTN_MAIN" : " ",
        "PMNTN_LT" : 0.09,
        "PMNTN_DFFL" : "쉬움",
        "PMNTN_UPPL" : 2,
        "PMNTN_GODN" : 1,
        "PMNTN_MTRQ" : " ",
        "PMNTN_CNRL" : " ",
        "PMNTN_CLS_" : " ",
        "PMNTN_RISK" : " ",
        "PMNTN_RECO" : " ",
        "DATA_STDR_" : "2016-12-31",
        "MNTN_ID" : "441505901"
      },
      "geometry" : {
        "paths" : [
          [
            [
              259699.4442037018,
              417058.17912628502
            ],
            [
              259715.70907148533,
              417042.54649840295
            ],
            [
              259727.57513992302,
              417031.12002049014
            ],
            [
              259746.80523458589,
              417014.94502639771
            ],
            [
              259753.86831845343,
              417006.68477527983
            ],
            [
              259766.91940240841,
              417004.24031543173
            ],
            [
              259767.05830000062,
              417004.2143000029
            ]
          ]
        ]
      }
    },
    {
      "attributes" : {
        "FID" : 15,
        "PMNTN_SN" : 14583,
        "MNTN_CODE" : "441505901",
        "MNTN_NM" : "둔주봉",
        "PMNTN_NM" : "연주리구간",
        "PMNTN_MAIN" : " ",
        "PMNTN_LT" : 0.02,
        "PMNTN_DFFL" : "쉬움",
        "PMNTN_UPPL" : 1,
        "PMNTN_GODN" : 0,
        "PMNTN_MTRQ" : " ",
        "PMNTN_CNRL" : " ",
        "PMNTN_CLS_" : " ",
        "PMNTN_RISK" : " ",
        "PMNTN_RECO" : " ",
        "DATA_STDR_" : "2016-12-31",
        "MNTN_ID" : "441505901"
      },
      "geometry" : {
        "paths" : [
          [
            [
              259650.62789999973,
              417301.7499000039
            ],
            [
              259650.63905189093,
              417301.68316838704
            ],
            [
              259652.19076303579,
              417292.39790975302
            ],
            [
              259654.82708475273,
              417280.87032057345
            ]
          ]
        ]
      }
    },
    {
      "attributes" : {
        "FID" : 16,
        "PMNTN_SN" : 14584,
        "MNTN_CODE" : "441505901",
        "MNTN_NM" : "둔주봉",
        "PMNTN_NM" : "연주리구간",
        "PMNTN_MAIN" : " ",
        "PMNTN_LT" : 0.17,
        "PMNTN_DFFL" : "쉬움",
        "PMNTN_UPPL" : 3,
        "PMNTN_GODN" : 2,
        "PMNTN_MTRQ" : " ",
        "PMNTN_CNRL" : " ",
        "PMNTN_CLS_" : " ",
        "PMNTN_RISK" : " ",
        "PMNTN_RECO" : " ",
        "DATA_STDR_" : "2016-12-31",
        "MNTN_ID" : "441505901"
      },
      "geometry" : {
        "paths" : [
          [
            [
              259639.01080000121,
              417305.16389999911
            ],
            [
              259635.35930000059,
              417302.95210000314
            ],
            [
              259630.84010000061,
              417300.4298000019
            ],
            [
              259626.73860000074,
              417296.10950000212
            ],
            [
              259620.72230000049,
              417293.92640000209
            ],
            [
              259614.03260000143,
              417290.75599999912
            ],
            [
              259608.74239999987,
              417287.43979999982
            ],
            [
              259603.90740000363,
              417285.07680000179
            ],
            [
              259598.53060000017,
              417282.22350000218
            ],
            [
              259593.5588999996,
              417277.85950000212
            ],
            [
              259590.41949999891,
              417272.12000000104
            ],
            [
              259589.08950000256,
              417265.14480000362
            ],
            [
              259584.77720000129,
              417259.96380000189
            ],
            [
              259580.43809999991,
              417254.79420000315
            ],
            [
              259575.08509999979,
              417250.98719999939
            ],
            [
              259565.91000000108,
              417242.1192000024
            ],
            [
              259560.2901000008,
              417238.95759999938
            ],
            [
              259554.29230000079,
              417236.42679999955
            ],
            [
              259549.62340000272,
              417234.3730999995
            ],
            [
              259545.2770999996,
              417233.91200000234
            ],
            [
              259538.39930000249,
              417231.9355999995
            ],
            [
              259532.36990000028,
              417232.2881000042
            ],
            [
              259526.14700000267,
              417232.90069999918
            ],
            [
              259519.73660000041,
              417231.2324000001
            ],
            [
              259516.61400000006,
              417228.89780000225
            ],
            [
              259508.98599999957,
              417229.2452000007
            ],
            [
              259502.31960000005,
              417229.74480000325
            ],
            [
              259496.56250000373,
              417227.06220000051
            ]
          ]
        ]
      }
    }
  ]
}