{
  "displayFieldName" : "",
  "fieldAliases" : {
    "FID" : "FID",
    "PMNTN_SPOT" : "PMNTN_SPOT",
    "MNTN_CODE" : "MNTN_CODE",
    "MANAGE_SP1" : "MANAGE_SP1",
    "MANAGE_SP2" : "MANAGE_SP2",
    "DETAIL_SPO" : "DETAIL_SPO",
    "ETC_MATTER" : "ETC_MATTER",
    "MNTN_NM" : "MNTN_NM",
    "PAST_SPOT_" : "PAST_SPOT_",
    "MNTN_ID" : "MNTN_ID"
  },
  "geometryType" : "esriGeometryPoint",
  "spatialReference" : {
    "wkt" : "PROJCS[\"PCS_ITRF2000_TM\",GEOGCS[\"GCS_ITRF_2000\",DATUM[\"D_ITRF_2000\",SPHEROID[\"GRS_1980\",6378137.0,298.257222101]],PRIMEM[\"Greenwich\",0.0],UNIT[\"Degree\",0.0174532925199433]],PROJECTION[\"Transverse_Mercator\"],PARAMETER[\"False_Easting\",200000.0],PARAMETER[\"False_Northing\",600000.0],PARAMETER[\"Central_Meridian\",127.0],PARAMETER[\"Scale_Factor\",1.0],PARAMETER[\"Latitude_Of_Origin\",38.0],UNIT[\"Meter\",1.0]]"
  },
  "fields" : [
    {
      "name" : "FID",
      "type" : "esriFieldTypeOID",
      "alias" : "FID"
    },
    {
      "name" : "PMNTN_SPOT",
      "type" : "esriFieldTypeDouble",
      "alias" : "PMNTN_SPOT"
    },
    {
      "name" : "MNTN_CODE",
      "type" : "esriFieldTypeString",
      "alias" : "MNTN_CODE",
      "length" : 9
    },
    {
      "name" : "MANAGE_SP1",
      "type" : "esriFieldTypeString",
      "alias" : "MANAGE_SP1",
      "length" : 2
    },
    {
      "name" : "MANAGE_SP2",
      "type" : "esriFieldTypeString",
      "alias" : "MANAGE_SP2",
      "length" : 50
    },
    {
      "name" : "DETAIL_SPO",
      "type" : "esriFieldTypeString",
      "alias" : "DETAIL_SPO",
      "length" : 200
    },
    {
      "name" : "ETC_MATTER",
      "type" : "esriFieldTypeString",
      "alias" : "ETC_MATTER",
      "length" : 200
    },
    {
      "name" : "MNTN_NM",
      "type" : "esriFieldTypeString",
      "alias" : "MNTN_NM",
      "length" : 50
    },
    {
      "name" : "PAST_SPOT_",
      "type" : "esriFieldTypeString",
      "alias" : "PAST_SPOT_",
      "length" : 14
    },
    {
      "name" : "MNTN_ID",
      "type" : "esriFieldTypeString",
      "alias" : "MNTN_ID",
      "length" : 10
    }
  ],
  "features" : [
    {
      "attributes" : {
        "FID" : 0,
        "PMNTN_SPOT" : 27911,
        "MNTN_CODE" : "441501101",
        "MANAGE_SP1" : "99",
        "MANAGE_SP2" : "기타",
        "DETAIL_SPO" : "밤나무작업로",
        "ETC_MATTER" : " ",
        "MNTN_NM" : "명덕산",
        "PAST_SPOT_" : "24022112000001",
        "MNTN_ID" : "2402211200"
      },
      "geometry" : {
        "x" : 197066.88460000139,
        "y" : 429785.06680000201
      }
    },
    {
      "attributes" : {
        "FID" : 1,
        "PMNTN_SPOT" : 27912,
        "MNTN_CODE" : "441501101",
        "MANAGE_SP1" : "14",
        "MANAGE_SP2" : "조망점",
        "DETAIL_SPO" : "조망점",
        "ETC_MATTER" : "작업로 끝",
        "MNTN_NM" : "명덕산",
        "PAST_SPOT_" : "24022112000002",
        "MNTN_ID" : "2402211200"
      },
      "geometry" : {
        "x" : 196902.06980000343,
        "y" : 429651.32320000231
      }
    },
    {
      "attributes" : {
        "FID" : 2,
        "PMNTN_SPOT" : 27913,
        "MNTN_CODE" : "441501101",
        "MANAGE_SP1" : "99",
        "MANAGE_SP2" : "기타",
        "DETAIL_SPO" : "등산로전경",
        "ETC_MATTER" : " ",
        "MNTN_NM" : "명덕산",
        "PAST_SPOT_" : "24022112000003",
        "MNTN_ID" : "2402211200"
      },
      "geometry" : {
        "x" : 196771.38430000097,
        "y" : 429678.47800000198
      }
    },
    {
      "attributes" : {
        "FID" : 3,
        "PMNTN_SPOT" : 27914,
        "MNTN_CODE" : "441501101",
        "MANAGE_SP1" : "99",
        "MANAGE_SP2" : "기타",
        "DETAIL_SPO" : "등산로전경",
        "ETC_MATTER" : " ",
        "MNTN_NM" : "명덕산",
        "PAST_SPOT_" : "24022112000004",
        "MNTN_ID" : "2402211200"
      },
      "geometry" : {
        "x" : 196227.33830000181,
        "y" : 429673.26670000143
      }
    },
    {
      "attributes" : {
        "FID" : 4,
        "PMNTN_SPOT" : 27915,
        "MNTN_CODE" : "441501101",
        "MANAGE_SP1" : "99",
        "MANAGE_SP2" : "기타",
        "DETAIL_SPO" : "등산로전경",
        "ETC_MATTER" : " ",
        "MNTN_NM" : "명덕산",
        "PAST_SPOT_" : "24022112000005",
        "MNTN_ID" : "2402211200"
      },
      "geometry" : {
        "x" : 196269.3805000037,
        "y" : 430554.55100000277
      }
    },
    {
      "attributes" : {
        "FID" : 5,
        "PMNTN_SPOT" : 27916,
        "MNTN_CODE" : "441501101",
        "MANAGE_SP1" : "14",
        "MANAGE_SP2" : "조망점",
        "DETAIL_SPO" : "조망점",
        "ETC_MATTER" : " ",
        "MNTN_NM" : "명덕산",
        "PAST_SPOT_" : "24022112000006",
        "MNTN_ID" : "2402211200"
      },
      "geometry" : {
        "x" : 196370.45060000103,
        "y" : 430960.07960000262
      }
    },
    {
      "attributes" : {
        "FID" : 6,
        "PMNTN_SPOT" : 27917,
        "MNTN_CODE" : "441501101",
        "MANAGE_SP1" : "99",
        "MANAGE_SP2" : "기타",
        "DETAIL_SPO" : "밤나무작업로",
        "ETC_MATTER" : " ",
        "MNTN_NM" : "명덕산",
        "PAST_SPOT_" : "24022112000007",
        "MNTN_ID" : "2402211200"
      },
      "geometry" : {
        "x" : 196457.22020000033,
        "y" : 431011.30250000209
      }
    },
    {
      "attributes" : {
        "FID" : 7,
        "PMNTN_SPOT" : 27918,
        "MNTN_CODE" : "441501101",
        "MANAGE_SP1" : "99",
        "MANAGE_SP2" : "기타",
        "DETAIL_SPO" : "등산로전경",
        "ETC_MATTER" : " ",
        "MNTN_NM" : "명덕산",
        "PAST_SPOT_" : "24022112000008",
        "MNTN_ID" : "2402211200"
      },
      "geometry" : {
        "x" : 196468.44080000091,
        "y" : 431288.6817000024
      }
    },
    {
      "attributes" : {
        "FID" : 8,
        "PMNTN_SPOT" : 27919,
        "MNTN_CODE" : "441501101",
        "MANAGE_SP1" : "14",
        "MANAGE_SP2" : "조망점",
        "DETAIL_SPO" : "조망점",
        "ETC_MATTER" : " ",
        "MNTN_NM" : "명덕산",
        "PAST_SPOT_" : "24022112000009",
        "MNTN_ID" : "2402211200"
      },
      "geometry" : {
        "x" : 197018.44600000046,
        "y" : 430364.18080000207
      }
    },
    {
      "attributes" : {
        "FID" : 9,
        "PMNTN_SPOT" : 27920,
        "MNTN_CODE" : "441501101",
        "MANAGE_SP1" : "99",
        "MANAGE_SP2" : "기타",
        "DETAIL_SPO" : "등산로전경",
        "ETC_MATTER" : " ",
        "MNTN_NM" : "명덕산",
        "PAST_SPOT_" : "24022112000010",
        "MNTN_ID" : "2402211200"
      },
      "geometry" : {
        "x" : 196892.45609999914,
        "y" : 430482.25510000251
      }
    },
    {
      "attributes" : {
        "FID" : 10,
        "PMNTN_SPOT" : 27921,
        "MNTN_CODE" : "441501101",
        "MANAGE_SP1" : "99",
        "MANAGE_SP2" : "기타",
        "DETAIL_SPO" : "등산로전경",
        "ETC_MATTER" : " ",
        "MNTN_NM" : "명덕산",
        "PAST_SPOT_" : "24022112000011",
        "MNTN_ID" : "2402211200"
      },
      "geometry" : {
        "x" : 196863.2265999997,
        "y" : 430593.12480000034
      }
    },
    {
      "attributes" : {
        "FID" : 11,
        "PMNTN_SPOT" : 27922,
        "MNTN_CODE" : "441501101",
        "MANAGE_SP1" : "99",
        "MANAGE_SP2" : "기타",
        "DETAIL_SPO" : "명덕산,기준점",
        "ETC_MATTER" : " ",
        "MNTN_NM" : "명덕산",
        "PAST_SPOT_" : "24022112000012",
        "MNTN_ID" : "2402211200"
      },
      "geometry" : {
        "x" : 196115.22340000235,
        "y" : 430044.08229999989
      }
    },
    {
      "attributes" : {
        "FID" : 12,
        "PMNTN_SPOT" : 27923,
        "MNTN_CODE" : "441501101",
        "MANAGE_SP1" : "02",
        "MANAGE_SP2" : "분기점",
        "DETAIL_SPO" : "분기점",
        "ETC_MATTER" : " ",
        "MNTN_NM" : "명덕산",
        "PAST_SPOT_" : "24022112000013",
        "MNTN_ID" : "2402211200"
      },
      "geometry" : {
        "x" : 196322.42610000167,
        "y" : 430685.73180000111
      }
    },
    {
      "attributes" : {
        "FID" : 13,
        "PMNTN_SPOT" : 27924,
        "MNTN_CODE" : "441501101",
        "MANAGE_SP1" : "01",
        "MANAGE_SP2" : "시종점",
        "DETAIL_SPO" : "시종점",
        "ETC_MATTER" : " ",
        "MNTN_NM" : "명덕산",
        "PAST_SPOT_" : "24022112000014",
        "MNTN_ID" : "2402211200"
      },
      "geometry" : {
        "x" : 196606.53899999987,
        "y" : 431644.98420000263
      }
    },
    {
      "attributes" : {
        "FID" : 14,
        "PMNTN_SPOT" : 27925,
        "MNTN_CODE" : "441501101",
        "MANAGE_SP1" : "01",
        "MANAGE_SP2" : "시종점",
        "DETAIL_SPO" : "시종점",
        "ETC_MATTER" : " ",
        "MNTN_NM" : "명덕산",
        "PAST_SPOT_" : "24022112000015",
        "MNTN_ID" : "2402211200"
      },
      "geometry" : {
        "x" : 197465.23410000093,
        "y" : 430194.62759999931
      }
    },
    {
      "attributes" : {
        "FID" : 15,
        "PMNTN_SPOT" : 27926,
        "MNTN_CODE" : "441501101",
        "MANAGE_SP1" : "01",
        "MANAGE_SP2" : "시종점",
        "DETAIL_SPO" : "시종점",
        "ETC_MATTER" : " ",
        "MNTN_NM" : "명덕산",
        "PAST_SPOT_" : "24022112000016",
        "MNTN_ID" : "2402211200"
      },
      "geometry" : {
        "x" : 197741.37640000135,
        "y" : 429855.48469999991
      }
    }
  ]
}