{
  "displayFieldName" : "",
  "fieldAliases" : {
    "FID" : "FID",
    "SAFE_SPOT1" : "SAFE_SPOT1",
    "SAFE_SPOT2" : "SAFE_SPOT2",
    "SAFE_SPOT3" : "SAFE_SPOT3",
    "MGC" : "MGC",
    "ETC_MATTER" : "ETC_MATTER",
    "MNTN_NM" : "MNTN_NM"
  },
  "geometryType" : "esriGeometryPoint",
  "spatialReference" : {
    "wkt" : "PROJCS[\"PCS_ITRF2000_TM\",GEOGCS[\"GCS_ITRF_2000\",DATUM[\"D_ITRF_2000\",SPHEROID[\"GRS_1980\",6378137.0,298.257222101]],PRIMEM[\"Greenwich\",0.0],UNIT[\"Degree\",0.0174532925199433]],PROJECTION[\"Transverse_Mercator\"],PARAMETER[\"False_Easting\",200000.0],PARAMETER[\"False_Northing\",600000.0],PARAMETER[\"Central_Meridian\",127.0],PARAMETER[\"Scale_Factor\",1.0],PARAMETER[\"Latitude_Of_Origin\",38.0],UNIT[\"Meter\",1.0]]"
  },
  "fields" : [
    {
      "name" : "FID",
      "type" : "esriFieldTypeOID",
      "alias" : "FID"
    },
    {
      "name" : "SAFE_SPOT1",
      "type" : "esriFieldTypeDouble",
      "alias" : "SAFE_SPOT1"
    },
    {
      "name" : "SAFE_SPOT2",
      "type" : "esriFieldTypeString",
      "alias" : "SAFE_SPOT2",
      "length" : 50
    },
    {
      "name" : "SAFE_SPOT3",
      "type" : "esriFieldTypeString",
      "alias" : "SAFE_SPOT3",
      "length" : 50
    },
    {
      "name" : "MGC",
      "type" : "esriFieldTypeString",
      "alias" : "MGC",
      "length" : 50
    },
    {
      "name" : "ETC_MATTER",
      "type" : "esriFieldTypeString",
      "alias" : "ETC_MATTER",
      "length" : 200
    },
    {
      "name" : "MNTN_NM",
      "type" : "esriFieldTypeString",
      "alias" : "MNTN_NM",
      "length" : 50
    }
  ],
  "features" : [
    {
      "attributes" : {
        "FID" : 0,
        "SAFE_SPOT1" : 2121,
        "SAFE_SPOT2" : "위치표시판",
        "SAFE_SPOT3" : " ",
        "MGC" : "부산남부소방서",
        "ETC_MATTER" : " ",
        "MNTN_NM" : "금련산"
      },
      "geometry" : {
        "x" : 391763.39200000186,
        "y" : 285082.5689000003
      }
    },
    {
      "attributes" : {
        "FID" : 1,
        "SAFE_SPOT1" : 2122,
        "SAFE_SPOT2" : "위치표시판",
        "SAFE_SPOT3" : " ",
        "MGC" : "부산남부소방서",
        "ETC_MATTER" : " ",
        "MNTN_NM" : "금련산"
      },
      "geometry" : {
        "x" : 391707.03810000047,
        "y" : 285112.21560000069
      }
    },
    {
      "attributes" : {
        "FID" : 2,
        "SAFE_SPOT1" : 2123,
        "SAFE_SPOT2" : "위치표시판",
        "SAFE_SPOT3" : " ",
        "MGC" : "부산남부소방서",
        "ETC_MATTER" : " ",
        "MNTN_NM" : "금련산"
      },
      "geometry" : {
        "x" : 391598.06620000117,
        "y" : 285594.07499999925
      }
    },
    {
      "attributes" : {
        "FID" : 3,
        "SAFE_SPOT1" : 2124,
        "SAFE_SPOT2" : "위치표시판",
        "SAFE_SPOT3" : " ",
        "MGC" : "부산남부소방서",
        "ETC_MATTER" : " ",
        "MNTN_NM" : "금련산"
      },
      "geometry" : {
        "x" : 391782.21030000038,
        "y" : 285869.34710000269
      }
    },
    {
      "attributes" : {
        "FID" : 4,
        "SAFE_SPOT1" : 2125,
        "SAFE_SPOT2" : "위치표시판",
        "SAFE_SPOT3" : " ",
        "MGC" : "부산남부소방서",
        "ETC_MATTER" : " ",
        "MNTN_NM" : "금련산"
      },
      "geometry" : {
        "x" : 391553.38049999997,
        "y" : 285910.76620000042
      }
    },
    {
      "attributes" : {
        "FID" : 5,
        "SAFE_SPOT1" : 2126,
        "SAFE_SPOT2" : "위치표시판",
        "SAFE_SPOT3" : " ",
        "MGC" : "부산남부소방서",
        "ETC_MATTER" : " ",
        "MNTN_NM" : "금련산"
      },
      "geometry" : {
        "x" : 391057.08750000037,
        "y" : 286745.26220000163
      }
    },
    {
      "attributes" : {
        "FID" : 6,
        "SAFE_SPOT1" : 2127,
        "SAFE_SPOT2" : "위치표시판",
        "SAFE_SPOT3" : " ",
        "MGC" : "부산남부소방서",
        "ETC_MATTER" : " ",
        "MNTN_NM" : "금련산"
      },
      "geometry" : {
        "x" : 390986.76260000002,
        "y" : 287198.02859999985
      }
    },
    {
      "attributes" : {
        "FID" : 7,
        "SAFE_SPOT1" : 2128,
        "SAFE_SPOT2" : "위치표시판",
        "SAFE_SPOT3" : " ",
        "MGC" : "부산남부소방서",
        "ETC_MATTER" : " ",
        "MNTN_NM" : "금련산"
      },
      "geometry" : {
        "x" : 390905.90240000095,
        "y" : 287670.30990000069
      }
    },
    {
      "attributes" : {
        "FID" : 8,
        "SAFE_SPOT1" : 2129,
        "SAFE_SPOT2" : "위치표시판",
        "SAFE_SPOT3" : " ",
        "MGC" : "부산남부소방서",
        "ETC_MATTER" : " ",
        "MNTN_NM" : "금련산"
      },
      "geometry" : {
        "x" : 391203.4822000023,
        "y" : 287608.74120000005
      }
    },
    {
      "attributes" : {
        "FID" : 9,
        "SAFE_SPOT1" : 2130,
        "SAFE_SPOT2" : "위치표시판",
        "SAFE_SPOT3" : " ",
        "MGC" : "부산남부소방서",
        "ETC_MATTER" : " ",
        "MNTN_NM" : "금련산"
      },
      "geometry" : {
        "x" : 395889.83440000005,
        "y" : 287659.51900000125
      }
    },
    {
      "attributes" : {
        "FID" : 10,
        "SAFE_SPOT1" : 2131,
        "SAFE_SPOT2" : "위치표시판",
        "SAFE_SPOT3" : " ",
        "MGC" : "부산남부소방서",
        "ETC_MATTER" : " ",
        "MNTN_NM" : "금련산"
      },
      "geometry" : {
        "x" : 391939.32930000126,
        "y" : 286224.23150000162
      }
    },
    {
      "attributes" : {
        "FID" : 11,
        "SAFE_SPOT1" : 2132,
        "SAFE_SPOT2" : "위치표시판",
        "SAFE_SPOT3" : " ",
        "MGC" : "부산남부소방서",
        "ETC_MATTER" : " ",
        "MNTN_NM" : "금련산"
      },
      "geometry" : {
        "x" : 391603.27210000064,
        "y" : 287025.0887000002
      }
    },
    {
      "attributes" : {
        "FID" : 12,
        "SAFE_SPOT1" : 2133,
        "SAFE_SPOT2" : "위치표시판",
        "SAFE_SPOT3" : " ",
        "MGC" : "부산남부소방서",
        "ETC_MATTER" : " ",
        "MNTN_NM" : "금련산"
      },
      "geometry" : {
        "x" : 390918.95030000061,
        "y" : 287531.8123000022
      }
    },
    {
      "attributes" : {
        "FID" : 13,
        "SAFE_SPOT1" : 2134,
        "SAFE_SPOT2" : "위치표시판",
        "SAFE_SPOT3" : " ",
        "MGC" : "부산남부소방서",
        "ETC_MATTER" : " ",
        "MNTN_NM" : "금련산"
      },
      "geometry" : {
        "x" : 390864.95040000137,
        "y" : 287570.76429999806
      }
    },
    {
      "attributes" : {
        "FID" : 14,
        "SAFE_SPOT1" : 2135,
        "SAFE_SPOT2" : "위치표시판",
        "SAFE_SPOT3" : " ",
        "MGC" : "부산남부소방서",
        "ETC_MATTER" : " ",
        "MNTN_NM" : "금련산"
      },
      "geometry" : {
        "x" : 391030.19039999973,
        "y" : 287660.59449999966
      }
    },
    {
      "attributes" : {
        "FID" : 15,
        "SAFE_SPOT1" : 2136,
        "SAFE_SPOT2" : "위치표시판",
        "SAFE_SPOT3" : " ",
        "MGC" : "부산남부소방서",
        "ETC_MATTER" : " ",
        "MNTN_NM" : "금련산"
      },
      "geometry" : {
        "x" : 391563.58650000114,
        "y" : 287344.96980000101
      }
    },
    {
      "attributes" : {
        "FID" : 16,
        "SAFE_SPOT1" : 2137,
        "SAFE_SPOT2" : "위치표시판",
        "SAFE_SPOT3" : " ",
        "MGC" : "부산남부소방서",
        "ETC_MATTER" : " ",
        "MNTN_NM" : "금련산"
      },
      "geometry" : {
        "x" : 391513.63850000035,
        "y" : 286113.46000000089
      }
    },
    {
      "attributes" : {
        "FID" : 17,
        "SAFE_SPOT1" : 2223,
        "SAFE_SPOT2" : "간이구조구급함",
        "SAFE_SPOT3" : " ",
        "MGC" : "부산남부소방서",
        "ETC_MATTER" : " ",
        "MNTN_NM" : "금련산"
      },
      "geometry" : {
        "x" : 389768.441300001,
        "y" : 286604.08410000242
      }
    },
    {
      "attributes" : {
        "FID" : 18,
        "SAFE_SPOT1" : 2224,
        "SAFE_SPOT2" : "간이구조구급함",
        "SAFE_SPOT3" : " ",
        "MGC" : "부산남부소방서",
        "ETC_MATTER" : " ",
        "MNTN_NM" : "금련산"
      },
      "geometry" : {
        "x" : 391157.4478000002,
        "y" : 286429.7435999997
      }
    },
    {
      "attributes" : {
        "FID" : 19,
        "SAFE_SPOT1" : 6004,
        "SAFE_SPOT2" : "방화수",
        "SAFE_SPOT3" : " ",
        "MGC" : "부산시 남구",
        "ETC_MATTER" : "편백단지 내",
        "MNTN_NM" : "금련산"
      },
      "geometry" : {
        "x" : 389958.31490000058,
        "y" : 285927.81100000069
      }
    },
    {
      "attributes" : {
        "FID" : 20,
        "SAFE_SPOT1" : 6005,
        "SAFE_SPOT2" : "방화수",
        "SAFE_SPOT3" : " ",
        "MGC" : "부산시 남구",
        "ETC_MATTER" : "동광골프장 위",
        "MNTN_NM" : "금련산"
      },
      "geometry" : {
        "x" : 390719.34240000136,
        "y" : 285977.98470000364
      }
    },
    {
      "attributes" : {
        "FID" : 21,
        "SAFE_SPOT1" : 6006,
        "SAFE_SPOT2" : "방화수",
        "SAFE_SPOT3" : " ",
        "MGC" : "부산시 남구",
        "ETC_MATTER" : "안창약수터 밑",
        "MNTN_NM" : "금련산"
      },
      "geometry" : {
        "x" : 390721.85809999984,
        "y" : 286326.41120000184
      }
    },
    {
      "attributes" : {
        "FID" : 22,
        "SAFE_SPOT1" : 6007,
        "SAFE_SPOT2" : "방화수",
        "SAFE_SPOT3" : " ",
        "MGC" : "부산시 남구",
        "ETC_MATTER" : "99임도 시작부근",
        "MNTN_NM" : "금련산"
      },
      "geometry" : {
        "x" : 391027.52830000222,
        "y" : 286579.4196000006
      }
    },
    {
      "attributes" : {
        "FID" : 23,
        "SAFE_SPOT1" : 6008,
        "SAFE_SPOT2" : "방화수",
        "SAFE_SPOT3" : " ",
        "MGC" : "부산시 남구",
        "ETC_MATTER" : "금련산중계탑",
        "MNTN_NM" : "금련산"
      },
      "geometry" : {
        "x" : 390874.74930000026,
        "y" : 286872.39620000124
      }
    },
    {
      "attributes" : {
        "FID" : 24,
        "SAFE_SPOT1" : 6009,
        "SAFE_SPOT2" : "방화수",
        "SAFE_SPOT3" : " ",
        "MGC" : "부산시 남구",
        "ETC_MATTER" : "경성대 가는 등산로변",
        "MNTN_NM" : "금련산"
      },
      "geometry" : {
        "x" : 390924.09169999976,
        "y" : 284819.49570000172
      }
    },
    {
      "attributes" : {
        "FID" : 25,
        "SAFE_SPOT1" : 6010,
        "SAFE_SPOT2" : "방화수",
        "SAFE_SPOT3" : " ",
        "MGC" : "부산시 남구",
        "ETC_MATTER" : "동천고 위 산불피해지",
        "MNTN_NM" : "금련산"
      },
      "geometry" : {
        "x" : 390257.05070000142,
        "y" : 285239.88569999859
      }
    },
    {
      "attributes" : {
        "FID" : 26,
        "SAFE_SPOT1" : 6023,
        "SAFE_SPOT2" : "방화수",
        "SAFE_SPOT3" : " ",
        "MGC" : "부산시 남구",
        "ETC_MATTER" : "공동묘지",
        "MNTN_NM" : "금련산"
      },
      "geometry" : {
        "x" : 388996.55400000047,
        "y" : 285665.46939999983
      }
    },
    {
      "attributes" : {
        "FID" : 27,
        "SAFE_SPOT1" : 6024,
        "SAFE_SPOT2" : "방화수",
        "SAFE_SPOT3" : " ",
        "MGC" : "부산시 남구",
        "ETC_MATTER" : "바람고개",
        "MNTN_NM" : "금련산"
      },
      "geometry" : {
        "x" : 389496.72800000105,
        "y" : 285785.59559999965
      }
    },
    {
      "attributes" : {
        "FID" : 28,
        "SAFE_SPOT1" : 6025,
        "SAFE_SPOT2" : "방화수",
        "SAFE_SPOT3" : " ",
        "MGC" : "부산시 남구",
        "ETC_MATTER" : "바람고개",
        "MNTN_NM" : "금련산"
      },
      "geometry" : {
        "x" : 389610.37540000211,
        "y" : 285766.434799999
      }
    },
    {
      "attributes" : {
        "FID" : 29,
        "SAFE_SPOT1" : 6026,
        "SAFE_SPOT2" : "방화수",
        "SAFE_SPOT3" : " ",
        "MGC" : "부산시 남구",
        "ETC_MATTER" : "혜성학교",
        "MNTN_NM" : "금련산"
      },
      "geometry" : {
        "x" : 389824.92680000048,
        "y" : 284899.66499999911
      }
    }
  ]
}