{
  "displayFieldName" : "",
  "fieldAliases" : {
    "FID" : "FID",
    "PMNTN_SN" : "PMNTN_SN",
    "MNTN_CODE" : "MNTN_CODE",
    "MNTN_NM" : "MNTN_NM",
    "PMNTN_NM" : "PMNTN_NM",
    "PMNTN_MAIN" : "PMNTN_MAIN",
    "PMNTN_LT" : "PMNTN_LT",
    "PMNTN_DFFL" : "PMNTN_DFFL",
    "PMNTN_UPPL" : "PMNTN_UPPL",
    "PMNTN_GODN" : "PMNTN_GODN",
    "PMNTN_MTRQ" : "PMNTN_MTRQ",
    "PMNTN_CNRL" : "PMNTN_CNRL",
    "PMNTN_CLS_" : "PMNTN_CLS_",
    "PMNTN_RISK" : "PMNTN_RISK",
    "PMNTN_RECO" : "PMNTN_RECO",
    "DATA_STDR_" : "DATA_STDR_",
    "MNTN_ID" : "MNTN_ID"
  },
  "geometryType" : "esriGeometryPolyline",
  "spatialReference" : {
    "wkt" : "PROJCS[\"PCS_ITRF2000_TM\",GEOGCS[\"GCS_ITRF_2000\",DATUM[\"D_ITRF_2000\",SPHEROID[\"GRS_1980\",6378137.0,298.257222101]],PRIMEM[\"Greenwich\",0.0],UNIT[\"Degree\",0.0174532925199433]],PROJECTION[\"Transverse_Mercator\"],PARAMETER[\"False_Easting\",200000.0],PARAMETER[\"False_Northing\",600000.0],PARAMETER[\"Central_Meridian\",127.0],PARAMETER[\"Scale_Factor\",1.0],PARAMETER[\"Latitude_Of_Origin\",38.0],UNIT[\"Meter\",1.0]]"
  },
  "fields" : [
    {
      "name" : "FID",
      "type" : "esriFieldTypeOID",
      "alias" : "FID"
    },
    {
      "name" : "PMNTN_SN",
      "type" : "esriFieldTypeDouble",
      "alias" : "PMNTN_SN"
    },
    {
      "name" : "MNTN_CODE",
      "type" : "esriFieldTypeString",
      "alias" : "MNTN_CODE",
      "length" : 9
    },
    {
      "name" : "MNTN_NM",
      "type" : "esriFieldTypeString",
      "alias" : "MNTN_NM",
      "length" : 50
    },
    {
      "name" : "PMNTN_NM",
      "type" : "esriFieldTypeString",
      "alias" : "PMNTN_NM",
      "length" : 50
    },
    {
      "name" : "PMNTN_MAIN",
      "type" : "esriFieldTypeString",
      "alias" : "PMNTN_MAIN",
      "length" : 200
    },
    {
      "name" : "PMNTN_LT",
      "type" : "esriFieldTypeSingle",
      "alias" : "PMNTN_LT"
    },
    {
      "name" : "PMNTN_DFFL",
      "type" : "esriFieldTypeString",
      "alias" : "PMNTN_DFFL",
      "length" : 8
    },
    {
      "name" : "PMNTN_UPPL",
      "type" : "esriFieldTypeDouble",
      "alias" : "PMNTN_UPPL"
    },
    {
      "name" : "PMNTN_GODN",
      "type" : "esriFieldTypeDouble",
      "alias" : "PMNTN_GODN"
    },
    {
      "name" : "PMNTN_MTRQ",
      "type" : "esriFieldTypeString",
      "alias" : "PMNTN_MTRQ",
      "length" : 200
    },
    {
      "name" : "PMNTN_CNRL",
      "type" : "esriFieldTypeString",
      "alias" : "PMNTN_CNRL",
      "length" : 1
    },
    {
      "name" : "PMNTN_CLS_",
      "type" : "esriFieldTypeString",
      "alias" : "PMNTN_CLS_",
      "length" : 1
    },
    {
      "name" : "PMNTN_RISK",
      "type" : "esriFieldTypeString",
      "alias" : "PMNTN_RISK",
      "length" : 200
    },
    {
      "name" : "PMNTN_RECO",
      "type" : "esriFieldTypeString",
      "alias" : "PMNTN_RECO",
      "length" : 1
    },
    {
      "name" : "DATA_STDR_",
      "type" : "esriFieldTypeString",
      "alias" : "DATA_STDR_",
      "length" : 10
    },
    {
      "name" : "MNTN_ID",
      "type" : "esriFieldTypeString",
      "alias" : "MNTN_ID",
      "length" : 10
    }
  ],
  "features" : [
    {
      "attributes" : {
        "FID" : 0,
        "PMNTN_SN" : 29470,
        "MNTN_CODE" : "448300801",
        "MNTN_NM" : "삼선산",
        "PMNTN_NM" : "진관리구간",
        "PMNTN_MAIN" : " ",
        "PMNTN_LT" : 0.54,
        "PMNTN_DFFL" : "쉬움",
        "PMNTN_UPPL" : 10,
        "PMNTN_GODN" : 7,
        "PMNTN_MTRQ" : " ",
        "PMNTN_CNRL" : " ",
        "PMNTN_CLS_" : " ",
        "PMNTN_RISK" : " ",
        "PMNTN_RECO" : " ",
        "DATA_STDR_" : "2016-12-31",
        "MNTN_ID" : "448300801"
      },
      "geometry" : {
        "paths" : [
          [
            [
              163340.61139999982,
              479015.8655000031
            ],
            [
              163349.4458000008,
              479011.56829999946
            ],
            [
              163363.40620000102,
              479002.13389999978
            ],
            [
              163380.68580000382,
              478989.62520000152
            ],
            [
              163396.95949999988,
              478974.61020000093
            ],
            [
              163404.88680000417,
              478962.30700000003
            ],
            [
              163411.17620000243,
              478949.16919999942
            ],
            [
              163420.55320000183,
              478927.41390000284
            ],
            [
              163428.80930000171,
              478902.6444000043
            ],
            [
              163435.17140000034,
              478882.34190000221
            ],
            [
              163441.69160000049,
              478843.12780000083
            ],
            [
              163440.98540000152,
              478821.79480000399
            ],
            [
              163445.65370000061,
              478808.4701000005
            ],
            [
              163459.17550000176,
              478792.54979999922
            ],
            [
              163465.2862000009,
              478782.1427000016
            ],
            [
              163471.66800000146,
              478763.14570000209
            ],
            [
              163472.54349999968,
              478756.00350000337
            ],
            [
              163469.51310000289,
              478750.97949999943
            ],
            [
              163462.49340000004,
              478744.97350000031
            ],
            [
              163458.40630000178,
              478735.64269999973
            ],
            [
              163459.13400000241,
              478725.83970000222
            ],
            [
              163464.25290000066,
              478708.07390000112
            ],
            [
              163462.95949999895,
              478697.54399999976
            ],
            [
              163460.0476000011,
              478686.39040000364
            ],
            [
              163463.49440000299,
              478678.41230000183
            ],
            [
              163487.97430000175,
              478663.4319000002
            ],
            [
              163513.61520000082,
              478646.58159999922
            ],
            [
              163532.10710000154,
              478631.64070000313
            ],
            [
              163544.68880000059,
              478619.60120000131
            ],
            [
              163561.09730000142,
              478603.81010000221
            ],
            [
              163571.92970000114,
              478599.02460000105
            ],
            [
              163581.66459999979,
              478593.32860000059
            ]
          ]
        ]
      }
    },
    {
      "attributes" : {
        "FID" : 1,
        "PMNTN_SN" : 29471,
        "MNTN_CODE" : "448300801",
        "MNTN_NM" : "삼선산",
        "PMNTN_NM" : "옥현리구간",
        "PMNTN_MAIN" : " ",
        "PMNTN_LT" : 0.06,
        "PMNTN_DFFL" : "쉬움",
        "PMNTN_UPPL" : 1,
        "PMNTN_GODN" : 1,
        "PMNTN_MTRQ" : " ",
        "PMNTN_CNRL" : " ",
        "PMNTN_CLS_" : " ",
        "PMNTN_RISK" : " ",
        "PMNTN_RECO" : " ",
        "DATA_STDR_" : "2016-12-31",
        "MNTN_ID" : "448300801"
      },
      "geometry" : {
        "paths" : [
          [
            [
              163275.55650000274,
              478566.07259999961
            ],
            [
              163275.57710000128,
              478570.83349999972
            ],
            [
              163275.63910000306,
              478585.12730000168
            ],
            [
              163277.60680000018,
              478597.02680000104
            ],
            [
              163275.80410000309,
              478623.2256000042
            ]
          ]
        ]
      }
    },
    {
      "attributes" : {
        "FID" : 2,
        "PMNTN_SN" : 29472,
        "MNTN_CODE" : "448300801",
        "MNTN_NM" : "삼선산",
        "PMNTN_NM" : "옥현리구간",
        "PMNTN_MAIN" : " ",
        "PMNTN_LT" : 0.51,
        "PMNTN_DFFL" : "쉬움",
        "PMNTN_UPPL" : 9,
        "PMNTN_GODN" : 6,
        "PMNTN_MTRQ" : " ",
        "PMNTN_CNRL" : " ",
        "PMNTN_CLS_" : " ",
        "PMNTN_RISK" : " ",
        "PMNTN_RECO" : " ",
        "DATA_STDR_" : "2016-12-31",
        "MNTN_ID" : "448300801"
      },
      "geometry" : {
        "paths" : [
          [
            [
              163275.80410000309,
              478623.2256000042
            ],
            [
              163275.80410000309,
              478623.2256000042
            ],
            [
              163276.06300000101,
              478632.06950000115
            ],
            [
              163276.16640000325,
              478647.11140000261
            ],
            [
              163279.78089999966,
              478656.54639999941
            ],
            [
              163285.54240000062,
              478663.66840000264
            ],
            [
              163289.40689999983,
              478673.17370000109
            ],
            [
              163287.5513000004,
              478685.08970000036
            ],
            [
              163287.59259999916,
              478694.61160000227
            ],
            [
              163287.7164000012,
              478723.18810000084
            ],
            [
              163287.76800000109,
              478735.095900001
            ],
            [
              163289.72670000419,
              478746.99540000036
            ],
            [
              163289.77830000129,
              478758.90320000052
            ],
            [
              163284.09940000158,
              478770.8358000014
            ],
            [
              163284.17170000356,
              478787.5046000015
            ],
            [
              163288.0362000009,
              478797.00980000012
            ],
            [
              163291.89040000364,
              478804.14010000043
            ],
            [
              163295.77550000232,
              478818.40630000271
            ],
            [
              163297.76379999984,
              478835.06670000032
            ],
            [
              163294.07469999976,
              478866.04580000043
            ],
            [
              163290.31470000092,
              478882.7311000023
            ],
            [
              163284.63599999994,
              478894.66369999759
            ],
            [
              163282.79210000206,
              478911.34070000239
            ],
            [
              163282.83339999989,
              478920.86250000075
            ],
            [
              163286.88820000086,
              478928.15430000424
            ],
            [
              163294.28310000058,
              478932.75689999759
            ],
            [
              163325.09940000065,
              478924.04680000246
            ],
            [
              163334.86680000275,
              478922.99799999967
            ],
            [
              163356.42560000159,
              478915.66360000148
            ],
            [
              163368.08460000064,
              478916.63390000165
            ],
            [
              163373.93969999999,
              478923.05760000274
            ],
            [
              163371.54790000338,
              478932.76320000365
            ],
            [
              163364.64140000194,
              478946.09720000066
            ],
            [
              163349.01100000087,
              478966.33180000447
            ],
            [
              163338.96740000043,
              478980.44979999959
            ],
            [
              163338.35190000013,
              478990.40420000069
            ],
            [
              163339.74239999987,
              479003.48150000349
            ],
            [
              163340.61139999982,
              479015.8655000031
            ]
          ]
        ]
      }
    },
    {
      "attributes" : {
        "FID" : 3,
        "PMNTN_SN" : 29473,
        "MNTN_CODE" : "448300801",
        "MNTN_NM" : "삼선산",
        "PMNTN_NM" : "옥현리구간",
        "PMNTN_MAIN" : " ",
        "PMNTN_LT" : 0.33,
        "PMNTN_DFFL" : "쉬움",
        "PMNTN_UPPL" : 6,
        "PMNTN_GODN" : 4,
        "PMNTN_MTRQ" : " ",
        "PMNTN_CNRL" : " ",
        "PMNTN_CLS_" : " ",
        "PMNTN_RISK" : " ",
        "PMNTN_RECO" : " ",
        "DATA_STDR_" : "2016-12-31",
        "MNTN_ID" : "448300801"
      },
      "geometry" : {
        "paths" : [
          [
            [
              163581.66459999979,
              478593.32860000059
            ],
            [
              163571.11920000054,
              478584.47670000233
            ],
            [
              163561.91060000006,
              478582.53690000251
            ],
            [
              163549.83220000006,
              478582.76019999944
            ],
            [
              163533.80940000061,
              478584.01239999942
            ],
            [
              163525.63910000026,
              478581.60180000402
            ],
            [
              163513.48020000011,
              478581.79219999909
            ],
            [
              163499.40050000045,
              478586.53550000302
            ],
            [
              163480.28509999998,
              478589.00390000083
            ],
            [
              163445.84540000185,
              478584.39140000008
            ],
            [
              163415.24960000068,
              478584.52340000123
            ],
            [
              163398.05170000251,
              478589.35869999975
            ],
            [
              163369.36170000304,
              478587.09660000168
            ],
            [
              163350.27730000298,
              478596.71220000274
            ],
            [
              163329.24440000113,
              478596.80320000276
            ],
            [
              163317.76540000085,
              478596.85280000232
            ],
            [
              163304.43070000038,
              478608.80750000104
            ],
            [
              163289.20060000103,
              478625.55360000022
            ],
            [
              163287.31410000194,
              478630.32269999944
            ],
            [
              163281.57459999993,
              478630.34760000184
            ],
            [
              163275.80410000309,
              478623.2256000042
            ]
          ]
        ]
      }
    },
    {
      "attributes" : {
        "FID" : 4,
        "PMNTN_SN" : 29474,
        "MNTN_CODE" : "448300801",
        "MNTN_NM" : "삼선산",
        "PMNTN_NM" : "진관리구간",
        "PMNTN_MAIN" : " ",
        "PMNTN_LT" : 1.18,
        "PMNTN_DFFL" : "쉬움",
        "PMNTN_UPPL" : 21,
        "PMNTN_GODN" : 15,
        "PMNTN_MTRQ" : " ",
        "PMNTN_CNRL" : " ",
        "PMNTN_CLS_" : " ",
        "PMNTN_RISK" : " ",
        "PMNTN_RECO" : " ",
        "DATA_STDR_" : "2016-12-31",
        "MNTN_ID" : "448300801"
      },
      "geometry" : {
        "paths" : [
          [
            [
              163581.66459999979,
              478593.32860000059
            ],
            [
              163586.17870000098,
              478603.49640000239
            ],
            [
              163594.07780000195,
              478616.59910000302
            ],
            [
              163607.02280000038,
              478626.97270000167
            ],
            [
              163625.30310000107,
              478639.63509999774
            ],
            [
              163637.33090000041,
              478654.384200003
            ],
            [
              163642.96320000291,
              478668.98299999908
            ],
            [
              163644.58490000013,
              478678.15440000407
            ],
            [
              163641.36550000031,
              478686.81480000168
            ],
            [
              163624.58580000233,
              478697.90490000136
            ],
            [
              163618.543700004,
              478703.20910000056
            ],
            [
              163614.6727,
              478711.76490000263
            ],
            [
              163619.29630000051,
              478724.2733000014
            ],
            [
              163625.08230000082,
              478734.46340000071
            ],
            [
              163624.98190000094,
              478750.53250000253
            ],
            [
              163619.95480000228,
              478758.32449999824
            ],
            [
              163614.63640000112,
              478766.68840000033
            ],
            [
              163600.13509999961,
              478776.84750000015
            ],
            [
              163592.41130000167,
              478780.39580000006
            ],
            [
              163587.89680000115,
              478790.29260000028
            ],
            [
              163583.24350000173,
              478798.11050000228
            ],
            [
              163582.57540000323,
              478805.26080000214
            ],
            [
              163578.80340000149,
              478817.18510000035
            ],
            [
              163578.86480000149,
              478831.47890000418
            ],
            [
              163574.30599999987,
              478851.7797000017
            ],
            [
              163576.32520000078,
              478871.08630000055
            ],
            [
              163577.08779999986,
              478889.26209999993
            ],
            [
              163576.49129999988,
              478915.35770000145
            ],
            [
              163571.65980000235,
              478936.28500000201
            ],
            [
              163569.77310000081,
              478941.05410000123
            ],
            [
              163565.97180000041,
              478948.21740000509
            ],
            [
              163555.91970000137,
              478958.63460000046
            ],
            [
              163548.83459999971,
              478964.96020000055
            ],
            [
              163542.93209999986,
              478975.75050000101
            ],
            [
              163545.10360000096,
              478986.40619999915
            ],
            [
              163556.69479999971,
              479012.55849999934
            ],
            [
              163560.54860000312,
              479019.67779999971
            ],
            [
              163564.39230000135,
              479024.42230000161
            ],
            [
              163566.31989999954,
              479029.18610000052
            ],
            [
              163572.08980000205,
              479036.29720000178
            ],
            [
              163579.76550000068,
              479041.0252000019
            ],
            [
              163581.70330000389,
              479048.16389999911
            ],
            [
              163589.45199999865,
              479071.94669999927
            ],
            [
              163591.37820000388,
              479074.324400004
            ],
            [
              163595.59650000092,
              479080.5941000022
            ],
            [
              163595.26269999985,
              479088.59070000425
            ],
            [
              163590.83640000224,
              479103.91110000014
            ],
            [
              163591.5317000011,
              479110.03680000082
            ],
            [
              163599.21880000085,
              479119.52570000105
            ],
            [
              163610.10400000215,
              479130.63260000199
            ],
            [
              163612.70650000311,
              479143.28390000388
            ],
            [
              163612.71670000069,
              479145.6699000001
            ],
            [
              163610.87100000028,
              479159.96079999954
            ],
            [
              163605.15230000019,
              479164.7463000007
            ],
            [
              163597.51640000287,
              479167.16520000249
            ],
            [
              163586.0382000003,
              479167.2145000007
            ],
            [
              163574.57910000347,
              479169.64980000257
            ],
            [
              163570.76630000025,
              479172.0410999991
            ],
            [
              163566.01190000027,
              479178.10150000639
            ],
            [
              163570.33260000031,
              479189.48920000345
            ],
            [
              163563.22380000073,
              479198.26460000128
            ],
            [
              163557.52440000046,
              479205.43610000052
            ],
            [
              163538.4616000019,
              479219.81220000237
            ],
            [
              163536.555800003,
              479222.19540000148
            ],
            [
              163525.11730000097,
              479229.39170000143
            ],
            [
              163515.54370000213,
              479231.62299999967
            ],
            [
              163502.60099999979,
              479228.18370000087
            ],
            [
              163484.55830000248,
              479223.87590000592
            ],
            [
              163469.61950000003,
              479220.10880000331
            ],
            [
              163462.48110000137,
              479217.17220000364
            ],
            [
              163454.17659999989,
              479214.7976000011
            ],
            [
              163447.88939999975,
              479212.47010000423
            ],
            [
              163440.23300000001,
              479210.12810000218
            ],
            [
              163424.91119999997,
              479205.43329999968
            ],
            [
              163411.50530000124,
              479200.71900000051
            ],
            [
              163405.86030000076,
              479195.79590000212
            ],
            [
              163404.46679999959,
              479189.42680000141
            ],
            [
              163396.76910000108,
              479177.55199999921
            ],
            [
              163377.61390000116,
              479170.49890000001
            ],
            [
              163358.44690000359,
              479158.67370000109
            ],
            [
              163341.1678000018,
              479144.45440000109
            ],
            [
              163329.65720000118,
              479134.9822000023
            ],
            [
              163318.15700000059,
              479127.88489999995
            ],
            [
              163314.31470000092,
              479125.52660000324
            ],
            [
              163306.64780000038,
              479120.78770000115
            ],
            [
              163302.81429999974,
              479118.42940000445
            ],
            [
              163298.97059999965,
              479113.68500000238
            ],
            [
              163295.1371000018,
              479111.31560000032
            ],
            [
              163281.70019999985,
              479099.46580000035
            ],
            [
              163279.75320000108,
              479092.33830000088
            ],
            [
              163278.9823000012,
              479081.41610000096
            ],
            [
              163278.05900000036,
              479073.87220000103
            ],
            [
              163281.97250000387,
              479068.49819999933
            ],
            [
              163298.4858000027,
              479058.40530000068
            ],
            [
              163311.53600000218,
              479043.60810000077
            ],
            [
              163326.31199999992,
              479029.8356999997
            ],
            [
              163340.61139999982,
              479015.8655000031
            ]
          ]
        ]
      }
    }
  ]
}