{
  "displayFieldName" : "",
  "fieldAliases" : {
    "FID" : "FID",
    "PMNTN_SPOT" : "PMNTN_SPOT",
    "MNTN_CODE" : "MNTN_CODE",
    "MANAGE_SP1" : "MANAGE_SP1",
    "MANAGE_SP2" : "MANAGE_SP2",
    "DETAIL_SPO" : "DETAIL_SPO",
    "ETC_MATTER" : "ETC_MATTER",
    "MNTN_NM" : "MNTN_NM",
    "PAST_SPOT_" : "PAST_SPOT_",
    "MNTN_ID" : "MNTN_ID"
  },
  "geometryType" : "esriGeometryPoint",
  "spatialReference" : {
    "wkt" : "PROJCS[\"PCS_ITRF2000_TM\",GEOGCS[\"GCS_ITRF_2000\",DATUM[\"D_ITRF_2000\",SPHEROID[\"GRS_1980\",6378137.0,298.257222101]],PRIMEM[\"Greenwich\",0.0],UNIT[\"Degree\",0.0174532925199433]],PROJECTION[\"Transverse_Mercator\"],PARAMETER[\"False_Easting\",200000.0],PARAMETER[\"False_Northing\",600000.0],PARAMETER[\"Central_Meridian\",127.0],PARAMETER[\"Scale_Factor\",1.0],PARAMETER[\"Latitude_Of_Origin\",38.0],UNIT[\"Meter\",1.0]]"
  },
  "fields" : [
    {
      "name" : "FID",
      "type" : "esriFieldTypeOID",
      "alias" : "FID"
    },
    {
      "name" : "PMNTN_SPOT",
      "type" : "esriFieldTypeDouble",
      "alias" : "PMNTN_SPOT"
    },
    {
      "name" : "MNTN_CODE",
      "type" : "esriFieldTypeString",
      "alias" : "MNTN_CODE",
      "length" : 9
    },
    {
      "name" : "MANAGE_SP1",
      "type" : "esriFieldTypeString",
      "alias" : "MANAGE_SP1",
      "length" : 2
    },
    {
      "name" : "MANAGE_SP2",
      "type" : "esriFieldTypeString",
      "alias" : "MANAGE_SP2",
      "length" : 50
    },
    {
      "name" : "DETAIL_SPO",
      "type" : "esriFieldTypeString",
      "alias" : "DETAIL_SPO",
      "length" : 200
    },
    {
      "name" : "ETC_MATTER",
      "type" : "esriFieldTypeString",
      "alias" : "ETC_MATTER",
      "length" : 200
    },
    {
      "name" : "MNTN_NM",
      "type" : "esriFieldTypeString",
      "alias" : "MNTN_NM",
      "length" : 50
    },
    {
      "name" : "PAST_SPOT_",
      "type" : "esriFieldTypeString",
      "alias" : "PAST_SPOT_",
      "length" : 14
    },
    {
      "name" : "MNTN_ID",
      "type" : "esriFieldTypeString",
      "alias" : "MNTN_ID",
      "length" : 10
    }
  ],
  "features" : [
    {
      "attributes" : {
        "FID" : 0,
        "PMNTN_SPOT" : 91762,
        "MNTN_CODE" : "311400501",
        "MANAGE_SP1" : "01",
        "MANAGE_SP2" : "시종점",
        "DETAIL_SPO" : "시종점",
        "ETC_MATTER" : " ",
        "MNTN_NM" : "함월산",
        "PAST_SPOT_" : "3114005010001",
        "MNTN_ID" : "311400501"
      },
      "geometry" : {
        "x" : 409724.61180000007,
        "y" : 326374.1716000028
      }
    },
    {
      "attributes" : {
        "FID" : 1,
        "PMNTN_SPOT" : 91763,
        "MNTN_CODE" : "311400501",
        "MANAGE_SP1" : "01",
        "MANAGE_SP2" : "시종점",
        "DETAIL_SPO" : "시종점",
        "ETC_MATTER" : " ",
        "MNTN_NM" : "함월산",
        "PAST_SPOT_" : "3114005010002",
        "MNTN_ID" : "311400501"
      },
      "geometry" : {
        "x" : 409749.88390000165,
        "y" : 325490.47760000452
      }
    },
    {
      "attributes" : {
        "FID" : 2,
        "PMNTN_SPOT" : 91764,
        "MNTN_CODE" : "311400501",
        "MANAGE_SP1" : "01",
        "MANAGE_SP2" : "시종점",
        "DETAIL_SPO" : "시종점",
        "ETC_MATTER" : " ",
        "MNTN_NM" : "함월산",
        "PAST_SPOT_" : "3114005010003",
        "MNTN_ID" : "311400501"
      },
      "geometry" : {
        "x" : 409886.31760000065,
        "y" : 325819.06450000033
      }
    },
    {
      "attributes" : {
        "FID" : 3,
        "PMNTN_SPOT" : 91765,
        "MNTN_CODE" : "311400501",
        "MANAGE_SP1" : "02",
        "MANAGE_SP2" : "분기점",
        "DETAIL_SPO" : "분기점",
        "ETC_MATTER" : " ",
        "MNTN_NM" : "함월산",
        "PAST_SPOT_" : "3114005010004",
        "MNTN_ID" : "311400501"
      },
      "geometry" : {
        "x" : 409968.4040000001,
        "y" : 326109.12739999779
      }
    },
    {
      "attributes" : {
        "FID" : 4,
        "PMNTN_SPOT" : 91766,
        "MNTN_CODE" : "311400501",
        "MANAGE_SP1" : "01",
        "MANAGE_SP2" : "시종점",
        "DETAIL_SPO" : "시종점",
        "ETC_MATTER" : " ",
        "MNTN_NM" : "함월산",
        "PAST_SPOT_" : "3114005010005",
        "MNTN_ID" : "311400501"
      },
      "geometry" : {
        "x" : 409985.42630000133,
        "y" : 326580.48069999926
      }
    },
    {
      "attributes" : {
        "FID" : 5,
        "PMNTN_SPOT" : 91767,
        "MNTN_CODE" : "311400501",
        "MANAGE_SP1" : "01",
        "MANAGE_SP2" : "시종점",
        "DETAIL_SPO" : "시종점",
        "ETC_MATTER" : " ",
        "MNTN_NM" : "함월산",
        "PAST_SPOT_" : "3114005010006",
        "MNTN_ID" : "311400501"
      },
      "geometry" : {
        "x" : 409985.69089999981,
        "y" : 326569.36820000224
      }
    },
    {
      "attributes" : {
        "FID" : 6,
        "PMNTN_SPOT" : 91768,
        "MNTN_CODE" : "311400501",
        "MANAGE_SP1" : "02",
        "MANAGE_SP2" : "분기점",
        "DETAIL_SPO" : "분기점",
        "ETC_MATTER" : " ",
        "MNTN_NM" : "함월산",
        "PAST_SPOT_" : "3114005010007",
        "MNTN_ID" : "311400501"
      },
      "geometry" : {
        "x" : 409996.86650000047,
        "y" : 325789.04280000366
      }
    },
    {
      "attributes" : {
        "FID" : 7,
        "PMNTN_SPOT" : 91769,
        "MNTN_CODE" : "311400501",
        "MANAGE_SP1" : "02",
        "MANAGE_SP2" : "분기점",
        "DETAIL_SPO" : "분기점",
        "ETC_MATTER" : " ",
        "MNTN_NM" : "함월산",
        "PAST_SPOT_" : "3114005010008",
        "MNTN_ID" : "311400501"
      },
      "geometry" : {
        "x" : 410051.8367999997,
        "y" : 326499.51820000447
      }
    },
    {
      "attributes" : {
        "FID" : 8,
        "PMNTN_SPOT" : 91770,
        "MNTN_CODE" : "311400501",
        "MANAGE_SP1" : "02",
        "MANAGE_SP2" : "분기점",
        "DETAIL_SPO" : "분기점",
        "ETC_MATTER" : " ",
        "MNTN_NM" : "함월산",
        "PAST_SPOT_" : "3114005010009",
        "MNTN_ID" : "311400501"
      },
      "geometry" : {
        "x" : 410206.32900000084,
        "y" : 326181.90589999966
      }
    },
    {
      "attributes" : {
        "FID" : 9,
        "PMNTN_SPOT" : 91771,
        "MNTN_CODE" : "311400501",
        "MANAGE_SP1" : "01",
        "MANAGE_SP2" : "시종점",
        "DETAIL_SPO" : "시종점",
        "ETC_MATTER" : " ",
        "MNTN_NM" : "함월산",
        "PAST_SPOT_" : "3114005010010",
        "MNTN_ID" : "311400501"
      },
      "geometry" : {
        "x" : 410224.08050000202,
        "y" : 325726.93480000272
      }
    },
    {
      "attributes" : {
        "FID" : 10,
        "PMNTN_SPOT" : 91772,
        "MNTN_CODE" : "311400501",
        "MANAGE_SP1" : "02",
        "MANAGE_SP2" : "분기점",
        "DETAIL_SPO" : "분기점",
        "ETC_MATTER" : " ",
        "MNTN_NM" : "함월산",
        "PAST_SPOT_" : "3114005010011",
        "MNTN_ID" : "311400501"
      },
      "geometry" : {
        "x" : 410278.39310000092,
        "y" : 326277.04360000044
      }
    },
    {
      "attributes" : {
        "FID" : 11,
        "PMNTN_SPOT" : 91773,
        "MNTN_CODE" : "311400501",
        "MANAGE_SP1" : "02",
        "MANAGE_SP2" : "분기점",
        "DETAIL_SPO" : "분기점",
        "ETC_MATTER" : " ",
        "MNTN_NM" : "함월산",
        "PAST_SPOT_" : "3114005010012",
        "MNTN_ID" : "311400501"
      },
      "geometry" : {
        "x" : 410313.79540000018,
        "y" : 326326.6724000033
      }
    },
    {
      "attributes" : {
        "FID" : 12,
        "PMNTN_SPOT" : 91774,
        "MNTN_CODE" : "311400501",
        "MANAGE_SP1" : "01",
        "MANAGE_SP2" : "시종점",
        "DETAIL_SPO" : "시종점",
        "ETC_MATTER" : " ",
        "MNTN_NM" : "함월산",
        "PAST_SPOT_" : "3114005010013",
        "MNTN_ID" : "311400501"
      },
      "geometry" : {
        "x" : 410326.07500000112,
        "y" : 326543.17810000107
      }
    },
    {
      "attributes" : {
        "FID" : 13,
        "PMNTN_SPOT" : 91775,
        "MNTN_CODE" : "311400501",
        "MANAGE_SP1" : "02",
        "MANAGE_SP2" : "분기점",
        "DETAIL_SPO" : "분기점",
        "ETC_MATTER" : " ",
        "MNTN_NM" : "함월산",
        "PAST_SPOT_" : "3114005010014",
        "MNTN_ID" : "311400501"
      },
      "geometry" : {
        "x" : 410328.9227,
        "y" : 326307.21950000152
      }
    },
    {
      "attributes" : {
        "FID" : 14,
        "PMNTN_SPOT" : 91776,
        "MNTN_CODE" : "311400501",
        "MANAGE_SP1" : "02",
        "MANAGE_SP2" : "분기점",
        "DETAIL_SPO" : "분기점",
        "ETC_MATTER" : " ",
        "MNTN_NM" : "함월산",
        "PAST_SPOT_" : "3114005010015",
        "MNTN_ID" : "311400501"
      },
      "geometry" : {
        "x" : 410407.72420000006,
        "y" : 326358.24440000206
      }
    },
    {
      "attributes" : {
        "FID" : 15,
        "PMNTN_SPOT" : 91777,
        "MNTN_CODE" : "311400501",
        "MANAGE_SP1" : "02",
        "MANAGE_SP2" : "분기점",
        "DETAIL_SPO" : "분기점",
        "ETC_MATTER" : " ",
        "MNTN_NM" : "함월산",
        "PAST_SPOT_" : "3114005010016",
        "MNTN_ID" : "311400501"
      },
      "geometry" : {
        "x" : 410417.99300000165,
        "y" : 326358.81359999999
      }
    },
    {
      "attributes" : {
        "FID" : 16,
        "PMNTN_SPOT" : 91778,
        "MNTN_CODE" : "311400501",
        "MANAGE_SP1" : "02",
        "MANAGE_SP2" : "분기점",
        "DETAIL_SPO" : "분기점",
        "ETC_MATTER" : " ",
        "MNTN_NM" : "함월산",
        "PAST_SPOT_" : "3114005010017",
        "MNTN_ID" : "311400501"
      },
      "geometry" : {
        "x" : 410454.83999999985,
        "y" : 326480.6370000001
      }
    },
    {
      "attributes" : {
        "FID" : 17,
        "PMNTN_SPOT" : 91779,
        "MNTN_CODE" : "311400501",
        "MANAGE_SP1" : "02",
        "MANAGE_SP2" : "분기점",
        "DETAIL_SPO" : "분기점",
        "ETC_MATTER" : " ",
        "MNTN_NM" : "함월산",
        "PAST_SPOT_" : "3114005010018",
        "MNTN_ID" : "311400501"
      },
      "geometry" : {
        "x" : 410553.10410000104,
        "y" : 326537.69050000049
      }
    },
    {
      "attributes" : {
        "FID" : 18,
        "PMNTN_SPOT" : 91780,
        "MNTN_CODE" : "311400501",
        "MANAGE_SP1" : "01",
        "MANAGE_SP2" : "시종점",
        "DETAIL_SPO" : "시종점",
        "ETC_MATTER" : " ",
        "MNTN_NM" : "함월산",
        "PAST_SPOT_" : "3114005010019",
        "MNTN_ID" : "311400501"
      },
      "geometry" : {
        "x" : 410563.13850000128,
        "y" : 326723.74080000445
      }
    },
    {
      "attributes" : {
        "FID" : 19,
        "PMNTN_SPOT" : 91781,
        "MNTN_CODE" : "311400501",
        "MANAGE_SP1" : "01",
        "MANAGE_SP2" : "시종점",
        "DETAIL_SPO" : "시종점",
        "ETC_MATTER" : " ",
        "MNTN_NM" : "함월산",
        "PAST_SPOT_" : "3114005010020",
        "MNTN_ID" : "311400501"
      },
      "geometry" : {
        "x" : 410576.10860000085,
        "y" : 326810.40359999985
      }
    },
    {
      "attributes" : {
        "FID" : 20,
        "PMNTN_SPOT" : 91782,
        "MNTN_CODE" : "311400501",
        "MANAGE_SP1" : "02",
        "MANAGE_SP2" : "분기점",
        "DETAIL_SPO" : "분기점",
        "ETC_MATTER" : " ",
        "MNTN_NM" : "함월산",
        "PAST_SPOT_" : "3114005010021",
        "MNTN_ID" : "311400501"
      },
      "geometry" : {
        "x" : 410606.31300000008,
        "y" : 326711.50940000266
      }
    },
    {
      "attributes" : {
        "FID" : 21,
        "PMNTN_SPOT" : 91783,
        "MNTN_CODE" : "311400501",
        "MANAGE_SP1" : "02",
        "MANAGE_SP2" : "분기점",
        "DETAIL_SPO" : "분기점",
        "ETC_MATTER" : " ",
        "MNTN_NM" : "함월산",
        "PAST_SPOT_" : "3114005010022",
        "MNTN_ID" : "311400501"
      },
      "geometry" : {
        "x" : 410674.78360000066,
        "y" : 326508.04180000164
      }
    },
    {
      "attributes" : {
        "FID" : 22,
        "PMNTN_SPOT" : 91784,
        "MNTN_CODE" : "311400501",
        "MANAGE_SP1" : "02",
        "MANAGE_SP2" : "분기점",
        "DETAIL_SPO" : "분기점",
        "ETC_MATTER" : " ",
        "MNTN_NM" : "함월산",
        "PAST_SPOT_" : "3114005010023",
        "MNTN_ID" : "311400501"
      },
      "geometry" : {
        "x" : 410684.91560000181,
        "y" : 326567.56259999983
      }
    },
    {
      "attributes" : {
        "FID" : 23,
        "PMNTN_SPOT" : 91785,
        "MNTN_CODE" : "311400501",
        "MANAGE_SP1" : "02",
        "MANAGE_SP2" : "분기점",
        "DETAIL_SPO" : "분기점",
        "ETC_MATTER" : " ",
        "MNTN_NM" : "함월산",
        "PAST_SPOT_" : "3114005010024",
        "MNTN_ID" : "311400501"
      },
      "geometry" : {
        "x" : 410751.05100000091,
        "y" : 326703.4766999986
      }
    },
    {
      "attributes" : {
        "FID" : 24,
        "PMNTN_SPOT" : 91786,
        "MNTN_CODE" : "311400501",
        "MANAGE_SP1" : "01",
        "MANAGE_SP2" : "시종점",
        "DETAIL_SPO" : "시종점",
        "ETC_MATTER" : " ",
        "MNTN_NM" : "함월산",
        "PAST_SPOT_" : "3114005010025",
        "MNTN_ID" : "311400501"
      },
      "geometry" : {
        "x" : 410791.61180000007,
        "y" : 326742.93480000459
      }
    },
    {
      "attributes" : {
        "FID" : 25,
        "PMNTN_SPOT" : 91787,
        "MNTN_CODE" : "311400501",
        "MANAGE_SP1" : "02",
        "MANAGE_SP2" : "분기점",
        "DETAIL_SPO" : "분기점",
        "ETC_MATTER" : " ",
        "MNTN_NM" : "함월산",
        "PAST_SPOT_" : "3114005010026",
        "MNTN_ID" : "311400501"
      },
      "geometry" : {
        "x" : 410794.06450000126,
        "y" : 326463.22830000333
      }
    },
    {
      "attributes" : {
        "FID" : 26,
        "PMNTN_SPOT" : 91788,
        "MNTN_CODE" : "311400501",
        "MANAGE_SP1" : "02",
        "MANAGE_SP2" : "분기점",
        "DETAIL_SPO" : "분기점",
        "ETC_MATTER" : " ",
        "MNTN_NM" : "함월산",
        "PAST_SPOT_" : "3114005010027",
        "MNTN_ID" : "311400501"
      },
      "geometry" : {
        "x" : 411023.38680000044,
        "y" : 326300.28690000437
      }
    },
    {
      "attributes" : {
        "FID" : 27,
        "PMNTN_SPOT" : 91789,
        "MNTN_CODE" : "311400501",
        "MANAGE_SP1" : "01",
        "MANAGE_SP2" : "시종점",
        "DETAIL_SPO" : "시종점",
        "ETC_MATTER" : " ",
        "MNTN_NM" : "함월산",
        "PAST_SPOT_" : "3114005010028",
        "MNTN_ID" : "311400501"
      },
      "geometry" : {
        "x" : 411091.12010000087,
        "y" : 326179.63690000027
      }
    },
    {
      "attributes" : {
        "FID" : 28,
        "PMNTN_SPOT" : 91790,
        "MNTN_CODE" : "311400501",
        "MANAGE_SP1" : "02",
        "MANAGE_SP2" : "분기점",
        "DETAIL_SPO" : "분기점",
        "ETC_MATTER" : " ",
        "MNTN_NM" : "함월산",
        "PAST_SPOT_" : "3114005010029",
        "MNTN_ID" : "311400501"
      },
      "geometry" : {
        "x" : 411152.09920000006,
        "y" : 326432.83420000039
      }
    },
    {
      "attributes" : {
        "FID" : 29,
        "PMNTN_SPOT" : 91791,
        "MNTN_CODE" : "311400501",
        "MANAGE_SP1" : "02",
        "MANAGE_SP2" : "분기점",
        "DETAIL_SPO" : "분기점",
        "ETC_MATTER" : " ",
        "MNTN_NM" : "함월산",
        "PAST_SPOT_" : "3114005010030",
        "MNTN_ID" : "311400501"
      },
      "geometry" : {
        "x" : 411177.13769999985,
        "y" : 326434.71690000035
      }
    },
    {
      "attributes" : {
        "FID" : 30,
        "PMNTN_SPOT" : 91792,
        "MNTN_CODE" : "311400501",
        "MANAGE_SP1" : "01",
        "MANAGE_SP2" : "시종점",
        "DETAIL_SPO" : "시종점",
        "ETC_MATTER" : " ",
        "MNTN_NM" : "함월산",
        "PAST_SPOT_" : "3114005010031",
        "MNTN_ID" : "311400501"
      },
      "geometry" : {
        "x" : 411254.10340000037,
        "y" : 326279.91399999894
      }
    },
    {
      "attributes" : {
        "FID" : 31,
        "PMNTN_SPOT" : 91793,
        "MNTN_CODE" : "311400501",
        "MANAGE_SP1" : "01",
        "MANAGE_SP2" : "시종점",
        "DETAIL_SPO" : "시종점",
        "ETC_MATTER" : " ",
        "MNTN_NM" : "함월산",
        "PAST_SPOT_" : "3114005010032",
        "MNTN_ID" : "311400501"
      },
      "geometry" : {
        "x" : 411411.86070000101,
        "y" : 326271.25379999913
      }
    },
    {
      "attributes" : {
        "FID" : 32,
        "PMNTN_SPOT" : 91794,
        "MNTN_CODE" : "311400501",
        "MANAGE_SP1" : "01",
        "MANAGE_SP2" : "시종점",
        "DETAIL_SPO" : "시종점",
        "ETC_MATTER" : " ",
        "MNTN_NM" : "함월산",
        "PAST_SPOT_" : "3114005010033",
        "MNTN_ID" : "311400501"
      },
      "geometry" : {
        "x" : 411560.88779999875,
        "y" : 326876.02030000091
      }
    },
    {
      "attributes" : {
        "FID" : 33,
        "PMNTN_SPOT" : 91795,
        "MNTN_CODE" : "311400501",
        "MANAGE_SP1" : "02",
        "MANAGE_SP2" : "분기점",
        "DETAIL_SPO" : "분기점",
        "ETC_MATTER" : " ",
        "MNTN_NM" : "함월산",
        "PAST_SPOT_" : "3114005010034",
        "MNTN_ID" : "311400501"
      },
      "geometry" : {
        "x" : 411648.20029999968,
        "y" : 326760.66190000251
      }
    },
    {
      "attributes" : {
        "FID" : 34,
        "PMNTN_SPOT" : 91796,
        "MNTN_CODE" : "311400501",
        "MANAGE_SP1" : "01",
        "MANAGE_SP2" : "시종점",
        "DETAIL_SPO" : "시종점",
        "ETC_MATTER" : " ",
        "MNTN_NM" : "함월산",
        "PAST_SPOT_" : "3114005010035",
        "MNTN_ID" : "311400501"
      },
      "geometry" : {
        "x" : 411886.06070000026,
        "y" : 326542.11610000208
      }
    },
    {
      "attributes" : {
        "FID" : 35,
        "PMNTN_SPOT" : 99928,
        "MNTN_CODE" : "311400501",
        "MANAGE_SP1" : "99",
        "MANAGE_SP2" : "기타",
        "DETAIL_SPO" : "목계단, 가로등",
        "ETC_MATTER" : " ",
        "MNTN_NM" : "함월산",
        "PAST_SPOT_" : "3114005010036",
        "MNTN_ID" : "311400501"
      },
      "geometry" : {
        "x" : 410365.13569999975,
        "y" : 326508.04240000155
      }
    }
  ]
}