{
  "displayFieldName" : "",
  "fieldAliases" : {
    "FID" : "FID",
    "PMNTN_SPOT" : "PMNTN_SPOT",
    "MNTN_CODE" : "MNTN_CODE",
    "MANAGE_SP1" : "MANAGE_SP1",
    "MANAGE_SP2" : "MANAGE_SP2",
    "DETAIL_SPO" : "DETAIL_SPO",
    "ETC_MATTER" : "ETC_MATTER",
    "MNTN_NM" : "MNTN_NM",
    "PAST_SPOT_" : "PAST_SPOT_",
    "MNTN_ID" : "MNTN_ID"
  },
  "geometryType" : "esriGeometryPoint",
  "spatialReference" : {
    "wkt" : "PROJCS[\"PCS_ITRF2000_TM\",GEOGCS[\"GCS_ITRF_2000\",DATUM[\"D_ITRF_2000\",SPHEROID[\"GRS_1980\",6378137.0,298.257222101]],PRIMEM[\"Greenwich\",0.0],UNIT[\"Degree\",0.0174532925199433]],PROJECTION[\"Transverse_Mercator\"],PARAMETER[\"False_Easting\",200000.0],PARAMETER[\"False_Northing\",600000.0],PARAMETER[\"Central_Meridian\",127.0],PARAMETER[\"Scale_Factor\",1.0],PARAMETER[\"Latitude_Of_Origin\",38.0],UNIT[\"Meter\",1.0]]"
  },
  "fields" : [
    {
      "name" : "FID",
      "type" : "esriFieldTypeOID",
      "alias" : "FID"
    },
    {
      "name" : "PMNTN_SPOT",
      "type" : "esriFieldTypeDouble",
      "alias" : "PMNTN_SPOT"
    },
    {
      "name" : "MNTN_CODE",
      "type" : "esriFieldTypeString",
      "alias" : "MNTN_CODE",
      "length" : 9
    },
    {
      "name" : "MANAGE_SP1",
      "type" : "esriFieldTypeString",
      "alias" : "MANAGE_SP1",
      "length" : 2
    },
    {
      "name" : "MANAGE_SP2",
      "type" : "esriFieldTypeString",
      "alias" : "MANAGE_SP2",
      "length" : 50
    },
    {
      "name" : "DETAIL_SPO",
      "type" : "esriFieldTypeString",
      "alias" : "DETAIL_SPO",
      "length" : 200
    },
    {
      "name" : "ETC_MATTER",
      "type" : "esriFieldTypeString",
      "alias" : "ETC_MATTER",
      "length" : 200
    },
    {
      "name" : "MNTN_NM",
      "type" : "esriFieldTypeString",
      "alias" : "MNTN_NM",
      "length" : 50
    },
    {
      "name" : "PAST_SPOT_",
      "type" : "esriFieldTypeString",
      "alias" : "PAST_SPOT_",
      "length" : 14
    },
    {
      "name" : "MNTN_ID",
      "type" : "esriFieldTypeString",
      "alias" : "MNTN_ID",
      "length" : 10
    }
  ],
  "features" : [
    {
      "attributes" : {
        "FID" : 0,
        "PMNTN_SPOT" : 80952,
        "MNTN_CODE" : "427707201",
        "MANAGE_SP1" : "10",
        "MANAGE_SP2" : "이정표",
        "DETAIL_SPO" : "이정표",
        "ETC_MATTER" : " ",
        "MNTN_NM" : "지억산",
        "PAST_SPOT_" : "22110232000001",
        "MNTN_ID" : "2211023200"
      },
      "geometry" : {
        "x" : 357952.33840001281,
        "y" : 518847.48850000091
      }
    },
    {
      "attributes" : {
        "FID" : 1,
        "PMNTN_SPOT" : 80953,
        "MNTN_CODE" : "427707201",
        "MANAGE_SP1" : "10",
        "MANAGE_SP2" : "이정표",
        "DETAIL_SPO" : "이정표",
        "ETC_MATTER" : "보수 필요",
        "MNTN_NM" : "지억산",
        "PAST_SPOT_" : "22110232000002",
        "MNTN_ID" : "2211023200"
      },
      "geometry" : {
        "x" : 357058.22950001154,
        "y" : 519809.85459999926
      }
    },
    {
      "attributes" : {
        "FID" : 2,
        "PMNTN_SPOT" : 80954,
        "MNTN_CODE" : "427707201",
        "MANAGE_SP1" : "99",
        "MANAGE_SP2" : "기타",
        "DETAIL_SPO" : "나무계단 시점",
        "ETC_MATTER" : " ",
        "MNTN_NM" : "지억산",
        "PAST_SPOT_" : "22110232000003",
        "MNTN_ID" : "2211023200"
      },
      "geometry" : {
        "x" : 357521.77650001273,
        "y" : 520765.82530000061
      }
    },
    {
      "attributes" : {
        "FID" : 3,
        "PMNTN_SPOT" : 80955,
        "MNTN_CODE" : "427707201",
        "MANAGE_SP1" : "99",
        "MANAGE_SP2" : "기타",
        "DETAIL_SPO" : "나무계단 끝점",
        "ETC_MATTER" : " ",
        "MNTN_NM" : "지억산",
        "PAST_SPOT_" : "22110232000004",
        "MNTN_ID" : "2211023200"
      },
      "geometry" : {
        "x" : 357462.27990001068,
        "y" : 520692.44639999978
      }
    },
    {
      "attributes" : {
        "FID" : 4,
        "PMNTN_SPOT" : 80956,
        "MNTN_CODE" : "427707201",
        "MANAGE_SP1" : "99",
        "MANAGE_SP2" : "기타",
        "DETAIL_SPO" : "나무계단 시점",
        "ETC_MATTER" : " ",
        "MNTN_NM" : "지억산",
        "PAST_SPOT_" : "22110232000005",
        "MNTN_ID" : "2211023200"
      },
      "geometry" : {
        "x" : 357451.52890001237,
        "y" : 520652.97100000456
      }
    },
    {
      "attributes" : {
        "FID" : 5,
        "PMNTN_SPOT" : 80957,
        "MNTN_CODE" : "427707201",
        "MANAGE_SP1" : "99",
        "MANAGE_SP2" : "기타",
        "DETAIL_SPO" : "나무가이드 시점,2구간종점",
        "ETC_MATTER" : " ",
        "MNTN_NM" : "지억산",
        "PAST_SPOT_" : "22110232000006",
        "MNTN_ID" : "2211023200"
      },
      "geometry" : {
        "x" : 357441.93890001532,
        "y" : 520624.44340000115
      }
    },
    {
      "attributes" : {
        "FID" : 6,
        "PMNTN_SPOT" : 80958,
        "MNTN_CODE" : "427707201",
        "MANAGE_SP1" : "99",
        "MANAGE_SP2" : "기타",
        "DETAIL_SPO" : "나무가이드 시점",
        "ETC_MATTER" : " ",
        "MNTN_NM" : "지억산",
        "PAST_SPOT_" : "22110232000007",
        "MNTN_ID" : "2211023200"
      },
      "geometry" : {
        "x" : 357346.98200001288,
        "y" : 520180.69259999879
      }
    },
    {
      "attributes" : {
        "FID" : 7,
        "PMNTN_SPOT" : 80959,
        "MNTN_CODE" : "427707201",
        "MANAGE_SP1" : "10",
        "MANAGE_SP2" : "이정표",
        "DETAIL_SPO" : "이정표,목책",
        "ETC_MATTER" : "보수 필요",
        "MNTN_NM" : "지억산",
        "PAST_SPOT_" : "22110232000008",
        "MNTN_ID" : "2211023200"
      },
      "geometry" : {
        "x" : 357335.88270001113,
        "y" : 519948.00710000098
      }
    },
    {
      "attributes" : {
        "FID" : 8,
        "PMNTN_SPOT" : 80960,
        "MNTN_CODE" : "427707201",
        "MANAGE_SP1" : "99",
        "MANAGE_SP2" : "기타",
        "DETAIL_SPO" : "목책,나무계단",
        "ETC_MATTER" : " ",
        "MNTN_NM" : "지억산",
        "PAST_SPOT_" : "22110232000009",
        "MNTN_ID" : "2211023200"
      },
      "geometry" : {
        "x" : 357318.90310001187,
        "y" : 519938.68390000239
      }
    },
    {
      "attributes" : {
        "FID" : 9,
        "PMNTN_SPOT" : 80961,
        "MNTN_CODE" : "427707201",
        "MANAGE_SP1" : "99",
        "MANAGE_SP2" : "기타",
        "DETAIL_SPO" : "나무계단 시점",
        "ETC_MATTER" : " ",
        "MNTN_NM" : "지억산",
        "PAST_SPOT_" : "22110232000010",
        "MNTN_ID" : "2211023200"
      },
      "geometry" : {
        "x" : 357277.88310001511,
        "y" : 519915.58610000275
      }
    },
    {
      "attributes" : {
        "FID" : 10,
        "PMNTN_SPOT" : 80962,
        "MNTN_CODE" : "427707201",
        "MANAGE_SP1" : "99",
        "MANAGE_SP2" : "기타",
        "DETAIL_SPO" : "나무계단 끝점",
        "ETC_MATTER" : " ",
        "MNTN_NM" : "지억산",
        "PAST_SPOT_" : "22110232000011",
        "MNTN_ID" : "2211023200"
      },
      "geometry" : {
        "x" : 357383.08270001411,
        "y" : 519848.73640000261
      }
    },
    {
      "attributes" : {
        "FID" : 11,
        "PMNTN_SPOT" : 80963,
        "MNTN_CODE" : "427707201",
        "MANAGE_SP1" : "99",
        "MANAGE_SP2" : "기타",
        "DETAIL_SPO" : "나무계단 시점",
        "ETC_MATTER" : " ",
        "MNTN_NM" : "지억산",
        "PAST_SPOT_" : "22110232000012",
        "MNTN_ID" : "2211023200"
      },
      "geometry" : {
        "x" : 357424.83970001154,
        "y" : 519871.81529999897
      }
    },
    {
      "attributes" : {
        "FID" : 12,
        "PMNTN_SPOT" : 80964,
        "MNTN_CODE" : "427707201",
        "MANAGE_SP1" : "10",
        "MANAGE_SP2" : "이정표",
        "DETAIL_SPO" : "이정표,정자,화장실",
        "ETC_MATTER" : " ",
        "MNTN_NM" : "지억산",
        "PAST_SPOT_" : "22110232000013",
        "MNTN_ID" : "2211023200"
      },
      "geometry" : {
        "x" : 357464.98500001244,
        "y" : 519616.86140000075
      }
    },
    {
      "attributes" : {
        "FID" : 13,
        "PMNTN_SPOT" : 80965,
        "MNTN_CODE" : "427707201",
        "MANAGE_SP1" : "15",
        "MANAGE_SP2" : "훼손지",
        "DETAIL_SPO" : "훼손,시점",
        "ETC_MATTER" : " ",
        "MNTN_NM" : "지억산",
        "PAST_SPOT_" : "22110232000014",
        "MNTN_ID" : "2211023200"
      },
      "geometry" : {
        "x" : 357802.25780001096,
        "y" : 519220.84960000031
      }
    },
    {
      "attributes" : {
        "FID" : 14,
        "PMNTN_SPOT" : 80966,
        "MNTN_CODE" : "427707201",
        "MANAGE_SP1" : "99",
        "MANAGE_SP2" : "기타",
        "DETAIL_SPO" : "로프 가이드 시점",
        "ETC_MATTER" : " ",
        "MNTN_NM" : "지억산",
        "PAST_SPOT_" : "22110232000015",
        "MNTN_ID" : "2211023200"
      },
      "geometry" : {
        "x" : 357677.99970001262,
        "y" : 519720.77999999933
      }
    },
    {
      "attributes" : {
        "FID" : 15,
        "PMNTN_SPOT" : 80967,
        "MNTN_CODE" : "427707201",
        "MANAGE_SP1" : "99",
        "MANAGE_SP2" : "기타",
        "DETAIL_SPO" : "로프 가이드 끝점",
        "ETC_MATTER" : " ",
        "MNTN_NM" : "지억산",
        "PAST_SPOT_" : "22110232000016",
        "MNTN_ID" : "2211023200"
      },
      "geometry" : {
        "x" : 357697.20680001285,
        "y" : 519761.78020000458
      }
    },
    {
      "attributes" : {
        "FID" : 16,
        "PMNTN_SPOT" : 80968,
        "MNTN_CODE" : "427707201",
        "MANAGE_SP1" : "99",
        "MANAGE_SP2" : "기타",
        "DETAIL_SPO" : "나무가이드 시점",
        "ETC_MATTER" : " ",
        "MNTN_NM" : "지억산",
        "PAST_SPOT_" : "22110232000017",
        "MNTN_ID" : "2211023200"
      },
      "geometry" : {
        "x" : 357628.27470001113,
        "y" : 521289.0987999998
      }
    },
    {
      "attributes" : {
        "FID" : 17,
        "PMNTN_SPOT" : 80969,
        "MNTN_CODE" : "427707201",
        "MANAGE_SP1" : "99",
        "MANAGE_SP2" : "기타",
        "DETAIL_SPO" : "나무계단 시점",
        "ETC_MATTER" : " ",
        "MNTN_NM" : "지억산",
        "PAST_SPOT_" : "22110232000018",
        "MNTN_ID" : "2211023200"
      },
      "geometry" : {
        "x" : 357629.1550000133,
        "y" : 521307.42530000024
      }
    },
    {
      "attributes" : {
        "FID" : 18,
        "PMNTN_SPOT" : 80970,
        "MNTN_CODE" : "427707201",
        "MANAGE_SP1" : "99",
        "MANAGE_SP2" : "기타",
        "DETAIL_SPO" : "나무가이드 시점",
        "ETC_MATTER" : " ",
        "MNTN_NM" : "지억산",
        "PAST_SPOT_" : "22110232000019",
        "MNTN_ID" : "2211023200"
      },
      "geometry" : {
        "x" : 357356.78850001097,
        "y" : 521461.73070000112
      }
    },
    {
      "attributes" : {
        "FID" : 19,
        "PMNTN_SPOT" : 80971,
        "MNTN_CODE" : "427707201",
        "MANAGE_SP1" : "99",
        "MANAGE_SP2" : "기타",
        "DETAIL_SPO" : "나무가이드 끝점",
        "ETC_MATTER" : " ",
        "MNTN_NM" : "지억산",
        "PAST_SPOT_" : "22110232000020",
        "MNTN_ID" : "2211023200"
      },
      "geometry" : {
        "x" : 357387.27770001069,
        "y" : 521499.00010000169
      }
    },
    {
      "attributes" : {
        "FID" : 20,
        "PMNTN_SPOT" : 80972,
        "MNTN_CODE" : "427707201",
        "MANAGE_SP1" : "99",
        "MANAGE_SP2" : "기타",
        "DETAIL_SPO" : "나무가이드 시점",
        "ETC_MATTER" : " ",
        "MNTN_NM" : "지억산",
        "PAST_SPOT_" : "22110232000021",
        "MNTN_ID" : "2211023200"
      },
      "geometry" : {
        "x" : 357405.61350001208,
        "y" : 521549.85470000096
      }
    },
    {
      "attributes" : {
        "FID" : 21,
        "PMNTN_SPOT" : 80973,
        "MNTN_CODE" : "427707201",
        "MANAGE_SP1" : "99",
        "MANAGE_SP2" : "기타",
        "DETAIL_SPO" : "나무가이드 끝점",
        "ETC_MATTER" : " ",
        "MNTN_NM" : "지억산",
        "PAST_SPOT_" : "22110232000022",
        "MNTN_ID" : "2211023200"
      },
      "geometry" : {
        "x" : 357403.4768000124,
        "y" : 521623.57650000043
      }
    },
    {
      "attributes" : {
        "FID" : 22,
        "PMNTN_SPOT" : 80974,
        "MNTN_CODE" : "427707201",
        "MANAGE_SP1" : "99",
        "MANAGE_SP2" : "기타",
        "DETAIL_SPO" : "나무가이드 시점",
        "ETC_MATTER" : " ",
        "MNTN_NM" : "지억산",
        "PAST_SPOT_" : "22110232000023",
        "MNTN_ID" : "2211023200"
      },
      "geometry" : {
        "x" : 357491.29930001125,
        "y" : 521842.45700000226
      }
    },
    {
      "attributes" : {
        "FID" : 23,
        "PMNTN_SPOT" : 80975,
        "MNTN_CODE" : "427707201",
        "MANAGE_SP1" : "99",
        "MANAGE_SP2" : "기타",
        "DETAIL_SPO" : "로프",
        "ETC_MATTER" : " ",
        "MNTN_NM" : "지억산",
        "PAST_SPOT_" : "22110232000024",
        "MNTN_ID" : "2211023200"
      },
      "geometry" : {
        "x" : 357549.80350001529,
        "y" : 521937.4924999997
      }
    },
    {
      "attributes" : {
        "FID" : 24,
        "PMNTN_SPOT" : 80976,
        "MNTN_CODE" : "427707201",
        "MANAGE_SP1" : "99",
        "MANAGE_SP2" : "기타",
        "DETAIL_SPO" : "나무가이드 시점",
        "ETC_MATTER" : " ",
        "MNTN_NM" : "지억산",
        "PAST_SPOT_" : "22110232000025",
        "MNTN_ID" : "2211023200"
      },
      "geometry" : {
        "x" : 357568.66300001368,
        "y" : 522006.1789000053
      }
    },
    {
      "attributes" : {
        "FID" : 25,
        "PMNTN_SPOT" : 80977,
        "MNTN_CODE" : "427707201",
        "MANAGE_SP1" : "99",
        "MANAGE_SP2" : "기타",
        "DETAIL_SPO" : "로프가이드 시점",
        "ETC_MATTER" : " ",
        "MNTN_NM" : "지억산",
        "PAST_SPOT_" : "22110232000026",
        "MNTN_ID" : "2211023200"
      },
      "geometry" : {
        "x" : 357621.65940001234,
        "y" : 522192.17330000177
      }
    },
    {
      "attributes" : {
        "FID" : 26,
        "PMNTN_SPOT" : 80978,
        "MNTN_CODE" : "427707201",
        "MANAGE_SP1" : "99",
        "MANAGE_SP2" : "기타",
        "DETAIL_SPO" : "나무계단,로프",
        "ETC_MATTER" : " ",
        "MNTN_NM" : "지억산",
        "PAST_SPOT_" : "22110232000027",
        "MNTN_ID" : "2211023200"
      },
      "geometry" : {
        "x" : 357606.96860001329,
        "y" : 522231.30450000428
      }
    },
    {
      "attributes" : {
        "FID" : 27,
        "PMNTN_SPOT" : 80979,
        "MNTN_CODE" : "427707201",
        "MANAGE_SP1" : "99",
        "MANAGE_SP2" : "기타",
        "DETAIL_SPO" : "나무계단 시점",
        "ETC_MATTER" : " ",
        "MNTN_NM" : "지억산",
        "PAST_SPOT_" : "22110232000028",
        "MNTN_ID" : "2211023200"
      },
      "geometry" : {
        "x" : 357469.02070001233,
        "y" : 522252.38780000061
      }
    },
    {
      "attributes" : {
        "FID" : 28,
        "PMNTN_SPOT" : 80980,
        "MNTN_CODE" : "427707201",
        "MANAGE_SP1" : "99",
        "MANAGE_SP2" : "기타",
        "DETAIL_SPO" : "로프,묘지",
        "ETC_MATTER" : " ",
        "MNTN_NM" : "지억산",
        "PAST_SPOT_" : "22110232000029",
        "MNTN_ID" : "2211023200"
      },
      "geometry" : {
        "x" : 357302.22650001291,
        "y" : 522229.68360000104
      }
    },
    {
      "attributes" : {
        "FID" : 29,
        "PMNTN_SPOT" : 80981,
        "MNTN_CODE" : "427707201",
        "MANAGE_SP1" : "99",
        "MANAGE_SP2" : "기타",
        "DETAIL_SPO" : "묘지",
        "ETC_MATTER" : " ",
        "MNTN_NM" : "지억산",
        "PAST_SPOT_" : "22110232000030",
        "MNTN_ID" : "2211023200"
      },
      "geometry" : {
        "x" : 356930.53870001249,
        "y" : 522380.71860000491
      }
    },
    {
      "attributes" : {
        "FID" : 30,
        "PMNTN_SPOT" : 80982,
        "MNTN_CODE" : "427707201",
        "MANAGE_SP1" : "99",
        "MANAGE_SP2" : "기타",
        "DETAIL_SPO" : "묘지",
        "ETC_MATTER" : " ",
        "MNTN_NM" : "지억산",
        "PAST_SPOT_" : "22110232000031",
        "MNTN_ID" : "2211023200"
      },
      "geometry" : {
        "x" : 356799.75430001132,
        "y" : 522398.52680000104
      }
    },
    {
      "attributes" : {
        "FID" : 31,
        "PMNTN_SPOT" : 80983,
        "MNTN_CODE" : "427707201",
        "MANAGE_SP1" : "99",
        "MANAGE_SP2" : "기타",
        "DETAIL_SPO" : "묘지",
        "ETC_MATTER" : " ",
        "MNTN_NM" : "지억산",
        "PAST_SPOT_" : "22110232000032",
        "MNTN_ID" : "2211023200"
      },
      "geometry" : {
        "x" : 356624.18980001193,
        "y" : 522486.46450000256
      }
    },
    {
      "attributes" : {
        "FID" : 32,
        "PMNTN_SPOT" : 80984,
        "MNTN_CODE" : "427707201",
        "MANAGE_SP1" : "10",
        "MANAGE_SP2" : "이정표",
        "DETAIL_SPO" : "이정표",
        "ETC_MATTER" : "보수 필요",
        "MNTN_NM" : "지억산",
        "PAST_SPOT_" : "22110232000033",
        "MNTN_ID" : "2211023200"
      },
      "geometry" : {
        "x" : 356511.03920001071,
        "y" : 522434.18680000305
      }
    },
    {
      "attributes" : {
        "FID" : 33,
        "PMNTN_SPOT" : 80985,
        "MNTN_CODE" : "427707201",
        "MANAGE_SP1" : "11",
        "MANAGE_SP2" : "안내판또는지도",
        "DETAIL_SPO" : "안내판",
        "ETC_MATTER" : " ",
        "MNTN_NM" : "지억산",
        "PAST_SPOT_" : "22110232000034",
        "MNTN_ID" : "2211023200"
      },
      "geometry" : {
        "x" : 356521.04580001161,
        "y" : 522642.53380000591
      }
    },
    {
      "attributes" : {
        "FID" : 34,
        "PMNTN_SPOT" : 80986,
        "MNTN_CODE" : "427707201",
        "MANAGE_SP1" : "10",
        "MANAGE_SP2" : "이정표",
        "DETAIL_SPO" : "이정표",
        "ETC_MATTER" : " ",
        "MNTN_NM" : "지억산",
        "PAST_SPOT_" : "22110232000035",
        "MNTN_ID" : "2211023200"
      },
      "geometry" : {
        "x" : 356834.41710001137,
        "y" : 522707.00190000236
      }
    },
    {
      "attributes" : {
        "FID" : 35,
        "PMNTN_SPOT" : 80987,
        "MNTN_CODE" : "427707201",
        "MANAGE_SP1" : "99",
        "MANAGE_SP2" : "기타",
        "DETAIL_SPO" : "기상자료 측정기,헬기장",
        "ETC_MATTER" : " ",
        "MNTN_NM" : "지억산",
        "PAST_SPOT_" : "22110232000036",
        "MNTN_ID" : "2211023200"
      },
      "geometry" : {
        "x" : 357869.33820001315,
        "y" : 522777.54420000315
      }
    },
    {
      "attributes" : {
        "FID" : 36,
        "PMNTN_SPOT" : 80988,
        "MNTN_CODE" : "427707201",
        "MANAGE_SP1" : "99",
        "MANAGE_SP2" : "기타",
        "DETAIL_SPO" : "로프가이드",
        "ETC_MATTER" : " ",
        "MNTN_NM" : "지억산",
        "PAST_SPOT_" : "22110232000037",
        "MNTN_ID" : "2211023200"
      },
      "geometry" : {
        "x" : 357685.54170001298,
        "y" : 523140.81120000035
      }
    },
    {
      "attributes" : {
        "FID" : 37,
        "PMNTN_SPOT" : 80989,
        "MNTN_CODE" : "427707201",
        "MANAGE_SP1" : "99",
        "MANAGE_SP2" : "기타",
        "DETAIL_SPO" : "로프가이드",
        "ETC_MATTER" : " ",
        "MNTN_NM" : "지억산",
        "PAST_SPOT_" : "22110232000038",
        "MNTN_ID" : "2211023200"
      },
      "geometry" : {
        "x" : 357682.3520000102,
        "y" : 523755.94370000251
      }
    },
    {
      "attributes" : {
        "FID" : 38,
        "PMNTN_SPOT" : 80990,
        "MNTN_CODE" : "427707201",
        "MANAGE_SP1" : "99",
        "MANAGE_SP2" : "기타",
        "DETAIL_SPO" : "로프가이드 끝점",
        "ETC_MATTER" : " ",
        "MNTN_NM" : "지억산",
        "PAST_SPOT_" : "22110232000039",
        "MNTN_ID" : "2211023200"
      },
      "geometry" : {
        "x" : 357672.41660001222,
        "y" : 523946.11969999969
      }
    },
    {
      "attributes" : {
        "FID" : 39,
        "PMNTN_SPOT" : 80991,
        "MNTN_CODE" : "427707201",
        "MANAGE_SP1" : "99",
        "MANAGE_SP2" : "기타",
        "DETAIL_SPO" : "나무계단,로프",
        "ETC_MATTER" : " ",
        "MNTN_NM" : "지억산",
        "PAST_SPOT_" : "22110232000040",
        "MNTN_ID" : "2211023200"
      },
      "geometry" : {
        "x" : 357680.2336000111,
        "y" : 524034.21959999762
      }
    },
    {
      "attributes" : {
        "FID" : 40,
        "PMNTN_SPOT" : 80992,
        "MNTN_CODE" : "427707201",
        "MANAGE_SP1" : "10",
        "MANAGE_SP2" : "이정표",
        "DETAIL_SPO" : "이정표",
        "ETC_MATTER" : " ",
        "MNTN_NM" : "지억산",
        "PAST_SPOT_" : "22110232000041",
        "MNTN_ID" : "2211023200"
      },
      "geometry" : {
        "x" : 357901.17880001292,
        "y" : 524243.00830000453
      }
    },
    {
      "attributes" : {
        "FID" : 41,
        "PMNTN_SPOT" : 80993,
        "MNTN_CODE" : "427707201",
        "MANAGE_SP1" : "10",
        "MANAGE_SP2" : "이정표",
        "DETAIL_SPO" : "이정표",
        "ETC_MATTER" : " ",
        "MNTN_NM" : "지억산",
        "PAST_SPOT_" : "22110232000042",
        "MNTN_ID" : "2211023200"
      },
      "geometry" : {
        "x" : 357992.07410001103,
        "y" : 524732.79870000668
      }
    },
    {
      "attributes" : {
        "FID" : 42,
        "PMNTN_SPOT" : 80994,
        "MNTN_CODE" : "427707201",
        "MANAGE_SP1" : "99",
        "MANAGE_SP2" : "기타",
        "DETAIL_SPO" : "로프.나무계단",
        "ETC_MATTER" : " ",
        "MNTN_NM" : "지억산",
        "PAST_SPOT_" : "22110232000043",
        "MNTN_ID" : "2211023200"
      },
      "geometry" : {
        "x" : 358756.73970001284,
        "y" : 527912.95849999972
      }
    },
    {
      "attributes" : {
        "FID" : 43,
        "PMNTN_SPOT" : 80995,
        "MNTN_CODE" : "427707201",
        "MANAGE_SP1" : "99",
        "MANAGE_SP2" : "기타",
        "DETAIL_SPO" : "묘지",
        "ETC_MATTER" : " ",
        "MNTN_NM" : "지억산",
        "PAST_SPOT_" : "22110232000044",
        "MNTN_ID" : "2211023200"
      },
      "geometry" : {
        "x" : 358800.07080001477,
        "y" : 527850.64310000837
      }
    },
    {
      "attributes" : {
        "FID" : 44,
        "PMNTN_SPOT" : 80996,
        "MNTN_CODE" : "427707201",
        "MANAGE_SP1" : "99",
        "MANAGE_SP2" : "기타",
        "DETAIL_SPO" : "경사지,로프,묘지",
        "ETC_MATTER" : "계단 필요",
        "MNTN_NM" : "지억산",
        "PAST_SPOT_" : "22110232000045",
        "MNTN_ID" : "2211023200"
      },
      "geometry" : {
        "x" : 358809.16400001477,
        "y" : 527640.38529999927
      }
    },
    {
      "attributes" : {
        "FID" : 45,
        "PMNTN_SPOT" : 80997,
        "MNTN_CODE" : "427707201",
        "MANAGE_SP1" : "99",
        "MANAGE_SP2" : "기타",
        "DETAIL_SPO" : "묘지",
        "ETC_MATTER" : " ",
        "MNTN_NM" : "지억산",
        "PAST_SPOT_" : "22110232000046",
        "MNTN_ID" : "2211023200"
      },
      "geometry" : {
        "x" : 358814.70780001394,
        "y" : 527608.46670000255
      }
    },
    {
      "attributes" : {
        "FID" : 46,
        "PMNTN_SPOT" : 80998,
        "MNTN_CODE" : "427707201",
        "MANAGE_SP1" : "05",
        "MANAGE_SP2" : "벤치",
        "DETAIL_SPO" : "벤치",
        "ETC_MATTER" : " ",
        "MNTN_NM" : "지억산",
        "PAST_SPOT_" : "22110232000047",
        "MNTN_ID" : "2211023200"
      },
      "geometry" : {
        "x" : 358794.98850001395,
        "y" : 527397.52960000187
      }
    },
    {
      "attributes" : {
        "FID" : 47,
        "PMNTN_SPOT" : 80999,
        "MNTN_CODE" : "427707201",
        "MANAGE_SP1" : "05",
        "MANAGE_SP2" : "벤치",
        "DETAIL_SPO" : "벤치",
        "ETC_MATTER" : " ",
        "MNTN_NM" : "지억산",
        "PAST_SPOT_" : "22110232000048",
        "MNTN_ID" : "2211023200"
      },
      "geometry" : {
        "x" : 358747.3631000109,
        "y" : 527214.70070000179
      }
    },
    {
      "attributes" : {
        "FID" : 48,
        "PMNTN_SPOT" : 81000,
        "MNTN_CODE" : "427707201",
        "MANAGE_SP1" : "99",
        "MANAGE_SP2" : "기타",
        "DETAIL_SPO" : "경사지",
        "ETC_MATTER" : "계단 필요",
        "MNTN_NM" : "지억산",
        "PAST_SPOT_" : "22110232000049",
        "MNTN_ID" : "2211023200"
      },
      "geometry" : {
        "x" : 358700.63680001348,
        "y" : 527115.3572000023
      }
    },
    {
      "attributes" : {
        "FID" : 49,
        "PMNTN_SPOT" : 81001,
        "MNTN_CODE" : "427707201",
        "MANAGE_SP1" : "10",
        "MANAGE_SP2" : "이정표",
        "DETAIL_SPO" : "이정표",
        "ETC_MATTER" : " ",
        "MNTN_NM" : "지억산",
        "PAST_SPOT_" : "22110232000050",
        "MNTN_ID" : "2211023200"
      },
      "geometry" : {
        "x" : 358690.77170001715,
        "y" : 527076.29560000263
      }
    },
    {
      "attributes" : {
        "FID" : 50,
        "PMNTN_SPOT" : 81002,
        "MNTN_CODE" : "427707201",
        "MANAGE_SP1" : "99",
        "MANAGE_SP2" : "기타",
        "DETAIL_SPO" : "나무계단 끝점",
        "ETC_MATTER" : " ",
        "MNTN_NM" : "지억산",
        "PAST_SPOT_" : "22110232000051",
        "MNTN_ID" : "2211023200"
      },
      "geometry" : {
        "x" : 358568.58490001131,
        "y" : 526663.94930000231
      }
    },
    {
      "attributes" : {
        "FID" : 51,
        "PMNTN_SPOT" : 81003,
        "MNTN_CODE" : "427707201",
        "MANAGE_SP1" : "99",
        "MANAGE_SP2" : "기타",
        "DETAIL_SPO" : "로프가이드 시점",
        "ETC_MATTER" : " ",
        "MNTN_NM" : "지억산",
        "PAST_SPOT_" : "22110232000052",
        "MNTN_ID" : "2211023200"
      },
      "geometry" : {
        "x" : 358558.37730001472,
        "y" : 526494.83300000243
      }
    },
    {
      "attributes" : {
        "FID" : 52,
        "PMNTN_SPOT" : 81004,
        "MNTN_CODE" : "427707201",
        "MANAGE_SP1" : "12",
        "MANAGE_SP2" : "위험지역",
        "DETAIL_SPO" : "위험",
        "ETC_MATTER" : "썩은나무 철거",
        "MNTN_NM" : "지억산",
        "PAST_SPOT_" : "22110232000053",
        "MNTN_ID" : "2211023200"
      },
      "geometry" : {
        "x" : 358556.09470001236,
        "y" : 526450.9739000015
      }
    },
    {
      "attributes" : {
        "FID" : 53,
        "PMNTN_SPOT" : 81005,
        "MNTN_CODE" : "427707201",
        "MANAGE_SP1" : "99",
        "MANAGE_SP2" : "기타",
        "DETAIL_SPO" : "나무계단 끝점",
        "ETC_MATTER" : " ",
        "MNTN_NM" : "지억산",
        "PAST_SPOT_" : "22110232000054",
        "MNTN_ID" : "2211023200"
      },
      "geometry" : {
        "x" : 358509.44220001251,
        "y" : 526218.8867000062
      }
    },
    {
      "attributes" : {
        "FID" : 54,
        "PMNTN_SPOT" : 81006,
        "MNTN_CODE" : "427707201",
        "MANAGE_SP1" : "99",
        "MANAGE_SP2" : "기타",
        "DETAIL_SPO" : "나무계단 시점",
        "ETC_MATTER" : " ",
        "MNTN_NM" : "지억산",
        "PAST_SPOT_" : "22110232000055",
        "MNTN_ID" : "2211023200"
      },
      "geometry" : {
        "x" : 358519.87260001432,
        "y" : 526184.57320000045
      }
    },
    {
      "attributes" : {
        "FID" : 55,
        "PMNTN_SPOT" : 81007,
        "MNTN_CODE" : "427707201",
        "MANAGE_SP1" : "99",
        "MANAGE_SP2" : "기타",
        "DETAIL_SPO" : "나무계단 끝점",
        "ETC_MATTER" : " ",
        "MNTN_NM" : "지억산",
        "PAST_SPOT_" : "22110232000056",
        "MNTN_ID" : "2211023200"
      },
      "geometry" : {
        "x" : 358524.9189000139,
        "y" : 526141.41910000145
      }
    },
    {
      "attributes" : {
        "FID" : 56,
        "PMNTN_SPOT" : 81008,
        "MNTN_CODE" : "427707201",
        "MANAGE_SP1" : "10",
        "MANAGE_SP2" : "이정표",
        "DETAIL_SPO" : "이정표",
        "ETC_MATTER" : " ",
        "MNTN_NM" : "지억산",
        "PAST_SPOT_" : "22110232000057",
        "MNTN_ID" : "2211023200"
      },
      "geometry" : {
        "x" : 358548.44080001209,
        "y" : 525747.88810000196
      }
    },
    {
      "attributes" : {
        "FID" : 57,
        "PMNTN_SPOT" : 81009,
        "MNTN_CODE" : "427707201",
        "MANAGE_SP1" : "99",
        "MANAGE_SP2" : "기타",
        "DETAIL_SPO" : "쉼터",
        "ETC_MATTER" : "쉼터 필요",
        "MNTN_NM" : "지억산",
        "PAST_SPOT_" : "22110232000058",
        "MNTN_ID" : "2211023200"
      },
      "geometry" : {
        "x" : 358826.93510001339,
        "y" : 525558.84290000238
      }
    },
    {
      "attributes" : {
        "FID" : 58,
        "PMNTN_SPOT" : 81010,
        "MNTN_CODE" : "427707201",
        "MANAGE_SP1" : "99",
        "MANAGE_SP2" : "기타",
        "DETAIL_SPO" : "묘지",
        "ETC_MATTER" : " ",
        "MNTN_NM" : "지억산",
        "PAST_SPOT_" : "22110232000059",
        "MNTN_ID" : "2211023200"
      },
      "geometry" : {
        "x" : 358929.3069000151,
        "y" : 525202.3280000072
      }
    },
    {
      "attributes" : {
        "FID" : 59,
        "PMNTN_SPOT" : 81011,
        "MNTN_CODE" : "427707201",
        "MANAGE_SP1" : "99",
        "MANAGE_SP2" : "기타",
        "DETAIL_SPO" : "나무계단 시점",
        "ETC_MATTER" : " ",
        "MNTN_NM" : "지억산",
        "PAST_SPOT_" : "22110232000060",
        "MNTN_ID" : "2211023200"
      },
      "geometry" : {
        "x" : 358748.4576000087,
        "y" : 524841.26840000227
      }
    },
    {
      "attributes" : {
        "FID" : 60,
        "PMNTN_SPOT" : 81012,
        "MNTN_CODE" : "427707201",
        "MANAGE_SP1" : "11",
        "MANAGE_SP2" : "안내판또는지도",
        "DETAIL_SPO" : "안내판",
        "ETC_MATTER" : " ",
        "MNTN_NM" : "지억산",
        "PAST_SPOT_" : "22110232000061",
        "MNTN_ID" : "2211023200"
      },
      "geometry" : {
        "x" : 358719.57660001516,
        "y" : 524790.78760000132
      }
    },
    {
      "attributes" : {
        "FID" : 61,
        "PMNTN_SPOT" : 81013,
        "MNTN_CODE" : "427707201",
        "MANAGE_SP1" : "10",
        "MANAGE_SP2" : "이정표",
        "DETAIL_SPO" : "이정표",
        "ETC_MATTER" : " ",
        "MNTN_NM" : "지억산",
        "PAST_SPOT_" : "22110232000062",
        "MNTN_ID" : "2211023200"
      },
      "geometry" : {
        "x" : 358690.89680001419,
        "y" : 524781.67260000296
      }
    },
    {
      "attributes" : {
        "FID" : 62,
        "PMNTN_SPOT" : 81014,
        "MNTN_CODE" : "427707201",
        "MANAGE_SP1" : "99",
        "MANAGE_SP2" : "기타",
        "DETAIL_SPO" : "묘지",
        "ETC_MATTER" : " ",
        "MNTN_NM" : "지억산",
        "PAST_SPOT_" : "22110232000063",
        "MNTN_ID" : "2211023200"
      },
      "geometry" : {
        "x" : 358516.6338000102,
        "y" : 524651.0596000012
      }
    },
    {
      "attributes" : {
        "FID" : 63,
        "PMNTN_SPOT" : 81015,
        "MNTN_CODE" : "427707201",
        "MANAGE_SP1" : "99",
        "MANAGE_SP2" : "기타",
        "DETAIL_SPO" : "나무가이드 끝점",
        "ETC_MATTER" : " ",
        "MNTN_NM" : "지억산",
        "PAST_SPOT_" : "22110232000064",
        "MNTN_ID" : "2211023200"
      },
      "geometry" : {
        "x" : 357564.46550001204,
        "y" : 521973.62170000374
      }
    },
    {
      "attributes" : {
        "FID" : 64,
        "PMNTN_SPOT" : 81016,
        "MNTN_CODE" : "427707201",
        "MANAGE_SP1" : "99",
        "MANAGE_SP2" : "기타",
        "DETAIL_SPO" : "나무계단,로프",
        "ETC_MATTER" : " ",
        "MNTN_NM" : "지억산",
        "PAST_SPOT_" : "22110232000065",
        "MNTN_ID" : "2211023200"
      },
      "geometry" : {
        "x" : 356757.09490001015,
        "y" : 522420.57000000216
      }
    },
    {
      "attributes" : {
        "FID" : 65,
        "PMNTN_SPOT" : 81017,
        "MNTN_CODE" : "427707201",
        "MANAGE_SP1" : "99",
        "MANAGE_SP2" : "기타",
        "DETAIL_SPO" : "입구,안내판",
        "ETC_MATTER" : " ",
        "MNTN_NM" : "지억산",
        "PAST_SPOT_" : "22110232000066",
        "MNTN_ID" : "2211023200"
      },
      "geometry" : {
        "x" : 356838.67330001108,
        "y" : 522732.74210000038
      }
    },
    {
      "attributes" : {
        "FID" : 66,
        "PMNTN_SPOT" : 81018,
        "MNTN_CODE" : "427707201",
        "MANAGE_SP1" : "99",
        "MANAGE_SP2" : "기타",
        "DETAIL_SPO" : "로프,나무계단",
        "ETC_MATTER" : " ",
        "MNTN_NM" : "지억산",
        "PAST_SPOT_" : "22110232000067",
        "MNTN_ID" : "2211023200"
      },
      "geometry" : {
        "x" : 357702.84210001305,
        "y" : 524122.50880000368
      }
    },
    {
      "attributes" : {
        "FID" : 67,
        "PMNTN_SPOT" : 81019,
        "MNTN_CODE" : "427707201",
        "MANAGE_SP1" : "99",
        "MANAGE_SP2" : "기타",
        "DETAIL_SPO" : "로프,나무계단,이정표",
        "ETC_MATTER" : " ",
        "MNTN_NM" : "지억산",
        "PAST_SPOT_" : "22110232000068",
        "MNTN_ID" : "2211023200"
      },
      "geometry" : {
        "x" : 357827.00860001147,
        "y" : 523967.27100000158
      }
    },
    {
      "attributes" : {
        "FID" : 68,
        "PMNTN_SPOT" : 81020,
        "MNTN_CODE" : "427707201",
        "MANAGE_SP1" : "99",
        "MANAGE_SP2" : "기타",
        "DETAIL_SPO" : "로프,나무계단,이정표",
        "ETC_MATTER" : " ",
        "MNTN_NM" : "지억산",
        "PAST_SPOT_" : "22110232000069",
        "MNTN_ID" : "2211023200"
      },
      "geometry" : {
        "x" : 358810.52400001138,
        "y" : 527931.0781000033
      }
    },
    {
      "attributes" : {
        "FID" : 69,
        "PMNTN_SPOT" : 81021,
        "MNTN_CODE" : "427707201",
        "MANAGE_SP1" : "99",
        "MANAGE_SP2" : "기타",
        "DETAIL_SPO" : "나무계단",
        "ETC_MATTER" : " ",
        "MNTN_NM" : "지억산",
        "PAST_SPOT_" : "22110232000070",
        "MNTN_ID" : "2211023200"
      },
      "geometry" : {
        "x" : 358805.08710001223,
        "y" : 527746.46140000038
      }
    },
    {
      "attributes" : {
        "FID" : 70,
        "PMNTN_SPOT" : 81022,
        "MNTN_CODE" : "427707201",
        "MANAGE_SP1" : "05",
        "MANAGE_SP2" : "벤치",
        "DETAIL_SPO" : "벤치,이정표,묘지",
        "ETC_MATTER" : " ",
        "MNTN_NM" : "지억산",
        "PAST_SPOT_" : "22110232000071",
        "MNTN_ID" : "2211023200"
      },
      "geometry" : {
        "x" : 358660.14400001336,
        "y" : 526779.47500000149
      }
    },
    {
      "attributes" : {
        "FID" : 71,
        "PMNTN_SPOT" : 81023,
        "MNTN_CODE" : "427707201",
        "MANAGE_SP1" : "99",
        "MANAGE_SP2" : "기타",
        "DETAIL_SPO" : "묘지,나무계단,로프,벤치,이정표",
        "ETC_MATTER" : " ",
        "MNTN_NM" : "지억산",
        "PAST_SPOT_" : "22110232000072",
        "MNTN_ID" : "2211023200"
      },
      "geometry" : {
        "x" : 358623.01530001033,
        "y" : 526735.51140000112
      }
    },
    {
      "attributes" : {
        "FID" : 72,
        "PMNTN_SPOT" : 81024,
        "MNTN_CODE" : "427707201",
        "MANAGE_SP1" : "11",
        "MANAGE_SP2" : "안내판또는지도",
        "DETAIL_SPO" : "안내판,벤치",
        "ETC_MATTER" : "이정표 필요",
        "MNTN_NM" : "지억산",
        "PAST_SPOT_" : "22110232000073",
        "MNTN_ID" : "2211023200"
      },
      "geometry" : {
        "x" : 358786.28730001301,
        "y" : 524938.11090000346
      }
    },
    {
      "attributes" : {
        "FID" : 73,
        "PMNTN_SPOT" : 81025,
        "MNTN_CODE" : "427707201",
        "MANAGE_SP1" : "99",
        "MANAGE_SP2" : "기타",
        "DETAIL_SPO" : "나무계단,철탑,안내판",
        "ETC_MATTER" : " ",
        "MNTN_NM" : "지억산",
        "PAST_SPOT_" : "22110232000074",
        "MNTN_ID" : "2211023200"
      },
      "geometry" : {
        "x" : 358736.59900001436,
        "y" : 524814.10600000434
      }
    },
    {
      "attributes" : {
        "FID" : 74,
        "PMNTN_SPOT" : 81026,
        "MNTN_CODE" : "427707201",
        "MANAGE_SP1" : "05",
        "MANAGE_SP2" : "벤치",
        "DETAIL_SPO" : "벤치,이정표,목책",
        "ETC_MATTER" : " ",
        "MNTN_NM" : "지억산",
        "PAST_SPOT_" : "22110232000075",
        "MNTN_ID" : "2211023200"
      },
      "geometry" : {
        "x" : 357378.33850001171,
        "y" : 521410.73579999991
      }
    },
    {
      "attributes" : {
        "FID" : 75,
        "PMNTN_SPOT" : 81027,
        "MNTN_CODE" : "427707201",
        "MANAGE_SP1" : "99",
        "MANAGE_SP2" : "기타",
        "DETAIL_SPO" : "포장도로끝",
        "ETC_MATTER" : " ",
        "MNTN_NM" : "지억산",
        "PAST_SPOT_" : "22110232000076",
        "MNTN_ID" : "2211023200"
      },
      "geometry" : {
        "x" : 358550.35730001517,
        "y" : 524019.54510000162
      }
    },
    {
      "attributes" : {
        "FID" : 76,
        "PMNTN_SPOT" : 81028,
        "MNTN_CODE" : "427707201",
        "MANAGE_SP1" : "10",
        "MANAGE_SP2" : "이정표",
        "DETAIL_SPO" : "이정표",
        "ETC_MATTER" : " ",
        "MNTN_NM" : "지억산",
        "PAST_SPOT_" : "22110232000077",
        "MNTN_ID" : "2211023200"
      },
      "geometry" : {
        "x" : 358688.11060001422,
        "y" : 524782.67469999939
      }
    },
    {
      "attributes" : {
        "FID" : 77,
        "PMNTN_SPOT" : 81029,
        "MNTN_CODE" : "427707201",
        "MANAGE_SP1" : "10",
        "MANAGE_SP2" : "이정표",
        "DETAIL_SPO" : "이정표",
        "ETC_MATTER" : "벤츠있음",
        "MNTN_NM" : "지억산",
        "PAST_SPOT_" : "22110232000078",
        "MNTN_ID" : "2211023200"
      },
      "geometry" : {
        "x" : 357973.8119000122,
        "y" : 524208.32220000587
      }
    },
    {
      "attributes" : {
        "FID" : 78,
        "PMNTN_SPOT" : 81030,
        "MNTN_CODE" : "427707201",
        "MANAGE_SP1" : "10",
        "MANAGE_SP2" : "이정표",
        "DETAIL_SPO" : "이정표",
        "ETC_MATTER" : " ",
        "MNTN_NM" : "지억산",
        "PAST_SPOT_" : "22110232000079",
        "MNTN_ID" : "2211023200"
      },
      "geometry" : {
        "x" : 357916.17580001149,
        "y" : 524048.10840000026
      }
    },
    {
      "attributes" : {
        "FID" : 79,
        "PMNTN_SPOT" : 81031,
        "MNTN_CODE" : "427707201",
        "MANAGE_SP1" : "99",
        "MANAGE_SP2" : "기타",
        "DETAIL_SPO" : "계단시작",
        "ETC_MATTER" : " ",
        "MNTN_NM" : "지억산",
        "PAST_SPOT_" : "22110232000080",
        "MNTN_ID" : "2211023200"
      },
      "geometry" : {
        "x" : 357858.03160001338,
        "y" : 523992.51640000194
      }
    },
    {
      "attributes" : {
        "FID" : 80,
        "PMNTN_SPOT" : 81032,
        "MNTN_CODE" : "427707201",
        "MANAGE_SP1" : "99",
        "MANAGE_SP2" : "기타",
        "DETAIL_SPO" : "계단끝",
        "ETC_MATTER" : " ",
        "MNTN_NM" : "지억산",
        "PAST_SPOT_" : "22110232000081",
        "MNTN_ID" : "2211023200"
      },
      "geometry" : {
        "x" : 357836.09320001118,
        "y" : 523973.31589999981
      }
    },
    {
      "attributes" : {
        "FID" : 81,
        "PMNTN_SPOT" : 81033,
        "MNTN_CODE" : "427707201",
        "MANAGE_SP1" : "99",
        "MANAGE_SP2" : "기타",
        "DETAIL_SPO" : "계단시작",
        "ETC_MATTER" : " ",
        "MNTN_NM" : "지억산",
        "PAST_SPOT_" : "22110232000082",
        "MNTN_ID" : "2211023200"
      },
      "geometry" : {
        "x" : 357680.96770001482,
        "y" : 524040.94009999931
      }
    },
    {
      "attributes" : {
        "FID" : 82,
        "PMNTN_SPOT" : 81034,
        "MNTN_CODE" : "427707201",
        "MANAGE_SP1" : "99",
        "MANAGE_SP2" : "기타",
        "DETAIL_SPO" : "계단끝",
        "ETC_MATTER" : " ",
        "MNTN_NM" : "지억산",
        "PAST_SPOT_" : "22110232000083",
        "MNTN_ID" : "2211023200"
      },
      "geometry" : {
        "x" : 357669.47410001419,
        "y" : 523970.5260000024
      }
    },
    {
      "attributes" : {
        "FID" : 83,
        "PMNTN_SPOT" : 81035,
        "MNTN_CODE" : "427707201",
        "MANAGE_SP1" : "11",
        "MANAGE_SP2" : "안내판또는지도",
        "DETAIL_SPO" : "안내판",
        "ETC_MATTER" : " ",
        "MNTN_NM" : "지억산",
        "PAST_SPOT_" : "22110232000084",
        "MNTN_ID" : "2211023200"
      },
      "geometry" : {
        "x" : 357880.597100012,
        "y" : 522742.13519999944
      }
    },
    {
      "attributes" : {
        "FID" : 84,
        "PMNTN_SPOT" : 81036,
        "MNTN_CODE" : "427707201",
        "MANAGE_SP1" : "01",
        "MANAGE_SP2" : "시종점",
        "DETAIL_SPO" : "시종점",
        "ETC_MATTER" : " ",
        "MNTN_NM" : "지억산",
        "PAST_SPOT_" : "22110232000085",
        "MNTN_ID" : "2211023200"
      },
      "geometry" : {
        "x" : 356533.72990001179,
        "y" : 522778.64599999972
      }
    },
    {
      "attributes" : {
        "FID" : 85,
        "PMNTN_SPOT" : 81037,
        "MNTN_CODE" : "427707201",
        "MANAGE_SP1" : "02",
        "MANAGE_SP2" : "분기점",
        "DETAIL_SPO" : "나무 가이드 시점",
        "ETC_MATTER" : " ",
        "MNTN_NM" : "지억산",
        "PAST_SPOT_" : "22110232000086",
        "MNTN_ID" : "2211023200"
      },
      "geometry" : {
        "x" : 357391.44700001273,
        "y" : 520289.77560000494
      }
    },
    {
      "attributes" : {
        "FID" : 86,
        "PMNTN_SPOT" : 81038,
        "MNTN_CODE" : "427707201",
        "MANAGE_SP1" : "02",
        "MANAGE_SP2" : "분기점",
        "DETAIL_SPO" : "분기점",
        "ETC_MATTER" : " ",
        "MNTN_NM" : "지억산",
        "PAST_SPOT_" : "22110232000087",
        "MNTN_ID" : "2211023200"
      },
      "geometry" : {
        "x" : 357423.84760001395,
        "y" : 520576.52490000054
      }
    },
    {
      "attributes" : {
        "FID" : 87,
        "PMNTN_SPOT" : 81039,
        "MNTN_CODE" : "427707201",
        "MANAGE_SP1" : "99",
        "MANAGE_SP2" : "기타",
        "DETAIL_SPO" : "민둥산",
        "ETC_MATTER" : " ",
        "MNTN_NM" : "지억산",
        "PAST_SPOT_" : "22110232000088",
        "MNTN_ID" : "2211023200"
      },
      "geometry" : {
        "x" : 357427.9265000103,
        "y" : 520561.06729999743
      }
    },
    {
      "attributes" : {
        "FID" : 88,
        "PMNTN_SPOT" : 81040,
        "MNTN_CODE" : "427707201",
        "MANAGE_SP1" : "02",
        "MANAGE_SP2" : "분기점",
        "DETAIL_SPO" : "노선내 분기",
        "ETC_MATTER" : " ",
        "MNTN_NM" : "지억산",
        "PAST_SPOT_" : "22110232000089",
        "MNTN_ID" : "2211023200"
      },
      "geometry" : {
        "x" : 357457.24740001,
        "y" : 520685.41220000014
      }
    },
    {
      "attributes" : {
        "FID" : 89,
        "PMNTN_SPOT" : 81041,
        "MNTN_CODE" : "427707201",
        "MANAGE_SP1" : "10",
        "MANAGE_SP2" : "이정표",
        "DETAIL_SPO" : "분기,나무계단,이정표",
        "ETC_MATTER" : "이정표 필요",
        "MNTN_NM" : "지억산",
        "PAST_SPOT_" : "22110232000090",
        "MNTN_ID" : "2211023200"
      },
      "geometry" : {
        "x" : 357565.50090001523,
        "y" : 521142.32700000331
      }
    },
    {
      "attributes" : {
        "FID" : 90,
        "PMNTN_SPOT" : 81042,
        "MNTN_CODE" : "427707201",
        "MANAGE_SP1" : "02",
        "MANAGE_SP2" : "분기점",
        "DETAIL_SPO" : "노선내 분기,로프,이정표",
        "ETC_MATTER" : " ",
        "MNTN_NM" : "지억산",
        "PAST_SPOT_" : "22110232000091",
        "MNTN_ID" : "2211023200"
      },
      "geometry" : {
        "x" : 357639.74050001334,
        "y" : 522140.70290000178
      }
    },
    {
      "attributes" : {
        "FID" : 91,
        "PMNTN_SPOT" : 81043,
        "MNTN_CODE" : "427707201",
        "MANAGE_SP1" : "01",
        "MANAGE_SP2" : "시종점",
        "DETAIL_SPO" : "시종점,화장실",
        "ETC_MATTER" : " ",
        "MNTN_NM" : "지억산",
        "PAST_SPOT_" : "22110232000092",
        "MNTN_ID" : "2211023200"
      },
      "geometry" : {
        "x" : 357692.50520001166,
        "y" : 525438.38990000077
      }
    },
    {
      "attributes" : {
        "FID" : 92,
        "PMNTN_SPOT" : 81044,
        "MNTN_CODE" : "427707201",
        "MANAGE_SP1" : "02",
        "MANAGE_SP2" : "분기점",
        "DETAIL_SPO" : "노선내 분기",
        "ETC_MATTER" : " ",
        "MNTN_NM" : "지억산",
        "PAST_SPOT_" : "22110232000093",
        "MNTN_ID" : "2211023200"
      },
      "geometry" : {
        "x" : 357787.91710001137,
        "y" : 519000.1054999996
      }
    },
    {
      "attributes" : {
        "FID" : 93,
        "PMNTN_SPOT" : 81045,
        "MNTN_CODE" : "427707201",
        "MANAGE_SP1" : "02",
        "MANAGE_SP2" : "분기점",
        "DETAIL_SPO" : "노선내 분기",
        "ETC_MATTER" : " ",
        "MNTN_NM" : "지억산",
        "PAST_SPOT_" : "22110232000094",
        "MNTN_ID" : "2211023200"
      },
      "geometry" : {
        "x" : 357797.85510001425,
        "y" : 519049.38150000572
      }
    },
    {
      "attributes" : {
        "FID" : 94,
        "PMNTN_SPOT" : 81046,
        "MNTN_CODE" : "427707201",
        "MANAGE_SP1" : "04",
        "MANAGE_SP2" : "화장실",
        "DETAIL_SPO" : "화장실",
        "ETC_MATTER" : " ",
        "MNTN_NM" : "지억산",
        "PAST_SPOT_" : "22110232000095",
        "MNTN_ID" : "2211023200"
      },
      "geometry" : {
        "x" : 357898.64900001232,
        "y" : 522644.59310000017
      }
    },
    {
      "attributes" : {
        "FID" : 95,
        "PMNTN_SPOT" : 81047,
        "MNTN_CODE" : "427707201",
        "MANAGE_SP1" : "02",
        "MANAGE_SP2" : "분기점",
        "DETAIL_SPO" : "노선내 분기",
        "ETC_MATTER" : " ",
        "MNTN_NM" : "지억산",
        "PAST_SPOT_" : "22110232000096",
        "MNTN_ID" : "2211023200"
      },
      "geometry" : {
        "x" : 357906.17500001192,
        "y" : 520423.62360000424
      }
    },
    {
      "attributes" : {
        "FID" : 96,
        "PMNTN_SPOT" : 81048,
        "MNTN_CODE" : "427707201",
        "MANAGE_SP1" : "02",
        "MANAGE_SP2" : "분기점",
        "DETAIL_SPO" : "노선과노선의접점",
        "ETC_MATTER" : "이정표 필요",
        "MNTN_NM" : "지억산",
        "PAST_SPOT_" : "22110232000097",
        "MNTN_ID" : "2211023200"
      },
      "geometry" : {
        "x" : 357918.80620001443,
        "y" : 524417.12559999898
      }
    },
    {
      "attributes" : {
        "FID" : 97,
        "PMNTN_SPOT" : 81049,
        "MNTN_CODE" : "427707201",
        "MANAGE_SP1" : "01",
        "MANAGE_SP2" : "시종점",
        "DETAIL_SPO" : "시종점,안내판",
        "ETC_MATTER" : " ",
        "MNTN_NM" : "지억산",
        "PAST_SPOT_" : "22110232000098",
        "MNTN_ID" : "2211023200"
      },
      "geometry" : {
        "x" : 357937.90480001178,
        "y" : 518785.57269999944
      }
    },
    {
      "attributes" : {
        "FID" : 98,
        "PMNTN_SPOT" : 81050,
        "MNTN_CODE" : "427707201",
        "MANAGE_SP1" : "02",
        "MANAGE_SP2" : "분기점",
        "DETAIL_SPO" : "노선내 분기,이정표,벤치",
        "ETC_MATTER" : " ",
        "MNTN_NM" : "지억산",
        "PAST_SPOT_" : "22110232000099",
        "MNTN_ID" : "2211023200"
      },
      "geometry" : {
        "x" : 357973.09940001182,
        "y" : 524202.82360000722
      }
    },
    {
      "attributes" : {
        "FID" : 99,
        "PMNTN_SPOT" : 81051,
        "MNTN_CODE" : "427707201",
        "MANAGE_SP1" : "02",
        "MANAGE_SP2" : "분기점",
        "DETAIL_SPO" : "분기점",
        "ETC_MATTER" : " ",
        "MNTN_NM" : "지억산",
        "PAST_SPOT_" : "22110232000100",
        "MNTN_ID" : "2211023200"
      },
      "geometry" : {
        "x" : 357988.08850001078,
        "y" : 523628.41850000061
      }
    },
    {
      "attributes" : {
        "FID" : 100,
        "PMNTN_SPOT" : 81052,
        "MNTN_CODE" : "427707201",
        "MANAGE_SP1" : "02",
        "MANAGE_SP2" : "분기점",
        "DETAIL_SPO" : "노선내 분기,갈림길",
        "ETC_MATTER" : " ",
        "MNTN_NM" : "지억산",
        "PAST_SPOT_" : "22110232000101",
        "MNTN_ID" : "2211023200"
      },
      "geometry" : {
        "x" : 358146.66580001172,
        "y" : 525174.92440000549
      }
    },
    {
      "attributes" : {
        "FID" : 101,
        "PMNTN_SPOT" : 81053,
        "MNTN_CODE" : "427707201",
        "MANAGE_SP1" : "23",
        "MANAGE_SP2" : "정상",
        "DETAIL_SPO" : "정상",
        "ETC_MATTER" : "삼각점있음",
        "MNTN_NM" : "지억산",
        "PAST_SPOT_" : "22110232000102",
        "MNTN_ID" : "2211023200"
      },
      "geometry" : {
        "x" : 358182.08100001421,
        "y" : 522732.9310999997
      }
    },
    {
      "attributes" : {
        "FID" : 102,
        "PMNTN_SPOT" : 81054,
        "MNTN_CODE" : "427707201",
        "MANAGE_SP1" : "02",
        "MANAGE_SP2" : "분기점",
        "DETAIL_SPO" : "분기점",
        "ETC_MATTER" : "노선내분기",
        "MNTN_NM" : "지억산",
        "PAST_SPOT_" : "22110232000103",
        "MNTN_ID" : "2211023200"
      },
      "geometry" : {
        "x" : 358365.92440000828,
        "y" : 523819.58950000629
      }
    },
    {
      "attributes" : {
        "FID" : 103,
        "PMNTN_SPOT" : 81055,
        "MNTN_CODE" : "427707201",
        "MANAGE_SP1" : "10",
        "MANAGE_SP2" : "이정표",
        "DETAIL_SPO" : "이정표",
        "ETC_MATTER" : "방향수정필요",
        "MNTN_NM" : "지억산",
        "PAST_SPOT_" : "22110232000104",
        "MNTN_ID" : "2211023200"
      },
      "geometry" : {
        "x" : 358762.09450001176,
        "y" : 524876.14850000106
      }
    },
    {
      "attributes" : {
        "FID" : 104,
        "PMNTN_SPOT" : 81056,
        "MNTN_CODE" : "427707201",
        "MANAGE_SP1" : "01",
        "MANAGE_SP2" : "시종점",
        "DETAIL_SPO" : "시종점,이정표",
        "ETC_MATTER" : "보수 필요",
        "MNTN_NM" : "지억산",
        "PAST_SPOT_" : "22110232000105",
        "MNTN_ID" : "2211023200"
      },
      "geometry" : {
        "x" : 358867.0924000144,
        "y" : 521152.75659999996
      }
    },
    {
      "attributes" : {
        "FID" : 105,
        "PMNTN_SPOT" : 81057,
        "MNTN_CODE" : "427707201",
        "MANAGE_SP1" : "01",
        "MANAGE_SP2" : "시종점",
        "DETAIL_SPO" : "시종점",
        "ETC_MATTER" : " ",
        "MNTN_NM" : "지억산",
        "PAST_SPOT_" : "22110232000106",
        "MNTN_ID" : "2211023200"
      },
      "geometry" : {
        "x" : 359067.0945000127,
        "y" : 524244.45640000142
      }
    },
    {
      "attributes" : {
        "FID" : 106,
        "PMNTN_SPOT" : 81058,
        "MNTN_CODE" : "427707201",
        "MANAGE_SP1" : "01",
        "MANAGE_SP2" : "시종점",
        "DETAIL_SPO" : "시종점",
        "ETC_MATTER" : " ",
        "MNTN_NM" : "지억산",
        "PAST_SPOT_" : "22110232000107",
        "MNTN_ID" : "2211023200"
      },
      "geometry" : {
        "x" : 358635.17130001355,
        "y" : 527959.99790000357
      }
    }
  ]
}