{
  "displayFieldName" : "",
  "fieldAliases" : {
    "FID" : "FID",
    "PMNTN_SPOT" : "PMNTN_SPOT",
    "MNTN_CODE" : "MNTN_CODE",
    "MANAGE_SP1" : "MANAGE_SP1",
    "MANAGE_SP2" : "MANAGE_SP2",
    "DETAIL_SPO" : "DETAIL_SPO",
    "ETC_MATTER" : "ETC_MATTER",
    "MNTN_NM" : "MNTN_NM",
    "PAST_SPOT_" : "PAST_SPOT_",
    "MNTN_ID" : "MNTN_ID"
  },
  "geometryType" : "esriGeometryPoint",
  "spatialReference" : {
    "wkt" : "PROJCS[\"PCS_ITRF2000_TM\",GEOGCS[\"GCS_ITRF_2000\",DATUM[\"D_ITRF_2000\",SPHEROID[\"GRS_1980\",6378137.0,298.257222101]],PRIMEM[\"Greenwich\",0.0],UNIT[\"Degree\",0.0174532925199433]],PROJECTION[\"Transverse_Mercator\"],PARAMETER[\"False_Easting\",200000.0],PARAMETER[\"False_Northing\",600000.0],PARAMETER[\"Central_Meridian\",127.0],PARAMETER[\"Scale_Factor\",1.0],PARAMETER[\"Latitude_Of_Origin\",38.0],UNIT[\"Meter\",1.0]]"
  },
  "fields" : [
    {
      "name" : "FID",
      "type" : "esriFieldTypeOID",
      "alias" : "FID"
    },
    {
      "name" : "PMNTN_SPOT",
      "type" : "esriFieldTypeDouble",
      "alias" : "PMNTN_SPOT"
    },
    {
      "name" : "MNTN_CODE",
      "type" : "esriFieldTypeString",
      "alias" : "MNTN_CODE",
      "length" : 9
    },
    {
      "name" : "MANAGE_SP1",
      "type" : "esriFieldTypeString",
      "alias" : "MANAGE_SP1",
      "length" : 2
    },
    {
      "name" : "MANAGE_SP2",
      "type" : "esriFieldTypeString",
      "alias" : "MANAGE_SP2",
      "length" : 50
    },
    {
      "name" : "DETAIL_SPO",
      "type" : "esriFieldTypeString",
      "alias" : "DETAIL_SPO",
      "length" : 200
    },
    {
      "name" : "ETC_MATTER",
      "type" : "esriFieldTypeString",
      "alias" : "ETC_MATTER",
      "length" : 200
    },
    {
      "name" : "MNTN_NM",
      "type" : "esriFieldTypeString",
      "alias" : "MNTN_NM",
      "length" : 50
    },
    {
      "name" : "PAST_SPOT_",
      "type" : "esriFieldTypeString",
      "alias" : "PAST_SPOT_",
      "length" : 14
    },
    {
      "name" : "MNTN_ID",
      "type" : "esriFieldTypeString",
      "alias" : "MNTN_ID",
      "length" : 10
    }
  ],
  "features" : [
    {
      "attributes" : {
        "FID" : 0,
        "PMNTN_SPOT" : 3249,
        "MNTN_CODE" : "491100104",
        "MANAGE_SP1" : "99",
        "MANAGE_SP2" : "기타",
        "DETAIL_SPO" : "입구비석",
        "ETC_MATTER" : " ",
        "MNTN_NM" : "거문오름",
        "PAST_SPOT_" : "4911001040001",
        "MNTN_ID" : "491100104"
      },
      "geometry" : {
        "x" : 173401.88310000021,
        "y" : 95188.886299999431
      }
    },
    {
      "attributes" : {
        "FID" : 1,
        "PMNTN_SPOT" : 3250,
        "MNTN_CODE" : "491100104",
        "MANAGE_SP1" : "23",
        "MANAGE_SP2" : "정상",
        "DETAIL_SPO" : "제1정상",
        "ETC_MATTER" : " ",
        "MNTN_NM" : "거문오름",
        "PAST_SPOT_" : "4911001040002",
        "MNTN_ID" : "491100104"
      },
      "geometry" : {
        "x" : 173605.82940000016,
        "y" : 95313.265399999917
      }
    },
    {
      "attributes" : {
        "FID" : 2,
        "PMNTN_SPOT" : 3251,
        "MNTN_CODE" : "491100104",
        "MANAGE_SP1" : "23",
        "MANAGE_SP2" : "정상",
        "DETAIL_SPO" : "비등산로\n정상과\n이어져있음",
        "ETC_MATTER" : " ",
        "MNTN_NM" : "거문오름",
        "PAST_SPOT_" : "4911001040003",
        "MNTN_ID" : "491100104"
      },
      "geometry" : {
        "x" : 173618.18010000233,
        "y" : 95312.766900002956
      }
    },
    {
      "attributes" : {
        "FID" : 3,
        "PMNTN_SPOT" : 3252,
        "MNTN_CODE" : "491100104",
        "MANAGE_SP1" : "20",
        "MANAGE_SP2" : "동굴",
        "DETAIL_SPO" : "동굴",
        "ETC_MATTER" : " ",
        "MNTN_NM" : "거문오름",
        "PAST_SPOT_" : "4911001040004",
        "MNTN_ID" : "491100104"
      },
      "geometry" : {
        "x" : 173645.62260000035,
        "y" : 95325.21460000053
      }
    },
    {
      "attributes" : {
        "FID" : 4,
        "PMNTN_SPOT" : 3253,
        "MNTN_CODE" : "491100104",
        "MANAGE_SP1" : "02",
        "MANAGE_SP2" : "분기점",
        "DETAIL_SPO" : "철망분기전",
        "ETC_MATTER" : " ",
        "MNTN_NM" : "거문오름",
        "PAST_SPOT_" : "4911001040005",
        "MNTN_ID" : "491100104"
      },
      "geometry" : {
        "x" : 173756.36700000055,
        "y" : 95418.465900000185
      }
    },
    {
      "attributes" : {
        "FID" : 5,
        "PMNTN_SPOT" : 3254,
        "MNTN_CODE" : "491100104",
        "MANAGE_SP1" : "20",
        "MANAGE_SP2" : "동굴",
        "DETAIL_SPO" : "동굴",
        "ETC_MATTER" : " ",
        "MNTN_NM" : "거문오름",
        "PAST_SPOT_" : "4911001040006",
        "MNTN_ID" : "491100104"
      },
      "geometry" : {
        "x" : 173756.44220000133,
        "y" : 95492.067700002342
      }
    },
    {
      "attributes" : {
        "FID" : 6,
        "PMNTN_SPOT" : 3255,
        "MNTN_CODE" : "491100104",
        "MANAGE_SP1" : "23",
        "MANAGE_SP2" : "정상",
        "DETAIL_SPO" : "제2정상및\n분화구",
        "ETC_MATTER" : " ",
        "MNTN_NM" : "거문오름",
        "PAST_SPOT_" : "4911001040007",
        "MNTN_ID" : "491100104"
      },
      "geometry" : {
        "x" : 173823.53540000133,
        "y" : 95760.764700001106
      }
    },
    {
      "attributes" : {
        "FID" : 7,
        "PMNTN_SPOT" : 3256,
        "MNTN_CODE" : "491100104",
        "MANAGE_SP1" : "01",
        "MANAGE_SP2" : "시종점",
        "DETAIL_SPO" : "시종점",
        "ETC_MATTER" : " ",
        "MNTN_NM" : "거문오름",
        "PAST_SPOT_" : "4911001040008",
        "MNTN_ID" : "491100104"
      },
      "geometry" : {
        "x" : 172997.12629999965,
        "y" : 95524.141499999911
      }
    },
    {
      "attributes" : {
        "FID" : 8,
        "PMNTN_SPOT" : 3257,
        "MNTN_CODE" : "491100104",
        "MANAGE_SP1" : "01",
        "MANAGE_SP2" : "시종점",
        "DETAIL_SPO" : "시종점",
        "ETC_MATTER" : " ",
        "MNTN_NM" : "거문오름",
        "PAST_SPOT_" : "4911001040009",
        "MNTN_ID" : "491100104"
      },
      "geometry" : {
        "x" : 173402.28880000114,
        "y" : 95185.99640000239
      }
    }
  ]
}