{
  "displayFieldName" : "",
  "fieldAliases" : {
    "FID" : "FID",
    "PMNTN_SN" : "PMNTN_SN",
    "MNTN_CODE" : "MNTN_CODE",
    "MNTN_NM" : "MNTN_NM",
    "PMNTN_NM" : "PMNTN_NM",
    "PMNTN_MAIN" : "PMNTN_MAIN",
    "PMNTN_LT" : "PMNTN_LT",
    "PMNTN_DFFL" : "PMNTN_DFFL",
    "PMNTN_UPPL" : "PMNTN_UPPL",
    "PMNTN_GODN" : "PMNTN_GODN",
    "PMNTN_MTRQ" : "PMNTN_MTRQ",
    "PMNTN_CNRL" : "PMNTN_CNRL",
    "PMNTN_CLS_" : "PMNTN_CLS_",
    "PMNTN_RISK" : "PMNTN_RISK",
    "PMNTN_RECO" : "PMNTN_RECO",
    "DATA_STDR_" : "DATA_STDR_",
    "MNTN_ID" : "MNTN_ID"
  },
  "geometryType" : "esriGeometryPolyline",
  "spatialReference" : {
    "wkt" : "PROJCS[\"PCS_ITRF2000_TM\",GEOGCS[\"GCS_ITRF_2000\",DATUM[\"D_ITRF_2000\",SPHEROID[\"GRS_1980\",6378137.0,298.257222101]],PRIMEM[\"Greenwich\",0.0],UNIT[\"Degree\",0.0174532925199433]],PROJECTION[\"Transverse_Mercator\"],PARAMETER[\"False_Easting\",200000.0],PARAMETER[\"False_Northing\",600000.0],PARAMETER[\"Central_Meridian\",127.0],PARAMETER[\"Scale_Factor\",1.0],PARAMETER[\"Latitude_Of_Origin\",38.0],UNIT[\"Meter\",1.0]]"
  },
  "fields" : [
    {
      "name" : "FID",
      "type" : "esriFieldTypeOID",
      "alias" : "FID"
    },
    {
      "name" : "PMNTN_SN",
      "type" : "esriFieldTypeDouble",
      "alias" : "PMNTN_SN"
    },
    {
      "name" : "MNTN_CODE",
      "type" : "esriFieldTypeString",
      "alias" : "MNTN_CODE",
      "length" : 9
    },
    {
      "name" : "MNTN_NM",
      "type" : "esriFieldTypeString",
      "alias" : "MNTN_NM",
      "length" : 50
    },
    {
      "name" : "PMNTN_NM",
      "type" : "esriFieldTypeString",
      "alias" : "PMNTN_NM",
      "length" : 50
    },
    {
      "name" : "PMNTN_MAIN",
      "type" : "esriFieldTypeString",
      "alias" : "PMNTN_MAIN",
      "length" : 200
    },
    {
      "name" : "PMNTN_LT",
      "type" : "esriFieldTypeSingle",
      "alias" : "PMNTN_LT"
    },
    {
      "name" : "PMNTN_DFFL",
      "type" : "esriFieldTypeString",
      "alias" : "PMNTN_DFFL",
      "length" : 8
    },
    {
      "name" : "PMNTN_UPPL",
      "type" : "esriFieldTypeDouble",
      "alias" : "PMNTN_UPPL"
    },
    {
      "name" : "PMNTN_GODN",
      "type" : "esriFieldTypeDouble",
      "alias" : "PMNTN_GODN"
    },
    {
      "name" : "PMNTN_MTRQ",
      "type" : "esriFieldTypeString",
      "alias" : "PMNTN_MTRQ",
      "length" : 200
    },
    {
      "name" : "PMNTN_CNRL",
      "type" : "esriFieldTypeString",
      "alias" : "PMNTN_CNRL",
      "length" : 1
    },
    {
      "name" : "PMNTN_CLS_",
      "type" : "esriFieldTypeString",
      "alias" : "PMNTN_CLS_",
      "length" : 1
    },
    {
      "name" : "PMNTN_RISK",
      "type" : "esriFieldTypeString",
      "alias" : "PMNTN_RISK",
      "length" : 200
    },
    {
      "name" : "PMNTN_RECO",
      "type" : "esriFieldTypeString",
      "alias" : "PMNTN_RECO",
      "length" : 1
    },
    {
      "name" : "DATA_STDR_",
      "type" : "esriFieldTypeString",
      "alias" : "DATA_STDR_",
      "length" : 10
    },
    {
      "name" : "MNTN_ID",
      "type" : "esriFieldTypeString",
      "alias" : "MNTN_ID",
      "length" : 10
    }
  ],
  "features" : [
    {
      "attributes" : {
        "FID" : 0,
        "PMNTN_SN" : 51772,
        "MNTN_CODE" : "413603204",
        "MNTN_NM" : "퇴뫼산일원",
        "PMNTN_NM" : "청학리구간",
        "PMNTN_MAIN" : " ",
        "PMNTN_LT" : 4.59,
        "PMNTN_DFFL" : "쉬움",
        "PMNTN_UPPL" : 81,
        "PMNTN_GODN" : 57,
        "PMNTN_MTRQ" : " ",
        "PMNTN_CNRL" : " ",
        "PMNTN_CLS_" : " ",
        "PMNTN_RISK" : " ",
        "PMNTN_RECO" : " ",
        "DATA_STDR_" : "2016-12-31",
        "MNTN_ID" : "413603204"
      },
      "geometry" : {
        "paths" : [
          [
            [
              212147.0903000012,
              565169.22370000184
            ],
            [
              212157.1434000032,
              565150.49489999935
            ],
            [
              212169.43030000012,
              565136.79040000029
            ],
            [
              212182.89120000042,
              565124.06699999981
            ],
            [
              212192.26910000201,
              565123.60920000263
            ],
            [
              212198.3321000021,
              565117.27979999967
            ],
            [
              212204.98699999973,
              565114.07570000179
            ],
            [
              212210.32960000169,
              565123.81839999929
            ],
            [
              212218.53980000038,
              565118.55200000294
            ],
            [
              212226.9626000002,
              565112.46150000021
            ],
            [
              212233.98610000405,
              565107.59710000083
            ],
            [
              212240.22120000143,
              565100.88950000145
            ],
            [
              212238.23030000087,
              565092.25320000201
            ],
            [
              212242.72919999994,
              565084.79869999923
            ],
            [
              212247.52720000036,
              565080.02400000021
            ],
            [
              212254.59700000193,
              565073.88499999978
            ],
            [
              212263.68730000127,
              565066.33510000072
            ],
            [
              212271.93350000028,
              565064.64490000159
            ],
            [
              212276.28670000099,
              565065.62820000015
            ],
            [
              212281.32330000121,
              565064.51920000091
            ],
            [
              212287.2873000009,
              565061.24410000257
            ],
            [
              212292.70560000092,
              565056.9168999996
            ],
            [
              212296.17780000251,
              565053.86130000465
            ],
            [
              212303.93580000196,
              565047.28620000742
            ],
            [
              212306.08870000206,
              565046.32190000266
            ],
            [
              212309.81060000136,
              565044.31800000183
            ],
            [
              212313.29240000341,
              565039.72749999911
            ],
            [
              212316.1062000012,
              565036.81970000453
            ],
            [
              212318.09759999998,
              565035.15750000253
            ],
            [
              212322.07950000372,
              565032.26080000028
            ],
            [
              212325.93059999961,
              565027.92199999839
            ],
            [
              212328.95170000382,
              565024.80060000159
            ],
            [
              212328.32709999941,
              565022.28779999912
            ],
            [
              212331.85379999969,
              565017.31590000167
            ],
            [
              212333.27580000088,
              565015.67130000331
            ],
            [
              212333.92810000107,
              565014.50950000249
            ],
            [
              212342.02119999938,
              565006.47430000268
            ],
            [
              212345.597000001,
              565003.30729999952
            ],
            [
              212352.27390000317,
              564997.90279999934
            ],
            [
              212360.46390000079,
              564994.31469999999
            ],
            [
              212364.38350000419,
              564993.56700000353
            ],
            [
              212370.15350000374,
              564991.53830000013
            ],
            [
              212377.36180000007,
              564991.80030000024
            ],
            [
              212384.21970000304,
              564993.94090000354
            ],
            [
              212400.07290000096,
              564987.95480000041
            ],
            [
              212406.70280000288,
              564984.42960000224
            ],
            [
              212414.42890000064,
              564984.47839999758
            ],
            [
              212421.08519999962,
              564983.02790000103
            ],
            [
              212429.6425999999,
              564980.92889999785
            ],
            [
              212438.16310000326,
              564973.89920000173
            ],
            [
              212445.13780000061,
              564967.26729999855
            ],
            [
              212454.00980000105,
              564962.48019999824
            ],
            [
              212464.63250000123,
              564958.74700000137
            ],
            [
              212471.39150000084,
              564962.77620000206
            ],
            [
              212479.2042000005,
              564969.17930000275
            ],
            [
              212486.60440000333,
              564974.47460000031
            ],
            [
              212490.98099999968,
              564979.61649999954
            ],
            [
              212495.27379999962,
              564986.37720000185
            ],
            [
              212497.01620000415,
              564988.00779999979
            ],
            [
              212493.3376000002,
              564985.77879999951
            ],
            [
              212494.70940000098,
              564988.00430000201
            ],
            [
              212495.52830000129,
              564989.19640000165
            ],
            [
              212500.60259999987,
              564987.59459999949
            ],
            [
              212499.38609999884,
              564990.27210000157
            ],
            [
              212503.90460000001,
              564989.55320000462
            ],
            [
              212502.23110000137,
              564991.23450000212
            ],
            [
              212497.80490000267,
              564994.48400000297
            ],
            [
              212499.07849999983,
              564998.11420000158
            ],
            [
              212495.70399999991,
              565000.14649999887
            ],
            [
              212496.62070000265,
              565000.18500000425
            ],
            [
              212495.82790000178,
              565001.36529999971
            ],
            [
              212495.63559999876,
              565006.26779999956
            ],
            [
              212495.93900000025,
              565006.1194000002
            ],
            [
              212500.75129999965,
              565006.65689999983
            ],
            [
              212499.71729999967,
              565005.93899999931
            ],
            [
              212506.32900000084,
              565009.50280000456
            ],
            [
              212510.72790000122,
              565009.72350000218
            ],
            [
              212515.13160000183,
              565011.54430000484
            ],
            [
              212515.53100000042,
              565011.44259999879
            ],
            [
              212515.87079999968,
              565011.61979999952
            ],
            [
              212521.8498999998,
              565013.09880000167
            ],
            [
              212520.06830000225,
              565012.95650000125
            ],
            [
              212525.3797000004,
              565015.93229999952
            ],
            [
              212532.52809999976,
              565021.50630000234
            ],
            [
              212538.42940000072,
              565020.60360000096
            ],
            [
              212536.11879999936,
              565018.32090000249
            ],
            [
              212539.45210000128,
              565019.00499999896
            ],
            [
              212538.87230000179,
              565016.19459999911
            ],
            [
              212544.75700000208,
              565016.53840000182
            ],
            [
              212547.75520000234,
              565013.96610000357
            ],
            [
              212549.07300000358,
              565007.99540000223
            ],
            [
              212547.1108000027,
              565004.99679999985
            ],
            [
              212549.87050000113,
              565003.80090000108
            ],
            [
              212550.36230000015,
              565001.21540000103
            ],
            [
              212553.96580000035,
              564999.37890000083
            ],
            [
              212553.27840000018,
              564999.22890000232
            ],
            [
              212559.04440000001,
              564994.99540000036
            ],
            [
              212562.40890000015,
              564994.65640000254
            ],
            [
              212566.83360000234,
              564997.29580000415
            ],
            [
              212567.61050000042,
              565001.79980000108
            ],
            [
              212567.7181000011,
              565003.94890000112
            ],
            [
              212571.71460000332,
              565006.11329999939
            ],
            [
              212572.55020000041,
              565006.0680999998
            ],
            [
              212577.01740000024,
              565005.03290000185
            ],
            [
              212580.51219999976,
              565006.54540000297
            ],
            [
              212583.51540000271,
              565010.43860000186
            ],
            [
              212588.71730000153,
              565012.53980000317
            ],
            [
              212590.63580000307,
              565014.98010000028
            ],
            [
              212589.40280000307,
              565018.7367000021
            ],
            [
              212594.29170000181,
              565022.38169999979
            ],
            [
              212596.18130000401,
              565024.36620000005
            ],
            [
              212593.07049999945,
              565023.20780000277
            ],
            [
              212598.09360000025,
              565026.12740000151
            ],
            [
              212601.82029999979,
              565035.55710000545
            ],
            [
              212606.91019999888,
              565043.17479999922
            ],
            [
              212607.86220000312,
              565049.15830000304
            ],
            [
              212611.34840000048,
              565056.27119999938
            ],
            [
              212609.27440000139,
              565063.6082000006
            ],
            [
              212605.50700000394,
              565066.38410000317
            ],
            [
              212605.11070000101,
              565069.31400000304
            ],
            [
              212598.66410000063,
              565078.75620000251
            ],
            [
              212590.46129999962,
              565085.83270000108
            ],
            [
              212589.53359999973,
              565097.85089999996
            ],
            [
              212586.53029999975,
              565103.80030000396
            ],
            [
              212584.4448000025,
              565109.05340000056
            ],
            [
              212583.8685000008,
              565108.8107000012
            ],
            [
              212577.08310000226,
              565112.51240000315
            ],
            [
              212571.60230000131,
              565123.68640000373
            ],
            [
              212562.43310000096,
              565129.57990000211
            ],
            [
              212561.17300000135,
              565131.65259999968
            ],
            [
              212559.00130000059,
              565135.21240000054
            ],
            [
              212551.91629999969,
              565141.54640000127
            ],
            [
              212543.63439999986,
              565147.30180000141
            ],
            [
              212539.3227000013,
              565153.06320000254
            ],
            [
              212536.23199999984,
              565163.06870000251
            ],
            [
              212535.8712000018,
              565171.80380000174
            ],
            [
              212535.68540000264,
              565172.50119999982
            ],
            [
              212534.80840000231,
              565180.33320000023
            ],
            [
              212531.11010000017,
              565186.31880000047
            ],
            [
              212527.53200000152,
              565191.07660000026
            ],
            [
              212529.94809999969,
              565196.91330000386
            ],
            [
              212530.28760000039,
              565202.16080000065
            ],
            [
              212523.66089999955,
              565203.69510000013
            ],
            [
              212518.92320000101,
              565202.73900000006
            ],
            [
              212516.01930000167,
              565201.69270000234
            ],
            [
              212514.68770000152,
              565202.21159999818
            ],
            [
              212514.22250000294,
              565201.79230000079
            ],
            [
              212510.65699999966,
              565203.06140000187
            ],
            [
              212510.16970000416,
              565202.64200000092
            ],
            [
              212504.28200000152,
              565199.4979000017
            ],
            [
              212498.95080000069,
              565199.95500000194
            ],
            [
              212494.56439999864,
              565201.36250000075
            ],
            [
              212490.83749999944,
              565201.77549999952
            ],
            [
              212486.84820000269,
              565199.7507000044
            ],
            [
              212478.20680000074,
              565198.87250000052
            ],
            [
              212473.73630000278,
              565197.23760000058
            ],
            [
              212468.07569999993,
              565195.51740000211
            ],
            [
              212461.13540000096,
              565199.00490000099
            ],
            [
              212453.08870000206,
              565196.0530000031
            ],
            [
              212440.67500000168,
              565196.19239999913
            ],
            [
              212435.53860000055,
              565194.96590000205
            ],
            [
              212439.76630000025,
              565190.88820000179
            ],
            [
              212439.64670000132,
              565186.85980000161
            ],
            [
              212439.32510000374,
              565184.36610000022
            ],
            [
              212437.36479999963,
              565180.19529999979
            ],
            [
              212437.38360000309,
              565172.60390000045
            ],
            [
              212437.52420000266,
              565164.86680000275
            ],
            [
              212428.76940000243,
              565165.84319999814
            ],
            [
              212420.93620000314,
              565170.70930000022
            ],
            [
              212413.22360000107,
              565176.62390000001
            ],
            [
              212411.69610000122,
              565174.68649999984
            ],
            [
              212409.16280000284,
              565172.94300000183
            ],
            [
              212403.38920000009,
              565172.50630000047
            ],
            [
              212395.66620000079,
              565175.46250000037
            ],
            [
              212388.95780000184,
              565177.23870000429
            ],
            [
              212382.17740000039,
              565177.74020000175
            ],
            [
              212376.27580000088,
              565178.87560000271
            ],
            [
              212368.59800000023,
              565181.24569999985
            ],
            [
              212362.09910000395,
              565186.27830000222
            ],
            [
              212359.60280000232,
              565189.4561999999
            ],
            [
              212357.37670000177,
              565194.8767000027
            ],
            [
              212353.67470000125,
              565203.42080000229
            ],
            [
              212352.63449999969,
              565211.8385000024
            ],
            [
              212353.40230000019,
              565212.55600000359
            ],
            [
              212351.00260000117,
              565220.32060000114
            ],
            [
              212349.88250000216,
              565227.83590000123
            ],
            [
              212345.56700000167,
              565231.31810000166
            ],
            [
              212344.56900000013,
              565231.23279999942
            ],
            [
              212334.78170000203,
              565235.23719999939
            ],
            [
              212333.49380000122,
              565236.23070000112
            ],
            [
              212328.3284,
              565239.57220000215
            ],
            [
              212322.71100000013,
              565238.54969999939
            ],
            [
              212313.26510000043,
              565241.68940000236
            ],
            [
              212301.79740000237,
              565247.17050000094
            ],
            [
              212298.79310000036,
              565248.92430000007
            ],
            [
              212288.40199999977,
              565251.38350000232
            ],
            [
              212285.52190000191,
              565249.15579999983
            ],
            [
              212276.96820000093,
              565253.89690000191
            ],
            [
              212271.66460000072,
              565255.70320000127
            ],
            [
              212271.65160000138,
              565259.4988000039
            ],
            [
              212265.23020000011,
              565267.24810000323
            ],
            [
              212253.26470000111,
              565274.38450000063
            ],
            [
              212248.83710000105,
              565278.74110000022
            ],
            [
              212241.13230000064,
              565289.43769999966
            ],
            [
              212239.56720000226,
              565292.90550000407
            ],
            [
              212235.10700000077,
              565304.33239999972
            ],
            [
              212230.08150000032,
              565308.07410000265
            ],
            [
              212225.62040000036,
              565310.10499999858
            ],
            [
              212214.92969999928,
              565315.17799999937
            ],
            [
              212208.06110000331,
              565320.45199999958
            ],
            [
              212202.52909999993,
              565321.72770000435
            ],
            [
              212190.08630000241,
              565321.76510000415
            ],
            [
              212185.1697000023,
              565321.86020000279
            ],
            [
              212179.19100000244,
              565320.19540000148
            ],
            [
              212173.85530000087,
              565313.67540000193
            ],
            [
              212169.32690000068,
              565316.25489999913
            ],
            [
              212162.08160000108,
              565316.25360000134
            ],
            [
              212159.20969999954,
              565318.54720000178
            ],
            [
              212155.08430000022,
              565318.5410999991
            ],
            [
              212145.79210000206,
              565317.81110000238
            ],
            [
              212145.59979999904,
              565317.90400000103
            ],
            [
              212144.17560000345,
              565316.04120000079
            ],
            [
              212136.56570000015,
              565317.65809999965
            ],
            [
              212124.05520000309,
              565313.36959999986
            ],
            [
              212120.12390000001,
              565312.11720000021
            ],
            [
              212114.84010000061,
              565310.537200002
            ],
            [
              212107.18930000346,
              565309.753800001
            ],
            [
              212093.92810000386,
              565308.28310000151
            ],
            [
              212087.97869999986,
              565306.79519999959
            ],
            [
              212075.76680000406,
              565305.63309999928
            ],
            [
              212071.00030000042,
              565309.29160000011
            ],
            [
              212072.39610000048,
              565310.34490000084
            ],
            [
              212072.04040000122,
              565310.92110000178
            ],
            [
              212061.72520000394,
              565312.02250000462
            ],
            [
              212055.74210000131,
              565313.38130000234
            ],
            [
              212046.17980000004,
              565315.38620000146
            ],
            [
              212037.63159999996,
              565311.4664000012
            ],
            [
              212025.40070000105,
              565308.16459999792
            ],
            [
              212018.40260000061,
              565305.92159999907
            ],
            [
              212010.28560000006,
              565310.45910000242
            ],
            [
              212005.28579999972,
              565316.96400000155
            ],
            [
              211993.53560000006,
              565339.00480000116
            ],
            [
              211983.67150000297,
              565352.69360000268
            ],
            [
              211965.83800000232,
              565382.01710000262
            ],
            [
              211958.85940000042,
              565390.68520000018
            ],
            [
              211952.05400000047,
              565406.09070000239
            ],
            [
              211933.05610000156,
              565411.77570000105
            ],
            [
              211911.66910000052,
              565421.1110999994
            ],
            [
              211892.22219999973,
              565422.40070000105
            ],
            [
              211840.63590000011,
              565443.92380000278
            ],
            [
              211804.44900000188,
              565460.41990000196
            ],
            [
              211787.29769999906,
              565475.09190000221
            ],
            [
              211769.34869999997,
              565484.83720000088
            ],
            [
              211754.29550000187,
              565468.67760000378
            ],
            [
              211723.97420000006,
              565443.13800000027
            ],
            [
              211703.20449999999,
              565452.77760000154
            ],
            [
              211689.81170000136,
              565471.10029999912
            ],
            [
              211685.19460000284,
              565481.29199999943
            ],
            [
              211629.04100000206,
              565625.5791000016
            ],
            [
              211539.25190000143,
              565839.03500000015
            ],
            [
              211418.08340000268,
              566027.6557
            ],
            [
              211318.96370000113,
              566173.58820000105
            ],
            [
              211312.97220000066,
              566181.7295000013
            ],
            [
              211298.59750000108,
              566200.74420000054
            ],
            [
              211250.34620000049,
              566261.28839999996
            ],
            [
              211175.69880000036,
              566345.6558000017
            ],
            [
              211057.23200000264,
              566491.10750000365
            ],
            [
              210984.13910000306,
              566590.0511000026
            ],
            [
              210914.56890000124,
              566675.96250000037
            ],
            [
              210881.74619999994,
              566734.16880000196
            ],
            [
              210850.96520000044,
              566820.44189999998
            ],
            [
              210828.72030000016,
              566882.88970000111
            ],
            [
              210802.45890000183,
              566928.64850000106
            ],
            [
              210789.77329999954,
              566983.37860000134
            ],
            [
              210794.15589999966,
              567032.07950000279
            ],
            [
              210810.1090000011,
              567183.12810000218
            ],
            [
              210809.69130000006,
              567214.30240000226
            ],
            [
              210795.8694000002,
              567259.39550000243
            ],
            [
              210788.72640000097,
              567278.11730000004
            ],
            [
              210727.55590000097,
              567342.97040000372
            ],
            [
              210648.91349999979,
              567414.92930000275
            ],
            [
              210584.22479999997,
              567465.46600000374
            ],
            [
              210530.71150000114,
              567516.42469999939
            ],
            [
              210528.03170000017,
              567540.52360000275
            ],
            [
              210517.18770000339,
              567556.10879999958
            ],
            [
              210514.98360000271,
              567581.56949999928
            ],
            [
              210508.25069999974,
              567592.68670000136
            ],
            [
              210499.94720000029,
              567601.12889999896
            ],
            [
              210498.85180000216,
              567612.22529999912
            ],
            [
              210501.71760000102,
              567645.97890000045
            ],
            [
              210433.89749999996,
              567657.35770000145
            ]
          ]
        ]
      }
    }
  ]
}