{
  "displayFieldName" : "",
  "fieldAliases" : {
    "FID" : "FID",
    "SAFE_SPOT1" : "SAFE_SPOT1",
    "SAFE_SPOT2" : "SAFE_SPOT2",
    "SAFE_SPOT3" : "SAFE_SPOT3",
    "MGC" : "MGC",
    "ETC_MATTER" : "ETC_MATTER",
    "MNTN_NM" : "MNTN_NM"
  },
  "geometryType" : "esriGeometryPoint",
  "spatialReference" : {
    "wkt" : "PROJCS[\"PCS_ITRF2000_TM\",GEOGCS[\"GCS_ITRF_2000\",DATUM[\"D_ITRF_2000\",SPHEROID[\"GRS_1980\",6378137.0,298.257222101]],PRIMEM[\"Greenwich\",0.0],UNIT[\"Degree\",0.0174532925199433]],PROJECTION[\"Transverse_Mercator\"],PARAMETER[\"False_Easting\",200000.0],PARAMETER[\"False_Northing\",600000.0],PARAMETER[\"Central_Meridian\",127.0],PARAMETER[\"Scale_Factor\",1.0],PARAMETER[\"Latitude_Of_Origin\",38.0],UNIT[\"Meter\",1.0]]"
  },
  "fields" : [
    {
      "name" : "FID",
      "type" : "esriFieldTypeOID",
      "alias" : "FID"
    },
    {
      "name" : "SAFE_SPOT1",
      "type" : "esriFieldTypeDouble",
      "alias" : "SAFE_SPOT1"
    },
    {
      "name" : "SAFE_SPOT2",
      "type" : "esriFieldTypeString",
      "alias" : "SAFE_SPOT2",
      "length" : 50
    },
    {
      "name" : "SAFE_SPOT3",
      "type" : "esriFieldTypeString",
      "alias" : "SAFE_SPOT3",
      "length" : 50
    },
    {
      "name" : "MGC",
      "type" : "esriFieldTypeString",
      "alias" : "MGC",
      "length" : 50
    },
    {
      "name" : "ETC_MATTER",
      "type" : "esriFieldTypeString",
      "alias" : "ETC_MATTER",
      "length" : 200
    },
    {
      "name" : "MNTN_NM",
      "type" : "esriFieldTypeString",
      "alias" : "MNTN_NM",
      "length" : 50
    }
  ],
  "features" : [
    {
      "attributes" : {
        "FID" : 0,
        "SAFE_SPOT1" : 3202,
        "SAFE_SPOT2" : "산악위치표지판",
        "SAFE_SPOT3" : "7-1",
        "MGC" : "보성소방서",
        "ETC_MATTER" : " ",
        "MNTN_NM" : "팔영산"
      },
      "geometry" : {
        "x" : 238913.71110000182,
        "y" : 226320.74160000123
      }
    },
    {
      "attributes" : {
        "FID" : 1,
        "SAFE_SPOT1" : 3203,
        "SAFE_SPOT2" : "산악위치표지판",
        "SAFE_SPOT3" : "7-2",
        "MGC" : "보성소방서",
        "ETC_MATTER" : " ",
        "MNTN_NM" : "팔영산"
      },
      "geometry" : {
        "x" : 239036.21340000164,
        "y" : 226151.43220000342
      }
    },
    {
      "attributes" : {
        "FID" : 2,
        "SAFE_SPOT1" : 3204,
        "SAFE_SPOT2" : "산악위치표지판",
        "SAFE_SPOT3" : "7-3",
        "MGC" : "보성소방서",
        "ETC_MATTER" : " ",
        "MNTN_NM" : "팔영산"
      },
      "geometry" : {
        "x" : 239476.5504999999,
        "y" : 225884.53870000131
      }
    },
    {
      "attributes" : {
        "FID" : 3,
        "SAFE_SPOT1" : 3205,
        "SAFE_SPOT2" : "산악위치표지판",
        "SAFE_SPOT3" : "7-4",
        "MGC" : "보성소방서",
        "ETC_MATTER" : " ",
        "MNTN_NM" : "팔영산"
      },
      "geometry" : {
        "x" : 239503.6026999997,
        "y" : 225829.09950000048
      }
    },
    {
      "attributes" : {
        "FID" : 4,
        "SAFE_SPOT1" : 3206,
        "SAFE_SPOT2" : "산악위치표지판",
        "SAFE_SPOT3" : "7-5",
        "MGC" : "보성소방서",
        "ETC_MATTER" : " ",
        "MNTN_NM" : "팔영산"
      },
      "geometry" : {
        "x" : 239488.58280000091,
        "y" : 225553.15379999951
      }
    },
    {
      "attributes" : {
        "FID" : 5,
        "SAFE_SPOT1" : 3207,
        "SAFE_SPOT2" : "산악위치표지판",
        "SAFE_SPOT3" : "7-6",
        "MGC" : "보성소방서",
        "ETC_MATTER" : " ",
        "MNTN_NM" : "팔영산"
      },
      "geometry" : {
        "x" : 239520.98550000042,
        "y" : 225454.79260000214
      }
    },
    {
      "attributes" : {
        "FID" : 6,
        "SAFE_SPOT1" : 3208,
        "SAFE_SPOT2" : "산악위치표지판",
        "SAFE_SPOT3" : "7-7",
        "MGC" : "보성소방서",
        "ETC_MATTER" : " ",
        "MNTN_NM" : "팔영산"
      },
      "geometry" : {
        "x" : 239597.63409999944,
        "y" : 224925.33249999955
      }
    },
    {
      "attributes" : {
        "FID" : 7,
        "SAFE_SPOT1" : 3209,
        "SAFE_SPOT2" : "산악위치표지판",
        "SAFE_SPOT3" : "7-8",
        "MGC" : "보성소방서",
        "ETC_MATTER" : " ",
        "MNTN_NM" : "팔영산"
      },
      "geometry" : {
        "x" : 240015.94450000022,
        "y" : 224709.20370000228
      }
    },
    {
      "attributes" : {
        "FID" : 8,
        "SAFE_SPOT1" : 3210,
        "SAFE_SPOT2" : "산악위치표지판",
        "SAFE_SPOT3" : "7-9",
        "MGC" : "보성소방서",
        "ETC_MATTER" : " ",
        "MNTN_NM" : "팔영산"
      },
      "geometry" : {
        "x" : 240348.43900000118,
        "y" : 224764.52329999954
      }
    },
    {
      "attributes" : {
        "FID" : 9,
        "SAFE_SPOT1" : 3211,
        "SAFE_SPOT2" : "산악위치표지판",
        "SAFE_SPOT3" : "7-10",
        "MGC" : "보성소방서",
        "ETC_MATTER" : " ",
        "MNTN_NM" : "팔영산"
      },
      "geometry" : {
        "x" : 240969.99690000061,
        "y" : 224247.44830000214
      }
    },
    {
      "attributes" : {
        "FID" : 10,
        "SAFE_SPOT1" : 3212,
        "SAFE_SPOT2" : "산악위치표지판",
        "SAFE_SPOT3" : "7-11",
        "MGC" : "보성소방서",
        "ETC_MATTER" : " ",
        "MNTN_NM" : "팔영산"
      },
      "geometry" : {
        "x" : 239716.29500000086,
        "y" : 225818.91080000252
      }
    },
    {
      "attributes" : {
        "FID" : 11,
        "SAFE_SPOT1" : 3213,
        "SAFE_SPOT2" : "산악위치표지판",
        "SAFE_SPOT3" : "7-12",
        "MGC" : "보성소방서",
        "ETC_MATTER" : " ",
        "MNTN_NM" : "팔영산"
      },
      "geometry" : {
        "x" : 240281.12349999882,
        "y" : 226039.51510000229
      }
    },
    {
      "attributes" : {
        "FID" : 12,
        "SAFE_SPOT1" : 3214,
        "SAFE_SPOT2" : "산악위치표지판",
        "SAFE_SPOT3" : "7-13",
        "MGC" : "보성소방서",
        "ETC_MATTER" : " ",
        "MNTN_NM" : "팔영산"
      },
      "geometry" : {
        "x" : 240977.03560000006,
        "y" : 226302.93980000354
      }
    },
    {
      "attributes" : {
        "FID" : 13,
        "SAFE_SPOT1" : 3215,
        "SAFE_SPOT2" : "산악위치표지판",
        "SAFE_SPOT3" : "7-14",
        "MGC" : "보성소방서",
        "ETC_MATTER" : " ",
        "MNTN_NM" : "팔영산"
      },
      "geometry" : {
        "x" : 239006.15440000128,
        "y" : 225404.35229999945
      }
    },
    {
      "attributes" : {
        "FID" : 14,
        "SAFE_SPOT1" : 3321,
        "SAFE_SPOT2" : "태양광표지판",
        "SAFE_SPOT3" : " ",
        "MGC" : "보성소방서",
        "ETC_MATTER" : " ",
        "MNTN_NM" : "팔영산"
      },
      "geometry" : {
        "x" : 240001.22510000132,
        "y" : 223607.76340000145
      }
    },
    {
      "attributes" : {
        "FID" : 15,
        "SAFE_SPOT1" : 3322,
        "SAFE_SPOT2" : "태양광표지판",
        "SAFE_SPOT3" : " ",
        "MGC" : "보성소방서",
        "ETC_MATTER" : " ",
        "MNTN_NM" : "팔영산"
      },
      "geometry" : {
        "x" : 239128.17230000161,
        "y" : 225206.44810000435
      }
    },
    {
      "attributes" : {
        "FID" : 16,
        "SAFE_SPOT1" : 3323,
        "SAFE_SPOT2" : "태양광표지판",
        "SAFE_SPOT3" : " ",
        "MGC" : "보성소방서",
        "ETC_MATTER" : " ",
        "MNTN_NM" : "팔영산"
      },
      "geometry" : {
        "x" : 239304.26530000102,
        "y" : 225731.06310000271
      }
    },
    {
      "attributes" : {
        "FID" : 17,
        "SAFE_SPOT1" : 3345,
        "SAFE_SPOT2" : "헬기장",
        "SAFE_SPOT3" : " ",
        "MGC" : "보성소방서",
        "ETC_MATTER" : " ",
        "MNTN_NM" : "팔영산"
      },
      "geometry" : {
        "x" : 240001.22510000132,
        "y" : 223607.76340000145
      }
    }
  ]
}