{
  "displayFieldName" : "",
  "fieldAliases" : {
    "FID" : "FID",
    "PMNTN_SPOT" : "PMNTN_SPOT",
    "MNTN_CODE" : "MNTN_CODE",
    "MANAGE_SP1" : "MANAGE_SP1",
    "MANAGE_SP2" : "MANAGE_SP2",
    "DETAIL_SPO" : "DETAIL_SPO",
    "ETC_MATTER" : "ETC_MATTER",
    "MNTN_NM" : "MNTN_NM",
    "PAST_SPOT_" : "PAST_SPOT_",
    "MNTN_ID" : "MNTN_ID"
  },
  "geometryType" : "esriGeometryPoint",
  "spatialReference" : {
    "wkt" : "PROJCS[\"PCS_ITRF2000_TM\",GEOGCS[\"GCS_ITRF_2000\",DATUM[\"D_ITRF_2000\",SPHEROID[\"GRS_1980\",6378137.0,298.257222101]],PRIMEM[\"Greenwich\",0.0],UNIT[\"Degree\",0.0174532925199433]],PROJECTION[\"Transverse_Mercator\"],PARAMETER[\"False_Easting\",200000.0],PARAMETER[\"False_Northing\",600000.0],PARAMETER[\"Central_Meridian\",127.0],PARAMETER[\"Scale_Factor\",1.0],PARAMETER[\"Latitude_Of_Origin\",38.0],UNIT[\"Meter\",1.0]]"
  },
  "fields" : [
    {
      "name" : "FID",
      "type" : "esriFieldTypeOID",
      "alias" : "FID"
    },
    {
      "name" : "PMNTN_SPOT",
      "type" : "esriFieldTypeDouble",
      "alias" : "PMNTN_SPOT"
    },
    {
      "name" : "MNTN_CODE",
      "type" : "esriFieldTypeString",
      "alias" : "MNTN_CODE",
      "length" : 9
    },
    {
      "name" : "MANAGE_SP1",
      "type" : "esriFieldTypeString",
      "alias" : "MANAGE_SP1",
      "length" : 2
    },
    {
      "name" : "MANAGE_SP2",
      "type" : "esriFieldTypeString",
      "alias" : "MANAGE_SP2",
      "length" : 50
    },
    {
      "name" : "DETAIL_SPO",
      "type" : "esriFieldTypeString",
      "alias" : "DETAIL_SPO",
      "length" : 200
    },
    {
      "name" : "ETC_MATTER",
      "type" : "esriFieldTypeString",
      "alias" : "ETC_MATTER",
      "length" : 200
    },
    {
      "name" : "MNTN_NM",
      "type" : "esriFieldTypeString",
      "alias" : "MNTN_NM",
      "length" : 50
    },
    {
      "name" : "PAST_SPOT_",
      "type" : "esriFieldTypeString",
      "alias" : "PAST_SPOT_",
      "length" : 14
    },
    {
      "name" : "MNTN_ID",
      "type" : "esriFieldTypeString",
      "alias" : "MNTN_ID",
      "length" : 10
    }
  ],
  "features" : [
    {
      "attributes" : {
        "FID" : 0,
        "PMNTN_SPOT" : 57523,
        "MNTN_CODE" : "447302301",
        "MANAGE_SP1" : "99",
        "MANAGE_SP2" : "기타",
        "DETAIL_SPO" : "사찰",
        "ETC_MATTER" : " ",
        "MNTN_NM" : "아미산",
        "PAST_SPOT_" : "4473023010001",
        "MNTN_ID" : "447302301"
      },
      "geometry" : {
        "x" : 229347.55480000004,
        "y" : 441712.73900000192
      }
    },
    {
      "attributes" : {
        "FID" : 1,
        "PMNTN_SPOT" : 57524,
        "MNTN_CODE" : "447302301",
        "MANAGE_SP1" : "14",
        "MANAGE_SP2" : "조망점",
        "DETAIL_SPO" : "조망점",
        "ETC_MATTER" : " ",
        "MNTN_NM" : "아미산",
        "PAST_SPOT_" : "4473023010002",
        "MNTN_ID" : "447302301"
      },
      "geometry" : {
        "x" : 229375.42499999888,
        "y" : 441818.67600000277
      }
    },
    {
      "attributes" : {
        "FID" : 2,
        "PMNTN_SPOT" : 57525,
        "MNTN_CODE" : "447302301",
        "MANAGE_SP1" : "14",
        "MANAGE_SP2" : "조망점",
        "DETAIL_SPO" : "조망점",
        "ETC_MATTER" : " ",
        "MNTN_NM" : "아미산",
        "PAST_SPOT_" : "4473023010003",
        "MNTN_ID" : "447302301"
      },
      "geometry" : {
        "x" : 229394.76970000006,
        "y" : 441848.40460000187
      }
    },
    {
      "attributes" : {
        "FID" : 3,
        "PMNTN_SPOT" : 57526,
        "MNTN_CODE" : "447302301",
        "MANAGE_SP1" : "14",
        "MANAGE_SP2" : "조망점",
        "DETAIL_SPO" : "조망점",
        "ETC_MATTER" : " ",
        "MNTN_NM" : "아미산",
        "PAST_SPOT_" : "4473023010004",
        "MNTN_ID" : "447302301"
      },
      "geometry" : {
        "x" : 229722.38830000162,
        "y" : 441875.03460000083
      }
    },
    {
      "attributes" : {
        "FID" : 4,
        "PMNTN_SPOT" : 57527,
        "MNTN_CODE" : "447302301",
        "MANAGE_SP1" : "16",
        "MANAGE_SP2" : "주요나무",
        "DETAIL_SPO" : "死木",
        "ETC_MATTER" : " ",
        "MNTN_NM" : "아미산",
        "PAST_SPOT_" : "4473023010005",
        "MNTN_ID" : "447302301"
      },
      "geometry" : {
        "x" : 229747.45670000184,
        "y" : 441769.9768000003
      }
    },
    {
      "attributes" : {
        "FID" : 5,
        "PMNTN_SPOT" : 57528,
        "MNTN_CODE" : "447302301",
        "MANAGE_SP1" : "99",
        "MANAGE_SP2" : "기타",
        "DETAIL_SPO" : "계단시점",
        "ETC_MATTER" : " ",
        "MNTN_NM" : "아미산",
        "PAST_SPOT_" : "4473023010006",
        "MNTN_ID" : "447302301"
      },
      "geometry" : {
        "x" : 229737.97720000055,
        "y" : 441753.73140000179
      }
    },
    {
      "attributes" : {
        "FID" : 6,
        "PMNTN_SPOT" : 57529,
        "MNTN_CODE" : "447302301",
        "MANAGE_SP1" : "99",
        "MANAGE_SP2" : "기타",
        "DETAIL_SPO" : "계단종점",
        "ETC_MATTER" : " ",
        "MNTN_NM" : "아미산",
        "PAST_SPOT_" : "4473023010007",
        "MNTN_ID" : "447302301"
      },
      "geometry" : {
        "x" : 229735.63829999976,
        "y" : 441751.0167000033
      }
    },
    {
      "attributes" : {
        "FID" : 7,
        "PMNTN_SPOT" : 57530,
        "MNTN_CODE" : "447302301",
        "MANAGE_SP1" : "23",
        "MANAGE_SP2" : "정상",
        "DETAIL_SPO" : "정상부",
        "ETC_MATTER" : " ",
        "MNTN_NM" : "아미산",
        "PAST_SPOT_" : "4473023010008",
        "MNTN_ID" : "447302301"
      },
      "geometry" : {
        "x" : 229733.90770000033,
        "y" : 441748.13650000095
      }
    },
    {
      "attributes" : {
        "FID" : 8,
        "PMNTN_SPOT" : 57531,
        "MNTN_CODE" : "447302301",
        "MANAGE_SP1" : "07",
        "MANAGE_SP2" : "시설물(운동기구 등)",
        "DETAIL_SPO" : "철봉",
        "ETC_MATTER" : " ",
        "MNTN_NM" : "아미산",
        "PAST_SPOT_" : "4473023010009",
        "MNTN_ID" : "447302301"
      },
      "geometry" : {
        "x" : 229730.25320000015,
        "y" : 441746.20769999921
      }
    },
    {
      "attributes" : {
        "FID" : 9,
        "PMNTN_SPOT" : 57532,
        "MNTN_CODE" : "447302301",
        "MANAGE_SP1" : "99",
        "MANAGE_SP2" : "기타",
        "DETAIL_SPO" : "복근운동기구",
        "ETC_MATTER" : " ",
        "MNTN_NM" : "아미산",
        "PAST_SPOT_" : "4473023010010",
        "MNTN_ID" : "447302301"
      },
      "geometry" : {
        "x" : 229733.85980000068,
        "y" : 441744.6296000015
      }
    },
    {
      "attributes" : {
        "FID" : 10,
        "PMNTN_SPOT" : 57533,
        "MNTN_CODE" : "447302301",
        "MANAGE_SP1" : "05",
        "MANAGE_SP2" : "벤치",
        "DETAIL_SPO" : "벤치",
        "ETC_MATTER" : " ",
        "MNTN_NM" : "아미산",
        "PAST_SPOT_" : "4473023010011",
        "MNTN_ID" : "447302301"
      },
      "geometry" : {
        "x" : 229731.86280000024,
        "y" : 441742.82759999856
      }
    },
    {
      "attributes" : {
        "FID" : 11,
        "PMNTN_SPOT" : 57534,
        "MNTN_CODE" : "447302301",
        "MANAGE_SP1" : "05",
        "MANAGE_SP2" : "벤치",
        "DETAIL_SPO" : "벤치",
        "ETC_MATTER" : " ",
        "MNTN_NM" : "아미산",
        "PAST_SPOT_" : "4473023010012",
        "MNTN_ID" : "447302301"
      },
      "geometry" : {
        "x" : 229730.20620000083,
        "y" : 441731.5577000007
      }
    },
    {
      "attributes" : {
        "FID" : 12,
        "PMNTN_SPOT" : 57535,
        "MNTN_CODE" : "447302301",
        "MANAGE_SP1" : "07",
        "MANAGE_SP2" : "시설물(운동기구 등)",
        "DETAIL_SPO" : "철봉",
        "ETC_MATTER" : " ",
        "MNTN_NM" : "아미산",
        "PAST_SPOT_" : "4473023010013",
        "MNTN_ID" : "447302301"
      },
      "geometry" : {
        "x" : 229735.61410000175,
        "y" : 441729.79050000384
      }
    },
    {
      "attributes" : {
        "FID" : 13,
        "PMNTN_SPOT" : 57536,
        "MNTN_CODE" : "447302301",
        "MANAGE_SP1" : "05",
        "MANAGE_SP2" : "벤치",
        "DETAIL_SPO" : "벤치",
        "ETC_MATTER" : " ",
        "MNTN_NM" : "아미산",
        "PAST_SPOT_" : "4473023010014",
        "MNTN_ID" : "447302301"
      },
      "geometry" : {
        "x" : 229745.84270000085,
        "y" : 441726.83070000261
      }
    },
    {
      "attributes" : {
        "FID" : 14,
        "PMNTN_SPOT" : 57537,
        "MNTN_CODE" : "447302301",
        "MANAGE_SP1" : "99",
        "MANAGE_SP2" : "기타",
        "DETAIL_SPO" : "탁자",
        "ETC_MATTER" : " ",
        "MNTN_NM" : "아미산",
        "PAST_SPOT_" : "4473023010015",
        "MNTN_ID" : "447302301"
      },
      "geometry" : {
        "x" : 229742.65710000042,
        "y" : 441721.6388000045
      }
    },
    {
      "attributes" : {
        "FID" : 15,
        "PMNTN_SPOT" : 57538,
        "MNTN_CODE" : "447302301",
        "MANAGE_SP1" : "05",
        "MANAGE_SP2" : "벤치",
        "DETAIL_SPO" : "벤치",
        "ETC_MATTER" : " ",
        "MNTN_NM" : "아미산",
        "PAST_SPOT_" : "4473023010016",
        "MNTN_ID" : "447302301"
      },
      "geometry" : {
        "x" : 229743.86230000108,
        "y" : 441720.24770000204
      }
    },
    {
      "attributes" : {
        "FID" : 16,
        "PMNTN_SPOT" : 57539,
        "MNTN_CODE" : "447302301",
        "MANAGE_SP1" : "07",
        "MANAGE_SP2" : "시설물(운동기구 등)",
        "DETAIL_SPO" : "철봉",
        "ETC_MATTER" : " ",
        "MNTN_NM" : "아미산",
        "PAST_SPOT_" : "4473023010017",
        "MNTN_ID" : "447302301"
      },
      "geometry" : {
        "x" : 229745.77690000087,
        "y" : 441717.65909999982
      }
    },
    {
      "attributes" : {
        "FID" : 17,
        "PMNTN_SPOT" : 57540,
        "MNTN_CODE" : "447302301",
        "MANAGE_SP1" : "05",
        "MANAGE_SP2" : "벤치",
        "DETAIL_SPO" : "벤치",
        "ETC_MATTER" : " ",
        "MNTN_NM" : "아미산",
        "PAST_SPOT_" : "4473023010018",
        "MNTN_ID" : "447302301"
      },
      "geometry" : {
        "x" : 229747.27489999961,
        "y" : 441714.03680000454
      }
    },
    {
      "attributes" : {
        "FID" : 18,
        "PMNTN_SPOT" : 57541,
        "MNTN_CODE" : "447302301",
        "MANAGE_SP1" : "07",
        "MANAGE_SP2" : "시설물(운동기구 등)",
        "DETAIL_SPO" : "허리돌리기",
        "ETC_MATTER" : " ",
        "MNTN_NM" : "아미산",
        "PAST_SPOT_" : "4473023010019",
        "MNTN_ID" : "447302301"
      },
      "geometry" : {
        "x" : 229752.88230000064,
        "y" : 441717.48840000108
      }
    },
    {
      "attributes" : {
        "FID" : 19,
        "PMNTN_SPOT" : 57542,
        "MNTN_CODE" : "447302301",
        "MANAGE_SP1" : "05",
        "MANAGE_SP2" : "벤치",
        "DETAIL_SPO" : "벤치",
        "ETC_MATTER" : " ",
        "MNTN_NM" : "아미산",
        "PAST_SPOT_" : "4473023010020",
        "MNTN_ID" : "447302301"
      },
      "geometry" : {
        "x" : 229755.30030000117,
        "y" : 441712.52979999967
      }
    },
    {
      "attributes" : {
        "FID" : 20,
        "PMNTN_SPOT" : 57543,
        "MNTN_CODE" : "447302301",
        "MANAGE_SP1" : "14",
        "MANAGE_SP2" : "조망점",
        "DETAIL_SPO" : "조망점",
        "ETC_MATTER" : " ",
        "MNTN_NM" : "아미산",
        "PAST_SPOT_" : "4473023010021",
        "MNTN_ID" : "447302301"
      },
      "geometry" : {
        "x" : 229758.84889999963,
        "y" : 441701.67780000158
      }
    },
    {
      "attributes" : {
        "FID" : 21,
        "PMNTN_SPOT" : 57544,
        "MNTN_CODE" : "447302301",
        "MANAGE_SP1" : "99",
        "MANAGE_SP2" : "기타",
        "DETAIL_SPO" : "계단시점",
        "ETC_MATTER" : " ",
        "MNTN_NM" : "아미산",
        "PAST_SPOT_" : "4473023010022",
        "MNTN_ID" : "447302301"
      },
      "geometry" : {
        "x" : 229768.29990000091,
        "y" : 441697.97130000032
      }
    },
    {
      "attributes" : {
        "FID" : 22,
        "PMNTN_SPOT" : 57545,
        "MNTN_CODE" : "447302301",
        "MANAGE_SP1" : "99",
        "MANAGE_SP2" : "기타",
        "DETAIL_SPO" : "계단종점",
        "ETC_MATTER" : " ",
        "MNTN_NM" : "아미산",
        "PAST_SPOT_" : "4473023010023",
        "MNTN_ID" : "447302301"
      },
      "geometry" : {
        "x" : 229768.29990000091,
        "y" : 441682.80050000176
      }
    },
    {
      "attributes" : {
        "FID" : 23,
        "PMNTN_SPOT" : 57546,
        "MNTN_CODE" : "447302301",
        "MANAGE_SP1" : "14",
        "MANAGE_SP2" : "조망점",
        "DETAIL_SPO" : "조망점",
        "ETC_MATTER" : " ",
        "MNTN_NM" : "아미산",
        "PAST_SPOT_" : "4473023010024",
        "MNTN_ID" : "447302301"
      },
      "geometry" : {
        "x" : 229776.31479999982,
        "y" : 441560.67130000331
      }
    },
    {
      "attributes" : {
        "FID" : 24,
        "PMNTN_SPOT" : 57547,
        "MNTN_CODE" : "447302301",
        "MANAGE_SP1" : "05",
        "MANAGE_SP2" : "벤치",
        "DETAIL_SPO" : "벤치",
        "ETC_MATTER" : " ",
        "MNTN_NM" : "아미산",
        "PAST_SPOT_" : "4473023010025",
        "MNTN_ID" : "447302301"
      },
      "geometry" : {
        "x" : 229782.9477000013,
        "y" : 441538.83570000157
      }
    },
    {
      "attributes" : {
        "FID" : 25,
        "PMNTN_SPOT" : 57548,
        "MNTN_CODE" : "447302301",
        "MANAGE_SP1" : "15",
        "MANAGE_SP2" : "훼손지",
        "DETAIL_SPO" : "훼손지시점",
        "ETC_MATTER" : " ",
        "MNTN_NM" : "아미산",
        "PAST_SPOT_" : "4473023010026",
        "MNTN_ID" : "447302301"
      },
      "geometry" : {
        "x" : 229792.050400001,
        "y" : 441453.72110000253
      }
    },
    {
      "attributes" : {
        "FID" : 26,
        "PMNTN_SPOT" : 57549,
        "MNTN_CODE" : "447302301",
        "MANAGE_SP1" : "15",
        "MANAGE_SP2" : "훼손지",
        "DETAIL_SPO" : "훼손지종점",
        "ETC_MATTER" : " ",
        "MNTN_NM" : "아미산",
        "PAST_SPOT_" : "4473023010027",
        "MNTN_ID" : "447302301"
      },
      "geometry" : {
        "x" : 229787.74340000097,
        "y" : 441388.81870000064
      }
    },
    {
      "attributes" : {
        "FID" : 27,
        "PMNTN_SPOT" : 57550,
        "MNTN_CODE" : "447302301",
        "MANAGE_SP1" : "99",
        "MANAGE_SP2" : "기타",
        "DETAIL_SPO" : "산길입구",
        "ETC_MATTER" : " ",
        "MNTN_NM" : "아미산",
        "PAST_SPOT_" : "4473023010028",
        "MNTN_ID" : "447302301"
      },
      "geometry" : {
        "x" : 229772.0624000011,
        "y" : 441349.84679999948
      }
    },
    {
      "attributes" : {
        "FID" : 28,
        "PMNTN_SPOT" : 57551,
        "MNTN_CODE" : "447302301",
        "MANAGE_SP1" : "99",
        "MANAGE_SP2" : "기타",
        "DETAIL_SPO" : "마을회관",
        "ETC_MATTER" : " ",
        "MNTN_NM" : "아미산",
        "PAST_SPOT_" : "4473023010029",
        "MNTN_ID" : "447302301"
      },
      "geometry" : {
        "x" : 229676.6742000021,
        "y" : 441218.56140000001
      }
    },
    {
      "attributes" : {
        "FID" : 29,
        "PMNTN_SPOT" : 57552,
        "MNTN_CODE" : "447302301",
        "MANAGE_SP1" : "99",
        "MANAGE_SP2" : "기타",
        "DETAIL_SPO" : "마을입구",
        "ETC_MATTER" : " ",
        "MNTN_NM" : "아미산",
        "PAST_SPOT_" : "4473023010030",
        "MNTN_ID" : "447302301"
      },
      "geometry" : {
        "x" : 228830.80520000216,
        "y" : 442299.96470000222
      }
    },
    {
      "attributes" : {
        "FID" : 30,
        "PMNTN_SPOT" : 57553,
        "MNTN_CODE" : "447302301",
        "MANAGE_SP1" : "99",
        "MANAGE_SP2" : "기타",
        "DETAIL_SPO" : "오충각",
        "ETC_MATTER" : " ",
        "MNTN_NM" : "아미산",
        "PAST_SPOT_" : "4473023010031",
        "MNTN_ID" : "447302301"
      },
      "geometry" : {
        "x" : 228860.49840000179,
        "y" : 442357.9849000033
      }
    },
    {
      "attributes" : {
        "FID" : 31,
        "PMNTN_SPOT" : 57554,
        "MNTN_CODE" : "447302301",
        "MANAGE_SP1" : "03",
        "MANAGE_SP2" : "정자",
        "DETAIL_SPO" : "정자",
        "ETC_MATTER" : " ",
        "MNTN_NM" : "아미산",
        "PAST_SPOT_" : "4473023010032",
        "MNTN_ID" : "447302301"
      },
      "geometry" : {
        "x" : 228859.8367000008,
        "y" : 442365.14479999989
      }
    },
    {
      "attributes" : {
        "FID" : 32,
        "PMNTN_SPOT" : 57555,
        "MNTN_CODE" : "447302301",
        "MANAGE_SP1" : "11",
        "MANAGE_SP2" : "안내판또는지도",
        "DETAIL_SPO" : "안내문",
        "ETC_MATTER" : " ",
        "MNTN_NM" : "아미산",
        "PAST_SPOT_" : "4473023010033",
        "MNTN_ID" : "447302301"
      },
      "geometry" : {
        "x" : 228862.92279999983,
        "y" : 442348.66349999979
      }
    },
    {
      "attributes" : {
        "FID" : 33,
        "PMNTN_SPOT" : 57556,
        "MNTN_CODE" : "447302301",
        "MANAGE_SP1" : "99",
        "MANAGE_SP2" : "기타",
        "DETAIL_SPO" : "마을전경",
        "ETC_MATTER" : " ",
        "MNTN_NM" : "아미산",
        "PAST_SPOT_" : "4473023010034",
        "MNTN_ID" : "447302301"
      },
      "geometry" : {
        "x" : 228892.74390000012,
        "y" : 442310.39490000159
      }
    },
    {
      "attributes" : {
        "FID" : 34,
        "PMNTN_SPOT" : 57557,
        "MNTN_CODE" : "447302301",
        "MANAGE_SP1" : "99",
        "MANAGE_SP2" : "기타",
        "DETAIL_SPO" : "산길전경",
        "ETC_MATTER" : " ",
        "MNTN_NM" : "아미산",
        "PAST_SPOT_" : "4473023010035",
        "MNTN_ID" : "447302301"
      },
      "geometry" : {
        "x" : 229073.33620000072,
        "y" : 442160.03930000402
      }
    },
    {
      "attributes" : {
        "FID" : 35,
        "PMNTN_SPOT" : 57558,
        "MNTN_CODE" : "447302301",
        "MANAGE_SP1" : "99",
        "MANAGE_SP2" : "기타",
        "DETAIL_SPO" : "산길전경",
        "ETC_MATTER" : " ",
        "MNTN_NM" : "아미산",
        "PAST_SPOT_" : "4473023010036",
        "MNTN_ID" : "447302301"
      },
      "geometry" : {
        "x" : 229169.46300000139,
        "y" : 442141.57550000213
      }
    },
    {
      "attributes" : {
        "FID" : 36,
        "PMNTN_SPOT" : 57559,
        "MNTN_CODE" : "447302301",
        "MANAGE_SP1" : "99",
        "MANAGE_SP2" : "기타",
        "DETAIL_SPO" : "산길전경",
        "ETC_MATTER" : " ",
        "MNTN_NM" : "아미산",
        "PAST_SPOT_" : "4473023010037",
        "MNTN_ID" : "447302301"
      },
      "geometry" : {
        "x" : 229232.59300000127,
        "y" : 442068.74490000121
      }
    },
    {
      "attributes" : {
        "FID" : 37,
        "PMNTN_SPOT" : 57560,
        "MNTN_CODE" : "447302301",
        "MANAGE_SP1" : "99",
        "MANAGE_SP2" : "기타",
        "DETAIL_SPO" : "산길전경",
        "ETC_MATTER" : " ",
        "MNTN_NM" : "아미산",
        "PAST_SPOT_" : "4473023010038",
        "MNTN_ID" : "447302301"
      },
      "geometry" : {
        "x" : 229320.19310000166,
        "y" : 442003.45780000463
      }
    },
    {
      "attributes" : {
        "FID" : 38,
        "PMNTN_SPOT" : 57561,
        "MNTN_CODE" : "447302301",
        "MANAGE_SP1" : "99",
        "MANAGE_SP2" : "기타",
        "DETAIL_SPO" : "마을농로",
        "ETC_MATTER" : " ",
        "MNTN_NM" : "아미산",
        "PAST_SPOT_" : "4473023010039",
        "MNTN_ID" : "447302301"
      },
      "geometry" : {
        "x" : 229311.74020000082,
        "y" : 441881.70000000112
      }
    },
    {
      "attributes" : {
        "FID" : 39,
        "PMNTN_SPOT" : 57562,
        "MNTN_CODE" : "447302301",
        "MANAGE_SP1" : "01",
        "MANAGE_SP2" : "시종점",
        "DETAIL_SPO" : "시종점",
        "ETC_MATTER" : " ",
        "MNTN_NM" : "아미산",
        "PAST_SPOT_" : "4473023010040",
        "MNTN_ID" : "447302301"
      },
      "geometry" : {
        "x" : 228815.24550000019,
        "y" : 442302.2154000029
      }
    },
    {
      "attributes" : {
        "FID" : 40,
        "PMNTN_SPOT" : 57563,
        "MNTN_CODE" : "447302301",
        "MANAGE_SP1" : "01",
        "MANAGE_SP2" : "시종점",
        "DETAIL_SPO" : "시종점",
        "ETC_MATTER" : " ",
        "MNTN_NM" : "아미산",
        "PAST_SPOT_" : "4473023010041",
        "MNTN_ID" : "447302301"
      },
      "geometry" : {
        "x" : 228899.94230000116,
        "y" : 441687.96740000136
      }
    },
    {
      "attributes" : {
        "FID" : 41,
        "PMNTN_SPOT" : 57564,
        "MNTN_CODE" : "447302301",
        "MANAGE_SP1" : "01",
        "MANAGE_SP2" : "시종점",
        "DETAIL_SPO" : "시종점",
        "ETC_MATTER" : " ",
        "MNTN_NM" : "아미산",
        "PAST_SPOT_" : "4473023010042",
        "MNTN_ID" : "447302301"
      },
      "geometry" : {
        "x" : 229304.45720000193,
        "y" : 441414.95220000111
      }
    },
    {
      "attributes" : {
        "FID" : 42,
        "PMNTN_SPOT" : 57565,
        "MNTN_CODE" : "447302301",
        "MANAGE_SP1" : "01",
        "MANAGE_SP2" : "시종점",
        "DETAIL_SPO" : "시종점",
        "ETC_MATTER" : " ",
        "MNTN_NM" : "아미산",
        "PAST_SPOT_" : "4473023010043",
        "MNTN_ID" : "447302301"
      },
      "geometry" : {
        "x" : 229685.16710000113,
        "y" : 441214.63700000197
      }
    },
    {
      "attributes" : {
        "FID" : 43,
        "PMNTN_SPOT" : 97905,
        "MNTN_CODE" : "447302301",
        "MANAGE_SP1" : "10",
        "MANAGE_SP2" : "이정표",
        "DETAIL_SPO" : "이정표",
        "ETC_MATTER" : " ",
        "MNTN_NM" : "아미산",
        "PAST_SPOT_" : "4473023010044",
        "MNTN_ID" : "447302301"
      },
      "geometry" : {
        "x" : 229356.7318000003,
        "y" : 441626.52639999986
      }
    },
    {
      "attributes" : {
        "FID" : 44,
        "PMNTN_SPOT" : 97906,
        "MNTN_CODE" : "447302301",
        "MANAGE_SP1" : "99",
        "MANAGE_SP2" : "기타",
        "DETAIL_SPO" : "사찰",
        "ETC_MATTER" : " ",
        "MNTN_NM" : "아미산",
        "PAST_SPOT_" : "4473023010045",
        "MNTN_ID" : "447302301"
      },
      "geometry" : {
        "x" : 229351.83560000066,
        "y" : 441775.23179999809
      }
    },
    {
      "attributes" : {
        "FID" : 45,
        "PMNTN_SPOT" : 97907,
        "MNTN_CODE" : "447302301",
        "MANAGE_SP1" : "15",
        "MANAGE_SP2" : "훼손지",
        "DETAIL_SPO" : "훼손지",
        "ETC_MATTER" : " ",
        "MNTN_NM" : "아미산",
        "PAST_SPOT_" : "4473023010046",
        "MNTN_ID" : "447302301"
      },
      "geometry" : {
        "x" : 229792.82049999959,
        "y" : 441404.64880000066
      }
    },
    {
      "attributes" : {
        "FID" : 46,
        "PMNTN_SPOT" : 97908,
        "MNTN_CODE" : "447302301",
        "MANAGE_SP1" : "09",
        "MANAGE_SP2" : "기타건물",
        "DETAIL_SPO" : "마을회관",
        "ETC_MATTER" : " ",
        "MNTN_NM" : "아미산",
        "PAST_SPOT_" : "4473023010047",
        "MNTN_ID" : "447302301"
      },
      "geometry" : {
        "x" : 229647.43520000132,
        "y" : 441194.63949999958
      }
    },
    {
      "attributes" : {
        "FID" : 47,
        "PMNTN_SPOT" : 97909,
        "MNTN_CODE" : "447302301",
        "MANAGE_SP1" : "16",
        "MANAGE_SP2" : "주요나무",
        "DETAIL_SPO" : "주요나무",
        "ETC_MATTER" : " ",
        "MNTN_NM" : "아미산",
        "PAST_SPOT_" : "4473023010048",
        "MNTN_ID" : "447302301"
      },
      "geometry" : {
        "x" : 228815.44949999943,
        "y" : 442301.95030000003
      }
    },
    {
      "attributes" : {
        "FID" : 48,
        "PMNTN_SPOT" : 97910,
        "MNTN_CODE" : "447302301",
        "MANAGE_SP1" : "14",
        "MANAGE_SP2" : "조망점",
        "DETAIL_SPO" : "조망점",
        "ETC_MATTER" : " ",
        "MNTN_NM" : "아미산",
        "PAST_SPOT_" : "4473023010049",
        "MNTN_ID" : "447302301"
      },
      "geometry" : {
        "x" : 228942.30069999886,
        "y" : 442270.56479999999
      }
    },
    {
      "attributes" : {
        "FID" : 49,
        "PMNTN_SPOT" : 97911,
        "MNTN_CODE" : "447302301",
        "MANAGE_SP1" : "99",
        "MANAGE_SP2" : "기타",
        "DETAIL_SPO" : "마을농로",
        "ETC_MATTER" : " ",
        "MNTN_NM" : "아미산",
        "PAST_SPOT_" : "4473023010050",
        "MNTN_ID" : "447302301"
      },
      "geometry" : {
        "x" : 228896.12320000085,
        "y" : 441694.91520000045
      }
    }
  ]
}