{
  "displayFieldName" : "",
  "fieldAliases" : {
    "FID" : "FID",
    "PMNTN_SN" : "PMNTN_SN",
    "MNTN_CODE" : "MNTN_CODE",
    "MNTN_NM" : "MNTN_NM",
    "PMNTN_NM" : "PMNTN_NM",
    "PMNTN_MAIN" : "PMNTN_MAIN",
    "PMNTN_LT" : "PMNTN_LT",
    "PMNTN_DFFL" : "PMNTN_DFFL",
    "PMNTN_UPPL" : "PMNTN_UPPL",
    "PMNTN_GODN" : "PMNTN_GODN",
    "PMNTN_MTRQ" : "PMNTN_MTRQ",
    "PMNTN_CNRL" : "PMNTN_CNRL",
    "PMNTN_CLS_" : "PMNTN_CLS_",
    "PMNTN_RISK" : "PMNTN_RISK",
    "PMNTN_RECO" : "PMNTN_RECO",
    "DATA_STDR_" : "DATA_STDR_",
    "MNTN_ID" : "MNTN_ID"
  },
  "geometryType" : "esriGeometryPolyline",
  "spatialReference" : {
    "wkt" : "PROJCS[\"PCS_ITRF2000_TM\",GEOGCS[\"GCS_ITRF_2000\",DATUM[\"D_ITRF_2000\",SPHEROID[\"GRS_1980\",6378137.0,298.257222101]],PRIMEM[\"Greenwich\",0.0],UNIT[\"Degree\",0.0174532925199433]],PROJECTION[\"Transverse_Mercator\"],PARAMETER[\"False_Easting\",200000.0],PARAMETER[\"False_Northing\",600000.0],PARAMETER[\"Central_Meridian\",127.0],PARAMETER[\"Scale_Factor\",1.0],PARAMETER[\"Latitude_Of_Origin\",38.0],UNIT[\"Meter\",1.0]]"
  },
  "fields" : [
    {
      "name" : "FID",
      "type" : "esriFieldTypeOID",
      "alias" : "FID"
    },
    {
      "name" : "PMNTN_SN",
      "type" : "esriFieldTypeDouble",
      "alias" : "PMNTN_SN"
    },
    {
      "name" : "MNTN_CODE",
      "type" : "esriFieldTypeString",
      "alias" : "MNTN_CODE",
      "length" : 9
    },
    {
      "name" : "MNTN_NM",
      "type" : "esriFieldTypeString",
      "alias" : "MNTN_NM",
      "length" : 50
    },
    {
      "name" : "PMNTN_NM",
      "type" : "esriFieldTypeString",
      "alias" : "PMNTN_NM",
      "length" : 50
    },
    {
      "name" : "PMNTN_MAIN",
      "type" : "esriFieldTypeString",
      "alias" : "PMNTN_MAIN",
      "length" : 200
    },
    {
      "name" : "PMNTN_LT",
      "type" : "esriFieldTypeSingle",
      "alias" : "PMNTN_LT"
    },
    {
      "name" : "PMNTN_DFFL",
      "type" : "esriFieldTypeString",
      "alias" : "PMNTN_DFFL",
      "length" : 8
    },
    {
      "name" : "PMNTN_UPPL",
      "type" : "esriFieldTypeDouble",
      "alias" : "PMNTN_UPPL"
    },
    {
      "name" : "PMNTN_GODN",
      "type" : "esriFieldTypeDouble",
      "alias" : "PMNTN_GODN"
    },
    {
      "name" : "PMNTN_MTRQ",
      "type" : "esriFieldTypeString",
      "alias" : "PMNTN_MTRQ",
      "length" : 200
    },
    {
      "name" : "PMNTN_CNRL",
      "type" : "esriFieldTypeString",
      "alias" : "PMNTN_CNRL",
      "length" : 1
    },
    {
      "name" : "PMNTN_CLS_",
      "type" : "esriFieldTypeString",
      "alias" : "PMNTN_CLS_",
      "length" : 1
    },
    {
      "name" : "PMNTN_RISK",
      "type" : "esriFieldTypeString",
      "alias" : "PMNTN_RISK",
      "length" : 200
    },
    {
      "name" : "PMNTN_RECO",
      "type" : "esriFieldTypeString",
      "alias" : "PMNTN_RECO",
      "length" : 1
    },
    {
      "name" : "DATA_STDR_",
      "type" : "esriFieldTypeString",
      "alias" : "DATA_STDR_",
      "length" : 10
    },
    {
      "name" : "MNTN_ID",
      "type" : "esriFieldTypeString",
      "alias" : "MNTN_ID",
      "length" : 10
    }
  ],
  "features" : [
    {
      "attributes" : {
        "FID" : 0,
        "PMNTN_SN" : 37396,
        "MNTN_CODE" : "301104901",
        "MNTN_NM" : "언애바위산",
        "PMNTN_NM" : "자양동구간",
        "PMNTN_MAIN" : " ",
        "PMNTN_LT" : 0.28,
        "PMNTN_DFFL" : "쉬움",
        "PMNTN_UPPL" : 5,
        "PMNTN_GODN" : 3,
        "PMNTN_MTRQ" : " ",
        "PMNTN_CNRL" : " ",
        "PMNTN_CLS_" : " ",
        "PMNTN_RISK" : " ",
        "PMNTN_RECO" : " ",
        "DATA_STDR_" : "2016-12-31",
        "MNTN_ID" : "301104901"
      },
      "geometry" : {
        "paths" : [
          [
            [
              240589.41660000291,
              414896.86260000244
            ],
            [
              240590.99100000318,
              414900.53920000419
            ],
            [
              240597.82070000097,
              414906.17750000209
            ],
            [
              240600.022400002,
              414913.16600000113
            ],
            [
              240599.66750000138,
              414918.81980000064
            ],
            [
              240594.49570000172,
              414922.54780000262
            ],
            [
              240588.9307000041,
              414923.51410000026
            ],
            [
              240583.80590000283,
              414929.15040000156
            ],
            [
              240581.52840000018,
              414935.76150000095
            ],
            [
              240581.82230000384,
              414953.77080000006
            ],
            [
              240583.27410000004,
              414959.75530000031
            ],
            [
              240579.70750000142,
              414964.85019999929
            ],
            [
              240572.86479999963,
              414976.69629999995
            ],
            [
              240563.3713999996,
              414991.91579999961
            ],
            [
              240557.98920000345,
              415002.20190000348
            ],
            [
              240550.21340000257,
              415013.67790000141
            ],
            [
              240544.57259999961,
              415022.00290000252
            ],
            [
              240540.51139999926,
              415028.6425999999
            ],
            [
              240539.88439999986,
              415033.85830000229
            ],
            [
              240542.38830000069,
              415048.8264000006
            ],
            [
              240542.21879999992,
              415054.12109999917
            ],
            [
              240545.95930000022,
              415068.67219999991
            ],
            [
              240551.83240000252,
              415070.86280000396
            ],
            [
              240564.53650000039,
              415076.42879999988
            ],
            [
              240576.92119999975,
              415081.85490000248
            ],
            [
              240584.99849999975,
              415086.82539999858
            ],
            [
              240594.01730000041,
              415090.78260000236
            ],
            [
              240603.97940000053,
              415090.03730000183
            ],
            [
              240612.17610000167,
              415090.15680000186
            ],
            [
              240620.5326000005,
              415094.64610000327
            ]
          ]
        ]
      }
    },
    {
      "attributes" : {
        "FID" : 1,
        "PMNTN_SN" : 37397,
        "MNTN_CODE" : "301104901",
        "MNTN_NM" : "언애바위산",
        "PMNTN_NM" : "용운동구간",
        "PMNTN_MAIN" : " ",
        "PMNTN_LT" : 0.14,
        "PMNTN_DFFL" : "쉬움",
        "PMNTN_UPPL" : 2,
        "PMNTN_GODN" : 2,
        "PMNTN_MTRQ" : " ",
        "PMNTN_CNRL" : " ",
        "PMNTN_CLS_" : " ",
        "PMNTN_RISK" : " ",
        "PMNTN_RECO" : " ",
        "DATA_STDR_" : "2016-12-31",
        "MNTN_ID" : "301104901"
      },
      "geometry" : {
        "paths" : [
          [
            [
              240625.1063000001,
              414893.7359000016
            ],
            [
              240636.93960000109,
              414881.17139999755
            ],
            [
              240650.48540000059,
              414864.58950000443
            ],
            [
              240661.10319999978,
              414840.55900000036
            ],
            [
              240667.37180000078,
              414833.57410000078
            ],
            [
              240670.91810000129,
              414819.82530000433
            ],
            [
              240676.96030000132,
              414809.78400000185
            ],
            [
              240687.64989999961,
              414802.1436999999
            ],
            [
              240697.1325000003,
              414797.5800999999
            ],
            [
              240699.82930000126,
              414788.8694000002
            ],
            [
              240698.83800000418,
              414778.03860000148
            ]
          ]
        ]
      }
    },
    {
      "attributes" : {
        "FID" : 2,
        "PMNTN_SN" : 37398,
        "MNTN_CODE" : "301104901",
        "MNTN_NM" : "언애바위산",
        "PMNTN_NM" : "대동구간",
        "PMNTN_MAIN" : " ",
        "PMNTN_LT" : 0.15,
        "PMNTN_DFFL" : "쉬움",
        "PMNTN_UPPL" : 3,
        "PMNTN_GODN" : 2,
        "PMNTN_MTRQ" : " ",
        "PMNTN_CNRL" : " ",
        "PMNTN_CLS_" : " ",
        "PMNTN_RISK" : " ",
        "PMNTN_RECO" : " ",
        "DATA_STDR_" : "2016-12-31",
        "MNTN_ID" : "301104901"
      },
      "geometry" : {
        "paths" : [
          [
            [
              240589.41660000291,
              414896.86260000244
            ],
            [
              240589.18809999991,
              414889.35130000114
            ],
            [
              240585.2117999997,
              414875.02380000241
            ],
            [
              240580.02230000123,
              414862.55930000171
            ],
            [
              240578.06730000023,
              414852.5457000006
            ],
            [
              240578.63860000018,
              414846.066300001
            ],
            [
              240576.02060000319,
              414840.12690000236
            ],
            [
              240571.83270000108,
              414838.41910000145
            ],
            [
              240566.17520000134,
              414836.11180000193
            ],
            [
              240560.61580000073,
              414826.65000000037
            ],
            [
              240556.2611999996,
              414814.11350000277
            ],
            [
              240552.19490000047,
              414804.84450000152
            ],
            [
              240549.5763000017,
              414795.90050000325
            ],
            [
              240544.94260000065,
              414792.08480000123
            ],
            [
              240537.39300000016,
              414796.5416000057
            ],
            [
              240528.62880000006,
              414795.14130000025
            ],
            [
              240521.07880000025,
              414792.29890000261
            ]
          ]
        ]
      }
    },
    {
      "attributes" : {
        "FID" : 3,
        "PMNTN_SN" : 37399,
        "MNTN_CODE" : "301104901",
        "MNTN_NM" : "언애바위산",
        "PMNTN_NM" : "대동구간",
        "PMNTN_MAIN" : " ",
        "PMNTN_LT" : 0.04,
        "PMNTN_DFFL" : "쉬움",
        "PMNTN_UPPL" : 1,
        "PMNTN_GODN" : 0,
        "PMNTN_MTRQ" : " ",
        "PMNTN_CNRL" : " ",
        "PMNTN_CLS_" : " ",
        "PMNTN_RISK" : " ",
        "PMNTN_RECO" : " ",
        "DATA_STDR_" : "2016-12-31",
        "MNTN_ID" : "301104901"
      },
      "geometry" : {
        "paths" : [
          [
            [
              240625.1063000001,
              414893.7359000016
            ],
            [
              240625.1063000001,
              414893.7359000016
            ],
            [
              240614.52310000081,
              414896.2752000019
            ],
            [
              240600.93900000397,
              414899.42380000092
            ],
            [
              240589.41660000291,
              414896.86260000244
            ]
          ]
        ]
      }
    },
    {
      "attributes" : {
        "FID" : 4,
        "PMNTN_SN" : 37400,
        "MNTN_CODE" : "301104901",
        "MNTN_NM" : "언애바위산",
        "PMNTN_NM" : "용운동구간",
        "PMNTN_MAIN" : " ",
        "PMNTN_LT" : 0.25,
        "PMNTN_DFFL" : "쉬움",
        "PMNTN_UPPL" : 4,
        "PMNTN_GODN" : 3,
        "PMNTN_MTRQ" : " ",
        "PMNTN_CNRL" : " ",
        "PMNTN_CLS_" : " ",
        "PMNTN_RISK" : " ",
        "PMNTN_RECO" : " ",
        "DATA_STDR_" : "2016-12-31",
        "MNTN_ID" : "301104901"
      },
      "geometry" : {
        "paths" : [
          [
            [
              240813.65510000102,
              414954.90670000017
            ],
            [
              240775.75210000202,
              414957.61380000226
            ],
            [
              240760.300400001,
              414955.56519999914
            ],
            [
              240748.33790000156,
              414963.81030000187
            ],
            [
              240744.52340000123,
              414971.81090000272
            ],
            [
              240735.24460000079,
              414979.61739999987
            ],
            [
              240722.6389000006,
              414978.75720000081
            ],
            [
              240711.29800000135,
              414973.95659999922
            ],
            [
              240700.91780000087,
              414966.4729999993
            ],
            [
              240690.38409999944,
              414964.86050000042
            ],
            [
              240679.91249999963,
              414965.34950000048
            ],
            [
              240674.99190000165,
              414966.96020000242
            ],
            [
              240666.01979999989,
              414968.06140000187
            ],
            [
              240660.00840000063,
              414964.17190000229
            ],
            [
              240653.86500000209,
              414949.60840000026
            ],
            [
              240652.82210000139,
              414941.38080000132
            ],
            [
              240646.72740000207,
              414930.95030000061
            ],
            [
              240637.73660000041,
              414921.90060000122
            ],
            [
              240631.96750000119,
              414907.55870000273
            ],
            [
              240625.1063000001,
              414893.7359000016
            ]
          ]
        ]
      }
    }
  ]
}