{
  "displayFieldName" : "",
  "fieldAliases" : {
    "FID" : "FID",
    "PMNTN_SPOT" : "PMNTN_SPOT",
    "MNTN_CODE" : "MNTN_CODE",
    "MANAGE_SP1" : "MANAGE_SP1",
    "MANAGE_SP2" : "MANAGE_SP2",
    "DETAIL_SPO" : "DETAIL_SPO",
    "ETC_MATTER" : "ETC_MATTER",
    "MNTN_NM" : "MNTN_NM",
    "PAST_SPOT_" : "PAST_SPOT_",
    "MNTN_ID" : "MNTN_ID"
  },
  "geometryType" : "esriGeometryPoint",
  "spatialReference" : {
    "wkt" : "PROJCS[\"PCS_ITRF2000_TM\",GEOGCS[\"GCS_ITRF_2000\",DATUM[\"D_ITRF_2000\",SPHEROID[\"GRS_1980\",6378137.0,298.257222101]],PRIMEM[\"Greenwich\",0.0],UNIT[\"Degree\",0.0174532925199433]],PROJECTION[\"Transverse_Mercator\"],PARAMETER[\"False_Easting\",200000.0],PARAMETER[\"False_Northing\",600000.0],PARAMETER[\"Central_Meridian\",127.0],PARAMETER[\"Scale_Factor\",1.0],PARAMETER[\"Latitude_Of_Origin\",38.0],UNIT[\"Meter\",1.0]]"
  },
  "fields" : [
    {
      "name" : "FID",
      "type" : "esriFieldTypeOID",
      "alias" : "FID"
    },
    {
      "name" : "PMNTN_SPOT",
      "type" : "esriFieldTypeDouble",
      "alias" : "PMNTN_SPOT"
    },
    {
      "name" : "MNTN_CODE",
      "type" : "esriFieldTypeString",
      "alias" : "MNTN_CODE",
      "length" : 9
    },
    {
      "name" : "MANAGE_SP1",
      "type" : "esriFieldTypeString",
      "alias" : "MANAGE_SP1",
      "length" : 2
    },
    {
      "name" : "MANAGE_SP2",
      "type" : "esriFieldTypeString",
      "alias" : "MANAGE_SP2",
      "length" : 50
    },
    {
      "name" : "DETAIL_SPO",
      "type" : "esriFieldTypeString",
      "alias" : "DETAIL_SPO",
      "length" : 200
    },
    {
      "name" : "ETC_MATTER",
      "type" : "esriFieldTypeString",
      "alias" : "ETC_MATTER",
      "length" : 200
    },
    {
      "name" : "MNTN_NM",
      "type" : "esriFieldTypeString",
      "alias" : "MNTN_NM",
      "length" : 50
    },
    {
      "name" : "PAST_SPOT_",
      "type" : "esriFieldTypeString",
      "alias" : "PAST_SPOT_",
      "length" : 14
    },
    {
      "name" : "MNTN_ID",
      "type" : "esriFieldTypeString",
      "alias" : "MNTN_ID",
      "length" : 10
    }
  ],
  "features" : [
    {
      "attributes" : {
        "FID" : 0,
        "PMNTN_SPOT" : 76673,
        "MNTN_CODE" : "472901301",
        "MANAGE_SP1" : "01",
        "MANAGE_SP2" : "시종점",
        "DETAIL_SPO" : "시종점",
        "ETC_MATTER" : " ",
        "MNTN_NM" : "장군산",
        "PAST_SPOT_" : "4729013010001",
        "MNTN_ID" : "472901301"
      },
      "geometry" : {
        "x" : 357611.90280001517,
        "y" : 370603.27859999985
      }
    },
    {
      "attributes" : {
        "FID" : 1,
        "PMNTN_SPOT" : 76674,
        "MNTN_CODE" : "472901301",
        "MANAGE_SP1" : "02",
        "MANAGE_SP2" : "분기점",
        "DETAIL_SPO" : "분기점",
        "ETC_MATTER" : " ",
        "MNTN_NM" : "장군산",
        "PAST_SPOT_" : "4729013010002",
        "MNTN_ID" : "472901301"
      },
      "geometry" : {
        "x" : 359002.49050001707,
        "y" : 370246.41420000046
      }
    },
    {
      "attributes" : {
        "FID" : 2,
        "PMNTN_SPOT" : 76675,
        "MNTN_CODE" : "472901301",
        "MANAGE_SP1" : "01",
        "MANAGE_SP2" : "시종점",
        "DETAIL_SPO" : "시종점",
        "ETC_MATTER" : " ",
        "MNTN_NM" : "장군산",
        "PAST_SPOT_" : "4729013010003",
        "MNTN_ID" : "472901301"
      },
      "geometry" : {
        "x" : 359252.57670001872,
        "y" : 370997.56270000711
      }
    },
    {
      "attributes" : {
        "FID" : 3,
        "PMNTN_SPOT" : 76676,
        "MNTN_CODE" : "472901301",
        "MANAGE_SP1" : "02",
        "MANAGE_SP2" : "분기점",
        "DETAIL_SPO" : "분기점",
        "ETC_MATTER" : " ",
        "MNTN_NM" : "장군산",
        "PAST_SPOT_" : "4729013010004",
        "MNTN_ID" : "472901301"
      },
      "geometry" : {
        "x" : 360145.23310001753,
        "y" : 369994.54800000228
      }
    },
    {
      "attributes" : {
        "FID" : 4,
        "PMNTN_SPOT" : 76677,
        "MNTN_CODE" : "472901301",
        "MANAGE_SP1" : "01",
        "MANAGE_SP2" : "시종점",
        "DETAIL_SPO" : "시종점",
        "ETC_MATTER" : " ",
        "MNTN_NM" : "장군산",
        "PAST_SPOT_" : "4729013010005",
        "MNTN_ID" : "472901301"
      },
      "geometry" : {
        "x" : 360242.24160001893,
        "y" : 370342.53270000592
      }
    },
    {
      "attributes" : {
        "FID" : 5,
        "PMNTN_SPOT" : 76678,
        "MNTN_CODE" : "472901301",
        "MANAGE_SP1" : "02",
        "MANAGE_SP2" : "분기점",
        "DETAIL_SPO" : "분기점",
        "ETC_MATTER" : " ",
        "MNTN_NM" : "장군산",
        "PAST_SPOT_" : "4729013010006",
        "MNTN_ID" : "472901301"
      },
      "geometry" : {
        "x" : 361223.00660001952,
        "y" : 369928.68910000101
      }
    },
    {
      "attributes" : {
        "FID" : 6,
        "PMNTN_SPOT" : 76679,
        "MNTN_CODE" : "472901301",
        "MANAGE_SP1" : "02",
        "MANAGE_SP2" : "분기점",
        "DETAIL_SPO" : "분기점",
        "ETC_MATTER" : " ",
        "MNTN_NM" : "장군산",
        "PAST_SPOT_" : "4729013010007",
        "MNTN_ID" : "472901301"
      },
      "geometry" : {
        "x" : 361367.18440001551,
        "y" : 369968.73840000294
      }
    },
    {
      "attributes" : {
        "FID" : 7,
        "PMNTN_SPOT" : 76680,
        "MNTN_CODE" : "472901301",
        "MANAGE_SP1" : "02",
        "MANAGE_SP2" : "분기점",
        "DETAIL_SPO" : "분기점",
        "ETC_MATTER" : " ",
        "MNTN_NM" : "장군산",
        "PAST_SPOT_" : "4729013010008",
        "MNTN_ID" : "472901301"
      },
      "geometry" : {
        "x" : 361373.39520001877,
        "y" : 369977.29220000282
      }
    },
    {
      "attributes" : {
        "FID" : 8,
        "PMNTN_SPOT" : 76681,
        "MNTN_CODE" : "472901301",
        "MANAGE_SP1" : "02",
        "MANAGE_SP2" : "분기점",
        "DETAIL_SPO" : "분기점",
        "ETC_MATTER" : " ",
        "MNTN_NM" : "장군산",
        "PAST_SPOT_" : "4729013010009",
        "MNTN_ID" : "472901301"
      },
      "geometry" : {
        "x" : 361555.58980001789,
        "y" : 370008.64399999939
      }
    },
    {
      "attributes" : {
        "FID" : 9,
        "PMNTN_SPOT" : 76682,
        "MNTN_CODE" : "472901301",
        "MANAGE_SP1" : "02",
        "MANAGE_SP2" : "분기점",
        "DETAIL_SPO" : "분기점",
        "ETC_MATTER" : " ",
        "MNTN_NM" : "장군산",
        "PAST_SPOT_" : "4729013010010",
        "MNTN_ID" : "472901301"
      },
      "geometry" : {
        "x" : 361682.64630001783,
        "y" : 370046.18880000152
      }
    },
    {
      "attributes" : {
        "FID" : 10,
        "PMNTN_SPOT" : 76683,
        "MNTN_CODE" : "472901301",
        "MANAGE_SP1" : "01",
        "MANAGE_SP2" : "시종점",
        "DETAIL_SPO" : "시종점",
        "ETC_MATTER" : " ",
        "MNTN_NM" : "장군산",
        "PAST_SPOT_" : "4729013010011",
        "MNTN_ID" : "472901301"
      },
      "geometry" : {
        "x" : 361720.50900001917,
        "y" : 369357.31780000776
      }
    },
    {
      "attributes" : {
        "FID" : 11,
        "PMNTN_SPOT" : 76684,
        "MNTN_CODE" : "472901301",
        "MANAGE_SP1" : "02",
        "MANAGE_SP2" : "분기점",
        "DETAIL_SPO" : "분기점",
        "ETC_MATTER" : " ",
        "MNTN_NM" : "장군산",
        "PAST_SPOT_" : "4729013010012",
        "MNTN_ID" : "472901301"
      },
      "geometry" : {
        "x" : 361879.81660001818,
        "y" : 370023.02759999968
      }
    },
    {
      "attributes" : {
        "FID" : 12,
        "PMNTN_SPOT" : 76685,
        "MNTN_CODE" : "472901301",
        "MANAGE_SP1" : "01",
        "MANAGE_SP2" : "시종점",
        "DETAIL_SPO" : "시종점",
        "ETC_MATTER" : " ",
        "MNTN_NM" : "장군산",
        "PAST_SPOT_" : "4729013010013",
        "MNTN_ID" : "472901301"
      },
      "geometry" : {
        "x" : 362209.11150001734,
        "y" : 369418.72680000216
      }
    },
    {
      "attributes" : {
        "FID" : 13,
        "PMNTN_SPOT" : 76686,
        "MNTN_CODE" : "472901301",
        "MANAGE_SP1" : "01",
        "MANAGE_SP2" : "시종점",
        "DETAIL_SPO" : "시종점",
        "ETC_MATTER" : " ",
        "MNTN_NM" : "장군산",
        "PAST_SPOT_" : "4729013010014",
        "MNTN_ID" : "472901301"
      },
      "geometry" : {
        "x" : 362661.22460001986,
        "y" : 369953.60870000347
      }
    }
  ]
}