{
  "displayFieldName" : "",
  "fieldAliases" : {
    "FID" : "FID",
    "PMNTN_SN" : "PMNTN_SN",
    "MNTN_CODE" : "MNTN_CODE",
    "MNTN_NM" : "MNTN_NM",
    "PMNTN_NM" : "PMNTN_NM",
    "PMNTN_MAIN" : "PMNTN_MAIN",
    "PMNTN_LT" : "PMNTN_LT",
    "PMNTN_DFFL" : "PMNTN_DFFL",
    "PMNTN_UPPL" : "PMNTN_UPPL",
    "PMNTN_GODN" : "PMNTN_GODN",
    "PMNTN_MTRQ" : "PMNTN_MTRQ",
    "PMNTN_CNRL" : "PMNTN_CNRL",
    "PMNTN_CLS_" : "PMNTN_CLS_",
    "PMNTN_RISK" : "PMNTN_RISK",
    "PMNTN_RECO" : "PMNTN_RECO",
    "DATA_STDR_" : "DATA_STDR_",
    "MNTN_ID" : "MNTN_ID"
  },
  "geometryType" : "esriGeometryPolyline",
  "spatialReference" : {
    "wkt" : "PROJCS[\"PCS_ITRF2000_TM\",GEOGCS[\"GCS_ITRF_2000\",DATUM[\"D_ITRF_2000\",SPHEROID[\"GRS_1980\",6378137.0,298.257222101]],PRIMEM[\"Greenwich\",0.0],UNIT[\"Degree\",0.0174532925199433]],PROJECTION[\"Transverse_Mercator\"],PARAMETER[\"False_Easting\",200000.0],PARAMETER[\"False_Northing\",600000.0],PARAMETER[\"Central_Meridian\",127.0],PARAMETER[\"Scale_Factor\",1.0],PARAMETER[\"Latitude_Of_Origin\",38.0],UNIT[\"Meter\",1.0]]"
  },
  "fields" : [
    {
      "name" : "FID",
      "type" : "esriFieldTypeOID",
      "alias" : "FID"
    },
    {
      "name" : "PMNTN_SN",
      "type" : "esriFieldTypeDouble",
      "alias" : "PMNTN_SN"
    },
    {
      "name" : "MNTN_CODE",
      "type" : "esriFieldTypeString",
      "alias" : "MNTN_CODE",
      "length" : 9
    },
    {
      "name" : "MNTN_NM",
      "type" : "esriFieldTypeString",
      "alias" : "MNTN_NM",
      "length" : 50
    },
    {
      "name" : "PMNTN_NM",
      "type" : "esriFieldTypeString",
      "alias" : "PMNTN_NM",
      "length" : 50
    },
    {
      "name" : "PMNTN_MAIN",
      "type" : "esriFieldTypeString",
      "alias" : "PMNTN_MAIN",
      "length" : 200
    },
    {
      "name" : "PMNTN_LT",
      "type" : "esriFieldTypeSingle",
      "alias" : "PMNTN_LT"
    },
    {
      "name" : "PMNTN_DFFL",
      "type" : "esriFieldTypeString",
      "alias" : "PMNTN_DFFL",
      "length" : 8
    },
    {
      "name" : "PMNTN_UPPL",
      "type" : "esriFieldTypeDouble",
      "alias" : "PMNTN_UPPL"
    },
    {
      "name" : "PMNTN_GODN",
      "type" : "esriFieldTypeDouble",
      "alias" : "PMNTN_GODN"
    },
    {
      "name" : "PMNTN_MTRQ",
      "type" : "esriFieldTypeString",
      "alias" : "PMNTN_MTRQ",
      "length" : 200
    },
    {
      "name" : "PMNTN_CNRL",
      "type" : "esriFieldTypeString",
      "alias" : "PMNTN_CNRL",
      "length" : 1
    },
    {
      "name" : "PMNTN_CLS_",
      "type" : "esriFieldTypeString",
      "alias" : "PMNTN_CLS_",
      "length" : 1
    },
    {
      "name" : "PMNTN_RISK",
      "type" : "esriFieldTypeString",
      "alias" : "PMNTN_RISK",
      "length" : 200
    },
    {
      "name" : "PMNTN_RECO",
      "type" : "esriFieldTypeString",
      "alias" : "PMNTN_RECO",
      "length" : 1
    },
    {
      "name" : "DATA_STDR_",
      "type" : "esriFieldTypeString",
      "alias" : "DATA_STDR_",
      "length" : 10
    },
    {
      "name" : "MNTN_ID",
      "type" : "esriFieldTypeString",
      "alias" : "MNTN_ID",
      "length" : 10
    }
  ],
  "features" : [
    {
      "attributes" : {
        "FID" : 0,
        "PMNTN_SN" : 32655,
        "MNTN_CODE" : "461301901",
        "MNTN_NM" : "소미산",
        "PMNTN_NM" : "안굴전 포장도로 옆-정상구간",
        "PMNTN_MAIN" : "산성/이충무공유적기념비",
        "PMNTN_LT" : 1.11,
        "PMNTN_DFFL" : "쉬움",
        "PMNTN_UPPL" : 20,
        "PMNTN_GODN" : 14,
        "PMNTN_MTRQ" : "호박돌/토사",
        "PMNTN_CNRL" : " ",
        "PMNTN_CLS_" : " ",
        "PMNTN_RISK" : "정상부 바위 미끄럼/벌",
        "PMNTN_RECO" : " ",
        "DATA_STDR_" : "2016-12-31",
        "MNTN_ID" : "461301901"
      },
      "geometry" : {
        "paths" : [
          [
            [
              271288.74320000224,
              233293.48500000127
            ],
            [
              271294.46410000231,
              233287.5446000006
            ],
            [
              271291.08700000029,
              233285.63429999724
            ],
            [
              271284.86890000291,
              233285.80380000174
            ],
            [
              271280.97820000257,
              233284.58660000004
            ],
            [
              271276.03450000007,
              233281.72399999946
            ],
            [
              271266.07959999982,
              233284.0511000026
            ],
            [
              271261.07670000196,
              233283.74200000241
            ],
            [
              271256.63450000156,
              233279.74190000817
            ],
            [
              271256.67140000314,
              233275.13010000251
            ],
            [
              271258.93770000059,
              233270.49780000001
            ],
            [
              271267.10400000028,
              233267.12420000322
            ],
            [
              271300.71339999977,
              233243.57770000212
            ],
            [
              271316.60859999899,
              233222.27490000427
            ],
            [
              271318.23490000051,
              233218.58250000142
            ],
            [
              271316.08320000116,
              233216.01690000109
            ],
            [
              271306.29330000095,
              233215.43680000305
            ],
            [
              271291.12150000129,
              233212.55529999919
            ],
            [
              271282.20710000116,
              233207.55640000105
            ],
            [
              271277.4317000024,
              233202.92710000277
            ],
            [
              271272.63490000088,
              233183.30939999968
            ],
            [
              271266.07739999983,
              233175.23120000213
            ],
            [
              271242.41239999887,
              233144.81140000187
            ],
            [
              271232.76040000003,
              233131.16330000013
            ],
            [
              271219.2631000001,
              233095.59140000306
            ],
            [
              271207.54870000388,
              233085.73670000024
            ],
            [
              271190.19600000419,
              233076.34589999914
            ],
            [
              271186.10640000273,
              233072.55290000141
            ],
            [
              271184.87459999882,
              233070.02770000137
            ],
            [
              271184.4226000011,
              233064.95109999925
            ],
            [
              271184.13760000095,
              233061.74970000423
            ],
            [
              271186.17740000132,
              233052.24290000089
            ],
            [
              271186.53799999878,
              233041.22420000285
            ],
            [
              271186.67080000136,
              233035.15350000188
            ],
            [
              271184.91900000349,
              233029.48440000042
            ],
            [
              271178.45560000092,
              233027.08030000143
            ],
            [
              271172.45670000091,
              233027.93249999732
            ],
            [
              271168.36039999966,
              233025.43610000238
            ],
            [
              271165.04570000153,
              233022.45470000431
            ],
            [
              271158.87040000129,
              233023.46470000036
            ],
            [
              271152.49140000157,
              233028.92350000143
            ],
            [
              271135.66579999961,
              233042.06640000269
            ],
            [
              271126.17190000322,
              233048.28299999982
            ],
            [
              271119.46340000071,
              233054.36959999986
            ],
            [
              271115.35610000044,
              233056.45800000429
            ],
            [
              271108.33730000257,
              233058.80360000767
            ],
            [
              271101.57410000172,
              233058.73230000213
            ],
            [
              271097.63230000157,
              233054.35640000179
            ],
            [
              271097.71499999985,
              233049.18009999767
            ],
            [
              271101.29320000112,
              233039.21409999952
            ],
            [
              271101.7575000003,
              233034.92750000209
            ],
            [
              271098.47439999972,
              233025.41789999977
            ],
            [
              271088.67310000304,
              233013.23760000058
            ],
            [
              271086.26609999966,
              233003.86000000313
            ],
            [
              271084.42830000259,
              232987.18140000105
            ],
            [
              271078.60289999936,
              232977.61410000175
            ],
            [
              271068.80830000062,
              232972.77730000392
            ],
            [
              271065.67920000106,
              232969.5727000013
            ],
            [
              271065.86980000138,
              232965.60309999995
            ],
            [
              271066.11870000046,
              232956.04880000092
            ],
            [
              271066.33300000057,
              232950.01630000025
            ],
            [
              271059.16040000133,
              232948.89670000039
            ],
            [
              271054.87190000061,
              232943.56030000001
            ],
            [
              271054.52760000061,
              232934.27759999782
            ],
            [
              271045.61659999937,
              232920.22490000166
            ],
            [
              271043.77870000061,
              232903.5465000011
            ],
            [
              271048.14169999957,
              232896.972000001
            ],
            [
              271049.24629999977,
              232890.36329999939
            ],
            [
              271053.45140000246,
              232888.80670000054
            ],
            [
              271056.64870000072,
              232888.56320000254
            ],
            [
              271060.20969999954,
              232888.58819999918
            ],
            [
              271065.32630000077,
              232884.92200000212
            ],
            [
              271069.50530000124,
              232882.31899999827
            ],
            [
              271081.43130000122,
              232865.74650000222
            ],
            [
              271085.06570000108,
              232858.61390000209
            ],
            [
              271085.45560000092,
              232853.87450000271
            ],
            [
              271085.60230000038,
              232834.83049999923
            ],
            [
              271085.76740000118,
              232813.40619999915
            ],
            [
              271083.72840000317,
              232807.83010000177
            ],
            [
              271081.24320000224,
              232802.00490000099
            ],
            [
              271081.06229999941,
              232795.37909999862
            ],
            [
              271078.58230000082,
              232791.14590000175
            ],
            [
              271074.93940000143,
              232784.76230000146
            ],
            [
              271070.36730000004,
              232770.4363000039
            ],
            [
              271076.57930000313,
              232764.66520000063
            ],
            [
              271081.01780000143,
              232761.79700000025
            ],
            [
              271084.20469999965,
              232761.0204000026
            ],
            [
              271087.90710000042,
              232760.15689999983
            ],
            [
              271089.17780000065,
              232758.42149999924
            ],
            [
              271090.89760000072,
              232755.00160000287
            ],
            [
              271090.22980000079,
              232750.47849999927
            ],
            [
              271088.77810000163,
              232746.50579999946
            ],
            [
              271089.94100000151,
              232713.45370000042
            ],
            [
              271087.68250000291,
              232710.02770000137
            ],
            [
              271069.75900000241,
              232691.11160000041
            ],
            [
              271069.04280000087,
              232687.10440000333
            ],
            [
              271070.60919999983,
              232684.09370000102
            ],
            [
              271075.01510000043,
              232677.62790000066
            ],
            [
              271078.28289999999,
              232669.46859999932
            ],
            [
              271079.05780000053,
              232663.37530000135
            ],
            [
              271082.53180000093,
              232654.41039999947
            ],
            [
              271076.81620000117,
              232630.56010000035
            ],
            [
              271075.18159999978,
              232599.67029999942
            ],
            [
              271074.48820000235,
              232582.2239000015
            ],
            [
              271075.10530000087,
              232579.74760000408
            ],
            [
              271077.11150000244,
              232577.12490000203
            ],
            [
              271076.25240000058,
              232573.30929999985
            ],
            [
              271073.91820000019,
              232571.99870000035
            ],
            [
              271070.13760000188,
              232568.78250000067
            ],
            [
              271067.65230000205,
              232555.0634000022
            ],
            [
              271067.76720000152,
              232547.95530000143
            ],
            [
              271068.33810000401,
              232518.32880000211
            ]
          ]
        ]
      }
    }
  ]
}