{
  "displayFieldName" : "",
  "fieldAliases" : {
    "FID" : "FID",
    "PMNTN_SPOT" : "PMNTN_SPOT",
    "MNTN_CODE" : "MNTN_CODE",
    "MANAGE_SP1" : "MANAGE_SP1",
    "MANAGE_SP2" : "MANAGE_SP2",
    "DETAIL_SPO" : "DETAIL_SPO",
    "ETC_MATTER" : "ETC_MATTER",
    "MNTN_NM" : "MNTN_NM",
    "PAST_SPOT_" : "PAST_SPOT_",
    "MNTN_ID" : "MNTN_ID"
  },
  "geometryType" : "esriGeometryPoint",
  "spatialReference" : {
    "wkt" : "PROJCS[\"PCS_ITRF2000_TM\",GEOGCS[\"GCS_ITRF_2000\",DATUM[\"D_ITRF_2000\",SPHEROID[\"GRS_1980\",6378137.0,298.257222101]],PRIMEM[\"Greenwich\",0.0],UNIT[\"Degree\",0.0174532925199433]],PROJECTION[\"Transverse_Mercator\"],PARAMETER[\"False_Easting\",200000.0],PARAMETER[\"False_Northing\",600000.0],PARAMETER[\"Central_Meridian\",127.0],PARAMETER[\"Scale_Factor\",1.0],PARAMETER[\"Latitude_Of_Origin\",38.0],UNIT[\"Meter\",1.0]]"
  },
  "fields" : [
    {
      "name" : "FID",
      "type" : "esriFieldTypeOID",
      "alias" : "FID"
    },
    {
      "name" : "PMNTN_SPOT",
      "type" : "esriFieldTypeDouble",
      "alias" : "PMNTN_SPOT"
    },
    {
      "name" : "MNTN_CODE",
      "type" : "esriFieldTypeString",
      "alias" : "MNTN_CODE",
      "length" : 9
    },
    {
      "name" : "MANAGE_SP1",
      "type" : "esriFieldTypeString",
      "alias" : "MANAGE_SP1",
      "length" : 2
    },
    {
      "name" : "MANAGE_SP2",
      "type" : "esriFieldTypeString",
      "alias" : "MANAGE_SP2",
      "length" : 50
    },
    {
      "name" : "DETAIL_SPO",
      "type" : "esriFieldTypeString",
      "alias" : "DETAIL_SPO",
      "length" : 200
    },
    {
      "name" : "ETC_MATTER",
      "type" : "esriFieldTypeString",
      "alias" : "ETC_MATTER",
      "length" : 200
    },
    {
      "name" : "MNTN_NM",
      "type" : "esriFieldTypeString",
      "alias" : "MNTN_NM",
      "length" : 50
    },
    {
      "name" : "PAST_SPOT_",
      "type" : "esriFieldTypeString",
      "alias" : "PAST_SPOT_",
      "length" : 14
    },
    {
      "name" : "MNTN_ID",
      "type" : "esriFieldTypeString",
      "alias" : "MNTN_ID",
      "length" : 10
    }
  ],
  "features" : [
    {
      "attributes" : {
        "FID" : 0,
        "PMNTN_SPOT" : 3258,
        "MNTN_CODE" : "437501601",
        "MANAGE_SP1" : "10",
        "MANAGE_SP2" : "이정표",
        "DETAIL_SPO" : "이월저수지,이정표",
        "ETC_MATTER" : " ",
        "MNTN_NM" : "거북산",
        "PAST_SPOT_" : "4375016010001",
        "MNTN_ID" : "437501601"
      },
      "geometry" : {
        "x" : 237246.8180000009,
        "y" : 482692.27020000294
      }
    },
    {
      "attributes" : {
        "FID" : 1,
        "PMNTN_SPOT" : 3259,
        "MNTN_CODE" : "437501601",
        "MANAGE_SP1" : "10",
        "MANAGE_SP2" : "이정표",
        "DETAIL_SPO" : "이정표, 벤치",
        "ETC_MATTER" : " ",
        "MNTN_NM" : "거북산",
        "PAST_SPOT_" : "4375016010002",
        "MNTN_ID" : "437501601"
      },
      "geometry" : {
        "x" : 237163.16079999972,
        "y" : 483021.61060000211
      }
    },
    {
      "attributes" : {
        "FID" : 2,
        "PMNTN_SPOT" : 3260,
        "MNTN_CODE" : "437501601",
        "MANAGE_SP1" : "05",
        "MANAGE_SP2" : "벤치",
        "DETAIL_SPO" : "벤치",
        "ETC_MATTER" : " ",
        "MNTN_NM" : "거북산",
        "PAST_SPOT_" : "4375016010003",
        "MNTN_ID" : "437501601"
      },
      "geometry" : {
        "x" : 236667.62560000084,
        "y" : 483185.14700000361
      }
    },
    {
      "attributes" : {
        "FID" : 3,
        "PMNTN_SPOT" : 3261,
        "MNTN_CODE" : "437501601",
        "MANAGE_SP1" : "23",
        "MANAGE_SP2" : "정상",
        "DETAIL_SPO" : "정상, 이정표",
        "ETC_MATTER" : " ",
        "MNTN_NM" : "거북산",
        "PAST_SPOT_" : "4375016010004",
        "MNTN_ID" : "437501601"
      },
      "geometry" : {
        "x" : 236849.85900000017,
        "y" : 483588.4143000003
      }
    },
    {
      "attributes" : {
        "FID" : 4,
        "PMNTN_SPOT" : 3262,
        "MNTN_CODE" : "437501601",
        "MANAGE_SP1" : "05",
        "MANAGE_SP2" : "벤치",
        "DETAIL_SPO" : "벤치",
        "ETC_MATTER" : " ",
        "MNTN_NM" : "거북산",
        "PAST_SPOT_" : "4375016010005",
        "MNTN_ID" : "437501601"
      },
      "geometry" : {
        "x" : 237078.70220000111,
        "y" : 483576.8900000006
      }
    },
    {
      "attributes" : {
        "FID" : 5,
        "PMNTN_SPOT" : 3263,
        "MNTN_CODE" : "437501601",
        "MANAGE_SP1" : "99",
        "MANAGE_SP2" : "기타",
        "DETAIL_SPO" : "거북바위",
        "ETC_MATTER" : " ",
        "MNTN_NM" : "거북산",
        "PAST_SPOT_" : "4375016010006",
        "MNTN_ID" : "437501601"
      },
      "geometry" : {
        "x" : 237115.63230000157,
        "y" : 483591.42320000194
      }
    },
    {
      "attributes" : {
        "FID" : 6,
        "PMNTN_SPOT" : 3264,
        "MNTN_CODE" : "437501601",
        "MANAGE_SP1" : "05",
        "MANAGE_SP2" : "벤치",
        "DETAIL_SPO" : "벤치",
        "ETC_MATTER" : " ",
        "MNTN_NM" : "거북산",
        "PAST_SPOT_" : "4375016010007",
        "MNTN_ID" : "437501601"
      },
      "geometry" : {
        "x" : 237155.9869999988,
        "y" : 483452.9131000042
      }
    },
    {
      "attributes" : {
        "FID" : 7,
        "PMNTN_SPOT" : 3265,
        "MNTN_CODE" : "437501601",
        "MANAGE_SP1" : "99",
        "MANAGE_SP2" : "기타",
        "DETAIL_SPO" : "보덕사",
        "ETC_MATTER" : " ",
        "MNTN_NM" : "거북산",
        "PAST_SPOT_" : "4375016010008",
        "MNTN_ID" : "437501601"
      },
      "geometry" : {
        "x" : 237129.95100000035,
        "y" : 483082.88780000247
      }
    },
    {
      "attributes" : {
        "FID" : 8,
        "PMNTN_SPOT" : 3266,
        "MNTN_CODE" : "437501601",
        "MANAGE_SP1" : "02",
        "MANAGE_SP2" : "분기점",
        "DETAIL_SPO" : "분기점",
        "ETC_MATTER" : " ",
        "MNTN_NM" : "거북산",
        "PAST_SPOT_" : "4375016010009",
        "MNTN_ID" : "437501601"
      },
      "geometry" : {
        "x" : 237086.76400000136,
        "y" : 483578.91580000147
      }
    },
    {
      "attributes" : {
        "FID" : 9,
        "PMNTN_SPOT" : 3267,
        "MNTN_CODE" : "437501601",
        "MANAGE_SP1" : "01",
        "MANAGE_SP2" : "시종점",
        "DETAIL_SPO" : "시종점",
        "ETC_MATTER" : " ",
        "MNTN_NM" : "거북산",
        "PAST_SPOT_" : "4375016010010",
        "MNTN_ID" : "437501601"
      },
      "geometry" : {
        "x" : 237116.80270000082,
        "y" : 483607.63640000112
      }
    },
    {
      "attributes" : {
        "FID" : 10,
        "PMNTN_SPOT" : 3268,
        "MNTN_CODE" : "437501601",
        "MANAGE_SP1" : "02",
        "MANAGE_SP2" : "분기점",
        "DETAIL_SPO" : "분기점",
        "ETC_MATTER" : " ",
        "MNTN_NM" : "거북산",
        "PAST_SPOT_" : "4375016010011",
        "MNTN_ID" : "437501601"
      },
      "geometry" : {
        "x" : 237164.35199999996,
        "y" : 483025.54480000213
      }
    },
    {
      "attributes" : {
        "FID" : 11,
        "PMNTN_SPOT" : 3269,
        "MNTN_CODE" : "437501601",
        "MANAGE_SP1" : "01",
        "MANAGE_SP2" : "시종점",
        "DETAIL_SPO" : "시종점",
        "ETC_MATTER" : " ",
        "MNTN_NM" : "거북산",
        "PAST_SPOT_" : "4375016010012",
        "MNTN_ID" : "437501601"
      },
      "geometry" : {
        "x" : 237975.92860000022,
        "y" : 482694.60830000229
      }
    }
  ]
}