{
  "displayFieldName" : "",
  "fieldAliases" : {
    "FID" : "FID",
    "PMNTN_SN" : "PMNTN_SN",
    "MNTN_CODE" : "MNTN_CODE",
    "MNTN_NM" : "MNTN_NM",
    "PMNTN_NM" : "PMNTN_NM",
    "PMNTN_MAIN" : "PMNTN_MAIN",
    "PMNTN_LT" : "PMNTN_LT",
    "PMNTN_DFFL" : "PMNTN_DFFL",
    "PMNTN_UPPL" : "PMNTN_UPPL",
    "PMNTN_GODN" : "PMNTN_GODN",
    "PMNTN_MTRQ" : "PMNTN_MTRQ",
    "PMNTN_CNRL" : "PMNTN_CNRL",
    "PMNTN_CLS_" : "PMNTN_CLS_",
    "PMNTN_RISK" : "PMNTN_RISK",
    "PMNTN_RECO" : "PMNTN_RECO",
    "DATA_STDR_" : "DATA_STDR_",
    "MNTN_ID" : "MNTN_ID"
  },
  "geometryType" : "esriGeometryPolyline",
  "spatialReference" : {
    "wkt" : "PROJCS[\"PCS_ITRF2000_TM\",GEOGCS[\"GCS_ITRF_2000\",DATUM[\"D_ITRF_2000\",SPHEROID[\"GRS_1980\",6378137.0,298.257222101]],PRIMEM[\"Greenwich\",0.0],UNIT[\"Degree\",0.0174532925199433]],PROJECTION[\"Transverse_Mercator\"],PARAMETER[\"False_Easting\",200000.0],PARAMETER[\"False_Northing\",600000.0],PARAMETER[\"Central_Meridian\",127.0],PARAMETER[\"Scale_Factor\",1.0],PARAMETER[\"Latitude_Of_Origin\",38.0],UNIT[\"Meter\",1.0]]"
  },
  "fields" : [
    {
      "name" : "FID",
      "type" : "esriFieldTypeOID",
      "alias" : "FID"
    },
    {
      "name" : "PMNTN_SN",
      "type" : "esriFieldTypeDouble",
      "alias" : "PMNTN_SN"
    },
    {
      "name" : "MNTN_CODE",
      "type" : "esriFieldTypeString",
      "alias" : "MNTN_CODE",
      "length" : 9
    },
    {
      "name" : "MNTN_NM",
      "type" : "esriFieldTypeString",
      "alias" : "MNTN_NM",
      "length" : 50
    },
    {
      "name" : "PMNTN_NM",
      "type" : "esriFieldTypeString",
      "alias" : "PMNTN_NM",
      "length" : 50
    },
    {
      "name" : "PMNTN_MAIN",
      "type" : "esriFieldTypeString",
      "alias" : "PMNTN_MAIN",
      "length" : 200
    },
    {
      "name" : "PMNTN_LT",
      "type" : "esriFieldTypeSingle",
      "alias" : "PMNTN_LT"
    },
    {
      "name" : "PMNTN_DFFL",
      "type" : "esriFieldTypeString",
      "alias" : "PMNTN_DFFL",
      "length" : 8
    },
    {
      "name" : "PMNTN_UPPL",
      "type" : "esriFieldTypeDouble",
      "alias" : "PMNTN_UPPL"
    },
    {
      "name" : "PMNTN_GODN",
      "type" : "esriFieldTypeDouble",
      "alias" : "PMNTN_GODN"
    },
    {
      "name" : "PMNTN_MTRQ",
      "type" : "esriFieldTypeString",
      "alias" : "PMNTN_MTRQ",
      "length" : 200
    },
    {
      "name" : "PMNTN_CNRL",
      "type" : "esriFieldTypeString",
      "alias" : "PMNTN_CNRL",
      "length" : 1
    },
    {
      "name" : "PMNTN_CLS_",
      "type" : "esriFieldTypeString",
      "alias" : "PMNTN_CLS_",
      "length" : 1
    },
    {
      "name" : "PMNTN_RISK",
      "type" : "esriFieldTypeString",
      "alias" : "PMNTN_RISK",
      "length" : 200
    },
    {
      "name" : "PMNTN_RECO",
      "type" : "esriFieldTypeString",
      "alias" : "PMNTN_RECO",
      "length" : 1
    },
    {
      "name" : "DATA_STDR_",
      "type" : "esriFieldTypeString",
      "alias" : "DATA_STDR_",
      "length" : 10
    },
    {
      "name" : "MNTN_ID",
      "type" : "esriFieldTypeString",
      "alias" : "MNTN_ID",
      "length" : 10
    }
  ],
  "features" : [
    {
      "attributes" : {
        "FID" : 0,
        "PMNTN_SN" : 32683,
        "MNTN_CODE" : "491302101",
        "MNTN_NM" : "소수산봉",
        "PMNTN_NM" : "고성리구간",
        "PMNTN_MAIN" : " ",
        "PMNTN_LT" : 0.03,
        "PMNTN_DFFL" : "쉬움",
        "PMNTN_UPPL" : 1,
        "PMNTN_GODN" : 0,
        "PMNTN_MTRQ" : " ",
        "PMNTN_CNRL" : " ",
        "PMNTN_CLS_" : " ",
        "PMNTN_RISK" : " ",
        "PMNTN_RECO" : " ",
        "DATA_STDR_" : "2016-12-31",
        "MNTN_ID" : "491302101"
      },
      "geometry" : {
        "paths" : [
          [
            [
              191897.96550000273,
              93562.496899999678
            ],
            [
              191887.53740000073,
              93573.32320000045
            ],
            [
              191882.30170000158,
              93583.688999999315
            ]
          ]
        ]
      }
    },
    {
      "attributes" : {
        "FID" : 1,
        "PMNTN_SN" : 32684,
        "MNTN_CODE" : "491302101",
        "MNTN_NM" : "소수산봉",
        "PMNTN_NM" : "고성리구간",
        "PMNTN_MAIN" : " ",
        "PMNTN_LT" : 0.29,
        "PMNTN_DFFL" : "쉬움",
        "PMNTN_UPPL" : 5,
        "PMNTN_GODN" : 4,
        "PMNTN_MTRQ" : " ",
        "PMNTN_CNRL" : " ",
        "PMNTN_CLS_" : " ",
        "PMNTN_RISK" : " ",
        "PMNTN_RECO" : " ",
        "DATA_STDR_" : "2016-12-31",
        "MNTN_ID" : "491302101"
      },
      "geometry" : {
        "paths" : [
          [
            [
              191855.268600001,
              93596.375000001863
            ],
            [
              191854.85568075348,
              93596.303484026343
            ],
            [
              191844.22620000225,
              93594.462500004098
            ],
            [
              191835.57840000093,
              93593.218400005251
            ],
            [
              191828.00880000088,
              93593.315300006419
            ],
            [
              191821.5616000006,
              93593.474099999294
            ],
            [
              191815.56830000039,
              93592.486700002104
            ],
            [
              191808.59950000141,
              93593.613800000399
            ],
            [
              191801.8601000011,
              93593.781400000677
            ],
            [
              191795.86450000107,
              93596.415200002491
            ],
            [
              191789.94280000031,
              93598.616399999708
            ],
            [
              191784.29129999969,
              93601.316500000656
            ],
            [
              191778.8627999993,
              93603.894299998879
            ],
            [
              191773.69530000165,
              93607.104199999943
            ],
            [
              191767.66120000184,
              93609.373400000855
            ],
            [
              191766.23330000136,
              93613.066600002348
            ],
            [
              191764.73050000239,
              93617.327000003308
            ],
            [
              191762.39170000236,
              93622.641700001433
            ],
            [
              191758.28559999913,
              93627.292500000447
            ],
            [
              191754.36510000005,
              93631.554900001734
            ],
            [
              191750.11880000122,
              93635.518200002611
            ],
            [
              191747.87120000087,
              93638.703299999237
            ],
            [
              191745.36290000007,
              93641.511600002646
            ],
            [
              191742.62050000019,
              93642.4234000016
            ],
            [
              191740.15890000015,
              93645.542199999094
            ],
            [
              191735.67989999987,
              93649.117499999702
            ],
            [
              191736.88430000376,
              93653.117400001734
            ],
            [
              191741.89410000108,
              93651.951400002465
            ],
            [
              191747.24870000035,
              93648.475700000301
            ],
            [
              191752.20940000191,
              93646.520400000736
            ],
            [
              191757.91509999987,
              93644.562900006771
            ],
            [
              191769.18300000113,
              93647.49130000174
            ],
            [
              191781.18430000357,
              93653.924900000915
            ],
            [
              191791.48670000117,
              93652.773600002751
            ],
            [
              191797.89670000132,
              93645.425699999556
            ],
            [
              191803.70359999873,
              93639.586700001732
            ],
            [
              191810.35480000172,
              93631.473300000653
            ],
            [
              191818.81120000221,
              93624.822300000116
            ],
            [
              191826.60990000237,
              93621.011300001293
            ],
            [
              191835.02219999954,
              93617.133300000802
            ],
            [
              191842.15990000032,
              93612.479900004342
            ],
            [
              191846.1556000011,
              93609.016000002623
            ],
            [
              191850.45880000014,
              93603.092900002375
            ],
            [
              191855.08639008738,
              93596.629494573921
            ],
            [
              191855.268600001,
              93596.375000001863
            ]
          ]
        ]
      }
    },
    {
      "attributes" : {
        "FID" : 2,
        "PMNTN_SN" : 32685,
        "MNTN_CODE" : "491302101",
        "MNTN_NM" : "소수산봉",
        "PMNTN_NM" : "고성리구간",
        "PMNTN_MAIN" : " ",
        "PMNTN_LT" : 0.03,
        "PMNTN_DFFL" : "쉬움",
        "PMNTN_UPPL" : 1,
        "PMNTN_GODN" : 0,
        "PMNTN_MTRQ" : " ",
        "PMNTN_CNRL" : " ",
        "PMNTN_CLS_" : " ",
        "PMNTN_RISK" : " ",
        "PMNTN_RECO" : " ",
        "DATA_STDR_" : "2016-12-31",
        "MNTN_ID" : "491302101"
      },
      "geometry" : {
        "paths" : [
          [
            [
              191855.268600001,
              93596.375000001863
            ],
            [
              191855.268600001,
              93596.375000001863
            ],
            [
              191862.08290000167,
              93590.295100001618
            ],
            [
              191870.74260000139,
              93586.28780000098
            ],
            [
              191882.30170000158,
              93583.688999999315
            ]
          ]
        ]
      }
    },
    {
      "attributes" : {
        "FID" : 3,
        "PMNTN_SN" : 32686,
        "MNTN_CODE" : "491302101",
        "MNTN_NM" : "소수산봉",
        "PMNTN_NM" : "고성리구간",
        "PMNTN_MAIN" : " ",
        "PMNTN_LT" : 0.41,
        "PMNTN_DFFL" : "쉬움",
        "PMNTN_UPPL" : 7,
        "PMNTN_GODN" : 5,
        "PMNTN_MTRQ" : " ",
        "PMNTN_CNRL" : " ",
        "PMNTN_CLS_" : " ",
        "PMNTN_RISK" : " ",
        "PMNTN_RECO" : " ",
        "DATA_STDR_" : "2016-12-31",
        "MNTN_ID" : "491302101"
      },
      "geometry" : {
        "paths" : [
          [
            [
              191882.30170000158,
              93583.688999999315
            ],
            [
              191882.14890000131,
              93593.804200002924
            ],
            [
              191884.85400000028,
              93602.682400001213
            ],
            [
              191889.99299999885,
              93612.648900000378
            ],
            [
              191895.76820000075,
              93622.88040000014
            ],
            [
              191901.62520000339,
              93631.113800000399
            ],
            [
              191907.25470000412,
              93641.659200001508
            ],
            [
              191912.20100000221,
              93654.687100002542
            ],
            [
              191916.60430000257,
              93667.026000002399
            ],
            [
              191920.08620000165,
              93677.691599998623
            ],
            [
              191923.77440000139,
              93687.35869999975
            ],
            [
              191927.01329999976,
              93697.723400000483
            ],
            [
              191929.35190000013,
              93708.444100007415
            ],
            [
              191931.31580000091,
              93720.408099999651
            ],
            [
              191929.73690000083,
              93731.86950000003
            ],
            [
              191924.86930000316,
              93742.254800001159
            ],
            [
              191920.54930000193,
              93748.623299999163
            ],
            [
              191914.38920000102,
              93756.85030000098
            ],
            [
              191910.6482000025,
              93765.13880000636
            ],
            [
              191908.05350000318,
              93773.222400002182
            ],
            [
              191904.2351000011,
              93781.614900000393
            ],
            [
              191902.57200000249,
              93791.32340000011
            ],
            [
              191899.50470000412,
              93799.55169999972
            ],
            [
              191896.64420000371,
              93807.55370000191
            ],
            [
              191892.49230000004,
              93816.266699999571
            ],
            [
              191888.97559999954,
              93823.100800000131
            ],
            [
              191887.12680000067,
              93829.054800001904
            ],
            [
              191880.81380000152,
              93828.279100002721
            ],
            [
              191875.89470000006,
              93827.366100003943
            ],
            [
              191870.02560000122,
              93825.685200000182
            ],
            [
              191864.9840000011,
              93823.704199999571
            ],
            [
              191860.31450000312,
              93822.044500002638
            ],
            [
              191854.97539999988,
              93820.318900000304
            ],
            [
              191849.00889999978,
              93815.988700002432
            ],
            [
              191841.46800000127,
              93813.97520000115
            ],
            [
              191836.82760000229,
              93813.724000001326
            ],
            [
              191831.59180000052,
              93813.107400000095
            ],
            [
              191826.92459999956,
              93814.120700003579
            ],
            [
              191822.01690000389,
              93816.520700002089
            ],
            [
              191816.61690000072,
              93819.653000000864
            ],
            [
              191809.80099999998,
              93819.836400002241
            ],
            [
              191809.80099999998,
              93819.836400002241
            ],
            [
              191805.56010000128,
              93819.152400001884
            ],
            [
              191799.81099999975,
              93816.384500002488
            ],
            [
              191795.22360000201,
              93812.861500000581
            ],
            [
              191789.82710000407,
              93809.228200003505
            ],
            [
              191784.96090000123,
              93806.004799999297
            ],
            [
              191780.908400001,
              93802.445500006899
            ],
            [
              191775.30300000124,
              93798.011600002646
            ],
            [
              191770.23710000049,
              93793.265100004151
            ],
            [
              191765.166000003,
              93792.217199999839
            ],
            [
              191760.45030000061,
              93791.401599999517
            ],
            [
              191751.85330000054,
              93795.003700003028
            ]
          ]
        ]
      }
    }
  ]
}