{
  "displayFieldName" : "",
  "fieldAliases" : {
    "FID" : "FID",
    "PMNTN_SN" : "PMNTN_SN",
    "MNTN_CODE" : "MNTN_CODE",
    "MNTN_NM" : "MNTN_NM",
    "PMNTN_NM" : "PMNTN_NM",
    "PMNTN_MAIN" : "PMNTN_MAIN",
    "PMNTN_LT" : "PMNTN_LT",
    "PMNTN_DFFL" : "PMNTN_DFFL",
    "PMNTN_UPPL" : "PMNTN_UPPL",
    "PMNTN_GODN" : "PMNTN_GODN",
    "PMNTN_MTRQ" : "PMNTN_MTRQ",
    "PMNTN_CNRL" : "PMNTN_CNRL",
    "PMNTN_CLS_" : "PMNTN_CLS_",
    "PMNTN_RISK" : "PMNTN_RISK",
    "PMNTN_RECO" : "PMNTN_RECO",
    "DATA_STDR_" : "DATA_STDR_",
    "MNTN_ID" : "MNTN_ID"
  },
  "geometryType" : "esriGeometryPolyline",
  "spatialReference" : {
    "wkt" : "PROJCS[\"PCS_ITRF2000_TM\",GEOGCS[\"GCS_ITRF_2000\",DATUM[\"D_ITRF_2000\",SPHEROID[\"GRS_1980\",6378137.0,298.257222101]],PRIMEM[\"Greenwich\",0.0],UNIT[\"Degree\",0.0174532925199433]],PROJECTION[\"Transverse_Mercator\"],PARAMETER[\"False_Easting\",200000.0],PARAMETER[\"False_Northing\",600000.0],PARAMETER[\"Central_Meridian\",127.0],PARAMETER[\"Scale_Factor\",1.0],PARAMETER[\"Latitude_Of_Origin\",38.0],UNIT[\"Meter\",1.0]]"
  },
  "fields" : [
    {
      "name" : "FID",
      "type" : "esriFieldTypeOID",
      "alias" : "FID"
    },
    {
      "name" : "PMNTN_SN",
      "type" : "esriFieldTypeDouble",
      "alias" : "PMNTN_SN"
    },
    {
      "name" : "MNTN_CODE",
      "type" : "esriFieldTypeString",
      "alias" : "MNTN_CODE",
      "length" : 9
    },
    {
      "name" : "MNTN_NM",
      "type" : "esriFieldTypeString",
      "alias" : "MNTN_NM",
      "length" : 50
    },
    {
      "name" : "PMNTN_NM",
      "type" : "esriFieldTypeString",
      "alias" : "PMNTN_NM",
      "length" : 50
    },
    {
      "name" : "PMNTN_MAIN",
      "type" : "esriFieldTypeString",
      "alias" : "PMNTN_MAIN",
      "length" : 200
    },
    {
      "name" : "PMNTN_LT",
      "type" : "esriFieldTypeSingle",
      "alias" : "PMNTN_LT"
    },
    {
      "name" : "PMNTN_DFFL",
      "type" : "esriFieldTypeString",
      "alias" : "PMNTN_DFFL",
      "length" : 8
    },
    {
      "name" : "PMNTN_UPPL",
      "type" : "esriFieldTypeDouble",
      "alias" : "PMNTN_UPPL"
    },
    {
      "name" : "PMNTN_GODN",
      "type" : "esriFieldTypeDouble",
      "alias" : "PMNTN_GODN"
    },
    {
      "name" : "PMNTN_MTRQ",
      "type" : "esriFieldTypeString",
      "alias" : "PMNTN_MTRQ",
      "length" : 200
    },
    {
      "name" : "PMNTN_CNRL",
      "type" : "esriFieldTypeString",
      "alias" : "PMNTN_CNRL",
      "length" : 1
    },
    {
      "name" : "PMNTN_CLS_",
      "type" : "esriFieldTypeString",
      "alias" : "PMNTN_CLS_",
      "length" : 1
    },
    {
      "name" : "PMNTN_RISK",
      "type" : "esriFieldTypeString",
      "alias" : "PMNTN_RISK",
      "length" : 200
    },
    {
      "name" : "PMNTN_RECO",
      "type" : "esriFieldTypeString",
      "alias" : "PMNTN_RECO",
      "length" : 1
    },
    {
      "name" : "DATA_STDR_",
      "type" : "esriFieldTypeString",
      "alias" : "DATA_STDR_",
      "length" : 10
    },
    {
      "name" : "MNTN_ID",
      "type" : "esriFieldTypeString",
      "alias" : "MNTN_ID",
      "length" : 10
    }
  ],
  "features" : [
    {
      "attributes" : {
        "FID" : 0,
        "PMNTN_SN" : 3867,
        "MNTN_CODE" : "422300501",
        "MNTN_NM" : "고성산",
        "PMNTN_NM" : " ",
        "PMNTN_MAIN" : " ",
        "PMNTN_LT" : 0.32,
        "PMNTN_DFFL" : "쉬움",
        "PMNTN_UPPL" : 6,
        "PMNTN_GODN" : 4,
        "PMNTN_MTRQ" : " ",
        "PMNTN_CNRL" : " ",
        "PMNTN_CLS_" : " ",
        "PMNTN_RISK" : " ",
        "PMNTN_RECO" : " ",
        "DATA_STDR_" : "2016-12-31",
        "MNTN_ID" : "2204070300"
      },
      "geometry" : {
        "paths" : [
          [
            [
              393809.93307265081,
              539103.39903106354
            ],
            [
              393810.08881454915,
              539103.65726091526
            ],
            [
              393810.52156792954,
              539104.15470132977
            ],
            [
              393811.18007951509,
              539104.82246341184
            ],
            [
              393812.01330097299,
              539105.57965016179
            ],
            [
              393812.97014558595,
              539106.34093730152
            ],
            [
              393813.99915888067,
              539107.01700463332
            ],
            [
              393815.04825057089,
              539107.51520571671
            ],
            [
              393815.96130807605,
              539107.75504121929
            ],
            [
              393816.81850897521,
              539107.84810324758
            ],
            [
              393817.5907386709,
              539107.87808582559
            ],
            [
              393818.2494114209,
              539107.93431572057
            ],
            [
              393818.77687472478,
              539108.10976835899
            ],
            [
              393819.32503681071,
              539108.60503363237
            ],
            [
              393819.83401747327,
              539109.35742186196
            ],
            [
              393820.32864583563,
              539110.28120508231
            ],
            [
              393821.36517358106,
              539112.38390986249
            ],
            [
              393821.9535281891,
              539113.45970918983
            ],
            [
              393822.6241063932,
              539114.49170902558
            ],
            [
              393823.4095955966,
              539115.43570175953
            ],
            [
              393824.19678087067,
              539116.15446166135
            ],
            [
              393825.06068638992,
              539116.81380914338
            ],
            [
              393826.8888993999,
              539118.1034382619
            ],
            [
              393827.79441469908,
              539118.80590172671
            ],
            [
              393828.84087497741,
              539119.76044501364
            ],
            [
              393829.83792412188,
              539120.80992596224
            ],
            [
              393830.7970554037,
              539121.92610428296
            ],
            [
              393831.72654662747,
              539123.08513486758
            ],
            [
              393832.63171268255,
              539124.26557813399
            ],
            [
              393835.21173130441,
              539127.71323457919
            ],
            [
              393836.01477626711,
              539128.73829475977
            ],
            [
              393836.77425717283,
              539129.63568451628
            ],
            [
              393837.47399349511,
              539130.34738942981
            ],
            [
              393838.09144654777,
              539130.79696466029
            ],
            [
              393838.5961756818,
              539130.88427352905
            ],
            [
              393838.95880348608,
              539130.53610300645
            ],
            [
              393839.21023255307,
              539129.83433328383
            ],
            [
              393839.37840266712,
              539128.8753020782
            ],
            [
              393839.48326271214,
              539127.73247222789
            ],
            [
              393839.53799896501,
              539126.46136626415
            ],
            [
              393839.54992740788,
              539125.10375246406
            ],
            [
              393839.5210422948,
              539123.69112486765
            ],
            [
              393839.44822505303,
              539122.24756709486
            ],
            [
              393839.32312239986,
              539120.79210736416
            ],
            [
              393839.13170586992,
              539119.34067188203
            ],
            [
              393838.85353215411,
              539117.90773385577
            ],
            [
              393838.46074040979,
              539116.50773826987
            ],
            [
              393837.97895536479,
              539115.25783565082
            ],
            [
              393837.40725732036,
              539114.03876501322
            ],
            [
              393836.77837672736,
              539112.84167891927
            ],
            [
              393835.46526759677,
              539110.48389928043
            ],
            [
              393834.83752286341,
              539109.31057537533
            ],
            [
              393834.26948212739,
              539108.13352210447
            ],
            [
              393833.79672553204,
              539106.94762750156
            ],
            [
              393833.46161974873,
              539105.74802486785
            ],
            [
              393833.29855061043,
              539104.53199983202
            ],
            [
              393833.28522569966,
              539103.31386285834
            ],
            [
              393833.39215102512,
              539102.11127865873
            ],
            [
              393833.59910438117,
              539100.9445308838
            ],
            [
              393833.89430234395,
              539099.83795239963
            ],
            [
              393834.27387527656,
              539098.82159290276
            ],
            [
              393834.74167482276,
              539097.93315389007
            ],
            [
              393835.30941771623,
              539097.22021050379
            ],
            [
              393835.99715142883,
              539096.74271420762
            ],
            [
              393836.81090476923,
              539096.54691757075
            ],
            [
              393837.73624195997,
              539096.57062402926
            ],
            [
              393838.7473531561,
              539096.74398029223
            ],
            [
              393842.13260521274,
              539097.596338626
            ],
            [
              393843.34913779423,
              539097.82502858527
            ],
            [
              393844.70713729504,
              539097.96419105865
            ],
            [
              393846.0962619232,
              539098.00833133236
            ],
            [
              393847.50450721104,
              539097.9861708656
            ],
            [
              393851.75131766684,
              539097.76328651607
            ],
            [
              393853.14638933633,
              539097.71155733243
            ],
            [
              393854.51587400306,
              539097.71054209955
            ],
            [
              393855.848018107,
              539097.78821973503
            ],
            [
              393857.12812304683,
              539097.97752657719
            ],
            [
              393858.285157796,
              539098.27962643094
            ],
            [
              393861.43120899796,
              539099.36817263626
            ],
            [
              393862.37226214446,
              539099.58049053326
            ],
            [
              393863.25079720374,
              539099.59989115223
            ],
            [
              393864.13490580674,
              539099.34751750343
            ],
            [
              393865.00998064689,
              539098.90386508964
            ],
            [
              393865.95235794503,
              539098.39027646743
            ],
            [
              393867.0159110846,
              539097.90136390924
            ],
            [
              393868.18504183181,
              539097.43975048698
            ],
            [
              393870.70807444677,
              539096.5260731373
            ],
            [
              393872.00614878908,
              539096.03171582893
            ],
            [
              393873.2944736965,
              539095.47766972147
            ],
            [
              393874.54704968259,
              539094.83071360365
            ],
            [
              393875.6353058517,
              539094.1388855502
            ],
            [
              393876.68101408705,
              539093.36217397824
            ],
            [
              393877.69183849823,
              539092.5202755779
            ],
            [
              393878.6729300702,
              539091.62786437385
            ],
            [
              393879.62705399003,
              539090.69533346407
            ],
            [
              393880.55464029033,
              539089.72938478738
            ],
            [
              393881.45374211203,
              539088.73346144706
            ],
            [
              393882.31989261787,
              539087.70802641101
            ],
            [
              393883.14585736766,
              539086.65069702454
            ],
            [
              393883.92128531821,
              539085.55624946021
            ],
            [
              393884.68676777743,
              539084.33813847601
            ],
            [
              393885.3975138329,
              539083.08200815693
            ],
            [
              393886.06838318333,
              539081.79851675965
            ],
            [
              393886.71071142051,
              539080.49571599253
            ],
            [
              393887.94188340567,
              539077.85498262197
            ],
            [
              393891.52054310031,
              539069.90464702807
            ],
            [
              393892.74809590913,
              539067.34265373647
            ],
            [
              393893.38185073808,
              539066.10756012797
            ],
            [
              393894.03534252569,
              539064.91964642331
            ],
            [
              393894.71511344425,
              539063.79648560658
            ],
            [
              393895.42951808404,
              539062.76109665819
            ],
            [
              393896.18910678569,
              539061.84325390682
            ],
            [
              393897.0069990186,
              539061.08092270419
            ],
            [
              393897.83844722901,
              539060.5208050441
            ],
            [
              393899.48950247001,
              539059.55671898462
            ],
            [
              393900.19995901361,
              539058.96294078976
            ],
            [
              393900.80705067795,
              539058.12529510446
            ],
            [
              393901.27783823293,
              539057.10648631118
            ],
            [
              393901.64728534408,
              539055.95181544684
            ],
            [
              393901.94232303463,
              539054.69649210945
            ],
            [
              393902.18342796806,
              539053.36751379445
            ],
            [
              393902.38600903377,
              539051.98535637744
            ],
            [
              393902.7188121425,
              539049.11937359907
            ],
            [
              393903.27973522432,
              539043.22752664238
            ],
            [
              393903.58747101575,
              539040.30271590315
            ],
            [
              393903.76979998592,
              539038.87093020976
            ],
            [
              393903.98451477475,
              539037.47466800362
            ],
            [
              393904.24615065753,
              539036.13015452586
            ],
            [
              393904.57431293186,
              539034.85919909738
            ],
            [
              393904.99522973318,
              539033.69092901424
            ],
            [
              393905.54360872041,
              539032.66385835223
            ],
            [
              393906.26480029989,
              539031.82829562388
            ],
            [
              393907.21211894695,
              539031.21510149539
            ],
            [
              393908.33144188672,
              539030.79266904294
            ],
            [
              393909.56853736471,
              539030.50102270767
            ],
            [
              393910.87875169516,
              539030.29085813649
            ],
            [
              393913.56776090711,
              539029.9490364641
            ],
            [
              393914.87552425452,
              539029.73954856209
            ],
            [
              393916.10806988087,
              539029.44901220128
            ],
            [
              393917.22001306806,
              539029.02809135243
            ],
            [
              393918.15603189729,
              539028.41675582528
            ],
            [
              393918.85379628092,
              539027.59509326145
            ],
            [
              393919.37909071241,
              539026.58648340032
            ],
            [
              393919.77716804203,
              539025.43975755386
            ],
            [
              393920.08279624674,
              539024.19241692871
            ],
            [
              393920.32234125864,
              539022.87288479879
            ],
            [
              393920.51554562338,
              539021.50243343227
            ],
            [
              393920.67700070702,
              539020.09678436443
            ],
            [
              393920.94415188022,
              539017.2225570567
            ],
            [
              393921.71561319102,
              539006.99652148783
            ],
            [
              393921.96328737028,
              539002.6322266534
            ],
            [
              393922.00559974089,
              539001.18475894071
            ],
            [
              393922.01180073246,
              538999.74242671207
            ],
            [
              393921.967414001,
              538998.30662139505
            ],
            [
              393921.85351513047,
              538996.87921354175
            ],
            [
              393921.6515375739,
              538995.44225446321
            ],
            [
              393921.37809098139,
              538994.01364582032
            ],
            [
              393921.05247124098,
              538992.59120373614
            ],
            [
              393920.29954945855,
              538989.75854958221
            ],
            [
              393919.04071052186,
              538985.52563632093
            ],
            [
              393914.64382878691,
              538971.44394364022
            ],
            [
              393913.39849851187,
              538967.21421148628
            ],
            [
              393913.01949457731,
              538965.80162552185
            ],
            [
              393912.67265454121,
              538964.38668311201
            ],
            [
              393912.37116857618,
              538962.96843532845
            ],
            [
              393912.1326757241,
              538961.5456155818
            ],
            [
              393911.98044229206,
              538960.11655594781
            ],
            [
              393911.9333915934,
              538958.6673849877
            ],
            [
              393911.97419853508,
              538957.21181714721
            ],
            [
              393912.07928841375,
              538955.7515022587
            ],
            [
              393912.23081370257,
              538954.28768456727
            ],
            [
              393912.41544151679,
              538952.8212912064
            ],
            [
              393912.84724914469,
              538949.88335130736
            ],
            [
              393914.52967192046,
              538939.59034086578
            ],
            [
              393914.93865948264,
              538936.66898298264
            ],
            [
              393915.09730154555,
              538935.22020053677
            ],
            [
              393915.20513228979,
              538933.78471538052
            ],
            [
              393915.23909491859,
              538932.36864545383
            ],
            [
              393915.16706615593,
              538930.98051231541
            ],
            [
              393914.94480296597,
              538929.63204787672
            ],
            [
              393914.55728236306,
              538928.39437520318
            ],
            [
              393914.02451729495,
              538927.1950872466
            ],
            [
              393913.38178641163,
              538926.02485338412
            ],
            [
              393912.62718670256,
              538924.84026093781
            ],
            [
              393911.68256189767,
              538923.51679031178
            ],
            [
              393910.59498737101,
              538922.09324662015
            ],
            [
              393909.42419398576,
              538920.62531347759
            ],
            [
              393907.06603207439,
              538917.78056564182
            ],
            [
              393903.87606598437,
              538914.03581232019
            ],
            [
              393903.73900864366,
              538913.83114272729
            ]
          ]
        ]
      }
    },
    {
      "attributes" : {
        "FID" : 1,
        "PMNTN_SN" : 3868,
        "MNTN_CODE" : "422300501",
        "MNTN_NM" : "고성산",
        "PMNTN_NM" : "오분동구간",
        "PMNTN_MAIN" : " ",
        "PMNTN_LT" : 0.05,
        "PMNTN_DFFL" : "쉬움",
        "PMNTN_UPPL" : 1,
        "PMNTN_GODN" : 1,
        "PMNTN_MTRQ" : " ",
        "PMNTN_CNRL" : " ",
        "PMNTN_CLS_" : " ",
        "PMNTN_RISK" : " ",
        "PMNTN_RECO" : " ",
        "DATA_STDR_" : "2016-12-31",
        "MNTN_ID" : "2204070300"
      },
      "geometry" : {
        "paths" : [
          [
            [
              393809.93307265081,
              539103.39903106354
            ],
            [
              393764.41066887509,
              539086.70087325759
            ]
          ]
        ]
      }
    },
    {
      "attributes" : {
        "FID" : 2,
        "PMNTN_SN" : 3869,
        "MNTN_CODE" : "422300501",
        "MNTN_NM" : "고성산",
        "PMNTN_NM" : "오분동구간",
        "PMNTN_MAIN" : " ",
        "PMNTN_LT" : 0.08,
        "PMNTN_DFFL" : "쉬움",
        "PMNTN_UPPL" : 1,
        "PMNTN_GODN" : 1,
        "PMNTN_MTRQ" : " ",
        "PMNTN_CNRL" : " ",
        "PMNTN_CLS_" : " ",
        "PMNTN_RISK" : " ",
        "PMNTN_RECO" : " ",
        "DATA_STDR_" : "2016-12-31",
        "MNTN_ID" : "2204070300"
      },
      "geometry" : {
        "paths" : [
          [
            [
              393754.30932380725,
              539145.69698255509
            ],
            [
              393758.45829567127,
              539140.70576137118
            ],
            [
              393760.65275070071,
              539137.34979434125
            ],
            [
              393762.57703213952,
              539134.46034321934
            ],
            [
              393764.69274710678,
              539133.21006188914
            ],
            [
              393765.70632698387,
              539131.76999450661
            ],
            [
              393766.86617476493,
              539130.98278211057
            ],
            [
              393768.41929886956,
              539129.88404835016
            ],
            [
              393769.98703693226,
              539128.76759869978
            ],
            [
              393772.04469197616,
              539127.29305295087
            ],
            [
              393773.39361680299,
              539126.22963361442
            ],
            [
              393775.66771197692,
              539123.7297391016
            ],
            [
              393774.17061867658,
              539121.00730786659
            ],
            [
              393777.32986578997,
              539121.56863960624
            ],
            [
              393782.3182178773,
              539122.18856293522
            ],
            [
              393783.69209078979,
              539120.32018570602
            ],
            [
              393789.45867021941,
              539114.19947061688
            ],
            [
              393801.91216447856,
              539108.66716864891
            ],
            [
              393809.93307265081,
              539103.39903106354
            ]
          ]
        ]
      }
    },
    {
      "attributes" : {
        "FID" : 3,
        "PMNTN_SN" : 3870,
        "MNTN_CODE" : "422300501",
        "MNTN_NM" : "고성산",
        "PMNTN_NM" : " ",
        "PMNTN_MAIN" : " ",
        "PMNTN_LT" : 0.22,
        "PMNTN_DFFL" : "쉬움",
        "PMNTN_UPPL" : 4,
        "PMNTN_GODN" : 3,
        "PMNTN_MTRQ" : " ",
        "PMNTN_CNRL" : " ",
        "PMNTN_CLS_" : " ",
        "PMNTN_RISK" : " ",
        "PMNTN_RECO" : " ",
        "DATA_STDR_" : "2016-12-31",
        "MNTN_ID" : "2204070300"
      },
      "geometry" : {
        "paths" : [
          [
            [
              393903.73900864366,
              538913.83114272729
            ],
            [
              393903.48209161218,
              538913.8103078641
            ],
            [
              393902.93050541636,
              538913.64002648182
            ],
            [
              393902.16390798986,
              538913.31557913125
            ],
            [
              393901.26943569537,
              538912.82760284841
            ],
            [
              393900.33681223262,
              538912.16511536576
            ],
            [
              393899.45846585743,
              538911.31537454575
            ],
            [
              393898.5956369685,
              538910.06070684642
            ],
            [
              393897.95573672839,
              538908.59746810421
            ],
            [
              393897.53062122967,
              538907.01505812444
            ],
            [
              393897.30199907627,
              538905.40970240906
            ],
            [
              393897.24891002942,
              538903.87931841612
            ],
            [
              393897.40588175785,
              538899.47494549863
            ],
            [
              393897.46543788072,
              538896.54823384434
            ],
            [
              393897.43956806976,
              538895.10947571695
            ],
            [
              393897.35103846621,
              538893.69931313768
            ],
            [
              393897.17359437887,
              538892.32998436689
            ],
            [
              393896.87292847689,
              538891.0173465386
            ],
            [
              393896.40436822362,
              538889.78196146339
            ],
            [
              393895.73509420361,
              538888.64364470169
            ],
            [
              393894.90210046899,
              538887.58067537472
            ],
            [
              393893.95118164085,
              538886.57199539989
            ],
            [
              393892.91664482001,
              538885.60178151727
            ],
            [
              393891.82407910563,
              538884.65816288069
            ],
            [
              393890.69264012761,
              538883.73215466924
            ],
            [
              393886.03262219299,
              538880.07950116321
            ],
            [
              393884.88447280787,
              538879.15235231258
            ],
            [
              393883.76450286526,
              538878.20719694532
            ],
            [
              393882.68728807941,
              538877.23520874791
            ],
            [
              393881.67165494245,
              538876.22488464229
            ],
            [
              393880.74220821913,
              538875.16114308313
            ],
            [
              393879.93107230589,
              538874.02428853139
            ],
            [
              393879.28657719214,
              538872.84549476579
            ],
            [
              393878.75250924379,
              538871.59815437347
            ],
            [
              393878.29953781888,
              538870.29999154992
            ],
            [
              393877.90522925742,
              538868.96460993588
            ],
            [
              393877.55274077877,
              538867.60233923793
            ],
            [
              393877.22974641714,
              538866.22096108645
            ],
            [
              393876.92759723309,
              538864.82632018253
            ],
            [
              393876.36615331564,
              538862.0139311105
            ],
            [
              393875.85471521039,
              538859.19075915404
            ],
            [
              393875.6245683711,
              538857.78151051141
            ],
            [
              393875.42087746412,
              538856.37750024535
            ],
            [
              393875.25526652765,
              538854.98222506233
            ],
            [
              393875.14407056384,
              538853.60020732321
            ],
            [
              393875.10954128671,
              538852.23742364347
            ],
            [
              393875.1813556822,
              538850.90180934034
            ],
            [
              393875.39843321498,
              538849.60385264829
            ],
            [
              393875.80770836584,
              538848.3144699391
            ],
            [
              393876.37393834628,
              538847.07048105821
            ],
            [
              393877.05918434914,
              538845.86696001142
            ],
            [
              393877.83664101921,
              538844.70330861397
            ],
            [
              393878.68900219537,
              538843.58343158104
            ],
            [
              393879.60726026352,
              538842.51615949906
            ],
            [
              393880.5899444744,
              538841.51594495215
            ],
            [
              393881.642778893,
              538840.60384533927
            ],
            [
              393882.77872252278,
              538839.80878759548
            ],
            [
              393883.98558264971,
              538839.16503722221
            ],
            [
              393885.26532494836,
              538838.63230147585
            ],
            [
              393886.59703725111,
              538838.18028236181
            ],
            [
              393887.96450671367,
              538837.78525845148
            ],
            [
              393889.35498976707,
              538837.42845815606
            ],
            [
              393894.9554122081,
              538836.10274056718
            ],
            [
              393896.32007757761,
              538835.73252617568
            ],
            [
              393897.64862447605,
              538835.31667912379
            ],
            [
              393898.92539831251,
              538834.83424006775
            ],
            [
              393900.13026595209,
              538834.25847097673
            ],
            [
              393901.23727929592,
              538833.55508241244
            ],
            [
              393902.24066455755,
              538832.68162205257
            ],
            [
              393903.14340313245,
              538831.67646931298
            ],
            [
              393903.97237062827,
              538830.5746788606
            ],
            [
              393904.74807502143,
              538829.40297809988
            ],
            [
              393905.48596031033,
              538828.1814677082
            ],
            [
              393906.19751057588,
              538826.92506230064
            ],
            [
              393906.89115913771,
              538825.64467729814
            ],
            [
              393908.2474762639,
              538823.04118220136
            ],
            [
              393912.93333378341,
              538813.81267540529
            ],
            [
              393914.97156113293,
              538809.88345197774
            ],
            [
              393916.35478461254,
              538807.30907072127
            ],
            [
              393917.05753728654,
              538806.04940656014
            ],
            [
              393917.77026468888,
              538804.81886890531
            ],
            [
              393918.49547085166,
              538803.6292689871
            ],
            [
              393919.23620233778,
              538802.49646069109
            ],
            [
              393919.99607123435,
              538801.44144071825
            ],
            [
              393920.77921679616,
              538800.49163929559
            ],
            [
              393921.59015700687,
              538799.68237359077
            ],
            [
              393922.42106599733,
              538799.03424458206
            ],
            [
              393923.205757319,
              538798.48633688875
            ],
            [
              393923.8604374323,
              538797.95925300382
            ],
            [
              393924.29136140086,
              538797.37492354959
            ],
            [
              393924.42926015332,
              538796.77314321697
            ],
            [
              393924.41195786465,
              538796.07752811722
            ],
            [
              393924.24608464073,
              538794.41882003099
            ],
            [
              393924.24719351064,
              538793.3107253816
            ],
            [
              393924.34084782936,
              538792.1107661631
            ],
            [
              393924.50635600742,
              538790.84350539744
            ],
            [
              393924.72703867499,
              538789.52763742954
            ],
            [
              393924.98967948463,
              538788.17721354216
            ],
            [
              393925.60184665397,
              538785.4116676636
            ],
            [
              393926.28526105918,
              538782.60100603662
            ],
            [
              393928.45191629976,
              538774.12488434277
            ],
            [
              393929.11336409859,
              538771.32604184933
            ],
            [
              393929.40300082322,
              538769.94016365334
            ],
            [
              393929.64814457297,
              538768.56793724187
            ],
            [
              393929.83028675057,
              538767.21433432959
            ],
            [
              393929.92469116766,
              538765.88596713915
            ],
            [
              393929.89863754716,
              538764.59153007902
            ],
            [
              393929.70934843738,
              538763.34230490215
            ],
            [
              393929.36226605065,
              538762.23762520403
            ],
            [
              393928.89213995729,
              538761.16202058457
            ],
            [
              393927.80055883527,
              538759.01723867841
            ],
            [
              393927.28118192684,
              538757.90689180233
            ],
            [
              393926.80413635634,
              538756.65301899984
            ],
            [
              393926.40607451461,
              538755.34963019192
            ],
            [
              393926.06892694067,
              538754.00884972513
            ],
            [
              393925.77825626917,
              538752.64015421271
            ],
            [
              393925.29339829925,
              538749.8465298526
            ],
            [
              393924.70289030857,
              538745.58033506013
            ],
            [
              393924.15767403319,
              538741.04254949652
            ],
            [
              393922.71728365961,
              538728.34359640628
            ]
          ]
        ]
      }
    },
    {
      "attributes" : {
        "FID" : 4,
        "PMNTN_SN" : 3871,
        "MNTN_CODE" : "422300501",
        "MNTN_NM" : "고성산",
        "PMNTN_NM" : " ",
        "PMNTN_MAIN" : " ",
        "PMNTN_LT" : 0.06,
        "PMNTN_DFFL" : "쉬움",
        "PMNTN_UPPL" : 1,
        "PMNTN_GODN" : 1,
        "PMNTN_MTRQ" : " ",
        "PMNTN_CNRL" : " ",
        "PMNTN_CLS_" : " ",
        "PMNTN_RISK" : " ",
        "PMNTN_RECO" : " ",
        "DATA_STDR_" : "2016-12-31",
        "MNTN_ID" : "2204070300"
      },
      "geometry" : {
        "paths" : [
          [
            [
              393922.71728365961,
              538728.34359640628
            ],
            [
              393928.587150109,
              538716.75100839324
            ],
            [
              393929.54461556859,
              538714.81704514287
            ],
            [
              393930.45144665055,
              538712.87855116464
            ],
            [
              393930.86889487598,
              538711.90608584695
            ],
            [
              393931.24790570233,
              538710.93018117547
            ],
            [
              393931.57272417098,
              538709.94942741655
            ],
            [
              393931.82226282544,
              538708.96193767712
            ],
            [
              393931.96864394005,
              538707.96521747299
            ],
            [
              393931.99017338827,
              538706.9767840188
            ],
            [
              393931.91324575339,
              538705.97954070196
            ],
            [
              393931.76503406093,
              538704.97591893747
            ],
            [
              393931.56590951234,
              538703.96774152666
            ],
            [
              393931.07128435653,
              538701.94276305474
            ],
            [
              393930.2131654229,
              538698.89489953592
            ],
            [
              393927.21707978752,
              538688.72321309708
            ],
            [
              393922.85780096054,
              538673.79910361022
            ]
          ]
        ]
      }
    },
    {
      "attributes" : {
        "FID" : 5,
        "PMNTN_SN" : 3872,
        "MNTN_CODE" : "422300501",
        "MNTN_NM" : "고성산",
        "PMNTN_NM" : "오분동구간",
        "PMNTN_MAIN" : " ",
        "PMNTN_LT" : 0.21,
        "PMNTN_DFFL" : "쉬움",
        "PMNTN_UPPL" : 4,
        "PMNTN_GODN" : 3,
        "PMNTN_MTRQ" : " ",
        "PMNTN_CNRL" : " ",
        "PMNTN_CLS_" : " ",
        "PMNTN_RISK" : " ",
        "PMNTN_RECO" : " ",
        "DATA_STDR_" : "2016-12-31",
        "MNTN_ID" : "2204070300"
      },
      "geometry" : {
        "paths" : [
          [
            [
              393922.71728365961,
              538728.34359640628
            ],
            [
              393921.04609786253,
              538731.54274522699
            ],
            [
              393920.22374524921,
              538733.0064713005
            ],
            [
              393919.28663678747,
              538734.56470661052
            ],
            [
              393918.25741527136,
              538736.13102504052
            ],
            [
              393917.15749751311,
              538737.6177452635
            ],
            [
              393916.00753926672,
              538738.93640380725
            ],
            [
              393914.80474827532,
              538740.03717542812
            ],
            [
              393913.62718765996,
              538740.89149953239
            ],
            [
              393912.40561148338,
              538741.6755158212
            ],
            [
              393911.14720791765,
              538742.42214107141
            ],
            [
              393908.56458599027,
              538743.84951194189
            ],
            [
              393905.93734086026,
              538745.23425859585
            ],
            [
              393895.3265257217,
              538750.73842528835
            ],
            [
              393880.77225105558,
              538758.19970415719
            ],
            [
              393878.16452993453,
              538759.51035490818
            ],
            [
              393876.89060938824,
              538760.1020004712
            ],
            [
              393875.64977155998,
              538760.62223552912
            ],
            [
              393874.45650822297,
              538761.03899048828
            ],
            [
              393873.33039355557,
              538761.30884389207
            ],
            [
              393872.29751362372,
              538761.37378941849
            ],
            [
              393871.39215649106,
              538761.15739753842
            ],
            [
              393870.63954437897,
              538760.59559081681
            ],
            [
              393870.01368342899,
              538759.75194753334
            ],
            [
              393869.47823799774,
              538758.70478025638
            ],
            [
              393869.004593377,
              538757.51412622631
            ],
            [
              393868.56976661272,
              538756.2259144187
            ],
            [
              393867.31394284964,
              538752.09551145695
            ],
            [
              393866.85345194209,
              538750.70960850827
            ],
            [
              393866.33884402271,
              538749.35349726677
            ],
            [
              393865.74412766006,
              538748.0487838611
            ],
            [
              393865.03662678413,
              538746.82035265863
            ],
            [
              393864.2127172919,
              538745.71482338011
            ],
            [
              393863.27923064493,
              538744.68574406765
            ],
            [
              393862.26494129002,
              538743.7138226945
            ],
            [
              393861.19190044887,
              538742.78411747888
            ],
            [
              393860.07678419258,
              538741.88520595618
            ],
            [
              393857.76684586797,
              538740.14745535888
            ],
            [
              393854.20618845336,
              538737.6175992731
            ],
            [
              393849.24641069304,
              538732.80874922685
            ],
            [
              393829.62188018765,
              538719.95835624076
            ],
            [
              393826.71146351658,
              538716.78335623816
            ],
            [
              393825.12396351621,
              538712.81460623443
            ],
            [
              393823.27188018057,
              538709.37502289936
            ],
            [
              393821.41979684681,
              538705.93543956056
            ],
            [
              393818.77396351006,
              538704.08335622773
            ],
            [
              393814.54063017108,
              538703.02502289228
            ],
            [
              393810.83646350168,
              538702.2312728893
            ],
            [
              393808.45521349832,
              538701.17293955758
            ],
            [
              393805.28021349665,
              538697.99793955125
            ],
            [
              393803.16354682762,
              538696.67502288334
            ],
            [
              393799.98854682408,
              538694.8229395505
            ],
            [
              393794.69688015152,
              538692.70627287962
            ],
            [
              393791.25729681458,
              538690.32502287999
            ],
            [
              393787.02396347746,
              538686.88543954119
            ],
            [
              393783.3197968062,
              538683.18127286993
            ],
            [
              393777.76354680117,
              538678.68335619941
            ],
            [
              393773.26563012879,
              538673.39168952778
            ],
            [
              393769.56146345939,
              538669.15835618973
            ],
            [
              393764.79896345455,
              538661.48543951474
            ]
          ]
        ]
      }
    }
  ]
}