{
  "displayFieldName" : "",
  "fieldAliases" : {
    "FID" : "FID",
    "SAFE_SPOT1" : "SAFE_SPOT1",
    "SAFE_SPOT2" : "SAFE_SPOT2",
    "SAFE_SPOT3" : "SAFE_SPOT3",
    "MGC" : "MGC",
    "ETC_MATTER" : "ETC_MATTER",
    "MNTN_NM" : "MNTN_NM"
  },
  "geometryType" : "esriGeometryPoint",
  "spatialReference" : {
    "wkt" : "PROJCS[\"PCS_ITRF2000_TM\",GEOGCS[\"GCS_ITRF_2000\",DATUM[\"D_ITRF_2000\",SPHEROID[\"GRS_1980\",6378137.0,298.257222101]],PRIMEM[\"Greenwich\",0.0],UNIT[\"Degree\",0.0174532925199433]],PROJECTION[\"Transverse_Mercator\"],PARAMETER[\"False_Easting\",200000.0],PARAMETER[\"False_Northing\",600000.0],PARAMETER[\"Central_Meridian\",127.0],PARAMETER[\"Scale_Factor\",1.0],PARAMETER[\"Latitude_Of_Origin\",38.0],UNIT[\"Meter\",1.0]]"
  },
  "fields" : [
    {
      "name" : "FID",
      "type" : "esriFieldTypeOID",
      "alias" : "FID"
    },
    {
      "name" : "SAFE_SPOT1",
      "type" : "esriFieldTypeDouble",
      "alias" : "SAFE_SPOT1"
    },
    {
      "name" : "SAFE_SPOT2",
      "type" : "esriFieldTypeString",
      "alias" : "SAFE_SPOT2",
      "length" : 50
    },
    {
      "name" : "SAFE_SPOT3",
      "type" : "esriFieldTypeString",
      "alias" : "SAFE_SPOT3",
      "length" : 50
    },
    {
      "name" : "MGC",
      "type" : "esriFieldTypeString",
      "alias" : "MGC",
      "length" : 50
    },
    {
      "name" : "ETC_MATTER",
      "type" : "esriFieldTypeString",
      "alias" : "ETC_MATTER",
      "length" : 200
    },
    {
      "name" : "MNTN_NM",
      "type" : "esriFieldTypeString",
      "alias" : "MNTN_NM",
      "length" : 50
    }
  ],
  "features" : [
    {
      "attributes" : {
        "FID" : 0,
        "SAFE_SPOT1" : 5006,
        "SAFE_SPOT2" : "산악위치 표시판",
        "SAFE_SPOT3" : " ",
        "MGC" : "홍성소방서",
        "ETC_MATTER" : " ",
        "MNTN_NM" : "남산"
      },
      "geometry" : {
        "x" : 168897.08830000181,
        "y" : 441905.35099999979
      }
    },
    {
      "attributes" : {
        "FID" : 1,
        "SAFE_SPOT1" : 5007,
        "SAFE_SPOT2" : "산악위치 표시판",
        "SAFE_SPOT3" : " ",
        "MGC" : "홍성소방서",
        "ETC_MATTER" : " ",
        "MNTN_NM" : "남산"
      },
      "geometry" : {
        "x" : 168847.36320000049,
        "y" : 441905.53090000153
      }
    },
    {
      "attributes" : {
        "FID" : 2,
        "SAFE_SPOT1" : 5008,
        "SAFE_SPOT2" : "산악위치 표시판",
        "SAFE_SPOT3" : " ",
        "MGC" : "홍성소방서",
        "ETC_MATTER" : " ",
        "MNTN_NM" : "남산"
      },
      "geometry" : {
        "x" : 168772.88750000112,
        "y" : 441936.62629999965
      }
    },
    {
      "attributes" : {
        "FID" : 3,
        "SAFE_SPOT1" : 5009,
        "SAFE_SPOT2" : "산악위치 표시판",
        "SAFE_SPOT3" : " ",
        "MGC" : "홍성소방서",
        "ETC_MATTER" : " ",
        "MNTN_NM" : "남산"
      },
      "geometry" : {
        "x" : 170066.48470000084,
        "y" : 442147.8078000024
      }
    },
    {
      "attributes" : {
        "FID" : 4,
        "SAFE_SPOT1" : 5010,
        "SAFE_SPOT2" : "산악위치 표시판",
        "SAFE_SPOT3" : " ",
        "MGC" : "홍성소방서",
        "ETC_MATTER" : " ",
        "MNTN_NM" : "남산"
      },
      "geometry" : {
        "x" : 168649.69830000214,
        "y" : 442245.32920000143
      }
    },
    {
      "attributes" : {
        "FID" : 5,
        "SAFE_SPOT1" : 5011,
        "SAFE_SPOT2" : "산악위치 표시판",
        "SAFE_SPOT3" : " ",
        "MGC" : "홍성소방서",
        "ETC_MATTER" : " ",
        "MNTN_NM" : "남산"
      },
      "geometry" : {
        "x" : 168699.64560000133,
        "y" : 442306.7984000016
      }
    },
    {
      "attributes" : {
        "FID" : 6,
        "SAFE_SPOT1" : 5012,
        "SAFE_SPOT2" : "산악위치 표시판",
        "SAFE_SPOT3" : " ",
        "MGC" : "홍성소방서",
        "ETC_MATTER" : " ",
        "MNTN_NM" : "남산"
      },
      "geometry" : {
        "x" : 168625.17390000075,
        "y" : 442337.89510000125
      }
    },
    {
      "attributes" : {
        "FID" : 7,
        "SAFE_SPOT1" : 5013,
        "SAFE_SPOT2" : "산악위치 표시판",
        "SAFE_SPOT3" : " ",
        "MGC" : "홍성소방서",
        "ETC_MATTER" : " ",
        "MNTN_NM" : "남산"
      },
      "geometry" : {
        "x" : 168550.25210000109,
        "y" : 442245.6921000015
      }
    },
    {
      "attributes" : {
        "FID" : 8,
        "SAFE_SPOT1" : 5014,
        "SAFE_SPOT2" : "산악위치 표시판",
        "SAFE_SPOT3" : " ",
        "MGC" : "홍성소방서",
        "ETC_MATTER" : " ",
        "MNTN_NM" : "남산"
      },
      "geometry" : {
        "x" : 168550.81539999973,
        "y" : 442399.81759999879
      }
    },
    {
      "attributes" : {
        "FID" : 9,
        "SAFE_SPOT1" : 5015,
        "SAFE_SPOT2" : "산악위치 표시판",
        "SAFE_SPOT3" : " ",
        "MGC" : "홍성소방서",
        "ETC_MATTER" : " ",
        "MNTN_NM" : "남산"
      },
      "geometry" : {
        "x" : 168602.11239999998,
        "y" : 442831.18759999983
      }
    },
    {
      "attributes" : {
        "FID" : 10,
        "SAFE_SPOT1" : 5016,
        "SAFE_SPOT2" : "산악위치 표시판",
        "SAFE_SPOT3" : " ",
        "MGC" : "홍성소방서",
        "ETC_MATTER" : " ",
        "MNTN_NM" : "남산"
      },
      "geometry" : {
        "x" : 168503.23720000032,
        "y" : 442985.67679999955
      }
    },
    {
      "attributes" : {
        "FID" : 11,
        "SAFE_SPOT1" : 5017,
        "SAFE_SPOT2" : "산악위치 표시판",
        "SAFE_SPOT3" : " ",
        "MGC" : "홍성소방서",
        "ETC_MATTER" : " ",
        "MNTN_NM" : "남산"
      },
      "geometry" : {
        "x" : 168702.11250000075,
        "y" : 442984.95100000128
      }
    },
    {
      "attributes" : {
        "FID" : 12,
        "SAFE_SPOT1" : 5018,
        "SAFE_SPOT2" : "산악위치 표시판",
        "SAFE_SPOT3" : " ",
        "MGC" : "홍성소방서",
        "ETC_MATTER" : " ",
        "MNTN_NM" : "남산"
      },
      "geometry" : {
        "x" : 168900.43070000038,
        "y" : 442830.10410000011
      }
    },
    {
      "attributes" : {
        "FID" : 13,
        "SAFE_SPOT1" : 5019,
        "SAFE_SPOT2" : "산악위치 표시판",
        "SAFE_SPOT3" : " ",
        "MGC" : "홍성소방서",
        "ETC_MATTER" : " ",
        "MNTN_NM" : "남산"
      },
      "geometry" : {
        "x" : 169049.58979999926,
        "y" : 442829.56620000117
      }
    }
  ]
}