{
  "displayFieldName" : "",
  "fieldAliases" : {
    "FID" : "FID",
    "PMNTN_SPOT" : "PMNTN_SPOT",
    "MNTN_CODE" : "MNTN_CODE",
    "MANAGE_SP1" : "MANAGE_SP1",
    "MANAGE_SP2" : "MANAGE_SP2",
    "DETAIL_SPO" : "DETAIL_SPO",
    "ETC_MATTER" : "ETC_MATTER",
    "MNTN_NM" : "MNTN_NM",
    "PAST_SPOT_" : "PAST_SPOT_",
    "MNTN_ID" : "MNTN_ID"
  },
  "geometryType" : "esriGeometryPoint",
  "spatialReference" : {
    "wkt" : "PROJCS[\"PCS_ITRF2000_TM\",GEOGCS[\"GCS_ITRF_2000\",DATUM[\"D_ITRF_2000\",SPHEROID[\"GRS_1980\",6378137.0,298.257222101]],PRIMEM[\"Greenwich\",0.0],UNIT[\"Degree\",0.0174532925199433]],PROJECTION[\"Transverse_Mercator\"],PARAMETER[\"False_Easting\",200000.0],PARAMETER[\"False_Northing\",600000.0],PARAMETER[\"Central_Meridian\",127.0],PARAMETER[\"Scale_Factor\",1.0],PARAMETER[\"Latitude_Of_Origin\",38.0],UNIT[\"Meter\",1.0]]"
  },
  "fields" : [
    {
      "name" : "FID",
      "type" : "esriFieldTypeOID",
      "alias" : "FID"
    },
    {
      "name" : "PMNTN_SPOT",
      "type" : "esriFieldTypeDouble",
      "alias" : "PMNTN_SPOT"
    },
    {
      "name" : "MNTN_CODE",
      "type" : "esriFieldTypeString",
      "alias" : "MNTN_CODE",
      "length" : 9
    },
    {
      "name" : "MANAGE_SP1",
      "type" : "esriFieldTypeString",
      "alias" : "MANAGE_SP1",
      "length" : 2
    },
    {
      "name" : "MANAGE_SP2",
      "type" : "esriFieldTypeString",
      "alias" : "MANAGE_SP2",
      "length" : 50
    },
    {
      "name" : "DETAIL_SPO",
      "type" : "esriFieldTypeString",
      "alias" : "DETAIL_SPO",
      "length" : 200
    },
    {
      "name" : "ETC_MATTER",
      "type" : "esriFieldTypeString",
      "alias" : "ETC_MATTER",
      "length" : 200
    },
    {
      "name" : "MNTN_NM",
      "type" : "esriFieldTypeString",
      "alias" : "MNTN_NM",
      "length" : 50
    },
    {
      "name" : "PAST_SPOT_",
      "type" : "esriFieldTypeString",
      "alias" : "PAST_SPOT_",
      "length" : 14
    },
    {
      "name" : "MNTN_ID",
      "type" : "esriFieldTypeString",
      "alias" : "MNTN_ID",
      "length" : 10
    }
  ],
  "features" : [
    {
      "attributes" : {
        "FID" : 0,
        "PMNTN_SPOT" : 16708,
        "MNTN_CODE" : "471100801",
        "MANAGE_SP1" : "02",
        "MANAGE_SP2" : "분기점",
        "DETAIL_SPO" : "분기점",
        "ETC_MATTER" : " ",
        "MNTN_NM" : "내연산",
        "PAST_SPOT_" : "4711302010001",
        "MNTN_ID" : "471130201"
      },
      "geometry" : {
        "x" : 401798.06540006585,
        "y" : 406847.42010000721
      }
    },
    {
      "attributes" : {
        "FID" : 1,
        "PMNTN_SPOT" : 16709,
        "MNTN_CODE" : "471100801",
        "MANAGE_SP1" : "01",
        "MANAGE_SP2" : "시종점",
        "DETAIL_SPO" : "시종점",
        "ETC_MATTER" : " ",
        "MNTN_NM" : "내연산",
        "PAST_SPOT_" : "4711302010002",
        "MNTN_ID" : "471130201"
      },
      "geometry" : {
        "x" : 402797.07530006766,
        "y" : 407671.03400000371
      }
    },
    {
      "attributes" : {
        "FID" : 2,
        "PMNTN_SPOT" : 16710,
        "MNTN_CODE" : "471100801",
        "MANAGE_SP1" : "02",
        "MANAGE_SP2" : "분기점",
        "DETAIL_SPO" : "분기점",
        "ETC_MATTER" : " ",
        "MNTN_NM" : "내연산",
        "PAST_SPOT_" : "4711302010003",
        "MNTN_ID" : "471130201"
      },
      "geometry" : {
        "x" : 402799.59110006783,
        "y" : 407126.40870000795
      }
    },
    {
      "attributes" : {
        "FID" : 3,
        "PMNTN_SPOT" : 16711,
        "MNTN_CODE" : "471100801",
        "MANAGE_SP1" : "02",
        "MANAGE_SP2" : "분기점",
        "DETAIL_SPO" : "분기점",
        "ETC_MATTER" : " ",
        "MNTN_NM" : "내연산",
        "PAST_SPOT_" : "4711302010004",
        "MNTN_ID" : "471130201"
      },
      "geometry" : {
        "x" : 403161.54637640715,
        "y" : 407687.30113037676
      }
    },
    {
      "attributes" : {
        "FID" : 4,
        "PMNTN_SPOT" : 16712,
        "MNTN_CODE" : "471100801",
        "MANAGE_SP1" : "02",
        "MANAGE_SP2" : "분기점",
        "DETAIL_SPO" : "분기점",
        "ETC_MATTER" : " ",
        "MNTN_NM" : "내연산",
        "PAST_SPOT_" : "4711302010005",
        "MNTN_ID" : "471130201"
      },
      "geometry" : {
        "x" : 403228.12440381665,
        "y" : 404643.59168289229
      }
    },
    {
      "attributes" : {
        "FID" : 5,
        "PMNTN_SPOT" : 16713,
        "MNTN_CODE" : "471100801",
        "MANAGE_SP1" : "02",
        "MANAGE_SP2" : "분기점",
        "DETAIL_SPO" : "분기점",
        "ETC_MATTER" : " ",
        "MNTN_NM" : "내연산",
        "PAST_SPOT_" : "4711302010006",
        "MNTN_ID" : "471130201"
      },
      "geometry" : {
        "x" : 403232.65408265591,
        "y" : 404634.69171727262
      }
    },
    {
      "attributes" : {
        "FID" : 6,
        "PMNTN_SPOT" : 16714,
        "MNTN_CODE" : "471100801",
        "MANAGE_SP1" : "02",
        "MANAGE_SP2" : "분기점",
        "DETAIL_SPO" : "분기점",
        "ETC_MATTER" : " ",
        "MNTN_NM" : "내연산",
        "PAST_SPOT_" : "4711302010007",
        "MNTN_ID" : "471130201"
      },
      "geometry" : {
        "x" : 403247.51250007097,
        "y" : 404657.38400000334
      }
    },
    {
      "attributes" : {
        "FID" : 7,
        "PMNTN_SPOT" : 16715,
        "MNTN_CODE" : "471100801",
        "MANAGE_SP1" : "02",
        "MANAGE_SP2" : "분기점",
        "DETAIL_SPO" : "분기점",
        "ETC_MATTER" : " ",
        "MNTN_NM" : "내연산",
        "PAST_SPOT_" : "4711302010008",
        "MNTN_ID" : "471130201"
      },
      "geometry" : {
        "x" : 403286.28900007159,
        "y" : 404628.05680000409
      }
    },
    {
      "attributes" : {
        "FID" : 8,
        "PMNTN_SPOT" : 16716,
        "MNTN_CODE" : "471100801",
        "MANAGE_SP1" : "01",
        "MANAGE_SP2" : "시종점",
        "DETAIL_SPO" : "시종점",
        "ETC_MATTER" : " ",
        "MNTN_NM" : "내연산",
        "PAST_SPOT_" : "4711302010009",
        "MNTN_ID" : "471130201"
      },
      "geometry" : {
        "x" : 403314.10180007014,
        "y" : 404714.97160000354
      }
    },
    {
      "attributes" : {
        "FID" : 9,
        "PMNTN_SPOT" : 16717,
        "MNTN_CODE" : "471100801",
        "MANAGE_SP1" : "02",
        "MANAGE_SP2" : "분기점",
        "DETAIL_SPO" : "분기점",
        "ETC_MATTER" : " ",
        "MNTN_NM" : "내연산",
        "PAST_SPOT_" : "4711302010010",
        "MNTN_ID" : "471130201"
      },
      "geometry" : {
        "x" : 403346.74120007176,
        "y" : 407996.61570000648
      }
    },
    {
      "attributes" : {
        "FID" : 10,
        "PMNTN_SPOT" : 16718,
        "MNTN_CODE" : "471100801",
        "MANAGE_SP1" : "02",
        "MANAGE_SP2" : "분기점",
        "DETAIL_SPO" : "분기점",
        "ETC_MATTER" : " ",
        "MNTN_NM" : "내연산",
        "PAST_SPOT_" : "4711302010011",
        "MNTN_ID" : "471130201"
      },
      "geometry" : {
        "x" : 403808.14730007295,
        "y" : 404642.17940000631
      }
    },
    {
      "attributes" : {
        "FID" : 11,
        "PMNTN_SPOT" : 16719,
        "MNTN_CODE" : "471100801",
        "MANAGE_SP1" : "02",
        "MANAGE_SP2" : "분기점",
        "DETAIL_SPO" : "분기점",
        "ETC_MATTER" : " ",
        "MNTN_NM" : "내연산",
        "PAST_SPOT_" : "4711302010012",
        "MNTN_ID" : "471130201"
      },
      "geometry" : {
        "x" : 404151.65194802638,
        "y" : 405739.54453621991
      }
    },
    {
      "attributes" : {
        "FID" : 12,
        "PMNTN_SPOT" : 16720,
        "MNTN_CODE" : "471100801",
        "MANAGE_SP1" : "02",
        "MANAGE_SP2" : "분기점",
        "DETAIL_SPO" : "분기점",
        "ETC_MATTER" : " ",
        "MNTN_NM" : "내연산",
        "PAST_SPOT_" : "4711302010013",
        "MNTN_ID" : "471130201"
      },
      "geometry" : {
        "x" : 404306.1265000701,
        "y" : 406685.99000000395
      }
    },
    {
      "attributes" : {
        "FID" : 13,
        "PMNTN_SPOT" : 16721,
        "MNTN_CODE" : "471100801",
        "MANAGE_SP1" : "02",
        "MANAGE_SP2" : "분기점",
        "DETAIL_SPO" : "분기점",
        "ETC_MATTER" : " ",
        "MNTN_NM" : "내연산",
        "PAST_SPOT_" : "4711302010014",
        "MNTN_ID" : "471130201"
      },
      "geometry" : {
        "x" : 405791.16493558697,
        "y" : 407890.5947833024
      }
    },
    {
      "attributes" : {
        "FID" : 14,
        "PMNTN_SPOT" : 16722,
        "MNTN_CODE" : "471100801",
        "MANAGE_SP1" : "01",
        "MANAGE_SP2" : "시종점",
        "DETAIL_SPO" : "시종점",
        "ETC_MATTER" : " ",
        "MNTN_NM" : "내연산",
        "PAST_SPOT_" : "4711302010015",
        "MNTN_ID" : "471130201"
      },
      "geometry" : {
        "x" : 406596.82770007849,
        "y" : 408267.67240000702
      }
    },
    {
      "attributes" : {
        "FID" : 15,
        "PMNTN_SPOT" : 16723,
        "MNTN_CODE" : "471100801",
        "MANAGE_SP1" : "01",
        "MANAGE_SP2" : "시종점",
        "DETAIL_SPO" : "시종점",
        "ETC_MATTER" : " ",
        "MNTN_NM" : "내연산",
        "PAST_SPOT_" : "4711302010016",
        "MNTN_ID" : "471130201"
      },
      "geometry" : {
        "x" : 407105.40430007968,
        "y" : 408254.08250000328
      }
    },
    {
      "attributes" : {
        "FID" : 16,
        "PMNTN_SPOT" : 16724,
        "MNTN_CODE" : "471100801",
        "MANAGE_SP1" : "02",
        "MANAGE_SP2" : "분기점",
        "DETAIL_SPO" : "분기점",
        "ETC_MATTER" : " ",
        "MNTN_NM" : "내연산",
        "PAST_SPOT_" : "4711302010017",
        "MNTN_ID" : "471130201"
      },
      "geometry" : {
        "x" : 407319.08542744815,
        "y" : 409115.1685896758
      }
    },
    {
      "attributes" : {
        "FID" : 17,
        "PMNTN_SPOT" : 16725,
        "MNTN_CODE" : "471100801",
        "MANAGE_SP1" : "02",
        "MANAGE_SP2" : "분기점",
        "DETAIL_SPO" : "분기점",
        "ETC_MATTER" : " ",
        "MNTN_NM" : "내연산",
        "PAST_SPOT_" : "4711302010018",
        "MNTN_ID" : "471130201"
      },
      "geometry" : {
        "x" : 407517.67381266598,
        "y" : 408989.29008933716
      }
    },
    {
      "attributes" : {
        "FID" : 18,
        "PMNTN_SPOT" : 16726,
        "MNTN_CODE" : "471100801",
        "MANAGE_SP1" : "02",
        "MANAGE_SP2" : "분기점",
        "DETAIL_SPO" : "분기점",
        "ETC_MATTER" : " ",
        "MNTN_NM" : "내연산",
        "PAST_SPOT_" : "4711302010019",
        "MNTN_ID" : "471130201"
      },
      "geometry" : {
        "x" : 408560.40040220693,
        "y" : 408973.83388855867
      }
    },
    {
      "attributes" : {
        "FID" : 19,
        "PMNTN_SPOT" : 16727,
        "MNTN_CODE" : "471100801",
        "MANAGE_SP1" : "01",
        "MANAGE_SP2" : "시종점",
        "DETAIL_SPO" : "시종점",
        "ETC_MATTER" : " ",
        "MNTN_NM" : "내연산",
        "PAST_SPOT_" : "4711302010020",
        "MNTN_ID" : "471130201"
      },
      "geometry" : {
        "x" : 408952.74850008171,
        "y" : 409623.62270000763
      }
    },
    {
      "attributes" : {
        "FID" : 20,
        "PMNTN_SPOT" : 16728,
        "MNTN_CODE" : "471100801",
        "MANAGE_SP1" : "01",
        "MANAGE_SP2" : "시종점",
        "DETAIL_SPO" : "시종점",
        "ETC_MATTER" : " ",
        "MNTN_NM" : "내연산",
        "PAST_SPOT_" : "4711302010021",
        "MNTN_ID" : "471130201"
      },
      "geometry" : {
        "x" : 411971.83240009006,
        "y" : 405694.8607000038
      }
    },
    {
      "attributes" : {
        "FID" : 21,
        "PMNTN_SPOT" : 16729,
        "MNTN_CODE" : "471100801",
        "MANAGE_SP1" : "11",
        "MANAGE_SP2" : "안내판또는지도",
        "DETAIL_SPO" : "안내판",
        "ETC_MATTER" : " ",
        "MNTN_NM" : "내연산",
        "PAST_SPOT_" : "27241305000022",
        "MNTN_ID" : "2724130500"
      },
      "geometry" : {
        "x" : 408388.80880007986,
        "y" : 408363.00980000757
      }
    },
    {
      "attributes" : {
        "FID" : 22,
        "PMNTN_SPOT" : 16730,
        "MNTN_CODE" : "471100801",
        "MANAGE_SP1" : "11",
        "MANAGE_SP2" : "안내판또는지도",
        "DETAIL_SPO" : "안내판",
        "ETC_MATTER" : " ",
        "MNTN_NM" : "내연산",
        "PAST_SPOT_" : "27241305000023",
        "MNTN_ID" : "2724130500"
      },
      "geometry" : {
        "x" : 407439.68050007802,
        "y" : 409061.91620000824
      }
    },
    {
      "attributes" : {
        "FID" : 23,
        "PMNTN_SPOT" : 16731,
        "MNTN_CODE" : "471100801",
        "MANAGE_SP1" : "99",
        "MANAGE_SP2" : "기타",
        "DETAIL_SPO" : "보현암",
        "ETC_MATTER" : " ",
        "MNTN_NM" : "내연산",
        "PAST_SPOT_" : "27241305000024",
        "MNTN_ID" : "2724130500"
      },
      "geometry" : {
        "x" : 407192.02990007773,
        "y" : 409229.92280000821
      }
    },
    {
      "attributes" : {
        "FID" : 24,
        "PMNTN_SPOT" : 16732,
        "MNTN_CODE" : "471100801",
        "MANAGE_SP1" : "10",
        "MANAGE_SP2" : "이정표",
        "DETAIL_SPO" : "이정표",
        "ETC_MATTER" : " ",
        "MNTN_NM" : "내연산",
        "PAST_SPOT_" : "27241305000025",
        "MNTN_ID" : "2724130500"
      },
      "geometry" : {
        "x" : 408498.61810007971,
        "y" : 408521.39370000735
      }
    },
    {
      "attributes" : {
        "FID" : 25,
        "PMNTN_SPOT" : 16733,
        "MNTN_CODE" : "471100801",
        "MANAGE_SP1" : "99",
        "MANAGE_SP2" : "기타",
        "DETAIL_SPO" : "문수암입구",
        "ETC_MATTER" : " ",
        "MNTN_NM" : "내연산",
        "PAST_SPOT_" : "27241305000026",
        "MNTN_ID" : "2724130500"
      },
      "geometry" : {
        "x" : 407546.85970008001,
        "y" : 408814.95020000637
      }
    },
    {
      "attributes" : {
        "FID" : 26,
        "PMNTN_SPOT" : 16734,
        "MNTN_CODE" : "471100801",
        "MANAGE_SP1" : "99",
        "MANAGE_SP2" : "기타",
        "DETAIL_SPO" : "보경사",
        "ETC_MATTER" : " ",
        "MNTN_NM" : "내연산",
        "PAST_SPOT_" : "27241305000027",
        "MNTN_ID" : "2724130500"
      },
      "geometry" : {
        "x" : 408450.86910008173,
        "y" : 408362.29100000486
      }
    },
    {
      "attributes" : {
        "FID" : 27,
        "PMNTN_SPOT" : 16735,
        "MNTN_CODE" : "471100801",
        "MANAGE_SP1" : "99",
        "MANAGE_SP2" : "기타",
        "DETAIL_SPO" : "보경사부도",
        "ETC_MATTER" : " ",
        "MNTN_NM" : "내연산",
        "PAST_SPOT_" : "27241305000028",
        "MNTN_ID" : "2724130500"
      },
      "geometry" : {
        "x" : 408424.77960008103,
        "y" : 408753.03830000572
      }
    },
    {
      "attributes" : {
        "FID" : 28,
        "PMNTN_SPOT" : 16736,
        "MNTN_CODE" : "471100801",
        "MANAGE_SP1" : "99",
        "MANAGE_SP2" : "기타",
        "DETAIL_SPO" : "표고점",
        "ETC_MATTER" : " ",
        "MNTN_NM" : "내연산",
        "PAST_SPOT_" : "27241305000029",
        "MNTN_ID" : "2724130500"
      },
      "geometry" : {
        "x" : 406790.30910007562,
        "y" : 410557.58710000478
      }
    },
    {
      "attributes" : {
        "FID" : 29,
        "PMNTN_SPOT" : 16737,
        "MNTN_CODE" : "471100801",
        "MANAGE_SP1" : "10",
        "MANAGE_SP2" : "이정표",
        "DETAIL_SPO" : "이정표",
        "ETC_MATTER" : " ",
        "MNTN_NM" : "내연산",
        "PAST_SPOT_" : "27241305000030",
        "MNTN_ID" : "2724130500"
      },
      "geometry" : {
        "x" : 406247.45570007619,
        "y" : 410918.6311000064
      }
    },
    {
      "attributes" : {
        "FID" : 30,
        "PMNTN_SPOT" : 16738,
        "MNTN_CODE" : "471100801",
        "MANAGE_SP1" : "11",
        "MANAGE_SP2" : "안내판또는지도",
        "DETAIL_SPO" : "안내도",
        "ETC_MATTER" : " ",
        "MNTN_NM" : "내연산",
        "PAST_SPOT_" : "27241305000031",
        "MNTN_ID" : "2724130500"
      },
      "geometry" : {
        "x" : 405968.48820007592,
        "y" : 411391.20740000531
      }
    },
    {
      "attributes" : {
        "FID" : 31,
        "PMNTN_SPOT" : 16739,
        "MNTN_CODE" : "471100801",
        "MANAGE_SP1" : "99",
        "MANAGE_SP2" : "기타",
        "DETAIL_SPO" : "출렁다리",
        "ETC_MATTER" : " ",
        "MNTN_NM" : "내연산",
        "PAST_SPOT_" : "27241305000032",
        "MNTN_ID" : "2724130500"
      },
      "geometry" : {
        "x" : 405967.77700007707,
        "y" : 409634.92570000514
      }
    },
    {
      "attributes" : {
        "FID" : 32,
        "PMNTN_SPOT" : 16740,
        "MNTN_CODE" : "471100801",
        "MANAGE_SP1" : "10",
        "MANAGE_SP2" : "이정표",
        "DETAIL_SPO" : "이정표",
        "ETC_MATTER" : " ",
        "MNTN_NM" : "내연산",
        "PAST_SPOT_" : "27241305000033",
        "MNTN_ID" : "2724130500"
      },
      "geometry" : {
        "x" : 407626.52750007994,
        "y" : 409317.96230000816
      }
    },
    {
      "attributes" : {
        "FID" : 33,
        "PMNTN_SPOT" : 16741,
        "MNTN_CODE" : "471100801",
        "MANAGE_SP1" : "99",
        "MANAGE_SP2" : "기타",
        "DETAIL_SPO" : "구조표지판",
        "ETC_MATTER" : " ",
        "MNTN_NM" : "내연산",
        "PAST_SPOT_" : "27241305000034",
        "MNTN_ID" : "2724130500"
      },
      "geometry" : {
        "x" : 403190.42720006965,
        "y" : 410184.93900000304
      }
    },
    {
      "attributes" : {
        "FID" : 34,
        "PMNTN_SPOT" : 16742,
        "MNTN_CODE" : "471100801",
        "MANAGE_SP1" : "12",
        "MANAGE_SP2" : "위험지역",
        "DETAIL_SPO" : "위험지역",
        "ETC_MATTER" : " ",
        "MNTN_NM" : "내연산",
        "PAST_SPOT_" : "27241305000035",
        "MNTN_ID" : "2724130500"
      },
      "geometry" : {
        "x" : 403665.04930006806,
        "y" : 409203.04710000567
      }
    },
    {
      "attributes" : {
        "FID" : 35,
        "PMNTN_SPOT" : 16743,
        "MNTN_CODE" : "471100801",
        "MANAGE_SP1" : "99",
        "MANAGE_SP2" : "기타",
        "DETAIL_SPO" : "표지판",
        "ETC_MATTER" : " ",
        "MNTN_NM" : "내연산",
        "PAST_SPOT_" : "27241305000036",
        "MNTN_ID" : "2724130500"
      },
      "geometry" : {
        "x" : 404088.45120007172,
        "y" : 408762.47920000367
      }
    },
    {
      "attributes" : {
        "FID" : 36,
        "PMNTN_SPOT" : 16744,
        "MNTN_CODE" : "471100801",
        "MANAGE_SP1" : "11",
        "MANAGE_SP2" : "안내판또는지도",
        "DETAIL_SPO" : "안내판",
        "ETC_MATTER" : " ",
        "MNTN_NM" : "내연산",
        "PAST_SPOT_" : "27241305000037",
        "MNTN_ID" : "2724130500"
      },
      "geometry" : {
        "x" : 408223.36390008125,
        "y" : 408620.7814000044
      }
    },
    {
      "attributes" : {
        "FID" : 37,
        "PMNTN_SPOT" : 16745,
        "MNTN_CODE" : "471100801",
        "MANAGE_SP1" : "99",
        "MANAGE_SP2" : "기타",
        "DETAIL_SPO" : "구조표지판",
        "ETC_MATTER" : " ",
        "MNTN_NM" : "내연산",
        "PAST_SPOT_" : "27241305000038",
        "MNTN_ID" : "2724130500"
      },
      "geometry" : {
        "x" : 407760.76090008207,
        "y" : 408585.20080000535
      }
    },
    {
      "attributes" : {
        "FID" : 38,
        "PMNTN_SPOT" : 16746,
        "MNTN_CODE" : "471100801",
        "MANAGE_SP1" : "10",
        "MANAGE_SP2" : "이정표",
        "DETAIL_SPO" : "이정표 등",
        "ETC_MATTER" : " ",
        "MNTN_NM" : "내연산",
        "PAST_SPOT_" : "27241305000039",
        "MNTN_ID" : "2724130500"
      },
      "geometry" : {
        "x" : 407231.97210007906,
        "y" : 409185.71580000594
      }
    },
    {
      "attributes" : {
        "FID" : 39,
        "PMNTN_SPOT" : 16747,
        "MNTN_CODE" : "471100801",
        "MANAGE_SP1" : "03",
        "MANAGE_SP2" : "정자",
        "DETAIL_SPO" : "정자",
        "ETC_MATTER" : " ",
        "MNTN_NM" : "내연산",
        "PAST_SPOT_" : "27241305000040",
        "MNTN_ID" : "2724130500"
      },
      "geometry" : {
        "x" : 407112.57980007771,
        "y" : 409297.33060000651
      }
    },
    {
      "attributes" : {
        "FID" : 40,
        "PMNTN_SPOT" : 16748,
        "MNTN_CODE" : "471100801",
        "MANAGE_SP1" : "99",
        "MANAGE_SP2" : "기타",
        "DETAIL_SPO" : "구름다리",
        "ETC_MATTER" : " ",
        "MNTN_NM" : "내연산",
        "PAST_SPOT_" : "27241305000041",
        "MNTN_ID" : "2724130500"
      },
      "geometry" : {
        "x" : 406850.20670007728,
        "y" : 409402.98730000295
      }
    },
    {
      "attributes" : {
        "FID" : 41,
        "PMNTN_SPOT" : 16749,
        "MNTN_CODE" : "471100801",
        "MANAGE_SP1" : "12",
        "MANAGE_SP2" : "위험지역",
        "DETAIL_SPO" : "위험지역",
        "ETC_MATTER" : " ",
        "MNTN_NM" : "내연산",
        "PAST_SPOT_" : "27241305000042",
        "MNTN_ID" : "2724130500"
      },
      "geometry" : {
        "x" : 406826.84830007888,
        "y" : 409419.51680000499
      }
    },
    {
      "attributes" : {
        "FID" : 42,
        "PMNTN_SPOT" : 16750,
        "MNTN_CODE" : "471100801",
        "MANAGE_SP1" : "12",
        "MANAGE_SP2" : "위험지역",
        "DETAIL_SPO" : "위험지역",
        "ETC_MATTER" : " ",
        "MNTN_NM" : "내연산",
        "PAST_SPOT_" : "27241305000043",
        "MNTN_ID" : "2724130500"
      },
      "geometry" : {
        "x" : 406688.32630007621,
        "y" : 409536.74020000733
      }
    },
    {
      "attributes" : {
        "FID" : 43,
        "PMNTN_SPOT" : 16751,
        "MNTN_CODE" : "471100801",
        "MANAGE_SP1" : "10",
        "MANAGE_SP2" : "이정표",
        "DETAIL_SPO" : "이정표",
        "ETC_MATTER" : " ",
        "MNTN_NM" : "내연산",
        "PAST_SPOT_" : "27241305000044",
        "MNTN_ID" : "2724130500"
      },
      "geometry" : {
        "x" : 406672.41200007591,
        "y" : 409580.44310000353
      }
    },
    {
      "attributes" : {
        "FID" : 44,
        "PMNTN_SPOT" : 16752,
        "MNTN_CODE" : "471100801",
        "MANAGE_SP1" : "11",
        "MANAGE_SP2" : "안내판또는지도",
        "DETAIL_SPO" : "안내도",
        "ETC_MATTER" : " ",
        "MNTN_NM" : "내연산",
        "PAST_SPOT_" : "27241305000045",
        "MNTN_ID" : "2724130500"
      },
      "geometry" : {
        "x" : 403088.49480007309,
        "y" : 404608.88280000351
      }
    },
    {
      "attributes" : {
        "FID" : 45,
        "PMNTN_SPOT" : 16753,
        "MNTN_CODE" : "471100801",
        "MANAGE_SP1" : "04",
        "MANAGE_SP2" : "화장실",
        "DETAIL_SPO" : "화장실",
        "ETC_MATTER" : " ",
        "MNTN_NM" : "내연산",
        "PAST_SPOT_" : "27241305000046",
        "MNTN_ID" : "2724130500"
      },
      "geometry" : {
        "x" : 400970.20510006789,
        "y" : 410120.02080000378
      }
    },
    {
      "attributes" : {
        "FID" : 46,
        "PMNTN_SPOT" : 16754,
        "MNTN_CODE" : "471100801",
        "MANAGE_SP1" : "99",
        "MANAGE_SP2" : "기타",
        "DETAIL_SPO" : "목계단",
        "ETC_MATTER" : " ",
        "MNTN_NM" : "내연산",
        "PAST_SPOT_" : "27241305000047",
        "MNTN_ID" : "2724130500"
      },
      "geometry" : {
        "x" : 407473.5147000812,
        "y" : 408877.48080000468
      }
    },
    {
      "attributes" : {
        "FID" : 47,
        "PMNTN_SPOT" : 16755,
        "MNTN_CODE" : "471100801",
        "MANAGE_SP1" : "11",
        "MANAGE_SP2" : "안내판또는지도",
        "DETAIL_SPO" : "안내판",
        "ETC_MATTER" : " ",
        "MNTN_NM" : "내연산",
        "PAST_SPOT_" : "27241305000048",
        "MNTN_ID" : "2724130500"
      },
      "geometry" : {
        "x" : 404026.13240006845,
        "y" : 410131.16750000417
      }
    },
    {
      "attributes" : {
        "FID" : 48,
        "PMNTN_SPOT" : 16756,
        "MNTN_CODE" : "471100801",
        "MANAGE_SP1" : "10",
        "MANAGE_SP2" : "이정표",
        "DETAIL_SPO" : "이정표",
        "ETC_MATTER" : " ",
        "MNTN_NM" : "내연산",
        "PAST_SPOT_" : "27241305000049",
        "MNTN_ID" : "2724130500"
      },
      "geometry" : {
        "x" : 403188.44740006886,
        "y" : 410183.89740000293
      }
    },
    {
      "attributes" : {
        "FID" : 49,
        "PMNTN_SPOT" : 16757,
        "MNTN_CODE" : "471100801",
        "MANAGE_SP1" : "11",
        "MANAGE_SP2" : "안내판또는지도",
        "DETAIL_SPO" : "안내판",
        "ETC_MATTER" : " ",
        "MNTN_NM" : "내연산",
        "PAST_SPOT_" : "27241305000050",
        "MNTN_ID" : "2724130500"
      },
      "geometry" : {
        "x" : 403567.19740007166,
        "y" : 410305.8095000051
      }
    },
    {
      "attributes" : {
        "FID" : 50,
        "PMNTN_SPOT" : 16758,
        "MNTN_CODE" : "471100801",
        "MANAGE_SP1" : "99",
        "MANAGE_SP2" : "기타",
        "DETAIL_SPO" : "갓부처",
        "ETC_MATTER" : " ",
        "MNTN_NM" : "내연산",
        "PAST_SPOT_" : "27241305000051",
        "MNTN_ID" : "2724130500"
      },
      "geometry" : {
        "x" : 407182.91090007871,
        "y" : 409283.77360000461
      }
    },
    {
      "attributes" : {
        "FID" : 51,
        "PMNTN_SPOT" : 16759,
        "MNTN_CODE" : "471100801",
        "MANAGE_SP1" : "10",
        "MANAGE_SP2" : "이정표",
        "DETAIL_SPO" : "이정표",
        "ETC_MATTER" : " ",
        "MNTN_NM" : "내연산",
        "PAST_SPOT_" : "27241305000052",
        "MNTN_ID" : "2724130500"
      },
      "geometry" : {
        "x" : 407183.39430007711,
        "y" : 409308.80180000514
      }
    },
    {
      "attributes" : {
        "FID" : 52,
        "PMNTN_SPOT" : 16760,
        "MNTN_CODE" : "471100801",
        "MANAGE_SP1" : "10",
        "MANAGE_SP2" : "이정표",
        "DETAIL_SPO" : "이정표",
        "ETC_MATTER" : " ",
        "MNTN_NM" : "내연산",
        "PAST_SPOT_" : "27241305000053",
        "MNTN_ID" : "2724130500"
      },
      "geometry" : {
        "x" : 407087.85660007875,
        "y" : 409379.87980000302
      }
    },
    {
      "attributes" : {
        "FID" : 53,
        "PMNTN_SPOT" : 16761,
        "MNTN_CODE" : "471100801",
        "MANAGE_SP1" : "10",
        "MANAGE_SP2" : "이정표",
        "DETAIL_SPO" : "이정표",
        "ETC_MATTER" : " ",
        "MNTN_NM" : "내연산",
        "PAST_SPOT_" : "27241305000054",
        "MNTN_ID" : "2724130500"
      },
      "geometry" : {
        "x" : 407098.27560008224,
        "y" : 409505.18610000424
      }
    },
    {
      "attributes" : {
        "FID" : 54,
        "PMNTN_SPOT" : 16762,
        "MNTN_CODE" : "471100801",
        "MANAGE_SP1" : "10",
        "MANAGE_SP2" : "이정표",
        "DETAIL_SPO" : "이정표",
        "ETC_MATTER" : " ",
        "MNTN_NM" : "내연산",
        "PAST_SPOT_" : "27241305000055",
        "MNTN_ID" : "2724130500"
      },
      "geometry" : {
        "x" : 406802.9600000754,
        "y" : 409510.08900000528
      }
    },
    {
      "attributes" : {
        "FID" : 55,
        "PMNTN_SPOT" : 16763,
        "MNTN_CODE" : "471100801",
        "MANAGE_SP1" : "99",
        "MANAGE_SP2" : "기타",
        "DETAIL_SPO" : "구조표지판",
        "ETC_MATTER" : " ",
        "MNTN_NM" : "내연산",
        "PAST_SPOT_" : "27241305000056",
        "MNTN_ID" : "2724130500"
      },
      "geometry" : {
        "x" : 406708.94200007617,
        "y" : 409701.28530000336
      }
    },
    {
      "attributes" : {
        "FID" : 56,
        "PMNTN_SPOT" : 16764,
        "MNTN_CODE" : "471100801",
        "MANAGE_SP1" : "99",
        "MANAGE_SP2" : "기타",
        "DETAIL_SPO" : "구조표지판",
        "ETC_MATTER" : "수리요",
        "MNTN_NM" : "내연산",
        "PAST_SPOT_" : "27241305000057",
        "MNTN_ID" : "2724130500"
      },
      "geometry" : {
        "x" : 403062.41570006777,
        "y" : 410471.49720000662
      }
    },
    {
      "attributes" : {
        "FID" : 57,
        "PMNTN_SPOT" : 16765,
        "MNTN_CODE" : "471100801",
        "MANAGE_SP1" : "99",
        "MANAGE_SP2" : "기타",
        "DETAIL_SPO" : "구조표지판",
        "ETC_MATTER" : " ",
        "MNTN_NM" : "내연산",
        "PAST_SPOT_" : "27241305000058",
        "MNTN_ID" : "2724130500"
      },
      "geometry" : {
        "x" : 403185.24160007294,
        "y" : 410338.9411000032
      }
    },
    {
      "attributes" : {
        "FID" : 58,
        "PMNTN_SPOT" : 16766,
        "MNTN_CODE" : "471100801",
        "MANAGE_SP1" : "11",
        "MANAGE_SP2" : "안내판또는지도",
        "DETAIL_SPO" : "안내도 등",
        "ETC_MATTER" : " ",
        "MNTN_NM" : "내연산",
        "PAST_SPOT_" : "27241305000059",
        "MNTN_ID" : "2724130500"
      },
      "geometry" : {
        "x" : 403063.0802145265,
        "y" : 404723.63155970164
      }
    },
    {
      "attributes" : {
        "FID" : 59,
        "PMNTN_SPOT" : 16767,
        "MNTN_CODE" : "471100801",
        "MANAGE_SP1" : "05",
        "MANAGE_SP2" : "벤치",
        "DETAIL_SPO" : "벤치 등",
        "ETC_MATTER" : " ",
        "MNTN_NM" : "내연산",
        "PAST_SPOT_" : "27241305000060",
        "MNTN_ID" : "2724130500"
      },
      "geometry" : {
        "x" : 403027.9137000693,
        "y" : 404828.78830000572
      }
    },
    {
      "attributes" : {
        "FID" : 60,
        "PMNTN_SPOT" : 16768,
        "MNTN_CODE" : "471100801",
        "MANAGE_SP1" : "11",
        "MANAGE_SP2" : "안내판또는지도",
        "DETAIL_SPO" : "안내도",
        "ETC_MATTER" : " ",
        "MNTN_NM" : "내연산",
        "PAST_SPOT_" : "27241305000061",
        "MNTN_ID" : "2724130500"
      },
      "geometry" : {
        "x" : 402991.91220006905,
        "y" : 404876.07880000584
      }
    },
    {
      "attributes" : {
        "FID" : 61,
        "PMNTN_SPOT" : 16769,
        "MNTN_CODE" : "471100801",
        "MANAGE_SP1" : "04",
        "MANAGE_SP2" : "화장실",
        "DETAIL_SPO" : "간이화장실",
        "ETC_MATTER" : " ",
        "MNTN_NM" : "내연산",
        "PAST_SPOT_" : "27241305000062",
        "MNTN_ID" : "2724130500"
      },
      "geometry" : {
        "x" : 407642.98420008086,
        "y" : 408763.89850000292
      }
    },
    {
      "attributes" : {
        "FID" : 62,
        "PMNTN_SPOT" : 16770,
        "MNTN_CODE" : "471100801",
        "MANAGE_SP1" : "99",
        "MANAGE_SP2" : "기타",
        "DETAIL_SPO" : "목계단",
        "ETC_MATTER" : " ",
        "MNTN_NM" : "내연산",
        "PAST_SPOT_" : "27241305000063",
        "MNTN_ID" : "2724130500"
      },
      "geometry" : {
        "x" : 407530.73360007908,
        "y" : 408965.72700000554
      }
    },
    {
      "attributes" : {
        "FID" : 63,
        "PMNTN_SPOT" : 16771,
        "MNTN_CODE" : "471100801",
        "MANAGE_SP1" : "99",
        "MANAGE_SP2" : "기타",
        "DETAIL_SPO" : "쌍생폭포",
        "ETC_MATTER" : " ",
        "MNTN_NM" : "내연산",
        "PAST_SPOT_" : "27241305000064",
        "MNTN_ID" : "2724130500"
      },
      "geometry" : {
        "x" : 407380.30340007786,
        "y" : 409029.66620000638
      }
    },
    {
      "attributes" : {
        "FID" : 64,
        "PMNTN_SPOT" : 16772,
        "MNTN_CODE" : "471100801",
        "MANAGE_SP1" : "99",
        "MANAGE_SP2" : "기타",
        "DETAIL_SPO" : "나무계단",
        "ETC_MATTER" : " ",
        "MNTN_NM" : "내연산",
        "PAST_SPOT_" : "27241305000065",
        "MNTN_ID" : "2724130500"
      },
      "geometry" : {
        "x" : 407388.16110007837,
        "y" : 409036.8338000048
      }
    },
    {
      "attributes" : {
        "FID" : 65,
        "PMNTN_SPOT" : 16773,
        "MNTN_CODE" : "471100801",
        "MANAGE_SP1" : "99",
        "MANAGE_SP2" : "기타",
        "DETAIL_SPO" : "목계단",
        "ETC_MATTER" : " ",
        "MNTN_NM" : "내연산",
        "PAST_SPOT_" : "27241305000066",
        "MNTN_ID" : "2724130500"
      },
      "geometry" : {
        "x" : 407221.55560007691,
        "y" : 409205.51500000618
      }
    },
    {
      "attributes" : {
        "FID" : 66,
        "PMNTN_SPOT" : 16774,
        "MNTN_CODE" : "471100801",
        "MANAGE_SP1" : "99",
        "MANAGE_SP2" : "기타",
        "DETAIL_SPO" : "구조표지판",
        "ETC_MATTER" : " ",
        "MNTN_NM" : "내연산",
        "PAST_SPOT_" : "27241305000067",
        "MNTN_ID" : "2724130500"
      },
      "geometry" : {
        "x" : 407104.72210007906,
        "y" : 409290.1631000042
      }
    },
    {
      "attributes" : {
        "FID" : 67,
        "PMNTN_SPOT" : 16775,
        "MNTN_CODE" : "471100801",
        "MANAGE_SP1" : "10",
        "MANAGE_SP2" : "이정표",
        "DETAIL_SPO" : "이정표",
        "ETC_MATTER" : " ",
        "MNTN_NM" : "내연산",
        "PAST_SPOT_" : "27241305000068",
        "MNTN_ID" : "2724130500"
      },
      "geometry" : {
        "x" : 407100.41070007812,
        "y" : 409305.08480000496
      }
    },
    {
      "attributes" : {
        "FID" : 68,
        "PMNTN_SPOT" : 16776,
        "MNTN_CODE" : "471100801",
        "MANAGE_SP1" : "99",
        "MANAGE_SP2" : "기타",
        "DETAIL_SPO" : "목계단",
        "ETC_MATTER" : " ",
        "MNTN_NM" : "내연산",
        "PAST_SPOT_" : "27241305000069",
        "MNTN_ID" : "2724130500"
      },
      "geometry" : {
        "x" : 407018.95230007824,
        "y" : 409324.41620000824
      }
    },
    {
      "attributes" : {
        "FID" : 69,
        "PMNTN_SPOT" : 16777,
        "MNTN_CODE" : "471100801",
        "MANAGE_SP1" : "12",
        "MANAGE_SP2" : "위험지역",
        "DETAIL_SPO" : "위험지역",
        "ETC_MATTER" : " ",
        "MNTN_NM" : "내연산",
        "PAST_SPOT_" : "27241305000070",
        "MNTN_ID" : "2724130500"
      },
      "geometry" : {
        "x" : 406959.89330007602,
        "y" : 409325.19680000655
      }
    },
    {
      "attributes" : {
        "FID" : 70,
        "PMNTN_SPOT" : 16778,
        "MNTN_CODE" : "471100801",
        "MANAGE_SP1" : "99",
        "MANAGE_SP2" : "기타",
        "DETAIL_SPO" : "목계단",
        "ETC_MATTER" : " ",
        "MNTN_NM" : "내연산",
        "PAST_SPOT_" : "27241305000071",
        "MNTN_ID" : "2724130500"
      },
      "geometry" : {
        "x" : 406904.50460007787,
        "y" : 409342.06480000727
      }
    },
    {
      "attributes" : {
        "FID" : 71,
        "PMNTN_SPOT" : 16779,
        "MNTN_CODE" : "471100801",
        "MANAGE_SP1" : "12",
        "MANAGE_SP2" : "위험지역",
        "DETAIL_SPO" : "위험지역",
        "ETC_MATTER" : " ",
        "MNTN_NM" : "내연산",
        "PAST_SPOT_" : "27241305000072",
        "MNTN_ID" : "2724130500"
      },
      "geometry" : {
        "x" : 406808.73180007935,
        "y" : 409376.11110000685
      }
    },
    {
      "attributes" : {
        "FID" : 72,
        "PMNTN_SPOT" : 16780,
        "MNTN_CODE" : "471100801",
        "MANAGE_SP1" : "99",
        "MANAGE_SP2" : "기타",
        "DETAIL_SPO" : "은폭포",
        "ETC_MATTER" : " ",
        "MNTN_NM" : "내연산",
        "PAST_SPOT_" : "27241305000073",
        "MNTN_ID" : "2724130500"
      },
      "geometry" : {
        "x" : 406324.8770000739,
        "y" : 409739.37850000337
      }
    },
    {
      "attributes" : {
        "FID" : 73,
        "PMNTN_SPOT" : 16781,
        "MNTN_CODE" : "471100801",
        "MANAGE_SP1" : "99",
        "MANAGE_SP2" : "기타",
        "DETAIL_SPO" : "구조표지판",
        "ETC_MATTER" : " ",
        "MNTN_NM" : "내연산",
        "PAST_SPOT_" : "27241305000074",
        "MNTN_ID" : "2724130500"
      },
      "geometry" : {
        "x" : 406311.76980007533,
        "y" : 409744.11110000499
      }
    },
    {
      "attributes" : {
        "FID" : 74,
        "PMNTN_SPOT" : 16782,
        "MNTN_CODE" : "471100801",
        "MANAGE_SP1" : "99",
        "MANAGE_SP2" : "기타",
        "DETAIL_SPO" : "은폭표지판",
        "ETC_MATTER" : " ",
        "MNTN_NM" : "내연산",
        "PAST_SPOT_" : "27241305000075",
        "MNTN_ID" : "2724130500"
      },
      "geometry" : {
        "x" : 406293.8265000768,
        "y" : 409740.73800000548
      }
    },
    {
      "attributes" : {
        "FID" : 75,
        "PMNTN_SPOT" : 16783,
        "MNTN_CODE" : "471100801",
        "MANAGE_SP1" : "99",
        "MANAGE_SP2" : "기타",
        "DETAIL_SPO" : "구조표지판",
        "ETC_MATTER" : " ",
        "MNTN_NM" : "내연산",
        "PAST_SPOT_" : "27241305000076",
        "MNTN_ID" : "2724130500"
      },
      "geometry" : {
        "x" : 406181.45490007754,
        "y" : 409706.39170000702
      }
    },
    {
      "attributes" : {
        "FID" : 76,
        "PMNTN_SPOT" : 16784,
        "MNTN_CODE" : "471100801",
        "MANAGE_SP1" : "11",
        "MANAGE_SP2" : "안내판또는지도",
        "DETAIL_SPO" : "안내판",
        "ETC_MATTER" : " ",
        "MNTN_NM" : "내연산",
        "PAST_SPOT_" : "27241305000077",
        "MNTN_ID" : "2724130500"
      },
      "geometry" : {
        "x" : 406550.25390007813,
        "y" : 409729.02710000798
      }
    },
    {
      "attributes" : {
        "FID" : 77,
        "PMNTN_SPOT" : 16785,
        "MNTN_CODE" : "471100801",
        "MANAGE_SP1" : "99",
        "MANAGE_SP2" : "기타",
        "DETAIL_SPO" : "구조표지판",
        "ETC_MATTER" : " ",
        "MNTN_NM" : "내연산",
        "PAST_SPOT_" : "27241305000078",
        "MNTN_ID" : "2724130500"
      },
      "geometry" : {
        "x" : 406014.53500007559,
        "y" : 409599.86640000343
      }
    },
    {
      "attributes" : {
        "FID" : 78,
        "PMNTN_SPOT" : 16786,
        "MNTN_CODE" : "471100801",
        "MANAGE_SP1" : "18",
        "MANAGE_SP2" : "주차장",
        "DETAIL_SPO" : "수목원주차장",
        "ETC_MATTER" : " ",
        "MNTN_NM" : "내연산",
        "PAST_SPOT_" : "27241305000079",
        "MNTN_ID" : "2724130500"
      },
      "geometry" : {
        "x" : 403203.42720006965,
        "y" : 404519.19110000692
      }
    },
    {
      "attributes" : {
        "FID" : 79,
        "PMNTN_SPOT" : 16787,
        "MNTN_CODE" : "471100801",
        "MANAGE_SP1" : "99",
        "MANAGE_SP2" : "기타",
        "DETAIL_SPO" : "전망대",
        "ETC_MATTER" : " ",
        "MNTN_NM" : "내연산",
        "PAST_SPOT_" : "27241305000080",
        "MNTN_ID" : "2724130500"
      },
      "geometry" : {
        "x" : 403475.89980007242,
        "y" : 404408.73540000804
      }
    },
    {
      "attributes" : {
        "FID" : 80,
        "PMNTN_SPOT" : 16788,
        "MNTN_CODE" : "471100801",
        "MANAGE_SP1" : "99",
        "MANAGE_SP2" : "기타",
        "DETAIL_SPO" : "산불감시초소",
        "ETC_MATTER" : " ",
        "MNTN_NM" : "내연산",
        "PAST_SPOT_" : "27241305000081",
        "MNTN_ID" : "2724130500"
      },
      "geometry" : {
        "x" : 403572.05670007132,
        "y" : 404549.81990000606
      }
    },
    {
      "attributes" : {
        "FID" : 81,
        "PMNTN_SPOT" : 16789,
        "MNTN_CODE" : "471100801",
        "MANAGE_SP1" : "11",
        "MANAGE_SP2" : "안내판또는지도",
        "DETAIL_SPO" : "안내판",
        "ETC_MATTER" : " ",
        "MNTN_NM" : "내연산",
        "PAST_SPOT_" : "27241305000082",
        "MNTN_ID" : "2724130500"
      },
      "geometry" : {
        "x" : 403230.9155000709,
        "y" : 404641.84530000389
      }
    },
    {
      "attributes" : {
        "FID" : 82,
        "PMNTN_SPOT" : 16790,
        "MNTN_CODE" : "471100801",
        "MANAGE_SP1" : "22",
        "MANAGE_SP2" : "헬기장",
        "DETAIL_SPO" : "헬기장",
        "ETC_MATTER" : " ",
        "MNTN_NM" : "내연산",
        "PAST_SPOT_" : "27241305000083",
        "MNTN_ID" : "2724130500"
      },
      "geometry" : {
        "x" : 402759.00200006925,
        "y" : 405154.4688000083
      }
    },
    {
      "attributes" : {
        "FID" : 83,
        "PMNTN_SPOT" : 16791,
        "MNTN_CODE" : "471100801",
        "MANAGE_SP1" : "14",
        "MANAGE_SP2" : "조망점",
        "DETAIL_SPO" : "조망점",
        "ETC_MATTER" : " ",
        "MNTN_NM" : "내연산",
        "PAST_SPOT_" : "27241305000084",
        "MNTN_ID" : "2724130500"
      },
      "geometry" : {
        "x" : 402316.40990006737,
        "y" : 405555.61690000631
      }
    },
    {
      "attributes" : {
        "FID" : 84,
        "PMNTN_SPOT" : 16792,
        "MNTN_CODE" : "471100801",
        "MANAGE_SP1" : "11",
        "MANAGE_SP2" : "안내판또는지도",
        "DETAIL_SPO" : "안내판",
        "ETC_MATTER" : " ",
        "MNTN_NM" : "내연산",
        "PAST_SPOT_" : "27241305000085",
        "MNTN_ID" : "2724130500"
      },
      "geometry" : {
        "x" : 402236.54560007062,
        "y" : 405740.09840000793
      }
    },
    {
      "attributes" : {
        "FID" : 85,
        "PMNTN_SPOT" : 16793,
        "MNTN_CODE" : "471100801",
        "MANAGE_SP1" : "10",
        "MANAGE_SP2" : "이정표",
        "DETAIL_SPO" : "이정표",
        "ETC_MATTER" : " ",
        "MNTN_NM" : "내연산",
        "PAST_SPOT_" : "27241305000086",
        "MNTN_ID" : "2724130500"
      },
      "geometry" : {
        "x" : 403839.75800007209,
        "y" : 404670.43010000326
      }
    },
    {
      "attributes" : {
        "FID" : 86,
        "PMNTN_SPOT" : 16794,
        "MNTN_CODE" : "471100801",
        "MANAGE_SP1" : "22",
        "MANAGE_SP2" : "헬기장",
        "DETAIL_SPO" : "헬기장",
        "ETC_MATTER" : " ",
        "MNTN_NM" : "내연산",
        "PAST_SPOT_" : "27241305000087",
        "MNTN_ID" : "2724130500"
      },
      "geometry" : {
        "x" : 403877.34380007163,
        "y" : 404740.2555000037
      }
    },
    {
      "attributes" : {
        "FID" : 87,
        "PMNTN_SPOT" : 16795,
        "MNTN_CODE" : "471100801",
        "MANAGE_SP1" : "02",
        "MANAGE_SP2" : "분기점",
        "DETAIL_SPO" : "분기점",
        "ETC_MATTER" : " ",
        "MNTN_NM" : "내연산",
        "PAST_SPOT_" : "27241305000088",
        "MNTN_ID" : "2724130500"
      },
      "geometry" : {
        "x" : 404088.14538450819,
        "y" : 404973.21421289258
      }
    },
    {
      "attributes" : {
        "FID" : 88,
        "PMNTN_SPOT" : 16796,
        "MNTN_CODE" : "471100801",
        "MANAGE_SP1" : "99",
        "MANAGE_SP2" : "기타",
        "DETAIL_SPO" : "구조표지판",
        "ETC_MATTER" : " ",
        "MNTN_NM" : "내연산",
        "PAST_SPOT_" : "27241305000089",
        "MNTN_ID" : "2724130500"
      },
      "geometry" : {
        "x" : 404245.34290007222,
        "y" : 405431.3429000061
      }
    },
    {
      "attributes" : {
        "FID" : 89,
        "PMNTN_SPOT" : 16797,
        "MNTN_CODE" : "471100801",
        "MANAGE_SP1" : "99",
        "MANAGE_SP2" : "기타",
        "DETAIL_SPO" : "구조표지판",
        "ETC_MATTER" : " ",
        "MNTN_NM" : "내연산",
        "PAST_SPOT_" : "27241305000090",
        "MNTN_ID" : "2724130500"
      },
      "geometry" : {
        "x" : 404402.78510007169,
        "y" : 406868.61900000647
      }
    },
    {
      "attributes" : {
        "FID" : 90,
        "PMNTN_SPOT" : 16798,
        "MNTN_CODE" : "471100801",
        "MANAGE_SP1" : "22",
        "MANAGE_SP2" : "헬기장",
        "DETAIL_SPO" : "옛헬기장",
        "ETC_MATTER" : " ",
        "MNTN_NM" : "내연산",
        "PAST_SPOT_" : "27241305000091",
        "MNTN_ID" : "2724130500"
      },
      "geometry" : {
        "x" : 404535.7035000734,
        "y" : 407022.47330000438
      }
    },
    {
      "attributes" : {
        "FID" : 91,
        "PMNTN_SPOT" : 16799,
        "MNTN_CODE" : "471100801",
        "MANAGE_SP1" : "22",
        "MANAGE_SP2" : "헬기장",
        "DETAIL_SPO" : "옛헬기장",
        "ETC_MATTER" : " ",
        "MNTN_NM" : "내연산",
        "PAST_SPOT_" : "27241305000092",
        "MNTN_ID" : "2724130500"
      },
      "geometry" : {
        "x" : 404849.89290007483,
        "y" : 407363.20440000668
      }
    },
    {
      "attributes" : {
        "FID" : 92,
        "PMNTN_SPOT" : 16800,
        "MNTN_CODE" : "471100801",
        "MANAGE_SP1" : "11",
        "MANAGE_SP2" : "안내판또는지도",
        "DETAIL_SPO" : "안내판",
        "ETC_MATTER" : " ",
        "MNTN_NM" : "내연산",
        "PAST_SPOT_" : "27241305000093",
        "MNTN_ID" : "2724130500"
      },
      "geometry" : {
        "x" : 405261.98310007434,
        "y" : 407566.85980000347
      }
    },
    {
      "attributes" : {
        "FID" : 93,
        "PMNTN_SPOT" : 16801,
        "MNTN_CODE" : "471100801",
        "MANAGE_SP1" : "10",
        "MANAGE_SP2" : "이정표",
        "DETAIL_SPO" : "이정표,안내판,구조지점",
        "ETC_MATTER" : " ",
        "MNTN_NM" : "내연산",
        "PAST_SPOT_" : "27241305000094",
        "MNTN_ID" : "2724130500"
      },
      "geometry" : {
        "x" : 405852.89000007231,
        "y" : 407979.35900000483
      }
    },
    {
      "attributes" : {
        "FID" : 94,
        "PMNTN_SPOT" : 16802,
        "MNTN_CODE" : "471100801",
        "MANAGE_SP1" : "99",
        "MANAGE_SP2" : "기타",
        "DETAIL_SPO" : "구조표지판",
        "ETC_MATTER" : "수리요",
        "MNTN_NM" : "내연산",
        "PAST_SPOT_" : "27241305000095",
        "MNTN_ID" : "2724130500"
      },
      "geometry" : {
        "x" : 406036.23660007678,
        "y" : 408114.24270000309
      }
    },
    {
      "attributes" : {
        "FID" : 95,
        "PMNTN_SPOT" : 16803,
        "MNTN_CODE" : "471100801",
        "MANAGE_SP1" : "99",
        "MANAGE_SP2" : "기타",
        "DETAIL_SPO" : "구조표지판",
        "ETC_MATTER" : " ",
        "MNTN_NM" : "내연산",
        "PAST_SPOT_" : "27241305000096",
        "MNTN_ID" : "2724130500"
      },
      "geometry" : {
        "x" : 406282.97550007701,
        "y" : 407990.24880000576
      }
    },
    {
      "attributes" : {
        "FID" : 96,
        "PMNTN_SPOT" : 16804,
        "MNTN_CODE" : "471100801",
        "MANAGE_SP1" : "10",
        "MANAGE_SP2" : "이정표",
        "DETAIL_SPO" : "이정표,노선접점",
        "ETC_MATTER" : " ",
        "MNTN_NM" : "내연산",
        "PAST_SPOT_" : "27241305000097",
        "MNTN_ID" : "2724130500"
      },
      "geometry" : {
        "x" : 406501.61090007704,
        "y" : 407918.71210000291
      }
    },
    {
      "attributes" : {
        "FID" : 97,
        "PMNTN_SPOT" : 16805,
        "MNTN_CODE" : "471100801",
        "MANAGE_SP1" : "10",
        "MANAGE_SP2" : "이정표",
        "DETAIL_SPO" : "이정표",
        "ETC_MATTER" : " ",
        "MNTN_NM" : "내연산",
        "PAST_SPOT_" : "27241305000098",
        "MNTN_ID" : "2724130500"
      },
      "geometry" : {
        "x" : 406877.07050007768,
        "y" : 407764.35380000807
      }
    },
    {
      "attributes" : {
        "FID" : 98,
        "PMNTN_SPOT" : 16806,
        "MNTN_CODE" : "471100801",
        "MANAGE_SP1" : "10",
        "MANAGE_SP2" : "이정표",
        "DETAIL_SPO" : "이정표",
        "ETC_MATTER" : " ",
        "MNTN_NM" : "내연산",
        "PAST_SPOT_" : "27241305000099",
        "MNTN_ID" : "2724130500"
      },
      "geometry" : {
        "x" : 407408.48230008129,
        "y" : 407666.25630000606
      }
    },
    {
      "attributes" : {
        "FID" : 99,
        "PMNTN_SPOT" : 16807,
        "MNTN_CODE" : "471100801",
        "MANAGE_SP1" : "99",
        "MANAGE_SP2" : "기타",
        "DETAIL_SPO" : "구조표지판",
        "ETC_MATTER" : " ",
        "MNTN_NM" : "내연산",
        "PAST_SPOT_" : "27241305000100",
        "MNTN_ID" : "2724130500"
      },
      "geometry" : {
        "x" : 407794.35300008021,
        "y" : 408073.52150001191
      }
    },
    {
      "attributes" : {
        "FID" : 100,
        "PMNTN_SPOT" : 16808,
        "MNTN_CODE" : "471100801",
        "MANAGE_SP1" : "02",
        "MANAGE_SP2" : "분기점",
        "DETAIL_SPO" : "분기점",
        "ETC_MATTER" : " ",
        "MNTN_NM" : "내연산",
        "PAST_SPOT_" : "27241305000101",
        "MNTN_ID" : "2724130500"
      },
      "geometry" : {
        "x" : 403531.90161980968,
        "y" : 407040.50031289458
      }
    },
    {
      "attributes" : {
        "FID" : 101,
        "PMNTN_SPOT" : 16809,
        "MNTN_CODE" : "471100801",
        "MANAGE_SP1" : "99",
        "MANAGE_SP2" : "기타",
        "DETAIL_SPO" : "구조표지판",
        "ETC_MATTER" : " ",
        "MNTN_NM" : "내연산",
        "PAST_SPOT_" : "27241305000102",
        "MNTN_ID" : "2724130500"
      },
      "geometry" : {
        "x" : 402098.15710007027,
        "y" : 405996.4222000055
      }
    },
    {
      "attributes" : {
        "FID" : 102,
        "PMNTN_SPOT" : 16810,
        "MNTN_CODE" : "471100801",
        "MANAGE_SP1" : "99",
        "MANAGE_SP2" : "기타",
        "DETAIL_SPO" : "구조표지판",
        "ETC_MATTER" : " ",
        "MNTN_NM" : "내연산",
        "PAST_SPOT_" : "27241305000103",
        "MNTN_ID" : "2724130500"
      },
      "geometry" : {
        "x" : 401873.537900066,
        "y" : 406260.97140000574
      }
    },
    {
      "attributes" : {
        "FID" : 103,
        "PMNTN_SPOT" : 16811,
        "MNTN_CODE" : "471100801",
        "MANAGE_SP1" : "99",
        "MANAGE_SP2" : "기타",
        "DETAIL_SPO" : "구조표지판",
        "ETC_MATTER" : " ",
        "MNTN_NM" : "내연산",
        "PAST_SPOT_" : "27241305000104",
        "MNTN_ID" : "2724130500"
      },
      "geometry" : {
        "x" : 403145.83470006846,
        "y" : 407646.21830000542
      }
    },
    {
      "attributes" : {
        "FID" : 104,
        "PMNTN_SPOT" : 16812,
        "MNTN_CODE" : "471100801",
        "MANAGE_SP1" : "99",
        "MANAGE_SP2" : "기타",
        "DETAIL_SPO" : "구조표지판",
        "ETC_MATTER" : " ",
        "MNTN_NM" : "내연산",
        "PAST_SPOT_" : "27241305000105",
        "MNTN_ID" : "2724130500"
      },
      "geometry" : {
        "x" : 403232.00720007159,
        "y" : 407786.09700000472
      }
    },
    {
      "attributes" : {
        "FID" : 105,
        "PMNTN_SPOT" : 16813,
        "MNTN_CODE" : "471100801",
        "MANAGE_SP1" : "14",
        "MANAGE_SP2" : "조망점",
        "DETAIL_SPO" : "조망점",
        "ETC_MATTER" : " ",
        "MNTN_NM" : "내연산",
        "PAST_SPOT_" : "27241305000106",
        "MNTN_ID" : "2724130500"
      },
      "geometry" : {
        "x" : 403331.27410006896,
        "y" : 407970.27760000713
      }
    },
    {
      "attributes" : {
        "FID" : 106,
        "PMNTN_SPOT" : 16814,
        "MNTN_CODE" : "471100801",
        "MANAGE_SP1" : "99",
        "MANAGE_SP2" : "기타",
        "DETAIL_SPO" : "구조표지판",
        "ETC_MATTER" : " ",
        "MNTN_NM" : "내연산",
        "PAST_SPOT_" : "27241305000107",
        "MNTN_ID" : "2724130500"
      },
      "geometry" : {
        "x" : 403348.88640006911,
        "y" : 407989.65500000305
      }
    },
    {
      "attributes" : {
        "FID" : 107,
        "PMNTN_SPOT" : 16815,
        "MNTN_CODE" : "471100801",
        "MANAGE_SP1" : "99",
        "MANAGE_SP2" : "기타",
        "DETAIL_SPO" : "구조표지판",
        "ETC_MATTER" : " ",
        "MNTN_NM" : "내연산",
        "PAST_SPOT_" : "27241305000108",
        "MNTN_ID" : "2724130500"
      },
      "geometry" : {
        "x" : 403575.36730007455,
        "y" : 408119.42450000346
      }
    },
    {
      "attributes" : {
        "FID" : 108,
        "PMNTN_SPOT" : 16816,
        "MNTN_CODE" : "471100801",
        "MANAGE_SP1" : "99",
        "MANAGE_SP2" : "기타",
        "DETAIL_SPO" : "구조표지판",
        "ETC_MATTER" : " ",
        "MNTN_NM" : "내연산",
        "PAST_SPOT_" : "27241305000109",
        "MNTN_ID" : "2724130500"
      },
      "geometry" : {
        "x" : 403799.79370007291,
        "y" : 408300.1880000066
      }
    },
    {
      "attributes" : {
        "FID" : 109,
        "PMNTN_SPOT" : 16817,
        "MNTN_CODE" : "471100801",
        "MANAGE_SP1" : "99",
        "MANAGE_SP2" : "기타",
        "DETAIL_SPO" : "구조표지판",
        "ETC_MATTER" : " ",
        "MNTN_NM" : "내연산",
        "PAST_SPOT_" : "27241305000110",
        "MNTN_ID" : "2724130500"
      },
      "geometry" : {
        "x" : 401765.78980006836,
        "y" : 406681.04210000299
      }
    },
    {
      "attributes" : {
        "FID" : 110,
        "PMNTN_SPOT" : 16818,
        "MNTN_CODE" : "471100801",
        "MANAGE_SP1" : "99",
        "MANAGE_SP2" : "기타",
        "DETAIL_SPO" : "구조표지판",
        "ETC_MATTER" : "수리요",
        "MNTN_NM" : "내연산",
        "PAST_SPOT_" : "27241305000111",
        "MNTN_ID" : "2724130500"
      },
      "geometry" : {
        "x" : 401766.33130006865,
        "y" : 406800.13700000755
      }
    },
    {
      "attributes" : {
        "FID" : 111,
        "PMNTN_SPOT" : 16819,
        "MNTN_CODE" : "471100801",
        "MANAGE_SP1" : "99",
        "MANAGE_SP2" : "기타",
        "DETAIL_SPO" : "구조표지판",
        "ETC_MATTER" : " ",
        "MNTN_NM" : "내연산",
        "PAST_SPOT_" : "27241305000112",
        "MNTN_ID" : "2724130500"
      },
      "geometry" : {
        "x" : 402214.65800006874,
        "y" : 406896.46120000444
      }
    },
    {
      "attributes" : {
        "FID" : 112,
        "PMNTN_SPOT" : 16820,
        "MNTN_CODE" : "471100801",
        "MANAGE_SP1" : "99",
        "MANAGE_SP2" : "기타",
        "DETAIL_SPO" : "구조표지판",
        "ETC_MATTER" : " ",
        "MNTN_NM" : "내연산",
        "PAST_SPOT_" : "27241305000113",
        "MNTN_ID" : "2724130500"
      },
      "geometry" : {
        "x" : 402400.41220006999,
        "y" : 406866.27510000579
      }
    },
    {
      "attributes" : {
        "FID" : 113,
        "PMNTN_SPOT" : 16821,
        "MNTN_CODE" : "471100801",
        "MANAGE_SP1" : "10",
        "MANAGE_SP2" : "이정표",
        "DETAIL_SPO" : "이정표",
        "ETC_MATTER" : " ",
        "MNTN_NM" : "내연산",
        "PAST_SPOT_" : "27241305000114",
        "MNTN_ID" : "2724130500"
      },
      "geometry" : {
        "x" : 402833.61590007041,
        "y" : 407113.39410000294
      }
    },
    {
      "attributes" : {
        "FID" : 114,
        "PMNTN_SPOT" : 16822,
        "MNTN_CODE" : "471100801",
        "MANAGE_SP1" : "99",
        "MANAGE_SP2" : "기타",
        "DETAIL_SPO" : "구조표지판",
        "ETC_MATTER" : " ",
        "MNTN_NM" : "내연산",
        "PAST_SPOT_" : "27241305000115",
        "MNTN_ID" : "2724130500"
      },
      "geometry" : {
        "x" : 402859.5852000704,
        "y" : 407503.20610000752
      }
    },
    {
      "attributes" : {
        "FID" : 115,
        "PMNTN_SPOT" : 16823,
        "MNTN_CODE" : "471100801",
        "MANAGE_SP1" : "99",
        "MANAGE_SP2" : "기타",
        "DETAIL_SPO" : "구조표지판",
        "ETC_MATTER" : " ",
        "MNTN_NM" : "내연산",
        "PAST_SPOT_" : "27241305000116",
        "MNTN_ID" : "2724130500"
      },
      "geometry" : {
        "x" : 402813.44160006661,
        "y" : 408089.66800000705
      }
    },
    {
      "attributes" : {
        "FID" : 116,
        "PMNTN_SPOT" : 16824,
        "MNTN_CODE" : "471100801",
        "MANAGE_SP1" : "99",
        "MANAGE_SP2" : "기타",
        "DETAIL_SPO" : "구조표지판",
        "ETC_MATTER" : " ",
        "MNTN_NM" : "내연산",
        "PAST_SPOT_" : "27241305000117",
        "MNTN_ID" : "2724130500"
      },
      "geometry" : {
        "x" : 402930.37760006823,
        "y" : 408387.29360000603
      }
    },
    {
      "attributes" : {
        "FID" : 117,
        "PMNTN_SPOT" : 16825,
        "MNTN_CODE" : "471100801",
        "MANAGE_SP1" : "11",
        "MANAGE_SP2" : "안내판또는지도",
        "DETAIL_SPO" : "안내판",
        "ETC_MATTER" : " ",
        "MNTN_NM" : "내연산",
        "PAST_SPOT_" : "27241305000118",
        "MNTN_ID" : "2724130500"
      },
      "geometry" : {
        "x" : 403085.99830007181,
        "y" : 408604.66170000285
      }
    },
    {
      "attributes" : {
        "FID" : 118,
        "PMNTN_SPOT" : 16826,
        "MNTN_CODE" : "471100801",
        "MANAGE_SP1" : "11",
        "MANAGE_SP2" : "안내판또는지도",
        "DETAIL_SPO" : "안내판",
        "ETC_MATTER" : " ",
        "MNTN_NM" : "내연산",
        "PAST_SPOT_" : "27241305000119",
        "MNTN_ID" : "2724130500"
      },
      "geometry" : {
        "x" : 403191.20970006753,
        "y" : 409082.17330000736
      }
    },
    {
      "attributes" : {
        "FID" : 119,
        "PMNTN_SPOT" : 16827,
        "MNTN_CODE" : "471100801",
        "MANAGE_SP1" : "11",
        "MANAGE_SP2" : "안내판또는지도",
        "DETAIL_SPO" : "안내판",
        "ETC_MATTER" : " ",
        "MNTN_NM" : "내연산",
        "PAST_SPOT_" : "27241305000120",
        "MNTN_ID" : "2724130500"
      },
      "geometry" : {
        "x" : 403081.61040006857,
        "y" : 409301.06450000405
      }
    },
    {
      "attributes" : {
        "FID" : 120,
        "PMNTN_SPOT" : 16828,
        "MNTN_CODE" : "471100801",
        "MANAGE_SP1" : "11",
        "MANAGE_SP2" : "안내판또는지도",
        "DETAIL_SPO" : "안내판",
        "ETC_MATTER" : " ",
        "MNTN_NM" : "내연산",
        "PAST_SPOT_" : "27241305000121",
        "MNTN_ID" : "2724130500"
      },
      "geometry" : {
        "x" : 403112.10470006894,
        "y" : 409471.81540000811
      }
    },
    {
      "attributes" : {
        "FID" : 121,
        "PMNTN_SPOT" : 16829,
        "MNTN_CODE" : "471100801",
        "MANAGE_SP1" : "99",
        "MANAGE_SP2" : "기타",
        "DETAIL_SPO" : "삼거리",
        "ETC_MATTER" : " ",
        "MNTN_NM" : "내연산",
        "PAST_SPOT_" : "27241305000122",
        "MNTN_ID" : "2724130500"
      },
      "geometry" : {
        "x" : 403503.8106982708,
        "y" : 407000.10334076919
      }
    },
    {
      "attributes" : {
        "FID" : 122,
        "PMNTN_SPOT" : 16830,
        "MNTN_CODE" : "471100801",
        "MANAGE_SP1" : "99",
        "MANAGE_SP2" : "기타",
        "DETAIL_SPO" : "구조표지판",
        "ETC_MATTER" : " ",
        "MNTN_NM" : "내연산",
        "PAST_SPOT_" : "27241305000123",
        "MNTN_ID" : "2724130500"
      },
      "geometry" : {
        "x" : 403359.7103000693,
        "y" : 407175.30070000514
      }
    },
    {
      "attributes" : {
        "FID" : 123,
        "PMNTN_SPOT" : 16831,
        "MNTN_CODE" : "471100801",
        "MANAGE_SP1" : "99",
        "MANAGE_SP2" : "기타",
        "DETAIL_SPO" : "구조표지판",
        "ETC_MATTER" : " ",
        "MNTN_NM" : "내연산",
        "PAST_SPOT_" : "27241305000124",
        "MNTN_ID" : "2724130500"
      },
      "geometry" : {
        "x" : 403533.61100006849,
        "y" : 407040.79580000602
      }
    },
    {
      "attributes" : {
        "FID" : 124,
        "PMNTN_SPOT" : 16832,
        "MNTN_CODE" : "471100801",
        "MANAGE_SP1" : "99",
        "MANAGE_SP2" : "기타",
        "DETAIL_SPO" : "산불초소",
        "ETC_MATTER" : " ",
        "MNTN_NM" : "내연산",
        "PAST_SPOT_" : "27241305000125",
        "MNTN_ID" : "2724130500"
      },
      "geometry" : {
        "x" : 403027.9137000693,
        "y" : 404828.78830000572
      }
    },
    {
      "attributes" : {
        "FID" : 125,
        "PMNTN_SPOT" : 16833,
        "MNTN_CODE" : "471100801",
        "MANAGE_SP1" : "99",
        "MANAGE_SP2" : "기타",
        "DETAIL_SPO" : "구조표지판",
        "ETC_MATTER" : "수리요",
        "MNTN_NM" : "내연산",
        "PAST_SPOT_" : "27241305000126",
        "MNTN_ID" : "2724130500"
      },
      "geometry" : {
        "x" : 404069.79160007276,
        "y" : 407583.25320000574
      }
    },
    {
      "attributes" : {
        "FID" : 126,
        "PMNTN_SPOT" : 16834,
        "MNTN_CODE" : "471100801",
        "MANAGE_SP1" : "99",
        "MANAGE_SP2" : "기타",
        "DETAIL_SPO" : "구조표지판",
        "ETC_MATTER" : "수리요",
        "MNTN_NM" : "내연산",
        "PAST_SPOT_" : "27241305000127",
        "MNTN_ID" : "2724130500"
      },
      "geometry" : {
        "x" : 403710.97860007081,
        "y" : 407561.82860000804
      }
    },
    {
      "attributes" : {
        "FID" : 127,
        "PMNTN_SPOT" : 16835,
        "MNTN_CODE" : "471100801",
        "MANAGE_SP1" : "10",
        "MANAGE_SP2" : "이정표",
        "DETAIL_SPO" : "이정표",
        "ETC_MATTER" : " ",
        "MNTN_NM" : "내연산",
        "PAST_SPOT_" : "27241305000128",
        "MNTN_ID" : "2724130500"
      },
      "geometry" : {
        "x" : 405016.14260007348,
        "y" : 407695.87580000795
      }
    },
    {
      "attributes" : {
        "FID" : 128,
        "PMNTN_SPOT" : 16836,
        "MNTN_CODE" : "471100801",
        "MANAGE_SP1" : "99",
        "MANAGE_SP2" : "기타",
        "DETAIL_SPO" : "구조표지판",
        "ETC_MATTER" : " ",
        "MNTN_NM" : "내연산",
        "PAST_SPOT_" : "27241305000129",
        "MNTN_ID" : "2724130500"
      },
      "geometry" : {
        "x" : 404685.51760007348,
        "y" : 407763.09640000388
      }
    },
    {
      "attributes" : {
        "FID" : 129,
        "PMNTN_SPOT" : 16837,
        "MNTN_CODE" : "471100801",
        "MANAGE_SP1" : "02",
        "MANAGE_SP2" : "분기점",
        "DETAIL_SPO" : "분기점",
        "ETC_MATTER" : " ",
        "MNTN_NM" : "내연산",
        "PAST_SPOT_" : "27241305000130",
        "MNTN_ID" : "2724130500"
      },
      "geometry" : {
        "x" : 407591.91795008443,
        "y" : 407869.31506700069
      }
    },
    {
      "attributes" : {
        "FID" : 130,
        "PMNTN_SPOT" : 16838,
        "MNTN_CODE" : "471100801",
        "MANAGE_SP1" : "11",
        "MANAGE_SP2" : "안내판또는지도",
        "DETAIL_SPO" : "안내판",
        "ETC_MATTER" : " ",
        "MNTN_NM" : "내연산",
        "PAST_SPOT_" : "27241305000131",
        "MNTN_ID" : "2724130500"
      },
      "geometry" : {
        "x" : 404339.81290007103,
        "y" : 409528.21780000441
      }
    },
    {
      "attributes" : {
        "FID" : 131,
        "PMNTN_SPOT" : 16839,
        "MNTN_CODE" : "471100801",
        "MANAGE_SP1" : "11",
        "MANAGE_SP2" : "안내판또는지도",
        "DETAIL_SPO" : "안내판",
        "ETC_MATTER" : " ",
        "MNTN_NM" : "내연산",
        "PAST_SPOT_" : "27241305000132",
        "MNTN_ID" : "2724130500"
      },
      "geometry" : {
        "x" : 404308.30790007487,
        "y" : 409164.30720000714
      }
    },
    {
      "attributes" : {
        "FID" : 132,
        "PMNTN_SPOT" : 16840,
        "MNTN_CODE" : "471100801",
        "MANAGE_SP1" : "99",
        "MANAGE_SP2" : "기타",
        "DETAIL_SPO" : "구조표지판",
        "ETC_MATTER" : " ",
        "MNTN_NM" : "내연산",
        "PAST_SPOT_" : "27241305000133",
        "MNTN_ID" : "2724130500"
      },
      "geometry" : {
        "x" : 403569.42160007078,
        "y" : 407276.26060000435
      }
    },
    {
      "attributes" : {
        "FID" : 133,
        "PMNTN_SPOT" : 16841,
        "MNTN_CODE" : "471100801",
        "MANAGE_SP1" : "11",
        "MANAGE_SP2" : "안내판또는지도",
        "DETAIL_SPO" : "안내판.벤치",
        "ETC_MATTER" : " ",
        "MNTN_NM" : "내연산",
        "PAST_SPOT_" : "27241305000134",
        "MNTN_ID" : "2724130500"
      },
      "geometry" : {
        "x" : 403063.0802145265,
        "y" : 404723.63155970164
      }
    },
    {
      "attributes" : {
        "FID" : 134,
        "PMNTN_SPOT" : 16842,
        "MNTN_CODE" : "471100801",
        "MANAGE_SP1" : "99",
        "MANAGE_SP2" : "기타",
        "DETAIL_SPO" : "보경사",
        "ETC_MATTER" : " ",
        "MNTN_NM" : "내연산",
        "PAST_SPOT_" : "27241305000135",
        "MNTN_ID" : "2724130500"
      },
      "geometry" : {
        "x" : 408305.00580008142,
        "y" : 408447.34070000984
      }
    },
    {
      "attributes" : {
        "FID" : 135,
        "PMNTN_SPOT" : 16843,
        "MNTN_CODE" : "471100801",
        "MANAGE_SP1" : "01",
        "MANAGE_SP2" : "시종점",
        "DETAIL_SPO" : "시종점",
        "ETC_MATTER" : " ",
        "MNTN_NM" : "내연산",
        "PAST_SPOT_" : "27241305000136",
        "MNTN_ID" : "2724130500"
      },
      "geometry" : {
        "x" : 400951.51010006387,
        "y" : 410104.62370000407
      }
    },
    {
      "attributes" : {
        "FID" : 136,
        "PMNTN_SPOT" : 16844,
        "MNTN_CODE" : "471100801",
        "MANAGE_SP1" : "23",
        "MANAGE_SP2" : "정상",
        "DETAIL_SPO" : "매봉정상",
        "ETC_MATTER" : " ",
        "MNTN_NM" : "내연산",
        "PAST_SPOT_" : "27241305000137",
        "MNTN_ID" : "2724130500"
      },
      "geometry" : {
        "x" : 402514.79330006894,
        "y" : 405338.48440000601
      }
    },
    {
      "attributes" : {
        "FID" : 137,
        "PMNTN_SPOT" : 16845,
        "MNTN_CODE" : "471100801",
        "MANAGE_SP1" : "99",
        "MANAGE_SP2" : "기타",
        "DETAIL_SPO" : "구조표지판",
        "ETC_MATTER" : " ",
        "MNTN_NM" : "내연산",
        "PAST_SPOT_" : "27241305000138",
        "MNTN_ID" : "2724130500"
      },
      "geometry" : {
        "x" : 402799.59110006783,
        "y" : 407126.40870000795
      }
    },
    {
      "attributes" : {
        "FID" : 138,
        "PMNTN_SPOT" : 16846,
        "MNTN_CODE" : "471100801",
        "MANAGE_SP1" : "02",
        "MANAGE_SP2" : "분기점",
        "DETAIL_SPO" : "분기점",
        "ETC_MATTER" : " ",
        "MNTN_NM" : "내연산",
        "PAST_SPOT_" : "27241305000139",
        "MNTN_ID" : "2724130500"
      },
      "geometry" : {
        "x" : 402876.97930007055,
        "y" : 407097.27810000628
      }
    },
    {
      "attributes" : {
        "FID" : 139,
        "PMNTN_SPOT" : 16847,
        "MNTN_CODE" : "471100801",
        "MANAGE_SP1" : "02",
        "MANAGE_SP2" : "분기점",
        "DETAIL_SPO" : "분기점",
        "ETC_MATTER" : " ",
        "MNTN_NM" : "내연산",
        "PAST_SPOT_" : "27241305000140",
        "MNTN_ID" : "2724130500"
      },
      "geometry" : {
        "x" : 402886.43340007123,
        "y" : 404995.66160000488
      }
    },
    {
      "attributes" : {
        "FID" : 140,
        "PMNTN_SPOT" : 16848,
        "MNTN_CODE" : "471100801",
        "MANAGE_SP1" : "10",
        "MANAGE_SP2" : "이정표",
        "DETAIL_SPO" : "이정표 등",
        "ETC_MATTER" : " ",
        "MNTN_NM" : "내연산",
        "PAST_SPOT_" : "27241305000141",
        "MNTN_ID" : "2724130500"
      },
      "geometry" : {
        "x" : 402972.38170006778,
        "y" : 404871.99210000783
      }
    },
    {
      "attributes" : {
        "FID" : 141,
        "PMNTN_SPOT" : 16849,
        "MNTN_CODE" : "471100801",
        "MANAGE_SP1" : "23",
        "MANAGE_SP2" : "정상",
        "DETAIL_SPO" : "향로봉정상",
        "ETC_MATTER" : " ",
        "MNTN_NM" : "내연산",
        "PAST_SPOT_" : "27241305000142",
        "MNTN_ID" : "2724130500"
      },
      "geometry" : {
        "x" : 402973.07930006832,
        "y" : 409633.46730000339
      }
    },
    {
      "attributes" : {
        "FID" : 142,
        "PMNTN_SPOT" : 16850,
        "MNTN_CODE" : "471100801",
        "MANAGE_SP1" : "02",
        "MANAGE_SP2" : "분기점",
        "DETAIL_SPO" : "분기점",
        "ETC_MATTER" : " ",
        "MNTN_NM" : "내연산",
        "PAST_SPOT_" : "27241305000143",
        "MNTN_ID" : "2724130500"
      },
      "geometry" : {
        "x" : 403046.41430006921,
        "y" : 404694.95950000733
      }
    },
    {
      "attributes" : {
        "FID" : 143,
        "PMNTN_SPOT" : 16851,
        "MNTN_CODE" : "471100801",
        "MANAGE_SP1" : "10",
        "MANAGE_SP2" : "이정표",
        "DETAIL_SPO" : "이정표",
        "ETC_MATTER" : " ",
        "MNTN_NM" : "내연산",
        "PAST_SPOT_" : "27241305000144",
        "MNTN_ID" : "2724130500"
      },
      "geometry" : {
        "x" : 403129.37460007053,
        "y" : 409530.12670000456
      }
    },
    {
      "attributes" : {
        "FID" : 144,
        "PMNTN_SPOT" : 16852,
        "MNTN_CODE" : "471100801",
        "MANAGE_SP1" : "02",
        "MANAGE_SP2" : "분기점",
        "DETAIL_SPO" : "분기점",
        "ETC_MATTER" : " ",
        "MNTN_NM" : "내연산",
        "PAST_SPOT_" : "27241305000145",
        "MNTN_ID" : "2724130500"
      },
      "geometry" : {
        "x" : 403187.40200007241,
        "y" : 410170.57590000518
      }
    },
    {
      "attributes" : {
        "FID" : 145,
        "PMNTN_SPOT" : 16853,
        "MNTN_CODE" : "471100801",
        "MANAGE_SP1" : "02",
        "MANAGE_SP2" : "분기점",
        "DETAIL_SPO" : "분기점",
        "ETC_MATTER" : " ",
        "MNTN_NM" : "내연산",
        "PAST_SPOT_" : "27241305000146",
        "MNTN_ID" : "2724130500"
      },
      "geometry" : {
        "x" : 403198.75830006879,
        "y" : 404462.43910000287
      }
    },
    {
      "attributes" : {
        "FID" : 146,
        "PMNTN_SPOT" : 16854,
        "MNTN_CODE" : "471100801",
        "MANAGE_SP1" : "01",
        "MANAGE_SP2" : "시종점",
        "DETAIL_SPO" : "시종점",
        "ETC_MATTER" : " ",
        "MNTN_NM" : "내연산",
        "PAST_SPOT_" : "27241305000147",
        "MNTN_ID" : "2724130500"
      },
      "geometry" : {
        "x" : 403226.10940007027,
        "y" : 404341.53320000321
      }
    },
    {
      "attributes" : {
        "FID" : 147,
        "PMNTN_SPOT" : 16855,
        "MNTN_CODE" : "471100801",
        "MANAGE_SP1" : "03",
        "MANAGE_SP2" : "정자",
        "DETAIL_SPO" : "정자",
        "ETC_MATTER" : " ",
        "MNTN_NM" : "내연산",
        "PAST_SPOT_" : "27241305000148",
        "MNTN_ID" : "2724130500"
      },
      "geometry" : {
        "x" : 403249.59350007121,
        "y" : 404561.17350000516
      }
    },
    {
      "attributes" : {
        "FID" : 148,
        "PMNTN_SPOT" : 16856,
        "MNTN_CODE" : "471100801",
        "MANAGE_SP1" : "02",
        "MANAGE_SP2" : "분기점",
        "DETAIL_SPO" : "분기점",
        "ETC_MATTER" : " ",
        "MNTN_NM" : "내연산",
        "PAST_SPOT_" : "27241305000149",
        "MNTN_ID" : "2724130500"
      },
      "geometry" : {
        "x" : 403441.86010007188,
        "y" : 406961.90610000305
      }
    },
    {
      "attributes" : {
        "FID" : 149,
        "PMNTN_SPOT" : 16857,
        "MNTN_CODE" : "471100801",
        "MANAGE_SP1" : "99",
        "MANAGE_SP2" : "기타",
        "DETAIL_SPO" : "구조표지판",
        "ETC_MATTER" : " ",
        "MNTN_NM" : "내연산",
        "PAST_SPOT_" : "27241305000150",
        "MNTN_ID" : "2724130500"
      },
      "geometry" : {
        "x" : 403494.8522000704,
        "y" : 406930.91750000603
      }
    },
    {
      "attributes" : {
        "FID" : 150,
        "PMNTN_SPOT" : 16858,
        "MNTN_CODE" : "471100801",
        "MANAGE_SP1" : "02",
        "MANAGE_SP2" : "분기점",
        "DETAIL_SPO" : "분기점",
        "ETC_MATTER" : " ",
        "MNTN_NM" : "내연산",
        "PAST_SPOT_" : "27241305000151",
        "MNTN_ID" : "2724130500"
      },
      "geometry" : {
        "x" : 403512.36790007167,
        "y" : 406996.80040000379
      }
    },
    {
      "attributes" : {
        "FID" : 151,
        "PMNTN_SPOT" : 16859,
        "MNTN_CODE" : "471100801",
        "MANAGE_SP1" : "02",
        "MANAGE_SP2" : "분기점",
        "DETAIL_SPO" : "분기점",
        "ETC_MATTER" : " ",
        "MNTN_NM" : "내연산",
        "PAST_SPOT_" : "27241305000152",
        "MNTN_ID" : "2724130500"
      },
      "geometry" : {
        "x" : 403591.29410007223,
        "y" : 404582.73440000601
      }
    },
    {
      "attributes" : {
        "FID" : 152,
        "PMNTN_SPOT" : 16860,
        "MNTN_CODE" : "471100801",
        "MANAGE_SP1" : "02",
        "MANAGE_SP2" : "분기점",
        "DETAIL_SPO" : "이정표, 접점",
        "ETC_MATTER" : " ",
        "MNTN_NM" : "내연산",
        "PAST_SPOT_" : "27241305000153",
        "MNTN_ID" : "2724130500"
      },
      "geometry" : {
        "x" : 403881.39190007094,
        "y" : 410452.40570000559
      }
    },
    {
      "attributes" : {
        "FID" : 153,
        "PMNTN_SPOT" : 16861,
        "MNTN_CODE" : "471100801",
        "MANAGE_SP1" : "02",
        "MANAGE_SP2" : "분기점",
        "DETAIL_SPO" : "이정표, 접점",
        "ETC_MATTER" : " ",
        "MNTN_NM" : "내연산",
        "PAST_SPOT_" : "27241305000154",
        "MNTN_ID" : "2724130500"
      },
      "geometry" : {
        "x" : 404088.45120007172,
        "y" : 408762.47920000367
      }
    },
    {
      "attributes" : {
        "FID" : 154,
        "PMNTN_SPOT" : 16862,
        "MNTN_CODE" : "471100801",
        "MANAGE_SP1" : "02",
        "MANAGE_SP2" : "분기점",
        "DETAIL_SPO" : "이정표, 접점",
        "ETC_MATTER" : " ",
        "MNTN_NM" : "내연산",
        "PAST_SPOT_" : "27241305000155",
        "MNTN_ID" : "2724130500"
      },
      "geometry" : {
        "x" : 404125.42950007226,
        "y" : 408795.30640000664
      }
    },
    {
      "attributes" : {
        "FID" : 155,
        "PMNTN_SPOT" : 16863,
        "MNTN_CODE" : "471100801",
        "MANAGE_SP1" : "10",
        "MANAGE_SP2" : "이정표",
        "DETAIL_SPO" : "이정표",
        "ETC_MATTER" : " ",
        "MNTN_NM" : "내연산",
        "PAST_SPOT_" : "27241305000156",
        "MNTN_ID" : "2724130500"
      },
      "geometry" : {
        "x" : 404763.68330007326,
        "y" : 409159.22340000607
      }
    },
    {
      "attributes" : {
        "FID" : 156,
        "PMNTN_SPOT" : 16864,
        "MNTN_CODE" : "471100801",
        "MANAGE_SP1" : "10",
        "MANAGE_SP2" : "이정표",
        "DETAIL_SPO" : "이정표",
        "ETC_MATTER" : " ",
        "MNTN_NM" : "내연산",
        "PAST_SPOT_" : "27241305000157",
        "MNTN_ID" : "2724130500"
      },
      "geometry" : {
        "x" : 405158.63140007388,
        "y" : 410726.99370000511
      }
    },
    {
      "attributes" : {
        "FID" : 157,
        "PMNTN_SPOT" : 16865,
        "MNTN_CODE" : "471100801",
        "MANAGE_SP1" : "99",
        "MANAGE_SP2" : "기타",
        "DETAIL_SPO" : "천령산",
        "ETC_MATTER" : " ",
        "MNTN_NM" : "내연산",
        "PAST_SPOT_" : "27241305000158",
        "MNTN_ID" : "2724130500"
      },
      "geometry" : {
        "x" : 405173.32930007484,
        "y" : 407547.01490001194
      }
    },
    {
      "attributes" : {
        "FID" : 158,
        "PMNTN_SPOT" : 16866,
        "MNTN_CODE" : "471100801",
        "MANAGE_SP1" : "23",
        "MANAGE_SP2" : "정상",
        "DETAIL_SPO" : "내연산정상",
        "ETC_MATTER" : " ",
        "MNTN_NM" : "내연산",
        "PAST_SPOT_" : "27241305000159",
        "MNTN_ID" : "2724130500"
      },
      "geometry" : {
        "x" : 405755.84300007578,
        "y" : 411392.8338000048
      }
    },
    {
      "attributes" : {
        "FID" : 159,
        "PMNTN_SPOT" : 16867,
        "MNTN_CODE" : "471100801",
        "MANAGE_SP1" : "10",
        "MANAGE_SP2" : "이정표",
        "DETAIL_SPO" : "이정표",
        "ETC_MATTER" : " ",
        "MNTN_NM" : "내연산",
        "PAST_SPOT_" : "27241305000160",
        "MNTN_ID" : "2724130500"
      },
      "geometry" : {
        "x" : 405838.22210007347,
        "y" : 409657.26540000737
      }
    },
    {
      "attributes" : {
        "FID" : 160,
        "PMNTN_SPOT" : 16868,
        "MNTN_CODE" : "471100801",
        "MANAGE_SP1" : "10",
        "MANAGE_SP2" : "이정표",
        "DETAIL_SPO" : "이정표",
        "ETC_MATTER" : " ",
        "MNTN_NM" : "내연산",
        "PAST_SPOT_" : "27241305000161",
        "MNTN_ID" : "2724130500"
      },
      "geometry" : {
        "x" : 406505.10880007502,
        "y" : 409686.06330000609
      }
    },
    {
      "attributes" : {
        "FID" : 161,
        "PMNTN_SPOT" : 16869,
        "MNTN_CODE" : "471100801",
        "MANAGE_SP1" : "02",
        "MANAGE_SP2" : "분기점",
        "DETAIL_SPO" : "이정표,접점",
        "ETC_MATTER" : " ",
        "MNTN_NM" : "내연산",
        "PAST_SPOT_" : "27241305000162",
        "MNTN_ID" : "2724130500"
      },
      "geometry" : {
        "x" : 406583.0944800647,
        "y" : 409750.2310333848
      }
    },
    {
      "attributes" : {
        "FID" : 162,
        "PMNTN_SPOT" : 16870,
        "MNTN_CODE" : "471100801",
        "MANAGE_SP1" : "02",
        "MANAGE_SP2" : "분기점",
        "DETAIL_SPO" : "분기점",
        "ETC_MATTER" : " ",
        "MNTN_NM" : "내연산",
        "PAST_SPOT_" : "27241305000163",
        "MNTN_ID" : "2724130500"
      },
      "geometry" : {
        "x" : 406622.54330007825,
        "y" : 409704.85610000417
      }
    },
    {
      "attributes" : {
        "FID" : 163,
        "PMNTN_SPOT" : 16871,
        "MNTN_CODE" : "471100801",
        "MANAGE_SP1" : "02",
        "MANAGE_SP2" : "분기점",
        "DETAIL_SPO" : "분기점",
        "ETC_MATTER" : " ",
        "MNTN_NM" : "내연산",
        "PAST_SPOT_" : "27241305000164",
        "MNTN_ID" : "2724130500"
      },
      "geometry" : {
        "x" : 406840.56300007831,
        "y" : 410494.53220000491
      }
    },
    {
      "attributes" : {
        "FID" : 164,
        "PMNTN_SPOT" : 16872,
        "MNTN_CODE" : "471100801",
        "MANAGE_SP1" : "10",
        "MANAGE_SP2" : "이정표",
        "DETAIL_SPO" : "이정표",
        "ETC_MATTER" : " ",
        "MNTN_NM" : "내연산",
        "PAST_SPOT_" : "27241305000165",
        "MNTN_ID" : "2724130500"
      },
      "geometry" : {
        "x" : 406913.51690007839,
        "y" : 410414.1629000064
      }
    },
    {
      "attributes" : {
        "FID" : 165,
        "PMNTN_SPOT" : 16873,
        "MNTN_CODE" : "471100801",
        "MANAGE_SP1" : "02",
        "MANAGE_SP2" : "분기점",
        "DETAIL_SPO" : "분기점",
        "ETC_MATTER" : " ",
        "MNTN_NM" : "내연산",
        "PAST_SPOT_" : "27241305000166",
        "MNTN_ID" : "2724130500"
      },
      "geometry" : {
        "x" : 407150.4180000769,
        "y" : 409258.0837000031
      }
    },
    {
      "attributes" : {
        "FID" : 166,
        "PMNTN_SPOT" : 16874,
        "MNTN_CODE" : "471100801",
        "MANAGE_SP1" : "10",
        "MANAGE_SP2" : "이정표",
        "DETAIL_SPO" : "이정표",
        "ETC_MATTER" : " ",
        "MNTN_NM" : "내연산",
        "PAST_SPOT_" : "27241305000167",
        "MNTN_ID" : "2724130500"
      },
      "geometry" : {
        "x" : 407183.39120007958,
        "y" : 409308.20630000532
      }
    },
    {
      "attributes" : {
        "FID" : 167,
        "PMNTN_SPOT" : 16875,
        "MNTN_CODE" : "471100801",
        "MANAGE_SP1" : "99",
        "MANAGE_SP2" : "기타",
        "DETAIL_SPO" : "보현암자",
        "ETC_MATTER" : " ",
        "MNTN_NM" : "내연산",
        "PAST_SPOT_" : "27241305000168",
        "MNTN_ID" : "2724130500"
      },
      "geometry" : {
        "x" : 407185.06920007709,
        "y" : 409227.7775000073
      }
    },
    {
      "attributes" : {
        "FID" : 168,
        "PMNTN_SPOT" : 16876,
        "MNTN_CODE" : "471100801",
        "MANAGE_SP1" : "02",
        "MANAGE_SP2" : "분기점",
        "DETAIL_SPO" : "분기점",
        "ETC_MATTER" : " ",
        "MNTN_NM" : "내연산",
        "PAST_SPOT_" : "27241305000169",
        "MNTN_ID" : "2724130500"
      },
      "geometry" : {
        "x" : 407197.84680007771,
        "y" : 410224.71000000834
      }
    },
    {
      "attributes" : {
        "FID" : 169,
        "PMNTN_SPOT" : 16877,
        "MNTN_CODE" : "471100801",
        "MANAGE_SP1" : "02",
        "MANAGE_SP2" : "분기점",
        "DETAIL_SPO" : "분기점",
        "ETC_MATTER" : " ",
        "MNTN_NM" : "내연산",
        "PAST_SPOT_" : "27241305000170",
        "MNTN_ID" : "2724130500"
      },
      "geometry" : {
        "x" : 407258.76630007848,
        "y" : 409323.53470000811
      }
    },
    {
      "attributes" : {
        "FID" : 170,
        "PMNTN_SPOT" : 16878,
        "MNTN_CODE" : "471100801",
        "MANAGE_SP1" : "02",
        "MANAGE_SP2" : "분기점",
        "DETAIL_SPO" : "분기점",
        "ETC_MATTER" : " ",
        "MNTN_NM" : "내연산",
        "PAST_SPOT_" : "27241305000171",
        "MNTN_ID" : "2724130500"
      },
      "geometry" : {
        "x" : 407330.31430008076,
        "y" : 409317.84330000728
      }
    },
    {
      "attributes" : {
        "FID" : 171,
        "PMNTN_SPOT" : 16879,
        "MNTN_CODE" : "471100801",
        "MANAGE_SP1" : "02",
        "MANAGE_SP2" : "분기점",
        "DETAIL_SPO" : "분기점",
        "ETC_MATTER" : " ",
        "MNTN_NM" : "내연산",
        "PAST_SPOT_" : "27241305000172",
        "MNTN_ID" : "2724130500"
      },
      "geometry" : {
        "x" : 407331.586800077,
        "y" : 407504.36210000701
      }
    },
    {
      "attributes" : {
        "FID" : 172,
        "PMNTN_SPOT" : 16880,
        "MNTN_CODE" : "471100801",
        "MANAGE_SP1" : "23",
        "MANAGE_SP2" : "정상",
        "DETAIL_SPO" : "문수봉정상",
        "ETC_MATTER" : " ",
        "MNTN_NM" : "내연산",
        "PAST_SPOT_" : "27241305000173",
        "MNTN_ID" : "2724130500"
      },
      "geometry" : {
        "x" : 407411.57920007966,
        "y" : 410224.18740000762
      }
    },
    {
      "attributes" : {
        "FID" : 173,
        "PMNTN_SPOT" : 16881,
        "MNTN_CODE" : "471100801",
        "MANAGE_SP1" : "02",
        "MANAGE_SP2" : "분기점",
        "DETAIL_SPO" : "문수암갈림길",
        "ETC_MATTER" : " ",
        "MNTN_NM" : "내연산",
        "PAST_SPOT_" : "27241305000174",
        "MNTN_ID" : "2724130500"
      },
      "geometry" : {
        "x" : 407540.20910007693,
        "y" : 408797.80040000379
      }
    },
    {
      "attributes" : {
        "FID" : 174,
        "PMNTN_SPOT" : 16882,
        "MNTN_CODE" : "471100801",
        "MANAGE_SP1" : "02",
        "MANAGE_SP2" : "분기점",
        "DETAIL_SPO" : "노선접점",
        "ETC_MATTER" : " ",
        "MNTN_NM" : "내연산",
        "PAST_SPOT_" : "27241305000175",
        "MNTN_ID" : "2724130500"
      },
      "geometry" : {
        "x" : 407626.3981973622,
        "y" : 409033.75253664143
      }
    },
    {
      "attributes" : {
        "FID" : 175,
        "PMNTN_SPOT" : 16883,
        "MNTN_CODE" : "471100801",
        "MANAGE_SP1" : "99",
        "MANAGE_SP2" : "기타",
        "DETAIL_SPO" : "문수암자",
        "ETC_MATTER" : " ",
        "MNTN_NM" : "내연산",
        "PAST_SPOT_" : "27241305000176",
        "MNTN_ID" : "2724130500"
      },
      "geometry" : {
        "x" : 407628.69193161931,
        "y" : 409313.20842193812
      }
    },
    {
      "attributes" : {
        "FID" : 176,
        "PMNTN_SPOT" : 16884,
        "MNTN_CODE" : "471100801",
        "MANAGE_SP1" : "02",
        "MANAGE_SP2" : "분기점",
        "DETAIL_SPO" : "노선접점",
        "ETC_MATTER" : " ",
        "MNTN_NM" : "내연산",
        "PAST_SPOT_" : "27241305000177",
        "MNTN_ID" : "2724130500"
      },
      "geometry" : {
        "x" : 407637.69880007952,
        "y" : 409068.01090000756
      }
    },
    {
      "attributes" : {
        "FID" : 177,
        "PMNTN_SPOT" : 16885,
        "MNTN_CODE" : "471100801",
        "MANAGE_SP1" : "02",
        "MANAGE_SP2" : "분기점",
        "DETAIL_SPO" : "분기점",
        "ETC_MATTER" : " ",
        "MNTN_NM" : "내연산",
        "PAST_SPOT_" : "27241305000178",
        "MNTN_ID" : "2724130500"
      },
      "geometry" : {
        "x" : 407644.8002000805,
        "y" : 410079.89500000514
      }
    },
    {
      "attributes" : {
        "FID" : 178,
        "PMNTN_SPOT" : 16886,
        "MNTN_CODE" : "471100801",
        "MANAGE_SP1" : "02",
        "MANAGE_SP2" : "분기점",
        "DETAIL_SPO" : "분기점",
        "ETC_MATTER" : " ",
        "MNTN_NM" : "내연산",
        "PAST_SPOT_" : "27241305000179",
        "MNTN_ID" : "2724130500"
      },
      "geometry" : {
        "x" : 407725.08560007997,
        "y" : 410020.51050000452
      }
    },
    {
      "attributes" : {
        "FID" : 179,
        "PMNTN_SPOT" : 16887,
        "MNTN_CODE" : "471100801",
        "MANAGE_SP1" : "02",
        "MANAGE_SP2" : "분기점",
        "DETAIL_SPO" : "노선접점",
        "ETC_MATTER" : " ",
        "MNTN_NM" : "내연산",
        "PAST_SPOT_" : "27241305000180",
        "MNTN_ID" : "2724130500"
      },
      "geometry" : {
        "x" : 407792.97990008164,
        "y" : 409882.81270000525
      }
    },
    {
      "attributes" : {
        "FID" : 180,
        "PMNTN_SPOT" : 16888,
        "MNTN_CODE" : "471100801",
        "MANAGE_SP1" : "02",
        "MANAGE_SP2" : "분기점",
        "DETAIL_SPO" : "분기점",
        "ETC_MATTER" : " ",
        "MNTN_NM" : "내연산",
        "PAST_SPOT_" : "27241305000181",
        "MNTN_ID" : "2724130500"
      },
      "geometry" : {
        "x" : 408005.20440008119,
        "y" : 409135.020000007
      }
    },
    {
      "attributes" : {
        "FID" : 181,
        "PMNTN_SPOT" : 16889,
        "MNTN_CODE" : "471100801",
        "MANAGE_SP1" : "02",
        "MANAGE_SP2" : "분기점",
        "DETAIL_SPO" : "분기점",
        "ETC_MATTER" : " ",
        "MNTN_NM" : "내연산",
        "PAST_SPOT_" : "27241305000182",
        "MNTN_ID" : "2724130500"
      },
      "geometry" : {
        "x" : 408125.816900081,
        "y" : 409164.67020000517
      }
    },
    {
      "attributes" : {
        "FID" : 182,
        "PMNTN_SPOT" : 16890,
        "MNTN_CODE" : "471100801",
        "MANAGE_SP1" : "01",
        "MANAGE_SP2" : "시종점",
        "DETAIL_SPO" : "시종점",
        "ETC_MATTER" : " ",
        "MNTN_NM" : "내연산",
        "PAST_SPOT_" : "27241305000183",
        "MNTN_ID" : "2724130500"
      },
      "geometry" : {
        "x" : 408333.69020008016,
        "y" : 408080.76340000518
      }
    },
    {
      "attributes" : {
        "FID" : 183,
        "PMNTN_SPOT" : 16891,
        "MNTN_CODE" : "471100801",
        "MANAGE_SP1" : "01",
        "MANAGE_SP2" : "시종점",
        "DETAIL_SPO" : "시종점",
        "ETC_MATTER" : " ",
        "MNTN_NM" : "내연산",
        "PAST_SPOT_" : "27241305000184",
        "MNTN_ID" : "2724130500"
      },
      "geometry" : {
        "x" : 408392.02830007952,
        "y" : 407674.5724000074
      }
    },
    {
      "attributes" : {
        "FID" : 184,
        "PMNTN_SPOT" : 16892,
        "MNTN_CODE" : "471100801",
        "MANAGE_SP1" : "11",
        "MANAGE_SP2" : "안내판또는지도",
        "DETAIL_SPO" : "안내도",
        "ETC_MATTER" : " ",
        "MNTN_NM" : "내연산",
        "PAST_SPOT_" : "27241305000185",
        "MNTN_ID" : "2724130500"
      },
      "geometry" : {
        "x" : 408400.79180007894,
        "y" : 408364.25820000283
      }
    },
    {
      "attributes" : {
        "FID" : 185,
        "PMNTN_SPOT" : 16893,
        "MNTN_CODE" : "471100801",
        "MANAGE_SP1" : "02",
        "MANAGE_SP2" : "분기점",
        "DETAIL_SPO" : "분기점",
        "ETC_MATTER" : " ",
        "MNTN_NM" : "내연산",
        "PAST_SPOT_" : "27241305000186",
        "MNTN_ID" : "2724130500"
      },
      "geometry" : {
        "x" : 408445.94230008218,
        "y" : 408439.22900000401
      }
    },
    {
      "attributes" : {
        "FID" : 186,
        "PMNTN_SPOT" : 16894,
        "MNTN_CODE" : "471100801",
        "MANAGE_SP1" : "02",
        "MANAGE_SP2" : "분기점",
        "DETAIL_SPO" : "분기점",
        "ETC_MATTER" : " ",
        "MNTN_NM" : "내연산",
        "PAST_SPOT_" : "27241305000187",
        "MNTN_ID" : "2724130500"
      },
      "geometry" : {
        "x" : 408501.27980007976,
        "y" : 409186.46800000779
      }
    },
    {
      "attributes" : {
        "FID" : 187,
        "PMNTN_SPOT" : 16895,
        "MNTN_CODE" : "471100801",
        "MANAGE_SP1" : "02",
        "MANAGE_SP2" : "분기점",
        "DETAIL_SPO" : "분기점",
        "ETC_MATTER" : " ",
        "MNTN_NM" : "내연산",
        "PAST_SPOT_" : "27241305000188",
        "MNTN_ID" : "2724130500"
      },
      "geometry" : {
        "x" : 408544.5370000843,
        "y" : 409077.63810000755
      }
    },
    {
      "attributes" : {
        "FID" : 188,
        "PMNTN_SPOT" : 16896,
        "MNTN_CODE" : "471100801",
        "MANAGE_SP1" : "01",
        "MANAGE_SP2" : "시종점",
        "DETAIL_SPO" : "시종점",
        "ETC_MATTER" : " ",
        "MNTN_NM" : "내연산",
        "PAST_SPOT_" : "27241305000189",
        "MNTN_ID" : "2724130500"
      },
      "geometry" : {
        "x" : 408968.16880008765,
        "y" : 407064.60800000466
      }
    }
  ]
}