{
  "displayFieldName" : "",
  "fieldAliases" : {
    "FID" : "FID",
    "PMNTN_SN" : "PMNTN_SN",
    "MNTN_CODE" : "MNTN_CODE",
    "MNTN_NM" : "MNTN_NM",
    "PMNTN_NM" : "PMNTN_NM",
    "PMNTN_MAIN" : "PMNTN_MAIN",
    "PMNTN_LT" : "PMNTN_LT",
    "PMNTN_DFFL" : "PMNTN_DFFL",
    "PMNTN_UPPL" : "PMNTN_UPPL",
    "PMNTN_GODN" : "PMNTN_GODN",
    "PMNTN_MTRQ" : "PMNTN_MTRQ",
    "PMNTN_CNRL" : "PMNTN_CNRL",
    "PMNTN_CLS_" : "PMNTN_CLS_",
    "PMNTN_RISK" : "PMNTN_RISK",
    "PMNTN_RECO" : "PMNTN_RECO",
    "DATA_STDR_" : "DATA_STDR_",
    "MNTN_ID" : "MNTN_ID"
  },
  "geometryType" : "esriGeometryPolyline",
  "spatialReference" : {
    "wkt" : "PROJCS[\"PCS_ITRF2000_TM\",GEOGCS[\"GCS_ITRF_2000\",DATUM[\"D_ITRF_2000\",SPHEROID[\"GRS_1980\",6378137.0,298.257222101]],PRIMEM[\"Greenwich\",0.0],UNIT[\"Degree\",0.0174532925199433]],PROJECTION[\"Transverse_Mercator\"],PARAMETER[\"False_Easting\",200000.0],PARAMETER[\"False_Northing\",600000.0],PARAMETER[\"Central_Meridian\",127.0],PARAMETER[\"Scale_Factor\",1.0],PARAMETER[\"Latitude_Of_Origin\",38.0],UNIT[\"Meter\",1.0]]"
  },
  "fields" : [
    {
      "name" : "FID",
      "type" : "esriFieldTypeOID",
      "alias" : "FID"
    },
    {
      "name" : "PMNTN_SN",
      "type" : "esriFieldTypeDouble",
      "alias" : "PMNTN_SN"
    },
    {
      "name" : "MNTN_CODE",
      "type" : "esriFieldTypeString",
      "alias" : "MNTN_CODE",
      "length" : 9
    },
    {
      "name" : "MNTN_NM",
      "type" : "esriFieldTypeString",
      "alias" : "MNTN_NM",
      "length" : 50
    },
    {
      "name" : "PMNTN_NM",
      "type" : "esriFieldTypeString",
      "alias" : "PMNTN_NM",
      "length" : 50
    },
    {
      "name" : "PMNTN_MAIN",
      "type" : "esriFieldTypeString",
      "alias" : "PMNTN_MAIN",
      "length" : 200
    },
    {
      "name" : "PMNTN_LT",
      "type" : "esriFieldTypeSingle",
      "alias" : "PMNTN_LT"
    },
    {
      "name" : "PMNTN_DFFL",
      "type" : "esriFieldTypeString",
      "alias" : "PMNTN_DFFL",
      "length" : 8
    },
    {
      "name" : "PMNTN_UPPL",
      "type" : "esriFieldTypeDouble",
      "alias" : "PMNTN_UPPL"
    },
    {
      "name" : "PMNTN_GODN",
      "type" : "esriFieldTypeDouble",
      "alias" : "PMNTN_GODN"
    },
    {
      "name" : "PMNTN_MTRQ",
      "type" : "esriFieldTypeString",
      "alias" : "PMNTN_MTRQ",
      "length" : 200
    },
    {
      "name" : "PMNTN_CNRL",
      "type" : "esriFieldTypeString",
      "alias" : "PMNTN_CNRL",
      "length" : 1
    },
    {
      "name" : "PMNTN_CLS_",
      "type" : "esriFieldTypeString",
      "alias" : "PMNTN_CLS_",
      "length" : 1
    },
    {
      "name" : "PMNTN_RISK",
      "type" : "esriFieldTypeString",
      "alias" : "PMNTN_RISK",
      "length" : 200
    },
    {
      "name" : "PMNTN_RECO",
      "type" : "esriFieldTypeString",
      "alias" : "PMNTN_RECO",
      "length" : 1
    },
    {
      "name" : "DATA_STDR_",
      "type" : "esriFieldTypeString",
      "alias" : "DATA_STDR_",
      "length" : 10
    },
    {
      "name" : "MNTN_ID",
      "type" : "esriFieldTypeString",
      "alias" : "MNTN_ID",
      "length" : 10
    }
  ],
  "features" : [
    {
      "attributes" : {
        "FID" : 0,
        "PMNTN_SN" : 3955,
        "MNTN_CODE" : "415900201",
        "MNTN_NM" : "고초봉",
        "PMNTN_NM" : "남양성모성지-대광파인벨리구간",
        "PMNTN_MAIN" : "남양성모성지",
        "PMNTN_LT" : 1.11,
        "PMNTN_DFFL" : "쉬움",
        "PMNTN_UPPL" : 20,
        "PMNTN_GODN" : 14,
        "PMNTN_MTRQ" : "토사/암반",
        "PMNTN_CNRL" : " ",
        "PMNTN_CLS_" : " ",
        "PMNTN_RISK" : "노선 분기점 중 급경사 지점",
        "PMNTN_RECO" : " ",
        "DATA_STDR_" : "2016-12-31",
        "MNTN_ID" : "415900201"
      },
      "geometry" : {
        "paths" : [
          [
            [
              183715.23990000132,
              510915.57320000231
            ],
            [
              183715.11306431517,
              510915.79517428763
            ],
            [
              183712.55970000103,
              510920.26380000263
            ],
            [
              183711.0409000013,
              510923.58819999918
            ],
            [
              183710.32910000067,
              510929.39120000228
            ],
            [
              183710.70720000006,
              510941.04340000451
            ],
            [
              183710.36799999978,
              510945.6780999992
            ],
            [
              183710.05220000073,
              510953.77230000123
            ],
            [
              183708.94610000309,
              510965.52730000205
            ],
            [
              183701.97869999986,
              510971.53880000301
            ],
            [
              183694.72900000215,
              510978.76449999958
            ],
            [
              183692.69070000015,
              510987.88720000349
            ],
            [
              183693.15220000409,
              510987.9514000006
            ],
            [
              183696.5280000018,
              510990.44720000215
            ],
            [
              183713.81520000193,
              511002.21840000153
            ],
            [
              183724.92100000009,
              511015.35980000161
            ],
            [
              183724.76750000007,
              511016.80200000107
            ],
            [
              183725.38030000124,
              511021.94510000013
            ],
            [
              183729.37469999958,
              511032.66310000047
            ],
            [
              183729.86060000118,
              511033.77840000391
            ],
            [
              183730.71330000181,
              511036.05580000393
            ],
            [
              183742.39220000245,
              511045.41940000094
            ],
            [
              183745.25070000067,
              511049.75799999945
            ],
            [
              183749.14130000118,
              511052.96920000203
            ],
            [
              183750.75670000259,
              511053.23580000177
            ],
            [
              183755.56590000167,
              511057.13209999911
            ],
            [
              183760.01870000083,
              511059.62729999982
            ],
            [
              183766.57330000214,
              511064.07120000012
            ],
            [
              183771.44979999866,
              511068.4224000033
            ],
            [
              183780.2350000022,
              511073.89530000277
            ],
            [
              183787.56380000245,
              511081.09060000069
            ],
            [
              183793.2285000002,
              511085.83330000192
            ],
            [
              183797.15460000187,
              511088.17920000106
            ],
            [
              183806.53089999966,
              511092.10529999994
            ],
            [
              183809.27870000154,
              511093.09539999999
            ],
            [
              183813.33470000234,
              511097.20859999955
            ],
            [
              183808.17940000352,
              511105.73020000011
            ],
            [
              183803.70900000259,
              511106.74350000173
            ],
            [
              183797.46800000034,
              511107.93690000102
            ],
            [
              183790.43400000036,
              511118.60160000063
            ],
            [
              183786.39809999987,
              511128.76769999973
            ],
            [
              183783.15620000008,
              511133.94600000232
            ],
            [
              183781.25400000066,
              511139.27990000136
            ],
            [
              183781.10109999962,
              511144.88960000128
            ],
            [
              183779.16130000073,
              511150.00970000215
            ],
            [
              183776.53700000234,
              511159.02870000154
            ],
            [
              183774.49030000158,
              511162.73500000127
            ],
            [
              183771.42480000202,
              511171.22340000048
            ],
            [
              183765.27910000086,
              511180.71430000104
            ],
            [
              183759.67190000135,
              511188.34530000016
            ],
            [
              183755.06659999862,
              511191.29460000247
            ],
            [
              183749.14840000309,
              511195.3236999996
            ],
            [
              183746.55570000038,
              511197.54270000383
            ],
            [
              183741.91410000063,
              511210.0821000021
            ],
            [
              183738.81950000394,
              511218.2741000019
            ],
            [
              183737.68039999995,
              511221.78330000117
            ],
            [
              183738.40170000121,
              511225.38200000115
            ],
            [
              183734.56950000115,
              511233.15689999983
            ],
            [
              183732.12430000119,
              511238.51979999989
            ],
            [
              183730.36420000065,
              511242.6969000008
            ],
            [
              183727.53070000093,
              511245.87259999849
            ],
            [
              183722.68470000103,
              511250.92440000176
            ],
            [
              183716.08139999956,
              511258.02080000006
            ],
            [
              183714.75590000115,
              511269.05600000173
            ],
            [
              183705.22320000175,
              511284.24660000391
            ],
            [
              183703.35850000102,
              511289.6643000003
            ],
            [
              183702.44380000047,
              511305.30340000242
            ],
            [
              183700.8850000035,
              511318.8786999993
            ],
            [
              183700.84930000361,
              511323.47400000133
            ],
            [
              183703.98460000008,
              511340.1472000014
            ],
            [
              183706.62880000006,
              511349.12820000201
            ],
            [
              183711.72569999937,
              511358.0800999999
            ],
            [
              183713.4150000019,
              511362.59459999949
            ],
            [
              183715.39059999958,
              511364.60730000213
            ],
            [
              183719.05730000231,
              511367.64830000512
            ],
            [
              183722.91249999963,
              511369.7928000018
            ],
            [
              183726.78460000083,
              511370.95910000242
            ],
            [
              183736.95540000219,
              511374.11160000227
            ],
            [
              183741.78400000185,
              511373.77669999935
            ],
            [
              183745.32010000013,
              511378.41180000082
            ],
            [
              183745.20469999965,
              511384.10500000231
            ],
            [
              183744.29700000212,
              511395.77200000361
            ],
            [
              183744.50110000093,
              511397.40880000219
            ],
            [
              183744.91280000005,
              511398.69170000218
            ],
            [
              183743.1091,
              511412.56510000303
            ],
            [
              183743.0503000021,
              511420.60250000097
            ],
            [
              183741.63420000114,
              511423.30299999751
            ],
            [
              183740.47030000202,
              511425.54950000159
            ],
            [
              183739.08139999863,
              511423.07530000061
            ],
            [
              183737.27350000013,
              511419.37640000135
            ],
            [
              183733.55680000037,
              511413.69060000405
            ],
            [
              183731.54759999923,
              511405.91760000028
            ],
            [
              183729.20930000022,
              511401.15000000037
            ],
            [
              183720.78079999983,
              511394.69189999811
            ],
            [
              183713.08630000241,
              511394.51139999926
            ],
            [
              183703.19890000112,
              511395.50730000064
            ],
            [
              183699.62990000006,
              511396.90960000083
            ],
            [
              183694.45270000026,
              511401.70110000111
            ],
            [
              183687.49010000192,
              511406.76570000127
            ],
            [
              183679.94930000231,
              511412.95720000193
            ],
            [
              183675.04780000076,
              511417.91560000181
            ],
            [
              183672.55660000257,
              511418.72040000372
            ],
            [
              183664.00420000032,
              511421.26730000041
            ],
            [
              183654.69030000083,
              511422.52260000259
            ],
            [
              183651.12870000023,
              511420.10150000453
            ],
            [
              183639.46520000137,
              511422.26380000077
            ],
            [
              183635.00080000143,
              511426.22600000165
            ],
            [
              183627.62339999992,
              511432.22179999761
            ],
            [
              183619.80020000041,
              511438.52550000325
            ],
            [
              183609.67170000263,
              511449.43830000423
            ],
            [
              183597.04230000079,
              511463.75140000135
            ],
            [
              183595.7041000016,
              511464.38660000078
            ],
            [
              183593.22870000266,
              511465.67520000227
            ],
            [
              183580.4578999998,
              511476.10940000229
            ],
            [
              183579.68530000094,
              511476.82719999924
            ],
            [
              183576.82930000219,
              511482.37890000455
            ],
            [
              183572.61149999872,
              511486.54800000228
            ],
            [
              183569.83720000274,
              511491.02140000463
            ],
            [
              183566.98780000024,
              511498.16390000097
            ],
            [
              183564.55570000317,
              511506.29890000075
            ],
            [
              183562.51210000273,
              511507.75400000624
            ],
            [
              183560.27020000201,
              511514.23290000297
            ],
            [
              183559.91160000023,
              511517.34060000442
            ],
            [
              183558.45190000162,
              511531.92960000224
            ],
            [
              183558.61540000141,
              511535.58520000242
            ],
            [
              183558.43360000104,
              511545.38099999912
            ],
            [
              183560.3917000005,
              511549.75850000046
            ],
            [
              183561.45930000115,
              511557.63689999841
            ],
            [
              183563.48850000184,
              511561.88279999979
            ],
            [
              183564.98860000353,
              511564.12179999985
            ],
            [
              183570.2117000008,
              511569.76549999975
            ],
            [
              183570.21560000256,
              511574.7117999997
            ],
            [
              183569.57459999993,
              511581.68430000357
            ],
            [
              183569.79600000009,
              511583.41489999928
            ],
            [
              183571.23590000346,
              511592.9935999997
            ],
            [
              183571.78260000143,
              511598.60190000013
            ],
            [
              183575.55280000251,
              511603.72409999929
            ],
            [
              183578.95830000285,
              511607.58330000378
            ],
            [
              183582.62760000117,
              511611.82730000094
            ],
            [
              183591.7053000005,
              511619.29800000042
            ],
            [
              183599.50659999903,
              511624.75270000473
            ],
            [
              183602.99129999988,
              511628.21910000406
            ],
            [
              183606.44550000038,
              511633.59930000268
            ],
            [
              183610.15500000399,
              511639.16599999927
            ],
            [
              183615.70169999916,
              511644.16059999913
            ],
            [
              183619.70870000031,
              511651.13119999878
            ],
            [
              183627.38830000069,
              511661.54980000108
            ],
            [
              183640.60630000383,
              511667.94040000066
            ],
            [
              183650.15430000145,
              511672.30460000224
            ],
            [
              183658.6119000027,
              511680.36610000208
            ],
            [
              183663.96300000232,
              511690.51799999923
            ]
          ]
        ]
      }
    },
    {
      "attributes" : {
        "FID" : 1,
        "PMNTN_SN" : 3956,
        "MNTN_CODE" : "415900201",
        "MNTN_NM" : "고초봉",
        "PMNTN_NM" : "화성저장소방면-남양동 산구간",
        "PMNTN_MAIN" : " ",
        "PMNTN_LT" : 0.75,
        "PMNTN_DFFL" : "쉬움",
        "PMNTN_UPPL" : 13,
        "PMNTN_GODN" : 9,
        "PMNTN_MTRQ" : "토사/암반",
        "PMNTN_CNRL" : " ",
        "PMNTN_CLS_" : " ",
        "PMNTN_RISK" : "노선 분기점 중 급경사 지점",
        "PMNTN_RECO" : " ",
        "DATA_STDR_" : "2016-12-31",
        "MNTN_ID" : "415900201"
      },
      "geometry" : {
        "paths" : [
          [
            [
              183588.23110000044,
              510709.07850000076
            ],
            [
              183588.29700000025,
              510703.79590000212
            ],
            [
              183592.71850000042,
              510697.18400000036
            ],
            [
              183595.18730000034,
              510695.27099999785
            ],
            [
              183600.63990000263,
              510691.98160000332
            ],
            [
              183602.65400000196,
              510683.25050000101
            ],
            [
              183605.9625000013,
              510676.32520000264
            ],
            [
              183610.37989999913,
              510668.94530000165
            ],
            [
              183615.77910000086,
              510662.39000000246
            ],
            [
              183619.83420000039,
              510658.38680000044
            ],
            [
              183625.86870000139,
              510652.78690000251
            ],
            [
              183634.72890000138,
              510643.69950000197
            ],
            [
              183636.82370000053,
              510641.76050000265
            ],
            [
              183639.96130000055,
              510636.42410000227
            ],
            [
              183641.67330000084,
              510632.78360000253
            ],
            [
              183649.98270000052,
              510623.5672999993
            ],
            [
              183653.02479999978,
              510622.69630000181
            ],
            [
              183668.74390000105,
              510619.8657000009
            ],
            [
              183672.89040000085,
              510620.59259999916
            ],
            [
              183688.73030000273,
              510618.60840000026
            ],
            [
              183695.40429999959,
              510614.09310000017
            ],
            [
              183700.36320000235,
              510609.409500001
            ],
            [
              183704.90809999965,
              510605.40259999968
            ],
            [
              183711.97970000096,
              510602.43319999985
            ],
            [
              183717.29320000112,
              510599.93899999931
            ],
            [
              183719.63830000069,
              510596.5111999996
            ],
            [
              183721.63780000247,
              510595.28860000148
            ],
            [
              183723.24559999909,
              510591.6670000013
            ],
            [
              183725.59719999973,
              510586.77550000139
            ],
            [
              183731.02870000154,
              510580.92300000228
            ],
            [
              183739.62289999891,
              510571.20720000193
            ],
            [
              183743.74690000061,
              510562.86060000211
            ],
            [
              183751.91650000028,
              510551.39479999989
            ],
            [
              183760.66900000069,
              510540.55240000226
            ],
            [
              183769.02930000052,
              510528.6724999994
            ],
            [
              183775.19440000132,
              510518.41740000248
            ],
            [
              183781.08420000039,
              510516.99010000192
            ],
            [
              183801.39710000064,
              510532.97130000032
            ],
            [
              183814.80710000172,
              510542.04140000045
            ],
            [
              183827.81610000227,
              510548.55140000209
            ],
            [
              183834.06870000064,
              510552.45110000111
            ],
            [
              183845.01230000053,
              510544.89840000123
            ],
            [
              183852.10520000197,
              510538.19990000315
            ],
            [
              183858.93520000018,
              510528.89060000144
            ],
            [
              183865.14580000006,
              510519.38089999929
            ],
            [
              183871.10280000139,
              510513.43449999951
            ],
            [
              183875.99850000162,
              510505.04370000213
            ],
            [
              183882.37739999965,
              510494.00819999911
            ],
            [
              183887.64500000235,
              510486.95050000213
            ],
            [
              183892.89240000024,
              510483.04230000079
            ],
            [
              183897.36610000208,
              510480.75060000271
            ],
            [
              183903.5839000009,
              510475.75400000066
            ],
            [
              183912.67560000066,
              510474.98579999991
            ],
            [
              183917.31570000295,
              510474.64340000227
            ],
            [
              183925.25170000084,
              510474.49120000005
            ],
            [
              183940.35510000121,
              510474.13050000183
            ],
            [
              183951.56060000043,
              510474.98179999925
            ],
            [
              183965.81300000101,
              510472.31039999984
            ],
            [
              183977.60489999875,
              510468.88830000162
            ],
            [
              183984.29800000042,
              510466.19010000117
            ],
            [
              183994.97700000182,
              510462.6724999994
            ],
            [
              184006.48600000329,
              510458.57630000077
            ],
            [
              184013.49920000229,
              510455.46299999952
            ],
            [
              184020.46429999918,
              510451.07320000231
            ],
            [
              184028.50850000139,
              510446.85320000164
            ],
            [
              184038.75350000057,
              510441.69930000044
            ],
            [
              184046.27920000348,
              510436.08200000599
            ],
            [
              184050.75320000108,
              510432.37240000069
            ],
            [
              184056.40630000085,
              510430.00360000506
            ],
            [
              184061.26570000127,
              510426.92650000192
            ],
            [
              184068.72660000063,
              510424.06990000047
            ],
            [
              184074.71840000153,
              510419.88649999909
            ],
            [
              184083.49089999963,
              510417.26659999974
            ],
            [
              184090.97350000124,
              510416.03950000182
            ],
            [
              184095.52670000028,
              510412.21670000069
            ],
            [
              184097.69210000243,
              510408.86140000075
            ],
            [
              184104.03260000236,
              510400.54199999943
            ],
            [
              184111.43910000194,
              510392.69040000252
            ],
            [
              184117.95740000065,
              510389.39110000059
            ],
            [
              184129.1733000027,
              510387.51700000465
            ],
            [
              184139.20170000289,
              510386.07550000027
            ],
            [
              184147.87430000119,
              510385.54849999957
            ],
            [
              184155.18640000001,
              510383.27090000175
            ],
            [
              184161.86010000296,
              510381.63580000401
            ],
            [
              184167.40650000237,
              510378.64950000122
            ]
          ]
        ]
      }
    },
    {
      "attributes" : {
        "FID" : 2,
        "PMNTN_SN" : 3957,
        "MNTN_CODE" : "415900201",
        "MNTN_NM" : "고초봉",
        "PMNTN_NM" : "시내방면-남양동 산구간",
        "PMNTN_MAIN" : " ",
        "PMNTN_LT" : 0.52,
        "PMNTN_DFFL" : "쉬움",
        "PMNTN_UPPL" : 9,
        "PMNTN_GODN" : 6,
        "PMNTN_MTRQ" : "토사/암반",
        "PMNTN_CNRL" : " ",
        "PMNTN_CLS_" : " ",
        "PMNTN_RISK" : "노선 분기점 중 급경사 지점",
        "PMNTN_RECO" : " ",
        "DATA_STDR_" : "2016-12-31",
        "MNTN_ID" : "415900201"
      },
      "geometry" : {
        "paths" : [
          [
            [
              183224.46949999966,
              510864.79739999957
            ],
            [
              183236.22000000253,
              510876.1136000026
            ],
            [
              183244.06830000225,
              510882.23750000633
            ],
            [
              183249.8339999998,
              510888.92380000092
            ],
            [
              183266.93380000349,
              510895.9317000024
            ],
            [
              183272.76330000069,
              510900.98990000226
            ],
            [
              183275.30910000019,
              510905.15230000205
            ],
            [
              183278.92389999982,
              510911.69400000013
            ],
            [
              183279.71800000034,
              510914.39939999953
            ],
            [
              183281.64199999999,
              510920.13529999927
            ],
            [
              183281.92030000314,
              510921.66959999874
            ],
            [
              183287.37959999964,
              510931.4541000016
            ],
            [
              183288.49170000199,
              510933.11710000224
            ],
            [
              183291.42440000176,
              510937.2042999994
            ],
            [
              183293.38470000308,
              510946.29810000397
            ],
            [
              183293.74350000266,
              510954.6603000015
            ],
            [
              183296.63920000102,
              510958.86860000156
            ],
            [
              183301.21980000008,
              510964.62690000422
            ],
            [
              183304.23750000075,
              510974.08140000328
            ],
            [
              183304.76140000112,
              510975.59669999965
            ],
            [
              183305.3935000021,
              510979.130400002
            ],
            [
              183304.99619999994,
              510985.17770000361
            ],
            [
              183302.5904000001,
              510995.30360000208
            ],
            [
              183301.583800002,
              510998.04970000125
            ],
            [
              183300.19440000039,
              511002.88970000111
            ],
            [
              183297.40540000051,
              511007.40689999983
            ],
            [
              183296.61090000067,
              511015.85510000214
            ],
            [
              183297.98089999892,
              511019.97340000235
            ],
            [
              183298.26910000108,
              511033.92630000412
            ],
            [
              183297.20100000128,
              511046.90530000068
            ],
            [
              183297.84940000158,
              511051.18319999985
            ],
            [
              183300.53330000211,
              511057.43839999847
            ],
            [
              183303.05950000137,
              511059.17290000245
            ],
            [
              183304.75449999981,
              511062.0997999981
            ],
            [
              183304.30090000108,
              511077.31940000318
            ],
            [
              183301.36870000232,
              511084.66480000131
            ],
            [
              183296.23040000163,
              511090.31230000034
            ],
            [
              183294.8116000006,
              511095.2733000014
            ],
            [
              183290.67879999988,
              511108.8908000011
            ],
            [
              183289.38190000318,
              511119.07020000182
            ],
            [
              183288.37440000009,
              511132.5979999993
            ],
            [
              183288.27190000098,
              511133.4074000027
            ],
            [
              183286.50970000308,
              511137.87620000169
            ],
            [
              183277.21310000028,
              511151.69010000117
            ],
            [
              183275.90909999982,
              511154.54850000329
            ],
            [
              183273.86820000224,
              511168.53410000168
            ],
            [
              183272.15330000129,
              511170.58400000259
            ],
            [
              183268.77670000214,
              511175.22340000048
            ],
            [
              183268.34180000331,
              511188.56380000152
            ],
            [
              183268.85070000123,
              511189.9860999994
            ],
            [
              183270.14130000304,
              511191.63000000268
            ],
            [
              183271.34909999929,
              511196.50210000016
            ],
            [
              183272.31630000006,
              511203.92350000143
            ],
            [
              183271.81030000001,
              511207.67330000363
            ],
            [
              183272.55850000121,
              511217.21620000154
            ],
            [
              183272.88969999924,
              511219.10390000045
            ],
            [
              183272.72840000223,
              511220.30430000275
            ],
            [
              183270.94539999962,
              511225.53570000269
            ],
            [
              183270.52800000086,
              511228.90400000289
            ],
            [
              183273.35589999985,
              511232.74950000457
            ],
            [
              183279.40419999976,
              511247.00750000216
            ],
            [
              183278.94260000158,
              511250.58980000019
            ],
            [
              183277.49239999987,
              511254.76010000147
            ],
            [
              183272.58220000379,
              511262.76989999972
            ],
            [
              183278.42220000364,
              511269.55840000138
            ],
            [
              183279.48810000252,
              511270.49589999951
            ],
            [
              183284.11309999973,
              511276.22619999945
            ],
            [
              183285.54750000034,
              511282.86529999971
            ],
            [
              183286.04059999995,
              511287.55280000158
            ],
            [
              183285.61370000057,
              511293.71180000156
            ],
            [
              183288.95289999992,
              511303.90060000122
            ],
            [
              183288.75440000277,
              511308.87780000083
            ],
            [
              183288.4720999999,
              511320.39470000193
            ],
            [
              183294.65540000144,
              511327.68480000272
            ],
            [
              183294.99839999992,
              511328.03759999946
            ],
            [
              183295.09540000092,
              511328.16760000028
            ],
            [
              183295.13280000258,
              511328.22340000235
            ],
            [
              183295.32660000306,
              511328.43700000457
            ]
          ]
        ]
      }
    },
    {
      "attributes" : {
        "FID" : 3,
        "PMNTN_SN" : 3958,
        "MNTN_CODE" : "415900201",
        "MNTN_NM" : "고초봉",
        "PMNTN_NM" : "유상목장방면-남양동 산구간",
        "PMNTN_MAIN" : " ",
        "PMNTN_LT" : 0.63,
        "PMNTN_DFFL" : "쉬움",
        "PMNTN_UPPL" : 12,
        "PMNTN_GODN" : 8,
        "PMNTN_MTRQ" : "토사/암반",
        "PMNTN_CNRL" : " ",
        "PMNTN_CLS_" : " ",
        "PMNTN_RISK" : "노선 분기점 중 급경사 지점",
        "PMNTN_RECO" : " ",
        "DATA_STDR_" : "2016-12-31",
        "MNTN_ID" : "415900201"
      },
      "geometry" : {
        "paths" : [
          [
            [
              183140.72130000126,
              510849.02480000071
            ],
            [
              183140.16680000164,
              510849.83360000327
            ],
            [
              183138.87900000159,
              510851.61020000279
            ],
            [
              183132.52539999969,
              510859.84630000032
            ],
            [
              183127.45630000066,
              510862.83320000023
            ],
            [
              183127.95750000328,
              510871.5858000014
            ],
            [
              183126.64340000227,
              510873.10480000451
            ],
            [
              183126.54889999982,
              510874.24910000153
            ],
            [
              183126.42360000033,
              510874.83540000021
            ],
            [
              183127.74330000114,
              510879.79099999927
            ],
            [
              183129.54409999959,
              510883.49890000187
            ],
            [
              183128.90050000139,
              510885.39790000208
            ],
            [
              183126.31350000389,
              510886.71480000019
            ],
            [
              183119.20220000111,
              510895.57569999993
            ],
            [
              183112.14860000089,
              510903.51550000161
            ],
            [
              183110.65550000314,
              510904.89520000294
            ],
            [
              183105.08680000063,
              510911.07390000112
            ],
            [
              183099.5306000039,
              510919.8107000012
            ],
            [
              183099.48770000413,
              510920.66650000401
            ],
            [
              183098.18300000299,
              510923.19940000027
            ],
            [
              183096.54400000069,
              510929.67720000073
            ],
            [
              183092.4907999998,
              510938.2901000008
            ],
            [
              183093.20240000077,
              510940.67009999976
            ],
            [
              183085.24680000078,
              510958.87230000086
            ],
            [
              183076.86320000142,
              510967.81010000035
            ],
            [
              183061.45470000058,
              510972.97599999979
            ],
            [
              183047.45660000201,
              510980.07410000078
            ],
            [
              183031.53750000149,
              510986.62710000202
            ],
            [
              183028.38830000255,
              510989.62890000455
            ],
            [
              183012.65790000092,
              511001.19550000317
            ],
            [
              182997.22030000389,
              511014.0083000008
            ],
            [
              182996.03780000377,
              511025.37810000032
            ],
            [
              182988.09800000023,
              511032.9012000002
            ],
            [
              182981.88080000132,
              511042.13250000216
            ],
            [
              182982.20500000287,
              511058.92270000093
            ],
            [
              182982.92320000008,
              511075.58180000074
            ],
            [
              182984.94870000239,
              511091.0103999991
            ],
            [
              182983.31849999912,
              511112.79990000091
            ],
            [
              182981.98840000108,
              511117.43520000204
            ],
            [
              182980.99750000052,
              511127.91170000099
            ],
            [
              182980.78250000253,
              511142.99140000157
            ],
            [
              182980.92060000077,
              511152.41449999996
            ],
            [
              182982.76700000186,
              511171.27600000426
            ],
            [
              182988.36370000057,
              511186.36250000261
            ],
            [
              182986.12270000298,
              511189.47410000116
            ],
            [
              182985.17850000132,
              511193.58760000207
            ],
            [
              182985.00239999965,
              511194.81590000354
            ],
            [
              182983.0532999998,
              511198.76400000043
            ],
            [
              182981.27020000014,
              511203.84669999965
            ],
            [
              182974.55530000292,
              511209.78600000031
            ],
            [
              182973.76870000083,
              511210.87600000016
            ],
            [
              182971.7173999995,
              511215.82890000008
            ],
            [
              182969.7229000004,
              511223.04240000062
            ],
            [
              182965.38220000081,
              511229.21859999932
            ],
            [
              182965.17459999956,
              511233.26559999958
            ],
            [
              182958.0465000011,
              511233.55910000205
            ],
            [
              182951.10769999959,
              511235.52669999935
            ],
            [
              182944.30790000036,
              511239.96839999966
            ],
            [
              182941.17620000243,
              511244.23530000076
            ],
            [
              182938.11390000023,
              511249.60900000297
            ],
            [
              182935.47020000126,
              511252.22830000147
            ],
            [
              182934.78749999963,
              511253.23430000246
            ],
            [
              182933.57180000097,
              511255.49730000272
            ],
            [
              182922.70460000262,
              511268.75670000352
            ],
            [
              182921.70940000098,
              511269.67970000207
            ],
            [
              182919.14160000067,
              511273.08029999956
            ],
            [
              182917.72490000073,
              511282.65520000085
            ],
            [
              182915.30710000079,
              511286.6138000004
            ],
            [
              182914.11760000233,
              511290.83019999973
            ],
            [
              182910.94249999989,
              511295.68310000002
            ],
            [
              182909.26980000082,
              511300.08660000563
            ],
            [
              182903.14550000057,
              511307.37350000069
            ],
            [
              182899.10840000026,
              511309.04680000246
            ],
            [
              182893.47919999994,
              511314.62110000104
            ],
            [
              182894.64900000021,
              511319.00010000356
            ],
            [
              182899.96850000042,
              511325.86390000209
            ],
            [
              182904.10360000003,
              511328.45080000348
            ],
            [
              182905.78509999998,
              511328.3356999997
            ],
            [
              182907.80370000284,
              511329.32699999958
            ],
            [
              182908.96860000212,
              511334.96189999953
            ],
            [
              182904.09350000136,
              511341.78119999915
            ],
            [
              182905.38390000071,
              511343.23900000378
            ],
            [
              182906.86099999957,
              511348.79880000278
            ],
            [
              182908.20590000413,
              511351.42870000005
            ],
            [
              182909.00550000276,
              511353.15729999729
            ],
            [
              182909.050400001,
              511353.27820000239
            ],
            [
              182909.09550000355,
              511353.49210000224
            ],
            [
              182909.20810000226,
              511353.96630000137
            ]
          ]
        ]
      }
    },
    {
      "attributes" : {
        "FID" : 4,
        "PMNTN_SN" : 3959,
        "MNTN_CODE" : "415900201",
        "MNTN_NM" : "고초봉",
        "PMNTN_NM" : "신남동-남양동 산구간",
        "PMNTN_MAIN" : " ",
        "PMNTN_LT" : 0.46,
        "PMNTN_DFFL" : "쉬움",
        "PMNTN_UPPL" : 8,
        "PMNTN_GODN" : 6,
        "PMNTN_MTRQ" : "토사/암반",
        "PMNTN_CNRL" : " ",
        "PMNTN_CLS_" : " ",
        "PMNTN_RISK" : "노선 분기점 중 급경사 지점",
        "PMNTN_RECO" : " ",
        "DATA_STDR_" : "2016-12-31",
        "MNTN_ID" : "415900201"
      },
      "geometry" : {
        "paths" : [
          [
            [
              182714.68670000322,
              510535.03590000235
            ],
            [
              182700.36320000142,
              510547.00960000232
            ],
            [
              182695.66195096634,
              510551.67035621777
            ],
            [
              182686.66910000332,
              510560.99139999785
            ],
            [
              182686.31660000142,
              510563.30839999951
            ],
            [
              182685.66679999977,
              510565.76559999771
            ],
            [
              182684.31480000261,
              510568.12740000151
            ],
            [
              182680.12280000094,
              510576.71660000272
            ],
            [
              182678.84240000136,
              510580.12390000001
            ],
            [
              182673.44610000029,
              510586.88859999739
            ],
            [
              182671.54730000068,
              510600.86470000073
            ],
            [
              182669.17960000038,
              510614.70230000094
            ],
            [
              182668.6659000041,
              510618.24750000425
            ],
            [
              182667.65230000112,
              510621.08690000139
            ],
            [
              182664.44170000218,
              510626.77720000409
            ],
            [
              182661.63949999958,
              510628.44810000248
            ],
            [
              182654.46450000163,
              510631.56990000233
            ],
            [
              182648.15450000018,
              510635.47120000236
            ],
            [
              182645.75420000125,
              510637.10420000367
            ],
            [
              182641.66179999989,
              510641.06609999947
            ],
            [
              182633.65880000032,
              510650.42220000178
            ],
            [
              182630.07130000181,
              510653.74130000174
            ],
            [
              182626.00690000039,
              510656.78229999915
            ],
            [
              182623.30790000409,
              510661.55070000328
            ],
            [
              182615.84420000017,
              510669.01730000228
            ],
            [
              182608.9103000015,
              510680.68750000186
            ],
            [
              182608.7834999999,
              510684.13900000043
            ],
            [
              182604.47640000097,
              510695.77590000257
            ],
            [
              182603.25980000198,
              510704.85750000179
            ],
            [
              182605.34100000188,
              510710.8347000014
            ],
            [
              182603.31270000152,
              510715.99240000173
            ],
            [
              182597.76190000027,
              510719.99460000172
            ],
            [
              182595.83590000216,
              510720.66840000451
            ],
            [
              182592.81979999971,
              510726.84210000187
            ],
            [
              182587.97080000304,
              510731.91269999929
            ],
            [
              182584.09840000141,
              510737.79050000012
            ],
            [
              182577.08140000049,
              510745.25630000234
            ],
            [
              182574.93330000062,
              510750.07930000685
            ],
            [
              182563.80559999961,
              510759.7583000008
            ],
            [
              182562.1428999994,
              510761.80820000172
            ],
            [
              182557.15139999986,
              510766.32100000046
            ],
            [
              182544.95640000049,
              510778.04870000109
            ],
            [
              182538.14919999987,
              510782.55590000004
            ],
            [
              182534.77359999903,
              510791.15820000321
            ],
            [
              182526.30989999976,
              510797.17589999922
            ],
            [
              182522.62620000169,
              510804.29989999905
            ],
            [
              182518.93319999985,
              510806.96800000407
            ],
            [
              182510.77290000115,
              510819.28280000389
            ],
            [
              182509.13820000086,
              510820.42110000178
            ],
            [
              182508.42600000091,
              510821.51090000011
            ],
            [
              182504.21320000011,
              510824.71040000021
            ],
            [
              182503.84930000082,
              510828.63670000248
            ],
            [
              182500.79360000137,
              510833.5455000028
            ],
            [
              182500.75150000025,
              510834.79210000113
            ],
            [
              182495.7452000007,
              510842.88640000112
            ],
            [
              182489.2555000009,
              510853.33720000274
            ],
            [
              182483.6921000015,
              510858.34400000237
            ],
            [
              182479.35340000223,
              510868.9485000018
            ],
            [
              182476.98270000052,
              510870.49770000018
            ],
            [
              182476.81740000006,
              510875.36390000209
            ],
            [
              182477.8200000003,
              510878.63980000094
            ],
            [
              182475.12190000154,
              510883.76520000212
            ],
            [
              182473.21059999987,
              510886.78189999983
            ],
            [
              182466.08669999987,
              510896.0605999995
            ]
          ]
        ]
      }
    },
    {
      "attributes" : {
        "FID" : 5,
        "PMNTN_SN" : 3960,
        "MNTN_CODE" : "415900201",
        "MNTN_NM" : "고초봉",
        "PMNTN_NM" : "남양동(대광파인벨리)-신남동구간",
        "PMNTN_MAIN" : " ",
        "PMNTN_LT" : 0.04,
        "PMNTN_DFFL" : "쉬움",
        "PMNTN_UPPL" : 1,
        "PMNTN_GODN" : 0,
        "PMNTN_MTRQ" : "토사/암반",
        "PMNTN_CNRL" : " ",
        "PMNTN_CLS_" : " ",
        "PMNTN_RISK" : "노선 분기점 중 급경사 지점",
        "PMNTN_RECO" : " ",
        "DATA_STDR_" : "2016-12-31",
        "MNTN_ID" : "415900201"
      },
      "geometry" : {
        "paths" : [
          [
            [
              183743.34750000201,
              510932.67920000292
            ],
            [
              183740.69530000072,
              510928.28600000218
            ],
            [
              183737.59520000126,
              510925.83190000057
            ],
            [
              183734.70050000027,
              510923.91860000417
            ],
            [
              183733.52900000103,
              510921.92229999974
            ],
            [
              183731.70820000302,
              510920.09060000256
            ],
            [
              183728.06370000076,
              510917.29130000249
            ],
            [
              183722.80090000015,
              510915.74459999986
            ],
            [
              183715.23990000132,
              510915.57320000231
            ],
            [
              183715.23990000132,
              510915.57320000231
            ]
          ]
        ]
      }
    },
    {
      "attributes" : {
        "FID" : 6,
        "PMNTN_SN" : 3961,
        "MNTN_CODE" : "415900201",
        "MNTN_NM" : "고초봉",
        "PMNTN_NM" : "남양동(대광파인벨리)-신남동구간",
        "PMNTN_MAIN" : " ",
        "PMNTN_LT" : 0.1,
        "PMNTN_DFFL" : "쉬움",
        "PMNTN_UPPL" : 2,
        "PMNTN_GODN" : 1,
        "PMNTN_MTRQ" : "토사/암반",
        "PMNTN_CNRL" : " ",
        "PMNTN_CLS_" : " ",
        "PMNTN_RISK" : "노선 분기점 중 급경사 지점",
        "PMNTN_RECO" : " ",
        "DATA_STDR_" : "2016-12-31",
        "MNTN_ID" : "415900201"
      },
      "geometry" : {
        "paths" : [
          [
            [
              183224.46949999966,
              510864.79739999957
            ],
            [
              183211.42420000024,
              510853.32620000094
            ],
            [
              183201.04710000008,
              510846.57720000111
            ],
            [
              183196.09810000286,
              510842.42740000039
            ],
            [
              183188.81610000413,
              510840.62380000204
            ],
            [
              183177.15440000128,
              510837.533400001
            ],
            [
              183169.45419999957,
              510836.1481999997
            ],
            [
              183163.74220000114,
              510837.03940000385
            ],
            [
              183158.23230000306,
              510837.84979999997
            ],
            [
              183154.22770000063,
              510839.18190000206
            ],
            [
              183148.12230000086,
              510843.30340000056
            ],
            [
              183140.72130000126,
              510849.02480000071
            ]
          ]
        ]
      }
    },
    {
      "attributes" : {
        "FID" : 7,
        "PMNTN_SN" : 3962,
        "MNTN_CODE" : "415900201",
        "MNTN_NM" : "고초봉",
        "PMNTN_NM" : "남양동(대광파인벨리)-신남동구간",
        "PMNTN_MAIN" : " ",
        "PMNTN_LT" : 0.59,
        "PMNTN_DFFL" : "쉬움",
        "PMNTN_UPPL" : 10,
        "PMNTN_GODN" : 7,
        "PMNTN_MTRQ" : "토사/암반",
        "PMNTN_CNRL" : " ",
        "PMNTN_CLS_" : " ",
        "PMNTN_RISK" : "노선 분기점 중 급경사 지점",
        "PMNTN_RECO" : " ",
        "DATA_STDR_" : "2016-12-31",
        "MNTN_ID" : "415900201"
      },
      "geometry" : {
        "paths" : [
          [
            [
              183140.72130000126,
              510849.02480000071
            ],
            [
              183131.4681000011,
              510848.28410000354
            ],
            [
              183122.50700000301,
              510844.57430000044
            ],
            [
              183115.97699999996,
              510840.81990000047
            ],
            [
              183109.51709999982,
              510835.597000001
            ],
            [
              183106.40920000058,
              510825.82239999995
            ],
            [
              183104.194000002,
              510816.57540000044
            ],
            [
              183101.0597000001,
              510810.47650000267
            ],
            [
              183089.6922000004,
              510804.75049999915
            ],
            [
              183083.10120000318,
              510798.49390000291
            ],
            [
              183073.45670000091,
              510791.09930000454
            ],
            [
              183069.86230000108,
              510791.06929999962
            ],
            [
              183066.30879999977,
              510792.85319999978
            ],
            [
              183060.67040000018,
              510793.65310000256
            ],
            [
              183056.72290000226,
              510794.56039999798
            ],
            [
              183049.96580000408,
              510794.23730000108
            ],
            [
              183041.95949999988,
              510792.87439999916
            ],
            [
              183034.68610000238,
              510787.72610000148
            ],
            [
              183028.41450000182,
              510783.3040000014
            ],
            [
              183022.7665000027,
              510777.71289999969
            ],
            [
              183022.57690000348,
              510775.9272000026
            ],
            [
              183018.62810000125,
              510762.53980000131
            ],
            [
              183013.53320000228,
              510756.51270000264
            ],
            [
              183007.77029999997,
              510755.02670000121
            ],
            [
              183004.87140000053,
              510753.00470000319
            ],
            [
              183000.48080000002,
              510749.32049999945
            ],
            [
              182986.0053000031,
              510748.6985000018
            ],
            [
              182975.29440000281,
              510751.30630000122
            ],
            [
              182963.49050000217,
              510743.28370000236
            ],
            [
              182954.84530000109,
              510736.2089000009
            ],
            [
              182950.48760000151,
              510730.39860000089
            ],
            [
              182939.19860000256,
              510724.9485000018
            ],
            [
              182931.87860000134,
              510722.18520000018
            ],
            [
              182927.30340000149,
              510720.95530000143
            ],
            [
              182925.48430000059,
              510717.22780000232
            ],
            [
              182920.66399999987,
              510705.64780000411
            ],
            [
              182915.83640000317,
              510699.17540000007
            ],
            [
              182911.94550000411,
              510692.55160000362
            ],
            [
              182909.66570000164,
              510688.21270000003
            ],
            [
              182905.32430000138,
              510683.66950000077
            ],
            [
              182901.32540000137,
              510679.47640000097
            ],
            [
              182899.52810000163,
              510676.91820000298
            ],
            [
              182892.91820000112,
              510677.7742999997
            ],
            [
              182888.13169999979,
              510676.18459999934
            ],
            [
              182882.28990000114,
              510672.07469999976
            ],
            [
              182876.12550000101,
              510658.48379999958
            ],
            [
              182873.34420000203,
              510639.3628000021
            ],
            [
              182871.93969999999,
              510628.79880000092
            ],
            [
              182867.37720000371,
              510619.30780000053
            ],
            [
              182859.1015000008,
              510617.52480000257
            ],
            [
              182853.29779999983,
              510612.90490000322
            ],
            [
              182845.73389999941,
              510605.97170000151
            ],
            [
              182841.22590000182,
              510597.59689999931
            ],
            [
              182831.50260000397,
              510585.99720000289
            ],
            [
              182828.54969999939,
              510583.09150000103
            ],
            [
              182827.47600000072,
              510582.08909999952
            ],
            [
              182821.35479999986,
              510572.87350000255
            ],
            [
              182811.92239999957,
              510563.86949999817
            ],
            [
              182800.23370000161,
              510557.80030000024
            ],
            [
              182797.76790000033,
              510556.54960000142
            ],
            [
              182785.68659999967,
              510546.91210000031
            ],
            [
              182771.54970000032,
              510541.88680000044
            ],
            [
              182760.65899999999,
              510540.34630000405
            ],
            [
              182748.92970000114,
              510536.28660000116
            ],
            [
              182742.04900000058,
              510534.20770000294
            ],
            [
              182726.11500000302,
              510533.80310000107
            ],
            [
              182714.68670000322,
              510535.03590000235
            ]
          ]
        ]
      }
    },
    {
      "attributes" : {
        "FID" : 8,
        "PMNTN_SN" : 3963,
        "MNTN_CODE" : "415900201",
        "MNTN_NM" : "고초봉",
        "PMNTN_NM" : "남양동(대광파인벨리)-신남동구간",
        "PMNTN_MAIN" : " ",
        "PMNTN_LT" : 1.21,
        "PMNTN_DFFL" : "쉬움",
        "PMNTN_UPPL" : 23,
        "PMNTN_GODN" : 16,
        "PMNTN_MTRQ" : "토사/암반",
        "PMNTN_CNRL" : " ",
        "PMNTN_CLS_" : " ",
        "PMNTN_RISK" : "노선 분기점 중 급경사 지점",
        "PMNTN_RECO" : " ",
        "DATA_STDR_" : "2016-12-31",
        "MNTN_ID" : "415900201"
      },
      "geometry" : {
        "paths" : [
          [
            [
              182714.68670000322,
              510535.03590000235
            ],
            [
              182713.59949999955,
              510534.6939000003
            ],
            [
              182704.4982000012,
              510531.14990000054
            ],
            [
              182698.8740000017,
              510524.86360000074
            ],
            [
              182692.59880000167,
              510520.45790000074
            ],
            [
              182689.78850000165,
              510507.31939999945
            ],
            [
              182689.08620000072,
              510498.75340000167
            ],
            [
              182687.67100000102,
              510490.92369999923
            ],
            [
              182686.22710000072,
              510479.99640000425
            ],
            [
              182687.38580000121,
              510468.04030000046
            ],
            [
              182687.3563000001,
              510450.10539999977
            ],
            [
              182687.85460000113,
              510435.47170000151
            ],
            [
              182688.58590000123,
              510432.78180000186
            ],
            [
              182689.93570000213,
              510423.33710000105
            ],
            [
              182690.01080000028,
              510412.7880000025
            ],
            [
              182688.96829999983,
              510408.87390000187
            ],
            [
              182685.98919999972,
              510404.19160000049
            ],
            [
              182681.78110000025,
              510398.91650000215
            ],
            [
              182681.21530000307,
              510395.21530000307
            ],
            [
              182678.89760000259,
              510390.04800000228
            ],
            [
              182671.39560000133,
              510375.38419999927
            ],
            [
              182663.97289999947,
              510366.69249999896
            ],
            [
              182655.65920000058,
              510355.44440000132
            ],
            [
              182649.18240000028,
              510350.7880000025
            ],
            [
              182648.81010000035,
              510350.68640000187
            ],
            [
              182645.9288000036,
              510350.09690000117
            ],
            [
              182630.79650000203,
              510348.89090000279
            ],
            [
              182629.87940000091,
              510348.08350000158
            ],
            [
              182627.36580000352,
              510345.36309999973
            ],
            [
              182626.3069000002,
              510340.71420000121
            ],
            [
              182610.85030000005,
              510326.59710000455
            ],
            [
              182596.35620000307,
              510317.37120000087
            ],
            [
              182589.8339999998,
              510308.75210000016
            ],
            [
              182583.43430000078,
              510305.51130000129
            ],
            [
              182577.16320000216,
              510303.33560000174
            ],
            [
              182570.24260000139,
              510300.97140000015
            ],
            [
              182567.26840000041,
              510299.20030000061
            ],
            [
              182567.24129999988,
              510295.17080000043
            ],
            [
              182567.32580000255,
              510292.89149999991
            ],
            [
              182568.1381000001,
              510282.64790000208
            ],
            [
              182568.84109999985,
              510277.09300000034
            ],
            [
              182567.85309999995,
              510267.20650000125
            ],
            [
              182567.07010000106,
              510262.86390000209
            ],
            [
              182565.90090000071,
              510258.91280000284
            ],
            [
              182565.34840000141,
              510254.39299999923
            ],
            [
              182563.7435000008,
              510248.61200000346
            ],
            [
              182559.6958000008,
              510244.81890000217
            ],
            [
              182556.26620000042,
              510242.33730000071
            ],
            [
              182549.95869999938,
              510233.25259999931
            ],
            [
              182544.47119999956,
              510217.68249999732
            ],
            [
              182542.7423000019,
              510212.96050000191
            ],
            [
              182535.32599999942,
              510196.73390000127
            ],
            [
              182528.5784999989,
              510194.39440000057
            ],
            [
              182518.36890000012,
              510191.40169999935
            ],
            [
              182504.91020000074,
              510180.23410000093
            ],
            [
              182492.06010000128,
              510167.49829999916
            ],
            [
              182483.39819999877,
              510162.55080000125
            ],
            [
              182477.73170000315,
              510159.13869999908
            ],
            [
              182470.24460000265,
              510160.05049999803
            ],
            [
              182465.51240000222,
              510157.99250000156
            ],
            [
              182457.19299999997,
              510157.89279999956
            ],
            [
              182447.70440000016,
              510157.19569999911
            ],
            [
              182439.5680000009,
              510153.36860000156
            ],
            [
              182434.37200000044,
              510149.76610000245
            ],
            [
              182430.63410000037,
              510137.83790000156
            ],
            [
              182427.58970000036,
              510122.50879999809
            ],
            [
              182423.6772000026,
              510113.42920000292
            ],
            [
              182419.14280000143,
              510103.96290000342
            ],
            [
              182406.35840000026,
              510096.3759999983
            ],
            [
              182399.99510000087,
              510088.82410000078
            ],
            [
              182395.66510000359,
              510081.52050000243
            ],
            [
              182390.68759999983,
              510074.9047000017
            ],
            [
              182383.72870000172,
              510069.29320000112
            ],
            [
              182380.40000000037,
              510064.87580000237
            ],
            [
              182378.48359999992,
              510061.20060000196
            ],
            [
              182378.47150000092,
              510061.1604999993
            ],
            [
              182377.2956000017,
              510057.25769999996
            ],
            [
              182374.97750000097,
              510055.53229999915
            ],
            [
              182370.07040000055,
              510050.75180000439
            ],
            [
              182366.73010000307,
              510047.86580000445
            ],
            [
              182363.74829999916,
              510045.54639999941
            ],
            [
              182354.49469999969,
              510034.73840000108
            ],
            [
              182347.84160000086,
              510028.46130000055
            ],
            [
              182342.82720000017,
              510023.13350000046
            ],
            [
              182333.43790000025,
              510014.48340000212
            ],
            [
              182324.28610000014,
              510008.8104000017
            ],
            [
              182311.75450000074,
              510002.39010000788
            ],
            [
              182299.91690000333,
              509996.85209999979
            ],
            [
              182286.68850000296,
              509991.82890000008
            ],
            [
              182273.12040000036,
              509984.48990000039
            ],
            [
              182270.1986000007,
              509982.3936999999
            ],
            [
              182260.20410000067,
              509975.56510000117
            ],
            [
              182255.45770000014,
              509970.80570000038
            ],
            [
              182252.64879999962,
              509964.18360000104
            ],
            [
              182247.56500000041,
              509957.30000000447
            ],
            [
              182245.5671000015,
              509951.19459999911
            ],
            [
              182248.96780000068,
              509942.51249999925
            ],
            [
              182254.84509999957,
              509934.8049999997
            ],
            [
              182259.96070000157,
              509928.23699999973
            ],
            [
              182265.77060000319,
              509923.81670000032
            ],
            [
              182267.54140000138,
              509920.32930000126
            ],
            [
              182271.33830000181,
              509918.40420000255
            ],
            [
              182273.97740000021,
              509913.12280000374
            ],
            [
              182274.1968000019,
              509909.33670000732
            ],
            [
              182276.7071000021,
              509908.45610000193
            ],
            [
              182279.18720000144,
              509903.82770000212
            ],
            [
              182282.62120000273,
              509894.60630000196
            ],
            [
              182285.07240000088,
              509882.47980000079
            ],
            [
              182288.4768000003,
              509871.08380000293
            ],
            [
              182290.36639999971,
              509866.28860000148
            ],
            [
              182291.48130000103,
              509861.83720000274
            ],
            [
              182295.39640000183,
              509855.09980000183
            ],
            [
              182301.74310000055,
              509842.98709999956
            ],
            [
              182305.14630000014,
              509829.18930000067
            ],
            [
              182308.87280000187,
              509820.75180000067
            ],
            [
              182314.10030000098,
              509810.8711000029
            ],
            [
              182317.13760000002,
              509797.3871000018
            ],
            [
              182320.76260000095,
              509786.71470000222
            ],
            [
              182323.72530000284,
              509768.25149999931
            ],
            [
              182329.45030000061,
              509753.92950000055
            ],
            [
              182330.48630000092,
              509745.27410000004
            ],
            [
              182334.40739999991,
              509733.13739999756
            ],
            [
              182335.24490000214,
              509724.04240000062
            ],
            [
              182335.16750000045,
              509722.6192000024
            ],
            [
              182335.2463000007,
              509714.28820000216
            ],
            [
              182335.13400000054,
              509705.40330000408
            ],
            [
              182334.15759999957,
              509699.59690000117
            ],
            [
              182330.89650000166,
              509696.82029999979
            ],
            [
              182324.37130000256,
              509690.88780000247
            ],
            [
              182316.96000000089,
              509682.97980000265
            ],
            [
              182306.85410000011,
              509677.64970000274
            ],
            [
              182288.31790000293,
              509673.75930000097
            ],
            [
              182247.02990000043,
              509668.99719999917
            ],
            [
              182231.26250000391,
              509667.90819999948
            ]
          ]
        ]
      }
    },
    {
      "attributes" : {
        "FID" : 9,
        "PMNTN_SN" : 3964,
        "MNTN_CODE" : "415900201",
        "MNTN_NM" : "고초봉",
        "PMNTN_NM" : "남양동(대광파인벨리)-신남동구간",
        "PMNTN_MAIN" : " ",
        "PMNTN_LT" : 0.48,
        "PMNTN_DFFL" : "쉬움",
        "PMNTN_UPPL" : 8,
        "PMNTN_GODN" : 6,
        "PMNTN_MTRQ" : "토사/암반",
        "PMNTN_CNRL" : " ",
        "PMNTN_CLS_" : " ",
        "PMNTN_RISK" : "노선 분기점 중 급경사 지점",
        "PMNTN_RECO" : " ",
        "DATA_STDR_" : "2016-12-31",
        "MNTN_ID" : "415900201"
      },
      "geometry" : {
        "paths" : [
          [
            [
              183588.23110000044,
              510709.07850000076
            ],
            [
              183584.58230000082,
              510707.92159999907
            ],
            [
              183580.43030000292,
              510706.4253999982
            ],
            [
              183569.40560000017,
              510702.89760000072
            ],
            [
              183561.50040000118,
              510697.86740000173
            ],
            [
              183550.57320000418,
              510689.5372999981
            ],
            [
              183541.3060000008,
              510680.21180000156
            ],
            [
              183535.6500000013,
              510678.08000000194
            ],
            [
              183528.7351000011,
              510674.21680000424
            ],
            [
              183519.30750000104,
              510673.87450000085
            ],
            [
              183507.01530000102,
              510670.74290000275
            ],
            [
              183496.19840000104,
              510666.53170000203
            ],
            [
              183491.4581000004,
              510662.5373999998
            ],
            [
              183486.06479999982,
              510656.82039999962
            ],
            [
              183479.21080000047,
              510655.78020000085
            ],
            [
              183470.42820000183,
              510655.164900003
            ],
            [
              183462.7296000002,
              510657.04979999922
            ],
            [
              183457.98579999991,
              510662.9290000014
            ],
            [
              183445.61770000309,
              510674.36730000004
            ],
            [
              183430.74689999968,
              510684.61989999935
            ],
            [
              183424.52370000165,
              510687.47860000283
            ],
            [
              183416.04000000004,
              510695.03969999962
            ],
            [
              183407.70970000234,
              510699.48769999854
            ],
            [
              183396.89550000243,
              510704.22170000151
            ],
            [
              183382.57299999986,
              510705.70100000128
            ],
            [
              183381.39870000072,
              510706.44759999961
            ],
            [
              183373.4439000003,
              510706.69580000266
            ],
            [
              183371.9047000017,
              510707.33150000125
            ],
            [
              183363.22300000116,
              510708.76260000095
            ],
            [
              183355.44330000319,
              510710.98270000145
            ],
            [
              183353.1016000025,
              510712.26170000061
            ],
            [
              183342.81329999957,
              510714.1146000009
            ],
            [
              183336.15110000037,
              510716.9186000023
            ],
            [
              183316.17670000251,
              510727.85120000131
            ],
            [
              183312.72370000277,
              510731.5976000037
            ],
            [
              183305.52730000019,
              510742.76550000161
            ],
            [
              183304.89790000115,
              510744.35740000196
            ],
            [
              183299.29009999987,
              510757.22450000234
            ],
            [
              183294.11690000072,
              510771.64420000277
            ],
            [
              183289.19190000184,
              510779.80279999971
            ],
            [
              183283.1138000004,
              510788.22430000082
            ],
            [
              183275.19700000063,
              510796.28659999929
            ],
            [
              183264.40459999908,
              510802.82900000177
            ],
            [
              183255.97979999892,
              510809.87850000151
            ],
            [
              183249.15919999965,
              510815.34320000187
            ],
            [
              183240.08720000181,
              510818.81240000203
            ],
            [
              183236.18140000105,
              510823.09930000268
            ],
            [
              183232.7491000006,
              510833.43180000037
            ],
            [
              183229.59730000235,
              510840.68160000071
            ],
            [
              183227.53479999956,
              510845.58540000208
            ],
            [
              183226.35200000089,
              510852.86020000093
            ],
            [
              183227.23589999974,
              510861.30350000225
            ],
            [
              183224.46949999966,
              510864.79739999957
            ]
          ]
        ]
      }
    },
    {
      "attributes" : {
        "FID" : 10,
        "PMNTN_SN" : 3965,
        "MNTN_CODE" : "415900201",
        "MNTN_NM" : "고초봉",
        "PMNTN_NM" : "남양동(대광파인벨리)-신남동구간",
        "PMNTN_MAIN" : " ",
        "PMNTN_LT" : 0.28,
        "PMNTN_DFFL" : "쉬움",
        "PMNTN_UPPL" : 5,
        "PMNTN_GODN" : 3,
        "PMNTN_MTRQ" : "토사/암반",
        "PMNTN_CNRL" : " ",
        "PMNTN_CLS_" : " ",
        "PMNTN_RISK" : "노선 분기점 중 급경사 지점",
        "PMNTN_RECO" : " ",
        "DATA_STDR_" : "2016-12-31",
        "MNTN_ID" : "415900201"
      },
      "geometry" : {
        "paths" : [
          [
            [
              183715.23990000132,
              510915.57320000231
            ],
            [
              183715.18130317237,
              510915.40413304605
            ],
            [
              183707.33000000101,
              510892.75109999999
            ],
            [
              183708.12519999966,
              510880.68440000154
            ],
            [
              183711.40470000077,
              510871.84080000035
            ],
            [
              183711.23370000068,
              510868.07359999977
            ],
            [
              183709.9157000035,
              510863.81570000015
            ],
            [
              183714.51080000401,
              510850.25320000015
            ],
            [
              183713.76879999973,
              510847.55690000206
            ],
            [
              183715.1846000012,
              510842.30169999972
            ],
            [
              183713.61120000016,
              510835.4374000039
            ],
            [
              183711.65940000117,
              510832.15670000575
            ],
            [
              183707.97310000006,
              510828.71380000003
            ],
            [
              183707.55270000082,
              510827.98570000194
            ],
            [
              183706.17270000186,
              510827.38299999945
            ],
            [
              183705.18159999978,
              510826.37839999981
            ],
            [
              183702.14990000054,
              510825.70190000348
            ],
            [
              183696.58190000057,
              510826.99480000138
            ],
            [
              183691.74940000381,
              510825.56960000098
            ],
            [
              183688.59460000135,
              510823.16359999962
            ],
            [
              183685.23059999943,
              510815.597000001
            ],
            [
              183683.83739999961,
              510808.61930000223
            ],
            [
              183678.71150000207,
              510805.53150000237
            ],
            [
              183676.53750000149,
              510805.02410000004
            ],
            [
              183674.12129999977,
              510802.386900004
            ],
            [
              183673.29690000135,
              510799.39320000075
            ],
            [
              183672.11519999988,
              510796.34420000017
            ],
            [
              183671.46630000323,
              510791.71289999969
            ],
            [
              183671.65800000262,
              510790.82880000025
            ],
            [
              183673.84190000407,
              510784.92680000141
            ],
            [
              183673.9755000025,
              510780.94510000385
            ],
            [
              183669.14810000267,
              510773.30020000227
            ],
            [
              183666.12060000375,
              510771.23940000124
            ],
            [
              183661.48100000061,
              510765.69490000233
            ],
            [
              183656.97160000075,
              510761.99200000241
            ],
            [
              183645.03199999966,
              510748.91750000231
            ],
            [
              183635.94370000251,
              510736.46050000004
            ],
            [
              183633.27140000276,
              510729.22580000013
            ],
            [
              183625.59560000151,
              510728.27410000004
            ],
            [
              183618.89470000286,
              510724.30120000243
            ],
            [
              183611.25590000022,
              510720.41450000182
            ],
            [
              183602.29609999992,
              510715.61430000328
            ],
            [
              183591.78899999987,
              510711.06039999984
            ],
            [
              183588.23110000044,
              510709.07850000076
            ]
          ]
        ]
      }
    }
  ]
}