{
  "displayFieldName" : "",
  "fieldAliases" : {
    "FID" : "FID",
    "PMNTN_SN" : "PMNTN_SN",
    "MNTN_CODE" : "MNTN_CODE",
    "MNTN_NM" : "MNTN_NM",
    "PMNTN_NM" : "PMNTN_NM",
    "PMNTN_MAIN" : "PMNTN_MAIN",
    "PMNTN_LT" : "PMNTN_LT",
    "PMNTN_DFFL" : "PMNTN_DFFL",
    "PMNTN_UPPL" : "PMNTN_UPPL",
    "PMNTN_GODN" : "PMNTN_GODN",
    "PMNTN_MTRQ" : "PMNTN_MTRQ",
    "PMNTN_CNRL" : "PMNTN_CNRL",
    "PMNTN_CLS_" : "PMNTN_CLS_",
    "PMNTN_RISK" : "PMNTN_RISK",
    "PMNTN_RECO" : "PMNTN_RECO",
    "DATA_STDR_" : "DATA_STDR_",
    "MNTN_ID" : "MNTN_ID"
  },
  "geometryType" : "esriGeometryPolyline",
  "spatialReference" : {
    "wkt" : "PROJCS[\"PCS_ITRF2000_TM\",GEOGCS[\"GCS_ITRF_2000\",DATUM[\"D_ITRF_2000\",SPHEROID[\"GRS_1980\",6378137.0,298.257222101]],PRIMEM[\"Greenwich\",0.0],UNIT[\"Degree\",0.0174532925199433]],PROJECTION[\"Transverse_Mercator\"],PARAMETER[\"False_Easting\",200000.0],PARAMETER[\"False_Northing\",600000.0],PARAMETER[\"Central_Meridian\",127.0],PARAMETER[\"Scale_Factor\",1.0],PARAMETER[\"Latitude_Of_Origin\",38.0],UNIT[\"Meter\",1.0]]"
  },
  "fields" : [
    {
      "name" : "FID",
      "type" : "esriFieldTypeOID",
      "alias" : "FID"
    },
    {
      "name" : "PMNTN_SN",
      "type" : "esriFieldTypeDouble",
      "alias" : "PMNTN_SN"
    },
    {
      "name" : "MNTN_CODE",
      "type" : "esriFieldTypeString",
      "alias" : "MNTN_CODE",
      "length" : 9
    },
    {
      "name" : "MNTN_NM",
      "type" : "esriFieldTypeString",
      "alias" : "MNTN_NM",
      "length" : 50
    },
    {
      "name" : "PMNTN_NM",
      "type" : "esriFieldTypeString",
      "alias" : "PMNTN_NM",
      "length" : 50
    },
    {
      "name" : "PMNTN_MAIN",
      "type" : "esriFieldTypeString",
      "alias" : "PMNTN_MAIN",
      "length" : 200
    },
    {
      "name" : "PMNTN_LT",
      "type" : "esriFieldTypeSingle",
      "alias" : "PMNTN_LT"
    },
    {
      "name" : "PMNTN_DFFL",
      "type" : "esriFieldTypeString",
      "alias" : "PMNTN_DFFL",
      "length" : 8
    },
    {
      "name" : "PMNTN_UPPL",
      "type" : "esriFieldTypeDouble",
      "alias" : "PMNTN_UPPL"
    },
    {
      "name" : "PMNTN_GODN",
      "type" : "esriFieldTypeDouble",
      "alias" : "PMNTN_GODN"
    },
    {
      "name" : "PMNTN_MTRQ",
      "type" : "esriFieldTypeString",
      "alias" : "PMNTN_MTRQ",
      "length" : 200
    },
    {
      "name" : "PMNTN_CNRL",
      "type" : "esriFieldTypeString",
      "alias" : "PMNTN_CNRL",
      "length" : 1
    },
    {
      "name" : "PMNTN_CLS_",
      "type" : "esriFieldTypeString",
      "alias" : "PMNTN_CLS_",
      "length" : 1
    },
    {
      "name" : "PMNTN_RISK",
      "type" : "esriFieldTypeString",
      "alias" : "PMNTN_RISK",
      "length" : 200
    },
    {
      "name" : "PMNTN_RECO",
      "type" : "esriFieldTypeString",
      "alias" : "PMNTN_RECO",
      "length" : 1
    },
    {
      "name" : "DATA_STDR_",
      "type" : "esriFieldTypeString",
      "alias" : "DATA_STDR_",
      "length" : 10
    },
    {
      "name" : "MNTN_ID",
      "type" : "esriFieldTypeString",
      "alias" : "MNTN_ID",
      "length" : 10
    }
  ],
  "features" : [
    {
      "attributes" : {
        "FID" : 0,
        "PMNTN_SN" : 54150,
        "MNTN_CODE" : "412801101",
        "MNTN_NM" : "현달산",
        "PMNTN_NM" : "현달산등산로입구-신병교육대앞고물상입구구간",
        "PMNTN_MAIN" : " ",
        "PMNTN_LT" : 0.98,
        "PMNTN_DFFL" : "쉬움",
        "PMNTN_UPPL" : 17,
        "PMNTN_GODN" : 12,
        "PMNTN_MTRQ" : " ",
        "PMNTN_CNRL" : " ",
        "PMNTN_CLS_" : " ",
        "PMNTN_RISK" : " ",
        "PMNTN_RECO" : " ",
        "DATA_STDR_" : "2016-12-31",
        "MNTN_ID" : "412801101"
      },
      "geometry" : {
        "paths" : [
          [
            [
              184218.04250000231,
              566055.12199999951
            ],
            [
              184227.75609999895,
              566029.47660000063
            ],
            [
              184236.60970000084,
              566025.1492999997
            ],
            [
              184241.57510000095,
              566020.9315000046
            ],
            [
              184251.45910000149,
              566014.52319999784
            ],
            [
              184260.93429999985,
              566010.51469999924
            ],
            [
              184275.54929999914,
              566007.33160000108
            ],
            [
              184291.2739000041,
              566000.09540000185
            ],
            [
              184302.81570000295,
              565992.8367999997
            ],
            [
              184313.23590000067,
              565984.48650000058
            ],
            [
              184323.01930000074,
              565979.08880000375
            ],
            [
              184327.01350000221,
              565974.2936000023
            ],
            [
              184333.18370000366,
              565974.48909999989
            ],
            [
              184338.87100000028,
              565969.57050000131
            ],
            [
              184348.18870000355,
              565965.62850000337
            ],
            [
              184363.63940000068,
              565960.74370000325
            ],
            [
              184385.13490000274,
              565949.87820000201
            ],
            [
              184390.11459999997,
              565947.55189999938
            ],
            [
              184395.6157000009,
              565945.48970000446
            ],
            [
              184407.66220000014,
              565941.63250000402
            ],
            [
              184411.32770000398,
              565940.60639999993
            ],
            [
              184419.44870000146,
              565937.51250000112
            ],
            [
              184422.51350000035,
              565936.92990000173
            ],
            [
              184425.99280000106,
              565935.97870000452
            ],
            [
              184430.19079999998,
              565932.48450000212
            ],
            [
              184428.40270000044,
              565925.27290000021
            ],
            [
              184427.12350000162,
              565920.0373999998
            ],
            [
              184425.8303000005,
              565917.41620000266
            ],
            [
              184425.59540000279,
              565912.44769999944
            ],
            [
              184425.10320000164,
              565906.69350000098
            ],
            [
              184427.52020000014,
              565894.68050000258
            ],
            [
              184431.74210000038,
              565887.38290000334
            ],
            [
              184437.79669999983,
              565879.57219999842
            ],
            [
              184443.30760000087,
              565875.68010000139
            ],
            [
              184450.12560000084,
              565871.79500000179
            ],
            [
              184454.32520000078,
              565868.68020000122
            ],
            [
              184462.72430000082,
              565862.4506000001
            ],
            [
              184475.30900000129,
              565855.72049999982
            ],
            [
              184485.2696000021,
              565850.80640000105
            ],
            [
              184495.49450000189,
              565845.37089999951
            ],
            [
              184503.89500000048,
              565838.87990000285
            ],
            [
              184509.1389000006,
              565836.03210000321
            ],
            [
              184519.09820000082,
              565831.37949999981
            ],
            [
              184524.08200000226,
              565828.26880000345
            ],
            [
              184532.21829999983,
              565822.29930000007
            ],
            [
              184534.58509999979,
              565819.69759999961
            ],
            [
              184537.74870000035,
              565814.74720000103
            ],
            [
              184541.69380000234,
              565810.32389999926
            ],
            [
              184548.00850000139,
              565802.77610000037
            ],
            [
              184553.53610000201,
              565795.7469000034
            ],
            [
              184555.63310000021,
              565794.71230000257
            ],
            [
              184558.25570000149,
              565793.15770000219
            ],
            [
              184564.30059999973,
              565787.17700000107
            ],
            [
              184570.86130000092,
              565782.50620000437
            ],
            [
              184580.29640000127,
              565778.11219999939
            ],
            [
              184585.51930000074,
              565779.18580000289
            ],
            [
              184590.20400000084,
              565783.13230000064
            ],
            [
              184592.02840000391,
              565784.18769999966
            ],
            [
              184595.40890000109,
              565787.6043999996
            ],
            [
              184598.2762000002,
              565789.18830000423
            ],
            [
              184607.41770000197,
              565790.80570000038
            ],
            [
              184609.77050000057,
              565790.81820000149
            ],
            [
              184613.69049999956,
              565791.10059999861
            ],
            [
              184616.29920000117,
              565792.16020000167
            ],
            [
              184619.70029999968,
              565791.65590000339
            ],
            [
              184623.63169999979,
              565789.84650000185
            ],
            [
              184630.1799000036,
              565787.52850000001
            ],
            [
              184634.87469999958,
              565789.64540000074
            ],
            [
              184638.51049999986,
              565794.10920000076
            ],
            [
              184642.69620000198,
              565793.60889999941
            ],
            [
              184650.30689999927,
              565788.15880000032
            ],
            [
              184653.19510000106,
              565785.82130000181
            ],
            [
              184656.07360000256,
              565785.31380000152
            ],
            [
              184658.95210000034,
              565784.80630000308
            ],
            [
              184662.11150000338,
              565780.64020000212
            ],
            [
              184677.83330000378,
              565773.92680000141
            ],
            [
              184685.70260000043,
              565769.00160000287
            ],
            [
              184692.53309999965,
              565762.76359999925
            ],
            [
              184700.4038000023,
              565757.57699999958
            ],
            [
              184712.17640000116,
              565756.07120000012
            ],
            [
              184724.7192000011,
              565757.1838000007
            ],
            [
              184735.68650000077,
              565759.59520000406
            ],
            [
              184742.50730000064,
              565755.1873000022
            ],
            [
              184747.7526000021,
              565752.07810000144
            ],
            [
              184753.52489999961,
              565748.1874000039
            ],
            [
              184767.42370000016,
              565740.15709999949
            ],
            [
              184773.45320000127,
              565737.0521000009
            ],
            [
              184784.2052000016,
              565730.83499999903
            ],
            [
              184791.5642000027,
              565723.5541999992
            ],
            [
              184797.59649999905,
              565719.92630000226
            ],
            [
              184811.52740000095,
              565705.88320000097
            ],
            [
              184816.00090000033,
              565700.41699999943
            ],
            [
              184820.73869999964,
              565694.42930000275
            ],
            [
              184829.94180000108,
              565684.54380000196
            ],
            [
              184836.23610000312,
              565680.6564000044
            ],
            [
              184843.55940000061,
              565680.17219999991
            ],
            [
              184849.0493999999,
              565680.20150000229
            ],
            [
              184854.53370000236,
              565681.27650000155
            ],
            [
              184861.57550000306,
              565684.45130000077
            ],
            [
              184868.09580000024,
              565687.36190000176
            ],
            [
              184879.32600000314,
              565689.51320000179
            ],
            [
              184888.47870000172,
              565689.03920000046
            ],
            [
              184894.50679999962,
              565686.19559999928
            ],
            [
              184899.76219999883,
              565681.25640000403
            ],
            [
              184904.47970000003,
              565678.92890000157
            ],
            [
              184908.9159000013,
              565680.52100000344
            ],
            [
              184912.30610000156,
              565682.10760000162
            ],
            [
              184917.51050000172,
              565686.57960000262
            ],
            [
              184921.74110000115,
              565684.16050000302
            ],
            [
              184924.33860000037,
              565680.8647000026
            ],
            [
              184927.75670000259,
              565677.22290000133
            ],
            [
              184930.89800000098,
              565676.45530000329
            ],
            [
              184936.39230000135,
              565675.70140000246
            ],
            [
              184942.90560000297,
              565679.65680000186
            ],
            [
              184946.02170000132,
              565683.8561000023
            ],
            [
              184951.4989999989,
              565686.23790000193
            ],
            [
              184957.24760000221,
              565686.79179999977
            ],
            [
              184966.92170000076,
              565686.58210000396
            ],
            [
              184975.35090000089,
              565687.52529999986
            ],
            [
              184979.45860000048,
              565688.74090000242
            ],
            [
              184984.65429999959,
              565695.0428000018
            ],
            [
              184986.97759999987,
              565700.54499999993
            ],
            [
              184988.50610000268,
              565708.13480000012
            ],
            [
              184988.74940000381,
              565711.53470000066
            ],
            [
              184990.03690000065,
              565715.20240000263
            ]
          ]
        ]
      }
    }
  ]
}