{
  "displayFieldName" : "",
  "fieldAliases" : {
    "FID" : "FID",
    "PMNTN_SN" : "PMNTN_SN",
    "MNTN_CODE" : "MNTN_CODE",
    "MNTN_NM" : "MNTN_NM",
    "PMNTN_NM" : "PMNTN_NM",
    "PMNTN_MAIN" : "PMNTN_MAIN",
    "PMNTN_LT" : "PMNTN_LT",
    "PMNTN_DFFL" : "PMNTN_DFFL",
    "PMNTN_UPPL" : "PMNTN_UPPL",
    "PMNTN_GODN" : "PMNTN_GODN",
    "PMNTN_MTRQ" : "PMNTN_MTRQ",
    "PMNTN_CNRL" : "PMNTN_CNRL",
    "PMNTN_CLS_" : "PMNTN_CLS_",
    "PMNTN_RISK" : "PMNTN_RISK",
    "PMNTN_RECO" : "PMNTN_RECO",
    "DATA_STDR_" : "DATA_STDR_",
    "MNTN_ID" : "MNTN_ID"
  },
  "geometryType" : "esriGeometryPolyline",
  "spatialReference" : {
    "wkt" : "PROJCS[\"PCS_ITRF2000_TM\",GEOGCS[\"GCS_ITRF_2000\",DATUM[\"D_ITRF_2000\",SPHEROID[\"GRS_1980\",6378137.0,298.257222101]],PRIMEM[\"Greenwich\",0.0],UNIT[\"Degree\",0.0174532925199433]],PROJECTION[\"Transverse_Mercator\"],PARAMETER[\"False_Easting\",200000.0],PARAMETER[\"False_Northing\",600000.0],PARAMETER[\"Central_Meridian\",127.0],PARAMETER[\"Scale_Factor\",1.0],PARAMETER[\"Latitude_Of_Origin\",38.0],UNIT[\"Meter\",1.0]]"
  },
  "fields" : [
    {
      "name" : "FID",
      "type" : "esriFieldTypeOID",
      "alias" : "FID"
    },
    {
      "name" : "PMNTN_SN",
      "type" : "esriFieldTypeDouble",
      "alias" : "PMNTN_SN"
    },
    {
      "name" : "MNTN_CODE",
      "type" : "esriFieldTypeString",
      "alias" : "MNTN_CODE",
      "length" : 9
    },
    {
      "name" : "MNTN_NM",
      "type" : "esriFieldTypeString",
      "alias" : "MNTN_NM",
      "length" : 50
    },
    {
      "name" : "PMNTN_NM",
      "type" : "esriFieldTypeString",
      "alias" : "PMNTN_NM",
      "length" : 50
    },
    {
      "name" : "PMNTN_MAIN",
      "type" : "esriFieldTypeString",
      "alias" : "PMNTN_MAIN",
      "length" : 200
    },
    {
      "name" : "PMNTN_LT",
      "type" : "esriFieldTypeSingle",
      "alias" : "PMNTN_LT"
    },
    {
      "name" : "PMNTN_DFFL",
      "type" : "esriFieldTypeString",
      "alias" : "PMNTN_DFFL",
      "length" : 8
    },
    {
      "name" : "PMNTN_UPPL",
      "type" : "esriFieldTypeDouble",
      "alias" : "PMNTN_UPPL"
    },
    {
      "name" : "PMNTN_GODN",
      "type" : "esriFieldTypeDouble",
      "alias" : "PMNTN_GODN"
    },
    {
      "name" : "PMNTN_MTRQ",
      "type" : "esriFieldTypeString",
      "alias" : "PMNTN_MTRQ",
      "length" : 200
    },
    {
      "name" : "PMNTN_CNRL",
      "type" : "esriFieldTypeString",
      "alias" : "PMNTN_CNRL",
      "length" : 1
    },
    {
      "name" : "PMNTN_CLS_",
      "type" : "esriFieldTypeString",
      "alias" : "PMNTN_CLS_",
      "length" : 1
    },
    {
      "name" : "PMNTN_RISK",
      "type" : "esriFieldTypeString",
      "alias" : "PMNTN_RISK",
      "length" : 200
    },
    {
      "name" : "PMNTN_RECO",
      "type" : "esriFieldTypeString",
      "alias" : "PMNTN_RECO",
      "length" : 1
    },
    {
      "name" : "DATA_STDR_",
      "type" : "esriFieldTypeString",
      "alias" : "DATA_STDR_",
      "length" : 10
    },
    {
      "name" : "MNTN_ID",
      "type" : "esriFieldTypeString",
      "alias" : "MNTN_ID",
      "length" : 10
    }
  ],
  "features" : [
    {
      "attributes" : {
        "FID" : 0,
        "PMNTN_SN" : 25680,
        "MNTN_CODE" : "461504404",
        "MNTN_NM" : "봉화별량",
        "PMNTN_NM" : "학산리구간",
        "PMNTN_MAIN" : " ",
        "PMNTN_LT" : 1.35,
        "PMNTN_DFFL" : "쉬움",
        "PMNTN_UPPL" : 24,
        "PMNTN_GODN" : 17,
        "PMNTN_MTRQ" : " ",
        "PMNTN_CNRL" : " ",
        "PMNTN_CLS_" : " ",
        "PMNTN_RISK" : " ",
        "PMNTN_RECO" : " ",
        "DATA_STDR_" : "2016-12-31",
        "MNTN_ID" : "461504404"
      },
      "geometry" : {
        "paths" : [
          [
            [
              244397.7295000013,
              249776.72850000113
            ],
            [
              244409.28479999956,
              249779.63430000283
            ],
            [
              244422.98300000187,
              249785.43820000254
            ],
            [
              244427.3443999989,
              249790.35219999775
            ],
            [
              244431.2461000029,
              249796.40340000205
            ],
            [
              244436.94830000121,
              249800.04389999993
            ],
            [
              244440.55030000117,
              249799.25850000232
            ],
            [
              244442.66020000074,
              249798.68330000155
            ],
            [
              244446.24000000022,
              249797.65149999969
            ],
            [
              244448.38559999969,
              249798.19159999862
            ],
            [
              244452.94170000218,
              249798.76820000447
            ],
            [
              244460.44490000047,
              249799.64039999992
            ],
            [
              244463.94159999862,
              249803.84830000065
            ],
            [
              244467.14400000032,
              249807.64930000342
            ],
            [
              244469.6323000025,
              249817.61350000277
            ],
            [
              244471.1353000002,
              249829.80279999971
            ],
            [
              244473.77790000383,
              249838.88800000027
            ],
            [
              244474.27190000098,
              249850.31440000422
            ],
            [
              244483.66960000247,
              249875.6063000001
            ],
            [
              244488.92940000072,
              249904.53990000114
            ],
            [
              244493.43959999923,
              249912.10389999859
            ],
            [
              244493.82519999985,
              249919.63060000166
            ],
            [
              244494.68050000072,
              249924.8543999996
            ],
            [
              244493.6651999997,
              249934.74760000221
            ],
            [
              244490.42060000356,
              249941.51040000096
            ],
            [
              244486.3339000009,
              249946.99920000136
            ],
            [
              244480.02580000088,
              249956.18770000152
            ],
            [
              244475.75330000371,
              249962.99250000156
            ],
            [
              244472.70349999983,
              249976.9448000025
            ],
            [
              244468.57570000179,
              249982.36480000243
            ],
            [
              244464.34080000035,
              249989.32790000364
            ],
            [
              244461.34710000269,
              249998.00790000148
            ],
            [
              244461.41110000201,
              249999.04969999939
            ],
            [
              244461.8423999995,
              250007.97020000033
            ],
            [
              244459.16170000099,
              250013.92650000192
            ],
            [
              244458.86899999995,
              250015.78490000032
            ],
            [
              244458.13240000233,
              250021.92350000143
            ],
            [
              244454.95550000109,
              250027.62230000272
            ],
            [
              244451.68750000373,
              250031.23300000094
            ],
            [
              244451.53920000046,
              250031.75310000032
            ],
            [
              244449.30060000066,
              250038.6146000009
            ],
            [
              244446.23859999981,
              250045.3182999976
            ],
            [
              244442.2116000019,
              250048.64010000043
            ],
            [
              244438.80800000019,
              250053.3860000018
            ],
            [
              244434.02410000097,
              250059.72340000235
            ],
            [
              244431.05769999977,
              250064.38639999926
            ],
            [
              244428.21050000377,
              250064.99569999985
            ],
            [
              244427.20220000111,
              250064.24680000171
            ],
            [
              244423.1305999998,
              250069.14619999938
            ],
            [
              244418.34130000137,
              250069.80540000275
            ],
            [
              244412.29239999969,
              250071.83640000038
            ],
            [
              244409.17900000233,
              250072.81450000219
            ],
            [
              244406.54930000007,
              250073.71550000273
            ],
            [
              244400.31340000127,
              250075.77740000188
            ],
            [
              244392.61259999871,
              250081.92310000211
            ],
            [
              244392.36060000304,
              250087.99350000173
            ],
            [
              244392.05599999987,
              250093.53600000031
            ],
            [
              244392.41530000046,
              250098.79750000313
            ],
            [
              244391.89869999886,
              250103.87580000237
            ],
            [
              244389.22610000055,
              250104.84840000048
            ],
            [
              244381.71530000027,
              250105.98380000144
            ],
            [
              244378.46080000047,
              250107.68600000255
            ],
            [
              244378.34820000269,
              250107.89240000211
            ],
            [
              244378.3795000026,
              250107.76239999942
            ],
            [
              244376.46300000325,
              250111.7405999992
            ],
            [
              244371.91670000087,
              250115.30749999918
            ],
            [
              244365.69930000417,
              250115.73530000634
            ],
            [
              244356.94960000366,
              250114.35070000216
            ],
            [
              244351.75530000031,
              250119.1213000007
            ],
            [
              244345.76450000051,
              250120.89480000176
            ],
            [
              244343.99689999968,
              250126.56080000289
            ],
            [
              244341.84640000295,
              250132.22809999995
            ],
            [
              244336.00510000065,
              250140.08550000191
            ],
            [
              244333.00140000135,
              250141.37270000204
            ],
            [
              244328.11740000267,
              250142.74379999936
            ],
            [
              244326.46100000106,
              250149.27129999921
            ],
            [
              244323.44920000248,
              250161.72539999895
            ],
            [
              244323.08980000112,
              250167.95949999988
            ],
            [
              244317.81100000255,
              250170.63529999927
            ],
            [
              244314.14620000124,
              250173.52229999937
            ],
            [
              244310.61070000008,
              250177.01820000447
            ],
            [
              244304.5858000014,
              250178.05850000121
            ],
            [
              244299.77300000284,
              250178.46409999952
            ],
            [
              244288.26720000058,
              250178.48819999956
            ],
            [
              244276.97060000058,
              250181.49400000274
            ],
            [
              244266.12990000192,
              250183.98340000212
            ],
            [
              244260.30580000114,
              250191.48740000091
            ],
            [
              244252.25420000125,
              250191.91360000148
            ],
            [
              244243.45669999998,
              250191.22950000316
            ],
            [
              244237.24910000246,
              250190.80900000222
            ],
            [
              244231.2080000015,
              250190.84490000084
            ],
            [
              244221.43050000072,
              250188.29640000127
            ],
            [
              244210.94260000158,
              250188.40389999747
            ],
            [
              244205.05470000114,
              250190.07780000009
            ],
            [
              244197.53130000085,
              250190.63609999977
            ],
            [
              244189.53350000363,
              250189.44440000318
            ],
            [
              244182.38680000231,
              250188.22900000215
            ],
            [
              244171.38180000242,
              250184.28910000063
            ],
            [
              244166.35259999987,
              250181.13110000268
            ],
            [
              244161.86620000377,
              250178.30120000057
            ],
            [
              244155.03320000134,
              250177.23420000449
            ],
            [
              244149.25710000005,
              250176.32210000418
            ],
            [
              244141.84379999992,
              250172.95119999908
            ],
            [
              244139.0401000008,
              250169.79740000144
            ],
            [
              244135.37750000227,
              250164.36450000107
            ],
            [
              244130.44429999962,
              250161.96959999949
            ],
            [
              244126.46619999874,
              250160.81320000067
            ],
            [
              244121.69850000087,
              250159.3303999994
            ],
            [
              244115.40029999986,
              250155.78099999763
            ],
            [
              244110.31620000117,
              250152.8601000011
            ],
            [
              244107.04850000236,
              250147.14609999955
            ],
            [
              244102.63010000065,
              250145.61070000008
            ],
            [
              244096.41930000018,
              250139.49370000139
            ],
            [
              244092.84160000179,
              250138.72660000063
            ],
            [
              244087.16509999894,
              250130.76779999956
            ],
            [
              244081.3189000003,
              250123.74679999985
            ],
            [
              244078.47200000286,
              250114.72240000218
            ],
            [
              244072.92750000115,
              250108.73500000313
            ],
            [
              244066.22200000286,
              250103.43029999919
            ],
            [
              244059.72229999956,
              250099.94910000078
            ],
            [
              244049.69990000222,
              250098.88740000315
            ],
            [
              244046.89110000059,
              250099.49689999968
            ],
            [
              244043.57240000088,
              250097.74200000055
            ],
            [
              244041.98770000041,
              250095.69800000079
            ],
            [
              244034.74210000038,
              250092.6967999991
            ],
            [
              244025.04400000162,
              250092.74320000224
            ],
            [
              244016.37250000052,
              250091.34390000254
            ],
            [
              244008.97159999982,
              250088.76050000265
            ],
            [
              243995.83970000036,
              250077.48279999942
            ],
            [
              243988.48200000077,
              250065.87950000167
            ],
            [
              243979.86600000039,
              250057.69230000302
            ],
            [
              243970.1063000001,
              250046.59830000065
            ],
            [
              243963.05500000063,
              250033.46220000274
            ],
            [
              243958.4905000031,
              250022.89520000294
            ],
            [
              243960.38880000263,
              250014.41889999993
            ],
            [
              243961.12530000042,
              250010.78100000136
            ],
            [
              243961.28840000089,
              250006.12270000018
            ],
            [
              243960.41540000122,
              250000.13709999993
            ],
            [
              243958.97880000062,
              249992.36099999957
            ],
            [
              243956.20060000196,
              249986.09060000256
            ],
            [
              243954.56020000111,
              249980.61300000176
            ],
            [
              243951.77310000081,
              249976.86070000008
            ],
            [
              243952.41530000046,
              249967.19010000117
            ],
            [
              243953.38340000156,
              249955.53470000252
            ],
            [
              243954.06769999862,
              249954.51229999959
            ],
            [
              243955.89400000125,
              249942.06900000013
            ],
            [
              243954.07400000095,
              249932.92630000226
            ],
            [
              243953.43280000333,
              249924.78950000182
            ],
            [
              243951.90260000061,
              249916.03480000235
            ],
            [
              243953.54569999967,
              249907.74210000038
            ],
            [
              243953.03320000041,
              249900.3171000015
            ],
            [
              243951.04480000306,
              249894.90729999915
            ],
            [
              243947.60040000081,
              249894.76290000044
            ],
            [
              243941.74580000248,
              249897.42680000141
            ],
            [
              243932.90520000085,
              249899.06530000269
            ],
            [
              243928.40539999958,
              249899.45810000412
            ],
            [
              243923.04830000363,
              249899.01630000025
            ],
            [
              243913.35059999954,
              249904.35099999979
            ],
            [
              243905.9198000012,
              249906.77999999933
            ],
            [
              243896.80709999893,
              249912.36910000443
            ],
            [
              243892.82390000019,
              249916.95490000024
            ],
            [
              243886.52279999945,
              249923.02410000004
            ],
            [
              243883.08340000175,
              249924.60120000131
            ],
            [
              243880.63630000036,
              249925.2893000003
            ],
            [
              243877.42310000025,
              249925.24380000494
            ],
            [
              243875.25850000232,
              249924.22250000015
            ],
            [
              243875.12880000286,
              249921.5605999995
            ],
            [
              243874.8955000015,
              249918.22610000148
            ],
            [
              243876.70420000236,
              249909.92430000193
            ],
            [
              243881.33570000157,
              249903.02250000276
            ],
            [
              243887.51920000091,
              249893.08910000138
            ],
            [
              243890.19520000275,
              249883.57960000075
            ],
            [
              243889.75020000059,
              249866.31760000065
            ],
            [
              243886.86610000394,
              249849.86000000127
            ],
            [
              243886.29260000121,
              249845.86800000258
            ],
            [
              243884.89540000074,
              249841.07890000008
            ],
            [
              243884.96360000316,
              249830.47369999997
            ],
            [
              243887.37830000091,
              249824.14870000444
            ],
            [
              243891.07030000165,
              249818.34280000068
            ],
            [
              243895.40479999967,
              249806.9132000003
            ],
            [
              243898.13410000131,
              249802.96630000137
            ],
            [
              243902.67580000125,
              249802.45130000263
            ],
            [
              243907.50389999989,
              249802.63350000046
            ],
            [
              243919.25629999954,
              249804.08770000376
            ]
          ]
        ]
      }
    }
  ]
}