{
  "displayFieldName" : "",
  "fieldAliases" : {
    "FID" : "FID",
    "PMNTN_SN" : "PMNTN_SN",
    "MNTN_CODE" : "MNTN_CODE",
    "MNTN_NM" : "MNTN_NM",
    "PMNTN_NM" : "PMNTN_NM",
    "PMNTN_MAIN" : "PMNTN_MAIN",
    "PMNTN_LT" : "PMNTN_LT",
    "PMNTN_DFFL" : "PMNTN_DFFL",
    "PMNTN_UPPL" : "PMNTN_UPPL",
    "PMNTN_GODN" : "PMNTN_GODN",
    "PMNTN_MTRQ" : "PMNTN_MTRQ",
    "PMNTN_CNRL" : "PMNTN_CNRL",
    "PMNTN_CLS_" : "PMNTN_CLS_",
    "PMNTN_RISK" : "PMNTN_RISK",
    "PMNTN_RECO" : "PMNTN_RECO",
    "DATA_STDR_" : "DATA_STDR_",
    "MNTN_ID" : "MNTN_ID"
  },
  "geometryType" : "esriGeometryPolyline",
  "spatialReference" : {
    "wkt" : "PROJCS[\"PCS_ITRF2000_TM\",GEOGCS[\"GCS_ITRF_2000\",DATUM[\"D_ITRF_2000\",SPHEROID[\"GRS_1980\",6378137.0,298.257222101]],PRIMEM[\"Greenwich\",0.0],UNIT[\"Degree\",0.0174532925199433]],PROJECTION[\"Transverse_Mercator\"],PARAMETER[\"False_Easting\",200000.0],PARAMETER[\"False_Northing\",600000.0],PARAMETER[\"Central_Meridian\",127.0],PARAMETER[\"Scale_Factor\",1.0],PARAMETER[\"Latitude_Of_Origin\",38.0],UNIT[\"Meter\",1.0]]"
  },
  "fields" : [
    {
      "name" : "FID",
      "type" : "esriFieldTypeOID",
      "alias" : "FID"
    },
    {
      "name" : "PMNTN_SN",
      "type" : "esriFieldTypeDouble",
      "alias" : "PMNTN_SN"
    },
    {
      "name" : "MNTN_CODE",
      "type" : "esriFieldTypeString",
      "alias" : "MNTN_CODE",
      "length" : 9
    },
    {
      "name" : "MNTN_NM",
      "type" : "esriFieldTypeString",
      "alias" : "MNTN_NM",
      "length" : 50
    },
    {
      "name" : "PMNTN_NM",
      "type" : "esriFieldTypeString",
      "alias" : "PMNTN_NM",
      "length" : 50
    },
    {
      "name" : "PMNTN_MAIN",
      "type" : "esriFieldTypeString",
      "alias" : "PMNTN_MAIN",
      "length" : 200
    },
    {
      "name" : "PMNTN_LT",
      "type" : "esriFieldTypeSingle",
      "alias" : "PMNTN_LT"
    },
    {
      "name" : "PMNTN_DFFL",
      "type" : "esriFieldTypeString",
      "alias" : "PMNTN_DFFL",
      "length" : 8
    },
    {
      "name" : "PMNTN_UPPL",
      "type" : "esriFieldTypeDouble",
      "alias" : "PMNTN_UPPL"
    },
    {
      "name" : "PMNTN_GODN",
      "type" : "esriFieldTypeDouble",
      "alias" : "PMNTN_GODN"
    },
    {
      "name" : "PMNTN_MTRQ",
      "type" : "esriFieldTypeString",
      "alias" : "PMNTN_MTRQ",
      "length" : 200
    },
    {
      "name" : "PMNTN_CNRL",
      "type" : "esriFieldTypeString",
      "alias" : "PMNTN_CNRL",
      "length" : 1
    },
    {
      "name" : "PMNTN_CLS_",
      "type" : "esriFieldTypeString",
      "alias" : "PMNTN_CLS_",
      "length" : 1
    },
    {
      "name" : "PMNTN_RISK",
      "type" : "esriFieldTypeString",
      "alias" : "PMNTN_RISK",
      "length" : 200
    },
    {
      "name" : "PMNTN_RECO",
      "type" : "esriFieldTypeString",
      "alias" : "PMNTN_RECO",
      "length" : 1
    },
    {
      "name" : "DATA_STDR_",
      "type" : "esriFieldTypeString",
      "alias" : "DATA_STDR_",
      "length" : 10
    },
    {
      "name" : "MNTN_ID",
      "type" : "esriFieldTypeString",
      "alias" : "MNTN_ID",
      "length" : 10
    }
  ],
  "features" : [
    {
      "attributes" : {
        "FID" : 0,
        "PMNTN_SN" : 38,
        "MNTN_CODE" : "301106204",
        "MNTN_NM" : "175고지",
        "PMNTN_NM" : "이사동학고개1길-이사동주랭길구간",
        "PMNTN_MAIN" : " ",
        "PMNTN_LT" : 0.44,
        "PMNTN_DFFL" : "쉬움",
        "PMNTN_UPPL" : 8,
        "PMNTN_GODN" : 5,
        "PMNTN_MTRQ" : "황토/마사토",
        "PMNTN_CNRL" : " ",
        "PMNTN_CLS_" : " ",
        "PMNTN_RISK" : " ",
        "PMNTN_RECO" : " ",
        "DATA_STDR_" : "2016-12-31",
        "MNTN_ID" : "301106204"
      },
      "geometry" : {
        "paths" : [
          [
            [
              240345.31470000185,
              410578.92240000144
            ],
            [
              240321.2815000033,
              410563.38070000149
            ],
            [
              240292.81390000135,
              410561.36269999854
            ],
            [
              240264.39749999996,
              410548.24819999933
            ],
            [
              240256.97530000005,
              410540.89010000229
            ],
            [
              240243.67979999911,
              410501.99000000022
            ],
            [
              240219.78030000348,
              410483.34810000099
            ],
            [
              240192.97549999971,
              410451.82069999911
            ],
            [
              240128.84320000373,
              410410.80020000227
            ],
            [
              240107.92450000253,
              410388.51040000096
            ],
            [
              240097.58910000324,
              410369.93129999936
            ],
            [
              240081.39120000321,
              410297.72780000046
            ],
            [
              240067.08839999977,
              410277.99639999866
            ]
          ]
        ]
      }
    },
    {
      "attributes" : {
        "FID" : 1,
        "PMNTN_SN" : 39,
        "MNTN_CODE" : "301106204",
        "MNTN_NM" : "175고지",
        "PMNTN_NM" : "이사동구간",
        "PMNTN_MAIN" : " ",
        "PMNTN_LT" : 0.36,
        "PMNTN_DFFL" : "쉬움",
        "PMNTN_UPPL" : 6,
        "PMNTN_GODN" : 4,
        "PMNTN_MTRQ" : "황토/마사토",
        "PMNTN_CNRL" : " ",
        "PMNTN_CLS_" : " ",
        "PMNTN_RISK" : " ",
        "PMNTN_RECO" : " ",
        "DATA_STDR_" : "2016-12-31",
        "MNTN_ID" : "301106204"
      },
      "geometry" : {
        "paths" : [
          [
            [
              240067.08839999977,
              410277.99639999866
            ],
            [
              240069.55350000225,
              410273.70440000109
            ],
            [
              240077.03520000074,
              410268.19030000269
            ],
            [
              240089.06470000185,
              410270.02110000141
            ],
            [
              240112.20860000141,
              410268.34130000137
            ],
            [
              240128.01379999984,
              410259.1034000013
            ],
            [
              240145.42390000168,
              410244.19780000113
            ],
            [
              240160.83739999961,
              410233.13780000061
            ],
            [
              240171.49560000189,
              410223.68770000152
            ],
            [
              240216.68590000179,
              410164.63910000212
            ],
            [
              240249.89520000014,
              410128.38999999873
            ],
            [
              240265.02579999994,
              410100.71780000255
            ],
            [
              240268.10260000173,
              410092.41900000162
            ],
            [
              240274.36950000096,
              410083.83660000004
            ],
            [
              240287.60400000121,
              410074.96660000086
            ],
            [
              240295.18010000326,
              410062.31599999964
            ],
            [
              240310.84120000247,
              410039.60139999911
            ]
          ]
        ]
      }
    },
    {
      "attributes" : {
        "FID" : 2,
        "PMNTN_SN" : 40,
        "MNTN_CODE" : "301106204",
        "MNTN_NM" : "175고지",
        "PMNTN_NM" : "이사동구간",
        "PMNTN_MAIN" : " ",
        "PMNTN_LT" : 0.07,
        "PMNTN_DFFL" : "쉬움",
        "PMNTN_UPPL" : 1,
        "PMNTN_GODN" : 1,
        "PMNTN_MTRQ" : " ",
        "PMNTN_CNRL" : " ",
        "PMNTN_CLS_" : " ",
        "PMNTN_RISK" : " ",
        "PMNTN_RECO" : " ",
        "DATA_STDR_" : "2016-12-31",
        "MNTN_ID" : "301106204"
      },
      "geometry" : {
        "paths" : [
          [
            [
              239865.97050000168,
              410638.46960000135
            ],
            [
              239922.20980000403,
              410671.75340000167
            ]
          ]
        ]
      }
    },
    {
      "attributes" : {
        "FID" : 3,
        "PMNTN_SN" : 41,
        "MNTN_CODE" : "301106204",
        "MNTN_NM" : "175고지",
        "PMNTN_NM" : "학고개길-이사동구간",
        "PMNTN_MAIN" : " ",
        "PMNTN_LT" : 0.3,
        "PMNTN_DFFL" : "쉬움",
        "PMNTN_UPPL" : 5,
        "PMNTN_GODN" : 4,
        "PMNTN_MTRQ" : "황토/마사토",
        "PMNTN_CNRL" : " ",
        "PMNTN_CLS_" : " ",
        "PMNTN_RISK" : " ",
        "PMNTN_RECO" : " ",
        "DATA_STDR_" : "2016-12-31",
        "MNTN_ID" : "301106204"
      },
      "geometry" : {
        "paths" : [
          [
            [
              239448.64460000303,
              410416.35659999959
            ],
            [
              239459.65120000113,
              410394.76429999806
            ],
            [
              239472.15220000129,
              410382.29240000248
            ],
            [
              239483.25400000066,
              410361.08559999987
            ],
            [
              239483.77260000259,
              410344.93800000101
            ],
            [
              239483.62880000193,
              410320.88170000166
            ],
            [
              239473.52770000324,
              410306.05290000141
            ],
            [
              239479.8133000005,
              410284.34039999917
            ],
            [
              239475.14959999919,
              410259.73660000041
            ],
            [
              239490.28520000353,
              410235.8861999996
            ],
            [
              239503.82710000128,
              410221.18880000152
            ],
            [
              239513.17040000018,
              410204.18060000055
            ],
            [
              239537.81220000051,
              410196.79970000125
            ],
            [
              239558.87830000091,
              410191.01300000213
            ],
            [
              239564.8395999996,
              410174.18139999919
            ]
          ]
        ]
      }
    },
    {
      "attributes" : {
        "FID" : 4,
        "PMNTN_SN" : 42,
        "MNTN_CODE" : "301106204",
        "MNTN_NM" : "175고지",
        "PMNTN_NM" : "이사동구간",
        "PMNTN_MAIN" : " ",
        "PMNTN_LT" : 0.04,
        "PMNTN_DFFL" : "쉬움",
        "PMNTN_UPPL" : 1,
        "PMNTN_GODN" : 0,
        "PMNTN_MTRQ" : " ",
        "PMNTN_CNRL" : " ",
        "PMNTN_CLS_" : " ",
        "PMNTN_RISK" : " ",
        "PMNTN_RECO" : " ",
        "DATA_STDR_" : "2016-12-31",
        "MNTN_ID" : "301106204"
      },
      "geometry" : {
        "paths" : [
          [
            [
              239923.40370000061,
              409862.41220000014
            ],
            [
              239902.25210000202,
              409895.64820000157
            ]
          ]
        ]
      }
    },
    {
      "attributes" : {
        "FID" : 5,
        "PMNTN_SN" : 43,
        "MNTN_CODE" : "301106204",
        "MNTN_NM" : "175고지",
        "PMNTN_NM" : "이사동구간",
        "PMNTN_MAIN" : " ",
        "PMNTN_LT" : 0.12,
        "PMNTN_DFFL" : "쉬움",
        "PMNTN_UPPL" : 2,
        "PMNTN_GODN" : 1,
        "PMNTN_MTRQ" : " ",
        "PMNTN_CNRL" : " ",
        "PMNTN_CLS_" : " ",
        "PMNTN_RISK" : " ",
        "PMNTN_RECO" : " ",
        "DATA_STDR_" : "2016-12-31",
        "MNTN_ID" : "301106204"
      },
      "geometry" : {
        "paths" : [
          [
            [
              239822.02979999967,
              410097.79779999889
            ],
            [
              239794.75210000109,
              410101.76220000163
            ],
            [
              239775.38690000027,
              410104.23210000433
            ],
            [
              239756.27139999997,
              410108.82380000129
            ],
            [
              239732.29729999974,
              410113.89420000091
            ],
            [
              239700.44020000007,
              410111.1136000026
            ]
          ]
        ]
      }
    },
    {
      "attributes" : {
        "FID" : 6,
        "PMNTN_SN" : 44,
        "MNTN_CODE" : "301106204",
        "MNTN_NM" : "175고지",
        "PMNTN_NM" : "이사동구간",
        "PMNTN_MAIN" : " ",
        "PMNTN_LT" : 0.07,
        "PMNTN_DFFL" : "쉬움",
        "PMNTN_UPPL" : 1,
        "PMNTN_GODN" : 1,
        "PMNTN_MTRQ" : " ",
        "PMNTN_CNRL" : " ",
        "PMNTN_CLS_" : " ",
        "PMNTN_RISK" : " ",
        "PMNTN_RECO" : " ",
        "DATA_STDR_" : "2016-12-31",
        "MNTN_ID" : "301106204"
      },
      "geometry" : {
        "paths" : [
          [
            [
              239881.67220000084,
              410104.50530000031
            ],
            [
              239868.54750000127,
              410105.03889999911
            ],
            [
              239854.9682,
              410113.64650000073
            ],
            [
              239846.83540000208,
              410109.35160000063
            ],
            [
              239822.02979999967,
              410097.79779999889
            ]
          ]
        ]
      }
    },
    {
      "attributes" : {
        "FID" : 7,
        "PMNTN_SN" : 45,
        "MNTN_CODE" : "301106204",
        "MNTN_NM" : "175고지",
        "PMNTN_NM" : "이사동구간",
        "PMNTN_MAIN" : " ",
        "PMNTN_LT" : 0.09,
        "PMNTN_DFFL" : "쉬움",
        "PMNTN_UPPL" : 2,
        "PMNTN_GODN" : 1,
        "PMNTN_MTRQ" : " ",
        "PMNTN_CNRL" : " ",
        "PMNTN_CLS_" : " ",
        "PMNTN_RISK" : " ",
        "PMNTN_RECO" : " ",
        "DATA_STDR_" : "2016-12-31",
        "MNTN_ID" : "301106204"
      },
      "geometry" : {
        "paths" : [
          [
            [
              239910.50760000106,
              410025.38759999909
            ],
            [
              239911.86270000041,
              410012.00440000184
            ],
            [
              239918.88620000333,
              409996.65130000189
            ],
            [
              239918.54339999985,
              409981.53380000405
            ],
            [
              239915.73979999963,
              409966.43409999833
            ],
            [
              239911.99469999969,
              409942.00579999946
            ]
          ]
        ]
      }
    },
    {
      "attributes" : {
        "FID" : 8,
        "PMNTN_SN" : 46,
        "MNTN_CODE" : "301106204",
        "MNTN_NM" : "175고지",
        "PMNTN_NM" : "이사동구간",
        "PMNTN_MAIN" : " ",
        "PMNTN_LT" : 0.08,
        "PMNTN_DFFL" : "쉬움",
        "PMNTN_UPPL" : 1,
        "PMNTN_GODN" : 1,
        "PMNTN_MTRQ" : " ",
        "PMNTN_CNRL" : " ",
        "PMNTN_CLS_" : " ",
        "PMNTN_RISK" : " ",
        "PMNTN_RECO" : " ",
        "DATA_STDR_" : "2016-12-31",
        "MNTN_ID" : "301106204"
      },
      "geometry" : {
        "paths" : [
          [
            [
              239881.67220000084,
              410104.50530000031
            ],
            [
              239899.85090000089,
              410058.31489999965
            ],
            [
              239910.50760000106,
              410025.38759999909
            ]
          ]
        ]
      }
    },
    {
      "attributes" : {
        "FID" : 9,
        "PMNTN_SN" : 47,
        "MNTN_CODE" : "301106204",
        "MNTN_NM" : "175고지",
        "PMNTN_NM" : "이사동학고개1길-이사동주랭길구간",
        "PMNTN_MAIN" : " ",
        "PMNTN_LT" : 0.26,
        "PMNTN_DFFL" : "쉬움",
        "PMNTN_UPPL" : 5,
        "PMNTN_GODN" : 3,
        "PMNTN_MTRQ" : "황토/마사토",
        "PMNTN_CNRL" : " ",
        "PMNTN_CLS_" : " ",
        "PMNTN_RISK" : " ",
        "PMNTN_RECO" : " ",
        "DATA_STDR_" : "2016-12-31",
        "MNTN_ID" : "301106204"
      },
      "geometry" : {
        "paths" : [
          [
            [
              240067.08839999977,
              410277.99639999866
            ],
            [
              240057.65660000127,
              410262.55290000141
            ],
            [
              240025.56250000279,
              410251.43330000155
            ],
            [
              240004.37630000059,
              410235.65020000003
            ],
            [
              239987.20190000255,
              410226.48550000228
            ],
            [
              239981.52660000138,
              410212.26820000075
            ],
            [
              239951.89560000133,
              410188.7872999981
            ],
            [
              239937.68969999906,
              410171.58100000024
            ],
            [
              239925.25350000057,
              410154.38629999943
            ],
            [
              239903.7790000001,
              410136.54030000232
            ],
            [
              239894.6670000013,
              410122.10060000047
            ],
            [
              239881.67220000084,
              410104.50530000031
            ]
          ]
        ]
      }
    },
    {
      "attributes" : {
        "FID" : 10,
        "PMNTN_SN" : 48,
        "MNTN_CODE" : "301106204",
        "MNTN_NM" : "175고지",
        "PMNTN_NM" : "이사동학고개1길-이사동주랭길구간",
        "PMNTN_MAIN" : " ",
        "PMNTN_LT" : 0.1,
        "PMNTN_DFFL" : "쉬움",
        "PMNTN_UPPL" : 2,
        "PMNTN_GODN" : 1,
        "PMNTN_MTRQ" : "황토/마사토",
        "PMNTN_CNRL" : " ",
        "PMNTN_CLS_" : " ",
        "PMNTN_RISK" : " ",
        "PMNTN_RECO" : " ",
        "DATA_STDR_" : "2016-12-31",
        "MNTN_ID" : "301106204"
      },
      "geometry" : {
        "paths" : [
          [
            [
              239910.50760000106,
              410025.38759999909
            ],
            [
              239904.38970000017,
              410026.7825000044
            ],
            [
              239897.63500000164,
              410041.47070000134
            ],
            [
              239885.30660000071,
              410051.16890000179
            ],
            [
              239872.88550000265,
              410060.37739999965
            ],
            [
              239870.07290000003,
              410072.49440000392
            ],
            [
              239881.67220000084,
              410104.50530000031
            ]
          ]
        ]
      }
    },
    {
      "attributes" : {
        "FID" : 11,
        "PMNTN_SN" : 49,
        "MNTN_CODE" : "301106204",
        "MNTN_NM" : "175고지",
        "PMNTN_NM" : "이사동구간",
        "PMNTN_MAIN" : "송각사",
        "PMNTN_LT" : 0.17,
        "PMNTN_DFFL" : "쉬움",
        "PMNTN_UPPL" : 3,
        "PMNTN_GODN" : 2,
        "PMNTN_MTRQ" : "황토/마사토",
        "PMNTN_CNRL" : " ",
        "PMNTN_CLS_" : " ",
        "PMNTN_RISK" : " ",
        "PMNTN_RECO" : " ",
        "DATA_STDR_" : "2016-12-31",
        "MNTN_ID" : "301106204"
      },
      "geometry" : {
        "paths" : [
          [
            [
              239911.99469999969,
              409942.00579999946
            ],
            [
              239917.70949999895,
              409929.84830000252
            ],
            [
              239925.20549999923,
              409926.78150000237
            ],
            [
              239936.0905000018,
              409928.82139999978
            ],
            [
              239942.69940000027,
              409931.59439999983
            ],
            [
              239949.71280000173,
              409926.31760000437
            ],
            [
              239955.79030000139,
              409936.25689999945
            ],
            [
              239954.11910000257,
              409950.033400001
            ],
            [
              239953.52400000114,
              409965.12630000152
            ],
            [
              239944.49010000005,
              409976.81870000064
            ],
            [
              239939.88640000299,
              409992.88480000198
            ],
            [
              239928.6082000006,
              409997.41420000046
            ],
            [
              239921.36010000203,
              410002.90230000019
            ],
            [
              239910.50760000106,
              410025.38759999909
            ]
          ]
        ]
      }
    },
    {
      "attributes" : {
        "FID" : 12,
        "PMNTN_SN" : 50,
        "MNTN_CODE" : "301106204",
        "MNTN_NM" : "175고지",
        "PMNTN_NM" : "이사동구간",
        "PMNTN_MAIN" : " ",
        "PMNTN_LT" : 0.23,
        "PMNTN_DFFL" : "쉬움",
        "PMNTN_UPPL" : 4,
        "PMNTN_GODN" : 3,
        "PMNTN_MTRQ" : "황토/마사토",
        "PMNTN_CNRL" : " ",
        "PMNTN_CLS_" : " ",
        "PMNTN_RISK" : " ",
        "PMNTN_RECO" : " ",
        "DATA_STDR_" : "2016-12-31",
        "MNTN_ID" : "301106204"
      },
      "geometry" : {
        "paths" : [
          [
            [
              239668.44340000022,
              409916.77460000105
            ],
            [
              239668.40150000062,
              409925.98469999991
            ],
            [
              239677.36860000063,
              409929.68740000203
            ],
            [
              239681.75950000156,
              409951.90090000071
            ],
            [
              239672.63250000123,
              409983.37420000136
            ],
            [
              239690.49080000352,
              410007.42450000159
            ],
            [
              239694.79730000068,
              410048.16919999942
            ],
            [
              239688.69400000013,
              410066.67310000211
            ],
            [
              239678.16660000104,
              410070.28710000031
            ],
            [
              239685.57800000254,
              410099.94920000248
            ],
            [
              239695.9907999998,
              410101.77210000157
            ],
            [
              239700.44020000007,
              410111.1136000026
            ]
          ]
        ]
      }
    },
    {
      "attributes" : {
        "FID" : 13,
        "PMNTN_SN" : 51,
        "MNTN_CODE" : "301106204",
        "MNTN_NM" : "175고지",
        "PMNTN_NM" : "이사동구간",
        "PMNTN_MAIN" : " ",
        "PMNTN_LT" : 0.11,
        "PMNTN_DFFL" : "쉬움",
        "PMNTN_UPPL" : 2,
        "PMNTN_GODN" : 1,
        "PMNTN_MTRQ" : " ",
        "PMNTN_CNRL" : " ",
        "PMNTN_CLS_" : " ",
        "PMNTN_RISK" : " ",
        "PMNTN_RECO" : " ",
        "DATA_STDR_" : "2016-12-31",
        "MNTN_ID" : "301106204"
      },
      "geometry" : {
        "paths" : [
          [
            [
              239922.20980000403,
              410671.75340000167
            ],
            [
              239939.25760000013,
              410686.31570000201
            ],
            [
              239974.30680000037,
              410763.01370000094
            ]
          ]
        ]
      }
    },
    {
      "attributes" : {
        "FID" : 14,
        "PMNTN_SN" : 52,
        "MNTN_CODE" : "301106204",
        "MNTN_NM" : "175고지",
        "PMNTN_NM" : "이사동구간",
        "PMNTN_MAIN" : " ",
        "PMNTN_LT" : 0.27,
        "PMNTN_DFFL" : "쉬움",
        "PMNTN_UPPL" : 5,
        "PMNTN_GODN" : 3,
        "PMNTN_MTRQ" : " ",
        "PMNTN_CNRL" : " ",
        "PMNTN_CLS_" : " ",
        "PMNTN_RISK" : " ",
        "PMNTN_RECO" : " ",
        "DATA_STDR_" : "2016-12-31",
        "MNTN_ID" : "301106204"
      },
      "geometry" : {
        "paths" : [
          [
            [
              239822.02979999967,
              410097.79779999889
            ],
            [
              239841.40680000372,
              410069.14460000023
            ],
            [
              239850.41579999961,
              410063.63729999959
            ],
            [
              239844.53160000127,
              410034.09310000204
            ],
            [
              239832.65930000041,
              410017.39370000176
            ],
            [
              239828.26070000138,
              409996.95550000109
            ],
            [
              239832.72979999986,
              409957.23920000158
            ],
            [
              239831.6763000004,
              409940.30269999988
            ],
            [
              239833.18100000359,
              409926.70299999975
            ],
            [
              239834.43360000104,
              409912.92489999905
            ],
            [
              239846.27240000013,
              409904.52070000395
            ],
            [
              239869.10060000047,
              409894.46480000019
            ],
            [
              239890.70210000407,
              409894.05370000191
            ],
            [
              239902.25210000202,
              409895.64820000157
            ]
          ]
        ]
      }
    },
    {
      "attributes" : {
        "FID" : 15,
        "PMNTN_SN" : 53,
        "MNTN_CODE" : "301106204",
        "MNTN_NM" : "175고지",
        "PMNTN_NM" : "학고개-이사동구간",
        "PMNTN_MAIN" : " ",
        "PMNTN_LT" : 0.38,
        "PMNTN_DFFL" : "쉬움",
        "PMNTN_UPPL" : 7,
        "PMNTN_GODN" : 5,
        "PMNTN_MTRQ" : "황토/마사토",
        "PMNTN_CNRL" : " ",
        "PMNTN_CLS_" : " ",
        "PMNTN_RISK" : " ",
        "PMNTN_RECO" : " ",
        "DATA_STDR_" : "2016-12-31",
        "MNTN_ID" : "301106204"
      },
      "geometry" : {
        "paths" : [
          [
            [
              239564.8395999996,
              410174.18139999919
            ],
            [
              239552.05289999861,
              410145.505400002
            ],
            [
              239520.7276999997,
              410119.50800000131
            ],
            [
              239510.38219999988,
              410102.81600000151
            ],
            [
              239519.44969999976,
              410084.3254000023
            ],
            [
              239508.98060000315,
              410075.06770000421
            ],
            [
              239505.97430000175,
              410084.26440000162
            ],
            [
              239485.0698000025,
              410058.31430000253
            ],
            [
              239512.16280000098,
              410027.03310000151
            ],
            [
              239527.33339999989,
              409990.03859999962
            ],
            [
              239540.73340000212,
              410006.74450000189
            ],
            [
              239569.34540000185,
              409977.35680000111
            ],
            [
              239608.27850000374,
              409970.09860000014
            ],
            [
              239606.79310000036,
              409960.88159999996
            ],
            [
              239615.80200000014,
              409955.37410000153
            ],
            [
              239618.90680000093,
              409944.29140000232
            ]
          ]
        ]
      }
    },
    {
      "attributes" : {
        "FID" : 16,
        "PMNTN_SN" : 54,
        "MNTN_CODE" : "301106204",
        "MNTN_NM" : "175고지",
        "PMNTN_NM" : "이사동구간",
        "PMNTN_MAIN" : " ",
        "PMNTN_LT" : 0.59,
        "PMNTN_DFFL" : "쉬움",
        "PMNTN_UPPL" : 10,
        "PMNTN_GODN" : 7,
        "PMNTN_MTRQ" : " ",
        "PMNTN_CNRL" : " ",
        "PMNTN_CLS_" : " ",
        "PMNTN_RISK" : " ",
        "PMNTN_RECO" : " ",
        "DATA_STDR_" : "2016-12-31",
        "MNTN_ID" : "301106204"
      },
      "geometry" : {
        "paths" : [
          [
            [
              239922.20980000403,
              410671.75340000167
            ],
            [
              239918.47829999961,
              410632.19780000113
            ],
            [
              239915.97320000175,
              410614.39240000024
            ],
            [
              239914.37289999984,
              410598.56560000405
            ],
            [
              239910.62760000397,
              410585.96100000106
            ],
            [
              239909.80560000055,
              410568.7042999994
            ],
            [
              239909.61010000017,
              410553.94830000401
            ],
            [
              239906.62890000083,
              410539.92679999955
            ],
            [
              239900.80840000045,
              410528.82220000029
            ],
            [
              239897.38310000394,
              410521.48589999974
            ],
            [
              239895.58559999894,
              410508.17190000042
            ],
            [
              239895.84839999955,
              410488.31750000268
            ],
            [
              239890.23350000102,
              410469.95199999958
            ],
            [
              239884.02190000098,
              410446.83840000257
            ],
            [
              239876.29940000083,
              410432.03640000336
            ],
            [
              239872.85240000021,
              410419.18080000393
            ],
            [
              239867.9896000009,
              410407.57209999859
            ],
            [
              239867.9000000013,
              410398.50400000252
            ],
            [
              239873.03369999956,
              410388.0251000002
            ],
            [
              239877.06430000346,
              410374.29540000111
            ],
            [
              239874.21220000368,
              410362.22819999978
            ],
            [
              239867.33600000106,
              410338.10650000162
            ],
            [
              239863.2226000037,
              410326.24609999917
            ],
            [
              239863.14160000067,
              410309.39780000038
            ],
            [
              239856.48230000027,
              410291.6203000024
            ],
            [
              239852.51600000262,
              410269.43920000084
            ],
            [
              239850.06090000179,
              410245.28260000236
            ],
            [
              239848.97319999989,
              410221.01620000042
            ],
            [
              239845.45000000019,
              410207.80240000598
            ],
            [
              239847.8600000022,
              410190.64919999987
            ],
            [
              239853.94910000078,
              410171.92190000229
            ],
            [
              239861.74170000199,
              410160.56389999948
            ],
            [
              239869.84750000108,
              410149.79940000176
            ],
            [
              239877.69039999973,
              410136.88180000149
            ],
            [
              239877.25480000116,
              410123.49110000022
            ],
            [
              239878.72810000274,
              410112.36680000275
            ],
            [
              239881.67220000084,
              410104.50530000031
            ]
          ]
        ]
      }
    },
    {
      "attributes" : {
        "FID" : 17,
        "PMNTN_SN" : 55,
        "MNTN_CODE" : "301106204",
        "MNTN_NM" : "175고지",
        "PMNTN_NM" : "이사동학고개1길-이사동주랭길구간",
        "PMNTN_MAIN" : " ",
        "PMNTN_LT" : 0.06,
        "PMNTN_DFFL" : "쉬움",
        "PMNTN_UPPL" : 1,
        "PMNTN_GODN" : 1,
        "PMNTN_MTRQ" : "황토/마사토",
        "PMNTN_CNRL" : " ",
        "PMNTN_CLS_" : " ",
        "PMNTN_RISK" : " ",
        "PMNTN_RECO" : " ",
        "DATA_STDR_" : "2016-12-31",
        "MNTN_ID" : "301106204"
      },
      "geometry" : {
        "paths" : [
          [
            [
              240376.66470000055,
              410632.44510000199
            ],
            [
              240358.43750000186,
              410609.71519999951
            ],
            [
              240354.04870000016,
              410587.50130000152
            ],
            [
              240345.31470000185,
              410578.92240000144
            ]
          ]
        ]
      }
    },
    {
      "attributes" : {
        "FID" : 18,
        "PMNTN_SN" : 56,
        "MNTN_CODE" : "301106204",
        "MNTN_NM" : "175고지",
        "PMNTN_NM" : "이사동학고개1길-이사동주랭길구간",
        "PMNTN_MAIN" : " ",
        "PMNTN_LT" : 0.38,
        "PMNTN_DFFL" : "쉬움",
        "PMNTN_UPPL" : 7,
        "PMNTN_GODN" : 5,
        "PMNTN_MTRQ" : "황토/마사토",
        "PMNTN_CNRL" : " ",
        "PMNTN_CLS_" : " ",
        "PMNTN_RISK" : " ",
        "PMNTN_RECO" : " ",
        "DATA_STDR_" : "2016-12-31",
        "MNTN_ID" : "301106204"
      },
      "geometry" : {
        "paths" : [
          [
            [
              240626.9682,
              410656.13360000215
            ],
            [
              240612.61720000114,
              410664.16169999912
            ],
            [
              240598.96830000076,
              410671.77109999768
            ],
            [
              240586.6400000006,
              410677.14820000343
            ],
            [
              240565.50179999974,
              410680.05000000261
            ],
            [
              240531.83420000132,
              410682.64839999937
            ],
            [
              240522.82540000044,
              410688.1548999995
            ],
            [
              240516.7723000003,
              410695.56159999967
            ],
            [
              240513.70150000043,
              410712.43969999999
            ],
            [
              240516.56230000127,
              410727.94810000062
            ],
            [
              240513.52919999883,
              410740.09660000354
            ],
            [
              240506.23680000193,
              410750.47810000181
            ],
            [
              240495.03220000211,
              410751.29170000367
            ],
            [
              240484.38470000029,
              410749.77940000035
            ],
            [
              240476.83720000088,
              410744.15080000088
            ],
            [
              240464.99390000291,
              410744.88200000487
            ],
            [
              240451.30950000416,
              410726.4699000027
            ],
            [
              240445.3740000017,
              410723.658400001
            ],
            [
              240432.83289999887,
              410722.9141000025
            ],
            [
              240414.80780000053,
              410713.65600000322
            ],
            [
              240399.95960000157,
              410702.45460000448
            ],
            [
              240377.39320000075,
              410649.2435999997
            ],
            [
              240376.66470000055,
              410632.44510000199
            ]
          ]
        ]
      }
    },
    {
      "attributes" : {
        "FID" : 19,
        "PMNTN_SN" : 57,
        "MNTN_CODE" : "301106204",
        "MNTN_NM" : "175고지",
        "PMNTN_NM" : "이사동구간",
        "PMNTN_MAIN" : " ",
        "PMNTN_LT" : 0.28,
        "PMNTN_DFFL" : "쉬움",
        "PMNTN_UPPL" : 5,
        "PMNTN_GODN" : 3,
        "PMNTN_MTRQ" : " ",
        "PMNTN_CNRL" : " ",
        "PMNTN_CLS_" : " ",
        "PMNTN_RISK" : " ",
        "PMNTN_RECO" : " ",
        "DATA_STDR_" : "2016-12-31",
        "MNTN_ID" : "301106204"
      },
      "geometry" : {
        "paths" : [
          [
            [
              240376.66470000055,
              410632.44510000199
            ],
            [
              240380.85200000368,
              410619.14020000212
            ],
            [
              240409.46539999917,
              410589.6443000026
            ],
            [
              240422.71050000098,
              410582.83760000207
            ],
            [
              240433.79690000042,
              410585.84139999934
            ],
            [
              240452.78630000167,
              410575.38480000012
            ],
            [
              240472.62370000128,
              410573.03730000183
            ],
            [
              240485.14700000267,
              410571.41669999994
            ],
            [
              240488.54500000086,
              410566.71019999869
            ],
            [
              240480.20309999958,
              410550.90530000255
            ],
            [
              240503.86720000021,
              410539.78210000508
            ],
            [
              240525.67200000118,
              410518.58070000075
            ],
            [
              240539.63680000417,
              410508.84050000273
            ],
            [
              240552.40710000135,
              410505.95460000262
            ],
            [
              240569.84270000365,
              410498.53339999914
            ],
            [
              240580.16580000333,
              410494.78060000204
            ]
          ]
        ]
      }
    },
    {
      "attributes" : {
        "FID" : 20,
        "PMNTN_SN" : 58,
        "MNTN_CODE" : "301106204",
        "MNTN_NM" : "175고지",
        "PMNTN_NM" : "이사동구간",
        "PMNTN_MAIN" : " ",
        "PMNTN_LT" : 0.42,
        "PMNTN_DFFL" : "쉬움",
        "PMNTN_UPPL" : 7,
        "PMNTN_GODN" : 5,
        "PMNTN_MTRQ" : " ",
        "PMNTN_CNRL" : " ",
        "PMNTN_CLS_" : " ",
        "PMNTN_RISK" : " ",
        "PMNTN_RECO" : " ",
        "DATA_STDR_" : "2016-12-31",
        "MNTN_ID" : "301106204"
      },
      "geometry" : {
        "paths" : [
          [
            [
              240491.80659999978,
              410268.21930000186
            ],
            [
              240494.72840000317,
              410277.44320000149
            ],
            [
              240479.14500000048,
              410289.89970000088
            ],
            [
              240469.6018000003,
              410287.93300000206
            ],
            [
              240458.18120000046,
              410288.85470000282
            ],
            [
              240448.96050000191,
              410294.06850000471
            ],
            [
              240446.62840000074,
              410306.86540000141
            ],
            [
              240455.66720000096,
              410312.43869999982
            ],
            [
              240461.45450000372,
              410325.55040000193
            ],
            [
              240459.40859999973,
              410338.84210000187
            ],
            [
              240453.88510000054,
              410351.01839999855
            ],
            [
              240444.97620000225,
              410369.48270000331
            ],
            [
              240431.24870000314,
              410374.46740000136
            ],
            [
              240402.79320000112,
              410389.09430000186
            ],
            [
              240369.37739999965,
              410418.91670000367
            ],
            [
              240358.05310000014,
              410438.14920000359
            ],
            [
              240342.66580000054,
              410465.38400000148
            ],
            [
              240335.28940000106,
              410487.4996000044
            ],
            [
              240334.945600003,
              410506.25470000133
            ],
            [
              240330.64020000212,
              410521.03419999965
            ],
            [
              240325.33310000319,
              410529.68119999953
            ],
            [
              240323.53770000022,
              410541.17830000259
            ],
            [
              240334.01820000168,
              410555.48930000328
            ],
            [
              240342.19280000217,
              410559.50020000152
            ],
            [
              240347.93869999982,
              410568.38650000468
            ],
            [
              240345.31470000185,
              410578.92240000144
            ]
          ]
        ]
      }
    },
    {
      "attributes" : {
        "FID" : 21,
        "PMNTN_SN" : 59,
        "MNTN_CODE" : "301106204",
        "MNTN_NM" : "175고지",
        "PMNTN_NM" : "이사동구간",
        "PMNTN_MAIN" : " ",
        "PMNTN_LT" : 0.15,
        "PMNTN_DFFL" : "쉬움",
        "PMNTN_UPPL" : 3,
        "PMNTN_GODN" : 2,
        "PMNTN_MTRQ" : " ",
        "PMNTN_CNRL" : " ",
        "PMNTN_CLS_" : " ",
        "PMNTN_RISK" : " ",
        "PMNTN_RECO" : " ",
        "DATA_STDR_" : "2016-12-31",
        "MNTN_ID" : "301106204"
      },
      "geometry" : {
        "paths" : [
          [
            [
              239700.44020000007,
              410111.1136000026
            ],
            [
              239607.36319999956,
              410171.72280000709
            ],
            [
              239586.40649999864,
              410177.17600000463
            ],
            [
              239564.8395999996,
              410174.18139999919
            ]
          ]
        ]
      }
    },
    {
      "attributes" : {
        "FID" : 22,
        "PMNTN_SN" : 60,
        "MNTN_CODE" : "301106204",
        "MNTN_NM" : "175고지",
        "PMNTN_NM" : "이사동구간",
        "PMNTN_MAIN" : " ",
        "PMNTN_LT" : 0.05,
        "PMNTN_DFFL" : "쉬움",
        "PMNTN_UPPL" : 1,
        "PMNTN_GODN" : 1,
        "PMNTN_MTRQ" : " ",
        "PMNTN_CNRL" : " ",
        "PMNTN_CLS_" : " ",
        "PMNTN_RISK" : " ",
        "PMNTN_RECO" : " ",
        "DATA_STDR_" : "2016-12-31",
        "MNTN_ID" : "301106204"
      },
      "geometry" : {
        "paths" : [
          [
            [
              239902.25210000202,
              409895.64820000157
            ],
            [
              239911.99469999969,
              409942.00579999946
            ]
          ]
        ]
      }
    }
  ]
}