{
  "displayFieldName" : "",
  "fieldAliases" : {
    "FID" : "FID",
    "PMNTN_SPOT" : "PMNTN_SPOT",
    "MNTN_CODE" : "MNTN_CODE",
    "MANAGE_SP1" : "MANAGE_SP1",
    "MANAGE_SP2" : "MANAGE_SP2",
    "DETAIL_SPO" : "DETAIL_SPO",
    "ETC_MATTER" : "ETC_MATTER",
    "MNTN_NM" : "MNTN_NM",
    "PAST_SPOT_" : "PAST_SPOT_",
    "MNTN_ID" : "MNTN_ID"
  },
  "geometryType" : "esriGeometryPoint",
  "spatialReference" : {
    "wkt" : "PROJCS[\"PCS_ITRF2000_TM\",GEOGCS[\"GCS_ITRF_2000\",DATUM[\"D_ITRF_2000\",SPHEROID[\"GRS_1980\",6378137.0,298.257222101]],PRIMEM[\"Greenwich\",0.0],UNIT[\"Degree\",0.0174532925199433]],PROJECTION[\"Transverse_Mercator\"],PARAMETER[\"False_Easting\",200000.0],PARAMETER[\"False_Northing\",600000.0],PARAMETER[\"Central_Meridian\",127.0],PARAMETER[\"Scale_Factor\",1.0],PARAMETER[\"Latitude_Of_Origin\",38.0],UNIT[\"Meter\",1.0]]"
  },
  "fields" : [
    {
      "name" : "FID",
      "type" : "esriFieldTypeOID",
      "alias" : "FID"
    },
    {
      "name" : "PMNTN_SPOT",
      "type" : "esriFieldTypeDouble",
      "alias" : "PMNTN_SPOT"
    },
    {
      "name" : "MNTN_CODE",
      "type" : "esriFieldTypeString",
      "alias" : "MNTN_CODE",
      "length" : 9
    },
    {
      "name" : "MANAGE_SP1",
      "type" : "esriFieldTypeString",
      "alias" : "MANAGE_SP1",
      "length" : 2
    },
    {
      "name" : "MANAGE_SP2",
      "type" : "esriFieldTypeString",
      "alias" : "MANAGE_SP2",
      "length" : 50
    },
    {
      "name" : "DETAIL_SPO",
      "type" : "esriFieldTypeString",
      "alias" : "DETAIL_SPO",
      "length" : 200
    },
    {
      "name" : "ETC_MATTER",
      "type" : "esriFieldTypeString",
      "alias" : "ETC_MATTER",
      "length" : 200
    },
    {
      "name" : "MNTN_NM",
      "type" : "esriFieldTypeString",
      "alias" : "MNTN_NM",
      "length" : 50
    },
    {
      "name" : "PAST_SPOT_",
      "type" : "esriFieldTypeString",
      "alias" : "PAST_SPOT_",
      "length" : 14
    },
    {
      "name" : "MNTN_ID",
      "type" : "esriFieldTypeString",
      "alias" : "MNTN_ID",
      "length" : 10
    }
  ],
  "features" : [
    {
      "attributes" : {
        "FID" : 0,
        "PMNTN_SPOT" : 42597,
        "MNTN_CODE" : "441801001",
        "MANAGE_SP1" : "01",
        "MANAGE_SP2" : "시종점",
        "DETAIL_SPO" : "시종점",
        "ETC_MATTER" : " ",
        "MNTN_NM" : "봉화산",
        "PAST_SPOT_" : "4418010010001",
        "MNTN_ID" : "441801001"
      },
      "geometry" : {
        "x" : 153651.92290000059,
        "y" : 433930.80069999956
      }
    },
    {
      "attributes" : {
        "FID" : 1,
        "PMNTN_SPOT" : 42598,
        "MNTN_CODE" : "441801001",
        "MANAGE_SP1" : "02",
        "MANAGE_SP2" : "분기점",
        "DETAIL_SPO" : "분기점",
        "ETC_MATTER" : " ",
        "MNTN_NM" : "봉화산",
        "PAST_SPOT_" : "4418010010002",
        "MNTN_ID" : "441801001"
      },
      "geometry" : {
        "x" : 153802.74179999996,
        "y" : 434161.05210000463
      }
    },
    {
      "attributes" : {
        "FID" : 2,
        "PMNTN_SPOT" : 42599,
        "MNTN_CODE" : "441801001",
        "MANAGE_SP1" : "01",
        "MANAGE_SP2" : "시종점",
        "DETAIL_SPO" : "시종점",
        "ETC_MATTER" : " ",
        "MNTN_NM" : "봉화산",
        "PAST_SPOT_" : "4418010010003",
        "MNTN_ID" : "441801001"
      },
      "geometry" : {
        "x" : 153832.18210000079,
        "y" : 434224.378800001
      }
    },
    {
      "attributes" : {
        "FID" : 3,
        "PMNTN_SPOT" : 42600,
        "MNTN_CODE" : "441801001",
        "MANAGE_SP1" : "01",
        "MANAGE_SP2" : "시종점",
        "DETAIL_SPO" : "시종점",
        "ETC_MATTER" : " ",
        "MNTN_NM" : "봉화산",
        "PAST_SPOT_" : "4418010010004",
        "MNTN_ID" : "441801001"
      },
      "geometry" : {
        "x" : 154457.51929999981,
        "y" : 433683.70480000414
      }
    },
    {
      "attributes" : {
        "FID" : 4,
        "PMNTN_SPOT" : 42601,
        "MNTN_CODE" : "441801001",
        "MANAGE_SP1" : "01",
        "MANAGE_SP2" : "시종점",
        "DETAIL_SPO" : "시종점",
        "ETC_MATTER" : " ",
        "MNTN_NM" : "봉화산",
        "PAST_SPOT_" : "4418010010005",
        "MNTN_ID" : "441801001"
      },
      "geometry" : {
        "x" : 155630.88270000089,
        "y" : 432428.02830000035
      }
    },
    {
      "attributes" : {
        "FID" : 5,
        "PMNTN_SPOT" : 42602,
        "MNTN_CODE" : "441801001",
        "MANAGE_SP1" : "01",
        "MANAGE_SP2" : "시종점",
        "DETAIL_SPO" : "시종점",
        "ETC_MATTER" : " ",
        "MNTN_NM" : "봉화산",
        "PAST_SPOT_" : "4418010010006",
        "MNTN_ID" : "441801001"
      },
      "geometry" : {
        "x" : 155729.10000000056,
        "y" : 433270.17760000005
      }
    },
    {
      "attributes" : {
        "FID" : 6,
        "PMNTN_SPOT" : 42603,
        "MNTN_CODE" : "441801001",
        "MANAGE_SP1" : "02",
        "MANAGE_SP2" : "분기점",
        "DETAIL_SPO" : "분기점",
        "ETC_MATTER" : " ",
        "MNTN_NM" : "봉화산",
        "PAST_SPOT_" : "4418010010007",
        "MNTN_ID" : "441801001"
      },
      "geometry" : {
        "x" : 155834.08923796564,
        "y" : 433367.23474147357
      }
    },
    {
      "attributes" : {
        "FID" : 7,
        "PMNTN_SPOT" : 42604,
        "MNTN_CODE" : "441801001",
        "MANAGE_SP1" : "02",
        "MANAGE_SP2" : "분기점",
        "DETAIL_SPO" : "분기점",
        "ETC_MATTER" : " ",
        "MNTN_NM" : "봉화산",
        "PAST_SPOT_" : "4418010010008",
        "MNTN_ID" : "441801001"
      },
      "geometry" : {
        "x" : 155846.02109999955,
        "y" : 433365.52089999989
      }
    },
    {
      "attributes" : {
        "FID" : 8,
        "PMNTN_SPOT" : 42605,
        "MNTN_CODE" : "441801001",
        "MANAGE_SP1" : "02",
        "MANAGE_SP2" : "분기점",
        "DETAIL_SPO" : "분기점",
        "ETC_MATTER" : " ",
        "MNTN_NM" : "봉화산",
        "PAST_SPOT_" : "4418010010009",
        "MNTN_ID" : "441801001"
      },
      "geometry" : {
        "x" : 155857.03770000022,
        "y" : 433220.44350000098
      }
    },
    {
      "attributes" : {
        "FID" : 9,
        "PMNTN_SPOT" : 42606,
        "MNTN_CODE" : "441801001",
        "MANAGE_SP1" : "01",
        "MANAGE_SP2" : "시종점",
        "DETAIL_SPO" : "시종점",
        "ETC_MATTER" : " ",
        "MNTN_NM" : "봉화산",
        "PAST_SPOT_" : "4418010010010",
        "MNTN_ID" : "441801001"
      },
      "geometry" : {
        "x" : 155890.31690000091,
        "y" : 433591.72610000148
      }
    },
    {
      "attributes" : {
        "FID" : 10,
        "PMNTN_SPOT" : 42607,
        "MNTN_CODE" : "441801001",
        "MANAGE_SP1" : "01",
        "MANAGE_SP2" : "시종점",
        "DETAIL_SPO" : "시종점",
        "ETC_MATTER" : " ",
        "MNTN_NM" : "봉화산",
        "PAST_SPOT_" : "4418010010011",
        "MNTN_ID" : "441801001"
      },
      "geometry" : {
        "x" : 156269.37360000052,
        "y" : 432954.84810000099
      }
    },
    {
      "attributes" : {
        "FID" : 11,
        "PMNTN_SPOT" : 42608,
        "MNTN_CODE" : "441801001",
        "MANAGE_SP1" : "01",
        "MANAGE_SP2" : "시종점",
        "DETAIL_SPO" : "시종점",
        "ETC_MATTER" : " ",
        "MNTN_NM" : "봉화산",
        "PAST_SPOT_" : "4418010010012",
        "MNTN_ID" : "441801001"
      },
      "geometry" : {
        "x" : 156352.14620000124,
        "y" : 433125.77630000003
      }
    },
    {
      "attributes" : {
        "FID" : 12,
        "PMNTN_SPOT" : 97086,
        "MNTN_CODE" : "441801001",
        "MANAGE_SP1" : "13",
        "MANAGE_SP2" : "유적(문화, 역사)",
        "DETAIL_SPO" : "6.25참전비",
        "ETC_MATTER" : " ",
        "MNTN_NM" : "봉화산",
        "PAST_SPOT_" : "4418010010013",
        "MNTN_ID" : "441801001"
      },
      "geometry" : {
        "x" : 156348.97609999939,
        "y" : 433126.28659999935
      }
    }
  ]
}