{
  "displayFieldName" : "",
  "fieldAliases" : {
    "FID" : "FID",
    "PMNTN_SN" : "PMNTN_SN",
    "MNTN_CODE" : "MNTN_CODE",
    "MNTN_NM" : "MNTN_NM",
    "PMNTN_NM" : "PMNTN_NM",
    "PMNTN_MAIN" : "PMNTN_MAIN",
    "PMNTN_LT" : "PMNTN_LT",
    "PMNTN_DFFL" : "PMNTN_DFFL",
    "PMNTN_UPPL" : "PMNTN_UPPL",
    "PMNTN_GODN" : "PMNTN_GODN",
    "PMNTN_MTRQ" : "PMNTN_MTRQ",
    "PMNTN_CNRL" : "PMNTN_CNRL",
    "PMNTN_CLS_" : "PMNTN_CLS_",
    "PMNTN_RISK" : "PMNTN_RISK",
    "PMNTN_RECO" : "PMNTN_RECO",
    "DATA_STDR_" : "DATA_STDR_",
    "MNTN_ID" : "MNTN_ID"
  },
  "geometryType" : "esriGeometryPolyline",
  "spatialReference" : {
    "wkt" : "PROJCS[\"PCS_ITRF2000_TM\",GEOGCS[\"GCS_ITRF_2000\",DATUM[\"D_ITRF_2000\",SPHEROID[\"GRS_1980\",6378137.0,298.257222101]],PRIMEM[\"Greenwich\",0.0],UNIT[\"Degree\",0.0174532925199433]],PROJECTION[\"Transverse_Mercator\"],PARAMETER[\"False_Easting\",200000.0],PARAMETER[\"False_Northing\",600000.0],PARAMETER[\"Central_Meridian\",127.0],PARAMETER[\"Scale_Factor\",1.0],PARAMETER[\"Latitude_Of_Origin\",38.0],UNIT[\"Meter\",1.0]]"
  },
  "fields" : [
    {
      "name" : "FID",
      "type" : "esriFieldTypeOID",
      "alias" : "FID"
    },
    {
      "name" : "PMNTN_SN",
      "type" : "esriFieldTypeDouble",
      "alias" : "PMNTN_SN"
    },
    {
      "name" : "MNTN_CODE",
      "type" : "esriFieldTypeString",
      "alias" : "MNTN_CODE",
      "length" : 9
    },
    {
      "name" : "MNTN_NM",
      "type" : "esriFieldTypeString",
      "alias" : "MNTN_NM",
      "length" : 50
    },
    {
      "name" : "PMNTN_NM",
      "type" : "esriFieldTypeString",
      "alias" : "PMNTN_NM",
      "length" : 50
    },
    {
      "name" : "PMNTN_MAIN",
      "type" : "esriFieldTypeString",
      "alias" : "PMNTN_MAIN",
      "length" : 200
    },
    {
      "name" : "PMNTN_LT",
      "type" : "esriFieldTypeSingle",
      "alias" : "PMNTN_LT"
    },
    {
      "name" : "PMNTN_DFFL",
      "type" : "esriFieldTypeString",
      "alias" : "PMNTN_DFFL",
      "length" : 8
    },
    {
      "name" : "PMNTN_UPPL",
      "type" : "esriFieldTypeDouble",
      "alias" : "PMNTN_UPPL"
    },
    {
      "name" : "PMNTN_GODN",
      "type" : "esriFieldTypeDouble",
      "alias" : "PMNTN_GODN"
    },
    {
      "name" : "PMNTN_MTRQ",
      "type" : "esriFieldTypeString",
      "alias" : "PMNTN_MTRQ",
      "length" : 200
    },
    {
      "name" : "PMNTN_CNRL",
      "type" : "esriFieldTypeString",
      "alias" : "PMNTN_CNRL",
      "length" : 1
    },
    {
      "name" : "PMNTN_CLS_",
      "type" : "esriFieldTypeString",
      "alias" : "PMNTN_CLS_",
      "length" : 1
    },
    {
      "name" : "PMNTN_RISK",
      "type" : "esriFieldTypeString",
      "alias" : "PMNTN_RISK",
      "length" : 200
    },
    {
      "name" : "PMNTN_RECO",
      "type" : "esriFieldTypeString",
      "alias" : "PMNTN_RECO",
      "length" : 1
    },
    {
      "name" : "DATA_STDR_",
      "type" : "esriFieldTypeString",
      "alias" : "DATA_STDR_",
      "length" : 10
    },
    {
      "name" : "MNTN_ID",
      "type" : "esriFieldTypeString",
      "alias" : "MNTN_ID",
      "length" : 10
    }
  ],
  "features" : [
    {
      "attributes" : {
        "FID" : 0,
        "PMNTN_SN" : 12562,
        "MNTN_CODE" : "301104101",
        "MNTN_NM" : "덤바위산",
        "PMNTN_NM" : "비룡동구간",
        "PMNTN_MAIN" : " ",
        "PMNTN_LT" : 1.34,
        "PMNTN_DFFL" : "쉬움",
        "PMNTN_UPPL" : 24,
        "PMNTN_GODN" : 17,
        "PMNTN_MTRQ" : " ",
        "PMNTN_CNRL" : " ",
        "PMNTN_CLS_" : " ",
        "PMNTN_RISK" : " ",
        "PMNTN_RECO" : " ",
        "DATA_STDR_" : "2016-12-31",
        "MNTN_ID" : "301104101"
      },
      "geometry" : {
        "paths" : [
          [
            [
              243746.80440000165,
              415909.28470000252
            ],
            [
              243721.61400000285,
              415901.67970000207
            ],
            [
              243712.99260000046,
              415888.31410000287
            ],
            [
              243698.97180000134,
              415877.58930000104
            ],
            [
              243688.82070000097,
              415870.93099999987
            ],
            [
              243671.05710000079,
              415860.70450000092
            ],
            [
              243651.53260000329,
              415841.11519999988
            ],
            [
              243632.22430000082,
              415824.37300000153
            ],
            [
              243624.82989999931,
              415824.24479999952
            ],
            [
              243620.18470000103,
              415826.19910000265
            ],
            [
              243617.62799999863,
              415837.19730000012
            ],
            [
              243619.39240000304,
              415850.00879999995
            ],
            [
              243620.03870000411,
              415855.82780000195
            ],
            [
              243604.70500000007,
              415876.30230000243
            ],
            [
              243585.45750000142,
              415894.49330000021
            ],
            [
              243566.54190000053,
              415915.43490000255
            ],
            [
              243550.11419999972,
              415928.08600000106
            ],
            [
              243537.9963000007,
              415933.31159999967
            ],
            [
              243524.44200000074,
              415933.7324000001
            ],
            [
              243519.7890000008,
              415933.85750000365
            ],
            [
              243512.14420000371,
              415937.53830000013
            ],
            [
              243505.26659999974,
              415944.32169999927
            ],
            [
              243482.57070000377,
              415980.70840000175
            ],
            [
              243461.65149999969,
              416011.76660000347
            ],
            [
              243456.26520000119,
              416013.71030000411
            ],
            [
              243455.68310000002,
              416009.7257000003
            ],
            [
              243461.9338000007,
              415988.33050000109
            ],
            [
              243463.87210000027,
              415971.56389999762
            ],
            [
              243463.41640000232,
              415951.34479999915
            ],
            [
              243458.0803000005,
              415931.94500000589
            ],
            [
              243453.33830000274,
              415926.29329999909
            ],
            [
              243447.27460000105,
              415923.78250000253
            ],
            [
              243439.02730000205,
              415925.21740000136
            ],
            [
              243414.3945999993,
              415933.22560000047
            ],
            [
              243385.4961000029,
              415942.04450000077
            ],
            [
              243372.44710000046,
              415945.77680000104
            ],
            [
              243359.99340000097,
              415948.35160000063
            ],
            [
              243331.31810000166,
              415951.18750000186
            ],
            [
              243315.84470000118,
              415950.40770000219
            ],
            [
              243309.05610000249,
              415947.28250000253
            ],
            [
              243305.41440000013,
              415935.59690000117
            ],
            [
              243304.26490000077,
              415922.1045000013
            ],
            [
              243307.09680000041,
              415904.20100000128
            ],
            [
              243326.48629999999,
              415869.9617999997
            ],
            [
              243337.88910000026,
              415849.9243999999
            ],
            [
              243342.96140000038,
              415839.47120000236
            ],
            [
              243344.86710000224,
              415829.48590000346
            ],
            [
              243346.33020000067,
              415805.0324000027
            ],
            [
              243344.60190000013,
              415782.32069999911
            ],
            [
              243336.80990000349,
              415759.89039999992
            ],
            [
              243325.56880000047,
              415742.3861999996
            ],
            [
              243319.7237000009,
              415736.9569000043
            ],
            [
              243313.15410000086,
              415735.45780000277
            ],
            [
              243299.46630000044,
              415736.07569999993
            ],
            [
              243295.04730000161,
              415733.86240000464
            ],
            [
              243292.35080000013,
              415730.15620000288
            ],
            [
              243294.69380000047,
              415723.58520000055
            ],
            [
              243298.28870000131,
              415719.3311999999
            ],
            [
              243310.77440000139,
              415702.88000000268
            ],
            [
              243314.13820000086,
              415689.80100000463
            ],
            [
              243311.48460000288,
              415679.23520000279
            ],
            [
              243304.41630000155,
              415667.49350000173
            ],
            [
              243303.39100000076,
              415654.89040000364
            ],
            [
              243306.90440000128,
              415641.46610000171
            ],
            [
              243306.96329999994,
              415627.47420000099
            ],
            [
              243304.56630000193,
              415603.34459999949
            ],
            [
              243300.23959999997,
              415580.37760000117
            ],
            [
              243293.59910000116,
              415555.73990000039
            ],
            [
              243286.60450000037,
              415537.0289000012
            ],
            [
              243278.53330000024,
              415519.82740000263
            ],
            [
              243266.84140000027,
              415498.79930000007
            ],
            [
              243264.54110000189,
              415490.63540000096
            ],
            [
              243265.77170000039,
              415481.33590000123
            ],
            [
              243273.72280000336,
              415441.37510000169
            ],
            [
              243274.54320000112,
              415430.690200001
            ],
            [
              243272.23380000144,
              415423.03879999928
            ],
            [
              243266.67160000093,
              415410.59549999982
            ],
            [
              243267.22590000089,
              415396.42540000007
            ],
            [
              243282.12330000196,
              415361.62209999934
            ],
            [
              243294.90020000096,
              415341.8590000011
            ]
          ]
        ]
      }
    },
    {
      "attributes" : {
        "FID" : 1,
        "PMNTN_SN" : 12563,
        "MNTN_CODE" : "301104101",
        "MNTN_NM" : "덤바위산",
        "PMNTN_NM" : "세천동구간",
        "PMNTN_MAIN" : " ",
        "PMNTN_LT" : 0.84,
        "PMNTN_DFFL" : "쉬움",
        "PMNTN_UPPL" : 15,
        "PMNTN_GODN" : 10,
        "PMNTN_MTRQ" : " ",
        "PMNTN_CNRL" : " ",
        "PMNTN_CLS_" : " ",
        "PMNTN_RISK" : " ",
        "PMNTN_RECO" : " ",
        "DATA_STDR_" : "2016-12-31",
        "MNTN_ID" : "301104101"
      },
      "geometry" : {
        "paths" : [
          [
            [
              244192.33459999971,
              416502.95189999975
            ],
            [
              244185.61170000397,
              416495.89520000294
            ],
            [
              244181.50230000261,
              416481.56750000268
            ],
            [
              244175.01590000279,
              416464.47190000303
            ],
            [
              244154.24060000107,
              416440.58899999969
            ],
            [
              244142.30780000053,
              416429.5895000007
            ],
            [
              244132.7273000041,
              416426.9355999995
            ],
            [
              244119.69930000044,
              416428.92329999991
            ],
            [
              244106.41270000208,
              416431.54629999958
            ],
            [
              244094.58410000056,
              416436.25620000251
            ],
            [
              244085.86670000292,
              416438.06780000031
            ],
            [
              244072.01150000095,
              416435.14499999955
            ],
            [
              244051.37620000262,
              416426.05890000425
            ],
            [
              244032.97180000041,
              416413.68799999915
            ],
            [
              244023.69419999979,
              416413.13990000263
            ],
            [
              244013.99630000349,
              416417.95590000227
            ],
            [
              243998.46969999932,
              416421.26470000483
            ],
            [
              243990.08340000361,
              416419.631500002
            ],
            [
              243983.72580000293,
              416416.62910000235
            ],
            [
              243979.40030000266,
              416410.59620000236
            ],
            [
              243970.50810000021,
              416404.44790000096
            ],
            [
              243968.99320000038,
              416399.33230000176
            ],
            [
              243968.79420000035,
              416392.84000000544
            ],
            [
              243969.55110000167,
              416382.43860000186
            ],
            [
              243967.58570000157,
              416368.03510000184
            ],
            [
              243951.24170000199,
              416351.30720000155
            ],
            [
              243945.29250000045,
              416338.29370000213
            ],
            [
              243926.0234000003,
              416314.11600000411
            ],
            [
              243921.59090000112,
              416302.99670000002
            ],
            [
              243914.13400000054,
              416286.31370000169
            ],
            [
              243894.89210000075,
              416256.69870000146
            ],
            [
              243880.02160000242,
              416232.54340000078
            ],
            [
              243869.63949999958,
              416208.41070000082
            ],
            [
              243859.30030000024,
              416193.59960000403
            ],
            [
              243850.44430000056,
              416169.47460000031
            ],
            [
              243842.23649999965,
              416155.19900000095
            ],
            [
              243833.09080000222,
              416141.30360000022
            ],
            [
              243820.64610000327,
              416132.37180000171
            ],
            [
              243817.72990000248,
              416123.14660000242
            ],
            [
              243814.87019999884,
              416102.71379999816
            ],
            [
              243797.04550000001,
              416076.76830000244
            ],
            [
              243782.19269999955,
              416048.95120000094
            ],
            [
              243782.34179999959,
              416019.32310000248
            ],
            [
              243773.47590000369,
              415997.08460000157
            ],
            [
              243754.1063000001,
              415974.79340000264
            ],
            [
              243751.27370000258,
              415948.92330000177
            ],
            [
              243746.83120000362,
              415939.69050000235
            ],
            [
              243750.97759999987,
              415918.51620000042
            ],
            [
              243746.80440000165,
              415909.28470000252
            ]
          ]
        ]
      }
    },
    {
      "attributes" : {
        "FID" : 2,
        "PMNTN_SN" : 12564,
        "MNTN_CODE" : "301104101",
        "MNTN_NM" : "덤바위산",
        "PMNTN_NM" : "세천동구간",
        "PMNTN_MAIN" : " ",
        "PMNTN_LT" : 0.5,
        "PMNTN_DFFL" : "쉬움",
        "PMNTN_UPPL" : 9,
        "PMNTN_GODN" : 6,
        "PMNTN_MTRQ" : " ",
        "PMNTN_CNRL" : " ",
        "PMNTN_CLS_" : " ",
        "PMNTN_RISK" : " ",
        "PMNTN_RECO" : " ",
        "DATA_STDR_" : "2016-12-31",
        "MNTN_ID" : "301104101"
      },
      "geometry" : {
        "paths" : [
          [
            [
              243746.80440000165,
              415909.28470000252
            ],
            [
              243746.80440000165,
              415909.28470000252
            ],
            [
              243750.82870000042,
              415895.80070000142
            ],
            [
              243766.25820000004,
              415896.93909999914
            ],
            [
              243781.94819999952,
              415893.59290000051
            ],
            [
              243784.01740000397,
              415884.82690000162
            ],
            [
              243790.49080000073,
              415880.65230000019
            ],
            [
              243803.49859999958,
              415877.42029999942
            ],
            [
              243817.96160000283,
              415886.06460000388
            ],
            [
              243845.84520000219,
              415888.36590000242
            ],
            [
              243859.2742000008,
              415895.86850000173
            ],
            [
              243893.57450000104,
              415912.68679999933
            ],
            [
              243908.53010000288,
              415920.08620000258
            ],
            [
              243935.41450000089,
              415929.43170000054
            ],
            [
              243959.34890000056,
              415936.98810000159
            ],
            [
              243972.81860000081,
              415936.4411999993
            ],
            [
              243990.7984000016,
              415931.59850000031
            ],
            [
              244001.0819000015,
              415932.2853000015
            ],
            [
              244005.3627999993,
              415943.60850000009
            ],
            [
              244018.97100000083,
              415939.82980000414
            ],
            [
              244031.7463000007,
              415942.66789999977
            ],
            [
              244038.25420000032,
              415952.6213000007
            ],
            [
              244054.54580000043,
              415956.45419999957
            ],
            [
              244081.02150000073,
              415959.25890000165
            ],
            [
              244088.58920000121,
              415963.83810000122
            ],
            [
              244090.69740000088,
              415989.47509999946
            ],
            [
              244122.88700000104,
              415993.59550000168
            ],
            [
              244159.55060000066,
              415998.21460000239
            ],
            [
              244174.96340000257,
              415996.45170000196
            ]
          ]
        ]
      }
    }
  ]
}