{
  "displayFieldName" : "",
  "fieldAliases" : {
    "FID" : "FID",
    "SAFE_SPOT1" : "SAFE_SPOT1",
    "SAFE_SPOT2" : "SAFE_SPOT2",
    "SAFE_SPOT3" : "SAFE_SPOT3",
    "MGC" : "MGC",
    "ETC_MATTER" : "ETC_MATTER",
    "MNTN_NM" : "MNTN_NM"
  },
  "geometryType" : "esriGeometryPoint",
  "spatialReference" : {
    "wkt" : "PROJCS[\"PCS_ITRF2000_TM\",GEOGCS[\"GCS_ITRF_2000\",DATUM[\"D_ITRF_2000\",SPHEROID[\"GRS_1980\",6378137.0,298.257222101]],PRIMEM[\"Greenwich\",0.0],UNIT[\"Degree\",0.0174532925199433]],PROJECTION[\"Transverse_Mercator\"],PARAMETER[\"False_Easting\",200000.0],PARAMETER[\"False_Northing\",600000.0],PARAMETER[\"Central_Meridian\",127.0],PARAMETER[\"Scale_Factor\",1.0],PARAMETER[\"Latitude_Of_Origin\",38.0],UNIT[\"Meter\",1.0]]"
  },
  "fields" : [
    {
      "name" : "FID",
      "type" : "esriFieldTypeOID",
      "alias" : "FID"
    },
    {
      "name" : "SAFE_SPOT1",
      "type" : "esriFieldTypeDouble",
      "alias" : "SAFE_SPOT1"
    },
    {
      "name" : "SAFE_SPOT2",
      "type" : "esriFieldTypeString",
      "alias" : "SAFE_SPOT2",
      "length" : 50
    },
    {
      "name" : "SAFE_SPOT3",
      "type" : "esriFieldTypeString",
      "alias" : "SAFE_SPOT3",
      "length" : 50
    },
    {
      "name" : "MGC",
      "type" : "esriFieldTypeString",
      "alias" : "MGC",
      "length" : 50
    },
    {
      "name" : "ETC_MATTER",
      "type" : "esriFieldTypeString",
      "alias" : "ETC_MATTER",
      "length" : 200
    },
    {
      "name" : "MNTN_NM",
      "type" : "esriFieldTypeString",
      "alias" : "MNTN_NM",
      "length" : 50
    }
  ],
  "features" : [
    {
      "attributes" : {
        "FID" : 0,
        "SAFE_SPOT1" : 5653,
        "SAFE_SPOT2" : "낙수제",
        "SAFE_SPOT3" : "3-2",
        "MGC" : "경기도 이천시",
        "ETC_MATTER" : " ",
        "MNTN_NM" : "원적산"
      },
      "geometry" : {
        "x" : 239878.58920000028,
        "y" : 527478.49990000017
      }
    },
    {
      "attributes" : {
        "FID" : 1,
        "SAFE_SPOT1" : 5654,
        "SAFE_SPOT2" : "영원사",
        "SAFE_SPOT3" : "1-1",
        "MGC" : "경기도 이천시",
        "ETC_MATTER" : " ",
        "MNTN_NM" : "원적산"
      },
      "geometry" : {
        "x" : 240967.15099999961,
        "y" : 528475.98910000175
      }
    },
    {
      "attributes" : {
        "FID" : 2,
        "SAFE_SPOT1" : 5655,
        "SAFE_SPOT2" : "5부능선",
        "SAFE_SPOT3" : "1-2",
        "MGC" : "경기도 이천시",
        "ETC_MATTER" : " ",
        "MNTN_NM" : "원적산"
      },
      "geometry" : {
        "x" : 240659.25040000025,
        "y" : 528753.06670000404
      }
    },
    {
      "attributes" : {
        "FID" : 3,
        "SAFE_SPOT1" : 5656,
        "SAFE_SPOT2" : "낙수재하산길",
        "SAFE_SPOT3" : "1-3",
        "MGC" : "경기도 이천시",
        "ETC_MATTER" : " ",
        "MNTN_NM" : "원적산"
      },
      "geometry" : {
        "x" : 239837.92340000067,
        "y" : 528203.05539999902
      }
    },
    {
      "attributes" : {
        "FID" : 4,
        "SAFE_SPOT1" : 5657,
        "SAFE_SPOT2" : "천덕봉정상",
        "SAFE_SPOT3" : "1-4",
        "MGC" : "경기도 이천시",
        "ETC_MATTER" : " ",
        "MNTN_NM" : "원적산"
      },
      "geometry" : {
        "x" : 239209.9896999998,
        "y" : 528904.86060000025
      }
    },
    {
      "attributes" : {
        "FID" : 5,
        "SAFE_SPOT1" : 5658,
        "SAFE_SPOT2" : "낙수재입구",
        "SAFE_SPOT3" : "3-1",
        "MGC" : "경기도 이천시",
        "ETC_MATTER" : " ",
        "MNTN_NM" : "원적산"
      },
      "geometry" : {
        "x" : 240113.32440000121,
        "y" : 527125.57140000351
      }
    }
  ]
}