{
  "displayFieldName" : "",
  "fieldAliases" : {
    "FID" : "FID",
    "PMNTN_SN" : "PMNTN_SN",
    "MNTN_CODE" : "MNTN_CODE",
    "MNTN_NM" : "MNTN_NM",
    "PMNTN_NM" : "PMNTN_NM",
    "PMNTN_MAIN" : "PMNTN_MAIN",
    "PMNTN_LT" : "PMNTN_LT",
    "PMNTN_DFFL" : "PMNTN_DFFL",
    "PMNTN_UPPL" : "PMNTN_UPPL",
    "PMNTN_GODN" : "PMNTN_GODN",
    "PMNTN_MTRQ" : "PMNTN_MTRQ",
    "PMNTN_CNRL" : "PMNTN_CNRL",
    "PMNTN_CLS_" : "PMNTN_CLS_",
    "PMNTN_RISK" : "PMNTN_RISK",
    "PMNTN_RECO" : "PMNTN_RECO",
    "DATA_STDR_" : "DATA_STDR_",
    "MNTN_ID" : "MNTN_ID"
  },
  "geometryType" : "esriGeometryPolyline",
  "spatialReference" : {
    "wkt" : "PROJCS[\"PCS_ITRF2000_TM\",GEOGCS[\"GCS_ITRF_2000\",DATUM[\"D_ITRF_2000\",SPHEROID[\"GRS_1980\",6378137.0,298.257222101]],PRIMEM[\"Greenwich\",0.0],UNIT[\"Degree\",0.0174532925199433]],PROJECTION[\"Transverse_Mercator\"],PARAMETER[\"False_Easting\",200000.0],PARAMETER[\"False_Northing\",600000.0],PARAMETER[\"Central_Meridian\",127.0],PARAMETER[\"Scale_Factor\",1.0],PARAMETER[\"Latitude_Of_Origin\",38.0],UNIT[\"Meter\",1.0]]"
  },
  "fields" : [
    {
      "name" : "FID",
      "type" : "esriFieldTypeOID",
      "alias" : "FID"
    },
    {
      "name" : "PMNTN_SN",
      "type" : "esriFieldTypeDouble",
      "alias" : "PMNTN_SN"
    },
    {
      "name" : "MNTN_CODE",
      "type" : "esriFieldTypeString",
      "alias" : "MNTN_CODE",
      "length" : 9
    },
    {
      "name" : "MNTN_NM",
      "type" : "esriFieldTypeString",
      "alias" : "MNTN_NM",
      "length" : 50
    },
    {
      "name" : "PMNTN_NM",
      "type" : "esriFieldTypeString",
      "alias" : "PMNTN_NM",
      "length" : 50
    },
    {
      "name" : "PMNTN_MAIN",
      "type" : "esriFieldTypeString",
      "alias" : "PMNTN_MAIN",
      "length" : 200
    },
    {
      "name" : "PMNTN_LT",
      "type" : "esriFieldTypeSingle",
      "alias" : "PMNTN_LT"
    },
    {
      "name" : "PMNTN_DFFL",
      "type" : "esriFieldTypeString",
      "alias" : "PMNTN_DFFL",
      "length" : 8
    },
    {
      "name" : "PMNTN_UPPL",
      "type" : "esriFieldTypeDouble",
      "alias" : "PMNTN_UPPL"
    },
    {
      "name" : "PMNTN_GODN",
      "type" : "esriFieldTypeDouble",
      "alias" : "PMNTN_GODN"
    },
    {
      "name" : "PMNTN_MTRQ",
      "type" : "esriFieldTypeString",
      "alias" : "PMNTN_MTRQ",
      "length" : 200
    },
    {
      "name" : "PMNTN_CNRL",
      "type" : "esriFieldTypeString",
      "alias" : "PMNTN_CNRL",
      "length" : 1
    },
    {
      "name" : "PMNTN_CLS_",
      "type" : "esriFieldTypeString",
      "alias" : "PMNTN_CLS_",
      "length" : 1
    },
    {
      "name" : "PMNTN_RISK",
      "type" : "esriFieldTypeString",
      "alias" : "PMNTN_RISK",
      "length" : 200
    },
    {
      "name" : "PMNTN_RECO",
      "type" : "esriFieldTypeString",
      "alias" : "PMNTN_RECO",
      "length" : 1
    },
    {
      "name" : "DATA_STDR_",
      "type" : "esriFieldTypeString",
      "alias" : "DATA_STDR_",
      "length" : 10
    },
    {
      "name" : "MNTN_ID",
      "type" : "esriFieldTypeString",
      "alias" : "MNTN_ID",
      "length" : 10
    }
  ],
  "features" : [
    {
      "attributes" : {
        "FID" : 0,
        "PMNTN_SN" : 5591,
        "MNTN_CODE" : "428305204",
        "MNTN_NM" : "구룡령옛길",
        "PMNTN_NM" : "명개리구간",
        "PMNTN_MAIN" : " ",
        "PMNTN_LT" : 1.06,
        "PMNTN_DFFL" : "쉬움",
        "PMNTN_UPPL" : 19,
        "PMNTN_GODN" : 13,
        "PMNTN_MTRQ" : " ",
        "PMNTN_CNRL" : " ",
        "PMNTN_CLS_" : " ",
        "PMNTN_RISK" : " ",
        "PMNTN_RECO" : " ",
        "DATA_STDR_" : "2016-12-31",
        "MNTN_ID" : "427200501"
      },
      "geometry" : {
        "paths" : [
          [
            [
              332562.14570000023,
              588448.5297000017
            ],
            [
              332571.79370000027,
              588391.20000000112
            ],
            [
              332587.61240000091,
              588364.83570000157
            ],
            [
              332615.2949000001,
              588349.01700000092
            ],
            [
              332632.43180000223,
              588320.01620000415
            ],
            [
              332656.15969999973,
              588280.46969999932
            ],
            [
              332678.56940000132,
              588233.0138000045
            ],
            [
              332702.29740000051,
              588204.01300000213
            ],
            [
              332735.25280000083,
              588182.9215000011
            ],
            [
              332781.39049999975,
              588138.10210000351
            ],
            [
              332830.16460000072,
              588106.46480000019
            ],
            [
              332863.12000000104,
              588059.00890000165
            ],
            [
              332871.02940000035,
              588007.59840000235
            ],
            [
              332882.89330000058,
              587969.37010000274
            ],
            [
              332910.57590000052,
              587915.32310000435
            ],
            [
              332950.12249999959,
              587852.04860000312
            ],
            [
              332971.21399999969,
              587818.43410000205
            ],
            [
              332998.89660000056,
              587799.31990000233
            ],
            [
              333026.5792000005,
              587783.50120000169
            ],
            [
              333044.51480000094,
              587766.50950000249
            ],
            [
              333051.62530000228,
              587759.77329999954
            ],
            [
              333059.53460000083,
              587724.18139999919
            ],
            [
              333091.17190000135,
              587701.77170000039
            ],
            [
              333129.40020000003,
              587678.04380000383
            ],
            [
              333157.74190000072,
              587673.4299999997
            ],
            [
              333183.44720000122,
              587687.27130000107
            ]
          ]
        ]
      }
    },
    {
      "attributes" : {
        "FID" : 1,
        "PMNTN_SN" : 5592,
        "MNTN_CODE" : "428305204",
        "MNTN_NM" : "구룡령옛길",
        "PMNTN_NM" : " ",
        "PMNTN_MAIN" : " ",
        "PMNTN_LT" : 0.7,
        "PMNTN_DFFL" : "쉬움",
        "PMNTN_UPPL" : 12,
        "PMNTN_GODN" : 9,
        "PMNTN_MTRQ" : " ",
        "PMNTN_CNRL" : " ",
        "PMNTN_CLS_" : " ",
        "PMNTN_RISK" : " ",
        "PMNTN_RECO" : " ",
        "DATA_STDR_" : "2016-12-31",
        "MNTN_ID" : "427200501"
      },
      "geometry" : {
        "paths" : [
          [
            [
              331954.79720000084,
              588415.37430000119
            ],
            [
              331955.98699999973,
              588415.48140000179
            ],
            [
              331993.75490000006,
              588418.88260000199
            ],
            [
              332088.00749999937,
              588410.97330000065
            ],
            [
              332131.50869999919,
              588424.15550000034
            ],
            [
              332181.60099999886,
              588450.51989999972
            ],
            [
              332250.80750000011,
              588504.56680000015
            ],
            [
              332292.33140000049,
              588515.11260000244
            ],
            [
              332318.69579999987,
              588542.79520000331
            ],
            [
              332347.69660000131,
              588537.52229999937
            ],
            [
              332372.13833923545,
              588518.92689457908
            ],
            [
              332398.17592737265,
              588514.68821743876
            ],
            [
              332427.04610000178,
              588524.0393000003
            ],
            [
              332441.2901000008,
              588529.61300000362
            ],
            [
              332504.56460000016,
              588508.52150000259
            ],
            [
              332541.47470000014,
              588497.9757000003
            ],
            [
              332562.14570000023,
              588448.5297000017
            ]
          ]
        ]
      }
    },
    {
      "attributes" : {
        "FID" : 2,
        "PMNTN_SN" : 5593,
        "MNTN_CODE" : "428305204",
        "MNTN_NM" : "구룡령옛길",
        "PMNTN_NM" : "갈천리구간",
        "PMNTN_MAIN" : " ",
        "PMNTN_LT" : 2.17,
        "PMNTN_DFFL" : "쉬움",
        "PMNTN_UPPL" : 81,
        "PMNTN_GODN" : 57,
        "PMNTN_MTRQ" : " ",
        "PMNTN_CNRL" : " ",
        "PMNTN_CLS_" : " ",
        "PMNTN_RISK" : " ",
        "PMNTN_RECO" : " ",
        "DATA_STDR_" : "2016-12-31",
        "MNTN_ID" : "428300601"
      },
      "geometry" : {
        "paths" : [
          [
            [
              332562.14570000023,
              588448.5297000017
            ],
            [
              332584.04970000032,
              588466.8506000042
            ],
            [
              332612.6520000007,
              588481.85800000094
            ],
            [
              332620.82650000136,
              588525.2509000022
            ],
            [
              332637.4692000011,
              588567.09019999951
            ],
            [
              332644.15249999985,
              588604.40500000119
            ],
            [
              332679.80169999972,
              588634.95580000058
            ],
            [
              332740.15590000059,
              588675.66499999911
            ],
            [
              332732.31510000117,
              588715.69830000028
            ],
            [
              332780.41780000087,
              588769.32050000131
            ],
            [
              332778.06149999984,
              588799.68090000004
            ],
            [
              332788.33070000075,
              588854.55330000073
            ],
            [
              332775.58710000012,
              588896.07259999961
            ],
            [
              332790.37550000008,
              588973.31289999746
            ],
            [
              332826.41009999998,
              589056.07799999975
            ],
            [
              332810.52159999963,
              589111.95820000023
            ],
            [
              332824.50310000032,
              589158.39829999954
            ],
            [
              332776.44230000209,
              589210.44800000265
            ],
            [
              332772.22169999965,
              589270.92769999988
            ],
            [
              332766.83210000023,
              589317.79230000079
            ],
            [
              332758.98190000094,
              589394.19519999996
            ],
            [
              332787.03030000068,
              589457.55929999985
            ],
            [
              332764.48149999976,
              589529.44549999945
            ],
            [
              332757.28870000131,
              589592.23589999974
            ],
            [
              332764.51090000011,
              589638.7137000002
            ],
            [
              332795.34030000027,
              589691.6528000012
            ],
            [
              332797.10450000037,
              589734.61960000172
            ],
            [
              332758.72920000181,
              589818.72940000147
            ],
            [
              332722.67089999933,
              589861.7575000003
            ],
            [
              332691.66030000057,
              589861.09180000238
            ],
            [
              332697.14980000071,
              589928.72100000083
            ],
            [
              332690.46410000045,
              589959.37400000356
            ],
            [
              332684.98959999904,
              589973.66530000046
            ],
            [
              332677.30580000021,
              589993.72400000133
            ],
            [
              332687.83939999994,
              590030.59180000052
            ],
            [
              332702.22320000175,
              590075.30540000089
            ],
            [
              332668.29700000118,
              590124.09640000202
            ],
            [
              332690.59160000179,
              590146.60380000249
            ],
            [
              332724.34449999966,
              590190.98420000076
            ],
            [
              332763.9486000007,
              590215.50709999911
            ],
            [
              332794.99509999994,
              590241.30759999901
            ],
            [
              332808.11670000106,
              590293.75720000267
            ],
            [
              332824.75210000109,
              590327.17580000125
            ]
          ]
        ]
      }
    }
  ]
}