{
  "displayFieldName" : "",
  "fieldAliases" : {
    "FID" : "FID",
    "SAFE_SPOT1" : "SAFE_SPOT1",
    "SAFE_SPOT2" : "SAFE_SPOT2",
    "SAFE_SPOT3" : "SAFE_SPOT3",
    "MGC" : "MGC",
    "ETC_MATTER" : "ETC_MATTER",
    "MNTN_NM" : "MNTN_NM"
  },
  "geometryType" : "esriGeometryPoint",
  "spatialReference" : {
    "wkt" : "PROJCS[\"PCS_ITRF2000_TM\",GEOGCS[\"GCS_ITRF_2000\",DATUM[\"D_ITRF_2000\",SPHEROID[\"GRS_1980\",6378137.0,298.257222101]],PRIMEM[\"Greenwich\",0.0],UNIT[\"Degree\",0.0174532925199433]],PROJECTION[\"Transverse_Mercator\"],PARAMETER[\"False_Easting\",200000.0],PARAMETER[\"False_Northing\",600000.0],PARAMETER[\"Central_Meridian\",127.0],PARAMETER[\"Scale_Factor\",1.0],PARAMETER[\"Latitude_Of_Origin\",38.0],UNIT[\"Meter\",1.0]]"
  },
  "fields" : [
    {
      "name" : "FID",
      "type" : "esriFieldTypeOID",
      "alias" : "FID"
    },
    {
      "name" : "SAFE_SPOT1",
      "type" : "esriFieldTypeDouble",
      "alias" : "SAFE_SPOT1"
    },
    {
      "name" : "SAFE_SPOT2",
      "type" : "esriFieldTypeString",
      "alias" : "SAFE_SPOT2",
      "length" : 50
    },
    {
      "name" : "SAFE_SPOT3",
      "type" : "esriFieldTypeString",
      "alias" : "SAFE_SPOT3",
      "length" : 50
    },
    {
      "name" : "MGC",
      "type" : "esriFieldTypeString",
      "alias" : "MGC",
      "length" : 50
    },
    {
      "name" : "ETC_MATTER",
      "type" : "esriFieldTypeString",
      "alias" : "ETC_MATTER",
      "length" : 200
    },
    {
      "name" : "MNTN_NM",
      "type" : "esriFieldTypeString",
      "alias" : "MNTN_NM",
      "length" : 50
    }
  ],
  "features" : [
    {
      "attributes" : {
        "FID" : 0,
        "SAFE_SPOT1" : 4677,
        "SAFE_SPOT2" : "국가지점번호판",
        "SAFE_SPOT3" : " ",
        "MGC" : "서천소방서",
        "ETC_MATTER" : " ",
        "MNTN_NM" : "희리산"
      },
      "geometry" : {
        "x" : 169530.78029999975,
        "y" : 389874.50260000303
      }
    },
    {
      "attributes" : {
        "FID" : 1,
        "SAFE_SPOT1" : 4678,
        "SAFE_SPOT2" : "국가지점번호판",
        "SAFE_SPOT3" : " ",
        "MGC" : "서천소방서",
        "ETC_MATTER" : " ",
        "MNTN_NM" : "희리산"
      },
      "geometry" : {
        "x" : 169357.01650000084,
        "y" : 390262.27430000156
      }
    },
    {
      "attributes" : {
        "FID" : 2,
        "SAFE_SPOT1" : 4679,
        "SAFE_SPOT2" : "국가지점번호판",
        "SAFE_SPOT3" : " ",
        "MGC" : "서천소방서",
        "ETC_MATTER" : " ",
        "MNTN_NM" : "희리산"
      },
      "geometry" : {
        "x" : 169521.71229999978,
        "y" : 390542.99670000002
      }
    },
    {
      "attributes" : {
        "FID" : 3,
        "SAFE_SPOT1" : 4680,
        "SAFE_SPOT2" : "국가지점번호판",
        "SAFE_SPOT3" : " ",
        "MGC" : "서천소방서",
        "ETC_MATTER" : " ",
        "MNTN_NM" : "희리산"
      },
      "geometry" : {
        "x" : 169759.01389999874,
        "y" : 390947.04680000246
      }
    },
    {
      "attributes" : {
        "FID" : 4,
        "SAFE_SPOT1" : 4681,
        "SAFE_SPOT2" : "국가지점번호판",
        "SAFE_SPOT3" : " ",
        "MGC" : "서천소방서",
        "ETC_MATTER" : " ",
        "MNTN_NM" : "희리산"
      },
      "geometry" : {
        "x" : 169825.3191000009,
        "y" : 390940.72120000236
      }
    },
    {
      "attributes" : {
        "FID" : 5,
        "SAFE_SPOT1" : 4682,
        "SAFE_SPOT2" : "국가지점번호판",
        "SAFE_SPOT3" : " ",
        "MGC" : "서천소방서",
        "ETC_MATTER" : " ",
        "MNTN_NM" : "희리산"
      },
      "geometry" : {
        "x" : 169944.51210000087,
        "y" : 391145.78990000114
      }
    },
    {
      "attributes" : {
        "FID" : 6,
        "SAFE_SPOT1" : 4683,
        "SAFE_SPOT2" : "국가지점번호판",
        "SAFE_SPOT3" : " ",
        "MGC" : "서천소방서",
        "ETC_MATTER" : " ",
        "MNTN_NM" : "희리산"
      },
      "geometry" : {
        "x" : 170153.34540000092,
        "y" : 391692.2928000018
      }
    },
    {
      "attributes" : {
        "FID" : 7,
        "SAFE_SPOT1" : 4684,
        "SAFE_SPOT2" : "국가지점번호판",
        "SAFE_SPOT3" : " ",
        "MGC" : "서천소방서",
        "ETC_MATTER" : " ",
        "MNTN_NM" : "희리산"
      },
      "geometry" : {
        "x" : 170218.24500000104,
        "y" : 391857.93990000151
      }
    },
    {
      "attributes" : {
        "FID" : 8,
        "SAFE_SPOT1" : 4685,
        "SAFE_SPOT2" : "국가지점번호판",
        "SAFE_SPOT3" : " ",
        "MGC" : "서천소방서",
        "ETC_MATTER" : " ",
        "MNTN_NM" : "희리산"
      },
      "geometry" : {
        "x" : 170421.94560000021,
        "y" : 392133.63040000387
      }
    },
    {
      "attributes" : {
        "FID" : 9,
        "SAFE_SPOT1" : 4686,
        "SAFE_SPOT2" : "국가지점번호판",
        "SAFE_SPOT3" : " ",
        "MGC" : "서천소방서",
        "ETC_MATTER" : " ",
        "MNTN_NM" : "희리산"
      },
      "geometry" : {
        "x" : 170534.1484000003,
        "y" : 392111.8666999992
      }
    },
    {
      "attributes" : {
        "FID" : 10,
        "SAFE_SPOT1" : 4687,
        "SAFE_SPOT2" : "국가지점번호판",
        "SAFE_SPOT3" : " ",
        "MGC" : "서천소방서",
        "ETC_MATTER" : " ",
        "MNTN_NM" : "희리산"
      },
      "geometry" : {
        "x" : 170510.57820000034,
        "y" : 391985.11209999956
      }
    },
    {
      "attributes" : {
        "FID" : 11,
        "SAFE_SPOT1" : 4688,
        "SAFE_SPOT2" : "국가지점번호판",
        "SAFE_SPOT3" : " ",
        "MGC" : "서천소방서",
        "ETC_MATTER" : " ",
        "MNTN_NM" : "희리산"
      },
      "geometry" : {
        "x" : 170818.62770000007,
        "y" : 391838.98260000162
      }
    },
    {
      "attributes" : {
        "FID" : 12,
        "SAFE_SPOT1" : 4689,
        "SAFE_SPOT2" : "국가지점번호판",
        "SAFE_SPOT3" : " ",
        "MGC" : "서천소방서",
        "ETC_MATTER" : " ",
        "MNTN_NM" : "희리산"
      },
      "geometry" : {
        "x" : 170900.80269999988,
        "y" : 391407.59290000238
      }
    },
    {
      "attributes" : {
        "FID" : 13,
        "SAFE_SPOT1" : 4690,
        "SAFE_SPOT2" : "국가지점번호판",
        "SAFE_SPOT3" : " ",
        "MGC" : "서천소방서",
        "ETC_MATTER" : " ",
        "MNTN_NM" : "희리산"
      },
      "geometry" : {
        "x" : 170653.50080000143,
        "y" : 390961.93450000137
      }
    },
    {
      "attributes" : {
        "FID" : 14,
        "SAFE_SPOT1" : 4691,
        "SAFE_SPOT2" : "국가지점번호판",
        "SAFE_SPOT3" : " ",
        "MGC" : "서천소방서",
        "ETC_MATTER" : " ",
        "MNTN_NM" : "희리산"
      },
      "geometry" : {
        "x" : 170686.03480000049,
        "y" : 390770.64870000258
      }
    },
    {
      "attributes" : {
        "FID" : 15,
        "SAFE_SPOT1" : 4692,
        "SAFE_SPOT2" : "국가지점번호판",
        "SAFE_SPOT3" : " ",
        "MGC" : "서천소방서",
        "ETC_MATTER" : " ",
        "MNTN_NM" : "희리산"
      },
      "geometry" : {
        "x" : 170381.92850000132,
        "y" : 390549.45080000162
      }
    },
    {
      "attributes" : {
        "FID" : 16,
        "SAFE_SPOT1" : 4693,
        "SAFE_SPOT2" : "국가지점번호판",
        "SAFE_SPOT3" : " ",
        "MGC" : "서천소방서",
        "ETC_MATTER" : " ",
        "MNTN_NM" : "희리산"
      },
      "geometry" : {
        "x" : 170065.23809999973,
        "y" : 390450.91110000201
      }
    },
    {
      "attributes" : {
        "FID" : 17,
        "SAFE_SPOT1" : 4694,
        "SAFE_SPOT2" : "국가지점번호판",
        "SAFE_SPOT3" : " ",
        "MGC" : "서천소방서",
        "ETC_MATTER" : " ",
        "MNTN_NM" : "희리산"
      },
      "geometry" : {
        "x" : 169981.13950000051,
        "y" : 390394.64200000092
      }
    },
    {
      "attributes" : {
        "FID" : 18,
        "SAFE_SPOT1" : 4695,
        "SAFE_SPOT2" : "국가지점번호판",
        "SAFE_SPOT3" : " ",
        "MGC" : "서천소방서",
        "ETC_MATTER" : " ",
        "MNTN_NM" : "희리산"
      },
      "geometry" : {
        "x" : 169939.59250000212,
        "y" : 390446.63509999961
      }
    },
    {
      "attributes" : {
        "FID" : 19,
        "SAFE_SPOT1" : 4696,
        "SAFE_SPOT2" : "국가지점번호판",
        "SAFE_SPOT3" : " ",
        "MGC" : "서천소방서",
        "ETC_MATTER" : " ",
        "MNTN_NM" : "희리산"
      },
      "geometry" : {
        "x" : 169806.78680000082,
        "y" : 390094.48890000209
      }
    },
    {
      "attributes" : {
        "FID" : 20,
        "SAFE_SPOT1" : 4728,
        "SAFE_SPOT2" : "헬리포트(장소협소 착륙불가)",
        "SAFE_SPOT3" : " ",
        "MGC" : "서천소방서",
        "ETC_MATTER" : " ",
        "MNTN_NM" : "희리산"
      },
      "geometry" : {
        "x" : 170890.8469000021,
        "y" : 391284.99029999971
      }
    }
  ]
}