{
  "displayFieldName" : "",
  "fieldAliases" : {
    "FID" : "FID",
    "PMNTN_SPOT" : "PMNTN_SPOT",
    "MNTN_CODE" : "MNTN_CODE",
    "MANAGE_SP1" : "MANAGE_SP1",
    "MANAGE_SP2" : "MANAGE_SP2",
    "DETAIL_SPO" : "DETAIL_SPO",
    "ETC_MATTER" : "ETC_MATTER",
    "MNTN_NM" : "MNTN_NM",
    "PAST_SPOT_" : "PAST_SPOT_",
    "MNTN_ID" : "MNTN_ID"
  },
  "geometryType" : "esriGeometryPoint",
  "spatialReference" : {
    "wkt" : "PROJCS[\"PCS_ITRF2000_TM\",GEOGCS[\"GCS_ITRF_2000\",DATUM[\"D_ITRF_2000\",SPHEROID[\"GRS_1980\",6378137.0,298.257222101]],PRIMEM[\"Greenwich\",0.0],UNIT[\"Degree\",0.0174532925199433]],PROJECTION[\"Transverse_Mercator\"],PARAMETER[\"False_Easting\",200000.0],PARAMETER[\"False_Northing\",600000.0],PARAMETER[\"Central_Meridian\",127.0],PARAMETER[\"Scale_Factor\",1.0],PARAMETER[\"Latitude_Of_Origin\",38.0],UNIT[\"Meter\",1.0]]"
  },
  "fields" : [
    {
      "name" : "FID",
      "type" : "esriFieldTypeOID",
      "alias" : "FID"
    },
    {
      "name" : "PMNTN_SPOT",
      "type" : "esriFieldTypeDouble",
      "alias" : "PMNTN_SPOT"
    },
    {
      "name" : "MNTN_CODE",
      "type" : "esriFieldTypeString",
      "alias" : "MNTN_CODE",
      "length" : 9
    },
    {
      "name" : "MANAGE_SP1",
      "type" : "esriFieldTypeString",
      "alias" : "MANAGE_SP1",
      "length" : 2
    },
    {
      "name" : "MANAGE_SP2",
      "type" : "esriFieldTypeString",
      "alias" : "MANAGE_SP2",
      "length" : 50
    },
    {
      "name" : "DETAIL_SPO",
      "type" : "esriFieldTypeString",
      "alias" : "DETAIL_SPO",
      "length" : 200
    },
    {
      "name" : "ETC_MATTER",
      "type" : "esriFieldTypeString",
      "alias" : "ETC_MATTER",
      "length" : 200
    },
    {
      "name" : "MNTN_NM",
      "type" : "esriFieldTypeString",
      "alias" : "MNTN_NM",
      "length" : 50
    },
    {
      "name" : "PAST_SPOT_",
      "type" : "esriFieldTypeString",
      "alias" : "PAST_SPOT_",
      "length" : 14
    },
    {
      "name" : "MNTN_ID",
      "type" : "esriFieldTypeString",
      "alias" : "MNTN_ID",
      "length" : 10
    }
  ],
  "features" : [
    {
      "attributes" : {
        "FID" : 0,
        "PMNTN_SPOT" : 544,
        "MNTN_CODE" : "462300101",
        "MANAGE_SP1" : "99",
        "MANAGE_SP2" : "기타",
        "DETAIL_SPO" : "기타",
        "ETC_MATTER" : " ",
        "MNTN_NM" : "가야산",
        "PAST_SPOT_" : "26049901000001",
        "MNTN_ID" : "2604990100"
      },
      "geometry" : {
        "x" : 264103.33830000181,
        "y" : 262710.47140000015
      }
    },
    {
      "attributes" : {
        "FID" : 1,
        "PMNTN_SPOT" : 545,
        "MNTN_CODE" : "462300101",
        "MANAGE_SP1" : "99",
        "MANAGE_SP2" : "기타",
        "DETAIL_SPO" : "돌계단끝,암반로 시작",
        "ETC_MATTER" : " ",
        "MNTN_NM" : "가야산",
        "PAST_SPOT_" : "26049901000002",
        "MNTN_ID" : "2604990100"
      },
      "geometry" : {
        "x" : 264448.20740000159,
        "y" : 261664.96859999932
      }
    },
    {
      "attributes" : {
        "FID" : 2,
        "PMNTN_SPOT" : 546,
        "MNTN_CODE" : "462300101",
        "MANAGE_SP1" : "99",
        "MANAGE_SP2" : "기타",
        "DETAIL_SPO" : "암반로 끝",
        "ETC_MATTER" : " ",
        "MNTN_NM" : "가야산",
        "PAST_SPOT_" : "26049901000003",
        "MNTN_ID" : "2604990100"
      },
      "geometry" : {
        "x" : 264446.66040000133,
        "y" : 261689.89230000228
      }
    },
    {
      "attributes" : {
        "FID" : 3,
        "PMNTN_SPOT" : 547,
        "MNTN_CODE" : "462300101",
        "MANAGE_SP1" : "07",
        "MANAGE_SP2" : "시설물(운동기구 등)",
        "DETAIL_SPO" : "체육시설",
        "ETC_MATTER" : " ",
        "MNTN_NM" : "가야산",
        "PAST_SPOT_" : "26049901000004",
        "MNTN_ID" : "2604990100"
      },
      "geometry" : {
        "x" : 264432.20889999904,
        "y" : 262585.98160000145
      }
    },
    {
      "attributes" : {
        "FID" : 4,
        "PMNTN_SPOT" : 548,
        "MNTN_CODE" : "462300101",
        "MANAGE_SP1" : "14",
        "MANAGE_SP2" : "조망점",
        "DETAIL_SPO" : "조망점",
        "ETC_MATTER" : " ",
        "MNTN_NM" : "가야산",
        "PAST_SPOT_" : "26049901000005",
        "MNTN_ID" : "2604990100"
      },
      "geometry" : {
        "x" : 264358.96630000323,
        "y" : 262712.58620000444
      }
    },
    {
      "attributes" : {
        "FID" : 5,
        "PMNTN_SPOT" : 549,
        "MNTN_CODE" : "462300101",
        "MANAGE_SP1" : "06",
        "MANAGE_SP2" : "음수대",
        "DETAIL_SPO" : "음수대",
        "ETC_MATTER" : " ",
        "MNTN_NM" : "가야산",
        "PAST_SPOT_" : "26049901000006",
        "MNTN_ID" : "2604990100"
      },
      "geometry" : {
        "x" : 264213.93660000339,
        "y" : 262871.00740000047
      }
    },
    {
      "attributes" : {
        "FID" : 6,
        "PMNTN_SPOT" : 550,
        "MNTN_CODE" : "462300101",
        "MANAGE_SP1" : "22",
        "MANAGE_SP2" : "헬기장",
        "DETAIL_SPO" : "헬기장,자연과모임의터(휴식공간)",
        "ETC_MATTER" : " ",
        "MNTN_NM" : "가야산",
        "PAST_SPOT_" : "26049901000007",
        "MNTN_ID" : "2604990100"
      },
      "geometry" : {
        "x" : 264134.13820000086,
        "y" : 262900.73589999974
      }
    },
    {
      "attributes" : {
        "FID" : 7,
        "PMNTN_SPOT" : 551,
        "MNTN_CODE" : "462300101",
        "MANAGE_SP1" : "14",
        "MANAGE_SP2" : "조망점",
        "DETAIL_SPO" : "조망점",
        "ETC_MATTER" : " ",
        "MNTN_NM" : "가야산",
        "PAST_SPOT_" : "26049901000008",
        "MNTN_ID" : "2604990100"
      },
      "geometry" : {
        "x" : 263545.62600000016,
        "y" : 263187.83540000208
      }
    },
    {
      "attributes" : {
        "FID" : 8,
        "PMNTN_SPOT" : 552,
        "MNTN_CODE" : "462300101",
        "MANAGE_SP1" : "99",
        "MANAGE_SP2" : "기타",
        "DETAIL_SPO" : "목계단구간",
        "ETC_MATTER" : " ",
        "MNTN_NM" : "가야산",
        "PAST_SPOT_" : "26049901000009",
        "MNTN_ID" : "2604990100"
      },
      "geometry" : {
        "x" : 263140.43800000194,
        "y" : 262733.26780000143
      }
    },
    {
      "attributes" : {
        "FID" : 9,
        "PMNTN_SPOT" : 553,
        "MNTN_CODE" : "462300101",
        "MANAGE_SP1" : "99",
        "MANAGE_SP2" : "기타",
        "DETAIL_SPO" : "목계단구간",
        "ETC_MATTER" : " ",
        "MNTN_NM" : "가야산",
        "PAST_SPOT_" : "26049901000010",
        "MNTN_ID" : "2604990100"
      },
      "geometry" : {
        "x" : 263170.88300000224,
        "y" : 262703.00410000049
      }
    },
    {
      "attributes" : {
        "FID" : 10,
        "PMNTN_SPOT" : 554,
        "MNTN_CODE" : "462300101",
        "MANAGE_SP1" : "99",
        "MANAGE_SP2" : "기타",
        "DETAIL_SPO" : "콘크리트 끝",
        "ETC_MATTER" : " ",
        "MNTN_NM" : "가야산",
        "PAST_SPOT_" : "26049901000011",
        "MNTN_ID" : "2604990100"
      },
      "geometry" : {
        "x" : 263198.65730000008,
        "y" : 262685.81309999898
      }
    },
    {
      "attributes" : {
        "FID" : 11,
        "PMNTN_SPOT" : 555,
        "MNTN_CODE" : "462300101",
        "MANAGE_SP1" : "99",
        "MANAGE_SP2" : "기타",
        "DETAIL_SPO" : "원각사(사찰)",
        "ETC_MATTER" : " ",
        "MNTN_NM" : "가야산",
        "PAST_SPOT_" : "26049901000012",
        "MNTN_ID" : "2604990100"
      },
      "geometry" : {
        "x" : 263169.76500000246,
        "y" : 262600.38350000046
      }
    },
    {
      "attributes" : {
        "FID" : 12,
        "PMNTN_SPOT" : 556,
        "MNTN_CODE" : "462300101",
        "MANAGE_SP1" : "99",
        "MANAGE_SP2" : "기타",
        "DETAIL_SPO" : "기타",
        "ETC_MATTER" : " ",
        "MNTN_NM" : "가야산",
        "PAST_SPOT_" : "26049901000013",
        "MNTN_ID" : "2604990100"
      },
      "geometry" : {
        "x" : 264713.93370000087,
        "y" : 263507.98980000243
      }
    },
    {
      "attributes" : {
        "FID" : 13,
        "PMNTN_SPOT" : 557,
        "MNTN_CODE" : "462300101",
        "MANAGE_SP1" : "11",
        "MANAGE_SP2" : "안내판또는지도",
        "DETAIL_SPO" : "안내도,보도블럭 아스팔트끝, 콘크리트포장 시작",
        "ETC_MATTER" : " ",
        "MNTN_NM" : "가야산",
        "PAST_SPOT_" : "26049901000014",
        "MNTN_ID" : "2604990100"
      },
      "geometry" : {
        "x" : 264717.81150000263,
        "y" : 263476.02600000426
      }
    },
    {
      "attributes" : {
        "FID" : 14,
        "PMNTN_SPOT" : 558,
        "MNTN_CODE" : "462300101",
        "MANAGE_SP1" : "08",
        "MANAGE_SP2" : "가로등",
        "DETAIL_SPO" : "가로등",
        "ETC_MATTER" : " ",
        "MNTN_NM" : "가야산",
        "PAST_SPOT_" : "26049901000015",
        "MNTN_ID" : "2604990100"
      },
      "geometry" : {
        "x" : 264611.79180000164,
        "y" : 263459.40789999999
      }
    },
    {
      "attributes" : {
        "FID" : 15,
        "PMNTN_SPOT" : 559,
        "MNTN_CODE" : "462300101",
        "MANAGE_SP1" : "05",
        "MANAGE_SP2" : "벤치",
        "DETAIL_SPO" : "벤치",
        "ETC_MATTER" : " ",
        "MNTN_NM" : "가야산",
        "PAST_SPOT_" : "26049901000016",
        "MNTN_ID" : "2604990100"
      },
      "geometry" : {
        "x" : 264585.77670000307,
        "y" : 263467.23720000125
      }
    },
    {
      "attributes" : {
        "FID" : 16,
        "PMNTN_SPOT" : 560,
        "MNTN_CODE" : "462300101",
        "MANAGE_SP1" : "05",
        "MANAGE_SP2" : "벤치",
        "DETAIL_SPO" : "벤치,화장실,가로등",
        "ETC_MATTER" : " ",
        "MNTN_NM" : "가야산",
        "PAST_SPOT_" : "26049901000017",
        "MNTN_ID" : "2604990100"
      },
      "geometry" : {
        "x" : 264599.42750000302,
        "y" : 263437.9533000011
      }
    },
    {
      "attributes" : {
        "FID" : 17,
        "PMNTN_SPOT" : 561,
        "MNTN_CODE" : "462300101",
        "MANAGE_SP1" : "07",
        "MANAGE_SP2" : "시설물(운동기구 등)",
        "DETAIL_SPO" : "체육시설(상:벤치2운동기구4,하:족구장,벤치1)",
        "ETC_MATTER" : " ",
        "MNTN_NM" : "가야산",
        "PAST_SPOT_" : "26049901000018",
        "MNTN_ID" : "2604990100"
      },
      "geometry" : {
        "x" : 264554.27269999869,
        "y" : 263493.36580000259
      }
    },
    {
      "attributes" : {
        "FID" : 18,
        "PMNTN_SPOT" : 562,
        "MNTN_CODE" : "462300101",
        "MANAGE_SP1" : "05",
        "MANAGE_SP2" : "벤치",
        "DETAIL_SPO" : "벤치",
        "ETC_MATTER" : " ",
        "MNTN_NM" : "가야산",
        "PAST_SPOT_" : "26049901000019",
        "MNTN_ID" : "2604990100"
      },
      "geometry" : {
        "x" : 264551.15920000058,
        "y" : 263471.92239999957
      }
    },
    {
      "attributes" : {
        "FID" : 19,
        "PMNTN_SPOT" : 563,
        "MNTN_CODE" : "462300101",
        "MANAGE_SP1" : "05",
        "MANAGE_SP2" : "벤치",
        "DETAIL_SPO" : "벤치.족구장",
        "ETC_MATTER" : " ",
        "MNTN_NM" : "가야산",
        "PAST_SPOT_" : "26049901000020",
        "MNTN_ID" : "2604990100"
      },
      "geometry" : {
        "x" : 264540.60190000385,
        "y" : 263464.78100000322
      }
    },
    {
      "attributes" : {
        "FID" : 20,
        "PMNTN_SPOT" : 564,
        "MNTN_CODE" : "462300101",
        "MANAGE_SP1" : "03",
        "MANAGE_SP2" : "정자",
        "DETAIL_SPO" : "정자,벤치",
        "ETC_MATTER" : " ",
        "MNTN_NM" : "가야산",
        "PAST_SPOT_" : "26049901000021",
        "MNTN_ID" : "2604990100"
      },
      "geometry" : {
        "x" : 264556.40930000227,
        "y" : 263448.08919999935
      }
    },
    {
      "attributes" : {
        "FID" : 21,
        "PMNTN_SPOT" : 565,
        "MNTN_CODE" : "462300101",
        "MANAGE_SP1" : "08",
        "MANAGE_SP2" : "가로등",
        "DETAIL_SPO" : "가로등,벤치",
        "ETC_MATTER" : " ",
        "MNTN_NM" : "가야산",
        "PAST_SPOT_" : "26049901000022",
        "MNTN_ID" : "2604990100"
      },
      "geometry" : {
        "x" : 264511.01020000037,
        "y" : 263489.59090000018
      }
    },
    {
      "attributes" : {
        "FID" : 22,
        "PMNTN_SPOT" : 566,
        "MNTN_CODE" : "462300101",
        "MANAGE_SP1" : "08",
        "MANAGE_SP2" : "가로등",
        "DETAIL_SPO" : "가로등",
        "ETC_MATTER" : " ",
        "MNTN_NM" : "가야산",
        "PAST_SPOT_" : "26049901000023",
        "MNTN_ID" : "2604990100"
      },
      "geometry" : {
        "x" : 264475.02020000201,
        "y" : 263494.19550000317
      }
    },
    {
      "attributes" : {
        "FID" : 23,
        "PMNTN_SPOT" : 567,
        "MNTN_CODE" : "462300101",
        "MANAGE_SP1" : "05",
        "MANAGE_SP2" : "벤치",
        "DETAIL_SPO" : "벤치,가로등",
        "ETC_MATTER" : " ",
        "MNTN_NM" : "가야산",
        "PAST_SPOT_" : "26049901000024",
        "MNTN_ID" : "2604990100"
      },
      "geometry" : {
        "x" : 264442.48010000121,
        "y" : 263501.82380000129
      }
    },
    {
      "attributes" : {
        "FID" : 24,
        "PMNTN_SPOT" : 568,
        "MNTN_CODE" : "462300101",
        "MANAGE_SP1" : "07",
        "MANAGE_SP2" : "시설물(운동기구 등)",
        "DETAIL_SPO" : "체육시설",
        "ETC_MATTER" : " ",
        "MNTN_NM" : "가야산",
        "PAST_SPOT_" : "26049901000025",
        "MNTN_ID" : "2604990100"
      },
      "geometry" : {
        "x" : 264417.27830000315,
        "y" : 263527.42009999976
      }
    },
    {
      "attributes" : {
        "FID" : 25,
        "PMNTN_SPOT" : 569,
        "MNTN_CODE" : "462300101",
        "MANAGE_SP1" : "08",
        "MANAGE_SP2" : "가로등",
        "DETAIL_SPO" : "가로등,벤치",
        "ETC_MATTER" : " ",
        "MNTN_NM" : "가야산",
        "PAST_SPOT_" : "26049901000026",
        "MNTN_ID" : "2604990100"
      },
      "geometry" : {
        "x" : 264407.79050000198,
        "y" : 263524.55489999987
      }
    },
    {
      "attributes" : {
        "FID" : 26,
        "PMNTN_SPOT" : 570,
        "MNTN_CODE" : "462300101",
        "MANAGE_SP1" : "05",
        "MANAGE_SP2" : "벤치",
        "DETAIL_SPO" : "벤치,정자",
        "ETC_MATTER" : " ",
        "MNTN_NM" : "가야산",
        "PAST_SPOT_" : "26049901000027",
        "MNTN_ID" : "2604990100"
      },
      "geometry" : {
        "x" : 264372.68719999958,
        "y" : 263540.25330000184
      }
    },
    {
      "attributes" : {
        "FID" : 27,
        "PMNTN_SPOT" : 571,
        "MNTN_CODE" : "462300101",
        "MANAGE_SP1" : "06",
        "MANAGE_SP2" : "음수대",
        "DETAIL_SPO" : "약수터",
        "ETC_MATTER" : " ",
        "MNTN_NM" : "가야산",
        "PAST_SPOT_" : "26049901000028",
        "MNTN_ID" : "2604990100"
      },
      "geometry" : {
        "x" : 264360.95320000313,
        "y" : 263573.2789000012
      }
    },
    {
      "attributes" : {
        "FID" : 28,
        "PMNTN_SPOT" : 572,
        "MNTN_CODE" : "462300101",
        "MANAGE_SP1" : "03",
        "MANAGE_SP2" : "정자",
        "DETAIL_SPO" : "정자,벤치",
        "ETC_MATTER" : " ",
        "MNTN_NM" : "가야산",
        "PAST_SPOT_" : "26049901000029",
        "MNTN_ID" : "2604990100"
      },
      "geometry" : {
        "x" : 264348.53500000108,
        "y" : 263560.86060000211
      }
    },
    {
      "attributes" : {
        "FID" : 29,
        "PMNTN_SPOT" : 573,
        "MNTN_CODE" : "462300101",
        "MANAGE_SP1" : "11",
        "MANAGE_SP2" : "안내판또는지도",
        "DETAIL_SPO" : "안내도,가로등",
        "ETC_MATTER" : " ",
        "MNTN_NM" : "가야산",
        "PAST_SPOT_" : "26049901000030",
        "MNTN_ID" : "2604990100"
      },
      "geometry" : {
        "x" : 264339.46290000156,
        "y" : 263539.77500000224
      }
    },
    {
      "attributes" : {
        "FID" : 30,
        "PMNTN_SPOT" : 574,
        "MNTN_CODE" : "462300101",
        "MANAGE_SP1" : "99",
        "MANAGE_SP2" : "기타",
        "DETAIL_SPO" : "궁도장",
        "ETC_MATTER" : " ",
        "MNTN_NM" : "가야산",
        "PAST_SPOT_" : "26049901000031",
        "MNTN_ID" : "2604990100"
      },
      "geometry" : {
        "x" : 264362.18860000186,
        "y" : 263511.86400000378
      }
    },
    {
      "attributes" : {
        "FID" : 31,
        "PMNTN_SPOT" : 575,
        "MNTN_CODE" : "462300101",
        "MANAGE_SP1" : "99",
        "MANAGE_SP2" : "기타",
        "DETAIL_SPO" : "돌계단시작",
        "ETC_MATTER" : " ",
        "MNTN_NM" : "가야산",
        "PAST_SPOT_" : "26049901000032",
        "MNTN_ID" : "2604990100"
      },
      "geometry" : {
        "x" : 264340.66550000198,
        "y" : 263539.21210000105
      }
    },
    {
      "attributes" : {
        "FID" : 32,
        "PMNTN_SPOT" : 576,
        "MNTN_CODE" : "462300101",
        "MANAGE_SP1" : "99",
        "MANAGE_SP2" : "기타",
        "DETAIL_SPO" : "돌계단 끝 암석길시작",
        "ETC_MATTER" : " ",
        "MNTN_NM" : "가야산",
        "PAST_SPOT_" : "26049901000033",
        "MNTN_ID" : "2604990100"
      },
      "geometry" : {
        "x" : 264293.69740000181,
        "y" : 263570.31460000202
      }
    },
    {
      "attributes" : {
        "FID" : 33,
        "PMNTN_SPOT" : 577,
        "MNTN_CODE" : "462300101",
        "MANAGE_SP1" : "05",
        "MANAGE_SP2" : "벤치",
        "DETAIL_SPO" : "벤치+테이블",
        "ETC_MATTER" : " ",
        "MNTN_NM" : "가야산",
        "PAST_SPOT_" : "26049901000034",
        "MNTN_ID" : "2604990100"
      },
      "geometry" : {
        "x" : 264229.47460000124,
        "y" : 263604.71920000203
      }
    },
    {
      "attributes" : {
        "FID" : 34,
        "PMNTN_SPOT" : 578,
        "MNTN_CODE" : "462300101",
        "MANAGE_SP1" : "99",
        "MANAGE_SP2" : "기타",
        "DETAIL_SPO" : "목제 덮개",
        "ETC_MATTER" : " ",
        "MNTN_NM" : "가야산",
        "PAST_SPOT_" : "26049901000035",
        "MNTN_ID" : "2604990100"
      },
      "geometry" : {
        "x" : 264217.23790000286,
        "y" : 263618.96260000207
      }
    },
    {
      "attributes" : {
        "FID" : 35,
        "PMNTN_SPOT" : 579,
        "MNTN_CODE" : "462300101",
        "MANAGE_SP1" : "05",
        "MANAGE_SP2" : "벤치",
        "DETAIL_SPO" : "벤치+테이블(제초필요)",
        "ETC_MATTER" : " ",
        "MNTN_NM" : "가야산",
        "PAST_SPOT_" : "26049901000036",
        "MNTN_ID" : "2604990100"
      },
      "geometry" : {
        "x" : 264116.42240000237,
        "y" : 263653.60520000197
      }
    },
    {
      "attributes" : {
        "FID" : 36,
        "PMNTN_SPOT" : 580,
        "MNTN_CODE" : "462300101",
        "MANAGE_SP1" : "99",
        "MANAGE_SP2" : "기타",
        "DETAIL_SPO" : "기타",
        "ETC_MATTER" : " ",
        "MNTN_NM" : "가야산",
        "PAST_SPOT_" : "26049901000037",
        "MNTN_ID" : "2604990100"
      },
      "geometry" : {
        "x" : 263719.02540000249,
        "y" : 263428.96250000037
      }
    },
    {
      "attributes" : {
        "FID" : 37,
        "PMNTN_SPOT" : 581,
        "MNTN_CODE" : "462300101",
        "MANAGE_SP1" : "99",
        "MANAGE_SP2" : "기타",
        "DETAIL_SPO" : "석축(돌계단)",
        "ETC_MATTER" : " ",
        "MNTN_NM" : "가야산",
        "PAST_SPOT_" : "26049901000038",
        "MNTN_ID" : "2604990100"
      },
      "geometry" : {
        "x" : 263876.35310000181,
        "y" : 263720.17870000377
      }
    },
    {
      "attributes" : {
        "FID" : 38,
        "PMNTN_SPOT" : 582,
        "MNTN_CODE" : "462300101",
        "MANAGE_SP1" : "99",
        "MANAGE_SP2" : "기타",
        "DETAIL_SPO" : "철탑",
        "ETC_MATTER" : " ",
        "MNTN_NM" : "가야산",
        "PAST_SPOT_" : "26049901000039",
        "MNTN_ID" : "2604990100"
      },
      "geometry" : {
        "x" : 263908.6660000002,
        "y" : 263747.01260000095
      }
    },
    {
      "attributes" : {
        "FID" : 39,
        "PMNTN_SPOT" : 583,
        "MNTN_CODE" : "462300101",
        "MANAGE_SP1" : "14",
        "MANAGE_SP2" : "조망점",
        "DETAIL_SPO" : "조망점",
        "ETC_MATTER" : " ",
        "MNTN_NM" : "가야산",
        "PAST_SPOT_" : "26049901000040",
        "MNTN_ID" : "2604990100"
      },
      "geometry" : {
        "x" : 264351.7154000001,
        "y" : 263821.21770000271
      }
    },
    {
      "attributes" : {
        "FID" : 40,
        "PMNTN_SPOT" : 584,
        "MNTN_CODE" : "462300101",
        "MANAGE_SP1" : "99",
        "MANAGE_SP2" : "기타",
        "DETAIL_SPO" : "장수쉼터(시설물)",
        "ETC_MATTER" : " ",
        "MNTN_NM" : "가야산",
        "PAST_SPOT_" : "26049901000041",
        "MNTN_ID" : "2604990100"
      },
      "geometry" : {
        "x" : 264651.83180000354,
        "y" : 262991.99220000207
      }
    },
    {
      "attributes" : {
        "FID" : 41,
        "PMNTN_SPOT" : 585,
        "MNTN_CODE" : "462300101",
        "MANAGE_SP1" : "06",
        "MANAGE_SP2" : "음수대",
        "DETAIL_SPO" : "음수대",
        "ETC_MATTER" : " ",
        "MNTN_NM" : "가야산",
        "PAST_SPOT_" : "26049901000042",
        "MNTN_ID" : "2604990100"
      },
      "geometry" : {
        "x" : 264659.89919999987,
        "y" : 263000.79920000397
      }
    },
    {
      "attributes" : {
        "FID" : 42,
        "PMNTN_SPOT" : 586,
        "MNTN_CODE" : "462300101",
        "MANAGE_SP1" : "11",
        "MANAGE_SP2" : "안내판또는지도",
        "DETAIL_SPO" : "안내판",
        "ETC_MATTER" : " ",
        "MNTN_NM" : "가야산",
        "PAST_SPOT_" : "26049901000043",
        "MNTN_ID" : "2604990100"
      },
      "geometry" : {
        "x" : 264662.48010000028,
        "y" : 263003.13939999975
      }
    },
    {
      "attributes" : {
        "FID" : 43,
        "PMNTN_SPOT" : 587,
        "MNTN_CODE" : "462300101",
        "MANAGE_SP1" : "99",
        "MANAGE_SP2" : "기타",
        "DETAIL_SPO" : "목계단(시작)",
        "ETC_MATTER" : " ",
        "MNTN_NM" : "가야산",
        "PAST_SPOT_" : "26049901000044",
        "MNTN_ID" : "2604990100"
      },
      "geometry" : {
        "x" : 264394.31160000153,
        "y" : 263043.01590000466
      }
    },
    {
      "attributes" : {
        "FID" : 44,
        "PMNTN_SPOT" : 588,
        "MNTN_CODE" : "462300101",
        "MANAGE_SP1" : "99",
        "MANAGE_SP2" : "기타",
        "DETAIL_SPO" : "목계단(끝)",
        "ETC_MATTER" : " ",
        "MNTN_NM" : "가야산",
        "PAST_SPOT_" : "26049901000045",
        "MNTN_ID" : "2604990100"
      },
      "geometry" : {
        "x" : 264376.36210000142,
        "y" : 263052.65079999901
      }
    },
    {
      "attributes" : {
        "FID" : 45,
        "PMNTN_SPOT" : 589,
        "MNTN_CODE" : "462300101",
        "MANAGE_SP1" : "14",
        "MANAGE_SP2" : "조망점",
        "DETAIL_SPO" : "조망점",
        "ETC_MATTER" : " ",
        "MNTN_NM" : "가야산",
        "PAST_SPOT_" : "26049901000046",
        "MNTN_ID" : "2604990100"
      },
      "geometry" : {
        "x" : 263942.61430000141,
        "y" : 263007.45800000243
      }
    },
    {
      "attributes" : {
        "FID" : 46,
        "PMNTN_SPOT" : 590,
        "MNTN_CODE" : "462300101",
        "MANAGE_SP1" : "03",
        "MANAGE_SP2" : "정자",
        "DETAIL_SPO" : "정자",
        "ETC_MATTER" : " ",
        "MNTN_NM" : "가야산",
        "PAST_SPOT_" : "26049901000047",
        "MNTN_ID" : "2604990100"
      },
      "geometry" : {
        "x" : 264002.74650000408,
        "y" : 262978.22550000437
      }
    },
    {
      "attributes" : {
        "FID" : 47,
        "PMNTN_SPOT" : 591,
        "MNTN_CODE" : "462300101",
        "MANAGE_SP1" : "99",
        "MANAGE_SP2" : "기타",
        "DETAIL_SPO" : "기타",
        "ETC_MATTER" : " ",
        "MNTN_NM" : "가야산",
        "PAST_SPOT_" : "26049901000048",
        "MNTN_ID" : "2604990100"
      },
      "geometry" : {
        "x" : 264004.59570000041,
        "y" : 262956.90949999914
      }
    },
    {
      "attributes" : {
        "FID" : 48,
        "PMNTN_SPOT" : 592,
        "MNTN_CODE" : "462300101",
        "MANAGE_SP1" : "08",
        "MANAGE_SP2" : "가로등",
        "DETAIL_SPO" : "가로등",
        "ETC_MATTER" : " ",
        "MNTN_NM" : "가야산",
        "PAST_SPOT_" : "26049901000049",
        "MNTN_ID" : "2604990100"
      },
      "geometry" : {
        "x" : 263961.94720000308,
        "y" : 262816.31389999948
      }
    },
    {
      "attributes" : {
        "FID" : 49,
        "PMNTN_SPOT" : 593,
        "MNTN_CODE" : "462300101",
        "MANAGE_SP1" : "08",
        "MANAGE_SP2" : "가로등",
        "DETAIL_SPO" : "가로등",
        "ETC_MATTER" : " ",
        "MNTN_NM" : "가야산",
        "PAST_SPOT_" : "26049901000050",
        "MNTN_ID" : "2604990100"
      },
      "geometry" : {
        "x" : 263957.22640000004,
        "y" : 262653.29370000027
      }
    },
    {
      "attributes" : {
        "FID" : 50,
        "PMNTN_SPOT" : 594,
        "MNTN_CODE" : "462300101",
        "MANAGE_SP1" : "08",
        "MANAGE_SP2" : "가로등",
        "DETAIL_SPO" : "가로등",
        "ETC_MATTER" : " ",
        "MNTN_NM" : "가야산",
        "PAST_SPOT_" : "26049901000051",
        "MNTN_ID" : "2604990100"
      },
      "geometry" : {
        "x" : 263950.72830000054,
        "y" : 262595.86649999768
      }
    },
    {
      "attributes" : {
        "FID" : 51,
        "PMNTN_SPOT" : 595,
        "MNTN_CODE" : "462300101",
        "MANAGE_SP1" : "11",
        "MANAGE_SP2" : "안내판또는지도",
        "DETAIL_SPO" : "안내도",
        "ETC_MATTER" : " ",
        "MNTN_NM" : "가야산",
        "PAST_SPOT_" : "26049901000052",
        "MNTN_ID" : "2604990100"
      },
      "geometry" : {
        "x" : 263936.45880000293,
        "y" : 262519.26740000211
      }
    },
    {
      "attributes" : {
        "FID" : 52,
        "PMNTN_SPOT" : 596,
        "MNTN_CODE" : "462300101",
        "MANAGE_SP1" : "08",
        "MANAGE_SP2" : "가로등",
        "DETAIL_SPO" : "가로등",
        "ETC_MATTER" : " ",
        "MNTN_NM" : "가야산",
        "PAST_SPOT_" : "26049901000053",
        "MNTN_ID" : "2604990100"
      },
      "geometry" : {
        "x" : 263937.33270000294,
        "y" : 262493.12900000252
      }
    },
    {
      "attributes" : {
        "FID" : 53,
        "PMNTN_SPOT" : 597,
        "MNTN_CODE" : "462300101",
        "MANAGE_SP1" : "08",
        "MANAGE_SP2" : "가로등",
        "DETAIL_SPO" : "가로등",
        "ETC_MATTER" : " ",
        "MNTN_NM" : "가야산",
        "PAST_SPOT_" : "26049901000054",
        "MNTN_ID" : "2604990100"
      },
      "geometry" : {
        "x" : 263950.74850000162,
        "y" : 262438.5318
      }
    },
    {
      "attributes" : {
        "FID" : 54,
        "PMNTN_SPOT" : 598,
        "MNTN_CODE" : "462300101",
        "MANAGE_SP1" : "08",
        "MANAGE_SP2" : "가로등",
        "DETAIL_SPO" : "가로등,목계단 시작",
        "ETC_MATTER" : " ",
        "MNTN_NM" : "가야산",
        "PAST_SPOT_" : "26049901000055",
        "MNTN_ID" : "2604990100"
      },
      "geometry" : {
        "x" : 263934.39049999882,
        "y" : 262379.880400002
      }
    },
    {
      "attributes" : {
        "FID" : 55,
        "PMNTN_SPOT" : 599,
        "MNTN_CODE" : "462300101",
        "MANAGE_SP1" : "08",
        "MANAGE_SP2" : "가로등",
        "DETAIL_SPO" : "가로등",
        "ETC_MATTER" : " ",
        "MNTN_NM" : "가야산",
        "PAST_SPOT_" : "26049901000056",
        "MNTN_ID" : "2604990100"
      },
      "geometry" : {
        "x" : 263902.11390000023,
        "y" : 262313.85830000043
      }
    },
    {
      "attributes" : {
        "FID" : 56,
        "PMNTN_SPOT" : 600,
        "MNTN_CODE" : "462300101",
        "MANAGE_SP1" : "99",
        "MANAGE_SP2" : "기타",
        "DETAIL_SPO" : "침목다리",
        "ETC_MATTER" : " ",
        "MNTN_NM" : "가야산",
        "PAST_SPOT_" : "26049901000057",
        "MNTN_ID" : "2604990100"
      },
      "geometry" : {
        "x" : 263887.17520000227,
        "y" : 262301.23990000039
      }
    },
    {
      "attributes" : {
        "FID" : 57,
        "PMNTN_SPOT" : 601,
        "MNTN_CODE" : "462300101",
        "MANAGE_SP1" : "08",
        "MANAGE_SP2" : "가로등",
        "DETAIL_SPO" : "가로등",
        "ETC_MATTER" : " ",
        "MNTN_NM" : "가야산",
        "PAST_SPOT_" : "26049901000058",
        "MNTN_ID" : "2604990100"
      },
      "geometry" : {
        "x" : 263870.78640000243,
        "y" : 262293.9261000026
      }
    },
    {
      "attributes" : {
        "FID" : 58,
        "PMNTN_SPOT" : 602,
        "MNTN_CODE" : "462300101",
        "MANAGE_SP1" : "99",
        "MANAGE_SP2" : "기타",
        "DETAIL_SPO" : "침목다리",
        "ETC_MATTER" : " ",
        "MNTN_NM" : "가야산",
        "PAST_SPOT_" : "26049901000059",
        "MNTN_ID" : "2604990100"
      },
      "geometry" : {
        "x" : 263867.68900000211,
        "y" : 262278.61530000158
      }
    },
    {
      "attributes" : {
        "FID" : 59,
        "PMNTN_SPOT" : 603,
        "MNTN_CODE" : "462300101",
        "MANAGE_SP1" : "99",
        "MANAGE_SP2" : "기타",
        "DETAIL_SPO" : "콘크리트포장",
        "ETC_MATTER" : " ",
        "MNTN_NM" : "가야산",
        "PAST_SPOT_" : "26049901000060",
        "MNTN_ID" : "2604990100"
      },
      "geometry" : {
        "x" : 263846.05630000215,
        "y" : 262242.40139999986
      }
    },
    {
      "attributes" : {
        "FID" : 60,
        "PMNTN_SPOT" : 604,
        "MNTN_CODE" : "462300101",
        "MANAGE_SP1" : "15",
        "MANAGE_SP2" : "훼손지",
        "DETAIL_SPO" : "목계단시작 및 훼손",
        "ETC_MATTER" : " ",
        "MNTN_NM" : "가야산",
        "PAST_SPOT_" : "26049901000061",
        "MNTN_ID" : "2604990100"
      },
      "geometry" : {
        "x" : 263807.01830000058,
        "y" : 262311.77240000106
      }
    },
    {
      "attributes" : {
        "FID" : 61,
        "PMNTN_SPOT" : 605,
        "MNTN_CODE" : "462300101",
        "MANAGE_SP1" : "99",
        "MANAGE_SP2" : "기타",
        "DETAIL_SPO" : "목계단 끝",
        "ETC_MATTER" : " ",
        "MNTN_NM" : "가야산",
        "PAST_SPOT_" : "26049901000062",
        "MNTN_ID" : "2604990100"
      },
      "geometry" : {
        "x" : 263776.00750000216,
        "y" : 262349.7807
      }
    },
    {
      "attributes" : {
        "FID" : 62,
        "PMNTN_SPOT" : 606,
        "MNTN_CODE" : "462300101",
        "MANAGE_SP1" : "99",
        "MANAGE_SP2" : "기타",
        "DETAIL_SPO" : "기타",
        "ETC_MATTER" : " ",
        "MNTN_NM" : "가야산",
        "PAST_SPOT_" : "26049901000063",
        "MNTN_ID" : "2604990100"
      },
      "geometry" : {
        "x" : 263733.71910000034,
        "y" : 262376.44160000049
      }
    },
    {
      "attributes" : {
        "FID" : 63,
        "PMNTN_SPOT" : 607,
        "MNTN_CODE" : "462300101",
        "MANAGE_SP1" : "99",
        "MANAGE_SP2" : "기타",
        "DETAIL_SPO" : "목계단 끝",
        "ETC_MATTER" : " ",
        "MNTN_NM" : "가야산",
        "PAST_SPOT_" : "26049901000064",
        "MNTN_ID" : "2604990100"
      },
      "geometry" : {
        "x" : 263722.37250000332,
        "y" : 262387.54750000127
      }
    },
    {
      "attributes" : {
        "FID" : 64,
        "PMNTN_SPOT" : 608,
        "MNTN_CODE" : "462300101",
        "MANAGE_SP1" : "99",
        "MANAGE_SP2" : "기타",
        "DETAIL_SPO" : "로프설치구간 시작",
        "ETC_MATTER" : " ",
        "MNTN_NM" : "가야산",
        "PAST_SPOT_" : "26049901000065",
        "MNTN_ID" : "2604990100"
      },
      "geometry" : {
        "x" : 263609.55020000134,
        "y" : 262493.8853999991
      }
    },
    {
      "attributes" : {
        "FID" : 65,
        "PMNTN_SPOT" : 609,
        "MNTN_CODE" : "462300101",
        "MANAGE_SP1" : "99",
        "MANAGE_SP2" : "기타",
        "DETAIL_SPO" : "로프설치구간 끝",
        "ETC_MATTER" : " ",
        "MNTN_NM" : "가야산",
        "PAST_SPOT_" : "26049901000066",
        "MNTN_ID" : "2604990100"
      },
      "geometry" : {
        "x" : 263611.87990000192,
        "y" : 262564.5373999998
      }
    },
    {
      "attributes" : {
        "FID" : 66,
        "PMNTN_SPOT" : 610,
        "MNTN_CODE" : "462300101",
        "MANAGE_SP1" : "11",
        "MANAGE_SP2" : "안내판또는지도",
        "DETAIL_SPO" : "안내판",
        "ETC_MATTER" : " ",
        "MNTN_NM" : "가야산",
        "PAST_SPOT_" : "26049901000067",
        "MNTN_ID" : "2604990100"
      },
      "geometry" : {
        "x" : 263651.81740000192,
        "y" : 262744.87310000509
      }
    },
    {
      "attributes" : {
        "FID" : 67,
        "PMNTN_SPOT" : 611,
        "MNTN_CODE" : "462300101",
        "MANAGE_SP1" : "99",
        "MANAGE_SP2" : "기타",
        "DETAIL_SPO" : "적벽,조망점",
        "ETC_MATTER" : " ",
        "MNTN_NM" : "가야산",
        "PAST_SPOT_" : "26049901000068",
        "MNTN_ID" : "2604990100"
      },
      "geometry" : {
        "x" : 263656.81940000225,
        "y" : 262762.79079999775
      }
    },
    {
      "attributes" : {
        "FID" : 68,
        "PMNTN_SPOT" : 612,
        "MNTN_CODE" : "462300101",
        "MANAGE_SP1" : "03",
        "MANAGE_SP2" : "정자",
        "DETAIL_SPO" : "정자",
        "ETC_MATTER" : " ",
        "MNTN_NM" : "가야산",
        "PAST_SPOT_" : "26049901000069",
        "MNTN_ID" : "2604990100"
      },
      "geometry" : {
        "x" : 263376.94713279139,
        "y" : 263092.30484845303
      }
    },
    {
      "attributes" : {
        "FID" : 69,
        "PMNTN_SPOT" : 613,
        "MNTN_CODE" : "462300101",
        "MANAGE_SP1" : "99",
        "MANAGE_SP2" : "기타",
        "DETAIL_SPO" : "기타",
        "ETC_MATTER" : " ",
        "MNTN_NM" : "가야산",
        "PAST_SPOT_" : "26049901000070",
        "MNTN_ID" : "2604990100"
      },
      "geometry" : {
        "x" : 263997.38289999962,
        "y" : 263000.02759999968
      }
    },
    {
      "attributes" : {
        "FID" : 70,
        "PMNTN_SPOT" : 614,
        "MNTN_CODE" : "462300101",
        "MANAGE_SP1" : "14",
        "MANAGE_SP2" : "조망점",
        "DETAIL_SPO" : "조망점",
        "ETC_MATTER" : " ",
        "MNTN_NM" : "가야산",
        "PAST_SPOT_" : "26049901000071",
        "MNTN_ID" : "2604990100"
      },
      "geometry" : {
        "x" : 264048.45230000094,
        "y" : 262887.0895000007
      }
    },
    {
      "attributes" : {
        "FID" : 71,
        "PMNTN_SPOT" : 615,
        "MNTN_CODE" : "462300101",
        "MANAGE_SP1" : "99",
        "MANAGE_SP2" : "기타",
        "DETAIL_SPO" : "철탑",
        "ETC_MATTER" : " ",
        "MNTN_NM" : "가야산",
        "PAST_SPOT_" : "26049901000072",
        "MNTN_ID" : "2604990100"
      },
      "geometry" : {
        "x" : 263886.58530000132,
        "y" : 264094.16939999908
      }
    },
    {
      "attributes" : {
        "FID" : 72,
        "PMNTN_SPOT" : 616,
        "MNTN_CODE" : "462300101",
        "MANAGE_SP1" : "06",
        "MANAGE_SP2" : "음수대",
        "DETAIL_SPO" : "음수대,밴치,체육시설",
        "ETC_MATTER" : " ",
        "MNTN_NM" : "가야산",
        "PAST_SPOT_" : "26049901000073",
        "MNTN_ID" : "2604990100"
      },
      "geometry" : {
        "x" : 263489.45939999912,
        "y" : 264497.22259999998
      }
    },
    {
      "attributes" : {
        "FID" : 73,
        "PMNTN_SPOT" : 617,
        "MNTN_CODE" : "462300101",
        "MANAGE_SP1" : "99",
        "MANAGE_SP2" : "기타",
        "DETAIL_SPO" : "합류점",
        "ETC_MATTER" : " ",
        "MNTN_NM" : "가야산",
        "PAST_SPOT_" : "26049901000074",
        "MNTN_ID" : "2604990100"
      },
      "geometry" : {
        "x" : 263561.56369999982,
        "y" : 264597.57120000198
      }
    },
    {
      "attributes" : {
        "FID" : 74,
        "PMNTN_SPOT" : 618,
        "MNTN_CODE" : "462300101",
        "MANAGE_SP1" : "11",
        "MANAGE_SP2" : "안내판또는지도",
        "DETAIL_SPO" : "불광사안내석",
        "ETC_MATTER" : " ",
        "MNTN_NM" : "가야산",
        "PAST_SPOT_" : "26049901000075",
        "MNTN_ID" : "2604990100"
      },
      "geometry" : {
        "x" : 263652.74139999971,
        "y" : 264643.30490000173
      }
    },
    {
      "attributes" : {
        "FID" : 75,
        "PMNTN_SPOT" : 619,
        "MNTN_CODE" : "462300101",
        "MANAGE_SP1" : "99",
        "MANAGE_SP2" : "기타",
        "DETAIL_SPO" : "백련사",
        "ETC_MATTER" : " ",
        "MNTN_NM" : "가야산",
        "PAST_SPOT_" : "26049901000076",
        "MNTN_ID" : "2604990100"
      },
      "geometry" : {
        "x" : 263735.9748999998,
        "y" : 264690.45910000056
      }
    },
    {
      "attributes" : {
        "FID" : 76,
        "PMNTN_SPOT" : 620,
        "MNTN_CODE" : "462300101",
        "MANAGE_SP1" : "11",
        "MANAGE_SP2" : "안내판또는지도",
        "DETAIL_SPO" : "길안내판",
        "ETC_MATTER" : " ",
        "MNTN_NM" : "가야산",
        "PAST_SPOT_" : "26049901000077",
        "MNTN_ID" : "2604990100"
      },
      "geometry" : {
        "x" : 264209.66670000181,
        "y" : 265175.76640000194
      }
    },
    {
      "attributes" : {
        "FID" : 77,
        "PMNTN_SPOT" : 621,
        "MNTN_CODE" : "462300101",
        "MANAGE_SP1" : "99",
        "MANAGE_SP2" : "기타",
        "DETAIL_SPO" : "장동2구회관",
        "ETC_MATTER" : " ",
        "MNTN_NM" : "가야산",
        "PAST_SPOT_" : "26049901000078",
        "MNTN_ID" : "2604990100"
      },
      "geometry" : {
        "x" : 264341.96510000248,
        "y" : 265488.51590000279
      }
    },
    {
      "attributes" : {
        "FID" : 78,
        "PMNTN_SPOT" : 622,
        "MNTN_CODE" : "462300101",
        "MANAGE_SP1" : "99",
        "MANAGE_SP2" : "기타",
        "DETAIL_SPO" : "목계단구간",
        "ETC_MATTER" : " ",
        "MNTN_NM" : "가야산",
        "PAST_SPOT_" : "26049901000079",
        "MNTN_ID" : "2604990100"
      },
      "geometry" : {
        "x" : 262655.97490000166,
        "y" : 262359.84370000288
      }
    },
    {
      "attributes" : {
        "FID" : 79,
        "PMNTN_SPOT" : 623,
        "MNTN_CODE" : "462300101",
        "MANAGE_SP1" : "99",
        "MANAGE_SP2" : "기타",
        "DETAIL_SPO" : "목계단구간",
        "ETC_MATTER" : " ",
        "MNTN_NM" : "가야산",
        "PAST_SPOT_" : "26049901000080",
        "MNTN_ID" : "2604990100"
      },
      "geometry" : {
        "x" : 262653.04200000037,
        "y" : 262333.03510000184
      }
    },
    {
      "attributes" : {
        "FID" : 80,
        "PMNTN_SPOT" : 624,
        "MNTN_CODE" : "462300101",
        "MANAGE_SP1" : "05",
        "MANAGE_SP2" : "벤치",
        "DETAIL_SPO" : "벤치,운동기구",
        "ETC_MATTER" : " ",
        "MNTN_NM" : "가야산",
        "PAST_SPOT_" : "26049901000081",
        "MNTN_ID" : "2604990100"
      },
      "geometry" : {
        "x" : 262651.89930000156,
        "y" : 262324.14130000025
      }
    },
    {
      "attributes" : {
        "FID" : 81,
        "PMNTN_SPOT" : 625,
        "MNTN_CODE" : "462300101",
        "MANAGE_SP1" : "99",
        "MANAGE_SP2" : "기타",
        "DETAIL_SPO" : "목계단구간",
        "ETC_MATTER" : " ",
        "MNTN_NM" : "가야산",
        "PAST_SPOT_" : "26049901000082",
        "MNTN_ID" : "2604990100"
      },
      "geometry" : {
        "x" : 263718.6074000001,
        "y" : 263148.46930000186
      }
    },
    {
      "attributes" : {
        "FID" : 82,
        "PMNTN_SPOT" : 626,
        "MNTN_CODE" : "462300101",
        "MANAGE_SP1" : "99",
        "MANAGE_SP2" : "기타",
        "DETAIL_SPO" : "목계단구간",
        "ETC_MATTER" : " ",
        "MNTN_NM" : "가야산",
        "PAST_SPOT_" : "26049901000083",
        "MNTN_ID" : "2604990100"
      },
      "geometry" : {
        "x" : 263726.45070000086,
        "y" : 263139.06509999931
      }
    },
    {
      "attributes" : {
        "FID" : 83,
        "PMNTN_SPOT" : 627,
        "MNTN_CODE" : "462300101",
        "MANAGE_SP1" : "99",
        "MANAGE_SP2" : "기타",
        "DETAIL_SPO" : "목계단구간",
        "ETC_MATTER" : " ",
        "MNTN_NM" : "가야산",
        "PAST_SPOT_" : "26049901000084",
        "MNTN_ID" : "2604990100"
      },
      "geometry" : {
        "x" : 263719.46990000177,
        "y" : 263109.74960000068
      }
    },
    {
      "attributes" : {
        "FID" : 84,
        "PMNTN_SPOT" : 628,
        "MNTN_CODE" : "462300101",
        "MANAGE_SP1" : "99",
        "MANAGE_SP2" : "기타",
        "DETAIL_SPO" : "목계단구간",
        "ETC_MATTER" : " ",
        "MNTN_NM" : "가야산",
        "PAST_SPOT_" : "26049901000085",
        "MNTN_ID" : "2604990100"
      },
      "geometry" : {
        "x" : 263759.60579999909,
        "y" : 263031.20590000041
      }
    },
    {
      "attributes" : {
        "FID" : 85,
        "PMNTN_SPOT" : 629,
        "MNTN_CODE" : "462300101",
        "MANAGE_SP1" : "22",
        "MANAGE_SP2" : "헬기장",
        "DETAIL_SPO" : "헬기장",
        "ETC_MATTER" : " ",
        "MNTN_NM" : "가야산",
        "PAST_SPOT_" : "26049901000086",
        "MNTN_ID" : "2604990100"
      },
      "geometry" : {
        "x" : 263774.33180000074,
        "y" : 262916.46299999952
      }
    },
    {
      "attributes" : {
        "FID" : 86,
        "PMNTN_SPOT" : 630,
        "MNTN_CODE" : "462300101",
        "MANAGE_SP1" : "99",
        "MANAGE_SP2" : "기타",
        "DETAIL_SPO" : "철탑",
        "ETC_MATTER" : " ",
        "MNTN_NM" : "가야산",
        "PAST_SPOT_" : "26049901000087",
        "MNTN_ID" : "2604990100"
      },
      "geometry" : {
        "x" : 263547.07969999965,
        "y" : 264271.43480000272
      }
    },
    {
      "attributes" : {
        "FID" : 87,
        "PMNTN_SPOT" : 631,
        "MNTN_CODE" : "462300101",
        "MANAGE_SP1" : "01",
        "MANAGE_SP2" : "시종점",
        "DETAIL_SPO" : "시종점",
        "ETC_MATTER" : " ",
        "MNTN_NM" : "가야산",
        "PAST_SPOT_" : "26049901000088",
        "MNTN_ID" : "2604990100"
      },
      "geometry" : {
        "x" : 262645.54669999983,
        "y" : 262288.64020000026
      }
    },
    {
      "attributes" : {
        "FID" : 88,
        "PMNTN_SPOT" : 632,
        "MNTN_CODE" : "462300101",
        "MANAGE_SP1" : "01",
        "MANAGE_SP2" : "시종점",
        "DETAIL_SPO" : "시종점",
        "ETC_MATTER" : " ",
        "MNTN_NM" : "가야산",
        "PAST_SPOT_" : "26049901000089",
        "MNTN_ID" : "2604990100"
      },
      "geometry" : {
        "x" : 262652.70000000019,
        "y" : 263255.11240000837
      }
    },
    {
      "attributes" : {
        "FID" : 89,
        "PMNTN_SPOT" : 633,
        "MNTN_CODE" : "462300101",
        "MANAGE_SP1" : "11",
        "MANAGE_SP2" : "안내판또는지도",
        "DETAIL_SPO" : "안내판",
        "ETC_MATTER" : " ",
        "MNTN_NM" : "가야산",
        "PAST_SPOT_" : "26049901000090",
        "MNTN_ID" : "2604990100"
      },
      "geometry" : {
        "x" : 262896.5867999997,
        "y" : 262906.26230000146
      }
    },
    {
      "attributes" : {
        "FID" : 90,
        "PMNTN_SPOT" : 634,
        "MNTN_CODE" : "462300101",
        "MANAGE_SP1" : "01",
        "MANAGE_SP2" : "시종점",
        "DETAIL_SPO" : "시종점",
        "ETC_MATTER" : " ",
        "MNTN_NM" : "가야산",
        "PAST_SPOT_" : "26049901000091",
        "MNTN_ID" : "2604990100"
      },
      "geometry" : {
        "x" : 263060.78230000101,
        "y" : 262534.8933000043
      }
    },
    {
      "attributes" : {
        "FID" : 91,
        "PMNTN_SPOT" : 635,
        "MNTN_CODE" : "462300101",
        "MANAGE_SP1" : "01",
        "MANAGE_SP2" : "시종점",
        "DETAIL_SPO" : "시종점",
        "ETC_MATTER" : " ",
        "MNTN_NM" : "가야산",
        "PAST_SPOT_" : "26049901000092",
        "MNTN_ID" : "2604990100"
      },
      "geometry" : {
        "x" : 263414.62560000271,
        "y" : 264166.51810000278
      }
    },
    {
      "attributes" : {
        "FID" : 92,
        "PMNTN_SPOT" : 636,
        "MNTN_CODE" : "462300101",
        "MANAGE_SP1" : "02",
        "MANAGE_SP2" : "분기점",
        "DETAIL_SPO" : "분기점",
        "ETC_MATTER" : " ",
        "MNTN_NM" : "가야산",
        "PAST_SPOT_" : "26049901000093",
        "MNTN_ID" : "2604990100"
      },
      "geometry" : {
        "x" : 263538.70629999973,
        "y" : 264372.06640000455
      }
    },
    {
      "attributes" : {
        "FID" : 93,
        "PMNTN_SPOT" : 637,
        "MNTN_CODE" : "462300101",
        "MANAGE_SP1" : "02",
        "MANAGE_SP2" : "분기점",
        "DETAIL_SPO" : "분기점",
        "ETC_MATTER" : " ",
        "MNTN_NM" : "가야산",
        "PAST_SPOT_" : "26049901000094",
        "MNTN_ID" : "2604990100"
      },
      "geometry" : {
        "x" : 263676.63669999968,
        "y" : 262936.91260000132
      }
    },
    {
      "attributes" : {
        "FID" : 94,
        "PMNTN_SPOT" : 638,
        "MNTN_CODE" : "462300101",
        "MANAGE_SP1" : "02",
        "MANAGE_SP2" : "분기점",
        "DETAIL_SPO" : "분기점",
        "ETC_MATTER" : " ",
        "MNTN_NM" : "가야산",
        "PAST_SPOT_" : "26049901000095",
        "MNTN_ID" : "2604990100"
      },
      "geometry" : {
        "x" : 263682.5,
        "y" : 263213.56640000269
      }
    },
    {
      "attributes" : {
        "FID" : 95,
        "PMNTN_SPOT" : 639,
        "MNTN_CODE" : "462300101",
        "MANAGE_SP1" : "02",
        "MANAGE_SP2" : "분기점",
        "DETAIL_SPO" : "분기점",
        "ETC_MATTER" : " ",
        "MNTN_NM" : "가야산",
        "PAST_SPOT_" : "26049901000096",
        "MNTN_ID" : "2604990100"
      },
      "geometry" : {
        "x" : 263701.42930000089,
        "y" : 263227.61150000244
      }
    },
    {
      "attributes" : {
        "FID" : 96,
        "PMNTN_SPOT" : 640,
        "MNTN_CODE" : "462300101",
        "MANAGE_SP1" : "23",
        "MANAGE_SP2" : "정상",
        "DETAIL_SPO" : "정상",
        "ETC_MATTER" : " ",
        "MNTN_NM" : "가야산",
        "PAST_SPOT_" : "26049901000097",
        "MNTN_ID" : "2604990100"
      },
      "geometry" : {
        "x" : 263784.6462000031,
        "y" : 263324.20900000073
      }
    },
    {
      "attributes" : {
        "FID" : 97,
        "PMNTN_SPOT" : 641,
        "MNTN_CODE" : "462300101",
        "MANAGE_SP1" : "02",
        "MANAGE_SP2" : "분기점",
        "DETAIL_SPO" : "분기점",
        "ETC_MATTER" : " ",
        "MNTN_NM" : "가야산",
        "PAST_SPOT_" : "26049901000098",
        "MNTN_ID" : "2604990100"
      },
      "geometry" : {
        "x" : 263789.97610000148,
        "y" : 262956.7881000042
      }
    },
    {
      "attributes" : {
        "FID" : 98,
        "PMNTN_SPOT" : 642,
        "MNTN_CODE" : "462300101",
        "MANAGE_SP1" : "23",
        "MANAGE_SP2" : "정상",
        "DETAIL_SPO" : "정상",
        "ETC_MATTER" : " ",
        "MNTN_NM" : "가야산",
        "PAST_SPOT_" : "26049901000099",
        "MNTN_ID" : "2604990100"
      },
      "geometry" : {
        "x" : 263807.06250000093,
        "y" : 263316.49000000209
      }
    },
    {
      "attributes" : {
        "FID" : 99,
        "PMNTN_SPOT" : 643,
        "MNTN_CODE" : "462300101",
        "MANAGE_SP1" : "01",
        "MANAGE_SP2" : "시종점",
        "DETAIL_SPO" : "시종점",
        "ETC_MATTER" : " ",
        "MNTN_NM" : "가야산",
        "PAST_SPOT_" : "26049901000100",
        "MNTN_ID" : "2604990100"
      },
      "geometry" : {
        "x" : 263824.17940000072,
        "y" : 262215.25430000015
      }
    },
    {
      "attributes" : {
        "FID" : 100,
        "PMNTN_SPOT" : 644,
        "MNTN_CODE" : "462300101",
        "MANAGE_SP1" : "02",
        "MANAGE_SP2" : "분기점",
        "DETAIL_SPO" : "분기점",
        "ETC_MATTER" : " ",
        "MNTN_NM" : "가야산",
        "PAST_SPOT_" : "26049901000101",
        "MNTN_ID" : "2604990100"
      },
      "geometry" : {
        "x" : 263824.60130000021,
        "y" : 262240.12450000271
      }
    },
    {
      "attributes" : {
        "FID" : 101,
        "PMNTN_SPOT" : 645,
        "MNTN_CODE" : "462300101",
        "MANAGE_SP1" : "02",
        "MANAGE_SP2" : "분기점",
        "DETAIL_SPO" : "분기점",
        "ETC_MATTER" : " ",
        "MNTN_NM" : "가야산",
        "PAST_SPOT_" : "26049901000102",
        "MNTN_ID" : "2604990100"
      },
      "geometry" : {
        "x" : 263837.48840000108,
        "y" : 263305.83809999935
      }
    },
    {
      "attributes" : {
        "FID" : 102,
        "PMNTN_SPOT" : 646,
        "MNTN_CODE" : "462300101",
        "MANAGE_SP1" : "99",
        "MANAGE_SP2" : "기타",
        "DETAIL_SPO" : "구급함,분기,안내도",
        "ETC_MATTER" : " ",
        "MNTN_NM" : "가야산",
        "PAST_SPOT_" : "26049901000103",
        "MNTN_ID" : "2604990100"
      },
      "geometry" : {
        "x" : 263868.7910000002,
        "y" : 263699.06920000166
      }
    },
    {
      "attributes" : {
        "FID" : 103,
        "PMNTN_SPOT" : 647,
        "MNTN_CODE" : "462300101",
        "MANAGE_SP1" : "99",
        "MANAGE_SP2" : "기타",
        "DETAIL_SPO" : "가야샘",
        "ETC_MATTER" : " ",
        "MNTN_NM" : "가야산",
        "PAST_SPOT_" : "26049901000104",
        "MNTN_ID" : "2604990100"
      },
      "geometry" : {
        "x" : 263934.49610000104,
        "y" : 262529.36720000207
      }
    },
    {
      "attributes" : {
        "FID" : 104,
        "PMNTN_SPOT" : 648,
        "MNTN_CODE" : "462300101",
        "MANAGE_SP1" : "11",
        "MANAGE_SP2" : "안내판또는지도",
        "DETAIL_SPO" : "안내판",
        "ETC_MATTER" : " ",
        "MNTN_NM" : "가야산",
        "PAST_SPOT_" : "26049901000105",
        "MNTN_ID" : "2604990100"
      },
      "geometry" : {
        "x" : 263949.01970000379,
        "y" : 263975.47389999963
      }
    },
    {
      "attributes" : {
        "FID" : 105,
        "PMNTN_SPOT" : 649,
        "MNTN_CODE" : "462300101",
        "MANAGE_SP1" : "99",
        "MANAGE_SP2" : "기타",
        "DETAIL_SPO" : "가야샘",
        "ETC_MATTER" : " ",
        "MNTN_NM" : "가야산",
        "PAST_SPOT_" : "26049901000106",
        "MNTN_ID" : "2604990100"
      },
      "geometry" : {
        "x" : 263952.76200000197,
        "y" : 262551.75600000285
      }
    },
    {
      "attributes" : {
        "FID" : 106,
        "PMNTN_SPOT" : 650,
        "MNTN_CODE" : "462300101",
        "MANAGE_SP1" : "11",
        "MANAGE_SP2" : "안내판또는지도",
        "DETAIL_SPO" : "안내판,가로등",
        "ETC_MATTER" : " ",
        "MNTN_NM" : "가야산",
        "PAST_SPOT_" : "26049901000107",
        "MNTN_ID" : "2604990100"
      },
      "geometry" : {
        "x" : 263971.45679999981,
        "y" : 262880.6313000042
      }
    },
    {
      "attributes" : {
        "FID" : 107,
        "PMNTN_SPOT" : 651,
        "MNTN_CODE" : "462300101",
        "MANAGE_SP1" : "11",
        "MANAGE_SP2" : "안내판또는지도",
        "DETAIL_SPO" : "안내판",
        "ETC_MATTER" : " ",
        "MNTN_NM" : "가야산",
        "PAST_SPOT_" : "26049901000108",
        "MNTN_ID" : "2604990100"
      },
      "geometry" : {
        "x" : 263987.63040000293,
        "y" : 263227.80749999918
      }
    },
    {
      "attributes" : {
        "FID" : 108,
        "PMNTN_SPOT" : 652,
        "MNTN_CODE" : "462300101",
        "MANAGE_SP1" : "99",
        "MANAGE_SP2" : "기타",
        "DETAIL_SPO" : "동백쉼터(구급함,음수대,가로등,밴치)",
        "ETC_MATTER" : " ",
        "MNTN_NM" : "가야산",
        "PAST_SPOT_" : "26049901000109",
        "MNTN_ID" : "2604990100"
      },
      "geometry" : {
        "x" : 263989.08059999999,
        "y" : 262997.96750000119
      }
    },
    {
      "attributes" : {
        "FID" : 109,
        "PMNTN_SPOT" : 653,
        "MNTN_CODE" : "462300101",
        "MANAGE_SP1" : "02",
        "MANAGE_SP2" : "분기점",
        "DETAIL_SPO" : "철탑",
        "ETC_MATTER" : " ",
        "MNTN_NM" : "가야산",
        "PAST_SPOT_" : "26049901000110",
        "MNTN_ID" : "2604990100"
      },
      "geometry" : {
        "x" : 264036.62509999983,
        "y" : 263867.56980000436
      }
    },
    {
      "attributes" : {
        "FID" : 110,
        "PMNTN_SPOT" : 654,
        "MNTN_CODE" : "462300101",
        "MANAGE_SP1" : "99",
        "MANAGE_SP2" : "기타",
        "DETAIL_SPO" : "철탑",
        "ETC_MATTER" : " ",
        "MNTN_NM" : "가야산",
        "PAST_SPOT_" : "26049901000111",
        "MNTN_ID" : "2604990100"
      },
      "geometry" : {
        "x" : 264054.92870000098,
        "y" : 263869.26829999872
      }
    },
    {
      "attributes" : {
        "FID" : 111,
        "PMNTN_SPOT" : 655,
        "MNTN_CODE" : "462300101",
        "MANAGE_SP1" : "02",
        "MANAGE_SP2" : "분기점",
        "DETAIL_SPO" : "분기점",
        "ETC_MATTER" : " ",
        "MNTN_NM" : "가야산",
        "PAST_SPOT_" : "26049901000112",
        "MNTN_ID" : "2604990100"
      },
      "geometry" : {
        "x" : 264119.39299999923,
        "y" : 262899.82960000075
      }
    },
    {
      "attributes" : {
        "FID" : 112,
        "PMNTN_SPOT" : 656,
        "MNTN_CODE" : "462300101",
        "MANAGE_SP1" : "11",
        "MANAGE_SP2" : "안내판또는지도",
        "DETAIL_SPO" : "안내판",
        "ETC_MATTER" : " ",
        "MNTN_NM" : "가야산",
        "PAST_SPOT_" : "26049901000113",
        "MNTN_ID" : "2604990100"
      },
      "geometry" : {
        "x" : 264131.95730000176,
        "y" : 262964.54580000043
      }
    },
    {
      "attributes" : {
        "FID" : 113,
        "PMNTN_SPOT" : 657,
        "MNTN_CODE" : "462300101",
        "MANAGE_SP1" : "11",
        "MANAGE_SP2" : "안내판또는지도",
        "DETAIL_SPO" : "안내판",
        "ETC_MATTER" : " ",
        "MNTN_NM" : "가야산",
        "PAST_SPOT_" : "26049901000114",
        "MNTN_ID" : "2604990100"
      },
      "geometry" : {
        "x" : 264139.07620000187,
        "y" : 262992.91349999979
      }
    },
    {
      "attributes" : {
        "FID" : 114,
        "PMNTN_SPOT" : 658,
        "MNTN_CODE" : "462300101",
        "MANAGE_SP1" : "11",
        "MANAGE_SP2" : "안내판또는지도",
        "DETAIL_SPO" : "안내판",
        "ETC_MATTER" : " ",
        "MNTN_NM" : "가야산",
        "PAST_SPOT_" : "26049901000115",
        "MNTN_ID" : "2604990100"
      },
      "geometry" : {
        "x" : 264204.43499999866,
        "y" : 263097.87659999914
      }
    },
    {
      "attributes" : {
        "FID" : 115,
        "PMNTN_SPOT" : 659,
        "MNTN_CODE" : "462300101",
        "MANAGE_SP1" : "99",
        "MANAGE_SP2" : "기타",
        "DETAIL_SPO" : "콘골돌탑공원",
        "ETC_MATTER" : " ",
        "MNTN_NM" : "가야산",
        "PAST_SPOT_" : "26049901000116",
        "MNTN_ID" : "2604990100"
      },
      "geometry" : {
        "x" : 264351.0176000027,
        "y" : 263547.02600000054
      }
    },
    {
      "attributes" : {
        "FID" : 116,
        "PMNTN_SPOT" : 660,
        "MNTN_CODE" : "462300101",
        "MANAGE_SP1" : "01",
        "MANAGE_SP2" : "시종점",
        "DETAIL_SPO" : "시종점",
        "ETC_MATTER" : " ",
        "MNTN_NM" : "가야산",
        "PAST_SPOT_" : "26049901000117",
        "MNTN_ID" : "2604990100"
      },
      "geometry" : {
        "x" : 264357.04079999961,
        "y" : 265708.43530000187
      }
    },
    {
      "attributes" : {
        "FID" : 117,
        "PMNTN_SPOT" : 661,
        "MNTN_CODE" : "462300101",
        "MANAGE_SP1" : "99",
        "MANAGE_SP2" : "기타",
        "DETAIL_SPO" : "콘골돌탑공원",
        "ETC_MATTER" : " ",
        "MNTN_NM" : "가야산",
        "PAST_SPOT_" : "26049901000118",
        "MNTN_ID" : "2604990100"
      },
      "geometry" : {
        "x" : 264368.66569999978,
        "y" : 263578.00779999979
      }
    },
    {
      "attributes" : {
        "FID" : 118,
        "PMNTN_SPOT" : 662,
        "MNTN_CODE" : "462300101",
        "MANAGE_SP1" : "01",
        "MANAGE_SP2" : "시종점",
        "DETAIL_SPO" : "시종점",
        "ETC_MATTER" : " ",
        "MNTN_NM" : "가야산",
        "PAST_SPOT_" : "26049901000119",
        "MNTN_ID" : "2604990100"
      },
      "geometry" : {
        "x" : 264406.85850000102,
        "y" : 261650.84010000154
      }
    },
    {
      "attributes" : {
        "FID" : 119,
        "PMNTN_SPOT" : 663,
        "MNTN_CODE" : "462300101",
        "MANAGE_SP1" : "02",
        "MANAGE_SP2" : "분기점",
        "DETAIL_SPO" : "분기점",
        "ETC_MATTER" : " ",
        "MNTN_NM" : "가야산",
        "PAST_SPOT_" : "26049901000120",
        "MNTN_ID" : "2604990100"
      },
      "geometry" : {
        "x" : 264727.73390000127,
        "y" : 263523.15660000034
      }
    },
    {
      "attributes" : {
        "FID" : 120,
        "PMNTN_SPOT" : 664,
        "MNTN_CODE" : "462300101",
        "MANAGE_SP1" : "02",
        "MANAGE_SP2" : "분기점",
        "DETAIL_SPO" : "분기점",
        "ETC_MATTER" : " ",
        "MNTN_NM" : "가야산",
        "PAST_SPOT_" : "26049901000121",
        "MNTN_ID" : "2604990100"
      },
      "geometry" : {
        "x" : 264730.83330000006,
        "y" : 263488.66820000298
      }
    },
    {
      "attributes" : {
        "FID" : 121,
        "PMNTN_SPOT" : 665,
        "MNTN_CODE" : "462300101",
        "MANAGE_SP1" : "02",
        "MANAGE_SP2" : "분기점",
        "DETAIL_SPO" : "분기점",
        "ETC_MATTER" : " ",
        "MNTN_NM" : "가야산",
        "PAST_SPOT_" : "26049901000122",
        "MNTN_ID" : "2604990100"
      },
      "geometry" : {
        "x" : 264846.37450000178,
        "y" : 263695.10650000162
      }
    },
    {
      "attributes" : {
        "FID" : 122,
        "PMNTN_SPOT" : 666,
        "MNTN_CODE" : "462300101",
        "MANAGE_SP1" : "01",
        "MANAGE_SP2" : "시종점",
        "DETAIL_SPO" : "시종점",
        "ETC_MATTER" : " ",
        "MNTN_NM" : "가야산",
        "PAST_SPOT_" : "26049901000123",
        "MNTN_ID" : "2604990100"
      },
      "geometry" : {
        "x" : 265063.74530000146,
        "y" : 263735.33339999989
      }
    },
    {
      "attributes" : {
        "FID" : 123,
        "PMNTN_SPOT" : 667,
        "MNTN_CODE" : "462300101",
        "MANAGE_SP1" : "01",
        "MANAGE_SP2" : "시종점",
        "DETAIL_SPO" : "시종점",
        "ETC_MATTER" : " ",
        "MNTN_NM" : "가야산",
        "PAST_SPOT_" : "26049901000124",
        "MNTN_ID" : "2604990100"
      },
      "geometry" : {
        "x" : 265076.71710000001,
        "y" : 262592.88580000028
      }
    },
    {
      "attributes" : {
        "FID" : 124,
        "PMNTN_SPOT" : 668,
        "MNTN_CODE" : "462300101",
        "MANAGE_SP1" : "02",
        "MANAGE_SP2" : "분기점",
        "DETAIL_SPO" : "분기점",
        "ETC_MATTER" : " ",
        "MNTN_NM" : "가야산",
        "PAST_SPOT_" : "26049901000125",
        "MNTN_ID" : "2604990100"
      },
      "geometry" : {
        "x" : 265085.56200000085,
        "y" : 262714.69490000047
      }
    },
    {
      "attributes" : {
        "FID" : 125,
        "PMNTN_SPOT" : 669,
        "MNTN_CODE" : "462300101",
        "MANAGE_SP1" : "01",
        "MANAGE_SP2" : "시종점",
        "DETAIL_SPO" : "시작점",
        "ETC_MATTER" : " ",
        "MNTN_NM" : "가야산",
        "PAST_SPOT_" : "26049901000126",
        "MNTN_ID" : "2604990100"
      },
      "geometry" : {
        "x" : 265102.40290000197,
        "y" : 262792.41980000213
      }
    },
    {
      "attributes" : {
        "FID" : 126,
        "PMNTN_SPOT" : 670,
        "MNTN_CODE" : "462300101",
        "MANAGE_SP1" : "01",
        "MANAGE_SP2" : "시종점",
        "DETAIL_SPO" : "시종점",
        "ETC_MATTER" : " ",
        "MNTN_NM" : "가야산",
        "PAST_SPOT_" : "26049901000127",
        "MNTN_ID" : "2604990100"
      },
      "geometry" : {
        "x" : 265124.60970000084,
        "y" : 264776.9990000017
      }
    },
    {
      "attributes" : {
        "FID" : 127,
        "PMNTN_SPOT" : 671,
        "MNTN_CODE" : "462300101",
        "MANAGE_SP1" : "01",
        "MANAGE_SP2" : "시종점",
        "DETAIL_SPO" : "시종점",
        "ETC_MATTER" : " ",
        "MNTN_NM" : "가야산",
        "PAST_SPOT_" : "26049901000128",
        "MNTN_ID" : "2604990100"
      },
      "geometry" : {
        "x" : 265138.1071000006,
        "y" : 263541.98670000024
      }
    }
  ]
}