{
  "displayFieldName" : "",
  "fieldAliases" : {
    "FID" : "FID",
    "PMNTN_SPOT" : "PMNTN_SPOT",
    "MNTN_CODE" : "MNTN_CODE",
    "MANAGE_SP1" : "MANAGE_SP1",
    "MANAGE_SP2" : "MANAGE_SP2",
    "DETAIL_SPO" : "DETAIL_SPO",
    "ETC_MATTER" : "ETC_MATTER",
    "MNTN_NM" : "MNTN_NM",
    "PAST_SPOT_" : "PAST_SPOT_",
    "MNTN_ID" : "MNTN_ID"
  },
  "geometryType" : "esriGeometryPoint",
  "spatialReference" : {
    "wkt" : "PROJCS[\"PCS_ITRF2000_TM\",GEOGCS[\"GCS_ITRF_2000\",DATUM[\"D_ITRF_2000\",SPHEROID[\"GRS_1980\",6378137.0,298.257222101]],PRIMEM[\"Greenwich\",0.0],UNIT[\"Degree\",0.0174532925199433]],PROJECTION[\"Transverse_Mercator\"],PARAMETER[\"False_Easting\",200000.0],PARAMETER[\"False_Northing\",600000.0],PARAMETER[\"Central_Meridian\",127.0],PARAMETER[\"Scale_Factor\",1.0],PARAMETER[\"Latitude_Of_Origin\",38.0],UNIT[\"Meter\",1.0]]"
  },
  "fields" : [
    {
      "name" : "FID",
      "type" : "esriFieldTypeOID",
      "alias" : "FID"
    },
    {
      "name" : "PMNTN_SPOT",
      "type" : "esriFieldTypeDouble",
      "alias" : "PMNTN_SPOT"
    },
    {
      "name" : "MNTN_CODE",
      "type" : "esriFieldTypeString",
      "alias" : "MNTN_CODE",
      "length" : 9
    },
    {
      "name" : "MANAGE_SP1",
      "type" : "esriFieldTypeString",
      "alias" : "MANAGE_SP1",
      "length" : 2
    },
    {
      "name" : "MANAGE_SP2",
      "type" : "esriFieldTypeString",
      "alias" : "MANAGE_SP2",
      "length" : 50
    },
    {
      "name" : "DETAIL_SPO",
      "type" : "esriFieldTypeString",
      "alias" : "DETAIL_SPO",
      "length" : 200
    },
    {
      "name" : "ETC_MATTER",
      "type" : "esriFieldTypeString",
      "alias" : "ETC_MATTER",
      "length" : 200
    },
    {
      "name" : "MNTN_NM",
      "type" : "esriFieldTypeString",
      "alias" : "MNTN_NM",
      "length" : 50
    },
    {
      "name" : "PAST_SPOT_",
      "type" : "esriFieldTypeString",
      "alias" : "PAST_SPOT_",
      "length" : 14
    },
    {
      "name" : "MNTN_ID",
      "type" : "esriFieldTypeString",
      "alias" : "MNTN_ID",
      "length" : 10
    }
  ],
  "features" : [
    {
      "attributes" : {
        "FID" : 0,
        "PMNTN_SPOT" : 23981,
        "MNTN_CODE" : "312000201",
        "MANAGE_SP1" : "01",
        "MANAGE_SP2" : "시종점",
        "DETAIL_SPO" : "시종점",
        "ETC_MATTER" : " ",
        "MNTN_NM" : "동화산",
        "PAST_SPOT_" : "3120002010001",
        "MNTN_ID" : "312000201"
      },
      "geometry" : {
        "x" : 415012.63735526241,
        "y" : 337133.54021830484
      }
    },
    {
      "attributes" : {
        "FID" : 1,
        "PMNTN_SPOT" : 23982,
        "MNTN_CODE" : "312000201",
        "MANAGE_SP1" : "01",
        "MANAGE_SP2" : "시종점",
        "DETAIL_SPO" : "시종점",
        "ETC_MATTER" : " ",
        "MNTN_NM" : "동화산",
        "PAST_SPOT_" : "3120002010002",
        "MNTN_ID" : "312000201"
      },
      "geometry" : {
        "x" : 415191.62964466494,
        "y" : 335661.37552461028
      }
    },
    {
      "attributes" : {
        "FID" : 2,
        "PMNTN_SPOT" : 23983,
        "MNTN_CODE" : "312000201",
        "MANAGE_SP1" : "02",
        "MANAGE_SP2" : "분기점",
        "DETAIL_SPO" : "분기점",
        "ETC_MATTER" : " ",
        "MNTN_NM" : "동화산",
        "PAST_SPOT_" : "3120002010003",
        "MNTN_ID" : "312000201"
      },
      "geometry" : {
        "x" : 415940.57223510649,
        "y" : 335505.40447642282
      }
    },
    {
      "attributes" : {
        "FID" : 3,
        "PMNTN_SPOT" : 23984,
        "MNTN_CODE" : "312000201",
        "MANAGE_SP1" : "02",
        "MANAGE_SP2" : "분기점",
        "DETAIL_SPO" : "분기점",
        "ETC_MATTER" : " ",
        "MNTN_NM" : "동화산",
        "PAST_SPOT_" : "3120002010004",
        "MNTN_ID" : "312000201"
      },
      "geometry" : {
        "x" : 415982.24687752221,
        "y" : 335284.52775627188
      }
    },
    {
      "attributes" : {
        "FID" : 4,
        "PMNTN_SPOT" : 23985,
        "MNTN_CODE" : "312000201",
        "MANAGE_SP1" : "02",
        "MANAGE_SP2" : "분기점",
        "DETAIL_SPO" : "분기점",
        "ETC_MATTER" : " ",
        "MNTN_NM" : "동화산",
        "PAST_SPOT_" : "3120002010005",
        "MNTN_ID" : "312000201"
      },
      "geometry" : {
        "x" : 416042.87480825931,
        "y" : 335012.62467262894
      }
    },
    {
      "attributes" : {
        "FID" : 5,
        "PMNTN_SPOT" : 23986,
        "MNTN_CODE" : "312000201",
        "MANAGE_SP1" : "01",
        "MANAGE_SP2" : "시종점",
        "DETAIL_SPO" : "시종점",
        "ETC_MATTER" : " ",
        "MNTN_NM" : "동화산",
        "PAST_SPOT_" : "3120002010006",
        "MNTN_ID" : "312000201"
      },
      "geometry" : {
        "x" : 416062.74611725565,
        "y" : 334953.76707376353
      }
    },
    {
      "attributes" : {
        "FID" : 6,
        "PMNTN_SPOT" : 23987,
        "MNTN_CODE" : "312000201",
        "MANAGE_SP1" : "02",
        "MANAGE_SP2" : "분기점",
        "DETAIL_SPO" : "분기점",
        "ETC_MATTER" : " ",
        "MNTN_NM" : "동화산",
        "PAST_SPOT_" : "3120002010007",
        "MNTN_ID" : "312000201"
      },
      "geometry" : {
        "x" : 416111.72644979507,
        "y" : 337104.75886234827
      }
    },
    {
      "attributes" : {
        "FID" : 7,
        "PMNTN_SPOT" : 23988,
        "MNTN_CODE" : "312000201",
        "MANAGE_SP1" : "02",
        "MANAGE_SP2" : "분기점",
        "DETAIL_SPO" : "분기점",
        "ETC_MATTER" : " ",
        "MNTN_NM" : "동화산",
        "PAST_SPOT_" : "3120002010008",
        "MNTN_ID" : "312000201"
      },
      "geometry" : {
        "x" : 416364.06674746051,
        "y" : 335845.81013483927
      }
    },
    {
      "attributes" : {
        "FID" : 8,
        "PMNTN_SPOT" : 23989,
        "MNTN_CODE" : "312000201",
        "MANAGE_SP1" : "02",
        "MANAGE_SP2" : "분기점",
        "DETAIL_SPO" : "분기점",
        "ETC_MATTER" : " ",
        "MNTN_NM" : "동화산",
        "PAST_SPOT_" : "3120002010009",
        "MNTN_ID" : "312000201"
      },
      "geometry" : {
        "x" : 416784.68027614616,
        "y" : 337095.29216608964
      }
    },
    {
      "attributes" : {
        "FID" : 9,
        "PMNTN_SPOT" : 23990,
        "MNTN_CODE" : "312000201",
        "MANAGE_SP1" : "01",
        "MANAGE_SP2" : "시종점",
        "DETAIL_SPO" : "시종점",
        "ETC_MATTER" : " ",
        "MNTN_NM" : "동화산",
        "PAST_SPOT_" : "3120002010010",
        "MNTN_ID" : "312000201"
      },
      "geometry" : {
        "x" : 418721.18344692793,
        "y" : 337004.93031849898
      }
    }
  ]
}