{
  "displayFieldName" : "",
  "fieldAliases" : {
    "FID" : "FID",
    "PMNTN_SPOT" : "PMNTN_SPOT",
    "MNTN_CODE" : "MNTN_CODE",
    "MANAGE_SP1" : "MANAGE_SP1",
    "MANAGE_SP2" : "MANAGE_SP2",
    "DETAIL_SPO" : "DETAIL_SPO",
    "ETC_MATTER" : "ETC_MATTER",
    "MNTN_NM" : "MNTN_NM",
    "PAST_SPOT_" : "PAST_SPOT_",
    "MNTN_ID" : "MNTN_ID"
  },
  "geometryType" : "esriGeometryPoint",
  "spatialReference" : {
    "wkt" : "PROJCS[\"PCS_ITRF2000_TM\",GEOGCS[\"GCS_ITRF_2000\",DATUM[\"D_ITRF_2000\",SPHEROID[\"GRS_1980\",6378137.0,298.257222101]],PRIMEM[\"Greenwich\",0.0],UNIT[\"Degree\",0.0174532925199433]],PROJECTION[\"Transverse_Mercator\"],PARAMETER[\"False_Easting\",200000.0],PARAMETER[\"False_Northing\",600000.0],PARAMETER[\"Central_Meridian\",127.0],PARAMETER[\"Scale_Factor\",1.0],PARAMETER[\"Latitude_Of_Origin\",38.0],UNIT[\"Meter\",1.0]]"
  },
  "fields" : [
    {
      "name" : "FID",
      "type" : "esriFieldTypeOID",
      "alias" : "FID"
    },
    {
      "name" : "PMNTN_SPOT",
      "type" : "esriFieldTypeDouble",
      "alias" : "PMNTN_SPOT"
    },
    {
      "name" : "MNTN_CODE",
      "type" : "esriFieldTypeString",
      "alias" : "MNTN_CODE",
      "length" : 9
    },
    {
      "name" : "MANAGE_SP1",
      "type" : "esriFieldTypeString",
      "alias" : "MANAGE_SP1",
      "length" : 2
    },
    {
      "name" : "MANAGE_SP2",
      "type" : "esriFieldTypeString",
      "alias" : "MANAGE_SP2",
      "length" : 50
    },
    {
      "name" : "DETAIL_SPO",
      "type" : "esriFieldTypeString",
      "alias" : "DETAIL_SPO",
      "length" : 200
    },
    {
      "name" : "ETC_MATTER",
      "type" : "esriFieldTypeString",
      "alias" : "ETC_MATTER",
      "length" : 200
    },
    {
      "name" : "MNTN_NM",
      "type" : "esriFieldTypeString",
      "alias" : "MNTN_NM",
      "length" : 50
    },
    {
      "name" : "PAST_SPOT_",
      "type" : "esriFieldTypeString",
      "alias" : "PAST_SPOT_",
      "length" : 14
    },
    {
      "name" : "MNTN_ID",
      "type" : "esriFieldTypeString",
      "alias" : "MNTN_ID",
      "length" : 10
    }
  ],
  "features" : [
    {
      "attributes" : {
        "FID" : 0,
        "PMNTN_SPOT" : 45326,
        "MNTN_CODE" : "416101701",
        "MANAGE_SP1" : "99",
        "MANAGE_SP2" : "기타",
        "DETAIL_SPO" : "등산로",
        "ETC_MATTER" : " ",
        "MNTN_NM" : "불곡산",
        "PAST_SPOT_" : "21071113000001",
        "MNTN_ID" : "2107111300"
      },
      "geometry" : {
        "x" : 210753.27400000114,
        "y" : 528660.08469999954
      }
    },
    {
      "attributes" : {
        "FID" : 1,
        "PMNTN_SPOT" : 45327,
        "MNTN_CODE" : "416101701",
        "MANAGE_SP1" : "10",
        "MANAGE_SP2" : "이정표",
        "DETAIL_SPO" : "부천당고개이정표\n체육시설",
        "ETC_MATTER" : " ",
        "MNTN_NM" : "불곡산",
        "PAST_SPOT_" : "21071113000002",
        "MNTN_ID" : "2107111300"
      },
      "geometry" : {
        "x" : 211901.23080000095,
        "y" : 527581.16909999959
      }
    },
    {
      "attributes" : {
        "FID" : 2,
        "PMNTN_SPOT" : 45328,
        "MNTN_CODE" : "416101701",
        "MANAGE_SP1" : "99",
        "MANAGE_SP2" : "기타",
        "DETAIL_SPO" : "목계단",
        "ETC_MATTER" : " ",
        "MNTN_NM" : "불곡산",
        "PAST_SPOT_" : "21071113000003",
        "MNTN_ID" : "2107111300"
      },
      "geometry" : {
        "x" : 213034.75040000025,
        "y" : 528992.36639999971
      }
    },
    {
      "attributes" : {
        "FID" : 3,
        "PMNTN_SPOT" : 45329,
        "MNTN_CODE" : "416101701",
        "MANAGE_SP1" : "10",
        "MANAGE_SP2" : "이정표",
        "DETAIL_SPO" : "이정표",
        "ETC_MATTER" : " ",
        "MNTN_NM" : "불곡산",
        "PAST_SPOT_" : "21071113000004",
        "MNTN_ID" : "2107111300"
      },
      "geometry" : {
        "x" : 211167.09380000085,
        "y" : 529260.87409999967
      }
    },
    {
      "attributes" : {
        "FID" : 4,
        "PMNTN_SPOT" : 45330,
        "MNTN_CODE" : "416101701",
        "MANAGE_SP1" : "10",
        "MANAGE_SP2" : "이정표",
        "DETAIL_SPO" : "이정표",
        "ETC_MATTER" : " ",
        "MNTN_NM" : "불곡산",
        "PAST_SPOT_" : "21071113000005",
        "MNTN_ID" : "2107111300"
      },
      "geometry" : {
        "x" : 212068.64080000017,
        "y" : 527390.10119999945
      }
    },
    {
      "attributes" : {
        "FID" : 5,
        "PMNTN_SPOT" : 45331,
        "MNTN_CODE" : "416101701",
        "MANAGE_SP1" : "07",
        "MANAGE_SP2" : "시설물(운동기구 등)",
        "DETAIL_SPO" : "체육공원",
        "ETC_MATTER" : " ",
        "MNTN_NM" : "불곡산",
        "PAST_SPOT_" : "21071113000006",
        "MNTN_ID" : "2107111300"
      },
      "geometry" : {
        "x" : 211146.77300000004,
        "y" : 529233.01219999976
      }
    },
    {
      "attributes" : {
        "FID" : 6,
        "PMNTN_SPOT" : 45332,
        "MNTN_CODE" : "416101701",
        "MANAGE_SP1" : "10",
        "MANAGE_SP2" : "이정표",
        "DETAIL_SPO" : "불곡산능선 이정표",
        "ETC_MATTER" : " ",
        "MNTN_NM" : "불곡산",
        "PAST_SPOT_" : "21071113000007",
        "MNTN_ID" : "2107111300"
      },
      "geometry" : {
        "x" : 212195.319000002,
        "y" : 527245.80240000039
      }
    },
    {
      "attributes" : {
        "FID" : 7,
        "PMNTN_SPOT" : 45333,
        "MNTN_CODE" : "416101701",
        "MANAGE_SP1" : "99",
        "MANAGE_SP2" : "기타",
        "DETAIL_SPO" : "생태공원",
        "ETC_MATTER" : " ",
        "MNTN_NM" : "불곡산",
        "PAST_SPOT_" : "21071113000008",
        "MNTN_ID" : "2107111300"
      },
      "geometry" : {
        "x" : 212137.2351000011,
        "y" : 526863.25300000235
      }
    },
    {
      "attributes" : {
        "FID" : 8,
        "PMNTN_SPOT" : 45334,
        "MNTN_CODE" : "416101701",
        "MANAGE_SP1" : "10",
        "MANAGE_SP2" : "이정표",
        "DETAIL_SPO" : "휘남에고개 이정표",
        "ETC_MATTER" : " ",
        "MNTN_NM" : "불곡산",
        "PAST_SPOT_" : "21071113000009",
        "MNTN_ID" : "2107111300"
      },
      "geometry" : {
        "x" : 212191.7097000014,
        "y" : 526694.57860000059
      }
    },
    {
      "attributes" : {
        "FID" : 9,
        "PMNTN_SPOT" : 45335,
        "MNTN_CODE" : "416101701",
        "MANAGE_SP1" : "10",
        "MANAGE_SP2" : "이정표",
        "DETAIL_SPO" : "떡봉고개 이정표",
        "ETC_MATTER" : " ",
        "MNTN_NM" : "불곡산",
        "PAST_SPOT_" : "21071113000010",
        "MNTN_ID" : "2107111300"
      },
      "geometry" : {
        "x" : 211751.40240000375,
        "y" : 526608.65229999833
      }
    },
    {
      "attributes" : {
        "FID" : 10,
        "PMNTN_SPOT" : 45336,
        "MNTN_CODE" : "416101701",
        "MANAGE_SP1" : "99",
        "MANAGE_SP2" : "기타",
        "DETAIL_SPO" : "철탑,벤치",
        "ETC_MATTER" : " ",
        "MNTN_NM" : "불곡산",
        "PAST_SPOT_" : "21071113000011",
        "MNTN_ID" : "2107111300"
      },
      "geometry" : {
        "x" : 211641.34640000109,
        "y" : 526533.94050000049
      }
    },
    {
      "attributes" : {
        "FID" : 11,
        "PMNTN_SPOT" : 45337,
        "MNTN_CODE" : "416101701",
        "MANAGE_SP1" : "02",
        "MANAGE_SP2" : "분기점",
        "DETAIL_SPO" : "용인방향갈림길",
        "ETC_MATTER" : " ",
        "MNTN_NM" : "불곡산",
        "PAST_SPOT_" : "21071113000012",
        "MNTN_ID" : "2107111300"
      },
      "geometry" : {
        "x" : 211526.63599999994,
        "y" : 526491.78670000099
      }
    },
    {
      "attributes" : {
        "FID" : 12,
        "PMNTN_SPOT" : 45338,
        "MNTN_CODE" : "416101701",
        "MANAGE_SP1" : "10",
        "MANAGE_SP2" : "이정표",
        "DETAIL_SPO" : "이정표,체육시설,벤치",
        "ETC_MATTER" : " ",
        "MNTN_NM" : "불곡산",
        "PAST_SPOT_" : "21071113000013",
        "MNTN_ID" : "2107111300"
      },
      "geometry" : {
        "x" : 210808.93829999864,
        "y" : 526376.42559999973
      }
    },
    {
      "attributes" : {
        "FID" : 13,
        "PMNTN_SPOT" : 45339,
        "MNTN_CODE" : "416101701",
        "MANAGE_SP1" : "07",
        "MANAGE_SP2" : "시설물(운동기구 등)",
        "DETAIL_SPO" : "체육공원",
        "ETC_MATTER" : " ",
        "MNTN_NM" : "불곡산",
        "PAST_SPOT_" : "21071113000014",
        "MNTN_ID" : "2107111300"
      },
      "geometry" : {
        "x" : 210816.10429999977,
        "y" : 528674.61510000378
      }
    },
    {
      "attributes" : {
        "FID" : 14,
        "PMNTN_SPOT" : 45340,
        "MNTN_CODE" : "416101701",
        "MANAGE_SP1" : "99",
        "MANAGE_SP2" : "기타",
        "DETAIL_SPO" : "불곡산 산림욕장",
        "ETC_MATTER" : " ",
        "MNTN_NM" : "불곡산",
        "PAST_SPOT_" : "21071113000015",
        "MNTN_ID" : "2107111300"
      },
      "geometry" : {
        "x" : 210760.59779999964,
        "y" : 526375.74250000343
      }
    },
    {
      "attributes" : {
        "FID" : 15,
        "PMNTN_SPOT" : 45341,
        "MNTN_CODE" : "416101701",
        "MANAGE_SP1" : "99",
        "MANAGE_SP2" : "기타",
        "DETAIL_SPO" : "선지봉 쉼터",
        "ETC_MATTER" : " ",
        "MNTN_NM" : "불곡산",
        "PAST_SPOT_" : "21071113000016",
        "MNTN_ID" : "2107111300"
      },
      "geometry" : {
        "x" : 211707.20070000086,
        "y" : 530064.41859999858
      }
    },
    {
      "attributes" : {
        "FID" : 16,
        "PMNTN_SPOT" : 45342,
        "MNTN_CODE" : "416101701",
        "MANAGE_SP1" : "16",
        "MANAGE_SP2" : "주요나무",
        "DETAIL_SPO" : "잦나무숲",
        "ETC_MATTER" : " ",
        "MNTN_NM" : "불곡산",
        "PAST_SPOT_" : "21071113000017",
        "MNTN_ID" : "2107111300"
      },
      "geometry" : {
        "x" : 211743.37140000053,
        "y" : 529953.42769999988
      }
    },
    {
      "attributes" : {
        "FID" : 17,
        "PMNTN_SPOT" : 45343,
        "MNTN_CODE" : "416101701",
        "MANAGE_SP1" : "16",
        "MANAGE_SP2" : "주요나무",
        "DETAIL_SPO" : "아카시아숲",
        "ETC_MATTER" : " ",
        "MNTN_NM" : "불곡산",
        "PAST_SPOT_" : "21071113000018",
        "MNTN_ID" : "2107111300"
      },
      "geometry" : {
        "x" : 211747.00899999961,
        "y" : 529923.76630000211
      }
    },
    {
      "attributes" : {
        "FID" : 18,
        "PMNTN_SPOT" : 45344,
        "MNTN_CODE" : "416101701",
        "MANAGE_SP1" : "11",
        "MANAGE_SP2" : "안내판또는지도",
        "DETAIL_SPO" : "안내판",
        "ETC_MATTER" : " ",
        "MNTN_NM" : "불곡산",
        "PAST_SPOT_" : "21071113000019",
        "MNTN_ID" : "2107111300"
      },
      "geometry" : {
        "x" : 213030.22420000006,
        "y" : 528997.60910000093
      }
    },
    {
      "attributes" : {
        "FID" : 19,
        "PMNTN_SPOT" : 45345,
        "MNTN_CODE" : "416101701",
        "MANAGE_SP1" : "16",
        "MANAGE_SP2" : "주요나무",
        "DETAIL_SPO" : "박달나무 숲",
        "ETC_MATTER" : " ",
        "MNTN_NM" : "불곡산",
        "PAST_SPOT_" : "21071113000020",
        "MNTN_ID" : "2107111300"
      },
      "geometry" : {
        "x" : 212098.28600000311,
        "y" : 529218.48260000162
      }
    },
    {
      "attributes" : {
        "FID" : 20,
        "PMNTN_SPOT" : 45346,
        "MNTN_CODE" : "416101701",
        "MANAGE_SP1" : "99",
        "MANAGE_SP2" : "기타",
        "DETAIL_SPO" : "산불피해지",
        "ETC_MATTER" : " ",
        "MNTN_NM" : "불곡산",
        "PAST_SPOT_" : "21071113000021",
        "MNTN_ID" : "2107111300"
      },
      "geometry" : {
        "x" : 212096.93060000055,
        "y" : 529094.68750000373
      }
    },
    {
      "attributes" : {
        "FID" : 21,
        "PMNTN_SPOT" : 45347,
        "MNTN_CODE" : "416101701",
        "MANAGE_SP1" : "07",
        "MANAGE_SP2" : "시설물(운동기구 등)",
        "DETAIL_SPO" : "체육시설,태재고개갈림길",
        "ETC_MATTER" : " ",
        "MNTN_NM" : "불곡산",
        "PAST_SPOT_" : "21071113000022",
        "MNTN_ID" : "2107111300"
      },
      "geometry" : {
        "x" : 212143.29250000045,
        "y" : 528926.23359999992
      }
    },
    {
      "attributes" : {
        "FID" : 22,
        "PMNTN_SPOT" : 45348,
        "MNTN_CODE" : "416101701",
        "MANAGE_SP1" : "11",
        "MANAGE_SP2" : "안내판또는지도",
        "DETAIL_SPO" : "안내판,토지공사 갈림길,",
        "ETC_MATTER" : " ",
        "MNTN_NM" : "불곡산",
        "PAST_SPOT_" : "21071113000023",
        "MNTN_ID" : "2107111300"
      },
      "geometry" : {
        "x" : 210863.4204000039,
        "y" : 528648.61630000174
      }
    },
    {
      "attributes" : {
        "FID" : 23,
        "PMNTN_SPOT" : 45349,
        "MNTN_CODE" : "416101701",
        "MANAGE_SP1" : "10",
        "MANAGE_SP2" : "이정표",
        "DETAIL_SPO" : "이정표",
        "ETC_MATTER" : " ",
        "MNTN_NM" : "불곡산",
        "PAST_SPOT_" : "21071113000024",
        "MNTN_ID" : "2107111300"
      },
      "geometry" : {
        "x" : 212998.0857000025,
        "y" : 529001.82140000165
      }
    },
    {
      "attributes" : {
        "FID" : 24,
        "PMNTN_SPOT" : 45350,
        "MNTN_CODE" : "416101701",
        "MANAGE_SP1" : "99",
        "MANAGE_SP2" : "기타",
        "DETAIL_SPO" : "형제봉",
        "ETC_MATTER" : " ",
        "MNTN_NM" : "불곡산",
        "PAST_SPOT_" : "21071113000025",
        "MNTN_ID" : "2107111300"
      },
      "geometry" : {
        "x" : 212058.96940000076,
        "y" : 528865.21520000137
      }
    },
    {
      "attributes" : {
        "FID" : 25,
        "PMNTN_SPOT" : 45351,
        "MNTN_CODE" : "416101701",
        "MANAGE_SP1" : "06",
        "MANAGE_SP2" : "음수대",
        "DETAIL_SPO" : "동이약수터 갈림길",
        "ETC_MATTER" : " ",
        "MNTN_NM" : "불곡산",
        "PAST_SPOT_" : "21071113000026",
        "MNTN_ID" : "2107111300"
      },
      "geometry" : {
        "x" : 211942.16210000403,
        "y" : 528782.55389999971
      }
    },
    {
      "attributes" : {
        "FID" : 26,
        "PMNTN_SPOT" : 45352,
        "MNTN_CODE" : "416101701",
        "MANAGE_SP1" : "99",
        "MANAGE_SP2" : "기타",
        "DETAIL_SPO" : "삼각점",
        "ETC_MATTER" : " ",
        "MNTN_NM" : "불곡산",
        "PAST_SPOT_" : "21071113000027",
        "MNTN_ID" : "2107111300"
      },
      "geometry" : {
        "x" : 211847.31250000373,
        "y" : 528467.71030000038
      }
    },
    {
      "attributes" : {
        "FID" : 27,
        "PMNTN_SPOT" : 45353,
        "MNTN_CODE" : "416101701",
        "MANAGE_SP1" : "99",
        "MANAGE_SP2" : "기타",
        "DETAIL_SPO" : "명상의 숲",
        "ETC_MATTER" : " ",
        "MNTN_NM" : "불곡산",
        "PAST_SPOT_" : "21071113000028",
        "MNTN_ID" : "2107111300"
      },
      "geometry" : {
        "x" : 211850.61140000354,
        "y" : 528459.191300001
      }
    },
    {
      "attributes" : {
        "FID" : 28,
        "PMNTN_SPOT" : 45354,
        "MNTN_CODE" : "416101701",
        "MANAGE_SP1" : "99",
        "MANAGE_SP2" : "기타",
        "DETAIL_SPO" : "명상의 숲",
        "ETC_MATTER" : " ",
        "MNTN_NM" : "불곡산",
        "PAST_SPOT_" : "21071113000029",
        "MNTN_ID" : "2107111300"
      },
      "geometry" : {
        "x" : 211902.2677000016,
        "y" : 528336.38090000115
      }
    },
    {
      "attributes" : {
        "FID" : 29,
        "PMNTN_SPOT" : 45355,
        "MNTN_CODE" : "416101701",
        "MANAGE_SP1" : "10",
        "MANAGE_SP2" : "이정표",
        "DETAIL_SPO" : "태재고개 이정표",
        "ETC_MATTER" : " ",
        "MNTN_NM" : "불곡산",
        "PAST_SPOT_" : "21071113000030",
        "MNTN_ID" : "2107111300"
      },
      "geometry" : {
        "x" : 212598.61409999896,
        "y" : 528917.10020000115
      }
    },
    {
      "attributes" : {
        "FID" : 30,
        "PMNTN_SPOT" : 45356,
        "MNTN_CODE" : "416101701",
        "MANAGE_SP1" : "05",
        "MANAGE_SP2" : "벤치",
        "DETAIL_SPO" : "벤치",
        "ETC_MATTER" : " ",
        "MNTN_NM" : "불곡산",
        "PAST_SPOT_" : "21071113000031",
        "MNTN_ID" : "2107111300"
      },
      "geometry" : {
        "x" : 211398.63730000053,
        "y" : 528142.66139999963
      }
    },
    {
      "attributes" : {
        "FID" : 31,
        "PMNTN_SPOT" : 45357,
        "MNTN_CODE" : "416101701",
        "MANAGE_SP1" : "05",
        "MANAGE_SP2" : "벤치",
        "DETAIL_SPO" : "벤치",
        "ETC_MATTER" : " ",
        "MNTN_NM" : "불곡산",
        "PAST_SPOT_" : "21071113000032",
        "MNTN_ID" : "2107111300"
      },
      "geometry" : {
        "x" : 211599.4151999997,
        "y" : 527999.35270000063
      }
    },
    {
      "attributes" : {
        "FID" : 32,
        "PMNTN_SPOT" : 45358,
        "MNTN_CODE" : "416101701",
        "MANAGE_SP1" : "05",
        "MANAGE_SP2" : "벤치",
        "DETAIL_SPO" : "벤치",
        "ETC_MATTER" : " ",
        "MNTN_NM" : "불곡산",
        "PAST_SPOT_" : "21071113000033",
        "MNTN_ID" : "2107111300"
      },
      "geometry" : {
        "x" : 211695.40740000177,
        "y" : 527991.87139999866
      }
    },
    {
      "attributes" : {
        "FID" : 33,
        "PMNTN_SPOT" : 45359,
        "MNTN_CODE" : "416101701",
        "MANAGE_SP1" : "99",
        "MANAGE_SP2" : "기타",
        "DETAIL_SPO" : "암석노출",
        "ETC_MATTER" : " ",
        "MNTN_NM" : "불곡산",
        "PAST_SPOT_" : "21071113000034",
        "MNTN_ID" : "2107111300"
      },
      "geometry" : {
        "x" : 211718.94890000205,
        "y" : 527991.80409999937
      }
    },
    {
      "attributes" : {
        "FID" : 34,
        "PMNTN_SPOT" : 45360,
        "MNTN_CODE" : "416101701",
        "MANAGE_SP1" : "11",
        "MANAGE_SP2" : "안내판또는지도",
        "DETAIL_SPO" : "안내판",
        "ETC_MATTER" : " ",
        "MNTN_NM" : "불곡산",
        "PAST_SPOT_" : "21071113000035",
        "MNTN_ID" : "2107111300"
      },
      "geometry" : {
        "x" : 212997.49949999899,
        "y" : 529002.85270000063
      }
    },
    {
      "attributes" : {
        "FID" : 35,
        "PMNTN_SPOT" : 45361,
        "MNTN_CODE" : "416101701",
        "MANAGE_SP1" : "99",
        "MANAGE_SP2" : "기타",
        "DETAIL_SPO" : "묘지",
        "ETC_MATTER" : " ",
        "MNTN_NM" : "불곡산",
        "PAST_SPOT_" : "21071113000036",
        "MNTN_ID" : "2107111300"
      },
      "geometry" : {
        "x" : 212883.27600000333,
        "y" : 528941.08070000261
      }
    },
    {
      "attributes" : {
        "FID" : 36,
        "PMNTN_SPOT" : 45362,
        "MNTN_CODE" : "416101701",
        "MANAGE_SP1" : "10",
        "MANAGE_SP2" : "이정표",
        "DETAIL_SPO" : "이정표",
        "ETC_MATTER" : " ",
        "MNTN_NM" : "불곡산",
        "PAST_SPOT_" : "21071113000037",
        "MNTN_ID" : "2107111300"
      },
      "geometry" : {
        "x" : 212636.45290000271,
        "y" : 528916.21340000257
      }
    },
    {
      "attributes" : {
        "FID" : 37,
        "PMNTN_SPOT" : 45363,
        "MNTN_CODE" : "416101701",
        "MANAGE_SP1" : "03",
        "MANAGE_SP2" : "정자",
        "DETAIL_SPO" : "정자",
        "ETC_MATTER" : " ",
        "MNTN_NM" : "불곡산",
        "PAST_SPOT_" : "21071113000038",
        "MNTN_ID" : "2107111300"
      },
      "geometry" : {
        "x" : 212146.48110000137,
        "y" : 528926.74880000018
      }
    },
    {
      "attributes" : {
        "FID" : 38,
        "PMNTN_SPOT" : 45364,
        "MNTN_CODE" : "416101701",
        "MANAGE_SP1" : "11",
        "MANAGE_SP2" : "안내판또는지도",
        "DETAIL_SPO" : "안내판",
        "ETC_MATTER" : " ",
        "MNTN_NM" : "불곡산",
        "PAST_SPOT_" : "21071113000039",
        "MNTN_ID" : "2107111300"
      },
      "geometry" : {
        "x" : 212146.09420000296,
        "y" : 528930.88800000399
      }
    },
    {
      "attributes" : {
        "FID" : 39,
        "PMNTN_SPOT" : 45365,
        "MNTN_CODE" : "416101701",
        "MANAGE_SP1" : "05",
        "MANAGE_SP2" : "벤치",
        "DETAIL_SPO" : "목벤치",
        "ETC_MATTER" : " ",
        "MNTN_NM" : "불곡산",
        "PAST_SPOT_" : "21071113000040",
        "MNTN_ID" : "2107111300"
      },
      "geometry" : {
        "x" : 212145.71759999916,
        "y" : 528921.68670000136
      }
    },
    {
      "attributes" : {
        "FID" : 40,
        "PMNTN_SPOT" : 45366,
        "MNTN_CODE" : "416101701",
        "MANAGE_SP1" : "10",
        "MANAGE_SP2" : "이정표",
        "DETAIL_SPO" : "이정표",
        "ETC_MATTER" : " ",
        "MNTN_NM" : "불곡산",
        "PAST_SPOT_" : "21071113000041",
        "MNTN_ID" : "2107111300"
      },
      "geometry" : {
        "x" : 212143.34260000102,
        "y" : 528916.0120000001
      }
    },
    {
      "attributes" : {
        "FID" : 41,
        "PMNTN_SPOT" : 45367,
        "MNTN_CODE" : "416101701",
        "MANAGE_SP1" : "10",
        "MANAGE_SP2" : "이정표",
        "DETAIL_SPO" : "이정표",
        "ETC_MATTER" : " ",
        "MNTN_NM" : "불곡산",
        "PAST_SPOT_" : "21071113000042",
        "MNTN_ID" : "2107111300"
      },
      "geometry" : {
        "x" : 212142.89250000287,
        "y" : 528914.80160000175
      }
    },
    {
      "attributes" : {
        "FID" : 42,
        "PMNTN_SPOT" : 45368,
        "MNTN_CODE" : "416101701",
        "MANAGE_SP1" : "10",
        "MANAGE_SP2" : "이정표",
        "DETAIL_SPO" : "이정표",
        "ETC_MATTER" : " ",
        "MNTN_NM" : "불곡산",
        "PAST_SPOT_" : "21071113000043",
        "MNTN_ID" : "2107111300"
      },
      "geometry" : {
        "x" : 211949.7553000031,
        "y" : 528775.75010000169
      }
    },
    {
      "attributes" : {
        "FID" : 43,
        "PMNTN_SPOT" : 45369,
        "MNTN_CODE" : "416101701",
        "MANAGE_SP1" : "99",
        "MANAGE_SP2" : "기타",
        "DETAIL_SPO" : "목계단",
        "ETC_MATTER" : " ",
        "MNTN_NM" : "불곡산",
        "PAST_SPOT_" : "21071113000044",
        "MNTN_ID" : "2107111300"
      },
      "geometry" : {
        "x" : 211900.08990000002,
        "y" : 528599.57960000075
      }
    },
    {
      "attributes" : {
        "FID" : 44,
        "PMNTN_SPOT" : 45370,
        "MNTN_CODE" : "416101701",
        "MANAGE_SP1" : "99",
        "MANAGE_SP2" : "기타",
        "DETAIL_SPO" : "안전로프",
        "ETC_MATTER" : " ",
        "MNTN_NM" : "불곡산",
        "PAST_SPOT_" : "21071113000045",
        "MNTN_ID" : "2107111300"
      },
      "geometry" : {
        "x" : 211868.72950000409,
        "y" : 528534.83100000024
      }
    },
    {
      "attributes" : {
        "FID" : 45,
        "PMNTN_SPOT" : 45371,
        "MNTN_CODE" : "416101701",
        "MANAGE_SP1" : "05",
        "MANAGE_SP2" : "벤치",
        "DETAIL_SPO" : "목벤치",
        "ETC_MATTER" : " ",
        "MNTN_NM" : "불곡산",
        "PAST_SPOT_" : "21071113000046",
        "MNTN_ID" : "2107111300"
      },
      "geometry" : {
        "x" : 211894.47070000041,
        "y" : 528336.69180000201
      }
    },
    {
      "attributes" : {
        "FID" : 46,
        "PMNTN_SPOT" : 45372,
        "MNTN_CODE" : "416101701",
        "MANAGE_SP1" : "11",
        "MANAGE_SP2" : "안내판또는지도",
        "DETAIL_SPO" : "안내판",
        "ETC_MATTER" : " ",
        "MNTN_NM" : "불곡산",
        "PAST_SPOT_" : "21071113000047",
        "MNTN_ID" : "2107111300"
      },
      "geometry" : {
        "x" : 211895.18400000036,
        "y" : 528327.17020000145
      }
    },
    {
      "attributes" : {
        "FID" : 47,
        "PMNTN_SPOT" : 45373,
        "MNTN_CODE" : "416101701",
        "MANAGE_SP1" : "99",
        "MANAGE_SP2" : "기타",
        "DETAIL_SPO" : "명상의숲",
        "ETC_MATTER" : " ",
        "MNTN_NM" : "불곡산",
        "PAST_SPOT_" : "21071113000048",
        "MNTN_ID" : "2107111300"
      },
      "geometry" : {
        "x" : 211901.16079999972,
        "y" : 528317.09010000341
      }
    },
    {
      "attributes" : {
        "FID" : 48,
        "PMNTN_SPOT" : 45374,
        "MNTN_CODE" : "416101701",
        "MANAGE_SP1" : "03",
        "MANAGE_SP2" : "정자",
        "DETAIL_SPO" : "정자",
        "ETC_MATTER" : " ",
        "MNTN_NM" : "불곡산",
        "PAST_SPOT_" : "21071113000049",
        "MNTN_ID" : "2107111300"
      },
      "geometry" : {
        "x" : 211912.57079999987,
        "y" : 528060.31939999759
      }
    },
    {
      "attributes" : {
        "FID" : 49,
        "PMNTN_SPOT" : 45375,
        "MNTN_CODE" : "416101701",
        "MANAGE_SP1" : "07",
        "MANAGE_SP2" : "시설물(운동기구 등)",
        "DETAIL_SPO" : "운동기구",
        "ETC_MATTER" : " ",
        "MNTN_NM" : "불곡산",
        "PAST_SPOT_" : "21071113000050",
        "MNTN_ID" : "2107111300"
      },
      "geometry" : {
        "x" : 211912.93680000026,
        "y" : 528058.33330000564
      }
    },
    {
      "attributes" : {
        "FID" : 50,
        "PMNTN_SPOT" : 45376,
        "MNTN_CODE" : "416101701",
        "MANAGE_SP1" : "10",
        "MANAGE_SP2" : "이정표",
        "DETAIL_SPO" : "이정표",
        "ETC_MATTER" : " ",
        "MNTN_NM" : "불곡산",
        "PAST_SPOT_" : "21071113000051",
        "MNTN_ID" : "2107111300"
      },
      "geometry" : {
        "x" : 211912.13810000103,
        "y" : 528052.96050000191
      }
    },
    {
      "attributes" : {
        "FID" : 51,
        "PMNTN_SPOT" : 45377,
        "MNTN_CODE" : "416101701",
        "MANAGE_SP1" : "99",
        "MANAGE_SP2" : "기타",
        "DETAIL_SPO" : "방송시설",
        "ETC_MATTER" : " ",
        "MNTN_NM" : "불곡산",
        "PAST_SPOT_" : "21071113000052",
        "MNTN_ID" : "2107111300"
      },
      "geometry" : {
        "x" : 211912.25420000125,
        "y" : 528052.37240000255
      }
    },
    {
      "attributes" : {
        "FID" : 52,
        "PMNTN_SPOT" : 45378,
        "MNTN_CODE" : "416101701",
        "MANAGE_SP1" : "02",
        "MANAGE_SP2" : "분기점",
        "DETAIL_SPO" : "불곡산 쉼터",
        "ETC_MATTER" : " ",
        "MNTN_NM" : "불곡산",
        "PAST_SPOT_" : "21071113000053",
        "MNTN_ID" : "2107111300"
      },
      "geometry" : {
        "x" : 211912.1211000029,
        "y" : 528052.4609999992
      }
    },
    {
      "attributes" : {
        "FID" : 53,
        "PMNTN_SPOT" : 45379,
        "MNTN_CODE" : "416101701",
        "MANAGE_SP1" : "99",
        "MANAGE_SP2" : "기타",
        "DETAIL_SPO" : "묘지",
        "ETC_MATTER" : " ",
        "MNTN_NM" : "불곡산",
        "PAST_SPOT_" : "21071113000054",
        "MNTN_ID" : "2107111300"
      },
      "geometry" : {
        "x" : 212084.94430000242,
        "y" : 528735.39940000139
      }
    },
    {
      "attributes" : {
        "FID" : 54,
        "PMNTN_SPOT" : 45380,
        "MNTN_CODE" : "416101701",
        "MANAGE_SP1" : "99",
        "MANAGE_SP2" : "기타",
        "DETAIL_SPO" : "묘지",
        "ETC_MATTER" : " ",
        "MNTN_NM" : "불곡산",
        "PAST_SPOT_" : "21071113000055",
        "MNTN_ID" : "2107111300"
      },
      "geometry" : {
        "x" : 212180.87340000086,
        "y" : 528587.92650000192
      }
    },
    {
      "attributes" : {
        "FID" : 55,
        "PMNTN_SPOT" : 45381,
        "MNTN_CODE" : "416101701",
        "MANAGE_SP1" : "99",
        "MANAGE_SP2" : "기타",
        "DETAIL_SPO" : "묘지",
        "ETC_MATTER" : " ",
        "MNTN_NM" : "불곡산",
        "PAST_SPOT_" : "21071113000056",
        "MNTN_ID" : "2107111300"
      },
      "geometry" : {
        "x" : 212291.07739999983,
        "y" : 527844.30680000037
      }
    },
    {
      "attributes" : {
        "FID" : 56,
        "PMNTN_SPOT" : 45382,
        "MNTN_CODE" : "416101701",
        "MANAGE_SP1" : "01",
        "MANAGE_SP2" : "시종점",
        "DETAIL_SPO" : "시종점,맹산공원갈림길",
        "ETC_MATTER" : " ",
        "MNTN_NM" : "불곡산",
        "PAST_SPOT_" : "21071113000057",
        "MNTN_ID" : "2107111300"
      },
      "geometry" : {
        "x" : 210544.07050000038,
        "y" : 526351.68610000052
      }
    },
    {
      "attributes" : {
        "FID" : 57,
        "PMNTN_SPOT" : 45383,
        "MNTN_CODE" : "416101701",
        "MANAGE_SP1" : "01",
        "MANAGE_SP2" : "시종점",
        "DETAIL_SPO" : "시종점",
        "ETC_MATTER" : " ",
        "MNTN_NM" : "불곡산",
        "PAST_SPOT_" : "21071113000058",
        "MNTN_ID" : "2107111300"
      },
      "geometry" : {
        "x" : 210941.97740000207,
        "y" : 529223.87710000202
      }
    },
    {
      "attributes" : {
        "FID" : 58,
        "PMNTN_SPOT" : 45384,
        "MNTN_CODE" : "416101701",
        "MANAGE_SP1" : "01",
        "MANAGE_SP2" : "시종점",
        "DETAIL_SPO" : "시종점,구미공원,불곡산 산림욕장 입구",
        "ETC_MATTER" : " ",
        "MNTN_NM" : "불곡산",
        "PAST_SPOT_" : "21071113000059",
        "MNTN_ID" : "2107111300"
      },
      "geometry" : {
        "x" : 211063.3273,
        "y" : 527359.24909999967
      }
    },
    {
      "attributes" : {
        "FID" : 59,
        "PMNTN_SPOT" : 45385,
        "MNTN_CODE" : "416101701",
        "MANAGE_SP1" : "01",
        "MANAGE_SP2" : "시종점",
        "DETAIL_SPO" : "시종점",
        "ETC_MATTER" : " ",
        "MNTN_NM" : "불곡산",
        "PAST_SPOT_" : "21071113000060",
        "MNTN_ID" : "2107111300"
      },
      "geometry" : {
        "x" : 211175.2704000026,
        "y" : 529044.9366999995
      }
    },
    {
      "attributes" : {
        "FID" : 60,
        "PMNTN_SPOT" : 45386,
        "MNTN_CODE" : "416101701",
        "MANAGE_SP1" : "02",
        "MANAGE_SP2" : "분기점",
        "DETAIL_SPO" : "수내,정자 갈림길",
        "ETC_MATTER" : " ",
        "MNTN_NM" : "불곡산",
        "PAST_SPOT_" : "21071113000061",
        "MNTN_ID" : "2107111300"
      },
      "geometry" : {
        "x" : 211256.66849999968,
        "y" : 529209.21610000171
      }
    },
    {
      "attributes" : {
        "FID" : 61,
        "PMNTN_SPOT" : 45387,
        "MNTN_CODE" : "416101701",
        "MANAGE_SP1" : "02",
        "MANAGE_SP2" : "분기점",
        "DETAIL_SPO" : "정자",
        "ETC_MATTER" : " ",
        "MNTN_NM" : "불곡산",
        "PAST_SPOT_" : "21071113000062",
        "MNTN_ID" : "2107111300"
      },
      "geometry" : {
        "x" : 211667.03110000119,
        "y" : 528921.02360000089
      }
    },
    {
      "attributes" : {
        "FID" : 62,
        "PMNTN_SPOT" : 45388,
        "MNTN_CODE" : "416101701",
        "MANAGE_SP1" : "01",
        "MANAGE_SP2" : "시종점",
        "DETAIL_SPO" : "시종점,분당동사무소",
        "ETC_MATTER" : " ",
        "MNTN_NM" : "불곡산",
        "PAST_SPOT_" : "21071113000063",
        "MNTN_ID" : "2107111300"
      },
      "geometry" : {
        "x" : 211671.95440000016,
        "y" : 530138.92110000178
      }
    },
    {
      "attributes" : {
        "FID" : 63,
        "PMNTN_SPOT" : 45389,
        "MNTN_CODE" : "416101701",
        "MANAGE_SP1" : "01",
        "MANAGE_SP2" : "시종점",
        "DETAIL_SPO" : "동이약수터, 체육시설",
        "ETC_MATTER" : " ",
        "MNTN_NM" : "불곡산",
        "PAST_SPOT_" : "21071113000064",
        "MNTN_ID" : "2107111300"
      },
      "geometry" : {
        "x" : 211673.12470000051,
        "y" : 528864.36290000193
      }
    },
    {
      "attributes" : {
        "FID" : 64,
        "PMNTN_SPOT" : 45390,
        "MNTN_CODE" : "416101701",
        "MANAGE_SP1" : "02",
        "MANAGE_SP2" : "분기점",
        "DETAIL_SPO" : "전망대",
        "ETC_MATTER" : " ",
        "MNTN_NM" : "불곡산",
        "PAST_SPOT_" : "21071113000065",
        "MNTN_ID" : "2107111300"
      },
      "geometry" : {
        "x" : 211767.58449999988,
        "y" : 527864.48590000346
      }
    },
    {
      "attributes" : {
        "FID" : 65,
        "PMNTN_SPOT" : 45391,
        "MNTN_CODE" : "416101701",
        "MANAGE_SP1" : "02",
        "MANAGE_SP2" : "분기점",
        "DETAIL_SPO" : "구미동 갈림길",
        "ETC_MATTER" : " ",
        "MNTN_NM" : "불곡산",
        "PAST_SPOT_" : "21071113000066",
        "MNTN_ID" : "2107111300"
      },
      "geometry" : {
        "x" : 211784.18420000281,
        "y" : 527980.55199999921
      }
    },
    {
      "attributes" : {
        "FID" : 66,
        "PMNTN_SPOT" : 45392,
        "MNTN_CODE" : "416101701",
        "MANAGE_SP1" : "23",
        "MANAGE_SP2" : "정상",
        "DETAIL_SPO" : "불곡산 정상",
        "ETC_MATTER" : " ",
        "MNTN_NM" : "불곡산",
        "PAST_SPOT_" : "21071113000067",
        "MNTN_ID" : "2107111300"
      },
      "geometry" : {
        "x" : 211882.93200000003,
        "y" : 528049.02380000055
      }
    },
    {
      "attributes" : {
        "FID" : 67,
        "PMNTN_SPOT" : 45393,
        "MNTN_CODE" : "416101701",
        "MANAGE_SP1" : "23",
        "MANAGE_SP2" : "정상",
        "DETAIL_SPO" : "불곡산 정상",
        "ETC_MATTER" : " ",
        "MNTN_NM" : "불곡산",
        "PAST_SPOT_" : "21071113000068",
        "MNTN_ID" : "2107111300"
      },
      "geometry" : {
        "x" : 211912.1211000029,
        "y" : 528052.4609999992
      }
    },
    {
      "attributes" : {
        "FID" : 68,
        "PMNTN_SPOT" : 45394,
        "MNTN_CODE" : "416101701",
        "MANAGE_SP1" : "02",
        "MANAGE_SP2" : "분기점",
        "DETAIL_SPO" : "분기점",
        "ETC_MATTER" : " ",
        "MNTN_NM" : "불곡산",
        "PAST_SPOT_" : "21071113000069",
        "MNTN_ID" : "2107111300"
      },
      "geometry" : {
        "x" : 211929.95700000133,
        "y" : 528688.36060000397
      }
    },
    {
      "attributes" : {
        "FID" : 69,
        "PMNTN_SPOT" : 45395,
        "MNTN_CODE" : "416101701",
        "MANAGE_SP1" : "02",
        "MANAGE_SP2" : "분기점",
        "DETAIL_SPO" : "이정표 훼손",
        "ETC_MATTER" : " ",
        "MNTN_NM" : "불곡산",
        "PAST_SPOT_" : "21071113000070",
        "MNTN_ID" : "2107111300"
      },
      "geometry" : {
        "x" : 211942.49920000229,
        "y" : 528763.46490000188
      }
    },
    {
      "attributes" : {
        "FID" : 70,
        "PMNTN_SPOT" : 45396,
        "MNTN_CODE" : "416101701",
        "MANAGE_SP1" : "02",
        "MANAGE_SP2" : "분기점",
        "DETAIL_SPO" : "분기점",
        "ETC_MATTER" : " ",
        "MNTN_NM" : "불곡산",
        "PAST_SPOT_" : "21071113000071",
        "MNTN_ID" : "2107111300"
      },
      "geometry" : {
        "x" : 212044.97500000242,
        "y" : 528844.44620000012
      }
    },
    {
      "attributes" : {
        "FID" : 71,
        "PMNTN_SPOT" : 45397,
        "MNTN_CODE" : "416101701",
        "MANAGE_SP1" : "02",
        "MANAGE_SP2" : "분기점",
        "DETAIL_SPO" : "분기점",
        "ETC_MATTER" : " ",
        "MNTN_NM" : "불곡산",
        "PAST_SPOT_" : "21071113000072",
        "MNTN_ID" : "2107111300"
      },
      "geometry" : {
        "x" : 212062.01568705495,
        "y" : 528671.44338301569
      }
    },
    {
      "attributes" : {
        "FID" : 72,
        "PMNTN_SPOT" : 45398,
        "MNTN_CODE" : "416101701",
        "MANAGE_SP1" : "02",
        "MANAGE_SP2" : "분기점",
        "DETAIL_SPO" : "맹산공원갈림길",
        "ETC_MATTER" : " ",
        "MNTN_NM" : "불곡산",
        "PAST_SPOT_" : "21071113000073",
        "MNTN_ID" : "2107111300"
      },
      "geometry" : {
        "x" : 212085.71829999983,
        "y" : 529414.54270000011
      }
    },
    {
      "attributes" : {
        "FID" : 73,
        "PMNTN_SPOT" : 45399,
        "MNTN_CODE" : "416101701",
        "MANAGE_SP1" : "02",
        "MANAGE_SP2" : "분기점",
        "DETAIL_SPO" : "분기점",
        "ETC_MATTER" : " ",
        "MNTN_NM" : "불곡산",
        "PAST_SPOT_" : "21071113000074",
        "MNTN_ID" : "2107111300"
      },
      "geometry" : {
        "x" : 212143.29250000045,
        "y" : 528926.23359999992
      }
    },
    {
      "attributes" : {
        "FID" : 74,
        "PMNTN_SPOT" : 45400,
        "MNTN_CODE" : "416101701",
        "MANAGE_SP1" : "01",
        "MANAGE_SP2" : "시종점",
        "DETAIL_SPO" : "시종점",
        "ETC_MATTER" : " ",
        "MNTN_NM" : "불곡산",
        "PAST_SPOT_" : "21071113000075",
        "MNTN_ID" : "2107111300"
      },
      "geometry" : {
        "x" : 212272.74300000072,
        "y" : 528667.76560000144
      }
    },
    {
      "attributes" : {
        "FID" : 75,
        "PMNTN_SPOT" : 45401,
        "MNTN_CODE" : "416101701",
        "MANAGE_SP1" : "02",
        "MANAGE_SP2" : "분기점",
        "DETAIL_SPO" : "분기점",
        "ETC_MATTER" : " ",
        "MNTN_NM" : "불곡산",
        "PAST_SPOT_" : "21071113000076",
        "MNTN_ID" : "2107111300"
      },
      "geometry" : {
        "x" : 212308.89230000228,
        "y" : 527779.94150000252
      }
    },
    {
      "attributes" : {
        "FID" : 76,
        "PMNTN_SPOT" : 45402,
        "MNTN_CODE" : "416101701",
        "MANAGE_SP1" : "02",
        "MANAGE_SP2" : "분기점",
        "DETAIL_SPO" : "분기점",
        "ETC_MATTER" : " ",
        "MNTN_NM" : "불곡산",
        "PAST_SPOT_" : "21071113000077",
        "MNTN_ID" : "2107111300"
      },
      "geometry" : {
        "x" : 212316.89940000325,
        "y" : 528949.7311000023
      }
    },
    {
      "attributes" : {
        "FID" : 77,
        "PMNTN_SPOT" : 45403,
        "MNTN_CODE" : "416101701",
        "MANAGE_SP1" : "01",
        "MANAGE_SP2" : "시종점",
        "DETAIL_SPO" : "시종점",
        "ETC_MATTER" : " ",
        "MNTN_NM" : "불곡산",
        "PAST_SPOT_" : "21071113000078",
        "MNTN_ID" : "2107111300"
      },
      "geometry" : {
        "x" : 212430.55870000087,
        "y" : 529812.03839999996
      }
    },
    {
      "attributes" : {
        "FID" : 78,
        "PMNTN_SPOT" : 45404,
        "MNTN_CODE" : "416101701",
        "MANAGE_SP1" : "02",
        "MANAGE_SP2" : "분기점",
        "DETAIL_SPO" : "분기점",
        "ETC_MATTER" : " ",
        "MNTN_NM" : "불곡산",
        "PAST_SPOT_" : "21071113000079",
        "MNTN_ID" : "2107111300"
      },
      "geometry" : {
        "x" : 212495.27490000241,
        "y" : 528855.10570000112
      }
    },
    {
      "attributes" : {
        "FID" : 79,
        "PMNTN_SPOT" : 45405,
        "MNTN_CODE" : "416101701",
        "MANAGE_SP1" : "02",
        "MANAGE_SP2" : "분기점",
        "DETAIL_SPO" : "분기점",
        "ETC_MATTER" : " ",
        "MNTN_NM" : "불곡산",
        "PAST_SPOT_" : "21071113000080",
        "MNTN_ID" : "2107111300"
      },
      "geometry" : {
        "x" : 212501.74080000166,
        "y" : 528960.63780000061
      }
    },
    {
      "attributes" : {
        "FID" : 80,
        "PMNTN_SPOT" : 45406,
        "MNTN_CODE" : "416101701",
        "MANAGE_SP1" : "01",
        "MANAGE_SP2" : "시종점",
        "DETAIL_SPO" : "시종점",
        "ETC_MATTER" : " ",
        "MNTN_NM" : "불곡산",
        "PAST_SPOT_" : "21071113000081",
        "MNTN_ID" : "2107111300"
      },
      "geometry" : {
        "x" : 212569.83969999943,
        "y" : 528041.44930000044
      }
    },
    {
      "attributes" : {
        "FID" : 81,
        "PMNTN_SPOT" : 45407,
        "MNTN_CODE" : "416101701",
        "MANAGE_SP1" : "02",
        "MANAGE_SP2" : "분기점",
        "DETAIL_SPO" : "분기점",
        "ETC_MATTER" : " ",
        "MNTN_NM" : "불곡산",
        "PAST_SPOT_" : "21071113000082",
        "MNTN_ID" : "2107111300"
      },
      "geometry" : {
        "x" : 212635.85369999986,
        "y" : 528925.94070000388
      }
    },
    {
      "attributes" : {
        "FID" : 82,
        "PMNTN_SPOT" : 45408,
        "MNTN_CODE" : "416101701",
        "MANAGE_SP1" : "02",
        "MANAGE_SP2" : "분기점",
        "DETAIL_SPO" : "분기점",
        "ETC_MATTER" : " ",
        "MNTN_NM" : "불곡산",
        "PAST_SPOT_" : "21071113000083",
        "MNTN_ID" : "2107111300"
      },
      "geometry" : {
        "x" : 212707.43580000382,
        "y" : 528544.53020000085
      }
    },
    {
      "attributes" : {
        "FID" : 83,
        "PMNTN_SPOT" : 45409,
        "MNTN_CODE" : "416101701",
        "MANAGE_SP1" : "01",
        "MANAGE_SP2" : "시종점",
        "DETAIL_SPO" : "시종점",
        "ETC_MATTER" : " ",
        "MNTN_NM" : "불곡산",
        "PAST_SPOT_" : "21071113000084",
        "MNTN_ID" : "2107111300"
      },
      "geometry" : {
        "x" : 212714.75880000275,
        "y" : 528516.08450000174
      }
    },
    {
      "attributes" : {
        "FID" : 84,
        "PMNTN_SPOT" : 45410,
        "MNTN_CODE" : "416101701",
        "MANAGE_SP1" : "01",
        "MANAGE_SP2" : "시종점",
        "DETAIL_SPO" : "시종점",
        "ETC_MATTER" : " ",
        "MNTN_NM" : "불곡산",
        "PAST_SPOT_" : "21071113000085",
        "MNTN_ID" : "2107111300"
      },
      "geometry" : {
        "x" : 213013.79460000247,
        "y" : 529000.70240000263
      }
    },
    {
      "attributes" : {
        "FID" : 85,
        "PMNTN_SPOT" : 45411,
        "MNTN_CODE" : "416101701",
        "MANAGE_SP1" : "01",
        "MANAGE_SP2" : "시종점",
        "DETAIL_SPO" : "시종점",
        "ETC_MATTER" : " ",
        "MNTN_NM" : "불곡산",
        "PAST_SPOT_" : "21071113000086",
        "MNTN_ID" : "2107111300"
      },
      "geometry" : {
        "x" : 210706.63970000017,
        "y" : 528873.76040000096
      }
    }
  ]
}