{
  "displayFieldName" : "",
  "fieldAliases" : {
    "FID" : "FID",
    "PMNTN_SPOT" : "PMNTN_SPOT",
    "MNTN_CODE" : "MNTN_CODE",
    "MANAGE_SP1" : "MANAGE_SP1",
    "MANAGE_SP2" : "MANAGE_SP2",
    "DETAIL_SPO" : "DETAIL_SPO",
    "ETC_MATTER" : "ETC_MATTER",
    "MNTN_NM" : "MNTN_NM",
    "PAST_SPOT_" : "PAST_SPOT_",
    "MNTN_ID" : "MNTN_ID"
  },
  "geometryType" : "esriGeometryPoint",
  "spatialReference" : {
    "wkt" : "PROJCS[\"PCS_ITRF2000_TM\",GEOGCS[\"GCS_ITRF_2000\",DATUM[\"D_ITRF_2000\",SPHEROID[\"GRS_1980\",6378137.0,298.257222101]],PRIMEM[\"Greenwich\",0.0],UNIT[\"Degree\",0.0174532925199433]],PROJECTION[\"Transverse_Mercator\"],PARAMETER[\"False_Easting\",200000.0],PARAMETER[\"False_Northing\",600000.0],PARAMETER[\"Central_Meridian\",127.0],PARAMETER[\"Scale_Factor\",1.0],PARAMETER[\"Latitude_Of_Origin\",38.0],UNIT[\"Meter\",1.0]]"
  },
  "fields" : [
    {
      "name" : "FID",
      "type" : "esriFieldTypeOID",
      "alias" : "FID"
    },
    {
      "name" : "PMNTN_SPOT",
      "type" : "esriFieldTypeDouble",
      "alias" : "PMNTN_SPOT"
    },
    {
      "name" : "MNTN_CODE",
      "type" : "esriFieldTypeString",
      "alias" : "MNTN_CODE",
      "length" : 9
    },
    {
      "name" : "MANAGE_SP1",
      "type" : "esriFieldTypeString",
      "alias" : "MANAGE_SP1",
      "length" : 2
    },
    {
      "name" : "MANAGE_SP2",
      "type" : "esriFieldTypeString",
      "alias" : "MANAGE_SP2",
      "length" : 50
    },
    {
      "name" : "DETAIL_SPO",
      "type" : "esriFieldTypeString",
      "alias" : "DETAIL_SPO",
      "length" : 200
    },
    {
      "name" : "ETC_MATTER",
      "type" : "esriFieldTypeString",
      "alias" : "ETC_MATTER",
      "length" : 200
    },
    {
      "name" : "MNTN_NM",
      "type" : "esriFieldTypeString",
      "alias" : "MNTN_NM",
      "length" : 50
    },
    {
      "name" : "PAST_SPOT_",
      "type" : "esriFieldTypeString",
      "alias" : "PAST_SPOT_",
      "length" : 14
    },
    {
      "name" : "MNTN_ID",
      "type" : "esriFieldTypeString",
      "alias" : "MNTN_ID",
      "length" : 10
    }
  ],
  "features" : [
    {
      "attributes" : {
        "FID" : 0,
        "PMNTN_SPOT" : 26841,
        "MNTN_CODE" : "447101101",
        "MANAGE_SP1" : "22",
        "MANAGE_SP2" : "헬기장",
        "DETAIL_SPO" : "헬기장",
        "ETC_MATTER" : "헬기장",
        "MNTN_NM" : "만인산",
        "PAST_SPOT_" : "24030612000001",
        "MNTN_ID" : "2403061200"
      },
      "geometry" : {
        "x" : 239875.83850000054,
        "y" : 399212.84850000031
      }
    },
    {
      "attributes" : {
        "FID" : 1,
        "PMNTN_SPOT" : 26842,
        "MNTN_CODE" : "447101101",
        "MANAGE_SP1" : "99",
        "MANAGE_SP2" : "기타",
        "DETAIL_SPO" : "민족자주통일비",
        "ETC_MATTER" : " ",
        "MNTN_NM" : "만인산",
        "PAST_SPOT_" : "24030612000002",
        "MNTN_ID" : "2403061200"
      },
      "geometry" : {
        "x" : 239870.66820000019,
        "y" : 399299.35669999942
      }
    },
    {
      "attributes" : {
        "FID" : 2,
        "PMNTN_SPOT" : 26843,
        "MNTN_CODE" : "447101101",
        "MANAGE_SP1" : "99",
        "MANAGE_SP2" : "기타",
        "DETAIL_SPO" : "나무계단",
        "ETC_MATTER" : " ",
        "MNTN_NM" : "만인산",
        "PAST_SPOT_" : "24030612000003",
        "MNTN_ID" : "2403061200"
      },
      "geometry" : {
        "x" : 239793.21129999962,
        "y" : 399503.54910000227
      }
    },
    {
      "attributes" : {
        "FID" : 3,
        "PMNTN_SPOT" : 26844,
        "MNTN_CODE" : "447101101",
        "MANAGE_SP1" : "02",
        "MANAGE_SP2" : "분기점",
        "DETAIL_SPO" : "갈림길",
        "ETC_MATTER" : " ",
        "MNTN_NM" : "만인산",
        "PAST_SPOT_" : "24030612000004",
        "MNTN_ID" : "2403061200"
      },
      "geometry" : {
        "x" : 239918.49740000162,
        "y" : 399659.70579999872
      }
    },
    {
      "attributes" : {
        "FID" : 4,
        "PMNTN_SPOT" : 26845,
        "MNTN_CODE" : "447101101",
        "MANAGE_SP1" : "99",
        "MANAGE_SP2" : "기타",
        "DETAIL_SPO" : "휴게소",
        "ETC_MATTER" : "이정표설치요망",
        "MNTN_NM" : "만인산",
        "PAST_SPOT_" : "24030612000005",
        "MNTN_ID" : "2403061200"
      },
      "geometry" : {
        "x" : 240425.54350000154,
        "y" : 400334.60229999945
      }
    },
    {
      "attributes" : {
        "FID" : 5,
        "PMNTN_SPOT" : 26846,
        "MNTN_CODE" : "447101101",
        "MANAGE_SP1" : "99",
        "MANAGE_SP2" : "기타",
        "DETAIL_SPO" : "삼거리",
        "ETC_MATTER" : " ",
        "MNTN_NM" : "만인산",
        "PAST_SPOT_" : "24030612000006",
        "MNTN_ID" : "2403061200"
      },
      "geometry" : {
        "x" : 240345.0177000016,
        "y" : 400243.68180000223
      }
    },
    {
      "attributes" : {
        "FID" : 6,
        "PMNTN_SPOT" : 26847,
        "MNTN_CODE" : "447101101",
        "MANAGE_SP1" : "99",
        "MANAGE_SP2" : "기타",
        "DETAIL_SPO" : "세줄다리",
        "ETC_MATTER" : " ",
        "MNTN_NM" : "만인산",
        "PAST_SPOT_" : "24030612000007",
        "MNTN_ID" : "2403061200"
      },
      "geometry" : {
        "x" : 240297.45580000244,
        "y" : 400162.01300000027
      }
    },
    {
      "attributes" : {
        "FID" : 7,
        "PMNTN_SPOT" : 26848,
        "MNTN_CODE" : "447101101",
        "MANAGE_SP1" : "04",
        "MANAGE_SP2" : "화장실",
        "DETAIL_SPO" : "화장실",
        "ETC_MATTER" : " ",
        "MNTN_NM" : "만인산",
        "PAST_SPOT_" : "24030612000008",
        "MNTN_ID" : "2403061200"
      },
      "geometry" : {
        "x" : 240055.53540000226,
        "y" : 399961.16250000149
      }
    },
    {
      "attributes" : {
        "FID" : 8,
        "PMNTN_SPOT" : 26849,
        "MNTN_CODE" : "447101101",
        "MANAGE_SP1" : "99",
        "MANAGE_SP2" : "기타",
        "DETAIL_SPO" : "만인루",
        "ETC_MATTER" : " ",
        "MNTN_NM" : "만인산",
        "PAST_SPOT_" : "24030612000009",
        "MNTN_ID" : "2403061200"
      },
      "geometry" : {
        "x" : 239964.72490000352,
        "y" : 400151.27730000019
      }
    },
    {
      "attributes" : {
        "FID" : 9,
        "PMNTN_SPOT" : 26850,
        "MNTN_CODE" : "447101101",
        "MANAGE_SP1" : "99",
        "MANAGE_SP2" : "기타",
        "DETAIL_SPO" : "급경사",
        "ETC_MATTER" : " ",
        "MNTN_NM" : "만인산",
        "PAST_SPOT_" : "24030612000010",
        "MNTN_ID" : "2403061200"
      },
      "geometry" : {
        "x" : 238979.2126000002,
        "y" : 400300.30020000227
      }
    },
    {
      "attributes" : {
        "FID" : 10,
        "PMNTN_SPOT" : 26851,
        "MNTN_CODE" : "447101101",
        "MANAGE_SP1" : "99",
        "MANAGE_SP2" : "기타",
        "DETAIL_SPO" : "먹티고개",
        "ETC_MATTER" : " ",
        "MNTN_NM" : "만인산",
        "PAST_SPOT_" : "24030612000011",
        "MNTN_ID" : "2403061200"
      },
      "geometry" : {
        "x" : 238771.69880000129,
        "y" : 400793.18019999936
      }
    },
    {
      "attributes" : {
        "FID" : 11,
        "PMNTN_SPOT" : 26852,
        "MNTN_CODE" : "447101101",
        "MANAGE_SP1" : "99",
        "MANAGE_SP2" : "기타",
        "DETAIL_SPO" : "수량조절보",
        "ETC_MATTER" : " ",
        "MNTN_NM" : "만인산",
        "PAST_SPOT_" : "24030612000012",
        "MNTN_ID" : "2403061200"
      },
      "geometry" : {
        "x" : 238925.18330000062,
        "y" : 400658.92590000294
      }
    },
    {
      "attributes" : {
        "FID" : 12,
        "PMNTN_SPOT" : 26853,
        "MNTN_CODE" : "447101101",
        "MANAGE_SP1" : "99",
        "MANAGE_SP2" : "기타",
        "DETAIL_SPO" : "낚시터",
        "ETC_MATTER" : " ",
        "MNTN_NM" : "만인산",
        "PAST_SPOT_" : "24030612000013",
        "MNTN_ID" : "2403061200"
      },
      "geometry" : {
        "x" : 239324.02570000011,
        "y" : 401283.8983000014
      }
    },
    {
      "attributes" : {
        "FID" : 13,
        "PMNTN_SPOT" : 26854,
        "MNTN_CODE" : "447101101",
        "MANAGE_SP1" : "99",
        "MANAGE_SP2" : "기타",
        "DETAIL_SPO" : "삼거리",
        "ETC_MATTER" : "이정표설치요망",
        "MNTN_NM" : "만인산",
        "PAST_SPOT_" : "24030612000014",
        "MNTN_ID" : "2403061200"
      },
      "geometry" : {
        "x" : 240145.73870000336,
        "y" : 399904.31680000015
      }
    },
    {
      "attributes" : {
        "FID" : 14,
        "PMNTN_SPOT" : 26855,
        "MNTN_CODE" : "447101101",
        "MANAGE_SP1" : "99",
        "MANAGE_SP2" : "기타",
        "DETAIL_SPO" : "폐쇄지점",
        "ETC_MATTER" : " ",
        "MNTN_NM" : "만인산",
        "PAST_SPOT_" : "24030612000015",
        "MNTN_ID" : "2403061200"
      },
      "geometry" : {
        "x" : 239962.07680000365,
        "y" : 399746.2367000021
      }
    },
    {
      "attributes" : {
        "FID" : 15,
        "PMNTN_SPOT" : 26856,
        "MNTN_CODE" : "447101101",
        "MANAGE_SP1" : "99",
        "MANAGE_SP2" : "기타",
        "DETAIL_SPO" : "돌무더기",
        "ETC_MATTER" : " ",
        "MNTN_NM" : "만인산",
        "PAST_SPOT_" : "24030612000016",
        "MNTN_ID" : "2403061200"
      },
      "geometry" : {
        "x" : 239686.36429999955,
        "y" : 399713.57890000008
      }
    },
    {
      "attributes" : {
        "FID" : 16,
        "PMNTN_SPOT" : 26857,
        "MNTN_CODE" : "447101101",
        "MANAGE_SP1" : "99",
        "MANAGE_SP2" : "기타",
        "DETAIL_SPO" : "급경사시점",
        "ETC_MATTER" : " ",
        "MNTN_NM" : "만인산",
        "PAST_SPOT_" : "24030612000017",
        "MNTN_ID" : "2403061200"
      },
      "geometry" : {
        "x" : 239339.54250000324,
        "y" : 400172.52510000207
      }
    },
    {
      "attributes" : {
        "FID" : 17,
        "PMNTN_SPOT" : 26858,
        "MNTN_CODE" : "447101101",
        "MANAGE_SP1" : "99",
        "MANAGE_SP2" : "기타",
        "DETAIL_SPO" : "급경사종점",
        "ETC_MATTER" : " ",
        "MNTN_NM" : "만인산",
        "PAST_SPOT_" : "24030612000018",
        "MNTN_ID" : "2403061200"
      },
      "geometry" : {
        "x" : 239342.41070000082,
        "y" : 400194.7313000001
      }
    },
    {
      "attributes" : {
        "FID" : 18,
        "PMNTN_SPOT" : 26859,
        "MNTN_CODE" : "447101101",
        "MANAGE_SP1" : "14",
        "MANAGE_SP2" : "조망점",
        "DETAIL_SPO" : "조망점",
        "ETC_MATTER" : "벤치설치요망",
        "MNTN_NM" : "만인산",
        "PAST_SPOT_" : "24030612000019",
        "MNTN_ID" : "2403061200"
      },
      "geometry" : {
        "x" : 239492.79880000371,
        "y" : 400432.10050000064
      }
    },
    {
      "attributes" : {
        "FID" : 19,
        "PMNTN_SPOT" : 26860,
        "MNTN_CODE" : "447101101",
        "MANAGE_SP1" : "14",
        "MANAGE_SP2" : "조망점",
        "DETAIL_SPO" : "조망점",
        "ETC_MATTER" : "벤치설치요망",
        "MNTN_NM" : "만인산",
        "PAST_SPOT_" : "24030612000020",
        "MNTN_ID" : "2403061200"
      },
      "geometry" : {
        "x" : 239591.65290000103,
        "y" : 400449.19209999964
      }
    },
    {
      "attributes" : {
        "FID" : 20,
        "PMNTN_SPOT" : 26861,
        "MNTN_CODE" : "447101101",
        "MANAGE_SP1" : "10",
        "MANAGE_SP2" : "이정표",
        "DETAIL_SPO" : "이정표",
        "ETC_MATTER" : " ",
        "MNTN_NM" : "만인산",
        "PAST_SPOT_" : "24030612000021",
        "MNTN_ID" : "2403061200"
      },
      "geometry" : {
        "x" : 239966.94160000142,
        "y" : 400650.63800000027
      }
    },
    {
      "attributes" : {
        "FID" : 21,
        "PMNTN_SPOT" : 26862,
        "MNTN_CODE" : "447101101",
        "MANAGE_SP1" : "11",
        "MANAGE_SP2" : "안내판또는지도",
        "DETAIL_SPO" : "안내간판",
        "ETC_MATTER" : " ",
        "MNTN_NM" : "만인산",
        "PAST_SPOT_" : "24030612000022",
        "MNTN_ID" : "2403061200"
      },
      "geometry" : {
        "x" : 239912.88019999955,
        "y" : 400672.58469999954
      }
    },
    {
      "attributes" : {
        "FID" : 22,
        "PMNTN_SPOT" : 26863,
        "MNTN_CODE" : "447101101",
        "MANAGE_SP1" : "99",
        "MANAGE_SP2" : "기타",
        "DETAIL_SPO" : "학습시설",
        "ETC_MATTER" : " ",
        "MNTN_NM" : "만인산",
        "PAST_SPOT_" : "24030612000023",
        "MNTN_ID" : "2403061200"
      },
      "geometry" : {
        "x" : 239900.20820000023,
        "y" : 400493.09350000322
      }
    },
    {
      "attributes" : {
        "FID" : 23,
        "PMNTN_SPOT" : 26864,
        "MNTN_CODE" : "447101101",
        "MANAGE_SP1" : "99",
        "MANAGE_SP2" : "기타",
        "DETAIL_SPO" : "교육용간판",
        "ETC_MATTER" : " ",
        "MNTN_NM" : "만인산",
        "PAST_SPOT_" : "24030612000024",
        "MNTN_ID" : "2403061200"
      },
      "geometry" : {
        "x" : 239746.57859999966,
        "y" : 400318.62060000561
      }
    },
    {
      "attributes" : {
        "FID" : 24,
        "PMNTN_SPOT" : 26865,
        "MNTN_CODE" : "447101101",
        "MANAGE_SP1" : "99",
        "MANAGE_SP2" : "기타",
        "DETAIL_SPO" : "포장도로끝",
        "ETC_MATTER" : " ",
        "MNTN_NM" : "만인산",
        "PAST_SPOT_" : "24030612000025",
        "MNTN_ID" : "2403061200"
      },
      "geometry" : {
        "x" : 239579.09930000175,
        "y" : 400241.96040000021
      }
    },
    {
      "attributes" : {
        "FID" : 25,
        "PMNTN_SPOT" : 26866,
        "MNTN_CODE" : "447101101",
        "MANAGE_SP1" : "99",
        "MANAGE_SP2" : "기타",
        "DETAIL_SPO" : "포장도로시점",
        "ETC_MATTER" : " ",
        "MNTN_NM" : "만인산",
        "PAST_SPOT_" : "24030612000026",
        "MNTN_ID" : "2403061200"
      },
      "geometry" : {
        "x" : 239703.59200000111,
        "y" : 400218.55540000275
      }
    },
    {
      "attributes" : {
        "FID" : 26,
        "PMNTN_SPOT" : 26867,
        "MNTN_CODE" : "447101101",
        "MANAGE_SP1" : "99",
        "MANAGE_SP2" : "기타",
        "DETAIL_SPO" : "포장도로종점",
        "ETC_MATTER" : " ",
        "MNTN_NM" : "만인산",
        "PAST_SPOT_" : "24030612000027",
        "MNTN_ID" : "2403061200"
      },
      "geometry" : {
        "x" : 239774.18990000058,
        "y" : 400180.03760000132
      }
    },
    {
      "attributes" : {
        "FID" : 27,
        "PMNTN_SPOT" : 26868,
        "MNTN_CODE" : "447101101",
        "MANAGE_SP1" : "99",
        "MANAGE_SP2" : "기타",
        "DETAIL_SPO" : "포장도로시점",
        "ETC_MATTER" : " ",
        "MNTN_NM" : "만인산",
        "PAST_SPOT_" : "24030612000028",
        "MNTN_ID" : "2403061200"
      },
      "geometry" : {
        "x" : 240013.87820000108,
        "y" : 400219.96840000153
      }
    },
    {
      "attributes" : {
        "FID" : 28,
        "PMNTN_SPOT" : 26869,
        "MNTN_CODE" : "447101101",
        "MANAGE_SP1" : "99",
        "MANAGE_SP2" : "기타",
        "DETAIL_SPO" : "포장도로종점",
        "ETC_MATTER" : " ",
        "MNTN_NM" : "만인산",
        "PAST_SPOT_" : "24030612000029",
        "MNTN_ID" : "2403061200"
      },
      "geometry" : {
        "x" : 240021.38570000045,
        "y" : 400210.68150000274
      }
    },
    {
      "attributes" : {
        "FID" : 29,
        "PMNTN_SPOT" : 26870,
        "MNTN_CODE" : "447101101",
        "MANAGE_SP1" : "99",
        "MANAGE_SP2" : "기타",
        "DETAIL_SPO" : "급경사시점",
        "ETC_MATTER" : " ",
        "MNTN_NM" : "만인산",
        "PAST_SPOT_" : "24030612000030",
        "MNTN_ID" : "2403061200"
      },
      "geometry" : {
        "x" : 239301.98969999887,
        "y" : 400523.67690000124
      }
    },
    {
      "attributes" : {
        "FID" : 30,
        "PMNTN_SPOT" : 26871,
        "MNTN_CODE" : "447101101",
        "MANAGE_SP1" : "99",
        "MANAGE_SP2" : "기타",
        "DETAIL_SPO" : "급경사종점",
        "ETC_MATTER" : " ",
        "MNTN_NM" : "만인산",
        "PAST_SPOT_" : "24030612000031",
        "MNTN_ID" : "2403061200"
      },
      "geometry" : {
        "x" : 239174.13780000061,
        "y" : 400615.65000000037
      }
    },
    {
      "attributes" : {
        "FID" : 31,
        "PMNTN_SPOT" : 26872,
        "MNTN_CODE" : "447101101",
        "MANAGE_SP1" : "99",
        "MANAGE_SP2" : "기타",
        "DETAIL_SPO" : "급경사시점",
        "ETC_MATTER" : " ",
        "MNTN_NM" : "만인산",
        "PAST_SPOT_" : "24030612000032",
        "MNTN_ID" : "2403061200"
      },
      "geometry" : {
        "x" : 239118.42460000142,
        "y" : 400685.64270000346
      }
    },
    {
      "attributes" : {
        "FID" : 32,
        "PMNTN_SPOT" : 26873,
        "MNTN_CODE" : "447101101",
        "MANAGE_SP1" : "99",
        "MANAGE_SP2" : "기타",
        "DETAIL_SPO" : "급경사",
        "ETC_MATTER" : "안전로프설치요망",
        "MNTN_NM" : "만인산",
        "PAST_SPOT_" : "24030612000033",
        "MNTN_ID" : "2403061200"
      },
      "geometry" : {
        "x" : 239031.79200000037,
        "y" : 400953.46250000224
      }
    },
    {
      "attributes" : {
        "FID" : 33,
        "PMNTN_SPOT" : 26874,
        "MNTN_CODE" : "447101101",
        "MANAGE_SP1" : "03",
        "MANAGE_SP2" : "정자",
        "DETAIL_SPO" : "정자1",
        "ETC_MATTER" : " ",
        "MNTN_NM" : "만인산",
        "PAST_SPOT_" : "24030612000034",
        "MNTN_ID" : "2403061200"
      },
      "geometry" : {
        "x" : 240809.36600000318,
        "y" : 399927.69239999913
      }
    },
    {
      "attributes" : {
        "FID" : 34,
        "PMNTN_SPOT" : 26875,
        "MNTN_CODE" : "447101101",
        "MANAGE_SP1" : "99",
        "MANAGE_SP2" : "기타",
        "DETAIL_SPO" : "이태조태실",
        "ETC_MATTER" : " ",
        "MNTN_NM" : "만인산",
        "PAST_SPOT_" : "24030612000035",
        "MNTN_ID" : "2403061200"
      },
      "geometry" : {
        "x" : 240694.12740000244,
        "y" : 400247.65049999952
      }
    },
    {
      "attributes" : {
        "FID" : 35,
        "PMNTN_SPOT" : 26876,
        "MNTN_CODE" : "447101101",
        "MANAGE_SP1" : "99",
        "MANAGE_SP2" : "기타",
        "DETAIL_SPO" : "다리",
        "ETC_MATTER" : " ",
        "MNTN_NM" : "만인산",
        "PAST_SPOT_" : "24030612000036",
        "MNTN_ID" : "2403061200"
      },
      "geometry" : {
        "x" : 239027.28500000294,
        "y" : 401104.56550000235
      }
    },
    {
      "attributes" : {
        "FID" : 36,
        "PMNTN_SPOT" : 26877,
        "MNTN_CODE" : "447101101",
        "MANAGE_SP1" : "99",
        "MANAGE_SP2" : "기타",
        "DETAIL_SPO" : "505고지",
        "ETC_MATTER" : " ",
        "MNTN_NM" : "만인산",
        "PAST_SPOT_" : "24030612000037",
        "MNTN_ID" : "2403061200"
      },
      "geometry" : {
        "x" : 239320.21730000246,
        "y" : 400129.82699999958
      }
    },
    {
      "attributes" : {
        "FID" : 37,
        "PMNTN_SPOT" : 26878,
        "MNTN_CODE" : "447101101",
        "MANAGE_SP1" : "99",
        "MANAGE_SP2" : "기타",
        "DETAIL_SPO" : "삼거리",
        "ETC_MATTER" : "이정표설치요망",
        "MNTN_NM" : "만인산",
        "PAST_SPOT_" : "24030612000038",
        "MNTN_ID" : "2403061200"
      },
      "geometry" : {
        "x" : 239393.58590000216,
        "y" : 400370.32950000092
      }
    },
    {
      "attributes" : {
        "FID" : 38,
        "PMNTN_SPOT" : 26879,
        "MNTN_CODE" : "447101101",
        "MANAGE_SP1" : "01",
        "MANAGE_SP2" : "시종점",
        "DETAIL_SPO" : "시종점",
        "ETC_MATTER" : "이정표설치요망",
        "MNTN_NM" : "만인산",
        "PAST_SPOT_" : "24030612000039",
        "MNTN_ID" : "2403061200"
      },
      "geometry" : {
        "x" : 239456.29060000088,
        "y" : 401507.42749999836
      }
    },
    {
      "attributes" : {
        "FID" : 39,
        "PMNTN_SPOT" : 26880,
        "MNTN_CODE" : "447101101",
        "MANAGE_SP1" : "23",
        "MANAGE_SP2" : "정상",
        "DETAIL_SPO" : "만인산정상",
        "ETC_MATTER" : " ",
        "MNTN_NM" : "만인산",
        "PAST_SPOT_" : "24030612000040",
        "MNTN_ID" : "2403061200"
      },
      "geometry" : {
        "x" : 239644.80939999968,
        "y" : 399951.96890000254
      }
    },
    {
      "attributes" : {
        "FID" : 40,
        "PMNTN_SPOT" : 26881,
        "MNTN_CODE" : "447101101",
        "MANAGE_SP1" : "23",
        "MANAGE_SP2" : "정상",
        "DETAIL_SPO" : "만인산정상",
        "ETC_MATTER" : " ",
        "MNTN_NM" : "만인산",
        "PAST_SPOT_" : "24030612000041",
        "MNTN_ID" : "2403061200"
      },
      "geometry" : {
        "x" : 239656.81980000157,
        "y" : 399961.23360000178
      }
    },
    {
      "attributes" : {
        "FID" : 41,
        "PMNTN_SPOT" : 26882,
        "MNTN_CODE" : "447101101",
        "MANAGE_SP1" : "02",
        "MANAGE_SP2" : "분기점",
        "DETAIL_SPO" : "분기점",
        "ETC_MATTER" : " ",
        "MNTN_NM" : "만인산",
        "PAST_SPOT_" : "24030612000042",
        "MNTN_ID" : "2403061200"
      },
      "geometry" : {
        "x" : 239798.58100000117,
        "y" : 399591.45270000026
      }
    },
    {
      "attributes" : {
        "FID" : 42,
        "PMNTN_SPOT" : 26883,
        "MNTN_CODE" : "447101101",
        "MANAGE_SP1" : "05",
        "MANAGE_SP2" : "벤치",
        "DETAIL_SPO" : "벤 치",
        "ETC_MATTER" : " ",
        "MNTN_NM" : "만인산",
        "PAST_SPOT_" : "24030612000043",
        "MNTN_ID" : "2403061200"
      },
      "geometry" : {
        "x" : 239828.93570000213,
        "y" : 399672.16999999993
      }
    },
    {
      "attributes" : {
        "FID" : 43,
        "PMNTN_SPOT" : 26884,
        "MNTN_CODE" : "447101101",
        "MANAGE_SP1" : "01",
        "MANAGE_SP2" : "시종점",
        "DETAIL_SPO" : "시종점,버스승강장",
        "ETC_MATTER" : " ",
        "MNTN_NM" : "만인산",
        "PAST_SPOT_" : "24030612000044",
        "MNTN_ID" : "2403061200"
      },
      "geometry" : {
        "x" : 239864.78849999886,
        "y" : 400733.00090000406
      }
    },
    {
      "attributes" : {
        "FID" : 44,
        "PMNTN_SPOT" : 26885,
        "MNTN_CODE" : "447101101",
        "MANAGE_SP1" : "23",
        "MANAGE_SP2" : "정상",
        "DETAIL_SPO" : "달기봉정상",
        "ETC_MATTER" : "정상 해발386m ,8번사진:만인산조망",
        "MNTN_NM" : "만인산",
        "PAST_SPOT_" : "24030612000045",
        "MNTN_ID" : "2403061200"
      },
      "geometry" : {
        "x" : 239880.72040000185,
        "y" : 399207.45560000278
      }
    },
    {
      "attributes" : {
        "FID" : 45,
        "PMNTN_SPOT" : 26886,
        "MNTN_CODE" : "447101101",
        "MANAGE_SP1" : "02",
        "MANAGE_SP2" : "분기점",
        "DETAIL_SPO" : "분기점",
        "ETC_MATTER" : " ",
        "MNTN_NM" : "만인산",
        "PAST_SPOT_" : "24030612000046",
        "MNTN_ID" : "2403061200"
      },
      "geometry" : {
        "x" : 239978.42440000083,
        "y" : 400145.01469999924
      }
    },
    {
      "attributes" : {
        "FID" : 46,
        "PMNTN_SPOT" : 26887,
        "MNTN_CODE" : "447101101",
        "MANAGE_SP1" : "99",
        "MANAGE_SP2" : "기타",
        "DETAIL_SPO" : "사거리",
        "ETC_MATTER" : " ",
        "MNTN_NM" : "만인산",
        "PAST_SPOT_" : "24030612000047",
        "MNTN_ID" : "2403061200"
      },
      "geometry" : {
        "x" : 239986.67669999972,
        "y" : 400602.67950000428
      }
    },
    {
      "attributes" : {
        "FID" : 47,
        "PMNTN_SPOT" : 26888,
        "MNTN_CODE" : "447101101",
        "MANAGE_SP1" : "99",
        "MANAGE_SP2" : "기타",
        "DETAIL_SPO" : "광 장",
        "ETC_MATTER" : " ",
        "MNTN_NM" : "만인산",
        "PAST_SPOT_" : "24030612000048",
        "MNTN_ID" : "2403061200"
      },
      "geometry" : {
        "x" : 240074.20300000068,
        "y" : 399947.64350000024
      }
    },
    {
      "attributes" : {
        "FID" : 48,
        "PMNTN_SPOT" : 26889,
        "MNTN_CODE" : "447101101",
        "MANAGE_SP1" : "02",
        "MANAGE_SP2" : "분기점",
        "DETAIL_SPO" : "분기점",
        "ETC_MATTER" : " ",
        "MNTN_NM" : "만인산",
        "PAST_SPOT_" : "24030612000049",
        "MNTN_ID" : "2403061200"
      },
      "geometry" : {
        "x" : 240121.6464999998,
        "y" : 399940.82540000416
      }
    },
    {
      "attributes" : {
        "FID" : 49,
        "PMNTN_SPOT" : 26890,
        "MNTN_CODE" : "447101101",
        "MANAGE_SP1" : "02",
        "MANAGE_SP2" : "분기점",
        "DETAIL_SPO" : "분기점",
        "ETC_MATTER" : " ",
        "MNTN_NM" : "만인산",
        "PAST_SPOT_" : "24030612000050",
        "MNTN_ID" : "2403061200"
      },
      "geometry" : {
        "x" : 240152.81030000094,
        "y" : 399872.50180000253
      }
    },
    {
      "attributes" : {
        "FID" : 50,
        "PMNTN_SPOT" : 26891,
        "MNTN_CODE" : "447101101",
        "MANAGE_SP1" : "01",
        "MANAGE_SP2" : "시종점",
        "DETAIL_SPO" : "시종점,중부대학교체육관",
        "ETC_MATTER" : "하산로",
        "MNTN_NM" : "만인산",
        "PAST_SPOT_" : "24030612000051",
        "MNTN_ID" : "2403061200"
      },
      "geometry" : {
        "x" : 240262.89940000046,
        "y" : 399495.43209999986
      }
    },
    {
      "attributes" : {
        "FID" : 51,
        "PMNTN_SPOT" : 26892,
        "MNTN_CODE" : "447101101",
        "MANAGE_SP1" : "01",
        "MANAGE_SP2" : "시종점",
        "DETAIL_SPO" : "시종점",
        "ETC_MATTER" : " ",
        "MNTN_NM" : "만인산",
        "PAST_SPOT_" : "24030612000052",
        "MNTN_ID" : "2403061200"
      },
      "geometry" : {
        "x" : 240381.92490000091,
        "y" : 400420.29880000092
      }
    },
    {
      "attributes" : {
        "FID" : 52,
        "PMNTN_SPOT" : 26893,
        "MNTN_CODE" : "447101101",
        "MANAGE_SP1" : "01",
        "MANAGE_SP2" : "시종점",
        "DETAIL_SPO" : "시종점,행모재",
        "ETC_MATTER" : "3번사진 :17번국도",
        "MNTN_NM" : "만인산",
        "PAST_SPOT_" : "24030612000053",
        "MNTN_ID" : "2403061200"
      },
      "geometry" : {
        "x" : 240575.76659999974,
        "y" : 398546.19590000436
      }
    },
    {
      "attributes" : {
        "FID" : 53,
        "PMNTN_SPOT" : 26894,
        "MNTN_CODE" : "447101101",
        "MANAGE_SP1" : "02",
        "MANAGE_SP2" : "분기점",
        "DETAIL_SPO" : "분기점",
        "ETC_MATTER" : " ",
        "MNTN_NM" : "만인산",
        "PAST_SPOT_" : "24030612000054",
        "MNTN_ID" : "2403061200"
      },
      "geometry" : {
        "x" : 240663.44250000082,
        "y" : 400262.59930000827
      }
    },
    {
      "attributes" : {
        "FID" : 54,
        "PMNTN_SPOT" : 26895,
        "MNTN_CODE" : "447101101",
        "MANAGE_SP1" : "99",
        "MANAGE_SP2" : "기타",
        "DETAIL_SPO" : "태실공원",
        "ETC_MATTER" : " ",
        "MNTN_NM" : "만인산",
        "PAST_SPOT_" : "24030612000055",
        "MNTN_ID" : "2403061200"
      },
      "geometry" : {
        "x" : 240915.3161000004,
        "y" : 399977.24830000289
      }
    }
  ]
}