{
  "displayFieldName" : "",
  "fieldAliases" : {
    "FID" : "FID",
    "PMNTN_SPOT" : "PMNTN_SPOT",
    "MNTN_CODE" : "MNTN_CODE",
    "MANAGE_SP1" : "MANAGE_SP1",
    "MANAGE_SP2" : "MANAGE_SP2",
    "DETAIL_SPO" : "DETAIL_SPO",
    "ETC_MATTER" : "ETC_MATTER",
    "MNTN_NM" : "MNTN_NM",
    "PAST_SPOT_" : "PAST_SPOT_",
    "MNTN_ID" : "MNTN_ID"
  },
  "geometryType" : "esriGeometryPoint",
  "spatialReference" : {
    "wkt" : "PROJCS[\"PCS_ITRF2000_TM\",GEOGCS[\"GCS_ITRF_2000\",DATUM[\"D_ITRF_2000\",SPHEROID[\"GRS_1980\",6378137.0,298.257222101]],PRIMEM[\"Greenwich\",0.0],UNIT[\"Degree\",0.0174532925199433]],PROJECTION[\"Transverse_Mercator\"],PARAMETER[\"False_Easting\",200000.0],PARAMETER[\"False_Northing\",600000.0],PARAMETER[\"Central_Meridian\",127.0],PARAMETER[\"Scale_Factor\",1.0],PARAMETER[\"Latitude_Of_Origin\",38.0],UNIT[\"Meter\",1.0]]"
  },
  "fields" : [
    {
      "name" : "FID",
      "type" : "esriFieldTypeOID",
      "alias" : "FID"
    },
    {
      "name" : "PMNTN_SPOT",
      "type" : "esriFieldTypeDouble",
      "alias" : "PMNTN_SPOT"
    },
    {
      "name" : "MNTN_CODE",
      "type" : "esriFieldTypeString",
      "alias" : "MNTN_CODE",
      "length" : 9
    },
    {
      "name" : "MANAGE_SP1",
      "type" : "esriFieldTypeString",
      "alias" : "MANAGE_SP1",
      "length" : 2
    },
    {
      "name" : "MANAGE_SP2",
      "type" : "esriFieldTypeString",
      "alias" : "MANAGE_SP2",
      "length" : 50
    },
    {
      "name" : "DETAIL_SPO",
      "type" : "esriFieldTypeString",
      "alias" : "DETAIL_SPO",
      "length" : 200
    },
    {
      "name" : "ETC_MATTER",
      "type" : "esriFieldTypeString",
      "alias" : "ETC_MATTER",
      "length" : 200
    },
    {
      "name" : "MNTN_NM",
      "type" : "esriFieldTypeString",
      "alias" : "MNTN_NM",
      "length" : 50
    },
    {
      "name" : "PAST_SPOT_",
      "type" : "esriFieldTypeString",
      "alias" : "PAST_SPOT_",
      "length" : 14
    },
    {
      "name" : "MNTN_ID",
      "type" : "esriFieldTypeString",
      "alias" : "MNTN_ID",
      "length" : 10
    }
  ],
  "features" : [
    {
      "attributes" : {
        "FID" : 0,
        "PMNTN_SPOT" : 10550,
        "MNTN_CODE" : "457203604",
        "MANAGE_SP1" : "01",
        "MANAGE_SP2" : "시종점",
        "DETAIL_SPO" : "시점",
        "ETC_MATTER" : "복두봉 입구 안내도",
        "MNTN_NM" : "구봉산물통골",
        "PAST_SPOT_" : "4572036040001",
        "MNTN_ID" : "457203604"
      },
      "geometry" : {
        "x" : 235070.34399999958,
        "y" : 370466.51659999974
      }
    },
    {
      "attributes" : {
        "FID" : 1,
        "PMNTN_SPOT" : 10551,
        "MNTN_CODE" : "457203604",
        "MANAGE_SP1" : "10",
        "MANAGE_SP2" : "이정표",
        "DETAIL_SPO" : "이정표",
        "ETC_MATTER" : "이정표1",
        "MNTN_NM" : "구봉산물통골",
        "PAST_SPOT_" : "4572036040002",
        "MNTN_ID" : "457203604"
      },
      "geometry" : {
        "x" : 235212.27570000198,
        "y" : 370520.17960000038
      }
    },
    {
      "attributes" : {
        "FID" : 2,
        "PMNTN_SPOT" : 10552,
        "MNTN_CODE" : "457203604",
        "MANAGE_SP1" : "23",
        "MANAGE_SP2" : "정상",
        "DETAIL_SPO" : "정상부",
        "ETC_MATTER" : "복두봉 정상부1017M",
        "MNTN_NM" : "구봉산물통골",
        "PAST_SPOT_" : "4572036040003",
        "MNTN_ID" : "457203604"
      },
      "geometry" : {
        "x" : 235783.22389999963,
        "y" : 370490.50450000353
      }
    },
    {
      "attributes" : {
        "FID" : 3,
        "PMNTN_SPOT" : 10553,
        "MNTN_CODE" : "457203604",
        "MANAGE_SP1" : "10",
        "MANAGE_SP2" : "이정표",
        "DETAIL_SPO" : "이정표",
        "ETC_MATTER" : "이정표2",
        "MNTN_NM" : "구봉산물통골",
        "PAST_SPOT_" : "4572036040004",
        "MNTN_ID" : "457203604"
      },
      "geometry" : {
        "x" : 236353.31720000133,
        "y" : 369724.78580000252
      }
    },
    {
      "attributes" : {
        "FID" : 4,
        "PMNTN_SPOT" : 10554,
        "MNTN_CODE" : "457203604",
        "MANAGE_SP1" : "10",
        "MANAGE_SP2" : "이정표",
        "DETAIL_SPO" : "이정표",
        "ETC_MATTER" : "이정표3",
        "MNTN_NM" : "구봉산물통골",
        "PAST_SPOT_" : "4572036040005",
        "MNTN_ID" : "457203604"
      },
      "geometry" : {
        "x" : 236783.68599999975,
        "y" : 369411.75580000319
      }
    },
    {
      "attributes" : {
        "FID" : 5,
        "PMNTN_SPOT" : 10555,
        "MNTN_CODE" : "457203604",
        "MANAGE_SP1" : "10",
        "MANAGE_SP2" : "이정표",
        "DETAIL_SPO" : "이정표",
        "ETC_MATTER" : "이정표4",
        "MNTN_NM" : "구봉산물통골",
        "PAST_SPOT_" : "4572036040006",
        "MNTN_ID" : "457203604"
      },
      "geometry" : {
        "x" : 237098.74170000013,
        "y" : 369571.90249999985
      }
    },
    {
      "attributes" : {
        "FID" : 6,
        "PMNTN_SPOT" : 10556,
        "MNTN_CODE" : "457203604",
        "MANAGE_SP1" : "99",
        "MANAGE_SP2" : "기타",
        "DETAIL_SPO" : "사진정보",
        "ETC_MATTER" : "숲길모습사진",
        "MNTN_NM" : "구봉산물통골",
        "PAST_SPOT_" : "4572036040007",
        "MNTN_ID" : "457203604"
      },
      "geometry" : {
        "x" : 237227.33800000139,
        "y" : 369819.21760000102
      }
    },
    {
      "attributes" : {
        "FID" : 7,
        "PMNTN_SPOT" : 10557,
        "MNTN_CODE" : "457203604",
        "MANAGE_SP1" : "15",
        "MANAGE_SP2" : "훼손지",
        "DETAIL_SPO" : "훼손지",
        "ETC_MATTER" : "산죽제거 필요",
        "MNTN_NM" : "구봉산물통골",
        "PAST_SPOT_" : "4572036040008",
        "MNTN_ID" : "457203604"
      },
      "geometry" : {
        "x" : 237157.70280000102,
        "y" : 369882.40949999914
      }
    },
    {
      "attributes" : {
        "FID" : 8,
        "PMNTN_SPOT" : 10558,
        "MNTN_CODE" : "457203604",
        "MANAGE_SP1" : "99",
        "MANAGE_SP2" : "기타",
        "DETAIL_SPO" : "사진정보",
        "ETC_MATTER" : "물탕골 폭포",
        "MNTN_NM" : "구봉산물통골",
        "PAST_SPOT_" : "4572036040009",
        "MNTN_ID" : "457203604"
      },
      "geometry" : {
        "x" : 236978.70390000101,
        "y" : 370200.34180000238
      }
    },
    {
      "attributes" : {
        "FID" : 9,
        "PMNTN_SPOT" : 10559,
        "MNTN_CODE" : "457203604",
        "MANAGE_SP1" : "01",
        "MANAGE_SP2" : "시종점",
        "DETAIL_SPO" : "종점",
        "ETC_MATTER" : "물탕골 출구,이정표5 필요",
        "MNTN_NM" : "구봉산물통골",
        "PAST_SPOT_" : "4572036040010",
        "MNTN_ID" : "457203604"
      },
      "geometry" : {
        "x" : 236832.27030000091,
        "y" : 371174.07890000381
      }
    },
    {
      "attributes" : {
        "FID" : 10,
        "PMNTN_SPOT" : 10560,
        "MNTN_CODE" : "457203604",
        "MANAGE_SP1" : "01",
        "MANAGE_SP2" : "시종점",
        "DETAIL_SPO" : "시종점",
        "ETC_MATTER" : " ",
        "MNTN_NM" : "구봉산물통골",
        "PAST_SPOT_" : "4572036040011",
        "MNTN_ID" : "457203604"
      },
      "geometry" : {
        "x" : 235824.96200000215,
        "y" : 375873.07980000041
      }
    },
    {
      "attributes" : {
        "FID" : 11,
        "PMNTN_SPOT" : 10561,
        "MNTN_CODE" : "457203604",
        "MANAGE_SP1" : "01",
        "MANAGE_SP2" : "시종점",
        "DETAIL_SPO" : "시종점",
        "ETC_MATTER" : " ",
        "MNTN_NM" : "구봉산물통골",
        "PAST_SPOT_" : "4572036040012",
        "MNTN_ID" : "457203604"
      },
      "geometry" : {
        "x" : 239498.5270000007,
        "y" : 372242.03680000827
      }
    }
  ]
}