{
  "displayFieldName" : "",
  "fieldAliases" : {
    "FID" : "FID",
    "PMNTN_SN" : "PMNTN_SN",
    "MNTN_CODE" : "MNTN_CODE",
    "MNTN_NM" : "MNTN_NM",
    "PMNTN_NM" : "PMNTN_NM",
    "PMNTN_MAIN" : "PMNTN_MAIN",
    "PMNTN_LT" : "PMNTN_LT",
    "PMNTN_DFFL" : "PMNTN_DFFL",
    "PMNTN_UPPL" : "PMNTN_UPPL",
    "PMNTN_GODN" : "PMNTN_GODN",
    "PMNTN_MTRQ" : "PMNTN_MTRQ",
    "PMNTN_CNRL" : "PMNTN_CNRL",
    "PMNTN_CLS_" : "PMNTN_CLS_",
    "PMNTN_RISK" : "PMNTN_RISK",
    "PMNTN_RECO" : "PMNTN_RECO",
    "DATA_STDR_" : "DATA_STDR_",
    "MNTN_ID" : "MNTN_ID"
  },
  "geometryType" : "esriGeometryPolyline",
  "spatialReference" : {
    "wkt" : "PROJCS[\"PCS_ITRF2000_TM\",GEOGCS[\"GCS_ITRF_2000\",DATUM[\"D_ITRF_2000\",SPHEROID[\"GRS_1980\",6378137.0,298.257222101]],PRIMEM[\"Greenwich\",0.0],UNIT[\"Degree\",0.0174532925199433]],PROJECTION[\"Transverse_Mercator\"],PARAMETER[\"False_Easting\",200000.0],PARAMETER[\"False_Northing\",600000.0],PARAMETER[\"Central_Meridian\",127.0],PARAMETER[\"Scale_Factor\",1.0],PARAMETER[\"Latitude_Of_Origin\",38.0],UNIT[\"Meter\",1.0]]"
  },
  "fields" : [
    {
      "name" : "FID",
      "type" : "esriFieldTypeOID",
      "alias" : "FID"
    },
    {
      "name" : "PMNTN_SN",
      "type" : "esriFieldTypeDouble",
      "alias" : "PMNTN_SN"
    },
    {
      "name" : "MNTN_CODE",
      "type" : "esriFieldTypeString",
      "alias" : "MNTN_CODE",
      "length" : 9
    },
    {
      "name" : "MNTN_NM",
      "type" : "esriFieldTypeString",
      "alias" : "MNTN_NM",
      "length" : 50
    },
    {
      "name" : "PMNTN_NM",
      "type" : "esriFieldTypeString",
      "alias" : "PMNTN_NM",
      "length" : 50
    },
    {
      "name" : "PMNTN_MAIN",
      "type" : "esriFieldTypeString",
      "alias" : "PMNTN_MAIN",
      "length" : 200
    },
    {
      "name" : "PMNTN_LT",
      "type" : "esriFieldTypeSingle",
      "alias" : "PMNTN_LT"
    },
    {
      "name" : "PMNTN_DFFL",
      "type" : "esriFieldTypeString",
      "alias" : "PMNTN_DFFL",
      "length" : 8
    },
    {
      "name" : "PMNTN_UPPL",
      "type" : "esriFieldTypeDouble",
      "alias" : "PMNTN_UPPL"
    },
    {
      "name" : "PMNTN_GODN",
      "type" : "esriFieldTypeDouble",
      "alias" : "PMNTN_GODN"
    },
    {
      "name" : "PMNTN_MTRQ",
      "type" : "esriFieldTypeString",
      "alias" : "PMNTN_MTRQ",
      "length" : 200
    },
    {
      "name" : "PMNTN_CNRL",
      "type" : "esriFieldTypeString",
      "alias" : "PMNTN_CNRL",
      "length" : 1
    },
    {
      "name" : "PMNTN_CLS_",
      "type" : "esriFieldTypeString",
      "alias" : "PMNTN_CLS_",
      "length" : 1
    },
    {
      "name" : "PMNTN_RISK",
      "type" : "esriFieldTypeString",
      "alias" : "PMNTN_RISK",
      "length" : 200
    },
    {
      "name" : "PMNTN_RECO",
      "type" : "esriFieldTypeString",
      "alias" : "PMNTN_RECO",
      "length" : 1
    },
    {
      "name" : "DATA_STDR_",
      "type" : "esriFieldTypeString",
      "alias" : "DATA_STDR_",
      "length" : 10
    },
    {
      "name" : "MNTN_ID",
      "type" : "esriFieldTypeString",
      "alias" : "MNTN_ID",
      "length" : 10
    }
  ],
  "features" : [
    {
      "attributes" : {
        "FID" : 0,
        "PMNTN_SN" : 39994,
        "MNTN_CODE" : "447701401",
        "MNTN_NM" : "왕개산",
        "PMNTN_NM" : "원수리구간",
        "PMNTN_MAIN" : " ",
        "PMNTN_LT" : 0.13,
        "PMNTN_DFFL" : "쉬움",
        "PMNTN_UPPL" : 2,
        "PMNTN_GODN" : 2,
        "PMNTN_MTRQ" : " ",
        "PMNTN_CNRL" : " ",
        "PMNTN_CLS_" : " ",
        "PMNTN_RISK" : " ",
        "PMNTN_RECO" : " ",
        "DATA_STDR_" : "2016-12-31",
        "MNTN_ID" : "447701401"
      },
      "geometry" : {
        "paths" : [
          [
            [
              174215.58980000112,
              380397.29660000093
            ],
            [
              174218.98530000076,
              380388.52520000003
            ],
            [
              174221.64060000237,
              380384.96979999915
            ],
            [
              174224.50229999982,
              380382.37290000357
            ],
            [
              174227.91920000128,
              380380.41650000401
            ],
            [
              174231.45540000312,
              380379.03790000267
            ],
            [
              174235.44820000324,
              380378.46250000224
            ],
            [
              174238.62930000015,
              380378.02020000108
            ],
            [
              174241.51169999968,
              380379.3561000023
            ],
            [
              174244.17370000109,
              380379.95260000043
            ],
            [
              174247.26690000109,
              380381.33370000124
            ],
            [
              174250.90780000295,
              380381.62580000237
            ],
            [
              174254.42360000033,
              380382.81140000001
            ],
            [
              174257.43800000288,
              380384.28030000068
            ],
            [
              174261.0195000032,
              380386.97839999758
            ],
            [
              174263.502700001,
              380389.72240000032
            ],
            [
              174266.12980000209,
              380390.80340000242
            ],
            [
              174269.41220000014,
              380391.61969999969
            ],
            [
              174272.75550000183,
              380391.41030000523
            ],
            [
              174276.03120000008,
              380390.07960000262
            ],
            [
              174279.33970000222,
              380390.35000000149
            ],
            [
              174283.16390000097,
              380391.65080000274
            ],
            [
              174286.70480000135,
              380393.15980000049
            ],
            [
              174290.27290000208,
              380393.49050000124
            ],
            [
              174293.88700000383,
              380392.50740000047
            ],
            [
              174297.42360000033,
              380391.24070000276
            ],
            [
              174301.09520000219,
              380390.24190000258
            ],
            [
              174305.48550000135,
              380389.06430000253
            ],
            [
              174309.6520999996,
              380389.24450000189
            ],
            [
              174314.16070000175,
              380389.05489999987
            ],
            [
              174318.5652999999,
              380388.89209999889
            ],
            [
              174322.56370000169,
              380389.15970000252
            ],
            [
              174326.30439999886,
              380391.04670000076
            ],
            [
              174328.02550000418,
              380394.06370000169
            ]
          ]
        ]
      }
    },
    {
      "attributes" : {
        "FID" : 1,
        "PMNTN_SN" : 39995,
        "MNTN_CODE" : "447701401",
        "MNTN_NM" : "왕개산",
        "PMNTN_NM" : "성주리구간",
        "PMNTN_MAIN" : " ",
        "PMNTN_LT" : 0.09,
        "PMNTN_DFFL" : "쉬움",
        "PMNTN_UPPL" : 2,
        "PMNTN_GODN" : 1,
        "PMNTN_MTRQ" : " ",
        "PMNTN_CNRL" : " ",
        "PMNTN_CLS_" : " ",
        "PMNTN_RISK" : " ",
        "PMNTN_RECO" : " ",
        "DATA_STDR_" : "2016-12-31",
        "MNTN_ID" : "447701401"
      },
      "geometry" : {
        "paths" : [
          [
            [
              173942.3638000004,
              380357.25970000029
            ],
            [
              173943.33349999972,
              380346.29530000128
            ],
            [
              173943.21760000102,
              380342.26140000112
            ],
            [
              173943.07280000113,
              380337.99540000036
            ],
            [
              173943.15770000312,
              380332.06179999933
            ],
            [
              173945.9121000031,
              380327.58480000123
            ],
            [
              173951.84020000044,
              380324.29710000753
            ],
            [
              173956.03600000124,
              380317.77590000257
            ],
            [
              173958.22990000248,
              380311.79829999991
            ],
            [
              173961.65340000018,
              380306.33350000158
            ],
            [
              173964.90530000068,
              380300.24010000378
            ],
            [
              173968.19840000104,
              380293.76910000108
            ],
            [
              173970.14790000301,
              380289.49239999987
            ],
            [
              173970.16450000182,
              380289.38770000078
            ],
            [
              173975.74440000299,
              380283.60269999877
            ],
            [
              173977.54559999984,
              380281.96150000021
            ],
            [
              173979.37850000151,
              380280.94920000248
            ],
            [
              173984.09520000312,
              380280.54289999977
            ]
          ]
        ]
      }
    },
    {
      "attributes" : {
        "FID" : 2,
        "PMNTN_SN" : 39996,
        "MNTN_CODE" : "447701401",
        "MNTN_NM" : "왕개산",
        "PMNTN_NM" : "성주리구간",
        "PMNTN_MAIN" : " ",
        "PMNTN_LT" : 0.26,
        "PMNTN_DFFL" : "쉬움",
        "PMNTN_UPPL" : 5,
        "PMNTN_GODN" : 3,
        "PMNTN_MTRQ" : " ",
        "PMNTN_CNRL" : " ",
        "PMNTN_CLS_" : " ",
        "PMNTN_RISK" : " ",
        "PMNTN_RECO" : " ",
        "DATA_STDR_" : "2016-12-31",
        "MNTN_ID" : "447701401"
      },
      "geometry" : {
        "paths" : [
          [
            [
              174120.63500000071,
              380418.12209999748
            ],
            [
              174113.71290000062,
              380421.23710000142
            ],
            [
              174105.14830000047,
              380421.10750000179
            ],
            [
              174096.56860000081,
              380416.79460000619
            ],
            [
              174092.25400000159,
              380412.72670000046
            ],
            [
              174090.15160000324,
              380412.23120000213
            ],
            [
              174085.65030000173,
              380411.02810000069
            ],
            [
              174083.14900000114,
              380410.56000000425
            ],
            [
              174081.24750000145,
              380408.60420000181
            ],
            [
              174080.07820000034,
              380406.89040000178
            ],
            [
              174078.78060000017,
              380404.6427000016
            ],
            [
              174074.79440000188,
              380404.13910000212
            ],
            [
              174071.41469999962,
              380405.87150000036
            ],
            [
              174069.36320000235,
              380408.6678000018
            ],
            [
              174066.94920000155,
              380408.57060000114
            ],
            [
              174062.57670000382,
              380411.5242999997
            ],
            [
              174057.74409999885,
              380412.41920000128
            ],
            [
              174055.65660000127,
              380412.92620000243
            ],
            [
              174053.58389999997,
              380412.82580000162
            ],
            [
              174050.94120000023,
              380411.64039999992
            ],
            [
              174047.13600000367,
              380409.87580000237
            ],
            [
              174044.99320000131,
              380409.46650000103
            ],
            [
              174040.66230000183,
              380409.25339999981
            ],
            [
              174038.58950000163,
              380410.83160000294
            ],
            [
              174034.8562000012,
              380409.93730000034
            ],
            [
              174033.4860000005,
              380406.79930000007
            ],
            [
              174033.23180000111,
              380404.24800000153
            ],
            [
              174032.33160000015,
              380401.51520000212
            ],
            [
              174033.00850000046,
              380397.59070000052
            ],
            [
              174032.52900000196,
              380392.73159999959
            ],
            [
              174033.54590000119,
              380390.35949999839
            ],
            [
              174032.73600000143,
              380387.82499999925
            ],
            [
              174027.62320000306,
              380386.36989999935
            ],
            [
              174023.40390000027,
              380386.08650000021
            ],
            [
              174013.09150000103,
              380386.01920000464
            ],
            [
              174008.82970000245,
              380386.62010000087
            ],
            [
              174004.91760000121,
              380384.46339999884
            ],
            [
              173999.39159999974,
              380382.97480000183
            ],
            [
              173994.04700000212,
              380377.74659999833
            ],
            [
              173990.93180000409,
              380374.87060000002
            ],
            [
              173986.84880000167,
              380362.03370000236
            ],
            [
              173987.5672000004,
              380359.64120000415
            ],
            [
              173987.03589999955,
              380356.65090000071
            ],
            [
              173987.78990000021,
              380349.17410000227
            ],
            [
              173986.84949999955,
              380342.77280000225
            ],
            [
              173988.22790000215,
              380337.52190000191
            ],
            [
              173990.35070000216,
              380327.48720000125
            ],
            [
              173988.27190000005,
              380316.95350000076
            ],
            [
              173988.2518000016,
              380310.79980000295
            ],
            [
              173988.98269999959,
              380304.64010000043
            ],
            [
              173989.69159999955,
              380302.71250000224
            ],
            [
              173990.64170000143,
              380300.91190000251
            ],
            [
              173990.10790000111,
              380298.10190000199
            ],
            [
              173989.2489000028,
              380294.41850000247
            ],
            [
              173988.07139999978,
              380292.21060000174
            ],
            [
              173986.68590000365,
              380290.30590000004
            ],
            [
              173985.07199999969,
              380288.74860000052
            ],
            [
              173983.85680000111,
              380287.06620000117
            ],
            [
              173982.53970000241,
              380285.03030000255
            ],
            [
              173984.09520000312,
              380280.54289999977
            ]
          ]
        ]
      }
    },
    {
      "attributes" : {
        "FID" : 3,
        "PMNTN_SN" : 39997,
        "MNTN_CODE" : "447701401",
        "MNTN_NM" : "왕개산",
        "PMNTN_NM" : "송내리구간",
        "PMNTN_MAIN" : " ",
        "PMNTN_LT" : 0.3,
        "PMNTN_DFFL" : "쉬움",
        "PMNTN_UPPL" : 5,
        "PMNTN_GODN" : 4,
        "PMNTN_MTRQ" : " ",
        "PMNTN_CNRL" : " ",
        "PMNTN_CLS_" : " ",
        "PMNTN_RISK" : " ",
        "PMNTN_RECO" : " ",
        "DATA_STDR_" : "2016-12-31",
        "MNTN_ID" : "447701401"
      },
      "geometry" : {
        "paths" : [
          [
            [
              174215.1166000003,
              380599.93840000033
            ],
            [
              174213.03970000055,
              380599.18970000185
            ],
            [
              174211.65420000069,
              380597.46790000051
            ],
            [
              174210.88480000105,
              380594.96529999934
            ],
            [
              174210.62289999984,
              380592.89210000262
            ],
            [
              174210.38909999933,
              380590.13660000078
            ],
            [
              174207.82230000384,
              380588.96180000156
            ],
            [
              174204.59960000124,
              380588.90689999983
            ],
            [
              174201.48110000324,
              380588.37910000235
            ],
            [
              174199.28000000212,
              380587.38949999958
            ],
            [
              174194.48540000245,
              380588.95810000226
            ],
            [
              174192.4168000007,
              380590.44710000418
            ],
            [
              174188.72820000071,
              380590.3318000026
            ],
            [
              174188.03980000131,
              380590.20910000056
            ],
            [
              174185.98420000076,
              380589.67430000007
            ],
            [
              174185.40660000034,
              380589.38519999944
            ],
            [
              174183.72180000041,
              380587.97140000015
            ],
            [
              174182.41860000137,
              380585.40029999986
            ],
            [
              174181.25219999999,
              380583.0588000007
            ],
            [
              174179.18750000186,
              380582.05930000171
            ],
            [
              174176.89390000142,
              380581.42909999937
            ],
            [
              174174.80669999961,
              380581.74400000274
            ],
            [
              174172.41310000233,
              380582.43789999932
            ],
            [
              174169.59850000124,
              380583.24970000051
            ],
            [
              174168.11640000064,
              380587.56030000187
            ],
            [
              174165.81480000075,
              380588.21530000307
            ],
            [
              174163.64290000126,
              380589.02999999933
            ],
            [
              174161.28750000335,
              380588.75580000132
            ],
            [
              174159.14410000108,
              380588.04470000416
            ],
            [
              174157.11810000055,
              380587.057099998
            ],
            [
              174155.33740000147,
              380586.07700000145
            ],
            [
              174153.86000000406,
              380584.4422999993
            ],
            [
              174152.99970000144,
              380582.05700000189
            ],
            [
              174150.41460000072,
              380580.4355999995
            ],
            [
              174148.17239999957,
              380578.59740000218
            ],
            [
              174146.91960000154,
              380576.65810000151
            ],
            [
              174145.90479999874,
              380574.77520000003
            ],
            [
              174144.44600000046,
              380570.93320000358
            ],
            [
              174144.40710000135,
              380568.86200000159
            ],
            [
              174145.78370000049,
              380567.37230000272
            ],
            [
              174147.18499999866,
              380565.27190000378
            ],
            [
              174147.97650000174,
              380562.24990000017
            ],
            [
              174149.58340000082,
              380560.80870000087
            ],
            [
              174151.07310000155,
              380559.41630000249
            ],
            [
              174151.81200000085,
              380557.2210000027
            ],
            [
              174153.32670000102,
              380555.09109999985
            ],
            [
              174154.65360000171,
              380553.29260000028
            ],
            [
              174155.59490000084,
              380551.18970000185
            ],
            [
              174155.75600000005,
              380548.57059999928
            ],
            [
              174156.43939999957,
              380546.08899999969
            ],
            [
              174157.91800000053,
              380543.51370000094
            ],
            [
              174158.83100000117,
              380541.65350000188
            ],
            [
              174159.62569999974,
              380538.59340000153
            ],
            [
              174161.05510000233,
              380533.30900000408
            ],
            [
              174163.23220000044,
              380529.50770000182
            ],
            [
              174164.35080000013,
              380528.07040000148
            ],
            [
              174166.81340000127,
              380526.85099999979
            ],
            [
              174168.96940000076,
              380525.57690000162
            ],
            [
              174171.02090000175,
              380524.55600000173
            ],
            [
              174172.98200000077,
              380523.01819999889
            ],
            [
              174175.53640000336,
              380522.07530000061
            ],
            [
              174179.94039999973,
              380519.66900000162
            ],
            [
              174183.81599999964,
              380514.7126000002
            ],
            [
              174184.59390000161,
              380511.37150000408
            ],
            [
              174184.63700000104,
              380507.60679999925
            ],
            [
              174185.00490000099,
              380505.25180000253
            ],
            [
              174185.35410000011,
              380502.41290000081
            ],
            [
              174184.84480000008,
              380500.0939000044
            ],
            [
              174183.84279999975,
              380497.97350000218
            ],
            [
              174182.51489999983,
              380494.6529000029
            ],
            [
              174180.57870000135,
              380493.42720000073
            ],
            [
              174178.30880000256,
              380489.32110000029
            ],
            [
              174176.41950000171,
              380487.49210000411
            ],
            [
              174174.84690000396,
              380485.70090000145
            ],
            [
              174172.6705000028,
              380484.57850000262
            ],
            [
              174170.84810000006,
              380482.39400000311
            ],
            [
              174169.93580000009,
              380480.55050000176
            ],
            [
              174169.5560999997,
              380478.30310000107
            ],
            [
              174170.78990000207,
              380476.52070000023
            ],
            [
              174169.78870000318,
              380471.74950000457
            ],
            [
              174169.69580000173,
              380469.30170000158
            ],
            [
              174169.61500000115,
              380467.16600000113
            ],
            [
              174168.41090000048,
              380464.05040000193
            ],
            [
              174165.91170000099,
              380460.61869999953
            ],
            [
              174165.54360000137,
              380458.59769999981
            ],
            [
              174165.09460000321,
              380455.99090000056
            ],
            [
              174165.72499999963,
              380453.383100003
            ],
            [
              174165.08300000057,
              380451.43890000321
            ],
            [
              174163.58930000104,
              380449.85880000144
            ],
            [
              174162.08550000377,
              380448.58510000445
            ],
            [
              174160.23980000056,
              380447.44310000166
            ],
            [
              174158.12080000155,
              380446.42779999971
            ],
            [
              174155.81550000142,
              380445.23490000144
            ],
            [
              174154.1276000021,
              380443.15699999966
            ],
            [
              174148.1819999991,
              380442.57500000112
            ],
            [
              174144.27050000243,
              380442.44550000131
            ],
            [
              174142.60970000084,
              380441.26970000006
            ],
            [
              174140.38200000115,
              380441.80510000326
            ],
            [
              174138.37070000079,
              380440.65250000358
            ],
            [
              174136.85270000063,
              380438.82740000449
            ],
            [
              174134.79540000018,
              380437.63900000229
            ],
            [
              174133.46590000205,
              380434.96950000338
            ],
            [
              174131.70050000027,
              380429.76139999926
            ],
            [
              174129.59100000281,
              380427.60850000009
            ],
            [
              174126.99500000011,
              380426.89370000176
            ],
            [
              174125.29170000181,
              380425.59190000035
            ],
            [
              174123.15190000087,
              380423.97720000148
            ],
            [
              174120.63500000071,
              380418.12209999748
            ]
          ]
        ]
      }
    },
    {
      "attributes" : {
        "FID" : 4,
        "PMNTN_SN" : 39998,
        "MNTN_CODE" : "447701401",
        "MNTN_NM" : "왕개산",
        "PMNTN_NM" : "송내리구간",
        "PMNTN_MAIN" : " ",
        "PMNTN_LT" : 0.22,
        "PMNTN_DFFL" : "쉬움",
        "PMNTN_UPPL" : 4,
        "PMNTN_GODN" : 3,
        "PMNTN_MTRQ" : " ",
        "PMNTN_CNRL" : " ",
        "PMNTN_CLS_" : " ",
        "PMNTN_RISK" : " ",
        "PMNTN_RECO" : " ",
        "DATA_STDR_" : "2016-12-31",
        "MNTN_ID" : "447701401"
      },
      "geometry" : {
        "paths" : [
          [
            [
              174047.48910000082,
              380596.83680000156
            ],
            [
              174048.58349999972,
              380601.64990000054
            ],
            [
              174051.72339999955,
              380604.76650000177
            ],
            [
              174053.44570000004,
              380606.20610000193
            ],
            [
              174055.92239999864,
              380608.15000000037
            ],
            [
              174058.15420000069,
              380609.92930000275
            ],
            [
              174061.46470000036,
              380610.56650000066
            ],
            [
              174063.5111999996,
              380610.92930000089
            ],
            [
              174065.5083999997,
              380612.22900000215
            ],
            [
              174068.05170000065,
              380611.56510000117
            ],
            [
              174070.66620000172,
              380612.03060000017
            ],
            [
              174073.31430000346,
              380614.6176999975
            ],
            [
              174074.01540000178,
              380617.38100000098
            ],
            [
              174074.72520000208,
              380620.20990000106
            ],
            [
              174075.55720000062,
              380622.75430000201
            ],
            [
              174077.03090000246,
              380624.67400000244
            ],
            [
              174078.59720000159,
              380626.59080000222
            ],
            [
              174080.31739999913,
              380627.80100000277
            ],
            [
              174081.97780000232,
              380629.13190000132
            ],
            [
              174083.85160000063,
              380631.57410000078
            ],
            [
              174085.48550000228,
              380633.81910000183
            ],
            [
              174087.11650000047,
              380635.02640000358
            ],
            [
              174088.87799999956,
              380636.77760000154
            ],
            [
              174090.19659999944,
              380638.61800000258
            ],
            [
              174091.79250000231,
              380641.13480000198
            ],
            [
              174091.79040000029,
              380643.21600000001
            ],
            [
              174093.29340000078,
              380644.67840000242
            ],
            [
              174095.72759999987,
              380646.10799999721
            ],
            [
              174097.71660000086,
              380647.47240000032
            ],
            [
              174099.42480000015,
              380649.5485999994
            ],
            [
              174100.90880000219,
              380651.12860000134
            ],
            [
              174103.79920000397,
              380650.89710000157
            ],
            [
              174105.62860000227,
              380649.92959999852
            ],
            [
              174108.75750000216,
              380649.32340000756
            ],
            [
              174111.95860000141,
              380649.66080000252
            ],
            [
              174116.06579999998,
              380648.55820000172
            ],
            [
              174118.45590000413,
              380648.77640000172
            ],
            [
              174120.72130000405,
              380649.53040000051
            ],
            [
              174122.81740000006,
              380649.7893000003
            ],
            [
              174124.71860000119,
              380650.51130000129
            ],
            [
              174127.13850000221,
              380650.38580000214
            ],
            [
              174129.66860000137,
              380650.94239999913
            ],
            [
              174131.80690000206,
              380651.33880000003
            ],
            [
              174134.23780000024,
              380651.36150000244
            ],
            [
              174136.29129999969,
              380651.04849999957
            ],
            [
              174139.2061999999,
              380651.36439999938
            ],
            [
              174144.11920000054,
              380651.65179999918
            ],
            [
              174147.45210000034,
              380651.55000000075
            ],
            [
              174150.57600000128,
              380651.84820000455
            ],
            [
              174153.80280000065,
              380652.48620000109
            ],
            [
              174155.73280000128,
              380651.92460000142
            ],
            [
              174159.39810000267,
              380651.11310000159
            ],
            [
              174166.4468000019,
              380650.18640000187
            ],
            [
              174170.8451000005,
              380648.20439999923
            ],
            [
              174173.61920000147,
              380646.35719999857
            ],
            [
              174175.90460000187,
              380645.64680000208
            ],
            [
              174178.30740000121,
              380644.82300000265
            ],
            [
              174181.4058000017,
              380642.2490000017
            ],
            [
              174182.70330000017,
              380640.51149999909
            ],
            [
              174183.70660000015,
              380638.66750000045
            ],
            [
              174185.97520000022,
              380636.96220000088
            ],
            [
              174187.52050000057,
              380635.62299999967
            ],
            [
              174188.8331000004,
              380633.89640000276
            ],
            [
              174191.12280000187,
              380632.61450000107
            ],
            [
              174193.53610000201,
              380629.24850000069
            ],
            [
              174195.62780000083,
              380627.2002000045
            ],
            [
              174199.93450000416,
              380624.05450000055
            ],
            [
              174202.31940000132,
              380619.83269999921
            ],
            [
              174203.21600000188,
              380618.5989000015
            ],
            [
              174204.63590000104,
              380617.07870000042
            ],
            [
              174205.68780000415,
              380614.27769999951
            ],
            [
              174207.48300000001,
              380610.77310000174
            ],
            [
              174209.73900000192,
              380608.45090000331
            ],
            [
              174210.76910000015,
              380606.003800001
            ],
            [
              174211.81460000295,
              380604.23570000194
            ],
            [
              174215.1166000003,
              380599.93840000033
            ]
          ]
        ]
      }
    },
    {
      "attributes" : {
        "FID" : 5,
        "PMNTN_SN" : 39999,
        "MNTN_CODE" : "447701401",
        "MNTN_NM" : "왕개산",
        "PMNTN_NM" : "원수리구간",
        "PMNTN_MAIN" : " ",
        "PMNTN_LT" : 0.37,
        "PMNTN_DFFL" : "쉬움",
        "PMNTN_UPPL" : 7,
        "PMNTN_GODN" : 5,
        "PMNTN_MTRQ" : " ",
        "PMNTN_CNRL" : " ",
        "PMNTN_CLS_" : " ",
        "PMNTN_RISK" : " ",
        "PMNTN_RECO" : " ",
        "DATA_STDR_" : "2016-12-31",
        "MNTN_ID" : "447701401"
      },
      "geometry" : {
        "paths" : [
          [
            [
              174290.58650000114,
              380320.77250000089
            ],
            [
              174285.39780000132,
              380325.29649999924
            ],
            [
              174280.72310000006,
              380325.83500000462
            ],
            [
              174273.26180000044,
              380325.43099999987
            ],
            [
              174269.96770000085,
              380319.68080000393
            ],
            [
              174265.46520000044,
              380314.03070000373
            ],
            [
              174254.49000000022,
              380309.62240000255
            ],
            [
              174242.9850000022,
              380303.86740000173
            ],
            [
              174231.62009999994,
              380303.21069999784
            ],
            [
              174212.31340000313,
              380301.7440000046
            ],
            [
              174202.87009999994,
              380302.66110000201
            ],
            [
              174195.94460000098,
              380309.63880000077
            ],
            [
              174193.04980000108,
              380312.89800000004
            ],
            [
              174189.79420000128,
              380315.68750000373
            ],
            [
              174187.20480000135,
              380317.89980000257
            ],
            [
              174180.97080000117,
              380319.4254999999
            ],
            [
              174176.3805999998,
              380318.42530000024
            ],
            [
              174171.46340000257,
              380311.44889999926
            ],
            [
              174167.72470000107,
              380311.04320000298
            ],
            [
              174163.06780000031,
              380309.23370000161
            ],
            [
              174158.48840000201,
              380304.15499999933
            ],
            [
              174154.7042000005,
              380301.90220000036
            ],
            [
              174146.03679999989,
              380291.8917000033
            ],
            [
              174141.85290000308,
              380285.03250000253
            ],
            [
              174135.61760000139,
              380281.43960000016
            ],
            [
              174129.80310000107,
              380280.03910000063
            ],
            [
              174127.92200000118,
              380278.17960000038
            ],
            [
              174125.13510000054,
              380276.15949999914
            ],
            [
              174122.81890000217,
              380273.82499999925
            ],
            [
              174116.91970000044,
              380271.33390000276
            ],
            [
              174115.12020000257,
              380269.55909999833
            ],
            [
              174107.23440000135,
              380261.16039999947
            ],
            [
              174097.62110000104,
              380255.84820000082
            ],
            [
              174090.11079999991,
              380246.31030000001
            ],
            [
              174082.76460000128,
              380237.73350000195
            ],
            [
              174079.95099999942,
              380236.0837000031
            ],
            [
              174065.30910000112,
              380231.37710000016
            ],
            [
              174061.27180000301,
              380229.78480000235
            ],
            [
              174056.70999999996,
              380224.24760000221
            ],
            [
              174046.98780000024,
              380204.6782000009
            ],
            [
              174044.65130000096,
              380201.06149999984
            ],
            [
              174042.77080000099,
              380193.62639999948
            ],
            [
              174039.72800000198,
              380186.62240000069
            ],
            [
              174035.67980000097,
              380185.25730000436
            ],
            [
              174030.6762000015,
              380184.54790000245
            ],
            [
              174029.28090000246,
              380183.61250000261
            ],
            [
              174027.32280000113,
              380181.89590000175
            ],
            [
              174023.27670000028,
              380175.95830000378
            ],
            [
              174019.90640000068,
              380172.41880000383
            ],
            [
              174016.04710000101,
              380172.36380000226
            ],
            [
              174012.47490000073,
              380169.46079999767
            ],
            [
              174008.33719999995,
              380172.15780000202
            ],
            [
              174006.16779999994,
              380175.18940000236
            ]
          ]
        ]
      }
    },
    {
      "attributes" : {
        "FID" : 6,
        "PMNTN_SN" : 40000,
        "MNTN_CODE" : "447701401",
        "MNTN_NM" : "왕개산",
        "PMNTN_NM" : "원수리구간",
        "PMNTN_MAIN" : " ",
        "PMNTN_LT" : 0.04,
        "PMNTN_DFFL" : "쉬움",
        "PMNTN_UPPL" : 1,
        "PMNTN_GODN" : 0,
        "PMNTN_MTRQ" : " ",
        "PMNTN_CNRL" : " ",
        "PMNTN_CLS_" : " ",
        "PMNTN_RISK" : " ",
        "PMNTN_RECO" : " ",
        "DATA_STDR_" : "2016-12-31",
        "MNTN_ID" : "447701401"
      },
      "geometry" : {
        "paths" : [
          [
            [
              174328.02550000418,
              380394.06370000169
            ],
            [
              174329.33249999955,
              380392.88420000114
            ],
            [
              174334.17610000074,
              380390.49110000022
            ],
            [
              174338.17810000107,
              380386.38099999912
            ],
            [
              174339.39690000098,
              380384.29540000111
            ],
            [
              174341.75930000003,
              380378.84750000201
            ],
            [
              174343.93180000316,
              380376.0605999995
            ],
            [
              174343.70250000246,
              380372.22980000265
            ],
            [
              174341.59500000067,
              380370.39190000109
            ],
            [
              174339.63669999968,
              380365.690200001
            ]
          ]
        ]
      }
    },
    {
      "attributes" : {
        "FID" : 7,
        "PMNTN_SN" : 40001,
        "MNTN_CODE" : "447701401",
        "MNTN_NM" : "왕개산",
        "PMNTN_NM" : "성주리구간",
        "PMNTN_MAIN" : " ",
        "PMNTN_LT" : 0.06,
        "PMNTN_DFFL" : "쉬움",
        "PMNTN_UPPL" : 1,
        "PMNTN_GODN" : 1,
        "PMNTN_MTRQ" : " ",
        "PMNTN_CNRL" : " ",
        "PMNTN_CLS_" : " ",
        "PMNTN_RISK" : " ",
        "PMNTN_RECO" : " ",
        "DATA_STDR_" : "2016-12-31",
        "MNTN_ID" : "447701401"
      },
      "geometry" : {
        "paths" : [
          [
            [
              174215.58980000112,
              380397.29660000093
            ],
            [
              174211.16420000419,
              380398.21770000085
            ],
            [
              174204.2631000001,
              380397.48020000011
            ],
            [
              174197.92599999998,
              380395.14540000074
            ],
            [
              174188.76549999975,
              380393.42710000277
            ],
            [
              174185.45260000136,
              380393.52979999967
            ],
            [
              174177.32610000111,
              380392.23730000108
            ],
            [
              174168.5446000006,
              380388.32900000177
            ],
            [
              174162.43810000271,
              380385.17259999923
            ]
          ]
        ]
      }
    },
    {
      "attributes" : {
        "FID" : 8,
        "PMNTN_SN" : 40002,
        "MNTN_CODE" : "447701401",
        "MNTN_NM" : "왕개산",
        "PMNTN_NM" : "원수리구간",
        "PMNTN_MAIN" : " ",
        "PMNTN_LT" : 0.09,
        "PMNTN_DFFL" : "쉬움",
        "PMNTN_UPPL" : 2,
        "PMNTN_GODN" : 1,
        "PMNTN_MTRQ" : " ",
        "PMNTN_CNRL" : " ",
        "PMNTN_CLS_" : " ",
        "PMNTN_RISK" : " ",
        "PMNTN_RECO" : " ",
        "DATA_STDR_" : "2016-12-31",
        "MNTN_ID" : "447701401"
      },
      "geometry" : {
        "paths" : [
          [
            [
              174328.02550000418,
              380394.06370000169
            ],
            [
              174327.65220000036,
              380397.64550000057
            ],
            [
              174325.39180000033,
              380400.15420000441
            ],
            [
              174322.38320000097,
              380401.73170000128
            ],
            [
              174319.93520000204,
              380403.42720000073
            ],
            [
              174317.60439999867,
              380404.21130000241
            ],
            [
              174314.06319999974,
              380405.68200000189
            ],
            [
              174310.62310000136,
              380406.43140000105
            ],
            [
              174307.60639999993,
              380406.61720000021
            ],
            [
              174303.90290000103,
              380407.06709999964
            ],
            [
              174300.01630000304,
              380407.50540000014
            ],
            [
              174296.09410000406,
              380408.48650000244
            ],
            [
              174292.35989999957,
              380407.57300000079
            ],
            [
              174288.65110000037,
              380408.02329999954
            ],
            [
              174285.6400000006,
              380407.45820000209
            ],
            [
              174278.83340000082,
              380405.91110000014
            ],
            [
              174273.71380000282,
              380406.24200000241
            ],
            [
              174270.33060000278,
              380408.94560000114
            ],
            [
              174267.409500001,
              380412.29399999976
            ],
            [
              174263.99660000205,
              380416.44150000066
            ],
            [
              174258.65969999973,
              380418.8088000007
            ],
            [
              174252.61680000182,
              380417.08900000341
            ],
            [
              174248.92500000261,
              380416.60280000046
            ]
          ]
        ]
      }
    },
    {
      "attributes" : {
        "FID" : 9,
        "PMNTN_SN" : 40003,
        "MNTN_CODE" : "447701401",
        "MNTN_NM" : "왕개산",
        "PMNTN_NM" : "성주리구간",
        "PMNTN_MAIN" : " ",
        "PMNTN_LT" : 0.04,
        "PMNTN_DFFL" : "쉬움",
        "PMNTN_UPPL" : 1,
        "PMNTN_GODN" : 0,
        "PMNTN_MTRQ" : " ",
        "PMNTN_CNRL" : " ",
        "PMNTN_CLS_" : " ",
        "PMNTN_RISK" : " ",
        "PMNTN_RECO" : " ",
        "DATA_STDR_" : "2016-12-31",
        "MNTN_ID" : "447701401"
      },
      "geometry" : {
        "paths" : [
          [
            [
              174248.92500000261,
              380416.60280000046
            ],
            [
              174246.72730000224,
              380416.31330000237
            ],
            [
              174240.49430000223,
              380415.72910000011
            ],
            [
              174234.73529999983,
              380414.29120000266
            ],
            [
              174228.83230000082,
              380413.20570000075
            ],
            [
              174223.06269999966,
              380411.220900001
            ],
            [
              174217.72020000126,
              380407.8433000017
            ],
            [
              174215.35249999911,
              380401.67479999922
            ],
            [
              174215.58980000112,
              380397.29660000093
            ]
          ]
        ]
      }
    },
    {
      "attributes" : {
        "FID" : 10,
        "PMNTN_SN" : 40004,
        "MNTN_CODE" : "447701401",
        "MNTN_NM" : "왕개산",
        "PMNTN_NM" : "성주리구간",
        "PMNTN_MAIN" : " ",
        "PMNTN_LT" : 0.39,
        "PMNTN_DFFL" : "쉬움",
        "PMNTN_UPPL" : 7,
        "PMNTN_GODN" : 5,
        "PMNTN_MTRQ" : " ",
        "PMNTN_CNRL" : " ",
        "PMNTN_CLS_" : " ",
        "PMNTN_RISK" : " ",
        "PMNTN_RECO" : " ",
        "DATA_STDR_" : "2016-12-31",
        "MNTN_ID" : "447701401"
      },
      "geometry" : {
        "paths" : [
          [
            [
              174006.16779999994,
              380175.18940000236
            ],
            [
              173997.96729999967,
              380169.02950000204
            ],
            [
              173995.56319999974,
              380164.73799999803
            ],
            [
              173995.12420000136,
              380149.34740000032
            ],
            [
              173993.76450000145,
              380144.11560000107
            ],
            [
              173986.003800001,
              380122.39619999938
            ],
            [
              173981.72400000133,
              380120.92320000008
            ],
            [
              173977.98180000111,
              380120.87910000049
            ],
            [
              173968.56530000083,
              380123.1241999995
            ],
            [
              173963.55700000282,
              380123.73790000193
            ],
            [
              173958.26410000306,
              380124.06320000067
            ],
            [
              173952.52260000352,
              380125.76910000108
            ],
            [
              173946.57310000062,
              380127.15060000122
            ],
            [
              173940.47890000418,
              380128.60260000452
            ],
            [
              173935.10599999968,
              380130.33430000022
            ],
            [
              173927.57950000186,
              380132.55690000206
            ],
            [
              173923.0998000009,
              380135.7656000033
            ],
            [
              173919.46499999985,
              380141.14530000277
            ],
            [
              173906.72300000023,
              380150.9235999994
            ],
            [
              173896.87839999981,
              380149.96409999952
            ],
            [
              173886.76950000133,
              380144.96970000118
            ],
            [
              173876.00020000059,
              380146.32399999909
            ],
            [
              173856.80570000224,
              380148.24990000203
            ],
            [
              173850.9112000009,
              380147.64530000463
            ],
            [
              173846.10020000301,
              380143.69530000351
            ],
            [
              173842.0830000015,
              380132.71960000135
            ],
            [
              173838.49840000365,
              380126.40270000137
            ],
            [
              173834.03780000005,
              380122.64399999939
            ],
            [
              173830.16559999995,
              380118.09080000222
            ],
            [
              173823.85040000081,
              380112.18590000086
            ],
            [
              173817.06890000217,
              380109.2386000026
            ],
            [
              173814.1640000036,
              380103.23879999854
            ],
            [
              173813.23380000051,
              380095.61950000376
            ],
            [
              173811.10400000215,
              380090.02990000136
            ],
            [
              173805.86820000224,
              380089.80440000258
            ],
            [
              173800.77730000298,
              380086.85640000366
            ],
            [
              173797.04140000138,
              380082.03839999996
            ],
            [
              173793.42939999886,
              380078.25410000049
            ],
            [
              173790.12830000184,
              380074.70480000228
            ],
            [
              173789.60310000088,
              380069.1753000021
            ],
            [
              173789.22699999996,
              380064.13820000179
            ],
            [
              173790.15880000219,
              380058.15520000271
            ],
            [
              173789.48180000298,
              380051.60410000198
            ],
            [
              173787.02200000081,
              380044.72590000182
            ],
            [
              173785.01280000061,
              380037.99489999935
            ],
            [
              173783.64080000389,
              380032.68759999983
            ],
            [
              173781.26470000017,
              380025.1184000019
            ],
            [
              173779.75440000091,
              380018.57670000009
            ],
            [
              173778.01480000094,
              380011.7602000013
            ],
            [
              173776.05020000227,
              380005.06080000103
            ],
            [
              173773.84060000069,
              379998.13279999979
            ],
            [
              173772.46410000045,
              379992.13740000315
            ],
            [
              173771.64250000101,
              379988.31589999981
            ]
          ]
        ]
      }
    },
    {
      "attributes" : {
        "FID" : 11,
        "PMNTN_SN" : 40005,
        "MNTN_CODE" : "447701401",
        "MNTN_NM" : "왕개산",
        "PMNTN_NM" : "성주리구간",
        "PMNTN_MAIN" : " ",
        "PMNTN_LT" : 0.09,
        "PMNTN_DFFL" : "쉬움",
        "PMNTN_UPPL" : 2,
        "PMNTN_GODN" : 1,
        "PMNTN_MTRQ" : " ",
        "PMNTN_CNRL" : " ",
        "PMNTN_CLS_" : " ",
        "PMNTN_RISK" : " ",
        "PMNTN_RECO" : " ",
        "DATA_STDR_" : "2016-12-31",
        "MNTN_ID" : "447701401"
      },
      "geometry" : {
        "paths" : [
          [
            [
              174035.41740000062,
              380262.16440000571
            ],
            [
              174032.80049999896,
              380255.97529999912
            ],
            [
              174028.7750000013,
              380251.72720000148
            ],
            [
              174025.84760000277,
              380246.4226000011
            ],
            [
              174021.97989999969,
              380241.58840000257
            ],
            [
              174018.4729000004,
              380231.78940000013
            ],
            [
              174017.18380000256,
              380226.75899999961
            ],
            [
              174016.50430000108,
              380222.03580000065
            ],
            [
              174016.13680000044,
              380216.32960000448
            ],
            [
              174013.87360000145,
              380204.64870000072
            ],
            [
              174012.98890000209,
              380197.76380000263
            ],
            [
              174012.91730000079,
              380191.59320000373
            ],
            [
              174006.16779999994,
              380175.18940000236
            ]
          ]
        ]
      }
    },
    {
      "attributes" : {
        "FID" : 12,
        "PMNTN_SN" : 40006,
        "MNTN_CODE" : "447701401",
        "MNTN_NM" : "왕개산",
        "PMNTN_NM" : "원수리구간",
        "PMNTN_MAIN" : " ",
        "PMNTN_LT" : 0.18,
        "PMNTN_DFFL" : "쉬움",
        "PMNTN_UPPL" : 3,
        "PMNTN_GODN" : 2,
        "PMNTN_MTRQ" : " ",
        "PMNTN_CNRL" : " ",
        "PMNTN_CLS_" : " ",
        "PMNTN_RISK" : " ",
        "PMNTN_RECO" : " ",
        "DATA_STDR_" : "2016-12-31",
        "MNTN_ID" : "447701401"
      },
      "geometry" : {
        "paths" : [
          [
            [
              174162.43810000271,
              380385.17259999923
            ],
            [
              174148.48029999994,
              380376.3171000015
            ],
            [
              174142.44110000413,
              380375.15359999985
            ],
            [
              174137.14250000101,
              380372.44089999981
            ],
            [
              174131.97750000097,
              380369.32599999942
            ],
            [
              174120.14160000067,
              380361.66269999929
            ],
            [
              174116.31690000091,
              380357.0858000014
            ],
            [
              174103.26900000125,
              380350.0522000026
            ],
            [
              174095.48380000051,
              380348.57579999976
            ],
            [
              174089.17280000355,
              380343.57169999927
            ],
            [
              174084.97790000122,
              380337.75680000149
            ],
            [
              174073.45010000095,
              380317.99550000019
            ],
            [
              174070.53290000092,
              380314.08340000175
            ],
            [
              174067.02100000065,
              380310.08359999955
            ],
            [
              174064.02380000055,
              380305.51349999942
            ],
            [
              174063.03809999954,
              380300.59769999981
            ],
            [
              174060.41550000105,
              380294.98930000141
            ],
            [
              174057.73070000019,
              380290.0316000022
            ],
            [
              174053.74039999954,
              380285.16910000145
            ],
            [
              174049.88540000189,
              380280.92940000072
            ],
            [
              174045.7282000035,
              380276.4299000036
            ],
            [
              174041.68290000129,
              380272.57320000045
            ],
            [
              174038.39140000194,
              380267.53960000724
            ],
            [
              174035.41740000062,
              380262.16440000571
            ]
          ]
        ]
      }
    },
    {
      "attributes" : {
        "FID" : 13,
        "PMNTN_SN" : 40007,
        "MNTN_CODE" : "447701401",
        "MNTN_NM" : "왕개산",
        "PMNTN_NM" : "원수리구간",
        "PMNTN_MAIN" : " ",
        "PMNTN_LT" : 0.73,
        "PMNTN_DFFL" : "쉬움",
        "PMNTN_UPPL" : 13,
        "PMNTN_GODN" : 9,
        "PMNTN_MTRQ" : " ",
        "PMNTN_CNRL" : " ",
        "PMNTN_CLS_" : " ",
        "PMNTN_RISK" : " ",
        "PMNTN_RECO" : " ",
        "DATA_STDR_" : "2016-12-31",
        "MNTN_ID" : "447701401"
      },
      "geometry" : {
        "paths" : [
          [
            [
              174339.63669999968,
              380365.690200001
            ],
            [
              174341.09330000263,
              380362.60280000046
            ],
            [
              174347.38180000056,
              380362.26410000399
            ],
            [
              174352.5109000029,
              380362.18610000238
            ],
            [
              174361.29870000295,
              380359.96990000084
            ],
            [
              174366.23450000118,
              380361.00620000251
            ],
            [
              174370.56589999888,
              380359.06680000387
            ],
            [
              174381.46300000045,
              380350.79670000449
            ],
            [
              174386.63380000368,
              380349.58970000036
            ],
            [
              174393.92700000294,
              380347.33000000007
            ],
            [
              174400.40660000034,
              380354.08469999954
            ],
            [
              174405.22039999906,
              380358.87360000052
            ],
            [
              174410.11220000219,
              380363.28410000168
            ],
            [
              174420.24900000263,
              380363.6780999992
            ],
            [
              174423.44049999956,
              380366.04560000263
            ],
            [
              174433.68230000045,
              380369.28250000253
            ],
            [
              174444.47530000284,
              380374.47089999914
            ],
            [
              174445.19140000362,
              380385.75280000083
            ],
            [
              174448.02080000006,
              380390.85960000008
            ],
            [
              174451.722000001,
              380394.37820000201
            ],
            [
              174457.36369999964,
              380397.47069999948
            ],
            [
              174468.21950000152,
              380399.17780000158
            ],
            [
              174471.0401000008,
              380397.49440000206
            ],
            [
              174475.25780000351,
              380392.67569999956
            ],
            [
              174474.43070000131,
              380384.95270000026
            ],
            [
              174471.45660000294,
              380381.11290000007
            ],
            [
              174467.44620000198,
              380376.65080000088
            ],
            [
              174464.74820000399,
              380371.4824000001
            ],
            [
              174462.73880000133,
              380366.06870000064
            ],
            [
              174462.93560000136,
              380359.17910000496
            ],
            [
              174460.25430000108,
              380354.7517000027
            ],
            [
              174457.36310000066,
              380353.56260000169
            ],
            [
              174453.40699999966,
              380349.29250000231
            ],
            [
              174446.83660000004,
              380339.70320000127
            ],
            [
              174433.51860000286,
              380331.98720000125
            ],
            [
              174428.4011000013,
              380332.81830000319
            ],
            [
              174420.24320000131,
              380332.28449999914
            ],
            [
              174411.68670000136,
              380325.8060999997
            ],
            [
              174407.75079999957,
              380299.82090000063
            ],
            [
              174409.7862999998,
              380276.03590000421
            ],
            [
              174405.90000000037,
              380267.95930000022
            ],
            [
              174394.60260000266,
              380265.33860000037
            ],
            [
              174381.83750000224,
              380269.53280000016
            ],
            [
              174367.71710000001,
              380280.85200000182
            ],
            [
              174367.26100000087,
              380286.15260000154
            ],
            [
              174367.42340000067,
              380294.00380000286
            ],
            [
              174369.1191000035,
              380295.93410000019
            ],
            [
              174373.43820000067,
              380301.41760000214
            ],
            [
              174373.2964000022,
              380306.84650000185
            ],
            [
              174371.29910000321,
              380310.77610000223
            ],
            [
              174368.63510000147,
              380312.50950000249
            ],
            [
              174364.90870000049,
              380314.02080000192
            ],
            [
              174359.31810000166,
              380313.33360000141
            ],
            [
              174354.65649999958,
              380313.96880000085
            ],
            [
              174352.28980000317,
              380315.62560000084
            ],
            [
              174350.26410000119,
              380317.33080000058
            ],
            [
              174348.68010000046,
              380317.77940000035
            ],
            [
              174346.87720000092,
              380320.56940000132
            ],
            [
              174344.93900000304,
              380321.66970000416
            ],
            [
              174341.6102,
              380322.5409000013
            ],
            [
              174333.11239999998,
              380319.51940000057
            ],
            [
              174328.59030000214,
              380308.98070000298
            ],
            [
              174326.2136000013,
              380303.72360000014
            ],
            [
              174322.99509999994,
              380299.11210000142
            ],
            [
              174317.91909999959,
              380293.15410000272
            ],
            [
              174317.53690000158,
              380287.28470000252
            ],
            [
              174318.02400000207,
              380280.98700000159
            ],
            [
              174317.69020000193,
              380278.09040000103
            ],
            [
              174318.53090000246,
              380276.09280000068
            ],
            [
              174321.2070000004,
              380272.28860000335
            ],
            [
              174320.89990000147,
              380270.13180000149
            ],
            [
              174320.20850000065,
              380266.90190000273
            ],
            [
              174319.58530000225,
              380262.66880000383
            ],
            [
              174317.01430000085,
              380253.9207000006
            ],
            [
              174315.15760000329,
              380249.93819999881
            ],
            [
              174304.44650000334,
              380238.25740000047
            ],
            [
              174300.53380000312,
              380232.96790000051
            ],
            [
              174292.82010000292,
              380226.98990000226
            ],
            [
              174287.85040000081,
              380224.07860000245
            ],
            [
              174281.71270000003,
              380221.80550000258
            ],
            [
              174276.57800000068,
              380221.28410000168
            ],
            [
              174267.74619999994,
              380215.19790000096
            ],
            [
              174259.71760000102,
              380211.61240000278
            ],
            [
              174249.7694000015,
              380216.10040000267
            ],
            [
              174247.09999999963,
              380220.32680000179
            ],
            [
              174244.1538000023,
              380223.51400000416
            ],
            [
              174244.23110000044,
              380226.74780000001
            ],
            [
              174245.34530000109,
              380229.29309999943
            ],
            [
              174245.17620000243,
              380232.68680000119
            ],
            [
              174246.75920000114,
              380235.44640000165
            ],
            [
              174249.32899999991,
              380237.40100000054
            ],
            [
              174258.24940000288,
              380244.62450000271
            ],
            [
              174261.83040000405,
              380247.46900000609
            ],
            [
              174266.2807,
              380250.82730000094
            ],
            [
              174279.88269999996,
              380258.72740000114
            ],
            [
              174281.91500000283,
              380273.44430000149
            ],
            [
              174283.37410000153,
              380275.67740000039
            ],
            [
              174283.85840000026,
              380281.01339999959
            ],
            [
              174283.51720000058,
              380285.47050000168
            ],
            [
              174282.66380000114,
              380296.05970000103
            ],
            [
              174282.87560000084,
              380300.51090000197
            ],
            [
              174290.58650000114,
              380320.77250000089
            ]
          ]
        ]
      }
    },
    {
      "attributes" : {
        "FID" : 14,
        "PMNTN_SN" : 40008,
        "MNTN_CODE" : "447701401",
        "MNTN_NM" : "왕개산",
        "PMNTN_NM" : "원수리구간",
        "PMNTN_MAIN" : " ",
        "PMNTN_LT" : 0.07,
        "PMNTN_DFFL" : "쉬움",
        "PMNTN_UPPL" : 1,
        "PMNTN_GODN" : 1,
        "PMNTN_MTRQ" : " ",
        "PMNTN_CNRL" : " ",
        "PMNTN_CLS_" : " ",
        "PMNTN_RISK" : " ",
        "PMNTN_RECO" : " ",
        "DATA_STDR_" : "2016-12-31",
        "MNTN_ID" : "447701401"
      },
      "geometry" : {
        "paths" : [
          [
            [
              174290.58650000114,
              380320.77250000089
            ],
            [
              174290.58650000114,
              380320.77250000089
            ],
            [
              174301.11440000217,
              380325.56880000234
            ],
            [
              174311.12710000109,
              380341.6118999999
            ],
            [
              174316.07969999965,
              380348.59170000069
            ],
            [
              174339.63669999968,
              380365.690200001
            ]
          ]
        ]
      }
    },
    {
      "attributes" : {
        "FID" : 15,
        "PMNTN_SN" : 40009,
        "MNTN_CODE" : "447701401",
        "MNTN_NM" : "왕개산",
        "PMNTN_NM" : "성주리구간",
        "PMNTN_MAIN" : " ",
        "PMNTN_LT" : 0.06,
        "PMNTN_DFFL" : "쉬움",
        "PMNTN_UPPL" : 1,
        "PMNTN_GODN" : 1,
        "PMNTN_MTRQ" : " ",
        "PMNTN_CNRL" : " ",
        "PMNTN_CLS_" : " ",
        "PMNTN_RISK" : " ",
        "PMNTN_RECO" : " ",
        "DATA_STDR_" : "2016-12-31",
        "MNTN_ID" : "447701401"
      },
      "geometry" : {
        "paths" : [
          [
            [
              173984.09520000312,
              380280.54289999977
            ],
            [
              173987.11209999956,
              380278.64670000225
            ],
            [
              173990.35610000417,
              380278.88150000386
            ],
            [
              173992.55630000308,
              380277.81900000572
            ],
            [
              173993.85380000155,
              380275.83380000107
            ],
            [
              173995.66870000307,
              380273.98770000041
            ],
            [
              173996.99220000021,
              380271.48029999994
            ],
            [
              173997.60190000385,
              380269.30690000206
            ],
            [
              173998.61309999973,
              380267.3507000003
            ],
            [
              173999.45040000137,
              380265.53250000253
            ],
            [
              174000.80850000307,
              380261.79140000418
            ],
            [
              174003.00110000279,
              380259.57970000058
            ],
            [
              174005.34530000016,
              380258.90000000224
            ],
            [
              174012.40160000138,
              380259.51620000415
            ],
            [
              174015.46190000139,
              380262.34710000269
            ],
            [
              174024.48990000226,
              380263.53420000151
            ],
            [
              174035.41740000062,
              380262.16440000571
            ]
          ]
        ]
      }
    },
    {
      "attributes" : {
        "FID" : 16,
        "PMNTN_SN" : 40010,
        "MNTN_CODE" : "447701401",
        "MNTN_NM" : "왕개산",
        "PMNTN_NM" : "성주리구간",
        "PMNTN_MAIN" : " ",
        "PMNTN_LT" : 0.06,
        "PMNTN_DFFL" : "쉬움",
        "PMNTN_UPPL" : 1,
        "PMNTN_GODN" : 1,
        "PMNTN_MTRQ" : " ",
        "PMNTN_CNRL" : " ",
        "PMNTN_CLS_" : " ",
        "PMNTN_RISK" : " ",
        "PMNTN_RECO" : " ",
        "DATA_STDR_" : "2016-12-31",
        "MNTN_ID" : "447701401"
      },
      "geometry" : {
        "paths" : [
          [
            [
              174120.63500000071,
              380418.12209999748
            ],
            [
              174119.37930000201,
              380413.63180000149
            ],
            [
              174119.56640000083,
              380411.42950000055
            ],
            [
              174120.91940000188,
              380409.7611000035
            ],
            [
              174134.79899999965,
              380403.72299999744
            ],
            [
              174150.10140000097,
              380390.64190000109
            ],
            [
              174159.49770000391,
              380387.99910000153
            ],
            [
              174162.43810000271,
              380385.17259999923
            ]
          ]
        ]
      }
    },
    {
      "attributes" : {
        "FID" : 17,
        "PMNTN_SN" : 40011,
        "MNTN_CODE" : "447701401",
        "MNTN_NM" : "왕개산",
        "PMNTN_NM" : "송내리구간",
        "PMNTN_MAIN" : " ",
        "PMNTN_LT" : 0.2,
        "PMNTN_DFFL" : "쉬움",
        "PMNTN_UPPL" : 4,
        "PMNTN_GODN" : 2,
        "PMNTN_MTRQ" : " ",
        "PMNTN_CNRL" : " ",
        "PMNTN_CLS_" : " ",
        "PMNTN_RISK" : " ",
        "PMNTN_RECO" : " ",
        "DATA_STDR_" : "2016-12-31",
        "MNTN_ID" : "447701401"
      },
      "geometry" : {
        "paths" : [
          [
            [
              174215.1166000003,
              380599.93840000033
            ],
            [
              174215.1166000003,
              380599.93840000033
            ],
            [
              174219.00829999987,
              380595.95390000008
            ],
            [
              174221.7134000035,
              380593.56800000183
            ],
            [
              174222.23100000154,
              380591.40110000409
            ],
            [
              174223.24960000068,
              380588.72159999795
            ],
            [
              174224.46439999901,
              380585.21429999918
            ],
            [
              174225.84910000116,
              380580.79619999975
            ],
            [
              174226.14060000144,
              380578.62450000085
            ],
            [
              174229.95189999975,
              380574.68229999952
            ],
            [
              174230.4589000009,
              380572.75219999999
            ],
            [
              174231.27060000133,
              380567.71590000205
            ],
            [
              174232.06080000009,
              380564.97719999962
            ],
            [
              174231.29730000068,
              380560.1604999993
            ],
            [
              174229.96350000054,
              380556.65510000288
            ],
            [
              174227.14650000352,
              380551.23460000008
            ],
            [
              174226.49450000003,
              380548.52490000241
            ],
            [
              174225.85690000374,
              380543.21529999934
            ],
            [
              174227.40690000169,
              380536.89330000244
            ],
            [
              174226.3674000008,
              380534.71170000173
            ],
            [
              174225.45300000068,
              380532.81310000271
            ],
            [
              174224.22250000108,
              380531.15110000223
            ],
            [
              174223.05700000096,
              380528.51790000312
            ],
            [
              174223.06660000142,
              380526.2602000013
            ],
            [
              174222.70790000074,
              380523.24920000136
            ],
            [
              174222.63250000216,
              380520.07890000194
            ],
            [
              174222.12550000008,
              380517.54250000231
            ],
            [
              174221.7893000003,
              380513.94329999946
            ],
            [
              174221.94890000205,
              380511.47780000232
            ],
            [
              174221.76570000313,
              380508.90069999918
            ],
            [
              174221.33410000056,
              380506.68930000067
            ],
            [
              174220.71329999994,
              380504.22699999996
            ],
            [
              174220.55160000082,
              380501.56010000035
            ],
            [
              174219.19830000121,
              380498.85920000449
            ],
            [
              174218.60280000046,
              380496.04750000127
            ],
            [
              174218.41930000391,
              380493.29330000095
            ],
            [
              174218.2434000019,
              380490.75250000134
            ],
            [
              174218.75370000117,
              380485.75349999964
            ],
            [
              174219.84360000119,
              380483.29199999943
            ],
            [
              174220.8879000023,
              380481.1986999996
            ],
            [
              174224.12680000067,
              380478.20130000263
            ],
            [
              174226.49890000001,
              380475.11690000072
            ],
            [
              174227.05990000162,
              380473.01980000362
            ],
            [
              174228.61890000105,
              380468.59710000269
            ],
            [
              174229.52820000146,
              380464.83259999938
            ],
            [
              174230.72340000328,
              380458.25940000266
            ],
            [
              174232.92130000051,
              380455.59620000236
            ],
            [
              174234.87630000152,
              380451.38280000165
            ],
            [
              174235.23660000134,
              380448.84730000049
            ],
            [
              174234.25169999991,
              380446.68100000359
            ],
            [
              174234.83100000117,
              380444.51270000264
            ],
            [
              174235.43490000069,
              380442.03020000085
            ],
            [
              174237.32270000223,
              380440.55680000223
            ],
            [
              174239.03920000419,
              380438.99159999937
            ],
            [
              174241.37810000032,
              380435.97770000063
            ],
            [
              174242.61870000046,
              380433.48469999991
            ],
            [
              174244.37189999968,
              380429.20370000228
            ],
            [
              174244.58210000023,
              380427.20420000143
            ],
            [
              174245.51290000137,
              380424.66890000179
            ],
            [
              174246.32520000264,
              380421.65400000103
            ],
            [
              174247.07799999975,
              380419.43390000053
            ],
            [
              174248.92500000261,
              380416.60280000046
            ]
          ]
        ]
      }
    }
  ]
}