{
  "displayFieldName" : "",
  "fieldAliases" : {
    "FID" : "FID",
    "PMNTN_SPOT" : "PMNTN_SPOT",
    "MNTN_CODE" : "MNTN_CODE",
    "MANAGE_SP1" : "MANAGE_SP1",
    "MANAGE_SP2" : "MANAGE_SP2",
    "DETAIL_SPO" : "DETAIL_SPO",
    "ETC_MATTER" : "ETC_MATTER",
    "MNTN_NM" : "MNTN_NM",
    "PAST_SPOT_" : "PAST_SPOT_",
    "MNTN_ID" : "MNTN_ID"
  },
  "geometryType" : "esriGeometryPoint",
  "spatialReference" : {
    "wkt" : "PROJCS[\"PCS_ITRF2000_TM\",GEOGCS[\"GCS_ITRF_2000\",DATUM[\"D_ITRF_2000\",SPHEROID[\"GRS_1980\",6378137.0,298.257222101]],PRIMEM[\"Greenwich\",0.0],UNIT[\"Degree\",0.0174532925199433]],PROJECTION[\"Transverse_Mercator\"],PARAMETER[\"False_Easting\",200000.0],PARAMETER[\"False_Northing\",600000.0],PARAMETER[\"Central_Meridian\",127.0],PARAMETER[\"Scale_Factor\",1.0],PARAMETER[\"Latitude_Of_Origin\",38.0],UNIT[\"Meter\",1.0]]"
  },
  "fields" : [
    {
      "name" : "FID",
      "type" : "esriFieldTypeOID",
      "alias" : "FID"
    },
    {
      "name" : "PMNTN_SPOT",
      "type" : "esriFieldTypeDouble",
      "alias" : "PMNTN_SPOT"
    },
    {
      "name" : "MNTN_CODE",
      "type" : "esriFieldTypeString",
      "alias" : "MNTN_CODE",
      "length" : 9
    },
    {
      "name" : "MANAGE_SP1",
      "type" : "esriFieldTypeString",
      "alias" : "MANAGE_SP1",
      "length" : 2
    },
    {
      "name" : "MANAGE_SP2",
      "type" : "esriFieldTypeString",
      "alias" : "MANAGE_SP2",
      "length" : 50
    },
    {
      "name" : "DETAIL_SPO",
      "type" : "esriFieldTypeString",
      "alias" : "DETAIL_SPO",
      "length" : 200
    },
    {
      "name" : "ETC_MATTER",
      "type" : "esriFieldTypeString",
      "alias" : "ETC_MATTER",
      "length" : 200
    },
    {
      "name" : "MNTN_NM",
      "type" : "esriFieldTypeString",
      "alias" : "MNTN_NM",
      "length" : 50
    },
    {
      "name" : "PAST_SPOT_",
      "type" : "esriFieldTypeString",
      "alias" : "PAST_SPOT_",
      "length" : 14
    },
    {
      "name" : "MNTN_ID",
      "type" : "esriFieldTypeString",
      "alias" : "MNTN_ID",
      "length" : 10
    }
  ],
  "features" : [
    {
      "attributes" : {
        "FID" : 0,
        "PMNTN_SPOT" : 55177,
        "MNTN_CODE" : "472504801",
        "MANAGE_SP1" : "01",
        "MANAGE_SP2" : "시종점",
        "DETAIL_SPO" : "시종점",
        "ETC_MATTER" : " ",
        "MNTN_NM" : "수선산",
        "PAST_SPOT_" : "4719020010001",
        "MNTN_ID" : "471902001"
      },
      "geometry" : {
        "x" : 304132.45390000287,
        "y" : 411609.08500000276
      }
    },
    {
      "attributes" : {
        "FID" : 1,
        "PMNTN_SPOT" : 55178,
        "MNTN_CODE" : "472504801",
        "MANAGE_SP1" : "01",
        "MANAGE_SP2" : "시종점",
        "DETAIL_SPO" : "시종점",
        "ETC_MATTER" : " ",
        "MNTN_NM" : "수선산",
        "PAST_SPOT_" : "4719020010002",
        "MNTN_ID" : "471902001"
      },
      "geometry" : {
        "x" : 304832.77250000369,
        "y" : 410155.15300000086
      }
    },
    {
      "attributes" : {
        "FID" : 2,
        "PMNTN_SPOT" : 55179,
        "MNTN_CODE" : "472504801",
        "MANAGE_SP1" : "02",
        "MANAGE_SP2" : "분기점",
        "DETAIL_SPO" : "분기점",
        "ETC_MATTER" : " ",
        "MNTN_NM" : "수선산",
        "PAST_SPOT_" : "4719020010003",
        "MNTN_ID" : "471902001"
      },
      "geometry" : {
        "x" : 304944.26120000239,
        "y" : 410817.13910000026
      }
    },
    {
      "attributes" : {
        "FID" : 3,
        "PMNTN_SPOT" : 55180,
        "MNTN_CODE" : "472504801",
        "MANAGE_SP1" : "01",
        "MANAGE_SP2" : "시종점",
        "DETAIL_SPO" : "시종점",
        "ETC_MATTER" : " ",
        "MNTN_NM" : "수선산",
        "PAST_SPOT_" : "4725026010004",
        "MNTN_ID" : "472502601"
      },
      "geometry" : {
        "x" : 305313.63650000282,
        "y" : 411939.10820000432
      }
    },
    {
      "attributes" : {
        "FID" : 4,
        "PMNTN_SPOT" : 55181,
        "MNTN_CODE" : "472504801",
        "MANAGE_SP1" : "02",
        "MANAGE_SP2" : "분기점",
        "DETAIL_SPO" : "분기점",
        "ETC_MATTER" : " ",
        "MNTN_NM" : "수선산",
        "PAST_SPOT_" : "4719020010005",
        "MNTN_ID" : "471902001"
      },
      "geometry" : {
        "x" : 305910.5987000009,
        "y" : 410714.85690000094
      }
    },
    {
      "attributes" : {
        "FID" : 5,
        "PMNTN_SPOT" : 55182,
        "MNTN_CODE" : "472504801",
        "MANAGE_SP1" : "02",
        "MANAGE_SP2" : "분기점",
        "DETAIL_SPO" : "분기점",
        "ETC_MATTER" : " ",
        "MNTN_NM" : "수선산",
        "PAST_SPOT_" : "4719020010006",
        "MNTN_ID" : "471902001"
      },
      "geometry" : {
        "x" : 306045.480100004,
        "y" : 411125.30980000272
      }
    },
    {
      "attributes" : {
        "FID" : 6,
        "PMNTN_SPOT" : 55183,
        "MNTN_CODE" : "472504801",
        "MANAGE_SP1" : "01",
        "MANAGE_SP2" : "시종점",
        "DETAIL_SPO" : "시종점",
        "ETC_MATTER" : " ",
        "MNTN_NM" : "수선산",
        "PAST_SPOT_" : "4719020010007",
        "MNTN_ID" : "471902001"
      },
      "geometry" : {
        "x" : 306763.17530000396,
        "y" : 410433.92129999958
      }
    },
    {
      "attributes" : {
        "FID" : 7,
        "PMNTN_SPOT" : 55184,
        "MNTN_CODE" : "472504801",
        "MANAGE_SP1" : "01",
        "MANAGE_SP2" : "시종점",
        "DETAIL_SPO" : "시종점",
        "ETC_MATTER" : " ",
        "MNTN_NM" : "수선산",
        "PAST_SPOT_" : "4725026010008",
        "MNTN_ID" : "472502601"
      },
      "geometry" : {
        "x" : 306968.95520000067,
        "y" : 412016.26470000111
      }
    }
  ]
}