{
  "displayFieldName" : "",
  "fieldAliases" : {
    "FID" : "FID",
    "PMNTN_SPOT" : "PMNTN_SPOT",
    "MNTN_CODE" : "MNTN_CODE",
    "MANAGE_SP1" : "MANAGE_SP1",
    "MANAGE_SP2" : "MANAGE_SP2",
    "DETAIL_SPO" : "DETAIL_SPO",
    "ETC_MATTER" : "ETC_MATTER",
    "MNTN_NM" : "MNTN_NM",
    "PAST_SPOT_" : "PAST_SPOT_",
    "MNTN_ID" : "MNTN_ID"
  },
  "geometryType" : "esriGeometryPoint",
  "spatialReference" : {
    "wkt" : "PROJCS[\"PCS_ITRF2000_TM\",GEOGCS[\"GCS_ITRF_2000\",DATUM[\"D_ITRF_2000\",SPHEROID[\"GRS_1980\",6378137.0,298.257222101]],PRIMEM[\"Greenwich\",0.0],UNIT[\"Degree\",0.0174532925199433]],PROJECTION[\"Transverse_Mercator\"],PARAMETER[\"False_Easting\",200000.0],PARAMETER[\"False_Northing\",600000.0],PARAMETER[\"Central_Meridian\",127.0],PARAMETER[\"Scale_Factor\",1.0],PARAMETER[\"Latitude_Of_Origin\",38.0],UNIT[\"Meter\",1.0]]"
  },
  "fields" : [
    {
      "name" : "FID",
      "type" : "esriFieldTypeOID",
      "alias" : "FID"
    },
    {
      "name" : "PMNTN_SPOT",
      "type" : "esriFieldTypeDouble",
      "alias" : "PMNTN_SPOT"
    },
    {
      "name" : "MNTN_CODE",
      "type" : "esriFieldTypeString",
      "alias" : "MNTN_CODE",
      "length" : 9
    },
    {
      "name" : "MANAGE_SP1",
      "type" : "esriFieldTypeString",
      "alias" : "MANAGE_SP1",
      "length" : 2
    },
    {
      "name" : "MANAGE_SP2",
      "type" : "esriFieldTypeString",
      "alias" : "MANAGE_SP2",
      "length" : 50
    },
    {
      "name" : "DETAIL_SPO",
      "type" : "esriFieldTypeString",
      "alias" : "DETAIL_SPO",
      "length" : 200
    },
    {
      "name" : "ETC_MATTER",
      "type" : "esriFieldTypeString",
      "alias" : "ETC_MATTER",
      "length" : 200
    },
    {
      "name" : "MNTN_NM",
      "type" : "esriFieldTypeString",
      "alias" : "MNTN_NM",
      "length" : 50
    },
    {
      "name" : "PAST_SPOT_",
      "type" : "esriFieldTypeString",
      "alias" : "PAST_SPOT_",
      "length" : 14
    },
    {
      "name" : "MNTN_ID",
      "type" : "esriFieldTypeString",
      "alias" : "MNTN_ID",
      "length" : 10
    }
  ],
  "features" : [
    {
      "attributes" : {
        "FID" : 0,
        "PMNTN_SPOT" : 48179,
        "MNTN_CODE" : "462301101",
        "MANAGE_SP1" : "01",
        "MANAGE_SP2" : "시종점",
        "DETAIL_SPO" : "시종점",
        "ETC_MATTER" : " ",
        "MNTN_NM" : "삼봉산",
        "PAST_SPOT_" : "4623011010001",
        "MNTN_ID" : "462301101"
      },
      "geometry" : {
        "x" : 268287.31675850507,
        "y" : 261368.64169928804
      }
    },
    {
      "attributes" : {
        "FID" : 1,
        "PMNTN_SPOT" : 48180,
        "MNTN_CODE" : "462301101",
        "MANAGE_SP1" : "01",
        "MANAGE_SP2" : "시종점",
        "DETAIL_SPO" : "시종점",
        "ETC_MATTER" : " ",
        "MNTN_NM" : "삼봉산",
        "PAST_SPOT_" : "4623011010002",
        "MNTN_ID" : "462301101"
      },
      "geometry" : {
        "x" : 268204.09589999914,
        "y" : 261367.90170000121
      }
    },
    {
      "attributes" : {
        "FID" : 2,
        "PMNTN_SPOT" : 48181,
        "MNTN_CODE" : "462301101",
        "MANAGE_SP1" : "02",
        "MANAGE_SP2" : "분기점",
        "DETAIL_SPO" : "분기점",
        "ETC_MATTER" : " ",
        "MNTN_NM" : "삼봉산",
        "PAST_SPOT_" : "4623011010003",
        "MNTN_ID" : "462301101"
      },
      "geometry" : {
        "x" : 268218.85610000044,
        "y" : 261922.51660000347
      }
    },
    {
      "attributes" : {
        "FID" : 3,
        "PMNTN_SPOT" : 48182,
        "MNTN_CODE" : "462301101",
        "MANAGE_SP1" : "02",
        "MANAGE_SP2" : "분기점",
        "DETAIL_SPO" : "분기점",
        "ETC_MATTER" : " ",
        "MNTN_NM" : "삼봉산",
        "PAST_SPOT_" : "4623011010004",
        "MNTN_ID" : "462301101"
      },
      "geometry" : {
        "x" : 268226.96399999969,
        "y" : 261906.39189999923
      }
    },
    {
      "attributes" : {
        "FID" : 4,
        "PMNTN_SPOT" : 48183,
        "MNTN_CODE" : "462301101",
        "MANAGE_SP1" : "02",
        "MANAGE_SP2" : "분기점",
        "DETAIL_SPO" : "분기점",
        "ETC_MATTER" : " ",
        "MNTN_NM" : "삼봉산",
        "PAST_SPOT_" : "4623011010005",
        "MNTN_ID" : "462301101"
      },
      "geometry" : {
        "x" : 268358.6222000001,
        "y" : 262158.44619999826
      }
    },
    {
      "attributes" : {
        "FID" : 5,
        "PMNTN_SPOT" : 48184,
        "MNTN_CODE" : "462301101",
        "MANAGE_SP1" : "02",
        "MANAGE_SP2" : "분기점",
        "DETAIL_SPO" : "분기점",
        "ETC_MATTER" : " ",
        "MNTN_NM" : "삼봉산",
        "PAST_SPOT_" : "4623011010006",
        "MNTN_ID" : "462301101"
      },
      "geometry" : {
        "x" : 268440.71690000128,
        "y" : 262034.49090000056
      }
    },
    {
      "attributes" : {
        "FID" : 6,
        "PMNTN_SPOT" : 48185,
        "MNTN_CODE" : "462301101",
        "MANAGE_SP1" : "02",
        "MANAGE_SP2" : "분기점",
        "DETAIL_SPO" : "분기점",
        "ETC_MATTER" : " ",
        "MNTN_NM" : "삼봉산",
        "PAST_SPOT_" : "4623011010007",
        "MNTN_ID" : "462301101"
      },
      "geometry" : {
        "x" : 268543.31670000125,
        "y" : 262310.6857000012
      }
    },
    {
      "attributes" : {
        "FID" : 7,
        "PMNTN_SPOT" : 48186,
        "MNTN_CODE" : "462301101",
        "MANAGE_SP1" : "01",
        "MANAGE_SP2" : "시종점",
        "DETAIL_SPO" : "시종점",
        "ETC_MATTER" : " ",
        "MNTN_NM" : "삼봉산",
        "PAST_SPOT_" : "4623011010008",
        "MNTN_ID" : "462301101"
      },
      "geometry" : {
        "x" : 269240.03710000031,
        "y" : 261818.20940000191
      }
    },
    {
      "attributes" : {
        "FID" : 8,
        "PMNTN_SPOT" : 48187,
        "MNTN_CODE" : "462301101",
        "MANAGE_SP1" : "01",
        "MANAGE_SP2" : "시종점",
        "DETAIL_SPO" : "시종점",
        "ETC_MATTER" : " ",
        "MNTN_NM" : "삼봉산",
        "PAST_SPOT_" : "4623011010009",
        "MNTN_ID" : "462301101"
      },
      "geometry" : {
        "x" : 268692.97592048068,
        "y" : 261872.39942667075
      }
    },
    {
      "attributes" : {
        "FID" : 9,
        "PMNTN_SPOT" : 48188,
        "MNTN_CODE" : "462301101",
        "MANAGE_SP1" : "02",
        "MANAGE_SP2" : "분기점",
        "DETAIL_SPO" : "분기점",
        "ETC_MATTER" : " ",
        "MNTN_NM" : "삼봉산",
        "PAST_SPOT_" : "4623011010010",
        "MNTN_ID" : "462301101"
      },
      "geometry" : {
        "x" : 268270.4636000013,
        "y" : 261778.84649999999
      }
    },
    {
      "attributes" : {
        "FID" : 10,
        "PMNTN_SPOT" : 48189,
        "MNTN_CODE" : "462301101",
        "MANAGE_SP1" : "02",
        "MANAGE_SP2" : "분기점",
        "DETAIL_SPO" : "분기점",
        "ETC_MATTER" : " ",
        "MNTN_NM" : "삼봉산",
        "PAST_SPOT_" : "4623011010011",
        "MNTN_ID" : "462301101"
      },
      "geometry" : {
        "x" : 268254.92572275735,
        "y" : 261459.95357148908
      }
    },
    {
      "attributes" : {
        "FID" : 11,
        "PMNTN_SPOT" : 48190,
        "MNTN_CODE" : "462301101",
        "MANAGE_SP1" : "99",
        "MANAGE_SP2" : "기타",
        "DETAIL_SPO" : "철탑",
        "ETC_MATTER" : " ",
        "MNTN_NM" : "삼봉산",
        "PAST_SPOT_" : "4623011010012",
        "MNTN_ID" : "462301101"
      },
      "geometry" : {
        "x" : 268013.8196042683,
        "y" : 261743.39499862306
      }
    },
    {
      "attributes" : {
        "FID" : 12,
        "PMNTN_SPOT" : 48191,
        "MNTN_CODE" : "462301101",
        "MANAGE_SP1" : "02",
        "MANAGE_SP2" : "분기점",
        "DETAIL_SPO" : "분기점",
        "ETC_MATTER" : " ",
        "MNTN_NM" : "삼봉산",
        "PAST_SPOT_" : "4623011010013",
        "MNTN_ID" : "462301101"
      },
      "geometry" : {
        "x" : 268230.7275000019,
        "y" : 261457.97240000032
      }
    }
  ]
}