{
  "displayFieldName" : "",
  "fieldAliases" : {
    "FID" : "FID",
    "PMNTN_SPOT" : "PMNTN_SPOT",
    "MNTN_CODE" : "MNTN_CODE",
    "MANAGE_SP1" : "MANAGE_SP1",
    "MANAGE_SP2" : "MANAGE_SP2",
    "DETAIL_SPO" : "DETAIL_SPO",
    "ETC_MATTER" : "ETC_MATTER",
    "MNTN_NM" : "MNTN_NM",
    "PAST_SPOT_" : "PAST_SPOT_",
    "MNTN_ID" : "MNTN_ID"
  },
  "geometryType" : "esriGeometryPoint",
  "spatialReference" : {
    "wkt" : "PROJCS[\"PCS_ITRF2000_TM\",GEOGCS[\"GCS_ITRF_2000\",DATUM[\"D_ITRF_2000\",SPHEROID[\"GRS_1980\",6378137.0,298.257222101]],PRIMEM[\"Greenwich\",0.0],UNIT[\"Degree\",0.0174532925199433]],PROJECTION[\"Transverse_Mercator\"],PARAMETER[\"False_Easting\",200000.0],PARAMETER[\"False_Northing\",600000.0],PARAMETER[\"Central_Meridian\",127.0],PARAMETER[\"Scale_Factor\",1.0],PARAMETER[\"Latitude_Of_Origin\",38.0],UNIT[\"Meter\",1.0]]"
  },
  "fields" : [
    {
      "name" : "FID",
      "type" : "esriFieldTypeOID",
      "alias" : "FID"
    },
    {
      "name" : "PMNTN_SPOT",
      "type" : "esriFieldTypeDouble",
      "alias" : "PMNTN_SPOT"
    },
    {
      "name" : "MNTN_CODE",
      "type" : "esriFieldTypeString",
      "alias" : "MNTN_CODE",
      "length" : 9
    },
    {
      "name" : "MANAGE_SP1",
      "type" : "esriFieldTypeString",
      "alias" : "MANAGE_SP1",
      "length" : 2
    },
    {
      "name" : "MANAGE_SP2",
      "type" : "esriFieldTypeString",
      "alias" : "MANAGE_SP2",
      "length" : 50
    },
    {
      "name" : "DETAIL_SPO",
      "type" : "esriFieldTypeString",
      "alias" : "DETAIL_SPO",
      "length" : 200
    },
    {
      "name" : "ETC_MATTER",
      "type" : "esriFieldTypeString",
      "alias" : "ETC_MATTER",
      "length" : 200
    },
    {
      "name" : "MNTN_NM",
      "type" : "esriFieldTypeString",
      "alias" : "MNTN_NM",
      "length" : 50
    },
    {
      "name" : "PAST_SPOT_",
      "type" : "esriFieldTypeString",
      "alias" : "PAST_SPOT_",
      "length" : 14
    },
    {
      "name" : "MNTN_ID",
      "type" : "esriFieldTypeString",
      "alias" : "MNTN_ID",
      "length" : 10
    }
  ],
  "features" : [
    {
      "attributes" : {
        "FID" : 0,
        "PMNTN_SPOT" : 41861,
        "MNTN_CODE" : "468401801",
        "MANAGE_SP1" : "01",
        "MANAGE_SP2" : "시종점",
        "DETAIL_SPO" : "시종점",
        "ETC_MATTER" : " ",
        "MNTN_NM" : "봉수산",
        "PAST_SPOT_" : "4684018010001",
        "MNTN_ID" : "468401801"
      },
      "geometry" : {
        "x" : 145938.59830000065,
        "y" : 251157.9309000019
      }
    },
    {
      "attributes" : {
        "FID" : 1,
        "PMNTN_SPOT" : 41862,
        "MNTN_CODE" : "468401801",
        "MANAGE_SP1" : "01",
        "MANAGE_SP2" : "시종점",
        "DETAIL_SPO" : "시종점",
        "ETC_MATTER" : " ",
        "MNTN_NM" : "봉수산",
        "PAST_SPOT_" : "4684018010002",
        "MNTN_ID" : "468401801"
      },
      "geometry" : {
        "x" : 145973.51910000108,
        "y" : 252072.83850000054
      }
    },
    {
      "attributes" : {
        "FID" : 2,
        "PMNTN_SPOT" : 41863,
        "MNTN_CODE" : "468401801",
        "MANAGE_SP1" : "01",
        "MANAGE_SP2" : "시종점",
        "DETAIL_SPO" : "시종점",
        "ETC_MATTER" : " ",
        "MNTN_NM" : "봉수산",
        "PAST_SPOT_" : "4684018010003",
        "MNTN_ID" : "468401801"
      },
      "geometry" : {
        "x" : 146237.11400000099,
        "y" : 252071.58029999956
      }
    },
    {
      "attributes" : {
        "FID" : 3,
        "PMNTN_SPOT" : 41864,
        "MNTN_CODE" : "468401801",
        "MANAGE_SP1" : "02",
        "MANAGE_SP2" : "분기점",
        "DETAIL_SPO" : "분기점",
        "ETC_MATTER" : " ",
        "MNTN_NM" : "봉수산",
        "PAST_SPOT_" : "4684018010004",
        "MNTN_ID" : "468401801"
      },
      "geometry" : {
        "x" : 146308.06879999954,
        "y" : 251730.18710000254
      }
    },
    {
      "attributes" : {
        "FID" : 4,
        "PMNTN_SPOT" : 41865,
        "MNTN_CODE" : "468401801",
        "MANAGE_SP1" : "02",
        "MANAGE_SP2" : "분기점",
        "DETAIL_SPO" : "분기점",
        "ETC_MATTER" : " ",
        "MNTN_NM" : "봉수산",
        "PAST_SPOT_" : "4684018010005",
        "MNTN_ID" : "468401801"
      },
      "geometry" : {
        "x" : 146310.07890000008,
        "y" : 251731.44529999979
      }
    },
    {
      "attributes" : {
        "FID" : 5,
        "PMNTN_SPOT" : 41866,
        "MNTN_CODE" : "468401801",
        "MANAGE_SP1" : "02",
        "MANAGE_SP2" : "분기점",
        "DETAIL_SPO" : "분기점",
        "ETC_MATTER" : " ",
        "MNTN_NM" : "봉수산",
        "PAST_SPOT_" : "4684018010006",
        "MNTN_ID" : "468401801"
      },
      "geometry" : {
        "x" : 146575.00480000116,
        "y" : 251485.12209999934
      }
    },
    {
      "attributes" : {
        "FID" : 6,
        "PMNTN_SPOT" : 41867,
        "MNTN_CODE" : "468401801",
        "MANAGE_SP1" : "01",
        "MANAGE_SP2" : "시종점",
        "DETAIL_SPO" : "시종점",
        "ETC_MATTER" : " ",
        "MNTN_NM" : "봉수산",
        "PAST_SPOT_" : "4684018010007",
        "MNTN_ID" : "468401801"
      },
      "geometry" : {
        "x" : 146637.93960000016,
        "y" : 251170.37180000357
      }
    },
    {
      "attributes" : {
        "FID" : 7,
        "PMNTN_SPOT" : 41868,
        "MNTN_CODE" : "468401801",
        "MANAGE_SP1" : "01",
        "MANAGE_SP2" : "시종점",
        "DETAIL_SPO" : "시종점",
        "ETC_MATTER" : " ",
        "MNTN_NM" : "봉수산",
        "PAST_SPOT_" : "4684018010008",
        "MNTN_ID" : "468401801"
      },
      "geometry" : {
        "x" : 146692.56319999974,
        "y" : 252143.20200000145
      }
    },
    {
      "attributes" : {
        "FID" : 8,
        "PMNTN_SPOT" : 41869,
        "MNTN_CODE" : "468401801",
        "MANAGE_SP1" : "02",
        "MANAGE_SP2" : "분기점",
        "DETAIL_SPO" : "분기점",
        "ETC_MATTER" : " ",
        "MNTN_NM" : "봉수산",
        "PAST_SPOT_" : "4684018010009",
        "MNTN_ID" : "468401801"
      },
      "geometry" : {
        "x" : 146914.9653000012,
        "y" : 251919.85940000042
      }
    },
    {
      "attributes" : {
        "FID" : 9,
        "PMNTN_SPOT" : 41870,
        "MNTN_CODE" : "468401801",
        "MANAGE_SP1" : "01",
        "MANAGE_SP2" : "시종점",
        "DETAIL_SPO" : "시종점",
        "ETC_MATTER" : " ",
        "MNTN_NM" : "봉수산",
        "PAST_SPOT_" : "4684018010010",
        "MNTN_ID" : "468401801"
      },
      "geometry" : {
        "x" : 147014.5577999996,
        "y" : 252636.64600000158
      }
    }
  ]
}