{
  "displayFieldName" : "",
  "fieldAliases" : {
    "FID" : "FID",
    "PMNTN_SN" : "PMNTN_SN",
    "MNTN_CODE" : "MNTN_CODE",
    "MNTN_NM" : "MNTN_NM",
    "PMNTN_NM" : "PMNTN_NM",
    "PMNTN_MAIN" : "PMNTN_MAIN",
    "PMNTN_LT" : "PMNTN_LT",
    "PMNTN_DFFL" : "PMNTN_DFFL",
    "PMNTN_UPPL" : "PMNTN_UPPL",
    "PMNTN_GODN" : "PMNTN_GODN",
    "PMNTN_MTRQ" : "PMNTN_MTRQ",
    "PMNTN_CNRL" : "PMNTN_CNRL",
    "PMNTN_CLS_" : "PMNTN_CLS_",
    "PMNTN_RISK" : "PMNTN_RISK",
    "PMNTN_RECO" : "PMNTN_RECO",
    "DATA_STDR_" : "DATA_STDR_",
    "MNTN_ID" : "MNTN_ID"
  },
  "geometryType" : "esriGeometryPolyline",
  "spatialReference" : {
    "wkt" : "PROJCS[\"PCS_ITRF2000_TM\",GEOGCS[\"GCS_ITRF_2000\",DATUM[\"D_ITRF_2000\",SPHEROID[\"GRS_1980\",6378137.0,298.257222101]],PRIMEM[\"Greenwich\",0.0],UNIT[\"Degree\",0.0174532925199433]],PROJECTION[\"Transverse_Mercator\"],PARAMETER[\"False_Easting\",200000.0],PARAMETER[\"False_Northing\",600000.0],PARAMETER[\"Central_Meridian\",127.0],PARAMETER[\"Scale_Factor\",1.0],PARAMETER[\"Latitude_Of_Origin\",38.0],UNIT[\"Meter\",1.0]]"
  },
  "fields" : [
    {
      "name" : "FID",
      "type" : "esriFieldTypeOID",
      "alias" : "FID"
    },
    {
      "name" : "PMNTN_SN",
      "type" : "esriFieldTypeDouble",
      "alias" : "PMNTN_SN"
    },
    {
      "name" : "MNTN_CODE",
      "type" : "esriFieldTypeString",
      "alias" : "MNTN_CODE",
      "length" : 9
    },
    {
      "name" : "MNTN_NM",
      "type" : "esriFieldTypeString",
      "alias" : "MNTN_NM",
      "length" : 50
    },
    {
      "name" : "PMNTN_NM",
      "type" : "esriFieldTypeString",
      "alias" : "PMNTN_NM",
      "length" : 50
    },
    {
      "name" : "PMNTN_MAIN",
      "type" : "esriFieldTypeString",
      "alias" : "PMNTN_MAIN",
      "length" : 200
    },
    {
      "name" : "PMNTN_LT",
      "type" : "esriFieldTypeSingle",
      "alias" : "PMNTN_LT"
    },
    {
      "name" : "PMNTN_DFFL",
      "type" : "esriFieldTypeString",
      "alias" : "PMNTN_DFFL",
      "length" : 8
    },
    {
      "name" : "PMNTN_UPPL",
      "type" : "esriFieldTypeDouble",
      "alias" : "PMNTN_UPPL"
    },
    {
      "name" : "PMNTN_GODN",
      "type" : "esriFieldTypeDouble",
      "alias" : "PMNTN_GODN"
    },
    {
      "name" : "PMNTN_MTRQ",
      "type" : "esriFieldTypeString",
      "alias" : "PMNTN_MTRQ",
      "length" : 200
    },
    {
      "name" : "PMNTN_CNRL",
      "type" : "esriFieldTypeString",
      "alias" : "PMNTN_CNRL",
      "length" : 1
    },
    {
      "name" : "PMNTN_CLS_",
      "type" : "esriFieldTypeString",
      "alias" : "PMNTN_CLS_",
      "length" : 1
    },
    {
      "name" : "PMNTN_RISK",
      "type" : "esriFieldTypeString",
      "alias" : "PMNTN_RISK",
      "length" : 200
    },
    {
      "name" : "PMNTN_RECO",
      "type" : "esriFieldTypeString",
      "alias" : "PMNTN_RECO",
      "length" : 1
    },
    {
      "name" : "DATA_STDR_",
      "type" : "esriFieldTypeString",
      "alias" : "DATA_STDR_",
      "length" : 10
    },
    {
      "name" : "MNTN_ID",
      "type" : "esriFieldTypeString",
      "alias" : "MNTN_ID",
      "length" : 10
    }
  ],
  "features" : [
    {
      "attributes" : {
        "FID" : 0,
        "PMNTN_SN" : 49589,
        "MNTN_CODE" : "421902804",
        "MNTN_NM" : "철암",
        "PMNTN_NM" : "철암동구간",
        "PMNTN_MAIN" : " ",
        "PMNTN_LT" : 2.87,
        "PMNTN_DFFL" : "쉬움",
        "PMNTN_UPPL" : 51,
        "PMNTN_GODN" : 35,
        "PMNTN_MTRQ" : " ",
        "PMNTN_CNRL" : " ",
        "PMNTN_CLS_" : " ",
        "PMNTN_RISK" : " ",
        "PMNTN_RECO" : " ",
        "DATA_STDR_" : "2016-12-31",
        "MNTN_ID" : "421902101"
      },
      "geometry" : {
        "paths" : [
          [
            [
              382080.8619999988,
              504549.65900000185
            ],
            [
              382097.35869999975,
              504544.94570000097
            ],
            [
              382117.55879999977,
              504529.12230000272
            ],
            [
              382146.08760000207,
              504520.07909999974
            ],
            [
              382164.35770000052,
              504515.78019999899
            ],
            [
              382170.64219999965,
              504513.08690000139
            ],
            [
              382178.27329999954,
              504509.49579999968
            ],
            [
              382198.47339999955,
              504490.19349999912
            ],
            [
              382208.79789999966,
              504476.72670000046
            ],
            [
              382215.53120000008,
              504451.58890000172
            ],
            [
              382217.32680000085,
              504424.65540000051
            ],
            [
              382219.12240000069,
              504411.63759999722
            ],
            [
              382230.20820000116,
              504388.30940000154
            ],
            [
              382234.18740000017,
              504356.52960000001
            ],
            [
              382233.30649999995,
              504348.76960000023
            ],
            [
              382241.52730000019,
              504343.71039999835
            ],
            [
              382255.43360000197,
              504339.90690000169
            ],
            [
              382274.3359000003,
              504338.46840000339
            ],
            [
              382284.94540000055,
              504333.38819999993
            ],
            [
              382293.22439999972,
              504321.70849999972
            ],
            [
              382304.39659999963,
              504309.81090000086
            ],
            [
              382313.48290000018,
              504300.96310000122
            ],
            [
              382316.08270000014,
              504282.80599999987
            ],
            [
              382318.7761000013,
              504274.72600000165
            ],
            [
              382324.16280000005,
              504259.46369999833
            ],
            [
              382324.61170000117,
              504250.4859000016
            ],
            [
              382354.23840000015,
              504199.76120000333
            ],
            [
              382390.14970000088,
              504174.17440000176
            ],
            [
              382393.2918999996,
              504168.33889999986
            ],
            [
              382395.98530000076,
              504146.3432
            ],
            [
              382409.45199999958,
              504105.04530000128
            ],
            [
              382417.08310000133,
              504071.37850000151
            ],
            [
              382440.87430000119,
              504012.57379999943
            ],
            [
              382449.85220000055,
              503982.04920000024
            ],
            [
              382452.54550000094,
              503964.99139999971
            ],
            [
              382447.15880000032,
              503939.85350000113
            ],
            [
              382446.70990000106,
              503933.12020000257
            ],
            [
              382452.9944000002,
              503925.93790000118
            ],
            [
              382471.39890000038,
              503909.77779999934
            ],
            [
              382478.13230000157,
              503904.84000000171
            ],
            [
              382496.98570000008,
              503868.92880000174
            ],
            [
              382515.83910000138,
              503835.71089999937
            ],
            [
              382531.99909999967,
              503797.10630000196
            ],
            [
              382538.73249999993,
              503789.02630000375
            ],
            [
              382546.36359999981,
              503751.31940000132
            ],
            [
              382547.71030000038,
              503706.87930000015
            ],
            [
              382549.50590000115,
              503692.9637000002
            ],
            [
              382549.95480000041,
              503688.92360000126
            ],
            [
              382565.21710000001,
              503692.9637000002
            ],
            [
              382626.26620000042,
              503703.28810000047
            ],
            [
              382641.88179999962,
              503702.7995999977
            ],
            [
              382656.79070000071,
              503707.32820000313
            ],
            [
              382667.56410000101,
              503704.63480000012
            ],
            [
              382680.58200000133,
              503698.79920000397
            ],
            [
              382705.71980000101,
              503682.19030000456
            ],
            [
              382743.42659999989,
              503662.43910000101
            ],
            [
              382801.33350000065,
              503635.05680000223
            ],
            [
              382847.56930000056,
              503609.02109999955
            ],
            [
              382884.23490000051,
              503614.71320000105
            ],
            [
              382905.92510000058,
              503611.26559999958
            ],
            [
              382915.3518000003,
              503606.77669999935
            ],
            [
              382929.71630000044,
              503591.51440000162
            ],
            [
              382943.63190000132,
              503562.78540000133
            ],
            [
              382954.85410000011,
              503552.46090000123
            ],
            [
              382977.74760000221,
              503535.40300000273
            ],
            [
              382997.94770000223,
              503526.87410000153
            ],
            [
              383012.76100000087,
              503518.34520000033
            ],
            [
              383026.22780000046,
              503504.42960000038
            ],
            [
              383038.79670000076,
              503493.65619999915
            ],
            [
              383065.73010000028,
              503481.98500000127
            ],
            [
              383086.37910000049,
              503473.90500000119
            ],
            [
              383099.39690000005,
              503465.37610000186
            ],
            [
              383111.7949000001,
              503462.91920000315
            ],
            [
              383119.6576000005,
              503458.28729999997
            ],
            [
              383124.69570000004,
              503454.65269999951
            ],
            [
              383129.9215000011,
              503440.68710000068
            ],
            [
              383131.26819999889,
              503427.66929999925
            ],
            [
              383130.37040000036,
              503400.28690000065
            ],
            [
              383131.71710000094,
              503394.00249999948
            ],
            [
              383140.6949000014,
              503391.75799999945
            ],
            [
              383149.2237999998,
              503395.79800000414
            ],
            [
              383157.30379999988,
              503409.71370000206
            ],
            [
              383160.44610000122,
              503417.79370000213
            ],
            [
              383165.38389999978,
              503426.77150000446
            ],
            [
              383165.38389999978,
              503436.19820000418
            ],
            [
              383187.82840000093,
              503466.7228000015
            ],
            [
              383201.94799999986,
              503480.88670000248
            ],
            [
              383225.52900000103,
              503497.3814000003
            ],
            [
              383236.75750000216,
              503499.94070000015
            ],
            [
              383248.42590000201,
              503501.25390000269
            ],
            [
              383270.28589999955,
              503498.68789999932
            ],
            [
              383294.66440000013,
              503500.8385000024
            ],
            [
              383320.70000000112,
              503506.67400000244
            ],
            [
              383331.2620000001,
              503521.07050000131
            ],
            [
              383351.31180000119,
              503539.0514999982
            ],
            [
              383354.81570000015,
              503545.72750000097
            ],
            [
              383360.13410000131,
              503540.23540000059
            ],
            [
              383366.17540000007,
              503526.17290000059
            ],
            [
              383372.7714000009,
              503514.30520000122
            ],
            [
              383380.6996000018,
              503511.94830000214
            ],
            [
              383390.28379999939,
              503510.87800000422
            ],
            [
              383401.94920000061,
              503520.14079999924
            ],
            [
              383413.03140000161,
              503522.95780000091
            ],
            [
              383426.28020000085,
              503519.19859999977
            ],
            [
              383442.07810000051,
              503516.19830000214
            ],
            [
              383478.9672000017,
              503532.76750000194
            ],
            [
              383504.39460000116,
              503544.71959999949
            ],
            [
              383511.00770000089,
              503549.67369999923
            ],
            [
              383513.95419999957,
              503561.51320000179
            ],
            [
              383522.2519000005,
              503611.71440000273
            ],
            [
              383532.12750000227,
              503637.75009999983
            ],
            [
              383546.49199999962,
              503645.83009999804
            ],
            [
              383563.10099999979,
              503644.48350000195
            ],
            [
              383576.11880000215,
              503635.95450000279
            ],
            [
              383583.75,
              503629.22120000049
            ],
            [
              383590.03440000024,
              503630.11900000274
            ],
            [
              383593.17669999972,
              503635.50569999963
            ],
            [
              383592.72780000232,
              503661.99019999988
            ],
            [
              383589.58550000098,
              503681.74140000157
            ],
            [
              383585.99440000113,
              503703.28810000047
            ],
            [
              383578.81219999865,
              503718.55040000193
            ],
            [
              383566.24320000038,
              503739.6483000014
            ],
            [
              383562.65210000053,
              503747.72829999961
            ],
            [
              383567.58990000095,
              503798.00410000049
            ],
            [
              383563.99880000111,
              503821.34640000202
            ],
            [
              383559.06100000069,
              503838.85309999995
            ],
            [
              383557.71430000011,
              503860.39990000054
            ],
            [
              383551.42980000097,
              503872.96880000085
            ],
            [
              383543.79870000109,
              503903.04450000264
            ],
            [
              383542.00310000125,
              503910.22670000233
            ],
            [
              383553.22540000081,
              503936.26239999942
            ],
            [
              383561.75430000108,
              503956.4625000041
            ],
            [
              383568.93659999967,
              503968.13360000029
            ],
            [
              383585.09659999982,
              503990.57819999941
            ],
            [
              383574.32330000028,
              503999.55600000173
            ],
            [
              383568.93659999967,
              504016.61380000412
            ],
            [
              383555.77050000057,
              504035.77789999731
            ]
          ]
        ]
      }
    }
  ]
}