{
  "displayFieldName" : "",
  "fieldAliases" : {
    "FID" : "FID",
    "PMNTN_SPOT" : "PMNTN_SPOT",
    "MNTN_CODE" : "MNTN_CODE",
    "MANAGE_SP1" : "MANAGE_SP1",
    "MANAGE_SP2" : "MANAGE_SP2",
    "DETAIL_SPO" : "DETAIL_SPO",
    "ETC_MATTER" : "ETC_MATTER",
    "MNTN_NM" : "MNTN_NM",
    "PAST_SPOT_" : "PAST_SPOT_",
    "MNTN_ID" : "MNTN_ID"
  },
  "geometryType" : "esriGeometryPoint",
  "spatialReference" : {
    "wkt" : "PROJCS[\"PCS_ITRF2000_TM\",GEOGCS[\"GCS_ITRF_2000\",DATUM[\"D_ITRF_2000\",SPHEROID[\"GRS_1980\",6378137.0,298.257222101]],PRIMEM[\"Greenwich\",0.0],UNIT[\"Degree\",0.0174532925199433]],PROJECTION[\"Transverse_Mercator\"],PARAMETER[\"False_Easting\",200000.0],PARAMETER[\"False_Northing\",600000.0],PARAMETER[\"Central_Meridian\",127.0],PARAMETER[\"Scale_Factor\",1.0],PARAMETER[\"Latitude_Of_Origin\",38.0],UNIT[\"Meter\",1.0]]"
  },
  "fields" : [
    {
      "name" : "FID",
      "type" : "esriFieldTypeOID",
      "alias" : "FID"
    },
    {
      "name" : "PMNTN_SPOT",
      "type" : "esriFieldTypeDouble",
      "alias" : "PMNTN_SPOT"
    },
    {
      "name" : "MNTN_CODE",
      "type" : "esriFieldTypeString",
      "alias" : "MNTN_CODE",
      "length" : 9
    },
    {
      "name" : "MANAGE_SP1",
      "type" : "esriFieldTypeString",
      "alias" : "MANAGE_SP1",
      "length" : 2
    },
    {
      "name" : "MANAGE_SP2",
      "type" : "esriFieldTypeString",
      "alias" : "MANAGE_SP2",
      "length" : 50
    },
    {
      "name" : "DETAIL_SPO",
      "type" : "esriFieldTypeString",
      "alias" : "DETAIL_SPO",
      "length" : 200
    },
    {
      "name" : "ETC_MATTER",
      "type" : "esriFieldTypeString",
      "alias" : "ETC_MATTER",
      "length" : 200
    },
    {
      "name" : "MNTN_NM",
      "type" : "esriFieldTypeString",
      "alias" : "MNTN_NM",
      "length" : 50
    },
    {
      "name" : "PAST_SPOT_",
      "type" : "esriFieldTypeString",
      "alias" : "PAST_SPOT_",
      "length" : 14
    },
    {
      "name" : "MNTN_ID",
      "type" : "esriFieldTypeString",
      "alias" : "MNTN_ID",
      "length" : 10
    }
  ],
  "features" : [
    {
      "attributes" : {
        "FID" : 0,
        "PMNTN_SPOT" : 20344,
        "MNTN_CODE" : "447100701",
        "MANAGE_SP1" : "02",
        "MANAGE_SP2" : "분기점",
        "DETAIL_SPO" : "분기점",
        "ETC_MATTER" : " ",
        "MNTN_NM" : "더기산",
        "PAST_SPOT_" : "4471007010001",
        "MNTN_ID" : "447100701"
      },
      "geometry" : {
        "x" : 236703.90089999977,
        "y" : 379764.52270000055
      }
    },
    {
      "attributes" : {
        "FID" : 1,
        "PMNTN_SPOT" : 20345,
        "MNTN_CODE" : "447100701",
        "MANAGE_SP1" : "01",
        "MANAGE_SP2" : "시종점",
        "DETAIL_SPO" : "시종점",
        "ETC_MATTER" : " ",
        "MNTN_NM" : "더기산",
        "PAST_SPOT_" : "4471007010002",
        "MNTN_ID" : "447100701"
      },
      "geometry" : {
        "x" : 236704.33370000124,
        "y" : 379582.6742000021
      }
    },
    {
      "attributes" : {
        "FID" : 2,
        "PMNTN_SPOT" : 20346,
        "MNTN_CODE" : "447100701",
        "MANAGE_SP1" : "02",
        "MANAGE_SP2" : "분기점",
        "DETAIL_SPO" : "분기점",
        "ETC_MATTER" : " ",
        "MNTN_NM" : "더기산",
        "PAST_SPOT_" : "4471007010003",
        "MNTN_ID" : "447100701"
      },
      "geometry" : {
        "x" : 236719.20170000102,
        "y" : 379610.01560000144
      }
    },
    {
      "attributes" : {
        "FID" : 3,
        "PMNTN_SPOT" : 20347,
        "MNTN_CODE" : "447100701",
        "MANAGE_SP1" : "02",
        "MANAGE_SP2" : "분기점",
        "DETAIL_SPO" : "분기점",
        "ETC_MATTER" : " ",
        "MNTN_NM" : "더기산",
        "PAST_SPOT_" : "4471007010004",
        "MNTN_ID" : "447100701"
      },
      "geometry" : {
        "x" : 236748.16140000056,
        "y" : 380157.2172000017
      }
    },
    {
      "attributes" : {
        "FID" : 4,
        "PMNTN_SPOT" : 20348,
        "MNTN_CODE" : "447100701",
        "MANAGE_SP1" : "01",
        "MANAGE_SP2" : "시종점",
        "DETAIL_SPO" : "시종점",
        "ETC_MATTER" : " ",
        "MNTN_NM" : "더기산",
        "PAST_SPOT_" : "4471007010005",
        "MNTN_ID" : "447100701"
      },
      "geometry" : {
        "x" : 236797.42630000226,
        "y" : 379623.42420000024
      }
    },
    {
      "attributes" : {
        "FID" : 5,
        "PMNTN_SPOT" : 20349,
        "MNTN_CODE" : "447100701",
        "MANAGE_SP1" : "01",
        "MANAGE_SP2" : "시종점",
        "DETAIL_SPO" : "시종점",
        "ETC_MATTER" : " ",
        "MNTN_NM" : "더기산",
        "PAST_SPOT_" : "4471007010006",
        "MNTN_ID" : "447100701"
      },
      "geometry" : {
        "x" : 236799.51929999981,
        "y" : 380141.72200000286
      }
    }
  ]
}