{
  "displayFieldName" : "",
  "fieldAliases" : {
    "FID" : "FID",
    "PMNTN_SN" : "PMNTN_SN",
    "MNTN_CODE" : "MNTN_CODE",
    "MNTN_NM" : "MNTN_NM",
    "PMNTN_NM" : "PMNTN_NM",
    "PMNTN_MAIN" : "PMNTN_MAIN",
    "PMNTN_LT" : "PMNTN_LT",
    "PMNTN_DFFL" : "PMNTN_DFFL",
    "PMNTN_UPPL" : "PMNTN_UPPL",
    "PMNTN_GODN" : "PMNTN_GODN",
    "PMNTN_MTRQ" : "PMNTN_MTRQ",
    "PMNTN_CNRL" : "PMNTN_CNRL",
    "PMNTN_CLS_" : "PMNTN_CLS_",
    "PMNTN_RISK" : "PMNTN_RISK",
    "PMNTN_RECO" : "PMNTN_RECO",
    "DATA_STDR_" : "DATA_STDR_",
    "MNTN_ID" : "MNTN_ID"
  },
  "geometryType" : "esriGeometryPolyline",
  "spatialReference" : {
    "wkt" : "PROJCS[\"PCS_ITRF2000_TM\",GEOGCS[\"GCS_ITRF_2000\",DATUM[\"D_ITRF_2000\",SPHEROID[\"GRS_1980\",6378137.0,298.257222101]],PRIMEM[\"Greenwich\",0.0],UNIT[\"Degree\",0.0174532925199433]],PROJECTION[\"Transverse_Mercator\"],PARAMETER[\"False_Easting\",200000.0],PARAMETER[\"False_Northing\",600000.0],PARAMETER[\"Central_Meridian\",127.0],PARAMETER[\"Scale_Factor\",1.0],PARAMETER[\"Latitude_Of_Origin\",38.0],UNIT[\"Meter\",1.0]]"
  },
  "fields" : [
    {
      "name" : "FID",
      "type" : "esriFieldTypeOID",
      "alias" : "FID"
    },
    {
      "name" : "PMNTN_SN",
      "type" : "esriFieldTypeDouble",
      "alias" : "PMNTN_SN"
    },
    {
      "name" : "MNTN_CODE",
      "type" : "esriFieldTypeString",
      "alias" : "MNTN_CODE",
      "length" : 9
    },
    {
      "name" : "MNTN_NM",
      "type" : "esriFieldTypeString",
      "alias" : "MNTN_NM",
      "length" : 50
    },
    {
      "name" : "PMNTN_NM",
      "type" : "esriFieldTypeString",
      "alias" : "PMNTN_NM",
      "length" : 50
    },
    {
      "name" : "PMNTN_MAIN",
      "type" : "esriFieldTypeString",
      "alias" : "PMNTN_MAIN",
      "length" : 200
    },
    {
      "name" : "PMNTN_LT",
      "type" : "esriFieldTypeSingle",
      "alias" : "PMNTN_LT"
    },
    {
      "name" : "PMNTN_DFFL",
      "type" : "esriFieldTypeString",
      "alias" : "PMNTN_DFFL",
      "length" : 8
    },
    {
      "name" : "PMNTN_UPPL",
      "type" : "esriFieldTypeDouble",
      "alias" : "PMNTN_UPPL"
    },
    {
      "name" : "PMNTN_GODN",
      "type" : "esriFieldTypeDouble",
      "alias" : "PMNTN_GODN"
    },
    {
      "name" : "PMNTN_MTRQ",
      "type" : "esriFieldTypeString",
      "alias" : "PMNTN_MTRQ",
      "length" : 200
    },
    {
      "name" : "PMNTN_CNRL",
      "type" : "esriFieldTypeString",
      "alias" : "PMNTN_CNRL",
      "length" : 1
    },
    {
      "name" : "PMNTN_CLS_",
      "type" : "esriFieldTypeString",
      "alias" : "PMNTN_CLS_",
      "length" : 1
    },
    {
      "name" : "PMNTN_RISK",
      "type" : "esriFieldTypeString",
      "alias" : "PMNTN_RISK",
      "length" : 200
    },
    {
      "name" : "PMNTN_RECO",
      "type" : "esriFieldTypeString",
      "alias" : "PMNTN_RECO",
      "length" : 1
    },
    {
      "name" : "DATA_STDR_",
      "type" : "esriFieldTypeString",
      "alias" : "DATA_STDR_",
      "length" : 10
    },
    {
      "name" : "MNTN_ID",
      "type" : "esriFieldTypeString",
      "alias" : "MNTN_ID",
      "length" : 10
    }
  ],
  "features" : [
    {
      "attributes" : {
        "FID" : 0,
        "PMNTN_SN" : 9832,
        "MNTN_CODE" : "491300501",
        "MNTN_NM" : "남산봉",
        "PMNTN_NM" : "신풍리구간",
        "PMNTN_MAIN" : " ",
        "PMNTN_LT" : 0.69,
        "PMNTN_DFFL" : "쉬움",
        "PMNTN_UPPL" : 12,
        "PMNTN_GODN" : 9,
        "PMNTN_MTRQ" : " ",
        "PMNTN_CNRL" : " ",
        "PMNTN_CLS_" : " ",
        "PMNTN_RISK" : " ",
        "PMNTN_RECO" : " ",
        "DATA_STDR_" : "2016-12-31",
        "MNTN_ID" : "491300501"
      },
      "geometry" : {
        "paths" : [
          [
            [
              182478.2284000013,
              87469.381300002337
            ],
            [
              182479.58540000115,
              87480.062999999151
            ],
            [
              182480.27199999988,
              87486.74970000051
            ],
            [
              182480.79669999983,
              87494.786800004542
            ],
            [
              182483.28270000219,
              87503.301100002602
            ],
            [
              182485.76120000239,
              87509.022799998522
            ],
            [
              182482.43290000036,
              87511.980700001121
            ],
            [
              182481.29530000035,
              87518.943700002506
            ],
            [
              182481.88500000071,
              87526.980299998075
            ],
            [
              182483.14499999955,
              87534.197300001979
            ],
            [
              182486.67860000301,
              87543.204700000584
            ],
            [
              182491.1872000033,
              87549.583900004625
            ],
            [
              182496.1817000024,
              87555.387800000608
            ],
            [
              182499.22040000185,
              87564.205299999565
            ],
            [
              182498.66970000137,
              87571.590900000185
            ],
            [
              182500.05030000117,
              87582.050599999726
            ],
            [
              182501.17989999987,
              87590.127299999818
            ],
            [
              182499.83830000181,
              87598.391200002283
            ],
            [
              182495.50020000059,
              87606.695900002494
            ],
            [
              182493.46650000103,
              87617.68380000256
            ],
            [
              182492.13870000187,
              87630.170900000259
            ],
            [
              182495.52170000225,
              87643.164900003001
            ],
            [
              182493.62229999993,
              87654.332800000906
            ],
            [
              182487.95360000152,
              87659.803899999708
            ],
            [
              182481.43930000067,
              87661.206500001252
            ],
            [
              182475.1286000004,
              87667.118300002068
            ],
            [
              182469.46020000055,
              87675.307300003245
            ],
            [
              182467.83250000048,
              87681.436200000346
            ],
            [
              182469.6651000008,
              87687.330000000075
            ],
            [
              182472.92360000219,
              87693.887599999085
            ],
            [
              182472.33490000013,
              87701.611600000411
            ],
            [
              182466.98580000084,
              87704.913800001144
            ],
            [
              182467.30720000155,
              87713.76099999994
            ],
            [
              182475.30220000166,
              87727.748600002378
            ],
            [
              182480.90210000239,
              87741.333200002089
            ],
            [
              182487.61139999982,
              87757.60909999907
            ],
            [
              182496.89260000084,
              87776.49060000293
            ],
            [
              182502.03350000083,
              87789.628200003877
            ],
            [
              182506.69510000013,
              87808.16420000419
            ],
            [
              182513.19579999987,
              87822.666000001132
            ],
            [
              182520.25219999999,
              87837.880100004375
            ],
            [
              182526.95440000016,
              87852.391400001943
            ],
            [
              182531.73800000083,
              87862.748500000685
            ],
            [
              182539.24580000341,
              87879.004100000486
            ],
            [
              182544.53490000125,
              87897.207699999213
            ],
            [
              182546.94240000192,
              87913.853099999949
            ],
            [
              182544.49909999967,
              87932.536699999124
            ],
            [
              182545.4469000008,
              87945.977700000629
            ],
            [
              182541.47800000012,
              87956.240100001916
            ],
            [
              182531.63210000191,
              87962.180700000376
            ],
            [
              182521.51910000015,
              87965.761600000784
            ],
            [
              182511.23340000119,
              87971.654799999669
            ],
            [
              182498.84120000247,
              87976.21990000084
            ],
            [
              182484.92210000195,
              87981.333900002763
            ],
            [
              182472.99920000043,
              87987.479499999434
            ],
            [
              182463.51009999961,
              87991.800800001249
            ],
            [
              182456.27020000201,
              87999.285900000483
            ],
            [
              182453.72450000048,
              88006.580700002611
            ],
            [
              182450.09280000255,
              88017.205200001597
            ],
            [
              182442.52890000027,
              88023.763400001451
            ],
            [
              182431.07380000129,
              88028.183399999514
            ],
            [
              182419.02910000086,
              88029.915400002152
            ],
            [
              182407.22690000013,
              88029.830000000075
            ]
          ]
        ]
      }
    },
    {
      "attributes" : {
        "FID" : 1,
        "PMNTN_SN" : 9833,
        "MNTN_CODE" : "491300501",
        "MNTN_NM" : "남산봉",
        "PMNTN_NM" : "신풍리구간",
        "PMNTN_MAIN" : " ",
        "PMNTN_LT" : 0.05,
        "PMNTN_DFFL" : "쉬움",
        "PMNTN_UPPL" : 1,
        "PMNTN_GODN" : 1,
        "PMNTN_MTRQ" : " ",
        "PMNTN_CNRL" : " ",
        "PMNTN_CLS_" : " ",
        "PMNTN_RISK" : " ",
        "PMNTN_RECO" : " ",
        "DATA_STDR_" : "2016-12-31",
        "MNTN_ID" : "491300501"
      },
      "geometry" : {
        "paths" : [
          [
            [
              182407.22690000013,
              88029.830000000075
            ],
            [
              182401.26100000087,
              88030.781500004232
            ],
            [
              182400.57160000037,
              88035.606300000101
            ],
            [
              182400.55999999959,
              88042.115000002086
            ],
            [
              182398.39840000123,
              88047.483300002292
            ],
            [
              182393.50500000268,
              88049.060900002718
            ],
            [
              182388.32330000214,
              88050.080499999225
            ],
            [
              182383.32050000224,
              88052.802999999374
            ],
            [
              182380.61170000117,
              88058.991400001571
            ],
            [
              182380.53990000114,
              88066.501300001517
            ]
          ]
        ]
      }
    },
    {
      "attributes" : {
        "FID" : 2,
        "PMNTN_SN" : 9834,
        "MNTN_CODE" : "491300501",
        "MNTN_NM" : "남산봉",
        "PMNTN_NM" : "신풍리구간",
        "PMNTN_MAIN" : " ",
        "PMNTN_LT" : 0.34,
        "PMNTN_DFFL" : "쉬움",
        "PMNTN_UPPL" : 6,
        "PMNTN_GODN" : 4,
        "PMNTN_MTRQ" : " ",
        "PMNTN_CNRL" : " ",
        "PMNTN_CLS_" : " ",
        "PMNTN_RISK" : " ",
        "PMNTN_RECO" : " ",
        "DATA_STDR_" : "2016-12-31",
        "MNTN_ID" : "491300501"
      },
      "geometry" : {
        "paths" : [
          [
            [
              182407.22690000013,
              88029.830000000075
            ],
            [
              182392.53610000014,
              88026.098699998111
            ],
            [
              182383.39869999979,
              88018.236999999732
            ],
            [
              182373.41430000123,
              88009.64650000073
            ],
            [
              182364.41620000359,
              87997.848500000313
            ],
            [
              182355.96709999908,
              87984.207800004631
            ],
            [
              182351.26540000178,
              87964.840399999171
            ],
            [
              182350.69810000248,
              87954.54629999958
            ],
            [
              182353.99100000132,
              87945.747999999672
            ],
            [
              182362.33310000412,
              87936.54820000194
            ],
            [
              182370.74029999971,
              87931.023000000045
            ],
            [
              182378.80720000342,
              87923.87490000017
            ],
            [
              182381.39030000102,
              87914.58900000155
            ],
            [
              182382.15890000109,
              87906.063700001687
            ],
            [
              182379.08860000223,
              87898.120300002396
            ],
            [
              182380.70450000372,
              87886.397400001064
            ],
            [
              182374.82949999906,
              87876.674800001085
            ],
            [
              182362.3777999999,
              87871.397700000554
            ],
            [
              182352.44990000036,
              87868.62150000222
            ],
            [
              182341.59010000061,
              87866.229400001466
            ],
            [
              182330.21300000045,
              87861.770899999887
            ],
            [
              182319.03699999955,
              87856.585600001737
            ],
            [
              182311.20139999967,
              87847.671300001442
            ],
            [
              182310.34860000014,
              87837.451600002125
            ],
            [
              182311.97000000067,
              87824.306000001729
            ],
            [
              182313.66180000175,
              87812.344299999997
            ],
            [
              182316.53529999871,
              87801.687200002372
            ],
            [
              182320.41760000028,
              87788.082300001755
            ],
            [
              182323.89050000254,
              87776.915300000459
            ]
          ]
        ]
      }
    }
  ]
}