{
  "displayFieldName" : "",
  "fieldAliases" : {
    "FID" : "FID",
    "PMNTN_SPOT" : "PMNTN_SPOT",
    "MNTN_CODE" : "MNTN_CODE",
    "MANAGE_SP1" : "MANAGE_SP1",
    "MANAGE_SP2" : "MANAGE_SP2",
    "DETAIL_SPO" : "DETAIL_SPO",
    "ETC_MATTER" : "ETC_MATTER",
    "MNTN_NM" : "MNTN_NM",
    "PAST_SPOT_" : "PAST_SPOT_",
    "MNTN_ID" : "MNTN_ID"
  },
  "geometryType" : "esriGeometryPoint",
  "spatialReference" : {
    "wkt" : "PROJCS[\"PCS_ITRF2000_TM\",GEOGCS[\"GCS_ITRF_2000\",DATUM[\"D_ITRF_2000\",SPHEROID[\"GRS_1980\",6378137.0,298.257222101]],PRIMEM[\"Greenwich\",0.0],UNIT[\"Degree\",0.0174532925199433]],PROJECTION[\"Transverse_Mercator\"],PARAMETER[\"False_Easting\",200000.0],PARAMETER[\"False_Northing\",600000.0],PARAMETER[\"Central_Meridian\",127.0],PARAMETER[\"Scale_Factor\",1.0],PARAMETER[\"Latitude_Of_Origin\",38.0],UNIT[\"Meter\",1.0]]"
  },
  "fields" : [
    {
      "name" : "FID",
      "type" : "esriFieldTypeOID",
      "alias" : "FID"
    },
    {
      "name" : "PMNTN_SPOT",
      "type" : "esriFieldTypeDouble",
      "alias" : "PMNTN_SPOT"
    },
    {
      "name" : "MNTN_CODE",
      "type" : "esriFieldTypeString",
      "alias" : "MNTN_CODE",
      "length" : 9
    },
    {
      "name" : "MANAGE_SP1",
      "type" : "esriFieldTypeString",
      "alias" : "MANAGE_SP1",
      "length" : 2
    },
    {
      "name" : "MANAGE_SP2",
      "type" : "esriFieldTypeString",
      "alias" : "MANAGE_SP2",
      "length" : 50
    },
    {
      "name" : "DETAIL_SPO",
      "type" : "esriFieldTypeString",
      "alias" : "DETAIL_SPO",
      "length" : 200
    },
    {
      "name" : "ETC_MATTER",
      "type" : "esriFieldTypeString",
      "alias" : "ETC_MATTER",
      "length" : 200
    },
    {
      "name" : "MNTN_NM",
      "type" : "esriFieldTypeString",
      "alias" : "MNTN_NM",
      "length" : 50
    },
    {
      "name" : "PAST_SPOT_",
      "type" : "esriFieldTypeString",
      "alias" : "PAST_SPOT_",
      "length" : 14
    },
    {
      "name" : "MNTN_ID",
      "type" : "esriFieldTypeString",
      "alias" : "MNTN_ID",
      "length" : 10
    }
  ],
  "features" : [
    {
      "attributes" : {
        "FID" : 0,
        "PMNTN_SPOT" : 36987,
        "MNTN_CODE" : "482706301",
        "MANAGE_SP1" : "01",
        "MANAGE_SP2" : "시종점",
        "DETAIL_SPO" : "시종점",
        "ETC_MATTER" : " ",
        "MNTN_NM" : "백운산",
        "PAST_SPOT_" : "4827021010001",
        "MNTN_ID" : "482702101"
      },
      "geometry" : {
        "x" : 377787.95810003765,
        "y" : 334580.78230000474
      }
    },
    {
      "attributes" : {
        "FID" : 1,
        "PMNTN_SPOT" : 36988,
        "MNTN_CODE" : "482706301",
        "MANAGE_SP1" : "01",
        "MANAGE_SP2" : "시종점",
        "DETAIL_SPO" : "시종점",
        "ETC_MATTER" : " ",
        "MNTN_NM" : "백운산",
        "PAST_SPOT_" : "4827021010002",
        "MNTN_ID" : "482702101"
      },
      "geometry" : {
        "x" : 377867.12100003287,
        "y" : 334757.86640000343
      }
    },
    {
      "attributes" : {
        "FID" : 2,
        "PMNTN_SPOT" : 36989,
        "MNTN_CODE" : "482706301",
        "MANAGE_SP1" : "01",
        "MANAGE_SP2" : "시종점",
        "DETAIL_SPO" : "시종점",
        "ETC_MATTER" : " ",
        "MNTN_NM" : "백운산",
        "PAST_SPOT_" : "4827021010003",
        "MNTN_ID" : "482702101"
      },
      "geometry" : {
        "x" : 378498.55240003392,
        "y" : 333667.28590000607
      }
    },
    {
      "attributes" : {
        "FID" : 3,
        "PMNTN_SPOT" : 36990,
        "MNTN_CODE" : "482706301",
        "MANAGE_SP1" : "01",
        "MANAGE_SP2" : "시종점",
        "DETAIL_SPO" : "시종점",
        "ETC_MATTER" : " ",
        "MNTN_NM" : "백운산",
        "PAST_SPOT_" : "4827021010004",
        "MNTN_ID" : "482702101"
      },
      "geometry" : {
        "x" : 378588.84060003329,
        "y" : 333604.72899999842
      }
    },
    {
      "attributes" : {
        "FID" : 4,
        "PMNTN_SPOT" : 36991,
        "MNTN_CODE" : "482706301",
        "MANAGE_SP1" : "02",
        "MANAGE_SP2" : "분기점",
        "DETAIL_SPO" : "분기점",
        "ETC_MATTER" : " ",
        "MNTN_NM" : "백운산",
        "PAST_SPOT_" : "4827021010005",
        "MNTN_ID" : "482702101"
      },
      "geometry" : {
        "x" : 378761.67800003756,
        "y" : 335001.6165000014
      }
    },
    {
      "attributes" : {
        "FID" : 5,
        "PMNTN_SPOT" : 36992,
        "MNTN_CODE" : "482706301",
        "MANAGE_SP1" : "02",
        "MANAGE_SP2" : "분기점",
        "DETAIL_SPO" : "분기점",
        "ETC_MATTER" : " ",
        "MNTN_NM" : "백운산",
        "PAST_SPOT_" : "4827021010006",
        "MNTN_ID" : "482702101"
      },
      "geometry" : {
        "x" : 378811.43110003695,
        "y" : 334146.42300000787
      }
    },
    {
      "attributes" : {
        "FID" : 6,
        "PMNTN_SPOT" : 36993,
        "MNTN_CODE" : "482706301",
        "MANAGE_SP1" : "02",
        "MANAGE_SP2" : "분기점",
        "DETAIL_SPO" : "분기점",
        "ETC_MATTER" : " ",
        "MNTN_NM" : "백운산",
        "PAST_SPOT_" : "4827021010007",
        "MNTN_ID" : "482702101"
      },
      "geometry" : {
        "x" : 379411.40610003285,
        "y" : 335328.2052000016
      }
    },
    {
      "attributes" : {
        "FID" : 7,
        "PMNTN_SPOT" : 36994,
        "MNTN_CODE" : "482706301",
        "MANAGE_SP1" : "02",
        "MANAGE_SP2" : "분기점",
        "DETAIL_SPO" : "분기점",
        "ETC_MATTER" : " ",
        "MNTN_NM" : "백운산",
        "PAST_SPOT_" : "4827021010008",
        "MNTN_ID" : "482702101"
      },
      "geometry" : {
        "x" : 379436.56160003599,
        "y" : 334148.43280000612
      }
    },
    {
      "attributes" : {
        "FID" : 8,
        "PMNTN_SPOT" : 36995,
        "MNTN_CODE" : "482706301",
        "MANAGE_SP1" : "02",
        "MANAGE_SP2" : "분기점",
        "DETAIL_SPO" : "분기점",
        "ETC_MATTER" : " ",
        "MNTN_NM" : "백운산",
        "PAST_SPOT_" : "4827021010009",
        "MNTN_ID" : "482702101"
      },
      "geometry" : {
        "x" : 379681.82970003597,
        "y" : 334445.11690000631
      }
    },
    {
      "attributes" : {
        "FID" : 9,
        "PMNTN_SPOT" : 36996,
        "MNTN_CODE" : "482706301",
        "MANAGE_SP1" : "02",
        "MANAGE_SP2" : "분기점",
        "DETAIL_SPO" : "분기점",
        "ETC_MATTER" : " ",
        "MNTN_NM" : "백운산",
        "PAST_SPOT_" : "4827021010010",
        "MNTN_ID" : "482702101"
      },
      "geometry" : {
        "x" : 379725.01290003862,
        "y" : 335526.19879999943
      }
    },
    {
      "attributes" : {
        "FID" : 10,
        "PMNTN_SPOT" : 36997,
        "MNTN_CODE" : "482706301",
        "MANAGE_SP1" : "02",
        "MANAGE_SP2" : "분기점",
        "DETAIL_SPO" : "분기점",
        "ETC_MATTER" : " ",
        "MNTN_NM" : "백운산",
        "PAST_SPOT_" : "4827021010011",
        "MNTN_ID" : "482702101"
      },
      "geometry" : {
        "x" : 379804.78900003526,
        "y" : 335111.2299000062
      }
    },
    {
      "attributes" : {
        "FID" : 11,
        "PMNTN_SPOT" : 36998,
        "MNTN_CODE" : "482706301",
        "MANAGE_SP1" : "02",
        "MANAGE_SP2" : "분기점",
        "DETAIL_SPO" : "분기점",
        "ETC_MATTER" : " ",
        "MNTN_NM" : "백운산",
        "PAST_SPOT_" : "4827021010012",
        "MNTN_ID" : "482702101"
      },
      "geometry" : {
        "x" : 379805.51690003555,
        "y" : 335416.39750000648
      }
    },
    {
      "attributes" : {
        "FID" : 12,
        "PMNTN_SPOT" : 36999,
        "MNTN_CODE" : "482706301",
        "MANAGE_SP1" : "02",
        "MANAGE_SP2" : "분기점",
        "DETAIL_SPO" : "분기점",
        "ETC_MATTER" : " ",
        "MNTN_NM" : "백운산",
        "PAST_SPOT_" : "4827021010013",
        "MNTN_ID" : "482702101"
      },
      "geometry" : {
        "x" : 379856.90390003659,
        "y" : 335082.94110000134
      }
    },
    {
      "attributes" : {
        "FID" : 13,
        "PMNTN_SPOT" : 37000,
        "MNTN_CODE" : "482706301",
        "MANAGE_SP1" : "02",
        "MANAGE_SP2" : "분기점",
        "DETAIL_SPO" : "분기점",
        "ETC_MATTER" : " ",
        "MNTN_NM" : "백운산",
        "PAST_SPOT_" : "4827021010014",
        "MNTN_ID" : "482702101"
      },
      "geometry" : {
        "x" : 379879.59740003943,
        "y" : 334822.12650000304
      }
    },
    {
      "attributes" : {
        "FID" : 14,
        "PMNTN_SPOT" : 37001,
        "MNTN_CODE" : "482706301",
        "MANAGE_SP1" : "02",
        "MANAGE_SP2" : "분기점",
        "DETAIL_SPO" : "분기점",
        "ETC_MATTER" : " ",
        "MNTN_NM" : "백운산",
        "PAST_SPOT_" : "4827021010015",
        "MNTN_ID" : "482702101"
      },
      "geometry" : {
        "x" : 379880.58440003544,
        "y" : 334824.77720000222
      }
    },
    {
      "attributes" : {
        "FID" : 15,
        "PMNTN_SPOT" : 37002,
        "MNTN_CODE" : "482706301",
        "MANAGE_SP1" : "02",
        "MANAGE_SP2" : "분기점",
        "DETAIL_SPO" : "분기점",
        "ETC_MATTER" : " ",
        "MNTN_NM" : "백운산",
        "PAST_SPOT_" : "4827021010016",
        "MNTN_ID" : "482702101"
      },
      "geometry" : {
        "x" : 379886.37230003718,
        "y" : 334727.93320000544
      }
    },
    {
      "attributes" : {
        "FID" : 16,
        "PMNTN_SPOT" : 37003,
        "MNTN_CODE" : "482706301",
        "MANAGE_SP1" : "02",
        "MANAGE_SP2" : "분기점",
        "DETAIL_SPO" : "분기점",
        "ETC_MATTER" : " ",
        "MNTN_NM" : "백운산",
        "PAST_SPOT_" : "4827021010017",
        "MNTN_ID" : "482702101"
      },
      "geometry" : {
        "x" : 379888.10430003516,
        "y" : 334714.79050000757
      }
    },
    {
      "attributes" : {
        "FID" : 17,
        "PMNTN_SPOT" : 37004,
        "MNTN_CODE" : "482706301",
        "MANAGE_SP1" : "02",
        "MANAGE_SP2" : "분기점",
        "DETAIL_SPO" : "분기점",
        "ETC_MATTER" : " ",
        "MNTN_NM" : "백운산",
        "PAST_SPOT_" : "4827021010018",
        "MNTN_ID" : "482702101"
      },
      "geometry" : {
        "x" : 379893.0843000384,
        "y" : 334959.88460000232
      }
    },
    {
      "attributes" : {
        "FID" : 18,
        "PMNTN_SPOT" : 37005,
        "MNTN_CODE" : "482706301",
        "MANAGE_SP1" : "02",
        "MANAGE_SP2" : "분기점",
        "DETAIL_SPO" : "분기점",
        "ETC_MATTER" : " ",
        "MNTN_NM" : "백운산",
        "PAST_SPOT_" : "4827021010019",
        "MNTN_ID" : "482702101"
      },
      "geometry" : {
        "x" : 379969.65670003742,
        "y" : 335312.69640000351
      }
    },
    {
      "attributes" : {
        "FID" : 19,
        "PMNTN_SPOT" : 37006,
        "MNTN_CODE" : "482706301",
        "MANAGE_SP1" : "02",
        "MANAGE_SP2" : "분기점",
        "DETAIL_SPO" : "분기점",
        "ETC_MATTER" : " ",
        "MNTN_NM" : "백운산",
        "PAST_SPOT_" : "4827021010020",
        "MNTN_ID" : "482702101"
      },
      "geometry" : {
        "x" : 379977.98900003824,
        "y" : 335085.45550000668
      }
    },
    {
      "attributes" : {
        "FID" : 20,
        "PMNTN_SPOT" : 37007,
        "MNTN_CODE" : "482706301",
        "MANAGE_SP1" : "01",
        "MANAGE_SP2" : "시종점",
        "DETAIL_SPO" : "시종점",
        "ETC_MATTER" : " ",
        "MNTN_NM" : "백운산",
        "PAST_SPOT_" : "4827021010021",
        "MNTN_ID" : "482702101"
      },
      "geometry" : {
        "x" : 380025.17990003806,
        "y" : 333873.4643000029
      }
    },
    {
      "attributes" : {
        "FID" : 21,
        "PMNTN_SPOT" : 37008,
        "MNTN_CODE" : "482706301",
        "MANAGE_SP1" : "01",
        "MANAGE_SP2" : "시종점",
        "DETAIL_SPO" : "시종점",
        "ETC_MATTER" : " ",
        "MNTN_NM" : "백운산",
        "PAST_SPOT_" : "4827021010022",
        "MNTN_ID" : "482702101"
      },
      "geometry" : {
        "x" : 380119.39610003773,
        "y" : 335562.9400000032
      }
    },
    {
      "attributes" : {
        "FID" : 22,
        "PMNTN_SPOT" : 37009,
        "MNTN_CODE" : "482706301",
        "MANAGE_SP1" : "02",
        "MANAGE_SP2" : "분기점",
        "DETAIL_SPO" : "분기점",
        "ETC_MATTER" : " ",
        "MNTN_NM" : "백운산",
        "PAST_SPOT_" : "4827021010023",
        "MNTN_ID" : "482702101"
      },
      "geometry" : {
        "x" : 380214.6731000375,
        "y" : 334401.84480000287
      }
    },
    {
      "attributes" : {
        "FID" : 23,
        "PMNTN_SPOT" : 37010,
        "MNTN_CODE" : "482706301",
        "MANAGE_SP1" : "01",
        "MANAGE_SP2" : "시종점",
        "DETAIL_SPO" : "시종점",
        "ETC_MATTER" : " ",
        "MNTN_NM" : "백운산",
        "PAST_SPOT_" : "4827021010024",
        "MNTN_ID" : "482702101"
      },
      "geometry" : {
        "x" : 380293.9977000393,
        "y" : 333927.83180000447
      }
    },
    {
      "attributes" : {
        "FID" : 24,
        "PMNTN_SPOT" : 37011,
        "MNTN_CODE" : "482706301",
        "MANAGE_SP1" : "02",
        "MANAGE_SP2" : "분기점",
        "DETAIL_SPO" : "분기점",
        "ETC_MATTER" : " ",
        "MNTN_NM" : "백운산",
        "PAST_SPOT_" : "4827021010025",
        "MNTN_ID" : "482702101"
      },
      "geometry" : {
        "x" : 380329.46810003649,
        "y" : 334588.22550000623
      }
    },
    {
      "attributes" : {
        "FID" : 25,
        "PMNTN_SPOT" : 37012,
        "MNTN_CODE" : "482706301",
        "MANAGE_SP1" : "01",
        "MANAGE_SP2" : "시종점",
        "DETAIL_SPO" : "시종점",
        "ETC_MATTER" : " ",
        "MNTN_NM" : "백운산",
        "PAST_SPOT_" : "4827021010026",
        "MNTN_ID" : "482702101"
      },
      "geometry" : {
        "x" : 380343.48070003837,
        "y" : 335681.83890000172
      }
    },
    {
      "attributes" : {
        "FID" : 26,
        "PMNTN_SPOT" : 37013,
        "MNTN_CODE" : "482706301",
        "MANAGE_SP1" : "01",
        "MANAGE_SP2" : "시종점",
        "DETAIL_SPO" : "시종점",
        "ETC_MATTER" : " ",
        "MNTN_NM" : "백운산",
        "PAST_SPOT_" : "4827021010027",
        "MNTN_ID" : "482702101"
      },
      "geometry" : {
        "x" : 380380.89810003806,
        "y" : 335159.87120000832
      }
    },
    {
      "attributes" : {
        "FID" : 27,
        "PMNTN_SPOT" : 37014,
        "MNTN_CODE" : "482706301",
        "MANAGE_SP1" : "01",
        "MANAGE_SP2" : "시종점",
        "DETAIL_SPO" : "시종점",
        "ETC_MATTER" : " ",
        "MNTN_NM" : "백운산",
        "PAST_SPOT_" : "4827021010028",
        "MNTN_ID" : "482702101"
      },
      "geometry" : {
        "x" : 380399.9707000386,
        "y" : 335137.71979999915
      }
    },
    {
      "attributes" : {
        "FID" : 28,
        "PMNTN_SPOT" : 37015,
        "MNTN_CODE" : "482706301",
        "MANAGE_SP1" : "02",
        "MANAGE_SP2" : "분기점",
        "DETAIL_SPO" : "분기점",
        "ETC_MATTER" : " ",
        "MNTN_NM" : "백운산",
        "PAST_SPOT_" : "4827021010029",
        "MNTN_ID" : "482702101"
      },
      "geometry" : {
        "x" : 380456.51650003809,
        "y" : 334198.69640000723
      }
    },
    {
      "attributes" : {
        "FID" : 29,
        "PMNTN_SPOT" : 37016,
        "MNTN_CODE" : "482706301",
        "MANAGE_SP1" : "01",
        "MANAGE_SP2" : "시종점",
        "DETAIL_SPO" : "시종점",
        "ETC_MATTER" : " ",
        "MNTN_NM" : "백운산",
        "PAST_SPOT_" : "4827021010030",
        "MNTN_ID" : "482702101"
      },
      "geometry" : {
        "x" : 380623.42860003654,
        "y" : 334999.074400004
      }
    },
    {
      "attributes" : {
        "FID" : 30,
        "PMNTN_SPOT" : 37017,
        "MNTN_CODE" : "482706301",
        "MANAGE_SP1" : "01",
        "MANAGE_SP2" : "시종점",
        "DETAIL_SPO" : "시종점",
        "ETC_MATTER" : " ",
        "MNTN_NM" : "백운산",
        "PAST_SPOT_" : "4827021010031",
        "MNTN_ID" : "482702101"
      },
      "geometry" : {
        "x" : 380745.90650003776,
        "y" : 334941.73170000501
      }
    },
    {
      "attributes" : {
        "FID" : 31,
        "PMNTN_SPOT" : 37018,
        "MNTN_CODE" : "482706301",
        "MANAGE_SP1" : "01",
        "MANAGE_SP2" : "시종점",
        "DETAIL_SPO" : "시종점",
        "ETC_MATTER" : " ",
        "MNTN_NM" : "백운산",
        "PAST_SPOT_" : "4827021010032",
        "MNTN_ID" : "482702101"
      },
      "geometry" : {
        "x" : 380817.50260003749,
        "y" : 334637.8302999977
      }
    },
    {
      "attributes" : {
        "FID" : 32,
        "PMNTN_SPOT" : 37019,
        "MNTN_CODE" : "482706301",
        "MANAGE_SP1" : "01",
        "MANAGE_SP2" : "시종점",
        "DETAIL_SPO" : "시종점",
        "ETC_MATTER" : " ",
        "MNTN_NM" : "백운산",
        "PAST_SPOT_" : "4827021010033",
        "MNTN_ID" : "482702101"
      },
      "geometry" : {
        "x" : 380925.28410004079,
        "y" : 333938.25100000389
      }
    }
  ]
}