{
  "displayFieldName" : "",
  "fieldAliases" : {
    "FID" : "FID",
    "PMNTN_SPOT" : "PMNTN_SPOT",
    "MNTN_CODE" : "MNTN_CODE",
    "MANAGE_SP1" : "MANAGE_SP1",
    "MANAGE_SP2" : "MANAGE_SP2",
    "DETAIL_SPO" : "DETAIL_SPO",
    "ETC_MATTER" : "ETC_MATTER",
    "MNTN_NM" : "MNTN_NM",
    "PAST_SPOT_" : "PAST_SPOT_",
    "MNTN_ID" : "MNTN_ID"
  },
  "geometryType" : "esriGeometryPoint",
  "spatialReference" : {
    "wkt" : "PROJCS[\"PCS_ITRF2000_TM\",GEOGCS[\"GCS_ITRF_2000\",DATUM[\"D_ITRF_2000\",SPHEROID[\"GRS_1980\",6378137.0,298.257222101]],PRIMEM[\"Greenwich\",0.0],UNIT[\"Degree\",0.0174532925199433]],PROJECTION[\"Transverse_Mercator\"],PARAMETER[\"False_Easting\",200000.0],PARAMETER[\"False_Northing\",600000.0],PARAMETER[\"Central_Meridian\",127.0],PARAMETER[\"Scale_Factor\",1.0],PARAMETER[\"Latitude_Of_Origin\",38.0],UNIT[\"Meter\",1.0]]"
  },
  "fields" : [
    {
      "name" : "FID",
      "type" : "esriFieldTypeOID",
      "alias" : "FID"
    },
    {
      "name" : "PMNTN_SPOT",
      "type" : "esriFieldTypeDouble",
      "alias" : "PMNTN_SPOT"
    },
    {
      "name" : "MNTN_CODE",
      "type" : "esriFieldTypeString",
      "alias" : "MNTN_CODE",
      "length" : 9
    },
    {
      "name" : "MANAGE_SP1",
      "type" : "esriFieldTypeString",
      "alias" : "MANAGE_SP1",
      "length" : 2
    },
    {
      "name" : "MANAGE_SP2",
      "type" : "esriFieldTypeString",
      "alias" : "MANAGE_SP2",
      "length" : 50
    },
    {
      "name" : "DETAIL_SPO",
      "type" : "esriFieldTypeString",
      "alias" : "DETAIL_SPO",
      "length" : 200
    },
    {
      "name" : "ETC_MATTER",
      "type" : "esriFieldTypeString",
      "alias" : "ETC_MATTER",
      "length" : 200
    },
    {
      "name" : "MNTN_NM",
      "type" : "esriFieldTypeString",
      "alias" : "MNTN_NM",
      "length" : 50
    },
    {
      "name" : "PAST_SPOT_",
      "type" : "esriFieldTypeString",
      "alias" : "PAST_SPOT_",
      "length" : 14
    },
    {
      "name" : "MNTN_ID",
      "type" : "esriFieldTypeString",
      "alias" : "MNTN_ID",
      "length" : 10
    }
  ],
  "features" : [
    {
      "attributes" : {
        "FID" : 0,
        "PMNTN_SPOT" : 50392,
        "MNTN_CODE" : "441301601",
        "MANAGE_SP1" : "01",
        "MANAGE_SP2" : "시종점",
        "DETAIL_SPO" : "시종점",
        "ETC_MATTER" : " ",
        "MNTN_NM" : "서림산",
        "PAST_SPOT_" : "4413016010001",
        "MNTN_ID" : "441301601"
      },
      "geometry" : {
        "x" : 231422.20310000051,
        "y" : 464011.0821000021
      }
    },
    {
      "attributes" : {
        "FID" : 1,
        "PMNTN_SPOT" : 50393,
        "MNTN_CODE" : "441301601",
        "MANAGE_SP1" : "01",
        "MANAGE_SP2" : "시종점",
        "DETAIL_SPO" : "시종점",
        "ETC_MATTER" : " ",
        "MNTN_NM" : "서림산",
        "PAST_SPOT_" : "4413016010002",
        "MNTN_ID" : "441301601"
      },
      "geometry" : {
        "x" : 231881.16810000129,
        "y" : 462474.75820000097
      }
    },
    {
      "attributes" : {
        "FID" : 2,
        "PMNTN_SPOT" : 50394,
        "MNTN_CODE" : "441301601",
        "MANAGE_SP1" : "02",
        "MANAGE_SP2" : "분기점",
        "DETAIL_SPO" : "분기점",
        "ETC_MATTER" : " ",
        "MNTN_NM" : "서림산",
        "PAST_SPOT_" : "4413016010003",
        "MNTN_ID" : "441301601"
      },
      "geometry" : {
        "x" : 231924.35759999976,
        "y" : 462962.06770000234
      }
    },
    {
      "attributes" : {
        "FID" : 3,
        "PMNTN_SPOT" : 50395,
        "MNTN_CODE" : "441301601",
        "MANAGE_SP1" : "02",
        "MANAGE_SP2" : "분기점",
        "DETAIL_SPO" : "분기점",
        "ETC_MATTER" : " ",
        "MNTN_NM" : "서림산",
        "PAST_SPOT_" : "4413016010004",
        "MNTN_ID" : "441301601"
      },
      "geometry" : {
        "x" : 231972.87060000002,
        "y" : 462551.97570000216
      }
    },
    {
      "attributes" : {
        "FID" : 4,
        "PMNTN_SPOT" : 50396,
        "MNTN_CODE" : "441301601",
        "MANAGE_SP1" : "01",
        "MANAGE_SP2" : "시종점",
        "DETAIL_SPO" : "시종점",
        "ETC_MATTER" : " ",
        "MNTN_NM" : "서림산",
        "PAST_SPOT_" : "4413016010005",
        "MNTN_ID" : "441301601"
      },
      "geometry" : {
        "x" : 231991.63920000102,
        "y" : 462455.68510000035
      }
    },
    {
      "attributes" : {
        "FID" : 5,
        "PMNTN_SPOT" : 50397,
        "MNTN_CODE" : "441301601",
        "MANAGE_SP1" : "02",
        "MANAGE_SP2" : "분기점",
        "DETAIL_SPO" : "분기점",
        "ETC_MATTER" : " ",
        "MNTN_NM" : "서림산",
        "PAST_SPOT_" : "4413016010006",
        "MNTN_ID" : "441301601"
      },
      "geometry" : {
        "x" : 232079.61070000101,
        "y" : 463249.8451000005
      }
    },
    {
      "attributes" : {
        "FID" : 6,
        "PMNTN_SPOT" : 50398,
        "MNTN_CODE" : "441301601",
        "MANAGE_SP1" : "02",
        "MANAGE_SP2" : "분기점",
        "DETAIL_SPO" : "분기점",
        "ETC_MATTER" : " ",
        "MNTN_NM" : "서림산",
        "PAST_SPOT_" : "4413016010007",
        "MNTN_ID" : "441301601"
      },
      "geometry" : {
        "x" : 232082.61530000065,
        "y" : 463673.86580000445
      }
    },
    {
      "attributes" : {
        "FID" : 7,
        "PMNTN_SPOT" : 50399,
        "MNTN_CODE" : "441301601",
        "MANAGE_SP1" : "01",
        "MANAGE_SP2" : "시종점",
        "DETAIL_SPO" : "시종점",
        "ETC_MATTER" : " ",
        "MNTN_NM" : "서림산",
        "PAST_SPOT_" : "4413016010008",
        "MNTN_ID" : "441301601"
      },
      "geometry" : {
        "x" : 232096.68489999976,
        "y" : 463759.14760000259
      }
    }
  ]
}