{
  "displayFieldName" : "",
  "fieldAliases" : {
    "FID" : "FID",
    "PMNTN_SPOT" : "PMNTN_SPOT",
    "MNTN_CODE" : "MNTN_CODE",
    "MANAGE_SP1" : "MANAGE_SP1",
    "MANAGE_SP2" : "MANAGE_SP2",
    "DETAIL_SPO" : "DETAIL_SPO",
    "ETC_MATTER" : "ETC_MATTER",
    "MNTN_NM" : "MNTN_NM",
    "PAST_SPOT_" : "PAST_SPOT_",
    "MNTN_ID" : "MNTN_ID"
  },
  "geometryType" : "esriGeometryPoint",
  "spatialReference" : {
    "wkt" : "PROJCS[\"PCS_ITRF2000_TM\",GEOGCS[\"GCS_ITRF_2000\",DATUM[\"D_ITRF_2000\",SPHEROID[\"GRS_1980\",6378137.0,298.257222101]],PRIMEM[\"Greenwich\",0.0],UNIT[\"Degree\",0.0174532925199433]],PROJECTION[\"Transverse_Mercator\"],PARAMETER[\"False_Easting\",200000.0],PARAMETER[\"False_Northing\",600000.0],PARAMETER[\"Central_Meridian\",127.0],PARAMETER[\"Scale_Factor\",1.0],PARAMETER[\"Latitude_Of_Origin\",38.0],UNIT[\"Meter\",1.0]]"
  },
  "fields" : [
    {
      "name" : "FID",
      "type" : "esriFieldTypeOID",
      "alias" : "FID"
    },
    {
      "name" : "PMNTN_SPOT",
      "type" : "esriFieldTypeDouble",
      "alias" : "PMNTN_SPOT"
    },
    {
      "name" : "MNTN_CODE",
      "type" : "esriFieldTypeString",
      "alias" : "MNTN_CODE",
      "length" : 9
    },
    {
      "name" : "MANAGE_SP1",
      "type" : "esriFieldTypeString",
      "alias" : "MANAGE_SP1",
      "length" : 2
    },
    {
      "name" : "MANAGE_SP2",
      "type" : "esriFieldTypeString",
      "alias" : "MANAGE_SP2",
      "length" : 50
    },
    {
      "name" : "DETAIL_SPO",
      "type" : "esriFieldTypeString",
      "alias" : "DETAIL_SPO",
      "length" : 200
    },
    {
      "name" : "ETC_MATTER",
      "type" : "esriFieldTypeString",
      "alias" : "ETC_MATTER",
      "length" : 200
    },
    {
      "name" : "MNTN_NM",
      "type" : "esriFieldTypeString",
      "alias" : "MNTN_NM",
      "length" : 50
    },
    {
      "name" : "PAST_SPOT_",
      "type" : "esriFieldTypeString",
      "alias" : "PAST_SPOT_",
      "length" : 14
    },
    {
      "name" : "MNTN_ID",
      "type" : "esriFieldTypeString",
      "alias" : "MNTN_ID",
      "length" : 10
    }
  ],
  "features" : [
    {
      "attributes" : {
        "FID" : 0,
        "PMNTN_SPOT" : 1134,
        "MNTN_CODE" : "282600101",
        "MANAGE_SP1" : "99",
        "MANAGE_SP2" : "기타",
        "DETAIL_SPO" : "전경사진",
        "ETC_MATTER" : " ",
        "MNTN_NM" : "가현산",
        "PAST_SPOT_" : "21100701000001",
        "MNTN_ID" : "2110070100"
      },
      "geometry" : {
        "x" : 169117.36870000232,
        "y" : 556389.50300000235
      }
    },
    {
      "attributes" : {
        "FID" : 1,
        "PMNTN_SPOT" : 1135,
        "MNTN_CODE" : "282600101",
        "MANAGE_SP1" : "99",
        "MANAGE_SP2" : "기타",
        "DETAIL_SPO" : "금곡노인정",
        "ETC_MATTER" : " ",
        "MNTN_NM" : "가현산",
        "PAST_SPOT_" : "21100701000002",
        "MNTN_ID" : "2110070100"
      },
      "geometry" : {
        "x" : 169141.31190000288,
        "y" : 556707.31640000269
      }
    },
    {
      "attributes" : {
        "FID" : 2,
        "PMNTN_SPOT" : 1136,
        "MNTN_CODE" : "282600101",
        "MANAGE_SP1" : "99",
        "MANAGE_SP2" : "기타",
        "DETAIL_SPO" : "기타",
        "ETC_MATTER" : " ",
        "MNTN_NM" : "가현산",
        "PAST_SPOT_" : "21100701000003",
        "MNTN_ID" : "2110070100"
      },
      "geometry" : {
        "x" : 169307.55879999977,
        "y" : 557310.14880000427
      }
    },
    {
      "attributes" : {
        "FID" : 3,
        "PMNTN_SPOT" : 1137,
        "MNTN_CODE" : "282600101",
        "MANAGE_SP1" : "99",
        "MANAGE_SP2" : "기타",
        "DETAIL_SPO" : "영풍운수사무실",
        "ETC_MATTER" : " ",
        "MNTN_NM" : "가현산",
        "PAST_SPOT_" : "21100701000004",
        "MNTN_ID" : "2110070100"
      },
      "geometry" : {
        "x" : 169546.13669999968,
        "y" : 557323.19470000081
      }
    },
    {
      "attributes" : {
        "FID" : 4,
        "PMNTN_SPOT" : 1138,
        "MNTN_CODE" : "282600101",
        "MANAGE_SP1" : "99",
        "MANAGE_SP2" : "기타",
        "DETAIL_SPO" : "기타",
        "ETC_MATTER" : " ",
        "MNTN_NM" : "가현산",
        "PAST_SPOT_" : "21100701000005",
        "MNTN_ID" : "2110070100"
      },
      "geometry" : {
        "x" : 169305.35259999987,
        "y" : 557690.33799999952
      }
    },
    {
      "attributes" : {
        "FID" : 5,
        "PMNTN_SPOT" : 1139,
        "MNTN_CODE" : "282600101",
        "MANAGE_SP1" : "99",
        "MANAGE_SP2" : "기타",
        "DETAIL_SPO" : "전경사진",
        "ETC_MATTER" : " ",
        "MNTN_NM" : "가현산",
        "PAST_SPOT_" : "21100701000006",
        "MNTN_ID" : "2110070100"
      },
      "geometry" : {
        "x" : 169139.91440000106,
        "y" : 557828.52950000018
      }
    },
    {
      "attributes" : {
        "FID" : 6,
        "PMNTN_SPOT" : 1140,
        "MNTN_CODE" : "282600101",
        "MANAGE_SP1" : "99",
        "MANAGE_SP2" : "기타",
        "DETAIL_SPO" : "군사보호시설",
        "ETC_MATTER" : " ",
        "MNTN_NM" : "가현산",
        "PAST_SPOT_" : "21100701000007",
        "MNTN_ID" : "2110070100"
      },
      "geometry" : {
        "x" : 169056.93480000366,
        "y" : 557970.07770000212
      }
    },
    {
      "attributes" : {
        "FID" : 7,
        "PMNTN_SPOT" : 1141,
        "MNTN_CODE" : "282600101",
        "MANAGE_SP1" : "99",
        "MANAGE_SP2" : "기타",
        "DETAIL_SPO" : "계단",
        "ETC_MATTER" : " ",
        "MNTN_NM" : "가현산",
        "PAST_SPOT_" : "21100701000008",
        "MNTN_ID" : "2110070100"
      },
      "geometry" : {
        "x" : 169127.5400000019,
        "y" : 558282.57810000144
      }
    },
    {
      "attributes" : {
        "FID" : 8,
        "PMNTN_SPOT" : 1142,
        "MNTN_CODE" : "282600101",
        "MANAGE_SP1" : "99",
        "MANAGE_SP2" : "기타",
        "DETAIL_SPO" : "계단",
        "ETC_MATTER" : " ",
        "MNTN_NM" : "가현산",
        "PAST_SPOT_" : "21100701000009",
        "MNTN_ID" : "2110070100"
      },
      "geometry" : {
        "x" : 169138.88340000063,
        "y" : 558372.07300000452
      }
    },
    {
      "attributes" : {
        "FID" : 9,
        "PMNTN_SPOT" : 1143,
        "MNTN_CODE" : "282600101",
        "MANAGE_SP1" : "99",
        "MANAGE_SP2" : "기타",
        "DETAIL_SPO" : "공동묘지",
        "ETC_MATTER" : " ",
        "MNTN_NM" : "가현산",
        "PAST_SPOT_" : "21100701000010",
        "MNTN_ID" : "2110070100"
      },
      "geometry" : {
        "x" : 169154.73020000104,
        "y" : 558183.22720000334
      }
    },
    {
      "attributes" : {
        "FID" : 10,
        "PMNTN_SPOT" : 1144,
        "MNTN_CODE" : "282600101",
        "MANAGE_SP1" : "06",
        "MANAGE_SP2" : "음수대",
        "DETAIL_SPO" : "가현약수터,비석",
        "ETC_MATTER" : " ",
        "MNTN_NM" : "가현산",
        "PAST_SPOT_" : "21100701000011",
        "MNTN_ID" : "2110070100"
      },
      "geometry" : {
        "x" : 169265.70540000126,
        "y" : 558307.5017000027
      }
    },
    {
      "attributes" : {
        "FID" : 11,
        "PMNTN_SPOT" : 1145,
        "MNTN_CODE" : "282600101",
        "MANAGE_SP1" : "99",
        "MANAGE_SP2" : "기타",
        "DETAIL_SPO" : "목계단",
        "ETC_MATTER" : " ",
        "MNTN_NM" : "가현산",
        "PAST_SPOT_" : "21100701000012",
        "MNTN_ID" : "2110070100"
      },
      "geometry" : {
        "x" : 169280.18530000094,
        "y" : 558324.55169999972
      }
    },
    {
      "attributes" : {
        "FID" : 12,
        "PMNTN_SPOT" : 1146,
        "MNTN_CODE" : "282600101",
        "MANAGE_SP1" : "99",
        "MANAGE_SP2" : "기타",
        "DETAIL_SPO" : "전경사진",
        "ETC_MATTER" : " ",
        "MNTN_NM" : "가현산",
        "PAST_SPOT_" : "21100701000013",
        "MNTN_ID" : "2110070100"
      },
      "geometry" : {
        "x" : 169266.29670000076,
        "y" : 558499.43830000237
      }
    },
    {
      "attributes" : {
        "FID" : 13,
        "PMNTN_SPOT" : 1147,
        "MNTN_CODE" : "282600101",
        "MANAGE_SP1" : "99",
        "MANAGE_SP2" : "기타",
        "DETAIL_SPO" : "송전탑,전경사진",
        "ETC_MATTER" : " ",
        "MNTN_NM" : "가현산",
        "PAST_SPOT_" : "21100701000014",
        "MNTN_ID" : "2110070100"
      },
      "geometry" : {
        "x" : 169109.58470000047,
        "y" : 558591.81399999931
      }
    },
    {
      "attributes" : {
        "FID" : 14,
        "PMNTN_SPOT" : 1148,
        "MNTN_CODE" : "282600101",
        "MANAGE_SP1" : "99",
        "MANAGE_SP2" : "기타",
        "DETAIL_SPO" : "전경사진",
        "ETC_MATTER" : " ",
        "MNTN_NM" : "가현산",
        "PAST_SPOT_" : "21100701000015",
        "MNTN_ID" : "2110070100"
      },
      "geometry" : {
        "x" : 168917.14489999879,
        "y" : 558668.7218000032
      }
    },
    {
      "attributes" : {
        "FID" : 15,
        "PMNTN_SPOT" : 1149,
        "MNTN_CODE" : "282600101",
        "MANAGE_SP1" : "99",
        "MANAGE_SP2" : "기타",
        "DETAIL_SPO" : "군사보호시설",
        "ETC_MATTER" : "진달래군락지",
        "MNTN_NM" : "가현산",
        "PAST_SPOT_" : "21100701000016",
        "MNTN_ID" : "2110070100"
      },
      "geometry" : {
        "x" : 168852.39509999938,
        "y" : 558699.61089999974
      }
    },
    {
      "attributes" : {
        "FID" : 16,
        "PMNTN_SPOT" : 1150,
        "MNTN_CODE" : "282600101",
        "MANAGE_SP1" : "99",
        "MANAGE_SP2" : "기타",
        "DETAIL_SPO" : "가현정,비석",
        "ETC_MATTER" : " ",
        "MNTN_NM" : "가현산",
        "PAST_SPOT_" : "21100701000017",
        "MNTN_ID" : "2110070100"
      },
      "geometry" : {
        "x" : 168727.57680000365,
        "y" : 558829.26700000279
      }
    },
    {
      "attributes" : {
        "FID" : 17,
        "PMNTN_SPOT" : 1151,
        "MNTN_CODE" : "282600101",
        "MANAGE_SP1" : "99",
        "MANAGE_SP2" : "기타",
        "DETAIL_SPO" : "우물",
        "ETC_MATTER" : " ",
        "MNTN_NM" : "가현산",
        "PAST_SPOT_" : "21100701000018",
        "MNTN_ID" : "2110070100"
      },
      "geometry" : {
        "x" : 169154.67420000117,
        "y" : 557622.55079999939
      }
    },
    {
      "attributes" : {
        "FID" : 18,
        "PMNTN_SPOT" : 1152,
        "MNTN_CODE" : "282600101",
        "MANAGE_SP1" : "99",
        "MANAGE_SP2" : "기타",
        "DETAIL_SPO" : "약사궁",
        "ETC_MATTER" : " ",
        "MNTN_NM" : "가현산",
        "PAST_SPOT_" : "21100701000019",
        "MNTN_ID" : "2110070100"
      },
      "geometry" : {
        "x" : 169058.46320000105,
        "y" : 558297.67640000023
      }
    },
    {
      "attributes" : {
        "FID" : 19,
        "PMNTN_SPOT" : 1153,
        "MNTN_CODE" : "282600101",
        "MANAGE_SP1" : "99",
        "MANAGE_SP2" : "기타",
        "DETAIL_SPO" : "기타",
        "ETC_MATTER" : "1-2구간",
        "MNTN_NM" : "가현산",
        "PAST_SPOT_" : "21100701000020",
        "MNTN_ID" : "2110070100"
      },
      "geometry" : {
        "x" : 169001.9000000013,
        "y" : 558360.79909999855
      }
    },
    {
      "attributes" : {
        "FID" : 20,
        "PMNTN_SPOT" : 1154,
        "MNTN_CODE" : "282600101",
        "MANAGE_SP1" : "99",
        "MANAGE_SP2" : "기타",
        "DETAIL_SPO" : "기타",
        "ETC_MATTER" : " ",
        "MNTN_NM" : "가현산",
        "PAST_SPOT_" : "21100701000021",
        "MNTN_ID" : "2110070100"
      },
      "geometry" : {
        "x" : 168943.10740000289,
        "y" : 558624.1827000007
      }
    },
    {
      "attributes" : {
        "FID" : 21,
        "PMNTN_SPOT" : 1155,
        "MNTN_CODE" : "282600101",
        "MANAGE_SP1" : "99",
        "MANAGE_SP2" : "기타",
        "DETAIL_SPO" : "전경사진",
        "ETC_MATTER" : " ",
        "MNTN_NM" : "가현산",
        "PAST_SPOT_" : "21100701000022",
        "MNTN_ID" : "2110070100"
      },
      "geometry" : {
        "x" : 168768.26480000094,
        "y" : 558820.37780000269
      }
    },
    {
      "attributes" : {
        "FID" : 22,
        "PMNTN_SPOT" : 1156,
        "MNTN_CODE" : "282600101",
        "MANAGE_SP1" : "99",
        "MANAGE_SP2" : "기타",
        "DETAIL_SPO" : "기타",
        "ETC_MATTER" : " ",
        "MNTN_NM" : "가현산",
        "PAST_SPOT_" : "21100701000023",
        "MNTN_ID" : "2110070100"
      },
      "geometry" : {
        "x" : 168864.53990000021,
        "y" : 559003.1734000016
      }
    },
    {
      "attributes" : {
        "FID" : 23,
        "PMNTN_SPOT" : 1157,
        "MNTN_CODE" : "282600101",
        "MANAGE_SP1" : "99",
        "MANAGE_SP2" : "기타",
        "DETAIL_SPO" : "훈련장,전경사진",
        "ETC_MATTER" : " ",
        "MNTN_NM" : "가현산",
        "PAST_SPOT_" : "21100701000024",
        "MNTN_ID" : "2110070100"
      },
      "geometry" : {
        "x" : 168985.12640000135,
        "y" : 559023.0418999996
      }
    },
    {
      "attributes" : {
        "FID" : 24,
        "PMNTN_SPOT" : 1158,
        "MNTN_CODE" : "282600101",
        "MANAGE_SP1" : "99",
        "MANAGE_SP2" : "기타",
        "DETAIL_SPO" : "기타",
        "ETC_MATTER" : " ",
        "MNTN_NM" : "가현산",
        "PAST_SPOT_" : "21100701000025",
        "MNTN_ID" : "2110070100"
      },
      "geometry" : {
        "x" : 169302.18320000172,
        "y" : 558274.25700000301
      }
    },
    {
      "attributes" : {
        "FID" : 25,
        "PMNTN_SPOT" : 1159,
        "MNTN_CODE" : "282600101",
        "MANAGE_SP1" : "99",
        "MANAGE_SP2" : "기타",
        "DETAIL_SPO" : "군사시설,돌다리",
        "ETC_MATTER" : "돌다리폭 1.2m",
        "MNTN_NM" : "가현산",
        "PAST_SPOT_" : "21100701000026",
        "MNTN_ID" : "2110070100"
      },
      "geometry" : {
        "x" : 169376.04250000138,
        "y" : 558127.4952000007
      }
    },
    {
      "attributes" : {
        "FID" : 26,
        "PMNTN_SPOT" : 1160,
        "MNTN_CODE" : "282600101",
        "MANAGE_SP1" : "99",
        "MANAGE_SP2" : "기타",
        "DETAIL_SPO" : "전경사진",
        "ETC_MATTER" : " ",
        "MNTN_NM" : "가현산",
        "PAST_SPOT_" : "21100701000027",
        "MNTN_ID" : "2110070100"
      },
      "geometry" : {
        "x" : 168631.2098000031,
        "y" : 559027.65420000255
      }
    },
    {
      "attributes" : {
        "FID" : 27,
        "PMNTN_SPOT" : 1161,
        "MNTN_CODE" : "282600101",
        "MANAGE_SP1" : "99",
        "MANAGE_SP2" : "기타",
        "DETAIL_SPO" : "기타",
        "ETC_MATTER" : " ",
        "MNTN_NM" : "가현산",
        "PAST_SPOT_" : "21100701000028",
        "MNTN_ID" : "2110070100"
      },
      "geometry" : {
        "x" : 168660.25019999966,
        "y" : 558964.46690000221
      }
    },
    {
      "attributes" : {
        "FID" : 28,
        "PMNTN_SPOT" : 1162,
        "MNTN_CODE" : "282600101",
        "MANAGE_SP1" : "99",
        "MANAGE_SP2" : "기타",
        "DETAIL_SPO" : "삼형제바위,전경사진",
        "ETC_MATTER" : " ",
        "MNTN_NM" : "가현산",
        "PAST_SPOT_" : "21100701000029",
        "MNTN_ID" : "2110070100"
      },
      "geometry" : {
        "x" : 168697.24000000395,
        "y" : 558848.83889999986
      }
    },
    {
      "attributes" : {
        "FID" : 29,
        "PMNTN_SPOT" : 1163,
        "MNTN_CODE" : "282600101",
        "MANAGE_SP1" : "99",
        "MANAGE_SP2" : "기타",
        "DETAIL_SPO" : "전경사진",
        "ETC_MATTER" : " ",
        "MNTN_NM" : "가현산",
        "PAST_SPOT_" : "21100701000030",
        "MNTN_ID" : "2110070100"
      },
      "geometry" : {
        "x" : 168582.66629999969,
        "y" : 558920.55370000005
      }
    },
    {
      "attributes" : {
        "FID" : 30,
        "PMNTN_SPOT" : 1164,
        "MNTN_CODE" : "282600101",
        "MANAGE_SP1" : "99",
        "MANAGE_SP2" : "기타",
        "DETAIL_SPO" : "전경사진",
        "ETC_MATTER" : " ",
        "MNTN_NM" : "가현산",
        "PAST_SPOT_" : "21100701000031",
        "MNTN_ID" : "2110070100"
      },
      "geometry" : {
        "x" : 168557.01320000272,
        "y" : 558651.73919999972
      }
    },
    {
      "attributes" : {
        "FID" : 31,
        "PMNTN_SPOT" : 1165,
        "MNTN_CODE" : "282600101",
        "MANAGE_SP1" : "99",
        "MANAGE_SP2" : "기타",
        "DETAIL_SPO" : "전경사진",
        "ETC_MATTER" : " ",
        "MNTN_NM" : "가현산",
        "PAST_SPOT_" : "21100701000032",
        "MNTN_ID" : "2110070100"
      },
      "geometry" : {
        "x" : 168888.67370000109,
        "y" : 558502.0521000009
      }
    },
    {
      "attributes" : {
        "FID" : 32,
        "PMNTN_SPOT" : 1166,
        "MNTN_CODE" : "282600101",
        "MANAGE_SP1" : "99",
        "MANAGE_SP2" : "기타",
        "DETAIL_SPO" : "전경사진",
        "ETC_MATTER" : " ",
        "MNTN_NM" : "가현산",
        "PAST_SPOT_" : "21100701000033",
        "MNTN_ID" : "2110070100"
      },
      "geometry" : {
        "x" : 168083.3135000011,
        "y" : 557733.85330000147
      }
    },
    {
      "attributes" : {
        "FID" : 33,
        "PMNTN_SPOT" : 1167,
        "MNTN_CODE" : "282600101",
        "MANAGE_SP1" : "99",
        "MANAGE_SP2" : "기타",
        "DETAIL_SPO" : "전경사진",
        "ETC_MATTER" : " ",
        "MNTN_NM" : "가현산",
        "PAST_SPOT_" : "21100701000034",
        "MNTN_ID" : "2110070100"
      },
      "geometry" : {
        "x" : 168176.37610000186,
        "y" : 557719.71980000101
      }
    },
    {
      "attributes" : {
        "FID" : 34,
        "PMNTN_SPOT" : 1168,
        "MNTN_CODE" : "282600101",
        "MANAGE_SP1" : "99",
        "MANAGE_SP2" : "기타",
        "DETAIL_SPO" : "가현교회,전경사진",
        "ETC_MATTER" : " ",
        "MNTN_NM" : "가현산",
        "PAST_SPOT_" : "21100701000035",
        "MNTN_ID" : "2110070100"
      },
      "geometry" : {
        "x" : 169558.92280000076,
        "y" : 558367.19409999996
      }
    },
    {
      "attributes" : {
        "FID" : 35,
        "PMNTN_SPOT" : 1169,
        "MNTN_CODE" : "282600101",
        "MANAGE_SP1" : "99",
        "MANAGE_SP2" : "기타",
        "DETAIL_SPO" : "전경사진",
        "ETC_MATTER" : " ",
        "MNTN_NM" : "가현산",
        "PAST_SPOT_" : "21100701000036",
        "MNTN_ID" : "2110070100"
      },
      "geometry" : {
        "x" : 169532.53579999972,
        "y" : 558293.10440000147
      }
    },
    {
      "attributes" : {
        "FID" : 36,
        "PMNTN_SPOT" : 1170,
        "MNTN_CODE" : "282600101",
        "MANAGE_SP1" : "99",
        "MANAGE_SP2" : "기타",
        "DETAIL_SPO" : "기타",
        "ETC_MATTER" : " ",
        "MNTN_NM" : "가현산",
        "PAST_SPOT_" : "21100701000037",
        "MNTN_ID" : "2110070100"
      },
      "geometry" : {
        "x" : 169655.87050000019,
        "y" : 558236.94299999997
      }
    },
    {
      "attributes" : {
        "FID" : 37,
        "PMNTN_SPOT" : 1171,
        "MNTN_CODE" : "282600101",
        "MANAGE_SP1" : "99",
        "MANAGE_SP2" : "기타",
        "DETAIL_SPO" : "기타",
        "ETC_MATTER" : " ",
        "MNTN_NM" : "가현산",
        "PAST_SPOT_" : "21100701000038",
        "MNTN_ID" : "2110070100"
      },
      "geometry" : {
        "x" : 167975.7770999996,
        "y" : 558773.14680000208
      }
    },
    {
      "attributes" : {
        "FID" : 38,
        "PMNTN_SPOT" : 1172,
        "MNTN_CODE" : "282600101",
        "MANAGE_SP1" : "99",
        "MANAGE_SP2" : "기타",
        "DETAIL_SPO" : "전경사진",
        "ETC_MATTER" : " ",
        "MNTN_NM" : "가현산",
        "PAST_SPOT_" : "21100701000039",
        "MNTN_ID" : "2110070100"
      },
      "geometry" : {
        "x" : 167790.47570000403,
        "y" : 558716.66249999963
      }
    },
    {
      "attributes" : {
        "FID" : 39,
        "PMNTN_SPOT" : 1173,
        "MNTN_CODE" : "282600101",
        "MANAGE_SP1" : "99",
        "MANAGE_SP2" : "기타",
        "DETAIL_SPO" : "기타",
        "ETC_MATTER" : " ",
        "MNTN_NM" : "가현산",
        "PAST_SPOT_" : "21100701000040",
        "MNTN_ID" : "2110070100"
      },
      "geometry" : {
        "x" : 167670.03930000309,
        "y" : 558649.12840000167
      }
    },
    {
      "attributes" : {
        "FID" : 40,
        "PMNTN_SPOT" : 1174,
        "MNTN_CODE" : "282600101",
        "MANAGE_SP1" : "01",
        "MANAGE_SP2" : "시종점",
        "DETAIL_SPO" : "시종점,전경사진",
        "ETC_MATTER" : " ",
        "MNTN_NM" : "가현산",
        "PAST_SPOT_" : "21100701000041",
        "MNTN_ID" : "2110070100"
      },
      "geometry" : {
        "x" : 167405.9383000005,
        "y" : 558624.45850000158
      }
    },
    {
      "attributes" : {
        "FID" : 41,
        "PMNTN_SPOT" : 1175,
        "MNTN_CODE" : "282600101",
        "MANAGE_SP1" : "01",
        "MANAGE_SP2" : "시종점",
        "DETAIL_SPO" : "시종점,묘각사입구",
        "ETC_MATTER" : " ",
        "MNTN_NM" : "가현산",
        "PAST_SPOT_" : "21100701000042",
        "MNTN_ID" : "2110070100"
      },
      "geometry" : {
        "x" : 168004.22070000321,
        "y" : 557607.35080000013
      }
    },
    {
      "attributes" : {
        "FID" : 42,
        "PMNTN_SPOT" : 1176,
        "MNTN_CODE" : "282600101",
        "MANAGE_SP1" : "01",
        "MANAGE_SP2" : "시종점",
        "DETAIL_SPO" : "시종점,구래 낚시터",
        "ETC_MATTER" : " ",
        "MNTN_NM" : "가현산",
        "PAST_SPOT_" : "21100701000043",
        "MNTN_ID" : "2110070100"
      },
      "geometry" : {
        "x" : 168222.38540000096,
        "y" : 559070.97120000049
      }
    },
    {
      "attributes" : {
        "FID" : 43,
        "PMNTN_SPOT" : 1177,
        "MNTN_CODE" : "282600101",
        "MANAGE_SP1" : "02",
        "MANAGE_SP2" : "분기점",
        "DETAIL_SPO" : "분기점",
        "ETC_MATTER" : " ",
        "MNTN_NM" : "가현산",
        "PAST_SPOT_" : "21100701000044",
        "MNTN_ID" : "2110070100"
      },
      "geometry" : {
        "x" : 168265.16260000225,
        "y" : 558972.82200000249
      }
    },
    {
      "attributes" : {
        "FID" : 44,
        "PMNTN_SPOT" : 1178,
        "MNTN_CODE" : "282600101",
        "MANAGE_SP1" : "99",
        "MANAGE_SP2" : "기타",
        "DETAIL_SPO" : "종점사진",
        "ETC_MATTER" : " ",
        "MNTN_NM" : "가현산",
        "PAST_SPOT_" : "21100701000045",
        "MNTN_ID" : "2110070100"
      },
      "geometry" : {
        "x" : 168330.6828000024,
        "y" : 558840.11209999956
      }
    },
    {
      "attributes" : {
        "FID" : 45,
        "PMNTN_SPOT" : 1179,
        "MNTN_CODE" : "282600101",
        "MANAGE_SP1" : "99",
        "MANAGE_SP2" : "기타",
        "DETAIL_SPO" : "사랑의 쉼터,전경사진",
        "ETC_MATTER" : " ",
        "MNTN_NM" : "가현산",
        "PAST_SPOT_" : "21100701000046",
        "MNTN_ID" : "2110070100"
      },
      "geometry" : {
        "x" : 168387.38110000268,
        "y" : 558749.05690000206
      }
    },
    {
      "attributes" : {
        "FID" : 46,
        "PMNTN_SPOT" : 1180,
        "MNTN_CODE" : "282600101",
        "MANAGE_SP1" : "99",
        "MANAGE_SP2" : "기타",
        "DETAIL_SPO" : "전경사진",
        "ETC_MATTER" : " ",
        "MNTN_NM" : "가현산",
        "PAST_SPOT_" : "21100701000047",
        "MNTN_ID" : "2110070100"
      },
      "geometry" : {
        "x" : 168432.20199999958,
        "y" : 558773.00860000029
      }
    },
    {
      "attributes" : {
        "FID" : 47,
        "PMNTN_SPOT" : 1181,
        "MNTN_CODE" : "282600101",
        "MANAGE_SP1" : "02",
        "MANAGE_SP2" : "분기점",
        "DETAIL_SPO" : "분기점",
        "ETC_MATTER" : " ",
        "MNTN_NM" : "가현산",
        "PAST_SPOT_" : "21100701000048",
        "MNTN_ID" : "2110070100"
      },
      "geometry" : {
        "x" : 168577.66010000091,
        "y" : 559101.02420000359
      }
    },
    {
      "attributes" : {
        "FID" : 48,
        "PMNTN_SPOT" : 1182,
        "MNTN_CODE" : "282600101",
        "MANAGE_SP1" : "02",
        "MANAGE_SP2" : "분기점",
        "DETAIL_SPO" : "약수터, 창고,비석",
        "ETC_MATTER" : " ",
        "MNTN_NM" : "가현산",
        "PAST_SPOT_" : "21100701000049",
        "MNTN_ID" : "2110070100"
      },
      "geometry" : {
        "x" : 168653.31819999963,
        "y" : 558923.36150000058
      }
    },
    {
      "attributes" : {
        "FID" : 49,
        "PMNTN_SPOT" : 1183,
        "MNTN_CODE" : "282600101",
        "MANAGE_SP1" : "02",
        "MANAGE_SP2" : "분기점",
        "DETAIL_SPO" : "분기점",
        "ETC_MATTER" : " ",
        "MNTN_NM" : "가현산",
        "PAST_SPOT_" : "21100701000050",
        "MNTN_ID" : "2110070100"
      },
      "geometry" : {
        "x" : 168663.50140000135,
        "y" : 558925.65159999765
      }
    },
    {
      "attributes" : {
        "FID" : 50,
        "PMNTN_SPOT" : 1184,
        "MNTN_CODE" : "282600101",
        "MANAGE_SP1" : "02",
        "MANAGE_SP2" : "분기점",
        "DETAIL_SPO" : "분기점",
        "ETC_MATTER" : "솔나무쉼터",
        "MNTN_NM" : "가현산",
        "PAST_SPOT_" : "21100701000051",
        "MNTN_ID" : "2110070100"
      },
      "geometry" : {
        "x" : 168706.91920000035,
        "y" : 558831.32090000436
      }
    },
    {
      "attributes" : {
        "FID" : 51,
        "PMNTN_SPOT" : 1185,
        "MNTN_CODE" : "282600101",
        "MANAGE_SP1" : "02",
        "MANAGE_SP2" : "분기점",
        "DETAIL_SPO" : "분기점",
        "ETC_MATTER" : "솔나무쉼터",
        "MNTN_NM" : "가현산",
        "PAST_SPOT_" : "21100701000052",
        "MNTN_ID" : "2110070100"
      },
      "geometry" : {
        "x" : 168747.05019999947,
        "y" : 558805.89590000175
      }
    },
    {
      "attributes" : {
        "FID" : 52,
        "PMNTN_SPOT" : 1186,
        "MNTN_CODE" : "282600101",
        "MANAGE_SP1" : "99",
        "MANAGE_SP2" : "기타",
        "DETAIL_SPO" : "전경(밧줄)사진",
        "ETC_MATTER" : "2-3-1구간",
        "MNTN_NM" : "가현산",
        "PAST_SPOT_" : "21100701000053",
        "MNTN_ID" : "2110070100"
      },
      "geometry" : {
        "x" : 168747.70322644245,
        "y" : 558878.12477070279
      }
    },
    {
      "attributes" : {
        "FID" : 53,
        "PMNTN_SPOT" : 1187,
        "MNTN_CODE" : "282600101",
        "MANAGE_SP1" : "99",
        "MANAGE_SP2" : "기타",
        "DETAIL_SPO" : "전경(밧줄)사진",
        "ETC_MATTER" : "2-3-1구간",
        "MNTN_NM" : "가현산",
        "PAST_SPOT_" : "21100701000054",
        "MNTN_ID" : "2110070100"
      },
      "geometry" : {
        "x" : 168749.91040000413,
        "y" : 558873.38924575038
      }
    },
    {
      "attributes" : {
        "FID" : 54,
        "PMNTN_SPOT" : 1188,
        "MNTN_CODE" : "282600101",
        "MANAGE_SP1" : "99",
        "MANAGE_SP2" : "기타",
        "DETAIL_SPO" : "전경(밧줄)사진",
        "ETC_MATTER" : "2-3-1구간",
        "MNTN_NM" : "가현산",
        "PAST_SPOT_" : "21100701000055",
        "MNTN_ID" : "2110070100"
      },
      "geometry" : {
        "x" : 168780.63360000309,
        "y" : 558874.37310000136
      }
    },
    {
      "attributes" : {
        "FID" : 55,
        "PMNTN_SPOT" : 1189,
        "MNTN_CODE" : "282600101",
        "MANAGE_SP1" : "06",
        "MANAGE_SP2" : "음수대",
        "DETAIL_SPO" : "가재약수터,전경사진",
        "ETC_MATTER" : " ",
        "MNTN_NM" : "가현산",
        "PAST_SPOT_" : "21100701000056",
        "MNTN_ID" : "2110070100"
      },
      "geometry" : {
        "x" : 168842.33700000029,
        "y" : 558972.26820000261
      }
    },
    {
      "attributes" : {
        "FID" : 56,
        "PMNTN_SPOT" : 1190,
        "MNTN_CODE" : "282600101",
        "MANAGE_SP1" : "02",
        "MANAGE_SP2" : "분기점",
        "DETAIL_SPO" : "분기점",
        "ETC_MATTER" : " ",
        "MNTN_NM" : "가현산",
        "PAST_SPOT_" : "21100701000057",
        "MNTN_ID" : "2110070100"
      },
      "geometry" : {
        "x" : 168863.64860000089,
        "y" : 558970.4784000013
      }
    },
    {
      "attributes" : {
        "FID" : 57,
        "PMNTN_SPOT" : 1191,
        "MNTN_CODE" : "282600101",
        "MANAGE_SP1" : "02",
        "MANAGE_SP2" : "분기점",
        "DETAIL_SPO" : "분기점",
        "ETC_MATTER" : " ",
        "MNTN_NM" : "가현산",
        "PAST_SPOT_" : "21100701000058",
        "MNTN_ID" : "2110070100"
      },
      "geometry" : {
        "x" : 168934.26599999983,
        "y" : 558648.70089999959
      }
    },
    {
      "attributes" : {
        "FID" : 58,
        "PMNTN_SPOT" : 1192,
        "MNTN_CODE" : "282600101",
        "MANAGE_SP1" : "02",
        "MANAGE_SP2" : "분기점",
        "DETAIL_SPO" : "분기점",
        "ETC_MATTER" : " ",
        "MNTN_NM" : "가현산",
        "PAST_SPOT_" : "21100701000059",
        "MNTN_ID" : "2110070100"
      },
      "geometry" : {
        "x" : 168942.26050000079,
        "y" : 558997.20879999921
      }
    },
    {
      "attributes" : {
        "FID" : 59,
        "PMNTN_SPOT" : 1193,
        "MNTN_CODE" : "282600101",
        "MANAGE_SP1" : "99",
        "MANAGE_SP2" : "기타",
        "DETAIL_SPO" : "가현산,헬기장,비석",
        "ETC_MATTER" : "높이 215.3m",
        "MNTN_NM" : "가현산",
        "PAST_SPOT_" : "21100701000060",
        "MNTN_ID" : "2110070100"
      },
      "geometry" : {
        "x" : 168952.84230000153,
        "y" : 558630.82859999873
      }
    },
    {
      "attributes" : {
        "FID" : 60,
        "PMNTN_SPOT" : 1194,
        "MNTN_CODE" : "282600101",
        "MANAGE_SP1" : "02",
        "MANAGE_SP2" : "분기점",
        "DETAIL_SPO" : "분기점",
        "ETC_MATTER" : "1-8구간",
        "MNTN_NM" : "가현산",
        "PAST_SPOT_" : "21100701000061",
        "MNTN_ID" : "2110070100"
      },
      "geometry" : {
        "x" : 168974.28920000046,
        "y" : 557809.87110000104
      }
    },
    {
      "attributes" : {
        "FID" : 61,
        "PMNTN_SPOT" : 1195,
        "MNTN_CODE" : "282600101",
        "MANAGE_SP1" : "02",
        "MANAGE_SP2" : "분기점",
        "DETAIL_SPO" : "분기점",
        "ETC_MATTER" : " ",
        "MNTN_NM" : "가현산",
        "PAST_SPOT_" : "21100701000062",
        "MNTN_ID" : "2110070100"
      },
      "geometry" : {
        "x" : 169005.79000000097,
        "y" : 558343.51410000026
      }
    },
    {
      "attributes" : {
        "FID" : 62,
        "PMNTN_SPOT" : 1196,
        "MNTN_CODE" : "282600101",
        "MANAGE_SP1" : "02",
        "MANAGE_SP2" : "분기점",
        "DETAIL_SPO" : "분기점",
        "ETC_MATTER" : " ",
        "MNTN_NM" : "가현산",
        "PAST_SPOT_" : "21100701000063",
        "MNTN_ID" : "2110070100"
      },
      "geometry" : {
        "x" : 169028.75989999995,
        "y" : 558566.77630000189
      }
    },
    {
      "attributes" : {
        "FID" : 63,
        "PMNTN_SPOT" : 1197,
        "MNTN_CODE" : "282600101",
        "MANAGE_SP1" : "99",
        "MANAGE_SP2" : "기타",
        "DETAIL_SPO" : "전경사진",
        "ETC_MATTER" : "1-9구간",
        "MNTN_NM" : "가현산",
        "PAST_SPOT_" : "21100701000064",
        "MNTN_ID" : "2110070100"
      },
      "geometry" : {
        "x" : 169049.70500000007,
        "y" : 558083.2835000027
      }
    },
    {
      "attributes" : {
        "FID" : 64,
        "PMNTN_SPOT" : 1198,
        "MNTN_CODE" : "282600101",
        "MANAGE_SP1" : "02",
        "MANAGE_SP2" : "분기점",
        "DETAIL_SPO" : " ",
        "ETC_MATTER" : " ",
        "MNTN_NM" : "가현산",
        "PAST_SPOT_" : "21100701000065",
        "MNTN_ID" : "2110070100"
      },
      "geometry" : {
        "x" : 169055.28330000211,
        "y" : 558567.92110000178
      }
    },
    {
      "attributes" : {
        "FID" : 65,
        "PMNTN_SPOT" : 1199,
        "MNTN_CODE" : "282600101",
        "MANAGE_SP1" : "99",
        "MANAGE_SP2" : "기타",
        "DETAIL_SPO" : "목다리,전경사진,타이어계단",
        "ETC_MATTER" : "2-1구간",
        "MNTN_NM" : "가현산",
        "PAST_SPOT_" : "21100701000066",
        "MNTN_ID" : "2110070100"
      },
      "geometry" : {
        "x" : 169095.49899999984,
        "y" : 558177.89919999987
      }
    },
    {
      "attributes" : {
        "FID" : 66,
        "PMNTN_SPOT" : 1200,
        "MNTN_CODE" : "282600101",
        "MANAGE_SP1" : "01",
        "MANAGE_SP2" : "시종점",
        "DETAIL_SPO" : "시종점,새날기도원",
        "ETC_MATTER" : " ",
        "MNTN_NM" : "가현산",
        "PAST_SPOT_" : "21100701000067",
        "MNTN_ID" : "2110070100"
      },
      "geometry" : {
        "x" : 169106.10330000054,
        "y" : 559273.70370000228
      }
    },
    {
      "attributes" : {
        "FID" : 67,
        "PMNTN_SPOT" : 1201,
        "MNTN_CODE" : "282600101",
        "MANAGE_SP1" : "99",
        "MANAGE_SP2" : "기타",
        "DETAIL_SPO" : "군사보호시설",
        "ETC_MATTER" : "출입금지",
        "MNTN_NM" : "가현산",
        "PAST_SPOT_" : "21100701000068",
        "MNTN_ID" : "2110070100"
      },
      "geometry" : {
        "x" : 169115.1743999999,
        "y" : 558446.85950000212
      }
    },
    {
      "attributes" : {
        "FID" : 68,
        "PMNTN_SPOT" : 1202,
        "MNTN_CODE" : "282600101",
        "MANAGE_SP1" : "01",
        "MANAGE_SP2" : "시종점",
        "DETAIL_SPO" : "시종점,금곡초등학교",
        "ETC_MATTER" : " ",
        "MNTN_NM" : "가현산",
        "PAST_SPOT_" : "21100701000069",
        "MNTN_ID" : "2110070100"
      },
      "geometry" : {
        "x" : 169133.3898000028,
        "y" : 556319.98110000044
      }
    },
    {
      "attributes" : {
        "FID" : 69,
        "PMNTN_SPOT" : 1203,
        "MNTN_CODE" : "282600101",
        "MANAGE_SP1" : "02",
        "MANAGE_SP2" : "분기점",
        "DETAIL_SPO" : "분기점",
        "ETC_MATTER" : "1-9구간",
        "MNTN_NM" : "가현산",
        "PAST_SPOT_" : "21100701000070",
        "MNTN_ID" : "2110070100"
      },
      "geometry" : {
        "x" : 169235.29640000034,
        "y" : 557470.13530000113
      }
    },
    {
      "attributes" : {
        "FID" : 70,
        "PMNTN_SPOT" : 1204,
        "MNTN_CODE" : "282600101",
        "MANAGE_SP1" : "99",
        "MANAGE_SP2" : "기타",
        "DETAIL_SPO" : "전경사진",
        "ETC_MATTER" : " ",
        "MNTN_NM" : "가현산",
        "PAST_SPOT_" : "21100701000071",
        "MNTN_ID" : "2110070100"
      },
      "geometry" : {
        "x" : 169247.91590000037,
        "y" : 558265.24950000085
      }
    },
    {
      "attributes" : {
        "FID" : 71,
        "PMNTN_SPOT" : 1205,
        "MNTN_CODE" : "282600101",
        "MANAGE_SP1" : "02",
        "MANAGE_SP2" : "분기점",
        "DETAIL_SPO" : "분기점",
        "ETC_MATTER" : "1-8-1구간",
        "MNTN_NM" : "가현산",
        "PAST_SPOT_" : "21100701000072",
        "MNTN_ID" : "2110070100"
      },
      "geometry" : {
        "x" : 169279.04430000018,
        "y" : 557296.95800000057
      }
    },
    {
      "attributes" : {
        "FID" : 72,
        "PMNTN_SPOT" : 1206,
        "MNTN_CODE" : "282600101",
        "MANAGE_SP1" : "02",
        "MANAGE_SP2" : "분기점",
        "DETAIL_SPO" : "분기점",
        "ETC_MATTER" : "2-2구간",
        "MNTN_NM" : "가현산",
        "PAST_SPOT_" : "21100701000073",
        "MNTN_ID" : "2110070100"
      },
      "geometry" : {
        "x" : 169349.08800000139,
        "y" : 558395.64120000042
      }
    },
    {
      "attributes" : {
        "FID" : 73,
        "PMNTN_SPOT" : 1207,
        "MNTN_CODE" : "282600101",
        "MANAGE_SP1" : "02",
        "MANAGE_SP2" : "분기점",
        "DETAIL_SPO" : "분기점",
        "ETC_MATTER" : " ",
        "MNTN_NM" : "가현산",
        "PAST_SPOT_" : "21100701000074",
        "MNTN_ID" : "2110070100"
      },
      "geometry" : {
        "x" : 169388.56720000133,
        "y" : 558249.51930000447
      }
    },
    {
      "attributes" : {
        "FID" : 74,
        "PMNTN_SPOT" : 1208,
        "MNTN_CODE" : "282600101",
        "MANAGE_SP1" : "01",
        "MANAGE_SP2" : "시종점",
        "DETAIL_SPO" : "시종점,가현산 낚시터",
        "ETC_MATTER" : " ",
        "MNTN_NM" : "가현산",
        "PAST_SPOT_" : "21100701000075",
        "MNTN_ID" : "2110070100"
      },
      "geometry" : {
        "x" : 169431.28670000285,
        "y" : 558028.42259999923
      }
    },
    {
      "attributes" : {
        "FID" : 75,
        "PMNTN_SPOT" : 1209,
        "MNTN_CODE" : "282600101",
        "MANAGE_SP1" : "99",
        "MANAGE_SP2" : "기타",
        "DETAIL_SPO" : "전경사진",
        "ETC_MATTER" : " ",
        "MNTN_NM" : "가현산",
        "PAST_SPOT_" : "21100701000076",
        "MNTN_ID" : "2110070100"
      },
      "geometry" : {
        "x" : 169439.4532000022,
        "y" : 558311.42380000092
      }
    },
    {
      "attributes" : {
        "FID" : 76,
        "PMNTN_SPOT" : 1210,
        "MNTN_CODE" : "282600101",
        "MANAGE_SP1" : "01",
        "MANAGE_SP2" : "시종점",
        "DETAIL_SPO" : "시종점,종점사진",
        "ETC_MATTER" : " ",
        "MNTN_NM" : "가현산",
        "PAST_SPOT_" : "21100701000077",
        "MNTN_ID" : "2110070100"
      },
      "geometry" : {
        "x" : 169535.40990000218,
        "y" : 557992.34850000218
      }
    },
    {
      "attributes" : {
        "FID" : 77,
        "PMNTN_SPOT" : 1211,
        "MNTN_CODE" : "282600101",
        "MANAGE_SP1" : "01",
        "MANAGE_SP2" : "시종점",
        "DETAIL_SPO" : "시종점,전경사진",
        "ETC_MATTER" : " ",
        "MNTN_NM" : "가현산",
        "PAST_SPOT_" : "21100701000078",
        "MNTN_ID" : "2110070100"
      },
      "geometry" : {
        "x" : 169661.09830000065,
        "y" : 558523.37499999814
      }
    },
    {
      "attributes" : {
        "FID" : 78,
        "PMNTN_SPOT" : 1212,
        "MNTN_CODE" : "282600101",
        "MANAGE_SP1" : "01",
        "MANAGE_SP2" : "시종점",
        "DETAIL_SPO" : "시종점,문화재",
        "ETC_MATTER" : " ",
        "MNTN_NM" : "가현산",
        "PAST_SPOT_" : "21100701000079",
        "MNTN_ID" : "2110070100"
      },
      "geometry" : {
        "x" : 169750.16690000053,
        "y" : 557329.49240000173
      }
    },
    {
      "attributes" : {
        "FID" : 79,
        "PMNTN_SPOT" : 1213,
        "MNTN_CODE" : "282600101",
        "MANAGE_SP1" : "01",
        "MANAGE_SP2" : "시종점",
        "DETAIL_SPO" : "시종점,두란노교회,전경사진",
        "ETC_MATTER" : " ",
        "MNTN_NM" : "가현산",
        "PAST_SPOT_" : "21100701000080",
        "MNTN_ID" : "2110070100"
      },
      "geometry" : {
        "x" : 169763.14169999957,
        "y" : 557832.19009999931
      }
    }
  ]
}