{
  "displayFieldName" : "",
  "fieldAliases" : {
    "FID" : "FID",
    "PMNTN_SN" : "PMNTN_SN",
    "MNTN_CODE" : "MNTN_CODE",
    "MNTN_NM" : "MNTN_NM",
    "PMNTN_NM" : "PMNTN_NM",
    "PMNTN_MAIN" : "PMNTN_MAIN",
    "PMNTN_LT" : "PMNTN_LT",
    "PMNTN_DFFL" : "PMNTN_DFFL",
    "PMNTN_UPPL" : "PMNTN_UPPL",
    "PMNTN_GODN" : "PMNTN_GODN",
    "PMNTN_MTRQ" : "PMNTN_MTRQ",
    "PMNTN_CNRL" : "PMNTN_CNRL",
    "PMNTN_CLS_" : "PMNTN_CLS_",
    "PMNTN_RISK" : "PMNTN_RISK",
    "PMNTN_RECO" : "PMNTN_RECO",
    "DATA_STDR_" : "DATA_STDR_",
    "MNTN_ID" : "MNTN_ID"
  },
  "geometryType" : "esriGeometryPolyline",
  "spatialReference" : {
    "wkt" : "PROJCS[\"PCS_ITRF2000_TM\",GEOGCS[\"GCS_ITRF_2000\",DATUM[\"D_ITRF_2000\",SPHEROID[\"GRS_1980\",6378137.0,298.257222101]],PRIMEM[\"Greenwich\",0.0],UNIT[\"Degree\",0.0174532925199433]],PROJECTION[\"Transverse_Mercator\"],PARAMETER[\"False_Easting\",200000.0],PARAMETER[\"False_Northing\",600000.0],PARAMETER[\"Central_Meridian\",127.0],PARAMETER[\"Scale_Factor\",1.0],PARAMETER[\"Latitude_Of_Origin\",38.0],UNIT[\"Meter\",1.0]]"
  },
  "fields" : [
    {
      "name" : "FID",
      "type" : "esriFieldTypeOID",
      "alias" : "FID"
    },
    {
      "name" : "PMNTN_SN",
      "type" : "esriFieldTypeDouble",
      "alias" : "PMNTN_SN"
    },
    {
      "name" : "MNTN_CODE",
      "type" : "esriFieldTypeString",
      "alias" : "MNTN_CODE",
      "length" : 9
    },
    {
      "name" : "MNTN_NM",
      "type" : "esriFieldTypeString",
      "alias" : "MNTN_NM",
      "length" : 50
    },
    {
      "name" : "PMNTN_NM",
      "type" : "esriFieldTypeString",
      "alias" : "PMNTN_NM",
      "length" : 50
    },
    {
      "name" : "PMNTN_MAIN",
      "type" : "esriFieldTypeString",
      "alias" : "PMNTN_MAIN",
      "length" : 200
    },
    {
      "name" : "PMNTN_LT",
      "type" : "esriFieldTypeSingle",
      "alias" : "PMNTN_LT"
    },
    {
      "name" : "PMNTN_DFFL",
      "type" : "esriFieldTypeString",
      "alias" : "PMNTN_DFFL",
      "length" : 8
    },
    {
      "name" : "PMNTN_UPPL",
      "type" : "esriFieldTypeDouble",
      "alias" : "PMNTN_UPPL"
    },
    {
      "name" : "PMNTN_GODN",
      "type" : "esriFieldTypeDouble",
      "alias" : "PMNTN_GODN"
    },
    {
      "name" : "PMNTN_MTRQ",
      "type" : "esriFieldTypeString",
      "alias" : "PMNTN_MTRQ",
      "length" : 200
    },
    {
      "name" : "PMNTN_CNRL",
      "type" : "esriFieldTypeString",
      "alias" : "PMNTN_CNRL",
      "length" : 1
    },
    {
      "name" : "PMNTN_CLS_",
      "type" : "esriFieldTypeString",
      "alias" : "PMNTN_CLS_",
      "length" : 1
    },
    {
      "name" : "PMNTN_RISK",
      "type" : "esriFieldTypeString",
      "alias" : "PMNTN_RISK",
      "length" : 200
    },
    {
      "name" : "PMNTN_RECO",
      "type" : "esriFieldTypeString",
      "alias" : "PMNTN_RECO",
      "length" : 1
    },
    {
      "name" : "DATA_STDR_",
      "type" : "esriFieldTypeString",
      "alias" : "DATA_STDR_",
      "length" : 10
    },
    {
      "name" : "MNTN_ID",
      "type" : "esriFieldTypeString",
      "alias" : "MNTN_ID",
      "length" : 10
    }
  ],
  "features" : [
    {
      "attributes" : {
        "FID" : 0,
        "PMNTN_SN" : 25577,
        "MNTN_CODE" : "421102301",
        "MNTN_NM" : "봉의산",
        "PMNTN_NM" : "옥천동구간",
        "PMNTN_MAIN" : " ",
        "PMNTN_LT" : 0.09,
        "PMNTN_DFFL" : "쉬움",
        "PMNTN_UPPL" : 2,
        "PMNTN_GODN" : 1,
        "PMNTN_MTRQ" : " ",
        "PMNTN_CNRL" : " ",
        "PMNTN_CLS_" : " ",
        "PMNTN_RISK" : " ",
        "PMNTN_RECO" : " ",
        "DATA_STDR_" : "2016-12-31",
        "MNTN_ID" : "421102301"
      },
      "geometry" : {
        "paths" : [
          [
            [
              264562.74330000207,
              587654.01820000447
            ],
            [
              264576.04670000169,
              587647.66890000179
            ],
            [
              264584.51250000019,
              587643.73840000108
            ],
            [
              264589.95469999965,
              587639.20310000144
            ],
            [
              264591.76880000066,
              587631.94670000114
            ],
            [
              264588.74530000053,
              587613.20109999925
            ],
            [
              264584.51250000019,
              587606.85180000216
            ],
            [
              264580.5819000015,
              587595.06010000035
            ],
            [
              264576.04670000169,
              587588.10610000044
            ]
          ]
        ]
      }
    },
    {
      "attributes" : {
        "FID" : 1,
        "PMNTN_SN" : 25578,
        "MNTN_CODE" : "421102301",
        "MNTN_NM" : "봉의산",
        "PMNTN_NM" : "후평동구간",
        "PMNTN_MAIN" : " ",
        "PMNTN_LT" : 0.34,
        "PMNTN_DFFL" : "쉬움",
        "PMNTN_UPPL" : 6,
        "PMNTN_GODN" : 4,
        "PMNTN_MTRQ" : " ",
        "PMNTN_CNRL" : " ",
        "PMNTN_CLS_" : " ",
        "PMNTN_RISK" : " ",
        "PMNTN_RECO" : " ",
        "DATA_STDR_" : "2016-12-31",
        "MNTN_ID" : "421102301"
      },
      "geometry" : {
        "paths" : [
          [
            [
              264562.74330000207,
              587654.01820000447
            ],
            [
              264584.61320000142,
              587666.31379999965
            ],
            [
              264588.64460000116,
              587669.94199999981
            ],
            [
              264587.83830000088,
              587685.66410000063
            ],
            [
              264588.24139999971,
              587698.56430000253
            ],
            [
              264594.69150000066,
              587705.01450000145
            ],
            [
              264619.68570000306,
              587713.88340000063
            ],
            [
              264651.13010000065,
              587730.00870000198
            ],
            [
              264662.01460000034,
              587735.65250000171
            ],
            [
              264666.04590000119,
              587750.97150000185
            ],
            [
              264669.67410000041,
              587763.06550000608
            ],
            [
              264680.1556000011,
              587773.14379999973
            ],
            [
              264692.65270000137,
              587779.99709999934
            ],
            [
              264701.52160000149,
              587780.40020000003
            ],
            [
              264721.72750000283,
              587778.6126000043
            ],
            [
              264733.7722000014,
              587773.95009999909
            ],
            [
              264752.71940000262,
              587763.06550000235
            ],
            [
              264778.51980000082,
              587751.37470000237
            ],
            [
              264809.96410000138,
              587733.63680000044
            ],
            [
              264822.86440000404,
              587726.78360000253
            ]
          ]
        ]
      }
    },
    {
      "attributes" : {
        "FID" : 2,
        "PMNTN_SN" : 25579,
        "MNTN_CODE" : "421102301",
        "MNTN_NM" : "봉의산",
        "PMNTN_NM" : " ",
        "PMNTN_MAIN" : " ",
        "PMNTN_LT" : 0.28,
        "PMNTN_DFFL" : "쉬움",
        "PMNTN_UPPL" : 5,
        "PMNTN_GODN" : 3,
        "PMNTN_MTRQ" : " ",
        "PMNTN_CNRL" : " ",
        "PMNTN_CLS_" : " ",
        "PMNTN_RISK" : " ",
        "PMNTN_RECO" : " ",
        "DATA_STDR_" : "2016-12-31",
        "MNTN_ID" : "421102301"
      },
      "geometry" : {
        "paths" : [
          [
            [
              264457.25320000015,
              587846.62780000269
            ],
            [
              264454.80470000301,
              587840.56770000048
            ],
            [
              264448.75770000089,
              587831.49720000103
            ],
            [
              264441.50130000152,
              587822.42670000158
            ],
            [
              264433.33790000062,
              587815.47270000167
            ],
            [
              264427.29090000317,
              587808.21630000137
            ],
            [
              264423.66270000022,
              587803.0764000006
            ],
            [
              264420.94160000049,
              587795.5175999999
            ],
            [
              264420.63920000009,
              587787.35419999994
            ],
            [
              264423.66270000208,
              587776.16730000265
            ],
            [
              264429.10500000138,
              587765.88740000129
            ],
            [
              264433.33790000249,
              587758.63100000098
            ],
            [
              264445.73420000356,
              587750.77000000142
            ],
            [
              264458.43290000129,
              587738.07130000181
            ],
            [
              264461.45629999973,
              587731.1173000019
            ],
            [
              264477.48080000374,
              587727.1866999995
            ],
            [
              264486.85370000079,
              587721.13969999924
            ],
            [
              264490.17950000148,
              587713.88340000063
            ],
            [
              264492.68110000063,
              587706.79560000077
            ],
            [
              264493.80770000257,
              587703.60349999927
            ],
            [
              264498.94760000147,
              587701.78940000199
            ],
            [
              264506.5064000003,
              587699.97529999912
            ],
            [
              264514.36740000173,
              587695.13770000078
            ],
            [
              264517.39090000093,
              587687.27659999952
            ],
            [
              264520.11210000236,
              587679.71790000238
            ],
            [
              264523.74030000344,
              587672.76390000433
            ],
            [
              264529.4849000033,
              587667.62390000001
            ],
            [
              264540.36950000282,
              587662.78639999963
            ],
            [
              264553.37050000206,
              587658.25110000186
            ],
            [
              264562.74330000207,
              587654.01820000447
            ]
          ]
        ]
      }
    },
    {
      "attributes" : {
        "FID" : 3,
        "PMNTN_SN" : 25580,
        "MNTN_CODE" : "421102301",
        "MNTN_NM" : "봉의산",
        "PMNTN_NM" : "소양로2가구간",
        "PMNTN_MAIN" : " ",
        "PMNTN_LT" : 0.51,
        "PMNTN_DFFL" : "쉬움",
        "PMNTN_UPPL" : 9,
        "PMNTN_GODN" : 6,
        "PMNTN_MTRQ" : " ",
        "PMNTN_CNRL" : " ",
        "PMNTN_CLS_" : " ",
        "PMNTN_RISK" : " ",
        "PMNTN_RECO" : " ",
        "DATA_STDR_" : "2016-12-31",
        "MNTN_ID" : "421102301"
      },
      "geometry" : {
        "paths" : [
          [
            [
              264457.25320000015,
              587846.62780000269
            ],
            [
              264453.64100000076,
              587846.25600000285
            ],
            [
              264434.21360000037,
              587845.60840000212
            ],
            [
              264417.05270000082,
              587847.5511000026
            ],
            [
              264409.28180000186,
              587849.49390000105
            ],
            [
              264402.80600000266,
              587852.73180000298
            ],
            [
              264400.86320000235,
              587854.99830000103
            ],
            [
              264400.53940000385,
              587862.12170000002
            ],
            [
              264400.45740000065,
              587866.0588000007
            ],
            [
              264400.21560000163,
              587877.66360000148
            ],
            [
              264398.92050000001,
              587896.11960000172
            ],
            [
              264396.9776999997,
              587911.01390000433
            ],
            [
              264386.29270000197,
              587931.08889999986
            ],
            [
              264376.90280000214,
              587946.30700000003
            ],
            [
              264367.8367000008,
              587951.81140000373
            ],
            [
              264357.55630000122,
              587958.04439999908
            ],
            [
              264333.51500000153,
              587968.0009000022
            ],
            [
              264324.28690000251,
              587972.37209999934
            ],
            [
              264314.81610000413,
              587974.07200000063
            ],
            [
              264303.64530000091,
              587975.28620000184
            ],
            [
              264287.61770000122,
              587977.47179999948
            ],
            [
              264272.56150000077,
              587969.94370000064
            ],
            [
              264251.91990000196,
              587963.6297999993
            ],
            [
              264232.24970000144,
              587957.31590000167
            ],
            [
              264216.46490000002,
              587957.31590000167
            ],
            [
              264208.99910000153,
              587959.02679999918
            ],
            [
              264204.80850000214,
              587959.98709999956
            ],
            [
              264191.69500000216,
              587959.98709999956
            ],
            [
              264180.5242999997,
              587956.8302000016
            ],
            [
              264173.23900000285,
              587953.9160999991
            ],
            [
              264167.65359999891,
              587949.5449000001
            ],
            [
              264159.88269999996,
              587945.17380000278
            ],
            [
              264143.36940000113,
              587942.50250000134
            ],
            [
              264134.62710000202,
              587938.61700000428
            ],
            [
              264128.5560000008,
              587933.27450000122
            ],
            [
              264121.99930000119,
              587926.4748999998
            ],
            [
              264120.54220000282,
              587917.97540000081
            ],
            [
              264117.62810000125,
              587910.69010000117
            ],
            [
              264114.47119999956,
              587903.89059999771
            ],
            [
              264107.42870000191,
              587897.57670000196
            ],
            [
              264098.44360000081,
              587894.41970000044
            ],
            [
              264090.18690000102,
              587893.6911999993
            ],
            [
              264082.17309999932,
              587894.90540000051
            ],
            [
              264071.73090000171,
              587899.51940000057
            ],
            [
              264066.38839999959,
              587901.94779999927
            ]
          ]
        ]
      }
    },
    {
      "attributes" : {
        "FID" : 4,
        "PMNTN_SN" : 25581,
        "MNTN_CODE" : "421102301",
        "MNTN_NM" : "봉의산",
        "PMNTN_NM" : "후평동구간",
        "PMNTN_MAIN" : " ",
        "PMNTN_LT" : 0.34,
        "PMNTN_DFFL" : "쉬움",
        "PMNTN_UPPL" : 6,
        "PMNTN_GODN" : 4,
        "PMNTN_MTRQ" : " ",
        "PMNTN_CNRL" : " ",
        "PMNTN_CLS_" : " ",
        "PMNTN_RISK" : " ",
        "PMNTN_RECO" : " ",
        "DATA_STDR_" : "2016-12-31",
        "MNTN_ID" : "421102301"
      },
      "geometry" : {
        "paths" : [
          [
            [
              265059.21930000093,
              587899.44030000083
            ],
            [
              265061.96399999969,
              587904.92980000004
            ],
            [
              265063.33640000038,
              587909.96180000156
            ],
            [
              265064.25130000152,
              587915.6799999997
            ],
            [
              265063.7938000029,
              587921.62690000236
            ],
            [
              265062.65020000376,
              587925.28650000319
            ],
            [
              265060.36290000007,
              587928.03130000085
            ],
            [
              265056.24580000062,
              587929.40360000171
            ],
            [
              265053.04360000137,
              587929.40360000171
            ],
            [
              265048.69780000113,
              587929.40360000171
            ],
            [
              265043.43700000364,
              587929.40360000171
            ],
            [
              265037.49010000285,
              587929.63240000233
            ],
            [
              265031.54320000019,
              587930.31849999912
            ],
            [
              265025.36760000419,
              587932.60580000095
            ],
            [
              265020.79299999867,
              587935.35050000437
            ],
            [
              265015.7610000018,
              587939.23890000209
            ],
            [
              265012.78750000335,
              587943.58470000327
            ],
            [
              265010.0428000018,
              587948.84549999982
            ],
            [
              265007.06929999962,
              587952.27640000358
            ],
            [
              265002.26610000338,
              587957.30840000324
            ],
            [
              264996.31909999996,
              587959.43980000168
            ],
            [
              264988.54240000155,
              587963.02660000138
            ],
            [
              264983.51040000189,
              587966.00010000169
            ],
            [
              264973.21760000195,
              587969.20219999924
            ],
            [
              264965.21220000274,
              587970.80330000073
            ],
            [
              264959.03650000226,
              587971.4895000048
            ],
            [
              264954.46200000122,
              587971.26080000028
            ],
            [
              264947.82890000101,
              587968.74480000138
            ],
            [
              264943.02560000215,
              587966.45749999955
            ],
            [
              264935.02010000218,
              587964.85640000738
            ],
            [
              264925.87100000028,
              587964.85640000179
            ],
            [
              264916.49320000131,
              587966.68620000221
            ],
            [
              264909.40259999968,
              587968.97350000404
            ],
            [
              264906.20039999951,
              587971.71820000373
            ],
            [
              264904.59929999989,
              587975.37790000252
            ],
            [
              264902.54080000054,
              587979.03750000335
            ],
            [
              264899.56730000023,
              587983.38340000436
            ],
            [
              264895.45020000078,
              587985.67060000077
            ],
            [
              264888.8171000015,
              587987.95790000819
            ],
            [
              264879.89680000115,
              587993.21860000119
            ],
            [
              264874.63599999901,
              587995.27720000036
            ],
            [
              264868.91780000273,
              587995.27720000036
            ],
            [
              264861.14109999966,
              587993.44739999995
            ],
            [
              264851.99200000241,
              587991.84630000219
            ],
            [
              264840.55560000148,
              587991.61759999767
            ],
            [
              264833.69380000047,
              587994.59100000001
            ],
            [
              264826.60320000257,
              587998.70810000226
            ],
            [
              264819.74139999971,
              588001.9103000015
            ],
            [
              264814.48060000222,
              588003.51139999926
            ],
            [
              264807.16139999963,
              588004.88380000181
            ],
            [
              264800.75700000115,
              588006.25610000268
            ],
            [
              264789.77800000273,
              588007.85719999857
            ],
            [
              264782.68750000279,
              588009.2295999974
            ]
          ]
        ]
      }
    },
    {
      "attributes" : {
        "FID" : 5,
        "PMNTN_SN" : 25582,
        "MNTN_CODE" : "421102301",
        "MNTN_NM" : "봉의산",
        "PMNTN_NM" : " ",
        "PMNTN_MAIN" : " ",
        "PMNTN_LT" : 0.16,
        "PMNTN_DFFL" : "쉬움",
        "PMNTN_UPPL" : 3,
        "PMNTN_GODN" : 2,
        "PMNTN_MTRQ" : " ",
        "PMNTN_CNRL" : " ",
        "PMNTN_CLS_" : " ",
        "PMNTN_RISK" : " ",
        "PMNTN_RECO" : " ",
        "DATA_STDR_" : "2016-12-31",
        "MNTN_ID" : "421102301"
      },
      "geometry" : {
        "paths" : [
          [
            [
              264566.79550000001,
              587945.30950000323
            ],
            [
              264560.16530000046,
              587941.48440000415
            ],
            [
              264554.55520000029,
              587932.8142000027
            ],
            [
              264553.76640000008,
              587928.04720000178
            ],
            [
              264552.14890000038,
              587922.69570000097
            ],
            [
              264546.68500000052,
              587914.08990000002
            ],
            [
              264544.22620000225,
              587912.04100000113
            ],
            [
              264536.44010000117,
              587908.76260000095
            ],
            [
              264532.20550000202,
              587905.62079999968
            ],
            [
              264529.06369999889,
              587901.79600000195
            ],
            [
              264526.60500000231,
              587896.87849999964
            ],
            [
              264524.55600000173,
              587891.00469999947
            ],
            [
              264521.82399999909,
              587886.49700000137
            ],
            [
              264518.27240000293,
              587882.53559999913
            ],
            [
              264510.62290000077,
              587880.6232000012
            ],
            [
              264502.97339999955,
              587879.25720000081
            ],
            [
              264498.05580000114,
              587878.02779999934
            ],
            [
              264493.7909000013,
              587870.86400000006
            ],
            [
              264488.77990000322,
              587862.51239999756
            ],
            [
              264486.99130000081,
              587859.5314000044
            ],
            [
              264481.81070000213,
              587849.49390000105
            ],
            [
              264475.65869999956,
              587848.52250000089
            ],
            [
              264457.25320000015,
              587846.62780000269
            ]
          ]
        ]
      }
    },
    {
      "attributes" : {
        "FID" : 6,
        "PMNTN_SN" : 25583,
        "MNTN_CODE" : "421102301",
        "MNTN_NM" : "봉의산",
        "PMNTN_NM" : "소양로1가구간",
        "PMNTN_MAIN" : " ",
        "PMNTN_LT" : 0.27,
        "PMNTN_DFFL" : "중간",
        "PMNTN_UPPL" : 5,
        "PMNTN_GODN" : 3,
        "PMNTN_MTRQ" : " ",
        "PMNTN_CNRL" : " ",
        "PMNTN_CLS_" : " ",
        "PMNTN_RISK" : " ",
        "PMNTN_RECO" : " ",
        "DATA_STDR_" : "2016-12-31",
        "MNTN_ID" : "421102301"
      },
      "geometry" : {
        "paths" : [
          [
            [
              264388.80110000167,
              588121.26390000433
            ],
            [
              264386.50600000285,
              588127.89409999922
            ],
            [
              264383.95590000134,
              588136.81930000335
            ],
            [
              264383.44590000063,
              588146.25450000726
            ],
            [
              264384.97600000072,
              588156.45480000041
            ],
            [
              264388.03610000014,
              588166.40000000037
            ],
            [
              264389.82110000402,
              588176.34530000016
            ],
            [
              264394.41120000184,
              588186.54549999908
            ],
            [
              264402.0614000028,
              588200.31590000354
            ],
            [
              264408.1816000035,
              588214.08620000631
            ],
            [
              264408.1816000035,
              588228.36660000682
            ],
            [
              264405.88650000002,
              588241.11690000072
            ],
            [
              264402.31640000083,
              588250.04209999926
            ],
            [
              264400.27639999986,
              588265.85250000097
            ],
            [
              264396.96129999869,
              588278.60280000418
            ],
            [
              264390.07610000204,
              588289.31310000271
            ],
            [
              264381.40590000153,
              588299.25830000266
            ],
            [
              264366.87050000392,
              588312.51870000176
            ],
            [
              264354.63019999955,
              588327.56400000118
            ],
            [
              264342.38990000263,
              588341.07940000109
            ],
            [
              264334.48470000178,
              588354.59470000304
            ],
            [
              264332.95470000338,
              588360.20479999855
            ]
          ]
        ]
      }
    },
    {
      "attributes" : {
        "FID" : 7,
        "PMNTN_SN" : 25584,
        "MNTN_CODE" : "421102301",
        "MNTN_NM" : "봉의산",
        "PMNTN_NM" : " ",
        "PMNTN_MAIN" : " ",
        "PMNTN_LT" : 0.12,
        "PMNTN_DFFL" : "쉬움",
        "PMNTN_UPPL" : 2,
        "PMNTN_GODN" : 1,
        "PMNTN_MTRQ" : " ",
        "PMNTN_CNRL" : " ",
        "PMNTN_CLS_" : " ",
        "PMNTN_RISK" : " ",
        "PMNTN_RECO" : " ",
        "DATA_STDR_" : "2016-12-31",
        "MNTN_ID" : "421102301"
      },
      "geometry" : {
        "paths" : [
          [
            [
              264678.84460000042,
              587984.45690000243
            ],
            [
              264671.28980000038,
              587983.16180000454
            ],
            [
              264660.92080000229,
              587981.33200000413
            ],
            [
              264647.80709999986,
              587979.50220000371
            ],
            [
              264640.79280000087,
              587977.06240000203
            ],
            [
              264632.55860000104,
              587972.4878999982
            ],
            [
              264617.09560000058,
              587960.98920000158
            ],
            [
              264614.38750000205,
              587960.17250000313
            ],
            [
              264596.57210000139,
              587954.79960000142
            ],
            [
              264586.17600000091,
              587951.68470000103
            ],
            [
              264574.44570000004,
              587946.83960000053
            ],
            [
              264566.79550000001,
              587945.30950000323
            ]
          ]
        ]
      }
    },
    {
      "attributes" : {
        "FID" : 8,
        "PMNTN_SN" : 25585,
        "MNTN_CODE" : "421102301",
        "MNTN_NM" : "봉의산",
        "PMNTN_NM" : "소양로1가구간",
        "PMNTN_MAIN" : " ",
        "PMNTN_LT" : 0.41,
        "PMNTN_DFFL" : "쉬움",
        "PMNTN_UPPL" : 7,
        "PMNTN_GODN" : 5,
        "PMNTN_MTRQ" : " ",
        "PMNTN_CNRL" : " ",
        "PMNTN_CLS_" : " ",
        "PMNTN_RISK" : " ",
        "PMNTN_RECO" : " ",
        "DATA_STDR_" : "2016-12-31",
        "MNTN_ID" : "421102301"
      },
      "geometry" : {
        "paths" : [
          [
            [
              264678.84460000042,
              587984.45690000243
            ],
            [
              264673.133100003,
              587986.62060000375
            ],
            [
              264666.75800000131,
              587990.70070000179
            ],
            [
              264654.5177000016,
              587993.76070000418
            ],
            [
              264649.16250000056,
              587995.03580000252
            ],
            [
              264634.62720000185,
              587996.82080000266
            ],
            [
              264624.17190000322,
              588000.39090000093
            ],
            [
              264621.08170000277,
              588001.67850000039
            ],
            [
              264614.99170000013,
              588004.21600000001
            ],
            [
              264611.42160000093,
              588009.82610000484
            ],
            [
              264607.85149999987,
              588016.45630000159
            ],
            [
              264601.22140000015,
              588025.63650000282
            ],
            [
              264593.82619999908,
              588047.82210000418
            ],
            [
              264589.23610000126,
              588058.02230000123
            ],
            [
              264582.86090000253,
              588073.32269999944
            ],
            [
              264575.72070000041,
              588091.42820000276
            ],
            [
              264571.38560000062,
              588099.84339999966
            ],
            [
              264563.99039999954,
              588105.96350000612
            ],
            [
              264557.87030000053,
              588110.55360000022
            ],
            [
              264549.20010000002,
              588117.43879999965
            ],
            [
              264542.5699000014,
              588127.38409999944
            ],
            [
              264538.48979999963,
              588136.56430000067
            ],
            [
              264536.19470000081,
              588145.99950000457
            ],
            [
              264534.1547000017,
              588154.15970000066
            ],
            [
              264531.34960000217,
              588163.59500000253
            ],
            [
              264528.034500001,
              588169.71509999968
            ],
            [
              264522.67940000352,
              588173.79520000145
            ],
            [
              264519.36430000328,
              588177.11030000076
            ],
            [
              264517.57930000219,
              588185.52550000139
            ],
            [
              264514.26420000382,
              588192.15570000373
            ],
            [
              264507.88900000323,
              588201.08090000227
            ],
            [
              264501.25890000071,
              588212.55620000511
            ],
            [
              264499.21879999992,
              588219.18630000204
            ],
            [
              264495.39370000362,
              588227.09149999917
            ],
            [
              264491.05860000104,
              588233.97670000233
            ],
            [
              264485.95850000158,
              588240.60689999908
            ],
            [
              264481.11340000201,
              588246.47199999727
            ],
            [
              264478.0532999998,
              588256.16229999997
            ],
            [
              264474.99320000224,
              588265.34250000119
            ],
            [
              264472.44310000073,
              588273.24770000204
            ],
            [
              264466.0680000009,
              588286.25300000235
            ],
            [
              264458.41780000087,
              588304.61349999905
            ]
          ]
        ]
      }
    },
    {
      "attributes" : {
        "FID" : 9,
        "PMNTN_SN" : 25586,
        "MNTN_CODE" : "421102301",
        "MNTN_NM" : "봉의산",
        "PMNTN_NM" : " ",
        "PMNTN_MAIN" : " ",
        "PMNTN_LT" : 0.1,
        "PMNTN_DFFL" : "쉬움",
        "PMNTN_UPPL" : 2,
        "PMNTN_GODN" : 1,
        "PMNTN_MTRQ" : " ",
        "PMNTN_CNRL" : " ",
        "PMNTN_CLS_" : " ",
        "PMNTN_RISK" : " ",
        "PMNTN_RECO" : " ",
        "DATA_STDR_" : "2016-12-31",
        "MNTN_ID" : "421102301"
      },
      "geometry" : {
        "paths" : [
          [
            [
              264760.50090000127,
              588031.64489999972
            ],
            [
              264755.76650000084,
              588023.11290000007
            ],
            [
              264746.6174000008,
              588017.62350000255
            ],
            [
              264736.85840000119,
              588012.43899999931
            ],
            [
              264723.13470000122,
              588006.03460000083
            ],
            [
              264711.85080000106,
              587998.71529999934
            ],
            [
              264701.78680000175,
              587991.39600000344
            ],
            [
              264692.0278000012,
              587987.43140000105
            ],
            [
              264681.9637000002,
              587984.99159999937
            ],
            [
              264678.84460000042,
              587984.45690000243
            ]
          ]
        ]
      }
    },
    {
      "attributes" : {
        "FID" : 10,
        "PMNTN_SN" : 25587,
        "MNTN_CODE" : "421102301",
        "MNTN_NM" : "봉의산",
        "PMNTN_NM" : "후평동구간",
        "PMNTN_MAIN" : " ",
        "PMNTN_LT" : 0.44,
        "PMNTN_DFFL" : "중간",
        "PMNTN_UPPL" : 9,
        "PMNTN_GODN" : 7,
        "PMNTN_MTRQ" : " ",
        "PMNTN_CNRL" : " ",
        "PMNTN_CLS_" : " ",
        "PMNTN_RISK" : " ",
        "PMNTN_RECO" : " ",
        "DATA_STDR_" : "2016-12-31",
        "MNTN_ID" : "421102301"
      },
      "geometry" : {
        "paths" : [
          [
            [
              264760.50090000127,
              588031.64489999972
            ],
            [
              264763.70310000051,
              588036.90560000204
            ],
            [
              264766.44780000113,
              588040.10780000128
            ],
            [
              264769.65000000037,
              588042.85260000266
            ],
            [
              264774.91070000175,
              588046.05470000021
            ],
            [
              264777.88419999927,
              588048.57069999911
            ],
            [
              264781.3151000021,
              588052.91660000384
            ],
            [
              264790.46420000214,
              588064.35300000198
            ],
            [
              264798.01219999976,
              588080.59259999916
            ],
            [
              264803.7304000007,
              588095.68860000186
            ],
            [
              264807.84750000015,
              588101.86430000328
            ],
            [
              264817.6827999996,
              588108.72609999962
            ],
            [
              264822.25739999954,
              588112.38580000401
            ],
            [
              264826.60320000071,
              588114.67300000042
            ],
            [
              264834.1512000002,
              588117.41780000366
            ],
            [
              264840.78430000413,
              588121.9923000019
            ],
            [
              264844.44400000013,
              588127.93930000439
            ],
            [
              264849.01850000117,
              588130.45529999956
            ],
            [
              264854.05050000083,
              588133.20000000298
            ],
            [
              264865.02950000204,
              588140.97670000046
            ],
            [
              264877.15199999977,
              588147.38110000454
            ],
            [
              264883.78510000091,
              588153.78549999744
            ],
            [
              264894.76410000212,
              588159.27490000054
            ],
            [
              264902.08330000006,
              588161.79089999944
            ],
            [
              264911.2324000001,
              588164.99310000427
            ],
            [
              264917.63680000044,
              588170.71130000241
            ],
            [
              264921.06770000141,
              588173.45610000007
            ],
            [
              264924.26990000065,
              588181.23279999942
            ],
            [
              264930.21680000238,
              588195.87140000239
            ],
            [
              264935.47759999987,
              588203.87680000253
            ],
            [
              264937.7649000017,
              588206.62160000019
            ],
            [
              264943.71180000156,
              588211.65359999985
            ],
            [
              264947.37140000332,
              588213.71209999919
            ],
            [
              264951.25980000198,
              588215.77070000209
            ],
            [
              264956.97800000291,
              588216.68560000136
            ],
            [
              264962.46740000229,
              588216.68560000136
            ],
            [
              264964.98350000102,
              588214.62700000219
            ],
            [
              264966.12710000016,
              588210.28120000102
            ],
            [
              264968.64309999999,
              588206.16410000063
            ],
            [
              264973.90380000137,
              588203.87680000253
            ],
            [
              264979.62200000323,
              588202.50449999794
            ],
            [
              264986.02640000358,
              588202.04700000212
            ],
            [
              264995.17550000083,
              588200.44590000063
            ],
            [
              265002.26610000152,
              588198.38740000129
            ],
            [
              265012.55880000163,
              588193.35540000163
            ],
            [
              265021.47920000087,
              588185.57860000059
            ],
            [
              265028.56970000174,
              588177.1157000009
            ],
            [
              265037.71890000068,
              588171.85500000231
            ],
            [
              265040.4636000013,
              588160.64729999937
            ],
            [
              265043.43700000364,
              588153.09930000268
            ],
            [
              265053.95849999972,
              588150.58330000378
            ],
            [
              265061.27780000307,
              588147.83860000037
            ],
            [
              265066.99599999934,
              588144.86510000005
            ],
            [
              265070.88440000266,
              588142.34909999929
            ],
            [
              265075.45889999997,
              588137.08840000071
            ],
            [
              265080.49089999963,
              588129.76909999922
            ]
          ]
        ]
      }
    },
    {
      "attributes" : {
        "FID" : 11,
        "PMNTN_SN" : 25588,
        "MNTN_CODE" : "421102301",
        "MNTN_NM" : "봉의산",
        "PMNTN_NM" : " ",
        "PMNTN_MAIN" : " ",
        "PMNTN_LT" : 0.38,
        "PMNTN_DFFL" : "쉬움",
        "PMNTN_UPPL" : 7,
        "PMNTN_GODN" : 5,
        "PMNTN_MTRQ" : " ",
        "PMNTN_CNRL" : " ",
        "PMNTN_CLS_" : " ",
        "PMNTN_RISK" : " ",
        "PMNTN_RECO" : " ",
        "DATA_STDR_" : "2016-12-31",
        "MNTN_ID" : "421102301"
      },
      "geometry" : {
        "paths" : [
          [
            [
              264458.41780000459,
              588304.61349999905
            ],
            [
              264462.7974705603,
              588301.58985268325
            ],
            [
              264469.9853615677,
              588300.56301111169
            ],
            [
              264477.42996296939,
              588300.81972150132
            ],
            [
              264481.28061886691,
              588303.90024621971
            ],
            [
              264483.59101240523,
              588305.95392936654
            ],
            [
              264485.6446955502,
              588308.77774368972
            ],
            [
              264487.95508908853,
              588312.11497880146
            ],
            [
              264491.29232420027,
              588315.19550351985
            ],
            [
              264494.11613852251,
              588316.9924762696
            ],
            [
              264496.68324245512,
              588320.32971138135
            ],
            [
              264502.07416070998,
              588322.38339452259
            ],
            [
              264506.18152700178,
              588323.66694649309
            ],
            [
              264509.26205171924,
              588322.64010492153
            ],
            [
              264512.34257643577,
              588320.84313216805
            ],
            [
              264515.9365219418,
              588315.45221391506
            ],
            [
              264517.2200739067,
              588310.83142683655
            ],
            [
              264520.30059862509,
              588305.69721897133
            ],
            [
              264524.15125452075,
              588300.56301111169
            ],
            [
              264525.69151687901,
              588299.27945914119
            ],
            [
              264529.02875199169,
              588296.96906560473
            ],
            [
              264532.62269749772,
              588295.68551363982
            ],
            [
              264536.47335339338,
              588295.68551363982
            ],
            [
              264539.29716771748,
              588294.65867206827
            ],
            [
              264543.147823615,
              588290.03788498789
            ],
            [
              264546.99847951066,
              588282.59328358993
            ],
            [
              264553.1595289493,
              588276.68894454837
            ],
            [
              264559.06386799086,
              588272.06815746985
            ],
            [
              264561.63097191975,
              588267.96079118177
            ],
            [
              264564.45478624571,
              588263.85342489183
            ],
            [
              264565.73833821341,
              588260.51618978009
            ],
            [
              264568.81886292901,
              588254.09842994995
            ],
            [
              264571.64267725591,
              588251.53132601827
            ],
            [
              264574.46649157722,
              588250.76119483821
            ],
            [
              264579.34398904629,
              588251.01790523157
            ],
            [
              264584.47819691151,
              588256.40882348642
            ],
            [
              264586.53188005649,
              588257.94908585027
            ],
            [
              264589.35569437873,
              588261.54303135164
            ],
            [
              264590.63924634829,
              588264.11013528146
            ],
            [
              264592.69292949233,
              588266.42052882165
            ],
            [
              264596.54358538799,
              588266.67723921686
            ],
            [
              264600.6509516798,
              588265.90710803494
            ],
            [
              264607.58213229384,
              588263.59671449848
            ],
            [
              264610.91936740559,
              588262.82658331655
            ],
            [
              264612.71634015627,
              588261.799741745
            ],
            [
              264616.3102856623,
              588263.59671449848
            ],
            [
              264618.62067919876,
              588265.13697685301
            ],
            [
              264621.44449352473,
              588263.34000410326
            ],
            [
              264622.47133509628,
              588261.54303135164
            ],
            [
              264622.21462470479,
              588257.69237545505
            ],
            [
              264622.47133509628,
              588254.09842994995
            ],
            [
              264625.80857020803,
              588253.32829877175
            ],
            [
              264628.11896374729,
              588255.38198191486
            ],
            [
              264629.14580531791,
              588258.20579623803
            ],
            [
              264630.94277806859,
              588264.62355606817
            ],
            [
              264632.48304042779,
              588269.24434314668
            ],
            [
              264634.28001318127,
              588275.66210297123
            ],
            [
              264634.02330278698,
              588281.82315241359
            ],
            [
              264632.99646121636,
              588285.41709791496
            ],
            [
              264634.02330278698,
              588290.29459538125
            ],
            [
              264636.84711711109,
              588293.63183049299
            ],
            [
              264641.72461458296,
              588296.96906560473
            ],
            [
              264645.83198087197,
              588301.07643189467
            ],
            [
              264648.65579519607,
              588305.18379818462
            ],
            [
              264653.27658227365,
              588310.5747164432
            ],
            [
              264653.79000305943,
              588317.76260745153
            ],
            [
              264653.01987188216,
              588325.97734002955
            ],
            [
              264653.27658227365,
              588331.36825828813
            ],
            [
              264654.04671345279,
              588337.52930772118
            ],
            [
              264652.24974070024,
              588346.77088187449
            ],
            [
              264651.99303030875,
              588350.87824816443
            ],
            [
              264654.30342384428,
              588356.26916641928
            ],
            [
              264655.33026542049,
              588360.88995349593
            ],
            [
              264657.89736935031,
              588367.56442371942
            ],
            [
              264661.23460446019,
              588373.21205236949
            ],
            [
              264664.82854996622,
              588378.60297062807
            ],
            [
              264667.39565389697,
              588383.99388888292
            ]
          ]
        ]
      }
    },
    {
      "attributes" : {
        "FID" : 12,
        "PMNTN_SN" : 25589,
        "MNTN_CODE" : "421102301",
        "MNTN_NM" : "봉의산",
        "PMNTN_NM" : " ",
        "PMNTN_MAIN" : " ",
        "PMNTN_LT" : 0.33,
        "PMNTN_DFFL" : "중간",
        "PMNTN_UPPL" : 6,
        "PMNTN_GODN" : 4,
        "PMNTN_MTRQ" : " ",
        "PMNTN_CNRL" : " ",
        "PMNTN_CLS_" : " ",
        "PMNTN_RISK" : " ",
        "PMNTN_RECO" : " ",
        "DATA_STDR_" : "2016-12-31",
        "MNTN_ID" : "421102301"
      },
      "geometry" : {
        "paths" : [
          [
            [
              264388.80110000446,
              588121.26390000433
            ],
            [
              264378.85317200143,
              588127.28349573538
            ],
            [
              264373.71896413807,
              588132.93112438358
            ],
            [
              264368.84146666713,
              588135.24151792377
            ],
            [
              264363.19383801892,
              588138.83546342514
            ],
            [
              264357.03278858494,
              588140.37572578527
            ],
            [
              264348.30463521555,
              588141.65927775018
            ],
            [
              264341.37345460244,
              588141.91598814912
            ],
            [
              264334.44227398839,
              588140.63243617862
            ],
            [
              264331.87517005578,
              588138.57875303552
            ],
            [
              264326.48425180186,
              588135.75493870676
            ],
            [
              264322.63359590154,
              588136.26835949533
            ],
            [
              264321.09333354235,
              588137.29520106688
            ],
            [
              264319.03965039738,
              588139.60559460707
            ],
            [
              264315.44570489414,
              588140.63243617862
            ],
            [
              264313.39202174917,
              588141.65927775018
            ],
            [
              264310.05478663743,
              588141.91598814353
            ],
            [
              264305.69070995413,
              588141.1458569672
            ],
            [
              264299.27295012586,
              588138.06533224881
            ],
            [
              264297.47597737238,
              588136.26835949533
            ],
            [
              264293.88203186914,
              588132.93112438358
            ],
            [
              264290.80150715355,
              588129.59388927557
            ],
            [
              264279.24953946192,
              588128.31033730693
            ],
            [
              264274.88546277862,
              588127.79691652209
            ],
            [
              264271.0348068811,
              588127.79691652209
            ],
            [
              264270.00796530768,
              588127.79691652209
            ],
            [
              264267.18415098358,
              588128.0536269173
            ],
            [
              264258.71270800848,
              588128.82375809364
            ],
            [
              264255.63218329288,
              588129.08046848699
            ],
            [
              264249.47113385424,
              588129.08046848699
            ],
            [
              264244.85034677945,
              588130.87744124047
            ],
            [
              264240.74298048951,
              588132.16099320538
            ],
            [
              264236.37890380621,
              588132.16099320538
            ],
            [
              264230.21785437036,
              588131.39086202346
            ],
            [
              264225.59706729278,
              588130.10731006414
            ],
            [
              264224.05680493359,
              588130.87744124047
            ],
            [
              264221.48970100377,
              588134.72809713706
            ],
            [
              264219.43601785693,
              588137.80862185359
            ],
            [
              264221.48970100377,
              588142.17269853689
            ],
            [
              264223.80009454209,
              588147.05019600876
            ],
            [
              264224.31351532787,
              588150.38743111677
            ],
            [
              264224.57022572123,
              588153.46795583516
            ],
            [
              264223.28667375445,
              588158.08874291182
            ],
            [
              264219.43601785693,
              588159.8857156653
            ],
            [
              264214.30180999544,
              588161.68268841878
            ],
            [
              264211.22128527798,
              588164.7632131353
            ],
            [
              264211.22128527798,
              588169.38400021382
            ],
            [
              264210.96457488369,
              588175.80176003836
            ],
            [
              264209.4243125245,
              588180.42254711688
            ],
            [
              264209.16760213301,
              588184.78662380017
            ],
            [
              264209.16760213301,
              588188.63727970049
            ],
            [
              264209.16760213114,
              588198.64898503199
            ],
            [
              264210.19444370456,
              588208.14726957493
            ],
            [
              264212.50483724289,
              588219.69923726656
            ],
            [
              264214.55852038786,
              588226.63041788526
            ],
            [
              264216.6122035319,
              588234.58844006993
            ],
            [
              264217.38233471196,
              588241.77633108199
            ],
            [
              264217.63904510532,
              588246.91053894162
            ],
            [
              264217.63904510532,
              588251.53132601827
            ],
            [
              264217.8957554996,
              588254.86856113188
            ],
            [
              264220.7195698237,
              588259.23263781518
            ],
            [
              264224.31351532508,
              588264.36684567481
            ],
            [
              264226.36719847191,
              588270.01447432302
            ]
          ]
        ]
      }
    },
    {
      "attributes" : {
        "FID" : 13,
        "PMNTN_SN" : 25590,
        "MNTN_CODE" : "421102301",
        "MNTN_NM" : "봉의산",
        "PMNTN_NM" : " ",
        "PMNTN_MAIN" : " ",
        "PMNTN_LT" : 0.31,
        "PMNTN_DFFL" : "쉬움",
        "PMNTN_UPPL" : 5,
        "PMNTN_GODN" : 4,
        "PMNTN_MTRQ" : " ",
        "PMNTN_CNRL" : " ",
        "PMNTN_CLS_" : " ",
        "PMNTN_RISK" : " ",
        "PMNTN_RECO" : " ",
        "DATA_STDR_" : "2016-12-31",
        "MNTN_ID" : "421102301"
      },
      "geometry" : {
        "paths" : [
          [
            [
              264782.68750000745,
              588009.2295999974
            ],
            [
              264779.06467491668,
              587995.07764326595
            ],
            [
              264774.44388784003,
              587990.4568561893
            ],
            [
              264770.84994233586,
              587987.37633147091
            ],
            [
              264769.3096799748,
              587981.21528203413
            ],
            [
              264773.93046705425,
              587971.46028709598
            ],
            [
              264778.03783334326,
              587965.81265844777
            ],
            [
              264783.17204120662,
              587961.19187137112
            ],
            [
              264787.79282828327,
              587957.59792586975
            ],
            [
              264789.84651142638,
              587952.46371800452
            ],
            [
              264791.90019457322,
              587946.30266856775
            ],
            [
              264798.06124400906,
              587938.60135677271
            ],
            [
              264803.19545187242,
              587932.9537281245
            ],
            [
              264809.86992209405,
              587921.65847082622
            ],
            [
              264818.08465467487,
              587918.06452532113
            ],
            [
              264821.67860017903,
              587913.44373824261
            ],
            [
              264821.16517939325,
              587909.33637195453
            ],
            [
              264815.00412995461,
              587903.17532251775
            ],
            [
              264806.78939737566,
              587901.12163937464
            ],
            [
              264799.60150636639,
              587899.06795622781
            ],
            [
              264793.44045693148,
              587894.96058993973
            ],
            [
              264791.38677378744,
              587889.31296128966
            ],
            [
              264783.68546199426,
              587879.55796635337
            ],
            [
              264770.33652154822,
              587873.39691691659
            ],
            [
              264766.74257604405,
              587871.85665455647
            ],
            [
              264755.96073953062,
              587867.74928826839
            ],
            [
              264747.74600695167,
              587857.99429332465
            ],
            [
              264741.07153673004,
              587847.21245681122
            ],
            [
              264731.82996257581,
              587833.86351636797
            ],
            [
              264727.20917550009,
              587823.59510064311
            ],
            [
              264723.61522999406,
              587814.35352648795
            ],
            [
              264720.53470527846,
              587802.54484840669
            ],
            [
              264724.12865078263,
              587793.30327425338
            ],
            [
              264730.80312100425,
              587788.68248717487
            ],
            [
              264733.77220000606,
              587773.95009999909
            ]
          ]
        ]
      }
    },
    {
      "attributes" : {
        "FID" : 14,
        "PMNTN_SN" : 25591,
        "MNTN_CODE" : "421102301",
        "MNTN_NM" : "봉의산",
        "PMNTN_NM" : "소양로1가구간",
        "PMNTN_MAIN" : " ",
        "PMNTN_LT" : 0.26,
        "PMNTN_DFFL" : "쉬움",
        "PMNTN_UPPL" : 5,
        "PMNTN_GODN" : 3,
        "PMNTN_MTRQ" : " ",
        "PMNTN_CNRL" : " ",
        "PMNTN_CLS_" : " ",
        "PMNTN_RISK" : " ",
        "PMNTN_RECO" : " ",
        "DATA_STDR_" : "2016-12-31",
        "MNTN_ID" : "421102301"
      },
      "geometry" : {
        "paths" : [
          [
            [
              264566.79550000001,
              587945.30950000323
            ],
            [
              264562.20540000312,
              587948.1146000009
            ],
            [
              264559.14530000277,
              587953.97969999909
            ],
            [
              264559.14530000091,
              587960.35490000248
            ],
            [
              264559.40030000173,
              587965.19999999925
            ],
            [
              264558.12530000135,
              587969.02510000207
            ],
            [
              264553.79020000063,
              587977.44030000456
            ],
            [
              264549.71010000166,
              587983.05050000362
            ],
            [
              264543.33490000293,
              587987.64060000703
            ],
            [
              264536.70470000152,
              587993.50570000149
            ],
            [
              264531.34960000217,
              587997.07580000162
            ],
            [
              264522.93439999968,
              588003.96100000106
            ],
            [
              264517.32430000138,
              588009.82609999925
            ],
            [
              264510.43910000008,
              588019.0064000003
            ],
            [
              264500.74890000001,
              588028.18660000153
            ],
            [
              264494.37370000314,
              588033.79670000263
            ],
            [
              264474.73820000142,
              588046.2920000013
            ],
            [
              264461.98790000193,
              588054.19720000215
            ],
            [
              264448.98260000069,
              588059.80740000121
            ],
            [
              264438.01730000414,
              588067.9675999973
            ],
            [
              264426.28700000141,
              588079.95289999992
            ],
            [
              264415.83170000277,
              588090.40810000151
            ],
            [
              264403.08140000049,
              588108.76860000007
            ],
            [
              264396.45130000077,
              588115.39880000055
            ],
            [
              264388.80110000167,
              588121.26390000433
            ]
          ]
        ]
      }
    },
    {
      "attributes" : {
        "FID" : 15,
        "PMNTN_SN" : 25592,
        "MNTN_CODE" : "421102301",
        "MNTN_NM" : "봉의산",
        "PMNTN_NM" : "소양로1가구간",
        "PMNTN_MAIN" : " ",
        "PMNTN_LT" : 0.25,
        "PMNTN_DFFL" : "쉬움",
        "PMNTN_UPPL" : 4,
        "PMNTN_GODN" : 3,
        "PMNTN_MTRQ" : " ",
        "PMNTN_CNRL" : " ",
        "PMNTN_CLS_" : " ",
        "PMNTN_RISK" : " ",
        "PMNTN_RECO" : " ",
        "DATA_STDR_" : "2016-12-31",
        "MNTN_ID" : "421102301"
      },
      "geometry" : {
        "paths" : [
          [
            [
              264458.41780000087,
              588304.61349999905
            ],
            [
              264454.59270000365,
              588315.57870000228
            ],
            [
              264449.74760000035,
              588324.75900000334
            ],
            [
              264446.17750000115,
              588337.25430000201
            ],
            [
              264445.41249999963,
              588347.45450000092
            ],
            [
              264439.80230000056,
              588354.849700002
            ],
            [
              264437.50730000064,
              588358.41980000772
            ],
            [
              264435.46719999984,
              588361.73490000144
            ],
            [
              264432.91720000003,
              588367.34500000067
            ],
            [
              264431.89710000157,
              588371.68010000139
            ],
            [
              264431.38710000087,
              588375.76020000316
            ],
            [
              264431.38710000273,
              588381.37040000223
            ],
            [
              264430.87710000202,
              588386.47050000727
            ],
            [
              264427.30700000096,
              588394.37570000812
            ],
            [
              264421.677000002,
              588399.20089999959
            ],
            [
              264416.85180000402,
              588400.7509000022
            ],
            [
              264414.04669999983,
              588399.98579999991
            ],
            [
              264413.53670000099,
              588396.67080000043
            ],
            [
              264413.28170000017,
              588388.7656000033
            ],
            [
              264413.28170000017,
              588381.88040000014
            ],
            [
              264412.6343000019,
              588375.7901000008
            ],
            [
              264407.89670000225,
              588376.54020000435
            ],
            [
              264401.80640000012,
              588381.88040000387
            ],
            [
              264389.0560999997,
              588391.57060000114
            ],
            [
              264374.01070000138,
              588399.98579999991
            ],
            [
              264365.59550000075,
              588407.38099999912
            ],
            [
              264361.7703999998,
              588409.9310999997
            ],
            [
              264356.1603000015,
              588411.46110000275
            ],
            [
              264351.31510000397,
              588413.75620000251
            ],
            [
              264344.43000000063,
              588414.7762000002
            ],
            [
              264338.81979999971,
              588415.03120000288
            ],
            [
              264332.69970000256,
              588417.07130000554
            ],
            [
              264330.40459999908,
              588422.42640000395
            ],
            [
              264328.10960000008,
              588436.96180000156
            ]
          ]
        ]
      }
    },
    {
      "attributes" : {
        "FID" : 16,
        "PMNTN_SN" : 25593,
        "MNTN_CODE" : "421102301",
        "MNTN_NM" : "봉의산",
        "PMNTN_NM" : "후평동구간",
        "PMNTN_MAIN" : " ",
        "PMNTN_LT" : 0.03,
        "PMNTN_DFFL" : "쉬움",
        "PMNTN_UPPL" : 1,
        "PMNTN_GODN" : 0,
        "PMNTN_MTRQ" : " ",
        "PMNTN_CNRL" : " ",
        "PMNTN_CLS_" : " ",
        "PMNTN_RISK" : " ",
        "PMNTN_RECO" : " ",
        "DATA_STDR_" : "2016-12-31",
        "MNTN_ID" : "421102301"
      },
      "geometry" : {
        "paths" : [
          [
            [
              264782.68750000279,
              588009.2295999974
            ],
            [
              264777.65550000314,
              588012.20299999975
            ],
            [
              264772.84490000084,
              588014.87870000117
            ],
            [
              264768.50640000124,
              588019.2936000023
            ],
            [
              264761.64449999947,
              588023.86820000038
            ],
            [
              264760.50090000313,
              588027.29910000227
            ],
            [
              264760.50090000127,
              588031.64489999972
            ]
          ]
        ]
      }
    }
  ]
}