{
  "displayFieldName" : "",
  "fieldAliases" : {
    "FID" : "FID",
    "PMNTN_SPOT" : "PMNTN_SPOT",
    "MNTN_CODE" : "MNTN_CODE",
    "MANAGE_SP1" : "MANAGE_SP1",
    "MANAGE_SP2" : "MANAGE_SP2",
    "DETAIL_SPO" : "DETAIL_SPO",
    "ETC_MATTER" : "ETC_MATTER",
    "MNTN_NM" : "MNTN_NM",
    "PAST_SPOT_" : "PAST_SPOT_",
    "MNTN_ID" : "MNTN_ID"
  },
  "geometryType" : "esriGeometryPoint",
  "spatialReference" : {
    "wkt" : "PROJCS[\"PCS_ITRF2000_TM\",GEOGCS[\"GCS_ITRF_2000\",DATUM[\"D_ITRF_2000\",SPHEROID[\"GRS_1980\",6378137.0,298.257222101]],PRIMEM[\"Greenwich\",0.0],UNIT[\"Degree\",0.0174532925199433]],PROJECTION[\"Transverse_Mercator\"],PARAMETER[\"False_Easting\",200000.0],PARAMETER[\"False_Northing\",600000.0],PARAMETER[\"Central_Meridian\",127.0],PARAMETER[\"Scale_Factor\",1.0],PARAMETER[\"Latitude_Of_Origin\",38.0],UNIT[\"Meter\",1.0]]"
  },
  "fields" : [
    {
      "name" : "FID",
      "type" : "esriFieldTypeOID",
      "alias" : "FID"
    },
    {
      "name" : "PMNTN_SPOT",
      "type" : "esriFieldTypeDouble",
      "alias" : "PMNTN_SPOT"
    },
    {
      "name" : "MNTN_CODE",
      "type" : "esriFieldTypeString",
      "alias" : "MNTN_CODE",
      "length" : 9
    },
    {
      "name" : "MANAGE_SP1",
      "type" : "esriFieldTypeString",
      "alias" : "MANAGE_SP1",
      "length" : 2
    },
    {
      "name" : "MANAGE_SP2",
      "type" : "esriFieldTypeString",
      "alias" : "MANAGE_SP2",
      "length" : 50
    },
    {
      "name" : "DETAIL_SPO",
      "type" : "esriFieldTypeString",
      "alias" : "DETAIL_SPO",
      "length" : 200
    },
    {
      "name" : "ETC_MATTER",
      "type" : "esriFieldTypeString",
      "alias" : "ETC_MATTER",
      "length" : 200
    },
    {
      "name" : "MNTN_NM",
      "type" : "esriFieldTypeString",
      "alias" : "MNTN_NM",
      "length" : 50
    },
    {
      "name" : "PAST_SPOT_",
      "type" : "esriFieldTypeString",
      "alias" : "PAST_SPOT_",
      "length" : 14
    },
    {
      "name" : "MNTN_ID",
      "type" : "esriFieldTypeString",
      "alias" : "MNTN_ID",
      "length" : 10
    }
  ],
  "features" : [
    {
      "attributes" : {
        "FID" : 0,
        "PMNTN_SPOT" : 95255,
        "MNTN_CODE" : "471705601",
        "MANAGE_SP1" : "99",
        "MANAGE_SP2" : "기타",
        "DETAIL_SPO" : "밑에서 본 산모습",
        "ETC_MATTER" : " ",
        "MNTN_NM" : "황학산",
        "PAST_SPOT_" : "27110353000001",
        "MNTN_ID" : "2711035300"
      },
      "geometry" : {
        "x" : 369124.54740002006,
        "y" : 421899.71590000018
      }
    },
    {
      "attributes" : {
        "FID" : 1,
        "PMNTN_SPOT" : 95256,
        "MNTN_CODE" : "471705601",
        "MANAGE_SP1" : "99",
        "MANAGE_SP2" : "기타",
        "DETAIL_SPO" : "삼각점시설",
        "ETC_MATTER" : " ",
        "MNTN_NM" : "황학산",
        "PAST_SPOT_" : "27110353000002",
        "MNTN_ID" : "2711035300"
      },
      "geometry" : {
        "x" : 368684.01100002229,
        "y" : 421410.7449000068
      }
    },
    {
      "attributes" : {
        "FID" : 2,
        "PMNTN_SPOT" : 95257,
        "MNTN_CODE" : "471705601",
        "MANAGE_SP1" : "22",
        "MANAGE_SP2" : "헬기장",
        "DETAIL_SPO" : "헬기장",
        "ETC_MATTER" : " ",
        "MNTN_NM" : "황학산",
        "PAST_SPOT_" : "27110353000003",
        "MNTN_ID" : "2711035300"
      },
      "geometry" : {
        "x" : 368657.64540002216,
        "y" : 421389.32580000535
      }
    },
    {
      "attributes" : {
        "FID" : 3,
        "PMNTN_SPOT" : 95258,
        "MNTN_CODE" : "471705601",
        "MANAGE_SP1" : "99",
        "MANAGE_SP2" : "기타",
        "DETAIL_SPO" : "통신기지국",
        "ETC_MATTER" : " ",
        "MNTN_NM" : "황학산",
        "PAST_SPOT_" : "27110353000004",
        "MNTN_ID" : "2711035300"
      },
      "geometry" : {
        "x" : 368880.61750002299,
        "y" : 421510.75989999995
      }
    },
    {
      "attributes" : {
        "FID" : 4,
        "PMNTN_SPOT" : 95259,
        "MNTN_CODE" : "471705601",
        "MANAGE_SP1" : "02",
        "MANAGE_SP2" : "분기점",
        "DETAIL_SPO" : "분기점",
        "ETC_MATTER" : " ",
        "MNTN_NM" : "황학산",
        "PAST_SPOT_" : "27110353000005",
        "MNTN_ID" : "2711035300"
      },
      "geometry" : {
        "x" : 368891.61090002302,
        "y" : 421493.05900000036
      }
    },
    {
      "attributes" : {
        "FID" : 5,
        "PMNTN_SPOT" : 95260,
        "MNTN_CODE" : "471705601",
        "MANAGE_SP1" : "01",
        "MANAGE_SP2" : "시종점",
        "DETAIL_SPO" : "시종점",
        "ETC_MATTER" : " ",
        "MNTN_NM" : "황학산",
        "PAST_SPOT_" : "27110353000006",
        "MNTN_ID" : "2711035300"
      },
      "geometry" : {
        "x" : 369085.5221000202,
        "y" : 420550.07340000197
      }
    },
    {
      "attributes" : {
        "FID" : 6,
        "PMNTN_SPOT" : 95261,
        "MNTN_CODE" : "471705601",
        "MANAGE_SP1" : "02",
        "MANAGE_SP2" : "분기점",
        "DETAIL_SPO" : "분기점",
        "ETC_MATTER" : " ",
        "MNTN_NM" : "황학산",
        "PAST_SPOT_" : "27110353000007",
        "MNTN_ID" : "2711035300"
      },
      "geometry" : {
        "x" : 369153.92820002232,
        "y" : 421561.60110000335
      }
    },
    {
      "attributes" : {
        "FID" : 7,
        "PMNTN_SPOT" : 95262,
        "MNTN_CODE" : "471705601",
        "MANAGE_SP1" : "01",
        "MANAGE_SP2" : "시종점",
        "DETAIL_SPO" : "시종점",
        "ETC_MATTER" : " ",
        "MNTN_NM" : "황학산",
        "PAST_SPOT_" : "27110353000008",
        "MNTN_ID" : "2711035300"
      },
      "geometry" : {
        "x" : 369418.63280002214,
        "y" : 420564.47140000202
      }
    },
    {
      "attributes" : {
        "FID" : 8,
        "PMNTN_SPOT" : 95263,
        "MNTN_CODE" : "471705601",
        "MANAGE_SP1" : "01",
        "MANAGE_SP2" : "시종점",
        "DETAIL_SPO" : "시종점",
        "ETC_MATTER" : " ",
        "MNTN_NM" : "황학산",
        "PAST_SPOT_" : "27110353000009",
        "MNTN_ID" : "2711035300"
      },
      "geometry" : {
        "x" : 369642.40230002161,
        "y" : 422297.29610000737
      }
    },
    {
      "attributes" : {
        "FID" : 9,
        "PMNTN_SPOT" : 95264,
        "MNTN_CODE" : "471705601",
        "MANAGE_SP1" : "02",
        "MANAGE_SP2" : "분기점",
        "DETAIL_SPO" : "분기점",
        "ETC_MATTER" : " ",
        "MNTN_NM" : "황학산",
        "PAST_SPOT_" : "27110353000010",
        "MNTN_ID" : "2711035300"
      },
      "geometry" : {
        "x" : 369651.61950002331,
        "y" : 422210.47480000556
      }
    }
  ]
}