{
  "displayFieldName" : "",
  "fieldAliases" : {
    "FID" : "FID",
    "PMNTN_SPOT" : "PMNTN_SPOT",
    "MNTN_CODE" : "MNTN_CODE",
    "MANAGE_SP1" : "MANAGE_SP1",
    "MANAGE_SP2" : "MANAGE_SP2",
    "DETAIL_SPO" : "DETAIL_SPO",
    "ETC_MATTER" : "ETC_MATTER",
    "MNTN_NM" : "MNTN_NM",
    "PAST_SPOT_" : "PAST_SPOT_",
    "MNTN_ID" : "MNTN_ID"
  },
  "geometryType" : "esriGeometryPoint",
  "spatialReference" : {
    "wkt" : "PROJCS[\"PCS_ITRF2000_TM\",GEOGCS[\"GCS_ITRF_2000\",DATUM[\"D_ITRF_2000\",SPHEROID[\"GRS_1980\",6378137.0,298.257222101]],PRIMEM[\"Greenwich\",0.0],UNIT[\"Degree\",0.0174532925199433]],PROJECTION[\"Transverse_Mercator\"],PARAMETER[\"False_Easting\",200000.0],PARAMETER[\"False_Northing\",600000.0],PARAMETER[\"Central_Meridian\",127.0],PARAMETER[\"Scale_Factor\",1.0],PARAMETER[\"Latitude_Of_Origin\",38.0],UNIT[\"Meter\",1.0]]"
  },
  "fields" : [
    {
      "name" : "FID",
      "type" : "esriFieldTypeOID",
      "alias" : "FID"
    },
    {
      "name" : "PMNTN_SPOT",
      "type" : "esriFieldTypeDouble",
      "alias" : "PMNTN_SPOT"
    },
    {
      "name" : "MNTN_CODE",
      "type" : "esriFieldTypeString",
      "alias" : "MNTN_CODE",
      "length" : 9
    },
    {
      "name" : "MANAGE_SP1",
      "type" : "esriFieldTypeString",
      "alias" : "MANAGE_SP1",
      "length" : 2
    },
    {
      "name" : "MANAGE_SP2",
      "type" : "esriFieldTypeString",
      "alias" : "MANAGE_SP2",
      "length" : 50
    },
    {
      "name" : "DETAIL_SPO",
      "type" : "esriFieldTypeString",
      "alias" : "DETAIL_SPO",
      "length" : 200
    },
    {
      "name" : "ETC_MATTER",
      "type" : "esriFieldTypeString",
      "alias" : "ETC_MATTER",
      "length" : 200
    },
    {
      "name" : "MNTN_NM",
      "type" : "esriFieldTypeString",
      "alias" : "MNTN_NM",
      "length" : 50
    },
    {
      "name" : "PAST_SPOT_",
      "type" : "esriFieldTypeString",
      "alias" : "PAST_SPOT_",
      "length" : 14
    },
    {
      "name" : "MNTN_ID",
      "type" : "esriFieldTypeString",
      "alias" : "MNTN_ID",
      "length" : 10
    }
  ],
  "features" : [
    {
      "attributes" : {
        "FID" : 0,
        "PMNTN_SPOT" : 56623,
        "MNTN_CODE" : "113801104",
        "MANAGE_SP1" : "99",
        "MANAGE_SP2" : "기타",
        "DETAIL_SPO" : "배드민턴장,허리돌리기",
        "ETC_MATTER" : " ",
        "MNTN_NM" : "신사근린공원",
        "PAST_SPOT_" : "1138011040001",
        "MNTN_ID" : "113801104"
      },
      "geometry" : {
        "x" : 192157.60400000121,
        "y" : 554796.99860000052
      }
    },
    {
      "attributes" : {
        "FID" : 1,
        "PMNTN_SPOT" : 56624,
        "MNTN_CODE" : "113801104",
        "MANAGE_SP1" : "99",
        "MANAGE_SP2" : "기타",
        "DETAIL_SPO" : "만남의쉼터",
        "ETC_MATTER" : " ",
        "MNTN_NM" : "신사근린공원",
        "PAST_SPOT_" : "1138011040002",
        "MNTN_ID" : "113801104"
      },
      "geometry" : {
        "x" : 192106.67050000001,
        "y" : 554995.26560000144
      }
    },
    {
      "attributes" : {
        "FID" : 2,
        "PMNTN_SPOT" : 56625,
        "MNTN_CODE" : "113801104",
        "MANAGE_SP1" : "99",
        "MANAGE_SP2" : "기타",
        "DETAIL_SPO" : "하늘아래쉼터",
        "ETC_MATTER" : " ",
        "MNTN_NM" : "신사근린공원",
        "PAST_SPOT_" : "1138011040003",
        "MNTN_ID" : "113801104"
      },
      "geometry" : {
        "x" : 192163.25210000109,
        "y" : 554906.60099999979
      }
    },
    {
      "attributes" : {
        "FID" : 3,
        "PMNTN_SPOT" : 56626,
        "MNTN_CODE" : "113801104",
        "MANAGE_SP1" : "99",
        "MANAGE_SP2" : "기타",
        "DETAIL_SPO" : "방범초소",
        "ETC_MATTER" : " ",
        "MNTN_NM" : "신사근린공원",
        "PAST_SPOT_" : "1138011040004",
        "MNTN_ID" : "113801104"
      },
      "geometry" : {
        "x" : 191872.15660000034,
        "y" : 554671.74819999933
      }
    },
    {
      "attributes" : {
        "FID" : 4,
        "PMNTN_SPOT" : 56627,
        "MNTN_CODE" : "113801104",
        "MANAGE_SP1" : "99",
        "MANAGE_SP2" : "기타",
        "DETAIL_SPO" : "꽃그늘쉼터",
        "ETC_MATTER" : " ",
        "MNTN_NM" : "신사근린공원",
        "PAST_SPOT_" : "1138011040005",
        "MNTN_ID" : "113801104"
      },
      "geometry" : {
        "x" : 192027.03520000074,
        "y" : 554856.25290000066
      }
    },
    {
      "attributes" : {
        "FID" : 5,
        "PMNTN_SPOT" : 56628,
        "MNTN_CODE" : "113801104",
        "MANAGE_SP1" : "01",
        "MANAGE_SP2" : "시종점",
        "DETAIL_SPO" : "시종점",
        "ETC_MATTER" : " ",
        "MNTN_NM" : "신사근린공원",
        "PAST_SPOT_" : "1138011040006",
        "MNTN_ID" : "113801104"
      },
      "geometry" : {
        "x" : 191872.82640000153,
        "y" : 554666.21810000204
      }
    },
    {
      "attributes" : {
        "FID" : 6,
        "PMNTN_SPOT" : 56629,
        "MNTN_CODE" : "113801104",
        "MANAGE_SP1" : "01",
        "MANAGE_SP2" : "시종점",
        "DETAIL_SPO" : "시종점",
        "ETC_MATTER" : " ",
        "MNTN_NM" : "신사근린공원",
        "PAST_SPOT_" : "1138011040007",
        "MNTN_ID" : "113801104"
      },
      "geometry" : {
        "x" : 191882.44910000172,
        "y" : 554741.12450000085
      }
    },
    {
      "attributes" : {
        "FID" : 7,
        "PMNTN_SPOT" : 56630,
        "MNTN_CODE" : "113801104",
        "MANAGE_SP1" : "02",
        "MANAGE_SP2" : "분기점",
        "DETAIL_SPO" : "분기점",
        "ETC_MATTER" : " ",
        "MNTN_NM" : "신사근린공원",
        "PAST_SPOT_" : "1138011040008",
        "MNTN_ID" : "113801104"
      },
      "geometry" : {
        "x" : 191916.51700000092,
        "y" : 554696.40509999916
      }
    },
    {
      "attributes" : {
        "FID" : 8,
        "PMNTN_SPOT" : 56631,
        "MNTN_CODE" : "113801104",
        "MANAGE_SP1" : "02",
        "MANAGE_SP2" : "분기점",
        "DETAIL_SPO" : "분기점",
        "ETC_MATTER" : " ",
        "MNTN_NM" : "신사근린공원",
        "PAST_SPOT_" : "1138011040009",
        "MNTN_ID" : "113801104"
      },
      "geometry" : {
        "x" : 191946.87880000006,
        "y" : 554780.74850000255
      }
    },
    {
      "attributes" : {
        "FID" : 9,
        "PMNTN_SPOT" : 56632,
        "MNTN_CODE" : "113801104",
        "MANAGE_SP1" : "01",
        "MANAGE_SP2" : "시종점",
        "DETAIL_SPO" : "시종점",
        "ETC_MATTER" : " ",
        "MNTN_NM" : "신사근린공원",
        "PAST_SPOT_" : "1138011040010",
        "MNTN_ID" : "113801104"
      },
      "geometry" : {
        "x" : 191949.20380000211,
        "y" : 554634.08730000071
      }
    },
    {
      "attributes" : {
        "FID" : 10,
        "PMNTN_SPOT" : 56633,
        "MNTN_CODE" : "113801104",
        "MANAGE_SP1" : "02",
        "MANAGE_SP2" : "분기점",
        "DETAIL_SPO" : "분기점",
        "ETC_MATTER" : " ",
        "MNTN_NM" : "신사근린공원",
        "PAST_SPOT_" : "1138011040011",
        "MNTN_ID" : "113801104"
      },
      "geometry" : {
        "x" : 191965.63210000005,
        "y" : 554780.74400000274
      }
    },
    {
      "attributes" : {
        "FID" : 11,
        "PMNTN_SPOT" : 56634,
        "MNTN_CODE" : "113801104",
        "MANAGE_SP1" : "01",
        "MANAGE_SP2" : "시종점",
        "DETAIL_SPO" : "시종점",
        "ETC_MATTER" : " ",
        "MNTN_NM" : "신사근린공원",
        "PAST_SPOT_" : "1138011040012",
        "MNTN_ID" : "113801104"
      },
      "geometry" : {
        "x" : 191979.70360000059,
        "y" : 554616.13800000027
      }
    },
    {
      "attributes" : {
        "FID" : 12,
        "PMNTN_SPOT" : 56635,
        "MNTN_CODE" : "113801104",
        "MANAGE_SP1" : "02",
        "MANAGE_SP2" : "분기점",
        "DETAIL_SPO" : "분기점",
        "ETC_MATTER" : " ",
        "MNTN_NM" : "신사근린공원",
        "PAST_SPOT_" : "1138011040013",
        "MNTN_ID" : "113801104"
      },
      "geometry" : {
        "x" : 191980.70980000217,
        "y" : 554771.59380000085
      }
    },
    {
      "attributes" : {
        "FID" : 13,
        "PMNTN_SPOT" : 56636,
        "MNTN_CODE" : "113801104",
        "MANAGE_SP1" : "01",
        "MANAGE_SP2" : "시종점",
        "DETAIL_SPO" : "시종점",
        "ETC_MATTER" : " ",
        "MNTN_NM" : "신사근린공원",
        "PAST_SPOT_" : "1138011040014",
        "MNTN_ID" : "113801104"
      },
      "geometry" : {
        "x" : 191986.35580000002,
        "y" : 554861.99360000156
      }
    },
    {
      "attributes" : {
        "FID" : 14,
        "PMNTN_SPOT" : 56637,
        "MNTN_CODE" : "113801104",
        "MANAGE_SP1" : "02",
        "MANAGE_SP2" : "분기점",
        "DETAIL_SPO" : "분기점",
        "ETC_MATTER" : " ",
        "MNTN_NM" : "신사근린공원",
        "PAST_SPOT_" : "1138011040015",
        "MNTN_ID" : "113801104"
      },
      "geometry" : {
        "x" : 191990.37790000066,
        "y" : 554831.29580000415
      }
    },
    {
      "attributes" : {
        "FID" : 15,
        "PMNTN_SPOT" : 56638,
        "MNTN_CODE" : "113801104",
        "MANAGE_SP1" : "02",
        "MANAGE_SP2" : "분기점",
        "DETAIL_SPO" : "분기점",
        "ETC_MATTER" : " ",
        "MNTN_NM" : "신사근린공원",
        "PAST_SPOT_" : "1138011040016",
        "MNTN_ID" : "113801104"
      },
      "geometry" : {
        "x" : 192005.62650000025,
        "y" : 554834.30480000004
      }
    },
    {
      "attributes" : {
        "FID" : 16,
        "PMNTN_SPOT" : 56639,
        "MNTN_CODE" : "113801104",
        "MANAGE_SP1" : "02",
        "MANAGE_SP2" : "분기점",
        "DETAIL_SPO" : "분기점",
        "ETC_MATTER" : " ",
        "MNTN_NM" : "신사근린공원",
        "PAST_SPOT_" : "1138011040017",
        "MNTN_ID" : "113801104"
      },
      "geometry" : {
        "x" : 192016.51630000025,
        "y" : 554625.07030000351
      }
    },
    {
      "attributes" : {
        "FID" : 17,
        "PMNTN_SPOT" : 56640,
        "MNTN_CODE" : "113801104",
        "MANAGE_SP1" : "02",
        "MANAGE_SP2" : "분기점",
        "DETAIL_SPO" : "분기점",
        "ETC_MATTER" : " ",
        "MNTN_NM" : "신사근린공원",
        "PAST_SPOT_" : "1138011040018",
        "MNTN_ID" : "113801104"
      },
      "geometry" : {
        "x" : 192029.42600000091,
        "y" : 554734.95170000009
      }
    },
    {
      "attributes" : {
        "FID" : 18,
        "PMNTN_SPOT" : 56641,
        "MNTN_CODE" : "113801104",
        "MANAGE_SP1" : "02",
        "MANAGE_SP2" : "분기점",
        "DETAIL_SPO" : "분기점",
        "ETC_MATTER" : " ",
        "MNTN_NM" : "신사근린공원",
        "PAST_SPOT_" : "1138011040019",
        "MNTN_ID" : "113801104"
      },
      "geometry" : {
        "x" : 192040.6464000009,
        "y" : 554826.63350000232
      }
    },
    {
      "attributes" : {
        "FID" : 19,
        "PMNTN_SPOT" : 56642,
        "MNTN_CODE" : "113801104",
        "MANAGE_SP1" : "01",
        "MANAGE_SP2" : "시종점",
        "DETAIL_SPO" : "시종점",
        "ETC_MATTER" : " ",
        "MNTN_NM" : "신사근린공원",
        "PAST_SPOT_" : "1138011040020",
        "MNTN_ID" : "113801104"
      },
      "geometry" : {
        "x" : 192053.75379999913,
        "y" : 554999.16100000031
      }
    },
    {
      "attributes" : {
        "FID" : 20,
        "PMNTN_SPOT" : 56643,
        "MNTN_CODE" : "113801104",
        "MANAGE_SP1" : "02",
        "MANAGE_SP2" : "분기점",
        "DETAIL_SPO" : "분기점",
        "ETC_MATTER" : " ",
        "MNTN_NM" : "신사근린공원",
        "PAST_SPOT_" : "1138011040021",
        "MNTN_ID" : "113801104"
      },
      "geometry" : {
        "x" : 192063.3721000012,
        "y" : 554820.79829999991
      }
    },
    {
      "attributes" : {
        "FID" : 21,
        "PMNTN_SPOT" : 56644,
        "MNTN_CODE" : "113801104",
        "MANAGE_SP1" : "02",
        "MANAGE_SP2" : "분기점",
        "DETAIL_SPO" : "분기점",
        "ETC_MATTER" : " ",
        "MNTN_NM" : "신사근린공원",
        "PAST_SPOT_" : "1138011040022",
        "MNTN_ID" : "113801104"
      },
      "geometry" : {
        "x" : 192086.22800000198,
        "y" : 554998.09170000069
      }
    },
    {
      "attributes" : {
        "FID" : 22,
        "PMNTN_SPOT" : 56645,
        "MNTN_CODE" : "113801104",
        "MANAGE_SP1" : "02",
        "MANAGE_SP2" : "분기점",
        "DETAIL_SPO" : "분기점",
        "ETC_MATTER" : " ",
        "MNTN_NM" : "신사근린공원",
        "PAST_SPOT_" : "1138011040023",
        "MNTN_ID" : "113801104"
      },
      "geometry" : {
        "x" : 192095.12399999984,
        "y" : 554857.69140000083
      }
    },
    {
      "attributes" : {
        "FID" : 23,
        "PMNTN_SPOT" : 56646,
        "MNTN_CODE" : "113801104",
        "MANAGE_SP1" : "01",
        "MANAGE_SP2" : "시종점",
        "DETAIL_SPO" : "시종점",
        "ETC_MATTER" : " ",
        "MNTN_NM" : "신사근린공원",
        "PAST_SPOT_" : "1138011040024",
        "MNTN_ID" : "113801104"
      },
      "geometry" : {
        "x" : 192095.76750000101,
        "y" : 555041.17989999987
      }
    },
    {
      "attributes" : {
        "FID" : 24,
        "PMNTN_SPOT" : 56647,
        "MNTN_CODE" : "113801104",
        "MANAGE_SP1" : "02",
        "MANAGE_SP2" : "분기점",
        "DETAIL_SPO" : "분기점",
        "ETC_MATTER" : " ",
        "MNTN_NM" : "신사근린공원",
        "PAST_SPOT_" : "1138011040025",
        "MNTN_ID" : "113801104"
      },
      "geometry" : {
        "x" : 192103.79889999982,
        "y" : 554894.72169999965
      }
    },
    {
      "attributes" : {
        "FID" : 25,
        "PMNTN_SPOT" : 56648,
        "MNTN_CODE" : "113801104",
        "MANAGE_SP1" : "02",
        "MANAGE_SP2" : "분기점",
        "DETAIL_SPO" : "분기점",
        "ETC_MATTER" : " ",
        "MNTN_NM" : "신사근린공원",
        "PAST_SPOT_" : "1138011040026",
        "MNTN_ID" : "113801104"
      },
      "geometry" : {
        "x" : 192107.34380000085,
        "y" : 554994.94860000163
      }
    },
    {
      "attributes" : {
        "FID" : 26,
        "PMNTN_SPOT" : 56649,
        "MNTN_CODE" : "113801104",
        "MANAGE_SP1" : "02",
        "MANAGE_SP2" : "분기점",
        "DETAIL_SPO" : "분기점",
        "ETC_MATTER" : " ",
        "MNTN_NM" : "신사근린공원",
        "PAST_SPOT_" : "1138011040027",
        "MNTN_ID" : "113801104"
      },
      "geometry" : {
        "x" : 192115.38900000043,
        "y" : 554793.36930000037
      }
    },
    {
      "attributes" : {
        "FID" : 27,
        "PMNTN_SPOT" : 56650,
        "MNTN_CODE" : "113801104",
        "MANAGE_SP1" : "02",
        "MANAGE_SP2" : "분기점",
        "DETAIL_SPO" : "분기점",
        "ETC_MATTER" : " ",
        "MNTN_NM" : "신사근린공원",
        "PAST_SPOT_" : "1138011040028",
        "MNTN_ID" : "113801104"
      },
      "geometry" : {
        "x" : 192123.69010000024,
        "y" : 554917.65370000154
      }
    },
    {
      "attributes" : {
        "FID" : 28,
        "PMNTN_SPOT" : 56651,
        "MNTN_CODE" : "113801104",
        "MANAGE_SP1" : "01",
        "MANAGE_SP2" : "시종점",
        "DETAIL_SPO" : "시종점",
        "ETC_MATTER" : " ",
        "MNTN_NM" : "신사근린공원",
        "PAST_SPOT_" : "1138011040029",
        "MNTN_ID" : "113801104"
      },
      "geometry" : {
        "x" : 192138.33420000132,
        "y" : 554549.39340000041
      }
    },
    {
      "attributes" : {
        "FID" : 29,
        "PMNTN_SPOT" : 56652,
        "MNTN_CODE" : "113801104",
        "MANAGE_SP1" : "02",
        "MANAGE_SP2" : "분기점",
        "DETAIL_SPO" : "분기점",
        "ETC_MATTER" : " ",
        "MNTN_NM" : "신사근린공원",
        "PAST_SPOT_" : "1138011040030",
        "MNTN_ID" : "113801104"
      },
      "geometry" : {
        "x" : 192147.91940000094,
        "y" : 554896.49389999919
      }
    },
    {
      "attributes" : {
        "FID" : 30,
        "PMNTN_SPOT" : 56653,
        "MNTN_CODE" : "113801104",
        "MANAGE_SP1" : "02",
        "MANAGE_SP2" : "분기점",
        "DETAIL_SPO" : "분기점",
        "ETC_MATTER" : " ",
        "MNTN_NM" : "신사근린공원",
        "PAST_SPOT_" : "1138011040031",
        "MNTN_ID" : "113801104"
      },
      "geometry" : {
        "x" : 192157.53789999988,
        "y" : 554801.27439999953
      }
    },
    {
      "attributes" : {
        "FID" : 31,
        "PMNTN_SPOT" : 56654,
        "MNTN_CODE" : "113801104",
        "MANAGE_SP1" : "02",
        "MANAGE_SP2" : "분기점",
        "DETAIL_SPO" : "분기점",
        "ETC_MATTER" : " ",
        "MNTN_NM" : "신사근린공원",
        "PAST_SPOT_" : "1138011040032",
        "MNTN_ID" : "113801104"
      },
      "geometry" : {
        "x" : 192162.16990000196,
        "y" : 554885.22729999945
      }
    },
    {
      "attributes" : {
        "FID" : 32,
        "PMNTN_SPOT" : 56655,
        "MNTN_CODE" : "113801104",
        "MANAGE_SP1" : "02",
        "MANAGE_SP2" : "분기점",
        "DETAIL_SPO" : "분기점",
        "ETC_MATTER" : " ",
        "MNTN_NM" : "신사근린공원",
        "PAST_SPOT_" : "1138011040033",
        "MNTN_ID" : "113801104"
      },
      "geometry" : {
        "x" : 192171.34210000187,
        "y" : 554902.7734999992
      }
    },
    {
      "attributes" : {
        "FID" : 33,
        "PMNTN_SPOT" : 56656,
        "MNTN_CODE" : "113801104",
        "MANAGE_SP1" : "02",
        "MANAGE_SP2" : "분기점",
        "DETAIL_SPO" : "분기점",
        "ETC_MATTER" : " ",
        "MNTN_NM" : "신사근린공원",
        "PAST_SPOT_" : "1138011040034",
        "MNTN_ID" : "113801104"
      },
      "geometry" : {
        "x" : 192173.20090000052,
        "y" : 554875.41840000078
      }
    },
    {
      "attributes" : {
        "FID" : 34,
        "PMNTN_SPOT" : 56657,
        "MNTN_CODE" : "113801104",
        "MANAGE_SP1" : "02",
        "MANAGE_SP2" : "분기점",
        "DETAIL_SPO" : "분기점",
        "ETC_MATTER" : " ",
        "MNTN_NM" : "신사근린공원",
        "PAST_SPOT_" : "1138011040035",
        "MNTN_ID" : "113801104"
      },
      "geometry" : {
        "x" : 192176.28570000175,
        "y" : 554732.09369999915
      }
    },
    {
      "attributes" : {
        "FID" : 35,
        "PMNTN_SPOT" : 56658,
        "MNTN_CODE" : "113801104",
        "MANAGE_SP1" : "02",
        "MANAGE_SP2" : "분기점",
        "DETAIL_SPO" : "분기점",
        "ETC_MATTER" : " ",
        "MNTN_NM" : "신사근린공원",
        "PAST_SPOT_" : "1138011040036",
        "MNTN_ID" : "113801104"
      },
      "geometry" : {
        "x" : 192176.73000000045,
        "y" : 554674.17790000141
      }
    },
    {
      "attributes" : {
        "FID" : 36,
        "PMNTN_SPOT" : 56659,
        "MNTN_CODE" : "113801104",
        "MANAGE_SP1" : "02",
        "MANAGE_SP2" : "분기점",
        "DETAIL_SPO" : "분기점",
        "ETC_MATTER" : " ",
        "MNTN_NM" : "신사근린공원",
        "PAST_SPOT_" : "1138011040037",
        "MNTN_ID" : "113801104"
      },
      "geometry" : {
        "x" : 192180.63180000056,
        "y" : 554733.21460000239
      }
    },
    {
      "attributes" : {
        "FID" : 37,
        "PMNTN_SPOT" : 56660,
        "MNTN_CODE" : "113801104",
        "MANAGE_SP1" : "02",
        "MANAGE_SP2" : "분기점",
        "DETAIL_SPO" : "분기점",
        "ETC_MATTER" : " ",
        "MNTN_NM" : "신사근린공원",
        "PAST_SPOT_" : "1138011040038",
        "MNTN_ID" : "113801104"
      },
      "geometry" : {
        "x" : 192182.44099999964,
        "y" : 554678.26449999958
      }
    },
    {
      "attributes" : {
        "FID" : 38,
        "PMNTN_SPOT" : 56661,
        "MNTN_CODE" : "113801104",
        "MANAGE_SP1" : "01",
        "MANAGE_SP2" : "시종점",
        "DETAIL_SPO" : "시종점",
        "ETC_MATTER" : " ",
        "MNTN_NM" : "신사근린공원",
        "PAST_SPOT_" : "1138011040039",
        "MNTN_ID" : "113801104"
      },
      "geometry" : {
        "x" : 192212.4729000004,
        "y" : 554714.50420000032
      }
    },
    {
      "attributes" : {
        "FID" : 39,
        "PMNTN_SPOT" : 97880,
        "MNTN_CODE" : "113801104",
        "MANAGE_SP1" : "05",
        "MANAGE_SP2" : "벤치",
        "DETAIL_SPO" : "벤치",
        "ETC_MATTER" : " ",
        "MNTN_NM" : "신사근린공원",
        "PAST_SPOT_" : "1138011040040",
        "MNTN_ID" : "113801104"
      },
      "geometry" : {
        "x" : 192064.32400000002,
        "y" : 554819.93539999984
      }
    },
    {
      "attributes" : {
        "FID" : 40,
        "PMNTN_SPOT" : 97881,
        "MNTN_CODE" : "113801104",
        "MANAGE_SP1" : "11",
        "MANAGE_SP2" : "안내판또는지도",
        "DETAIL_SPO" : "안내판또는지도",
        "ETC_MATTER" : " ",
        "MNTN_NM" : "신사근린공원",
        "PAST_SPOT_" : "1138011040041",
        "MNTN_ID" : "113801104"
      },
      "geometry" : {
        "x" : 191997.55330000058,
        "y" : 554843.4245000002
      }
    },
    {
      "attributes" : {
        "FID" : 41,
        "PMNTN_SPOT" : 97882,
        "MNTN_CODE" : "113801104",
        "MANAGE_SP1" : "23",
        "MANAGE_SP2" : "정상",
        "DETAIL_SPO" : "정상",
        "ETC_MATTER" : " ",
        "MNTN_NM" : "신사근린공원",
        "PAST_SPOT_" : "1138011040042",
        "MNTN_ID" : "113801104"
      },
      "geometry" : {
        "x" : 192097.43039999975,
        "y" : 554659.1296999997
      }
    },
    {
      "attributes" : {
        "FID" : 42,
        "PMNTN_SPOT" : 97883,
        "MNTN_CODE" : "113801104",
        "MANAGE_SP1" : "09",
        "MANAGE_SP2" : "기타건물",
        "DETAIL_SPO" : "기타건물",
        "ETC_MATTER" : " ",
        "MNTN_NM" : "신사근린공원",
        "PAST_SPOT_" : "1138011040043",
        "MNTN_ID" : "113801104"
      },
      "geometry" : {
        "x" : 192164.63369999925,
        "y" : 554668.67589999945
      }
    },
    {
      "attributes" : {
        "FID" : 43,
        "PMNTN_SPOT" : 97884,
        "MNTN_CODE" : "113801104",
        "MANAGE_SP1" : "07",
        "MANAGE_SP2" : "시설물(운동기구 등)",
        "DETAIL_SPO" : "배드민턴장",
        "ETC_MATTER" : " ",
        "MNTN_NM" : "신사근린공원",
        "PAST_SPOT_" : "1138011040044",
        "MNTN_ID" : "113801104"
      },
      "geometry" : {
        "x" : 192077.08679999947,
        "y" : 554999.08010000049
      }
    },
    {
      "attributes" : {
        "FID" : 44,
        "PMNTN_SPOT" : 97885,
        "MNTN_CODE" : "113801104",
        "MANAGE_SP1" : "23",
        "MANAGE_SP2" : "정상",
        "DETAIL_SPO" : "정상",
        "ETC_MATTER" : " ",
        "MNTN_NM" : "신사근린공원",
        "PAST_SPOT_" : "1138011040045",
        "MNTN_ID" : "113801104"
      },
      "geometry" : {
        "x" : 192116.41229999979,
        "y" : 554917.63220000081
      }
    },
    {
      "attributes" : {
        "FID" : 45,
        "PMNTN_SPOT" : 97886,
        "MNTN_CODE" : "113801104",
        "MANAGE_SP1" : "15",
        "MANAGE_SP2" : "훼손지",
        "DETAIL_SPO" : "훼손지",
        "ETC_MATTER" : " ",
        "MNTN_NM" : "신사근린공원",
        "PAST_SPOT_" : "1138011040046",
        "MNTN_ID" : "113801104"
      },
      "geometry" : {
        "x" : 191973.18039999958,
        "y" : 554648.15980000107
      }
    },
    {
      "attributes" : {
        "FID" : 46,
        "PMNTN_SPOT" : 97887,
        "MNTN_CODE" : "113801104",
        "MANAGE_SP1" : "09",
        "MANAGE_SP2" : "기타건물",
        "DETAIL_SPO" : "기타건물",
        "ETC_MATTER" : " ",
        "MNTN_NM" : "신사근린공원",
        "PAST_SPOT_" : "1138011040047",
        "MNTN_ID" : "113801104"
      },
      "geometry" : {
        "x" : 191897.74020000087,
        "y" : 554686.85909999907
      }
    },
    {
      "attributes" : {
        "FID" : 47,
        "PMNTN_SPOT" : 97888,
        "MNTN_CODE" : "113801104",
        "MANAGE_SP1" : "15",
        "MANAGE_SP2" : "훼손지",
        "DETAIL_SPO" : "훼손지",
        "ETC_MATTER" : " ",
        "MNTN_NM" : "신사근린공원",
        "PAST_SPOT_" : "1138011040048",
        "MNTN_ID" : "113801104"
      },
      "geometry" : {
        "x" : 191952.09080000038,
        "y" : 554694.76950000017
      }
    }
  ]
}