{
  "displayFieldName" : "",
  "fieldAliases" : {
    "FID" : "FID",
    "PMNTN_SN" : "PMNTN_SN",
    "MNTN_CODE" : "MNTN_CODE",
    "MNTN_NM" : "MNTN_NM",
    "PMNTN_NM" : "PMNTN_NM",
    "PMNTN_MAIN" : "PMNTN_MAIN",
    "PMNTN_LT" : "PMNTN_LT",
    "PMNTN_DFFL" : "PMNTN_DFFL",
    "PMNTN_UPPL" : "PMNTN_UPPL",
    "PMNTN_GODN" : "PMNTN_GODN",
    "PMNTN_MTRQ" : "PMNTN_MTRQ",
    "PMNTN_CNRL" : "PMNTN_CNRL",
    "PMNTN_CLS_" : "PMNTN_CLS_",
    "PMNTN_RISK" : "PMNTN_RISK",
    "PMNTN_RECO" : "PMNTN_RECO",
    "DATA_STDR_" : "DATA_STDR_",
    "MNTN_ID" : "MNTN_ID"
  },
  "geometryType" : "esriGeometryPolyline",
  "spatialReference" : {
    "wkt" : "PROJCS[\"PCS_ITRF2000_TM\",GEOGCS[\"GCS_ITRF_2000\",DATUM[\"D_ITRF_2000\",SPHEROID[\"GRS_1980\",6378137.0,298.257222101]],PRIMEM[\"Greenwich\",0.0],UNIT[\"Degree\",0.0174532925199433]],PROJECTION[\"Transverse_Mercator\"],PARAMETER[\"False_Easting\",200000.0],PARAMETER[\"False_Northing\",600000.0],PARAMETER[\"Central_Meridian\",127.0],PARAMETER[\"Scale_Factor\",1.0],PARAMETER[\"Latitude_Of_Origin\",38.0],UNIT[\"Meter\",1.0]]"
  },
  "fields" : [
    {
      "name" : "FID",
      "type" : "esriFieldTypeOID",
      "alias" : "FID"
    },
    {
      "name" : "PMNTN_SN",
      "type" : "esriFieldTypeDouble",
      "alias" : "PMNTN_SN"
    },
    {
      "name" : "MNTN_CODE",
      "type" : "esriFieldTypeString",
      "alias" : "MNTN_CODE",
      "length" : 9
    },
    {
      "name" : "MNTN_NM",
      "type" : "esriFieldTypeString",
      "alias" : "MNTN_NM",
      "length" : 50
    },
    {
      "name" : "PMNTN_NM",
      "type" : "esriFieldTypeString",
      "alias" : "PMNTN_NM",
      "length" : 50
    },
    {
      "name" : "PMNTN_MAIN",
      "type" : "esriFieldTypeString",
      "alias" : "PMNTN_MAIN",
      "length" : 200
    },
    {
      "name" : "PMNTN_LT",
      "type" : "esriFieldTypeSingle",
      "alias" : "PMNTN_LT"
    },
    {
      "name" : "PMNTN_DFFL",
      "type" : "esriFieldTypeString",
      "alias" : "PMNTN_DFFL",
      "length" : 8
    },
    {
      "name" : "PMNTN_UPPL",
      "type" : "esriFieldTypeDouble",
      "alias" : "PMNTN_UPPL"
    },
    {
      "name" : "PMNTN_GODN",
      "type" : "esriFieldTypeDouble",
      "alias" : "PMNTN_GODN"
    },
    {
      "name" : "PMNTN_MTRQ",
      "type" : "esriFieldTypeString",
      "alias" : "PMNTN_MTRQ",
      "length" : 200
    },
    {
      "name" : "PMNTN_CNRL",
      "type" : "esriFieldTypeString",
      "alias" : "PMNTN_CNRL",
      "length" : 1
    },
    {
      "name" : "PMNTN_CLS_",
      "type" : "esriFieldTypeString",
      "alias" : "PMNTN_CLS_",
      "length" : 1
    },
    {
      "name" : "PMNTN_RISK",
      "type" : "esriFieldTypeString",
      "alias" : "PMNTN_RISK",
      "length" : 200
    },
    {
      "name" : "PMNTN_RECO",
      "type" : "esriFieldTypeString",
      "alias" : "PMNTN_RECO",
      "length" : 1
    },
    {
      "name" : "DATA_STDR_",
      "type" : "esriFieldTypeString",
      "alias" : "DATA_STDR_",
      "length" : 10
    },
    {
      "name" : "MNTN_ID",
      "type" : "esriFieldTypeString",
      "alias" : "MNTN_ID",
      "length" : 10
    }
  ],
  "features" : [
    {
      "attributes" : {
        "FID" : 0,
        "PMNTN_SN" : 48824,
        "MNTN_CODE" : "472804501",
        "MNTN_NM" : "천주산",
        "PMNTN_NM" : "간송리구간",
        "PMNTN_MAIN" : " ",
        "PMNTN_LT" : 1.95,
        "PMNTN_DFFL" : "중간",
        "PMNTN_UPPL" : 73,
        "PMNTN_GODN" : 51,
        "PMNTN_MTRQ" : " ",
        "PMNTN_CNRL" : " ",
        "PMNTN_CLS_" : " ",
        "PMNTN_RISK" : " ",
        "PMNTN_RECO" : " ",
        "DATA_STDR_" : "2016-12-31",
        "MNTN_ID" : "2707100201"
      },
      "geometry" : {
        "paths" : [
          [
            [
              317320.84084654506,
              461005.63631108031
            ],
            [
              317284.52586274222,
              461052.11286556534
            ],
            [
              317282.21145430114,
              461055.87873228267
            ],
            [
              317280.75533061475,
              461058.43300897442
            ],
            [
              317280.0755351875,
              461059.73444196209
            ],
            [
              317279.437929729,
              461061.05918446556
            ],
            [
              317278.25843206886,
              461063.75685030967
            ],
            [
              317276.61633500084,
              461067.86737759411
            ],
            [
              317274.50978393666,
              461073.38993202336
            ],
            [
              317267.73405390885,
              461091.37604833953
            ],
            [
              317265.6048399806,
              461096.88555592299
            ],
            [
              317264.474666778,
              461099.60315992869
            ],
            [
              317263.87348851562,
              461100.94149866514
            ],
            [
              317263.23511073273,
              461102.25874295086
            ],
            [
              317262.54567730986,
              461103.54703372158
            ],
            [
              317261.7962292023,
              461104.79642580263
            ],
            [
              317260.99599258509,
              461106.01701858081
            ],
            [
              317260.15873456094,
              461107.21662349254
            ],
            [
              317259.29491680861,
              461108.40117765404
            ],
            [
              317257.5169319855,
              461110.74178613536
            ],
            [
              317245.64253140334,
              461125.78343650512
            ],
            [
              317235.65942225698,
              461138.58463564888
            ],
            [
              317232.91583483759,
              461142.04490558617
            ],
            [
              317231.0373872472,
              461144.28308918327
            ],
            [
              317230.06718679797,
              461145.35917193815
            ],
            [
              317229.06431164965,
              461146.38990159333
            ],
            [
              317228.01589419413,
              461147.35742466711
            ],
            [
              317226.90500043426,
              461148.23824441433
            ],
            [
              317225.70313148014,
              461149.02214888483
            ],
            [
              317224.43748882972,
              461149.71755235083
            ],
            [
              317223.12554336432,
              461150.34869949892
            ],
            [
              317221.78052114509,
              461150.93394444138
            ],
            [
              317220.41229555476,
              461151.4869887121
            ],
            [
              317217.63332187105,
              461152.53406555392
            ],
            [
              317202.14833549969,
              461158.01453619078
            ],
            [
              317190.90947760455,
              461162.03217033669
            ],
            [
              317116.70124011114,
              461191.44653192908
            ],
            [
              317112.48218985926,
              461192.92898031138
            ],
            [
              317109.656272755,
              461193.87426545098
            ],
            [
              317108.23585483897,
              461194.32263192721
            ],
            [
              317106.80328186508,
              461194.7508231774
            ],
            [
              317103.92312530056,
              461195.55835446157
            ],
            [
              317098.13379296754,
              461197.07897564024
            ],
            [
              316992.28341335244,
              461224.19738907926
            ],
            [
              316967.60869999975,
              461230.45889819786
            ],
            [
              316964.71993829031,
              461231.22766667604
            ],
            [
              316961.85848193336,
              461232.05816454813
            ],
            [
              316960.44638213422,
              461232.51550316438
            ],
            [
              316959.05363328569,
              461233.0165505521
            ],
            [
              316957.68757938221,
              461233.57788380049
            ],
            [
              316956.38134241849,
              461234.19920101948
            ],
            [
              316955.10083144251,
              461234.8786713127
            ],
            [
              316953.8390501542,
              461235.6005598437
            ],
            [
              316951.35165197216,
              461237.1266359929
            ],
            [
              316947.66467532422,
              461239.51808701456
            ],
            [
              316940.31636488903,
              461244.37824017368
            ],
            [
              316929.26818163134,
              461251.63587994687
            ],
            [
              316926.86216874141,
              461253.28768487461
            ],
            [
              316925.6874575559,
              461254.1373458337
            ],
            [
              316924.54336046148,
              461255.01281180046
            ],
            [
              316923.44262123294,
              461255.92487791553
            ],
            [
              316922.40220804978,
              461256.88790936582
            ],
            [
              316921.4444130687,
              461257.92077159882
            ],
            [
              316920.57737474423,
              461259.05283698626
            ],
            [
              316919.7947702175,
              461260.25629469566
            ],
            [
              316919.07368276361,
              461261.51177861169
            ],
            [
              316918.39675905462,
              461262.80462687649
            ],
            [
              316917.75104826689,
              461264.12390051037
            ],
            [
              316916.51779297646,
              461266.81177904829
            ],
            [
              316915.32553207129,
              461269.53460448235
            ],
            [
              316909.46253573336,
              461283.23588455468
            ],
            [
              316908.25092010293,
              461285.93942497112
            ],
            [
              316907.62266468629,
              461287.26965619624
            ],
            [
              316906.9695923198,
              461288.57602222078
            ],
            [
              316906.2807242563,
              461289.84793536179
            ],
            [
              316905.5411436623,
              461291.07101393677
            ],
            [
              316904.73087239265,
              461292.22599985823
            ],
            [
              316903.8235355448,
              461293.2874716837
            ],
            [
              316902.79104007035,
              461294.24040615186
            ],
            [
              316901.6605165191,
              461295.09889122285
            ],
            [
              316900.4588407306,
              461295.88882288709
            ],
            [
              316899.20635210443,
              461296.6297987923
            ],
            [
              316897.91822901554,
              461297.33644362353
            ],
            [
              316895.27670346107,
              461298.68684487976
            ],
            [
              316877.74829035532,
              461307.11919801123
            ],
            [
              316846.8568452755,
              461322.15226852521
            ],
            [
              316825.7034014063,
              461332.61020134576
            ],
            [
              316821.68436294422,
              461334.60236974247
            ],
            [
              316820.3647684725,
              461335.29367979057
            ],
            [
              316819.06443757005,
              461336.01016151719
            ],
            [
              316817.79215528257,
              461336.76266894303
            ],
            [
              316816.55981446151,
              461337.56577396579
            ],
            [
              316815.38328044955,
              461338.43876529858
            ],
            [
              316814.34646050818,
              461339.3320429381
            ],
            [
              316813.36028327327,
              461340.28775828518
            ],
            [
              316812.41258446127,
              461341.29001690634
            ],
            [
              316811.49475551117,
              461342.3267211318
            ],
            [
              316809.72998627089,
              461344.47014340572
            ],
            [
              316808.05819258839,
              461346.67463877797
            ],
            [
              316807.2683328297,
              461347.79466603324
            ],
            [
              316806.5224895915,
              461348.92702941597
            ],
            [
              316805.83648262918,
              461350.0740271695
            ],
            [
              316805.23203550838,
              461351.23961217701
            ],
            [
              316804.73812957481,
              461352.42958672903
            ],
            [
              316804.39262978826,
              461353.65188069083
            ],
            [
              316804.22220260277,
              461354.97165790386
            ],
            [
              316804.2120993128,
              461356.32611020468
            ],
            [
              316804.31967199687,
              461357.70598062687
            ],
            [
              316804.51249769982,
              461359.10428527184
            ],
            [
              316804.76624282729,
              461360.51582712866
            ],
            [
              316805.06284642406,
              461361.93678304926
            ],
            [
              316805.73492455855,
              461364.79649398848
            ],
            [
              316807.18903486338,
              461370.54218462668
            ],
            [
              316807.88485329598,
              461373.40482300892
            ],
            [
              316808.20111063402,
              461374.82540442608
            ],
            [
              316808.48106360901,
              461376.23311416246
            ],
            [
              316808.70799384452,
              461377.62151481025
            ],
            [
              316808.85914254934,
              461378.98173281923
            ],
            [
              316808.90383116528,
              461380.30169283599
            ],
            [
              316808.80119367409,
              461381.56518008932
            ],
            [
              316808.4975016024,
              461382.75071759522
            ],
            [
              316807.93758520856,
              461383.8585919477
            ],
            [
              316807.16967582982,
              461384.88252584264
            ],
            [
              316806.2489299085,
              461385.84080780484
            ],
            [
              316805.21645201743,
              461386.74504605122
            ],
            [
              316804.10197048448,
              461387.60074466467
            ],
            [
              316802.92601447552,
              461388.40755634569
            ],
            [
              316801.7015989786,
              461389.15918756276
            ],
            [
              316800.4354534382,
              461389.84294372238
            ],
            [
              316799.12884277292,
              461390.43891260773
            ],
            [
              316797.77803582512,
              461390.91880074516
            ],
            [
              316796.40223429725,
              461391.25484306552
            ],
            [
              316794.98981490638,
              461391.48030798137
            ],
            [
              316793.5515961051,
              461391.62500393391
            ],
            [
              316792.09562028758,
              461391.71169577725
            ],
            [
              316790.6278512096,
              461391.75769626908
            ],
            [
              316787.67383159325,
              461391.7777125556
            ],
            [
              316783.24288319238,
              461391.76144750975
            ],
            [
              316780.32695964724,
              461391.81575319916
            ],
            [
              316778.89528735168,
              461391.89532642439
            ],
            [
              316777.49190136325,
              461392.03219801374
            ],
            [
              316776.12844587117,
              461392.25001267157
            ],
            [
              316774.82048161607,
              461392.58000543527
            ],
            [
              316773.58855350502,
              461393.06307572499
            ],
            [
              316772.46306699887,
              461393.72287810221
            ],
            [
              316771.41252515279,
              461394.53250504658
            ],
            [
              316770.4177634716,
              461395.45246113837
            ],
            [
              316769.46481179446,
              461396.4526901301
            ],
            [
              316768.54415166844,
              461397.51074247621
            ],
            [
              316767.65018874221,
              461398.61024687439
            ],
            [
              316766.7809563363,
              461399.73968385532
            ],
            [
              316765.93806075491,
              461400.89144135639
            ],
            [
              316765.12687900197,
              461402.06112534367
            ],
            [
              316764.35702228732,
              461403.2470979318
            ],
            [
              316763.64308156073,
              461404.45021798275
            ],
            [
              316763.00567174051,
              461405.67376252636
            ],
            [
              316762.47278569546,
              461406.9235098213
            ],
            [
              316762.08145302534,
              461408.20796468109
            ],
            [
              316761.86249916721,
              461409.52528186888
            ],
            [
              316761.78299045004,
              461410.87621045113
            ],
            [
              316761.80583561864,
              461412.25147895329
            ],
            [
              316761.90236177482,
              461413.64404202998
            ],
            [
              316762.05045460816,
              461415.04859443009
            ],
            [
              316762.2329304982,
              461416.4611590188
            ],
            [
              316762.86021719128,
              461420.7202264145
            ],
            [
              316763.23918448947,
              461423.558870418
            ],
            [
              316763.38249257673,
              461424.97312275134
            ],
            [
              316763.47453792673,
              461426.38147383556
            ],
            [
              316763.49481408112,
              461427.78147320077
            ],
            [
              316763.41705037933,
              461429.16998588294
            ],
            [
              316763.21939470805,
              461430.54783437029
            ],
            [
              316762.92191643268,
              461431.91340984777
            ],
            [
              316762.5493953824,
              461433.26898192242
            ],
            [
              316762.1201527277,
              461434.61581800692
            ],
            [
              316761.647072074,
              461435.95419755578
            ],
            [
              316761.13839153945,
              461437.2833711952
            ],
            [
              316760.59825645853,
              461438.60145632178
            ],
            [
              316760.02703408338,
              461439.90526085347
            ],
            [
              316759.4213964045,
              461441.19002753682
            ],
            [
              316758.7741798507,
              461442.44909182005
            ],
            [
              316758.07403355651,
              461443.67344929837
            ],
            [
              316757.30487505253,
              461444.85123450682
            ],
            [
              316756.43890608195,
              461445.99138162844
            ],
            [
              316755.504791799,
              461447.08457453363
            ],
            [
              316754.5226930026,
              461448.14434125833
            ],
            [
              316753.50876691006,
              461449.1815223936
            ],
            [
              316749.38295902591,
              461453.26904130913
            ],
            [
              316748.39231736865,
              461454.31339007989
            ],
            [
              316747.44580149557,
              461455.38426286355
            ],
            [
              316746.56272787321,
              461456.49364470318
            ],
            [
              316745.76755771879,
              461457.65663710795
            ],
            [
              316745.08264361694,
              461458.87994025089
            ],
            [
              316744.48595388513,
              461460.15717874467
            ],
            [
              316743.95442887861,
              461461.47425000183
            ],
            [
              316743.47041621339,
              461462.82035608776
            ],
            [
              316743.02056327555,
              461464.18732852675
            ],
            [
              316742.18587531801,
              461466.96096397936
            ],
            [
              316739.43692933861,
              461476.77628814429
            ],
            [
              316738.5826036483,
              461479.54263953865
            ],
            [
              316738.11621482577,
              461480.9039125219
            ],
            [
              316737.60916151293,
              461482.24249985442
            ],
            [
              316737.04604305048,
              461483.54982706346
            ],
            [
              316736.40667514969,
              461484.81465684809
            ],
            [
              316735.65984920226,
              461486.0508766491
            ],
            [
              316734.83439397719,
              461487.24328043126
            ],
            [
              316733.95166571066,
              461488.4037653897
            ],
            [
              316733.02787247393,
              461489.54136146419
            ],
            [
              316731.10244898032,
              461491.77315976098
            ],
            [
              316728.12104046158,
              461495.06883709878
            ],
            [
              316713.38070849143,
              461514.71516378224
            ],
            [
              316705.31785494648,
              461523.45036414266
            ],
            [
              316702.33416933566,
              461526.74600419775
            ],
            [
              316700.42746266443,
              461528.98209247738
            ],
            [
              316699.52630587481,
              461530.12462059222
            ],
            [
              316698.68051705509,
              461531.29301920719
            ],
            [
              316697.91219702549,
              461532.49752937257
            ],
            [
              316697.25051470567,
              461533.75165052153
            ],
            [
              316696.73444329668,
              461535.02289828658
            ],
            [
              316696.31901928876,
              461536.3410694655
            ],
            [
              316695.97733701952,
              461537.69379964657
            ],
            [
              316695.68882525526,
              461539.07161341608
            ],
            [
              316695.43800818734,
              461540.46733471937
            ],
            [
              316695.0070353765,
              461543.29235871695
            ],
            [
              316694.62827002071,
              461546.1403569188
            ],
            [
              316694.28111629654,
              461548.99523624592
            ],
            [
              316693.97343103401,
              461551.84635683894
            ],
            [
              316693.84505900741,
              461553.26737739705
            ],
            [
              316693.74410304613,
              461554.68332298845
            ],
            [
              316693.68233441003,
              461556.09215576202
            ],
            [
              316693.67564953677,
              461557.4912324138
            ],
            [
              316693.74511373229,
              461558.87710861862
            ],
            [
              316693.91820712481,
              461560.24531881697
            ],
            [
              316694.22612268291,
              461561.62656499818
            ],
            [
              316694.64196695387,
              461562.98960412852
            ],
            [
              316695.1359504899,
              461564.33947730996
            ],
            [
              316695.68499018159,
              461565.68015698716
            ],
            [
              316696.27111047786,
              461567.01482275128
            ],
            [
              316698.73072300386,
              461572.34276714362
            ],
            [
              316699.32041549403,
              461573.68400355242
            ],
            [
              316699.87653210666,
              461575.03478321992
            ],
            [
              316700.38344998099,
              461576.39923478104
            ],
            [
              316700.82152838726,
              461577.78261391819
            ],
            [
              316701.16427525785,
              461579.14092714526
            ],
            [
              316701.44136064127,
              461580.51721529849
            ],
            [
              316701.66971326433,
              461581.90683420934
            ],
            [
              316701.86221615411,
              461583.30617494509
            ],
            [
              316702.17499153968,
              461586.12346124463
            ],
            [
              316702.53033304773,
              461590.36910282448
            ],
            [
              316702.69429657422,
              461593.19700473733
            ],
            [
              316702.74238411523,
              461594.60609134659
            ],
            [
              316702.75644252542,
              461596.00953532942
            ],
            [
              316702.72355493624,
              461597.40493953973
            ],
            [
              316702.62636689655,
              461598.78922397643
            ],
            [
              316702.44207452051,
              461600.15842941031
            ],
            [
              316702.13668400887,
              461601.57116875611
            ],
            [
              316701.73737397697,
              461602.96764674969
            ],
            [
              316701.26999486983,
              461604.35232916661
            ],
            [
              316700.7541198954,
              461605.72862115875
            ],
            [
              316700.20436878223,
              461607.09909014031
            ],
            [
              316699.04340900201,
              461609.82973519713
            ],
            [
              316694.20980410278,
              461620.73714616708
            ],
            [
              316688.83652501367,
              461633.06131672114
            ],
            [
              316687.5868398184,
              461635.74117952026
            ],
            [
              316686.9269900294,
              461637.04465848394
            ],
            [
              316686.22878150828,
              461638.3078996148
            ],
            [
              316685.47583788261,
              461639.51341618598
            ],
            [
              316684.64625927154,
              461640.63772072829
            ],
            [
              316683.71115462109,
              461641.64970623516
            ],
            [
              316682.69376950152,
              461642.48995934427
            ],
            [
              316681.57809555996,
              461643.22466420569
            ],
            [
              316680.38979752827,
              461643.88036342524
            ],
            [
              316679.14850328024,
              461644.47663759068
            ],
            [
              316677.86899172328,
              461645.02718679607
            ],
            [
              316676.56219614018,
              461645.54065378942
            ],
            [
              316675.2360263681,
              461646.02117650025
            ],
            [
              316673.89602491912,
              461646.46866792813
            ],
            [
              316672.54587715771,
              461646.87882440723
            ],
            [
              316671.18779667653,
              461647.24286336079
            ],
            [
              316669.82280610502,
              461647.54699187353
            ],
            [
              316668.45093190763,
              461647.77161061205
            ],
            [
              316667.07133010961,
              461647.89026811719
            ],
            [
              316665.61216646526,
              461647.87802730501
            ],
            [
              316664.14534115139,
              461647.75140608475
            ],
            [
              316662.67288207635,
              461647.54191622697
            ],
            [
              316661.19639536273,
              461647.27368876338
            ],
            [
              316658.23708958831,
              461646.63141088933
            ],
            [
              316653.81155088358,
              461645.59423094429
            ],
            [
              316652.35362355039,
              461645.27554771118
            ],
            [
              316650.91467707604,
              461644.99451154843
            ],
            [
              316649.50494531263,
              461644.77170885354
            ],
            [
              316648.13869565818,
              461644.6344760675
            ],
            [
              316646.83553587925,
              461644.61929826438
            ],
            [
              316645.62202977948,
              461644.77466414124
            ],
            [
              316644.53364721779,
              461645.16440688819
            ],
            [
              316643.64892211836,
              461645.79520800896
            ],
            [
              316642.88160273619,
              461646.63776924647
            ],
            [
              316642.20579513814,
              461647.63671842776
            ],
            [
              316641.60408585146,
              461648.74906045198
            ],
            [
              316641.06677073613,
              461649.94156380184
            ],
            [
              316640.5914549036,
              461651.18848204799
            ],
            [
              316640.18305675406,
              461652.46959443949
            ],
            [
              316639.8542385269,
              461653.76852290891
            ],
            [
              316639.62627901323,
              461655.07127092965
            ],
            [
              316639.53039537836,
              461656.36492620781
            ],
            [
              316639.60950365849,
              461657.6364719253
            ],
            [
              316639.89388934709,
              461658.85807077214
            ],
            [
              316640.35042541008,
              461660.04593392462
            ],
            [
              316640.93899536878,
              461661.19910923392
            ],
            [
              316641.63071124349,
              461662.31361610442
            ],
            [
              316642.40630242508,
              461663.38188656978
            ],
            [
              316643.2548988238,
              461664.39204492792
            ],
            [
              316644.17321125884,
              461665.32699261419
            ],
            [
              316645.16509122774,
              461666.16327616945
            ],
            [
              316646.241437166,
              461666.8697333727
            ],
            [
              316647.46248745453,
              461667.44138734415
            ],
            [
              316648.76476788055,
              461667.87523356266
            ],
            [
              316649.98325343616,
              461668.69543595426
            ],
            [
              316651.66057661176,
              461669.6535161119
            ],
            [
              316653.22437943798,
              461671.0466117803
            ],
            [
              316655.56619075034,
              461673.72856965102
            ],
            [
              316659.57278495748,
              461677.3608249519
            ],
            [
              316662.49211302586,
              461678.67348294146
            ],
            [
              316663.93279964942,
              461679.1887634825
            ],
            [
              316665.35307198856,
              461679.3921895735
            ],
            [
              316666.74110532738,
              461679.64870064519
            ],
            [
              316668.08321572654,
              461679.97979830019
            ],
            [
              316669.36091719754,
              461680.4140843153
            ],
            [
              316670.54957249667,
              461680.98915511183
            ],
            [
              316671.55976845883,
              461681.68238589354
            ],
            [
              316672.48025432695,
              461682.50433873385
            ],
            [
              316673.32041518483,
              461683.42723514885
            ],
            [
              316674.08299279492,
              461684.4309760388
            ],
            [
              316674.76408791263,
              461685.50209682249
            ],
            [
              316675.35291527212,
              461686.63294882327
            ],
            [
              316675.83131040074,
              461687.82110573165
            ],
            [
              316676.21388058271,
              461689.19316287898
            ],
            [
              316676.47576760873,
              461690.61723183841
            ],
            [
              316676.65132334922,
              461692.07823259011
            ],
            [
              316676.76630943734,
              461693.56522120908
            ],
            [
              316676.83973590471,
              461695.07039194182
            ],
            [
              316676.91289460286,
              461698.11502407677
            ],
            [
              316676.93775703479,
              461704.26405135915
            ],
            [
              316676.90809581243,
              461707.33181154355
            ],
            [
              316676.81037379988,
              461710.34726140834
            ],
            [
              316676.71245528664,
              461711.81077337079
            ],
            [
              316676.56166063156,
              461713.2226406578
            ],
            [
              316676.33624106459,
              461714.55767755024
            ],
            [
              316676.00747748092,
              461715.78112876229
            ],
            [
              316675.53801269922,
              461716.84574027918
            ],
            [
              316674.97162240744,
              461717.62682068348
            ],
            [
              316674.31080411561,
              461718.22447693162
            ],
            [
              316673.6087484397,
              461718.62137561664
            ],
            [
              316672.91585056391,
              461718.78466048092
            ],
            [
              316672.28236283269,
              461718.66422970593
            ],
            [
              316671.69817423169,
              461718.15870760195
            ],
            [
              316671.21662496217,
              461717.33844246902
            ],
            [
              316670.81027629972,
              461716.2915663626
            ],
            [
              316670.45641826466,
              461715.08553041331
            ],
            [
              316670.1356866546,
              461713.77193954214
            ],
            [
              316669.1989961667,
              461709.54769839719
            ],
            [
              316668.8339298889,
              461708.13727759197
            ],
            [
              316668.40430734865,
              461706.76728123426
            ],
            [
              316667.87887598015,
              461705.46527306922
            ],
            [
              316667.21778109111,
              461704.26398911141
            ],
            [
              316666.48230095953,
              461703.29924897105
            ],
            [
              316665.62772422284,
              461702.43510980345
            ],
            [
              316664.67643040791,
              461701.66576969437
            ],
            [
              316663.64394125436,
              461700.99192644283
            ],
            [
              316662.53969899938,
              461700.42090760358
            ],
            [
              316661.22899455391,
              461699.91038711369
            ],
            [
              316659.85781606939,
              461699.50720668398
            ],
            [
              316658.44436828978,
              461699.18145306967
            ],
            [
              316657.0020391522,
              461698.91062834673
            ],
            [
              316652.48744651396,
              461695.31227910519
            ],
            [
              316647.58436368126,
              461693.78952875547
            ],
            [
              316638.99026203901,
              461693.18723518401
            ],
            [
              316615.39678017516,
              461690.33882267401
            ],
            [
              316593.27261862904,
              461687.6153540425
            ],
            [
              316576.38997298107,
              461679.35972806998
            ],
            [
              316573.40344026685,
              461679.02055294067
            ],
            [
              316571.91780216154,
              461678.88389132544
            ],
            [
              316570.44353085477,
              461678.78457883559
            ],
            [
              316568.98809047323,
              461678.7397554107
            ],
            [
              316567.56210834812,
              461678.77271430567
            ],
            [
              316566.18044920079,
              461678.91468185373
            ],
            [
              316564.86357771233,
              461679.20694511943
            ],
            [
              316563.69953951426,
              461679.65289615281
            ],
            [
              316562.62092992663,
              461680.23922009021
            ],
            [
              316561.63889608998,
              461680.93472535163
            ],
            [
              316560.77391184494,
              461681.71707572229
            ],
            [
              316560.05731890257,
              461682.57150535844
            ],
            [
              316559.53332695831,
              461683.48980879784
            ],
            [
              316559.26147385966,
              461684.46959890239
            ],
            [
              316559.29797713086,
              461685.56321154162
            ],
            [
              316559.6032445943,
              461686.70729310438
            ],
            [
              316560.10304974206,
              461687.88577576727
            ],
            [
              316560.73973741848,
              461689.08579527028
            ],
            [
              316561.46811716724,
              461690.29644525051
            ],
            [
              316562.25179324765,
              461691.50760245137
            ],
            [
              316564.63481274527,
              461695.02974956483
            ],
            [
              316565.34030276071,
              461696.11499171518
            ],
            [
              316565.94127786718,
              461697.11769579351
            ],
            [
              316566.38860935811,
              461698.00350303017
            ],
            [
              316566.61919559538,
              461698.72696706466
            ],
            [
              316566.55158142745,
              461699.22853511758
            ],
            [
              316566.13686699886,
              461699.45692000911
            ],
            [
              316565.43719471246,
              461699.47384493053
            ],
            [
              316564.52687267866,
              461699.33442576788
            ],
            [
              316563.46298665367,
              461699.08104108274
            ],
            [
              316562.28884681594,
              461698.7459820006
            ],
            [
              316561.03692956828,
              461698.35374176875
            ],
            [
              316555.64671149384,
              461696.53117693029
            ],
            [
              316552.87519778311,
              461695.62480058521
            ],
            [
              316551.49168352131,
              461695.21091336012
            ],
            [
              316550.11509470269,
              461694.8429107964
            ],
            [
              316548.74955869745,
              461694.54093958624
            ],
            [
              316547.39984413423,
              461694.33139373921
            ],
            [
              316546.07185410988,
              461694.24883764051
            ],
            [
              316544.7731399117,
              461694.33821835555
            ],
            [
              316543.48742601462,
              461694.64268655516
            ],
            [
              316542.23198611382,
              461695.12422239222
            ],
            [
              316540.99931858387,
              461695.73568169959
            ],
            [
              316539.78434917424,
              461696.4412602298
            ],
            [
              316538.58430343773,
              461697.21427228674
            ],
            [
              316537.39872008841,
              461698.03530363366
            ],
            [
              316536.22963215783,
              461698.89073650911
            ],
            [
              316535.08194471803,
              461699.77162274159
            ],
            [
              316533.96404247172,
              461700.6728730388
            ],
            [
              316532.88866699021,
              461701.59273089655
            ],
            [
              316531.87410945818,
              461702.53250363842
            ],
            [
              316530.94576891605,
              461703.49652901664
            ],
            [
              316530.13812452834,
              461704.49236027896
            ],
            [
              316529.49715881236,
              461705.53115501814
            ],
            [
              316529.08323917072,
              461706.62824967876
            ],
            [
              316528.94512072299,
              461707.78922641277
            ],
            [
              316529.03142437246,
              461709.00754393823
            ],
            [
              316529.2821350079,
              461710.2675059624
            ],
            [
              316529.65093663055,
              461711.55707270093
            ],
            [
              316530.10216267407,
              461712.8670282755
            ],
            [
              316530.60812586267,
              461714.19025737233
            ],
            [
              316532.25034508575,
              461718.1873101946
            ],
            [
              316532.78195595834,
              461719.51403336041
            ],
            [
              316533.27626974043,
              461720.83024430834
            ],
            [
              316533.71147763077,
              461722.13012900949
            ],
            [
              316534.06031269208,
              461723.40634696558
            ],
            [
              316534.28784884606,
              461724.64942673407
            ],
            [
              316534.3490086263,
              461725.84707724489
            ],
            [
              316534.18576410413,
              461726.9834092427
            ],
            [
              316533.74808440078,
              461728.05540680885
            ],
            [
              316533.09144442715,
              461729.06678166613
            ],
            [
              316532.28531111684,
              461730.03565582074
            ],
            [
              316531.38788868766,
              461730.97680428438
            ],
            [
              316529.52038598899,
              461732.82437413931
            ],
            [
              316528.64706459641,
              461733.75253272988
            ],
            [
              316527.88390805293,
              461734.6982447207
            ],
            [
              316527.2934837006,
              461735.67393534444
            ],
            [
              316526.95165904704,
              461736.69427929446
            ],
            [
              316526.91315996926,
              461737.71340350248
            ],
            [
              316527.10661703348,
              461738.77615147829
            ],
            [
              316527.4718398191,
              461739.87293508276
            ],
            [
              316527.96075783111,
              461740.99664566666
            ],
            [
              316528.53465609439,
              461742.14228770882
            ],
            [
              316530.46797427163,
              461745.68670790456
            ],
            [
              316531.0978802247,
              461746.90326848254
            ],
            [
              316531.67811696697,
              461748.14024024084
            ],
            [
              316532.1792471949,
              461749.401154669
            ],
            [
              316532.57395259291,
              461750.67845477909
            ],
            [
              316532.87349159364,
              461751.96958940849
            ],
            [
              316533.08802438155,
              461753.26029110514
            ],
            [
              316533.22066087369,
              461754.5354199931
            ],
            [
              316533.2672359217,
              461755.7778621912
            ],
            [
              316533.21578689944,
              461756.96729793213
            ],
            [
              316533.045696266,
              461758.07881341688
            ],
            [
              316532.72648293152,
              461759.08133594505
            ],
            [
              316532.2162532378,
              461759.93588815257
            ],
            [
              316531.47214963846,
              461760.61924816109
            ],
            [
              316530.54320494365,
              461761.15323624387
            ],
            [
              316529.48389534652,
              461761.57996887527
            ],
            [
              316528.3388270624,
              461761.93368381262
            ],
            [
              316524.7443887582,
              461762.82306504436
            ],
            [
              316523.59866796993,
              461763.13834063336
            ],
            [
              316522.53345869668,
              461763.50046778284
            ],
            [
              316521.58685809281,
              461763.93480187282
            ],
            [
              316520.80361282825,
              461764.47069298662
            ],
            [
              316520.19204381574,
              461765.14750044048
            ],
            [
              316519.19766241778,
              461766.64383300766
            ],
            [
              316518.5912790522,
              461767.3227077052
            ],
            [
              316517.7795568984,
              461767.88259191066
            ],
            [
              316516.79413164873,
              461768.33820262551
            ],
            [
              316515.68291152827,
              461768.72553848848
            ],
            [
              316511.95443252474,
              461769.78970469907
            ],
            [
              316510.67484399956,
              461770.21381134726
            ],
            [
              316509.41842099838,
              461770.72996994108
            ],
            [
              316508.18242701516,
              461771.37935188226
            ],
            [
              316506.984791914,
              461772.13303558715
            ],
            [
              316505.81613127608,
              461772.96341340058
            ],
            [
              316504.6689970186,
              461773.84930887446
            ],
            [
              316503.53757542651,
              461774.77470530383
            ],
            [
              316502.41740685888,
              461775.72765764035
            ],
            [
              316500.19837329444,
              461777.68359807692
            ],
            [
              316494.71457382292,
              461782.68313420005
            ],
            [
              316492.5599159142,
              461784.7083043512
            ],
            [
              316491.50389479753,
              461785.73268727958
            ],
            [
              316490.47152598202,
              461786.7705998905
            ],
            [
              316489.47337907366,
              461787.82846389338
            ],
            [
              316488.52380880155,
              461788.91501433775
            ],
            [
              316487.64201303199,
              461790.04192386195
            ],
            [
              316486.85329364706,
              461791.22455427982
            ],
            [
              316486.17857023142,
              461792.47444121912
            ],
            [
              316485.5967105506,
              461793.78015990183
            ],
            [
              316485.08235359285,
              461795.12654880248
            ],
            [
              316484.61621068139,
              461796.50210956298
            ],
            [
              316483.77437817305,
              461799.30861774832
            ],
            [
              316482.99518657289,
              461802.15498115122
            ],
            [
              316478.8081341479,
              461817.9311994072
            ],
            [
              316478.07376782317,
              461820.79267629609
            ],
            [
              316477.4216725938,
              461823.63871329464
            ],
            [
              316477.1554150423,
              461825.05045467243
            ],
            [
              316476.95341246855,
              461826.44987472147
            ],
            [
              316476.84201276023,
              461827.83166402392
            ],
            [
              316476.85619661026,
              461829.18866278976
            ],
            [
              316477.04179705773,
              461830.51136044413
            ],
            [
              316477.4425038211,
              461831.80978914723
            ],
            [
              316478.01742581371,
              461833.07254469395
            ],
            [
              316478.71724260226,
              461834.30879979022
            ],
            [
              316479.36362204235,
              461835.52421861514
            ],
            [
              316479.71610702761,
              461836.72166305408
            ],
            [
              316479.67051081918,
              461839.4494381994
            ],
            [
              316479.85330195911,
              461840.99493253604
            ],
            [
              316479.75003419537,
              461842.85690827854
            ],
            [
              316479.39103684481,
              461845.16317937896
            ],
            [
              316479.24763586372,
              461847.24109394103
            ],
            [
              316478.88625431526,
              461848.67038772814
            ],
            [
              316478.4047773499,
              461850.25527552702
            ],
            [
              316478.03248731513,
              461851.13074845448
            ],
            [
              316477.76316177938,
              461852.02784041688
            ],
            [
              316477.75441409182,
              461853.05951084197
            ],
            [
              316477.93896661047,
              461854.19062281027
            ],
            [
              316478.26511271205,
              461855.39428434148
            ],
            [
              316478.69358735811,
              461856.65019665845
            ],
            [
              316479.19484932348,
              461857.94323860295
            ],
            [
              316479.74677847791,
              461859.26228749938
            ],
            [
              316483.38902490959,
              461867.39543716051
            ],
            [
              316483.95725780725,
              461868.75793766044
            ],
            [
              316484.48128318228,
              461870.11600360647
            ],
            [
              316484.94045259617,
              461871.46626647376
            ],
            [
              316485.30715777632,
              461872.80408310518
            ],
            [
              316485.54460714385,
              461874.1229675971
            ],
            [
              316485.60419770144,
              461875.41388498247
            ],
            [
              316485.45636344049,
              461876.59914688207
            ],
            [
              316485.12584494241,
              461877.73284608684
            ],
            [
              316484.63265923969,
              461878.79493748583
            ],
            [
              316483.98410353623,
              461879.75940451212
            ],
            [
              316483.17524654139,
              461880.59279474802
            ],
            [
              316482.19299282134,
              461881.27371182851
            ],
            [
              316481.07985270116,
              461881.8224499505
            ],
            [
              316479.87543847691,
              461882.27419404313
            ],
            [
              316478.61205662414,
              461882.65677284077
            ],
            [
              316477.31705928501,
              461882.99236838147
            ],
            [
              316474.65598144196,
              461883.87428346463
            ],
            [
              316472.78244043142,
              461884.9107699506
            ],
            [
              316472.06315607298,
              461885.64965166152
            ],
            [
              316470.95054342318,
              461886.65743397549
            ],
            [
              316470.03484761808,
              461889.06370471604
            ],
            [
              316469.92865953874,
              461889.97108355351
            ],
            [
              316469.90368928853,
              461890.85343299992
            ],
            [
              316469.6259403741,
              461891.612839045
            ],
            [
              316469.14810312819,
              461892.36204614118
            ],
            [
              316468.53102707304,
              461893.11418103427
            ],
            [
              316467.08573275153,
              461894.68453253992
            ],
            [
              316466.34969558287,
              461895.53581667133
            ],
            [
              316465.66345132794,
              461896.45765321888
            ],
            [
              316464.99671477359,
              461897.58379774168
            ],
            [
              316464.41429079697,
              461898.78941828385
            ],
            [
              316463.88653218094,
              461900.04106770083
            ],
            [
              316462.8867618721,
              461902.55928642303
            ],
            [
              316462.36045606155,
              461903.76251578331
            ],
            [
              316461.776291091,
              461904.88007919863
            ],
            [
              316461.09778419044,
              461905.86694083922
            ],
            [
              316460.28052994143,
              461906.66749453172
            ],
            [
              316459.36612028535,
              461907.20358958654
            ],
            [
              316458.32521172147,
              461907.57410765626
            ],
            [
              316457.18958438933,
              461907.82283445634
            ],
            [
              316455.98419611901,
              461907.98509887978
            ],
            [
              316454.72850592807,
              461908.08972127549
            ],
            [
              316450.79489828832,
              461908.28445668891
            ],
            [
              316449.45973882265,
              461908.3753689453
            ],
            [
              316448.12408365216,
              461908.51197886653
            ],
            [
              316446.69381460454,
              461908.72668247111
            ],
            [
              316445.26902626641,
              461909.00112296455
            ],
            [
              316443.84921672475,
              461909.320517499
            ],
            [
              316442.43378014863,
              461909.67330491543
            ],
            [
              316439.6135293385,
              461910.44547676481
            ],
            [
              316436.80363719352,
              461911.26902007498
            ],
            [
              316418.61337616667,
              461916.8239800185
            ],
            [
              316415.82728593983,
              461917.69304462895
            ],
            [
              316413.06394942384,
              461918.59933261201
            ],
            [
              316411.69858331606,
              461919.07956556603
            ],
            [
              316410.3506732136,
              461919.58894199692
            ],
            [
              316409.02735146228,
              461920.13943762518
            ],
            [
              316407.73809788842,
              461920.74695328064
            ],
            [
              316406.49534371495,
              461921.43232576363
            ],
            [
              316405.30553709436,
              461922.21496171691
            ],
            [
              316404.16257103067,
              461923.07610602304
            ],
            [
              316403.0539969448,
              461923.99497191422
            ],
            [
              316401.97032791004,
              461924.95572307892
            ],
            [
              316400.90441037901,
              461925.94641951472
            ],
            [
              316398.80573467724,
              461927.98407169431
            ],
            [
              316393.61469268147,
              461933.1724797301
            ],
            [
              316391.51175068412,
              461935.19771482795
            ],
            [
              316390.44165035151,
              461936.17488236353
            ],
            [
              316389.35158780776,
              461937.11371957697
            ],
            [
              316388.23348225001,
              461937.99839859456
            ],
            [
              316387.07660967205,
              461938.80785031989
            ],
            [
              316385.86689740606,
              461939.51435582153
            ],
            [
              316384.62079808023,
              461940.08422623575
            ],
            [
              316383.32387508545,
              461940.55465008691
            ],
            [
              316381.98952161148,
              461940.95147820003
            ],
            [
              316380.62802161556,
              461941.29415946081
            ],
            [
              316379.24718148541,
              461941.59686369821
            ],
            [
              316377.85286862403,
              461941.86938103475
            ],
            [
              316376.44945954345,
              461942.11779176444
            ],
            [
              316373.62753420975,
              461942.55051397905
            ],
            [
              316372.21327942051,
              461942.7313528005
            ],
            [
              316370.79888427909,
              461942.88096147776
            ],
            [
              316369.38555470295,
              461942.98925919272
            ],
            [
              316367.97439228185,
              461943.04195100814
            ],
            [
              316366.56650692038,
              461943.01973773539
            ],
            [
              316365.10114664305,
              461942.90012421273
            ],
            [
              316363.63959255349,
              461942.70041050948
            ],
            [
              316362.18095977884,
              461942.44285220094
            ],
            [
              316359.26978505682,
              461941.81689150445
            ],
            [
              316354.91159338038,
              461940.74168810062
            ],
            [
              316341.84927289002,
              461937.34767484479
            ],
            [
              316337.49271258432,
              461936.24781808443
            ],
            [
              316334.5880239103,
              461935.56048033014
            ],
            [
              316333.13616080303,
              461935.24487565272
            ],
            [
              316331.68515515421,
              461934.95892957412
            ],
            [
              316330.23565908615,
              461934.71458987519
            ],
            [
              316328.78861380182,
              461934.52783342637
            ],
            [
              316327.34535014443,
              461934.41973305866
            ],
            [
              316325.90771682002,
              461934.4176840093
            ],
            [
              316324.59832502343,
              461934.52690872736
            ],
            [
              316323.29555085581,
              461934.71773722209
            ],
            [
              316319.43527264427,
              461935.47110474482
            ],
            [
              316318.17150648776,
              461935.68528213538
            ],
            [
              316316.92538689356,
              461935.82835293561
            ],
            [
              316315.70267297979,
              461935.86197055317
            ],
            [
              316314.51091400906,
              461935.74014610983
            ],
            [
              316313.25907320995,
              461935.39166610874
            ],
            [
              316312.04264010955,
              461934.85783663392
            ],
            [
              316310.85197966266,
              461934.18819479272
            ],
            [
              316309.67977351975,
              461933.42053422518
            ],
            [
              316308.52051399834,
              461932.583332818
            ],
            [
              316306.22533203289,
              461930.77973833494
            ],
            [
              316300.51383766066,
              461926.02253108658
            ],
            [
              316298.19781833328,
              461924.15126387216
            ],
            [
              316297.02150049154,
              461923.24468355812
            ],
            [
              316295.82635971531,
              461922.36806414649
            ],
            [
              316294.60546984524,
              461921.53219242766
            ],
            [
              316293.34167470317,
              461920.73873034306
            ],
            [
              316292.05177525338,
              461919.98647828773
            ],
            [
              316290.74289522879,
              461919.26429614238
            ],
            [
              316289.42042636313,
              461918.56370295584
            ],
            [
              316286.74975041393,
              461917.20342091657
            ],
            [
              316271.91148781404,
              461909.91412466019
            ],
            [
              316259.72079727054,
              461903.82140091248
            ],
            [
              316256.99867076706,
              461902.51242291182
            ],
            [
              316255.63661370426,
              461901.89624072798
            ],
            [
              316254.27510848176,
              461901.32474478334
            ],
            [
              316252.91581543908,
              461900.81948159635
            ],
            [
              316251.56130439602,
              461900.40997268632
            ],
            [
              316250.21541853063,
              461900.13609487191
            ],
            [
              316248.88375823293,
              461900.05095227063
            ],
            [
              316247.61354884319,
              461900.1919661276
            ],
            [
              316246.3721753303,
              461900.52237080783
            ],
            [
              316245.171248395,
              461901.00454685465
            ],
            [
              316244.02705034241,
              461901.61481254362
            ],
            [
              316242.96183065511,
              461902.34209423698
            ],
            [
              316242.00539451744,
              461903.1871357169
            ],
            [
              316241.19699287415,
              461904.16224233061
            ],
            [
              316240.56209442578,
              461905.29198370129
            ],
            [
              316240.07782761846,
              461906.53615766391
            ],
            [
              316239.70343624987,
              461907.861951923
            ],
            [
              316239.40793880168,
              461909.24484181963
            ],
            [
              316239.16810302436,
              461910.66675326601
            ],
            [
              316238.9667393798,
              461912.1145587787
            ],
            [
              316238.63276900724,
              461915.0531031508
            ],
            [
              316237.36501482688,
              461928.3603597749
            ],
            [
              316235.3140208954,
              461948.92545457371
            ],
            [
              316234.20835178811,
              461960.74337432906
            ],
            [
              316233.90146203618,
              461963.66773008369
            ],
            [
              316233.7227266198,
              461965.10487926751
            ],
            [
              316233.51443047822,
              461966.5127722919
            ],
            [
              316233.26228950918,
              461967.87727145292
            ],
            [
              316232.9467340745,
              461969.17900785245
            ],
            [
              316232.54131602496,
              461970.39180469513
            ],
            [
              316232.01076380629,
              461971.48075241037
            ],
            [
              316231.30867248587,
              461972.3999223616
            ],
            [
              316230.39607687946,
              461973.1130166091
            ],
            [
              316229.31148253102,
              461973.6558780428
            ],
            [
              316228.10144281946,
              461974.0745820757
            ],
            [
              316226.80133906379,
              461974.40414678119
            ],
            [
              316225.43769704178,
              461974.6708255969
            ],
            [
              316224.03013890795,
              461974.89403921925
            ],
            [
              316222.59298281465,
              461975.0879587885
            ],
            [
              316219.66805462725,
              461975.42570168339
            ],
            [
              316207.84732198715,
              461976.65689655021
            ],
            [
              316199.03291250765,
              461977.63090796024
            ],
            [
              316168.31061956193,
              461981.16677280702
            ]
          ]
        ]
      }
    }
  ]
}