{
  "displayFieldName" : "",
  "fieldAliases" : {
    "FID" : "FID",
    "PMNTN_SPOT" : "PMNTN_SPOT",
    "MNTN_CODE" : "MNTN_CODE",
    "MANAGE_SP1" : "MANAGE_SP1",
    "MANAGE_SP2" : "MANAGE_SP2",
    "DETAIL_SPO" : "DETAIL_SPO",
    "ETC_MATTER" : "ETC_MATTER",
    "MNTN_NM" : "MNTN_NM",
    "PAST_SPOT_" : "PAST_SPOT_",
    "MNTN_ID" : "MNTN_ID"
  },
  "geometryType" : "esriGeometryPoint",
  "spatialReference" : {
    "wkt" : "PROJCS[\"PCS_ITRF2000_TM\",GEOGCS[\"GCS_ITRF_2000\",DATUM[\"D_ITRF_2000\",SPHEROID[\"GRS_1980\",6378137.0,298.257222101]],PRIMEM[\"Greenwich\",0.0],UNIT[\"Degree\",0.0174532925199433]],PROJECTION[\"Transverse_Mercator\"],PARAMETER[\"False_Easting\",200000.0],PARAMETER[\"False_Northing\",600000.0],PARAMETER[\"Central_Meridian\",127.0],PARAMETER[\"Scale_Factor\",1.0],PARAMETER[\"Latitude_Of_Origin\",38.0],UNIT[\"Meter\",1.0]]"
  },
  "fields" : [
    {
      "name" : "FID",
      "type" : "esriFieldTypeOID",
      "alias" : "FID"
    },
    {
      "name" : "PMNTN_SPOT",
      "type" : "esriFieldTypeDouble",
      "alias" : "PMNTN_SPOT"
    },
    {
      "name" : "MNTN_CODE",
      "type" : "esriFieldTypeString",
      "alias" : "MNTN_CODE",
      "length" : 9
    },
    {
      "name" : "MANAGE_SP1",
      "type" : "esriFieldTypeString",
      "alias" : "MANAGE_SP1",
      "length" : 2
    },
    {
      "name" : "MANAGE_SP2",
      "type" : "esriFieldTypeString",
      "alias" : "MANAGE_SP2",
      "length" : 50
    },
    {
      "name" : "DETAIL_SPO",
      "type" : "esriFieldTypeString",
      "alias" : "DETAIL_SPO",
      "length" : 200
    },
    {
      "name" : "ETC_MATTER",
      "type" : "esriFieldTypeString",
      "alias" : "ETC_MATTER",
      "length" : 200
    },
    {
      "name" : "MNTN_NM",
      "type" : "esriFieldTypeString",
      "alias" : "MNTN_NM",
      "length" : 50
    },
    {
      "name" : "PAST_SPOT_",
      "type" : "esriFieldTypeString",
      "alias" : "PAST_SPOT_",
      "length" : 14
    },
    {
      "name" : "MNTN_ID",
      "type" : "esriFieldTypeString",
      "alias" : "MNTN_ID",
      "length" : 10
    }
  ],
  "features" : [
    {
      "attributes" : {
        "FID" : 0,
        "PMNTN_SPOT" : 22919,
        "MNTN_CODE" : "483101501",
        "MANAGE_SP1" : "01",
        "MANAGE_SP2" : "시종점",
        "DETAIL_SPO" : "시종점",
        "ETC_MATTER" : " ",
        "MNTN_NM" : "독봉산",
        "PAST_SPOT_" : "4831015010001",
        "MNTN_ID" : "483101501"
      },
      "geometry" : {
        "x" : 348750.67180000804,
        "y" : 256146.56280000135
      }
    },
    {
      "attributes" : {
        "FID" : 1,
        "PMNTN_SPOT" : 22920,
        "MNTN_CODE" : "483101501",
        "MANAGE_SP1" : "01",
        "MANAGE_SP2" : "시종점",
        "DETAIL_SPO" : "시종점",
        "ETC_MATTER" : " ",
        "MNTN_NM" : "독봉산",
        "PAST_SPOT_" : "4831015010002",
        "MNTN_ID" : "483101501"
      },
      "geometry" : {
        "x" : 348885.35120001342,
        "y" : 255518.36009999923
      }
    },
    {
      "attributes" : {
        "FID" : 2,
        "PMNTN_SPOT" : 22921,
        "MNTN_CODE" : "483101501",
        "MANAGE_SP1" : "02",
        "MANAGE_SP2" : "분기점",
        "DETAIL_SPO" : "분기점",
        "ETC_MATTER" : " ",
        "MNTN_NM" : "독봉산",
        "PAST_SPOT_" : "4831015010003",
        "MNTN_ID" : "483101501"
      },
      "geometry" : {
        "x" : 348926.02620001137,
        "y" : 256082.38670000248
      }
    },
    {
      "attributes" : {
        "FID" : 3,
        "PMNTN_SPOT" : 22922,
        "MNTN_CODE" : "483101501",
        "MANAGE_SP1" : "02",
        "MANAGE_SP2" : "분기점",
        "DETAIL_SPO" : "분기점",
        "ETC_MATTER" : " ",
        "MNTN_NM" : "독봉산",
        "PAST_SPOT_" : "4831015010004",
        "MNTN_ID" : "483101501"
      },
      "geometry" : {
        "x" : 349000.14510001149,
        "y" : 256160.12110000104
      }
    },
    {
      "attributes" : {
        "FID" : 4,
        "PMNTN_SPOT" : 22923,
        "MNTN_CODE" : "483101501",
        "MANAGE_SP1" : "01",
        "MANAGE_SP2" : "시종점",
        "DETAIL_SPO" : "시종점",
        "ETC_MATTER" : " ",
        "MNTN_NM" : "독봉산",
        "PAST_SPOT_" : "4831015010005",
        "MNTN_ID" : "483101501"
      },
      "geometry" : {
        "x" : 349000.14510001149,
        "y" : 256366.2077000048
      }
    },
    {
      "attributes" : {
        "FID" : 5,
        "PMNTN_SPOT" : 22924,
        "MNTN_CODE" : "483101501",
        "MANAGE_SP1" : "02",
        "MANAGE_SP2" : "분기점",
        "DETAIL_SPO" : "분기점",
        "ETC_MATTER" : " ",
        "MNTN_NM" : "독봉산",
        "PAST_SPOT_" : "4831015010006",
        "MNTN_ID" : "483101501"
      },
      "geometry" : {
        "x" : 349140.51090001129,
        "y" : 255910.42970000207
      }
    },
    {
      "attributes" : {
        "FID" : 6,
        "PMNTN_SPOT" : 22925,
        "MNTN_CODE" : "483101501",
        "MANAGE_SP1" : "02",
        "MANAGE_SP2" : "분기점",
        "DETAIL_SPO" : "분기점",
        "ETC_MATTER" : " ",
        "MNTN_NM" : "독봉산",
        "PAST_SPOT_" : "4831015010007",
        "MNTN_ID" : "483101501"
      },
      "geometry" : {
        "x" : 349235.15610001143,
        "y" : 255841.95230000094
      }
    },
    {
      "attributes" : {
        "FID" : 7,
        "PMNTN_SPOT" : 22926,
        "MNTN_CODE" : "483101501",
        "MANAGE_SP1" : "01",
        "MANAGE_SP2" : "시종점",
        "DETAIL_SPO" : "시종점",
        "ETC_MATTER" : " ",
        "MNTN_NM" : "독봉산",
        "PAST_SPOT_" : "4831015010008",
        "MNTN_ID" : "483101501"
      },
      "geometry" : {
        "x" : 349254.13780001644,
        "y" : 254956.14140000194
      }
    },
    {
      "attributes" : {
        "FID" : 8,
        "PMNTN_SPOT" : 22927,
        "MNTN_CODE" : "483101501",
        "MANAGE_SP1" : "02",
        "MANAGE_SP2" : "분기점",
        "DETAIL_SPO" : "분기점",
        "ETC_MATTER" : " ",
        "MNTN_NM" : "독봉산",
        "PAST_SPOT_" : "4831015010009",
        "MNTN_ID" : "483101501"
      },
      "geometry" : {
        "x" : 349254.13780000899,
        "y" : 255916.07120000198
      }
    },
    {
      "attributes" : {
        "FID" : 9,
        "PMNTN_SPOT" : 22928,
        "MNTN_CODE" : "483101501",
        "MANAGE_SP1" : "01",
        "MANAGE_SP2" : "시종점",
        "DETAIL_SPO" : "시종점",
        "ETC_MATTER" : " ",
        "MNTN_NM" : "독봉산",
        "PAST_SPOT_" : "4831015010010",
        "MNTN_ID" : "483101501"
      },
      "geometry" : {
        "x" : 349590.38440001383,
        "y" : 256236.95160000026
      }
    },
    {
      "attributes" : {
        "FID" : 10,
        "PMNTN_SPOT" : 22929,
        "MNTN_CODE" : "483101501",
        "MANAGE_SP1" : "01",
        "MANAGE_SP2" : "시종점",
        "DETAIL_SPO" : "시종점",
        "ETC_MATTER" : " ",
        "MNTN_NM" : "독봉산",
        "PAST_SPOT_" : "4831015010011",
        "MNTN_ID" : "483101501"
      },
      "geometry" : {
        "x" : 349656.36830001138,
        "y" : 254233.93429999985
      }
    },
    {
      "attributes" : {
        "FID" : 11,
        "PMNTN_SPOT" : 22930,
        "MNTN_CODE" : "483101501",
        "MANAGE_SP1" : "02",
        "MANAGE_SP2" : "분기점",
        "DETAIL_SPO" : "분기점",
        "ETC_MATTER" : " ",
        "MNTN_NM" : "독봉산",
        "PAST_SPOT_" : "4831015010012",
        "MNTN_ID" : "483101501"
      },
      "geometry" : {
        "x" : 349982.67210001126,
        "y" : 255163.13190000318
      }
    },
    {
      "attributes" : {
        "FID" : 12,
        "PMNTN_SPOT" : 22931,
        "MNTN_CODE" : "483101501",
        "MANAGE_SP1" : "02",
        "MANAGE_SP2" : "분기점",
        "DETAIL_SPO" : "분기점",
        "ETC_MATTER" : " ",
        "MNTN_NM" : "독봉산",
        "PAST_SPOT_" : "4831015010013",
        "MNTN_ID" : "483101501"
      },
      "geometry" : {
        "x" : 350170.18480001483,
        "y" : 254167.50280000269
      }
    },
    {
      "attributes" : {
        "FID" : 13,
        "PMNTN_SPOT" : 22932,
        "MNTN_CODE" : "483101501",
        "MANAGE_SP1" : "02",
        "MANAGE_SP2" : "분기점",
        "DETAIL_SPO" : "분기점",
        "ETC_MATTER" : " ",
        "MNTN_NM" : "독봉산",
        "PAST_SPOT_" : "4831015010014",
        "MNTN_ID" : "483101501"
      },
      "geometry" : {
        "x" : 350174.63690001145,
        "y" : 254169.24000000022
      }
    },
    {
      "attributes" : {
        "FID" : 14,
        "PMNTN_SPOT" : 22933,
        "MNTN_CODE" : "483101501",
        "MANAGE_SP1" : "02",
        "MANAGE_SP2" : "분기점",
        "DETAIL_SPO" : "분기점",
        "ETC_MATTER" : " ",
        "MNTN_NM" : "독봉산",
        "PAST_SPOT_" : "4831015010015",
        "MNTN_ID" : "483101501"
      },
      "geometry" : {
        "x" : 350177.91200001258,
        "y" : 254323.41930000484
      }
    },
    {
      "attributes" : {
        "FID" : 15,
        "PMNTN_SPOT" : 22934,
        "MNTN_CODE" : "483101501",
        "MANAGE_SP1" : "01",
        "MANAGE_SP2" : "시종점",
        "DETAIL_SPO" : "시종점",
        "ETC_MATTER" : " ",
        "MNTN_NM" : "독봉산",
        "PAST_SPOT_" : "4831015010016",
        "MNTN_ID" : "483101501"
      },
      "geometry" : {
        "x" : 350337.90030001011,
        "y" : 254104.67820000462
      }
    },
    {
      "attributes" : {
        "FID" : 16,
        "PMNTN_SPOT" : 22935,
        "MNTN_CODE" : "483101501",
        "MANAGE_SP1" : "01",
        "MANAGE_SP2" : "시종점",
        "DETAIL_SPO" : "시종점",
        "ETC_MATTER" : " ",
        "MNTN_NM" : "독봉산",
        "PAST_SPOT_" : "4831015010017",
        "MNTN_ID" : "483101501"
      },
      "geometry" : {
        "x" : 350425.5776000116,
        "y" : 253656.34940000065
      }
    },
    {
      "attributes" : {
        "FID" : 17,
        "PMNTN_SPOT" : 22936,
        "MNTN_CODE" : "483101501",
        "MANAGE_SP1" : "01",
        "MANAGE_SP2" : "시종점",
        "DETAIL_SPO" : "시종점",
        "ETC_MATTER" : " ",
        "MNTN_NM" : "독봉산",
        "PAST_SPOT_" : "4831015010018",
        "MNTN_ID" : "483101501"
      },
      "geometry" : {
        "x" : 350426.48140001483,
        "y" : 254223.9915000014
      }
    },
    {
      "attributes" : {
        "FID" : 18,
        "PMNTN_SPOT" : 22937,
        "MNTN_CODE" : "483101501",
        "MANAGE_SP1" : "01",
        "MANAGE_SP2" : "시종점",
        "DETAIL_SPO" : "시종점",
        "ETC_MATTER" : " ",
        "MNTN_NM" : "독봉산",
        "PAST_SPOT_" : "4831015010019",
        "MNTN_ID" : "483101501"
      },
      "geometry" : {
        "x" : 348737.59534209594,
        "y" : 255820.02736330591
      }
    },
    {
      "attributes" : {
        "FID" : 19,
        "PMNTN_SPOT" : 22938,
        "MNTN_CODE" : "483101501",
        "MANAGE_SP1" : "02",
        "MANAGE_SP2" : "분기점",
        "DETAIL_SPO" : "분기점",
        "ETC_MATTER" : " ",
        "MNTN_NM" : "독봉산",
        "PAST_SPOT_" : "4831015010020",
        "MNTN_ID" : "483101501"
      },
      "geometry" : {
        "x" : 349070.88450022228,
        "y" : 255864.1003998965
      }
    },
    {
      "attributes" : {
        "FID" : 20,
        "PMNTN_SPOT" : 22939,
        "MNTN_CODE" : "483101501",
        "MANAGE_SP1" : "01",
        "MANAGE_SP2" : "시종점",
        "DETAIL_SPO" : "시종점",
        "ETC_MATTER" : " ",
        "MNTN_NM" : "독봉산",
        "PAST_SPOT_" : "4831015010021",
        "MNTN_ID" : "483101501"
      },
      "geometry" : {
        "x" : 350304.08201003727,
        "y" : 255476.83359773271
      }
    }
  ]
}