{
  "displayFieldName" : "",
  "fieldAliases" : {
    "FID" : "FID",
    "PMNTN_SN" : "PMNTN_SN",
    "MNTN_CODE" : "MNTN_CODE",
    "MNTN_NM" : "MNTN_NM",
    "PMNTN_NM" : "PMNTN_NM",
    "PMNTN_MAIN" : "PMNTN_MAIN",
    "PMNTN_LT" : "PMNTN_LT",
    "PMNTN_DFFL" : "PMNTN_DFFL",
    "PMNTN_UPPL" : "PMNTN_UPPL",
    "PMNTN_GODN" : "PMNTN_GODN",
    "PMNTN_MTRQ" : "PMNTN_MTRQ",
    "PMNTN_CNRL" : "PMNTN_CNRL",
    "PMNTN_CLS_" : "PMNTN_CLS_",
    "PMNTN_RISK" : "PMNTN_RISK",
    "PMNTN_RECO" : "PMNTN_RECO",
    "DATA_STDR_" : "DATA_STDR_",
    "MNTN_ID" : "MNTN_ID"
  },
  "geometryType" : "esriGeometryPolyline",
  "spatialReference" : {
    "wkt" : "PROJCS[\"PCS_ITRF2000_TM\",GEOGCS[\"GCS_ITRF_2000\",DATUM[\"D_ITRF_2000\",SPHEROID[\"GRS_1980\",6378137.0,298.257222101]],PRIMEM[\"Greenwich\",0.0],UNIT[\"Degree\",0.0174532925199433]],PROJECTION[\"Transverse_Mercator\"],PARAMETER[\"False_Easting\",200000.0],PARAMETER[\"False_Northing\",600000.0],PARAMETER[\"Central_Meridian\",127.0],PARAMETER[\"Scale_Factor\",1.0],PARAMETER[\"Latitude_Of_Origin\",38.0],UNIT[\"Meter\",1.0]]"
  },
  "fields" : [
    {
      "name" : "FID",
      "type" : "esriFieldTypeOID",
      "alias" : "FID"
    },
    {
      "name" : "PMNTN_SN",
      "type" : "esriFieldTypeDouble",
      "alias" : "PMNTN_SN"
    },
    {
      "name" : "MNTN_CODE",
      "type" : "esriFieldTypeString",
      "alias" : "MNTN_CODE",
      "length" : 9
    },
    {
      "name" : "MNTN_NM",
      "type" : "esriFieldTypeString",
      "alias" : "MNTN_NM",
      "length" : 50
    },
    {
      "name" : "PMNTN_NM",
      "type" : "esriFieldTypeString",
      "alias" : "PMNTN_NM",
      "length" : 50
    },
    {
      "name" : "PMNTN_MAIN",
      "type" : "esriFieldTypeString",
      "alias" : "PMNTN_MAIN",
      "length" : 200
    },
    {
      "name" : "PMNTN_LT",
      "type" : "esriFieldTypeSingle",
      "alias" : "PMNTN_LT"
    },
    {
      "name" : "PMNTN_DFFL",
      "type" : "esriFieldTypeString",
      "alias" : "PMNTN_DFFL",
      "length" : 8
    },
    {
      "name" : "PMNTN_UPPL",
      "type" : "esriFieldTypeDouble",
      "alias" : "PMNTN_UPPL"
    },
    {
      "name" : "PMNTN_GODN",
      "type" : "esriFieldTypeDouble",
      "alias" : "PMNTN_GODN"
    },
    {
      "name" : "PMNTN_MTRQ",
      "type" : "esriFieldTypeString",
      "alias" : "PMNTN_MTRQ",
      "length" : 200
    },
    {
      "name" : "PMNTN_CNRL",
      "type" : "esriFieldTypeString",
      "alias" : "PMNTN_CNRL",
      "length" : 1
    },
    {
      "name" : "PMNTN_CLS_",
      "type" : "esriFieldTypeString",
      "alias" : "PMNTN_CLS_",
      "length" : 1
    },
    {
      "name" : "PMNTN_RISK",
      "type" : "esriFieldTypeString",
      "alias" : "PMNTN_RISK",
      "length" : 200
    },
    {
      "name" : "PMNTN_RECO",
      "type" : "esriFieldTypeString",
      "alias" : "PMNTN_RECO",
      "length" : 1
    },
    {
      "name" : "DATA_STDR_",
      "type" : "esriFieldTypeString",
      "alias" : "DATA_STDR_",
      "length" : 10
    },
    {
      "name" : "MNTN_ID",
      "type" : "esriFieldTypeString",
      "alias" : "MNTN_ID",
      "length" : 10
    }
  ],
  "features" : [
    {
      "attributes" : {
        "FID" : 0,
        "PMNTN_SN" : 21085,
        "MNTN_CODE" : "468600701",
        "MNTN_NM" : "백아산",
        "PMNTN_NM" : "삼축리구간",
        "PMNTN_MAIN" : " ",
        "PMNTN_LT" : 1.49,
        "PMNTN_DFFL" : "쉬움",
        "PMNTN_UPPL" : 26,
        "PMNTN_GODN" : 18,
        "PMNTN_MTRQ" : " ",
        "PMNTN_CNRL" : " ",
        "PMNTN_CLS_" : " ",
        "PMNTN_RISK" : " ",
        "PMNTN_RECO" : " ",
        "DATA_STDR_" : "2016-12-31",
        "MNTN_ID" : "468600701"
      },
      "geometry" : {
        "paths" : [
          [
            [
              164430.31140000094,
              280010.02830000222
            ],
            [
              164465.0373000009,
              280042.5178999994
            ],
            [
              164470.15750000346,
              280047.97720000334
            ],
            [
              164507.91420000233,
              280103.36000000127
            ],
            [
              164524.08090000134,
              280130.03699999861
            ],
            [
              164546.19270000048,
              280168.75470000319
            ],
            [
              164550.70359999966,
              280181.64630000107
            ],
            [
              164572.11270000134,
              280246.3842999991
            ],
            [
              164589.58719999995,
              280297.37570000254
            ],
            [
              164598.75569999963,
              280350.89919999801
            ],
            [
              164601.00470000319,
              280358.63190000132
            ],
            [
              164598.34190000314,
              280376.34900000133
            ],
            [
              164592.7750000013,
              280402.91679999977
            ],
            [
              164589.30169999972,
              280411.19270000048
            ],
            [
              164573.14820000157,
              280438.85120000131
            ],
            [
              164571.11920000333,
              280444.27460000105
            ],
            [
              164564.17690000124,
              280459.96839999966
            ],
            [
              164563.53180000093,
              280474.54989999905
            ],
            [
              164561.45530000236,
              280489.41029999964
            ],
            [
              164562.7789000012,
              280510.57909999974
            ],
            [
              164558.66910000239,
              280531.72069999948
            ],
            [
              164551.75850000139,
              280541.12319999933
            ],
            [
              164537.91280000098,
              280564.78970000334
            ],
            [
              164535.19210000057,
              280576.35309999995
            ],
            [
              164535.06320000067,
              280578.6101000011
            ],
            [
              164534.87420000043,
              280579.67989999987
            ],
            [
              164534.89580000099,
              280579.62590000033
            ],
            [
              164535.09100000188,
              280583.41560000181
            ],
            [
              164534.912200002,
              280593.10500000045
            ],
            [
              164535.49230000004,
              280598.51860000193
            ],
            [
              164536.190200001,
              280604.2686999999
            ],
            [
              164536.74140000064,
              280618.21380000189
            ],
            [
              164537.82260000054,
              280631.29990000091
            ],
            [
              164538.53110000305,
              280638.45710000396
            ],
            [
              164538.45140000246,
              280644.88719999976
            ],
            [
              164539.70110000018,
              280651.01720000245
            ],
            [
              164540.90589999966,
              280657.51339999959
            ],
            [
              164542.21560000256,
              280664.34280000255
            ],
            [
              164543.91309999954,
              280670.32729999907
            ],
            [
              164546.73290000297,
              280675.65240000188
            ],
            [
              164552.04090000223,
              280682.37950000167
            ],
            [
              164554.83370000031,
              280686.48509999923
            ],
            [
              164558.85800000001,
              280691.90630000271
            ],
            [
              164562.73270000052,
              280697.36130000092
            ],
            [
              164568.40340000205,
              280700.01190000214
            ],
            [
              164573.65910000075,
              280703.36290000007
            ],
            [
              164578.30300000124,
              280708.47990000062
            ],
            [
              164583.0373000009,
              280713.40720000118
            ],
            [
              164587.41070000269,
              280717.47620000318
            ],
            [
              164592.57930000406,
              280721.36380000226
            ],
            [
              164598.76880000252,
              280723.82070000097
            ],
            [
              164603.08550000098,
              280727.37260000221
            ],
            [
              164607.88910000119,
              280731.22159999982
            ],
            [
              164612.85390000232,
              280734.92930000089
            ],
            [
              164617.18969999999,
              280739.94240000099
            ],
            [
              164622.08540000301,
              280743.95900000073
            ],
            [
              164626.49880000018,
              280748.41280000098
            ],
            [
              164630.99980000034,
              280753.59340000339
            ],
            [
              164635.8256000001,
              280757.78770000115
            ],
            [
              164639.4699000027,
              280762.65430000238
            ],
            [
              164644.7042000005,
              280767.3516000025
            ],
            [
              164649.64599999972,
              280771.54620000161
            ],
            [
              164654.7564000003,
              280775.31100000441
            ],
            [
              164660.36450000014,
              280777.87619999982
            ],
            [
              164665.54590000026,
              280780.86160000041
            ],
            [
              164670.46210000012,
              280784.32880000211
            ],
            [
              164672.5351000037,
              280785.94470000453
            ],
            [
              164672.5214999998,
              280786.01940000057
            ],
            [
              164672.5418999996,
              280786.16110000014
            ],
            [
              164675.05620000418,
              280789.31469999999
            ],
            [
              164677.68709999882,
              280793.57130000181
            ],
            [
              164678.88630000129,
              280799.23240000196
            ],
            [
              164679.06150000077,
              280805.7880000025
            ],
            [
              164678.56850000005,
              280812.16690000147
            ],
            [
              164678.46310000401,
              280819.09280000068
            ],
            [
              164679.30240000132,
              280824.39020000212
            ],
            [
              164678.89260000084,
              280831.69630000181
            ],
            [
              164679.46300000325,
              280837.5736999996
            ],
            [
              164677.38850000035,
              280844.22270000167
            ],
            [
              164674.16309999954,
              280850.97800000198
            ],
            [
              164670.98300000373,
              280857.66209999844
            ],
            [
              164666.19730000198,
              280869.76720000245
            ],
            [
              164663.22110000066,
              280875.59400000051
            ],
            [
              164659.88190000132,
              280882.28840000369
            ],
            [
              164652.82790000085,
              280891.97210000269
            ],
            [
              164651.89040000364,
              280896.92669999972
            ],
            [
              164652.29340000078,
              280903.76830000244
            ],
            [
              164656.25250000134,
              280916.35320000164
            ],
            [
              164659.68680000026,
              280921.61400000006
            ],
            [
              164663.83990000095,
              280926.26420000009
            ],
            [
              164666.18809999991,
              280930.19820000231
            ],
            [
              164666.39140000101,
              280930.24140000343
            ],
            [
              164670.63110000081,
              280935.27629999816
            ],
            [
              164664.37359999958,
              280939.49039999954
            ],
            [
              164657.99420000054,
              280931.60690000094
            ],
            [
              164653.44380000047,
              280928.72830000147
            ],
            [
              164650.18400000036,
              280923.74279999919
            ],
            [
              164644.29000000004,
              280919.712799998
            ],
            [
              164639.04009999987,
              280915.38719999976
            ],
            [
              164634.94170000032,
              280911.36170000024
            ],
            [
              164629.78839999996,
              280907.13920000196
            ],
            [
              164624.12189999968,
              280903.46660000086
            ],
            [
              164619.9253000021,
              280899.97080000117
            ],
            [
              164613.63030000217,
              280895.99569999985
            ],
            [
              164608.59700000193,
              280893.06490000151
            ],
            [
              164602.94250000175,
              280889.1045000013
            ],
            [
              164597.30390000157,
              280885.58709999733
            ],
            [
              164592.3004999999,
              280883.11400000192
            ],
            [
              164584.73470000364,
              280879.40420000069
            ],
            [
              164581.09780000057,
              280877.33540000021
            ],
            [
              164578.21040000301,
              280875.28260000423
            ],
            [
              164570.01239999942,
              280873.45660000108
            ],
            [
              164561.48220000137,
              280873.51160000265
            ],
            [
              164551.51220000163,
              280873.97560000047
            ],
            [
              164539.2237999998,
              280875.78859999962
            ],
            [
              164530.93710000068,
              280878.9012000002
            ],
            [
              164529.31490000058,
              280884.99840000086
            ],
            [
              164527.28230000101,
              280893.73080000095
            ],
            [
              164524.00020000245,
              280906.86120000109
            ],
            [
              164522.50500000082,
              280917.12710000016
            ],
            [
              164518.36230000202,
              280923.87980000116
            ],
            [
              164511.26900000125,
              280929.38550000265
            ],
            [
              164498.05960000213,
              280929.74190000072
            ],
            [
              164474.85270000342,
              280928.21090000123
            ],
            [
              164462.03010000102,
              280926.35430000164
            ],
            [
              164448.7137000002,
              280924.30969999917
            ],
            [
              164434.20310000237,
              280921.17559999973
            ],
            [
              164413.98800000269,
              280917.45150000043
            ],
            [
              164387.67659999989,
              280911.44089999981
            ],
            [
              164364.83800000045,
              280907.44170000218
            ],
            [
              164349.9458999997,
              280905.37759999931
            ],
            [
              164334.29320000205,
              280903.2081000004
            ],
            [
              164310.2321000006,
              280898.72589999996
            ]
          ]
        ]
      }
    }
  ]
}