{
  "displayFieldName" : "",
  "fieldAliases" : {
    "FID" : "FID",
    "PMNTN_SPOT" : "PMNTN_SPOT",
    "MNTN_CODE" : "MNTN_CODE",
    "MANAGE_SP1" : "MANAGE_SP1",
    "MANAGE_SP2" : "MANAGE_SP2",
    "DETAIL_SPO" : "DETAIL_SPO",
    "ETC_MATTER" : "ETC_MATTER",
    "MNTN_NM" : "MNTN_NM",
    "PAST_SPOT_" : "PAST_SPOT_",
    "MNTN_ID" : "MNTN_ID"
  },
  "geometryType" : "esriGeometryPoint",
  "spatialReference" : {
    "wkt" : "PROJCS[\"PCS_ITRF2000_TM\",GEOGCS[\"GCS_ITRF_2000\",DATUM[\"D_ITRF_2000\",SPHEROID[\"GRS_1980\",6378137.0,298.257222101]],PRIMEM[\"Greenwich\",0.0],UNIT[\"Degree\",0.0174532925199433]],PROJECTION[\"Transverse_Mercator\"],PARAMETER[\"False_Easting\",200000.0],PARAMETER[\"False_Northing\",600000.0],PARAMETER[\"Central_Meridian\",127.0],PARAMETER[\"Scale_Factor\",1.0],PARAMETER[\"Latitude_Of_Origin\",38.0],UNIT[\"Meter\",1.0]]"
  },
  "fields" : [
    {
      "name" : "FID",
      "type" : "esriFieldTypeOID",
      "alias" : "FID"
    },
    {
      "name" : "PMNTN_SPOT",
      "type" : "esriFieldTypeDouble",
      "alias" : "PMNTN_SPOT"
    },
    {
      "name" : "MNTN_CODE",
      "type" : "esriFieldTypeString",
      "alias" : "MNTN_CODE",
      "length" : 9
    },
    {
      "name" : "MANAGE_SP1",
      "type" : "esriFieldTypeString",
      "alias" : "MANAGE_SP1",
      "length" : 2
    },
    {
      "name" : "MANAGE_SP2",
      "type" : "esriFieldTypeString",
      "alias" : "MANAGE_SP2",
      "length" : 50
    },
    {
      "name" : "DETAIL_SPO",
      "type" : "esriFieldTypeString",
      "alias" : "DETAIL_SPO",
      "length" : 200
    },
    {
      "name" : "ETC_MATTER",
      "type" : "esriFieldTypeString",
      "alias" : "ETC_MATTER",
      "length" : 200
    },
    {
      "name" : "MNTN_NM",
      "type" : "esriFieldTypeString",
      "alias" : "MNTN_NM",
      "length" : 50
    },
    {
      "name" : "PAST_SPOT_",
      "type" : "esriFieldTypeString",
      "alias" : "PAST_SPOT_",
      "length" : 14
    },
    {
      "name" : "MNTN_ID",
      "type" : "esriFieldTypeString",
      "alias" : "MNTN_ID",
      "length" : 10
    }
  ],
  "features" : [
    {
      "attributes" : {
        "FID" : 0,
        "PMNTN_SPOT" : 16914,
        "MNTN_CODE" : "428305801",
        "MANAGE_SP1" : "01",
        "MANAGE_SP2" : "시종점",
        "DETAIL_SPO" : "시종점",
        "ETC_MATTER" : " ",
        "MNTN_NM" : "내현리산",
        "PAST_SPOT_" : "4283008010001",
        "MNTN_ID" : "428300801"
      },
      "geometry" : {
        "x" : 341656.84170000721,
        "y" : 604090.65090000257
      }
    },
    {
      "attributes" : {
        "FID" : 1,
        "PMNTN_SPOT" : 16915,
        "MNTN_CODE" : "428305801",
        "MANAGE_SP1" : "01",
        "MANAGE_SP2" : "시종점",
        "DETAIL_SPO" : "시종점",
        "ETC_MATTER" : " ",
        "MNTN_NM" : "내현리산",
        "PAST_SPOT_" : "4283008010002",
        "MNTN_ID" : "428300801"
      },
      "geometry" : {
        "x" : 341706.39450000692,
        "y" : 604115.95899999887
      }
    },
    {
      "attributes" : {
        "FID" : 2,
        "PMNTN_SPOT" : 16916,
        "MNTN_CODE" : "428305801",
        "MANAGE_SP1" : "99",
        "MANAGE_SP2" : "기타",
        "DETAIL_SPO" : "위험지역",
        "ETC_MATTER" : "주변환경 정리 요망,주변환경 정리 요망,",
        "MNTN_NM" : "내현리산",
        "PAST_SPOT_" : "4283008010003",
        "MNTN_ID" : "428300801"
      },
      "geometry" : {
        "x" : 341511.92660001013,
        "y" : 603978.46169999987
      }
    },
    {
      "attributes" : {
        "FID" : 3,
        "PMNTN_SPOT" : 16917,
        "MNTN_CODE" : "428305801",
        "MANAGE_SP1" : "23",
        "MANAGE_SP2" : "정상",
        "DETAIL_SPO" : "정상부",
        "ETC_MATTER" : "주변환경 정리 요망,안전로프및 휀스설치요망,주변환경 정리 요망",
        "MNTN_NM" : "내현리산",
        "PAST_SPOT_" : "4283008010004",
        "MNTN_ID" : "428300801"
      },
      "geometry" : {
        "x" : 341545.9724000087,
        "y" : 603986.57990000211
      }
    },
    {
      "attributes" : {
        "FID" : 4,
        "PMNTN_SPOT" : 16918,
        "MNTN_CODE" : "428305801",
        "MANAGE_SP1" : "99",
        "MANAGE_SP2" : "기타",
        "DETAIL_SPO" : "기타",
        "ETC_MATTER" : "주변환경 정리 요망",
        "MNTN_NM" : "내현리산",
        "PAST_SPOT_" : "4283008010005",
        "MNTN_ID" : "428300801"
      },
      "geometry" : {
        "x" : 341581.2567000119,
        "y" : 603997.74000000022
      }
    },
    {
      "attributes" : {
        "FID" : 5,
        "PMNTN_SPOT" : 16919,
        "MNTN_CODE" : "428305801",
        "MANAGE_SP1" : "99",
        "MANAGE_SP2" : "기타",
        "DETAIL_SPO" : "기타",
        "ETC_MATTER" : "주변환경 정리 요망",
        "MNTN_NM" : "내현리산",
        "PAST_SPOT_" : "4283008010006",
        "MNTN_ID" : "428300801"
      },
      "geometry" : {
        "x" : 341521.15690000914,
        "y" : 604013.54390000179
      }
    },
    {
      "attributes" : {
        "FID" : 6,
        "PMNTN_SPOT" : 16920,
        "MNTN_CODE" : "428305801",
        "MANAGE_SP1" : "99",
        "MANAGE_SP2" : "기타",
        "DETAIL_SPO" : "기타",
        "ETC_MATTER" : "하층식생 정리 요망",
        "MNTN_NM" : "내현리산",
        "PAST_SPOT_" : "4283008010007",
        "MNTN_ID" : "428300801"
      },
      "geometry" : {
        "x" : 341598.24440001324,
        "y" : 604019.54299999774
      }
    },
    {
      "attributes" : {
        "FID" : 7,
        "PMNTN_SPOT" : 16921,
        "MNTN_CODE" : "428305801",
        "MANAGE_SP1" : "99",
        "MANAGE_SP2" : "기타",
        "DETAIL_SPO" : "기타",
        "ETC_MATTER" : "주변환경 정리 요망",
        "MNTN_NM" : "내현리산",
        "PAST_SPOT_" : "4283008010008",
        "MNTN_ID" : "428300801"
      },
      "geometry" : {
        "x" : 341619.76430001296,
        "y" : 604034.76209999993
      }
    },
    {
      "attributes" : {
        "FID" : 8,
        "PMNTN_SPOT" : 16922,
        "MNTN_CODE" : "428305801",
        "MANAGE_SP1" : "99",
        "MANAGE_SP2" : "기타",
        "DETAIL_SPO" : "기타",
        "ETC_MATTER" : "주변환경 정리 요망",
        "MNTN_NM" : "내현리산",
        "PAST_SPOT_" : "4283008010009",
        "MNTN_ID" : "428300801"
      },
      "geometry" : {
        "x" : 341528.64840001054,
        "y" : 604035.91520000249
      }
    },
    {
      "attributes" : {
        "FID" : 9,
        "PMNTN_SPOT" : 16923,
        "MNTN_CODE" : "428305801",
        "MANAGE_SP1" : "99",
        "MANAGE_SP2" : "기타",
        "DETAIL_SPO" : "기타",
        "ETC_MATTER" : "하층식생 정리 요망",
        "MNTN_NM" : "내현리산",
        "PAST_SPOT_" : "4283008010010",
        "MNTN_ID" : "428300801"
      },
      "geometry" : {
        "x" : 341646.73290001042,
        "y" : 604038.16110000201
      }
    },
    {
      "attributes" : {
        "FID" : 10,
        "PMNTN_SPOT" : 16924,
        "MNTN_CODE" : "428305801",
        "MANAGE_SP1" : "99",
        "MANAGE_SP2" : "기타",
        "DETAIL_SPO" : "기타",
        "ETC_MATTER" : "주변환경 정리 요망",
        "MNTN_NM" : "내현리산",
        "PAST_SPOT_" : "4283008010011",
        "MNTN_ID" : "428300801"
      },
      "geometry" : {
        "x" : 341672.30420001224,
        "y" : 604058.82489999942
      }
    },
    {
      "attributes" : {
        "FID" : 11,
        "PMNTN_SPOT" : 16925,
        "MNTN_CODE" : "428305801",
        "MANAGE_SP1" : "99",
        "MANAGE_SP2" : "기타",
        "DETAIL_SPO" : "기타",
        "ETC_MATTER" : "주변환경 정리 요망",
        "MNTN_NM" : "내현리산",
        "PAST_SPOT_" : "4283008010012",
        "MNTN_ID" : "428300801"
      },
      "geometry" : {
        "x" : 341593.26790000871,
        "y" : 604059.8758000005
      }
    },
    {
      "attributes" : {
        "FID" : 12,
        "PMNTN_SPOT" : 16926,
        "MNTN_CODE" : "428305801",
        "MANAGE_SP1" : "99",
        "MANAGE_SP2" : "기타",
        "DETAIL_SPO" : "기타",
        "ETC_MATTER" : "하층식생 정리 요망",
        "MNTN_NM" : "내현리산",
        "PAST_SPOT_" : "4283008010013",
        "MNTN_ID" : "428300801"
      },
      "geometry" : {
        "x" : 341568.47210000828,
        "y" : 604060.85639999993
      }
    },
    {
      "attributes" : {
        "FID" : 13,
        "PMNTN_SPOT" : 16927,
        "MNTN_CODE" : "428305801",
        "MANAGE_SP1" : "99",
        "MANAGE_SP2" : "기타",
        "DETAIL_SPO" : "기타",
        "ETC_MATTER" : "주변환경 정리 요망",
        "MNTN_NM" : "내현리산",
        "PAST_SPOT_" : "4283008010014",
        "MNTN_ID" : "428300801"
      },
      "geometry" : {
        "x" : 341578.20060000662,
        "y" : 604071.21849999949
      }
    },
    {
      "attributes" : {
        "FID" : 14,
        "PMNTN_SPOT" : 16928,
        "MNTN_CODE" : "428305801",
        "MANAGE_SP1" : "12",
        "MANAGE_SP2" : "위험지역",
        "DETAIL_SPO" : "위험지역",
        "ETC_MATTER" : "안전로프및 휀스설치요망",
        "MNTN_NM" : "내현리산",
        "PAST_SPOT_" : "4283008010015",
        "MNTN_ID" : "428300801"
      },
      "geometry" : {
        "x" : 341553.29820000939,
        "y" : 604071.76420000196
      }
    },
    {
      "attributes" : {
        "FID" : 15,
        "PMNTN_SPOT" : 16929,
        "MNTN_CODE" : "428305801",
        "MANAGE_SP1" : "99",
        "MANAGE_SP2" : "기타",
        "DETAIL_SPO" : "기타",
        "ETC_MATTER" : "주변환경 정리 요망",
        "MNTN_NM" : "내현리산",
        "PAST_SPOT_" : "4283008010016",
        "MNTN_ID" : "428300801"
      },
      "geometry" : {
        "x" : 341703.12550000846,
        "y" : 604084.69889999926
      }
    },
    {
      "attributes" : {
        "FID" : 16,
        "PMNTN_SPOT" : 16930,
        "MNTN_CODE" : "428305801",
        "MANAGE_SP1" : "99",
        "MANAGE_SP2" : "기타",
        "DETAIL_SPO" : "기타",
        "ETC_MATTER" : " ",
        "MNTN_NM" : "내현리산",
        "PAST_SPOT_" : "4283008010017",
        "MNTN_ID" : "428300801"
      },
      "geometry" : {
        "x" : 341695.40460001025,
        "y" : 604107.49500000104
      }
    }
  ]
}