{
  "displayFieldName" : "",
  "fieldAliases" : {
    "FID" : "FID",
    "PMNTN_SPOT" : "PMNTN_SPOT",
    "MNTN_CODE" : "MNTN_CODE",
    "MANAGE_SP1" : "MANAGE_SP1",
    "MANAGE_SP2" : "MANAGE_SP2",
    "DETAIL_SPO" : "DETAIL_SPO",
    "ETC_MATTER" : "ETC_MATTER",
    "MNTN_NM" : "MNTN_NM",
    "PAST_SPOT_" : "PAST_SPOT_",
    "MNTN_ID" : "MNTN_ID"
  },
  "geometryType" : "esriGeometryPoint",
  "spatialReference" : {
    "wkt" : "PROJCS[\"PCS_ITRF2000_TM\",GEOGCS[\"GCS_ITRF_2000\",DATUM[\"D_ITRF_2000\",SPHEROID[\"GRS_1980\",6378137.0,298.257222101]],PRIMEM[\"Greenwich\",0.0],UNIT[\"Degree\",0.0174532925199433]],PROJECTION[\"Transverse_Mercator\"],PARAMETER[\"False_Easting\",200000.0],PARAMETER[\"False_Northing\",600000.0],PARAMETER[\"Central_Meridian\",127.0],PARAMETER[\"Scale_Factor\",1.0],PARAMETER[\"Latitude_Of_Origin\",38.0],UNIT[\"Meter\",1.0]]"
  },
  "fields" : [
    {
      "name" : "FID",
      "type" : "esriFieldTypeOID",
      "alias" : "FID"
    },
    {
      "name" : "PMNTN_SPOT",
      "type" : "esriFieldTypeDouble",
      "alias" : "PMNTN_SPOT"
    },
    {
      "name" : "MNTN_CODE",
      "type" : "esriFieldTypeString",
      "alias" : "MNTN_CODE",
      "length" : 9
    },
    {
      "name" : "MANAGE_SP1",
      "type" : "esriFieldTypeString",
      "alias" : "MANAGE_SP1",
      "length" : 2
    },
    {
      "name" : "MANAGE_SP2",
      "type" : "esriFieldTypeString",
      "alias" : "MANAGE_SP2",
      "length" : 50
    },
    {
      "name" : "DETAIL_SPO",
      "type" : "esriFieldTypeString",
      "alias" : "DETAIL_SPO",
      "length" : 200
    },
    {
      "name" : "ETC_MATTER",
      "type" : "esriFieldTypeString",
      "alias" : "ETC_MATTER",
      "length" : 200
    },
    {
      "name" : "MNTN_NM",
      "type" : "esriFieldTypeString",
      "alias" : "MNTN_NM",
      "length" : 50
    },
    {
      "name" : "PAST_SPOT_",
      "type" : "esriFieldTypeString",
      "alias" : "PAST_SPOT_",
      "length" : 14
    },
    {
      "name" : "MNTN_ID",
      "type" : "esriFieldTypeString",
      "alias" : "MNTN_ID",
      "length" : 10
    }
  ],
  "features" : [
    {
      "attributes" : {
        "FID" : 0,
        "PMNTN_SPOT" : 26178,
        "MNTN_CODE" : "414604001",
        "MANAGE_SP1" : "01",
        "MANAGE_SP2" : "시종점",
        "DETAIL_SPO" : "시종점",
        "ETC_MATTER" : " ",
        "MNTN_NM" : "마평동산",
        "PAST_SPOT_" : "4146109010001",
        "MNTN_ID" : "414610901"
      },
      "geometry" : {
        "x" : 219123.64810000081,
        "y" : 514778.33440000191
      }
    },
    {
      "attributes" : {
        "FID" : 1,
        "PMNTN_SPOT" : 26179,
        "MNTN_CODE" : "414604001",
        "MANAGE_SP1" : "02",
        "MANAGE_SP2" : "분기점",
        "DETAIL_SPO" : "분기점",
        "ETC_MATTER" : " ",
        "MNTN_NM" : "마평동산",
        "PAST_SPOT_" : "4146109010002",
        "MNTN_ID" : "414610901"
      },
      "geometry" : {
        "x" : 219202.26090000011,
        "y" : 514607.99310000241
      }
    },
    {
      "attributes" : {
        "FID" : 2,
        "PMNTN_SPOT" : 26180,
        "MNTN_CODE" : "414604001",
        "MANAGE_SP1" : "02",
        "MANAGE_SP2" : "분기점",
        "DETAIL_SPO" : "분기점",
        "ETC_MATTER" : " ",
        "MNTN_NM" : "마평동산",
        "PAST_SPOT_" : "4146109010003",
        "MNTN_ID" : "414610901"
      },
      "geometry" : {
        "x" : 219209.05910000019,
        "y" : 514514.41070000269
      }
    },
    {
      "attributes" : {
        "FID" : 3,
        "PMNTN_SPOT" : 26181,
        "MNTN_CODE" : "414604001",
        "MANAGE_SP1" : "01",
        "MANAGE_SP2" : "시종점",
        "DETAIL_SPO" : "시종점",
        "ETC_MATTER" : " ",
        "MNTN_NM" : "마평동산",
        "PAST_SPOT_" : "4146109010004",
        "MNTN_ID" : "414610901"
      },
      "geometry" : {
        "x" : 219219.54860000312,
        "y" : 514704.49090000242
      }
    },
    {
      "attributes" : {
        "FID" : 4,
        "PMNTN_SPOT" : 26182,
        "MNTN_CODE" : "414604001",
        "MANAGE_SP1" : "02",
        "MANAGE_SP2" : "분기점",
        "DETAIL_SPO" : "분기점",
        "ETC_MATTER" : " ",
        "MNTN_NM" : "마평동산",
        "PAST_SPOT_" : "4146109010005",
        "MNTN_ID" : "414610901"
      },
      "geometry" : {
        "x" : 219225.32850000355,
        "y" : 514615.51530000009
      }
    },
    {
      "attributes" : {
        "FID" : 5,
        "PMNTN_SPOT" : 26183,
        "MNTN_CODE" : "414604001",
        "MANAGE_SP1" : "02",
        "MANAGE_SP2" : "분기점",
        "DETAIL_SPO" : "분기점",
        "ETC_MATTER" : " ",
        "MNTN_NM" : "마평동산",
        "PAST_SPOT_" : "4146109010006",
        "MNTN_ID" : "414610901"
      },
      "geometry" : {
        "x" : 219232.01570000127,
        "y" : 514705.44999999739
      }
    },
    {
      "attributes" : {
        "FID" : 6,
        "PMNTN_SPOT" : 26184,
        "MNTN_CODE" : "414604001",
        "MANAGE_SP1" : "02",
        "MANAGE_SP2" : "분기점",
        "DETAIL_SPO" : "분기점",
        "ETC_MATTER" : " ",
        "MNTN_NM" : "마평동산",
        "PAST_SPOT_" : "4146109010007",
        "MNTN_ID" : "414610901"
      },
      "geometry" : {
        "x" : 219320.91600000113,
        "y" : 514736.90509999916
      }
    },
    {
      "attributes" : {
        "FID" : 7,
        "PMNTN_SPOT" : 26185,
        "MNTN_CODE" : "414604001",
        "MANAGE_SP1" : "02",
        "MANAGE_SP2" : "분기점",
        "DETAIL_SPO" : "분기점",
        "ETC_MATTER" : " ",
        "MNTN_NM" : "마평동산",
        "PAST_SPOT_" : "4146109010008",
        "MNTN_ID" : "414610901"
      },
      "geometry" : {
        "x" : 219427.03500000015,
        "y" : 514602.51540000178
      }
    },
    {
      "attributes" : {
        "FID" : 8,
        "PMNTN_SPOT" : 26186,
        "MNTN_CODE" : "414604001",
        "MANAGE_SP1" : "02",
        "MANAGE_SP2" : "분기점",
        "DETAIL_SPO" : "분기점",
        "ETC_MATTER" : " ",
        "MNTN_NM" : "마평동산",
        "PAST_SPOT_" : "4146109010009",
        "MNTN_ID" : "414610901"
      },
      "geometry" : {
        "x" : 219428.611800001,
        "y" : 514591.32829999924
      }
    },
    {
      "attributes" : {
        "FID" : 9,
        "PMNTN_SPOT" : 26187,
        "MNTN_CODE" : "414604001",
        "MANAGE_SP1" : "02",
        "MANAGE_SP2" : "분기점",
        "DETAIL_SPO" : "분기점",
        "ETC_MATTER" : " ",
        "MNTN_NM" : "마평동산",
        "PAST_SPOT_" : "4146109010010",
        "MNTN_ID" : "414610901"
      },
      "geometry" : {
        "x" : 220158.41480000131,
        "y" : 514319.92979999818
      }
    },
    {
      "attributes" : {
        "FID" : 10,
        "PMNTN_SPOT" : 26188,
        "MNTN_CODE" : "414604001",
        "MANAGE_SP1" : "01",
        "MANAGE_SP2" : "시종점",
        "DETAIL_SPO" : "시종점",
        "ETC_MATTER" : " ",
        "MNTN_NM" : "마평동산",
        "PAST_SPOT_" : "4146109010011",
        "MNTN_ID" : "414610901"
      },
      "geometry" : {
        "x" : 220211.16010000091,
        "y" : 514894.3740000017
      }
    },
    {
      "attributes" : {
        "FID" : 11,
        "PMNTN_SPOT" : 26189,
        "MNTN_CODE" : "414604001",
        "MANAGE_SP1" : "02",
        "MANAGE_SP2" : "분기점",
        "DETAIL_SPO" : "분기점",
        "ETC_MATTER" : " ",
        "MNTN_NM" : "마평동산",
        "PAST_SPOT_" : "4146109010012",
        "MNTN_ID" : "414610901"
      },
      "geometry" : {
        "x" : 220331.77350000385,
        "y" : 514649.26060000248
      }
    },
    {
      "attributes" : {
        "FID" : 12,
        "PMNTN_SPOT" : 26190,
        "MNTN_CODE" : "414604001",
        "MANAGE_SP1" : "02",
        "MANAGE_SP2" : "분기점",
        "DETAIL_SPO" : "분기점",
        "ETC_MATTER" : " ",
        "MNTN_NM" : "마평동산",
        "PAST_SPOT_" : "4146109010013",
        "MNTN_ID" : "414610901"
      },
      "geometry" : {
        "x" : 220370.35490000248,
        "y" : 514653.66369999945
      }
    },
    {
      "attributes" : {
        "FID" : 13,
        "PMNTN_SPOT" : 26191,
        "MNTN_CODE" : "414604001",
        "MANAGE_SP1" : "01",
        "MANAGE_SP2" : "시종점",
        "DETAIL_SPO" : "시종점",
        "ETC_MATTER" : " ",
        "MNTN_NM" : "마평동산",
        "PAST_SPOT_" : "4146109010014",
        "MNTN_ID" : "414610901"
      },
      "geometry" : {
        "x" : 220399.76970000006,
        "y" : 514326.22700000182
      }
    }
  ]
}