{
  "displayFieldName" : "",
  "fieldAliases" : {
    "FID" : "FID",
    "PMNTN_SPOT" : "PMNTN_SPOT",
    "MNTN_CODE" : "MNTN_CODE",
    "MANAGE_SP1" : "MANAGE_SP1",
    "MANAGE_SP2" : "MANAGE_SP2",
    "DETAIL_SPO" : "DETAIL_SPO",
    "ETC_MATTER" : "ETC_MATTER",
    "MNTN_NM" : "MNTN_NM",
    "PAST_SPOT_" : "PAST_SPOT_",
    "MNTN_ID" : "MNTN_ID"
  },
  "geometryType" : "esriGeometryPoint",
  "spatialReference" : {
    "wkt" : "PROJCS[\"PCS_ITRF2000_TM\",GEOGCS[\"GCS_ITRF_2000\",DATUM[\"D_ITRF_2000\",SPHEROID[\"GRS_1980\",6378137.0,298.257222101]],PRIMEM[\"Greenwich\",0.0],UNIT[\"Degree\",0.0174532925199433]],PROJECTION[\"Transverse_Mercator\"],PARAMETER[\"False_Easting\",200000.0],PARAMETER[\"False_Northing\",600000.0],PARAMETER[\"Central_Meridian\",127.0],PARAMETER[\"Scale_Factor\",1.0],PARAMETER[\"Latitude_Of_Origin\",38.0],UNIT[\"Meter\",1.0]]"
  },
  "fields" : [
    {
      "name" : "FID",
      "type" : "esriFieldTypeOID",
      "alias" : "FID"
    },
    {
      "name" : "PMNTN_SPOT",
      "type" : "esriFieldTypeDouble",
      "alias" : "PMNTN_SPOT"
    },
    {
      "name" : "MNTN_CODE",
      "type" : "esriFieldTypeString",
      "alias" : "MNTN_CODE",
      "length" : 9
    },
    {
      "name" : "MANAGE_SP1",
      "type" : "esriFieldTypeString",
      "alias" : "MANAGE_SP1",
      "length" : 2
    },
    {
      "name" : "MANAGE_SP2",
      "type" : "esriFieldTypeString",
      "alias" : "MANAGE_SP2",
      "length" : 50
    },
    {
      "name" : "DETAIL_SPO",
      "type" : "esriFieldTypeString",
      "alias" : "DETAIL_SPO",
      "length" : 200
    },
    {
      "name" : "ETC_MATTER",
      "type" : "esriFieldTypeString",
      "alias" : "ETC_MATTER",
      "length" : 200
    },
    {
      "name" : "MNTN_NM",
      "type" : "esriFieldTypeString",
      "alias" : "MNTN_NM",
      "length" : 50
    },
    {
      "name" : "PAST_SPOT_",
      "type" : "esriFieldTypeString",
      "alias" : "PAST_SPOT_",
      "length" : 14
    },
    {
      "name" : "MNTN_ID",
      "type" : "esriFieldTypeString",
      "alias" : "MNTN_ID",
      "length" : 10
    }
  ],
  "features" : [
    {
      "attributes" : {
        "FID" : 0,
        "PMNTN_SPOT" : 10246,
        "MNTN_CODE" : "457200201",
        "MANAGE_SP1" : "99",
        "MANAGE_SP2" : "기타",
        "DETAIL_SPO" : "교량",
        "ETC_MATTER" : " ",
        "MNTN_NM" : "구봉산",
        "PAST_SPOT_" : "25150902000001",
        "MNTN_ID" : "2515090200"
      },
      "geometry" : {
        "x" : 239249.65730000008,
        "y" : 369567.34200000018
      }
    },
    {
      "attributes" : {
        "FID" : 1,
        "PMNTN_SPOT" : 10247,
        "MNTN_CODE" : "457200201",
        "MANAGE_SP1" : "10",
        "MANAGE_SP2" : "이정표",
        "DETAIL_SPO" : "이정표",
        "ETC_MATTER" : "이정표보수필요",
        "MNTN_NM" : "구봉산",
        "PAST_SPOT_" : "25150902000002",
        "MNTN_ID" : "2515090200"
      },
      "geometry" : {
        "x" : 239144.90869999956,
        "y" : 369520.22949999943
      }
    },
    {
      "attributes" : {
        "FID" : 2,
        "PMNTN_SPOT" : 10248,
        "MNTN_CODE" : "457200201",
        "MANAGE_SP1" : "99",
        "MANAGE_SP2" : "기타",
        "DETAIL_SPO" : "목계단",
        "ETC_MATTER" : "보수필요",
        "MNTN_NM" : "구봉산",
        "PAST_SPOT_" : "25150902000003",
        "MNTN_ID" : "2515090200"
      },
      "geometry" : {
        "x" : 238883.78469999973,
        "y" : 369655.21599999815
      }
    },
    {
      "attributes" : {
        "FID" : 3,
        "PMNTN_SPOT" : 10249,
        "MNTN_CODE" : "457200201",
        "MANAGE_SP1" : "99",
        "MANAGE_SP2" : "기타",
        "DETAIL_SPO" : "목계단",
        "ETC_MATTER" : "보수필요",
        "MNTN_NM" : "구봉산",
        "PAST_SPOT_" : "25150902000004",
        "MNTN_ID" : "2515090200"
      },
      "geometry" : {
        "x" : 238788.35370000079,
        "y" : 369726.50019999966
      }
    },
    {
      "attributes" : {
        "FID" : 4,
        "PMNTN_SPOT" : 10250,
        "MNTN_CODE" : "457200201",
        "MANAGE_SP1" : "99",
        "MANAGE_SP2" : "기타",
        "DETAIL_SPO" : "피해목 제거",
        "ETC_MATTER" : "등산로 점거",
        "MNTN_NM" : "구봉산",
        "PAST_SPOT_" : "25150902000005",
        "MNTN_ID" : "2515090200"
      },
      "geometry" : {
        "x" : 238726.41720000003,
        "y" : 369762.65740000457
      }
    },
    {
      "attributes" : {
        "FID" : 5,
        "PMNTN_SPOT" : 10251,
        "MNTN_CODE" : "457200201",
        "MANAGE_SP1" : "05",
        "MANAGE_SP2" : "벤치",
        "DETAIL_SPO" : "벤치",
        "ETC_MATTER" : " ",
        "MNTN_NM" : "구봉산",
        "PAST_SPOT_" : "25150902000006",
        "MNTN_ID" : "2515090200"
      },
      "geometry" : {
        "x" : 238665.74019999895,
        "y" : 369886.54660000093
      }
    },
    {
      "attributes" : {
        "FID" : 6,
        "PMNTN_SPOT" : 10252,
        "MNTN_CODE" : "457200201",
        "MANAGE_SP1" : "14",
        "MANAGE_SP2" : "조망점",
        "DETAIL_SPO" : "조망점",
        "ETC_MATTER" : " ",
        "MNTN_NM" : "구봉산",
        "PAST_SPOT_" : "25150902000007",
        "MNTN_ID" : "2515090200"
      },
      "geometry" : {
        "x" : 238570.71040000208,
        "y" : 370069.57310000062
      }
    },
    {
      "attributes" : {
        "FID" : 7,
        "PMNTN_SPOT" : 10253,
        "MNTN_CODE" : "457200201",
        "MANAGE_SP1" : "10",
        "MANAGE_SP2" : "이정표",
        "DETAIL_SPO" : "이정표",
        "ETC_MATTER" : " ",
        "MNTN_NM" : "구봉산",
        "PAST_SPOT_" : "25150902000008",
        "MNTN_ID" : "2515090200"
      },
      "geometry" : {
        "x" : 238575.85120000131,
        "y" : 370117.91920000501
      }
    },
    {
      "attributes" : {
        "FID" : 8,
        "PMNTN_SPOT" : 10254,
        "MNTN_CODE" : "457200201",
        "MANAGE_SP1" : "14",
        "MANAGE_SP2" : "조망점",
        "DETAIL_SPO" : "조망점",
        "ETC_MATTER" : " ",
        "MNTN_NM" : "구봉산",
        "PAST_SPOT_" : "25150902000009",
        "MNTN_ID" : "2515090200"
      },
      "geometry" : {
        "x" : 238490.82620000001,
        "y" : 370141.07250000164
      }
    },
    {
      "attributes" : {
        "FID" : 9,
        "PMNTN_SPOT" : 10255,
        "MNTN_CODE" : "457200201",
        "MANAGE_SP1" : "05",
        "MANAGE_SP2" : "벤치",
        "DETAIL_SPO" : "밴치",
        "ETC_MATTER" : " ",
        "MNTN_NM" : "구봉산",
        "PAST_SPOT_" : "25150902000010",
        "MNTN_ID" : "2515090200"
      },
      "geometry" : {
        "x" : 238371.68499999959,
        "y" : 370129.50290000252
      }
    },
    {
      "attributes" : {
        "FID" : 10,
        "PMNTN_SPOT" : 10256,
        "MNTN_CODE" : "457200201",
        "MANAGE_SP1" : "10",
        "MANAGE_SP2" : "이정표",
        "DETAIL_SPO" : "이정표",
        "ETC_MATTER" : " ",
        "MNTN_NM" : "구봉산",
        "PAST_SPOT_" : "25150902000011",
        "MNTN_ID" : "2515090200"
      },
      "geometry" : {
        "x" : 238364.5866000019,
        "y" : 370122.31509999931
      }
    },
    {
      "attributes" : {
        "FID" : 11,
        "PMNTN_SPOT" : 10257,
        "MNTN_CODE" : "457200201",
        "MANAGE_SP1" : "12",
        "MANAGE_SP2" : "위험지역",
        "DETAIL_SPO" : "위험지역",
        "ETC_MATTER" : "난간대 보수",
        "MNTN_NM" : "구봉산",
        "PAST_SPOT_" : "25150902000012",
        "MNTN_ID" : "2515090200"
      },
      "geometry" : {
        "x" : 238348.2631000001,
        "y" : 370117.5616999995
      }
    },
    {
      "attributes" : {
        "FID" : 12,
        "PMNTN_SPOT" : 10258,
        "MNTN_CODE" : "457200201",
        "MANAGE_SP1" : "12",
        "MANAGE_SP2" : "위험지역",
        "DETAIL_SPO" : "위험지역",
        "ETC_MATTER" : "추락위험",
        "MNTN_NM" : "구봉산",
        "PAST_SPOT_" : "25150902000013",
        "MNTN_ID" : "2515090200"
      },
      "geometry" : {
        "x" : 238345.95089999959,
        "y" : 370117.99550000019
      }
    },
    {
      "attributes" : {
        "FID" : 13,
        "PMNTN_SPOT" : 10259,
        "MNTN_CODE" : "457200201",
        "MANAGE_SP1" : "12",
        "MANAGE_SP2" : "위험지역",
        "DETAIL_SPO" : "위험지역",
        "ETC_MATTER" : "난간대 보수",
        "MNTN_NM" : "구봉산",
        "PAST_SPOT_" : "25150902000014",
        "MNTN_ID" : "2515090200"
      },
      "geometry" : {
        "x" : 238272.03370000049,
        "y" : 370095.83810000308
      }
    },
    {
      "attributes" : {
        "FID" : 14,
        "PMNTN_SPOT" : 10260,
        "MNTN_CODE" : "457200201",
        "MANAGE_SP1" : "14",
        "MANAGE_SP2" : "조망점",
        "DETAIL_SPO" : "조망점",
        "ETC_MATTER" : "난간대 보수",
        "MNTN_NM" : "구봉산",
        "PAST_SPOT_" : "25150902000015",
        "MNTN_ID" : "2515090200"
      },
      "geometry" : {
        "x" : 238265.81109999958,
        "y" : 370088.52100000158
      }
    },
    {
      "attributes" : {
        "FID" : 15,
        "PMNTN_SPOT" : 10261,
        "MNTN_CODE" : "457200201",
        "MANAGE_SP1" : "10",
        "MANAGE_SP2" : "이정표",
        "DETAIL_SPO" : "이정표",
        "ETC_MATTER" : " ",
        "MNTN_NM" : "구봉산",
        "PAST_SPOT_" : "25150902000016",
        "MNTN_ID" : "2515090200"
      },
      "geometry" : {
        "x" : 238219.83019999973,
        "y" : 370094.54700000025
      }
    },
    {
      "attributes" : {
        "FID" : 16,
        "PMNTN_SPOT" : 10262,
        "MNTN_CODE" : "457200201",
        "MANAGE_SP1" : "12",
        "MANAGE_SP2" : "위험지역",
        "DETAIL_SPO" : "위험지역",
        "ETC_MATTER" : " ",
        "MNTN_NM" : "구봉산",
        "PAST_SPOT_" : "25150902000017",
        "MNTN_ID" : "2515090200"
      },
      "geometry" : {
        "x" : 238214.93690000009,
        "y" : 370088.68930000067
      }
    },
    {
      "attributes" : {
        "FID" : 17,
        "PMNTN_SPOT" : 10263,
        "MNTN_CODE" : "457200201",
        "MANAGE_SP1" : "12",
        "MANAGE_SP2" : "위험지역",
        "DETAIL_SPO" : "위험지역",
        "ETC_MATTER" : "난간대 보수",
        "MNTN_NM" : "구봉산",
        "PAST_SPOT_" : "25150902000018",
        "MNTN_ID" : "2515090200"
      },
      "geometry" : {
        "x" : 238197.37440000102,
        "y" : 370069.89420000464
      }
    },
    {
      "attributes" : {
        "FID" : 18,
        "PMNTN_SPOT" : 10264,
        "MNTN_CODE" : "457200201",
        "MANAGE_SP1" : "12",
        "MANAGE_SP2" : "위험지역",
        "DETAIL_SPO" : "위험지역",
        "ETC_MATTER" : "난간대 보수",
        "MNTN_NM" : "구봉산",
        "PAST_SPOT_" : "25150902000019",
        "MNTN_ID" : "2515090200"
      },
      "geometry" : {
        "x" : 238188.09389999975,
        "y" : 370060.11170000024
      }
    },
    {
      "attributes" : {
        "FID" : 19,
        "PMNTN_SPOT" : 10265,
        "MNTN_CODE" : "457200201",
        "MANAGE_SP1" : "10",
        "MANAGE_SP2" : "이정표",
        "DETAIL_SPO" : "이정표",
        "ETC_MATTER" : " ",
        "MNTN_NM" : "구봉산",
        "PAST_SPOT_" : "25150902000020",
        "MNTN_ID" : "2515090200"
      },
      "geometry" : {
        "x" : 238159.41880000103,
        "y" : 370041.94559999928
      }
    },
    {
      "attributes" : {
        "FID" : 20,
        "PMNTN_SPOT" : 10266,
        "MNTN_CODE" : "457200201",
        "MANAGE_SP1" : "99",
        "MANAGE_SP2" : "기타",
        "DETAIL_SPO" : "목계단",
        "ETC_MATTER" : "보수필요",
        "MNTN_NM" : "구봉산",
        "PAST_SPOT_" : "25150902000021",
        "MNTN_ID" : "2515090200"
      },
      "geometry" : {
        "x" : 238092.66189999972,
        "y" : 369966.35940000229
      }
    },
    {
      "attributes" : {
        "FID" : 21,
        "PMNTN_SPOT" : 10267,
        "MNTN_CODE" : "457200201",
        "MANAGE_SP1" : "12",
        "MANAGE_SP2" : "위험지역",
        "DETAIL_SPO" : "위험지역",
        "ETC_MATTER" : " ",
        "MNTN_NM" : "구봉산",
        "PAST_SPOT_" : "25150902000022",
        "MNTN_ID" : "2515090200"
      },
      "geometry" : {
        "x" : 238051.84080000408,
        "y" : 369924.60640000179
      }
    },
    {
      "attributes" : {
        "FID" : 22,
        "PMNTN_SPOT" : 10268,
        "MNTN_CODE" : "457200201",
        "MANAGE_SP1" : "99",
        "MANAGE_SP2" : "기타",
        "DETAIL_SPO" : "목계단",
        "ETC_MATTER" : "보수필요",
        "MNTN_NM" : "구봉산",
        "PAST_SPOT_" : "25150902000023",
        "MNTN_ID" : "2515090200"
      },
      "geometry" : {
        "x" : 238027.97390000056,
        "y" : 369923.57160000131
      }
    },
    {
      "attributes" : {
        "FID" : 23,
        "PMNTN_SPOT" : 10269,
        "MNTN_CODE" : "457200201",
        "MANAGE_SP1" : "10",
        "MANAGE_SP2" : "이정표",
        "DETAIL_SPO" : "이정표",
        "ETC_MATTER" : " ",
        "MNTN_NM" : "구봉산",
        "PAST_SPOT_" : "25150902000024",
        "MNTN_ID" : "2515090200"
      },
      "geometry" : {
        "x" : 238003.25640000124,
        "y" : 369916.77440000139
      }
    },
    {
      "attributes" : {
        "FID" : 24,
        "PMNTN_SPOT" : 10270,
        "MNTN_CODE" : "457200201",
        "MANAGE_SP1" : "14",
        "MANAGE_SP2" : "조망점",
        "DETAIL_SPO" : "조망점",
        "ETC_MATTER" : " ",
        "MNTN_NM" : "구봉산",
        "PAST_SPOT_" : "25150902000025",
        "MNTN_ID" : "2515090200"
      },
      "geometry" : {
        "x" : 238007.3685000008,
        "y" : 369902.84420000389
      }
    },
    {
      "attributes" : {
        "FID" : 25,
        "PMNTN_SPOT" : 10271,
        "MNTN_CODE" : "457200201",
        "MANAGE_SP1" : "10",
        "MANAGE_SP2" : "이정표",
        "DETAIL_SPO" : "이정표",
        "ETC_MATTER" : " ",
        "MNTN_NM" : "구봉산",
        "PAST_SPOT_" : "25150902000026",
        "MNTN_ID" : "2515090200"
      },
      "geometry" : {
        "x" : 237961.38050000183,
        "y" : 369870.39020000026
      }
    },
    {
      "attributes" : {
        "FID" : 26,
        "PMNTN_SPOT" : 10272,
        "MNTN_CODE" : "457200201",
        "MANAGE_SP1" : "99",
        "MANAGE_SP2" : "기타",
        "DETAIL_SPO" : "목계단",
        "ETC_MATTER" : "보수필요",
        "MNTN_NM" : "구봉산",
        "PAST_SPOT_" : "25150902000027",
        "MNTN_ID" : "2515090200"
      },
      "geometry" : {
        "x" : 237848.77219999954,
        "y" : 369877.10890000127
      }
    },
    {
      "attributes" : {
        "FID" : 27,
        "PMNTN_SPOT" : 10273,
        "MNTN_CODE" : "457200201",
        "MANAGE_SP1" : "12",
        "MANAGE_SP2" : "위험지역",
        "DETAIL_SPO" : "위험지역",
        "ETC_MATTER" : "낙석위험",
        "MNTN_NM" : "구봉산",
        "PAST_SPOT_" : "25150902000028",
        "MNTN_ID" : "2515090200"
      },
      "geometry" : {
        "x" : 237816.50650000107,
        "y" : 369864.65420000255
      }
    },
    {
      "attributes" : {
        "FID" : 28,
        "PMNTN_SPOT" : 10274,
        "MNTN_CODE" : "457200201",
        "MANAGE_SP1" : "12",
        "MANAGE_SP2" : "위험지역",
        "DETAIL_SPO" : "위험지역",
        "ETC_MATTER" : "낙석위험",
        "MNTN_NM" : "구봉산",
        "PAST_SPOT_" : "25150902000029",
        "MNTN_ID" : "2515090200"
      },
      "geometry" : {
        "x" : 237801.81540000066,
        "y" : 369836.78440000117
      }
    },
    {
      "attributes" : {
        "FID" : 29,
        "PMNTN_SPOT" : 10275,
        "MNTN_CODE" : "457200201",
        "MANAGE_SP1" : "12",
        "MANAGE_SP2" : "위험지역",
        "DETAIL_SPO" : "위험지역",
        "ETC_MATTER" : "난간대 보수",
        "MNTN_NM" : "구봉산",
        "PAST_SPOT_" : "25150902000030",
        "MNTN_ID" : "2515090200"
      },
      "geometry" : {
        "x" : 237775.03020000271,
        "y" : 369844.88110000081
      }
    },
    {
      "attributes" : {
        "FID" : 30,
        "PMNTN_SPOT" : 10276,
        "MNTN_CODE" : "457200201",
        "MANAGE_SP1" : "99",
        "MANAGE_SP2" : "기타",
        "DETAIL_SPO" : "피해목 제거",
        "ETC_MATTER" : "등산로 점거",
        "MNTN_NM" : "구봉산",
        "PAST_SPOT_" : "25150902000031",
        "MNTN_ID" : "2515090200"
      },
      "geometry" : {
        "x" : 237647.29420000222,
        "y" : 369612.38289999962
      }
    },
    {
      "attributes" : {
        "FID" : 31,
        "PMNTN_SPOT" : 10277,
        "MNTN_CODE" : "457200201",
        "MANAGE_SP1" : "99",
        "MANAGE_SP2" : "기타",
        "DETAIL_SPO" : "목계단",
        "ETC_MATTER" : " ",
        "MNTN_NM" : "구봉산",
        "PAST_SPOT_" : "25150902000032",
        "MNTN_ID" : "2515090200"
      },
      "geometry" : {
        "x" : 237418.89880000055,
        "y" : 369699.56120000221
      }
    },
    {
      "attributes" : {
        "FID" : 32,
        "PMNTN_SPOT" : 10278,
        "MNTN_CODE" : "457200201",
        "MANAGE_SP1" : "10",
        "MANAGE_SP2" : "이정표",
        "DETAIL_SPO" : "이정표",
        "ETC_MATTER" : " ",
        "MNTN_NM" : "구봉산",
        "PAST_SPOT_" : "25150902000033",
        "MNTN_ID" : "2515090200"
      },
      "geometry" : {
        "x" : 237397.38280000258,
        "y" : 369718.68870000169
      }
    },
    {
      "attributes" : {
        "FID" : 33,
        "PMNTN_SPOT" : 10279,
        "MNTN_CODE" : "457200201",
        "MANAGE_SP1" : "10",
        "MANAGE_SP2" : "이정표",
        "DETAIL_SPO" : "이정표",
        "ETC_MATTER" : " ",
        "MNTN_NM" : "구봉산",
        "PAST_SPOT_" : "25150902000034",
        "MNTN_ID" : "2515090200"
      },
      "geometry" : {
        "x" : 237098.5504999999,
        "y" : 369575.82149999961
      }
    },
    {
      "attributes" : {
        "FID" : 34,
        "PMNTN_SPOT" : 10280,
        "MNTN_CODE" : "457200201",
        "MANAGE_SP1" : "99",
        "MANAGE_SP2" : "기타",
        "DETAIL_SPO" : "목계단",
        "ETC_MATTER" : "보수필요",
        "MNTN_NM" : "구봉산",
        "PAST_SPOT_" : "25150902000035",
        "MNTN_ID" : "2515090200"
      },
      "geometry" : {
        "x" : 236910.90260000061,
        "y" : 369502.36790000275
      }
    },
    {
      "attributes" : {
        "FID" : 35,
        "PMNTN_SPOT" : 10281,
        "MNTN_CODE" : "457200201",
        "MANAGE_SP1" : "99",
        "MANAGE_SP2" : "기타",
        "DETAIL_SPO" : "목계단",
        "ETC_MATTER" : "보수필요",
        "MNTN_NM" : "구봉산",
        "PAST_SPOT_" : "25150902000036",
        "MNTN_ID" : "2515090200"
      },
      "geometry" : {
        "x" : 236883.02860000078,
        "y" : 369496.67030000128
      }
    },
    {
      "attributes" : {
        "FID" : 36,
        "PMNTN_SPOT" : 10282,
        "MNTN_CODE" : "457200201",
        "MANAGE_SP1" : "99",
        "MANAGE_SP2" : "기타",
        "DETAIL_SPO" : "목계단",
        "ETC_MATTER" : "보수필요",
        "MNTN_NM" : "구봉산",
        "PAST_SPOT_" : "25150902000037",
        "MNTN_ID" : "2515090200"
      },
      "geometry" : {
        "x" : 236794.16010000091,
        "y" : 369458.440200001
      }
    },
    {
      "attributes" : {
        "FID" : 37,
        "PMNTN_SPOT" : 10283,
        "MNTN_CODE" : "457200201",
        "MANAGE_SP1" : "10",
        "MANAGE_SP2" : "이정표",
        "DETAIL_SPO" : "이정표",
        "ETC_MATTER" : " ",
        "MNTN_NM" : "구봉산",
        "PAST_SPOT_" : "25150902000038",
        "MNTN_ID" : "2515090200"
      },
      "geometry" : {
        "x" : 236776.27040000167,
        "y" : 369421.80409999937
      }
    },
    {
      "attributes" : {
        "FID" : 38,
        "PMNTN_SPOT" : 10284,
        "MNTN_CODE" : "457200201",
        "MANAGE_SP1" : "12",
        "MANAGE_SP2" : "위험지역",
        "DETAIL_SPO" : "위험지역",
        "ETC_MATTER" : "낙석위험",
        "MNTN_NM" : "구봉산",
        "PAST_SPOT_" : "25150902000039",
        "MNTN_ID" : "2515090200"
      },
      "geometry" : {
        "x" : 236358.1594000021,
        "y" : 369718.56090000272
      }
    },
    {
      "attributes" : {
        "FID" : 39,
        "PMNTN_SPOT" : 10285,
        "MNTN_CODE" : "457200201",
        "MANAGE_SP1" : "10",
        "MANAGE_SP2" : "이정표",
        "DETAIL_SPO" : "이정표",
        "ETC_MATTER" : " ",
        "MNTN_NM" : "구봉산",
        "PAST_SPOT_" : "25150902000040",
        "MNTN_ID" : "2515090200"
      },
      "geometry" : {
        "x" : 236355.02200000174,
        "y" : 369724.3291000016
      }
    },
    {
      "attributes" : {
        "FID" : 40,
        "PMNTN_SPOT" : 10286,
        "MNTN_CODE" : "457200201",
        "MANAGE_SP1" : "99",
        "MANAGE_SP2" : "기타",
        "DETAIL_SPO" : "피해목 제거",
        "ETC_MATTER" : "등산로 점거",
        "MNTN_NM" : "구봉산",
        "PAST_SPOT_" : "25150902000041",
        "MNTN_ID" : "2515090200"
      },
      "geometry" : {
        "x" : 236318.27759999968,
        "y" : 369784.29680000246
      }
    },
    {
      "attributes" : {
        "FID" : 41,
        "PMNTN_SPOT" : 10287,
        "MNTN_CODE" : "457200201",
        "MANAGE_SP1" : "99",
        "MANAGE_SP2" : "기타",
        "DETAIL_SPO" : "산죽 제거",
        "ETC_MATTER" : "등산로 점거",
        "MNTN_NM" : "구봉산",
        "PAST_SPOT_" : "25150902000042",
        "MNTN_ID" : "2515090200"
      },
      "geometry" : {
        "x" : 236226.33360000048,
        "y" : 369908.76210000366
      }
    },
    {
      "attributes" : {
        "FID" : 42,
        "PMNTN_SPOT" : 10288,
        "MNTN_CODE" : "457200201",
        "MANAGE_SP1" : "99",
        "MANAGE_SP2" : "기타",
        "DETAIL_SPO" : "산죽 제거",
        "ETC_MATTER" : "등산로 점거",
        "MNTN_NM" : "구봉산",
        "PAST_SPOT_" : "25150902000043",
        "MNTN_ID" : "2515090200"
      },
      "geometry" : {
        "x" : 235835.45139999967,
        "y" : 370393.73399999924
      }
    },
    {
      "attributes" : {
        "FID" : 43,
        "PMNTN_SPOT" : 10289,
        "MNTN_CODE" : "457200201",
        "MANAGE_SP1" : "10",
        "MANAGE_SP2" : "이정표",
        "DETAIL_SPO" : "이정표",
        "ETC_MATTER" : " ",
        "MNTN_NM" : "구봉산",
        "PAST_SPOT_" : "25150902000044",
        "MNTN_ID" : "2515090200"
      },
      "geometry" : {
        "x" : 235776.72159999982,
        "y" : 370489.14470000006
      }
    },
    {
      "attributes" : {
        "FID" : 44,
        "PMNTN_SPOT" : 10290,
        "MNTN_CODE" : "457200201",
        "MANAGE_SP1" : "99",
        "MANAGE_SP2" : "기타",
        "DETAIL_SPO" : "목계단",
        "ETC_MATTER" : "보수필요",
        "MNTN_NM" : "구봉산",
        "PAST_SPOT_" : "25150902000045",
        "MNTN_ID" : "2515090200"
      },
      "geometry" : {
        "x" : 235706.18560000043,
        "y" : 370511.67320000008
      }
    },
    {
      "attributes" : {
        "FID" : 45,
        "PMNTN_SPOT" : 10291,
        "MNTN_CODE" : "457200201",
        "MANAGE_SP1" : "99",
        "MANAGE_SP2" : "기타",
        "DETAIL_SPO" : "산죽 제거",
        "ETC_MATTER" : "등산로 점거",
        "MNTN_NM" : "구봉산",
        "PAST_SPOT_" : "25150902000046",
        "MNTN_ID" : "2515090200"
      },
      "geometry" : {
        "x" : 235409.47360000107,
        "y" : 370569.65560000204
      }
    },
    {
      "attributes" : {
        "FID" : 46,
        "PMNTN_SPOT" : 10292,
        "MNTN_CODE" : "457200201",
        "MANAGE_SP1" : "99",
        "MANAGE_SP2" : "기타",
        "DETAIL_SPO" : "목계단",
        "ETC_MATTER" : "보수필요",
        "MNTN_NM" : "구봉산",
        "PAST_SPOT_" : "25150902000047",
        "MNTN_ID" : "2515090200"
      },
      "geometry" : {
        "x" : 235210.13029999938,
        "y" : 370529.8347000014
      }
    },
    {
      "attributes" : {
        "FID" : 47,
        "PMNTN_SPOT" : 10293,
        "MNTN_CODE" : "457200201",
        "MANAGE_SP1" : "99",
        "MANAGE_SP2" : "기타",
        "DETAIL_SPO" : "목계단",
        "ETC_MATTER" : "보수필요",
        "MNTN_NM" : "구봉산",
        "PAST_SPOT_" : "25150902000048",
        "MNTN_ID" : "2515090200"
      },
      "geometry" : {
        "x" : 235213.4439000031,
        "y" : 370520.34960000217
      }
    },
    {
      "attributes" : {
        "FID" : 48,
        "PMNTN_SPOT" : 10294,
        "MNTN_CODE" : "457200201",
        "MANAGE_SP1" : "99",
        "MANAGE_SP2" : "기타",
        "DETAIL_SPO" : "유적",
        "ETC_MATTER" : "천왕사 보호수",
        "MNTN_NM" : "구봉산",
        "PAST_SPOT_" : "25150902000049",
        "MNTN_ID" : "2515090200"
      },
      "geometry" : {
        "x" : 239116.80450000055,
        "y" : 367588.92320000008
      }
    },
    {
      "attributes" : {
        "FID" : 49,
        "PMNTN_SPOT" : 10295,
        "MNTN_CODE" : "457200201",
        "MANAGE_SP1" : "07",
        "MANAGE_SP2" : "시설물(운동기구 등)",
        "DETAIL_SPO" : "시설물",
        "ETC_MATTER" : "통나무다리",
        "MNTN_NM" : "구봉산",
        "PAST_SPOT_" : "25150902000050",
        "MNTN_ID" : "2515090200"
      },
      "geometry" : {
        "x" : 239072.42760000098,
        "y" : 367731.52309999987
      }
    },
    {
      "attributes" : {
        "FID" : 50,
        "PMNTN_SPOT" : 10296,
        "MNTN_CODE" : "457200201",
        "MANAGE_SP1" : "10",
        "MANAGE_SP2" : "이정표",
        "DETAIL_SPO" : "이정표",
        "ETC_MATTER" : "상태양호",
        "MNTN_NM" : "구봉산",
        "PAST_SPOT_" : "25150902000051",
        "MNTN_ID" : "2515090200"
      },
      "geometry" : {
        "x" : 239029.81850000378,
        "y" : 367752.00710000284
      }
    },
    {
      "attributes" : {
        "FID" : 51,
        "PMNTN_SPOT" : 10297,
        "MNTN_CODE" : "457200201",
        "MANAGE_SP1" : "99",
        "MANAGE_SP2" : "기타",
        "DETAIL_SPO" : "피해목 제거",
        "ETC_MATTER" : " ",
        "MNTN_NM" : "구봉산",
        "PAST_SPOT_" : "25150902000052",
        "MNTN_ID" : "2515090200"
      },
      "geometry" : {
        "x" : 239026.25930000097,
        "y" : 367793.47980000079
      }
    },
    {
      "attributes" : {
        "FID" : 52,
        "PMNTN_SPOT" : 10298,
        "MNTN_CODE" : "457200201",
        "MANAGE_SP1" : "07",
        "MANAGE_SP2" : "시설물(운동기구 등)",
        "DETAIL_SPO" : "시설물",
        "ETC_MATTER" : "돌망태 다리",
        "MNTN_NM" : "구봉산",
        "PAST_SPOT_" : "25150902000053",
        "MNTN_ID" : "2515090200"
      },
      "geometry" : {
        "x" : 238993.31020000018,
        "y" : 367928.58510000259
      }
    },
    {
      "attributes" : {
        "FID" : 53,
        "PMNTN_SPOT" : 10299,
        "MNTN_CODE" : "457200201",
        "MANAGE_SP1" : "10",
        "MANAGE_SP2" : "이정표",
        "DETAIL_SPO" : "이정표",
        "ETC_MATTER" : "보수필요",
        "MNTN_NM" : "구봉산",
        "PAST_SPOT_" : "25150902000054",
        "MNTN_ID" : "2515090200"
      },
      "geometry" : {
        "x" : 238961.06030000281,
        "y" : 368034.25560000166
      }
    },
    {
      "attributes" : {
        "FID" : 54,
        "PMNTN_SPOT" : 10300,
        "MNTN_CODE" : "457200201",
        "MANAGE_SP1" : "99",
        "MANAGE_SP2" : "기타",
        "DETAIL_SPO" : "목계단",
        "ETC_MATTER" : "보수필요",
        "MNTN_NM" : "구봉산",
        "PAST_SPOT_" : "25150902000055",
        "MNTN_ID" : "2515090200"
      },
      "geometry" : {
        "x" : 238834.13840000331,
        "y" : 368059.35190000199
      }
    },
    {
      "attributes" : {
        "FID" : 55,
        "PMNTN_SPOT" : 10301,
        "MNTN_CODE" : "457200201",
        "MANAGE_SP1" : "99",
        "MANAGE_SP2" : "기타",
        "DETAIL_SPO" : "산죽 제거",
        "ETC_MATTER" : "등산로 점거",
        "MNTN_NM" : "구봉산",
        "PAST_SPOT_" : "25150902000056",
        "MNTN_ID" : "2515090200"
      },
      "geometry" : {
        "x" : 238510.94190000277,
        "y" : 368155.38530000113
      }
    },
    {
      "attributes" : {
        "FID" : 56,
        "PMNTN_SPOT" : 10302,
        "MNTN_CODE" : "457200201",
        "MANAGE_SP1" : "99",
        "MANAGE_SP2" : "기타",
        "DETAIL_SPO" : "목계단",
        "ETC_MATTER" : "보수필요",
        "MNTN_NM" : "구봉산",
        "PAST_SPOT_" : "25150902000057",
        "MNTN_ID" : "2515090200"
      },
      "geometry" : {
        "x" : 238440.28480000049,
        "y" : 368181.13169999979
      }
    },
    {
      "attributes" : {
        "FID" : 57,
        "PMNTN_SPOT" : 10303,
        "MNTN_CODE" : "457200201",
        "MANAGE_SP1" : "14",
        "MANAGE_SP2" : "조망점",
        "DETAIL_SPO" : "조망점",
        "ETC_MATTER" : "능선전경",
        "MNTN_NM" : "구봉산",
        "PAST_SPOT_" : "25150902000058",
        "MNTN_ID" : "2515090200"
      },
      "geometry" : {
        "x" : 238385.45559999999,
        "y" : 368183.20160000026
      }
    },
    {
      "attributes" : {
        "FID" : 58,
        "PMNTN_SPOT" : 10304,
        "MNTN_CODE" : "457200201",
        "MANAGE_SP1" : "99",
        "MANAGE_SP2" : "기타",
        "DETAIL_SPO" : "목계단",
        "ETC_MATTER" : "보수필요",
        "MNTN_NM" : "구봉산",
        "PAST_SPOT_" : "25150902000059",
        "MNTN_ID" : "2515090200"
      },
      "geometry" : {
        "x" : 238355.91730000358,
        "y" : 368204.57780000195
      }
    },
    {
      "attributes" : {
        "FID" : 59,
        "PMNTN_SPOT" : 10305,
        "MNTN_CODE" : "457200201",
        "MANAGE_SP1" : "99",
        "MANAGE_SP2" : "기타",
        "DETAIL_SPO" : "목계단",
        "ETC_MATTER" : "보수필요",
        "MNTN_NM" : "구봉산",
        "PAST_SPOT_" : "25150902000060",
        "MNTN_ID" : "2515090200"
      },
      "geometry" : {
        "x" : 238330.75750000123,
        "y" : 368215.45390000381
      }
    },
    {
      "attributes" : {
        "FID" : 60,
        "PMNTN_SPOT" : 10306,
        "MNTN_CODE" : "457200201",
        "MANAGE_SP1" : "14",
        "MANAGE_SP2" : "조망점",
        "DETAIL_SPO" : "조망점",
        "ETC_MATTER" : "중간전경",
        "MNTN_NM" : "구봉산",
        "PAST_SPOT_" : "25150902000061",
        "MNTN_ID" : "2515090200"
      },
      "geometry" : {
        "x" : 238324.73010000214,
        "y" : 368241.96970000118
      }
    },
    {
      "attributes" : {
        "FID" : 61,
        "PMNTN_SPOT" : 10307,
        "MNTN_CODE" : "457200201",
        "MANAGE_SP1" : "12",
        "MANAGE_SP2" : "위험지역",
        "DETAIL_SPO" : "위험지역",
        "ETC_MATTER" : "로프 신설",
        "MNTN_NM" : "구봉산",
        "PAST_SPOT_" : "25150902000062",
        "MNTN_ID" : "2515090200"
      },
      "geometry" : {
        "x" : 238070.47730000224,
        "y" : 368494.57350000367
      }
    },
    {
      "attributes" : {
        "FID" : 62,
        "PMNTN_SPOT" : 10308,
        "MNTN_CODE" : "457200201",
        "MANAGE_SP1" : "99",
        "MANAGE_SP2" : "기타",
        "DETAIL_SPO" : "목계단",
        "ETC_MATTER" : "보수필요",
        "MNTN_NM" : "구봉산",
        "PAST_SPOT_" : "25150902000063",
        "MNTN_ID" : "2515090200"
      },
      "geometry" : {
        "x" : 237936.62890000176,
        "y" : 368739.4002000019
      }
    },
    {
      "attributes" : {
        "FID" : 63,
        "PMNTN_SPOT" : 10309,
        "MNTN_CODE" : "457200201",
        "MANAGE_SP1" : "14",
        "MANAGE_SP2" : "조망점",
        "DETAIL_SPO" : "조망점",
        "ETC_MATTER" : "양명리 전경",
        "MNTN_NM" : "구봉산",
        "PAST_SPOT_" : "25150902000064",
        "MNTN_ID" : "2515090200"
      },
      "geometry" : {
        "x" : 237894.74470000342,
        "y" : 368857.9047000017
      }
    },
    {
      "attributes" : {
        "FID" : 64,
        "PMNTN_SPOT" : 10310,
        "MNTN_CODE" : "457200201",
        "MANAGE_SP1" : "12",
        "MANAGE_SP2" : "위험지역",
        "DETAIL_SPO" : "위험지",
        "ETC_MATTER" : "난간대 신설",
        "MNTN_NM" : "구봉산",
        "PAST_SPOT_" : "25150902000065",
        "MNTN_ID" : "2515090200"
      },
      "geometry" : {
        "x" : 237778.42819999997,
        "y" : 368947.89599999972
      }
    },
    {
      "attributes" : {
        "FID" : 65,
        "PMNTN_SPOT" : 10311,
        "MNTN_CODE" : "457200201",
        "MANAGE_SP1" : "12",
        "MANAGE_SP2" : "위험지역",
        "DETAIL_SPO" : "위험지",
        "ETC_MATTER" : "난간대 신설",
        "MNTN_NM" : "구봉산",
        "PAST_SPOT_" : "25150902000066",
        "MNTN_ID" : "2515090200"
      },
      "geometry" : {
        "x" : 237758.58550000098,
        "y" : 368967.73990000039
      }
    },
    {
      "attributes" : {
        "FID" : 66,
        "PMNTN_SPOT" : 10312,
        "MNTN_CODE" : "457200201",
        "MANAGE_SP1" : "10",
        "MANAGE_SP2" : "이정표",
        "DETAIL_SPO" : "이정표",
        "ETC_MATTER" : "보수필요",
        "MNTN_NM" : "구봉산",
        "PAST_SPOT_" : "25150902000067",
        "MNTN_ID" : "2515090200"
      },
      "geometry" : {
        "x" : 237762.38060000073,
        "y" : 369114.75750000402
      }
    },
    {
      "attributes" : {
        "FID" : 67,
        "PMNTN_SPOT" : 10313,
        "MNTN_CODE" : "457200201",
        "MANAGE_SP1" : "12",
        "MANAGE_SP2" : "위험지역",
        "DETAIL_SPO" : "위험지역",
        "ETC_MATTER" : "추락위험",
        "MNTN_NM" : "구봉산",
        "PAST_SPOT_" : "25150902000068",
        "MNTN_ID" : "2515090200"
      },
      "geometry" : {
        "x" : 237707.49090000056,
        "y" : 369350.5156000033
      }
    },
    {
      "attributes" : {
        "FID" : 68,
        "PMNTN_SPOT" : 10314,
        "MNTN_CODE" : "457200201",
        "MANAGE_SP1" : "99",
        "MANAGE_SP2" : "기타",
        "DETAIL_SPO" : "기타",
        "ETC_MATTER" : " ",
        "MNTN_NM" : "구봉산",
        "PAST_SPOT_" : "25150902000069",
        "MNTN_ID" : "2515090200"
      },
      "geometry" : {
        "x" : 235926.62390000001,
        "y" : 375244.96499999985
      }
    },
    {
      "attributes" : {
        "FID" : 69,
        "PMNTN_SPOT" : 10315,
        "MNTN_CODE" : "457200201",
        "MANAGE_SP1" : "99",
        "MANAGE_SP2" : "기타",
        "DETAIL_SPO" : "기타",
        "ETC_MATTER" : " ",
        "MNTN_NM" : "구봉산",
        "PAST_SPOT_" : "25150902000070",
        "MNTN_ID" : "2515090200"
      },
      "geometry" : {
        "x" : 236178.91330000386,
        "y" : 375000.08130000159
      }
    },
    {
      "attributes" : {
        "FID" : 70,
        "PMNTN_SPOT" : 10316,
        "MNTN_CODE" : "457200201",
        "MANAGE_SP1" : "12",
        "MANAGE_SP2" : "위험지역",
        "DETAIL_SPO" : "위험지역",
        "ETC_MATTER" : " ",
        "MNTN_NM" : "구봉산",
        "PAST_SPOT_" : "25150902000071",
        "MNTN_ID" : "2515090200"
      },
      "geometry" : {
        "x" : 236162.66500000097,
        "y" : 374899.64970000088
      }
    },
    {
      "attributes" : {
        "FID" : 71,
        "PMNTN_SPOT" : 10317,
        "MNTN_CODE" : "457200201",
        "MANAGE_SP1" : "12",
        "MANAGE_SP2" : "위험지역",
        "DETAIL_SPO" : "위험지역",
        "ETC_MATTER" : " ",
        "MNTN_NM" : "구봉산",
        "PAST_SPOT_" : "25150902000072",
        "MNTN_ID" : "2515090200"
      },
      "geometry" : {
        "x" : 236155.154099999,
        "y" : 374879.15760000236
      }
    },
    {
      "attributes" : {
        "FID" : 72,
        "PMNTN_SPOT" : 10318,
        "MNTN_CODE" : "457200201",
        "MANAGE_SP1" : "12",
        "MANAGE_SP2" : "위험지역",
        "DETAIL_SPO" : "위험지역",
        "ETC_MATTER" : " ",
        "MNTN_NM" : "구봉산",
        "PAST_SPOT_" : "25150902000073",
        "MNTN_ID" : "2515090200"
      },
      "geometry" : {
        "x" : 236168.01470000297,
        "y" : 374826.75850000232
      }
    },
    {
      "attributes" : {
        "FID" : 73,
        "PMNTN_SPOT" : 10319,
        "MNTN_CODE" : "457200201",
        "MANAGE_SP1" : "99",
        "MANAGE_SP2" : "기타",
        "DETAIL_SPO" : "기타",
        "ETC_MATTER" : " ",
        "MNTN_NM" : "구봉산",
        "PAST_SPOT_" : "25150902000074",
        "MNTN_ID" : "2515090200"
      },
      "geometry" : {
        "x" : 236297.14270000253,
        "y" : 374583.83800000139
      }
    },
    {
      "attributes" : {
        "FID" : 74,
        "PMNTN_SPOT" : 10320,
        "MNTN_CODE" : "457200201",
        "MANAGE_SP1" : "14",
        "MANAGE_SP2" : "조망점",
        "DETAIL_SPO" : "조망점",
        "ETC_MATTER" : " ",
        "MNTN_NM" : "구봉산",
        "PAST_SPOT_" : "25150902000075",
        "MNTN_ID" : "2515090200"
      },
      "geometry" : {
        "x" : 236335.61040000059,
        "y" : 374560.66090000235
      }
    },
    {
      "attributes" : {
        "FID" : 75,
        "PMNTN_SPOT" : 10321,
        "MNTN_CODE" : "457200201",
        "MANAGE_SP1" : "14",
        "MANAGE_SP2" : "조망점",
        "DETAIL_SPO" : "조망점",
        "ETC_MATTER" : " ",
        "MNTN_NM" : "구봉산",
        "PAST_SPOT_" : "25150902000076",
        "MNTN_ID" : "2515090200"
      },
      "geometry" : {
        "x" : 236389.40250000078,
        "y" : 374515.89839999937
      }
    },
    {
      "attributes" : {
        "FID" : 76,
        "PMNTN_SPOT" : 10322,
        "MNTN_CODE" : "457200201",
        "MANAGE_SP1" : "12",
        "MANAGE_SP2" : "위험지역",
        "DETAIL_SPO" : "위험지역",
        "ETC_MATTER" : " ",
        "MNTN_NM" : "구봉산",
        "PAST_SPOT_" : "25150902000077",
        "MNTN_ID" : "2515090200"
      },
      "geometry" : {
        "x" : 236438.97440000158,
        "y" : 374479.69630000181
      }
    },
    {
      "attributes" : {
        "FID" : 77,
        "PMNTN_SPOT" : 10323,
        "MNTN_CODE" : "457200201",
        "MANAGE_SP1" : "99",
        "MANAGE_SP2" : "기타",
        "DETAIL_SPO" : "기타",
        "ETC_MATTER" : " ",
        "MNTN_NM" : "구봉산",
        "PAST_SPOT_" : "25150902000078",
        "MNTN_ID" : "2515090200"
      },
      "geometry" : {
        "x" : 236445.52400000021,
        "y" : 374468.57160000131
      }
    },
    {
      "attributes" : {
        "FID" : 78,
        "PMNTN_SPOT" : 10324,
        "MNTN_CODE" : "457200201",
        "MANAGE_SP1" : "99",
        "MANAGE_SP2" : "기타",
        "DETAIL_SPO" : "기타",
        "ETC_MATTER" : " ",
        "MNTN_NM" : "구봉산",
        "PAST_SPOT_" : "25150902000079",
        "MNTN_ID" : "2515090200"
      },
      "geometry" : {
        "x" : 236452.55439999979,
        "y" : 374469.91000000387
      }
    },
    {
      "attributes" : {
        "FID" : 79,
        "PMNTN_SPOT" : 10325,
        "MNTN_CODE" : "457200201",
        "MANAGE_SP1" : "14",
        "MANAGE_SP2" : "조망점",
        "DETAIL_SPO" : "조망점",
        "ETC_MATTER" : " ",
        "MNTN_NM" : "구봉산",
        "PAST_SPOT_" : "25150902000080",
        "MNTN_ID" : "2515090200"
      },
      "geometry" : {
        "x" : 236302.15230000298,
        "y" : 374319.71380000189
      }
    },
    {
      "attributes" : {
        "FID" : 80,
        "PMNTN_SPOT" : 10326,
        "MNTN_CODE" : "457200201",
        "MANAGE_SP1" : "14",
        "MANAGE_SP2" : "조망점",
        "DETAIL_SPO" : "조망점",
        "ETC_MATTER" : " ",
        "MNTN_NM" : "구봉산",
        "PAST_SPOT_" : "25150902000081",
        "MNTN_ID" : "2515090200"
      },
      "geometry" : {
        "x" : 236306.78380000405,
        "y" : 374303.39930000156
      }
    },
    {
      "attributes" : {
        "FID" : 81,
        "PMNTN_SPOT" : 10327,
        "MNTN_CODE" : "457200201",
        "MANAGE_SP1" : "12",
        "MANAGE_SP2" : "위험지역",
        "DETAIL_SPO" : "위험지역",
        "ETC_MATTER" : " ",
        "MNTN_NM" : "구봉산",
        "PAST_SPOT_" : "25150902000082",
        "MNTN_ID" : "2515090200"
      },
      "geometry" : {
        "x" : 236080.86490000132,
        "y" : 373874.7490999978
      }
    },
    {
      "attributes" : {
        "FID" : 82,
        "PMNTN_SPOT" : 10328,
        "MNTN_CODE" : "457200201",
        "MANAGE_SP1" : "12",
        "MANAGE_SP2" : "위험지역",
        "DETAIL_SPO" : "위험지역",
        "ETC_MATTER" : " ",
        "MNTN_NM" : "구봉산",
        "PAST_SPOT_" : "25150902000083",
        "MNTN_ID" : "2515090200"
      },
      "geometry" : {
        "x" : 236061.42499999981,
        "y" : 373841.50320000015
      }
    },
    {
      "attributes" : {
        "FID" : 83,
        "PMNTN_SPOT" : 10329,
        "MNTN_CODE" : "457200201",
        "MANAGE_SP1" : "99",
        "MANAGE_SP2" : "기타",
        "DETAIL_SPO" : "기타",
        "ETC_MATTER" : " ",
        "MNTN_NM" : "구봉산",
        "PAST_SPOT_" : "25150902000084",
        "MNTN_ID" : "2515090200"
      },
      "geometry" : {
        "x" : 235812.40899999999,
        "y" : 373356.26459999941
      }
    },
    {
      "attributes" : {
        "FID" : 84,
        "PMNTN_SPOT" : 10330,
        "MNTN_CODE" : "457200201",
        "MANAGE_SP1" : "22",
        "MANAGE_SP2" : "헬기장",
        "DETAIL_SPO" : "헬기장",
        "ETC_MATTER" : " ",
        "MNTN_NM" : "구봉산",
        "PAST_SPOT_" : "25150902000085",
        "MNTN_ID" : "2515090200"
      },
      "geometry" : {
        "x" : 235841.66540000401,
        "y" : 373109.50480000116
      }
    },
    {
      "attributes" : {
        "FID" : 85,
        "PMNTN_SPOT" : 10331,
        "MNTN_CODE" : "457200201",
        "MANAGE_SP1" : "14",
        "MANAGE_SP2" : "조망점",
        "DETAIL_SPO" : "조망점",
        "ETC_MATTER" : " ",
        "MNTN_NM" : "구봉산",
        "PAST_SPOT_" : "25150902000086",
        "MNTN_ID" : "2515090200"
      },
      "geometry" : {
        "x" : 236169.07029999979,
        "y" : 371986.47699999996
      }
    },
    {
      "attributes" : {
        "FID" : 86,
        "PMNTN_SPOT" : 10332,
        "MNTN_CODE" : "457200201",
        "MANAGE_SP1" : "12",
        "MANAGE_SP2" : "위험지역",
        "DETAIL_SPO" : "위험지역",
        "ETC_MATTER" : " ",
        "MNTN_NM" : "구봉산",
        "PAST_SPOT_" : "25150902000087",
        "MNTN_ID" : "2515090200"
      },
      "geometry" : {
        "x" : 235791.04470000137,
        "y" : 371569.94270000234
      }
    },
    {
      "attributes" : {
        "FID" : 87,
        "PMNTN_SPOT" : 10333,
        "MNTN_CODE" : "457200201",
        "MANAGE_SP1" : "14",
        "MANAGE_SP2" : "조망점",
        "DETAIL_SPO" : "조망점",
        "ETC_MATTER" : " ",
        "MNTN_NM" : "구봉산",
        "PAST_SPOT_" : "25150902000088",
        "MNTN_ID" : "2515090200"
      },
      "geometry" : {
        "x" : 235858.21570000052,
        "y" : 371247.11779999919
      }
    },
    {
      "attributes" : {
        "FID" : 88,
        "PMNTN_SPOT" : 10334,
        "MNTN_CODE" : "457200201",
        "MANAGE_SP1" : "14",
        "MANAGE_SP2" : "조망점",
        "DETAIL_SPO" : "조망점",
        "ETC_MATTER" : " ",
        "MNTN_NM" : "구봉산",
        "PAST_SPOT_" : "25150902000089",
        "MNTN_ID" : "2515090200"
      },
      "geometry" : {
        "x" : 235822.84670000058,
        "y" : 370569.0680999998
      }
    },
    {
      "attributes" : {
        "FID" : 89,
        "PMNTN_SPOT" : 10335,
        "MNTN_CODE" : "457200201",
        "MANAGE_SP1" : "01",
        "MANAGE_SP2" : "시종점",
        "DETAIL_SPO" : "시종점,안내도",
        "ETC_MATTER" : " ",
        "MNTN_NM" : "구봉산",
        "PAST_SPOT_" : "25150902000090",
        "MNTN_ID" : "2515090200"
      },
      "geometry" : {
        "x" : 235214.20740000252,
        "y" : 370518.58000000194
      }
    },
    {
      "attributes" : {
        "FID" : 90,
        "PMNTN_SPOT" : 10336,
        "MNTN_CODE" : "457200201",
        "MANAGE_SP1" : "02",
        "MANAGE_SP2" : "분기점",
        "DETAIL_SPO" : "분기점",
        "ETC_MATTER" : " ",
        "MNTN_NM" : "구봉산",
        "PAST_SPOT_" : "25150902000091",
        "MNTN_ID" : "2515090200"
      },
      "geometry" : {
        "x" : 235769.76429999992,
        "y" : 370495.68539999984
      }
    },
    {
      "attributes" : {
        "FID" : 91,
        "PMNTN_SPOT" : 10337,
        "MNTN_CODE" : "457200201",
        "MANAGE_SP1" : "99",
        "MANAGE_SP2" : "기타",
        "DETAIL_SPO" : "복두봉",
        "ETC_MATTER" : "복두봉1018m",
        "MNTN_NM" : "구봉산",
        "PAST_SPOT_" : "25150902000092",
        "MNTN_ID" : "2515090200"
      },
      "geometry" : {
        "x" : 235783.29240000341,
        "y" : 370492.94419999979
      }
    },
    {
      "attributes" : {
        "FID" : 92,
        "PMNTN_SPOT" : 10338,
        "MNTN_CODE" : "457200201",
        "MANAGE_SP1" : "01",
        "MANAGE_SP2" : "시종점",
        "DETAIL_SPO" : "시종점",
        "ETC_MATTER" : " ",
        "MNTN_NM" : "구봉산",
        "PAST_SPOT_" : "25150902000093",
        "MNTN_ID" : "2515090200"
      },
      "geometry" : {
        "x" : 235854.0633000005,
        "y" : 375393.27019999921
      }
    },
    {
      "attributes" : {
        "FID" : 93,
        "PMNTN_SPOT" : 10339,
        "MNTN_CODE" : "457200201",
        "MANAGE_SP1" : "99",
        "MANAGE_SP2" : "기타",
        "DETAIL_SPO" : "명도봉",
        "ETC_MATTER" : " ",
        "MNTN_NM" : "구봉산",
        "PAST_SPOT_" : "25150902000094",
        "MNTN_ID" : "2515090200"
      },
      "geometry" : {
        "x" : 236451.09470000118,
        "y" : 374472.20420000143
      }
    },
    {
      "attributes" : {
        "FID" : 94,
        "PMNTN_SPOT" : 10340,
        "MNTN_CODE" : "457200201",
        "MANAGE_SP1" : "10",
        "MANAGE_SP2" : "이정표",
        "DETAIL_SPO" : "이정표",
        "ETC_MATTER" : " ",
        "MNTN_NM" : "구봉산",
        "PAST_SPOT_" : "25150902000095",
        "MNTN_ID" : "2515090200"
      },
      "geometry" : {
        "x" : 237600.76810000371,
        "y" : 369595.3067000024
      }
    },
    {
      "attributes" : {
        "FID" : 95,
        "PMNTN_SPOT" : 10341,
        "MNTN_CODE" : "457200201",
        "MANAGE_SP1" : "10",
        "MANAGE_SP2" : "이정표",
        "DETAIL_SPO" : "이정표",
        "ETC_MATTER" : " ",
        "MNTN_NM" : "구봉산",
        "PAST_SPOT_" : "25150902000096",
        "MNTN_ID" : "2515090200"
      },
      "geometry" : {
        "x" : 237601.37170000002,
        "y" : 369623.30590000376
      }
    },
    {
      "attributes" : {
        "FID" : 96,
        "PMNTN_SPOT" : 10342,
        "MNTN_CODE" : "457200201",
        "MANAGE_SP1" : "01",
        "MANAGE_SP2" : "시종점",
        "DETAIL_SPO" : "시종점,유적",
        "ETC_MATTER" : "천황사 대웅전",
        "MNTN_NM" : "구봉산",
        "PAST_SPOT_" : "25150902000097",
        "MNTN_ID" : "2515090200"
      },
      "geometry" : {
        "x" : 239102.80560000055,
        "y" : 367583.19410000183
      }
    },
    {
      "attributes" : {
        "FID" : 97,
        "PMNTN_SPOT" : 10343,
        "MNTN_CODE" : "457200201",
        "MANAGE_SP1" : "01",
        "MANAGE_SP2" : "시종점",
        "DETAIL_SPO" : "시종점,안내도,화장실,시점",
        "ETC_MATTER" : " ",
        "MNTN_NM" : "구봉산",
        "PAST_SPOT_" : "25150902000098",
        "MNTN_ID" : "2515090200"
      },
      "geometry" : {
        "x" : 239341.98020000011,
        "y" : 369661.87780000269
      }
    }
  ]
}