{
  "displayFieldName" : "",
  "fieldAliases" : {
    "FID" : "FID",
    "PMNTN_SN" : "PMNTN_SN",
    "MNTN_CODE" : "MNTN_CODE",
    "MNTN_NM" : "MNTN_NM",
    "PMNTN_NM" : "PMNTN_NM",
    "PMNTN_MAIN" : "PMNTN_MAIN",
    "PMNTN_LT" : "PMNTN_LT",
    "PMNTN_DFFL" : "PMNTN_DFFL",
    "PMNTN_UPPL" : "PMNTN_UPPL",
    "PMNTN_GODN" : "PMNTN_GODN",
    "PMNTN_MTRQ" : "PMNTN_MTRQ",
    "PMNTN_CNRL" : "PMNTN_CNRL",
    "PMNTN_CLS_" : "PMNTN_CLS_",
    "PMNTN_RISK" : "PMNTN_RISK",
    "PMNTN_RECO" : "PMNTN_RECO",
    "DATA_STDR_" : "DATA_STDR_",
    "MNTN_ID" : "MNTN_ID"
  },
  "geometryType" : "esriGeometryPolyline",
  "spatialReference" : {
    "wkt" : "PROJCS[\"PCS_ITRF2000_TM\",GEOGCS[\"GCS_ITRF_2000\",DATUM[\"D_ITRF_2000\",SPHEROID[\"GRS_1980\",6378137.0,298.257222101]],PRIMEM[\"Greenwich\",0.0],UNIT[\"Degree\",0.0174532925199433]],PROJECTION[\"Transverse_Mercator\"],PARAMETER[\"False_Easting\",200000.0],PARAMETER[\"False_Northing\",600000.0],PARAMETER[\"Central_Meridian\",127.0],PARAMETER[\"Scale_Factor\",1.0],PARAMETER[\"Latitude_Of_Origin\",38.0],UNIT[\"Meter\",1.0]]"
  },
  "fields" : [
    {
      "name" : "FID",
      "type" : "esriFieldTypeOID",
      "alias" : "FID"
    },
    {
      "name" : "PMNTN_SN",
      "type" : "esriFieldTypeDouble",
      "alias" : "PMNTN_SN"
    },
    {
      "name" : "MNTN_CODE",
      "type" : "esriFieldTypeString",
      "alias" : "MNTN_CODE",
      "length" : 9
    },
    {
      "name" : "MNTN_NM",
      "type" : "esriFieldTypeString",
      "alias" : "MNTN_NM",
      "length" : 50
    },
    {
      "name" : "PMNTN_NM",
      "type" : "esriFieldTypeString",
      "alias" : "PMNTN_NM",
      "length" : 50
    },
    {
      "name" : "PMNTN_MAIN",
      "type" : "esriFieldTypeString",
      "alias" : "PMNTN_MAIN",
      "length" : 200
    },
    {
      "name" : "PMNTN_LT",
      "type" : "esriFieldTypeSingle",
      "alias" : "PMNTN_LT"
    },
    {
      "name" : "PMNTN_DFFL",
      "type" : "esriFieldTypeString",
      "alias" : "PMNTN_DFFL",
      "length" : 8
    },
    {
      "name" : "PMNTN_UPPL",
      "type" : "esriFieldTypeDouble",
      "alias" : "PMNTN_UPPL"
    },
    {
      "name" : "PMNTN_GODN",
      "type" : "esriFieldTypeDouble",
      "alias" : "PMNTN_GODN"
    },
    {
      "name" : "PMNTN_MTRQ",
      "type" : "esriFieldTypeString",
      "alias" : "PMNTN_MTRQ",
      "length" : 200
    },
    {
      "name" : "PMNTN_CNRL",
      "type" : "esriFieldTypeString",
      "alias" : "PMNTN_CNRL",
      "length" : 1
    },
    {
      "name" : "PMNTN_CLS_",
      "type" : "esriFieldTypeString",
      "alias" : "PMNTN_CLS_",
      "length" : 1
    },
    {
      "name" : "PMNTN_RISK",
      "type" : "esriFieldTypeString",
      "alias" : "PMNTN_RISK",
      "length" : 200
    },
    {
      "name" : "PMNTN_RECO",
      "type" : "esriFieldTypeString",
      "alias" : "PMNTN_RECO",
      "length" : 1
    },
    {
      "name" : "DATA_STDR_",
      "type" : "esriFieldTypeString",
      "alias" : "DATA_STDR_",
      "length" : 10
    },
    {
      "name" : "MNTN_ID",
      "type" : "esriFieldTypeString",
      "alias" : "MNTN_ID",
      "length" : 10
    }
  ],
  "features" : [
    {
      "attributes" : {
        "FID" : 0,
        "PMNTN_SN" : 12074,
        "MNTN_CODE" : "422100204",
        "MNTN_NM" : "대포저수지",
        "PMNTN_NM" : "도문동구간",
        "PMNTN_MAIN" : " ",
        "PMNTN_LT" : 0.34,
        "PMNTN_DFFL" : "쉬움",
        "PMNTN_UPPL" : 6,
        "PMNTN_GODN" : 4,
        "PMNTN_MTRQ" : " ",
        "PMNTN_CNRL" : " ",
        "PMNTN_CLS_" : " ",
        "PMNTN_RISK" : " ",
        "PMNTN_RECO" : " ",
        "DATA_STDR_" : "2016-12-31",
        "MNTN_ID" : "422100301"
      },
      "geometry" : {
        "paths" : [
          [
            [
              339002.11849999987,
              619570.3534000013
            ],
            [
              339009.96120000072,
              619573.9533000011
            ],
            [
              339015.89449999947,
              619582.65550000407
            ],
            [
              339021.27979999874,
              619592.0616999995
            ],
            [
              339023.82259999961,
              619604.43230000138
            ],
            [
              339025.76850000024,
              619617.3300999999
            ],
            [
              339025.11309999973,
              619628.16150000133
            ],
            [
              339022.22070000041,
              619638.56050000153
            ],
            [
              339020.70120000001,
              619644.53920000046
            ],
            [
              339025.07790000085,
              619658.33410000242
            ],
            [
              339025.7209999999,
              619667.56939999945
            ],
            [
              339027.49900000077,
              619678.30000000261
            ],
            [
              339029.24650000129,
              619690.49259999953
            ],
            [
              339030.63729999866,
              619697.10880000144
            ],
            [
              339035.06420000084,
              619702.14250000194
            ],
            [
              339043.63210000191,
              619708.62099999934
            ],
            [
              339051.68690000102,
              619716.33230000176
            ],
            [
              339059.27940000128,
              619727.21700000204
            ],
            [
              339064.9701000005,
              619733.22300000116
            ],
            [
              339075.77200000081,
              619738.68070000224
            ],
            [
              339088.7237000009,
              619747.06079999916
            ],
            [
              339100.87249999959,
              619755.83090000041
            ],
            [
              339104.62480000034,
              619761.24230000004
            ],
            [
              339116.18310000096,
              619763.81850000098
            ],
            [
              339127.70559999999,
              619764.93900000118
            ],
            [
              339135.34829999972,
              619768.79849999957
            ],
            [
              339144.77160000056,
              619773.55709999986
            ],
            [
              339149.99989999924,
              619776.19730000198
            ],
            [
              339157.62930000108,
              619780.05010000058
            ],
            [
              339163.95640000049,
              619787.83820000105
            ],
            [
              339168.38980000094,
              619790.25219999999
            ],
            [
              339177.58469999954,
              619792.83819999918
            ],
            [
              339184.17040000018,
              619796.27250000089
            ],
            [
              339192.10590000171,
              619797.41610000096
            ],
            [
              339199.26190000027,
              619800.55000000261
            ]
          ]
        ]
      }
    },
    {
      "attributes" : {
        "FID" : 1,
        "PMNTN_SN" : 12075,
        "MNTN_CODE" : "422100204",
        "MNTN_NM" : "대포저수지",
        "PMNTN_NM" : "대포동구간",
        "PMNTN_MAIN" : " ",
        "PMNTN_LT" : 0.76,
        "PMNTN_DFFL" : "쉬움",
        "PMNTN_UPPL" : 13,
        "PMNTN_GODN" : 9,
        "PMNTN_MTRQ" : " ",
        "PMNTN_CNRL" : " ",
        "PMNTN_CLS_" : " ",
        "PMNTN_RISK" : " ",
        "PMNTN_RECO" : " ",
        "DATA_STDR_" : "2016-12-31",
        "MNTN_ID" : "422100301"
      },
      "geometry" : {
        "paths" : [
          [
            [
              339199.26190000027,
              619800.55000000261
            ],
            [
              339204.96639999934,
              619798.96520000137
            ],
            [
              339211.75370000023,
              619799.0626999978
            ],
            [
              339225.98620000202,
              619801.4757000003
            ],
            [
              339238.17190000135,
              619805.1269000005
            ],
            [
              339255.66410000063,
              619809.64880000055
            ],
            [
              339271.96679999959,
              619809.37519999966
            ],
            [
              339282.17810000014,
              619810.50280000083
            ],
            [
              339291.28820000216,
              619811.84080000035
            ],
            [
              339303.23090000171,
              619813.58260000125
            ],
            [
              339323.15550000034,
              619817.96670000255
            ],
            [
              339334.41830000095,
              619821.30450000055
            ],
            [
              339343.04789999966,
              619821.65880000032
            ],
            [
              339350.6500000013,
              619822.68480000086
            ],
            [
              339359.77520000096,
              619824.13929999992
            ],
            [
              339368.0477,
              619825.20230000094
            ],
            [
              339375.3571000006,
              619828.28139999881
            ],
            [
              339382.85560000129,
              619833.33379999921
            ],
            [
              339391.84180000052,
              619839.28880000114
            ],
            [
              339402.69600000139,
              619847.59449999966
            ],
            [
              339413.16060000099,
              619858.91070000269
            ],
            [
              339423.29730000068,
              619875.72380000167
            ],
            [
              339428.26620000135,
              619892.88110000268
            ],
            [
              339431.52680000104,
              619907.73270000145
            ],
            [
              339433.15800000075,
              619927.83320000209
            ],
            [
              339432.23980000056,
              619943.51649999805
            ],
            [
              339433.12280000001,
              619950.77020000108
            ],
            [
              339437.54140000138,
              619962.60209999979
            ],
            [
              339447.20960000157,
              619979.85400000215
            ],
            [
              339458.61990000028,
              619998.26139999926
            ],
            [
              339463.84180000052,
              620012.60660000332
            ],
            [
              339468.25839999877,
              620020.99230000004
            ],
            [
              339475.38760000002,
              620026.89030000195
            ],
            [
              339481.22510000132,
              620030.57740000263
            ],
            [
              339485.96449999977,
              620034.34430000372
            ],
            [
              339490.82070000097,
              620042.02550000325
            ],
            [
              339496.27080000099,
              620052.58919999748
            ],
            [
              339500.6389000006,
              620061.49239999987
            ],
            [
              339508.54120000079,
              620072.36030000262
            ],
            [
              339514.17009999976,
              620080.10160000436
            ],
            [
              339519.70940000005,
              620087.71970000118
            ],
            [
              339523.35500000045,
              620091.73200000077
            ],
            [
              339526.7332000006,
              620094.55750000104
            ],
            [
              339530.64090000093,
              620097.21250000224
            ],
            [
              339535.1568,
              620099.75090000033
            ],
            [
              339543.06110000052,
              620101.70150000229
            ],
            [
              339551.51790000126,
              620103.00100000203
            ],
            [
              339566.52100000158,
              620107.82410000078
            ],
            [
              339575.15820000041,
              620111.71050000004
            ],
            [
              339582.23200000077,
              620115.12619999982
            ],
            [
              339597.41219999921,
              620122.50610000081
            ],
            [
              339609.39730000123,
              620130.33979999833
            ],
            [
              339620.23849999998,
              620141.54440000094
            ],
            [
              339632.37260000221,
              620152.35220000148
            ],
            [
              339645.01360000018,
              620160.22540000081
            ],
            [
              339657.48700000066,
              620170.36870000325
            ],
            [
              339665.92779999971,
              620180.69660000131
            ],
            [
              339680.62050000113,
              620195.58750000224
            ],
            [
              339689.21420000028,
              620200.43820000254
            ],
            [
              339703.2480999995,
              620210.14650000073
            ],
            [
              339718.3068000013,
              620218.70570000261
            ],
            [
              339730.12179999985,
              620226.37540000305
            ],
            [
              339741.04680000059,
              620229.6948000025
            ],
            [
              339748.11490000039,
              620231.75220000185
            ]
          ]
        ]
      }
    },
    {
      "attributes" : {
        "FID" : 2,
        "PMNTN_SN" : 12076,
        "MNTN_CODE" : "422100204",
        "MNTN_NM" : "대포저수지",
        "PMNTN_NM" : "대포동구간",
        "PMNTN_MAIN" : " ",
        "PMNTN_LT" : 1.13,
        "PMNTN_DFFL" : "쉬움",
        "PMNTN_UPPL" : 20,
        "PMNTN_GODN" : 14,
        "PMNTN_MTRQ" : " ",
        "PMNTN_CNRL" : " ",
        "PMNTN_CLS_" : " ",
        "PMNTN_RISK" : " ",
        "PMNTN_RECO" : " ",
        "DATA_STDR_" : "2016-12-31",
        "MNTN_ID" : "422100301"
      },
      "geometry" : {
        "paths" : [
          [
            [
              339199.26190000027,
              619800.55000000261
            ],
            [
              339201.30869999994,
              619808.27350000106
            ],
            [
              339205.00090000033,
              619818.17180000059
            ],
            [
              339204.91440000013,
              619829.05510000139
            ],
            [
              339202.83710000012,
              619841.37980000116
            ],
            [
              339203.16559999995,
              619856.47240000218
            ],
            [
              339203.2480000006,
              619867.73980000056
            ],
            [
              339200.22240000125,
              619881.89680000208
            ],
            [
              339193.82859999966,
              619893.18239999935
            ],
            [
              339191.46389999986,
              619903.96080000326
            ],
            [
              339190.85570000112,
              619912.02610000037
            ],
            [
              339191.51240000129,
              619924.28610000014
            ],
            [
              339194.5633999994,
              619939.16890000179
            ],
            [
              339194.13449999969,
              619951.79850000143
            ],
            [
              339193.66330000199,
              619965.6734000016
            ],
            [
              339192.32120000105,
              619980.89350000024
            ],
            [
              339186.62799999956,
              619994.2172000017
            ],
            [
              339176.72860000189,
              620006.73819999956
            ],
            [
              339168.28020000085,
              620018.35359999724
            ],
            [
              339154.06759999972,
              620031.16370000131
            ],
            [
              339142.62620000076,
              620040.0401000008
            ],
            [
              339138.0708999997,
              620049.22460000403
            ],
            [
              339136.94270000048,
              620057.42970000207
            ],
            [
              339138.45779999997,
              620065.56670000032
            ],
            [
              339142.3842000002,
              620073.1034000013
            ],
            [
              339147.88169999979,
              620082.26530000195
            ],
            [
              339155.71330000088,
              620093.94930000231
            ],
            [
              339161.89589999989,
              620107.65270000137
            ],
            [
              339165.09280000068,
              620116.24570000172
            ],
            [
              339164.27370000072,
              620123.80680000409
            ],
            [
              339161.9907999998,
              620131.83369999938
            ],
            [
              339154.13949999958,
              620141.15909999982
            ],
            [
              339148.5848000003,
              620155.14710000157
            ],
            [
              339145.21980000008,
              620165.51630000025
            ],
            [
              339141.09910000116,
              620180.71900000237
            ],
            [
              339141.11910000071,
              620189.99609999917
            ],
            [
              339140.33540000208,
              620197.56030000001
            ],
            [
              339140.76740000024,
              620208.07440000027
            ],
            [
              339143.43520000018,
              620219.09630000219
            ],
            [
              339146.98700000159,
              620232.16500000097
            ],
            [
              339149.15990000125,
              620241.48520000093
            ],
            [
              339150.87970000133,
              620249.56750000268
            ],
            [
              339152.3320000004,
              620259.46120000072
            ],
            [
              339153.9682999989,
              620266.53979999945
            ],
            [
              339154.26970000006,
              620270.73460000195
            ],
            [
              339152.26209999993,
              620275.21780000068
            ],
            [
              339150.0083999997,
              620280.28580000252
            ],
            [
              339149.62409999967,
              620287.03329999931
            ],
            [
              339152.42399999965,
              620291.66789999977
            ],
            [
              339155.40160000231,
              620295.32399999909
            ],
            [
              339160.77330000047,
              620301.72540000267
            ],
            [
              339166.21910000127,
              620310.92190000042
            ],
            [
              339171.09980000183,
              620318.28630000167
            ],
            [
              339175.31390000042,
              620324.78960000351
            ],
            [
              339180.0373000009,
              620336.53250000253
            ],
            [
              339185.59389999975,
              620341.27380000241
            ],
            [
              339191.47539999988,
              620343.92019999959
            ],
            [
              339200.13449999969,
              620344.99800000153
            ],
            [
              339210.84240000043,
              620344.55379999988
            ],
            [
              339220.44750000164,
              620344.24679999985
            ],
            [
              339231.23500000127,
              620345.79079999961
            ],
            [
              339237.00319999922,
              620343.6585000027
            ],
            [
              339240.19220000226,
              620337.72020000406
            ],
            [
              339244.59929999895,
              620333.52229999937
            ],
            [
              339251.79919999931,
              620330.11629999988
            ],
            [
              339260.3517000014,
              620326.40350000188
            ],
            [
              339269.28150000051,
              620321.34520000219
            ],
            [
              339277.65850000083,
              620314.81370000169
            ],
            [
              339287.16560000181,
              620311.4693
            ],
            [
              339295.56660000142,
              620311.15310000442
            ],
            [
              339301.42030000128,
              620313.71300000139
            ],
            [
              339308.83889999986,
              620316.14030000009
            ],
            [
              339330.05010000058,
              620329.08919999748
            ],
            [
              339340.97550000064,
              620336.50340000167
            ],
            [
              339347.34060000069,
              620345.17679999955
            ],
            [
              339351.09330000076,
              620350.65880000032
            ],
            [
              339356.42920000106,
              620352.58090000413
            ],
            [
              339364.58990000095,
              620351.55519999936
            ],
            [
              339374.03309999965,
              620350.9953000024
            ],
            [
              339379.18360000011,
              620350.4197000023
            ],
            [
              339385.55990000162,
              620352.92200000212
            ],
            [
              339389.5700000003,
              620356.09460000321
            ],
            [
              339394.00910000131,
              620356.91840000078
            ],
            [
              339399.47500000149,
              620355.62460000068
            ],
            [
              339407.21490000002,
              620353.22510000132
            ],
            [
              339418.29270000011,
              620350.43260000274
            ],
            [
              339431.90880000032,
              620346.84030000307
            ],
            [
              339441.64040000085,
              620343.70060000382
            ],
            [
              339453.75800000038,
              620338.50560000166
            ],
            [
              339463.32130000088,
              620330.70299999788
            ],
            [
              339470.11579999886,
              620320.55800000392
            ],
            [
              339476.71770000085,
              620307.65839999914
            ],
            [
              339486.02240000106,
              620299.46939999983
            ],
            [
              339495.75370000117,
              620294.59880000167
            ],
            [
              339510.81860000081,
              620288.72120000236
            ],
            [
              339528.15529999975,
              620280.8264000006
            ],
            [
              339548.4243999999,
              620272.46989999898
            ],
            [
              339556.97120000049,
              620270.51220000349
            ],
            [
              339560.20999999996,
              620273.78730000183
            ],
            [
              339568.00270000007,
              620281.3393000029
            ],
            [
              339578.30080000032,
              620287.0688000042
            ],
            [
              339593.23649999965,
              620291.59580000117
            ],
            [
              339608.14360000007,
              620294.7079000026
            ],
            [
              339619.64869999979,
              620298.45360000059
            ],
            [
              339631.97270000074,
              620305.44070000201
            ],
            [
              339634.57359999977,
              620308.47040000185
            ],
            [
              339634.55680000223,
              620316.72100000083
            ],
            [
              339635.14360000007,
              620327.19110000134
            ],
            [
              339638.90720000025,
              620331.73110000044
            ]
          ]
        ]
      }
    }
  ]
}