{
  "displayFieldName" : "",
  "fieldAliases" : {
    "FID" : "FID",
    "PMNTN_SN" : "PMNTN_SN",
    "MNTN_CODE" : "MNTN_CODE",
    "MNTN_NM" : "MNTN_NM",
    "PMNTN_NM" : "PMNTN_NM",
    "PMNTN_MAIN" : "PMNTN_MAIN",
    "PMNTN_LT" : "PMNTN_LT",
    "PMNTN_DFFL" : "PMNTN_DFFL",
    "PMNTN_UPPL" : "PMNTN_UPPL",
    "PMNTN_GODN" : "PMNTN_GODN",
    "PMNTN_MTRQ" : "PMNTN_MTRQ",
    "PMNTN_CNRL" : "PMNTN_CNRL",
    "PMNTN_CLS_" : "PMNTN_CLS_",
    "PMNTN_RISK" : "PMNTN_RISK",
    "PMNTN_RECO" : "PMNTN_RECO",
    "DATA_STDR_" : "DATA_STDR_",
    "MNTN_ID" : "MNTN_ID"
  },
  "geometryType" : "esriGeometryPolyline",
  "spatialReference" : {
    "wkt" : "PROJCS[\"PCS_ITRF2000_TM\",GEOGCS[\"GCS_ITRF_2000\",DATUM[\"D_ITRF_2000\",SPHEROID[\"GRS_1980\",6378137.0,298.257222101]],PRIMEM[\"Greenwich\",0.0],UNIT[\"Degree\",0.0174532925199433]],PROJECTION[\"Transverse_Mercator\"],PARAMETER[\"False_Easting\",200000.0],PARAMETER[\"False_Northing\",600000.0],PARAMETER[\"Central_Meridian\",127.0],PARAMETER[\"Scale_Factor\",1.0],PARAMETER[\"Latitude_Of_Origin\",38.0],UNIT[\"Meter\",1.0]]"
  },
  "fields" : [
    {
      "name" : "FID",
      "type" : "esriFieldTypeOID",
      "alias" : "FID"
    },
    {
      "name" : "PMNTN_SN",
      "type" : "esriFieldTypeDouble",
      "alias" : "PMNTN_SN"
    },
    {
      "name" : "MNTN_CODE",
      "type" : "esriFieldTypeString",
      "alias" : "MNTN_CODE",
      "length" : 9
    },
    {
      "name" : "MNTN_NM",
      "type" : "esriFieldTypeString",
      "alias" : "MNTN_NM",
      "length" : 50
    },
    {
      "name" : "PMNTN_NM",
      "type" : "esriFieldTypeString",
      "alias" : "PMNTN_NM",
      "length" : 50
    },
    {
      "name" : "PMNTN_MAIN",
      "type" : "esriFieldTypeString",
      "alias" : "PMNTN_MAIN",
      "length" : 200
    },
    {
      "name" : "PMNTN_LT",
      "type" : "esriFieldTypeSingle",
      "alias" : "PMNTN_LT"
    },
    {
      "name" : "PMNTN_DFFL",
      "type" : "esriFieldTypeString",
      "alias" : "PMNTN_DFFL",
      "length" : 8
    },
    {
      "name" : "PMNTN_UPPL",
      "type" : "esriFieldTypeDouble",
      "alias" : "PMNTN_UPPL"
    },
    {
      "name" : "PMNTN_GODN",
      "type" : "esriFieldTypeDouble",
      "alias" : "PMNTN_GODN"
    },
    {
      "name" : "PMNTN_MTRQ",
      "type" : "esriFieldTypeString",
      "alias" : "PMNTN_MTRQ",
      "length" : 200
    },
    {
      "name" : "PMNTN_CNRL",
      "type" : "esriFieldTypeString",
      "alias" : "PMNTN_CNRL",
      "length" : 1
    },
    {
      "name" : "PMNTN_CLS_",
      "type" : "esriFieldTypeString",
      "alias" : "PMNTN_CLS_",
      "length" : 1
    },
    {
      "name" : "PMNTN_RISK",
      "type" : "esriFieldTypeString",
      "alias" : "PMNTN_RISK",
      "length" : 200
    },
    {
      "name" : "PMNTN_RECO",
      "type" : "esriFieldTypeString",
      "alias" : "PMNTN_RECO",
      "length" : 1
    },
    {
      "name" : "DATA_STDR_",
      "type" : "esriFieldTypeString",
      "alias" : "DATA_STDR_",
      "length" : 10
    },
    {
      "name" : "MNTN_ID",
      "type" : "esriFieldTypeString",
      "alias" : "MNTN_ID",
      "length" : 10
    }
  ],
  "features" : [
    {
      "attributes" : {
        "FID" : 0,
        "PMNTN_SN" : 11385,
        "MNTN_CODE" : "116800201",
        "MNTN_NM" : "대모산",
        "PMNTN_NM" : " ",
        "PMNTN_MAIN" : " ",
        "PMNTN_LT" : 1.44,
        "PMNTN_DFFL" : "쉬움",
        "PMNTN_UPPL" : 25,
        "PMNTN_GODN" : 18,
        "PMNTN_MTRQ" : " ",
        "PMNTN_CNRL" : " ",
        "PMNTN_CLS_" : " ",
        "PMNTN_RISK" : " ",
        "PMNTN_RECO" : " ",
        "DATA_STDR_" : "2016-12-31",
        "MNTN_ID" : "116500201"
      },
      "geometry" : {
        "paths" : [
          [
            [
              207533.2321000006,
              541782.60370000079
            ],
            [
              207529.10630000103,
              541766.54839999788
            ],
            [
              207519.39570000116,
              541740.87630000152
            ],
            [
              207500.39060000051,
              541717.32149999775
            ],
            [
              207494.23720000125,
              541694.75910000131
            ],
            [
              207490.13500000071,
              541645.53220000118
            ],
            [
              207498.3395000007,
              541612.71430000104
            ],
            [
              207508.59510000143,
              541575.79410000145
            ],
            [
              207502.44169999938,
              541551.18070000224
            ],
            [
              207477.8283000011,
              541522.46500000171
            ],
            [
              207467.5727000013,
              541485.54480000027
            ],
            [
              207479.87940000091,
              541444.52240000106
            ],
            [
              207502.44169999938,
              541405.55110000074
            ],
            [
              207521.09650000092,
              541371.69439999945
            ],
            [
              207537.4553000005,
              541336.83600000292
            ],
            [
              207559.87310000043,
              541315.30170000158
            ],
            [
              207591.09659999982,
              541301.10920000076
            ],
            [
              207604.99780000001,
              541294.79050000198
            ],
            [
              207648.07130000088,
              541268.1259000022
            ],
            [
              207691.14490000065,
              541208.64340000227
            ],
            [
              207713.70720000006,
              541153.26319999807
            ],
            [
              207738.32060000114,
              541087.62730000168
            ],
            [
              207764.9852,
              541028.14480000176
            ],
            [
              207846.90420000162,
              540968.24389999732
            ],
            [
              207857.28569999989,
              540960.45780000091
            ],
            [
              207881.89910000004,
              540933.79320000112
            ],
            [
              207927.02379999962,
              540884.566300001
            ],
            [
              207968.04619999882,
              540839.44160000235
            ],
            [
              208000.86410000082,
              540802.52150000073
            ],
            [
              208031.63100000098,
              540773.80580000021
            ],
            [
              208074.70449999999,
              540726.62999999896
            ],
            [
              208113.67580000032,
              540669.19859999977
            ],
            [
              208135.08360000048,
              540632.92770000175
            ],
            [
              208135.8833000008,
              540631.57280000113
            ],
            [
              208136.12070000172,
              540628.7004000023
            ]
          ]
        ]
      }
    },
    {
      "attributes" : {
        "FID" : 1,
        "PMNTN_SN" : 11386,
        "MNTN_CODE" : "116800201",
        "MNTN_NM" : "대모산",
        "PMNTN_NM" : " ",
        "PMNTN_MAIN" : " ",
        "PMNTN_LT" : 2.01,
        "PMNTN_DFFL" : "쉬움",
        "PMNTN_UPPL" : 35,
        "PMNTN_GODN" : 25,
        "PMNTN_MTRQ" : " ",
        "PMNTN_CNRL" : " ",
        "PMNTN_CLS_" : " ",
        "PMNTN_RISK" : " ",
        "PMNTN_RECO" : " ",
        "DATA_STDR_" : "2016-12-31",
        "MNTN_ID" : "116800201"
      },
      "geometry" : {
        "paths" : [
          [
            [
              205780.94749999978,
              541120.79820000008
            ],
            [
              205795.57890000194,
              541133.60070000216
            ],
            [
              205840.93929999974,
              541168.49330000021
            ],
            [
              205896.76750000007,
              541210.36450000107
            ],
            [
              205949.66299999971,
              541233.77729999833
            ],
            [
              205997.95620000083,
              541241.76790000126
            ],
            [
              206039.82730000094,
              541273.17120000161
            ],
            [
              206071.14520000108,
              541288.8302000016
            ],
            [
              206088.67700000014,
              541297.59610000253
            ],
            [
              206151.48380000051,
              541308.06389999948
            ],
            [
              206196.8442000011,
              541311.5530999992
            ],
            [
              206235.22609999962,
              541311.5530999992
            ],
            [
              206284.07580000069,
              541346.44580000266
            ],
            [
              206322.45770000014,
              541374.3599000033
            ],
            [
              206409.68929999974,
              541405.76319999993
            ],
            [
              206448.42160000093,
              541410.92760000005
            ],
            [
              206461.76750000007,
              541414.74149999954
            ],
            [
              206490.17200000212,
              541438.6501000002
            ],
            [
              206528.32419999968,
              541492.99479999952
            ],
            [
              206535.88780000061,
              541503.07960000448
            ],
            [
              206549.25980000012,
              541520.90890000202
            ],
            [
              206615.55580000114,
              541552.31230000034
            ],
            [
              206660.91620000172,
              541569.75860000029
            ],
            [
              206680.4374000011,
              541579.51920000091
            ],
            [
              206721.20579999965,
              541604.1502000019
            ],
            [
              206744.88690000027,
              541630.80970000103
            ],
            [
              206769.08340000082,
              541681.41510000266
            ],
            [
              206817.93310000002,
              541723.28619999997
            ],
            [
              206839.07380000036,
              541731.21400000155
            ],
            [
              206845.84720000066,
              541733.75400000252
            ],
            [
              206870.27209999971,
              541730.26469999924
            ],
            [
              206883.54698656686,
              541720.3948057387
            ],
            [
              206896.27110000048,
              541704.26569999941
            ],
            [
              206901.675400001,
              541698.86140000261
            ],
            [
              206969.91820000112,
              541715.33380000107
            ],
            [
              207002.86409999989,
              541723.28619999997
            ],
            [
              207066.26610000059,
              541724.72720000148
            ],
            [
              207073.66853737459,
              541724.22787331976
            ],
            [
              207078.16344546992,
              541723.9199169185
            ],
            [
              207088.48200000171,
              541718.58459999971
            ],
            [
              207103.73100000061,
              541719.30110000446
            ],
            [
              207111.95900000073,
              541725.7002000045
            ],
            [
              207137.32910000067,
              541735.36790000089
            ],
            [
              207153.17659999989,
              541743.07850000262
            ],
            [
              207172.84389999975,
              541749.53830000199
            ],
            [
              207194.43130000122,
              541753.46609999798
            ],
            [
              207219.81830000039,
              541759.95630000159
            ],
            [
              207229.97979999986,
              541761.28130000085
            ],
            [
              207241.41910000145,
              541761.34200000018
            ],
            [
              207259.20019999985,
              541763.97860000096
            ],
            [
              207278.22860000096,
              541771.07050000131
            ],
            [
              207289.05270000175,
              541767.31479999982
            ],
            [
              207302.40190000087,
              541766.75010000169
            ],
            [
              207315.11230000108,
              541766.81760000065
            ],
            [
              207325.89250000194,
              541771.32359999977
            ],
            [
              207337.30480000097,
              541776.46849999949
            ],
            [
              207344.89050000068,
              541784.13519999944
            ],
            [
              207350.5866000019,
              541788.61419999972
            ],
            [
              207358.8247000007,
              541793.10670000128
            ],
            [
              207367.722000001,
              541793.15389999934
            ],
            [
              207378.53930000123,
              541790.66920000128
            ],
            [
              207386.83810000215,
              541783.72240000404
            ],
            [
              207391.94250000082,
              541779.93630000204
            ],
            [
              207403.3852000013,
              541779.36150000244
            ],
            [
              207420.52060000133,
              541783.90120000206
            ],
            [
              207434.50200000033,
              541783.97540000454
            ],
            [
              207455.10560000036,
              541787.70920000225
            ],
            [
              207464.84119999968,
              541789.69520000182
            ],
            [
              207481.19750000071,
              541783.98140000179
            ],
            [
              207500.56190000009,
              541779.33670000173
            ],
            [
              207533.2321000006,
              541782.60370000079
            ]
          ]
        ]
      }
    },
    {
      "attributes" : {
        "FID" : 2,
        "PMNTN_SN" : 11387,
        "MNTN_CODE" : "116800201",
        "MNTN_NM" : "대모산",
        "PMNTN_NM" : "자곡동구간",
        "PMNTN_MAIN" : " ",
        "PMNTN_LT" : 0.71,
        "PMNTN_DFFL" : "쉬움",
        "PMNTN_UPPL" : 13,
        "PMNTN_GODN" : 9,
        "PMNTN_MTRQ" : " ",
        "PMNTN_CNRL" : " ",
        "PMNTN_CLS_" : " ",
        "PMNTN_RISK" : " ",
        "PMNTN_RECO" : " ",
        "DATA_STDR_" : "2016-12-31",
        "MNTN_ID" : "116800201"
      },
      "geometry" : {
        "paths" : [
          [
            [
              207533.2321000006,
              541782.60370000079
            ],
            [
              207594.31770000048,
              541803.78620000184
            ],
            [
              207662.09539999999,
              541843.40810000151
            ],
            [
              207753.05570000131,
              541855.87820000201
            ],
            [
              207757.86280000117,
              541854.50249999948
            ]
          ],
          [
            [
              207819.92260000017,
              541836.46739999764
            ],
            [
              207815.6810999997,
              541834.4439000003
            ],
            [
              207809.43600000069,
              541832.90990000218
            ],
            [
              207800.93980000075,
              541831.36400000378
            ],
            [
              207793.41080000158,
              541836.07650000229
            ],
            [
              207785.88719999883,
              541839.78849999979
            ],
            [
              207757.79360000137,
              541854.64720000327
            ]
          ],
          [
            [
              207820.11950000096,
              541836.68530000187
            ],
            [
              207825.30980000086,
              541835.19990000129
            ],
            [
              207875.17989999987,
              541807.02850000374
            ],
            [
              207951.94369999971,
              541747.71110000089
            ],
            [
              207997.3041000003,
              541698.86140000261
            ],
            [
              208042.66459999979,
              541656.99020000175
            ],
            [
              208088.02500000037,
              541604.65130000375
            ],
            [
              208098.49060000107,
              541582.99640000239
            ],
            [
              208105.47129999939,
              541569.75860000029
            ]
          ]
        ]
      }
    }
  ]
}