{
  "displayFieldName" : "",
  "fieldAliases" : {
    "FID" : "FID",
    "PMNTN_SPOT" : "PMNTN_SPOT",
    "MNTN_CODE" : "MNTN_CODE",
    "MANAGE_SP1" : "MANAGE_SP1",
    "MANAGE_SP2" : "MANAGE_SP2",
    "DETAIL_SPO" : "DETAIL_SPO",
    "ETC_MATTER" : "ETC_MATTER",
    "MNTN_NM" : "MNTN_NM",
    "PAST_SPOT_" : "PAST_SPOT_",
    "MNTN_ID" : "MNTN_ID"
  },
  "geometryType" : "esriGeometryPoint",
  "spatialReference" : {
    "wkt" : "PROJCS[\"PCS_ITRF2000_TM\",GEOGCS[\"GCS_ITRF_2000\",DATUM[\"D_ITRF_2000\",SPHEROID[\"GRS_1980\",6378137.0,298.257222101]],PRIMEM[\"Greenwich\",0.0],UNIT[\"Degree\",0.0174532925199433]],PROJECTION[\"Transverse_Mercator\"],PARAMETER[\"False_Easting\",200000.0],PARAMETER[\"False_Northing\",600000.0],PARAMETER[\"Central_Meridian\",127.0],PARAMETER[\"Scale_Factor\",1.0],PARAMETER[\"Latitude_Of_Origin\",38.0],UNIT[\"Meter\",1.0]]"
  },
  "fields" : [
    {
      "name" : "FID",
      "type" : "esriFieldTypeOID",
      "alias" : "FID"
    },
    {
      "name" : "PMNTN_SPOT",
      "type" : "esriFieldTypeDouble",
      "alias" : "PMNTN_SPOT"
    },
    {
      "name" : "MNTN_CODE",
      "type" : "esriFieldTypeString",
      "alias" : "MNTN_CODE",
      "length" : 9
    },
    {
      "name" : "MANAGE_SP1",
      "type" : "esriFieldTypeString",
      "alias" : "MANAGE_SP1",
      "length" : 2
    },
    {
      "name" : "MANAGE_SP2",
      "type" : "esriFieldTypeString",
      "alias" : "MANAGE_SP2",
      "length" : 50
    },
    {
      "name" : "DETAIL_SPO",
      "type" : "esriFieldTypeString",
      "alias" : "DETAIL_SPO",
      "length" : 200
    },
    {
      "name" : "ETC_MATTER",
      "type" : "esriFieldTypeString",
      "alias" : "ETC_MATTER",
      "length" : 200
    },
    {
      "name" : "MNTN_NM",
      "type" : "esriFieldTypeString",
      "alias" : "MNTN_NM",
      "length" : 50
    },
    {
      "name" : "PAST_SPOT_",
      "type" : "esriFieldTypeString",
      "alias" : "PAST_SPOT_",
      "length" : 14
    },
    {
      "name" : "MNTN_ID",
      "type" : "esriFieldTypeString",
      "alias" : "MNTN_ID",
      "length" : 10
    }
  ],
  "features" : [
    {
      "attributes" : {
        "FID" : 0,
        "PMNTN_SPOT" : 25558,
        "MNTN_CODE" : "301102504",
        "MANAGE_SP1" : "01",
        "MANAGE_SP2" : "시종점",
        "DETAIL_SPO" : "마산동산성입구",
        "ETC_MATTER" : " ",
        "MNTN_NM" : "마산동산성",
        "PAST_SPOT_" : "3011025040001",
        "MNTN_ID" : "301102504"
      },
      "geometry" : {
        "x" : 244080.51910000108,
        "y" : 421831.55059999973
      }
    },
    {
      "attributes" : {
        "FID" : 1,
        "PMNTN_SPOT" : 25559,
        "MNTN_CODE" : "301102504",
        "MANAGE_SP1" : "99",
        "MANAGE_SP2" : "기타",
        "DETAIL_SPO" : "소봉우리",
        "ETC_MATTER" : " ",
        "MNTN_NM" : "마산동산성",
        "PAST_SPOT_" : "3011025040002",
        "MNTN_ID" : "301102504"
      },
      "geometry" : {
        "x" : 244318.00050000101,
        "y" : 421958.63900000229
      }
    },
    {
      "attributes" : {
        "FID" : 2,
        "PMNTN_SPOT" : 25560,
        "MNTN_CODE" : "301102504",
        "MANAGE_SP1" : "23",
        "MANAGE_SP2" : "정상",
        "DETAIL_SPO" : "정상부",
        "ETC_MATTER" : " ",
        "MNTN_NM" : "마산동산성",
        "PAST_SPOT_" : "3011025040003",
        "MNTN_ID" : "301102504"
      },
      "geometry" : {
        "x" : 244657.60410000011,
        "y" : 422213.83979999833
      }
    },
    {
      "attributes" : {
        "FID" : 3,
        "PMNTN_SPOT" : 25561,
        "MNTN_CODE" : "301102504",
        "MANAGE_SP1" : "14",
        "MANAGE_SP2" : "조망점",
        "DETAIL_SPO" : "조망점",
        "ETC_MATTER" : " ",
        "MNTN_NM" : "마산동산성",
        "PAST_SPOT_" : "3011025040004",
        "MNTN_ID" : "301102504"
      },
      "geometry" : {
        "x" : 244687.52580000088,
        "y" : 422204.67249999754
      }
    },
    {
      "attributes" : {
        "FID" : 4,
        "PMNTN_SPOT" : 25562,
        "MNTN_CODE" : "301102504",
        "MANAGE_SP1" : "99",
        "MANAGE_SP2" : "기타",
        "DETAIL_SPO" : "급경사",
        "ETC_MATTER" : " ",
        "MNTN_NM" : "마산동산성",
        "PAST_SPOT_" : "3011025040005",
        "MNTN_ID" : "301102504"
      },
      "geometry" : {
        "x" : 244745.37690000143,
        "y" : 422016.32120000198
      }
    },
    {
      "attributes" : {
        "FID" : 5,
        "PMNTN_SPOT" : 25563,
        "MNTN_CODE" : "301102504",
        "MANAGE_SP1" : "99",
        "MANAGE_SP2" : "기타",
        "DETAIL_SPO" : "산하단",
        "ETC_MATTER" : " ",
        "MNTN_NM" : "마산동산성",
        "PAST_SPOT_" : "3011025040006",
        "MNTN_ID" : "301102504"
      },
      "geometry" : {
        "x" : 244680.17619999964,
        "y" : 421890.25510000065
      }
    },
    {
      "attributes" : {
        "FID" : 6,
        "PMNTN_SPOT" : 25564,
        "MNTN_CODE" : "301102504",
        "MANAGE_SP1" : "99",
        "MANAGE_SP2" : "기타",
        "DETAIL_SPO" : "사슴골",
        "ETC_MATTER" : " ",
        "MNTN_NM" : "마산동산성",
        "PAST_SPOT_" : "3011025040007",
        "MNTN_ID" : "301102504"
      },
      "geometry" : {
        "x" : 244562.73080000095,
        "y" : 421769.4691000022
      }
    },
    {
      "attributes" : {
        "FID" : 7,
        "PMNTN_SPOT" : 25565,
        "MNTN_CODE" : "301102504",
        "MANAGE_SP1" : "01",
        "MANAGE_SP2" : "시종점",
        "DETAIL_SPO" : "시종점",
        "ETC_MATTER" : " ",
        "MNTN_NM" : "마산동산성",
        "PAST_SPOT_" : "3011025040008",
        "MNTN_ID" : "301102504"
      },
      "geometry" : {
        "x" : 244560.30060000066,
        "y" : 421768.84810000099
      }
    },
    {
      "attributes" : {
        "FID" : 8,
        "PMNTN_SPOT" : 96177,
        "MNTN_CODE" : "301102504",
        "MANAGE_SP1" : "11",
        "MANAGE_SP2" : "안내판또는지도",
        "DETAIL_SPO" : "안내판또는지도",
        "ETC_MATTER" : " ",
        "MNTN_NM" : "마산동산성",
        "PAST_SPOT_" : "3011025040009",
        "MNTN_ID" : "301102504"
      },
      "geometry" : {
        "x" : 244085.43279999943,
        "y" : 421822.51229999948
      }
    }
  ]
}