{
  "displayFieldName" : "",
  "fieldAliases" : {
    "FID" : "FID",
    "PMNTN_SN" : "PMNTN_SN",
    "MNTN_CODE" : "MNTN_CODE",
    "MNTN_NM" : "MNTN_NM",
    "PMNTN_NM" : "PMNTN_NM",
    "PMNTN_MAIN" : "PMNTN_MAIN",
    "PMNTN_LT" : "PMNTN_LT",
    "PMNTN_DFFL" : "PMNTN_DFFL",
    "PMNTN_UPPL" : "PMNTN_UPPL",
    "PMNTN_GODN" : "PMNTN_GODN",
    "PMNTN_MTRQ" : "PMNTN_MTRQ",
    "PMNTN_CNRL" : "PMNTN_CNRL",
    "PMNTN_CLS_" : "PMNTN_CLS_",
    "PMNTN_RISK" : "PMNTN_RISK",
    "PMNTN_RECO" : "PMNTN_RECO",
    "DATA_STDR_" : "DATA_STDR_",
    "MNTN_ID" : "MNTN_ID"
  },
  "geometryType" : "esriGeometryPolyline",
  "spatialReference" : {
    "wkt" : "PROJCS[\"PCS_ITRF2000_TM\",GEOGCS[\"GCS_ITRF_2000\",DATUM[\"D_ITRF_2000\",SPHEROID[\"GRS_1980\",6378137.0,298.257222101]],PRIMEM[\"Greenwich\",0.0],UNIT[\"Degree\",0.0174532925199433]],PROJECTION[\"Transverse_Mercator\"],PARAMETER[\"False_Easting\",200000.0],PARAMETER[\"False_Northing\",600000.0],PARAMETER[\"Central_Meridian\",127.0],PARAMETER[\"Scale_Factor\",1.0],PARAMETER[\"Latitude_Of_Origin\",38.0],UNIT[\"Meter\",1.0]]"
  },
  "fields" : [
    {
      "name" : "FID",
      "type" : "esriFieldTypeOID",
      "alias" : "FID"
    },
    {
      "name" : "PMNTN_SN",
      "type" : "esriFieldTypeDouble",
      "alias" : "PMNTN_SN"
    },
    {
      "name" : "MNTN_CODE",
      "type" : "esriFieldTypeString",
      "alias" : "MNTN_CODE",
      "length" : 9
    },
    {
      "name" : "MNTN_NM",
      "type" : "esriFieldTypeString",
      "alias" : "MNTN_NM",
      "length" : 50
    },
    {
      "name" : "PMNTN_NM",
      "type" : "esriFieldTypeString",
      "alias" : "PMNTN_NM",
      "length" : 50
    },
    {
      "name" : "PMNTN_MAIN",
      "type" : "esriFieldTypeString",
      "alias" : "PMNTN_MAIN",
      "length" : 200
    },
    {
      "name" : "PMNTN_LT",
      "type" : "esriFieldTypeSingle",
      "alias" : "PMNTN_LT"
    },
    {
      "name" : "PMNTN_DFFL",
      "type" : "esriFieldTypeString",
      "alias" : "PMNTN_DFFL",
      "length" : 8
    },
    {
      "name" : "PMNTN_UPPL",
      "type" : "esriFieldTypeDouble",
      "alias" : "PMNTN_UPPL"
    },
    {
      "name" : "PMNTN_GODN",
      "type" : "esriFieldTypeDouble",
      "alias" : "PMNTN_GODN"
    },
    {
      "name" : "PMNTN_MTRQ",
      "type" : "esriFieldTypeString",
      "alias" : "PMNTN_MTRQ",
      "length" : 200
    },
    {
      "name" : "PMNTN_CNRL",
      "type" : "esriFieldTypeString",
      "alias" : "PMNTN_CNRL",
      "length" : 1
    },
    {
      "name" : "PMNTN_CLS_",
      "type" : "esriFieldTypeString",
      "alias" : "PMNTN_CLS_",
      "length" : 1
    },
    {
      "name" : "PMNTN_RISK",
      "type" : "esriFieldTypeString",
      "alias" : "PMNTN_RISK",
      "length" : 200
    },
    {
      "name" : "PMNTN_RECO",
      "type" : "esriFieldTypeString",
      "alias" : "PMNTN_RECO",
      "length" : 1
    },
    {
      "name" : "DATA_STDR_",
      "type" : "esriFieldTypeString",
      "alias" : "DATA_STDR_",
      "length" : 10
    },
    {
      "name" : "MNTN_ID",
      "type" : "esriFieldTypeString",
      "alias" : "MNTN_ID",
      "length" : 10
    }
  ],
  "features" : [
    {
      "attributes" : {
        "FID" : 0,
        "PMNTN_SN" : 14979,
        "MNTN_CODE" : "301102504",
        "MNTN_NM" : "마산동산성",
        "PMNTN_NM" : "동구마산동산-마산동사슴골구간",
        "PMNTN_MAIN" : " ",
        "PMNTN_LT" : 1.63,
        "PMNTN_DFFL" : "쉬움",
        "PMNTN_UPPL" : 29,
        "PMNTN_GODN" : 20,
        "PMNTN_MTRQ" : "마사토/황토",
        "PMNTN_CNRL" : " ",
        "PMNTN_CLS_" : " ",
        "PMNTN_RISK" : "정상에서 하산시 급경사지 주의요망",
        "PMNTN_RECO" : " ",
        "DATA_STDR_" : "2016-12-31",
        "MNTN_ID" : "301102504"
      },
      "geometry" : {
        "paths" : [
          [
            [
              244080.51910000108,
              421831.55059999973
            ],
            [
              244084.29640000407,
              421822.55000000447
            ],
            [
              244090.17709999997,
              421817.36490000039
            ],
            [
              244106.92400000058,
              421815.85940000042
            ],
            [
              244118.0820000004,
              421818.78089999966
            ],
            [
              244137.71610000078,
              421826.67130000144
            ],
            [
              244154.17499999981,
              421835.33360000327
            ],
            [
              244162.03720000014,
              421836.04859999754
            ],
            [
              244167.2265999997,
              421831.19060000032
            ],
            [
              244170.50410000142,
              421826.80529999919
            ],
            [
              244172.87370000035,
              421822.59250000119
            ],
            [
              244178.53749999963,
              421814.33510000072
            ],
            [
              244183.29110000283,
              421807.28949999996
            ],
            [
              244185.64250000101,
              421803.17039999925
            ],
            [
              244198.84990000166,
              421800.0324000027
            ],
            [
              244206.05400000047,
              421800.55519999936
            ],
            [
              244209.17629999947,
              421804.92020000145
            ],
            [
              244215.56659999955,
              421813.85400000401
            ],
            [
              244222.53450000007,
              421822.78120000102
            ],
            [
              244236.2622000007,
              421854.68579999916
            ],
            [
              244250.54059999995,
              421870.60960000008
            ],
            [
              244255.38960000314,
              421876.1269000005
            ],
            [
              244258.78960000165,
              421882.25500000268
            ],
            [
              244262.29700000025,
              421888.57690000162
            ],
            [
              244265.80300000031,
              421889.6408000011
            ],
            [
              244269.66350000165,
              421890.27830000222
            ],
            [
              244279.4832000006,
              421892.39490000159
            ],
            [
              244289.14220000245,
              421900.92610000074
            ],
            [
              244298.54619999975,
              421911.4635000024
            ],
            [
              244312.1316000009,
              421930.86629999988
            ],
            [
              244313.49550000206,
              421962.38890000246
            ],
            [
              244322.40099999961,
              421975.30709999986
            ],
            [
              244314.84130000044,
              421997.46250000037
            ],
            [
              244322.12619999889,
              422029.01539999805
            ],
            [
              244314.52910000086,
              422058.49460000359
            ],
            [
              244320.31719999947,
              422084.49130000174
            ],
            [
              244323.32030000258,
              422093.71729999967
            ],
            [
              244323.12160000298,
              422132.55590000004
            ],
            [
              244334.92989999987,
              422156.69700000249
            ],
            [
              244352.7779000001,
              422175.20940000005
            ],
            [
              244357.32380000222,
              422178.47180000134
            ],
            [
              244357.26429999992,
              422190.02930000238
            ],
            [
              244356.86620000098,
              422199.15040000342
            ],
            [
              244357.11170000024,
              422204.86070000008
            ],
            [
              244360.25800000038,
              422212.6612999998
            ],
            [
              244364.48980000149,
              422218.1248000022
            ],
            [
              244367.06109999958,
              422227.13299999759
            ],
            [
              244370.37940000091,
              422232.319000002
            ],
            [
              244383.86400000285,
              422236.40240000002
            ],
            [
              244412.28280000202,
              422240.32110000215
            ],
            [
              244424.21430000011,
              422240.38230000064
            ],
            [
              244437.62360000052,
              422249.66160000302
            ],
            [
              244457.3619000027,
              422253.02070000023
            ],
            [
              244477.97440000251,
              422253.5308000017
            ],
            [
              244501.89850000106,
              422259.20220000297
            ],
            [
              244514.15529999975,
              422254.79370000027
            ],
            [
              244525.48880000133,
              422253.15460000187
            ],
            [
              244531.59850000124,
              422254.03120000102
            ],
            [
              244539.22700000089,
              422257.61849999987
            ],
            [
              244548.24700000044,
              422264.59860000201
            ],
            [
              244560.47890000045,
              422266.39150000177
            ],
            [
              244569.87270000018,
              422260.36979999952
            ],
            [
              244576.71960000135,
              422256.5214000009
            ],
            [
              244587.75660000183,
              422254.09110000171
            ],
            [
              244594.58790000156,
              422256.01680000126
            ],
            [
              244606.27139999997,
              422255.91039999947
            ],
            [
              244617.27860000078,
              422249.9886000026
            ],
            [
              244624.39050000254,
              422243.51380000077
            ],
            [
              244632.13019999862,
              422230.35400000215
            ],
            [
              244657.60410000011,
              422213.83979999833
            ],
            [
              244687.52580000088,
              422204.67249999754
            ],
            [
              244696.54440000188,
              422195.50850000232
            ],
            [
              244710.02969999984,
              422190.02960000373
            ],
            [
              244716.08790000062,
              422180.85029999912
            ],
            [
              244734.07820000127,
              422171.62170000188
            ],
            [
              244738.50790000055,
              422167.43580000103
            ],
            [
              244743.09690000117,
              422162.45770000108
            ],
            [
              244764.07580000069,
              422147.80700000189
            ],
            [
              244763.96310000215,
              422126.46340000071
            ],
            [
              244761.87660000101,
              422118.2108999975
            ],
            [
              244758.9832000006,
              422089.49630000256
            ],
            [
              244762.99430000037,
              422079.33250000142
            ],
            [
              244755.68930000253,
              422049.65360000171
            ],
            [
              244755.58520000055,
              422040.69720000029
            ],
            [
              244754.24260000139,
              422036.78559999913
            ],
            [
              244755.76400000136,
              422020.14790000021
            ],
            [
              244747.21129999962,
              422014.50569999963
            ],
            [
              244739.94480000157,
              422008.60360000096
            ],
            [
              244737.88860000204,
              422007.07200000249
            ],
            [
              244728.96480000205,
              421997.81530000456
            ],
            [
              244714.14930000063,
              421982.86880000122
            ],
            [
              244708.21470000129,
              421968.07910000533
            ],
            [
              244688.78530000336,
              421960.54380000383
            ],
            [
              244686.11160000227,
              421948.73960000277
            ],
            [
              244687.42599999998,
              421945.77769999951
            ],
            [
              244690.45350000262,
              421932.80980000272
            ],
            [
              244694.98670000117,
              421923.62260000035
            ],
            [
              244702.49990000296,
              421910.67780000158
            ],
            [
              244698.52199999988,
              421901.83640000038
            ],
            [
              244690.11990000214,
              421898.96750000119
            ],
            [
              244680.23460000008,
              421895.51170000061
            ],
            [
              244679.59370000102,
              421888.14800000004
            ],
            [
              244679.90350000095,
              421884.15820000134
            ],
            [
              244679.21460000239,
              421875.83879999816
            ],
            [
              244682.26829999965,
              421869.36160000041
            ],
            [
              244684.74799999967,
              421859.55560000241
            ],
            [
              244687.28100000229,
              421855.11409999989
            ],
            [
              244688.72710000258,
              421840.43600000069
            ],
            [
              244684.17300000042,
              421831.64159999974
            ],
            [
              244680.97750000283,
              421825.33270000108
            ],
            [
              244674.49680000078,
              421821.88410000131
            ],
            [
              244673.21290000062,
              421814.00800000131
            ],
            [
              244673.84489999991,
              421806.02070000023
            ],
            [
              244670.88030000124,
              421801.57399999909
            ],
            [
              244664.4001000002,
              421791.75980000198
            ],
            [
              244660.10979999974,
              421785.93440000154
            ],
            [
              244652.3125,
              421787.03659999743
            ],
            [
              244639.72190000024,
              421789.4064000044
            ],
            [
              244622.67650000192,
              421784.26370000094
            ],
            [
              244594.39309999999,
              421780.83290000074
            ],
            [
              244584.19970000163,
              421778.77810000256
            ],
            [
              244577.46270000003,
              421776.77380000055
            ],
            [
              244568.87619999982,
              421777.49940000102
            ],
            [
              244560.30060000066,
              421768.84810000099
            ]
          ]
        ]
      }
    }
  ]
}