{
  "displayFieldName" : "",
  "fieldAliases" : {
    "FID" : "FID",
    "PMNTN_SN" : "PMNTN_SN",
    "MNTN_CODE" : "MNTN_CODE",
    "MNTN_NM" : "MNTN_NM",
    "PMNTN_NM" : "PMNTN_NM",
    "PMNTN_MAIN" : "PMNTN_MAIN",
    "PMNTN_LT" : "PMNTN_LT",
    "PMNTN_DFFL" : "PMNTN_DFFL",
    "PMNTN_UPPL" : "PMNTN_UPPL",
    "PMNTN_GODN" : "PMNTN_GODN",
    "PMNTN_MTRQ" : "PMNTN_MTRQ",
    "PMNTN_CNRL" : "PMNTN_CNRL",
    "PMNTN_CLS_" : "PMNTN_CLS_",
    "PMNTN_RISK" : "PMNTN_RISK",
    "PMNTN_RECO" : "PMNTN_RECO",
    "DATA_STDR_" : "DATA_STDR_",
    "MNTN_ID" : "MNTN_ID"
  },
  "geometryType" : "esriGeometryPolyline",
  "spatialReference" : {
    "wkt" : "PROJCS[\"PCS_ITRF2000_TM\",GEOGCS[\"GCS_ITRF_2000\",DATUM[\"D_ITRF_2000\",SPHEROID[\"GRS_1980\",6378137.0,298.257222101]],PRIMEM[\"Greenwich\",0.0],UNIT[\"Degree\",0.0174532925199433]],PROJECTION[\"Transverse_Mercator\"],PARAMETER[\"False_Easting\",200000.0],PARAMETER[\"False_Northing\",600000.0],PARAMETER[\"Central_Meridian\",127.0],PARAMETER[\"Scale_Factor\",1.0],PARAMETER[\"Latitude_Of_Origin\",38.0],UNIT[\"Meter\",1.0]]"
  },
  "fields" : [
    {
      "name" : "FID",
      "type" : "esriFieldTypeOID",
      "alias" : "FID"
    },
    {
      "name" : "PMNTN_SN",
      "type" : "esriFieldTypeDouble",
      "alias" : "PMNTN_SN"
    },
    {
      "name" : "MNTN_CODE",
      "type" : "esriFieldTypeString",
      "alias" : "MNTN_CODE",
      "length" : 9
    },
    {
      "name" : "MNTN_NM",
      "type" : "esriFieldTypeString",
      "alias" : "MNTN_NM",
      "length" : 50
    },
    {
      "name" : "PMNTN_NM",
      "type" : "esriFieldTypeString",
      "alias" : "PMNTN_NM",
      "length" : 50
    },
    {
      "name" : "PMNTN_MAIN",
      "type" : "esriFieldTypeString",
      "alias" : "PMNTN_MAIN",
      "length" : 200
    },
    {
      "name" : "PMNTN_LT",
      "type" : "esriFieldTypeSingle",
      "alias" : "PMNTN_LT"
    },
    {
      "name" : "PMNTN_DFFL",
      "type" : "esriFieldTypeString",
      "alias" : "PMNTN_DFFL",
      "length" : 8
    },
    {
      "name" : "PMNTN_UPPL",
      "type" : "esriFieldTypeDouble",
      "alias" : "PMNTN_UPPL"
    },
    {
      "name" : "PMNTN_GODN",
      "type" : "esriFieldTypeDouble",
      "alias" : "PMNTN_GODN"
    },
    {
      "name" : "PMNTN_MTRQ",
      "type" : "esriFieldTypeString",
      "alias" : "PMNTN_MTRQ",
      "length" : 200
    },
    {
      "name" : "PMNTN_CNRL",
      "type" : "esriFieldTypeString",
      "alias" : "PMNTN_CNRL",
      "length" : 1
    },
    {
      "name" : "PMNTN_CLS_",
      "type" : "esriFieldTypeString",
      "alias" : "PMNTN_CLS_",
      "length" : 1
    },
    {
      "name" : "PMNTN_RISK",
      "type" : "esriFieldTypeString",
      "alias" : "PMNTN_RISK",
      "length" : 200
    },
    {
      "name" : "PMNTN_RECO",
      "type" : "esriFieldTypeString",
      "alias" : "PMNTN_RECO",
      "length" : 1
    },
    {
      "name" : "DATA_STDR_",
      "type" : "esriFieldTypeString",
      "alias" : "DATA_STDR_",
      "length" : 10
    },
    {
      "name" : "MNTN_ID",
      "type" : "esriFieldTypeString",
      "alias" : "MNTN_ID",
      "length" : 10
    }
  ],
  "features" : [
    {
      "attributes" : {
        "FID" : 0,
        "PMNTN_SN" : 51190,
        "MNTN_CODE" : "413603104",
        "MNTN_NM" : "큰골숲길",
        "PMNTN_NM" : "내방리구간",
        "PMNTN_MAIN" : " ",
        "PMNTN_LT" : 6.12,
        "PMNTN_DFFL" : "쉬움",
        "PMNTN_UPPL" : 108,
        "PMNTN_GODN" : 76,
        "PMNTN_MTRQ" : " ",
        "PMNTN_CNRL" : " ",
        "PMNTN_CLS_" : "Y",
        "PMNTN_RISK" : " ",
        "PMNTN_RECO" : " ",
        "DATA_STDR_" : "2016-12-31",
        "MNTN_ID" : "413603104"
      },
      "geometry" : {
        "paths" : [
          [
            [
              224928.90390000027,
              574365.33269999921
            ],
            [
              224939.94340000115,
              574371.81829999946
            ],
            [
              224950.7611000035,
              574382.26180000417
            ],
            [
              224963.50040000025,
              574393.88639999926
            ],
            [
              224974.00910000317,
              574406.56739999726
            ],
            [
              224979.93200000282,
              574412.34459999949
            ],
            [
              224979.75780000258,
              574425.24929999933
            ],
            [
              224979.83860000316,
              574434.2321000006
            ],
            [
              224978.25200000033,
              574456.20470000058
            ],
            [
              224977.9795000013,
              574467.86050000228
            ],
            [
              224979.55479999911,
              574481.58460000157
            ],
            [
              224982.30580000207,
              574497.88170000166
            ],
            [
              224986.20999999996,
              574515.18119999953
            ],
            [
              224988.0616999995,
              574531.71780000255
            ],
            [
              224991.36120000109,
              574545.26310000382
            ],
            [
              224994.52880000044,
              574557.14380000532
            ],
            [
              224998.09820000175,
              574564.17180000059
            ],
            [
              225006.55810000002,
              574570.82209999859
            ],
            [
              225019.73280000314,
              574570.43219999969
            ],
            [
              225030.82610000391,
              574562.03380000032
            ],
            [
              225040.46050000098,
              574555.48010000028
            ],
            [
              225054.75140000135,
              574545.84530000389
            ],
            [
              225064.55060000066,
              574539.42110000178
            ],
            [
              225076.11160000041,
              574533.90830000117
            ],
            [
              225088.8915000027,
              574529.58720000274
            ],
            [
              225102.50970000122,
              574525.71000000276
            ],
            [
              225112.5800999999,
              574523.46130000427
            ],
            [
              225133.69269999955,
              574516.84769999795
            ],
            [
              225143.78130000178,
              574515.02930000424
            ],
            [
              225153.82320000045,
              574514.44910000078
            ],
            [
              225169.38230000064,
              574514.86879999936
            ],
            [
              225179.33999999985,
              574513.95949999988
            ],
            [
              225183.44880000129,
              574509.33280000091
            ],
            [
              225189.88779999968,
              574500.53839999996
            ],
            [
              225197.02960000001,
              574488.07200000435
            ],
            [
              225200.52540000062,
              574478.91510000266
            ],
            [
              225205.18900000025,
              574466.69920000061
            ],
            [
              225206.31510000117,
              574456.89890000224
            ],
            [
              225208.86520000268,
              574445.47080000117
            ],
            [
              225213.42130000237,
              574440.12299999967
            ],
            [
              225219.39410000108,
              574436.09530000016
            ],
            [
              225257.54130000062,
              574418.25670000166
            ],
            [
              225265.90570000187,
              574415.3105000034
            ],
            [
              225268.44170000404,
              574419.24590000138
            ],
            [
              225265.864500002,
              574426.20229999907
            ],
            [
              225250.37990000192,
              574444.82670000196
            ],
            [
              225242.14870000072,
              574453.80410000123
            ],
            [
              225239.27230000217,
              574462.15449999832
            ],
            [
              225236.9188000001,
              574475.67100000009
            ],
            [
              225234.30910000205,
              574494.21280000173
            ],
            [
              225231.6380000012,
              574521.17620000243
            ],
            [
              225231.07390000112,
              574529.34280000068
            ],
            [
              225231.27760000061,
              574538.58970000036
            ],
            [
              225233.26640000194,
              574549.94750000164
            ],
            [
              225235.49750000238,
              574565.61140000075
            ],
            [
              225235.18290000316,
              574576.82700000331
            ],
            [
              225233.48400000017,
              574591.31670000404
            ],
            [
              225230.74490000308,
              574597.50040000118
            ],
            [
              225226.08849999961,
              574603.01149999909
            ],
            [
              225218.81990000233,
              574605.7415000014
            ],
            [
              225211.78060000297,
              574605.3674000036
            ],
            [
              225204.52919999976,
              574602.74970000237
            ],
            [
              225194.05500000156,
              574597.10019999929
            ],
            [
              225181.38049999997,
              574594.86230000108
            ],
            [
              225171.19580000173,
              574597.15630000085
            ],
            [
              225162.61160000041,
              574601.0307
            ],
            [
              225153.59340000153,
              574608.10950000212
            ],
            [
              225149.22230000049,
              574613.33280000091
            ],
            [
              225146.60030000377,
              574619.36910000071
            ],
            [
              225146.89979999978,
              574625.62680000067
            ],
            [
              225150.24770000018,
              574631.23920000158
            ],
            [
              225158.20470000338,
              574637.26810000464
            ],
            [
              225173.4532000022,
              574646.34679999948
            ],
            [
              225184.57400000188,
              574654.35459999926
            ],
            [
              225192.47250000108,
              574655.29910000041
            ],
            [
              225200.90470000077,
              574656.45530000143
            ],
            [
              225214.30480000284,
              574657.46890000068
            ],
            [
              225231.92730000056,
              574657.91160000116
            ],
            [
              225245.18970000371,
              574658.54640000127
            ],
            [
              225252.66289999988,
              574660.69810000062
            ],
            [
              225264.04629999958,
              574664.71570000239
            ],
            [
              225289.35520000104,
              574678.2564000003
            ],
            [
              225312.02770000044,
              574685.98150000162
            ],
            [
              225322.39429999981,
              574687.78440000117
            ],
            [
              225329.1333999997,
              574687.10630000196
            ],
            [
              225337.59109999985,
              574684.81960000284
            ],
            [
              225346.63860000018,
              574682.6174999997
            ],
            [
              225357.1371000018,
              574680.60590000078
            ],
            [
              225364.49780000094,
              574679.66070000269
            ],
            [
              225370.46630000137,
              574682.62040000036
            ],
            [
              225374.44479999971,
              574685.48060000315
            ],
            [
              225376.44140000083,
              574690.48169999942
            ],
            [
              225377.67559999973,
              574696.8171000015
            ],
            [
              225378.64599999972,
              574704.33750000037
            ],
            [
              225381.54740000051,
              574712.30159999989
            ],
            [
              225385.02950000111,
              574720.65159999952
            ],
            [
              225392.61340000294,
              574725.71810000204
            ],
            [
              225407.51590000093,
              574733.37829999998
            ],
            [
              225418.77690000273,
              574739.0623000022
            ],
            [
              225433.02800000086,
              574746.25560000166
            ],
            [
              225441.78320000041,
              574749.67190000042
            ],
            [
              225450.27510000113,
              574755.30380000174
            ],
            [
              225454.39610000048,
              574760.66000000015
            ],
            [
              225454.62959999871,
              574766.48450000212
            ],
            [
              225453.00069999974,
              574772.86280000396
            ],
            [
              225448.98900000099,
              574780.81240000017
            ],
            [
              225443.07189999986,
              574792.93760000169
            ],
            [
              225444.18810000177,
              574801.25690000132
            ],
            [
              225447.51920000371,
              574807.69609999843
            ],
            [
              225455.14440000057,
              574821.06640000083
            ],
            [
              225463.36060000025,
              574837.11480000243
            ],
            [
              225466.47500000149,
              574850.33800000139
            ],
            [
              225466.60360000283,
              574861.2321000006
            ],
            [
              225465.51910000015,
              574876.51820000075
            ],
            [
              225467.48330000322,
              574885.24670000374
            ],
            [
              225474.79150000028,
              574893.55519999936
            ],
            [
              225481.89870000072,
              574899.76630000025
            ],
            [
              225485.53430000227,
              574901.39630000107
            ],
            [
              225490.95600000396,
              574904.34650000185
            ],
            [
              225496.71040000115,
              574905.35300000198
            ],
            [
              225504.9795000013,
              574900.22900000028
            ],
            [
              225526.62969999947,
              574879.41210000217
            ],
            [
              225537.81310000084,
              574868.12600000203
            ],
            [
              225544.8329000026,
              574866.03500000201
            ],
            [
              225549.03419999965,
              574869.58050000109
            ],
            [
              225553.83110000193,
              574875.23900000192
            ],
            [
              225558.43049999978,
              574890.78700000234
            ],
            [
              225561.41590000223,
              574897.11050000042
            ],
            [
              225566.51790000126,
              574902.62280000187
            ],
            [
              225572.01690000016,
              574904.69400000013
            ],
            [
              225578.303100002,
              574903.08860000037
            ],
            [
              225600.17540000007,
              574891.02979999967
            ],
            [
              225608.08860000316,
              574888.12460000068
            ],
            [
              225615.17020000052,
              574887.68939999864
            ],
            [
              225619.9980000034,
              574889.55509999953
            ],
            [
              225622.60860000178,
              574897.53889999911
            ],
            [
              225621.43070000131,
              574906.65310000628
            ],
            [
              225618.73650000058,
              574915.10500000417
            ],
            [
              225616.8478000015,
              574923.26920000464
            ],
            [
              225618.43960000109,
              574933.97060000338
            ],
            [
              225622.38169999979,
              574940.92200000212
            ],
            [
              225626.72989999969,
              574945.8217999991
            ],
            [
              225632.30200000107,
              574950.05620000139
            ],
            [
              225643.47610000242,
              574951.20550000109
            ],
            [
              225650.79000000004,
              574953.88099999912
            ],
            [
              225661.6053000018,
              574958.472000001
            ],
            [
              225669.39869999979,
              574961.47030000016
            ],
            [
              225675.01080000214,
              574965.76680000313
            ],
            [
              225681.85639999993,
              574968.9309000019
            ],
            [
              225688.90600000136,
              574967.78650000133
            ],
            [
              225692.51280000154,
              574964.46360000409
            ],
            [
              225696.21300000139,
              574958.25569999963
            ],
            [
              225699.79710000101,
              574947.20610000193
            ],
            [
              225705.1417000005,
              574937.28779999726
            ],
            [
              225711.00760000292,
              574925.58610000089
            ],
            [
              225716.78050000034,
              574916.80620000325
            ],
            [
              225726.0392000014,
              574914.05709999986
            ],
            [
              225731.08110000193,
              574915.47940000333
            ],
            [
              225736.04250000138,
              574919.18730000034
            ],
            [
              225739.83619999979,
              574923.61900000088
            ],
            [
              225743.43099999987,
              574932.31290000118
            ],
            [
              225748.23550000042,
              574937.99470000155
            ],
            [
              225762.65970000345,
              574958.43930000253
            ],
            [
              225765.46409999952,
              574966.32640000246
            ],
            [
              225768.10219999962,
              574975.61180000193
            ],
            [
              225767.50719999988,
              574984.51450000517
            ],
            [
              225769.01180000324,
              574993.09580000304
            ],
            [
              225771.77530000266,
              575000.60229999945
            ],
            [
              225775.54710000008,
              575007.93859999999
            ],
            [
              225780.38850000128,
              575012.96650000103
            ],
            [
              225785.82680000179,
              575016.77470000274
            ],
            [
              225817.84489999991,
              575038.84760000184
            ],
            [
              225830.35150000174,
              575047.60529999994
            ],
            [
              225840.20730000082,
              575055.48819999956
            ],
            [
              225855.18120000139,
              575064.97809999809
            ],
            [
              225862.3822000036,
              575067.81020000018
            ],
            [
              225871.52230000217,
              575068.59070000052
            ],
            [
              225877.90230000112,
              575067.83300000243
            ],
            [
              225885.85520000011,
              575062.36449999735
            ],
            [
              225891.2332000006,
              575054.97300000302
            ],
            [
              225894.70559999999,
              575045.21629999951
            ],
            [
              225895.38229999971,
              575030.03619999997
            ],
            [
              225892.76340000145,
              575021.49069999903
            ],
            [
              225886.74670000188,
              575007.51490000263
            ],
            [
              225882.61629999988,
              574995.92750000022
            ],
            [
              225882.3554999996,
              574990.03380000405
            ],
            [
              225888.25289999973,
              574985.68820000067
            ],
            [
              225895.024000003,
              574985.02400000393
            ],
            [
              225904.98650000058,
              574984.68329999968
            ],
            [
              225912.4728000015,
              574984.46689999849
            ],
            [
              225933.29740000051,
              574975.99180000089
            ],
            [
              225946.31490000058,
              574973.40300000086
            ],
            [
              225953.62730000261,
              574973.73269999959
            ],
            [
              225962.72790000029,
              574975.4280000031
            ],
            [
              225971.2368999999,
              574975.94730000198
            ],
            [
              225984.0438000001,
              574973.26999999769
            ],
            [
              225992.48790000007,
              574968.83129999787
            ],
            [
              225997.69280000031,
              574961.2434000019
            ],
            [
              226002.68310000096,
              574948.97059999965
            ],
            [
              226005.09250000399,
              574941.34020000324
            ],
            [
              226008.28409999982,
              574927.98569999821
            ],
            [
              226005.67830000073,
              574920.30800000206
            ],
            [
              225996.1985000018,
              574913.84610000066
            ],
            [
              225972.68960000109,
              574903.41159999929
            ],
            [
              225956.3300000038,
              574897.01340000145
            ],
            [
              225940.96729999967,
              574889.65530000068
            ],
            [
              225934.33990000095,
              574884.72670000233
            ],
            [
              225930.05860000011,
              574879.7293999996
            ],
            [
              225932.10280000232,
              574870.36079999804
            ],
            [
              225940.65359999985,
              574865.76140000112
            ],
            [
              225952.97610000055,
              574866.64030000009
            ],
            [
              225964.31850000005,
              574866.62160000391
            ],
            [
              225973.11139999889,
              574865.07679999992
            ],
            [
              225987.16830000002,
              574860.58200000413
            ],
            [
              226002.00750000123,
              574850.81660000235
            ],
            [
              226015.59840000048,
              574841.63579999842
            ],
            [
              226024.55140000116,
              574833.52170000225
            ],
            [
              226031.23359999992,
              574825.85510000028
            ],
            [
              226033.80879999977,
              574817.3125
            ],
            [
              226031.30060000159,
              574810.49260000139
            ],
            [
              226023.21580000035,
              574802.54419999942
            ],
            [
              226018.33610000182,
              574796.74490000121
            ],
            [
              226016.17250000034,
              574789.98630000092
            ],
            [
              226018.58750000317,
              574783.02300000191
            ],
            [
              226022.8983000014,
              574777.12220000103
            ],
            [
              226027.11940000113,
              574769.97719999962
            ],
            [
              226027.87240000162,
              574764.2199000027
            ],
            [
              226026.29829999991,
              574757.3636000026
            ],
            [
              226023.43010000046,
              574750.23820000142
            ],
            [
              226019.74020000361,
              574742.93510000035
            ],
            [
              226018.55709999893,
              574737.01190000214
            ],
            [
              226020.73490000051,
              574727.60270000249
            ],
            [
              226022.299300001,
              574719.01570000127
            ],
            [
              226021.96420000121,
              574713.77679999918
            ],
            [
              226016.78710000217,
              574704.25740000233
            ],
            [
              226014.29440000001,
              574696.41259999946
            ],
            [
              226016.74260000419,
              574687.77899999917
            ],
            [
              226024.39690000005,
              574683.6734000016
            ],
            [
              226035.06359999999,
              574683.67940000072
            ],
            [
              226053.31360000093,
              574686.6344000008
            ],
            [
              226067.14300000109,
              574688.87370000035
            ],
            [
              226080.98420000076,
              574689.84390000068
            ],
            [
              226093.97039999999,
              574691.31509999931
            ],
            [
              226108.20070000179,
              574693.06090000086
            ],
            [
              226114.92009999976,
              574689.85130000114
            ],
            [
              226118.26809999999,
              574684.33370000124
            ],
            [
              226117.07600000221,
              574676.89320000261
            ],
            [
              226110.45380000211,
              574669.83369999938
            ],
            [
              226100.40299999993,
              574659.13199999928
            ],
            [
              226089.13970000111,
              574646.93930000067
            ],
            [
              226083.62619999982,
              574635.75040000491
            ],
            [
              226074.28990000114,
              574626.00459999964
            ],
            [
              226069.83360000141,
              574622.03859999962
            ],
            [
              226062.31150000356,
              574616.66929999925
            ],
            [
              226054.80460000131,
              574607.82210000232
            ],
            [
              226051.25930000003,
              574604.13720000163
            ],
            [
              226042.88340000343,
              574601.71719999984
            ],
            [
              226035.5633000005,
              574599.55040000007
            ],
            [
              226028.54360000137,
              574594.83990000375
            ],
            [
              226024.54360000137,
              574590.05269999988
            ],
            [
              226022.33370000124,
              574581.28750000335
            ],
            [
              226024.4486000007,
              574569.16119999997
            ],
            [
              226028.35450000037,
              574557.85620000586
            ],
            [
              226030.64230000041,
              574547.37680000067
            ],
            [
              226031.92690000031,
              574540.48170000128
            ],
            [
              226031.95490000211,
              574531.83760000207
            ],
            [
              226030.13870000187,
              574526.01830000058
            ],
            [
              226030.64209999982,
              574519.43930000067
            ],
            [
              226037.02630000189,
              574511.87200000137
            ],
            [
              226050.11710000411,
              574504.34470000304
            ],
            [
              226063.36920000147,
              574498.83909999952
            ],
            [
              226089.75800000317,
              574485.97220000252
            ],
            [
              226102.20390000101,
              574473.81400000118
            ],
            [
              226105.84759999998,
              574463.9363000039
            ],
            [
              226106.66550000105,
              574459.58650000207
            ],
            [
              226103.30860000011,
              574448.16449999996
            ],
            [
              226097.82259999961,
              574440.78399999999
            ],
            [
              226084.98070000019,
              574431.16330000199
            ],
            [
              226065.99900000077,
              574422.4010000024
            ],
            [
              226039.81010000128,
              574408.38560000062
            ],
            [
              226031.7919000024,
              574401.0803999994
            ],
            [
              226025.64390000049,
              574396.51209999993
            ],
            [
              226026.42600000091,
              574388.25879999995
            ],
            [
              226029.95130000263,
              574380.4683000017
            ],
            [
              226030.46230000257,
              574371.65420000255
            ],
            [
              226029.03959999979,
              574364.75070000067
            ],
            [
              226028.32450000104,
              574356.87290000729
            ],
            [
              226029.70600000117,
              574349.80719999969
            ],
            [
              226033.34230000246,
              574344.06619999744
            ],
            [
              226038.71310000028,
              574335.9039000012
            ],
            [
              226041.21780000068,
              574326.87300000153
            ],
            [
              226037.87700000033,
              574314.23830000125
            ],
            [
              226034.46510000061,
              574305.0623000022
            ],
            [
              226033.69370000064,
              574298.52760000154
            ],
            [
              226035.73190000094,
              574290.69150000066
            ],
            [
              226040.0334999999,
              574269.05260000005
            ],
            [
              226042.47970000003,
              574254.85179999843
            ],
            [
              226043.49469999969,
              574238.25900000148
            ],
            [
              226043.92049999908,
              574226.63279999979
            ],
            [
              226046.36120000202,
              574218.21980000287
            ],
            [
              226058.37949999981,
              574209.68919999897
            ],
            [
              226075.33190000057,
              574199.8060999997
            ],
            [
              226088.53720000014,
              574193.69870000146
            ],
            [
              226098.02880000044,
              574190.37089999951
            ],
            [
              226105.3899000017,
              574187.4357000012
            ],
            [
              226112.1464000009,
              574180.12040000036
            ],
            [
              226117.31170000136,
              574176.91080000252
            ],
            [
              226128.77510000207,
              574166.25999999978
            ],
            [
              226130.00129999965,
              574159.60419999994
            ],
            [
              226130.71700000204,
              574146.16279999912
            ],
            [
              226128.15750000253,
              574130.93080000207
            ],
            [
              226119.20199999865,
              574114.67670000158
            ],
            [
              226109.9785000002,
              574105.26700000279
            ],
            [
              226101.76439999975,
              574099.73870000057
            ],
            [
              226097.93210000172,
              574096.79130000249
            ],
            [
              226095.73100000061,
              574092.18370000087
            ],
            [
              226091.74899999984,
              574085.59190000035
            ],
            [
              226087.99200000055,
              574078.21150000021
            ],
            [
              226087.99600000121,
              574069.62920000032
            ],
            [
              226091.53710000124,
              574061.18450000323
            ],
            [
              226099.08790000342,
              574056.50470000133
            ],
            [
              226112.31030000187,
              574046.41520000063
            ],
            [
              226133.52870000061,
              574038.8180999998
            ],
            [
              226142.18110000156,
              574024.20969999954
            ],
            [
              226141.62070000172,
              574012.23280000128
            ],
            [
              226136.71600000281,
              574000.51440000162
            ],
            [
              226130.33150000032,
              573992.43050000072
            ],
            [
              226125.66620000359,
              573984.89540000074
            ],
            [
              226123.09330000263,
              573976.70000000112
            ],
            [
              226124.29890000354,
              573964.71900000051
            ],
            [
              226128.94730000384,
              573953.90670000017
            ],
            [
              226134.09209999908,
              573942.43120000139
            ],
            [
              226140.34749999922,
              573935.23919999972
            ],
            [
              226148.27719999943,
              573930.09759999998
            ],
            [
              226156.61890000105,
              573928.50489999913
            ],
            [
              226166.59379999992,
              573926.6005000025
            ],
            [
              226172.60760000348,
              573922.7519000005
            ],
            [
              226178.87130000349,
              573916.74730000272
            ],
            [
              226181.9170000013,
              573907.28480000235
            ],
            [
              226179.63390000071,
              573898.34240000136
            ],
            [
              226170.53259999957,
              573894.22419999912
            ],
            [
              226159.30989999976,
              573892.82620000094
            ],
            [
              226149.57270000223,
              573886.90430000052
            ],
            [
              226140.89870000072,
              573877.97529999912
            ],
            [
              226138.36610000022,
              573865.79780000262
            ],
            [
              226140.12330000009,
              573854.16480000131
            ],
            [
              226145.83240000252,
              573841.72510000132
            ],
            [
              226151.4045000039,
              573831.55279999971
            ],
            [
              226155.49890000001,
              573824.07820000313
            ],
            [
              226153.52230000123,
              573811.56810000353
            ],
            [
              226148.70530000236,
              573811.20780000277
            ],
            [
              226142.55169999972,
              573804.95959999971
            ],
            [
              226132.62430000026,
              573795.72610000148
            ],
            [
              226121.51120000146,
              573786.44019999914
            ],
            [
              226099.9412000021,
              573775.34100000374
            ],
            [
              226093.89950000029,
              573775.39630000107
            ],
            [
              226081.3077000007,
              573772.79810000211
            ],
            [
              226061.27900000103,
              573769.99020000175
            ],
            [
              226031.1117000021,
              573771.27180000395
            ],
            [
              225996.27230000123,
              573771.55260000192
            ],
            [
              225973.37350000069,
              573781.08500000276
            ],
            [
              225962.41940000281,
              573782.17700000294
            ],
            [
              225956.60640000086,
              573782.49660000205
            ],
            [
              225945.63690000121,
              573774.89140000008
            ],
            [
              225942.02510000113,
              573766.50180000253
            ],
            [
              225942.22460000124,
              573757.64340000041
            ],
            [
              225946.65650000051,
              573748.91660000011
            ],
            [
              225954.3981999997,
              573743.3738000039
            ],
            [
              225967.31699999981,
              573738.53560000099
            ],
            [
              225976.84020000231,
              573729.83970000222
            ],
            [
              225985.69909999985,
              573721.16430000216
            ],
            [
              225990.6614000015,
              573715.3441000022
            ],
            [
              225993.95830000099,
              573706.4074000027
            ],
            [
              225994.71100000385,
              573697.34029999748
            ],
            [
              225991.87459999975,
              573689.95620000176
            ],
            [
              225986.56570000015,
              573686.06490000337
            ],
            [
              225977.05659999978,
              573681.26740000397
            ],
            [
              225958.96729999967,
              573675.96580000222
            ],
            [
              225946.4729000004,
              573671.84020000137
            ],
            [
              225937.53280000016,
              573669.06030000187
            ],
            [
              225927.81870000064,
              573664.5431999974
            ],
            [
              225922.8415000001,
              573657.33640000038
            ],
            [
              225921.81580000278,
              573651.87509999983
            ],
            [
              225922.04050000012,
              573646.36219999939
            ],
            [
              225923.41870000307,
              573641.24860000238
            ],
            [
              225921.85910000186,
              573632.32010000385
            ],
            [
              225919.83940000087,
              573622.95119999908
            ],
            [
              225915.91670000367,
              573619.37140000239
            ],
            [
              225908.65979999863,
              573616.58110000007
            ],
            [
              225895.46740000229,
              573616.12260000408
            ],
            [
              225887.06400000025,
              573617.27539999969
            ],
            [
              225884.17660000082,
              573619.47130000219
            ],
            [
              225855.55690000206,
              573649.93370000087
            ],
            [
              225851.34190000314,
              573653.42770000175
            ],
            [
              225843.03990000114,
              573654.39610000141
            ],
            [
              225836.31250000093,
              573653.41379999928
            ],
            [
              225831.96930000093,
              573649.04110000283
            ],
            [
              225831.90270000044,
              573649.09670000151
            ],
            [
              225829.32880000304,
              573640.39340000227
            ],
            [
              225828.95580000058,
              573631.93410000205
            ],
            [
              225828.69150000252,
              573624.30250000209
            ],
            [
              225828.27420000173,
              573618.66870000213
            ],
            [
              225827.79750000034,
              573612.55620000139
            ],
            [
              225826.46690000407,
              573607.0314000044
            ],
            [
              225823.40370000061,
              573599.52190000378
            ],
            [
              225818.25280000269,
              573595.5979999993
            ],
            [
              225811.0373000009,
              573595.96800000221
            ],
            [
              225804.63010000065,
              573598.22350000404
            ],
            [
              225795.77920000069,
              573606.41139999963
            ],
            [
              225789.19649999961,
              573610.15500000119
            ],
            [
              225781.84530000202,
              573610.20170000009
            ],
            [
              225772.57590000145,
              573606.55269999988
            ],
            [
              225762.09550000262,
              573605.37570000067
            ],
            [
              225750.22400000039,
              573607.98780000024
            ],
            [
              225740.79739999957,
              573609.07710000128
            ],
            [
              225729.22430000175,
              573604.55130000412
            ],
            [
              225719.22940000053,
              573603.50310000218
            ],
            [
              225708.96170000359,
              573605.28099999949
            ],
            [
              225700.87180000171,
              573607.11340000108
            ],
            [
              225692.38480000012,
              573610.5196000021
            ],
            [
              225686.87110000104,
              573616.35970000364
            ],
            [
              225681.4664000012,
              573626.12980000488
            ],
            [
              225679.31520000286,
              573636.28309999965
            ],
            [
              225676.78090000246,
              573651.17669999972
            ],
            [
              225675.79920000024,
              573658.93800000101
            ],
            [
              225670.28870000131,
              573664.71680000052
            ],
            [
              225657.95629999973,
              573661.9691000022
            ],
            [
              225647.06090000086,
              573658.37570000254
            ],
            [
              225633.15570000187,
              573652.9951000046
            ],
            [
              225622.0261000013,
              573648.12849999964
            ],
            [
              225607.93940000236,
              573642.79070000164
            ],
            [
              225599.01370000094,
              573646.19750000164
            ],
            [
              225591.23649999965,
              573647.91059999913
            ],
            [
              225584.89319999982,
              573653.05360000394
            ],
            [
              225578.88500000071,
              573659.34190000221
            ],
            [
              225573.78189999983,
              573668.37780000269
            ],
            [
              225572.23590000067,
              573682.98189999722
            ],
            [
              225571.36500000022,
              573691.20800000057
            ],
            [
              225568.04350000061,
              573697.58150000311
            ],
            [
              225561.67750000115,
              573697.82060000114
            ],
            [
              225552.1671000002,
              573695.75680000335
            ],
            [
              225544.1409,
              573690.49430000409
            ],
            [
              225539.3908000011,
              573684.06039999984
            ],
            [
              225535.74309999961,
              573680.3775000032
            ],
            [
              225527.97210000083,
              573680.25780000165
            ],
            [
              225519.62100000028,
              573684.87749999948
            ],
            [
              225512.95340000186,
              573689.46140000038
            ],
            [
              225505.5867000008,
              573694.39390000142
            ],
            [
              225499.95480000228,
              573699.35859999992
            ],
            [
              225494.09110000078,
              573706.85529999994
            ],
            [
              225486.88430000097,
              573719.70290000178
            ],
            [
              225477.57789999992,
              573726.96810000017
            ],
            [
              225467.65780000202,
              573736.34659999982
            ],
            [
              225453.39920000266,
              573741.253800001
            ],
            [
              225444.96880000085,
              573750.75000000186
            ],
            [
              225432.91810000129,
              573757.78690000065
            ],
            [
              225423.30480000004,
              573758.90860000253
            ],
            [
              225421.46390000172,
              573759.50760000199
            ],
            [
              225420.21449999977,
              573759.9317000024
            ],
            [
              225413.25740000233,
              573762.2268000003
            ],
            [
              225398.17939999979,
              573766.61490000226
            ],
            [
              225385.1969000008,
              573771.69930000044
            ],
            [
              225376.65930000041,
              573775.46870000102
            ],
            [
              225365.21330000367,
              573781.99510000087
            ],
            [
              225349.28060000204,
              573788.36280000024
            ],
            [
              225338.45270000026,
              573791.16020000167
            ],
            [
              225327.35500000138,
              573793.71240000241
            ],
            [
              225316.33560000081,
              573794.38340000249
            ],
            [
              225308.9402999999,
              573788.90300000273
            ],
            [
              225302.98290000111,
              573786.76780000143
            ],
            [
              225292.25949999969,
              573789.30260000192
            ],
            [
              225280.11140000168,
              573785.20920000039
            ],
            [
              225268.73090000078,
              573778.47750000097
            ],
            [
              225260.18259999994,
              573778.53950000182
            ],
            [
              225255.79009999987,
              573783.21170000173
            ],
            [
              225247.36150000338,
              573788.1107000038
            ],
            [
              225235.09750000015,
              573792.05390000157
            ],
            [
              225226.78140000068,
              573792.82499999925
            ],
            [
              225224.26040000003,
              573786.64230000228
            ],
            [
              225222.00119999982,
              573777.54439999908
            ],
            [
              225220.57519999985,
              573772.18389999866
            ],
            [
              225219.27880000137,
              573767.31049999967
            ],
            [
              225214.73940000031,
              573763.21280000173
            ],
            [
              225207.43670000229,
              573762.6473999992
            ],
            [
              225198.25030000228,
              573765.43070000038
            ],
            [
              225190.63660000078,
              573767.70830000378
            ],
            [
              225185.33650000207,
              573768.05310000293
            ],
            [
              225179.81690000091,
              573765.11229999922
            ],
            [
              225178.74750000145,
              573759.88190000132
            ],
            [
              225177.92520000134,
              573753.62879999913
            ],
            [
              225177.33700000029,
              573745.03380000032
            ],
            [
              225176.61680000089,
              573740.09240000136
            ],
            [
              225173.55049999896,
              573733.31469999999
            ],
            [
              225167.46370000206,
              573725.80110000446
            ],
            [
              225162.14590000082,
              573723.09620000236
            ],
            [
              225151.92520000134,
              573718.75410000235
            ],
            [
              225144.15490000136,
              573719.69470000267
            ],
            [
              225140.83440000191,
              573723.20470000058
            ],
            [
              225142.83510000166,
              573725.79160000198
            ],
            [
              225145.80720000155,
              573728.39430000074
            ],
            [
              225150.73599999957,
              573734.04210000113
            ],
            [
              225156.56799999997,
              573740.8311999999
            ],
            [
              225159.07450000104,
              573749.59500000067
            ],
            [
              225158.52260000166,
              573757.81570000201
            ],
            [
              225155.93520000111,
              573768.13380000181
            ],
            [
              225152.42110000085,
              573781.74560000002
            ],
            [
              225151.32390000019,
              573790.84990000166
            ],
            [
              225151.48800000176,
              573801.00279999897
            ],
            [
              225152.30480000097,
              573807.11650000326
            ],
            [
              225157.63190000132,
              573810.44520000182
            ],
            [
              225166.49409999978,
              573810.56130000204
            ],
            [
              225172.27590000071,
              573810.86210000142
            ],
            [
              225180.57510000188,
              573810.08290000446
            ],
            [
              225186.80499999877,
              573813.66400000267
            ],
            [
              225188.2023000028,
              573820.39260000363
            ],
            [
              225189.35880000051,
              573830.81470000744
            ],
            [
              225192.42960000131,
              573844.19270000048
            ],
            [
              225193.89300000388,
              573853.09740000032
            ],
            [
              225191.97070000134,
              573869.15479999967
            ],
            [
              225188.33499999996,
              573879.84909999929
            ],
            [
              225186.07620000094,
              573891.7547999993
            ],
            [
              225191.64309999999,
              573898.42679999955
            ],
            [
              225200.86129999999,
              573902.53859999962
            ],
            [
              225218.50000000186,
              573907.25680000521
            ],
            [
              225229.89880000055,
              573912.94700000249
            ],
            [
              225242.52210000064,
              573925.38400000148
            ],
            [
              225258.67760000098,
              573941.38639999926
            ],
            [
              225267.6471000025,
              573953.74080000259
            ],
            [
              225268.81639999989,
              573969.47890000232
            ],
            [
              225260.18130000401,
              573987.26610000059
            ],
            [
              225247.19290000014,
              574007.43760000169
            ],
            [
              225238.27209999971,
              574022.40770000219
            ],
            [
              225236.33920000214,
              574039.01610000432
            ],
            [
              225235.38290000148,
              574054.54990000091
            ],
            [
              225237.41000000108,
              574064.28790000267
            ],
            [
              225239.62650000397,
              574074.9357000012
            ],
            [
              225234.63659999985,
              574079.35390000232
            ],
            [
              225210.21040000115,
              574091.30489999987
            ],
            [
              225191.18059999961,
              574097.64100000076
            ],
            [
              225163.6277999999,
              574102.25819999911
            ],
            [
              225140.34900000039,
              574101.25310000032
            ],
            [
              225124.90810000245,
              574101.13160000183
            ],
            [
              225111.86029999983,
              574099.41230000369
            ],
            [
              225100.10820000339,
              574091.23279999942
            ],
            [
              225077.18720000237,
              574064.4012000002
            ],
            [
              225051.50860000309,
              574036.31500000134
            ],
            [
              225027.49030000065,
              574013.35489999875
            ],
            [
              225007.43480000086,
              574010.47300000116
            ],
            [
              224983.94649999961,
              574003.8172999993
            ],
            [
              224964.36510000098,
              573994.32329999842
            ]
          ]
        ]
      }
    }
  ]
}