{
  "displayFieldName" : "",
  "fieldAliases" : {
    "FID" : "FID",
    "PMNTN_SPOT" : "PMNTN_SPOT",
    "MNTN_CODE" : "MNTN_CODE",
    "MANAGE_SP1" : "MANAGE_SP1",
    "MANAGE_SP2" : "MANAGE_SP2",
    "DETAIL_SPO" : "DETAIL_SPO",
    "ETC_MATTER" : "ETC_MATTER",
    "MNTN_NM" : "MNTN_NM",
    "PAST_SPOT_" : "PAST_SPOT_",
    "MNTN_ID" : "MNTN_ID"
  },
  "geometryType" : "esriGeometryPoint",
  "spatialReference" : {
    "wkt" : "PROJCS[\"PCS_ITRF2000_TM\",GEOGCS[\"GCS_ITRF_2000\",DATUM[\"D_ITRF_2000\",SPHEROID[\"GRS_1980\",6378137.0,298.257222101]],PRIMEM[\"Greenwich\",0.0],UNIT[\"Degree\",0.0174532925199433]],PROJECTION[\"Transverse_Mercator\"],PARAMETER[\"False_Easting\",200000.0],PARAMETER[\"False_Northing\",600000.0],PARAMETER[\"Central_Meridian\",127.0],PARAMETER[\"Scale_Factor\",1.0],PARAMETER[\"Latitude_Of_Origin\",38.0],UNIT[\"Meter\",1.0]]"
  },
  "fields" : [
    {
      "name" : "FID",
      "type" : "esriFieldTypeOID",
      "alias" : "FID"
    },
    {
      "name" : "PMNTN_SPOT",
      "type" : "esriFieldTypeDouble",
      "alias" : "PMNTN_SPOT"
    },
    {
      "name" : "MNTN_CODE",
      "type" : "esriFieldTypeString",
      "alias" : "MNTN_CODE",
      "length" : 9
    },
    {
      "name" : "MANAGE_SP1",
      "type" : "esriFieldTypeString",
      "alias" : "MANAGE_SP1",
      "length" : 2
    },
    {
      "name" : "MANAGE_SP2",
      "type" : "esriFieldTypeString",
      "alias" : "MANAGE_SP2",
      "length" : 50
    },
    {
      "name" : "DETAIL_SPO",
      "type" : "esriFieldTypeString",
      "alias" : "DETAIL_SPO",
      "length" : 200
    },
    {
      "name" : "ETC_MATTER",
      "type" : "esriFieldTypeString",
      "alias" : "ETC_MATTER",
      "length" : 200
    },
    {
      "name" : "MNTN_NM",
      "type" : "esriFieldTypeString",
      "alias" : "MNTN_NM",
      "length" : 50
    },
    {
      "name" : "PAST_SPOT_",
      "type" : "esriFieldTypeString",
      "alias" : "PAST_SPOT_",
      "length" : 14
    },
    {
      "name" : "MNTN_ID",
      "type" : "esriFieldTypeString",
      "alias" : "MNTN_ID",
      "length" : 10
    }
  ],
  "features" : [
    {
      "attributes" : {
        "FID" : 0,
        "PMNTN_SPOT" : 84255,
        "MNTN_CODE" : "437302101",
        "MANAGE_SP1" : "99",
        "MANAGE_SP2" : "기타",
        "DETAIL_SPO" : "금강2교",
        "ETC_MATTER" : " ",
        "MNTN_NM" : "철봉산",
        "PAST_SPOT_" : "4373021010001",
        "MNTN_ID" : "437302101"
      },
      "geometry" : {
        "x" : 258144.88250000123,
        "y" : 410350.94150000252
      }
    },
    {
      "attributes" : {
        "FID" : 1,
        "PMNTN_SPOT" : 84256,
        "MNTN_CODE" : "437302101",
        "MANAGE_SP1" : "99",
        "MANAGE_SP2" : "기타",
        "DETAIL_SPO" : "금강3교터널위 상봉",
        "ETC_MATTER" : " ",
        "MNTN_NM" : "철봉산",
        "PAST_SPOT_" : "4373021010002",
        "MNTN_ID" : "437302101"
      },
      "geometry" : {
        "x" : 258670.34460000042,
        "y" : 409397.56159999967
      }
    },
    {
      "attributes" : {
        "FID" : 2,
        "PMNTN_SPOT" : 84257,
        "MNTN_CODE" : "437302101",
        "MANAGE_SP1" : "99",
        "MANAGE_SP2" : "기타",
        "DETAIL_SPO" : "금강3교.민가옆",
        "ETC_MATTER" : " ",
        "MNTN_NM" : "철봉산",
        "PAST_SPOT_" : "4373021010003",
        "MNTN_ID" : "437302101"
      },
      "geometry" : {
        "x" : 258944.48720000125,
        "y" : 409560.54570000246
      }
    },
    {
      "attributes" : {
        "FID" : 3,
        "PMNTN_SPOT" : 84258,
        "MNTN_CODE" : "437302101",
        "MANAGE_SP1" : "01",
        "MANAGE_SP2" : "시종점",
        "DETAIL_SPO" : "시종점",
        "ETC_MATTER" : " ",
        "MNTN_NM" : "철봉산",
        "PAST_SPOT_" : "4373021010004",
        "MNTN_ID" : "437302101"
      },
      "geometry" : {
        "x" : 258144.88839999959,
        "y" : 410360.17989999801
      }
    },
    {
      "attributes" : {
        "FID" : 4,
        "PMNTN_SPOT" : 84259,
        "MNTN_CODE" : "437302101",
        "MANAGE_SP1" : "01",
        "MANAGE_SP2" : "시종점",
        "DETAIL_SPO" : "시종점",
        "ETC_MATTER" : " ",
        "MNTN_NM" : "철봉산",
        "PAST_SPOT_" : "4373021010005",
        "MNTN_ID" : "437302101"
      },
      "geometry" : {
        "x" : 258384.01360000111,
        "y" : 408560.34850000218
      }
    },
    {
      "attributes" : {
        "FID" : 5,
        "PMNTN_SPOT" : 84260,
        "MNTN_CODE" : "437302101",
        "MANAGE_SP1" : "01",
        "MANAGE_SP2" : "시종점",
        "DETAIL_SPO" : "시종점",
        "ETC_MATTER" : " ",
        "MNTN_NM" : "철봉산",
        "PAST_SPOT_" : "4373021010006",
        "MNTN_ID" : "437302101"
      },
      "geometry" : {
        "x" : 258595.82849999983,
        "y" : 408969.20350000262
      }
    },
    {
      "attributes" : {
        "FID" : 6,
        "PMNTN_SPOT" : 84261,
        "MNTN_CODE" : "437302101",
        "MANAGE_SP1" : "02",
        "MANAGE_SP2" : "분기점",
        "DETAIL_SPO" : "분기점",
        "ETC_MATTER" : " ",
        "MNTN_NM" : "철봉산",
        "PAST_SPOT_" : "4373021010007",
        "MNTN_ID" : "437302101"
      },
      "geometry" : {
        "x" : 258816.76180000044,
        "y" : 409297.53360000439
      }
    },
    {
      "attributes" : {
        "FID" : 7,
        "PMNTN_SPOT" : 84262,
        "MNTN_CODE" : "437302101",
        "MANAGE_SP1" : "01",
        "MANAGE_SP2" : "시종점",
        "DETAIL_SPO" : "시종점",
        "ETC_MATTER" : " ",
        "MNTN_NM" : "철봉산",
        "PAST_SPOT_" : "4373021010008",
        "MNTN_ID" : "437302101"
      },
      "geometry" : {
        "x" : 258947.41930000205,
        "y" : 409564.42970000021
      }
    },
    {
      "attributes" : {
        "FID" : 8,
        "PMNTN_SPOT" : 84263,
        "MNTN_CODE" : "437302101",
        "MANAGE_SP1" : "02",
        "MANAGE_SP2" : "분기점",
        "DETAIL_SPO" : "분기점",
        "ETC_MATTER" : " ",
        "MNTN_NM" : "철봉산",
        "PAST_SPOT_" : "4373021010009",
        "MNTN_ID" : "437302101"
      },
      "geometry" : {
        "x" : 259336.81180000026,
        "y" : 408587.46600000001
      }
    },
    {
      "attributes" : {
        "FID" : 9,
        "PMNTN_SPOT" : 84264,
        "MNTN_CODE" : "437302101",
        "MANAGE_SP1" : "01",
        "MANAGE_SP2" : "시종점",
        "DETAIL_SPO" : "시종점",
        "ETC_MATTER" : " ",
        "MNTN_NM" : "철봉산",
        "PAST_SPOT_" : "4373021010010",
        "MNTN_ID" : "437302101"
      },
      "geometry" : {
        "x" : 260569.10120000038,
        "y" : 408818.16660000011
      }
    }
  ]
}