{
  "displayFieldName" : "",
  "fieldAliases" : {
    "FID" : "FID",
    "PMNTN_SN" : "PMNTN_SN",
    "MNTN_CODE" : "MNTN_CODE",
    "MNTN_NM" : "MNTN_NM",
    "PMNTN_NM" : "PMNTN_NM",
    "PMNTN_MAIN" : "PMNTN_MAIN",
    "PMNTN_LT" : "PMNTN_LT",
    "PMNTN_DFFL" : "PMNTN_DFFL",
    "PMNTN_UPPL" : "PMNTN_UPPL",
    "PMNTN_GODN" : "PMNTN_GODN",
    "PMNTN_MTRQ" : "PMNTN_MTRQ",
    "PMNTN_CNRL" : "PMNTN_CNRL",
    "PMNTN_CLS_" : "PMNTN_CLS_",
    "PMNTN_RISK" : "PMNTN_RISK",
    "PMNTN_RECO" : "PMNTN_RECO",
    "DATA_STDR_" : "DATA_STDR_",
    "MNTN_ID" : "MNTN_ID"
  },
  "geometryType" : "esriGeometryPolyline",
  "spatialReference" : {
    "wkt" : "PROJCS[\"PCS_ITRF2000_TM\",GEOGCS[\"GCS_ITRF_2000\",DATUM[\"D_ITRF_2000\",SPHEROID[\"GRS_1980\",6378137.0,298.257222101]],PRIMEM[\"Greenwich\",0.0],UNIT[\"Degree\",0.0174532925199433]],PROJECTION[\"Transverse_Mercator\"],PARAMETER[\"False_Easting\",200000.0],PARAMETER[\"False_Northing\",600000.0],PARAMETER[\"Central_Meridian\",127.0],PARAMETER[\"Scale_Factor\",1.0],PARAMETER[\"Latitude_Of_Origin\",38.0],UNIT[\"Meter\",1.0]]"
  },
  "fields" : [
    {
      "name" : "FID",
      "type" : "esriFieldTypeOID",
      "alias" : "FID"
    },
    {
      "name" : "PMNTN_SN",
      "type" : "esriFieldTypeDouble",
      "alias" : "PMNTN_SN"
    },
    {
      "name" : "MNTN_CODE",
      "type" : "esriFieldTypeString",
      "alias" : "MNTN_CODE",
      "length" : 9
    },
    {
      "name" : "MNTN_NM",
      "type" : "esriFieldTypeString",
      "alias" : "MNTN_NM",
      "length" : 50
    },
    {
      "name" : "PMNTN_NM",
      "type" : "esriFieldTypeString",
      "alias" : "PMNTN_NM",
      "length" : 50
    },
    {
      "name" : "PMNTN_MAIN",
      "type" : "esriFieldTypeString",
      "alias" : "PMNTN_MAIN",
      "length" : 200
    },
    {
      "name" : "PMNTN_LT",
      "type" : "esriFieldTypeSingle",
      "alias" : "PMNTN_LT"
    },
    {
      "name" : "PMNTN_DFFL",
      "type" : "esriFieldTypeString",
      "alias" : "PMNTN_DFFL",
      "length" : 8
    },
    {
      "name" : "PMNTN_UPPL",
      "type" : "esriFieldTypeDouble",
      "alias" : "PMNTN_UPPL"
    },
    {
      "name" : "PMNTN_GODN",
      "type" : "esriFieldTypeDouble",
      "alias" : "PMNTN_GODN"
    },
    {
      "name" : "PMNTN_MTRQ",
      "type" : "esriFieldTypeString",
      "alias" : "PMNTN_MTRQ",
      "length" : 200
    },
    {
      "name" : "PMNTN_CNRL",
      "type" : "esriFieldTypeString",
      "alias" : "PMNTN_CNRL",
      "length" : 1
    },
    {
      "name" : "PMNTN_CLS_",
      "type" : "esriFieldTypeString",
      "alias" : "PMNTN_CLS_",
      "length" : 1
    },
    {
      "name" : "PMNTN_RISK",
      "type" : "esriFieldTypeString",
      "alias" : "PMNTN_RISK",
      "length" : 200
    },
    {
      "name" : "PMNTN_RECO",
      "type" : "esriFieldTypeString",
      "alias" : "PMNTN_RECO",
      "length" : 1
    },
    {
      "name" : "DATA_STDR_",
      "type" : "esriFieldTypeString",
      "alias" : "DATA_STDR_",
      "length" : 10
    },
    {
      "name" : "MNTN_ID",
      "type" : "esriFieldTypeString",
      "alias" : "MNTN_ID",
      "length" : 10
    }
  ],
  "features" : [
    {
      "attributes" : {
        "FID" : 0,
        "PMNTN_SN" : 31826,
        "MNTN_CODE" : "491106004",
        "MNTN_NM" : "설오름",
        "PMNTN_NM" : "가시리구간",
        "PMNTN_MAIN" : " ",
        "PMNTN_LT" : 1.96,
        "PMNTN_DFFL" : "쉬움",
        "PMNTN_UPPL" : 35,
        "PMNTN_GODN" : 24,
        "PMNTN_MTRQ" : " ",
        "PMNTN_CNRL" : " ",
        "PMNTN_CLS_" : " ",
        "PMNTN_RISK" : " ",
        "PMNTN_RECO" : " ",
        "DATA_STDR_" : "2016-12-31",
        "MNTN_ID" : "491106004"
      },
      "geometry" : {
        "paths" : [
          [
            [
              178615.84329999983,
              86155.275300001726
            ],
            [
              178603.93769999966,
              86141.501300001517
            ],
            [
              178591.46150000114,
              86129.343100000173
            ],
            [
              178583.22610000055,
              86121.457200001925
            ],
            [
              178571.74140000064,
              86115.880300004035
            ],
            [
              178561.61890000105,
              86113.440300000831
            ],
            [
              178555.14149999991,
              86107.940099999309
            ],
            [
              178550.3554000007,
              86107.105699999258
            ],
            [
              178543.96619999968,
              86110.311700001359
            ],
            [
              178537.82460000087,
              86115.527399998158
            ],
            [
              178527.42109999992,
              86131.846000002697
            ],
            [
              178517.62710000295,
              86149.965299999341
            ],
            [
              178509.73629999999,
              86163.419600000605
            ],
            [
              178501.80539999995,
              86176.63069999963
            ],
            [
              178498.15060000122,
              86187.210600001737
            ],
            [
              178500.85920000076,
              86194.029100000858
            ],
            [
              178508.90830000397,
              86196.97100000456
            ],
            [
              178518.63919999916,
              86202.040900001302
            ],
            [
              178529.4525000006,
              86208.83920000121
            ],
            [
              178540.02589999977,
              86216.89780000411
            ],
            [
              178549.8106000023,
              86226.340700000525
            ],
            [
              178555.21030000225,
              86235.398000001907
            ],
            [
              178553.7575000003,
              86241.839499998838
            ],
            [
              178547.19780000113,
              86245.906300000846
            ],
            [
              178539.71680000052,
              86253.48359999992
            ],
            [
              178535.26279999968,
              86262.430199999362
            ],
            [
              178535.90260000341,
              86276.791000002995
            ],
            [
              178532.99140000064,
              86287.179800001904
            ],
            [
              178532.79240000062,
              86294.37849999778
            ],
            [
              178535.5428000018,
              86300.372600002214
            ],
            [
              178539.45960000157,
              86316.5680999998
            ],
            [
              178540.34500000067,
              86321.324300002307
            ],
            [
              178539.57220000215,
              86325.341000001878
            ],
            [
              178538.49199999962,
              86329.21430000104
            ],
            [
              178536.36410000268,
              86335.614800000563
            ],
            [
              178533.64989999961,
              86340.460400000215
            ],
            [
              178529.68640000094,
              86345.038800003007
            ],
            [
              178531.05260000098,
              86351.852399999276
            ],
            [
              178537.18970000092,
              86355.329600000754
            ],
            [
              178543.17240000144,
              86358.841899998486
            ],
            [
              178547.36280000303,
              86364.986600002274
            ],
            [
              178554.35080000013,
              86371.82820000127
            ],
            [
              178560.47630000114,
              86377.682800002396
            ],
            [
              178564.80160000362,
              86384.555500000715
            ],
            [
              178562.30380000267,
              86395.100600002334
            ],
            [
              178560.71230000071,
              86403.787799997255
            ],
            [
              178560.15830000024,
              86412.639400001615
            ],
            [
              178560.26520000026,
              86421.891900001094
            ],
            [
              178557.29609999992,
              86427.782099999487
            ],
            [
              178552.08420000132,
              86432.665300000459
            ],
            [
              178546.21140000224,
              86437.23359999992
            ],
            [
              178540.47960000392,
              86440.446300001815
            ],
            [
              178534.09270000365,
              86443.086400004104
            ],
            [
              178527.86610000022,
              86447.000800006092
            ],
            [
              178520.7109000003,
              86451.871900001541
            ],
            [
              178514.27390000224,
              86455.45480000414
            ],
            [
              178507.02120000124,
              86460.09490000084
            ],
            [
              178498.10730000213,
              86465.248900001869
            ],
            [
              178489.93690000009,
              86469.269300000742
            ],
            [
              178480.45470000058,
              86472.903800001368
            ],
            [
              178470.53200000152,
              86475.094399999827
            ],
            [
              178462.60370000172,
              86479.115000002086
            ],
            [
              178453.12130000256,
              86485.036600001156
            ],
            [
              178445.39480000082,
              86488.595000000671
            ],
            [
              178438.29740000051,
              86489.591900000349
            ],
            [
              178424.63920000196,
              86491.159800000489
            ],
            [
              178409.88640000299,
              86493.452800000086
            ],
            [
              178395.20280000381,
              86493.673399999738
            ],
            [
              178384.4793000035,
              86493.848600000143
            ],
            [
              178372.46920000017,
              86493.181200001389
            ],
            [
              178359.70509999897,
              86490.113400001079
            ],
            [
              178347.63829999976,
              86487.198600001633
            ],
            [
              178338.14330000058,
              86484.676100000739
            ],
            [
              178327.66820000112,
              86483.802200002596
            ],
            [
              178319.97390000336,
              86480.242400001734
            ],
            [
              178309.85549999867,
              86482.141400001943
            ],
            [
              178302.96420000214,
              86482.343900000677
            ],
            [
              178295.24080000073,
              86476.691700004041
            ],
            [
              178286.24600000307,
              86474.498700002208
            ],
            [
              178276.94280000404,
              86470.623500000685
            ],
            [
              178269.537200002,
              86467.35899999924
            ],
            [
              178259.7610000018,
              86464.129700001329
            ],
            [
              178253.91669999994,
              86464.423800000921
            ],
            [
              178245.79959999956,
              86466.247400000691
            ],
            [
              178239.10529999994,
              86467.43219999969
            ],
            [
              178231.91079999972,
              86467.176700003445
            ],
            [
              178223.60010000132,
              86464.83960000053
            ],
            [
              178215.67480000388,
              86463.038900000975
            ],
            [
              178210.81369999982,
              86464.675000000745
            ],
            [
              178202.17270000186,
              86467.702299999073
            ],
            [
              178197.83040000126,
              86468.009100001305
            ],
            [
              178189.70220000111,
              86467.57340000011
            ],
            [
              178184.63650000188,
              86471.132200004533
            ],
            [
              178178.95710000116,
              86476.19250000082
            ],
            [
              178176.22100000083,
              86481.342800002545
            ],
            [
              178178.26470000017,
              86486.266100002453
            ],
            [
              178186.32689999975,
              86490.285400001332
            ],
            [
              178195.03310000151,
              86494.028600001708
            ],
            [
              178202.19180000108,
              86496.899300001562
            ],
            [
              178211.45079999976,
              86501.263000002131
            ],
            [
              178217.14329999872,
              86506.284700000659
            ],
            [
              178222.73720000125,
              86510.661399997771
            ],
            [
              178226.93990000058,
              86513.136299999431
            ],
            [
              178232.69769999944,
              86516.106800001115
            ],
            [
              178236.50609999988,
              86521.222400000319
            ],
            [
              178239.39549999963,
              86527.349299998954
            ],
            [
              178242.81650000345,
              86534.018500003964
            ],
            [
              178245.95849999972,
              86539.461500002071
            ],
            [
              178247.29200000316,
              86546.767500000075
            ],
            [
              178253.03490000404,
              86550.630800001323
            ],
            [
              178261.1053000018,
              86552.734500000253
            ],
            [
              178271.24239999894,
              86556.379000000656
            ],
            [
              178281.56450000033,
              86559.131600001827
            ],
            [
              178294.95340000093,
              86564.94790000096
            ],
            [
              178311.52290000021,
              86569.091600002721
            ],
            [
              178325.43570000306,
              86571.481799999252
            ],
            [
              178336.96280000079,
              86574.465500000864
            ],
            [
              178350.3301000027,
              86580.124100001529
            ],
            [
              178360.72460000031,
              86582.800400000066
            ],
            [
              178372.1612999998,
              86586.503100002185
            ],
            [
              178380.15670000203,
              86590.455700002611
            ],
            [
              178392.22520000301,
              86595.033399999142
            ],
            [
              178403.2715999987,
              86599.576500002295
            ],
            [
              178415.55330000352,
              86601.187000002712
            ],
            [
              178426.62900000066,
              86602.882099999115
            ],
            [
              178440.30190000124,
              86603.254599999636
            ],
            [
              178451.49459999986,
              86605.78710000217
            ],
            [
              178462.93690000009,
              86607.925700003281
            ],
            [
              178471.94590000343,
              86610.421999998391
            ],
            [
              178478.3290000027,
              86613.083699999377
            ],
            [
              178487.12590000033,
              86614.328500002623
            ],
            [
              178494.19290000014,
              86616.042899997905
            ],
            [
              178500.76480000373,
              86616.904500002041
            ],
            [
              178508.95710000023,
              86618.294800003991
            ],
            [
              178522.76450000051,
              86618.668800007552
            ],
            [
              178533.94919999875,
              86620.221899999306
            ],
            [
              178544.72410000116,
              86621.830000001937
            ],
            [
              178561.98369999975,
              86621.533600002527
            ],
            [
              178578.21220000088,
              86620.455299999565
            ],
            [
              178593.70840000361,
              86619.381499998271
            ],
            [
              178608.85550000053,
              86618.595399999991
            ],
            [
              178617.73910000082,
              86616.477700000629
            ],
            [
              178627.57719999924,
              86615.85500000231
            ],
            [
              178635.28410000354,
              86611.952000001445
            ],
            [
              178643.86860000063,
              86607.410900002345
            ],
            [
              178652.79580000415,
              86606.450500007719
            ],
            [
              178660.81000000052,
              86604.945100001991
            ],
            [
              178668.95280000009,
              86603.543700002134
            ],
            [
              178675.17879999988,
              86599.15330000408
            ],
            [
              178679.36830000114,
              86594.726200001314
            ],
            [
              178690.52280000225,
              86588.033800002187
            ],
            [
              178700.63030000124,
              86578.347100000829
            ],
            [
              178709.02780000307,
              86567.324899999425
            ],
            [
              178715.56260000169,
              86557.978900004178
            ],
            [
              178722.36310000345,
              86546.201600003988
            ],
            [
              178727.41019999888,
              86536.583300000057
            ],
            [
              178732.48660000134,
              86525.553099999204
            ],
            [
              178735.84810000006,
              86517.472000000998
            ],
            [
              178739.33240000065,
              86506.232400001958
            ],
            [
              178741.47280000057,
              86495.55680000037
            ],
            [
              178744.00930000097,
              86489.226099999622
            ],
            [
              178748.83170000091,
              86481.662299998105
            ],
            [
              178753.15610000119,
              86472.884800003842
            ],
            [
              178755.62229999993,
              86462.066500000656
            ],
            [
              178757.73749999981,
              86451.115000002086
            ],
            [
              178758.99690000061,
              86439.472100000829
            ],
            [
              178760.3254000023,
              86429.142599999905
            ],
            [
              178759.91949999984,
              86417.627200003713
            ],
            [
              178760.48530000355,
              86406.066199999303
            ],
            [
              178759.07500000205,
              86395.492800001055
            ],
            [
              178757.79270000104,
              86380.665300000459
            ],
            [
              178755.95000000019,
              86364.928300000727
            ],
            [
              178752.94450000115,
              86348.407000003383
            ],
            [
              178749.8358000014,
              86334.594499997795
            ],
            [
              178746.61830000114,
              86317.741499999538
            ],
            [
              178743.15919999965,
              86303.726900001988
            ],
            [
              178738.72090000194,
              86287.124099999666
            ],
            [
              178731.25580000132,
              86274.995600001886
            ],
            [
              178723.27680000011,
              86264.928799999878
            ],
            [
              178715.87930000015,
              86257.275100003928
            ],
            [
              178707.64169999957,
              86253.217700004578
            ],
            [
              178700.20600000396,
              86250.375
            ],
            [
              178693.39440000057,
              86246.463099999353
            ],
            [
              178685.93260000274,
              86237.394000001252
            ],
            [
              178678.3777999999,
              86228.233400000259
            ],
            [
              178670.72360000014,
              86224.175200002268
            ],
            [
              178666.77000000048,
              86220.668099999428
            ],
            [
              178662.19830000121,
              86215.409900002182
            ],
            [
              178657.91350000072,
              86209.463400002569
            ],
            [
              178653.50210000016,
              86200.966199999675
            ],
            [
              178650.23250000179,
              86195.383500004187
            ],
            [
              178644.81380000338,
              86188.22990000248
            ],
            [
              178637.27309999987,
              86177.66210000217
            ],
            [
              178628.29300000146,
              86166.871600003913
            ],
            [
              178615.84329999983,
              86155.275300001726
            ]
          ]
        ]
      }
    },
    {
      "attributes" : {
        "FID" : 1,
        "PMNTN_SN" : 31827,
        "MNTN_CODE" : "491106004",
        "MNTN_NM" : "설오름",
        "PMNTN_NM" : "가시리구간",
        "PMNTN_MAIN" : " ",
        "PMNTN_LT" : 0.16,
        "PMNTN_DFFL" : "쉬움",
        "PMNTN_UPPL" : 3,
        "PMNTN_GODN" : 2,
        "PMNTN_MTRQ" : " ",
        "PMNTN_CNRL" : " ",
        "PMNTN_CLS_" : " ",
        "PMNTN_RISK" : " ",
        "PMNTN_RECO" : " ",
        "DATA_STDR_" : "2016-12-31",
        "MNTN_ID" : "491106004"
      },
      "geometry" : {
        "paths" : [
          [
            [
              178615.84329999983,
              86155.275300001726
            ],
            [
              178617.03950000275,
              86147.619600001723
            ],
            [
              178620.74349999893,
              86140.421700000763
            ],
            [
              178616.58829999994,
              86132.024200003594
            ],
            [
              178605.94469999988,
              86120.957399999723
            ],
            [
              178590.58080000058,
              86107.676000000909
            ],
            [
              178580.33840000071,
              86097.888900002465
            ],
            [
              178581.16690000053,
              86089.630000002682
            ],
            [
              178579.053100002,
              86083.624400002882
            ],
            [
              178578.64060000051,
              86075.595899999142
            ],
            [
              178579.71600000095,
              86066.971200002357
            ],
            [
              178585.3275000006,
              86061.30729999952
            ],
            [
              178601.52489999961,
              86066.092800000682
            ],
            [
              178607.96060000174,
              86040.89449999854
            ]
          ]
        ]
      }
    }
  ]
}