{
  "displayFieldName" : "",
  "fieldAliases" : {
    "FID" : "FID",
    "PMNTN_SPOT" : "PMNTN_SPOT",
    "MNTN_CODE" : "MNTN_CODE",
    "MANAGE_SP1" : "MANAGE_SP1",
    "MANAGE_SP2" : "MANAGE_SP2",
    "DETAIL_SPO" : "DETAIL_SPO",
    "ETC_MATTER" : "ETC_MATTER",
    "MNTN_NM" : "MNTN_NM",
    "PAST_SPOT_" : "PAST_SPOT_",
    "MNTN_ID" : "MNTN_ID"
  },
  "geometryType" : "esriGeometryPoint",
  "spatialReference" : {
    "wkt" : "PROJCS[\"PCS_ITRF2000_TM\",GEOGCS[\"GCS_ITRF_2000\",DATUM[\"D_ITRF_2000\",SPHEROID[\"GRS_1980\",6378137.0,298.257222101]],PRIMEM[\"Greenwich\",0.0],UNIT[\"Degree\",0.0174532925199433]],PROJECTION[\"Transverse_Mercator\"],PARAMETER[\"False_Easting\",200000.0],PARAMETER[\"False_Northing\",600000.0],PARAMETER[\"Central_Meridian\",127.0],PARAMETER[\"Scale_Factor\",1.0],PARAMETER[\"Latitude_Of_Origin\",38.0],UNIT[\"Meter\",1.0]]"
  },
  "fields" : [
    {
      "name" : "FID",
      "type" : "esriFieldTypeOID",
      "alias" : "FID"
    },
    {
      "name" : "PMNTN_SPOT",
      "type" : "esriFieldTypeDouble",
      "alias" : "PMNTN_SPOT"
    },
    {
      "name" : "MNTN_CODE",
      "type" : "esriFieldTypeString",
      "alias" : "MNTN_CODE",
      "length" : 9
    },
    {
      "name" : "MANAGE_SP1",
      "type" : "esriFieldTypeString",
      "alias" : "MANAGE_SP1",
      "length" : 2
    },
    {
      "name" : "MANAGE_SP2",
      "type" : "esriFieldTypeString",
      "alias" : "MANAGE_SP2",
      "length" : 50
    },
    {
      "name" : "DETAIL_SPO",
      "type" : "esriFieldTypeString",
      "alias" : "DETAIL_SPO",
      "length" : 200
    },
    {
      "name" : "ETC_MATTER",
      "type" : "esriFieldTypeString",
      "alias" : "ETC_MATTER",
      "length" : 200
    },
    {
      "name" : "MNTN_NM",
      "type" : "esriFieldTypeString",
      "alias" : "MNTN_NM",
      "length" : 50
    },
    {
      "name" : "PAST_SPOT_",
      "type" : "esriFieldTypeString",
      "alias" : "PAST_SPOT_",
      "length" : 14
    },
    {
      "name" : "MNTN_ID",
      "type" : "esriFieldTypeString",
      "alias" : "MNTN_ID",
      "length" : 10
    }
  ],
  "features" : [
    {
      "attributes" : {
        "FID" : 0,
        "PMNTN_SPOT" : 74918,
        "MNTN_CODE" : "437450301",
        "MANAGE_SP1" : "11",
        "MANAGE_SP2" : "안내판또는지도",
        "DETAIL_SPO" : "안내판,운동기구,의자",
        "ETC_MATTER" : " ",
        "MNTN_NM" : "이성산",
        "PAST_SPOT_" : "23080103000001",
        "MNTN_ID" : "2308010300"
      },
      "geometry" : {
        "x" : 254116.64760000259,
        "y" : 468487.69230000116
      }
    },
    {
      "attributes" : {
        "FID" : 1,
        "PMNTN_SPOT" : 74919,
        "MNTN_CODE" : "437450301",
        "MANAGE_SP1" : "05",
        "MANAGE_SP2" : "벤치",
        "DETAIL_SPO" : "의자",
        "ETC_MATTER" : " ",
        "MNTN_NM" : "이성산",
        "PAST_SPOT_" : "23080103000002",
        "MNTN_ID" : "2308010300"
      },
      "geometry" : {
        "x" : 254266.96340000071,
        "y" : 468256.65479999967
      }
    },
    {
      "attributes" : {
        "FID" : 2,
        "PMNTN_SPOT" : 74920,
        "MNTN_CODE" : "437450301",
        "MANAGE_SP1" : "05",
        "MANAGE_SP2" : "벤치",
        "DETAIL_SPO" : "의자",
        "ETC_MATTER" : " ",
        "MNTN_NM" : "이성산",
        "PAST_SPOT_" : "23080103000003",
        "MNTN_ID" : "2308010300"
      },
      "geometry" : {
        "x" : 254578.33179999981,
        "y" : 468354.79470000416
      }
    },
    {
      "attributes" : {
        "FID" : 3,
        "PMNTN_SPOT" : 74921,
        "MNTN_CODE" : "437450301",
        "MANAGE_SP1" : "05",
        "MANAGE_SP2" : "벤치",
        "DETAIL_SPO" : "의자,운동기구",
        "ETC_MATTER" : " ",
        "MNTN_NM" : "이성산",
        "PAST_SPOT_" : "23080103000004",
        "MNTN_ID" : "2308010300"
      },
      "geometry" : {
        "x" : 254127.27600000054,
        "y" : 468201.95740000345
      }
    },
    {
      "attributes" : {
        "FID" : 4,
        "PMNTN_SPOT" : 74922,
        "MNTN_CODE" : "437450301",
        "MANAGE_SP1" : "99",
        "MANAGE_SP2" : "기타",
        "DETAIL_SPO" : "굴다리",
        "ETC_MATTER" : " ",
        "MNTN_NM" : "이성산",
        "PAST_SPOT_" : "23080103000005",
        "MNTN_ID" : "2308010300"
      },
      "geometry" : {
        "x" : 254055.125,
        "y" : 468038.47999999858
      }
    },
    {
      "attributes" : {
        "FID" : 5,
        "PMNTN_SPOT" : 74923,
        "MNTN_CODE" : "437450301",
        "MANAGE_SP1" : "10",
        "MANAGE_SP2" : "이정표",
        "DETAIL_SPO" : "이정표,의자,운동기구",
        "ETC_MATTER" : " ",
        "MNTN_NM" : "이성산",
        "PAST_SPOT_" : "23080103000006",
        "MNTN_ID" : "2308010300"
      },
      "geometry" : {
        "x" : 253746.3077999996,
        "y" : 467703.77879999951
      }
    },
    {
      "attributes" : {
        "FID" : 6,
        "PMNTN_SPOT" : 74924,
        "MNTN_CODE" : "437450301",
        "MANAGE_SP1" : "10",
        "MANAGE_SP2" : "이정표",
        "DETAIL_SPO" : "이정표",
        "ETC_MATTER" : " ",
        "MNTN_NM" : "이성산",
        "PAST_SPOT_" : "23080103000007",
        "MNTN_ID" : "2308010300"
      },
      "geometry" : {
        "x" : 253228.03880000021,
        "y" : 468189.26490000263
      }
    },
    {
      "attributes" : {
        "FID" : 7,
        "PMNTN_SPOT" : 74925,
        "MNTN_CODE" : "437450301",
        "MANAGE_SP1" : "01",
        "MANAGE_SP2" : "시종점",
        "DETAIL_SPO" : "시종점,성요셉공원",
        "ETC_MATTER" : " ",
        "MNTN_NM" : "이성산",
        "PAST_SPOT_" : "23080103000008",
        "MNTN_ID" : "2308010300"
      },
      "geometry" : {
        "x" : 252449.57890000008,
        "y" : 468647.76449999958
      }
    },
    {
      "attributes" : {
        "FID" : 8,
        "PMNTN_SPOT" : 74926,
        "MNTN_CODE" : "437450301",
        "MANAGE_SP1" : "01",
        "MANAGE_SP2" : "시종점",
        "DETAIL_SPO" : "시종점,끝점",
        "ETC_MATTER" : " ",
        "MNTN_NM" : "이성산",
        "PAST_SPOT_" : "23080103000009",
        "MNTN_ID" : "2308010300"
      },
      "geometry" : {
        "x" : 253320.78140000161,
        "y" : 466941.03610000201
      }
    },
    {
      "attributes" : {
        "FID" : 9,
        "PMNTN_SPOT" : 74927,
        "MNTN_CODE" : "437450301",
        "MANAGE_SP1" : "11",
        "MANAGE_SP2" : "안내판또는지도",
        "DETAIL_SPO" : "안내판,분기,의자,운동기구",
        "ETC_MATTER" : " ",
        "MNTN_NM" : "이성산",
        "PAST_SPOT_" : "23080103000010",
        "MNTN_ID" : "2308010300"
      },
      "geometry" : {
        "x" : 253483.69369999971,
        "y" : 467739.26950000226
      }
    },
    {
      "attributes" : {
        "FID" : 10,
        "PMNTN_SPOT" : 74928,
        "MNTN_CODE" : "437450301",
        "MANAGE_SP1" : "02",
        "MANAGE_SP2" : "분기점",
        "DETAIL_SPO" : "분기점",
        "ETC_MATTER" : " ",
        "MNTN_NM" : "이성산",
        "PAST_SPOT_" : "23080103000011",
        "MNTN_ID" : "2308010300"
      },
      "geometry" : {
        "x" : 253514.60859999992,
        "y" : 467673.75090000033
      }
    },
    {
      "attributes" : {
        "FID" : 11,
        "PMNTN_SPOT" : 74929,
        "MNTN_CODE" : "437450301",
        "MANAGE_SP1" : "99",
        "MANAGE_SP2" : "기타",
        "DETAIL_SPO" : "목계단,분기",
        "ETC_MATTER" : " ",
        "MNTN_NM" : "이성산",
        "PAST_SPOT_" : "23080103000012",
        "MNTN_ID" : "2308010300"
      },
      "geometry" : {
        "x" : 253587.44840000011,
        "y" : 467731.74410000257
      }
    },
    {
      "attributes" : {
        "FID" : 12,
        "PMNTN_SPOT" : 74930,
        "MNTN_CODE" : "437450301",
        "MANAGE_SP1" : "10",
        "MANAGE_SP2" : "이정표",
        "DETAIL_SPO" : "이정표,분기",
        "ETC_MATTER" : " ",
        "MNTN_NM" : "이성산",
        "PAST_SPOT_" : "23080103000013",
        "MNTN_ID" : "2308010300"
      },
      "geometry" : {
        "x" : 253939.95620000176,
        "y" : 467737.43920000456
      }
    },
    {
      "attributes" : {
        "FID" : 13,
        "PMNTN_SPOT" : 74931,
        "MNTN_CODE" : "437450301",
        "MANAGE_SP1" : "10",
        "MANAGE_SP2" : "이정표",
        "DETAIL_SPO" : "이정표,분기",
        "ETC_MATTER" : " ",
        "MNTN_NM" : "이성산",
        "PAST_SPOT_" : "23080103000014",
        "MNTN_ID" : "2308010300"
      },
      "geometry" : {
        "x" : 254156.84860000014,
        "y" : 468233.44499999844
      }
    },
    {
      "attributes" : {
        "FID" : 14,
        "PMNTN_SPOT" : 74932,
        "MNTN_CODE" : "437450301",
        "MANAGE_SP1" : "01",
        "MANAGE_SP2" : "시종점",
        "DETAIL_SPO" : "시종점,목계단",
        "ETC_MATTER" : " ",
        "MNTN_NM" : "이성산",
        "PAST_SPOT_" : "23080103000015",
        "MNTN_ID" : "2308010300"
      },
      "geometry" : {
        "x" : 254169.18810000084,
        "y" : 468660.61290000007
      }
    },
    {
      "attributes" : {
        "FID" : 15,
        "PMNTN_SPOT" : 74933,
        "MNTN_CODE" : "437450301",
        "MANAGE_SP1" : "23",
        "MANAGE_SP2" : "정상",
        "DETAIL_SPO" : "정상부,분기,삼각점",
        "ETC_MATTER" : " ",
        "MNTN_NM" : "이성산",
        "PAST_SPOT_" : "23080103000016",
        "MNTN_ID" : "2308010300"
      },
      "geometry" : {
        "x" : 254238.91189999972,
        "y" : 467561.54420000128
      }
    },
    {
      "attributes" : {
        "FID" : 16,
        "PMNTN_SPOT" : 74934,
        "MNTN_CODE" : "437450301",
        "MANAGE_SP1" : "01",
        "MANAGE_SP2" : "시종점",
        "DETAIL_SPO" : "시종점,운동기구",
        "ETC_MATTER" : " ",
        "MNTN_NM" : "이성산",
        "PAST_SPOT_" : "23080103000017",
        "MNTN_ID" : "2308010300"
      },
      "geometry" : {
        "x" : 254393.51140000019,
        "y" : 466973.77320000157
      }
    },
    {
      "attributes" : {
        "FID" : 17,
        "PMNTN_SPOT" : 74935,
        "MNTN_CODE" : "437450301",
        "MANAGE_SP1" : "02",
        "MANAGE_SP2" : "분기점",
        "DETAIL_SPO" : "분기점",
        "ETC_MATTER" : " ",
        "MNTN_NM" : "이성산",
        "PAST_SPOT_" : "23080103000018",
        "MNTN_ID" : "2308010300"
      },
      "geometry" : {
        "x" : 254394.43039999995,
        "y" : 468275.36450000107
      }
    },
    {
      "attributes" : {
        "FID" : 18,
        "PMNTN_SPOT" : 74936,
        "MNTN_CODE" : "437450301",
        "MANAGE_SP1" : "01",
        "MANAGE_SP2" : "시종점",
        "DETAIL_SPO" : "시종점,끝점",
        "ETC_MATTER" : " ",
        "MNTN_NM" : "이성산",
        "PAST_SPOT_" : "23080103000019",
        "MNTN_ID" : "2308010300"
      },
      "geometry" : {
        "x" : 254543.48770000413,
        "y" : 468092.44380000234
      }
    },
    {
      "attributes" : {
        "FID" : 19,
        "PMNTN_SPOT" : 74937,
        "MNTN_CODE" : "437450301",
        "MANAGE_SP1" : "01",
        "MANAGE_SP2" : "시종점",
        "DETAIL_SPO" : "시종점,목계단",
        "ETC_MATTER" : " ",
        "MNTN_NM" : "이성산",
        "PAST_SPOT_" : "23080103000020",
        "MNTN_ID" : "2308010300"
      },
      "geometry" : {
        "x" : 254634.12220000196,
        "y" : 468348.4878000021
      }
    }
  ]
}