{
  "displayFieldName" : "",
  "fieldAliases" : {
    "FID" : "FID",
    "PMNTN_SPOT" : "PMNTN_SPOT",
    "MNTN_CODE" : "MNTN_CODE",
    "MANAGE_SP1" : "MANAGE_SP1",
    "MANAGE_SP2" : "MANAGE_SP2",
    "DETAIL_SPO" : "DETAIL_SPO",
    "ETC_MATTER" : "ETC_MATTER",
    "MNTN_NM" : "MNTN_NM",
    "PAST_SPOT_" : "PAST_SPOT_",
    "MNTN_ID" : "MNTN_ID"
  },
  "geometryType" : "esriGeometryPoint",
  "spatialReference" : {
    "wkt" : "PROJCS[\"PCS_ITRF2000_TM\",GEOGCS[\"GCS_ITRF_2000\",DATUM[\"D_ITRF_2000\",SPHEROID[\"GRS_1980\",6378137.0,298.257222101]],PRIMEM[\"Greenwich\",0.0],UNIT[\"Degree\",0.0174532925199433]],PROJECTION[\"Transverse_Mercator\"],PARAMETER[\"False_Easting\",200000.0],PARAMETER[\"False_Northing\",600000.0],PARAMETER[\"Central_Meridian\",127.0],PARAMETER[\"Scale_Factor\",1.0],PARAMETER[\"Latitude_Of_Origin\",38.0],UNIT[\"Meter\",1.0]]"
  },
  "fields" : [
    {
      "name" : "FID",
      "type" : "esriFieldTypeOID",
      "alias" : "FID"
    },
    {
      "name" : "PMNTN_SPOT",
      "type" : "esriFieldTypeDouble",
      "alias" : "PMNTN_SPOT"
    },
    {
      "name" : "MNTN_CODE",
      "type" : "esriFieldTypeString",
      "alias" : "MNTN_CODE",
      "length" : 9
    },
    {
      "name" : "MANAGE_SP1",
      "type" : "esriFieldTypeString",
      "alias" : "MANAGE_SP1",
      "length" : 2
    },
    {
      "name" : "MANAGE_SP2",
      "type" : "esriFieldTypeString",
      "alias" : "MANAGE_SP2",
      "length" : 50
    },
    {
      "name" : "DETAIL_SPO",
      "type" : "esriFieldTypeString",
      "alias" : "DETAIL_SPO",
      "length" : 200
    },
    {
      "name" : "ETC_MATTER",
      "type" : "esriFieldTypeString",
      "alias" : "ETC_MATTER",
      "length" : 200
    },
    {
      "name" : "MNTN_NM",
      "type" : "esriFieldTypeString",
      "alias" : "MNTN_NM",
      "length" : 50
    },
    {
      "name" : "PAST_SPOT_",
      "type" : "esriFieldTypeString",
      "alias" : "PAST_SPOT_",
      "length" : 14
    },
    {
      "name" : "MNTN_ID",
      "type" : "esriFieldTypeString",
      "alias" : "MNTN_ID",
      "length" : 10
    }
  ],
  "features" : [
    {
      "attributes" : {
        "FID" : 0,
        "PMNTN_SPOT" : 32465,
        "MNTN_CODE" : "477701901",
        "MANAGE_SP1" : "01",
        "MANAGE_SP2" : "시종점",
        "DETAIL_SPO" : "시종점",
        "ETC_MATTER" : " ",
        "MNTN_NM" : "바데산",
        "PAST_SPOT_" : "4777019010001",
        "MNTN_ID" : "477701901"
      },
      "geometry" : {
        "x" : 404225.11240007076,
        "y" : 418551.78070000745
      }
    },
    {
      "attributes" : {
        "FID" : 1,
        "PMNTN_SPOT" : 32466,
        "MNTN_CODE" : "477701901",
        "MANAGE_SP1" : "02",
        "MANAGE_SP2" : "분기점",
        "DETAIL_SPO" : "분기점",
        "ETC_MATTER" : " ",
        "MNTN_NM" : "바데산",
        "PAST_SPOT_" : "4777019010002",
        "MNTN_ID" : "477701901"
      },
      "geometry" : {
        "x" : 404688.13420007192,
        "y" : 418512.09320000745
      }
    },
    {
      "attributes" : {
        "FID" : 2,
        "PMNTN_SPOT" : 32467,
        "MNTN_CODE" : "477701901",
        "MANAGE_SP1" : "01",
        "MANAGE_SP2" : "시종점",
        "DETAIL_SPO" : "시종점",
        "ETC_MATTER" : " ",
        "MNTN_NM" : "바데산",
        "PAST_SPOT_" : "4777019010003",
        "MNTN_ID" : "477701901"
      },
      "geometry" : {
        "x" : 404803.22810007352,
        "y" : 419005.54210000485
      }
    },
    {
      "attributes" : {
        "FID" : 3,
        "PMNTN_SPOT" : 32468,
        "MNTN_CODE" : "477701901",
        "MANAGE_SP1" : "02",
        "MANAGE_SP2" : "분기점",
        "DETAIL_SPO" : "분기점",
        "ETC_MATTER" : " ",
        "MNTN_NM" : "바데산",
        "PAST_SPOT_" : "4777019010004",
        "MNTN_ID" : "477701901"
      },
      "geometry" : {
        "x" : 404846.88450007141,
        "y" : 418857.37510000356
      }
    },
    {
      "attributes" : {
        "FID" : 4,
        "PMNTN_SPOT" : 32469,
        "MNTN_CODE" : "477701901",
        "MANAGE_SP1" : "01",
        "MANAGE_SP2" : "시종점",
        "DETAIL_SPO" : "시종점",
        "ETC_MATTER" : " ",
        "MNTN_NM" : "바데산",
        "PAST_SPOT_" : "4777019010005",
        "MNTN_ID" : "477701901"
      },
      "geometry" : {
        "x" : 404967.93160007149,
        "y" : 420179.6330000069
      }
    },
    {
      "attributes" : {
        "FID" : 5,
        "PMNTN_SPOT" : 32470,
        "MNTN_CODE" : "477701901",
        "MANAGE_SP1" : "01",
        "MANAGE_SP2" : "시종점",
        "DETAIL_SPO" : "시종점",
        "ETC_MATTER" : " ",
        "MNTN_NM" : "바데산",
        "PAST_SPOT_" : "4777019010006",
        "MNTN_ID" : "477701901"
      },
      "geometry" : {
        "x" : 404977.19200007152,
        "y" : 417668.07060000673
      }
    },
    {
      "attributes" : {
        "FID" : 6,
        "PMNTN_SPOT" : 32471,
        "MNTN_CODE" : "477701901",
        "MANAGE_SP1" : "01",
        "MANAGE_SP2" : "시종점",
        "DETAIL_SPO" : "시종점",
        "ETC_MATTER" : " ",
        "MNTN_NM" : "바데산",
        "PAST_SPOT_" : "4777019010007",
        "MNTN_ID" : "477701901"
      },
      "geometry" : {
        "x" : 404985.12960007414,
        "y" : 419284.67800000496
      }
    },
    {
      "attributes" : {
        "FID" : 7,
        "PMNTN_SPOT" : 32472,
        "MNTN_CODE" : "477701901",
        "MANAGE_SP1" : "02",
        "MANAGE_SP2" : "분기점",
        "DETAIL_SPO" : "분기점",
        "ETC_MATTER" : " ",
        "MNTN_NM" : "바데산",
        "PAST_SPOT_" : "4777019010008",
        "MNTN_ID" : "477701901"
      },
      "geometry" : {
        "x" : 405181.58310007397,
        "y" : 417457.72650000826
      }
    },
    {
      "attributes" : {
        "FID" : 8,
        "PMNTN_SPOT" : 32473,
        "MNTN_CODE" : "477701901",
        "MANAGE_SP1" : "02",
        "MANAGE_SP2" : "분기점",
        "DETAIL_SPO" : "분기점",
        "ETC_MATTER" : " ",
        "MNTN_NM" : "바데산",
        "PAST_SPOT_" : "4711306010009",
        "MNTN_ID" : "471130601"
      },
      "geometry" : {
        "x" : 405191.50500007439,
        "y" : 417458.1610000059
      }
    },
    {
      "attributes" : {
        "FID" : 9,
        "PMNTN_SPOT" : 32474,
        "MNTN_CODE" : "477701901",
        "MANAGE_SP1" : "02",
        "MANAGE_SP2" : "분기점",
        "DETAIL_SPO" : "분기점",
        "ETC_MATTER" : " ",
        "MNTN_NM" : "바데산",
        "PAST_SPOT_" : "4777019010010",
        "MNTN_ID" : "477701901"
      },
      "geometry" : {
        "x" : 405192.16640007123,
        "y" : 419856.17920000479
      }
    },
    {
      "attributes" : {
        "FID" : 10,
        "PMNTN_SPOT" : 32475,
        "MNTN_CODE" : "477701901",
        "MANAGE_SP1" : "01",
        "MANAGE_SP2" : "시종점",
        "DETAIL_SPO" : "시종점",
        "ETC_MATTER" : " ",
        "MNTN_NM" : "바데산",
        "PAST_SPOT_" : "4777019010011",
        "MNTN_ID" : "477701901"
      },
      "geometry" : {
        "x" : 405208.70290007163,
        "y" : 420176.98710000329
      }
    },
    {
      "attributes" : {
        "FID" : 11,
        "PMNTN_SPOT" : 32476,
        "MNTN_CODE" : "477701901",
        "MANAGE_SP1" : "02",
        "MANAGE_SP2" : "분기점",
        "DETAIL_SPO" : "분기점",
        "ETC_MATTER" : " ",
        "MNTN_NM" : "바데산",
        "PAST_SPOT_" : "4777019010012",
        "MNTN_ID" : "477701901"
      },
      "geometry" : {
        "x" : 405377.37510007247,
        "y" : 417376.36690000631
      }
    },
    {
      "attributes" : {
        "FID" : 12,
        "PMNTN_SPOT" : 32477,
        "MNTN_CODE" : "477701901",
        "MANAGE_SP1" : "01",
        "MANAGE_SP2" : "시종점",
        "DETAIL_SPO" : "시종점",
        "ETC_MATTER" : " ",
        "MNTN_NM" : "바데산",
        "PAST_SPOT_" : "4777019010013",
        "MNTN_ID" : "477701901"
      },
      "geometry" : {
        "x" : 405385.97410007473,
        "y" : 420171.69540000334
      }
    },
    {
      "attributes" : {
        "FID" : 13,
        "PMNTN_SPOT" : 32478,
        "MNTN_CODE" : "477701901",
        "MANAGE_SP1" : "02",
        "MANAGE_SP2" : "분기점",
        "DETAIL_SPO" : "분기점",
        "ETC_MATTER" : " ",
        "MNTN_NM" : "바데산",
        "PAST_SPOT_" : "4777019010014",
        "MNTN_ID" : "477701901"
      },
      "geometry" : {
        "x" : 405399.86480007228,
        "y" : 419494.3608000055
      }
    },
    {
      "attributes" : {
        "FID" : 14,
        "PMNTN_SPOT" : 32479,
        "MNTN_CODE" : "477701901",
        "MANAGE_SP1" : "02",
        "MANAGE_SP2" : "분기점",
        "DETAIL_SPO" : "분기점",
        "ETC_MATTER" : " ",
        "MNTN_NM" : "바데산",
        "PAST_SPOT_" : "4777019010015",
        "MNTN_ID" : "477701901"
      },
      "geometry" : {
        "x" : 405495.77640007436,
        "y" : 418111.9101000037
      }
    },
    {
      "attributes" : {
        "FID" : 15,
        "PMNTN_SPOT" : 32480,
        "MNTN_CODE" : "477701901",
        "MANAGE_SP1" : "02",
        "MANAGE_SP2" : "분기점",
        "DETAIL_SPO" : "분기점",
        "ETC_MATTER" : " ",
        "MNTN_NM" : "바데산",
        "PAST_SPOT_" : "4777019010016",
        "MNTN_ID" : "477701901"
      },
      "geometry" : {
        "x" : 405499.08370007295,
        "y" : 418094.05070000328
      }
    },
    {
      "attributes" : {
        "FID" : 16,
        "PMNTN_SPOT" : 32481,
        "MNTN_CODE" : "477701901",
        "MANAGE_SP1" : "02",
        "MANAGE_SP2" : "분기점",
        "DETAIL_SPO" : "분기점",
        "ETC_MATTER" : " ",
        "MNTN_NM" : "바데산",
        "PAST_SPOT_" : "4777019010017",
        "MNTN_ID" : "477701901"
      },
      "geometry" : {
        "x" : 405509.6671000747,
        "y" : 418805.7813000083
      }
    },
    {
      "attributes" : {
        "FID" : 17,
        "PMNTN_SPOT" : 32482,
        "MNTN_CODE" : "477701901",
        "MANAGE_SP1" : "02",
        "MANAGE_SP2" : "분기점",
        "DETAIL_SPO" : "분기점",
        "ETC_MATTER" : " ",
        "MNTN_NM" : "바데산",
        "PAST_SPOT_" : "4777019010018",
        "MNTN_ID" : "477701901"
      },
      "geometry" : {
        "x" : 405515.62020007335,
        "y" : 418623.21840000711
      }
    },
    {
      "attributes" : {
        "FID" : 18,
        "PMNTN_SPOT" : 32483,
        "MNTN_CODE" : "477701901",
        "MANAGE_SP1" : "02",
        "MANAGE_SP2" : "분기점",
        "DETAIL_SPO" : "분기점",
        "ETC_MATTER" : " ",
        "MNTN_NM" : "바데산",
        "PAST_SPOT_" : "4777019010019",
        "MNTN_ID" : "477701901"
      },
      "geometry" : {
        "x" : 405568.53700007312,
        "y" : 418922.85960000567
      }
    },
    {
      "attributes" : {
        "FID" : 19,
        "PMNTN_SPOT" : 32484,
        "MNTN_CODE" : "477701901",
        "MANAGE_SP1" : "02",
        "MANAGE_SP2" : "분기점",
        "DETAIL_SPO" : "분기점",
        "ETC_MATTER" : " ",
        "MNTN_NM" : "바데산",
        "PAST_SPOT_" : "4777019010020",
        "MNTN_ID" : "477701901"
      },
      "geometry" : {
        "x" : 405608.88600007072,
        "y" : 418264.04580000415
      }
    },
    {
      "attributes" : {
        "FID" : 20,
        "PMNTN_SPOT" : 32485,
        "MNTN_CODE" : "477701901",
        "MANAGE_SP1" : "02",
        "MANAGE_SP2" : "분기점",
        "DETAIL_SPO" : "분기점",
        "ETC_MATTER" : " ",
        "MNTN_NM" : "바데산",
        "PAST_SPOT_" : "4777019010021",
        "MNTN_ID" : "477701901"
      },
      "geometry" : {
        "x" : 405663.78720007278,
        "y" : 418956.59410000592
      }
    },
    {
      "attributes" : {
        "FID" : 21,
        "PMNTN_SPOT" : 32486,
        "MNTN_CODE" : "477701901",
        "MANAGE_SP1" : "02",
        "MANAGE_SP2" : "분기점",
        "DETAIL_SPO" : "분기점",
        "ETC_MATTER" : " ",
        "MNTN_NM" : "바데산",
        "PAST_SPOT_" : "4777019010022",
        "MNTN_ID" : "477701901"
      },
      "geometry" : {
        "x" : 405706.1206000736,
        "y" : 419065.7349000033
      }
    },
    {
      "attributes" : {
        "FID" : 22,
        "PMNTN_SPOT" : 32487,
        "MNTN_CODE" : "477701901",
        "MANAGE_SP1" : "01",
        "MANAGE_SP2" : "시종점",
        "DETAIL_SPO" : "시종점",
        "ETC_MATTER" : " ",
        "MNTN_NM" : "바데산",
        "PAST_SPOT_" : "4777019010023",
        "MNTN_ID" : "477701901"
      },
      "geometry" : {
        "x" : 405761.68320007343,
        "y" : 419610.1162000075
      }
    },
    {
      "attributes" : {
        "FID" : 23,
        "PMNTN_SPOT" : 32488,
        "MNTN_CODE" : "477701901",
        "MANAGE_SP1" : "01",
        "MANAGE_SP2" : "시종점",
        "DETAIL_SPO" : "시종점",
        "ETC_MATTER" : " ",
        "MNTN_NM" : "바데산",
        "PAST_SPOT_" : "4777019010024",
        "MNTN_ID" : "477701901"
      },
      "geometry" : {
        "x" : 405823.25560007337,
        "y" : 420405.94390000775
      }
    },
    {
      "attributes" : {
        "FID" : 24,
        "PMNTN_SPOT" : 32489,
        "MNTN_CODE" : "477701901",
        "MANAGE_SP1" : "01",
        "MANAGE_SP2" : "시종점",
        "DETAIL_SPO" : "시종점",
        "ETC_MATTER" : " ",
        "MNTN_NM" : "바데산",
        "PAST_SPOT_" : "4777019010025",
        "MNTN_ID" : "477701901"
      },
      "geometry" : {
        "x" : 405842.43790007196,
        "y" : 419769.61970000342
      }
    },
    {
      "attributes" : {
        "FID" : 25,
        "PMNTN_SPOT" : 32490,
        "MNTN_CODE" : "477701901",
        "MANAGE_SP1" : "02",
        "MANAGE_SP2" : "분기점",
        "DETAIL_SPO" : "분기점",
        "ETC_MATTER" : " ",
        "MNTN_NM" : "바데산",
        "PAST_SPOT_" : "4777019010026",
        "MNTN_ID" : "477701901"
      },
      "geometry" : {
        "x" : 405914.53700007405,
        "y" : 419932.33880000748
      }
    },
    {
      "attributes" : {
        "FID" : 26,
        "PMNTN_SPOT" : 32491,
        "MNTN_CODE" : "477701901",
        "MANAGE_SP1" : "02",
        "MANAGE_SP2" : "분기점",
        "DETAIL_SPO" : "분기점",
        "ETC_MATTER" : " ",
        "MNTN_NM" : "바데산",
        "PAST_SPOT_" : "4777019010027",
        "MNTN_ID" : "477701901"
      },
      "geometry" : {
        "x" : 406136.7308000708,
        "y" : 417890.98250000365
      }
    },
    {
      "attributes" : {
        "FID" : 27,
        "PMNTN_SPOT" : 32492,
        "MNTN_CODE" : "477701901",
        "MANAGE_SP1" : "01",
        "MANAGE_SP2" : "시종점",
        "DETAIL_SPO" : "시종점",
        "ETC_MATTER" : " ",
        "MNTN_NM" : "바데산",
        "PAST_SPOT_" : "4777019010028",
        "MNTN_ID" : "477701901"
      },
      "geometry" : {
        "x" : 406137.39230007399,
        "y" : 419483.11590000428
      }
    },
    {
      "attributes" : {
        "FID" : 28,
        "PMNTN_SPOT" : 32493,
        "MNTN_CODE" : "477701901",
        "MANAGE_SP1" : "02",
        "MANAGE_SP2" : "분기점",
        "DETAIL_SPO" : "분기점",
        "ETC_MATTER" : " ",
        "MNTN_NM" : "바데산",
        "PAST_SPOT_" : "4777019010029",
        "MNTN_ID" : "477701901"
      },
      "geometry" : {
        "x" : 406161.20480007585,
        "y" : 418848.77610000595
      }
    },
    {
      "attributes" : {
        "FID" : 29,
        "PMNTN_SPOT" : 32494,
        "MNTN_CODE" : "477701901",
        "MANAGE_SP1" : "02",
        "MANAGE_SP2" : "분기점",
        "DETAIL_SPO" : "분기점",
        "ETC_MATTER" : " ",
        "MNTN_NM" : "바데산",
        "PAST_SPOT_" : "4777019010030",
        "MNTN_ID" : "477701901"
      },
      "geometry" : {
        "x" : 406208.16850007605,
        "y" : 418789.24480000511
      }
    },
    {
      "attributes" : {
        "FID" : 30,
        "PMNTN_SPOT" : 32495,
        "MNTN_CODE" : "477701901",
        "MANAGE_SP1" : "01",
        "MANAGE_SP2" : "시종점",
        "DETAIL_SPO" : "시종점",
        "ETC_MATTER" : " ",
        "MNTN_NM" : "바데산",
        "PAST_SPOT_" : "4777019010031",
        "MNTN_ID" : "477701901"
      },
      "geometry" : {
        "x" : 406249.17900007684,
        "y" : 419313.78230000287
      }
    },
    {
      "attributes" : {
        "FID" : 31,
        "PMNTN_SPOT" : 32496,
        "MNTN_CODE" : "477701901",
        "MANAGE_SP1" : "01",
        "MANAGE_SP2" : "시종점",
        "DETAIL_SPO" : "시종점",
        "ETC_MATTER" : " ",
        "MNTN_NM" : "바데산",
        "PAST_SPOT_" : "4777019010032",
        "MNTN_ID" : "477701901"
      },
      "geometry" : {
        "x" : 406275.63730007596,
        "y" : 419221.17790000699
      }
    },
    {
      "attributes" : {
        "FID" : 32,
        "PMNTN_SPOT" : 32497,
        "MNTN_CODE" : "477701901",
        "MANAGE_SP1" : "01",
        "MANAGE_SP2" : "시종점",
        "DETAIL_SPO" : "시종점",
        "ETC_MATTER" : " ",
        "MNTN_NM" : "바데산",
        "PAST_SPOT_" : "4777019010033",
        "MNTN_ID" : "477701901"
      },
      "geometry" : {
        "x" : 406474.73670007475,
        "y" : 419109.39120000415
      }
    },
    {
      "attributes" : {
        "FID" : 33,
        "PMNTN_SPOT" : 32498,
        "MNTN_CODE" : "477701901",
        "MANAGE_SP1" : "02",
        "MANAGE_SP2" : "분기점",
        "DETAIL_SPO" : "분기점",
        "ETC_MATTER" : " ",
        "MNTN_NM" : "바데산",
        "PAST_SPOT_" : "4777019010034",
        "MNTN_ID" : "477701901"
      },
      "geometry" : {
        "x" : 406484.65860007517,
        "y" : 418856.05220000632
      }
    },
    {
      "attributes" : {
        "FID" : 34,
        "PMNTN_SPOT" : 32499,
        "MNTN_CODE" : "477701901",
        "MANAGE_SP1" : "01",
        "MANAGE_SP2" : "시종점",
        "DETAIL_SPO" : "시종점",
        "ETC_MATTER" : " ",
        "MNTN_NM" : "바데산",
        "PAST_SPOT_" : "4777019010035",
        "MNTN_ID" : "477701901"
      },
      "geometry" : {
        "x" : 406607.41600007657,
        "y" : 419332.61540000513
      }
    },
    {
      "attributes" : {
        "FID" : 35,
        "PMNTN_SPOT" : 32500,
        "MNTN_CODE" : "477701901",
        "MANAGE_SP1" : "02",
        "MANAGE_SP2" : "분기점",
        "DETAIL_SPO" : "분기점",
        "ETC_MATTER" : " ",
        "MNTN_NM" : "바데산",
        "PAST_SPOT_" : "4777019010036",
        "MNTN_ID" : "477701901"
      },
      "geometry" : {
        "x" : 406628.85680007562,
        "y" : 418371.20230000652
      }
    },
    {
      "attributes" : {
        "FID" : 36,
        "PMNTN_SPOT" : 32501,
        "MNTN_CODE" : "477701901",
        "MANAGE_SP1" : "02",
        "MANAGE_SP2" : "분기점",
        "DETAIL_SPO" : "분기점",
        "ETC_MATTER" : " ",
        "MNTN_NM" : "바데산",
        "PAST_SPOT_" : "4777019010037",
        "MNTN_ID" : "477701901"
      },
      "geometry" : {
        "x" : 406658.62250007503,
        "y" : 418451.23890000582
      }
    },
    {
      "attributes" : {
        "FID" : 37,
        "PMNTN_SPOT" : 32502,
        "MNTN_CODE" : "477701901",
        "MANAGE_SP1" : "01",
        "MANAGE_SP2" : "시종점",
        "DETAIL_SPO" : "시종점",
        "ETC_MATTER" : " ",
        "MNTN_NM" : "바데산",
        "PAST_SPOT_" : "4777019010038",
        "MNTN_ID" : "477701901"
      },
      "geometry" : {
        "x" : 406679.73560007568,
        "y" : 419212.67070000805
      }
    },
    {
      "attributes" : {
        "FID" : 38,
        "PMNTN_SPOT" : 32503,
        "MNTN_CODE" : "477701901",
        "MANAGE_SP1" : "01",
        "MANAGE_SP2" : "시종점",
        "DETAIL_SPO" : "시종점",
        "ETC_MATTER" : " ",
        "MNTN_NM" : "바데산",
        "PAST_SPOT_" : "4777019010039",
        "MNTN_ID" : "477701901"
      },
      "geometry" : {
        "x" : 406833.24780007638,
        "y" : 418972.46910000406
      }
    },
    {
      "attributes" : {
        "FID" : 39,
        "PMNTN_SPOT" : 32504,
        "MNTN_CODE" : "477701901",
        "MANAGE_SP1" : "01",
        "MANAGE_SP2" : "시종점",
        "DETAIL_SPO" : "시종점",
        "ETC_MATTER" : " ",
        "MNTN_NM" : "바데산",
        "PAST_SPOT_" : "4777019010040",
        "MNTN_ID" : "477701901"
      },
      "geometry" : {
        "x" : 406858.38330007717,
        "y" : 418515.40050000697
      }
    },
    {
      "attributes" : {
        "FID" : 40,
        "PMNTN_SPOT" : 32505,
        "MNTN_CODE" : "477701901",
        "MANAGE_SP1" : "01",
        "MANAGE_SP2" : "시종점",
        "DETAIL_SPO" : "시종점",
        "ETC_MATTER" : " ",
        "MNTN_NM" : "바데산",
        "PAST_SPOT_" : "4777019010041",
        "MNTN_ID" : "477701901"
      },
      "geometry" : {
        "x" : 406884.18020007573,
        "y" : 418544.50470000505
      }
    },
    {
      "attributes" : {
        "FID" : 41,
        "PMNTN_SPOT" : 32506,
        "MNTN_CODE" : "477701901",
        "MANAGE_SP1" : "02",
        "MANAGE_SP2" : "분기점",
        "DETAIL_SPO" : "분기점",
        "ETC_MATTER" : " ",
        "MNTN_NM" : "바데산",
        "PAST_SPOT_" : "4777019010042",
        "MNTN_ID" : "477701901"
      },
      "geometry" : {
        "x" : 406884.3471000772,
        "y" : 419196.79560000449
      }
    },
    {
      "attributes" : {
        "FID" : 42,
        "PMNTN_SPOT" : 32507,
        "MNTN_CODE" : "477701901",
        "MANAGE_SP1" : "02",
        "MANAGE_SP2" : "분기점",
        "DETAIL_SPO" : "분기점",
        "ETC_MATTER" : " ",
        "MNTN_NM" : "바데산",
        "PAST_SPOT_" : "4777019010043",
        "MNTN_ID" : "477701901"
      },
      "geometry" : {
        "x" : 406892.17440007627,
        "y" : 419897.28140000626
      }
    },
    {
      "attributes" : {
        "FID" : 43,
        "PMNTN_SPOT" : 32508,
        "MNTN_CODE" : "477701901",
        "MANAGE_SP1" : "02",
        "MANAGE_SP2" : "분기점",
        "DETAIL_SPO" : "분기점",
        "ETC_MATTER" : " ",
        "MNTN_NM" : "바데산",
        "PAST_SPOT_" : "4777019010044",
        "MNTN_ID" : "477701901"
      },
      "geometry" : {
        "x" : 406917.91470007692,
        "y" : 418898.38560000807
      }
    },
    {
      "attributes" : {
        "FID" : 44,
        "PMNTN_SPOT" : 32509,
        "MNTN_CODE" : "477701901",
        "MANAGE_SP1" : "01",
        "MANAGE_SP2" : "시종점",
        "DETAIL_SPO" : "시종점",
        "ETC_MATTER" : " ",
        "MNTN_NM" : "바데산",
        "PAST_SPOT_" : "4777019010045",
        "MNTN_ID" : "477701901"
      },
      "geometry" : {
        "x" : 406933.78970007598,
        "y" : 418837.53130000643
      }
    },
    {
      "attributes" : {
        "FID" : 45,
        "PMNTN_SPOT" : 32510,
        "MNTN_CODE" : "477701901",
        "MANAGE_SP1" : "02",
        "MANAGE_SP2" : "분기점",
        "DETAIL_SPO" : "분기점",
        "ETC_MATTER" : " ",
        "MNTN_NM" : "바데산",
        "PAST_SPOT_" : "4777019010046",
        "MNTN_ID" : "477701901"
      },
      "geometry" : {
        "x" : 407022.65750007518,
        "y" : 419491.77840000391
      }
    },
    {
      "attributes" : {
        "FID" : 46,
        "PMNTN_SPOT" : 32511,
        "MNTN_CODE" : "477701901",
        "MANAGE_SP1" : "01",
        "MANAGE_SP2" : "시종점",
        "DETAIL_SPO" : "시종점",
        "ETC_MATTER" : " ",
        "MNTN_NM" : "바데산",
        "PAST_SPOT_" : "4777019010047",
        "MNTN_ID" : "477701901"
      },
      "geometry" : {
        "x" : 407071.31970007904,
        "y" : 419173.86500000395
      }
    },
    {
      "attributes" : {
        "FID" : 47,
        "PMNTN_SPOT" : 32512,
        "MNTN_CODE" : "477701901",
        "MANAGE_SP1" : "02",
        "MANAGE_SP2" : "분기점",
        "DETAIL_SPO" : "분기점",
        "ETC_MATTER" : " ",
        "MNTN_NM" : "바데산",
        "PAST_SPOT_" : "4777019010048",
        "MNTN_ID" : "477701901"
      },
      "geometry" : {
        "x" : 407167.34160007536,
        "y" : 419869.50010000542
      }
    },
    {
      "attributes" : {
        "FID" : 48,
        "PMNTN_SPOT" : 32513,
        "MNTN_CODE" : "477701901",
        "MANAGE_SP1" : "02",
        "MANAGE_SP2" : "분기점",
        "DETAIL_SPO" : "분기점",
        "ETC_MATTER" : " ",
        "MNTN_NM" : "바데산",
        "PAST_SPOT_" : "4777019010049",
        "MNTN_ID" : "477701901"
      },
      "geometry" : {
        "x" : 407201.73750007804,
        "y" : 420646.71520000696
      }
    },
    {
      "attributes" : {
        "FID" : 49,
        "PMNTN_SPOT" : 32514,
        "MNTN_CODE" : "477701901",
        "MANAGE_SP1" : "02",
        "MANAGE_SP2" : "분기점",
        "DETAIL_SPO" : "분기점",
        "ETC_MATTER" : " ",
        "MNTN_NM" : "바데산",
        "PAST_SPOT_" : "4777019010050",
        "MNTN_ID" : "477701901"
      },
      "geometry" : {
        "x" : 407264.57620007638,
        "y" : 420728.73620000295
      }
    },
    {
      "attributes" : {
        "FID" : 50,
        "PMNTN_SPOT" : 32515,
        "MNTN_CODE" : "477701901",
        "MANAGE_SP1" : "01",
        "MANAGE_SP2" : "시종점",
        "DETAIL_SPO" : "시종점",
        "ETC_MATTER" : " ",
        "MNTN_NM" : "바데산",
        "PAST_SPOT_" : "4777019010051",
        "MNTN_ID" : "477701901"
      },
      "geometry" : {
        "x" : 407267.71250007581,
        "y" : 417162.48680000752
      }
    },
    {
      "attributes" : {
        "FID" : 51,
        "PMNTN_SPOT" : 32516,
        "MNTN_CODE" : "477701901",
        "MANAGE_SP1" : "01",
        "MANAGE_SP2" : "시종점",
        "DETAIL_SPO" : "시종점",
        "ETC_MATTER" : " ",
        "MNTN_NM" : "바데산",
        "PAST_SPOT_" : "4777019010052",
        "MNTN_ID" : "477701901"
      },
      "geometry" : {
        "x" : 407274.49810007866,
        "y" : 420760.48630000465
      }
    },
    {
      "attributes" : {
        "FID" : 52,
        "PMNTN_SPOT" : 32517,
        "MNTN_CODE" : "477701901",
        "MANAGE_SP1" : "01",
        "MANAGE_SP2" : "시종점",
        "DETAIL_SPO" : "시종점",
        "ETC_MATTER" : " ",
        "MNTN_NM" : "바데산",
        "PAST_SPOT_" : "4777019010053",
        "MNTN_ID" : "477701901"
      },
      "geometry" : {
        "x" : 407392.89940007683,
        "y" : 420827.29370000586
      }
    },
    {
      "attributes" : {
        "FID" : 53,
        "PMNTN_SPOT" : 32518,
        "MNTN_CODE" : "477701901",
        "MANAGE_SP1" : "01",
        "MANAGE_SP2" : "시종점",
        "DETAIL_SPO" : "시종점",
        "ETC_MATTER" : " ",
        "MNTN_NM" : "바데산",
        "PAST_SPOT_" : "4777019010054",
        "MNTN_ID" : "477701901"
      },
      "geometry" : {
        "x" : 407418.25530007575,
        "y" : 420940.84430000558
      }
    },
    {
      "attributes" : {
        "FID" : 54,
        "PMNTN_SPOT" : 32519,
        "MNTN_CODE" : "477701901",
        "MANAGE_SP1" : "02",
        "MANAGE_SP2" : "분기점",
        "DETAIL_SPO" : "분기점",
        "ETC_MATTER" : " ",
        "MNTN_NM" : "바데산",
        "PAST_SPOT_" : "4777019010055",
        "MNTN_ID" : "477701901"
      },
      "geometry" : {
        "x" : 407466.32140007708,
        "y" : 419643.28090000339
      }
    },
    {
      "attributes" : {
        "FID" : 55,
        "PMNTN_SPOT" : 32520,
        "MNTN_CODE" : "477701901",
        "MANAGE_SP1" : "02",
        "MANAGE_SP2" : "분기점",
        "DETAIL_SPO" : "분기점",
        "ETC_MATTER" : " ",
        "MNTN_NM" : "바데산",
        "PAST_SPOT_" : "4777019010056",
        "MNTN_ID" : "477701901"
      },
      "geometry" : {
        "x" : 407486.8266000757,
        "y" : 419879.42200000584
      }
    },
    {
      "attributes" : {
        "FID" : 56,
        "PMNTN_SPOT" : 32521,
        "MNTN_CODE" : "477701901",
        "MANAGE_SP1" : "01",
        "MANAGE_SP2" : "시종점",
        "DETAIL_SPO" : "시종점",
        "ETC_MATTER" : " ",
        "MNTN_NM" : "바데산",
        "PAST_SPOT_" : "4777019010057",
        "MNTN_ID" : "477701901"
      },
      "geometry" : {
        "x" : 407493.66170008108,
        "y" : 421031.46420000494
      }
    },
    {
      "attributes" : {
        "FID" : 57,
        "PMNTN_SPOT" : 32522,
        "MNTN_CODE" : "477701901",
        "MANAGE_SP1" : "02",
        "MANAGE_SP2" : "분기점",
        "DETAIL_SPO" : "분기점",
        "ETC_MATTER" : " ",
        "MNTN_NM" : "바데산",
        "PAST_SPOT_" : "4777019010058",
        "MNTN_ID" : "477701901"
      },
      "geometry" : {
        "x" : 407517.915200077,
        "y" : 419869.50010000542
      }
    },
    {
      "attributes" : {
        "FID" : 58,
        "PMNTN_SPOT" : 32523,
        "MNTN_CODE" : "477701901",
        "MANAGE_SP1" : "01",
        "MANAGE_SP2" : "시종점",
        "DETAIL_SPO" : "시종점",
        "ETC_MATTER" : " ",
        "MNTN_NM" : "바데산",
        "PAST_SPOT_" : "4777019010059",
        "MNTN_ID" : "477701901"
      },
      "geometry" : {
        "x" : 407551.0699000787,
        "y" : 423061.27980000526
      }
    },
    {
      "attributes" : {
        "FID" : 59,
        "PMNTN_SPOT" : 32524,
        "MNTN_CODE" : "477701901",
        "MANAGE_SP1" : "01",
        "MANAGE_SP2" : "시종점",
        "DETAIL_SPO" : "시종점",
        "ETC_MATTER" : " ",
        "MNTN_NM" : "바데산",
        "PAST_SPOT_" : "4777019010060",
        "MNTN_ID" : "477701901"
      },
      "geometry" : {
        "x" : 407934.71650007926,
        "y" : 421574.97990000434
      }
    },
    {
      "attributes" : {
        "FID" : 60,
        "PMNTN_SPOT" : 32525,
        "MNTN_CODE" : "477701901",
        "MANAGE_SP1" : "02",
        "MANAGE_SP2" : "분기점",
        "DETAIL_SPO" : "분기점",
        "ETC_MATTER" : " ",
        "MNTN_NM" : "바데산",
        "PAST_SPOT_" : "4777019010061",
        "MNTN_ID" : "477701901"
      },
      "geometry" : {
        "x" : 407965.72340007778,
        "y" : 420156.57360001095
      }
    },
    {
      "attributes" : {
        "FID" : 61,
        "PMNTN_SPOT" : 32526,
        "MNTN_CODE" : "477701901",
        "MANAGE_SP1" : "01",
        "MANAGE_SP2" : "시종점",
        "DETAIL_SPO" : "시종점",
        "ETC_MATTER" : " ",
        "MNTN_NM" : "바데산",
        "PAST_SPOT_" : "4777019010062",
        "MNTN_ID" : "477701901"
      },
      "geometry" : {
        "x" : 407994.24790007807,
        "y" : 422921.71180000529
      }
    },
    {
      "attributes" : {
        "FID" : 62,
        "PMNTN_SPOT" : 32527,
        "MNTN_CODE" : "477701901",
        "MANAGE_SP1" : "02",
        "MANAGE_SP2" : "분기점",
        "DETAIL_SPO" : "분기점",
        "ETC_MATTER" : " ",
        "MNTN_NM" : "바데산",
        "PAST_SPOT_" : "4777019010063",
        "MNTN_ID" : "477701901"
      },
      "geometry" : {
        "x" : 407998.13490007818,
        "y" : 419796.73950000666
      }
    },
    {
      "attributes" : {
        "FID" : 63,
        "PMNTN_SPOT" : 32528,
        "MNTN_CODE" : "477701901",
        "MANAGE_SP1" : "02",
        "MANAGE_SP2" : "분기점",
        "DETAIL_SPO" : "분기점",
        "ETC_MATTER" : " ",
        "MNTN_NM" : "바데산",
        "PAST_SPOT_" : "4777019010064",
        "MNTN_ID" : "477701901"
      },
      "geometry" : {
        "x" : 408050.39030007832,
        "y" : 420556.09520000778
      }
    },
    {
      "attributes" : {
        "FID" : 64,
        "PMNTN_SPOT" : 32529,
        "MNTN_CODE" : "477701901",
        "MANAGE_SP1" : "02",
        "MANAGE_SP2" : "분기점",
        "DETAIL_SPO" : "분기점",
        "ETC_MATTER" : " ",
        "MNTN_NM" : "바데산",
        "PAST_SPOT_" : "4777019010065",
        "MNTN_ID" : "477701901"
      },
      "geometry" : {
        "x" : 408069.13160008006,
        "y" : 420687.50520000793
      }
    },
    {
      "attributes" : {
        "FID" : 65,
        "PMNTN_SPOT" : 32530,
        "MNTN_CODE" : "477701901",
        "MANAGE_SP1" : "02",
        "MANAGE_SP2" : "분기점",
        "DETAIL_SPO" : "분기점",
        "ETC_MATTER" : " ",
        "MNTN_NM" : "바데산",
        "PAST_SPOT_" : "4777019010066",
        "MNTN_ID" : "477701901"
      },
      "geometry" : {
        "x" : 408102.06580007914,
        "y" : 421557.78200001083
      }
    },
    {
      "attributes" : {
        "FID" : 66,
        "PMNTN_SPOT" : 32531,
        "MNTN_CODE" : "477701901",
        "MANAGE_SP1" : "02",
        "MANAGE_SP2" : "분기점",
        "DETAIL_SPO" : "분기점",
        "ETC_MATTER" : " ",
        "MNTN_NM" : "바데산",
        "PAST_SPOT_" : "4777019010067",
        "MNTN_ID" : "477701901"
      },
      "geometry" : {
        "x" : 408159.09010007791,
        "y" : 421092.31850000657
      }
    },
    {
      "attributes" : {
        "FID" : 67,
        "PMNTN_SPOT" : 32532,
        "MNTN_CODE" : "477701901",
        "MANAGE_SP1" : "02",
        "MANAGE_SP2" : "분기점",
        "DETAIL_SPO" : "분기점",
        "ETC_MATTER" : " ",
        "MNTN_NM" : "바데산",
        "PAST_SPOT_" : "4777019010068",
        "MNTN_ID" : "477701901"
      },
      "geometry" : {
        "x" : 408165.04330008291,
        "y" : 421099.59460000694
      }
    },
    {
      "attributes" : {
        "FID" : 68,
        "PMNTN_SPOT" : 32533,
        "MNTN_CODE" : "477701901",
        "MANAGE_SP1" : "02",
        "MANAGE_SP2" : "분기점",
        "DETAIL_SPO" : "분기점",
        "ETC_MATTER" : " ",
        "MNTN_NM" : "바데산",
        "PAST_SPOT_" : "4777019010069",
        "MNTN_ID" : "477701901"
      },
      "geometry" : {
        "x" : 408190.03990007937,
        "y" : 421196.62500000373
      }
    },
    {
      "attributes" : {
        "FID" : 69,
        "PMNTN_SPOT" : 32534,
        "MNTN_CODE" : "477701901",
        "MANAGE_SP1" : "02",
        "MANAGE_SP2" : "분기점",
        "DETAIL_SPO" : "분기점",
        "ETC_MATTER" : " ",
        "MNTN_NM" : "바데산",
        "PAST_SPOT_" : "4777019010070",
        "MNTN_ID" : "477701901"
      },
      "geometry" : {
        "x" : 408229.0660000788,
        "y" : 421908.35560000688
      }
    },
    {
      "attributes" : {
        "FID" : 70,
        "PMNTN_SPOT" : 32535,
        "MNTN_CODE" : "477701901",
        "MANAGE_SP1" : "02",
        "MANAGE_SP2" : "분기점",
        "DETAIL_SPO" : "분기점",
        "ETC_MATTER" : " ",
        "MNTN_NM" : "바데산",
        "PAST_SPOT_" : "4777019010071",
        "MNTN_ID" : "477701901"
      },
      "geometry" : {
        "x" : 408273.38380007725,
        "y" : 422336.98140000552
      }
    },
    {
      "attributes" : {
        "FID" : 71,
        "PMNTN_SPOT" : 32536,
        "MNTN_CODE" : "477701901",
        "MANAGE_SP1" : "02",
        "MANAGE_SP2" : "분기점",
        "DETAIL_SPO" : "분기점",
        "ETC_MATTER" : " ",
        "MNTN_NM" : "바데산",
        "PAST_SPOT_" : "4777019010072",
        "MNTN_ID" : "477701901"
      },
      "geometry" : {
        "x" : 408293.88910007942,
        "y" : 422465.96610000543
      }
    },
    {
      "attributes" : {
        "FID" : 72,
        "PMNTN_SPOT" : 32537,
        "MNTN_CODE" : "477701901",
        "MANAGE_SP1" : "02",
        "MANAGE_SP2" : "분기점",
        "DETAIL_SPO" : "분기점",
        "ETC_MATTER" : " ",
        "MNTN_NM" : "바데산",
        "PAST_SPOT_" : "4777019010073",
        "MNTN_ID" : "477701901"
      },
      "geometry" : {
        "x" : 408345.48290008027,
        "y" : 422188.15300001018
      }
    },
    {
      "attributes" : {
        "FID" : 73,
        "PMNTN_SPOT" : 32538,
        "MNTN_CODE" : "477701901",
        "MANAGE_SP1" : "02",
        "MANAGE_SP2" : "분기점",
        "DETAIL_SPO" : "분기점",
        "ETC_MATTER" : " ",
        "MNTN_NM" : "바데산",
        "PAST_SPOT_" : "4777019010074",
        "MNTN_ID" : "477701901"
      },
      "geometry" : {
        "x" : 408427.95300007798,
        "y" : 421705.14760000631
      }
    },
    {
      "attributes" : {
        "FID" : 74,
        "PMNTN_SPOT" : 32539,
        "MNTN_CODE" : "477701901",
        "MANAGE_SP1" : "01",
        "MANAGE_SP2" : "시종점",
        "DETAIL_SPO" : "시종점",
        "ETC_MATTER" : " ",
        "MNTN_NM" : "바데산",
        "PAST_SPOT_" : "4777019010075",
        "MNTN_ID" : "477701901"
      },
      "geometry" : {
        "x" : 408494.97280007787,
        "y" : 423006.37860000692
      }
    },
    {
      "attributes" : {
        "FID" : 75,
        "PMNTN_SPOT" : 32540,
        "MNTN_CODE" : "477701901",
        "MANAGE_SP1" : "02",
        "MANAGE_SP2" : "분기점",
        "DETAIL_SPO" : "분기점",
        "ETC_MATTER" : " ",
        "MNTN_NM" : "바데산",
        "PAST_SPOT_" : "4777019010076",
        "MNTN_ID" : "477701901"
      },
      "geometry" : {
        "x" : 408523.55440007802,
        "y" : 420813.18260000832
      }
    },
    {
      "attributes" : {
        "FID" : 76,
        "PMNTN_SPOT" : 32541,
        "MNTN_CODE" : "477701901",
        "MANAGE_SP1" : "02",
        "MANAGE_SP2" : "분기점",
        "DETAIL_SPO" : "분기점",
        "ETC_MATTER" : " ",
        "MNTN_NM" : "바데산",
        "PAST_SPOT_" : "4777019010077",
        "MNTN_ID" : "477701901"
      },
      "geometry" : {
        "x" : 408604.77510007937,
        "y" : 422239.0854000058
      }
    },
    {
      "attributes" : {
        "FID" : 77,
        "PMNTN_SPOT" : 32542,
        "MNTN_CODE" : "477701901",
        "MANAGE_SP1" : "02",
        "MANAGE_SP2" : "분기점",
        "DETAIL_SPO" : "분기점",
        "ETC_MATTER" : " ",
        "MNTN_NM" : "바데산",
        "PAST_SPOT_" : "4777019010078",
        "MNTN_ID" : "477701901"
      },
      "geometry" : {
        "x" : 408724.14370007627,
        "y" : 424148.11510000378
      }
    },
    {
      "attributes" : {
        "FID" : 78,
        "PMNTN_SPOT" : 32543,
        "MNTN_CODE" : "477701901",
        "MANAGE_SP1" : "02",
        "MANAGE_SP2" : "분기점",
        "DETAIL_SPO" : "분기점",
        "ETC_MATTER" : " ",
        "MNTN_NM" : "바데산",
        "PAST_SPOT_" : "4777019010079",
        "MNTN_ID" : "477701901"
      },
      "geometry" : {
        "x" : 408741.34170007985,
        "y" : 424156.05260000378
      }
    },
    {
      "attributes" : {
        "FID" : 79,
        "PMNTN_SPOT" : 32544,
        "MNTN_CODE" : "477701901",
        "MANAGE_SP1" : "02",
        "MANAGE_SP2" : "분기점",
        "DETAIL_SPO" : "분기점",
        "ETC_MATTER" : " ",
        "MNTN_NM" : "바데산",
        "PAST_SPOT_" : "4777019010080",
        "MNTN_ID" : "477701901"
      },
      "geometry" : {
        "x" : 408883.2496000817,
        "y" : 422067.76740000769
      }
    },
    {
      "attributes" : {
        "FID" : 80,
        "PMNTN_SPOT" : 32545,
        "MNTN_CODE" : "477701901",
        "MANAGE_SP1" : "02",
        "MANAGE_SP2" : "분기점",
        "DETAIL_SPO" : "분기점",
        "ETC_MATTER" : " ",
        "MNTN_NM" : "바데산",
        "PAST_SPOT_" : "4777019010081",
        "MNTN_ID" : "477701901"
      },
      "geometry" : {
        "x" : 408993.6444000816,
        "y" : 421603.1216000095
      }
    },
    {
      "attributes" : {
        "FID" : 81,
        "PMNTN_SPOT" : 32546,
        "MNTN_CODE" : "477701901",
        "MANAGE_SP1" : "01",
        "MANAGE_SP2" : "시종점",
        "DETAIL_SPO" : "시종점",
        "ETC_MATTER" : " ",
        "MNTN_NM" : "바데산",
        "PAST_SPOT_" : "4777019010082",
        "MNTN_ID" : "477701901"
      },
      "geometry" : {
        "x" : 409021.65300008003,
        "y" : 425236.94670000486
      }
    },
    {
      "attributes" : {
        "FID" : 82,
        "PMNTN_SPOT" : 32547,
        "MNTN_CODE" : "477701901",
        "MANAGE_SP1" : "01",
        "MANAGE_SP2" : "시종점",
        "DETAIL_SPO" : "시종점",
        "ETC_MATTER" : " ",
        "MNTN_NM" : "바데산",
        "PAST_SPOT_" : "4777019010083",
        "MNTN_ID" : "477701901"
      },
      "geometry" : {
        "x" : 409041.77950008027,
        "y" : 423702.35120000504
      }
    },
    {
      "attributes" : {
        "FID" : 83,
        "PMNTN_SPOT" : 32548,
        "MNTN_CODE" : "477701901",
        "MANAGE_SP1" : "01",
        "MANAGE_SP2" : "시종점",
        "DETAIL_SPO" : "시종점",
        "ETC_MATTER" : " ",
        "MNTN_NM" : "바데산",
        "PAST_SPOT_" : "4777019010084",
        "MNTN_ID" : "477701901"
      },
      "geometry" : {
        "x" : 409069.11980008055,
        "y" : 422612.14870000631
      }
    },
    {
      "attributes" : {
        "FID" : 84,
        "PMNTN_SPOT" : 32549,
        "MNTN_CODE" : "477701901",
        "MANAGE_SP1" : "02",
        "MANAGE_SP2" : "분기점",
        "DETAIL_SPO" : "분기점",
        "ETC_MATTER" : " ",
        "MNTN_NM" : "바데산",
        "PAST_SPOT_" : "4777019010085",
        "MNTN_ID" : "477701901"
      },
      "geometry" : {
        "x" : 409072.58540008124,
        "y" : 425181.38400000334
      }
    },
    {
      "attributes" : {
        "FID" : 85,
        "PMNTN_SPOT" : 32550,
        "MNTN_CODE" : "477701901",
        "MANAGE_SP1" : "01",
        "MANAGE_SP2" : "시종점",
        "DETAIL_SPO" : "시종점",
        "ETC_MATTER" : " ",
        "MNTN_NM" : "바데산",
        "PAST_SPOT_" : "4777019010086",
        "MNTN_ID" : "477701901"
      },
      "geometry" : {
        "x" : 409103.67400008067,
        "y" : 425092.74840000458
      }
    },
    {
      "attributes" : {
        "FID" : 86,
        "PMNTN_SPOT" : 32551,
        "MNTN_CODE" : "477701901",
        "MANAGE_SP1" : "01",
        "MANAGE_SP2" : "시종점",
        "DETAIL_SPO" : "시종점",
        "ETC_MATTER" : " ",
        "MNTN_NM" : "바데산",
        "PAST_SPOT_" : "4777019010087",
        "MNTN_ID" : "477701901"
      },
      "geometry" : {
        "x" : 409119.54900008254,
        "y" : 425618.60890000872
      }
    },
    {
      "attributes" : {
        "FID" : 87,
        "PMNTN_SPOT" : 32552,
        "MNTN_CODE" : "477701901",
        "MANAGE_SP1" : "02",
        "MANAGE_SP2" : "분기점",
        "DETAIL_SPO" : "분기점",
        "ETC_MATTER" : " ",
        "MNTN_NM" : "바데산",
        "PAST_SPOT_" : "4777019010088",
        "MNTN_ID" : "477701901"
      },
      "geometry" : {
        "x" : 409154.95730008371,
        "y" : 420455.38580000773
      }
    },
    {
      "attributes" : {
        "FID" : 88,
        "PMNTN_SPOT" : 32553,
        "MNTN_CODE" : "477701901",
        "MANAGE_SP1" : "02",
        "MANAGE_SP2" : "분기점",
        "DETAIL_SPO" : "분기점",
        "ETC_MATTER" : " ",
        "MNTN_NM" : "바데산",
        "PAST_SPOT_" : "4777019010089",
        "MNTN_ID" : "477701901"
      },
      "geometry" : {
        "x" : 409194.7971000839,
        "y" : 422013.52770000324
      }
    },
    {
      "attributes" : {
        "FID" : 89,
        "PMNTN_SPOT" : 32554,
        "MNTN_CODE" : "477701901",
        "MANAGE_SP1" : "02",
        "MANAGE_SP2" : "분기점",
        "DETAIL_SPO" : "분기점",
        "ETC_MATTER" : " ",
        "MNTN_NM" : "바데산",
        "PAST_SPOT_" : "4777019010090",
        "MNTN_ID" : "477701901"
      },
      "geometry" : {
        "x" : 409196.12000008207,
        "y" : 421442.02650000341
      }
    },
    {
      "attributes" : {
        "FID" : 90,
        "PMNTN_SPOT" : 32555,
        "MNTN_CODE" : "477701901",
        "MANAGE_SP1" : "01",
        "MANAGE_SP2" : "시종점",
        "DETAIL_SPO" : "시종점",
        "ETC_MATTER" : " ",
        "MNTN_NM" : "바데산",
        "PAST_SPOT_" : "4777019010091",
        "MNTN_ID" : "477701901"
      },
      "geometry" : {
        "x" : 409271.17090008128,
        "y" : 424709.03290001117
      }
    },
    {
      "attributes" : {
        "FID" : 91,
        "PMNTN_SPOT" : 32556,
        "MNTN_CODE" : "477701901",
        "MANAGE_SP1" : "02",
        "MANAGE_SP2" : "분기점",
        "DETAIL_SPO" : "분기점",
        "ETC_MATTER" : " ",
        "MNTN_NM" : "바데산",
        "PAST_SPOT_" : "4777019010092",
        "MNTN_ID" : "477701901"
      },
      "geometry" : {
        "x" : 409308.34770008363,
        "y" : 422749.18790000305
      }
    },
    {
      "attributes" : {
        "FID" : 92,
        "PMNTN_SPOT" : 32557,
        "MNTN_CODE" : "477701901",
        "MANAGE_SP1" : "01",
        "MANAGE_SP2" : "시종점",
        "DETAIL_SPO" : "시종점",
        "ETC_MATTER" : " ",
        "MNTN_NM" : "바데산",
        "PAST_SPOT_" : "4777019010093",
        "MNTN_ID" : "477701901"
      },
      "geometry" : {
        "x" : 409320.47450007964,
        "y" : 421428.79730000906
      }
    },
    {
      "attributes" : {
        "FID" : 93,
        "PMNTN_SPOT" : 32558,
        "MNTN_CODE" : "477701901",
        "MANAGE_SP1" : "01",
        "MANAGE_SP2" : "시종점",
        "DETAIL_SPO" : "시종점",
        "ETC_MATTER" : " ",
        "MNTN_NM" : "바데산",
        "PAST_SPOT_" : "4777019010094",
        "MNTN_ID" : "477701901"
      },
      "geometry" : {
        "x" : 409328.85300008301,
        "y" : 422662.53660000302
      }
    },
    {
      "attributes" : {
        "FID" : 94,
        "PMNTN_SPOT" : 32559,
        "MNTN_CODE" : "477701901",
        "MANAGE_SP1" : "02",
        "MANAGE_SP2" : "분기점",
        "DETAIL_SPO" : "분기점",
        "ETC_MATTER" : " ",
        "MNTN_NM" : "바데산",
        "PAST_SPOT_" : "4777019010095",
        "MNTN_ID" : "477701901"
      },
      "geometry" : {
        "x" : 409404.63810008019,
        "y" : 425694.01530000754
      }
    },
    {
      "attributes" : {
        "FID" : 95,
        "PMNTN_SPOT" : 32560,
        "MNTN_CODE" : "477701901",
        "MANAGE_SP1" : "02",
        "MANAGE_SP2" : "분기점",
        "DETAIL_SPO" : "분기점",
        "ETC_MATTER" : " ",
        "MNTN_NM" : "바데산",
        "PAST_SPOT_" : "4777019010096",
        "MNTN_ID" : "477701901"
      },
      "geometry" : {
        "x" : 409408.88960008044,
        "y" : 423280.34000001103
      }
    },
    {
      "attributes" : {
        "FID" : 96,
        "PMNTN_SPOT" : 32561,
        "MNTN_CODE" : "477701901",
        "MANAGE_SP1" : "02",
        "MANAGE_SP2" : "분기점",
        "DETAIL_SPO" : "분기점",
        "ETC_MATTER" : " ",
        "MNTN_NM" : "바데산",
        "PAST_SPOT_" : "4777019010097",
        "MNTN_ID" : "477701901"
      },
      "geometry" : {
        "x" : 409435.04580008332,
        "y" : 420668.32290000468
      }
    },
    {
      "attributes" : {
        "FID" : 97,
        "PMNTN_SPOT" : 32562,
        "MNTN_CODE" : "477701901",
        "MANAGE_SP1" : "02",
        "MANAGE_SP2" : "분기점",
        "DETAIL_SPO" : "분기점",
        "ETC_MATTER" : " ",
        "MNTN_NM" : "바데산",
        "PAST_SPOT_" : "4777019010098",
        "MNTN_ID" : "477701901"
      },
      "geometry" : {
        "x" : 409437.03020008188,
        "y" : 420612.76030001044
      }
    },
    {
      "attributes" : {
        "FID" : 98,
        "PMNTN_SPOT" : 32563,
        "MNTN_CODE" : "477701901",
        "MANAGE_SP1" : "02",
        "MANAGE_SP2" : "분기점",
        "DETAIL_SPO" : "분기점",
        "ETC_MATTER" : " ",
        "MNTN_NM" : "바데산",
        "PAST_SPOT_" : "4777019010099",
        "MNTN_ID" : "477701901"
      },
      "geometry" : {
        "x" : 409447.91570007987,
        "y" : 423333.91820000485
      }
    },
    {
      "attributes" : {
        "FID" : 99,
        "PMNTN_SPOT" : 32564,
        "MNTN_CODE" : "477701901",
        "MANAGE_SP1" : "02",
        "MANAGE_SP2" : "분기점",
        "DETAIL_SPO" : "분기점",
        "ETC_MATTER" : " ",
        "MNTN_NM" : "바데산",
        "PAST_SPOT_" : "4777019010100",
        "MNTN_ID" : "477701901"
      },
      "geometry" : {
        "x" : 409447.91570007987,
        "y" : 423340.53280001134
      }
    },
    {
      "attributes" : {
        "FID" : 100,
        "PMNTN_SPOT" : 32565,
        "MNTN_CODE" : "477701901",
        "MANAGE_SP1" : "02",
        "MANAGE_SP2" : "분기점",
        "DETAIL_SPO" : "분기점",
        "ETC_MATTER" : " ",
        "MNTN_NM" : "바데산",
        "PAST_SPOT_" : "4777019010101",
        "MNTN_ID" : "477701901"
      },
      "geometry" : {
        "x" : 409478.20770008024,
        "y" : 424218.89130000584
      }
    },
    {
      "attributes" : {
        "FID" : 101,
        "PMNTN_SPOT" : 32566,
        "MNTN_CODE" : "477701901",
        "MANAGE_SP1" : "02",
        "MANAGE_SP2" : "분기점",
        "DETAIL_SPO" : "분기점",
        "ETC_MATTER" : " ",
        "MNTN_NM" : "바데산",
        "PAST_SPOT_" : "4777019010102",
        "MNTN_ID" : "477701901"
      },
      "geometry" : {
        "x" : 409478.34280007891,
        "y" : 423966.27360000648
      }
    },
    {
      "attributes" : {
        "FID" : 102,
        "PMNTN_SPOT" : 32567,
        "MNTN_CODE" : "477701901",
        "MANAGE_SP1" : "02",
        "MANAGE_SP2" : "분기점",
        "DETAIL_SPO" : "분기점",
        "ETC_MATTER" : " ",
        "MNTN_NM" : "바데산",
        "PAST_SPOT_" : "4777019010103",
        "MNTN_ID" : "477701901"
      },
      "geometry" : {
        "x" : 409485.31670008413,
        "y" : 420153.70730000734
      }
    },
    {
      "attributes" : {
        "FID" : 103,
        "PMNTN_SPOT" : 32568,
        "MNTN_CODE" : "477701901",
        "MANAGE_SP1" : "01",
        "MANAGE_SP2" : "시종점",
        "DETAIL_SPO" : "시종점",
        "ETC_MATTER" : " ",
        "MNTN_NM" : "바데산",
        "PAST_SPOT_" : "4777019010104",
        "MNTN_ID" : "477701901"
      },
      "geometry" : {
        "x" : 409510.3134000795,
        "y" : 422018.15790000372
      }
    },
    {
      "attributes" : {
        "FID" : 104,
        "PMNTN_SPOT" : 32569,
        "MNTN_CODE" : "477701901",
        "MANAGE_SP1" : "02",
        "MANAGE_SP2" : "분기점",
        "DETAIL_SPO" : "분기점",
        "ETC_MATTER" : " ",
        "MNTN_NM" : "바데산",
        "PAST_SPOT_" : "4777019010105",
        "MNTN_ID" : "477701901"
      },
      "geometry" : {
        "x" : 409669.50470008235,
        "y" : 423887.55990000628
      }
    },
    {
      "attributes" : {
        "FID" : 105,
        "PMNTN_SPOT" : 32570,
        "MNTN_CODE" : "477701901",
        "MANAGE_SP1" : "01",
        "MANAGE_SP2" : "시종점",
        "DETAIL_SPO" : "시종점",
        "ETC_MATTER" : " ",
        "MNTN_NM" : "바데산",
        "PAST_SPOT_" : "4777019010106",
        "MNTN_ID" : "477701901"
      },
      "geometry" : {
        "x" : 409785.61940008402,
        "y" : 419910.29010000639
      }
    },
    {
      "attributes" : {
        "FID" : 106,
        "PMNTN_SPOT" : 32571,
        "MNTN_CODE" : "477701901",
        "MANAGE_SP1" : "02",
        "MANAGE_SP2" : "분기점",
        "DETAIL_SPO" : "분기점",
        "ETC_MATTER" : " ",
        "MNTN_NM" : "바데산",
        "PAST_SPOT_" : "4777019010107",
        "MNTN_ID" : "477701901"
      },
      "geometry" : {
        "x" : 409801.79660008289,
        "y" : 423396.09540000372
      }
    },
    {
      "attributes" : {
        "FID" : 107,
        "PMNTN_SPOT" : 32572,
        "MNTN_CODE" : "477701901",
        "MANAGE_SP1" : "01",
        "MANAGE_SP2" : "시종점",
        "DETAIL_SPO" : "시종점",
        "ETC_MATTER" : " ",
        "MNTN_NM" : "바데산",
        "PAST_SPOT_" : "4777019010108",
        "MNTN_ID" : "477701901"
      },
      "geometry" : {
        "x" : 409834.56740008388,
        "y" : 420688.16670000553
      }
    },
    {
      "attributes" : {
        "FID" : 108,
        "PMNTN_SPOT" : 32573,
        "MNTN_CODE" : "477701901",
        "MANAGE_SP1" : "02",
        "MANAGE_SP2" : "분기점",
        "DETAIL_SPO" : "분기점",
        "ETC_MATTER" : " ",
        "MNTN_NM" : "바데산",
        "PAST_SPOT_" : "4777019010109",
        "MNTN_ID" : "477701901"
      },
      "geometry" : {
        "x" : 409851.93250008393,
        "y" : 424138.19320000336
      }
    },
    {
      "attributes" : {
        "FID" : 109,
        "PMNTN_SPOT" : 32574,
        "MNTN_CODE" : "477701901",
        "MANAGE_SP1" : "02",
        "MANAGE_SP2" : "분기점",
        "DETAIL_SPO" : "분기점",
        "ETC_MATTER" : " ",
        "MNTN_NM" : "바데산",
        "PAST_SPOT_" : "4777019010110",
        "MNTN_ID" : "477701901"
      },
      "geometry" : {
        "x" : 409865.82310008258,
        "y" : 424123.64110000618
      }
    },
    {
      "attributes" : {
        "FID" : 110,
        "PMNTN_SPOT" : 32575,
        "MNTN_CODE" : "477701901",
        "MANAGE_SP1" : "02",
        "MANAGE_SP2" : "분기점",
        "DETAIL_SPO" : "분기점",
        "ETC_MATTER" : " ",
        "MNTN_NM" : "바데산",
        "PAST_SPOT_" : "4777019010111",
        "MNTN_ID" : "477701901"
      },
      "geometry" : {
        "x" : 409885.80200008303,
        "y" : 422913.22990000434
      }
    },
    {
      "attributes" : {
        "FID" : 111,
        "PMNTN_SPOT" : 32576,
        "MNTN_CODE" : "477701901",
        "MANAGE_SP1" : "01",
        "MANAGE_SP2" : "시종점",
        "DETAIL_SPO" : "시종점",
        "ETC_MATTER" : " ",
        "MNTN_NM" : "바데산",
        "PAST_SPOT_" : "4777019010112",
        "MNTN_ID" : "477701901"
      },
      "geometry" : {
        "x" : 409902.86480008159,
        "y" : 424464.95420001075
      }
    },
    {
      "attributes" : {
        "FID" : 112,
        "PMNTN_SPOT" : 32577,
        "MNTN_CODE" : "477701901",
        "MANAGE_SP1" : "01",
        "MANAGE_SP2" : "시종점",
        "DETAIL_SPO" : "시종점",
        "ETC_MATTER" : " ",
        "MNTN_NM" : "바데산",
        "PAST_SPOT_" : "4777019010113",
        "MNTN_ID" : "477701901"
      },
      "geometry" : {
        "x" : 410062.41170008481,
        "y" : 423218.82420000806
      }
    },
    {
      "attributes" : {
        "FID" : 113,
        "PMNTN_SPOT" : 32578,
        "MNTN_CODE" : "477701901",
        "MANAGE_SP1" : "01",
        "MANAGE_SP2" : "시종점",
        "DETAIL_SPO" : "시종점",
        "ETC_MATTER" : " ",
        "MNTN_NM" : "바데산",
        "PAST_SPOT_" : "4777019010114",
        "MNTN_ID" : "477701901"
      },
      "geometry" : {
        "x" : 410072.9951000819,
        "y" : 422599.03650001064
      }
    },
    {
      "attributes" : {
        "FID" : 114,
        "PMNTN_SPOT" : 32579,
        "MNTN_CODE" : "477701901",
        "MANAGE_SP1" : "02",
        "MANAGE_SP2" : "분기점",
        "DETAIL_SPO" : "분기점",
        "ETC_MATTER" : " ",
        "MNTN_NM" : "바데산",
        "PAST_SPOT_" : "4777019010115",
        "MNTN_ID" : "477701901"
      },
      "geometry" : {
        "x" : 410088.5874000825,
        "y" : 424946.56590000726
      }
    },
    {
      "attributes" : {
        "FID" : 115,
        "PMNTN_SPOT" : 32580,
        "MNTN_CODE" : "477701901",
        "MANAGE_SP1" : "01",
        "MANAGE_SP2" : "시종점",
        "DETAIL_SPO" : "시종점",
        "ETC_MATTER" : " ",
        "MNTN_NM" : "바데산",
        "PAST_SPOT_" : "4777019010116",
        "MNTN_ID" : "477701901"
      },
      "geometry" : {
        "x" : 410093.7208000822,
        "y" : 421510.15690000542
      }
    },
    {
      "attributes" : {
        "FID" : 116,
        "PMNTN_SPOT" : 32581,
        "MNTN_CODE" : "477701901",
        "MANAGE_SP1" : "01",
        "MANAGE_SP2" : "시종점",
        "DETAIL_SPO" : "시종점",
        "ETC_MATTER" : " ",
        "MNTN_NM" : "바데산",
        "PAST_SPOT_" : "4777019010117",
        "MNTN_ID" : "477701901"
      },
      "geometry" : {
        "x" : 410093.87910008244,
        "y" : 424242.77280000411
      }
    },
    {
      "attributes" : {
        "FID" : 117,
        "PMNTN_SPOT" : 32582,
        "MNTN_CODE" : "477701901",
        "MANAGE_SP1" : "02",
        "MANAGE_SP2" : "분기점",
        "DETAIL_SPO" : "분기점",
        "ETC_MATTER" : " ",
        "MNTN_NM" : "바데산",
        "PAST_SPOT_" : "4777019010118",
        "MNTN_ID" : "477701901"
      },
      "geometry" : {
        "x" : 410241.66730008181,
        "y" : 423486.71540000662
      }
    },
    {
      "attributes" : {
        "FID" : 118,
        "PMNTN_SPOT" : 32583,
        "MNTN_CODE" : "477701901",
        "MANAGE_SP1" : "01",
        "MANAGE_SP2" : "시종점",
        "DETAIL_SPO" : "시종점",
        "ETC_MATTER" : " ",
        "MNTN_NM" : "바데산",
        "PAST_SPOT_" : "4777019010119",
        "MNTN_ID" : "477701901"
      },
      "geometry" : {
        "x" : 410248.94330008328,
        "y" : 422858.32870000787
      }
    },
    {
      "attributes" : {
        "FID" : 119,
        "PMNTN_SPOT" : 32584,
        "MNTN_CODE" : "477701901",
        "MANAGE_SP1" : "01",
        "MANAGE_SP2" : "시종점",
        "DETAIL_SPO" : "시종점",
        "ETC_MATTER" : " ",
        "MNTN_NM" : "바데산",
        "PAST_SPOT_" : "4777019010120",
        "MNTN_ID" : "477701901"
      },
      "geometry" : {
        "x" : 410294.58410008159,
        "y" : 423366.99120000564
      }
    },
    {
      "attributes" : {
        "FID" : 120,
        "PMNTN_SPOT" : 32585,
        "MNTN_CODE" : "477701901",
        "MANAGE_SP1" : "01",
        "MANAGE_SP2" : "시종점",
        "DETAIL_SPO" : "시종점",
        "ETC_MATTER" : " ",
        "MNTN_NM" : "바데산",
        "PAST_SPOT_" : "4777019010121",
        "MNTN_ID" : "477701901"
      },
      "geometry" : {
        "x" : 410334.13650008198,
        "y" : 424054.18780000694
      }
    },
    {
      "attributes" : {
        "FID" : 121,
        "PMNTN_SPOT" : 32586,
        "MNTN_CODE" : "477701901",
        "MANAGE_SP1" : "01",
        "MANAGE_SP2" : "시종점",
        "DETAIL_SPO" : "시종점",
        "ETC_MATTER" : " ",
        "MNTN_NM" : "바데산",
        "PAST_SPOT_" : "4777019010122",
        "MNTN_ID" : "477701901"
      },
      "geometry" : {
        "x" : 410527.11570008472,
        "y" : 419815.03990000486
      }
    },
    {
      "attributes" : {
        "FID" : 122,
        "PMNTN_SPOT" : 32587,
        "MNTN_CODE" : "477701901",
        "MANAGE_SP1" : "02",
        "MANAGE_SP2" : "분기점",
        "DETAIL_SPO" : "분기점",
        "ETC_MATTER" : " ",
        "MNTN_NM" : "바데산",
        "PAST_SPOT_" : "4777019010123",
        "MNTN_ID" : "477701901"
      },
      "geometry" : {
        "x" : 410573.43730008416,
        "y" : 424450.47110000625
      }
    },
    {
      "attributes" : {
        "FID" : 123,
        "PMNTN_SPOT" : 32588,
        "MNTN_CODE" : "477701901",
        "MANAGE_SP1" : "02",
        "MANAGE_SP2" : "분기점",
        "DETAIL_SPO" : "분기점",
        "ETC_MATTER" : " ",
        "MNTN_NM" : "바데산",
        "PAST_SPOT_" : "4777019010124",
        "MNTN_ID" : "477701901"
      },
      "geometry" : {
        "x" : 410588.65090007987,
        "y" : 424429.30440000631
      }
    },
    {
      "attributes" : {
        "FID" : 124,
        "PMNTN_SPOT" : 32589,
        "MNTN_CODE" : "477701901",
        "MANAGE_SP1" : "01",
        "MANAGE_SP2" : "시종점",
        "DETAIL_SPO" : "시종점",
        "ETC_MATTER" : " ",
        "MNTN_NM" : "바데산",
        "PAST_SPOT_" : "4777019010125",
        "MNTN_ID" : "477701901"
      },
      "geometry" : {
        "x" : 410853.38240008522,
        "y" : 423183.04540000297
      }
    },
    {
      "attributes" : {
        "FID" : 125,
        "PMNTN_SPOT" : 32590,
        "MNTN_CODE" : "477701901",
        "MANAGE_SP1" : "01",
        "MANAGE_SP2" : "시종점",
        "DETAIL_SPO" : "시종점",
        "ETC_MATTER" : " ",
        "MNTN_NM" : "바데산",
        "PAST_SPOT_" : "4777019010126",
        "MNTN_ID" : "477701901"
      },
      "geometry" : {
        "x" : 410947.82350008469,
        "y" : 423540.3026000075
      }
    },
    {
      "attributes" : {
        "FID" : 126,
        "PMNTN_SPOT" : 32591,
        "MNTN_CODE" : "477701901",
        "MANAGE_SP1" : "01",
        "MANAGE_SP2" : "시종점",
        "DETAIL_SPO" : "시종점",
        "ETC_MATTER" : " ",
        "MNTN_NM" : "바데산",
        "PAST_SPOT_" : "4777019010127",
        "MNTN_ID" : "477701901"
      },
      "geometry" : {
        "x" : 410984.86520008184,
        "y" : 423549.56310001202
      }
    },
    {
      "attributes" : {
        "FID" : 127,
        "PMNTN_SPOT" : 32592,
        "MNTN_CODE" : "477701901",
        "MANAGE_SP1" : "01",
        "MANAGE_SP2" : "시종점",
        "DETAIL_SPO" : "시종점",
        "ETC_MATTER" : " ",
        "MNTN_NM" : "바데산",
        "PAST_SPOT_" : "4777019010128",
        "MNTN_ID" : "477701901"
      },
      "geometry" : {
        "x" : 410994.78710008413,
        "y" : 423537.65680000745
      }
    },
    {
      "attributes" : {
        "FID" : 128,
        "PMNTN_SPOT" : 32593,
        "MNTN_CODE" : "477701901",
        "MANAGE_SP1" : "01",
        "MANAGE_SP2" : "시종점",
        "DETAIL_SPO" : "시종점",
        "ETC_MATTER" : " ",
        "MNTN_NM" : "바데산",
        "PAST_SPOT_" : "4777019010129",
        "MNTN_ID" : "477701901"
      },
      "geometry" : {
        "x" : 404848.20740014222,
        "y" : 417042.99130000733
      }
    }
  ]
}