{
  "displayFieldName" : "",
  "fieldAliases" : {
    "FID" : "FID",
    "PMNTN_SN" : "PMNTN_SN",
    "MNTN_CODE" : "MNTN_CODE",
    "MNTN_NM" : "MNTN_NM",
    "PMNTN_NM" : "PMNTN_NM",
    "PMNTN_MAIN" : "PMNTN_MAIN",
    "PMNTN_LT" : "PMNTN_LT",
    "PMNTN_DFFL" : "PMNTN_DFFL",
    "PMNTN_UPPL" : "PMNTN_UPPL",
    "PMNTN_GODN" : "PMNTN_GODN",
    "PMNTN_MTRQ" : "PMNTN_MTRQ",
    "PMNTN_CNRL" : "PMNTN_CNRL",
    "PMNTN_CLS_" : "PMNTN_CLS_",
    "PMNTN_RISK" : "PMNTN_RISK",
    "PMNTN_RECO" : "PMNTN_RECO",
    "DATA_STDR_" : "DATA_STDR_",
    "MNTN_ID" : "MNTN_ID"
  },
  "geometryType" : "esriGeometryPolyline",
  "spatialReference" : {
    "wkt" : "PROJCS[\"PCS_ITRF2000_TM\",GEOGCS[\"GCS_ITRF_2000\",DATUM[\"D_ITRF_2000\",SPHEROID[\"GRS_1980\",6378137.0,298.257222101]],PRIMEM[\"Greenwich\",0.0],UNIT[\"Degree\",0.0174532925199433]],PROJECTION[\"Transverse_Mercator\"],PARAMETER[\"False_Easting\",200000.0],PARAMETER[\"False_Northing\",600000.0],PARAMETER[\"Central_Meridian\",127.0],PARAMETER[\"Scale_Factor\",1.0],PARAMETER[\"Latitude_Of_Origin\",38.0],UNIT[\"Meter\",1.0]]"
  },
  "fields" : [
    {
      "name" : "FID",
      "type" : "esriFieldTypeOID",
      "alias" : "FID"
    },
    {
      "name" : "PMNTN_SN",
      "type" : "esriFieldTypeDouble",
      "alias" : "PMNTN_SN"
    },
    {
      "name" : "MNTN_CODE",
      "type" : "esriFieldTypeString",
      "alias" : "MNTN_CODE",
      "length" : 9
    },
    {
      "name" : "MNTN_NM",
      "type" : "esriFieldTypeString",
      "alias" : "MNTN_NM",
      "length" : 50
    },
    {
      "name" : "PMNTN_NM",
      "type" : "esriFieldTypeString",
      "alias" : "PMNTN_NM",
      "length" : 50
    },
    {
      "name" : "PMNTN_MAIN",
      "type" : "esriFieldTypeString",
      "alias" : "PMNTN_MAIN",
      "length" : 200
    },
    {
      "name" : "PMNTN_LT",
      "type" : "esriFieldTypeSingle",
      "alias" : "PMNTN_LT"
    },
    {
      "name" : "PMNTN_DFFL",
      "type" : "esriFieldTypeString",
      "alias" : "PMNTN_DFFL",
      "length" : 8
    },
    {
      "name" : "PMNTN_UPPL",
      "type" : "esriFieldTypeDouble",
      "alias" : "PMNTN_UPPL"
    },
    {
      "name" : "PMNTN_GODN",
      "type" : "esriFieldTypeDouble",
      "alias" : "PMNTN_GODN"
    },
    {
      "name" : "PMNTN_MTRQ",
      "type" : "esriFieldTypeString",
      "alias" : "PMNTN_MTRQ",
      "length" : 200
    },
    {
      "name" : "PMNTN_CNRL",
      "type" : "esriFieldTypeString",
      "alias" : "PMNTN_CNRL",
      "length" : 1
    },
    {
      "name" : "PMNTN_CLS_",
      "type" : "esriFieldTypeString",
      "alias" : "PMNTN_CLS_",
      "length" : 1
    },
    {
      "name" : "PMNTN_RISK",
      "type" : "esriFieldTypeString",
      "alias" : "PMNTN_RISK",
      "length" : 200
    },
    {
      "name" : "PMNTN_RECO",
      "type" : "esriFieldTypeString",
      "alias" : "PMNTN_RECO",
      "length" : 1
    },
    {
      "name" : "DATA_STDR_",
      "type" : "esriFieldTypeString",
      "alias" : "DATA_STDR_",
      "length" : 10
    },
    {
      "name" : "MNTN_ID",
      "type" : "esriFieldTypeString",
      "alias" : "MNTN_ID",
      "length" : 10
    }
  ],
  "features" : [
    {
      "attributes" : {
        "FID" : 0,
        "PMNTN_SN" : 22984,
        "MNTN_CODE" : "287102001",
        "MNTN_NM" : "별악봉",
        "PMNTN_NM" : "양사면철산리-강화군교산리구간",
        "PMNTN_MAIN" : " ",
        "PMNTN_LT" : 2.45,
        "PMNTN_DFFL" : "쉬움",
        "PMNTN_UPPL" : 43,
        "PMNTN_GODN" : 30,
        "PMNTN_MTRQ" : "토사",
        "PMNTN_CNRL" : " ",
        "PMNTN_CLS_" : " ",
        "PMNTN_RISK" : " ",
        "PMNTN_RECO" : " ",
        "DATA_STDR_" : "2016-12-31",
        "MNTN_ID" : "287102001"
      },
      "geometry" : {
        "paths" : [
          [
            [
              149103.16000000108,
              579273.73040000163
            ],
            [
              149102.56830000132,
              579273.17589999922
            ],
            [
              149087.13870000094,
              579269.12179999985
            ],
            [
              149082.74350000266,
              579267.38130000234
            ],
            [
              149072.62449999992,
              579261.51740000583
            ],
            [
              149060.63320000377,
              579257.25600000098
            ],
            [
              149056.10690000094,
              579254.59530000202
            ],
            [
              149049.21609999985,
              579238.449400004
            ],
            [
              149044.63389999978,
              579229.15530000255
            ],
            [
              149039.22640000097,
              579210.54399999976
            ],
            [
              149038.96900000051,
              579208.31260000356
            ],
            [
              149037.43930000253,
              579193.72450000234
            ],
            [
              149027.10170000326,
              579178.80010000244
            ],
            [
              149025.2070000004,
              579176.78360000066
            ],
            [
              149026.22279999964,
              579176.34010000154
            ],
            [
              149021.67970000114,
              579165.03610000387
            ],
            [
              149019.84199999925,
              579156.73000000045
            ],
            [
              149020.47039999999,
              579144.97530000098
            ],
            [
              149021.14109999873,
              579129.32220000029
            ],
            [
              149021.12820000295,
              579114.12920000218
            ],
            [
              149018.78120000102,
              579102.25339999981
            ],
            [
              149018.85700000171,
              579093.03299999982
            ],
            [
              149017.99950000271,
              579086.87920000032
            ],
            [
              149018.57260000333,
              579087.64790000394
            ],
            [
              149018.300400001,
              579086.59820000269
            ],
            [
              149019.05000000075,
              579086.07249999978
            ],
            [
              149012.05059999973,
              579075.04440000094
            ],
            [
              149007.64479999989,
              579068.02879999951
            ],
            [
              149002.82349999994,
              579054.72630000114
            ],
            [
              149004.67610000167,
              579047.56010000035
            ],
            [
              149004.79550000094,
              579034.65500000119
            ],
            [
              149003.86470000073,
              579022.63099999912
            ],
            [
              149002.77550000139,
              579013.63170000352
            ],
            [
              149001.5214999998,
              579000.66070000269
            ],
            [
              149000.30500000063,
              578984.21920000203
            ],
            [
              148993.96450000163,
              578969.95849999972
            ],
            [
              148992.40500000212,
              578960.09680000134
            ],
            [
              148991.45639999956,
              578955.91600000113
            ],
            [
              148994.41890000086,
              578940.83480000123
            ],
            [
              148990.82109999936,
              578924.86380000226
            ],
            [
              148981.06460000109,
              578915.64850000106
            ],
            [
              148973.88650000095,
              578910.35260000266
            ],
            [
              148954.26169999875,
              578896.50000000559
            ],
            [
              148943.74720000103,
              578884.07950000092
            ],
            [
              148934.36600000411,
              578869.912200002
            ],
            [
              148924.86320000049,
              578856.38760000095
            ],
            [
              148921.30750000197,
              578853.17200000212
            ],
            [
              148912.25840000156,
              578843.77549999952
            ],
            [
              148901.20419999957,
              578833.61000000127
            ],
            [
              148895.19110000134,
              578826.94849999994
            ],
            [
              148886.79360000137,
              578804.80190000124
            ],
            [
              148876.45750000048,
              578794.98540000059
            ],
            [
              148867.46040000301,
              578785.66310000047
            ],
            [
              148855.18940000143,
              578780.47340000048
            ],
            [
              148840.0784,
              578772.03570000269
            ],
            [
              148826.4606999997,
              578768.7060000021
            ],
            [
              148812.5241000019,
              578758.00009999983
            ],
            [
              148805.08660000097,
              578754.95760000125
            ],
            [
              148789.51140000392,
              578738.37280000187
            ],
            [
              148778.42480000202,
              578728.97050000168
            ],
            [
              148770.59549999982,
              578724.65570000187
            ],
            [
              148768.99780000001,
              578724.13530000113
            ],
            [
              148768.23080000002,
              578724.24239999987
            ],
            [
              148765.91630000155,
              578723.58700000308
            ],
            [
              148754.3077000007,
              578719.29580000043
            ],
            [
              148737.32310000248,
              578714.67520000413
            ],
            [
              148732.00470000319,
              578705.79540000111
            ],
            [
              148730.5381000014,
              578701.4317000024
            ],
            [
              148719.34360000305,
              578686.59679999948
            ],
            [
              148714.20459999982,
              578679.27879999951
            ],
            [
              148701.02940000035,
              578666.43790000118
            ],
            [
              148685.76080000307,
              578650.5306000039
            ],
            [
              148677.97890000045,
              578643.18260000087
            ],
            [
              148668.33230000082,
              578630.38490000367
            ],
            [
              148655.993300003,
              578625.00050000101
            ],
            [
              148655.11140000168,
              578624.43850000389
            ],
            [
              148645.4439000003,
              578622.48920000345
            ],
            [
              148634.32070000004,
              578616.77160000056
            ],
            [
              148625.07760000136,
              578615.38719999976
            ],
            [
              148616.61760000139,
              578615.32840000466
            ],
            [
              148604.75349999964,
              578613.8860000018
            ],
            [
              148596.45030000061,
              578610.54190000147
            ],
            [
              148588.7603000002,
              578612.02270000428
            ],
            [
              148577.47860000096,
              578614.00049999915
            ],
            [
              148572.56390000042,
              578614.26370000094
            ],
            [
              148566.44240000006,
              578610.38519999944
            ],
            [
              148566.73630000278,
              578610.17870000005
            ],
            [
              148562.59420000296,
              578607.65520000271
            ],
            [
              148558.36089999974,
              578604.74170000106
            ],
            [
              148553.12859999947,
              578599.06179999933
            ],
            [
              148551.95750000048,
              578597.09679999948
            ],
            [
              148550.39200000186,
              578588.75180000253
            ],
            [
              148554.66500000097,
              578579.12360000238
            ],
            [
              148554.95069999993,
              578578.79609999992
            ],
            [
              148549.86780000012,
              578574.56670000032
            ],
            [
              148542.85480000265,
              578579.25320000015
            ],
            [
              148534.47609999962,
              578581.54780000262
            ],
            [
              148529.42760000098,
              578585.19859999977
            ],
            [
              148527.43099999987,
              578584.63419999927
            ],
            [
              148526.73790000286,
              578584.76879999973
            ],
            [
              148515.83049999923,
              578592.3078999985
            ],
            [
              148515.10749999993,
              578593.91680000164
            ],
            [
              148514.70280000288,
              578591.41250000335
            ],
            [
              148515.02649999969,
              578587.67960000224
            ],
            [
              148518.39240000118,
              578582.93229999952
            ],
            [
              148517.09970000014,
              578574.52979999967
            ],
            [
              148515.88200000115,
              578573.41159999929
            ],
            [
              148513.06649999972,
              578572.0596000012
            ],
            [
              148509.48660000041,
              578569.42310000025
            ],
            [
              148503.88270000089,
              578564.52710000053
            ],
            [
              148490.65230000112,
              578560.64650000259
            ],
            [
              148472.39200000186,
              578558.66740000062
            ],
            [
              148457.78000000212,
              578548.69219999947
            ],
            [
              148456.02620000206,
              578546.81450000219
            ],
            [
              148449.02630000096,
              578539.44330000132
            ],
            [
              148444.58980000298,
              578533.55380000174
            ],
            [
              148436.91280000005,
              578518.25060000271
            ],
            [
              148430.63930000179,
              578507.82320000045
            ],
            [
              148429.40460000001,
              578505.16070000082
            ],
            [
              148424.97030000016,
              578487.84620000049
            ],
            [
              148418.97730000038,
              578475.06320000067
            ],
            [
              148415.83420000225,
              578458.81980000064
            ],
            [
              148411.18230000138,
              578445.65619999915
            ],
            [
              148402.93880000338,
              578434.21760000102
            ],
            [
              148392.92210000381,
              578414.30520000122
            ],
            [
              148387.36890000012,
              578404.57110000215
            ],
            [
              148381.69220000226,
              578393.97230000049
            ],
            [
              148376.54950000066,
              578379.08139999956
            ],
            [
              148377.09109999985,
              578377.16140000336
            ],
            [
              148374.10320000164,
              578372.75149999931
            ],
            [
              148371.01619999949,
              578369.00280000083
            ],
            [
              148377.16930000298,
              578368.43400000036
            ],
            [
              148376.83550000004,
              578367.01250000112
            ],
            [
              148375.58710000012,
              578362.16379999742
            ],
            [
              148375.97329999972,
              578359.01669999957
            ],
            [
              148378.89680000301,
              578354.62850000151
            ],
            [
              148371.71170000266,
              578356.31740000099
            ],
            [
              148363.5318,
              578349.13970000111
            ],
            [
              148363.09880000073,
              578348.37950000167
            ],
            [
              148359.59139999934,
              578345.87090000138
            ],
            [
              148355.45679999888,
              578338.71430000104
            ],
            [
              148354.34250000119,
              578336.41390000284
            ],
            [
              148343.05440000072,
              578325.67380000092
            ],
            [
              148330.20020000078,
              578313.57580000162
            ],
            [
              148322.24610000011,
              578304.77779999934
            ],
            [
              148319.53990000114,
              578302.90600000136
            ],
            [
              148306.55740000214,
              578295.07930000313
            ],
            [
              148292.80900000315,
              578285.19199999981
            ],
            [
              148281.6705000028,
              578272.44140000083
            ],
            [
              148270.63200000115,
              578256.81519999914
            ],
            [
              148267.85790000018,
              578253.5391000025
            ],
            [
              148261.54519999959,
              578249.84800000116
            ],
            [
              148252.21210000012,
              578243.63590000011
            ],
            [
              148250.48850000091,
              578241.89770000055
            ],
            [
              148238.22149999999,
              578234.02000000142
            ],
            [
              148237.28190000076,
              578233.70030000433
            ],
            [
              148225.75030000228,
              578228.88829999976
            ],
            [
              148219.91190000065,
              578221.98440000229
            ],
            [
              148211.63050000183,
              578211.64420000277
            ],
            [
              148206.96210000385,
              578204.13740000129
            ],
            [
              148201.88370000105,
              578200.68980000354
            ],
            [
              148190.17280000076,
              578196.7442000024
            ],
            [
              148180.24540000036,
              578193.47590000182
            ],
            [
              148179.44050000235,
              578193.42520000227
            ],
            [
              148173.54250000138,
              578189.97340000235
            ],
            [
              148166.80640000198,
              578182.37730000168
            ],
            [
              148156.46820000093,
              578174.84120000154
            ],
            [
              148141.85810000077,
              578167.69490000233
            ],
            [
              148138.83700000029,
              578165.06240000203
            ],
            [
              148132.18589999992,
              578159.24290000275
            ],
            [
              148125.39670000039,
              578153.7685000021
            ],
            [
              148112.79069999885,
              578149.52170000225
            ],
            [
              148108.01440000068,
              578148.35170000419
            ],
            [
              148093.65840000007,
              578147.55829999968
            ],
            [
              148083.67679999862,
              578140.41080000065
            ],
            [
              148067.79240000155,
              578137.2268000003
            ],
            [
              148049.66260000132,
              578144.39340000041
            ],
            [
              148032.70940000098,
              578150.83619999886
            ],
            [
              148023.50730000064,
              578150.22450000234
            ],
            [
              148013.22050000168,
              578149.68469999917
            ],
            [
              148004.2665000027,
              578143.95430000126
            ],
            [
              147994.35639999993,
              578137.60650000162
            ],
            [
              147986.20000000205,
              578131.90830000304
            ],
            [
              147981.7352,
              578126.29850000329
            ],
            [
              147977.68529999908,
              578120.91860000044
            ],
            [
              147974.91569999978,
              578113.70700000413
            ],
            [
              147971.20070000179,
              578104.08239999972
            ],
            [
              147963.9979000017,
              578098.60150000267
            ],
            [
              147956.5316000022,
              578094.66670000181
            ],
            [
              147946.03690000158,
              578088.11800000258
            ],
            [
              147938.39360000007,
              578079.52309999987
            ],
            [
              147926.87310000136,
              578073.01819999889
            ],
            [
              147918.25490000192,
              578058.53090000153
            ],
            [
              147904.92520000134,
              578049.62780000456
            ],
            [
              147889.76160000078,
              578043.74139999971
            ],
            [
              147877.43159999885,
              578037.6697000023
            ],
            [
              147866.19630000181,
              578034.2704000026
            ],
            [
              147863.32160000131,
              578020.98420000449
            ],
            [
              147865.83970000222,
              578014.08349999972
            ],
            [
              147870.34490000084,
              578006.23980000243
            ],
            [
              147871.87480000034,
              578001.85730000213
            ],
            [
              147880.43960000295,
              577993.89489999972
            ],
            [
              147888.66679999977,
              577982.74340000004
            ],
            [
              147891.49470000062,
              577974.64980000071
            ],
            [
              147885.90039999969,
              577967.90269999951
            ],
            [
              147882.6595999999,
              577956.24690000154
            ],
            [
              147878.77220000047,
              577947.4235999994
            ],
            [
              147878.68710000068,
              577944.46560000069
            ],
            [
              147878.25349999964,
              577937.77890000306
            ],
            [
              147877.58440000098,
              577930.03300000168
            ],
            [
              147878.19010000117,
              577920.77190000005
            ],
            [
              147876.86240000091,
              577913.94200000353
            ],
            [
              147871.28370000329,
              577892.18779999949
            ],
            [
              147859.66060000099,
              577870.69529999979
            ],
            [
              147859.33539999928,
              577867.14329999872
            ],
            [
              147856.3133000033,
              577865.55279999971
            ],
            [
              147850.42020000052,
              577847.77350000106
            ],
            [
              147838.68159999978,
              577831.38940000348
            ],
            [
              147837.03460000269,
              577826.61769999936
            ],
            [
              147830.91909999959,
              577829.67080000415
            ],
            [
              147807.4748000009,
              577818.43160000071
            ],
            [
              147797.68300000113,
              577808.70600000024
            ],
            [
              147792.29060000088,
              577796.56160000339
            ],
            [
              147796.49129999988,
              577790.73870000802
            ],
            [
              147804.90160000138,
              577782.84219999984
            ],
            [
              147812.2880000025,
              577777.62250000238
            ],
            [
              147818.77940000035,
              577772.13869999908
            ],
            [
              147818.78380000126,
              577772.83640000224
            ],
            [
              147829.2519000005,
              577765.79219999909
            ],
            [
              147829.95760000404,
              577766.48550000228
            ],
            [
              147848.16229999997,
              577762.88130000047
            ],
            [
              147866.34629999939,
              577757.17450000346
            ],
            [
              147878.95820000116,
              577756.39690000005
            ],
            [
              147902.79700000025,
              577757.64149999991
            ],
            [
              147918.9243999999,
              577758.24670000002
            ],
            [
              147936.42770000361,
              577754.63780000247
            ]
          ]
        ]
      }
    },
    {
      "attributes" : {
        "FID" : 1,
        "PMNTN_SN" : 22985,
        "MNTN_CODE" : "287102001",
        "MNTN_NM" : "별악봉",
        "PMNTN_NM" : "양사면철산리-강화군교산리구간",
        "PMNTN_MAIN" : " ",
        "PMNTN_LT" : 0.3,
        "PMNTN_DFFL" : "쉬움",
        "PMNTN_UPPL" : 5,
        "PMNTN_GODN" : 4,
        "PMNTN_MTRQ" : "토사",
        "PMNTN_CNRL" : " ",
        "PMNTN_CLS_" : " ",
        "PMNTN_RISK" : " ",
        "PMNTN_RECO" : " ",
        "DATA_STDR_" : "2016-12-31",
        "MNTN_ID" : "287102001"
      },
      "geometry" : {
        "paths" : [
          [
            [
              148846.51169999968,
              579405.61219999939
            ],
            [
              148867.48749999981,
              579397.10830000229
            ],
            [
              148879.32630000077,
              579385.16310000047
            ],
            [
              148903.74880000204,
              579368.26460000128
            ],
            [
              148903.74010000005,
              579366.86910000071
            ],
            [
              148913.50460000057,
              579358.43510000221
            ],
            [
              148963.23570000008,
              579353.23269999959
            ],
            [
              148982.83540000115,
              579348.92450000159
            ],
            [
              148984.23770000041,
              579348.91579999961
            ],
            [
              149003.12760000117,
              579343.2164000012
            ],
            [
              149008.66909999959,
              579333.4130000025
            ],
            [
              149035.89110000059,
              579314.39499999955
            ],
            [
              149047.06799999997,
              579308.74350000359
            ],
            [
              149059.65900000278,
              579303.78110000305
            ],
            [
              149064.52110000234,
              579297.470900001
            ],
            [
              149078.47559999954,
              579286.21060000174
            ],
            [
              149103.16000000108,
              579273.73040000163
            ]
          ]
        ]
      }
    },
    {
      "attributes" : {
        "FID" : 2,
        "PMNTN_SN" : 22986,
        "MNTN_CODE" : "287102001",
        "MNTN_NM" : "별악봉",
        "PMNTN_NM" : "양사면철산리-강화군교산리구간",
        "PMNTN_MAIN" : " ",
        "PMNTN_LT" : 3.32,
        "PMNTN_DFFL" : "쉬움",
        "PMNTN_UPPL" : 59,
        "PMNTN_GODN" : 41,
        "PMNTN_MTRQ" : "토사",
        "PMNTN_CNRL" : " ",
        "PMNTN_CLS_" : " ",
        "PMNTN_RISK" : " ",
        "PMNTN_RECO" : " ",
        "DATA_STDR_" : "2016-12-31",
        "MNTN_ID" : "287102001"
      },
      "geometry" : {
        "paths" : [
          [
            [
              150433.43600000162,
              580394.06550000422
            ],
            [
              150430.23270000052,
              580397.6854000017
            ],
            [
              150426.18059999961,
              580402.52910000086
            ],
            [
              150422.46210000385,
              580406.39410000108
            ],
            [
              150419.84540000279,
              580409.3684000019
            ],
            [
              150409.37060000096,
              580421.21949999966
            ],
            [
              150408.24120000284,
              580427.30170000345
            ],
            [
              150407.36530000065,
              580427.67900000326
            ],
            [
              150389.76350000035,
              580447.23939999938
            ],
            [
              150349.38030000031,
              580470.57509999909
            ],
            [
              150359.23280000128,
              580499.93420000188
            ],
            [
              150356.58270000201,
              580519.38580000028
            ],
            [
              150355.03019999992,
              580544.63640000112
            ],
            [
              150356.29000000283,
              580571.18170000054
            ],
            [
              150359.66050000023,
              580596.49560000002
            ],
            [
              150360.50620000064,
              580607.01310000382
            ],
            [
              150358.39790000021,
              580619.6232000012
            ],
            [
              150356.90830000024,
              580629.59650000744
            ],
            [
              150355.03210000228,
              580642.77270000242
            ],
            [
              150353.13390000071,
              580652.29260000214
            ],
            [
              150351.40930000041,
              580661.22530000098
            ],
            [
              150339.96210000105,
              580672.07760000415
            ],
            [
              150330.67219999991,
              580679.6325000003
            ],
            [
              150317.85130000114,
              580687.86940000206
            ],
            [
              150299.68120000046,
              580691.38430000097
            ],
            [
              150280.82930000126,
              580695.65699999966
            ],
            [
              150269.44100000057,
              580699.13110000268
            ],
            [
              150248.26360000111,
              580705.71600000188
            ],
            [
              150231.65169999935,
              580710.62659999728
            ],
            [
              150218.60450000037,
              580715.56210000254
            ],
            [
              150205.99870000128,
              580721.49040000141
            ],
            [
              150193.03020000271,
              580724.79729999974
            ],
            [
              150174.90570000093,
              580723.65120000206
            ],
            [
              150169.55800000113,
              580722.88340000063
            ],
            [
              150152.61530000158,
              580724.33510000259
            ],
            [
              150141.20820000023,
              580734.42440000176
            ],
            [
              150139.62210000027,
              580738.1742000021
            ],
            [
              150135.64180000126,
              580753.58680000342
            ],
            [
              150132.94880000129,
              580760.99039999954
            ],
            [
              150131.00420000032,
              580772.53879999928
            ],
            [
              150097.42750000302,
              580752.11590000056
            ],
            [
              150098.72640000004,
              580765.5055999998
            ],
            [
              150099.89309999999,
              580769.26640000008
            ],
            [
              150104.50760000013,
              580780.56120000221
            ],
            [
              150103.10200000089,
              580788.51520000212
            ],
            [
              150103.58760000393,
              580794.34569999948
            ],
            [
              150100.29089999944,
              580800.77610000223
            ],
            [
              150094.76400000416,
              580805.7313000001
            ],
            [
              150088.4765999997,
              580820.34850000218
            ],
            [
              150087.49810000136,
              580830.57930000126
            ],
            [
              150086.94969999976,
              580830.19190000743
            ],
            [
              150075.68779999949,
              580824.05459999852
            ],
            [
              150063.6669000024,
              580815.67970000207
            ],
            [
              150051.37340000179,
              580808.58110000193
            ],
            [
              150034.66620000172,
              580797.75060000271
            ],
            [
              150027.11870000046,
              580793.22829999961
            ],
            [
              150016.45920000039,
              580787.85969999991
            ],
            [
              149998.3702999996,
              580773.12070000358
            ],
            [
              149976.19780000113,
              580759.18820000067
            ],
            [
              149951.43059999961,
              580754.24970000237
            ],
            [
              149927.97280000057,
              580752.28050000034
            ],
            [
              149907.89580000378,
              580756.49650000036
            ],
            [
              149886.32629999984,
              580756.79530000128
            ],
            [
              149866.38500000071,
              580759.03810000047
            ],
            [
              149843.87960000057,
              580761.9664000012
            ],
            [
              149817.67599999998,
              580757.48360000364
            ],
            [
              149788.38940000162,
              580748.46090000309
            ],
            [
              149762.72580000013,
              580739.36030000076
            ],
            [
              149757.09240000136,
              580730.78430000134
            ],
            [
              149749.0819000015,
              580732.36350000463
            ],
            [
              149722.60160000157,
              580722.47720000148
            ],
            [
              149704.92480000202,
              580714.90040000156
            ],
            [
              149692.70300000068,
              580705.12230000272
            ],
            [
              149680.52320000343,
              580688.96170000359
            ],
            [
              149673.07100000139,
              580674.72599999979
            ],
            [
              149671.4226000011,
              580670.67960000224
            ],
            [
              149667.34530000295,
              580658.02340000123
            ],
            [
              149662.06130000018,
              580644.76060000062
            ],
            [
              149654.7796000028,
              580631.87299999967
            ],
            [
              149648.11110000405,
              580617.89290000126
            ],
            [
              149637.06340000127,
              580603.43730000034
            ],
            [
              149631.11280000117,
              580598.24510000087
            ],
            [
              149619.69849999994,
              580587.81090000458
            ],
            [
              149619.23860000074,
              580570.55519999936
            ],
            [
              149622.72300000116,
              580567.1099999994
            ],
            [
              149633.85420000181,
              580561.44099999964
            ],
            [
              149645.47469999921,
              580550.09359999932
            ],
            [
              149647.19530000165,
              580546.64070000313
            ],
            [
              149653.35390000045,
              580531.56810000166
            ],
            [
              149659.86430000048,
              580514.89300000295
            ],
            [
              149659.70720000379,
              580496.44449999928
            ],
            [
              149660.75540000014,
              580482.00790000148
            ],
            [
              149667.02700000163,
              580469.7164000012
            ],
            [
              149668.57110000122,
              580468.78590000048
            ],
            [
              149689.87000000104,
              580469.96749999747
            ],
            [
              149703.0390999997,
              580478.92090000026
            ],
            [
              149703.74420000333,
              580479.56780000031
            ],
            [
              149713.28249999974,
              580486.14310000464
            ],
            [
              149731.66330000013,
              580490.48740000091
            ],
            [
              149740.35080000386,
              580479.79080000147
            ],
            [
              149739.59660000354,
              580472.31509999931
            ],
            [
              149742.53050000034,
              580460.89069999941
            ],
            [
              149742.30250000395,
              580459.80350000039
            ],
            [
              149741.1015000036,
              580457.70820000209
            ],
            [
              149738.30230000149,
              580453.74330000393
            ],
            [
              149736.90230000112,
              580451.68640000187
            ],
            [
              149733.46050000377,
              580436.76550000161
            ],
            [
              149728.4028000012,
              580421.8917000033
            ],
            [
              149726.25820000097,
              580417.54140000232
            ],
            [
              149720.70210000034,
              580403.24750000052
            ],
            [
              149718.39890000131,
              580385.0447000023
            ],
            [
              149720.88300000038,
              580372.46939999983
            ],
            [
              149724.33189999964,
              580357.16220000386
            ],
            [
              149726.14209999982,
              580344.20950000174
            ],
            [
              149727.39260000177,
              580335.07489999942
            ],
            [
              149729.84060000069,
              580331.08720000274
            ],
            [
              149730.63039999921,
              580331.10100000165
            ],
            [
              149731.33260000031,
              580326.4541000016
            ],
            [
              149729.07810000237,
              580323.46280000173
            ],
            [
              149731.57130000275,
              580316.00439999998
            ],
            [
              149732.42090000119,
              580312.51970000006
            ],
            [
              149736.45770000387,
              580302.82829999737
            ],
            [
              149744.37640000042,
              580284.64690000005
            ],
            [
              149748.00859999936,
              580267.92440000176
            ],
            [
              149754.89990000147,
              580247.06970000081
            ],
            [
              149765.78640000243,
              580232.65680000186
            ],
            [
              149786.13760000095,
              580216.35320000537
            ],
            [
              149794.21480000019,
              580209.60520000197
            ],
            [
              149808.42320000008,
              580194.07420000248
            ],
            [
              149809.47440000251,
              580176.46499999985
            ],
            [
              149807.24590000417,
              580170.47760000452
            ],
            [
              149809.03470000159,
              580153.98039999977
            ],
            [
              149813.5447000023,
              580140.76940000057
            ],
            [
              149813.52320000064,
              580139.68100000173
            ],
            [
              149810.41370000131,
              580112.67240000144
            ],
            [
              149808.14830000326,
              580106.68539999984
            ],
            [
              149801.67700000387,
              580086.34020000137
            ],
            [
              149797.7182,
              580071.3479999993
            ],
            [
              149796.37180000264,
              580069.62570000067
            ],
            [
              149791.14480000269,
              580056.05550000072
            ],
            [
              149791.90450000111,
              580035.4151000008
            ],
            [
              149793.42660000362,
              580027.23699999973
            ],
            [
              149793.41339999996,
              580008.13640000112
            ],
            [
              149791.36820000131,
              580004.38090000115
            ],
            [
              149789.78860000055,
              579991.04890000261
            ],
            [
              149790.40270000417,
              579981.61110000312
            ],
            [
              149800.02390000224,
              579965.4010000024
            ],
            [
              149802.23060000129,
              579943.61659999937
            ],
            [
              149802.18460000027,
              579942.11910000071
            ],
            [
              149802.45510000084,
              579938.06090000272
            ],
            [
              149805.9084999999,
              579924.65170000121
            ],
            [
              149818.77580000367,
              579903.35129999928
            ],
            [
              149825.39180000219,
              579888.10850000009
            ],
            [
              149828.76920000091,
              579873.09019999951
            ],
            [
              149830.75690000132,
              579858.95500000194
            ],
            [
              149834.46520000231,
              579842.53910000436
            ],
            [
              149834.41530000418,
              579829.51410000026
            ],
            [
              149834.38000000361,
              579828.56530000083
            ],
            [
              149829.17130000051,
              579820.41910000145
            ],
            [
              149824.35670000315,
              579807.92550000362
            ],
            [
              149818.02759999968,
              579795.20859999955
            ],
            [
              149816.60120000131,
              579788.83490000106
            ],
            [
              149820.39989999961,
              579781.18270000443
            ],
            [
              149820.67410000321,
              579775.30090000108
            ],
            [
              149822.82060000021,
              579769.05430000089
            ],
            [
              149824.3928000005,
              579760.6063000001
            ],
            [
              149821.84130000044,
              579751.29010000266
            ],
            [
              149821.6117000021,
              579739.04770000465
            ],
            [
              149820.99009999912,
              579735.14389999956
            ],
            [
              149825.34779999964,
              579727.17190000042
            ],
            [
              149826.58270000108,
              579716.66039999947
            ],
            [
              149828.62579999864,
              579710.38650000282
            ],
            [
              149846.85769999959,
              579706.99110000022
            ],
            [
              149853.74610000197,
              579709.75880000181
            ],
            [
              149860.16190000158,
              579711.27350000292
            ],
            [
              149843.32730000094,
              579701.75600000098
            ],
            [
              149843.23840000015,
              579702.03639999963
            ],
            [
              149842.40630000085,
              579702.00340000167
            ],
            [
              149838.31010000128,
              579697.19979999959
            ],
            [
              149822.03010000102,
              579690.24670000188
            ],
            [
              149813.32210000139,
              579684.42920000106
            ],
            [
              149804.93960000202,
              579678.72130000219
            ],
            [
              149795.15180000104,
              579676.15740000457
            ],
            [
              149789.04690000135,
              579672.37070000172
            ],
            [
              149786.83530000411,
              579672.79360000044
            ],
            [
              149787.27300000004,
              579669.53460000269
            ],
            [
              149788.58079999965,
              579667.35890000314
            ],
            [
              149790.96679999959,
              579665.2602000013
            ],
            [
              149790.5074000014,
              579661.33680000156
            ],
            [
              149791.02630000003,
              579661.71510000341
            ],
            [
              149788.68960000109,
              579659.78490000032
            ],
            [
              149788.45170000009,
              579659.49789999984
            ],
            [
              149792.19710000139,
              579657.62360000052
            ],
            [
              149794.50810000207,
              579650.51080000214
            ],
            [
              149793.13190000225,
              579646.31379999965
            ],
            [
              149789.44249999896,
              579644.06609999947
            ],
            [
              149785.38400000054,
              579640.58349999972
            ],
            [
              149782.3546000002,
              579641.26250000112
            ],
            [
              149770.82980000321,
              579641.93759999983
            ],
            [
              149762.02560000028,
              579636.07410000078
            ],
            [
              149751.62820000201,
              579630.39720000327
            ],
            [
              149746.97220000159,
              579624.56420000084
            ],
            [
              149727.12160000019,
              579623.98760000058
            ],
            [
              149710.01350000128,
              579622.91059999913
            ],
            [
              149708.30640000198,
              579622.55820000172
            ],
            [
              149695.23060000129,
              579624.25699999928
            ],
            [
              149681.04559999984,
              579623.22730000131
            ],
            [
              149669.00490000192,
              579614.36009999923
            ],
            [
              149660.78280000016,
              579599.90570000187
            ],
            [
              149658.549300001,
              579593.15550000221
            ],
            [
              149653.3432,
              579584.27440000325
            ],
            [
              149641.61110000033,
              579567.98080000095
            ],
            [
              149626.13320000097,
              579552.27760000527
            ],
            [
              149602.09039999917,
              579536.09679999948
            ],
            [
              149597.96600000095,
              579530.3257999979
            ],
            [
              149592.01060000062,
              579523.26349999756
            ],
            [
              149589.06980000064,
              579520.33220000193
            ],
            [
              149586.85109999962,
              579518.41060000286
            ],
            [
              149583.77170000225,
              579514.54040000215
            ],
            [
              149578.48540000059,
              579509.46510000341
            ],
            [
              149567.98550000228,
              579495.54580000229
            ],
            [
              149563.3844000008,
              579485.46070000157
            ],
            [
              149551.67550000083,
              579475.39150000364
            ],
            [
              149530.41959999967,
              579459.96580000035
            ],
            [
              149516.74370000139,
              579448.12230000459
            ],
            [
              149515.10830000043,
              579446.22500000149
            ],
            [
              149509.91630000342,
              579440.89800000004
            ],
            [
              149507.55290000048,
              579438.26080000214
            ],
            [
              149494.49490000214,
              579426.06000000238
            ],
            [
              149481.75420000218,
              579410.27530000173
            ],
            [
              149466.7282000035,
              579397.34219999984
            ],
            [
              149463.99040000141,
              579392.63269999996
            ],
            [
              149443.89480000176,
              579373.90670000017
            ],
            [
              149421.03089999966,
              579379.13629999757
            ],
            [
              149396.53550000116,
              579379.54730000161
            ],
            [
              149387.30439999979,
              579372.7658000011
            ],
            [
              149386.41230000369,
              579372.92030000314
            ],
            [
              149382.79960000142,
              579374.78460000269
            ],
            [
              149380.72020000219,
              579371.51320000365
            ],
            [
              149379.25000000093,
              579371.29890000075
            ],
            [
              149372.2731999997,
              579373.42579999939
            ],
            [
              149370.12500000279,
              579375.7742999997
            ],
            [
              149361.74350000173,
              579379.92889999971
            ],
            [
              149352.78520000074,
              579381.50990000181
            ],
            [
              149336.40550000127,
              579384.92280000448
            ],
            [
              149319.83720000088,
              579386.48560000397
            ],
            [
              149299.64670000132,
              579387.14949999936
            ],
            [
              149282.04470000323,
              579385.0623000022
            ],
            [
              149273.16330000013,
              579381.14430000074
            ],
            [
              149258.38100000005,
              579371.89449999854
            ],
            [
              149245.77860000078,
              579365.45030000247
            ],
            [
              149228.57299999986,
              579361.79759999923
            ],
            [
              149210.01690000203,
              579354.61800000444
            ],
            [
              149190.68969999999,
              579342.11199999973
            ],
            [
              149177.09040000103,
              579333.20850000158
            ],
            [
              149164.49629999977,
              579322.14039999992
            ],
            [
              149153.79609999992,
              579315.38690000027
            ],
            [
              149144.92610000167,
              579309.74770000391
            ],
            [
              149135.10490000248,
              579301.9002000019
            ],
            [
              149118.26710000075,
              579287.34149999917
            ],
            [
              149114.81820000336,
              579284.65540000424
            ],
            [
              149103.16000000108,
              579273.73040000163
            ]
          ]
        ]
      }
    }
  ]
}