{
  "displayFieldName" : "",
  "fieldAliases" : {
    "FID" : "FID",
    "PMNTN_SPOT" : "PMNTN_SPOT",
    "MNTN_CODE" : "MNTN_CODE",
    "MANAGE_SP1" : "MANAGE_SP1",
    "MANAGE_SP2" : "MANAGE_SP2",
    "DETAIL_SPO" : "DETAIL_SPO",
    "ETC_MATTER" : "ETC_MATTER",
    "MNTN_NM" : "MNTN_NM",
    "PAST_SPOT_" : "PAST_SPOT_",
    "MNTN_ID" : "MNTN_ID"
  },
  "geometryType" : "esriGeometryPoint",
  "spatialReference" : {
    "wkt" : "PROJCS[\"PCS_ITRF2000_TM\",GEOGCS[\"GCS_ITRF_2000\",DATUM[\"D_ITRF_2000\",SPHEROID[\"GRS_1980\",6378137.0,298.257222101]],PRIMEM[\"Greenwich\",0.0],UNIT[\"Degree\",0.0174532925199433]],PROJECTION[\"Transverse_Mercator\"],PARAMETER[\"False_Easting\",200000.0],PARAMETER[\"False_Northing\",600000.0],PARAMETER[\"Central_Meridian\",127.0],PARAMETER[\"Scale_Factor\",1.0],PARAMETER[\"Latitude_Of_Origin\",38.0],UNIT[\"Meter\",1.0]]"
  },
  "fields" : [
    {
      "name" : "FID",
      "type" : "esriFieldTypeOID",
      "alias" : "FID"
    },
    {
      "name" : "PMNTN_SPOT",
      "type" : "esriFieldTypeDouble",
      "alias" : "PMNTN_SPOT"
    },
    {
      "name" : "MNTN_CODE",
      "type" : "esriFieldTypeString",
      "alias" : "MNTN_CODE",
      "length" : 9
    },
    {
      "name" : "MANAGE_SP1",
      "type" : "esriFieldTypeString",
      "alias" : "MANAGE_SP1",
      "length" : 2
    },
    {
      "name" : "MANAGE_SP2",
      "type" : "esriFieldTypeString",
      "alias" : "MANAGE_SP2",
      "length" : 50
    },
    {
      "name" : "DETAIL_SPO",
      "type" : "esriFieldTypeString",
      "alias" : "DETAIL_SPO",
      "length" : 200
    },
    {
      "name" : "ETC_MATTER",
      "type" : "esriFieldTypeString",
      "alias" : "ETC_MATTER",
      "length" : 200
    },
    {
      "name" : "MNTN_NM",
      "type" : "esriFieldTypeString",
      "alias" : "MNTN_NM",
      "length" : 50
    },
    {
      "name" : "PAST_SPOT_",
      "type" : "esriFieldTypeString",
      "alias" : "PAST_SPOT_",
      "length" : 14
    },
    {
      "name" : "MNTN_ID",
      "type" : "esriFieldTypeString",
      "alias" : "MNTN_ID",
      "length" : 10
    }
  ],
  "features" : [
    {
      "attributes" : {
        "FID" : 0,
        "PMNTN_SPOT" : 74786,
        "MNTN_CODE" : "491101603",
        "MANAGE_SP1" : "99",
        "MANAGE_SP2" : "기타",
        "DETAIL_SPO" : "표석,철문",
        "ETC_MATTER" : " ",
        "MNTN_NM" : "이달이촛대봉",
        "PAST_SPOT_" : "4911016030001",
        "MNTN_ID" : "491101603"
      },
      "geometry" : {
        "x" : 138839.05730000138,
        "y" : 86108.689700001851
      }
    },
    {
      "attributes" : {
        "FID" : 1,
        "PMNTN_SPOT" : 74787,
        "MNTN_CODE" : "491101603",
        "MANAGE_SP1" : "23",
        "MANAGE_SP2" : "정상",
        "DETAIL_SPO" : "정상밎조망점,등하로전경",
        "ETC_MATTER" : " ",
        "MNTN_NM" : "이달이촛대봉",
        "PAST_SPOT_" : "4911016030002",
        "MNTN_ID" : "491101603"
      },
      "geometry" : {
        "x" : 139228.35309999995,
        "y" : 86063.43779999949
      }
    },
    {
      "attributes" : {
        "FID" : 2,
        "PMNTN_SPOT" : 74788,
        "MNTN_CODE" : "491101603",
        "MANAGE_SP1" : "01",
        "MANAGE_SP2" : "시종점",
        "DETAIL_SPO" : "시종점",
        "ETC_MATTER" : " ",
        "MNTN_NM" : "이달이촛대봉",
        "PAST_SPOT_" : "4911016030003",
        "MNTN_ID" : "491101603"
      },
      "geometry" : {
        "x" : 138837.93740000017,
        "y" : 86106.313100002706
      }
    },
    {
      "attributes" : {
        "FID" : 3,
        "PMNTN_SPOT" : 74789,
        "MNTN_CODE" : "491101603",
        "MANAGE_SP1" : "02",
        "MANAGE_SP2" : "분기점",
        "DETAIL_SPO" : "분기점",
        "ETC_MATTER" : " ",
        "MNTN_NM" : "이달이촛대봉",
        "PAST_SPOT_" : "4911016030004",
        "MNTN_ID" : "491101603"
      },
      "geometry" : {
        "x" : 138935.93460000027,
        "y" : 86158.160000002012
      }
    },
    {
      "attributes" : {
        "FID" : 4,
        "PMNTN_SPOT" : 98978,
        "MNTN_CODE" : "491101603",
        "MANAGE_SP1" : "23",
        "MANAGE_SP2" : "정상",
        "DETAIL_SPO" : "정상, 조망점",
        "ETC_MATTER" : " ",
        "MNTN_NM" : "이달이촛대봉",
        "PAST_SPOT_" : "4911016030005",
        "MNTN_ID" : "491101603"
      },
      "geometry" : {
        "x" : 139181.51040000009,
        "y" : 86063.93610000133
      }
    }
  ]
}