{
  "displayFieldName" : "",
  "fieldAliases" : {
    "FID" : "FID",
    "PMNTN_SPOT" : "PMNTN_SPOT",
    "MNTN_CODE" : "MNTN_CODE",
    "MANAGE_SP1" : "MANAGE_SP1",
    "MANAGE_SP2" : "MANAGE_SP2",
    "DETAIL_SPO" : "DETAIL_SPO",
    "ETC_MATTER" : "ETC_MATTER",
    "MNTN_NM" : "MNTN_NM",
    "PAST_SPOT_" : "PAST_SPOT_",
    "MNTN_ID" : "MNTN_ID"
  },
  "geometryType" : "esriGeometryPoint",
  "spatialReference" : {
    "wkt" : "PROJCS[\"PCS_ITRF2000_TM\",GEOGCS[\"GCS_ITRF_2000\",DATUM[\"D_ITRF_2000\",SPHEROID[\"GRS_1980\",6378137.0,298.257222101]],PRIMEM[\"Greenwich\",0.0],UNIT[\"Degree\",0.0174532925199433]],PROJECTION[\"Transverse_Mercator\"],PARAMETER[\"False_Easting\",200000.0],PARAMETER[\"False_Northing\",600000.0],PARAMETER[\"Central_Meridian\",127.0],PARAMETER[\"Scale_Factor\",1.0],PARAMETER[\"Latitude_Of_Origin\",38.0],UNIT[\"Meter\",1.0]]"
  },
  "fields" : [
    {
      "name" : "FID",
      "type" : "esriFieldTypeOID",
      "alias" : "FID"
    },
    {
      "name" : "PMNTN_SPOT",
      "type" : "esriFieldTypeDouble",
      "alias" : "PMNTN_SPOT"
    },
    {
      "name" : "MNTN_CODE",
      "type" : "esriFieldTypeString",
      "alias" : "MNTN_CODE",
      "length" : 9
    },
    {
      "name" : "MANAGE_SP1",
      "type" : "esriFieldTypeString",
      "alias" : "MANAGE_SP1",
      "length" : 2
    },
    {
      "name" : "MANAGE_SP2",
      "type" : "esriFieldTypeString",
      "alias" : "MANAGE_SP2",
      "length" : 50
    },
    {
      "name" : "DETAIL_SPO",
      "type" : "esriFieldTypeString",
      "alias" : "DETAIL_SPO",
      "length" : 200
    },
    {
      "name" : "ETC_MATTER",
      "type" : "esriFieldTypeString",
      "alias" : "ETC_MATTER",
      "length" : 200
    },
    {
      "name" : "MNTN_NM",
      "type" : "esriFieldTypeString",
      "alias" : "MNTN_NM",
      "length" : 50
    },
    {
      "name" : "PAST_SPOT_",
      "type" : "esriFieldTypeString",
      "alias" : "PAST_SPOT_",
      "length" : 14
    },
    {
      "name" : "MNTN_ID",
      "type" : "esriFieldTypeString",
      "alias" : "MNTN_ID",
      "length" : 10
    }
  ],
  "features" : [
    {
      "attributes" : {
        "FID" : 0,
        "PMNTN_SPOT" : 92549,
        "MNTN_CODE" : "451800104",
        "MANAGE_SP1" : "99",
        "MANAGE_SP2" : "기타",
        "DETAIL_SPO" : "다천암(시점)",
        "ETC_MATTER" : " ",
        "MNTN_NM" : "호남정맥",
        "PAST_SPOT_" : "4518001040001",
        "MNTN_ID" : "451800104"
      },
      "geometry" : {
        "x" : 193575.41610000096,
        "y" : 322451.25459999777
      }
    },
    {
      "attributes" : {
        "FID" : 1,
        "PMNTN_SPOT" : 92550,
        "MNTN_CODE" : "451800104",
        "MANAGE_SP1" : "99",
        "MANAGE_SP2" : "기타",
        "DETAIL_SPO" : "사기점",
        "ETC_MATTER" : " ",
        "MNTN_NM" : "호남정맥",
        "PAST_SPOT_" : "4518001040002",
        "MNTN_ID" : "451800104"
      },
      "geometry" : {
        "x" : 193948.57560000103,
        "y" : 324067.78559999913
      }
    },
    {
      "attributes" : {
        "FID" : 2,
        "PMNTN_SPOT" : 92551,
        "MNTN_CODE" : "451800104",
        "MANAGE_SP1" : "99",
        "MANAGE_SP2" : "기타",
        "DETAIL_SPO" : "구절재출구",
        "ETC_MATTER" : " ",
        "MNTN_NM" : "호남정맥",
        "PAST_SPOT_" : "4518001040003",
        "MNTN_ID" : "451800104"
      },
      "geometry" : {
        "x" : 201398.81920000073,
        "y" : 331380.2949000001
      }
    },
    {
      "attributes" : {
        "FID" : 3,
        "PMNTN_SPOT" : 92552,
        "MNTN_CODE" : "451800104",
        "MANAGE_SP1" : "99",
        "MANAGE_SP2" : "기타",
        "DETAIL_SPO" : "삼각점478",
        "ETC_MATTER" : " ",
        "MNTN_NM" : "호남정맥",
        "PAST_SPOT_" : "4518001040004",
        "MNTN_ID" : "451800104"
      },
      "geometry" : {
        "x" : 199524.34140000213,
        "y" : 331200.02680000104
      }
    },
    {
      "attributes" : {
        "FID" : 4,
        "PMNTN_SPOT" : 92553,
        "MNTN_CODE" : "451800104",
        "MANAGE_SP1" : "99",
        "MANAGE_SP2" : "기타",
        "DETAIL_SPO" : "학선리 마을",
        "ETC_MATTER" : " ",
        "MNTN_NM" : "호남정맥",
        "PAST_SPOT_" : "4518001040005",
        "MNTN_ID" : "451800104"
      },
      "geometry" : {
        "x" : 197285.68520000111,
        "y" : 328126.94249999896
      }
    },
    {
      "attributes" : {
        "FID" : 5,
        "PMNTN_SPOT" : 92554,
        "MNTN_CODE" : "451800104",
        "MANAGE_SP1" : "14",
        "MANAGE_SP2" : "조망점",
        "DETAIL_SPO" : "고당산(조망점)",
        "ETC_MATTER" : " ",
        "MNTN_NM" : "호남정맥",
        "PAST_SPOT_" : "4518001040006",
        "MNTN_ID" : "451800104"
      },
      "geometry" : {
        "x" : 195720.06799999997,
        "y" : 326815.42370000109
      }
    },
    {
      "attributes" : {
        "FID" : 6,
        "PMNTN_SPOT" : 92555,
        "MNTN_CODE" : "451800104",
        "MANAGE_SP1" : "23",
        "MANAGE_SP2" : "정상",
        "DETAIL_SPO" : "고당산(정상)",
        "ETC_MATTER" : " ",
        "MNTN_NM" : "호남정맥",
        "PAST_SPOT_" : "4518001040007",
        "MNTN_ID" : "451800104"
      },
      "geometry" : {
        "x" : 195711.0318,
        "y" : 326817.43920000084
      }
    },
    {
      "attributes" : {
        "FID" : 7,
        "PMNTN_SPOT" : 92556,
        "MNTN_CODE" : "451800104",
        "MANAGE_SP1" : "22",
        "MANAGE_SP2" : "헬기장",
        "DETAIL_SPO" : "헬기장[조망점]",
        "ETC_MATTER" : " ",
        "MNTN_NM" : "호남정맥",
        "PAST_SPOT_" : "4518001040008",
        "MNTN_ID" : "451800104"
      },
      "geometry" : {
        "x" : 195565.02400000021,
        "y" : 326850.90660000034
      }
    },
    {
      "attributes" : {
        "FID" : 8,
        "PMNTN_SPOT" : 92557,
        "MNTN_CODE" : "451800104",
        "MANAGE_SP1" : "99",
        "MANAGE_SP2" : "기타",
        "DETAIL_SPO" : "개운치",
        "ETC_MATTER" : " ",
        "MNTN_NM" : "호남정맥",
        "PAST_SPOT_" : "4518001040009",
        "MNTN_ID" : "451800104"
      },
      "geometry" : {
        "x" : 194954.3674000008,
        "y" : 325791.80179999769
      }
    },
    {
      "attributes" : {
        "FID" : 9,
        "PMNTN_SPOT" : 92558,
        "MNTN_CODE" : "451800104",
        "MANAGE_SP1" : "99",
        "MANAGE_SP2" : "기타",
        "DETAIL_SPO" : "삼각점",
        "ETC_MATTER" : " ",
        "MNTN_NM" : "호남정맥",
        "PAST_SPOT_" : "4518001040010",
        "MNTN_ID" : "451800104"
      },
      "geometry" : {
        "x" : 194517.75390000083,
        "y" : 325659.05379999988
      }
    },
    {
      "attributes" : {
        "FID" : 10,
        "PMNTN_SPOT" : 92559,
        "MNTN_CODE" : "451800104",
        "MANAGE_SP1" : "99",
        "MANAGE_SP2" : "기타",
        "DETAIL_SPO" : "송신탑[임도시작]",
        "ETC_MATTER" : " ",
        "MNTN_NM" : "호남정맥",
        "PAST_SPOT_" : "4518001040011",
        "MNTN_ID" : "451800104"
      },
      "geometry" : {
        "x" : 194171.98139999993,
        "y" : 325106.90730000287
      }
    },
    {
      "attributes" : {
        "FID" : 11,
        "PMNTN_SPOT" : 92560,
        "MNTN_CODE" : "451800104",
        "MANAGE_SP1" : "99",
        "MANAGE_SP2" : "기타",
        "DETAIL_SPO" : "구절재입구",
        "ETC_MATTER" : " ",
        "MNTN_NM" : "호남정맥",
        "PAST_SPOT_" : "4518001040012",
        "MNTN_ID" : "451800104"
      },
      "geometry" : {
        "x" : 201358.78180000186,
        "y" : 331444.66320000216
      }
    },
    {
      "attributes" : {
        "FID" : 12,
        "PMNTN_SPOT" : 92561,
        "MNTN_CODE" : "451800104",
        "MANAGE_SP1" : "99",
        "MANAGE_SP2" : "기타",
        "DETAIL_SPO" : "방성마을",
        "ETC_MATTER" : " ",
        "MNTN_NM" : "호남정맥",
        "PAST_SPOT_" : "4518001040013",
        "MNTN_ID" : "451800104"
      },
      "geometry" : {
        "x" : 205730.23489999957,
        "y" : 331488.37720000185
      }
    },
    {
      "attributes" : {
        "FID" : 13,
        "PMNTN_SPOT" : 92562,
        "MNTN_CODE" : "451800104",
        "MANAGE_SP1" : "99",
        "MANAGE_SP2" : "기타",
        "DETAIL_SPO" : "방성출구",
        "ETC_MATTER" : " ",
        "MNTN_NM" : "호남정맥",
        "PAST_SPOT_" : "4518001040014",
        "MNTN_ID" : "451800104"
      },
      "geometry" : {
        "x" : 206416.42920000013,
        "y" : 331525.44600000046
      }
    },
    {
      "attributes" : {
        "FID" : 14,
        "PMNTN_SPOT" : 92563,
        "MNTN_CODE" : "451800104",
        "MANAGE_SP1" : "99",
        "MANAGE_SP2" : "기타",
        "DETAIL_SPO" : "방성입구(왕나무)",
        "ETC_MATTER" : " ",
        "MNTN_NM" : "호남정맥",
        "PAST_SPOT_" : "4518001040015",
        "MNTN_ID" : "451800104"
      },
      "geometry" : {
        "x" : 205625.37220000103,
        "y" : 331518.08889999986
      }
    },
    {
      "attributes" : {
        "FID" : 15,
        "PMNTN_SPOT" : 92564,
        "MNTN_CODE" : "451800104",
        "MANAGE_SP1" : "99",
        "MANAGE_SP2" : "기타",
        "DETAIL_SPO" : "상두입구",
        "ETC_MATTER" : " ",
        "MNTN_NM" : "호남정맥",
        "PAST_SPOT_" : "4518001040016",
        "MNTN_ID" : "451800104"
      },
      "geometry" : {
        "x" : 206408.61529999971,
        "y" : 331618.69470000081
      }
    },
    {
      "attributes" : {
        "FID" : 16,
        "PMNTN_SPOT" : 92565,
        "MNTN_CODE" : "451800104",
        "MANAGE_SP1" : "14",
        "MANAGE_SP2" : "조망점",
        "DETAIL_SPO" : "조망점(성옥산)",
        "ETC_MATTER" : " ",
        "MNTN_NM" : "호남정맥",
        "PAST_SPOT_" : "4518001040017",
        "MNTN_ID" : "451800104"
      },
      "geometry" : {
        "x" : 207002.31600000057,
        "y" : 331751.71539999731
      }
    },
    {
      "attributes" : {
        "FID" : 17,
        "PMNTN_SPOT" : 92566,
        "MNTN_CODE" : "451800104",
        "MANAGE_SP1" : "14",
        "MANAGE_SP2" : "조망점",
        "DETAIL_SPO" : "조망점2",
        "ETC_MATTER" : " ",
        "MNTN_NM" : "호남정맥",
        "PAST_SPOT_" : "4518001040018",
        "MNTN_ID" : "451800104"
      },
      "geometry" : {
        "x" : 208026.97460000124,
        "y" : 332285.24609999917
      }
    },
    {
      "attributes" : {
        "FID" : 18,
        "PMNTN_SPOT" : 92567,
        "MNTN_CODE" : "451800104",
        "MANAGE_SP1" : "23",
        "MANAGE_SP2" : "정상",
        "DETAIL_SPO" : "묵방산정상[로프]",
        "ETC_MATTER" : " ",
        "MNTN_NM" : "호남정맥",
        "PAST_SPOT_" : "4518001040019",
        "MNTN_ID" : "451800104"
      },
      "geometry" : {
        "x" : 208449.21180000063,
        "y" : 334739.49770000391
      }
    },
    {
      "attributes" : {
        "FID" : 19,
        "PMNTN_SPOT" : 92568,
        "MNTN_CODE" : "451800104",
        "MANAGE_SP1" : "05",
        "MANAGE_SP2" : "벤치",
        "DETAIL_SPO" : "목계단[벤취]",
        "ETC_MATTER" : " ",
        "MNTN_NM" : "호남정맥",
        "PAST_SPOT_" : "4518001040020",
        "MNTN_ID" : "451800104"
      },
      "geometry" : {
        "x" : 208366.58980000205,
        "y" : 334292.92400000058
      }
    },
    {
      "attributes" : {
        "FID" : 20,
        "PMNTN_SPOT" : 92569,
        "MNTN_CODE" : "451800104",
        "MANAGE_SP1" : "99",
        "MANAGE_SP2" : "기타",
        "DETAIL_SPO" : "임도[돌계단,정자]",
        "ETC_MATTER" : " ",
        "MNTN_NM" : "호남정맥",
        "PAST_SPOT_" : "4518001040021",
        "MNTN_ID" : "451800104"
      },
      "geometry" : {
        "x" : 208358.05009999964,
        "y" : 334165.59200000204
      }
    },
    {
      "attributes" : {
        "FID" : 21,
        "PMNTN_SPOT" : 92570,
        "MNTN_CODE" : "451800104",
        "MANAGE_SP1" : "14",
        "MANAGE_SP2" : "조망점",
        "DETAIL_SPO" : "조망점[벤취]",
        "ETC_MATTER" : " ",
        "MNTN_NM" : "호남정맥",
        "PAST_SPOT_" : "4518001040022",
        "MNTN_ID" : "451800104"
      },
      "geometry" : {
        "x" : 208293.85940000042,
        "y" : 333991.89220000431
      }
    },
    {
      "attributes" : {
        "FID" : 22,
        "PMNTN_SPOT" : 92571,
        "MNTN_CODE" : "451800104",
        "MANAGE_SP1" : "05",
        "MANAGE_SP2" : "벤치",
        "DETAIL_SPO" : "벤취",
        "ETC_MATTER" : " ",
        "MNTN_NM" : "호남정맥",
        "PAST_SPOT_" : "4518001040023",
        "MNTN_ID" : "451800104"
      },
      "geometry" : {
        "x" : 208245.59259999916,
        "y" : 333901.38410000317
      }
    },
    {
      "attributes" : {
        "FID" : 23,
        "PMNTN_SPOT" : 92572,
        "MNTN_CODE" : "451800104",
        "MANAGE_SP1" : "05",
        "MANAGE_SP2" : "벤치",
        "DETAIL_SPO" : "벤취",
        "ETC_MATTER" : " ",
        "MNTN_NM" : "호남정맥",
        "PAST_SPOT_" : "4518001040024",
        "MNTN_ID" : "451800104"
      },
      "geometry" : {
        "x" : 208224.31380000059,
        "y" : 333834.89799999818
      }
    },
    {
      "attributes" : {
        "FID" : 24,
        "PMNTN_SPOT" : 92573,
        "MNTN_CODE" : "451800104",
        "MANAGE_SP1" : "05",
        "MANAGE_SP2" : "벤치",
        "DETAIL_SPO" : "벤취",
        "ETC_MATTER" : " ",
        "MNTN_NM" : "호남정맥",
        "PAST_SPOT_" : "4518001040025",
        "MNTN_ID" : "451800104"
      },
      "geometry" : {
        "x" : 208393.20040000044,
        "y" : 333333.72140000015
      }
    },
    {
      "attributes" : {
        "FID" : 25,
        "PMNTN_SPOT" : 92574,
        "MNTN_CODE" : "451800104",
        "MANAGE_SP1" : "99",
        "MANAGE_SP2" : "기타",
        "DETAIL_SPO" : "용두사",
        "ETC_MATTER" : " ",
        "MNTN_NM" : "호남정맥",
        "PAST_SPOT_" : "4518001040026",
        "MNTN_ID" : "451800104"
      },
      "geometry" : {
        "x" : 208409.79669999983,
        "y" : 333252.21969999932
      }
    },
    {
      "attributes" : {
        "FID" : 26,
        "PMNTN_SPOT" : 92575,
        "MNTN_CODE" : "451800104",
        "MANAGE_SP1" : "99",
        "MANAGE_SP2" : "기타",
        "DETAIL_SPO" : "하운암 출구",
        "ETC_MATTER" : " ",
        "MNTN_NM" : "호남정맥",
        "PAST_SPOT_" : "4518001040027",
        "MNTN_ID" : "451800104"
      },
      "geometry" : {
        "x" : 208092.22589999996,
        "y" : 333373.60890000127
      }
    },
    {
      "attributes" : {
        "FID" : 27,
        "PMNTN_SPOT" : 92576,
        "MNTN_CODE" : "451800104",
        "MANAGE_SP1" : "01",
        "MANAGE_SP2" : "시종점",
        "DETAIL_SPO" : "시종점",
        "ETC_MATTER" : " ",
        "MNTN_NM" : "호남정맥",
        "PAST_SPOT_" : "4518001040028",
        "MNTN_ID" : "451800104"
      },
      "geometry" : {
        "x" : 193575.33560000174,
        "y" : 322450.95250000246
      }
    },
    {
      "attributes" : {
        "FID" : 28,
        "PMNTN_SPOT" : 92577,
        "MNTN_CODE" : "451800104",
        "MANAGE_SP1" : "01",
        "MANAGE_SP2" : "시종점",
        "DETAIL_SPO" : "시종점",
        "ETC_MATTER" : " ",
        "MNTN_NM" : "호남정맥",
        "PAST_SPOT_" : "4518001040029",
        "MNTN_ID" : "451800104"
      },
      "geometry" : {
        "x" : 193921.46220000088,
        "y" : 324071.13850000128
      }
    },
    {
      "attributes" : {
        "FID" : 29,
        "PMNTN_SPOT" : 92578,
        "MNTN_CODE" : "451800104",
        "MANAGE_SP1" : "02",
        "MANAGE_SP2" : "분기점",
        "DETAIL_SPO" : "분기점",
        "ETC_MATTER" : " ",
        "MNTN_NM" : "호남정맥",
        "PAST_SPOT_" : "4518001040030",
        "MNTN_ID" : "451800104"
      },
      "geometry" : {
        "x" : 193944.30439999979,
        "y" : 324061.1620000042
      }
    },
    {
      "attributes" : {
        "FID" : 30,
        "PMNTN_SPOT" : 92579,
        "MNTN_CODE" : "451800104",
        "MANAGE_SP1" : "01",
        "MANAGE_SP2" : "시종점",
        "DETAIL_SPO" : "시종점",
        "ETC_MATTER" : " ",
        "MNTN_NM" : "호남정맥",
        "PAST_SPOT_" : "4518001040031",
        "MNTN_ID" : "451800104"
      },
      "geometry" : {
        "x" : 196957.66920000128,
        "y" : 327348.81640000269
      }
    },
    {
      "attributes" : {
        "FID" : 31,
        "PMNTN_SPOT" : 92580,
        "MNTN_CODE" : "451800104",
        "MANAGE_SP1" : "02",
        "MANAGE_SP2" : "분기점",
        "DETAIL_SPO" : "분기점",
        "ETC_MATTER" : " ",
        "MNTN_NM" : "호남정맥",
        "PAST_SPOT_" : "4518001040032",
        "MNTN_ID" : "451800104"
      },
      "geometry" : {
        "x" : 197007.44430000056,
        "y" : 327383.73440000229
      }
    },
    {
      "attributes" : {
        "FID" : 32,
        "PMNTN_SPOT" : 92581,
        "MNTN_CODE" : "451800104",
        "MANAGE_SP1" : "02",
        "MANAGE_SP2" : "분기점",
        "DETAIL_SPO" : "분기점",
        "ETC_MATTER" : " ",
        "MNTN_NM" : "호남정맥",
        "PAST_SPOT_" : "4518001040033",
        "MNTN_ID" : "451800104"
      },
      "geometry" : {
        "x" : 197286.89869999979,
        "y" : 328128.03600000218
      }
    },
    {
      "attributes" : {
        "FID" : 33,
        "PMNTN_SPOT" : 92582,
        "MNTN_CODE" : "451800104",
        "MANAGE_SP1" : "01",
        "MANAGE_SP2" : "시종점",
        "DETAIL_SPO" : "시종점",
        "ETC_MATTER" : " ",
        "MNTN_NM" : "호남정맥",
        "PAST_SPOT_" : "4518001040034",
        "MNTN_ID" : "451800104"
      },
      "geometry" : {
        "x" : 197679.1099999994,
        "y" : 327920.82030000165
      }
    },
    {
      "attributes" : {
        "FID" : 34,
        "PMNTN_SPOT" : 92583,
        "MNTN_CODE" : "451800104",
        "MANAGE_SP1" : "01",
        "MANAGE_SP2" : "시종점",
        "DETAIL_SPO" : "시종점",
        "ETC_MATTER" : " ",
        "MNTN_NM" : "호남정맥",
        "PAST_SPOT_" : "4518001040035",
        "MNTN_ID" : "451800104"
      },
      "geometry" : {
        "x" : 198668.23910000082,
        "y" : 329650.51240000315
      }
    },
    {
      "attributes" : {
        "FID" : 35,
        "PMNTN_SPOT" : 92584,
        "MNTN_CODE" : "451800104",
        "MANAGE_SP1" : "01",
        "MANAGE_SP2" : "시종점",
        "DETAIL_SPO" : "시종점",
        "ETC_MATTER" : " ",
        "MNTN_NM" : "호남정맥",
        "PAST_SPOT_" : "4518001040036",
        "MNTN_ID" : "451800104"
      },
      "geometry" : {
        "x" : 198751.46170000173,
        "y" : 329669.10490000248
      }
    },
    {
      "attributes" : {
        "FID" : 36,
        "PMNTN_SPOT" : 92585,
        "MNTN_CODE" : "451800104",
        "MANAGE_SP1" : "02",
        "MANAGE_SP2" : "분기점",
        "DETAIL_SPO" : "분기점",
        "ETC_MATTER" : " ",
        "MNTN_NM" : "호남정맥",
        "PAST_SPOT_" : "4518001040037",
        "MNTN_ID" : "451800104"
      },
      "geometry" : {
        "x" : 198890.77130000107,
        "y" : 329333.66250000149
      }
    },
    {
      "attributes" : {
        "FID" : 37,
        "PMNTN_SPOT" : 92586,
        "MNTN_CODE" : "451800104",
        "MANAGE_SP1" : "02",
        "MANAGE_SP2" : "분기점",
        "DETAIL_SPO" : "분기점",
        "ETC_MATTER" : " ",
        "MNTN_NM" : "호남정맥",
        "PAST_SPOT_" : "4518001040038",
        "MNTN_ID" : "451800104"
      },
      "geometry" : {
        "x" : 198934.28660000023,
        "y" : 329707.59960000031
      }
    },
    {
      "attributes" : {
        "FID" : 38,
        "PMNTN_SPOT" : 92587,
        "MNTN_CODE" : "451800104",
        "MANAGE_SP1" : "01",
        "MANAGE_SP2" : "시종점",
        "DETAIL_SPO" : "시종점",
        "ETC_MATTER" : " ",
        "MNTN_NM" : "호남정맥",
        "PAST_SPOT_" : "4518001040039",
        "MNTN_ID" : "451800104"
      },
      "geometry" : {
        "x" : 201359.24670000002,
        "y" : 331445.0047999993
      }
    },
    {
      "attributes" : {
        "FID" : 39,
        "PMNTN_SPOT" : 92588,
        "MNTN_CODE" : "451800104",
        "MANAGE_SP1" : "01",
        "MANAGE_SP2" : "시종점",
        "DETAIL_SPO" : "시종점",
        "ETC_MATTER" : " ",
        "MNTN_NM" : "호남정맥",
        "PAST_SPOT_" : "4518001040040",
        "MNTN_ID" : "451800104"
      },
      "geometry" : {
        "x" : 201398.77850000095,
        "y" : 331380.25450000167
      }
    },
    {
      "attributes" : {
        "FID" : 40,
        "PMNTN_SPOT" : 92589,
        "MNTN_CODE" : "451800104",
        "MANAGE_SP1" : "01",
        "MANAGE_SP2" : "시종점",
        "DETAIL_SPO" : "시종점",
        "ETC_MATTER" : " ",
        "MNTN_NM" : "호남정맥",
        "PAST_SPOT_" : "4518001040041",
        "MNTN_ID" : "451800104"
      },
      "geometry" : {
        "x" : 206410.55109999981,
        "y" : 331618.95109999925
      }
    },
    {
      "attributes" : {
        "FID" : 41,
        "PMNTN_SPOT" : 92590,
        "MNTN_CODE" : "451800104",
        "MANAGE_SP1" : "01",
        "MANAGE_SP2" : "시종점",
        "DETAIL_SPO" : "시종점",
        "ETC_MATTER" : " ",
        "MNTN_NM" : "호남정맥",
        "PAST_SPOT_" : "4518001040042",
        "MNTN_ID" : "451800104"
      },
      "geometry" : {
        "x" : 206416.4179999996,
        "y" : 331525.38360000402
      }
    },
    {
      "attributes" : {
        "FID" : 42,
        "PMNTN_SPOT" : 92591,
        "MNTN_CODE" : "451800104",
        "MANAGE_SP1" : "02",
        "MANAGE_SP2" : "분기점",
        "DETAIL_SPO" : "분기점",
        "ETC_MATTER" : " ",
        "MNTN_NM" : "호남정맥",
        "PAST_SPOT_" : "4518001040043",
        "MNTN_ID" : "451800104"
      },
      "geometry" : {
        "x" : 208025.62939999998,
        "y" : 332287.25590000115
      }
    },
    {
      "attributes" : {
        "FID" : 43,
        "PMNTN_SPOT" : 92592,
        "MNTN_CODE" : "451800104",
        "MANAGE_SP1" : "01",
        "MANAGE_SP2" : "시종점",
        "DETAIL_SPO" : "시종점",
        "ETC_MATTER" : " ",
        "MNTN_NM" : "호남정맥",
        "PAST_SPOT_" : "4518001040044",
        "MNTN_ID" : "451800104"
      },
      "geometry" : {
        "x" : 208166.21349999961,
        "y" : 333385.28830000013
      }
    },
    {
      "attributes" : {
        "FID" : 44,
        "PMNTN_SPOT" : 92593,
        "MNTN_CODE" : "451800104",
        "MANAGE_SP1" : "01",
        "MANAGE_SP2" : "시종점",
        "DETAIL_SPO" : "시종점",
        "ETC_MATTER" : " ",
        "MNTN_NM" : "호남정맥",
        "PAST_SPOT_" : "4518001040045",
        "MNTN_ID" : "451800104"
      },
      "geometry" : {
        "x" : 208425.31960000191,
        "y" : 333227.09440000169
      }
    },
    {
      "attributes" : {
        "FID" : 45,
        "PMNTN_SPOT" : 92594,
        "MNTN_CODE" : "451800104",
        "MANAGE_SP1" : "01",
        "MANAGE_SP2" : "시종점",
        "DETAIL_SPO" : "시종점",
        "ETC_MATTER" : " ",
        "MNTN_NM" : "호남정맥",
        "PAST_SPOT_" : "4518001040046",
        "MNTN_ID" : "451800104"
      },
      "geometry" : {
        "x" : 208448.87810000218,
        "y" : 334739.47059999965
      }
    },
    {
      "attributes" : {
        "FID" : 46,
        "PMNTN_SPOT" : 92595,
        "MNTN_CODE" : "451800104",
        "MANAGE_SP1" : "01",
        "MANAGE_SP2" : "시종점",
        "DETAIL_SPO" : "시종점",
        "ETC_MATTER" : " ",
        "MNTN_NM" : "호남정맥",
        "PAST_SPOT_" : "4518001040047",
        "MNTN_ID" : "451800104"
      },
      "geometry" : {
        "x" : 209368.12320000026,
        "y" : 332841.9486999996
      }
    },
    {
      "attributes" : {
        "FID" : 47,
        "PMNTN_SPOT" : 100023,
        "MNTN_CODE" : "451800104",
        "MANAGE_SP1" : "99",
        "MANAGE_SP2" : "기타",
        "DETAIL_SPO" : "사기점(마을)",
        "ETC_MATTER" : " ",
        "MNTN_NM" : "호남정맥",
        "PAST_SPOT_" : "4518001040048",
        "MNTN_ID" : "451800104"
      },
      "geometry" : {
        "x" : 193631.52270000026,
        "y" : 323628.338099999
      }
    },
    {
      "attributes" : {
        "FID" : 48,
        "PMNTN_SPOT" : 100024,
        "MNTN_CODE" : "451800104",
        "MANAGE_SP1" : "23",
        "MANAGE_SP2" : "정상",
        "DETAIL_SPO" : "정상",
        "ETC_MATTER" : " ",
        "MNTN_NM" : "호남정맥",
        "PAST_SPOT_" : "4518001040049",
        "MNTN_ID" : "451800104"
      },
      "geometry" : {
        "x" : 198932.07800000088,
        "y" : 330003.29340000066
      }
    },
    {
      "attributes" : {
        "FID" : 49,
        "PMNTN_SPOT" : 100025,
        "MNTN_CODE" : "451800104",
        "MANAGE_SP1" : "99",
        "MANAGE_SP2" : "기타",
        "DETAIL_SPO" : "학선리(마을)",
        "ETC_MATTER" : " ",
        "MNTN_NM" : "호남정맥",
        "PAST_SPOT_" : "4518001040050",
        "MNTN_ID" : "451800104"
      },
      "geometry" : {
        "x" : 197678.91570000048,
        "y" : 327921.51319999964
      }
    },
    {
      "attributes" : {
        "FID" : 50,
        "PMNTN_SPOT" : 100026,
        "MNTN_CODE" : "451800104",
        "MANAGE_SP1" : "22",
        "MANAGE_SP2" : "헬기장",
        "DETAIL_SPO" : "헬기장",
        "ETC_MATTER" : " ",
        "MNTN_NM" : "호남정맥",
        "PAST_SPOT_" : "4518001040051",
        "MNTN_ID" : "451800104"
      },
      "geometry" : {
        "x" : 194887.49119999929,
        "y" : 325757.34259999933
      }
    },
    {
      "attributes" : {
        "FID" : 51,
        "PMNTN_SPOT" : 100027,
        "MNTN_CODE" : "451800104",
        "MANAGE_SP1" : "09",
        "MANAGE_SP2" : "기타건물",
        "DETAIL_SPO" : "기타건물",
        "ETC_MATTER" : " ",
        "MNTN_NM" : "호남정맥",
        "PAST_SPOT_" : "4518001040052",
        "MNTN_ID" : "451800104"
      },
      "geometry" : {
        "x" : 204775.20449999941,
        "y" : 331767.88250000047
      }
    },
    {
      "attributes" : {
        "FID" : 52,
        "PMNTN_SPOT" : 100028,
        "MNTN_CODE" : "451800104",
        "MANAGE_SP1" : "14",
        "MANAGE_SP2" : "조망점",
        "DETAIL_SPO" : "조망점",
        "ETC_MATTER" : " ",
        "MNTN_NM" : "호남정맥",
        "PAST_SPOT_" : "4518001040053",
        "MNTN_ID" : "451800104"
      },
      "geometry" : {
        "x" : 209375.70499999923,
        "y" : 332813.85139999859
      }
    }
  ]
}