{"displayFieldName":"","fieldAliases":{"FID":"FID","PMNTN_SPOT":"PMNTN_SPOT","MNTN_CODE":"MNTN_CODE","MANAGE_SP1":"MANAGE_SP1","MANAGE_SP2":"MANAGE_SP2","DETAIL_SPO":"DETAIL_SPO","ETC_MATTER":"ETC_MATTER","MNTN_NM":"MNTN_NM","PAST_SPOT_":"PAST_SPOT_","MNTN_ID":"MNTN_ID"},"geometryType":"esriGeometryPoint","spatialReference":{"wkt":"PROJCS[\"PCS_ITRF2000_TM\",GEOGCS[\"GCS_ITRF_2000\",DATUM[\"D_ITRF_2000\",SPHEROID[\"GRS_1980\",6378137.0,298.257222101]],PRIMEM[\"Greenwich\",0.0],UNIT[\"Degree\",0.0174532925199433]],PROJECTION[\"Transverse_Mercator\"],PARAMETER[\"False_Easting\",200000.0],PARAMETER[\"False_Northing\",600000.0],PARAMETER[\"Central_Meridian\",127.0],PARAMETER[\"Scale_Factor\",1.0],PARAMETER[\"Latitude_Of_Origin\",38.0],UNIT[\"Meter\",1.0]]"},"fields":[{"name":"FID","type":"esriFieldTypeOID","alias":"FID"},{"name":"PMNTN_SPOT","type":"esriFieldTypeInteger","alias":"PMNTN_SPOT"},{"name":"MNTN_CODE","type":"esriFieldTypeString","alias":"MNTN_CODE","length":9},{"name":"MANAGE_SP1","type":"esriFieldTypeString","alias":"MANAGE_SP1","length":2},{"name":"MANAGE_SP2","type":"esriFieldTypeString","alias":"MANAGE_SP2","length":50},{"name":"DETAIL_SPO","type":"esriFieldTypeString","alias":"DETAIL_SPO","length":200},{"name":"ETC_MATTER","type":"esriFieldTypeString","alias":"ETC_MATTER","length":200},{"name":"MNTN_NM","type":"esriFieldTypeString","alias":"MNTN_NM","length":50},{"name":"PAST_SPOT_","type":"esriFieldTypeString","alias":"PAST_SPOT_","length":14},{"name":"MNTN_ID","type":"esriFieldTypeString","alias":"MNTN_ID","length":10}],"features":[{"attributes":{"FID":0,"PMNTN_SPOT":67732,"MNTN_CODE":"482401401","MANAGE_SP1":"11","MANAGE_SP2":"안내판또는지도","DETAIL_SPO":"등산안내도","ETC_MATTER":" ","MNTN_NM":"와룡산","PAST_SPOT_":"28083813000001","MNTN_ID":"2808381300"},"geometry":{"x":300617.82810000144,"y":267756.75669999979}},{"attributes":{"FID":1,"PMNTN_SPOT":67733,"MNTN_CODE":"482401401","MANAGE_SP1":"10","MANAGE_SP2":"이정표","DETAIL_SPO":"이정표","ETC_MATTER":" ","MNTN_NM":"와룡산","PAST_SPOT_":"28083813000002","MNTN_ID":"2808381300"},"geometry":{"x":300666.96620000154,"y":267743.69449999742}},{"attributes":{"FID":2,"PMNTN_SPOT":67734,"MNTN_CODE":"482401401","MANAGE_SP1":"10","MANAGE_SP2":"이정표","DETAIL_SPO":"이정표","ETC_MATTER":" ","MNTN_NM":"와룡산","PAST_SPOT_":"28083813000003","MNTN_ID":"2808381300"},"geometry":{"x":301673.75780000258,"y":267357.62829999998}},{"attributes":{"FID":3,"PMNTN_SPOT":67735,"MNTN_CODE":"482401401","MANAGE_SP1":"99","MANAGE_SP2":"기타","DETAIL_SPO":"자동우량경보시설","ETC_MATTER":" ","MNTN_NM":"와룡산","PAST_SPOT_":"28083813000004","MNTN_ID":"2808381300"},"geometry":{"x":301647.90830000304,"y":267386.32390000112}},{"attributes":{"FID":4,"PMNTN_SPOT":67736,"MNTN_CODE":"482401401","MANAGE_SP1":"99","MANAGE_SP2":"기타","DETAIL_SPO":"119조난표찰","ETC_MATTER":" ","MNTN_NM":"와룡산","PAST_SPOT_":"28083813000005","MNTN_ID":"2808381300"},"geometry":{"x":301896.97150000092,"y":267027.10749999993}},{"attributes":{"FID":5,"PMNTN_SPOT":67737,"MNTN_CODE":"482401401","MANAGE_SP1":"10","MANAGE_SP2":"이정표","DETAIL_SPO":"이정표","ETC_MATTER":" ","MNTN_NM":"와룡산","PAST_SPOT_":"28083813000006","MNTN_ID":"2808381300"},"geometry":{"x":301891.20100000035,"y":266427.1146000009}},{"attributes":{"FID":6,"PMNTN_SPOT":67738,"MNTN_CODE":"482401401","MANAGE_SP1":"10","MANAGE_SP2":"이정표","DETAIL_SPO":"이정표","ETC_MATTER":" ","MNTN_NM":"와룡산","PAST_SPOT_":"28083813000007","MNTN_ID":"2808381300"},"geometry":{"x":301709.49570000265,"y":266176.96700000204}},{"attributes":{"FID":7,"PMNTN_SPOT":67739,"MNTN_CODE":"482401401","MANAGE_SP1":"23","MANAGE_SP2":"정상","DETAIL_SPO":"정상비석,삼각점","ETC_MATTER":" ","MNTN_NM":"와룡산","PAST_SPOT_":"28083813000008","MNTN_ID":"2808381300"},"geometry":{"x":301706.77750000358,"y":266172.58699999936}},{"attributes":{"FID":8,"PMNTN_SPOT":67740,"MNTN_CODE":"482401401","MANAGE_SP1":"99","MANAGE_SP2":"기타","DETAIL_SPO":"남쪽전경사진","ETC_MATTER":" ","MNTN_NM":"와룡산","PAST_SPOT_":"28083813000009","MNTN_ID":"2808381300"},"geometry":{"x":301710.05250000115,"y":266163.86850000173}},{"attributes":{"FID":9,"PMNTN_SPOT":67741,"MNTN_CODE":"482401401","MANAGE_SP1":"99","MANAGE_SP2":"기타","DETAIL_SPO":"북쪽전경사진","ETC_MATTER":" ","MNTN_NM":"와룡산","PAST_SPOT_":"28083813000010","MNTN_ID":"2808381300"},"geometry":{"x":301707.35530000273,"y":266185.48720000125}},{"attributes":{"FID":10,"PMNTN_SPOT":67742,"MNTN_CODE":"482401401","MANAGE_SP1":"01","MANAGE_SP2":"시종점","DETAIL_SPO":"시종점,안내도","ETC_MATTER":" ","MNTN_NM":"와룡산","PAST_SPOT_":"28083813000011","MNTN_ID":"2808381300"},"geometry":{"x":297649.40509638935,"y":264278.20554336533}},{"attributes":{"FID":11,"PMNTN_SPOT":67743,"MNTN_CODE":"482401401","MANAGE_SP1":"11","MANAGE_SP2":"안내판또는지도","DETAIL_SPO":"안내도","ETC_MATTER":" ","MNTN_NM":"와룡산","PAST_SPOT_":"28083813000012","MNTN_ID":"2808381300"},"geometry":{"x":297910.32670000009,"y":264378.36430000141}},{"attributes":{"FID":12,"PMNTN_SPOT":67744,"MNTN_CODE":"482401401","MANAGE_SP1":"10","MANAGE_SP2":"이정표","DETAIL_SPO":"이정표","ETC_MATTER":" ","MNTN_NM":"와룡산","PAST_SPOT_":"28083813000013","MNTN_ID":"2808381300"},"geometry":{"x":297918.42590000108,"y":264383.69950000755}},{"attributes":{"FID":13,"PMNTN_SPOT":67745,"MNTN_CODE":"482401401","MANAGE_SP1":"10","MANAGE_SP2":"이정표","DETAIL_SPO":"이정표","ETC_MATTER":" ","MNTN_NM":"와룡산","PAST_SPOT_":"28083813000014","MNTN_ID":"2808381300"},"geometry":{"x":298915.24820000399,"y":264785.18070000038}},{"attributes":{"FID":14,"PMNTN_SPOT":67746,"MNTN_CODE":"482401401","MANAGE_SP1":"99","MANAGE_SP2":"기타","DETAIL_SPO":"등산로시작","ETC_MATTER":" ","MNTN_NM":"와룡산","PAST_SPOT_":"28083813000015","MNTN_ID":"2808381300"},"geometry":{"x":299301.48589999974,"y":264743.46480000019}},{"attributes":{"FID":15,"PMNTN_SPOT":67747,"MNTN_CODE":"482401401","MANAGE_SP1":"11","MANAGE_SP2":"안내판또는지도","DETAIL_SPO":"안내도","ETC_MATTER":" ","MNTN_NM":"와룡산","PAST_SPOT_":"28083813000016","MNTN_ID":"2808381300"},"geometry":{"x":300010.88770000264,"y":264675.96880000271}},{"attributes":{"FID":16,"PMNTN_SPOT":67748,"MNTN_CODE":"482401401","MANAGE_SP1":"10","MANAGE_SP2":"이정표","DETAIL_SPO":"이정표","ETC_MATTER":" ","MNTN_NM":"와룡산","PAST_SPOT_":"28083813000017","MNTN_ID":"2808381300"},"geometry":{"x":300006.16320000403,"y":264686.21429999918}},{"attributes":{"FID":17,"PMNTN_SPOT":67749,"MNTN_CODE":"482401401","MANAGE_SP1":"10","MANAGE_SP2":"이정표","DETAIL_SPO":"이정표","ETC_MATTER":" ","MNTN_NM":"와룡산","PAST_SPOT_":"28083813000018","MNTN_ID":"2808381300"},"geometry":{"x":299991.96090000123,"y":264657.79710000381}},{"attributes":{"FID":18,"PMNTN_SPOT":67750,"MNTN_CODE":"482401401","MANAGE_SP1":"99","MANAGE_SP2":"기타","DETAIL_SPO":"돌탑","ETC_MATTER":" ","MNTN_NM":"와룡산","PAST_SPOT_":"28083813000019","MNTN_ID":"2808381300"},"geometry":{"x":300093.09340000246,"y":264892.42200000025}},{"attributes":{"FID":19,"PMNTN_SPOT":67751,"MNTN_CODE":"482401401","MANAGE_SP1":"12","MANAGE_SP2":"위험지역","DETAIL_SPO":"위험구간1","ETC_MATTER":"25미터구간","MNTN_NM":"와룡산","PAST_SPOT_":"28083813000020","MNTN_ID":"2808381300"},"geometry":{"x":300088.53070000093,"y":264904.56660000049}},{"attributes":{"FID":20,"PMNTN_SPOT":67752,"MNTN_CODE":"482401401","MANAGE_SP1":"12","MANAGE_SP2":"위험지역","DETAIL_SPO":"위험구간1끝","ETC_MATTER":" ","MNTN_NM":"와룡산","PAST_SPOT_":"28083813000021","MNTN_ID":"2808381300"},"geometry":{"x":300080.22450000048,"y":264922.45140000246}},{"attributes":{"FID":21,"PMNTN_SPOT":67753,"MNTN_CODE":"482401401","MANAGE_SP1":"99","MANAGE_SP2":"기타","DETAIL_SPO":"119조난표찰","ETC_MATTER":" ","MNTN_NM":"와룡산","PAST_SPOT_":"28083813000022","MNTN_ID":"2808381300"},"geometry":{"x":300207.10130000208,"y":265104.26479999907}},{"attributes":{"FID":22,"PMNTN_SPOT":67754,"MNTN_CODE":"482401401","MANAGE_SP1":"12","MANAGE_SP2":"위험지역","DETAIL_SPO":"위험구간2","ETC_MATTER":"55미터구간","MNTN_NM":"와룡산","PAST_SPOT_":"28083813000023","MNTN_ID":"2808381300"},"geometry":{"x":300189.65220000129,"y":265163.01610000245}},{"attributes":{"FID":23,"PMNTN_SPOT":67755,"MNTN_CODE":"482401401","MANAGE_SP1":"12","MANAGE_SP2":"위험지역","DETAIL_SPO":"위험구간2끝","ETC_MATTER":" ","MNTN_NM":"와룡산","PAST_SPOT_":"28083813000024","MNTN_ID":"2808381300"},"geometry":{"x":300165.2845999999,"y":265206.40110000223}},{"attributes":{"FID":24,"PMNTN_SPOT":67756,"MNTN_CODE":"482401401","MANAGE_SP1":"99","MANAGE_SP2":"기타","DETAIL_SPO":"119조난표찰","ETC_MATTER":" ","MNTN_NM":"와룡산","PAST_SPOT_":"28083813000025","MNTN_ID":"2808381300"},"geometry":{"x":300258.09869999997,"y":265357.472000001}},{"attributes":{"FID":25,"PMNTN_SPOT":67757,"MNTN_CODE":"482401401","MANAGE_SP1":"23","MANAGE_SP2":"정상","DETAIL_SPO":"새섬바위정상","ETC_MATTER":" ","MNTN_NM":"와룡산","PAST_SPOT_":"28083813000026","MNTN_ID":"2808381300"},"geometry":{"x":300354.89870000072,"y":265522.85749999993}},{"attributes":{"FID":26,"PMNTN_SPOT":67758,"MNTN_CODE":"482401401","MANAGE_SP1":"12","MANAGE_SP2":"위험지역","DETAIL_SPO":"위험구간3","ETC_MATTER":"10M급경사","MNTN_NM":"와룡산","PAST_SPOT_":"28083813000027","MNTN_ID":"2808381300"},"geometry":{"x":300359.32250000164,"y":265542.47969999723}},{"attributes":{"FID":27,"PMNTN_SPOT":67759,"MNTN_CODE":"482401401","MANAGE_SP1":"99","MANAGE_SP2":"기타","DETAIL_SPO":"119조난표지판","ETC_MATTER":" ","MNTN_NM":"와룡산","PAST_SPOT_":"28083813000028","MNTN_ID":"2808381300"},"geometry":{"x":300388.69990000036,"y":265559.3246000018}},{"attributes":{"FID":28,"PMNTN_SPOT":67760,"MNTN_CODE":"482401401","MANAGE_SP1":"23","MANAGE_SP2":"정상","DETAIL_SPO":"민재봉정상","ETC_MATTER":" ","MNTN_NM":"와룡산","PAST_SPOT_":"28083813000029","MNTN_ID":"2808381300"},"geometry":{"x":301708.32840000186,"y":266166.65020000003}},{"attributes":{"FID":29,"PMNTN_SPOT":67761,"MNTN_CODE":"482401401","MANAGE_SP1":"99","MANAGE_SP2":"기타","DETAIL_SPO":"등산로시작","ETC_MATTER":" ","MNTN_NM":"와룡산","PAST_SPOT_":"28083813000030","MNTN_ID":"2808381300"},"geometry":{"x":300696.01370000187,"y":264119.54180000164}},{"attributes":{"FID":30,"PMNTN_SPOT":67762,"MNTN_CODE":"482401401","MANAGE_SP1":"99","MANAGE_SP2":"기타","DETAIL_SPO":"119조난표찰","ETC_MATTER":" ","MNTN_NM":"와룡산","PAST_SPOT_":"28083813000031","MNTN_ID":"2808381300"},"geometry":{"x":300640.82940000109,"y":264131.62800000049}},{"attributes":{"FID":31,"PMNTN_SPOT":67763,"MNTN_CODE":"482401401","MANAGE_SP1":"99","MANAGE_SP2":"기타","DETAIL_SPO":"119조난표찰","ETC_MATTER":" ","MNTN_NM":"와룡산","PAST_SPOT_":"28083813000032","MNTN_ID":"2808381300"},"geometry":{"x":300230.78170000203,"y":264336.58400000259}},{"attributes":{"FID":32,"PMNTN_SPOT":67764,"MNTN_CODE":"482401401","MANAGE_SP1":"99","MANAGE_SP2":"기타","DETAIL_SPO":"119조난표찰","ETC_MATTER":" ","MNTN_NM":"와룡산","PAST_SPOT_":"28083813000033","MNTN_ID":"2808381300"},"geometry":{"x":300102.75710000284,"y":264413.70810000226}},{"attributes":{"FID":33,"PMNTN_SPOT":67765,"MNTN_CODE":"482401401","MANAGE_SP1":"10","MANAGE_SP2":"이정표","DETAIL_SPO":"이정표","ETC_MATTER":" ","MNTN_NM":"와룡산","PAST_SPOT_":"28083813000034","MNTN_ID":"2808381300"},"geometry":{"x":299990.08270000201,"y":264650.81930000149}},{"attributes":{"FID":34,"PMNTN_SPOT":67766,"MNTN_CODE":"482401401","MANAGE_SP1":"10","MANAGE_SP2":"이정표","DETAIL_SPO":"이정표","ETC_MATTER":" ","MNTN_NM":"와룡산","PAST_SPOT_":"28083813000035","MNTN_ID":"2808381300"},"geometry":{"x":299904.72070000507,"y":264539.67920000292}},{"attributes":{"FID":35,"PMNTN_SPOT":67767,"MNTN_CODE":"482401401","MANAGE_SP1":"12","MANAGE_SP2":"위험지역","DETAIL_SPO":"위험구간1","ETC_MATTER":"180M구간","MNTN_NM":"와룡산","PAST_SPOT_":"28083813000036","MNTN_ID":"2808381300"},"geometry":{"x":299863.60380000342,"y":264470.87780000083}},{"attributes":{"FID":36,"PMNTN_SPOT":67768,"MNTN_CODE":"482401401","MANAGE_SP1":"12","MANAGE_SP2":"위험지역","DETAIL_SPO":"위험구간1끝","ETC_MATTER":" ","MNTN_NM":"와룡산","PAST_SPOT_":"28083813000037","MNTN_ID":"2808381300"},"geometry":{"x":299880.39600000251,"y":264324.20439999923}},{"attributes":{"FID":37,"PMNTN_SPOT":67769,"MNTN_CODE":"482401401","MANAGE_SP1":"12","MANAGE_SP2":"위험지역","DETAIL_SPO":"위험난간지대","ETC_MATTER":" ","MNTN_NM":"와룡산","PAST_SPOT_":"28083813000038","MNTN_ID":"2808381300"},"geometry":{"x":299829.1481000036,"y":264267.13209999911}},{"attributes":{"FID":38,"PMNTN_SPOT":67770,"MNTN_CODE":"482401401","MANAGE_SP1":"23","MANAGE_SP2":"정상","DETAIL_SPO":"상사바위정상","ETC_MATTER":" ","MNTN_NM":"와룡산","PAST_SPOT_":"28083813000039","MNTN_ID":"2808381300"},"geometry":{"x":299767.51210000366,"y":264228.66580000147}},{"attributes":{"FID":39,"PMNTN_SPOT":67771,"MNTN_CODE":"482401401","MANAGE_SP1":"99","MANAGE_SP2":"기타","DETAIL_SPO":"등산대장 비석","ETC_MATTER":" ","MNTN_NM":"와룡산","PAST_SPOT_":"28083813000040","MNTN_ID":"2808381300"},"geometry":{"x":299774.55600000266,"y":264236.88719999976}},{"attributes":{"FID":40,"PMNTN_SPOT":67772,"MNTN_CODE":"482401401","MANAGE_SP1":"01","MANAGE_SP2":"시종점","DETAIL_SPO":"시종점,입구감시초소","ETC_MATTER":" ","MNTN_NM":"와룡산","PAST_SPOT_":"28083813000041","MNTN_ID":"2808381300"},"geometry":{"x":301166.70460000355,"y":264171.46499999985}},{"attributes":{"FID":41,"PMNTN_SPOT":67773,"MNTN_CODE":"482401401","MANAGE_SP1":"01","MANAGE_SP2":"시종점","DETAIL_SPO":"시종점,이정표","ETC_MATTER":" ","MNTN_NM":"와룡산","PAST_SPOT_":"28083813000042","MNTN_ID":"2808381300"},"geometry":{"x":301387.85420000087,"y":264774.59520000033}},{"attributes":{"FID":42,"PMNTN_SPOT":67774,"MNTN_CODE":"482401401","MANAGE_SP1":"99","MANAGE_SP2":"기타","DETAIL_SPO":"사방댐","ETC_MATTER":" ","MNTN_NM":"와룡산","PAST_SPOT_":"28083813000043","MNTN_ID":"2808381300"},"geometry":{"x":301430.40770000312,"y":265116.03069999814}},{"attributes":{"FID":43,"PMNTN_SPOT":67775,"MNTN_CODE":"482401401","MANAGE_SP1":"99","MANAGE_SP2":"기타","DETAIL_SPO":"119조난표찰","ETC_MATTER":" ","MNTN_NM":"와룡산","PAST_SPOT_":"28083813000044","MNTN_ID":"2808381300"},"geometry":{"x":301323.0464000022,"y":265403.58440000005}},{"attributes":{"FID":44,"PMNTN_SPOT":67776,"MNTN_CODE":"482401401","MANAGE_SP1":"99","MANAGE_SP2":"기타","DETAIL_SPO":"돌탑","ETC_MATTER":" ","MNTN_NM":"와룡산","PAST_SPOT_":"28083813000045","MNTN_ID":"2808381300"},"geometry":{"x":301048.55570000131,"y":265689.56650000066}},{"attributes":{"FID":45,"PMNTN_SPOT":67777,"MNTN_CODE":"482401401","MANAGE_SP1":"99","MANAGE_SP2":"기타","DETAIL_SPO":"119조난표찰","ETC_MATTER":" ","MNTN_NM":"와룡산","PAST_SPOT_":"28083813000046","MNTN_ID":"2808381300"},"geometry":{"x":301080.81770000048,"y":265685.74010000005}},{"attributes":{"FID":46,"PMNTN_SPOT":67778,"MNTN_CODE":"482401401","MANAGE_SP1":"99","MANAGE_SP2":"기타","DETAIL_SPO":"119조난표지판","ETC_MATTER":" ","MNTN_NM":"와룡산","PAST_SPOT_":"28083813000047","MNTN_ID":"2808381300"},"geometry":{"x":301029.87800000235,"y":265827.62939999998}},{"attributes":{"FID":47,"PMNTN_SPOT":67779,"MNTN_CODE":"482401401","MANAGE_SP1":"10","MANAGE_SP2":"이정표","DETAIL_SPO":"이정표","ETC_MATTER":" ","MNTN_NM":"와룡산","PAST_SPOT_":"28083813000048","MNTN_ID":"2808381300"},"geometry":{"x":301007.02560000215,"y":265991.44470000081}},{"attributes":{"FID":48,"PMNTN_SPOT":67780,"MNTN_CODE":"482401401","MANAGE_SP1":"22","MANAGE_SP2":"헬기장","DETAIL_SPO":"헬기장","ETC_MATTER":" ","MNTN_NM":"와룡산","PAST_SPOT_":"28083813000049","MNTN_ID":"2808381300"},"geometry":{"x":301283.80879999977,"y":266162.5055999998}},{"attributes":{"FID":49,"PMNTN_SPOT":67781,"MNTN_CODE":"482401401","MANAGE_SP1":"99","MANAGE_SP2":"기타","DETAIL_SPO":"돌탑","ETC_MATTER":" ","MNTN_NM":"와룡산","PAST_SPOT_":"28083813000050","MNTN_ID":"2808381300"},"geometry":{"x":301844.8591000028,"y":265829.81000000425}},{"attributes":{"FID":50,"PMNTN_SPOT":67782,"MNTN_CODE":"482401401","MANAGE_SP1":"99","MANAGE_SP2":"기타","DETAIL_SPO":"119조난위치표지판","ETC_MATTER":" ","MNTN_NM":"와룡산","PAST_SPOT_":"28083813000051","MNTN_ID":"2808381300"},"geometry":{"x":302227.92650000192,"y":265192.5717999991}},{"attributes":{"FID":51,"PMNTN_SPOT":67783,"MNTN_CODE":"482401401","MANAGE_SP1":"10","MANAGE_SP2":"이정표","DETAIL_SPO":"이정표","ETC_MATTER":" ","MNTN_NM":"와룡산","PAST_SPOT_":"28083813000052","MNTN_ID":"2808381300"},"geometry":{"x":302230.35560000222,"y":265191.77790000103}},{"attributes":{"FID":52,"PMNTN_SPOT":67784,"MNTN_CODE":"482401401","MANAGE_SP1":"10","MANAGE_SP2":"이정표","DETAIL_SPO":"이정표","ETC_MATTER":" ","MNTN_NM":"와룡산","PAST_SPOT_":"28083813000053","MNTN_ID":"2808381300"},"geometry":{"x":302294.07440000307,"y":265053.34440000169}},{"attributes":{"FID":53,"PMNTN_SPOT":67785,"MNTN_CODE":"482401401","MANAGE_SP1":"10","MANAGE_SP2":"이정표","DETAIL_SPO":"이정표","ETC_MATTER":" ","MNTN_NM":"와룡산","PAST_SPOT_":"28083813000054","MNTN_ID":"2808381300"},"geometry":{"x":302310.18969999906,"y":265016.25269999914}},{"attributes":{"FID":54,"PMNTN_SPOT":67786,"MNTN_CODE":"482401401","MANAGE_SP1":"99","MANAGE_SP2":"기타","DETAIL_SPO":"기차바위","ETC_MATTER":" ","MNTN_NM":"와룡산","PAST_SPOT_":"28083813000055","MNTN_ID":"2808381300"},"geometry":{"x":302318.67600000277,"y":264988.3852000013}},{"attributes":{"FID":55,"PMNTN_SPOT":67787,"MNTN_CODE":"482401401","MANAGE_SP1":"10","MANAGE_SP2":"이정표","DETAIL_SPO":"이정표","ETC_MATTER":" ","MNTN_NM":"와룡산","PAST_SPOT_":"28083813000056","MNTN_ID":"2808381300"},"geometry":{"x":302505.80820000265,"y":264372.78940000013}},{"attributes":{"FID":56,"PMNTN_SPOT":67788,"MNTN_CODE":"482401401","MANAGE_SP1":"10","MANAGE_SP2":"이정표","DETAIL_SPO":"이정표","ETC_MATTER":" ","MNTN_NM":"와룡산","PAST_SPOT_":"28083813000057","MNTN_ID":"2808381300"},"geometry":{"x":302421.11550000217,"y":264064.10890000127}},{"attributes":{"FID":57,"PMNTN_SPOT":67789,"MNTN_CODE":"482401401","MANAGE_SP1":"99","MANAGE_SP2":"기타","DETAIL_SPO":"피해목","ETC_MATTER":" ","MNTN_NM":"와룡산","PAST_SPOT_":"28083813000058","MNTN_ID":"2808381300"},"geometry":{"x":301843.9152999986,"y":263531.92300000042}},{"attributes":{"FID":58,"PMNTN_SPOT":67790,"MNTN_CODE":"482401401","MANAGE_SP1":"99","MANAGE_SP2":"기타","DETAIL_SPO":"119조난표찰","ETC_MATTER":" ","MNTN_NM":"와룡산","PAST_SPOT_":"28083813000059","MNTN_ID":"2808381300"},"geometry":{"x":301671.71580000222,"y":263282.24019999988}},{"attributes":{"FID":59,"PMNTN_SPOT":67791,"MNTN_CODE":"482401401","MANAGE_SP1":"99","MANAGE_SP2":"기타","DETAIL_SPO":"119조난표찰","ETC_MATTER":" ","MNTN_NM":"와룡산","PAST_SPOT_":"28083813000060","MNTN_ID":"2808381300"},"geometry":{"x":300915.14190000575,"y":262663.66070000082}},{"attributes":{"FID":60,"PMNTN_SPOT":67792,"MNTN_CODE":"482401401","MANAGE_SP1":"99","MANAGE_SP2":"기타","DETAIL_SPO":"철탑","ETC_MATTER":" ","MNTN_NM":"와룡산","PAST_SPOT_":"28083813000061","MNTN_ID":"2808381300"},"geometry":{"x":300864.44440000225,"y":262632.56490000151}},{"attributes":{"FID":61,"PMNTN_SPOT":67793,"MNTN_CODE":"482401401","MANAGE_SP1":"10","MANAGE_SP2":"이정표","DETAIL_SPO":"이정표","ETC_MATTER":" ","MNTN_NM":"와룡산","PAST_SPOT_":"28083813000062","MNTN_ID":"2808381300"},"geometry":{"x":300581.44560000394,"y":262563.29309999943}},{"attributes":{"FID":62,"PMNTN_SPOT":67794,"MNTN_CODE":"482401401","MANAGE_SP1":"22","MANAGE_SP2":"헬기장","DETAIL_SPO":"헬기장","ETC_MATTER":" ","MNTN_NM":"와룡산","PAST_SPOT_":"28083813000063","MNTN_ID":"2808381300"},"geometry":{"x":299976.92240000144,"y":262682.74939999916}},{"attributes":{"FID":63,"PMNTN_SPOT":67795,"MNTN_CODE":"482401401","MANAGE_SP1":"99","MANAGE_SP2":"기타","DETAIL_SPO":"삼각점","ETC_MATTER":" ","MNTN_NM":"와룡산","PAST_SPOT_":"28083813000064","MNTN_ID":"2808381300"},"geometry":{"x":299946.34449999873,"y":262692.06880000234}},{"attributes":{"FID":64,"PMNTN_SPOT":67796,"MNTN_CODE":"482401401","MANAGE_SP1":"10","MANAGE_SP2":"이정표","DETAIL_SPO":"이정표","ETC_MATTER":" ","MNTN_NM":"와룡산","PAST_SPOT_":"28083813000065","MNTN_ID":"2808381300"},"geometry":{"x":299503.03540000599,"y":262507.37870000303}},{"attributes":{"FID":65,"PMNTN_SPOT":67797,"MNTN_CODE":"482401401","MANAGE_SP1":"10","MANAGE_SP2":"이정표","DETAIL_SPO":"이정표","ETC_MATTER":" ","MNTN_NM":"와룡산","PAST_SPOT_":"28083813000066","MNTN_ID":"2808381300"},"geometry":{"x":301393.34509999957,"y":264797.49210000038}},{"attributes":{"FID":66,"PMNTN_SPOT":67798,"MNTN_CODE":"482401401","MANAGE_SP1":"99","MANAGE_SP2":"기타","DETAIL_SPO":"청룡사","ETC_MATTER":" ","MNTN_NM":"와룡산","PAST_SPOT_":"28083813000067","MNTN_ID":"2808381300"},"geometry":{"x":301597.6173000019,"y":264826.0476000011}},{"attributes":{"FID":67,"PMNTN_SPOT":67799,"MNTN_CODE":"482401401","MANAGE_SP1":"12","MANAGE_SP2":"위험지역","DETAIL_SPO":"위험구간1","ETC_MATTER":" ","MNTN_NM":"와룡산","PAST_SPOT_":"28083813000068","MNTN_ID":"2808381300"},"geometry":{"x":301839.34930000082,"y":264967.2631000001}},{"attributes":{"FID":68,"PMNTN_SPOT":67800,"MNTN_CODE":"482401401","MANAGE_SP1":"99","MANAGE_SP2":"기타","DETAIL_SPO":"119조난표찰","ETC_MATTER":" ","MNTN_NM":"와룡산","PAST_SPOT_":"28083813000069","MNTN_ID":"2808381300"},"geometry":{"x":301914.32050000224,"y":265026.59809999913}},{"attributes":{"FID":69,"PMNTN_SPOT":67801,"MNTN_CODE":"482401401","MANAGE_SP1":"99","MANAGE_SP2":"기타","DETAIL_SPO":"119조난표찰","ETC_MATTER":" ","MNTN_NM":"와룡산","PAST_SPOT_":"28083813000070","MNTN_ID":"2808381300"},"geometry":{"x":302013.80240000039,"y":265108.18889999948}},{"attributes":{"FID":70,"PMNTN_SPOT":67802,"MNTN_CODE":"482401401","MANAGE_SP1":"10","MANAGE_SP2":"이정표","DETAIL_SPO":"이정표","ETC_MATTER":" ","MNTN_NM":"와룡산","PAST_SPOT_":"28083813000071","MNTN_ID":"2808381300"},"geometry":{"x":302239.1501000002,"y":265191.84300000034}},{"attributes":{"FID":71,"PMNTN_SPOT":67803,"MNTN_CODE":"482401401","MANAGE_SP1":"99","MANAGE_SP2":"기타","DETAIL_SPO":"덕용사","ETC_MATTER":" ","MNTN_NM":"와룡산","PAST_SPOT_":"28083813000072","MNTN_ID":"2808381300"},"geometry":{"x":301555.35510000121,"y":264162.02660000324}},{"attributes":{"FID":72,"PMNTN_SPOT":67804,"MNTN_CODE":"482401401","MANAGE_SP1":"99","MANAGE_SP2":"기타","DETAIL_SPO":"감시초소","ETC_MATTER":" ","MNTN_NM":"와룡산","PAST_SPOT_":"28083813000073","MNTN_ID":"2808381300"},"geometry":{"x":301167.12399999984,"y":264184.74060000107}},{"attributes":{"FID":73,"PMNTN_SPOT":67805,"MNTN_CODE":"482401401","MANAGE_SP1":"10","MANAGE_SP2":"이정표","DETAIL_SPO":"이정표","ETC_MATTER":" ","MNTN_NM":"와룡산","PAST_SPOT_":"28083813000074","MNTN_ID":"2808381300"},"geometry":{"x":301391.46300000325,"y":264799.20219999924}},{"attributes":{"FID":74,"PMNTN_SPOT":67806,"MNTN_CODE":"482401401","MANAGE_SP1":"20","MANAGE_SP2":"동굴","DETAIL_SPO":"수정굴","ETC_MATTER":" ","MNTN_NM":"와룡산","PAST_SPOT_":"28083813000075","MNTN_ID":"2808381300"},"geometry":{"x":300968.53010000288,"y":265652.11980000138}},{"attributes":{"FID":75,"PMNTN_SPOT":67807,"MNTN_CODE":"482401401","MANAGE_SP1":"01","MANAGE_SP2":"시종점","DETAIL_SPO":"수정굴 주변","ETC_MATTER":" ","MNTN_NM":"와룡산","PAST_SPOT_":"28083813000076","MNTN_ID":"2808381300"},"geometry":{"x":300955.52216469403,"y":265648.26997905411}},{"attributes":{"FID":76,"PMNTN_SPOT":67808,"MNTN_CODE":"482401401","MANAGE_SP1":"01","MANAGE_SP2":"시종점","DETAIL_SPO":"시종점,등산로안내표지판","ETC_MATTER":" ","MNTN_NM":"와룡산","PAST_SPOT_":"28083813000077","MNTN_ID":"2808381300"},"geometry":{"x":303424.63281876966,"y":265400.58969605342}},{"attributes":{"FID":77,"PMNTN_SPOT":67809,"MNTN_CODE":"482401401","MANAGE_SP1":"99","MANAGE_SP2":"기타","DETAIL_SPO":"등산로시작","ETC_MATTER":" ","MNTN_NM":"와룡산","PAST_SPOT_":"28083813000078","MNTN_ID":"2808381300"},"geometry":{"x":303343.8291000016,"y":265604.45699999854}},{"attributes":{"FID":78,"PMNTN_SPOT":67810,"MNTN_CODE":"482401401","MANAGE_SP1":"99","MANAGE_SP2":"기타","DETAIL_SPO":"119조난표찰","ETC_MATTER":" ","MNTN_NM":"와룡산","PAST_SPOT_":"28083813000079","MNTN_ID":"2808381300"},"geometry":{"x":303021.47030000295,"y":265857.19519999996}},{"attributes":{"FID":79,"PMNTN_SPOT":67811,"MNTN_CODE":"482401401","MANAGE_SP1":"99","MANAGE_SP2":"기타","DETAIL_SPO":"119조난표찰","ETC_MATTER":" ","MNTN_NM":"와룡산","PAST_SPOT_":"28083813000080","MNTN_ID":"2808381300"},"geometry":{"x":302750.86320000328,"y":266131.07660000212}},{"attributes":{"FID":80,"PMNTN_SPOT":67812,"MNTN_CODE":"482401401","MANAGE_SP1":"99","MANAGE_SP2":"기타","DETAIL_SPO":"119조난표찰","ETC_MATTER":" ","MNTN_NM":"와룡산","PAST_SPOT_":"28083813000081","MNTN_ID":"2808381300"},"geometry":{"x":302292.67320000567,"y":266491.61050000228}},{"attributes":{"FID":81,"PMNTN_SPOT":67813,"MNTN_CODE":"482401401","MANAGE_SP1":"12","MANAGE_SP2":"위험지역","DETAIL_SPO":"위험구간1","ETC_MATTER":" ","MNTN_NM":"와룡산","PAST_SPOT_":"28083813000082","MNTN_ID":"2808381300"},"geometry":{"x":302049.64130000118,"y":266432.60070000403}},{"attributes":{"FID":82,"PMNTN_SPOT":67814,"MNTN_CODE":"482401401","MANAGE_SP1":"99","MANAGE_SP2":"기타","DETAIL_SPO":"민재봉삼거리","ETC_MATTER":" ","MNTN_NM":"와룡산","PAST_SPOT_":"28083813000083","MNTN_ID":"2808381300"},"geometry":{"x":301887.63983831927,"y":266433.33935939521}},{"attributes":{"FID":83,"PMNTN_SPOT":67815,"MNTN_CODE":"482401401","MANAGE_SP1":"99","MANAGE_SP2":"기타","DETAIL_SPO":"등산로시작(약수암)","ETC_MATTER":" ","MNTN_NM":"와룡산","PAST_SPOT_":"28083813000084","MNTN_ID":"2808381300"},"geometry":{"x":298260.15540000144,"y":272194.37560000271}},{"attributes":{"FID":84,"PMNTN_SPOT":67816,"MNTN_CODE":"482401401","MANAGE_SP1":"02","MANAGE_SP2":"분기점","DETAIL_SPO":"갈림길","ETC_MATTER":" ","MNTN_NM":"와룡산","PAST_SPOT_":"28083813000085","MNTN_ID":"2808381300"},"geometry":{"x":298357.89620000217,"y":272050.36930000037}},{"attributes":{"FID":85,"PMNTN_SPOT":67817,"MNTN_CODE":"482401401","MANAGE_SP1":"99","MANAGE_SP2":"기타","DETAIL_SPO":"계단지역","ETC_MATTER":" ","MNTN_NM":"와룡산","PAST_SPOT_":"28083813000086","MNTN_ID":"2808381300"},"geometry":{"x":298532.92030000314,"y":271988.32310000807}},{"attributes":{"FID":86,"PMNTN_SPOT":67818,"MNTN_CODE":"482401401","MANAGE_SP1":"99","MANAGE_SP2":"기타","DETAIL_SPO":"계단지역","ETC_MATTER":" ","MNTN_NM":"와룡산","PAST_SPOT_":"28083813000087","MNTN_ID":"2808381300"},"geometry":{"x":298664.94140000269,"y":272010.86690000258}},{"attributes":{"FID":87,"PMNTN_SPOT":67819,"MNTN_CODE":"482401401","MANAGE_SP1":"99","MANAGE_SP2":"기타","DETAIL_SPO":"봉화대","ETC_MATTER":" ","MNTN_NM":"와룡산","PAST_SPOT_":"28083813000088","MNTN_ID":"2808381300"},"geometry":{"x":298728.81830000319,"y":272000.46220000274}},{"attributes":{"FID":88,"PMNTN_SPOT":67820,"MNTN_CODE":"482401401","MANAGE_SP1":"05","MANAGE_SP2":"벤치","DETAIL_SPO":"벤치,화장실","ETC_MATTER":" ","MNTN_NM":"와룡산","PAST_SPOT_":"28083813000089","MNTN_ID":"2808381300"},"geometry":{"x":298778.7722000014,"y":271956.05269999988}},{"attributes":{"FID":89,"PMNTN_SPOT":67821,"MNTN_CODE":"482401401","MANAGE_SP1":"99","MANAGE_SP2":"기타","DETAIL_SPO":"바위","ETC_MATTER":" ","MNTN_NM":"와룡산","PAST_SPOT_":"28083813000090","MNTN_ID":"2808381300"},"geometry":{"x":299020.67900000326,"y":271753.61910000071}},{"attributes":{"FID":90,"PMNTN_SPOT":67822,"MNTN_CODE":"482401401","MANAGE_SP1":"99","MANAGE_SP2":"기타","DETAIL_SPO":"선바위","ETC_MATTER":" ","MNTN_NM":"와룡산","PAST_SPOT_":"28083813000091","MNTN_ID":"2808381300"},"geometry":{"x":299679.42270000279,"y":270658.13320000097}},{"attributes":{"FID":91,"PMNTN_SPOT":67823,"MNTN_CODE":"482401401","MANAGE_SP1":"10","MANAGE_SP2":"이정표","DETAIL_SPO":"이정표","ETC_MATTER":" ","MNTN_NM":"와룡산","PAST_SPOT_":"28083813000092","MNTN_ID":"2808381300"},"geometry":{"x":299784.01860000193,"y":270575.20100000314}},{"attributes":{"FID":92,"PMNTN_SPOT":67824,"MNTN_CODE":"482401401","MANAGE_SP1":"99","MANAGE_SP2":"기타","DETAIL_SPO":"하늘먼당","ETC_MATTER":" ","MNTN_NM":"와룡산","PAST_SPOT_":"28083813000093","MNTN_ID":"2808381300"},"geometry":{"x":300541.52869999874,"y":269917.65690000169}},{"attributes":{"FID":93,"PMNTN_SPOT":67825,"MNTN_CODE":"482401401","MANAGE_SP1":"22","MANAGE_SP2":"헬기장","DETAIL_SPO":"헬기장","ETC_MATTER":" ","MNTN_NM":"와룡산","PAST_SPOT_":"28083813000094","MNTN_ID":"2808381300"},"geometry":{"x":301198.85159999877,"y":268937.95820000395}},{"attributes":{"FID":94,"PMNTN_SPOT":67826,"MNTN_CODE":"482401401","MANAGE_SP1":"10","MANAGE_SP2":"이정표","DETAIL_SPO":"이정표","ETC_MATTER":" ","MNTN_NM":"와룡산","PAST_SPOT_":"28083813000095","MNTN_ID":"2808381300"},"geometry":{"x":301353.82870000228,"y":268687.41610000283}},{"attributes":{"FID":95,"PMNTN_SPOT":67827,"MNTN_CODE":"482401401","MANAGE_SP1":"99","MANAGE_SP2":"기타","DETAIL_SPO":"자동우량경보시설","ETC_MATTER":" ","MNTN_NM":"와룡산","PAST_SPOT_":"28083813000096","MNTN_ID":"2808381300"},"geometry":{"x":301708.20730000082,"y":267370.05140000023}},{"attributes":{"FID":96,"PMNTN_SPOT":67828,"MNTN_CODE":"482401401","MANAGE_SP1":"10","MANAGE_SP2":"이정표","DETAIL_SPO":"이정표","ETC_MATTER":" ","MNTN_NM":"와룡산","PAST_SPOT_":"28083813000097","MNTN_ID":"2808381300"},"geometry":{"x":301710.05370000191,"y":267347.74630000442}},{"attributes":{"FID":97,"PMNTN_SPOT":67829,"MNTN_CODE":"482401401","MANAGE_SP1":"10","MANAGE_SP2":"이정표","DETAIL_SPO":"이정표","ETC_MATTER":" ","MNTN_NM":"와룡산","PAST_SPOT_":"28083813000098","MNTN_ID":"2808381300"},"geometry":{"x":300690.95270000212,"y":267744.45830000378}},{"attributes":{"FID":98,"PMNTN_SPOT":67830,"MNTN_CODE":"482401401","MANAGE_SP1":"11","MANAGE_SP2":"안내판또는지도","DETAIL_SPO":"안내도","ETC_MATTER":" ","MNTN_NM":"와룡산","PAST_SPOT_":"28083813000099","MNTN_ID":"2808381300"},"geometry":{"x":300637.82920000143,"y":267763.7237000037}},{"attributes":{"FID":99,"PMNTN_SPOT":67831,"MNTN_CODE":"482401401","MANAGE_SP1":"01","MANAGE_SP2":"시종점","DETAIL_SPO":"시종점","ETC_MATTER":" ","MNTN_NM":"와룡산","PAST_SPOT_":"28083813000100","MNTN_ID":"2808381300"},"geometry":{"x":297411.28576745186,"y":272378.81482937932}},{"attributes":{"FID":100,"PMNTN_SPOT":67832,"MNTN_CODE":"482401401","MANAGE_SP1":"01","MANAGE_SP2":"시종점","DETAIL_SPO":"시종점","ETC_MATTER":" ","MNTN_NM":"와룡산","PAST_SPOT_":"28083813000101","MNTN_ID":"2808381300"},"geometry":{"x":299360.66900000162,"y":262533.68500000238}},{"attributes":{"FID":101,"PMNTN_SPOT":67833,"MNTN_CODE":"482401401","MANAGE_SP1":"01","MANAGE_SP2":"시종점","DETAIL_SPO":"시종점","ETC_MATTER":" ","MNTN_NM":"와룡산","PAST_SPOT_":"28083813000102","MNTN_ID":"2808381300"},"geometry":{"x":299540.43259999994,"y":262873.94160000235}},{"attributes":{"FID":102,"PMNTN_SPOT":67834,"MNTN_CODE":"482401401","MANAGE_SP1":"01","MANAGE_SP2":"시종점","DETAIL_SPO":"시종점","ETC_MATTER":" ","MNTN_NM":"와룡산","PAST_SPOT_":"28083813000103","MNTN_ID":"2808381300"},"geometry":{"x":299767.51210000366,"y":264228.66580000147}},{"attributes":{"FID":103,"PMNTN_SPOT":67835,"MNTN_CODE":"482401401","MANAGE_SP1":"02","MANAGE_SP2":"분기점","DETAIL_SPO":"분기점","ETC_MATTER":" ","MNTN_NM":"와룡산","PAST_SPOT_":"28083813000104","MNTN_ID":"2808381300"},"geometry":{"x":299990.08270000201,"y":264650.81930000149}},{"attributes":{"FID":104,"PMNTN_SPOT":67836,"MNTN_CODE":"482401401","MANAGE_SP1":"02","MANAGE_SP2":"분기점","DETAIL_SPO":"분기점","ETC_MATTER":" ","MNTN_NM":"와룡산","PAST_SPOT_":"28083813000105","MNTN_ID":"2808381300"},"geometry":{"x":300010.88770000264,"y":264675.96880000271}},{"attributes":{"FID":105,"PMNTN_SPOT":67837,"MNTN_CODE":"482401401","MANAGE_SP1":"01","MANAGE_SP2":"시종점","DETAIL_SPO":"시종점","ETC_MATTER":" ","MNTN_NM":"와룡산","PAST_SPOT_":"28083813000106","MNTN_ID":"2808381300"},"geometry":{"x":300617.82810000144,"y":267756.75669999979}},{"attributes":{"FID":106,"PMNTN_SPOT":67838,"MNTN_CODE":"482401401","MANAGE_SP1":"02","MANAGE_SP2":"분기점","DETAIL_SPO":"분기점","ETC_MATTER":" ","MNTN_NM":"와룡산","PAST_SPOT_":"28083813000107","MNTN_ID":"2808381300"},"geometry":{"x":301007.41050000209,"y":265991.66679999977}},{"attributes":{"FID":107,"PMNTN_SPOT":67839,"MNTN_CODE":"482401401","MANAGE_SP1":"02","MANAGE_SP2":"분기점","DETAIL_SPO":"분기점","ETC_MATTER":" ","MNTN_NM":"와룡산","PAST_SPOT_":"28083813000108","MNTN_ID":"2808381300"},"geometry":{"x":301080.81770000048,"y":265685.74010000005}},{"attributes":{"FID":108,"PMNTN_SPOT":67840,"MNTN_CODE":"482401401","MANAGE_SP1":"02","MANAGE_SP2":"분기점","DETAIL_SPO":"분기점","ETC_MATTER":" ","MNTN_NM":"와룡산","PAST_SPOT_":"28083813000109","MNTN_ID":"2808381300"},"geometry":{"x":301169.35690000094,"y":264188.33720000461}},{"attributes":{"FID":109,"PMNTN_SPOT":67841,"MNTN_CODE":"482401401","MANAGE_SP1":"02","MANAGE_SP2":"분기점","DETAIL_SPO":"분기점","ETC_MATTER":" ","MNTN_NM":"와룡산","PAST_SPOT_":"28083813000110","MNTN_ID":"2808381300"},"geometry":{"x":301393.34509999957,"y":264797.49210000038}},{"attributes":{"FID":110,"PMNTN_SPOT":67842,"MNTN_CODE":"482401401","MANAGE_SP1":"02","MANAGE_SP2":"분기점","DETAIL_SPO":"분기점","ETC_MATTER":" ","MNTN_NM":"와룡산","PAST_SPOT_":"28083813000111","MNTN_ID":"2808381300"},"geometry":{"x":301694.40639999975,"y":267348.7835000027}},{"attributes":{"FID":111,"PMNTN_SPOT":67843,"MNTN_CODE":"482401401","MANAGE_SP1":"02","MANAGE_SP2":"분기점","DETAIL_SPO":"분기점","ETC_MATTER":" ","MNTN_NM":"와룡산","PAST_SPOT_":"28083813000112","MNTN_ID":"2808381300"},"geometry":{"x":301708.13060000073,"y":266166.68340000696}},{"attributes":{"FID":112,"PMNTN_SPOT":67844,"MNTN_CODE":"482401401","MANAGE_SP1":"02","MANAGE_SP2":"분기점","DETAIL_SPO":"분기점","ETC_MATTER":" ","MNTN_NM":"와룡산","PAST_SPOT_":"28083813000113","MNTN_ID":"2808381300"},"geometry":{"x":301887.63980000187,"y":266433.33940000273}},{"attributes":{"FID":113,"PMNTN_SPOT":67845,"MNTN_CODE":"482401401","MANAGE_SP1":"02","MANAGE_SP2":"분기점","DETAIL_SPO":"분기점","ETC_MATTER":" ","MNTN_NM":"와룡산","PAST_SPOT_":"28083813000114","MNTN_ID":"2808381300"},"geometry":{"x":302229.60290000122,"y":265189.99200000055}},{"attributes":{"FID":114,"PMNTN_SPOT":67846,"MNTN_CODE":"482401401","MANAGE_SP1":"02","MANAGE_SP2":"분기점","DETAIL_SPO":"분기점","ETC_MATTER":" ","MNTN_NM":"와룡산","PAST_SPOT_":"28083813000115","MNTN_ID":"2808381300"},"geometry":{"x":302421.11550000217,"y":264064.10890000127}},{"attributes":{"FID":115,"PMNTN_SPOT":110001,"MNTN_CODE":"482401401","MANAGE_SP1":"99","MANAGE_SP2":"기타","DETAIL_SPO":"와룡마을","ETC_MATTER":" ","MNTN_NM":"와룡산","PAST_SPOT_":" ","MNTN_ID":" "},"geometry":{"x":300841.29690000054,"y":263806.79690000036}},{"attributes":{"FID":116,"PMNTN_SPOT":110002,"MNTN_CODE":"482401401","MANAGE_SP1":"99","MANAGE_SP2":"기타","DETAIL_SPO":"와룡마을 감시초소","ETC_MATTER":" ","MNTN_NM":"와룡산","PAST_SPOT_":" ","MNTN_ID":" "},"geometry":{"x":301182.87359999924,"y":264186.34000000014}},{"attributes":{"FID":117,"PMNTN_SPOT":110003,"MNTN_CODE":"482401401","MANAGE_SP1":"99","MANAGE_SP2":"기타","DETAIL_SPO":"먼지떨이(와룡마을)","ETC_MATTER":" ","MNTN_NM":"와룡산","PAST_SPOT_":" ","MNTN_ID":" "},"geometry":{"x":301213.88960000081,"y":264185.52119999926}},{"attributes":{"FID":118,"PMNTN_SPOT":110004,"MNTN_CODE":"482401401","MANAGE_SP1":"09","MANAGE_SP2":"기타건물","DETAIL_SPO":"와룡마을 회관","ETC_MATTER":" ","MNTN_NM":"와룡산","PAST_SPOT_":" ","MNTN_ID":" "},"geometry":{"x":300900.36399999895,"y":263842.95920000051}},{"attributes":{"FID":119,"PMNTN_SPOT":110005,"MNTN_CODE":"482401401","MANAGE_SP1":"99","MANAGE_SP2":"기타","DETAIL_SPO":"화기물 초소(와룡마을)","ETC_MATTER":" ","MNTN_NM":"와룡산","PAST_SPOT_":" ","MNTN_ID":" "},"geometry":{"x":301168.29169999831,"y":264187.46189999959}},{"attributes":{"FID":120,"PMNTN_SPOT":110006,"MNTN_CODE":"482401401","MANAGE_SP1":"11","MANAGE_SP2":"안내판또는지도","DETAIL_SPO":"등산로 안내도(8코스입구)","ETC_MATTER":" ","MNTN_NM":"와룡산","PAST_SPOT_":" ","MNTN_ID":" "},"geometry":{"x":299400.06059999997,"y":262793.68400000024}},{"attributes":{"FID":121,"PMNTN_SPOT":110007,"MNTN_CODE":"482401401","MANAGE_SP1":"99","MANAGE_SP2":"기타","DETAIL_SPO":"로프 구간1(천왕봉)","ETC_MATTER":" ","MNTN_NM":"와룡산","PAST_SPOT_":" ","MNTN_ID":" "},"geometry":{"x":299722.29199999938,"y":264137.25980000023}},{"attributes":{"FID":122,"PMNTN_SPOT":110008,"MNTN_CODE":"482401401","MANAGE_SP1":"99","MANAGE_SP2":"기타","DETAIL_SPO":"로프구간 2(천왕봉)","ETC_MATTER":" ","MNTN_NM":"와룡산","PAST_SPOT_":" ","MNTN_ID":" "},"geometry":{"x":299741.22249999933,"y":264194.27459999901}},{"attributes":{"FID":123,"PMNTN_SPOT":110009,"MNTN_CODE":"482401401","MANAGE_SP1":"23","MANAGE_SP2":"정상","DETAIL_SPO":"천왕봉 정상","ETC_MATTER":" ","MNTN_NM":"와룡산","PAST_SPOT_":" ","MNTN_ID":" "},"geometry":{"x":299779.39239999931,"y":264244.96130000032}},{"attributes":{"FID":124,"PMNTN_SPOT":110010,"MNTN_CODE":"482401401","MANAGE_SP1":"99","MANAGE_SP2":"기타","DETAIL_SPO":"철탑","ETC_MATTER":" ","MNTN_NM":"와룡산","PAST_SPOT_":" ","MNTN_ID":" "},"geometry":{"x":299363.86870000063,"y":263264.8652}}]}