{
  "displayFieldName" : "",
  "fieldAliases" : {
    "FID" : "FID",
    "SAFE_SPOT1" : "SAFE_SPOT1",
    "SAFE_SPOT2" : "SAFE_SPOT2",
    "SAFE_SPOT3" : "SAFE_SPOT3",
    "MGC" : "MGC",
    "ETC_MATTER" : "ETC_MATTER",
    "MNTN_NM" : "MNTN_NM"
  },
  "geometryType" : "esriGeometryPoint",
  "spatialReference" : {
    "wkt" : "PROJCS[\"PCS_ITRF2000_TM\",GEOGCS[\"GCS_ITRF_2000\",DATUM[\"D_ITRF_2000\",SPHEROID[\"GRS_1980\",6378137.0,298.257222101]],PRIMEM[\"Greenwich\",0.0],UNIT[\"Degree\",0.0174532925199433]],PROJECTION[\"Transverse_Mercator\"],PARAMETER[\"False_Easting\",200000.0],PARAMETER[\"False_Northing\",600000.0],PARAMETER[\"Central_Meridian\",127.0],PARAMETER[\"Scale_Factor\",1.0],PARAMETER[\"Latitude_Of_Origin\",38.0],UNIT[\"Meter\",1.0]]"
  },
  "fields" : [
    {
      "name" : "FID",
      "type" : "esriFieldTypeOID",
      "alias" : "FID"
    },
    {
      "name" : "SAFE_SPOT1",
      "type" : "esriFieldTypeDouble",
      "alias" : "SAFE_SPOT1"
    },
    {
      "name" : "SAFE_SPOT2",
      "type" : "esriFieldTypeString",
      "alias" : "SAFE_SPOT2",
      "length" : 50
    },
    {
      "name" : "SAFE_SPOT3",
      "type" : "esriFieldTypeString",
      "alias" : "SAFE_SPOT3",
      "length" : 50
    },
    {
      "name" : "MGC",
      "type" : "esriFieldTypeString",
      "alias" : "MGC",
      "length" : 50
    },
    {
      "name" : "ETC_MATTER",
      "type" : "esriFieldTypeString",
      "alias" : "ETC_MATTER",
      "length" : 200
    },
    {
      "name" : "MNTN_NM",
      "type" : "esriFieldTypeString",
      "alias" : "MNTN_NM",
      "length" : 50
    }
  ],
  "features" : [
    {
      "attributes" : {
        "FID" : 0,
        "SAFE_SPOT1" : 916,
        "SAFE_SPOT2" : "산악위치표지판",
        "SAFE_SPOT3" : "1호",
        "MGC" : "칠곡소방서",
        "ETC_MATTER" : " ",
        "MNTN_NM" : "유학산"
      },
      "geometry" : {
        "x" : 333657.4458000008,
        "y" : 386615.0019000005
      }
    },
    {
      "attributes" : {
        "FID" : 1,
        "SAFE_SPOT1" : 917,
        "SAFE_SPOT2" : "산악위치표지판",
        "SAFE_SPOT3" : "2호",
        "MGC" : "칠곡소방서",
        "ETC_MATTER" : " ",
        "MNTN_NM" : "유학산"
      },
      "geometry" : {
        "x" : 333962.00390000083,
        "y" : 386342.15689999983
      }
    },
    {
      "attributes" : {
        "FID" : 2,
        "SAFE_SPOT1" : 918,
        "SAFE_SPOT2" : "산악위치표지판",
        "SAFE_SPOT3" : "3호",
        "MGC" : "칠곡소방서",
        "ETC_MATTER" : " ",
        "MNTN_NM" : "유학산"
      },
      "geometry" : {
        "x" : 334111.69639999978,
        "y" : 386375.27840000018
      }
    },
    {
      "attributes" : {
        "FID" : 3,
        "SAFE_SPOT1" : 919,
        "SAFE_SPOT2" : "산악위치표지판",
        "SAFE_SPOT3" : "4호",
        "MGC" : "칠곡소방서",
        "ETC_MATTER" : " ",
        "MNTN_NM" : "유학산"
      },
      "geometry" : {
        "x" : 334235.88849999942,
        "y" : 386438.84480000101
      }
    },
    {
      "attributes" : {
        "FID" : 4,
        "SAFE_SPOT1" : 920,
        "SAFE_SPOT2" : "산악위치표지판",
        "SAFE_SPOT3" : "5호",
        "MGC" : "칠곡소방서",
        "ETC_MATTER" : " ",
        "MNTN_NM" : "유학산"
      },
      "geometry" : {
        "x" : 334259.97130000032,
        "y" : 386500.87910000049
      }
    },
    {
      "attributes" : {
        "FID" : 5,
        "SAFE_SPOT1" : 921,
        "SAFE_SPOT2" : "산악위치표지판",
        "SAFE_SPOT3" : "6호",
        "MGC" : "칠곡소방서",
        "ETC_MATTER" : " ",
        "MNTN_NM" : "유학산"
      },
      "geometry" : {
        "x" : 334086.66910000145,
        "y" : 386374.89560000412
      }
    },
    {
      "attributes" : {
        "FID" : 6,
        "SAFE_SPOT1" : 922,
        "SAFE_SPOT2" : "산악위치표지판",
        "SAFE_SPOT3" : "7호",
        "MGC" : "칠곡소방서",
        "ETC_MATTER" : " ",
        "MNTN_NM" : "유학산"
      },
      "geometry" : {
        "x" : 333962.00390000083,
        "y" : 386342.15689999983
      }
    },
    {
      "attributes" : {
        "FID" : 7,
        "SAFE_SPOT1" : 923,
        "SAFE_SPOT2" : "산악위치표지판",
        "SAFE_SPOT3" : "8호",
        "MGC" : "칠곡소방서",
        "ETC_MATTER" : " ",
        "MNTN_NM" : "유학산"
      },
      "geometry" : {
        "x" : 333909.59480000101,
        "y" : 386495.51960000396
      }
    },
    {
      "attributes" : {
        "FID" : 8,
        "SAFE_SPOT1" : 924,
        "SAFE_SPOT2" : "산악위치표지판",
        "SAFE_SPOT3" : "9호",
        "MGC" : "칠곡소방서",
        "ETC_MATTER" : " ",
        "MNTN_NM" : "유학산"
      },
      "geometry" : {
        "x" : 333835.45540000033,
        "y" : 386432.72190000117
      }
    },
    {
      "attributes" : {
        "FID" : 9,
        "SAFE_SPOT1" : 925,
        "SAFE_SPOT2" : "산악위치표지판",
        "SAFE_SPOT3" : "정상(팔각정)",
        "MGC" : "칠곡소방서",
        "ETC_MATTER" : " ",
        "MNTN_NM" : "유학산"
      },
      "geometry" : {
        "x" : 333781.16700000223,
        "y" : 386709.38730000146
      }
    },
    {
      "attributes" : {
        "FID" : 10,
        "SAFE_SPOT1" : 926,
        "SAFE_SPOT2" : "산악위치표지판",
        "SAFE_SPOT3" : "헬기장",
        "MGC" : "칠곡소방서",
        "ETC_MATTER" : " ",
        "MNTN_NM" : "유학산"
      },
      "geometry" : {
        "x" : 333655.09560000058,
        "y" : 386769.12930000201
      }
    }
  ]
}