{
  "displayFieldName" : "",
  "fieldAliases" : {
    "FID" : "FID",
    "PMNTN_SPOT" : "PMNTN_SPOT",
    "MNTN_CODE" : "MNTN_CODE",
    "MANAGE_SP1" : "MANAGE_SP1",
    "MANAGE_SP2" : "MANAGE_SP2",
    "DETAIL_SPO" : "DETAIL_SPO",
    "ETC_MATTER" : "ETC_MATTER",
    "MNTN_NM" : "MNTN_NM",
    "PAST_SPOT_" : "PAST_SPOT_",
    "MNTN_ID" : "MNTN_ID"
  },
  "geometryType" : "esriGeometryPoint",
  "spatialReference" : {
    "wkt" : "PROJCS[\"PCS_ITRF2000_TM\",GEOGCS[\"GCS_ITRF_2000\",DATUM[\"D_ITRF_2000\",SPHEROID[\"GRS_1980\",6378137.0,298.257222101]],PRIMEM[\"Greenwich\",0.0],UNIT[\"Degree\",0.0174532925199433]],PROJECTION[\"Transverse_Mercator\"],PARAMETER[\"False_Easting\",200000.0],PARAMETER[\"False_Northing\",600000.0],PARAMETER[\"Central_Meridian\",127.0],PARAMETER[\"Scale_Factor\",1.0],PARAMETER[\"Latitude_Of_Origin\",38.0],UNIT[\"Meter\",1.0]]"
  },
  "fields" : [
    {
      "name" : "FID",
      "type" : "esriFieldTypeOID",
      "alias" : "FID"
    },
    {
      "name" : "PMNTN_SPOT",
      "type" : "esriFieldTypeDouble",
      "alias" : "PMNTN_SPOT"
    },
    {
      "name" : "MNTN_CODE",
      "type" : "esriFieldTypeString",
      "alias" : "MNTN_CODE",
      "length" : 9
    },
    {
      "name" : "MANAGE_SP1",
      "type" : "esriFieldTypeString",
      "alias" : "MANAGE_SP1",
      "length" : 2
    },
    {
      "name" : "MANAGE_SP2",
      "type" : "esriFieldTypeString",
      "alias" : "MANAGE_SP2",
      "length" : 50
    },
    {
      "name" : "DETAIL_SPO",
      "type" : "esriFieldTypeString",
      "alias" : "DETAIL_SPO",
      "length" : 200
    },
    {
      "name" : "ETC_MATTER",
      "type" : "esriFieldTypeString",
      "alias" : "ETC_MATTER",
      "length" : 200
    },
    {
      "name" : "MNTN_NM",
      "type" : "esriFieldTypeString",
      "alias" : "MNTN_NM",
      "length" : 50
    },
    {
      "name" : "PAST_SPOT_",
      "type" : "esriFieldTypeString",
      "alias" : "PAST_SPOT_",
      "length" : 14
    },
    {
      "name" : "MNTN_ID",
      "type" : "esriFieldTypeString",
      "alias" : "MNTN_ID",
      "length" : 10
    }
  ],
  "features" : [
    {
      "attributes" : {
        "FID" : 0,
        "PMNTN_SPOT" : 26907,
        "MNTN_CODE" : "427709001",
        "MANAGE_SP1" : "01",
        "MANAGE_SP2" : "시종점",
        "DETAIL_SPO" : "시종점",
        "ETC_MATTER" : " ",
        "MNTN_NM" : "만항산",
        "PAST_SPOT_" : "4277026010001",
        "MNTN_ID" : "427702601"
      },
      "geometry" : {
        "x" : 368638.4232000187,
        "y" : 509664.45070000179
      }
    },
    {
      "attributes" : {
        "FID" : 1,
        "PMNTN_SPOT" : 26908,
        "MNTN_CODE" : "427709001",
        "MANAGE_SP1" : "01",
        "MANAGE_SP2" : "시종점",
        "DETAIL_SPO" : "시종점",
        "ETC_MATTER" : " ",
        "MNTN_NM" : "만항산",
        "PAST_SPOT_" : "4277026010002",
        "MNTN_ID" : "427702601"
      },
      "geometry" : {
        "x" : 368840.46070002299,
        "y" : 508357.93610000238
      }
    },
    {
      "attributes" : {
        "FID" : 2,
        "PMNTN_SPOT" : 26909,
        "MNTN_CODE" : "427709001",
        "MANAGE_SP1" : "22",
        "MANAGE_SP2" : "헬기장",
        "DETAIL_SPO" : "헬기장",
        "ETC_MATTER" : " ",
        "MNTN_NM" : "만항산",
        "PAST_SPOT_" : "4277026010003",
        "MNTN_ID" : "427702601"
      },
      "geometry" : {
        "x" : 368090.47580003552,
        "y" : 508139.01940000802
      }
    },
    {
      "attributes" : {
        "FID" : 3,
        "PMNTN_SPOT" : 26910,
        "MNTN_CODE" : "427709001",
        "MANAGE_SP1" : "15",
        "MANAGE_SP2" : "훼손지",
        "DETAIL_SPO" : "훼손",
        "ETC_MATTER" : "배수로필요",
        "MNTN_NM" : "만항산",
        "PAST_SPOT_" : "4277026010004",
        "MNTN_ID" : "427702601"
      },
      "geometry" : {
        "x" : 368333.25970003754,
        "y" : 508238.30490000173
      }
    },
    {
      "attributes" : {
        "FID" : 4,
        "PMNTN_SPOT" : 26911,
        "MNTN_CODE" : "427709001",
        "MANAGE_SP1" : "99",
        "MANAGE_SP2" : "기타",
        "DETAIL_SPO" : "공군대기시설",
        "ETC_MATTER" : "폐허",
        "MNTN_NM" : "만항산",
        "PAST_SPOT_" : "4275014010005",
        "MNTN_ID" : "427501401"
      },
      "geometry" : {
        "x" : 368080.26480003539,
        "y" : 508316.3709000051
      }
    },
    {
      "attributes" : {
        "FID" : 5,
        "PMNTN_SPOT" : 26912,
        "MNTN_CODE" : "427709001",
        "MANAGE_SP1" : "99",
        "MANAGE_SP2" : "기타",
        "DETAIL_SPO" : "훼손",
        "ETC_MATTER" : "배수로필요",
        "MNTN_NM" : "만항산",
        "PAST_SPOT_" : "4277026010006",
        "MNTN_ID" : "427702601"
      },
      "geometry" : {
        "x" : 368701.2113000378,
        "y" : 508409.45850000344
      }
    },
    {
      "attributes" : {
        "FID" : 6,
        "PMNTN_SPOT" : 26913,
        "MNTN_CODE" : "427709001",
        "MANAGE_SP1" : "99",
        "MANAGE_SP2" : "기타",
        "DETAIL_SPO" : "경사지",
        "ETC_MATTER" : "계단필요(30)",
        "MNTN_NM" : "만항산",
        "PAST_SPOT_" : "4277026010007",
        "MNTN_ID" : "427702601"
      },
      "geometry" : {
        "x" : 368024.05220003612,
        "y" : 508604.79050000198
      }
    },
    {
      "attributes" : {
        "FID" : 7,
        "PMNTN_SPOT" : 26914,
        "MNTN_CODE" : "427709001",
        "MANAGE_SP1" : "14",
        "MANAGE_SP2" : "조망점",
        "DETAIL_SPO" : "조망점",
        "ETC_MATTER" : "전망대필요",
        "MNTN_NM" : "만항산",
        "PAST_SPOT_" : "4275014010008",
        "MNTN_ID" : "427501401"
      },
      "geometry" : {
        "x" : 367995.21380003728,
        "y" : 508635.52930000052
      }
    },
    {
      "attributes" : {
        "FID" : 8,
        "PMNTN_SPOT" : 26915,
        "MNTN_CODE" : "427709001",
        "MANAGE_SP1" : "23",
        "MANAGE_SP2" : "정상",
        "DETAIL_SPO" : "정상부",
        "ETC_MATTER" : "태백434 2004재설",
        "MNTN_NM" : "만항산",
        "PAST_SPOT_" : "4275014010009",
        "MNTN_ID" : "427501401"
      },
      "geometry" : {
        "x" : 367995.22670003772,
        "y" : 508635.77380000986
      }
    },
    {
      "attributes" : {
        "FID" : 9,
        "PMNTN_SPOT" : 26916,
        "MNTN_CODE" : "427709001",
        "MANAGE_SP1" : "22",
        "MANAGE_SP2" : "헬기장",
        "DETAIL_SPO" : "헬기장",
        "ETC_MATTER" : " ",
        "MNTN_NM" : "만항산",
        "PAST_SPOT_" : "4275014010010",
        "MNTN_ID" : "427501401"
      },
      "geometry" : {
        "x" : 367587.4179000333,
        "y" : 509004.31770000048
      }
    },
    {
      "attributes" : {
        "FID" : 10,
        "PMNTN_SPOT" : 26917,
        "MNTN_CODE" : "427709001",
        "MANAGE_SP1" : "99",
        "MANAGE_SP2" : "기타",
        "DETAIL_SPO" : "경사지",
        "ETC_MATTER" : "로프필요(30)",
        "MNTN_NM" : "만항산",
        "PAST_SPOT_" : "4277026010011",
        "MNTN_ID" : "427702601"
      },
      "geometry" : {
        "x" : 367652.06500003953,
        "y" : 509478.86120000668
      }
    }
  ]
}