{
  "displayFieldName" : "",
  "fieldAliases" : {
    "FID" : "FID",
    "PMNTN_SPOT" : "PMNTN_SPOT",
    "MNTN_CODE" : "MNTN_CODE",
    "MANAGE_SP1" : "MANAGE_SP1",
    "MANAGE_SP2" : "MANAGE_SP2",
    "DETAIL_SPO" : "DETAIL_SPO",
    "ETC_MATTER" : "ETC_MATTER",
    "MNTN_NM" : "MNTN_NM",
    "PAST_SPOT_" : "PAST_SPOT_",
    "MNTN_ID" : "MNTN_ID"
  },
  "geometryType" : "esriGeometryPoint",
  "spatialReference" : {
    "wkt" : "PROJCS[\"PCS_ITRF2000_TM\",GEOGCS[\"GCS_ITRF_2000\",DATUM[\"D_ITRF_2000\",SPHEROID[\"GRS_1980\",6378137.0,298.257222101]],PRIMEM[\"Greenwich\",0.0],UNIT[\"Degree\",0.0174532925199433]],PROJECTION[\"Transverse_Mercator\"],PARAMETER[\"False_Easting\",200000.0],PARAMETER[\"False_Northing\",600000.0],PARAMETER[\"Central_Meridian\",127.0],PARAMETER[\"Scale_Factor\",1.0],PARAMETER[\"Latitude_Of_Origin\",38.0],UNIT[\"Meter\",1.0]]"
  },
  "fields" : [
    {
      "name" : "FID",
      "type" : "esriFieldTypeOID",
      "alias" : "FID"
    },
    {
      "name" : "PMNTN_SPOT",
      "type" : "esriFieldTypeDouble",
      "alias" : "PMNTN_SPOT"
    },
    {
      "name" : "MNTN_CODE",
      "type" : "esriFieldTypeString",
      "alias" : "MNTN_CODE",
      "length" : 9
    },
    {
      "name" : "MANAGE_SP1",
      "type" : "esriFieldTypeString",
      "alias" : "MANAGE_SP1",
      "length" : 2
    },
    {
      "name" : "MANAGE_SP2",
      "type" : "esriFieldTypeString",
      "alias" : "MANAGE_SP2",
      "length" : 50
    },
    {
      "name" : "DETAIL_SPO",
      "type" : "esriFieldTypeString",
      "alias" : "DETAIL_SPO",
      "length" : 200
    },
    {
      "name" : "ETC_MATTER",
      "type" : "esriFieldTypeString",
      "alias" : "ETC_MATTER",
      "length" : 200
    },
    {
      "name" : "MNTN_NM",
      "type" : "esriFieldTypeString",
      "alias" : "MNTN_NM",
      "length" : 50
    },
    {
      "name" : "PAST_SPOT_",
      "type" : "esriFieldTypeString",
      "alias" : "PAST_SPOT_",
      "length" : 14
    },
    {
      "name" : "MNTN_ID",
      "type" : "esriFieldTypeString",
      "alias" : "MNTN_ID",
      "length" : 10
    }
  ],
  "features" : [
    {
      "attributes" : {
        "FID" : 0,
        "PMNTN_SPOT" : 65406,
        "MNTN_CODE" : "457403701",
        "MANAGE_SP1" : "99",
        "MANAGE_SP2" : "기타",
        "DETAIL_SPO" : "서구이재",
        "ETC_MATTER" : " ",
        "MNTN_NM" : "오계치깃대봉",
        "PAST_SPOT_" : "4574037010001",
        "MNTN_ID" : "457403701"
      },
      "geometry" : {
        "x" : 242389.18759999983,
        "y" : 338100.63650000095
      }
    },
    {
      "attributes" : {
        "FID" : 1,
        "PMNTN_SPOT" : 65407,
        "MNTN_CODE" : "457403701",
        "MANAGE_SP1" : "10",
        "MANAGE_SP2" : "이정표",
        "DETAIL_SPO" : "이정표",
        "ETC_MATTER" : " ",
        "MNTN_NM" : "오계치깃대봉",
        "PAST_SPOT_" : "4574037010002",
        "MNTN_ID" : "457403701"
      },
      "geometry" : {
        "x" : 243057.28960000072,
        "y" : 340032.78800000064
      }
    },
    {
      "attributes" : {
        "FID" : 2,
        "PMNTN_SPOT" : 65408,
        "MNTN_CODE" : "457403701",
        "MANAGE_SP1" : "06",
        "MANAGE_SP2" : "음수대",
        "DETAIL_SPO" : "데미샘",
        "ETC_MATTER" : " ",
        "MNTN_NM" : "오계치깃대봉",
        "PAST_SPOT_" : "4574037010003",
        "MNTN_ID" : "457403701"
      },
      "geometry" : {
        "x" : 243271.42050000001,
        "y" : 340284.15249999985
      }
    },
    {
      "attributes" : {
        "FID" : 3,
        "PMNTN_SPOT" : 65409,
        "MNTN_CODE" : "457403701",
        "MANAGE_SP1" : "23",
        "MANAGE_SP2" : "정상",
        "DETAIL_SPO" : "정상",
        "ETC_MATTER" : " ",
        "MNTN_NM" : "오계치깃대봉",
        "PAST_SPOT_" : "4574037010004",
        "MNTN_ID" : "457403701"
      },
      "geometry" : {
        "x" : 243188.46769999992,
        "y" : 340529.7603999991
      }
    },
    {
      "attributes" : {
        "FID" : 4,
        "PMNTN_SPOT" : 65410,
        "MNTN_CODE" : "457403701",
        "MANAGE_SP1" : "99",
        "MANAGE_SP2" : "기타",
        "DETAIL_SPO" : "오계치",
        "ETC_MATTER" : " ",
        "MNTN_NM" : "오계치깃대봉",
        "PAST_SPOT_" : "4574037010005",
        "MNTN_ID" : "457403701"
      },
      "geometry" : {
        "x" : 242500.80530000106,
        "y" : 341070.36630000174
      }
    },
    {
      "attributes" : {
        "FID" : 5,
        "PMNTN_SPOT" : 65411,
        "MNTN_CODE" : "457403701",
        "MANAGE_SP1" : "10",
        "MANAGE_SP2" : "이정표",
        "DETAIL_SPO" : "이정표",
        "ETC_MATTER" : " ",
        "MNTN_NM" : "오계치깃대봉",
        "PAST_SPOT_" : "4574037010006",
        "MNTN_ID" : "457403701"
      },
      "geometry" : {
        "x" : 242968.98359999992,
        "y" : 341621.7501999978
      }
    },
    {
      "attributes" : {
        "FID" : 6,
        "PMNTN_SPOT" : 65412,
        "MNTN_CODE" : "457403701",
        "MANAGE_SP1" : "10",
        "MANAGE_SP2" : "이정표",
        "DETAIL_SPO" : "이정표",
        "ETC_MATTER" : " ",
        "MNTN_NM" : "오계치깃대봉",
        "PAST_SPOT_" : "4574037010007",
        "MNTN_ID" : "457403701"
      },
      "geometry" : {
        "x" : 243077.33770000003,
        "y" : 341886.85810000077
      }
    },
    {
      "attributes" : {
        "FID" : 7,
        "PMNTN_SPOT" : 65413,
        "MNTN_CODE" : "457403701",
        "MANAGE_SP1" : "99",
        "MANAGE_SP2" : "기타",
        "DETAIL_SPO" : "휴양림관리소",
        "ETC_MATTER" : " ",
        "MNTN_NM" : "오계치깃대봉",
        "PAST_SPOT_" : "4574037010008",
        "MNTN_ID" : "457403701"
      },
      "geometry" : {
        "x" : 243265.14950000122,
        "y" : 342629.85920000076
      }
    },
    {
      "attributes" : {
        "FID" : 8,
        "PMNTN_SPOT" : 65414,
        "MNTN_CODE" : "457403701",
        "MANAGE_SP1" : "01",
        "MANAGE_SP2" : "시종점",
        "DETAIL_SPO" : "시종점",
        "ETC_MATTER" : " ",
        "MNTN_NM" : "오계치깃대봉",
        "PAST_SPOT_" : "4574037010009",
        "MNTN_ID" : "457403701"
      },
      "geometry" : {
        "x" : 242425.36970000062,
        "y" : 338072.90629999898
      }
    },
    {
      "attributes" : {
        "FID" : 9,
        "PMNTN_SPOT" : 65415,
        "MNTN_CODE" : "457403701",
        "MANAGE_SP1" : "01",
        "MANAGE_SP2" : "시종점",
        "DETAIL_SPO" : "시종점",
        "ETC_MATTER" : " ",
        "MNTN_NM" : "오계치깃대봉",
        "PAST_SPOT_" : "4574037010010",
        "MNTN_ID" : "457403701"
      },
      "geometry" : {
        "x" : 243275.87150000129,
        "y" : 342629.6379000023
      }
    },
    {
      "attributes" : {
        "FID" : 10,
        "PMNTN_SPOT" : 98468,
        "MNTN_CODE" : "457403701",
        "MANAGE_SP1" : "10",
        "MANAGE_SP2" : "이정표",
        "DETAIL_SPO" : "이정표",
        "ETC_MATTER" : " ",
        "MNTN_NM" : "오계치깃대봉",
        "PAST_SPOT_" : "4574037010011",
        "MNTN_ID" : "457403701"
      },
      "geometry" : {
        "x" : 243052.60529999906,
        "y" : 340018.88929999981
      }
    },
    {
      "attributes" : {
        "FID" : 11,
        "PMNTN_SPOT" : 98469,
        "MNTN_CODE" : "457403701",
        "MANAGE_SP1" : "05",
        "MANAGE_SP2" : "벤치",
        "DETAIL_SPO" : "벤치, 이정표",
        "ETC_MATTER" : " ",
        "MNTN_NM" : "오계치깃대봉",
        "PAST_SPOT_" : "4574037010012",
        "MNTN_ID" : "457403701"
      },
      "geometry" : {
        "x" : 243267.27159999986,
        "y" : 340281.99320000003
      }
    }
  ]
}