{
  "displayFieldName" : "",
  "fieldAliases" : {
    "FID" : "FID",
    "PMNTN_SPOT" : "PMNTN_SPOT",
    "MNTN_CODE" : "MNTN_CODE",
    "MANAGE_SP1" : "MANAGE_SP1",
    "MANAGE_SP2" : "MANAGE_SP2",
    "DETAIL_SPO" : "DETAIL_SPO",
    "ETC_MATTER" : "ETC_MATTER",
    "MNTN_NM" : "MNTN_NM",
    "PAST_SPOT_" : "PAST_SPOT_",
    "MNTN_ID" : "MNTN_ID"
  },
  "geometryType" : "esriGeometryPoint",
  "spatialReference" : {
    "wkt" : "PROJCS[\"PCS_ITRF2000_TM\",GEOGCS[\"GCS_ITRF_2000\",DATUM[\"D_ITRF_2000\",SPHEROID[\"GRS_1980\",6378137.0,298.257222101]],PRIMEM[\"Greenwich\",0.0],UNIT[\"Degree\",0.0174532925199433]],PROJECTION[\"Transverse_Mercator\"],PARAMETER[\"False_Easting\",200000.0],PARAMETER[\"False_Northing\",600000.0],PARAMETER[\"Central_Meridian\",127.0],PARAMETER[\"Scale_Factor\",1.0],PARAMETER[\"Latitude_Of_Origin\",38.0],UNIT[\"Meter\",1.0]]"
  },
  "fields" : [
    {
      "name" : "FID",
      "type" : "esriFieldTypeOID",
      "alias" : "FID"
    },
    {
      "name" : "PMNTN_SPOT",
      "type" : "esriFieldTypeDouble",
      "alias" : "PMNTN_SPOT"
    },
    {
      "name" : "MNTN_CODE",
      "type" : "esriFieldTypeString",
      "alias" : "MNTN_CODE",
      "length" : 9
    },
    {
      "name" : "MANAGE_SP1",
      "type" : "esriFieldTypeString",
      "alias" : "MANAGE_SP1",
      "length" : 2
    },
    {
      "name" : "MANAGE_SP2",
      "type" : "esriFieldTypeString",
      "alias" : "MANAGE_SP2",
      "length" : 50
    },
    {
      "name" : "DETAIL_SPO",
      "type" : "esriFieldTypeString",
      "alias" : "DETAIL_SPO",
      "length" : 200
    },
    {
      "name" : "ETC_MATTER",
      "type" : "esriFieldTypeString",
      "alias" : "ETC_MATTER",
      "length" : 200
    },
    {
      "name" : "MNTN_NM",
      "type" : "esriFieldTypeString",
      "alias" : "MNTN_NM",
      "length" : 50
    },
    {
      "name" : "PAST_SPOT_",
      "type" : "esriFieldTypeString",
      "alias" : "PAST_SPOT_",
      "length" : 14
    },
    {
      "name" : "MNTN_ID",
      "type" : "esriFieldTypeString",
      "alias" : "MNTN_ID",
      "length" : 10
    }
  ],
  "features" : [
    {
      "attributes" : {
        "FID" : 0,
        "PMNTN_SPOT" : 24976,
        "MNTN_CODE" : "481100301",
        "MANAGE_SP1" : "05",
        "MANAGE_SP2" : "벤치",
        "DETAIL_SPO" : "평의자",
        "ETC_MATTER" : " ",
        "MNTN_NM" : "마금산",
        "PAST_SPOT_" : "28152903000001",
        "MNTN_ID" : "2815290300"
      },
      "geometry" : {
        "x" : 346779.26220001187,
        "y" : 308895.2760000024
      }
    },
    {
      "attributes" : {
        "FID" : 1,
        "PMNTN_SPOT" : 24977,
        "MNTN_CODE" : "481100301",
        "MANAGE_SP1" : "07",
        "MANAGE_SP2" : "시설물(운동기구 등)",
        "DETAIL_SPO" : "체육시설,컨테이너,저수조",
        "ETC_MATTER" : " ",
        "MNTN_NM" : "마금산",
        "PAST_SPOT_" : "28152903000002",
        "MNTN_ID" : "2815290300"
      },
      "geometry" : {
        "x" : 345858.98110001069,
        "y" : 308061.75530000217
      }
    },
    {
      "attributes" : {
        "FID" : 2,
        "PMNTN_SPOT" : 24978,
        "MNTN_CODE" : "481100301",
        "MANAGE_SP1" : "02",
        "MANAGE_SP2" : "분기점",
        "DETAIL_SPO" : "갈림길",
        "ETC_MATTER" : " ",
        "MNTN_NM" : "마금산",
        "PAST_SPOT_" : "28152903000003",
        "MNTN_ID" : "2815290300"
      },
      "geometry" : {
        "x" : 345519.38270000927,
        "y" : 306444.43579999916
      }
    },
    {
      "attributes" : {
        "FID" : 3,
        "PMNTN_SPOT" : 24979,
        "MNTN_CODE" : "481100301",
        "MANAGE_SP1" : "99",
        "MANAGE_SP2" : "기타",
        "DETAIL_SPO" : "기타",
        "ETC_MATTER" : " ",
        "MNTN_NM" : "마금산",
        "PAST_SPOT_" : "28152903000004",
        "MNTN_ID" : "2815290300"
      },
      "geometry" : {
        "x" : 345008.55280000903,
        "y" : 306820.694000002
      }
    },
    {
      "attributes" : {
        "FID" : 4,
        "PMNTN_SPOT" : 24980,
        "MNTN_CODE" : "481100301",
        "MANAGE_SP1" : "99",
        "MANAGE_SP2" : "기타",
        "DETAIL_SPO" : "옥녀봉,이정표",
        "ETC_MATTER" : " ",
        "MNTN_NM" : "마금산",
        "PAST_SPOT_" : "28152903000005",
        "MNTN_ID" : "2815290300"
      },
      "geometry" : {
        "x" : 344903.8015000103,
        "y" : 306992.43300000392
      }
    },
    {
      "attributes" : {
        "FID" : 5,
        "PMNTN_SPOT" : 24981,
        "MNTN_CODE" : "481100301",
        "MANAGE_SP1" : "02",
        "MANAGE_SP2" : "분기점",
        "DETAIL_SPO" : "분기점",
        "ETC_MATTER" : " ",
        "MNTN_NM" : "마금산",
        "PAST_SPOT_" : "28152903000006",
        "MNTN_ID" : "2815290300"
      },
      "geometry" : {
        "x" : 344932.5694000097,
        "y" : 307025.30500000343
      }
    },
    {
      "attributes" : {
        "FID" : 6,
        "PMNTN_SPOT" : 24982,
        "MNTN_CODE" : "481100301",
        "MANAGE_SP1" : "02",
        "MANAGE_SP2" : "분기점",
        "DETAIL_SPO" : "분기점",
        "ETC_MATTER" : " ",
        "MNTN_NM" : "마금산",
        "PAST_SPOT_" : "28152903000007",
        "MNTN_ID" : "2815290300"
      },
      "geometry" : {
        "x" : 345191.49010000844,
        "y" : 307428.61020000279
      }
    },
    {
      "attributes" : {
        "FID" : 7,
        "PMNTN_SPOT" : 24983,
        "MNTN_CODE" : "481100301",
        "MANAGE_SP1" : "23",
        "MANAGE_SP2" : "정상",
        "DETAIL_SPO" : "마금산정상,조망점",
        "ETC_MATTER" : " ",
        "MNTN_NM" : "마금산",
        "PAST_SPOT_" : "28152903000008",
        "MNTN_ID" : "2815290300"
      },
      "geometry" : {
        "x" : 345604.03560001031,
        "y" : 307631.48000000045
      }
    },
    {
      "attributes" : {
        "FID" : 8,
        "PMNTN_SPOT" : 24984,
        "MNTN_CODE" : "481100301",
        "MANAGE_SP1" : "02",
        "MANAGE_SP2" : "분기점",
        "DETAIL_SPO" : "분기점",
        "ETC_MATTER" : " ",
        "MNTN_NM" : "마금산",
        "PAST_SPOT_" : "28152903000009",
        "MNTN_ID" : "2815290300"
      },
      "geometry" : {
        "x" : 345662.6029000096,
        "y" : 307581.42650000378
      }
    },
    {
      "attributes" : {
        "FID" : 9,
        "PMNTN_SPOT" : 24985,
        "MNTN_CODE" : "481100301",
        "MANAGE_SP1" : "01",
        "MANAGE_SP2" : "시종점",
        "DETAIL_SPO" : "시종점,신리마을",
        "ETC_MATTER" : "종점",
        "MNTN_NM" : "마금산",
        "PAST_SPOT_" : "28152903000010",
        "MNTN_ID" : "2815290300"
      },
      "geometry" : {
        "x" : 345763.04080000985,
        "y" : 307019.50210000388
      }
    },
    {
      "attributes" : {
        "FID" : 10,
        "PMNTN_SPOT" : 24986,
        "MNTN_CODE" : "481100301",
        "MANAGE_SP1" : "01",
        "MANAGE_SP2" : "시종점",
        "DETAIL_SPO" : "시종점,창북중학교앞",
        "ETC_MATTER" : "시점",
        "MNTN_NM" : "마금산",
        "PAST_SPOT_" : "28152903000011",
        "MNTN_ID" : "2815290300"
      },
      "geometry" : {
        "x" : 345771.57220001146,
        "y" : 306606.28210000135
      }
    },
    {
      "attributes" : {
        "FID" : 11,
        "PMNTN_SPOT" : 24987,
        "MNTN_CODE" : "481100301",
        "MANAGE_SP1" : "01",
        "MANAGE_SP2" : "시종점",
        "DETAIL_SPO" : "시종점,창북중학교뒤",
        "ETC_MATTER" : "시점",
        "MNTN_NM" : "마금산",
        "PAST_SPOT_" : "28152903000012",
        "MNTN_ID" : "2815290300"
      },
      "geometry" : {
        "x" : 345782.81120001245,
        "y" : 306856.43899999931
      }
    },
    {
      "attributes" : {
        "FID" : 12,
        "PMNTN_SPOT" : 24988,
        "MNTN_CODE" : "481100301",
        "MANAGE_SP1" : "99",
        "MANAGE_SP2" : "기타",
        "DETAIL_SPO" : "사거정고개입구,이정표",
        "ETC_MATTER" : "종점",
        "MNTN_NM" : "마금산",
        "PAST_SPOT_" : "28152903000013",
        "MNTN_ID" : "2815290300"
      },
      "geometry" : {
        "x" : 345782.81950001325,
        "y" : 307952.7843000032
      }
    },
    {
      "attributes" : {
        "FID" : 13,
        "PMNTN_SPOT" : 24989,
        "MNTN_CODE" : "481100301",
        "MANAGE_SP1" : "01",
        "MANAGE_SP2" : "시종점",
        "DETAIL_SPO" : "시종점,온천초등학교",
        "ETC_MATTER" : "시점",
        "MNTN_NM" : "마금산",
        "PAST_SPOT_" : "28152903000014",
        "MNTN_ID" : "2815290300"
      },
      "geometry" : {
        "x" : 345960.45690001175,
        "y" : 307077.11959999986
      }
    },
    {
      "attributes" : {
        "FID" : 14,
        "PMNTN_SPOT" : 24990,
        "MNTN_CODE" : "481100301",
        "MANAGE_SP1" : "02",
        "MANAGE_SP2" : "분기점",
        "DETAIL_SPO" : "분기점",
        "ETC_MATTER" : " ",
        "MNTN_NM" : "마금산",
        "PAST_SPOT_" : "28152903000015",
        "MNTN_ID" : "2815290300"
      },
      "geometry" : {
        "x" : 345962.89050000999,
        "y" : 307456.11710000411
      }
    },
    {
      "attributes" : {
        "FID" : 15,
        "PMNTN_SPOT" : 24991,
        "MNTN_CODE" : "481100301",
        "MANAGE_SP1" : "01",
        "MANAGE_SP2" : "시종점",
        "DETAIL_SPO" : "시종점,북면우체국앞",
        "ETC_MATTER" : "종점",
        "MNTN_NM" : "마금산",
        "PAST_SPOT_" : "28152903000016",
        "MNTN_ID" : "2815290300"
      },
      "geometry" : {
        "x" : 346191.30790001154,
        "y" : 307269.11549999937
      }
    },
    {
      "attributes" : {
        "FID" : 16,
        "PMNTN_SPOT" : 24992,
        "MNTN_CODE" : "481100301",
        "MANAGE_SP1" : "01",
        "MANAGE_SP2" : "시종점",
        "DETAIL_SPO" : "시종점,온천장",
        "ETC_MATTER" : "종점",
        "MNTN_NM" : "마금산",
        "PAST_SPOT_" : "28152903000017",
        "MNTN_ID" : "2815290300"
      },
      "geometry" : {
        "x" : 346275.56160000991,
        "y" : 307594.6015000008
      }
    },
    {
      "attributes" : {
        "FID" : 17,
        "PMNTN_SPOT" : 24993,
        "MNTN_CODE" : "481100301",
        "MANAGE_SP1" : "01",
        "MANAGE_SP2" : "시종점",
        "DETAIL_SPO" : "시종점,온천장",
        "ETC_MATTER" : "종점",
        "MNTN_NM" : "마금산",
        "PAST_SPOT_" : "28152903000018",
        "MNTN_ID" : "2815290300"
      },
      "geometry" : {
        "x" : 346379.72000000812,
        "y" : 307730.62700000405
      }
    },
    {
      "attributes" : {
        "FID" : 18,
        "PMNTN_SPOT" : 24994,
        "MNTN_CODE" : "481100301",
        "MANAGE_SP1" : "02",
        "MANAGE_SP2" : "분기점",
        "DETAIL_SPO" : "갈림길,평의자,이정표,안내판",
        "ETC_MATTER" : " ",
        "MNTN_NM" : "마금산",
        "PAST_SPOT_" : "28152903000019",
        "MNTN_ID" : "2815290300"
      },
      "geometry" : {
        "x" : 346475.28710001148,
        "y" : 308361.6491000019
      }
    },
    {
      "attributes" : {
        "FID" : 19,
        "PMNTN_SPOT" : 24995,
        "MNTN_CODE" : "481100301",
        "MANAGE_SP1" : "23",
        "MANAGE_SP2" : "정상",
        "DETAIL_SPO" : "이정표,정상,조망점,돌탑",
        "ETC_MATTER" : " ",
        "MNTN_NM" : "마금산",
        "PAST_SPOT_" : "28152903000020",
        "MNTN_ID" : "2815290300"
      },
      "geometry" : {
        "x" : 346800.57760000695,
        "y" : 308888.08819999918
      }
    },
    {
      "attributes" : {
        "FID" : 20,
        "PMNTN_SPOT" : 24996,
        "MNTN_CODE" : "481100301",
        "MANAGE_SP1" : "01",
        "MANAGE_SP2" : "시종점",
        "DETAIL_SPO" : "시종점,바깥신천마을,이정표",
        "ETC_MATTER" : "시점",
        "MNTN_NM" : "마금산",
        "PAST_SPOT_" : "28152903000021",
        "MNTN_ID" : "2815290300"
      },
      "geometry" : {
        "x" : 347773.83190000802,
        "y" : 309249.37620000169
      }
    }
  ]
}