{
  "displayFieldName" : "",
  "fieldAliases" : {
    "FID" : "FID",
    "PMNTN_SPOT" : "PMNTN_SPOT",
    "MNTN_CODE" : "MNTN_CODE",
    "MANAGE_SP1" : "MANAGE_SP1",
    "MANAGE_SP2" : "MANAGE_SP2",
    "DETAIL_SPO" : "DETAIL_SPO",
    "ETC_MATTER" : "ETC_MATTER",
    "MNTN_NM" : "MNTN_NM",
    "PAST_SPOT_" : "PAST_SPOT_",
    "MNTN_ID" : "MNTN_ID"
  },
  "geometryType" : "esriGeometryPoint",
  "spatialReference" : {
    "wkt" : "PROJCS[\"PCS_ITRF2000_TM\",GEOGCS[\"GCS_ITRF_2000\",DATUM[\"D_ITRF_2000\",SPHEROID[\"GRS_1980\",6378137.0,298.257222101]],PRIMEM[\"Greenwich\",0.0],UNIT[\"Degree\",0.0174532925199433]],PROJECTION[\"Transverse_Mercator\"],PARAMETER[\"False_Easting\",200000.0],PARAMETER[\"False_Northing\",600000.0],PARAMETER[\"Central_Meridian\",127.0],PARAMETER[\"Scale_Factor\",1.0],PARAMETER[\"Latitude_Of_Origin\",38.0],UNIT[\"Meter\",1.0]]"
  },
  "fields" : [
    {
      "name" : "FID",
      "type" : "esriFieldTypeOID",
      "alias" : "FID"
    },
    {
      "name" : "PMNTN_SPOT",
      "type" : "esriFieldTypeDouble",
      "alias" : "PMNTN_SPOT"
    },
    {
      "name" : "MNTN_CODE",
      "type" : "esriFieldTypeString",
      "alias" : "MNTN_CODE",
      "length" : 9
    },
    {
      "name" : "MANAGE_SP1",
      "type" : "esriFieldTypeString",
      "alias" : "MANAGE_SP1",
      "length" : 2
    },
    {
      "name" : "MANAGE_SP2",
      "type" : "esriFieldTypeString",
      "alias" : "MANAGE_SP2",
      "length" : 50
    },
    {
      "name" : "DETAIL_SPO",
      "type" : "esriFieldTypeString",
      "alias" : "DETAIL_SPO",
      "length" : 200
    },
    {
      "name" : "ETC_MATTER",
      "type" : "esriFieldTypeString",
      "alias" : "ETC_MATTER",
      "length" : 200
    },
    {
      "name" : "MNTN_NM",
      "type" : "esriFieldTypeString",
      "alias" : "MNTN_NM",
      "length" : 50
    },
    {
      "name" : "PAST_SPOT_",
      "type" : "esriFieldTypeString",
      "alias" : "PAST_SPOT_",
      "length" : 14
    },
    {
      "name" : "MNTN_ID",
      "type" : "esriFieldTypeString",
      "alias" : "MNTN_ID",
      "length" : 10
    }
  ],
  "features" : [
    {
      "attributes" : {
        "FID" : 0,
        "PMNTN_SPOT" : 68671,
        "MNTN_CODE" : "481502001",
        "MANAGE_SP1" : "01",
        "MANAGE_SP2" : "시종점",
        "DETAIL_SPO" : "시종점",
        "ETC_MATTER" : " ",
        "MNTN_NM" : "용두산",
        "PAST_SPOT_" : "4812514010001",
        "MNTN_ID" : "481251401"
      },
      "geometry" : {
        "x" : 340684.54660001025,
        "y" : 275848.289900003
      }
    },
    {
      "attributes" : {
        "FID" : 1,
        "PMNTN_SPOT" : 68672,
        "MNTN_CODE" : "481502001",
        "MANAGE_SP1" : "01",
        "MANAGE_SP2" : "시종점",
        "DETAIL_SPO" : "시종점",
        "ETC_MATTER" : " ",
        "MNTN_NM" : "용두산",
        "PAST_SPOT_" : "4812514010002",
        "MNTN_ID" : "481251401"
      },
      "geometry" : {
        "x" : 341454.94320000801,
        "y" : 275843.4068
      }
    },
    {
      "attributes" : {
        "FID" : 2,
        "PMNTN_SPOT" : 68673,
        "MNTN_CODE" : "481502001",
        "MANAGE_SP1" : "02",
        "MANAGE_SP2" : "분기점",
        "DETAIL_SPO" : "분기점",
        "ETC_MATTER" : " ",
        "MNTN_NM" : "용두산",
        "PAST_SPOT_" : "4812514010003",
        "MNTN_ID" : "481251401"
      },
      "geometry" : {
        "x" : 341580.72350000776,
        "y" : 275357.13030000031
      }
    },
    {
      "attributes" : {
        "FID" : 3,
        "PMNTN_SPOT" : 68674,
        "MNTN_CODE" : "481502001",
        "MANAGE_SP1" : "01",
        "MANAGE_SP2" : "시종점",
        "DETAIL_SPO" : "시종점",
        "ETC_MATTER" : " ",
        "MNTN_NM" : "용두산",
        "PAST_SPOT_" : "4812514010004",
        "MNTN_ID" : "481251401"
      },
      "geometry" : {
        "x" : 342038.13130000886,
        "y" : 275405.62900000252
      }
    },
    {
      "attributes" : {
        "FID" : 4,
        "PMNTN_SPOT" : 68675,
        "MNTN_CODE" : "481502001",
        "MANAGE_SP1" : "02",
        "MANAGE_SP2" : "분기점",
        "DETAIL_SPO" : "분기점",
        "ETC_MATTER" : " ",
        "MNTN_NM" : "용두산",
        "PAST_SPOT_" : "4812514010005",
        "MNTN_ID" : "481251401"
      },
      "geometry" : {
        "x" : 342076.74420000799,
        "y" : 275671.08220000379
      }
    },
    {
      "attributes" : {
        "FID" : 5,
        "PMNTN_SPOT" : 68676,
        "MNTN_CODE" : "481502001",
        "MANAGE_SP1" : "02",
        "MANAGE_SP2" : "분기점",
        "DETAIL_SPO" : "분기점",
        "ETC_MATTER" : " ",
        "MNTN_NM" : "용두산",
        "PAST_SPOT_" : "4812514010006",
        "MNTN_ID" : "481251401"
      },
      "geometry" : {
        "x" : 342119.59770000819,
        "y" : 275381.73040000163
      }
    },
    {
      "attributes" : {
        "FID" : 6,
        "PMNTN_SPOT" : 68677,
        "MNTN_CODE" : "481502001",
        "MANAGE_SP1" : "01",
        "MANAGE_SP2" : "시종점",
        "DETAIL_SPO" : "시종점",
        "ETC_MATTER" : " ",
        "MNTN_NM" : "용두산",
        "PAST_SPOT_" : "4812514010007",
        "MNTN_ID" : "481251401"
      },
      "geometry" : {
        "x" : 342127.85260001011,
        "y" : 275598.99379999936
      }
    },
    {
      "attributes" : {
        "FID" : 7,
        "PMNTN_SPOT" : 68678,
        "MNTN_CODE" : "481502001",
        "MANAGE_SP1" : "01",
        "MANAGE_SP2" : "시종점",
        "DETAIL_SPO" : "시종점",
        "ETC_MATTER" : " ",
        "MNTN_NM" : "용두산",
        "PAST_SPOT_" : "4812514010008",
        "MNTN_ID" : "481251401"
      },
      "geometry" : {
        "x" : 342168.07250000816,
        "y" : 275456.67730000243
      }
    },
    {
      "attributes" : {
        "FID" : 8,
        "PMNTN_SPOT" : 68679,
        "MNTN_CODE" : "481502001",
        "MANAGE_SP1" : "02",
        "MANAGE_SP2" : "분기점",
        "DETAIL_SPO" : "분기점",
        "ETC_MATTER" : " ",
        "MNTN_NM" : "용두산",
        "PAST_SPOT_" : "4812514010009",
        "MNTN_ID" : "481251401"
      },
      "geometry" : {
        "x" : 342186.4462000085,
        "y" : 275391.4199000001
      }
    },
    {
      "attributes" : {
        "FID" : 9,
        "PMNTN_SPOT" : 68680,
        "MNTN_CODE" : "481502001",
        "MANAGE_SP1" : "01",
        "MANAGE_SP2" : "시종점",
        "DETAIL_SPO" : "시종점",
        "ETC_MATTER" : " ",
        "MNTN_NM" : "용두산",
        "PAST_SPOT_" : "4812514010010",
        "MNTN_ID" : "481251401"
      },
      "geometry" : {
        "x" : 342307.92420000955,
        "y" : 275277.62859999947
      }
    },
    {
      "attributes" : {
        "FID" : 10,
        "PMNTN_SPOT" : 68681,
        "MNTN_CODE" : "481502001",
        "MANAGE_SP1" : "01",
        "MANAGE_SP2" : "시종점",
        "DETAIL_SPO" : "시종점",
        "ETC_MATTER" : " ",
        "MNTN_NM" : "용두산",
        "PAST_SPOT_" : "4812514010011",
        "MNTN_ID" : "481251401"
      },
      "geometry" : {
        "x" : 342356.62330000941,
        "y" : 275346.32129999995
      }
    }
  ]
}