{
  "displayFieldName" : "",
  "fieldAliases" : {
    "FID" : "FID",
    "PMNTN_SPOT" : "PMNTN_SPOT",
    "MNTN_CODE" : "MNTN_CODE",
    "MANAGE_SP1" : "MANAGE_SP1",
    "MANAGE_SP2" : "MANAGE_SP2",
    "DETAIL_SPO" : "DETAIL_SPO",
    "ETC_MATTER" : "ETC_MATTER",
    "MNTN_NM" : "MNTN_NM",
    "PAST_SPOT_" : "PAST_SPOT_",
    "MNTN_ID" : "MNTN_ID"
  },
  "geometryType" : "esriGeometryPoint",
  "spatialReference" : {
    "wkt" : "PROJCS[\"PCS_ITRF2000_TM\",GEOGCS[\"GCS_ITRF_2000\",DATUM[\"D_ITRF_2000\",SPHEROID[\"GRS_1980\",6378137.0,298.257222101]],PRIMEM[\"Greenwich\",0.0],UNIT[\"Degree\",0.0174532925199433]],PROJECTION[\"Transverse_Mercator\"],PARAMETER[\"False_Easting\",200000.0],PARAMETER[\"False_Northing\",600000.0],PARAMETER[\"Central_Meridian\",127.0],PARAMETER[\"Scale_Factor\",1.0],PARAMETER[\"Latitude_Of_Origin\",38.0],UNIT[\"Meter\",1.0]]"
  },
  "fields" : [
    {
      "name" : "FID",
      "type" : "esriFieldTypeOID",
      "alias" : "FID"
    },
    {
      "name" : "PMNTN_SPOT",
      "type" : "esriFieldTypeDouble",
      "alias" : "PMNTN_SPOT"
    },
    {
      "name" : "MNTN_CODE",
      "type" : "esriFieldTypeString",
      "alias" : "MNTN_CODE",
      "length" : 9
    },
    {
      "name" : "MANAGE_SP1",
      "type" : "esriFieldTypeString",
      "alias" : "MANAGE_SP1",
      "length" : 2
    },
    {
      "name" : "MANAGE_SP2",
      "type" : "esriFieldTypeString",
      "alias" : "MANAGE_SP2",
      "length" : 50
    },
    {
      "name" : "DETAIL_SPO",
      "type" : "esriFieldTypeString",
      "alias" : "DETAIL_SPO",
      "length" : 200
    },
    {
      "name" : "ETC_MATTER",
      "type" : "esriFieldTypeString",
      "alias" : "ETC_MATTER",
      "length" : 200
    },
    {
      "name" : "MNTN_NM",
      "type" : "esriFieldTypeString",
      "alias" : "MNTN_NM",
      "length" : 50
    },
    {
      "name" : "PAST_SPOT_",
      "type" : "esriFieldTypeString",
      "alias" : "PAST_SPOT_",
      "length" : 14
    },
    {
      "name" : "MNTN_ID",
      "type" : "esriFieldTypeString",
      "alias" : "MNTN_ID",
      "length" : 10
    }
  ],
  "features" : [
    {
      "attributes" : {
        "FID" : 0,
        "PMNTN_SPOT" : 72031,
        "MNTN_CODE" : "421508204",
        "MANAGE_SP1" : "01",
        "MANAGE_SP2" : "시종점",
        "DETAIL_SPO" : "시종점",
        "ETC_MATTER" : " ",
        "MNTN_NM" : "원대제",
        "PAST_SPOT_" : "4215050010001",
        "MNTN_ID" : "421505001"
      },
      "geometry" : {
        "x" : 365323.31240001507,
        "y" : 575084.84960000589
      }
    },
    {
      "attributes" : {
        "FID" : 1,
        "PMNTN_SPOT" : 72032,
        "MNTN_CODE" : "421508204",
        "MANAGE_SP1" : "02",
        "MANAGE_SP2" : "분기점",
        "DETAIL_SPO" : "분기점",
        "ETC_MATTER" : " ",
        "MNTN_NM" : "원대제",
        "PAST_SPOT_" : "4215050010002",
        "MNTN_ID" : "421505001"
      },
      "geometry" : {
        "x" : 365375.02600001357,
        "y" : 575065.52420000173
      }
    },
    {
      "attributes" : {
        "FID" : 2,
        "PMNTN_SPOT" : 72033,
        "MNTN_CODE" : "421508204",
        "MANAGE_SP1" : "02",
        "MANAGE_SP2" : "분기점",
        "DETAIL_SPO" : "분기점",
        "ETC_MATTER" : " ",
        "MNTN_NM" : "원대제",
        "PAST_SPOT_" : "4215050010003",
        "MNTN_ID" : "421505001"
      },
      "geometry" : {
        "x" : 365408.84280001279,
        "y" : 575051.88470000774
      }
    },
    {
      "attributes" : {
        "FID" : 3,
        "PMNTN_SPOT" : 72034,
        "MNTN_CODE" : "421508204",
        "MANAGE_SP1" : "02",
        "MANAGE_SP2" : "분기점",
        "DETAIL_SPO" : "분기점",
        "ETC_MATTER" : " ",
        "MNTN_NM" : "원대제",
        "PAST_SPOT_" : "4215050010004",
        "MNTN_ID" : "421505001"
      },
      "geometry" : {
        "x" : 365418.34620001353,
        "y" : 575020.40479999781
      }
    },
    {
      "attributes" : {
        "FID" : 4,
        "PMNTN_SPOT" : 72035,
        "MNTN_CODE" : "421508204",
        "MANAGE_SP1" : "02",
        "MANAGE_SP2" : "분기점",
        "DETAIL_SPO" : "분기점",
        "ETC_MATTER" : " ",
        "MNTN_NM" : "원대제",
        "PAST_SPOT_" : "4215050010005",
        "MNTN_ID" : "421505001"
      },
      "geometry" : {
        "x" : 365463.08370001614,
        "y" : 575135.6603000015
      }
    },
    {
      "attributes" : {
        "FID" : 5,
        "PMNTN_SPOT" : 72036,
        "MNTN_CODE" : "421508204",
        "MANAGE_SP1" : "01",
        "MANAGE_SP2" : "시종점",
        "DETAIL_SPO" : "시종점",
        "ETC_MATTER" : " ",
        "MNTN_NM" : "원대제",
        "PAST_SPOT_" : "4215050010006",
        "MNTN_ID" : "421505001"
      },
      "geometry" : {
        "x" : 365464.37820001692,
        "y" : 575224.43050000072
      }
    },
    {
      "attributes" : {
        "FID" : 6,
        "PMNTN_SPOT" : 72037,
        "MNTN_CODE" : "421508204",
        "MANAGE_SP1" : "02",
        "MANAGE_SP2" : "분기점",
        "DETAIL_SPO" : "분기점",
        "ETC_MATTER" : " ",
        "MNTN_NM" : "원대제",
        "PAST_SPOT_" : "4215050010007",
        "MNTN_ID" : "421505001"
      },
      "geometry" : {
        "x" : 365469.12990001403,
        "y" : 575075.34620000236
      }
    },
    {
      "attributes" : {
        "FID" : 7,
        "PMNTN_SPOT" : 72038,
        "MNTN_CODE" : "421508204",
        "MANAGE_SP1" : "02",
        "MANAGE_SP2" : "분기점",
        "DETAIL_SPO" : "분기점",
        "ETC_MATTER" : " ",
        "MNTN_NM" : "원대제",
        "PAST_SPOT_" : "4215050010008",
        "MNTN_ID" : "421505001"
      },
      "geometry" : {
        "x" : 365472.3966000136,
        "y" : 575193.54450000077
      }
    },
    {
      "attributes" : {
        "FID" : 8,
        "PMNTN_SPOT" : 72039,
        "MNTN_CODE" : "421508204",
        "MANAGE_SP1" : "02",
        "MANAGE_SP2" : "분기점",
        "DETAIL_SPO" : "분기점",
        "ETC_MATTER" : " ",
        "MNTN_NM" : "원대제",
        "PAST_SPOT_" : "4215050010009",
        "MNTN_ID" : "421505001"
      },
      "geometry" : {
        "x" : 365492.765800016,
        "y" : 575135.02050000429
      }
    },
    {
      "attributes" : {
        "FID" : 9,
        "PMNTN_SPOT" : 72040,
        "MNTN_CODE" : "421508204",
        "MANAGE_SP1" : "02",
        "MANAGE_SP2" : "분기점",
        "DETAIL_SPO" : "분기점",
        "ETC_MATTER" : " ",
        "MNTN_NM" : "원대제",
        "PAST_SPOT_" : "4215050010010",
        "MNTN_ID" : "421505001"
      },
      "geometry" : {
        "x" : 365500.83640001435,
        "y" : 575133.49010000192
      }
    },
    {
      "attributes" : {
        "FID" : 10,
        "PMNTN_SPOT" : 72041,
        "MNTN_CODE" : "421508204",
        "MANAGE_SP1" : "02",
        "MANAGE_SP2" : "분기점",
        "DETAIL_SPO" : "분기점",
        "ETC_MATTER" : " ",
        "MNTN_NM" : "원대제",
        "PAST_SPOT_" : "4215050010011",
        "MNTN_ID" : "421505001"
      },
      "geometry" : {
        "x" : 365502.18720001634,
        "y" : 574994.35650000535
      }
    },
    {
      "attributes" : {
        "FID" : 11,
        "PMNTN_SPOT" : 72042,
        "MNTN_CODE" : "421508204",
        "MANAGE_SP1" : "02",
        "MANAGE_SP2" : "분기점",
        "DETAIL_SPO" : "분기점",
        "ETC_MATTER" : " ",
        "MNTN_NM" : "원대제",
        "PAST_SPOT_" : "4215050010012",
        "MNTN_ID" : "421505001"
      },
      "geometry" : {
        "x" : 365503.28260001447,
        "y" : 575176.61660000496
      }
    },
    {
      "attributes" : {
        "FID" : 12,
        "PMNTN_SPOT" : 72043,
        "MNTN_CODE" : "421508204",
        "MANAGE_SP1" : "02",
        "MANAGE_SP2" : "분기점",
        "DETAIL_SPO" : "분기점",
        "ETC_MATTER" : " ",
        "MNTN_NM" : "원대제",
        "PAST_SPOT_" : "4215050010013",
        "MNTN_ID" : "421505001"
      },
      "geometry" : {
        "x" : 365508.06130001415,
        "y" : 575047.09810000658
      }
    },
    {
      "attributes" : {
        "FID" : 13,
        "PMNTN_SPOT" : 72044,
        "MNTN_CODE" : "421508204",
        "MANAGE_SP1" : "02",
        "MANAGE_SP2" : "분기점",
        "DETAIL_SPO" : "분기점",
        "ETC_MATTER" : " ",
        "MNTN_NM" : "원대제",
        "PAST_SPOT_" : "4215050010014",
        "MNTN_ID" : "421505001"
      },
      "geometry" : {
        "x" : 365509.816200017,
        "y" : 575001.69500000775
      }
    },
    {
      "attributes" : {
        "FID" : 14,
        "PMNTN_SPOT" : 72045,
        "MNTN_CODE" : "421508204",
        "MANAGE_SP1" : "02",
        "MANAGE_SP2" : "분기점",
        "DETAIL_SPO" : "분기점",
        "ETC_MATTER" : " ",
        "MNTN_NM" : "원대제",
        "PAST_SPOT_" : "4215050010015",
        "MNTN_ID" : "421505001"
      },
      "geometry" : {
        "x" : 365528.52600001451,
        "y" : 575160.28270000219
      }
    },
    {
      "attributes" : {
        "FID" : 15,
        "PMNTN_SPOT" : 72046,
        "MNTN_CODE" : "421508204",
        "MANAGE_SP1" : "02",
        "MANAGE_SP2" : "분기점",
        "DETAIL_SPO" : "분기점",
        "ETC_MATTER" : " ",
        "MNTN_NM" : "원대제",
        "PAST_SPOT_" : "4215050010016",
        "MNTN_ID" : "421505001"
      },
      "geometry" : {
        "x" : 365548.42370001692,
        "y" : 574923.58909999952
      }
    },
    {
      "attributes" : {
        "FID" : 16,
        "PMNTN_SPOT" : 72047,
        "MNTN_CODE" : "421508204",
        "MANAGE_SP1" : "02",
        "MANAGE_SP2" : "분기점",
        "DETAIL_SPO" : "분기점",
        "ETC_MATTER" : " ",
        "MNTN_NM" : "원대제",
        "PAST_SPOT_" : "4215050010017",
        "MNTN_ID" : "421505001"
      },
      "geometry" : {
        "x" : 365548.53210001718,
        "y" : 575136.87100000493
      }
    },
    {
      "attributes" : {
        "FID" : 17,
        "PMNTN_SPOT" : 72048,
        "MNTN_CODE" : "421508204",
        "MANAGE_SP1" : "02",
        "MANAGE_SP2" : "분기점",
        "DETAIL_SPO" : "분기점",
        "ETC_MATTER" : " ",
        "MNTN_NM" : "원대제",
        "PAST_SPOT_" : "4215050010018",
        "MNTN_ID" : "421505001"
      },
      "geometry" : {
        "x" : 365555.84820001666,
        "y" : 575068.81259999983
      }
    },
    {
      "attributes" : {
        "FID" : 18,
        "PMNTN_SPOT" : 72049,
        "MNTN_CODE" : "421508204",
        "MANAGE_SP1" : "02",
        "MANAGE_SP2" : "분기점",
        "DETAIL_SPO" : "분기점",
        "ETC_MATTER" : " ",
        "MNTN_NM" : "원대제",
        "PAST_SPOT_" : "4215050010019",
        "MNTN_ID" : "421505001"
      },
      "geometry" : {
        "x" : 365565.65920001641,
        "y" : 575088.33249999955
      }
    },
    {
      "attributes" : {
        "FID" : 19,
        "PMNTN_SPOT" : 72050,
        "MNTN_CODE" : "421508204",
        "MANAGE_SP1" : "02",
        "MANAGE_SP2" : "분기점",
        "DETAIL_SPO" : "분기점",
        "ETC_MATTER" : " ",
        "MNTN_NM" : "원대제",
        "PAST_SPOT_" : "4215050010020",
        "MNTN_ID" : "421505001"
      },
      "geometry" : {
        "x" : 365571.29120001569,
        "y" : 575124.34800000489
      }
    },
    {
      "attributes" : {
        "FID" : 20,
        "PMNTN_SPOT" : 72051,
        "MNTN_CODE" : "421508204",
        "MANAGE_SP1" : "02",
        "MANAGE_SP2" : "분기점",
        "DETAIL_SPO" : "분기점",
        "ETC_MATTER" : " ",
        "MNTN_NM" : "원대제",
        "PAST_SPOT_" : "4215050010021",
        "MNTN_ID" : "421505001"
      },
      "geometry" : {
        "x" : 365577.63660001475,
        "y" : 575149.11960000545
      }
    },
    {
      "attributes" : {
        "FID" : 21,
        "PMNTN_SPOT" : 72052,
        "MNTN_CODE" : "421508204",
        "MANAGE_SP1" : "01",
        "MANAGE_SP2" : "시종점",
        "DETAIL_SPO" : "시종점",
        "ETC_MATTER" : " ",
        "MNTN_NM" : "원대제",
        "PAST_SPOT_" : "4215050010022",
        "MNTN_ID" : "421505001"
      },
      "geometry" : {
        "x" : 365595.47580001503,
        "y" : 574701.27160000242
      }
    },
    {
      "attributes" : {
        "FID" : 22,
        "PMNTN_SPOT" : 72053,
        "MNTN_CODE" : "421508204",
        "MANAGE_SP1" : "01",
        "MANAGE_SP2" : "시종점",
        "DETAIL_SPO" : "시종점",
        "ETC_MATTER" : " ",
        "MNTN_NM" : "원대제",
        "PAST_SPOT_" : "4215050010023",
        "MNTN_ID" : "421505001"
      },
      "geometry" : {
        "x" : 365703.44760001637,
        "y" : 574814.00330000557
      }
    },
    {
      "attributes" : {
        "FID" : 23,
        "PMNTN_SPOT" : 72054,
        "MNTN_CODE" : "421508204",
        "MANAGE_SP1" : "01",
        "MANAGE_SP2" : "시종점",
        "DETAIL_SPO" : "시종점",
        "ETC_MATTER" : " ",
        "MNTN_NM" : "원대제",
        "PAST_SPOT_" : "4215050010024",
        "MNTN_ID" : "421505001"
      },
      "geometry" : {
        "x" : 365811.25150001422,
        "y" : 575041.49039999954
      }
    },
    {
      "attributes" : {
        "FID" : 24,
        "PMNTN_SPOT" : 72055,
        "MNTN_CODE" : "421508204",
        "MANAGE_SP1" : "01",
        "MANAGE_SP2" : "시종점",
        "DETAIL_SPO" : "시종점",
        "ETC_MATTER" : " ",
        "MNTN_NM" : "원대제",
        "PAST_SPOT_" : "4215050010025",
        "MNTN_ID" : "421505001"
      },
      "geometry" : {
        "x" : 365815.81370001473,
        "y" : 575294.31470000558
      }
    },
    {
      "attributes" : {
        "FID" : 25,
        "PMNTN_SPOT" : 72056,
        "MNTN_CODE" : "421508204",
        "MANAGE_SP1" : "01",
        "MANAGE_SP2" : "시종점",
        "DETAIL_SPO" : "시종점",
        "ETC_MATTER" : " ",
        "MNTN_NM" : "원대제",
        "PAST_SPOT_" : "4215050010026",
        "MNTN_ID" : "421505001"
      },
      "geometry" : {
        "x" : 365832.28240001388,
        "y" : 575434.84769999981
      }
    },
    {
      "attributes" : {
        "FID" : 26,
        "PMNTN_SPOT" : 72057,
        "MNTN_CODE" : "421508204",
        "MANAGE_SP1" : "02",
        "MANAGE_SP2" : "분기점",
        "DETAIL_SPO" : "분기점",
        "ETC_MATTER" : " ",
        "MNTN_NM" : "원대제",
        "PAST_SPOT_" : "4215050010027",
        "MNTN_ID" : "421505001"
      },
      "geometry" : {
        "x" : 365851.01600001659,
        "y" : 575331.6128000021
      }
    },
    {
      "attributes" : {
        "FID" : 27,
        "PMNTN_SPOT" : 72058,
        "MNTN_CODE" : "421508204",
        "MANAGE_SP1" : "01",
        "MANAGE_SP2" : "시종점",
        "DETAIL_SPO" : "시종점",
        "ETC_MATTER" : " ",
        "MNTN_NM" : "원대제",
        "PAST_SPOT_" : "4215050010028",
        "MNTN_ID" : "421505001"
      },
      "geometry" : {
        "x" : 365864.44530001376,
        "y" : 575418.06359999999
      }
    },
    {
      "attributes" : {
        "FID" : 28,
        "PMNTN_SPOT" : 72059,
        "MNTN_CODE" : "421508204",
        "MANAGE_SP1" : "02",
        "MANAGE_SP2" : "분기점",
        "DETAIL_SPO" : "분기점",
        "ETC_MATTER" : " ",
        "MNTN_NM" : "원대제",
        "PAST_SPOT_" : "4215050010029",
        "MNTN_ID" : "421505001"
      },
      "geometry" : {
        "x" : 365909.62510001566,
        "y" : 575286.73150000535
      }
    },
    {
      "attributes" : {
        "FID" : 29,
        "PMNTN_SPOT" : 72060,
        "MNTN_CODE" : "421508204",
        "MANAGE_SP1" : "01",
        "MANAGE_SP2" : "시종점",
        "DETAIL_SPO" : "시종점",
        "ETC_MATTER" : " ",
        "MNTN_NM" : "원대제",
        "PAST_SPOT_" : "4215050010030",
        "MNTN_ID" : "421505001"
      },
      "geometry" : {
        "x" : 365911.05780001637,
        "y" : 575054.14580000006
      }
    },
    {
      "attributes" : {
        "FID" : 30,
        "PMNTN_SPOT" : 72061,
        "MNTN_CODE" : "421508204",
        "MANAGE_SP1" : "02",
        "MANAGE_SP2" : "분기점",
        "DETAIL_SPO" : "분기점",
        "ETC_MATTER" : " ",
        "MNTN_NM" : "원대제",
        "PAST_SPOT_" : "4215050010031",
        "MNTN_ID" : "421505001"
      },
      "geometry" : {
        "x" : 365924.85460001603,
        "y" : 575262.32090000063
      }
    },
    {
      "attributes" : {
        "FID" : 31,
        "PMNTN_SPOT" : 72062,
        "MNTN_CODE" : "421508204",
        "MANAGE_SP1" : "02",
        "MANAGE_SP2" : "분기점",
        "DETAIL_SPO" : "분기점",
        "ETC_MATTER" : " ",
        "MNTN_NM" : "원대제",
        "PAST_SPOT_" : "4215050010032",
        "MNTN_ID" : "421505001"
      },
      "geometry" : {
        "x" : 365940.70150001347,
        "y" : 575118.09940000065
      }
    },
    {
      "attributes" : {
        "FID" : 32,
        "PMNTN_SPOT" : 72063,
        "MNTN_CODE" : "421508204",
        "MANAGE_SP1" : "01",
        "MANAGE_SP2" : "시종점",
        "DETAIL_SPO" : "시종점",
        "ETC_MATTER" : " ",
        "MNTN_NM" : "원대제",
        "PAST_SPOT_" : "4215050010033",
        "MNTN_ID" : "421505001"
      },
      "geometry" : {
        "x" : 366018.65340001322,
        "y" : 575284.15890000202
      }
    },
    {
      "attributes" : {
        "FID" : 33,
        "PMNTN_SPOT" : 72064,
        "MNTN_CODE" : "421508204",
        "MANAGE_SP1" : "02",
        "MANAGE_SP2" : "분기점",
        "DETAIL_SPO" : "분기점",
        "ETC_MATTER" : " ",
        "MNTN_NM" : "원대제",
        "PAST_SPOT_" : "4215050010034",
        "MNTN_ID" : "421505001"
      },
      "geometry" : {
        "x" : 366122.13190001715,
        "y" : 575153.50710000284
      }
    },
    {
      "attributes" : {
        "FID" : 34,
        "PMNTN_SPOT" : 72065,
        "MNTN_CODE" : "421508204",
        "MANAGE_SP1" : "01",
        "MANAGE_SP2" : "시종점",
        "DETAIL_SPO" : "시종점",
        "ETC_MATTER" : " ",
        "MNTN_NM" : "원대제",
        "PAST_SPOT_" : "4215050010035",
        "MNTN_ID" : "421505001"
      },
      "geometry" : {
        "x" : 366146.835000013,
        "y" : 575208.12840000354
      }
    },
    {
      "attributes" : {
        "FID" : 35,
        "PMNTN_SPOT" : 72066,
        "MNTN_CODE" : "421508204",
        "MANAGE_SP1" : "01",
        "MANAGE_SP2" : "시종점",
        "DETAIL_SPO" : "시종점",
        "ETC_MATTER" : " ",
        "MNTN_NM" : "원대제",
        "PAST_SPOT_" : "4215050010036",
        "MNTN_ID" : "421505001"
      },
      "geometry" : {
        "x" : 366179.49790001474,
        "y" : 575074.73169999942
      }
    }
  ]
}