{
  "displayFieldName" : "",
  "fieldAliases" : {
    "FID" : "FID",
    "PMNTN_SN" : "PMNTN_SN",
    "MNTN_CODE" : "MNTN_CODE",
    "MNTN_NM" : "MNTN_NM",
    "PMNTN_NM" : "PMNTN_NM",
    "PMNTN_MAIN" : "PMNTN_MAIN",
    "PMNTN_LT" : "PMNTN_LT",
    "PMNTN_DFFL" : "PMNTN_DFFL",
    "PMNTN_UPPL" : "PMNTN_UPPL",
    "PMNTN_GODN" : "PMNTN_GODN",
    "PMNTN_MTRQ" : "PMNTN_MTRQ",
    "PMNTN_CNRL" : "PMNTN_CNRL",
    "PMNTN_CLS_" : "PMNTN_CLS_",
    "PMNTN_RISK" : "PMNTN_RISK",
    "PMNTN_RECO" : "PMNTN_RECO",
    "DATA_STDR_" : "DATA_STDR_",
    "MNTN_ID" : "MNTN_ID"
  },
  "geometryType" : "esriGeometryPolyline",
  "spatialReference" : {
    "wkt" : "PROJCS[\"PCS_ITRF2000_TM\",GEOGCS[\"GCS_ITRF_2000\",DATUM[\"D_ITRF_2000\",SPHEROID[\"GRS_1980\",6378137.0,298.257222101]],PRIMEM[\"Greenwich\",0.0],UNIT[\"Degree\",0.0174532925199433]],PROJECTION[\"Transverse_Mercator\"],PARAMETER[\"False_Easting\",200000.0],PARAMETER[\"False_Northing\",600000.0],PARAMETER[\"Central_Meridian\",127.0],PARAMETER[\"Scale_Factor\",1.0],PARAMETER[\"Latitude_Of_Origin\",38.0],UNIT[\"Meter\",1.0]]"
  },
  "fields" : [
    {
      "name" : "FID",
      "type" : "esriFieldTypeOID",
      "alias" : "FID"
    },
    {
      "name" : "PMNTN_SN",
      "type" : "esriFieldTypeDouble",
      "alias" : "PMNTN_SN"
    },
    {
      "name" : "MNTN_CODE",
      "type" : "esriFieldTypeString",
      "alias" : "MNTN_CODE",
      "length" : 9
    },
    {
      "name" : "MNTN_NM",
      "type" : "esriFieldTypeString",
      "alias" : "MNTN_NM",
      "length" : 50
    },
    {
      "name" : "PMNTN_NM",
      "type" : "esriFieldTypeString",
      "alias" : "PMNTN_NM",
      "length" : 50
    },
    {
      "name" : "PMNTN_MAIN",
      "type" : "esriFieldTypeString",
      "alias" : "PMNTN_MAIN",
      "length" : 200
    },
    {
      "name" : "PMNTN_LT",
      "type" : "esriFieldTypeSingle",
      "alias" : "PMNTN_LT"
    },
    {
      "name" : "PMNTN_DFFL",
      "type" : "esriFieldTypeString",
      "alias" : "PMNTN_DFFL",
      "length" : 8
    },
    {
      "name" : "PMNTN_UPPL",
      "type" : "esriFieldTypeDouble",
      "alias" : "PMNTN_UPPL"
    },
    {
      "name" : "PMNTN_GODN",
      "type" : "esriFieldTypeDouble",
      "alias" : "PMNTN_GODN"
    },
    {
      "name" : "PMNTN_MTRQ",
      "type" : "esriFieldTypeString",
      "alias" : "PMNTN_MTRQ",
      "length" : 200
    },
    {
      "name" : "PMNTN_CNRL",
      "type" : "esriFieldTypeString",
      "alias" : "PMNTN_CNRL",
      "length" : 1
    },
    {
      "name" : "PMNTN_CLS_",
      "type" : "esriFieldTypeString",
      "alias" : "PMNTN_CLS_",
      "length" : 1
    },
    {
      "name" : "PMNTN_RISK",
      "type" : "esriFieldTypeString",
      "alias" : "PMNTN_RISK",
      "length" : 200
    },
    {
      "name" : "PMNTN_RECO",
      "type" : "esriFieldTypeString",
      "alias" : "PMNTN_RECO",
      "length" : 1
    },
    {
      "name" : "DATA_STDR_",
      "type" : "esriFieldTypeString",
      "alias" : "DATA_STDR_",
      "length" : 10
    },
    {
      "name" : "MNTN_ID",
      "type" : "esriFieldTypeString",
      "alias" : "MNTN_ID",
      "length" : 10
    }
  ],
  "features" : [
    {
      "attributes" : {
        "FID" : 0,
        "PMNTN_SN" : 33055,
        "MNTN_CODE" : "467701601",
        "MNTN_NM" : "수덕산",
        "PMNTN_NM" : "행정리구간",
        "PMNTN_MAIN" : " ",
        "PMNTN_LT" : 0.97,
        "PMNTN_DFFL" : "쉬움",
        "PMNTN_UPPL" : 24,
        "PMNTN_GODN" : 17,
        "PMNTN_MTRQ" : " ",
        "PMNTN_CNRL" : " ",
        "PMNTN_CLS_" : " ",
        "PMNTN_RISK" : " ",
        "PMNTN_RECO" : " ",
        "DATA_STDR_" : "2016-12-31",
        "MNTN_ID" : "467701601"
      },
      "geometry" : {
        "paths" : [
          [
            [
              224753.53639999963,
              225237.54660000093
            ],
            [
              224725.228500003,
              225234.97270000167
            ],
            [
              224704.68800000194,
              225222.31870000251
            ],
            [
              224681.46549999993,
              225205.1641999986
            ],
            [
              224668.24419999961,
              225198.36009999923
            ],
            [
              224661.01999999955,
              225188.4495000001
            ],
            [
              224662.4729000004,
              225178.27660000138
            ],
            [
              224661.23740000091,
              225166.60660000145
            ],
            [
              224652.91199999955,
              225158.71340000257
            ],
            [
              224643.09940000158,
              225154.56670000032
            ],
            [
              224631.87170000188,
              225149.10720000044
            ],
            [
              224624.55670000054,
              225149.38399999775
            ],
            [
              224618.11320000049,
              225134.9467999991
            ],
            [
              224605.80460000411,
              225127.22969999909
            ],
            [
              224600.47719999962,
              225119.1660999991
            ],
            [
              224597.51530000195,
              225109.94310000166
            ],
            [
              224592.85920000076,
              225096.6350000035
            ],
            [
              224587.8403000012,
              225074.88209999911
            ],
            [
              224579.25610000361,
              225054.60890000127
            ],
            [
              224569.08460000157,
              225042.53410000168
            ],
            [
              224556.1453999998,
              225033.74799999781
            ],
            [
              224541.40670000017,
              225029.22730000131
            ],
            [
              224525.31020000018,
              225027.74100000225
            ],
            [
              224513.9523000028,
              225028.75650000013
            ],
            [
              224495.7621000018,
              225032.25410000235
            ],
            [
              224472.2882000003,
              225038.4346000012
            ],
            [
              224460.89730000403,
              225031.34390000068
            ],
            [
              224451.53780000377,
              225026.04160000011
            ],
            [
              224432.37519999966,
              225023.20240000263
            ],
            [
              224427.66120000277,
              225013.32809999958
            ],
            [
              224419.20880000107,
              225009.23240000196
            ],
            [
              224409.23450000118,
              225004.00560000166
            ],
            [
              224409.2042000005,
              224996.24410000257
            ],
            [
              224411.52190000378,
              224989.9280999992
            ],
            [
              224412.40720000211,
              224973.2835000027
            ],
            [
              224411.70680000167,
              224953.50679999962
            ],
            [
              224414.17920000106,
              224939.79649999924
            ],
            [
              224413.69060000312,
              224932.315200001
            ],
            [
              224404.8861000007,
              224931.61739999987
            ],
            [
              224397.44650000054,
              224932.96220000088
            ],
            [
              224385.28210000042,
              224933.9664000012
            ],
            [
              224374.20990000386,
              224930.83820000105
            ],
            [
              224364.26840000041,
              224929.93810000457
            ],
            [
              224351.69560000114,
              224926.55120000057
            ],
            [
              224342.16060000006,
              224916.48800000176
            ],
            [
              224329.21240000241,
              224907.32570000179
            ],
            [
              224311.0672000004,
              224903.18660000153
            ],
            [
              224304.4430000009,
              224889.58830000274
            ],
            [
              224277.06709999964,
              224882.79490000196
            ],
            [
              224257.56620000023,
              224880.36850000173
            ],
            [
              224248.49810000136,
              224872.55770000443
            ],
            [
              224236.54810000025,
              224853.17520000227
            ],
            [
              224200.63530000392,
              224831.23279999942
            ],
            [
              224181.60320000257,
              224816.38140000217
            ],
            [
              224168.77540000062,
              224808.47090000287
            ],
            [
              224159.01090000011,
              224799.32379999943
            ],
            [
              224146.68680000305,
              224794.79890000261
            ],
            [
              224140.15620000102,
              224785.81300000101
            ],
            [
              224132.47230000235,
              224785.65490000322
            ],
            [
              224120.292600004,
              224781.59130000323
            ],
            [
              224112.31010000035,
              224774.06130000018
            ],
            [
              224102.27539999969,
              224773.74890000187
            ],
            [
              224090.25760000013,
              224765.91809999943
            ],
            [
              224079.05920000002,
              224767.60470000096
            ],
            [
              224069.51860000193,
              224761.78610000014
            ],
            [
              224057.71720000263,
              224764.1799999997
            ],
            [
              224051.75939999986,
              224772.15650000609
            ]
          ]
        ]
      }
    }
  ]
}