{
  "displayFieldName" : "",
  "fieldAliases" : {
    "FID" : "FID",
    "PMNTN_SN" : "PMNTN_SN",
    "MNTN_CODE" : "MNTN_CODE",
    "MNTN_NM" : "MNTN_NM",
    "PMNTN_NM" : "PMNTN_NM",
    "PMNTN_MAIN" : "PMNTN_MAIN",
    "PMNTN_LT" : "PMNTN_LT",
    "PMNTN_DFFL" : "PMNTN_DFFL",
    "PMNTN_UPPL" : "PMNTN_UPPL",
    "PMNTN_GODN" : "PMNTN_GODN",
    "PMNTN_MTRQ" : "PMNTN_MTRQ",
    "PMNTN_CNRL" : "PMNTN_CNRL",
    "PMNTN_CLS_" : "PMNTN_CLS_",
    "PMNTN_RISK" : "PMNTN_RISK",
    "PMNTN_RECO" : "PMNTN_RECO",
    "DATA_STDR_" : "DATA_STDR_",
    "MNTN_ID" : "MNTN_ID"
  },
  "geometryType" : "esriGeometryPolyline",
  "spatialReference" : {
    "wkt" : "PROJCS[\"PCS_ITRF2000_TM\",GEOGCS[\"GCS_ITRF_2000\",DATUM[\"D_ITRF_2000\",SPHEROID[\"GRS_1980\",6378137.0,298.257222101]],PRIMEM[\"Greenwich\",0.0],UNIT[\"Degree\",0.0174532925199433]],PROJECTION[\"Transverse_Mercator\"],PARAMETER[\"False_Easting\",200000.0],PARAMETER[\"False_Northing\",600000.0],PARAMETER[\"Central_Meridian\",127.0],PARAMETER[\"Scale_Factor\",1.0],PARAMETER[\"Latitude_Of_Origin\",38.0],UNIT[\"Meter\",1.0]]"
  },
  "fields" : [
    {
      "name" : "FID",
      "type" : "esriFieldTypeOID",
      "alias" : "FID"
    },
    {
      "name" : "PMNTN_SN",
      "type" : "esriFieldTypeDouble",
      "alias" : "PMNTN_SN"
    },
    {
      "name" : "MNTN_CODE",
      "type" : "esriFieldTypeString",
      "alias" : "MNTN_CODE",
      "length" : 9
    },
    {
      "name" : "MNTN_NM",
      "type" : "esriFieldTypeString",
      "alias" : "MNTN_NM",
      "length" : 50
    },
    {
      "name" : "PMNTN_NM",
      "type" : "esriFieldTypeString",
      "alias" : "PMNTN_NM",
      "length" : 50
    },
    {
      "name" : "PMNTN_MAIN",
      "type" : "esriFieldTypeString",
      "alias" : "PMNTN_MAIN",
      "length" : 200
    },
    {
      "name" : "PMNTN_LT",
      "type" : "esriFieldTypeSingle",
      "alias" : "PMNTN_LT"
    },
    {
      "name" : "PMNTN_DFFL",
      "type" : "esriFieldTypeString",
      "alias" : "PMNTN_DFFL",
      "length" : 8
    },
    {
      "name" : "PMNTN_UPPL",
      "type" : "esriFieldTypeDouble",
      "alias" : "PMNTN_UPPL"
    },
    {
      "name" : "PMNTN_GODN",
      "type" : "esriFieldTypeDouble",
      "alias" : "PMNTN_GODN"
    },
    {
      "name" : "PMNTN_MTRQ",
      "type" : "esriFieldTypeString",
      "alias" : "PMNTN_MTRQ",
      "length" : 200
    },
    {
      "name" : "PMNTN_CNRL",
      "type" : "esriFieldTypeString",
      "alias" : "PMNTN_CNRL",
      "length" : 1
    },
    {
      "name" : "PMNTN_CLS_",
      "type" : "esriFieldTypeString",
      "alias" : "PMNTN_CLS_",
      "length" : 1
    },
    {
      "name" : "PMNTN_RISK",
      "type" : "esriFieldTypeString",
      "alias" : "PMNTN_RISK",
      "length" : 200
    },
    {
      "name" : "PMNTN_RECO",
      "type" : "esriFieldTypeString",
      "alias" : "PMNTN_RECO",
      "length" : 1
    },
    {
      "name" : "DATA_STDR_",
      "type" : "esriFieldTypeString",
      "alias" : "DATA_STDR_",
      "length" : 10
    },
    {
      "name" : "MNTN_ID",
      "type" : "esriFieldTypeString",
      "alias" : "MNTN_ID",
      "length" : 10
    }
  ],
  "features" : [
    {
      "attributes" : {
        "FID" : 0,
        "PMNTN_SN" : 11555,
        "MNTN_CODE" : "491302304",
        "MNTN_NM" : "대비오름",
        "PMNTN_NM" : "광평리구간",
        "PMNTN_MAIN" : " ",
        "PMNTN_LT" : 0.92,
        "PMNTN_DFFL" : "쉬움",
        "PMNTN_UPPL" : 16,
        "PMNTN_GODN" : 11,
        "PMNTN_MTRQ" : " ",
        "PMNTN_CNRL" : " ",
        "PMNTN_CLS_" : " ",
        "PMNTN_RISK" : " ",
        "PMNTN_RECO" : " ",
        "DATA_STDR_" : "2016-12-31",
        "MNTN_ID" : "491302304"
      },
      "geometry" : {
        "paths" : [
          [
            [
              141637.29559999984,
              82417.210300000384
            ],
            [
              141628.71680000331,
              82406.820100000128
            ],
            [
              141621.56769999955,
              82399.230400003493
            ],
            [
              141615.92420000024,
              82393.239000001922
            ],
            [
              141608.11410000082,
              82388.262500001118
            ],
            [
              141601.24729999993,
              82383.444900004193
            ],
            [
              141594.21870000381,
              82377.144300002605
            ],
            [
              141586.72140000109,
              82367.827999999747
            ],
            [
              141579.5541000003,
              82358.746400000528
            ],
            [
              141573.63590000011,
              82352.907600002363
            ],
            [
              141568.20970000327,
              82347.553999999538
            ],
            [
              141560.35020000208,
              82344.437999999151
            ],
            [
              141552.90530000068,
              82341.8694000002
            ],
            [
              141543.94140000083,
              82340.045099999756
            ],
            [
              141536.2518000016,
              82336.5073000025
            ],
            [
              141532.71670000069,
              82331.889000000432
            ],
            [
              141531.96800000127,
              82324.46420000121
            ],
            [
              141532.11850000359,
              82315.857200000435
            ],
            [
              141532.37660000287,
              82310.869100002572
            ],
            [
              141529.38719999976,
              82307.889000000432
            ],
            [
              141526.11089999974,
              82302.935800001025
            ],
            [
              141520.98490000051,
              82293.030600000173
            ],
            [
              141513.90710000135,
              82288.860099999234
            ],
            [
              141509.41119999997,
              82282.886600000784
            ],
            [
              141504.98400000017,
              82279.031200001016
            ],
            [
              141499.77400000114,
              82278.164300000295
            ],
            [
              141492.7742999997,
              82278.483800001442
            ],
            [
              141486.85060000047,
              82276.600800000131
            ],
            [
              141482.0326000005,
              82274.333900002763
            ],
            [
              141476.32359999977,
              82272.538300000131
            ],
            [
              141472.29630000051,
              82270.837899999693
            ],
            [
              141468.19469999894,
              82268.91589999944
            ],
            [
              141465.31960000284,
              82264.537199998274
            ],
            [
              141463.45599999931,
              82261.846700003371
            ],
            [
              141464.07550000027,
              82258.32330000028
            ],
            [
              141466.24289999995,
              82253.374400002882
            ],
            [
              141467.48780000024,
              82248.29800000228
            ],
            [
              141469.31260000076,
              82243.650599999353
            ],
            [
              141471.93180000316,
              82239.508700001985
            ],
            [
              141474.55989999976,
              82233.535099999979
            ],
            [
              141476.45009999909,
              82227.613199999556
            ],
            [
              141478.02880000416,
              82222.312999999151
            ],
            [
              141480.51110000163,
              82217.073800001293
            ],
            [
              141481.37040000129,
              82211.367400001734
            ],
            [
              141483.78129999992,
              82205.097100000829
            ],
            [
              141486.82199999969,
              82199.832400001585
            ],
            [
              141490.04229999892,
              82193.468500001356
            ],
            [
              141492.50010000076,
              82187.264399999753
            ],
            [
              141495.04110000003,
              82180.948999997228
            ],
            [
              141497.16200000141,
              82174.45860000141
            ],
            [
              141497.95230000094,
              82169.662200002
            ],
            [
              141495.26980000176,
              82159.953199999407
            ],
            [
              141487.4104999993,
              82156.254400001839
            ],
            [
              141479.19519999996,
              82154.408400001004
            ],
            [
              141466.47000000067,
              82152.876700000837
            ],
            [
              141458.22080000397,
              82152.841599998996
            ],
            [
              141445.97600000072,
              82151.14120000042
            ],
            [
              141430.28749999963,
              82149.057800002396
            ],
            [
              141418.4385000011,
              82146.124300001189
            ],
            [
              141406.94810000062,
              82142.757100000978
            ],
            [
              141393.63410000037,
              82139.441599998623
            ],
            [
              141380.88709999993,
              82136.825699999928
            ],
            [
              141368.92720000073,
              82135.76240000315
            ],
            [
              141355.60180000123,
              82133.892899999395
            ],
            [
              141341.6798000019,
              82131.667300002649
            ],
            [
              141332.73450000025,
              82130.138800000772
            ],
            [
              141324.73419999983,
              82129.846000002697
            ],
            [
              141317.95760000031,
              82129.614800002426
            ],
            [
              141313.55759999994,
              82127.212300004438
            ],
            [
              141309.80050000083,
              82126.125000001863
            ],
            [
              141304.22610000055,
              82122.365800000727
            ],
            [
              141300.22420000099,
              82117.818800000474
            ],
            [
              141296.39810000081,
              82114.982300002128
            ],
            [
              141292.76170000061,
              82111.055700000376
            ],
            [
              141289.43200000189,
              82108.580300001428
            ],
            [
              141287.08770000096,
              82105.843699999154
            ],
            [
              141284.46870000102,
              82102.343500003219
            ],
            [
              141281.37750000134,
              82099.267700005323
            ],
            [
              141279.32110000122,
              82096.407400004566
            ],
            [
              141276.05159999989,
              82093.11080000177
            ],
            [
              141271.51310000289,
              82086.225099999458
            ],
            [
              141264.8917000005,
              82080.309900002554
            ],
            [
              141255.94940000121,
              82080.158300001174
            ],
            [
              141246.92399999965,
              82082.460400002077
            ],
            [
              141237.51180000138,
              82082.439599998295
            ],
            [
              141228.67020000052,
              82082.573600001633
            ],
            [
              141219.71329999994,
              82082.299399999902
            ],
            [
              141213.48940000404,
              82080.72110000439
            ],
            [
              141205.58179999981,
              82079.712900001556
            ],
            [
              141200.23230000399,
              82080.50029999949
            ],
            [
              141191.69790000096,
              82082.582399999723
            ],
            [
              141183.40770000312,
              82082.048599999398
            ],
            [
              141172.65580000263,
              82079.528599997982
            ],
            [
              141162.42550000083,
              82078.265799999237
            ],
            [
              141153.8535000002,
              82079.763200001791
            ],
            [
              141147.32679999992,
              82082.090600000694
            ],
            [
              141141.94210000057,
              82081.087500000373
            ],
            [
              141137.71390000172,
              82074.517100000754
            ],
            [
              141131.56770000141,
              82068.627000000328
            ],
            [
              141125.3303000005,
              82067.626499999315
            ],
            [
              141122.08330000099,
              82070.419999999925
            ],
            [
              141118.35230000038,
              82073.056199999526
            ],
            [
              141114.32589999959,
              82078.097900003195
            ],
            [
              141108.64020000305,
              82083.237099999562
            ],
            [
              141102.23579999991,
              82085.437100000679
            ],
            [
              141096.13370000012,
              82083.104599999264
            ],
            [
              141090.14160000067,
              82080.500400001183
            ],
            [
              141086.48950000294,
              82076.804100001231
            ],
            [
              141077.19800000079,
              82076.254000002518
            ],
            [
              141069.98530000169,
              82076.166500000283
            ],
            [
              141061.42270000093,
              82077.222300004214
            ],
            [
              141053.84550000075,
              82077.532800002024
            ],
            [
              141045.01470000111,
              82076.867400001734
            ],
            [
              141038.12380000204,
              82076.731899999082
            ],
            [
              141033.02539999969,
              82080.07890000008
            ],
            [
              141025.68599999975,
              82081.552400002256
            ],
            [
              141017.16450000368,
              82084.311300003901
            ],
            [
              141008.05060000345,
              82086.076800003648
            ],
            [
              140999.92329999991,
              82089.320699999109
            ],
            [
              140989.39770000149,
              82092.640200002119
            ],
            [
              140976.70070000086,
              82097.414499999955
            ]
          ]
        ]
      }
    }
  ]
}