{
  "displayFieldName" : "",
  "fieldAliases" : {
    "FID" : "FID",
    "PMNTN_SPOT" : "PMNTN_SPOT",
    "MNTN_CODE" : "MNTN_CODE",
    "MANAGE_SP1" : "MANAGE_SP1",
    "MANAGE_SP2" : "MANAGE_SP2",
    "DETAIL_SPO" : "DETAIL_SPO",
    "ETC_MATTER" : "ETC_MATTER",
    "MNTN_NM" : "MNTN_NM",
    "PAST_SPOT_" : "PAST_SPOT_",
    "MNTN_ID" : "MNTN_ID"
  },
  "geometryType" : "esriGeometryPoint",
  "spatialReference" : {
    "wkt" : "PROJCS[\"PCS_ITRF2000_TM\",GEOGCS[\"GCS_ITRF_2000\",DATUM[\"D_ITRF_2000\",SPHEROID[\"GRS_1980\",6378137.0,298.257222101]],PRIMEM[\"Greenwich\",0.0],UNIT[\"Degree\",0.0174532925199433]],PROJECTION[\"Transverse_Mercator\"],PARAMETER[\"False_Easting\",200000.0],PARAMETER[\"False_Northing\",600000.0],PARAMETER[\"Central_Meridian\",127.0],PARAMETER[\"Scale_Factor\",1.0],PARAMETER[\"Latitude_Of_Origin\",38.0],UNIT[\"Meter\",1.0]]"
  },
  "fields" : [
    {
      "name" : "FID",
      "type" : "esriFieldTypeOID",
      "alias" : "FID"
    },
    {
      "name" : "PMNTN_SPOT",
      "type" : "esriFieldTypeDouble",
      "alias" : "PMNTN_SPOT"
    },
    {
      "name" : "MNTN_CODE",
      "type" : "esriFieldTypeString",
      "alias" : "MNTN_CODE",
      "length" : 9
    },
    {
      "name" : "MANAGE_SP1",
      "type" : "esriFieldTypeString",
      "alias" : "MANAGE_SP1",
      "length" : 2
    },
    {
      "name" : "MANAGE_SP2",
      "type" : "esriFieldTypeString",
      "alias" : "MANAGE_SP2",
      "length" : 50
    },
    {
      "name" : "DETAIL_SPO",
      "type" : "esriFieldTypeString",
      "alias" : "DETAIL_SPO",
      "length" : 200
    },
    {
      "name" : "ETC_MATTER",
      "type" : "esriFieldTypeString",
      "alias" : "ETC_MATTER",
      "length" : 200
    },
    {
      "name" : "MNTN_NM",
      "type" : "esriFieldTypeString",
      "alias" : "MNTN_NM",
      "length" : 50
    },
    {
      "name" : "PAST_SPOT_",
      "type" : "esriFieldTypeString",
      "alias" : "PAST_SPOT_",
      "length" : 14
    },
    {
      "name" : "MNTN_ID",
      "type" : "esriFieldTypeString",
      "alias" : "MNTN_ID",
      "length" : 10
    }
  ],
  "features" : [
    {
      "attributes" : {
        "FID" : 0,
        "PMNTN_SPOT" : 38529,
        "MNTN_CODE" : "421508004",
        "MANAGE_SP1" : "02",
        "MANAGE_SP2" : "분기점",
        "DETAIL_SPO" : "분기점",
        "ETC_MATTER" : " ",
        "MNTN_NM" : "보리골",
        "PAST_SPOT_" : "4215030010001",
        "MNTN_ID" : "421503001"
      },
      "geometry" : {
        "x" : 360112.54580001161,
        "y" : 586197.29030000046
      }
    },
    {
      "attributes" : {
        "FID" : 1,
        "PMNTN_SPOT" : 38530,
        "MNTN_CODE" : "421508004",
        "MANAGE_SP1" : "02",
        "MANAGE_SP2" : "분기점",
        "DETAIL_SPO" : "분기점",
        "ETC_MATTER" : " ",
        "MNTN_NM" : "보리골",
        "PAST_SPOT_" : "4215030010002",
        "MNTN_ID" : "421503001"
      },
      "geometry" : {
        "x" : 360184.08860001154,
        "y" : 586650.04600000195
      }
    },
    {
      "attributes" : {
        "FID" : 2,
        "PMNTN_SPOT" : 38531,
        "MNTN_CODE" : "421508004",
        "MANAGE_SP1" : "01",
        "MANAGE_SP2" : "시종점",
        "DETAIL_SPO" : "시종점",
        "ETC_MATTER" : " ",
        "MNTN_NM" : "보리골",
        "PAST_SPOT_" : "4215030010003",
        "MNTN_ID" : "421503001"
      },
      "geometry" : {
        "x" : 360203.31170001253,
        "y" : 586977.97050000168
      }
    },
    {
      "attributes" : {
        "FID" : 3,
        "PMNTN_SPOT" : 38532,
        "MNTN_CODE" : "421508004",
        "MANAGE_SP1" : "02",
        "MANAGE_SP2" : "분기점",
        "DETAIL_SPO" : "분기점",
        "ETC_MATTER" : " ",
        "MNTN_NM" : "보리골",
        "PAST_SPOT_" : "4215030010004",
        "MNTN_ID" : "421503001"
      },
      "geometry" : {
        "x" : 360299.81250001304,
        "y" : 586609.17240000144
      }
    },
    {
      "attributes" : {
        "FID" : 4,
        "PMNTN_SPOT" : 38533,
        "MNTN_CODE" : "421508004",
        "MANAGE_SP1" : "01",
        "MANAGE_SP2" : "시종점",
        "DETAIL_SPO" : "시종점",
        "ETC_MATTER" : " ",
        "MNTN_NM" : "보리골",
        "PAST_SPOT_" : "4215030010005",
        "MNTN_ID" : "421503001"
      },
      "geometry" : {
        "x" : 360508.99970001355,
        "y" : 587149.15579999983
      }
    },
    {
      "attributes" : {
        "FID" : 5,
        "PMNTN_SPOT" : 38534,
        "MNTN_CODE" : "421508004",
        "MANAGE_SP1" : "02",
        "MANAGE_SP2" : "분기점",
        "DETAIL_SPO" : "분기점",
        "ETC_MATTER" : " ",
        "MNTN_NM" : "보리골",
        "PAST_SPOT_" : "4215030010006",
        "MNTN_ID" : "421503001"
      },
      "geometry" : {
        "x" : 360807.23120001145,
        "y" : 586308.75400000811
      }
    },
    {
      "attributes" : {
        "FID" : 6,
        "PMNTN_SPOT" : 38535,
        "MNTN_CODE" : "421508004",
        "MANAGE_SP1" : "01",
        "MANAGE_SP2" : "시종점",
        "DETAIL_SPO" : "시종점",
        "ETC_MATTER" : " ",
        "MNTN_NM" : "보리골",
        "PAST_SPOT_" : "4215030010007",
        "MNTN_ID" : "421503001"
      },
      "geometry" : {
        "x" : 361143.76020001154,
        "y" : 587054.00710000098
      }
    },
    {
      "attributes" : {
        "FID" : 7,
        "PMNTN_SPOT" : 38536,
        "MNTN_CODE" : "421508004",
        "MANAGE_SP1" : "01",
        "MANAGE_SP2" : "시종점",
        "DETAIL_SPO" : "시종점",
        "ETC_MATTER" : " ",
        "MNTN_NM" : "보리골",
        "PAST_SPOT_" : "4215030010008",
        "MNTN_ID" : "421503001"
      },
      "geometry" : {
        "x" : 361166.62400001194,
        "y" : 586256.17270000093
      }
    },
    {
      "attributes" : {
        "FID" : 8,
        "PMNTN_SPOT" : 38537,
        "MNTN_CODE" : "421508004",
        "MANAGE_SP1" : "08",
        "MANAGE_SP2" : "가로등",
        "DETAIL_SPO" : "송라사,송라사안내판",
        "ETC_MATTER" : " ",
        "MNTN_NM" : "보리골",
        "PAST_SPOT_" : "4215030010009",
        "MNTN_ID" : "421503001"
      },
      "geometry" : {
        "x" : 360218.60470002331,
        "y" : 586031.06100000069
      }
    },
    {
      "attributes" : {
        "FID" : 9,
        "PMNTN_SPOT" : 38538,
        "MNTN_CODE" : "421508004",
        "MANAGE_SP1" : "15",
        "MANAGE_SP2" : "훼손지",
        "DETAIL_SPO" : "훼손지",
        "ETC_MATTER" : " ",
        "MNTN_NM" : "보리골",
        "PAST_SPOT_" : "4215030010010",
        "MNTN_ID" : "421503001"
      },
      "geometry" : {
        "x" : 360370.88010002486,
        "y" : 586099.45040000603
      }
    },
    {
      "attributes" : {
        "FID" : 10,
        "PMNTN_SPOT" : 38539,
        "MNTN_CODE" : "421508004",
        "MANAGE_SP1" : "15",
        "MANAGE_SP2" : "훼손지",
        "DETAIL_SPO" : "훼손지",
        "ETC_MATTER" : " ",
        "MNTN_NM" : "보리골",
        "PAST_SPOT_" : "4215030010011",
        "MNTN_ID" : "421503001"
      },
      "geometry" : {
        "x" : 360290.29450002313,
        "y" : 586114.3359999992
      }
    },
    {
      "attributes" : {
        "FID" : 11,
        "PMNTN_SPOT" : 38540,
        "MNTN_CODE" : "421508004",
        "MANAGE_SP1" : "05",
        "MANAGE_SP2" : "벤치",
        "DETAIL_SPO" : "벤치",
        "ETC_MATTER" : " ",
        "MNTN_NM" : "보리골",
        "PAST_SPOT_" : "4215030010012",
        "MNTN_ID" : "421503001"
      },
      "geometry" : {
        "x" : 360258.79080002289,
        "y" : 586136.56470000185
      }
    },
    {
      "attributes" : {
        "FID" : 12,
        "PMNTN_SPOT" : 38541,
        "MNTN_CODE" : "421508004",
        "MANAGE_SP1" : "05",
        "MANAGE_SP2" : "벤치",
        "DETAIL_SPO" : "벤치",
        "ETC_MATTER" : " ",
        "MNTN_NM" : "보리골",
        "PAST_SPOT_" : "4215030010013",
        "MNTN_ID" : "421503001"
      },
      "geometry" : {
        "x" : 360201.55500002299,
        "y" : 586182.6007000003
      }
    },
    {
      "attributes" : {
        "FID" : 13,
        "PMNTN_SPOT" : 38542,
        "MNTN_CODE" : "421508004",
        "MANAGE_SP1" : "07",
        "MANAGE_SP2" : "시설물(운동기구 등)",
        "DETAIL_SPO" : "시설물(운동기구등)",
        "ETC_MATTER" : " ",
        "MNTN_NM" : "보리골",
        "PAST_SPOT_" : "4215030010014",
        "MNTN_ID" : "421503001"
      },
      "geometry" : {
        "x" : 360137.5339000253,
        "y" : 586599.46760000475
      }
    },
    {
      "attributes" : {
        "FID" : 14,
        "PMNTN_SPOT" : 38543,
        "MNTN_CODE" : "421508004",
        "MANAGE_SP1" : "23",
        "MANAGE_SP2" : "정상",
        "DETAIL_SPO" : "벤치,운동기구,조망점,정상",
        "ETC_MATTER" : " ",
        "MNTN_NM" : "보리골",
        "PAST_SPOT_" : "4215030010015",
        "MNTN_ID" : "421503001"
      },
      "geometry" : {
        "x" : 360181.4940000223,
        "y" : 586660.73570000939
      }
    },
    {
      "attributes" : {
        "FID" : 15,
        "PMNTN_SPOT" : 38544,
        "MNTN_CODE" : "421508004",
        "MANAGE_SP1" : "15",
        "MANAGE_SP2" : "훼손지",
        "DETAIL_SPO" : "훼손지",
        "ETC_MATTER" : " ",
        "MNTN_NM" : "보리골",
        "PAST_SPOT_" : "4215030010016",
        "MNTN_ID" : "421503001"
      },
      "geometry" : {
        "x" : 360190.25300002471,
        "y" : 586694.64340000227
      }
    },
    {
      "attributes" : {
        "FID" : 16,
        "PMNTN_SPOT" : 38545,
        "MNTN_CODE" : "421508004",
        "MANAGE_SP1" : "05",
        "MANAGE_SP2" : "벤치",
        "DETAIL_SPO" : "벤치,풍도목",
        "ETC_MATTER" : " ",
        "MNTN_NM" : "보리골",
        "PAST_SPOT_" : "4215030010017",
        "MNTN_ID" : "421503001"
      },
      "geometry" : {
        "x" : 360233.92630002555,
        "y" : 586799.91540000215
      }
    },
    {
      "attributes" : {
        "FID" : 17,
        "PMNTN_SPOT" : 38546,
        "MNTN_CODE" : "421508004",
        "MANAGE_SP1" : "15",
        "MANAGE_SP2" : "훼손지",
        "DETAIL_SPO" : "훼손지",
        "ETC_MATTER" : " ",
        "MNTN_NM" : "보리골",
        "PAST_SPOT_" : "4215030010018",
        "MNTN_ID" : "421503001"
      },
      "geometry" : {
        "x" : 360227.73540002201,
        "y" : 586881.283400001
      }
    },
    {
      "attributes" : {
        "FID" : 18,
        "PMNTN_SPOT" : 38547,
        "MNTN_CODE" : "421508004",
        "MANAGE_SP1" : "15",
        "MANAGE_SP2" : "훼손지",
        "DETAIL_SPO" : "훼손지",
        "ETC_MATTER" : " ",
        "MNTN_NM" : "보리골",
        "PAST_SPOT_" : "4215030010019",
        "MNTN_ID" : "421503001"
      },
      "geometry" : {
        "x" : 360219.87060002144,
        "y" : 586915.31130000763
      }
    },
    {
      "attributes" : {
        "FID" : 19,
        "PMNTN_SPOT" : 38548,
        "MNTN_CODE" : "421508004",
        "MANAGE_SP1" : "15",
        "MANAGE_SP2" : "훼손지",
        "DETAIL_SPO" : "훼손지",
        "ETC_MATTER" : " ",
        "MNTN_NM" : "보리골",
        "PAST_SPOT_" : "4215030010020",
        "MNTN_ID" : "421503001"
      },
      "geometry" : {
        "x" : 360236.43140002526,
        "y" : 586969.40469999984
      }
    },
    {
      "attributes" : {
        "FID" : 20,
        "PMNTN_SPOT" : 38549,
        "MNTN_CODE" : "421508004",
        "MANAGE_SP1" : "05",
        "MANAGE_SP2" : "벤치",
        "DETAIL_SPO" : "벤치,시점,성황당",
        "ETC_MATTER" : " ",
        "MNTN_NM" : "보리골",
        "PAST_SPOT_" : "4215030010021",
        "MNTN_ID" : "421503001"
      },
      "geometry" : {
        "x" : 360197.82980001811,
        "y" : 586986.05360000394
      }
    }
  ]
}