{
  "displayFieldName" : "",
  "fieldAliases" : {
    "FID" : "FID",
    "PMNTN_SPOT" : "PMNTN_SPOT",
    "MNTN_CODE" : "MNTN_CODE",
    "MANAGE_SP1" : "MANAGE_SP1",
    "MANAGE_SP2" : "MANAGE_SP2",
    "DETAIL_SPO" : "DETAIL_SPO",
    "ETC_MATTER" : "ETC_MATTER",
    "MNTN_NM" : "MNTN_NM",
    "PAST_SPOT_" : "PAST_SPOT_",
    "MNTN_ID" : "MNTN_ID"
  },
  "geometryType" : "esriGeometryPoint",
  "spatialReference" : {
    "wkt" : "PROJCS[\"PCS_ITRF2000_TM\",GEOGCS[\"GCS_ITRF_2000\",DATUM[\"D_ITRF_2000\",SPHEROID[\"GRS_1980\",6378137.0,298.257222101]],PRIMEM[\"Greenwich\",0.0],UNIT[\"Degree\",0.0174532925199433]],PROJECTION[\"Transverse_Mercator\"],PARAMETER[\"False_Easting\",200000.0],PARAMETER[\"False_Northing\",600000.0],PARAMETER[\"Central_Meridian\",127.0],PARAMETER[\"Scale_Factor\",1.0],PARAMETER[\"Latitude_Of_Origin\",38.0],UNIT[\"Meter\",1.0]]"
  },
  "fields" : [
    {
      "name" : "FID",
      "type" : "esriFieldTypeOID",
      "alias" : "FID"
    },
    {
      "name" : "PMNTN_SPOT",
      "type" : "esriFieldTypeDouble",
      "alias" : "PMNTN_SPOT"
    },
    {
      "name" : "MNTN_CODE",
      "type" : "esriFieldTypeString",
      "alias" : "MNTN_CODE",
      "length" : 9
    },
    {
      "name" : "MANAGE_SP1",
      "type" : "esriFieldTypeString",
      "alias" : "MANAGE_SP1",
      "length" : 2
    },
    {
      "name" : "MANAGE_SP2",
      "type" : "esriFieldTypeString",
      "alias" : "MANAGE_SP2",
      "length" : 50
    },
    {
      "name" : "DETAIL_SPO",
      "type" : "esriFieldTypeString",
      "alias" : "DETAIL_SPO",
      "length" : 200
    },
    {
      "name" : "ETC_MATTER",
      "type" : "esriFieldTypeString",
      "alias" : "ETC_MATTER",
      "length" : 200
    },
    {
      "name" : "MNTN_NM",
      "type" : "esriFieldTypeString",
      "alias" : "MNTN_NM",
      "length" : 50
    },
    {
      "name" : "PAST_SPOT_",
      "type" : "esriFieldTypeString",
      "alias" : "PAST_SPOT_",
      "length" : 14
    },
    {
      "name" : "MNTN_ID",
      "type" : "esriFieldTypeString",
      "alias" : "MNTN_ID",
      "length" : 10
    }
  ],
  "features" : [
    {
      "attributes" : {
        "FID" : 0,
        "PMNTN_SPOT" : 21658,
        "MNTN_CODE" : "287101801",
        "MANAGE_SP1" : "99",
        "MANAGE_SP2" : "기타",
        "DETAIL_SPO" : "마산도서관",
        "ETC_MATTER" : " ",
        "MNTN_NM" : "덕정산",
        "PAST_SPOT_" : "2871018010001",
        "MNTN_ID" : "287101801"
      },
      "geometry" : {
        "x" : 150302.1950000003,
        "y" : 567025.46170000359
      }
    },
    {
      "attributes" : {
        "FID" : 1,
        "PMNTN_SPOT" : 21659,
        "MNTN_CODE" : "287101801",
        "MANAGE_SP1" : "99",
        "MANAGE_SP2" : "기타",
        "DETAIL_SPO" : "평상 2개,평상 2개,벤치 2개,벤치 4개,약수터",
        "ETC_MATTER" : " ",
        "MNTN_NM" : "덕정산",
        "PAST_SPOT_" : "2871018010002",
        "MNTN_ID" : "287101801"
      },
      "geometry" : {
        "x" : 150323.75779999979,
        "y" : 566488.13330000266
      }
    },
    {
      "attributes" : {
        "FID" : 2,
        "PMNTN_SPOT" : 21660,
        "MNTN_CODE" : "287101801",
        "MANAGE_SP1" : "99",
        "MANAGE_SP2" : "기타",
        "DETAIL_SPO" : "목계단,목계단,벤치 1개,벤치 1개",
        "ETC_MATTER" : " ",
        "MNTN_NM" : "덕정산",
        "PAST_SPOT_" : "2871018010003",
        "MNTN_ID" : "287101801"
      },
      "geometry" : {
        "x" : 150455.6819000002,
        "y" : 565950.98050000146
      }
    },
    {
      "attributes" : {
        "FID" : 3,
        "PMNTN_SPOT" : 21661,
        "MNTN_CODE" : "287101801",
        "MANAGE_SP1" : "23",
        "MANAGE_SP2" : "정상",
        "DETAIL_SPO" : "정상,정상,체육시설,벤치 8개,삼각점,통신송신탑",
        "ETC_MATTER" : " ",
        "MNTN_NM" : "덕정산",
        "PAST_SPOT_" : "2871018010004",
        "MNTN_ID" : "287101801"
      },
      "geometry" : {
        "x" : 150759.92289999966,
        "y" : 565267.31320000254
      }
    },
    {
      "attributes" : {
        "FID" : 4,
        "PMNTN_SPOT" : 21662,
        "MNTN_CODE" : "287101801",
        "MANAGE_SP1" : "99",
        "MANAGE_SP2" : "기타",
        "DETAIL_SPO" : "숲골경로당,숲골경로당,정자",
        "ETC_MATTER" : " ",
        "MNTN_NM" : "덕정산",
        "PAST_SPOT_" : "2871018010005",
        "MNTN_ID" : "287101801"
      },
      "geometry" : {
        "x" : 150865.09310000017,
        "y" : 565099.76300000213
      }
    },
    {
      "attributes" : {
        "FID" : 5,
        "PMNTN_SPOT" : 21663,
        "MNTN_CODE" : "287101801",
        "MANAGE_SP1" : "99",
        "MANAGE_SP2" : "기타",
        "DETAIL_SPO" : "목계단",
        "ETC_MATTER" : " ",
        "MNTN_NM" : "덕정산",
        "PAST_SPOT_" : "2871018010006",
        "MNTN_ID" : "287101801"
      },
      "geometry" : {
        "x" : 150910.23610000033,
        "y" : 565004.505400002
      }
    },
    {
      "attributes" : {
        "FID" : 6,
        "PMNTN_SPOT" : 21664,
        "MNTN_CODE" : "287101801",
        "MANAGE_SP1" : "05",
        "MANAGE_SP2" : "벤치",
        "DETAIL_SPO" : "벤치 4개,벤치 4개,목계단",
        "ETC_MATTER" : " ",
        "MNTN_NM" : "덕정산",
        "PAST_SPOT_" : "2871018010007",
        "MNTN_ID" : "287101801"
      },
      "geometry" : {
        "x" : 151057.39670000039,
        "y" : 564906.97830000147
      }
    },
    {
      "attributes" : {
        "FID" : 7,
        "PMNTN_SPOT" : 21665,
        "MNTN_CODE" : "287101801",
        "MANAGE_SP1" : "05",
        "MANAGE_SP2" : "벤치",
        "DETAIL_SPO" : "벤치 2개,벤치 2개,가로등,목계단",
        "ETC_MATTER" : " ",
        "MNTN_NM" : "덕정산",
        "PAST_SPOT_" : "2871018010008",
        "MNTN_ID" : "287101801"
      },
      "geometry" : {
        "x" : 151104.09670000058,
        "y" : 564839.39090000279
      }
    },
    {
      "attributes" : {
        "FID" : 8,
        "PMNTN_SPOT" : 21666,
        "MNTN_CODE" : "287101801",
        "MANAGE_SP1" : "08",
        "MANAGE_SP2" : "가로등",
        "DETAIL_SPO" : "가로등",
        "ETC_MATTER" : " ",
        "MNTN_NM" : "덕정산",
        "PAST_SPOT_" : "2871018010009",
        "MNTN_ID" : "287101801"
      },
      "geometry" : {
        "x" : 151273.07780000102,
        "y" : 564744.79949999973
      }
    },
    {
      "attributes" : {
        "FID" : 9,
        "PMNTN_SPOT" : 21667,
        "MNTN_CODE" : "287101801",
        "MANAGE_SP1" : "08",
        "MANAGE_SP2" : "가로등",
        "DETAIL_SPO" : "가로등,가로등,목계단",
        "ETC_MATTER" : " ",
        "MNTN_NM" : "덕정산",
        "PAST_SPOT_" : "2871018010010",
        "MNTN_ID" : "287101801"
      },
      "geometry" : {
        "x" : 151364.92879999988,
        "y" : 564750.00830000266
      }
    },
    {
      "attributes" : {
        "FID" : 10,
        "PMNTN_SPOT" : 21668,
        "MNTN_CODE" : "287101801",
        "MANAGE_SP1" : "08",
        "MANAGE_SP2" : "가로등",
        "DETAIL_SPO" : "가로등,가로등,벤치 1개",
        "ETC_MATTER" : " ",
        "MNTN_NM" : "덕정산",
        "PAST_SPOT_" : "2871018010011",
        "MNTN_ID" : "287101801"
      },
      "geometry" : {
        "x" : 151460.6520999996,
        "y" : 564748.53410000168
      }
    },
    {
      "attributes" : {
        "FID" : 11,
        "PMNTN_SPOT" : 21669,
        "MNTN_CODE" : "287101801",
        "MANAGE_SP1" : "05",
        "MANAGE_SP2" : "벤치",
        "DETAIL_SPO" : "벤치 1개,벤치 1개,가로등",
        "ETC_MATTER" : " ",
        "MNTN_NM" : "덕정산",
        "PAST_SPOT_" : "2871018010012",
        "MNTN_ID" : "287101801"
      },
      "geometry" : {
        "x" : 151859.01559999958,
        "y" : 564731.542600004
      }
    },
    {
      "attributes" : {
        "FID" : 12,
        "PMNTN_SPOT" : 21670,
        "MNTN_CODE" : "287101801",
        "MANAGE_SP1" : "99",
        "MANAGE_SP2" : "기타",
        "DETAIL_SPO" : "여성회관 옆",
        "ETC_MATTER" : " ",
        "MNTN_NM" : "덕정산",
        "PAST_SPOT_" : "2871018010013",
        "MNTN_ID" : "287101801"
      },
      "geometry" : {
        "x" : 151987.29400000069,
        "y" : 564322.30660000257
      }
    },
    {
      "attributes" : {
        "FID" : 13,
        "PMNTN_SPOT" : 21671,
        "MNTN_CODE" : "287101801",
        "MANAGE_SP1" : "02",
        "MANAGE_SP2" : "분기점",
        "DETAIL_SPO" : "노선 내 분기",
        "ETC_MATTER" : " ",
        "MNTN_NM" : "덕정산",
        "PAST_SPOT_" : "2871018010014",
        "MNTN_ID" : "287101801"
      },
      "geometry" : {
        "x" : 152186.72390000056,
        "y" : 563753.14340000413
      }
    },
    {
      "attributes" : {
        "FID" : 14,
        "PMNTN_SPOT" : 21672,
        "MNTN_CODE" : "287101801",
        "MANAGE_SP1" : "99",
        "MANAGE_SP2" : "기타",
        "DETAIL_SPO" : "충혼탑",
        "ETC_MATTER" : " ",
        "MNTN_NM" : "덕정산",
        "PAST_SPOT_" : "2871018010015",
        "MNTN_ID" : "287101801"
      },
      "geometry" : {
        "x" : 152812.4999000011,
        "y" : 562750.24220000021
      }
    },
    {
      "attributes" : {
        "FID" : 15,
        "PMNTN_SPOT" : 21673,
        "MNTN_CODE" : "287101801",
        "MANAGE_SP1" : "05",
        "MANAGE_SP2" : "벤치",
        "DETAIL_SPO" : "벤치",
        "ETC_MATTER" : " ",
        "MNTN_NM" : "덕정산",
        "PAST_SPOT_" : "2871018010016",
        "MNTN_ID" : "287101801"
      },
      "geometry" : {
        "x" : 148759.44199999981,
        "y" : 565584.20109999925
      }
    },
    {
      "attributes" : {
        "FID" : 16,
        "PMNTN_SPOT" : 21674,
        "MNTN_CODE" : "287101801",
        "MANAGE_SP1" : "08",
        "MANAGE_SP2" : "가로등",
        "DETAIL_SPO" : "가로등",
        "ETC_MATTER" : " ",
        "MNTN_NM" : "덕정산",
        "PAST_SPOT_" : "2871018010017",
        "MNTN_ID" : "287101801"
      },
      "geometry" : {
        "x" : 149342.27190000005,
        "y" : 565914.34730000235
      }
    },
    {
      "attributes" : {
        "FID" : 17,
        "PMNTN_SPOT" : 21675,
        "MNTN_CODE" : "287101801",
        "MANAGE_SP1" : "08",
        "MANAGE_SP2" : "가로등",
        "DETAIL_SPO" : "가로등",
        "ETC_MATTER" : " ",
        "MNTN_NM" : "덕정산",
        "PAST_SPOT_" : "2871018010018",
        "MNTN_ID" : "287101801"
      },
      "geometry" : {
        "x" : 149556.68960000016,
        "y" : 565903.77880000137
      }
    },
    {
      "attributes" : {
        "FID" : 18,
        "PMNTN_SPOT" : 21676,
        "MNTN_CODE" : "287101801",
        "MANAGE_SP1" : "08",
        "MANAGE_SP2" : "가로등",
        "DETAIL_SPO" : "가로등,가로등,벤치,벤치,가로등 2개,가로등,가로등,가로등",
        "ETC_MATTER" : " ",
        "MNTN_NM" : "덕정산",
        "PAST_SPOT_" : "2871018010019",
        "MNTN_ID" : "287101801"
      },
      "geometry" : {
        "x" : 149642.71760000102,
        "y" : 565805.72460000031
      }
    },
    {
      "attributes" : {
        "FID" : 19,
        "PMNTN_SPOT" : 21677,
        "MNTN_CODE" : "287101801",
        "MANAGE_SP1" : "08",
        "MANAGE_SP2" : "가로등",
        "DETAIL_SPO" : "가로등,가로등,가로등",
        "ETC_MATTER" : " ",
        "MNTN_NM" : "덕정산",
        "PAST_SPOT_" : "2871018010020",
        "MNTN_ID" : "287101801"
      },
      "geometry" : {
        "x" : 149702.36149999965,
        "y" : 565192.56220000051
      }
    },
    {
      "attributes" : {
        "FID" : 20,
        "PMNTN_SPOT" : 21678,
        "MNTN_CODE" : "287101801",
        "MANAGE_SP1" : "01",
        "MANAGE_SP2" : "시종점",
        "DETAIL_SPO" : "시종점",
        "ETC_MATTER" : " ",
        "MNTN_NM" : "덕정산",
        "PAST_SPOT_" : "2871018010021",
        "MNTN_ID" : "287101801"
      },
      "geometry" : {
        "x" : 148734.04609999899,
        "y" : 565587.66479999945
      }
    },
    {
      "attributes" : {
        "FID" : 21,
        "PMNTN_SPOT" : 21679,
        "MNTN_CODE" : "287101801",
        "MANAGE_SP1" : "01",
        "MANAGE_SP2" : "시종점",
        "DETAIL_SPO" : "시종점",
        "ETC_MATTER" : " ",
        "MNTN_NM" : "덕정산",
        "PAST_SPOT_" : "2871018010022",
        "MNTN_ID" : "287101801"
      },
      "geometry" : {
        "x" : 149703.17509999964,
        "y" : 565192.60380000249
      }
    },
    {
      "attributes" : {
        "FID" : 22,
        "PMNTN_SPOT" : 21680,
        "MNTN_CODE" : "287101801",
        "MANAGE_SP1" : "02",
        "MANAGE_SP2" : "분기점",
        "DETAIL_SPO" : "분기점",
        "ETC_MATTER" : " ",
        "MNTN_NM" : "덕정산",
        "PAST_SPOT_" : "2871018010023",
        "MNTN_ID" : "287101801"
      },
      "geometry" : {
        "x" : 149785.03440000117,
        "y" : 565554.97740000114
      }
    },
    {
      "attributes" : {
        "FID" : 23,
        "PMNTN_SPOT" : 21681,
        "MNTN_CODE" : "287101801",
        "MANAGE_SP1" : "01",
        "MANAGE_SP2" : "시종점",
        "DETAIL_SPO" : "시종점",
        "ETC_MATTER" : " ",
        "MNTN_NM" : "덕정산",
        "PAST_SPOT_" : "2871018010024",
        "MNTN_ID" : "287101801"
      },
      "geometry" : {
        "x" : 150319.06909999996,
        "y" : 567030.75249999948
      }
    },
    {
      "attributes" : {
        "FID" : 24,
        "PMNTN_SPOT" : 21682,
        "MNTN_CODE" : "287101801",
        "MANAGE_SP1" : "02",
        "MANAGE_SP2" : "분기점",
        "DETAIL_SPO" : "분기점",
        "ETC_MATTER" : " ",
        "MNTN_NM" : "덕정산",
        "PAST_SPOT_" : "2871018010025",
        "MNTN_ID" : "287101801"
      },
      "geometry" : {
        "x" : 150445.77199999988,
        "y" : 565591.50500000268
      }
    },
    {
      "attributes" : {
        "FID" : 25,
        "PMNTN_SPOT" : 21683,
        "MNTN_CODE" : "287101801",
        "MANAGE_SP1" : "01",
        "MANAGE_SP2" : "시종점",
        "DETAIL_SPO" : "시종점",
        "ETC_MATTER" : " ",
        "MNTN_NM" : "덕정산",
        "PAST_SPOT_" : "2871018010026",
        "MNTN_ID" : "287101801"
      },
      "geometry" : {
        "x" : 152802.96250000037,
        "y" : 562759.16820000298
      }
    }
  ]
}