{
  "displayFieldName" : "",
  "fieldAliases" : {
    "FID" : "FID",
    "PMNTN_SN" : "PMNTN_SN",
    "MNTN_CODE" : "MNTN_CODE",
    "MNTN_NM" : "MNTN_NM",
    "PMNTN_NM" : "PMNTN_NM",
    "PMNTN_MAIN" : "PMNTN_MAIN",
    "PMNTN_LT" : "PMNTN_LT",
    "PMNTN_DFFL" : "PMNTN_DFFL",
    "PMNTN_UPPL" : "PMNTN_UPPL",
    "PMNTN_GODN" : "PMNTN_GODN",
    "PMNTN_MTRQ" : "PMNTN_MTRQ",
    "PMNTN_CNRL" : "PMNTN_CNRL",
    "PMNTN_CLS_" : "PMNTN_CLS_",
    "PMNTN_RISK" : "PMNTN_RISK",
    "PMNTN_RECO" : "PMNTN_RECO",
    "DATA_STDR_" : "DATA_STDR_",
    "MNTN_ID" : "MNTN_ID"
  },
  "geometryType" : "esriGeometryPolyline",
  "spatialReference" : {
    "wkt" : "PROJCS[\"PCS_ITRF2000_TM\",GEOGCS[\"GCS_ITRF_2000\",DATUM[\"D_ITRF_2000\",SPHEROID[\"GRS_1980\",6378137.0,298.257222101]],PRIMEM[\"Greenwich\",0.0],UNIT[\"Degree\",0.0174532925199433]],PROJECTION[\"Transverse_Mercator\"],PARAMETER[\"False_Easting\",200000.0],PARAMETER[\"False_Northing\",600000.0],PARAMETER[\"Central_Meridian\",127.0],PARAMETER[\"Scale_Factor\",1.0],PARAMETER[\"Latitude_Of_Origin\",38.0],UNIT[\"Meter\",1.0]]"
  },
  "fields" : [
    {
      "name" : "FID",
      "type" : "esriFieldTypeOID",
      "alias" : "FID"
    },
    {
      "name" : "PMNTN_SN",
      "type" : "esriFieldTypeDouble",
      "alias" : "PMNTN_SN"
    },
    {
      "name" : "MNTN_CODE",
      "type" : "esriFieldTypeString",
      "alias" : "MNTN_CODE",
      "length" : 9
    },
    {
      "name" : "MNTN_NM",
      "type" : "esriFieldTypeString",
      "alias" : "MNTN_NM",
      "length" : 50
    },
    {
      "name" : "PMNTN_NM",
      "type" : "esriFieldTypeString",
      "alias" : "PMNTN_NM",
      "length" : 50
    },
    {
      "name" : "PMNTN_MAIN",
      "type" : "esriFieldTypeString",
      "alias" : "PMNTN_MAIN",
      "length" : 200
    },
    {
      "name" : "PMNTN_LT",
      "type" : "esriFieldTypeSingle",
      "alias" : "PMNTN_LT"
    },
    {
      "name" : "PMNTN_DFFL",
      "type" : "esriFieldTypeString",
      "alias" : "PMNTN_DFFL",
      "length" : 8
    },
    {
      "name" : "PMNTN_UPPL",
      "type" : "esriFieldTypeDouble",
      "alias" : "PMNTN_UPPL"
    },
    {
      "name" : "PMNTN_GODN",
      "type" : "esriFieldTypeDouble",
      "alias" : "PMNTN_GODN"
    },
    {
      "name" : "PMNTN_MTRQ",
      "type" : "esriFieldTypeString",
      "alias" : "PMNTN_MTRQ",
      "length" : 200
    },
    {
      "name" : "PMNTN_CNRL",
      "type" : "esriFieldTypeString",
      "alias" : "PMNTN_CNRL",
      "length" : 1
    },
    {
      "name" : "PMNTN_CLS_",
      "type" : "esriFieldTypeString",
      "alias" : "PMNTN_CLS_",
      "length" : 1
    },
    {
      "name" : "PMNTN_RISK",
      "type" : "esriFieldTypeString",
      "alias" : "PMNTN_RISK",
      "length" : 200
    },
    {
      "name" : "PMNTN_RECO",
      "type" : "esriFieldTypeString",
      "alias" : "PMNTN_RECO",
      "length" : 1
    },
    {
      "name" : "DATA_STDR_",
      "type" : "esriFieldTypeString",
      "alias" : "DATA_STDR_",
      "length" : 10
    },
    {
      "name" : "MNTN_ID",
      "type" : "esriFieldTypeString",
      "alias" : "MNTN_ID",
      "length" : 10
    }
  ],
  "features" : [
    {
      "attributes" : {
        "FID" : 0,
        "PMNTN_SN" : 28623,
        "MNTN_CODE" : "491100801",
        "MNTN_NM" : "사라봉",
        "PMNTN_NM" : "건입동구간",
        "PMNTN_MAIN" : "산책로입구-정상-팔각정-봉화대터-산책로끝",
        "PMNTN_LT" : 0.38,
        "PMNTN_DFFL" : "쉬움",
        "PMNTN_UPPL" : 7,
        "PMNTN_GODN" : 5,
        "PMNTN_MTRQ" : "토사,콘크리트",
        "PMNTN_CNRL" : " ",
        "PMNTN_CLS_" : " ",
        "PMNTN_RISK" : " ",
        "PMNTN_RECO" : "Y",
        "DATA_STDR_" : "2016-12-31",
        "MNTN_ID" : "2902014500"
      },
      "geometry" : {
        "paths" : [
          [
            [
              157473.66940917168,
              102558.65846927091
            ],
            [
              157481.27098867763,
              102564.34876968898
            ],
            [
              157492.91504823323,
              102572.95874745399
            ],
            [
              157495.30702430196,
              102574.7592349723
            ],
            [
              157497.63044569921,
              102576.59750188142
            ],
            [
              157498.74120912235,
              102577.54373222776
            ],
            [
              157499.79629698303,
              102578.519020468
            ],
            [
              157500.77190243546,
              102579.53531772085
            ],
            [
              157501.63604078814,
              102580.60857237875
            ],
            [
              157502.34631606564,
              102581.75978397205
            ],
            [
              157502.86222654022,
              102582.98975176178
            ],
            [
              157503.22334681638,
              102584.29435612075
            ],
            [
              157503.46523878351,
              102585.65185491182
            ],
            [
              157503.61171538755,
              102587.04538759403
            ],
            [
              157503.67643906735,
              102588.46174425818
            ],
            [
              157503.66399038956,
              102589.89031267166
            ],
            [
              157503.57042420562,
              102591.32218322158
            ],
            [
              157503.38335656375,
              102592.74938540533
            ],
            [
              157503.09377654083,
              102594.15814622864
            ],
            [
              157502.72188100219,
              102595.55703363754
            ],
            [
              157502.29121113941,
              102596.94805198722
            ],
            [
              157501.31929898635,
              102599.71284218691
            ],
            [
              157500.26956167445,
              102602.46240588091
            ],
            [
              157490.01172092743,
              102628.40885747224
            ],
            [
              157487.35311519727,
              102635.23865639605
            ],
            [
              157486.34358200058,
              102637.98475943319
            ],
            [
              157485.86863288004,
              102639.36507310718
            ],
            [
              157485.42519932985,
              102640.75283604115
            ],
            [
              157485.02575467248,
              102642.15080244467
            ],
            [
              157484.6867273245,
              102643.56256113574
            ],
            [
              157484.41636121087,
              102645.02199594863
            ],
            [
              157484.2082304433,
              102646.49603788927
            ],
            [
              157484.04458829574,
              102647.98116739653
            ],
            [
              157483.80063350312,
              102650.97460749932
            ],
            [
              157483.53344672825,
              102655.4967089314
            ],
            [
              157483.32466395572,
              102660.0159477368
            ],
            [
              157483.24946651142,
              102662.98412161134
            ],
            [
              157483.25556367077,
              102664.43484086357
            ],
            [
              157483.31113222148,
              102665.84778269194
            ],
            [
              157483.43904050626,
              102667.20569595136
            ],
            [
              157483.67045432888,
              102668.48514630459
            ],
            [
              157484.04719290882,
              102669.65472202562
            ],
            [
              157484.62454852834,
              102670.67289843224
            ],
            [
              157485.41968979686,
              102671.48355888203
            ],
            [
              157486.40558040049,
              102672.15037523024
            ],
            [
              157487.5313380966,
              102672.711652264
            ],
            [
              157488.75816025399,
              102673.19660669379
            ],
            [
              157490.05685839895,
              102673.62721969932
            ],
            [
              157491.40577346459,
              102674.01980389841
            ],
            [
              157492.78906011116,
              102674.38629321195
            ],
            [
              157495.616424351,
              102675.07285419852
            ],
            [
              157511.41146270279,
              102678.6477118507
            ],
            [
              157514.22663674876,
              102679.33971898071
            ],
            [
              157515.60428552795,
              102679.70979095064
            ],
            [
              157516.94911000133,
              102680.10658339038
            ],
            [
              157518.24674927164,
              102680.54204752669
            ],
            [
              157519.4776693834,
              102681.03247754462
            ],
            [
              157520.61566975806,
              102681.59977784008
            ],
            [
              157521.62608040404,
              102682.272998197
            ],
            [
              157522.46364809666,
              102683.0901422184
            ],
            [
              157523.1054246081,
              102684.1072422117
            ],
            [
              157523.57187573612,
              102685.2728499528
            ],
            [
              157523.91640768945,
              102686.54497889988
            ],
            [
              157524.18218469806,
              102687.89093621448
            ],
            [
              157524.84854454082,
              102692.13814871572
            ],
            [
              157525.13010593783,
              102693.56383069791
            ],
            [
              157525.49658186175,
              102694.96797908284
            ],
            [
              157525.9528105678,
              102696.27975376695
            ],
            [
              157526.49788014684,
              102697.56179512106
            ],
            [
              157527.1120302882,
              102698.81729756854
            ],
            [
              157527.78101634234,
              102700.04708348028
            ],
            [
              157528.49550564308,
              102701.24935326353
            ],
            [
              157529.2506600311,
              102702.41930660605
            ],
            [
              157530.04593153205,
              102703.54859828204
            ],
            [
              157530.88508542906,
              102704.62459630705
            ],
            [
              157531.77645718399,
              102705.62941499054
            ],
            [
              157532.73344264552,
              102706.53870375641
            ],
            [
              157533.77521077078,
              102707.32018855773
            ],
            [
              157534.97121465765,
              102707.97302217782
            ],
            [
              157536.25595197454,
              102708.48904718459
            ],
            [
              157537.60477869865,
              102708.90567675419
            ],
            [
              157538.99911206122,
              102709.25124469586
            ],
            [
              157540.42513500061,
              102709.54691217095
            ],
            [
              157541.87271686457,
              102709.80826790817
            ],
            [
              157546.28164057527,
              102710.4843953196
            ],
            [
              157561.06397248991,
              102712.56485923566
            ],
            [
              157571.37305286247,
              102714.06076666154
            ],
            [
              157575.78274494037,
              102714.72367300838
            ],
            [
              157580.17487728968,
              102715.45255691372
            ],
            [
              157583.07845571451,
              102716.03327868879
            ],
            [
              157584.51653665863,
              102716.37690623663
            ],
            [
              157585.94143584277,
              102716.76795804128
            ],
            [
              157587.35633957293,
              102717.19794862717
            ],
            [
              157588.76401840895,
              102717.65616063401
            ],
            [
              157591.56558595225,
              102718.62677543052
            ],
            [
              157597.14491021074,
              102720.66338014789
            ],
            [
              157605.49585064128,
              102723.77771664783
            ],
            [
              157609.64369013626,
              102725.39122624137
            ],
            [
              157612.37232707534,
              102726.54271292128
            ],
            [
              157613.71590414923,
              102727.16170104593
            ],
            [
              157615.02754607145,
              102727.81273515336
            ],
            [
              157616.3242091788,
              102728.49505177327
            ],
            [
              157618.88785116002,
              102729.9216443114
            ],
            [
              157622.6947700493,
              102732.14189767465
            ],
            [
              157644.16778136976,
              102744.93076387793
            ],
            [
              157664.41005527601,
              102756.91318677366
            ],
            [
              157666.92804638855,
              102758.42761353403
            ],
            [
              157669.42321902607,
              102759.97308348864
            ],
            [
              157671.87131326273,
              102761.58260534517
            ],
            [
              157673.06508158147,
              102762.42856244929
            ],
            [
              157674.22417687532,
              102763.30593077093
            ],
            [
              157675.3610050818,
              102764.21359500475
            ],
            [
              157676.48147173505,
              102765.14352026209
            ],
            [
              157678.69023734424,
              102767.04713713005
            ],
            [
              157683.04770199675,
              102770.93609539419
            ],
            [
              157699.31366750039,
              102785.62108639628
            ]
          ]
        ]
      }
    },
    {
      "attributes" : {
        "FID" : 1,
        "PMNTN_SN" : 28624,
        "MNTN_CODE" : "491100801",
        "MNTN_NM" : "사라봉",
        "PMNTN_NM" : "건입동구간",
        "PMNTN_MAIN" : "산책로입구-정상-팔각정-봉화대터-산책로끝",
        "PMNTN_LT" : 0.64,
        "PMNTN_DFFL" : "쉬움",
        "PMNTN_UPPL" : 11,
        "PMNTN_GODN" : 8,
        "PMNTN_MTRQ" : "토사,콘크리트",
        "PMNTN_CNRL" : " ",
        "PMNTN_CLS_" : " ",
        "PMNTN_RISK" : " ",
        "PMNTN_RECO" : "Y",
        "DATA_STDR_" : "2016-12-31",
        "MNTN_ID" : "2902014500"
      },
      "geometry" : {
        "paths" : [
          [
            [
              157699.31366750039,
              102785.62108639628
            ],
            [
              157699.46215534117,
              102785.79950994439
            ],
            [
              157701.87918437179,
              102787.9604814183
            ],
            [
              157704.40256316867,
              102790.30438067392
            ],
            [
              157705.73027368449,
              102791.60983117111
            ],
            [
              157707.00845919456,
              102792.94377204403
            ],
            [
              157708.16477019712,
              102794.26142957062
            ],
            [
              157709.12534067035,
              102795.51833447814
            ],
            [
              157709.82209943328,
              102796.67615179718
            ],
            [
              157710.31596805248,
              102797.83737133443
            ],
            [
              157710.63121603895,
              102799.09711123817
            ],
            [
              157710.77808181476,
              102800.40266850777
            ],
            [
              157710.78764133155,
              102801.73462641239
            ],
            [
              157710.67624326702,
              102803.07683977485
            ],
            [
              157710.44742186647,
              102804.41505580209
            ],
            [
              157710.0930718556,
              102805.73570791818
            ],
            [
              157709.59799770266,
              102807.04715176113
            ],
            [
              157708.99664189108,
              102808.33435031399
            ],
            [
              157708.32103429083,
              102809.60376278125
            ],
            [
              157707.59510731604,
              102810.86045287549
            ],
            [
              157706.83697613422,
              102812.10844268464
            ],
            [
              157703.73767895717,
              102817.07474126667
            ],
            [
              157703.00254941825,
              102818.32438829169
            ],
            [
              157702.30978031363,
              102819.58427214064
            ],
            [
              157701.67808236182,
              102820.85935112461
            ],
            [
              157701.1315456396,
              102822.15598291345
            ],
            [
              157700.70129537396,
              102823.48235044442
            ],
            [
              157700.40924790781,
              102824.86347373389
            ],
            [
              157700.23584486917,
              102826.2750965897
            ],
            [
              157700.14889061823,
              102827.70891854912
            ],
            [
              157700.12398633361,
              102829.15865963884
            ],
            [
              157700.1428789841,
              102830.6196322646
            ],
            [
              157700.26175838336,
              102833.56240847521
            ],
            [
              157701.39440538175,
              102851.34707886167
            ],
            [
              157701.73155286163,
              102857.29244779423
            ],
            [
              157702.27660363633,
              102867.7401880566
            ],
            [
              157702.47790670209,
              102870.71361090802
            ],
            [
              157702.61043396778,
              102872.18621062301
            ],
            [
              157702.77908735257,
              102873.6413484849
            ],
            [
              157703.00038293842,
              102875.06982140802
            ],
            [
              157703.29672650807,
              102876.45888724364
            ],
            [
              157703.69810598623,
              102877.79117305763
            ],
            [
              157704.24410918355,
              102879.04333856888
            ],
            [
              157704.93285085075,
              102880.1472483445
            ],
            [
              157705.757502052,
              102881.16821092926
            ],
            [
              157706.68464330398,
              102882.1175389681
            ],
            [
              157707.68940836471,
              102882.99940844439
            ],
            [
              157708.75402825419,
              102883.81079475954
            ],
            [
              157709.86665063445,
              102884.5410447754
            ],
            [
              157711.02043339889,
              102885.17105049454
            ],
            [
              157712.21289332584,
              102885.67200586945
            ],
            [
              157713.44547961,
              102886.003750192
            ],
            [
              157714.74761149473,
              102886.13409195282
            ],
            [
              157716.08237151988,
              102886.09057090059
            ],
            [
              157717.43802605662,
              102885.91749055125
            ],
            [
              157718.80481988192,
              102885.64712531865
            ],
            [
              157720.17412198149,
              102885.30167469382
            ],
            [
              157721.53761491086,
              102884.89475053549
            ],
            [
              157722.88649603259,
              102884.43239129707
            ],
            [
              157724.21065688878,
              102883.91361601092
            ],
            [
              157725.49780826457,
              102883.33053897135
            ],
            [
              157726.73252383713,
              102882.66807202809
            ],
            [
              157727.89518657327,
              102881.90325020812
            ],
            [
              157728.98176015262,
              102881.00642108172
            ],
            [
              157729.99447044265,
              102880.00893197581
            ],
            [
              157730.95297272224,
              102878.93873079494
            ],
            [
              157731.87229127903,
              102877.81684141606
            ],
            [
              157732.76376239769,
              102876.65883928724
            ],
            [
              157733.63583455049,
              102875.47607722692
            ],
            [
              157735.34496785328,
              102873.06632783264
            ],
            [
              157746.31806907151,
              102857.05952241085
            ],
            [
              157748.01719791163,
              102854.61973676272
            ],
            [
              157749.70614675898,
              102852.28270522133
            ],
            [
              157750.54073452856,
              102851.19299192727
            ],
            [
              157751.36335724685,
              102850.19086509943
            ],
            [
              157752.16799142398,
              102849.31503370404
            ],
            [
              157752.94640355278,
              102848.61776645854
            ],
            [
              157753.6874919394,
              102848.16869660467
            ],
            [
              157754.37649055198,
              102848.05933236144
            ],
            [
              157755.00918701012,
              102848.37062733434
            ],
            [
              157755.5849131234,
              102849.02989442274
            ],
            [
              157756.11483135726,
              102849.94226251915
            ],
            [
              157756.60517620854,
              102851.03587950766
            ],
            [
              157757.05746730603,
              102852.25711424835
            ],
            [
              157757.46845529415,
              102853.56652891636
            ],
            [
              157757.82977362908,
              102854.93559437059
            ],
            [
              157758.12727724761,
              102856.34407271259
            ],
            [
              157758.34005793743,
              102857.77797228284
            ],
            [
              157758.43914204929,
              102859.22797847539
            ],
            [
              157758.40008861199,
              102860.69895475172
            ],
            [
              157758.2476581363,
              102862.17486501671
            ],
            [
              157758.01343975682,
              102863.65213165432
            ],
            [
              157757.72126098257,
              102865.12854087353
            ],
            [
              157757.38884562068,
              102866.60282307118
            ],
            [
              157756.65171919577,
              102869.54290170409
            ],
            [
              157755.46971667744,
              102873.93194609694
            ],
            [
              157752.28169265669,
              102885.55382656679
            ],
            [
              157751.03114336729,
              102889.87128503993
            ],
            [
              157750.58207933046,
              102891.29686063156
            ],
            [
              157750.1042081425,
              102892.71085240133
            ],
            [
              157749.58607811853,
              102894.10883117653
            ],
            [
              157749.04225229472,
              102895.43159422837
            ],
            [
              157748.46064013243,
              102896.73940001242
            ],
            [
              157747.22137548681,
              102899.32467240095
            ],
            [
              157745.92010770645,
              102901.88386809267
            ],
            [
              157743.89480520971,
              102905.68228800222
            ],
            [
              157742.48528988566,
              102908.17052905262
            ],
            [
              157741.75035405252,
              102909.39022878557
            ],
            [
              157740.98488521669,
              102910.58488928527
            ],
            [
              157740.17750602495,
              102911.74509052932
            ],
            [
              157739.31320160441,
              102912.85846568272
            ],
            [
              157738.37218913622,
              102913.92319162004
            ],
            [
              157737.3734088121,
              102914.940448476
            ],
            [
              157736.33215335105,
              102915.92286914401
            ],
            [
              157735.2600479424,
              102916.88008809835
            ],
            [
              157733.05581606366,
              102918.74604995362
            ],
            [
              157729.6715310812,
              102921.48497221619
            ],
            [
              157719.36452025641,
              102929.6515869759
            ],
            [
              157717.09038944449,
              102931.50328971073
            ],
            [
              157714.87499582395,
              102933.40559495799
            ],
            [
              157713.81156995613,
              102934.38909150288
            ],
            [
              157712.79681140371,
              102935.40497100912
            ],
            [
              157711.85167558491,
              102936.46452355944
            ],
            [
              157711.00422475208,
              102937.58230090141
            ],
            [
              157710.33593774308,
              102938.66826465726
            ],
            [
              157709.76612808462,
              102939.80052536353
            ],
            [
              157709.28779675718,
              102940.96334885806
            ],
            [
              157708.90167398285,
              102942.14256060682
            ],
            [
              157708.61653757468,
              102943.32467383891
            ],
            [
              157708.449855051,
              102944.49599890597
            ],
            [
              157708.42876812816,
              102945.64171999879
            ],
            [
              157708.5914160572,
              102946.74492271617
            ],
            [
              157709.01177258696,
              102947.88082862832
            ],
            [
              157709.6410462549,
              102948.95015421696
            ],
            [
              157710.42691464815,
              102949.95441950485
            ],
            [
              157711.33126481064,
              102950.88855053298
            ],
            [
              157712.32778024767,
              102951.74015821144
            ],
            [
              157713.40004339907,
              102952.48845900223
            ],
            [
              157714.54013936408,
              102953.10280104913
            ],
            [
              157715.74771788903,
              102953.54078861699
            ],
            [
              157717.07001442369,
              102953.77260235138
            ],
            [
              157718.44825099036,
              102953.82126270235
            ],
            [
              157719.86494898982,
              102953.73765682988
            ],
            [
              157721.30735019781,
              102953.56012061052
            ],
            [
              157722.76626192965,
              102953.31706230156
            ],
            [
              157724.2351283934,
              102953.02913314849
            ],
            [
              157727.18540266994,
              102952.37249125354
            ],
            [
              157730.13387628924,
              102951.65662799403
            ],
            [
              157733.06386319082,
              102950.897605028
            ],
            [
              157735.955601166,
              102950.07091958448
            ],
            [
              157737.37761366367,
              102949.61255622283
            ],
            [
              157738.7759728888,
              102949.10673011094
            ],
            [
              157740.14244064689,
              102948.53465246968
            ],
            [
              157741.46958904527,
              102947.88138685934
            ],
            [
              157742.76525064837,
              102947.16166690551
            ],
            [
              157744.03800861351,
              102946.39405878074
            ],
            [
              157745.29438504204,
              102945.59256604314
            ],
            [
              157747.77629890572,
              102943.92681316473
            ],
            [
              157767.40083563793,
              102930.17155057006
            ],
            [
              157769.80446890276,
              102928.40925290994
            ],
            [
              157770.98024502583,
              102927.50307453983
            ],
            [
              157772.12825916149,
              102926.5700782463
            ],
            [
              157773.23732139356,
              102925.59938282333
            ],
            [
              157774.29264443927,
              102924.57662025094
            ],
            [
              157775.27092232648,
              102923.50325236842
            ],
            [
              157776.19651238434,
              102922.37880166434
            ],
            [
              157777.08373054862,
              102921.21714299917
            ],
            [
              157778.78378245886,
              102918.82166426629
            ],
            [
              157780.42873853259,
              102916.3726453539
            ],
            [
              157783.66101312917,
              102911.41784988157
            ],
            [
              157793.3342528902,
              102896.49486880936
            ],
            [
              157806.83283299766,
              102879.98946947604
            ],
            [
              157808.47510086838,
              102877.49968215451
            ],
            [
              157809.31124182604,
              102876.28236390278
            ],
            [
              157810.16367649101,
              102875.09839358367
            ],
            [
              157811.03930583503,
              102873.96479019709
            ],
            [
              157811.94741544686,
              102872.9050556533
            ],
            [
              157812.90034700278,
              102871.95117830113
            ],
            [
              157813.91429766174,
              102871.14609614573
            ],
            [
              157815.01023810077,
              102870.54664671607
            ],
            [
              157816.20568299945,
              102870.19948176481
            ],
            [
              157817.47646811511,
              102870.06355850399
            ],
            [
              157818.79371486232,
              102870.08761350811
            ],
            [
              157820.1313473843,
              102870.23583436757
            ],
            [
              157821.4639922129,
              102870.48575936817
            ],
            [
              157822.76478285342,
              102870.82682703063
            ],
            [
              157824.00300644152,
              102871.25960157439
            ],
            [
              157825.141519228,
              102871.79567100108
            ],
            [
              157826.13386442885,
              102872.45819543488
            ],
            [
              157826.92105445825,
              102873.28306077048
            ],
            [
              157827.4568355605,
              102874.30343581736
            ],
            [
              157827.78332977835,
              102875.48069917783
            ],
            [
              157827.95651402883,
              102876.77143781073
            ],
            [
              157828.01896037627,
              102878.1430752892
            ],
            [
              157828.00266758632,
              102879.57149965875
            ],
            [
              157827.93148192391,
              102881.03907682933
            ],
            [
              157827.82312541176,
              102882.53301536292
            ],
            [
              157824.25137779396,
              102895.85058894753
            ],
            [
              157824.13337398041,
              102897.36097180471
            ],
            [
              157824.04716612305,
              102898.85303330794
            ],
            [
              157824.00840674341,
              102900.31635960378
            ],
            [
              157824.0380744962,
              102901.73651242442
            ],
            [
              157824.16430623736,
              102903.09352767467
            ],
            [
              157824.42457771488,
              102904.36006447114
            ],
            [
              157824.86825564317,
              102905.49914235808
            ],
            [
              157825.42448780313,
              102906.34115459211
            ],
            [
              157826.11933840346,
              102907.06079476327
            ],
            [
              157826.91953131463,
              102907.65574841388
            ],
            [
              157827.7984825531,
              102908.11489379033
            ],
            [
              157828.73507013731,
              102908.41765214689
            ],
            [
              157829.71255216096,
              102908.53308002278
            ],
            [
              157830.89744586311,
              102908.40007163584
            ],
            [
              157832.10752962809,
              102908.0336763896
            ],
            [
              157833.33351003751,
              102907.498892162
            ],
            [
              157834.56891632918,
              102906.84464433976
            ],
            [
              157835.80933665577,
              102906.10724323243
            ],
            [
              157837.05184136983,
              102905.313255677
            ],
            [
              157838.29455273598,
              102904.48182972148
            ],
            [
              157840.7765271198,
              102902.75682004541
            ],
            [
              157849.71714543831,
              102893.45072363876
            ],
            [
              157854.64616761357,
              102889.98216077499
            ],
            [
              157857.13954851404,
              102888.28785918653
            ],
            [
              157858.40167743899,
              102887.46497766301
            ],
            [
              157859.67935497779,
              102886.66883782484
            ],
            [
              157860.97802094929,
              102885.91120577417
            ],
            [
              157862.3046511421,
              102885.20801087283
            ],
            [
              157863.56283767428,
              102884.61791157722
            ],
            [
              157864.84403862618,
              102884.07915421762
            ],
            [
              157866.14084949996,
              102883.58276178129
            ],
            [
              157867.4464605106,
              102883.12403293699
            ],
            [
              157868.75411985349,
              102882.70253219642
            ],
            [
              157870.05654953793,
              102882.32231081463
            ],
            [
              157871.34529236611,
              102881.99239230342
            ],
            [
              157872.60996297095,
              102881.72755516507
            ],
            [
              157873.83737228904,
              102881.54944438301
            ],
            [
              157875.01049339212,
              102881.4880405236
            ],
            [
              157876.10723889433,
              102881.58350549452
            ],
            [
              157877.09902743064,
              102881.88840290345
            ],
            [
              157878.0016249232,
              102882.48049092479
            ],
            [
              157878.76995198615,
              102883.30219468102
            ],
            [
              157879.41503965762,
              102884.29447866976
            ],
            [
              157879.93649682868,
              102885.41320063174
            ],
            [
              157880.32233285345,
              102886.62628277764
            ],
            [
              157880.54832931142,
              102887.91136476025
            ],
            [
              157880.5940077994,
              102889.25635921583
            ],
            [
              157880.49305142276,
              102890.64142485149
            ],
            [
              157880.28526185546,
              102892.05370233953
            ],
            [
              157880.00086274557,
              102893.48395811766
            ],
            [
              157879.66266767122,
              102894.92556732334
            ],
            [
              157879.28793695755,
              102896.37368208915
            ],
            [
              157877.26567966305,
              102903.58391790465
            ],
            [
              157876.90152778197,
              102904.98739006184
            ],
            [
              157876.58087186702,
              102906.35913830623
            ],
            [
              157876.32432353776,
              102907.68444393948
            ],
            [
              157876.15942027885,
              102908.94305305555
            ],
            [
              157876.12287666928,
              102910.10745146871
            ],
            [
              157876.26326120924,
              102911.14076383412
            ],
            [
              157876.6441181004,
              102911.99424989335
            ],
            [
              157877.27286325675,
              102912.59797316231
            ],
            [
              157878.11769198533,
              102913.0321762953
            ],
            [
              157879.12125962973,
              102913.33217936009
            ],
            [
              157880.23811675888,
              102913.5222394187
            ],
            [
              157881.43210887071,
              102913.61671921611
            ],
            [
              157882.67407496739,
              102913.62085987069
            ],
            [
              157883.93983480614,
              102913.53114063106
            ],
            [
              157885.20843290631,
              102913.33523081802
            ],
            [
              157886.46060047112,
              102913.01155901514
            ],
            [
              157887.75564300828,
              102912.50926851667
            ],
            [
              157889.01855023857,
              102911.87537383102
            ],
            [
              157890.25586985331,
              102911.14651857316
            ],
            [
              157891.47302857693,
              102910.35028216429
            ],
            [
              157892.67444544192,
              102909.50714637898
            ],
            [
              157893.86367444322,
              102908.63212990575
            ],
            [
              157896.21635291353,
              102906.82694308646
            ],
            [
              157903.1924885856,
              102901.33349390514
            ],
            [
              157905.53057865426,
              102899.56385202333
            ],
            [
              157906.71195644513,
              102898.71120993607
            ],
            [
              157907.90690281801,
              102897.89177086763
            ],
            [
              157909.12111992575,
              102897.11837403476
            ],
            [
              157910.36217348929,
              102896.40829110704
            ],
            [
              157911.64001862053,
              102895.78447932936
            ],
            [
              157912.93877767865,
              102895.27387317084
            ],
            [
              157914.27238900587,
              102894.8456167262
            ],
            [
              157915.63006339595,
              102894.47559661604
            ],
            [
              157917.00264242291,
              102894.143992709
            ],
            [
              157921.12829818018,
              102893.21753602102
            ],
            [
              157922.4772405969,
              102892.88022752665
            ],
            [
              157923.79480219446,
              102892.49962929823
            ],
            [
              157925.06566365529,
              102892.05312119797
            ],
            [
              157926.26988934167,
              102891.5123038087
            ],
            [
              157927.26243785955,
              102890.94072463736
            ],
            [
              157929.18460416514,
              102889.65207076073
            ],
            [
              157930.29695992079,
              102889.02740738727
            ],
            [
              157931.52433517855,
              102888.50486397184
            ],
            [
              157932.84706693329,
              102888.1519757472
            ],
            [
              157934.42960730847,
              102888.00537331402
            ],
            [
              157936.01528332941,
              102888.07820737548
            ],
            [
              157937.51376021933,
              102888.2961236313
            ],
            [
              157938.83578095585,
              102888.58828750625
            ],
            [
              157939.89331637602,
              102888.88704300113
            ],
            [
              157940.59948977083,
              102889.12673160806
            ],
            [
              157940.87007970456,
              102889.24500754662
            ]
          ]
        ]
      }
    }
  ]
}