{
  "displayFieldName" : "",
  "fieldAliases" : {
    "FID" : "FID",
    "PMNTN_SN" : "PMNTN_SN",
    "MNTN_CODE" : "MNTN_CODE",
    "MNTN_NM" : "MNTN_NM",
    "PMNTN_NM" : "PMNTN_NM",
    "PMNTN_MAIN" : "PMNTN_MAIN",
    "PMNTN_LT" : "PMNTN_LT",
    "PMNTN_DFFL" : "PMNTN_DFFL",
    "PMNTN_UPPL" : "PMNTN_UPPL",
    "PMNTN_GODN" : "PMNTN_GODN",
    "PMNTN_MTRQ" : "PMNTN_MTRQ",
    "PMNTN_CNRL" : "PMNTN_CNRL",
    "PMNTN_CLS_" : "PMNTN_CLS_",
    "PMNTN_RISK" : "PMNTN_RISK",
    "PMNTN_RECO" : "PMNTN_RECO",
    "DATA_STDR_" : "DATA_STDR_",
    "MNTN_ID" : "MNTN_ID"
  },
  "geometryType" : "esriGeometryPolyline",
  "spatialReference" : {
    "wkt" : "PROJCS[\"PCS_ITRF2000_TM\",GEOGCS[\"GCS_ITRF_2000\",DATUM[\"D_ITRF_2000\",SPHEROID[\"GRS_1980\",6378137.0,298.257222101]],PRIMEM[\"Greenwich\",0.0],UNIT[\"Degree\",0.0174532925199433]],PROJECTION[\"Transverse_Mercator\"],PARAMETER[\"False_Easting\",200000.0],PARAMETER[\"False_Northing\",600000.0],PARAMETER[\"Central_Meridian\",127.0],PARAMETER[\"Scale_Factor\",1.0],PARAMETER[\"Latitude_Of_Origin\",38.0],UNIT[\"Meter\",1.0]]"
  },
  "fields" : [
    {
      "name" : "FID",
      "type" : "esriFieldTypeOID",
      "alias" : "FID"
    },
    {
      "name" : "PMNTN_SN",
      "type" : "esriFieldTypeDouble",
      "alias" : "PMNTN_SN"
    },
    {
      "name" : "MNTN_CODE",
      "type" : "esriFieldTypeString",
      "alias" : "MNTN_CODE",
      "length" : 9
    },
    {
      "name" : "MNTN_NM",
      "type" : "esriFieldTypeString",
      "alias" : "MNTN_NM",
      "length" : 50
    },
    {
      "name" : "PMNTN_NM",
      "type" : "esriFieldTypeString",
      "alias" : "PMNTN_NM",
      "length" : 50
    },
    {
      "name" : "PMNTN_MAIN",
      "type" : "esriFieldTypeString",
      "alias" : "PMNTN_MAIN",
      "length" : 200
    },
    {
      "name" : "PMNTN_LT",
      "type" : "esriFieldTypeSingle",
      "alias" : "PMNTN_LT"
    },
    {
      "name" : "PMNTN_DFFL",
      "type" : "esriFieldTypeString",
      "alias" : "PMNTN_DFFL",
      "length" : 8
    },
    {
      "name" : "PMNTN_UPPL",
      "type" : "esriFieldTypeDouble",
      "alias" : "PMNTN_UPPL"
    },
    {
      "name" : "PMNTN_GODN",
      "type" : "esriFieldTypeDouble",
      "alias" : "PMNTN_GODN"
    },
    {
      "name" : "PMNTN_MTRQ",
      "type" : "esriFieldTypeString",
      "alias" : "PMNTN_MTRQ",
      "length" : 200
    },
    {
      "name" : "PMNTN_CNRL",
      "type" : "esriFieldTypeString",
      "alias" : "PMNTN_CNRL",
      "length" : 1
    },
    {
      "name" : "PMNTN_CLS_",
      "type" : "esriFieldTypeString",
      "alias" : "PMNTN_CLS_",
      "length" : 1
    },
    {
      "name" : "PMNTN_RISK",
      "type" : "esriFieldTypeString",
      "alias" : "PMNTN_RISK",
      "length" : 200
    },
    {
      "name" : "PMNTN_RECO",
      "type" : "esriFieldTypeString",
      "alias" : "PMNTN_RECO",
      "length" : 1
    },
    {
      "name" : "DATA_STDR_",
      "type" : "esriFieldTypeString",
      "alias" : "DATA_STDR_",
      "length" : 10
    },
    {
      "name" : "MNTN_ID",
      "type" : "esriFieldTypeString",
      "alias" : "MNTN_ID",
      "length" : 10
    }
  ],
  "features" : [
    {
      "attributes" : {
        "FID" : 0,
        "PMNTN_SN" : 10949,
        "MNTN_CODE" : "311400604",
        "MNTN_NM" : "대공원산",
        "PMNTN_NM" : "무거동구간",
        "PMNTN_MAIN" : " ",
        "PMNTN_LT" : 8.05,
        "PMNTN_DFFL" : "쉬움",
        "PMNTN_UPPL" : 142,
        "PMNTN_GODN" : 99,
        "PMNTN_MTRQ" : " ",
        "PMNTN_CNRL" : " ",
        "PMNTN_CLS_" : " ",
        "PMNTN_RISK" : " ",
        "PMNTN_RECO" : " ",
        "DATA_STDR_" : "2016-12-31",
        "MNTN_ID" : "311400604"
      },
      "geometry" : {
        "paths" : [
          [
            [
              409696.71180009563,
              327304.22620000504
            ],
            [
              409692.36490009725,
              327313.53420000337
            ],
            [
              409686.95750009455,
              327315.95260000788
            ],
            [
              409680.16520009469,
              327319.9052000083
            ],
            [
              409675.74060009699,
              327328.93270000443
            ],
            [
              409674.5278000962,
              327337.81340000406
            ],
            [
              409669.67020009831,
              327345.73110000789
            ],
            [
              409660.26400009636,
              327355.30020000599
            ],
            [
              409654.21460009459,
              327363.06920000538
            ],
            [
              409648.89720009547,
              327371.79380000383
            ],
            [
              409646.85730009712,
              327381.26760000736
            ],
            [
              409645.50130009465,
              327394.87550000288
            ],
            [
              409641.74760009442,
              327399.70750000514
            ],
            [
              409633.05610009469,
              327399.84140000679
            ],
            [
              409627.57730009686,
              327405.42630000785
            ],
            [
              409622.70060009509,
              327412.04170000367
            ],
            [
              409613.39900009427,
              327417.70880000293
            ],
            [
              409605.33130009286,
              327424.95930000581
            ],
            [
              409597.43980009574,
              327432.4361000061
            ],
            [
              409589.13360009715,
              327438.23760000616
            ],
            [
              409579.49000009708,
              327443.00840000622
            ],
            [
              409570.19890009426,
              327448.23160000704
            ],
            [
              409560.7212000927,
              327453.67250000499
            ],
            [
              409551.43530009687,
              327458.67380000837
            ],
            [
              409542.5901000984,
              327464.24060000479
            ],
            [
              409534.01180009637,
              327470.03570000455
            ],
            [
              409524.89970009681,
              327475.37420000695
            ],
            [
              409514.99430009536,
              327479.69470000826
            ],
            [
              409505.09160009492,
              327483.90430000611
            ],
            [
              409495.77720009349,
              327490.12640000321
            ],
            [
              409482.7583000958,
              327496.89470000751
            ],
            [
              409477.68280009646,
              327504.94420000352
            ],
            [
              409473.09080009628,
              327513.02440000512
            ],
            [
              409467.06840009429,
              327522.09970000386
            ],
            [
              409464.64450009633,
              327532.29060000367
            ],
            [
              409457.46600009501,
              327540.33940001205
            ],
            [
              409450.47340009455,
              327549.68350000493
            ],
            [
              409449.16080009472,
              327561.75140000694
            ],
            [
              409443.64630009513,
              327568.84590000287
            ],
            [
              409434.18020009529,
              327576.88340000436
            ],
            [
              409432.68370009679,
              327588.63950000703
            ],
            [
              409428.32220009621,
              327598.92040000483
            ],
            [
              409419.95920009539,
              327607.16360000707
            ],
            [
              409409.63130009081,
              327614.02820000611
            ],
            [
              409400.17440009676,
              327622.4679000061
            ],
            [
              409393.49370009545,
              327632.52710000612
            ],
            [
              409390.60520009603,
              327643.45250000618
            ],
            [
              409390.62270009425,
              327654.33490000479
            ],
            [
              409392.98340009339,
              327665.93840000406
            ],
            [
              409398.18530009408,
              327676.38700000569
            ],
            [
              409404.27650009654,
              327687.33820000663
            ],
            [
              409407.21880009584,
              327697.06360000372
            ],
            [
              409416.19490009453,
              327704.64000000432
            ],
            [
              409424.9571000943,
              327712.34670000523
            ],
            [
              409427.62460009381,
              327720.20820000581
            ],
            [
              409431.97720009275,
              327727.97710000537
            ],
            [
              409438.467100095,
              327733.54630000331
            ],
            [
              409443.15330009628,
              327744.58650000766
            ],
            [
              409436.21480009519,
              327743.91770000383
            ],
            [
              409414.12220009416,
              327740.92930000462
            ],
            [
              409400.43810009677,
              327739.27200000733
            ],
            [
              409395.81420009583,
              327743.01500000618
            ],
            [
              409392.48300009314,
              327745.24910000525
            ],
            [
              409387.61340009514,
              327747.52700000443
            ],
            [
              409378.12130009662,
              327742.12530000694
            ],
            [
              409366.41120009311,
              327736.93680000305
            ],
            [
              409343.46370009612,
              327725.09010000527
            ],
            [
              409328.86060009617,
              327721.26880000532
            ],
            [
              409314.27860009577,
              327721.00570000708
            ],
            [
              409297.34130009543,
              327724.48470000364
            ],
            [
              409290.97510009352,
              327726.27100000717
            ],
            [
              409284.77860009484,
              327726.52300000563
            ],
            [
              409284.60980009381,
              327727.23570000753
            ],
            [
              409273.68570009526,
              327727.47330000624
            ],
            [
              409266.55160009582,
              327726.7012000028
            ],
            [
              409260.56600009557,
              327723.99230000563
            ],
            [
              409251.57400009502,
              327720.99910000525
            ],
            [
              409242.78860009275,
              327721.86370000802
            ],
            [
              409223.66160009429,
              327721.15550000593
            ],
            [
              409206.60650009383,
              327714.81820000522
            ],
            [
              409198.17950009368,
              327711.04010000639
            ],
            [
              409188.26800009422,
              327704.8026000075
            ],
            [
              409170.17460009269,
              327691.78650000691
            ],
            [
              409165.30250009336,
              327691.57010000758
            ],
            [
              409151.36360009015,
              327692.8541000057
            ],
            [
              409135.27630009316,
              327688.39230000786
            ],
            [
              409126.98440009542,
              327684.7795000039
            ],
            [
              409124.77480009384,
              327681.35730000399
            ],
            [
              409123.96900009457,
              327677.06010000594
            ],
            [
              409121.40370009281,
              327672.53320000321
            ],
            [
              409117.4982000934,
              327667.57280000672
            ],
            [
              409111.98560009524,
              327665.25020000711
            ],
            [
              409102.50120009296,
              327664.32770000584
            ],
            [
              409098.7405000953,
              327663.90690000542
            ],
            [
              409093.5793000944,
              327661.44220000692
            ],
            [
              409081.03130009677,
              327654.46780000813
            ],
            [
              409071.06060009636,
              327655.44990000688
            ],
            [
              409067.14910009503,
              327661.65940000489
            ],
            [
              409058.51040009409,
              327668.88200000301
            ],
            [
              409052.29410009272,
              327674.45620000549
            ],
            [
              409049.84270009212,
              327680.32510000654
            ],
            [
              409040.74510009401,
              327688.86310000345
            ],
            [
              409030.14730009623,
              327692.58790000342
            ],
            [
              409014.78840009309,
              327701.5640000049
            ],
            [
              408999.21010009293,
              327712.1172000058
            ],
            [
              408986.08540009148,
              327725.82300000824
            ],
            [
              408979.56790009234,
              327730.48910000548
            ],
            [
              408974.01280009281,
              327731.93470000476
            ],
            [
              408961.85130009335,
              327732.01280000806
            ],
            [
              408936.2695000926,
              327739.25010000728
            ],
            [
              408926.12700009439,
              327744.32320000604
            ],
            [
              408916.40320009366,
              327756.12240000628
            ],
            [
              408900.63560009468,
              327768.59800000302
            ],
            [
              408881.88040009327,
              327778.6863000039
            ],
            [
              408867.95710009336,
              327790.38600000739
            ],
            [
              408859.81240009423,
              327793.68940000422
            ],
            [
              408854.07530009374,
              327797.58160000667
            ],
            [
              408855.29870009329,
              327808.99380000681
            ],
            [
              408852.04320009425,
              327816.87760000303
            ],
            [
              408850.90590009093,
              327821.66030000709
            ],
            [
              408845.05860009417,
              327837.13200000301
            ],
            [
              408838.54360009357,
              327847.36490000598
            ],
            [
              408837.90740009304,
              327865.3296000082
            ],
            [
              408837.2649000911,
              327872.39670000784
            ],
            [
              408832.53770009056,
              327882.29800000787
            ],
            [
              408816.44820009544,
              327898.09960000403
            ],
            [
              408811.50590009335,
              327900.85000000522
            ],
            [
              408806.8423000928,
              327904.13900000602
            ],
            [
              408797.62670009304,
              327910.42750000581
            ],
            [
              408782.75030009449,
              327913.24380000681
            ],
            [
              408770.9142000936,
              327917.76450000331
            ],
            [
              408761.34040009324,
              327919.7954000067
            ],
            [
              408744.41710009333,
              327924.56860000454
            ],
            [
              408741.54260009248,
              327931.28450000659
            ],
            [
              408734.45290009025,
              327934.34370000474
            ],
            [
              408730.60390009545,
              327934.37310000695
            ],
            [
              408729.5458000917,
              327931.9083000049
            ],
            [
              408727.46570009459,
              327930.85600000434
            ],
            [
              408724.96800009161,
              327929.13830000348
            ],
            [
              408723.61460009124,
              327921.5044000037
            ],
            [
              408719.06160009373,
              327918.4288000036
            ],
            [
              408715.35400009435,
              327915.3236000035
            ],
            [
              408712.44260009378,
              327909.08570000529
            ],
            [
              408710.38210009411,
              327901.2955000028
            ],
            [
              408704.90280009806,
              327896.83300000615
            ],
            [
              408702.83540009428,
              327885.85280000605
            ],
            [
              408698.03630009387,
              327874.99480000325
            ],
            [
              408692.13620009366,
              327867.61390000395
            ],
            [
              408687.19720009342,
              327864.70820000768
            ],
            [
              408672.80900009163,
              327865.89830000512
            ],
            [
              408662.94880009163,
              327869.49110000394
            ],
            [
              408655.54420009349,
              327872.54730000719
            ],
            [
              408650.05260009319,
              327878.14680000581
            ],
            [
              408643.0504000932,
              327884.47520000674
            ],
            [
              408631.55720009282,
              327889.52360000461
            ],
            [
              408623.76300009154,
              327890.16180000827
            ],
            [
              408616.89990009088,
              327888.31070000492
            ],
            [
              408603.89240009431,
              327883.93810000643
            ],
            [
              408586.49630009383,
              327877.04910000414
            ],
            [
              408577.9869000921,
              327875.09730000794
            ],
            [
              408568.72540009208,
              327877.39500000328
            ],
            [
              408560.00350009277,
              327877.43980000354
            ],
            [
              408552.88420009334,
              327874.67960000411
            ],
            [
              408546.16030009277,
              327870.82680000365
            ],
            [
              408539.52780009061,
              327862.2582000047
            ],
            [
              408538.87980009243,
              327861.65680000558
            ],
            [
              408530.45660009328,
              327852.86970000528
            ],
            [
              408519.81020009331,
              327843.17460000329
            ],
            [
              408511.8432000922,
              327836.03620000556
            ],
            [
              408501.31270009093,
              327827.8886000067
            ],
            [
              408495.68990009464,
              327824.95610000566
            ],
            [
              408488.98570009135,
              327817.8421000056
            ],
            [
              408484.01100009214,
              327818.55210000649
            ],
            [
              408479.24310009181,
              327820.88070000522
            ],
            [
              408474.60450009163,
              327820.44300000742
            ],
            [
              408470.9141000919,
              327819.05860000663
            ],
            [
              408468.66270009242,
              327817.31770000793
            ],
            [
              408465.73550009076,
              327815.04150000773
            ],
            [
              408459.98660009354,
              327809.45520000532
            ],
            [
              408454.38330009207,
              327800.46400000341
            ],
            [
              408451.37530009449,
              327797.63900000602
            ],
            [
              408442.18360009138,
              327789.71240000799
            ],
            [
              408437.84020009264,
              327785.78320000693
            ],
            [
              408435.88050009124,
              327780.264600005
            ],
            [
              408434.84040009324,
              327773.80600000359
            ],
            [
              408428.30300009251,
              327765.79070000537
            ],
            [
              408423.50330009218,
              327763.08330000751
            ],
            [
              408418.48740009218,
              327763.16450000554
            ],
            [
              408412.60780009255,
              327763.95750000514
            ],
            [
              408407.02900009137,
              327762.24140000716
            ],
            [
              408403.55740009341,
              327759.36020000465
            ],
            [
              408399.93460009247,
              327759.69140000641
            ],
            [
              408394.08030009083,
              327758.0912000034
            ],
            [
              408386.95320009068,
              327756.84180000611
            ],
            [
              408383.14020009339,
              327755.58020000532
            ],
            [
              408372.29430009238,
              327751.16710000485
            ],
            [
              408358.2071000915,
              327743.81170000695
            ],
            [
              408349.47300009243,
              327734.64540000632
            ],
            [
              408342.37630009186,
              327718.61980000325
            ],
            [
              408335.59130009264,
              327707.66420000605
            ],
            [
              408325.80620009359,
              327700.8634000048
            ],
            [
              408320.31600009184,
              327692.87440000661
            ],
            [
              408312.61140008923,
              327688.64330000617
            ],
            [
              408301.85880008992,
              327673.99120000564
            ],
            [
              408301.26020009164,
              327668.55480000563
            ],
            [
              408294.43600009009,
              327664.09500000626
            ],
            [
              408280.87880009227,
              327656.7038000077
            ],
            [
              408268.54110009223,
              327653.35580000468
            ],
            [
              408252.66850009281,
              327653.25060000643
            ],
            [
              408232.18270009197,
              327654.28670000657
            ],
            [
              408221.87490009237,
              327654.61890000477
            ],
            [
              408215.24820009153,
              327655.41320000775
            ],
            [
              408203.71250009071,
              327656.00260000676
            ],
            [
              408184.65880009159,
              327658.33030000702
            ],
            [
              408156.43300009146,
              327665.36410000734
            ],
            [
              408135.8200000925,
              327672.59980000369
            ],
            [
              408129.29960008711,
              327673.55260000378
            ],
            [
              408122.03860008996,
              327678.65520000458
            ],
            [
              408115.56250008848,
              327689.13000000641
            ],
            [
              408107.59700009227,
              327700.12250000611
            ],
            [
              408096.90820008796,
              327716.21840000339
            ],
            [
              408083.65720009059,
              327720.27320000343
            ],
            [
              408064.93930009007,
              327722.91820000485
            ],
            [
              408047.06240008865,
              327723.09780000709
            ],
            [
              408035.78450009227,
              327725.46930000558
            ],
            [
              408023.37170009315,
              327732.79370000772
            ],
            [
              408002.66920008883,
              327743.22940000705
            ],
            [
              407997.77040009107,
              327744.81850000657
            ],
            [
              407992.57060009148,
              327747.41690000333
            ],
            [
              407975.38120009005,
              327756.64070000499
            ],
            [
              407951.65430008806,
              327771.34510000795
            ],
            [
              407939.30050009117,
              327776.01790000312
            ],
            [
              407931.44820009172,
              327777.64800000377
            ],
            [
              407925.03260008991,
              327777.18160000816
            ],
            [
              407918.20410009101,
              327775.70120000467
            ],
            [
              407913.26260009035,
              327772.16400000826
            ],
            [
              407898.66690009087,
              327764.50630000606
            ],
            [
              407895.10340009071,
              327762.93040000461
            ],
            [
              407892.12590009067,
              327762.90890000574
            ],
            [
              407888.27120009437,
              327762.31930000521
            ],
            [
              407880.80570008978,
              327763.36490000598
            ],
            [
              407877.46610009205,
              327764.32039999962
            ],
            [
              407871.68570008967,
              327765.92770000361
            ],
            [
              407866.29180008918,
              327768.03950000741
            ],
            [
              407855.85480009113,
              327774.26060000807
            ],
            [
              407842.80840009078,
              327782.66870000586
            ],
            [
              407842.07610009145,
              327783.40560000576
            ],
            [
              407833.69830009155,
              327789.97460000403
            ],
            [
              407828.863100091,
              327799.66610000469
            ],
            [
              407827.81610009167,
              327811.35580000468
            ],
            [
              407824.7779000923,
              327826.44950000383
            ],
            [
              407816.77180009242,
              327845.2972000055
            ],
            [
              407808.75520009175,
              327855.92400000803
            ],
            [
              407808.47010008898,
              327865.51590000466
            ],
            [
              407808.62610009219,
              327881.35240000486
            ],
            [
              407810.22250009328,
              327894.95520000346
            ],
            [
              407813.2799000917,
              327913.74750000797
            ],
            [
              407813.82220008969,
              327919.78670000285
            ],
            [
              407820.01670008805,
              327931.95240000822
            ],
            [
              407825.37650009152,
              327938.58140000515
            ],
            [
              407827.95230008848,
              327946.04580000602
            ],
            [
              407829.3173000915,
              327953.50560000353
            ],
            [
              407823.04910009168,
              327978.26110000536
            ],
            [
              407820.74490009155,
              327983.6462000031
            ],
            [
              407818.25020008907,
              327990.96620000526
            ],
            [
              407811.76230009086,
              328007.37870000303
            ],
            [
              407805.60810008831,
              328017.74410000443
            ],
            [
              407795.32510008942,
              328033.96700000577
            ],
            [
              407790.42750009242,
              328043.08000000566
            ],
            [
              407778.86410008837,
              328059.8290000055
            ],
            [
              407770.48650008999,
              328071.51700000837
            ],
            [
              407763.94950008858,
              328075.8225000035
            ],
            [
              407756.58450009208,
              328076.48220000602
            ],
            [
              407751.08140009083,
              328073.6720000077
            ],
            [
              407745.80470009055,
              328069.12680000812
            ],
            [
              407740.33140008897,
              328067.1770000048
            ],
            [
              407733.03040008806,
              328068.08820000291
            ],
            [
              407722.21480009053,
              328068.55950000696
            ],
            [
              407712.12970009074,
              328070.3466000054
            ],
            [
              407703.1633000914,
              328072.48800000362
            ],
            [
              407695.68580008857,
              328073.74420000799
            ],
            [
              407689.57690009009,
              328071.32390000485
            ],
            [
              407685.97860008851,
              328070.46300000511
            ],
            [
              407682.10870008916,
              328071.80980000645
            ],
            [
              407674.91240009014,
              328074.04680000618
            ],
            [
              407668.87020008825,
              328079.66760000773
            ],
            [
              407650.95340008941,
              328091.90950000286
            ],
            [
              407646.26260009129,
              328094.94790000655
            ],
            [
              407639.23280009162,
              328097.64220000617
            ],
            [
              407626.70720008947,
              328096.56060000695
            ],
            [
              407622.04380008951,
              328096.95990000479
            ],
            [
              407614.7718000887,
              328097.51270000637
            ],
            [
              407603.06790009141,
              328100.87660000473
            ],
            [
              407598.49350009114,
              328106.19640000537
            ],
            [
              407587.57630009111,
              328122.22120000422
            ],
            [
              407581.19110009074,
              328140.97570000589
            ],
            [
              407568.64450008981,
              328155.74350000545
            ],
            [
              407554.36140008923,
              328158.79960000515
            ],
            [
              407544.70330009051,
              328160.25060000643
            ],
            [
              407528.9441000903,
              328160.03360000439
            ],
            [
              407515.09470008966,
              328162.10410000756
            ],
            [
              407508.15810008999,
              328162.93090000562
            ],
            [
              407503.64460008871,
              328167.3215000052
            ],
            [
              407499.17390008643,
              328179.33430000767
            ],
            [
              407497.90720008872,
              328189.32480000518
            ],
            [
              407493.79740008805,
              328208.39680000581
            ],
            [
              407486.85920008831,
              328225.74270000681
            ],
            [
              407476.88680009171,
              328237.13580000587
            ],
            [
              407474.88720009197,
              328239.04390000366
            ],
            [
              407463.6365000885,
              328249.45810000412
            ],
            [
              407457.56180009246,
              328252.87910000607
            ],
            [
              407453.39600008912,
              328254.44610000402
            ],
            [
              407446.65850008838,
              328259.52330000326
            ],
            [
              407436.14010009076,
              328266.7461000029
            ],
            [
              407427.39850009326,
              328274.25270000286
            ],
            [
              407424.73070009239,
              328275.91980000772
            ],
            [
              407415.97780009266,
              328282.50220000558
            ],
            [
              407395.93850008678,
              328296.88080000319
            ],
            [
              407377.9777000891,
              328318.57810000516
            ],
            [
              407363.72100008931,
              328338.5294000078
            ],
            [
              407360.42230008915,
              328343.96230000816
            ],
            [
              407358.90430009086,
              328347.29550000653
            ],
            [
              407358.10960009135,
              328349.56510000676
            ],
            [
              407357.84850008786,
              328349.87650000304
            ],
            [
              407353.39590008836,
              328358.27890000306
            ],
            [
              407348.53760009073,
              328366.6637000069
            ],
            [
              407347.22530008946,
              328370.1049000062
            ],
            [
              407344.59800008964,
              328375.77160000615
            ],
            [
              407343.14330008812,
              328383.6688000001
            ],
            [
              407336.01070008799,
              328399.96270000748
            ],
            [
              407325.47190008871,
              328414.79590000398
            ],
            [
              407309.98420008924,
              328421.84080000594
            ],
            [
              407297.47200009041,
              328424.75510000624
            ],
            [
              407280.78390009142,
              328428.51610000618
            ],
            [
              407272.26200008858,
              328433.47910000384
            ],
            [
              407262.93920009024,
              328434.59380000643
            ],
            [
              407257.35860009026,
              328435.42300000787
            ],
            [
              407245.65040009096,
              328436.89560000598
            ],
            [
              407239.42850008886,
              328437.30610000342
            ],
            [
              407230.31530008651,
              328439.22620000318
            ],
            [
              407221.52040008921,
              328442.33880000375
            ],
            [
              407213.2374000866,
              328449.47560000606
            ],
            [
              407211.99790008925,
              328460.58940000646
            ],
            [
              407210.0300000906,
              328478.7115000058
            ],
            [
              407203.69680008944,
              328493.29800000787
            ],
            [
              407202.41280009039,
              328510.94250000827
            ],
            [
              407200.27700008918,
              328518.13830000348
            ],
            [
              407196.73200009111,
              328523.91150000505
            ],
            [
              407191.03390009049,
              328529.94150000811
            ],
            [
              407185.22230008431,
              328526.39460000396
            ],
            [
              407178.01370008849,
              328526.02260000631
            ],
            [
              407169.45670008752,
              328527.18150000647
            ],
            [
              407158.70320009068,
              328530.835200008
            ],
            [
              407151.52900009044,
              328532.94900000468
            ],
            [
              407143.18400008883,
              328537.34300000407
            ],
            [
              407134.23740008939,
              328541.55920000561
            ],
            [
              407126.31290008873,
              328548.77600000799
            ],
            [
              407117.97520008869,
              328554.98440000601
            ],
            [
              407110.72410009056,
              328559.13180000335
            ],
            [
              407106.39870008919,
              328558.65000000596
            ],
            [
              407100.29070008732,
              328555.87640000321
            ],
            [
              407097.96990008838,
              328553.22310000472
            ],
            [
              407095.46440008841,
              328552.09910000302
            ],
            [
              407088.45870009065,
              328548.59160000645
            ],
            [
              407072.63810008578,
              328543.76780000702
            ],
            [
              407050.32320008799,
              328542.56290000305
            ],
            [
              407037.51470008865,
              328544.6432000082
            ],
            [
              407023.84070008993,
              328546.72270000353
            ],
            [
              407017.48280008975,
              328548.15410000458
            ],
            [
              407006.09220008831,
              328555.31520000473
            ],
            [
              406997.19420008641,
              328564.91790000536
            ],
            [
              406992.30380009022,
              328570.09090000391
            ],
            [
              406990.5085000908,
              328574.73770000599
            ],
            [
              406986.16530008707,
              328579.2999000065
            ],
            [
              406983.11170008685,
              328581.12120000646
            ],
            [
              406980.3325000871,
              328583.34740000404
            ],
            [
              406976.73690008838,
              328585.27920000628
            ],
            [
              406974.03340008762,
              328589.37580000609
            ],
            [
              406966.53950008936,
              328589.90830000676
            ],
            [
              406960.45680008922,
              328588.83770000376
            ],
            [
              406955.74710008781,
              328587.75760000385
            ],
            [
              406944.14240008686,
              328579.67300000787
            ],
            [
              406941.10580008663,
              328576.30510000326
            ],
            [
              406935.93630008772,
              328570.97290000692
            ],
            [
              406928.53950008657,
              328558.44850000553
            ],
            [
              406922.51460008882,
              328549.88600000367
            ],
            [
              406915.79410008527,
              328541.45630000718
            ],
            [
              406908.66920008603,
              328530.50710000284
            ],
            [
              406898.7137000896,
              328513.50650000386
            ],
            [
              406890.6112000877,
              328500.42190000415
            ],
            [
              406886.00930008665,
              328494.68120000511
            ],
            [
              406880.38400008716,
              328490.84940000623
            ],
            [
              406878.31820008624,
              328487.8691000063
            ],
            [
              406870.75830008928,
              328483.50440000743
            ],
            [
              406860.0477000894,
              328481.51450000517
            ],
            [
              406851.66300008819,
              328479.91190000437
            ],
            [
              406841.86750008818,
              328485.00900000334
            ],
            [
              406834.04510008544,
              328492.5593000073
            ],
            [
              406819.97550008632,
              328501.7177000083
            ],
            [
              406809.27540008724,
              328509.29180000536
            ],
            [
              406806.30170008726,
              328512.48110000417
            ],
            [
              406799.5583000863,
              328519.20640000515
            ],
            [
              406793.51630008873,
              328528.60940000601
            ],
            [
              406790.5555000864,
              328537.07330000401
            ],
            [
              406787.46470009256,
              328546.28890000284
            ],
            [
              406783.18270009011,
              328554.46360000595
            ],
            [
              406779.47220008727,
              328558.19320000522
            ],
            [
              406769.66310008708,
              328565.62520000339
            ],
            [
              406763.2027000878,
              328568.78729999997
            ],
            [
              406747.7381000882,
              328581.41210000403
            ],
            [
              406735.23880008701,
              328593.78290000744
            ],
            [
              406722.65640009008,
              328606.75470000505
            ],
            [
              406714.81740008388,
              328611.02830000781
            ],
            [
              406699.005800087,
              328624.98540000618
            ],
            [
              406685.20380009059,
              328632.27310000546
            ],
            [
              406675.60880008619,
              328636.62100000307
            ],
            [
              406658.85900008678,
              328643.09310000576
            ],
            [
              406639.41220008675,
              328653.35590000823
            ],
            [
              406622.04970008694,
              328669.48920000717
            ],
            [
              406611.91810008604,
              328680.68379999883
            ],
            [
              406596.08540008683,
              328696.08060000651
            ],
            [
              406588.79800008889,
              328704.17250000499
            ],
            [
              406581.67650008667,
              328711.12880000286
            ],
            [
              406572.10900008772,
              328722.12240000814
            ],
            [
              406561.2820000872,
              328735.87180000544
            ],
            [
              406553.91830008756,
              328747.37270000577
            ],
            [
              406551.22910008952,
              328749.50700000674
            ],
            [
              406545.37200008798,
              328755.72840000317
            ],
            [
              406538.38150008954,
              328764.69850000553
            ],
            [
              406534.51470008679,
              328770.80670000799
            ],
            [
              406528.12000008672,
              328779.91620000452
            ],
            [
              406520.61690008733,
              328788.54690000415
            ],
            [
              406515.3045000881,
              328796.87490000576
            ],
            [
              406513.63230008632,
              328798.45580000617
            ],
            [
              406509.37950008642,
              328805.04930000752
            ],
            [
              406497.6908000866,
              328813.09980000556
            ],
            [
              406489.98600008618,
              328818.29190000519
            ],
            [
              406466.85970008839,
              328822.06330000609
            ],
            [
              406459.39960008767,
              328827.14260000549
            ],
            [
              406452.30870008655,
              328831.36690000445
            ],
            [
              406445.03380008508,
              328836.12930000387
            ],
            [
              406437.27230008412,
              328843.30410000309
            ],
            [
              406428.27090008743,
              328848.64050000347
            ],
            [
              406419.42530008778,
              328853.68680000491
            ],
            [
              406412.7840000866,
              328855.48080000468
            ],
            [
              406400.51800008677,
              328860.32960000634
            ],
            [
              406386.81260008737,
              328866.27340000495
            ],
            [
              406375.86550008785,
              328876.32260000519
            ],
            [
              406366.56250008848,
              328886.30320000835
            ],
            [
              406357.98590008728,
              328894.1770000048
            ],
            [
              406348.55280008726,
              328904.84580000304
            ],
            [
              406335.96280008741,
              328915.62900000624
            ],
            [
              406325.36800008547,
              328922.18570000678
            ],
            [
              406315.6804000875,
              328926.8111000061
            ],
            [
              406304.98910008743,
              328932.38680000789
            ],
            [
              406291.47260008659,
              328934.91410000436
            ],
            [
              406286.82090008631,
              328937.42510000803
            ],
            [
              406284.85960008949,
              328938.68280000612
            ],
            [
              406274.33790008724,
              328941.06390000507
            ],
            [
              406266.57230008394,
              328941.86200000718
            ],
            [
              406243.4770000875,
              328948.17270000651
            ],
            [
              406226.32050008792,
              328952.85000000708
            ],
            [
              406215.17280008644,
              328957.11610000394
            ],
            [
              406205.3397000879,
              328962.50180000812
            ],
            [
              406198.71250008885,
              328966.87420000508
            ],
            [
              406182.29010008369,
              328980.46860000677
            ],
            [
              406176.82480008341,
              328983.24630000442
            ],
            [
              406159.92940008733,
              328998.68920000456
            ],
            [
              406154.00110008568,
              329002.07470000535
            ],
            [
              406150.67210008763,
              329006.90180000663
            ],
            [
              406136.03750008345,
              329017.21820000373
            ],
            [
              406114.5172000844,
              329025.2544000037
            ],
            [
              406099.99470008444,
              329031.19240000285
            ],
            [
              406081.43270008452,
              329035.41330000572
            ],
            [
              406071.71460008621,
              329040.34300000407
            ],
            [
              406058.0619000867,
              329050.47809999809
            ],
            [
              406057.84460008889,
              329054.47310000472
            ],
            [
              406050.23970008828,
              329061.85300000757
            ],
            [
              406046.39230008796,
              329068.96380000748
            ],
            [
              406036.46460008528,
              329076.2908000052
            ],
            [
              406036.95540008601,
              329081.0574000068
            ],
            [
              406037.08170008659,
              329085.68720000423
            ],
            [
              406036.46850008797,
              329093.42180000618
            ],
            [
              406036.61760008708,
              329102.51410000585
            ],
            [
              406037.26620008517,
              329113.74390000291
            ],
            [
              406038.66040008422,
              329123.65730000287
            ],
            [
              406039.69180008676,
              329133.56240000576
            ],
            [
              406041.10450008605,
              329143.14430000633
            ],
            [
              406043.59040008765,
              329153.41710000485
            ],
            [
              406045.89990008622,
              329163.46380000375
            ],
            [
              406045.72960008588,
              329174.78570000455
            ],
            [
              406046.11380008515,
              329185.67630000599
            ],
            [
              406045.58830008842,
              329196.65690000542
            ],
            [
              406045.16630008351,
              329207.08480000682
            ],
            [
              406044.36620008573,
              329218.17010001093
            ],
            [
              406041.58820008952,
              329229.05440000631
            ],
            [
              406035.90420008544,
              329242.31290000491
            ],
            [
              406047.16120008659,
              329250.70740000717
            ],
            [
              406054.65260008909,
              329257.66120000556
            ],
            [
              406064.23480008636,
              329267.33640000597
            ],
            [
              406076.19550008513,
              329275.50990000553
            ],
            [
              406084.26340008341,
              329284.07790000737
            ],
            [
              406081.88650008757,
              329287.27710000612
            ],
            [
              406077.57830008864,
              329291.35020000301
            ],
            [
              406075.85090008378,
              329295.61070000753
            ],
            [
              406081.35540008452,
              329295.24020000547
            ],
            [
              406086.09670008346,
              329296.55750000477
            ],
            [
              406090.80520008877,
              329300.04110000469
            ],
            [
              406093.54170008842,
              329309.26010000706
            ],
            [
              406097.4520000834,
              329323.24110000767
            ],
            [
              406100.46690008696,
              329333.15200000815
            ],
            [
              406100.57630008552,
              329343.94390000775
            ],
            [
              406090.20800008625,
              329351.28530000523
            ],
            [
              406081.1310000876,
              329359.48110000417
            ],
            [
              406071.55440008454,
              329366.43840000778
            ],
            [
              406068.21690008882,
              329377.35420000367
            ],
            [
              406072.30800008494,
              329391.81180000305
            ],
            [
              406069.63110008463,
              329401.63240000792
            ],
            [
              406067.2161000846,
              329411.90330000594
            ],
            [
              406063.26160008926,
              329422.02760000527
            ],
            [
              406061.12570008449,
              329433.06600000523
            ],
            [
              406061.70400008466,
              329443.40589999966
            ],
            [
              406064.706500086,
              329453.81780000776
            ],
            [
              406069.20060008671,
              329463.58170000277
            ],
            [
              406075.4360000845,
              329472.60860000737
            ],
            [
              406080.14480008557,
              329480.93400000408
            ],
            [
              406085.36180008296,
              329490.54170000553
            ],
            [
              406097.77950008586,
              329497.5948000066
            ],
            [
              406113.96240008436,
              329490.2152000051
            ],
            [
              406127.40030008648,
              329489.05470000766
            ],
            [
              406140.5731000863,
              329493.11870000698
            ],
            [
              406147.60080008395,
              329501.74100000411
            ],
            [
              406158.984500085,
              329514.11230000667
            ],
            [
              406165.99290008657,
              329524.5493000038
            ],
            [
              406171.01470008679,
              329533.17640000582
            ],
            [
              406176.87030008342,
              329543.36770000495
            ],
            [
              406179.97360008489,
              329547.10250000656
            ],
            [
              406183.79060008842,
              329552.68560000695
            ],
            [
              406186.95810008701,
              329555.8487000037
            ],
            [
              406191.70160008594,
              329563.03420000337
            ],
            [
              406192.19320008624,
              329567.57240000367
            ],
            [
              406197.63070008531,
              329570.08920000307
            ],
            [
              406202.66780008841,
              329573.32640000433
            ],
            [
              406207.31140008848,
              329577.46190000698
            ],
            [
              406209.34130008705,
              329585.03120000474
            ],
            [
              406211.08100008778,
              329586.77450000495
            ],
            [
              406218.46130008716,
              329595.83590000682
            ],
            [
              406226.9194000829,
              329605.66589999944
            ],
            [
              406230.84030008875,
              329611.60400000587
            ],
            [
              406233.20160008688,
              329615.22590000741
            ],
            [
              406233.56990008615,
              329619.85990000702
            ],
            [
              406233.69640008453,
              329629.48140000366
            ],
            [
              406234.67810008675,
              329636.05750000663
            ],
            [
              406235.88570008334,
              329644.04990000837
            ],
            [
              406235.05920008756,
              329655.09860000759
            ],
            [
              406236.75000008475,
              329661.42480000295
            ],
            [
              406238.85180008598,
              329669.19030000828
            ],
            [
              406237.17060008645,
              329674.22810000554
            ],
            [
              406237.4435000876,
              329679.66970000789
            ],
            [
              406235.45210009068,
              329690.26910000481
            ],
            [
              406233.74260008428,
              329697.56260000542
            ],
            [
              406228.62890008464,
              329706.78990000486
            ],
            [
              406221.44500008691,
              329716.51010000333
            ],
            [
              406217.8922000872,
              329723.89750000834
            ],
            [
              406216.68820008542,
              329733.57400000654
            ],
            [
              406215.62340008561,
              329741.11410000362
            ],
            [
              406211.93780008331,
              329749.10930000804
            ],
            [
              406209.43690008484,
              329756.15340000391
            ],
            [
              406206.37480008882,
              329764.45350000821
            ],
            [
              406204.89960008767,
              329773.44480000809
            ],
            [
              406203.9855000861,
              329780.60050000623
            ],
            [
              406203.99540008698,
              329789.43060000427
            ],
            [
              406204.55890008714,
              329798.42450000532
            ],
            [
              406206.80680008698,
              329807.98980000615
            ],
            [
              406209.91690008622,
              329818.72120000422
            ],
            [
              406211.32750008348,
              329825.8057000041
            ],
            [
              406211.61840008851,
              329833.97170000523
            ],
            [
              406214.10840008687,
              329837.90650000609
            ],
            [
              406216.20500008389,
              329843.18160000443
            ],
            [
              406218.69490008708,
              329848.06420000456
            ],
            [
              406218.84740008786,
              329853.17200000584
            ],
            [
              406216.02440008521,
              329857.42730000429
            ],
            [
              406214.61850008741,
              329862.72120000422
            ],
            [
              406214.28840008844,
              329868.02690000832
            ],
            [
              406214.88480008952,
              329874.22460000589
            ],
            [
              406219.16540008411,
              329879.63570000604
            ],
            [
              406223.53990008496,
              329881.27410000563
            ],
            [
              406229.80720008444,
              329882.7457000073
            ],
            [
              406235.25920008589,
              329885.25030000694
            ],
            [
              406244.39560008701,
              329890.45790000819
            ],
            [
              406253.61750008538,
              329895.889600005
            ],
            [
              406262.39110008627,
              329901.08890000358
            ],
            [
              406271.7242000876,
              329905.6349000074
            ],
            [
              406280.49510008749,
              329910.94520000555
            ],
            [
              406289.82570008561,
              329915.6022000052
            ],
            [
              406299.32380008791,
              329916.93190000579
            ],
            [
              406308.84660008363,
              329913.26550000533
            ],
            [
              406318.21870009042,
              329908.26310000569
            ],
            [
              406327.70810008515,
              329906.03950000368
            ],
            [
              406337.09760008566,
              329908.14400000498
            ],
            [
              406345.24130008556,
              329913.10670000315
            ],
            [
              406350.18380008545,
              329915.21960000694
            ],
            [
              406358.46790008713,
              329921.96220000833
            ],
            [
              406365.83990008663,
              329930.49180000462
            ],
            [
              406368.8083000863,
              329935.77760000341
            ],
            [
              406373.63250008505,
              329944.05690000765
            ],
            [
              406376.80700008851,
              329950.20560000837
            ],
            [
              406379.82330008782,
              329955.95150000788
            ],
            [
              406383.8082000874,
              329963.12230000645
            ],
            [
              406389.83550008759,
              329971.0893000029
            ],
            [
              406395.86120008584,
              329977.84450000338
            ],
            [
              406401.1169000864,
              329984.13780000433
            ],
            [
              406409.09880008642,
              329990.19410000369
            ],
            [
              406416.23480008729,
              329995.40900000557
            ],
            [
              406423.18510008696,
              330000.96870000288
            ],
            [
              406430.37830008566,
              330005.87340000831
            ],
            [
              406438.04440008476,
              330011.63650000468
            ],
            [
              406445.32240008656,
              330016.94190000556
            ],
            [
              406451.82050008606,
              330022.4220000077
            ],
            [
              406458.99900009017,
              330026.5948000066
            ],
            [
              406468.06710008718,
              330032.05730000697
            ],
            [
              406478.86090008449,
              330037.68250000477
            ],
            [
              406481.48360008653,
              330043.0111000035
            ],
            [
              406483.45350008644,
              330049.60100000538
            ],
            [
              406485.697100088,
              330055.59450000338
            ],
            [
              406489.85300008859,
              330071.68210000359
            ],
            [
              406493.40920008719,
              330075.13760000467
            ],
            [
              406497.85490008816,
              330079.27490000799
            ],
            [
              406504.15970008541,
              330084.41440000571
            ],
            [
              406511.04450008739,
              330087.36970000714
            ],
            [
              406521.88240008615,
              330088.94180000573
            ],
            [
              406533.48370008823,
              330088.34970000386
            ],
            [
              406542.37830008939,
              330084.8805000037
            ],
            [
              406552.95150008705,
              330079.73350000381
            ],
            [
              406564.72370008659,
              330077.34130000509
            ],
            [
              406576.43780008797,
              330075.48650000244
            ],
            [
              406583.28780008852,
              330072.60270000435
            ],
            [
              406591.5331000872,
              330067.53240000643
            ],
            [
              406599.11380008794,
              330062.60400000773
            ],
            [
              406605.65660008788,
              330061.08760000579
            ],
            [
              406614.8155000871,
              330059.88660000451
            ],
            [
              406625.54390008654,
              330060.66710000485
            ],
            [
              406634.08850008901,
              330059.35220000334
            ],
            [
              406639.21270008851,
              330057.82340000384
            ],
            [
              406645.32910008729,
              330054.83260000683
            ],
            [
              406650.26440008637,
              330049.26050000824
            ],
            [
              406663.90850008745,
              330044.20360000432
            ],
            [
              406676.37810008693,
              330040.68620000593
            ],
            [
              406690.09580008779,
              330034.19980000518
            ],
            [
              406697.70890008751,
              330030.11620000564
            ],
            [
              406717.95830008667,
              330017.87800000608
            ],
            [
              406726.48720008694,
              330012.21180000342
            ],
            [
              406732.65670008864,
              330005.60690000653
            ],
            [
              406737.15440008789,
              330001.24360000715
            ],
            [
              406740.07460008934,
              329997.98860000633
            ],
            [
              406748.52560008783,
              329992.06920000724
            ],
            [
              406764.66850008629,
              329980.045300005
            ],
            [
              406774.53200008627,
              329972.94040000439
            ],
            [
              406779.27810008638,
              329965.55260000564
            ],
            [
              406790.41250008717,
              329957.81630000472
            ],
            [
              406799.44660008792,
              329957.79700000584
            ],
            [
              406814.27220008802,
              329953.84030000493
            ],
            [
              406830.06000008434,
              329949.72900000587
            ],
            [
              406852.90910008643,
              329947.48460000381
            ],
            [
              406869.16190008633,
              329943.65410000831
            ],
            [
              406881.97700009029,
              329938.82270000689
            ],
            [
              406884.15480008721,
              329937.7376000043
            ],
            [
              406893.58650008682,
              329930.20320000499
            ],
            [
              406902.82550009061,
              329923.11770000309
            ],
            [
              406908.84150008764,
              329919.21100000292
            ],
            [
              406920.09590008855,
              329918.86170000397
            ],
            [
              406929.95350008551,
              329917.41980000585
            ],
            [
              406936.14870008919,
              329918.22300000302
            ],
            [
              406944.81920008641,
              329919.27550000511
            ],
            [
              406961.68890008703,
              329923.32040000334
            ],
            [
              406977.52780008782,
              329924.22730000503
            ],
            [
              406991.84060008638,
              329924.02840000391
            ],
            [
              407006.80800008681,
              329919.27090000734
            ],
            [
              407017.55540008657,
              329915.76780000515
            ],
            [
              407031.05570008606,
              329914.54140000418
            ],
            [
              407040.24260008987,
              329914.87450000085
            ],
            [
              407047.01770009007,
              329913.31610000692
            ],
            [
              407054.83130008727,
              329912.1247000061
            ],
            [
              407062.29510009009,
              329911.83070000634
            ],
            [
              407064.18410009053,
              329911.39050000533
            ],
            [
              407067.99150008708,
              329912.31370000727
            ],
            [
              407074.35620008875,
              329912.87340000644
            ],
            [
              407080.17690008972,
              329910.51720000617
            ],
            [
              407085.58300008625,
              329911.33740000427
            ],
            [
              407091.26680008788,
              329909.62640000694
            ],
            [
              407097.20060008951,
              329907.30680000782
            ],
            [
              407105.61030008644,
              329906.13360000588
            ],
            [
              407117.25520008896,
              329903.55560000427
            ],
            [
              407124.73210009001,
              329900.29460000433
            ],
            [
              407129.55370008666,
              329900.34130000323
            ],
            [
              407143.66330008954,
              329906.64440000616
            ],
            [
              407158.75340008922,
              329907.01210000552
            ],
            [
              407163.17920008674,
              329904.76940000616
            ],
            [
              407173.94100008905,
              329904.83210000396
            ],
            [
              407186.2352000894,
              329902.80040000752
            ],
            [
              407195.71010008734,
              329900.63760000467
            ],
            [
              407198.93260008935,
              329898.78570000641
            ],
            [
              407207.02480008826,
              329895.24120000377
            ],
            [
              407211.44480008818,
              329894.56190000661
            ],
            [
              407217.87490008958,
              329893.14740000293
            ],
            [
              407221.45460008644,
              329893.60280000605
            ],
            [
              407231.71310008876,
              329887.69850000739
            ],
            [
              407243.4694000883,
              329876.98870000802
            ],
            [
              407252.31520008948,
              329870.63750000484
            ],
            [
              407260.1258000927,
              329865.86740000546
            ],
            [
              407264.76740008965,
              329860.6583000049
            ],
            [
              407269.78320008609,
              329859.21790000424
            ],
            [
              407276.3491000887,
              329859.30240000784
            ],
            [
              407281.04820008948,
              329861.94130000658
            ],
            [
              407285.73980008531,
              329863.99890000746
            ],
            [
              407289.93000008911,
              329866.88500000536
            ],
            [
              407299.61380009074,
              329870.5539000053
            ],
            [
              407301.08350008912,
              329871.09560000338
            ],
            [
              407312.79480008967,
              329874.98560000397
            ],
            [
              407319.77840008866,
              329882.60690000467
            ],
            [
              407326.17690008879,
              329889.26410000585
            ],
            [
              407342.38300009072,
              329899.28720000759
            ],
            [
              407354.17720009014,
              329906.12700000592
            ],
            [
              407365.73190009128,
              329909.32000000402
            ],
            [
              407371.45210008882,
              329913.99950000457
            ],
            [
              407380.58390008938,
              329920.00160000473
            ],
            [
              407389.10690008756,
              329924.67040000483
            ],
            [
              407400.07510008942,
              329927.7520999983
            ],
            [
              407417.28940009046,
              329925.83390000649
            ],
            [
              407431.90130008664,
              329925.92990000546
            ],
            [
              407446.41470009182,
              329925.73580000363
            ],
            [
              407454.25510008913,
              329921.98170000501
            ],
            [
              407466.51360008959,
              329917.50490000844
            ],
            [
              407479.34920008946,
              329905.58270000294
            ],
            [
              407486.98270008899,
              329896.57370000705
            ],
            [
              407490.23630009033,
              329890.76720000617
            ],
            [
              407493.07660008967,
              329879.8319000043
            ],
            [
              407490.3835000908,
              329863.79820000567
            ],
            [
              407484.54420009349,
              329858.9193000067
            ],
            [
              407482.66880008951,
              329854.73090000823
            ],
            [
              407484.72090008948,
              329847.56420000829
            ],
            [
              407491.23310008924,
              329840.17930000834
            ],
            [
              407495.68870009016,
              329831.57380000316
            ],
            [
              407501.32890008856,
              329824.44500000775
            ],
            [
              407509.4954000907,
              329818.63150000572
            ],
            [
              407517.86090009008,
              329813.61150000431
            ],
            [
              407529.55700009037,
              329807.75270000473
            ],
            [
              407545.05780008808,
              329803.90470000543
            ],
            [
              407561.66890009027,
              329796.58080000617
            ],
            [
              407569.40630009212,
              329790.63640000485
            ],
            [
              407578.83650008682,
              329771.42210000381
            ],
            [
              407584.08830009028,
              329766.91240000539
            ],
            [
              407586.7828000905,
              329760.66420000419
            ],
            [
              407589.00840008818,
              329754.30510000326
            ],
            [
              407590.48360008933,
              329743.68390000612
            ],
            [
              407589.57300008927,
              329735.20590000786
            ],
            [
              407592.61720008869,
              329727.29130000807
            ],
            [
              407597.45140009187,
              329718.93170000426
            ],
            [
              407602.4581000898,
              329711.93320000544
            ],
            [
              407605.62450009026,
              329708.43550000526
            ],
            [
              407611.31850008853,
              329700.47510000505
            ],
            [
              407612.48810008634,
              329685.71320000477
            ],
            [
              407614.61780009232,
              329677.2188000083
            ],
            [
              407617.09980009496,
              329665.90140000544
            ],
            [
              407620.92720008828,
              329657.23130000383
            ],
            [
              407628.7454000907,
              329646.34860000573
            ],
            [
              407636.0645000916,
              329640.4250000082
            ],
            [
              407644.80400008895,
              329632.1519000046
            ],
            [
              407669.8994000908,
              329616.45900000446
            ],
            [
              407678.30140009243,
              329612.66470000334
            ],
            [
              407684.03830008861,
              329619.20080000721
            ],
            [
              407687.74220008869,
              329629.18960000761
            ],
            [
              407696.10070008971,
              329632.07100000419
            ],
            [
              407705.09000009019,
              329646.14510000683
            ]
          ]
        ]
      }
    }
  ]
}