{
  "displayFieldName" : "",
  "fieldAliases" : {
    "FID" : "FID",
    "PMNTN_SN" : "PMNTN_SN",
    "MNTN_CODE" : "MNTN_CODE",
    "MNTN_NM" : "MNTN_NM",
    "PMNTN_NM" : "PMNTN_NM",
    "PMNTN_MAIN" : "PMNTN_MAIN",
    "PMNTN_LT" : "PMNTN_LT",
    "PMNTN_DFFL" : "PMNTN_DFFL",
    "PMNTN_UPPL" : "PMNTN_UPPL",
    "PMNTN_GODN" : "PMNTN_GODN",
    "PMNTN_MTRQ" : "PMNTN_MTRQ",
    "PMNTN_CNRL" : "PMNTN_CNRL",
    "PMNTN_CLS_" : "PMNTN_CLS_",
    "PMNTN_RISK" : "PMNTN_RISK",
    "PMNTN_RECO" : "PMNTN_RECO",
    "DATA_STDR_" : "DATA_STDR_",
    "MNTN_ID" : "MNTN_ID"
  },
  "geometryType" : "esriGeometryPolyline",
  "spatialReference" : {
    "wkt" : "PROJCS[\"PCS_ITRF2000_TM\",GEOGCS[\"GCS_ITRF_2000\",DATUM[\"D_ITRF_2000\",SPHEROID[\"GRS_1980\",6378137.0,298.257222101]],PRIMEM[\"Greenwich\",0.0],UNIT[\"Degree\",0.0174532925199433]],PROJECTION[\"Transverse_Mercator\"],PARAMETER[\"False_Easting\",200000.0],PARAMETER[\"False_Northing\",600000.0],PARAMETER[\"Central_Meridian\",127.0],PARAMETER[\"Scale_Factor\",1.0],PARAMETER[\"Latitude_Of_Origin\",38.0],UNIT[\"Meter\",1.0]]"
  },
  "fields" : [
    {
      "name" : "FID",
      "type" : "esriFieldTypeOID",
      "alias" : "FID"
    },
    {
      "name" : "PMNTN_SN",
      "type" : "esriFieldTypeDouble",
      "alias" : "PMNTN_SN"
    },
    {
      "name" : "MNTN_CODE",
      "type" : "esriFieldTypeString",
      "alias" : "MNTN_CODE",
      "length" : 9
    },
    {
      "name" : "MNTN_NM",
      "type" : "esriFieldTypeString",
      "alias" : "MNTN_NM",
      "length" : 50
    },
    {
      "name" : "PMNTN_NM",
      "type" : "esriFieldTypeString",
      "alias" : "PMNTN_NM",
      "length" : 50
    },
    {
      "name" : "PMNTN_MAIN",
      "type" : "esriFieldTypeString",
      "alias" : "PMNTN_MAIN",
      "length" : 200
    },
    {
      "name" : "PMNTN_LT",
      "type" : "esriFieldTypeSingle",
      "alias" : "PMNTN_LT"
    },
    {
      "name" : "PMNTN_DFFL",
      "type" : "esriFieldTypeString",
      "alias" : "PMNTN_DFFL",
      "length" : 8
    },
    {
      "name" : "PMNTN_UPPL",
      "type" : "esriFieldTypeDouble",
      "alias" : "PMNTN_UPPL"
    },
    {
      "name" : "PMNTN_GODN",
      "type" : "esriFieldTypeDouble",
      "alias" : "PMNTN_GODN"
    },
    {
      "name" : "PMNTN_MTRQ",
      "type" : "esriFieldTypeString",
      "alias" : "PMNTN_MTRQ",
      "length" : 200
    },
    {
      "name" : "PMNTN_CNRL",
      "type" : "esriFieldTypeString",
      "alias" : "PMNTN_CNRL",
      "length" : 1
    },
    {
      "name" : "PMNTN_CLS_",
      "type" : "esriFieldTypeString",
      "alias" : "PMNTN_CLS_",
      "length" : 1
    },
    {
      "name" : "PMNTN_RISK",
      "type" : "esriFieldTypeString",
      "alias" : "PMNTN_RISK",
      "length" : 200
    },
    {
      "name" : "PMNTN_RECO",
      "type" : "esriFieldTypeString",
      "alias" : "PMNTN_RECO",
      "length" : 1
    },
    {
      "name" : "DATA_STDR_",
      "type" : "esriFieldTypeString",
      "alias" : "DATA_STDR_",
      "length" : 10
    },
    {
      "name" : "MNTN_ID",
      "type" : "esriFieldTypeString",
      "alias" : "MNTN_ID",
      "length" : 10
    }
  ],
  "features" : [
    {
      "attributes" : {
        "FID" : 0,
        "PMNTN_SN" : 47411,
        "MNTN_CODE" : "457203401",
        "MNTN_NM" : "지장산",
        "PMNTN_NM" : "삼락리구간",
        "PMNTN_MAIN" : " ",
        "PMNTN_LT" : 4.67,
        "PMNTN_DFFL" : "쉬움",
        "PMNTN_UPPL" : 82,
        "PMNTN_GODN" : 58,
        "PMNTN_MTRQ" : " ",
        "PMNTN_CNRL" : " ",
        "PMNTN_CLS_" : " ",
        "PMNTN_RISK" : " ",
        "PMNTN_RECO" : " ",
        "DATA_STDR_" : "2016-12-31",
        "MNTN_ID" : "457203401"
      },
      "geometry" : {
        "paths" : [
          [
            [
              248348.90139999986,
              371619.89290000126
            ],
            [
              248376.77120000124,
              371611.87890000083
            ],
            [
              248390.27100000251,
              371610.33799999952
            ],
            [
              248405.10020000394,
              371609.42720000073
            ],
            [
              248423.99029999971,
              371602.42320000194
            ],
            [
              248444.91270000115,
              371592.91249999963
            ],
            [
              248469.00260000117,
              371584.47259999998
            ],
            [
              248494.36730000097,
              371576.08140000328
            ],
            [
              248513.49689999968,
              371564.49030000158
            ],
            [
              248527.21140000038,
              371557.72270000167
            ],
            [
              248543.63030000031,
              371550.36500000022
            ],
            [
              248558.42670000251,
              371544.16039999947
            ],
            [
              248573.01730000135,
              371539.18579999916
            ],
            [
              248583.20290000085,
              371536.9916999992
            ],
            [
              248594.41040000319,
              371534.46400000155
            ],
            [
              248604.38780000061,
              371536.95180000179
            ],
            [
              248613.7407000009,
              371540.80130000226
            ],
            [
              248625.65910000075,
              371543.11930000223
            ],
            [
              248641.65350000188,
              371544.21859999932
            ],
            [
              248659.57870000042,
              371546.3498999998
            ],
            [
              248671.41230000183,
              371547.35580000095
            ],
            [
              248679.39989999961,
              371547.4768000003
            ],
            [
              248687.33710000291,
              371544.54170000181
            ],
            [
              248699.845900001,
              371536.05560000241
            ],
            [
              248713.9972000001,
              371528.07150000148
            ],
            [
              248730.8432,
              371519.64580000192
            ],
            [
              248744.91440000013,
              371514.49430000223
            ],
            [
              248756.49610000383,
              371509.66410000436
            ],
            [
              248771.40189999994,
              371501.7127000019
            ],
            [
              248786.73539999966,
              371493.13120000251
            ],
            [
              248800.67520000041,
              371491.81000000238
            ],
            [
              248812.76719999965,
              371491.73260000348
            ],
            [
              248832.37070000079,
              371490.98660000227
            ],
            [
              248848.33770000003,
              371486.96930000186
            ],
            [
              248865.40930000134,
              371483.91240000352
            ],
            [
              248880.9729000004,
              371484.29810000025
            ],
            [
              248895.64870000072,
              371484.66040000133
            ],
            [
              248914.54590000026,
              371486.64780000597
            ],
            [
              248925.48720000125,
              371489.07190000452
            ],
            [
              248940.23500000034,
              371491.75010000169
            ],
            [
              248956.62520000245,
              371496.03539999947
            ],
            [
              248975.38800000399,
              371500.44480000064
            ],
            [
              248989.93149999995,
              371502.53390000202
            ],
            [
              249008.55120000336,
              371506.69840000197
            ],
            [
              249021.60590000078,
              371511.40709999762
            ],
            [
              249030.24230000097,
              371512.74910000339
            ],
            [
              249034.97410000116,
              371509.98160000145
            ],
            [
              249040.2351000011,
              371508.77009999938
            ],
            [
              249048.70120000001,
              371510.82259999961
            ],
            [
              249060.52640000265,
              371513.95240000263
            ],
            [
              249077.95870000403,
              371519.58430000208
            ],
            [
              249093.81699999981,
              371522.65130000003
            ],
            [
              249104.12959999964,
              371526.13740000129
            ],
            [
              249114.96999999974,
              371533.80990000255
            ],
            [
              249128.61260000058,
              371543.79050000012
            ],
            [
              249135.54090000223,
              371548.46510000154
            ],
            [
              249145.65789999999,
              371549.3291000016
            ],
            [
              249160.37939999998,
              371557.38039999828
            ],
            [
              249168.48880000319,
              371563.9581000004
            ],
            [
              249174.94000000134,
              371565.84490000084
            ],
            [
              249180.04080000147,
              371564.02670000307
            ],
            [
              249187.96490000281,
              371565.10989999957
            ],
            [
              249194.7873000009,
              371568.32540000044
            ],
            [
              249198.16530000139,
              371573.95560000278
            ],
            [
              249201.16770000383,
              371581.92730000056
            ],
            [
              249203.96210000012,
              371596.66459999979
            ],
            [
              249204.9643000029,
              371609.347000001
            ],
            [
              249207.48080000188,
              371621.04590000026
            ],
            [
              249208.32730000094,
              371627.40689999983
            ],
            [
              249213.38650000375,
              371633.2992000021
            ],
            [
              249217.07629999984,
              371636.58380000107
            ],
            [
              249222.24440000392,
              371631.47450000234
            ],
            [
              249227.88010000158,
              371622.40279999934
            ],
            [
              249228.55590000376,
              371610.45250000246
            ],
            [
              249227.15440000314,
              371595.68640000187
            ],
            [
              249231.09910000116,
              371589.56060000323
            ],
            [
              249233.45299999975,
              371581.10940000229
            ],
            [
              249237.95650000311,
              371575.37530000322
            ],
            [
              249244.29500000086,
              371576.43890000135
            ],
            [
              249244.37739999965,
              371587.9207000006
            ],
            [
              249244.06500000227,
              371596.08970000036
            ],
            [
              249248.691300001,
              371600.39630000107
            ],
            [
              249253.95780000091,
              371601.90300000459
            ],
            [
              249264.54740000144,
              371602.86300000176
            ],
            [
              249268.38640000205,
              371600.53200000152
            ],
            [
              249280.29389999993,
              371593.84320000187
            ],
            [
              249284.10670000035,
              371591.20319999941
            ],
            [
              249289.70230000187,
              371590.40910000354
            ],
            [
              249291.94850000367,
              371597.98430000059
            ],
            [
              249292.77880000044,
              371604.29150000215
            ],
            [
              249300.6351000024,
              371605.28100000136
            ],
            [
              249306.3346000025,
              371609.94100000523
            ],
            [
              249311.12579999957,
              371613.68680000119
            ],
            [
              249315.74220000021,
              371620.16840000264
            ],
            [
              249317.51379999984,
              371626.21480000019
            ],
            [
              249317.31810000259,
              371630.72430000268
            ],
            [
              249323.38080000039,
              371633.55089999922
            ],
            [
              249338.67920000385,
              371632.07930000126
            ],
            [
              249345.69750000164,
              371625.19800000452
            ],
            [
              249353.60330000054,
              371621.74680000171
            ],
            [
              249363.36850000359,
              371622.28120000288
            ],
            [
              249376.59480000008,
              371621.81990000233
            ],
            [
              249386.30060000159,
              371619.23320000246
            ],
            [
              249390.77820000332,
              371612.42300000042
            ],
            [
              249393.39620000217,
              371610.60670000128
            ],
            [
              249397.29750000313,
              371610.04040000215
            ],
            [
              249403.85400000121,
              371615.52539999969
            ],
            [
              249416.60020000115,
              371614.63130000047
            ],
            [
              249423.32150000148,
              371607.95560000278
            ],
            [
              249428.37930000015,
              371602.73550000042
            ],
            [
              249435.10360000003,
              371599.20010000095
            ],
            [
              249435.59130000137,
              371592.6782000009
            ],
            [
              249441.99790000077,
              371590.90490000136
            ],
            [
              249446.07020000275,
              371593.83540000394
            ],
            [
              249454.05660000164,
              371598.56280000135
            ],
            [
              249460.4793999996,
              371600.51840000041
            ],
            [
              249463.87629999965,
              371606.24090000242
            ],
            [
              249471.26410000026,
              371608.29069999978
            ],
            [
              249480.17120000254,
              371616.18569999747
            ],
            [
              249487.52190000005,
              371618.42400000244
            ],
            [
              249493.40280000027,
              371615.63849999942
            ],
            [
              249500.48520000093,
              371615.25449999981
            ],
            [
              249506.08000000101,
              371620.61840000004
            ],
            [
              249512.37250000145,
              371620.83139999956
            ],
            [
              249517.33910000045,
              371617.16520000249
            ],
            [
              249519.92650000099,
              371613.37930000387
            ],
            [
              249519.04530000407,
              371604.78580000065
            ],
            [
              249515.60610000137,
              371596.96580000222
            ],
            [
              249514.47970000003,
              371587.02830000222
            ],
            [
              249523.0913000023,
              371573.60569999926
            ],
            [
              249520.34030000214,
              371565.33460000344
            ],
            [
              249518.41459999979,
              371558.43580000289
            ],
            [
              249515.05810000189,
              371548.26190000214
            ],
            [
              249516.15800000075,
              371537.92889999971
            ],
            [
              249523.0345999999,
              371535.43410000205
            ],
            [
              249535.81429999974,
              371531.82180000283
            ],
            [
              249539.10189999919,
              371524.84950000048
            ],
            [
              249543.04710000008,
              371522.89650000073
            ],
            [
              249549.80370000005,
              371525.02669999935
            ],
            [
              249556.25980000012,
              371527.30390000343
            ],
            [
              249568.59390000161,
              371529.91740000062
            ],
            [
              249581.27850000001,
              371530.98640000075
            ],
            [
              249591.17340000067,
              371526.1492999997
            ],
            [
              249596.01110000163,
              371518.91070000269
            ],
            [
              249603.85060000326,
              371519.27649999969
            ],
            [
              249612.1995000001,
              371523.72860000283
            ],
            [
              249619.21790000144,
              371528.88350000046
            ],
            [
              249630.35879999958,
              371539.11030000076
            ],
            [
              249640.09300000221,
              371541.10680000298
            ],
            [
              249647.72049999982,
              371543.86830000393
            ],
            [
              249655.80250000115,
              371547.63100000098
            ],
            [
              249662.2789000012,
              371551.30700000189
            ],
            [
              249669.03370000049,
              371556.80440000072
            ],
            [
              249685.63709999993,
              371563.22269999981
            ],
            [
              249696.39680000022,
              371565.7798999995
            ],
            [
              249703.09320000093,
              371564.75030000135
            ],
            [
              249710.91350000072,
              371564.42679999955
            ],
            [
              249717.84480000194,
              371563.35650000162
            ],
            [
              249724.9327000007,
              371565.01360000111
            ],
            [
              249731.25160000287,
              371567.80150000192
            ],
            [
              249738.40220000222,
              371572.07499999925
            ],
            [
              249749.69740000181,
              371575.68940000236
            ],
            [
              249754.27190000098,
              371575.77070000209
            ],
            [
              249760.47070000041,
              371576.6566000022
            ],
            [
              249774.66450000368,
              371577.25239999965
            ],
            [
              249793.65440000221,
              371576.43420000002
            ],
            [
              249803.9643000029,
              371580.63360000402
            ],
            [
              249811.28760000039,
              371578.12280000374
            ],
            [
              249824.87339999992,
              371572.37380000018
            ],
            [
              249838.87090000045,
              371567.2376000043
            ],
            [
              249847.56980000064,
              371561.82180000283
            ],
            [
              249861.86310000159,
              371553.93750000373
            ],
            [
              249867.49350000173,
              371541.70010000281
            ],
            [
              249871.85120000225,
              371532.23740000464
            ],
            [
              249875.83370000124,
              371523.70460000075
            ],
            [
              249876.34349999949,
              371510.13670000061
            ],
            [
              249873.90900000092,
              371489.02880000137
            ],
            [
              249877.02770000137,
              371476.86270000227
            ],
            [
              249877.80700000003,
              371461.90929999948
            ],
            [
              249878.56870000064,
              371448.46490000002
            ],
            [
              249880.50390000362,
              371439.75410000235
            ],
            [
              249880.30229999963,
              371425.92690000124
            ],
            [
              249881.8925999999,
              371415.94930000044
            ],
            [
              249881.54760000296,
              371403.54160000011
            ],
            [
              249883.01690000016,
              371392.64230000228
            ],
            [
              249882.05190000124,
              371381.3629999999
            ],
            [
              249880.71520000044,
              371373.57689999789
            ],
            [
              249878.17389999982,
              371363.39830000326
            ],
            [
              249873.94259999879,
              371352.0672999993
            ],
            [
              249874.92260000203,
              371336.71550000273
            ],
            [
              249873.42720000073,
              371326.68710000068
            ],
            [
              249873.36959999986,
              371320.89450000226
            ],
            [
              249872.42800000031,
              371313.46580000035
            ],
            [
              249872.7509000022,
              371302.62650000118
            ],
            [
              249872.22840000037,
              371289.68530000374
            ],
            [
              249875.79330000188,
              371276.82259999961
            ],
            [
              249879.77420000266,
              371263.79580000043
            ],
            [
              249880.43489999976,
              371253.86830000021
            ],
            [
              249880.94210000336,
              371243.2620000001
            ],
            [
              249876.7582000019,
              371235.96960000135
            ],
            [
              249864.73550000135,
              371229.50100000016
            ],
            [
              249855.74890000187,
              371219.68550000153
            ],
            [
              249846.54610000085,
              371209.81330000237
            ],
            [
              249831.26310000196,
              371199.58499999903
            ],
            [
              249816.14940000325,
              371194.52859999985
            ],
            [
              249800.00280000083,
              371188.62310000136
            ],
            [
              249784.7807,
              371183.57720000111
            ],
            [
              249770.26270000264,
              371176.90420000255
            ],
            [
              249754.9803000018,
              371168.14080000669
            ],
            [
              249742.77810000069,
              371152.43740000203
            ],
            [
              249727.98280000128,
              371132.46949999966
            ],
            [
              249722.24569999985,
              371120.86370000057
            ],
            [
              249710.67970000114,
              371113.95220000111
            ],
            [
              249686.32930000219,
              371098.54670000076
            ],
            [
              249673.40190000366,
              371091.40560000017
            ],
            [
              249662.94649999961,
              371084.36720000207
            ],
            [
              249652.26730000041,
              371070.58110000007
            ],
            [
              249643.40150000155,
              371060.08959999867
            ],
            [
              249626.88140000217,
              371046.70340000279
            ],
            [
              249614.01439999975,
              371025.72039999999
            ],
            [
              249608.98809999973,
              371012.69260000251
            ],
            [
              249601.94830000307,
              370993.57850000262
            ],
            [
              249593.57250000071,
              370985.79739999957
            ],
            [
              249581.64250000194,
              370969.71840000153
            ],
            [
              249575.04550000373,
              370963.34539999999
            ],
            [
              249563.92160000186,
              370954.78319999948
            ],
            [
              249556.99910000153,
              370946.91039999947
            ],
            [
              249548.84109999985,
              370940.50650000013
            ],
            [
              249540.59740000404,
              370936.02040000074
            ],
            [
              249535.84410000127,
              370931.83900000155
            ],
            [
              249535.35310000088,
              370925.17180000059
            ],
            [
              249537.45020000171,
              370915.16520000063
            ],
            [
              249535.85960000008,
              370902.71729999967
            ],
            [
              249530.22539999988,
              370882.33510000072
            ],
            [
              249528.09380000178,
              370874.63340000436
            ],
            [
              249525.61280000117,
              370866.45270000212
            ],
            [
              249527.58199999947,
              370854.85700000077
            ],
            [
              249520.92800000217,
              370839.30710000172
            ],
            [
              249507.66330000106,
              370816.58520000055
            ],
            [
              249500.80209999997,
              370805.79440000094
            ],
            [
              249495.52240000013,
              370791.37290000357
            ],
            [
              249490.43310000002,
              370774.53710000217
            ],
            [
              249485.50059999991,
              370765.53810000047
            ],
            [
              249477.28030000255,
              370755.01910000108
            ],
            [
              249471.91410000343,
              370749.58520000428
            ],
            [
              249463.70590000227,
              370744.03550000116
            ],
            [
              249452.21670000069,
              370736.18150000274
            ],
            [
              249446.85120000318,
              370732.23450000212
            ],
            [
              249434.065200001,
              370727.46570000425
            ],
            [
              249426.74320000317,
              370725.85360000096
            ],
            [
              249417.35320000071,
              370723.6585000027
            ],
            [
              249410.12850000057,
              370719.74540000223
            ],
            [
              249395.49309999961,
              370711.27480000071
            ],
            [
              249379.57149999961,
              370706.86930000037
            ],
            [
              249366.52210000064,
              370703.64500000142
            ],
            [
              249348.43539999984,
              370700.72550000064
            ],
            [
              249335.82230000198,
              370695.31770000048
            ],
            [
              249325.99440000113,
              370692.13370000012
            ],
            [
              249318.2154000029,
              370692.12360000052
            ],
            [
              249305.46310000308,
              370684.16290000081
            ],
            [
              249297.48629999906,
              370674.30930000171
            ],
            [
              249285.22329999972,
              370667.61640000157
            ],
            [
              249274.68329999875,
              370662.65300000086
            ],
            [
              249261.53110000119,
              370658.44070000015
            ],
            [
              249250.79280000087,
              370650.18070000038
            ],
            [
              249241.44209999964,
              370639.08780000173
            ],
            [
              249234.25289999973,
              370630.40369999968
            ],
            [
              249223.94980000146,
              370625.02009999752
            ],
            [
              249208.3983000014,
              370623.80159999989
            ],
            [
              249197.60590000078,
              370622.01050000079
            ],
            [
              249183.20650000218,
              370622.95110000111
            ],
            [
              249170.29879999906,
              370626.6631000042
            ],
            [
              249154.63200000022,
              370631.58029999956
            ],
            [
              249140.39430000354,
              370627.78390000388
            ],
            [
              249125.69830000121,
              370623.66310000047
            ],
            [
              249108.7368000038,
              370621.19419999979
            ],
            [
              249096.2909000013,
              370616.53109999746
            ],
            [
              249087.19330000039,
              370608.56890000217
            ],
            [
              249077.79800000135,
              370602.20289999992
            ],
            [
              249062.31440000143,
              370593.61720000207
            ],
            [
              249047.61689999979,
              370581.61820000224
            ],
            [
              249039.20530000143,
              370570.36419999972
            ],
            [
              249030.52280000411,
              370567.26449999958
            ],
            [
              249024.57340000011,
              370556.27950000018
            ],
            [
              249021.38920000009,
              370541.35950000025
            ],
            [
              249015.67510000058,
              370527.00250000134
            ],
            [
              249011.9157000035,
              370510.03759999946
            ],
            [
              249008.36350000091,
              370501.27410000004
            ],
            [
              249001.87200000137,
              370492.00600000098
            ],
            [
              248997.05830000062,
              370487.77380000055
            ],
            [
              248989.01890000142,
              370482.6138000004
            ],
            [
              248977.68200000003,
              370473.18569999933
            ],
            [
              248974.35330000054,
              370468.04080000147
            ],
            [
              248975.00890000351,
              370459.50339999981
            ],
            [
              248970.52300000191,
              370455.71380000189
            ],
            [
              248959.74340000004,
              370449.93940000236
            ],
            [
              248946.74770000018,
              370443.44270000048
            ],
            [
              248939.03569999896,
              370437.81850000098
            ],
            [
              248926.67140000314,
              370431.38080000319
            ],
            [
              248914.91950000264,
              370422.97480000183
            ],
            [
              248900.49469999969,
              370407.82269999944
            ],
            [
              248891.25630000047,
              370396.13819999993
            ],
            [
              248882.25750000123,
              370389.56829999946
            ],
            [
              248873.79669999983,
              370388.76690000109
            ],
            [
              248863.46129999962,
              370386.50310000218
            ],
            [
              248853.49560000002,
              370384.66000000201
            ],
            [
              248846.71970000118,
              370382.72500000335
            ],
            [
              248838.63370000105,
              370377.15289999917
            ],
            [
              248830.37620000169,
              370374.86080000177
            ],
            [
              248807.85160000063,
              370371.00339999981
            ],
            [
              248797.92630000319,
              370369.00669999979
            ],
            [
              248790.33640000038,
              370360.8534000013
            ],
            [
              248782.81750000175,
              370354.54250000045
            ],
            [
              248772.46790000051,
              370339.49429999851
            ],
            [
              248767.5194000015,
              370333.4860999994
            ],
            [
              248761.86890000198,
              370323.84550000168
            ],
            [
              248756.17420000024,
              370312.39599999972
            ],
            [
              248744.72759999987,
              370294.96719999984
            ],
            [
              248738.14770000055,
              370283.65709999949
            ],
            [
              248733.12820000201,
              370270.87980000116
            ],
            [
              248728.65320000052,
              370257.55070000142
            ],
            [
              248723.88460000046,
              370248.35890000127
            ],
            [
              248712.32870000228,
              370234.34720000066
            ],
            [
              248705.54160000198,
              370229.49400000274
            ],
            [
              248699.58690000139,
              370221.6986000035
            ],
            [
              248695.44739999995,
              370217.98770000041
            ],
            [
              248691.08330000378,
              370215.21870000102
            ],
            [
              248685.2041000016,
              370208.99799999781
            ],
            [
              248682.58110000007,
              370201.42039999925
            ],
            [
              248674.33320000116,
              370187.43830000237
            ],
            [
              248661.52309999987,
              370176.14470000193
            ],
            [
              248646.86500000022,
              370169.87220000103
            ],
            [
              248630.83470000234,
              370163.66999999993
            ],
            [
              248614.70150000043,
              370159.74190000258
            ],
            [
              248588.15579999983,
              370152.12810000218
            ],
            [
              248570.17980000004,
              370145.23830000497
            ],
            [
              248560.41650000028,
              370138.34930000268
            ],
            [
              248552.28680000175,
              370128.16269999929
            ],
            [
              248546.55439999979,
              370116.93510000408
            ],
            [
              248536.53610000201,
              370107.17080000229
            ],
            [
              248525.9177000029,
              370103.14000000432
            ],
            [
              248518.17160000373,
              370098.68110000156
            ],
            [
              248509.24550000019,
              370092.17410000041
            ],
            [
              248496.00430000015,
              370085.84310000017
            ],
            [
              248481.25699999928,
              370079.33750000037
            ],
            [
              248455.27199999988,
              370063.21630000323
            ],
            [
              248440.21929999907,
              370051.48270000145
            ],
            [
              248433.72450000048,
              370045.93229999952
            ],
            [
              248419.9795000013,
              370044.24800000153
            ],
            [
              248409.98570000008,
              370048.08799999952
            ],
            [
              248398.88830000162,
              370054.04140000418
            ],
            [
              248389.51559999958,
              370059.8489000015
            ],
            [
              248379.04680000152,
              370064.7293999996
            ],
            [
              248366.42490000091,
              370072.20570000261
            ],
            [
              248353.48920000345,
              370082.60980000161
            ],
            [
              248339.10070000309,
              370097.92159999907
            ],
            [
              248330.42040000111,
              370109.13680000231
            ],
            [
              248323.73390000127,
              370127.09830000252
            ],
            [
              248317.28640000243,
              370144.27339999937
            ],
            [
              248310.08490000386,
              370160.70080000162
            ],
            [
              248301.69849999994,
              370174.29230000265
            ],
            [
              248294.9971000012,
              370181.79000000283
            ],
            [
              248290.231200004,
              370188.53270000219
            ],
            [
              248281.64000000246,
              370195.03250000253
            ],
            [
              248268.02540000062,
              370202.55910000205
            ],
            [
              248259.83630000241,
              370203.19120000117
            ],
            [
              248254.0886000013,
              370202.98230000027
            ],
            [
              248247.09640000388,
              370204.231200004
            ],
            [
              248238.90440000128,
              370207.06039999984
            ],
            [
              248231.44560000114,
              370208.84610000066
            ],
            [
              248222.50130000338,
              370221.1630000025
            ],
            [
              248210.40099999961,
              370229.0418999996
            ],
            [
              248205.76640000008,
              370233.24430000409
            ],
            [
              248197.76240000129,
              370239.65860000253
            ],
            [
              248185.43180000223,
              370241.77729999833
            ],
            [
              248176.86980000231,
              370244.6157000009
            ],
            [
              248163.14220000058,
              370253.7797000017
            ],
            [
              248152.85539999977,
              370262.08280000463
            ],
            [
              248145.21850000322,
              370265.25320000388
            ],
            [
              248136.54540000204,
              370267.43380000256
            ],
            [
              248126.98200000077,
              370266.94660000317
            ],
            [
              248117.14480000269,
              370267.05550000072
            ],
            [
              248112.20550000016,
              370268.87910000049
            ],
            [
              248104.3515000008,
              370274.06380000152
            ],
            [
              248098.4831000017,
              370278.48699999973
            ],
            [
              248092.64670000039,
              370284.79460000247
            ],
            [
              248083.12280000001,
              370295.1996000018
            ]
          ]
        ]
      }
    }
  ]
}