{
  "displayFieldName" : "",
  "fieldAliases" : {
    "FID" : "FID",
    "PMNTN_SN" : "PMNTN_SN",
    "MNTN_CODE" : "MNTN_CODE",
    "MNTN_NM" : "MNTN_NM",
    "PMNTN_NM" : "PMNTN_NM",
    "PMNTN_MAIN" : "PMNTN_MAIN",
    "PMNTN_LT" : "PMNTN_LT",
    "PMNTN_DFFL" : "PMNTN_DFFL",
    "PMNTN_UPPL" : "PMNTN_UPPL",
    "PMNTN_GODN" : "PMNTN_GODN",
    "PMNTN_MTRQ" : "PMNTN_MTRQ",
    "PMNTN_CNRL" : "PMNTN_CNRL",
    "PMNTN_CLS_" : "PMNTN_CLS_",
    "PMNTN_RISK" : "PMNTN_RISK",
    "PMNTN_RECO" : "PMNTN_RECO",
    "DATA_STDR_" : "DATA_STDR_",
    "MNTN_ID" : "MNTN_ID"
  },
  "geometryType" : "esriGeometryPolyline",
  "spatialReference" : {
    "wkt" : "PROJCS[\"PCS_ITRF2000_TM\",GEOGCS[\"GCS_ITRF_2000\",DATUM[\"D_ITRF_2000\",SPHEROID[\"GRS_1980\",6378137.0,298.257222101]],PRIMEM[\"Greenwich\",0.0],UNIT[\"Degree\",0.0174532925199433]],PROJECTION[\"Transverse_Mercator\"],PARAMETER[\"False_Easting\",200000.0],PARAMETER[\"False_Northing\",600000.0],PARAMETER[\"Central_Meridian\",127.0],PARAMETER[\"Scale_Factor\",1.0],PARAMETER[\"Latitude_Of_Origin\",38.0],UNIT[\"Meter\",1.0]]"
  },
  "fields" : [
    {
      "name" : "FID",
      "type" : "esriFieldTypeOID",
      "alias" : "FID"
    },
    {
      "name" : "PMNTN_SN",
      "type" : "esriFieldTypeDouble",
      "alias" : "PMNTN_SN"
    },
    {
      "name" : "MNTN_CODE",
      "type" : "esriFieldTypeString",
      "alias" : "MNTN_CODE",
      "length" : 9
    },
    {
      "name" : "MNTN_NM",
      "type" : "esriFieldTypeString",
      "alias" : "MNTN_NM",
      "length" : 50
    },
    {
      "name" : "PMNTN_NM",
      "type" : "esriFieldTypeString",
      "alias" : "PMNTN_NM",
      "length" : 50
    },
    {
      "name" : "PMNTN_MAIN",
      "type" : "esriFieldTypeString",
      "alias" : "PMNTN_MAIN",
      "length" : 200
    },
    {
      "name" : "PMNTN_LT",
      "type" : "esriFieldTypeSingle",
      "alias" : "PMNTN_LT"
    },
    {
      "name" : "PMNTN_DFFL",
      "type" : "esriFieldTypeString",
      "alias" : "PMNTN_DFFL",
      "length" : 8
    },
    {
      "name" : "PMNTN_UPPL",
      "type" : "esriFieldTypeDouble",
      "alias" : "PMNTN_UPPL"
    },
    {
      "name" : "PMNTN_GODN",
      "type" : "esriFieldTypeDouble",
      "alias" : "PMNTN_GODN"
    },
    {
      "name" : "PMNTN_MTRQ",
      "type" : "esriFieldTypeString",
      "alias" : "PMNTN_MTRQ",
      "length" : 200
    },
    {
      "name" : "PMNTN_CNRL",
      "type" : "esriFieldTypeString",
      "alias" : "PMNTN_CNRL",
      "length" : 1
    },
    {
      "name" : "PMNTN_CLS_",
      "type" : "esriFieldTypeString",
      "alias" : "PMNTN_CLS_",
      "length" : 1
    },
    {
      "name" : "PMNTN_RISK",
      "type" : "esriFieldTypeString",
      "alias" : "PMNTN_RISK",
      "length" : 200
    },
    {
      "name" : "PMNTN_RECO",
      "type" : "esriFieldTypeString",
      "alias" : "PMNTN_RECO",
      "length" : 1
    },
    {
      "name" : "DATA_STDR_",
      "type" : "esriFieldTypeString",
      "alias" : "DATA_STDR_",
      "length" : 10
    },
    {
      "name" : "MNTN_ID",
      "type" : "esriFieldTypeString",
      "alias" : "MNTN_ID",
      "length" : 10
    }
  ],
  "features" : [
    {
      "attributes" : {
        "FID" : 0,
        "PMNTN_SN" : 48905,
        "MNTN_CODE" : "428204104",
        "MNTN_NM" : "천진샘터",
        "PMNTN_NM" : "봉포리구간",
        "PMNTN_MAIN" : " ",
        "PMNTN_LT" : 1.27,
        "PMNTN_DFFL" : "쉬움",
        "PMNTN_UPPL" : 22,
        "PMNTN_GODN" : 16,
        "PMNTN_MTRQ" : " ",
        "PMNTN_CNRL" : " ",
        "PMNTN_CLS_" : "Y",
        "PMNTN_RISK" : " ",
        "PMNTN_RECO" : " ",
        "DATA_STDR_" : "2016-12-31",
        "MNTN_ID" : "428202801"
      },
      "geometry" : {
        "paths" : [
          [
            [
              335810.7013000017,
              628792.91990000382
            ],
            [
              335815.48489999957,
              628785.45470000431
            ],
            [
              335824.93300000206,
              628779.12790000066
            ],
            [
              335842.02599999961,
              628786.14890000038
            ],
            [
              335845.1018000003,
              628795.40940000117
            ],
            [
              335853.4282000009,
              628800.52570000105
            ],
            [
              335867.49250000156,
              628801.45460000075
            ],
            [
              335888.06550000049,
              628795.27300000004
            ],
            [
              335927.40890000109,
              628776.48910000175
            ],
            [
              335985.60059999954,
              628738.17830000259
            ],
            [
              336021.10370000079,
              628714.88130000047
            ],
            [
              336055.48830000032,
              628699.55340000056
            ],
            [
              336074.23520000093,
              628694.75580000132
            ],
            [
              336094.44080000184,
              628693.89420000277
            ],
            [
              336109.90899999999,
              628693.23450000025
            ],
            [
              336120.06760000158,
              628682.95710000023
            ],
            [
              336129.03569999989,
              628674.57100000046
            ],
            [
              336160.8574000001,
              628667.31020000204
            ],
            [
              336184.43330000062,
              628665.07449999824
            ],
            [
              336198.01350000035,
              628667.7789000012
            ],
            [
              336201.94350000098,
              628672.05340000242
            ],
            [
              336212.56310000084,
              628679.04570000246
            ],
            [
              336220.44979999959,
              628688.36890000105
            ],
            [
              336228.43759999983,
              628706.72709999979
            ],
            [
              336236.40290000103,
              628716.16290000081
            ],
            [
              336248.67680000048,
              628723.8815999981
            ],
            [
              336256.96169999987,
              628732.89570000023
            ],
            [
              336270.58210000116,
              628741.18700000271
            ],
            [
              336275.82030000072,
              628747.33790000342
            ],
            [
              336292.46890000068,
              628754.80760000087
            ],
            [
              336299.2192000011,
              628755.13900000229
            ],
            [
              336306.16399999987,
              628754.36740000173
            ],
            [
              336311.10259999987,
              628752.2068000026
            ],
            [
              336313.65039999969,
              628750.40420000441
            ],
            [
              336330.81240000017,
              628738.37429999933
            ],
            [
              336341.04830000084,
              628728.71639999934
            ],
            [
              336356.76290000137,
              628721.59360000119
            ],
            [
              336375.60599999968,
              628720.12270000018
            ],
            [
              336379.39199999999,
              628722.01860000193
            ],
            [
              336382.56170000136,
              628725.15890000202
            ],
            [
              336388.69390000124,
              628730.21460000239
            ],
            [
              336399.15820000041,
              628736.46470000222
            ],
            [
              336408.82820000127,
              628737.87660000101
            ],
            [
              336413.29470000044,
              628737.84630000032
            ],
            [
              336426.63430000003,
              628738.18180000037
            ],
            [
              336433.21880000085,
              628736.13840000145
            ],
            [
              336442.27029999997,
              628731.68350000121
            ],
            [
              336451.59269999992,
              628726.15290000103
            ],
            [
              336460.26439999975,
              628725.31340000033
            ],
            [
              336466.91669999994,
              628729.5222000014
            ],
            [
              336469.18720000051,
              628737.31460000202
            ],
            [
              336476.70920000225,
              628748.96859999932
            ],
            [
              336486.31159999967,
              628757.07530000247
            ],
            [
              336509.66580000147,
              628769.19730000384
            ],
            [
              336541.10749999993,
              628782.97290000133
            ],
            [
              336565.66040000133,
              628788.68480000086
            ],
            [
              336593.10659999959,
              628793.43040000275
            ],
            [
              336621.75290000066,
              628795.78550000302
            ],
            [
              336656.59200000018,
              628799.18689999916
            ],
            [
              336679.62580000143,
              628808.09390000254
            ],
            [
              336715.08349999879,
              628818.51610000059
            ],
            [
              336751.28810000047,
              628836.51669999771
            ],
            [
              336813.45830000006,
              628872.12430000305
            ],
            [
              336845.64620000031,
              628903.24670000002
            ],
            [
              336860.82409999985,
              628920.07660000212
            ],
            [
              336877.57840000093,
              628933.59300000407
            ],
            [
              336900.71270000096,
              628952.08419999853
            ]
          ]
        ]
      }
    },
    {
      "attributes" : {
        "FID" : 1,
        "PMNTN_SN" : 48906,
        "MNTN_CODE" : "428204104",
        "MNTN_NM" : "천진샘터",
        "PMNTN_NM" : " ",
        "PMNTN_MAIN" : " ",
        "PMNTN_LT" : 2.74,
        "PMNTN_DFFL" : "쉬움",
        "PMNTN_UPPL" : 48,
        "PMNTN_GODN" : 34,
        "PMNTN_MTRQ" : " ",
        "PMNTN_CNRL" : " ",
        "PMNTN_CLS_" : "Y",
        "PMNTN_RISK" : " ",
        "PMNTN_RECO" : " ",
        "DATA_STDR_" : "2016-12-31",
        "MNTN_ID" : "428202801"
      },
      "geometry" : {
        "paths" : [
          [
            [
              335810.7013000017,
              628792.91990000382
            ],
            [
              335813.06240000017,
              628800.59359999932
            ],
            [
              335814.83330000006,
              628808.85759999976
            ],
            [
              335816.60410000011,
              628821.42989999987
            ],
            [
              335816.60410000011,
              628828.33719999902
            ],
            [
              335817.19440000132,
              628835.42060000077
            ],
            [
              335817.78469999973,
              628844.27490000241
            ],
            [
              335818.375,
              628854.9001000002
            ],
            [
              335819.55560000055,
              628861.3933000043
            ],
            [
              335819.55560000055,
              628869.06699999981
            ],
            [
              335819.55560000055,
              628877.92139999941
            ],
            [
              335818.17210000008,
              628885.1520000007
            ],
            [
              335818.17210000008,
              628888.40910000168
            ],
            [
              335818.17210000008,
              628892.07810000144
            ],
            [
              335818.17210000008,
              628898.18750000186
            ],
            [
              335817.55140000023,
              628902.53260000236
            ],
            [
              335816.93059999961,
              628908.11930000037
            ],
            [
              335816.93059999961,
              628916.80959999934
            ],
            [
              335813.85800000094,
              628924.04890000075
            ],
            [
              335811.96470000129,
              628927.36209999956
            ],
            [
              335811.35599999968,
              628935.88500000164
            ],
            [
              335810.72329999972,
              628941.63910000026
            ],
            [
              335806.99880000018,
              628950.95009999909
            ],
            [
              335804.5159,
              628959.64040000364
            ],
            [
              335803.27440000232,
              628968.95150000043
            ],
            [
              335800.79150000028,
              628977.02100000158
            ],
            [
              335797.68780000135,
              628985.71140000224
            ],
            [
              335793.34260000009,
              628993.16019999981
            ],
            [
              335789.61820000038,
              629002.47130000219
            ],
            [
              335784.03160000127,
              629008.05790000036
            ],
            [
              335784.03160000127,
              629015.50669999979
            ],
            [
              335785.89379999973,
              629022.95559999906
            ],
            [
              335788.37669999991,
              629027.30069999956
            ],
            [
              335794.58410000056,
              629032.26660000347
            ],
            [
              335797.68780000135,
              629035.99100000411
            ],
            [
              335806.99880000018,
              629044.06060000323
            ],
            [
              335811.34399999864,
              629047.16430000402
            ],
            [
              335817.55140000023,
              629053.37170000002
            ],
            [
              335818.17210000008,
              629058.95830000192
            ],
            [
              335819.41360000055,
              629064.54490000196
            ],
            [
              335819.41360000055,
              629074.47670000233
            ],
            [
              335823.75870000012,
              629081.9254999999
            ],
            [
              335827.48319999967,
              629086.89140000194
            ],
            [
              335829.34539999999,
              629094.96100000106
            ],
            [
              335836.1735000005,
              629102.40990000032
            ],
            [
              335839.89790000115,
              629109.85870000161
            ],
            [
              335844.86379999947,
              629117.92830000073
            ],
            [
              335847.34669999965,
              629124.75640000217
            ],
            [
              335850.45040000044,
              629129.10150000267
            ],
            [
              335854.79559999891,
              629136.55040000193
            ],
            [
              335861.00289999973,
              629139.03329999931
            ],
            [
              335869.69330000132,
              629143.99920000136
            ],
            [
              335875.27990000043,
              629153.31030000001
            ],
            [
              335876.5214000009,
              629160.13840000145
            ],
            [
              335879.00430000015,
              629169.44940000027
            ],
            [
              335881.48720000032,
              629178.13969999924
            ],
            [
              335882.10800000094,
              629186.83000000194
            ],
            [
              335882.10800000094,
              629195.52040000446
            ],
            [
              335882.10800000094,
              629204.83140000328
            ],
            [
              335886.45310000144,
              629214.76319999993
            ],
            [
              335889.55680000223,
              629220.97060000151
            ],
            [
              335890.79829999991,
              629225.93649999984
            ],
            [
              335895.76420000102,
              629232.14380000159
            ],
            [
              335900.73010000214,
              629240.83410000056
            ],
            [
              335902.59229999967,
              629245.17930000089
            ],
            [
              335908.17890000064,
              629250.14519999921
            ],
            [
              335911.90330000035,
              629255.11110000126
            ],
            [
              335914.38630000129,
              629260.07699999958
            ],
            [
              335917.49000000022,
              629263.18070000038
            ],
            [
              335921.83509999979,
              629268.76730000414
            ],
            [
              335926.18030000106,
              629274.97470000014
            ],
            [
              335928.66320000123,
              629278.69910000078
            ],
            [
              335931.76690000203,
              629283.04420000128
            ],
            [
              335936.73280000035,
              629289.87230000272
            ],
            [
              335940.45720000099,
              629296.07970000245
            ],
            [
              335946.66459999979,
              629301.66630000249
            ],
            [
              335951.6305000009,
              629310.35660000145
            ],
            [
              335954.11340000015,
              629315.94330000132
            ],
            [
              335957.83789999969,
              629320.90920000151
            ],
            [
              335962.80380000081,
              629327.11649999954
            ],
            [
              335966.52820000052,
              629332.08240000159
            ],
            [
              335972.1147999987,
              629337.04829999991
            ],
            [
              335980.18440000061,
              629343.25570000149
            ],
            [
              335989.49540000129,
              629347.60080000199
            ],
            [
              335995.70280000009,
              629350.70450000279
            ],
            [
              336004.39309999906,
              629353.80820000358
            ],
            [
              336013.70419999957,
              629356.29120000452
            ],
            [
              336025.4982000012,
              629361.25699999928
            ],
            [
              336032.32629999984,
              629364.36070000008
            ],
            [
              336039.15440000128,
              629364.36070000008
            ],
            [
              336047.2239000015,
              629367.46440000087
            ],
            [
              336055.12930000015,
              629372.35370000452
            ],
            [
              336061.08380000014,
              629376.90709999949
            ],
            [
              336063.9748000009,
              629379.79810000025
            ],
            [
              336067.73890000023,
              629383.56220000237
            ],
            [
              336075.39969999995,
              629387.74080000445
            ],
            [
              336084.55170000065,
              629395.12100000307
            ],
            [
              336088.40460000094,
              629398.9739000015
            ],
            [
              336092.25760000106,
              629404.92840000056
            ],
            [
              336096.34420000017,
              629413.1015000008
            ],
            [
              336099.96339999977,
              629421.39100000262
            ],
            [
              336103.46609999985,
              629428.39629999921
            ],
            [
              336104.89070000034,
              629432.95500000194
            ],
            [
              336108.36980000138,
              629440.6556000039
            ],
            [
              336111.87250000145,
              629448.71169999987
            ],
            [
              336115.02490000147,
              629458.16890000179
            ],
            [
              336118.52749999985,
              629468.67690000124
            ],
            [
              336120.01229999866,
              629479.42500000261
            ],
            [
              336121.78309999965,
              629487.0987000037
            ],
            [
              336124.73460000008,
              629493.59190000221
            ],
            [
              336127.68599999975,
              629498.3142000027
            ],
            [
              336134.17920000013,
              629507.16850000061
            ],
            [
              336137.1305999998,
              629511.30059999973
            ],
            [
              336141.26260000002,
              629517.793700004
            ],
            [
              336146.57519999985,
              629523.69660000131
            ],
            [
              336149.52670000028,
              629528.41890000179
            ],
            [
              336152.47809999995,
              629534.32180000097
            ],
            [
              336153.65870000143,
              629539.63440000266
            ],
            [
              336154.83930000011,
              629545.53729999997
            ],
            [
              336156.01979999989,
              629553.21100000106
            ],
            [
              336158.38100000005,
              629559.70419999957
            ],
            [
              336158.38100000005,
              629565.01680000126
            ],
            [
              336159.02890000213,
              629568.5803999994
            ],
            [
              336159.69200000074,
              629571.58080000058
            ],
            [
              336160.34320000093,
              629574.73990000226
            ],
            [
              336161.04310000036,
              629579.01170000434
            ],
            [
              336161.31950000115,
              629582.08240000159
            ],
            [
              336161.8415000001,
              629586.50410000049
            ],
            [
              336162.14850000013,
              629590.03540000133
            ],
            [
              336162.67050000094,
              629593.50530000217
            ],
            [
              336163.91789999977,
              629599.47100000083
            ],
            [
              336159.13590000011,
              629599.67090000398
            ],
            [
              336155.65980000142,
              629592.47719999962
            ],
            [
              336150.70720000006,
              629585.67690000124
            ],
            [
              336145.39470000006,
              629578.59339999966
            ],
            [
              336140.08210000023,
              629569.73910000175
            ],
            [
              336136.54030000139,
              629562.06530000269
            ],
            [
              336132.40830000117,
              629554.3916000016
            ],
            [
              336127.68599999975,
              629548.48870000429
            ],
            [
              336123.55399999954,
              629541.99550000019
            ],
            [
              336119.42200000118,
              629535.50240000151
            ],
            [
              336116.47049999982,
              629530.18979999982
            ],
            [
              336111.15790000092,
              629523.1063000001
            ],
            [
              336105.84530000109,
              629515.43260000087
            ],
            [
              336102.30360000115,
              629510.11999999918
            ],
            [
              336096.40070000105,
              629501.85590000264
            ],
            [
              336090.49789999984,
              629494.18220000155
            ],
            [
              336085.77550000045,
              629488.27930000052
            ],
            [
              336079.28240000084,
              629478.24440000206
            ],
            [
              336072.56740000006,
              629469.64780000038
            ],
            [
              336063.96280000079,
              629461.80959999934
            ],
            [
              336055.73780000024,
              629456.97140000015
            ],
            [
              336049.93190000113,
              629452.13310000114
            ],
            [
              336041.22300000116,
              629448.26250000112
            ],
            [
              336032.03030000068,
              629442.45659999922
            ],
            [
              336017.99940000102,
              629436.65069999918
            ],
            [
              336011.22580000106,
              629435.68310000002
            ],
            [
              336000.58169999998,
              629432.29629999958
            ],
            [
              335988.48600000143,
              629430.36100000143
            ],
            [
              335978.32570000086,
              629430.36100000143
            ],
            [
              335965.7462000018,
              629428.909500001
            ],
            [
              335949.77999999933,
              629426.00660000183
            ],
            [
              335934.29760000017,
              629426.00660000183
            ],
            [
              335925.5887000002,
              629425.52270000242
            ],
            [
              335915.42840000056,
              629423.10360000283
            ],
            [
              335904.30040000007,
              629419.71680000424
            ],
            [
              335883.01209999993,
              629416.33000000007
            ],
            [
              335876.23849999998,
              629415.36240000464
            ],
            [
              335865.59440000169,
              629411.97560000047
            ],
            [
              335847.69280000124,
              629406.65350000188
            ],
            [
              335840.91929999925,
              629402.29910000227
            ],
            [
              335837.04870000016,
              629396.97699999996
            ],
            [
              335826.40450000111,
              629392.62260000035
            ],
            [
              335823.01769999973,
              629390.68730000034
            ],
            [
              335816.24420000054,
              629388.75200000033
            ],
            [
              335805.60000000056,
              629383.91370000131
            ],
            [
              335801.24560000096,
              629379.55930000171
            ],
            [
              335787.21460000053,
              629373.26960000396
            ],
            [
              335782.86020000093,
              629369.88279999979
            ],
            [
              335775.11900000088,
              629362.1416000016
            ],
            [
              335767.86159999948,
              629356.81949999928
            ],
            [
              335763.0234000003,
              629351.01359999925
            ],
            [
              335759.63660000078,
              629342.78860000148
            ],
            [
              335755.76599999983,
              629336.4988000039
            ],
            [
              335749.96010000072,
              629327.30619999953
            ],
            [
              335745.60570000112,
              629321.98410000093
            ],
            [
              335739.31590000167,
              629315.69430000335
            ],
            [
              335734.4776999997,
              629304.08250000142
            ],
            [
              335731.5747000007,
              629294.88979999907
            ],
            [
              335725.28500000201,
              629283.27800000086
            ],
            [
              335722.86589999963,
              629276.02070000209
            ],
            [
              335716.09229999967,
              629267.79560000449
            ],
            [
              335713.67320000194,
              629262.47350000031
            ],
            [
              335709.31870000158,
              629254.73230000213
            ],
            [
              335707.3833999997,
              629249.4103000015
            ],
            [
              335709.31870000158,
              629241.66899999976
            ],
            [
              335709.31870000158,
              629232.96020000242
            ],
            [
              335711.73790000007,
              629224.73520000279
            ],
            [
              335712.70550000016,
              629216.99390000105
            ],
            [
              335712.70550000016,
              629209.25269999914
            ],
            [
              335712.70550000016,
              629202.96299999952
            ],
            [
              335712.70550000016,
              629192.80270000175
            ],
            [
              335712.22169999965,
              629187.96440000273
            ],
            [
              335711.73790000007,
              629182.64229999855
            ],
            [
              335708.35110000055,
              629174.90110000037
            ],
            [
              335704.4804999996,
              629168.12760000117
            ],
            [
              335700.60989999957,
              629162.32169999741
            ],
            [
              335696.73930000048,
              629156.99959999882
            ],
            [
              335691.90100000054,
              629151.67750000022
            ],
            [
              335688.51420000102,
              629147.32310000062
            ],
            [
              335682.70830000006,
              629140.06570000388
            ],
            [
              335677.38630000036,
              629135.22740000114
            ],
            [
              335672.54800000135,
              629129.4215000011
            ],
            [
              335668.19359999988,
              629121.19650000334
            ],
            [
              335666.2583000008,
              629114.42290000059
            ],
            [
              335663.3553000018,
              629111.03619999997
            ],
            [
              335660.93620000128,
              629104.74640000239
            ],
            [
              335658.51709999982,
              629096.03759999946
            ],
            [
              335658.03320000041,
              629091.19930000044
            ],
            [
              335657.54940000083,
              629084.42580000125
            ],
            [
              335654.16260000132,
              629076.68460000306
            ],
            [
              335653.19500000123,
              629071.36250000447
            ],
            [
              335650.29200000037,
              629063.6213000007
            ],
            [
              335648.84059999976,
              629058.78300000168
            ],
            [
              335645.45380000025,
              629052.97709999979
            ],
            [
              335643.51850000024,
              629048.62270000018
            ],
            [
              335641.09940000065,
              629045.71970000118
            ],
            [
              335635.38570000045,
              629042.02150000073
            ],
            [
              335631.25370000023,
              629036.70890000463
            ],
            [
              335627.71190000139,
              629030.80600000173
            ],
            [
              335620.62850000151,
              629024.90310000442
            ],
            [
              335621.21879999992,
              629017.2293999996
            ],
            [
              335621.21879999992,
              629007.19450000115
            ],
            [
              335619.44790000003,
              628994.20809999853
            ],
            [
              335619.44790000003,
              628984.17320000008
            ],
            [
              335619.44790000003,
              628976.49950000085
            ],
            [
              335618.26730000135,
              628965.87430000119
            ],
            [
              335614.72559999861,
              628957.61030000076
            ],
            [
              335614.72559999861,
              628947.5754000023
            ],
            [
              335614.72559999861,
              628942.85309999995
            ],
            [
              335614.13530000113,
              628932.81820000149
            ],
            [
              335614.72559999861,
              628928.095900001
            ],
            [
              335614.72559999861,
              628916.880400002
            ],
            [
              335612.36440000124,
              628911.56780000031
            ],
            [
              335608.8227000013,
              628904.48430000059
            ],
            [
              335599.96839999966,
              628897.40090000071
            ],
            [
              335595.83640000131,
              628892.67860000022
            ],
            [
              335590.52379999962,
              628886.77570000105
            ],
            [
              335587.84850000031,
              628884.54630000331
            ],
            [
              335583.44030000083,
              628880.87280000001
            ],
            [
              335576.35690000001,
              628876.15049999766
            ],
            [
              335568.68310000096,
              628868.47670000419
            ],
            [
              335559.23850000091,
              628863.75440000184
            ],
            [
              335555.69680000097,
              628859.62240000255
            ],
            [
              335549.79390000086,
              628856.08070000261
            ],
            [
              335543.30070000049,
              628852.5390000008
            ],
            [
              335532.08530000132,
              628847.22639999911
            ],
            [
              335520.27950000204,
              628844.27490000241
            ],
            [
              335508.47369999904,
              628841.91379999742
            ],
            [
              335499.6194000002,
              628841.3235000018
            ],
            [
              335488.40390000027,
              628840.14290000126
            ],
            [
              335482.50100000016,
              628840.14290000126
            ],
            [
              335473.64670000132,
              628840.14290000126
            ],
            [
              335470.08970000036,
              628840.14290000126
            ],
            [
              335467.15360000171,
              628840.14290000126
            ],
            [
              335463.0214999998,
              628843.6846000012
            ],
            [
              335457.70889999997,
              628846.04580000415
            ],
            [
              335444.13229999971,
              628843.6846000012
            ],
            [
              335434.68769999966,
              628841.91379999742
            ],
            [
              335420.52080000006,
              628837.78180000186
            ],
            [
              335416.38879999984,
              628834.24000000395
            ],
            [
              335410.48589999974,
              628827.15660000406
            ],
            [
              335404.58299999963,
              628818.30230000056
            ],
            [
              335401.63159999996,
              628809.44790000096
            ],
            [
              335400.45100000128,
              628803.54510000162
            ],
            [
              335397.49950000085,
              628793.51019999944
            ],
            [
              335393.36750000063,
              628782.29470000044
            ],
            [
              335392.18699999992,
              628775.80150000192
            ],
            [
              335392.18699999992,
              628763.99570000172
            ],
            [
              335389.82580000069,
              628756.91230000183
            ],
            [
              335388.64520000108,
              628750.41910000332
            ],
            [
              335391.00640000124,
              628743.92589999922
            ],
            [
              335396.90930000134,
              628743.33570000343
            ],
            [
              335403.68439999968,
              628746.46270000376
            ],
            [
              335410.48589999974,
              628749.82880000211
            ],
            [
              335419.93049999978,
              628752.18999999948
            ],
            [
              335426.42370000016,
              628752.78030000068
            ],
            [
              335436.45860000141,
              628753.96080000326
            ],
            [
              335444.72259999998,
              628755.14140000008
            ],
            [
              335455.3478000015,
              628755.14140000008
            ],
            [
              335467.15360000171,
              628754.5511000026
            ],
            [
              335478.36899999995,
              628753.96080000326
            ],
            [
              335484.86220000032,
              628752.78030000068
            ],
            [
              335492.53590000141,
              628752.18999999948
            ],
            [
              335499.029099999,
              628749.23850000091
            ],
            [
              335506.70290000085,
              628748.05800000019
            ],
            [
              335514.37660000194,
              628744.51620000042
            ],
            [
              335517.71230000164,
              628743
            ],
            [
              335522.01109999977,
              628741.22240000032
            ],
            [
              335526.77269999962,
              628739.79389999993
            ],
            [
              335534.44640000071,
              628734.48130000196
            ],
            [
              335541.52990000229,
              628728.57850000262
            ],
            [
              335546.25220000092,
              628725.62700000033
            ],
            [
              335548.37890000083,
              628723.50030000322
            ],
            [
              335551.56479999982,
              628720.31440000236
            ],
            [
              335555.10650000069,
              628716.77270000242
            ],
            [
              335561.59970000107,
              628713.23100000247
            ],
            [
              335569.86369999964,
              628710.27950000018
            ],
            [
              335576.35690000001,
              628709.09889999963
            ],
            [
              335584.62090000138,
              628706.73780000024
            ],
            [
              335595.24610000011,
              628704.37660000287
            ],
            [
              335604.10039999988,
              628704.37660000287
            ],
            [
              335610.00329999998,
              628703.19610000029
            ],
            [
              335619.44790000003,
              628701.42520000227
            ],
            [
              335624.17019999865,
              628699.65430000052
            ],
            [
              335629.48280000035,
              628699.06400000118
            ],
            [
              335636.56630000006,
              628698.4737999998
            ],
            [
              335644.24000000022,
              628698.4737999998
            ],
            [
              335654.27490000054,
              628700.24460000172
            ],
            [
              335661.35840000026,
              628703.7864000015
            ],
            [
              335665.91180000175,
              628705.71279999986
            ],
            [
              335676.70590000041,
              628710.27950000018
            ],
            [
              335682.01840000041,
              628713.82120000012
            ],
            [
              335689.6922000004,
              628717.95329999924
            ],
            [
              335696.18540000077,
              628722.67560000159
            ],
            [
              335706.22030000109,
              628729.75900000148
            ],
            [
              335711.53290000092,
              628733.30079999939
            ],
            [
              335717.43569999933,
              628736.84249999933
            ],
            [
              335725.69979999959,
              628741.56480000168
            ],
            [
              335733.37350000069,
              628745.10650000162
            ],
            [
              335741.04729999974,
              628749.23850000091
            ],
            [
              335747.54040000122,
              628752.78030000068
            ],
            [
              335755.80449999962,
              628756.32200000063
            ],
            [
              335765.83939999994,
              628761.63460000232
            ],
            [
              335775.28399999999,
              628766.94720000029
            ],
            [
              335781.7770999996,
              628772.25980000198
            ],
            [
              335788.27029999997,
              628776.98210000247
            ],
            [
              335795.94409999996,
              628785.24609999917
            ],
            [
              335810.7013000017,
              628792.91990000382
            ]
          ]
        ]
      }
    }
  ]
}