{
  "displayFieldName" : "",
  "fieldAliases" : {
    "FID" : "FID",
    "PMNTN_SPOT" : "PMNTN_SPOT",
    "MNTN_CODE" : "MNTN_CODE",
    "MANAGE_SP1" : "MANAGE_SP1",
    "MANAGE_SP2" : "MANAGE_SP2",
    "DETAIL_SPO" : "DETAIL_SPO",
    "ETC_MATTER" : "ETC_MATTER",
    "MNTN_NM" : "MNTN_NM",
    "PAST_SPOT_" : "PAST_SPOT_",
    "MNTN_ID" : "MNTN_ID"
  },
  "geometryType" : "esriGeometryPoint",
  "spatialReference" : {
    "wkt" : "PROJCS[\"PCS_ITRF2000_TM\",GEOGCS[\"GCS_ITRF_2000\",DATUM[\"D_ITRF_2000\",SPHEROID[\"GRS_1980\",6378137.0,298.257222101]],PRIMEM[\"Greenwich\",0.0],UNIT[\"Degree\",0.0174532925199433]],PROJECTION[\"Transverse_Mercator\"],PARAMETER[\"False_Easting\",200000.0],PARAMETER[\"False_Northing\",600000.0],PARAMETER[\"Central_Meridian\",127.0],PARAMETER[\"Scale_Factor\",1.0],PARAMETER[\"Latitude_Of_Origin\",38.0],UNIT[\"Meter\",1.0]]"
  },
  "fields" : [
    {
      "name" : "FID",
      "type" : "esriFieldTypeOID",
      "alias" : "FID"
    },
    {
      "name" : "PMNTN_SPOT",
      "type" : "esriFieldTypeDouble",
      "alias" : "PMNTN_SPOT"
    },
    {
      "name" : "MNTN_CODE",
      "type" : "esriFieldTypeString",
      "alias" : "MNTN_CODE",
      "length" : 9
    },
    {
      "name" : "MANAGE_SP1",
      "type" : "esriFieldTypeString",
      "alias" : "MANAGE_SP1",
      "length" : 2
    },
    {
      "name" : "MANAGE_SP2",
      "type" : "esriFieldTypeString",
      "alias" : "MANAGE_SP2",
      "length" : 50
    },
    {
      "name" : "DETAIL_SPO",
      "type" : "esriFieldTypeString",
      "alias" : "DETAIL_SPO",
      "length" : 200
    },
    {
      "name" : "ETC_MATTER",
      "type" : "esriFieldTypeString",
      "alias" : "ETC_MATTER",
      "length" : 200
    },
    {
      "name" : "MNTN_NM",
      "type" : "esriFieldTypeString",
      "alias" : "MNTN_NM",
      "length" : 50
    },
    {
      "name" : "PAST_SPOT_",
      "type" : "esriFieldTypeString",
      "alias" : "PAST_SPOT_",
      "length" : 14
    },
    {
      "name" : "MNTN_ID",
      "type" : "esriFieldTypeString",
      "alias" : "MNTN_ID",
      "length" : 10
    }
  ],
  "features" : [
    {
      "attributes" : {
        "FID" : 0,
        "PMNTN_SPOT" : 72840,
        "MNTN_CODE" : "441502801",
        "MANAGE_SP1" : "99",
        "MANAGE_SP2" : "기타",
        "DETAIL_SPO" : "월성산입구",
        "ETC_MATTER" : " ",
        "MNTN_NM" : "월성산",
        "PAST_SPOT_" : "4415028010001",
        "MNTN_ID" : "441502801"
      },
      "geometry" : {
        "x" : 212172.14750000089,
        "y" : 427661.29700000025
      }
    },
    {
      "attributes" : {
        "FID" : 1,
        "PMNTN_SPOT" : 72841,
        "MNTN_CODE" : "441502801",
        "MANAGE_SP1" : "99",
        "MANAGE_SP2" : "기타",
        "DETAIL_SPO" : "수원사지, 안내판",
        "ETC_MATTER" : " ",
        "MNTN_NM" : "월성산",
        "PAST_SPOT_" : "4415028010002",
        "MNTN_ID" : "441502801"
      },
      "geometry" : {
        "x" : 212239.18560000043,
        "y" : 427490.93789999932
      }
    },
    {
      "attributes" : {
        "FID" : 2,
        "PMNTN_SPOT" : 72842,
        "MNTN_CODE" : "441502801",
        "MANAGE_SP1" : "11",
        "MANAGE_SP2" : "안내판또는지도",
        "DETAIL_SPO" : "안내판",
        "ETC_MATTER" : " ",
        "MNTN_NM" : "월성산",
        "PAST_SPOT_" : "4415028010003",
        "MNTN_ID" : "441502801"
      },
      "geometry" : {
        "x" : 212238.56649999879,
        "y" : 427418.59230000153
      }
    },
    {
      "attributes" : {
        "FID" : 3,
        "PMNTN_SPOT" : 72843,
        "MNTN_CODE" : "441502801",
        "MANAGE_SP1" : "10",
        "MANAGE_SP2" : "이정표",
        "DETAIL_SPO" : "이정표,목계단",
        "ETC_MATTER" : " ",
        "MNTN_NM" : "월성산",
        "PAST_SPOT_" : "4415028010004",
        "MNTN_ID" : "441502801"
      },
      "geometry" : {
        "x" : 212286.88989999983,
        "y" : 427294.59220000356
      }
    },
    {
      "attributes" : {
        "FID" : 4,
        "PMNTN_SPOT" : 72844,
        "MNTN_CODE" : "441502801",
        "MANAGE_SP1" : "05",
        "MANAGE_SP2" : "벤치",
        "DETAIL_SPO" : "벤치,운동시설,화장실",
        "ETC_MATTER" : " ",
        "MNTN_NM" : "월성산",
        "PAST_SPOT_" : "4415028010005",
        "MNTN_ID" : "441502801"
      },
      "geometry" : {
        "x" : 212309.44900000002,
        "y" : 427316.1566000022
      }
    },
    {
      "attributes" : {
        "FID" : 5,
        "PMNTN_SPOT" : 72845,
        "MNTN_CODE" : "441502801",
        "MANAGE_SP1" : "99",
        "MANAGE_SP2" : "기타",
        "DETAIL_SPO" : "목계단",
        "ETC_MATTER" : " ",
        "MNTN_NM" : "월성산",
        "PAST_SPOT_" : "4415028010006",
        "MNTN_ID" : "441502801"
      },
      "geometry" : {
        "x" : 212280.22559999954,
        "y" : 427251.31360000186
      }
    },
    {
      "attributes" : {
        "FID" : 6,
        "PMNTN_SPOT" : 72846,
        "MNTN_CODE" : "441502801",
        "MANAGE_SP1" : "99",
        "MANAGE_SP2" : "기타",
        "DETAIL_SPO" : "목계단",
        "ETC_MATTER" : " ",
        "MNTN_NM" : "월성산",
        "PAST_SPOT_" : "4415028010007",
        "MNTN_ID" : "441502801"
      },
      "geometry" : {
        "x" : 212332.43080000021,
        "y" : 427109.67490000278
      }
    },
    {
      "attributes" : {
        "FID" : 7,
        "PMNTN_SPOT" : 72847,
        "MNTN_CODE" : "441502801",
        "MANAGE_SP1" : "99",
        "MANAGE_SP2" : "기타",
        "DETAIL_SPO" : "목계단",
        "ETC_MATTER" : " ",
        "MNTN_NM" : "월성산",
        "PAST_SPOT_" : "4415028010008",
        "MNTN_ID" : "441502801"
      },
      "geometry" : {
        "x" : 212334.63590000011,
        "y" : 427070.62240000069
      }
    },
    {
      "attributes" : {
        "FID" : 8,
        "PMNTN_SPOT" : 72848,
        "MNTN_CODE" : "441502801",
        "MANAGE_SP1" : "99",
        "MANAGE_SP2" : "기타",
        "DETAIL_SPO" : "월성정",
        "ETC_MATTER" : " ",
        "MNTN_NM" : "월성산",
        "PAST_SPOT_" : "4415028010009",
        "MNTN_ID" : "441502801"
      },
      "geometry" : {
        "x" : 212367.30709999986,
        "y" : 426921.19889999926
      }
    },
    {
      "attributes" : {
        "FID" : 9,
        "PMNTN_SPOT" : 72849,
        "MNTN_CODE" : "441502801",
        "MANAGE_SP1" : "99",
        "MANAGE_SP2" : "기타",
        "DETAIL_SPO" : "목계단",
        "ETC_MATTER" : " ",
        "MNTN_NM" : "월성산",
        "PAST_SPOT_" : "4415028010010",
        "MNTN_ID" : "441502801"
      },
      "geometry" : {
        "x" : 212459.81479999982,
        "y" : 426934.86490000412
      }
    },
    {
      "attributes" : {
        "FID" : 10,
        "PMNTN_SPOT" : 72850,
        "MNTN_CODE" : "441502801",
        "MANAGE_SP1" : "99",
        "MANAGE_SP2" : "기타",
        "DETAIL_SPO" : "목계단",
        "ETC_MATTER" : " ",
        "MNTN_NM" : "월성산",
        "PAST_SPOT_" : "4415028010011",
        "MNTN_ID" : "441502801"
      },
      "geometry" : {
        "x" : 212496.58000000007,
        "y" : 426934.24829999916
      }
    },
    {
      "attributes" : {
        "FID" : 11,
        "PMNTN_SPOT" : 72851,
        "MNTN_CODE" : "441502801",
        "MANAGE_SP1" : "99",
        "MANAGE_SP2" : "기타",
        "DETAIL_SPO" : "조난표",
        "ETC_MATTER" : " ",
        "MNTN_NM" : "월성산",
        "PAST_SPOT_" : "4415028010012",
        "MNTN_ID" : "441502801"
      },
      "geometry" : {
        "x" : 212494.77220000047,
        "y" : 426942.34699999914
      }
    },
    {
      "attributes" : {
        "FID" : 12,
        "PMNTN_SPOT" : 72852,
        "MNTN_CODE" : "441502801",
        "MANAGE_SP1" : "99",
        "MANAGE_SP2" : "기타",
        "DETAIL_SPO" : "목계단",
        "ETC_MATTER" : " ",
        "MNTN_NM" : "월성산",
        "PAST_SPOT_" : "4415028010013",
        "MNTN_ID" : "441502801"
      },
      "geometry" : {
        "x" : 212546.88070000056,
        "y" : 426933.21420000121
      }
    },
    {
      "attributes" : {
        "FID" : 13,
        "PMNTN_SPOT" : 72853,
        "MNTN_CODE" : "441502801",
        "MANAGE_SP1" : "99",
        "MANAGE_SP2" : "기타",
        "DETAIL_SPO" : "목계단",
        "ETC_MATTER" : " ",
        "MNTN_NM" : "월성산",
        "PAST_SPOT_" : "4415028010014",
        "MNTN_ID" : "441502801"
      },
      "geometry" : {
        "x" : 212570.00779999979,
        "y" : 426936.46600000001
      }
    },
    {
      "attributes" : {
        "FID" : 14,
        "PMNTN_SPOT" : 72854,
        "MNTN_CODE" : "441502801",
        "MANAGE_SP1" : "11",
        "MANAGE_SP2" : "안내판또는지도",
        "DETAIL_SPO" : "안내판,벤치,조난표",
        "ETC_MATTER" : " ",
        "MNTN_NM" : "월성산",
        "PAST_SPOT_" : "4415028010015",
        "MNTN_ID" : "441502801"
      },
      "geometry" : {
        "x" : 212592.07340000104,
        "y" : 426930.61980000138
      }
    },
    {
      "attributes" : {
        "FID" : 15,
        "PMNTN_SPOT" : 72855,
        "MNTN_CODE" : "441502801",
        "MANAGE_SP1" : "99",
        "MANAGE_SP2" : "기타",
        "DETAIL_SPO" : "목계단",
        "ETC_MATTER" : " ",
        "MNTN_NM" : "월성산",
        "PAST_SPOT_" : "4415028010016",
        "MNTN_ID" : "441502801"
      },
      "geometry" : {
        "x" : 212618.0735000018,
        "y" : 426927.21619999968
      }
    },
    {
      "attributes" : {
        "FID" : 16,
        "PMNTN_SPOT" : 72856,
        "MNTN_CODE" : "441502801",
        "MANAGE_SP1" : "99",
        "MANAGE_SP2" : "기타",
        "DETAIL_SPO" : "목계단",
        "ETC_MATTER" : " ",
        "MNTN_NM" : "월성산",
        "PAST_SPOT_" : "4415028010017",
        "MNTN_ID" : "441502801"
      },
      "geometry" : {
        "x" : 212686.10839999933,
        "y" : 426942.84880000167
      }
    },
    {
      "attributes" : {
        "FID" : 17,
        "PMNTN_SPOT" : 72857,
        "MNTN_CODE" : "441502801",
        "MANAGE_SP1" : "10",
        "MANAGE_SP2" : "이정표",
        "DETAIL_SPO" : "이정표,조난표,안내판,벤치",
        "ETC_MATTER" : " ",
        "MNTN_NM" : "월성산",
        "PAST_SPOT_" : "4415028010018",
        "MNTN_ID" : "441502801"
      },
      "geometry" : {
        "x" : 212695.61990000028,
        "y" : 426934.43590000272
      }
    },
    {
      "attributes" : {
        "FID" : 18,
        "PMNTN_SPOT" : 72858,
        "MNTN_CODE" : "441502801",
        "MANAGE_SP1" : "23",
        "MANAGE_SP2" : "정상",
        "DETAIL_SPO" : "벤치,운동기구,봉화대,정상,삼각점",
        "ETC_MATTER" : " ",
        "MNTN_NM" : "월성산",
        "PAST_SPOT_" : "4415028010019",
        "MNTN_ID" : "441502801"
      },
      "geometry" : {
        "x" : 212696.44710000139,
        "y" : 426985.25879999995
      }
    },
    {
      "attributes" : {
        "FID" : 19,
        "PMNTN_SPOT" : 72859,
        "MNTN_CODE" : "441502801",
        "MANAGE_SP1" : "99",
        "MANAGE_SP2" : "기타",
        "DETAIL_SPO" : "안전끈",
        "ETC_MATTER" : " ",
        "MNTN_NM" : "월성산",
        "PAST_SPOT_" : "4415028010020",
        "MNTN_ID" : "441502801"
      },
      "geometry" : {
        "x" : 212721.51280000061,
        "y" : 427009.04150000028
      }
    },
    {
      "attributes" : {
        "FID" : 20,
        "PMNTN_SPOT" : 72860,
        "MNTN_CODE" : "441502801",
        "MANAGE_SP1" : "99",
        "MANAGE_SP2" : "기타",
        "DETAIL_SPO" : "조난표,벤치,조망점",
        "ETC_MATTER" : " ",
        "MNTN_NM" : "월성산",
        "PAST_SPOT_" : "4415028010021",
        "MNTN_ID" : "441502801"
      },
      "geometry" : {
        "x" : 212756.20630000066,
        "y" : 427072.78710000031
      }
    },
    {
      "attributes" : {
        "FID" : 21,
        "PMNTN_SPOT" : 72861,
        "MNTN_CODE" : "441502801",
        "MANAGE_SP1" : "15",
        "MANAGE_SP2" : "훼손지",
        "DETAIL_SPO" : "훼손지",
        "ETC_MATTER" : " ",
        "MNTN_NM" : "월성산",
        "PAST_SPOT_" : "4415028010022",
        "MNTN_ID" : "441502801"
      },
      "geometry" : {
        "x" : 212774.9187000012,
        "y" : 427154.26540000178
      }
    },
    {
      "attributes" : {
        "FID" : 22,
        "PMNTN_SPOT" : 72862,
        "MNTN_CODE" : "441502801",
        "MANAGE_SP1" : "10",
        "MANAGE_SP2" : "이정표",
        "DETAIL_SPO" : "이정표",
        "ETC_MATTER" : " ",
        "MNTN_NM" : "월성산",
        "PAST_SPOT_" : "4415028010023",
        "MNTN_ID" : "441502801"
      },
      "geometry" : {
        "x" : 212793.94330000132,
        "y" : 427202.34350000136
      }
    },
    {
      "attributes" : {
        "FID" : 23,
        "PMNTN_SPOT" : 72863,
        "MNTN_CODE" : "441502801",
        "MANAGE_SP1" : "99",
        "MANAGE_SP2" : "기타",
        "DETAIL_SPO" : "안전끈",
        "ETC_MATTER" : " ",
        "MNTN_NM" : "월성산",
        "PAST_SPOT_" : "4415028010024",
        "MNTN_ID" : "441502801"
      },
      "geometry" : {
        "x" : 212777.96100000199,
        "y" : 427216.18789999932
      }
    },
    {
      "attributes" : {
        "FID" : 24,
        "PMNTN_SPOT" : 72864,
        "MNTN_CODE" : "441502801",
        "MANAGE_SP1" : "99",
        "MANAGE_SP2" : "기타",
        "DETAIL_SPO" : "안전끈,훼손지",
        "ETC_MATTER" : " ",
        "MNTN_NM" : "월성산",
        "PAST_SPOT_" : "4415028010025",
        "MNTN_ID" : "441502801"
      },
      "geometry" : {
        "x" : 212736.39319999982,
        "y" : 427253.63830000348
      }
    },
    {
      "attributes" : {
        "FID" : 25,
        "PMNTN_SPOT" : 72865,
        "MNTN_CODE" : "441502801",
        "MANAGE_SP1" : "10",
        "MANAGE_SP2" : "이정표",
        "DETAIL_SPO" : "이정표,벤치",
        "ETC_MATTER" : " ",
        "MNTN_NM" : "월성산",
        "PAST_SPOT_" : "4415028010026",
        "MNTN_ID" : "441502801"
      },
      "geometry" : {
        "x" : 212674.02130000014,
        "y" : 427416.33620000258
      }
    },
    {
      "attributes" : {
        "FID" : 26,
        "PMNTN_SPOT" : 72866,
        "MNTN_CODE" : "441502801",
        "MANAGE_SP1" : "15",
        "MANAGE_SP2" : "훼손지",
        "DETAIL_SPO" : "훼손지",
        "ETC_MATTER" : " ",
        "MNTN_NM" : "월성산",
        "PAST_SPOT_" : "4415028010027",
        "MNTN_ID" : "441502801"
      },
      "geometry" : {
        "x" : 212652.89010000043,
        "y" : 427400.65130000003
      }
    },
    {
      "attributes" : {
        "FID" : 27,
        "PMNTN_SPOT" : 72867,
        "MNTN_CODE" : "441502801",
        "MANAGE_SP1" : "11",
        "MANAGE_SP2" : "안내판또는지도",
        "DETAIL_SPO" : "안내판",
        "ETC_MATTER" : " ",
        "MNTN_NM" : "월성산",
        "PAST_SPOT_" : "4415028010028",
        "MNTN_ID" : "441502801"
      },
      "geometry" : {
        "x" : 212449.14350000117,
        "y" : 427373.16820000112
      }
    },
    {
      "attributes" : {
        "FID" : 28,
        "PMNTN_SPOT" : 72868,
        "MNTN_CODE" : "441502801",
        "MANAGE_SP1" : "10",
        "MANAGE_SP2" : "이정표",
        "DETAIL_SPO" : "이정표",
        "ETC_MATTER" : " ",
        "MNTN_NM" : "월성산",
        "PAST_SPOT_" : "4415028010029",
        "MNTN_ID" : "441502801"
      },
      "geometry" : {
        "x" : 212105.0066000009,
        "y" : 427273.48230000213
      }
    },
    {
      "attributes" : {
        "FID" : 29,
        "PMNTN_SPOT" : 72869,
        "MNTN_CODE" : "441502801",
        "MANAGE_SP1" : "10",
        "MANAGE_SP2" : "이정표",
        "DETAIL_SPO" : "이정표",
        "ETC_MATTER" : " ",
        "MNTN_NM" : "월성산",
        "PAST_SPOT_" : "4415028010030",
        "MNTN_ID" : "441502801"
      },
      "geometry" : {
        "x" : 212194.89230000041,
        "y" : 427108.37300000153
      }
    },
    {
      "attributes" : {
        "FID" : 30,
        "PMNTN_SPOT" : 72870,
        "MNTN_CODE" : "441502801",
        "MANAGE_SP1" : "99",
        "MANAGE_SP2" : "기타",
        "DETAIL_SPO" : "희망탑,조난표",
        "ETC_MATTER" : " ",
        "MNTN_NM" : "월성산",
        "PAST_SPOT_" : "4415028010031",
        "MNTN_ID" : "441502801"
      },
      "geometry" : {
        "x" : 212208.88599999994,
        "y" : 427044.02860000171
      }
    },
    {
      "attributes" : {
        "FID" : 31,
        "PMNTN_SPOT" : 72871,
        "MNTN_CODE" : "441502801",
        "MANAGE_SP1" : "99",
        "MANAGE_SP2" : "기타",
        "DETAIL_SPO" : "무란주",
        "ETC_MATTER" : " ",
        "MNTN_NM" : "월성산",
        "PAST_SPOT_" : "4415028010032",
        "MNTN_ID" : "441502801"
      },
      "geometry" : {
        "x" : 212405.67650000099,
        "y" : 426734.93240000121
      }
    },
    {
      "attributes" : {
        "FID" : 32,
        "PMNTN_SPOT" : 72872,
        "MNTN_CODE" : "441502801",
        "MANAGE_SP1" : "10",
        "MANAGE_SP2" : "이정표",
        "DETAIL_SPO" : "이정표",
        "ETC_MATTER" : " ",
        "MNTN_NM" : "월성산",
        "PAST_SPOT_" : "4415028010033",
        "MNTN_ID" : "441502801"
      },
      "geometry" : {
        "x" : 212628.72270000074,
        "y" : 426695.52990000136
      }
    },
    {
      "attributes" : {
        "FID" : 33,
        "PMNTN_SPOT" : 72873,
        "MNTN_CODE" : "441502801",
        "MANAGE_SP1" : "99",
        "MANAGE_SP2" : "기타",
        "DETAIL_SPO" : "안전루프",
        "ETC_MATTER" : " ",
        "MNTN_NM" : "월성산",
        "PAST_SPOT_" : "4415028010034",
        "MNTN_ID" : "441502801"
      },
      "geometry" : {
        "x" : 212678.20069999993,
        "y" : 426831.20430000126
      }
    },
    {
      "attributes" : {
        "FID" : 34,
        "PMNTN_SPOT" : 72874,
        "MNTN_CODE" : "441502801",
        "MANAGE_SP1" : "99",
        "MANAGE_SP2" : "기타",
        "DETAIL_SPO" : "안전루프",
        "ETC_MATTER" : " ",
        "MNTN_NM" : "월성산",
        "PAST_SPOT_" : "4415028010035",
        "MNTN_ID" : "441502801"
      },
      "geometry" : {
        "x" : 212691.75129999965,
        "y" : 426882.04590000026
      }
    },
    {
      "attributes" : {
        "FID" : 35,
        "PMNTN_SPOT" : 72875,
        "MNTN_CODE" : "441502801",
        "MANAGE_SP1" : "06",
        "MANAGE_SP2" : "음수대",
        "DETAIL_SPO" : "약수터",
        "ETC_MATTER" : " ",
        "MNTN_NM" : "월성산",
        "PAST_SPOT_" : "4415028010036",
        "MNTN_ID" : "441502801"
      },
      "geometry" : {
        "x" : 212373.22589999996,
        "y" : 427044.2621000018
      }
    },
    {
      "attributes" : {
        "FID" : 36,
        "PMNTN_SPOT" : 72876,
        "MNTN_CODE" : "441502801",
        "MANAGE_SP1" : "99",
        "MANAGE_SP2" : "기타",
        "DETAIL_SPO" : "목계단",
        "ETC_MATTER" : " ",
        "MNTN_NM" : "월성산",
        "PAST_SPOT_" : "4415028010037",
        "MNTN_ID" : "441502801"
      },
      "geometry" : {
        "x" : 212312.25939999986,
        "y" : 427041.84979999997
      }
    },
    {
      "attributes" : {
        "FID" : 37,
        "PMNTN_SPOT" : 72877,
        "MNTN_CODE" : "441502801",
        "MANAGE_SP1" : "99",
        "MANAGE_SP2" : "기타",
        "DETAIL_SPO" : "목계단",
        "ETC_MATTER" : " ",
        "MNTN_NM" : "월성산",
        "PAST_SPOT_" : "4415028010038",
        "MNTN_ID" : "441502801"
      },
      "geometry" : {
        "x" : 212283.34169999976,
        "y" : 427078.53900000267
      }
    },
    {
      "attributes" : {
        "FID" : 38,
        "PMNTN_SPOT" : 72878,
        "MNTN_CODE" : "441502801",
        "MANAGE_SP1" : "99",
        "MANAGE_SP2" : "기타",
        "DETAIL_SPO" : "묘지",
        "ETC_MATTER" : " ",
        "MNTN_NM" : "월성산",
        "PAST_SPOT_" : "4415028010039",
        "MNTN_ID" : "441502801"
      },
      "geometry" : {
        "x" : 212162.29560000077,
        "y" : 427212.64000000246
      }
    },
    {
      "attributes" : {
        "FID" : 39,
        "PMNTN_SPOT" : 72879,
        "MNTN_CODE" : "441502801",
        "MANAGE_SP1" : "99",
        "MANAGE_SP2" : "기타",
        "DETAIL_SPO" : "묘지",
        "ETC_MATTER" : " ",
        "MNTN_NM" : "월성산",
        "PAST_SPOT_" : "4415028010040",
        "MNTN_ID" : "441502801"
      },
      "geometry" : {
        "x" : 212208.08930000011,
        "y" : 427288.93710000068
      }
    },
    {
      "attributes" : {
        "FID" : 40,
        "PMNTN_SPOT" : 72880,
        "MNTN_CODE" : "441502801",
        "MANAGE_SP1" : "99",
        "MANAGE_SP2" : "기타",
        "DETAIL_SPO" : "목계단",
        "ETC_MATTER" : " ",
        "MNTN_NM" : "월성산",
        "PAST_SPOT_" : "4415028010041",
        "MNTN_ID" : "441502801"
      },
      "geometry" : {
        "x" : 212211.06110000052,
        "y" : 427281.17479999922
      }
    },
    {
      "attributes" : {
        "FID" : 41,
        "PMNTN_SPOT" : 72881,
        "MNTN_CODE" : "441502801",
        "MANAGE_SP1" : "99",
        "MANAGE_SP2" : "기타",
        "DETAIL_SPO" : "목계단",
        "ETC_MATTER" : " ",
        "MNTN_NM" : "월성산",
        "PAST_SPOT_" : "4415028010042",
        "MNTN_ID" : "441502801"
      },
      "geometry" : {
        "x" : 212267.53160000034,
        "y" : 427289.24440000206
      }
    },
    {
      "attributes" : {
        "FID" : 42,
        "PMNTN_SPOT" : 72882,
        "MNTN_CODE" : "441502801",
        "MANAGE_SP1" : "10",
        "MANAGE_SP2" : "이정표",
        "DETAIL_SPO" : "이정표",
        "ETC_MATTER" : " ",
        "MNTN_NM" : "월성산",
        "PAST_SPOT_" : "4415028010043",
        "MNTN_ID" : "441502801"
      },
      "geometry" : {
        "x" : 212062.83249999955,
        "y" : 427300.71309999935
      }
    },
    {
      "attributes" : {
        "FID" : 43,
        "PMNTN_SPOT" : 72883,
        "MNTN_CODE" : "441502801",
        "MANAGE_SP1" : "05",
        "MANAGE_SP2" : "벤치",
        "DETAIL_SPO" : "벤치,운동시설,안내판",
        "ETC_MATTER" : " ",
        "MNTN_NM" : "월성산",
        "PAST_SPOT_" : "4415028010044",
        "MNTN_ID" : "441502801"
      },
      "geometry" : {
        "x" : 212003.29490000103,
        "y" : 427304.18330000155
      }
    },
    {
      "attributes" : {
        "FID" : 44,
        "PMNTN_SPOT" : 72884,
        "MNTN_CODE" : "441502801",
        "MANAGE_SP1" : "05",
        "MANAGE_SP2" : "벤치",
        "DETAIL_SPO" : "벤치,\n운동시설",
        "ETC_MATTER" : " ",
        "MNTN_NM" : "월성산",
        "PAST_SPOT_" : "4415028010045",
        "MNTN_ID" : "441502801"
      },
      "geometry" : {
        "x" : 211823.9553000005,
        "y" : 427521.77019999921
      }
    },
    {
      "attributes" : {
        "FID" : 45,
        "PMNTN_SPOT" : 72885,
        "MNTN_CODE" : "441502801",
        "MANAGE_SP1" : "10",
        "MANAGE_SP2" : "이정표",
        "DETAIL_SPO" : "이정표",
        "ETC_MATTER" : " ",
        "MNTN_NM" : "월성산",
        "PAST_SPOT_" : "4415028010046",
        "MNTN_ID" : "441502801"
      },
      "geometry" : {
        "x" : 211816.95480000135,
        "y" : 427524.97880000062
      }
    },
    {
      "attributes" : {
        "FID" : 46,
        "PMNTN_SPOT" : 72886,
        "MNTN_CODE" : "441502801",
        "MANAGE_SP1" : "05",
        "MANAGE_SP2" : "벤치",
        "DETAIL_SPO" : "벤치,\n운동시설",
        "ETC_MATTER" : " ",
        "MNTN_NM" : "월성산",
        "PAST_SPOT_" : "4415028010047",
        "MNTN_ID" : "441502801"
      },
      "geometry" : {
        "x" : 211652.58150000125,
        "y" : 427556.26820000261
      }
    },
    {
      "attributes" : {
        "FID" : 47,
        "PMNTN_SPOT" : 72887,
        "MNTN_CODE" : "441502801",
        "MANAGE_SP1" : "10",
        "MANAGE_SP2" : "이정표",
        "DETAIL_SPO" : "이정표",
        "ETC_MATTER" : " ",
        "MNTN_NM" : "월성산",
        "PAST_SPOT_" : "4415028010048",
        "MNTN_ID" : "441502801"
      },
      "geometry" : {
        "x" : 211491.92940000165,
        "y" : 427751.35970000178
      }
    },
    {
      "attributes" : {
        "FID" : 48,
        "PMNTN_SPOT" : 72888,
        "MNTN_CODE" : "441502801",
        "MANAGE_SP1" : "05",
        "MANAGE_SP2" : "벤치",
        "DETAIL_SPO" : "벤치",
        "ETC_MATTER" : " ",
        "MNTN_NM" : "월성산",
        "PAST_SPOT_" : "4415028010049",
        "MNTN_ID" : "441502801"
      },
      "geometry" : {
        "x" : 211494.70100000128,
        "y" : 427757.90220000409
      }
    },
    {
      "attributes" : {
        "FID" : 49,
        "PMNTN_SPOT" : 72889,
        "MNTN_CODE" : "441502801",
        "MANAGE_SP1" : "99",
        "MANAGE_SP2" : "기타",
        "DETAIL_SPO" : "묘지",
        "ETC_MATTER" : " ",
        "MNTN_NM" : "월성산",
        "PAST_SPOT_" : "4415028010050",
        "MNTN_ID" : "441502801"
      },
      "geometry" : {
        "x" : 211441.83019999973,
        "y" : 427944.48850000277
      }
    },
    {
      "attributes" : {
        "FID" : 50,
        "PMNTN_SPOT" : 72890,
        "MNTN_CODE" : "441502801",
        "MANAGE_SP1" : "99",
        "MANAGE_SP2" : "기타",
        "DETAIL_SPO" : "민가",
        "ETC_MATTER" : " ",
        "MNTN_NM" : "월성산",
        "PAST_SPOT_" : "4415028010051",
        "MNTN_ID" : "441502801"
      },
      "geometry" : {
        "x" : 211357.86490000132,
        "y" : 427984.76359999925
      }
    },
    {
      "attributes" : {
        "FID" : 51,
        "PMNTN_SPOT" : 72891,
        "MNTN_CODE" : "441502801",
        "MANAGE_SP1" : "99",
        "MANAGE_SP2" : "기타",
        "DETAIL_SPO" : "민가",
        "ETC_MATTER" : " ",
        "MNTN_NM" : "월성산",
        "PAST_SPOT_" : "4415028010052",
        "MNTN_ID" : "441502801"
      },
      "geometry" : {
        "x" : 211471.82629999984,
        "y" : 428171.78449999914
      }
    },
    {
      "attributes" : {
        "FID" : 52,
        "PMNTN_SPOT" : 72892,
        "MNTN_CODE" : "441502801",
        "MANAGE_SP1" : "99",
        "MANAGE_SP2" : "기타",
        "DETAIL_SPO" : "민가",
        "ETC_MATTER" : " ",
        "MNTN_NM" : "월성산",
        "PAST_SPOT_" : "4415028010053",
        "MNTN_ID" : "441502801"
      },
      "geometry" : {
        "x" : 211366.57799999975,
        "y" : 427901.65960000269
      }
    },
    {
      "attributes" : {
        "FID" : 53,
        "PMNTN_SPOT" : 72893,
        "MNTN_CODE" : "441502801",
        "MANAGE_SP1" : "15",
        "MANAGE_SP2" : "훼손지",
        "DETAIL_SPO" : "훼손지",
        "ETC_MATTER" : " ",
        "MNTN_NM" : "월성산",
        "PAST_SPOT_" : "4415028010054",
        "MNTN_ID" : "441502801"
      },
      "geometry" : {
        "x" : 211451.00140000042,
        "y" : 427788.47300000302
      }
    },
    {
      "attributes" : {
        "FID" : 54,
        "PMNTN_SPOT" : 72894,
        "MNTN_CODE" : "441502801",
        "MANAGE_SP1" : "99",
        "MANAGE_SP2" : "기타",
        "DETAIL_SPO" : "민가",
        "ETC_MATTER" : " ",
        "MNTN_NM" : "월성산",
        "PAST_SPOT_" : "4415028010055",
        "MNTN_ID" : "441502801"
      },
      "geometry" : {
        "x" : 211359.37480000127,
        "y" : 427721.99740000255
      }
    },
    {
      "attributes" : {
        "FID" : 55,
        "PMNTN_SPOT" : 72895,
        "MNTN_CODE" : "441502801",
        "MANAGE_SP1" : "99",
        "MANAGE_SP2" : "기타",
        "DETAIL_SPO" : "목계단",
        "ETC_MATTER" : " ",
        "MNTN_NM" : "월성산",
        "PAST_SPOT_" : "4415028010056",
        "MNTN_ID" : "441502801"
      },
      "geometry" : {
        "x" : 211325.23120000027,
        "y" : 427370.18149999902
      }
    },
    {
      "attributes" : {
        "FID" : 56,
        "PMNTN_SPOT" : 72896,
        "MNTN_CODE" : "441502801",
        "MANAGE_SP1" : "99",
        "MANAGE_SP2" : "기타",
        "DETAIL_SPO" : "밭",
        "ETC_MATTER" : " ",
        "MNTN_NM" : "월성산",
        "PAST_SPOT_" : "4415028010057",
        "MNTN_ID" : "441502801"
      },
      "geometry" : {
        "x" : 211315.91620000079,
        "y" : 427361.95629999973
      }
    },
    {
      "attributes" : {
        "FID" : 57,
        "PMNTN_SPOT" : 72897,
        "MNTN_CODE" : "441502801",
        "MANAGE_SP1" : "05",
        "MANAGE_SP2" : "벤치",
        "DETAIL_SPO" : "벤치,\n운동시설",
        "ETC_MATTER" : " ",
        "MNTN_NM" : "월성산",
        "PAST_SPOT_" : "4415028010058",
        "MNTN_ID" : "441502801"
      },
      "geometry" : {
        "x" : 211110.47339999955,
        "y" : 427322.96920000203
      }
    },
    {
      "attributes" : {
        "FID" : 58,
        "PMNTN_SPOT" : 72898,
        "MNTN_CODE" : "441502801",
        "MANAGE_SP1" : "10",
        "MANAGE_SP2" : "이정표",
        "DETAIL_SPO" : "이정표,벤치",
        "ETC_MATTER" : " ",
        "MNTN_NM" : "월성산",
        "PAST_SPOT_" : "4415028010059",
        "MNTN_ID" : "441502801"
      },
      "geometry" : {
        "x" : 211828.38269999996,
        "y" : 427559.39030000009
      }
    },
    {
      "attributes" : {
        "FID" : 59,
        "PMNTN_SPOT" : 72899,
        "MNTN_CODE" : "441502801",
        "MANAGE_SP1" : "11",
        "MANAGE_SP2" : "안내판또는지도",
        "DETAIL_SPO" : "안내판",
        "ETC_MATTER" : " ",
        "MNTN_NM" : "월성산",
        "PAST_SPOT_" : "4415028010060",
        "MNTN_ID" : "441502801"
      },
      "geometry" : {
        "x" : 211877.3387000002,
        "y" : 427686.62340000086
      }
    },
    {
      "attributes" : {
        "FID" : 60,
        "PMNTN_SPOT" : 72900,
        "MNTN_CODE" : "441502801",
        "MANAGE_SP1" : "05",
        "MANAGE_SP2" : "벤치",
        "DETAIL_SPO" : "벤치",
        "ETC_MATTER" : " ",
        "MNTN_NM" : "월성산",
        "PAST_SPOT_" : "4415028010061",
        "MNTN_ID" : "441502801"
      },
      "geometry" : {
        "x" : 211931.98529999889,
        "y" : 427653.29810000025
      }
    },
    {
      "attributes" : {
        "FID" : 61,
        "PMNTN_SPOT" : 72901,
        "MNTN_CODE" : "441502801",
        "MANAGE_SP1" : "99",
        "MANAGE_SP2" : "기타",
        "DETAIL_SPO" : "묘지",
        "ETC_MATTER" : " ",
        "MNTN_NM" : "월성산",
        "PAST_SPOT_" : "4415028010062",
        "MNTN_ID" : "441502801"
      },
      "geometry" : {
        "x" : 212074.35980000161,
        "y" : 427328.02820000239
      }
    },
    {
      "attributes" : {
        "FID" : 62,
        "PMNTN_SPOT" : 72902,
        "MNTN_CODE" : "441502801",
        "MANAGE_SP1" : "99",
        "MANAGE_SP2" : "기타",
        "DETAIL_SPO" : "묘지",
        "ETC_MATTER" : " ",
        "MNTN_NM" : "월성산",
        "PAST_SPOT_" : "4415028010063",
        "MNTN_ID" : "441502801"
      },
      "geometry" : {
        "x" : 212102.6015999997,
        "y" : 427391.76230000146
      }
    },
    {
      "attributes" : {
        "FID" : 63,
        "PMNTN_SPOT" : 72903,
        "MNTN_CODE" : "441502801",
        "MANAGE_SP1" : "99",
        "MANAGE_SP2" : "기타",
        "DETAIL_SPO" : "묘지",
        "ETC_MATTER" : " ",
        "MNTN_NM" : "월성산",
        "PAST_SPOT_" : "4415028010064",
        "MNTN_ID" : "441502801"
      },
      "geometry" : {
        "x" : 212109.878800001,
        "y" : 427443.37549999915
      }
    },
    {
      "attributes" : {
        "FID" : 64,
        "PMNTN_SPOT" : 72904,
        "MNTN_CODE" : "441502801",
        "MANAGE_SP1" : "05",
        "MANAGE_SP2" : "벤치",
        "DETAIL_SPO" : "벤치",
        "ETC_MATTER" : " ",
        "MNTN_NM" : "월성산",
        "PAST_SPOT_" : "4415028010065",
        "MNTN_ID" : "441502801"
      },
      "geometry" : {
        "x" : 212653.06940000225,
        "y" : 427586.30350000039
      }
    },
    {
      "attributes" : {
        "FID" : 65,
        "PMNTN_SPOT" : 72905,
        "MNTN_CODE" : "441502801",
        "MANAGE_SP1" : "03",
        "MANAGE_SP2" : "정자",
        "DETAIL_SPO" : "정자,운동기구,벤치",
        "ETC_MATTER" : " ",
        "MNTN_NM" : "월성산",
        "PAST_SPOT_" : "4415028010066",
        "MNTN_ID" : "441502801"
      },
      "geometry" : {
        "x" : 212777.64489999972,
        "y" : 427857.24470000155
      }
    },
    {
      "attributes" : {
        "FID" : 66,
        "PMNTN_SPOT" : 72906,
        "MNTN_CODE" : "441502801",
        "MANAGE_SP1" : "10",
        "MANAGE_SP2" : "이정표",
        "DETAIL_SPO" : "이정표,벤치",
        "ETC_MATTER" : " ",
        "MNTN_NM" : "월성산",
        "PAST_SPOT_" : "4415028010067",
        "MNTN_ID" : "441502801"
      },
      "geometry" : {
        "x" : 212624.00290000066,
        "y" : 428028.80300000124
      }
    },
    {
      "attributes" : {
        "FID" : 67,
        "PMNTN_SPOT" : 72907,
        "MNTN_CODE" : "441502801",
        "MANAGE_SP1" : "99",
        "MANAGE_SP2" : "기타",
        "DETAIL_SPO" : "묘지",
        "ETC_MATTER" : " ",
        "MNTN_NM" : "월성산",
        "PAST_SPOT_" : "4415028010068",
        "MNTN_ID" : "441502801"
      },
      "geometry" : {
        "x" : 212600.32019999996,
        "y" : 428037.64169999957
      }
    },
    {
      "attributes" : {
        "FID" : 68,
        "PMNTN_SPOT" : 72908,
        "MNTN_CODE" : "441502801",
        "MANAGE_SP1" : "05",
        "MANAGE_SP2" : "벤치",
        "DETAIL_SPO" : "벤치,주공APT",
        "ETC_MATTER" : " ",
        "MNTN_NM" : "월성산",
        "PAST_SPOT_" : "4415028010069",
        "MNTN_ID" : "441502801"
      },
      "geometry" : {
        "x" : 212484.90140000079,
        "y" : 428063.66650000401
      }
    },
    {
      "attributes" : {
        "FID" : 69,
        "PMNTN_SPOT" : 72909,
        "MNTN_CODE" : "441502801",
        "MANAGE_SP1" : "05",
        "MANAGE_SP2" : "벤치",
        "DETAIL_SPO" : "벤치",
        "ETC_MATTER" : " ",
        "MNTN_NM" : "월성산",
        "PAST_SPOT_" : "4415028010070",
        "MNTN_ID" : "441502801"
      },
      "geometry" : {
        "x" : 212455.08719999995,
        "y" : 428098.57750000432
      }
    },
    {
      "attributes" : {
        "FID" : 70,
        "PMNTN_SPOT" : 72910,
        "MNTN_CODE" : "441502801",
        "MANAGE_SP1" : "10",
        "MANAGE_SP2" : "이정표",
        "DETAIL_SPO" : "이정표",
        "ETC_MATTER" : " ",
        "MNTN_NM" : "월성산",
        "PAST_SPOT_" : "4415028010071",
        "MNTN_ID" : "441502801"
      },
      "geometry" : {
        "x" : 212411.70529999956,
        "y" : 428346.30849999934
      }
    },
    {
      "attributes" : {
        "FID" : 71,
        "PMNTN_SPOT" : 72911,
        "MNTN_CODE" : "441502801",
        "MANAGE_SP1" : "11",
        "MANAGE_SP2" : "안내판또는지도",
        "DETAIL_SPO" : "안내판,경고문판",
        "ETC_MATTER" : " ",
        "MNTN_NM" : "월성산",
        "PAST_SPOT_" : "4415028010072",
        "MNTN_ID" : "441502801"
      },
      "geometry" : {
        "x" : 212362.60370000079,
        "y" : 427887.60500000045
      }
    },
    {
      "attributes" : {
        "FID" : 72,
        "PMNTN_SPOT" : 72912,
        "MNTN_CODE" : "441502801",
        "MANAGE_SP1" : "10",
        "MANAGE_SP2" : "이정표",
        "DETAIL_SPO" : "이정표",
        "ETC_MATTER" : " ",
        "MNTN_NM" : "월성산",
        "PAST_SPOT_" : "4415028010073",
        "MNTN_ID" : "441502801"
      },
      "geometry" : {
        "x" : 212583.55449999962,
        "y" : 426623.55650000088
      }
    },
    {
      "attributes" : {
        "FID" : 73,
        "PMNTN_SPOT" : 72913,
        "MNTN_CODE" : "441502801",
        "MANAGE_SP1" : "16",
        "MANAGE_SP2" : "주요나무",
        "DETAIL_SPO" : "밤나무밭",
        "ETC_MATTER" : " ",
        "MNTN_NM" : "월성산",
        "PAST_SPOT_" : "4415028010074",
        "MNTN_ID" : "441502801"
      },
      "geometry" : {
        "x" : 212654.26040000003,
        "y" : 426217.5234999992
      }
    },
    {
      "attributes" : {
        "FID" : 74,
        "PMNTN_SPOT" : 72914,
        "MNTN_CODE" : "441502801",
        "MANAGE_SP1" : "99",
        "MANAGE_SP2" : "기타",
        "DETAIL_SPO" : "민가",
        "ETC_MATTER" : " ",
        "MNTN_NM" : "월성산",
        "PAST_SPOT_" : "4415028010075",
        "MNTN_ID" : "441502801"
      },
      "geometry" : {
        "x" : 212980.59179999959,
        "y" : 425895.75840000063
      }
    },
    {
      "attributes" : {
        "FID" : 75,
        "PMNTN_SPOT" : 72915,
        "MNTN_CODE" : "441502801",
        "MANAGE_SP1" : "01",
        "MANAGE_SP2" : "시종점",
        "DETAIL_SPO" : "시종점",
        "ETC_MATTER" : " ",
        "MNTN_NM" : "월성산",
        "PAST_SPOT_" : "4415028010076",
        "MNTN_ID" : "441502801"
      },
      "geometry" : {
        "x" : 211077.42670000065,
        "y" : 427238.08840000257
      }
    },
    {
      "attributes" : {
        "FID" : 76,
        "PMNTN_SPOT" : 72916,
        "MNTN_CODE" : "441502801",
        "MANAGE_SP1" : "01",
        "MANAGE_SP2" : "시종점",
        "DETAIL_SPO" : "시종점",
        "ETC_MATTER" : " ",
        "MNTN_NM" : "월성산",
        "PAST_SPOT_" : "4415028010077",
        "MNTN_ID" : "441502801"
      },
      "geometry" : {
        "x" : 211337.2703999998,
        "y" : 427889.2909000013
      }
    },
    {
      "attributes" : {
        "FID" : 77,
        "PMNTN_SPOT" : 72917,
        "MNTN_CODE" : "441502801",
        "MANAGE_SP1" : "01",
        "MANAGE_SP2" : "시종점",
        "DETAIL_SPO" : "시종점",
        "ETC_MATTER" : " ",
        "MNTN_NM" : "월성산",
        "PAST_SPOT_" : "4415028010078",
        "MNTN_ID" : "441502801"
      },
      "geometry" : {
        "x" : 211363.05200000014,
        "y" : 427724.17280000076
      }
    },
    {
      "attributes" : {
        "FID" : 78,
        "PMNTN_SPOT" : 72918,
        "MNTN_CODE" : "441502801",
        "MANAGE_SP1" : "01",
        "MANAGE_SP2" : "시종점",
        "DETAIL_SPO" : "시종점",
        "ETC_MATTER" : " ",
        "MNTN_NM" : "월성산",
        "PAST_SPOT_" : "4415028010079",
        "MNTN_ID" : "441502801"
      },
      "geometry" : {
        "x" : 211363.05200000014,
        "y" : 427980.25070000254
      }
    },
    {
      "attributes" : {
        "FID" : 79,
        "PMNTN_SPOT" : 72919,
        "MNTN_CODE" : "441502801",
        "MANAGE_SP1" : "01",
        "MANAGE_SP2" : "시종점",
        "DETAIL_SPO" : "시종점",
        "ETC_MATTER" : " ",
        "MNTN_NM" : "월성산",
        "PAST_SPOT_" : "4415028010080",
        "MNTN_ID" : "441502801"
      },
      "geometry" : {
        "x" : 211467.04739999957,
        "y" : 428166.80510000139
      }
    },
    {
      "attributes" : {
        "FID" : 80,
        "PMNTN_SPOT" : 72920,
        "MNTN_CODE" : "441502801",
        "MANAGE_SP1" : "02",
        "MANAGE_SP2" : "분기점",
        "DETAIL_SPO" : "분기점",
        "ETC_MATTER" : " ",
        "MNTN_NM" : "월성산",
        "PAST_SPOT_" : "4415028010081",
        "MNTN_ID" : "441502801"
      },
      "geometry" : {
        "x" : 211492.82900000084,
        "y" : 427751.9822000023
      }
    },
    {
      "attributes" : {
        "FID" : 81,
        "PMNTN_SPOT" : 72921,
        "MNTN_CODE" : "441502801",
        "MANAGE_SP1" : "02",
        "MANAGE_SP2" : "분기점",
        "DETAIL_SPO" : "분기점",
        "ETC_MATTER" : " ",
        "MNTN_NM" : "월성산",
        "PAST_SPOT_" : "4415028010082",
        "MNTN_ID" : "441502801"
      },
      "geometry" : {
        "x" : 211508.47170000058,
        "y" : 427849.31490000151
      }
    },
    {
      "attributes" : {
        "FID" : 82,
        "PMNTN_SPOT" : 72922,
        "MNTN_CODE" : "441502801",
        "MANAGE_SP1" : "02",
        "MANAGE_SP2" : "분기점",
        "DETAIL_SPO" : "분기점",
        "ETC_MATTER" : " ",
        "MNTN_NM" : "월성산",
        "PAST_SPOT_" : "4415028010083",
        "MNTN_ID" : "441502801"
      },
      "geometry" : {
        "x" : 211518.90020000096,
        "y" : 427523.42400000244
      }
    },
    {
      "attributes" : {
        "FID" : 83,
        "PMNTN_SPOT" : 72923,
        "MNTN_CODE" : "441502801",
        "MANAGE_SP1" : "02",
        "MANAGE_SP2" : "분기점",
        "DETAIL_SPO" : "분기점",
        "ETC_MATTER" : " ",
        "MNTN_NM" : "월성산",
        "PAST_SPOT_" : "4415028010084",
        "MNTN_ID" : "441502801"
      },
      "geometry" : {
        "x" : 211518.90020000096,
        "y" : 427603.66560000181
      }
    },
    {
      "attributes" : {
        "FID" : 84,
        "PMNTN_SPOT" : 72924,
        "MNTN_CODE" : "441502801",
        "MANAGE_SP1" : "01",
        "MANAGE_SP2" : "시종점",
        "DETAIL_SPO" : "시종점",
        "ETC_MATTER" : " ",
        "MNTN_NM" : "월성산",
        "PAST_SPOT_" : "4415028010085",
        "MNTN_ID" : "441502801"
      },
      "geometry" : {
        "x" : 211559.89010000043,
        "y" : 427198.11250000261
      }
    },
    {
      "attributes" : {
        "FID" : 85,
        "PMNTN_SPOT" : 72925,
        "MNTN_CODE" : "441502801",
        "MANAGE_SP1" : "02",
        "MANAGE_SP2" : "분기점",
        "DETAIL_SPO" : "분기점",
        "ETC_MATTER" : " ",
        "MNTN_NM" : "월성산",
        "PAST_SPOT_" : "4415028010086",
        "MNTN_ID" : "441502801"
      },
      "geometry" : {
        "x" : 211651.57400000002,
        "y" : 427542.83260000311
      }
    },
    {
      "attributes" : {
        "FID" : 86,
        "PMNTN_SPOT" : 72926,
        "MNTN_CODE" : "441502801",
        "MANAGE_SP1" : "01",
        "MANAGE_SP2" : "시종점",
        "DETAIL_SPO" : "시종점",
        "ETC_MATTER" : " ",
        "MNTN_NM" : "월성산",
        "PAST_SPOT_" : "4415028010087",
        "MNTN_ID" : "441502801"
      },
      "geometry" : {
        "x" : 211765.9980000006,
        "y" : 427725.91090000048
      }
    },
    {
      "attributes" : {
        "FID" : 87,
        "PMNTN_SPOT" : 72927,
        "MNTN_CODE" : "441502801",
        "MANAGE_SP1" : "02",
        "MANAGE_SP2" : "분기점",
        "DETAIL_SPO" : "분기점",
        "ETC_MATTER" : " ",
        "MNTN_NM" : "월성산",
        "PAST_SPOT_" : "4415028010088",
        "MNTN_ID" : "441502801"
      },
      "geometry" : {
        "x" : 211820.45799999963,
        "y" : 427520.52720000036
      }
    },
    {
      "attributes" : {
        "FID" : 88,
        "PMNTN_SPOT" : 72928,
        "MNTN_CODE" : "441502801",
        "MANAGE_SP1" : "02",
        "MANAGE_SP2" : "분기점",
        "DETAIL_SPO" : "분기점",
        "ETC_MATTER" : " ",
        "MNTN_NM" : "월성산",
        "PAST_SPOT_" : "4415028010089",
        "MNTN_ID" : "441502801"
      },
      "geometry" : {
        "x" : 211825.3825000003,
        "y" : 427560.50320000015
      }
    },
    {
      "attributes" : {
        "FID" : 89,
        "PMNTN_SPOT" : 72929,
        "MNTN_CODE" : "441502801",
        "MANAGE_SP1" : "01",
        "MANAGE_SP2" : "시종점",
        "DETAIL_SPO" : "시종점",
        "ETC_MATTER" : " ",
        "MNTN_NM" : "월성산",
        "PAST_SPOT_" : "4415028010090",
        "MNTN_ID" : "441502801"
      },
      "geometry" : {
        "x" : 211908.23120000027,
        "y" : 427707.3713000007
      }
    },
    {
      "attributes" : {
        "FID" : 90,
        "PMNTN_SPOT" : 72930,
        "MNTN_CODE" : "441502801",
        "MANAGE_SP1" : "02",
        "MANAGE_SP2" : "분기점",
        "DETAIL_SPO" : "분기점",
        "ETC_MATTER" : " ",
        "MNTN_NM" : "월성산",
        "PAST_SPOT_" : "4415028010091",
        "MNTN_ID" : "441502801"
      },
      "geometry" : {
        "x" : 211913.7352,
        "y" : 427451.58320000209
      }
    },
    {
      "attributes" : {
        "FID" : 91,
        "PMNTN_SPOT" : 72931,
        "MNTN_CODE" : "441502801",
        "MANAGE_SP1" : "02",
        "MANAGE_SP2" : "분기점",
        "DETAIL_SPO" : "분기점",
        "ETC_MATTER" : " ",
        "MNTN_NM" : "월성산",
        "PAST_SPOT_" : "4415028010092",
        "MNTN_ID" : "441502801"
      },
      "geometry" : {
        "x" : 212059.44460000005,
        "y" : 427301.81820000149
      }
    },
    {
      "attributes" : {
        "FID" : 92,
        "PMNTN_SPOT" : 72932,
        "MNTN_CODE" : "441502801",
        "MANAGE_SP1" : "02",
        "MANAGE_SP2" : "분기점",
        "DETAIL_SPO" : "분기점",
        "ETC_MATTER" : " ",
        "MNTN_NM" : "월성산",
        "PAST_SPOT_" : "4415028010093",
        "MNTN_ID" : "441502801"
      },
      "geometry" : {
        "x" : 212099.71030000038,
        "y" : 427274.58820000291
      }
    },
    {
      "attributes" : {
        "FID" : 93,
        "PMNTN_SPOT" : 72933,
        "MNTN_CODE" : "441502801",
        "MANAGE_SP1" : "01",
        "MANAGE_SP2" : "시종점",
        "DETAIL_SPO" : "시종점",
        "ETC_MATTER" : " ",
        "MNTN_NM" : "월성산",
        "PAST_SPOT_" : "4415028010094",
        "MNTN_ID" : "441502801"
      },
      "geometry" : {
        "x" : 212128.09900000133,
        "y" : 427877.41400000267
      }
    },
    {
      "attributes" : {
        "FID" : 94,
        "PMNTN_SPOT" : 72934,
        "MNTN_CODE" : "441502801",
        "MANAGE_SP1" : "02",
        "MANAGE_SP2" : "분기점",
        "DETAIL_SPO" : "분기점",
        "ETC_MATTER" : " ",
        "MNTN_NM" : "월성산",
        "PAST_SPOT_" : "4415028010095",
        "MNTN_ID" : "441502801"
      },
      "geometry" : {
        "x" : 212139.97589999996,
        "y" : 427213.17589999922
      }
    },
    {
      "attributes" : {
        "FID" : 95,
        "PMNTN_SPOT" : 72935,
        "MNTN_CODE" : "441502801",
        "MANAGE_SP1" : "01",
        "MANAGE_SP2" : "시종점",
        "DETAIL_SPO" : "시종점",
        "ETC_MATTER" : " ",
        "MNTN_NM" : "월성산",
        "PAST_SPOT_" : "4415028010096",
        "MNTN_ID" : "441502801"
      },
      "geometry" : {
        "x" : 212175.02730000019,
        "y" : 427664.49860000238
      }
    },
    {
      "attributes" : {
        "FID" : 96,
        "PMNTN_SPOT" : 72936,
        "MNTN_CODE" : "441502801",
        "MANAGE_SP1" : "02",
        "MANAGE_SP2" : "분기점",
        "DETAIL_SPO" : "분기점",
        "ETC_MATTER" : " ",
        "MNTN_NM" : "월성산",
        "PAST_SPOT_" : "4415028010097",
        "MNTN_ID" : "441502801"
      },
      "geometry" : {
        "x" : 212177.34470000025,
        "y" : 427131.77560000308
      }
    },
    {
      "attributes" : {
        "FID" : 97,
        "PMNTN_SPOT" : 72937,
        "MNTN_CODE" : "441502801",
        "MANAGE_SP1" : "02",
        "MANAGE_SP2" : "분기점",
        "DETAIL_SPO" : "분기점",
        "ETC_MATTER" : " ",
        "MNTN_NM" : "월성산",
        "PAST_SPOT_" : "4415028010098",
        "MNTN_ID" : "441502801"
      },
      "geometry" : {
        "x" : 212193.56680000015,
        "y" : 427390.46050000377
      }
    },
    {
      "attributes" : {
        "FID" : 98,
        "PMNTN_SPOT" : 72938,
        "MNTN_CODE" : "441502801",
        "MANAGE_SP1" : "01",
        "MANAGE_SP2" : "시종점",
        "DETAIL_SPO" : "시종점",
        "ETC_MATTER" : " ",
        "MNTN_NM" : "월성산",
        "PAST_SPOT_" : "4415028010099",
        "MNTN_ID" : "441502801"
      },
      "geometry" : {
        "x" : 212197.04300000053,
        "y" : 428426.93850000203
      }
    },
    {
      "attributes" : {
        "FID" : 99,
        "PMNTN_SPOT" : 72939,
        "MNTN_CODE" : "441502801",
        "MANAGE_SP1" : "02",
        "MANAGE_SP2" : "분기점",
        "DETAIL_SPO" : "분기점",
        "ETC_MATTER" : " ",
        "MNTN_NM" : "월성산",
        "PAST_SPOT_" : "4415028010100",
        "MNTN_ID" : "441502801"
      },
      "geometry" : {
        "x" : 212206.60250000004,
        "y" : 427048.63720000163
      }
    },
    {
      "attributes" : {
        "FID" : 100,
        "PMNTN_SPOT" : 72940,
        "MNTN_CODE" : "441502801",
        "MANAGE_SP1" : "02",
        "MANAGE_SP2" : "분기점",
        "DETAIL_SPO" : "분기점",
        "ETC_MATTER" : " ",
        "MNTN_NM" : "월성산",
        "PAST_SPOT_" : "4415028010101",
        "MNTN_ID" : "441502801"
      },
      "geometry" : {
        "x" : 212227.74920000136,
        "y" : 427530.95570000261
      }
    },
    {
      "attributes" : {
        "FID" : 101,
        "PMNTN_SPOT" : 72941,
        "MNTN_CODE" : "441502801",
        "MANAGE_SP1" : "02",
        "MANAGE_SP2" : "분기점",
        "DETAIL_SPO" : "분기점",
        "ETC_MATTER" : " ",
        "MNTN_NM" : "월성산",
        "PAST_SPOT_" : "4415028010102",
        "MNTN_ID" : "441502801"
      },
      "geometry" : {
        "x" : 212234.1222000001,
        "y" : 427417.69050000235
      }
    },
    {
      "attributes" : {
        "FID" : 102,
        "PMNTN_SPOT" : 72942,
        "MNTN_CODE" : "441502801",
        "MANAGE_SP1" : "02",
        "MANAGE_SP2" : "분기점",
        "DETAIL_SPO" : "분기점",
        "ETC_MATTER" : " ",
        "MNTN_NM" : "월성산",
        "PAST_SPOT_" : "4415028010103",
        "MNTN_ID" : "441502801"
      },
      "geometry" : {
        "x" : 212274.67750000115,
        "y" : 426993.88750000112
      }
    },
    {
      "attributes" : {
        "FID" : 103,
        "PMNTN_SPOT" : 72943,
        "MNTN_CODE" : "441502801",
        "MANAGE_SP1" : "02",
        "MANAGE_SP2" : "분기점",
        "DETAIL_SPO" : "분기점",
        "ETC_MATTER" : " ",
        "MNTN_NM" : "월성산",
        "PAST_SPOT_" : "4415028010104",
        "MNTN_ID" : "441502801"
      },
      "geometry" : {
        "x" : 212289.45120000001,
        "y" : 427295.15550000407
      }
    },
    {
      "attributes" : {
        "FID" : 104,
        "PMNTN_SPOT" : 72944,
        "MNTN_CODE" : "441502801",
        "MANAGE_SP1" : "02",
        "MANAGE_SP2" : "분기점",
        "DETAIL_SPO" : "분기점",
        "ETC_MATTER" : " ",
        "MNTN_NM" : "월성산",
        "PAST_SPOT_" : "4415028010105",
        "MNTN_ID" : "441502801"
      },
      "geometry" : {
        "x" : 212322.4748000009,
        "y" : 427036.47060000338
      }
    },
    {
      "attributes" : {
        "FID" : 105,
        "PMNTN_SPOT" : 72945,
        "MNTN_CODE" : "441502801",
        "MANAGE_SP1" : "02",
        "MANAGE_SP2" : "분기점",
        "DETAIL_SPO" : "분기점",
        "ETC_MATTER" : " ",
        "MNTN_NM" : "월성산",
        "PAST_SPOT_" : "4415028010106",
        "MNTN_ID" : "441502801"
      },
      "geometry" : {
        "x" : 212346.66320000123,
        "y" : 426724.48430000432
      }
    },
    {
      "attributes" : {
        "FID" : 106,
        "PMNTN_SPOT" : 72946,
        "MNTN_CODE" : "441502801",
        "MANAGE_SP1" : "02",
        "MANAGE_SP2" : "분기점",
        "DETAIL_SPO" : "분기점",
        "ETC_MATTER" : " ",
        "MNTN_NM" : "월성산",
        "PAST_SPOT_" : "4415028010107",
        "MNTN_ID" : "441502801"
      },
      "geometry" : {
        "x" : 212356.94680000003,
        "y" : 426922.04670000263
      }
    },
    {
      "attributes" : {
        "FID" : 107,
        "PMNTN_SPOT" : 72947,
        "MNTN_CODE" : "441502801",
        "MANAGE_SP1" : "02",
        "MANAGE_SP2" : "분기점",
        "DETAIL_SPO" : "분기점",
        "ETC_MATTER" : " ",
        "MNTN_NM" : "월성산",
        "PAST_SPOT_" : "4415028010108",
        "MNTN_ID" : "441502801"
      },
      "geometry" : {
        "x" : 212360.85749999993,
        "y" : 426917.1221000012
      }
    },
    {
      "attributes" : {
        "FID" : 108,
        "PMNTN_SPOT" : 72948,
        "MNTN_CODE" : "441502801",
        "MANAGE_SP1" : "02",
        "MANAGE_SP2" : "분기점",
        "DETAIL_SPO" : "분기점",
        "ETC_MATTER" : " ",
        "MNTN_NM" : "월성산",
        "PAST_SPOT_" : "4415028010109",
        "MNTN_ID" : "441502801"
      },
      "geometry" : {
        "x" : 212370.12730000075,
        "y" : 426923.20540000126
      }
    },
    {
      "attributes" : {
        "FID" : 109,
        "PMNTN_SPOT" : 72949,
        "MNTN_CODE" : "441502801",
        "MANAGE_SP1" : "02",
        "MANAGE_SP2" : "분기점",
        "DETAIL_SPO" : "분기점",
        "ETC_MATTER" : " ",
        "MNTN_NM" : "월성산",
        "PAST_SPOT_" : "4415028010110",
        "MNTN_ID" : "441502801"
      },
      "geometry" : {
        "x" : 212374.47250000108,
        "y" : 426883.80879999883
      }
    },
    {
      "attributes" : {
        "FID" : 110,
        "PMNTN_SPOT" : 72950,
        "MNTN_CODE" : "441502801",
        "MANAGE_SP1" : "02",
        "MANAGE_SP2" : "분기점",
        "DETAIL_SPO" : "분기점",
        "ETC_MATTER" : " ",
        "MNTN_NM" : "월성산",
        "PAST_SPOT_" : "4415028010111",
        "MNTN_ID" : "441502801"
      },
      "geometry" : {
        "x" : 212383.16290000174,
        "y" : 426921.75699999928
      }
    },
    {
      "attributes" : {
        "FID" : 111,
        "PMNTN_SPOT" : 72951,
        "MNTN_CODE" : "441502801",
        "MANAGE_SP1" : "02",
        "MANAGE_SP2" : "분기점",
        "DETAIL_SPO" : "분기점",
        "ETC_MATTER" : " ",
        "MNTN_NM" : "월성산",
        "PAST_SPOT_" : "4415028010112",
        "MNTN_ID" : "441502801"
      },
      "geometry" : {
        "x" : 212433.27770000231,
        "y" : 426760.98409999907
      }
    },
    {
      "attributes" : {
        "FID" : 112,
        "PMNTN_SPOT" : 72952,
        "MNTN_CODE" : "441502801",
        "MANAGE_SP1" : "02",
        "MANAGE_SP2" : "분기점",
        "DETAIL_SPO" : "분기점",
        "ETC_MATTER" : " ",
        "MNTN_NM" : "월성산",
        "PAST_SPOT_" : "4415028010113",
        "MNTN_ID" : "441502801"
      },
      "geometry" : {
        "x" : 212489.18610000052,
        "y" : 426672.63150000013
      }
    },
    {
      "attributes" : {
        "FID" : 113,
        "PMNTN_SPOT" : 72953,
        "MNTN_CODE" : "441502801",
        "MANAGE_SP1" : "02",
        "MANAGE_SP2" : "분기점",
        "DETAIL_SPO" : "분기점",
        "ETC_MATTER" : " ",
        "MNTN_NM" : "월성산",
        "PAST_SPOT_" : "4415028010114",
        "MNTN_ID" : "441502801"
      },
      "geometry" : {
        "x" : 212543.64609999955,
        "y" : 426658.43710000254
      }
    },
    {
      "attributes" : {
        "FID" : 114,
        "PMNTN_SPOT" : 72954,
        "MNTN_CODE" : "441502801",
        "MANAGE_SP1" : "02",
        "MANAGE_SP2" : "분기점",
        "DETAIL_SPO" : "분기점",
        "ETC_MATTER" : " ",
        "MNTN_NM" : "월성산",
        "PAST_SPOT_" : "4415028010115",
        "MNTN_ID" : "441502801"
      },
      "geometry" : {
        "x" : 212583.26000000071,
        "y" : 426627.58610000089
      }
    },
    {
      "attributes" : {
        "FID" : 115,
        "PMNTN_SPOT" : 72955,
        "MNTN_CODE" : "441502801",
        "MANAGE_SP1" : "02",
        "MANAGE_SP2" : "분기점",
        "DETAIL_SPO" : "분기점",
        "ETC_MATTER" : " ",
        "MNTN_NM" : "월성산",
        "PAST_SPOT_" : "4415028010116",
        "MNTN_ID" : "441502801"
      },
      "geometry" : {
        "x" : 212626.92930000089,
        "y" : 428026.88929999992
      }
    },
    {
      "attributes" : {
        "FID" : 116,
        "PMNTN_SPOT" : 72956,
        "MNTN_CODE" : "441502801",
        "MANAGE_SP1" : "02",
        "MANAGE_SP2" : "분기점",
        "DETAIL_SPO" : "분기점",
        "ETC_MATTER" : " ",
        "MNTN_NM" : "월성산",
        "PAST_SPOT_" : "4415028010117",
        "MNTN_ID" : "441502801"
      },
      "geometry" : {
        "x" : 212630.26070000138,
        "y" : 426699.5717999991
      }
    },
    {
      "attributes" : {
        "FID" : 117,
        "PMNTN_SPOT" : 72957,
        "MNTN_CODE" : "441502801",
        "MANAGE_SP1" : "02",
        "MANAGE_SP2" : "분기점",
        "DETAIL_SPO" : "분기점",
        "ETC_MATTER" : " ",
        "MNTN_NM" : "월성산",
        "PAST_SPOT_" : "4415028010118",
        "MNTN_ID" : "441502801"
      },
      "geometry" : {
        "x" : 212675.3060000008,
        "y" : 427413.63500000164
      }
    },
    {
      "attributes" : {
        "FID" : 118,
        "PMNTN_SPOT" : 72958,
        "MNTN_CODE" : "441502801",
        "MANAGE_SP1" : "02",
        "MANAGE_SP2" : "분기점",
        "DETAIL_SPO" : "분기점",
        "ETC_MATTER" : " ",
        "MNTN_NM" : "월성산",
        "PAST_SPOT_" : "4415028010119",
        "MNTN_ID" : "441502801"
      },
      "geometry" : {
        "x" : 212695.7285000002,
        "y" : 426933.63389999978
      }
    },
    {
      "attributes" : {
        "FID" : 119,
        "PMNTN_SPOT" : 72959,
        "MNTN_CODE" : "441502801",
        "MANAGE_SP1" : "01",
        "MANAGE_SP2" : "시종점",
        "DETAIL_SPO" : "시종점",
        "ETC_MATTER" : " ",
        "MNTN_NM" : "월성산",
        "PAST_SPOT_" : "4415028010120",
        "MNTN_ID" : "441502801"
      },
      "geometry" : {
        "x" : 212976.35680000111,
        "y" : 425890.05880000442
      }
    },
    {
      "attributes" : {
        "FID" : 120,
        "PMNTN_SPOT" : 98801,
        "MNTN_CODE" : "441502801",
        "MANAGE_SP1" : "99",
        "MANAGE_SP2" : "기타",
        "DETAIL_SPO" : "월성산입구",
        "ETC_MATTER" : " ",
        "MNTN_NM" : "월성산",
        "PAST_SPOT_" : "4415028010121",
        "MNTN_ID" : "441502801"
      },
      "geometry" : {
        "x" : 212230.16700000086,
        "y" : 427528.77170000039
      }
    },
    {
      "attributes" : {
        "FID" : 121,
        "PMNTN_SPOT" : 98802,
        "MNTN_CODE" : "441502801",
        "MANAGE_SP1" : "99",
        "MANAGE_SP2" : "기타",
        "DETAIL_SPO" : "목계단",
        "ETC_MATTER" : " ",
        "MNTN_NM" : "월성산",
        "PAST_SPOT_" : "4415028010122",
        "MNTN_ID" : "441502801"
      },
      "geometry" : {
        "x" : 212329.47540000084,
        "y" : 427042.53470000066
      }
    },
    {
      "attributes" : {
        "FID" : 122,
        "PMNTN_SPOT" : 98803,
        "MNTN_CODE" : "441502801",
        "MANAGE_SP1" : "03",
        "MANAGE_SP2" : "정자",
        "DETAIL_SPO" : "월성정",
        "ETC_MATTER" : " ",
        "MNTN_NM" : "월성산",
        "PAST_SPOT_" : "4415028010123",
        "MNTN_ID" : "441502801"
      },
      "geometry" : {
        "x" : 212432.22249999928,
        "y" : 426921.95229999931
      }
    },
    {
      "attributes" : {
        "FID" : 123,
        "PMNTN_SPOT" : 98804,
        "MNTN_CODE" : "441502801",
        "MANAGE_SP1" : "99",
        "MANAGE_SP2" : "기타",
        "DETAIL_SPO" : "목계단",
        "ETC_MATTER" : " ",
        "MNTN_NM" : "월성산",
        "PAST_SPOT_" : "4415028010124",
        "MNTN_ID" : "441502801"
      },
      "geometry" : {
        "x" : 212671.78330000007,
        "y" : 426928.17840000027
      }
    },
    {
      "attributes" : {
        "FID" : 124,
        "PMNTN_SPOT" : 98805,
        "MNTN_CODE" : "441502801",
        "MANAGE_SP1" : "07",
        "MANAGE_SP2" : "시설물(운동기구 등)",
        "DETAIL_SPO" : "시설물(운동기구등)",
        "ETC_MATTER" : " ",
        "MNTN_NM" : "월성산",
        "PAST_SPOT_" : "4415028010125",
        "MNTN_ID" : "441502801"
      },
      "geometry" : {
        "x" : 212689.83710000085,
        "y" : 427331.24419999996
      }
    },
    {
      "attributes" : {
        "FID" : 125,
        "PMNTN_SPOT" : 98806,
        "MNTN_CODE" : "441502801",
        "MANAGE_SP1" : "15",
        "MANAGE_SP2" : "훼손지",
        "DETAIL_SPO" : "훼손지",
        "ETC_MATTER" : " ",
        "MNTN_NM" : "월성산",
        "PAST_SPOT_" : "4415028010126",
        "MNTN_ID" : "441502801"
      },
      "geometry" : {
        "x" : 212605.99809999991,
        "y" : 427400.47130000038
      }
    },
    {
      "attributes" : {
        "FID" : 126,
        "PMNTN_SPOT" : 98807,
        "MNTN_CODE" : "441502801",
        "MANAGE_SP1" : "11",
        "MANAGE_SP2" : "안내판또는지도",
        "DETAIL_SPO" : "안내판또는지도",
        "ETC_MATTER" : " ",
        "MNTN_NM" : "월성산",
        "PAST_SPOT_" : "4415028010127",
        "MNTN_ID" : "441502801"
      },
      "geometry" : {
        "x" : 212186.26140000086,
        "y" : 427382.89489999972
      }
    },
    {
      "attributes" : {
        "FID" : 127,
        "PMNTN_SPOT" : 98808,
        "MNTN_CODE" : "441502801",
        "MANAGE_SP1" : "10",
        "MANAGE_SP2" : "이정표",
        "DETAIL_SPO" : "이정표",
        "ETC_MATTER" : " ",
        "MNTN_NM" : "월성산",
        "PAST_SPOT_" : "4415028010128",
        "MNTN_ID" : "441502801"
      },
      "geometry" : {
        "x" : 212140.24560000096,
        "y" : 427208.06069999881
      }
    },
    {
      "attributes" : {
        "FID" : 128,
        "PMNTN_SPOT" : 98809,
        "MNTN_CODE" : "441502801",
        "MANAGE_SP1" : "15",
        "MANAGE_SP2" : "훼손지",
        "DETAIL_SPO" : "훼손지",
        "ETC_MATTER" : " ",
        "MNTN_NM" : "월성산",
        "PAST_SPOT_" : "4415028010129",
        "MNTN_ID" : "441502801"
      },
      "geometry" : {
        "x" : 212178.18859999921,
        "y" : 427128.10520000017
      }
    },
    {
      "attributes" : {
        "FID" : 129,
        "PMNTN_SPOT" : 98810,
        "MNTN_CODE" : "441502801",
        "MANAGE_SP1" : "99",
        "MANAGE_SP2" : "기타",
        "DETAIL_SPO" : "희망탑",
        "ETC_MATTER" : " ",
        "MNTN_NM" : "월성산",
        "PAST_SPOT_" : "4415028010130",
        "MNTN_ID" : "441502801"
      },
      "geometry" : {
        "x" : 212275.39219999925,
        "y" : 426992.75220000034
      }
    },
    {
      "attributes" : {
        "FID" : 130,
        "PMNTN_SPOT" : 98811,
        "MNTN_CODE" : "441502801",
        "MANAGE_SP1" : "15",
        "MANAGE_SP2" : "훼손지",
        "DETAIL_SPO" : "훼손지",
        "ETC_MATTER" : " ",
        "MNTN_NM" : "월성산",
        "PAST_SPOT_" : "4415028010131",
        "MNTN_ID" : "441502801"
      },
      "geometry" : {
        "x" : 212358.35250000033,
        "y" : 426913.52190000034
      }
    },
    {
      "attributes" : {
        "FID" : 131,
        "PMNTN_SPOT" : 98812,
        "MNTN_CODE" : "441502801",
        "MANAGE_SP1" : "15",
        "MANAGE_SP2" : "훼손지",
        "DETAIL_SPO" : "훼손지",
        "ETC_MATTER" : " ",
        "MNTN_NM" : "월성산",
        "PAST_SPOT_" : "4415028010132",
        "MNTN_ID" : "441502801"
      },
      "geometry" : {
        "x" : 212437.2096,
        "y" : 426756.84490000072
      }
    },
    {
      "attributes" : {
        "FID" : 132,
        "PMNTN_SPOT" : 98813,
        "MNTN_CODE" : "441502801",
        "MANAGE_SP1" : "13",
        "MANAGE_SP2" : "유적(문화, 역사)",
        "DETAIL_SPO" : "무란주",
        "ETC_MATTER" : " ",
        "MNTN_NM" : "월성산",
        "PAST_SPOT_" : "4415028010133",
        "MNTN_ID" : "441502801"
      },
      "geometry" : {
        "x" : 212489.8716999992,
        "y" : 426672.14040000038
      }
    },
    {
      "attributes" : {
        "FID" : 133,
        "PMNTN_SPOT" : 98814,
        "MNTN_CODE" : "441502801",
        "MANAGE_SP1" : "15",
        "MANAGE_SP2" : "훼손지",
        "DETAIL_SPO" : "훼손지",
        "ETC_MATTER" : " ",
        "MNTN_NM" : "월성산",
        "PAST_SPOT_" : "4415028010134",
        "MNTN_ID" : "441502801"
      },
      "geometry" : {
        "x" : 212567.41600000125,
        "y" : 426682.45610000053
      }
    },
    {
      "attributes" : {
        "FID" : 134,
        "PMNTN_SPOT" : 98815,
        "MNTN_CODE" : "441502801",
        "MANAGE_SP1" : "10",
        "MANAGE_SP2" : "이정표",
        "DETAIL_SPO" : "이정표",
        "ETC_MATTER" : " ",
        "MNTN_NM" : "월성산",
        "PAST_SPOT_" : "4415028010135",
        "MNTN_ID" : "441502801"
      },
      "geometry" : {
        "x" : 212632.22470000107,
        "y" : 426695.64660000056
      }
    },
    {
      "attributes" : {
        "FID" : 135,
        "PMNTN_SPOT" : 98816,
        "MNTN_CODE" : "441502801",
        "MANAGE_SP1" : "07",
        "MANAGE_SP2" : "시설물(운동기구 등)",
        "DETAIL_SPO" : "시설물(운동기구등)",
        "ETC_MATTER" : " ",
        "MNTN_NM" : "월성산",
        "PAST_SPOT_" : "4415028010136",
        "MNTN_ID" : "441502801"
      },
      "geometry" : {
        "x" : 212539.08100000035,
        "y" : 426745.89550000115
      }
    },
    {
      "attributes" : {
        "FID" : 136,
        "PMNTN_SPOT" : 98817,
        "MNTN_CODE" : "441502801",
        "MANAGE_SP1" : "15",
        "MANAGE_SP2" : "훼손지",
        "DETAIL_SPO" : "훼손지",
        "ETC_MATTER" : " ",
        "MNTN_NM" : "월성산",
        "PAST_SPOT_" : "4415028010137",
        "MNTN_ID" : "441502801"
      },
      "geometry" : {
        "x" : 212403.84370000029,
        "y" : 426891.39440000081
      }
    },
    {
      "attributes" : {
        "FID" : 137,
        "PMNTN_SPOT" : 98818,
        "MNTN_CODE" : "441502801",
        "MANAGE_SP1" : "05",
        "MANAGE_SP2" : "벤치",
        "DETAIL_SPO" : "벤치, 운동시설",
        "ETC_MATTER" : " ",
        "MNTN_NM" : "월성산",
        "PAST_SPOT_" : "4415028010138",
        "MNTN_ID" : "441502801"
      },
      "geometry" : {
        "x" : 211905.72710000016,
        "y" : 427447.64040000003
      }
    },
    {
      "attributes" : {
        "FID" : 138,
        "PMNTN_SPOT" : 98819,
        "MNTN_CODE" : "441502801",
        "MANAGE_SP1" : "15",
        "MANAGE_SP2" : "훼손지",
        "DETAIL_SPO" : "훼손지",
        "ETC_MATTER" : " ",
        "MNTN_NM" : "월성산",
        "PAST_SPOT_" : "4415028010139",
        "MNTN_ID" : "441502801"
      },
      "geometry" : {
        "x" : 211705.56660000022,
        "y" : 427551.23350000032
      }
    },
    {
      "attributes" : {
        "FID" : 139,
        "PMNTN_SPOT" : 98820,
        "MNTN_CODE" : "441502801",
        "MANAGE_SP1" : "05",
        "MANAGE_SP2" : "벤치",
        "DETAIL_SPO" : "벤치, 운동시설",
        "ETC_MATTER" : " ",
        "MNTN_NM" : "월성산",
        "PAST_SPOT_" : "4415028010140",
        "MNTN_ID" : "441502801"
      },
      "geometry" : {
        "x" : 211514.53490000026,
        "y" : 427608.79319999891
      }
    },
    {
      "attributes" : {
        "FID" : 140,
        "PMNTN_SPOT" : 98821,
        "MNTN_CODE" : "441502801",
        "MANAGE_SP1" : "05",
        "MANAGE_SP2" : "벤치",
        "DETAIL_SPO" : "벤치",
        "ETC_MATTER" : " ",
        "MNTN_NM" : "월성산",
        "PAST_SPOT_" : "4415028010141",
        "MNTN_ID" : "441502801"
      },
      "geometry" : {
        "x" : 211509.90789999961,
        "y" : 427850.03219999932
      }
    },
    {
      "attributes" : {
        "FID" : 141,
        "PMNTN_SPOT" : 98822,
        "MNTN_CODE" : "441502801",
        "MANAGE_SP1" : "15",
        "MANAGE_SP2" : "훼손지",
        "DETAIL_SPO" : "훼손지",
        "ETC_MATTER" : " ",
        "MNTN_NM" : "월성산",
        "PAST_SPOT_" : "4415028010142",
        "MNTN_ID" : "441502801"
      },
      "geometry" : {
        "x" : 211451.3971000007,
        "y" : 427960.58300000103
      }
    },
    {
      "attributes" : {
        "FID" : 142,
        "PMNTN_SPOT" : 98823,
        "MNTN_CODE" : "441502801",
        "MANAGE_SP1" : "09",
        "MANAGE_SP2" : "기타건물",
        "DETAIL_SPO" : "기타건물",
        "ETC_MATTER" : " ",
        "MNTN_NM" : "월성산",
        "PAST_SPOT_" : "4415028010143",
        "MNTN_ID" : "441502801"
      },
      "geometry" : {
        "x" : 211477.0967999993,
        "y" : 427982.70740000001
      }
    },
    {
      "attributes" : {
        "FID" : 143,
        "PMNTN_SPOT" : 98824,
        "MNTN_CODE" : "441502801",
        "MANAGE_SP1" : "15",
        "MANAGE_SP2" : "훼손지",
        "DETAIL_SPO" : "훼손지",
        "ETC_MATTER" : " ",
        "MNTN_NM" : "월성산",
        "PAST_SPOT_" : "4415028010144",
        "MNTN_ID" : "441502801"
      },
      "geometry" : {
        "x" : 211378.96889999884,
        "y" : 427684.84640000015
      }
    },
    {
      "attributes" : {
        "FID" : 144,
        "PMNTN_SPOT" : 98825,
        "MNTN_CODE" : "441502801",
        "MANAGE_SP1" : "09",
        "MANAGE_SP2" : "기타건물",
        "DETAIL_SPO" : "기타건물",
        "ETC_MATTER" : " ",
        "MNTN_NM" : "월성산",
        "PAST_SPOT_" : "4415028010145",
        "MNTN_ID" : "441502801"
      },
      "geometry" : {
        "x" : 211517.42170000041,
        "y" : 427523.24460000021
      }
    },
    {
      "attributes" : {
        "FID" : 145,
        "PMNTN_SPOT" : 98826,
        "MNTN_CODE" : "441502801",
        "MANAGE_SP1" : "15",
        "MANAGE_SP2" : "훼손지",
        "DETAIL_SPO" : "훼손지",
        "ETC_MATTER" : " ",
        "MNTN_NM" : "월성산",
        "PAST_SPOT_" : "4415028010146",
        "MNTN_ID" : "441502801"
      },
      "geometry" : {
        "x" : 211366.11260000037,
        "y" : 427438.26410000003
      }
    },
    {
      "attributes" : {
        "FID" : 146,
        "PMNTN_SPOT" : 98827,
        "MNTN_CODE" : "441502801",
        "MANAGE_SP1" : "07",
        "MANAGE_SP2" : "시설물(운동기구 등)",
        "DETAIL_SPO" : "시설물(운동기구등), 벤치",
        "ETC_MATTER" : " ",
        "MNTN_NM" : "월성산",
        "PAST_SPOT_" : "4415028010147",
        "MNTN_ID" : "441502801"
      },
      "geometry" : {
        "x" : 211101.01919999989,
        "y" : 427358.45959999948
      }
    },
    {
      "attributes" : {
        "FID" : 147,
        "PMNTN_SPOT" : 98828,
        "MNTN_CODE" : "441502801",
        "MANAGE_SP1" : "10",
        "MANAGE_SP2" : "이정표",
        "DETAIL_SPO" : "이정표, 벤치",
        "ETC_MATTER" : " ",
        "MNTN_NM" : "월성산",
        "PAST_SPOT_" : "4415028010148",
        "MNTN_ID" : "441502801"
      },
      "geometry" : {
        "x" : 211637.27480000036,
        "y" : 427533.49690000003
      }
    },
    {
      "attributes" : {
        "FID" : 148,
        "PMNTN_SPOT" : 98829,
        "MNTN_CODE" : "441502801",
        "MANAGE_SP1" : "11",
        "MANAGE_SP2" : "안내판또는지도",
        "DETAIL_SPO" : "안내판또는지도",
        "ETC_MATTER" : " ",
        "MNTN_NM" : "월성산",
        "PAST_SPOT_" : "4415028010149",
        "MNTN_ID" : "441502801"
      },
      "geometry" : {
        "x" : 211915.12240000037,
        "y" : 427658.93930000067
      }
    },
    {
      "attributes" : {
        "FID" : 149,
        "PMNTN_SPOT" : 98830,
        "MNTN_CODE" : "441502801",
        "MANAGE_SP1" : "05",
        "MANAGE_SP2" : "벤치",
        "DETAIL_SPO" : "벤치",
        "ETC_MATTER" : " ",
        "MNTN_NM" : "월성산",
        "PAST_SPOT_" : "4415028010150",
        "MNTN_ID" : "441502801"
      },
      "geometry" : {
        "x" : 211823.59919999933,
        "y" : 427584.35750000039
      }
    },
    {
      "attributes" : {
        "FID" : 150,
        "PMNTN_SPOT" : 98831,
        "MNTN_CODE" : "441502801",
        "MANAGE_SP1" : "03",
        "MANAGE_SP2" : "정자",
        "DETAIL_SPO" : "정자",
        "ETC_MATTER" : " ",
        "MNTN_NM" : "월성산",
        "PAST_SPOT_" : "4415028010151",
        "MNTN_ID" : "441502801"
      },
      "geometry" : {
        "x" : 212751.41089999885,
        "y" : 427893.71319999947
      }
    },
    {
      "attributes" : {
        "FID" : 151,
        "PMNTN_SPOT" : 98832,
        "MNTN_CODE" : "441502801",
        "MANAGE_SP1" : "10",
        "MANAGE_SP2" : "이정표",
        "DETAIL_SPO" : "이정표",
        "ETC_MATTER" : " ",
        "MNTN_NM" : "월성산",
        "PAST_SPOT_" : "4415028010152",
        "MNTN_ID" : "441502801"
      },
      "geometry" : {
        "x" : 212193.19750000027,
        "y" : 428437.87490000005
      }
    },
    {
      "attributes" : {
        "FID" : 152,
        "PMNTN_SPOT" : 98833,
        "MNTN_CODE" : "441502801",
        "MANAGE_SP1" : "11",
        "MANAGE_SP2" : "안내판또는지도",
        "DETAIL_SPO" : "안내판또는지도",
        "ETC_MATTER" : " ",
        "MNTN_NM" : "월성산",
        "PAST_SPOT_" : "4415028010153",
        "MNTN_ID" : "441502801"
      },
      "geometry" : {
        "x" : 212124.23810000022,
        "y" : 427878.49649999948
      }
    },
    {
      "attributes" : {
        "FID" : 153,
        "PMNTN_SPOT" : 98834,
        "MNTN_CODE" : "441502801",
        "MANAGE_SP1" : "10",
        "MANAGE_SP2" : "이정표",
        "DETAIL_SPO" : "이정표",
        "ETC_MATTER" : " ",
        "MNTN_NM" : "월성산",
        "PAST_SPOT_" : "4415028010154",
        "MNTN_ID" : "441502801"
      },
      "geometry" : {
        "x" : 212585.1726000013,
        "y" : 426616.89929999982
      }
    },
    {
      "attributes" : {
        "FID" : 154,
        "PMNTN_SPOT" : 98835,
        "MNTN_CODE" : "441502801",
        "MANAGE_SP1" : "15",
        "MANAGE_SP2" : "훼손지",
        "DETAIL_SPO" : "훼손지",
        "ETC_MATTER" : " ",
        "MNTN_NM" : "월성산",
        "PAST_SPOT_" : "4415028010155",
        "MNTN_ID" : "441502801"
      },
      "geometry" : {
        "x" : 212663.38909999951,
        "y" : 426353.02720000036
      }
    },
    {
      "attributes" : {
        "FID" : 155,
        "PMNTN_SPOT" : 98836,
        "MNTN_CODE" : "441502801",
        "MANAGE_SP1" : "15",
        "MANAGE_SP2" : "훼손지",
        "DETAIL_SPO" : "훼손지",
        "ETC_MATTER" : " ",
        "MNTN_NM" : "월성산",
        "PAST_SPOT_" : "4415028010156",
        "MNTN_ID" : "441502801"
      },
      "geometry" : {
        "x" : 212651.90160000132,
        "y" : 426298.97049999982
      }
    },
    {
      "attributes" : {
        "FID" : 156,
        "PMNTN_SPOT" : 98837,
        "MNTN_CODE" : "441502801",
        "MANAGE_SP1" : "99",
        "MANAGE_SP2" : "기타",
        "DETAIL_SPO" : "밤나무밭",
        "ETC_MATTER" : " ",
        "MNTN_NM" : "월성산",
        "PAST_SPOT_" : "4415028010157",
        "MNTN_ID" : "441502801"
      },
      "geometry" : {
        "x" : 212837.8149999998,
        "y" : 426033.13770000066
      }
    },
    {
      "attributes" : {
        "FID" : 157,
        "PMNTN_SPOT" : 98838,
        "MNTN_CODE" : "441502801",
        "MANAGE_SP1" : "99",
        "MANAGE_SP2" : "기타",
        "DETAIL_SPO" : "민가",
        "ETC_MATTER" : " ",
        "MNTN_NM" : "월성산",
        "PAST_SPOT_" : "4415028010158",
        "MNTN_ID" : "441502801"
      },
      "geometry" : {
        "x" : 212397.73610000027,
        "y" : 426648.69910000055
      }
    }
  ]
}