{
  "displayFieldName" : "",
  "fieldAliases" : {
    "FID" : "FID",
    "PMNTN_SN" : "PMNTN_SN",
    "MNTN_CODE" : "MNTN_CODE",
    "MNTN_NM" : "MNTN_NM",
    "PMNTN_NM" : "PMNTN_NM",
    "PMNTN_MAIN" : "PMNTN_MAIN",
    "PMNTN_LT" : "PMNTN_LT",
    "PMNTN_DFFL" : "PMNTN_DFFL",
    "PMNTN_UPPL" : "PMNTN_UPPL",
    "PMNTN_GODN" : "PMNTN_GODN",
    "PMNTN_MTRQ" : "PMNTN_MTRQ",
    "PMNTN_CNRL" : "PMNTN_CNRL",
    "PMNTN_CLS_" : "PMNTN_CLS_",
    "PMNTN_RISK" : "PMNTN_RISK",
    "PMNTN_RECO" : "PMNTN_RECO",
    "DATA_STDR_" : "DATA_STDR_",
    "MNTN_ID" : "MNTN_ID"
  },
  "geometryType" : "esriGeometryPolyline",
  "spatialReference" : {
    "wkt" : "PROJCS[\"PCS_ITRF2000_TM\",GEOGCS[\"GCS_ITRF_2000\",DATUM[\"D_ITRF_2000\",SPHEROID[\"GRS_1980\",6378137.0,298.257222101]],PRIMEM[\"Greenwich\",0.0],UNIT[\"Degree\",0.0174532925199433]],PROJECTION[\"Transverse_Mercator\"],PARAMETER[\"False_Easting\",200000.0],PARAMETER[\"False_Northing\",600000.0],PARAMETER[\"Central_Meridian\",127.0],PARAMETER[\"Scale_Factor\",1.0],PARAMETER[\"Latitude_Of_Origin\",38.0],UNIT[\"Meter\",1.0]]"
  },
  "fields" : [
    {
      "name" : "FID",
      "type" : "esriFieldTypeOID",
      "alias" : "FID"
    },
    {
      "name" : "PMNTN_SN",
      "type" : "esriFieldTypeDouble",
      "alias" : "PMNTN_SN"
    },
    {
      "name" : "MNTN_CODE",
      "type" : "esriFieldTypeString",
      "alias" : "MNTN_CODE",
      "length" : 9
    },
    {
      "name" : "MNTN_NM",
      "type" : "esriFieldTypeString",
      "alias" : "MNTN_NM",
      "length" : 50
    },
    {
      "name" : "PMNTN_NM",
      "type" : "esriFieldTypeString",
      "alias" : "PMNTN_NM",
      "length" : 50
    },
    {
      "name" : "PMNTN_MAIN",
      "type" : "esriFieldTypeString",
      "alias" : "PMNTN_MAIN",
      "length" : 200
    },
    {
      "name" : "PMNTN_LT",
      "type" : "esriFieldTypeSingle",
      "alias" : "PMNTN_LT"
    },
    {
      "name" : "PMNTN_DFFL",
      "type" : "esriFieldTypeString",
      "alias" : "PMNTN_DFFL",
      "length" : 8
    },
    {
      "name" : "PMNTN_UPPL",
      "type" : "esriFieldTypeDouble",
      "alias" : "PMNTN_UPPL"
    },
    {
      "name" : "PMNTN_GODN",
      "type" : "esriFieldTypeDouble",
      "alias" : "PMNTN_GODN"
    },
    {
      "name" : "PMNTN_MTRQ",
      "type" : "esriFieldTypeString",
      "alias" : "PMNTN_MTRQ",
      "length" : 200
    },
    {
      "name" : "PMNTN_CNRL",
      "type" : "esriFieldTypeString",
      "alias" : "PMNTN_CNRL",
      "length" : 1
    },
    {
      "name" : "PMNTN_CLS_",
      "type" : "esriFieldTypeString",
      "alias" : "PMNTN_CLS_",
      "length" : 1
    },
    {
      "name" : "PMNTN_RISK",
      "type" : "esriFieldTypeString",
      "alias" : "PMNTN_RISK",
      "length" : 200
    },
    {
      "name" : "PMNTN_RECO",
      "type" : "esriFieldTypeString",
      "alias" : "PMNTN_RECO",
      "length" : 1
    },
    {
      "name" : "DATA_STDR_",
      "type" : "esriFieldTypeString",
      "alias" : "DATA_STDR_",
      "length" : 10
    },
    {
      "name" : "MNTN_ID",
      "type" : "esriFieldTypeString",
      "alias" : "MNTN_ID",
      "length" : 10
    }
  ],
  "features" : [
    {
      "attributes" : {
        "FID" : 0,
        "PMNTN_SN" : 790,
        "MNTN_CODE" : "479204704",
        "MNTN_NM" : "각화사",
        "PMNTN_NM" : "석현리구간",
        "PMNTN_MAIN" : " ",
        "PMNTN_LT" : 2.44,
        "PMNTN_DFFL" : "쉬움",
        "PMNTN_UPPL" : 43,
        "PMNTN_GODN" : 30,
        "PMNTN_MTRQ" : " ",
        "PMNTN_CNRL" : " ",
        "PMNTN_CLS_" : " ",
        "PMNTN_RISK" : " ",
        "PMNTN_RECO" : " ",
        "DATA_STDR_" : "2016-12-31",
        "MNTN_ID" : "479204704"
      },
      "geometry" : {
        "paths" : [
          [
            [
              369065.79780002031,
              487580.58340000361
            ],
            [
              369052.94620001502,
              487600.48740000091
            ],
            [
              369055.20530001819,
              487619.43390000239
            ],
            [
              369067.46010002308,
              487716.8041999992
            ],
            [
              369079.78830002341,
              487728.41490000673
            ],
            [
              369120.23250001948,
              487769.00640000589
            ],
            [
              369147.80700002145,
              487798.08029999956
            ],
            [
              369159.10080001969,
              487815.70980000123
            ],
            [
              369163.79920002166,
              487829.25180000812
            ],
            [
              369165.55430002138,
              487839.66999999993
            ],
            [
              369168.71330002043,
              487886.95979999937
            ],
            [
              369170.98530002125,
              487908.01230000332
            ],
            [
              369178.07270001993,
              487927.25090000033
            ],
            [
              369200.45380001795,
              487978.56240000576
            ],
            [
              369213.2142000217,
              487992.04900000058
            ],
            [
              369240.25160002057,
              488026.14860000089
            ],
            [
              369248.26180002,
              488053.25290000625
            ],
            [
              369245.40890001785,
              488082.89680000581
            ],
            [
              369245.52090002038,
              488095.36770000122
            ],
            [
              369260.75770001952,
              488116.12880000658
            ],
            [
              369291.13140002079,
              488157.51469999924
            ],
            [
              369305.32730001956,
              488196.81110000424
            ],
            [
              369308.96840002108,
              488214.54619999975
            ],
            [
              369308.79470002186,
              488230.33030000329
            ],
            [
              369301.19270001911,
              488248.80610000156
            ],
            [
              369294.37590002082,
              488262.68620000221
            ],
            [
              369284.85220001545,
              488282.91260000505
            ],
            [
              369276.25430002157,
              488308.3387000002
            ],
            [
              369269.9436000213,
              488325.00219999999
            ],
            [
              369265.07770002168,
              488346.56650000438
            ],
            [
              369264.35870002024,
              488374.35260000639
            ],
            [
              369269.47780002095,
              488416.95840000547
            ],
            [
              369280.24490002077,
              488462.64609999768
            ],
            [
              369316.90510002151,
              488591.27320000157
            ],
            [
              369380.03670002054,
              488722.82279999927
            ],
            [
              369386.74730001949,
              488772.76560000516
            ],
            [
              369392.55080002081,
              488789.15410000458
            ],
            [
              369401.68860002048,
              488804.74780000187
            ],
            [
              369432.15860002022,
              488841.38240000419
            ],
            [
              369460.30750002153,
              488873.32670000196
            ],
            [
              369481.35760002211,
              488909.90289999731
            ],
            [
              369487.32370002009,
              488937.9762000069
            ],
            [
              369493.52740002144,
              488978.29470000044
            ],
            [
              369493.95600001886,
              489003.252700001
            ],
            [
              369490.30190001987,
              489031.79470000416
            ],
            [
              369496.03360001743,
              489055.87740000151
            ],
            [
              369501.47780002188,
              489094.02470000461
            ],
            [
              369509.53220002353,
              489130.17480000667
            ],
            [
              369523.63260001969,
              489173.35900000297
            ],
            [
              369538.95050001983,
              489190.41279999912
            ],
            [
              369553.59330002032,
              489203.29560000077
            ],
            [
              369585.64240002166,
              489220.91769999824
            ],
            [
              369614.67450002301,
              489268.88430000469
            ],
            [
              369629.99350002035,
              489299.33200000226
            ],
            [
              369644.02510002069,
              489319.99640000239
            ],
            [
              369659.13710002135,
              489339.92200000212
            ],
            [
              369682.76880002022,
              489358.70810000598
            ],
            [
              369731.69990002178,
              489400.11440000683
            ],
            [
              369744.74110001978,
              489407.88869999722
            ],
            [
              369771.04990002047,
              489417.71480000764
            ],
            [
              369790.66420002375,
              489428.05420000106
            ],
            [
              369805.84810002055,
              489444.66860000044
            ],
            [
              369814.46190002095,
              489459.72420000099
            ],
            [
              369828.14380002115,
              489476.34770000726
            ],
            [
              369848.44220002182,
              489491.76040000096
            ],
            [
              369862.24580001924,
              489498.81760000065
            ],
            [
              369881.59010002203,
              489504.16970000416
            ],
            [
              369897.59900001809,
              489513.11190000176
            ],
            [
              369911.25050002057,
              489529.70420000516
            ],
            [
              369918.139500021,
              489549.21570000425
            ],
            [
              369931.10090002045,
              489575.76710000075
            ],
            [
              369939.40310002211,
              489591.65550000407
            ],
            [
              369947.22660002112,
              489593.04980000108
            ],
            [
              369954.29100002069,
              489602.08820000105
            ],
            [
              369958.38530002069,
              489652.56880000234
            ],
            [
              369966.39250002056,
              489668.02120000124
            ]
          ]
        ]
      }
    },
    {
      "attributes" : {
        "FID" : 1,
        "PMNTN_SN" : 791,
        "MNTN_CODE" : "479204704",
        "MNTN_NM" : "각화사",
        "PMNTN_NM" : "석현리구간",
        "PMNTN_MAIN" : " ",
        "PMNTN_LT" : 0.12,
        "PMNTN_DFFL" : "쉬움",
        "PMNTN_UPPL" : 2,
        "PMNTN_GODN" : 1,
        "PMNTN_MTRQ" : " ",
        "PMNTN_CNRL" : " ",
        "PMNTN_CLS_" : " ",
        "PMNTN_RISK" : " ",
        "PMNTN_RECO" : " ",
        "DATA_STDR_" : "2016-12-31",
        "MNTN_ID" : "479204704"
      },
      "geometry" : {
        "paths" : [
          [
            [
              369836.67030002363,
              489691.19110000134
            ],
            [
              369864.35040002037,
              489690.71400000528
            ],
            [
              369884.60270002019,
              489692.43290000409
            ],
            [
              369909.87530001998,
              489707.16970000602
            ],
            [
              369914.72890002374,
              489723.13230000623
            ],
            [
              369920.28480001912,
              489743.95740000345
            ],
            [
              369925.60090002138,
              489744.8026000075
            ]
          ]
        ]
      }
    },
    {
      "attributes" : {
        "FID" : 2,
        "PMNTN_SN" : 792,
        "MNTN_CODE" : "479204704",
        "MNTN_NM" : "각화사",
        "PMNTN_NM" : "석현리구간",
        "PMNTN_MAIN" : " ",
        "PMNTN_LT" : 0.08,
        "PMNTN_DFFL" : "쉬움",
        "PMNTN_UPPL" : 1,
        "PMNTN_GODN" : 1,
        "PMNTN_MTRQ" : " ",
        "PMNTN_CNRL" : " ",
        "PMNTN_CLS_" : " ",
        "PMNTN_RISK" : " ",
        "PMNTN_RECO" : " ",
        "DATA_STDR_" : "2016-12-31",
        "MNTN_ID" : "479204704"
      },
      "geometry" : {
        "paths" : [
          [
            [
              369954.08910002373,
              489844.32760000229
            ],
            [
              369953.79230001941,
              489826.69659999944
            ],
            [
              369961.1900000209,
              489821.56350000203
            ],
            [
              369958.69700002018,
              489801.14939999953
            ],
            [
              369954.7944000205,
              489788.18050000258
            ],
            [
              369968.67800002359,
              489774.54319999926
            ]
          ]
        ]
      }
    },
    {
      "attributes" : {
        "FID" : 3,
        "PMNTN_SN" : 793,
        "MNTN_CODE" : "479204704",
        "MNTN_NM" : "각화사",
        "PMNTN_NM" : "석현리구간",
        "PMNTN_MAIN" : " ",
        "PMNTN_LT" : 0.47,
        "PMNTN_DFFL" : "쉬움",
        "PMNTN_UPPL" : 8,
        "PMNTN_GODN" : 6,
        "PMNTN_MTRQ" : " ",
        "PMNTN_CNRL" : " ",
        "PMNTN_CLS_" : " ",
        "PMNTN_RISK" : " ",
        "PMNTN_RECO" : " ",
        "DATA_STDR_" : "2016-12-31",
        "MNTN_ID" : "479204704"
      },
      "geometry" : {
        "paths" : [
          [
            [
              369966.39250002056,
              489668.02120000124
            ],
            [
              369976.13350001909,
              489653.70960000716
            ],
            [
              369975.51540002227,
              489628.01040000096
            ],
            [
              369969.32540002,
              489545.23410000466
            ],
            [
              369975.94920002017,
              489503.81540000811
            ],
            [
              369973.15680001955,
              489487.9006000068
            ],
            [
              369983.23610001989,
              489478.39790000021
            ],
            [
              369995.3179000197,
              489473.61540000699
            ],
            [
              370024.77640002128,
              489460.60769999959
            ],
            [
              370046.22940002009,
              489454.63550000638
            ],
            [
              370063.70240002126,
              489452.56680000201
            ],
            [
              370075.3532000212,
              489454.71740000509
            ],
            [
              370090.41920002364,
              489457.35580000468
            ],
            [
              370107.7021000199,
              489463.99270000122
            ],
            [
              370123.28000002075,
              489466.70890000463
            ],
            [
              370144.68490002025,
              489463.01550000533
            ],
            [
              370162.01680002362,
              489454.89330000244
            ],
            [
              370172.33600002155,
              489441.82840000652
            ],
            [
              370186.69510002155,
              489434.76890000328
            ],
            [
              370194.63410002179,
              489443.47120000608
            ],
            [
              370193.32380002365,
              489456.40030000173
            ],
            [
              370187.30000002217,
              489467.86110000126
            ],
            [
              370173.28480002098,
              489477.15520000271
            ]
          ]
        ]
      }
    },
    {
      "attributes" : {
        "FID" : 4,
        "PMNTN_SN" : 794,
        "MNTN_CODE" : "479204704",
        "MNTN_NM" : "각화사",
        "PMNTN_NM" : "석현리구간",
        "PMNTN_MAIN" : " ",
        "PMNTN_LT" : 0.05,
        "PMNTN_DFFL" : "쉬움",
        "PMNTN_UPPL" : 1,
        "PMNTN_GODN" : 1,
        "PMNTN_MTRQ" : " ",
        "PMNTN_CNRL" : " ",
        "PMNTN_CLS_" : " ",
        "PMNTN_RISK" : " ",
        "PMNTN_RECO" : " ",
        "DATA_STDR_" : "2016-12-31",
        "MNTN_ID" : "479204704"
      },
      "geometry" : {
        "paths" : [
          [
            [
              369968.67800002359,
              489774.54319999926
            ],
            [
              369950.03840002045,
              489779.22750000283
            ],
            [
              369935.07630002033,
              489779.1726000011
            ],
            [
              369927.60220001917,
              489772.50770000368
            ],
            [
              369925.29350002203,
              489766.2627000045
            ]
          ]
        ]
      }
    },
    {
      "attributes" : {
        "FID" : 5,
        "PMNTN_SN" : 795,
        "MNTN_CODE" : "479204704",
        "MNTN_NM" : "각화사",
        "PMNTN_NM" : "석현리구간",
        "PMNTN_MAIN" : " ",
        "PMNTN_LT" : 0.14,
        "PMNTN_DFFL" : "쉬움",
        "PMNTN_UPPL" : 2,
        "PMNTN_GODN" : 2,
        "PMNTN_MTRQ" : " ",
        "PMNTN_CNRL" : " ",
        "PMNTN_CLS_" : " ",
        "PMNTN_RISK" : " ",
        "PMNTN_RECO" : " ",
        "DATA_STDR_" : "2016-12-31",
        "MNTN_ID" : "479204704"
      },
      "geometry" : {
        "paths" : [
          [
            [
              369966.39250002056,
              489668.02120000124
            ],
            [
              369969.93180002086,
              489684.75200000592
            ],
            [
              369979.17770001944,
              489700.60300000012
            ],
            [
              369984.17570002098,
              489709.66500000469
            ],
            [
              369989.01720001921,
              489712.27380000055
            ],
            [
              369994.36030002125,
              489723.24100000225
            ],
            [
              369989.20230001956,
              489730.04670000076
            ],
            [
              369985.88460002095,
              489732.87380000576
            ],
            [
              369975.25720001943,
              489732.68760000728
            ],
            [
              369969.30430002045,
              489733.17480000108
            ],
            [
              369966.98460001964,
              489734.66599999927
            ],
            [
              369963.43100002315,
              489740.28620000742
            ],
            [
              369968.67800002359,
              489774.54319999926
            ]
          ]
        ]
      }
    },
    {
      "attributes" : {
        "FID" : 6,
        "PMNTN_SN" : 796,
        "MNTN_CODE" : "479204704",
        "MNTN_NM" : "각화사",
        "PMNTN_NM" : "석현리구간",
        "PMNTN_MAIN" : " ",
        "PMNTN_LT" : 0.06,
        "PMNTN_DFFL" : "쉬움",
        "PMNTN_UPPL" : 1,
        "PMNTN_GODN" : 1,
        "PMNTN_MTRQ" : " ",
        "PMNTN_CNRL" : " ",
        "PMNTN_CLS_" : " ",
        "PMNTN_RISK" : " ",
        "PMNTN_RECO" : " ",
        "DATA_STDR_" : "2016-12-31",
        "MNTN_ID" : "479204704"
      },
      "geometry" : {
        "paths" : [
          [
            [
              369925.60090002138,
              489744.8026000075
            ],
            [
              369932.40730002057,
              489741.77050000429
            ],
            [
              369937.86830002163,
              489742.41320000216
            ],
            [
              369940.4738000175,
              489745.22670000046
            ],
            [
              369942.72270002216,
              489746.66410000063
            ],
            [
              369944.08950001933,
              489744.73630000278
            ],
            [
              369950.97010002099,
              489758.82210000418
            ],
            [
              369968.67800002359,
              489774.54319999926
            ]
          ]
        ]
      }
    },
    {
      "attributes" : {
        "FID" : 7,
        "PMNTN_SN" : 797,
        "MNTN_CODE" : "479204704",
        "MNTN_NM" : "각화사",
        "PMNTN_NM" : "석현리구간",
        "PMNTN_MAIN" : " ",
        "PMNTN_LT" : 0.32,
        "PMNTN_DFFL" : "중간",
        "PMNTN_UPPL" : 6,
        "PMNTN_GODN" : 4,
        "PMNTN_MTRQ" : " ",
        "PMNTN_CNRL" : " ",
        "PMNTN_CLS_" : " ",
        "PMNTN_RISK" : " ",
        "PMNTN_RECO" : " ",
        "DATA_STDR_" : "2016-12-31",
        "MNTN_ID" : "479204704"
      },
      "geometry" : {
        "paths" : [
          [
            [
              369925.48566515464,
              489765.53043076023
            ],
            [
              369925.29350002203,
              489766.2627000045
            ],
            [
              369862.64640002139,
              489762.22399999946
            ],
            [
              369860.1357000228,
              489758.2324000001
            ],
            [
              369835.5296000205,
              489770.45720000193
            ],
            [
              369830.48910002038,
              489782.79990000464
            ],
            [
              369832.98570002057,
              489783.02680000104
            ],
            [
              369823.73080001865,
              489793.32120000757
            ],
            [
              369816.30890001915,
              489802.30279999971
            ],
            [
              369777.64950001985,
              489827.33700000308
            ],
            [
              369730.15950001869,
              489883.25270000286
            ],
            [
              369688.97470001969,
              489937.46790000796
            ]
          ]
        ]
      }
    },
    {
      "attributes" : {
        "FID" : 8,
        "PMNTN_SN" : 798,
        "MNTN_CODE" : "479204704",
        "MNTN_NM" : "각화사",
        "PMNTN_NM" : "석현리구간",
        "PMNTN_MAIN" : " ",
        "PMNTN_LT" : 0.02,
        "PMNTN_DFFL" : "쉬움",
        "PMNTN_UPPL" : 1,
        "PMNTN_GODN" : 0,
        "PMNTN_MTRQ" : " ",
        "PMNTN_CNRL" : " ",
        "PMNTN_CLS_" : " ",
        "PMNTN_RISK" : " ",
        "PMNTN_RECO" : " ",
        "DATA_STDR_" : "2016-12-31",
        "MNTN_ID" : "479204704"
      },
      "geometry" : {
        "paths" : [
          [
            [
              369925.60090002138,
              489744.8026000075
            ],
            [
              369924.96740001999,
              489748.09749999829
            ],
            [
              369928.75330001954,
              489753.07870000415
            ],
            [
              369925.48566515464,
              489765.53043076023
            ]
          ]
        ]
      }
    }
  ]
}