{
  "displayFieldName" : "",
  "fieldAliases" : {
    "FID" : "FID",
    "PMNTN_SN" : "PMNTN_SN",
    "MNTN_CODE" : "MNTN_CODE",
    "MNTN_NM" : "MNTN_NM",
    "PMNTN_NM" : "PMNTN_NM",
    "PMNTN_MAIN" : "PMNTN_MAIN",
    "PMNTN_LT" : "PMNTN_LT",
    "PMNTN_DFFL" : "PMNTN_DFFL",
    "PMNTN_UPPL" : "PMNTN_UPPL",
    "PMNTN_GODN" : "PMNTN_GODN",
    "PMNTN_MTRQ" : "PMNTN_MTRQ",
    "PMNTN_CNRL" : "PMNTN_CNRL",
    "PMNTN_CLS_" : "PMNTN_CLS_",
    "PMNTN_RISK" : "PMNTN_RISK",
    "PMNTN_RECO" : "PMNTN_RECO",
    "DATA_STDR_" : "DATA_STDR_",
    "MNTN_ID" : "MNTN_ID"
  },
  "geometryType" : "esriGeometryPolyline",
  "spatialReference" : {
    "wkt" : "PROJCS[\"PCS_ITRF2000_TM\",GEOGCS[\"GCS_ITRF_2000\",DATUM[\"D_ITRF_2000\",SPHEROID[\"GRS_1980\",6378137.0,298.257222101]],PRIMEM[\"Greenwich\",0.0],UNIT[\"Degree\",0.0174532925199433]],PROJECTION[\"Transverse_Mercator\"],PARAMETER[\"False_Easting\",200000.0],PARAMETER[\"False_Northing\",600000.0],PARAMETER[\"Central_Meridian\",127.0],PARAMETER[\"Scale_Factor\",1.0],PARAMETER[\"Latitude_Of_Origin\",38.0],UNIT[\"Meter\",1.0]]"
  },
  "fields" : [
    {
      "name" : "FID",
      "type" : "esriFieldTypeOID",
      "alias" : "FID"
    },
    {
      "name" : "PMNTN_SN",
      "type" : "esriFieldTypeDouble",
      "alias" : "PMNTN_SN"
    },
    {
      "name" : "MNTN_CODE",
      "type" : "esriFieldTypeString",
      "alias" : "MNTN_CODE",
      "length" : 9
    },
    {
      "name" : "MNTN_NM",
      "type" : "esriFieldTypeString",
      "alias" : "MNTN_NM",
      "length" : 50
    },
    {
      "name" : "PMNTN_NM",
      "type" : "esriFieldTypeString",
      "alias" : "PMNTN_NM",
      "length" : 50
    },
    {
      "name" : "PMNTN_MAIN",
      "type" : "esriFieldTypeString",
      "alias" : "PMNTN_MAIN",
      "length" : 200
    },
    {
      "name" : "PMNTN_LT",
      "type" : "esriFieldTypeSingle",
      "alias" : "PMNTN_LT"
    },
    {
      "name" : "PMNTN_DFFL",
      "type" : "esriFieldTypeString",
      "alias" : "PMNTN_DFFL",
      "length" : 8
    },
    {
      "name" : "PMNTN_UPPL",
      "type" : "esriFieldTypeDouble",
      "alias" : "PMNTN_UPPL"
    },
    {
      "name" : "PMNTN_GODN",
      "type" : "esriFieldTypeDouble",
      "alias" : "PMNTN_GODN"
    },
    {
      "name" : "PMNTN_MTRQ",
      "type" : "esriFieldTypeString",
      "alias" : "PMNTN_MTRQ",
      "length" : 200
    },
    {
      "name" : "PMNTN_CNRL",
      "type" : "esriFieldTypeString",
      "alias" : "PMNTN_CNRL",
      "length" : 1
    },
    {
      "name" : "PMNTN_CLS_",
      "type" : "esriFieldTypeString",
      "alias" : "PMNTN_CLS_",
      "length" : 1
    },
    {
      "name" : "PMNTN_RISK",
      "type" : "esriFieldTypeString",
      "alias" : "PMNTN_RISK",
      "length" : 200
    },
    {
      "name" : "PMNTN_RECO",
      "type" : "esriFieldTypeString",
      "alias" : "PMNTN_RECO",
      "length" : 1
    },
    {
      "name" : "DATA_STDR_",
      "type" : "esriFieldTypeString",
      "alias" : "DATA_STDR_",
      "length" : 10
    },
    {
      "name" : "MNTN_ID",
      "type" : "esriFieldTypeString",
      "alias" : "MNTN_ID",
      "length" : 10
    }
  ],
  "features" : [
    {
      "attributes" : {
        "FID" : 0,
        "PMNTN_SN" : 14962,
        "MNTN_CODE" : "457702601",
        "MNTN_NM" : "마봉산",
        "PMNTN_NM" : "순화리구간",
        "PMNTN_MAIN" : " ",
        "PMNTN_LT" : 0.55,
        "PMNTN_DFFL" : "쉬움",
        "PMNTN_UPPL" : 10,
        "PMNTN_GODN" : 7,
        "PMNTN_MTRQ" : " ",
        "PMNTN_CNRL" : " ",
        "PMNTN_CLS_" : " ",
        "PMNTN_RISK" : " ",
        "PMNTN_RECO" : " ",
        "DATA_STDR_" : "2016-12-31",
        "MNTN_ID" : "457702601"
      },
      "geometry" : {
        "paths" : [
          [
            [
              211999.70960000064,
              309218.92300000228
            ],
            [
              212001.49330000393,
              309212.42860000022
            ],
            [
              212005.0242000008,
              309206.69340000115
            ],
            [
              212008.059799999,
              309199.95519999973
            ],
            [
              212010.35140000004,
              309191.96260000393
            ],
            [
              212014.13480000012,
              309185.7284000013
            ],
            [
              212018.17850000225,
              309177.49450000748
            ],
            [
              212022.9625000041,
              309171.26539999992
            ],
            [
              212027.2462000018,
              309165.03380000032
            ],
            [
              212031.53500000294,
              309157.80160000175
            ],
            [
              212035.06580000091,
              309152.06640000269
            ],
            [
              212039.09819999989,
              309146.08369999938
            ],
            [
              212041.87609999999,
              309140.8449000027
            ],
            [
              212043.14310000092,
              309137.59960000217
            ],
            [
              212042.4179999996,
              309132.59329999983
            ],
            [
              212039.68810000084,
              309128.32730000094
            ],
            [
              212036.21920000203,
              309121.80640000105
            ],
            [
              212034.50000000093,
              309115.54439999908
            ],
            [
              212034.28519999981,
              309108.53960000165
            ],
            [
              212035.06469999999,
              309102.79050000012
            ],
            [
              212032.33480000217,
              309098.52449999936
            ],
            [
              212027.59120000061,
              309096.74960000254
            ],
            [
              212020.82900000364,
              309098.4664000012
            ],
            [
              212014.05790000036,
              309101.93400000222
            ],
            [
              212007.03420000058,
              309105.90059999935
            ],
            [
              211998.25710000005,
              309110.35860000178
            ],
            [
              211993.2331000017,
              309114.58550000004
            ],
            [
              211988.46050000284,
              309118.56350000203
            ],
            [
              211981.43680000119,
              309122.53009999916
            ],
            [
              211975.69020000007,
              309121.25040000305
            ],
            [
              211972.45630000159,
              309117.73220000044
            ],
            [
              211969.73649999965,
              309111.46519999951
            ],
            [
              211969.77060000133,
              309104.71180000342
            ],
            [
              211969.28560000006,
              309101.70780000091
            ],
            [
              211966.29920000117,
              309098.69109999761
            ],
            [
              211959.54330000374,
              309099.15720000304
            ],
            [
              211953.53780000284,
              309099.62719999999
            ],
            [
              211943.77910000086,
              309100.32819999941
            ],
            [
              211936.28420000337,
              309098.53950000182
            ],
            [
              211932.79640000034,
              309095.7704000026
            ],
            [
              211929.32239999995,
              309090.24990000203
            ],
            [
              211923.35230000038,
              309083.71639999934
            ],
            [
              211918.13250000216,
              309077.18659999967
            ],
            [
              211912.91530000232,
              309070.15650000051
            ],
            [
              211908.41930000205,
              309068.88320000097
            ],
            [
              211901.40440000407,
              309071.0989000015
            ],
            [
              211896.62050000019,
              309077.32799999975
            ],
            [
              211892.08160000015,
              309084.55890000053
            ],
            [
              211887.80670000054,
              309089.03970000148
            ],
            [
              211883.04550000094,
              309090.76649999991
            ],
            [
              211875.7993999999,
              309089.22910000011
            ],
            [
              211870.24679999985,
              309086.69970000163
            ],
            [
              211864.76680000313,
              309082.16970000044
            ],
            [
              211861.79810000025,
              309075.65129999816
            ],
            [
              211861.57960000075,
              309069.39690000191
            ],
            [
              211862.86560000014,
              309062.39970000274
            ],
            [
              211865.40480000153,
              309054.90860000253
            ],
            [
              211868.19149999972,
              309047.91899999976
            ],
            [
              211868.46950000152,
              309042.41750000231
            ],
            [
              211865.75980000012,
              309034.14949999936
            ],
            [
              211864.78959999979,
              309028.14140000008
            ],
            [
              211867.31360000186,
              309023.6518000029
            ],
            [
              211870.45909999963,
              309019.91569999978
            ],
            [
              211872.73550000135,
              309014.92460000142
            ],
            [
              211873.76640000101,
              309008.92659999989
            ],
            [
              211876.05669999961,
              309001.18410000019
            ],
            [
              211876.0856999997,
              308995.43130000308
            ],
            [
              211874.09990000073,
              308992.4197000023
            ],
            [
              211869.8579000039,
              308990.3972000014
            ],
            [
              211864.35510000028,
              308990.36940000206
            ],
            [
              211857.86830000114,
              308987.08490000106
            ],
            [
              211851.8805000009,
              308984.05310000293
            ],
            [
              211844.63190000411,
              308983.01590000279
            ],
            [
              211835.18979999982,
              308980.7880000025
            ],
            [
              211830.14989999961,
              308977.94010000117
            ],
            [
              211825.42030000407,
              308973.41379999928
            ],
            [
              211820.95600000024,
              308965.88729999959
            ],
            [
              211815.99640000146,
              308957.35780000128
            ],
            [
              211814.04470000416,
              308947.59280000068
            ],
            [
              211812.34190000128,
              308938.07919999957
            ],
            [
              211812.14859999996,
              308926.8223000057
            ],
            [
              211812.16760000028,
              308923.07049999945
            ]
          ]
        ]
      }
    },
    {
      "attributes" : {
        "FID" : 1,
        "PMNTN_SN" : 14963,
        "MNTN_CODE" : "457702601",
        "MNTN_NM" : "마봉산",
        "PMNTN_NM" : "순화리구간",
        "PMNTN_MAIN" : " ",
        "PMNTN_LT" : 0.41,
        "PMNTN_DFFL" : "쉬움",
        "PMNTN_UPPL" : 7,
        "PMNTN_GODN" : 5,
        "PMNTN_MTRQ" : " ",
        "PMNTN_CNRL" : " ",
        "PMNTN_CLS_" : " ",
        "PMNTN_RISK" : " ",
        "PMNTN_RECO" : " ",
        "DATA_STDR_" : "2016-12-31",
        "MNTN_ID" : "457702601"
      },
      "geometry" : {
        "paths" : [
          [
            [
              211812.16760000028,
              308923.07049999945
            ],
            [
              211818.14150000084,
              308928.85370000079
            ],
            [
              211824.87469999958,
              308932.8898000028
            ],
            [
              211831.3665000014,
              308935.17380000278
            ],
            [
              211838.60120000411,
              308938.96230000257
            ],
            [
              211844.08250000048,
              308943.24220000021
            ],
            [
              211848.57079999987,
              308946.01640000008
            ],
            [
              211855.07030000072,
              308946.79960000142
            ],
            [
              211860.82320000324,
              308946.82860000059
            ],
            [
              211864.5661999993,
              308948.59850000031
            ],
            [
              211870.55150000099,
              308952.1305999998
            ],
            [
              211876.53300000075,
              308956.4130000025
            ],
            [
              211882.0269000018,
              308958.19170000032
            ],
            [
              211886.27529999893,
              308958.96360000037
            ],
            [
              211892.03450000379,
              308957.74200000241
            ],
            [
              211899.05439999979,
              308954.52580000274
            ],
            [
              211905.57409999985,
              308951.30700000376
            ],
            [
              211913.10309999902,
              308946.34240000136
            ],
            [
              211920.88480000198,
              308940.878800001
            ],
            [
              211926.15000000037,
              308938.40410000272
            ],
            [
              211932.40700000338,
              308937.68530000001
            ],
            [
              211938.66009999998,
              308937.71690000221
            ],
            [
              211946.16760000028,
              308937.00450000167
            ],
            [
              211954.93840000033,
              308933.79710000381
            ],
            [
              211961.71709999908,
              308928.82870000415
            ],
            [
              211966.99630000256,
              308923.60260000266
            ],
            [
              211970.02180000022,
              308918.86540000327
            ],
            [
              211976.04500000179,
              308914.8936999999
            ],
            [
              211982.81480000354,
              308911.67620000243
            ],
            [
              211989.84230000153,
              308906.95920000039
            ],
            [
              211995.12270000111,
              308901.48299999908
            ],
            [
              212001.53000000119,
              308895.76229999959
            ],
            [
              212008.81020000298,
              308890.54639999941
            ],
            [
              212013.08500000089,
              308886.06559999846
            ],
            [
              212020.60770000052,
              308882.3516000025
            ],
            [
              212028.37170000281,
              308880.38980000094
            ],
            [
              212036.39720000047,
              308876.1780999992
            ],
            [
              212042.92069999967,
              308872.20900000073
            ],
            [
              212050.43460000213,
              308870.24590000138
            ],
            [
              212056.68010000139,
              308871.77820000425
            ],
            [
              212064.42889999971,
              308872.81790000014
            ],
            [
              212073.45239999983,
              308869.11150000058
            ],
            [
              212080.47740000393,
              308864.89479999989
            ],
            [
              212085.3738000039,
              308861.16749999858
            ],
            [
              212089.15089999977,
              308856.18400000408
            ],
            [
              212089.67260000017,
              308851.9344000034
            ],
            [
              212090.68709999975,
              308849.18810000084
            ],
            [
              212094.94550000131,
              308847.9589000009
            ],
            [
              212099.95310000144,
              308846.98369999975
            ],
            [
              212106.46390000172,
              308845.5158000011
            ],
            [
              212112.97979999986,
              308843.0474000033
            ],
            [
              212119.99340000097,
              308841.0818000026
            ],
            [
              212125.76020000316,
              308838.35950000212
            ],
            [
              212131.02540000156,
              308835.88480000384
            ],
            [
              212135.02490000241,
              308836.40520000271
            ],
            [
              212140.76640000194,
              308838.6854000017
            ],
            [
              212145.00340000074,
              308841.70840000175
            ],
            [
              212148.73630000185,
              308845.47920000181
            ],
            [
              212151.22620000131,
              308847.74300000072
            ],
            [
              212155.47960000113,
              308847.51439999975
            ],
            [
              212163.24610000011,
              308845.05230000243
            ]
          ]
        ]
      }
    },
    {
      "attributes" : {
        "FID" : 2,
        "PMNTN_SN" : 14964,
        "MNTN_CODE" : "457702601",
        "MNTN_NM" : "마봉산",
        "PMNTN_NM" : "백산리구간",
        "PMNTN_MAIN" : " ",
        "PMNTN_LT" : 0.09,
        "PMNTN_DFFL" : "쉬움",
        "PMNTN_UPPL" : 2,
        "PMNTN_GODN" : 1,
        "PMNTN_MTRQ" : " ",
        "PMNTN_CNRL" : " ",
        "PMNTN_CLS_" : " ",
        "PMNTN_RISK" : " ",
        "PMNTN_RECO" : " ",
        "DATA_STDR_" : "2016-12-31",
        "MNTN_ID" : "457702601"
      },
      "geometry" : {
        "paths" : [
          [
            [
              211812.16760000028,
              308923.07049999945
            ],
            [
              211809.70800000057,
              308914.80370000191
            ],
            [
              211806.49810000043,
              308906.53309999965
            ],
            [
              211804.53250000067,
              308899.5195000004
            ],
            [
              211802.07799999882,
              308890.25229999982
            ],
            [
              211800.37510000076,
              308880.73870000429
            ],
            [
              211798.90469999891,
              308874.72809999995
            ],
            [
              211795.19450000208,
              308866.45500000007
            ],
            [
              211791.97960000206,
              308859.18500000238
            ],
            [
              211789.50480000023,
              308853.9197000023
            ],
            [
              211789.29140000138,
              308846.66479999945
            ],
            [
              211790.08340000361,
              308838.41450000368
            ]
          ]
        ]
      }
    }
  ]
}