{
  "displayFieldName" : "",
  "fieldAliases" : {
    "FID" : "FID",
    "PMNTN_SPOT" : "PMNTN_SPOT",
    "MNTN_CODE" : "MNTN_CODE",
    "MANAGE_SP1" : "MANAGE_SP1",
    "MANAGE_SP2" : "MANAGE_SP2",
    "DETAIL_SPO" : "DETAIL_SPO",
    "ETC_MATTER" : "ETC_MATTER",
    "MNTN_NM" : "MNTN_NM",
    "PAST_SPOT_" : "PAST_SPOT_",
    "MNTN_ID" : "MNTN_ID"
  },
  "geometryType" : "esriGeometryPoint",
  "spatialReference" : {
    "wkt" : "PROJCS[\"PCS_ITRF2000_TM\",GEOGCS[\"GCS_ITRF_2000\",DATUM[\"D_ITRF_2000\",SPHEROID[\"GRS_1980\",6378137.0,298.257222101]],PRIMEM[\"Greenwich\",0.0],UNIT[\"Degree\",0.0174532925199433]],PROJECTION[\"Transverse_Mercator\"],PARAMETER[\"False_Easting\",200000.0],PARAMETER[\"False_Northing\",600000.0],PARAMETER[\"Central_Meridian\",127.0],PARAMETER[\"Scale_Factor\",1.0],PARAMETER[\"Latitude_Of_Origin\",38.0],UNIT[\"Meter\",1.0]]"
  },
  "fields" : [
    {
      "name" : "FID",
      "type" : "esriFieldTypeOID",
      "alias" : "FID"
    },
    {
      "name" : "PMNTN_SPOT",
      "type" : "esriFieldTypeDouble",
      "alias" : "PMNTN_SPOT"
    },
    {
      "name" : "MNTN_CODE",
      "type" : "esriFieldTypeString",
      "alias" : "MNTN_CODE",
      "length" : 9
    },
    {
      "name" : "MANAGE_SP1",
      "type" : "esriFieldTypeString",
      "alias" : "MANAGE_SP1",
      "length" : 2
    },
    {
      "name" : "MANAGE_SP2",
      "type" : "esriFieldTypeString",
      "alias" : "MANAGE_SP2",
      "length" : 50
    },
    {
      "name" : "DETAIL_SPO",
      "type" : "esriFieldTypeString",
      "alias" : "DETAIL_SPO",
      "length" : 200
    },
    {
      "name" : "ETC_MATTER",
      "type" : "esriFieldTypeString",
      "alias" : "ETC_MATTER",
      "length" : 200
    },
    {
      "name" : "MNTN_NM",
      "type" : "esriFieldTypeString",
      "alias" : "MNTN_NM",
      "length" : 50
    },
    {
      "name" : "PAST_SPOT_",
      "type" : "esriFieldTypeString",
      "alias" : "PAST_SPOT_",
      "length" : 14
    },
    {
      "name" : "MNTN_ID",
      "type" : "esriFieldTypeString",
      "alias" : "MNTN_ID",
      "length" : 10
    }
  ],
  "features" : [
    {
      "attributes" : {
        "FID" : 0,
        "PMNTN_SPOT" : 27172,
        "MNTN_CODE" : "488805901",
        "MANAGE_SP1" : "01",
        "MANAGE_SP2" : "시종점",
        "DETAIL_SPO" : "시종점",
        "ETC_MATTER" : " ",
        "MNTN_NM" : "망설봉",
        "PAST_SPOT_" : "28200302000001",
        "MNTN_ID" : "2820030200"
      },
      "geometry" : {
        "x" : 274960.77599999961,
        "y" : 341695.4533000011
      }
    },
    {
      "attributes" : {
        "FID" : 1,
        "PMNTN_SPOT" : 27173,
        "MNTN_CODE" : "488805901",
        "MANAGE_SP1" : "02",
        "MANAGE_SP2" : "분기점",
        "DETAIL_SPO" : "분기점",
        "ETC_MATTER" : " ",
        "MNTN_NM" : "망설봉",
        "PAST_SPOT_" : "28200302000002",
        "MNTN_ID" : "2820030200"
      },
      "geometry" : {
        "x" : 278455.76049999986,
        "y" : 341588.66779999994
      }
    },
    {
      "attributes" : {
        "FID" : 2,
        "PMNTN_SPOT" : 27174,
        "MNTN_CODE" : "488805901",
        "MANAGE_SP1" : "01",
        "MANAGE_SP2" : "시종점",
        "DETAIL_SPO" : "시종점",
        "ETC_MATTER" : " ",
        "MNTN_NM" : "망설봉",
        "PAST_SPOT_" : "28200302000003",
        "MNTN_ID" : "2820030200"
      },
      "geometry" : {
        "x" : 278919.05420000292,
        "y" : 336338.75100000016
      }
    },
    {
      "attributes" : {
        "FID" : 3,
        "PMNTN_SPOT" : 27175,
        "MNTN_CODE" : "488805901",
        "MANAGE_SP1" : "01",
        "MANAGE_SP2" : "시종점",
        "DETAIL_SPO" : "시종점",
        "ETC_MATTER" : " ",
        "MNTN_NM" : "망설봉",
        "PAST_SPOT_" : "28200302000004",
        "MNTN_ID" : "2820030200"
      },
      "geometry" : {
        "x" : 279069.16860000324,
        "y" : 343629.83459999971
      }
    },
    {
      "attributes" : {
        "FID" : 4,
        "PMNTN_SPOT" : 27176,
        "MNTN_CODE" : "488805901",
        "MANAGE_SP1" : "02",
        "MANAGE_SP2" : "분기점",
        "DETAIL_SPO" : "분기점",
        "ETC_MATTER" : " ",
        "MNTN_NM" : "망설봉",
        "PAST_SPOT_" : "28200302000005",
        "MNTN_ID" : "2820030200"
      },
      "geometry" : {
        "x" : 279283.81130000018,
        "y" : 339102.55860000104
      }
    },
    {
      "attributes" : {
        "FID" : 5,
        "PMNTN_SPOT" : 27177,
        "MNTN_CODE" : "488805901",
        "MANAGE_SP1" : "02",
        "MANAGE_SP2" : "분기점",
        "DETAIL_SPO" : "분기점",
        "ETC_MATTER" : " ",
        "MNTN_NM" : "망설봉",
        "PAST_SPOT_" : "28200302000006",
        "MNTN_ID" : "2820030200"
      },
      "geometry" : {
        "x" : 279398.82239999995,
        "y" : 341715.99129999988
      }
    },
    {
      "attributes" : {
        "FID" : 6,
        "PMNTN_SPOT" : 27178,
        "MNTN_CODE" : "488805901",
        "MANAGE_SP1" : "02",
        "MANAGE_SP2" : "분기점",
        "DETAIL_SPO" : "분기점",
        "ETC_MATTER" : " ",
        "MNTN_NM" : "망설봉",
        "PAST_SPOT_" : "28200302000007",
        "MNTN_ID" : "2820030200"
      },
      "geometry" : {
        "x" : 279446.31689999998,
        "y" : 341582.93370000087
      }
    },
    {
      "attributes" : {
        "FID" : 7,
        "PMNTN_SPOT" : 27179,
        "MNTN_CODE" : "488805901",
        "MANAGE_SP1" : "02",
        "MANAGE_SP2" : "분기점",
        "DETAIL_SPO" : "분기점",
        "ETC_MATTER" : " ",
        "MNTN_NM" : "망설봉",
        "PAST_SPOT_" : "28200302000008",
        "MNTN_ID" : "2820030200"
      },
      "geometry" : {
        "x" : 279457.9383000005,
        "y" : 338357.02990000322
      }
    },
    {
      "attributes" : {
        "FID" : 8,
        "PMNTN_SPOT" : 27180,
        "MNTN_CODE" : "488805901",
        "MANAGE_SP1" : "02",
        "MANAGE_SP2" : "분기점",
        "DETAIL_SPO" : "분기점",
        "ETC_MATTER" : " ",
        "MNTN_NM" : "망설봉",
        "PAST_SPOT_" : "28200302000009",
        "MNTN_ID" : "2820030200"
      },
      "geometry" : {
        "x" : 279471.08690000139,
        "y" : 341484.8748000022
      }
    },
    {
      "attributes" : {
        "FID" : 9,
        "PMNTN_SPOT" : 27181,
        "MNTN_CODE" : "488805901",
        "MANAGE_SP1" : "02",
        "MANAGE_SP2" : "분기점",
        "DETAIL_SPO" : "분기점",
        "ETC_MATTER" : " ",
        "MNTN_NM" : "망설봉",
        "PAST_SPOT_" : "28200302000010",
        "MNTN_ID" : "2820030200"
      },
      "geometry" : {
        "x" : 279475.5120000001,
        "y" : 342148.25999999978
      }
    },
    {
      "attributes" : {
        "FID" : 10,
        "PMNTN_SPOT" : 27182,
        "MNTN_CODE" : "488805901",
        "MANAGE_SP1" : "01",
        "MANAGE_SP2" : "시종점",
        "DETAIL_SPO" : "시종점",
        "ETC_MATTER" : " ",
        "MNTN_NM" : "망설봉",
        "PAST_SPOT_" : "28200302000011",
        "MNTN_ID" : "2820030200"
      },
      "geometry" : {
        "x" : 279643.26750000007,
        "y" : 344209.83120000362
      }
    },
    {
      "attributes" : {
        "FID" : 11,
        "PMNTN_SPOT" : 27183,
        "MNTN_CODE" : "488805901",
        "MANAGE_SP1" : "02",
        "MANAGE_SP2" : "분기점",
        "DETAIL_SPO" : "분기점",
        "ETC_MATTER" : " ",
        "MNTN_NM" : "망설봉",
        "PAST_SPOT_" : "28200302000012",
        "MNTN_ID" : "2820030200"
      },
      "geometry" : {
        "x" : 279829.09339999966,
        "y" : 343429.81120000221
      }
    },
    {
      "attributes" : {
        "FID" : 12,
        "PMNTN_SPOT" : 27184,
        "MNTN_CODE" : "488805901",
        "MANAGE_SP1" : "02",
        "MANAGE_SP2" : "분기점",
        "DETAIL_SPO" : "분기점",
        "ETC_MATTER" : " ",
        "MNTN_NM" : "망설봉",
        "PAST_SPOT_" : "28200302000013",
        "MNTN_ID" : "2820030200"
      },
      "geometry" : {
        "x" : 279863.62260000128,
        "y" : 343429.57520000078
      }
    },
    {
      "attributes" : {
        "FID" : 13,
        "PMNTN_SPOT" : 27185,
        "MNTN_CODE" : "488805901",
        "MANAGE_SP1" : "02",
        "MANAGE_SP2" : "분기점",
        "DETAIL_SPO" : "분기점",
        "ETC_MATTER" : " ",
        "MNTN_NM" : "망설봉",
        "PAST_SPOT_" : "28200302000014",
        "MNTN_ID" : "2820030200"
      },
      "geometry" : {
        "x" : 280005.47680000123,
        "y" : 342037.02580000274
      }
    },
    {
      "attributes" : {
        "FID" : 14,
        "PMNTN_SPOT" : 27186,
        "MNTN_CODE" : "488805901",
        "MANAGE_SP1" : "02",
        "MANAGE_SP2" : "분기점",
        "DETAIL_SPO" : "분기점",
        "ETC_MATTER" : " ",
        "MNTN_NM" : "망설봉",
        "PAST_SPOT_" : "28200302000015",
        "MNTN_ID" : "2820030200"
      },
      "geometry" : {
        "x" : 280087.95260000229,
        "y" : 342071.87510000356
      }
    },
    {
      "attributes" : {
        "FID" : 15,
        "PMNTN_SPOT" : 27187,
        "MNTN_CODE" : "488805901",
        "MANAGE_SP1" : "02",
        "MANAGE_SP2" : "분기점",
        "DETAIL_SPO" : "분기점",
        "ETC_MATTER" : " ",
        "MNTN_NM" : "망설봉",
        "PAST_SPOT_" : "28200302000016",
        "MNTN_ID" : "2820030200"
      },
      "geometry" : {
        "x" : 280101.74430000037,
        "y" : 342416.88450000249
      }
    },
    {
      "attributes" : {
        "FID" : 16,
        "PMNTN_SPOT" : 27188,
        "MNTN_CODE" : "488805901",
        "MANAGE_SP1" : "01",
        "MANAGE_SP2" : "시종점",
        "DETAIL_SPO" : "시종점",
        "ETC_MATTER" : " ",
        "MNTN_NM" : "망설봉",
        "PAST_SPOT_" : "28200302000017",
        "MNTN_ID" : "2820030200"
      },
      "geometry" : {
        "x" : 280157.91630000249,
        "y" : 343328.11999999732
      }
    },
    {
      "attributes" : {
        "FID" : 17,
        "PMNTN_SPOT" : 27189,
        "MNTN_CODE" : "488805901",
        "MANAGE_SP1" : "02",
        "MANAGE_SP2" : "분기점",
        "DETAIL_SPO" : "분기점",
        "ETC_MATTER" : " ",
        "MNTN_NM" : "망설봉",
        "PAST_SPOT_" : "28200302000018",
        "MNTN_ID" : "2820030200"
      },
      "geometry" : {
        "x" : 280211.98300000094,
        "y" : 342039.43810000457
      }
    },
    {
      "attributes" : {
        "FID" : 18,
        "PMNTN_SPOT" : 27190,
        "MNTN_CODE" : "488805901",
        "MANAGE_SP1" : "02",
        "MANAGE_SP2" : "분기점",
        "DETAIL_SPO" : "분기점",
        "ETC_MATTER" : " ",
        "MNTN_NM" : "망설봉",
        "PAST_SPOT_" : "28200302000019",
        "MNTN_ID" : "2820030200"
      },
      "geometry" : {
        "x" : 280235.48810000252,
        "y" : 343354.52030000091
      }
    },
    {
      "attributes" : {
        "FID" : 19,
        "PMNTN_SPOT" : 27191,
        "MNTN_CODE" : "488805901",
        "MANAGE_SP1" : "01",
        "MANAGE_SP2" : "시종점",
        "DETAIL_SPO" : "시종점",
        "ETC_MATTER" : " ",
        "MNTN_NM" : "망설봉",
        "PAST_SPOT_" : "28200302000020",
        "MNTN_ID" : "2820030200"
      },
      "geometry" : {
        "x" : 280245.2602000013,
        "y" : 339877.53300000168
      }
    },
    {
      "attributes" : {
        "FID" : 20,
        "PMNTN_SPOT" : 27192,
        "MNTN_CODE" : "488805901",
        "MANAGE_SP1" : "01",
        "MANAGE_SP2" : "시종점",
        "DETAIL_SPO" : "시종점",
        "ETC_MATTER" : " ",
        "MNTN_NM" : "망설봉",
        "PAST_SPOT_" : "28200302000021",
        "MNTN_ID" : "2820030200"
      },
      "geometry" : {
        "x" : 280284.91950000077,
        "y" : 336180.05910000019
      }
    },
    {
      "attributes" : {
        "FID" : 21,
        "PMNTN_SPOT" : 27193,
        "MNTN_CODE" : "488805901",
        "MANAGE_SP1" : "02",
        "MANAGE_SP2" : "분기점",
        "DETAIL_SPO" : "분기점",
        "ETC_MATTER" : " ",
        "MNTN_NM" : "망설봉",
        "PAST_SPOT_" : "28200302000022",
        "MNTN_ID" : "2820030200"
      },
      "geometry" : {
        "x" : 280320.04499999993,
        "y" : 342001.0764000006
      }
    },
    {
      "attributes" : {
        "FID" : 22,
        "PMNTN_SPOT" : 27194,
        "MNTN_CODE" : "488805901",
        "MANAGE_SP1" : "02",
        "MANAGE_SP2" : "분기점",
        "DETAIL_SPO" : "분기점",
        "ETC_MATTER" : " ",
        "MNTN_NM" : "망설봉",
        "PAST_SPOT_" : "28200302000023",
        "MNTN_ID" : "2820030200"
      },
      "geometry" : {
        "x" : 280339.49930000119,
        "y" : 342836.41770000011
      }
    },
    {
      "attributes" : {
        "FID" : 23,
        "PMNTN_SPOT" : 27195,
        "MNTN_CODE" : "488805901",
        "MANAGE_SP1" : "02",
        "MANAGE_SP2" : "분기점",
        "DETAIL_SPO" : "분기점",
        "ETC_MATTER" : " ",
        "MNTN_NM" : "망설봉",
        "PAST_SPOT_" : "28200302000024",
        "MNTN_ID" : "2820030200"
      },
      "geometry" : {
        "x" : 280345.15259999968,
        "y" : 343519.21980000101
      }
    },
    {
      "attributes" : {
        "FID" : 24,
        "PMNTN_SPOT" : 27196,
        "MNTN_CODE" : "488805901",
        "MANAGE_SP1" : "02",
        "MANAGE_SP2" : "분기점",
        "DETAIL_SPO" : "분기점",
        "ETC_MATTER" : " ",
        "MNTN_NM" : "망설봉",
        "PAST_SPOT_" : "28200302000025",
        "MNTN_ID" : "2820030200"
      },
      "geometry" : {
        "x" : 280352.65800000075,
        "y" : 342489.05489999801
      }
    },
    {
      "attributes" : {
        "FID" : 25,
        "PMNTN_SPOT" : 27197,
        "MNTN_CODE" : "488805901",
        "MANAGE_SP1" : "02",
        "MANAGE_SP2" : "분기점",
        "DETAIL_SPO" : "분기점",
        "ETC_MATTER" : " ",
        "MNTN_NM" : "망설봉",
        "PAST_SPOT_" : "28200302000026",
        "MNTN_ID" : "2820030200"
      },
      "geometry" : {
        "x" : 280400.99680000264,
        "y" : 342761.44660000317
      }
    },
    {
      "attributes" : {
        "FID" : 26,
        "PMNTN_SPOT" : 27198,
        "MNTN_CODE" : "488805901",
        "MANAGE_SP1" : "02",
        "MANAGE_SP2" : "분기점",
        "DETAIL_SPO" : "분기점",
        "ETC_MATTER" : " ",
        "MNTN_NM" : "망설봉",
        "PAST_SPOT_" : "28200302000027",
        "MNTN_ID" : "2820030200"
      },
      "geometry" : {
        "x" : 280442.65530000161,
        "y" : 342874.34800000302
      }
    },
    {
      "attributes" : {
        "FID" : 27,
        "PMNTN_SPOT" : 27199,
        "MNTN_CODE" : "488805901",
        "MANAGE_SP1" : "02",
        "MANAGE_SP2" : "분기점",
        "DETAIL_SPO" : "분기점",
        "ETC_MATTER" : " ",
        "MNTN_NM" : "망설봉",
        "PAST_SPOT_" : "28200302000028",
        "MNTN_ID" : "2820030200"
      },
      "geometry" : {
        "x" : 280462.84339999966,
        "y" : 341967.35770000331
      }
    },
    {
      "attributes" : {
        "FID" : 28,
        "PMNTN_SPOT" : 27200,
        "MNTN_CODE" : "488805901",
        "MANAGE_SP1" : "01",
        "MANAGE_SP2" : "시종점",
        "DETAIL_SPO" : "시종점",
        "ETC_MATTER" : " ",
        "MNTN_NM" : "망설봉",
        "PAST_SPOT_" : "28200302000029",
        "MNTN_ID" : "2820030200"
      },
      "geometry" : {
        "x" : 280463.77190000098,
        "y" : 343556.2547999993
      }
    },
    {
      "attributes" : {
        "FID" : 29,
        "PMNTN_SPOT" : 27201,
        "MNTN_CODE" : "488805901",
        "MANAGE_SP1" : "02",
        "MANAGE_SP2" : "분기점",
        "DETAIL_SPO" : "분기점",
        "ETC_MATTER" : " ",
        "MNTN_NM" : "망설봉",
        "PAST_SPOT_" : "28200302000030",
        "MNTN_ID" : "2820030200"
      },
      "geometry" : {
        "x" : 280575.08240000252,
        "y" : 341924.96550000459
      }
    },
    {
      "attributes" : {
        "FID" : 30,
        "PMNTN_SPOT" : 27202,
        "MNTN_CODE" : "488805901",
        "MANAGE_SP1" : "02",
        "MANAGE_SP2" : "분기점",
        "DETAIL_SPO" : "분기점",
        "ETC_MATTER" : " ",
        "MNTN_NM" : "망설봉",
        "PAST_SPOT_" : "28200302000031",
        "MNTN_ID" : "2820030200"
      },
      "geometry" : {
        "x" : 280578.07570000086,
        "y" : 341877.98599999957
      }
    },
    {
      "attributes" : {
        "FID" : 31,
        "PMNTN_SPOT" : 27203,
        "MNTN_CODE" : "488805901",
        "MANAGE_SP1" : "02",
        "MANAGE_SP2" : "분기점",
        "DETAIL_SPO" : "분기점",
        "ETC_MATTER" : " ",
        "MNTN_NM" : "망설봉",
        "PAST_SPOT_" : "28200302000032",
        "MNTN_ID" : "2820030200"
      },
      "geometry" : {
        "x" : 280627.79619999882,
        "y" : 341862.75459999964
      }
    },
    {
      "attributes" : {
        "FID" : 32,
        "PMNTN_SPOT" : 27204,
        "MNTN_CODE" : "488805901",
        "MANAGE_SP1" : "01",
        "MANAGE_SP2" : "시종점",
        "DETAIL_SPO" : "시종점",
        "ETC_MATTER" : " ",
        "MNTN_NM" : "망설봉",
        "PAST_SPOT_" : "28200302000033",
        "MNTN_ID" : "2820030200"
      },
      "geometry" : {
        "x" : 280701.99720000196,
        "y" : 340619.74489999935
      }
    },
    {
      "attributes" : {
        "FID" : 33,
        "PMNTN_SPOT" : 27205,
        "MNTN_CODE" : "488805901",
        "MANAGE_SP1" : "02",
        "MANAGE_SP2" : "분기점",
        "DETAIL_SPO" : "분기점",
        "ETC_MATTER" : " ",
        "MNTN_NM" : "망설봉",
        "PAST_SPOT_" : "28200302000034",
        "MNTN_ID" : "2820030200"
      },
      "geometry" : {
        "x" : 280809.11760000326,
        "y" : 343244.94830000214
      }
    },
    {
      "attributes" : {
        "FID" : 34,
        "PMNTN_SPOT" : 27206,
        "MNTN_CODE" : "488805901",
        "MANAGE_SP1" : "01",
        "MANAGE_SP2" : "시종점",
        "DETAIL_SPO" : "시종점",
        "ETC_MATTER" : " ",
        "MNTN_NM" : "망설봉",
        "PAST_SPOT_" : "28200302000035",
        "MNTN_ID" : "2820030200"
      },
      "geometry" : {
        "x" : 280865.85470000189,
        "y" : 343321.00110000186
      }
    },
    {
      "attributes" : {
        "FID" : 35,
        "PMNTN_SPOT" : 27207,
        "MNTN_CODE" : "488805901",
        "MANAGE_SP1" : "02",
        "MANAGE_SP2" : "분기점",
        "DETAIL_SPO" : "분기점",
        "ETC_MATTER" : " ",
        "MNTN_NM" : "망설봉",
        "PAST_SPOT_" : "28200302000036",
        "MNTN_ID" : "2820030200"
      },
      "geometry" : {
        "x" : 280895.27310000174,
        "y" : 343066.97399999946
      }
    },
    {
      "attributes" : {
        "FID" : 36,
        "PMNTN_SPOT" : 27208,
        "MNTN_CODE" : "488805901",
        "MANAGE_SP1" : "02",
        "MANAGE_SP2" : "분기점",
        "DETAIL_SPO" : "분기점",
        "ETC_MATTER" : " ",
        "MNTN_NM" : "망설봉",
        "PAST_SPOT_" : "28200302000037",
        "MNTN_ID" : "2820030200"
      },
      "geometry" : {
        "x" : 281013.1025000019,
        "y" : 343053.7089000009
      }
    },
    {
      "attributes" : {
        "FID" : 37,
        "PMNTN_SPOT" : 27209,
        "MNTN_CODE" : "488805901",
        "MANAGE_SP1" : "01",
        "MANAGE_SP2" : "시종점",
        "DETAIL_SPO" : "시종점",
        "ETC_MATTER" : " ",
        "MNTN_NM" : "망설봉",
        "PAST_SPOT_" : "28200302000038",
        "MNTN_ID" : "2820030200"
      },
      "geometry" : {
        "x" : 281198.06390000042,
        "y" : 343090.73150000349
      }
    },
    {
      "attributes" : {
        "FID" : 38,
        "PMNTN_SPOT" : 27210,
        "MNTN_CODE" : "488805901",
        "MANAGE_SP1" : "01",
        "MANAGE_SP2" : "시종점",
        "DETAIL_SPO" : "시종점",
        "ETC_MATTER" : " ",
        "MNTN_NM" : "망설봉",
        "PAST_SPOT_" : "28200302000039",
        "MNTN_ID" : "2820030200"
      },
      "geometry" : {
        "x" : 281337.47260000277,
        "y" : 342897.95400000364
      }
    },
    {
      "attributes" : {
        "FID" : 39,
        "PMNTN_SPOT" : 27211,
        "MNTN_CODE" : "488805901",
        "MANAGE_SP1" : "02",
        "MANAGE_SP2" : "분기점",
        "DETAIL_SPO" : "분기점",
        "ETC_MATTER" : " ",
        "MNTN_NM" : "망설봉",
        "PAST_SPOT_" : "28200302000040",
        "MNTN_ID" : "2820030200"
      },
      "geometry" : {
        "x" : 281417.24789999984,
        "y" : 342518.01429999992
      }
    },
    {
      "attributes" : {
        "FID" : 40,
        "PMNTN_SPOT" : 27212,
        "MNTN_CODE" : "488805901",
        "MANAGE_SP1" : "01",
        "MANAGE_SP2" : "시종점",
        "DETAIL_SPO" : "시종점",
        "ETC_MATTER" : " ",
        "MNTN_NM" : "망설봉",
        "PAST_SPOT_" : "28200302000041",
        "MNTN_ID" : "2820030200"
      },
      "geometry" : {
        "x" : 281506.808500004,
        "y" : 341431.35230000317
      }
    },
    {
      "attributes" : {
        "FID" : 41,
        "PMNTN_SPOT" : 27213,
        "MNTN_CODE" : "488805901",
        "MANAGE_SP1" : "01",
        "MANAGE_SP2" : "시종점",
        "DETAIL_SPO" : "시종점",
        "ETC_MATTER" : " ",
        "MNTN_NM" : "망설봉",
        "PAST_SPOT_" : "28200302000042",
        "MNTN_ID" : "2820030200"
      },
      "geometry" : {
        "x" : 281577.48670000117,
        "y" : 342898.009200003
      }
    },
    {
      "attributes" : {
        "FID" : 42,
        "PMNTN_SPOT" : 27214,
        "MNTN_CODE" : "488805901",
        "MANAGE_SP1" : "01",
        "MANAGE_SP2" : "시종점",
        "DETAIL_SPO" : "시종점",
        "ETC_MATTER" : " ",
        "MNTN_NM" : "망설봉",
        "PAST_SPOT_" : "28200302000043",
        "MNTN_ID" : "2820030200"
      },
      "geometry" : {
        "x" : 281787.69330000039,
        "y" : 341852.87620000169
      }
    },
    {
      "attributes" : {
        "FID" : 43,
        "PMNTN_SPOT" : 27215,
        "MNTN_CODE" : "488805901",
        "MANAGE_SP1" : "99",
        "MANAGE_SP2" : "기타",
        "DETAIL_SPO" : "개목고개",
        "ETC_MATTER" : " ",
        "MNTN_NM" : "망설봉",
        "PAST_SPOT_" : "28200302000044",
        "MNTN_ID" : "2820030200"
      },
      "geometry" : {
        "x" : 277581.30730000231,
        "y" : 340440.76310000196
      }
    },
    {
      "attributes" : {
        "FID" : 44,
        "PMNTN_SPOT" : 27216,
        "MNTN_CODE" : "488805901",
        "MANAGE_SP1" : "99",
        "MANAGE_SP2" : "기타",
        "DETAIL_SPO" : "건계정",
        "ETC_MATTER" : " ",
        "MNTN_NM" : "망설봉",
        "PAST_SPOT_" : "28200302000045",
        "MNTN_ID" : "2820030200"
      },
      "geometry" : {
        "x" : 279645.06050000247,
        "y" : 344210.89670000039
      }
    },
    {
      "attributes" : {
        "FID" : 45,
        "PMNTN_SPOT" : 27217,
        "MNTN_CODE" : "488805901",
        "MANAGE_SP1" : "99",
        "MANAGE_SP2" : "기타",
        "DETAIL_SPO" : "곰실",
        "ETC_MATTER" : " ",
        "MNTN_NM" : "망설봉",
        "PAST_SPOT_" : "28200302000046",
        "MNTN_ID" : "2820030200"
      },
      "geometry" : {
        "x" : 280242.86110000033,
        "y" : 339878.16430000216
      }
    },
    {
      "attributes" : {
        "FID" : 46,
        "PMNTN_SPOT" : 27218,
        "MNTN_CODE" : "488805901",
        "MANAGE_SP1" : "99",
        "MANAGE_SP2" : "기타",
        "DETAIL_SPO" : "구슬재",
        "ETC_MATTER" : " ",
        "MNTN_NM" : "망설봉",
        "PAST_SPOT_" : "28200302000047",
        "MNTN_ID" : "2820030200"
      },
      "geometry" : {
        "x" : 278453.69170000032,
        "y" : 341588.52070000209
      }
    },
    {
      "attributes" : {
        "FID" : 47,
        "PMNTN_SPOT" : 27219,
        "MNTN_CODE" : "488805901",
        "MANAGE_SP1" : "99",
        "MANAGE_SP2" : "기타",
        "DETAIL_SPO" : "금강도",
        "ETC_MATTER" : " ",
        "MNTN_NM" : "망설봉",
        "PAST_SPOT_" : "28200302000048",
        "MNTN_ID" : "2820030200"
      },
      "geometry" : {
        "x" : 280605.99349999987,
        "y" : 342102.66390000097
      }
    },
    {
      "attributes" : {
        "FID" : 48,
        "PMNTN_SPOT" : 27220,
        "MNTN_CODE" : "488805901",
        "MANAGE_SP1" : "99",
        "MANAGE_SP2" : "기타",
        "DETAIL_SPO" : "노인요양병원",
        "ETC_MATTER" : " ",
        "MNTN_NM" : "망설봉",
        "PAST_SPOT_" : "28200302000049",
        "MNTN_ID" : "2820030200"
      },
      "geometry" : {
        "x" : 280670.68140000291,
        "y" : 342437.02030000091
      }
    },
    {
      "attributes" : {
        "FID" : 49,
        "PMNTN_SPOT" : 27221,
        "MNTN_CODE" : "488805901",
        "MANAGE_SP1" : "99",
        "MANAGE_SP2" : "기타",
        "DETAIL_SPO" : "덕유산자연사랑요양병원",
        "ETC_MATTER" : " ",
        "MNTN_NM" : "망설봉",
        "PAST_SPOT_" : "28200302000050",
        "MNTN_ID" : "2820030200"
      },
      "geometry" : {
        "x" : 280347.27859999985,
        "y" : 343477.39699999988
      }
    },
    {
      "attributes" : {
        "FID" : 50,
        "PMNTN_SPOT" : 27222,
        "MNTN_CODE" : "488805901",
        "MANAGE_SP1" : "99",
        "MANAGE_SP2" : "기타",
        "DETAIL_SPO" : "덕천서원",
        "ETC_MATTER" : " ",
        "MNTN_NM" : "망설봉",
        "PAST_SPOT_" : "28200302000051",
        "MNTN_ID" : "2820030200"
      },
      "geometry" : {
        "x" : 280726.20010000095,
        "y" : 340651.64960000105
      }
    },
    {
      "attributes" : {
        "FID" : 51,
        "PMNTN_SPOT" : 27223,
        "MNTN_CODE" : "488805901",
        "MANAGE_SP1" : "02",
        "MANAGE_SP2" : "분기점",
        "DETAIL_SPO" : "덕천서원갈림길",
        "ETC_MATTER" : " ",
        "MNTN_NM" : "망설봉",
        "PAST_SPOT_" : "28200302000052",
        "MNTN_ID" : "2820030200"
      },
      "geometry" : {
        "x" : 279471.37880000286,
        "y" : 341485.29940000176
      }
    },
    {
      "attributes" : {
        "FID" : 52,
        "PMNTN_SPOT" : 27224,
        "MNTN_CODE" : "488805901",
        "MANAGE_SP1" : "99",
        "MANAGE_SP2" : "기타",
        "DETAIL_SPO" : "둔동",
        "ETC_MATTER" : " ",
        "MNTN_NM" : "망설봉",
        "PAST_SPOT_" : "28200302000053",
        "MNTN_ID" : "2820030200"
      },
      "geometry" : {
        "x" : 279916.64769999962,
        "y" : 336479.85500000231
      }
    },
    {
      "attributes" : {
        "FID" : 53,
        "PMNTN_SPOT" : 27225,
        "MNTN_CODE" : "488805901",
        "MANAGE_SP1" : "02",
        "MANAGE_SP2" : "분기점",
        "DETAIL_SPO" : "둔동갈림길",
        "ETC_MATTER" : " ",
        "MNTN_NM" : "망설봉",
        "PAST_SPOT_" : "28200302000054",
        "MNTN_ID" : "2820030200"
      },
      "geometry" : {
        "x" : 279449.08120000083,
        "y" : 338377.48600000143
      }
    },
    {
      "attributes" : {
        "FID" : 54,
        "PMNTN_SPOT" : 27226,
        "MNTN_CODE" : "488805901",
        "MANAGE_SP1" : "99",
        "MANAGE_SP2" : "기타",
        "DETAIL_SPO" : "망설봉",
        "ETC_MATTER" : " ",
        "MNTN_NM" : "망설봉",
        "PAST_SPOT_" : "28200302000055",
        "MNTN_ID" : "2820030200"
      },
      "geometry" : {
        "x" : 278917.78670000192,
        "y" : 336336.95400000177
      }
    },
    {
      "attributes" : {
        "FID" : 55,
        "PMNTN_SPOT" : 27227,
        "MNTN_CODE" : "488805901",
        "MANAGE_SP1" : "99",
        "MANAGE_SP2" : "기타",
        "DETAIL_SPO" : "망실봉 (682.8m)",
        "ETC_MATTER" : " ",
        "MNTN_NM" : "망설봉",
        "PAST_SPOT_" : "28200302000056",
        "MNTN_ID" : "2820030200"
      },
      "geometry" : {
        "x" : 279396.9197000023,
        "y" : 341717.66319999844
      }
    },
    {
      "attributes" : {
        "FID" : 56,
        "PMNTN_SPOT" : 27228,
        "MNTN_CODE" : "488805901",
        "MANAGE_SP1" : "99",
        "MANAGE_SP2" : "기타",
        "DETAIL_SPO" : "망지산",
        "ETC_MATTER" : " ",
        "MNTN_NM" : "망설봉",
        "PAST_SPOT_" : "28200302000057",
        "MNTN_ID" : "2820030200"
      },
      "geometry" : {
        "x" : 280228.19410000183,
        "y" : 342247.03309999965
      }
    },
    {
      "attributes" : {
        "FID" : 57,
        "PMNTN_SPOT" : 27229,
        "MNTN_CODE" : "488805901",
        "MANAGE_SP1" : "99",
        "MANAGE_SP2" : "기타",
        "DETAIL_SPO" : "바래기재",
        "ETC_MATTER" : " ",
        "MNTN_NM" : "망설봉",
        "PAST_SPOT_" : "28200302000058",
        "MNTN_ID" : "2820030200"
      },
      "geometry" : {
        "x" : 274955.30150000285,
        "y" : 341695.57330000028
      }
    },
    {
      "attributes" : {
        "FID" : 58,
        "PMNTN_SPOT" : 27230,
        "MNTN_CODE" : "488805901",
        "MANAGE_SP1" : "99",
        "MANAGE_SP2" : "기타",
        "DETAIL_SPO" : "벼락바위",
        "ETC_MATTER" : " ",
        "MNTN_NM" : "망설봉",
        "PAST_SPOT_" : "28200302000059",
        "MNTN_ID" : "2820030200"
      },
      "geometry" : {
        "x" : 280157.7686999999,
        "y" : 343329.32430000417
      }
    },
    {
      "attributes" : {
        "FID" : 59,
        "PMNTN_SPOT" : 27231,
        "MNTN_CODE" : "488805901",
        "MANAGE_SP1" : "99",
        "MANAGE_SP2" : "기타",
        "DETAIL_SPO" : "사거리안부",
        "ETC_MATTER" : " ",
        "MNTN_NM" : "망설봉",
        "PAST_SPOT_" : "28200302000060",
        "MNTN_ID" : "2820030200"
      },
      "geometry" : {
        "x" : 279281.9130000025,
        "y" : 339092.3041999992
      }
    },
    {
      "attributes" : {
        "FID" : 60,
        "PMNTN_SPOT" : 27232,
        "MNTN_CODE" : "488805901",
        "MANAGE_SP1" : "99",
        "MANAGE_SP2" : "기타",
        "DETAIL_SPO" : "삶의쉼터",
        "ETC_MATTER" : " ",
        "MNTN_NM" : "망설봉",
        "PAST_SPOT_" : "28200302000061",
        "MNTN_ID" : "2820030200"
      },
      "geometry" : {
        "x" : 280466.0103000002,
        "y" : 343553.06580000184
      }
    },
    {
      "attributes" : {
        "FID" : 61,
        "PMNTN_SPOT" : 27233,
        "MNTN_CODE" : "488805901",
        "MANAGE_SP1" : "99",
        "MANAGE_SP2" : "기타",
        "DETAIL_SPO" : "샛단",
        "ETC_MATTER" : " ",
        "MNTN_NM" : "망설봉",
        "PAST_SPOT_" : "28200302000062",
        "MNTN_ID" : "2820030200"
      },
      "geometry" : {
        "x" : 280866.28090000339,
        "y" : 343333.6660999991
      }
    },
    {
      "attributes" : {
        "FID" : 62,
        "PMNTN_SPOT" : 27234,
        "MNTN_CODE" : "488805901",
        "MANAGE_SP1" : "02",
        "MANAGE_SP2" : "분기점",
        "DETAIL_SPO" : "샛단갈림길",
        "ETC_MATTER" : " ",
        "MNTN_NM" : "망설봉",
        "PAST_SPOT_" : "28200302000063",
        "MNTN_ID" : "2820030200"
      },
      "geometry" : {
        "x" : 279477.59229999967,
        "y" : 342149.86910000443
      }
    },
    {
      "attributes" : {
        "FID" : 63,
        "PMNTN_SPOT" : 27235,
        "MNTN_CODE" : "488805901",
        "MANAGE_SP1" : "99",
        "MANAGE_SP2" : "기타",
        "DETAIL_SPO" : "소곡",
        "ETC_MATTER" : " ",
        "MNTN_NM" : "망설봉",
        "PAST_SPOT_" : "28200302000064",
        "MNTN_ID" : "2820030200"
      },
      "geometry" : {
        "x" : 279070.91909999866,
        "y" : 343624.23000000045
      }
    },
    {
      "attributes" : {
        "FID" : 64,
        "PMNTN_SPOT" : 27236,
        "MNTN_CODE" : "488805901",
        "MANAGE_SP1" : "99",
        "MANAGE_SP2" : "기타",
        "DETAIL_SPO" : "솔고개",
        "ETC_MATTER" : " ",
        "MNTN_NM" : "망설봉",
        "PAST_SPOT_" : "28200302000065",
        "MNTN_ID" : "2820030200"
      },
      "geometry" : {
        "x" : 275985.19369999971,
        "y" : 340693.06420000084
      }
    },
    {
      "attributes" : {
        "FID" : 65,
        "PMNTN_SPOT" : 27237,
        "MNTN_CODE" : "488805901",
        "MANAGE_SP1" : "99",
        "MANAGE_SP2" : "기타",
        "DETAIL_SPO" : "요양병원입구",
        "ETC_MATTER" : " ",
        "MNTN_NM" : "망설봉",
        "PAST_SPOT_" : "28200302000066",
        "MNTN_ID" : "2820030200"
      },
      "geometry" : {
        "x" : 281347.97410000116,
        "y" : 342897.81919999979
      }
    },
    {
      "attributes" : {
        "FID" : 66,
        "PMNTN_SPOT" : 27238,
        "MNTN_CODE" : "488805901",
        "MANAGE_SP1" : "99",
        "MANAGE_SP2" : "기타",
        "DETAIL_SPO" : "운정(승강기대학)",
        "ETC_MATTER" : " ",
        "MNTN_NM" : "망설봉",
        "PAST_SPOT_" : "28200302000067",
        "MNTN_ID" : "2820030200"
      },
      "geometry" : {
        "x" : 281424.7835000027,
        "y" : 342510.41410000063
      }
    },
    {
      "attributes" : {
        "FID" : 67,
        "PMNTN_SPOT" : 27239,
        "MNTN_CODE" : "488805901",
        "MANAGE_SP1" : "02",
        "MANAGE_SP2" : "분기점",
        "DETAIL_SPO" : "운정갈림길",
        "ETC_MATTER" : " ",
        "MNTN_NM" : "망설봉",
        "PAST_SPOT_" : "28200302000068",
        "MNTN_ID" : "2820030200"
      },
      "geometry" : {
        "x" : 280012.55020000413,
        "y" : 342032.03999999911
      }
    },
    {
      "attributes" : {
        "FID" : 68,
        "PMNTN_SPOT" : 27240,
        "MNTN_CODE" : "488805901",
        "MANAGE_SP1" : "99",
        "MANAGE_SP2" : "기타",
        "DETAIL_SPO" : "운정입구",
        "ETC_MATTER" : " ",
        "MNTN_NM" : "망설봉",
        "PAST_SPOT_" : "28200302000069",
        "MNTN_ID" : "2820030200"
      },
      "geometry" : {
        "x" : 281576.65260000154,
        "y" : 342901.38370000198
      }
    },
    {
      "attributes" : {
        "FID" : 69,
        "PMNTN_SPOT" : 27241,
        "MNTN_CODE" : "488805901",
        "MANAGE_SP1" : "99",
        "MANAGE_SP2" : "기타",
        "DETAIL_SPO" : "웃장팔",
        "ETC_MATTER" : " ",
        "MNTN_NM" : "망설봉",
        "PAST_SPOT_" : "28200302000070",
        "MNTN_ID" : "2820030200"
      },
      "geometry" : {
        "x" : 281491.60770000145,
        "y" : 341416.68459999934
      }
    },
    {
      "attributes" : {
        "FID" : 70,
        "PMNTN_SPOT" : 27242,
        "MNTN_CODE" : "488805901",
        "MANAGE_SP1" : "99",
        "MANAGE_SP2" : "기타",
        "DETAIL_SPO" : "장팔",
        "ETC_MATTER" : " ",
        "MNTN_NM" : "망설봉",
        "PAST_SPOT_" : "28200302000071",
        "MNTN_ID" : "2820030200"
      },
      "geometry" : {
        "x" : 281787.51440000162,
        "y" : 341856.65500000119
      }
    },
    {
      "attributes" : {
        "FID" : 71,
        "PMNTN_SPOT" : 27243,
        "MNTN_CODE" : "488805901",
        "MANAGE_SP1" : "99",
        "MANAGE_SP2" : "기타",
        "DETAIL_SPO" : "절부",
        "ETC_MATTER" : " ",
        "MNTN_NM" : "망설봉",
        "PAST_SPOT_" : "28200302000072",
        "MNTN_ID" : "2820030200"
      },
      "geometry" : {
        "x" : 281196.68550000247,
        "y" : 343092.95060000196
      }
    },
    {
      "attributes" : {
        "FID" : 72,
        "PMNTN_SPOT" : 27244,
        "MNTN_CODE" : "488805901",
        "MANAGE_SP1" : "99",
        "MANAGE_SP2" : "기타",
        "DETAIL_SPO" : "활공장",
        "ETC_MATTER" : " ",
        "MNTN_NM" : "망설봉",
        "PAST_SPOT_" : "28200302000073",
        "MNTN_ID" : "2820030200"
      },
      "geometry" : {
        "x" : 279442.85960000195,
        "y" : 341589.42110000178
      }
    }
  ]
}