{
  "displayFieldName" : "",
  "fieldAliases" : {
    "FID" : "FID",
    "PMNTN_SN" : "PMNTN_SN",
    "MNTN_CODE" : "MNTN_CODE",
    "MNTN_NM" : "MNTN_NM",
    "PMNTN_NM" : "PMNTN_NM",
    "PMNTN_MAIN" : "PMNTN_MAIN",
    "PMNTN_LT" : "PMNTN_LT",
    "PMNTN_DFFL" : "PMNTN_DFFL",
    "PMNTN_UPPL" : "PMNTN_UPPL",
    "PMNTN_GODN" : "PMNTN_GODN",
    "PMNTN_MTRQ" : "PMNTN_MTRQ",
    "PMNTN_CNRL" : "PMNTN_CNRL",
    "PMNTN_CLS_" : "PMNTN_CLS_",
    "PMNTN_RISK" : "PMNTN_RISK",
    "PMNTN_RECO" : "PMNTN_RECO",
    "DATA_STDR_" : "DATA_STDR_",
    "MNTN_ID" : "MNTN_ID"
  },
  "geometryType" : "esriGeometryPolyline",
  "spatialReference" : {
    "wkt" : "PROJCS[\"PCS_ITRF2000_TM\",GEOGCS[\"GCS_ITRF_2000\",DATUM[\"D_ITRF_2000\",SPHEROID[\"GRS_1980\",6378137.0,298.257222101]],PRIMEM[\"Greenwich\",0.0],UNIT[\"Degree\",0.0174532925199433]],PROJECTION[\"Transverse_Mercator\"],PARAMETER[\"False_Easting\",200000.0],PARAMETER[\"False_Northing\",600000.0],PARAMETER[\"Central_Meridian\",127.0],PARAMETER[\"Scale_Factor\",1.0],PARAMETER[\"Latitude_Of_Origin\",38.0],UNIT[\"Meter\",1.0]]"
  },
  "fields" : [
    {
      "name" : "FID",
      "type" : "esriFieldTypeOID",
      "alias" : "FID"
    },
    {
      "name" : "PMNTN_SN",
      "type" : "esriFieldTypeDouble",
      "alias" : "PMNTN_SN"
    },
    {
      "name" : "MNTN_CODE",
      "type" : "esriFieldTypeString",
      "alias" : "MNTN_CODE",
      "length" : 9
    },
    {
      "name" : "MNTN_NM",
      "type" : "esriFieldTypeString",
      "alias" : "MNTN_NM",
      "length" : 50
    },
    {
      "name" : "PMNTN_NM",
      "type" : "esriFieldTypeString",
      "alias" : "PMNTN_NM",
      "length" : 50
    },
    {
      "name" : "PMNTN_MAIN",
      "type" : "esriFieldTypeString",
      "alias" : "PMNTN_MAIN",
      "length" : 200
    },
    {
      "name" : "PMNTN_LT",
      "type" : "esriFieldTypeSingle",
      "alias" : "PMNTN_LT"
    },
    {
      "name" : "PMNTN_DFFL",
      "type" : "esriFieldTypeString",
      "alias" : "PMNTN_DFFL",
      "length" : 8
    },
    {
      "name" : "PMNTN_UPPL",
      "type" : "esriFieldTypeDouble",
      "alias" : "PMNTN_UPPL"
    },
    {
      "name" : "PMNTN_GODN",
      "type" : "esriFieldTypeDouble",
      "alias" : "PMNTN_GODN"
    },
    {
      "name" : "PMNTN_MTRQ",
      "type" : "esriFieldTypeString",
      "alias" : "PMNTN_MTRQ",
      "length" : 200
    },
    {
      "name" : "PMNTN_CNRL",
      "type" : "esriFieldTypeString",
      "alias" : "PMNTN_CNRL",
      "length" : 1
    },
    {
      "name" : "PMNTN_CLS_",
      "type" : "esriFieldTypeString",
      "alias" : "PMNTN_CLS_",
      "length" : 1
    },
    {
      "name" : "PMNTN_RISK",
      "type" : "esriFieldTypeString",
      "alias" : "PMNTN_RISK",
      "length" : 200
    },
    {
      "name" : "PMNTN_RECO",
      "type" : "esriFieldTypeString",
      "alias" : "PMNTN_RECO",
      "length" : 1
    },
    {
      "name" : "DATA_STDR_",
      "type" : "esriFieldTypeString",
      "alias" : "DATA_STDR_",
      "length" : 10
    },
    {
      "name" : "MNTN_ID",
      "type" : "esriFieldTypeString",
      "alias" : "MNTN_ID",
      "length" : 10
    }
  ],
  "features" : [
    {
      "attributes" : {
        "FID" : 0,
        "PMNTN_SN" : 9835,
        "MNTN_CODE" : "427605504",
        "MNTN_NM" : "남산산림욕장",
        "PMNTN_NM" : " ",
        "PMNTN_MAIN" : " ",
        "PMNTN_LT" : 2.23,
        "PMNTN_DFFL" : "쉬움",
        "PMNTN_UPPL" : 39,
        "PMNTN_GODN" : 28,
        "PMNTN_MTRQ" : " ",
        "PMNTN_CNRL" : " ",
        "PMNTN_CLS_" : " ",
        "PMNTN_RISK" : " ",
        "PMNTN_RECO" : " ",
        "DATA_STDR_" : "2016-12-31",
        "MNTN_ID" : "427600701"
      },
      "geometry" : {
        "paths" : [
          [
            [
              324119.78910000063,
              530085.88830000162
            ],
            [
              324135.09810000099,
              530078.96570000425
            ],
            [
              324160.27530000079,
              530048.37630000152
            ],
            [
              324186.71279999986,
              530060.68070000224
            ],
            [
              324200.09059999976,
              530056.10540000349
            ],
            [
              324217.28320000134,
              530051.76740000211
            ],
            [
              324227.33990000002,
              530051.21550000273
            ],
            [
              324239.049300001,
              530054.21700000018
            ],
            [
              324280.97490000073,
              530070.84400000423
            ],
            [
              324289.45639999956,
              530073.04440000094
            ],
            [
              324298.00659999996,
              530067.71169999987
            ],
            [
              324364.44210000057,
              530018.05330000259
            ],
            [
              324374.03770000208,
              529994.37539999932
            ],
            [
              324399.25160000008,
              529961.40020000003
            ],
            [
              324405.06340000127,
              529954.33710000105
            ],
            [
              324412.66500000004,
              529954.45000000112
            ],
            [
              324430.02090000082,
              529938.03310000151
            ],
            [
              324441.48140000086,
              529922.5672999993
            ],
            [
              324445.36629999988,
              529918.70150000043
            ],
            [
              324451.08499999996,
              529920.29399999976
            ],
            [
              324454.91650000028,
              529926.49100000039
            ],
            [
              324475.64830000047,
              529938.71140000224
            ],
            [
              324483.1791000003,
              529943.58610000275
            ],
            [
              324535.1679999996,
              530027.73380000144
            ],
            [
              324553.82630000077,
              530051.83590000123
            ],
            [
              324571.95860000048,
              530064.46170000173
            ],
            [
              324576.97350000124,
              530069.93319999985
            ],
            [
              324579.71600000001,
              530075.2268000003
            ],
            [
              324581.86930000037,
              530084.86190000176
            ],
            [
              324585.49069999997,
              530091.98500000127
            ],
            [
              324592.51150000095,
              530098.52030000463
            ],
            [
              324606.23930000048,
              530107.40330000408
            ],
            [
              324611.51650000084,
              530123.00620000064
            ],
            [
              324613.53040000051,
              530128.96050000004
            ],
            [
              324611.04430000205,
              530188.77480000444
            ],
            [
              324610.56200000085,
              530200.37859999947
            ],
            [
              324605.10010000039,
              530210.74520000443
            ],
            [
              324600.79780000169,
              530218.91090000421
            ],
            [
              324595.01310000103,
              530225.58130000159
            ],
            [
              324586.30500000063,
              530231.78680000454
            ],
            [
              324576.73650000058,
              530236.69030000083
            ],
            [
              324566.94800000079,
              530241.70670000091
            ],
            [
              324562.31400000118,
              530246.21790000238
            ],
            [
              324558.77730000112,
              530250.69320000149
            ],
            [
              324556.51060000155,
              530257.43590000272
            ],
            [
              324553.72119999956,
              530266.28890000097
            ],
            [
              324550.49519999977,
              530275.70960000157
            ],
            [
              324549.41830000095,
              530288.47769999877
            ],
            [
              324548.52830000222,
              530299.03060000017
            ],
            [
              324547.68609999958,
              530309.01700000465
            ],
            [
              324546.674300001,
              530321.01319999993
            ],
            [
              324544.02720000036,
              530330.70399999991
            ],
            [
              324539.60429999977,
              530339.14250000194
            ],
            [
              324535.22849999927,
              530345.21140000224
            ],
            [
              324532.2893000003,
              530349.28790000267
            ],
            [
              324532.19369999971,
              530355.71030000225
            ],
            [
              324534.49340000097,
              530361.46210000291
            ],
            [
              324539.33440000098,
              530363.40380000137
            ],
            [
              324549.06109999958,
              530366.37519999966
            ],
            [
              324556.71420000121,
              530368.71310000122
            ],
            [
              324576.96860000025,
              530371.75489999913
            ],
            [
              324583.21190000139,
              530372.63370000012
            ],
            [
              324587.75970000122,
              530374.7704000026
            ],
            [
              324589.16330000106,
              530380.31640000455
            ],
            [
              324589.30380000174,
              530392.27620000206
            ],
            [
              324585.62239999976,
              530400.07340000011
            ],
            [
              324577.92630000133,
              530407.9346000012
            ],
            [
              324577.24349999893,
              530416.61430000141
            ],
            [
              324576.23290000018,
              530422.82700000145
            ],
            [
              324577.33430000208,
              530435.07930000126
            ],
            [
              324583.57579999976,
              530452.31910000183
            ],
            [
              324586.77740000002,
              530461.16059999727
            ],
            [
              324583.53120000008,
              530468.13490000181
            ],
            [
              324564.48340000119,
              530485.55310000107
            ],
            [
              324499.25390000176,
              530525.08190000057
            ],
            [
              324409.37920000032,
              530559.47110000066
            ],
            [
              324382.6958000008,
              530563.84830000065
            ],
            [
              324348.50880000088,
              530560.95340000279
            ],
            [
              324308.69620000105,
              530553.21250000037
            ],
            [
              324164.68230000138,
              530520.11190000363
            ],
            [
              324130.64520000108,
              530507.69480000064
            ],
            [
              324062.63239999954,
              530478.09930000268
            ],
            [
              323983.4998000022,
              530429.2779000029
            ],
            [
              323934.46240000054,
              530402.3515000008
            ],
            [
              323936.22990000062,
              530366.88700000197
            ],
            [
              323939.615600002,
              530346.57279999927
            ],
            [
              323944.69419999979,
              530321.18009999953
            ],
            [
              323945.54060000088,
              530294.09440000169
            ],
            [
              323952.31200000085,
              530263.62310000136
            ],
            [
              323959.08340000082,
              530244.15530000255
            ],
            [
              323967.5476000011,
              530227.22680000402
            ],
            [
              323980.24399999995,
              530211.99110000208
            ],
            [
              323992.09399999958,
              530204.37330000103
            ],
            [
              324031.02960000001,
              530178.13409999944
            ],
            [
              324063.19369999971,
              530164.59129999951
            ],
            [
              324086.8936999999,
              530160.35920000263
            ],
            [
              324099.59010000061,
              530155.28060000204
            ],
            [
              324107.2078999998,
              530143.43070000224
            ],
            [
              324114.82570000086,
              530114.65220000222
            ],
            [
              324119.78910000063,
              530085.88830000162
            ]
          ]
        ]
      }
    },
    {
      "attributes" : {
        "FID" : 1,
        "PMNTN_SN" : 9836,
        "MNTN_CODE" : "427605504",
        "MNTN_NM" : "남산산림욕장",
        "PMNTN_NM" : "종부리구간",
        "PMNTN_MAIN" : " ",
        "PMNTN_LT" : 0.15,
        "PMNTN_DFFL" : "쉬움",
        "PMNTN_UPPL" : 3,
        "PMNTN_GODN" : 2,
        "PMNTN_MTRQ" : " ",
        "PMNTN_CNRL" : " ",
        "PMNTN_CLS_" : " ",
        "PMNTN_RISK" : " ",
        "PMNTN_RECO" : " ",
        "DATA_STDR_" : "2016-12-31",
        "MNTN_ID" : "427600701"
      },
      "geometry" : {
        "paths" : [
          [
            [
              323426.31109999958,
              530129.03079999797
            ],
            [
              323421.93289999943,
              530122.90140000172
            ],
            [
              323416.09540000092,
              530119.10700000264
            ],
            [
              323387.78329999931,
              530114.43690000102
            ],
            [
              323377.85949999932,
              530110.64250000194
            ],
            [
              323372.60570000019,
              530106.84809999913
            ],
            [
              323367.35190000106,
              530102.4700000044
            ],
            [
              323364.43310000096,
              530100.42679999769
            ],
            [
              323361.51439999975,
              530096.34050000086
            ],
            [
              323358.88750000112,
              530092.83799999952
            ],
            [
              323353.63369999919,
              530091.08680000156
            ],
            [
              323350.42300000042,
              530090.50300000235
            ],
            [
              323344.29360000137,
              530087.00049999915
            ],
            [
              323339.03980000038,
              530083.49789999984
            ],
            [
              323333.20230000094,
              530076.78480000421
            ],
            [
              323329.69969999976,
              530075.0335000027
            ],
            [
              323319.4840000011,
              530077.07660000026
            ],
            [
              323306.34960000031,
              530079.70350000076
            ],
            [
              323291.75570000056,
              530080.28729999997
            ]
          ]
        ]
      }
    },
    {
      "attributes" : {
        "FID" : 2,
        "PMNTN_SN" : 9837,
        "MNTN_CODE" : "427605504",
        "MNTN_NM" : "남산산림욕장",
        "PMNTN_NM" : " ",
        "PMNTN_MAIN" : " ",
        "PMNTN_LT" : 0.09,
        "PMNTN_DFFL" : "쉬움",
        "PMNTN_UPPL" : 2,
        "PMNTN_GODN" : 1,
        "PMNTN_MTRQ" : " ",
        "PMNTN_CNRL" : " ",
        "PMNTN_CLS_" : " ",
        "PMNTN_RISK" : " ",
        "PMNTN_RECO" : " ",
        "DATA_STDR_" : "2016-12-31",
        "MNTN_ID" : "427600701"
      },
      "geometry" : {
        "paths" : [
          [
            [
              323426.31109999958,
              530129.03079999797
            ],
            [
              323440.32120000105,
              530131.07390000112
            ],
            [
              323450.82880000211,
              530133.11710000224
            ],
            [
              323459.58510000072,
              530134.57650000043
            ],
            [
              323473.88710000087,
              530141.58149999939
            ],
            [
              323484.10280000046,
              530148.87839999795
            ],
            [
              323495.1941000009,
              530159.3860000018
            ],
            [
              323503.95040000044,
              530166.68300000019
            ]
          ]
        ]
      }
    },
    {
      "attributes" : {
        "FID" : 3,
        "PMNTN_SN" : 9838,
        "MNTN_CODE" : "427605504",
        "MNTN_NM" : "남산산림욕장",
        "PMNTN_NM" : " ",
        "PMNTN_MAIN" : " ",
        "PMNTN_LT" : 0.22,
        "PMNTN_DFFL" : "쉬움",
        "PMNTN_UPPL" : 4,
        "PMNTN_GODN" : 3,
        "PMNTN_MTRQ" : " ",
        "PMNTN_CNRL" : " ",
        "PMNTN_CLS_" : " ",
        "PMNTN_RISK" : " ",
        "PMNTN_RECO" : " ",
        "DATA_STDR_" : "2016-12-31",
        "MNTN_ID" : "427600701"
      },
      "geometry" : {
        "paths" : [
          [
            [
              323503.95040000044,
              530166.68300000019
            ],
            [
              323517.3768000016,
              530168.72610000148
            ],
            [
              323524.38180000149,
              530169.89360000007
            ],
            [
              323531.67880000174,
              530171.64490000159
            ],
            [
              323537.51630000025,
              530173.68799999915
            ],
            [
              323545.68890000042,
              530178.64990000241
            ],
            [
              323554.15330000035,
              530183.61180000007
            ],
            [
              323562.32589999959,
              530190.61690000258
            ],
            [
              323569.91470000055,
              530197.03820000216
            ],
            [
              323578.67100000195,
              530204.62700000219
            ],
            [
              323583.63289999962,
              530208.12950000167
            ],
            [
              323589.47049999982,
              530211.63210000098
            ],
            [
              323602.60490000062,
              530213.67520000227
            ],
            [
              323609.0262000002,
              530213.67520000227
            ],
            [
              323612.82059999928,
              530212.79959999956
            ],
            [
              323618.95010000095,
              530209.29700000025
            ],
            [
              323626.24700000044,
              530204.33510000259
            ],
            [
              323634.127700001,
              530199.37319999933
            ],
            [
              323637.0465000011,
              530197.33010000177
            ],
            [
              323643.17590000108,
              530192.07630000077
            ],
            [
              323650.1809000019,
              530188.28190000169
            ],
            [
              323654.85100000072,
              530187.69810000248
            ],
            [
              323662.73170000128,
              530188.86560000107
            ],
            [
              323667.8879000023,
              530190.17930000275
            ],
            [
              323679.41330000013,
              530192.56160000153
            ],
            [
              323691.64700000081,
              530193.78500000387
            ],
            [
              323697.3021999998,
              530195.13250000402
            ],
            [
              323699.83299999963,
              530196.39580000192
            ]
          ]
        ]
      }
    },
    {
      "attributes" : {
        "FID" : 4,
        "PMNTN_SN" : 9839,
        "MNTN_CODE" : "427605504",
        "MNTN_NM" : "남산산림욕장",
        "PMNTN_NM" : " ",
        "PMNTN_MAIN" : " ",
        "PMNTN_LT" : 0.15,
        "PMNTN_DFFL" : "쉬움",
        "PMNTN_UPPL" : 3,
        "PMNTN_GODN" : 2,
        "PMNTN_MTRQ" : " ",
        "PMNTN_CNRL" : " ",
        "PMNTN_CLS_" : " ",
        "PMNTN_RISK" : " ",
        "PMNTN_RECO" : " ",
        "DATA_STDR_" : "2016-12-31",
        "MNTN_ID" : "427600701"
      },
      "geometry" : {
        "paths" : [
          [
            [
              323503.95040000044,
              530166.68300000019
            ],
            [
              323501.17050000001,
              530173.87940000184
            ],
            [
              323499.0373000009,
              530183.47860000096
            ],
            [
              323498.77070000209,
              530189.07809999958
            ],
            [
              323498.23740000091,
              530195.74410000071
            ],
            [
              323499.30400000047,
              530200.54370000213
            ],
            [
              323501.43710000161,
              530204.01010000147
            ],
            [
              323504.10350000113,
              530211.74269999936
            ],
            [
              323505.97000000067,
              530218.14210000075
            ],
            [
              323505.97000000067,
              530225.60809999891
            ],
            [
              323505.97000000067,
              530232.54080000147
            ],
            [
              323505.70340000186,
              530238.40699999966
            ],
            [
              323507.83650000021,
              530247.20620000176
            ],
            [
              323511.0362000009,
              530252.80570000038
            ],
            [
              323516.36910000071,
              530257.33860000223
            ],
            [
              323520.10209999979,
              530261.07160000131
            ],
            [
              323522.76850000117,
              530267.20440000109
            ],
            [
              323525.70160000119,
              530272.80389999971
            ],
            [
              323528.63470000029,
              530278.67009999976
            ],
            [
              323529.70120000094,
              530281.86980000138
            ],
            [
              323530.23450000025,
              530288.80249999836
            ],
            [
              323529.96790000144,
              530296.0019000005
            ],
            [
              323533.72190000117,
              530309.99469999783
            ]
          ]
        ]
      }
    },
    {
      "attributes" : {
        "FID" : 5,
        "PMNTN_SN" : 9840,
        "MNTN_CODE" : "427605504",
        "MNTN_NM" : "남산산림욕장",
        "PMNTN_NM" : " ",
        "PMNTN_MAIN" : " ",
        "PMNTN_LT" : 0.57,
        "PMNTN_DFFL" : "쉬움",
        "PMNTN_UPPL" : 10,
        "PMNTN_GODN" : 7,
        "PMNTN_MTRQ" : " ",
        "PMNTN_CNRL" : " ",
        "PMNTN_CLS_" : " ",
        "PMNTN_RISK" : " ",
        "PMNTN_RECO" : " ",
        "DATA_STDR_" : "2016-12-31",
        "MNTN_ID" : "427600701"
      },
      "geometry" : {
        "paths" : [
          [
            [
              323699.83299999963,
              530196.39580000192
            ],
            [
              323703.84480000008,
              530182.16709999926
            ],
            [
              323702.15130000096,
              530167.84300000034
            ],
            [
              323723.59630000126,
              530132.43449999951
            ],
            [
              323750.70320000127,
              530099.47440000251
            ],
            [
              323756.57580000069,
              530087.66020000167
            ],
            [
              323771.96369999927,
              530075.97550000437
            ],
            [
              323787.56300000101,
              530049.99490000121
            ],
            [
              323808.71810000204,
              530033.63289999962
            ],
            [
              323812.62449999992,
              530026.55230000243
            ],
            [
              323826.10770000052,
              530014.8395000007
            ],
            [
              323850.7555000009,
              530019.96680000238
            ],
            [
              323896.41770000011,
              530018.25560000353
            ],
            [
              323909.68950000033,
              530020.83890000358
            ],
            [
              323922.85560000036,
              530030.55920000002
            ],
            [
              323930.35129999928,
              530037.81970000081
            ],
            [
              323937.63550000079,
              530059.36500000209
            ],
            [
              323946.85969999991,
              530078.56330000237
            ],
            [
              323954.39060000051,
              530083.43750000186
            ],
            [
              323965.80170000065,
              530083.60650000162
            ],
            [
              323996.46340000164,
              530067.38570000231
            ],
            [
              324017.30140000116,
              530072.45710000396
            ],
            [
              324034.45330000017,
              530070.32430000417
            ],
            [
              324053.6688000001,
              530056.32110000215
            ],
            [
              324078.31630000006,
              530061.44900000095
            ],
            [
              324119.78910000063,
              530085.88830000162
            ]
          ]
        ]
      }
    },
    {
      "attributes" : {
        "FID" : 6,
        "PMNTN_SN" : 9841,
        "MNTN_CODE" : "427605504",
        "MNTN_NM" : "남산산림욕장",
        "PMNTN_NM" : " ",
        "PMNTN_MAIN" : " ",
        "PMNTN_LT" : 0.52,
        "PMNTN_DFFL" : "쉬움",
        "PMNTN_UPPL" : 9,
        "PMNTN_GODN" : 6,
        "PMNTN_MTRQ" : " ",
        "PMNTN_CNRL" : " ",
        "PMNTN_CLS_" : " ",
        "PMNTN_RISK" : " ",
        "PMNTN_RECO" : " ",
        "DATA_STDR_" : "2016-12-31",
        "MNTN_ID" : "427600701"
      },
      "geometry" : {
        "paths" : [
          [
            [
              323699.83299999963,
              530196.39580000192
            ],
            [
              323705.63760000002,
              530202.58390000463
            ],
            [
              323710.89140000008,
              530208.42140000127
            ],
            [
              323722.27460000012,
              530235.85789999738
            ],
            [
              323729.57150000148,
              530257.74870000407
            ],
            [
              323733.36590000056,
              530265.04560000263
            ],
            [
              323751.17050000187,
              530284.30949999765
            ],
            [
              323770.72620000038,
              530306.20030000433
            ],
            [
              323776.85570000205,
              530312.91349999793
            ],
            [
              323787.07140000071,
              530317.87540000118
            ],
            [
              323795.24390000198,
              530325.75610000268
            ],
            [
              323795.24390000198,
              530331.00980000198
            ],
            [
              323794.66019999981,
              530336.26359999925
            ],
            [
              323792.32510000188,
              530340.34990000166
            ],
            [
              323788.82259999961,
              530343.56060000136
            ],
            [
              323785.61200000066,
              530345.01989999972
            ],
            [
              323778.31500000041,
              530345.31179999933
            ],
            [
              323766.93180000037,
              530345.31179999933
            ],
            [
              323740.66290000081,
              530345.31179999933
            ],
            [
              323725.48530000169,
              530340.64180000126
            ],
            [
              323715.26960000023,
              530336.26359999925
            ],
            [
              323700.96760000009,
              530333.0530000031
            ],
            [
              323686.37370000035,
              530332.46920000017
            ],
            [
              323674.40670000203,
              530331.30170000158
            ],
            [
              323663.02350000199,
              530327.5073000025
            ],
            [
              323656.89410000108,
              530324.29670000076
            ],
            [
              323651.34839999955,
              530318.45910000056
            ],
            [
              323644.63530000113,
              530312.91349999793
            ],
            [
              323638.79770000093,
              530309.11900000088
            ],
            [
              323631.50079999957,
              530307.07589999773
            ],
            [
              323623.03639999963,
              530306.20030000433
            ],
            [
              323614.8638000004,
              530305.90839999914
            ],
            [
              323607.85869999975,
              530306.20030000433
            ],
            [
              323601.43739999924,
              530304.74090000242
            ],
            [
              323596.47549999971,
              530300.94650000148
            ],
            [
              323581.00600000098,
              530280.51510000415
            ],
            [
              323573.12530000042,
              530271.75880000181
            ],
            [
              323569.03910000063,
              530265.62930000201
            ],
            [
              323565.24469999969,
              530262.71060000174
            ],
            [
              323559.11519999988,
              530261.8348999992
            ],
            [
              323553.56960000005,
              530264.16999999993
            ],
            [
              323552.1102,
              530267.6724999994
            ],
            [
              323550.94269999955,
              530272.9263000004
            ],
            [
              323550.94269999955,
              530277.88820000365
            ],
            [
              323551.52640000172,
              530284.89320000261
            ],
            [
              323552.98580000177,
              530290.73079999909
            ],
            [
              323553.56960000005,
              530304.15709999762
            ],
            [
              323552.4020999996,
              530311.74590000138
            ],
            [
              323550.65079999994,
              530315.83220000006
            ],
            [
              323546.85640000086,
              530317.58350000158
            ],
            [
              323542.47820000071,
              530316.12409999967
            ],
            [
              323537.51630000025,
              530312.62160000019
            ],
            [
              323533.72190000117,
              530309.99469999783
            ]
          ]
        ]
      }
    },
    {
      "attributes" : {
        "FID" : 7,
        "PMNTN_SN" : 9842,
        "MNTN_CODE" : "427605504",
        "MNTN_NM" : "남산산림욕장",
        "PMNTN_NM" : " ",
        "PMNTN_MAIN" : " ",
        "PMNTN_LT" : 0.1,
        "PMNTN_DFFL" : "쉬움",
        "PMNTN_UPPL" : 2,
        "PMNTN_GODN" : 1,
        "PMNTN_MTRQ" : " ",
        "PMNTN_CNRL" : " ",
        "PMNTN_CLS_" : " ",
        "PMNTN_RISK" : " ",
        "PMNTN_RECO" : " ",
        "DATA_STDR_" : "2016-12-31",
        "MNTN_ID" : "427600701"
      },
      "geometry" : {
        "paths" : [
          [
            [
              323533.72190000117,
              530309.99469999783
            ],
            [
              323529.34379999992,
              530308.82719999924
            ],
            [
              323521.75500000175,
              530308.5353000015
            ],
            [
              323506.86920000054,
              530326.92360000126
            ],
            [
              323495.4860000005,
              530338.89049999975
            ],
            [
              323484.97840000223,
              530349.98190000094
            ],
            [
              323477.97339999955,
              530353.77630000003
            ],
            [
              323470.38460000139,
              530356.69500000216
            ],
            [
              323464.83889999986,
              530359.61380000226
            ],
            [
              323459.87700000033,
              530361.65700000338
            ],
            [
              323455.79069999978,
              530363.40820000134
            ]
          ]
        ]
      }
    },
    {
      "attributes" : {
        "FID" : 8,
        "PMNTN_SN" : 9843,
        "MNTN_CODE" : "427605504",
        "MNTN_NM" : "남산산림욕장",
        "PMNTN_NM" : " ",
        "PMNTN_MAIN" : " ",
        "PMNTN_LT" : 0.3,
        "PMNTN_DFFL" : "쉬움",
        "PMNTN_UPPL" : 5,
        "PMNTN_GODN" : 4,
        "PMNTN_MTRQ" : " ",
        "PMNTN_CNRL" : " ",
        "PMNTN_CLS_" : " ",
        "PMNTN_RISK" : " ",
        "PMNTN_RECO" : " ",
        "DATA_STDR_" : "2016-12-31",
        "MNTN_ID" : "427600701"
      },
      "geometry" : {
        "paths" : [
          [
            [
              323455.79069999978,
              530363.40820000134
            ],
            [
              323447.32629999984,
              530363.99200000055
            ],
            [
              323437.11060000025,
              530361.94879999943
            ],
            [
              323431.27300000004,
              530360.19759999961
            ],
            [
              323425.4355000006,
              530358.73820000328
            ],
            [
              323421.34920000006,
              530356.11130000278
            ],
            [
              323417.26290000137,
              530352.31690000184
            ],
            [
              323412.88470000122,
              530346.18750000186
            ],
            [
              323407.04719999991,
              530337.72300000116
            ],
            [
              323402.96090000123,
              530330.71800000034
            ],
            [
              323400.04210000113,
              530321.37790000066
            ],
            [
              323398.29090000037,
              530312.03780000098
            ],
            [
              323396.83150000032,
              530304.44900000282
            ],
            [
              323395.95590000134,
              530296.27649999969
            ],
            [
              323395.37210000027,
              530288.9795000013
            ],
            [
              323395.37210000027,
              530281.97450000234
            ],
            [
              323396.53960000165,
              530272.6344000008
            ],
            [
              323404.12839999981,
              530261.25119999982
            ],
            [
              323411.71720000077,
              530251.61919999868
            ],
            [
              323422.22480000183,
              530237.02540000156
            ],
            [
              323430.98110000044,
              530232.93909999728
            ],
            [
              323437.98620000202,
              530229.72839999944
            ],
            [
              323444.69940000121,
              530227.68530000187
            ],
            [
              323447.91000000201,
              530224.76650000177
            ],
            [
              323448.49380000029,
              530218.63709999993
            ],
            [
              323448.49380000029,
              530207.83760000207
            ],
            [
              323450.24500000104,
              530181.86060000211
            ],
            [
              323445.86689999979,
              530170.76920000464
            ],
            [
              323441.19680000003,
              530162.88860000111
            ],
            [
              323434.77549999952,
              530157.63479999825
            ],
            [
              323432.44050000049,
              530153.25660000183
            ],
            [
              323429.81359999999,
              530146.54340000264
            ],
            [
              323427.47860000096,
              530135.45209999941
            ],
            [
              323426.31109999958,
              530129.03079999797
            ]
          ]
        ]
      }
    },
    {
      "attributes" : {
        "FID" : 9,
        "PMNTN_SN" : 9844,
        "MNTN_CODE" : "427605504",
        "MNTN_NM" : "남산산림욕장",
        "PMNTN_NM" : "종부리구간",
        "PMNTN_MAIN" : " ",
        "PMNTN_LT" : 0.09,
        "PMNTN_DFFL" : "쉬움",
        "PMNTN_UPPL" : 2,
        "PMNTN_GODN" : 1,
        "PMNTN_MTRQ" : " ",
        "PMNTN_CNRL" : " ",
        "PMNTN_CLS_" : " ",
        "PMNTN_RISK" : " ",
        "PMNTN_RECO" : " ",
        "DATA_STDR_" : "2016-12-31",
        "MNTN_ID" : "427600701"
      },
      "geometry" : {
        "paths" : [
          [
            [
              323455.79069999978,
              530363.40820000134
            ],
            [
              323440.02929999959,
              530372.45640000142
            ],
            [
              323423.97610000055,
              530384.13149999827
            ],
            [
              323408.50659999996,
              530387.34210000001
            ],
            [
              323396.53960000165,
              530388.50970000215
            ],
            [
              323388.36710000038,
              530389.96900000051
            ],
            [
              323381.36199999973,
              530392.30410000123
            ],
            [
              323373.1894000005,
              530394.34720000252
            ]
          ]
        ]
      }
    }
  ]
}