{
  "displayFieldName" : "",
  "fieldAliases" : {
    "FID" : "FID",
    "PMNTN_SN" : "PMNTN_SN",
    "MNTN_CODE" : "MNTN_CODE",
    "MNTN_NM" : "MNTN_NM",
    "PMNTN_NM" : "PMNTN_NM",
    "PMNTN_MAIN" : "PMNTN_MAIN",
    "PMNTN_LT" : "PMNTN_LT",
    "PMNTN_DFFL" : "PMNTN_DFFL",
    "PMNTN_UPPL" : "PMNTN_UPPL",
    "PMNTN_GODN" : "PMNTN_GODN",
    "PMNTN_MTRQ" : "PMNTN_MTRQ",
    "PMNTN_CNRL" : "PMNTN_CNRL",
    "PMNTN_CLS_" : "PMNTN_CLS_",
    "PMNTN_RISK" : "PMNTN_RISK",
    "PMNTN_RECO" : "PMNTN_RECO",
    "DATA_STDR_" : "DATA_STDR_",
    "MNTN_ID" : "MNTN_ID"
  },
  "geometryType" : "esriGeometryPolyline",
  "spatialReference" : {
    "wkt" : "PROJCS[\"PCS_ITRF2000_TM\",GEOGCS[\"GCS_ITRF_2000\",DATUM[\"D_ITRF_2000\",SPHEROID[\"GRS_1980\",6378137.0,298.257222101]],PRIMEM[\"Greenwich\",0.0],UNIT[\"Degree\",0.0174532925199433]],PROJECTION[\"Transverse_Mercator\"],PARAMETER[\"False_Easting\",200000.0],PARAMETER[\"False_Northing\",600000.0],PARAMETER[\"Central_Meridian\",127.0],PARAMETER[\"Scale_Factor\",1.0],PARAMETER[\"Latitude_Of_Origin\",38.0],UNIT[\"Meter\",1.0]]"
  },
  "fields" : [
    {
      "name" : "FID",
      "type" : "esriFieldTypeOID",
      "alias" : "FID"
    },
    {
      "name" : "PMNTN_SN",
      "type" : "esriFieldTypeDouble",
      "alias" : "PMNTN_SN"
    },
    {
      "name" : "MNTN_CODE",
      "type" : "esriFieldTypeString",
      "alias" : "MNTN_CODE",
      "length" : 9
    },
    {
      "name" : "MNTN_NM",
      "type" : "esriFieldTypeString",
      "alias" : "MNTN_NM",
      "length" : 50
    },
    {
      "name" : "PMNTN_NM",
      "type" : "esriFieldTypeString",
      "alias" : "PMNTN_NM",
      "length" : 50
    },
    {
      "name" : "PMNTN_MAIN",
      "type" : "esriFieldTypeString",
      "alias" : "PMNTN_MAIN",
      "length" : 200
    },
    {
      "name" : "PMNTN_LT",
      "type" : "esriFieldTypeSingle",
      "alias" : "PMNTN_LT"
    },
    {
      "name" : "PMNTN_DFFL",
      "type" : "esriFieldTypeString",
      "alias" : "PMNTN_DFFL",
      "length" : 8
    },
    {
      "name" : "PMNTN_UPPL",
      "type" : "esriFieldTypeDouble",
      "alias" : "PMNTN_UPPL"
    },
    {
      "name" : "PMNTN_GODN",
      "type" : "esriFieldTypeDouble",
      "alias" : "PMNTN_GODN"
    },
    {
      "name" : "PMNTN_MTRQ",
      "type" : "esriFieldTypeString",
      "alias" : "PMNTN_MTRQ",
      "length" : 200
    },
    {
      "name" : "PMNTN_CNRL",
      "type" : "esriFieldTypeString",
      "alias" : "PMNTN_CNRL",
      "length" : 1
    },
    {
      "name" : "PMNTN_CLS_",
      "type" : "esriFieldTypeString",
      "alias" : "PMNTN_CLS_",
      "length" : 1
    },
    {
      "name" : "PMNTN_RISK",
      "type" : "esriFieldTypeString",
      "alias" : "PMNTN_RISK",
      "length" : 200
    },
    {
      "name" : "PMNTN_RECO",
      "type" : "esriFieldTypeString",
      "alias" : "PMNTN_RECO",
      "length" : 1
    },
    {
      "name" : "DATA_STDR_",
      "type" : "esriFieldTypeString",
      "alias" : "DATA_STDR_",
      "length" : 10
    },
    {
      "name" : "MNTN_ID",
      "type" : "esriFieldTypeString",
      "alias" : "MNTN_ID",
      "length" : 10
    }
  ],
  "features" : [
    {
      "attributes" : {
        "FID" : 0,
        "PMNTN_SN" : 54342,
        "MNTN_CODE" : "467900104",
        "MNTN_NM" : "호남정맥",
        "PMNTN_NM" : "이서면갈두리-이서면서리구간",
        "PMNTN_MAIN" : " ",
        "PMNTN_LT" : 6.35,
        "PMNTN_DFFL" : "쉬움",
        "PMNTN_UPPL" : 136,
        "PMNTN_GODN" : 95,
        "PMNTN_MTRQ" : "암반/토사",
        "PMNTN_CNRL" : " ",
        "PMNTN_CLS_" : " ",
        "PMNTN_RISK" : "근계 암석노출,경사구간",
        "PMNTN_RECO" : " ",
        "DATA_STDR_" : "2016-12-31",
        "MNTN_ID" : "467900104"
      },
      "geometry" : {
        "paths" : [
          [
            [
              204375.29540000018,
              276082.37870000117
            ],
            [
              204375.27960000094,
              276082.40509999916
            ],
            [
              204375.28780000005,
              276082.41440000385
            ],
            [
              204375.59080000408,
              276082.3935000021
            ],
            [
              204374.3518000003,
              276089.4693
            ],
            [
              204379.41559999995,
              276098.7742999997
            ],
            [
              204392.2022000039,
              276110.16560000181
            ],
            [
              204399.56110000052,
              276119.89759999886
            ],
            [
              204403.05710000079,
              276128.3180999998
            ],
            [
              204416.81850000285,
              276137.73259999976
            ],
            [
              204417.30539999902,
              276144.94380000234
            ],
            [
              204423.85819999967,
              276148.49719999917
            ],
            [
              204425.74040000141,
              276156.29320000112
            ],
            [
              204434.39290000126,
              276165.59649999999
            ],
            [
              204452.40079999994,
              276187.04860000126
            ],
            [
              204461.24480000045,
              276190.46979999915
            ],
            [
              204469.15880000032,
              276189.4467999991
            ],
            [
              204499.39940000325,
              276203.02529999986
            ],
            [
              204508.55990000162,
              276195.16230000369
            ],
            [
              204525.3114000028,
              276220.5485999994
            ],
            [
              204557.63690000027,
              276228.59240000136
            ],
            [
              204572.15050000045,
              276239.39049999975
            ],
            [
              204617.51779999956,
              276236.4915000014
            ],
            [
              204617.28440000024,
              276246.42430000007
            ],
            [
              204620.88970000017,
              276247.51539999992
            ],
            [
              204615.2311000023,
              276254.61930000223
            ],
            [
              204622.69780000392,
              276280.24170000292
            ],
            [
              204622.08389999997,
              276295.38830000348
            ],
            [
              204601.0503000021,
              276320.18420000002
            ],
            [
              204589.53750000149,
              276348.41160000116
            ],
            [
              204590.45340000093,
              276361.70540000126
            ],
            [
              204580.5999999987,
              276384.9542999994
            ],
            [
              204586.45920000412,
              276423.17800000124
            ],
            [
              204579.54760000203,
              276456.28490000218
            ],
            [
              204581.78550000116,
              276471.10100000165
            ],
            [
              204646.70210000314,
              276538.33909999952
            ],
            [
              204661.81499999948,
              276536.48810000159
            ],
            [
              204677.28760000132,
              276536.06609999947
            ],
            [
              204691.72470000014,
              276553.77030000277
            ],
            [
              204710.21130000055,
              276562.68000000156
            ],
            [
              204723.34610000066,
              276569.79209999926
            ],
            [
              204737.96650000196,
              276574.81929999962
            ],
            [
              204745.41030000057,
              276586.87420000136
            ],
            [
              204756.71340000071,
              276590.2498000022
            ],
            [
              204758.65600000136,
              276598.23130000196
            ],
            [
              204785.3135000011,
              276616.33550000377
            ],
            [
              204790.38369999919,
              276631.25760000385
            ],
            [
              204791.01810000092,
              276668.34590000287
            ],
            [
              204784.63090000022,
              276696.0719000008
            ],
            [
              204796.69330000132,
              276718.25910000131
            ],
            [
              204838.84130000137,
              276728.2293000035
            ],
            [
              204889.00860000215,
              276758.84019999951
            ],
            [
              204897.42800000217,
              276750.79030000046
            ],
            [
              204913.09670000058,
              276749.81950000301
            ],
            [
              204931.88790000044,
              276759.78429999948
            ],
            [
              204952.21820000093,
              276766.27549999952
            ],
            [
              204970.13250000123,
              276759.80159999989
            ],
            [
              204987.57480000053,
              276758.71660000086
            ],
            [
              205011.40000000037,
              276775.43759999983
            ],
            [
              205019.57059999928,
              276786.5063000042
            ],
            [
              205014.68270000163,
              276790.92459999956
            ],
            [
              205011.78490000218,
              276803.54600000009
            ],
            [
              205016.73990000132,
              276815.63839999959
            ],
            [
              205024.95990000013,
              276821.53600000031
            ],
            [
              205038.25230000168,
              276829.41630000249
            ],
            [
              205048.46650000196,
              276828.00389999896
            ],
            [
              205060.60140000097,
              276835.06090000086
            ],
            [
              205085.89210000355,
              276860.01560000144
            ],
            [
              205089.76210000273,
              276857.20100000314
            ],
            [
              205100.46860000025,
              276862.67410000041
            ],
            [
              205122.20040000044,
              276882.70749999955
            ],
            [
              205126.34680000134,
              276878.95739999972
            ],
            [
              205130.08070000354,
              276883.57870000601
            ],
            [
              205144.40410000179,
              276882.0120000001
            ],
            [
              205162.55970000383,
              276899.11219999753
            ],
            [
              205163.75450000074,
              276907.15300000086
            ],
            [
              205163.01060000155,
              276926.09650000185
            ],
            [
              205155.38750000112,
              276932.90419999883
            ],
            [
              205153.88400000241,
              276981.81950000115
            ],
            [
              205157.21080000047,
              276989.14799999818
            ],
            [
              205169.52330000047,
              276991.65940000117
            ],
            [
              205180.31620000303,
              277012.63950000145
            ],
            [
              205187.59850000124,
              277014.8331000004
            ],
            [
              205187.86219999939,
              277027.67950000428
            ],
            [
              205202.87160000019,
              277061.42480000108
            ],
            [
              205218.71239999961,
              277073.40399999917
            ],
            [
              205231.8720000023,
              277076.18130000122
            ],
            [
              205241.48700000159,
              277095.55840000138
            ],
            [
              205255.87670000084,
              277105.72510000132
            ],
            [
              205274.40310000256,
              277109.96340000071
            ],
            [
              205301.80140000116,
              277143.94460000098
            ],
            [
              205341.0632000016,
              277151.46120000444
            ],
            [
              205342.42080000043,
              277170.39340000227
            ],
            [
              205364.63380000181,
              277195.97880000249
            ],
            [
              205425.27490000054,
              277182.68500000238
            ],
            [
              205434.6333000008,
              277188.08819999918
            ],
            [
              205436.25370000117,
              277196.14430000074
            ],
            [
              205455.04010000173,
              277205.50940000266
            ],
            [
              205469.11210000049,
              277203.12089999951
            ],
            [
              205476.41749999952,
              277207.62410000153
            ],
            [
              205483.24390000105,
              277200.73190000281
            ],
            [
              205507.27219999861,
              277197.0727000013
            ],
            [
              205519.68670000043,
              277205.72780000046
            ],
            [
              205555.97910000291,
              277208.81269999966
            ],
            [
              205573.36000000127,
              277200.17769999988
            ],
            [
              205582.32830000203,
              277201.61759999953
            ],
            [
              205611.37870000117,
              277177.61830000021
            ],
            [
              205651.23060000036,
              277174.53480000235
            ],
            [
              205660.37710000016,
              277163.91620000266
            ],
            [
              205675.09530000202,
              277162.6686000023
            ],
            [
              205695.78159999941,
              277168.71409999765
            ],
            [
              205704.69310000353,
              277159.78810000047
            ],
            [
              205723.83610000089,
              277160.90690000169
            ],
            [
              205741.76450000331,
              277140.70460000262
            ],
            [
              205778.14719999954,
              277119.98090000451
            ],
            [
              205812.10989999957,
              277117.52119999938
            ],
            [
              205820.00140000042,
              277109.94860000163
            ],
            [
              205820.99840000365,
              277097.76730000228
            ],
            [
              205833.00129999965,
              277098.72270000167
            ],
            [
              205840.53920000326,
              277089.39370000176
            ],
            [
              205897.58789999969,
              277064.68880000152
            ],
            [
              205905.76590000093,
              277052.17710000277
            ],
            [
              205914.30110000167,
              277051.11970000155
            ],
            [
              205933.95880000107,
              277034.55890000239
            ],
            [
              205963.94940000027,
              276985.01590000466
            ],
            [
              205961.99870000128,
              276966.1129999999
            ],
            [
              205968.41739999969,
              276958.04550000094
            ],
            [
              205971.70399999991,
              276932.3794000037
            ],
            [
              205969.03560000286,
              276917.41820000112
            ],
            [
              205978.84850000124,
              276898.70090000331
            ],
            [
              205988.4682,
              276891.26370000094
            ],
            [
              206014.73639999982,
              276851.37890000269
            ],
            [
              206031.24090000242,
              276843.00990000553
            ],
            [
              206036.97140000015,
              276832.98470000178
            ],
            [
              206058.18489999976,
              276816.32710000128
            ],
            [
              206060.98359999992,
              276804.44950000197
            ],
            [
              206090.89120000135,
              276794.95130000263
            ],
            [
              206093.33839999884,
              276779.00259999931
            ],
            [
              206106.13680000417,
              276770.96790000424
            ],
            [
              206116.13410000317,
              276753.20340000093
            ],
            [
              206128.01520000305,
              276744.8543999996
            ],
            [
              206128.20459999982,
              276735.97800000012
            ],
            [
              206143.86340000015,
              276726.2639000006
            ],
            [
              206149.34020000231,
              276714.0055000037
            ],
            [
              206147.43150000088,
              276687.16010000184
            ],
            [
              206156.96970000211,
              276669.78810000233
            ],
            [
              206173.29000000097,
              276656.49460000172
            ],
            [
              206186.8861000007,
              276637.20869999938
            ],
            [
              206192.26260000281,
              276623.74610000104
            ],
            [
              206210.32390000019,
              276616.5055999998
            ],
            [
              206224.86749999877,
              276593.67100000009
            ],
            [
              206241.79390000086,
              276586.86370000243
            ],
            [
              206259.2572000036,
              276561.24040000141
            ],
            [
              206275.98429999966,
              276548.45720000379
            ],
            [
              206291.91780000087,
              276516.33970000222
            ],
            [
              206303.02380000055,
              276509.11369999871
            ],
            [
              206300.03390000202,
              276494.10160000063
            ],
            [
              206299.18510000035,
              276484.05289999954
            ],
            [
              206311.89020000212,
              276471.79560000263
            ],
            [
              206309.49390000105,
              276455.18869999982
            ],
            [
              206302.39969999995,
              276439.71839999966
            ],
            [
              206307.55180000141,
              276426.23310000263
            ],
            [
              206280.43479999993,
              276380.17390000261
            ],
            [
              206268.43880000152,
              276368.77610000223
            ],
            [
              206270.22640000191,
              276348.4820000045
            ],
            [
              206278.19710000046,
              276346.51970000006
            ],
            [
              206304.88019999955,
              276322.64560000226
            ],
            [
              206306.61010000017,
              276314.5642000027
            ],
            [
              206327.90060000122,
              276293.86130000465
            ],
            [
              206331.19540000148,
              276281.77150000259
            ],
            [
              206344.15360000078,
              276271.22350000031
            ],
            [
              206357.53290000092,
              276263.04979999922
            ],
            [
              206374.98180000111,
              276265.57609999925
            ],
            [
              206391.21710000001,
              276276.85259999894
            ],
            [
              206406.31960000005,
              276282.87079999968
            ],
            [
              206423.78060000297,
              276279.04350000434
            ],
            [
              206454.45230000094,
              276268.70460000075
            ],
            [
              206486.43160000071,
              276250.21390000358
            ],
            [
              206516.55020000227,
              276221.08650000207
            ],
            [
              206548.12910000142,
              276203.09610000253
            ],
            [
              206560.48870000057,
              276184.71020000055
            ],
            [
              206571.45850000344,
              276130.02390000224
            ],
            [
              206612.6425999999,
              276080.27190000005
            ],
            [
              206632.26040000096,
              276041.17149999924
            ],
            [
              206649.80780000146,
              276032.58730000257
            ],
            [
              206645.82959999982,
              276021.24699999951
            ],
            [
              206656.01470000017,
              276013.49320000038
            ],
            [
              206658.50900000054,
              275990.66190000251
            ],
            [
              206707.84040000103,
              275928.51750000007
            ],
            [
              206730.60200000089,
              275910.59520000033
            ],
            [
              206741.16370000038,
              275886.65060000122
            ],
            [
              206771.62469999865,
              275856.02840000205
            ],
            [
              206761.03500000201,
              275706.71660000086
            ],
            [
              206766.28370000049,
              275693.7715999987
            ],
            [
              206765.57230000012,
              275660.56949999928
            ],
            [
              206771.04610000271,
              275641.1604999993
            ],
            [
              206796.55920000188,
              275626.13620000146
            ],
            [
              206835.73649999965,
              275621.1873000022
            ],
            [
              206841.85099999979,
              275626.51450000145
            ],
            [
              206863.50239999965,
              275622.69629999995
            ],
            [
              206873.20260000415,
              275626.2173999995
            ],
            [
              206886.69610000122,
              275619.04069999978
            ],
            [
              206896.20940000191,
              275623.62490000203
            ],
            [
              206921.96170000266,
              275606.98650000244
            ],
            [
              206939.3515999997,
              275613.85020000115
            ],
            [
              206951.01780000143,
              275607.45910000429
            ],
            [
              206998.90349999908,
              275599.92940000072
            ],
            [
              207014.1715000039,
              275601.40799999982
            ],
            [
              207021.70700000226,
              275610.9496000018
            ],
            [
              207030.41149999946,
              275597.66230000183
            ],
            [
              207020.9999000011,
              275586.92550000176
            ],
            [
              207020.84740000032,
              275579.99550000206
            ],
            [
              207033.32430000324,
              275567.192900002
            ],
            [
              207092.56019999925,
              275554.13680000231
            ],
            [
              207101.9681000011,
              275548.33450000174
            ],
            [
              207138.7081000004,
              275543.02380000241
            ],
            [
              207159.62359999958,
              275542.82670000196
            ],
            [
              207225.50010000169,
              275562.65410000086
            ],
            [
              207244.47500000242,
              275573.04969999753
            ],
            [
              207271.06940000039,
              275574.48900000192
            ],
            [
              207287.37669999897,
              275568.57110000215
            ],
            [
              207312.86550000124,
              275538.37630000152
            ],
            [
              207338.51329999976,
              275520.78170000017
            ],
            [
              207365.21620000061,
              275494.04389999993
            ],
            [
              207389.06280000135,
              275446.07590000145
            ],
            [
              207387.4067000011,
              275429.11930000223
            ],
            [
              207424.80930000078,
              275386.40349999815
            ],
            [
              207463.07880000304,
              275354.0513000004
            ],
            [
              207471.71449999977,
              275327.63880000077
            ],
            [
              207473.27830000129,
              275289.90660000034
            ],
            [
              207483.49200000241,
              275274.28080000356
            ],
            [
              207504.81410000101,
              275266.93759999983
            ],
            [
              207517.13709999993,
              275256.73990000226
            ],
            [
              207522.95679999981,
              275243.22140000388
            ],
            [
              207537.73140000366,
              275228.16410000063
            ],
            [
              207582.04349999968,
              275207.37859999947
            ],
            [
              207591.70420000143,
              275201.99039999954
            ],
            [
              207594.11990000121,
              275192.52339999937
            ],
            [
              207602.01640000101,
              275186.49920000136
            ],
            [
              207611.53270000126,
              275133.9160999991
            ],
            [
              207628.99610000011,
              275088.45240000449
            ],
            [
              207676.87400000263,
              275003.434799999
            ],
            [
              207691.27790000103,
              274990.8150000032
            ],
            [
              207733.77099999972,
              274977.15290000103
            ],
            [
              207747.37700000126,
              274977.92930000089
            ],
            [
              207761.4857000038,
              274953.66260000132
            ],
            [
              207763.19460000377,
              274939.59670000151
            ],
            [
              207781.28080000076,
              274922.88289999962
            ],
            [
              207850.18080000021,
              274893.58209999837
            ],
            [
              207886.4523,
              274883.40310000256
            ],
            [
              207911.54289999977,
              274883.64020000398
            ],
            [
              207993.10080000293,
              274918.29889999889
            ],
            [
              208031.5998000009,
              274921.24970000237
            ],
            [
              208048.42709999997,
              274918.39580000006
            ],
            [
              208057.17560000159,
              274906.52840000205
            ],
            [
              208069.47699999996,
              274898.86779999919
            ],
            [
              208082.13160000369,
              274899.38810000196
            ],
            [
              208135.74200000055,
              274896.75019999966
            ],
            [
              208148.80650000088,
              274887.85909999907
            ],
            [
              208156.46559999883,
              274889.25329999812
            ],
            [
              208172.48340000305,
              274873.53420000151
            ],
            [
              208185.20680000167,
              274870.76770000346
            ],
            [
              208223.16380000301,
              274872.28840000182
            ],
            [
              208227.84869999997,
              274878.30010000244
            ],
            [
              208225.67800000031,
              274889.36180000193
            ],
            [
              208238.68859999906,
              274901.52270000242
            ],
            [
              208250.85620000307,
              274883.62959902547
            ]
          ]
        ]
      }
    }
  ]
}