{
  "displayFieldName" : "",
  "fieldAliases" : {
    "FID" : "FID",
    "PMNTN_SPOT" : "PMNTN_SPOT",
    "MNTN_CODE" : "MNTN_CODE",
    "MANAGE_SP1" : "MANAGE_SP1",
    "MANAGE_SP2" : "MANAGE_SP2",
    "DETAIL_SPO" : "DETAIL_SPO",
    "ETC_MATTER" : "ETC_MATTER",
    "MNTN_NM" : "MNTN_NM",
    "PAST_SPOT_" : "PAST_SPOT_",
    "MNTN_ID" : "MNTN_ID"
  },
  "geometryType" : "esriGeometryPoint",
  "spatialReference" : {
    "wkt" : "PROJCS[\"PCS_ITRF2000_TM\",GEOGCS[\"GCS_ITRF_2000\",DATUM[\"D_ITRF_2000\",SPHEROID[\"GRS_1980\",6378137.0,298.257222101]],PRIMEM[\"Greenwich\",0.0],UNIT[\"Degree\",0.0174532925199433]],PROJECTION[\"Transverse_Mercator\"],PARAMETER[\"False_Easting\",200000.0],PARAMETER[\"False_Northing\",600000.0],PARAMETER[\"Central_Meridian\",127.0],PARAMETER[\"Scale_Factor\",1.0],PARAMETER[\"Latitude_Of_Origin\",38.0],UNIT[\"Meter\",1.0]]"
  },
  "fields" : [
    {
      "name" : "FID",
      "type" : "esriFieldTypeOID",
      "alias" : "FID"
    },
    {
      "name" : "PMNTN_SPOT",
      "type" : "esriFieldTypeDouble",
      "alias" : "PMNTN_SPOT"
    },
    {
      "name" : "MNTN_CODE",
      "type" : "esriFieldTypeString",
      "alias" : "MNTN_CODE",
      "length" : 9
    },
    {
      "name" : "MANAGE_SP1",
      "type" : "esriFieldTypeString",
      "alias" : "MANAGE_SP1",
      "length" : 2
    },
    {
      "name" : "MANAGE_SP2",
      "type" : "esriFieldTypeString",
      "alias" : "MANAGE_SP2",
      "length" : 50
    },
    {
      "name" : "DETAIL_SPO",
      "type" : "esriFieldTypeString",
      "alias" : "DETAIL_SPO",
      "length" : 200
    },
    {
      "name" : "ETC_MATTER",
      "type" : "esriFieldTypeString",
      "alias" : "ETC_MATTER",
      "length" : 200
    },
    {
      "name" : "MNTN_NM",
      "type" : "esriFieldTypeString",
      "alias" : "MNTN_NM",
      "length" : 50
    },
    {
      "name" : "PAST_SPOT_",
      "type" : "esriFieldTypeString",
      "alias" : "PAST_SPOT_",
      "length" : 14
    },
    {
      "name" : "MNTN_ID",
      "type" : "esriFieldTypeString",
      "alias" : "MNTN_ID",
      "length" : 10
    }
  ],
  "features" : [
    {
      "attributes" : {
        "FID" : 0,
        "PMNTN_SPOT" : 49403,
        "MNTN_CODE" : "478203901",
        "MANAGE_SP1" : "01",
        "MANAGE_SP2" : "시종점",
        "DETAIL_SPO" : "시종점",
        "ETC_MATTER" : " ",
        "MNTN_NM" : "상운산",
        "PAST_SPOT_" : "4782017010001",
        "MNTN_ID" : "478201701"
      },
      "geometry" : {
        "x" : 381840.93950003758,
        "y" : 338494.82570000738
      }
    },
    {
      "attributes" : {
        "FID" : 1,
        "PMNTN_SPOT" : 49404,
        "MNTN_CODE" : "478203901",
        "MANAGE_SP1" : "01",
        "MANAGE_SP2" : "시종점",
        "DETAIL_SPO" : "시종점",
        "ETC_MATTER" : " ",
        "MNTN_NM" : "상운산",
        "PAST_SPOT_" : "4782017010002",
        "MNTN_ID" : "478201701"
      },
      "geometry" : {
        "x" : 382043.96090004034,
        "y" : 339430.09589999914
      }
    },
    {
      "attributes" : {
        "FID" : 2,
        "PMNTN_SPOT" : 49405,
        "MNTN_CODE" : "478203901",
        "MANAGE_SP1" : "01",
        "MANAGE_SP2" : "시종점",
        "DETAIL_SPO" : "시종점",
        "ETC_MATTER" : " ",
        "MNTN_NM" : "상운산",
        "PAST_SPOT_" : "4782017010003",
        "MNTN_ID" : "478201701"
      },
      "geometry" : {
        "x" : 382135.01020003855,
        "y" : 338778.52910000458
      }
    },
    {
      "attributes" : {
        "FID" : 3,
        "PMNTN_SPOT" : 49406,
        "MNTN_CODE" : "478203901",
        "MANAGE_SP1" : "01",
        "MANAGE_SP2" : "시종점",
        "DETAIL_SPO" : "시종점",
        "ETC_MATTER" : " ",
        "MNTN_NM" : "상운산",
        "PAST_SPOT_" : "4782017010004",
        "MNTN_ID" : "478201701"
      },
      "geometry" : {
        "x" : 382215.39910004102,
        "y" : 338757.26669999957
      }
    },
    {
      "attributes" : {
        "FID" : 4,
        "PMNTN_SPOT" : 49407,
        "MNTN_CODE" : "478203901",
        "MANAGE_SP1" : "01",
        "MANAGE_SP2" : "시종점",
        "DETAIL_SPO" : "시종점",
        "ETC_MATTER" : " ",
        "MNTN_NM" : "상운산",
        "PAST_SPOT_" : "4782017010005",
        "MNTN_ID" : "478201701"
      },
      "geometry" : {
        "x" : 382399.59690004122,
        "y" : 338766.69520000555
      }
    },
    {
      "attributes" : {
        "FID" : 5,
        "PMNTN_SPOT" : 49408,
        "MNTN_CODE" : "478203901",
        "MANAGE_SP1" : "02",
        "MANAGE_SP2" : "분기점",
        "DETAIL_SPO" : "분기점",
        "ETC_MATTER" : " ",
        "MNTN_NM" : "상운산",
        "PAST_SPOT_" : "4782017010006",
        "MNTN_ID" : "478201701"
      },
      "geometry" : {
        "x" : 382914.21275531221,
        "y" : 339251.07020078599
      }
    },
    {
      "attributes" : {
        "FID" : 6,
        "PMNTN_SPOT" : 49409,
        "MNTN_CODE" : "478203901",
        "MANAGE_SP1" : "02",
        "MANAGE_SP2" : "분기점",
        "DETAIL_SPO" : "분기점",
        "ETC_MATTER" : " ",
        "MNTN_NM" : "상운산",
        "PAST_SPOT_" : "4782017010007",
        "MNTN_ID" : "478201701"
      },
      "geometry" : {
        "x" : 382933.72320003994,
        "y" : 340645.1601000037
      }
    },
    {
      "attributes" : {
        "FID" : 7,
        "PMNTN_SPOT" : 49410,
        "MNTN_CODE" : "478203901",
        "MANAGE_SP1" : "02",
        "MANAGE_SP2" : "분기점",
        "DETAIL_SPO" : "분기점",
        "ETC_MATTER" : " ",
        "MNTN_NM" : "상운산",
        "PAST_SPOT_" : "3171023010008",
        "MNTN_ID" : "317102301"
      },
      "geometry" : {
        "x" : 383258.37597074546,
        "y" : 339388.64495624602
      }
    },
    {
      "attributes" : {
        "FID" : 8,
        "PMNTN_SPOT" : 49411,
        "MNTN_CODE" : "478203901",
        "MANAGE_SP1" : "01",
        "MANAGE_SP2" : "시종점",
        "DETAIL_SPO" : "시종점",
        "ETC_MATTER" : " ",
        "MNTN_NM" : "상운산",
        "PAST_SPOT_" : "4782017010009",
        "MNTN_ID" : "478201701"
      },
      "geometry" : {
        "x" : 383333.62390004005,
        "y" : 341324.3290000055
      }
    },
    {
      "attributes" : {
        "FID" : 9,
        "PMNTN_SPOT" : 49412,
        "MNTN_CODE" : "478203901",
        "MANAGE_SP1" : "02",
        "MANAGE_SP2" : "분기점",
        "DETAIL_SPO" : "분기점",
        "ETC_MATTER" : " ",
        "MNTN_NM" : "상운산",
        "PAST_SPOT_" : "4782017010010",
        "MNTN_ID" : "478201701"
      },
      "geometry" : {
        "x" : 383618.94960004371,
        "y" : 339619.92190000415
      }
    },
    {
      "attributes" : {
        "FID" : 10,
        "PMNTN_SPOT" : 49413,
        "MNTN_CODE" : "478203901",
        "MANAGE_SP1" : "02",
        "MANAGE_SP2" : "분기점",
        "DETAIL_SPO" : "분기점",
        "ETC_MATTER" : " ",
        "MNTN_NM" : "상운산",
        "PAST_SPOT_" : "4782017010011",
        "MNTN_ID" : "478201701"
      },
      "geometry" : {
        "x" : 383627.21400004253,
        "y" : 339580.15790000558
      }
    },
    {
      "attributes" : {
        "FID" : 11,
        "PMNTN_SPOT" : 49414,
        "MNTN_CODE" : "478203901",
        "MANAGE_SP1" : "02",
        "MANAGE_SP2" : "분기점",
        "DETAIL_SPO" : "분기점",
        "ETC_MATTER" : " ",
        "MNTN_NM" : "상운산",
        "PAST_SPOT_" : "4782017010012",
        "MNTN_ID" : "478201701"
      },
      "geometry" : {
        "x" : 383797.87628320046,
        "y" : 339415.91138566844
      }
    },
    {
      "attributes" : {
        "FID" : 12,
        "PMNTN_SPOT" : 49415,
        "MNTN_CODE" : "478203901",
        "MANAGE_SP1" : "02",
        "MANAGE_SP2" : "분기점",
        "DETAIL_SPO" : "분기점",
        "ETC_MATTER" : " ",
        "MNTN_NM" : "상운산",
        "PAST_SPOT_" : "4782017010013",
        "MNTN_ID" : "478201701"
      },
      "geometry" : {
        "x" : 384022.25859810598,
        "y" : 339336.87553670444
      }
    },
    {
      "attributes" : {
        "FID" : 13,
        "PMNTN_SPOT" : 49416,
        "MNTN_CODE" : "478203901",
        "MANAGE_SP1" : "02",
        "MANAGE_SP2" : "분기점",
        "DETAIL_SPO" : "분기점",
        "ETC_MATTER" : " ",
        "MNTN_NM" : "상운산",
        "PAST_SPOT_" : "3171023010014",
        "MNTN_ID" : "317102301"
      },
      "geometry" : {
        "x" : 384125.78920004424,
        "y" : 338201.67599999905
      }
    },
    {
      "attributes" : {
        "FID" : 14,
        "PMNTN_SPOT" : 49417,
        "MNTN_CODE" : "478203901",
        "MANAGE_SP1" : "02",
        "MANAGE_SP2" : "분기점",
        "DETAIL_SPO" : "분기점",
        "ETC_MATTER" : " ",
        "MNTN_NM" : "상운산",
        "PAST_SPOT_" : "3171023010015",
        "MNTN_ID" : "317102301"
      },
      "geometry" : {
        "x" : 384227.81930004247,
        "y" : 337915.2639000006
      }
    },
    {
      "attributes" : {
        "FID" : 15,
        "PMNTN_SPOT" : 49418,
        "MNTN_CODE" : "478203901",
        "MANAGE_SP1" : "02",
        "MANAGE_SP2" : "분기점",
        "DETAIL_SPO" : "분기점",
        "ETC_MATTER" : " ",
        "MNTN_NM" : "상운산",
        "PAST_SPOT_" : "3171023010016",
        "MNTN_ID" : "317102301"
      },
      "geometry" : {
        "x" : 384275.40170004219,
        "y" : 337841.59490000643
      }
    },
    {
      "attributes" : {
        "FID" : 16,
        "PMNTN_SPOT" : 49419,
        "MNTN_CODE" : "478203901",
        "MANAGE_SP1" : "01",
        "MANAGE_SP2" : "시종점",
        "DETAIL_SPO" : "시종점",
        "ETC_MATTER" : " ",
        "MNTN_NM" : "상운산",
        "PAST_SPOT_" : "4782017010017",
        "MNTN_ID" : "478201701"
      },
      "geometry" : {
        "x" : 384303.88720004167,
        "y" : 339893.02830000781
      }
    },
    {
      "attributes" : {
        "FID" : 17,
        "PMNTN_SPOT" : 49420,
        "MNTN_CODE" : "478203901",
        "MANAGE_SP1" : "02",
        "MANAGE_SP2" : "분기점",
        "DETAIL_SPO" : "분기점",
        "ETC_MATTER" : " ",
        "MNTN_NM" : "상운산",
        "PAST_SPOT_" : "3171023010018",
        "MNTN_ID" : "317102301"
      },
      "geometry" : {
        "x" : 384306.53300004266,
        "y" : 338150.08210000582
      }
    },
    {
      "attributes" : {
        "FID" : 18,
        "PMNTN_SPOT" : 49421,
        "MNTN_CODE" : "478203901",
        "MANAGE_SP1" : "02",
        "MANAGE_SP2" : "분기점",
        "DETAIL_SPO" : "분기점",
        "ETC_MATTER" : " ",
        "MNTN_NM" : "상운산",
        "PAST_SPOT_" : "3171023010019",
        "MNTN_ID" : "317102301"
      },
      "geometry" : {
        "x" : 384307.85590004269,
        "y" : 339145.57890000753
      }
    },
    {
      "attributes" : {
        "FID" : 19,
        "PMNTN_SPOT" : 49422,
        "MNTN_CODE" : "478203901",
        "MANAGE_SP1" : "02",
        "MANAGE_SP2" : "분기점",
        "DETAIL_SPO" : "분기점",
        "ETC_MATTER" : " ",
        "MNTN_NM" : "상운산",
        "PAST_SPOT_" : "3171023010020",
        "MNTN_ID" : "317102301"
      },
      "geometry" : {
        "x" : 384335.63720004354,
        "y" : 338130.23830000311
      }
    },
    {
      "attributes" : {
        "FID" : 20,
        "PMNTN_SPOT" : 49423,
        "MNTN_CODE" : "478203901",
        "MANAGE_SP1" : "01",
        "MANAGE_SP2" : "시종점",
        "DETAIL_SPO" : "시종점",
        "ETC_MATTER" : " ",
        "MNTN_NM" : "상운산",
        "PAST_SPOT_" : "4782017010021",
        "MNTN_ID" : "478201701"
      },
      "geometry" : {
        "x" : 384370.69460004289,
        "y" : 339926.10130000301
      }
    },
    {
      "attributes" : {
        "FID" : 21,
        "PMNTN_SPOT" : 49424,
        "MNTN_CODE" : "478203901",
        "MANAGE_SP1" : "02",
        "MANAGE_SP2" : "분기점",
        "DETAIL_SPO" : "분기점",
        "ETC_MATTER" : " ",
        "MNTN_NM" : "상운산",
        "PAST_SPOT_" : "3171023010022",
        "MNTN_ID" : "317102301"
      },
      "geometry" : {
        "x" : 384459.33020004258,
        "y" : 337733.3625000082
      }
    },
    {
      "attributes" : {
        "FID" : 22,
        "PMNTN_SPOT" : 49425,
        "MNTN_CODE" : "478203901",
        "MANAGE_SP1" : "02",
        "MANAGE_SP2" : "분기점",
        "DETAIL_SPO" : "분기점",
        "ETC_MATTER" : " ",
        "MNTN_NM" : "상운산",
        "PAST_SPOT_" : "3171023010023",
        "MNTN_ID" : "317102301"
      },
      "geometry" : {
        "x" : 384514.89280004241,
        "y" : 339168.06850000471
      }
    },
    {
      "attributes" : {
        "FID" : 23,
        "PMNTN_SPOT" : 49426,
        "MNTN_CODE" : "478203901",
        "MANAGE_SP1" : "02",
        "MANAGE_SP2" : "분기점",
        "DETAIL_SPO" : "분기점",
        "ETC_MATTER" : " ",
        "MNTN_NM" : "상운산",
        "PAST_SPOT_" : "4782017010024",
        "MNTN_ID" : "478201701"
      },
      "geometry" : {
        "x" : 384523.4918000428,
        "y" : 339868.55430000462
      }
    },
    {
      "attributes" : {
        "FID" : 24,
        "PMNTN_SPOT" : 49427,
        "MNTN_CODE" : "478203901",
        "MANAGE_SP1" : "02",
        "MANAGE_SP2" : "분기점",
        "DETAIL_SPO" : "분기점",
        "ETC_MATTER" : " ",
        "MNTN_NM" : "상운산",
        "PAST_SPOT_" : "4782017010025",
        "MNTN_ID" : "478201701"
      },
      "geometry" : {
        "x" : 384623.14414140489,
        "y" : 339475.41243088618
      }
    },
    {
      "attributes" : {
        "FID" : 25,
        "PMNTN_SPOT" : 49428,
        "MNTN_CODE" : "478203901",
        "MANAGE_SP1" : "01",
        "MANAGE_SP2" : "시종점",
        "DETAIL_SPO" : "시종점",
        "ETC_MATTER" : " ",
        "MNTN_NM" : "상운산",
        "PAST_SPOT_" : "4782017010026",
        "MNTN_ID" : "478201701"
      },
      "geometry" : {
        "x" : 384623.37220004201,
        "y" : 339691.94460000284
      }
    },
    {
      "attributes" : {
        "FID" : 26,
        "PMNTN_SPOT" : 49429,
        "MNTN_CODE" : "478203901",
        "MANAGE_SP1" : "01",
        "MANAGE_SP2" : "시종점",
        "DETAIL_SPO" : "시종점",
        "ETC_MATTER" : " ",
        "MNTN_NM" : "상운산",
        "PAST_SPOT_" : "3171023010027",
        "MNTN_ID" : "317102301"
      },
      "geometry" : {
        "x" : 384776.83080004249,
        "y" : 337581.22680000402
      }
    },
    {
      "attributes" : {
        "FID" : 27,
        "PMNTN_SPOT" : 49430,
        "MNTN_CODE" : "478203901",
        "MANAGE_SP1" : "01",
        "MANAGE_SP2" : "시종점",
        "DETAIL_SPO" : "시종점",
        "ETC_MATTER" : " ",
        "MNTN_NM" : "상운산",
        "PAST_SPOT_" : "3171023010028",
        "MNTN_ID" : "317102301"
      },
      "geometry" : {
        "x" : 385698.71780004166,
        "y" : 338003.45540000685
      }
    },
    {
      "attributes" : {
        "FID" : 28,
        "PMNTN_SPOT" : 49431,
        "MNTN_CODE" : "478203901",
        "MANAGE_SP1" : "01",
        "MANAGE_SP2" : "시종점",
        "DETAIL_SPO" : "시종점",
        "ETC_MATTER" : " ",
        "MNTN_NM" : "상운산",
        "PAST_SPOT_" : "3171023010029",
        "MNTN_ID" : "317102301"
      },
      "geometry" : {
        "x" : 385950.62700004503,
        "y" : 338193.14870000631
      }
    },
    {
      "attributes" : {
        "FID" : 29,
        "PMNTN_SPOT" : 49432,
        "MNTN_CODE" : "478203901",
        "MANAGE_SP1" : "01",
        "MANAGE_SP2" : "시종점",
        "DETAIL_SPO" : "시종점",
        "ETC_MATTER" : " ",
        "MNTN_NM" : "상운산",
        "PAST_SPOT_" : "3171023010030",
        "MNTN_ID" : "317102301"
      },
      "geometry" : {
        "x" : 385961.21040004585,
        "y" : 337955.02320000529
      }
    },
    {
      "attributes" : {
        "FID" : 30,
        "PMNTN_SPOT" : 49433,
        "MNTN_CODE" : "478203901",
        "MANAGE_SP1" : "02",
        "MANAGE_SP2" : "분기점",
        "DETAIL_SPO" : "분기점",
        "ETC_MATTER" : " ",
        "MNTN_NM" : "상운산",
        "PAST_SPOT_" : "3171023010031",
        "MNTN_ID" : "317102301"
      },
      "geometry" : {
        "x" : 386122.18170004617,
        "y" : 338097.39650000818
      }
    },
    {
      "attributes" : {
        "FID" : 31,
        "PMNTN_SPOT" : 49434,
        "MNTN_CODE" : "478203901",
        "MANAGE_SP1" : "01",
        "MANAGE_SP2" : "시종점",
        "DETAIL_SPO" : "시종점",
        "ETC_MATTER" : " ",
        "MNTN_NM" : "상운산",
        "PAST_SPOT_" : "3171023010032",
        "MNTN_ID" : "317102301"
      },
      "geometry" : {
        "x" : 386237.70050004497,
        "y" : 337995.37220000662
      }
    },
    {
      "attributes" : {
        "FID" : 32,
        "PMNTN_SPOT" : 49435,
        "MNTN_CODE" : "478203901",
        "MANAGE_SP1" : "01",
        "MANAGE_SP2" : "시종점",
        "DETAIL_SPO" : "시종점",
        "ETC_MATTER" : " ",
        "MNTN_NM" : "상운산",
        "PAST_SPOT_" : "4782017010033",
        "MNTN_ID" : "478201701"
      },
      "geometry" : {
        "x" : 381174.13650007546,
        "y" : 338975.65909999982
      }
    },
    {
      "attributes" : {
        "FID" : 33,
        "PMNTN_SPOT" : 49436,
        "MNTN_CODE" : "478203901",
        "MANAGE_SP1" : "99",
        "MANAGE_SP2" : "기타",
        "DETAIL_SPO" : "귀바위원경",
        "ETC_MATTER" : " ",
        "MNTN_NM" : "상운산",
        "PAST_SPOT_" : "27200521000034",
        "MNTN_ID" : "2720052100"
      },
      "geometry" : {
        "x" : 383364.9684000425,
        "y" : 339548.16160000488
      }
    },
    {
      "attributes" : {
        "FID" : 34,
        "PMNTN_SPOT" : 49437,
        "MNTN_CODE" : "478203901",
        "MANAGE_SP1" : "99",
        "MANAGE_SP2" : "기타",
        "DETAIL_SPO" : "귀바위",
        "ETC_MATTER" : " ",
        "MNTN_NM" : "상운산",
        "PAST_SPOT_" : "27200521000035",
        "MNTN_ID" : "2720052100"
      },
      "geometry" : {
        "x" : 383359.5357000418,
        "y" : 339525.86790000089
      }
    },
    {
      "attributes" : {
        "FID" : 35,
        "PMNTN_SPOT" : 49438,
        "MNTN_CODE" : "478203901",
        "MANAGE_SP1" : "99",
        "MANAGE_SP2" : "기타",
        "DETAIL_SPO" : "가지산원경",
        "ETC_MATTER" : " ",
        "MNTN_NM" : "상운산",
        "PAST_SPOT_" : "27200521000036",
        "MNTN_ID" : "2720052100"
      },
      "geometry" : {
        "x" : 381917.06140003912,
        "y" : 340531.39520000666
      }
    },
    {
      "attributes" : {
        "FID" : 36,
        "PMNTN_SPOT" : 49439,
        "MNTN_CODE" : "478203901",
        "MANAGE_SP1" : "99",
        "MANAGE_SP2" : "기타",
        "DETAIL_SPO" : "운문산원경",
        "ETC_MATTER" : " ",
        "MNTN_NM" : "상운산",
        "PAST_SPOT_" : "27200521000037",
        "MNTN_ID" : "2720052100"
      },
      "geometry" : {
        "x" : 381784.17600004096,
        "y" : 340511.28440000303
      }
    },
    {
      "attributes" : {
        "FID" : 37,
        "PMNTN_SPOT" : 49440,
        "MNTN_CODE" : "478203901",
        "MANAGE_SP1" : "99",
        "MANAGE_SP2" : "기타",
        "DETAIL_SPO" : "배너미재",
        "ETC_MATTER" : " ",
        "MNTN_NM" : "상운산",
        "PAST_SPOT_" : "27200521000038",
        "MNTN_ID" : "2720052100"
      },
      "geometry" : {
        "x" : 380581.1413000375,
        "y" : 341189.70440000296
      }
    },
    {
      "attributes" : {
        "FID" : 38,
        "PMNTN_SPOT" : 49441,
        "MNTN_CODE" : "478203901",
        "MANAGE_SP1" : "99",
        "MANAGE_SP2" : "기타",
        "DETAIL_SPO" : "나선폭포노.분",
        "ETC_MATTER" : " ",
        "MNTN_NM" : "상운산",
        "PAST_SPOT_" : "27200521000039",
        "MNTN_ID" : "2720052100"
      },
      "geometry" : {
        "x" : 380866.06740003545,
        "y" : 341881.12040000036
      }
    },
    {
      "attributes" : {
        "FID" : 39,
        "PMNTN_SPOT" : 49442,
        "MNTN_CODE" : "478203901",
        "MANAGE_SP1" : "99",
        "MANAGE_SP2" : "기타",
        "DETAIL_SPO" : "생금비리노분",
        "ETC_MATTER" : " ",
        "MNTN_NM" : "상운산",
        "PAST_SPOT_" : "27200521000040",
        "MNTN_ID" : "2720052100"
      },
      "geometry" : {
        "x" : 382813.26910004113,
        "y" : 340577.45470000617
      }
    },
    {
      "attributes" : {
        "FID" : 40,
        "PMNTN_SPOT" : 49443,
        "MNTN_CODE" : "478203901",
        "MANAGE_SP1" : "99",
        "MANAGE_SP2" : "기타",
        "DETAIL_SPO" : "부처바위",
        "ETC_MATTER" : " ",
        "MNTN_NM" : "상운산",
        "PAST_SPOT_" : "27200521000041",
        "MNTN_ID" : "2720052100"
      },
      "geometry" : {
        "x" : 382903.63680004049,
        "y" : 340661.4737000037
      }
    },
    {
      "attributes" : {
        "FID" : 41,
        "PMNTN_SPOT" : 49444,
        "MNTN_CODE" : "478203901",
        "MANAGE_SP1" : "99",
        "MANAGE_SP2" : "기타",
        "DETAIL_SPO" : "용미폭포",
        "ETC_MATTER" : " ",
        "MNTN_NM" : "상운산",
        "PAST_SPOT_" : "27200521000042",
        "MNTN_ID" : "2720052100"
      },
      "geometry" : {
        "x" : 382869.13430004008,
        "y" : 340443.99420000426
      }
    },
    {
      "attributes" : {
        "FID" : 42,
        "PMNTN_SPOT" : 49445,
        "MNTN_CODE" : "478203901",
        "MANAGE_SP1" : "99",
        "MANAGE_SP2" : "기타",
        "DETAIL_SPO" : "휴양림",
        "ETC_MATTER" : " ",
        "MNTN_NM" : "상운산",
        "PAST_SPOT_" : "27200521000043",
        "MNTN_ID" : "2720052100"
      },
      "geometry" : {
        "x" : 383206.44650004338,
        "y" : 340963.316300001
      }
    },
    {
      "attributes" : {
        "FID" : 43,
        "PMNTN_SPOT" : 49446,
        "MNTN_CODE" : "478203901",
        "MANAGE_SP1" : "22",
        "MANAGE_SP2" : "헬기장",
        "DETAIL_SPO" : "헬기장",
        "ETC_MATTER" : " ",
        "MNTN_NM" : "상운산",
        "PAST_SPOT_" : "27200521000044",
        "MNTN_ID" : "2720052100"
      },
      "geometry" : {
        "x" : 382550.66360003967,
        "y" : 339843.33460000344
      }
    },
    {
      "attributes" : {
        "FID" : 44,
        "PMNTN_SPOT" : 49447,
        "MNTN_CODE" : "478203901",
        "MANAGE_SP1" : "99",
        "MANAGE_SP2" : "기타",
        "DETAIL_SPO" : "나선폭포원경",
        "ETC_MATTER" : " ",
        "MNTN_NM" : "상운산",
        "PAST_SPOT_" : "27200521000045",
        "MNTN_ID" : "2720052100"
      },
      "geometry" : {
        "x" : 381286.2542000385,
        "y" : 341975.99400000647
      }
    },
    {
      "attributes" : {
        "FID" : 45,
        "PMNTN_SPOT" : 49448,
        "MNTN_CODE" : "478203901",
        "MANAGE_SP1" : "99",
        "MANAGE_SP2" : "기타",
        "DETAIL_SPO" : "쌍두봉원경",
        "ETC_MATTER" : " ",
        "MNTN_NM" : "상운산",
        "PAST_SPOT_" : "27200521000046",
        "MNTN_ID" : "2720052100"
      },
      "geometry" : {
        "x" : 381808.52980003878,
        "y" : 341155.89920000546
      }
    },
    {
      "attributes" : {
        "FID" : 46,
        "PMNTN_SPOT" : 49449,
        "MNTN_CODE" : "478203901",
        "MANAGE_SP1" : "99",
        "MANAGE_SP2" : "기타",
        "DETAIL_SPO" : "삼계리원경",
        "ETC_MATTER" : " ",
        "MNTN_NM" : "상운산",
        "PAST_SPOT_" : "27200521000047",
        "MNTN_ID" : "2720052100"
      },
      "geometry" : {
        "x" : 381856.0879000416,
        "y" : 341082.50899999775
      }
    },
    {
      "attributes" : {
        "FID" : 47,
        "PMNTN_SPOT" : 49450,
        "MNTN_CODE" : "478203901",
        "MANAGE_SP1" : "99",
        "MANAGE_SP2" : "기타",
        "DETAIL_SPO" : "암벽",
        "ETC_MATTER" : " ",
        "MNTN_NM" : "상운산",
        "PAST_SPOT_" : "27200521000048",
        "MNTN_ID" : "2720052100"
      },
      "geometry" : {
        "x" : 381873.23810003605,
        "y" : 341064.49609999731
      }
    },
    {
      "attributes" : {
        "FID" : 48,
        "PMNTN_SPOT" : 49451,
        "MNTN_CODE" : "478203901",
        "MANAGE_SP1" : "99",
        "MANAGE_SP2" : "기타",
        "DETAIL_SPO" : "암벽",
        "ETC_MATTER" : " ",
        "MNTN_NM" : "상운산",
        "PAST_SPOT_" : "27200521000049",
        "MNTN_ID" : "2720052100"
      },
      "geometry" : {
        "x" : 381943.03470003977,
        "y" : 340985.33239999786
      }
    },
    {
      "attributes" : {
        "FID" : 49,
        "PMNTN_SPOT" : 49452,
        "MNTN_CODE" : "478203901",
        "MANAGE_SP1" : "22",
        "MANAGE_SP2" : "헬기장",
        "DETAIL_SPO" : "페헬기장",
        "ETC_MATTER" : " ",
        "MNTN_NM" : "상운산",
        "PAST_SPOT_" : "27200521000050",
        "MNTN_ID" : "2720052100"
      },
      "geometry" : {
        "x" : 382305.2894000411,
        "y" : 340394.49360000342
      }
    },
    {
      "attributes" : {
        "FID" : 50,
        "PMNTN_SPOT" : 49453,
        "MNTN_CODE" : "478203901",
        "MANAGE_SP1" : "01",
        "MANAGE_SP2" : "시종점",
        "DETAIL_SPO" : "시종점",
        "ETC_MATTER" : " ",
        "MNTN_NM" : "상운산",
        "PAST_SPOT_" : "27200521000051",
        "MNTN_ID" : "2720052100"
      },
      "geometry" : {
        "x" : 381136.01570003759,
        "y" : 342505.94879999943
      }
    },
    {
      "attributes" : {
        "FID" : 51,
        "PMNTN_SPOT" : 49454,
        "MNTN_CODE" : "478203901",
        "MANAGE_SP1" : "01",
        "MANAGE_SP2" : "시종점",
        "DETAIL_SPO" : "시종점,천문사",
        "ETC_MATTER" : " ",
        "MNTN_NM" : "상운산",
        "PAST_SPOT_" : "27200521000052",
        "MNTN_ID" : "2720052100"
      },
      "geometry" : {
        "x" : 381180.19000003953,
        "y" : 342468.25670000724
      }
    },
    {
      "attributes" : {
        "FID" : 52,
        "PMNTN_SPOT" : 49455,
        "MNTN_CODE" : "478203901",
        "MANAGE_SP1" : "99",
        "MANAGE_SP2" : "기타",
        "DETAIL_SPO" : "쌍두봉",
        "ETC_MATTER" : " ",
        "MNTN_NM" : "상운산",
        "PAST_SPOT_" : "27200521000053",
        "MNTN_ID" : "2720052100"
      },
      "geometry" : {
        "x" : 381975.63680003863,
        "y" : 340970.62900000252
      }
    },
    {
      "attributes" : {
        "FID" : 53,
        "PMNTN_SPOT" : 49456,
        "MNTN_CODE" : "478203901",
        "MANAGE_SP1" : "02",
        "MANAGE_SP2" : "분기점",
        "DETAIL_SPO" : "운문사",
        "ETC_MATTER" : " ",
        "MNTN_NM" : "상운산",
        "PAST_SPOT_" : "27200521000054",
        "MNTN_ID" : "2720052100"
      },
      "geometry" : {
        "x" : 382062.45970003959,
        "y" : 340551.98709999956
      }
    },
    {
      "attributes" : {
        "FID" : 54,
        "PMNTN_SPOT" : 49457,
        "MNTN_CODE" : "478203901",
        "MANAGE_SP1" : "22",
        "MANAGE_SP2" : "헬기장",
        "DETAIL_SPO" : "헬기장",
        "ETC_MATTER" : " ",
        "MNTN_NM" : "상운산",
        "PAST_SPOT_" : "27200521000055",
        "MNTN_ID" : "2720052100"
      },
      "geometry" : {
        "x" : 382363.61300003901,
        "y" : 340325.54360000603
      }
    },
    {
      "attributes" : {
        "FID" : 55,
        "PMNTN_SPOT" : 49458,
        "MNTN_CODE" : "478203901",
        "MANAGE_SP1" : "99",
        "MANAGE_SP2" : "기타",
        "DETAIL_SPO" : "상운산",
        "ETC_MATTER" : " ",
        "MNTN_NM" : "상운산",
        "PAST_SPOT_" : "27200521000056",
        "MNTN_ID" : "2720052100"
      },
      "geometry" : {
        "x" : 383049.740200039,
        "y" : 339511.71830000728
      }
    },
    {
      "attributes" : {
        "FID" : 56,
        "PMNTN_SPOT" : 49459,
        "MNTN_CODE" : "478203901",
        "MANAGE_SP1" : "01",
        "MANAGE_SP2" : "시종점",
        "DETAIL_SPO" : "시종점",
        "ETC_MATTER" : " ",
        "MNTN_NM" : "상운산",
        "PAST_SPOT_" : "27200521000057",
        "MNTN_ID" : "2720052100"
      },
      "geometry" : {
        "x" : 383390.93174175918,
        "y" : 341326.77430203557
      }
    },
    {
      "attributes" : {
        "FID" : 57,
        "PMNTN_SPOT" : 49460,
        "MNTN_CODE" : "478203901",
        "MANAGE_SP1" : "01",
        "MANAGE_SP2" : "시종점",
        "DETAIL_SPO" : "시종점",
        "ETC_MATTER" : " ",
        "MNTN_NM" : "상운산",
        "PAST_SPOT_" : "27200521000058",
        "MNTN_ID" : "2720052100"
      },
      "geometry" : {
        "x" : 383437.84350003861,
        "y" : 341321.00680000335
      }
    },
    {
      "attributes" : {
        "FID" : 58,
        "PMNTN_SPOT" : 49461,
        "MNTN_CODE" : "478203901",
        "MANAGE_SP1" : "01",
        "MANAGE_SP2" : "시종점",
        "DETAIL_SPO" : "시종점",
        "ETC_MATTER" : " ",
        "MNTN_NM" : "상운산",
        "PAST_SPOT_" : "27200521000059",
        "MNTN_ID" : "2720052100"
      },
      "geometry" : {
        "x" : 384708.75570004527,
        "y" : 339599.45330000482
      }
    },
    {
      "attributes" : {
        "FID" : 59,
        "PMNTN_SPOT" : 49462,
        "MNTN_CODE" : "478203901",
        "MANAGE_SP1" : "02",
        "MANAGE_SP2" : "분기점",
        "DETAIL_SPO" : "분기점",
        "ETC_MATTER" : " ",
        "MNTN_NM" : "상운산",
        "PAST_SPOT_" : "4782017010060",
        "MNTN_ID" : "478201701"
      },
      "geometry" : {
        "x" : 383639.07923945878,
        "y" : 339498.52992549725
      }
    }
  ]
}