{
  "displayFieldName" : "",
  "fieldAliases" : {
    "FID" : "FID",
    "PMNTN_SN" : "PMNTN_SN",
    "MNTN_CODE" : "MNTN_CODE",
    "MNTN_NM" : "MNTN_NM",
    "PMNTN_NM" : "PMNTN_NM",
    "PMNTN_MAIN" : "PMNTN_MAIN",
    "PMNTN_LT" : "PMNTN_LT",
    "PMNTN_DFFL" : "PMNTN_DFFL",
    "PMNTN_UPPL" : "PMNTN_UPPL",
    "PMNTN_GODN" : "PMNTN_GODN",
    "PMNTN_MTRQ" : "PMNTN_MTRQ",
    "PMNTN_CNRL" : "PMNTN_CNRL",
    "PMNTN_CLS_" : "PMNTN_CLS_",
    "PMNTN_RISK" : "PMNTN_RISK",
    "PMNTN_RECO" : "PMNTN_RECO",
    "DATA_STDR_" : "DATA_STDR_",
    "MNTN_ID" : "MNTN_ID"
  },
  "geometryType" : "esriGeometryPolyline",
  "spatialReference" : {
    "wkt" : "PROJCS[\"PCS_ITRF2000_TM\",GEOGCS[\"GCS_ITRF_2000\",DATUM[\"D_ITRF_2000\",SPHEROID[\"GRS_1980\",6378137.0,298.257222101]],PRIMEM[\"Greenwich\",0.0],UNIT[\"Degree\",0.0174532925199433]],PROJECTION[\"Transverse_Mercator\"],PARAMETER[\"False_Easting\",200000.0],PARAMETER[\"False_Northing\",600000.0],PARAMETER[\"Central_Meridian\",127.0],PARAMETER[\"Scale_Factor\",1.0],PARAMETER[\"Latitude_Of_Origin\",38.0],UNIT[\"Meter\",1.0]]"
  },
  "fields" : [
    {
      "name" : "FID",
      "type" : "esriFieldTypeOID",
      "alias" : "FID"
    },
    {
      "name" : "PMNTN_SN",
      "type" : "esriFieldTypeDouble",
      "alias" : "PMNTN_SN"
    },
    {
      "name" : "MNTN_CODE",
      "type" : "esriFieldTypeString",
      "alias" : "MNTN_CODE",
      "length" : 9
    },
    {
      "name" : "MNTN_NM",
      "type" : "esriFieldTypeString",
      "alias" : "MNTN_NM",
      "length" : 50
    },
    {
      "name" : "PMNTN_NM",
      "type" : "esriFieldTypeString",
      "alias" : "PMNTN_NM",
      "length" : 50
    },
    {
      "name" : "PMNTN_MAIN",
      "type" : "esriFieldTypeString",
      "alias" : "PMNTN_MAIN",
      "length" : 200
    },
    {
      "name" : "PMNTN_LT",
      "type" : "esriFieldTypeSingle",
      "alias" : "PMNTN_LT"
    },
    {
      "name" : "PMNTN_DFFL",
      "type" : "esriFieldTypeString",
      "alias" : "PMNTN_DFFL",
      "length" : 8
    },
    {
      "name" : "PMNTN_UPPL",
      "type" : "esriFieldTypeDouble",
      "alias" : "PMNTN_UPPL"
    },
    {
      "name" : "PMNTN_GODN",
      "type" : "esriFieldTypeDouble",
      "alias" : "PMNTN_GODN"
    },
    {
      "name" : "PMNTN_MTRQ",
      "type" : "esriFieldTypeString",
      "alias" : "PMNTN_MTRQ",
      "length" : 200
    },
    {
      "name" : "PMNTN_CNRL",
      "type" : "esriFieldTypeString",
      "alias" : "PMNTN_CNRL",
      "length" : 1
    },
    {
      "name" : "PMNTN_CLS_",
      "type" : "esriFieldTypeString",
      "alias" : "PMNTN_CLS_",
      "length" : 1
    },
    {
      "name" : "PMNTN_RISK",
      "type" : "esriFieldTypeString",
      "alias" : "PMNTN_RISK",
      "length" : 200
    },
    {
      "name" : "PMNTN_RECO",
      "type" : "esriFieldTypeString",
      "alias" : "PMNTN_RECO",
      "length" : 1
    },
    {
      "name" : "DATA_STDR_",
      "type" : "esriFieldTypeString",
      "alias" : "DATA_STDR_",
      "length" : 10
    },
    {
      "name" : "MNTN_ID",
      "type" : "esriFieldTypeString",
      "alias" : "MNTN_ID",
      "length" : 10
    }
  ],
  "features" : [
    {
      "attributes" : {
        "FID" : 0,
        "PMNTN_SN" : 20992,
        "MNTN_CODE" : "418302001",
        "MNTN_NM" : "백병봉",
        "PMNTN_NM" : "대석리구간",
        "PMNTN_MAIN" : " ",
        "PMNTN_LT" : 7.82,
        "PMNTN_DFFL" : "쉬움",
        "PMNTN_UPPL" : 138,
        "PMNTN_GODN" : 97,
        "PMNTN_MTRQ" : " ",
        "PMNTN_CNRL" : " ",
        "PMNTN_CLS_" : " ",
        "PMNTN_RISK" : " ",
        "PMNTN_RECO" : " ",
        "DATA_STDR_" : "2016-12-31",
        "MNTN_ID" : "418302001"
      },
      "geometry" : {
        "paths" : [
          [
            [
              239323.87400000263,
              542095.49670000374
            ],
            [
              239330.47170000058,
              542070.39230000228
            ],
            [
              239322.57470000163,
              542051.15230000019
            ],
            [
              239316.79650000017,
              542034.58990000188
            ],
            [
              239304.13970000111,
              542007.85869999975
            ],
            [
              239288.33430000301,
              541971.51180000044
            ],
            [
              239282.53920000326,
              541958.14900000207
            ],
            [
              239277.31979999971,
              541936.7901000008
            ],
            [
              239272.60820000153,
              541920.23340000026
            ],
            [
              239269.99570000265,
              541910.08720000274
            ],
            [
              239264.86099999957,
              541886.45040000789
            ],
            [
              239265.89410000108,
              541879.07710000128
            ],
            [
              239275.02750000078,
              541866.32679999806
            ],
            [
              239278.81110000052,
              541856.80600000173
            ],
            [
              239275.66810000129,
              541846.12369999848
            ],
            [
              239257.50030000228,
              541852.95990000106
            ],
            [
              239247.82790000178,
              541866.77380000055
            ],
            [
              239232.80590000097,
              541883.75899999961
            ],
            [
              239217.25339999981,
              541900.20810000226
            ],
            [
              239214.57570000272,
              541902.32700000517
            ],
            [
              239213.50640000217,
              541902.85459999926
            ],
            [
              239204.40689999983,
              541909.20570000261
            ],
            [
              239187.31409999914,
              541914.44769999944
            ],
            [
              239174.51860000286,
              541913.84649999999
            ],
            [
              239177.78329999931,
              541901.59840000048
            ],
            [
              239183.69170000218,
              541893.63049999997
            ],
            [
              239192.28620000184,
              541881.944000002
            ],
            [
              239190.20980000123,
              541871.26739999838
            ],
            [
              239183.30280000251,
              541866.43120000139
            ],
            [
              239166.2610000018,
              541862.0745000001
            ],
            [
              239153.99590000045,
              541862.00930000097
            ],
            [
              239142.00169999991,
              541862.03590000048
            ],
            [
              239132.82589999866,
              541857.79179999977
            ],
            [
              239127.28770000115,
              541850.63379999995
            ],
            [
              239129.6714000022,
              541838.46240000054
            ],
            [
              239136.36569999997,
              541827.11279999837
            ],
            [
              239153.76840000134,
              541804.41390000097
            ],
            [
              239173.13020000234,
              541773.58650000021
            ],
            [
              239181.79270000197,
              541749.10160000063
            ],
            [
              239181.85500000045,
              541737.36970000155
            ],
            [
              239187.96730000246,
              541710.69170000218
            ],
            [
              239191.87280000001,
              541658.49750000238
            ],
            [
              239192.03129999992,
              541628.63460000418
            ],
            [
              239190.48149999883,
              541518.77070000023
            ],
            [
              239202.50210000016,
              541464.43999999948
            ],
            [
              239207.91970000044,
              541448.47039999999
            ],
            [
              239227.35500000138,
              541403.77800000273
            ],
            [
              239244.01820000168,
              541394.33720000088
            ],
            [
              239268.58330000006,
              541374.74780000001
            ],
            [
              239294.88570000231,
              541351.503800001
            ],
            [
              239306.70290000271,
              541324.20730000176
            ],
            [
              239324.38650000002,
              541313.56709999964
            ],
            [
              239350.06040000264,
              541307.27419999987
            ],
            [
              239369.65540000051,
              541290.7982000038
            ],
            [
              239378.41640000045,
              541278.79560000449
            ],
            [
              239397.48700000159,
              541263.42010000162
            ],
            [
              239403.14360000286,
              541239.39440000057
            ],
            [
              239405.39560000133,
              541217.00860000029
            ],
            [
              239417.30860000011,
              541182.94190000184
            ],
            [
              239429.2499000039,
              541143.54260000214
            ],
            [
              239435.75100000203,
              541124.37900000066
            ],
            [
              239441.14600000065,
              541112.67550000362
            ],
            [
              239457.94120000117,
              541073.44750000164
            ],
            [
              239469.63500000257,
              541056.1996000018
            ],
            [
              239474.11880000122,
              541044.59070000052
            ],
            [
              239476.28490000032,
              541025.15599999763
            ],
            [
              239477.67730000336,
              541005.496199999
            ],
            [
              239492.21059999987,
              540995.96189999953
            ],
            [
              239511.55530000012,
              540969.96749999933
            ],
            [
              239531.33920000121,
              540940.37150000222
            ],
            [
              239539.29490000196,
              540930.98230000213
            ],
            [
              239547.55670000147,
              540926.76070000231
            ],
            [
              239554.6650000019,
              540917.70419999771
            ],
            [
              239561.61430000234,
              540901.01799999923
            ],
            [
              239561.78070000093,
              540890.40480000339
            ],
            [
              239583.20749999862,
              540872.38699999824
            ],
            [
              239601.40650000144,
              540859.68489999883
            ],
            [
              239600.91000000015,
              540852.74960000254
            ],
            [
              239581.22450000141,
              540844.11260000244
            ],
            [
              239559.38900000043,
              540838.66390000097
            ],
            [
              239550.34330000076,
              540834.88290000148
            ],
            [
              239535.95590000227,
              540830.57520000078
            ],
            [
              239522.78500000294,
              540824.09109999985
            ],
            [
              239516.37540000211,
              540818.62800000049
            ],
            [
              239513.82550000027,
              540812.25599999912
            ],
            [
              239514.76449999958,
              540806.43019999936
            ],
            [
              239515.91310000326,
              540790.97120000236
            ],
            [
              239524.01690000016,
              540771.28280000016
            ],
            [
              239526.75679999869,
              540757.43210000172
            ],
            [
              239529.47120000143,
              540748.38070000336
            ],
            [
              239532.256500002,
              540725.99780000001
            ],
            [
              239531.80250000115,
              540711.06350000016
            ],
            [
              239526.03560000006,
              540692.36810000055
            ],
            [
              239519.18530000374,
              540676.86660000123
            ],
            [
              239513.92619999964,
              540662.97340000235
            ],
            [
              239500.75590000302,
              540632.50650000013
            ],
            [
              239491.83479999937,
              540605.261900004
            ],
            [
              239488.62970000226,
              540586.58000000194
            ],
            [
              239495.68220000248,
              540572.75220000371
            ],
            [
              239502.71769999992,
              540562.13560000248
            ],
            [
              239502.4963000007,
              540549.81599999964
            ],
            [
              239494.336500003,
              540540.20329999924
            ],
            [
              239486.74120000005,
              540530.10240000114
            ],
            [
              239484.75850000139,
              540520.90789999999
            ],
            [
              239490.17090000119,
              540508.10310000181
            ],
            [
              239497.71329999994,
              540498.0689000003
            ],
            [
              239512.23170000408,
              540486.44860000163
            ],
            [
              239518.13860000018,
              540485.80670000054
            ],
            [
              239525.08079999965,
              540479.14389999956
            ],
            [
              239530.4439000031,
              540464.68079999834
            ],
            [
              239527.8851000024,
              540444.40259999968
            ],
            [
              239523.14240000118,
              540433.71180000156
            ],
            [
              239517.34440000076,
              540420.88230000064
            ],
            [
              239504.6734000016,
              540396.81739999726
            ],
            [
              239491.51730000321,
              540363.68420000002
            ],
            [
              239483.06430000253,
              540348.70749999955
            ],
            [
              239485.33890000079,
              540322.05560000055
            ],
            [
              239490.57980000135,
              540308.22770000435
            ],
            [
              239494.06480000075,
              540294.37130000256
            ],
            [
              239498.05530000106,
              540282.7658000011
            ],
            [
              239503.33960000053,
              540274.67760000192
            ],
            [
              239502.60900000203,
              540262.21299999766
            ],
            [
              239499.5802000016,
              540251.20490000024
            ],
            [
              239488.39940000232,
              540234.67200000398
            ],
            [
              239474.57840000093,
              540215.37729999982
            ],
            [
              239463.99530000053,
              540199.82110000029
            ],
            [
              239461.30950000044,
              540201.53250000253
            ],
            [
              239463.81929999962,
              540188.6352000013
            ],
            [
              239469.7012000028,
              540186.46130000241
            ],
            [
              239477.55950000137,
              540180.16180000082
            ],
            [
              239485.57550000213,
              540177.00460000336
            ],
            [
              239493.62540000211,
              540167.44830000028
            ],
            [
              239497.40640000068,
              540158.40260000154
            ],
            [
              239500.13210000098,
              540147.2182
            ],
            [
              239509.84410000127,
              540125.93860000186
            ],
            [
              239513.13150000107,
              540109.42430000007
            ],
            [
              239524.57560000289,
              540080.73440000042
            ],
            [
              239528.47390000056,
              540060.52530000173
            ],
            [
              239524.26970000099,
              540044.4581000004
            ],
            [
              239517.88930000085,
              540029.94430000149
            ],
            [
              239509.87130000349,
              540020.34919999912
            ],
            [
              239502.04710000195,
              540002.69780000113
            ],
            [
              239500.54160000011,
              539991.49090000056
            ],
            [
              239509.16480000131,
              539976.58160000108
            ],
            [
              239517.69790000003,
              539971.1454999987
            ],
            [
              239517.46280000079,
              539960.10590000264
            ],
            [
              239507.08620000165,
              539948.79350000247
            ],
            [
              239475.91940000094,
              539886.31570000201
            ],
            [
              239453.2032000022,
              539856.78339999914
            ],
            [
              239414.04140000232,
              539831.36380000412
            ],
            [
              239386.90970000066,
              539803.05700000189
            ],
            [
              239350.65760000236,
              539774.72860000096
            ],
            [
              239330.19370000158,
              539758.90289999917
            ],
            [
              239316.29320000112,
              539742.50290000066
            ],
            [
              239296.91130000167,
              539716.52430000156
            ],
            [
              239271.59370000008,
              539702.47810000181
            ],
            [
              239241.34800000302,
              539684.96289999969
            ],
            [
              239199.8216000041,
              539658.73960000277
            ],
            [
              239148.88850000221,
              539609.4075000044
            ],
            [
              239125.52680000197,
              539590.08550000004
            ],
            [
              239089.38930000085,
              539566.42930000275
            ],
            [
              239061.77270000055,
              539544.95160000212
            ],
            [
              239029.80690000113,
              539544.53030000627
            ],
            [
              239004.67120000068,
              539546.01720000245
            ],
            [
              238976.69440000411,
              539539.87490000203
            ],
            [
              238945.81649999972,
              539538.00620000064
            ],
            [
              238915.55710000265,
              539532.55969999917
            ],
            [
              238875.79470000137,
              539508.24650000222
            ],
            [
              238853.17850000132,
              539477.39250000194
            ],
            [
              238804.87130000163,
              539437.88260000199
            ],
            [
              238784.12740000244,
              539422.63260000013
            ],
            [
              238763.88019999862,
              539404.71790000238
            ],
            [
              238706.54800000228,
              539355.35190000199
            ],
            [
              238685.37579999957,
              539325.3759000022
            ],
            [
              238666.37079999968,
              539289.01200000197
            ],
            [
              238625.48670000304,
              539176.78310000151
            ],
            [
              238625.64190000109,
              539160.85920000263
            ],
            [
              238615.72429999989,
              539144.29539999925
            ],
            [
              238609.58210000116,
              539129.52520000003
            ],
            [
              238611.17090000212,
              539114.39860000275
            ],
            [
              238600.59280000161,
              539101.92460000142
            ],
            [
              238593.60149999987,
              539096.75620000064
            ],
            [
              238591.29350000061,
              539092.11180000007
            ],
            [
              238591.09340000059,
              539086.24370000325
            ],
            [
              238587.50029999949,
              539073.28790000267
            ],
            [
              238574.31019999925,
              539063.35920000449
            ],
            [
              238568.21309999935,
              539053.25810000114
            ],
            [
              238566.84090000298,
              539043.37630000338
            ],
            [
              238562.04620000254,
              539028.76280000061
            ],
            [
              238527.13960000128,
              538996.03590000235
            ],
            [
              238493.18050000258,
              538963.85889999941
            ],
            [
              238472.06500000227,
              538923.21759999916
            ],
            [
              238440.487900001,
              538844.12470000237
            ],
            [
              238434.38300000131,
              538788.63120000064
            ],
            [
              238432.54420000222,
              538733.16040000319
            ],
            [
              238424.53679999989,
              538683.86020000279
            ],
            [
              238419.63829999976,
              538659.42959999852
            ],
            [
              238399.19620000105,
              538585.79829999991
            ],
            [
              238390.62430000398,
              538548.80790000223
            ],
            [
              238371.00230000261,
              538485.252700001
            ],
            [
              238340.35799999908,
              538426.99750000052
            ],
            [
              238295.80820000358,
              538371.93789999932
            ],
            [
              238257.15639999975,
              538315.22849999927
            ],
            [
              238253.24459999986,
              538299.78500000201
            ],
            [
              238238.25030000042,
              538279.9085000027
            ],
            [
              238221.13920000009,
              538270.55540000275
            ],
            [
              238174.80110000074,
              538262.50689999945
            ],
            [
              238107.04470000044,
              538270.32090000249
            ],
            [
              238067.03390000388,
              538273.37350000441
            ],
            [
              238030.94590000343,
              538276.0763000045
            ],
            [
              238003.54920000117,
              538282.11850000359
            ],
            [
              237993.17019999959,
              538276.5756000001
            ],
            [
              237970.04910000134,
              538267.4905000031
            ],
            [
              237949.38599999994,
              538272.27859999985
            ],
            [
              237937.69830000121,
              538282.01200000197
            ],
            [
              237913.93020000309,
              538291.13840000145
            ],
            [
              237857.2304999996,
              538315.47210000083
            ],
            [
              237825.32220000029,
              538329.98189999908
            ],
            [
              237802.61680000089,
              538353.58640000038
            ],
            [
              237785.04150000028,
              538355.85040000267
            ],
            [
              237763.15640000161,
              538356.35960000008
            ],
            [
              237701.57290000003,
              538372.64360000007
            ],
            [
              237652.8674999997,
              538385.14470000193
            ],
            [
              237615.1874000011,
              538383.8964000009
            ],
            [
              237554.38080000132,
              538382.4513000045
            ],
            [
              237475.98480000254,
              538373.80680000223
            ],
            [
              237453.31860000081,
              538354.66919999942
            ],
            [
              237376.77749999985,
              538307.33450000174
            ],
            [
              237344.22860000003,
              538281.89260000177
            ],
            [
              237328.41729999986,
              538262.95090000145
            ],
            [
              237296.17410000134,
              538221.58220000379
            ],
            [
              237287.32149999961,
              538202.94980000146
            ],
            [
              237286.69900000188,
              538182.34250000119
            ],
            [
              237280.67980000284,
              538164.30070000142
            ],
            [
              237278.39940000139,
              538123.6771000009
            ],
            [
              237289.1129999999,
              538076.95900000259
            ],
            [
              237292.48680000007,
              538058.30110000074
            ],
            [
              237290.29729999881,
              538037.91720000096
            ],
            [
              237290.65300000086,
              538012.80600000545
            ],
            [
              237298.6568,
              537985.31799999997
            ],
            [
              237306.74760000221,
              537962.76640000194
            ],
            [
              237312.56110000238,
              537945.36099999957
            ],
            [
              237314.08120000269,
              537933.78600000031
            ],
            [
              237306.25670000073,
              537929.39890000224
            ],
            [
              237293.17620000057,
              537929.40770000219
            ],
            [
              237268.98540000245,
              537939.04890000261
            ],
            [
              237244.97610000055,
              537947.46380000003
            ],
            [
              237234.69820000045,
              537946.8300999999
            ],
            [
              237224.95840000082,
              537948.3515000008
            ],
            [
              237199.28710000031,
              537988.55860000104
            ],
            [
              237175.61209999956,
              538010.76099999994
            ],
            [
              237165.15090000071,
              538028.45760000125
            ],
            [
              237134.44400000107,
              538045.99459999986
            ],
            [
              237113.78369999956,
              538048.45860000141
            ],
            [
              237089.17989999987,
              538047.26209999993
            ],
            [
              237073.10870000161,
              538049.74950000271
            ],
            [
              237051.65450000111,
              538052.31580000184
            ],
            [
              237035.67340000067,
              538056.54160000011
            ],
            [
              237015.01910000294,
              538074.64519999921
            ],
            [
              236990.98920000251,
              538096.43560000323
            ],
            [
              236977.38109999988,
              538119.32820000127
            ],
            [
              236936.04990000185,
              538151.41190000065
            ],
            [
              236906.06270000152,
              538174.7170000039
            ],
            [
              236881.98970000353,
              538195.5150000006
            ],
            [
              236850.55470000394,
              538212.80819999985
            ],
            [
              236828.94630000088,
              538219.9001000002
            ],
            [
              236805.57239999995,
              538227.55820000172
            ],
            [
              236736.92890000064,
              538291.14100000076
            ],
            [
              236689.54520000052,
              538368.18010000139
            ],
            [
              236666.16680000257,
              538428.42110000737
            ],
            [
              236658.59940000251,
              538452.1259000022
            ],
            [
              236655.0577999996,
              538478.86880000122
            ],
            [
              236638.28830000293,
              538495.94019999728
            ],
            [
              236636.3318000026,
              538525.71460000239
            ],
            [
              236639.50330000184,
              538537.55070000328
            ],
            [
              236626.49050000031,
              538555.27080000192
            ],
            [
              236619.91550000198,
              538565.90499999933
            ],
            [
              236614.80630000122,
              538579.87859999947
            ],
            [
              236596.66270000022,
              538604.05750000104
            ],
            [
              236591.43209999986,
              538612.89580000006
            ],
            [
              236572.03920000046,
              538628.79550000094
            ],
            [
              236561.70000000112,
              538658.33610000089
            ],
            [
              236547.71080000047,
              538677.32049999945
            ],
            [
              236530.86870000046,
              538696.26479999907
            ],
            [
              236527.28000000119,
              538713.02300000004
            ],
            [
              236520.94810000248,
              538721.37940000184
            ],
            [
              236502.00399999972,
              538746.38089999929
            ],
            [
              236483.60280000046,
              538757.80620000325
            ],
            [
              236467.53650000133,
              538762.03060000017
            ],
            [
              236451.72410000023,
              538764.0364000015
            ],
            [
              236441.8088999996,
              538771.63489999808
            ],
            [
              236430.88760000281,
              538782.26650000177
            ],
            [
              236404.21040000021,
              538786.95930000022
            ],
            [
              236387.13719999976,
              538786.32380000129
            ],
            [
              236371.68950000126,
              538785.24499999918
            ],
            [
              236357.63570000045,
              538781.3561000023
            ],
            [
              236341.85240000114,
              538778.06110000238
            ],
            [
              236324.8077999996,
              538774.23770000041
            ],
            [
              236297.30890000146,
              538761.01419999823
            ],
            [
              236272.24430000223,
              538760.88120000251
            ]
          ]
        ]
      }
    },
    {
      "attributes" : {
        "FID" : 1,
        "PMNTN_SN" : 20993,
        "MNTN_CODE" : "418302001",
        "MNTN_NM" : "백병봉",
        "PMNTN_NM" : "송학리구간",
        "PMNTN_MAIN" : " ",
        "PMNTN_LT" : 1.63,
        "PMNTN_DFFL" : "쉬움",
        "PMNTN_UPPL" : 29,
        "PMNTN_GODN" : 20,
        "PMNTN_MTRQ" : " ",
        "PMNTN_CNRL" : " ",
        "PMNTN_CLS_" : " ",
        "PMNTN_RISK" : " ",
        "PMNTN_RECO" : " ",
        "DATA_STDR_" : "2016-12-31",
        "MNTN_ID" : "418302001"
      },
      "geometry" : {
        "paths" : [
          [
            [
              239323.87400000263,
              542095.49670000374
            ],
            [
              239327.83449999988,
              542096.01640000381
            ],
            [
              239355.08020000067,
              542105.98609999754
            ],
            [
              239381.74349999987,
              542106.12769999914
            ],
            [
              239399.9198000012,
              542097.69170000218
            ],
            [
              239428.72180000227,
              542096.77810000256
            ],
            [
              239441.52579999901,
              542095.77950000018
            ],
            [
              239461.81820000149,
              542090.55450000055
            ],
            [
              239486.38240000047,
              542084.28550000116
            ],
            [
              239497.09869999997,
              542074.7434000019
            ],
            [
              239509.93700000271,
              542071.65839999914
            ],
            [
              239516.66909999959,
              542072.94849999994
            ],
            [
              239525.55410000309,
              542073.56130000018
            ],
            [
              239534.59619999956,
              542071.44130000286
            ],
            [
              239543.09470000304,
              542066.90709999949
            ],
            [
              239552.23190000188,
              542062.20260000229
            ],
            [
              239557.89590000082,
              542058.80120000057
            ],
            [
              239564.6558000017,
              542056.43729999848
            ],
            [
              239577.46690000221,
              542054.10560000315
            ],
            [
              239590.01560000051,
              542050.97250000015
            ],
            [
              239605.23629999999,
              542046.78710000031
            ],
            [
              239618.05590000004,
              542042.85559999943
            ],
            [
              239632.75470000133,
              542036.53419999965
            ],
            [
              239646.91170000192,
              542031.80990000069
            ],
            [
              239661.33249999862,
              542027.62019999884
            ],
            [
              239691.04339999892,
              542006.18010000512
            ],
            [
              239707.62559999898,
              541996.66910000145
            ],
            [
              239719.93600000348,
              541988.20199999958
            ],
            [
              239732.80240000412,
              541975.47160000354
            ],
            [
              239748.30099999905,
              541969.15450000018
            ],
            [
              239758.72660000157,
              541964.14370000362
            ],
            [
              239774.49190000072,
              541957.82809999958
            ],
            [
              239781.46970000304,
              541949.33260000311
            ],
            [
              239789.26549999882,
              541937.41009999998
            ],
            [
              239795.22130000126,
              541930.59250000119
            ],
            [
              239801.5568000013,
              541925.9748999998
            ],
            [
              239813.82969999965,
              541920.20890000649
            ],
            [
              239820.38340000063,
              541917.40360000171
            ],
            [
              239829.14030000102,
              541914.41249999963
            ],
            [
              239836.60550000239,
              541910.16260000318
            ],
            [
              239852.06740000192,
              541910.77800000459
            ],
            [
              239861.11590000335,
              541914.02569999918
            ],
            [
              239875.00629999954,
              541909.30000000261
            ],
            [
              239889.4328000024,
              541904.04379999824
            ],
            [
              239907.06170000136,
              541898.27129999921
            ],
            [
              239922.80150000099,
              541896.75500000082
            ],
            [
              239939.84050000086,
              541901.64499999955
            ],
            [
              239947.30060000159,
              541902.75120000169
            ],
            [
              239959.05510000233,
              541898.54730000347
            ],
            [
              239964.9040000001,
              541901.77810000069
            ],
            [
              239972.9001000002,
              541902.35380000249
            ],
            [
              239983.02649999876,
              541903.47409999929
            ],
            [
              239988.3591999989,
              541903.50250000134
            ],
            [
              239995.26900000311,
              541907.80540000089
            ],
            [
              240004.79700000118,
              541921.18800000288
            ],
            [
              240009.01350000408,
              541930.54279999807
            ],
            [
              240014.03430000041,
              541939.10190000013
            ],
            [
              240020.66889999993,
              541945.00329999812
            ],
            [
              240024.91520000063,
              541948.75879999809
            ],
            [
              240040.08779999986,
              541953.63890000246
            ],
            [
              240055.42450000159,
              541953.75510000065
            ],
            [
              240068.13030000031,
              541949.48660000041
            ],
            [
              240078.76229999959,
              541951.44440000132
            ],
            [
              240095.25109999999,
              541959.53119999729
            ],
            [
              240105.07540000044,
              541967.31590000354
            ],
            [
              240099.96410000138,
              541975.82130000181
            ],
            [
              240090.59660000168,
              541982.43750000186
            ],
            [
              240086.53900000267,
              541993.34830000065
            ],
            [
              240087.02560000028,
              542002.15000000224
            ],
            [
              240094.44880000036,
              542010.18860000186
            ],
            [
              240102.16560000088,
              542013.16259999946
            ],
            [
              240112.01540000085,
              542016.14790000208
            ],
            [
              240120.23429999966,
              542024.99070000276
            ],
            [
              240122.33339999989,
              542031.4012000002
            ],
            [
              240134.48379999958,
              542053.06360000372
            ],
            [
              240149.88769999985,
              542064.6109000016
            ],
            [
              240161.04520000052,
              542072.40270000137
            ],
            [
              240172.45940000098,
              542082.06240000203
            ],
            [
              240190.05579999927,
              542082.4224999994
            ],
            [
              240209.77670000028,
              542084.39370000362
            ],
            [
              240224.15080000274,
              542089.00290000252
            ],
            [
              240233.70430000033,
              542097.58610000089
            ],
            [
              240243.74570000079,
              542114.70439999923
            ],
            [
              240253.8169000037,
              542126.22340000048
            ],
            [
              240266.28910000063,
              542137.48850000463
            ],
            [
              240278.25789999962,
              542143.15149999969
            ],
            [
              240311.75169999991,
              542162.52750000358
            ],
            [
              240323.39290000033,
              542179.65430000238
            ],
            [
              240332.36780000106,
              542196.76689999923
            ],
            [
              240340.2705000015,
              542214.94040000252
            ],
            [
              240351.38129999954,
              542231.53109999746
            ],
            [
              240365.72290000133,
              542242.27290000021
            ],
            [
              240385.93030000292,
              542253.04580000229
            ],
            [
              240405.09110000171,
              542260.08019999973
            ],
            [
              240427.45430000406,
              542266.59830000252
            ],
            [
              240443.96850000136,
              542269.88570000045
            ],
            [
              240451.94769999944,
              542273.66100000218
            ],
            [
              240468.47329999972,
              542274.81530000269
            ],
            [
              240480.70720000286,
              542280.74640000053
            ],
            [
              240501.42810000107,
              542295.25500000082
            ],
            [
              240522.14740000013,
              542318.81780000031
            ],
            [
              240528.9654000029,
              542331.66430000216
            ],
            [
              240535.85840000398,
              542341.31159999967
            ],
            [
              240547.12710000202,
              542341.06829999946
            ],
            [
              240565.93619999941,
              542338.20189999975
            ],
            [
              240582.06879999954,
              542339.37739999965
            ],
            [
              240605.1771999998,
              542342.76950000226
            ],
            [
              240629.10190000013,
              542345.56290000305
            ],
            [
              240652.59810000006,
              542348.31919999979
            ]
          ]
        ]
      }
    },
    {
      "attributes" : {
        "FID" : 2,
        "PMNTN_SN" : 20994,
        "MNTN_CODE" : "418302001",
        "MNTN_NM" : "백병봉",
        "PMNTN_NM" : "성덕리구간",
        "PMNTN_MAIN" : " ",
        "PMNTN_LT" : 4.61,
        "PMNTN_DFFL" : "쉬움",
        "PMNTN_UPPL" : 81,
        "PMNTN_GODN" : 57,
        "PMNTN_MTRQ" : " ",
        "PMNTN_CNRL" : " ",
        "PMNTN_CLS_" : " ",
        "PMNTN_RISK" : " ",
        "PMNTN_RECO" : " ",
        "DATA_STDR_" : "2016-12-31",
        "MNTN_ID" : "418302001"
      },
      "geometry" : {
        "paths" : [
          [
            [
              238996.8263000017,
              545090.71740000136
            ],
            [
              239016.42430000007,
              545098.32230000198
            ],
            [
              239036.63629999943,
              545103.84390000254
            ],
            [
              239061.28000000119,
              545111.05849999934
            ],
            [
              239079.26209999993,
              545115.10779999942
            ],
            [
              239095.2601000024,
              545117.38399999961
            ],
            [
              239119.88100000191,
              545120.1230999995
            ],
            [
              239132.71160000097,
              545114.11600000039
            ],
            [
              239133.26080000028,
              545102.37520000152
            ],
            [
              239136.10180000216,
              545082.63570000045
            ],
            [
              239140.51330000162,
              545061.84960000217
            ],
            [
              239151.23859999981,
              545049.51780000143
            ],
            [
              239181.81419999991,
              545008.24259999953
            ],
            [
              239210.76920000277,
              544978.53270000219
            ],
            [
              239249.25630000047,
              544952.66459999979
            ],
            [
              239256.08380000014,
              544952.05010000244
            ],
            [
              239263.4411000004,
              544948.44129999913
            ],
            [
              239272.76360000018,
              544941.64870000258
            ],
            [
              239281.59290000051,
              544931.92119999975
            ],
            [
              239295.37460000161,
              544926.31530000269
            ],
            [
              239307.68500000052,
              544919.17720000073
            ],
            [
              239323.1102,
              544909.15179999918
            ],
            [
              239335.99519999977,
              544896.00640000217
            ],
            [
              239351.60869999882,
              544857.1481999997
            ],
            [
              239351.81740000006,
              544845.86600000039
            ],
            [
              239350.6417000005,
              544833.82930000126
            ],
            [
              239351.55180000048,
              544822.08919999935
            ],
            [
              239356.70120000374,
              544812.92469999939
            ],
            [
              239369.54210000392,
              544804.99370000139
            ],
            [
              239382.89600000251,
              544806.35520000197
            ],
            [
              239399.86110000219,
              544817.47830000147
            ],
            [
              239408.42910000123,
              544825.13419999741
            ],
            [
              239418.57820000127,
              544827.31620000303
            ],
            [
              239431.70030000061,
              544822.05390000157
            ],
            [
              239437.23559999932,
              544811.21940000169
            ],
            [
              239454.97780000418,
              544784.11640000157
            ],
            [
              239464.69280000124,
              544762.30350000225
            ],
            [
              239482.52000000235,
              544719.2025000006
            ],
            [
              239492.30289999954,
              544684.59130000137
            ],
            [
              239502.02070000209,
              544662.24510000274
            ],
            [
              239517.56470000278,
              544647.39590000175
            ],
            [
              239554.44500000309,
              544631.59340000153
            ],
            [
              239570.99320000038,
              544628.48160000518
            ],
            [
              239578.56089999899,
              544609.32370000146
            ],
            [
              239578.11550000031,
              544592.78970000148
            ],
            [
              239586.18240000028,
              544580.03380000405
            ],
            [
              239597.43769999966,
              544569.4280000031
            ],
            [
              239601.22429999895,
              544559.31579999998
            ],
            [
              239602.32490000129,
              544552.92230000347
            ],
            [
              239589.62850000244,
              544533.65670000203
            ],
            [
              239580.08920000028,
              544522.40720000118
            ],
            [
              239559.36840000097,
              544507.89850000292
            ],
            [
              239541.81309999991,
              544499.80610000156
            ],
            [
              239530.67680000048,
              544488.01470000111
            ],
            [
              239521.68500000145,
              544474.10170000046
            ],
            [
              239508.9263000004,
              544466.56800000183
            ],
            [
              239479.09740000218,
              544460.01020000316
            ],
            [
              239454.08500000276,
              544450.27820000052
            ],
            [
              239435.01210000273,
              544426.71260000393
            ],
            [
              239423.35670000035,
              544412.25210000388
            ],
            [
              239410.65189999994,
              544394.58640000038
            ],
            [
              239410.20360000245,
              544378.58559999987
            ],
            [
              239417.24930000212,
              544357.29179999977
            ],
            [
              239424.76890000328,
              544347.199400004
            ],
            [
              239442.96219999995,
              544335.56390000135
            ],
            [
              239449.94559999928,
              544326.00200000033
            ],
            [
              239450.68350000214,
              544309.6679999996
            ],
            [
              239443.73780000303,
              544298.70200000145
            ],
            [
              239438.78510000184,
              544285.00149999931
            ],
            [
              239430.58080000058,
              544276.39730000123
            ],
            [
              239420.40240000002,
              544270.05330000073
            ],
            [
              239410.78710000031,
              544268.73299999908
            ],
            [
              239402.27000000235,
              544264.18350000121
            ],
            [
              239399.03619999997,
              544258.01700000092
            ],
            [
              239401.4366000006,
              544248.79219999909
            ],
            [
              239403.45020000171,
              544240.27639999986
            ],
            [
              239397.50500000082,
              544234.11770000122
            ],
            [
              239394.03690000065,
              544222.01550000161
            ],
            [
              239382.85870000161,
              544205.58779999986
            ],
            [
              239360.58589999937,
              544182.07489999942
            ],
            [
              239325.00439999998,
              544154.15530000255
            ],
            [
              239304.81680000108,
              544139.64949999936
            ],
            [
              239282.47919999994,
              544128.3320000004
            ],
            [
              239242.08700000122,
              544102.51999999769
            ],
            [
              239220.79890000075,
              544094.40770000033
            ],
            [
              239200.05820000358,
              544083.63189999759
            ],
            [
              239166.53050000127,
              544070.65510000288
            ],
            [
              239139.93240000121,
              544058.24839999899
            ],
            [
              239110.6567000011,
              544047.96050000191
            ],
            [
              239091.48740000185,
              544042.52590000257
            ],
            [
              239066.98560000304,
              544037.06299999915
            ],
            [
              239047.31429999974,
              544025.75960000232
            ],
            [
              239045.22090000007,
              544018.2825000044
            ],
            [
              239050.63000000175,
              544003.91270000301
            ],
            [
              239063.01690000016,
              543981.0474999994
            ],
            [
              239073.2226000037,
              543967.23640000075
            ],
            [
              239099.4914000025,
              543941.2452000007
            ],
            [
              239142.23470000084,
              543926.00720000081
            ],
            [
              239155.04160000104,
              543924.47529999912
            ],
            [
              239195.56689999998,
              543925.22389999963
            ],
            [
              239212.64269999973,
              543923.18150000274
            ],
            [
              239229.2078999998,
              543916.87010000646
            ],
            [
              239234.03280000202,
              543912.09620000236
            ],
            [
              239241.08700000122,
              543889.20260000229
            ],
            [
              239239.09560000058,
              543862.52810000069
            ],
            [
              239234.8973999992,
              543849.70700000413
            ],
            [
              239226.48419999983,
              543827.26459999941
            ],
            [
              239220.13030000124,
              543818.69840000197
            ],
            [
              239209.06199999992,
              543794.10869999975
            ],
            [
              239208.02100000344,
              543789.30360000208
            ],
            [
              239207.02810000256,
              543775.43310000189
            ],
            [
              239210.29000000004,
              543763.71820000187
            ],
            [
              239211.94080000091,
              543754.12800000235
            ],
            [
              239223.78309999965,
              543733.3928999994
            ],
            [
              239236.12180000078,
              543719.59320000187
            ],
            [
              239244.17180000246,
              543710.03690000065
            ],
            [
              239250.11990000121,
              543694.60340000317
            ],
            [
              239253.36190000083,
              543686.62140000425
            ],
            [
              239265.29490000289,
              543648.82190000452
            ],
            [
              239273.89790000021,
              543635.53560000658
            ],
            [
              239278.38500000071,
              543631.8275000006
            ],
            [
              239282.89549999963,
              543632.59260000288
            ],
            [
              239285.73620000109,
              543628.68909999914
            ],
            [
              239284.81400000118,
              543622.4394000005
            ],
            [
              239277.93509999942,
              543612.86860000342
            ],
            [
              239277.74840000086,
              543607.47729999945
            ],
            [
              239275.8936999999,
              543601.41550000012
            ],
            [
              239269.69840000197,
              543597.90379999951
            ],
            [
              239253.33000000194,
              543592.23070000112
            ],
            [
              239228.90739999991,
              543571.83630000241
            ],
            [
              239216.15440000035,
              543563.23610000126
            ],
            [
              239188.46430000197,
              543555.6230999995
            ],
            [
              239153.33110000193,
              543543.70430000126
            ],
            [
              239112.9672000017,
              543512.55970000289
            ],
            [
              239072.55240000132,
              543491.01380000077
            ],
            [
              239040.64710000344,
              543473.77940000221
            ],
            [
              238992.84590000194,
              543437.26249999925
            ],
            [
              238981.14809999894,
              543430.80100000277
            ],
            [
              238957.74670000281,
              543418.94460000098
            ],
            [
              238934.38500000164,
              543399.62240000442
            ],
            [
              238904.72050000168,
              543362.13530000113
            ],
            [
              238887.87119999994,
              543321.51650000177
            ],
            [
              238883.77510000393,
              543289.49800000153
            ],
            [
              238879.65060000215,
              543262.81210000813
            ],
            [
              238880.8247000007,
              543242.55370000191
            ],
            [
              238881.2042000033,
              543171.09620000236
            ],
            [
              238880.29060000274,
              543142.29419999942
            ],
            [
              238878.29349999968,
              543116.68620000035
            ],
            [
              238876.25669999886,
              543098.5438000001
            ],
            [
              238868.88170000073,
              543081.43969999999
            ],
            [
              238848.65160000138,
              543074.93290000036
            ],
            [
              238838.02029999997,
              543068.47710000165
            ],
            [
              238827.42860000022,
              543054.55560000055
            ],
            [
              238835.05860000011,
              543023.66590000317
            ],
            [
              238849.02540000062,
              543004.54199999943
            ],
            [
              238860.85919999983,
              542985.40670000203
            ],
            [
              238870.64489999972,
              542950.26220000163
            ],
            [
              238874.03710000217,
              542914.01719999872
            ],
            [
              238868.99890000094,
              542858.52940000035
            ],
            [
              238867.12080000155,
              542810.52420000173
            ],
            [
              238869.46339999977,
              542771.07390000112
            ],
            [
              238876.12310000043,
              542722.04759999923
            ],
            [
              238876.28170000296,
              542692.18470000103
            ],
            [
              238883.87200000416,
              542668.76070000045
            ],
            [
              238918.32940000109,
              542607.08320000023
            ],
            [
              238924.83620000258,
              542586.85319999978
            ],
            [
              238942.05360000115,
              542558.14750000462
            ],
            [
              238956.04310000315,
              542534.75740000047
            ],
            [
              238979.61440000311,
              542514.61800000072
            ],
            [
              239005.30740000028,
              542496.62289999798
            ],
            [
              239013.99820000213,
              542466.80540000089
            ],
            [
              239016.25020000152,
              542444.41960000247
            ],
            [
              239017.62250000145,
              542386.83259999938
            ],
            [
              239008.13700000197,
              542365.45109999925
            ],
            [
              238978.51210000366,
              542320.49819999933
            ],
            [
              238965.89490000159,
              542286.30130000226
            ],
            [
              238960.62460000068,
              542274.54120000266
            ],
            [
              238931.01659999974,
              542226.3888000045
            ],
            [
              238921.52540000156,
              542206.0736999996
            ],
            [
              238920.54950000346,
              542189.00359999947
            ],
            [
              238924.96290000249,
              542161.29649999924
            ],
            [
              238933.52340000123,
              542156.00910000131
            ],
            [
              238961.27580000088,
              542151.89030000195
            ],
            [
              238991.1500000013,
              542149.91580000333
            ],
            [
              239070.1015000008,
              542145.00220000185
            ],
            [
              239155.45220000017,
              542140.12260000221
            ],
            [
              239222.63230000064,
              542142.61240000091
            ],
            [
              239248.28000000212,
              542133.14960000105
            ],
            [
              239282.4542000005,
              542124.7985999994
            ],
            [
              239303.88109999988,
              542106.78079999983
            ],
            [
              239323.87400000263,
              542095.49670000374
            ]
          ]
        ]
      }
    }
  ]
}