{
  "displayFieldName" : "",
  "fieldAliases" : {
    "FID" : "FID",
    "PMNTN_SPOT" : "PMNTN_SPOT",
    "MNTN_CODE" : "MNTN_CODE",
    "MANAGE_SP1" : "MANAGE_SP1",
    "MANAGE_SP2" : "MANAGE_SP2",
    "DETAIL_SPO" : "DETAIL_SPO",
    "ETC_MATTER" : "ETC_MATTER",
    "MNTN_NM" : "MNTN_NM",
    "PAST_SPOT_" : "PAST_SPOT_",
    "MNTN_ID" : "MNTN_ID"
  },
  "geometryType" : "esriGeometryPoint",
  "spatialReference" : {
    "wkt" : "PROJCS[\"PCS_ITRF2000_TM\",GEOGCS[\"GCS_ITRF_2000\",DATUM[\"D_ITRF_2000\",SPHEROID[\"GRS_1980\",6378137.0,298.257222101]],PRIMEM[\"Greenwich\",0.0],UNIT[\"Degree\",0.0174532925199433]],PROJECTION[\"Transverse_Mercator\"],PARAMETER[\"False_Easting\",200000.0],PARAMETER[\"False_Northing\",600000.0],PARAMETER[\"Central_Meridian\",127.0],PARAMETER[\"Scale_Factor\",1.0],PARAMETER[\"Latitude_Of_Origin\",38.0],UNIT[\"Meter\",1.0]]"
  },
  "fields" : [
    {
      "name" : "FID",
      "type" : "esriFieldTypeOID",
      "alias" : "FID"
    },
    {
      "name" : "PMNTN_SPOT",
      "type" : "esriFieldTypeDouble",
      "alias" : "PMNTN_SPOT"
    },
    {
      "name" : "MNTN_CODE",
      "type" : "esriFieldTypeString",
      "alias" : "MNTN_CODE",
      "length" : 9
    },
    {
      "name" : "MANAGE_SP1",
      "type" : "esriFieldTypeString",
      "alias" : "MANAGE_SP1",
      "length" : 2
    },
    {
      "name" : "MANAGE_SP2",
      "type" : "esriFieldTypeString",
      "alias" : "MANAGE_SP2",
      "length" : 50
    },
    {
      "name" : "DETAIL_SPO",
      "type" : "esriFieldTypeString",
      "alias" : "DETAIL_SPO",
      "length" : 200
    },
    {
      "name" : "ETC_MATTER",
      "type" : "esriFieldTypeString",
      "alias" : "ETC_MATTER",
      "length" : 200
    },
    {
      "name" : "MNTN_NM",
      "type" : "esriFieldTypeString",
      "alias" : "MNTN_NM",
      "length" : 50
    },
    {
      "name" : "PAST_SPOT_",
      "type" : "esriFieldTypeString",
      "alias" : "PAST_SPOT_",
      "length" : 14
    },
    {
      "name" : "MNTN_ID",
      "type" : "esriFieldTypeString",
      "alias" : "MNTN_ID",
      "length" : 10
    }
  ],
  "features" : [
    {
      "attributes" : {
        "FID" : 0,
        "PMNTN_SPOT" : 65038,
        "MNTN_CODE" : "487404001",
        "MANAGE_SP1" : "11",
        "MANAGE_SP2" : "안내판또는지도",
        "DETAIL_SPO" : "안내도",
        "ETC_MATTER" : " ",
        "MNTN_NM" : "영축산",
        "PAST_SPOT_" : "4874040010001",
        "MNTN_ID" : "487404001"
      },
      "geometry" : {
        "x" : 338927.26230000053,
        "y" : 319263.41499999724
      }
    },
    {
      "attributes" : {
        "FID" : 1,
        "PMNTN_SPOT" : 65039,
        "MNTN_CODE" : "487404001",
        "MANAGE_SP1" : "11",
        "MANAGE_SP2" : "안내판또는지도",
        "DETAIL_SPO" : "안내문",
        "ETC_MATTER" : " ",
        "MNTN_NM" : "영축산",
        "PAST_SPOT_" : "4874040010002",
        "MNTN_ID" : "487404001"
      },
      "geometry" : {
        "x" : 339124.93010000046,
        "y" : 319847.20099999756
      }
    },
    {
      "attributes" : {
        "FID" : 2,
        "PMNTN_SPOT" : 65040,
        "MNTN_CODE" : "487404001",
        "MANAGE_SP1" : "99",
        "MANAGE_SP2" : "기타",
        "DETAIL_SPO" : "약도",
        "ETC_MATTER" : " ",
        "MNTN_NM" : "영축산",
        "PAST_SPOT_" : "4874040010003",
        "MNTN_ID" : "487404001"
      },
      "geometry" : {
        "x" : 339201.95930000022,
        "y" : 319996.62189999968
      }
    },
    {
      "attributes" : {
        "FID" : 3,
        "PMNTN_SPOT" : 65041,
        "MNTN_CODE" : "487404001",
        "MANAGE_SP1" : "99",
        "MANAGE_SP2" : "기타",
        "DETAIL_SPO" : "보덕사",
        "ETC_MATTER" : " ",
        "MNTN_NM" : "영축산",
        "PAST_SPOT_" : "4874040010004",
        "MNTN_ID" : "487404001"
      },
      "geometry" : {
        "x" : 339217.96970000025,
        "y" : 320013.43909999914
      }
    },
    {
      "attributes" : {
        "FID" : 4,
        "PMNTN_SPOT" : 65042,
        "MNTN_CODE" : "487404001",
        "MANAGE_SP1" : "06",
        "MANAGE_SP2" : "음수대",
        "DETAIL_SPO" : "음수대",
        "ETC_MATTER" : " ",
        "MNTN_NM" : "영축산",
        "PAST_SPOT_" : "4874040010005",
        "MNTN_ID" : "487404001"
      },
      "geometry" : {
        "x" : 339229.72300000023,
        "y" : 320027.97630000301
      }
    },
    {
      "attributes" : {
        "FID" : 5,
        "PMNTN_SPOT" : 65043,
        "MNTN_CODE" : "487404001",
        "MANAGE_SP1" : "14",
        "MANAGE_SP2" : "조망점",
        "DETAIL_SPO" : "조망점",
        "ETC_MATTER" : " ",
        "MNTN_NM" : "영축산",
        "PAST_SPOT_" : "4874040010006",
        "MNTN_ID" : "487404001"
      },
      "geometry" : {
        "x" : 339624.55540000089,
        "y" : 320564.32650000043
      }
    },
    {
      "attributes" : {
        "FID" : 6,
        "PMNTN_SPOT" : 65044,
        "MNTN_CODE" : "487404001",
        "MANAGE_SP1" : "23",
        "MANAGE_SP2" : "정상",
        "DETAIL_SPO" : "정상,정상 전경",
        "ETC_MATTER" : " ",
        "MNTN_NM" : "영축산",
        "PAST_SPOT_" : "4874040010007",
        "MNTN_ID" : "487404001"
      },
      "geometry" : {
        "x" : 339627.31689999998,
        "y" : 320572.20280000381
      }
    },
    {
      "attributes" : {
        "FID" : 7,
        "PMNTN_SPOT" : 65045,
        "MNTN_CODE" : "487404001",
        "MANAGE_SP1" : "99",
        "MANAGE_SP2" : "기타",
        "DETAIL_SPO" : "로프",
        "ETC_MATTER" : " ",
        "MNTN_NM" : "영축산",
        "PAST_SPOT_" : "4874040010008",
        "MNTN_ID" : "487404001"
      },
      "geometry" : {
        "x" : 340264.61270000134,
        "y" : 321050.99430000223
      }
    },
    {
      "attributes" : {
        "FID" : 8,
        "PMNTN_SPOT" : 65046,
        "MNTN_CODE" : "487404001",
        "MANAGE_SP1" : "23",
        "MANAGE_SP2" : "정상",
        "DETAIL_SPO" : "정상",
        "ETC_MATTER" : " ",
        "MNTN_NM" : "영축산",
        "PAST_SPOT_" : "4874040010009",
        "MNTN_ID" : "487404001"
      },
      "geometry" : {
        "x" : 340224.07880000118,
        "y" : 321321.03210000135
      }
    },
    {
      "attributes" : {
        "FID" : 9,
        "PMNTN_SPOT" : 65047,
        "MNTN_CODE" : "487404001",
        "MANAGE_SP1" : "11",
        "MANAGE_SP2" : "안내판또는지도",
        "DETAIL_SPO" : "안내문",
        "ETC_MATTER" : " ",
        "MNTN_NM" : "영축산",
        "PAST_SPOT_" : "4874040010010",
        "MNTN_ID" : "487404001"
      },
      "geometry" : {
        "x" : 339920.0317000011,
        "y" : 320460.92800000124
      }
    },
    {
      "attributes" : {
        "FID" : 10,
        "PMNTN_SPOT" : 65048,
        "MNTN_CODE" : "487404001",
        "MANAGE_SP1" : "99",
        "MANAGE_SP2" : "기타",
        "DETAIL_SPO" : "영축산성",
        "ETC_MATTER" : " ",
        "MNTN_NM" : "영축산",
        "PAST_SPOT_" : "4874040010011",
        "MNTN_ID" : "487404001"
      },
      "geometry" : {
        "x" : 339918.37430000026,
        "y" : 320475.92650000378
      }
    },
    {
      "attributes" : {
        "FID" : 11,
        "PMNTN_SPOT" : 65049,
        "MNTN_CODE" : "487404001",
        "MANAGE_SP1" : "99",
        "MANAGE_SP2" : "기타",
        "DETAIL_SPO" : "영명사",
        "ETC_MATTER" : " ",
        "MNTN_NM" : "영축산",
        "PAST_SPOT_" : "4874040010012",
        "MNTN_ID" : "487404001"
      },
      "geometry" : {
        "x" : 339674.92820000183,
        "y" : 319523.3041999992
      }
    },
    {
      "attributes" : {
        "FID" : 12,
        "PMNTN_SPOT" : 65050,
        "MNTN_CODE" : "487404001",
        "MANAGE_SP1" : "04",
        "MANAGE_SP2" : "화장실",
        "DETAIL_SPO" : "화장실",
        "ETC_MATTER" : " ",
        "MNTN_NM" : "영축산",
        "PAST_SPOT_" : "4874040010013",
        "MNTN_ID" : "487404001"
      },
      "geometry" : {
        "x" : 339665.3853000002,
        "y" : 319498.79089999758
      }
    },
    {
      "attributes" : {
        "FID" : 13,
        "PMNTN_SPOT" : 65051,
        "MNTN_CODE" : "487404001",
        "MANAGE_SP1" : "11",
        "MANAGE_SP2" : "안내판또는지도",
        "DETAIL_SPO" : "안내문",
        "ETC_MATTER" : " ",
        "MNTN_NM" : "영축산",
        "PAST_SPOT_" : "4874040010014",
        "MNTN_ID" : "487404001"
      },
      "geometry" : {
        "x" : 339610.52460000012,
        "y" : 319498.76410000026
      }
    },
    {
      "attributes" : {
        "FID" : 14,
        "PMNTN_SPOT" : 65052,
        "MNTN_CODE" : "487404001",
        "MANAGE_SP1" : "99",
        "MANAGE_SP2" : "기타",
        "DETAIL_SPO" : "문호장사당",
        "ETC_MATTER" : " ",
        "MNTN_NM" : "영축산",
        "PAST_SPOT_" : "4874040010015",
        "MNTN_ID" : "487404001"
      },
      "geometry" : {
        "x" : 339607.68060000148,
        "y" : 319500.0688000042
      }
    },
    {
      "attributes" : {
        "FID" : 15,
        "PMNTN_SPOT" : 65053,
        "MNTN_CODE" : "487404001",
        "MANAGE_SP1" : "11",
        "MANAGE_SP2" : "안내판또는지도",
        "DETAIL_SPO" : "안내문",
        "ETC_MATTER" : " ",
        "MNTN_NM" : "영축산",
        "PAST_SPOT_" : "4874040010016",
        "MNTN_ID" : "487404001"
      },
      "geometry" : {
        "x" : 339332.7909000013,
        "y" : 319340.87760000117
      }
    },
    {
      "attributes" : {
        "FID" : 16,
        "PMNTN_SPOT" : 65054,
        "MNTN_CODE" : "487404001",
        "MANAGE_SP1" : "99",
        "MANAGE_SP2" : "기타",
        "DETAIL_SPO" : "영산향교",
        "ETC_MATTER" : " ",
        "MNTN_NM" : "영축산",
        "PAST_SPOT_" : "4874040010017",
        "MNTN_ID" : "487404001"
      },
      "geometry" : {
        "x" : 339335.76930000074,
        "y" : 319345.128800001
      }
    },
    {
      "attributes" : {
        "FID" : 17,
        "PMNTN_SPOT" : 65055,
        "MNTN_CODE" : "487404001",
        "MANAGE_SP1" : "18",
        "MANAGE_SP2" : "주차장",
        "DETAIL_SPO" : "주차장",
        "ETC_MATTER" : " ",
        "MNTN_NM" : "영축산",
        "PAST_SPOT_" : "4874040010018",
        "MNTN_ID" : "487404001"
      },
      "geometry" : {
        "x" : 339297.40960000083,
        "y" : 319195.69419999979
      }
    },
    {
      "attributes" : {
        "FID" : 18,
        "PMNTN_SPOT" : 65056,
        "MNTN_CODE" : "487404001",
        "MANAGE_SP1" : "11",
        "MANAGE_SP2" : "안내판또는지도",
        "DETAIL_SPO" : "안내문",
        "ETC_MATTER" : " ",
        "MNTN_NM" : "영축산",
        "PAST_SPOT_" : "4874040010019",
        "MNTN_ID" : "487404001"
      },
      "geometry" : {
        "x" : 339299.81379999965,
        "y" : 319227.10119999945
      }
    },
    {
      "attributes" : {
        "FID" : 19,
        "PMNTN_SPOT" : 65057,
        "MNTN_CODE" : "487404001",
        "MANAGE_SP1" : "99",
        "MANAGE_SP2" : "기타",
        "DETAIL_SPO" : "신씨고가2",
        "ETC_MATTER" : " ",
        "MNTN_NM" : "영축산",
        "PAST_SPOT_" : "4874040010020",
        "MNTN_ID" : "487404001"
      },
      "geometry" : {
        "x" : 339313.40140000172,
        "y" : 319248.56039999984
      }
    },
    {
      "attributes" : {
        "FID" : 20,
        "PMNTN_SPOT" : 65058,
        "MNTN_CODE" : "487404001",
        "MANAGE_SP1" : "99",
        "MANAGE_SP2" : "기타",
        "DETAIL_SPO" : "신씨고가",
        "ETC_MATTER" : " ",
        "MNTN_NM" : "영축산",
        "PAST_SPOT_" : "4874040010021",
        "MNTN_ID" : "487404001"
      },
      "geometry" : {
        "x" : 339313.59080000129,
        "y" : 319252.04259999841
      }
    },
    {
      "attributes" : {
        "FID" : 21,
        "PMNTN_SPOT" : 65059,
        "MNTN_CODE" : "487404001",
        "MANAGE_SP1" : "11",
        "MANAGE_SP2" : "안내판또는지도",
        "DETAIL_SPO" : "안내문",
        "ETC_MATTER" : " ",
        "MNTN_NM" : "영축산",
        "PAST_SPOT_" : "4874040010022",
        "MNTN_ID" : "487404001"
      },
      "geometry" : {
        "x" : 339318.14010000136,
        "y" : 319252.68080000207
      }
    },
    {
      "attributes" : {
        "FID" : 22,
        "PMNTN_SPOT" : 65060,
        "MNTN_CODE" : "487404001",
        "MANAGE_SP1" : "03",
        "MANAGE_SP2" : "정자",
        "DETAIL_SPO" : "정자",
        "ETC_MATTER" : " ",
        "MNTN_NM" : "영축산",
        "PAST_SPOT_" : "4874040010023",
        "MNTN_ID" : "487404001"
      },
      "geometry" : {
        "x" : 338935.32440000121,
        "y" : 322474.79350000061
      }
    },
    {
      "attributes" : {
        "FID" : 23,
        "PMNTN_SPOT" : 65061,
        "MNTN_CODE" : "487404001",
        "MANAGE_SP1" : "99",
        "MANAGE_SP2" : "기타",
        "DETAIL_SPO" : "비문",
        "ETC_MATTER" : " ",
        "MNTN_NM" : "영축산",
        "PAST_SPOT_" : "4874040010024",
        "MNTN_ID" : "487404001"
      },
      "geometry" : {
        "x" : 339180.47510000039,
        "y" : 322487.8574000001
      }
    },
    {
      "attributes" : {
        "FID" : 24,
        "PMNTN_SPOT" : 65062,
        "MNTN_CODE" : "487404001",
        "MANAGE_SP1" : "10",
        "MANAGE_SP2" : "이정표",
        "DETAIL_SPO" : "이정표",
        "ETC_MATTER" : " ",
        "MNTN_NM" : "영축산",
        "PAST_SPOT_" : "4874040010025",
        "MNTN_ID" : "487404001"
      },
      "geometry" : {
        "x" : 339194.14460000116,
        "y" : 322498.33110000193
      }
    },
    {
      "attributes" : {
        "FID" : 25,
        "PMNTN_SPOT" : 65063,
        "MNTN_CODE" : "487404001",
        "MANAGE_SP1" : "10",
        "MANAGE_SP2" : "이정표",
        "DETAIL_SPO" : "이정표",
        "ETC_MATTER" : " ",
        "MNTN_NM" : "영축산",
        "PAST_SPOT_" : "4874040010026",
        "MNTN_ID" : "487404001"
      },
      "geometry" : {
        "x" : 339526.01090000197,
        "y" : 322105.04730000161
      }
    },
    {
      "attributes" : {
        "FID" : 26,
        "PMNTN_SPOT" : 65064,
        "MNTN_CODE" : "487404001",
        "MANAGE_SP1" : "99",
        "MANAGE_SP2" : "기타",
        "DETAIL_SPO" : "돌 벤치",
        "ETC_MATTER" : " ",
        "MNTN_NM" : "영축산",
        "PAST_SPOT_" : "4874040010027",
        "MNTN_ID" : "487404001"
      },
      "geometry" : {
        "x" : 339787.18059999961,
        "y" : 321817.86060000025
      }
    },
    {
      "attributes" : {
        "FID" : 27,
        "PMNTN_SPOT" : 65065,
        "MNTN_CODE" : "487404001",
        "MANAGE_SP1" : "18",
        "MANAGE_SP2" : "주차장",
        "DETAIL_SPO" : "주차장",
        "ETC_MATTER" : " ",
        "MNTN_NM" : "영축산",
        "PAST_SPOT_" : "4874040010028",
        "MNTN_ID" : "487404001"
      },
      "geometry" : {
        "x" : 339975.1743999999,
        "y" : 321615.23670000397
      }
    },
    {
      "attributes" : {
        "FID" : 28,
        "PMNTN_SPOT" : 65066,
        "MNTN_CODE" : "487404001",
        "MANAGE_SP1" : "04",
        "MANAGE_SP2" : "화장실",
        "DETAIL_SPO" : "화장실",
        "ETC_MATTER" : " ",
        "MNTN_NM" : "영축산",
        "PAST_SPOT_" : "4874040010029",
        "MNTN_ID" : "487404001"
      },
      "geometry" : {
        "x" : 340108.95200000051,
        "y" : 321576.47870000079
      }
    },
    {
      "attributes" : {
        "FID" : 29,
        "PMNTN_SPOT" : 65067,
        "MNTN_CODE" : "487404001",
        "MANAGE_SP1" : "10",
        "MANAGE_SP2" : "이정표",
        "DETAIL_SPO" : "이정표",
        "ETC_MATTER" : " ",
        "MNTN_NM" : "영축산",
        "PAST_SPOT_" : "4874040010030",
        "MNTN_ID" : "487404001"
      },
      "geometry" : {
        "x" : 340140.2789000012,
        "y" : 321573.13599999994
      }
    },
    {
      "attributes" : {
        "FID" : 30,
        "PMNTN_SPOT" : 65068,
        "MNTN_CODE" : "487404001",
        "MANAGE_SP1" : "99",
        "MANAGE_SP2" : "기타",
        "DETAIL_SPO" : "충효사",
        "ETC_MATTER" : " ",
        "MNTN_NM" : "영축산",
        "PAST_SPOT_" : "4874040010031",
        "MNTN_ID" : "487404001"
      },
      "geometry" : {
        "x" : 340139.36799999978,
        "y" : 321577.85700000264
      }
    },
    {
      "attributes" : {
        "FID" : 31,
        "PMNTN_SPOT" : 65069,
        "MNTN_CODE" : "487404001",
        "MANAGE_SP1" : "99",
        "MANAGE_SP2" : "기타",
        "DETAIL_SPO" : "구봉사",
        "ETC_MATTER" : " ",
        "MNTN_NM" : "영축산",
        "PAST_SPOT_" : "4874040010032",
        "MNTN_ID" : "487404001"
      },
      "geometry" : {
        "x" : 340136.1977000013,
        "y" : 321570.38350000232
      }
    },
    {
      "attributes" : {
        "FID" : 32,
        "PMNTN_SPOT" : 65070,
        "MNTN_CODE" : "487404001",
        "MANAGE_SP1" : "99",
        "MANAGE_SP2" : "기타",
        "DETAIL_SPO" : "로프",
        "ETC_MATTER" : " ",
        "MNTN_NM" : "영축산",
        "PAST_SPOT_" : "4874040010033",
        "MNTN_ID" : "487404001"
      },
      "geometry" : {
        "x" : 340231.04770000186,
        "y" : 321398.89620000124
      }
    },
    {
      "attributes" : {
        "FID" : 33,
        "PMNTN_SPOT" : 65071,
        "MNTN_CODE" : "487404001",
        "MANAGE_SP1" : "23",
        "MANAGE_SP2" : "정상",
        "DETAIL_SPO" : "정상",
        "ETC_MATTER" : " ",
        "MNTN_NM" : "영축산",
        "PAST_SPOT_" : "4874040010034",
        "MNTN_ID" : "487404001"
      },
      "geometry" : {
        "x" : 340228.11060000118,
        "y" : 321321.11390000023
      }
    },
    {
      "attributes" : {
        "FID" : 34,
        "PMNTN_SPOT" : 65072,
        "MNTN_CODE" : "487404001",
        "MANAGE_SP1" : "99",
        "MANAGE_SP2" : "기타",
        "DETAIL_SPO" : "주봉 전경",
        "ETC_MATTER" : " ",
        "MNTN_NM" : "영축산",
        "PAST_SPOT_" : "4874040010035",
        "MNTN_ID" : "487404001"
      },
      "geometry" : {
        "x" : 340275.04270000104,
        "y" : 321055.08340000361
      }
    },
    {
      "attributes" : {
        "FID" : 35,
        "PMNTN_SPOT" : 65073,
        "MNTN_CODE" : "487404001",
        "MANAGE_SP1" : "99",
        "MANAGE_SP2" : "기타",
        "DETAIL_SPO" : "등산로 전경",
        "ETC_MATTER" : " ",
        "MNTN_NM" : "영축산",
        "PAST_SPOT_" : "4874040010036",
        "MNTN_ID" : "487404001"
      },
      "geometry" : {
        "x" : 340277.70660000015,
        "y" : 321335.42640000023
      }
    },
    {
      "attributes" : {
        "FID" : 36,
        "PMNTN_SPOT" : 65074,
        "MNTN_CODE" : "487404001",
        "MANAGE_SP1" : "01",
        "MANAGE_SP2" : "시종점",
        "DETAIL_SPO" : "시종점",
        "ETC_MATTER" : " ",
        "MNTN_NM" : "영축산",
        "PAST_SPOT_" : "4874040010037",
        "MNTN_ID" : "487404001"
      },
      "geometry" : {
        "x" : 338687.48410000093,
        "y" : 322634.38220000081
      }
    },
    {
      "attributes" : {
        "FID" : 37,
        "PMNTN_SPOT" : 65075,
        "MNTN_CODE" : "487404001",
        "MANAGE_SP1" : "01",
        "MANAGE_SP2" : "시종점",
        "DETAIL_SPO" : "시종점",
        "ETC_MATTER" : " ",
        "MNTN_NM" : "영축산",
        "PAST_SPOT_" : "4874040010038",
        "MNTN_ID" : "487404001"
      },
      "geometry" : {
        "x" : 338933.45380000025,
        "y" : 319256.48300000094
      }
    },
    {
      "attributes" : {
        "FID" : 38,
        "PMNTN_SPOT" : 65076,
        "MNTN_CODE" : "487404001",
        "MANAGE_SP1" : "01",
        "MANAGE_SP2" : "시종점",
        "DETAIL_SPO" : "시종점",
        "ETC_MATTER" : " ",
        "MNTN_NM" : "영축산",
        "PAST_SPOT_" : "4874040010039",
        "MNTN_ID" : "487404001"
      },
      "geometry" : {
        "x" : 339284.38850000128,
        "y" : 319186.15550000221
      }
    },
    {
      "attributes" : {
        "FID" : 39,
        "PMNTN_SPOT" : 65077,
        "MNTN_CODE" : "487404001",
        "MANAGE_SP1" : "02",
        "MANAGE_SP2" : "분기점",
        "DETAIL_SPO" : "분기점",
        "ETC_MATTER" : " ",
        "MNTN_NM" : "영축산",
        "PAST_SPOT_" : "4874040010040",
        "MNTN_ID" : "487404001"
      },
      "geometry" : {
        "x" : 340040.83449999988,
        "y" : 320757.17289999872
      }
    },
    {
      "attributes" : {
        "FID" : 40,
        "PMNTN_SPOT" : 98461,
        "MNTN_CODE" : "487404001",
        "MANAGE_SP1" : "13",
        "MANAGE_SP2" : "유적(문화, 역사)",
        "DETAIL_SPO" : "영산향교",
        "ETC_MATTER" : " ",
        "MNTN_NM" : "영축산",
        "PAST_SPOT_" : "4874040010041",
        "MNTN_ID" : "487404001"
      },
      "geometry" : {
        "x" : 339287.05700000003,
        "y" : 319194.77969999961
      }
    },
    {
      "attributes" : {
        "FID" : 41,
        "PMNTN_SPOT" : 98462,
        "MNTN_CODE" : "487404001",
        "MANAGE_SP1" : "14",
        "MANAGE_SP2" : "조망점",
        "DETAIL_SPO" : "주봉전경",
        "ETC_MATTER" : " ",
        "MNTN_NM" : "영축산",
        "PAST_SPOT_" : "4874040010042",
        "MNTN_ID" : "487404001"
      },
      "geometry" : {
        "x" : 340212.66220000118,
        "y" : 320792.70020000055
      }
    }
  ]
}