{
  "displayFieldName" : "",
  "fieldAliases" : {
    "FID" : "FID",
    "PMNTN_SPOT" : "PMNTN_SPOT",
    "MNTN_CODE" : "MNTN_CODE",
    "MANAGE_SP1" : "MANAGE_SP1",
    "MANAGE_SP2" : "MANAGE_SP2",
    "DETAIL_SPO" : "DETAIL_SPO",
    "ETC_MATTER" : "ETC_MATTER",
    "MNTN_NM" : "MNTN_NM",
    "PAST_SPOT_" : "PAST_SPOT_",
    "MNTN_ID" : "MNTN_ID"
  },
  "geometryType" : "esriGeometryPoint",
  "spatialReference" : {
    "wkt" : "PROJCS[\"PCS_ITRF2000_TM\",GEOGCS[\"GCS_ITRF_2000\",DATUM[\"D_ITRF_2000\",SPHEROID[\"GRS_1980\",6378137.0,298.257222101]],PRIMEM[\"Greenwich\",0.0],UNIT[\"Degree\",0.0174532925199433]],PROJECTION[\"Transverse_Mercator\"],PARAMETER[\"False_Easting\",200000.0],PARAMETER[\"False_Northing\",600000.0],PARAMETER[\"Central_Meridian\",127.0],PARAMETER[\"Scale_Factor\",1.0],PARAMETER[\"Latitude_Of_Origin\",38.0],UNIT[\"Meter\",1.0]]"
  },
  "fields" : [
    {
      "name" : "FID",
      "type" : "esriFieldTypeOID",
      "alias" : "FID"
    },
    {
      "name" : "PMNTN_SPOT",
      "type" : "esriFieldTypeDouble",
      "alias" : "PMNTN_SPOT"
    },
    {
      "name" : "MNTN_CODE",
      "type" : "esriFieldTypeString",
      "alias" : "MNTN_CODE",
      "length" : 9
    },
    {
      "name" : "MANAGE_SP1",
      "type" : "esriFieldTypeString",
      "alias" : "MANAGE_SP1",
      "length" : 2
    },
    {
      "name" : "MANAGE_SP2",
      "type" : "esriFieldTypeString",
      "alias" : "MANAGE_SP2",
      "length" : 50
    },
    {
      "name" : "DETAIL_SPO",
      "type" : "esriFieldTypeString",
      "alias" : "DETAIL_SPO",
      "length" : 200
    },
    {
      "name" : "ETC_MATTER",
      "type" : "esriFieldTypeString",
      "alias" : "ETC_MATTER",
      "length" : 200
    },
    {
      "name" : "MNTN_NM",
      "type" : "esriFieldTypeString",
      "alias" : "MNTN_NM",
      "length" : 50
    },
    {
      "name" : "PAST_SPOT_",
      "type" : "esriFieldTypeString",
      "alias" : "PAST_SPOT_",
      "length" : 14
    },
    {
      "name" : "MNTN_ID",
      "type" : "esriFieldTypeString",
      "alias" : "MNTN_ID",
      "length" : 10
    }
  ],
  "features" : [
    {
      "attributes" : {
        "FID" : 0,
        "PMNTN_SPOT" : 95465,
        "MNTN_CODE" : "267100103",
        "MANAGE_SP1" : "99",
        "MANAGE_SP2" : "기타",
        "DETAIL_SPO" : "테크다리",
        "ETC_MATTER" : " ",
        "MNTN_NM" : "아홉산둘레길",
        "PAST_SPOT_" : "2671001030001",
        "MNTN_ID" : "267100103"
      },
      "geometry" : {
        "x" : 393085.86620000098,
        "y" : 297185.0671000015
      }
    },
    {
      "attributes" : {
        "FID" : 1,
        "PMNTN_SPOT" : 95466,
        "MNTN_CODE" : "267100103",
        "MANAGE_SP1" : "99",
        "MANAGE_SP2" : "기타",
        "DETAIL_SPO" : "테크계단",
        "ETC_MATTER" : " ",
        "MNTN_NM" : "아홉산둘레길",
        "PAST_SPOT_" : "2671001030002",
        "MNTN_ID" : "267100103"
      },
      "geometry" : {
        "x" : 393453.73370000068,
        "y" : 296668.29189999774
      }
    },
    {
      "attributes" : {
        "FID" : 2,
        "PMNTN_SPOT" : 95467,
        "MNTN_CODE" : "267100103",
        "MANAGE_SP1" : "99",
        "MANAGE_SP2" : "기타",
        "DETAIL_SPO" : "테크계단",
        "ETC_MATTER" : " ",
        "MNTN_NM" : "아홉산둘레길",
        "PAST_SPOT_" : "2671001030003",
        "MNTN_ID" : "267100103"
      },
      "geometry" : {
        "x" : 393430.91600000206,
        "y" : 296609.48420000076
      }
    },
    {
      "attributes" : {
        "FID" : 3,
        "PMNTN_SPOT" : 95468,
        "MNTN_CODE" : "267100103",
        "MANAGE_SP1" : "99",
        "MANAGE_SP2" : "기타",
        "DETAIL_SPO" : "테크계단",
        "ETC_MATTER" : " ",
        "MNTN_NM" : "아홉산둘레길",
        "PAST_SPOT_" : "2671001030004",
        "MNTN_ID" : "267100103"
      },
      "geometry" : {
        "x" : 393454.85560000036,
        "y" : 296556.38660000265
      }
    },
    {
      "attributes" : {
        "FID" : 4,
        "PMNTN_SPOT" : 95469,
        "MNTN_CODE" : "267100103",
        "MANAGE_SP1" : "99",
        "MANAGE_SP2" : "기타",
        "DETAIL_SPO" : "목계단",
        "ETC_MATTER" : " ",
        "MNTN_NM" : "아홉산둘레길",
        "PAST_SPOT_" : "2671001030005",
        "MNTN_ID" : "267100103"
      },
      "geometry" : {
        "x" : 393485.32610000018,
        "y" : 296405.4673999995
      }
    },
    {
      "attributes" : {
        "FID" : 5,
        "PMNTN_SPOT" : 95470,
        "MNTN_CODE" : "267100103",
        "MANAGE_SP1" : "02",
        "MANAGE_SP2" : "분기점",
        "DETAIL_SPO" : "분기점",
        "ETC_MATTER" : " ",
        "MNTN_NM" : "아홉산둘레길",
        "PAST_SPOT_" : "2671001030006",
        "MNTN_ID" : "267100103"
      },
      "geometry" : {
        "x" : 393175.85380000062,
        "y" : 295807.10180000402
      }
    },
    {
      "attributes" : {
        "FID" : 6,
        "PMNTN_SPOT" : 95471,
        "MNTN_CODE" : "267100103",
        "MANAGE_SP1" : "02",
        "MANAGE_SP2" : "분기점",
        "DETAIL_SPO" : "분기점",
        "ETC_MATTER" : " ",
        "MNTN_NM" : "아홉산둘레길",
        "PAST_SPOT_" : "2671001030007",
        "MNTN_ID" : "267100103"
      },
      "geometry" : {
        "x" : 393191.99672947358,
        "y" : 295870.49898818135
      }
    },
    {
      "attributes" : {
        "FID" : 7,
        "PMNTN_SPOT" : 95472,
        "MNTN_CODE" : "267100103",
        "MANAGE_SP1" : "02",
        "MANAGE_SP2" : "분기점",
        "DETAIL_SPO" : "분기점",
        "ETC_MATTER" : " ",
        "MNTN_NM" : "아홉산둘레길",
        "PAST_SPOT_" : "2671001030008",
        "MNTN_ID" : "267100103"
      },
      "geometry" : {
        "x" : 393495.27686910797,
        "y" : 295671.80774551816
      }
    },
    {
      "attributes" : {
        "FID" : 8,
        "PMNTN_SPOT" : 95473,
        "MNTN_CODE" : "267100103",
        "MANAGE_SP1" : "01",
        "MANAGE_SP2" : "시종점",
        "DETAIL_SPO" : "시종점",
        "ETC_MATTER" : " ",
        "MNTN_NM" : "아홉산둘레길",
        "PAST_SPOT_" : "2671001030009",
        "MNTN_ID" : "267100103"
      },
      "geometry" : {
        "x" : 393511.76880000159,
        "y" : 298892.6754999999
      }
    },
    {
      "attributes" : {
        "FID" : 9,
        "PMNTN_SPOT" : 95474,
        "MNTN_CODE" : "267100103",
        "MANAGE_SP1" : "02",
        "MANAGE_SP2" : "분기점",
        "DETAIL_SPO" : "분기점",
        "ETC_MATTER" : " ",
        "MNTN_NM" : "아홉산둘레길",
        "PAST_SPOT_" : "2671001030010",
        "MNTN_ID" : "267100103"
      },
      "geometry" : {
        "x" : 393521.45371354185,
        "y" : 295725.94340548478
      }
    },
    {
      "attributes" : {
        "FID" : 10,
        "PMNTN_SPOT" : 95475,
        "MNTN_CODE" : "267100103",
        "MANAGE_SP1" : "02",
        "MANAGE_SP2" : "분기점",
        "DETAIL_SPO" : "분기점",
        "ETC_MATTER" : " ",
        "MNTN_NM" : "아홉산둘레길",
        "PAST_SPOT_" : "2671001030011",
        "MNTN_ID" : "267100103"
      },
      "geometry" : {
        "x" : 393661.14370989241,
        "y" : 295645.43848062307
      }
    },
    {
      "attributes" : {
        "FID" : 11,
        "PMNTN_SPOT" : 95476,
        "MNTN_CODE" : "267100103",
        "MANAGE_SP1" : "02",
        "MANAGE_SP2" : "분기점",
        "DETAIL_SPO" : "분기점",
        "ETC_MATTER" : " ",
        "MNTN_NM" : "아홉산둘레길",
        "PAST_SPOT_" : "2671001030012",
        "MNTN_ID" : "267100103"
      },
      "geometry" : {
        "x" : 393674.71680000145,
        "y" : 295661.07160000317
      }
    },
    {
      "attributes" : {
        "FID" : 12,
        "PMNTN_SPOT" : 95477,
        "MNTN_CODE" : "267100103",
        "MANAGE_SP1" : "02",
        "MANAGE_SP2" : "분기점",
        "DETAIL_SPO" : "분기점",
        "ETC_MATTER" : " ",
        "MNTN_NM" : "아홉산둘레길",
        "PAST_SPOT_" : "2671001030013",
        "MNTN_ID" : "267100103"
      },
      "geometry" : {
        "x" : 393696.19124588743,
        "y" : 295878.10407302529
      }
    },
    {
      "attributes" : {
        "FID" : 13,
        "PMNTN_SPOT" : 95478,
        "MNTN_CODE" : "267100103",
        "MANAGE_SP1" : "02",
        "MANAGE_SP2" : "분기점",
        "DETAIL_SPO" : "분기점",
        "ETC_MATTER" : " ",
        "MNTN_NM" : "아홉산둘레길",
        "PAST_SPOT_" : "2671001030014",
        "MNTN_ID" : "267100103"
      },
      "geometry" : {
        "x" : 393708.65351291839,
        "y" : 295881.83498660102
      }
    },
    {
      "attributes" : {
        "FID" : 14,
        "PMNTN_SPOT" : 95479,
        "MNTN_CODE" : "267100103",
        "MANAGE_SP1" : "01",
        "MANAGE_SP2" : "시종점",
        "DETAIL_SPO" : "시종점",
        "ETC_MATTER" : " ",
        "MNTN_NM" : "아홉산둘레길",
        "PAST_SPOT_" : "2671001030015",
        "MNTN_ID" : "267100103"
      },
      "geometry" : {
        "x" : 393737.57330000028,
        "y" : 299147.55200000107
      }
    },
    {
      "attributes" : {
        "FID" : 15,
        "PMNTN_SPOT" : 95480,
        "MNTN_CODE" : "267100103",
        "MANAGE_SP1" : "01",
        "MANAGE_SP2" : "시종점",
        "DETAIL_SPO" : "시종점",
        "ETC_MATTER" : " ",
        "MNTN_NM" : "아홉산둘레길",
        "PAST_SPOT_" : "2671001030016",
        "MNTN_ID" : "267100103"
      },
      "geometry" : {
        "x" : 393782.11446476076,
        "y" : 295325.34936171584
      }
    },
    {
      "attributes" : {
        "FID" : 16,
        "PMNTN_SPOT" : 95481,
        "MNTN_CODE" : "267100103",
        "MANAGE_SP1" : "02",
        "MANAGE_SP2" : "분기점",
        "DETAIL_SPO" : "분기점",
        "ETC_MATTER" : " ",
        "MNTN_NM" : "아홉산둘레길",
        "PAST_SPOT_" : "2671001030017",
        "MNTN_ID" : "267100103"
      },
      "geometry" : {
        "x" : 393911.80546032265,
        "y" : 295719.2850738354
      }
    },
    {
      "attributes" : {
        "FID" : 17,
        "PMNTN_SPOT" : 95482,
        "MNTN_CODE" : "267100103",
        "MANAGE_SP1" : "02",
        "MANAGE_SP2" : "분기점",
        "DETAIL_SPO" : "분기점",
        "ETC_MATTER" : " ",
        "MNTN_NM" : "아홉산둘레길",
        "PAST_SPOT_" : "2671001030018",
        "MNTN_ID" : "267100103"
      },
      "geometry" : {
        "x" : 393930.84714718442,
        "y" : 295728.34681631438
      }
    },
    {
      "attributes" : {
        "FID" : 18,
        "PMNTN_SPOT" : 95483,
        "MNTN_CODE" : "267100103",
        "MANAGE_SP1" : "01",
        "MANAGE_SP2" : "시종점",
        "DETAIL_SPO" : "시종점",
        "ETC_MATTER" : " ",
        "MNTN_NM" : "아홉산둘레길",
        "PAST_SPOT_" : "2671001030019",
        "MNTN_ID" : "267100103"
      },
      "geometry" : {
        "x" : 394001.97241074499,
        "y" : 295562.51712333597
      }
    },
    {
      "attributes" : {
        "FID" : 19,
        "PMNTN_SPOT" : 95484,
        "MNTN_CODE" : "267100103",
        "MANAGE_SP1" : "01",
        "MANAGE_SP2" : "시종점",
        "DETAIL_SPO" : "시종점",
        "ETC_MATTER" : " ",
        "MNTN_NM" : "아홉산둘레길",
        "PAST_SPOT_" : "2671001030020",
        "MNTN_ID" : "267100103"
      },
      "geometry" : {
        "x" : 394178.79031065386,
        "y" : 295892.9086363297
      }
    },
    {
      "attributes" : {
        "FID" : 20,
        "PMNTN_SPOT" : 95485,
        "MNTN_CODE" : "267100103",
        "MANAGE_SP1" : "02",
        "MANAGE_SP2" : "분기점",
        "DETAIL_SPO" : "분기점",
        "ETC_MATTER" : " ",
        "MNTN_NM" : "아홉산둘레길",
        "PAST_SPOT_" : "2671001030021",
        "MNTN_ID" : "267100103"
      },
      "geometry" : {
        "x" : 394908.22810320649,
        "y" : 298294.75927997567
      }
    },
    {
      "attributes" : {
        "FID" : 21,
        "PMNTN_SPOT" : 95486,
        "MNTN_CODE" : "267100103",
        "MANAGE_SP1" : "01",
        "MANAGE_SP2" : "시종점",
        "DETAIL_SPO" : "시종점",
        "ETC_MATTER" : " ",
        "MNTN_NM" : "아홉산둘레길",
        "PAST_SPOT_" : "2671001030022",
        "MNTN_ID" : "267100103"
      },
      "geometry" : {
        "x" : 395069.52520000096,
        "y" : 299730.51630000211
      }
    },
    {
      "attributes" : {
        "FID" : 22,
        "PMNTN_SPOT" : 95487,
        "MNTN_CODE" : "267100103",
        "MANAGE_SP1" : "01",
        "MANAGE_SP2" : "시종점",
        "DETAIL_SPO" : "종점, 이정표, 안내판또는 지도, 기타",
        "ETC_MATTER" : " ",
        "MNTN_NM" : "아홉산둘레길",
        "PAST_SPOT_" : "2671001030023",
        "MNTN_ID" : "267100103"
      },
      "geometry" : {
        "x" : 394178.79031083547,
        "y" : 295892.90863633895
      }
    },
    {
      "attributes" : {
        "FID" : 23,
        "PMNTN_SPOT" : 95488,
        "MNTN_CODE" : "267100103",
        "MANAGE_SP1" : "23",
        "MANAGE_SP2" : "정상",
        "DETAIL_SPO" : "정상부",
        "ETC_MATTER" : " ",
        "MNTN_NM" : "아홉산둘레길",
        "PAST_SPOT_" : "2671001030024",
        "MNTN_ID" : "267100103"
      },
      "geometry" : {
        "x" : 393695.15937724413,
        "y" : 295882.5894952481
      }
    },
    {
      "attributes" : {
        "FID" : 24,
        "PMNTN_SPOT" : 95489,
        "MNTN_CODE" : "267100103",
        "MANAGE_SP1" : "14",
        "MANAGE_SP2" : "조망점",
        "DETAIL_SPO" : "조망점",
        "ETC_MATTER" : " ",
        "MNTN_NM" : "아홉산둘레길",
        "PAST_SPOT_" : "2671001030025",
        "MNTN_ID" : "267100103"
      },
      "geometry" : {
        "x" : 393777.03627988847,
        "y" : 296042.54296750599
      }
    },
    {
      "attributes" : {
        "FID" : 25,
        "PMNTN_SPOT" : 95490,
        "MNTN_CODE" : "267100103",
        "MANAGE_SP1" : "14",
        "MANAGE_SP2" : "조망점",
        "DETAIL_SPO" : "조망점",
        "ETC_MATTER" : " ",
        "MNTN_NM" : "아홉산둘레길",
        "PAST_SPOT_" : "2671001030026",
        "MNTN_ID" : "267100103"
      },
      "geometry" : {
        "x" : 393855.63292288489,
        "y" : 296097.99776963016
      }
    },
    {
      "attributes" : {
        "FID" : 26,
        "PMNTN_SPOT" : 95491,
        "MNTN_CODE" : "267100103",
        "MANAGE_SP1" : "14",
        "MANAGE_SP2" : "조망점",
        "DETAIL_SPO" : "조망점",
        "ETC_MATTER" : " ",
        "MNTN_NM" : "아홉산둘레길",
        "PAST_SPOT_" : "2671001030027",
        "MNTN_ID" : "267100103"
      },
      "geometry" : {
        "x" : 394067.68431641086,
        "y" : 296438.40513608902
      }
    },
    {
      "attributes" : {
        "FID" : 27,
        "PMNTN_SPOT" : 95492,
        "MNTN_CODE" : "267100103",
        "MANAGE_SP1" : "14",
        "MANAGE_SP2" : "조망점",
        "DETAIL_SPO" : "조망점",
        "ETC_MATTER" : " ",
        "MNTN_NM" : "아홉산둘레길",
        "PAST_SPOT_" : "2671001030028",
        "MNTN_ID" : "267100103"
      },
      "geometry" : {
        "x" : 394277.01243578328,
        "y" : 297037.00503894617
      }
    },
    {
      "attributes" : {
        "FID" : 28,
        "PMNTN_SPOT" : 95493,
        "MNTN_CODE" : "267100103",
        "MANAGE_SP1" : "23",
        "MANAGE_SP2" : "정상",
        "DETAIL_SPO" : "정상부",
        "ETC_MATTER" : " ",
        "MNTN_NM" : "아홉산둘레길",
        "PAST_SPOT_" : "2671001030029",
        "MNTN_ID" : "267100103"
      },
      "geometry" : {
        "x" : 394376.85373808153,
        "y" : 297128.76833220012
      }
    },
    {
      "attributes" : {
        "FID" : 29,
        "PMNTN_SPOT" : 95494,
        "MNTN_CODE" : "267100103",
        "MANAGE_SP1" : "23",
        "MANAGE_SP2" : "정상",
        "DETAIL_SPO" : "정상부",
        "ETC_MATTER" : " ",
        "MNTN_NM" : "아홉산둘레길",
        "PAST_SPOT_" : "2671001030030",
        "MNTN_ID" : "267100103"
      },
      "geometry" : {
        "x" : 394964.73592256964,
        "y" : 298331.21253404947
      }
    },
    {
      "attributes" : {
        "FID" : 30,
        "PMNTN_SPOT" : 95495,
        "MNTN_CODE" : "267100103",
        "MANAGE_SP1" : "14",
        "MANAGE_SP2" : "조망점",
        "DETAIL_SPO" : "조망점",
        "ETC_MATTER" : " ",
        "MNTN_NM" : "아홉산둘레길",
        "PAST_SPOT_" : "2671001030031",
        "MNTN_ID" : "267100103"
      },
      "geometry" : {
        "x" : 395149.47471518558,
        "y" : 298724.43175159401
      }
    },
    {
      "attributes" : {
        "FID" : 31,
        "PMNTN_SPOT" : 95496,
        "MNTN_CODE" : "267100103",
        "MANAGE_SP1" : "99",
        "MANAGE_SP2" : "기타",
        "DETAIL_SPO" : "기타",
        "ETC_MATTER" : " ",
        "MNTN_NM" : "아홉산둘레길",
        "PAST_SPOT_" : "2671001030032",
        "MNTN_ID" : "267100103"
      },
      "geometry" : {
        "x" : 395129.64962077932,
        "y" : 299279.88994327927
      }
    },
    {
      "attributes" : {
        "FID" : 32,
        "PMNTN_SPOT" : 95497,
        "MNTN_CODE" : "267100103",
        "MANAGE_SP1" : "10",
        "MANAGE_SP2" : "이정표",
        "DETAIL_SPO" : "이정표",
        "ETC_MATTER" : " ",
        "MNTN_NM" : "아홉산둘레길",
        "PAST_SPOT_" : "2671001030033",
        "MNTN_ID" : "267100103"
      },
      "geometry" : {
        "x" : 393782.49053179094,
        "y" : 295325.72938726831
      }
    },
    {
      "attributes" : {
        "FID" : 33,
        "PMNTN_SPOT" : 95498,
        "MNTN_CODE" : "267100103",
        "MANAGE_SP1" : "99",
        "MANAGE_SP2" : "기타",
        "DETAIL_SPO" : "기타",
        "ETC_MATTER" : " ",
        "MNTN_NM" : "아홉산둘레길",
        "PAST_SPOT_" : "2671001030034",
        "MNTN_ID" : "267100103"
      },
      "geometry" : {
        "x" : 393696.64892217121,
        "y" : 295704.85394219664
      }
    },
    {
      "attributes" : {
        "FID" : 34,
        "PMNTN_SPOT" : 95499,
        "MNTN_CODE" : "267100103",
        "MANAGE_SP1" : "12",
        "MANAGE_SP2" : "위험지역",
        "DETAIL_SPO" : "위험지역",
        "ETC_MATTER" : " ",
        "MNTN_NM" : "아홉산둘레길",
        "PAST_SPOT_" : "2671001030035",
        "MNTN_ID" : "267100103"
      },
      "geometry" : {
        "x" : 393620.51886161615,
        "y" : 298839.42884205154
      }
    },
    {
      "attributes" : {
        "FID" : 35,
        "PMNTN_SPOT" : 95500,
        "MNTN_CODE" : "267100103",
        "MANAGE_SP1" : "12",
        "MANAGE_SP2" : "위험지역",
        "DETAIL_SPO" : "위험지역",
        "ETC_MATTER" : " ",
        "MNTN_NM" : "아홉산둘레길",
        "PAST_SPOT_" : "2671001030036",
        "MNTN_ID" : "267100103"
      },
      "geometry" : {
        "x" : 393533.44679573236,
        "y" : 298244.54196989274
      }
    },
    {
      "attributes" : {
        "FID" : 36,
        "PMNTN_SPOT" : 95501,
        "MNTN_CODE" : "267100103",
        "MANAGE_SP1" : "12",
        "MANAGE_SP2" : "위험지역",
        "DETAIL_SPO" : "위험지역",
        "ETC_MATTER" : " ",
        "MNTN_NM" : "아홉산둘레길",
        "PAST_SPOT_" : "2671001030037",
        "MNTN_ID" : "267100103"
      },
      "geometry" : {
        "x" : 393520.18677583541,
        "y" : 298230.05709520791
      }
    },
    {
      "attributes" : {
        "FID" : 37,
        "PMNTN_SPOT" : 95502,
        "MNTN_CODE" : "267100103",
        "MANAGE_SP1" : "12",
        "MANAGE_SP2" : "위험지역",
        "DETAIL_SPO" : "위험지역",
        "ETC_MATTER" : " ",
        "MNTN_NM" : "아홉산둘레길",
        "PAST_SPOT_" : "2671001030038",
        "MNTN_ID" : "267100103"
      },
      "geometry" : {
        "x" : 392994.50764419825,
        "y" : 297967.64205885405
      }
    },
    {
      "attributes" : {
        "FID" : 38,
        "PMNTN_SPOT" : 98032,
        "MNTN_CODE" : "267100103",
        "MANAGE_SP1" : "10",
        "MANAGE_SP2" : "이정표",
        "DETAIL_SPO" : "이정표, 안내판또는지도, 기타",
        "ETC_MATTER" : " ",
        "MNTN_NM" : "아홉산둘레길",
        "PAST_SPOT_" : "2671001030039",
        "MNTN_ID" : "267100103"
      },
      "geometry" : {
        "x" : 393182.44110000087,
        "y" : 295803.81039999984
      }
    },
    {
      "attributes" : {
        "FID" : 39,
        "PMNTN_SPOT" : 98033,
        "MNTN_CODE" : "267100103",
        "MANAGE_SP1" : "23",
        "MANAGE_SP2" : "정상",
        "DETAIL_SPO" : "정상",
        "ETC_MATTER" : " ",
        "MNTN_NM" : "아홉산둘레길",
        "PAST_SPOT_" : "2671001030040",
        "MNTN_ID" : "267100103"
      },
      "geometry" : {
        "x" : 394912.44659999944,
        "y" : 298309.24750000046
      }
    },
    {
      "attributes" : {
        "FID" : 40,
        "PMNTN_SPOT" : 98034,
        "MNTN_CODE" : "267100103",
        "MANAGE_SP1" : "10",
        "MANAGE_SP2" : "이정표",
        "DETAIL_SPO" : "이정표",
        "ETC_MATTER" : " ",
        "MNTN_NM" : "아홉산둘레길",
        "PAST_SPOT_" : "2671001030041",
        "MNTN_ID" : "267100103"
      },
      "geometry" : {
        "x" : 393671.63709999656,
        "y" : 295661.43700000114
      }
    }
  ]
}