{
  "displayFieldName" : "",
  "fieldAliases" : {
    "FID" : "FID",
    "PMNTN_SN" : "PMNTN_SN",
    "MNTN_CODE" : "MNTN_CODE",
    "MNTN_NM" : "MNTN_NM",
    "PMNTN_NM" : "PMNTN_NM",
    "PMNTN_MAIN" : "PMNTN_MAIN",
    "PMNTN_LT" : "PMNTN_LT",
    "PMNTN_DFFL" : "PMNTN_DFFL",
    "PMNTN_UPPL" : "PMNTN_UPPL",
    "PMNTN_GODN" : "PMNTN_GODN",
    "PMNTN_MTRQ" : "PMNTN_MTRQ",
    "PMNTN_CNRL" : "PMNTN_CNRL",
    "PMNTN_CLS_" : "PMNTN_CLS_",
    "PMNTN_RISK" : "PMNTN_RISK",
    "PMNTN_RECO" : "PMNTN_RECO",
    "DATA_STDR_" : "DATA_STDR_",
    "MNTN_ID" : "MNTN_ID"
  },
  "geometryType" : "esriGeometryPolyline",
  "spatialReference" : {
    "wkt" : "PROJCS[\"PCS_ITRF2000_TM\",GEOGCS[\"GCS_ITRF_2000\",DATUM[\"D_ITRF_2000\",SPHEROID[\"GRS_1980\",6378137.0,298.257222101]],PRIMEM[\"Greenwich\",0.0],UNIT[\"Degree\",0.0174532925199433]],PROJECTION[\"Transverse_Mercator\"],PARAMETER[\"False_Easting\",200000.0],PARAMETER[\"False_Northing\",600000.0],PARAMETER[\"Central_Meridian\",127.0],PARAMETER[\"Scale_Factor\",1.0],PARAMETER[\"Latitude_Of_Origin\",38.0],UNIT[\"Meter\",1.0]]"
  },
  "fields" : [
    {
      "name" : "FID",
      "type" : "esriFieldTypeOID",
      "alias" : "FID"
    },
    {
      "name" : "PMNTN_SN",
      "type" : "esriFieldTypeDouble",
      "alias" : "PMNTN_SN"
    },
    {
      "name" : "MNTN_CODE",
      "type" : "esriFieldTypeString",
      "alias" : "MNTN_CODE",
      "length" : 9
    },
    {
      "name" : "MNTN_NM",
      "type" : "esriFieldTypeString",
      "alias" : "MNTN_NM",
      "length" : 50
    },
    {
      "name" : "PMNTN_NM",
      "type" : "esriFieldTypeString",
      "alias" : "PMNTN_NM",
      "length" : 50
    },
    {
      "name" : "PMNTN_MAIN",
      "type" : "esriFieldTypeString",
      "alias" : "PMNTN_MAIN",
      "length" : 200
    },
    {
      "name" : "PMNTN_LT",
      "type" : "esriFieldTypeSingle",
      "alias" : "PMNTN_LT"
    },
    {
      "name" : "PMNTN_DFFL",
      "type" : "esriFieldTypeString",
      "alias" : "PMNTN_DFFL",
      "length" : 8
    },
    {
      "name" : "PMNTN_UPPL",
      "type" : "esriFieldTypeDouble",
      "alias" : "PMNTN_UPPL"
    },
    {
      "name" : "PMNTN_GODN",
      "type" : "esriFieldTypeDouble",
      "alias" : "PMNTN_GODN"
    },
    {
      "name" : "PMNTN_MTRQ",
      "type" : "esriFieldTypeString",
      "alias" : "PMNTN_MTRQ",
      "length" : 200
    },
    {
      "name" : "PMNTN_CNRL",
      "type" : "esriFieldTypeString",
      "alias" : "PMNTN_CNRL",
      "length" : 1
    },
    {
      "name" : "PMNTN_CLS_",
      "type" : "esriFieldTypeString",
      "alias" : "PMNTN_CLS_",
      "length" : 1
    },
    {
      "name" : "PMNTN_RISK",
      "type" : "esriFieldTypeString",
      "alias" : "PMNTN_RISK",
      "length" : 200
    },
    {
      "name" : "PMNTN_RECO",
      "type" : "esriFieldTypeString",
      "alias" : "PMNTN_RECO",
      "length" : 1
    },
    {
      "name" : "DATA_STDR_",
      "type" : "esriFieldTypeString",
      "alias" : "DATA_STDR_",
      "length" : 10
    },
    {
      "name" : "MNTN_ID",
      "type" : "esriFieldTypeString",
      "alias" : "MNTN_ID",
      "length" : 10
    }
  ],
  "features" : [
    {
      "attributes" : {
        "FID" : 0,
        "PMNTN_SN" : 48153,
        "MNTN_CODE" : "461302801",
        "MNTN_NM" : "천마산",
        "PMNTN_NM" : "평사길18-정상구간",
        "PMNTN_MAIN" : " ",
        "PMNTN_LT" : 1.15,
        "PMNTN_DFFL" : "쉬움",
        "PMNTN_UPPL" : 35,
        "PMNTN_GODN" : 24,
        "PMNTN_MTRQ" : "호박돌/토사",
        "PMNTN_CNRL" : " ",
        "PMNTN_CLS_" : " ",
        "PMNTN_RISK" : "벌주의",
        "PMNTN_RECO" : " ",
        "DATA_STDR_" : "2016-12-31",
        "MNTN_ID" : "461302801"
      },
      "geometry" : {
        "paths" : [
          [
            [
              269904.84069999959,
              231039.28030000255
            ],
            [
              269897.362900001,
              231036.07000000216
            ],
            [
              269893.24940000288,
              231027.56080000103
            ],
            [
              269889.63860000391,
              231019.79670000076
            ],
            [
              269885.8889000034,
              231014.2704000026
            ],
            [
              269879.05929999985,
              231012.37520000152
            ],
            [
              269875.09380000364,
              231016.31220000237
            ],
            [
              269874.75350000337,
              231027.62110000104
            ],
            [
              269874.37350000069,
              231031.45070000365
            ],
            [
              269873.12610000186,
              231035.1827000007
            ],
            [
              269870.174300001,
              231042.46559999883
            ],
            [
              269868.43380000256,
              231046.39180000126
            ],
            [
              269852.70380000025,
              231078.54600000195
            ],
            [
              269850.18209999986,
              231085.42989999987
            ],
            [
              269843.31840000022,
              231111.04210000113
            ],
            [
              269840.22970000189,
              231135.87140000053
            ],
            [
              269832.88910000119,
              231157.12830000184
            ],
            [
              269831.09380000085,
              231163.84770000167
            ],
            [
              269830.34480000287,
              231176.47900000215
            ],
            [
              269829.59020000137,
              231188.23289999925
            ],
            [
              269825.96719999984,
              231201.3665000014
            ],
            [
              269819.12689999957,
              231223.33270000294
            ],
            [
              269816.99349999987,
              231227.74719999917
            ],
            [
              269814.19249999989,
              231229.05299999937
            ],
            [
              269811.47590000089,
              231226.91550000198
            ],
            [
              269809.01490000077,
              231215.62810000032
            ],
            [
              269806.63850000128,
              231207.86020000279
            ],
            [
              269800.17100000009,
              231196.67550000176
            ],
            [
              269792.37650000025,
              231187.09420000203
            ],
            [
              269772.78210000228,
              231177.4235999994
            ],
            [
              269749.21850000322,
              231172.48430000059
            ],
            [
              269738.41090000048,
              231167.63610000163
            ],
            [
              269732.32410000078,
              231163.30720000155
            ],
            [
              269725.04080000054,
              231156.79839999974
            ],
            [
              269713.87370000221,
              231149.46340000071
            ],
            [
              269708.49530000146,
              231147.52690000273
            ],
            [
              269698.78380000219,
              231146.1696000006
            ],
            [
              269688.36660000216,
              231141.07010000199
            ],
            [
              269683.23619999923,
              231135.14499999955
            ],
            [
              269677.17939999979,
              231130.4047000017
            ],
            [
              269673.77930000052,
              231130.24630000256
            ],
            [
              269671.40980000235,
              231130.3638000004
            ],
            [
              269669.15140000265,
              231132.46730000153
            ],
            [
              269667.94689999986,
              231136.42330000177
            ],
            [
              269668.98220000044,
              231144.20289999992
            ],
            [
              269668.78749999963,
              231150.29820000194
            ],
            [
              269668.99700000044,
              231155.73710000142
            ],
            [
              269666.42140000314,
              231164.72130000219
            ],
            [
              269662.78500000108,
              231178.70309999958
            ],
            [
              269656.52190000005,
              231190.52150000259
            ],
            [
              269644.6995000001,
              231209.78470000625
            ],
            [
              269636.55600000173,
              231219.13289999962
            ],
            [
              269624.88960000221,
              231228.68020000309
            ],
            [
              269608.00870000198,
              231260.82160000131
            ],
            [
              269592.71160000097,
              231273.4020000007
            ],
            [
              269565.10509999935,
              231286.93620000221
            ],
            [
              269554.55500000063,
              231290.56399999931
            ],
            [
              269551.90230000112,
              231292.93500000238
            ],
            [
              269550.41029999964,
              231296.38360000215
            ],
            [
              269547.59929999989,
              231306.65749999881
            ],
            [
              269551.19170000125,
              231351.91610000096
            ],
            [
              269556.93010000233,
              231373.38490000181
            ],
            [
              269558.78890000097,
              231387.68249999918
            ],
            [
              269566.28870000038,
              231399.63919999823
            ],
            [
              269568.49629999883,
              231404.41999999993
            ],
            [
              269572.37560000271,
              231411.59100000001
            ],
            [
              269592.56149999984,
              231447.18379999883
            ],
            [
              269595.65150000062,
              231454.61740000173
            ],
            [
              269595.76130000129,
              231460.43290000036
            ],
            [
              269601.38960000128,
              231476.08620000072
            ],
            [
              269599.38710000273,
              231480.83230000176
            ],
            [
              269596.99600000214,
              231485.85360000096
            ],
            [
              269590.83140000142,
              231487.64330000244
            ],
            [
              269581.77740000188,
              231485.94570000097
            ],
            [
              269568.08060000278,
              231483.76720000245
            ],
            [
              269563.95300000254,
              231485.32630000263
            ],
            [
              269561.44930000138,
              231487.83320000023
            ],
            [
              269562.39159999974,
              231491.3861999996
            ],
            [
              269564.84020000044,
              231498.17659999989
            ],
            [
              269563.32259999961,
              231503.88090000115
            ],
            [
              269559.82260000054,
              231511.48200000264
            ],
            [
              269544.07220000215,
              231513.74389999919
            ],
            [
              269538.96160000004,
              231517.37420000136
            ],
            [
              269533.56359999999,
              231525.79510000162
            ],
            [
              269529.2825000016,
              231530.82700000145
            ],
            [
              269517.57189999986,
              231526.50610000081
            ],
            [
              269508.58180000074,
              231525.90900000185
            ],
            [
              269486.91640000045,
              231529.97760000452
            ],
            [
              269484.89599999879,
              231537.10419999994
            ],
            [
              269486.46040000021,
              231546.74310000055
            ],
            [
              269489.58990000188,
              231549.42060000263
            ],
            [
              269492.47500000242,
              231554.25060000271
            ],
            [
              269490.71770000365,
              231567.29640000127
            ],
            [
              269488.02880000137,
              231573.82029999979
            ],
            [
              269484.57870000321,
              231578.89390000328
            ],
            [
              269479.44409999996,
              231580.4374000039
            ],
            [
              269475.68580000009,
              231579.87830000184
            ],
            [
              269472.80860000011,
              231575.36769999936
            ],
            [
              269464.94380000234,
              231575.04380000196
            ],
            [
              269451.23170000128,
              231567.79870000295
            ],
            [
              269445.55590000097,
              231567.23430000059
            ],
            [
              269420.0803000005,
              231555.13950000331
            ]
          ]
        ]
      }
    }
  ]
}