{
  "displayFieldName" : "",
  "fieldAliases" : {
    "FID" : "FID",
    "PMNTN_SN" : "PMNTN_SN",
    "MNTN_CODE" : "MNTN_CODE",
    "MNTN_NM" : "MNTN_NM",
    "PMNTN_NM" : "PMNTN_NM",
    "PMNTN_MAIN" : "PMNTN_MAIN",
    "PMNTN_LT" : "PMNTN_LT",
    "PMNTN_DFFL" : "PMNTN_DFFL",
    "PMNTN_UPPL" : "PMNTN_UPPL",
    "PMNTN_GODN" : "PMNTN_GODN",
    "PMNTN_MTRQ" : "PMNTN_MTRQ",
    "PMNTN_CNRL" : "PMNTN_CNRL",
    "PMNTN_CLS_" : "PMNTN_CLS_",
    "PMNTN_RISK" : "PMNTN_RISK",
    "PMNTN_RECO" : "PMNTN_RECO",
    "DATA_STDR_" : "DATA_STDR_",
    "MNTN_ID" : "MNTN_ID"
  },
  "geometryType" : "esriGeometryPolyline",
  "spatialReference" : {
    "wkt" : "PROJCS[\"PCS_ITRF2000_TM\",GEOGCS[\"GCS_ITRF_2000\",DATUM[\"D_ITRF_2000\",SPHEROID[\"GRS_1980\",6378137.0,298.257222101]],PRIMEM[\"Greenwich\",0.0],UNIT[\"Degree\",0.0174532925199433]],PROJECTION[\"Transverse_Mercator\"],PARAMETER[\"False_Easting\",200000.0],PARAMETER[\"False_Northing\",600000.0],PARAMETER[\"Central_Meridian\",127.0],PARAMETER[\"Scale_Factor\",1.0],PARAMETER[\"Latitude_Of_Origin\",38.0],UNIT[\"Meter\",1.0]]"
  },
  "fields" : [
    {
      "name" : "FID",
      "type" : "esriFieldTypeOID",
      "alias" : "FID"
    },
    {
      "name" : "PMNTN_SN",
      "type" : "esriFieldTypeDouble",
      "alias" : "PMNTN_SN"
    },
    {
      "name" : "MNTN_CODE",
      "type" : "esriFieldTypeString",
      "alias" : "MNTN_CODE",
      "length" : 9
    },
    {
      "name" : "MNTN_NM",
      "type" : "esriFieldTypeString",
      "alias" : "MNTN_NM",
      "length" : 50
    },
    {
      "name" : "PMNTN_NM",
      "type" : "esriFieldTypeString",
      "alias" : "PMNTN_NM",
      "length" : 50
    },
    {
      "name" : "PMNTN_MAIN",
      "type" : "esriFieldTypeString",
      "alias" : "PMNTN_MAIN",
      "length" : 200
    },
    {
      "name" : "PMNTN_LT",
      "type" : "esriFieldTypeSingle",
      "alias" : "PMNTN_LT"
    },
    {
      "name" : "PMNTN_DFFL",
      "type" : "esriFieldTypeString",
      "alias" : "PMNTN_DFFL",
      "length" : 8
    },
    {
      "name" : "PMNTN_UPPL",
      "type" : "esriFieldTypeDouble",
      "alias" : "PMNTN_UPPL"
    },
    {
      "name" : "PMNTN_GODN",
      "type" : "esriFieldTypeDouble",
      "alias" : "PMNTN_GODN"
    },
    {
      "name" : "PMNTN_MTRQ",
      "type" : "esriFieldTypeString",
      "alias" : "PMNTN_MTRQ",
      "length" : 200
    },
    {
      "name" : "PMNTN_CNRL",
      "type" : "esriFieldTypeString",
      "alias" : "PMNTN_CNRL",
      "length" : 1
    },
    {
      "name" : "PMNTN_CLS_",
      "type" : "esriFieldTypeString",
      "alias" : "PMNTN_CLS_",
      "length" : 1
    },
    {
      "name" : "PMNTN_RISK",
      "type" : "esriFieldTypeString",
      "alias" : "PMNTN_RISK",
      "length" : 200
    },
    {
      "name" : "PMNTN_RECO",
      "type" : "esriFieldTypeString",
      "alias" : "PMNTN_RECO",
      "length" : 1
    },
    {
      "name" : "DATA_STDR_",
      "type" : "esriFieldTypeString",
      "alias" : "DATA_STDR_",
      "length" : 10
    },
    {
      "name" : "MNTN_ID",
      "type" : "esriFieldTypeString",
      "alias" : "MNTN_ID",
      "length" : 10
    }
  ],
  "features" : [
    {
      "attributes" : {
        "FID" : 0,
        "PMNTN_SN" : 11388,
        "MNTN_CODE" : "457702501",
        "MNTN_NM" : "대모산",
        "PMNTN_NM" : "백산리구간",
        "PMNTN_MAIN" : " ",
        "PMNTN_LT" : 0.35,
        "PMNTN_DFFL" : "쉬움",
        "PMNTN_UPPL" : 6,
        "PMNTN_GODN" : 4,
        "PMNTN_MTRQ" : " ",
        "PMNTN_CNRL" : " ",
        "PMNTN_CLS_" : " ",
        "PMNTN_RISK" : " ",
        "PMNTN_RECO" : " ",
        "DATA_STDR_" : "2016-12-31",
        "MNTN_ID" : "457702501"
      },
      "geometry" : {
        "paths" : [
          [
            [
              211169.89230000135,
              308746.25000000186
            ],
            [
              211166.68110000156,
              308738.2295999974
            ],
            [
              211162.96210000105,
              308731.70740000159
            ],
            [
              211160.24739999976,
              308724.43989999965
            ],
            [
              211157.5251000002,
              308718.67310000211
            ],
            [
              211152.30150000006,
              308712.89370000176
            ],
            [
              211147.08050000016,
              308706.61400000192
            ],
            [
              211142.10830000415,
              308700.58580000326
            ],
            [
              211136.89230000135,
              308693.30560000241
            ],
            [
              211130.66950000077,
              308687.27100000158
            ],
            [
              211124.94450000301,
              308681.73920000158
            ],
            [
              211120.71890000347,
              308676.46509999968
            ],
            [
              211116.2519999994,
              308669.43890000135
            ],
            [
              211111.85020000115,
              308661.91270000115
            ],
            [
              211108.63019999955,
              308655.64310000092
            ],
            [
              211104.89090000093,
              308653.12290000357
            ],
            [
              211099.64209999889,
              308652.34599999897
            ],
            [
              211094.15579999983,
              308649.06660000421
            ],
            [
              211089.67120000068,
              308645.54210000113
            ],
            [
              211087.70690000057,
              308638.27840000391
            ],
            [
              211088.99540000129,
              308630.78090000153
            ],
            [
              211090.28399999999,
              308623.2835000027
            ],
            [
              211092.56670000125,
              308617.04179999977
            ],
            [
              211092.83450000267,
              308613.54130000621
            ],
            [
              211091.3590000011,
              308608.53120000102
            ],
            [
              211087.13219999894,
              308603.50720000267
            ],
            [
              211082.15370000061,
              308598.72959999926
            ],
            [
              211080.92449999973,
              308594.47110000439
            ],
            [
              211081.69639999978,
              308590.22279999964
            ],
            [
              211086.22640000097,
              308584.74280000106
            ],
            [
              211091.00030000415,
              308580.51469999924
            ],
            [
              211098.51790000312,
              308577.80119999871
            ],
            [
              211106.78600000311,
              308575.09160000086
            ],
            [
              211117.30000000075,
              308573.39380000159
            ],
            [
              211128.80580000114,
              308573.45190000162
            ],
            [
              211140.0588999996,
              308574.00899999961
            ],
            [
              211147.8152999999,
              308573.54790000245
            ],
            [
              211156.0820000004,
              308571.08840000071
            ],
            [
              211164.8591999989,
              308566.63030000217
            ],
            [
              211171.63779999968,
              308561.66200000048
            ],
            [
              211178.612900001,
              308554.94370000437
            ],
            [
              211184.40750000253,
              308546.71859999932
            ],
            [
              211189.70179999899,
              308538.49100000039
            ],
            [
              211194.22930000164,
              308533.51129999943
            ],
            [
              211199.74969999958,
              308530.03730000369
            ],
            [
              211207.76510000322,
              308527.82660000212
            ],
            [
              211214.52479999978,
              308526.6101000011
            ]
          ]
        ]
      }
    },
    {
      "attributes" : {
        "FID" : 1,
        "PMNTN_SN" : 11389,
        "MNTN_CODE" : "457702501",
        "MNTN_NM" : "대모산",
        "PMNTN_NM" : "백산리구간",
        "PMNTN_MAIN" : " ",
        "PMNTN_LT" : 0.23,
        "PMNTN_DFFL" : "쉬움",
        "PMNTN_UPPL" : 4,
        "PMNTN_GODN" : 3,
        "PMNTN_MTRQ" : " ",
        "PMNTN_CNRL" : " ",
        "PMNTN_CLS_" : " ",
        "PMNTN_RISK" : " ",
        "PMNTN_RECO" : " ",
        "DATA_STDR_" : "2016-12-31",
        "MNTN_ID" : "457702501"
      },
      "geometry" : {
        "paths" : [
          [
            [
              211214.52479999978,
              308526.6101000011
            ],
            [
              211225.27260000072,
              308528.16520000435
            ],
            [
              211232.53000000119,
              308527.45150000229
            ],
            [
              211241.7871000031,
              308526.99800000153
            ],
            [
              211253.30170000251,
              308525.30519999936
            ],
            [
              211263.30930000171,
              308524.85550000332
            ],
            [
              211273.07039999869,
              308523.65420000069
            ],
            [
              211282.5727000013,
              308524.2025000006
            ],
            [
              211290.83440000098,
              308522.74340000376
            ],
            [
              211301.35100000072,
              308520.54539999925
            ],
            [
              211312.36529999971,
              308518.85010000132
            ],
            [
              211321.88520000223,
              308515.89660000056
            ],
            [
              211328.91270000301,
              308511.17960000224
            ],
            [
              211332.19979999959,
              308504.19250000082
            ],
            [
              211330.22530000191,
              308498.92979999818
            ],
            [
              211326.50120000076,
              308493.40809999965
            ],
            [
              211320.77869999968,
              308487.37600000203
            ],
            [
              211314.04800000321,
              308482.83970000222
            ],
            [
              211305.04730000347,
              308482.0438000001
            ],
            [
              211299.28180000093,
              308484.51600000262
            ],
            [
              211295.27599999961,
              308485.24609999917
            ],
            [
              211291.52670000307,
              308484.72690000199
            ],
            [
              211288.28900000174,
              308481.95910000056
            ],
            [
              211285.06770000048,
              308475.93970000185
            ],
            [
              211284.35900000017,
              308467.68180000409
            ],
            [
              211285.14220000058,
              308461.18230000138
            ],
            [
              211283.67179999966,
              308455.17180000246
            ],
            [
              211279.19230000116,
              308450.64680000022
            ],
            [
              211268.72119999956,
              308443.8403000012
            ]
          ]
        ]
      }
    },
    {
      "attributes" : {
        "FID" : 2,
        "PMNTN_SN" : 11390,
        "MNTN_CODE" : "457702501",
        "MNTN_NM" : "대모산",
        "PMNTN_NM" : "백산리구간",
        "PMNTN_MAIN" : " ",
        "PMNTN_LT" : 0.15,
        "PMNTN_DFFL" : "쉬움",
        "PMNTN_UPPL" : 3,
        "PMNTN_GODN" : 2,
        "PMNTN_MTRQ" : " ",
        "PMNTN_CNRL" : " ",
        "PMNTN_CLS_" : " ",
        "PMNTN_RISK" : " ",
        "PMNTN_RECO" : " ",
        "DATA_STDR_" : "2016-12-31",
        "MNTN_ID" : "457702501"
      },
      "geometry" : {
        "paths" : [
          [
            [
              211268.72119999956,
              308443.8403000012
            ],
            [
              211268.68580000289,
              308450.84380000085
            ],
            [
              211266.92100000288,
              308453.58640000224
            ],
            [
              211263.66430000123,
              308454.57040000148
            ],
            [
              211260.17019999959,
              308453.05200000294
            ],
            [
              211256.18589999992,
              308449.53000000119
            ],
            [
              211251.4385000011,
              308448.50549999997
            ],
            [
              211247.43149999995,
              308449.48580000363
            ],
            [
              211244.91130000167,
              308453.22499999963
            ],
            [
              211244.63970000297,
              308457.47590000182
            ],
            [
              211247.872299999,
              308461.24420000426
            ],
            [
              211249.60050000343,
              308465.75530000031
            ],
            [
              211248.82990000024,
              308469.75349999964
            ],
            [
              211244.81650000066,
              308471.98440000229
            ],
            [
              211240.56190000288,
              308472.46320000105
            ],
            [
              211235.3143000016,
              308471.43610000424
            ],
            [
              211231.08739999961,
              308466.41220000014
            ],
            [
              211228.34869999997,
              308463.89699999988
            ],
            [
              211224.8394000018,
              308465.38010000251
            ],
            [
              211223.07210000139,
              308468.62280000001
            ],
            [
              211220.27520000096,
              308477.61339999922
            ],
            [
              211218.96770000178,
              308488.86270000041
            ],
            [
              211218.42700000107,
              308496.86419999972
            ],
            [
              211217.37470000051,
              308507.11429999955
            ],
            [
              211216.83400000166,
              308515.11579999886
            ],
            [
              211214.52479999978,
              308526.6101000011
            ]
          ]
        ]
      }
    },
    {
      "attributes" : {
        "FID" : 3,
        "PMNTN_SN" : 11391,
        "MNTN_CODE" : "457702501",
        "MNTN_NM" : "대모산",
        "PMNTN_NM" : "백산리구간",
        "PMNTN_MAIN" : " ",
        "PMNTN_LT" : 0.22,
        "PMNTN_DFFL" : "쉬움",
        "PMNTN_UPPL" : 4,
        "PMNTN_GODN" : 3,
        "PMNTN_MTRQ" : " ",
        "PMNTN_CNRL" : " ",
        "PMNTN_CLS_" : " ",
        "PMNTN_RISK" : " ",
        "PMNTN_RECO" : " ",
        "DATA_STDR_" : "2016-12-31",
        "MNTN_ID" : "457702501"
      },
      "geometry" : {
        "paths" : [
          [
            [
              211268.72119999956,
              308443.8403000012
            ],
            [
              211268.50640000217,
              308436.83560000174
            ],
            [
              211267.79399999976,
              308429.32800000161
            ],
            [
              211266.07850000169,
              308422.31570000015
            ],
            [
              211266.11000000127,
              308416.06260000169
            ],
            [
              211267.89000000246,
              308410.31850000285
            ],
            [
              211273.90060000401,
              308408.84809999913
            ],
            [
              211281.39670000039,
              308410.38679999858
            ],
            [
              211290.37600000016,
              308415.43480000272
            ],
            [
              211296.8590000011,
              308419.46960000135
            ],
            [
              211305.09419999924,
              308423.26320000179
            ],
            [
              211314.57490000129,
              308428.06360000186
            ],
            [
              211325.06880000047,
              308430.36780000106
            ],
            [
              211334.06060000136,
              308432.91450000182
            ],
            [
              211346.04889999982,
              308436.47690000199
            ],
            [
              211357.28180000279,
              308441.03600000404
            ],
            [
              211369.02250000089,
              308444.09690000303
            ],
            [
              211377.51029999927,
              308447.39150000364
            ],
            [
              211386.2368999999,
              308452.93850000203
            ],
            [
              211394.46320000105,
              308458.48289999925
            ],
            [
              211406.56649999972,
              308464.04700000212
            ],
            [
              211416.80140000395,
              308468.10080000013
            ],
            [
              211428.77580000088,
              308474.41449999996
            ],
            [
              211439.75730000064,
              308479.22250000201
            ]
          ]
        ]
      }
    },
    {
      "attributes" : {
        "FID" : 4,
        "PMNTN_SN" : 11392,
        "MNTN_CODE" : "457702501",
        "MNTN_NM" : "대모산",
        "PMNTN_NM" : "백산리구간",
        "PMNTN_MAIN" : " ",
        "PMNTN_LT" : 0.01,
        "PMNTN_DFFL" : "쉬움",
        "PMNTN_UPPL" : 1,
        "PMNTN_GODN" : 0,
        "PMNTN_MTRQ" : " ",
        "PMNTN_CNRL" : " ",
        "PMNTN_CLS_" : " ",
        "PMNTN_RISK" : " ",
        "PMNTN_RECO" : " ",
        "DATA_STDR_" : "2016-12-31",
        "MNTN_ID" : "457702501"
      },
      "geometry" : {
        "paths" : [
          [
            [
              211439.75730000064,
              308479.22250000201
            ],
            [
              211446.74940000009,
              308481.50899999961
            ],
            [
              211453.49770000018,
              308482.54360000044
            ]
          ]
        ]
      }
    },
    {
      "attributes" : {
        "FID" : 5,
        "PMNTN_SN" : 11393,
        "MNTN_CODE" : "457702501",
        "MNTN_NM" : "대모산",
        "PMNTN_NM" : "백산리구간",
        "PMNTN_MAIN" : " ",
        "PMNTN_LT" : 0.08,
        "PMNTN_DFFL" : "쉬움",
        "PMNTN_UPPL" : 1,
        "PMNTN_GODN" : 1,
        "PMNTN_MTRQ" : " ",
        "PMNTN_CNRL" : " ",
        "PMNTN_CLS_" : " ",
        "PMNTN_RISK" : " ",
        "PMNTN_RECO" : " ",
        "DATA_STDR_" : "2016-12-31",
        "MNTN_ID" : "457702501"
      },
      "geometry" : {
        "paths" : [
          [
            [
              211439.75730000064,
              308479.22250000201
            ],
            [
              211438.47260000184,
              308485.96959999949
            ],
            [
              211438.43970000092,
              308492.4728000015
            ],
            [
              211440.39900000114,
              308500.73699999973
            ],
            [
              211444.35930000059,
              308509.01140000112
            ],
            [
              211446.82010000106,
              308517.02800000086
            ],
            [
              211446.78089999873,
              308524.78190000355
            ],
            [
              211444.24560000002,
              308531.52260000072
            ],
            [
              211440.97250000108,
              308535.75830000453
            ],
            [
              211434.95680000354,
              308538.22930000164
            ],
            [
              211428.94370000064,
              308540.19989999942
            ],
            [
              211424.91390000097,
              308545.68249999918
            ]
          ]
        ]
      }
    }
  ]
}