{
  "displayFieldName" : "",
  "fieldAliases" : {
    "FID" : "FID",
    "PMNTN_SPOT" : "PMNTN_SPOT",
    "MNTN_CODE" : "MNTN_CODE",
    "MANAGE_SP1" : "MANAGE_SP1",
    "MANAGE_SP2" : "MANAGE_SP2",
    "DETAIL_SPO" : "DETAIL_SPO",
    "ETC_MATTER" : "ETC_MATTER",
    "MNTN_NM" : "MNTN_NM",
    "PAST_SPOT_" : "PAST_SPOT_",
    "MNTN_ID" : "MNTN_ID"
  },
  "geometryType" : "esriGeometryPoint",
  "spatialReference" : {
    "wkt" : "PROJCS[\"PCS_ITRF2000_TM\",GEOGCS[\"GCS_ITRF_2000\",DATUM[\"D_ITRF_2000\",SPHEROID[\"GRS_1980\",6378137.0,298.257222101]],PRIMEM[\"Greenwich\",0.0],UNIT[\"Degree\",0.0174532925199433]],PROJECTION[\"Transverse_Mercator\"],PARAMETER[\"False_Easting\",200000.0],PARAMETER[\"False_Northing\",600000.0],PARAMETER[\"Central_Meridian\",127.0],PARAMETER[\"Scale_Factor\",1.0],PARAMETER[\"Latitude_Of_Origin\",38.0],UNIT[\"Meter\",1.0]]"
  },
  "fields" : [
    {
      "name" : "FID",
      "type" : "esriFieldTypeOID",
      "alias" : "FID"
    },
    {
      "name" : "PMNTN_SPOT",
      "type" : "esriFieldTypeDouble",
      "alias" : "PMNTN_SPOT"
    },
    {
      "name" : "MNTN_CODE",
      "type" : "esriFieldTypeString",
      "alias" : "MNTN_CODE",
      "length" : 9
    },
    {
      "name" : "MANAGE_SP1",
      "type" : "esriFieldTypeString",
      "alias" : "MANAGE_SP1",
      "length" : 2
    },
    {
      "name" : "MANAGE_SP2",
      "type" : "esriFieldTypeString",
      "alias" : "MANAGE_SP2",
      "length" : 50
    },
    {
      "name" : "DETAIL_SPO",
      "type" : "esriFieldTypeString",
      "alias" : "DETAIL_SPO",
      "length" : 200
    },
    {
      "name" : "ETC_MATTER",
      "type" : "esriFieldTypeString",
      "alias" : "ETC_MATTER",
      "length" : 200
    },
    {
      "name" : "MNTN_NM",
      "type" : "esriFieldTypeString",
      "alias" : "MNTN_NM",
      "length" : 50
    },
    {
      "name" : "PAST_SPOT_",
      "type" : "esriFieldTypeString",
      "alias" : "PAST_SPOT_",
      "length" : 14
    },
    {
      "name" : "MNTN_ID",
      "type" : "esriFieldTypeString",
      "alias" : "MNTN_ID",
      "length" : 10
    }
  ],
  "features" : [
    {
      "attributes" : {
        "FID" : 0,
        "PMNTN_SPOT" : 2212,
        "MNTN_CODE" : "418200201",
        "MANAGE_SP1" : "02",
        "MANAGE_SP2" : "분기점",
        "DETAIL_SPO" : "분기점",
        "ETC_MATTER" : " ",
        "MNTN_NM" : "강씨봉",
        "PAST_SPOT_" : "4182002010001",
        "MNTN_ID" : "418200201"
      },
      "geometry" : {
        "x" : 233277.35220000055,
        "y" : 594689.39949999936
      }
    },
    {
      "attributes" : {
        "FID" : 1,
        "PMNTN_SPOT" : 2213,
        "MNTN_CODE" : "418200201",
        "MANAGE_SP1" : "02",
        "MANAGE_SP2" : "분기점",
        "DETAIL_SPO" : "분기점",
        "ETC_MATTER" : " ",
        "MNTN_NM" : "강씨봉",
        "PAST_SPOT_" : "4182002010002",
        "MNTN_ID" : "418200201"
      },
      "geometry" : {
        "x" : 233410.00229999982,
        "y" : 594791.10950000025
      }
    },
    {
      "attributes" : {
        "FID" : 2,
        "PMNTN_SPOT" : 2214,
        "MNTN_CODE" : "418200201",
        "MANAGE_SP1" : "02",
        "MANAGE_SP2" : "분기점",
        "DETAIL_SPO" : "분기점",
        "ETC_MATTER" : " ",
        "MNTN_NM" : "강씨봉",
        "PAST_SPOT_" : "4182002010003",
        "MNTN_ID" : "418200201"
      },
      "geometry" : {
        "x" : 233718.86800000072,
        "y" : 595237.17360000126
      }
    },
    {
      "attributes" : {
        "FID" : 3,
        "PMNTN_SPOT" : 2215,
        "MNTN_CODE" : "418200201",
        "MANAGE_SP1" : "02",
        "MANAGE_SP2" : "분기점",
        "DETAIL_SPO" : "분기점",
        "ETC_MATTER" : " ",
        "MNTN_NM" : "강씨봉",
        "PAST_SPOT_" : "4182002010004",
        "MNTN_ID" : "418200201"
      },
      "geometry" : {
        "x" : 234959.40940000024,
        "y" : 596989.13160000183
      }
    },
    {
      "attributes" : {
        "FID" : 4,
        "PMNTN_SPOT" : 2216,
        "MNTN_CODE" : "418200201",
        "MANAGE_SP1" : "10",
        "MANAGE_SP2" : "이정표",
        "DETAIL_SPO" : "이정표",
        "ETC_MATTER" : " ",
        "MNTN_NM" : "강씨봉",
        "PAST_SPOT_" : "4182002010005",
        "MNTN_ID" : "418200201"
      },
      "geometry" : {
        "x" : 233395.90460000001,
        "y" : 594808.45820000395
      }
    },
    {
      "attributes" : {
        "FID" : 5,
        "PMNTN_SPOT" : 2217,
        "MNTN_CODE" : "418200201",
        "MANAGE_SP1" : "99",
        "MANAGE_SP2" : "기타",
        "DETAIL_SPO" : "기타",
        "ETC_MATTER" : " ",
        "MNTN_NM" : "강씨봉",
        "PAST_SPOT_" : "4182002010006",
        "MNTN_ID" : "418200201"
      },
      "geometry" : {
        "x" : 233117.67989999894,
        "y" : 594862.29840000719
      }
    },
    {
      "attributes" : {
        "FID" : 6,
        "PMNTN_SPOT" : 2218,
        "MNTN_CODE" : "418200201",
        "MANAGE_SP1" : "10",
        "MANAGE_SP2" : "이정표",
        "DETAIL_SPO" : "이정표",
        "ETC_MATTER" : " ",
        "MNTN_NM" : "강씨봉",
        "PAST_SPOT_" : "4182002010007",
        "MNTN_ID" : "418200201"
      },
      "geometry" : {
        "x" : 233339.35130000208,
        "y" : 595288.25090000406
      }
    },
    {
      "attributes" : {
        "FID" : 7,
        "PMNTN_SPOT" : 2219,
        "MNTN_CODE" : "418200201",
        "MANAGE_SP1" : "10",
        "MANAGE_SP2" : "이정표",
        "DETAIL_SPO" : "이정표",
        "ETC_MATTER" : " ",
        "MNTN_NM" : "강씨봉",
        "PAST_SPOT_" : "4182002010008",
        "MNTN_ID" : "418200201"
      },
      "geometry" : {
        "x" : 233777.10800000373,
        "y" : 595598.79160000384
      }
    },
    {
      "attributes" : {
        "FID" : 8,
        "PMNTN_SPOT" : 2220,
        "MNTN_CODE" : "418200201",
        "MANAGE_SP1" : "10",
        "MANAGE_SP2" : "이정표",
        "DETAIL_SPO" : "이정표",
        "ETC_MATTER" : " ",
        "MNTN_NM" : "강씨봉",
        "PAST_SPOT_" : "4182002010009",
        "MNTN_ID" : "418200201"
      },
      "geometry" : {
        "x" : 233816.95449999906,
        "y" : 596117.39530000091
      }
    },
    {
      "attributes" : {
        "FID" : 9,
        "PMNTN_SPOT" : 2221,
        "MNTN_CODE" : "418200201",
        "MANAGE_SP1" : "10",
        "MANAGE_SP2" : "이정표",
        "DETAIL_SPO" : "이정표",
        "ETC_MATTER" : " ",
        "MNTN_NM" : "강씨봉",
        "PAST_SPOT_" : "4165005010010",
        "MNTN_ID" : "416500501"
      },
      "geometry" : {
        "x" : 233234.93059999961,
        "y" : 596275.35680000111
      }
    },
    {
      "attributes" : {
        "FID" : 10,
        "PMNTN_SPOT" : 2222,
        "MNTN_CODE" : "418200201",
        "MANAGE_SP1" : "99",
        "MANAGE_SP2" : "기타",
        "DETAIL_SPO" : "기타",
        "ETC_MATTER" : " ",
        "MNTN_NM" : "강씨봉",
        "PAST_SPOT_" : "4165005010011",
        "MNTN_ID" : "416500501"
      },
      "geometry" : {
        "x" : 233406.83130000066,
        "y" : 596459.17920000106
      }
    },
    {
      "attributes" : {
        "FID" : 11,
        "PMNTN_SPOT" : 2223,
        "MNTN_CODE" : "418200201",
        "MANAGE_SP1" : "11",
        "MANAGE_SP2" : "안내판또는지도",
        "DETAIL_SPO" : "안내판",
        "ETC_MATTER" : " ",
        "MNTN_NM" : "강씨봉",
        "PAST_SPOT_" : "4182002010012",
        "MNTN_ID" : "418200201"
      },
      "geometry" : {
        "x" : 236139.04759999923,
        "y" : 596574.32130000181
      }
    },
    {
      "attributes" : {
        "FID" : 12,
        "PMNTN_SPOT" : 2224,
        "MNTN_CODE" : "418200201",
        "MANAGE_SP1" : "10",
        "MANAGE_SP2" : "이정표",
        "DETAIL_SPO" : "이정표",
        "ETC_MATTER" : " ",
        "MNTN_NM" : "강씨봉",
        "PAST_SPOT_" : "4182002010013",
        "MNTN_ID" : "418200201"
      },
      "geometry" : {
        "x" : 236102.72070000041,
        "y" : 596586.42680000141
      }
    },
    {
      "attributes" : {
        "FID" : 13,
        "PMNTN_SPOT" : 2225,
        "MNTN_CODE" : "418200201",
        "MANAGE_SP1" : "10",
        "MANAGE_SP2" : "이정표",
        "DETAIL_SPO" : "이정표",
        "ETC_MATTER" : " ",
        "MNTN_NM" : "강씨봉",
        "PAST_SPOT_" : "4182002010014",
        "MNTN_ID" : "418200201"
      },
      "geometry" : {
        "x" : 234313.25079999957,
        "y" : 596611.12130000256
      }
    },
    {
      "attributes" : {
        "FID" : 14,
        "PMNTN_SPOT" : 2226,
        "MNTN_CODE" : "418200201",
        "MANAGE_SP1" : "10",
        "MANAGE_SP2" : "이정표",
        "DETAIL_SPO" : "이정표",
        "ETC_MATTER" : " ",
        "MNTN_NM" : "강씨봉",
        "PAST_SPOT_" : "4182002010015",
        "MNTN_ID" : "418200201"
      },
      "geometry" : {
        "x" : 235627.3739999989,
        "y" : 596700.23320000246
      }
    },
    {
      "attributes" : {
        "FID" : 15,
        "PMNTN_SPOT" : 2227,
        "MNTN_CODE" : "418200201",
        "MANAGE_SP1" : "10",
        "MANAGE_SP2" : "이정표",
        "DETAIL_SPO" : "이정표",
        "ETC_MATTER" : " ",
        "MNTN_NM" : "강씨봉",
        "PAST_SPOT_" : "4182002010016",
        "MNTN_ID" : "418200201"
      },
      "geometry" : {
        "x" : 235983.4439999992,
        "y" : 596718.50239999779
      }
    },
    {
      "attributes" : {
        "FID" : 16,
        "PMNTN_SPOT" : 2228,
        "MNTN_CODE" : "418200201",
        "MANAGE_SP1" : "23",
        "MANAGE_SP2" : "정상",
        "DETAIL_SPO" : "정상부",
        "ETC_MATTER" : " ",
        "MNTN_NM" : "강씨봉",
        "PAST_SPOT_" : "4182002010017",
        "MNTN_ID" : "418200201"
      },
      "geometry" : {
        "x" : 233597.86060000118,
        "y" : 596720.82680000365
      }
    },
    {
      "attributes" : {
        "FID" : 17,
        "PMNTN_SPOT" : 2229,
        "MNTN_CODE" : "418200201",
        "MANAGE_SP1" : "10",
        "MANAGE_SP2" : "이정표",
        "DETAIL_SPO" : "이정표",
        "ETC_MATTER" : " ",
        "MNTN_NM" : "강씨봉",
        "PAST_SPOT_" : "4182002010018",
        "MNTN_ID" : "418200201"
      },
      "geometry" : {
        "x" : 235292.02440000046,
        "y" : 596943.24850000255
      }
    },
    {
      "attributes" : {
        "FID" : 18,
        "PMNTN_SPOT" : 2230,
        "MNTN_CODE" : "418200201",
        "MANAGE_SP1" : "99",
        "MANAGE_SP2" : "기타",
        "DETAIL_SPO" : "기타",
        "ETC_MATTER" : " ",
        "MNTN_NM" : "강씨봉",
        "PAST_SPOT_" : "4165005010019",
        "MNTN_ID" : "416500501"
      },
      "geometry" : {
        "x" : 233643.75380000006,
        "y" : 597225.18090000004
      }
    },
    {
      "attributes" : {
        "FID" : 19,
        "PMNTN_SPOT" : 2231,
        "MNTN_CODE" : "418200201",
        "MANAGE_SP1" : "10",
        "MANAGE_SP2" : "이정표",
        "DETAIL_SPO" : "이정표",
        "ETC_MATTER" : " ",
        "MNTN_NM" : "강씨봉",
        "PAST_SPOT_" : "4182002010020",
        "MNTN_ID" : "418200201"
      },
      "geometry" : {
        "x" : 234606.94320000149,
        "y" : 597474.51340000145
      }
    },
    {
      "attributes" : {
        "FID" : 20,
        "PMNTN_SPOT" : 2232,
        "MNTN_CODE" : "418200201",
        "MANAGE_SP1" : "10",
        "MANAGE_SP2" : "이정표",
        "DETAIL_SPO" : "이정표",
        "ETC_MATTER" : " ",
        "MNTN_NM" : "강씨봉",
        "PAST_SPOT_" : "4165005010021",
        "MNTN_ID" : "416500501"
      },
      "geometry" : {
        "x" : 233761.85830000415,
        "y" : 597482.48299999721
      }
    },
    {
      "attributes" : {
        "FID" : 21,
        "PMNTN_SPOT" : 2233,
        "MNTN_CODE" : "418200201",
        "MANAGE_SP1" : "10",
        "MANAGE_SP2" : "이정표",
        "DETAIL_SPO" : "이정표",
        "ETC_MATTER" : " ",
        "MNTN_NM" : "강씨봉",
        "PAST_SPOT_" : "4182002010022",
        "MNTN_ID" : "418200201"
      },
      "geometry" : {
        "x" : 234435.74580000248,
        "y" : 597706.38020000048
      }
    },
    {
      "attributes" : {
        "FID" : 22,
        "PMNTN_SPOT" : 2234,
        "MNTN_CODE" : "418200201",
        "MANAGE_SP1" : "10",
        "MANAGE_SP2" : "이정표",
        "DETAIL_SPO" : "이정표",
        "ETC_MATTER" : " ",
        "MNTN_NM" : "강씨봉",
        "PAST_SPOT_" : "4182002010023",
        "MNTN_ID" : "418200201"
      },
      "geometry" : {
        "x" : 233942.756500002,
        "y" : 597903.61410000175
      }
    }
  ]
}