{
  "displayFieldName" : "",
  "fieldAliases" : {
    "FID" : "FID",
    "PMNTN_SPOT" : "PMNTN_SPOT",
    "MNTN_CODE" : "MNTN_CODE",
    "MANAGE_SP1" : "MANAGE_SP1",
    "MANAGE_SP2" : "MANAGE_SP2",
    "DETAIL_SPO" : "DETAIL_SPO",
    "ETC_MATTER" : "ETC_MATTER",
    "MNTN_NM" : "MNTN_NM",
    "PAST_SPOT_" : "PAST_SPOT_",
    "MNTN_ID" : "MNTN_ID"
  },
  "geometryType" : "esriGeometryPoint",
  "spatialReference" : {
    "wkt" : "PROJCS[\"PCS_ITRF2000_TM\",GEOGCS[\"GCS_ITRF_2000\",DATUM[\"D_ITRF_2000\",SPHEROID[\"GRS_1980\",6378137.0,298.257222101]],PRIMEM[\"Greenwich\",0.0],UNIT[\"Degree\",0.0174532925199433]],PROJECTION[\"Transverse_Mercator\"],PARAMETER[\"False_Easting\",200000.0],PARAMETER[\"False_Northing\",600000.0],PARAMETER[\"Central_Meridian\",127.0],PARAMETER[\"Scale_Factor\",1.0],PARAMETER[\"Latitude_Of_Origin\",38.0],UNIT[\"Meter\",1.0]]"
  },
  "fields" : [
    {
      "name" : "FID",
      "type" : "esriFieldTypeOID",
      "alias" : "FID"
    },
    {
      "name" : "PMNTN_SPOT",
      "type" : "esriFieldTypeDouble",
      "alias" : "PMNTN_SPOT"
    },
    {
      "name" : "MNTN_CODE",
      "type" : "esriFieldTypeString",
      "alias" : "MNTN_CODE",
      "length" : 9
    },
    {
      "name" : "MANAGE_SP1",
      "type" : "esriFieldTypeString",
      "alias" : "MANAGE_SP1",
      "length" : 2
    },
    {
      "name" : "MANAGE_SP2",
      "type" : "esriFieldTypeString",
      "alias" : "MANAGE_SP2",
      "length" : 50
    },
    {
      "name" : "DETAIL_SPO",
      "type" : "esriFieldTypeString",
      "alias" : "DETAIL_SPO",
      "length" : 200
    },
    {
      "name" : "ETC_MATTER",
      "type" : "esriFieldTypeString",
      "alias" : "ETC_MATTER",
      "length" : 200
    },
    {
      "name" : "MNTN_NM",
      "type" : "esriFieldTypeString",
      "alias" : "MNTN_NM",
      "length" : 50
    },
    {
      "name" : "PAST_SPOT_",
      "type" : "esriFieldTypeString",
      "alias" : "PAST_SPOT_",
      "length" : 14
    },
    {
      "name" : "MNTN_ID",
      "type" : "esriFieldTypeString",
      "alias" : "MNTN_ID",
      "length" : 10
    }
  ],
  "features" : [
    {
      "attributes" : {
        "FID" : 0,
        "PMNTN_SPOT" : 9926,
        "MNTN_CODE" : "437200401",
        "MANAGE_SP1" : "99",
        "MANAGE_SP2" : "기타",
        "DETAIL_SPO" : "기타",
        "ETC_MATTER" : " ",
        "MNTN_NM" : "구병산",
        "PAST_SPOT_" : "23030204000001",
        "MNTN_ID" : "2303020400"
      },
      "geometry" : {
        "x" : 276136.52670000028,
        "y" : 430814.73619999737
      }
    },
    {
      "attributes" : {
        "FID" : 1,
        "PMNTN_SPOT" : 9927,
        "MNTN_CODE" : "437200401",
        "MANAGE_SP1" : "18",
        "MANAGE_SP2" : "주차장",
        "DETAIL_SPO" : "주차장",
        "ETC_MATTER" : " ",
        "MNTN_NM" : "구병산",
        "PAST_SPOT_" : "23030204000002",
        "MNTN_ID" : "2303020400"
      },
      "geometry" : {
        "x" : 277988.62920000218,
        "y" : 431926.04289999977
      }
    },
    {
      "attributes" : {
        "FID" : 2,
        "PMNTN_SPOT" : 9928,
        "MNTN_CODE" : "437200401",
        "MANAGE_SP1" : "99",
        "MANAGE_SP2" : "기타",
        "DETAIL_SPO" : "펜션",
        "ETC_MATTER" : " ",
        "MNTN_NM" : "구병산",
        "PAST_SPOT_" : "23030204000003",
        "MNTN_ID" : "2303020400"
      },
      "geometry" : {
        "x" : 278029.06310000177,
        "y" : 431688.47870000079
      }
    },
    {
      "attributes" : {
        "FID" : 3,
        "PMNTN_SPOT" : 9929,
        "MNTN_CODE" : "437200401",
        "MANAGE_SP1" : "99",
        "MANAGE_SP2" : "기타",
        "DETAIL_SPO" : "기타",
        "ETC_MATTER" : " ",
        "MNTN_NM" : "구병산",
        "PAST_SPOT_" : "23030204000004",
        "MNTN_ID" : "2303020400"
      },
      "geometry" : {
        "x" : 277922.44780000206,
        "y" : 431614.38720000163
      }
    },
    {
      "attributes" : {
        "FID" : 4,
        "PMNTN_SPOT" : 9930,
        "MNTN_CODE" : "437200401",
        "MANAGE_SP1" : "99",
        "MANAGE_SP2" : "기타",
        "DETAIL_SPO" : "기타",
        "ETC_MATTER" : " ",
        "MNTN_NM" : "구병산",
        "PAST_SPOT_" : "23030204000005",
        "MNTN_ID" : "2303020400"
      },
      "geometry" : {
        "x" : 277692.91650000401,
        "y" : 431657.93429999985
      }
    },
    {
      "attributes" : {
        "FID" : 5,
        "PMNTN_SPOT" : 9931,
        "MNTN_CODE" : "437200401",
        "MANAGE_SP1" : "99",
        "MANAGE_SP2" : "기타",
        "DETAIL_SPO" : "기타",
        "ETC_MATTER" : " ",
        "MNTN_NM" : "구병산",
        "PAST_SPOT_" : "23030204000006",
        "MNTN_ID" : "2303020400"
      },
      "geometry" : {
        "x" : 277677.75710000191,
        "y" : 431582.59129999951
      }
    },
    {
      "attributes" : {
        "FID" : 6,
        "PMNTN_SPOT" : 9932,
        "MNTN_CODE" : "437200401",
        "MANAGE_SP1" : "99",
        "MANAGE_SP2" : "기타",
        "DETAIL_SPO" : "기타",
        "ETC_MATTER" : " ",
        "MNTN_NM" : "구병산",
        "PAST_SPOT_" : "23030204000007",
        "MNTN_ID" : "2303020400"
      },
      "geometry" : {
        "x" : 276909.54160000011,
        "y" : 430784.74080000073
      }
    },
    {
      "attributes" : {
        "FID" : 7,
        "PMNTN_SPOT" : 9933,
        "MNTN_CODE" : "437200401",
        "MANAGE_SP1" : "99",
        "MANAGE_SP2" : "기타",
        "DETAIL_SPO" : "기타",
        "ETC_MATTER" : " ",
        "MNTN_NM" : "구병산",
        "PAST_SPOT_" : "23030204000008",
        "MNTN_ID" : "2303020400"
      },
      "geometry" : {
        "x" : 277685.12679999974,
        "y" : 431427.28360000066
      }
    },
    {
      "attributes" : {
        "FID" : 8,
        "PMNTN_SPOT" : 9934,
        "MNTN_CODE" : "437200401",
        "MANAGE_SP1" : "06",
        "MANAGE_SP2" : "음수대",
        "DETAIL_SPO" : "구병약샘",
        "ETC_MATTER" : " ",
        "MNTN_NM" : "구병산",
        "PAST_SPOT_" : "23030204000009",
        "MNTN_ID" : "2303020400"
      },
      "geometry" : {
        "x" : 277749.15520000271,
        "y" : 431450.05510000139
      }
    },
    {
      "attributes" : {
        "FID" : 9,
        "PMNTN_SPOT" : 9935,
        "MNTN_CODE" : "437200401",
        "MANAGE_SP1" : "99",
        "MANAGE_SP2" : "기타",
        "DETAIL_SPO" : "기타",
        "ETC_MATTER" : " ",
        "MNTN_NM" : "구병산",
        "PAST_SPOT_" : "23030204000010",
        "MNTN_ID" : "2303020400"
      },
      "geometry" : {
        "x" : 277866.85050000343,
        "y" : 428828.25850000232
      }
    },
    {
      "attributes" : {
        "FID" : 10,
        "PMNTN_SPOT" : 9936,
        "MNTN_CODE" : "437200401",
        "MANAGE_SP1" : "99",
        "MANAGE_SP2" : "기타",
        "DETAIL_SPO" : "철계단",
        "ETC_MATTER" : " ",
        "MNTN_NM" : "구병산",
        "PAST_SPOT_" : "23030204000011",
        "MNTN_ID" : "2303020400"
      },
      "geometry" : {
        "x" : 277429.93910000194,
        "y" : 430098.45990000106
      }
    },
    {
      "attributes" : {
        "FID" : 11,
        "PMNTN_SPOT" : 9937,
        "MNTN_CODE" : "437200401",
        "MANAGE_SP1" : "99",
        "MANAGE_SP2" : "기타",
        "DETAIL_SPO" : "기타",
        "ETC_MATTER" : " ",
        "MNTN_NM" : "구병산",
        "PAST_SPOT_" : "23030204000012",
        "MNTN_ID" : "2303020400"
      },
      "geometry" : {
        "x" : 277205.01500000246,
        "y" : 428983.25350000151
      }
    },
    {
      "attributes" : {
        "FID" : 12,
        "PMNTN_SPOT" : 9938,
        "MNTN_CODE" : "437200401",
        "MANAGE_SP1" : "99",
        "MANAGE_SP2" : "기타",
        "DETAIL_SPO" : "기타",
        "ETC_MATTER" : " ",
        "MNTN_NM" : "구병산",
        "PAST_SPOT_" : "23030204000013",
        "MNTN_ID" : "2303020400"
      },
      "geometry" : {
        "x" : 277195.04120000266,
        "y" : 428761.20300000161
      }
    },
    {
      "attributes" : {
        "FID" : 13,
        "PMNTN_SPOT" : 9939,
        "MNTN_CODE" : "437200401",
        "MANAGE_SP1" : "99",
        "MANAGE_SP2" : "기타",
        "DETAIL_SPO" : "기타",
        "ETC_MATTER" : " ",
        "MNTN_NM" : "구병산",
        "PAST_SPOT_" : "23030204000014",
        "MNTN_ID" : "2303020400"
      },
      "geometry" : {
        "x" : 278975.41399999987,
        "y" : 429337.71610000357
      }
    },
    {
      "attributes" : {
        "FID" : 14,
        "PMNTN_SPOT" : 9940,
        "MNTN_CODE" : "437200401",
        "MANAGE_SP1" : "99",
        "MANAGE_SP2" : "기타",
        "DETAIL_SPO" : "산신각",
        "ETC_MATTER" : " ",
        "MNTN_NM" : "구병산",
        "PAST_SPOT_" : "23030204000015",
        "MNTN_ID" : "2303020400"
      },
      "geometry" : {
        "x" : 278592.38709999993,
        "y" : 429395.26970000193
      }
    },
    {
      "attributes" : {
        "FID" : 15,
        "PMNTN_SPOT" : 9941,
        "MNTN_CODE" : "437200401",
        "MANAGE_SP1" : "99",
        "MANAGE_SP2" : "기타",
        "DETAIL_SPO" : "기타",
        "ETC_MATTER" : " ",
        "MNTN_NM" : "구병산",
        "PAST_SPOT_" : "23030204000016",
        "MNTN_ID" : "2303020400"
      },
      "geometry" : {
        "x" : 277209.07249999978,
        "y" : 430374.21310000122
      }
    },
    {
      "attributes" : {
        "FID" : 16,
        "PMNTN_SPOT" : 9942,
        "MNTN_CODE" : "437200401",
        "MANAGE_SP1" : "99",
        "MANAGE_SP2" : "기타",
        "DETAIL_SPO" : "기타",
        "ETC_MATTER" : " ",
        "MNTN_NM" : "구병산",
        "PAST_SPOT_" : "23030204000017",
        "MNTN_ID" : "2303020400"
      },
      "geometry" : {
        "x" : 277276.00600000098,
        "y" : 430065.95050000213
      }
    },
    {
      "attributes" : {
        "FID" : 17,
        "PMNTN_SPOT" : 9943,
        "MNTN_CODE" : "437200401",
        "MANAGE_SP1" : "99",
        "MANAGE_SP2" : "기타",
        "DETAIL_SPO" : "기타",
        "ETC_MATTER" : "분기노선",
        "MNTN_NM" : "구병산",
        "PAST_SPOT_" : "23030204000018",
        "MNTN_ID" : "2303020400"
      },
      "geometry" : {
        "x" : 277580.5344000021,
        "y" : 430464.74420000054
      }
    },
    {
      "attributes" : {
        "FID" : 18,
        "PMNTN_SPOT" : 9944,
        "MNTN_CODE" : "437200401",
        "MANAGE_SP1" : "99",
        "MANAGE_SP2" : "기타",
        "DETAIL_SPO" : "기타",
        "ETC_MATTER" : "분기노선",
        "MNTN_NM" : "구병산",
        "PAST_SPOT_" : "23030204000019",
        "MNTN_ID" : "2303020400"
      },
      "geometry" : {
        "x" : 277856.21329999994,
        "y" : 430429.28710000217
      }
    },
    {
      "attributes" : {
        "FID" : 19,
        "PMNTN_SPOT" : 9945,
        "MNTN_CODE" : "437200401",
        "MANAGE_SP1" : "99",
        "MANAGE_SP2" : "기타",
        "DETAIL_SPO" : "기타",
        "ETC_MATTER" : "분기노선",
        "MNTN_NM" : "구병산",
        "PAST_SPOT_" : "23030204000020",
        "MNTN_ID" : "2303020400"
      },
      "geometry" : {
        "x" : 277758.05350000225,
        "y" : 430290.34390000254
      }
    },
    {
      "attributes" : {
        "FID" : 20,
        "PMNTN_SPOT" : 9946,
        "MNTN_CODE" : "437200401",
        "MANAGE_SP1" : "99",
        "MANAGE_SP2" : "기타",
        "DETAIL_SPO" : "기타",
        "ETC_MATTER" : " ",
        "MNTN_NM" : "구병산",
        "PAST_SPOT_" : "23030204000021",
        "MNTN_ID" : "2303020400"
      },
      "geometry" : {
        "x" : 277812.39749999996,
        "y" : 430228.01700000279
      }
    },
    {
      "attributes" : {
        "FID" : 21,
        "PMNTN_SPOT" : 9947,
        "MNTN_CODE" : "437200401",
        "MANAGE_SP1" : "99",
        "MANAGE_SP2" : "기타",
        "DETAIL_SPO" : "기타",
        "ETC_MATTER" : " ",
        "MNTN_NM" : "구병산",
        "PAST_SPOT_" : "23030204000022",
        "MNTN_ID" : "2303020400"
      },
      "geometry" : {
        "x" : 277829.42570000049,
        "y" : 430328.05320000276
      }
    },
    {
      "attributes" : {
        "FID" : 22,
        "PMNTN_SPOT" : 9948,
        "MNTN_CODE" : "437200401",
        "MANAGE_SP1" : "99",
        "MANAGE_SP2" : "기타",
        "DETAIL_SPO" : "기타",
        "ETC_MATTER" : "분기노선",
        "MNTN_NM" : "구병산",
        "PAST_SPOT_" : "23030204000023",
        "MNTN_ID" : "2303020400"
      },
      "geometry" : {
        "x" : 278050.7694000015,
        "y" : 430474.32250000164
      }
    },
    {
      "attributes" : {
        "FID" : 23,
        "PMNTN_SPOT" : 9949,
        "MNTN_CODE" : "437200401",
        "MANAGE_SP1" : "99",
        "MANAGE_SP2" : "기타",
        "DETAIL_SPO" : "고정로프",
        "ETC_MATTER" : " ",
        "MNTN_NM" : "구병산",
        "PAST_SPOT_" : "23030204000024",
        "MNTN_ID" : "2303020400"
      },
      "geometry" : {
        "x" : 277994.34080000035,
        "y" : 430433.08349999972
      }
    },
    {
      "attributes" : {
        "FID" : 24,
        "PMNTN_SPOT" : 9950,
        "MNTN_CODE" : "437200401",
        "MANAGE_SP1" : "99",
        "MANAGE_SP2" : "기타",
        "DETAIL_SPO" : "고정로프",
        "ETC_MATTER" : " ",
        "MNTN_NM" : "구병산",
        "PAST_SPOT_" : "23030204000025",
        "MNTN_ID" : "2303020400"
      },
      "geometry" : {
        "x" : 278114.19890000019,
        "y" : 430395.32120000198
      }
    },
    {
      "attributes" : {
        "FID" : 25,
        "PMNTN_SPOT" : 9951,
        "MNTN_CODE" : "437200401",
        "MANAGE_SP1" : "99",
        "MANAGE_SP2" : "기타",
        "DETAIL_SPO" : "고정로프",
        "ETC_MATTER" : " ",
        "MNTN_NM" : "구병산",
        "PAST_SPOT_" : "23030204000026",
        "MNTN_ID" : "2303020400"
      },
      "geometry" : {
        "x" : 278165.37400000077,
        "y" : 430353.24060000107
      }
    },
    {
      "attributes" : {
        "FID" : 26,
        "PMNTN_SPOT" : 9952,
        "MNTN_CODE" : "437200401",
        "MANAGE_SP1" : "99",
        "MANAGE_SP2" : "기타",
        "DETAIL_SPO" : "목계단",
        "ETC_MATTER" : " ",
        "MNTN_NM" : "구병산",
        "PAST_SPOT_" : "23030204000027",
        "MNTN_ID" : "2303020400"
      },
      "geometry" : {
        "x" : 278078.26230000146,
        "y" : 430073.1512000002
      }
    },
    {
      "attributes" : {
        "FID" : 27,
        "PMNTN_SPOT" : 9953,
        "MNTN_CODE" : "437200401",
        "MANAGE_SP1" : "99",
        "MANAGE_SP2" : "기타",
        "DETAIL_SPO" : "목계단",
        "ETC_MATTER" : " ",
        "MNTN_NM" : "구병산",
        "PAST_SPOT_" : "23030204000028",
        "MNTN_ID" : "2303020400"
      },
      "geometry" : {
        "x" : 278052.73249999993,
        "y" : 430087.71839999966
      }
    },
    {
      "attributes" : {
        "FID" : 28,
        "PMNTN_SPOT" : 9954,
        "MNTN_CODE" : "437200401",
        "MANAGE_SP1" : "99",
        "MANAGE_SP2" : "기타",
        "DETAIL_SPO" : "목계단",
        "ETC_MATTER" : " ",
        "MNTN_NM" : "구병산",
        "PAST_SPOT_" : "23030204000029",
        "MNTN_ID" : "2303020400"
      },
      "geometry" : {
        "x" : 277996.30790000036,
        "y" : 430214.83810000308
      }
    },
    {
      "attributes" : {
        "FID" : 29,
        "PMNTN_SPOT" : 9955,
        "MNTN_CODE" : "437200401",
        "MANAGE_SP1" : "99",
        "MANAGE_SP2" : "기타",
        "DETAIL_SPO" : "기타",
        "ETC_MATTER" : " ",
        "MNTN_NM" : "구병산",
        "PAST_SPOT_" : "23030204000030",
        "MNTN_ID" : "2303020400"
      },
      "geometry" : {
        "x" : 280418.05170000065,
        "y" : 431190.89330000244
      }
    },
    {
      "attributes" : {
        "FID" : 30,
        "PMNTN_SPOT" : 9956,
        "MNTN_CODE" : "437200401",
        "MANAGE_SP1" : "99",
        "MANAGE_SP2" : "기타",
        "DETAIL_SPO" : "기타",
        "ETC_MATTER" : "방향지시불량",
        "MNTN_NM" : "구병산",
        "PAST_SPOT_" : "23030204000031",
        "MNTN_ID" : "2303020400"
      },
      "geometry" : {
        "x" : 280329.78919999953,
        "y" : 430389.74709999934
      }
    },
    {
      "attributes" : {
        "FID" : 31,
        "PMNTN_SPOT" : 9957,
        "MNTN_CODE" : "437200401",
        "MANAGE_SP1" : "99",
        "MANAGE_SP2" : "기타",
        "DETAIL_SPO" : "기타",
        "ETC_MATTER" : " ",
        "MNTN_NM" : "구병산",
        "PAST_SPOT_" : "23030204000032",
        "MNTN_ID" : "2303020400"
      },
      "geometry" : {
        "x" : 280273.43040000275,
        "y" : 430348.49370000325
      }
    },
    {
      "attributes" : {
        "FID" : 32,
        "PMNTN_SPOT" : 9958,
        "MNTN_CODE" : "437200401",
        "MANAGE_SP1" : "01",
        "MANAGE_SP2" : "시종점",
        "DETAIL_SPO" : "시종점",
        "ETC_MATTER" : " ",
        "MNTN_NM" : "구병산",
        "PAST_SPOT_" : "23030204000033",
        "MNTN_ID" : "2303020400"
      },
      "geometry" : {
        "x" : 275611.9606000036,
        "y" : 430821.14360000007
      }
    },
    {
      "attributes" : {
        "FID" : 33,
        "PMNTN_SPOT" : 9959,
        "MNTN_CODE" : "437200401",
        "MANAGE_SP1" : "02",
        "MANAGE_SP2" : "분기점",
        "DETAIL_SPO" : "분기점",
        "ETC_MATTER" : " ",
        "MNTN_NM" : "구병산",
        "PAST_SPOT_" : "23030204000034",
        "MNTN_ID" : "2303020400"
      },
      "geometry" : {
        "x" : 276799.61930000037,
        "y" : 430764.71319999918
      }
    },
    {
      "attributes" : {
        "FID" : 34,
        "PMNTN_SPOT" : 9960,
        "MNTN_CODE" : "437200401",
        "MANAGE_SP1" : "02",
        "MANAGE_SP2" : "분기점",
        "DETAIL_SPO" : "분기점",
        "ETC_MATTER" : " ",
        "MNTN_NM" : "구병산",
        "PAST_SPOT_" : "23030204000035",
        "MNTN_ID" : "2303020400"
      },
      "geometry" : {
        "x" : 276911.27419999987,
        "y" : 430743.69030000083
      }
    },
    {
      "attributes" : {
        "FID" : 35,
        "PMNTN_SPOT" : 9961,
        "MNTN_CODE" : "437200401",
        "MANAGE_SP1" : "02",
        "MANAGE_SP2" : "분기점",
        "DETAIL_SPO" : "분기점",
        "ETC_MATTER" : " ",
        "MNTN_NM" : "구병산",
        "PAST_SPOT_" : "23030204000036",
        "MNTN_ID" : "2303020400"
      },
      "geometry" : {
        "x" : 276914.52109999955,
        "y" : 430686.14240000024
      }
    },
    {
      "attributes" : {
        "FID" : 36,
        "PMNTN_SPOT" : 9962,
        "MNTN_CODE" : "437200401",
        "MANAGE_SP1" : "02",
        "MANAGE_SP2" : "분기점",
        "DETAIL_SPO" : "풍혈",
        "ETC_MATTER" : " ",
        "MNTN_NM" : "구병산",
        "PAST_SPOT_" : "23030204000037",
        "MNTN_ID" : "2303020400"
      },
      "geometry" : {
        "x" : 277209.1958000036,
        "y" : 430540.59109999985
      }
    },
    {
      "attributes" : {
        "FID" : 37,
        "PMNTN_SPOT" : 9963,
        "MNTN_CODE" : "437200401",
        "MANAGE_SP1" : "02",
        "MANAGE_SP2" : "분기점",
        "DETAIL_SPO" : "풍혈",
        "ETC_MATTER" : " ",
        "MNTN_NM" : "구병산",
        "PAST_SPOT_" : "23030204000038",
        "MNTN_ID" : "2303020400"
      },
      "geometry" : {
        "x" : 277231.64260000084,
        "y" : 430516.91420000233
      }
    },
    {
      "attributes" : {
        "FID" : 38,
        "PMNTN_SPOT" : 9964,
        "MNTN_CODE" : "437200401",
        "MANAGE_SP1" : "23",
        "MANAGE_SP2" : "정상",
        "DETAIL_SPO" : "구병산정상,삼각점안내,삼각점,정상표지석",
        "ETC_MATTER" : " ",
        "MNTN_NM" : "구병산",
        "PAST_SPOT_" : "23030204000039",
        "MNTN_ID" : "2303020400"
      },
      "geometry" : {
        "x" : 277241.03679999989,
        "y" : 430497.69270000421
      }
    },
    {
      "attributes" : {
        "FID" : 39,
        "PMNTN_SPOT" : 9965,
        "MNTN_CODE" : "437200401",
        "MANAGE_SP1" : "02",
        "MANAGE_SP2" : "분기점",
        "DETAIL_SPO" : "풍혈",
        "ETC_MATTER" : " ",
        "MNTN_NM" : "구병산",
        "PAST_SPOT_" : "23030204000040",
        "MNTN_ID" : "2303020400"
      },
      "geometry" : {
        "x" : 277253.64000000339,
        "y" : 430541.41119999997
      }
    },
    {
      "attributes" : {
        "FID" : 40,
        "PMNTN_SPOT" : 9966,
        "MNTN_CODE" : "437200401",
        "MANAGE_SP1" : "23",
        "MANAGE_SP2" : "정상",
        "DETAIL_SPO" : "구병산정상,삼각점안내,삼각점,정상표지석",
        "ETC_MATTER" : " ",
        "MNTN_NM" : "구병산",
        "PAST_SPOT_" : "23030204000041",
        "MNTN_ID" : "2303020400"
      },
      "geometry" : {
        "x" : 277262.22009999957,
        "y" : 430499.57530000247
      }
    },
    {
      "attributes" : {
        "FID" : 41,
        "PMNTN_SPOT" : 9967,
        "MNTN_CODE" : "437200401",
        "MANAGE_SP1" : "02",
        "MANAGE_SP2" : "분기점",
        "DETAIL_SPO" : "분기점",
        "ETC_MATTER" : "이정표불량",
        "MNTN_NM" : "구병산",
        "PAST_SPOT_" : "23030204000042",
        "MNTN_ID" : "2303020400"
      },
      "geometry" : {
        "x" : 277318.19900000188,
        "y" : 430530.59789999947
      }
    },
    {
      "attributes" : {
        "FID" : 42,
        "PMNTN_SPOT" : 9968,
        "MNTN_CODE" : "437200401",
        "MANAGE_SP1" : "02",
        "MANAGE_SP2" : "분기점",
        "DETAIL_SPO" : "분기점",
        "ETC_MATTER" : " ",
        "MNTN_NM" : "구병산",
        "PAST_SPOT_" : "23030204000043",
        "MNTN_ID" : "2303020400"
      },
      "geometry" : {
        "x" : 277399.11880000122,
        "y" : 430179.89240000211
      }
    },
    {
      "attributes" : {
        "FID" : 43,
        "PMNTN_SPOT" : 9969,
        "MNTN_CODE" : "437200401",
        "MANAGE_SP1" : "99",
        "MANAGE_SP2" : "기타",
        "DETAIL_SPO" : "위성지국",
        "ETC_MATTER" : " ",
        "MNTN_NM" : "구병산",
        "PAST_SPOT_" : "23030204000044",
        "MNTN_ID" : "2303020400"
      },
      "geometry" : {
        "x" : 277408.12790000252,
        "y" : 428641.1695000045
      }
    },
    {
      "attributes" : {
        "FID" : 44,
        "PMNTN_SPOT" : 9970,
        "MNTN_CODE" : "437200401",
        "MANAGE_SP1" : "02",
        "MANAGE_SP2" : "분기점",
        "DETAIL_SPO" : "분기점",
        "ETC_MATTER" : " ",
        "MNTN_NM" : "구병산",
        "PAST_SPOT_" : "23030204000045",
        "MNTN_ID" : "2303020400"
      },
      "geometry" : {
        "x" : 277557.31640000176,
        "y" : 431452.65780000016
      }
    },
    {
      "attributes" : {
        "FID" : 45,
        "PMNTN_SPOT" : 9971,
        "MNTN_CODE" : "437200401",
        "MANAGE_SP1" : "02",
        "MANAGE_SP2" : "분기점",
        "DETAIL_SPO" : "분기점",
        "ETC_MATTER" : " ",
        "MNTN_NM" : "구병산",
        "PAST_SPOT_" : "23030204000046",
        "MNTN_ID" : "2303020400"
      },
      "geometry" : {
        "x" : 277580.53010000288,
        "y" : 430431.21330000088
      }
    },
    {
      "attributes" : {
        "FID" : 46,
        "PMNTN_SPOT" : 9972,
        "MNTN_CODE" : "437200401",
        "MANAGE_SP1" : "02",
        "MANAGE_SP2" : "분기점",
        "DETAIL_SPO" : "분기점",
        "ETC_MATTER" : " ",
        "MNTN_NM" : "구병산",
        "PAST_SPOT_" : "23030204000047",
        "MNTN_ID" : "2303020400"
      },
      "geometry" : {
        "x" : 277598.40410000086,
        "y" : 430470.25090000033
      }
    },
    {
      "attributes" : {
        "FID" : 47,
        "PMNTN_SPOT" : 9973,
        "MNTN_CODE" : "437200401",
        "MANAGE_SP1" : "02",
        "MANAGE_SP2" : "분기점",
        "DETAIL_SPO" : "분기점",
        "ETC_MATTER" : "이정표불량",
        "MNTN_NM" : "구병산",
        "PAST_SPOT_" : "23030204000048",
        "MNTN_ID" : "2303020400"
      },
      "geometry" : {
        "x" : 277738.57060000207,
        "y" : 430381.9141000025
      }
    },
    {
      "attributes" : {
        "FID" : 48,
        "PMNTN_SPOT" : 9974,
        "MNTN_CODE" : "437200401",
        "MANAGE_SP1" : "02",
        "MANAGE_SP2" : "분기점",
        "DETAIL_SPO" : "분기점",
        "ETC_MATTER" : " ",
        "MNTN_NM" : "구병산",
        "PAST_SPOT_" : "23030204000049",
        "MNTN_ID" : "2303020400"
      },
      "geometry" : {
        "x" : 277759.80123811308,
        "y" : 430176.29452362657
      }
    },
    {
      "attributes" : {
        "FID" : 49,
        "PMNTN_SPOT" : 9975,
        "MNTN_CODE" : "437200401",
        "MANAGE_SP1" : "02",
        "MANAGE_SP2" : "분기점",
        "DETAIL_SPO" : "분기점",
        "ETC_MATTER" : " ",
        "MNTN_NM" : "구병산",
        "PAST_SPOT_" : "23030204000050",
        "MNTN_ID" : "2303020400"
      },
      "geometry" : {
        "x" : 277781.9681000011,
        "y" : 428473.3946000021
      }
    },
    {
      "attributes" : {
        "FID" : 50,
        "PMNTN_SPOT" : 9976,
        "MNTN_CODE" : "437200401",
        "MANAGE_SP1" : "02",
        "MANAGE_SP2" : "분기점",
        "DETAIL_SPO" : "분기점",
        "ETC_MATTER" : " ",
        "MNTN_NM" : "구병산",
        "PAST_SPOT_" : "23030204000051",
        "MNTN_ID" : "2303020400"
      },
      "geometry" : {
        "x" : 277798.10570000391,
        "y" : 430377.79210000113
      }
    },
    {
      "attributes" : {
        "FID" : 51,
        "PMNTN_SPOT" : 9977,
        "MNTN_CODE" : "437200401",
        "MANAGE_SP1" : "02",
        "MANAGE_SP2" : "분기점",
        "DETAIL_SPO" : "분기점",
        "ETC_MATTER" : " ",
        "MNTN_NM" : "구병산",
        "PAST_SPOT_" : "23030204000052",
        "MNTN_ID" : "2303020400"
      },
      "geometry" : {
        "x" : 277841.94960000366,
        "y" : 431506.3684000019
      }
    },
    {
      "attributes" : {
        "FID" : 52,
        "PMNTN_SPOT" : 9978,
        "MNTN_CODE" : "437200401",
        "MANAGE_SP1" : "02",
        "MANAGE_SP2" : "분기점",
        "DETAIL_SPO" : "분기점",
        "ETC_MATTER" : " ",
        "MNTN_NM" : "구병산",
        "PAST_SPOT_" : "23030204000053",
        "MNTN_ID" : "2303020400"
      },
      "geometry" : {
        "x" : 277847.086500003,
        "y" : 430357.73310000449
      }
    },
    {
      "attributes" : {
        "FID" : 53,
        "PMNTN_SPOT" : 9979,
        "MNTN_CODE" : "437200401",
        "MANAGE_SP1" : "02",
        "MANAGE_SP2" : "분기점",
        "DETAIL_SPO" : "분기점",
        "ETC_MATTER" : " ",
        "MNTN_NM" : "구병산",
        "PAST_SPOT_" : "23030204000054",
        "MNTN_ID" : "2303020400"
      },
      "geometry" : {
        "x" : 277882.06870000344,
        "y" : 430365.63520000316
      }
    },
    {
      "attributes" : {
        "FID" : 54,
        "PMNTN_SPOT" : 9980,
        "MNTN_CODE" : "437200401",
        "MANAGE_SP1" : "02",
        "MANAGE_SP2" : "분기점",
        "DETAIL_SPO" : "분기점",
        "ETC_MATTER" : " ",
        "MNTN_NM" : "구병산",
        "PAST_SPOT_" : "23030204000055",
        "MNTN_ID" : "2303020400"
      },
      "geometry" : {
        "x" : 277930.38770000357,
        "y" : 430421.31839999929
      }
    },
    {
      "attributes" : {
        "FID" : 55,
        "PMNTN_SPOT" : 9981,
        "MNTN_CODE" : "437200401",
        "MANAGE_SP1" : "01",
        "MANAGE_SP2" : "시종점",
        "DETAIL_SPO" : "시종점",
        "ETC_MATTER" : " ",
        "MNTN_NM" : "구병산",
        "PAST_SPOT_" : "23030204000056",
        "MNTN_ID" : "2303020400"
      },
      "geometry" : {
        "x" : 277947.09920000099,
        "y" : 432008.67080000229
      }
    },
    {
      "attributes" : {
        "FID" : 56,
        "PMNTN_SPOT" : 9982,
        "MNTN_CODE" : "437200401",
        "MANAGE_SP1" : "02",
        "MANAGE_SP2" : "분기점",
        "DETAIL_SPO" : "분기점",
        "ETC_MATTER" : " ",
        "MNTN_NM" : "구병산",
        "PAST_SPOT_" : "23030204000057",
        "MNTN_ID" : "2303020400"
      },
      "geometry" : {
        "x" : 277954.19580000266,
        "y" : 430435.50379999913
      }
    },
    {
      "attributes" : {
        "FID" : 57,
        "PMNTN_SPOT" : 9983,
        "MNTN_CODE" : "437200401",
        "MANAGE_SP1" : "02",
        "MANAGE_SP2" : "분기점",
        "DETAIL_SPO" : "분기점",
        "ETC_MATTER" : " ",
        "MNTN_NM" : "구병산",
        "PAST_SPOT_" : "23030204000058",
        "MNTN_ID" : "2303020400"
      },
      "geometry" : {
        "x" : 277989.69489999861,
        "y" : 431611.29399999976
      }
    },
    {
      "attributes" : {
        "FID" : 58,
        "PMNTN_SPOT" : 9984,
        "MNTN_CODE" : "437200401",
        "MANAGE_SP1" : "99",
        "MANAGE_SP2" : "기타",
        "DETAIL_SPO" : "853m봉,853m표지석",
        "ETC_MATTER" : " ",
        "MNTN_NM" : "구병산",
        "PAST_SPOT_" : "23030204000059",
        "MNTN_ID" : "2303020400"
      },
      "geometry" : {
        "x" : 278024.21769999899,
        "y" : 430433.35290000215
      }
    },
    {
      "attributes" : {
        "FID" : 59,
        "PMNTN_SPOT" : 9985,
        "MNTN_CODE" : "437200401",
        "MANAGE_SP1" : "02",
        "MANAGE_SP2" : "분기점",
        "DETAIL_SPO" : "분기점",
        "ETC_MATTER" : " ",
        "MNTN_NM" : "구병산",
        "PAST_SPOT_" : "23030204000060",
        "MNTN_ID" : "2303020400"
      },
      "geometry" : {
        "x" : 278046.04150000308,
        "y" : 430498.28869999945
      }
    },
    {
      "attributes" : {
        "FID" : 60,
        "PMNTN_SPOT" : 9986,
        "MNTN_CODE" : "437200401",
        "MANAGE_SP1" : "02",
        "MANAGE_SP2" : "분기점",
        "DETAIL_SPO" : "분기점",
        "ETC_MATTER" : " ",
        "MNTN_NM" : "구병산",
        "PAST_SPOT_" : "23030204000061",
        "MNTN_ID" : "2303020400"
      },
      "geometry" : {
        "x" : 278055.4216,
        "y" : 430452.13120000251
      }
    },
    {
      "attributes" : {
        "FID" : 61,
        "PMNTN_SPOT" : 9987,
        "MNTN_CODE" : "437200401",
        "MANAGE_SP1" : "02",
        "MANAGE_SP2" : "분기점",
        "DETAIL_SPO" : "분기점",
        "ETC_MATTER" : " ",
        "MNTN_NM" : "구병산",
        "PAST_SPOT_" : "23030204000062",
        "MNTN_ID" : "2303020400"
      },
      "geometry" : {
        "x" : 278091.35640000179,
        "y" : 429781.01890000142
      }
    },
    {
      "attributes" : {
        "FID" : 62,
        "PMNTN_SPOT" : 9988,
        "MNTN_CODE" : "437200401",
        "MANAGE_SP1" : "02",
        "MANAGE_SP2" : "분기점",
        "DETAIL_SPO" : "분기점",
        "ETC_MATTER" : " ",
        "MNTN_NM" : "구병산",
        "PAST_SPOT_" : "23030204000063",
        "MNTN_ID" : "2303020400"
      },
      "geometry" : {
        "x" : 278122.9131000014,
        "y" : 429760.95700000226
      }
    },
    {
      "attributes" : {
        "FID" : 63,
        "PMNTN_SPOT" : 9989,
        "MNTN_CODE" : "437200401",
        "MANAGE_SP1" : "02",
        "MANAGE_SP2" : "분기점",
        "DETAIL_SPO" : "분기점",
        "ETC_MATTER" : " ",
        "MNTN_NM" : "구병산",
        "PAST_SPOT_" : "23030204000064",
        "MNTN_ID" : "2303020400"
      },
      "geometry" : {
        "x" : 278176.19859999977,
        "y" : 429154.74120000191
      }
    },
    {
      "attributes" : {
        "FID" : 64,
        "PMNTN_SPOT" : 9990,
        "MNTN_CODE" : "437200401",
        "MANAGE_SP1" : "12",
        "MANAGE_SP2" : "위험지역",
        "DETAIL_SPO" : "위험안내판",
        "ETC_MATTER" : " ",
        "MNTN_NM" : "구병산",
        "PAST_SPOT_" : "23030204000065",
        "MNTN_ID" : "2303020400"
      },
      "geometry" : {
        "x" : 278204.01319999993,
        "y" : 430349.80379999802
      }
    },
    {
      "attributes" : {
        "FID" : 65,
        "PMNTN_SPOT" : 9991,
        "MNTN_CODE" : "437200401",
        "MANAGE_SP1" : "12",
        "MANAGE_SP2" : "위험지역",
        "DETAIL_SPO" : "위험안내판",
        "ETC_MATTER" : " ",
        "MNTN_NM" : "구병산",
        "PAST_SPOT_" : "23030204000066",
        "MNTN_ID" : "2303020400"
      },
      "geometry" : {
        "x" : 278285.44520000275,
        "y" : 430332.23080000095
      }
    },
    {
      "attributes" : {
        "FID" : 66,
        "PMNTN_SPOT" : 9992,
        "MNTN_CODE" : "437200401",
        "MANAGE_SP1" : "02",
        "MANAGE_SP2" : "분기점",
        "DETAIL_SPO" : "분기점",
        "ETC_MATTER" : " ",
        "MNTN_NM" : "구병산",
        "PAST_SPOT_" : "23030204000067",
        "MNTN_ID" : "2303020400"
      },
      "geometry" : {
        "x" : 278437.65480000153,
        "y" : 429269.35869999975
      }
    },
    {
      "attributes" : {
        "FID" : 67,
        "PMNTN_SPOT" : 9993,
        "MNTN_CODE" : "437200401",
        "MANAGE_SP1" : "99",
        "MANAGE_SP2" : "기타",
        "DETAIL_SPO" : "신선대759m,신선대표지석",
        "ETC_MATTER" : " ",
        "MNTN_NM" : "구병산",
        "PAST_SPOT_" : "23030204000068",
        "MNTN_ID" : "2303020400"
      },
      "geometry" : {
        "x" : 278578.70290000271,
        "y" : 430244.15289999917
      }
    },
    {
      "attributes" : {
        "FID" : 68,
        "PMNTN_SPOT" : 9994,
        "MNTN_CODE" : "437200401",
        "MANAGE_SP1" : "02",
        "MANAGE_SP2" : "분기점",
        "DETAIL_SPO" : "분기점",
        "ETC_MATTER" : " ",
        "MNTN_NM" : "구병산",
        "PAST_SPOT_" : "23030204000069",
        "MNTN_ID" : "2303020400"
      },
      "geometry" : {
        "x" : 278667.00979999918,
        "y" : 430226.45820000209
      }
    },
    {
      "attributes" : {
        "FID" : 69,
        "PMNTN_SPOT" : 9995,
        "MNTN_CODE" : "437200401",
        "MANAGE_SP1" : "02",
        "MANAGE_SP2" : "분기점",
        "DETAIL_SPO" : "분기점",
        "ETC_MATTER" : " ",
        "MNTN_NM" : "구병산",
        "PAST_SPOT_" : "23030204000070",
        "MNTN_ID" : "2303020400"
      },
      "geometry" : {
        "x" : 278739.48630000092,
        "y" : 430145.73100000247
      }
    },
    {
      "attributes" : {
        "FID" : 70,
        "PMNTN_SPOT" : 9996,
        "MNTN_CODE" : "437200401",
        "MANAGE_SP1" : "10",
        "MANAGE_SP2" : "이정표",
        "DETAIL_SPO" : "이정표",
        "ETC_MATTER" : "입산금지",
        "MNTN_NM" : "구병산",
        "PAST_SPOT_" : "23030204000071",
        "MNTN_ID" : "2303020400"
      },
      "geometry" : {
        "x" : 280395.21610000357,
        "y" : 431548.23169999942
      }
    }
  ]
}