{
  "displayFieldName" : "",
  "fieldAliases" : {
    "FID" : "FID",
    "PMNTN_SN" : "PMNTN_SN",
    "MNTN_CODE" : "MNTN_CODE",
    "MNTN_NM" : "MNTN_NM",
    "PMNTN_NM" : "PMNTN_NM",
    "PMNTN_MAIN" : "PMNTN_MAIN",
    "PMNTN_LT" : "PMNTN_LT",
    "PMNTN_DFFL" : "PMNTN_DFFL",
    "PMNTN_UPPL" : "PMNTN_UPPL",
    "PMNTN_GODN" : "PMNTN_GODN",
    "PMNTN_MTRQ" : "PMNTN_MTRQ",
    "PMNTN_CNRL" : "PMNTN_CNRL",
    "PMNTN_CLS_" : "PMNTN_CLS_",
    "PMNTN_RISK" : "PMNTN_RISK",
    "PMNTN_RECO" : "PMNTN_RECO",
    "DATA_STDR_" : "DATA_STDR_",
    "MNTN_ID" : "MNTN_ID"
  },
  "geometryType" : "esriGeometryPolyline",
  "spatialReference" : {
    "wkt" : "PROJCS[\"PCS_ITRF2000_TM\",GEOGCS[\"GCS_ITRF_2000\",DATUM[\"D_ITRF_2000\",SPHEROID[\"GRS_1980\",6378137.0,298.257222101]],PRIMEM[\"Greenwich\",0.0],UNIT[\"Degree\",0.0174532925199433]],PROJECTION[\"Transverse_Mercator\"],PARAMETER[\"False_Easting\",200000.0],PARAMETER[\"False_Northing\",600000.0],PARAMETER[\"Central_Meridian\",127.0],PARAMETER[\"Scale_Factor\",1.0],PARAMETER[\"Latitude_Of_Origin\",38.0],UNIT[\"Meter\",1.0]]"
  },
  "fields" : [
    {
      "name" : "FID",
      "type" : "esriFieldTypeOID",
      "alias" : "FID"
    },
    {
      "name" : "PMNTN_SN",
      "type" : "esriFieldTypeDouble",
      "alias" : "PMNTN_SN"
    },
    {
      "name" : "MNTN_CODE",
      "type" : "esriFieldTypeString",
      "alias" : "MNTN_CODE",
      "length" : 9
    },
    {
      "name" : "MNTN_NM",
      "type" : "esriFieldTypeString",
      "alias" : "MNTN_NM",
      "length" : 50
    },
    {
      "name" : "PMNTN_NM",
      "type" : "esriFieldTypeString",
      "alias" : "PMNTN_NM",
      "length" : 50
    },
    {
      "name" : "PMNTN_MAIN",
      "type" : "esriFieldTypeString",
      "alias" : "PMNTN_MAIN",
      "length" : 200
    },
    {
      "name" : "PMNTN_LT",
      "type" : "esriFieldTypeSingle",
      "alias" : "PMNTN_LT"
    },
    {
      "name" : "PMNTN_DFFL",
      "type" : "esriFieldTypeString",
      "alias" : "PMNTN_DFFL",
      "length" : 8
    },
    {
      "name" : "PMNTN_UPPL",
      "type" : "esriFieldTypeDouble",
      "alias" : "PMNTN_UPPL"
    },
    {
      "name" : "PMNTN_GODN",
      "type" : "esriFieldTypeDouble",
      "alias" : "PMNTN_GODN"
    },
    {
      "name" : "PMNTN_MTRQ",
      "type" : "esriFieldTypeString",
      "alias" : "PMNTN_MTRQ",
      "length" : 200
    },
    {
      "name" : "PMNTN_CNRL",
      "type" : "esriFieldTypeString",
      "alias" : "PMNTN_CNRL",
      "length" : 1
    },
    {
      "name" : "PMNTN_CLS_",
      "type" : "esriFieldTypeString",
      "alias" : "PMNTN_CLS_",
      "length" : 1
    },
    {
      "name" : "PMNTN_RISK",
      "type" : "esriFieldTypeString",
      "alias" : "PMNTN_RISK",
      "length" : 200
    },
    {
      "name" : "PMNTN_RECO",
      "type" : "esriFieldTypeString",
      "alias" : "PMNTN_RECO",
      "length" : 1
    },
    {
      "name" : "DATA_STDR_",
      "type" : "esriFieldTypeString",
      "alias" : "DATA_STDR_",
      "length" : 10
    },
    {
      "name" : "MNTN_ID",
      "type" : "esriFieldTypeString",
      "alias" : "MNTN_ID",
      "length" : 10
    }
  ],
  "features" : [
    {
      "attributes" : {
        "FID" : 0,
        "PMNTN_SN" : 12065,
        "MNTN_CODE" : "451301501",
        "MNTN_NM" : "대초산",
        "PMNTN_NM" : "보덕리구간",
        "PMNTN_MAIN" : " ",
        "PMNTN_LT" : 0.61,
        "PMNTN_DFFL" : "쉬움",
        "PMNTN_UPPL" : 11,
        "PMNTN_GODN" : 8,
        "PMNTN_MTRQ" : " ",
        "PMNTN_CNRL" : " ",
        "PMNTN_CLS_" : " ",
        "PMNTN_RISK" : " ",
        "PMNTN_RECO" : " ",
        "DATA_STDR_" : "2016-12-31",
        "MNTN_ID" : "451301501"
      },
      "geometry" : {
        "paths" : [
          [
            [
              183197.54550000001,
              374044.44540000334
            ],
            [
              183189.35410000198,
              374051.23860000074
            ],
            [
              183177.46980000101,
              374056.50870000198
            ],
            [
              183164.55990000069,
              374059.6074000001
            ],
            [
              183155.67750000115,
              374063.04060000181
            ],
            [
              183147.46009999979,
              374068.27549999952
            ],
            [
              183138.25570000242,
              374071.12270000204
            ],
            [
              183130.44780000113,
              374075.83530000038
            ],
            [
              183127.88599999994,
              374082.48269999959
            ],
            [
              183124.55109999981,
              374088.52540000156
            ],
            [
              183118.30989999976,
              374097.46059999987
            ],
            [
              183111.92820000183,
              374105.52649999969
            ],
            [
              183114.30090000387,
              374115.05330000073
            ],
            [
              183111.81010000128,
              374124.1192000024
            ],
            [
              183110.46150000114,
              374126.10110000148
            ],
            [
              183108.67850000039,
              374136.97850000113
            ],
            [
              183103.78079999983,
              374146.54160000198
            ],
            [
              183095.19170000311,
              374154.99110000022
            ],
            [
              183094.70270000026,
              374158.67590000108
            ],
            [
              183093.57020000182,
              374170.08469999768
            ],
            [
              183088.3339999998,
              374177.14069999941
            ],
            [
              183086.27240000013,
              374188.76530000381
            ],
            [
              183091.03600000031,
              374202.97780000046
            ],
            [
              183091.96039999928,
              374219.18710000068
            ],
            [
              183094.7387000015,
              374228.51340000331
            ],
            [
              183096.1557,
              374233.7594000008
            ],
            [
              183093.00109999999,
              374244.21750000305
            ],
            [
              183094.98519999906,
              374272.02000000142
            ],
            [
              183095.96460000053,
              374279.37470000051
            ],
            [
              183090.09630000219,
              374285.58960000053
            ],
            [
              183087.41030000057,
              374296.41229999997
            ],
            [
              183088.57309999969,
              374307.02960000001
            ],
            [
              183096.04060000088,
              374312.09550000168
            ],
            [
              183100.71050000004,
              374317.29130000249
            ],
            [
              183100.98660000041,
              374324.80270000175
            ],
            [
              183102.20020000078,
              374331.9683000017
            ],
            [
              183102.21119999979,
              374337.64930000342
            ],
            [
              183101.7555000037,
              374344.54080000147
            ],
            [
              183100.42360000033,
              374355.46169999987
            ],
            [
              183100.30489999987,
              374359.41210000031
            ],
            [
              183105.06489999965,
              374362.6873000022
            ],
            [
              183107.3135000011,
              374367.39660000429
            ],
            [
              183102.29809999932,
              374371.40139999986
            ],
            [
              183088.70210000314,
              374377.1446999982
            ],
            [
              183073.50680000149,
              374386.03940000013
            ],
            [
              183064.04610000085,
              374393.24970000051
            ],
            [
              183061.2966,
              374400.37610000372
            ],
            [
              183064.39580000192,
              374404.54260000214
            ],
            [
              183077.95820000209,
              374414.3703000024
            ],
            [
              183090.80070000328,
              374425.01740000024
            ],
            [
              183105.47009999957,
              374432.19449999742
            ],
            [
              183119.33930000011,
              374433.57230000384
            ],
            [
              183130.88939999975,
              374439.59090000205
            ],
            [
              183146.3590000011,
              374448.99819999933
            ],
            [
              183168.82999999914,
              374459.67790000141
            ],
            [
              183176.27670000307,
              374465.8786000032
            ],
            [
              183181.99930000119,
              374472.85349999927
            ],
            [
              183185.48269999959,
              374485.12839999981
            ]
          ]
        ]
      }
    },
    {
      "attributes" : {
        "FID" : 1,
        "PMNTN_SN" : 12066,
        "MNTN_CODE" : "451301501",
        "MNTN_NM" : "대초산",
        "PMNTN_NM" : "보덕리구간",
        "PMNTN_MAIN" : " ",
        "PMNTN_LT" : 0.42,
        "PMNTN_DFFL" : "쉬움",
        "PMNTN_UPPL" : 7,
        "PMNTN_GODN" : 5,
        "PMNTN_MTRQ" : " ",
        "PMNTN_CNRL" : " ",
        "PMNTN_CLS_" : " ",
        "PMNTN_RISK" : " ",
        "PMNTN_RECO" : " ",
        "DATA_STDR_" : "2016-12-31",
        "MNTN_ID" : "451301501"
      },
      "geometry" : {
        "paths" : [
          [
            [
              183237.09840000141,
              374145.55180000141
            ],
            [
              183236.55690000113,
              374151.28790000454
            ],
            [
              183240.88420000114,
              374161.12780000269
            ],
            [
              183247.59850000124,
              374167.86830000393
            ],
            [
              183252.02720000129,
              374177.09160000645
            ],
            [
              183255.21039999928,
              374185.98440000415
            ],
            [
              183257.75750000123,
              374192.44840000197
            ],
            [
              183263.74360000156,
              374200.07090000063
            ],
            [
              183268.6958000008,
              374209.49290000275
            ],
            [
              183276.24530000053,
              374213.93900000304
            ],
            [
              183284.18989999965,
              374222.12370000035
            ],
            [
              183284.93330000062,
              374233.48450000025
            ],
            [
              183282.55760000367,
              374240.00900000148
            ],
            [
              183290.92779999971,
              374245.55639999919
            ],
            [
              183294.10730000027,
              374252.90560000204
            ],
            [
              183298.95550000202,
              374259.49970000051
            ],
            [
              183300.76870000269,
              374264.26750000194
            ],
            [
              183300.76910000015,
              374264.47830000147
            ],
            [
              183300.09340000059,
              374269.58369999938
            ],
            [
              183300.09340000059,
              374269.58369999938
            ],
            [
              183288.66569999978,
              374279.56970000453
            ],
            [
              183285.58260000031,
              374285.24560000002
            ],
            [
              183285.5290000001,
              374285.53419999965
            ],
            [
              183281.67670000158,
              374289.89120000228
            ],
            [
              183277.66409999877,
              374295.34690000117
            ],
            [
              183270.77350000292,
              374300.5308000017
            ],
            [
              183262.82070000004,
              374302.15500000305
            ],
            [
              183254.24670000374,
              374306.01890000142
            ],
            [
              183251.543700004,
              374315.3917999994
            ],
            [
              183246.1828000024,
              374318.63099999912
            ],
            [
              183244.53640000056,
              374325.54690000229
            ],
            [
              183243.11520000175,
              374332.36250000261
            ],
            [
              183244.3067000024,
              374337.48650000431
            ],
            [
              183248.84269999992,
              374341.56110000052
            ],
            [
              183251.49670000188,
              374347.34809999913
            ],
            [
              183245.90629999992,
              374357.84440000169
            ],
            [
              183244.12150000129,
              374365.9664000012
            ],
            [
              183238.3124000011,
              374371.22760000266
            ],
            [
              183234.02850000095,
              374377.63949999958
            ],
            [
              183224.17009999976,
              374385.08170000091
            ],
            [
              183210.24610000197,
              374398.52579999901
            ],
            [
              183206.39580000099,
              374404.67620000243
            ],
            [
              183202.18060000241,
              374409.08770000003
            ],
            [
              183196.88370000105,
              374416.44540000148
            ],
            [
              183190.67160000093,
              374430.42200000212
            ],
            [
              183187.18580000009,
              374437.27859999798
            ],
            [
              183188.04420000128,
              374447.62509999983
            ],
            [
              183193.4654000001,
              374455.01669999957
            ],
            [
              183194.76150000002,
              374460.90159999952
            ],
            [
              183191.26360000111,
              374467.31010000221
            ],
            [
              183187.01450000051,
              374472.70620000176
            ],
            [
              183185.48269999959,
              374485.12839999981
            ]
          ]
        ]
      }
    },
    {
      "attributes" : {
        "FID" : 2,
        "PMNTN_SN" : 12067,
        "MNTN_CODE" : "451301501",
        "MNTN_NM" : "대초산",
        "PMNTN_NM" : "보덕리구간",
        "PMNTN_MAIN" : " ",
        "PMNTN_LT" : 0.38,
        "PMNTN_DFFL" : "쉬움",
        "PMNTN_UPPL" : 7,
        "PMNTN_GODN" : 5,
        "PMNTN_MTRQ" : " ",
        "PMNTN_CNRL" : " ",
        "PMNTN_CLS_" : " ",
        "PMNTN_RISK" : " ",
        "PMNTN_RECO" : " ",
        "DATA_STDR_" : "2016-12-31",
        "MNTN_ID" : "451301501"
      },
      "geometry" : {
        "paths" : [
          [
            [
              183393.69969999976,
              374152.3657000009
            ],
            [
              183399.59590000007,
              374143.658400001
            ],
            [
              183402.97960000113,
              374136.9913000036
            ],
            [
              183406.18100000173,
              374131.80340000056
            ],
            [
              183411.97430000082,
              374128.20849999972
            ],
            [
              183419.17669999972,
              374125.59830000252
            ],
            [
              183427.97980000079,
              374120.39980000444
            ],
            [
              183434.67119999975,
              374113.65379999764
            ],
            [
              183437.49230000284,
              374108.69780000113
            ],
            [
              183443.73000000045,
              374103.56100000255
            ],
            [
              183449.3346000025,
              374093.59600000456
            ],
            [
              183458.01030000299,
              374084.1798000019
            ],
            [
              183462.93659999967,
              374078.01920000277
            ],
            [
              183466.50870000385,
              374071.03360000253
            ],
            [
              183464.71180000063,
              374062.28289999999
            ],
            [
              183463.31550000235,
              374052.34979999997
            ],
            [
              183463.34170000348,
              374043.50300000235
            ],
            [
              183461.63659999985,
              374032.88780000247
            ],
            [
              183458.42680000141,
              374023.11790000275
            ],
            [
              183456.51260000095,
              374015.92620000057
            ],
            [
              183452.74310000055,
              374007.92290000059
            ],
            [
              183443.44649999961,
              374003.97570000216
            ],
            [
              183444.49060000293,
              373998.42459999956
            ],
            [
              183441.69870000333,
              373991.2620000001
            ],
            [
              183436.14480000082,
              373985.45490000211
            ],
            [
              183426.49680000264,
              373984.1715000011
            ],
            [
              183424.19770000037,
              373978.1136000026
            ],
            [
              183422.97390000336,
              373968.53980000131
            ],
            [
              183423.50400000066,
              373962.69129999913
            ],
            [
              183426.28370000049,
              373953.7060000021
            ],
            [
              183426.46949999873,
              373942.49110000022
            ],
            [
              183425.34900000226,
              373932.57570000179
            ],
            [
              183427.83930000011,
              373922.72670000046
            ],
            [
              183428.12200000323,
              373910.11020000465
            ],
            [
              183432.91390000191,
              373906.32850000262
            ],
            [
              183433.27410000004,
              373898.80159999803
            ],
            [
              183433.00350000057,
              373891.31960000098
            ],
            [
              183435.7407000009,
              373884.18620000221
            ],
            [
              183433.86449999921,
              373877.87910000421
            ],
            [
              183436.75420000032,
              373869.88140000589
            ],
            [
              183432.85030000098,
              373863.039900003
            ],
            [
              183435.94240000099,
              373859.15450000763
            ],
            [
              183439.12460000068,
              373847.36320000142
            ],
            [
              183437.47690000106,
              373829.05700000562
            ]
          ]
        ]
      }
    },
    {
      "attributes" : {
        "FID" : 3,
        "PMNTN_SN" : 12068,
        "MNTN_CODE" : "451301501",
        "MNTN_NM" : "대초산",
        "PMNTN_NM" : "보덕리구간",
        "PMNTN_MAIN" : " ",
        "PMNTN_LT" : 0.38,
        "PMNTN_DFFL" : "쉬움",
        "PMNTN_UPPL" : 7,
        "PMNTN_GODN" : 5,
        "PMNTN_MTRQ" : " ",
        "PMNTN_CNRL" : " ",
        "PMNTN_CLS_" : " ",
        "PMNTN_RISK" : " ",
        "PMNTN_RECO" : " ",
        "DATA_STDR_" : "2016-12-31",
        "MNTN_ID" : "451301501"
      },
      "geometry" : {
        "paths" : [
          [
            [
              183801.55020000413,
              373751.83730000444
            ],
            [
              183794.05319999997,
              373747.53319999948
            ],
            [
              183778.470900001,
              373752.41359999962
            ],
            [
              183753.81910000183,
              373767.71200000308
            ],
            [
              183712.52220000047,
              373783.56810000353
            ],
            [
              183633.64470000193,
              373806.68610000052
            ],
            [
              183621.77940000128,
              373809.91510000266
            ],
            [
              183605.20990000013,
              373812.05890000239
            ],
            [
              183589.78040000051,
              373812.84549999982
            ],
            [
              183560.09500000067,
              373814.14059999958
            ],
            [
              183540.35830000136,
              373814.34560000338
            ],
            [
              183518.06460000202,
              373814.65830000117
            ],
            [
              183496.2705000015,
              373817.28480000235
            ],
            [
              183470.06690000091,
              373821.78879999928
            ],
            [
              183437.47690000106,
              373829.05700000562
            ]
          ]
        ]
      }
    },
    {
      "attributes" : {
        "FID" : 4,
        "PMNTN_SN" : 12069,
        "MNTN_CODE" : "451301501",
        "MNTN_NM" : "대초산",
        "PMNTN_NM" : "보덕리구간",
        "PMNTN_MAIN" : " ",
        "PMNTN_LT" : 0.26,
        "PMNTN_DFFL" : "쉬움",
        "PMNTN_UPPL" : 5,
        "PMNTN_GODN" : 3,
        "PMNTN_MTRQ" : " ",
        "PMNTN_CNRL" : " ",
        "PMNTN_CLS_" : " ",
        "PMNTN_RISK" : " ",
        "PMNTN_RECO" : " ",
        "DATA_STDR_" : "2016-12-31",
        "MNTN_ID" : "451301501"
      },
      "geometry" : {
        "paths" : [
          [
            [
              183185.48269999959,
              374485.12839999981
            ],
            [
              183192.81420000084,
              374497.85950000025
            ],
            [
              183201.99710000306,
              374501.12900000066
            ],
            [
              183217.61070000101,
              374489.13740000129
            ],
            [
              183238.68080000114,
              374474.82890000194
            ],
            [
              183250.13590000104,
              374476.37930000015
            ],
            [
              183272.02819999959,
              374485.94340000115
            ],
            [
              183283.27640000172,
              374496.39390000142
            ],
            [
              183293.82899999991,
              374510.0326000005
            ],
            [
              183300.6752000032,
              374518.98599999957
            ],
            [
              183307.88670000248,
              374526.17950000055
            ],
            [
              183327.14210000262,
              374543.62430000119
            ],
            [
              183335.37530000042,
              374551.30399999954
            ],
            [
              183343.39150000084,
              374555.82250000164
            ],
            [
              183360.02360000182,
              374565.4571999982
            ],
            [
              183368.52940000221,
              374570.39589999989
            ],
            [
              183385.18140000291,
              374575.86280000024
            ],
            [
              183393.39520000294,
              374581.71580000222
            ]
          ]
        ]
      }
    },
    {
      "attributes" : {
        "FID" : 5,
        "PMNTN_SN" : 12070,
        "MNTN_CODE" : "451301501",
        "MNTN_NM" : "대초산",
        "PMNTN_NM" : "보덕리구간",
        "PMNTN_MAIN" : " ",
        "PMNTN_LT" : 0.38,
        "PMNTN_DFFL" : "쉬움",
        "PMNTN_UPPL" : 7,
        "PMNTN_GODN" : 5,
        "PMNTN_MTRQ" : " ",
        "PMNTN_CNRL" : " ",
        "PMNTN_CLS_" : " ",
        "PMNTN_RISK" : " ",
        "PMNTN_RECO" : " ",
        "DATA_STDR_" : "2016-12-31",
        "MNTN_ID" : "451301501"
      },
      "geometry" : {
        "paths" : [
          [
            [
              183437.47690000106,
              373829.05700000562
            ],
            [
              183416.924300001,
              373831.84860000014
            ],
            [
              183390.70489999931,
              373831.07120000012
            ],
            [
              183379.58970000129,
              373835.62939999998
            ],
            [
              183351.4188000001,
              373854.28170000203
            ],
            [
              183338.29680000339,
              373868.94890000299
            ],
            [
              183324.15139999986,
              373887.28099999949
            ],
            [
              183316.11020000093,
              373894.0318
            ],
            [
              183296.82720000204,
              373907.88279999793
            ],
            [
              183273.27469999995,
              373915.98290000111
            ],
            [
              183255.37210000306,
              373923.62990000099
            ],
            [
              183232.48920000065,
              373932.79110000096
            ],
            [
              183219.56400000211,
              373941.10140000097
            ],
            [
              183212.96479999926,
              373949.38380000368
            ],
            [
              183215.17590000294,
              373953.54719999991
            ],
            [
              183229.76050000358,
              373956.5009000022
            ],
            [
              183228.50499999989,
              373961.40589999966
            ],
            [
              183223.90610000025,
              373968.11790000089
            ],
            [
              183222.37459999975,
              373976.72750000097
            ],
            [
              183214.38939999975,
              373990.3123000022
            ],
            [
              183208.81170000136,
              374013.16120000184
            ],
            [
              183207.20670000184,
              374028.25739999861
            ],
            [
              183197.54550000001,
              374044.44540000334
            ]
          ]
        ]
      }
    },
    {
      "attributes" : {
        "FID" : 6,
        "PMNTN_SN" : 12071,
        "MNTN_CODE" : "451301501",
        "MNTN_NM" : "대초산",
        "PMNTN_NM" : "보덕리구간",
        "PMNTN_MAIN" : " ",
        "PMNTN_LT" : 0.53,
        "PMNTN_DFFL" : "쉬움",
        "PMNTN_UPPL" : 9,
        "PMNTN_GODN" : 7,
        "PMNTN_MTRQ" : " ",
        "PMNTN_CNRL" : " ",
        "PMNTN_CLS_" : " ",
        "PMNTN_RISK" : " ",
        "PMNTN_RECO" : " ",
        "DATA_STDR_" : "2016-12-31",
        "MNTN_ID" : "451301501"
      },
      "geometry" : {
        "paths" : [
          [
            [
              183393.69969999976,
              374152.3657000009
            ],
            [
              183399.14700000361,
              374151.81159999967
            ],
            [
              183407.12440000102,
              374144.05150000565
            ],
            [
              183410.05200000014,
              374137.17760000005
            ],
            [
              183415.98950000014,
              374133.51579999924
            ],
            [
              183421.12490000017,
              374130.23270000331
            ],
            [
              183430.23190000094,
              374128.3069000002
            ],
            [
              183435.15880000126,
              374129.19640000165
            ],
            [
              183440.89600000344,
              374129.31860000454
            ],
            [
              183444.87090000045,
              374132.40690000355
            ],
            [
              183447.59990000073,
              374134.99810000136
            ],
            [
              183450.71240000054,
              374139.99650000036
            ],
            [
              183461.66630000062,
              374151.11600000225
            ],
            [
              183470.64800000098,
              374154.51650000177
            ],
            [
              183474.31950000115,
              374159.38069999963
            ],
            [
              183488.73880000133,
              374161.82780000009
            ],
            [
              183497.13080000412,
              374163.42080000229
            ],
            [
              183505.02990000136,
              374166.73470000178
            ],
            [
              183510.4009000035,
              374164.41250000708
            ],
            [
              183518.26000000071,
              374165.22279999964
            ],
            [
              183527.65100000054,
              374165.6045999974
            ],
            [
              183541.42669999972,
              374166.44409999996
            ],
            [
              183549.30030000024,
              374165.79680000059
            ],
            [
              183553.36079999991,
              374162.58839999884
            ],
            [
              183561.8972000014,
              374158.27209999971
            ],
            [
              183566.51620000228,
              374153.60449999943
            ],
            [
              183564.6231000023,
              374148.19160000235
            ],
            [
              183565.84929999989,
              374141.66290000081
            ],
            [
              183573.78900000174,
              374141.73090000078
            ],
            [
              183580.39700000267,
              374146.1352000013
            ],
            [
              183585.22660000157,
              374152.90579999983
            ],
            [
              183589.28270000312,
              374159.39519999921
            ],
            [
              183596.35599999968,
              374163.76649999991
            ],
            [
              183602.28310000058,
              374168.91490000114
            ],
            [
              183612.43300000113,
              374171.36400000006
            ],
            [
              183619.0970999999,
              374169.84640000015
            ],
            [
              183624.96619999968,
              374161.17610000074
            ],
            [
              183632.55649999995,
              374156.36080000177
            ],
            [
              183643.80060000252,
              374151.3291000016
            ],
            [
              183654.70349999983,
              374145.63260000013
            ],
            [
              183663.52830000315,
              374148.66140000336
            ],
            [
              183666.98510000296,
              374155.16180000827
            ],
            [
              183668.60360000283,
              374161.48150000162
            ],
            [
              183675.39020000026,
              374166.00570000522
            ],
            [
              183671.15950000286,
              374171.89269999973
            ],
            [
              183671.92229999974,
              374179.4143000003
            ],
            [
              183676.10270000156,
              374191.19030000269
            ],
            [
              183685.44240000192,
              374198.45060000196
            ],
            [
              183696.48509999923,
              374196.93180000223
            ],
            [
              183702.66189999972,
              374201.68160000257
            ],
            [
              183703.32419999968,
              374214.14379999973
            ],
            [
              183705.59420000017,
              374223.41450000182
            ],
            [
              183715.88950000051,
              374232.88970000111
            ],
            [
              183731.61960000079,
              374249.04350000247
            ],
            [
              183738.49100000225,
              374255.91840000078
            ],
            [
              183742.75690000039,
              374260.38209999725
            ],
            [
              183747.51380000357,
              374263.96900000237
            ],
            [
              183753.88210000005,
              374265.02039999887
            ],
            [
              183758.70660000201,
              374261.79620000161
            ],
            [
              183764.69710000325,
              374252.21090000123
            ],
            [
              183771.0007000016,
              374241.99479999766
            ]
          ]
        ]
      }
    },
    {
      "attributes" : {
        "FID" : 7,
        "PMNTN_SN" : 12072,
        "MNTN_CODE" : "451301501",
        "MNTN_NM" : "대초산",
        "PMNTN_NM" : "보덕리구간",
        "PMNTN_MAIN" : " ",
        "PMNTN_LT" : 0.17,
        "PMNTN_DFFL" : "쉬움",
        "PMNTN_UPPL" : 3,
        "PMNTN_GODN" : 2,
        "PMNTN_MTRQ" : " ",
        "PMNTN_CNRL" : " ",
        "PMNTN_CLS_" : " ",
        "PMNTN_RISK" : " ",
        "PMNTN_RECO" : " ",
        "DATA_STDR_" : "2016-12-31",
        "MNTN_ID" : "451301501"
      },
      "geometry" : {
        "paths" : [
          [
            [
              183237.09840000141,
              374145.55180000141
            ],
            [
              183249.91550000291,
              374141.08850000054
            ],
            [
              183262.6502000019,
              374141.0064000003
            ],
            [
              183268.81990000233,
              374135.32159999944
            ],
            [
              183276.94080000091,
              374133.65350000188
            ],
            [
              183281.29670000076,
              374127.5393000003
            ],
            [
              183287.86940000113,
              374127.36860000342
            ],
            [
              183293.27749999985,
              374125.23909999989
            ],
            [
              183301.37040000409,
              374126.04470000789
            ],
            [
              183312.49080000352,
              374129.84040000103
            ],
            [
              183319.29940000363,
              374128.82880000025
            ],
            [
              183322.27320000064,
              374132.02979999967
            ],
            [
              183329.03579999972,
              374135.3235000018
            ],
            [
              183337.56240000296,
              374137.36830000207
            ],
            [
              183358.71940000076,
              374143.36690000072
            ],
            [
              183366.5408000024,
              374148.44500000216
            ],
            [
              183371.52159999963,
              374149.28990000114
            ],
            [
              183378.07170000114,
              374148.92730000243
            ],
            [
              183393.69969999976,
              374152.3657000009
            ]
          ]
        ]
      }
    },
    {
      "attributes" : {
        "FID" : 8,
        "PMNTN_SN" : 12073,
        "MNTN_CODE" : "451301501",
        "MNTN_NM" : "대초산",
        "PMNTN_NM" : "보덕리구간",
        "PMNTN_MAIN" : " ",
        "PMNTN_LT" : 0.11,
        "PMNTN_DFFL" : "쉬움",
        "PMNTN_UPPL" : 2,
        "PMNTN_GODN" : 1,
        "PMNTN_MTRQ" : " ",
        "PMNTN_CNRL" : " ",
        "PMNTN_CLS_" : " ",
        "PMNTN_RISK" : " ",
        "PMNTN_RECO" : " ",
        "DATA_STDR_" : "2016-12-31",
        "MNTN_ID" : "451301501"
      },
      "geometry" : {
        "paths" : [
          [
            [
              183197.54550000001,
              374044.44540000334
            ],
            [
              183203.81840000302,
              374054.27329999954
            ],
            [
              183210.03490000218,
              374064.80060000159
            ],
            [
              183211.49860000145,
              374074.20020000264
            ],
            [
              183214.88540000003,
              374085.42200000212
            ],
            [
              183217.01029999927,
              374092.79670000449
            ],
            [
              183222.63650000002,
              374100.8303999994
            ],
            [
              183225.72540000267,
              374107.5485999994
            ],
            [
              183227.45280000009,
              374112.12160000019
            ],
            [
              183233.85730000027,
              374121.47359999828
            ],
            [
              183236.2498000022,
              374133.19690000452
            ],
            [
              183237.09840000141,
              374145.55180000141
            ]
          ]
        ]
      }
    }
  ]
}