{
  "displayFieldName" : "",
  "fieldAliases" : {
    "FID" : "FID",
    "PMNTN_SN" : "PMNTN_SN",
    "MNTN_CODE" : "MNTN_CODE",
    "MNTN_NM" : "MNTN_NM",
    "PMNTN_NM" : "PMNTN_NM",
    "PMNTN_MAIN" : "PMNTN_MAIN",
    "PMNTN_LT" : "PMNTN_LT",
    "PMNTN_DFFL" : "PMNTN_DFFL",
    "PMNTN_UPPL" : "PMNTN_UPPL",
    "PMNTN_GODN" : "PMNTN_GODN",
    "PMNTN_MTRQ" : "PMNTN_MTRQ",
    "PMNTN_CNRL" : "PMNTN_CNRL",
    "PMNTN_CLS_" : "PMNTN_CLS_",
    "PMNTN_RISK" : "PMNTN_RISK",
    "PMNTN_RECO" : "PMNTN_RECO",
    "DATA_STDR_" : "DATA_STDR_",
    "MNTN_ID" : "MNTN_ID"
  },
  "geometryType" : "esriGeometryPolyline",
  "spatialReference" : {
    "wkt" : "PROJCS[\"PCS_ITRF2000_TM\",GEOGCS[\"GCS_ITRF_2000\",DATUM[\"D_ITRF_2000\",SPHEROID[\"GRS_1980\",6378137.0,298.257222101]],PRIMEM[\"Greenwich\",0.0],UNIT[\"Degree\",0.0174532925199433]],PROJECTION[\"Transverse_Mercator\"],PARAMETER[\"False_Easting\",200000.0],PARAMETER[\"False_Northing\",600000.0],PARAMETER[\"Central_Meridian\",127.0],PARAMETER[\"Scale_Factor\",1.0],PARAMETER[\"Latitude_Of_Origin\",38.0],UNIT[\"Meter\",1.0]]"
  },
  "fields" : [
    {
      "name" : "FID",
      "type" : "esriFieldTypeOID",
      "alias" : "FID"
    },
    {
      "name" : "PMNTN_SN",
      "type" : "esriFieldTypeDouble",
      "alias" : "PMNTN_SN"
    },
    {
      "name" : "MNTN_CODE",
      "type" : "esriFieldTypeString",
      "alias" : "MNTN_CODE",
      "length" : 9
    },
    {
      "name" : "MNTN_NM",
      "type" : "esriFieldTypeString",
      "alias" : "MNTN_NM",
      "length" : 50
    },
    {
      "name" : "PMNTN_NM",
      "type" : "esriFieldTypeString",
      "alias" : "PMNTN_NM",
      "length" : 50
    },
    {
      "name" : "PMNTN_MAIN",
      "type" : "esriFieldTypeString",
      "alias" : "PMNTN_MAIN",
      "length" : 200
    },
    {
      "name" : "PMNTN_LT",
      "type" : "esriFieldTypeSingle",
      "alias" : "PMNTN_LT"
    },
    {
      "name" : "PMNTN_DFFL",
      "type" : "esriFieldTypeString",
      "alias" : "PMNTN_DFFL",
      "length" : 8
    },
    {
      "name" : "PMNTN_UPPL",
      "type" : "esriFieldTypeDouble",
      "alias" : "PMNTN_UPPL"
    },
    {
      "name" : "PMNTN_GODN",
      "type" : "esriFieldTypeDouble",
      "alias" : "PMNTN_GODN"
    },
    {
      "name" : "PMNTN_MTRQ",
      "type" : "esriFieldTypeString",
      "alias" : "PMNTN_MTRQ",
      "length" : 200
    },
    {
      "name" : "PMNTN_CNRL",
      "type" : "esriFieldTypeString",
      "alias" : "PMNTN_CNRL",
      "length" : 1
    },
    {
      "name" : "PMNTN_CLS_",
      "type" : "esriFieldTypeString",
      "alias" : "PMNTN_CLS_",
      "length" : 1
    },
    {
      "name" : "PMNTN_RISK",
      "type" : "esriFieldTypeString",
      "alias" : "PMNTN_RISK",
      "length" : 200
    },
    {
      "name" : "PMNTN_RECO",
      "type" : "esriFieldTypeString",
      "alias" : "PMNTN_RECO",
      "length" : 1
    },
    {
      "name" : "DATA_STDR_",
      "type" : "esriFieldTypeString",
      "alias" : "DATA_STDR_",
      "length" : 10
    },
    {
      "name" : "MNTN_ID",
      "type" : "esriFieldTypeString",
      "alias" : "MNTN_ID",
      "length" : 10
    }
  ],
  "features" : [
    {
      "attributes" : {
        "FID" : 0,
        "PMNTN_SN" : 26838,
        "MNTN_CODE" : "491105604",
        "MNTN_NM" : "북오름",
        "PMNTN_NM" : "덕천리구간",
        "PMNTN_MAIN" : " ",
        "PMNTN_LT" : 1.11,
        "PMNTN_DFFL" : "쉬움",
        "PMNTN_UPPL" : 20,
        "PMNTN_GODN" : 14,
        "PMNTN_MTRQ" : " ",
        "PMNTN_CNRL" : " ",
        "PMNTN_CLS_" : " ",
        "PMNTN_RISK" : " ",
        "PMNTN_RECO" : " ",
        "DATA_STDR_" : "2016-12-31",
        "MNTN_ID" : "491105604"
      },
      "geometry" : {
        "paths" : [
          [
            [
              175528.19510000199,
              99227.564100001007
            ],
            [
              175524.10170000419,
              99236.049600003287
            ],
            [
              175518.63700000104,
              99243.688200002536
            ],
            [
              175508.68880000338,
              99253.486500000581
            ],
            [
              175496.68360000104,
              99264.819900000468
            ],
            [
              175485.38370000012,
              99277.747500002384
            ],
            [
              175476.53799999971,
              99289.872500002384
            ],
            [
              175468.22550000064,
              99299.738200001419
            ],
            [
              175460.10050000064,
              99312.063500000164
            ],
            [
              175452.70760000218,
              99323.654600001872
            ],
            [
              175444.69470000081,
              99338.18950000219
            ],
            [
              175438.6816000035,
              99356.004300000146
            ],
            [
              175434.50440000091,
              99372.893899999559
            ],
            [
              175429.84850000031,
              99388.805400000885
            ],
            [
              175425.79899999965,
              99405.200700001791
            ],
            [
              175425.23760000244,
              99413.885600004345
            ],
            [
              175426.7469000034,
              99427.774100001901
            ],
            [
              175430.18950000033,
              99444.373700000346
            ],
            [
              175435.19550000131,
              99459.889699999243
            ],
            [
              175442.72919999994,
              99474.647500000894
            ],
            [
              175449.48670000024,
              99487.884700000286
            ],
            [
              175456.59549999982,
              99501.810200002044
            ],
            [
              175465.05770000163,
              99515.029300004244
            ],
            [
              175473.72650000174,
              99526.584699999541
            ],
            [
              175484.81279999949,
              99535.867600001395
            ],
            [
              175495.96720000263,
              99542.100199997425
            ],
            [
              175509.48160000145,
              99549.651399999857
            ],
            [
              175524.77810000069,
              99555.379200004041
            ],
            [
              175539.16510000173,
              99559.028000000864
            ],
            [
              175553.44089999888,
              99556.513699999079
            ],
            [
              175564.36640000157,
              99551.590300001204
            ],
            [
              175576.06599999964,
              99542.964199999347
            ],
            [
              175585.36400000285,
              99532.688800001517
            ],
            [
              175592.71620000061,
              99521.090299999341
            ],
            [
              175599.26930000354,
              99507.504300002009
            ],
            [
              175605.10629999917,
              99492.067000001669
            ],
            [
              175609.01790000126,
              99479.39770000428
            ],
            [
              175613.15079999994,
              99466.853199999779
            ],
            [
              175617.56410000287,
              99455.752200001851
            ],
            [
              175620.89470000193,
              99444.582200001925
            ],
            [
              175624.46350000054,
              99436.946000000462
            ],
            [
              175619.21190000139,
              99431.707100002095
            ],
            [
              175615.92750000302,
              99424.954600004479
            ],
            [
              175613.80510000046,
              99415.755600001663
            ],
            [
              175610.33690000419,
              99406.393600001931
            ],
            [
              175610.00870000105,
              99396.29270000197
            ],
            [
              175612.95220000204,
              99390.818499999121
            ],
            [
              175620.17059999984,
              99385.927799999714
            ],
            [
              175625.09840000141,
              99382.112200001255
            ],
            [
              175628.79570000246,
              99379.249300001189
            ],
            [
              175630.25460000243,
              99372.486200001091
            ],
            [
              175629.99720000103,
              99366.873400000855
            ],
            [
              175626.0178000005,
              99361.937900003046
            ],
            [
              175619.61729999911,
              99359.896999999881
            ],
            [
              175614.595900001,
              99358.295700000599
            ],
            [
              175607.75430000015,
              99357.351800000295
            ],
            [
              175599.87510000169,
              99354.794900001958
            ],
            [
              175592.93230000138,
              99350.974999999627
            ],
            [
              175583.34360000212,
              99344.61070000194
            ],
            [
              175575.2193,
              99336.701000003144
            ],
            [
              175567.83320000116,
              99330.331100001931
            ],
            [
              175560.69160000235,
              99321.56220000051
            ],
            [
              175554.5998999998,
              99317.129599999636
            ],
            [
              175547.45970000047,
              99315.065700002015
            ],
            [
              175543.49170000199,
              99309.299699999392
            ],
            [
              175545.527800004,
              99303.055600004271
            ],
            [
              175548.54180000257,
              99297.404300000519
            ],
            [
              175553.49500000011,
              99295.341099999845
            ],
            [
              175561.81250000279,
              99294.311900002882
            ],
            [
              175567.03870000038,
              99293.707399999723
            ],
            [
              175571.85030000005,
              99292.586000001058
            ],
            [
              175577.90900000185,
              99288.708999998868
            ],
            [
              175583.92750000115,
              99277.993900001049
            ],
            [
              175590.58810000122,
              99277.056500002742
            ],
            [
              175604.05900000315,
              99278.113900003955
            ],
            [
              175613.09910000116,
              99273.993500001729
            ],
            [
              175620.07440000027,
              99268.847500002012
            ],
            [
              175628.18960000295,
              99269.380500001833
            ],
            [
              175639.51170000155,
              99273.227199999616
            ],
            [
              175652.88570000138,
              99273.242500003427
            ],
            [
              175663.27030000184,
              99268.359000001103
            ],
            [
              175672.89840000216,
              99267.229700000957
            ],
            [
              175682.04260000028,
              99269.151200002059
            ],
            [
              175688.28870000131,
              99274.006400002167
            ],
            [
              175693.7193,
              99271.706599999219
            ],
            [
              175698.15340000018,
              99265.676800001413
            ],
            [
              175705.60110000055,
              99265.732300002128
            ],
            [
              175711.77570000291,
              99268.005300002173
            ],
            [
              175718.91360000335,
              99268.010399999097
            ],
            [
              175725.52210000064,
              99270.959799999371
            ],
            [
              175736.19270000048,
              99274.100600004196
            ],
            [
              175749.26250000019,
              99278.799500001594
            ],
            [
              175761.88370000012,
              99287.288900000975
            ],
            [
              175775.7844000021,
              99292.930999998003
            ],
            [
              175789.95650000125,
              99294.132900001481
            ],
            [
              175806.55460000131,
              99293.429700002074
            ],
            [
              175819.10620000027,
              99299.329600000754
            ],
            [
              175829.97879999969,
              99305.74459999986
            ],
            [
              175835.94520000089,
              99312.557600000873
            ],
            [
              175839.26269999985,
              99318.551700001583
            ],
            [
              175843.79980000108,
              99322.906199999154
            ],
            [
              175849.7444000002,
              99324.998299999163
            ]
          ]
        ]
      }
    }
  ]
}