{
  "displayFieldName" : "",
  "fieldAliases" : {
    "FID" : "FID",
    "PMNTN_SN" : "PMNTN_SN",
    "MNTN_CODE" : "MNTN_CODE",
    "MNTN_NM" : "MNTN_NM",
    "PMNTN_NM" : "PMNTN_NM",
    "PMNTN_MAIN" : "PMNTN_MAIN",
    "PMNTN_LT" : "PMNTN_LT",
    "PMNTN_DFFL" : "PMNTN_DFFL",
    "PMNTN_UPPL" : "PMNTN_UPPL",
    "PMNTN_GODN" : "PMNTN_GODN",
    "PMNTN_MTRQ" : "PMNTN_MTRQ",
    "PMNTN_CNRL" : "PMNTN_CNRL",
    "PMNTN_CLS_" : "PMNTN_CLS_",
    "PMNTN_RISK" : "PMNTN_RISK",
    "PMNTN_RECO" : "PMNTN_RECO",
    "DATA_STDR_" : "DATA_STDR_",
    "MNTN_ID" : "MNTN_ID"
  },
  "geometryType" : "esriGeometryPolyline",
  "spatialReference" : {
    "wkt" : "PROJCS[\"PCS_ITRF2000_TM\",GEOGCS[\"GCS_ITRF_2000\",DATUM[\"D_ITRF_2000\",SPHEROID[\"GRS_1980\",6378137.0,298.257222101]],PRIMEM[\"Greenwich\",0.0],UNIT[\"Degree\",0.0174532925199433]],PROJECTION[\"Transverse_Mercator\"],PARAMETER[\"False_Easting\",200000.0],PARAMETER[\"False_Northing\",600000.0],PARAMETER[\"Central_Meridian\",127.0],PARAMETER[\"Scale_Factor\",1.0],PARAMETER[\"Latitude_Of_Origin\",38.0],UNIT[\"Meter\",1.0]]"
  },
  "fields" : [
    {
      "name" : "FID",
      "type" : "esriFieldTypeOID",
      "alias" : "FID"
    },
    {
      "name" : "PMNTN_SN",
      "type" : "esriFieldTypeDouble",
      "alias" : "PMNTN_SN"
    },
    {
      "name" : "MNTN_CODE",
      "type" : "esriFieldTypeString",
      "alias" : "MNTN_CODE",
      "length" : 9
    },
    {
      "name" : "MNTN_NM",
      "type" : "esriFieldTypeString",
      "alias" : "MNTN_NM",
      "length" : 50
    },
    {
      "name" : "PMNTN_NM",
      "type" : "esriFieldTypeString",
      "alias" : "PMNTN_NM",
      "length" : 50
    },
    {
      "name" : "PMNTN_MAIN",
      "type" : "esriFieldTypeString",
      "alias" : "PMNTN_MAIN",
      "length" : 200
    },
    {
      "name" : "PMNTN_LT",
      "type" : "esriFieldTypeSingle",
      "alias" : "PMNTN_LT"
    },
    {
      "name" : "PMNTN_DFFL",
      "type" : "esriFieldTypeString",
      "alias" : "PMNTN_DFFL",
      "length" : 8
    },
    {
      "name" : "PMNTN_UPPL",
      "type" : "esriFieldTypeDouble",
      "alias" : "PMNTN_UPPL"
    },
    {
      "name" : "PMNTN_GODN",
      "type" : "esriFieldTypeDouble",
      "alias" : "PMNTN_GODN"
    },
    {
      "name" : "PMNTN_MTRQ",
      "type" : "esriFieldTypeString",
      "alias" : "PMNTN_MTRQ",
      "length" : 200
    },
    {
      "name" : "PMNTN_CNRL",
      "type" : "esriFieldTypeString",
      "alias" : "PMNTN_CNRL",
      "length" : 1
    },
    {
      "name" : "PMNTN_CLS_",
      "type" : "esriFieldTypeString",
      "alias" : "PMNTN_CLS_",
      "length" : 1
    },
    {
      "name" : "PMNTN_RISK",
      "type" : "esriFieldTypeString",
      "alias" : "PMNTN_RISK",
      "length" : 200
    },
    {
      "name" : "PMNTN_RECO",
      "type" : "esriFieldTypeString",
      "alias" : "PMNTN_RECO",
      "length" : 1
    },
    {
      "name" : "DATA_STDR_",
      "type" : "esriFieldTypeString",
      "alias" : "DATA_STDR_",
      "length" : 10
    },
    {
      "name" : "MNTN_ID",
      "type" : "esriFieldTypeString",
      "alias" : "MNTN_ID",
      "length" : 10
    }
  ],
  "features" : [
    {
      "attributes" : {
        "FID" : 0,
        "PMNTN_SN" : 31344,
        "MNTN_CODE" : "467800901",
        "MNTN_NM" : "석호산",
        "PMNTN_NM" : "화방리구간",
        "PMNTN_MAIN" : " ",
        "PMNTN_LT" : 1.71,
        "PMNTN_DFFL" : "쉬움",
        "PMNTN_UPPL" : 51,
        "PMNTN_GODN" : 36,
        "PMNTN_MTRQ" : " ",
        "PMNTN_CNRL" : " ",
        "PMNTN_CLS_" : " ",
        "PMNTN_RISK" : " ",
        "PMNTN_RECO" : " ",
        "DATA_STDR_" : "2016-12-31",
        "MNTN_ID" : "467800901"
      },
      "geometry" : {
        "paths" : [
          [
            [
              211728.67320000101,
              247415.26480000094
            ],
            [
              211716.77590000071,
              247409.88470000215
            ],
            [
              211707.95820000116,
              247403.01559999958
            ],
            [
              211698.7368999999,
              247393.38079999946
            ],
            [
              211696.86060000025,
              247385.06100000069
            ],
            [
              211694.98750000075,
              247376.10199999996
            ],
            [
              211693.11750000063,
              247366.50379999913
            ],
            [
              211692.51970000379,
              247358.19040000066
            ],
            [
              211696.38700000197,
              247351.8171000015
            ],
            [
              211696.40930000134,
              247347.34229999967
            ],
            [
              211696.44430000056,
              247340.3105999995
            ],
            [
              211693.90650000051,
              247336.46240000241
            ],
            [
              211690.08690000419,
              247333.2471000012
            ],
            [
              211687.60480000079,
              247318.21210000105
            ],
            [
              211688.35420000274,
              247303.63780000061
            ],
            [
              211683.9143000003,
              247289.10730000027
            ],
            [
              211678.83530000225,
              247282.05010000244
            ],
            [
              211675.01900000405,
              247278.19550000131
            ],
            [
              211674.40200000256,
              247273.71760000102
            ],
            [
              211675.72829999961,
              247264.13530000113
            ],
            [
              211687.93770000339,
              247251.41090000235
            ],
            [
              211693.12490000296,
              247236.73370000161
            ],
            [
              211694.46710000001,
              247223.95519999973
            ],
            [
              211691.30269999988,
              247217.54680000059
            ],
            [
              211684.98349999916,
              247202.81229999848
            ],
            [
              211676.7594000008,
              247185.51130000129
            ],
            [
              211669.15529999975,
              247172.04890000261
            ],
            [
              211656.42450000066,
              247161.11800000258
            ],
            [
              211644.95320000127,
              247154.02900000289
            ],
            [
              211626.46920000389,
              247143.06939999945
            ],
            [
              211620.73830000125,
              247138.56599999964
            ],
            [
              211594.62160000391,
              247119.89729999751
            ],
            [
              211583.79260000028,
              247112.17220000178
            ],
            [
              211574.92280000076,
              247096.14649999887
            ],
            [
              211569.84389999975,
              247089.08930000104
            ],
            [
              211560.2807,
              247083.92750000022
            ],
            [
              211556.46119999979,
              247080.71220000274
            ],
            [
              211550.73340000026,
              247075.56959999911
            ],
            [
              211540.56280000135,
              247064.01219999976
            ],
            [
              211511.89550000243,
              247044.05220000446
            ],
            [
              211488.9783000024,
              247024.76019999944
            ],
            [
              211475.60510000214,
              247014.46539999917
            ],
            [
              211467.9692000011,
              247007.39550000057
            ],
            [
              211467.36490000226,
              247000.36060000025
            ],
            [
              211470.26539999992,
              246995.58060000464
            ],
            [
              211474.7704000026,
              246989.52999999933
            ],
            [
              211476.39079999924,
              246985.06330000237
            ],
            [
              211478.33400000259,
              246979.9589000009
            ],
            [
              211479.31360000093,
              246975.8086000029
            ],
            [
              211476.13650000002,
              246971.9571999982
            ],
            [
              211471.67449999973,
              246969.37790000066
            ],
            [
              211468.80750000384,
              246967.4458000008
            ],
            [
              211466.26799999923,
              246963.91719999909
            ],
            [
              211464.68420000095,
              246961.03260000236
            ],
            [
              211463.45190000068,
              246951.75720000267
            ],
            [
              211463.48859999981,
              246944.40589999966
            ],
            [
              211462.55040000193,
              246940.24599999934
            ],
            [
              211460.0093000019,
              246937.03710000217
            ],
            [
              211454.58530000038,
              246935.0922000017
            ],
            [
              211448.51880000159,
              246933.7835000027
            ],
            [
              211442.15030000079,
              246928.95729999989
            ],
            [
              211438.3291000016,
              246926.06160000339
            ],
            [
              211433.57620000094,
              246917.72749999911
            ],
            [
              211430.74260000139,
              246909.08339999989
            ],
            [
              211435.58950000163,
              246898.55969999917
            ],
            [
              211439.12450000178,
              246894.7416999992
            ],
            [
              211435.31450000126,
              246889.60869999975
            ],
            [
              211425.15020000003,
              246876.77280000038
            ],
            [
              211418.84059999976,
              246860.12060000002
            ],
            [
              211409.65280000027,
              246843.77360000089
            ],
            [
              211401.37920000125,
              246836.38090000115
            ],
            [
              211392.46800000127,
              246828.66530000232
            ],
            [
              211380.98870000243,
              246823.17440000176
            ],
            [
              211366.96350000054,
              246815.43339999951
            ],
            [
              211352.29110000003,
              246809.28729999997
            ],
            [
              211338.25950000249,
              246802.82480000146
            ],
            [
              211328.37350000162,
              246798.30070000142
            ],
            [
              211315.27540000249,
              246796.95690000057
            ],
            [
              211302.47930000164,
              246799.13060000353
            ],
            [
              211291.94770000223,
              246795.88179999962
            ],
            [
              211286.21520000324,
              246791.69800000265
            ],
            [
              211281.45430000219,
              246784.96210000105
            ],
            [
              211275.47699999996,
              246765.75449999981
            ],
            [
              211265.37970000226,
              246739.49440000579
            ],
            [
              211259.07160000224,
              246722.52260000259
            ],
            [
              211250.1986000035,
              246707.1361000035
            ],
            [
              211236.21650000196,
              246690.76530000195
            ],
            [
              211224.940200001,
              246686.73930000328
            ],
            [
              211217.77620000113,
              246680.08140000142
            ],
            [
              211214.95930000301,
              246673.58179999888
            ],
            [
              211217.17130000051,
              246664.14110000432
            ],
            [
              211213.36129999906,
              246659.00800000131
            ],
            [
              211206.98159999959,
              246656.41910000145
            ],
            [
              211203.48319999967,
              246652.88580000214
            ],
            [
              211193.33810000028,
              246636.21440000273
            ],
            [
              211181.26730000041,
              246621.13169999979
            ],
            [
              211172.68370000366,
              246611.81960000098
            ],
            [
              211171.11270000041,
              246606.37810000032
            ],
            [
              211170.80740000214,
              246603.49990000203
            ],
            [
              211170.19360000174,
              246598.3826999981
            ],
            [
              211166.10219999962,
              246585.57709999941
            ],
            [
              211162.29220000096,
              246580.44400000013
            ],
            [
              211157.83820000105,
              246576.26670000143
            ],
            [
              211150.51240000222,
              246571.11610000022
            ],
            [
              211143.50140000042,
              246566.92590000108
            ],
            [
              211134.2657000022,
              246560.16770000011
            ],
            [
              211128.20090000052,
              246558.53930000216
            ],
            [
              211124.68979999982,
              246557.56290000118
            ],
            [
              211118.94620000292,
              246555.6165000014
            ],
            [
              211110.65510000102,
              246551.73960000277
            ],
            [
              211103.32920000143,
              246546.58909999952
            ],
            [
              211097.91160000116,
              246543.36580000073
            ],
            [
              211094.09360000119,
              246539.8308000043
            ],
            [
              211087.08259999938,
              246535.64069999941
            ],
            [
              211077.82950000092,
              246532.39830000326
            ],
            [
              211074.95770000014,
              246531.42510000244
            ],
            [
              211081.68730000034,
              246527.94270000234
            ],
            [
              211093.53399999999,
              246523.84650000185
            ],
            [
              211102.1845000023,
              246519.73440000229
            ],
            [
              211104.75420000125,
              246517.19019999914
            ],
            [
              211108.29720000364,
              246511.77410000004
            ],
            [
              211109.93670000136,
              246503.47190000117
            ],
            [
              211112.8339999998,
              246499.33110000007
            ],
            [
              211116.37689999864,
              246493.91500000097
            ],
            [
              211119.26620000042,
              246491.37240000069
            ],
            [
              211122.46880000178,
              246490.10980000347
            ],
            [
              211131.1018000003,
              246489.51360000111
            ],
            [
              211144.52280000132,
              246490.21970000304
            ],
            [
              211150.91840000171,
              246489.61229999922
            ],
            [
              211157.00240000058,
              246487.40520000271
            ],
            [
              211161.49459999986,
              246483.91160000116
            ],
            [
              211161.51380000077,
              246480.0762000028
            ],
            [
              211152.26699999906,
              246475.55529999919
            ],
            [
              211144.6342999991,
              246467.84610000253
            ],
            [
              211138.13820000272,
              246460.79430000111
            ],
            [
              211135.09050000273,
              246457.02339999937
            ],
            [
              211144.45220000297,
              246454.61070000194
            ],
            [
              211173.42480000108,
              246452.12260000035
            ],
            [
              211195.03490000125,
              246452.62250000238
            ],
            [
              211223.32440000027,
              246458.5390000008
            ],
            [
              211250.4635000024,
              246454.87370000221
            ],
            [
              211275.57360000163,
              246445.66740000248
            ],
            [
              211281.50010000076,
              246432.2378000021
            ],
            [
              211281.70660000108,
              246416.54580000043
            ],
            [
              211278.48620000295,
              246388.1491000019
            ],
            [
              211265.22070000228,
              246385.85650000162
            ],
            [
              211239.59920000099,
              246392.30890000239
            ],
            [
              211202.20180000085,
              246396.8553000018
            ],
            [
              211169.50170000177,
              246395.93329999968
            ],
            [
              211156.21600000374,
              246388.6353999991
            ]
          ]
        ]
      }
    }
  ]
}