{"displayFieldName":"","fieldAliases":{"FID":"FID","PMNTN_SPOT":"PMNTN_SPOT","MNTN_CODE":"MNTN_CODE","MANAGE_SP1":"MANAGE_SP1","MANAGE_SP2":"MANAGE_SP2","DETAIL_SPO":"DETAIL_SPO","ETC_MATTER":"ETC_MATTER","MNTN_NM":"MNTN_NM","PAST_SPOT_":"PAST_SPOT_","MNTN_ID":"MNTN_ID"},"geometryType":"esriGeometryPoint","spatialReference":{"wkt":"PROJCS[\"PCS_ITRF2000_TM\",GEOGCS[\"GCS_ITRF_2000\",DATUM[\"D_ITRF_2000\",SPHEROID[\"GRS_1980\",6378137.0,298.257222101]],PRIMEM[\"Greenwich\",0.0],UNIT[\"Degree\",0.0174532925199433]],PROJECTION[\"Transverse_Mercator\"],PARAMETER[\"False_Easting\",200000.0],PARAMETER[\"False_Northing\",600000.0],PARAMETER[\"Central_Meridian\",127.0],PARAMETER[\"Scale_Factor\",1.0],PARAMETER[\"Latitude_Of_Origin\",38.0],UNIT[\"Meter\",1.0]]"},"fields":[{"name":"FID","type":"esriFieldTypeOID","alias":"FID"},{"name":"PMNTN_SPOT","type":"esriFieldTypeInteger","alias":"PMNTN_SPOT"},{"name":"MNTN_CODE","type":"esriFieldTypeString","alias":"MNTN_CODE","length":9},{"name":"MANAGE_SP1","type":"esriFieldTypeString","alias":"MANAGE_SP1","length":2},{"name":"MANAGE_SP2","type":"esriFieldTypeString","alias":"MANAGE_SP2","length":50},{"name":"DETAIL_SPO","type":"esriFieldTypeString","alias":"DETAIL_SPO","length":200},{"name":"ETC_MATTER","type":"esriFieldTypeString","alias":"ETC_MATTER","length":200},{"name":"MNTN_NM","type":"esriFieldTypeString","alias":"MNTN_NM","length":50},{"name":"PAST_SPOT_","type":"esriFieldTypeString","alias":"PAST_SPOT_","length":14},{"name":"MNTN_ID","type":"esriFieldTypeString","alias":"MNTN_ID","length":10}],"features":[{"attributes":{"FID":0,"PMNTN_SPOT":48919,"MNTN_CODE":"428302001","MANAGE_SP1":"02","MANAGE_SP2":"분기점","DETAIL_SPO":"분기점","ETC_MATTER":" ","MNTN_NM":"삼형제봉","PAST_SPOT_":"4215036010001","MNTN_ID":"421503601"},"geometry":{"x":350961.32720000762,"y":590483.63900000788}},{"attributes":{"FID":1,"PMNTN_SPOT":48920,"MNTN_CODE":"428302001","MANAGE_SP1":"01","MANAGE_SP2":"시종점","DETAIL_SPO":"시종점","ETC_MATTER":" ","MNTN_NM":"삼형제봉","PAST_SPOT_":"4283020010002","MNTN_ID":"428302001"},"geometry":{"x":351114.45130000729,"y":590710.68500000425}},{"attributes":{"FID":2,"PMNTN_SPOT":48921,"MNTN_CODE":"428302001","MANAGE_SP1":"02","MANAGE_SP2":"분기점","DETAIL_SPO":"분기점","ETC_MATTER":" ","MNTN_NM":"삼형제봉","PAST_SPOT_":"4215036010003","MNTN_ID":"421503601"},"geometry":{"x":351191.54130000807,"y":590596.63399999961}},{"attributes":{"FID":3,"PMNTN_SPOT":48922,"MNTN_CODE":"428302001","MANAGE_SP1":"02","MANAGE_SP2":"분기점","DETAIL_SPO":"분기점","ETC_MATTER":" ","MNTN_NM":"삼형제봉","PAST_SPOT_":"4215036010004","MNTN_ID":"421503601"},"geometry":{"x":351240.69700000808,"y":589572.85590000264}},{"attributes":{"FID":4,"PMNTN_SPOT":48923,"MNTN_CODE":"428302001","MANAGE_SP1":"02","MANAGE_SP2":"분기점","DETAIL_SPO":"분기점","ETC_MATTER":" ","MNTN_NM":"삼형제봉","PAST_SPOT_":"4215036010005","MNTN_ID":"421503601"},"geometry":{"x":351980.85240000673,"y":588724.09540000185}},{"attributes":{"FID":5,"PMNTN_SPOT":48924,"MNTN_CODE":"428302001","MANAGE_SP1":"01","MANAGE_SP2":"시종점","DETAIL_SPO":"시종점","ETC_MATTER":" ","MNTN_NM":"삼형제봉","PAST_SPOT_":"4215036010006","MNTN_ID":"421503601"},"geometry":{"x":352237.53200000897,"y":588138.20090000331}},{"attributes":{"FID":6,"PMNTN_SPOT":48925,"MNTN_CODE":"428302001","MANAGE_SP1":"02","MANAGE_SP2":"분기점","DETAIL_SPO":"분기점","ETC_MATTER":" ","MNTN_NM":"삼형제봉","PAST_SPOT_":"4215036010007","MNTN_ID":"421503601"},"geometry":{"x":352278.19410000928,"y":590294.6099999994}},{"attributes":{"FID":7,"PMNTN_SPOT":48926,"MNTN_CODE":"428302001","MANAGE_SP1":"01","MANAGE_SP2":"시종점","DETAIL_SPO":"시종점","ETC_MATTER":" ","MNTN_NM":"삼형제봉","PAST_SPOT_":"4215036010008","MNTN_ID":"421503601"},"geometry":{"x":354611.94690000918,"y":588280.90810000151}},{"attributes":{"FID":8,"PMNTN_SPOT":48927,"MNTN_CODE":"428302001","MANAGE_SP1":"99","MANAGE_SP2":"기타","DETAIL_SPO":"무다리,표지석","ETC_MATTER":" ","MNTN_NM":"삼형제봉","PAST_SPOT_":"4215036010009","MNTN_ID":"421503601"},"geometry":{"x":354625.94350001588,"y":588285.46910000034}},{"attributes":{"FID":9,"PMNTN_SPOT":48928,"MNTN_CODE":"428302001","MANAGE_SP1":"11","MANAGE_SP2":"안내판또는지도","DETAIL_SPO":"입산통제차단기","ETC_MATTER":" ","MNTN_NM":"삼형제봉","PAST_SPOT_":"4215036010010","MNTN_ID":"421503601"},"geometry":{"x":351522.28840001673,"y":589080.72509999759}},{"attributes":{"FID":10,"PMNTN_SPOT":48929,"MNTN_CODE":"428302001","MANAGE_SP1":"12","MANAGE_SP2":"위험지역","DETAIL_SPO":"풍도목","ETC_MATTER":" ","MNTN_NM":"삼형제봉","PAST_SPOT_":"4215036010011","MNTN_ID":"421503601"},"geometry":{"x":350690.02860001195,"y":589427.60210000165}},{"attributes":{"FID":11,"PMNTN_SPOT":48930,"MNTN_CODE":"428302001","MANAGE_SP1":"10","MANAGE_SP2":"이정표","DETAIL_SPO":"이정표,훼손지","ETC_MATTER":" ","MNTN_NM":"삼형제봉","PAST_SPOT_":"4215036010012","MNTN_ID":"421503601"},"geometry":{"x":351080.45020001568,"y":589539.07020000182}},{"attributes":{"FID":12,"PMNTN_SPOT":48931,"MNTN_CODE":"428302001","MANAGE_SP1":"15","MANAGE_SP2":"훼손지","DETAIL_SPO":"훼손지","ETC_MATTER":" ","MNTN_NM":"삼형제봉","PAST_SPOT_":"4215036010013","MNTN_ID":"421503601"},"geometry":{"x":351154.49960001372,"y":589556.39030000195}},{"attributes":{"FID":13,"PMNTN_SPOT":48932,"MNTN_CODE":"428302001","MANAGE_SP1":"10","MANAGE_SP2":"이정표","DETAIL_SPO":"이정표","ETC_MATTER":" ","MNTN_NM":"삼형제봉","PAST_SPOT_":"4215036010014","MNTN_ID":"421503601"},"geometry":{"x":351208.73100001272,"y":589577.06610000134}},{"attributes":{"FID":14,"PMNTN_SPOT":48933,"MNTN_CODE":"428302001","MANAGE_SP1":"12","MANAGE_SP2":"위험지역","DETAIL_SPO":"급경사지역","ETC_MATTER":" ","MNTN_NM":"삼형제봉","PAST_SPOT_":"4215036010015","MNTN_ID":"421503601"},"geometry":{"x":351081.0784000149,"y":589580.96780000068}},{"attributes":{"FID":15,"PMNTN_SPOT":48934,"MNTN_CODE":"428302001","MANAGE_SP1":"12","MANAGE_SP2":"위험지역","DETAIL_SPO":"훼손지","ETC_MATTER":" ","MNTN_NM":"삼형제봉","PAST_SPOT_":"4215036010016","MNTN_ID":"421503601"},"geometry":{"x":352302.41360001825,"y":589633.52789999917}},{"attributes":{"FID":16,"PMNTN_SPOT":48935,"MNTN_CODE":"428302001","MANAGE_SP1":"12","MANAGE_SP2":"위험지역","DETAIL_SPO":"암석지대","ETC_MATTER":" ","MNTN_NM":"삼형제봉","PAST_SPOT_":"4215036010017","MNTN_ID":"421503601"},"geometry":{"x":350380.98050001822,"y":589793.22250000201}},{"attributes":{"FID":17,"PMNTN_SPOT":48936,"MNTN_CODE":"428302001","MANAGE_SP1":"12","MANAGE_SP2":"위험지역","DETAIL_SPO":"암석지대","ETC_MATTER":" ","MNTN_NM":"삼형제봉","PAST_SPOT_":"4215036010018","MNTN_ID":"421503601"},"geometry":{"x":350335.31860001571,"y":589865.81960000098}},{"attributes":{"FID":18,"PMNTN_SPOT":48937,"MNTN_CODE":"428302001","MANAGE_SP1":"23","MANAGE_SP2":"정상","DETAIL_SPO":"이정표,1봉정상","ETC_MATTER":" ","MNTN_NM":"삼형제봉","PAST_SPOT_":"4215036010019","MNTN_ID":"421503601"},"geometry":{"x":350298.05510001723,"y":589936.32760000229}},{"attributes":{"FID":19,"PMNTN_SPOT":48938,"MNTN_CODE":"428302001","MANAGE_SP1":"23","MANAGE_SP2":"정상","DETAIL_SPO":"2봉정상","ETC_MATTER":" ","MNTN_NM":"삼형제봉","PAST_SPOT_":"4215036010020","MNTN_ID":"421503601"},"geometry":{"x":350525.78610001504,"y":590055.27570000105}},{"attributes":{"FID":20,"PMNTN_SPOT":48939,"MNTN_CODE":"428302001","MANAGE_SP1":"12","MANAGE_SP2":"위험지역","DETAIL_SPO":"암석,급경사","ETC_MATTER":" ","MNTN_NM":"삼형제봉","PAST_SPOT_":"4215036010021","MNTN_ID":"421503601"},"geometry":{"x":350575.47820001468,"y":590069.06820000149}},{"attributes":{"FID":21,"PMNTN_SPOT":48940,"MNTN_CODE":"428302001","MANAGE_SP1":"23","MANAGE_SP2":"정상","DETAIL_SPO":"급경사지역,3봉정상","ETC_MATTER":" ","MNTN_NM":"삼형제봉","PAST_SPOT_":"4215036010022","MNTN_ID":"421503601"},"geometry":{"x":350682.38510001265,"y":590112.96040000767}},{"attributes":{"FID":22,"PMNTN_SPOT":48941,"MNTN_CODE":"428302001","MANAGE_SP1":"12","MANAGE_SP2":"위험지역","DETAIL_SPO":"급경사지역","ETC_MATTER":" ","MNTN_NM":"삼형제봉","PAST_SPOT_":"4283020010023","MNTN_ID":"428302001"},"geometry":{"x":350692.64510001149,"y":590149.38250000216}},{"attributes":{"FID":23,"PMNTN_SPOT":48942,"MNTN_CODE":"428302001","MANAGE_SP1":"12","MANAGE_SP2":"위험지역","DETAIL_SPO":"암벽,풍도목","ETC_MATTER":" ","MNTN_NM":"삼형제봉","PAST_SPOT_":"4215036010024","MNTN_ID":"421503601"},"geometry":{"x":350716.90860001836,"y":590259.3844000008}},{"attributes":{"FID":24,"PMNTN_SPOT":48943,"MNTN_CODE":"428302001","MANAGE_SP1":"10","MANAGE_SP2":"이정표","DETAIL_SPO":"이정표","ETC_MATTER":" ","MNTN_NM":"삼형제봉","PAST_SPOT_":"4215036010025","MNTN_ID":"421503601"},"geometry":{"x":350970.48680001684,"y":590487.3219000008}},{"attributes":{"FID":25,"PMNTN_SPOT":48944,"MNTN_CODE":"428302001","MANAGE_SP1":"10","MANAGE_SP2":"이정표","DETAIL_SPO":"이정표","ETC_MATTER":" ","MNTN_NM":"삼형제봉","PAST_SPOT_":"4283020010026","MNTN_ID":"428302001"},"geometry":{"x":350972.28210001811,"y":590497.8264000006}},{"attributes":{"FID":26,"PMNTN_SPOT":48945,"MNTN_CODE":"428302001","MANAGE_SP1":"23","MANAGE_SP2":"정상","DETAIL_SPO":"시루봉정상,이정표,급경사지역","ETC_MATTER":" ","MNTN_NM":"삼형제봉","PAST_SPOT_":"4215036010027","MNTN_ID":"421503601"},"geometry":{"x":351200.38860001788,"y":590598.87879999913}},{"attributes":{"FID":27,"PMNTN_SPOT":48946,"MNTN_CODE":"428302001","MANAGE_SP1":"23","MANAGE_SP2":"정상","DETAIL_SPO":"옆봉정상","ETC_MATTER":" ","MNTN_NM":"삼형제봉","PAST_SPOT_":"4283020010028","MNTN_ID":"428302001"},"geometry":{"x":351115.08460001368,"y":590709.7183000017}},{"attributes":{"FID":28,"PMNTN_SPOT":48947,"MNTN_CODE":"428302001","MANAGE_SP1":"12","MANAGE_SP2":"위험지역","DETAIL_SPO":"풍도목","ETC_MATTER":" ","MNTN_NM":"삼형제봉","PAST_SPOT_":"4283020010029","MNTN_ID":"428302001"},"geometry":{"x":352833.97970001679,"y":590737.62950000539}},{"attributes":{"FID":29,"PMNTN_SPOT":48948,"MNTN_CODE":"428302001","MANAGE_SP1":"99","MANAGE_SP2":"기타","DETAIL_SPO":"임도교차점","ETC_MATTER":" ","MNTN_NM":"삼형제봉","PAST_SPOT_":"4283020010030","MNTN_ID":"428302001"},"geometry":{"x":353287.00610001758,"y":590800.11390000209}},{"attributes":{"FID":30,"PMNTN_SPOT":48949,"MNTN_CODE":"428302001","MANAGE_SP1":"11","MANAGE_SP2":"안내판또는지도","DETAIL_SPO":"시경계판,임도차단기","ETC_MATTER":" ","MNTN_NM":"삼형제봉","PAST_SPOT_":"4283020010031","MNTN_ID":"428302001"},"geometry":{"x":353569.42100001778,"y":591133.38060000353}},{"attributes":{"FID":31,"PMNTN_SPOT":63553,"MNTN_CODE":"428302001","MANAGE_SP1":"02","MANAGE_SP2":"분기점","DETAIL_SPO":" ","ETC_MATTER":" ","MNTN_NM":"삼형제봉","PAST_SPOT_":" ","MNTN_ID":" "},"geometry":{"x":351237.63842540298,"y":590597.69443109306}},{"attributes":{"FID":32,"PMNTN_SPOT":63554,"MNTN_CODE":"428302001","MANAGE_SP1":"02","MANAGE_SP2":"분기점","DETAIL_SPO":" ","ETC_MATTER":" ","MNTN_NM":"삼형제봉","PAST_SPOT_":" ","MNTN_ID":" "},"geometry":{"x":351174.32687368861,"y":589853.74544035236}},{"attributes":{"FID":33,"PMNTN_SPOT":63555,"MNTN_CODE":"428302001","MANAGE_SP1":"02","MANAGE_SP2":"분기점","DETAIL_SPO":" ","ETC_MATTER":" ","MNTN_NM":"삼형제봉","PAST_SPOT_":" ","MNTN_ID":" "},"geometry":{"x":351235.55449730327,"y":589605.38173872046}}]}