{
  "displayFieldName" : "",
  "fieldAliases" : {
    "FID" : "FID",
    "PMNTN_SPOT" : "PMNTN_SPOT",
    "MNTN_CODE" : "MNTN_CODE",
    "MANAGE_SP1" : "MANAGE_SP1",
    "MANAGE_SP2" : "MANAGE_SP2",
    "DETAIL_SPO" : "DETAIL_SPO",
    "ETC_MATTER" : "ETC_MATTER",
    "MNTN_NM" : "MNTN_NM",
    "PAST_SPOT_" : "PAST_SPOT_",
    "MNTN_ID" : "MNTN_ID"
  },
  "geometryType" : "esriGeometryPoint",
  "spatialReference" : {
    "wkt" : "PROJCS[\"PCS_ITRF2000_TM\",GEOGCS[\"GCS_ITRF_2000\",DATUM[\"D_ITRF_2000\",SPHEROID[\"GRS_1980\",6378137.0,298.257222101]],PRIMEM[\"Greenwich\",0.0],UNIT[\"Degree\",0.0174532925199433]],PROJECTION[\"Transverse_Mercator\"],PARAMETER[\"False_Easting\",200000.0],PARAMETER[\"False_Northing\",600000.0],PARAMETER[\"Central_Meridian\",127.0],PARAMETER[\"Scale_Factor\",1.0],PARAMETER[\"Latitude_Of_Origin\",38.0],UNIT[\"Meter\",1.0]]"
  },
  "fields" : [
    {
      "name" : "FID",
      "type" : "esriFieldTypeOID",
      "alias" : "FID"
    },
    {
      "name" : "PMNTN_SPOT",
      "type" : "esriFieldTypeDouble",
      "alias" : "PMNTN_SPOT"
    },
    {
      "name" : "MNTN_CODE",
      "type" : "esriFieldTypeString",
      "alias" : "MNTN_CODE",
      "length" : 9
    },
    {
      "name" : "MANAGE_SP1",
      "type" : "esriFieldTypeString",
      "alias" : "MANAGE_SP1",
      "length" : 2
    },
    {
      "name" : "MANAGE_SP2",
      "type" : "esriFieldTypeString",
      "alias" : "MANAGE_SP2",
      "length" : 50
    },
    {
      "name" : "DETAIL_SPO",
      "type" : "esriFieldTypeString",
      "alias" : "DETAIL_SPO",
      "length" : 200
    },
    {
      "name" : "ETC_MATTER",
      "type" : "esriFieldTypeString",
      "alias" : "ETC_MATTER",
      "length" : 200
    },
    {
      "name" : "MNTN_NM",
      "type" : "esriFieldTypeString",
      "alias" : "MNTN_NM",
      "length" : 50
    },
    {
      "name" : "PAST_SPOT_",
      "type" : "esriFieldTypeString",
      "alias" : "PAST_SPOT_",
      "length" : 14
    },
    {
      "name" : "MNTN_ID",
      "type" : "esriFieldTypeString",
      "alias" : "MNTN_ID",
      "length" : 10
    }
  ],
  "features" : [
    {
      "attributes" : {
        "FID" : 0,
        "PMNTN_SPOT" : 29502,
        "MNTN_CODE" : "461301301",
        "MANAGE_SP1" : "99",
        "MANAGE_SP2" : "기타",
        "DETAIL_SPO" : "목계단",
        "ETC_MATTER" : "END",
        "MNTN_NM" : "무선산",
        "PAST_SPOT_" : "26135813000001",
        "MNTN_ID" : "2613581300"
      },
      "geometry" : {
        "x" : 259534.05840000045,
        "y" : 241618.1883000005
      }
    },
    {
      "attributes" : {
        "FID" : 1,
        "PMNTN_SPOT" : 29503,
        "MNTN_CODE" : "461301301",
        "MANAGE_SP1" : "99",
        "MANAGE_SP2" : "기타",
        "DETAIL_SPO" : "목계단",
        "ETC_MATTER" : "START",
        "MNTN_NM" : "무선산",
        "PAST_SPOT_" : "26135813000002",
        "MNTN_ID" : "2613581300"
      },
      "geometry" : {
        "x" : 259473.6046000002,
        "y" : 241576.04979999922
      }
    },
    {
      "attributes" : {
        "FID" : 2,
        "PMNTN_SPOT" : 29504,
        "MNTN_CODE" : "461301301",
        "MANAGE_SP1" : "99",
        "MANAGE_SP2" : "기타",
        "DETAIL_SPO" : "목+돌계단",
        "ETC_MATTER" : "END",
        "MNTN_NM" : "무선산",
        "PAST_SPOT_" : "26135813000003",
        "MNTN_ID" : "2613581300"
      },
      "geometry" : {
        "x" : 259400.57990000118,
        "y" : 241532.52150000259
      }
    },
    {
      "attributes" : {
        "FID" : 3,
        "PMNTN_SPOT" : 29505,
        "MNTN_CODE" : "461301301",
        "MANAGE_SP1" : "99",
        "MANAGE_SP2" : "기타",
        "DETAIL_SPO" : "목+돌계단",
        "ETC_MATTER" : "END",
        "MNTN_NM" : "무선산",
        "PAST_SPOT_" : "26135813000004",
        "MNTN_ID" : "2613581300"
      },
      "geometry" : {
        "x" : 259374.79950000346,
        "y" : 241484.11690000258
      }
    },
    {
      "attributes" : {
        "FID" : 4,
        "PMNTN_SPOT" : 29506,
        "MNTN_CODE" : "461301301",
        "MANAGE_SP1" : "05",
        "MANAGE_SP2" : "벤치",
        "DETAIL_SPO" : "벤치,초소",
        "ETC_MATTER" : " ",
        "MNTN_NM" : "무선산",
        "PAST_SPOT_" : "26135813000005",
        "MNTN_ID" : "2613581300"
      },
      "geometry" : {
        "x" : 259349.78770000022,
        "y" : 241461.31210000068
      }
    },
    {
      "attributes" : {
        "FID" : 5,
        "PMNTN_SPOT" : 29507,
        "MNTN_CODE" : "461301301",
        "MANAGE_SP1" : "99",
        "MANAGE_SP2" : "기타",
        "DETAIL_SPO" : "목계단",
        "ETC_MATTER" : "START",
        "MNTN_NM" : "무선산",
        "PAST_SPOT_" : "26135813000006",
        "MNTN_ID" : "2613581300"
      },
      "geometry" : {
        "x" : 259700.19570000097,
        "y" : 241362.34920000285
      }
    },
    {
      "attributes" : {
        "FID" : 6,
        "PMNTN_SPOT" : 29508,
        "MNTN_CODE" : "461301301",
        "MANAGE_SP1" : "99",
        "MANAGE_SP2" : "기타",
        "DETAIL_SPO" : "목계단",
        "ETC_MATTER" : "END",
        "MNTN_NM" : "무선산",
        "PAST_SPOT_" : "26135813000007",
        "MNTN_ID" : "2613581300"
      },
      "geometry" : {
        "x" : 259640.0262000002,
        "y" : 241396.38570000418
      }
    },
    {
      "attributes" : {
        "FID" : 7,
        "PMNTN_SPOT" : 29509,
        "MNTN_CODE" : "461301301",
        "MANAGE_SP1" : "99",
        "MANAGE_SP2" : "기타",
        "DETAIL_SPO" : "목계단",
        "ETC_MATTER" : "END",
        "MNTN_NM" : "무선산",
        "PAST_SPOT_" : "26135813000008",
        "MNTN_ID" : "2613581300"
      },
      "geometry" : {
        "x" : 259587.14690000098,
        "y" : 241398.95049999841
      }
    },
    {
      "attributes" : {
        "FID" : 8,
        "PMNTN_SPOT" : 29510,
        "MNTN_CODE" : "461301301",
        "MANAGE_SP1" : "99",
        "MANAGE_SP2" : "기타",
        "DETAIL_SPO" : "목계단",
        "ETC_MATTER" : "START",
        "MNTN_NM" : "무선산",
        "PAST_SPOT_" : "26135813000009",
        "MNTN_ID" : "2613581300"
      },
      "geometry" : {
        "x" : 259580.33919999935,
        "y" : 241412.51940000057
      }
    },
    {
      "attributes" : {
        "FID" : 9,
        "PMNTN_SPOT" : 29511,
        "MNTN_CODE" : "461301301",
        "MANAGE_SP1" : "11",
        "MANAGE_SP2" : "안내판또는지도",
        "DETAIL_SPO" : "무선산등산안내도",
        "ETC_MATTER" : " ",
        "MNTN_NM" : "무선산",
        "PAST_SPOT_" : "26135813000010",
        "MNTN_ID" : "2613581300"
      },
      "geometry" : {
        "x" : 259749.68050000258,
        "y" : 241793.12250000238
      }
    },
    {
      "attributes" : {
        "FID" : 10,
        "PMNTN_SPOT" : 29512,
        "MNTN_CODE" : "461301301",
        "MANAGE_SP1" : "99",
        "MANAGE_SP2" : "기타",
        "DETAIL_SPO" : "목계단",
        "ETC_MATTER" : "END",
        "MNTN_NM" : "무선산",
        "PAST_SPOT_" : "26135813000011",
        "MNTN_ID" : "2613581300"
      },
      "geometry" : {
        "x" : 259479.08890000358,
        "y" : 241499.36720000021
      }
    },
    {
      "attributes" : {
        "FID" : 11,
        "PMNTN_SPOT" : 29513,
        "MNTN_CODE" : "461301301",
        "MANAGE_SP1" : "05",
        "MANAGE_SP2" : "벤치",
        "DETAIL_SPO" : "벤치",
        "ETC_MATTER" : "2EA",
        "MNTN_NM" : "무선산",
        "PAST_SPOT_" : "26135813000012",
        "MNTN_ID" : "2613581300"
      },
      "geometry" : {
        "x" : 259732.34179999866,
        "y" : 241397.40500000119
      }
    },
    {
      "attributes" : {
        "FID" : 12,
        "PMNTN_SPOT" : 29514,
        "MNTN_CODE" : "461301301",
        "MANAGE_SP1" : "99",
        "MANAGE_SP2" : "기타",
        "DETAIL_SPO" : "파고라",
        "ETC_MATTER" : "파고라내,책상의자3EA,벤치3EA",
        "MNTN_NM" : "무선산",
        "PAST_SPOT_" : "26135813000013",
        "MNTN_ID" : "2613581300"
      },
      "geometry" : {
        "x" : 259735.88170000073,
        "y" : 241412.0393000003
      }
    },
    {
      "attributes" : {
        "FID" : 13,
        "PMNTN_SPOT" : 29515,
        "MNTN_CODE" : "461301301",
        "MANAGE_SP1" : "99",
        "MANAGE_SP2" : "기타",
        "DETAIL_SPO" : "현충탑,안내판",
        "ETC_MATTER" : " ",
        "MNTN_NM" : "무선산",
        "PAST_SPOT_" : "26135813000014",
        "MNTN_ID" : "2613581300"
      },
      "geometry" : {
        "x" : 259733.43310000002,
        "y" : 241428.22130000032
      }
    },
    {
      "attributes" : {
        "FID" : 14,
        "PMNTN_SPOT" : 29516,
        "MNTN_CODE" : "461301301",
        "MANAGE_SP1" : "99",
        "MANAGE_SP2" : "기타",
        "DETAIL_SPO" : "파고라",
        "ETC_MATTER" : "책상의자2EA, 벤치2EA",
        "MNTN_NM" : "무선산",
        "PAST_SPOT_" : "26135813000015",
        "MNTN_ID" : "2613581300"
      },
      "geometry" : {
        "x" : 259733.20960000064,
        "y" : 241451.40720000118
      }
    },
    {
      "attributes" : {
        "FID" : 15,
        "PMNTN_SPOT" : 29517,
        "MNTN_CODE" : "461301301",
        "MANAGE_SP1" : "11",
        "MANAGE_SP2" : "안내판또는지도",
        "DETAIL_SPO" : "무선산등산안내도",
        "ETC_MATTER" : " ",
        "MNTN_NM" : "무선산",
        "PAST_SPOT_" : "26135813000016",
        "MNTN_ID" : "2613581300"
      },
      "geometry" : {
        "x" : 259730.38130000047,
        "y" : 241458.3673000019
      }
    },
    {
      "attributes" : {
        "FID" : 16,
        "PMNTN_SPOT" : 29518,
        "MNTN_CODE" : "461301301",
        "MANAGE_SP1" : "99",
        "MANAGE_SP2" : "기타",
        "DETAIL_SPO" : "산불감시초소",
        "ETC_MATTER" : " ",
        "MNTN_NM" : "무선산",
        "PAST_SPOT_" : "26135813000017",
        "MNTN_ID" : "2613581300"
      },
      "geometry" : {
        "x" : 259788.28710000031,
        "y" : 241649.11199999973
      }
    },
    {
      "attributes" : {
        "FID" : 17,
        "PMNTN_SPOT" : 29519,
        "MNTN_CODE" : "461301301",
        "MANAGE_SP1" : "99",
        "MANAGE_SP2" : "기타",
        "DETAIL_SPO" : "목계단",
        "ETC_MATTER" : "START",
        "MNTN_NM" : "무선산",
        "PAST_SPOT_" : "26135813000018",
        "MNTN_ID" : "2613581300"
      },
      "geometry" : {
        "x" : 259658.31120000035,
        "y" : 241543.22780000046
      }
    },
    {
      "attributes" : {
        "FID" : 18,
        "PMNTN_SPOT" : 29520,
        "MNTN_CODE" : "461301301",
        "MANAGE_SP1" : "99",
        "MANAGE_SP2" : "기타",
        "DETAIL_SPO" : "동백나무식재지",
        "ETC_MATTER" : " ",
        "MNTN_NM" : "무선산",
        "PAST_SPOT_" : "26135813000019",
        "MNTN_ID" : "2613581300"
      },
      "geometry" : {
        "x" : 259625.99970000144,
        "y" : 241586.14280000143
      }
    },
    {
      "attributes" : {
        "FID" : 19,
        "PMNTN_SPOT" : 29521,
        "MNTN_CODE" : "461301301",
        "MANAGE_SP1" : "99",
        "MANAGE_SP2" : "기타",
        "DETAIL_SPO" : "목계단",
        "ETC_MATTER" : "END",
        "MNTN_NM" : "무선산",
        "PAST_SPOT_" : "26135813000020",
        "MNTN_ID" : "2613581300"
      },
      "geometry" : {
        "x" : 259591.60910000093,
        "y" : 241634.91339999996
      }
    },
    {
      "attributes" : {
        "FID" : 20,
        "PMNTN_SPOT" : 29522,
        "MNTN_CODE" : "461301301",
        "MANAGE_SP1" : "99",
        "MANAGE_SP2" : "기타",
        "DETAIL_SPO" : "목계단",
        "ETC_MATTER" : "END",
        "MNTN_NM" : "무선산",
        "PAST_SPOT_" : "26135813000021",
        "MNTN_ID" : "2613581300"
      },
      "geometry" : {
        "x" : 259723.40440000035,
        "y" : 241759.43600000069
      }
    },
    {
      "attributes" : {
        "FID" : 21,
        "PMNTN_SPOT" : 29523,
        "MNTN_CODE" : "461301301",
        "MANAGE_SP1" : "11",
        "MANAGE_SP2" : "안내판또는지도",
        "DETAIL_SPO" : "무선산등산안내도",
        "ETC_MATTER" : " ",
        "MNTN_NM" : "무선산",
        "PAST_SPOT_" : "26135813000022",
        "MNTN_ID" : "2613581300"
      },
      "geometry" : {
        "x" : 259103.17870000284,
        "y" : 241230.51720000245
      }
    },
    {
      "attributes" : {
        "FID" : 22,
        "PMNTN_SPOT" : 29524,
        "MNTN_CODE" : "461301301",
        "MANAGE_SP1" : "99",
        "MANAGE_SP2" : "기타",
        "DETAIL_SPO" : "팔각정,약수터",
        "ETC_MATTER" : " ",
        "MNTN_NM" : "무선산",
        "PAST_SPOT_" : "26135813000023",
        "MNTN_ID" : "2613581300"
      },
      "geometry" : {
        "x" : 259516.7510000011,
        "y" : 241284.18999999948
      }
    },
    {
      "attributes" : {
        "FID" : 23,
        "PMNTN_SPOT" : 29525,
        "MNTN_CODE" : "461301301",
        "MANAGE_SP1" : "99",
        "MANAGE_SP2" : "기타",
        "DETAIL_SPO" : "목계단",
        "ETC_MATTER" : "START",
        "MNTN_NM" : "무선산",
        "PAST_SPOT_" : "26135813000024",
        "MNTN_ID" : "2613581300"
      },
      "geometry" : {
        "x" : 259673.01860000007,
        "y" : 241700.98589999974
      }
    },
    {
      "attributes" : {
        "FID" : 24,
        "PMNTN_SPOT" : 29526,
        "MNTN_CODE" : "461301301",
        "MANAGE_SP1" : "99",
        "MANAGE_SP2" : "기타",
        "DETAIL_SPO" : "목계단",
        "ETC_MATTER" : "START",
        "MNTN_NM" : "무선산",
        "PAST_SPOT_" : "26135813000025",
        "MNTN_ID" : "2613581300"
      },
      "geometry" : {
        "x" : 259651.37850000057,
        "y" : 241486.9897000026
      }
    },
    {
      "attributes" : {
        "FID" : 25,
        "PMNTN_SPOT" : 29527,
        "MNTN_CODE" : "461301301",
        "MANAGE_SP1" : "99",
        "MANAGE_SP2" : "기타",
        "DETAIL_SPO" : "목계단",
        "ETC_MATTER" : "END",
        "MNTN_NM" : "무선산",
        "PAST_SPOT_" : "26135813000026",
        "MNTN_ID" : "2613581300"
      },
      "geometry" : {
        "x" : 259654.01740000397,
        "y" : 241506.45530000143
      }
    },
    {
      "attributes" : {
        "FID" : 26,
        "PMNTN_SPOT" : 29528,
        "MNTN_CODE" : "461301301",
        "MANAGE_SP1" : "16",
        "MANAGE_SP2" : "주요나무",
        "DETAIL_SPO" : "리기다",
        "ETC_MATTER" : " ",
        "MNTN_NM" : "무선산",
        "PAST_SPOT_" : "26135813000027",
        "MNTN_ID" : "2613581300"
      },
      "geometry" : {
        "x" : 259685.82500000205,
        "y" : 241504.66420000419
      }
    },
    {
      "attributes" : {
        "FID" : 27,
        "PMNTN_SPOT" : 29529,
        "MNTN_CODE" : "461301301",
        "MANAGE_SP1" : "99",
        "MANAGE_SP2" : "기타",
        "DETAIL_SPO" : "목계단",
        "ETC_MATTER" : "START",
        "MNTN_NM" : "무선산",
        "PAST_SPOT_" : "26135813000028",
        "MNTN_ID" : "2613581300"
      },
      "geometry" : {
        "x" : 259652.19370000158,
        "y" : 241351.11050000042
      }
    },
    {
      "attributes" : {
        "FID" : 28,
        "PMNTN_SPOT" : 29530,
        "MNTN_CODE" : "461301301",
        "MANAGE_SP1" : "06",
        "MANAGE_SP2" : "음수대",
        "DETAIL_SPO" : "음수대",
        "ETC_MATTER" : " ",
        "MNTN_NM" : "무선산",
        "PAST_SPOT_" : "26135813000029",
        "MNTN_ID" : "2613581300"
      },
      "geometry" : {
        "x" : 259563.9748000009,
        "y" : 241131.13680000231
      }
    },
    {
      "attributes" : {
        "FID" : 29,
        "PMNTN_SPOT" : 29531,
        "MNTN_CODE" : "461301301",
        "MANAGE_SP1" : "99",
        "MANAGE_SP2" : "기타",
        "DETAIL_SPO" : "파고라",
        "ETC_MATTER" : " ",
        "MNTN_NM" : "무선산",
        "PAST_SPOT_" : "26135813000030",
        "MNTN_ID" : "2613581300"
      },
      "geometry" : {
        "x" : 259537.84340000153,
        "y" : 241124.25589999929
      }
    },
    {
      "attributes" : {
        "FID" : 30,
        "PMNTN_SPOT" : 29532,
        "MNTN_CODE" : "461301301",
        "MANAGE_SP1" : "99",
        "MANAGE_SP2" : "기타",
        "DETAIL_SPO" : "파고라",
        "ETC_MATTER" : "파고라내 벤치 3EA",
        "MNTN_NM" : "무선산",
        "PAST_SPOT_" : "26135813000031",
        "MNTN_ID" : "2613581300"
      },
      "geometry" : {
        "x" : 259514.26840000413,
        "y" : 241126.98819999956
      }
    },
    {
      "attributes" : {
        "FID" : 31,
        "PMNTN_SPOT" : 29533,
        "MNTN_CODE" : "461301301",
        "MANAGE_SP1" : "99",
        "MANAGE_SP2" : "기타",
        "DETAIL_SPO" : "목계단",
        "ETC_MATTER" : "END",
        "MNTN_NM" : "무선산",
        "PAST_SPOT_" : "26135813000032",
        "MNTN_ID" : "2613581300"
      },
      "geometry" : {
        "x" : 259654.32830000389,
        "y" : 241691.83410000429
      }
    },
    {
      "attributes" : {
        "FID" : 32,
        "PMNTN_SPOT" : 29534,
        "MNTN_CODE" : "461301301",
        "MANAGE_SP1" : "99",
        "MANAGE_SP2" : "기타",
        "DETAIL_SPO" : "보안등",
        "ETC_MATTER" : " ",
        "MNTN_NM" : "무선산",
        "PAST_SPOT_" : "26135813000033",
        "MNTN_ID" : "2613581300"
      },
      "geometry" : {
        "x" : 259137.29020000156,
        "y" : 241073.783400001
      }
    },
    {
      "attributes" : {
        "FID" : 33,
        "PMNTN_SPOT" : 29535,
        "MNTN_CODE" : "461301301",
        "MANAGE_SP1" : "99",
        "MANAGE_SP2" : "기타",
        "DETAIL_SPO" : "보안등",
        "ETC_MATTER" : " ",
        "MNTN_NM" : "무선산",
        "PAST_SPOT_" : "26135813000034",
        "MNTN_ID" : "2613581300"
      },
      "geometry" : {
        "x" : 259133.21700000111,
        "y" : 241093.59400000237
      }
    },
    {
      "attributes" : {
        "FID" : 34,
        "PMNTN_SPOT" : 29536,
        "MNTN_CODE" : "461301301",
        "MANAGE_SP1" : "99",
        "MANAGE_SP2" : "기타",
        "DETAIL_SPO" : "보안등",
        "ETC_MATTER" : " ",
        "MNTN_NM" : "무선산",
        "PAST_SPOT_" : "26135813000035",
        "MNTN_ID" : "2613581300"
      },
      "geometry" : {
        "x" : 259104.42190000135,
        "y" : 241142.26920000464
      }
    },
    {
      "attributes" : {
        "FID" : 35,
        "PMNTN_SPOT" : 29537,
        "MNTN_CODE" : "461301301",
        "MANAGE_SP1" : "99",
        "MANAGE_SP2" : "기타",
        "DETAIL_SPO" : "보안등",
        "ETC_MATTER" : " ",
        "MNTN_NM" : "무선산",
        "PAST_SPOT_" : "26135813000036",
        "MNTN_ID" : "2613581300"
      },
      "geometry" : {
        "x" : 259089.09619999863,
        "y" : 241170.7389999982
      }
    },
    {
      "attributes" : {
        "FID" : 36,
        "PMNTN_SPOT" : 29538,
        "MNTN_CODE" : "461301301",
        "MANAGE_SP1" : "99",
        "MANAGE_SP2" : "기타",
        "DETAIL_SPO" : "돌계단",
        "ETC_MATTER" : "START",
        "MNTN_NM" : "무선산",
        "PAST_SPOT_" : "26135813000037",
        "MNTN_ID" : "2613581300"
      },
      "geometry" : {
        "x" : 259087.97450000141,
        "y" : 241190.04719999991
      }
    },
    {
      "attributes" : {
        "FID" : 37,
        "PMNTN_SPOT" : 29539,
        "MNTN_CODE" : "461301301",
        "MANAGE_SP1" : "99",
        "MANAGE_SP2" : "기타",
        "DETAIL_SPO" : "목계단",
        "ETC_MATTER" : "START",
        "MNTN_NM" : "무선산",
        "PAST_SPOT_" : "26135813000038",
        "MNTN_ID" : "2613581300"
      },
      "geometry" : {
        "x" : 259123.16580000054,
        "y" : 241248.96220000088
      }
    },
    {
      "attributes" : {
        "FID" : 38,
        "PMNTN_SPOT" : 29540,
        "MNTN_CODE" : "461301301",
        "MANAGE_SP1" : "16",
        "MANAGE_SP2" : "주요나무",
        "DETAIL_SPO" : "해송",
        "ETC_MATTER" : " ",
        "MNTN_NM" : "무선산",
        "PAST_SPOT_" : "26135813000039",
        "MNTN_ID" : "2613581300"
      },
      "geometry" : {
        "x" : 259183.20930000208,
        "y" : 241361.31230000407
      }
    },
    {
      "attributes" : {
        "FID" : 39,
        "PMNTN_SPOT" : 29541,
        "MNTN_CODE" : "461301301",
        "MANAGE_SP1" : "99",
        "MANAGE_SP2" : "기타",
        "DETAIL_SPO" : "돌+목계단",
        "ETC_MATTER" : "END",
        "MNTN_NM" : "무선산",
        "PAST_SPOT_" : "26135813000040",
        "MNTN_ID" : "2613581300"
      },
      "geometry" : {
        "x" : 259294.90360000171,
        "y" : 241404.14440000057
      }
    },
    {
      "attributes" : {
        "FID" : 40,
        "PMNTN_SPOT" : 29542,
        "MNTN_CODE" : "461301301",
        "MANAGE_SP1" : "05",
        "MANAGE_SP2" : "벤치",
        "DETAIL_SPO" : "벤치",
        "ETC_MATTER" : "1EA",
        "MNTN_NM" : "무선산",
        "PAST_SPOT_" : "26135813000041",
        "MNTN_ID" : "2613581300"
      },
      "geometry" : {
        "x" : 259332.28680000361,
        "y" : 241446.48820000328
      }
    },
    {
      "attributes" : {
        "FID" : 41,
        "PMNTN_SPOT" : 29543,
        "MNTN_CODE" : "461301301",
        "MANAGE_SP1" : "11",
        "MANAGE_SP2" : "안내판또는지도",
        "DETAIL_SPO" : "무선산근린공원안내도",
        "ETC_MATTER" : "등산안내도요",
        "MNTN_NM" : "무선산",
        "PAST_SPOT_" : "26135813000042",
        "MNTN_ID" : "2613581300"
      },
      "geometry" : {
        "x" : 258783.40180000104,
        "y" : 241565.69820000045
      }
    },
    {
      "attributes" : {
        "FID" : 42,
        "PMNTN_SPOT" : 29544,
        "MNTN_CODE" : "461301301",
        "MANAGE_SP1" : "11",
        "MANAGE_SP2" : "안내판또는지도",
        "DETAIL_SPO" : "무선산근린공원안내문",
        "ETC_MATTER" : " ",
        "MNTN_NM" : "무선산",
        "PAST_SPOT_" : "26135813000043",
        "MNTN_ID" : "2613581300"
      },
      "geometry" : {
        "x" : 259035.89890000131,
        "y" : 241736.01339999959
      }
    },
    {
      "attributes" : {
        "FID" : 43,
        "PMNTN_SPOT" : 29545,
        "MNTN_CODE" : "461301301",
        "MANAGE_SP1" : "99",
        "MANAGE_SP2" : "기타",
        "DETAIL_SPO" : "파고라",
        "ETC_MATTER" : " ",
        "MNTN_NM" : "무선산",
        "PAST_SPOT_" : "26135813000044",
        "MNTN_ID" : "2613581300"
      },
      "geometry" : {
        "x" : 259354.43780000228,
        "y" : 241875.18610000238
      }
    },
    {
      "attributes" : {
        "FID" : 44,
        "PMNTN_SPOT" : 29546,
        "MNTN_CODE" : "461301301",
        "MANAGE_SP1" : "99",
        "MANAGE_SP2" : "기타",
        "DETAIL_SPO" : "보안등",
        "ETC_MATTER" : " ",
        "MNTN_NM" : "무선산",
        "PAST_SPOT_" : "26135813000045",
        "MNTN_ID" : "2613581300"
      },
      "geometry" : {
        "x" : 259082.76260000095,
        "y" : 241208.9963000007
      }
    },
    {
      "attributes" : {
        "FID" : 45,
        "PMNTN_SPOT" : 29547,
        "MNTN_CODE" : "461301301",
        "MANAGE_SP1" : "99",
        "MANAGE_SP2" : "기타",
        "DETAIL_SPO" : "돌+목계단",
        "ETC_MATTER" : "START",
        "MNTN_NM" : "무선산",
        "PAST_SPOT_" : "26135813000046",
        "MNTN_ID" : "2613581300"
      },
      "geometry" : {
        "x" : 259213.55820000265,
        "y" : 241381.42160000093
      }
    },
    {
      "attributes" : {
        "FID" : 46,
        "PMNTN_SPOT" : 29548,
        "MNTN_CODE" : "461301301",
        "MANAGE_SP1" : "99",
        "MANAGE_SP2" : "기타",
        "DETAIL_SPO" : "국군묘지입구",
        "ETC_MATTER" : " ",
        "MNTN_NM" : "무선산",
        "PAST_SPOT_" : "26135813000047",
        "MNTN_ID" : "2613581300"
      },
      "geometry" : {
        "x" : 259395.92410000134,
        "y" : 241906.96150000207
      }
    },
    {
      "attributes" : {
        "FID" : 47,
        "PMNTN_SPOT" : 29549,
        "MNTN_CODE" : "461301301",
        "MANAGE_SP1" : "99",
        "MANAGE_SP2" : "기타",
        "DETAIL_SPO" : "목계단",
        "ETC_MATTER" : "STATR",
        "MNTN_NM" : "무선산",
        "PAST_SPOT_" : "26135813000048",
        "MNTN_ID" : "2613581300"
      },
      "geometry" : {
        "x" : 259740.83900000248,
        "y" : 241787.12969999947
      }
    },
    {
      "attributes" : {
        "FID" : 48,
        "PMNTN_SPOT" : 29550,
        "MNTN_CODE" : "461301301",
        "MANAGE_SP1" : "01",
        "MANAGE_SP2" : "시종점",
        "DETAIL_SPO" : "시종점",
        "ETC_MATTER" : "START POINT,무선택지",
        "MNTN_NM" : "무선산",
        "PAST_SPOT_" : "26135813000049",
        "MNTN_ID" : "2613581300"
      },
      "geometry" : {
        "x" : 258785.12100000214,
        "y" : 241583.23830000311
      }
    },
    {
      "attributes" : {
        "FID" : 49,
        "PMNTN_SPOT" : 29551,
        "MNTN_CODE" : "461301301",
        "MANAGE_SP1" : "01",
        "MANAGE_SP2" : "시종점",
        "DETAIL_SPO" : "시종점,동진다양원(차 재배지)",
        "ETC_MATTER" : " ",
        "MNTN_NM" : "무선산",
        "PAST_SPOT_" : "26135813000050",
        "MNTN_ID" : "2613581300"
      },
      "geometry" : {
        "x" : 259020.34490000177,
        "y" : 241790.29870000295
      }
    },
    {
      "attributes" : {
        "FID" : 50,
        "PMNTN_SPOT" : 29552,
        "MNTN_CODE" : "461301301",
        "MANAGE_SP1" : "99",
        "MANAGE_SP2" : "기타",
        "DETAIL_SPO" : "쌍용체력장",
        "ETC_MATTER" : " ",
        "MNTN_NM" : "무선산",
        "PAST_SPOT_" : "26135813000051",
        "MNTN_ID" : "2613581300"
      },
      "geometry" : {
        "x" : 259074.80059999973,
        "y" : 241228.48259999976
      }
    },
    {
      "attributes" : {
        "FID" : 51,
        "PMNTN_SPOT" : 29553,
        "MNTN_CODE" : "461301301",
        "MANAGE_SP1" : "02",
        "MANAGE_SP2" : "분기점",
        "DETAIL_SPO" : "분기점",
        "ETC_MATTER" : " ",
        "MNTN_NM" : "무선산",
        "PAST_SPOT_" : "26135813000052",
        "MNTN_ID" : "2613581300"
      },
      "geometry" : {
        "x" : 259083.4227,
        "y" : 241220.2835999988
      }
    },
    {
      "attributes" : {
        "FID" : 52,
        "PMNTN_SPOT" : 29554,
        "MNTN_CODE" : "461301301",
        "MANAGE_SP1" : "02",
        "MANAGE_SP2" : "분기점",
        "DETAIL_SPO" : "분기점",
        "ETC_MATTER" : " ",
        "MNTN_NM" : "무선산",
        "PAST_SPOT_" : "26135813000053",
        "MNTN_ID" : "2613581300"
      },
      "geometry" : {
        "x" : 259086.67870000191,
        "y" : 241247.95170000009
      }
    },
    {
      "attributes" : {
        "FID" : 53,
        "PMNTN_SPOT" : 29555,
        "MNTN_CODE" : "461301301",
        "MANAGE_SP1" : "05",
        "MANAGE_SP2" : "벤치",
        "DETAIL_SPO" : "벤치",
        "ETC_MATTER" : "3EA",
        "MNTN_NM" : "무선산",
        "PAST_SPOT_" : "26135813000054",
        "MNTN_ID" : "2613581300"
      },
      "geometry" : {
        "x" : 259088.09690000396,
        "y" : 241508.05810000189
      }
    },
    {
      "attributes" : {
        "FID" : 54,
        "PMNTN_SPOT" : 29556,
        "MNTN_CODE" : "461301301",
        "MANAGE_SP1" : "02",
        "MANAGE_SP2" : "분기점",
        "DETAIL_SPO" : "분기점",
        "ETC_MATTER" : " ",
        "MNTN_NM" : "무선산",
        "PAST_SPOT_" : "26135813000055",
        "MNTN_ID" : "2613581300"
      },
      "geometry" : {
        "x" : 259088.51610000245,
        "y" : 241235.52660000138
      }
    },
    {
      "attributes" : {
        "FID" : 55,
        "PMNTN_SPOT" : 29557,
        "MNTN_CODE" : "461301301",
        "MANAGE_SP1" : "02",
        "MANAGE_SP2" : "분기점",
        "DETAIL_SPO" : "분기점",
        "ETC_MATTER" : " ",
        "MNTN_NM" : "무선산",
        "PAST_SPOT_" : "26135813000056",
        "MNTN_ID" : "2613581300"
      },
      "geometry" : {
        "x" : 259100.18350000121,
        "y" : 241229.29979999736
      }
    },
    {
      "attributes" : {
        "FID" : 56,
        "PMNTN_SPOT" : 29558,
        "MNTN_CODE" : "461301301",
        "MANAGE_SP1" : "02",
        "MANAGE_SP2" : "분기점",
        "DETAIL_SPO" : "분기점",
        "ETC_MATTER" : " ",
        "MNTN_NM" : "무선산",
        "PAST_SPOT_" : "26135813000057",
        "MNTN_ID" : "2613581300"
      },
      "geometry" : {
        "x" : 259115.46210000012,
        "y" : 241118.22069999948
      }
    },
    {
      "attributes" : {
        "FID" : 57,
        "PMNTN_SPOT" : 29559,
        "MNTN_CODE" : "461301301",
        "MANAGE_SP1" : "02",
        "MANAGE_SP2" : "분기점",
        "DETAIL_SPO" : "분기점",
        "ETC_MATTER" : " ",
        "MNTN_NM" : "무선산",
        "PAST_SPOT_" : "26135813000058",
        "MNTN_ID" : "2613581300"
      },
      "geometry" : {
        "x" : 259136.90200000163,
        "y" : 241227.08340000361
      }
    },
    {
      "attributes" : {
        "FID" : 58,
        "PMNTN_SPOT" : 29560,
        "MNTN_CODE" : "461301301",
        "MANAGE_SP1" : "07",
        "MANAGE_SP2" : "시설물(운동기구 등)",
        "DETAIL_SPO" : "체육시설",
        "ETC_MATTER" : " ",
        "MNTN_NM" : "무선산",
        "PAST_SPOT_" : "26135813000059",
        "MNTN_ID" : "2613581300"
      },
      "geometry" : {
        "x" : 259176.49650000222,
        "y" : 241673.93200000003
      }
    },
    {
      "attributes" : {
        "FID" : 59,
        "PMNTN_SPOT" : 29561,
        "MNTN_CODE" : "461301301",
        "MANAGE_SP1" : "01",
        "MANAGE_SP2" : "시종점",
        "DETAIL_SPO" : "시종점",
        "ETC_MATTER" : "START POINT,모실앞2길 25",
        "MNTN_NM" : "무선산",
        "PAST_SPOT_" : "26135813000060",
        "MNTN_ID" : "2613581300"
      },
      "geometry" : {
        "x" : 259180.55090000015,
        "y" : 241008.10469999909
      }
    },
    {
      "attributes" : {
        "FID" : 60,
        "PMNTN_SPOT" : 29562,
        "MNTN_CODE" : "461301301",
        "MANAGE_SP1" : "02",
        "MANAGE_SP2" : "분기점",
        "DETAIL_SPO" : "분기점",
        "ETC_MATTER" : " ",
        "MNTN_NM" : "무선산",
        "PAST_SPOT_" : "26135813000061",
        "MNTN_ID" : "2613581300"
      },
      "geometry" : {
        "x" : 259184.07500000019,
        "y" : 241682.78960000351
      }
    },
    {
      "attributes" : {
        "FID" : 61,
        "PMNTN_SPOT" : 29563,
        "MNTN_CODE" : "461301301",
        "MANAGE_SP1" : "02",
        "MANAGE_SP2" : "분기점",
        "DETAIL_SPO" : "분기점",
        "ETC_MATTER" : " ",
        "MNTN_NM" : "무선산",
        "PAST_SPOT_" : "26135813000062",
        "MNTN_ID" : "2613581300"
      },
      "geometry" : {
        "x" : 259233.07480000053,
        "y" : 241612.6436999999
      }
    },
    {
      "attributes" : {
        "FID" : 62,
        "PMNTN_SPOT" : 29564,
        "MNTN_CODE" : "461301301",
        "MANAGE_SP1" : "01",
        "MANAGE_SP2" : "시종점",
        "DETAIL_SPO" : "시종점",
        "ETC_MATTER" : "START POINT,남양ATP102동뒤,등산안내도요",
        "MNTN_NM" : "무선산",
        "PAST_SPOT_" : "26135813000063",
        "MNTN_ID" : "2613581300"
      },
      "geometry" : {
        "x" : 259261.10950000305,
        "y" : 241922.77979999967
      }
    },
    {
      "attributes" : {
        "FID" : 63,
        "PMNTN_SPOT" : 29565,
        "MNTN_CODE" : "461301301",
        "MANAGE_SP1" : "02",
        "MANAGE_SP2" : "분기점",
        "DETAIL_SPO" : "분기점",
        "ETC_MATTER" : " ",
        "MNTN_NM" : "무선산",
        "PAST_SPOT_" : "26135813000064",
        "MNTN_ID" : "2613581300"
      },
      "geometry" : {
        "x" : 259305.42800000031,
        "y" : 241686.55389999971
      }
    },
    {
      "attributes" : {
        "FID" : 64,
        "PMNTN_SPOT" : 29566,
        "MNTN_CODE" : "461301301",
        "MANAGE_SP1" : "23",
        "MANAGE_SP2" : "정상",
        "DETAIL_SPO" : "무선산 정상",
        "ETC_MATTER" : "END POINT",
        "MNTN_NM" : "무선산",
        "PAST_SPOT_" : "26135813000065",
        "MNTN_ID" : "2613581300"
      },
      "geometry" : {
        "x" : 259337.7714000009,
        "y" : 241454.92199999839
      }
    },
    {
      "attributes" : {
        "FID" : 65,
        "PMNTN_SPOT" : 29567,
        "MNTN_CODE" : "461301301",
        "MANAGE_SP1" : "02",
        "MANAGE_SP2" : "분기점",
        "DETAIL_SPO" : "분기점",
        "ETC_MATTER" : "주공APT203동뒤,등산로입구",
        "MNTN_NM" : "무선산",
        "PAST_SPOT_" : "26135813000066",
        "MNTN_ID" : "2613581300"
      },
      "geometry" : {
        "x" : 259371.13340000249,
        "y" : 241921.10250000283
      }
    },
    {
      "attributes" : {
        "FID" : 66,
        "PMNTN_SPOT" : 29568,
        "MNTN_CODE" : "461301301",
        "MANAGE_SP1" : "01",
        "MANAGE_SP2" : "시종점",
        "DETAIL_SPO" : "시종점,돌계단",
        "ETC_MATTER" : "주공APT203동뒤,등산로입구",
        "MNTN_NM" : "무선산",
        "PAST_SPOT_" : "26135813000067",
        "MNTN_ID" : "2613581300"
      },
      "geometry" : {
        "x" : 259381.2731999997,
        "y" : 241941.57050000131
      }
    },
    {
      "attributes" : {
        "FID" : 67,
        "PMNTN_SPOT" : 29569,
        "MNTN_CODE" : "461301301",
        "MANAGE_SP1" : "02",
        "MANAGE_SP2" : "분기점",
        "DETAIL_SPO" : "분기점",
        "ETC_MATTER" : " ",
        "MNTN_NM" : "무선산",
        "PAST_SPOT_" : "26135813000068",
        "MNTN_ID" : "2613581300"
      },
      "geometry" : {
        "x" : 259384.52680000011,
        "y" : 241707.33909999952
      }
    },
    {
      "attributes" : {
        "FID" : 68,
        "PMNTN_SPOT" : 29570,
        "MNTN_CODE" : "461301301",
        "MANAGE_SP1" : "99",
        "MANAGE_SP2" : "기타",
        "DETAIL_SPO" : "우회로",
        "ETC_MATTER" : " ",
        "MNTN_NM" : "무선산",
        "PAST_SPOT_" : "26135813000069",
        "MNTN_ID" : "2613581300"
      },
      "geometry" : {
        "x" : 259394.89199999999,
        "y" : 241504.4935999997
      }
    },
    {
      "attributes" : {
        "FID" : 69,
        "PMNTN_SPOT" : 29571,
        "MNTN_CODE" : "461301301",
        "MANAGE_SP1" : "99",
        "MANAGE_SP2" : "기타",
        "DETAIL_SPO" : "목+돌계단",
        "ETC_MATTER" : "START",
        "MNTN_NM" : "무선산",
        "PAST_SPOT_" : "26135813000070",
        "MNTN_ID" : "2613581300"
      },
      "geometry" : {
        "x" : 259414.55190000031,
        "y" : 241535.1743000038
      }
    },
    {
      "attributes" : {
        "FID" : 70,
        "PMNTN_SPOT" : 29572,
        "MNTN_CODE" : "461301301",
        "MANAGE_SP1" : "02",
        "MANAGE_SP2" : "분기점",
        "DETAIL_SPO" : "분기점",
        "ETC_MATTER" : " ",
        "MNTN_NM" : "무선산",
        "PAST_SPOT_" : "26135813000071",
        "MNTN_ID" : "2613581300"
      },
      "geometry" : {
        "x" : 259444.85750000179,
        "y" : 241874.16010000184
      }
    },
    {
      "attributes" : {
        "FID" : 71,
        "PMNTN_SPOT" : 29573,
        "MNTN_CODE" : "461301301",
        "MANAGE_SP1" : "01",
        "MANAGE_SP2" : "시종점",
        "DETAIL_SPO" : "시종점,등산안내도",
        "ETC_MATTER" : " ",
        "MNTN_NM" : "무선산",
        "PAST_SPOT_" : "26135813000072",
        "MNTN_ID" : "2613581300"
      },
      "geometry" : {
        "x" : 259445.68480000086,
        "y" : 241914.80440000258
      }
    },
    {
      "attributes" : {
        "FID" : 72,
        "PMNTN_SPOT" : 29574,
        "MNTN_CODE" : "461301301",
        "MANAGE_SP1" : "02",
        "MANAGE_SP2" : "분기점",
        "DETAIL_SPO" : "분기점",
        "ETC_MATTER" : " ",
        "MNTN_NM" : "무선산",
        "PAST_SPOT_" : "26135813000073",
        "MNTN_ID" : "2613581300"
      },
      "geometry" : {
        "x" : 259446.72559999954,
        "y" : 241553.25490000285
      }
    },
    {
      "attributes" : {
        "FID" : 73,
        "PMNTN_SPOT" : 29575,
        "MNTN_CODE" : "461301301",
        "MANAGE_SP1" : "01",
        "MANAGE_SP2" : "시종점",
        "DETAIL_SPO" : "시종점",
        "ETC_MATTER" : " ",
        "MNTN_NM" : "무선산",
        "PAST_SPOT_" : "26135813000074",
        "MNTN_ID" : "2613581300"
      },
      "geometry" : {
        "x" : 259454.2078999998,
        "y" : 241573.7097000014
      }
    },
    {
      "attributes" : {
        "FID" : 74,
        "PMNTN_SPOT" : 29576,
        "MNTN_CODE" : "461301301",
        "MANAGE_SP1" : "11",
        "MANAGE_SP2" : "안내판또는지도",
        "DETAIL_SPO" : "무선산근린공원안내도",
        "ETC_MATTER" : " ",
        "MNTN_NM" : "무선산",
        "PAST_SPOT_" : "26135813000075",
        "MNTN_ID" : "2613581300"
      },
      "geometry" : {
        "x" : 259454.70689999964,
        "y" : 241204.3535999991
      }
    },
    {
      "attributes" : {
        "FID" : 75,
        "PMNTN_SPOT" : 29577,
        "MNTN_CODE" : "461301301",
        "MANAGE_SP1" : "02",
        "MANAGE_SP2" : "분기점",
        "DETAIL_SPO" : "분기점",
        "ETC_MATTER" : " ",
        "MNTN_NM" : "무선산",
        "PAST_SPOT_" : "26135813000076",
        "MNTN_ID" : "2613581300"
      },
      "geometry" : {
        "x" : 259459.99030000158,
        "y" : 241568.26660000347
      }
    },
    {
      "attributes" : {
        "FID" : 76,
        "PMNTN_SPOT" : 29578,
        "MNTN_CODE" : "461301301",
        "MANAGE_SP1" : "02",
        "MANAGE_SP2" : "분기점",
        "DETAIL_SPO" : "분기점",
        "ETC_MATTER" : "하단부일주로",
        "MNTN_NM" : "무선산",
        "PAST_SPOT_" : "26135813000077",
        "MNTN_ID" : "2613581300"
      },
      "geometry" : {
        "x" : 259481.63430000097,
        "y" : 241665.33400000446
      }
    },
    {
      "attributes" : {
        "FID" : 77,
        "PMNTN_SPOT" : 29579,
        "MNTN_CODE" : "461301301",
        "MANAGE_SP1" : "02",
        "MANAGE_SP2" : "분기점",
        "DETAIL_SPO" : "분기점",
        "ETC_MATTER" : " ",
        "MNTN_NM" : "무선산",
        "PAST_SPOT_" : "26135813000078",
        "MNTN_ID" : "2613581300"
      },
      "geometry" : {
        "x" : 259483.53480000142,
        "y" : 241585.04490000196
      }
    },
    {
      "attributes" : {
        "FID" : 78,
        "PMNTN_SPOT" : 29580,
        "MNTN_CODE" : "461301301",
        "MANAGE_SP1" : "02",
        "MANAGE_SP2" : "분기점",
        "DETAIL_SPO" : "분기점",
        "ETC_MATTER" : "하단부일주로",
        "MNTN_NM" : "무선산",
        "PAST_SPOT_" : "26135813000079",
        "MNTN_ID" : "2613581300"
      },
      "geometry" : {
        "x" : 259485.21318031941,
        "y" : 241695.23442064226
      }
    },
    {
      "attributes" : {
        "FID" : 79,
        "PMNTN_SPOT" : 29581,
        "MNTN_CODE" : "461301301",
        "MANAGE_SP1" : "02",
        "MANAGE_SP2" : "분기점",
        "DETAIL_SPO" : "분기점",
        "ETC_MATTER" : " ",
        "MNTN_NM" : "무선산",
        "PAST_SPOT_" : "26135813000080",
        "MNTN_ID" : "2613581300"
      },
      "geometry" : {
        "x" : 259578.59200000018,
        "y" : 241646.0234999992
      }
    },
    {
      "attributes" : {
        "FID" : 80,
        "PMNTN_SPOT" : 29582,
        "MNTN_CODE" : "461301301",
        "MANAGE_SP1" : "01",
        "MANAGE_SP2" : "시종점",
        "DETAIL_SPO" : "시종점",
        "ETC_MATTER" : "START POINT",
        "MNTN_NM" : "무선산",
        "PAST_SPOT_" : "26135813000081",
        "MNTN_ID" : "2613581300"
      },
      "geometry" : {
        "x" : 259578.67990000173,
        "y" : 241122.43390000239
      }
    },
    {
      "attributes" : {
        "FID" : 81,
        "PMNTN_SPOT" : 29583,
        "MNTN_CODE" : "461301301",
        "MANAGE_SP1" : "02",
        "MANAGE_SP2" : "분기점",
        "DETAIL_SPO" : "분기점",
        "ETC_MATTER" : " ",
        "MNTN_NM" : "무선산",
        "PAST_SPOT_" : "26135813000082",
        "MNTN_ID" : "2613581300"
      },
      "geometry" : {
        "x" : 259603.42820000183,
        "y" : 241355.97610000148
      }
    },
    {
      "attributes" : {
        "FID" : 82,
        "PMNTN_SPOT" : 29584,
        "MNTN_CODE" : "461301301",
        "MANAGE_SP1" : "07",
        "MANAGE_SP2" : "시설물(운동기구 등)",
        "DETAIL_SPO" : "체육시설",
        "ETC_MATTER" : " ",
        "MNTN_NM" : "무선산",
        "PAST_SPOT_" : "26135813000083",
        "MNTN_ID" : "2613581300"
      },
      "geometry" : {
        "x" : 259618.52650000062,
        "y" : 241383.24929999933
      }
    },
    {
      "attributes" : {
        "FID" : 83,
        "PMNTN_SPOT" : 29585,
        "MNTN_CODE" : "461301301",
        "MANAGE_SP1" : "99",
        "MANAGE_SP2" : "기타",
        "DETAIL_SPO" : "목계단",
        "ETC_MATTER" : "START",
        "MNTN_NM" : "무선산",
        "PAST_SPOT_" : "26135813000084",
        "MNTN_ID" : "2613581300"
      },
      "geometry" : {
        "x" : 259623.55830000248,
        "y" : 241674.84909999929
      }
    },
    {
      "attributes" : {
        "FID" : 84,
        "PMNTN_SPOT" : 29586,
        "MNTN_CODE" : "461301301",
        "MANAGE_SP1" : "02",
        "MANAGE_SP2" : "분기점",
        "DETAIL_SPO" : "분기점",
        "ETC_MATTER" : " ",
        "MNTN_NM" : "무선산",
        "PAST_SPOT_" : "26135813000085",
        "MNTN_ID" : "2613581300"
      },
      "geometry" : {
        "x" : 259649.12010000367,
        "y" : 241461.05849999934
      }
    },
    {
      "attributes" : {
        "FID" : 85,
        "PMNTN_SPOT" : 29587,
        "MNTN_CODE" : "461301301",
        "MANAGE_SP1" : "02",
        "MANAGE_SP2" : "분기점",
        "DETAIL_SPO" : "분기점",
        "ETC_MATTER" : " ",
        "MNTN_NM" : "무선산",
        "PAST_SPOT_" : "26135813000086",
        "MNTN_ID" : "2613581300"
      },
      "geometry" : {
        "x" : 259654.10160000063,
        "y" : 241391.72080000117
      }
    },
    {
      "attributes" : {
        "FID" : 86,
        "PMNTN_SPOT" : 29588,
        "MNTN_CODE" : "461301301",
        "MANAGE_SP1" : "02",
        "MANAGE_SP2" : "분기점",
        "DETAIL_SPO" : "분기점",
        "ETC_MATTER" : "START POINT",
        "MNTN_NM" : "무선산",
        "PAST_SPOT_" : "26135813000087",
        "MNTN_ID" : "2613581300"
      },
      "geometry" : {
        "x" : 259658.30109999981,
        "y" : 241517.92139999941
      }
    },
    {
      "attributes" : {
        "FID" : 87,
        "PMNTN_SPOT" : 29589,
        "MNTN_CODE" : "461301301",
        "MANAGE_SP1" : "02",
        "MANAGE_SP2" : "분기점",
        "DETAIL_SPO" : "분기점",
        "ETC_MATTER" : " ",
        "MNTN_NM" : "무선산",
        "PAST_SPOT_" : "26135813000088",
        "MNTN_ID" : "2613581300"
      },
      "geometry" : {
        "x" : 259660.04870000109,
        "y" : 241370.95370000042
      }
    },
    {
      "attributes" : {
        "FID" : 88,
        "PMNTN_SPOT" : 29590,
        "MNTN_CODE" : "461301301",
        "MANAGE_SP1" : "01",
        "MANAGE_SP2" : "시종점",
        "DETAIL_SPO" : "시종점,현충탑",
        "ETC_MATTER" : " ",
        "MNTN_NM" : "무선산",
        "PAST_SPOT_" : "26135813000089",
        "MNTN_ID" : "2613581300"
      },
      "geometry" : {
        "x" : 259695.60890000314,
        "y" : 241434.44430000149
      }
    },
    {
      "attributes" : {
        "FID" : 89,
        "PMNTN_SPOT" : 29591,
        "MNTN_CODE" : "461301301",
        "MANAGE_SP1" : "02",
        "MANAGE_SP2" : "분기점",
        "DETAIL_SPO" : "분기점",
        "ETC_MATTER" : " ",
        "MNTN_NM" : "무선산",
        "PAST_SPOT_" : "26135813000090",
        "MNTN_ID" : "2613581300"
      },
      "geometry" : {
        "x" : 259696.72870000172,
        "y" : 241467.32620000094
      }
    },
    {
      "attributes" : {
        "FID" : 90,
        "PMNTN_SPOT" : 29592,
        "MNTN_CODE" : "461301301",
        "MANAGE_SP1" : "02",
        "MANAGE_SP2" : "분기점",
        "DETAIL_SPO" : "분기점",
        "ETC_MATTER" : " ",
        "MNTN_NM" : "무선산",
        "PAST_SPOT_" : "26135813000091",
        "MNTN_ID" : "2613581300"
      },
      "geometry" : {
        "x" : 259709.04519894347,
        "y" : 241487.30755282938
      }
    },
    {
      "attributes" : {
        "FID" : 91,
        "PMNTN_SPOT" : 29593,
        "MNTN_CODE" : "461301301",
        "MANAGE_SP1" : "01",
        "MANAGE_SP2" : "시종점",
        "DETAIL_SPO" : "시종점,작은도원안길",
        "ETC_MATTER" : "START POINT",
        "MNTN_NM" : "무선산",
        "PAST_SPOT_" : "26135813000092",
        "MNTN_ID" : "2613581300"
      },
      "geometry" : {
        "x" : 259734.46710000001,
        "y" : 241364.72350000218
      }
    },
    {
      "attributes" : {
        "FID" : 92,
        "PMNTN_SPOT" : 29594,
        "MNTN_CODE" : "461301301",
        "MANAGE_SP1" : "01",
        "MANAGE_SP2" : "시종점",
        "DETAIL_SPO" : "시종점,작은도원안길",
        "ETC_MATTER" : "START POINT",
        "MNTN_NM" : "무선산",
        "PAST_SPOT_" : "26135813000093",
        "MNTN_ID" : "2613581300"
      },
      "geometry" : {
        "x" : 259736.64310000092,
        "y" : 241376.48660000041
      }
    },
    {
      "attributes" : {
        "FID" : 93,
        "PMNTN_SPOT" : 29595,
        "MNTN_CODE" : "461301301",
        "MANAGE_SP1" : "02",
        "MANAGE_SP2" : "분기점",
        "DETAIL_SPO" : "분기점",
        "ETC_MATTER" : "START PINT",
        "MNTN_NM" : "무선산",
        "PAST_SPOT_" : "26135813000094",
        "MNTN_ID" : "2613581300"
      },
      "geometry" : {
        "x" : 259761.17139999941,
        "y" : 241803.17870000191
      }
    },
    {
      "attributes" : {
        "FID" : 94,
        "PMNTN_SPOT" : 29596,
        "MNTN_CODE" : "461301301",
        "MANAGE_SP1" : "01",
        "MANAGE_SP2" : "시종점",
        "DETAIL_SPO" : "시종점,여천제일교회앞",
        "ETC_MATTER" : "START PINT",
        "MNTN_NM" : "무선산",
        "PAST_SPOT_" : "26135813000095",
        "MNTN_ID" : "2613581300"
      },
      "geometry" : {
        "x" : 259764.72980000358,
        "y" : 241808.86330000125
      }
    }
  ]
}