{
  "displayFieldName" : "",
  "fieldAliases" : {
    "FID" : "FID",
    "PMNTN_SN" : "PMNTN_SN",
    "MNTN_CODE" : "MNTN_CODE",
    "MNTN_NM" : "MNTN_NM",
    "PMNTN_NM" : "PMNTN_NM",
    "PMNTN_MAIN" : "PMNTN_MAIN",
    "PMNTN_LT" : "PMNTN_LT",
    "PMNTN_DFFL" : "PMNTN_DFFL",
    "PMNTN_UPPL" : "PMNTN_UPPL",
    "PMNTN_GODN" : "PMNTN_GODN",
    "PMNTN_MTRQ" : "PMNTN_MTRQ",
    "PMNTN_CNRL" : "PMNTN_CNRL",
    "PMNTN_CLS_" : "PMNTN_CLS_",
    "PMNTN_RISK" : "PMNTN_RISK",
    "PMNTN_RECO" : "PMNTN_RECO",
    "DATA_STDR_" : "DATA_STDR_",
    "MNTN_ID" : "MNTN_ID"
  },
  "geometryType" : "esriGeometryPolyline",
  "spatialReference" : {
    "wkt" : "PROJCS[\"PCS_ITRF2000_TM\",GEOGCS[\"GCS_ITRF_2000\",DATUM[\"D_ITRF_2000\",SPHEROID[\"GRS_1980\",6378137.0,298.257222101]],PRIMEM[\"Greenwich\",0.0],UNIT[\"Degree\",0.0174532925199433]],PROJECTION[\"Transverse_Mercator\"],PARAMETER[\"False_Easting\",200000.0],PARAMETER[\"False_Northing\",600000.0],PARAMETER[\"Central_Meridian\",127.0],PARAMETER[\"Scale_Factor\",1.0],PARAMETER[\"Latitude_Of_Origin\",38.0],UNIT[\"Meter\",1.0]]"
  },
  "fields" : [
    {
      "name" : "FID",
      "type" : "esriFieldTypeOID",
      "alias" : "FID"
    },
    {
      "name" : "PMNTN_SN",
      "type" : "esriFieldTypeDouble",
      "alias" : "PMNTN_SN"
    },
    {
      "name" : "MNTN_CODE",
      "type" : "esriFieldTypeString",
      "alias" : "MNTN_CODE",
      "length" : 9
    },
    {
      "name" : "MNTN_NM",
      "type" : "esriFieldTypeString",
      "alias" : "MNTN_NM",
      "length" : 50
    },
    {
      "name" : "PMNTN_NM",
      "type" : "esriFieldTypeString",
      "alias" : "PMNTN_NM",
      "length" : 50
    },
    {
      "name" : "PMNTN_MAIN",
      "type" : "esriFieldTypeString",
      "alias" : "PMNTN_MAIN",
      "length" : 200
    },
    {
      "name" : "PMNTN_LT",
      "type" : "esriFieldTypeSingle",
      "alias" : "PMNTN_LT"
    },
    {
      "name" : "PMNTN_DFFL",
      "type" : "esriFieldTypeString",
      "alias" : "PMNTN_DFFL",
      "length" : 8
    },
    {
      "name" : "PMNTN_UPPL",
      "type" : "esriFieldTypeDouble",
      "alias" : "PMNTN_UPPL"
    },
    {
      "name" : "PMNTN_GODN",
      "type" : "esriFieldTypeDouble",
      "alias" : "PMNTN_GODN"
    },
    {
      "name" : "PMNTN_MTRQ",
      "type" : "esriFieldTypeString",
      "alias" : "PMNTN_MTRQ",
      "length" : 200
    },
    {
      "name" : "PMNTN_CNRL",
      "type" : "esriFieldTypeString",
      "alias" : "PMNTN_CNRL",
      "length" : 1
    },
    {
      "name" : "PMNTN_CLS_",
      "type" : "esriFieldTypeString",
      "alias" : "PMNTN_CLS_",
      "length" : 1
    },
    {
      "name" : "PMNTN_RISK",
      "type" : "esriFieldTypeString",
      "alias" : "PMNTN_RISK",
      "length" : 200
    },
    {
      "name" : "PMNTN_RECO",
      "type" : "esriFieldTypeString",
      "alias" : "PMNTN_RECO",
      "length" : 1
    },
    {
      "name" : "DATA_STDR_",
      "type" : "esriFieldTypeString",
      "alias" : "DATA_STDR_",
      "length" : 10
    },
    {
      "name" : "MNTN_ID",
      "type" : "esriFieldTypeString",
      "alias" : "MNTN_ID",
      "length" : 10
    }
  ],
  "features" : [
    {
      "attributes" : {
        "FID" : 0,
        "PMNTN_SN" : 16222,
        "MNTN_CODE" : "427300801",
        "MNTN_NM" : "매봉",
        "PMNTN_NM" : "창촌리구간",
        "PMNTN_MAIN" : " ",
        "PMNTN_LT" : 7.63,
        "PMNTN_DFFL" : "쉬움",
        "PMNTN_UPPL" : 164,
        "PMNTN_GODN" : 114,
        "PMNTN_MTRQ" : " ",
        "PMNTN_CNRL" : " ",
        "PMNTN_CLS_" : "Y",
        "PMNTN_RISK" : " ",
        "PMNTN_RECO" : " ",
        "DATA_STDR_" : "2016-12-31",
        "MNTN_ID" : "427300901"
      },
      "geometry" : {
        "paths" : [
          [
            [
              278231.93180000037,
              547863.30200000294
            ],
            [
              278219.10960000008,
              547869.33100000024
            ],
            [
              278181.39199999999,
              547871.68520000204
            ],
            [
              278156.52770000044,
              547865.62420000136
            ],
            [
              278064.68190000206,
              547844.78289999999
            ],
            [
              278012.57490000036,
              547831.79130000249
            ],
            [
              277985.72169999965,
              547826.51649999991
            ],
            [
              277947.97119999956,
              547821.0465000011
            ],
            [
              277910.59250000119,
              547822.03390000015
            ],
            [
              277835.4597000014,
              547822.10140000097
            ],
            [
              277727.77280000132,
              547809.3319000043
            ],
            [
              277715.9151000008,
              547806.43009999953
            ],
            [
              277704.49519999977,
              547803.35830000229
            ],
            [
              277687.84930000082,
              547794.05340000056
            ],
            [
              277666.99320000038,
              547779.51579999737
            ],
            [
              277647.60720000044,
              547766.13360000215
            ],
            [
              277629.67360000033,
              547757.24730000272
            ],
            [
              277609.06380000152,
              547752.82469999976
            ],
            [
              277589.71060000081,
              547751.18349999934
            ],
            [
              277557.46110000089,
              547752.15730000101
            ],
            [
              277522.68860000093,
              547749.71980000101
            ],
            [
              277503.37680000067,
              547749.20700000226
            ],
            [
              277439.31020000111,
              547747.83080000058
            ],
            [
              277380.36619999912,
              547747.05870000273
            ],
            [
              277331.37500000093,
              547750.2386000026
            ],
            [
              277289.67929999996,
              547752.20050000213
            ],
            [
              277253.73840000108,
              547743.47960000299
            ],
            [
              277217.20230000094,
              547728.98819999956
            ],
            [
              277200.68560000043,
              547720.68760000356
            ],
            [
              277129.55890000053,
              547682.08840000257
            ],
            [
              277085.94349999912,
              547662.24570000172
            ],
            [
              277037.55260000098,
              547645.60889999941
            ],
            [
              276995.33999999985,
              547636.34640000015
            ],
            [
              276928.3310000021,
              547634.3943000026
            ],
            [
              276882.13239999954,
              547640.06080000103
            ],
            [
              276847.94270000141,
              547644.83570000157
            ],
            [
              276796.18840000033,
              547649.69460000098
            ],
            [
              276709.21330000088,
              547659.39250000007
            ],
            [
              276613.20210000034,
              547707.65850000456
            ],
            [
              276559.14480000082,
              547726.60860000178
            ],
            [
              276549.55700000096,
              547729.21350000054
            ],
            [
              276527.81900000013,
              547736.61860000156
            ],
            [
              276519.46810000017,
              547739.10840000026
            ],
            [
              276509.49120000098,
              547740.46200000308
            ],
            [
              276506.70520000067,
              547733.56970000453
            ],
            [
              276502.90920000058,
              547722.75140000135
            ],
            [
              276502.90920000058,
              547714.67390000261
            ],
            [
              276502.90920000058,
              547706.79830000177
            ],
            [
              276503.71689999942,
              547699.93240000121
            ],
            [
              276509.16920000035,
              547688.82570000179
            ],
            [
              276518.05450000148,
              547678.72880000062
            ],
            [
              276531.3825000003,
              547667.42029999942
            ],
            [
              276540.06580000091,
              547658.73690000176
            ],
            [
              276549.35610000137,
              547643.55080000125
            ],
            [
              276552.78800000064,
              547637.93720000237
            ],
            [
              276556.22090000194,
              547627.43640000187
            ],
            [
              276555.23199999891,
              547617.53190000169
            ],
            [
              276545.20069999993,
              547609.49810000323
            ],
            [
              276526.93979999889,
              547599.9728000015
            ],
            [
              276514.01580000203,
              547591.69329999946
            ],
            [
              276495.0336000016,
              547573.51880000345
            ],
            [
              276493.21609999985,
              547568.06650000066
            ],
            [
              276490.38900000229,
              547558.57540000044
            ],
            [
              276486.65490000043,
              547551.53529999964
            ],
            [
              276478.31830000039,
              547546.31739999913
            ],
            [
              276468.78149999958,
              547545.24750000052
            ],
            [
              276461.56489999965,
              547540.756500002
            ],
            [
              276454.95650000125,
              547537.02529999986
            ],
            [
              276448.46960000042,
              547531.20820000209
            ],
            [
              276439.70240000077,
              547516.16829999909
            ],
            [
              276434.45200000051,
              547507.48500000127
            ],
            [
              276425.36479999963,
              547497.38800000213
            ],
            [
              276416.4795000013,
              547490.52210000157
            ],
            [
              276411.43099999987,
              547486.68530000001
            ],
            [
              276395.47790000122,
              547476.38640000112
            ],
            [
              276381.34220000077,
              547468.30890000239
            ],
            [
              276373.87040000036,
              547463.26040000096
            ],
            [
              276370.63940000068,
              547460.02940000221
            ],
            [
              276363.77350000013,
              547448.11500000022
            ],
            [
              276355.2921000002,
              547428.93090000004
            ],
            [
              276344.1855000006,
              547419.43980000168
            ],
            [
              276337.11760000139,
              547412.77580000274
            ],
            [
              276333.07890000008,
              547405.10210000165
            ],
            [
              276330.25170000084,
              547398.03430000134
            ],
            [
              276326.61680000089,
              547389.55290000327
            ],
            [
              276321.97219999973,
              547382.28310000151
            ],
            [
              276315.30830000155,
              547376.42689999938
            ],
            [
              276307.63460000046,
              547369.76290000044
            ],
            [
              276298.14350000117,
              547362.29120000266
            ],
            [
              276293.49890000001,
              547359.06010000035
            ],
            [
              276288.65240000002,
              547358.4542999994
            ],
            [
              276280.17100000009,
              547360.87760000117
            ],
            [
              276263.41009999998,
              547366.73379999958
            ],
            [
              276253.31310000177,
              547372.18610000424
            ],
            [
              276243.62009999901,
              547377.4365000017
            ],
            [
              276238.16770000011,
              547380.46560000069
            ],
            [
              276230.49409999978,
              547383.29279999994
            ],
            [
              276225.84950000048,
              547384.50440000184
            ],
            [
              276222.01269999985,
              547384.90830000117
            ],
            [
              276213.12739999965,
              547383.29279999994
            ],
            [
              276204.64599999972,
              547380.66760000028
            ],
            [
              276195.9626000002,
              547375.41720000282
            ],
            [
              276186.47150000092,
              547366.53189999983
            ],
            [
              276180.21140000131,
              547358.05040000379
            ],
            [
              276173.54739999957,
              547352.80000000075
            ],
            [
              276162.64269999973,
              547344.11670000106
            ],
            [
              276155.57490000036,
              547338.26050000265
            ],
            [
              276148.30510000046,
              547332.40429999866
            ],
            [
              276145.07409999985,
              547327.55770000257
            ],
            [
              276140.42950000148,
              547317.8647000026
            ],
            [
              276136.39070000034,
              547307.96969999932
            ],
            [
              276132.75580000039,
              547297.87280000001
            ],
            [
              276130.73650000151,
              547289.18940000236
            ],
            [
              276128.71710000094,
              547279.90019999817
            ],
            [
              276128.71710000094,
              547272.83240000345
            ],
            [
              276127.70739999972,
              547261.3219000008
            ],
            [
              276128.11129999999,
              547252.03270000219
            ],
            [
              276126.89960000105,
              547243.1473999992
            ],
            [
              276124.67830000073,
              547236.07960000448
            ],
            [
              276121.24530000146,
              547231.63690000214
            ],
            [
              276115.18719999958,
              547229.41559999995
            ],
            [
              276107.31159999967,
              547226.79040000029
            ],
            [
              276095.39720000047,
              547224.36710000224
            ],
            [
              276075.00140000042,
              547220.93420000188
            ],
            [
              276055.61529999971,
              547220.32840000093
            ],
            [
              276044.71059999987,
              547218.71289999783
            ],
            [
              276035.65330000129,
              547215.63220000081
            ],
            [
              276024.92069999967,
              547214.06830000132
            ],
            [
              276019.26640000101,
              547213.86630000174
            ],
            [
              276008.15979999956,
              547218.51089999825
            ],
            [
              275991.1969000008,
              547227.59820000082
            ],
            [
              275979.2826000005,
              547233.0504999999
            ],
            [
              275969.9934000019,
              547234.666000003
            ],
            [
              275959.49260000139,
              547235.06990000233
            ],
            [
              275951.8189000003,
              547235.27180000395
            ],
            [
              275943.33750000037,
              547235.06990000233
            ],
            [
              275940.10650000069,
              547235.27180000395
            ],
            [
              275936.47160000075,
              547236.68539999984
            ],
            [
              275929.40370000061,
              547240.72420000099
            ],
            [
              275919.91260000132,
              547246.17650000006
            ],
            [
              275913.85450000223,
              547250.01329999976
            ],
            [
              275905.37310000136,
              547252.43660000339
            ],
            [
              275897.69940000121,
              547252.84050000273
            ],
            [
              275886.18890000228,
              547253.04240000434
            ],
            [
              275878.11139999982,
              547253.04240000434
            ],
            [
              275873.6687000012,
              547252.23470000178
            ],
            [
              275869.76600000076,
              547249.22750000283
            ],
            [
              275867.40859999973,
              547241.33000000194
            ],
            [
              275869.22609999962,
              547229.81949999928
            ],
            [
              275873.87070000079,
              547221.94390000217
            ],
            [
              275877.50549999997,
              547216.08770000003
            ],
            [
              275880.33270000108,
              547208.21209999919
            ],
            [
              275881.94820000045,
              547200.53840000182
            ],
            [
              275882.75590000022,
              547192.86470000073
            ],
            [
              275882.75590000022,
              547188.42210000008
            ],
            [
              275883.56370000076,
              547182.56589999981
            ],
            [
              275883.96760000102,
              547176.91160000302
            ],
            [
              275880.33270000108,
              547172.87280000187
            ],
            [
              275878.91909999959,
              547169.23790000193
            ],
            [
              275879.32299999986,
              547164.79529999942
            ],
            [
              275882.15010000113,
              547160.15069999918
            ],
            [
              275888.61220000032,
              547150.86150000058
            ],
            [
              275893.66060000099,
              547144.60140000097
            ],
            [
              275895.88200000022,
              547139.5530000031
            ],
            [
              275896.68969999999,
              547134.50450000167
            ],
            [
              275895.47809999995,
              547128.85020000301
            ],
            [
              275892.44900000095,
              547124.81140000187
            ],
            [
              275887.40050000139,
              547115.72419999912
            ],
            [
              275880.53460000176,
              547103.20399999991
            ],
            [
              275865.59119999874,
              547072.5094000008
            ],
            [
              275863.97570000123,
              547063.42210000195
            ],
            [
              275861.75430000201,
              547052.11360000074
            ],
            [
              275860.34080000129,
              547042.62250000052
            ],
            [
              275856.10010000039,
              547031.51590000466
            ],
            [
              275847.61860000063,
              547016.37050000206
            ],
            [
              275841.76240000036,
              547005.26380000263
            ],
            [
              275832.96690000035,
              546997.32090000063
            ],
            [
              275826.83370000124,
              546991.95080000162
            ],
            [
              275823.01840000134,
              546984.2324000001
            ],
            [
              275813.81340000033,
              546979.17779999971
            ],
            [
              275811.06780000124,
              546973.62680000067
            ],
            [
              275804.25980000105,
              546968.22300000116
            ],
            [
              275805.02790000103,
              546957.00929999724
            ],
            [
              275809.64199999999,
              546946.50150000118
            ],
            [
              275814.75880000088,
              546935.75760000199
            ],
            [
              275816.28720000107,
              546919.02500000037
            ],
            [
              275817.21850000229,
              546896.0875000041
            ],
            [
              275819.36530000065,
              546864.45090000145
            ],
            [
              275820.81300000101,
              546822.4916999992
            ],
            [
              275818.9737999998,
              546811.91960000247
            ],
            [
              275811.52740000188,
              546787.71350000054
            ],
            [
              275804.07030000072,
              546764.470900001
            ],
            [
              275791.92380000092,
              546741.36700000241
            ],
            [
              275784.50659999996,
              546725.64069999941
            ],
            [
              275774.07349999994,
              546712.04820000008
            ],
            [
              275762.34180000052,
              546702.20680000074
            ],
            [
              275742.04510000162,
              546695.98389999941
            ],
            [
              275723.61660000123,
              546684.80319999903
            ],
            [
              275712.09049999993,
              546680.01249999925
            ],
            [
              275705.62060000002,
              546676.67950000241
            ],
            [
              275698.41300000064,
              546670.56790000014
            ],
            [
              275687.85480000172,
              546664.56080000103
            ],
            [
              275676.0831000004,
              546662.73120000213
            ],
            [
              275659.20999999996,
              546655.55120000429
            ],
            [
              275646.88879999984,
              546650.68270000443
            ],
            [
              275640.63810000103,
              546644.73479999974
            ],
            [
              275636.95189999882,
              546637.60109999962
            ],
            [
              275634.07990000118,
              546630.06210000254
            ],
            [
              275634.88980000094,
              546619.51930000074
            ],
            [
              275635.20680000074,
              546610.33920000121
            ],
            [
              275632.78370000049,
              546599.26490000449
            ],
            [
              275629.96380000096,
              546595.10869999975
            ],
            [
              275625.64460000023,
              546588.97699999996
            ],
            [
              275619.52860000078,
              546582.86089999974
            ],
            [
              275614.10109999962,
              546574.93070000224
            ],
            [
              275607.59280000068,
              546562.35080000013
            ],
            [
              275603.56470000092,
              546555.12150000222
            ],
            [
              275598.36129999999,
              546546.84919999912
            ],
            [
              275598.9609000003,
              546532.10030000098
            ],
            [
              275595.51090000011,
              546520.60879999772
            ],
            [
              275590.99629999883,
              546509.32230000384
            ],
            [
              275588.73900000006,
              546503.67910000123
            ],
            [
              275586.48170000035,
              546495.21429999918
            ],
            [
              275585.91740000062,
              546488.44239999726
            ],
            [
              275585.91740000062,
              546471.51270000078
            ],
            [
              275586.48170000035,
              546452.89010000043
            ],
            [
              275582.53149999958,
              546432.57450000197
            ],
            [
              275588.73900000006,
              546417.90210000053
            ],
            [
              275592.6893000016,
              546407.18000000156
            ],
            [
              275597.20390000008,
              546394.76490000263
            ],
            [
              275607.92599999905,
              546375.57789999992
            ],
            [
              275614.69790000003,
              546367.67739999853
            ],
            [
              275632.75619999971,
              546354.13370000198
            ],
            [
              275649.68580000103,
              546343.97589999996
            ],
            [
              275662.6651999997,
              546337.20400000364
            ],
            [
              275671.69440000225,
              546325.35329999961
            ],
            [
              275682.41650000121,
              546314.63110000268
            ],
            [
              275687.49540000223,
              546306.16630000062
            ],
            [
              275693.70300000068,
              546293.75120000169
            ],
            [
              275699.91050000116,
              546277.38590000011
            ],
            [
              275708.37530000042,
              546259.32760000229
            ],
            [
              275714.01860000007,
              546245.78380000219
            ],
            [
              275720.22609999962,
              546237.31900000013
            ],
            [
              275725.86930000037,
              546230.54710000381
            ],
            [
              275732.64120000135,
              546222.64660000242
            ],
            [
              275739.97740000114,
              546214.74609999917
            ],
            [
              275743.92760000005,
              546207.97419999726
            ],
            [
              275752.39250000007,
              546192.73750000075
            ],
            [
              275764.8076000018,
              546171.29330000095
            ],
            [
              275770.45079999976,
              546158.87820000201
            ],
            [
              275767.06490000151,
              546147.59180000238
            ],
            [
              275763.11459999904,
              546126.14750000089
            ],
            [
              275737.72009999957,
              546104.13900000043
            ],
            [
              275714.01860000007,
              546087.20930000208
            ],
            [
              275696.52460000012,
              546074.22990000248
            ],
            [
              275684.67380000092,
              546060.68610000052
            ],
            [
              275670.56580000091,
              546043.756500002
            ],
            [
              275664.35819999967,
              546033.03440000117
            ],
            [
              275654.20040000044,
              546011.02580000274
            ],
            [
              275645.17130000051,
              545997.4821000006
            ],
            [
              275640.0923999995,
              545987.88860000111
            ],
            [
              275635.01350000128,
              545978.85940000229
            ],
            [
              275629.93460000027,
              545964.75140000321
            ],
            [
              275626.54860000033,
              545956.85090000182
            ],
            [
              275623.16270000022,
              545945.56440000236
            ],
            [
              275615.82650000136,
              545927.50610000081
            ],
            [
              275602.28280000109,
              545910.57640000246
            ],
            [
              275589.30340000056,
              545897.59699999727
            ],
            [
              275578.5811999999,
              545889.13220000081
            ],
            [
              275567.85910000093,
              545878.41010000184
            ],
            [
              275561.65160000138,
              545865.43070000038
            ],
            [
              275559.95859999862,
              545844.55070000142
            ],
            [
              275565.03749999963,
              545817.46330000088
            ],
            [
              275570.68070000038,
              545784.73260000162
            ],
            [
              275571.80940000061,
              545772.31750000268
            ],
            [
              275580.27419999987,
              545758.20940000005
            ],
            [
              275587.04610000085,
              545740.71540000103
            ],
            [
              275588.73900000006,
              545728.8647000026
            ],
            [
              275587.61040000059,
              545715.88530000113
            ],
            [
              275585.35310000088,
              545692.7480999995
            ],
            [
              275588.17470000032,
              545671.30380000174
            ],
            [
              275588.73900000006,
              545654.37409999967
            ],
            [
              275587.04610000085,
              545641.39470000379
            ],
            [
              275583.66010000091,
              545631.23690000176
            ],
            [
              275580.83849999961,
              545622.77209999971
            ],
            [
              275581.96719999984,
              545610.35700000077
            ],
            [
              275585.91740000062,
              545598.50620000437
            ],
            [
              275587.61040000059,
              545579.31930000335
            ],
            [
              275587.04610000085,
              545543.76700000092
            ],
            [
              275581.96719999984,
              545495.23530000262
            ],
            [
              275581.96719999984,
              545448.39650000259
            ],
            [
              275587.04610000085,
              545420.74470000155
            ],
            [
              275590.99629999883,
              545404.94370000064
            ],
            [
              275595.51090000011,
              545378.42060000077
            ],
            [
              275615.26219999976,
              545350.76879999973
            ],
            [
              275623.72700000182,
              545327.06730000116
            ],
            [
              275632.19180000108,
              545301.10840000026
            ],
            [
              275631.62750000134,
              545281.92149999924
            ],
            [
              275633.32050000131,
              545252.01239999942
            ],
            [
              275640.0923999995,
              545214.20280000195
            ],
            [
              275644.04260000028,
              545174.70030000247
            ],
            [
              275646.86419999972,
              545157.20630000159
            ],
            [
              275651.378800001,
              545135.19769999944
            ],
            [
              275650.81450000126,
              545121.08960000053
            ],
            [
              275650.25019999966,
              545090.61620000005
            ],
            [
              275653.6361000007,
              545053.37100000121
            ],
            [
              275653.49660000112,
              545021.77950000018
            ],
            [
              275654.40730000101,
              545003.87040000036
            ],
            [
              275661.90780000016,
              544992.64150000177
            ],
            [
              275667.92080000136,
              544979.83270000108
            ],
            [
              275665.86050000228,
              544967.28539999947
            ],
            [
              275662.58249999955,
              544946.37340000086
            ],
            [
              275655.85470000003,
              544934.87179999985
            ],
            [
              275653.04960000049,
              544920.10769999772
            ],
            [
              275650.25560000166,
              544896.58929999918
            ],
            [
              275648.55719999969,
              544888.02460000105
            ],
            [
              275650.3431000011,
              544851.86840000376
            ],
            [
              275650.6372000007,
              544848.01490000263
            ],
            [
              275652.43080000021,
              544824.51480000094
            ],
            [
              275659.4534,
              544797.13950000145
            ],
            [
              275660.30130000133,
              544792.66310000047
            ],
            [
              275660.80530000106,
              544788.21490000002
            ],
            [
              275660.96549999993,
              544783.79480000399
            ],
            [
              275660.78180000093,
              544779.4028000012
            ],
            [
              275660.24870000221,
              544775.00469999947
            ],
            [
              275659.36629999988,
              544770.63519999944
            ],
            [
              275658.13450000063,
              544766.29430000111
            ],
            [
              275656.55350000132,
              544761.98189999908
            ],
            [
              275645.5092999991,
              544734.95860000141
            ],
            [
              275637.75100000016,
              544729.93850000203
            ],
            [
              275618.58330000192,
              544725.83110000193
            ],
            [
              275607.17399999965,
              544726.74389999919
            ],
            [
              275600.3284,
              544726.74389999919
            ],
            [
              275592.57000000123,
              544726.74389999919
            ],
            [
              275580.24799999967,
              544726.74389999919
            ],
            [
              275573.85869999975,
              544722.63650000095
            ],
            [
              275566.55680000037,
              544710.3144000005
            ],
            [
              275563.36209999956,
              544694.34139999934
            ],
            [
              275559.25480000023,
              544663.30800000019
            ],
            [
              275556.06020000018,
              544643.2276000008
            ],
            [
              275547.84549999982,
              544629.5364000015
            ],
            [
              275540.54349999968,
              544618.58339999989
            ],
            [
              275530.04690000042,
              544604.43590000272
            ],
            [
              275512.70470000152,
              544599.87209999934
            ],
            [
              275476.65120000206,
              544595.76479999907
            ],
            [
              275460.22180000134,
              544591.65740000084
            ],
            [
              275438.31589999981,
              544575.22800000012
            ],
            [
              275426.45019999892,
              544547.38920000196
            ],
            [
              275416.86629999988,
              544527.30880000442
            ],
            [
              275406.36980000138,
              544510.87930000015
            ],
            [
              275389.48390000127,
              544498.10090000182
            ],
            [
              275377.61820000131,
              544488.97340000235
            ],
            [
              275361.64520000108,
              544479.38960000128
            ],
            [
              275346.58490000106,
              544468.89299999923
            ],
            [
              275327.87360000145,
              544452.00720000267
            ],
            [
              275311.90050000045,
              544433.75229999982
            ],
            [
              275278.12890000083,
              544415.49730000086
            ],
            [
              275263.06860000081,
              544405.91349999979
            ],
            [
              275251.20289999992,
              544396.78600000218
            ],
            [
              275226.10230000038,
              544362.55800000392
            ],
            [
              275186.39789999928,
              544336.54480000213
            ],
            [
              275169.5120000001,
              544326.04820000008
            ],
            [
              275166.31740000006,
              544316.9207000006
            ],
            [
              275167.23020000104,
              544304.59860000014
            ],
            [
              275173.6194000002,
              544297.75300000049
            ],
            [
              275189.1361000007,
              544280.41090000235
            ],
            [
              275205.56549999956,
              544263.98140000366
            ],
            [
              275220.62580000143,
              544244.3574000001
            ],
            [
              275231.12240000069,
              544225.18969999999
            ],
            [
              275236.14250000194,
              544210.12940000184
            ],
            [
              275232.94790000003,
              544196.89460000023
            ],
            [
              275221.53860000055,
              544179.55240000226
            ],
            [
              275215.14940000139,
              544164.94840000197
            ],
            [
              275201.91450000089,
              544149.8881000001
            ],
            [
              275187.76699999999,
              544132.08960000053
            ],
            [
              275172.25029999949,
              544121.59300000407
            ],
            [
              275151.71350000147,
              544108.3582000006
            ],
            [
              275139.84780000057,
              544093.75420000032
            ],
            [
              275134.82770000026,
              544085.53950000182
            ],
            [
              275134.82770000026,
              544076.41200000234
            ],
            [
              275137.10950000025,
              544069.1101000011
            ],
            [
              275143.04240000062,
              544060.43899999931
            ],
            [
              275157.19000000041,
              544048.57330000214
            ],
            [
              275185.94150000159,
              544032.14379999973
            ],
            [
              275207.39100000076,
              544024.84190000221
            ],
            [
              275222.90770000033,
              544024.84190000221
            ],
            [
              275235.68619999941,
              544024.84190000221
            ],
            [
              275249.83370000124,
              544026.21100000106
            ],
            [
              275266.26319999993,
              544027.58009999804
            ],
            [
              275279.4980000006,
              544026.21100000106
            ],
            [
              275291.36369999871,
              544018.45260000043
            ],
            [
              275304.59850000031,
              544004.76140000112
            ],
            [
              275321.94070000201,
              543993.80850000121
            ],
            [
              275340.65199999977,
              543977.83540000208
            ],
            [
              275353.88680000044,
              543966.88250000402
            ],
            [
              275357.53780000005,
              543958.21140000038
            ],
            [
              275361.64520000108,
              543944.52020000108
            ],
            [
              275364.3833999997,
              543934.02360000275
            ],
            [
              275364.3833999997,
              543916.22500000149
            ],
            [
              275366.66530000139,
              543882.45340000466
            ],
            [
              275368.94710000046,
              543856.89650000073
            ],
            [
              275368.94710000046,
              543839.09790000319
            ],
            [
              275368.03440000024,
              543830.88319999911
            ],
            [
              275363.01430000179,
              543822.66850000247
            ],
            [
              275358.90690000076,
              543818.56120000221
            ],
            [
              275351.14860000089,
              543813.54099999741
            ],
            [
              275342.02109999955,
              543810.80280000158
            ],
            [
              275332.8936999999,
              543810.34640000015
            ],
            [
              275322.8535000002,
              543809.89010000415
            ],
            [
              275304.59850000031,
              543805.32630000077
            ],
            [
              275298.66569999885,
              543800.76260000095
            ],
            [
              275292.27640000172,
              543792.54790000245
            ],
            [
              275286.80000000168,
              543780.68220000155
            ],
            [
              275282.69260000065,
              543772.46749999933
            ],
            [
              275278.12890000083,
              543762.88360000029
            ],
            [
              275270.37050000019,
              543750.56149999797
            ],
            [
              275264.43770000152,
              543741.43410000391
            ],
            [
              275259.41760000028,
              543728.65560000204
            ],
            [
              275252.57200000063,
              543714.05169999972
            ],
            [
              275248.46460000053,
              543694.88399999961
            ],
            [
              275255.16629999969,
              543678.53280000202
            ],
            [
              275261.38870000094,
              543665.25840000249
            ],
            [
              275272.58900000062,
              543648.66540000029
            ],
            [
              275278.39659999963,
              543628.75370000117
            ],
            [
              275285.03380000126,
              543613.82000000216
            ],
            [
              275291.67100000009,
              543600.96040000208
            ],
            [
              275293.74510000087,
              543588.51559999958
            ],
            [
              275293.3303000005,
              543571.50780000165
            ],
            [
              275293.3303000005,
              543553.67030000128
            ],
            [
              275294.15990000125,
              543540.8107000012
            ],
            [
              275292.91550000012,
              543528.36590000242
            ],
            [
              275283.37450000085,
              543510.52840000205
            ],
            [
              275272.58900000062,
              543492.27600000426
            ],
            [
              275260.14420000091,
              543464.48269999959
            ],
            [
              275251.84769999888,
              543441.66730000265
            ],
            [
              275249.77360000089,
              543424.244599998
            ],
            [
              275248.52910000086,
              543412.21470000222
            ],
            [
              275248.94390000124,
              543388.15480000153
            ],
            [
              275248.11430000048,
              543361.60590000264
            ]
          ]
        ]
      }
    }
  ]
}