{
  "displayFieldName" : "",
  "fieldAliases" : {
    "FID" : "FID",
    "PMNTN_SN" : "PMNTN_SN",
    "MNTN_CODE" : "MNTN_CODE",
    "MNTN_NM" : "MNTN_NM",
    "PMNTN_NM" : "PMNTN_NM",
    "PMNTN_MAIN" : "PMNTN_MAIN",
    "PMNTN_LT" : "PMNTN_LT",
    "PMNTN_DFFL" : "PMNTN_DFFL",
    "PMNTN_UPPL" : "PMNTN_UPPL",
    "PMNTN_GODN" : "PMNTN_GODN",
    "PMNTN_MTRQ" : "PMNTN_MTRQ",
    "PMNTN_CNRL" : "PMNTN_CNRL",
    "PMNTN_CLS_" : "PMNTN_CLS_",
    "PMNTN_RISK" : "PMNTN_RISK",
    "PMNTN_RECO" : "PMNTN_RECO",
    "DATA_STDR_" : "DATA_STDR_",
    "MNTN_ID" : "MNTN_ID"
  },
  "geometryType" : "esriGeometryPolyline",
  "spatialReference" : {
    "wkt" : "PROJCS[\"PCS_ITRF2000_TM\",GEOGCS[\"GCS_ITRF_2000\",DATUM[\"D_ITRF_2000\",SPHEROID[\"GRS_1980\",6378137.0,298.257222101]],PRIMEM[\"Greenwich\",0.0],UNIT[\"Degree\",0.0174532925199433]],PROJECTION[\"Transverse_Mercator\"],PARAMETER[\"False_Easting\",200000.0],PARAMETER[\"False_Northing\",600000.0],PARAMETER[\"Central_Meridian\",127.0],PARAMETER[\"Scale_Factor\",1.0],PARAMETER[\"Latitude_Of_Origin\",38.0],UNIT[\"Meter\",1.0]]"
  },
  "fields" : [
    {
      "name" : "FID",
      "type" : "esriFieldTypeOID",
      "alias" : "FID"
    },
    {
      "name" : "PMNTN_SN",
      "type" : "esriFieldTypeDouble",
      "alias" : "PMNTN_SN"
    },
    {
      "name" : "MNTN_CODE",
      "type" : "esriFieldTypeString",
      "alias" : "MNTN_CODE",
      "length" : 9
    },
    {
      "name" : "MNTN_NM",
      "type" : "esriFieldTypeString",
      "alias" : "MNTN_NM",
      "length" : 50
    },
    {
      "name" : "PMNTN_NM",
      "type" : "esriFieldTypeString",
      "alias" : "PMNTN_NM",
      "length" : 50
    },
    {
      "name" : "PMNTN_MAIN",
      "type" : "esriFieldTypeString",
      "alias" : "PMNTN_MAIN",
      "length" : 200
    },
    {
      "name" : "PMNTN_LT",
      "type" : "esriFieldTypeSingle",
      "alias" : "PMNTN_LT"
    },
    {
      "name" : "PMNTN_DFFL",
      "type" : "esriFieldTypeString",
      "alias" : "PMNTN_DFFL",
      "length" : 8
    },
    {
      "name" : "PMNTN_UPPL",
      "type" : "esriFieldTypeDouble",
      "alias" : "PMNTN_UPPL"
    },
    {
      "name" : "PMNTN_GODN",
      "type" : "esriFieldTypeDouble",
      "alias" : "PMNTN_GODN"
    },
    {
      "name" : "PMNTN_MTRQ",
      "type" : "esriFieldTypeString",
      "alias" : "PMNTN_MTRQ",
      "length" : 200
    },
    {
      "name" : "PMNTN_CNRL",
      "type" : "esriFieldTypeString",
      "alias" : "PMNTN_CNRL",
      "length" : 1
    },
    {
      "name" : "PMNTN_CLS_",
      "type" : "esriFieldTypeString",
      "alias" : "PMNTN_CLS_",
      "length" : 1
    },
    {
      "name" : "PMNTN_RISK",
      "type" : "esriFieldTypeString",
      "alias" : "PMNTN_RISK",
      "length" : 200
    },
    {
      "name" : "PMNTN_RECO",
      "type" : "esriFieldTypeString",
      "alias" : "PMNTN_RECO",
      "length" : 1
    },
    {
      "name" : "DATA_STDR_",
      "type" : "esriFieldTypeString",
      "alias" : "DATA_STDR_",
      "length" : 10
    },
    {
      "name" : "MNTN_ID",
      "type" : "esriFieldTypeString",
      "alias" : "MNTN_ID",
      "length" : 10
    }
  ],
  "features" : [
    {
      "attributes" : {
        "FID" : 0,
        "PMNTN_SN" : 52573,
        "MNTN_CODE" : "441503901",
        "MNTN_NM" : "평안산",
        "PMNTN_NM" : "운곡리구간",
        "PMNTN_MAIN" : " ",
        "PMNTN_LT" : 2.25,
        "PMNTN_DFFL" : "쉬움",
        "PMNTN_UPPL" : 40,
        "PMNTN_GODN" : 28,
        "PMNTN_MTRQ" : " ",
        "PMNTN_CNRL" : " ",
        "PMNTN_CLS_" : " ",
        "PMNTN_RISK" : " ",
        "PMNTN_RECO" : " ",
        "DATA_STDR_" : "2016-12-31",
        "MNTN_ID" : "441503901"
      },
      "geometry" : {
        "paths" : [
          [
            [
              201736.66959999967,
              417358.01070000231
            ],
            [
              201734.37009999994,
              417358.34869999997
            ],
            [
              201731.82890000101,
              417361.1630000025
            ],
            [
              201729.2042000005,
              417362.75699999928
            ],
            [
              201727.99450000003,
              417364.41009999998
            ],
            [
              201726.42140000407,
              417365.63519999944
            ],
            [
              201725.33180000074,
              417366.74430000223
            ],
            [
              201724.42020000331,
              417368.91290000267
            ],
            [
              201722.36670000106,
              417373.28710000031
            ],
            [
              201720.6594000021,
              417374.51920000464
            ],
            [
              201718.57560000196,
              417375.96020000055
            ],
            [
              201714.80999999959,
              417379.38430000097
            ],
            [
              201713.12760000303,
              417381.98059999943
            ],
            [
              201710.56050000153,
              417386.97670000046
            ],
            [
              201709.31450000405,
              417388.78100000136
            ],
            [
              201707.60690000188,
              417389.695600003
            ],
            [
              201702.472000001,
              417392.5241000019
            ],
            [
              201701.07519999985,
              417394.28860000148
            ],
            [
              201699.16359999962,
              417396.31670000218
            ],
            [
              201696.38050000183,
              417398.45650000125
            ],
            [
              201694.44890000019,
              417400.84479999915
            ],
            [
              201692.98029999994,
              417403.74220000207
            ],
            [
              201691.67740000412,
              417405.9205000028
            ],
            [
              201690.56599999964,
              417408.35129999928
            ],
            [
              201690.02710000146,
              417412.04230000079
            ],
            [
              201689.92600000091,
              417412.92720000446
            ],
            [
              201689.14310000371,
              417414.55700000376
            ],
            [
              201687.98160000145,
              417417.27410000004
            ],
            [
              201687.19550000038,
              417419.27190000005
            ],
            [
              201686.53170000296,
              417422.01220000163
            ],
            [
              201687.03730000183,
              417425.51559999958
            ],
            [
              201687.96500000171,
              417427.90320000052
            ],
            [
              201687.54800000042,
              417430.04979999922
            ],
            [
              201687.44090000074,
              417430.31070000306
            ],
            [
              201686.54069999978,
              417431.36080000177
            ],
            [
              201685.38379999995,
              417432.92500000261
            ],
            [
              201684.33400000073,
              417434.04700000212
            ],
            [
              201685.56400000397,
              417435.98480000347
            ],
            [
              201686.16949999984,
              417436.82169999927
            ],
            [
              201687.23520000186,
              417436.38759999909
            ],
            [
              201689.87720000278,
              417436.27140000276
            ],
            [
              201691.90070000105,
              417436.20260000415
            ],
            [
              201693.56970000267,
              417436.14240000211
            ],
            [
              201696.47279999964,
              417435.60900000297
            ],
            [
              201699.18310000096,
              417435.49250000156
            ],
            [
              201701.90520000178,
              417436.37740000151
            ],
            [
              201706.22060000151,
              417434.97780000046
            ],
            [
              201712.52219999954,
              417434.81010000221
            ],
            [
              201715.24120000284,
              417433.33800000139
            ],
            [
              201716.36830000207,
              417432.69440000132
            ],
            [
              201716.87940000091,
              417432.69610000215
            ],
            [
              201720.41100000031,
              417430.32180000283
            ],
            [
              201723.59550000355,
              417428.93979999982
            ],
            [
              201726.08459999971,
              417428.10270000435
            ],
            [
              201728.71670000255,
              417427.20660000294
            ],
            [
              201732.1949000014,
              417427.17170000449
            ],
            [
              201747.9616000019,
              417441.58379999921
            ],
            [
              201749.55159999989,
              417455.7153000012
            ],
            [
              201764.31270000152,
              417475.6155999992
            ],
            [
              201768.08980000112,
              417480.90560000017
            ],
            [
              201767.4317000024,
              417484.82790000178
            ],
            [
              201766.76770000067,
              417489.37609999999
            ],
            [
              201766.37970000226,
              417491.1361999996
            ],
            [
              201765.23970000073,
              417497.05240000039
            ],
            [
              201764.49820000306,
              417500.03460000455
            ],
            [
              201763.66739999875,
              417502.65070000105
            ],
            [
              201762.82890000101,
              417505.58060000092
            ],
            [
              201762.13080000039,
              417508.284500001
            ],
            [
              201761.20999999996,
              417510.69020000286
            ],
            [
              201760.55229999963,
              417512.40880000032
            ],
            [
              201759.82290000189,
              417515.71310000122
            ],
            [
              201759.04310000036,
              417517.92399999872
            ],
            [
              201758.06670000125,
              417519.82180000097
            ],
            [
              201757.05100000091,
              417522.0252000019
            ],
            [
              201756.05190000404,
              417524.62990000285
            ],
            [
              201755.83540000021,
              417526.46560000256
            ],
            [
              201754.99540000036,
              417529.36900000088
            ],
            [
              201754.08930000104,
              417536.44849999994
            ],
            [
              201753.83839999977,
              417545.15300000086
            ],
            [
              201753.16820000205,
              417554.62500000373
            ],
            [
              201752.95180000179,
              417561.38179999776
            ],
            [
              201753.11419999972,
              417563.79270000011
            ],
            [
              201752.93880000245,
              417565.89950000122
            ],
            [
              201753.71160000097,
              417568.2164000012
            ],
            [
              201754.44890000019,
              417571.14180000313
            ],
            [
              201754.39180000406,
              417573.38179999776
            ],
            [
              201755.52700000163,
              417576.92040000111
            ],
            [
              201755.17360000126,
              417580.77889999747
            ],
            [
              201755.71090000309,
              417582.16249999963
            ],
            [
              201757.43489999976,
              417585.9199000001
            ],
            [
              201758.00290000159,
              417593.54550000094
            ],
            [
              201757.95440000389,
              417595.42730000243
            ],
            [
              201757.72750000376,
              417598.28910000436
            ],
            [
              201757.61629999988,
              417601.87050000206
            ],
            [
              201756.8443,
              417605.85339999944
            ],
            [
              201753.45160000306,
              417611.5214000009
            ],
            [
              201750.39890000131,
              417615.00100000016
            ],
            [
              201740.47580000386,
              417628.5204000026
            ],
            [
              201737.87210000213,
              417631.44239999913
            ],
            [
              201729.21010000259,
              417639.13330000266
            ],
            [
              201722.39460000116,
              417643.44000000134
            ],
            [
              201718.65880000032,
              417646.27100000344
            ],
            [
              201714.97879999969,
              417647.30450000241
            ],
            [
              201710.9617000008,
              417648.61770000122
            ],
            [
              201706.81410000101,
              417649.38380000181
            ],
            [
              201703.19900000095,
              417650.35020000301
            ],
            [
              201699.96060000081,
              417650.89290000126
            ],
            [
              201696.90149999969,
              417652.77120000124
            ],
            [
              201691.60280000232,
              417655.78119999915
            ],
            [
              201690.00270000193,
              417658.51860000193
            ],
            [
              201687.99920000136,
              417665.05680000037
            ],
            [
              201687.6101000011,
              417668.62519999966
            ],
            [
              201687.61849999987,
              417670.86529999971
            ],
            [
              201688.39370000176,
              417682.52649999969
            ],
            [
              201688.66739999969,
              417687.04360000044
            ],
            [
              201688.13560000248,
              417691.74410000071
            ],
            [
              201686.0616000006,
              417695.34340000153
            ],
            [
              201684.58530000132,
              417698.77350000106
            ],
            [
              201683.0549000008,
              417702.40550000034
            ],
            [
              201681.28540000226,
              417706.33220000006
            ],
            [
              201680.16779999994,
              417710.99990000017
            ],
            [
              201678.69740000088,
              417712.70980000123
            ],
            [
              201677.07940000016,
              417716.68520000018
            ],
            [
              201675.1548000006,
              417720.31499999762
            ],
            [
              201673.36230000108,
              417727.42909999937
            ],
            [
              201672.49189999886,
              417731.39220000245
            ],
            [
              201670.9458000036,
              417735.23470000178
            ],
            [
              201670.1415000027,
              417740.12219999917
            ],
            [
              201668.48660000041,
              417744.23949999921
            ],
            [
              201665.94240000192,
              417748.91660000011
            ],
            [
              201663.50390000176,
              417752.53989999741
            ],
            [
              201661.43780000042,
              417761.02060000412
            ],
            [
              201661.07149999961,
              417763.73259999976
            ],
            [
              201660.6807000041,
              417766.60550000146
            ],
            [
              201660.52219999954,
              417771.14690000191
            ],
            [
              201660.99390000105,
              417775.92620000243
            ],
            [
              201660.28670000006,
              417779.12300000153
            ],
            [
              201659.63120000158,
              417787.04329999909
            ],
            [
              201659.87220000103,
              417792.30810000189
            ],
            [
              201662.05190000404,
              417797.50520000048
            ],
            [
              201663.99170000106,
              417800.84869999811
            ],
            [
              201665.16920000128,
              417805.2592999991
            ],
            [
              201665.31290000118,
              417811.36700000241
            ],
            [
              201665.56830000132,
              417817.04020000435
            ],
            [
              201667.25320000108,
              417821.73310000263
            ],
            [
              201669.37900000066,
              417826.32149999961
            ],
            [
              201672.38640000019,
              417830.2667999994
            ],
            [
              201676.63559999969,
              417832.6780999992
            ],
            [
              201680.34620000329,
              417837.45460000262
            ],
            [
              201680.70500000101,
              417843.1512000002
            ],
            [
              201680.62530000042,
              417848.81300000101
            ],
            [
              201680.63340000343,
              417854.33889999986
            ],
            [
              201680.40370000154,
              417860.06919999979
            ],
            [
              201679.37760000117,
              417865.65750000067
            ],
            [
              201677.78650000133,
              417871.1977000013
            ],
            [
              201675.54520000331,
              417876.40020000003
            ],
            [
              201673.69740000367,
              417881.85950000025
            ],
            [
              201673.31949999928,
              417887.28610000014
            ],
            [
              201673.15150000248,
              417892.35200000182
            ],
            [
              201674.17360000126,
              417898.76950000413
            ],
            [
              201674.72339999955,
              417904.84789999947
            ],
            [
              201674.6742000021,
              417910.30760000274
            ],
            [
              201675.66340000089,
              417915.91600000486
            ],
            [
              201678.16600000206,
              417920.65210000053
            ],
            [
              201682.46279999986,
              417921.06570000388
            ],
            [
              201678.33690000139,
              417922.47310000099
            ],
            [
              201672.28330000117,
              417924.10209999979
            ],
            [
              201666.56809999887,
              417924.74980000034
            ],
            [
              201662.37060000375,
              417923.62000000104
            ],
            [
              201662.05660000071,
              417923.53260000236
            ],
            [
              201660.95870000124,
              417923.21840000153
            ],
            [
              201659.46880000364,
              417922.96710000187
            ],
            [
              201655.04160000104,
              417921.54770000465
            ],
            [
              201650.10670000128,
              417919.08869999833
            ],
            [
              201645.18350000028,
              417916.33650000207
            ],
            [
              201644.30069999862,
              417916.30739999935
            ],
            [
              201641.46669999976,
              417914.71410000324
            ],
            [
              201638.47250000387,
              417912.80819999985
            ],
            [
              201633.28890000284,
              417910.60229999945
            ],
            [
              201628.13829999883,
              417907.49730000086
            ],
            [
              201622.55050000176,
              417904.84599999897
            ],
            [
              201617.49239999987,
              417902.74160000123
            ],
            [
              201612.52129999921,
              417899.65030000173
            ],
            [
              201607.41610000189,
              417897.2864000015
            ],
            [
              201601.91299999971,
              417894.68980000168
            ],
            [
              201596.24440000206,
              417893.13630000129
            ],
            [
              201590.7211000016,
              417892.42619999871
            ],
            [
              201584.93530000281,
              417892.10650000535
            ],
            [
              201579.29639999941,
              417892.67270000279
            ],
            [
              201574.13360000029,
              417893.21519999951
            ],
            [
              201569.10260000173,
              417893.49400000088
            ],
            [
              201564.07500000205,
              417894.63260000013
            ],
            [
              201558.74839999992,
              417895.65650000423
            ],
            [
              201553.30550000165,
              417896.59540000185
            ],
            [
              201547.63509999868,
              417897.19320000149
            ],
            [
              201542.30550000165,
              417898.24640000053
            ],
            [
              201536.87300000247,
              417899.03150000237
            ],
            [
              201531.35520000197,
              417900.5223999992
            ],
            [
              201525.57830000203,
              417901.9701000005
            ],
            [
              201519.79910000227,
              417902.9299999997
            ],
            [
              201514.04930000287,
              417903.98070000112
            ],
            [
              201508.14400000032,
              417904.21089999937
            ],
            [
              201502.18709999975,
              417905.27200000174
            ],
            [
              201496.31450000033,
              417906.0791000016
            ],
            [
              201490.45940000378,
              417905.4010000024
            ],
            [
              201485.12990000099,
              417902.9886000026
            ],
            [
              201480.19749999978,
              417899.63800000399
            ],
            [
              201475.51500000246,
              417895.90320000425
            ],
            [
              201471.04410000239,
              417891.74340000004
            ],
            [
              201466.89599999972,
              417887.15970000438
            ],
            [
              201462.4215000011,
              417882.86710000038
            ],
            [
              201457.66070000082,
              417879.60089999996
            ],
            [
              201452.36140000168,
              417878.41589999944
            ],
            [
              201446.62100000214,
              417878.52979999967
            ],
            [
              201440.8693000013,
              417879.29040000215
            ],
            [
              201435.28390000202,
              417880.72179999948
            ],
            [
              201429.61520000082,
              417881.72070000507
            ],
            [
              201423.62900000159,
              417882.76359999925
            ],
            [
              201417.4672000017,
              417883.45409999974
            ],
            [
              201411.49350000359,
              417882.91200000234
            ],
            [
              201405.57530000061,
              417881.8449000027
            ],
            [
              201399.81079999916,
              417880.30599999987
            ],
            [
              201394.08359999955,
              417878.02999999933
            ],
            [
              201388.44540000334,
              417875.56909999996
            ],
            [
              201383.19199999981,
              417873.01450000145
            ],
            [
              201378.61230000295,
              417870.07950000092
            ],
            [
              201375.14160000253,
              417865.4926999975
            ],
            [
              201374.89040000364,
              417864.98399999924
            ],
            [
              201374.38669999968,
              417864.70310000144
            ],
            [
              201374.18410000112,
              417864.24980000407
            ],
            [
              201371.32140000258,
              417860.15799999982
            ],
            [
              201367.86530000065,
              417854.68760000169
            ],
            [
              201364.22230000235,
              417849.94280000404
            ],
            [
              201360.50980000105,
              417845.38290000148
            ],
            [
              201356.1753000021,
              417840.87250000238
            ],
            [
              201351.45990000013,
              417836.53740000166
            ],
            [
              201347.02290000021,
              417832.55110000074
            ],
            [
              201342.38660000172,
              417828.63889999874
            ],
            [
              201338.22720000055,
              417824.24909999967
            ],
            [
              201333.70060000382,
              417819.8021000009
            ],
            [
              201329.47250000294,
              417815.63990000263
            ],
            [
              201325.12640000135,
              417811.16749999858
            ],
            [
              201320.65800000262,
              417807.63570000045
            ],
            [
              201315.8255000012,
              417804.31290000118
            ],
            [
              201310.20600000024,
              417802.12480000407
            ],
            [
              201304.69209999964,
              417800.53260000236
            ],
            [
              201298.54660000373,
              417800.54370000213
            ],
            [
              201292.87140000053,
              417800.41809999943
            ],
            [
              201286.96040000208,
              417800.41579999961
            ],
            [
              201281.11190000176,
              417800.79400000349
            ],
            [
              201275.42710000183,
              417800.87440000102
            ],
            [
              201269.46569999959,
              417800.49319999851
            ],
            [
              201263.22989999969,
              417799.97740000114
            ],
            [
              201257.37530000135,
              417799.05169999972
            ],
            [
              201251.51220000163,
              417797.47969999909
            ],
            [
              201245.77109999955,
              417795.65250000358
            ],
            [
              201239.89540000353,
              417793.64020000026
            ],
            [
              201234.35240000114,
              417791.48440000042
            ],
            [
              201228.96839999966,
              417789.19140000083
            ],
            [
              201223.23650000058,
              417786.99120000191
            ],
            [
              201217.86930000409,
              417783.80739999935
            ],
            [
              201212.58700000308,
              417781.34059999883
            ],
            [
              201207.28200000059,
              417778.12010000274
            ],
            [
              201202.06430000067,
              417774.81140000187
            ],
            [
              201197.11969999969,
              417771.42300000042
            ],
            [
              201192.12500000093,
              417768.4254999999
            ],
            [
              201187.20809999947,
              417764.84610000439
            ],
            [
              201182.47300000396,
              417761.255400002
            ],
            [
              201177.94859999977,
              417757.49080000445
            ],
            [
              201173.90680000279,
              417753.05450000241
            ],
            [
              201170.16320000216,
              417748.28580000252
            ],
            [
              201167.76320000086,
              417743.13770000264
            ],
            [
              201165.75829999987,
              417737.76700000092
            ],
            [
              201163.94890000112,
              417732.26480000094
            ],
            [
              201161.55670000054,
              417726.63929999992
            ],
            [
              201160.28850000072,
              417720.80509999767
            ],
            [
              201159.05360000115,
              417714.84810000286
            ],
            [
              201157.20109999925,
              417709.00170000084
            ],
            [
              201154.91980000399,
              417703.63120000064
            ],
            [
              201152.55580000207,
              417698.30800000206
            ],
            [
              201149.70669999998,
              417693.65139999799
            ],
            [
              201146.95370000135,
              417689.02570000105
            ],
            [
              201143.39470000286,
              417684.62580000237
            ],
            [
              201139.79480000213,
              417680.04210000299
            ],
            [
              201135.38620000053,
              417675.79519999959
            ],
            [
              201130.47589999996,
              417670.56379999965
            ],
            [
              201125.99920000136,
              417666.91620000079
            ],
            [
              201124.48780000117,
              417662.00880000181
            ],
            [
              201127.01929999981,
              417656.8048000019
            ],
            [
              201129.94270000048,
              417652.39050000347
            ],
            [
              201133.00070000067,
              417647.85760000162
            ],
            [
              201135.99680000078,
              417643.90530000068
            ],
            [
              201137.16050000302,
              417642.42109999992
            ],
            [
              201137.7555999998,
              417639.49389999732
            ],
            [
              201138.72079999931,
              417637.77660000138
            ],
            [
              201142.11280000117,
              417634.08369999938
            ],
            [
              201146.23920000158,
              417629.57450000383
            ],
            [
              201149.57550000306,
              417624.89360000193
            ],
            [
              201152.20860000327,
              417620.27120000124
            ],
            [
              201157.32220000029,
              417617.94560000673
            ],
            [
              201162.99380000122,
              417617.06680000201
            ],
            [
              201168.68940000143,
              417615.817900002
            ],
            [
              201173.3515000036,
              417613.68720000051
            ],
            [
              201177.78080000076,
              417610.18610000052
            ],
            [
              201182.21900000051,
              417606.58070000261
            ],
            [
              201184.98000000045,
              417602.76300000213
            ],
            [
              201185.93269999977,
              417597.96490000188
            ],
            [
              201187.2572000036,
              417592.1045999974
            ],
            [
              201187.3088999996,
              417586.90130000375
            ],
            [
              201189.22410000302,
              417582.4514000006
            ],
            [
              201192.36529999971,
              417579.33270000108
            ],
            [
              201196.20960000157,
              417576.88180000149
            ],
            [
              201200.97680000123,
              417576.15259999968
            ],
            [
              201203.76970000099,
              417573.89990000054
            ],
            [
              201204.53070000187,
              417573.18880000152
            ],
            [
              201207.21879999992,
              417575.50459999777
            ],
            [
              201211.02910000179,
              417578.95400000177
            ],
            [
              201215.12630000245,
              417581.04670000263
            ],
            [
              201218.61400000006,
              417582.99840000086
            ],
            [
              201221.91730000079,
              417582.02850000188
            ],
            [
              201224.58690000139,
              417581.65689999983
            ],
            [
              201227.45470000338,
              417581.32689999975
            ],
            [
              201229.9692000011,
              417579.47590000182
            ],
            [
              201233.5234000003,
              417576.91860000044
            ],
            [
              201236.33150000125,
              417576.68439999968
            ],
            [
              201238.72680000309,
              417577.34469999932
            ],
            [
              201241.67709999997,
              417577.6760000065
            ],
            [
              201245.17370000016,
              417578.88660000265
            ],
            [
              201248.2265000008,
              417578.66889999993
            ],
            [
              201250.64810000174,
              417579.14780000225
            ],
            [
              201255.09659999982,
              417579.6782000009
            ],
            [
              201261.97180000134,
              417581.47290000133
            ],
            [
              201264.70390000008,
              417582.70690000057
            ],
            [
              201267.36630000081,
              417584.85840000398
            ],
            [
              201269.99330000021,
              417584.68200000189
            ],
            [
              201272.31670000125,
              417581.50459999777
            ],
            [
              201274.62470000051,
              417581.43799999915
            ],
            [
              201281.39140000194,
              417580.38730000146
            ],
            [
              201284.25720000081,
              417582.7816000022
            ],
            [
              201288.46700000018,
              417584.60140000284
            ],
            [
              201292.9841,
              417585.78710000031
            ],
            [
              201298.22450000234,
              417586.93360000104
            ],
            [
              201301.96290000156,
              417588.09999999963
            ],
            [
              201303.87090000231,
              417592.14690000191
            ],
            [
              201303.96710000187,
              417597.37190000154
            ],
            [
              201307.36220000125,
              417599.40600000136
            ],
            [
              201310.34399999958,
              417598.2183000017
            ],
            [
              201313.74550000019,
              417596.16740000434
            ],
            [
              201316.9598000003,
              417594.59290000238
            ],
            [
              201320.22440000158,
              417594.3636000026
            ],
            [
              201321.55610000249,
              417592.15809999965
            ],
            [
              201323.45000000205,
              417590.0025000032
            ],
            [
              201324.40400000103,
              417587.01310000196
            ],
            [
              201329.2340000011,
              417580.41850000061
            ],
            [
              201331.14479999989,
              417580.10800000094
            ],
            [
              201332.44290000014,
              417581.45550000109
            ],
            [
              201335.29890000168,
              417579.93490000255
            ],
            [
              201336.54240000248,
              417579.50860000029
            ],
            [
              201338.29030000325,
              417579.30890000425
            ],
            [
              201339.9972000001,
              417579.71089999937
            ],
            [
              201341.79240000062,
              417579.50810000114
            ],
            [
              201343.26440000068,
              417578.51029999927
            ],
            [
              201344.86959999986,
              417578.503800001
            ],
            [
              201346.62009999994,
              417577.05570000224
            ],
            [
              201348.29370000213,
              417579.12199999951
            ],
            [
              201350.30710000079,
              417579.57959999889
            ],
            [
              201354.79440000374,
              417580.26459999941
            ],
            [
              201360.08960000053,
              417578.00530000031
            ],
            [
              201365.89750000276,
              417579.43260000087
            ],
            [
              201367.53330000117,
              417578.67850000039
            ],
            [
              201369.45210000128,
              417573.65110000223
            ],
            [
              201370.02259999886,
              417570.15249999985
            ],
            [
              201371.09240000043,
              417568.82330000214
            ],
            [
              201372.11250000354,
              417566.85890000127
            ],
            [
              201373.58050000016,
              417565.17909999937
            ],
            [
              201374.11039999966,
              417560.84620000236
            ],
            [
              201376.97700000089,
              417560.03460000455
            ],
            [
              201378.74550000019,
              417558.25400000252
            ],
            [
              201379.30820000079,
              417555.88060000166
            ],
            [
              201381.88499999885,
              417553.91640000232
            ],
            [
              201384.24010000098,
              417553.20920000225
            ],
            [
              201386.13250000309,
              417553.80510000139
            ],
            [
              201389.23890000023,
              417552.28700000234
            ],
            [
              201390.35340000037,
              417553.33270000108
            ],
            [
              201392.53920000046,
              417551.71880000271
            ],
            [
              201394.29060000367,
              417552.0613000039
            ],
            [
              201395.44260000158,
              417552.57120000012
            ],
            [
              201396.80020000041,
              417551.29849999957
            ],
            [
              201399.18150000367,
              417550.875
            ],
            [
              201399.88480000198,
              417549.32430000044
            ],
            [
              201399.8517000014,
              417546.85319999978
            ],
            [
              201401.50300000049,
              417543.94539999962
            ],
            [
              201402.12259999942,
              417542.8348000031
            ],
            [
              201403.97039999999,
              417541.88340000249
            ],
            [
              201405.58810000215,
              417539.93109999783
            ],
            [
              201407.81460000016,
              417540.1753000021
            ],
            [
              201409.91260000039,
              417539.66100000031
            ],
            [
              201411.22390000243,
              417537.1930999998
            ],
            [
              201412.95150000043,
              417538.71399999969
            ],
            [
              201415.6576000005,
              417540.14510000125
            ],
            [
              201417.64480000082,
              417540.10200000368
            ],
            [
              201418.99220000021,
              417541.14710000157
            ],
            [
              201422.49670000002,
              417542.74929999933
            ],
            [
              201424.63410000037,
              417543.46920000203
            ],
            [
              201426.67680000048,
              417546.01780000143
            ],
            [
              201428.82240000274,
              417544.54729999974
            ],
            [
              201430.85990000051,
              417542.51659999974
            ],
            [
              201432.40270000044,
              417540.09720000252
            ],
            [
              201434.05850000307,
              417537.74860000052
            ],
            [
              201435.52770000137,
              417535.79730000161
            ],
            [
              201437.56589999981,
              417535.44000000134
            ],
            [
              201438.91920000128,
              417533.5532000009
            ],
            [
              201440.53700000234,
              417531.72330000252
            ],
            [
              201442.4672000017,
              417529.00879999995
            ],
            [
              201444.21789999865,
              417524.59679999948
            ],
            [
              201445.7611999996,
              417522.79150000215
            ],
            [
              201447.87880000006,
              417520.68810000084
            ],
            [
              201449.15500000119,
              417517.62750000134
            ],
            [
              201450.14970000088,
              417517.18550000712
            ],
            [
              201452.00239999965,
              417514.89379999973
            ],
            [
              201450.85490000062,
              417509.65340000205
            ],
            [
              201452.05920000374,
              417507.02640000172
            ],
            [
              201453.03580000252,
              417504.76330000348
            ],
            [
              201455.7908000024,
              417501.76860000007
            ],
            [
              201457.74320000038,
              417500.58480000123
            ],
            [
              201458.17990000267,
              417498.04759999923
            ],
            [
              201460.30489999987,
              417497.47169999778
            ],
            [
              201461.9580000015,
              417494.11629999988
            ],
            [
              201464.39020000212,
              417495.0783000011
            ],
            [
              201468.22759999987,
              417495.33620000072
            ],
            [
              201470.22400000319,
              417494.71050000191
            ],
            [
              201473.73720000125,
              417494.32230000012
            ],
            [
              201476.56900000013,
              417493.73619999923
            ],
            [
              201478.83040000126,
              417493.88430000097
            ],
            [
              201480.83770000096,
              417495.12750000134
            ],
            [
              201483.25990000088,
              417494.22179999948
            ],
            [
              201485.64450000226,
              417495.41370000318
            ],
            [
              201486.69040000159,
              417494.06650000252
            ],
            [
              201488.63879999891,
              417489.59380000271
            ],
            [
              201491.01290000416,
              417488.37000000104
            ],
            [
              201496.01609999873,
              417489.8088000007
            ],
            [
              201497.84860000107,
              417488.32939999923
            ],
            [
              201499.96360000316,
              417488.0756000001
            ],
            [
              201501.5082000019,
              417486.83029999956
            ],
            [
              201503.76640000194,
              417486.35390000232
            ],
            [
              201506.28330000211,
              417485.83500000276
            ],
            [
              201508.72960000113,
              417486.01830000058
            ],
            [
              201510.45220000111,
              417484.8209999986
            ],
            [
              201513.19020000007,
              417484.12810000032
            ],
            [
              201515.91820000019,
              417483.63750000298
            ],
            [
              201518.7014000006,
              417483.60600000247
            ],
            [
              201521.24409999978,
              417482.85840000398
            ],
            [
              201524.29119999986,
              417480.84150000289
            ],
            [
              201527.00939999986,
              417479.73680000007
            ],
            [
              201529.32340000011,
              417480.83960000239
            ],
            [
              201532.04350000061,
              417479.7052000016
            ],
            [
              201531.90850000083,
              417476.48540000059
            ],
            [
              201532.18680000119,
              417476.6427999977
            ],
            [
              201535.93500000052,
              417474.01150000095
            ],
            [
              201538.01960000116,
              417471.00259999931
            ],
            [
              201537.48150000069,
              417468.09690000303
            ],
            [
              201537.95750000048,
              417463.64699999988
            ],
            [
              201540.86930000316,
              417462.04580000229
            ],
            [
              201544.38120000064,
              417459.5791000016
            ],
            [
              201544.92750000115,
              417457.67130000144
            ],
            [
              201545.29690000042,
              417456.21550000459
            ],
            [
              201546.34020000044,
              417456.38280000165
            ],
            [
              201555.20400000084,
              417442.12550000101
            ],
            [
              201555.10080000386,
              417442.15739999898
            ],
            [
              201555.81650000159,
              417438.95740000159
            ],
            [
              201556.42760000378,
              417437.18070000224
            ],
            [
              201559.63949999958,
              417436.25589999929
            ],
            [
              201561.43690000102,
              417436.48310000636
            ],
            [
              201564.27470000088,
              417437.38209999911
            ],
            [
              201568.13470000029,
              417438.13320000097
            ],
            [
              201571.91380000114,
              417437.61020000093
            ],
            [
              201574.34750000108,
              417437.56709999964
            ],
            [
              201577.24840000365,
              417436.36939999834
            ],
            [
              201580.33780000266,
              417435.52810000069
            ],
            [
              201581.79530000035,
              417434.01560000144
            ],
            [
              201583.62350000069,
              417432.30010000058
            ],
            [
              201585.85630000103,
              417429.7114000041
            ],
            [
              201585.32340000011,
              417429.18930000067
            ],
            [
              201584.85360000003,
              417427.82770000212
            ],
            [
              201586.63200000115,
              417422.99670000002
            ],
            [
              201584.05640000105,
              417421.35029999912
            ],
            [
              201586.44910000078,
              417418.37610000372
            ],
            [
              201588.39120000321,
              417415.23159999959
            ],
            [
              201589.5587000018,
              417413.11530000158
            ],
            [
              201591.07860000152,
              417410.46010000259
            ],
            [
              201594.32920000143,
              417410.4561999999
            ],
            [
              201595.9272999987,
              417404.86080000177
            ],
            [
              201597.94420000259,
              417400.72590000555
            ],
            [
              201599.82530000247,
              417397.21850000136
            ],
            [
              201602.62620000169,
              417394.95040000044
            ],
            [
              201605.789900003,
              417392.79470000044
            ],
            [
              201607.73200000171,
              417388.72980000265
            ],
            [
              201607.48350000009,
              417386.46330000088
            ],
            [
              201607.78030000068,
              417383.31060000136
            ],
            [
              201609.69740000181,
              417379.68979999982
            ],
            [
              201612.96810000204,
              417375.17700000294
            ],
            [
              201614.54179999977,
              417373.88150000013
            ],
            [
              201619.11649999861,
              417371.53810000047
            ],
            [
              201623.3375000013,
              417364.5933000017
            ],
            [
              201625.35560000129,
              417361.85930000059
            ],
            [
              201626.84399999958,
              417359.23980000429
            ],
            [
              201629.26480000373,
              417356.38690000214
            ],
            [
              201631.6557,
              417352.28500000015
            ],
            [
              201635.24650000129,
              417348.94590000063
            ],
            [
              201639.59070000332,
              417346.89470000379
            ],
            [
              201644.24030000251,
              417346.19610000215
            ],
            [
              201648.62469999958,
              417345.83999999985
            ],
            [
              201652.65000000224,
              417343.88969999924
            ],
            [
              201655.39919999987,
              417342.74660000019
            ],
            [
              201657.22750000283,
              417342.7547999993
            ],
            [
              201659.4057,
              417339.12240000069
            ],
            [
              201661.08530000038,
              417338.27340000123
            ],
            [
              201664.59339999966,
              417339.87779999897
            ],
            [
              201665.16150000039,
              417339.84300000034
            ],
            [
              201665.14439999964,
              417339.74050000124
            ],
            [
              201666.74390000012,
              417337.46770000271
            ],
            [
              201669.2200000016,
              417336.38450000063
            ],
            [
              201672.40910000354,
              417337.65190000273
            ],
            [
              201674.82910000067,
              417337.82899999991
            ],
            [
              201676.70540000033,
              417337.03240000643
            ],
            [
              201678.43650000077,
              417337.61930000409
            ],
            [
              201680.90160000138,
              417337.95480000414
            ],
            [
              201682.69089999888,
              417337.78720000014
            ],
            [
              201684.45110000018,
              417337.94470000081
            ],
            [
              201686.96400000248,
              417340.16430000216
            ],
            [
              201688.54590000398,
              417345.37500000186
            ],
            [
              201691.34110000264,
              417348.06829999946
            ],
            [
              201692.71750000399,
              417349.75789999962
            ],
            [
              201695.09179999959,
              417350.63709999993
            ],
            [
              201697.45889999997,
              417351.45930000208
            ],
            [
              201700.40300000086,
              417351.80070000142
            ],
            [
              201703.47589999996,
              417353.08029999956
            ],
            [
              201706.49280000199,
              417353.05590000004
            ],
            [
              201709.48340000119,
              417352.52870000154
            ],
            [
              201711.99450000282,
              417353.48710000142
            ],
            [
              201713.77180000022,
              417353.55810000189
            ],
            [
              201715.34140000306,
              417355.56450000033
            ],
            [
              201717.00030000415,
              417355.87670000456
            ],
            [
              201720.34050000086,
              417355.71440000273
            ],
            [
              201724.32169999927,
              417355.41479999758
            ],
            [
              201731.14980000071,
              417356.51800000481
            ],
            [
              201733.23900000006,
              417357.32660000026
            ],
            [
              201736.66959999967,
              417358.01070000231
            ]
          ]
        ]
      }
    },
    {
      "attributes" : {
        "FID" : 1,
        "PMNTN_SN" : 52574,
        "MNTN_CODE" : "441503901",
        "MNTN_NM" : "평안산",
        "PMNTN_NM" : "운곡리구간",
        "PMNTN_MAIN" : " ",
        "PMNTN_LT" : 0.55,
        "PMNTN_DFFL" : "쉬움",
        "PMNTN_UPPL" : 10,
        "PMNTN_GODN" : 7,
        "PMNTN_MTRQ" : " ",
        "PMNTN_CNRL" : " ",
        "PMNTN_CLS_" : " ",
        "PMNTN_RISK" : " ",
        "PMNTN_RECO" : " ",
        "DATA_STDR_" : "2016-12-31",
        "MNTN_ID" : "441503901"
      },
      "geometry" : {
        "paths" : [
          [
            [
              201736.66959999967,
              417358.01070000231
            ],
            [
              201743.14020000305,
              417357.66010000184
            ],
            [
              201747.09460000135,
              417357.05509999953
            ],
            [
              201755.24830000196,
              417355.7255000025
            ],
            [
              201762.11720000114,
              417354.45090000331
            ],
            [
              201765.5942000011,
              417355.39010000229
            ],
            [
              201768.51360000297,
              417356.91119999997
            ],
            [
              201771.10040000081,
              417359.40579999983
            ],
            [
              201773.84300000034,
              417359.58369999938
            ],
            [
              201776.39060000237,
              417359.18640000001
            ],
            [
              201778.61070000008,
              417359.75340000167
            ],
            [
              201785.89880000334,
              417358.85630000196
            ],
            [
              201788.31970000174,
              417357.02830000222
            ],
            [
              201790.95380000025,
              417354.40770000219
            ],
            [
              201792.91330000199,
              417353.47710000165
            ],
            [
              201796.95520000067,
              417355.68029999919
            ],
            [
              201799.07760000136,
              417355.00940000266
            ],
            [
              201801.08820000105,
              417351.76040000096
            ],
            [
              201802.41970000416,
              417350.20240000077
            ],
            [
              201804.96690000035,
              417348.6873000022
            ],
            [
              201806.3302000016,
              417347.04010000266
            ],
            [
              201808.48850000184,
              417345.35140000097
            ],
            [
              201810.3713999996,
              417344.85970000178
            ],
            [
              201813.18039999902,
              417342.84589999914
            ],
            [
              201817.65510000195,
              417341.40160000138
            ],
            [
              201821.57990000118,
              417339.43820000254
            ],
            [
              201823.38340000063,
              417337.90110000037
            ],
            [
              201827.33730000071,
              417338.6352000013
            ],
            [
              201833.55250000395,
              417339.7052000016
            ],
            [
              201839.3208000008,
              417340.28370000236
            ],
            [
              201842.38879999984,
              417342.42580000125
            ],
            [
              201845.73660000041,
              417343.20199999958
            ],
            [
              201848.78810000233,
              417342.33170000277
            ],
            [
              201851.32610000018,
              417342.92840000242
            ],
            [
              201859.9150000019,
              417342.87070000358
            ],
            [
              201862.32280000113,
              417341.42650000006
            ],
            [
              201863.65910000075,
              417341.74370000139
            ],
            [
              201865.13690000214,
              417341.71069999784
            ],
            [
              201867.70480000041,
              417340.97330000065
            ],
            [
              201871.24280000012,
              417341.38490000181
            ],
            [
              201874.15120000113,
              417342.57610000111
            ],
            [
              201877.16320000123,
              417343.21660000272
            ],
            [
              201880.16710000113,
              417343.40249999985
            ],
            [
              201882.84189999942,
              417342.90710000135
            ],
            [
              201885.03640000056,
              417344.70280000195
            ],
            [
              201887.07890000101,
              417344.50870000198
            ],
            [
              201887.57960000075,
              417345.28950000182
            ],
            [
              201890.16420000046,
              417344.45130000263
            ],
            [
              201893.74530000053,
              417342.67170000263
            ],
            [
              201894.77390000317,
              417340.28830000013
            ],
            [
              201897.83050000109,
              417339.28119999915
            ],
            [
              201901.4952000007,
              417336.98170000315
            ],
            [
              201904.81769999955,
              417336.06740000099
            ],
            [
              201908.79070000164,
              417335.80230000056
            ],
            [
              201913.93220000155,
              417336.37840000167
            ],
            [
              201918.22060000245,
              417335.17940000072
            ],
            [
              201922.1408000011,
              417334.21600000188
            ],
            [
              201924.96000000089,
              417334.99450000003
            ],
            [
              201927.43550000247,
              417335.60940000229
            ],
            [
              201930.31970000081,
              417335.11080000177
            ],
            [
              201932.34960000124,
              417335.69800000079
            ],
            [
              201934.66920000315,
              417334.73299999908
            ],
            [
              201936.23530000169,
              417334.19800000079
            ],
            [
              201938.23440000135,
              417334.78669999912
            ],
            [
              201940.60219999962,
              417335.55740000121
            ],
            [
              201943.00210000388,
              417337.5234999992
            ],
            [
              201945.22570000123,
              417339.35020000115
            ],
            [
              201945.68099999987,
              417342.0856999997
            ],
            [
              201947.65070000384,
              417343.92730000056
            ],
            [
              201948.7238000026,
              417346.38260000013
            ],
            [
              201950.63950000051,
              417347.86910000257
            ],
            [
              201951.35370000079,
              417349.07240000181
            ],
            [
              201953.30740000214,
              417349.88480000012
            ],
            [
              201953.44210000336,
              417352.92750000022
            ],
            [
              201953.56900000107,
              417355.61050000228
            ],
            [
              201952.37550000101,
              417359.01640000381
            ],
            [
              201949.23630000278,
              417361.09649999999
            ],
            [
              201946.32640000246,
              417363.01510000043
            ],
            [
              201943.33760000113,
              417364.77470000088
            ],
            [
              201940.24520000257,
              417366.54230000265
            ],
            [
              201937.45730000082,
              417368.89790000021
            ],
            [
              201934.23590000067,
              417370.83190000243
            ],
            [
              201930.44539999962,
              417373.39800000004
            ],
            [
              201927.57250000071,
              417375.67210000008
            ],
            [
              201924.97280000243,
              417379.19360000268
            ],
            [
              201921.82790000085,
              417382.34490000084
            ],
            [
              201918.4114000015,
              417384.18810000084
            ],
            [
              201915.6017000014,
              417385.27980000339
            ],
            [
              201912.40440000314,
              417386.17510000058
            ],
            [
              201908.81180000119,
              417387.46260000207
            ],
            [
              201905.83910000045,
              417388.53490000218
            ],
            [
              201902.42370000016,
              417390.52560000308
            ],
            [
              201896.67220000084,
              417392.85579999909
            ],
            [
              201892.89270000253,
              417395.10120000131
            ],
            [
              201887.19080000091,
              417399.96010000259
            ],
            [
              201884.94370000064,
              417400.66480000131
            ],
            [
              201882.34030000214,
              417402.86769999936
            ],
            [
              201879.27579999994,
              417406.47039999999
            ],
            [
              201871.55210000183,
              417412.27400000393
            ],
            [
              201864.37159999926,
              417413.69290000387
            ],
            [
              201858.91410000157,
              417414.96550000086
            ],
            [
              201854.25340000261,
              417416.80610000156
            ],
            [
              201852.36419999972,
              417419.40500000119
            ],
            [
              201851.05020000134,
              417422.43730000034
            ],
            [
              201849.36840000283,
              417424.82809999958
            ],
            [
              201847.57890000194,
              417426.5409000013
            ],
            [
              201845.2226000037,
              417427.52480000071
            ],
            [
              201843.67540000007,
              417428.72020000219
            ],
            [
              201840.86649999954,
              417430.00770000368
            ],
            [
              201838.36089999974,
              417432.28000000678
            ],
            [
              201835.6033000024,
              417433.1054999996
            ],
            [
              201833.24729999993,
              417433.70910000056
            ],
            [
              201830.72230000142,
              417434.24100000039
            ],
            [
              201827.80980000086,
              417434.76170000061
            ],
            [
              201824.67459999956,
              417434.05300000124
            ],
            [
              201821.55119999964,
              417434.9953000024
            ],
            [
              201821.62950000074,
              417438.28319999948
            ],
            [
              201820.9112999998,
              417441.74370000139
            ],
            [
              201818.7285000002,
              417443.81369999982
            ],
            [
              201815.38960000128,
              417443.50330000184
            ],
            [
              201811.69820000045,
              417443.04430000111
            ],
            [
              201808.09020000137,
              417441.51899999939
            ],
            [
              201804.82320000045,
              417441.08919999935
            ],
            [
              201802.81300000288,
              417440.34080000035
            ],
            [
              201800.51999999862,
              417439.66210000031
            ],
            [
              201800.25320000295,
              417435.88749999925
            ],
            [
              201799.0138000017,
              417432.17090000212
            ],
            [
              201795.04889999982,
              417430.10239999928
            ],
            [
              201792.03840000089,
              417429.07440000027
            ],
            [
              201788.8376999991,
              417427.5129000023
            ],
            [
              201786.43350000307,
              417425.14520000294
            ],
            [
              201784.691300001,
              417423.0735000018
            ],
            [
              201783.84610000346,
              417418.47959999926
            ],
            [
              201782.80850000121,
              417415.90010000207
            ],
            [
              201782.24990000017,
              417415.72990000248
            ],
            [
              201782.56209999975,
              417411.08270000108
            ],
            [
              201781.63890000153,
              417407.56519999914
            ],
            [
              201781.38950000051,
              417405.19569999911
            ],
            [
              201781.56590000074,
              417400.96340000071
            ],
            [
              201780.55069999862,
              417397.34390000068
            ],
            [
              201780.5195000032,
              417396.07430000231
            ],
            [
              201767.26099999994,
              417371.22599999979
            ],
            [
              201767.07600000035,
              417370.64550000243
            ],
            [
              201759.46669999976,
              417364.34510000236
            ],
            [
              201758.45840000175,
              417360.93450000137
            ],
            [
              201754.8208999997,
              417360.2265000008
            ],
            [
              201748.54520000331,
              417359.5938000083
            ],
            [
              201743.47030000295,
              417359.58339999989
            ],
            [
              201736.66959999967,
              417358.01070000231
            ]
          ]
        ]
      }
    }
  ]
}