{
  "displayFieldName" : "",
  "fieldAliases" : {
    "FID" : "FID",
    "PMNTN_SN" : "PMNTN_SN",
    "MNTN_CODE" : "MNTN_CODE",
    "MNTN_NM" : "MNTN_NM",
    "PMNTN_NM" : "PMNTN_NM",
    "PMNTN_MAIN" : "PMNTN_MAIN",
    "PMNTN_LT" : "PMNTN_LT",
    "PMNTN_DFFL" : "PMNTN_DFFL",
    "PMNTN_UPPL" : "PMNTN_UPPL",
    "PMNTN_GODN" : "PMNTN_GODN",
    "PMNTN_MTRQ" : "PMNTN_MTRQ",
    "PMNTN_CNRL" : "PMNTN_CNRL",
    "PMNTN_CLS_" : "PMNTN_CLS_",
    "PMNTN_RISK" : "PMNTN_RISK",
    "PMNTN_RECO" : "PMNTN_RECO",
    "DATA_STDR_" : "DATA_STDR_",
    "MNTN_ID" : "MNTN_ID"
  },
  "geometryType" : "esriGeometryPolyline",
  "spatialReference" : {
    "wkt" : "PROJCS[\"PCS_ITRF2000_TM\",GEOGCS[\"GCS_ITRF_2000\",DATUM[\"D_ITRF_2000\",SPHEROID[\"GRS_1980\",6378137.0,298.257222101]],PRIMEM[\"Greenwich\",0.0],UNIT[\"Degree\",0.0174532925199433]],PROJECTION[\"Transverse_Mercator\"],PARAMETER[\"False_Easting\",200000.0],PARAMETER[\"False_Northing\",600000.0],PARAMETER[\"Central_Meridian\",127.0],PARAMETER[\"Scale_Factor\",1.0],PARAMETER[\"Latitude_Of_Origin\",38.0],UNIT[\"Meter\",1.0]]"
  },
  "fields" : [
    {
      "name" : "FID",
      "type" : "esriFieldTypeOID",
      "alias" : "FID"
    },
    {
      "name" : "PMNTN_SN",
      "type" : "esriFieldTypeDouble",
      "alias" : "PMNTN_SN"
    },
    {
      "name" : "MNTN_CODE",
      "type" : "esriFieldTypeString",
      "alias" : "MNTN_CODE",
      "length" : 9
    },
    {
      "name" : "MNTN_NM",
      "type" : "esriFieldTypeString",
      "alias" : "MNTN_NM",
      "length" : 50
    },
    {
      "name" : "PMNTN_NM",
      "type" : "esriFieldTypeString",
      "alias" : "PMNTN_NM",
      "length" : 50
    },
    {
      "name" : "PMNTN_MAIN",
      "type" : "esriFieldTypeString",
      "alias" : "PMNTN_MAIN",
      "length" : 200
    },
    {
      "name" : "PMNTN_LT",
      "type" : "esriFieldTypeSingle",
      "alias" : "PMNTN_LT"
    },
    {
      "name" : "PMNTN_DFFL",
      "type" : "esriFieldTypeString",
      "alias" : "PMNTN_DFFL",
      "length" : 8
    },
    {
      "name" : "PMNTN_UPPL",
      "type" : "esriFieldTypeDouble",
      "alias" : "PMNTN_UPPL"
    },
    {
      "name" : "PMNTN_GODN",
      "type" : "esriFieldTypeDouble",
      "alias" : "PMNTN_GODN"
    },
    {
      "name" : "PMNTN_MTRQ",
      "type" : "esriFieldTypeString",
      "alias" : "PMNTN_MTRQ",
      "length" : 200
    },
    {
      "name" : "PMNTN_CNRL",
      "type" : "esriFieldTypeString",
      "alias" : "PMNTN_CNRL",
      "length" : 1
    },
    {
      "name" : "PMNTN_CLS_",
      "type" : "esriFieldTypeString",
      "alias" : "PMNTN_CLS_",
      "length" : 1
    },
    {
      "name" : "PMNTN_RISK",
      "type" : "esriFieldTypeString",
      "alias" : "PMNTN_RISK",
      "length" : 200
    },
    {
      "name" : "PMNTN_RECO",
      "type" : "esriFieldTypeString",
      "alias" : "PMNTN_RECO",
      "length" : 1
    },
    {
      "name" : "DATA_STDR_",
      "type" : "esriFieldTypeString",
      "alias" : "DATA_STDR_",
      "length" : 10
    },
    {
      "name" : "MNTN_ID",
      "type" : "esriFieldTypeString",
      "alias" : "MNTN_ID",
      "length" : 10
    }
  ],
  "features" : [
    {
      "attributes" : {
        "FID" : 0,
        "PMNTN_SN" : 4129,
        "MNTN_CODE" : "468702501",
        "MNTN_NM" : "관람산",
        "PMNTN_NM" : "연성리구간",
        "PMNTN_MAIN" : " ",
        "PMNTN_LT" : 0.47,
        "PMNTN_DFFL" : "쉬움",
        "PMNTN_UPPL" : 8,
        "PMNTN_GODN" : 6,
        "PMNTN_MTRQ" : " ",
        "PMNTN_CNRL" : " ",
        "PMNTN_CLS_" : " ",
        "PMNTN_RISK" : " ",
        "PMNTN_RECO" : " ",
        "DATA_STDR_" : "2016-12-31",
        "MNTN_ID" : "468702501"
      },
      "geometry" : {
        "paths" : [
          [
            [
              156418.80599999987,
              298416.25530000031
            ],
            [
              156416.01270000078,
              298421.60130000114
            ],
            [
              156410.37640000135,
              298426.11969999969
            ],
            [
              156402.45770000201,
              298429.14260000177
            ],
            [
              156391.68770000339,
              298431.36940000206
            ],
            [
              156387.40640000068,
              298432.15570000187
            ],
            [
              156375.13339999877,
              298435.04230000265
            ],
            [
              156369.75170000363,
              298434.85970000178
            ],
            [
              156360.87690000143,
              298436.32410000078
            ],
            [
              156357.60089999996,
              298435.65090000629
            ],
            [
              156357.12000000291,
              298435.908400001
            ],
            [
              156352.01610000245,
              298434.03590000235
            ],
            [
              156346.30160000268,
              298432.18340000324
            ],
            [
              156335.44990000129,
              298429.81829999946
            ],
            [
              156325.17050000001,
              298427.25580000132
            ],
            [
              156316.25140000135,
              298424.53989999928
            ],
            [
              156308.22970000003,
              298422.54580000043
            ],
            [
              156302.21679999959,
              298421.25550000183
            ],
            [
              156284.88430000376,
              298420.74220000021
            ],
            [
              156275.91700000223,
              298420.13550000079
            ],
            [
              156262.61199999973,
              298421.66220000386
            ],
            [
              156247.75239999965,
              298423.88289999962
            ],
            [
              156237.78390000388,
              298426.41379999928
            ],
            [
              156233.7006000001,
              298426.7444000002
            ],
            [
              156218.50440000184,
              298431.7666000016
            ],
            [
              156206.20980000217,
              298432.91379999928
            ],
            [
              156192.87660000287,
              298433.75530000031
            ],
            [
              156183.30559999961,
              298435.59930000268
            ],
            [
              156176.83890000079,
              298435.96370000206
            ],
            [
              156173.67370000109,
              298436.42200000212
            ],
            [
              156168.8431000011,
              298437.7929999996
            ],
            [
              156163.86720000114,
              298438.71969999932
            ],
            [
              156158.50540000107,
              298440.1165000014
            ],
            [
              156150.15420000162,
              298442.46880000085
            ],
            [
              156139.67349999957,
              298444.74699999951
            ],
            [
              156129.08999999892,
              298445.1259000022
            ],
            [
              156117.97989999969,
              298448.17750000209
            ],
            [
              156103.54810000397,
              298451.04399999976
            ],
            [
              156097.28780000284,
              298450.83040000126
            ],
            [
              156090.31780000031,
              298452.47320000082
            ],
            [
              156089.7089000009,
              298452.59820000082
            ],
            [
              156079.37569999974,
              298451.11759999953
            ],
            [
              156071.2053000005,
              298441.67120000161
            ],
            [
              156069.2734000003,
              298433.88940000162
            ],
            [
              156066.44440000132,
              298422.55250000395
            ],
            [
              156067.28870000131,
              298410.93510000221
            ],
            [
              156072.3935000021,
              298399.93720000051
            ],
            [
              156078.93070000224,
              298391.63959999941
            ],
            [
              156078.1670000013,
              298378.70660000108
            ],
            [
              156072.37660000008,
              298368.53850000352
            ],
            [
              156070.72740000114,
              298360.56930000149
            ],
            [
              156065.48380000144,
              298346.85930000246
            ]
          ]
        ]
      }
    },
    {
      "attributes" : {
        "FID" : 1,
        "PMNTN_SN" : 4130,
        "MNTN_CODE" : "468702501",
        "MNTN_NM" : "관람산",
        "PMNTN_NM" : "교촌리구간",
        "PMNTN_MAIN" : " ",
        "PMNTN_LT" : 0.24,
        "PMNTN_DFFL" : "쉬움",
        "PMNTN_UPPL" : 4,
        "PMNTN_GODN" : 3,
        "PMNTN_MTRQ" : " ",
        "PMNTN_CNRL" : " ",
        "PMNTN_CLS_" : " ",
        "PMNTN_RISK" : " ",
        "PMNTN_RECO" : " ",
        "DATA_STDR_" : "2016-12-31",
        "MNTN_ID" : "468702501"
      },
      "geometry" : {
        "paths" : [
          [
            [
              156065.48380000144,
              298346.85930000246
            ],
            [
              156058.70000000112,
              298333.05270000175
            ],
            [
              156060.82939999923,
              298324.03740000166
            ],
            [
              156064.64420000277,
              298315.00020000152
            ],
            [
              156070.16550000384,
              298303.93040000275
            ],
            [
              156075.41150000133,
              298290.62620000355
            ],
            [
              156075.32070000097,
              298282.06199999899
            ],
            [
              156077.85960000381,
              298274.3105999995
            ],
            [
              156077.88250000402,
              298265.71130000055
            ],
            [
              156074.70010000188,
              298250.98340000026
            ],
            [
              156075.57309999876,
              298242.65870000422
            ],
            [
              156075.79860000126,
              298236.44449999928
            ],
            [
              156075.3228000002,
              298232.47519999929
            ],
            [
              156071.87180000357,
              298228.49080000259
            ],
            [
              156070.90250000171,
              298224.02309999987
            ],
            [
              156074.92690000404,
              298212.63839999959
            ],
            [
              156080.53860000242,
              298201.39250000007
            ],
            [
              156077.00780000072,
              298193.31010000408
            ],
            [
              156072.8739999989,
              298185.15919999965
            ],
            [
              156067.67900000233,
              298174.91590000317
            ],
            [
              156057.37349999975,
              298153.54160000011
            ],
            [
              156048.75170000177,
              298140.46660000086
            ],
            [
              156038.67340000346,
              298125.18280000053
            ]
          ]
        ]
      }
    },
    {
      "attributes" : {
        "FID" : 2,
        "PMNTN_SN" : 4131,
        "MNTN_CODE" : "468702501",
        "MNTN_NM" : "관람산",
        "PMNTN_NM" : "무령리구간",
        "PMNTN_MAIN" : " ",
        "PMNTN_LT" : 0.44,
        "PMNTN_DFFL" : "쉬움",
        "PMNTN_UPPL" : 8,
        "PMNTN_GODN" : 5,
        "PMNTN_MTRQ" : " ",
        "PMNTN_CNRL" : " ",
        "PMNTN_CLS_" : " ",
        "PMNTN_RISK" : " ",
        "PMNTN_RECO" : " ",
        "DATA_STDR_" : "2016-12-31",
        "MNTN_ID" : "468702501"
      },
      "geometry" : {
        "paths" : [
          [
            [
              156065.48380000144,
              298346.85930000246
            ],
            [
              156056.69010000024,
              298343.92879999988
            ],
            [
              156049.09159999993,
              298341.70260000229
            ],
            [
              156044.83710000012,
              298342.37790000439
            ],
            [
              156042.38210000098,
              298342.66730000265
            ],
            [
              156039.04680000059,
              298341.56299999915
            ],
            [
              156030.82490000036,
              298342.0914000012
            ],
            [
              156024.5987999998,
              298341.43390000053
            ],
            [
              156013.6529000029,
              298341.18780000135
            ],
            [
              156006.46680000145,
              298343.29770000093
            ],
            [
              156000.99770000018,
              298343.03600000404
            ],
            [
              155992.09559999872,
              298344.00040000118
            ],
            [
              155982.76750000194,
              298345.28870000318
            ],
            [
              155975.45350000076,
              298347.29940000176
            ],
            [
              155962.79409999959,
              298353.8629999999
            ],
            [
              155953.04260000028,
              298359.72450000234
            ],
            [
              155945.72860000283,
              298365.42980000004
            ],
            [
              155936.14679999929,
              298370.63590000197
            ],
            [
              155926.79530000314,
              298376.42889999971
            ],
            [
              155912.13580000307,
              298385.12150000222
            ],
            [
              155898.05980000086,
              298386.65499999933
            ],
            [
              155895.76700000092,
              298386.6108000055
            ],
            [
              155885.31060000043,
              298384.1435000021
            ],
            [
              155867.05069999956,
              298378.47470000014
            ],
            [
              155863.98910000175,
              298377.50229999982
            ],
            [
              155860.74170000292,
              298381.31270000339
            ],
            [
              155860.397400002,
              298387.18370000087
            ],
            [
              155859.474700002,
              298391.95900000073
            ],
            [
              155855.59719999973,
              298400.44730000012
            ],
            [
              155845.18310000189,
              298397.33320000023
            ],
            [
              155839.25510000065,
              298393.40300000273
            ],
            [
              155830.3124000011,
              298394.17140000127
            ],
            [
              155825.30980000179,
              298389.93209999986
            ],
            [
              155813.6744000027,
              298392.41159999929
            ],
            [
              155800.24180000089,
              298396.26620000415
            ],
            [
              155791.29800000321,
              298401.70230000094
            ],
            [
              155780.06010000408,
              298406.82790000178
            ],
            [
              155771.46020000149,
              298405.78700000234
            ],
            [
              155761.32670000102,
              298408.65480000153
            ],
            [
              155752.12620000076,
              298412.82190000266
            ],
            [
              155743.48280000128,
              298420.77020000108
            ],
            [
              155736.01550000254,
              298428.91459999979
            ],
            [
              155735.63370000105,
              298440.57090000063
            ],
            [
              155739.16770000011,
              298451.61420000158
            ],
            [
              155735.08320000023,
              298456.13540000096
            ],
            [
              155726.88130000141,
              298465.70480000228
            ],
            [
              155726.06940000132,
              298472.06599999964
            ],
            [
              155721.56290000118,
              298490.15750000253
            ]
          ]
        ]
      }
    }
  ]
}