{
  "displayFieldName" : "",
  "fieldAliases" : {
    "FID" : "FID",
    "PMNTN_SPOT" : "PMNTN_SPOT",
    "MNTN_CODE" : "MNTN_CODE",
    "MANAGE_SP1" : "MANAGE_SP1",
    "MANAGE_SP2" : "MANAGE_SP2",
    "DETAIL_SPO" : "DETAIL_SPO",
    "ETC_MATTER" : "ETC_MATTER",
    "MNTN_NM" : "MNTN_NM",
    "PAST_SPOT_" : "PAST_SPOT_",
    "MNTN_ID" : "MNTN_ID"
  },
  "geometryType" : "esriGeometryPoint",
  "spatialReference" : {
    "wkt" : "PROJCS[\"PCS_ITRF2000_TM\",GEOGCS[\"GCS_ITRF_2000\",DATUM[\"D_ITRF_2000\",SPHEROID[\"GRS_1980\",6378137.0,298.257222101]],PRIMEM[\"Greenwich\",0.0],UNIT[\"Degree\",0.0174532925199433]],PROJECTION[\"Transverse_Mercator\"],PARAMETER[\"False_Easting\",200000.0],PARAMETER[\"False_Northing\",600000.0],PARAMETER[\"Central_Meridian\",127.0],PARAMETER[\"Scale_Factor\",1.0],PARAMETER[\"Latitude_Of_Origin\",38.0],UNIT[\"Meter\",1.0]]"
  },
  "fields" : [
    {
      "name" : "FID",
      "type" : "esriFieldTypeOID",
      "alias" : "FID"
    },
    {
      "name" : "PMNTN_SPOT",
      "type" : "esriFieldTypeDouble",
      "alias" : "PMNTN_SPOT"
    },
    {
      "name" : "MNTN_CODE",
      "type" : "esriFieldTypeString",
      "alias" : "MNTN_CODE",
      "length" : 9
    },
    {
      "name" : "MANAGE_SP1",
      "type" : "esriFieldTypeString",
      "alias" : "MANAGE_SP1",
      "length" : 2
    },
    {
      "name" : "MANAGE_SP2",
      "type" : "esriFieldTypeString",
      "alias" : "MANAGE_SP2",
      "length" : 50
    },
    {
      "name" : "DETAIL_SPO",
      "type" : "esriFieldTypeString",
      "alias" : "DETAIL_SPO",
      "length" : 200
    },
    {
      "name" : "ETC_MATTER",
      "type" : "esriFieldTypeString",
      "alias" : "ETC_MATTER",
      "length" : 200
    },
    {
      "name" : "MNTN_NM",
      "type" : "esriFieldTypeString",
      "alias" : "MNTN_NM",
      "length" : 50
    },
    {
      "name" : "PAST_SPOT_",
      "type" : "esriFieldTypeString",
      "alias" : "PAST_SPOT_",
      "length" : 14
    },
    {
      "name" : "MNTN_ID",
      "type" : "esriFieldTypeString",
      "alias" : "MNTN_ID",
      "length" : 10
    }
  ],
  "features" : [
    {
      "attributes" : {
        "FID" : 0,
        "PMNTN_SPOT" : 74274,
        "MNTN_CODE" : "414604501",
        "MANAGE_SP1" : "01",
        "MANAGE_SP2" : "시종점",
        "DETAIL_SPO" : "시종점",
        "ETC_MATTER" : " ",
        "MNTN_NM" : "은이산",
        "PAST_SPOT_" : "4146122010001",
        "MNTN_ID" : "414612201"
      },
      "geometry" : {
        "x" : 220374.368300003,
        "y" : 513548.44620000198
      }
    },
    {
      "attributes" : {
        "FID" : 1,
        "PMNTN_SPOT" : 74275,
        "MNTN_CODE" : "414604501",
        "MANAGE_SP1" : "01",
        "MANAGE_SP2" : "시종점",
        "DETAIL_SPO" : "시종점",
        "ETC_MATTER" : " ",
        "MNTN_NM" : "은이산",
        "PAST_SPOT_" : "4146122010002",
        "MNTN_ID" : "414612201"
      },
      "geometry" : {
        "x" : 220485.32620000187,
        "y" : 513564.52700000443
      }
    },
    {
      "attributes" : {
        "FID" : 2,
        "PMNTN_SPOT" : 74276,
        "MNTN_CODE" : "414604501",
        "MANAGE_SP1" : "02",
        "MANAGE_SP2" : "분기점",
        "DETAIL_SPO" : "분기점",
        "ETC_MATTER" : " ",
        "MNTN_NM" : "은이산",
        "PAST_SPOT_" : "4146122010003",
        "MNTN_ID" : "414612201"
      },
      "geometry" : {
        "x" : 220520.91350000259,
        "y" : 513805.92890000343
      }
    },
    {
      "attributes" : {
        "FID" : 3,
        "PMNTN_SPOT" : 74277,
        "MNTN_CODE" : "414604501",
        "MANAGE_SP1" : "02",
        "MANAGE_SP2" : "분기점",
        "DETAIL_SPO" : "분기점",
        "ETC_MATTER" : " ",
        "MNTN_NM" : "은이산",
        "PAST_SPOT_" : "4146122010004",
        "MNTN_ID" : "414612201"
      },
      "geometry" : {
        "x" : 220744.73170000222,
        "y" : 513930.5242999997
      }
    },
    {
      "attributes" : {
        "FID" : 4,
        "PMNTN_SPOT" : 74278,
        "MNTN_CODE" : "414604501",
        "MANAGE_SP1" : "01",
        "MANAGE_SP2" : "시종점",
        "DETAIL_SPO" : "시종점",
        "ETC_MATTER" : " ",
        "MNTN_NM" : "은이산",
        "PAST_SPOT_" : "4146122010005",
        "MNTN_ID" : "414612201"
      },
      "geometry" : {
        "x" : 221107.65560000017,
        "y" : 514328.36800000072
      }
    },
    {
      "attributes" : {
        "FID" : 5,
        "PMNTN_SPOT" : 74279,
        "MNTN_CODE" : "414604501",
        "MANAGE_SP1" : "01",
        "MANAGE_SP2" : "시종점",
        "DETAIL_SPO" : "시종점",
        "ETC_MATTER" : " ",
        "MNTN_NM" : "은이산",
        "PAST_SPOT_" : "4146122010006",
        "MNTN_ID" : "414612201"
      },
      "geometry" : {
        "x" : 221383.08700000215,
        "y" : 514200.63969999924
      }
    },
    {
      "attributes" : {
        "FID" : 6,
        "PMNTN_SPOT" : 74280,
        "MNTN_CODE" : "414604501",
        "MANAGE_SP1" : "01",
        "MANAGE_SP2" : "시종점",
        "DETAIL_SPO" : "시종점",
        "ETC_MATTER" : " ",
        "MNTN_NM" : "은이산",
        "PAST_SPOT_" : "4146122010007",
        "MNTN_ID" : "414612201"
      },
      "geometry" : {
        "x" : 221412.45580000151,
        "y" : 514245.08980000392
      }
    },
    {
      "attributes" : {
        "FID" : 7,
        "PMNTN_SPOT" : 74281,
        "MNTN_CODE" : "414604501",
        "MANAGE_SP1" : "02",
        "MANAGE_SP2" : "분기점",
        "DETAIL_SPO" : "분기점",
        "ETC_MATTER" : " ",
        "MNTN_NM" : "은이산",
        "PAST_SPOT_" : "4146122010008",
        "MNTN_ID" : "414612201"
      },
      "geometry" : {
        "x" : 221537.03140000068,
        "y" : 514245.31100000255
      }
    },
    {
      "attributes" : {
        "FID" : 8,
        "PMNTN_SPOT" : 74282,
        "MNTN_CODE" : "414604501",
        "MANAGE_SP1" : "02",
        "MANAGE_SP2" : "분기점",
        "DETAIL_SPO" : "분기점",
        "ETC_MATTER" : " ",
        "MNTN_NM" : "은이산",
        "PAST_SPOT_" : "4146122010009",
        "MNTN_ID" : "414612201"
      },
      "geometry" : {
        "x" : 221719.63769999892,
        "y" : 513221.944000002
      }
    },
    {
      "attributes" : {
        "FID" : 9,
        "PMNTN_SPOT" : 74283,
        "MNTN_CODE" : "414604501",
        "MANAGE_SP1" : "02",
        "MANAGE_SP2" : "분기점",
        "DETAIL_SPO" : "분기점",
        "ETC_MATTER" : " ",
        "MNTN_NM" : "은이산",
        "PAST_SPOT_" : "4146122010010",
        "MNTN_ID" : "414612201"
      },
      "geometry" : {
        "x" : 221855.3692000024,
        "y" : 512866.34329999983
      }
    },
    {
      "attributes" : {
        "FID" : 10,
        "PMNTN_SPOT" : 74284,
        "MNTN_CODE" : "414604501",
        "MANAGE_SP1" : "02",
        "MANAGE_SP2" : "분기점",
        "DETAIL_SPO" : "분기점",
        "ETC_MATTER" : " ",
        "MNTN_NM" : "은이산",
        "PAST_SPOT_" : "4146122010011",
        "MNTN_ID" : "414612201"
      },
      "geometry" : {
        "x" : 221901.31260000076,
        "y" : 513787.28580000065
      }
    },
    {
      "attributes" : {
        "FID" : 11,
        "PMNTN_SPOT" : 74285,
        "MNTN_CODE" : "414604501",
        "MANAGE_SP1" : "01",
        "MANAGE_SP2" : "시종점",
        "DETAIL_SPO" : "시종점",
        "ETC_MATTER" : " ",
        "MNTN_NM" : "은이산",
        "PAST_SPOT_" : "4146122010012",
        "MNTN_ID" : "414612201"
      },
      "geometry" : {
        "x" : 221961.99930000026,
        "y" : 512331.33990000002
      }
    },
    {
      "attributes" : {
        "FID" : 12,
        "PMNTN_SPOT" : 74286,
        "MNTN_CODE" : "414604501",
        "MANAGE_SP1" : "02",
        "MANAGE_SP2" : "분기점",
        "DETAIL_SPO" : "분기점",
        "ETC_MATTER" : " ",
        "MNTN_NM" : "은이산",
        "PAST_SPOT_" : "4146122010013",
        "MNTN_ID" : "414612201"
      },
      "geometry" : {
        "x" : 222045.35880000051,
        "y" : 512612.8433000017
      }
    },
    {
      "attributes" : {
        "FID" : 13,
        "PMNTN_SPOT" : 74287,
        "MNTN_CODE" : "414604501",
        "MANAGE_SP1" : "01",
        "MANAGE_SP2" : "시종점",
        "DETAIL_SPO" : "시종점",
        "ETC_MATTER" : " ",
        "MNTN_NM" : "은이산",
        "PAST_SPOT_" : "4146122010014",
        "MNTN_ID" : "414612201"
      },
      "geometry" : {
        "x" : 222068.88839999959,
        "y" : 514112.53330000117
      }
    },
    {
      "attributes" : {
        "FID" : 14,
        "PMNTN_SPOT" : 74288,
        "MNTN_CODE" : "414604501",
        "MANAGE_SP1" : "02",
        "MANAGE_SP2" : "분기점",
        "DETAIL_SPO" : "분기점",
        "ETC_MATTER" : " ",
        "MNTN_NM" : "은이산",
        "PAST_SPOT_" : "4146122010015",
        "MNTN_ID" : "414612201"
      },
      "geometry" : {
        "x" : 222486.11600000039,
        "y" : 512037.8208000008
      }
    },
    {
      "attributes" : {
        "FID" : 15,
        "PMNTN_SPOT" : 74289,
        "MNTN_CODE" : "414604501",
        "MANAGE_SP1" : "01",
        "MANAGE_SP2" : "시종점",
        "DETAIL_SPO" : "시종점",
        "ETC_MATTER" : " ",
        "MNTN_NM" : "은이산",
        "PAST_SPOT_" : "4146122010016",
        "MNTN_ID" : "414612201"
      },
      "geometry" : {
        "x" : 223213.69450000022,
        "y" : 511591.76889999956
      }
    },
    {
      "attributes" : {
        "FID" : 16,
        "PMNTN_SPOT" : 74290,
        "MNTN_CODE" : "414604501",
        "MANAGE_SP1" : "02",
        "MANAGE_SP2" : "분기점",
        "DETAIL_SPO" : "분기점",
        "ETC_MATTER" : " ",
        "MNTN_NM" : "은이산",
        "PAST_SPOT_" : "4146122010017",
        "MNTN_ID" : "414612201"
      },
      "geometry" : {
        "x" : 223873.00220000278,
        "y" : 512591.94799999893
      }
    },
    {
      "attributes" : {
        "FID" : 17,
        "PMNTN_SPOT" : 74291,
        "MNTN_CODE" : "414604501",
        "MANAGE_SP1" : "01",
        "MANAGE_SP2" : "시종점",
        "DETAIL_SPO" : "시종점",
        "ETC_MATTER" : " ",
        "MNTN_NM" : "은이산",
        "PAST_SPOT_" : "4146122010018",
        "MNTN_ID" : "414612201"
      },
      "geometry" : {
        "x" : 223929.97800000012,
        "y" : 514148.24609999917
      }
    },
    {
      "attributes" : {
        "FID" : 18,
        "PMNTN_SPOT" : 74292,
        "MNTN_CODE" : "414604501",
        "MANAGE_SP1" : "02",
        "MANAGE_SP2" : "분기점",
        "DETAIL_SPO" : "분기점",
        "ETC_MATTER" : " ",
        "MNTN_NM" : "은이산",
        "PAST_SPOT_" : "4146122010019",
        "MNTN_ID" : "414612201"
      },
      "geometry" : {
        "x" : 223979.38879999984,
        "y" : 512135.28160000034
      }
    },
    {
      "attributes" : {
        "FID" : 19,
        "PMNTN_SPOT" : 74293,
        "MNTN_CODE" : "414604501",
        "MANAGE_SP1" : "01",
        "MANAGE_SP2" : "시종점",
        "DETAIL_SPO" : "시종점",
        "ETC_MATTER" : " ",
        "MNTN_NM" : "은이산",
        "PAST_SPOT_" : "4146122010020",
        "MNTN_ID" : "414612201"
      },
      "geometry" : {
        "x" : 224127.63879999984,
        "y" : 510441.97660000063
      }
    },
    {
      "attributes" : {
        "FID" : 20,
        "PMNTN_SPOT" : 74294,
        "MNTN_CODE" : "414604501",
        "MANAGE_SP1" : "02",
        "MANAGE_SP2" : "분기점",
        "DETAIL_SPO" : "분기점",
        "ETC_MATTER" : " ",
        "MNTN_NM" : "은이산",
        "PAST_SPOT_" : "4146122010021",
        "MNTN_ID" : "414612201"
      },
      "geometry" : {
        "x" : 224566.33299999963,
        "y" : 510504.34280000068
      }
    },
    {
      "attributes" : {
        "FID" : 21,
        "PMNTN_SPOT" : 74295,
        "MNTN_CODE" : "414604501",
        "MANAGE_SP1" : "02",
        "MANAGE_SP2" : "분기점",
        "DETAIL_SPO" : "분기점",
        "ETC_MATTER" : " ",
        "MNTN_NM" : "은이산",
        "PAST_SPOT_" : "4146122010022",
        "MNTN_ID" : "414612201"
      },
      "geometry" : {
        "x" : 224610.99170000013,
        "y" : 510903.64870000258
      }
    },
    {
      "attributes" : {
        "FID" : 22,
        "PMNTN_SPOT" : 74296,
        "MNTN_CODE" : "414604501",
        "MANAGE_SP1" : "02",
        "MANAGE_SP2" : "분기점",
        "DETAIL_SPO" : "분기점",
        "ETC_MATTER" : " ",
        "MNTN_NM" : "은이산",
        "PAST_SPOT_" : "4146122010023",
        "MNTN_ID" : "414612201"
      },
      "geometry" : {
        "x" : 224616.54110000283,
        "y" : 510519.10599999875
      }
    },
    {
      "attributes" : {
        "FID" : 23,
        "PMNTN_SPOT" : 74297,
        "MNTN_CODE" : "414604501",
        "MANAGE_SP1" : "02",
        "MANAGE_SP2" : "분기점",
        "DETAIL_SPO" : "분기점",
        "ETC_MATTER" : " ",
        "MNTN_NM" : "은이산",
        "PAST_SPOT_" : "4146122010024",
        "MNTN_ID" : "414612201"
      },
      "geometry" : {
        "x" : 224649.79349999968,
        "y" : 511102.29380000196
      }
    },
    {
      "attributes" : {
        "FID" : 24,
        "PMNTN_SPOT" : 74298,
        "MNTN_CODE" : "414604501",
        "MANAGE_SP1" : "01",
        "MANAGE_SP2" : "시종점",
        "DETAIL_SPO" : "시종점",
        "ETC_MATTER" : " ",
        "MNTN_NM" : "은이산",
        "PAST_SPOT_" : "4146122010025",
        "MNTN_ID" : "414612201"
      },
      "geometry" : {
        "x" : 224717.34060000349,
        "y" : 511948.56220000051
      }
    },
    {
      "attributes" : {
        "FID" : 25,
        "PMNTN_SPOT" : 74299,
        "MNTN_CODE" : "414604501",
        "MANAGE_SP1" : "02",
        "MANAGE_SP2" : "분기점",
        "DETAIL_SPO" : "분기점",
        "ETC_MATTER" : " ",
        "MNTN_NM" : "은이산",
        "PAST_SPOT_" : "4146122010026",
        "MNTN_ID" : "414612201"
      },
      "geometry" : {
        "x" : 224902.09220000077,
        "y" : 511160.87390000001
      }
    },
    {
      "attributes" : {
        "FID" : 26,
        "PMNTN_SPOT" : 74300,
        "MNTN_CODE" : "414604501",
        "MANAGE_SP1" : "02",
        "MANAGE_SP2" : "분기점",
        "DETAIL_SPO" : "분기점",
        "ETC_MATTER" : " ",
        "MNTN_NM" : "은이산",
        "PAST_SPOT_" : "4146122010027",
        "MNTN_ID" : "414612201"
      },
      "geometry" : {
        "x" : 224907.04500000086,
        "y" : 511167.10720000044
      }
    },
    {
      "attributes" : {
        "FID" : 27,
        "PMNTN_SPOT" : 74301,
        "MNTN_CODE" : "414604501",
        "MANAGE_SP1" : "01",
        "MANAGE_SP2" : "시종점",
        "DETAIL_SPO" : "시종점",
        "ETC_MATTER" : " ",
        "MNTN_NM" : "은이산",
        "PAST_SPOT_" : "4146122010028",
        "MNTN_ID" : "414612201"
      },
      "geometry" : {
        "x" : 225177.2416000003,
        "y" : 509238.05800000019
      }
    },
    {
      "attributes" : {
        "FID" : 28,
        "PMNTN_SPOT" : 74302,
        "MNTN_CODE" : "414604501",
        "MANAGE_SP1" : "02",
        "MANAGE_SP2" : "분기점",
        "DETAIL_SPO" : "분기점",
        "ETC_MATTER" : " ",
        "MNTN_NM" : "은이산",
        "PAST_SPOT_" : "4146122010029",
        "MNTN_ID" : "414612201"
      },
      "geometry" : {
        "x" : 225180.09910000302,
        "y" : 509251.3805000037
      }
    },
    {
      "attributes" : {
        "FID" : 29,
        "PMNTN_SPOT" : 74303,
        "MNTN_CODE" : "414604501",
        "MANAGE_SP1" : "01",
        "MANAGE_SP2" : "시종점",
        "DETAIL_SPO" : "시종점",
        "ETC_MATTER" : " ",
        "MNTN_NM" : "은이산",
        "PAST_SPOT_" : "4146122010030",
        "MNTN_ID" : "414612201"
      },
      "geometry" : {
        "x" : 225201.47300000116,
        "y" : 509226.73939999938
      }
    },
    {
      "attributes" : {
        "FID" : 30,
        "PMNTN_SPOT" : 74304,
        "MNTN_CODE" : "414604501",
        "MANAGE_SP1" : "02",
        "MANAGE_SP2" : "분기점",
        "DETAIL_SPO" : "분기점",
        "ETC_MATTER" : " ",
        "MNTN_NM" : "은이산",
        "PAST_SPOT_" : "4146122010031",
        "MNTN_ID" : "414612201"
      },
      "geometry" : {
        "x" : 225290.65870000143,
        "y" : 509689.51090000011
      }
    },
    {
      "attributes" : {
        "FID" : 31,
        "PMNTN_SPOT" : 74305,
        "MNTN_CODE" : "414604501",
        "MANAGE_SP1" : "02",
        "MANAGE_SP2" : "분기점",
        "DETAIL_SPO" : "분기점",
        "ETC_MATTER" : " ",
        "MNTN_NM" : "은이산",
        "PAST_SPOT_" : "4146122010032",
        "MNTN_ID" : "414612201"
      },
      "geometry" : {
        "x" : 225372.36820000038,
        "y" : 511139.58620000072
      }
    },
    {
      "attributes" : {
        "FID" : 32,
        "PMNTN_SPOT" : 74306,
        "MNTN_CODE" : "414604501",
        "MANAGE_SP1" : "02",
        "MANAGE_SP2" : "분기점",
        "DETAIL_SPO" : "분기점",
        "ETC_MATTER" : " ",
        "MNTN_NM" : "은이산",
        "PAST_SPOT_" : "4146122010033",
        "MNTN_ID" : "414612201"
      },
      "geometry" : {
        "x" : 225389.11170000024,
        "y" : 511521.33230000176
      }
    },
    {
      "attributes" : {
        "FID" : 33,
        "PMNTN_SPOT" : 74307,
        "MNTN_CODE" : "414604501",
        "MANAGE_SP1" : "02",
        "MANAGE_SP2" : "분기점",
        "DETAIL_SPO" : "분기점",
        "ETC_MATTER" : " ",
        "MNTN_NM" : "은이산",
        "PAST_SPOT_" : "4146122010034",
        "MNTN_ID" : "414612201"
      },
      "geometry" : {
        "x" : 225441.37420000322,
        "y" : 511332.47460000031
      }
    },
    {
      "attributes" : {
        "FID" : 34,
        "PMNTN_SPOT" : 74308,
        "MNTN_CODE" : "414604501",
        "MANAGE_SP1" : "02",
        "MANAGE_SP2" : "분기점",
        "DETAIL_SPO" : "분기점",
        "ETC_MATTER" : " ",
        "MNTN_NM" : "은이산",
        "PAST_SPOT_" : "4146122010035",
        "MNTN_ID" : "414612201"
      },
      "geometry" : {
        "x" : 225924.72869999986,
        "y" : 511622.00789999962
      }
    },
    {
      "attributes" : {
        "FID" : 35,
        "PMNTN_SPOT" : 74309,
        "MNTN_CODE" : "414604501",
        "MANAGE_SP1" : "01",
        "MANAGE_SP2" : "시종점",
        "DETAIL_SPO" : "시종점",
        "ETC_MATTER" : " ",
        "MNTN_NM" : "은이산",
        "PAST_SPOT_" : "4146122010036",
        "MNTN_ID" : "414612201"
      },
      "geometry" : {
        "x" : 225992.18219999969,
        "y" : 509606.63049999997
      }
    },
    {
      "attributes" : {
        "FID" : 36,
        "PMNTN_SPOT" : 74310,
        "MNTN_CODE" : "414604501",
        "MANAGE_SP1" : "02",
        "MANAGE_SP2" : "분기점",
        "DETAIL_SPO" : "분기점",
        "ETC_MATTER" : " ",
        "MNTN_NM" : "은이산",
        "PAST_SPOT_" : "4146122010037",
        "MNTN_ID" : "414612201"
      },
      "geometry" : {
        "x" : 226067.42210000101,
        "y" : 511631.49350000173
      }
    },
    {
      "attributes" : {
        "FID" : 37,
        "PMNTN_SPOT" : 74311,
        "MNTN_CODE" : "414604501",
        "MANAGE_SP1" : "02",
        "MANAGE_SP2" : "분기점",
        "DETAIL_SPO" : "분기점",
        "ETC_MATTER" : " ",
        "MNTN_NM" : "은이산",
        "PAST_SPOT_" : "4146122010038",
        "MNTN_ID" : "414612201"
      },
      "geometry" : {
        "x" : 226069.28580000345,
        "y" : 511628.66960000433
      }
    },
    {
      "attributes" : {
        "FID" : 38,
        "PMNTN_SPOT" : 74312,
        "MNTN_CODE" : "414604501",
        "MANAGE_SP1" : "01",
        "MANAGE_SP2" : "시종점",
        "DETAIL_SPO" : "시종점",
        "ETC_MATTER" : " ",
        "MNTN_NM" : "은이산",
        "PAST_SPOT_" : "4146122010039",
        "MNTN_ID" : "414612201"
      },
      "geometry" : {
        "x" : 226227.68770000059,
        "y" : 514008.55349999852
      }
    },
    {
      "attributes" : {
        "FID" : 39,
        "PMNTN_SPOT" : 74313,
        "MNTN_CODE" : "414604501",
        "MANAGE_SP1" : "01",
        "MANAGE_SP2" : "시종점",
        "DETAIL_SPO" : "시종점",
        "ETC_MATTER" : " ",
        "MNTN_NM" : "은이산",
        "PAST_SPOT_" : "4146122010040",
        "MNTN_ID" : "414612201"
      },
      "geometry" : {
        "x" : 226230.56439999957,
        "y" : 513203.29790000059
      }
    },
    {
      "attributes" : {
        "FID" : 40,
        "PMNTN_SPOT" : 74314,
        "MNTN_CODE" : "414604501",
        "MANAGE_SP1" : "02",
        "MANAGE_SP2" : "분기점",
        "DETAIL_SPO" : "분기점",
        "ETC_MATTER" : " ",
        "MNTN_NM" : "은이산",
        "PAST_SPOT_" : "4146122010041",
        "MNTN_ID" : "414612201"
      },
      "geometry" : {
        "x" : 226288.26470000111,
        "y" : 511842.03420000151
      }
    },
    {
      "attributes" : {
        "FID" : 41,
        "PMNTN_SPOT" : 74315,
        "MNTN_CODE" : "414604501",
        "MANAGE_SP1" : "02",
        "MANAGE_SP2" : "분기점",
        "DETAIL_SPO" : "분기점",
        "ETC_MATTER" : " ",
        "MNTN_NM" : "은이산",
        "PAST_SPOT_" : "4146122010042",
        "MNTN_ID" : "414612201"
      },
      "geometry" : {
        "x" : 226508.55700000096,
        "y" : 511934.36840000004
      }
    },
    {
      "attributes" : {
        "FID" : 42,
        "PMNTN_SPOT" : 74316,
        "MNTN_CODE" : "414604501",
        "MANAGE_SP1" : "01",
        "MANAGE_SP2" : "시종점",
        "DETAIL_SPO" : "시종점",
        "ETC_MATTER" : " ",
        "MNTN_NM" : "은이산",
        "PAST_SPOT_" : "4146122010043",
        "MNTN_ID" : "414612201"
      },
      "geometry" : {
        "x" : 226622.03219999932,
        "y" : 511029.58950000256
      }
    },
    {
      "attributes" : {
        "FID" : 43,
        "PMNTN_SPOT" : 74317,
        "MNTN_CODE" : "414604501",
        "MANAGE_SP1" : "02",
        "MANAGE_SP2" : "분기점",
        "DETAIL_SPO" : "분기점",
        "ETC_MATTER" : " ",
        "MNTN_NM" : "은이산",
        "PAST_SPOT_" : "4146122010044",
        "MNTN_ID" : "414612201"
      },
      "geometry" : {
        "x" : 226823.95559999906,
        "y" : 512348.03050000034
      }
    },
    {
      "attributes" : {
        "FID" : 44,
        "PMNTN_SPOT" : 74318,
        "MNTN_CODE" : "414604501",
        "MANAGE_SP1" : "02",
        "MANAGE_SP2" : "분기점",
        "DETAIL_SPO" : "분기점",
        "ETC_MATTER" : " ",
        "MNTN_NM" : "은이산",
        "PAST_SPOT_" : "4146122010045",
        "MNTN_ID" : "414612201"
      },
      "geometry" : {
        "x" : 226826.71920000203,
        "y" : 513412.71120000072
      }
    },
    {
      "attributes" : {
        "FID" : 45,
        "PMNTN_SPOT" : 74319,
        "MNTN_CODE" : "414604501",
        "MANAGE_SP1" : "02",
        "MANAGE_SP2" : "분기점",
        "DETAIL_SPO" : "분기점",
        "ETC_MATTER" : " ",
        "MNTN_NM" : "은이산",
        "PAST_SPOT_" : "4146122010046",
        "MNTN_ID" : "414612201"
      },
      "geometry" : {
        "x" : 226908.28830000386,
        "y" : 512500.06690000184
      }
    },
    {
      "attributes" : {
        "FID" : 46,
        "PMNTN_SPOT" : 74320,
        "MNTN_CODE" : "414604501",
        "MANAGE_SP1" : "01",
        "MANAGE_SP2" : "시종점",
        "DETAIL_SPO" : "시종점",
        "ETC_MATTER" : " ",
        "MNTN_NM" : "은이산",
        "PAST_SPOT_" : "4146122010047",
        "MNTN_ID" : "414612201"
      },
      "geometry" : {
        "x" : 226970.05310000107,
        "y" : 511100.85660000332
      }
    },
    {
      "attributes" : {
        "FID" : 47,
        "PMNTN_SPOT" : 74321,
        "MNTN_CODE" : "414604501",
        "MANAGE_SP1" : "02",
        "MANAGE_SP2" : "분기점",
        "DETAIL_SPO" : "분기점",
        "ETC_MATTER" : " ",
        "MNTN_NM" : "은이산",
        "PAST_SPOT_" : "4146122010048",
        "MNTN_ID" : "414612201"
      },
      "geometry" : {
        "x" : 227081.70480000321,
        "y" : 512514.32030000165
      }
    },
    {
      "attributes" : {
        "FID" : 48,
        "PMNTN_SPOT" : 74322,
        "MNTN_CODE" : "414604501",
        "MANAGE_SP1" : "01",
        "MANAGE_SP2" : "시종점",
        "DETAIL_SPO" : "시종점",
        "ETC_MATTER" : " ",
        "MNTN_NM" : "은이산",
        "PAST_SPOT_" : "4146122010049",
        "MNTN_ID" : "414612201"
      },
      "geometry" : {
        "x" : 227307.38390000071,
        "y" : 513450.29470000044
      }
    },
    {
      "attributes" : {
        "FID" : 49,
        "PMNTN_SPOT" : 74323,
        "MNTN_CODE" : "414604501",
        "MANAGE_SP1" : "01",
        "MANAGE_SP2" : "시종점",
        "DETAIL_SPO" : "시종점",
        "ETC_MATTER" : " ",
        "MNTN_NM" : "은이산",
        "PAST_SPOT_" : "4146122010050",
        "MNTN_ID" : "414612201"
      },
      "geometry" : {
        "x" : 227354.89529999997,
        "y" : 511517.76899999939
      }
    },
    {
      "attributes" : {
        "FID" : 50,
        "PMNTN_SPOT" : 74324,
        "MNTN_CODE" : "414604501",
        "MANAGE_SP1" : "02",
        "MANAGE_SP2" : "분기점",
        "DETAIL_SPO" : "분기점",
        "ETC_MATTER" : " ",
        "MNTN_NM" : "은이산",
        "PAST_SPOT_" : "4146122010051",
        "MNTN_ID" : "414612201"
      },
      "geometry" : {
        "x" : 227534.2508000033,
        "y" : 512443.05330000445
      }
    },
    {
      "attributes" : {
        "FID" : 51,
        "PMNTN_SPOT" : 74325,
        "MNTN_CODE" : "414604501",
        "MANAGE_SP1" : "01",
        "MANAGE_SP2" : "시종점",
        "DETAIL_SPO" : "시종점",
        "ETC_MATTER" : " ",
        "MNTN_NM" : "은이산",
        "PAST_SPOT_" : "4146122010052",
        "MNTN_ID" : "414612201"
      },
      "geometry" : {
        "x" : 227610.08080000151,
        "y" : 511926.30399999954
      }
    },
    {
      "attributes" : {
        "FID" : 52,
        "PMNTN_SPOT" : 74326,
        "MNTN_CODE" : "414604501",
        "MANAGE_SP1" : "02",
        "MANAGE_SP2" : "분기점",
        "DETAIL_SPO" : "분기점",
        "ETC_MATTER" : " ",
        "MNTN_NM" : "은이산",
        "PAST_SPOT_" : "4146122010053",
        "MNTN_ID" : "414612201"
      },
      "geometry" : {
        "x" : 227694.4942000024,
        "y" : 512634.76649999991
      }
    },
    {
      "attributes" : {
        "FID" : 53,
        "PMNTN_SPOT" : 74327,
        "MNTN_CODE" : "414604501",
        "MANAGE_SP1" : "02",
        "MANAGE_SP2" : "분기점",
        "DETAIL_SPO" : "분기점",
        "ETC_MATTER" : " ",
        "MNTN_NM" : "은이산",
        "PAST_SPOT_" : "4146122010054",
        "MNTN_ID" : "414612201"
      },
      "geometry" : {
        "x" : 227694.54679999966,
        "y" : 512640.7993999999
      }
    },
    {
      "attributes" : {
        "FID" : 54,
        "PMNTN_SPOT" : 74328,
        "MNTN_CODE" : "414604501",
        "MANAGE_SP1" : "02",
        "MANAGE_SP2" : "분기점",
        "DETAIL_SPO" : "분기점",
        "ETC_MATTER" : " ",
        "MNTN_NM" : "은이산",
        "PAST_SPOT_" : "4146122010055",
        "MNTN_ID" : "414612201"
      },
      "geometry" : {
        "x" : 227708.7154000029,
        "y" : 512600.75240000151
      }
    },
    {
      "attributes" : {
        "FID" : 55,
        "PMNTN_SPOT" : 74329,
        "MNTN_CODE" : "414604501",
        "MANAGE_SP1" : "02",
        "MANAGE_SP2" : "분기점",
        "DETAIL_SPO" : "분기점",
        "ETC_MATTER" : " ",
        "MNTN_NM" : "은이산",
        "PAST_SPOT_" : "4146122010056",
        "MNTN_ID" : "414612201"
      },
      "geometry" : {
        "x" : 227734.54190000053,
        "y" : 512501.99480000138
      }
    },
    {
      "attributes" : {
        "FID" : 56,
        "PMNTN_SPOT" : 74330,
        "MNTN_CODE" : "414604501",
        "MANAGE_SP1" : "01",
        "MANAGE_SP2" : "시종점",
        "DETAIL_SPO" : "시종점",
        "ETC_MATTER" : " ",
        "MNTN_NM" : "은이산",
        "PAST_SPOT_" : "4146122010057",
        "MNTN_ID" : "414612201"
      },
      "geometry" : {
        "x" : 227739.73759999964,
        "y" : 512912.22820000164
      }
    },
    {
      "attributes" : {
        "FID" : 57,
        "PMNTN_SPOT" : 74331,
        "MNTN_CODE" : "414604501",
        "MANAGE_SP1" : "02",
        "MANAGE_SP2" : "분기점",
        "DETAIL_SPO" : "분기점",
        "ETC_MATTER" : " ",
        "MNTN_NM" : "은이산",
        "PAST_SPOT_" : "4146122010058",
        "MNTN_ID" : "414612201"
      },
      "geometry" : {
        "x" : 227750.55780000053,
        "y" : 512509.33240000159
      }
    },
    {
      "attributes" : {
        "FID" : 58,
        "PMNTN_SPOT" : 74332,
        "MNTN_CODE" : "414604501",
        "MANAGE_SP1" : "02",
        "MANAGE_SP2" : "분기점",
        "DETAIL_SPO" : "분기점",
        "ETC_MATTER" : " ",
        "MNTN_NM" : "은이산",
        "PAST_SPOT_" : "4146122010059",
        "MNTN_ID" : "414612201"
      },
      "geometry" : {
        "x" : 227844.26260000002,
        "y" : 512584.39960000105
      }
    },
    {
      "attributes" : {
        "FID" : 59,
        "PMNTN_SPOT" : 74333,
        "MNTN_CODE" : "414604501",
        "MANAGE_SP1" : "01",
        "MANAGE_SP2" : "시종점",
        "DETAIL_SPO" : "시종점",
        "ETC_MATTER" : " ",
        "MNTN_NM" : "은이산",
        "PAST_SPOT_" : "4146122010060",
        "MNTN_ID" : "414612201"
      },
      "geometry" : {
        "x" : 227923.84420000296,
        "y" : 512261.32220000029
      }
    },
    {
      "attributes" : {
        "FID" : 60,
        "PMNTN_SPOT" : 74334,
        "MNTN_CODE" : "414604501",
        "MANAGE_SP1" : "01",
        "MANAGE_SP2" : "시종점",
        "DETAIL_SPO" : "시종점",
        "ETC_MATTER" : " ",
        "MNTN_NM" : "은이산",
        "PAST_SPOT_" : "4146122010061",
        "MNTN_ID" : "414612201"
      },
      "geometry" : {
        "x" : 227998.67460000049,
        "y" : 512869.46800000221
      }
    },
    {
      "attributes" : {
        "FID" : 61,
        "PMNTN_SPOT" : 74335,
        "MNTN_CODE" : "414604501",
        "MANAGE_SP1" : "02",
        "MANAGE_SP2" : "분기점",
        "DETAIL_SPO" : "분기점",
        "ETC_MATTER" : " ",
        "MNTN_NM" : "은이산",
        "PAST_SPOT_" : "4146122010062",
        "MNTN_ID" : "414612201"
      },
      "geometry" : {
        "x" : 228003.42580000125,
        "y" : 512814.82990000211
      }
    }
  ]
}