{
  "displayFieldName" : "",
  "fieldAliases" : {
    "FID" : "FID",
    "PMNTN_SPOT" : "PMNTN_SPOT",
    "MNTN_CODE" : "MNTN_CODE",
    "MANAGE_SP1" : "MANAGE_SP1",
    "MANAGE_SP2" : "MANAGE_SP2",
    "DETAIL_SPO" : "DETAIL_SPO",
    "ETC_MATTER" : "ETC_MATTER",
    "MNTN_NM" : "MNTN_NM",
    "PAST_SPOT_" : "PAST_SPOT_",
    "MNTN_ID" : "MNTN_ID"
  },
  "geometryType" : "esriGeometryPoint",
  "spatialReference" : {
    "wkt" : "PROJCS[\"PCS_ITRF2000_TM\",GEOGCS[\"GCS_ITRF_2000\",DATUM[\"D_ITRF_2000\",SPHEROID[\"GRS_1980\",6378137.0,298.257222101]],PRIMEM[\"Greenwich\",0.0],UNIT[\"Degree\",0.0174532925199433]],PROJECTION[\"Transverse_Mercator\"],PARAMETER[\"False_Easting\",200000.0],PARAMETER[\"False_Northing\",600000.0],PARAMETER[\"Central_Meridian\",127.0],PARAMETER[\"Scale_Factor\",1.0],PARAMETER[\"Latitude_Of_Origin\",38.0],UNIT[\"Meter\",1.0]]"
  },
  "fields" : [
    {
      "name" : "FID",
      "type" : "esriFieldTypeOID",
      "alias" : "FID"
    },
    {
      "name" : "PMNTN_SPOT",
      "type" : "esriFieldTypeDouble",
      "alias" : "PMNTN_SPOT"
    },
    {
      "name" : "MNTN_CODE",
      "type" : "esriFieldTypeString",
      "alias" : "MNTN_CODE",
      "length" : 9
    },
    {
      "name" : "MANAGE_SP1",
      "type" : "esriFieldTypeString",
      "alias" : "MANAGE_SP1",
      "length" : 2
    },
    {
      "name" : "MANAGE_SP2",
      "type" : "esriFieldTypeString",
      "alias" : "MANAGE_SP2",
      "length" : 50
    },
    {
      "name" : "DETAIL_SPO",
      "type" : "esriFieldTypeString",
      "alias" : "DETAIL_SPO",
      "length" : 200
    },
    {
      "name" : "ETC_MATTER",
      "type" : "esriFieldTypeString",
      "alias" : "ETC_MATTER",
      "length" : 200
    },
    {
      "name" : "MNTN_NM",
      "type" : "esriFieldTypeString",
      "alias" : "MNTN_NM",
      "length" : 50
    },
    {
      "name" : "PAST_SPOT_",
      "type" : "esriFieldTypeString",
      "alias" : "PAST_SPOT_",
      "length" : 14
    },
    {
      "name" : "MNTN_ID",
      "type" : "esriFieldTypeString",
      "alias" : "MNTN_ID",
      "length" : 10
    }
  ],
  "features" : [
    {
      "attributes" : {
        "FID" : 0,
        "PMNTN_SPOT" : 69674,
        "MNTN_CODE" : "418303201",
        "MANAGE_SP1" : "99",
        "MANAGE_SP2" : "기타",
        "DETAIL_SPO" : "기타(벙커)",
        "ETC_MATTER" : " ",
        "MNTN_NM" : "우두산",
        "PAST_SPOT_" : "21301331000001",
        "MNTN_ID" : "2130133100"
      },
      "geometry" : {
        "x" : 257730.43620000035,
        "y" : 532300.81430000067
      }
    },
    {
      "attributes" : {
        "FID" : 1,
        "PMNTN_SPOT" : 69675,
        "MNTN_CODE" : "418303201",
        "MANAGE_SP1" : "99",
        "MANAGE_SP2" : "기타",
        "DETAIL_SPO" : "기타(벙커)",
        "ETC_MATTER" : " ",
        "MNTN_NM" : "우두산",
        "PAST_SPOT_" : "21301331000002",
        "MNTN_ID" : "2130133100"
      },
      "geometry" : {
        "x" : 257624.68599999975,
        "y" : 532342.79590000026
      }
    },
    {
      "attributes" : {
        "FID" : 2,
        "PMNTN_SPOT" : 69676,
        "MNTN_CODE" : "418303201",
        "MANAGE_SP1" : "99",
        "MANAGE_SP2" : "기타",
        "DETAIL_SPO" : "기타(벙커)",
        "ETC_MATTER" : " ",
        "MNTN_NM" : "우두산",
        "PAST_SPOT_" : "21301331000003",
        "MNTN_ID" : "2130133100"
      },
      "geometry" : {
        "x" : 257589.13570000324,
        "y" : 532332.66190000065
      }
    },
    {
      "attributes" : {
        "FID" : 3,
        "PMNTN_SPOT" : 69677,
        "MNTN_CODE" : "418303201",
        "MANAGE_SP1" : "99",
        "MANAGE_SP2" : "기타",
        "DETAIL_SPO" : "기타(벙커)",
        "ETC_MATTER" : " ",
        "MNTN_NM" : "우두산",
        "PAST_SPOT_" : "21301331000004",
        "MNTN_ID" : "2130133100"
      },
      "geometry" : {
        "x" : 257533.61080000084,
        "y" : 532319.17200000212
      }
    },
    {
      "attributes" : {
        "FID" : 4,
        "PMNTN_SPOT" : 69678,
        "MNTN_CODE" : "418303201",
        "MANAGE_SP1" : "99",
        "MANAGE_SP2" : "기타",
        "DETAIL_SPO" : "기타(묘지)",
        "ETC_MATTER" : " ",
        "MNTN_NM" : "우두산",
        "PAST_SPOT_" : "21301331000005",
        "MNTN_ID" : "2130133100"
      },
      "geometry" : {
        "x" : 257320.96280000359,
        "y" : 532819.68970000185
      }
    },
    {
      "attributes" : {
        "FID" : 5,
        "PMNTN_SPOT" : 69679,
        "MNTN_CODE" : "418303201",
        "MANAGE_SP1" : "99",
        "MANAGE_SP2" : "기타",
        "DETAIL_SPO" : "기타(묘지)",
        "ETC_MATTER" : " ",
        "MNTN_NM" : "우두산",
        "PAST_SPOT_" : "21301331000006",
        "MNTN_ID" : "2130133100"
      },
      "geometry" : {
        "x" : 257285.61020000093,
        "y" : 532876.68680000305
      }
    },
    {
      "attributes" : {
        "FID" : 6,
        "PMNTN_SPOT" : 69680,
        "MNTN_CODE" : "418303201",
        "MANAGE_SP1" : "99",
        "MANAGE_SP2" : "기타",
        "DETAIL_SPO" : "철탑",
        "ETC_MATTER" : " ",
        "MNTN_NM" : "우두산",
        "PAST_SPOT_" : "21301331000007",
        "MNTN_ID" : "2130133100"
      },
      "geometry" : {
        "x" : 257412.53959999979,
        "y" : 534229.63949999958
      }
    },
    {
      "attributes" : {
        "FID" : 7,
        "PMNTN_SPOT" : 69681,
        "MNTN_CODE" : "418303201",
        "MANAGE_SP1" : "99",
        "MANAGE_SP2" : "기타",
        "DETAIL_SPO" : "기타(폭)",
        "ETC_MATTER" : " ",
        "MNTN_NM" : "우두산",
        "PAST_SPOT_" : "21301331000008",
        "MNTN_ID" : "2130133100"
      },
      "geometry" : {
        "x" : 257844.50360000134,
        "y" : 534871.53580000252
      }
    },
    {
      "attributes" : {
        "FID" : 8,
        "PMNTN_SPOT" : 69682,
        "MNTN_CODE" : "418303201",
        "MANAGE_SP1" : "99",
        "MANAGE_SP2" : "기타",
        "DETAIL_SPO" : "기타(폭)",
        "ETC_MATTER" : " ",
        "MNTN_NM" : "우두산",
        "PAST_SPOT_" : "21301331000009",
        "MNTN_ID" : "2130133100"
      },
      "geometry" : {
        "x" : 258697.37980000209,
        "y" : 535288.32960000075
      }
    },
    {
      "attributes" : {
        "FID" : 9,
        "PMNTN_SPOT" : 69683,
        "MNTN_CODE" : "418303201",
        "MANAGE_SP1" : "99",
        "MANAGE_SP2" : "기타",
        "DETAIL_SPO" : "옥녀봉봉오리",
        "ETC_MATTER" : " ",
        "MNTN_NM" : "우두산",
        "PAST_SPOT_" : "21301331000010",
        "MNTN_ID" : "2130133100"
      },
      "geometry" : {
        "x" : 259113.63280000072,
        "y" : 534917.20080000162
      }
    },
    {
      "attributes" : {
        "FID" : 10,
        "PMNTN_SPOT" : 69684,
        "MNTN_CODE" : "418303201",
        "MANAGE_SP1" : "99",
        "MANAGE_SP2" : "기타",
        "DETAIL_SPO" : "기타(묘지)",
        "ETC_MATTER" : " ",
        "MNTN_NM" : "우두산",
        "PAST_SPOT_" : "21301331000011",
        "MNTN_ID" : "2130133100"
      },
      "geometry" : {
        "x" : 259117.63780000061,
        "y" : 534662.3767000027
      }
    },
    {
      "attributes" : {
        "FID" : 11,
        "PMNTN_SPOT" : 69685,
        "MNTN_CODE" : "418303201",
        "MANAGE_SP1" : "99",
        "MANAGE_SP2" : "기타",
        "DETAIL_SPO" : "기타(묘지)",
        "ETC_MATTER" : " ",
        "MNTN_NM" : "우두산",
        "PAST_SPOT_" : "21301331000012",
        "MNTN_ID" : "2130133100"
      },
      "geometry" : {
        "x" : 258992.13820000179,
        "y" : 534384.26229999959
      }
    },
    {
      "attributes" : {
        "FID" : 12,
        "PMNTN_SPOT" : 69686,
        "MNTN_CODE" : "418303201",
        "MANAGE_SP1" : "99",
        "MANAGE_SP2" : "기타",
        "DETAIL_SPO" : "기타(묘지)",
        "ETC_MATTER" : " ",
        "MNTN_NM" : "우두산",
        "PAST_SPOT_" : "21301331000013",
        "MNTN_ID" : "2130133100"
      },
      "geometry" : {
        "x" : 258884.82090000063,
        "y" : 534231.44529999979
      }
    },
    {
      "attributes" : {
        "FID" : 13,
        "PMNTN_SPOT" : 69687,
        "MNTN_CODE" : "418303201",
        "MANAGE_SP1" : "99",
        "MANAGE_SP2" : "기타",
        "DETAIL_SPO" : "기타(폭)",
        "ETC_MATTER" : " ",
        "MNTN_NM" : "우두산",
        "PAST_SPOT_" : "21301331000014",
        "MNTN_ID" : "2130133100"
      },
      "geometry" : {
        "x" : 257527.55610000342,
        "y" : 532706.72849999927
      }
    },
    {
      "attributes" : {
        "FID" : 14,
        "PMNTN_SPOT" : 69688,
        "MNTN_CODE" : "418303201",
        "MANAGE_SP1" : "99",
        "MANAGE_SP2" : "기타",
        "DETAIL_SPO" : "기타(묘지)",
        "ETC_MATTER" : " ",
        "MNTN_NM" : "우두산",
        "PAST_SPOT_" : "21301331000015",
        "MNTN_ID" : "2130133100"
      },
      "geometry" : {
        "x" : 256166.12040000036,
        "y" : 532509.10889999941
      }
    },
    {
      "attributes" : {
        "FID" : 15,
        "PMNTN_SPOT" : 69689,
        "MNTN_CODE" : "418303201",
        "MANAGE_SP1" : "99",
        "MANAGE_SP2" : "기타",
        "DETAIL_SPO" : "기타(폭)",
        "ETC_MATTER" : " ",
        "MNTN_NM" : "우두산",
        "PAST_SPOT_" : "21301331000016",
        "MNTN_ID" : "2130133100"
      },
      "geometry" : {
        "x" : 256752.72900000121,
        "y" : 532826.7183000017
      }
    },
    {
      "attributes" : {
        "FID" : 16,
        "PMNTN_SPOT" : 69690,
        "MNTN_CODE" : "418303201",
        "MANAGE_SP1" : "99",
        "MANAGE_SP2" : "기타",
        "DETAIL_SPO" : "기타(묘지)",
        "ETC_MATTER" : " ",
        "MNTN_NM" : "우두산",
        "PAST_SPOT_" : "21301331000017",
        "MNTN_ID" : "2130133100"
      },
      "geometry" : {
        "x" : 257714.55539999995,
        "y" : 533299.21949999966
      }
    },
    {
      "attributes" : {
        "FID" : 17,
        "PMNTN_SPOT" : 69691,
        "MNTN_CODE" : "418303201",
        "MANAGE_SP1" : "99",
        "MANAGE_SP2" : "기타",
        "DETAIL_SPO" : "기타(묘지)",
        "ETC_MATTER" : " ",
        "MNTN_NM" : "우두산",
        "PAST_SPOT_" : "21301331000018",
        "MNTN_ID" : "2130133100"
      },
      "geometry" : {
        "x" : 257960.23450000305,
        "y" : 533842.98520000093
      }
    },
    {
      "attributes" : {
        "FID" : 18,
        "PMNTN_SPOT" : 69692,
        "MNTN_CODE" : "418303201",
        "MANAGE_SP1" : "99",
        "MANAGE_SP2" : "기타",
        "DETAIL_SPO" : "기타(계곡)",
        "ETC_MATTER" : " ",
        "MNTN_NM" : "우두산",
        "PAST_SPOT_" : "21301331000019",
        "MNTN_ID" : "2130133100"
      },
      "geometry" : {
        "x" : 257870.78689999972,
        "y" : 533893.82260000147
      }
    },
    {
      "attributes" : {
        "FID" : 19,
        "PMNTN_SPOT" : 69693,
        "MNTN_CODE" : "418303201",
        "MANAGE_SP1" : "99",
        "MANAGE_SP2" : "기타",
        "DETAIL_SPO" : "기타(계곡)",
        "ETC_MATTER" : " ",
        "MNTN_NM" : "우두산",
        "PAST_SPOT_" : "21301331000020",
        "MNTN_ID" : "2130133100"
      },
      "geometry" : {
        "x" : 257814.81140000373,
        "y" : 533959.95399999991
      }
    },
    {
      "attributes" : {
        "FID" : 20,
        "PMNTN_SPOT" : 69694,
        "MNTN_CODE" : "418303201",
        "MANAGE_SP1" : "99",
        "MANAGE_SP2" : "기타",
        "DETAIL_SPO" : "기타(계곡)",
        "ETC_MATTER" : " ",
        "MNTN_NM" : "우두산",
        "PAST_SPOT_" : "21301331000021",
        "MNTN_ID" : "2130133100"
      },
      "geometry" : {
        "x" : 257726.97380000073,
        "y" : 534061.38370000198
      }
    },
    {
      "attributes" : {
        "FID" : 21,
        "PMNTN_SPOT" : 69695,
        "MNTN_CODE" : "418303201",
        "MANAGE_SP1" : "01",
        "MANAGE_SP2" : "시종점",
        "DETAIL_SPO" : "시종점,I-2구간출발점",
        "ETC_MATTER" : " ",
        "MNTN_NM" : "우두산",
        "PAST_SPOT_" : "21301331000022",
        "MNTN_ID" : "2130133100"
      },
      "geometry" : {
        "x" : 256129.39010000043,
        "y" : 532474.05530000106
      }
    },
    {
      "attributes" : {
        "FID" : 22,
        "PMNTN_SPOT" : 69696,
        "MNTN_CODE" : "418303201",
        "MANAGE_SP1" : "23",
        "MANAGE_SP2" : "정상",
        "DETAIL_SPO" : "우두산정상,이정표,벤치",
        "ETC_MATTER" : " ",
        "MNTN_NM" : "우두산",
        "PAST_SPOT_" : "21301331000023",
        "MNTN_ID" : "2130133100"
      },
      "geometry" : {
        "x" : 257048.54200000037,
        "y" : 534185.19500000216
      }
    },
    {
      "attributes" : {
        "FID" : 23,
        "PMNTN_SPOT" : 69697,
        "MNTN_CODE" : "418303201",
        "MANAGE_SP1" : "02",
        "MANAGE_SP2" : "분기점",
        "DETAIL_SPO" : "기타(헬기장)",
        "ETC_MATTER" : " ",
        "MNTN_NM" : "우두산",
        "PAST_SPOT_" : "21301331000024",
        "MNTN_ID" : "2130133100"
      },
      "geometry" : {
        "x" : 257222.85049999971,
        "y" : 534105.87060000002
      }
    },
    {
      "attributes" : {
        "FID" : 24,
        "PMNTN_SPOT" : 69698,
        "MNTN_CODE" : "418303201",
        "MANAGE_SP1" : "02",
        "MANAGE_SP2" : "분기점",
        "DETAIL_SPO" : "I-3구간종착점",
        "ETC_MATTER" : " ",
        "MNTN_NM" : "우두산",
        "PAST_SPOT_" : "21301331000025",
        "MNTN_ID" : "2130133100"
      },
      "geometry" : {
        "x" : 257239.30190000031,
        "y" : 533317.3225000035
      }
    },
    {
      "attributes" : {
        "FID" : 25,
        "PMNTN_SPOT" : 69699,
        "MNTN_CODE" : "418303201",
        "MANAGE_SP1" : "02",
        "MANAGE_SP2" : "분기점",
        "DETAIL_SPO" : "I-2구간종착점",
        "ETC_MATTER" : " ",
        "MNTN_NM" : "우두산",
        "PAST_SPOT_" : "21301331000026",
        "MNTN_ID" : "2130133100"
      },
      "geometry" : {
        "x" : 257271.46400000155,
        "y" : 532929.00080000237
      }
    },
    {
      "attributes" : {
        "FID" : 26,
        "PMNTN_SPOT" : 69700,
        "MNTN_CODE" : "418303201",
        "MANAGE_SP1" : "02",
        "MANAGE_SP2" : "분기점",
        "DETAIL_SPO" : "I-1구간종착점",
        "ETC_MATTER" : " ",
        "MNTN_NM" : "우두산",
        "PAST_SPOT_" : "21301331000027",
        "MNTN_ID" : "2130133100"
      },
      "geometry" : {
        "x" : 257323.43110000156,
        "y" : 532675.17170000449
      }
    },
    {
      "attributes" : {
        "FID" : 27,
        "PMNTN_SPOT" : 69701,
        "MNTN_CODE" : "418303201",
        "MANAGE_SP1" : "02",
        "MANAGE_SP2" : "분기점",
        "DETAIL_SPO" : "I-4구간종착점",
        "ETC_MATTER" : " ",
        "MNTN_NM" : "우두산",
        "PAST_SPOT_" : "21301331000028",
        "MNTN_ID" : "2130133100"
      },
      "geometry" : {
        "x" : 257572.00470000133,
        "y" : 534354.1827000007
      }
    },
    {
      "attributes" : {
        "FID" : 28,
        "PMNTN_SPOT" : 69702,
        "MNTN_CODE" : "418303201",
        "MANAGE_SP1" : "01",
        "MANAGE_SP2" : "시종점",
        "DETAIL_SPO" : "시종점,I-1구간출발점",
        "ETC_MATTER" : " ",
        "MNTN_NM" : "우두산",
        "PAST_SPOT_" : "21301331000029",
        "MNTN_ID" : "2130133100"
      },
      "geometry" : {
        "x" : 257795.78890000284,
        "y" : 532756.0252000019
      }
    },
    {
      "attributes" : {
        "FID" : 29,
        "PMNTN_SPOT" : 69703,
        "MNTN_CODE" : "418303201",
        "MANAGE_SP1" : "01",
        "MANAGE_SP2" : "시종점",
        "DETAIL_SPO" : "시종점,I구간출발점",
        "ETC_MATTER" : " ",
        "MNTN_NM" : "우두산",
        "PAST_SPOT_" : "21301331000030",
        "MNTN_ID" : "2130133100"
      },
      "geometry" : {
        "x" : 257845.03770000208,
        "y" : 532318.69800000265
      }
    },
    {
      "attributes" : {
        "FID" : 30,
        "PMNTN_SPOT" : 69704,
        "MNTN_CODE" : "418303201",
        "MANAGE_SP1" : "01",
        "MANAGE_SP2" : "시종점",
        "DETAIL_SPO" : "시종점,I-3구간출발점,기타(묘지)",
        "ETC_MATTER" : " ",
        "MNTN_NM" : "우두산",
        "PAST_SPOT_" : "21301331000031",
        "MNTN_ID" : "2130133100"
      },
      "geometry" : {
        "x" : 257934.62430000026,
        "y" : 533117.88970000111
      }
    },
    {
      "attributes" : {
        "FID" : 31,
        "PMNTN_SPOT" : 69705,
        "MNTN_CODE" : "418303201",
        "MANAGE_SP1" : "01",
        "MANAGE_SP2" : "시종점",
        "DETAIL_SPO" : "시종점,I-4구간출발점",
        "ETC_MATTER" : " ",
        "MNTN_NM" : "우두산",
        "PAST_SPOT_" : "21301331000032",
        "MNTN_ID" : "2130133100"
      },
      "geometry" : {
        "x" : 257983.05760000274,
        "y" : 533694.43150000088
      }
    },
    {
      "attributes" : {
        "FID" : 32,
        "PMNTN_SPOT" : 69706,
        "MNTN_CODE" : "418303201",
        "MANAGE_SP1" : "02",
        "MANAGE_SP2" : "분기점",
        "DETAIL_SPO" : "분기점",
        "ETC_MATTER" : " ",
        "MNTN_NM" : "우두산",
        "PAST_SPOT_" : "21301331000033",
        "MNTN_ID" : "2130133100"
      },
      "geometry" : {
        "x" : 258238.92020000331,
        "y" : 535468.47550000437
      }
    },
    {
      "attributes" : {
        "FID" : 33,
        "PMNTN_SPOT" : 69707,
        "MNTN_CODE" : "418303201",
        "MANAGE_SP1" : "01",
        "MANAGE_SP2" : "시종점",
        "DETAIL_SPO" : "안내판또는지도",
        "ETC_MATTER" : " ",
        "MNTN_NM" : "우두산",
        "PAST_SPOT_" : "21301331000034",
        "MNTN_ID" : "2130133100"
      },
      "geometry" : {
        "x" : 258290.99520000163,
        "y" : 535561.81160000339
      }
    },
    {
      "attributes" : {
        "FID" : 34,
        "PMNTN_SPOT" : 69708,
        "MNTN_CODE" : "418303201",
        "MANAGE_SP1" : "01",
        "MANAGE_SP2" : "시종점",
        "DETAIL_SPO" : "시종점,기타(묘지)",
        "ETC_MATTER" : " ",
        "MNTN_NM" : "우두산",
        "PAST_SPOT_" : "21301331000035",
        "MNTN_ID" : "2130133100"
      },
      "geometry" : {
        "x" : 258732.92230000068,
        "y" : 534036.40850000083
      }
    }
  ]
}