{
  "displayFieldName" : "",
  "fieldAliases" : {
    "FID" : "FID",
    "PMNTN_SN" : "PMNTN_SN",
    "MNTN_CODE" : "MNTN_CODE",
    "MNTN_NM" : "MNTN_NM",
    "PMNTN_NM" : "PMNTN_NM",
    "PMNTN_MAIN" : "PMNTN_MAIN",
    "PMNTN_LT" : "PMNTN_LT",
    "PMNTN_DFFL" : "PMNTN_DFFL",
    "PMNTN_UPPL" : "PMNTN_UPPL",
    "PMNTN_GODN" : "PMNTN_GODN",
    "PMNTN_MTRQ" : "PMNTN_MTRQ",
    "PMNTN_CNRL" : "PMNTN_CNRL",
    "PMNTN_CLS_" : "PMNTN_CLS_",
    "PMNTN_RISK" : "PMNTN_RISK",
    "PMNTN_RECO" : "PMNTN_RECO",
    "DATA_STDR_" : "DATA_STDR_",
    "MNTN_ID" : "MNTN_ID"
  },
  "geometryType" : "esriGeometryPolyline",
  "spatialReference" : {
    "wkt" : "PROJCS[\"PCS_ITRF2000_TM\",GEOGCS[\"GCS_ITRF_2000\",DATUM[\"D_ITRF_2000\",SPHEROID[\"GRS_1980\",6378137.0,298.257222101]],PRIMEM[\"Greenwich\",0.0],UNIT[\"Degree\",0.0174532925199433]],PROJECTION[\"Transverse_Mercator\"],PARAMETER[\"False_Easting\",200000.0],PARAMETER[\"False_Northing\",600000.0],PARAMETER[\"Central_Meridian\",127.0],PARAMETER[\"Scale_Factor\",1.0],PARAMETER[\"Latitude_Of_Origin\",38.0],UNIT[\"Meter\",1.0]]"
  },
  "fields" : [
    {
      "name" : "FID",
      "type" : "esriFieldTypeOID",
      "alias" : "FID"
    },
    {
      "name" : "PMNTN_SN",
      "type" : "esriFieldTypeDouble",
      "alias" : "PMNTN_SN"
    },
    {
      "name" : "MNTN_CODE",
      "type" : "esriFieldTypeString",
      "alias" : "MNTN_CODE",
      "length" : 9
    },
    {
      "name" : "MNTN_NM",
      "type" : "esriFieldTypeString",
      "alias" : "MNTN_NM",
      "length" : 50
    },
    {
      "name" : "PMNTN_NM",
      "type" : "esriFieldTypeString",
      "alias" : "PMNTN_NM",
      "length" : 50
    },
    {
      "name" : "PMNTN_MAIN",
      "type" : "esriFieldTypeString",
      "alias" : "PMNTN_MAIN",
      "length" : 200
    },
    {
      "name" : "PMNTN_LT",
      "type" : "esriFieldTypeSingle",
      "alias" : "PMNTN_LT"
    },
    {
      "name" : "PMNTN_DFFL",
      "type" : "esriFieldTypeString",
      "alias" : "PMNTN_DFFL",
      "length" : 8
    },
    {
      "name" : "PMNTN_UPPL",
      "type" : "esriFieldTypeDouble",
      "alias" : "PMNTN_UPPL"
    },
    {
      "name" : "PMNTN_GODN",
      "type" : "esriFieldTypeDouble",
      "alias" : "PMNTN_GODN"
    },
    {
      "name" : "PMNTN_MTRQ",
      "type" : "esriFieldTypeString",
      "alias" : "PMNTN_MTRQ",
      "length" : 200
    },
    {
      "name" : "PMNTN_CNRL",
      "type" : "esriFieldTypeString",
      "alias" : "PMNTN_CNRL",
      "length" : 1
    },
    {
      "name" : "PMNTN_CLS_",
      "type" : "esriFieldTypeString",
      "alias" : "PMNTN_CLS_",
      "length" : 1
    },
    {
      "name" : "PMNTN_RISK",
      "type" : "esriFieldTypeString",
      "alias" : "PMNTN_RISK",
      "length" : 200
    },
    {
      "name" : "PMNTN_RECO",
      "type" : "esriFieldTypeString",
      "alias" : "PMNTN_RECO",
      "length" : 1
    },
    {
      "name" : "DATA_STDR_",
      "type" : "esriFieldTypeString",
      "alias" : "DATA_STDR_",
      "length" : 10
    },
    {
      "name" : "MNTN_ID",
      "type" : "esriFieldTypeString",
      "alias" : "MNTN_ID",
      "length" : 10
    }
  ],
  "features" : [
    {
      "attributes" : {
        "FID" : 0,
        "PMNTN_SN" : 40162,
        "MNTN_CODE" : "471703701",
        "MNTN_NM" : "용두산",
        "PMNTN_NM" : "운곡리구간",
        "PMNTN_MAIN" : " ",
        "PMNTN_LT" : 1.55,
        "PMNTN_DFFL" : "쉬움",
        "PMNTN_UPPL" : 27,
        "PMNTN_GODN" : 19,
        "PMNTN_MTRQ" : " ",
        "PMNTN_CNRL" : " ",
        "PMNTN_CLS_" : " ",
        "PMNTN_RISK" : " ",
        "PMNTN_RECO" : " ",
        "DATA_STDR_" : "2016-12-31",
        "MNTN_ID" : "471703701"
      },
      "geometry" : {
        "paths" : [
          [
            [
              361057.70500000194,
              466383.75329999998
            ],
            [
              361047.18720000144,
              466376.84479999915
            ],
            [
              361038.46430000104,
              466370.83889999986
            ],
            [
              361035.66210000124,
              466370.4541000016
            ],
            [
              361024.1512000002,
              466368.87350000069
            ],
            [
              361021.34900000133,
              466368.48870000243
            ],
            [
              361016.07529999875,
              466337.73369999975
            ],
            [
              361010.93680000119,
              466313.25500000082
            ],
            [
              360996.54960000049,
              466283.82780000195
            ],
            [
              360982.84470000118,
              466263.09470000118
            ],
            [
              360973.38509999868,
              466247.66240000352
            ],
            [
              360959.80570000131,
              466226.32599999756
            ],
            [
              360956.36070000101,
              466204.60680000298
            ],
            [
              360962.91500000097,
              466160.56299999915
            ],
            [
              360971.82409999985,
              466128.06620000117
            ],
            [
              360984.81110000052,
              466110.46850000136
            ],
            [
              360993.00560000073,
              466108.80199999921
            ],
            [
              361014.84920000006,
              466097.53329999931
            ],
            [
              361021.54810000025,
              466082.33750000224
            ],
            [
              361036.32490000036,
              466065.50640000217
            ],
            [
              361051.83069999982,
              466050.64959999919
            ],
            [
              361061.37350000069,
              466030.14940000139
            ],
            [
              361070.23149999976,
              465982.85160000436
            ],
            [
              361071.75280000083,
              465966.5811999999
            ],
            [
              361082.23330000043,
              465949.78030000068
            ],
            [
              361105.87700000126,
              465927.38730000332
            ],
            [
              361116.6464000009,
              465907.58290000446
            ],
            [
              361108.48610000033,
              465889.42019999959
            ],
            [
              361116.7293999996,
              465860.54160000011
            ],
            [
              361107.63850000035,
              465830.46420000121
            ],
            [
              361109.70710000116,
              465812.32269999944
            ],
            [
              361108.37400000077,
              465802.53020000458
            ],
            [
              361112.27710000053,
              465791.59769999981
            ],
            [
              361120.87959999871,
              465786.8385000024
            ],
            [
              361130.33160000108,
              465786.65300000459
            ],
            [
              361149.14260000084,
              465781.37850000151
            ],
            [
              361174.29159999918,
              465765.86449999921
            ],
            [
              361186.52539999969,
              465757.46829999983
            ],
            [
              361203.40369999968,
              465754.27810000256
            ],
            [
              361219.99560000096,
              465737.3927000016
            ],
            [
              361237.42119999975,
              465718.92420000397
            ],
            [
              361248.60649999976,
              465706.93310000375
            ],
            [
              361254.34090000018,
              465702.17830000073
            ],
            [
              361256.53140000068,
              465694.01450000145
            ],
            [
              361248.99150000047,
              465686.52220000327
            ],
            [
              361243.47860000096,
              465675.27090000175
            ],
            [
              361245.20330000017,
              465665.05330000445
            ],
            [
              361255.63090000022,
              465656.86690000258
            ],
            [
              361267.90220000036,
              465656.48280000128
            ],
            [
              361283.19180000108,
              465657.12310000136
            ],
            [
              361311.02469999902,
              465657.02650000155
            ],
            [
              361330.78609999921,
              465650.68760000169
            ],
            [
              361344.15870000049,
              465648.62969999947
            ],
            [
              361350.05990000069,
              465643.10740000196
            ],
            [
              361365.74039999954,
              465634.82310000062
            ],
            [
              361381.08470000047,
              465620.61020000279
            ],
            [
              361385.07910000067,
              465603.65500000119
            ],
            [
              361379.96260000113,
              465577.04910000041
            ],
            [
              361381.49760000128,
              465543.79160000011
            ],
            [
              361389.68400000129,
              465516.16240000166
            ],
            [
              361404.52190000098,
              465473.18349999934
            ],
            [
              361420.89479999989,
              465430.20470000058
            ],
            [
              361430.10460000113,
              465404.11040000059
            ],
            [
              361459.78050000221,
              465380.06269999966
            ],
            [
              361488.94469999988,
              465361.131500002
            ],
            [
              361516.06230000034,
              465349.87510000169
            ],
            [
              361527.31869999971,
              465345.78190000169
            ],
            [
              361537.04009999987,
              465339.130400002
            ],
            [
              361546.76150000095,
              465319.17600000091
            ],
            [
              361556.48290000018,
              465310.98949999735
            ],
            [
              361558.22560000047,
              465305.02370000072
            ],
            [
              361556.89510000031,
              465296.55480000004
            ],
            [
              361559.55279999971,
              465285.91850000061
            ],
            [
              361569.91770000011,
              465278.22510000132
            ],
            [
              361582.57720000017,
              465275.68549999967
            ],
            [
              361592.78839999996,
              465276.63330000266
            ],
            [
              361605.08990000188,
              465273.63880000077
            ],
            [
              361618.21250000224,
              465268.9905999992
            ],
            [
              361634.25409999955,
              465269.03400000185
            ]
          ]
        ]
      }
    },
    {
      "attributes" : {
        "FID" : 1,
        "PMNTN_SN" : 40163,
        "MNTN_CODE" : "471703701",
        "MNTN_NM" : "용두산",
        "PMNTN_NM" : " ",
        "PMNTN_MAIN" : " ",
        "PMNTN_LT" : 1.37,
        "PMNTN_DFFL" : "쉬움",
        "PMNTN_UPPL" : 24,
        "PMNTN_GODN" : 17,
        "PMNTN_MTRQ" : " ",
        "PMNTN_CNRL" : " ",
        "PMNTN_CLS_" : " ",
        "PMNTN_RISK" : " ",
        "PMNTN_RECO" : " ",
        "DATA_STDR_" : "2016-12-31",
        "MNTN_ID" : "471703701"
      },
      "geometry" : {
        "paths" : [
          [
            [
              361057.70500000194,
              466383.75329999998
            ],
            [
              361045.85510000028,
              466388.66710000113
            ],
            [
              361000.59740000125,
              466393.52220000327
            ],
            [
              360986.83939999994,
              466402.28970000334
            ],
            [
              360974.36070000101,
              466410.24200000241
            ],
            [
              360957.78359999973,
              466423.24679999985
            ],
            [
              360947.61490000039,
              466430.41279999912
            ],
            [
              360930.15530000068,
              466446.08919999935
            ],
            [
              360923.71580000129,
              466454.5960000027
            ],
            [
              360922.00870000012,
              466456.85130000114
            ],
            [
              360921.03270000033,
              466463.85969999991
            ],
            [
              360910.78060000017,
              466467.48480000347
            ],
            [
              360907.28500000015,
              466468.29729999974
            ],
            [
              360894.18780000135,
              466465.92020000145
            ],
            [
              360881.53299999982,
              466464.86250000075
            ],
            [
              360857.90899999999,
              466463.42620000057
            ],
            [
              360841.1679999996,
              466469.10020000115
            ],
            [
              360834.98440000135,
              466478.64860000089
            ],
            [
              360834.2237999998,
              466485.78610000014
            ],
            [
              360827.39489999972,
              466491.76369999908
            ],
            [
              360807.54729999974,
              466496.01530000195
            ],
            [
              360792.71669999976,
              466493.54110000096
            ],
            [
              360783.74739999976,
              466495.84720000438
            ],
            [
              360777.70090000052,
              466499.96420000307
            ],
            [
              360776.86349999998,
              466509.70890000276
            ],
            [
              360777.25000000093,
              466517.74280000106
            ],
            [
              360782.31920000073,
              466524.48800000176
            ],
            [
              360788.38549999986,
              466528.22090000287
            ],
            [
              360798.45750000048,
              466529.93510000035
            ],
            [
              360819.78660000023,
              466535.22430000454
            ],
            [
              360825.41510000173,
              466535.22430000454
            ],
            [
              360848.81780000031,
              466536.40930000134
            ],
            [
              360854.74250000063,
              466536.70550000109
            ],
            [
              360858.8898,
              466539.0754000023
            ],
            [
              360860.96350000054,
              466545.59260000102
            ],
            [
              360860.83680000063,
              466572.84640000202
            ],
            [
              360856.72130000032,
              466605.52740000188
            ],
            [
              360858.60500000138,
              466622.70920000225
            ],
            [
              360861.55599999893,
              466639.20340000093
            ],
            [
              360867.77690000087,
              466647.49810000323
            ],
            [
              360880.81140000187,
              466648.97920000181
            ],
            [
              360909.84260000009,
              466638.31469999999
            ],
            [
              360928.80170000065,
              466631.79750000127
            ],
            [
              360943.90979999956,
              466631.79750000127
            ],
            [
              360951.61199999973,
              466639.49970000051
            ],
            [
              360953.88690000121,
              466652.23790000193
            ],
            [
              360951.39039999992,
              466686.33670000173
            ],
            [
              360951.01950000133,
              466710.30030000396
            ],
            [
              360954.87060000096,
              466717.7061999999
            ],
            [
              360964.91670000087,
              466724.97650000267
            ],
            [
              360975.54389999993,
              466726.912200002
            ],
            [
              360995.45500000101,
              466722.74220000021
            ],
            [
              361006.11950000189,
              466718.00239999965
            ],
            [
              361017.06400000118,
              466717.74630000256
            ],
            [
              361027.93469999917,
              466721.86490000412
            ],
            [
              361041.80350000039,
              466729.92659999989
            ],
            [
              361048.3207000019,
              466736.74000000022
            ],
            [
              361051.28309999965,
              466743.25720000267
            ],
            [
              361050.93489999976,
              466751.0429999996
            ],
            [
              361042.18200000189,
              466761.2424000036
            ],
            [
              361028.04110000096,
              466778.73100000061
            ],
            [
              361011.68369999994,
              466790.91210000217
            ],
            [
              360995.78290000185,
              466808.84080000222
            ],
            [
              360991.30769999977,
              466820.20409999788
            ],
            [
              360992.12530000042,
              466838.0064000003
            ],
            [
              360990.12270000111,
              466849.23530000448
            ],
            [
              360986.56790000014,
              466853.67890000343
            ],
            [
              360979.75450000074,
              466858.12240000255
            ],
            [
              360968.79370000027,
              466866.71330000088
            ],
            [
              360958.72160000075,
              466885.96870000102
            ],
            [
              360956.35170000046,
              466901.66930000298
            ],
            [
              360964.35010000225,
              466921.22089999914
            ],
            [
              360969.21780000068,
              466930.01469999924
            ],
            [
              360968.20120000001,
              466936.92140000127
            ],
            [
              360969.68240000028,
              466952.02950000204
            ],
            [
              360966.12760000024,
              466963.87900000252
            ],
            [
              360964.03360000066,
              466980.00239999965
            ],
            [
              360959.31410000101,
              467008.61070000194
            ],
            [
              360959.77990000229,
              467020.90330000035
            ],
            [
              360965.46289999969,
              467028.7434000019
            ],
            [
              360972.02300000098,
              467030.16139999963
            ],
            [
              360980.98629999999,
              467028.85400000215
            ],
            [
              360996.61960000172,
              467019.28669999912
            ],
            [
              361005.2714000009,
              467007.33090000041
            ],
            [
              361011.72370000184,
              467002.87770000286
            ],
            [
              361017.86010000017,
              467004.82850000262
            ],
            [
              361020.95559999999,
              467009.62520000339
            ],
            [
              361028.83150000218,
              467017.17119999975
            ],
            [
              361032.86670000106,
              467027.231200004
            ],
            [
              361032.08169999998,
              467035.97260000184
            ],
            [
              361025.98270000052,
              467049.99609999917
            ],
            [
              361008.71010000072,
              467094.66669999994
            ],
            [
              361004.54079999961,
              467103.00520000234
            ],
            [
              361002.81929999962,
              467120.27789999917
            ],
            [
              361001.5616000006,
              467133.97690000385
            ],
            [
              360989.95380000118,
              467146.90709999949
            ]
          ]
        ]
      }
    },
    {
      "attributes" : {
        "FID" : 2,
        "PMNTN_SN" : 40164,
        "MNTN_CODE" : "471703701",
        "MNTN_NM" : "용두산",
        "PMNTN_NM" : " ",
        "PMNTN_MAIN" : " ",
        "PMNTN_LT" : 1.08,
        "PMNTN_DFFL" : "쉬움",
        "PMNTN_UPPL" : 19,
        "PMNTN_GODN" : 13,
        "PMNTN_MTRQ" : " ",
        "PMNTN_CNRL" : " ",
        "PMNTN_CLS_" : " ",
        "PMNTN_RISK" : " ",
        "PMNTN_RECO" : " ",
        "DATA_STDR_" : "2016-12-31",
        "MNTN_ID" : "471703701"
      },
      "geometry" : {
        "paths" : [
          [
            [
              361796.91930000018,
              466827.21419999935
            ],
            [
              361792.81530000083,
              466826.50860000215
            ],
            [
              361791.79389999993,
              466823.87090000324
            ],
            [
              361790.2779000001,
              466819.95570000075
            ],
            [
              361789.52250000089,
              466816.38840000145
            ],
            [
              361787.7770999996,
              466808.34600000083
            ],
            [
              361782.94739999995,
              466799.97839999944
            ],
            [
              361775.39499999955,
              466793.55740000121
            ],
            [
              361769.05300000031,
              466789.34790000133
            ],
            [
              361758.52259999979,
              466784.20280000195
            ],
            [
              361740.90490000229,
              466768.5139000006
            ],
            [
              361733.8758000005,
              466764.3060999997
            ],
            [
              361709.41849999968,
              466737.35470000096
            ],
            [
              361703.86459999997,
              466733.9739000015
            ],
            [
              361688.92260000017,
              466713.63650000095
            ],
            [
              361681.95710000116,
              466704.21540000103
            ],
            [
              361665.5961000016,
              466694.74210000224
            ],
            [
              361655.23880000133,
              466685.65270000324
            ],
            [
              361638.55140000116,
              466658.53460000083
            ],
            [
              361625.28670000099,
              466640.00710000284
            ],
            [
              361620.89529999997,
              466629.74380000122
            ],
            [
              361623.12790000066,
              466612.36120000109
            ],
            [
              361629.46060000081,
              466595.23140000179
            ],
            [
              361626.78050000127,
              466581.11329999939
            ],
            [
              361627.4354000017,
              466573.87550000101
            ],
            [
              361614.79870000016,
              466575.96200000122
            ],
            [
              361604.70470000152,
              466583.70780000277
            ],
            [
              361589.26449999958,
              466597.47580000013
            ],
            [
              361581.90240000095,
              466610.10469999909
            ],
            [
              361567.54480000027,
              466628.4047000017
            ],
            [
              361554.86110000033,
              466638.07600000128
            ],
            [
              361543.95669999998,
              466657.40460000187
            ],
            [
              361534.27290000115,
              466671.81709999964
            ],
            [
              361522.54330000095,
              466681.67039999925
            ],
            [
              361511.67440000083,
              466692.67660000175
            ],
            [
              361509.68690000009,
              466694.68920000084
            ],
            [
              361499.86830000021,
              466698.13550000079
            ],
            [
              361497.52900000196,
              466696.54549999908
            ],
            [
              361490.48150000162,
              466691.75530000031
            ],
            [
              361469.15390000027,
              466686.93080000021
            ],
            [
              361448.52350000106,
              466677.18740000203
            ],
            [
              361424.55940000061,
              466665.39240000211
            ],
            [
              361412.20569999982,
              466656.72170000151
            ],
            [
              361400.01260000002,
              466649.91940000281
            ],
            [
              361384.44090000074,
              466639.47900000028
            ],
            [
              361359.27850000095,
              466626.74450000003
            ],
            [
              361327.04149999935,
              466615.9525000006
            ],
            [
              361312.51140000019,
              466606.40040000156
            ],
            [
              361297.02110000048,
              466587.79510000348
            ],
            [
              361289.80360000022,
              466563.00610000268
            ],
            [
              361265.97269999981,
              466546.4282000009
            ],
            [
              361247.30570000131,
              466543.7164000012
            ],
            [
              361223.33960000053,
              466540.72580000199
            ],
            [
              361191.64960000012,
              466522.53170000203
            ],
            [
              361166.66050000023,
              466485.26810000278
            ],
            [
              361158.49739999976,
              466470.75819999911
            ],
            [
              361155.24210000131,
              466464.9718000032
            ],
            [
              361145.62280000001,
              466447.87350000441
            ],
            [
              361123.91280000005,
              466427.93420000374
            ],
            [
              361100.12090000231,
              466410.40939999931
            ],
            [
              361094.25480000023,
              466406.7723999992
            ],
            [
              361064.06099999975,
              466388.0522000026
            ],
            [
              361057.70500000194,
              466383.75329999998
            ]
          ]
        ]
      }
    },
    {
      "attributes" : {
        "FID" : 3,
        "PMNTN_SN" : 40165,
        "MNTN_CODE" : "471703701",
        "MNTN_NM" : "용두산",
        "PMNTN_NM" : "운곡리구간",
        "PMNTN_MAIN" : " ",
        "PMNTN_LT" : 1.9,
        "PMNTN_DFFL" : "쉬움",
        "PMNTN_UPPL" : 34,
        "PMNTN_GODN" : 23,
        "PMNTN_MTRQ" : " ",
        "PMNTN_CNRL" : " ",
        "PMNTN_CLS_" : " ",
        "PMNTN_RISK" : " ",
        "PMNTN_RECO" : " ",
        "DATA_STDR_" : "2016-12-31",
        "MNTN_ID" : "471703701"
      },
      "geometry" : {
        "paths" : [
          [
            [
              361796.91930000018,
              466827.21419999935
            ],
            [
              361795.11250000075,
              466811.47599999979
            ],
            [
              361798.28110000119,
              466805.44050000049
            ],
            [
              361799.64140000101,
              466797.73860000074
            ],
            [
              361806.52970000077,
              466797.59149999917
            ],
            [
              361816.37000000011,
              466786.33070000261
            ],
            [
              361824.65930000134,
              466770.6771000009
            ],
            [
              361829.26060000062,
              466762.08170000277
            ],
            [
              361834.60120000131,
              466748.40410000086
            ],
            [
              361837.4478000002,
              466729.66080000252
            ],
            [
              361832.48669999931,
              466711.51339999959
            ],
            [
              361827.66030000057,
              466695.21169999987
            ],
            [
              361825.04820000008,
              466684.13170000166
            ],
            [
              361823.74160000123,
              466667.1005000025
            ],
            [
              361818.11020000186,
              466644.20260000043
            ],
            [
              361814.82870000135,
              466627.62399999984
            ],
            [
              361818.55230000056,
              466614.97599999979
            ],
            [
              361816.74490000214,
              466596.76630000025
            ],
            [
              361811.78220000025,
              466587.08130000159
            ],
            [
              361808.53770000022,
              466564.2712000031
            ],
            [
              361802.49050000124,
              466555.78190000169
            ],
            [
              361804.52440000046,
              466549.38530000299
            ],
            [
              361810.50590000022,
              466547.05130000226
            ],
            [
              361829.42640000023,
              466548.19050000235
            ],
            [
              361848.36149999965,
              466555.51070000231
            ],
            [
              361868.09069999959,
              466562.66459999979
            ],
            [
              361880.58980000112,
              466558.16039999947
            ],
            [
              361878.26260000095,
              466548.53449999914
            ],
            [
              361880.13690000027,
              466533.03700000048
            ],
            [
              361881.89489999972,
              466523.2108000014
            ],
            [
              361900.62920000032,
              466520.98990000226
            ],
            [
              361899.26180000138,
              466506.64619999938
            ],
            [
              361896.48539999966,
              466494.18810000084
            ],
            [
              361888.38470000029,
              466483.76290000416
            ],
            [
              361884.87700000126,
              466478.46700000018
            ],
            [
              361877.35030000098,
              466459.97120000236
            ],
            [
              361859.00040000025,
              466452.96389999986
            ],
            [
              361856.06950000115,
              466442.44740000181
            ],
            [
              361851.5569000002,
              466431.66709999926
            ],
            [
              361850.89810000081,
              466420.77650000155
            ],
            [
              361847.86050000135,
              466405.27480000257
            ],
            [
              361835.72020000033,
              466389.58840000257
            ],
            [
              361824.15820000041,
              466375.88609999977
            ],
            [
              361817.46110000089,
              466368.74260000139
            ],
            [
              361812.54989999998,
              466359.8132000044
            ],
            [
              361796.83440000005,
              466365.37060000189
            ],
            [
              361784.7237000009,
              466359.7229999993
            ],
            [
              361788.34449999966,
              466335.46509999968
            ],
            [
              361791.74689999968,
              466316.14379999973
            ],
            [
              361795.83820000105,
              466293.85560000129
            ],
            [
              361796.45579999965,
              466277.5446000006
            ],
            [
              361800.21219999995,
              466259.03380000032
            ],
            [
              361804.95999999996,
              466238.8198000025
            ],
            [
              361804.51350000035,
              466213.37100000307
            ],
            [
              361810.31810000166,
              466201.67470000125
            ],
            [
              361817.720900001,
              466200.61589999869
            ],
            [
              361831.03550000116,
              466176.95750000142
            ],
            [
              361843.31870000064,
              466151.80879999883
            ],
            [
              361844.25129999965,
              466125.67459999956
            ],
            [
              361841.00800000038,
              466115.03940000013
            ],
            [
              361830.57020000089,
              466104.42210000008
            ],
            [
              361826.19930000231,
              466094.31730000116
            ],
            [
              361831.79640000034,
              466078.26710000075
            ],
            [
              361838.15960000083,
              466045.04909999855
            ],
            [
              361839.07600000128,
              466020.93350000121
            ],
            [
              361841.19319999963,
              465997.81650000066
            ],
            [
              361850.38779999875,
              465969.05520000122
            ],
            [
              361860.66890000179,
              465938.65980000235
            ],
            [
              361864.10320000071,
              465918.76330000348
            ],
            [
              361861.23490000051,
              465897.89650000073
            ],
            [
              361853.17870000005,
              465884.76900000125
            ],
            [
              361844.5903000012,
              465860.53869999945
            ],
            [
              361833.29069999885,
              465851.71490000002
            ],
            [
              361827.55620000046,
              465835.45780000091
            ],
            [
              361825.30670000054,
              465810.64120000415
            ],
            [
              361819.92400000058,
              465799.15880000219
            ],
            [
              361809.10670000128,
              465769.49800000153
            ],
            [
              361806.70089999959,
              465759.55510000139
            ],
            [
              361798.26170000155,
              465732.82420000061
            ],
            [
              361789.04480000027,
              465709.65099999867
            ],
            [
              361785.5943,
              465701.78040000051
            ],
            [
              361769.21100000199,
              465687.81390000321
            ],
            [
              361754.93730000127,
              465660.69640000351
            ],
            [
              361753.72470000014,
              465643.01989999972
            ],
            [
              361749.76370000094,
              465634.92290000245
            ],
            [
              361754.80640000105,
              465625.07570000179
            ],
            [
              361758.42370000109,
              465615.30819999799
            ],
            [
              361757.76580000017,
              465606.2434000019
            ],
            [
              361752.72329999972,
              465599.42650000006
            ],
            [
              361743.90799999982,
              465594.16240000166
            ],
            [
              361728.49280000012,
              465587.13920000196
            ],
            [
              361711.64520000014,
              465570.09490000457
            ],
            [
              361690.18410000019,
              465516.44779999927
            ],
            [
              361672.97460000031,
              465477.95439999923
            ],
            [
              361669.70560000092,
              465464.5102000013
            ],
            [
              361671.16789999977,
              465453.7435999997
            ],
            [
              361677.72360000014,
              465442.21550000086
            ],
            [
              361688.49749999959,
              465421.5811999999
            ],
            [
              361689.58140000049,
              465406.87860000134
            ],
            [
              361686.69609999936,
              465392.40970000066
            ],
            [
              361674.90500000119,
              465356.24770000018
            ],
            [
              361670.95880000107,
              465338.19490000419
            ],
            [
              361669.2165000001,
              465325.42479999922
            ],
            [
              361674.69560000114,
              465313.58750000037
            ],
            [
              361723.25590000022,
              465228.01160000265
            ]
          ]
        ]
      }
    },
    {
      "attributes" : {
        "FID" : 4,
        "PMNTN_SN" : 40166,
        "MNTN_CODE" : "471703701",
        "MNTN_NM" : "용두산",
        "PMNTN_NM" : "태자리구간",
        "PMNTN_MAIN" : " ",
        "PMNTN_LT" : 2.9,
        "PMNTN_DFFL" : "쉬움",
        "PMNTN_UPPL" : 51,
        "PMNTN_GODN" : 36,
        "PMNTN_MTRQ" : " ",
        "PMNTN_CNRL" : " ",
        "PMNTN_CLS_" : " ",
        "PMNTN_RISK" : " ",
        "PMNTN_RECO" : " ",
        "DATA_STDR_" : "2016-12-31",
        "MNTN_ID" : "471703701"
      },
      "geometry" : {
        "paths" : [
          [
            [
              361796.91930000018,
              466827.21419999935
            ],
            [
              361803.79700000025,
              466819.27930000052
            ],
            [
              361815.00619999971,
              466807.88900000229
            ],
            [
              361821.94900000095,
              466796.37350000255
            ],
            [
              361821.28710000031,
              466787.46750000119
            ],
            [
              361827.86520000082,
              466786.24860000238
            ],
            [
              361833.59289999958,
              466793.3339000009
            ],
            [
              361835.28600000031,
              466805.60840000026
            ],
            [
              361850.87110000104,
              466817.79480000027
            ],
            [
              361880.4012000002,
              466823.79510000162
            ],
            [
              361916.6660000002,
              466827.4907000009
            ],
            [
              361939.04409999959,
              466834.53300000168
            ],
            [
              361967.25830000173,
              466822.70920000039
            ],
            [
              361976.54839999974,
              466803.92740000412
            ],
            [
              362008.97159999982,
              466768.10140000097
            ],
            [
              362024.51379999984,
              466726.07780000195
            ],
            [
              362028.76370000001,
              466685.63260000013
            ],
            [
              362019.50250000041,
              466663.9728000015
            ],
            [
              362024.54870000109,
              466656.41850000061
            ],
            [
              362046.00070000067,
              466643.67940000258
            ],
            [
              362064.54330000095,
              466636.00080000237
            ],
            [
              362085.98810000066,
              466623.52820000052
            ],
            [
              362109.59410000127,
              466620.72560000047
            ],
            [
              362127.91140000056,
              466615.2452000007
            ],
            [
              362155.2583000008,
              466608.74100000225
            ],
            [
              362161.53460000083,
              466606.35780000128
            ],
            [
              362167.05879999977,
              466604.17620000057
            ],
            [
              362180.4020000007,
              466600.22969999909
            ],
            [
              362186.26460000034,
              466598.05630000122
            ],
            [
              362199.01370000001,
              466588.94979999959
            ],
            [
              362211.25580000132,
              466570.09569999948
            ],
            [
              362224.51180000138,
              466553.43450000323
            ],
            [
              362252.28660000023,
              466525.20439999923
            ],
            [
              362287.80200000107,
              466490.14440000243
            ],
            [
              362306.47030000202,
              466461.45890000276
            ],
            [
              362327.87050000019,
              466449.62050000392
            ],
            [
              362335.74309999961,
              466447.4824000001
            ],
            [
              362353.88509999961,
              466453.88929999992
            ],
            [
              362364.7517999988,
              466467.37819999829
            ],
            [
              362375.67960000038,
              466475.57400000282
            ],
            [
              362390.56760000158,
              466473.46140000038
            ],
            [
              362407.13439999986,
              466470.81470000185
            ],
            [
              362438.03350000083,
              466471.81289999746
            ],
            [
              362451.57670000102,
              466490.74250000156
            ],
            [
              362467.68490000069,
              466522.84760000184
            ],
            [
              362494.25580000039,
              466549.06739999913
            ],
            [
              362536.56030000001,
              466583.8582000006
            ],
            [
              362566.19479999971,
              466604.87359999865
            ],
            [
              362579.67890000064,
              466625.60400000028
            ],
            [
              362598.50780000165,
              466654.55250000022
            ],
            [
              362619.18360000104,
              466673.26590000093
            ],
            [
              362641.61679999996,
              466678.46710000001
            ],
            [
              362667.45290000085,
              466673.32970000431
            ],
            [
              362690.44420000073,
              466681.57570000365
            ],
            [
              362705.43059999961,
              466692.93490000069
            ],
            [
              362705.87140000053,
              466706.23050000146
            ],
            [
              362706.15240000002,
              466715.40340000205
            ],
            [
              362712.80650000088,
              466717.24910000339
            ],
            [
              362719.65190000087,
              466718.87989999913
            ],
            [
              362729.00240000058,
              466725.11840000004
            ],
            [
              362748.9319000002,
              466744.86340000108
            ],
            [
              362761.23489999957,
              466761.9188000001
            ],
            [
              362779.66940000094,
              466783.86529999785
            ],
            [
              362795.58000000007,
              466798.12490000017
            ],
            [
              362806.46100000106,
              466804.97180000134
            ],
            [
              362814.77919999976,
              466807.5840999987
            ],
            [
              362819.05489999987,
              466808.631500002
            ],
            [
              362824.13219999988,
              466819.6314000003
            ],
            [
              362831.69550000038,
              466830.45670000277
            ],
            [
              362833.07820000034,
              466835.42670000158
            ],
            [
              362829.53390000015,
              466847.34760000184
            ],
            [
              362826.70620000083,
              466848.58160000108
            ],
            [
              362819.40370000061,
              466844.22330000438
            ],
            [
              362810.41070000082,
              466838.12299999967
            ],
            [
              362793.25460000057,
              466833.93219999969
            ],
            [
              362780.86180000007,
              466830.89400000311
            ],
            [
              362770.14020000026,
              466825.9469000008
            ],
            [
              362762.66899999976,
              466817.4916999992
            ],
            [
              362756.81159999967,
              466814.28490000032
            ],
            [
              362744.17120000068,
              466816.61900000088
            ],
            [
              362729.16360000148,
              466819.11050000042
            ],
            [
              362719.33450000081,
              466821.72630000114
            ],
            [
              362714.92170000076,
              466827.03399999999
            ],
            [
              362703.38680000138,
              466848.28250000253
            ],
            [
              362698.53000000119,
              466868.31680000015
            ],
            [
              362699.13709999993,
              466887.74389999919
            ],
            [
              362699.30740000028,
              466903.34190000221
            ],
            [
              362695.60210000165,
              466911.11270000041
            ],
            [
              362687.47719999962,
              466914.43990000151
            ],
            [
              362666.35380000062,
              466918.09889999963
            ],
            [
              362656.71839999966,
              466925.55929999985
            ],
            [
              362653.65180000011,
              466936.73240000196
            ],
            [
              362652.76210000087,
              466948.92490000464
            ],
            [
              362649.35500000138,
              466959.38169999979
            ],
            [
              362638.18910000194,
              466973.14680000022
            ],
            [
              362623.01410000026,
              467001.89170000143
            ],
            [
              362624.15220000036,
              467007.68500000052
            ],
            [
              362629.24890000094,
              467010.33910000324
            ],
            [
              362638.95839999989,
              467012.80640000105
            ],
            [
              362651.96580000035,
              467011.48350000381
            ],
            [
              362665.82260000054,
              467013.71710000001
            ],
            [
              362691.7761000013,
              467036.02800000273
            ],
            [
              362718.64020000119,
              467060.61550000124
            ],
            [
              362733.6659000013,
              467080.19450000115
            ],
            [
              362737.30850000028,
              467088.39030000009
            ],
            [
              362734.121199999,
              467105.23730000108
            ],
            [
              362728.65740000084,
              467123.90560000204
            ],
            [
              362729.11270000134,
              467129.82489999756
            ],
            [
              362735.10120000225,
              467135.48730000108
            ],
            [
              362742.77240000106,
              467138.47600000165
            ],
            [
              362747.30590000004,
              467149.23550000042
            ],
            [
              362752.90640000068,
              467156.38130000234
            ],
            [
              362762.48809999973,
              467161.36040000245
            ],
            [
              362771.9132000003,
              467162.15289999917
            ],
            [
              362784.66229999997,
              467162.6082000006
            ],
            [
              362792.00910000131,
              467164.73720000125
            ],
            [
              362803.27490000147,
              467165.51999999955
            ],
            [
              362815.16900000069,
              467166.2508000005
            ],
            [
              362825.76489999983,
              467170.42080000229
            ],
            [
              362833.83730000164,
              467177.63389999978
            ],
            [
              362845.22050000168,
              467188.10640000179
            ],
            [
              362857.96949999966,
              467204.95340000279
            ],
            [
              362865.90080000088,
              467210.02360000089
            ],
            [
              362876.25640000124,
              467212.28790000454
            ],
            [
              362882.84779999964,
              467203.96539999917
            ],
            [
              362886.19969999976,
              467197.21289999969
            ],
            [
              362889.31309999991,
              467180.88280000165
            ],
            [
              362894.03110000119,
              467174.09250000119
            ],
            [
              362900.40710000135,
              467169.39499999955
            ],
            [
              362919.89370000083,
              467158.96560000256
            ],
            [
              362945.05289999954,
              467149.62410000153
            ],
            [
              362963.60480000079,
              467146.67190000415
            ],
            [
              362984.54980000015,
              467143.48460000195
            ],
            [
              363007.8060999997,
              467143.31270000152
            ],
            [
              363030.99289999995,
              467135.74410000071
            ],
            [
              363053.30379999988,
              467138.02070000209
            ],
            [
              363068.99210000038,
              467142.779099999
            ],
            [
              363084.26589999907,
              467150.31450000033
            ],
            [
              363097.47030000109,
              467152.59110000171
            ],
            [
              363116.13860000018,
              467153.50170000084
            ],
            [
              363145.23630000185,
              467160.4606999997
            ],
            [
              363165.76900000125,
              467166.52770000324
            ],
            [
              363173.0242000008,
              467166.39800000191
            ],
            [
              363180.15859999973,
              467164.69680000283
            ],
            [
              363185.18799999915,
              467159.88860000111
            ],
            [
              363200.09049999993,
              467148.5548000019
            ],
            [
              363208.36760000139,
              467143.35390000045
            ],
            [
              363216.76530000102,
              467142.57389999926
            ],
            [
              363245.45079999976,
              467153.50170000084
            ],
            [
              363267.15870000049,
              467167.5307
            ],
            [
              363294.73099999968,
              467183.8657000009
            ],
            [
              363309.20809999947,
              467189.87069999985
            ],
            [
              363320.5700000003,
              467189.53020000085
            ],
            [
              363325.58790000062,
              467193.11499999836
            ],
            [
              363327.40920000151,
              467199.9448000025
            ],
            [
              363305.81099999975,
              467230.46450000256
            ],
            [
              363294.62580000143,
              467251.39650000259
            ],
            [
              363275.04690000135,
              467283.72460000217
            ],
            [
              363265.3320000004,
              467296.8889000006
            ],
            [
              363254.10190000013,
              467305.12480000034
            ],
            [
              363246.83830000088,
              467314.58229999989
            ],
            [
              363245.90610000025,
              467320.60590000078
            ],
            [
              363245.74270000122,
              467328.24550000206
            ],
            [
              363249.21490000095,
              467336.23760000244
            ],
            [
              363255.46790000051,
              467341.09550000168
            ]
          ]
        ]
      }
    },
    {
      "attributes" : {
        "FID" : 5,
        "PMNTN_SN" : 40167,
        "MNTN_CODE" : "471703701",
        "MNTN_NM" : "용두산",
        "PMNTN_NM" : " ",
        "PMNTN_MAIN" : " ",
        "PMNTN_LT" : 1.57,
        "PMNTN_DFFL" : "쉬움",
        "PMNTN_UPPL" : 28,
        "PMNTN_GODN" : 19,
        "PMNTN_MTRQ" : " ",
        "PMNTN_CNRL" : " ",
        "PMNTN_CLS_" : " ",
        "PMNTN_RISK" : " ",
        "PMNTN_RECO" : " ",
        "DATA_STDR_" : "2016-12-31",
        "MNTN_ID" : "471703701"
      },
      "geometry" : {
        "paths" : [
          [
            [
              360989.95380000118,
              467146.90709999949
            ],
            [
              360991.04630000144,
              467166.02669999935
            ],
            [
              361006.88829999976,
              467171.48939999752
            ],
            [
              361038.57220000215,
              467175.3134000022
            ],
            [
              361074.62630000059,
              467176.95219999924
            ],
            [
              361092.10710000154,
              467180.22979999892
            ],
            [
              361110.13410000131,
              467177.49850000069
            ],
            [
              361140.72549999971,
              467170.39690000005
            ],
            [
              361154.92860000115,
              467172.58200000413
            ],
            [
              361166.40040000156,
              467164.3879000023
            ],
            [
              361199.72310000192,
              467146.36079999991
            ],
            [
              361230.3144999994,
              467116.86199999973
            ],
            [
              361252.16540000029,
              467091.18710000068
            ],
            [
              361287.67329999991,
              467070.42870000191
            ],
            [
              361292.54810000211,
              467073.11850000173
            ],
            [
              361301.19070000015,
              467059.02549999952
            ],
            [
              361312.4132000003,
              467058.7602000013
            ],
            [
              361326.77230000123,
              467064.88230000064
            ],
            [
              361337.68509999942,
              467061.56880000047
            ],
            [
              361357.6073000012,
              467069.43590000086
            ],
            [
              361367.30330000073,
              467060.68520000018
            ],
            [
              361376.67679999955,
              467054.35550000146
            ],
            [
              361395.91179999989,
              467028.39379999787
            ],
            [
              361409.40409999993,
              467017.03280000016
            ],
            [
              361426.14390000049,
              467012.15510000102
            ],
            [
              361437.25640000124,
              467005.1090000011
            ],
            [
              361443.36139999982,
              467005.42210000381
            ],
            [
              361457.01830000058,
              467007.06090000086
            ],
            [
              361462.48100000061,
              466998.86679999903
            ],
            [
              361466.3049999997,
              466981.3860000018
            ],
            [
              361454.83320000023,
              466966.0903000012
            ],
            [
              361446.09280000068,
              466950.24840000458
            ],
            [
              361443.90770000033,
              466942.0541999992
            ],
            [
              361448.27790000103,
              466936.04520000145
            ],
            [
              361458.65710000042,
              466937.68410000205
            ],
            [
              361465.75870000198,
              466940.41540000215
            ],
            [
              361470.67520000041,
              466954.6185999997
            ],
            [
              361476.68420000095,
              466964.45150000416
            ],
            [
              361495.80379999988,
              466977.56210000068
            ],
            [
              361521.47870000172,
              467006.51460000128
            ],
            [
              361545.51470000017,
              467049.1240000017
            ],
            [
              361547.69980000053,
              467066.05850000121
            ],
            [
              361546.60730000027,
              467081.90050000139
            ],
            [
              361544.96850000042,
              467141.44440000132
            ],
            [
              361532.95040000044,
              467174.22080000117
            ],
            [
              361527.48769999947,
              467187.33139999956
            ],
            [
              361493.07240000088,
              467229.94080000184
            ],
            [
              361479.96180000156,
              467237.58860000223
            ],
            [
              361463.57360000163,
              467236.49609999917
            ],
            [
              361444.45400000084,
              467216.28390000388
            ],
            [
              361428.61199999973,
              467214.0987999998
            ],
            [
              361410.58499999996,
              467220.65410000458
            ],
            [
              361406.21480000205,
              467233.21840000153
            ],
            [
              361413.86260000058,
              467247.96780000068
            ],
            [
              361429.70460000075,
              467279.65169999935
            ],
            [
              361437.89869999979,
              467289.48470000178
            ],
            [
              361451.0092999991,
              467298.77129999921
            ],
            [
              361451.0092999991,
              467307.51170000061
            ],
            [
              361460.29590000026,
              467322.80740000121
            ],
            [
              361471.76770000067,
              467322.80740000121
            ],
            [
              361495.25750000123,
              467314.06699999981
            ],
            [
              361499.31720000226,
              467308.43160000071
            ],
            [
              361501.58900000062,
              467298.32650000229
            ],
            [
              361502.77370000165,
              467287.14599999972
            ],
            [
              361520.21150000114,
              467282.07970000245
            ],
            [
              361536.10690000001,
              467293.28069999814
            ],
            [
              361551.44890000205,
              467296.23810000159
            ],
            [
              361555.33700000122,
              467291.3264000006
            ],
            [
              361573.90210000053,
              467287.56940000132
            ],
            [
              361577.16100000124,
              467286.65400000103
            ],
            [
              361594.48100000061,
              467286.40420000255
            ],
            [
              361604.10649999976,
              467286.93050000258
            ],
            [
              361615.47049999982,
              467290.44300000183
            ],
            [
              361623.70040000137,
              467291.09840000235
            ],
            [
              361636.220900001,
              467287.29380000196
            ],
            [
              361646.91920000128,
              467292.94769999944
            ],
            [
              361661.87190000061,
              467305.95460000448
            ],
            [
              361667.98039999977,
              467307.32090000063
            ],
            [
              361676.48010000214,
              467310.79810000211
            ],
            [
              361681.18070000131,
              467314.33630000055
            ],
            [
              361691.89030000009,
              467319.39100000262
            ],
            [
              361694.17630000133,
              467316.09230000339
            ],
            [
              361701.3618999999,
              467311.5318
            ],
            [
              361713.38370000012,
              467316.14499999955
            ],
            [
              361724.59040000103,
              467319.41550000198
            ],
            [
              361741.24310000055,
              467322.39040000364
            ],
            [
              361751.11129999999,
              467323.77630000003
            ],
            [
              361755.76730000135,
              467323.61170000024
            ],
            [
              361773.25970000122,
              467322.99320000038
            ]
          ]
        ]
      }
    },
    {
      "attributes" : {
        "FID" : 6,
        "PMNTN_SN" : 40168,
        "MNTN_CODE" : "471703701",
        "MNTN_NM" : "용두산",
        "PMNTN_NM" : " ",
        "PMNTN_MAIN" : " ",
        "PMNTN_LT" : 0.57,
        "PMNTN_DFFL" : "쉬움",
        "PMNTN_UPPL" : 10,
        "PMNTN_GODN" : 7,
        "PMNTN_MTRQ" : " ",
        "PMNTN_CNRL" : " ",
        "PMNTN_CLS_" : " ",
        "PMNTN_RISK" : " ",
        "PMNTN_RECO" : " ",
        "DATA_STDR_" : "2016-12-31",
        "MNTN_ID" : "471703701"
      },
      "geometry" : {
        "paths" : [
          [
            [
              361773.25970000122,
              467322.99320000038
            ],
            [
              361775.30220000166,
              467320.84530000016
            ],
            [
              361777.84560000058,
              467314.92280000076
            ],
            [
              361783.06579999905,
              467300.51009999961
            ],
            [
              361795.44820000045,
              467288.69959999807
            ],
            [
              361806.84480000194,
              467275.72350000218
            ],
            [
              361813.64890000224,
              467264.82760000415
            ],
            [
              361804.74890000094,
              467255.18770000152
            ],
            [
              361796.32380000129,
              467237.48550000042
            ],
            [
              361791.42890000064,
              467218.68430000171
            ],
            [
              361784.01890000049,
              467195.94950000383
            ],
            [
              361791.91370000038,
              467178.46750000119
            ],
            [
              361811.96499999985,
              467167.45570000261
            ],
            [
              361839.12870000117,
              467148.3059000019
            ],
            [
              361856.80410000123,
              467128.91730000079
            ],
            [
              361863.71839999966,
              467106.48160000145
            ],
            [
              361867.78030000068,
              467066.8571000006
            ],
            [
              361867.38210000098,
              467045.75709999911
            ],
            [
              361858.92960000038,
              467025.05069999956
            ],
            [
              361851.46310000122,
              466996.80770000257
            ],
            [
              361836.85780000035,
              466975.7929999996
            ],
            [
              361826.59090000112,
              466965.26940000243
            ],
            [
              361815.15710000042,
              466932.89980000444
            ],
            [
              361805.08050000016,
              466907.12780000269
            ],
            [
              361811.81869999971,
              466881.41890000179
            ],
            [
              361805.15840000007,
              466862.38960000128
            ],
            [
              361802.69160000049,
              466848.41470000148
            ],
            [
              361796.91930000018,
              466827.21419999935
            ]
          ]
        ]
      }
    },
    {
      "attributes" : {
        "FID" : 7,
        "PMNTN_SN" : 40169,
        "MNTN_CODE" : "471703701",
        "MNTN_NM" : "용두산",
        "PMNTN_NM" : "태자리구간",
        "PMNTN_MAIN" : " ",
        "PMNTN_LT" : 0.99,
        "PMNTN_DFFL" : "쉬움",
        "PMNTN_UPPL" : 30,
        "PMNTN_GODN" : 21,
        "PMNTN_MTRQ" : " ",
        "PMNTN_CNRL" : " ",
        "PMNTN_CLS_" : " ",
        "PMNTN_RISK" : " ",
        "PMNTN_RECO" : " ",
        "DATA_STDR_" : "2016-12-31",
        "MNTN_ID" : "471703701"
      },
      "geometry" : {
        "paths" : [
          [
            [
              361773.25970000122,
              467322.99320000038
            ],
            [
              361802.32510000188,
              467347.26300000213
            ],
            [
              361827.41089999955,
              467364.32140000165
            ],
            [
              361854.0019000005,
              467375.86089999974
            ],
            [
              361894.13930000085,
              467386.39690000005
            ],
            [
              361915.21140000038,
              467385.89520000108
            ],
            [
              361940.79890000168,
              467378.87120000273
            ],
            [
              362001.00500000082,
              467367.83340000175
            ],
            [
              362057.19730000105,
              467354.78880000301
            ],
            [
              362091.31400000025,
              467344.75440000184
            ],
            [
              362109.3758000005,
              467342.24580000341
            ],
            [
              362127.43759999983,
              467345.25610000081
            ],
            [
              362168.57840000093,
              467367.33170000277
            ],
            [
              362184.1316000009,
              467375.86089999974
            ],
            [
              362201.69170000218,
              467395.92950000241
            ],
            [
              362244.4048000006,
              467457.03380000032
            ],
            [
              362253.43570000026,
              467463.05440000258
            ],
            [
              362260.45970000047,
              467465.56300000101
            ],
            [
              362273.50070000067,
              467468.71230000071
            ],
            [
              362284.15070000011,
              467466.03079999797
            ],
            [
              362283.81319999974,
              467455.30150000192
            ],
            [
              362288.16399999987,
              467446.13319999911
            ],
            [
              362294.75760000106,
              467437.33070000261
            ],
            [
              362303.66220000014,
              467433.40590000153
            ],
            [
              362316.59710000083,
              467432.68450000137
            ],
            [
              362329.79059999995,
              467434.51040000096
            ],
            [
              362345.18280000053,
              467441.08410000056
            ],
            [
              362352.62310000136,
              467453.67490000464
            ],
            [
              362357.22400000133,
              467474.69910000078
            ],
            [
              362365.48209999967,
              467484.61999999918
            ],
            [
              362372.87210000027,
              467493.4980999995
            ],
            [
              362383.71360000037,
              467506.52260000072
            ],
            [
              362396.51270000078,
              467516.92570000142
            ],
            [
              362413.50480000023,
              467534.43810000271
            ],
            [
              362421.12280000094,
              467538.75229999982
            ],
            [
              362423.39560000133,
              467546.47060000338
            ],
            [
              362428.95179999992,
              467551.83790000156
            ],
            [
              362435.99350000173,
              467557.98409999907
            ],
            [
              362450.66000000015,
              467565.50930000283
            ],
            [
              362455.87080000062,
              467572.23560000025
            ],
            [
              362459.84260000102,
              467579.6406000033
            ],
            [
              362471.61539999954,
              467590.33110000379
            ],
            [
              362483.35680000018,
              467602.47670000046
            ],
            [
              362491.90310000069,
              467606.72670000046
            ],
            [
              362501.31969999988,
              467611.7814000044
            ],
            [
              362507.34570000041,
              467618.26640000381
            ],
            [
              362517.61859999876,
              467627.45820000209
            ],
            [
              362552.39190000109,
              467655.81890000217
            ],
            [
              362559.4159000013,
              467667.35840000212
            ],
            [
              362559.4159000013,
              467671.3721000012
            ]
          ]
        ]
      }
    },
    {
      "attributes" : {
        "FID" : 8,
        "PMNTN_SN" : 40170,
        "MNTN_CODE" : "471703701",
        "MNTN_NM" : "용두산",
        "PMNTN_NM" : "매정리구간",
        "PMNTN_MAIN" : " ",
        "PMNTN_LT" : 0.96,
        "PMNTN_DFFL" : "쉬움",
        "PMNTN_UPPL" : 18,
        "PMNTN_GODN" : 13,
        "PMNTN_MTRQ" : " ",
        "PMNTN_CNRL" : " ",
        "PMNTN_CLS_" : " ",
        "PMNTN_RISK" : " ",
        "PMNTN_RECO" : " ",
        "DATA_STDR_" : "2016-12-31",
        "MNTN_ID" : "471703701"
      },
      "geometry" : {
        "paths" : [
          [
            [
              360455.31740000099,
              467742.54120000266
            ],
            [
              360466.26759999897,
              467737.93060000241
            ],
            [
              360480.96950000152,
              467731.69430000149
            ],
            [
              360489.42899999954,
              467728.32410000265
            ],
            [
              360491.62579999957,
              467732.74370000139
            ],
            [
              360499.19650000054,
              467737.05670000054
            ],
            [
              360508.55670000147,
              467740.95370000228
            ],
            [
              360516.75780000072,
              467741.81949999928
            ],
            [
              360523.66420000046,
              467741.26539999805
            ],
            [
              360546.82530000061,
              467735.35540000163
            ],
            [
              360562.15490000229,
              467728.78540000133
            ],
            [
              360579.22710000072,
              467713.14870000072
            ],
            [
              360590.60890000034,
              467707.81279999949
            ],
            [
              360600.55110000167,
              467707.38540000096
            ],
            [
              360612.02370000072,
              467706.34600000083
            ],
            [
              360626.94940000027,
              467707.74439999834
            ],
            [
              360646.08080000058,
              467712.57240000181
            ],
            [
              360658.18360000104,
              467711.99599999748
            ],
            [
              360667.62530000042,
              467707.65310000256
            ],
            [
              360674.89700000081,
              467701.04590000026
            ],
            [
              360689.88140000124,
              467687.21410000138
            ],
            [
              360703.82589999959,
              467674.50620000064
            ],
            [
              360720.2173000006,
              467659.12980000116
            ],
            [
              360726.91420000046,
              467645.97140000015
            ],
            [
              360729.11800000072,
              467634.59650000185
            ],
            [
              360727.1958999997,
              467625.44339999929
            ],
            [
              360737.57510000188,
              467609.05510000139
            ],
            [
              360752.36540000141,
              467602.29230000265
            ],
            [
              360762.15739999991,
              467599.22220000252
            ],
            [
              360767.81639999989,
              467590.18310000002
            ],
            [
              360768.6101000011,
              467579.63709999993
            ],
            [
              360765.43510000128,
              467567.53830000013
            ],
            [
              360765.18460000027,
              467557.67339999974
            ],
            [
              360768.71270000096,
              467550.05750000291
            ],
            [
              360782.91580000054,
              467538.5858000014
            ],
            [
              360790.91590000223,
              467529.05060000345
            ],
            [
              360797.66520000063,
              467520.01240000129
            ],
            [
              360804.06860000081,
              467494.43960000202
            ],
            [
              360807.49820000026,
              467466.47760000266
            ],
            [
              360807.49820000026,
              467441.89520000108
            ],
            [
              360808.24070000183,
              467397.39950000308
            ],
            [
              360812.41460000072,
              467367.05560000055
            ],
            [
              360821.70130000077,
              467343.0196000021
            ],
            [
              360829.36620000005,
              467327.52769999951
            ],
            [
              360851.20010000002,
              467306.96550000459
            ],
            [
              360875.81670000032,
              467282.43439999968
            ],
            [
              360885.22989999969,
              467268.98760000058
            ],
            [
              360889.4392999988,
              467257.25450000353
            ],
            [
              360892.61070000008,
              467246.07809999958
            ],
            [
              360903.64250000007,
              467228.30199999921
            ],
            [
              360914.56790000107,
              467202.62710000016
            ],
            [
              360922.10660000145,
              467188.7798999995
            ],
            [
              360922.16450000089,
              467178.62529999949
            ],
            [
              360917.84559999965,
              467165.48039999977
            ],
            [
              360920.0307,
              467151.82359999977
            ],
            [
              360933.32290000003,
              467140.31269999966
            ],
            [
              360951.16830000002,
              467131.61140000448
            ],
            [
              360961.5214999998,
              467134.32300000079
            ],
            [
              360974.111800001,
              467137.62040000223
            ],
            [
              360989.95380000118,
              467146.90709999949
            ]
          ]
        ]
      }
    }
  ]
}