{
  "displayFieldName" : "",
  "fieldAliases" : {
    "FID" : "FID",
    "PMNTN_SPOT" : "PMNTN_SPOT",
    "MNTN_CODE" : "MNTN_CODE",
    "MANAGE_SP1" : "MANAGE_SP1",
    "MANAGE_SP2" : "MANAGE_SP2",
    "DETAIL_SPO" : "DETAIL_SPO",
    "ETC_MATTER" : "ETC_MATTER",
    "MNTN_NM" : "MNTN_NM",
    "PAST_SPOT_" : "PAST_SPOT_",
    "MNTN_ID" : "MNTN_ID"
  },
  "geometryType" : "esriGeometryPoint",
  "spatialReference" : {
    "wkt" : "PROJCS[\"PCS_ITRF2000_TM\",GEOGCS[\"GCS_ITRF_2000\",DATUM[\"D_ITRF_2000\",SPHEROID[\"GRS_1980\",6378137.0,298.257222101]],PRIMEM[\"Greenwich\",0.0],UNIT[\"Degree\",0.0174532925199433]],PROJECTION[\"Transverse_Mercator\"],PARAMETER[\"False_Easting\",200000.0],PARAMETER[\"False_Northing\",600000.0],PARAMETER[\"Central_Meridian\",127.0],PARAMETER[\"Scale_Factor\",1.0],PARAMETER[\"Latitude_Of_Origin\",38.0],UNIT[\"Meter\",1.0]]"
  },
  "fields" : [
    {
      "name" : "FID",
      "type" : "esriFieldTypeOID",
      "alias" : "FID"
    },
    {
      "name" : "PMNTN_SPOT",
      "type" : "esriFieldTypeDouble",
      "alias" : "PMNTN_SPOT"
    },
    {
      "name" : "MNTN_CODE",
      "type" : "esriFieldTypeString",
      "alias" : "MNTN_CODE",
      "length" : 9
    },
    {
      "name" : "MANAGE_SP1",
      "type" : "esriFieldTypeString",
      "alias" : "MANAGE_SP1",
      "length" : 2
    },
    {
      "name" : "MANAGE_SP2",
      "type" : "esriFieldTypeString",
      "alias" : "MANAGE_SP2",
      "length" : 50
    },
    {
      "name" : "DETAIL_SPO",
      "type" : "esriFieldTypeString",
      "alias" : "DETAIL_SPO",
      "length" : 200
    },
    {
      "name" : "ETC_MATTER",
      "type" : "esriFieldTypeString",
      "alias" : "ETC_MATTER",
      "length" : 200
    },
    {
      "name" : "MNTN_NM",
      "type" : "esriFieldTypeString",
      "alias" : "MNTN_NM",
      "length" : 50
    },
    {
      "name" : "PAST_SPOT_",
      "type" : "esriFieldTypeString",
      "alias" : "PAST_SPOT_",
      "length" : 14
    },
    {
      "name" : "MNTN_ID",
      "type" : "esriFieldTypeString",
      "alias" : "MNTN_ID",
      "length" : 10
    }
  ],
  "features" : [
    {
      "attributes" : {
        "FID" : 0,
        "PMNTN_SPOT" : 68662,
        "MNTN_CODE" : "471703701",
        "MANAGE_SP1" : "01",
        "MANAGE_SP2" : "시종점",
        "DETAIL_SPO" : "시종점",
        "ETC_MATTER" : " ",
        "MNTN_NM" : "용두산",
        "PAST_SPOT_" : "4717037010001",
        "MNTN_ID" : "471703701"
      },
      "geometry" : {
        "x" : 360455.31740001682,
        "y" : 467742.54120000266
      }
    },
    {
      "attributes" : {
        "FID" : 1,
        "PMNTN_SPOT" : 68663,
        "MNTN_CODE" : "471703701",
        "MANAGE_SP1" : "02",
        "MANAGE_SP2" : "분기점",
        "DETAIL_SPO" : "분기점",
        "ETC_MATTER" : " ",
        "MNTN_NM" : "용두산",
        "PAST_SPOT_" : "4717037010002",
        "MNTN_ID" : "471703701"
      },
      "geometry" : {
        "x" : 360989.95380001422,
        "y" : 467146.90709999949
      }
    },
    {
      "attributes" : {
        "FID" : 2,
        "PMNTN_SPOT" : 68664,
        "MNTN_CODE" : "471703701",
        "MANAGE_SP1" : "02",
        "MANAGE_SP2" : "분기점",
        "DETAIL_SPO" : "분기점",
        "ETC_MATTER" : " ",
        "MNTN_NM" : "용두산",
        "PAST_SPOT_" : "4717037010003",
        "MNTN_ID" : "471703701"
      },
      "geometry" : {
        "x" : 361057.70500001963,
        "y" : 466383.75330000371
      }
    },
    {
      "attributes" : {
        "FID" : 3,
        "PMNTN_SPOT" : 68665,
        "MNTN_CODE" : "471703701",
        "MANAGE_SP1" : "01",
        "MANAGE_SP2" : "시종점",
        "DETAIL_SPO" : "시종점",
        "ETC_MATTER" : " ",
        "MNTN_NM" : "용두산",
        "PAST_SPOT_" : "4717037010004",
        "MNTN_ID" : "471703701"
      },
      "geometry" : {
        "x" : 361634.25410001725,
        "y" : 465269.03400000185
      }
    },
    {
      "attributes" : {
        "FID" : 4,
        "PMNTN_SPOT" : 68666,
        "MNTN_CODE" : "471703701",
        "MANAGE_SP1" : "01",
        "MANAGE_SP2" : "시종점",
        "DETAIL_SPO" : "시종점",
        "ETC_MATTER" : " ",
        "MNTN_NM" : "용두산",
        "PAST_SPOT_" : "4717037010005",
        "MNTN_ID" : "471703701"
      },
      "geometry" : {
        "x" : 361723.25590001512,
        "y" : 465228.01160000637
      }
    },
    {
      "attributes" : {
        "FID" : 5,
        "PMNTN_SPOT" : 68667,
        "MNTN_CODE" : "471703701",
        "MANAGE_SP1" : "02",
        "MANAGE_SP2" : "분기점",
        "DETAIL_SPO" : "분기점",
        "ETC_MATTER" : " ",
        "MNTN_NM" : "용두산",
        "PAST_SPOT_" : "4717037010006",
        "MNTN_ID" : "471703701"
      },
      "geometry" : {
        "x" : 361773.25970001891,
        "y" : 467322.99320000038
      }
    },
    {
      "attributes" : {
        "FID" : 6,
        "PMNTN_SPOT" : 68668,
        "MNTN_CODE" : "471703701",
        "MANAGE_SP1" : "02",
        "MANAGE_SP2" : "분기점",
        "DETAIL_SPO" : "분기점",
        "ETC_MATTER" : " ",
        "MNTN_NM" : "용두산",
        "PAST_SPOT_" : "4717037010007",
        "MNTN_ID" : "471703701"
      },
      "geometry" : {
        "x" : 361796.91930001322,
        "y" : 466827.21419999935
      }
    },
    {
      "attributes" : {
        "FID" : 7,
        "PMNTN_SPOT" : 68669,
        "MNTN_CODE" : "471703701",
        "MANAGE_SP1" : "01",
        "MANAGE_SP2" : "시종점",
        "DETAIL_SPO" : "시종점",
        "ETC_MATTER" : " ",
        "MNTN_NM" : "용두산",
        "PAST_SPOT_" : "4717037010008",
        "MNTN_ID" : "471703701"
      },
      "geometry" : {
        "x" : 362559.41590001713,
        "y" : 467671.3721000012
      }
    },
    {
      "attributes" : {
        "FID" : 8,
        "PMNTN_SPOT" : 68670,
        "MNTN_CODE" : "471703701",
        "MANAGE_SP1" : "01",
        "MANAGE_SP2" : "시종점",
        "DETAIL_SPO" : "시종점",
        "ETC_MATTER" : " ",
        "MNTN_NM" : "용두산",
        "PAST_SPOT_" : "4717037010009",
        "MNTN_ID" : "471703701"
      },
      "geometry" : {
        "x" : 363255.46790001821,
        "y" : 467341.09550000168
      }
    }
  ]
}