{
  "displayFieldName" : "",
  "fieldAliases" : {
    "FID" : "FID",
    "PMNTN_SPOT" : "PMNTN_SPOT",
    "MNTN_CODE" : "MNTN_CODE",
    "MANAGE_SP1" : "MANAGE_SP1",
    "MANAGE_SP2" : "MANAGE_SP2",
    "DETAIL_SPO" : "DETAIL_SPO",
    "ETC_MATTER" : "ETC_MATTER",
    "MNTN_NM" : "MNTN_NM",
    "PAST_SPOT_" : "PAST_SPOT_",
    "MNTN_ID" : "MNTN_ID"
  },
  "geometryType" : "esriGeometryPoint",
  "spatialReference" : {
    "wkt" : "PROJCS[\"PCS_ITRF2000_TM\",GEOGCS[\"GCS_ITRF_2000\",DATUM[\"D_ITRF_2000\",SPHEROID[\"GRS_1980\",6378137.0,298.257222101]],PRIMEM[\"Greenwich\",0.0],UNIT[\"Degree\",0.0174532925199433]],PROJECTION[\"Transverse_Mercator\"],PARAMETER[\"False_Easting\",200000.0],PARAMETER[\"False_Northing\",600000.0],PARAMETER[\"Central_Meridian\",127.0],PARAMETER[\"Scale_Factor\",1.0],PARAMETER[\"Latitude_Of_Origin\",38.0],UNIT[\"Meter\",1.0]]"
  },
  "fields" : [
    {
      "name" : "FID",
      "type" : "esriFieldTypeOID",
      "alias" : "FID"
    },
    {
      "name" : "PMNTN_SPOT",
      "type" : "esriFieldTypeDouble",
      "alias" : "PMNTN_SPOT"
    },
    {
      "name" : "MNTN_CODE",
      "type" : "esriFieldTypeString",
      "alias" : "MNTN_CODE",
      "length" : 9
    },
    {
      "name" : "MANAGE_SP1",
      "type" : "esriFieldTypeString",
      "alias" : "MANAGE_SP1",
      "length" : 2
    },
    {
      "name" : "MANAGE_SP2",
      "type" : "esriFieldTypeString",
      "alias" : "MANAGE_SP2",
      "length" : 50
    },
    {
      "name" : "DETAIL_SPO",
      "type" : "esriFieldTypeString",
      "alias" : "DETAIL_SPO",
      "length" : 200
    },
    {
      "name" : "ETC_MATTER",
      "type" : "esriFieldTypeString",
      "alias" : "ETC_MATTER",
      "length" : 200
    },
    {
      "name" : "MNTN_NM",
      "type" : "esriFieldTypeString",
      "alias" : "MNTN_NM",
      "length" : 50
    },
    {
      "name" : "PAST_SPOT_",
      "type" : "esriFieldTypeString",
      "alias" : "PAST_SPOT_",
      "length" : 14
    },
    {
      "name" : "MNTN_ID",
      "type" : "esriFieldTypeString",
      "alias" : "MNTN_ID",
      "length" : 10
    }
  ],
  "features" : [
    {
      "attributes" : {
        "FID" : 0,
        "PMNTN_SPOT" : 56081,
        "MNTN_CODE" : "301101201",
        "MANAGE_SP1" : "11",
        "MANAGE_SP2" : "안내판또는지도",
        "DETAIL_SPO" : "안내판",
        "ETC_MATTER" : " ",
        "MNTN_NM" : "식장산",
        "PAST_SPOT_" : "16024612000001",
        "MNTN_ID" : "1602461200"
      },
      "geometry" : {
        "x" : 243486.36810000055,
        "y" : 414631.81300000101
      }
    },
    {
      "attributes" : {
        "FID" : 1,
        "PMNTN_SPOT" : 56082,
        "MNTN_CODE" : "301101201",
        "MANAGE_SP1" : "05",
        "MANAGE_SP2" : "벤치",
        "DETAIL_SPO" : "평의자",
        "ETC_MATTER" : " ",
        "MNTN_NM" : "식장산",
        "PAST_SPOT_" : "16024612000002",
        "MNTN_ID" : "1602461200"
      },
      "geometry" : {
        "x" : 243439.95330000017,
        "y" : 414306.21800000221
      }
    },
    {
      "attributes" : {
        "FID" : 2,
        "PMNTN_SPOT" : 56083,
        "MNTN_CODE" : "301101201",
        "MANAGE_SP1" : "99",
        "MANAGE_SP2" : "기타",
        "DETAIL_SPO" : "침목데크시작",
        "ETC_MATTER" : " ",
        "MNTN_NM" : "식장산",
        "PAST_SPOT_" : "16024612000003",
        "MNTN_ID" : "1602461200"
      },
      "geometry" : {
        "x" : 243438.17680000141,
        "y" : 414264.5289000012
      }
    },
    {
      "attributes" : {
        "FID" : 3,
        "PMNTN_SPOT" : 56084,
        "MNTN_CODE" : "301101201",
        "MANAGE_SP1" : "05",
        "MANAGE_SP2" : "벤치",
        "DETAIL_SPO" : "평의자",
        "ETC_MATTER" : " ",
        "MNTN_NM" : "식장산",
        "PAST_SPOT_" : "16024612000004",
        "MNTN_ID" : "1602461200"
      },
      "geometry" : {
        "x" : 243429.4242000021,
        "y" : 414217.20100000128
      }
    },
    {
      "attributes" : {
        "FID" : 4,
        "PMNTN_SPOT" : 56085,
        "MNTN_CODE" : "301101201",
        "MANAGE_SP1" : "05",
        "MANAGE_SP2" : "벤치",
        "DETAIL_SPO" : "평의자",
        "ETC_MATTER" : " ",
        "MNTN_NM" : "식장산",
        "PAST_SPOT_" : "16024612000005",
        "MNTN_ID" : "1602461200"
      },
      "geometry" : {
        "x" : 243429.88800000027,
        "y" : 414178.20860000141
      }
    },
    {
      "attributes" : {
        "FID" : 5,
        "PMNTN_SPOT" : 56086,
        "MNTN_CODE" : "301101201",
        "MANAGE_SP1" : "99",
        "MANAGE_SP2" : "기타",
        "DETAIL_SPO" : "자연석포장시작,침목데크끝",
        "ETC_MATTER" : " ",
        "MNTN_NM" : "식장산",
        "PAST_SPOT_" : "16024612000006",
        "MNTN_ID" : "1602461200"
      },
      "geometry" : {
        "x" : 243428.0848000003,
        "y" : 414168.86700000055
      }
    },
    {
      "attributes" : {
        "FID" : 6,
        "PMNTN_SPOT" : 56087,
        "MNTN_CODE" : "301101201",
        "MANAGE_SP1" : "05",
        "MANAGE_SP2" : "벤치",
        "DETAIL_SPO" : "평의자",
        "ETC_MATTER" : " ",
        "MNTN_NM" : "식장산",
        "PAST_SPOT_" : "16024612000007",
        "MNTN_ID" : "1602461200"
      },
      "geometry" : {
        "x" : 243419.89680000115,
        "y" : 414141.54990000464
      }
    },
    {
      "attributes" : {
        "FID" : 7,
        "PMNTN_SPOT" : 56088,
        "MNTN_CODE" : "301101201",
        "MANAGE_SP1" : "05",
        "MANAGE_SP2" : "벤치",
        "DETAIL_SPO" : "평의자",
        "ETC_MATTER" : " ",
        "MNTN_NM" : "식장산",
        "PAST_SPOT_" : "16024612000008",
        "MNTN_ID" : "1602461200"
      },
      "geometry" : {
        "x" : 243413.83980000112,
        "y" : 414117.26170000061
      }
    },
    {
      "attributes" : {
        "FID" : 8,
        "PMNTN_SPOT" : 56089,
        "MNTN_CODE" : "301101201",
        "MANAGE_SP1" : "05",
        "MANAGE_SP2" : "벤치",
        "DETAIL_SPO" : "평의자",
        "ETC_MATTER" : " ",
        "MNTN_NM" : "식장산",
        "PAST_SPOT_" : "16024612000009",
        "MNTN_ID" : "1602461200"
      },
      "geometry" : {
        "x" : 243397.22339999862,
        "y" : 414042.35200000182
      }
    },
    {
      "attributes" : {
        "FID" : 9,
        "PMNTN_SPOT" : 56090,
        "MNTN_CODE" : "301101201",
        "MANAGE_SP1" : "99",
        "MANAGE_SP2" : "기타",
        "DETAIL_SPO" : "자연석포장끝",
        "ETC_MATTER" : " ",
        "MNTN_NM" : "식장산",
        "PAST_SPOT_" : "16024612000010",
        "MNTN_ID" : "1602461200"
      },
      "geometry" : {
        "x" : 243397.97210000083,
        "y" : 413989.38990000263
      }
    },
    {
      "attributes" : {
        "FID" : 10,
        "PMNTN_SPOT" : 56091,
        "MNTN_CODE" : "301101201",
        "MANAGE_SP1" : "05",
        "MANAGE_SP2" : "벤치",
        "DETAIL_SPO" : "평의자",
        "ETC_MATTER" : " ",
        "MNTN_NM" : "식장산",
        "PAST_SPOT_" : "16024612000011",
        "MNTN_ID" : "1602461200"
      },
      "geometry" : {
        "x" : 243399.61260000058,
        "y" : 413944.9103000015
      }
    },
    {
      "attributes" : {
        "FID" : 11,
        "PMNTN_SPOT" : 56092,
        "MNTN_CODE" : "301101201",
        "MANAGE_SP1" : "05",
        "MANAGE_SP2" : "벤치",
        "DETAIL_SPO" : "평의자",
        "ETC_MATTER" : " ",
        "MNTN_NM" : "식장산",
        "PAST_SPOT_" : "16024612000012",
        "MNTN_ID" : "1602461200"
      },
      "geometry" : {
        "x" : 243389.23900000099,
        "y" : 413907.40640000068
      }
    },
    {
      "attributes" : {
        "FID" : 12,
        "PMNTN_SPOT" : 56093,
        "MNTN_CODE" : "301101201",
        "MANAGE_SP1" : "05",
        "MANAGE_SP2" : "벤치",
        "DETAIL_SPO" : "평의자,뿌리노출시작",
        "ETC_MATTER" : " ",
        "MNTN_NM" : "식장산",
        "PAST_SPOT_" : "16024612000013",
        "MNTN_ID" : "1602461200"
      },
      "geometry" : {
        "x" : 243395.24400000274,
        "y" : 413884.4878000021
      }
    },
    {
      "attributes" : {
        "FID" : 13,
        "PMNTN_SPOT" : 56094,
        "MNTN_CODE" : "301101201",
        "MANAGE_SP1" : "05",
        "MANAGE_SP2" : "벤치",
        "DETAIL_SPO" : "평의자,뿌리노출끝",
        "ETC_MATTER" : " ",
        "MNTN_NM" : "식장산",
        "PAST_SPOT_" : "16024612000014",
        "MNTN_ID" : "1602461200"
      },
      "geometry" : {
        "x" : 243410.60440000333,
        "y" : 413822.27700000256
      }
    },
    {
      "attributes" : {
        "FID" : 14,
        "PMNTN_SPOT" : 56095,
        "MNTN_CODE" : "301101201",
        "MANAGE_SP1" : "99",
        "MANAGE_SP2" : "기타",
        "DETAIL_SPO" : "자연석포장시작",
        "ETC_MATTER" : " ",
        "MNTN_NM" : "식장산",
        "PAST_SPOT_" : "16024612000015",
        "MNTN_ID" : "1602461200"
      },
      "geometry" : {
        "x" : 243424.7638000017,
        "y" : 413759.63870000094
      }
    },
    {
      "attributes" : {
        "FID" : 15,
        "PMNTN_SPOT" : 56096,
        "MNTN_CODE" : "301101201",
        "MANAGE_SP1" : "05",
        "MANAGE_SP2" : "벤치",
        "DETAIL_SPO" : "평의자",
        "ETC_MATTER" : " ",
        "MNTN_NM" : "식장산",
        "PAST_SPOT_" : "16024612000016",
        "MNTN_ID" : "1602461200"
      },
      "geometry" : {
        "x" : 243422.91949999984,
        "y" : 413720.67910000123
      }
    },
    {
      "attributes" : {
        "FID" : 16,
        "PMNTN_SPOT" : 56097,
        "MNTN_CODE" : "301101201",
        "MANAGE_SP1" : "05",
        "MANAGE_SP2" : "벤치",
        "DETAIL_SPO" : "평의자,자연석포장끝",
        "ETC_MATTER" : " ",
        "MNTN_NM" : "식장산",
        "PAST_SPOT_" : "16024612000017",
        "MNTN_ID" : "1602461200"
      },
      "geometry" : {
        "x" : 243401.53940000013,
        "y" : 413651.87130000256
      }
    },
    {
      "attributes" : {
        "FID" : 17,
        "PMNTN_SPOT" : 56098,
        "MNTN_CODE" : "301101201",
        "MANAGE_SP1" : "05",
        "MANAGE_SP2" : "벤치",
        "DETAIL_SPO" : "평의자",
        "ETC_MATTER" : " ",
        "MNTN_NM" : "식장산",
        "PAST_SPOT_" : "16024612000018",
        "MNTN_ID" : "1602461200"
      },
      "geometry" : {
        "x" : 243422.6939000031,
        "y" : 413573.15499999933
      }
    },
    {
      "attributes" : {
        "FID" : 18,
        "PMNTN_SPOT" : 56099,
        "MNTN_CODE" : "301101201",
        "MANAGE_SP1" : "05",
        "MANAGE_SP2" : "벤치",
        "DETAIL_SPO" : "평의자(2),천건너",
        "ETC_MATTER" : " ",
        "MNTN_NM" : "식장산",
        "PAST_SPOT_" : "16024612000019",
        "MNTN_ID" : "1602461200"
      },
      "geometry" : {
        "x" : 243511.85379999969,
        "y" : 413241.53429999948
      }
    },
    {
      "attributes" : {
        "FID" : 19,
        "PMNTN_SPOT" : 56100,
        "MNTN_CODE" : "301101201",
        "MANAGE_SP1" : "99",
        "MANAGE_SP2" : "기타",
        "DETAIL_SPO" : "자연석포장시작",
        "ETC_MATTER" : " ",
        "MNTN_NM" : "식장산",
        "PAST_SPOT_" : "16024612000020",
        "MNTN_ID" : "1602461200"
      },
      "geometry" : {
        "x" : 243491.1026999997,
        "y" : 413096.97059999965
      }
    },
    {
      "attributes" : {
        "FID" : 20,
        "PMNTN_SPOT" : 56101,
        "MNTN_CODE" : "301101201",
        "MANAGE_SP1" : "05",
        "MANAGE_SP2" : "벤치",
        "DETAIL_SPO" : "평의자",
        "ETC_MATTER" : " ",
        "MNTN_NM" : "식장산",
        "PAST_SPOT_" : "16024612000021",
        "MNTN_ID" : "1602461200"
      },
      "geometry" : {
        "x" : 243467.99220000114,
        "y" : 412912.12429999933
      }
    },
    {
      "attributes" : {
        "FID" : 21,
        "PMNTN_SPOT" : 56102,
        "MNTN_CODE" : "301101201",
        "MANAGE_SP1" : "05",
        "MANAGE_SP2" : "벤치",
        "DETAIL_SPO" : "평의자",
        "ETC_MATTER" : " ",
        "MNTN_NM" : "식장산",
        "PAST_SPOT_" : "16024612000022",
        "MNTN_ID" : "1602461200"
      },
      "geometry" : {
        "x" : 243496.27420000173,
        "y" : 412883.14699999988
      }
    },
    {
      "attributes" : {
        "FID" : 22,
        "PMNTN_SPOT" : 56103,
        "MNTN_CODE" : "301101201",
        "MANAGE_SP1" : "05",
        "MANAGE_SP2" : "벤치",
        "DETAIL_SPO" : "평의자",
        "ETC_MATTER" : " ",
        "MNTN_NM" : "식장산",
        "PAST_SPOT_" : "16024612000023",
        "MNTN_ID" : "1602461200"
      },
      "geometry" : {
        "x" : 243534.35380000249,
        "y" : 412755.46700000018
      }
    },
    {
      "attributes" : {
        "FID" : 23,
        "PMNTN_SPOT" : 56104,
        "MNTN_CODE" : "301101201",
        "MANAGE_SP1" : "05",
        "MANAGE_SP2" : "벤치",
        "DETAIL_SPO" : "평의자",
        "ETC_MATTER" : " ",
        "MNTN_NM" : "식장산",
        "PAST_SPOT_" : "16024612000024",
        "MNTN_ID" : "1602461200"
      },
      "geometry" : {
        "x" : 243530.93720000144,
        "y" : 412709.46409999952
      }
    },
    {
      "attributes" : {
        "FID" : 24,
        "PMNTN_SPOT" : 56105,
        "MNTN_CODE" : "301101201",
        "MANAGE_SP1" : "11",
        "MANAGE_SP2" : "안내판또는지도",
        "DETAIL_SPO" : "안내판(2),평의자",
        "ETC_MATTER" : " ",
        "MNTN_NM" : "식장산",
        "PAST_SPOT_" : "16024612000025",
        "MNTN_ID" : "1602461200"
      },
      "geometry" : {
        "x" : 243528.21939999983,
        "y" : 412676.39270000346
      }
    },
    {
      "attributes" : {
        "FID" : 25,
        "PMNTN_SPOT" : 56106,
        "MNTN_CODE" : "301101201",
        "MANAGE_SP1" : "05",
        "MANAGE_SP2" : "벤치",
        "DETAIL_SPO" : "평의자(2)",
        "ETC_MATTER" : " ",
        "MNTN_NM" : "식장산",
        "PAST_SPOT_" : "16024612000026",
        "MNTN_ID" : "1602461200"
      },
      "geometry" : {
        "x" : 243525.6650000019,
        "y" : 412633.9896000009
      }
    },
    {
      "attributes" : {
        "FID" : 26,
        "PMNTN_SPOT" : 56107,
        "MNTN_CODE" : "301101201",
        "MANAGE_SP1" : "99",
        "MANAGE_SP2" : "기타",
        "DETAIL_SPO" : "통나무계단7단",
        "ETC_MATTER" : " ",
        "MNTN_NM" : "식장산",
        "PAST_SPOT_" : "16024612000027",
        "MNTN_ID" : "1602461200"
      },
      "geometry" : {
        "x" : 243728.5390999997,
        "y" : 412269.48279999942
      }
    },
    {
      "attributes" : {
        "FID" : 27,
        "PMNTN_SPOT" : 56108,
        "MNTN_CODE" : "301101201",
        "MANAGE_SP1" : "11",
        "MANAGE_SP2" : "안내판또는지도",
        "DETAIL_SPO" : "안내판,조망점,평의자(4),노선분기시작",
        "ETC_MATTER" : " ",
        "MNTN_NM" : "식장산",
        "PAST_SPOT_" : "16024612000028",
        "MNTN_ID" : "1602461200"
      },
      "geometry" : {
        "x" : 244700.90700000059,
        "y" : 411593.81699999981
      }
    },
    {
      "attributes" : {
        "FID" : 28,
        "PMNTN_SPOT" : 56109,
        "MNTN_CODE" : "301101201",
        "MANAGE_SP1" : "99",
        "MANAGE_SP2" : "기타",
        "DETAIL_SPO" : "평상,자연석계단시작",
        "ETC_MATTER" : " ",
        "MNTN_NM" : "식장산",
        "PAST_SPOT_" : "16024612000029",
        "MNTN_ID" : "1602461200"
      },
      "geometry" : {
        "x" : 243472.7686999999,
        "y" : 414771.30070000142
      }
    },
    {
      "attributes" : {
        "FID" : 29,
        "PMNTN_SPOT" : 56110,
        "MNTN_CODE" : "301101201",
        "MANAGE_SP1" : "99",
        "MANAGE_SP2" : "기타",
        "DETAIL_SPO" : "묘(4)",
        "ETC_MATTER" : " ",
        "MNTN_NM" : "식장산",
        "PAST_SPOT_" : "16024612000030",
        "MNTN_ID" : "1602461200"
      },
      "geometry" : {
        "x" : 243623.30200000014,
        "y" : 414808.99530000426
      }
    },
    {
      "attributes" : {
        "FID" : 30,
        "PMNTN_SPOT" : 56111,
        "MNTN_CODE" : "301101201",
        "MANAGE_SP1" : "99",
        "MANAGE_SP2" : "기타",
        "DETAIL_SPO" : "묘",
        "ETC_MATTER" : " ",
        "MNTN_NM" : "식장산",
        "PAST_SPOT_" : "16024612000031",
        "MNTN_ID" : "1602461200"
      },
      "geometry" : {
        "x" : 243656.53940000385,
        "y" : 414737.93030000106
      }
    },
    {
      "attributes" : {
        "FID" : 31,
        "PMNTN_SPOT" : 56112,
        "MNTN_CODE" : "301101201",
        "MANAGE_SP1" : "99",
        "MANAGE_SP2" : "기타",
        "DETAIL_SPO" : "철구조물(2)",
        "ETC_MATTER" : " ",
        "MNTN_NM" : "식장산",
        "PAST_SPOT_" : "16024612000032",
        "MNTN_ID" : "1602461200"
      },
      "geometry" : {
        "x" : 243708.81570000108,
        "y" : 414324.5858000014
      }
    },
    {
      "attributes" : {
        "FID" : 32,
        "PMNTN_SPOT" : 56113,
        "MNTN_CODE" : "301101201",
        "MANAGE_SP1" : "99",
        "MANAGE_SP2" : "기타",
        "DETAIL_SPO" : "밧줄노선시작",
        "ETC_MATTER" : " ",
        "MNTN_NM" : "식장산",
        "PAST_SPOT_" : "16024612000033",
        "MNTN_ID" : "1602461200"
      },
      "geometry" : {
        "x" : 243736.2527999999,
        "y" : 414237.81200000085
      }
    },
    {
      "attributes" : {
        "FID" : 33,
        "PMNTN_SPOT" : 56114,
        "MNTN_CODE" : "301101201",
        "MANAGE_SP1" : "99",
        "MANAGE_SP2" : "기타",
        "DETAIL_SPO" : "밧줄노선끝",
        "ETC_MATTER" : " ",
        "MNTN_NM" : "식장산",
        "PAST_SPOT_" : "16024612000034",
        "MNTN_ID" : "1602461200"
      },
      "geometry" : {
        "x" : 243744.10960000101,
        "y" : 414200.33250000142
      }
    },
    {
      "attributes" : {
        "FID" : 34,
        "PMNTN_SPOT" : 56115,
        "MNTN_CODE" : "301101201",
        "MANAGE_SP1" : "99",
        "MANAGE_SP2" : "기타",
        "DETAIL_SPO" : "大水,거리18.0",
        "ETC_MATTER" : " ",
        "MNTN_NM" : "식장산",
        "PAST_SPOT_" : "16024612000035",
        "MNTN_ID" : "1602461200"
      },
      "geometry" : {
        "x" : 243894.59410000313,
        "y" : 413871.67579999939
      }
    },
    {
      "attributes" : {
        "FID" : 35,
        "PMNTN_SPOT" : 56116,
        "MNTN_CODE" : "301101201",
        "MANAGE_SP1" : "99",
        "MANAGE_SP2" : "기타",
        "DETAIL_SPO" : "뿌리노출시작,밧줄노선시작",
        "ETC_MATTER" : " ",
        "MNTN_NM" : "식장산",
        "PAST_SPOT_" : "16024612000036",
        "MNTN_ID" : "1602461200"
      },
      "geometry" : {
        "x" : 244088.48140000086,
        "y" : 413669.26950000226
      }
    },
    {
      "attributes" : {
        "FID" : 36,
        "PMNTN_SPOT" : 56117,
        "MNTN_CODE" : "301101201",
        "MANAGE_SP1" : "99",
        "MANAGE_SP2" : "기타",
        "DETAIL_SPO" : "밧줄노선끝,뿌리노출끝",
        "ETC_MATTER" : " ",
        "MNTN_NM" : "식장산",
        "PAST_SPOT_" : "16024612000037",
        "MNTN_ID" : "1602461200"
      },
      "geometry" : {
        "x" : 244130.51300000306,
        "y" : 413632.96220000088
      }
    },
    {
      "attributes" : {
        "FID" : 37,
        "PMNTN_SPOT" : 56118,
        "MNTN_CODE" : "301101201",
        "MANAGE_SP1" : "99",
        "MANAGE_SP2" : "기타",
        "DETAIL_SPO" : "식수원보호구역표지",
        "ETC_MATTER" : " ",
        "MNTN_NM" : "식장산",
        "PAST_SPOT_" : "16024612000038",
        "MNTN_ID" : "1602461200"
      },
      "geometry" : {
        "x" : 244130.91440000292,
        "y" : 413612.23500000127
      }
    },
    {
      "attributes" : {
        "FID" : 38,
        "PMNTN_SPOT" : 56119,
        "MNTN_CODE" : "301101201",
        "MANAGE_SP1" : "99",
        "MANAGE_SP2" : "기타",
        "DETAIL_SPO" : "식수원보호구역표지",
        "ETC_MATTER" : " ",
        "MNTN_NM" : "식장산",
        "PAST_SPOT_" : "16024612000039",
        "MNTN_ID" : "1602461200"
      },
      "geometry" : {
        "x" : 244492.22190000024,
        "y" : 413628.82069999911
      }
    },
    {
      "attributes" : {
        "FID" : 39,
        "PMNTN_SPOT" : 56120,
        "MNTN_CODE" : "301101201",
        "MANAGE_SP1" : "99",
        "MANAGE_SP2" : "기타",
        "DETAIL_SPO" : "밧줄시작,뿌리노출시작",
        "ETC_MATTER" : " ",
        "MNTN_NM" : "식장산",
        "PAST_SPOT_" : "16024612000040",
        "MNTN_ID" : "1602461200"
      },
      "geometry" : {
        "x" : 244518.47070000134,
        "y" : 413628.91040000133
      }
    },
    {
      "attributes" : {
        "FID" : 40,
        "PMNTN_SPOT" : 56121,
        "MNTN_CODE" : "301101201",
        "MANAGE_SP1" : "99",
        "MANAGE_SP2" : "기타",
        "DETAIL_SPO" : "밧줄노선끝",
        "ETC_MATTER" : " ",
        "MNTN_NM" : "식장산",
        "PAST_SPOT_" : "16024612000041",
        "MNTN_ID" : "1602461200"
      },
      "geometry" : {
        "x" : 244533.12719999999,
        "y" : 413628.75230000354
      }
    },
    {
      "attributes" : {
        "FID" : 41,
        "PMNTN_SPOT" : 56122,
        "MNTN_CODE" : "301101201",
        "MANAGE_SP1" : "10",
        "MANAGE_SP2" : "이정표",
        "DETAIL_SPO" : "이정표,식수원보호구역표지",
        "ETC_MATTER" : " ",
        "MNTN_NM" : "식장산",
        "PAST_SPOT_" : "16024612000042",
        "MNTN_ID" : "1602461200"
      },
      "geometry" : {
        "x" : 244741.35039999988,
        "y" : 413548.63360000215
      }
    },
    {
      "attributes" : {
        "FID" : 42,
        "PMNTN_SPOT" : 56123,
        "MNTN_CODE" : "301101201",
        "MANAGE_SP1" : "99",
        "MANAGE_SP2" : "기타",
        "DETAIL_SPO" : "철탑",
        "ETC_MATTER" : " ",
        "MNTN_NM" : "식장산",
        "PAST_SPOT_" : "16024612000043",
        "MNTN_ID" : "1602461200"
      },
      "geometry" : {
        "x" : 244847.41500000283,
        "y" : 413231.5278000012
      }
    },
    {
      "attributes" : {
        "FID" : 43,
        "PMNTN_SPOT" : 56124,
        "MNTN_CODE" : "301101201",
        "MANAGE_SP1" : "99",
        "MANAGE_SP2" : "기타",
        "DETAIL_SPO" : "묘",
        "ETC_MATTER" : " ",
        "MNTN_NM" : "식장산",
        "PAST_SPOT_" : "16024612000044",
        "MNTN_ID" : "1602461200"
      },
      "geometry" : {
        "x" : 244752.2573000025,
        "y" : 413017.95430000313
      }
    },
    {
      "attributes" : {
        "FID" : 44,
        "PMNTN_SPOT" : 56125,
        "MNTN_CODE" : "301101201",
        "MANAGE_SP1" : "99",
        "MANAGE_SP2" : "기타",
        "DETAIL_SPO" : "묘",
        "ETC_MATTER" : " ",
        "MNTN_NM" : "식장산",
        "PAST_SPOT_" : "16024612000045",
        "MNTN_ID" : "1602461200"
      },
      "geometry" : {
        "x" : 244751.61830000021,
        "y" : 413009.47289999947
      }
    },
    {
      "attributes" : {
        "FID" : 45,
        "PMNTN_SPOT" : 56126,
        "MNTN_CODE" : "301101201",
        "MANAGE_SP1" : "99",
        "MANAGE_SP2" : "기타",
        "DETAIL_SPO" : "묘",
        "ETC_MATTER" : " ",
        "MNTN_NM" : "식장산",
        "PAST_SPOT_" : "16024612000046",
        "MNTN_ID" : "1602461200"
      },
      "geometry" : {
        "x" : 244678.83860000223,
        "y" : 413002.19710000046
      }
    },
    {
      "attributes" : {
        "FID" : 46,
        "PMNTN_SPOT" : 56127,
        "MNTN_CODE" : "301101201",
        "MANAGE_SP1" : "99",
        "MANAGE_SP2" : "기타",
        "DETAIL_SPO" : "통나무계단시작,뿌리노출시작",
        "ETC_MATTER" : " ",
        "MNTN_NM" : "식장산",
        "PAST_SPOT_" : "16024612000047",
        "MNTN_ID" : "1602461200"
      },
      "geometry" : {
        "x" : 244630.56560000125,
        "y" : 412942.72520000115
      }
    },
    {
      "attributes" : {
        "FID" : 47,
        "PMNTN_SPOT" : 56128,
        "MNTN_CODE" : "301101201",
        "MANAGE_SP1" : "99",
        "MANAGE_SP2" : "기타",
        "DETAIL_SPO" : "통나무계단끝",
        "ETC_MATTER" : " ",
        "MNTN_NM" : "식장산",
        "PAST_SPOT_" : "16024612000048",
        "MNTN_ID" : "1602461200"
      },
      "geometry" : {
        "x" : 244614.85750000272,
        "y" : 412918.25360000134
      }
    },
    {
      "attributes" : {
        "FID" : 48,
        "PMNTN_SPOT" : 56129,
        "MNTN_CODE" : "301101201",
        "MANAGE_SP1" : "99",
        "MANAGE_SP2" : "기타",
        "DETAIL_SPO" : "상수원보호구역표지",
        "ETC_MATTER" : " ",
        "MNTN_NM" : "식장산",
        "PAST_SPOT_" : "16024612000049",
        "MNTN_ID" : "1602461200"
      },
      "geometry" : {
        "x" : 244575.42550000176,
        "y" : 412569.93989999965
      }
    },
    {
      "attributes" : {
        "FID" : 49,
        "PMNTN_SPOT" : 56130,
        "MNTN_CODE" : "301101201",
        "MANAGE_SP1" : "02",
        "MANAGE_SP2" : "분기점",
        "DETAIL_SPO" : "분기점",
        "ETC_MATTER" : " ",
        "MNTN_NM" : "식장산",
        "PAST_SPOT_" : "16024612000050",
        "MNTN_ID" : "1602461200"
      },
      "geometry" : {
        "x" : 245019.18560000043,
        "y" : 412218.50510000065
      }
    },
    {
      "attributes" : {
        "FID" : 50,
        "PMNTN_SPOT" : 56131,
        "MNTN_CODE" : "301101201",
        "MANAGE_SP1" : "02",
        "MANAGE_SP2" : "분기점",
        "DETAIL_SPO" : "분기점",
        "ETC_MATTER" : " ",
        "MNTN_NM" : "식장산",
        "PAST_SPOT_" : "16024612000051",
        "MNTN_ID" : "1602461200"
      },
      "geometry" : {
        "x" : 245001.15750000346,
        "y" : 412156.23560000397
      }
    },
    {
      "attributes" : {
        "FID" : 51,
        "PMNTN_SPOT" : 56132,
        "MNTN_CODE" : "301101201",
        "MANAGE_SP1" : "99",
        "MANAGE_SP2" : "기타",
        "DETAIL_SPO" : "통나무계단3단",
        "ETC_MATTER" : " ",
        "MNTN_NM" : "식장산",
        "PAST_SPOT_" : "16024612000052",
        "MNTN_ID" : "1602461200"
      },
      "geometry" : {
        "x" : 244828.86150000244,
        "y" : 412096.62260000221
      }
    },
    {
      "attributes" : {
        "FID" : 52,
        "PMNTN_SPOT" : 56133,
        "MNTN_CODE" : "301101201",
        "MANAGE_SP1" : "99",
        "MANAGE_SP2" : "기타",
        "DETAIL_SPO" : "통나무계단끝,노선분기시작",
        "ETC_MATTER" : " ",
        "MNTN_NM" : "식장산",
        "PAST_SPOT_" : "16024612000053",
        "MNTN_ID" : "1602461200"
      },
      "geometry" : {
        "x" : 244766.66830000188,
        "y" : 412118.19720000215
      }
    },
    {
      "attributes" : {
        "FID" : 53,
        "PMNTN_SPOT" : 56134,
        "MNTN_CODE" : "301101201",
        "MANAGE_SP1" : "99",
        "MANAGE_SP2" : "기타",
        "DETAIL_SPO" : "침목계단끝,노선분기끝",
        "ETC_MATTER" : " ",
        "MNTN_NM" : "식장산",
        "PAST_SPOT_" : "16024612000054",
        "MNTN_ID" : "1602461200"
      },
      "geometry" : {
        "x" : 244619.41509999987,
        "y" : 412310.50709999911
      }
    },
    {
      "attributes" : {
        "FID" : 54,
        "PMNTN_SPOT" : 56135,
        "MNTN_CODE" : "301101201",
        "MANAGE_SP1" : "99",
        "MANAGE_SP2" : "기타",
        "DETAIL_SPO" : "밧줄끝",
        "ETC_MATTER" : " ",
        "MNTN_NM" : "식장산",
        "PAST_SPOT_" : "16024612000055",
        "MNTN_ID" : "1602461200"
      },
      "geometry" : {
        "x" : 244601.37450000364,
        "y" : 412343.18410000205
      }
    },
    {
      "attributes" : {
        "FID" : 55,
        "PMNTN_SPOT" : 56136,
        "MNTN_CODE" : "301101201",
        "MANAGE_SP1" : "99",
        "MANAGE_SP2" : "기타",
        "DETAIL_SPO" : "침목교",
        "ETC_MATTER" : " ",
        "MNTN_NM" : "식장산",
        "PAST_SPOT_" : "16024612000056",
        "MNTN_ID" : "1602461200"
      },
      "geometry" : {
        "x" : 244375.09059999976,
        "y" : 412475.93600000255
      }
    },
    {
      "attributes" : {
        "FID" : 56,
        "PMNTN_SPOT" : 56137,
        "MNTN_CODE" : "301101201",
        "MANAGE_SP1" : "10",
        "MANAGE_SP2" : "이정표",
        "DETAIL_SPO" : "이정표",
        "ETC_MATTER" : " ",
        "MNTN_NM" : "식장산",
        "PAST_SPOT_" : "16024612000057",
        "MNTN_ID" : "1602461200"
      },
      "geometry" : {
        "x" : 244278.5884000035,
        "y" : 412512.43130000122
      }
    },
    {
      "attributes" : {
        "FID" : 57,
        "PMNTN_SPOT" : 56138,
        "MNTN_CODE" : "301101201",
        "MANAGE_SP1" : "99",
        "MANAGE_SP2" : "기타",
        "DETAIL_SPO" : "침목교,피나물군락지",
        "ETC_MATTER" : " ",
        "MNTN_NM" : "식장산",
        "PAST_SPOT_" : "16024612000058",
        "MNTN_ID" : "1602461200"
      },
      "geometry" : {
        "x" : 244162.6623000009,
        "y" : 412543.21419999935
      }
    },
    {
      "attributes" : {
        "FID" : 58,
        "PMNTN_SPOT" : 56139,
        "MNTN_CODE" : "301101201",
        "MANAGE_SP1" : "05",
        "MANAGE_SP2" : "벤치",
        "DETAIL_SPO" : "평의자",
        "ETC_MATTER" : " ",
        "MNTN_NM" : "식장산",
        "PAST_SPOT_" : "16024612000059",
        "MNTN_ID" : "1602461200"
      },
      "geometry" : {
        "x" : 243695.91580000333,
        "y" : 412753.55680000223
      }
    },
    {
      "attributes" : {
        "FID" : 59,
        "PMNTN_SPOT" : 56140,
        "MNTN_CODE" : "301101201",
        "MANAGE_SP1" : "05",
        "MANAGE_SP2" : "벤치",
        "DETAIL_SPO" : "평의자",
        "ETC_MATTER" : " ",
        "MNTN_NM" : "식장산",
        "PAST_SPOT_" : "16024612000060",
        "MNTN_ID" : "1602461200"
      },
      "geometry" : {
        "x" : 243679.49959999975,
        "y" : 412742.53290000185
      }
    },
    {
      "attributes" : {
        "FID" : 60,
        "PMNTN_SPOT" : 56141,
        "MNTN_CODE" : "301101201",
        "MANAGE_SP1" : "05",
        "MANAGE_SP2" : "벤치",
        "DETAIL_SPO" : "평의자",
        "ETC_MATTER" : " ",
        "MNTN_NM" : "식장산",
        "PAST_SPOT_" : "16024612000061",
        "MNTN_ID" : "1602461200"
      },
      "geometry" : {
        "x" : 243518.08510000259,
        "y" : 412678.89440000057
      }
    },
    {
      "attributes" : {
        "FID" : 61,
        "PMNTN_SPOT" : 56142,
        "MNTN_CODE" : "301101201",
        "MANAGE_SP1" : "05",
        "MANAGE_SP2" : "벤치",
        "DETAIL_SPO" : "평의자",
        "ETC_MATTER" : " ",
        "MNTN_NM" : "식장산",
        "PAST_SPOT_" : "16024612000062",
        "MNTN_ID" : "1602461200"
      },
      "geometry" : {
        "x" : 243348.85250000004,
        "y" : 412834.15179999918
      }
    },
    {
      "attributes" : {
        "FID" : 62,
        "PMNTN_SPOT" : 56143,
        "MNTN_CODE" : "301101201",
        "MANAGE_SP1" : "99",
        "MANAGE_SP2" : "기타",
        "DETAIL_SPO" : "통나무계단와8단",
        "ETC_MATTER" : " ",
        "MNTN_NM" : "식장산",
        "PAST_SPOT_" : "16024612000063",
        "MNTN_ID" : "1602461200"
      },
      "geometry" : {
        "x" : 243269.82390000205,
        "y" : 412871.23340000212
      }
    },
    {
      "attributes" : {
        "FID" : 63,
        "PMNTN_SPOT" : 56144,
        "MNTN_CODE" : "301101201",
        "MANAGE_SP1" : "99",
        "MANAGE_SP2" : "기타",
        "DETAIL_SPO" : "묘",
        "ETC_MATTER" : " ",
        "MNTN_NM" : "식장산",
        "PAST_SPOT_" : "16024612000064",
        "MNTN_ID" : "1602461200"
      },
      "geometry" : {
        "x" : 243285.72240000404,
        "y" : 413471.01390000246
      }
    },
    {
      "attributes" : {
        "FID" : 64,
        "PMNTN_SPOT" : 56145,
        "MNTN_CODE" : "301101201",
        "MANAGE_SP1" : "10",
        "MANAGE_SP2" : "이정표",
        "DETAIL_SPO" : "이정표",
        "ETC_MATTER" : " ",
        "MNTN_NM" : "식장산",
        "PAST_SPOT_" : "16024612000065",
        "MNTN_ID" : "1602461200"
      },
      "geometry" : {
        "x" : 244127.0214999998,
        "y" : 413274.45680000447
      }
    },
    {
      "attributes" : {
        "FID" : 65,
        "PMNTN_SPOT" : 56146,
        "MNTN_CODE" : "301101201",
        "MANAGE_SP1" : "99",
        "MANAGE_SP2" : "기타",
        "DETAIL_SPO" : "통나무계단3단",
        "ETC_MATTER" : " ",
        "MNTN_NM" : "식장산",
        "PAST_SPOT_" : "16024612000066",
        "MNTN_ID" : "1602461200"
      },
      "geometry" : {
        "x" : 244265.96460000146,
        "y" : 413250.62619999982
      }
    },
    {
      "attributes" : {
        "FID" : 66,
        "PMNTN_SPOT" : 56147,
        "MNTN_CODE" : "301101201",
        "MANAGE_SP1" : "99",
        "MANAGE_SP2" : "기타",
        "DETAIL_SPO" : "통신탑",
        "ETC_MATTER" : " ",
        "MNTN_NM" : "식장산",
        "PAST_SPOT_" : "16024612000067",
        "MNTN_ID" : "1602461200"
      },
      "geometry" : {
        "x" : 243096.80140000395,
        "y" : 411600.38739999942
      }
    },
    {
      "attributes" : {
        "FID" : 67,
        "PMNTN_SPOT" : 56148,
        "MNTN_CODE" : "301101201",
        "MANAGE_SP1" : "10",
        "MANAGE_SP2" : "이정표",
        "DETAIL_SPO" : "이정표",
        "ETC_MATTER" : " ",
        "MNTN_NM" : "식장산",
        "PAST_SPOT_" : "16024612000068",
        "MNTN_ID" : "1602461200"
      },
      "geometry" : {
        "x" : 243083.4579999987,
        "y" : 411594.06280000135
      }
    },
    {
      "attributes" : {
        "FID" : 68,
        "PMNTN_SPOT" : 56149,
        "MNTN_CODE" : "301101201",
        "MANAGE_SP1" : "99",
        "MANAGE_SP2" : "기타",
        "DETAIL_SPO" : "밧줄시작",
        "ETC_MATTER" : " ",
        "MNTN_NM" : "식장산",
        "PAST_SPOT_" : "16024612000069",
        "MNTN_ID" : "1602461200"
      },
      "geometry" : {
        "x" : 243099.51659999974,
        "y" : 411559.8860000018
      }
    },
    {
      "attributes" : {
        "FID" : 69,
        "PMNTN_SPOT" : 56150,
        "MNTN_CODE" : "301101201",
        "MANAGE_SP1" : "99",
        "MANAGE_SP2" : "기타",
        "DETAIL_SPO" : "밧줄끝,뿌리노출끝",
        "ETC_MATTER" : " ",
        "MNTN_NM" : "식장산",
        "PAST_SPOT_" : "16024612000070",
        "MNTN_ID" : "1602461200"
      },
      "geometry" : {
        "x" : 243082.08970000036,
        "y" : 411480.14619999938
      }
    },
    {
      "attributes" : {
        "FID" : 70,
        "PMNTN_SPOT" : 56151,
        "MNTN_CODE" : "301101201",
        "MANAGE_SP1" : "99",
        "MANAGE_SP2" : "기타",
        "DETAIL_SPO" : "통나무계단시작",
        "ETC_MATTER" : " ",
        "MNTN_NM" : "식장산",
        "PAST_SPOT_" : "16024612000071",
        "MNTN_ID" : "1602461200"
      },
      "geometry" : {
        "x" : 243089.52269999962,
        "y" : 411406.52150000259
      }
    },
    {
      "attributes" : {
        "FID" : 71,
        "PMNTN_SPOT" : 56152,
        "MNTN_CODE" : "301101201",
        "MANAGE_SP1" : "99",
        "MANAGE_SP2" : "기타",
        "DETAIL_SPO" : "통나무계단끝,거리5.0",
        "ETC_MATTER" : " ",
        "MNTN_NM" : "식장산",
        "PAST_SPOT_" : "16024612000072",
        "MNTN_ID" : "1602461200"
      },
      "geometry" : {
        "x" : 243085.85600000154,
        "y" : 411403.27420000173
      }
    },
    {
      "attributes" : {
        "FID" : 72,
        "PMNTN_SPOT" : 56153,
        "MNTN_CODE" : "301101201",
        "MANAGE_SP1" : "10",
        "MANAGE_SP2" : "이정표",
        "DETAIL_SPO" : "이정표,밧줄끝,동구경계",
        "ETC_MATTER" : " ",
        "MNTN_NM" : "식장산",
        "PAST_SPOT_" : "16024612000073",
        "MNTN_ID" : "1602461200"
      },
      "geometry" : {
        "x" : 243090.94620000012,
        "y" : 411383.84650000185
      }
    },
    {
      "attributes" : {
        "FID" : 73,
        "PMNTN_SPOT" : 56154,
        "MNTN_CODE" : "301101201",
        "MANAGE_SP1" : "99",
        "MANAGE_SP2" : "기타",
        "DETAIL_SPO" : "해돋이전망대",
        "ETC_MATTER" : " ",
        "MNTN_NM" : "식장산",
        "PAST_SPOT_" : "16024612000074",
        "MNTN_ID" : "1602461200"
      },
      "geometry" : {
        "x" : 243123.83449999988,
        "y" : 411383.18789999932
      }
    },
    {
      "attributes" : {
        "FID" : 74,
        "PMNTN_SPOT" : 56155,
        "MNTN_CODE" : "301101201",
        "MANAGE_SP1" : "99",
        "MANAGE_SP2" : "기타",
        "DETAIL_SPO" : "동구경계",
        "ETC_MATTER" : " ",
        "MNTN_NM" : "식장산",
        "PAST_SPOT_" : "16024612000075",
        "MNTN_ID" : "1602461200"
      },
      "geometry" : {
        "x" : 243215.08720000088,
        "y" : 411374.29609999992
      }
    },
    {
      "attributes" : {
        "FID" : 75,
        "PMNTN_SPOT" : 56156,
        "MNTN_CODE" : "301101201",
        "MANAGE_SP1" : "14",
        "MANAGE_SP2" : "조망점",
        "DETAIL_SPO" : "조망점,평의자",
        "ETC_MATTER" : " ",
        "MNTN_NM" : "식장산",
        "PAST_SPOT_" : "16024612000076",
        "MNTN_ID" : "1602461200"
      },
      "geometry" : {
        "x" : 243305.31620000023,
        "y" : 411397.94750000164
      }
    },
    {
      "attributes" : {
        "FID" : 76,
        "PMNTN_SPOT" : 56157,
        "MNTN_CODE" : "301101201",
        "MANAGE_SP1" : "99",
        "MANAGE_SP2" : "기타",
        "DETAIL_SPO" : "통나무계단8단",
        "ETC_MATTER" : " ",
        "MNTN_NM" : "식장산",
        "PAST_SPOT_" : "16024612000077",
        "MNTN_ID" : "1602461200"
      },
      "geometry" : {
        "x" : 243414.51300000399,
        "y" : 411501.50329999998
      }
    },
    {
      "attributes" : {
        "FID" : 77,
        "PMNTN_SPOT" : 56158,
        "MNTN_CODE" : "301101201",
        "MANAGE_SP1" : "99",
        "MANAGE_SP2" : "기타",
        "DETAIL_SPO" : "콘크리트구조물",
        "ETC_MATTER" : " ",
        "MNTN_NM" : "식장산",
        "PAST_SPOT_" : "16024612000078",
        "MNTN_ID" : "1602461200"
      },
      "geometry" : {
        "x" : 243436.17760000005,
        "y" : 411572.02119999938
      }
    },
    {
      "attributes" : {
        "FID" : 78,
        "PMNTN_SPOT" : 56159,
        "MNTN_CODE" : "301101201",
        "MANAGE_SP1" : "99",
        "MANAGE_SP2" : "기타",
        "DETAIL_SPO" : "밧줄시작",
        "ETC_MATTER" : " ",
        "MNTN_NM" : "식장산",
        "PAST_SPOT_" : "16024612000079",
        "MNTN_ID" : "1602461200"
      },
      "geometry" : {
        "x" : 243505.45170000009,
        "y" : 411985.5055000037
      }
    },
    {
      "attributes" : {
        "FID" : 79,
        "PMNTN_SPOT" : 56160,
        "MNTN_CODE" : "301101201",
        "MANAGE_SP1" : "99",
        "MANAGE_SP2" : "기타",
        "DETAIL_SPO" : "밧줄끝",
        "ETC_MATTER" : " ",
        "MNTN_NM" : "식장산",
        "PAST_SPOT_" : "16024612000080",
        "MNTN_ID" : "1602461200"
      },
      "geometry" : {
        "x" : 243543.0122000007,
        "y" : 412296.94000000134
      }
    },
    {
      "attributes" : {
        "FID" : 80,
        "PMNTN_SPOT" : 56161,
        "MNTN_CODE" : "301101201",
        "MANAGE_SP1" : "99",
        "MANAGE_SP2" : "기타",
        "DETAIL_SPO" : "상수원보호구역표지",
        "ETC_MATTER" : " ",
        "MNTN_NM" : "식장산",
        "PAST_SPOT_" : "16024612000081",
        "MNTN_ID" : "1602461200"
      },
      "geometry" : {
        "x" : 244268.61400000006,
        "y" : 411422.21619999968
      }
    },
    {
      "attributes" : {
        "FID" : 81,
        "PMNTN_SPOT" : 56162,
        "MNTN_CODE" : "301101201",
        "MANAGE_SP1" : "99",
        "MANAGE_SP2" : "기타",
        "DETAIL_SPO" : "호",
        "ETC_MATTER" : " ",
        "MNTN_NM" : "식장산",
        "PAST_SPOT_" : "16024612000082",
        "MNTN_ID" : "1602461200"
      },
      "geometry" : {
        "x" : 244100.09420000017,
        "y" : 411443.31190000288
      }
    },
    {
      "attributes" : {
        "FID" : 82,
        "PMNTN_SPOT" : 56163,
        "MNTN_CODE" : "301101201",
        "MANAGE_SP1" : "99",
        "MANAGE_SP2" : "기타",
        "DETAIL_SPO" : "묘",
        "ETC_MATTER" : " ",
        "MNTN_NM" : "식장산",
        "PAST_SPOT_" : "16024612000083",
        "MNTN_ID" : "1602461200"
      },
      "geometry" : {
        "x" : 244068.94470000081,
        "y" : 411460.74300000258
      }
    },
    {
      "attributes" : {
        "FID" : 83,
        "PMNTN_SPOT" : 56164,
        "MNTN_CODE" : "301101201",
        "MANAGE_SP1" : "99",
        "MANAGE_SP2" : "기타",
        "DETAIL_SPO" : "KT송전탑",
        "ETC_MATTER" : " ",
        "MNTN_NM" : "식장산",
        "PAST_SPOT_" : "16024612000084",
        "MNTN_ID" : "1602461200"
      },
      "geometry" : {
        "x" : 244016.63150000013,
        "y" : 411490.84000000171
      }
    },
    {
      "attributes" : {
        "FID" : 84,
        "PMNTN_SPOT" : 56165,
        "MNTN_CODE" : "301101201",
        "MANAGE_SP1" : "11",
        "MANAGE_SP2" : "안내판또는지도",
        "DETAIL_SPO" : "삼각점안내판,이정표,삼각점",
        "ETC_MATTER" : " ",
        "MNTN_NM" : "식장산",
        "PAST_SPOT_" : "16024612000085",
        "MNTN_ID" : "1602461200"
      },
      "geometry" : {
        "x" : 243530.87940000091,
        "y" : 411404.5083000008
      }
    },
    {
      "attributes" : {
        "FID" : 85,
        "PMNTN_SPOT" : 56166,
        "MNTN_CODE" : "301101201",
        "MANAGE_SP1" : "99",
        "MANAGE_SP2" : "기타",
        "DETAIL_SPO" : "묘",
        "ETC_MATTER" : " ",
        "MNTN_NM" : "식장산",
        "PAST_SPOT_" : "16024612000086",
        "MNTN_ID" : "1602461200"
      },
      "geometry" : {
        "x" : 243634.64760000166,
        "y" : 412898.63100000098
      }
    },
    {
      "attributes" : {
        "FID" : 86,
        "PMNTN_SPOT" : 56167,
        "MNTN_CODE" : "301101201",
        "MANAGE_SP1" : "99",
        "MANAGE_SP2" : "기타",
        "DETAIL_SPO" : "묘",
        "ETC_MATTER" : " ",
        "MNTN_NM" : "식장산",
        "PAST_SPOT_" : "16024612000087",
        "MNTN_ID" : "1602461200"
      },
      "geometry" : {
        "x" : 243909.11600000132,
        "y" : 412996.49770000204
      }
    },
    {
      "attributes" : {
        "FID" : 87,
        "PMNTN_SPOT" : 56168,
        "MNTN_CODE" : "301101201",
        "MANAGE_SP1" : "99",
        "MANAGE_SP2" : "기타",
        "DETAIL_SPO" : "묘",
        "ETC_MATTER" : " ",
        "MNTN_NM" : "식장산",
        "PAST_SPOT_" : "16024612000088",
        "MNTN_ID" : "1602461200"
      },
      "geometry" : {
        "x" : 244229.99610000104,
        "y" : 412721.82840000093
      }
    },
    {
      "attributes" : {
        "FID" : 88,
        "PMNTN_SPOT" : 56169,
        "MNTN_CODE" : "301101201",
        "MANAGE_SP1" : "99",
        "MANAGE_SP2" : "기타",
        "DETAIL_SPO" : "묘",
        "ETC_MATTER" : " ",
        "MNTN_NM" : "식장산",
        "PAST_SPOT_" : "16024612000089",
        "MNTN_ID" : "1602461200"
      },
      "geometry" : {
        "x" : 243815.08740000241,
        "y" : 412867.6659000013
      }
    },
    {
      "attributes" : {
        "FID" : 89,
        "PMNTN_SPOT" : 56170,
        "MNTN_CODE" : "301101201",
        "MANAGE_SP1" : "99",
        "MANAGE_SP2" : "기타",
        "DETAIL_SPO" : "철탑",
        "ETC_MATTER" : " ",
        "MNTN_NM" : "식장산",
        "PAST_SPOT_" : "16024612000090",
        "MNTN_ID" : "1602461200"
      },
      "geometry" : {
        "x" : 244110.15160000138,
        "y" : 413060.65479999781
      }
    },
    {
      "attributes" : {
        "FID" : 90,
        "PMNTN_SPOT" : 56171,
        "MNTN_CODE" : "301101201",
        "MANAGE_SP1" : "99",
        "MANAGE_SP2" : "기타",
        "DETAIL_SPO" : "철탑",
        "ETC_MATTER" : " ",
        "MNTN_NM" : "식장산",
        "PAST_SPOT_" : "16024612000091",
        "MNTN_ID" : "1602461200"
      },
      "geometry" : {
        "x" : 244346.66230000183,
        "y" : 413118.7162000034
      }
    },
    {
      "attributes" : {
        "FID" : 91,
        "PMNTN_SPOT" : 56172,
        "MNTN_CODE" : "301101201",
        "MANAGE_SP1" : "99",
        "MANAGE_SP2" : "기타",
        "DETAIL_SPO" : "묘",
        "ETC_MATTER" : " ",
        "MNTN_NM" : "식장산",
        "PAST_SPOT_" : "16024612000092",
        "MNTN_ID" : "1602461200"
      },
      "geometry" : {
        "x" : 244285.42190000229,
        "y" : 411474.95659999922
      }
    },
    {
      "attributes" : {
        "FID" : 92,
        "PMNTN_SPOT" : 56173,
        "MNTN_CODE" : "301101201",
        "MANAGE_SP1" : "99",
        "MANAGE_SP2" : "기타",
        "DETAIL_SPO" : "묘",
        "ETC_MATTER" : " ",
        "MNTN_NM" : "식장산",
        "PAST_SPOT_" : "16024612000093",
        "MNTN_ID" : "1602461200"
      },
      "geometry" : {
        "x" : 243706.20150000136,
        "y" : 414852.65590000153
      }
    },
    {
      "attributes" : {
        "FID" : 93,
        "PMNTN_SPOT" : 56174,
        "MNTN_CODE" : "301101201",
        "MANAGE_SP1" : "99",
        "MANAGE_SP2" : "기타",
        "DETAIL_SPO" : "기타",
        "ETC_MATTER" : " ",
        "MNTN_NM" : "식장산",
        "PAST_SPOT_" : "16024612000094",
        "MNTN_ID" : "1602461200"
      },
      "geometry" : {
        "x" : 243101.7761000013,
        "y" : 411686.08029999956
      }
    },
    {
      "attributes" : {
        "FID" : 94,
        "PMNTN_SPOT" : 56175,
        "MNTN_CODE" : "301101201",
        "MANAGE_SP1" : "99",
        "MANAGE_SP2" : "기타",
        "DETAIL_SPO" : "1-1구간",
        "ETC_MATTER" : " ",
        "MNTN_NM" : "식장산",
        "PAST_SPOT_" : "16024612000095",
        "MNTN_ID" : "1602461200"
      },
      "geometry" : {
        "x" : 246551.45910000056,
        "y" : 413296.11890000105
      }
    },
    {
      "attributes" : {
        "FID" : 95,
        "PMNTN_SPOT" : 56176,
        "MNTN_CODE" : "301101201",
        "MANAGE_SP1" : "99",
        "MANAGE_SP2" : "기타",
        "DETAIL_SPO" : "송전탑",
        "ETC_MATTER" : " ",
        "MNTN_NM" : "식장산",
        "PAST_SPOT_" : "16024612000096",
        "MNTN_ID" : "1602461200"
      },
      "geometry" : {
        "x" : 247339.88770000078,
        "y" : 414909.11579999886
      }
    },
    {
      "attributes" : {
        "FID" : 96,
        "PMNTN_SPOT" : 56177,
        "MNTN_CODE" : "301101201",
        "MANAGE_SP1" : "99",
        "MANAGE_SP2" : "기타",
        "DETAIL_SPO" : "기타",
        "ETC_MATTER" : " ",
        "MNTN_NM" : "식장산",
        "PAST_SPOT_" : "16024612000097",
        "MNTN_ID" : "1602461200"
      },
      "geometry" : {
        "x" : 244832.74640000146,
        "y" : 412100.71630000137
      }
    },
    {
      "attributes" : {
        "FID" : 97,
        "PMNTN_SPOT" : 56178,
        "MNTN_CODE" : "301101201",
        "MANAGE_SP1" : "99",
        "MANAGE_SP2" : "기타",
        "DETAIL_SPO" : "기타",
        "ETC_MATTER" : " ",
        "MNTN_NM" : "식장산",
        "PAST_SPOT_" : "16024612000098",
        "MNTN_ID" : "1602461200"
      },
      "geometry" : {
        "x" : 247030.88599999994,
        "y" : 413398.80830000155
      }
    },
    {
      "attributes" : {
        "FID" : 98,
        "PMNTN_SPOT" : 56179,
        "MNTN_CODE" : "301101201",
        "MANAGE_SP1" : "99",
        "MANAGE_SP2" : "기타",
        "DETAIL_SPO" : "기타",
        "ETC_MATTER" : " ",
        "MNTN_NM" : "식장산",
        "PAST_SPOT_" : "16024612000099",
        "MNTN_ID" : "1602461200"
      },
      "geometry" : {
        "x" : 246895.52599999961,
        "y" : 413309.60320000164
      }
    },
    {
      "attributes" : {
        "FID" : 99,
        "PMNTN_SPOT" : 56180,
        "MNTN_CODE" : "301101201",
        "MANAGE_SP1" : "99",
        "MANAGE_SP2" : "기타",
        "DETAIL_SPO" : "산성터",
        "ETC_MATTER" : " ",
        "MNTN_NM" : "식장산",
        "PAST_SPOT_" : "16024612000100",
        "MNTN_ID" : "1602461200"
      },
      "geometry" : {
        "x" : 244856.78750000056,
        "y" : 411975.47989999875
      }
    },
    {
      "attributes" : {
        "FID" : 100,
        "PMNTN_SPOT" : 56181,
        "MNTN_CODE" : "301101201",
        "MANAGE_SP1" : "12",
        "MANAGE_SP2" : "위험지역",
        "DETAIL_SPO" : "위험지역(15m)",
        "ETC_MATTER" : " ",
        "MNTN_NM" : "식장산",
        "PAST_SPOT_" : "16024612000101",
        "MNTN_ID" : "1602461200"
      },
      "geometry" : {
        "x" : 245020.94610000122,
        "y" : 411850.85300000012
      }
    },
    {
      "attributes" : {
        "FID" : 101,
        "PMNTN_SPOT" : 56182,
        "MNTN_CODE" : "301101201",
        "MANAGE_SP1" : "12",
        "MANAGE_SP2" : "위험지역",
        "DETAIL_SPO" : "위험지역(50m)",
        "ETC_MATTER" : " ",
        "MNTN_NM" : "식장산",
        "PAST_SPOT_" : "16024612000102",
        "MNTN_ID" : "1602461200"
      },
      "geometry" : {
        "x" : 245024.38650000002,
        "y" : 411929.96419999748
      }
    },
    {
      "attributes" : {
        "FID" : 102,
        "PMNTN_SPOT" : 56183,
        "MNTN_CODE" : "301101201",
        "MANAGE_SP1" : "99",
        "MANAGE_SP2" : "기타",
        "DETAIL_SPO" : "기타",
        "ETC_MATTER" : " ",
        "MNTN_NM" : "식장산",
        "PAST_SPOT_" : "16024612000103",
        "MNTN_ID" : "1602461200"
      },
      "geometry" : {
        "x" : 244186.90310000069,
        "y" : 411421.10180000216
      }
    },
    {
      "attributes" : {
        "FID" : 103,
        "PMNTN_SPOT" : 56184,
        "MNTN_CODE" : "301101201",
        "MANAGE_SP1" : "99",
        "MANAGE_SP2" : "기타",
        "DETAIL_SPO" : "휴식공간",
        "ETC_MATTER" : " ",
        "MNTN_NM" : "식장산",
        "PAST_SPOT_" : "16024612000104",
        "MNTN_ID" : "1602461200"
      },
      "geometry" : {
        "x" : 245401.44740000088,
        "y" : 412419.0569000002
      }
    },
    {
      "attributes" : {
        "FID" : 104,
        "PMNTN_SPOT" : 56185,
        "MNTN_CODE" : "301101201",
        "MANAGE_SP1" : "99",
        "MANAGE_SP2" : "기타",
        "DETAIL_SPO" : "기타",
        "ETC_MATTER" : " ",
        "MNTN_NM" : "식장산",
        "PAST_SPOT_" : "16024612000105",
        "MNTN_ID" : "1602461200"
      },
      "geometry" : {
        "x" : 245034.7519000005,
        "y" : 412186.11630000174
      }
    },
    {
      "attributes" : {
        "FID" : 105,
        "PMNTN_SPOT" : 56186,
        "MNTN_CODE" : "301101201",
        "MANAGE_SP1" : "14",
        "MANAGE_SP2" : "조망점",
        "DETAIL_SPO" : "조망점,식장산해설판,대전둘레산길잇기안내판,등산로전경,가로등",
        "ETC_MATTER" : " ",
        "MNTN_NM" : "식장산",
        "PAST_SPOT_" : "16024612000106",
        "MNTN_ID" : "1602461200"
      },
      "geometry" : {
        "x" : 243116.5047399383,
        "y" : 411637.15197402798
      }
    },
    {
      "attributes" : {
        "FID" : 106,
        "PMNTN_SPOT" : 56187,
        "MNTN_CODE" : "301101201",
        "MANAGE_SP1" : "01",
        "MANAGE_SP2" : "시종점",
        "DETAIL_SPO" : "시종점",
        "ETC_MATTER" : " ",
        "MNTN_NM" : "식장산",
        "PAST_SPOT_" : "16024612000107",
        "MNTN_ID" : "1602461200"
      },
      "geometry" : {
        "x" : 243133.61580000073,
        "y" : 414915.70610000007
      }
    },
    {
      "attributes" : {
        "FID" : 107,
        "PMNTN_SPOT" : 56188,
        "MNTN_CODE" : "301101201",
        "MANAGE_SP1" : "02",
        "MANAGE_SP2" : "분기점",
        "DETAIL_SPO" : "차량통행차단기,등산로전경",
        "ETC_MATTER" : " ",
        "MNTN_NM" : "식장산",
        "PAST_SPOT_" : "16024612000108",
        "MNTN_ID" : "1602461200"
      },
      "geometry" : {
        "x" : 243183.75904529542,
        "y" : 413441.45563030429
      }
    },
    {
      "attributes" : {
        "FID" : 108,
        "PMNTN_SPOT" : 56189,
        "MNTN_CODE" : "301101201",
        "MANAGE_SP1" : "10",
        "MANAGE_SP2" : "이정표",
        "DETAIL_SPO" : "이정표,구절사이정표,차량통행차단기,화장실,철탑,노선끝",
        "ETC_MATTER" : " ",
        "MNTN_NM" : "식장산",
        "PAST_SPOT_" : "16024612000109",
        "MNTN_ID" : "1602461200"
      },
      "geometry" : {
        "x" : 243245.63179999869,
        "y" : 412881.92770000175
      }
    },
    {
      "attributes" : {
        "FID" : 109,
        "PMNTN_SPOT" : 56190,
        "MNTN_CODE" : "301101201",
        "MANAGE_SP1" : "10",
        "MANAGE_SP2" : "이정표",
        "DETAIL_SPO" : "이정표,노선끝",
        "ETC_MATTER" : " ",
        "MNTN_NM" : "식장산",
        "PAST_SPOT_" : "16024612000110",
        "MNTN_ID" : "1602461200"
      },
      "geometry" : {
        "x" : 243411.25560000073,
        "y" : 411513.49400000088
      }
    },
    {
      "attributes" : {
        "FID" : 110,
        "PMNTN_SPOT" : 56191,
        "MNTN_CODE" : "301101201",
        "MANAGE_SP1" : "10",
        "MANAGE_SP2" : "이정표",
        "DETAIL_SPO" : "이정표,노선내분기",
        "ETC_MATTER" : " ",
        "MNTN_NM" : "식장산",
        "PAST_SPOT_" : "16024612000111",
        "MNTN_ID" : "1602461200"
      },
      "geometry" : {
        "x" : 243415.30520000029,
        "y" : 411430.79759999923
      }
    },
    {
      "attributes" : {
        "FID" : 111,
        "PMNTN_SPOT" : 56192,
        "MNTN_CODE" : "301101201",
        "MANAGE_SP1" : "10",
        "MANAGE_SP2" : "이정표",
        "DETAIL_SPO" : "이정표,노선끝",
        "ETC_MATTER" : " ",
        "MNTN_NM" : "식장산",
        "PAST_SPOT_" : "16024612000112",
        "MNTN_ID" : "1602461200"
      },
      "geometry" : {
        "x" : 243434.91350000072,
        "y" : 411552.42460000142
      }
    },
    {
      "attributes" : {
        "FID" : 112,
        "PMNTN_SPOT" : 56193,
        "MNTN_CODE" : "301101201",
        "MANAGE_SP1" : "01",
        "MANAGE_SP2" : "시종점",
        "DETAIL_SPO" : "시종점",
        "ETC_MATTER" : " ",
        "MNTN_NM" : "식장산",
        "PAST_SPOT_" : "16024612000113",
        "MNTN_ID" : "1602461200"
      },
      "geometry" : {
        "x" : 243476.92120000068,
        "y" : 414775.86009999923
      }
    },
    {
      "attributes" : {
        "FID" : 113,
        "PMNTN_SPOT" : 56194,
        "MNTN_CODE" : "301101201",
        "MANAGE_SP1" : "02",
        "MANAGE_SP2" : "분기점",
        "DETAIL_SPO" : "평의자,접점",
        "ETC_MATTER" : " ",
        "MNTN_NM" : "식장산",
        "PAST_SPOT_" : "16024612000114",
        "MNTN_ID" : "1602461200"
      },
      "geometry" : {
        "x" : 243490.02470000181,
        "y" : 413118.61530000158
      }
    },
    {
      "attributes" : {
        "FID" : 114,
        "PMNTN_SPOT" : 56195,
        "MNTN_CODE" : "301101201",
        "MANAGE_SP1" : "02",
        "MANAGE_SP2" : "분기점",
        "DETAIL_SPO" : "분기점",
        "ETC_MATTER" : " ",
        "MNTN_NM" : "식장산",
        "PAST_SPOT_" : "16024612000115",
        "MNTN_ID" : "1602461200"
      },
      "geometry" : {
        "x" : 243491.03610000014,
        "y" : 413390.33840000443
      }
    },
    {
      "attributes" : {
        "FID" : 115,
        "PMNTN_SPOT" : 56196,
        "MNTN_CODE" : "301101201",
        "MANAGE_SP1" : "02",
        "MANAGE_SP2" : "분기점",
        "DETAIL_SPO" : "평의자,노선내분기",
        "ETC_MATTER" : " ",
        "MNTN_NM" : "식장산",
        "PAST_SPOT_" : "16024612000116",
        "MNTN_ID" : "1602461200"
      },
      "geometry" : {
        "x" : 243498.27170000039,
        "y" : 412869.79619999975
      }
    },
    {
      "attributes" : {
        "FID" : 116,
        "PMNTN_SPOT" : 56197,
        "MNTN_CODE" : "301101201",
        "MANAGE_SP1" : "02",
        "MANAGE_SP2" : "분기점",
        "DETAIL_SPO" : "분기점",
        "ETC_MATTER" : " ",
        "MNTN_NM" : "식장산",
        "PAST_SPOT_" : "16024612000117",
        "MNTN_ID" : "1602461200"
      },
      "geometry" : {
        "x" : 243505.569000002,
        "y" : 414663.56250000186
      }
    },
    {
      "attributes" : {
        "FID" : 117,
        "PMNTN_SPOT" : 56198,
        "MNTN_CODE" : "301101201",
        "MANAGE_SP1" : "11",
        "MANAGE_SP2" : "안내판또는지도",
        "DETAIL_SPO" : "안내판,자연석시멘트계단,이정표노선내분기",
        "ETC_MATTER" : " ",
        "MNTN_NM" : "식장산",
        "PAST_SPOT_" : "16024612000118",
        "MNTN_ID" : "1602461200"
      },
      "geometry" : {
        "x" : 243508.8805000037,
        "y" : 413369.36760000139
      }
    },
    {
      "attributes" : {
        "FID" : 118,
        "PMNTN_SPOT" : 56199,
        "MNTN_CODE" : "301101201",
        "MANAGE_SP1" : "02",
        "MANAGE_SP2" : "분기점",
        "DETAIL_SPO" : "이정표,자연석포장끝,접점",
        "ETC_MATTER" : " ",
        "MNTN_NM" : "식장산",
        "PAST_SPOT_" : "16024612000119",
        "MNTN_ID" : "1602461200"
      },
      "geometry" : {
        "x" : 243528.14720000047,
        "y" : 412687.7171000056
      }
    },
    {
      "attributes" : {
        "FID" : 119,
        "PMNTN_SPOT" : 56200,
        "MNTN_CODE" : "301101201",
        "MANAGE_SP1" : "02",
        "MANAGE_SP2" : "분기점",
        "DETAIL_SPO" : "안내판,이정표,접점",
        "ETC_MATTER" : " ",
        "MNTN_NM" : "식장산",
        "PAST_SPOT_" : "16024612000120",
        "MNTN_ID" : "1602461200"
      },
      "geometry" : {
        "x" : 243546.90530000068,
        "y" : 412364.42889999971
      }
    },
    {
      "attributes" : {
        "FID" : 120,
        "PMNTN_SPOT" : 56201,
        "MNTN_CODE" : "301101201",
        "MANAGE_SP1" : "01",
        "MANAGE_SP2" : "시종점",
        "DETAIL_SPO" : "시종점,이정표,침목계단시작,등산로전경",
        "ETC_MATTER" : " ",
        "MNTN_NM" : "식장산",
        "PAST_SPOT_" : "16024612000121",
        "MNTN_ID" : "1602461200"
      },
      "geometry" : {
        "x" : 243548.80829999968,
        "y" : 414687.68760000169
      }
    },
    {
      "attributes" : {
        "FID" : 121,
        "PMNTN_SPOT" : 56202,
        "MNTN_CODE" : "301101201",
        "MANAGE_SP1" : "99",
        "MANAGE_SP2" : "기타",
        "DETAIL_SPO" : "철탑,노선내분기",
        "ETC_MATTER" : " ",
        "MNTN_NM" : "식장산",
        "PAST_SPOT_" : "16024612000122",
        "MNTN_ID" : "1602461200"
      },
      "geometry" : {
        "x" : 243602.18080000393,
        "y" : 412950.79060000367
      }
    },
    {
      "attributes" : {
        "FID" : 122,
        "PMNTN_SPOT" : 56203,
        "MNTN_CODE" : "301101201",
        "MANAGE_SP1" : "01",
        "MANAGE_SP2" : "시종점",
        "DETAIL_SPO" : "시종점,이정표,등산로전경",
        "ETC_MATTER" : " ",
        "MNTN_NM" : "식장산",
        "PAST_SPOT_" : "16024612000123",
        "MNTN_ID" : "1602461200"
      },
      "geometry" : {
        "x" : 243644.94290000014,
        "y" : 414894.69480000064
      }
    },
    {
      "attributes" : {
        "FID" : 123,
        "PMNTN_SPOT" : 56204,
        "MNTN_CODE" : "301101201",
        "MANAGE_SP1" : "02",
        "MANAGE_SP2" : "분기점",
        "DETAIL_SPO" : "분기점",
        "ETC_MATTER" : " ",
        "MNTN_NM" : "식장산",
        "PAST_SPOT_" : "16024612000124",
        "MNTN_ID" : "1602461200"
      },
      "geometry" : {
        "x" : 243660.12619999982,
        "y" : 414625.48890000209
      }
    },
    {
      "attributes" : {
        "FID" : 124,
        "PMNTN_SPOT" : 56205,
        "MNTN_CODE" : "301101201",
        "MANAGE_SP1" : "02",
        "MANAGE_SP2" : "분기점",
        "DETAIL_SPO" : "분기점",
        "ETC_MATTER" : " ",
        "MNTN_NM" : "식장산",
        "PAST_SPOT_" : "16024612000125",
        "MNTN_ID" : "1602461200"
      },
      "geometry" : {
        "x" : 243676.24509999994,
        "y" : 412947.47730000131
      }
    },
    {
      "attributes" : {
        "FID" : 125,
        "PMNTN_SPOT" : 56206,
        "MNTN_CODE" : "301101201",
        "MANAGE_SP1" : "02",
        "MANAGE_SP2" : "분기점",
        "DETAIL_SPO" : "분기점",
        "ETC_MATTER" : " ",
        "MNTN_NM" : "식장산",
        "PAST_SPOT_" : "16024612000126",
        "MNTN_ID" : "1602461200"
      },
      "geometry" : {
        "x" : 243698.05090000201,
        "y" : 412757.4068
      }
    },
    {
      "attributes" : {
        "FID" : 126,
        "PMNTN_SPOT" : 56207,
        "MNTN_CODE" : "301101201",
        "MANAGE_SP1" : "02",
        "MANAGE_SP2" : "분기점",
        "DETAIL_SPO" : "분기점",
        "ETC_MATTER" : " ",
        "MNTN_NM" : "식장산",
        "PAST_SPOT_" : "16024612000127",
        "MNTN_ID" : "1602461200"
      },
      "geometry" : {
        "x" : 243698.48380000051,
        "y" : 412869.19990000129
      }
    },
    {
      "attributes" : {
        "FID" : 127,
        "PMNTN_SPOT" : 56208,
        "MNTN_CODE" : "301101201",
        "MANAGE_SP1" : "01",
        "MANAGE_SP2" : "시종점",
        "DETAIL_SPO" : "시종점",
        "ETC_MATTER" : " ",
        "MNTN_NM" : "식장산",
        "PAST_SPOT_" : "16024612000128",
        "MNTN_ID" : "1602461200"
      },
      "geometry" : {
        "x" : 243718.12430000026,
        "y" : 414919.07579999976
      }
    },
    {
      "attributes" : {
        "FID" : 128,
        "PMNTN_SPOT" : 56209,
        "MNTN_CODE" : "301101201",
        "MANAGE_SP1" : "01",
        "MANAGE_SP2" : "시종점",
        "DETAIL_SPO" : "시종점",
        "ETC_MATTER" : " ",
        "MNTN_NM" : "식장산",
        "PAST_SPOT_" : "16024612000129",
        "MNTN_ID" : "1602461200"
      },
      "geometry" : {
        "x" : 243781.02439999953,
        "y" : 411508.30760000274
      }
    },
    {
      "attributes" : {
        "FID" : 129,
        "PMNTN_SPOT" : 56210,
        "MNTN_CODE" : "301101201",
        "MANAGE_SP1" : "02",
        "MANAGE_SP2" : "분기점",
        "DETAIL_SPO" : "분기점",
        "ETC_MATTER" : " ",
        "MNTN_NM" : "식장산",
        "PAST_SPOT_" : "16024612000130",
        "MNTN_ID" : "1602461200"
      },
      "geometry" : {
        "x" : 243833.49150000047,
        "y" : 411517.0604000017
      }
    },
    {
      "attributes" : {
        "FID" : 130,
        "PMNTN_SPOT" : 56211,
        "MNTN_CODE" : "301101201",
        "MANAGE_SP1" : "02",
        "MANAGE_SP2" : "분기점",
        "DETAIL_SPO" : "분기점",
        "ETC_MATTER" : " ",
        "MNTN_NM" : "식장산",
        "PAST_SPOT_" : "16024612000131",
        "MNTN_ID" : "1602461200"
      },
      "geometry" : {
        "x" : 243891.02820000052,
        "y" : 413014.40590000339
      }
    },
    {
      "attributes" : {
        "FID" : 131,
        "PMNTN_SPOT" : 56212,
        "MNTN_CODE" : "301101201",
        "MANAGE_SP1" : "99",
        "MANAGE_SP2" : "기타",
        "DETAIL_SPO" : "묘,노선내분기",
        "ETC_MATTER" : " ",
        "MNTN_NM" : "식장산",
        "PAST_SPOT_" : "16024612000132",
        "MNTN_ID" : "1602461200"
      },
      "geometry" : {
        "x" : 244023.7463000007,
        "y" : 412836.8359999992
      }
    },
    {
      "attributes" : {
        "FID" : 132,
        "PMNTN_SPOT" : 56213,
        "MNTN_CODE" : "301101201",
        "MANAGE_SP1" : "10",
        "MANAGE_SP2" : "이정표",
        "DETAIL_SPO" : "이정표,노선내분기",
        "ETC_MATTER" : " ",
        "MNTN_NM" : "식장산",
        "PAST_SPOT_" : "16024612000133",
        "MNTN_ID" : "1602461200"
      },
      "geometry" : {
        "x" : 244196.57580000162,
        "y" : 411421.88720000163
      }
    },
    {
      "attributes" : {
        "FID" : 133,
        "PMNTN_SPOT" : 56214,
        "MNTN_CODE" : "301101201",
        "MANAGE_SP1" : "02",
        "MANAGE_SP2" : "분기점",
        "DETAIL_SPO" : "분기점",
        "ETC_MATTER" : " ",
        "MNTN_NM" : "식장산",
        "PAST_SPOT_" : "16024612000134",
        "MNTN_ID" : "1602461200"
      },
      "geometry" : {
        "x" : 244350.42290000059,
        "y" : 411458.36779999919
      }
    },
    {
      "attributes" : {
        "FID" : 134,
        "PMNTN_SPOT" : 56215,
        "MNTN_CODE" : "301101201",
        "MANAGE_SP1" : "10",
        "MANAGE_SP2" : "이정표",
        "DETAIL_SPO" : "이정표,뿌리노출시작,노선분기",
        "ETC_MATTER" : " ",
        "MNTN_NM" : "식장산",
        "PAST_SPOT_" : "16024612000135",
        "MNTN_ID" : "1602461200"
      },
      "geometry" : {
        "x" : 244356.12920000311,
        "y" : 411819.69870000146
      }
    },
    {
      "attributes" : {
        "FID" : 135,
        "PMNTN_SPOT" : 56216,
        "MNTN_CODE" : "301101201",
        "MANAGE_SP1" : "02",
        "MANAGE_SP2" : "분기점",
        "DETAIL_SPO" : "분기점",
        "ETC_MATTER" : " ",
        "MNTN_NM" : "식장산",
        "PAST_SPOT_" : "16024612000136",
        "MNTN_ID" : "1602461200"
      },
      "geometry" : {
        "x" : 244411.80140000209,
        "y" : 411489.78140000068
      }
    },
    {
      "attributes" : {
        "FID" : 136,
        "PMNTN_SPOT" : 56217,
        "MNTN_CODE" : "301101201",
        "MANAGE_SP1" : "02",
        "MANAGE_SP2" : "분기점",
        "DETAIL_SPO" : "분기점",
        "ETC_MATTER" : " ",
        "MNTN_NM" : "식장산",
        "PAST_SPOT_" : "16024612000137",
        "MNTN_ID" : "1602461200"
      },
      "geometry" : {
        "x" : 244448.21690000035,
        "y" : 412716.17019999959
      }
    },
    {
      "attributes" : {
        "FID" : 137,
        "PMNTN_SPOT" : 56218,
        "MNTN_CODE" : "301101201",
        "MANAGE_SP1" : "99",
        "MANAGE_SP2" : "기타",
        "DETAIL_SPO" : "통나무다리,노선내분기",
        "ETC_MATTER" : " ",
        "MNTN_NM" : "식장산",
        "PAST_SPOT_" : "16024612000138",
        "MNTN_ID" : "1602461200"
      },
      "geometry" : {
        "x" : 244448.46239999961,
        "y" : 413254.75800000317
      }
    },
    {
      "attributes" : {
        "FID" : 138,
        "PMNTN_SPOT" : 56219,
        "MNTN_CODE" : "301101201",
        "MANAGE_SP1" : "02",
        "MANAGE_SP2" : "분기점",
        "DETAIL_SPO" : "분기점",
        "ETC_MATTER" : " ",
        "MNTN_NM" : "식장산",
        "PAST_SPOT_" : "16024612000139",
        "MNTN_ID" : "1602461200"
      },
      "geometry" : {
        "x" : 244603.25930000097,
        "y" : 413168.96150000207
      }
    },
    {
      "attributes" : {
        "FID" : 139,
        "PMNTN_SPOT" : 56220,
        "MNTN_CODE" : "301101201",
        "MANAGE_SP1" : "02",
        "MANAGE_SP2" : "분기점",
        "DETAIL_SPO" : "분기점",
        "ETC_MATTER" : " ",
        "MNTN_NM" : "식장산",
        "PAST_SPOT_" : "16024612000140",
        "MNTN_ID" : "1602461200"
      },
      "geometry" : {
        "x" : 244664.71470000222,
        "y" : 413001.61429999955
      }
    },
    {
      "attributes" : {
        "FID" : 140,
        "PMNTN_SPOT" : 56221,
        "MNTN_CODE" : "301101201",
        "MANAGE_SP1" : "10",
        "MANAGE_SP2" : "이정표",
        "DETAIL_SPO" : "이정표,평의자,노선내분기",
        "ETC_MATTER" : " ",
        "MNTN_NM" : "식장산",
        "PAST_SPOT_" : "16024612000141",
        "MNTN_ID" : "1602461200"
      },
      "geometry" : {
        "x" : 244685.61160000134,
        "y" : 412313.60940000229
      }
    },
    {
      "attributes" : {
        "FID" : 141,
        "PMNTN_SPOT" : 56222,
        "MNTN_CODE" : "301101201",
        "MANAGE_SP1" : "10",
        "MANAGE_SP2" : "이정표",
        "DETAIL_SPO" : "이정표,평의자,노선내분기",
        "ETC_MATTER" : " ",
        "MNTN_NM" : "식장산",
        "PAST_SPOT_" : "16024612000142",
        "MNTN_ID" : "1602461200"
      },
      "geometry" : {
        "x" : 244688.75509999879,
        "y" : 412307.72970000096
      }
    },
    {
      "attributes" : {
        "FID" : 142,
        "PMNTN_SPOT" : 56223,
        "MNTN_CODE" : "301101201",
        "MANAGE_SP1" : "10",
        "MANAGE_SP2" : "이정표",
        "DETAIL_SPO" : "이정표,노선내분기",
        "ETC_MATTER" : " ",
        "MNTN_NM" : "식장산",
        "PAST_SPOT_" : "16024612000143",
        "MNTN_ID" : "1602461200"
      },
      "geometry" : {
        "x" : 244697.75169999991,
        "y" : 411593.71170000173
      }
    },
    {
      "attributes" : {
        "FID" : 143,
        "PMNTN_SPOT" : 56224,
        "MNTN_CODE" : "301101201",
        "MANAGE_SP1" : "02",
        "MANAGE_SP2" : "분기점",
        "DETAIL_SPO" : "분기점",
        "ETC_MATTER" : " ",
        "MNTN_NM" : "식장산",
        "PAST_SPOT_" : "16024612000144",
        "MNTN_ID" : "1602461200"
      },
      "geometry" : {
        "x" : 244733.17250000127,
        "y" : 413113.25139999948
      }
    },
    {
      "attributes" : {
        "FID" : 144,
        "PMNTN_SPOT" : 56225,
        "MNTN_CODE" : "301101201",
        "MANAGE_SP1" : "02",
        "MANAGE_SP2" : "분기점",
        "DETAIL_SPO" : "분기점",
        "ETC_MATTER" : " ",
        "MNTN_NM" : "식장산",
        "PAST_SPOT_" : "16024612000145",
        "MNTN_ID" : "1602461200"
      },
      "geometry" : {
        "x" : 244771.96160000004,
        "y" : 413040.61570000276
      }
    },
    {
      "attributes" : {
        "FID" : 145,
        "PMNTN_SPOT" : 56226,
        "MNTN_CODE" : "301101201",
        "MANAGE_SP1" : "02",
        "MANAGE_SP2" : "분기점",
        "DETAIL_SPO" : "분기점",
        "ETC_MATTER" : " ",
        "MNTN_NM" : "식장산",
        "PAST_SPOT_" : "16024612000146",
        "MNTN_ID" : "1602461200"
      },
      "geometry" : {
        "x" : 244814.57040000241,
        "y" : 413066.02769999951
      }
    },
    {
      "attributes" : {
        "FID" : 146,
        "PMNTN_SPOT" : 56227,
        "MNTN_CODE" : "301101201",
        "MANAGE_SP1" : "02",
        "MANAGE_SP2" : "분기점",
        "DETAIL_SPO" : "침목계단12단,접점",
        "ETC_MATTER" : " ",
        "MNTN_NM" : "식장산",
        "PAST_SPOT_" : "16024612000147",
        "MNTN_ID" : "1602461200"
      },
      "geometry" : {
        "x" : 244828.19880000036,
        "y" : 411962.90120000206
      }
    },
    {
      "attributes" : {
        "FID" : 147,
        "PMNTN_SPOT" : 56228,
        "MNTN_CODE" : "301101201",
        "MANAGE_SP1" : "10",
        "MANAGE_SP2" : "이정표",
        "DETAIL_SPO" : "이정표,노선내분기",
        "ETC_MATTER" : " ",
        "MNTN_NM" : "식장산",
        "PAST_SPOT_" : "16024612000148",
        "MNTN_ID" : "1602461200"
      },
      "geometry" : {
        "x" : 244842.06960000005,
        "y" : 412075.65070000105
      }
    },
    {
      "attributes" : {
        "FID" : 148,
        "PMNTN_SPOT" : 56229,
        "MNTN_CODE" : "301101201",
        "MANAGE_SP1" : "02",
        "MANAGE_SP2" : "분기점",
        "DETAIL_SPO" : "침목계단12단,접점",
        "ETC_MATTER" : " ",
        "MNTN_NM" : "식장산",
        "PAST_SPOT_" : "16024612000149",
        "MNTN_ID" : "1602461200"
      },
      "geometry" : {
        "x" : 244848.73220000044,
        "y" : 411975.85300000012
      }
    },
    {
      "attributes" : {
        "FID" : 149,
        "PMNTN_SPOT" : 56230,
        "MNTN_CODE" : "301101201",
        "MANAGE_SP1" : "02",
        "MANAGE_SP2" : "분기점",
        "DETAIL_SPO" : "분기점",
        "ETC_MATTER" : " ",
        "MNTN_NM" : "식장산",
        "PAST_SPOT_" : "16024612000150",
        "MNTN_ID" : "1602461200"
      },
      "geometry" : {
        "x" : 244976.0987999998,
        "y" : 412142.22400000133
      }
    },
    {
      "attributes" : {
        "FID" : 150,
        "PMNTN_SPOT" : 56231,
        "MNTN_CODE" : "301101201",
        "MANAGE_SP1" : "11",
        "MANAGE_SP2" : "안내판또는지도",
        "DETAIL_SPO" : "안내판,이정표,상수원보호구역표지,노선내분기",
        "ETC_MATTER" : " ",
        "MNTN_NM" : "식장산",
        "PAST_SPOT_" : "16024612000151",
        "MNTN_ID" : "1602461200"
      },
      "geometry" : {
        "x" : 245027.32520000357,
        "y" : 412184.90660000779
      }
    },
    {
      "attributes" : {
        "FID" : 151,
        "PMNTN_SPOT" : 56232,
        "MNTN_CODE" : "301101201",
        "MANAGE_SP1" : "02",
        "MANAGE_SP2" : "분기점",
        "DETAIL_SPO" : "분기점",
        "ETC_MATTER" : " ",
        "MNTN_NM" : "식장산",
        "PAST_SPOT_" : "16024612000152",
        "MNTN_ID" : "1602461200"
      },
      "geometry" : {
        "x" : 245098.62839999981,
        "y" : 412225.27419999987
      }
    },
    {
      "attributes" : {
        "FID" : 152,
        "PMNTN_SPOT" : 56233,
        "MNTN_CODE" : "301101201",
        "MANAGE_SP1" : "01",
        "MANAGE_SP2" : "시종점",
        "DETAIL_SPO" : "시종점",
        "ETC_MATTER" : " ",
        "MNTN_NM" : "식장산",
        "PAST_SPOT_" : "16024612000153",
        "MNTN_ID" : "1602461200"
      },
      "geometry" : {
        "x" : 245688.72809999995,
        "y" : 410772.82050000317
      }
    },
    {
      "attributes" : {
        "FID" : 153,
        "PMNTN_SPOT" : 56234,
        "MNTN_CODE" : "301101201",
        "MANAGE_SP1" : "02",
        "MANAGE_SP2" : "분기점",
        "DETAIL_SPO" : "분기점",
        "ETC_MATTER" : " ",
        "MNTN_NM" : "식장산",
        "PAST_SPOT_" : "16024612000154",
        "MNTN_ID" : "1602461200"
      },
      "geometry" : {
        "x" : 246666.04140000138,
        "y" : 413163.99570000172
      }
    },
    {
      "attributes" : {
        "FID" : 154,
        "PMNTN_SPOT" : 56235,
        "MNTN_CODE" : "301101201",
        "MANAGE_SP1" : "02",
        "MANAGE_SP2" : "분기점",
        "DETAIL_SPO" : "분기점",
        "ETC_MATTER" : " ",
        "MNTN_NM" : "식장산",
        "PAST_SPOT_" : "16024612000155",
        "MNTN_ID" : "1602461200"
      },
      "geometry" : {
        "x" : 247511.97770000342,
        "y" : 414640.10199999996
      }
    },
    {
      "attributes" : {
        "FID" : 155,
        "PMNTN_SPOT" : 56236,
        "MNTN_CODE" : "301101201",
        "MANAGE_SP1" : "01",
        "MANAGE_SP2" : "시종점",
        "DETAIL_SPO" : "시종점",
        "ETC_MATTER" : " ",
        "MNTN_NM" : "식장산",
        "PAST_SPOT_" : "16024612000156",
        "MNTN_ID" : "1602461200"
      },
      "geometry" : {
        "x" : 247781.62870000023,
        "y" : 414728.57310000062
      }
    },
    {
      "attributes" : {
        "FID" : 156,
        "PMNTN_SPOT" : 56237,
        "MNTN_CODE" : "301101201",
        "MANAGE_SP1" : "01",
        "MANAGE_SP2" : "시종점",
        "DETAIL_SPO" : "시종점",
        "ETC_MATTER" : " ",
        "MNTN_NM" : "식장산",
        "PAST_SPOT_" : "16024612000157",
        "MNTN_ID" : "1602461200"
      },
      "geometry" : {
        "x" : 244928.92870000098,
        "y" : 412018.12910000421
      }
    },
    {
      "attributes" : {
        "FID" : 157,
        "PMNTN_SPOT" : 56238,
        "MNTN_CODE" : "301101201",
        "MANAGE_SP1" : "01",
        "MANAGE_SP2" : "시종점",
        "DETAIL_SPO" : "시종점",
        "ETC_MATTER" : " ",
        "MNTN_NM" : "식장산",
        "PAST_SPOT_" : "16024612000158",
        "MNTN_ID" : "1602461200"
      },
      "geometry" : {
        "x" : 244928.92870000098,
        "y" : 412018.14070000686
      }
    }
  ]
}