{
  "displayFieldName" : "",
  "fieldAliases" : {
    "FID" : "FID",
    "PMNTN_SN" : "PMNTN_SN",
    "MNTN_CODE" : "MNTN_CODE",
    "MNTN_NM" : "MNTN_NM",
    "PMNTN_NM" : "PMNTN_NM",
    "PMNTN_MAIN" : "PMNTN_MAIN",
    "PMNTN_LT" : "PMNTN_LT",
    "PMNTN_DFFL" : "PMNTN_DFFL",
    "PMNTN_UPPL" : "PMNTN_UPPL",
    "PMNTN_GODN" : "PMNTN_GODN",
    "PMNTN_MTRQ" : "PMNTN_MTRQ",
    "PMNTN_CNRL" : "PMNTN_CNRL",
    "PMNTN_CLS_" : "PMNTN_CLS_",
    "PMNTN_RISK" : "PMNTN_RISK",
    "PMNTN_RECO" : "PMNTN_RECO",
    "DATA_STDR_" : "DATA_STDR_",
    "MNTN_ID" : "MNTN_ID"
  },
  "geometryType" : "esriGeometryPolyline",
  "spatialReference" : {
    "wkt" : "PROJCS[\"PCS_ITRF2000_TM\",GEOGCS[\"GCS_ITRF_2000\",DATUM[\"D_ITRF_2000\",SPHEROID[\"GRS_1980\",6378137.0,298.257222101]],PRIMEM[\"Greenwich\",0.0],UNIT[\"Degree\",0.0174532925199433]],PROJECTION[\"Transverse_Mercator\"],PARAMETER[\"False_Easting\",200000.0],PARAMETER[\"False_Northing\",600000.0],PARAMETER[\"Central_Meridian\",127.0],PARAMETER[\"Scale_Factor\",1.0],PARAMETER[\"Latitude_Of_Origin\",38.0],UNIT[\"Meter\",1.0]]"
  },
  "fields" : [
    {
      "name" : "FID",
      "type" : "esriFieldTypeOID",
      "alias" : "FID"
    },
    {
      "name" : "PMNTN_SN",
      "type" : "esriFieldTypeDouble",
      "alias" : "PMNTN_SN"
    },
    {
      "name" : "MNTN_CODE",
      "type" : "esriFieldTypeString",
      "alias" : "MNTN_CODE",
      "length" : 9
    },
    {
      "name" : "MNTN_NM",
      "type" : "esriFieldTypeString",
      "alias" : "MNTN_NM",
      "length" : 50
    },
    {
      "name" : "PMNTN_NM",
      "type" : "esriFieldTypeString",
      "alias" : "PMNTN_NM",
      "length" : 50
    },
    {
      "name" : "PMNTN_MAIN",
      "type" : "esriFieldTypeString",
      "alias" : "PMNTN_MAIN",
      "length" : 200
    },
    {
      "name" : "PMNTN_LT",
      "type" : "esriFieldTypeSingle",
      "alias" : "PMNTN_LT"
    },
    {
      "name" : "PMNTN_DFFL",
      "type" : "esriFieldTypeString",
      "alias" : "PMNTN_DFFL",
      "length" : 8
    },
    {
      "name" : "PMNTN_UPPL",
      "type" : "esriFieldTypeDouble",
      "alias" : "PMNTN_UPPL"
    },
    {
      "name" : "PMNTN_GODN",
      "type" : "esriFieldTypeDouble",
      "alias" : "PMNTN_GODN"
    },
    {
      "name" : "PMNTN_MTRQ",
      "type" : "esriFieldTypeString",
      "alias" : "PMNTN_MTRQ",
      "length" : 200
    },
    {
      "name" : "PMNTN_CNRL",
      "type" : "esriFieldTypeString",
      "alias" : "PMNTN_CNRL",
      "length" : 1
    },
    {
      "name" : "PMNTN_CLS_",
      "type" : "esriFieldTypeString",
      "alias" : "PMNTN_CLS_",
      "length" : 1
    },
    {
      "name" : "PMNTN_RISK",
      "type" : "esriFieldTypeString",
      "alias" : "PMNTN_RISK",
      "length" : 200
    },
    {
      "name" : "PMNTN_RECO",
      "type" : "esriFieldTypeString",
      "alias" : "PMNTN_RECO",
      "length" : 1
    },
    {
      "name" : "DATA_STDR_",
      "type" : "esriFieldTypeString",
      "alias" : "DATA_STDR_",
      "length" : 10
    },
    {
      "name" : "MNTN_ID",
      "type" : "esriFieldTypeString",
      "alias" : "MNTN_ID",
      "length" : 10
    }
  ],
  "features" : [
    {
      "attributes" : {
        "FID" : 0,
        "PMNTN_SN" : 14532,
        "MNTN_CODE" : "448300501",
        "MNTN_NM" : "둔군봉",
        "PMNTN_NM" : "도곡리구간",
        "PMNTN_MAIN" : " ",
        "PMNTN_LT" : 1.07,
        "PMNTN_DFFL" : "쉬움",
        "PMNTN_UPPL" : 19,
        "PMNTN_GODN" : 13,
        "PMNTN_MTRQ" : " ",
        "PMNTN_CNRL" : " ",
        "PMNTN_CLS_" : " ",
        "PMNTN_RISK" : " ",
        "PMNTN_RECO" : " ",
        "DATA_STDR_" : "2016-12-31",
        "MNTN_ID" : "448300501"
      },
      "geometry" : {
        "paths" : [
          [
            [
              176418.36600000318,
              469502.68200000189
            ],
            [
              176414.71440000366,
              469508.43659999967
            ],
            [
              176411.12260000315,
              469511.31350000203
            ],
            [
              176406.71460000146,
              469510.88639999926
            ],
            [
              176395.76519999932,
              469505.69050000049
            ],
            [
              176389.09850000124,
              469502.35190000013
            ],
            [
              176376.57529999968,
              469500.12639999762
            ],
            [
              176371.4000000013,
              469500.92480000108
            ],
            [
              176360.47420000285,
              469502.28130000457
            ],
            [
              176353.08490000106,
              469500.5604000017
            ],
            [
              176339.06190000195,
              469494.47640000284
            ],
            [
              176332.50960000046,
              469492.31140000187
            ],
            [
              176326.06730000116,
              469489.45820000023
            ],
            [
              176320.44480000064,
              469489.97350000031
            ],
            [
              176315.32500000019,
              469490.76520000212
            ],
            [
              176307.99960000161,
              469493.48550000228
            ],
            [
              176300.00210000016,
              469492.46250000037
            ],
            [
              176290.42470000032,
              469490.04560000077
            ],
            [
              176276.98749999981,
              469486.11510000192
            ],
            [
              176257.92839999963,
              469482.8981999997
            ],
            [
              176250.37640000321,
              469484.40660000034
            ],
            [
              176230.33500000089,
              469481.25740000047
            ],
            [
              176216.81470000092,
              469476.88759999909
            ],
            [
              176213.77949999925,
              469474.38489999995
            ],
            [
              176212.82690000162,
              469470.67730000056
            ],
            [
              176212.59860000014,
              469467.55450000428
            ],
            [
              176209.96260000207,
              469464.85620000213
            ],
            [
              176207.63940000348,
              469465.0458999984
            ],
            [
              176202.10929999873,
              469465.42770000361
            ],
            [
              176186.94470000174,
              469462.55330000259
            ],
            [
              176178.57030000258,
              469459.44180000201
            ],
            [
              176172.42609999981,
              469459.8022999987
            ],
            [
              176166.52050000336,
              469459.91290000454
            ],
            [
              176158.82149999961,
              469458.65200000256
            ],
            [
              176150.17989999987,
              469456.75809999928
            ],
            [
              176142.63590000104,
              469454.20780000277
            ],
            [
              176129.1260000011,
              469441.06650000066
            ],
            [
              176124.78249999974,
              469434.95290000178
            ],
            [
              176117.84900000226,
              469427.71319999918
            ],
            [
              176115.58360000048,
              469415.69700000249
            ],
            [
              176110.61879999936,
              469410.16220000014
            ],
            [
              176105.66120000184,
              469409.65270000137
            ],
            [
              176100.26660000253,
              469405.93670000322
            ],
            [
              176098.71340000071,
              469401.0532000009
            ],
            [
              176097.72750000004,
              469396.28780000098
            ],
            [
              176091.64720000327,
              469393.41840000451
            ],
            [
              176085.95010000095,
              469393.14240000024
            ],
            [
              176083.37380000111,
              469393.78610000387
            ],
            [
              176073.79509999976,
              469391.43170000426
            ],
            [
              176064.17690000031,
              469388.02040000074
            ],
            [
              176060.18470000289,
              469385.58030000143
            ],
            [
              176057.01600000076,
              469381.33410000242
            ],
            [
              176052.79270000197,
              469375.05729999952
            ],
            [
              176048.16030000243,
              469373.21199999936
            ],
            [
              176043.41999999993,
              469369.26669999957
            ],
            [
              176043.75370000117,
              469358.17180000059
            ],
            [
              176043.03740000166,
              469346.27370000258
            ],
            [
              176039.18190000299,
              469336.75950000063
            ],
            [
              176037.24070000276,
              469327.23980000243
            ],
            [
              176032.78509999998,
              469320.84809999913
            ],
            [
              176032.5829999987,
              469315.60490000248
            ],
            [
              176030.43580000103,
              469310.30270000175
            ],
            [
              176028.6922000004,
              469298.15350000188
            ],
            [
              176025.26300000213,
              469288.97580000572
            ],
            [
              176019.88360000309,
              469282.04429999925
            ],
            [
              176016.09080000035,
              469275.95490000211
            ],
            [
              176013.36770000216,
              469271.45839999989
            ],
            [
              176012.87190000154,
              469266.12890000083
            ],
            [
              176013.80179999862,
              469259.5700000003
            ],
            [
              176015.29150000215,
              469251.34190000407
            ],
            [
              176019.88600000087,
              469246.65750000067
            ],
            [
              176025.2956000017,
              469237.61950000189
            ],
            [
              176029.16280000098,
              469235.75280000456
            ],
            [
              176034.10530000087,
              469234.61860000156
            ],
            [
              176038.02650000155,
              469230.91000000201
            ],
            [
              176046.51180000324,
              469220.05640000105
            ],
            [
              176060.09510000143,
              469203.72490000166
            ],
            [
              176066.33100000024,
              469184.28870000131
            ],
            [
              176071.75770000182,
              469167.23570000008
            ],
            [
              176081.48920000158,
              469144.24560000375
            ],
            [
              176085.14600000065,
              469132.57940000109
            ],
            [
              176097.08770000376,
              469112.72680000402
            ],
            [
              176104.57560000289,
              469102.92139999941
            ],
            [
              176109.99920000229,
              469098.74679999799
            ],
            [
              176117.70990000106,
              469094.17130000331
            ],
            [
              176126.90050000418,
              469093.18160000071
            ],
            [
              176137.86880000029,
              469086.73280000314
            ],
            [
              176145.92240000051,
              469081.66660000011
            ],
            [
              176154.12270000018,
              469076.09019999951
            ],
            [
              176167.73450000305,
              469067.58899999969
            ],
            [
              176180.45080000069,
              469059.11250000075
            ],
            [
              176184.36110000219,
              469055.58379999921
            ],
            [
              176189.00310000218,
              469049.0326000005
            ],
            [
              176195.42000000179,
              469046.97949999943
            ],
            [
              176203.12730000075,
              469041.6229000017
            ],
            [
              176210.1688000001,
              469043.70519999973
            ],
            [
              176216.25690000132,
              469040.34059999883
            ],
            [
              176219.61400000378,
              469036.78550000116
            ],
            [
              176226.597000001,
              469031.46860000119
            ],
            [
              176233.55720000155,
              469014.74340000004
            ],
            [
              176237.34630000032,
              469000.44519999996
            ],
            [
              176241.11770000216,
              468995.23480000161
            ],
            [
              176246.30729999952,
              468985.31080000103
            ],
            [
              176252.9683000017,
              468972.32820000313
            ],
            [
              176257.65250000078,
              468967.04079999961
            ],
            [
              176267.33709999919,
              468956.95260000229
            ],
            [
              176269.13030000031,
              468949.45680000074
            ],
            [
              176273.12260000315,
              468943.16450000182
            ],
            [
              176277.79719999991,
              468940.31830000132
            ],
            [
              176280.25250000227,
              468935.22949999943
            ],
            [
              176279.44700000342,
              468929.4058000017
            ],
            [
              176277.91490000393,
              468923.12519999966
            ],
            [
              176280.25320000108,
              468915.54410000145
            ],
            [
              176281.66010000091,
              468907.11470000073
            ],
            [
              176284.7034,
              468905.00110000186
            ],
            [
              176286.59810000379,
              468898.90029999986
            ],
            [
              176286.49590000045,
              468893.49070000276
            ],
            [
              176284.37920000032,
              468886.07040000334
            ],
            [
              176289.29250000231,
              468878.37790000066
            ],
            [
              176292.22240000032,
              468877.83210000396
            ],
            [
              176292.10210000351,
              468873.83060000464
            ]
          ]
        ]
      }
    },
    {
      "attributes" : {
        "FID" : 1,
        "PMNTN_SN" : 14533,
        "MNTN_CODE" : "448300501",
        "MNTN_NM" : "둔군봉",
        "PMNTN_NM" : "석우리구간",
        "PMNTN_MAIN" : " ",
        "PMNTN_LT" : 0.43,
        "PMNTN_DFFL" : "쉬움",
        "PMNTN_UPPL" : 8,
        "PMNTN_GODN" : 5,
        "PMNTN_MTRQ" : " ",
        "PMNTN_CNRL" : " ",
        "PMNTN_CLS_" : " ",
        "PMNTN_RISK" : " ",
        "PMNTN_RECO" : " ",
        "DATA_STDR_" : "2016-12-31",
        "MNTN_ID" : "448300501"
      },
      "geometry" : {
        "paths" : [
          [
            [
              176292.10210000351,
              468873.83060000464
            ],
            [
              176296.24239999987,
              468874.61940000206
            ],
            [
              176304.79230000079,
              468871.61290000193
            ],
            [
              176310.63410000224,
              468865.48179999925
            ],
            [
              176318.11820000038,
              468859.68370000459
            ],
            [
              176330.73390000034,
              468847.78399999999
            ],
            [
              176346.03039999958,
              468840.59779999964
            ],
            [
              176355.58980000298,
              468835.80870000087
            ],
            [
              176363.2480000006,
              468835.78750000149
            ],
            [
              176369.00480000116,
              468840.53409999982
            ],
            [
              176374.21349999961,
              468841.02979999967
            ],
            [
              176378.67410000134,
              468838.36179999821
            ],
            [
              176386.32660000119,
              468839.3992999997
            ],
            [
              176392.54600000288,
              468838.63540000096
            ],
            [
              176397.79719999991,
              468840.93720000051
            ],
            [
              176402.4143000003,
              468838.99090000056
            ],
            [
              176413.03239999991,
              468838.03090000153
            ],
            [
              176425.30360000115,
              468839.12870000117
            ],
            [
              176429.82550000213,
              468839.55210000277
            ],
            [
              176435.727400003,
              468843.53600000218
            ],
            [
              176438.41950000264,
              468849.73610000126
            ],
            [
              176445.64530000277,
              468861.75359999947
            ],
            [
              176449.61670000385,
              468863.93060000241
            ],
            [
              176458.70419999957,
              468876.39389999956
            ],
            [
              176460.80870000087,
              468881.80120000057
            ],
            [
              176466.77730000298,
              468887.88920000196
            ],
            [
              176468.73270000145,
              468896.57599999756
            ],
            [
              176470.33250000328,
              468906.94240000099
            ],
            [
              176470.41260000318,
              468913.98900000192
            ],
            [
              176471.67619999964,
              468931.50799999945
            ],
            [
              176472.07529999968,
              468946.42620000243
            ],
            [
              176477.43660000153,
              468953.71900000237
            ],
            [
              176484.90460000001,
              468963.31650000252
            ],
            [
              176489.76770000067,
              468969.566300001
            ],
            [
              176494.76530000288,
              468978.54120000266
            ],
            [
              176497.97350000124,
              468989.91859999858
            ],
            [
              176503.45500000194,
              468997.32670000009
            ],
            [
              176507.29050000105,
              468999.6975000035
            ],
            [
              176511.22690000292,
              469002.32960000262
            ],
            [
              176516.51509999949,
              469004.52079999819
            ],
            [
              176517.91670000087,
              469008.8200000003
            ],
            [
              176519.46349999961,
              469011.97670000419
            ],
            [
              176523.60570000205,
              469013.48010000214
            ],
            [
              176527.32100000139,
              469015.77420000173
            ],
            [
              176527.59020000417,
              469018.52850000001
            ],
            [
              176533.66619999986,
              469021.13069999963
            ],
            [
              176537.38040000014,
              469029.43810000457
            ],
            [
              176537.62840000074,
              469036.35730000399
            ],
            [
              176540.77490000054,
              469041.92969999835
            ],
            [
              176548.40380000416,
              469045.84730000235
            ],
            [
              176551.66580000054,
              469051.63669999875
            ],
            [
              176557.68590000086,
              469062.91389999911
            ]
          ]
        ]
      }
    },
    {
      "attributes" : {
        "FID" : 2,
        "PMNTN_SN" : 14534,
        "MNTN_CODE" : "448300501",
        "MNTN_NM" : "둔군봉",
        "PMNTN_NM" : "석우리구간",
        "PMNTN_MAIN" : " ",
        "PMNTN_LT" : 0.98,
        "PMNTN_DFFL" : "쉬움",
        "PMNTN_UPPL" : 18,
        "PMNTN_GODN" : 13,
        "PMNTN_MTRQ" : " ",
        "PMNTN_CNRL" : " ",
        "PMNTN_CLS_" : " ",
        "PMNTN_RISK" : " ",
        "PMNTN_RECO" : " ",
        "DATA_STDR_" : "2016-12-31",
        "MNTN_ID" : "448300501"
      },
      "geometry" : {
        "paths" : [
          [
            [
              176292.10210000351,
              468873.83060000464
            ],
            [
              176291.06670000404,
              468869.21660000272
            ],
            [
              176286.73940000124,
              468862.19380000047
            ],
            [
              176273.02080000006,
              468850.32420000248
            ],
            [
              176266.15770000406,
              468842.36020000093
            ],
            [
              176257.49420000054,
              468830.75679999962
            ],
            [
              176256.04009999894,
              468823.82689999975
            ],
            [
              176251.03380000219,
              468810.16279999912
            ],
            [
              176246.24360000342,
              468802.17620000243
            ],
            [
              176245.47929999977,
              468796.13910000026
            ],
            [
              176244.3572000023,
              468788.81990000233
            ],
            [
              176242.3590000011,
              468784.76130000316
            ],
            [
              176239.70130000357,
              468779.25320000015
            ],
            [
              176235.11820000317,
              468775.21059999987
            ],
            [
              176232.03210000042,
              468768.74499999918
            ],
            [
              176231.14570000209,
              468761.4996000044
            ],
            [
              176229.00490000285,
              468755.19720000215
            ],
            [
              176226.55110000167,
              468736.80840000138
            ],
            [
              176221.49110000022,
              468722.89210000075
            ],
            [
              176220.01640000008,
              468709.95030000247
            ],
            [
              176216.533400001,
              468691.89049999975
            ],
            [
              176211.33399999887,
              468687.69980000332
            ],
            [
              176209.7650000006,
              468681.06300000101
            ],
            [
              176208.71910000313,
              468677.62820000015
            ],
            [
              176209.32040000055,
              468671.75950000063
            ],
            [
              176206.97860000096,
              468670.28020000271
            ],
            [
              176204.89780000038,
              468650.40210000053
            ],
            [
              176205.62070000079,
              468643.34260000102
            ],
            [
              176206.79910000227,
              468632.95209999941
            ],
            [
              176209.70600000024,
              468609.13990000077
            ],
            [
              176208.95120000094,
              468594.8946000021
            ],
            [
              176209.48810000066,
              468572.39240000211
            ],
            [
              176210.19519999996,
              468562.62189999968
            ],
            [
              176209.15720000118,
              468546.07190000266
            ],
            [
              176210.5920000039,
              468539.6211000029
            ],
            [
              176211.36799999978,
              468530.21810000204
            ],
            [
              176211.66750000138,
              468522.67820000276
            ],
            [
              176213.04989999998,
              468520.02730000205
            ],
            [
              176214.50339999981,
              468510.49930000119
            ],
            [
              176214.76429999992,
              468492.9617999997
            ],
            [
              176213.47709999979,
              468472.30089999922
            ],
            [
              176217.25180000067,
              468458.56990000233
            ],
            [
              176219.84170000069,
              468446.69090000167
            ],
            [
              176222.37860000134,
              468438.50620000251
            ],
            [
              176224.72350000124,
              468425.2031000033
            ],
            [
              176225.10670000128,
              468415.36419999972
            ],
            [
              176223.87760000117,
              468408.08760000207
            ],
            [
              176223.82900000084,
              468403.3478000015
            ],
            [
              176224.22210000362,
              468398.57860000059
            ],
            [
              176222.73249999993,
              468385.01310000196
            ],
            [
              176221.80400000047,
              468380.87470000237
            ],
            [
              176222.37390000001,
              468376.35559999943
            ],
            [
              176222.88140000217,
              468372.33159999922
            ],
            [
              176221.43590000365,
              468365.60720000602
            ],
            [
              176221.62050000113,
              468354.83260000125
            ],
            [
              176220.54670000356,
              468345.62399999984
            ],
            [
              176219.12790000252,
              468338.22870000079
            ],
            [
              176216.32940000109,
              468328.98450000398
            ],
            [
              176212.54530000221,
              468322.73240000196
            ],
            [
              176208.99239999894,
              468320.61409999989
            ],
            [
              176207.75050000101,
              468318.54190000147
            ],
            [
              176210.2340000011,
              468314.033400001
            ],
            [
              176210.78680000268,
              468309.35400000401
            ],
            [
              176210.34989999887,
              468306.23010000028
            ],
            [
              176210.4681000011,
              468303.0856999997
            ],
            [
              176212.39380000066,
              468290.89520000108
            ],
            [
              176209.49670000002,
              468277.69840000384
            ],
            [
              176207.32509999909,
              468273.46340000071
            ],
            [
              176204.37260000221,
              468269.48540000245
            ],
            [
              176202.9288000036,
              468267.96190000139
            ],
            [
              176198.4337000018,
              468267.11560000107
            ],
            [
              176191.24620000087,
              468259.99759999849
            ],
            [
              176178.34460000321,
              468254.4821000006
            ],
            [
              176169.66600000113,
              468255.27770000137
            ],
            [
              176159.62420000136,
              468258.78889999725
            ],
            [
              176151.03830000106,
              468260.10990000144
            ],
            [
              176141.65290000103,
              468260.10810000077
            ],
            [
              176136.82390000019,
              468259.87930000387
            ],
            [
              176128.76540000085,
              468258.80920000374
            ],
            [
              176118.48230000027,
              468257.81970000267
            ],
            [
              176114.13190000132,
              468256.23960000277
            ],
            [
              176102.69930000138,
              468253.87549999915
            ],
            [
              176089.11579999886,
              468246.53630000167
            ],
            [
              176066.36359999981,
              468229.65590000339
            ],
            [
              176056.31400000025,
              468220.40379999951
            ],
            [
              176048.34960000124,
              468212.76429999992
            ],
            [
              176044.96840000153,
              468211.96520000137
            ],
            [
              176042.87909999862,
              468213.26650000177
            ],
            [
              176035.16330000199,
              468221.50150000118
            ],
            [
              176015.48550000135,
              468243.12040000223
            ],
            [
              176011.04360000044,
              468246.66300000064
            ],
            [
              176004.12370000035,
              468242.02019999921
            ],
            [
              175995.93630000111,
              468234.92060000263
            ],
            [
              175986.76750000007,
              468229.69610000029
            ],
            [
              175978.08500000089,
              468225.46900000051
            ],
            [
              175973.72000000253,
              468224.30340000056
            ],
            [
              175972.26440000348,
              468222.8069000002
            ],
            [
              175956.03930000309,
              468202.10880000144
            ],
            [
              175935.0933000017,
              468185.12680000067
            ],
            [
              175920.8283000011,
              468175.07399999909
            ]
          ]
        ]
      }
    }
  ]
}