{
  "displayFieldName" : "",
  "fieldAliases" : {
    "FID" : "FID",
    "PMNTN_SPOT" : "PMNTN_SPOT",
    "MNTN_CODE" : "MNTN_CODE",
    "MANAGE_SP1" : "MANAGE_SP1",
    "MANAGE_SP2" : "MANAGE_SP2",
    "DETAIL_SPO" : "DETAIL_SPO",
    "ETC_MATTER" : "ETC_MATTER",
    "MNTN_NM" : "MNTN_NM",
    "PAST_SPOT_" : "PAST_SPOT_",
    "MNTN_ID" : "MNTN_ID"
  },
  "geometryType" : "esriGeometryPoint",
  "spatialReference" : {
    "wkt" : "PROJCS[\"PCS_ITRF2000_TM\",GEOGCS[\"GCS_ITRF_2000\",DATUM[\"D_ITRF_2000\",SPHEROID[\"GRS_1980\",6378137.0,298.257222101]],PRIMEM[\"Greenwich\",0.0],UNIT[\"Degree\",0.0174532925199433]],PROJECTION[\"Transverse_Mercator\"],PARAMETER[\"False_Easting\",200000.0],PARAMETER[\"False_Northing\",600000.0],PARAMETER[\"Central_Meridian\",127.0],PARAMETER[\"Scale_Factor\",1.0],PARAMETER[\"Latitude_Of_Origin\",38.0],UNIT[\"Meter\",1.0]]"
  },
  "fields" : [
    {
      "name" : "FID",
      "type" : "esriFieldTypeOID",
      "alias" : "FID"
    },
    {
      "name" : "PMNTN_SPOT",
      "type" : "esriFieldTypeDouble",
      "alias" : "PMNTN_SPOT"
    },
    {
      "name" : "MNTN_CODE",
      "type" : "esriFieldTypeString",
      "alias" : "MNTN_CODE",
      "length" : 9
    },
    {
      "name" : "MANAGE_SP1",
      "type" : "esriFieldTypeString",
      "alias" : "MANAGE_SP1",
      "length" : 2
    },
    {
      "name" : "MANAGE_SP2",
      "type" : "esriFieldTypeString",
      "alias" : "MANAGE_SP2",
      "length" : 50
    },
    {
      "name" : "DETAIL_SPO",
      "type" : "esriFieldTypeString",
      "alias" : "DETAIL_SPO",
      "length" : 200
    },
    {
      "name" : "ETC_MATTER",
      "type" : "esriFieldTypeString",
      "alias" : "ETC_MATTER",
      "length" : 200
    },
    {
      "name" : "MNTN_NM",
      "type" : "esriFieldTypeString",
      "alias" : "MNTN_NM",
      "length" : 50
    },
    {
      "name" : "PAST_SPOT_",
      "type" : "esriFieldTypeString",
      "alias" : "PAST_SPOT_",
      "length" : 14
    },
    {
      "name" : "MNTN_ID",
      "type" : "esriFieldTypeString",
      "alias" : "MNTN_ID",
      "length" : 10
    }
  ],
  "features" : [
    {
      "attributes" : {
        "FID" : 0,
        "PMNTN_SPOT" : 423,
        "MNTN_CODE" : "427700101",
        "MANAGE_SP1" : "02",
        "MANAGE_SP2" : "분기점",
        "DETAIL_SPO" : "분기점",
        "ETC_MATTER" : " ",
        "MNTN_NM" : "가리왕산",
        "PAST_SPOT_" : "4276001010001",
        "MNTN_ID" : "427600101"
      },
      "geometry" : {
        "x" : 337753.19303681329,
        "y" : 541015.07936277241
      }
    },
    {
      "attributes" : {
        "FID" : 1,
        "PMNTN_SPOT" : 424,
        "MNTN_CODE" : "427700101",
        "MANAGE_SP1" : "01",
        "MANAGE_SP2" : "시종점",
        "DETAIL_SPO" : "시종점",
        "ETC_MATTER" : " ",
        "MNTN_NM" : "가리왕산",
        "PAST_SPOT_" : "4277001010002",
        "MNTN_ID" : "427700101"
      },
      "geometry" : {
        "x" : 338481.75110000744,
        "y" : 537470.82720000111
      }
    },
    {
      "attributes" : {
        "FID" : 2,
        "PMNTN_SPOT" : 425,
        "MNTN_CODE" : "427700101",
        "MANAGE_SP1" : "02",
        "MANAGE_SP2" : "분기점",
        "DETAIL_SPO" : "분기점",
        "ETC_MATTER" : " ",
        "MNTN_NM" : "가리왕산",
        "PAST_SPOT_" : "4277001010003",
        "MNTN_ID" : "427700101"
      },
      "geometry" : {
        "x" : 338503.33360000607,
        "y" : 541258.6157000009
      }
    },
    {
      "attributes" : {
        "FID" : 3,
        "PMNTN_SPOT" : 426,
        "MNTN_CODE" : "427700101",
        "MANAGE_SP1" : "01",
        "MANAGE_SP2" : "시종점",
        "DETAIL_SPO" : "시종점",
        "ETC_MATTER" : " ",
        "MNTN_NM" : "가리왕산",
        "PAST_SPOT_" : "4277001010004",
        "MNTN_ID" : "427700101"
      },
      "geometry" : {
        "x" : 339494.8566000089,
        "y" : 537024.37330000289
      }
    },
    {
      "attributes" : {
        "FID" : 4,
        "PMNTN_SPOT" : 427,
        "MNTN_CODE" : "427700101",
        "MANAGE_SP1" : "02",
        "MANAGE_SP2" : "분기점",
        "DETAIL_SPO" : "분기점",
        "ETC_MATTER" : " ",
        "MNTN_NM" : "가리왕산",
        "PAST_SPOT_" : "4277001010005",
        "MNTN_ID" : "427700101"
      },
      "geometry" : {
        "x" : 339926.01680000499,
        "y" : 540317.00409999862
      }
    },
    {
      "attributes" : {
        "FID" : 5,
        "PMNTN_SPOT" : 428,
        "MNTN_CODE" : "427700101",
        "MANAGE_SP1" : "01",
        "MANAGE_SP2" : "시종점",
        "DETAIL_SPO" : "시종점",
        "ETC_MATTER" : " ",
        "MNTN_NM" : "가리왕산",
        "PAST_SPOT_" : "4277001010006",
        "MNTN_ID" : "427700101"
      },
      "geometry" : {
        "x" : 340033.11570000742,
        "y" : 544270.3582000006
      }
    },
    {
      "attributes" : {
        "FID" : 6,
        "PMNTN_SPOT" : 429,
        "MNTN_CODE" : "427700101",
        "MANAGE_SP1" : "01",
        "MANAGE_SP2" : "시종점",
        "DETAIL_SPO" : "시종점",
        "ETC_MATTER" : " ",
        "MNTN_NM" : "가리왕산",
        "PAST_SPOT_" : "4277001010007",
        "MNTN_ID" : "427700101"
      },
      "geometry" : {
        "x" : 342713.02800000459,
        "y" : 543147.4626000002
      }
    },
    {
      "attributes" : {
        "FID" : 7,
        "PMNTN_SPOT" : 430,
        "MNTN_CODE" : "427700101",
        "MANAGE_SP1" : "06",
        "MANAGE_SP2" : "음수대",
        "DETAIL_SPO" : "샘터",
        "ETC_MATTER" : " ",
        "MNTN_NM" : "가리왕산",
        "PAST_SPOT_" : "22110501000008",
        "MNTN_ID" : "2211050100"
      },
      "geometry" : {
        "x" : 334155.71150000487,
        "y" : 541030.88390000165
      }
    },
    {
      "attributes" : {
        "FID" : 8,
        "PMNTN_SPOT" : 431,
        "MNTN_CODE" : "427700101",
        "MANAGE_SP1" : "02",
        "MANAGE_SP2" : "분기점",
        "DETAIL_SPO" : "갈림길",
        "ETC_MATTER" : "청옥산-중왕산",
        "MNTN_NM" : "가리왕산",
        "PAST_SPOT_" : "22110501000009",
        "MNTN_ID" : "2211050100"
      },
      "geometry" : {
        "x" : 334282.51040000468,
        "y" : 540921.74149999954
      }
    },
    {
      "attributes" : {
        "FID" : 9,
        "PMNTN_SPOT" : 432,
        "MNTN_CODE" : "427700101",
        "MANAGE_SP1" : "99",
        "MANAGE_SP2" : "기타",
        "DETAIL_SPO" : "마항치",
        "ETC_MATTER" : "화장실,대피소,관망",
        "MNTN_NM" : "가리왕산",
        "PAST_SPOT_" : "22110501000010",
        "MNTN_ID" : "2211050100"
      },
      "geometry" : {
        "x" : 335860.88550000824,
        "y" : 541358.87230000086
      }
    },
    {
      "attributes" : {
        "FID" : 10,
        "PMNTN_SPOT" : 433,
        "MNTN_CODE" : "427700101",
        "MANAGE_SP1" : "23",
        "MANAGE_SP2" : "정상",
        "DETAIL_SPO" : "가리왕산정상부",
        "ETC_MATTER" : "돌탑",
        "MNTN_NM" : "가리왕산",
        "PAST_SPOT_" : "22110501000011",
        "MNTN_ID" : "2211050100"
      },
      "geometry" : {
        "x" : 338352.07780000381,
        "y" : 541431.24880000204
      }
    },
    {
      "attributes" : {
        "FID" : 11,
        "PMNTN_SPOT" : 434,
        "MNTN_CODE" : "427700101",
        "MANAGE_SP1" : "99",
        "MANAGE_SP2" : "기타",
        "DETAIL_SPO" : "어은골 삼거리",
        "ETC_MATTER" : "정선방향",
        "MNTN_NM" : "가리왕산",
        "PAST_SPOT_" : "22110501000012",
        "MNTN_ID" : "2211050100"
      },
      "geometry" : {
        "x" : 337742.64800000377,
        "y" : 541014.72340000048
      }
    },
    {
      "attributes" : {
        "FID" : 12,
        "PMNTN_SPOT" : 435,
        "MNTN_CODE" : "427700101",
        "MANAGE_SP1" : "22",
        "MANAGE_SP2" : "헬기장",
        "DETAIL_SPO" : "헬기장",
        "ETC_MATTER" : " ",
        "MNTN_NM" : "가리왕산",
        "PAST_SPOT_" : "22110501000013",
        "MNTN_ID" : "2211050100"
      },
      "geometry" : {
        "x" : 337253.7656000033,
        "y" : 540902.98610000126
      }
    },
    {
      "attributes" : {
        "FID" : 13,
        "PMNTN_SPOT" : 436,
        "MNTN_CODE" : "427700101",
        "MANAGE_SP1" : "22",
        "MANAGE_SP2" : "헬기장",
        "DETAIL_SPO" : "헬기장",
        "ETC_MATTER" : " ",
        "MNTN_NM" : "가리왕산",
        "PAST_SPOT_" : "22110501000014",
        "MNTN_ID" : "2211050100"
      },
      "geometry" : {
        "x" : 338226.41240000911,
        "y" : 541324.83699999936
      }
    },
    {
      "attributes" : {
        "FID" : 14,
        "PMNTN_SPOT" : 437,
        "MNTN_CODE" : "427700101",
        "MANAGE_SP1" : "99",
        "MANAGE_SP2" : "기타",
        "DETAIL_SPO" : "삼산 봉표",
        "ETC_MATTER" : "유형문화재 제 113",
        "MNTN_NM" : "가리왕산",
        "PAST_SPOT_" : "22110501000015",
        "MNTN_ID" : "2211050100"
      },
      "geometry" : {
        "x" : 335888.73600000422,
        "y" : 541348.41389999911
      }
    },
    {
      "attributes" : {
        "FID" : 15,
        "PMNTN_SPOT" : 438,
        "MNTN_CODE" : "427700101",
        "MANAGE_SP1" : "01",
        "MANAGE_SP2" : "시종점",
        "DETAIL_SPO" : "시종점,안내판",
        "ETC_MATTER" : "중왕산입구",
        "MNTN_NM" : "가리왕산",
        "PAST_SPOT_" : "22110501000016",
        "MNTN_ID" : "2211050100"
      },
      "geometry" : {
        "x" : 332575.56440000236,
        "y" : 541265.92310000211
      }
    },
    {
      "attributes" : {
        "FID" : 16,
        "PMNTN_SPOT" : 439,
        "MNTN_CODE" : "427700101",
        "MANAGE_SP1" : "23",
        "MANAGE_SP2" : "정상",
        "DETAIL_SPO" : "중왕산정상",
        "ETC_MATTER" : "삼각점",
        "MNTN_NM" : "가리왕산",
        "PAST_SPOT_" : "22110501000017",
        "MNTN_ID" : "2211050100"
      },
      "geometry" : {
        "x" : 334845.98740000464,
        "y" : 541543.75789999962
      }
    },
    {
      "attributes" : {
        "FID" : 17,
        "PMNTN_SPOT" : 440,
        "MNTN_CODE" : "427700101",
        "MANAGE_SP1" : "01",
        "MANAGE_SP2" : "시종점",
        "DETAIL_SPO" : "시종점,안내판",
        "ETC_MATTER" : " ",
        "MNTN_NM" : "가리왕산",
        "PAST_SPOT_" : "22110501000018",
        "MNTN_ID" : "2211050100"
      },
      "geometry" : {
        "x" : 336349.97690000571,
        "y" : 543186.80420000106
      }
    },
    {
      "attributes" : {
        "FID" : 18,
        "PMNTN_SPOT" : 441,
        "MNTN_CODE" : "427700101",
        "MANAGE_SP1" : "02",
        "MANAGE_SP2" : "분기점",
        "DETAIL_SPO" : "분기점",
        "ETC_MATTER" : " ",
        "MNTN_NM" : "가리왕산",
        "PAST_SPOT_" : "22110501000019",
        "MNTN_ID" : "2211050100"
      },
      "geometry" : {
        "x" : 338320.24073042721,
        "y" : 541373.27734226547
      }
    }
  ]
}