{
  "displayFieldName" : "",
  "fieldAliases" : {
    "FID" : "FID",
    "PMNTN_SPOT" : "PMNTN_SPOT",
    "MNTN_CODE" : "MNTN_CODE",
    "MANAGE_SP1" : "MANAGE_SP1",
    "MANAGE_SP2" : "MANAGE_SP2",
    "DETAIL_SPO" : "DETAIL_SPO",
    "ETC_MATTER" : "ETC_MATTER",
    "MNTN_NM" : "MNTN_NM",
    "PAST_SPOT_" : "PAST_SPOT_",
    "MNTN_ID" : "MNTN_ID"
  },
  "geometryType" : "esriGeometryPoint",
  "spatialReference" : {
    "wkt" : "PROJCS[\"PCS_ITRF2000_TM\",GEOGCS[\"GCS_ITRF_2000\",DATUM[\"D_ITRF_2000\",SPHEROID[\"GRS_1980\",6378137.0,298.257222101]],PRIMEM[\"Greenwich\",0.0],UNIT[\"Degree\",0.0174532925199433]],PROJECTION[\"Transverse_Mercator\"],PARAMETER[\"False_Easting\",200000.0],PARAMETER[\"False_Northing\",600000.0],PARAMETER[\"Central_Meridian\",127.0],PARAMETER[\"Scale_Factor\",1.0],PARAMETER[\"Latitude_Of_Origin\",38.0],UNIT[\"Meter\",1.0]]"
  },
  "fields" : [
    {
      "name" : "FID",
      "type" : "esriFieldTypeOID",
      "alias" : "FID"
    },
    {
      "name" : "PMNTN_SPOT",
      "type" : "esriFieldTypeDouble",
      "alias" : "PMNTN_SPOT"
    },
    {
      "name" : "MNTN_CODE",
      "type" : "esriFieldTypeString",
      "alias" : "MNTN_CODE",
      "length" : 9
    },
    {
      "name" : "MANAGE_SP1",
      "type" : "esriFieldTypeString",
      "alias" : "MANAGE_SP1",
      "length" : 2
    },
    {
      "name" : "MANAGE_SP2",
      "type" : "esriFieldTypeString",
      "alias" : "MANAGE_SP2",
      "length" : 50
    },
    {
      "name" : "DETAIL_SPO",
      "type" : "esriFieldTypeString",
      "alias" : "DETAIL_SPO",
      "length" : 200
    },
    {
      "name" : "ETC_MATTER",
      "type" : "esriFieldTypeString",
      "alias" : "ETC_MATTER",
      "length" : 200
    },
    {
      "name" : "MNTN_NM",
      "type" : "esriFieldTypeString",
      "alias" : "MNTN_NM",
      "length" : 50
    },
    {
      "name" : "PAST_SPOT_",
      "type" : "esriFieldTypeString",
      "alias" : "PAST_SPOT_",
      "length" : 14
    },
    {
      "name" : "MNTN_ID",
      "type" : "esriFieldTypeString",
      "alias" : "MNTN_ID",
      "length" : 10
    }
  ],
  "features" : [
    {
      "attributes" : {
        "FID" : 0,
        "PMNTN_SPOT" : 36496,
        "MNTN_CODE" : "317102001",
        "MANAGE_SP1" : "01",
        "MANAGE_SP2" : "시종점",
        "DETAIL_SPO" : "시종점",
        "ETC_MATTER" : " ",
        "MNTN_NM" : "백운산",
        "PAST_SPOT_" : "4713025010001",
        "MNTN_ID" : "471302501"
      },
      "geometry" : {
        "x" : 387929.91530004703,
        "y" : 347447.12270000763
      }
    },
    {
      "attributes" : {
        "FID" : 1,
        "PMNTN_SPOT" : 36497,
        "MNTN_CODE" : "317102001",
        "MANAGE_SP1" : "01",
        "MANAGE_SP2" : "시종점",
        "DETAIL_SPO" : "시종점",
        "ETC_MATTER" : " ",
        "MNTN_NM" : "백운산",
        "PAST_SPOT_" : "4713025010002",
        "MNTN_ID" : "471302501"
      },
      "geometry" : {
        "x" : 388584.7603000477,
        "y" : 347526.49790000729
      }
    },
    {
      "attributes" : {
        "FID" : 2,
        "PMNTN_SPOT" : 36498,
        "MNTN_CODE" : "317102001",
        "MANAGE_SP1" : "01",
        "MANAGE_SP2" : "시종점",
        "DETAIL_SPO" : "시종점",
        "ETC_MATTER" : " ",
        "MNTN_NM" : "백운산",
        "PAST_SPOT_" : "4713025010003",
        "MNTN_ID" : "471302501"
      },
      "geometry" : {
        "x" : 389141.45560004842,
        "y" : 350430.14540000632
      }
    },
    {
      "attributes" : {
        "FID" : 3,
        "PMNTN_SPOT" : 36499,
        "MNTN_CODE" : "317102001",
        "MANAGE_SP1" : "02",
        "MANAGE_SP2" : "분기점",
        "DETAIL_SPO" : "분기점",
        "ETC_MATTER" : " ",
        "MNTN_NM" : "백운산",
        "PAST_SPOT_" : "3171020010004",
        "MNTN_ID" : "317102001"
      },
      "geometry" : {
        "x" : 389433.85180004966,
        "y" : 346446.09190000407
      }
    },
    {
      "attributes" : {
        "FID" : 4,
        "PMNTN_SPOT" : 36500,
        "MNTN_CODE" : "317102001",
        "MANAGE_SP1" : "01",
        "MANAGE_SP2" : "시종점",
        "DETAIL_SPO" : "시종점",
        "ETC_MATTER" : " ",
        "MNTN_NM" : "백운산",
        "PAST_SPOT_" : "3171020010005",
        "MNTN_ID" : "317102001"
      },
      "geometry" : {
        "x" : 389656.32500004955,
        "y" : 345799.42670000345
      }
    },
    {
      "attributes" : {
        "FID" : 5,
        "PMNTN_SPOT" : 36501,
        "MNTN_CODE" : "317102001",
        "MANAGE_SP1" : "02",
        "MANAGE_SP2" : "분기점",
        "DETAIL_SPO" : "분기점",
        "ETC_MATTER" : " ",
        "MNTN_NM" : "백운산",
        "PAST_SPOT_" : "3171020010006",
        "MNTN_ID" : "317102001"
      },
      "geometry" : {
        "x" : 389965.22670005169,
        "y" : 344586.97120000608
      }
    },
    {
      "attributes" : {
        "FID" : 6,
        "PMNTN_SPOT" : 36502,
        "MNTN_CODE" : "317102001",
        "MANAGE_SP1" : "01",
        "MANAGE_SP2" : "시종점",
        "DETAIL_SPO" : "시종점",
        "ETC_MATTER" : " ",
        "MNTN_NM" : "백운산",
        "PAST_SPOT_" : "3171020010007",
        "MNTN_ID" : "317102001"
      },
      "geometry" : {
        "x" : 390016.15900004935,
        "y" : 344950.77400000021
      }
    },
    {
      "attributes" : {
        "FID" : 7,
        "PMNTN_SPOT" : 36503,
        "MNTN_CODE" : "317102001",
        "MANAGE_SP1" : "02",
        "MANAGE_SP2" : "분기점",
        "DETAIL_SPO" : "분기점",
        "ETC_MATTER" : " ",
        "MNTN_NM" : "백운산",
        "PAST_SPOT_" : "3171020010008",
        "MNTN_ID" : "317102001"
      },
      "geometry" : {
        "x" : 390043.27890005056,
        "y" : 344950.11250000633
      }
    },
    {
      "attributes" : {
        "FID" : 8,
        "PMNTN_SPOT" : 36504,
        "MNTN_CODE" : "317102001",
        "MANAGE_SP1" : "01",
        "MANAGE_SP2" : "시종점",
        "DETAIL_SPO" : "시종점",
        "ETC_MATTER" : " ",
        "MNTN_NM" : "백운산",
        "PAST_SPOT_" : "3171020010009",
        "MNTN_ID" : "317102001"
      },
      "geometry" : {
        "x" : 390055.84660004918,
        "y" : 344813.19040000625
      }
    },
    {
      "attributes" : {
        "FID" : 9,
        "PMNTN_SPOT" : 36505,
        "MNTN_CODE" : "317102001",
        "MANAGE_SP1" : "01",
        "MANAGE_SP2" : "시종점",
        "DETAIL_SPO" : "시종점",
        "ETC_MATTER" : " ",
        "MNTN_NM" : "백운산",
        "PAST_SPOT_" : "3171020010010",
        "MNTN_ID" : "317102001"
      },
      "geometry" : {
        "x" : 390113.39360005222,
        "y" : 344786.07050000504
      }
    },
    {
      "attributes" : {
        "FID" : 10,
        "PMNTN_SPOT" : 36506,
        "MNTN_CODE" : "317102001",
        "MANAGE_SP1" : "02",
        "MANAGE_SP2" : "분기점",
        "DETAIL_SPO" : "분기점",
        "ETC_MATTER" : " ",
        "MNTN_NM" : "백운산",
        "PAST_SPOT_" : "3171020010011",
        "MNTN_ID" : "317102001"
      },
      "geometry" : {
        "x" : 390142.49780005123,
        "y" : 344815.83620000817
      }
    },
    {
      "attributes" : {
        "FID" : 11,
        "PMNTN_SPOT" : 36507,
        "MNTN_CODE" : "317102001",
        "MANAGE_SP1" : "02",
        "MANAGE_SP2" : "분기점",
        "DETAIL_SPO" : "분기점",
        "ETC_MATTER" : " ",
        "MNTN_NM" : "백운산",
        "PAST_SPOT_" : "3171020010012",
        "MNTN_ID" : "317102001"
      },
      "geometry" : {
        "x" : 390150.43540005013,
        "y" : 344701.40370000526
      }
    },
    {
      "attributes" : {
        "FID" : 12,
        "PMNTN_SPOT" : 36508,
        "MNTN_CODE" : "317102001",
        "MANAGE_SP1" : "01",
        "MANAGE_SP2" : "시종점",
        "DETAIL_SPO" : "시종점",
        "ETC_MATTER" : " ",
        "MNTN_NM" : "백운산",
        "PAST_SPOT_" : "3171020010013",
        "MNTN_ID" : "317102001"
      },
      "geometry" : {
        "x" : 390205.33650005143,
        "y" : 345408.50410000607
      }
    },
    {
      "attributes" : {
        "FID" : 13,
        "PMNTN_SPOT" : 36509,
        "MNTN_CODE" : "317102001",
        "MANAGE_SP1" : "02",
        "MANAGE_SP2" : "분기점",
        "DETAIL_SPO" : "분기점",
        "ETC_MATTER" : " ",
        "MNTN_NM" : "백운산",
        "PAST_SPOT_" : "3171020010014",
        "MNTN_ID" : "317102001"
      },
      "geometry" : {
        "x" : 390214.59690005146,
        "y" : 345132.01390000433
      }
    },
    {
      "attributes" : {
        "FID" : 14,
        "PMNTN_SPOT" : 36510,
        "MNTN_CODE" : "317102001",
        "MANAGE_SP1" : "02",
        "MANAGE_SP2" : "분기점",
        "DETAIL_SPO" : "분기점",
        "ETC_MATTER" : " ",
        "MNTN_NM" : "백운산",
        "PAST_SPOT_" : "3171020010015",
        "MNTN_ID" : "317102001"
      },
      "geometry" : {
        "x" : 390215.91990005504,
        "y" : 344822.45080000535
      }
    },
    {
      "attributes" : {
        "FID" : 15,
        "PMNTN_SPOT" : 36511,
        "MNTN_CODE" : "317102001",
        "MANAGE_SP1" : "01",
        "MANAGE_SP2" : "시종점",
        "DETAIL_SPO" : "시종점",
        "ETC_MATTER" : " ",
        "MNTN_NM" : "백운산",
        "PAST_SPOT_" : "3171020010016",
        "MNTN_ID" : "317102001"
      },
      "geometry" : {
        "x" : 390263.54500005022,
        "y" : 344674.94530000538
      }
    },
    {
      "attributes" : {
        "FID" : 16,
        "PMNTN_SPOT" : 36512,
        "MNTN_CODE" : "317102001",
        "MANAGE_SP1" : "02",
        "MANAGE_SP2" : "분기점",
        "DETAIL_SPO" : "분기점",
        "ETC_MATTER" : " ",
        "MNTN_NM" : "백운산",
        "PAST_SPOT_" : "3171020010017",
        "MNTN_ID" : "317102001"
      },
      "geometry" : {
        "x" : 390263.54500005022,
        "y" : 344779.45600000769
      }
    },
    {
      "attributes" : {
        "FID" : 17,
        "PMNTN_SPOT" : 36513,
        "MNTN_CODE" : "317102001",
        "MANAGE_SP1" : "01",
        "MANAGE_SP2" : "시종점",
        "DETAIL_SPO" : "시종점",
        "ETC_MATTER" : " ",
        "MNTN_NM" : "백운산",
        "PAST_SPOT_" : "3171020010018",
        "MNTN_ID" : "317102001"
      },
      "geometry" : {
        "x" : 390263.54500005022,
        "y" : 345493.83240000159
      }
    },
    {
      "attributes" : {
        "FID" : 18,
        "PMNTN_SPOT" : 36514,
        "MNTN_CODE" : "317102001",
        "MANAGE_SP1" : "01",
        "MANAGE_SP2" : "시종점",
        "DETAIL_SPO" : "시종점",
        "ETC_MATTER" : " ",
        "MNTN_NM" : "백운산",
        "PAST_SPOT_" : "3171020010019",
        "MNTN_ID" : "317102001"
      },
      "geometry" : {
        "x" : 390322.60270004999,
        "y" : 341263.22950000316
      }
    },
    {
      "attributes" : {
        "FID" : 19,
        "PMNTN_SPOT" : 36515,
        "MNTN_CODE" : "317102001",
        "MANAGE_SP1" : "01",
        "MANAGE_SP2" : "시종점",
        "DETAIL_SPO" : "시종점",
        "ETC_MATTER" : " ",
        "MNTN_NM" : "백운산",
        "PAST_SPOT_" : "3171020010020",
        "MNTN_ID" : "317102001"
      },
      "geometry" : {
        "x" : 390334.32110005151,
        "y" : 344672.96090000495
      }
    },
    {
      "attributes" : {
        "FID" : 20,
        "PMNTN_SPOT" : 36516,
        "MNTN_CODE" : "317102001",
        "MANAGE_SP1" : "02",
        "MANAGE_SP2" : "분기점",
        "DETAIL_SPO" : "분기점",
        "ETC_MATTER" : " ",
        "MNTN_NM" : "백운산",
        "PAST_SPOT_" : "3171020010021",
        "MNTN_ID" : "317102001"
      },
      "geometry" : {
        "x" : 390338.28990005143,
        "y" : 345448.85310000367
      }
    },
    {
      "attributes" : {
        "FID" : 21,
        "PMNTN_SPOT" : 36517,
        "MNTN_CODE" : "317102001",
        "MANAGE_SP1" : "02",
        "MANAGE_SP2" : "분기점",
        "DETAIL_SPO" : "분기점",
        "ETC_MATTER" : " ",
        "MNTN_NM" : "백운산",
        "PAST_SPOT_" : "3171020010022",
        "MNTN_ID" : "317102001"
      },
      "geometry" : {
        "x" : 390364.08680005092,
        "y" : 345168.39420000836
      }
    },
    {
      "attributes" : {
        "FID" : 22,
        "PMNTN_SPOT" : 36518,
        "MNTN_CODE" : "317102001",
        "MANAGE_SP1" : "02",
        "MANAGE_SP2" : "분기점",
        "DETAIL_SPO" : "분기점",
        "ETC_MATTER" : " ",
        "MNTN_NM" : "백운산",
        "PAST_SPOT_" : "3171020010023",
        "MNTN_ID" : "317102001"
      },
      "geometry" : {
        "x" : 390366.73270005081,
        "y" : 345446.20730000362
      }
    },
    {
      "attributes" : {
        "FID" : 23,
        "PMNTN_SPOT" : 36519,
        "MNTN_CODE" : "317102001",
        "MANAGE_SP1" : "02",
        "MANAGE_SP2" : "분기점",
        "DETAIL_SPO" : "분기점",
        "ETC_MATTER" : " ",
        "MNTN_NM" : "백운산",
        "PAST_SPOT_" : "3171020010024",
        "MNTN_ID" : "317102001"
      },
      "geometry" : {
        "x" : 390385.91500005126,
        "y" : 344851.55510000698
      }
    },
    {
      "attributes" : {
        "FID" : 24,
        "PMNTN_SPOT" : 36520,
        "MNTN_CODE" : "317102001",
        "MANAGE_SP1" : "02",
        "MANAGE_SP2" : "분기점",
        "DETAIL_SPO" : "분기점",
        "ETC_MATTER" : " ",
        "MNTN_NM" : "백운산",
        "PAST_SPOT_" : "3171020010025",
        "MNTN_ID" : "317102001"
      },
      "geometry" : {
        "x" : 390393.19100005273,
        "y" : 345113.49310000427
      }
    },
    {
      "attributes" : {
        "FID" : 25,
        "PMNTN_SPOT" : 36521,
        "MNTN_CODE" : "317102001",
        "MANAGE_SP1" : "01",
        "MANAGE_SP2" : "시종점",
        "DETAIL_SPO" : "시종점",
        "ETC_MATTER" : " ",
        "MNTN_NM" : "백운산",
        "PAST_SPOT_" : "3171020010026",
        "MNTN_ID" : "317102001"
      },
      "geometry" : {
        "x" : 390434.20150005259,
        "y" : 345436.28540000319
      }
    },
    {
      "attributes" : {
        "FID" : 26,
        "PMNTN_SPOT" : 36522,
        "MNTN_CODE" : "317102001",
        "MANAGE_SP1" : "02",
        "MANAGE_SP2" : "분기점",
        "DETAIL_SPO" : "분기점",
        "ETC_MATTER" : " ",
        "MNTN_NM" : "백운산",
        "PAST_SPOT_" : "3171020010027",
        "MNTN_ID" : "317102001"
      },
      "geometry" : {
        "x" : 390506.30070005171,
        "y" : 345048.67000000179
      }
    },
    {
      "attributes" : {
        "FID" : 27,
        "PMNTN_SPOT" : 36523,
        "MNTN_CODE" : "317102001",
        "MANAGE_SP1" : "02",
        "MANAGE_SP2" : "분기점",
        "DETAIL_SPO" : "분기점",
        "ETC_MATTER" : " ",
        "MNTN_NM" : "백운산",
        "PAST_SPOT_" : "3171020010028",
        "MNTN_ID" : "317102001"
      },
      "geometry" : {
        "x" : 390609.48840005137,
        "y" : 345164.42550000548
      }
    },
    {
      "attributes" : {
        "FID" : 28,
        "PMNTN_SPOT" : 36524,
        "MNTN_CODE" : "317102001",
        "MANAGE_SP1" : "02",
        "MANAGE_SP2" : "분기점",
        "DETAIL_SPO" : "분기점",
        "ETC_MATTER" : " ",
        "MNTN_NM" : "백운산",
        "PAST_SPOT_" : "3171020010029",
        "MNTN_ID" : "317102001"
      },
      "geometry" : {
        "x" : 390624.70190005098,
        "y" : 345286.7955000028
      }
    },
    {
      "attributes" : {
        "FID" : 29,
        "PMNTN_SPOT" : 36525,
        "MNTN_CODE" : "317102001",
        "MANAGE_SP1" : "02",
        "MANAGE_SP2" : "분기점",
        "DETAIL_SPO" : "분기점",
        "ETC_MATTER" : " ",
        "MNTN_NM" : "백운산",
        "PAST_SPOT_" : "3171020010030",
        "MNTN_ID" : "317102001"
      },
      "geometry" : {
        "x" : 390648.51450005081,
        "y" : 345250.41520000435
      }
    },
    {
      "attributes" : {
        "FID" : 30,
        "PMNTN_SPOT" : 36526,
        "MNTN_CODE" : "317102001",
        "MANAGE_SP1" : "02",
        "MANAGE_SP2" : "분기점",
        "DETAIL_SPO" : "분기점",
        "ETC_MATTER" : " ",
        "MNTN_NM" : "백운산",
        "PAST_SPOT_" : "3171020010031",
        "MNTN_ID" : "317102001"
      },
      "geometry" : {
        "x" : 390689.5250000516,
        "y" : 345206.09740000591
      }
    },
    {
      "attributes" : {
        "FID" : 31,
        "PMNTN_SPOT" : 36527,
        "MNTN_CODE" : "317102001",
        "MANAGE_SP1" : "01",
        "MANAGE_SP2" : "시종점",
        "DETAIL_SPO" : "시종점",
        "ETC_MATTER" : " ",
        "MNTN_NM" : "백운산",
        "PAST_SPOT_" : "3171020010032",
        "MNTN_ID" : "317102001"
      },
      "geometry" : {
        "x" : 391128.07270005345,
        "y" : 345295.39450000599
      }
    },
    {
      "attributes" : {
        "FID" : 32,
        "PMNTN_SPOT" : 36528,
        "MNTN_CODE" : "317102001",
        "MANAGE_SP1" : "01",
        "MANAGE_SP2" : "시종점",
        "DETAIL_SPO" : "시종점",
        "ETC_MATTER" : " ",
        "MNTN_NM" : "백운산",
        "PAST_SPOT_" : "3171020010033",
        "MNTN_ID" : "317102001"
      },
      "geometry" : {
        "x" : 391452.84940005373,
        "y" : 343105.96300000511
      }
    },
    {
      "attributes" : {
        "FID" : 33,
        "PMNTN_SPOT" : 36529,
        "MNTN_CODE" : "317102001",
        "MANAGE_SP1" : "02",
        "MANAGE_SP2" : "분기점",
        "DETAIL_SPO" : "분기점",
        "ETC_MATTER" : " ",
        "MNTN_NM" : "백운산",
        "PAST_SPOT_" : "3171020010034",
        "MNTN_ID" : "317102001"
      },
      "geometry" : {
        "x" : 391636.8679000549,
        "y" : 342555.38140000403
      }
    },
    {
      "attributes" : {
        "FID" : 34,
        "PMNTN_SPOT" : 36530,
        "MNTN_CODE" : "317102001",
        "MANAGE_SP1" : "01",
        "MANAGE_SP2" : "시종점",
        "DETAIL_SPO" : "시종점",
        "ETC_MATTER" : " ",
        "MNTN_NM" : "백운산",
        "PAST_SPOT_" : "3171020010035",
        "MNTN_ID" : "317102001"
      },
      "geometry" : {
        "x" : 391754.47500005271,
        "y" : 342745.46750000492
      }
    },
    {
      "attributes" : {
        "FID" : 35,
        "PMNTN_SPOT" : 36531,
        "MNTN_CODE" : "317102001",
        "MANAGE_SP1" : "01",
        "MANAGE_SP2" : "시종점",
        "DETAIL_SPO" : "시종점",
        "ETC_MATTER" : " ",
        "MNTN_NM" : "백운산",
        "PAST_SPOT_" : "3171020010036",
        "MNTN_ID" : "317102001"
      },
      "geometry" : {
        "x" : 391792.83970005531,
        "y" : 342293.69060000591
      }
    }
  ]
}