{"displayFieldName":"","fieldAliases":{"FID":"FID","PMNTN_SPOT":"PMNTN_SPOT","MNTN_CODE":"MNTN_CODE","MANAGE_SP1":"MANAGE_SP1","MANAGE_SP2":"MANAGE_SP2","DETAIL_SPO":"DETAIL_SPO","ETC_MATTER":"ETC_MATTER","MNTN_NM":"MNTN_NM","PAST_SPOT_":"PAST_SPOT_","MNTN_ID":"MNTN_ID"},"geometryType":"esriGeometryPoint","spatialReference":{"wkt":"PROJCS[\"PCS_ITRF2000_TM\",GEOGCS[\"GCS_ITRF_2000\",DATUM[\"D_ITRF_2000\",SPHEROID[\"GRS_1980\",6378137.0,298.257222101]],PRIMEM[\"Greenwich\",0.0],UNIT[\"Degree\",0.0174532925199433]],PROJECTION[\"Transverse_Mercator\"],PARAMETER[\"False_Easting\",200000.0],PARAMETER[\"False_Northing\",600000.0],PARAMETER[\"Central_Meridian\",127.0],PARAMETER[\"Scale_Factor\",1.0],PARAMETER[\"Latitude_Of_Origin\",38.0],UNIT[\"Meter\",1.0]]"},"fields":[{"name":"FID","type":"esriFieldTypeOID","alias":"FID"},{"name":"PMNTN_SPOT","type":"esriFieldTypeDouble","alias":"PMNTN_SPOT"},{"name":"MNTN_CODE","type":"esriFieldTypeString","alias":"MNTN_CODE","length":9},{"name":"MANAGE_SP1","type":"esriFieldTypeString","alias":"MANAGE_SP1","length":2},{"name":"MANAGE_SP2","type":"esriFieldTypeString","alias":"MANAGE_SP2","length":50},{"name":"DETAIL_SPO","type":"esriFieldTypeString","alias":"DETAIL_SPO","length":200},{"name":"ETC_MATTER","type":"esriFieldTypeString","alias":"ETC_MATTER","length":200},{"name":"MNTN_NM","type":"esriFieldTypeString","alias":"MNTN_NM","length":50},{"name":"PAST_SPOT_","type":"esriFieldTypeString","alias":"PAST_SPOT_","length":14},{"name":"MNTN_ID","type":"esriFieldTypeString","alias":"MNTN_ID","length":10}],"features":[{"attributes":{"FID":0,"PMNTN_SPOT":101142,"MNTN_CODE":"487302901","MANAGE_SP1":"01","MANAGE_SP2":"시종점","DETAIL_SPO":"029(시점,종점,이정표)","ETC_MATTER":" ","MNTN_NM":"외범이산","PAST_SPOT_":" ","MNTN_ID":" "},"geometry":{"x":323922.41930000018,"y":305209.00249999948}},{"attributes":{"FID":1,"PMNTN_SPOT":101143,"MNTN_CODE":"487302901","MANAGE_SP1":"11","MANAGE_SP2":"안내판또는지도","DETAIL_SPO":"030(안내판)","ETC_MATTER":" ","MNTN_NM":"외범이산","PAST_SPOT_":" ","MNTN_ID":" "},"geometry":{"x":323904.79690000042,"y":305237.75459999964}},{"attributes":{"FID":2,"PMNTN_SPOT":101144,"MNTN_CODE":"487302901","MANAGE_SP1":"99","MANAGE_SP2":"기타","DETAIL_SPO":"031(데크시작)","ETC_MATTER":" ","MNTN_NM":"외범이산","PAST_SPOT_":" ","MNTN_ID":" "},"geometry":{"x":323833.61959999986,"y":305271.50019999966}},{"attributes":{"FID":3,"PMNTN_SPOT":101145,"MNTN_CODE":"487302901","MANAGE_SP1":"99","MANAGE_SP2":"기타","DETAIL_SPO":"032(울타리난간)","ETC_MATTER":" ","MNTN_NM":"외범이산","PAST_SPOT_":" ","MNTN_ID":" "},"geometry":{"x":323789.31319999974,"y":305288.49980000034}},{"attributes":{"FID":4,"PMNTN_SPOT":101146,"MNTN_CODE":"487302901","MANAGE_SP1":"03","MANAGE_SP2":"정자","DETAIL_SPO":"033(정자)","ETC_MATTER":" ","MNTN_NM":"외범이산","PAST_SPOT_":" ","MNTN_ID":" "},"geometry":{"x":323758.09580000024,"y":305279.90350000001}},{"attributes":{"FID":5,"PMNTN_SPOT":101147,"MNTN_CODE":"487302901","MANAGE_SP1":"99","MANAGE_SP2":"기타","DETAIL_SPO":"034(목교1)","ETC_MATTER":" ","MNTN_NM":"외범이산","PAST_SPOT_":" ","MNTN_ID":" "},"geometry":{"x":323721.15299999993,"y":305268.59610000066}},{"attributes":{"FID":6,"PMNTN_SPOT":101148,"MNTN_CODE":"487302901","MANAGE_SP1":"99","MANAGE_SP2":"기타","DETAIL_SPO":"035(목교2)","ETC_MATTER":" ","MNTN_NM":"외범이산","PAST_SPOT_":" ","MNTN_ID":" "},"geometry":{"x":323680.59190000035,"y":305264.88550000079}},{"attributes":{"FID":7,"PMNTN_SPOT":101149,"MNTN_CODE":"487302901","MANAGE_SP1":"14","MANAGE_SP2":"조망점","DETAIL_SPO":"036(전망대, 데크끝)","ETC_MATTER":" ","MNTN_NM":"외범이산","PAST_SPOT_":" ","MNTN_ID":" "},"geometry":{"x":323655.42129999958,"y":305262.21429999918}},{"attributes":{"FID":8,"PMNTN_SPOT":101150,"MNTN_CODE":"487302901","MANAGE_SP1":"99","MANAGE_SP2":"기타","DETAIL_SPO":"037(목계단시작)","ETC_MATTER":" ","MNTN_NM":"외범이산","PAST_SPOT_":" ","MNTN_ID":" "},"geometry":{"x":323410.2714999998,"y":305316.04959999956}},{"attributes":{"FID":9,"PMNTN_SPOT":101151,"MNTN_CODE":"487302901","MANAGE_SP1":"99","MANAGE_SP2":"기타","DETAIL_SPO":"038(목계단끝)","ETC_MATTER":" ","MNTN_NM":"외범이산","PAST_SPOT_":" ","MNTN_ID":" "},"geometry":{"x":323383.26570000034,"y":305338.85089999996}},{"attributes":{"FID":10,"PMNTN_SPOT":101152,"MNTN_CODE":"487302901","MANAGE_SP1":"10","MANAGE_SP2":"이정표","DETAIL_SPO":"039(이정표, 자전거도로, 도그파크)","ETC_MATTER":" ","MNTN_NM":"외범이산","PAST_SPOT_":" ","MNTN_ID":" "},"geometry":{"x":323345.39250000007,"y":305296.41709999926}},{"attributes":{"FID":11,"PMNTN_SPOT":101153,"MNTN_CODE":"487302901","MANAGE_SP1":"02","MANAGE_SP2":"분기점","DETAIL_SPO":"042(갈림길)","ETC_MATTER":" ","MNTN_NM":"외범이산","PAST_SPOT_":" ","MNTN_ID":" "},"geometry":{"x":323655.72559999954,"y":305233.9495000001}},{"attributes":{"FID":12,"PMNTN_SPOT":101154,"MNTN_CODE":"487302901","MANAGE_SP1":"99","MANAGE_SP2":"기타","DETAIL_SPO":"043(목계단시작)","ETC_MATTER":" ","MNTN_NM":"외범이산","PAST_SPOT_":" ","MNTN_ID":" "},"geometry":{"x":323956.18919999991,"y":305137.95289999992}},{"attributes":{"FID":13,"PMNTN_SPOT":101155,"MNTN_CODE":"487302901","MANAGE_SP1":"01","MANAGE_SP2":"시종점","DETAIL_SPO":"044(종점)","ETC_MATTER":" ","MNTN_NM":"외범이산","PAST_SPOT_":" ","MNTN_ID":" "},"geometry":{"x":323978.72890000045,"y":305173.94590000063}}]}