{
  "displayFieldName" : "",
  "fieldAliases" : {
    "FID" : "FID",
    "PMNTN_SPOT" : "PMNTN_SPOT",
    "MNTN_CODE" : "MNTN_CODE",
    "MANAGE_SP1" : "MANAGE_SP1",
    "MANAGE_SP2" : "MANAGE_SP2",
    "DETAIL_SPO" : "DETAIL_SPO",
    "ETC_MATTER" : "ETC_MATTER",
    "MNTN_NM" : "MNTN_NM",
    "PAST_SPOT_" : "PAST_SPOT_",
    "MNTN_ID" : "MNTN_ID"
  },
  "geometryType" : "esriGeometryPoint",
  "spatialReference" : {
    "wkt" : "PROJCS[\"PCS_ITRF2000_TM\",GEOGCS[\"GCS_ITRF_2000\",DATUM[\"D_ITRF_2000\",SPHEROID[\"GRS_1980\",6378137.0,298.257222101]],PRIMEM[\"Greenwich\",0.0],UNIT[\"Degree\",0.0174532925199433]],PROJECTION[\"Transverse_Mercator\"],PARAMETER[\"False_Easting\",200000.0],PARAMETER[\"False_Northing\",600000.0],PARAMETER[\"Central_Meridian\",127.0],PARAMETER[\"Scale_Factor\",1.0],PARAMETER[\"Latitude_Of_Origin\",38.0],UNIT[\"Meter\",1.0]]"
  },
  "fields" : [
    {
      "name" : "FID",
      "type" : "esriFieldTypeOID",
      "alias" : "FID"
    },
    {
      "name" : "PMNTN_SPOT",
      "type" : "esriFieldTypeDouble",
      "alias" : "PMNTN_SPOT"
    },
    {
      "name" : "MNTN_CODE",
      "type" : "esriFieldTypeString",
      "alias" : "MNTN_CODE",
      "length" : 9
    },
    {
      "name" : "MANAGE_SP1",
      "type" : "esriFieldTypeString",
      "alias" : "MANAGE_SP1",
      "length" : 2
    },
    {
      "name" : "MANAGE_SP2",
      "type" : "esriFieldTypeString",
      "alias" : "MANAGE_SP2",
      "length" : 50
    },
    {
      "name" : "DETAIL_SPO",
      "type" : "esriFieldTypeString",
      "alias" : "DETAIL_SPO",
      "length" : 200
    },
    {
      "name" : "ETC_MATTER",
      "type" : "esriFieldTypeString",
      "alias" : "ETC_MATTER",
      "length" : 200
    },
    {
      "name" : "MNTN_NM",
      "type" : "esriFieldTypeString",
      "alias" : "MNTN_NM",
      "length" : 50
    },
    {
      "name" : "PAST_SPOT_",
      "type" : "esriFieldTypeString",
      "alias" : "PAST_SPOT_",
      "length" : 14
    },
    {
      "name" : "MNTN_ID",
      "type" : "esriFieldTypeString",
      "alias" : "MNTN_ID",
      "length" : 10
    }
  ],
  "features" : [
    {
      "attributes" : {
        "FID" : 0,
        "PMNTN_SPOT" : 12142,
        "MNTN_CODE" : "468200501",
        "MANAGE_SP1" : "06",
        "MANAGE_SP2" : "음수대",
        "DETAIL_SPO" : "옹달샘",
        "ETC_MATTER" : " ",
        "MNTN_NM" : "금강산",
        "PAST_SPOT_" : "26210205000001",
        "MNTN_ID" : "2621020500"
      },
      "geometry" : {
        "x" : 163829.09810000192,
        "y" : 221592.78600000031
      }
    },
    {
      "attributes" : {
        "FID" : 1,
        "PMNTN_SPOT" : 12143,
        "MNTN_CODE" : "468200501",
        "MANAGE_SP1" : "99",
        "MANAGE_SP2" : "기타",
        "DETAIL_SPO" : "우정봉",
        "ETC_MATTER" : " ",
        "MNTN_NM" : "금강산",
        "PAST_SPOT_" : "26210205000002",
        "MNTN_ID" : "2621020500"
      },
      "geometry" : {
        "x" : 164658.76159999985,
        "y" : 220984.73220000044
      }
    },
    {
      "attributes" : {
        "FID" : 2,
        "PMNTN_SPOT" : 12144,
        "MNTN_CODE" : "468200501",
        "MANAGE_SP1" : "99",
        "MANAGE_SP2" : "기타",
        "DETAIL_SPO" : "팔각정",
        "ETC_MATTER" : " ",
        "MNTN_NM" : "금강산",
        "PAST_SPOT_" : "26210205000003",
        "MNTN_ID" : "2621020500"
      },
      "geometry" : {
        "x" : 164767.06099999975,
        "y" : 219843.20280000381
      }
    },
    {
      "attributes" : {
        "FID" : 3,
        "PMNTN_SPOT" : 12145,
        "MNTN_CODE" : "468200501",
        "MANAGE_SP1" : "23",
        "MANAGE_SP2" : "정상",
        "DETAIL_SPO" : "3봉정상",
        "ETC_MATTER" : " ",
        "MNTN_NM" : "금강산",
        "PAST_SPOT_" : "26210205000004",
        "MNTN_ID" : "2621020500"
      },
      "geometry" : {
        "x" : 165364.62160000205,
        "y" : 220121.9234000016
      }
    },
    {
      "attributes" : {
        "FID" : 4,
        "PMNTN_SPOT" : 12146,
        "MNTN_CODE" : "468200501",
        "MANAGE_SP1" : "99",
        "MANAGE_SP2" : "기타",
        "DETAIL_SPO" : "전망좋은 곳",
        "ETC_MATTER" : " ",
        "MNTN_NM" : "금강산",
        "PAST_SPOT_" : "26210205000005",
        "MNTN_ID" : "2621020500"
      },
      "geometry" : {
        "x" : 165482.88970000204,
        "y" : 219826.67419999838
      }
    },
    {
      "attributes" : {
        "FID" : 5,
        "PMNTN_SPOT" : 12147,
        "MNTN_CODE" : "468200501",
        "MANAGE_SP1" : "99",
        "MANAGE_SP2" : "기타",
        "DETAIL_SPO" : "미암바위",
        "ETC_MATTER" : " ",
        "MNTN_NM" : "금강산",
        "PAST_SPOT_" : "26210205000006",
        "MNTN_ID" : "2621020500"
      },
      "geometry" : {
        "x" : 163807.65600000042,
        "y" : 220632.21199999936
      }
    },
    {
      "attributes" : {
        "FID" : 6,
        "PMNTN_SPOT" : 12148,
        "MNTN_CODE" : "468200501",
        "MANAGE_SP1" : "99",
        "MANAGE_SP2" : "기타",
        "DETAIL_SPO" : "쉼터",
        "ETC_MATTER" : " ",
        "MNTN_NM" : "금강산",
        "PAST_SPOT_" : "26210205000007",
        "MNTN_ID" : "2621020500"
      },
      "geometry" : {
        "x" : 164659.14440000057,
        "y" : 221890.81110000052
      }
    },
    {
      "attributes" : {
        "FID" : 7,
        "PMNTN_SPOT" : 12149,
        "MNTN_CODE" : "468200501",
        "MANAGE_SP1" : "10",
        "MANAGE_SP2" : "이정표",
        "DETAIL_SPO" : "이정표,헬기장",
        "ETC_MATTER" : " ",
        "MNTN_NM" : "금강산",
        "PAST_SPOT_" : "26210205000008",
        "MNTN_ID" : "2621020500"
      },
      "geometry" : {
        "x" : 163808.83580000047,
        "y" : 221919.65070000105
      }
    },
    {
      "attributes" : {
        "FID" : 8,
        "PMNTN_SPOT" : 12150,
        "MNTN_CODE" : "468200501",
        "MANAGE_SP1" : "23",
        "MANAGE_SP2" : "정상",
        "DETAIL_SPO" : "금강산정상",
        "ETC_MATTER" : " ",
        "MNTN_NM" : "금강산",
        "PAST_SPOT_" : "26210205000009",
        "MNTN_ID" : "2621020500"
      },
      "geometry" : {
        "x" : 163408.42740000226,
        "y" : 221808.4450000003
      }
    },
    {
      "attributes" : {
        "FID" : 9,
        "PMNTN_SPOT" : 12151,
        "MNTN_CODE" : "468200501",
        "MANAGE_SP1" : "02",
        "MANAGE_SP2" : "분기점",
        "DETAIL_SPO" : "분기점",
        "ETC_MATTER" : " ",
        "MNTN_NM" : "금강산",
        "PAST_SPOT_" : "26210205000010",
        "MNTN_ID" : "2621020500"
      },
      "geometry" : {
        "x" : 163478.61160000134,
        "y" : 220331.01769999973
      }
    },
    {
      "attributes" : {
        "FID" : 10,
        "PMNTN_SPOT" : 12152,
        "MNTN_CODE" : "468200501",
        "MANAGE_SP1" : "10",
        "MANAGE_SP2" : "이정표",
        "DETAIL_SPO" : "이정표",
        "ETC_MATTER" : " ",
        "MNTN_NM" : "금강산",
        "PAST_SPOT_" : "26210205000011",
        "MNTN_ID" : "2621020500"
      },
      "geometry" : {
        "x" : 163522.12880000006,
        "y" : 221806.33479999937
      }
    },
    {
      "attributes" : {
        "FID" : 11,
        "PMNTN_SPOT" : 12153,
        "MNTN_CODE" : "468200501",
        "MANAGE_SP1" : "99",
        "MANAGE_SP2" : "기타",
        "DETAIL_SPO" : "삼거리",
        "ETC_MATTER" : " ",
        "MNTN_NM" : "금강산",
        "PAST_SPOT_" : "26210205000012",
        "MNTN_ID" : "2621020500"
      },
      "geometry" : {
        "x" : 163643.16080000252,
        "y" : 221848.62540000118
      }
    },
    {
      "attributes" : {
        "FID" : 12,
        "PMNTN_SPOT" : 12154,
        "MNTN_CODE" : "468200501",
        "MANAGE_SP1" : "99",
        "MANAGE_SP2" : "기타",
        "DETAIL_SPO" : "옹달샘 삼거리",
        "ETC_MATTER" : " ",
        "MNTN_NM" : "금강산",
        "PAST_SPOT_" : "26210205000013",
        "MNTN_ID" : "2621020500"
      },
      "geometry" : {
        "x" : 163776.96650000289,
        "y" : 221559.94349999912
      }
    },
    {
      "attributes" : {
        "FID" : 13,
        "PMNTN_SPOT" : 12155,
        "MNTN_CODE" : "468200501",
        "MANAGE_SP1" : "10",
        "MANAGE_SP2" : "이정표",
        "DETAIL_SPO" : "이정표",
        "ETC_MATTER" : " ",
        "MNTN_NM" : "금강산",
        "PAST_SPOT_" : "26210205000014",
        "MNTN_ID" : "2621020500"
      },
      "geometry" : {
        "x" : 163797.69070000108,
        "y" : 221508.89030000195
      }
    },
    {
      "attributes" : {
        "FID" : 14,
        "PMNTN_SPOT" : 12156,
        "MNTN_CODE" : "468200501",
        "MANAGE_SP1" : "10",
        "MANAGE_SP2" : "이정표",
        "DETAIL_SPO" : "이정표,쉼터",
        "ETC_MATTER" : " ",
        "MNTN_NM" : "금강산",
        "PAST_SPOT_" : "26210205000015",
        "MNTN_ID" : "2621020500"
      },
      "geometry" : {
        "x" : 163810.55610000342,
        "y" : 220990.04970000125
      }
    },
    {
      "attributes" : {
        "FID" : 15,
        "PMNTN_SPOT" : 12157,
        "MNTN_CODE" : "468200501",
        "MANAGE_SP1" : "10",
        "MANAGE_SP2" : "이정표",
        "DETAIL_SPO" : "이정표",
        "ETC_MATTER" : " ",
        "MNTN_NM" : "금강산",
        "PAST_SPOT_" : "26210205000016",
        "MNTN_ID" : "2621020500"
      },
      "geometry" : {
        "x" : 163864.49010000005,
        "y" : 221392.53850000165
      }
    },
    {
      "attributes" : {
        "FID" : 16,
        "PMNTN_SPOT" : 12158,
        "MNTN_CODE" : "468200501",
        "MANAGE_SP1" : "01",
        "MANAGE_SP2" : "시종점",
        "DETAIL_SPO" : "시종점",
        "ETC_MATTER" : " ",
        "MNTN_NM" : "금강산",
        "PAST_SPOT_" : "26210205000017",
        "MNTN_ID" : "2621020500"
      },
      "geometry" : {
        "x" : 164299.9643000029,
        "y" : 219840.39829999954
      }
    },
    {
      "attributes" : {
        "FID" : 17,
        "PMNTN_SPOT" : 12159,
        "MNTN_CODE" : "468200501",
        "MANAGE_SP1" : "99",
        "MANAGE_SP2" : "기타",
        "DETAIL_SPO" : "좌선바위",
        "ETC_MATTER" : " ",
        "MNTN_NM" : "금강산",
        "PAST_SPOT_" : "26210205000018",
        "MNTN_ID" : "2621020500"
      },
      "geometry" : {
        "x" : 164525.35390000325,
        "y" : 222090.13680000044
      }
    },
    {
      "attributes" : {
        "FID" : 18,
        "PMNTN_SPOT" : 12160,
        "MNTN_CODE" : "468200501",
        "MANAGE_SP1" : "10",
        "MANAGE_SP2" : "이정표",
        "DETAIL_SPO" : "이정표",
        "ETC_MATTER" : " ",
        "MNTN_NM" : "금강산",
        "PAST_SPOT_" : "26210205000019",
        "MNTN_ID" : "2621020500"
      },
      "geometry" : {
        "x" : 164742.91079999972,
        "y" : 221740.45490000024
      }
    },
    {
      "attributes" : {
        "FID" : 19,
        "PMNTN_SPOT" : 12161,
        "MNTN_CODE" : "468200501",
        "MANAGE_SP1" : "11",
        "MANAGE_SP2" : "안내판또는지도",
        "DETAIL_SPO" : "금강산안내도",
        "ETC_MATTER" : " ",
        "MNTN_NM" : "금강산",
        "PAST_SPOT_" : "26210205000020",
        "MNTN_ID" : "2621020500"
      },
      "geometry" : {
        "x" : 164778.13889999874,
        "y" : 220559.21930000186
      }
    },
    {
      "attributes" : {
        "FID" : 20,
        "PMNTN_SPOT" : 12162,
        "MNTN_CODE" : "468200501",
        "MANAGE_SP1" : "10",
        "MANAGE_SP2" : "이정표",
        "DETAIL_SPO" : "이정표",
        "ETC_MATTER" : " ",
        "MNTN_NM" : "금강산",
        "PAST_SPOT_" : "26210205000021",
        "MNTN_ID" : "2621020500"
      },
      "geometry" : {
        "x" : 164822.42489999998,
        "y" : 220610.95869999938
      }
    },
    {
      "attributes" : {
        "FID" : 21,
        "PMNTN_SPOT" : 12163,
        "MNTN_CODE" : "468200501",
        "MANAGE_SP1" : "10",
        "MANAGE_SP2" : "이정표",
        "DETAIL_SPO" : "이정표",
        "ETC_MATTER" : " ",
        "MNTN_NM" : "금강산",
        "PAST_SPOT_" : "26210205000022",
        "MNTN_ID" : "2621020500"
      },
      "geometry" : {
        "x" : 164884.27919999976,
        "y" : 221334.31330000237
      }
    },
    {
      "attributes" : {
        "FID" : 22,
        "PMNTN_SPOT" : 12164,
        "MNTN_CODE" : "468200501",
        "MANAGE_SP1" : "10",
        "MANAGE_SP2" : "이정표",
        "DETAIL_SPO" : "이정표",
        "ETC_MATTER" : " ",
        "MNTN_NM" : "금강산",
        "PAST_SPOT_" : "26210205000023",
        "MNTN_ID" : "2621020500"
      },
      "geometry" : {
        "x" : 165035.60920000076,
        "y" : 222116.78820000403
      }
    },
    {
      "attributes" : {
        "FID" : 23,
        "PMNTN_SPOT" : 12165,
        "MNTN_CODE" : "468200501",
        "MANAGE_SP1" : "10",
        "MANAGE_SP2" : "이정표",
        "DETAIL_SPO" : "이정표",
        "ETC_MATTER" : " ",
        "MNTN_NM" : "금강산",
        "PAST_SPOT_" : "26210205000024",
        "MNTN_ID" : "2621020500"
      },
      "geometry" : {
        "x" : 165486.70220000204,
        "y" : 220123.26259999909
      }
    },
    {
      "attributes" : {
        "FID" : 24,
        "PMNTN_SPOT" : 12166,
        "MNTN_CODE" : "468200501",
        "MANAGE_SP1" : "10",
        "MANAGE_SP2" : "이정표",
        "DETAIL_SPO" : "이정표",
        "ETC_MATTER" : " ",
        "MNTN_NM" : "금강산",
        "PAST_SPOT_" : "26210205000025",
        "MNTN_ID" : "2621020500"
      },
      "geometry" : {
        "x" : 165734.24600000028,
        "y" : 220233.68880000152
      }
    },
    {
      "attributes" : {
        "FID" : 25,
        "PMNTN_SPOT" : 12167,
        "MNTN_CODE" : "468200501",
        "MANAGE_SP1" : "01",
        "MANAGE_SP2" : "시종점",
        "DETAIL_SPO" : "시종점,청소년교육원",
        "ETC_MATTER" : " ",
        "MNTN_NM" : "금강산",
        "PAST_SPOT_" : "26210205000026",
        "MNTN_ID" : "2621020500"
      },
      "geometry" : {
        "x" : 165749.15700000245,
        "y" : 219631.70870000124
      }
    },
    {
      "attributes" : {
        "FID" : 26,
        "PMNTN_SPOT" : 12168,
        "MNTN_CODE" : "468200501",
        "MANAGE_SP1" : "10",
        "MANAGE_SP2" : "이정표",
        "DETAIL_SPO" : "이정표,헬기장",
        "ETC_MATTER" : " ",
        "MNTN_NM" : "금강산",
        "PAST_SPOT_" : "26210205000027",
        "MNTN_ID" : "2621020500"
      },
      "geometry" : {
        "x" : 165864.81680000108,
        "y" : 220208.2723999992
      }
    },
    {
      "attributes" : {
        "FID" : 27,
        "PMNTN_SPOT" : 12169,
        "MNTN_CODE" : "468200501",
        "MANAGE_SP1" : "23",
        "MANAGE_SP2" : "정상",
        "DETAIL_SPO" : "만대산정상",
        "ETC_MATTER" : " ",
        "MNTN_NM" : "금강산",
        "PAST_SPOT_" : "26210205000028",
        "MNTN_ID" : "2621020500"
      },
      "geometry" : {
        "x" : 166111.79980000015,
        "y" : 221031.38450000249
      }
    }
  ]
}