{
  "displayFieldName" : "",
  "fieldAliases" : {
    "FID" : "FID",
    "PMNTN_SN" : "PMNTN_SN",
    "MNTN_CODE" : "MNTN_CODE",
    "MNTN_NM" : "MNTN_NM",
    "PMNTN_NM" : "PMNTN_NM",
    "PMNTN_MAIN" : "PMNTN_MAIN",
    "PMNTN_LT" : "PMNTN_LT",
    "PMNTN_DFFL" : "PMNTN_DFFL",
    "PMNTN_UPPL" : "PMNTN_UPPL",
    "PMNTN_GODN" : "PMNTN_GODN",
    "PMNTN_MTRQ" : "PMNTN_MTRQ",
    "PMNTN_CNRL" : "PMNTN_CNRL",
    "PMNTN_CLS_" : "PMNTN_CLS_",
    "PMNTN_RISK" : "PMNTN_RISK",
    "PMNTN_RECO" : "PMNTN_RECO",
    "DATA_STDR_" : "DATA_STDR_",
    "MNTN_ID" : "MNTN_ID"
  },
  "geometryType" : "esriGeometryPolyline",
  "spatialReference" : {
    "wkt" : "PROJCS[\"PCS_ITRF2000_TM\",GEOGCS[\"GCS_ITRF_2000\",DATUM[\"D_ITRF_2000\",SPHEROID[\"GRS_1980\",6378137.0,298.257222101]],PRIMEM[\"Greenwich\",0.0],UNIT[\"Degree\",0.0174532925199433]],PROJECTION[\"Transverse_Mercator\"],PARAMETER[\"False_Easting\",200000.0],PARAMETER[\"False_Northing\",600000.0],PARAMETER[\"Central_Meridian\",127.0],PARAMETER[\"Scale_Factor\",1.0],PARAMETER[\"Latitude_Of_Origin\",38.0],UNIT[\"Meter\",1.0]]"
  },
  "fields" : [
    {
      "name" : "FID",
      "type" : "esriFieldTypeOID",
      "alias" : "FID"
    },
    {
      "name" : "PMNTN_SN",
      "type" : "esriFieldTypeDouble",
      "alias" : "PMNTN_SN"
    },
    {
      "name" : "MNTN_CODE",
      "type" : "esriFieldTypeString",
      "alias" : "MNTN_CODE",
      "length" : 9
    },
    {
      "name" : "MNTN_NM",
      "type" : "esriFieldTypeString",
      "alias" : "MNTN_NM",
      "length" : 50
    },
    {
      "name" : "PMNTN_NM",
      "type" : "esriFieldTypeString",
      "alias" : "PMNTN_NM",
      "length" : 50
    },
    {
      "name" : "PMNTN_MAIN",
      "type" : "esriFieldTypeString",
      "alias" : "PMNTN_MAIN",
      "length" : 200
    },
    {
      "name" : "PMNTN_LT",
      "type" : "esriFieldTypeSingle",
      "alias" : "PMNTN_LT"
    },
    {
      "name" : "PMNTN_DFFL",
      "type" : "esriFieldTypeString",
      "alias" : "PMNTN_DFFL",
      "length" : 8
    },
    {
      "name" : "PMNTN_UPPL",
      "type" : "esriFieldTypeDouble",
      "alias" : "PMNTN_UPPL"
    },
    {
      "name" : "PMNTN_GODN",
      "type" : "esriFieldTypeDouble",
      "alias" : "PMNTN_GODN"
    },
    {
      "name" : "PMNTN_MTRQ",
      "type" : "esriFieldTypeString",
      "alias" : "PMNTN_MTRQ",
      "length" : 200
    },
    {
      "name" : "PMNTN_CNRL",
      "type" : "esriFieldTypeString",
      "alias" : "PMNTN_CNRL",
      "length" : 1
    },
    {
      "name" : "PMNTN_CLS_",
      "type" : "esriFieldTypeString",
      "alias" : "PMNTN_CLS_",
      "length" : 1
    },
    {
      "name" : "PMNTN_RISK",
      "type" : "esriFieldTypeString",
      "alias" : "PMNTN_RISK",
      "length" : 200
    },
    {
      "name" : "PMNTN_RECO",
      "type" : "esriFieldTypeString",
      "alias" : "PMNTN_RECO",
      "length" : 1
    },
    {
      "name" : "DATA_STDR_",
      "type" : "esriFieldTypeString",
      "alias" : "DATA_STDR_",
      "length" : 10
    },
    {
      "name" : "MNTN_ID",
      "type" : "esriFieldTypeString",
      "alias" : "MNTN_ID",
      "length" : 10
    }
  ],
  "features" : [
    {
      "attributes" : {
        "FID" : 0,
        "PMNTN_SN" : 51469,
        "MNTN_CODE" : "441503701",
        "MNTN_NM" : "태수산",
        "PMNTN_NM" : "태봉동구간",
        "PMNTN_MAIN" : " ",
        "PMNTN_LT" : 1.08,
        "PMNTN_DFFL" : "쉬움",
        "PMNTN_UPPL" : 19,
        "PMNTN_GODN" : 13,
        "PMNTN_MTRQ" : " ",
        "PMNTN_CNRL" : " ",
        "PMNTN_CLS_" : " ",
        "PMNTN_RISK" : " ",
        "PMNTN_RECO" : " ",
        "DATA_STDR_" : "2016-12-31",
        "MNTN_ID" : "441503701"
      },
      "geometry" : {
        "paths" : [
          [
            [
              208739.92389999889,
              423467.84940000437
            ],
            [
              208737.42360000219,
              423458.84830000252
            ],
            [
              208734.17320000194,
              423448.84699999914
            ],
            [
              208731.42289999872,
              423436.09539999999
            ],
            [
              208731.92290000059,
              423423.84390000813
            ],
            [
              208734.17320000194,
              423413.34260000102
            ],
            [
              208735.17330000084,
              423406.09170000441
            ],
            [
              208735.67340000253,
              423397.59060000256
            ],
            [
              208734.17320000194,
              423393.34009999968
            ],
            [
              208734.42320000008,
              423389.0895000007
            ],
            [
              208737.42360000219,
              423386.58919999935
            ],
            [
              208748.17499999981,
              423384.08890000172
            ],
            [
              208754.67580000032,
              423381.33860000037
            ],
            [
              208763.17680000234,
              423372.33750000224
            ],
            [
              208769.92769999988,
              423361.33610000275
            ],
            [
              208772.42800000217,
              423352.83500000089
            ],
            [
              208773.678100002,
              423335.8329000026
            ],
            [
              208774.67830000166,
              423314.08019999973
            ],
            [
              208778.92879999988,
              423298.82830000296
            ],
            [
              208788.1799999997,
              423265.07400000095
            ],
            [
              208793.18059999961,
              423247.32180000097
            ],
            [
              208795.18080000393,
              423236.82049999945
            ],
            [
              208793.93070000224,
              423229.31960000098
            ],
            [
              208792.18050000072,
              423224.319000002
            ],
            [
              208789.18010000046,
              423220.81850000098
            ],
            [
              208785.42960000038,
              423213.56759999879
            ],
            [
              208784.17949999869,
              423205.56660000235
            ],
            [
              208786.42970000207,
              423195.06530000456
            ],
            [
              208789.18010000326,
              423182.81379999965
            ],
            [
              208790.68030000385,
              423176.81299999915
            ],
            [
              208789.43010000139,
              423170.56220000051
            ],
            [
              208784.67950000241,
              423164.31149999984
            ],
            [
              208773.9282000009,
              423158.06069999933
            ],
            [
              208752.92560000066,
              423147.30930000171
            ],
            [
              208740.92410000321,
              423139.55839999951
            ],
            [
              208722.42169999983,
              423128.30700000003
            ],
            [
              208706.91980000027,
              423117.05550000258
            ],
            [
              208698.41870000307,
              423106.80430000275
            ],
            [
              208661.91420000326,
              423068.79950000346
            ],
            [
              208637.16110000107,
              423044.04639999755
            ],
            [
              208614.65830000024,
              423026.54419999942
            ],
            [
              208601.15660000406,
              423015.79289999977
            ],
            [
              208589.15510000009,
              423006.79180000164
            ],
            [
              208581.90420000069,
              422999.29080000147
            ],
            [
              208578.65380000044,
              422990.28969999962
            ],
            [
              208574.90330000035,
              422976.03790000267
            ],
            [
              208572.90310000069,
              422967.03680000082
            ],
            [
              208574.40320000332,
              422959.53590000421
            ],
            [
              208580.65400000289,
              422947.28429999948
            ],
            [
              208587.40490000043,
              422934.03270000406
            ],
            [
              208588.90510000382,
              422926.78180000186
            ],
            [
              208591.40540000331,
              422921.78109999932
            ],
            [
              208595.65589999966,
              422917.28060000017
            ],
            [
              208599.15630000271,
              422913.28010000102
            ],
            [
              208600.65650000144,
              422908.5295000039
            ],
            [
              208600.90660000127,
              422895.27779999934
            ],
            [
              208602.4067000011,
              422889.52710000239
            ],
            [
              208606.65730000101,
              422885.52659999952
            ],
            [
              208612.90810000338,
              422881.0260000024
            ],
            [
              208617.65860000066,
              422875.77540000156
            ],
            [
              208618.40869999863,
              422873.02500000037
            ],
            [
              208616.15850000083,
              422869.27460000105
            ],
            [
              208607.40740000177,
              422866.02420000359
            ],
            [
              208593.15560000017,
              422862.27370000072
            ],
            [
              208588.15500000119,
              422859.02329999954
            ],
            [
              208581.65410000179,
              422853.77260000072
            ],
            [
              208575.15330000129,
              422849.52210000157
            ],
            [
              208564.6520000007,
              422848.02190000005
            ],
            [
              208556.1510000024,
              422848.02190000005
            ],
            [
              208549.15010000207,
              422848.27190000005
            ],
            [
              208541.64910000004,
              422851.2723000031
            ],
            [
              208533.39810000267,
              422855.77290000021
            ],
            [
              208525.39710000064,
              422862.52370000258
            ],
            [
              208517.39609999955,
              422871.27480000257
            ],
            [
              208510.8953000037,
              422874.5252000019
            ],
            [
              208503.39440000057,
              422875.77540000156
            ],
            [
              208490.14269999973,
              422877.27559999749
            ],
            [
              208480.64149999991,
              422880.02590000071
            ],
            [
              208466.88980000094,
              422889.02700000256
            ],
            [
              208458.63879999891,
              422895.5279000029
            ],
            [
              208449.63760000002,
              422904.52900000103
            ],
            [
              208443.38690000121,
              422916.28040000051
            ],
            [
              208435.38590000011,
              422945.53410000354
            ],
            [
              208428.63500000071,
              422986.53920000233
            ],
            [
              208423.38440000266,
              423016.79300000146
            ],
            [
              208419.88390000071,
              423051.54739999771
            ]
          ]
        ]
      }
    },
    {
      "attributes" : {
        "FID" : 1,
        "PMNTN_SN" : 51470,
        "MNTN_CODE" : "441503701",
        "MNTN_NM" : "태수산",
        "PMNTN_NM" : "태봉동구간",
        "PMNTN_MAIN" : " ",
        "PMNTN_LT" : 0.15,
        "PMNTN_DFFL" : "쉬움",
        "PMNTN_UPPL" : 3,
        "PMNTN_GODN" : 2,
        "PMNTN_MTRQ" : " ",
        "PMNTN_CNRL" : " ",
        "PMNTN_CLS_" : " ",
        "PMNTN_RISK" : " ",
        "PMNTN_RECO" : " ",
        "DATA_STDR_" : "2016-12-31",
        "MNTN_ID" : "441503701"
      },
      "geometry" : {
        "paths" : [
          [
            [
              208739.92389999889,
              423467.84940000437
            ],
            [
              208744.79910000134,
              423477.29429999739
            ],
            [
              208752.04999999981,
              423488.79580000043
            ],
            [
              208759.05080000125,
              423496.54670000263
            ],
            [
              208767.55190000031,
              423501.79740000144
            ],
            [
              208776.30300000217,
              423503.79759999923
            ],
            [
              208786.55430000275,
              423503.29759999923
            ],
            [
              208794.80530000199,
              423500.04719999991
            ],
            [
              208804.55649999995,
              423491.04600000009
            ],
            [
              208811.80740000121,
              423484.54519999959
            ],
            [
              208820.05850000214,
              423479.54459999874
            ],
            [
              208830.55980000086,
              423476.54420000128
            ],
            [
              208838.81080000009,
              423473.79389999993
            ],
            [
              208846.06170000136,
              423469.29330000095
            ],
            [
              208855.06280000135,
              423458.04190000147
            ]
          ]
        ]
      }
    },
    {
      "attributes" : {
        "FID" : 2,
        "PMNTN_SN" : 51471,
        "MNTN_CODE" : "441503701",
        "MNTN_NM" : "태수산",
        "PMNTN_NM" : "태봉동구간",
        "PMNTN_MAIN" : " ",
        "PMNTN_LT" : 0.25,
        "PMNTN_DFFL" : "쉬움",
        "PMNTN_UPPL" : 4,
        "PMNTN_GODN" : 3,
        "PMNTN_MTRQ" : " ",
        "PMNTN_CNRL" : " ",
        "PMNTN_CLS_" : " ",
        "PMNTN_RISK" : " ",
        "PMNTN_RECO" : " ",
        "DATA_STDR_" : "2016-12-31",
        "MNTN_ID" : "441503701"
      },
      "geometry" : {
        "paths" : [
          [
            [
              208739.92389999889,
              423467.84940000437
            ],
            [
              208728.79710000101,
              423460.04219999909
            ],
            [
              208719.79590000212,
              423456.79179999977
            ],
            [
              208711.04480000027,
              423456.54170000181
            ],
            [
              208694.54280000087,
              423452.29120000266
            ],
            [
              208682.29119999986,
              423451.79110000283
            ],
            [
              208670.78980000224,
              423453.79140000232
            ],
            [
              208659.03830000106,
              423457.29180000164
            ],
            [
              208655.78790000081,
              423461.04230000451
            ],
            [
              208654.78780000191,
              423469.54330000095
            ],
            [
              208653.28760000318,
              423475.79410000145
            ],
            [
              208648.78710000124,
              423482.04490000196
            ],
            [
              208644.28650000039,
              423486.54549999908
            ],
            [
              208640.28600000218,
              423487.79560000077
            ],
            [
              208631.28490000032,
              423485.54529999942
            ],
            [
              208611.03229999915,
              423475.29410000145
            ],
            [
              208594.03019999992,
              423465.79290000349
            ],
            [
              208581.02859999985,
              423461.29230000079
            ],
            [
              208572.77759999968,
              423455.29160000011
            ],
            [
              208562.02619999927,
              423446.29040000215
            ],
            [
              208548.02450000215,
              423437.78940000013
            ],
            [
              208532.77259999979,
              423434.03889999911
            ],
            [
              208523.02130000293,
              423433.03880000114
            ]
          ]
        ]
      }
    },
    {
      "attributes" : {
        "FID" : 3,
        "PMNTN_SN" : 51472,
        "MNTN_CODE" : "441503701",
        "MNTN_NM" : "태수산",
        "PMNTN_NM" : "태봉동구간",
        "PMNTN_MAIN" : " ",
        "PMNTN_LT" : 0.05,
        "PMNTN_DFFL" : "쉬움",
        "PMNTN_UPPL" : 1,
        "PMNTN_GODN" : 1,
        "PMNTN_MTRQ" : " ",
        "PMNTN_CNRL" : " ",
        "PMNTN_CLS_" : " ",
        "PMNTN_RISK" : " ",
        "PMNTN_RECO" : " ",
        "DATA_STDR_" : "2016-12-31",
        "MNTN_ID" : "441503701"
      },
      "geometry" : {
        "paths" : [
          [
            [
              208523.02130000293,
              423433.03880000114
            ],
            [
              208511.76989999972,
              423431.28859999962
            ],
            [
              208495.26790000033,
              423431.53860000148
            ],
            [
              208477.01560000051,
              423433.53879999742
            ]
          ]
        ]
      }
    },
    {
      "attributes" : {
        "FID" : 4,
        "PMNTN_SN" : 51473,
        "MNTN_CODE" : "441503701",
        "MNTN_NM" : "태수산",
        "PMNTN_NM" : "태봉동구간",
        "PMNTN_MAIN" : " ",
        "PMNTN_LT" : 1.01,
        "PMNTN_DFFL" : "쉬움",
        "PMNTN_UPPL" : 18,
        "PMNTN_GODN" : 12,
        "PMNTN_MTRQ" : " ",
        "PMNTN_CNRL" : " ",
        "PMNTN_CLS_" : " ",
        "PMNTN_RISK" : " ",
        "PMNTN_RECO" : " ",
        "DATA_STDR_" : "2016-12-31",
        "MNTN_ID" : "441503701"
      },
      "geometry" : {
        "paths" : [
          [
            [
              208523.02130000293,
              423433.03880000114
            ],
            [
              208529.27210000064,
              423442.53999999911
            ],
            [
              208534.52280000132,
              423454.54150000401
            ],
            [
              208539.2734000003,
              423461.79240000062
            ],
            [
              208541.02359999996,
              423467.54309999943
            ],
            [
              208540.02350000106,
              423471.5436000023
            ],
            [
              208535.02280000318,
              423476.79430000111
            ],
            [
              208528.27200000174,
              423483.29510000162
            ],
            [
              208525.77170000039,
              423490.54600000195
            ],
            [
              208528.27199999988,
              423498.04690000042
            ],
            [
              208529.52210000157,
              423513.29880000092
            ],
            [
              208529.77220000327,
              423527.05050000362
            ],
            [
              208535.27290000021,
              423540.0522000026
            ],
            [
              208542.77379999869,
              423552.30370000191
            ],
            [
              208554.27520000096,
              423565.05529999919
            ],
            [
              208565.52660000045,
              423578.80700000003
            ],
            [
              208570.27720000129,
              423589.30830000341
            ],
            [
              208574.77780000027,
              423597.05929999985
            ],
            [
              208580.77860000171,
              423602.81000000425
            ],
            [
              208593.28010000195,
              423609.31079999916
            ],
            [
              208604.78160000034,
              423615.3115999978
            ],
            [
              208616.03299999982,
              423619.81210000254
            ],
            [
              208629.5345999999,
              423628.3132000044
            ],
            [
              208639.78590000235,
              423639.56460000388
            ],
            [
              208649.28710000031,
              423653.566300001
            ],
            [
              208660.03850000072,
              423668.06820000149
            ],
            [
              208631.03480000049,
              423674.31890000217
            ],
            [
              208601.03110000025,
              423681.81990000233
            ],
            [
              208579.52840000298,
              423689.32080000266
            ],
            [
              208571.77740000002,
              423695.82159999944
            ],
            [
              208558.02570000384,
              423710.57349999994
            ],
            [
              208545.52410000376,
              423722.07489999942
            ],
            [
              208544.02400000393,
              423724.82530000061
            ],
            [
              208547.02430000063,
              423727.5756000001
            ],
            [
              208556.52550000045,
              423728.82579999976
            ],
            [
              208577.02810000163,
              423728.57569999993
            ],
            [
              208586.02920000162,
              423728.82579999976
            ],
            [
              208590.27969999984,
              423731.82609999925
            ],
            [
              208595.28040000331,
              423740.82729999907
            ],
            [
              208598.53080000076,
              423751.82859999873
            ],
            [
              208605.28160000406,
              423766.33040000126
            ],
            [
              208611.78239999991,
              423771.33110000007
            ],
            [
              208617.78320000134,
              423773.83140000142
            ],
            [
              208625.03410000261,
              423773.83140000142
            ],
            [
              208640.28600000031,
              423768.33070000261
            ],
            [
              208658.78830000013,
              423758.57950000279
            ],
            [
              208671.78990000114,
              423749.82840000279
            ],
            [
              208686.04169999994,
              423738.0769000072
            ],
            [
              208704.04400000069,
              423721.32479999959
            ],
            [
              208713.79520000145,
              423709.82340000011
            ],
            [
              208716.29550000373,
              423704.3227000013
            ],
            [
              208716.54549999908,
              423695.57159999944
            ],
            [
              208710.79480000213,
              423677.06929999962
            ],
            [
              208709.04460000247,
              423666.56799999997
            ],
            [
              208707.54440000188,
              423649.81590000167
            ],
            [
              208705.79420000222,
              423636.81430000067
            ],
            [
              208703.04380000103,
              423614.31140000373
            ],
            [
              208704.29400000162,
              423608.06070000306
            ],
            [
              208707.04430000205,
              423602.30990000442
            ],
            [
              208713.29509999882,
              423597.80939999968
            ],
            [
              208721.79620000068,
              423597.80939999968
            ],
            [
              208730.29720000271,
              423602.05990000255
            ],
            [
              208736.04800000135,
              423603.31010000408
            ],
            [
              208742.79879999999,
              423603.31010000408
            ],
            [
              208748.04950000346,
              423605.56030000187
            ],
            [
              208750.79980000388,
              423609.06079999916
            ],
            [
              208752.04999999981,
              423613.06130000204
            ],
            [
              208752.04999999981,
              423620.06220000237
            ],
            [
              208754.05020000134,
              423627.81310000457
            ],
            [
              208759.05080000311,
              423635.56410000101
            ],
            [
              208765.80170000065,
              423645.06530000269
            ],
            [
              208767.80190000031,
              423653.81639999896
            ],
            [
              208769.80219999887,
              423659.31709999964
            ],
            [
              208769.80219999887,
              423665.06780000404
            ],
            [
              208768.052000002,
              423669.31830000319
            ],
            [
              208763.80140000023,
              423675.069000002
            ],
            [
              208760.55099999998,
              423682.06990000233
            ],
            [
              208759.30090000015,
              423689.07080000266
            ],
            [
              208757.05060000159,
              423696.07169999927
            ],
            [
              208752.04999999981,
              423709.32330000028
            ],
            [
              208750.04970000125,
              423718.32440000214
            ],
            [
              208748.29949999973,
              423728.82579999976
            ],
            [
              208746.04920000024,
              423739.82709999941
            ],
            [
              208742.04870000202,
              423748.57820000127
            ],
            [
              208739.54839999974,
              423760.82980000041
            ],
            [
              208737.29810000304,
              423769.58090000227
            ],
            [
              208734.29770000372,
              423777.5819000043
            ],
            [
              208731.79739999957,
              423785.58290000074
            ],
            [
              208730.29720000084,
              423797.08430000022
            ]
          ]
        ]
      }
    }
  ]
}