{
  "displayFieldName" : "",
  "fieldAliases" : {
    "FID" : "FID",
    "PMNTN_SN" : "PMNTN_SN",
    "MNTN_CODE" : "MNTN_CODE",
    "MNTN_NM" : "MNTN_NM",
    "PMNTN_NM" : "PMNTN_NM",
    "PMNTN_MAIN" : "PMNTN_MAIN",
    "PMNTN_LT" : "PMNTN_LT",
    "PMNTN_DFFL" : "PMNTN_DFFL",
    "PMNTN_UPPL" : "PMNTN_UPPL",
    "PMNTN_GODN" : "PMNTN_GODN",
    "PMNTN_MTRQ" : "PMNTN_MTRQ",
    "PMNTN_CNRL" : "PMNTN_CNRL",
    "PMNTN_CLS_" : "PMNTN_CLS_",
    "PMNTN_RISK" : "PMNTN_RISK",
    "PMNTN_RECO" : "PMNTN_RECO",
    "DATA_STDR_" : "DATA_STDR_",
    "MNTN_ID" : "MNTN_ID"
  },
  "geometryType" : "esriGeometryPolyline",
  "spatialReference" : {
    "wkt" : "PROJCS[\"PCS_ITRF2000_TM\",GEOGCS[\"GCS_ITRF_2000\",DATUM[\"D_ITRF_2000\",SPHEROID[\"GRS_1980\",6378137.0,298.257222101]],PRIMEM[\"Greenwich\",0.0],UNIT[\"Degree\",0.0174532925199433]],PROJECTION[\"Transverse_Mercator\"],PARAMETER[\"False_Easting\",200000.0],PARAMETER[\"False_Northing\",600000.0],PARAMETER[\"Central_Meridian\",127.0],PARAMETER[\"Scale_Factor\",1.0],PARAMETER[\"Latitude_Of_Origin\",38.0],UNIT[\"Meter\",1.0]]"
  },
  "fields" : [
    {
      "name" : "FID",
      "type" : "esriFieldTypeOID",
      "alias" : "FID"
    },
    {
      "name" : "PMNTN_SN",
      "type" : "esriFieldTypeDouble",
      "alias" : "PMNTN_SN"
    },
    {
      "name" : "MNTN_CODE",
      "type" : "esriFieldTypeString",
      "alias" : "MNTN_CODE",
      "length" : 9
    },
    {
      "name" : "MNTN_NM",
      "type" : "esriFieldTypeString",
      "alias" : "MNTN_NM",
      "length" : 50
    },
    {
      "name" : "PMNTN_NM",
      "type" : "esriFieldTypeString",
      "alias" : "PMNTN_NM",
      "length" : 50
    },
    {
      "name" : "PMNTN_MAIN",
      "type" : "esriFieldTypeString",
      "alias" : "PMNTN_MAIN",
      "length" : 200
    },
    {
      "name" : "PMNTN_LT",
      "type" : "esriFieldTypeSingle",
      "alias" : "PMNTN_LT"
    },
    {
      "name" : "PMNTN_DFFL",
      "type" : "esriFieldTypeString",
      "alias" : "PMNTN_DFFL",
      "length" : 8
    },
    {
      "name" : "PMNTN_UPPL",
      "type" : "esriFieldTypeDouble",
      "alias" : "PMNTN_UPPL"
    },
    {
      "name" : "PMNTN_GODN",
      "type" : "esriFieldTypeDouble",
      "alias" : "PMNTN_GODN"
    },
    {
      "name" : "PMNTN_MTRQ",
      "type" : "esriFieldTypeString",
      "alias" : "PMNTN_MTRQ",
      "length" : 200
    },
    {
      "name" : "PMNTN_CNRL",
      "type" : "esriFieldTypeString",
      "alias" : "PMNTN_CNRL",
      "length" : 1
    },
    {
      "name" : "PMNTN_CLS_",
      "type" : "esriFieldTypeString",
      "alias" : "PMNTN_CLS_",
      "length" : 1
    },
    {
      "name" : "PMNTN_RISK",
      "type" : "esriFieldTypeString",
      "alias" : "PMNTN_RISK",
      "length" : 200
    },
    {
      "name" : "PMNTN_RECO",
      "type" : "esriFieldTypeString",
      "alias" : "PMNTN_RECO",
      "length" : 1
    },
    {
      "name" : "DATA_STDR_",
      "type" : "esriFieldTypeString",
      "alias" : "DATA_STDR_",
      "length" : 10
    },
    {
      "name" : "MNTN_ID",
      "type" : "esriFieldTypeString",
      "alias" : "MNTN_ID",
      "length" : 10
    }
  ],
  "features" : [
    {
      "attributes" : {
        "FID" : 0,
        "PMNTN_SN" : 43958,
        "MNTN_CODE" : "447103704",
        "MNTN_NM" : "인대산가리막골",
        "PMNTN_NM" : "오항리 마을들어가는 능선커브 부분-삼가리 청동마을?",
        "PMNTN_MAIN" : " ",
        "PMNTN_LT" : 2.82,
        "PMNTN_DFFL" : "쉬움",
        "PMNTN_UPPL" : 106,
        "PMNTN_GODN" : 74,
        "PMNTN_MTRQ" : "토사",
        "PMNTN_CNRL" : " ",
        "PMNTN_CLS_" : " ",
        "PMNTN_RISK" : "등반시 가무넝쿨이 다소있고 지반이 무너져내려 등산로폭이 좁은 구간이 있습니다",
        "PMNTN_RECO" : " ",
        "DATA_STDR_" : "2016-12-31",
        "MNTN_ID" : "447103704"
      },
      "geometry" : {
        "paths" : [
          [
            [
              235765.19799999986,
              389769.11970000155
            ],
            [
              235772.55460000224,
              389780.1269000005
            ],
            [
              235782.15240000095,
              389790.54719999991
            ],
            [
              235806.59269999992,
              389793.7873999998
            ],
            [
              235827.03050000314,
              389788.33860000037
            ],
            [
              235843.93800000194,
              389794.96310000308
            ],
            [
              235854.36770000029,
              389800.12130000256
            ],
            [
              235873.31590000074,
              389797.06110000238
            ],
            [
              235887.83160000201,
              389798.74139999971
            ],
            [
              235912.83100000024,
              389795.32490000129
            ],
            [
              235938.71520000044,
              389800.21780000255
            ],
            [
              235944.2282000035,
              389794.65740000084
            ],
            [
              235962.48950000107,
              389790.85600000061
            ],
            [
              235977.9365000017,
              389790.56990000233
            ],
            [
              235980.54710000195,
              389803.96860000119
            ],
            [
              235982.75230000075,
              389812.34260000102
            ],
            [
              235974.73710000142,
              389814.70270000212
            ],
            [
              235962.25140000228,
              389820.5978000015
            ],
            [
              235952.89160000067,
              389829.98120000027
            ],
            [
              235945.5594000034,
              389854.76579999924
            ],
            [
              235940.01970000379,
              389867.56890000403
            ],
            [
              235933.16820000391,
              389856.16589999944
            ],
            [
              235921.5783000011,
              389862.75900000148
            ],
            [
              235924.77910000365,
              389875.47720000707
            ],
            [
              235913.88020000234,
              389884.74260000326
            ],
            [
              235889.64160000067,
              389879.80959999934
            ],
            [
              235876.60989999957,
              389881.25080000237
            ],
            [
              235874.78600000124,
              389891.67890000157
            ],
            [
              235866.77440000046,
              389896.27789999917
            ],
            [
              235861.31000000238,
              389888.34630000032
            ],
            [
              235848.88150000293,
              389894.26630000211
            ],
            [
              235835.13060000073,
              389899.28270000219
            ],
            [
              235833.84740000311,
              389921.46000000089
            ],
            [
              235825.51160000078,
              389932.13150000386
            ],
            [
              235829.61480000056,
              389948.74080000259
            ],
            [
              235836.73139999993,
              389957.61680000089
            ],
            [
              235838.81109999958,
              389969.99370000139
            ],
            [
              235834.16160000116,
              389981.12639999948
            ],
            [
              235842.96400000062,
              389984.30610000342
            ],
            [
              235836.33169999998,
              390015.20430000126
            ],
            [
              235849.85250000004,
              390023.56540000066
            ],
            [
              235850.45820000023,
              390061.80380000174
            ],
            [
              235838.74200000055,
              390084.58940000273
            ],
            [
              235841.76040000189,
              390108.70030000433
            ],
            [
              235832.03949999996,
              390112.35300000384
            ],
            [
              235849.86490000226,
              390180.88030000031
            ],
            [
              235849.3560000034,
              390214.84500000253
            ],
            [
              235839.77500000037,
              390228.6361999996
            ],
            [
              235846.97159999982,
              390233.15790000185
            ],
            [
              235854.52730000112,
              390251.34420000017
            ],
            [
              235868.3256000001,
              390256.3487999998
            ],
            [
              235869.65860000066,
              390271.78450000286
            ],
            [
              235883.77630000003,
              390289.07679999992
            ],
            [
              235885.31660000142,
              390298.13279999979
            ],
            [
              235871.59530000109,
              390307.47980000079
            ],
            [
              235870.25390000083,
              390324.0262000002
            ],
            [
              235866.30290000141,
              390333.71440000087
            ],
            [
              235855.66800000146,
              390346.87810000032
            ],
            [
              235862.25200000219,
              390353.0914000012
            ],
            [
              235855.76510000136,
              390378.44569999911
            ],
            [
              235868.77880000137,
              390405.46230000257
            ],
            [
              235862.90259999968,
              390416.70300000161
            ],
            [
              235859.26040000096,
              390427.69380000234
            ],
            [
              235856.26720000152,
              390438.25240000151
            ],
            [
              235864.37080000062,
              390453.4832000006
            ],
            [
              235862.00090000127,
              390466.38310000114
            ],
            [
              235854.7352,
              390486.75550000183
            ],
            [
              235843.13650000095,
              390496.88560000248
            ],
            [
              235837.50410000142,
              390521.52070000209
            ],
            [
              235833.09279999975,
              390520.62829999998
            ],
            [
              235818.94650000148,
              390550.95639999956
            ],
            [
              235801.86260000337,
              390554.08600000106
            ],
            [
              235797.4356000023,
              390560.70869999938
            ],
            [
              235785.38300000131,
              390563.73390000127
            ],
            [
              235778.6836000029,
              390573.68329999968
            ],
            [
              235768.76030000113,
              390578.66180000268
            ],
            [
              235768.39670000132,
              390586.18600000441
            ],
            [
              235771.28280000295,
              390594.64300000109
            ],
            [
              235775.94020000007,
              390601.78649999946
            ],
            [
              235764.95620000083,
              390606.28980000131
            ],
            [
              235758.2471000012,
              390619.19050000049
            ],
            [
              235746.95790000074,
              390618.98630000092
            ],
            [
              235737.20859999955,
              390602.04680000059
            ],
            [
              235726.3245000001,
              390615.35840000026
            ],
            [
              235718.66990000103,
              390614.02509999834
            ],
            [
              235718.31379999965,
              390625.47300000116
            ],
            [
              235703.38499999978,
              390618.34340000153
            ],
            [
              235677.47810000367,
              390616.13570000418
            ],
            [
              235670.42870000191,
              390621.86430000328
            ],
            [
              235666.15970000066,
              390617.54990000278
            ],
            [
              235663.36610000022,
              390638.21440000087
            ],
            [
              235651.2752000019,
              390638.42559999973
            ],
            [
              235644.98300000187,
              390626.83880000003
            ],
            [
              235628.19240000099,
              390635.58149999939
            ],
            [
              235610.15610000212,
              390633.95920000039
            ],
            [
              235598.54700000025,
              390641.76380000077
            ],
            [
              235592.51700000092,
              390639.46820000187
            ],
            [
              235594.15160000045,
              390627.70170000009
            ],
            [
              235588.50570000336,
              390624.20009999909
            ],
            [
              235599.21899999958,
              390613.8991000019
            ],
            [
              235597.87080000062,
              390592.7826000005
            ],
            [
              235601.65700000059,
              390587.77560000122
            ],
            [
              235599.55250000302,
              390572.68110000156
            ],
            [
              235611.61110000126,
              390559.03079999983
            ],
            [
              235613.0755000012,
              390543.27089999989
            ],
            [
              235610.10260000266,
              390520.84369999915
            ],
            [
              235597.95519999973,
              390536.97199999914
            ],
            [
              235588.69180000015,
              390548.76420000382
            ],
            [
              235582.80810000096,
              390556.27310000174
            ],
            [
              235542.11090000253,
              390564.59510000423
            ],
            [
              235537.32040000148,
              390570.94010000117
            ],
            [
              235526.93250000011,
              390571.79070000164
            ],
            [
              235528.80280000251,
              390581.39680000208
            ],
            [
              235520.05410000309,
              390589.2949000001
            ],
            [
              235514.09390000068,
              390614.86680000089
            ],
            [
              235519.14810000267,
              390620.9793999996
            ],
            [
              235516.48910000268,
              390629.06030000001
            ],
            [
              235501.50220000371,
              390636.22620000131
            ],
            [
              235493.63599999994,
              390647.99720000103
            ],
            [
              235483.97600000165,
              390635.81020000391
            ],
            [
              235473.95270000212,
              390631.79030000232
            ],
            [
              235469.91410000063,
              390642.95290000737
            ],
            [
              235474.51290000137,
              390666.44700000063
            ],
            [
              235468.48240000382,
              390675.93730000034
            ],
            [
              235467.12850000057,
              390713.93530000187
            ],
            [
              235452.52170000039,
              390699.95270000212
            ],
            [
              235449.66249999963,
              390705.2891000025
            ],
            [
              235441.32120000292,
              390692.77350000292
            ],
            [
              235440.03140000068,
              390718.02680000104
            ],
            [
              235446.91110000387,
              390728.71620000154
            ],
            [
              235440.34840000048,
              390742.90130000003
            ],
            [
              235441.1213999996,
              390757.57680000365
            ],
            [
              235438.86310000252,
              390766.10229999945
            ],
            [
              235445.47150000185,
              390782.08349999972
            ],
            [
              235443.69830000121,
              390806.49560000375
            ],
            [
              235437.59070000052,
              390829.42540000007
            ],
            [
              235431.60410000384,
              390835.53050000407
            ],
            [
              235402.05910000112,
              390824.2778000012
            ],
            [
              235392.61560000386,
              390836.74540000223
            ],
            [
              235408.36170000117,
              390844.53270000219
            ],
            [
              235411.14480000082,
              390852.39379999973
            ],
            [
              235424.36589999963,
              390851.92889999785
            ],
            [
              235435.91069999989,
              390908.84809999913
            ],
            [
              235451.12370000035,
              390914.37409999967
            ],
            [
              235466.80980000086,
              390937.81530000269
            ],
            [
              235486.64370000083,
              391026.77480000257
            ],
            [
              235485.04569999967,
              391041.25119999796
            ],
            [
              235490.43090000004,
              391051.44380000047
            ],
            [
              235489.83279999997,
              391060.11420000345
            ],
            [
              235485.24410000071,
              391072.08870000206
            ],
            [
              235488.11630000081,
              391081.37670000084
            ],
            [
              235492.7321999995,
              391099.71850000136
            ],
            [
              235495.67540000007,
              391109.00329999998
            ],
            [
              235488.64250000194,
              391138.70050000213
            ],
            [
              235493.05750000011,
              391147.8983000014
            ],
            [
              235502.35290000215,
              391156.91950000077
            ],
            [
              235503.63110000361,
              391172.81810000166
            ],
            [
              235505.67579999939,
              391189.49489999935
            ],
            [
              235506.89520000387,
              391198.88030000217
            ],
            [
              235506.31120000314,
              391212.05480000004
            ],
            [
              235505.99940000009,
              391222.33000000007
            ],
            [
              235508.38469999935,
              391229.39480000176
            ],
            [
              235490.60850000009,
              391242.08420000225
            ],
            [
              235489.84790000133,
              391258.26260000095
            ],
            [
              235484.11040000059,
              391274.06069999933
            ],
            [
              235474.61459999997,
              391279.83699999936
            ],
            [
              235473.36780000106,
              391285.96440000087
            ],
            [
              235475.16299999971,
              391304.75960000232
            ],
            [
              235466.80740000121,
              391316.3983000014
            ],
            [
              235473.70070000086,
              391332.27490000054
            ]
          ]
        ]
      }
    }
  ]
}