{
  "displayFieldName" : "",
  "fieldAliases" : {
    "FID" : "FID",
    "PMNTN_SPOT" : "PMNTN_SPOT",
    "MNTN_CODE" : "MNTN_CODE",
    "MANAGE_SP1" : "MANAGE_SP1",
    "MANAGE_SP2" : "MANAGE_SP2",
    "DETAIL_SPO" : "DETAIL_SPO",
    "ETC_MATTER" : "ETC_MATTER",
    "MNTN_NM" : "MNTN_NM",
    "PAST_SPOT_" : "PAST_SPOT_",
    "MNTN_ID" : "MNTN_ID"
  },
  "geometryType" : "esriGeometryPoint",
  "spatialReference" : {
    "wkt" : "PROJCS[\"PCS_ITRF2000_TM\",GEOGCS[\"GCS_ITRF_2000\",DATUM[\"D_ITRF_2000\",SPHEROID[\"GRS_1980\",6378137.0,298.257222101]],PRIMEM[\"Greenwich\",0.0],UNIT[\"Degree\",0.0174532925199433]],PROJECTION[\"Transverse_Mercator\"],PARAMETER[\"False_Easting\",200000.0],PARAMETER[\"False_Northing\",600000.0],PARAMETER[\"Central_Meridian\",127.0],PARAMETER[\"Scale_Factor\",1.0],PARAMETER[\"Latitude_Of_Origin\",38.0],UNIT[\"Meter\",1.0]]"
  },
  "fields" : [
    {
      "name" : "FID",
      "type" : "esriFieldTypeOID",
      "alias" : "FID"
    },
    {
      "name" : "PMNTN_SPOT",
      "type" : "esriFieldTypeDouble",
      "alias" : "PMNTN_SPOT"
    },
    {
      "name" : "MNTN_CODE",
      "type" : "esriFieldTypeString",
      "alias" : "MNTN_CODE",
      "length" : 9
    },
    {
      "name" : "MANAGE_SP1",
      "type" : "esriFieldTypeString",
      "alias" : "MANAGE_SP1",
      "length" : 2
    },
    {
      "name" : "MANAGE_SP2",
      "type" : "esriFieldTypeString",
      "alias" : "MANAGE_SP2",
      "length" : 50
    },
    {
      "name" : "DETAIL_SPO",
      "type" : "esriFieldTypeString",
      "alias" : "DETAIL_SPO",
      "length" : 200
    },
    {
      "name" : "ETC_MATTER",
      "type" : "esriFieldTypeString",
      "alias" : "ETC_MATTER",
      "length" : 200
    },
    {
      "name" : "MNTN_NM",
      "type" : "esriFieldTypeString",
      "alias" : "MNTN_NM",
      "length" : 50
    },
    {
      "name" : "PAST_SPOT_",
      "type" : "esriFieldTypeString",
      "alias" : "PAST_SPOT_",
      "length" : 14
    },
    {
      "name" : "MNTN_ID",
      "type" : "esriFieldTypeString",
      "alias" : "MNTN_ID",
      "length" : 10
    }
  ],
  "features" : [
    {
      "attributes" : {
        "FID" : 0,
        "PMNTN_SPOT" : 83307,
        "MNTN_CODE" : "437403501",
        "MANAGE_SP1" : "02",
        "MANAGE_SP2" : "분기점",
        "DETAIL_SPO" : "분기점",
        "ETC_MATTER" : " ",
        "MNTN_NM" : "천태산",
        "PAST_SPOT_" : "23040535000001",
        "MNTN_ID" : "2304053500"
      },
      "geometry" : {
        "x" : 254120.03384599648,
        "y" : 395818.39081062563
      }
    },
    {
      "attributes" : {
        "FID" : 1,
        "PMNTN_SPOT" : 83308,
        "MNTN_CODE" : "437403501",
        "MANAGE_SP1" : "02",
        "MANAGE_SP2" : "분기점",
        "DETAIL_SPO" : "분기점",
        "ETC_MATTER" : " ",
        "MNTN_NM" : "천태산",
        "PAST_SPOT_" : "23040535000002",
        "MNTN_ID" : "2304053500"
      },
      "geometry" : {
        "x" : 254868.89664251637,
        "y" : 395549.6236168053
      }
    },
    {
      "attributes" : {
        "FID" : 2,
        "PMNTN_SPOT" : 83309,
        "MNTN_CODE" : "437403501",
        "MANAGE_SP1" : "02",
        "MANAGE_SP2" : "분기점",
        "DETAIL_SPO" : "분기점",
        "ETC_MATTER" : " ",
        "MNTN_NM" : "천태산",
        "PAST_SPOT_" : "23040535000003",
        "MNTN_ID" : "2304053500"
      },
      "geometry" : {
        "x" : 254654.3769838009,
        "y" : 396014.59611406736
      }
    },
    {
      "attributes" : {
        "FID" : 3,
        "PMNTN_SPOT" : 83310,
        "MNTN_CODE" : "437403501",
        "MANAGE_SP1" : "02",
        "MANAGE_SP2" : "분기점",
        "DETAIL_SPO" : "분기점",
        "ETC_MATTER" : " ",
        "MNTN_NM" : "천태산",
        "PAST_SPOT_" : "23040535000004",
        "MNTN_ID" : "2304053500"
      },
      "geometry" : {
        "x" : 254562.62298309989,
        "y" : 395957.70976611786
      }
    },
    {
      "attributes" : {
        "FID" : 4,
        "PMNTN_SPOT" : 83311,
        "MNTN_CODE" : "437403501",
        "MANAGE_SP1" : "02",
        "MANAGE_SP2" : "분기점",
        "DETAIL_SPO" : "분기점",
        "ETC_MATTER" : " ",
        "MNTN_NM" : "천태산",
        "PAST_SPOT_" : "23040535000005",
        "MNTN_ID" : "2304053500"
      },
      "geometry" : {
        "x" : 255317.25875785202,
        "y" : 395613.28396999277
      }
    },
    {
      "attributes" : {
        "FID" : 5,
        "PMNTN_SPOT" : 83312,
        "MNTN_CODE" : "437403501",
        "MANAGE_SP1" : "02",
        "MANAGE_SP2" : "분기점",
        "DETAIL_SPO" : "분기점",
        "ETC_MATTER" : " ",
        "MNTN_NM" : "천태산",
        "PAST_SPOT_" : "23040535000006",
        "MNTN_ID" : "2304053500"
      },
      "geometry" : {
        "x" : 254425.27699927054,
        "y" : 395425.9819167722
      }
    },
    {
      "attributes" : {
        "FID" : 6,
        "PMNTN_SPOT" : 83313,
        "MNTN_CODE" : "437403501",
        "MANAGE_SP1" : "02",
        "MANAGE_SP2" : "분기점",
        "DETAIL_SPO" : "분기점",
        "ETC_MATTER" : " ",
        "MNTN_NM" : "천태산",
        "PAST_SPOT_" : "23040535000007",
        "MNTN_ID" : "2304053500"
      },
      "geometry" : {
        "x" : 254569.5810858123,
        "y" : 394939.84765000269
      }
    },
    {
      "attributes" : {
        "FID" : 7,
        "PMNTN_SPOT" : 83314,
        "MNTN_CODE" : "437403501",
        "MANAGE_SP1" : "02",
        "MANAGE_SP2" : "분기점",
        "DETAIL_SPO" : "분기점",
        "ETC_MATTER" : " ",
        "MNTN_NM" : "천태산",
        "PAST_SPOT_" : "23040535000008",
        "MNTN_ID" : "2304053500"
      },
      "geometry" : {
        "x" : 254934.018907791,
        "y" : 395494.23742669448
      }
    },
    {
      "attributes" : {
        "FID" : 8,
        "PMNTN_SPOT" : 83315,
        "MNTN_CODE" : "437403501",
        "MANAGE_SP1" : "02",
        "MANAGE_SP2" : "분기점",
        "DETAIL_SPO" : "분기점",
        "ETC_MATTER" : " ",
        "MNTN_NM" : "천태산",
        "PAST_SPOT_" : "23040535000009",
        "MNTN_ID" : "2304053500"
      },
      "geometry" : {
        "x" : 254504.18686485291,
        "y" : 395936.31450319849
      }
    },
    {
      "attributes" : {
        "FID" : 9,
        "PMNTN_SPOT" : 83316,
        "MNTN_CODE" : "437403501",
        "MANAGE_SP1" : "02",
        "MANAGE_SP2" : "분기점",
        "DETAIL_SPO" : "분기점",
        "ETC_MATTER" : " ",
        "MNTN_NM" : "천태산",
        "PAST_SPOT_" : "23040535000010",
        "MNTN_ID" : "2304053500"
      },
      "geometry" : {
        "x" : 254364.71529728547,
        "y" : 395972.73949327134
      }
    },
    {
      "attributes" : {
        "FID" : 10,
        "PMNTN_SPOT" : 83317,
        "MNTN_CODE" : "437403501",
        "MANAGE_SP1" : "02",
        "MANAGE_SP2" : "분기점",
        "DETAIL_SPO" : "분기점",
        "ETC_MATTER" : " ",
        "MNTN_NM" : "천태산",
        "PAST_SPOT_" : "23040535000011",
        "MNTN_ID" : "2304053500"
      },
      "geometry" : {
        "x" : 255125.0047542071,
        "y" : 395879.66285399161
      }
    },
    {
      "attributes" : {
        "FID" : 11,
        "PMNTN_SPOT" : 83318,
        "MNTN_CODE" : "437403501",
        "MANAGE_SP1" : "02",
        "MANAGE_SP2" : "분기점",
        "DETAIL_SPO" : "분기점",
        "ETC_MATTER" : " ",
        "MNTN_NM" : "천태산",
        "PAST_SPOT_" : "23040535000012",
        "MNTN_ID" : "2304053500"
      },
      "geometry" : {
        "x" : 255000.25225305464,
        "y" : 395838.71279719099
      }
    },
    {
      "attributes" : {
        "FID" : 12,
        "PMNTN_SPOT" : 83319,
        "MNTN_CODE" : "437403501",
        "MANAGE_SP1" : "02",
        "MANAGE_SP2" : "분기점",
        "DETAIL_SPO" : "분기점",
        "ETC_MATTER" : " ",
        "MNTN_NM" : "천태산",
        "PAST_SPOT_" : "23040535000013",
        "MNTN_ID" : "2304053500"
      },
      "geometry" : {
        "x" : 254631.1378279468,
        "y" : 396020.11899809353
      }
    },
    {
      "attributes" : {
        "FID" : 13,
        "PMNTN_SPOT" : 83320,
        "MNTN_CODE" : "437403501",
        "MANAGE_SP1" : "02",
        "MANAGE_SP2" : "분기점",
        "DETAIL_SPO" : "분기점",
        "ETC_MATTER" : " ",
        "MNTN_NM" : "천태산",
        "PAST_SPOT_" : "23040535000014",
        "MNTN_ID" : "2304053500"
      },
      "geometry" : {
        "x" : 254940.29087714758,
        "y" : 395682.31749026105
      }
    },
    {
      "attributes" : {
        "FID" : 14,
        "PMNTN_SPOT" : 83321,
        "MNTN_CODE" : "437403501",
        "MANAGE_SP1" : "02",
        "MANAGE_SP2" : "분기점",
        "DETAIL_SPO" : "분기점",
        "ETC_MATTER" : " ",
        "MNTN_NM" : "천태산",
        "PAST_SPOT_" : "23040535000015",
        "MNTN_ID" : "2304053500"
      },
      "geometry" : {
        "x" : 254860.34356385563,
        "y" : 395604.70868744701
      }
    },
    {
      "attributes" : {
        "FID" : 15,
        "PMNTN_SPOT" : 83322,
        "MNTN_CODE" : "437403501",
        "MANAGE_SP1" : "01",
        "MANAGE_SP2" : "시종점",
        "DETAIL_SPO" : "시종점",
        "ETC_MATTER" : " ",
        "MNTN_NM" : "천태산",
        "PAST_SPOT_" : "23040535000016",
        "MNTN_ID" : "2304053500"
      },
      "geometry" : {
        "x" : 256191.4638312785,
        "y" : 395637.95174010284
      }
    },
    {
      "attributes" : {
        "FID" : 16,
        "PMNTN_SPOT" : 83323,
        "MNTN_CODE" : "437403501",
        "MANAGE_SP1" : "01",
        "MANAGE_SP2" : "시종점",
        "DETAIL_SPO" : "시종점",
        "ETC_MATTER" : " ",
        "MNTN_NM" : "천태산",
        "PAST_SPOT_" : "23040535000017",
        "MNTN_ID" : "2304053500"
      },
      "geometry" : {
        "x" : 253950.73296780884,
        "y" : 395867.99170079455
      }
    },
    {
      "attributes" : {
        "FID" : 17,
        "PMNTN_SPOT" : 83324,
        "MNTN_CODE" : "437403501",
        "MANAGE_SP1" : "01",
        "MANAGE_SP2" : "시종점",
        "DETAIL_SPO" : "시종점",
        "ETC_MATTER" : " ",
        "MNTN_NM" : "천태산",
        "PAST_SPOT_" : "23040535000018",
        "MNTN_ID" : "2304053500"
      },
      "geometry" : {
        "x" : 254569.61161691882,
        "y" : 394931.14632845111
      }
    },
    {
      "attributes" : {
        "FID" : 18,
        "PMNTN_SPOT" : 83325,
        "MNTN_CODE" : "437403501",
        "MANAGE_SP1" : "01",
        "MANAGE_SP2" : "시종점",
        "DETAIL_SPO" : "시종점",
        "ETC_MATTER" : " ",
        "MNTN_NM" : "천태산",
        "PAST_SPOT_" : "23040535000019",
        "MNTN_ID" : "2304053500"
      },
      "geometry" : {
        "x" : 254883.84124752972,
        "y" : 395535.17157851718
      }
    },
    {
      "attributes" : {
        "FID" : 19,
        "PMNTN_SPOT" : 83326,
        "MNTN_CODE" : "437403501",
        "MANAGE_SP1" : "11",
        "MANAGE_SP2" : "안내판또는지도",
        "DETAIL_SPO" : "안내도 또는 표지판",
        "ETC_MATTER" : " ",
        "MNTN_NM" : "천태산",
        "PAST_SPOT_" : "23040535000020",
        "MNTN_ID" : "2304053500"
      },
      "geometry" : {
        "x" : 255788.70524647925,
        "y" : 395690.91294528358
      }
    },
    {
      "attributes" : {
        "FID" : 20,
        "PMNTN_SPOT" : 83327,
        "MNTN_CODE" : "437403501",
        "MANAGE_SP1" : "99",
        "MANAGE_SP2" : "기타",
        "DETAIL_SPO" : "천계산계곡",
        "ETC_MATTER" : "천계산계곡",
        "MNTN_NM" : "천태산",
        "PAST_SPOT_" : "23040535000021",
        "MNTN_ID" : "2304053500"
      },
      "geometry" : {
        "x" : 255454.00336207543,
        "y" : 395610.77168737911
      }
    },
    {
      "attributes" : {
        "FID" : 21,
        "PMNTN_SPOT" : 83328,
        "MNTN_CODE" : "437403501",
        "MANAGE_SP1" : "10",
        "MANAGE_SP2" : "이정표",
        "DETAIL_SPO" : "이정표",
        "ETC_MATTER" : " ",
        "MNTN_NM" : "천태산",
        "PAST_SPOT_" : "23040535000022",
        "MNTN_ID" : "2304053500"
      },
      "geometry" : {
        "x" : 255316.10740718432,
        "y" : 395615.66809911653
      }
    },
    {
      "attributes" : {
        "FID" : 22,
        "PMNTN_SPOT" : 83329,
        "MNTN_CODE" : "437403501",
        "MANAGE_SP1" : "07",
        "MANAGE_SP2" : "시설물(운동기구 등)",
        "DETAIL_SPO" : "안전로프",
        "ETC_MATTER" : "안전로프",
        "MNTN_NM" : "천태산",
        "PAST_SPOT_" : "23040535000023",
        "MNTN_ID" : "2304053500"
      },
      "geometry" : {
        "x" : 255265.48681370262,
        "y" : 395580.2817998752
      }
    },
    {
      "attributes" : {
        "FID" : 23,
        "PMNTN_SPOT" : 83330,
        "MNTN_CODE" : "437403501",
        "MANAGE_SP1" : "07",
        "MANAGE_SP2" : "시설물(운동기구 등)",
        "DETAIL_SPO" : "안전망",
        "ETC_MATTER" : "안전망",
        "MNTN_NM" : "천태산",
        "PAST_SPOT_" : "23040535000024",
        "MNTN_ID" : "2304053500"
      },
      "geometry" : {
        "x" : 255149.02846212685,
        "y" : 395467.91201583855
      }
    },
    {
      "attributes" : {
        "FID" : 24,
        "PMNTN_SPOT" : 83331,
        "MNTN_CODE" : "437403501",
        "MANAGE_SP1" : "10",
        "MANAGE_SP2" : "이정표",
        "DETAIL_SPO" : "이정표",
        "ETC_MATTER" : " ",
        "MNTN_NM" : "천태산",
        "PAST_SPOT_" : "23040535000025",
        "MNTN_ID" : "2304053500"
      },
      "geometry" : {
        "x" : 255171.1391558554,
        "y" : 395643.27047805674
      }
    },
    {
      "attributes" : {
        "FID" : 25,
        "PMNTN_SPOT" : 83332,
        "MNTN_CODE" : "437403501",
        "MANAGE_SP1" : "99",
        "MANAGE_SP2" : "기타",
        "DETAIL_SPO" : "석탑(영동 영국사 망탑봉 삼층석탑)",
        "ETC_MATTER" : "석탑(영동 영국사 망탑봉 삼층석탑)",
        "MNTN_NM" : "천태산",
        "PAST_SPOT_" : "23040535000026",
        "MNTN_ID" : "2304053500"
      },
      "geometry" : {
        "x" : 255173.36921589449,
        "y" : 395646.39161410369
      }
    },
    {
      "attributes" : {
        "FID" : 26,
        "PMNTN_SPOT" : 83333,
        "MNTN_CODE" : "437403501",
        "MANAGE_SP1" : "11",
        "MANAGE_SP2" : "안내판또는지도",
        "DETAIL_SPO" : "석탑 안내판",
        "ETC_MATTER" : "석탑 안내판",
        "MNTN_NM" : "천태산",
        "PAST_SPOT_" : "23040535000027",
        "MNTN_ID" : "2304053500"
      },
      "geometry" : {
        "x" : 255174.47244778462,
        "y" : 395656.94055452757
      }
    },
    {
      "attributes" : {
        "FID" : 27,
        "PMNTN_SPOT" : 83334,
        "MNTN_CODE" : "437403501",
        "MANAGE_SP1" : "10",
        "MANAGE_SP2" : "이정표",
        "DETAIL_SPO" : "이정표",
        "ETC_MATTER" : " ",
        "MNTN_NM" : "천태산",
        "PAST_SPOT_" : "23040535000028",
        "MNTN_ID" : "2304053500"
      },
      "geometry" : {
        "x" : 255171.92929395102,
        "y" : 395674.90139060467
      }
    },
    {
      "attributes" : {
        "FID" : 28,
        "PMNTN_SPOT" : 83335,
        "MNTN_CODE" : "437403501",
        "MANAGE_SP1" : "11",
        "MANAGE_SP2" : "안내판또는지도",
        "DETAIL_SPO" : "위험지역 안내판",
        "ETC_MATTER" : "위험지역 안내판",
        "MNTN_NM" : "천태산",
        "PAST_SPOT_" : "23040535000029",
        "MNTN_ID" : "2304053500"
      },
      "geometry" : {
        "x" : 255135.52859925386,
        "y" : 395781.86695937626
      }
    },
    {
      "attributes" : {
        "FID" : 29,
        "PMNTN_SPOT" : 83336,
        "MNTN_CODE" : "437403501",
        "MANAGE_SP1" : "11",
        "MANAGE_SP2" : "안내판또는지도",
        "DETAIL_SPO" : "위험지역 안내판",
        "ETC_MATTER" : "위험지역 안내판",
        "MNTN_NM" : "천태산",
        "PAST_SPOT_" : "23040535000030",
        "MNTN_ID" : "2304053500"
      },
      "geometry" : {
        "x" : 255125.62118728086,
        "y" : 395811.76597523317
      }
    },
    {
      "attributes" : {
        "FID" : 30,
        "PMNTN_SPOT" : 83337,
        "MNTN_CODE" : "437403501",
        "MANAGE_SP1" : "07",
        "MANAGE_SP2" : "시설물(운동기구 등)",
        "DETAIL_SPO" : "관문",
        "ETC_MATTER" : "관문",
        "MNTN_NM" : "천태산",
        "PAST_SPOT_" : "23040535000031",
        "MNTN_ID" : "2304053500"
      },
      "geometry" : {
        "x" : 255118.10751854442,
        "y" : 395890.17309529334
      }
    },
    {
      "attributes" : {
        "FID" : 31,
        "PMNTN_SPOT" : 83338,
        "MNTN_CODE" : "437403501",
        "MANAGE_SP1" : "16",
        "MANAGE_SP2" : "주요나무",
        "DETAIL_SPO" : "은행나무",
        "ETC_MATTER" : "은행나무",
        "MNTN_NM" : "천태산",
        "PAST_SPOT_" : "23040535000032",
        "MNTN_ID" : "2304053500"
      },
      "geometry" : {
        "x" : 255032.13226123992,
        "y" : 395867.54855833948
      }
    },
    {
      "attributes" : {
        "FID" : 32,
        "PMNTN_SPOT" : 83339,
        "MNTN_CODE" : "437403501",
        "MANAGE_SP1" : "10",
        "MANAGE_SP2" : "이정표",
        "DETAIL_SPO" : "목계단",
        "ETC_MATTER" : " ",
        "MNTN_NM" : "천태산",
        "PAST_SPOT_" : "23040535000033",
        "MNTN_ID" : "2304053500"
      },
      "geometry" : {
        "x" : 254926.75142168812,
        "y" : 395940.01354412548
      }
    },
    {
      "attributes" : {
        "FID" : 33,
        "PMNTN_SPOT" : 83340,
        "MNTN_CODE" : "437403501",
        "MANAGE_SP1" : "11",
        "MANAGE_SP2" : "안내판또는지도",
        "DETAIL_SPO" : "묘지 출입금지 안내판",
        "ETC_MATTER" : "묘지 출입금지 안내판",
        "MNTN_NM" : "천태산",
        "PAST_SPOT_" : "23040535000034",
        "MNTN_ID" : "2304053500"
      },
      "geometry" : {
        "x" : 254921.24850329943,
        "y" : 395956.51319013909
      }
    },
    {
      "attributes" : {
        "FID" : 34,
        "PMNTN_SPOT" : 83341,
        "MNTN_CODE" : "437403501",
        "MANAGE_SP1" : "11",
        "MANAGE_SP2" : "안내판또는지도",
        "DETAIL_SPO" : "안내판 및 지도",
        "ETC_MATTER" : " ",
        "MNTN_NM" : "천태산",
        "PAST_SPOT_" : "23040535000035",
        "MNTN_ID" : "2304053500"
      },
      "geometry" : {
        "x" : 254903.96486018412,
        "y" : 395971.82916908525
      }
    },
    {
      "attributes" : {
        "FID" : 35,
        "PMNTN_SPOT" : 83342,
        "MNTN_CODE" : "437403501",
        "MANAGE_SP1" : "11",
        "MANAGE_SP2" : "안내판또는지도",
        "DETAIL_SPO" : "안내판 및 지도",
        "ETC_MATTER" : " ",
        "MNTN_NM" : "천태산",
        "PAST_SPOT_" : "23040535000036",
        "MNTN_ID" : "2304053500"
      },
      "geometry" : {
        "x" : 254811.20606293995,
        "y" : 395983.4532509204
      }
    },
    {
      "attributes" : {
        "FID" : 36,
        "PMNTN_SPOT" : 83343,
        "MNTN_CODE" : "437403501",
        "MANAGE_SP1" : "07",
        "MANAGE_SP2" : "시설물(운동기구 등)",
        "DETAIL_SPO" : "목계단",
        "ETC_MATTER" : "목계단",
        "MNTN_NM" : "천태산",
        "PAST_SPOT_" : "23040535000037",
        "MNTN_ID" : "2304053500"
      },
      "geometry" : {
        "x" : 254804.81662925892,
        "y" : 395983.52414400131
      }
    },
    {
      "attributes" : {
        "FID" : 37,
        "PMNTN_SPOT" : 83344,
        "MNTN_CODE" : "437403501",
        "MANAGE_SP1" : "07",
        "MANAGE_SP2" : "시설물(운동기구 등)",
        "DETAIL_SPO" : "구조목",
        "ETC_MATTER" : "구조목",
        "MNTN_NM" : "천태산",
        "PAST_SPOT_" : "23040535000038",
        "MNTN_ID" : "2304053500"
      },
      "geometry" : {
        "x" : 254751.76596077159,
        "y" : 396020.03300430998
      }
    },
    {
      "attributes" : {
        "FID" : 38,
        "PMNTN_SPOT" : 83345,
        "MNTN_CODE" : "437403501",
        "MANAGE_SP1" : "07",
        "MANAGE_SP2" : "시설물(운동기구 등)",
        "DETAIL_SPO" : "목계단",
        "ETC_MATTER" : "목계단",
        "MNTN_NM" : "천태산",
        "PAST_SPOT_" : "23040535000039",
        "MNTN_ID" : "2304053500"
      },
      "geometry" : {
        "x" : 254744.82898839191,
        "y" : 396021.32121667266
      }
    },
    {
      "attributes" : {
        "FID" : 39,
        "PMNTN_SPOT" : 83346,
        "MNTN_CODE" : "437403501",
        "MANAGE_SP1" : "07",
        "MANAGE_SP2" : "시설물(운동기구 등)",
        "DETAIL_SPO" : "안전로프",
        "ETC_MATTER" : "안전로프",
        "MNTN_NM" : "천태산",
        "PAST_SPOT_" : "23040535000040",
        "MNTN_ID" : "2304053500"
      },
      "geometry" : {
        "x" : 254713.45013331808,
        "y" : 396017.12971974537
      }
    },
    {
      "attributes" : {
        "FID" : 40,
        "PMNTN_SPOT" : 83347,
        "MNTN_CODE" : "437403501",
        "MANAGE_SP1" : "07",
        "MANAGE_SP2" : "시설물(운동기구 등)",
        "DETAIL_SPO" : "안전로프",
        "ETC_MATTER" : "안전로프",
        "MNTN_NM" : "천태산",
        "PAST_SPOT_" : "23040535000041",
        "MNTN_ID" : "2304053500"
      },
      "geometry" : {
        "x" : 254652.52938357741,
        "y" : 396017.19233067892
      }
    },
    {
      "attributes" : {
        "FID" : 41,
        "PMNTN_SPOT" : 83348,
        "MNTN_CODE" : "437403501",
        "MANAGE_SP1" : "11",
        "MANAGE_SP2" : "안내판또는지도",
        "DETAIL_SPO" : "안내판 및 지도",
        "ETC_MATTER" : " ",
        "MNTN_NM" : "천태산",
        "PAST_SPOT_" : "23040535000042",
        "MNTN_ID" : "2304053500"
      },
      "geometry" : {
        "x" : 254573.12870201841,
        "y" : 395979.29981148802
      }
    },
    {
      "attributes" : {
        "FID" : 42,
        "PMNTN_SPOT" : 83349,
        "MNTN_CODE" : "437403501",
        "MANAGE_SP1" : "11",
        "MANAGE_SP2" : "안내판또는지도",
        "DETAIL_SPO" : "위험표지판(우회등산로)",
        "ETC_MATTER" : "위험표지판(우회등산로)",
        "MNTN_NM" : "천태산",
        "PAST_SPOT_" : "23040535000043",
        "MNTN_ID" : "2304053500"
      },
      "geometry" : {
        "x" : 254565.5931048058,
        "y" : 395961.16489453241
      }
    },
    {
      "attributes" : {
        "FID" : 43,
        "PMNTN_SPOT" : 83350,
        "MNTN_CODE" : "437403501",
        "MANAGE_SP1" : "07",
        "MANAGE_SP2" : "시설물(운동기구 등)",
        "DETAIL_SPO" : "안전로프",
        "ETC_MATTER" : "안전로프",
        "MNTN_NM" : "천태산",
        "PAST_SPOT_" : "23040535000044",
        "MNTN_ID" : "2304053500"
      },
      "geometry" : {
        "x" : 254553.11596558616,
        "y" : 395956.20435602963
      }
    },
    {
      "attributes" : {
        "FID" : 44,
        "PMNTN_SPOT" : 83351,
        "MNTN_CODE" : "437403501",
        "MANAGE_SP1" : "07",
        "MANAGE_SP2" : "시설물(운동기구 등)",
        "DETAIL_SPO" : "구조목",
        "ETC_MATTER" : "구조목",
        "MNTN_NM" : "천태산",
        "PAST_SPOT_" : "23040535000045",
        "MNTN_ID" : "2304053500"
      },
      "geometry" : {
        "x" : 254487.86034505628,
        "y" : 395944.25654057972
      }
    },
    {
      "attributes" : {
        "FID" : 45,
        "PMNTN_SPOT" : 83352,
        "MNTN_CODE" : "437403501",
        "MANAGE_SP1" : "07",
        "MANAGE_SP2" : "시설물(운동기구 등)",
        "DETAIL_SPO" : "안전로프",
        "ETC_MATTER" : "안전로프",
        "MNTN_NM" : "천태산",
        "PAST_SPOT_" : "23040535000046",
        "MNTN_ID" : "2304053500"
      },
      "geometry" : {
        "x" : 254449.09435534291,
        "y" : 395955.77744480595
      }
    },
    {
      "attributes" : {
        "FID" : 46,
        "PMNTN_SPOT" : 83353,
        "MNTN_CODE" : "437403501",
        "MANAGE_SP1" : "11",
        "MANAGE_SP2" : "안내판또는지도",
        "DETAIL_SPO" : "위험지역 안내판",
        "ETC_MATTER" : "위험지역 안내판",
        "MNTN_NM" : "천태산",
        "PAST_SPOT_" : "23040535000047",
        "MNTN_ID" : "2304053500"
      },
      "geometry" : {
        "x" : 254449.79558049235,
        "y" : 395958.77799377404
      }
    },
    {
      "attributes" : {
        "FID" : 47,
        "PMNTN_SPOT" : 83354,
        "MNTN_CODE" : "437403501",
        "MANAGE_SP1" : "11",
        "MANAGE_SP2" : "안내판또는지도",
        "DETAIL_SPO" : "안내판 및 지도",
        "ETC_MATTER" : " ",
        "MNTN_NM" : "천태산",
        "PAST_SPOT_" : "23040535000048",
        "MNTN_ID" : "2304053500"
      },
      "geometry" : {
        "x" : 254404.14940797165,
        "y" : 395962.48849122599
      }
    },
    {
      "attributes" : {
        "FID" : 48,
        "PMNTN_SPOT" : 83355,
        "MNTN_CODE" : "437403501",
        "MANAGE_SP1" : "07",
        "MANAGE_SP2" : "시설물(운동기구 등)",
        "DETAIL_SPO" : "안전로프",
        "ETC_MATTER" : "안전로프",
        "MNTN_NM" : "천태산",
        "PAST_SPOT_" : "23040535000049",
        "MNTN_ID" : "2304053500"
      },
      "geometry" : {
        "x" : 254394.90551668778,
        "y" : 395972.97290043533
      }
    },
    {
      "attributes" : {
        "FID" : 49,
        "PMNTN_SPOT" : 83356,
        "MNTN_CODE" : "437403501",
        "MANAGE_SP1" : "07",
        "MANAGE_SP2" : "시설물(운동기구 등)",
        "DETAIL_SPO" : "안전로프",
        "ETC_MATTER" : "안전로프",
        "MNTN_NM" : "천태산",
        "PAST_SPOT_" : "23040535000050",
        "MNTN_ID" : "2304053500"
      },
      "geometry" : {
        "x" : 254445.57613158599,
        "y" : 395971.62400286831
      }
    },
    {
      "attributes" : {
        "FID" : 50,
        "PMNTN_SPOT" : 83357,
        "MNTN_CODE" : "437403501",
        "MANAGE_SP1" : "07",
        "MANAGE_SP2" : "시설물(운동기구 등)",
        "DETAIL_SPO" : "안전로프",
        "ETC_MATTER" : "안전로프",
        "MNTN_NM" : "천태산",
        "PAST_SPOT_" : "23040535000051",
        "MNTN_ID" : "2304053500"
      },
      "geometry" : {
        "x" : 254434.87947110087,
        "y" : 395998.63354033977
      }
    },
    {
      "attributes" : {
        "FID" : 51,
        "PMNTN_SPOT" : 83358,
        "MNTN_CODE" : "437403501",
        "MANAGE_SP1" : "07",
        "MANAGE_SP2" : "시설물(운동기구 등)",
        "DETAIL_SPO" : "안전로프",
        "ETC_MATTER" : "안전로프",
        "MNTN_NM" : "천태산",
        "PAST_SPOT_" : "23040535000052",
        "MNTN_ID" : "2304053500"
      },
      "geometry" : {
        "x" : 254408.27729219478,
        "y" : 396007.6782270167
      }
    },
    {
      "attributes" : {
        "FID" : 52,
        "PMNTN_SPOT" : 83359,
        "MNTN_CODE" : "437403501",
        "MANAGE_SP1" : "07",
        "MANAGE_SP2" : "시설물(운동기구 등)",
        "DETAIL_SPO" : "안전로프",
        "ETC_MATTER" : "안전로프",
        "MNTN_NM" : "천태산",
        "PAST_SPOT_" : "23040535000053",
        "MNTN_ID" : "2304053500"
      },
      "geometry" : {
        "x" : 254363.2670509778,
        "y" : 395981.54247877002
      }
    },
    {
      "attributes" : {
        "FID" : 53,
        "PMNTN_SPOT" : 83360,
        "MNTN_CODE" : "437403501",
        "MANAGE_SP1" : "07",
        "MANAGE_SP2" : "시설물(운동기구 등)",
        "DETAIL_SPO" : "구조목",
        "ETC_MATTER" : "구조목",
        "MNTN_NM" : "천태산",
        "PAST_SPOT_" : "23040535000054",
        "MNTN_ID" : "2304053500"
      },
      "geometry" : {
        "x" : 254351.79643802438,
        "y" : 395944.96260679699
      }
    },
    {
      "attributes" : {
        "FID" : 54,
        "PMNTN_SPOT" : 83361,
        "MNTN_CODE" : "437403501",
        "MANAGE_SP1" : "11",
        "MANAGE_SP2" : "안내판또는지도",
        "DETAIL_SPO" : "안내판 및 지도",
        "ETC_MATTER" : " ",
        "MNTN_NM" : "천태산",
        "PAST_SPOT_" : "23040535000055",
        "MNTN_ID" : "2304053500"
      },
      "geometry" : {
        "x" : 254302.43271478824,
        "y" : 395866.31215238944
      }
    },
    {
      "attributes" : {
        "FID" : 55,
        "PMNTN_SPOT" : 83362,
        "MNTN_CODE" : "437403501",
        "MANAGE_SP1" : "07",
        "MANAGE_SP2" : "시설물(운동기구 등)",
        "DETAIL_SPO" : "구조목",
        "ETC_MATTER" : "구조목",
        "MNTN_NM" : "천태산",
        "PAST_SPOT_" : "23040535000056",
        "MNTN_ID" : "2304053500"
      },
      "geometry" : {
        "x" : 254243.77399758901,
        "y" : 395806.24699668586
      }
    },
    {
      "attributes" : {
        "FID" : 56,
        "PMNTN_SPOT" : 83363,
        "MNTN_CODE" : "437403501",
        "MANAGE_SP1" : "07",
        "MANAGE_SP2" : "시설물(운동기구 등)",
        "DETAIL_SPO" : "안전로프",
        "ETC_MATTER" : "안전로프",
        "MNTN_NM" : "천태산",
        "PAST_SPOT_" : "23040535000057",
        "MNTN_ID" : "2304053500"
      },
      "geometry" : {
        "x" : 254223.27755233366,
        "y" : 395802.90165610053
      }
    },
    {
      "attributes" : {
        "FID" : 57,
        "PMNTN_SPOT" : 83364,
        "MNTN_CODE" : "437403501",
        "MANAGE_SP1" : "07",
        "MANAGE_SP2" : "시설물(운동기구 등)",
        "DETAIL_SPO" : "구조목",
        "ETC_MATTER" : "구조목",
        "MNTN_NM" : "천태산",
        "PAST_SPOT_" : "23040535000058",
        "MNTN_ID" : "2304053500"
      },
      "geometry" : {
        "x" : 254167.90888900217,
        "y" : 395807.10793677904
      }
    },
    {
      "attributes" : {
        "FID" : 58,
        "PMNTN_SPOT" : 83365,
        "MNTN_CODE" : "437403501",
        "MANAGE_SP1" : "10",
        "MANAGE_SP2" : "이정표",
        "DETAIL_SPO" : "이정표",
        "ETC_MATTER" : " ",
        "MNTN_NM" : "천태산",
        "PAST_SPOT_" : "23040535000059",
        "MNTN_ID" : "2304053500"
      },
      "geometry" : {
        "x" : 254007.15631652065,
        "y" : 395885.45499062352
      }
    },
    {
      "attributes" : {
        "FID" : 59,
        "PMNTN_SPOT" : 83366,
        "MNTN_CODE" : "437403501",
        "MANAGE_SP1" : "15",
        "MANAGE_SP2" : "훼손지",
        "DETAIL_SPO" : "근계노출",
        "ETC_MATTER" : "근계노출",
        "MNTN_NM" : "천태산",
        "PAST_SPOT_" : "23040535000060",
        "MNTN_ID" : "2304053500"
      },
      "geometry" : {
        "x" : 254151.12389143277,
        "y" : 395785.6980421301
      }
    },
    {
      "attributes" : {
        "FID" : 60,
        "PMNTN_SPOT" : 83367,
        "MNTN_CODE" : "437403501",
        "MANAGE_SP1" : "07",
        "MANAGE_SP2" : "시설물(운동기구 등)",
        "DETAIL_SPO" : "안전로프",
        "ETC_MATTER" : "안전로프",
        "MNTN_NM" : "천태산",
        "PAST_SPOT_" : "23040535000061",
        "MNTN_ID" : "2304053500"
      },
      "geometry" : {
        "x" : 254193.12800679449,
        "y" : 395614.84568099864
      }
    },
    {
      "attributes" : {
        "FID" : 61,
        "PMNTN_SPOT" : 83368,
        "MNTN_CODE" : "437403501",
        "MANAGE_SP1" : "07",
        "MANAGE_SP2" : "시설물(운동기구 등)",
        "DETAIL_SPO" : "헬기장",
        "ETC_MATTER" : "헬기장",
        "MNTN_NM" : "천태산",
        "PAST_SPOT_" : "23040535000062",
        "MNTN_ID" : "2304053500"
      },
      "geometry" : {
        "x" : 254309.89867546316,
        "y" : 395504.82449022308
      }
    },
    {
      "attributes" : {
        "FID" : 62,
        "PMNTN_SPOT" : 83369,
        "MNTN_CODE" : "437403501",
        "MANAGE_SP1" : "07",
        "MANAGE_SP2" : "시설물(운동기구 등)",
        "DETAIL_SPO" : "구조목",
        "ETC_MATTER" : "구조목",
        "MNTN_NM" : "천태산",
        "PAST_SPOT_" : "23040535000063",
        "MNTN_ID" : "2304053500"
      },
      "geometry" : {
        "x" : 254404.92525817547,
        "y" : 395433.17532979324
      }
    },
    {
      "attributes" : {
        "FID" : 63,
        "PMNTN_SPOT" : 83370,
        "MNTN_CODE" : "437403501",
        "MANAGE_SP1" : "10",
        "MANAGE_SP2" : "이정표",
        "DETAIL_SPO" : "이정표",
        "ETC_MATTER" : " ",
        "MNTN_NM" : "천태산",
        "PAST_SPOT_" : "23040535000064",
        "MNTN_ID" : "2304053500"
      },
      "geometry" : {
        "x" : 254419.10869656969,
        "y" : 395424.3862856552
      }
    },
    {
      "attributes" : {
        "FID" : 64,
        "PMNTN_SPOT" : 83371,
        "MNTN_CODE" : "437403501",
        "MANAGE_SP1" : "07",
        "MANAGE_SP2" : "시설물(운동기구 등)",
        "DETAIL_SPO" : "안전로프",
        "ETC_MATTER" : "안전로프",
        "MNTN_NM" : "천태산",
        "PAST_SPOT_" : "23040535000065",
        "MNTN_ID" : "2304053500"
      },
      "geometry" : {
        "x" : 254432.39729884267,
        "y" : 395429.2405952774
      }
    },
    {
      "attributes" : {
        "FID" : 65,
        "PMNTN_SPOT" : 83372,
        "MNTN_CODE" : "437403501",
        "MANAGE_SP1" : "07",
        "MANAGE_SP2" : "시설물(운동기구 등)",
        "DETAIL_SPO" : "안전로프",
        "ETC_MATTER" : "안전로프",
        "MNTN_NM" : "천태산",
        "PAST_SPOT_" : "23040535000066",
        "MNTN_ID" : "2304053500"
      },
      "geometry" : {
        "x" : 254486.24752589781,
        "y" : 395394.73219175264
      }
    },
    {
      "attributes" : {
        "FID" : 66,
        "PMNTN_SPOT" : 83373,
        "MNTN_CODE" : "437403501",
        "MANAGE_SP1" : "07",
        "MANAGE_SP2" : "시설물(운동기구 등)",
        "DETAIL_SPO" : "구조목",
        "ETC_MATTER" : "구조목",
        "MNTN_NM" : "천태산",
        "PAST_SPOT_" : "23040535000067",
        "MNTN_ID" : "2304053500"
      },
      "geometry" : {
        "x" : 254597.38146310207,
        "y" : 395395.75872349367
      }
    },
    {
      "attributes" : {
        "FID" : 67,
        "PMNTN_SPOT" : 83374,
        "MNTN_CODE" : "437403501",
        "MANAGE_SP1" : "07",
        "MANAGE_SP2" : "시설물(운동기구 등)",
        "DETAIL_SPO" : "안전로프",
        "ETC_MATTER" : "안전로프",
        "MNTN_NM" : "천태산",
        "PAST_SPOT_" : "23040535000068",
        "MNTN_ID" : "2304053500"
      },
      "geometry" : {
        "x" : 254613.0266868379,
        "y" : 395426.70564493909
      }
    },
    {
      "attributes" : {
        "FID" : 68,
        "PMNTN_SPOT" : 83375,
        "MNTN_CODE" : "437403501",
        "MANAGE_SP1" : "99",
        "MANAGE_SP2" : "기타",
        "DETAIL_SPO" : "석등, 석탑",
        "ETC_MATTER" : "석등, 석탑",
        "MNTN_NM" : "천태산",
        "PAST_SPOT_" : "23040535000069",
        "MNTN_ID" : "2304053500"
      },
      "geometry" : {
        "x" : 254825.18546634354,
        "y" : 395576.84240352735
      }
    },
    {
      "attributes" : {
        "FID" : 69,
        "PMNTN_SPOT" : 83376,
        "MNTN_CODE" : "437403501",
        "MANAGE_SP1" : "99",
        "MANAGE_SP2" : "기타",
        "DETAIL_SPO" : "영동 영국사 원각 국사비",
        "ETC_MATTER" : "영동 영국사 원각 국사비",
        "MNTN_NM" : "천태산",
        "PAST_SPOT_" : "23040535000070",
        "MNTN_ID" : "2304053500"
      },
      "geometry" : {
        "x" : 254883.23977602739,
        "y" : 395618.15409313329
      }
    },
    {
      "attributes" : {
        "FID" : 70,
        "PMNTN_SPOT" : 83377,
        "MNTN_CODE" : "437403501",
        "MANAGE_SP1" : "99",
        "MANAGE_SP2" : "기타",
        "DETAIL_SPO" : "석등, 석탑",
        "ETC_MATTER" : "석등, 석탑",
        "MNTN_NM" : "천태산",
        "PAST_SPOT_" : "23040535000071",
        "MNTN_ID" : "2304053500"
      },
      "geometry" : {
        "x" : 254884.11477321945,
        "y" : 395536.15409300104
      }
    },
    {
      "attributes" : {
        "FID" : 71,
        "PMNTN_SPOT" : 83378,
        "MNTN_CODE" : "437403501",
        "MANAGE_SP1" : "15",
        "MANAGE_SP2" : "훼손지",
        "DETAIL_SPO" : "수목 쓰러짐",
        "ETC_MATTER" : "수목 쓰러짐",
        "MNTN_NM" : "천태산",
        "PAST_SPOT_" : "23040535000072",
        "MNTN_ID" : "2304053500"
      },
      "geometry" : {
        "x" : 254856.4697696073,
        "y" : 395524.66172831133
      }
    },
    {
      "attributes" : {
        "FID" : 72,
        "PMNTN_SPOT" : 83379,
        "MNTN_CODE" : "437403501",
        "MANAGE_SP1" : "10",
        "MANAGE_SP2" : "이정표",
        "DETAIL_SPO" : "이정표",
        "ETC_MATTER" : " ",
        "MNTN_NM" : "천태산",
        "PAST_SPOT_" : "23040535000073",
        "MNTN_ID" : "2304053500"
      },
      "geometry" : {
        "x" : 255701.27529312763,
        "y" : 395702.47674744204
      }
    },
    {
      "attributes" : {
        "FID" : 73,
        "PMNTN_SPOT" : 83380,
        "MNTN_CODE" : "437403501",
        "MANAGE_SP1" : "10",
        "MANAGE_SP2" : "이정표",
        "DETAIL_SPO" : "이정표",
        "ETC_MATTER" : " ",
        "MNTN_NM" : "천태산",
        "PAST_SPOT_" : "23040535000074",
        "MNTN_ID" : "2304053500"
      },
      "geometry" : {
        "x" : 255449.84223440103,
        "y" : 395622.61085968278
      }
    },
    {
      "attributes" : {
        "FID" : 74,
        "PMNTN_SPOT" : 83381,
        "MNTN_CODE" : "437403501",
        "MANAGE_SP1" : "10",
        "MANAGE_SP2" : "이정표",
        "DETAIL_SPO" : "이정표",
        "ETC_MATTER" : " ",
        "MNTN_NM" : "천태산",
        "PAST_SPOT_" : "23040535000075",
        "MNTN_ID" : "2304053500"
      },
      "geometry" : {
        "x" : 255325.68824940734,
        "y" : 395616.07444804907
      }
    },
    {
      "attributes" : {
        "FID" : 75,
        "PMNTN_SPOT" : 83382,
        "MNTN_CODE" : "437403501",
        "MANAGE_SP1" : "11",
        "MANAGE_SP2" : "안내판또는지도",
        "DETAIL_SPO" : "안내판 및 지도",
        "ETC_MATTER" : " ",
        "MNTN_NM" : "천태산",
        "PAST_SPOT_" : "23040535000076",
        "MNTN_ID" : "2304053500"
      },
      "geometry" : {
        "x" : 255279.07529787812,
        "y" : 395691.7172087729
      }
    },
    {
      "attributes" : {
        "FID" : 76,
        "PMNTN_SPOT" : 83383,
        "MNTN_CODE" : "437403501",
        "MANAGE_SP1" : "10",
        "MANAGE_SP2" : "이정표",
        "DETAIL_SPO" : "이정표",
        "ETC_MATTER" : " ",
        "MNTN_NM" : "천태산",
        "PAST_SPOT_" : "23040535000077",
        "MNTN_ID" : "2304053500"
      },
      "geometry" : {
        "x" : 255240.86116565857,
        "y" : 395736.2695881445
      }
    },
    {
      "attributes" : {
        "FID" : 77,
        "PMNTN_SPOT" : 83384,
        "MNTN_CODE" : "437403501",
        "MANAGE_SP1" : "11",
        "MANAGE_SP2" : "안내판또는지도",
        "DETAIL_SPO" : "안내판 및 지도",
        "ETC_MATTER" : " ",
        "MNTN_NM" : "천태산",
        "PAST_SPOT_" : "23040535000078",
        "MNTN_ID" : "2304053500"
      },
      "geometry" : {
        "x" : 255206.26073657908,
        "y" : 395786.39093865268
      }
    },
    {
      "attributes" : {
        "FID" : 78,
        "PMNTN_SPOT" : 83385,
        "MNTN_CODE" : "437403501",
        "MANAGE_SP1" : "12",
        "MANAGE_SP2" : "위험지역",
        "DETAIL_SPO" : "위험지역 안내판",
        "ETC_MATTER" : "위험지역 안내판",
        "MNTN_NM" : "천태산",
        "PAST_SPOT_" : "23040535000079",
        "MNTN_ID" : "2304053500"
      },
      "geometry" : {
        "x" : 255208.52365023643,
        "y" : 395818.49013225548
      }
    },
    {
      "attributes" : {
        "FID" : 79,
        "PMNTN_SPOT" : 83386,
        "MNTN_CODE" : "437403501",
        "MANAGE_SP1" : "10",
        "MANAGE_SP2" : "이정표",
        "DETAIL_SPO" : "이정표",
        "ETC_MATTER" : " ",
        "MNTN_NM" : "천태산",
        "PAST_SPOT_" : "23040535000080",
        "MNTN_ID" : "2304053500"
      },
      "geometry" : {
        "x" : 255117.86582058668,
        "y" : 395875.26061353274
      }
    },
    {
      "attributes" : {
        "FID" : 80,
        "PMNTN_SPOT" : 83387,
        "MNTN_CODE" : "437403501",
        "MANAGE_SP1" : "16",
        "MANAGE_SP2" : "주요나무",
        "DETAIL_SPO" : "은행나무",
        "ETC_MATTER" : "은행나무",
        "MNTN_NM" : "천태산",
        "PAST_SPOT_" : "23040535000081",
        "MNTN_ID" : "2304053500"
      },
      "geometry" : {
        "x" : 255027.65178908128,
        "y" : 395845.83052795194
      }
    },
    {
      "attributes" : {
        "FID" : 81,
        "PMNTN_SPOT" : 83388,
        "MNTN_CODE" : "437403501",
        "MANAGE_SP1" : "11",
        "MANAGE_SP2" : "안내판또는지도",
        "DETAIL_SPO" : "은행나무 안내판",
        "ETC_MATTER" : "은행나무 안내판",
        "MNTN_NM" : "천태산",
        "PAST_SPOT_" : "23040535000082",
        "MNTN_ID" : "2304053500"
      },
      "geometry" : {
        "x" : 255021.45071453415,
        "y" : 395837.4731625542
      }
    },
    {
      "attributes" : {
        "FID" : 82,
        "PMNTN_SPOT" : 83389,
        "MNTN_CODE" : "437403501",
        "MANAGE_SP1" : "10",
        "MANAGE_SP2" : "이정표",
        "DETAIL_SPO" : "이정표",
        "ETC_MATTER" : " ",
        "MNTN_NM" : "천태산",
        "PAST_SPOT_" : "23040535000083",
        "MNTN_ID" : "2304053500"
      },
      "geometry" : {
        "x" : 254988.66758659109,
        "y" : 395837.82474848069
      }
    },
    {
      "attributes" : {
        "FID" : 83,
        "PMNTN_SPOT" : 83390,
        "MNTN_CODE" : "437403501",
        "MANAGE_SP1" : "99",
        "MANAGE_SP2" : "기타",
        "DETAIL_SPO" : "누각",
        "ETC_MATTER" : "누각",
        "MNTN_NM" : "천태산",
        "PAST_SPOT_" : "23040535000084",
        "MNTN_ID" : "2304053500"
      },
      "geometry" : {
        "x" : 254996.93080803845,
        "y" : 395782.53785762191
      }
    },
    {
      "attributes" : {
        "FID" : 84,
        "PMNTN_SPOT" : 83391,
        "MNTN_CODE" : "437403501",
        "MANAGE_SP1" : "10",
        "MANAGE_SP2" : "이정표",
        "DETAIL_SPO" : "이정표",
        "ETC_MATTER" : " ",
        "MNTN_NM" : "천태산",
        "PAST_SPOT_" : "23040535000085",
        "MNTN_ID" : "2304053500"
      },
      "geometry" : {
        "x" : 254942.59579246864,
        "y" : 395724.15357097052
      }
    },
    {
      "attributes" : {
        "FID" : 85,
        "PMNTN_SPOT" : 83392,
        "MNTN_CODE" : "437403501",
        "MANAGE_SP1" : "10",
        "MANAGE_SP2" : "이정표",
        "DETAIL_SPO" : "이정표",
        "ETC_MATTER" : " ",
        "MNTN_NM" : "천태산",
        "PAST_SPOT_" : "23040535000086",
        "MNTN_ID" : "2304053500"
      },
      "geometry" : {
        "x" : 254942.25582814775,
        "y" : 395689.11568614841
      }
    },
    {
      "attributes" : {
        "FID" : 86,
        "PMNTN_SPOT" : 83393,
        "MNTN_CODE" : "437403501",
        "MANAGE_SP1" : "07",
        "MANAGE_SP2" : "시설물(운동기구 등)",
        "DETAIL_SPO" : "목계단",
        "ETC_MATTER" : "목계단",
        "MNTN_NM" : "천태산",
        "PAST_SPOT_" : "23040535000087",
        "MNTN_ID" : "2304053500"
      },
      "geometry" : {
        "x" : 254910.58079438284,
        "y" : 395305.809640605
      }
    },
    {
      "attributes" : {
        "FID" : 87,
        "PMNTN_SPOT" : 83394,
        "MNTN_CODE" : "437403501",
        "MANAGE_SP1" : "07",
        "MANAGE_SP2" : "시설물(운동기구 등)",
        "DETAIL_SPO" : "목계단",
        "ETC_MATTER" : "목계단",
        "MNTN_NM" : "천태산",
        "PAST_SPOT_" : "23040535000088",
        "MNTN_ID" : "2304053500"
      },
      "geometry" : {
        "x" : 254871.8683545934,
        "y" : 395143.95837805048
      }
    },
    {
      "attributes" : {
        "FID" : 88,
        "PMNTN_SPOT" : 83395,
        "MNTN_CODE" : "437403501",
        "MANAGE_SP1" : "14",
        "MANAGE_SP2" : "조망점",
        "DETAIL_SPO" : "조망점",
        "ETC_MATTER" : " ",
        "MNTN_NM" : "천태산",
        "PAST_SPOT_" : "23040535000089",
        "MNTN_ID" : "2304053500"
      },
      "geometry" : {
        "x" : 254886.47670644242,
        "y" : 395136.40193559043
      }
    },
    {
      "attributes" : {
        "FID" : 89,
        "PMNTN_SPOT" : 83396,
        "MNTN_CODE" : "437403501",
        "MANAGE_SP1" : "07",
        "MANAGE_SP2" : "시설물(운동기구 등)",
        "DETAIL_SPO" : "목계단",
        "ETC_MATTER" : "목계단",
        "MNTN_NM" : "천태산",
        "PAST_SPOT_" : "23040535000090",
        "MNTN_ID" : "2304053500"
      },
      "geometry" : {
        "x" : 254856.22247105744,
        "y" : 395083.51845968142
      }
    },
    {
      "attributes" : {
        "FID" : 90,
        "PMNTN_SPOT" : 83397,
        "MNTN_CODE" : "437403501",
        "MANAGE_SP1" : "10",
        "MANAGE_SP2" : "이정표",
        "DETAIL_SPO" : "이정표",
        "ETC_MATTER" : " ",
        "MNTN_NM" : "천태산",
        "PAST_SPOT_" : "23040535000091",
        "MNTN_ID" : "2304053500"
      },
      "geometry" : {
        "x" : 254854.62731721532,
        "y" : 395056.45263444073
      }
    },
    {
      "attributes" : {
        "FID" : 91,
        "PMNTN_SPOT" : 83398,
        "MNTN_CODE" : "437403501",
        "MANAGE_SP1" : "07",
        "MANAGE_SP2" : "시설물(운동기구 등)",
        "DETAIL_SPO" : "구조목",
        "ETC_MATTER" : "구조목",
        "MNTN_NM" : "천태산",
        "PAST_SPOT_" : "23040535000092",
        "MNTN_ID" : "2304053500"
      },
      "geometry" : {
        "x" : 254857.08405877929,
        "y" : 395050.91500147246
      }
    },
    {
      "attributes" : {
        "FID" : 92,
        "PMNTN_SPOT" : 83399,
        "MNTN_CODE" : "437403501",
        "MANAGE_SP1" : "07",
        "MANAGE_SP2" : "시설물(운동기구 등)",
        "DETAIL_SPO" : "목계단",
        "ETC_MATTER" : "목계단",
        "MNTN_NM" : "천태산",
        "PAST_SPOT_" : "23040535000093",
        "MNTN_ID" : "2304053500"
      },
      "geometry" : {
        "x" : 254836.20301673189,
        "y" : 395030.34084050916
      }
    },
    {
      "attributes" : {
        "FID" : 93,
        "PMNTN_SPOT" : 83400,
        "MNTN_CODE" : "437403501",
        "MANAGE_SP1" : "07",
        "MANAGE_SP2" : "시설물(운동기구 등)",
        "DETAIL_SPO" : "목계단",
        "ETC_MATTER" : "목계단",
        "MNTN_NM" : "천태산",
        "PAST_SPOT_" : "23040535000094",
        "MNTN_ID" : "2304053500"
      },
      "geometry" : {
        "x" : 254823.14645250607,
        "y" : 395005.99112441391
      }
    },
    {
      "attributes" : {
        "FID" : 94,
        "PMNTN_SPOT" : 83401,
        "MNTN_CODE" : "437403501",
        "MANAGE_SP1" : "07",
        "MANAGE_SP2" : "시설물(운동기구 등)",
        "DETAIL_SPO" : "목계단",
        "ETC_MATTER" : "목계단",
        "MNTN_NM" : "천태산",
        "PAST_SPOT_" : "23040535000095",
        "MNTN_ID" : "2304053500"
      },
      "geometry" : {
        "x" : 254817.84385280218,
        "y" : 394991.56777268648
      }
    },
    {
      "attributes" : {
        "FID" : 95,
        "PMNTN_SPOT" : 83402,
        "MNTN_CODE" : "437403501",
        "MANAGE_SP1" : "10",
        "MANAGE_SP2" : "이정표",
        "DETAIL_SPO" : "이정표",
        "ETC_MATTER" : " ",
        "MNTN_NM" : "천태산",
        "PAST_SPOT_" : "23040535000096",
        "MNTN_ID" : "2304053500"
      },
      "geometry" : {
        "x" : 254809.80909517128,
        "y" : 394968.80499896407
      }
    },
    {
      "attributes" : {
        "FID" : 96,
        "PMNTN_SPOT" : 83403,
        "MNTN_CODE" : "437403501",
        "MANAGE_SP1" : "07",
        "MANAGE_SP2" : "시설물(운동기구 등)",
        "DETAIL_SPO" : "목계단",
        "ETC_MATTER" : "목계단",
        "MNTN_NM" : "천태산",
        "PAST_SPOT_" : "23040535000097",
        "MNTN_ID" : "2304053500"
      },
      "geometry" : {
        "x" : 254754.12448499165,
        "y" : 394970.42615098506
      }
    },
    {
      "attributes" : {
        "FID" : 97,
        "PMNTN_SPOT" : 83404,
        "MNTN_CODE" : "437403501",
        "MANAGE_SP1" : "07",
        "MANAGE_SP2" : "시설물(운동기구 등)",
        "DETAIL_SPO" : "목계단",
        "ETC_MATTER" : "목계단",
        "MNTN_NM" : "천태산",
        "PAST_SPOT_" : "23040535000098",
        "MNTN_ID" : "2304053500"
      },
      "geometry" : {
        "x" : 254721.56991520431,
        "y" : 394926.37668445706
      }
    },
    {
      "attributes" : {
        "FID" : 98,
        "PMNTN_SPOT" : 83405,
        "MNTN_CODE" : "437403501",
        "MANAGE_SP1" : "07",
        "MANAGE_SP2" : "시설물(운동기구 등)",
        "DETAIL_SPO" : "목계단",
        "ETC_MATTER" : "목계단",
        "MNTN_NM" : "천태산",
        "PAST_SPOT_" : "23040535000099",
        "MNTN_ID" : "2304053500"
      },
      "geometry" : {
        "x" : 254695.92285530083,
        "y" : 394921.90845512226
      }
    },
    {
      "attributes" : {
        "FID" : 99,
        "PMNTN_SPOT" : 83406,
        "MNTN_CODE" : "437403501",
        "MANAGE_SP1" : "07",
        "MANAGE_SP2" : "시설물(운동기구 등)",
        "DETAIL_SPO" : "목계단",
        "ETC_MATTER" : "목계단",
        "MNTN_NM" : "천태산",
        "PAST_SPOT_" : "23040535000100",
        "MNTN_ID" : "2304053500"
      },
      "geometry" : {
        "x" : 254664.90892498381,
        "y" : 394915.504721554
      }
    },
    {
      "attributes" : {
        "FID" : 100,
        "PMNTN_SPOT" : 83407,
        "MNTN_CODE" : "437403501",
        "MANAGE_SP1" : "07",
        "MANAGE_SP2" : "시설물(운동기구 등)",
        "DETAIL_SPO" : "목계단",
        "ETC_MATTER" : "목계단",
        "MNTN_NM" : "천태산",
        "PAST_SPOT_" : "23040535000101",
        "MNTN_ID" : "2304053500"
      },
      "geometry" : {
        "x" : 254638.39644611347,
        "y" : 394910.68525685556
      }
    },
    {
      "attributes" : {
        "FID" : 101,
        "PMNTN_SPOT" : 83408,
        "MNTN_CODE" : "437403501",
        "MANAGE_SP1" : "14",
        "MANAGE_SP2" : "조망점",
        "DETAIL_SPO" : "조망점",
        "ETC_MATTER" : " ",
        "MNTN_NM" : "천태산",
        "PAST_SPOT_" : "23040535000102",
        "MNTN_ID" : "2304053500"
      },
      "geometry" : {
        "x" : 254570.61490637157,
        "y" : 394937.39393380657
      }
    },
    {
      "attributes" : {
        "FID" : 102,
        "PMNTN_SPOT" : 83409,
        "MNTN_CODE" : "437403501",
        "MANAGE_SP1" : "07",
        "MANAGE_SP2" : "시설물(운동기구 등)",
        "DETAIL_SPO" : "구조목",
        "ETC_MATTER" : "구조목",
        "MNTN_NM" : "천태산",
        "PAST_SPOT_" : "23040535000103",
        "MNTN_ID" : "2304053500"
      },
      "geometry" : {
        "x" : 254567.99276223499,
        "y" : 394941.36960202828
      }
    },
    {
      "attributes" : {
        "FID" : 103,
        "PMNTN_SPOT" : 83410,
        "MNTN_CODE" : "437403501",
        "MANAGE_SP1" : "07",
        "MANAGE_SP2" : "시설물(운동기구 등)",
        "DETAIL_SPO" : "안내판",
        "ETC_MATTER" : "구조목, 전망석(안내판)",
        "MNTN_NM" : "천태산",
        "PAST_SPOT_" : "23040535000104",
        "MNTN_ID" : "2304053500"
      },
      "geometry" : {
        "x" : 254568.65081755165,
        "y" : 394948.31092934683
      }
    },
    {
      "attributes" : {
        "FID" : 104,
        "PMNTN_SPOT" : 83411,
        "MNTN_CODE" : "437403501",
        "MANAGE_SP1" : "07",
        "MANAGE_SP2" : "시설물(운동기구 등)",
        "DETAIL_SPO" : "안전로프",
        "ETC_MATTER" : "안전로프",
        "MNTN_NM" : "천태산",
        "PAST_SPOT_" : "23040535000105",
        "MNTN_ID" : "2304053500"
      },
      "geometry" : {
        "x" : 254548.00827814359,
        "y" : 395049.8441599533
      }
    },
    {
      "attributes" : {
        "FID" : 105,
        "PMNTN_SPOT" : 83412,
        "MNTN_CODE" : "437403501",
        "MANAGE_SP1" : "07",
        "MANAGE_SP2" : "시설물(운동기구 등)",
        "DETAIL_SPO" : "구조목, 안전로프",
        "ETC_MATTER" : "구조목, 안전로프",
        "MNTN_NM" : "천태산",
        "PAST_SPOT_" : "23040535000106",
        "MNTN_ID" : "2304053500"
      },
      "geometry" : {
        "x" : 254511.97661197837,
        "y" : 395108.4568814151
      }
    },
    {
      "attributes" : {
        "FID" : 106,
        "PMNTN_SPOT" : 83413,
        "MNTN_CODE" : "437403501",
        "MANAGE_SP1" : "14",
        "MANAGE_SP2" : "조망점",
        "DETAIL_SPO" : "조망점",
        "ETC_MATTER" : " ",
        "MNTN_NM" : "천태산",
        "PAST_SPOT_" : "23040535000107",
        "MNTN_ID" : "2304053500"
      },
      "geometry" : {
        "x" : 254515.10216216557,
        "y" : 395107.77920180373
      }
    },
    {
      "attributes" : {
        "FID" : 107,
        "PMNTN_SPOT" : 83414,
        "MNTN_CODE" : "437403501",
        "MANAGE_SP1" : "14",
        "MANAGE_SP2" : "조망점",
        "DETAIL_SPO" : "조망점",
        "ETC_MATTER" : " ",
        "MNTN_NM" : "천태산",
        "PAST_SPOT_" : "23040535000108",
        "MNTN_ID" : "2304053500"
      },
      "geometry" : {
        "x" : 254514.71954025328,
        "y" : 395114.71513278969
      }
    },
    {
      "attributes" : {
        "FID" : 108,
        "PMNTN_SPOT" : 83415,
        "MNTN_CODE" : "437403501",
        "MANAGE_SP1" : "07",
        "MANAGE_SP2" : "시설물(운동기구 등)",
        "DETAIL_SPO" : "구조목",
        "ETC_MATTER" : "구조목, 안전로프",
        "MNTN_NM" : "천태산",
        "PAST_SPOT_" : "23040535000109",
        "MNTN_ID" : "2304053500"
      },
      "geometry" : {
        "x" : 254515.03694560472,
        "y" : 395120.44041386992
      }
    },
    {
      "attributes" : {
        "FID" : 109,
        "PMNTN_SPOT" : 83416,
        "MNTN_CODE" : "437403501",
        "MANAGE_SP1" : "10",
        "MANAGE_SP2" : "이정표",
        "DETAIL_SPO" : "이정표, 위험지역",
        "ETC_MATTER" : "이정표, 위험지역",
        "MNTN_NM" : "천태산",
        "PAST_SPOT_" : "23040535000110",
        "MNTN_ID" : "2304053500"
      },
      "geometry" : {
        "x" : 254427.04670863878,
        "y" : 395433.92512712255
      }
    },
    {
      "attributes" : {
        "FID" : 110,
        "PMNTN_SPOT" : 83417,
        "MNTN_CODE" : "437403501",
        "MANAGE_SP1" : "14",
        "MANAGE_SP2" : "조망점",
        "DETAIL_SPO" : "조망점",
        "ETC_MATTER" : " ",
        "MNTN_NM" : "천태산",
        "PAST_SPOT_" : "23040535000111",
        "MNTN_ID" : "2304053500"
      },
      "geometry" : {
        "x" : 254441.12315784674,
        "y" : 395428.620828785
      }
    },
    {
      "attributes" : {
        "FID" : 111,
        "PMNTN_SPOT" : 83418,
        "MNTN_CODE" : "437403501",
        "MANAGE_SP1" : "10",
        "MANAGE_SP2" : "이정표",
        "DETAIL_SPO" : "폐쇄 등산로 정보",
        "ETC_MATTER" : "폐쇄 등산로 정보",
        "MNTN_NM" : "천태산",
        "PAST_SPOT_" : "23040535000112",
        "MNTN_ID" : "2304053500"
      },
      "geometry" : {
        "x" : 254400.34744506795,
        "y" : 395431.70637519471
      }
    },
    {
      "attributes" : {
        "FID" : 112,
        "PMNTN_SPOT" : 83419,
        "MNTN_CODE" : "437403501",
        "MANAGE_SP1" : "07",
        "MANAGE_SP2" : "시설물(운동기구 등)",
        "DETAIL_SPO" : "구조목",
        "ETC_MATTER" : "구조목",
        "MNTN_NM" : "천태산",
        "PAST_SPOT_" : "23040535000113",
        "MNTN_ID" : "2304053500"
      },
      "geometry" : {
        "x" : 254404.17210177332,
        "y" : 395429.99153841287
      }
    },
    {
      "attributes" : {
        "FID" : 113,
        "PMNTN_SPOT" : 83420,
        "MNTN_CODE" : "437403501",
        "MANAGE_SP1" : "07",
        "MANAGE_SP2" : "시설물(운동기구 등)",
        "DETAIL_SPO" : "구조목",
        "ETC_MATTER" : "목계단",
        "MNTN_NM" : "천태산",
        "PAST_SPOT_" : "23040535000114",
        "MNTN_ID" : "2304053500"
      },
      "geometry" : {
        "x" : 254386.93795076571,
        "y" : 395442.21755616181
      }
    },
    {
      "attributes" : {
        "FID" : 114,
        "PMNTN_SPOT" : 83421,
        "MNTN_CODE" : "437403501",
        "MANAGE_SP1" : "07",
        "MANAGE_SP2" : "시설물(운동기구 등)",
        "DETAIL_SPO" : "헬기장",
        "ETC_MATTER" : "헬기장",
        "MNTN_NM" : "천태산",
        "PAST_SPOT_" : "23040535000115",
        "MNTN_ID" : "2304053500"
      },
      "geometry" : {
        "x" : 254311.71914005,
        "y" : 395498.54715773277
      }
    },
    {
      "attributes" : {
        "FID" : 115,
        "PMNTN_SPOT" : 83422,
        "MNTN_CODE" : "437403501",
        "MANAGE_SP1" : "07",
        "MANAGE_SP2" : "시설물(운동기구 등)",
        "DETAIL_SPO" : "안전로프",
        "ETC_MATTER" : "안전로프",
        "MNTN_NM" : "천태산",
        "PAST_SPOT_" : "23040535000116",
        "MNTN_ID" : "2304053500"
      },
      "geometry" : {
        "x" : 254219.16372906137,
        "y" : 395620.69705801643
      }
    },
    {
      "attributes" : {
        "FID" : 116,
        "PMNTN_SPOT" : 83423,
        "MNTN_CODE" : "437403501",
        "MANAGE_SP1" : "07",
        "MANAGE_SP2" : "시설물(운동기구 등)",
        "DETAIL_SPO" : "안전로프",
        "ETC_MATTER" : "안전로프",
        "MNTN_NM" : "천태산",
        "PAST_SPOT_" : "23040535000117",
        "MNTN_ID" : "2304053500"
      },
      "geometry" : {
        "x" : 254216.00337847974,
        "y" : 395628.13899870776
      }
    },
    {
      "attributes" : {
        "FID" : 117,
        "PMNTN_SPOT" : 83424,
        "MNTN_CODE" : "437403501",
        "MANAGE_SP1" : "07",
        "MANAGE_SP2" : "시설물(운동기구 등)",
        "DETAIL_SPO" : "구조목",
        "ETC_MATTER" : "구조목",
        "MNTN_NM" : "천태산",
        "PAST_SPOT_" : "23040535000118",
        "MNTN_ID" : "2304053500"
      },
      "geometry" : {
        "x" : 254193.83056566585,
        "y" : 395622.64799949341
      }
    },
    {
      "attributes" : {
        "FID" : 118,
        "PMNTN_SPOT" : 83425,
        "MNTN_CODE" : "437403501",
        "MANAGE_SP1" : "15",
        "MANAGE_SP2" : "훼손지",
        "DETAIL_SPO" : "훼손지",
        "ETC_MATTER" : " ",
        "MNTN_NM" : "천태산",
        "PAST_SPOT_" : "23040535000119",
        "MNTN_ID" : "2304053500"
      },
      "geometry" : {
        "x" : 254142.71812761016,
        "y" : 395645.80008488521
      }
    },
    {
      "attributes" : {
        "FID" : 119,
        "PMNTN_SPOT" : 83426,
        "MNTN_CODE" : "437403501",
        "MANAGE_SP1" : "10",
        "MANAGE_SP2" : "이정표",
        "DETAIL_SPO" : "이정표",
        "ETC_MATTER" : " ",
        "MNTN_NM" : "천태산",
        "PAST_SPOT_" : "23040535000120",
        "MNTN_ID" : "2304053500"
      },
      "geometry" : {
        "x" : 254140.01637493912,
        "y" : 395799.97978273965
      }
    },
    {
      "attributes" : {
        "FID" : 120,
        "PMNTN_SPOT" : 83427,
        "MNTN_CODE" : "437403501",
        "MANAGE_SP1" : "15",
        "MANAGE_SP2" : "훼손지",
        "DETAIL_SPO" : "훼손지",
        "ETC_MATTER" : " ",
        "MNTN_NM" : "천태산",
        "PAST_SPOT_" : "23040535000121",
        "MNTN_ID" : "2304053500"
      },
      "geometry" : {
        "x" : 254145.83906116895,
        "y" : 395780.75722305104
      }
    },
    {
      "attributes" : {
        "FID" : 121,
        "PMNTN_SPOT" : 83428,
        "MNTN_CODE" : "437403501",
        "MANAGE_SP1" : "99",
        "MANAGE_SP2" : "기타",
        "DETAIL_SPO" : "폐쇄 등산로",
        "ETC_MATTER" : "폐쇄 등산로",
        "MNTN_NM" : "천태산",
        "PAST_SPOT_" : "23040535000122",
        "MNTN_ID" : "2304053500"
      },
      "geometry" : {
        "x" : 254151.33529245481,
        "y" : 395787.04041142017
      }
    },
    {
      "attributes" : {
        "FID" : 122,
        "PMNTN_SPOT" : 83429,
        "MNTN_CODE" : "437403501",
        "MANAGE_SP1" : "10",
        "MANAGE_SP2" : "이정표",
        "DETAIL_SPO" : "이정표",
        "ETC_MATTER" : " ",
        "MNTN_NM" : "천태산",
        "PAST_SPOT_" : "23040535000123",
        "MNTN_ID" : "2304053500"
      },
      "geometry" : {
        "x" : 253999.9022500962,
        "y" : 395880.39859924093
      }
    },
    {
      "attributes" : {
        "FID" : 123,
        "PMNTN_SPOT" : 83430,
        "MNTN_CODE" : "437403501",
        "MANAGE_SP1" : "23",
        "MANAGE_SP2" : "정상",
        "DETAIL_SPO" : "정상석",
        "ETC_MATTER" : "정상석",
        "MNTN_NM" : "천태산",
        "PAST_SPOT_" : "23040535000124",
        "MNTN_ID" : "2304053500"
      },
      "geometry" : {
        "x" : 253987.95976448804,
        "y" : 395875.48060178943
      }
    },
    {
      "attributes" : {
        "FID" : 124,
        "PMNTN_SPOT" : 83431,
        "MNTN_CODE" : "437403501",
        "MANAGE_SP1" : "23",
        "MANAGE_SP2" : "정상",
        "DETAIL_SPO" : "정상석",
        "ETC_MATTER" : "정상석",
        "MNTN_NM" : "천태산",
        "PAST_SPOT_" : "23040535000125",
        "MNTN_ID" : "2304053500"
      },
      "geometry" : {
        "x" : 253975.58730829787,
        "y" : 395869.86668189988
      }
    },
    {
      "attributes" : {
        "FID" : 125,
        "PMNTN_SPOT" : 83432,
        "MNTN_CODE" : "437403501",
        "MANAGE_SP1" : "07",
        "MANAGE_SP2" : "시설물(운동기구 등)",
        "DETAIL_SPO" : "구조목",
        "ETC_MATTER" : "구조목",
        "MNTN_NM" : "천태산",
        "PAST_SPOT_" : "23040535000126",
        "MNTN_ID" : "2304053500"
      },
      "geometry" : {
        "x" : 254192.85334898345,
        "y" : 395622.94651643932
      }
    },
    {
      "attributes" : {
        "FID" : 126,
        "PMNTN_SPOT" : 83433,
        "MNTN_CODE" : "437403501",
        "MANAGE_SP1" : "01",
        "MANAGE_SP2" : "시종점",
        "DETAIL_SPO" : "시종점",
        "ETC_MATTER" : " ",
        "MNTN_NM" : "천태산",
        "PAST_SPOT_" : "23040535000127",
        "MNTN_ID" : "2304053500"
      },
      "geometry" : {
        "x" : 254369.11799660884,
        "y" : 396009.07000399567
      }
    }
  ]
}