{
  "displayFieldName" : "",
  "fieldAliases" : {
    "FID" : "FID",
    "PMNTN_SPOT" : "PMNTN_SPOT",
    "MNTN_CODE" : "MNTN_CODE",
    "MANAGE_SP1" : "MANAGE_SP1",
    "MANAGE_SP2" : "MANAGE_SP2",
    "DETAIL_SPO" : "DETAIL_SPO",
    "ETC_MATTER" : "ETC_MATTER",
    "MNTN_NM" : "MNTN_NM",
    "PAST_SPOT_" : "PAST_SPOT_",
    "MNTN_ID" : "MNTN_ID"
  },
  "geometryType" : "esriGeometryPoint",
  "spatialReference" : {
    "wkt" : "PROJCS[\"PCS_ITRF2000_TM\",GEOGCS[\"GCS_ITRF_2000\",DATUM[\"D_ITRF_2000\",SPHEROID[\"GRS_1980\",6378137.0,298.257222101]],PRIMEM[\"Greenwich\",0.0],UNIT[\"Degree\",0.0174532925199433]],PROJECTION[\"Transverse_Mercator\"],PARAMETER[\"False_Easting\",200000.0],PARAMETER[\"False_Northing\",600000.0],PARAMETER[\"Central_Meridian\",127.0],PARAMETER[\"Scale_Factor\",1.0],PARAMETER[\"Latitude_Of_Origin\",38.0],UNIT[\"Meter\",1.0]]"
  },
  "fields" : [
    {
      "name" : "FID",
      "type" : "esriFieldTypeOID",
      "alias" : "FID"
    },
    {
      "name" : "PMNTN_SPOT",
      "type" : "esriFieldTypeDouble",
      "alias" : "PMNTN_SPOT"
    },
    {
      "name" : "MNTN_CODE",
      "type" : "esriFieldTypeString",
      "alias" : "MNTN_CODE",
      "length" : 9
    },
    {
      "name" : "MANAGE_SP1",
      "type" : "esriFieldTypeString",
      "alias" : "MANAGE_SP1",
      "length" : 2
    },
    {
      "name" : "MANAGE_SP2",
      "type" : "esriFieldTypeString",
      "alias" : "MANAGE_SP2",
      "length" : 50
    },
    {
      "name" : "DETAIL_SPO",
      "type" : "esriFieldTypeString",
      "alias" : "DETAIL_SPO",
      "length" : 200
    },
    {
      "name" : "ETC_MATTER",
      "type" : "esriFieldTypeString",
      "alias" : "ETC_MATTER",
      "length" : 200
    },
    {
      "name" : "MNTN_NM",
      "type" : "esriFieldTypeString",
      "alias" : "MNTN_NM",
      "length" : 50
    },
    {
      "name" : "PAST_SPOT_",
      "type" : "esriFieldTypeString",
      "alias" : "PAST_SPOT_",
      "length" : 14
    },
    {
      "name" : "MNTN_ID",
      "type" : "esriFieldTypeString",
      "alias" : "MNTN_ID",
      "length" : 10
    }
  ],
  "features" : [
    {
      "attributes" : {
        "FID" : 0,
        "PMNTN_SPOT" : 41164,
        "MNTN_CODE" : "482400901",
        "MANAGE_SP1" : "01",
        "MANAGE_SP2" : "시종점",
        "DETAIL_SPO" : "시종점",
        "ETC_MATTER" : " ",
        "MNTN_NM" : "봉명산",
        "PAST_SPOT_" : "4824009010001",
        "MNTN_ID" : "482400901"
      },
      "geometry" : {
        "x" : 282630.87920000125,
        "y" : 277146.21070000343
      }
    },
    {
      "attributes" : {
        "FID" : 1,
        "PMNTN_SPOT" : 41165,
        "MNTN_CODE" : "482400901",
        "MANAGE_SP1" : "02",
        "MANAGE_SP2" : "분기점",
        "DETAIL_SPO" : "분기점",
        "ETC_MATTER" : " ",
        "MNTN_NM" : "봉명산",
        "PAST_SPOT_" : "4824009010002",
        "MNTN_ID" : "482400901"
      },
      "geometry" : {
        "x" : 282871.22100000083,
        "y" : 277330.33550000004
      }
    },
    {
      "attributes" : {
        "FID" : 2,
        "PMNTN_SPOT" : 41166,
        "MNTN_CODE" : "482400901",
        "MANAGE_SP1" : "02",
        "MANAGE_SP2" : "분기점",
        "DETAIL_SPO" : "분기점",
        "ETC_MATTER" : " ",
        "MNTN_NM" : "봉명산",
        "PAST_SPOT_" : "4824009010003",
        "MNTN_ID" : "482400901"
      },
      "geometry" : {
        "x" : 283068.52799999993,
        "y" : 277309.33090000041
      }
    },
    {
      "attributes" : {
        "FID" : 3,
        "PMNTN_SPOT" : 41167,
        "MNTN_CODE" : "482400901",
        "MANAGE_SP1" : "02",
        "MANAGE_SP2" : "분기점",
        "DETAIL_SPO" : "분기점",
        "ETC_MATTER" : " ",
        "MNTN_NM" : "봉명산",
        "PAST_SPOT_" : "4824009010004",
        "MNTN_ID" : "482400901"
      },
      "geometry" : {
        "x" : 283550.31810000073,
        "y" : 276691.52160000056
      }
    },
    {
      "attributes" : {
        "FID" : 4,
        "PMNTN_SPOT" : 41168,
        "MNTN_CODE" : "482400901",
        "MANAGE_SP1" : "02",
        "MANAGE_SP2" : "분기점",
        "DETAIL_SPO" : "분기점",
        "ETC_MATTER" : " ",
        "MNTN_NM" : "봉명산",
        "PAST_SPOT_" : "4824009010005",
        "MNTN_ID" : "482400901"
      },
      "geometry" : {
        "x" : 283578.35919999983,
        "y" : 276657.87220000103
      }
    },
    {
      "attributes" : {
        "FID" : 5,
        "PMNTN_SPOT" : 41169,
        "MNTN_CODE" : "482400901",
        "MANAGE_SP1" : "02",
        "MANAGE_SP2" : "분기점",
        "DETAIL_SPO" : "분기점",
        "ETC_MATTER" : " ",
        "MNTN_NM" : "봉명산",
        "PAST_SPOT_" : "4824009010006",
        "MNTN_ID" : "482400901"
      },
      "geometry" : {
        "x" : 283810.1659000013,
        "y" : 276618.61470000446
      }
    },
    {
      "attributes" : {
        "FID" : 6,
        "PMNTN_SPOT" : 41170,
        "MNTN_CODE" : "482400901",
        "MANAGE_SP1" : "01",
        "MANAGE_SP2" : "시종점",
        "DETAIL_SPO" : "시종점",
        "ETC_MATTER" : " ",
        "MNTN_NM" : "봉명산",
        "PAST_SPOT_" : "4824009010007",
        "MNTN_ID" : "482400901"
      },
      "geometry" : {
        "x" : 284516.17920000385,
        "y" : 276745.73440000229
      }
    },
    {
      "attributes" : {
        "FID" : 7,
        "PMNTN_SPOT" : 41171,
        "MNTN_CODE" : "482400901",
        "MANAGE_SP1" : "11",
        "MANAGE_SP2" : "안내판또는지도",
        "DETAIL_SPO" : "119조난표찰",
        "ETC_MATTER" : " ",
        "MNTN_NM" : "봉명산",
        "PAST_SPOT_" : "4824009010008",
        "MNTN_ID" : "482400901"
      },
      "geometry" : {
        "x" : 283723.72470000107,
        "y" : 276473.02630000003
      }
    },
    {
      "attributes" : {
        "FID" : 8,
        "PMNTN_SPOT" : 41172,
        "MNTN_CODE" : "482400901",
        "MANAGE_SP1" : "11",
        "MANAGE_SP2" : "안내판또는지도",
        "DETAIL_SPO" : "종합안내도",
        "ETC_MATTER" : " ",
        "MNTN_NM" : "봉명산",
        "PAST_SPOT_" : "4824009010009",
        "MNTN_ID" : "482400901"
      },
      "geometry" : {
        "x" : 283811.85300000291,
        "y" : 276608.62689999864
      }
    },
    {
      "attributes" : {
        "FID" : 9,
        "PMNTN_SPOT" : 41173,
        "MNTN_CODE" : "482400901",
        "MANAGE_SP1" : "04",
        "MANAGE_SP2" : "화장실",
        "DETAIL_SPO" : "화장실",
        "ETC_MATTER" : " ",
        "MNTN_NM" : "봉명산",
        "PAST_SPOT_" : "4824009010010",
        "MNTN_ID" : "482400901"
      },
      "geometry" : {
        "x" : 283913.44760000333,
        "y" : 276639.58749999851
      }
    },
    {
      "attributes" : {
        "FID" : 10,
        "PMNTN_SPOT" : 41174,
        "MNTN_CODE" : "482400901",
        "MANAGE_SP1" : "99",
        "MANAGE_SP2" : "기타",
        "DETAIL_SPO" : "쉼터",
        "ETC_MATTER" : " ",
        "MNTN_NM" : "봉명산",
        "PAST_SPOT_" : "4824009010011",
        "MNTN_ID" : "482400901"
      },
      "geometry" : {
        "x" : 283575.85810000077,
        "y" : 276656.55440000445
      }
    },
    {
      "attributes" : {
        "FID" : 11,
        "PMNTN_SPOT" : 41175,
        "MNTN_CODE" : "482400901",
        "MANAGE_SP1" : "11",
        "MANAGE_SP2" : "안내판또는지도",
        "DETAIL_SPO" : "이정표,갈림길",
        "ETC_MATTER" : " ",
        "MNTN_NM" : "봉명산",
        "PAST_SPOT_" : "4824009010012",
        "MNTN_ID" : "482400901"
      },
      "geometry" : {
        "x" : 283567.30650000367,
        "y" : 276661.12500000186
      }
    },
    {
      "attributes" : {
        "FID" : 12,
        "PMNTN_SPOT" : 41176,
        "MNTN_CODE" : "482400901",
        "MANAGE_SP1" : "11",
        "MANAGE_SP2" : "안내판또는지도",
        "DETAIL_SPO" : "사천시 관광안내도",
        "ETC_MATTER" : " ",
        "MNTN_NM" : "봉명산",
        "PAST_SPOT_" : "4824009010013",
        "MNTN_ID" : "482400901"
      },
      "geometry" : {
        "x" : 283973.91210000124,
        "y" : 276727.3235000018
      }
    },
    {
      "attributes" : {
        "FID" : 13,
        "PMNTN_SPOT" : 41177,
        "MNTN_CODE" : "482400901",
        "MANAGE_SP1" : "11",
        "MANAGE_SP2" : "안내판또는지도",
        "DETAIL_SPO" : "등산안내도",
        "ETC_MATTER" : " ",
        "MNTN_NM" : "봉명산",
        "PAST_SPOT_" : "4824009010014",
        "MNTN_ID" : "482400901"
      },
      "geometry" : {
        "x" : 284517.25389999896,
        "y" : 276741.9934000019
      }
    },
    {
      "attributes" : {
        "FID" : 14,
        "PMNTN_SPOT" : 41178,
        "MNTN_CODE" : "482400901",
        "MANAGE_SP1" : "14",
        "MANAGE_SP2" : "조망점",
        "DETAIL_SPO" : "전망대",
        "ETC_MATTER" : " ",
        "MNTN_NM" : "봉명산",
        "PAST_SPOT_" : "4824009010015",
        "MNTN_ID" : "482400901"
      },
      "geometry" : {
        "x" : 283451.31640000083,
        "y" : 276984.61950000189
      }
    },
    {
      "attributes" : {
        "FID" : 15,
        "PMNTN_SPOT" : 41179,
        "MNTN_CODE" : "482400901",
        "MANAGE_SP1" : "23",
        "MANAGE_SP2" : "정상",
        "DETAIL_SPO" : "정상(408m)",
        "ETC_MATTER" : " ",
        "MNTN_NM" : "봉명산",
        "PAST_SPOT_" : "4824009010016",
        "MNTN_ID" : "482400901"
      },
      "geometry" : {
        "x" : 283442.50450000353,
        "y" : 277016.62730000168
      }
    },
    {
      "attributes" : {
        "FID" : 16,
        "PMNTN_SPOT" : 41180,
        "MNTN_CODE" : "482400901",
        "MANAGE_SP1" : "99",
        "MANAGE_SP2" : "기타",
        "DETAIL_SPO" : "보안암",
        "ETC_MATTER" : " ",
        "MNTN_NM" : "봉명산",
        "PAST_SPOT_" : "4824009010017",
        "MNTN_ID" : "482400901"
      },
      "geometry" : {
        "x" : 282642.27900000196,
        "y" : 277129.19360000081
      }
    },
    {
      "attributes" : {
        "FID" : 17,
        "PMNTN_SPOT" : 41181,
        "MNTN_CODE" : "482400901",
        "MANAGE_SP1" : "99",
        "MANAGE_SP2" : "기타",
        "DETAIL_SPO" : "보안암 석굴",
        "ETC_MATTER" : " ",
        "MNTN_NM" : "봉명산",
        "PAST_SPOT_" : "4824009010018",
        "MNTN_ID" : "482400901"
      },
      "geometry" : {
        "x" : 282632.75110000093,
        "y" : 277142.95450000279
      }
    },
    {
      "attributes" : {
        "FID" : 18,
        "PMNTN_SPOT" : 41182,
        "MNTN_CODE" : "482400901",
        "MANAGE_SP1" : "11",
        "MANAGE_SP2" : "안내판또는지도",
        "DETAIL_SPO" : "이정표,갈림길",
        "ETC_MATTER" : " ",
        "MNTN_NM" : "봉명산",
        "PAST_SPOT_" : "4824009010019",
        "MNTN_ID" : "482400901"
      },
      "geometry" : {
        "x" : 283065.86080000084,
        "y" : 277306.2183999978
      }
    },
    {
      "attributes" : {
        "FID" : 19,
        "PMNTN_SPOT" : 41183,
        "MNTN_CODE" : "482400901",
        "MANAGE_SP1" : "11",
        "MANAGE_SP2" : "안내판또는지도",
        "DETAIL_SPO" : "종합안내도",
        "ETC_MATTER" : " ",
        "MNTN_NM" : "봉명산",
        "PAST_SPOT_" : "4824009010020",
        "MNTN_ID" : "482400901"
      },
      "geometry" : {
        "x" : 283062.98859999888,
        "y" : 277307.14640000463
      }
    },
    {
      "attributes" : {
        "FID" : 20,
        "PMNTN_SPOT" : 41184,
        "MNTN_CODE" : "482400901",
        "MANAGE_SP1" : "11",
        "MANAGE_SP2" : "안내판또는지도",
        "DETAIL_SPO" : "이정표,갈림길",
        "ETC_MATTER" : " ",
        "MNTN_NM" : "봉명산",
        "PAST_SPOT_" : "4824009010021",
        "MNTN_ID" : "482400901"
      },
      "geometry" : {
        "x" : 282860.84260000009,
        "y" : 277329.03759999946
      }
    },
    {
      "attributes" : {
        "FID" : 21,
        "PMNTN_SPOT" : 41185,
        "MNTN_CODE" : "482400901",
        "MANAGE_SP1" : "22",
        "MANAGE_SP2" : "헬기장",
        "DETAIL_SPO" : "헬기장",
        "ETC_MATTER" : " ",
        "MNTN_NM" : "봉명산",
        "PAST_SPOT_" : "4824009010022",
        "MNTN_ID" : "482400901"
      },
      "geometry" : {
        "x" : 283209.23309999797,
        "y" : 277341.7135000024
      }
    },
    {
      "attributes" : {
        "FID" : 22,
        "PMNTN_SPOT" : 41186,
        "MNTN_CODE" : "482400901",
        "MANAGE_SP1" : "06",
        "MANAGE_SP2" : "음수대",
        "DETAIL_SPO" : "약수터",
        "ETC_MATTER" : " ",
        "MNTN_NM" : "봉명산",
        "PAST_SPOT_" : "4824009010023",
        "MNTN_ID" : "482400901"
      },
      "geometry" : {
        "x" : 283002.88630000409,
        "y" : 277432.24510000274
      }
    },
    {
      "attributes" : {
        "FID" : 23,
        "PMNTN_SPOT" : 41187,
        "MNTN_CODE" : "482400901",
        "MANAGE_SP1" : "01",
        "MANAGE_SP2" : "시종점",
        "DETAIL_SPO" : "시종점",
        "ETC_MATTER" : " ",
        "MNTN_NM" : "봉명산",
        "PAST_SPOT_" : "4824009010024",
        "MNTN_ID" : "482400901"
      },
      "geometry" : {
        "x" : 283078.66516172979,
        "y" : 278071.78727514669
      }
    },
    {
      "attributes" : {
        "FID" : 24,
        "PMNTN_SPOT" : 41188,
        "MNTN_CODE" : "482400901",
        "MANAGE_SP1" : "01",
        "MANAGE_SP2" : "시종점",
        "DETAIL_SPO" : "시종점",
        "ETC_MATTER" : " ",
        "MNTN_NM" : "봉명산",
        "PAST_SPOT_" : "4824009010025",
        "MNTN_ID" : "482400901"
      },
      "geometry" : {
        "x" : 283420.84220085852,
        "y" : 277961.50673320889
      }
    },
    {
      "attributes" : {
        "FID" : 25,
        "PMNTN_SPOT" : 41189,
        "MNTN_CODE" : "482400901",
        "MANAGE_SP1" : "02",
        "MANAGE_SP2" : "분기점",
        "DETAIL_SPO" : "분기점",
        "ETC_MATTER" : " ",
        "MNTN_NM" : "봉명산",
        "PAST_SPOT_" : "4824009010026",
        "MNTN_ID" : "482400901"
      },
      "geometry" : {
        "x" : 283019.5582000101,
        "y" : 277441.73070000112
      }
    },
    {
      "attributes" : {
        "FID" : 26,
        "PMNTN_SPOT" : 41190,
        "MNTN_CODE" : "482400901",
        "MANAGE_SP1" : "02",
        "MANAGE_SP2" : "분기점",
        "DETAIL_SPO" : "분기점",
        "ETC_MATTER" : " ",
        "MNTN_NM" : "봉명산",
        "PAST_SPOT_" : "4824009010027",
        "MNTN_ID" : "482400901"
      },
      "geometry" : {
        "x" : 282671.42170001008,
        "y" : 277223.46070000157
      }
    },
    {
      "attributes" : {
        "FID" : 27,
        "PMNTN_SPOT" : 41191,
        "MNTN_CODE" : "482400901",
        "MANAGE_SP1" : "02",
        "MANAGE_SP2" : "분기점",
        "DETAIL_SPO" : "분기점",
        "ETC_MATTER" : " ",
        "MNTN_NM" : "봉명산",
        "PAST_SPOT_" : "4824009010028",
        "MNTN_ID" : "482400901"
      },
      "geometry" : {
        "x" : 282856.05813438166,
        "y" : 277919.8804005906
      }
    },
    {
      "attributes" : {
        "FID" : 28,
        "PMNTN_SPOT" : 41192,
        "MNTN_CODE" : "482400901",
        "MANAGE_SP1" : "02",
        "MANAGE_SP2" : "분기점",
        "DETAIL_SPO" : "분기점",
        "ETC_MATTER" : " ",
        "MNTN_NM" : "봉명산",
        "PAST_SPOT_" : "4824009010029",
        "MNTN_ID" : "482400901"
      },
      "geometry" : {
        "x" : 282817.57074604463,
        "y" : 278004.35509336554
      }
    }
  ]
}