{
  "displayFieldName" : "",
  "fieldAliases" : {
    "FID" : "FID",
    "PMNTN_SN" : "PMNTN_SN",
    "MNTN_CODE" : "MNTN_CODE",
    "MNTN_NM" : "MNTN_NM",
    "PMNTN_NM" : "PMNTN_NM",
    "PMNTN_MAIN" : "PMNTN_MAIN",
    "PMNTN_LT" : "PMNTN_LT",
    "PMNTN_DFFL" : "PMNTN_DFFL",
    "PMNTN_UPPL" : "PMNTN_UPPL",
    "PMNTN_GODN" : "PMNTN_GODN",
    "PMNTN_MTRQ" : "PMNTN_MTRQ",
    "PMNTN_CNRL" : "PMNTN_CNRL",
    "PMNTN_CLS_" : "PMNTN_CLS_",
    "PMNTN_RISK" : "PMNTN_RISK",
    "PMNTN_RECO" : "PMNTN_RECO",
    "DATA_STDR_" : "DATA_STDR_",
    "MNTN_ID" : "MNTN_ID"
  },
  "geometryType" : "esriGeometryPolyline",
  "spatialReference" : {
    "wkt" : "PROJCS[\"PCS_ITRF2000_TM\",GEOGCS[\"GCS_ITRF_2000\",DATUM[\"D_ITRF_2000\",SPHEROID[\"GRS_1980\",6378137.0,298.257222101]],PRIMEM[\"Greenwich\",0.0],UNIT[\"Degree\",0.0174532925199433]],PROJECTION[\"Transverse_Mercator\"],PARAMETER[\"False_Easting\",200000.0],PARAMETER[\"False_Northing\",600000.0],PARAMETER[\"Central_Meridian\",127.0],PARAMETER[\"Scale_Factor\",1.0],PARAMETER[\"Latitude_Of_Origin\",38.0],UNIT[\"Meter\",1.0]]"
  },
  "fields" : [
    {
      "name" : "FID",
      "type" : "esriFieldTypeOID",
      "alias" : "FID"
    },
    {
      "name" : "PMNTN_SN",
      "type" : "esriFieldTypeDouble",
      "alias" : "PMNTN_SN"
    },
    {
      "name" : "MNTN_CODE",
      "type" : "esriFieldTypeString",
      "alias" : "MNTN_CODE",
      "length" : 9
    },
    {
      "name" : "MNTN_NM",
      "type" : "esriFieldTypeString",
      "alias" : "MNTN_NM",
      "length" : 50
    },
    {
      "name" : "PMNTN_NM",
      "type" : "esriFieldTypeString",
      "alias" : "PMNTN_NM",
      "length" : 50
    },
    {
      "name" : "PMNTN_MAIN",
      "type" : "esriFieldTypeString",
      "alias" : "PMNTN_MAIN",
      "length" : 200
    },
    {
      "name" : "PMNTN_LT",
      "type" : "esriFieldTypeSingle",
      "alias" : "PMNTN_LT"
    },
    {
      "name" : "PMNTN_DFFL",
      "type" : "esriFieldTypeString",
      "alias" : "PMNTN_DFFL",
      "length" : 8
    },
    {
      "name" : "PMNTN_UPPL",
      "type" : "esriFieldTypeDouble",
      "alias" : "PMNTN_UPPL"
    },
    {
      "name" : "PMNTN_GODN",
      "type" : "esriFieldTypeDouble",
      "alias" : "PMNTN_GODN"
    },
    {
      "name" : "PMNTN_MTRQ",
      "type" : "esriFieldTypeString",
      "alias" : "PMNTN_MTRQ",
      "length" : 200
    },
    {
      "name" : "PMNTN_CNRL",
      "type" : "esriFieldTypeString",
      "alias" : "PMNTN_CNRL",
      "length" : 1
    },
    {
      "name" : "PMNTN_CLS_",
      "type" : "esriFieldTypeString",
      "alias" : "PMNTN_CLS_",
      "length" : 1
    },
    {
      "name" : "PMNTN_RISK",
      "type" : "esriFieldTypeString",
      "alias" : "PMNTN_RISK",
      "length" : 200
    },
    {
      "name" : "PMNTN_RECO",
      "type" : "esriFieldTypeString",
      "alias" : "PMNTN_RECO",
      "length" : 1
    },
    {
      "name" : "DATA_STDR_",
      "type" : "esriFieldTypeString",
      "alias" : "DATA_STDR_",
      "length" : 10
    },
    {
      "name" : "MNTN_ID",
      "type" : "esriFieldTypeString",
      "alias" : "MNTN_ID",
      "length" : 10
    }
  ],
  "features" : [
    {
      "attributes" : {
        "FID" : 0,
        "PMNTN_SN" : 10498,
        "MNTN_CODE" : "491302104",
        "MNTN_NM" : "다래오름",
        "PMNTN_NM" : "감산리구간",
        "PMNTN_MAIN" : " ",
        "PMNTN_LT" : 0.36,
        "PMNTN_DFFL" : "쉬움",
        "PMNTN_UPPL" : 6,
        "PMNTN_GODN" : 4,
        "PMNTN_MTRQ" : " ",
        "PMNTN_CNRL" : " ",
        "PMNTN_CLS_" : " ",
        "PMNTN_RISK" : " ",
        "PMNTN_RECO" : " ",
        "DATA_STDR_" : "2016-12-31",
        "MNTN_ID" : "491302104"
      },
      "geometry" : {
        "paths" : [
          [
            [
              139813.38929999992,
              72540.539999999106
            ],
            [
              139806.83810000122,
              72538.252299997956
            ],
            [
              139803.48730000015,
              72531.13069999963
            ],
            [
              139804.54630000051,
              72521.276799999177
            ],
            [
              139804.16770000104,
              72508.170400001109
            ],
            [
              139803.52280000038,
              72492.938799999654
            ],
            [
              139803.1732000038,
              72481.208300001919
            ],
            [
              139802.69870000053,
              72466.04310000129
            ],
            [
              139801.33030000236,
              72452.717000002041
            ],
            [
              139800.3702000035,
              72441.578900001943
            ],
            [
              139801.17410000134,
              72434.217300001532
            ],
            [
              139801.96200000122,
              72427.868000002578
            ],
            [
              139800.21330000181,
              72423.382600000128
            ],
            [
              139792.08600000292,
              72418.870100002736
            ],
            [
              139785.59960000031,
              72416.558100000024
            ],
            [
              139779.29290000349,
              72414.04619999975
            ],
            [
              139773.37399999984,
              72409.435499999672
            ],
            [
              139768.82029999979,
              72405.548399999738
            ],
            [
              139764.01580000203,
              72401.807000003755
            ],
            [
              139761.52690000087,
              72397.23050000146
            ],
            [
              139756.87170000002,
              72393.510399997234
            ],
            [
              139752.44070000295,
              72391.375000001863
            ],
            [
              139748.5476000011,
              72391.820599999279
            ],
            [
              139744.6194000002,
              72392.610300000757
            ],
            [
              139740.84859999921,
              72393.243700003251
            ],
            [
              139736.58150000032,
              72395.000500001013
            ],
            [
              139731.36380000226,
              72398.260500002652
            ],
            [
              139727.29220000282,
              72401.49120000191
            ],
            [
              139723.09219999891,
              72405.044400000945
            ],
            [
              139718.45750000142,
              72409.132600000128
            ],
            [
              139714.01649999991,
              72412.909199999645
            ],
            [
              139709.89340000134,
              72418.324600001797
            ],
            [
              139699.88900000323,
              72426.080199999735
            ],
            [
              139693.19160000049,
              72431.163400003687
            ],
            [
              139686.31770000141,
              72436.237099999562
            ],
            [
              139680.13009999972,
              72441.291400002316
            ],
            [
              139673.38590000197,
              72446.1930999998
            ],
            [
              139664.64700000174,
              72451.500600000843
            ],
            [
              139659.10580000281,
              72452.206200001761
            ],
            [
              139653.9813000029,
              72450.250099997967
            ],
            [
              139650.33400000073,
              72450.054600000381
            ],
            [
              139646.90530000068,
              72458.501800006256
            ],
            [
              139642.74749999959,
              72467.334300002083
            ],
            [
              139638.35510000028,
              72472.374299999326
            ],
            [
              139629.65660000034,
              72478.474000001326
            ],
            [
              139625.13810000103,
              72484.01620000042
            ],
            [
              139624.18599999882,
              72492.008799999952
            ],
            [
              139624.5102000013,
              72499.520400002599
            ]
          ]
        ]
      }
    }
  ]
}