{
  "displayFieldName" : "",
  "fieldAliases" : {
    "FID" : "FID",
    "PMNTN_SPOT" : "PMNTN_SPOT",
    "MNTN_CODE" : "MNTN_CODE",
    "MANAGE_SP1" : "MANAGE_SP1",
    "MANAGE_SP2" : "MANAGE_SP2",
    "DETAIL_SPO" : "DETAIL_SPO",
    "ETC_MATTER" : "ETC_MATTER",
    "MNTN_NM" : "MNTN_NM",
    "PAST_SPOT_" : "PAST_SPOT_",
    "MNTN_ID" : "MNTN_ID"
  },
  "geometryType" : "esriGeometryPoint",
  "spatialReference" : {
    "wkt" : "PROJCS[\"PCS_ITRF2000_TM\",GEOGCS[\"GCS_ITRF_2000\",DATUM[\"D_ITRF_2000\",SPHEROID[\"GRS_1980\",6378137.0,298.257222101]],PRIMEM[\"Greenwich\",0.0],UNIT[\"Degree\",0.0174532925199433]],PROJECTION[\"Transverse_Mercator\"],PARAMETER[\"False_Easting\",200000.0],PARAMETER[\"False_Northing\",600000.0],PARAMETER[\"Central_Meridian\",127.0],PARAMETER[\"Scale_Factor\",1.0],PARAMETER[\"Latitude_Of_Origin\",38.0],UNIT[\"Meter\",1.0]]"
  },
  "fields" : [
    {
      "name" : "FID",
      "type" : "esriFieldTypeOID",
      "alias" : "FID"
    },
    {
      "name" : "PMNTN_SPOT",
      "type" : "esriFieldTypeDouble",
      "alias" : "PMNTN_SPOT"
    },
    {
      "name" : "MNTN_CODE",
      "type" : "esriFieldTypeString",
      "alias" : "MNTN_CODE",
      "length" : 9
    },
    {
      "name" : "MANAGE_SP1",
      "type" : "esriFieldTypeString",
      "alias" : "MANAGE_SP1",
      "length" : 2
    },
    {
      "name" : "MANAGE_SP2",
      "type" : "esriFieldTypeString",
      "alias" : "MANAGE_SP2",
      "length" : 50
    },
    {
      "name" : "DETAIL_SPO",
      "type" : "esriFieldTypeString",
      "alias" : "DETAIL_SPO",
      "length" : 200
    },
    {
      "name" : "ETC_MATTER",
      "type" : "esriFieldTypeString",
      "alias" : "ETC_MATTER",
      "length" : 200
    },
    {
      "name" : "MNTN_NM",
      "type" : "esriFieldTypeString",
      "alias" : "MNTN_NM",
      "length" : 50
    },
    {
      "name" : "PAST_SPOT_",
      "type" : "esriFieldTypeString",
      "alias" : "PAST_SPOT_",
      "length" : 14
    },
    {
      "name" : "MNTN_ID",
      "type" : "esriFieldTypeString",
      "alias" : "MNTN_ID",
      "length" : 10
    }
  ],
  "features" : [
    {
      "attributes" : {
        "FID" : 0,
        "PMNTN_SPOT" : 1116,
        "MNTN_CODE" : "468200201",
        "MANAGE_SP1" : "02",
        "MANAGE_SP2" : "분기점",
        "DETAIL_SPO" : "분기점",
        "ETC_MATTER" : " ",
        "MNTN_NM" : "가학산",
        "PAST_SPOT_" : "4682002010001",
        "MNTN_ID" : "468200201"
      },
      "geometry" : {
        "x" : 164315.37450000085,
        "y" : 231004.17449999973
      }
    },
    {
      "attributes" : {
        "FID" : 1,
        "PMNTN_SPOT" : 1117,
        "MNTN_CODE" : "468200201",
        "MANAGE_SP1" : "01",
        "MANAGE_SP2" : "시종점",
        "DETAIL_SPO" : "시종점",
        "ETC_MATTER" : " ",
        "MNTN_NM" : "가학산",
        "PAST_SPOT_" : "4682002010002",
        "MNTN_ID" : "468200201"
      },
      "geometry" : {
        "x" : 164709.81090000086,
        "y" : 230496.27800000273
      }
    },
    {
      "attributes" : {
        "FID" : 2,
        "PMNTN_SPOT" : 1118,
        "MNTN_CODE" : "468200201",
        "MANAGE_SP1" : "01",
        "MANAGE_SP2" : "시종점",
        "DETAIL_SPO" : "시종점",
        "ETC_MATTER" : " ",
        "MNTN_NM" : "가학산",
        "PAST_SPOT_" : "4682002010003",
        "MNTN_ID" : "468200201"
      },
      "geometry" : {
        "x" : 164778.91820514575,
        "y" : 230718.11794770136
      }
    },
    {
      "attributes" : {
        "FID" : 3,
        "PMNTN_SPOT" : 1119,
        "MNTN_CODE" : "468200201",
        "MANAGE_SP1" : "02",
        "MANAGE_SP2" : "분기점",
        "DETAIL_SPO" : "분기점",
        "ETC_MATTER" : " ",
        "MNTN_NM" : "가학산",
        "PAST_SPOT_" : "4682002010004",
        "MNTN_ID" : "468200201"
      },
      "geometry" : {
        "x" : 164864.4653000012,
        "y" : 231517.74420000426
      }
    },
    {
      "attributes" : {
        "FID" : 4,
        "PMNTN_SPOT" : 1120,
        "MNTN_CODE" : "468200201",
        "MANAGE_SP1" : "02",
        "MANAGE_SP2" : "분기점",
        "DETAIL_SPO" : "분기점",
        "ETC_MATTER" : " ",
        "MNTN_NM" : "가학산",
        "PAST_SPOT_" : "4682002010005",
        "MNTN_ID" : "468200201"
      },
      "geometry" : {
        "x" : 164881.46160000097,
        "y" : 231102.64660000242
      }
    },
    {
      "attributes" : {
        "FID" : 5,
        "PMNTN_SPOT" : 1121,
        "MNTN_CODE" : "468200201",
        "MANAGE_SP1" : "01",
        "MANAGE_SP2" : "시종점",
        "DETAIL_SPO" : "시종점",
        "ETC_MATTER" : " ",
        "MNTN_NM" : "가학산",
        "PAST_SPOT_" : "4682002010006",
        "MNTN_ID" : "468200201"
      },
      "geometry" : {
        "x" : 164951.19629999995,
        "y" : 231027.05110000074
      }
    },
    {
      "attributes" : {
        "FID" : 6,
        "PMNTN_SPOT" : 1122,
        "MNTN_CODE" : "468200201",
        "MANAGE_SP1" : "02",
        "MANAGE_SP2" : "분기점",
        "DETAIL_SPO" : "분기점",
        "ETC_MATTER" : " ",
        "MNTN_NM" : "가학산",
        "PAST_SPOT_" : "4682002010007",
        "MNTN_ID" : "468200201"
      },
      "geometry" : {
        "x" : 165055.06580000091,
        "y" : 231779.43219999969
      }
    },
    {
      "attributes" : {
        "FID" : 7,
        "PMNTN_SPOT" : 1123,
        "MNTN_CODE" : "468200201",
        "MANAGE_SP1" : "02",
        "MANAGE_SP2" : "분기점",
        "DETAIL_SPO" : "분기점",
        "ETC_MATTER" : " ",
        "MNTN_NM" : "가학산",
        "PAST_SPOT_" : "4682002010008",
        "MNTN_ID" : "468200201"
      },
      "geometry" : {
        "x" : 165156.14830000047,
        "y" : 231757.09560000151
      }
    },
    {
      "attributes" : {
        "FID" : 8,
        "PMNTN_SPOT" : 1124,
        "MNTN_CODE" : "468200201",
        "MANAGE_SP1" : "01",
        "MANAGE_SP2" : "시종점",
        "DETAIL_SPO" : "시종점",
        "ETC_MATTER" : " ",
        "MNTN_NM" : "가학산",
        "PAST_SPOT_" : "4682002010009",
        "MNTN_ID" : "468200201"
      },
      "geometry" : {
        "x" : 165244.80190000031,
        "y" : 230883.6446000021
      }
    },
    {
      "attributes" : {
        "FID" : 9,
        "PMNTN_SPOT" : 1125,
        "MNTN_CODE" : "468200201",
        "MANAGE_SP1" : "02",
        "MANAGE_SP2" : "분기점",
        "DETAIL_SPO" : "분기점",
        "ETC_MATTER" : " ",
        "MNTN_NM" : "가학산",
        "PAST_SPOT_" : "4682002010010",
        "MNTN_ID" : "468200201"
      },
      "geometry" : {
        "x" : 165376.90490000229,
        "y" : 230968.88820000179
      }
    },
    {
      "attributes" : {
        "FID" : 10,
        "PMNTN_SPOT" : 1126,
        "MNTN_CODE" : "468200201",
        "MANAGE_SP1" : "02",
        "MANAGE_SP2" : "분기점",
        "DETAIL_SPO" : "분기점",
        "ETC_MATTER" : " ",
        "MNTN_NM" : "가학산",
        "PAST_SPOT_" : "4682002010011",
        "MNTN_ID" : "468200201"
      },
      "geometry" : {
        "x" : 165449.56770000048,
        "y" : 230946.46749999933
      }
    },
    {
      "attributes" : {
        "FID" : 11,
        "PMNTN_SPOT" : 1127,
        "MNTN_CODE" : "468200201",
        "MANAGE_SP1" : "02",
        "MANAGE_SP2" : "분기점",
        "DETAIL_SPO" : "분기점",
        "ETC_MATTER" : " ",
        "MNTN_NM" : "가학산",
        "PAST_SPOT_" : "4682002010012",
        "MNTN_ID" : "468200201"
      },
      "geometry" : {
        "x" : 166045.18510000221,
        "y" : 231491.19160000421
      }
    },
    {
      "attributes" : {
        "FID" : 12,
        "PMNTN_SPOT" : 1128,
        "MNTN_CODE" : "468200201",
        "MANAGE_SP1" : "02",
        "MANAGE_SP2" : "분기점",
        "DETAIL_SPO" : "분기점",
        "ETC_MATTER" : " ",
        "MNTN_NM" : "가학산",
        "PAST_SPOT_" : "4682002010013",
        "MNTN_ID" : "468200201"
      },
      "geometry" : {
        "x" : 166392.96960000135,
        "y" : 231157.80690000206
      }
    },
    {
      "attributes" : {
        "FID" : 13,
        "PMNTN_SPOT" : 1129,
        "MNTN_CODE" : "468200201",
        "MANAGE_SP1" : "01",
        "MANAGE_SP2" : "시종점",
        "DETAIL_SPO" : "시종점",
        "ETC_MATTER" : " ",
        "MNTN_NM" : "가학산",
        "PAST_SPOT_" : "4682002010014",
        "MNTN_ID" : "468200201"
      },
      "geometry" : {
        "x" : 167816.05659999978,
        "y" : 231874.84990000166
      }
    }
  ]
}