{
  "displayFieldName" : "",
  "fieldAliases" : {
    "FID" : "FID",
    "SAFE_SPOT1" : "SAFE_SPOT1",
    "SAFE_SPOT2" : "SAFE_SPOT2",
    "SAFE_SPOT3" : "SAFE_SPOT3",
    "MGC" : "MGC",
    "ETC_MATTER" : "ETC_MATTER",
    "MNTN_NM" : "MNTN_NM"
  },
  "geometryType" : "esriGeometryPoint",
  "spatialReference" : {
    "wkt" : "PROJCS[\"PCS_ITRF2000_TM\",GEOGCS[\"GCS_ITRF_2000\",DATUM[\"D_ITRF_2000\",SPHEROID[\"GRS_1980\",6378137.0,298.257222101]],PRIMEM[\"Greenwich\",0.0],UNIT[\"Degree\",0.0174532925199433]],PROJECTION[\"Transverse_Mercator\"],PARAMETER[\"False_Easting\",200000.0],PARAMETER[\"False_Northing\",600000.0],PARAMETER[\"Central_Meridian\",127.0],PARAMETER[\"Scale_Factor\",1.0],PARAMETER[\"Latitude_Of_Origin\",38.0],UNIT[\"Meter\",1.0]]"
  },
  "fields" : [
    {
      "name" : "FID",
      "type" : "esriFieldTypeOID",
      "alias" : "FID"
    },
    {
      "name" : "SAFE_SPOT1",
      "type" : "esriFieldTypeDouble",
      "alias" : "SAFE_SPOT1"
    },
    {
      "name" : "SAFE_SPOT2",
      "type" : "esriFieldTypeString",
      "alias" : "SAFE_SPOT2",
      "length" : 50
    },
    {
      "name" : "SAFE_SPOT3",
      "type" : "esriFieldTypeString",
      "alias" : "SAFE_SPOT3",
      "length" : 50
    },
    {
      "name" : "MGC",
      "type" : "esriFieldTypeString",
      "alias" : "MGC",
      "length" : 50
    },
    {
      "name" : "ETC_MATTER",
      "type" : "esriFieldTypeString",
      "alias" : "ETC_MATTER",
      "length" : 200
    },
    {
      "name" : "MNTN_NM",
      "type" : "esriFieldTypeString",
      "alias" : "MNTN_NM",
      "length" : 50
    }
  ],
  "features" : [
    {
      "attributes" : {
        "FID" : 0,
        "SAFE_SPOT1" : 2624,
        "SAFE_SPOT2" : "산악위치표지판",
        "SAFE_SPOT3" : "101",
        "MGC" : "조치원소방서",
        "ETC_MATTER" : "등산로입구 500m지점",
        "MNTN_NM" : "운주산"
      },
      "geometry" : {
        "x" : 227437.12389999907,
        "y" : 453113.40930000134
      }
    },
    {
      "attributes" : {
        "FID" : 1,
        "SAFE_SPOT1" : 2635,
        "SAFE_SPOT2" : "산악위치표지판",
        "SAFE_SPOT3" : "112",
        "MGC" : "조치원소방서",
        "ETC_MATTER" : "망경산\u2192운주산 1300m",
        "MNTN_NM" : "운주산"
      },
      "geometry" : {
        "x" : 223930.83920000121,
        "y" : 454983.28170000389
      }
    },
    {
      "attributes" : {
        "FID" : 2,
        "SAFE_SPOT1" : 2636,
        "SAFE_SPOT2" : "산악위치표지판",
        "SAFE_SPOT3" : "113",
        "MGC" : "조치원소방서",
        "ETC_MATTER" : "망경산\u2192운주산 1630m",
        "MNTN_NM" : "운주산"
      },
      "geometry" : {
        "x" : 223508.990600002,
        "y" : 454920.46240000427
      }
    },
    {
      "attributes" : {
        "FID" : 3,
        "SAFE_SPOT1" : 2637,
        "SAFE_SPOT2" : "산악위치표지판",
        "SAFE_SPOT3" : "114",
        "MGC" : "조치원소방서",
        "ETC_MATTER" : "망경산\u2192운주산 2130m",
        "MNTN_NM" : "운주산"
      },
      "geometry" : {
        "x" : 223062.22799999919,
        "y" : 454888.4224999994
      }
    },
    {
      "attributes" : {
        "FID" : 4,
        "SAFE_SPOT1" : 2638,
        "SAFE_SPOT2" : "산악위치표지판",
        "SAFE_SPOT3" : "115",
        "MGC" : "조치원소방서",
        "ETC_MATTER" : "망경산\u2192운주산 2630m",
        "MNTN_NM" : "운주산"
      },
      "geometry" : {
        "x" : 222738.68720000051,
        "y" : 455195.816300001
      }
    },
    {
      "attributes" : {
        "FID" : 5,
        "SAFE_SPOT1" : 2639,
        "SAFE_SPOT2" : "산악위치표지판",
        "SAFE_SPOT3" : "116",
        "MGC" : "조치원소방서",
        "ETC_MATTER" : "망경산\u2192운주산 3130m",
        "MNTN_NM" : "운주산"
      },
      "geometry" : {
        "x" : 222390.74930000026,
        "y" : 455349.02920000069
      }
    },
    {
      "attributes" : {
        "FID" : 6,
        "SAFE_SPOT1" : 2640,
        "SAFE_SPOT2" : "산악위치표지판",
        "SAFE_SPOT3" : "117",
        "MGC" : "조치원소방서",
        "ETC_MATTER" : "망경산\u2192운주산 3630m",
        "MNTN_NM" : "운주산"
      },
      "geometry" : {
        "x" : 222193.19919999968,
        "y" : 454947.77950000018
      }
    },
    {
      "attributes" : {
        "FID" : 7,
        "SAFE_SPOT1" : 2641,
        "SAFE_SPOT2" : "산악위치표지판",
        "SAFE_SPOT3" : "118",
        "MGC" : "조치원소방서",
        "ETC_MATTER" : "운주산 정상 660m 전",
        "MNTN_NM" : "운주산"
      },
      "geometry" : {
        "x" : 221970.80470000114,
        "y" : 454546.47100000456
      }
    },
    {
      "attributes" : {
        "FID" : 8,
        "SAFE_SPOT1" : 2642,
        "SAFE_SPOT2" : "산악위치표지판",
        "SAFE_SPOT3" : "119",
        "MGC" : "조치원소방서",
        "ETC_MATTER" : "운주산 정상 160m 전",
        "MNTN_NM" : "운주산"
      },
      "geometry" : {
        "x" : 221772.90290000103,
        "y" : 454268.53400000371
      }
    }
  ]
}