{"displayFieldName":"","fieldAliases":{"FID":"FID","PMNTN_SPOT":"PMNTN_SPOT","MNTN_CODE":"MNTN_CODE","MANAGE_SP1":"MANAGE_SP1","MANAGE_SP2":"MANAGE_SP2","DETAIL_SPO":"DETAIL_SPO","ETC_MATTER":"ETC_MATTER","MNTN_NM":"MNTN_NM","PAST_SPOT_":"PAST_SPOT_","MNTN_ID":"MNTN_ID"},"geometryType":"esriGeometryPoint","spatialReference":{"wkt":"PROJCS[\"PCS_ITRF2000_TM\",GEOGCS[\"GCS_ITRF_2000\",DATUM[\"D_ITRF_2000\",SPHEROID[\"GRS_1980\",6378137.0,298.257222101]],PRIMEM[\"Greenwich\",0.0],UNIT[\"Degree\",0.0174532925199433]],PROJECTION[\"Transverse_Mercator\"],PARAMETER[\"False_Easting\",200000.0],PARAMETER[\"False_Northing\",600000.0],PARAMETER[\"Central_Meridian\",127.0],PARAMETER[\"Scale_Factor\",1.0],PARAMETER[\"Latitude_Of_Origin\",38.0],UNIT[\"Meter\",1.0]]"},"fields":[{"name":"FID","type":"esriFieldTypeOID","alias":"FID"},{"name":"PMNTN_SPOT","type":"esriFieldTypeInteger","alias":"PMNTN_SPOT"},{"name":"MNTN_CODE","type":"esriFieldTypeString","alias":"MNTN_CODE","length":9},{"name":"MANAGE_SP1","type":"esriFieldTypeString","alias":"MANAGE_SP1","length":2},{"name":"MANAGE_SP2","type":"esriFieldTypeString","alias":"MANAGE_SP2","length":50},{"name":"DETAIL_SPO","type":"esriFieldTypeString","alias":"DETAIL_SPO","length":200},{"name":"ETC_MATTER","type":"esriFieldTypeString","alias":"ETC_MATTER","length":200},{"name":"MNTN_NM","type":"esriFieldTypeString","alias":"MNTN_NM","length":50},{"name":"PAST_SPOT_","type":"esriFieldTypeString","alias":"PAST_SPOT_","length":14},{"name":"MNTN_ID","type":"esriFieldTypeString","alias":"MNTN_ID","length":10}],"features":[{"attributes":{"FID":0,"PMNTN_SPOT":58483,"MNTN_CODE":"448102101","MANAGE_SP1":"99","MANAGE_SP2":"기타","DETAIL_SPO":"페전투호","ETC_MATTER":" ","MNTN_NM":"안락산","PAST_SPOT_":"24121001010001","MNTN_ID":"2412100101"},"geometry":{"x":188844.9168999996,"y":454991.60969999991}},{"attributes":{"FID":1,"PMNTN_SPOT":58484,"MNTN_CODE":"448102101","MANAGE_SP1":"99","MANAGE_SP2":"기타","DETAIL_SPO":"암석","ETC_MATTER":" ","MNTN_NM":"안락산","PAST_SPOT_":"24121001010002","MNTN_ID":"2412100101"},"geometry":{"x":189425.57180000003,"y":455084.74800000153}},{"attributes":{"FID":2,"PMNTN_SPOT":58485,"MNTN_CODE":"448102101","MANAGE_SP1":"99","MANAGE_SP2":"기타","DETAIL_SPO":"안락산","ETC_MATTER":" ","MNTN_NM":"안락산","PAST_SPOT_":"24121001010003","MNTN_ID":"2412100101"},"geometry":{"x":189519.90450000018,"y":455125.02480000071}},{"attributes":{"FID":3,"PMNTN_SPOT":58486,"MNTN_CODE":"448102101","MANAGE_SP1":"99","MANAGE_SP2":"기타","DETAIL_SPO":"묘지 1기","ETC_MATTER":" ","MNTN_NM":"안락산","PAST_SPOT_":"24121001010004","MNTN_ID":"2412100101"},"geometry":{"x":189759.83170000091,"y":455474.62880000286}},{"attributes":{"FID":4,"PMNTN_SPOT":58487,"MNTN_CODE":"448102101","MANAGE_SP1":"10","MANAGE_SP2":"이정표","DETAIL_SPO":"이정표 신설 요함.","ETC_MATTER":"좌측 능선길 이용시 등산로가 없어진다.","MNTN_NM":"안락산","PAST_SPOT_":"24121001010005","MNTN_ID":"2412100101"},"geometry":{"x":189619.08400000073,"y":455693.19510000199}},{"attributes":{"FID":5,"PMNTN_SPOT":58488,"MNTN_CODE":"448102101","MANAGE_SP1":"99","MANAGE_SP2":"기타","DETAIL_SPO":"기타","ETC_MATTER":"수철저수지와 덕봉산의 전경","MNTN_NM":"안락산","PAST_SPOT_":"24121001010006","MNTN_ID":"2412100101"},"geometry":{"x":189533.49150000047,"y":456067.1686000023}},{"attributes":{"FID":6,"PMNTN_SPOT":58489,"MNTN_CODE":"448102101","MANAGE_SP1":"99","MANAGE_SP2":"기타","DETAIL_SPO":"토성봉","ETC_MATTER":" ","MNTN_NM":"안락산","PAST_SPOT_":"24121001010007","MNTN_ID":"2412100101"},"geometry":{"x":188842.53290000092,"y":454996.72900000028}},{"attributes":{"FID":7,"PMNTN_SPOT":58492,"MNTN_CODE":"448102101","MANAGE_SP1":"01","MANAGE_SP2":"시종점","DETAIL_SPO":"시종점","ETC_MATTER":"민가 근처의 밤나무재배지 밭을 지나 민가 마당에서 등산로 종점.","MNTN_NM":"안락산","PAST_SPOT_":"24121001010010","MNTN_ID":"2412100101"},"geometry":{"x":189503.6082000006,"y":456165.70840000175}},{"attributes":{"FID":8,"PMNTN_SPOT":58493,"MNTN_CODE":"448102101","MANAGE_SP1":"99","MANAGE_SP2":"기타","DETAIL_SPO":"삼각점(예산303)","ETC_MATTER":" ","MNTN_NM":"안락산","PAST_SPOT_":"24121001010011","MNTN_ID":"2412100101"},"geometry":{"x":189520.03770000208,"y":455124.1192000024}},{"attributes":{"FID":9,"PMNTN_SPOT":58494,"MNTN_CODE":"448102101","MANAGE_SP1":"02","MANAGE_SP2":"분기점","DETAIL_SPO":"분기점","ETC_MATTER":" ","MNTN_NM":"안락산","PAST_SPOT_":"24121001010012","MNTN_ID":"2412100101"},"geometry":{"x":189809.06060000323,"y":455466.02450000122}},{"attributes":{"FID":10,"PMNTN_SPOT":58495,"MNTN_CODE":"448102101","MANAGE_SP1":"01","MANAGE_SP2":"시종점","DETAIL_SPO":"시종점","ETC_MATTER":"좌측 능선 방향으로 진입시 곧 가파른 능선길이 나오며, 등산로가 중간에 없어지므로 이정표 신설이 요구된다.","MNTN_NM":"안락산","PAST_SPOT_":"24121001010013","MNTN_ID":"2412100101"},"geometry":{"x":189835.6528000012,"y":455496.67229999974}},{"attributes":{"FID":11,"PMNTN_SPOT":58496,"MNTN_CODE":"448102101","MANAGE_SP1":"01","MANAGE_SP2":"시종점","DETAIL_SPO":"시종점","ETC_MATTER":" ","MNTN_NM":"안락산","PAST_SPOT_":"24121001010014","MNTN_ID":"2412100101"},"geometry":{"x":188030.26057077944,"y":457274.50819812529}}]}