{
  "displayFieldName" : "",
  "fieldAliases" : {
    "FID" : "FID",
    "PMNTN_SN" : "PMNTN_SN",
    "MNTN_CODE" : "MNTN_CODE",
    "MNTN_NM" : "MNTN_NM",
    "PMNTN_NM" : "PMNTN_NM",
    "PMNTN_MAIN" : "PMNTN_MAIN",
    "PMNTN_LT" : "PMNTN_LT",
    "PMNTN_DFFL" : "PMNTN_DFFL",
    "PMNTN_UPPL" : "PMNTN_UPPL",
    "PMNTN_GODN" : "PMNTN_GODN",
    "PMNTN_MTRQ" : "PMNTN_MTRQ",
    "PMNTN_CNRL" : "PMNTN_CNRL",
    "PMNTN_CLS_" : "PMNTN_CLS_",
    "PMNTN_RISK" : "PMNTN_RISK",
    "PMNTN_RECO" : "PMNTN_RECO",
    "DATA_STDR_" : "DATA_STDR_",
    "MNTN_ID" : "MNTN_ID"
  },
  "geometryType" : "esriGeometryPolyline",
  "spatialReference" : {
    "wkt" : "PROJCS[\"PCS_ITRF2000_TM\",GEOGCS[\"GCS_ITRF_2000\",DATUM[\"D_ITRF_2000\",SPHEROID[\"GRS_1980\",6378137.0,298.257222101]],PRIMEM[\"Greenwich\",0.0],UNIT[\"Degree\",0.0174532925199433]],PROJECTION[\"Transverse_Mercator\"],PARAMETER[\"False_Easting\",200000.0],PARAMETER[\"False_Northing\",600000.0],PARAMETER[\"Central_Meridian\",127.0],PARAMETER[\"Scale_Factor\",1.0],PARAMETER[\"Latitude_Of_Origin\",38.0],UNIT[\"Meter\",1.0]]"
  },
  "fields" : [
    {
      "name" : "FID",
      "type" : "esriFieldTypeOID",
      "alias" : "FID"
    },
    {
      "name" : "PMNTN_SN",
      "type" : "esriFieldTypeDouble",
      "alias" : "PMNTN_SN"
    },
    {
      "name" : "MNTN_CODE",
      "type" : "esriFieldTypeString",
      "alias" : "MNTN_CODE",
      "length" : 9
    },
    {
      "name" : "MNTN_NM",
      "type" : "esriFieldTypeString",
      "alias" : "MNTN_NM",
      "length" : 50
    },
    {
      "name" : "PMNTN_NM",
      "type" : "esriFieldTypeString",
      "alias" : "PMNTN_NM",
      "length" : 50
    },
    {
      "name" : "PMNTN_MAIN",
      "type" : "esriFieldTypeString",
      "alias" : "PMNTN_MAIN",
      "length" : 200
    },
    {
      "name" : "PMNTN_LT",
      "type" : "esriFieldTypeSingle",
      "alias" : "PMNTN_LT"
    },
    {
      "name" : "PMNTN_DFFL",
      "type" : "esriFieldTypeString",
      "alias" : "PMNTN_DFFL",
      "length" : 8
    },
    {
      "name" : "PMNTN_UPPL",
      "type" : "esriFieldTypeDouble",
      "alias" : "PMNTN_UPPL"
    },
    {
      "name" : "PMNTN_GODN",
      "type" : "esriFieldTypeDouble",
      "alias" : "PMNTN_GODN"
    },
    {
      "name" : "PMNTN_MTRQ",
      "type" : "esriFieldTypeString",
      "alias" : "PMNTN_MTRQ",
      "length" : 200
    },
    {
      "name" : "PMNTN_CNRL",
      "type" : "esriFieldTypeString",
      "alias" : "PMNTN_CNRL",
      "length" : 1
    },
    {
      "name" : "PMNTN_CLS_",
      "type" : "esriFieldTypeString",
      "alias" : "PMNTN_CLS_",
      "length" : 1
    },
    {
      "name" : "PMNTN_RISK",
      "type" : "esriFieldTypeString",
      "alias" : "PMNTN_RISK",
      "length" : 200
    },
    {
      "name" : "PMNTN_RECO",
      "type" : "esriFieldTypeString",
      "alias" : "PMNTN_RECO",
      "length" : 1
    },
    {
      "name" : "DATA_STDR_",
      "type" : "esriFieldTypeString",
      "alias" : "DATA_STDR_",
      "length" : 10
    },
    {
      "name" : "MNTN_ID",
      "type" : "esriFieldTypeString",
      "alias" : "MNTN_ID",
      "length" : 10
    }
  ],
  "features" : [
    {
      "attributes" : {
        "FID" : 0,
        "PMNTN_SN" : 3946,
        "MNTN_CODE" : "457902904",
        "MNTN_NM" : "고창읍성",
        "PMNTN_NM" : "노동리구간",
        "PMNTN_MAIN" : " ",
        "PMNTN_LT" : 1.64,
        "PMNTN_DFFL" : "쉬움",
        "PMNTN_UPPL" : 29,
        "PMNTN_GODN" : 20,
        "PMNTN_MTRQ" : " ",
        "PMNTN_CNRL" : " ",
        "PMNTN_CLS_" : " ",
        "PMNTN_RISK" : " ",
        "PMNTN_RECO" : " ",
        "DATA_STDR_" : "2016-12-31",
        "MNTN_ID" : "457902904"
      },
      "geometry" : {
        "paths" : [
          [
            [
              173445.12640000135,
              314781.87560000457
            ],
            [
              173439.22920000181,
              314774.38759999909
            ],
            [
              173437.51020000037,
              314771.98160000518
            ],
            [
              173433.93720000144,
              314766.44360000081
            ],
            [
              173431.74019999895,
              314762.11760000698
            ],
            [
              173430.06820000056,
              314757.28559999913
            ],
            [
              173426.58519999962,
              314751.05660000071
            ],
            [
              173422.9532000022,
              314746.20360000059
            ],
            [
              173417.64219999965,
              314742.25560000166
            ],
            [
              173414.30020000227,
              314737.05160000175
            ],
            [
              173404.77419999987,
              314728.57260000333
            ],
            [
              173401.10220000055,
              314723.6416000016
            ],
            [
              173397.63719999976,
              314718.57960000262
            ],
            [
              173395.39620000403,
              314712.7706000004
            ],
            [
              173393.74120000284,
              314706.02160000615
            ],
            [
              173392.24220000114,
              314699.73059999943
            ],
            [
              173391.02120000124,
              314693.44160000049
            ],
            [
              173391.09720000066,
              314687.11260000244
            ],
            [
              173391.4142000014,
              314680.13360000215
            ],
            [
              173392.58320000116,
              314673.52160000056
            ],
            [
              173393.35219999962,
              314667.00760000199
            ],
            [
              173392.2452000007,
              314661.09760000184
            ],
            [
              173389.64219999965,
              314654.7555999998
            ],
            [
              173385.89719999954,
              314649.46160000004
            ],
            [
              173382.15220000036,
              314644.34359999932
            ],
            [
              173378.16320000123,
              314638.94260000065
            ],
            [
              173373.6512000002,
              314633.40560000204
            ],
            [
              173369.76220000163,
              314628.1246000044
            ],
            [
              173366.21420000214,
              314622.32660000399
            ],
            [
              173362.2022000039,
              314616.91560000181
            ],
            [
              173358.11119999923,
              314611.60559999943
            ],
            [
              173353.17220000271,
              314607.13959999941
            ],
            [
              173344.59059999976,
              314599.43010000139
            ],
            [
              173340.37440000195,
              314595.0903000012
            ],
            [
              173337.43120000325,
              314592.72210000269
            ],
            [
              173334.16150000412,
              314591.79820000194
            ],
            [
              173328.1108000027,
              314593.16139999963
            ],
            [
              173321.21670000069,
              314597.65149999969
            ],
            [
              173311.90050000232,
              314601.24970000051
            ],
            [
              173291.4824000001,
              314603.39399999939
            ],
            [
              173273.18979999982,
              314602.13489999995
            ],
            [
              173254.69840000011,
              314599.03199999779
            ],
            [
              173227.9721999988,
              314591.4074000027
            ],
            [
              173213.56720000133,
              314585.95959999971
            ],
            [
              173198.89250000101,
              314580.89790000021
            ],
            [
              173190.5915000001,
              314576.88090000115
            ],
            [
              173182.43390000053,
              314568.5783000011
            ],
            [
              173171.10500000138,
              314553.65750000253
            ],
            [
              173171.02380000148,
              314549.28210000321
            ],
            [
              173168.92590000201,
              314542.14240000397
            ],
            [
              173164.69350000378,
              314539.24719999917
            ],
            [
              173159.72310000099,
              314538.50589999929
            ],
            [
              173153.33530000132,
              314543.45249999873
            ],
            [
              173151.32660000306,
              314550.08330000192
            ],
            [
              173133.13439999986,
              314559.04120000452
            ],
            [
              173114.75380000193,
              314567.7862000037
            ],
            [
              173106.52050000057,
              314575.59320000187
            ],
            [
              173081.79660000093,
              314595.9058000017
            ],
            [
              173044.10840000305,
              314625.7490000017
            ],
            [
              173020.77640000172,
              314643.83810000122
            ],
            [
              172967.59420000203,
              314684.80930000357
            ],
            [
              172956.70750000048,
              314693.36779999919
            ],
            [
              172952.74060000107,
              314695.42100000009
            ],
            [
              172944.88370000105,
              314697.89200000279
            ],
            [
              172941.67310000025,
              314699.50410000049
            ],
            [
              172938.59410000127,
              314702.46730000153
            ],
            [
              172936.12260000221,
              314707.2734999992
            ],
            [
              172936.57950000092,
              314710.91210000403
            ],
            [
              172939.19880000222,
              314714.38709999993
            ],
            [
              172940.55660000257,
              314719.11360000074
            ],
            [
              172941.82459999993,
              314727.58810000122
            ],
            [
              172942.74470000062,
              314746.10500000231
            ],
            [
              172944.42609999981,
              314757.76609999873
            ],
            [
              172944.76819999982,
              314768.89140000381
            ],
            [
              172945.3246000018,
              314775.98310000077
            ],
            [
              172943.90330000129,
              314780.24300000258
            ],
            [
              172941.01510000043,
              314784.55560000241
            ],
            [
              172936.42510000058,
              314788.95370000042
            ],
            [
              172934.78910000063,
              314792.75
            ],
            [
              172933.78340000007,
              314795.93329999968
            ],
            [
              172933.32290000189,
              314800.27110000327
            ],
            [
              172934.07790000085,
              314804.59000000171
            ],
            [
              172937.41450000089,
              314809.77490000054
            ],
            [
              172939.93149999995,
              314812.89010000043
            ],
            [
              172946.211500003,
              314815.50590000115
            ],
            [
              172951.48359999992,
              314817.68700000271
            ],
            [
              172955.30950000044,
              314820.78690000065
            ],
            [
              172957.2779000001,
              314825.70549999923
            ],
            [
              172961.42019999959,
              314841.12930000201
            ],
            [
              172964.77000000048,
              314851.57360000163
            ],
            [
              172968.51750000101,
              314866.93940000422
            ],
            [
              172971.06530000363,
              314881.90870000049
            ],
            [
              172975.68350000028,
              314903.16990000196
            ],
            [
              172978.07530000154,
              314917.66960000247
            ],
            [
              172984.6864000028,
              314932.40460000187
            ],
            [
              172988.78409999982,
              314937.40799999982
            ],
            [
              172989.33330000099,
              314942.62240000255
            ],
            [
              172990.00110000186,
              314947.65230000205
            ],
            [
              172991.36890000012,
              314951.23540000245
            ],
            [
              172996.86230000015,
              314956.02979999967
            ],
            [
              173004.6734000016,
              314958.07990000211
            ],
            [
              173027.53750000056,
              314974.15790000185
            ],
            [
              173038.42360000033,
              314981.95020000078
            ],
            [
              173052.67889999971,
              314990.99360000156
            ],
            [
              173068.53270000033,
              315001.87340000644
            ],
            [
              173080.59370000102,
              315010.31159999967
            ],
            [
              173090.86679999903,
              315017.91460000165
            ],
            [
              173093.83820000291,
              315025.39810000174
            ],
            [
              173096.3387000002,
              315031.40430000424
            ],
            [
              173098.86170000024,
              315035.36270000041
            ],
            [
              173100.97630000114,
              315040.31709999964
            ],
            [
              173103.6090000011,
              315044.81680000015
            ],
            [
              173107.51420000009,
              315048.91889999993
            ],
            [
              173113.33310000133,
              315049.92380000092
            ],
            [
              173120.23470000364,
              315047.52999999933
            ],
            [
              173128.20100000128,
              315043.93010000139
            ],
            [
              173134.26820000075,
              315042.02990000136
            ],
            [
              173143.3253000034,
              315043.80120000429
            ],
            [
              173153.17980000097,
              315047.05500000156
            ],
            [
              173158.43080000021,
              315048.40960000083
            ],
            [
              173164.28850000072,
              315049.30200000107
            ],
            [
              173168.71380000003,
              315049.29160000756
            ],
            [
              173175.11089999974,
              315049.71800000407
            ],
            [
              173181.28520000074,
              315048.40929999948
            ],
            [
              173187.29590000119,
              315045.95140000246
            ],
            [
              173193.77300000191,
              315043.40839999914
            ],
            [
              173199.70469999965,
              315039.94270000048
            ],
            [
              173203.69330000132,
              315038.95639999956
            ],
            [
              173209.92759999912,
              315036.66070000082
            ],
            [
              173213.75999999978,
              315035.5476000011
            ],
            [
              173220.66660000198,
              315035.95960000344
            ],
            [
              173228.83830000181,
              315035.40860000066
            ],
            [
              173234.14880000148,
              315030.17460000142
            ],
            [
              173236.60130000021,
              315024.76690000109
            ],
            [
              173239.10840000305,
              315019.86370000429
            ],
            [
              173242.96860000025,
              315015.75320000201
            ],
            [
              173254.42500000261,
              315010.26799999923
            ],
            [
              173258.41800000053,
              315008.86000000127
            ],
            [
              173262.33400000073,
              315006.64899999835
            ],
            [
              173266.41800000239,
              315004.68200000189
            ],
            [
              173270.46300000139,
              315002.18500000052
            ],
            [
              173275.19800000358,
              314999.73300000094
            ],
            [
              173280.7379999999,
              314996.92600000463
            ],
            [
              173285.74799999967,
              314993.51999999955
            ],
            [
              173291.27000000328,
              314989.55000000075
            ],
            [
              173296.8760000011,
              314985.81000000052
            ],
            [
              173303.89200000279,
              314982.38940000348
            ],
            [
              173309.45500000194,
              314978.98640000261
            ],
            [
              173314.72500000056,
              314974.44840000011
            ],
            [
              173318.58600000106,
              314969.07139999978
            ],
            [
              173322.53700000141,
              314963.37240000069
            ],
            [
              173326.79800000042,
              314957.43640000001
            ],
            [
              173331.31199999992,
              314951.67239999957
            ],
            [
              173337.33910000138,
              314945.92010000162
            ],
            [
              173340.71010000352,
              314939.87310000136
            ],
            [
              173341.84910000209,
              314933.18110000156
            ],
            [
              173343.04609999992,
              314925.68810000271
            ],
            [
              173344.10110000148,
              314917.9701000005
            ],
            [
              173345.28039999958,
              314910.57040000148
            ],
            [
              173346.55600000173,
              314905.53770000115
            ],
            [
              173348.81200000364,
              314899.35870000161
            ],
            [
              173351.1370000029,
              314892.76540000178
            ],
            [
              173354.10400000401,
              314886.68639999814
            ],
            [
              173358.94770000223,
              314881.09070000425
            ],
            [
              173367.08220000099,
              314876.80399999954
            ],
            [
              173372.36390000116,
              314875.76330000162
            ],
            [
              173378.1436999999,
              314875.30849999934
            ],
            [
              173384.27180000115,
              314873.59930000268
            ],
            [
              173388.89630000386,
              314867.85850000009
            ],
            [
              173391.97660000157,
              314862.64620000124
            ],
            [
              173391.41090000048,
              314857.83000000007
            ],
            [
              173390.52400000207,
              314851.38289999962
            ],
            [
              173389.86129999999,
              314845.31450000405
            ],
            [
              173392.98450000212,
              314841.53449999914
            ],
            [
              173393.75820000283,
              314840.59820000082
            ],
            [
              173402.64820000064,
              314835.2824000027
            ],
            [
              173437.94620000012,
              314811.79120000079
            ],
            [
              173446.15100000147,
              314811.94980000146
            ],
            [
              173453.77430000063,
              314808.29800000042
            ],
            [
              173455.4617999997,
              314802.77250000089
            ],
            [
              173452.25680000056,
              314794.11780000106
            ],
            [
              173449.39250000194,
              314788.69880000129
            ],
            [
              173445.12640000135,
              314781.87560000457
            ]
          ]
        ]
      }
    }
  ]
}