{
  "displayFieldName" : "",
  "fieldAliases" : {
    "FID" : "FID",
    "PMNTN_SN" : "PMNTN_SN",
    "MNTN_CODE" : "MNTN_CODE",
    "MNTN_NM" : "MNTN_NM",
    "PMNTN_NM" : "PMNTN_NM",
    "PMNTN_MAIN" : "PMNTN_MAIN",
    "PMNTN_LT" : "PMNTN_LT",
    "PMNTN_DFFL" : "PMNTN_DFFL",
    "PMNTN_UPPL" : "PMNTN_UPPL",
    "PMNTN_GODN" : "PMNTN_GODN",
    "PMNTN_MTRQ" : "PMNTN_MTRQ",
    "PMNTN_CNRL" : "PMNTN_CNRL",
    "PMNTN_CLS_" : "PMNTN_CLS_",
    "PMNTN_RISK" : "PMNTN_RISK",
    "PMNTN_RECO" : "PMNTN_RECO",
    "DATA_STDR_" : "DATA_STDR_",
    "MNTN_ID" : "MNTN_ID"
  },
  "geometryType" : "esriGeometryPolyline",
  "spatialReference" : {
    "wkt" : "PROJCS[\"PCS_ITRF2000_TM\",GEOGCS[\"GCS_ITRF_2000\",DATUM[\"D_ITRF_2000\",SPHEROID[\"GRS_1980\",6378137.0,298.257222101]],PRIMEM[\"Greenwich\",0.0],UNIT[\"Degree\",0.0174532925199433]],PROJECTION[\"Transverse_Mercator\"],PARAMETER[\"False_Easting\",200000.0],PARAMETER[\"False_Northing\",600000.0],PARAMETER[\"Central_Meridian\",127.0],PARAMETER[\"Scale_Factor\",1.0],PARAMETER[\"Latitude_Of_Origin\",38.0],UNIT[\"Meter\",1.0]]"
  },
  "fields" : [
    {
      "name" : "FID",
      "type" : "esriFieldTypeOID",
      "alias" : "FID"
    },
    {
      "name" : "PMNTN_SN",
      "type" : "esriFieldTypeDouble",
      "alias" : "PMNTN_SN"
    },
    {
      "name" : "MNTN_CODE",
      "type" : "esriFieldTypeString",
      "alias" : "MNTN_CODE",
      "length" : 9
    },
    {
      "name" : "MNTN_NM",
      "type" : "esriFieldTypeString",
      "alias" : "MNTN_NM",
      "length" : 50
    },
    {
      "name" : "PMNTN_NM",
      "type" : "esriFieldTypeString",
      "alias" : "PMNTN_NM",
      "length" : 50
    },
    {
      "name" : "PMNTN_MAIN",
      "type" : "esriFieldTypeString",
      "alias" : "PMNTN_MAIN",
      "length" : 200
    },
    {
      "name" : "PMNTN_LT",
      "type" : "esriFieldTypeSingle",
      "alias" : "PMNTN_LT"
    },
    {
      "name" : "PMNTN_DFFL",
      "type" : "esriFieldTypeString",
      "alias" : "PMNTN_DFFL",
      "length" : 8
    },
    {
      "name" : "PMNTN_UPPL",
      "type" : "esriFieldTypeDouble",
      "alias" : "PMNTN_UPPL"
    },
    {
      "name" : "PMNTN_GODN",
      "type" : "esriFieldTypeDouble",
      "alias" : "PMNTN_GODN"
    },
    {
      "name" : "PMNTN_MTRQ",
      "type" : "esriFieldTypeString",
      "alias" : "PMNTN_MTRQ",
      "length" : 200
    },
    {
      "name" : "PMNTN_CNRL",
      "type" : "esriFieldTypeString",
      "alias" : "PMNTN_CNRL",
      "length" : 1
    },
    {
      "name" : "PMNTN_CLS_",
      "type" : "esriFieldTypeString",
      "alias" : "PMNTN_CLS_",
      "length" : 1
    },
    {
      "name" : "PMNTN_RISK",
      "type" : "esriFieldTypeString",
      "alias" : "PMNTN_RISK",
      "length" : 200
    },
    {
      "name" : "PMNTN_RECO",
      "type" : "esriFieldTypeString",
      "alias" : "PMNTN_RECO",
      "length" : 1
    },
    {
      "name" : "DATA_STDR_",
      "type" : "esriFieldTypeString",
      "alias" : "DATA_STDR_",
      "length" : 10
    },
    {
      "name" : "MNTN_ID",
      "type" : "esriFieldTypeString",
      "alias" : "MNTN_ID",
      "length" : 10
    }
  ],
  "features" : [
    {
      "attributes" : {
        "FID" : 0,
        "PMNTN_SN" : 12202,
        "MNTN_CODE" : "427802201",
        "MNTN_NM" : "덕령산",
        "PMNTN_NM" : " ",
        "PMNTN_MAIN" : " ",
        "PMNTN_LT" : 2.49,
        "PMNTN_DFFL" : "쉬움",
        "PMNTN_UPPL" : 44,
        "PMNTN_GODN" : 31,
        "PMNTN_MTRQ" : " ",
        "PMNTN_CNRL" : " ",
        "PMNTN_CLS_" : " ",
        "PMNTN_RISK" : " ",
        "PMNTN_RECO" : " ",
        "DATA_STDR_" : "2016-12-31",
        "MNTN_ID" : "427800601"
      },
      "geometry" : {
        "paths" : [
          [
            [
              229217.42290000059,
              627320.95390000008
            ],
            [
              229224.33800000045,
              627323.86340000108
            ],
            [
              229229.36020000093,
              627329.47600000165
            ],
            [
              229255.83779999986,
              627341.32640000433
            ],
            [
              229278.71640000027,
              627352.28150000237
            ],
            [
              229294.26499999966,
              627364.0094000008
            ],
            [
              229298.05000000075,
              627366.73149999976
            ],
            [
              229302.70349999983,
              627370.16709999926
            ],
            [
              229306.37960000057,
              627375.18659999967
            ],
            [
              229309.35850000102,
              627379.32670000009
            ],
            [
              229312.40720000025,
              627383.55580000207
            ],
            [
              229316.8973000003,
              627386.15829999931
            ],
            [
              229320.70280000195,
              627389.28009999916
            ],
            [
              229325.40820000134,
              627392.89360000007
            ],
            [
              229330.50189999957,
              627395.62040000036
            ],
            [
              229335.24160000123,
              627396.98070000112
            ],
            [
              229339.90150000062,
              627398.62920000218
            ],
            [
              229345.6015999997,
              627400.71440000087
            ],
            [
              229351.76900000125,
              627401.84670000151
            ],
            [
              229357.57280000113,
              627401.86759999767
            ],
            [
              229362.09800000209,
              627404.43700000085
            ],
            [
              229367.77640000172,
              627407.67659999989
            ],
            [
              229373.05670000054,
              627409.62710000016
            ],
            [
              229378.16089999955,
              627411.87670000084
            ],
            [
              229385.78039999958,
              627415.73390000127
            ],
            [
              229390.3377000019,
              627421.53360000253
            ],
            [
              229393.67260000017,
              627426.47419999912
            ],
            [
              229396.83340000082,
              627431.14769999869
            ],
            [
              229400.8554000007,
              627434.89200000092
            ],
            [
              229404.15050000232,
              627438.73350000381
            ],
            [
              229408.65629999992,
              627438.20870000124
            ],
            [
              229412.86190000083,
              627438.39870000444
            ],
            [
              229412.20299999975,
              627441.47110000253
            ],
            [
              229415.86960000172,
              627444.22610000148
            ],
            [
              229419.76680000126,
              627443.7629000023
            ],
            [
              229421.34110000078,
              627446.55470000021
            ],
            [
              229422.45079999976,
              627449.55580000207
            ],
            [
              229423.6623999998,
              627452.21880000085
            ],
            [
              229423.86789999995,
              627455.87710000016
            ],
            [
              229424.07330000028,
              627460.80629999936
            ],
            [
              229429.19269999955,
              627460.05900000036
            ],
            [
              229431.21720000077,
              627463.04670000449
            ],
            [
              229433.92279999983,
              627465.25990000181
            ],
            [
              229434.8637000015,
              627468.93200000003
            ],
            [
              229437.7675999999,
              627472.02840000018
            ],
            [
              229441.69670000114,
              627473.61330000125
            ],
            [
              229445.83609999903,
              627477.55780000053
            ],
            [
              229449.7452000007,
              627481.05739999935
            ],
            [
              229453.62210000213,
              627482.55330000445
            ],
            [
              229458.5943,
              627483.14030000009
            ],
            [
              229463.78590000048,
              627486.01460000128
            ],
            [
              229466.93070000038,
              627482.98450000025
            ],
            [
              229471.59680000134,
              627482.91260000132
            ],
            [
              229474.02749999985,
              627486.11829999834
            ],
            [
              229478.19579999987,
              627485.71900000237
            ],
            [
              229483.94759999961,
              627485.56590000167
            ],
            [
              229488.03819999937,
              627487.26799999736
            ],
            [
              229492.72860000003,
              627485.33130000159
            ],
            [
              229497.47880000155,
              627486.19219999947
            ],
            [
              229500.78570000082,
              627486.75920000114
            ],
            [
              229551.45999999996,
              627485.63570000231
            ],
            [
              229580.22090000007,
              627495.52230000123
            ],
            [
              229593.70260000043,
              627500.91490000114
            ],
            [
              229605.38670000061,
              627513.49780000187
            ],
            [
              229627.85620000213,
              627522.48560000397
            ],
            [
              229659.31350000016,
              627530.57459999993
            ],
            [
              229674.59270000085,
              627537.76490000077
            ],
            [
              229691.66950000077,
              627539.56240000203
            ],
            [
              229710.54390000086,
              627551.24660000205
            ],
            [
              229733.01339999959,
              627561.13310000114
            ],
            [
              229749.19139999989,
              627567.42460000142
            ],
            [
              229776.15479999967,
              627567.42460000142
            ],
            [
              229806.71329999994,
              627567.42460000142
            ],
            [
              229826.48639999982,
              627568.32340000197
            ],
            [
              229849.8546000002,
              627571.91849999875
            ],
            [
              229872.32410000078,
              627564.72819999978
            ],
            [
              229877.71680000052,
              627556.63920000196
            ],
            [
              229880.41310000047,
              627544.05630000122
            ],
            [
              229873.22290000133,
              627529.67589999922
            ],
            [
              229864.2351000011,
              627517.09300000221
            ],
            [
              229850.75340000074,
              627500.91490000114
            ],
            [
              229845.36079999991,
              627483.83810000122
            ],
            [
              229848.05710000079,
              627466.76130000129
            ],
            [
              229857.0449000001,
              627460.46990000084
            ],
            [
              229892.99600000121,
              627455.97600000165
            ],
            [
              229910.0728000002,
              627451.48210000433
            ],
            [
              229930.74480000138,
              627434.40530000068
            ],
            [
              229956.80940000061,
              627424.51870000176
            ],
            [
              229980.17760000098,
              627419.12600000203
            ],
            [
              230010.73610000126,
              627413.73340000212
            ],
            [
              230021.5214999998,
              627408.34070000239
            ],
            [
              230037.69950000104,
              627401.15050000139
            ],
            [
              230058.66140000056,
              627391.50720000081
            ],
            [
              230056.59800000023,
              627383.72930000164
            ],
            [
              230054.40690000076,
              627377.316300001
            ],
            [
              230050.96900000051,
              627371.91999999993
            ],
            [
              230047.69020000193,
              627366.10239999928
            ],
            [
              230044.62170000002,
              627360.25230000354
            ],
            [
              230041.45570000168,
              627354.72370000184
            ],
            [
              230035.75640000124,
              627345.35620000027
            ],
            [
              230034.40750000067,
              627340.81120000221
            ],
            [
              230032.12739999965,
              627334.7974999994
            ],
            [
              230029.80339999963,
              627328.81699999981
            ],
            [
              230027.69670000114,
              627323.25909999944
            ],
            [
              230026.54609999992,
              627317.19399999827
            ],
            [
              230026.58380000014,
              627311.72170000151
            ],
            [
              230024.55990000069,
              627305.065200001
            ],
            [
              230023.56610000134,
              627299.20050000027
            ],
            [
              230022.6043000007,
              627291.77089999989
            ],
            [
              230022.50100000203,
              627286.54219999909
            ],
            [
              230021.15639999975,
              627280.84280000068
            ],
            [
              230019.78039999958,
              627274.17750000022
            ],
            [
              230019.48709999956,
              627268.25999999978
            ],
            [
              230019.28670000099,
              627260.86640000157
            ],
            [
              230018.05119999964,
              627254.06849999912
            ],
            [
              230016.45570000168,
              627249.95550000109
            ],
            [
              230006.90590000059,
              627226.92659999989
            ],
            [
              229992.98910000175,
              627194.69810000248
            ],
            [
              229975.40990000125,
              627202.75530000031
            ],
            [
              229939.51910000015,
              627218.86950000003
            ],
            [
              229922.67240000051,
              627192.50070000067
            ],
            [
              229899.96590000018,
              627187.37350000255
            ],
            [
              229886.78150000051,
              627172.72420000099
            ],
            [
              229861.14520000201,
              627169.79429999925
            ],
            [
              229850.8907000022,
              627173.45659999922
            ],
            [
              229836.24139999971,
              627188.83840000071
            ],
            [
              229828.18430000078,
              627202.02280000038
            ],
            [
              229813.53500000015,
              627217.40460000187
            ],
            [
              229795.22330000158,
              627226.92659999989
            ],
            [
              229787.89869999979,
              627199.09290000051
            ],
            [
              229776.91170000099,
              627199.09290000051
            ],
            [
              229776.17920000013,
              627204.95270000026
            ],
            [
              229759.33250000048,
              627204.22020000219
            ],
            [
              229749.81040000077,
              627191.76830000058
            ],
            [
              229738.82350000087,
              627174.18909999914
            ],
            [
              229731.49880000018,
              627162.46960000135
            ],
            [
              229731.49880000018,
              627152.21510000154
            ],
            [
              229712.45470000152,
              627150.75019999966
            ],
            [
              229705.86250000168,
              627142.6930999998
            ],
            [
              229700.0027999999,
              627147.08789999969
            ],
            [
              229678.76130000222,
              627129.50870000012
            ],
            [
              229672.90149999969,
              627120.71909999847
            ],
            [
              229658.25220000092,
              627106.80230000056
            ],
            [
              229646.53280000109,
              627087.02569999918
            ],
            [
              229623.82630000077,
              627087.02569999918
            ],
            [
              229609.17700000014,
              627087.75809999928
            ],
            [
              229595.2602000013,
              627059.92440000176
            ],
            [
              229587.9355000006,
              627057.72699999996
            ],
            [
              229574.75109999999,
              627050.40240000002
            ],
            [
              229540.32519999985,
              627040.14790000021
            ],
            [
              229512.49149999954,
              627029.16090000235
            ],
            [
              229491.25000000186,
              627015.97650000267
            ],
            [
              229483.92540000007,
              627014.51160000451
            ],
            [
              229461.9514000006,
              627003.52460000105
            ],
            [
              229444.3722000001,
              627001.32719999924
            ],
            [
              229433.3852000013,
              626991.07269999944
            ],
            [
              229393.83210000116,
              626995.46749999933
            ],
            [
              229358.67370000016,
              627004.25700000115
            ],
            [
              229333.03740000073,
              627014.51160000451
            ],
            [
              229319.85309999995,
              627025.49860000238
            ],
            [
              229313.26090000011,
              627043.07770000212
            ],
            [
              229309.59850000124,
              627047.47250000015
            ],
            [
              229292.01939999964,
              627062.85430000164
            ],
            [
              229281.76480000094,
              627077.50359999947
            ],
            [
              229272.97530000098,
              627103.87239999883
            ],
            [
              229266.38310000114,
              627119.25420000032
            ],
            [
              229264.91810000129,
              627149.28529999964
            ],
            [
              229270.77790000197,
              627173.45659999922
            ],
            [
              229279.56740000006,
              627202.02280000038
            ],
            [
              229272.24280000012,
              627210.07990000024
            ],
            [
              229268.58050000016,
              627215.20720000006
            ],
            [
              229243.67660000082,
              627288.45380000025
            ],
            [
              229235.61950000096,
              627291.38360000029
            ],
            [
              229233.42210000101,
              627297.97580000013
            ],
            [
              229226.09740000032,
              627315.5549999997
            ],
            [
              229217.42290000059,
              627320.95390000008
            ]
          ]
        ]
      }
    },
    {
      "attributes" : {
        "FID" : 1,
        "PMNTN_SN" : 12203,
        "MNTN_CODE" : "427802201",
        "MNTN_NM" : "덕령산",
        "PMNTN_NM" : "토성리구간",
        "PMNTN_MAIN" : " ",
        "PMNTN_LT" : 2.83,
        "PMNTN_DFFL" : "쉬움",
        "PMNTN_UPPL" : 50,
        "PMNTN_GODN" : 35,
        "PMNTN_MTRQ" : " ",
        "PMNTN_CNRL" : " ",
        "PMNTN_CLS_" : " ",
        "PMNTN_RISK" : " ",
        "PMNTN_RECO" : " ",
        "DATA_STDR_" : "2016-12-31",
        "MNTN_ID" : "427800601"
      },
      "geometry" : {
        "paths" : [
          [
            [
              229217.42290000059,
              627320.95390000008
            ],
            [
              229202.10240000021,
              627319.81410000101
            ],
            [
              229179.96570000052,
              627331.53360000253
            ],
            [
              229151.3180999998,
              627340.64870000072
            ],
            [
              229131.78569999989,
              627334.13790000044
            ],
            [
              229066.67760000098,
              627352.36820000224
            ],
            [
              229043.2387000015,
              627361.48330000229
            ],
            [
              228995.0588000007,
              627349.76380000077
            ],
            [
              228962.5047000004,
              627334.13790000044
            ],
            [
              228928.64850000013,
              627370.59840000048
            ],
            [
              228902.60530000087,
              627370.59840000048
            ],
            [
              228889.58370000124,
              627387.52649999969
            ],
            [
              228841.40369999968,
              627413.5698000025
            ],
            [
              228828.38210000098,
              627442.21730000153
            ],
            [
              228802.33889999986,
              627470.86490000226
            ],
            [
              228789.31730000023,
              627495.60590000078
            ],
            [
              228769.78490000125,
              627502.11670000106
            ],
            [
              228746.345900001,
              627494.30380000174
            ],
            [
              228715.0941000022,
              627486.49080000259
            ],
            [
              228698.1660000002,
              627496.90810000338
            ],
            [
              228690.35300000012,
              627509.92970000394
            ],
            [
              228691.4924000008,
              627536.62400000356
            ],
            [
              228696.37550000101,
              627556.15640000254
            ],
            [
              228706.14170000143,
              627569.82910000347
            ],
            [
              228710.04820000008,
              627586.4317000024
            ],
            [
              228718.83779999893,
              627593.26800000295
            ],
            [
              228737.393600001,
              627598.15110000037
            ],
            [
              228748.13640000019,
              627616.70690000243
            ],
            [
              228757.90260000061,
              627622.56660000235
            ],
            [
              228754.97279999964,
              627646.0055000037
            ],
            [
              228767.66880000103,
              627667.49120000005
            ],
            [
              228771.57529999968,
              627683.11710000224
            ],
            [
              228771.57529999968,
              627695.81320000254
            ],
            [
              228768.64550000057,
              627707.53270000406
            ],
            [
              228768.64550000057,
              627719.25210000202
            ],
            [
              228768.64550000057,
              627739.7611999996
            ],
            [
              228772.55190000124,
              627755.3871000018
            ],
            [
              228782.31820000056,
              627769.05980000086
            ],
            [
              228792.08440000005,
              627791.52210000157
            ],
            [
              228800.99289999995,
              627798.53310000151
            ],
            [
              228802.77539999969,
              627800.95220000111
            ],
            [
              228809.61400000099,
              627810.2332000006
            ],
            [
              228813.51400000043,
              627814.54370000213
            ],
            [
              228825.21410000231,
              627815.98059999943
            ],
            [
              228830.96150000114,
              627819.67530000024
            ],
            [
              228837.32469999976,
              627826.85960000195
            ],
            [
              228838.14570000116,
              627837.32809999958
            ],
            [
              228845.33000000007,
              627850.46500000171
            ],
            [
              228851.69320000056,
              627864.83349999972
            ],
            [
              228858.67219999991,
              627875.91770000011
            ],
            [
              228866.47220000066,
              627885.35989999957
            ],
            [
              228882.68809999991,
              627900.75469999947
            ],
            [
              228898.49349999987,
              627907.73370000161
            ],
            [
              228910.39880000055,
              627907.93900000118
            ],
            [
              228919.63570000045,
              627912.45480000414
            ],
            [
              228933.79889999889,
              627919.4338000007
            ],
            [
              228943.65160000045,
              627928.6707000006
            ],
            [
              228952.68320000079,
              627930.72330000438
            ],
            [
              228966.23070000019,
              627925.79700000025
            ],
            [
              228972.79910000134,
              627916.97060000151
            ],
            [
              228975.26229999959,
              627909.58109999821
            ],
            [
              228981.62550000008,
              627901.37050000019
            ],
            [
              228994.76240000036,
              627902.39680000208
            ],
            [
              229009.95199999958,
              627904.65479999967
            ],
            [
              229021.0362999998,
              627903.83369999938
            ],
            [
              229033.35210000072,
              627901.57579999976
            ],
            [
              229047.31010000128,
              627894.80210000463
            ],
            [
              229060.03650000133,
              627895.41789999977
            ],
            [
              229079.53660000116,
              627893.77569999918
            ],
            [
              229100.67879999988,
              627889.05470000021
            ],
            [
              229107.86310000066,
              627888.64409999922
            ],
            [
              229124.07899999991,
              627891.92839999869
            ],
            [
              229133.93159999978,
              627903.4232000038
            ],
            [
              229155.89490000065,
              627910.6074000001
            ],
            [
              229161.23180000111,
              627916.35480000079
            ],
            [
              229171.90549999941,
              627928.26019999944
            ],
            [
              229188.53200000059,
              627938.31810000166
            ],
            [
              229204.13200000022,
              627942.21810000204
            ],
            [
              229217.26900000125,
              627941.19180000201
            ],
            [
              229227.73739999905,
              627941.39710000157
            ],
            [
              229237.38490000181,
              627937.08650000021
            ],
            [
              229251.54810000025,
              627940.78130000085
            ],
            [
              229258.93760000076,
              627943.44969999976
            ],
            [
              229274.12719999999,
              627944.68130000122
            ],
            [
              229290.7536000004,
              627942.21810000204
            ],
            [
              229301.42730000056,
              627940.37069999985
            ],
            [
              229320.72219999973,
              627921.69170000404
            ],
            [
              229331.60120000038,
              627906.50210000016
            ],
            [
              229333.85910000093,
              627902.19160000235
            ],
            [
              229346.79079999961,
              627895.62310000136
            ],
            [
              229355.41190000158,
              627889.46520000137
            ],
            [
              229361.77510000113,
              627894.39149999991
            ],
            [
              229376.96460000053,
              627898.49680000171
            ],
            [
              229389.89630000107,
              627909.99159999937
            ],
            [
              229405.08579999954,
              627913.27589999884
            ],
            [
              229415.75960000139,
              627914.30220000073
            ],
            [
              229431.56490000058,
              627905.06530000083
            ],
            [
              229440.80180000048,
              627899.5231000036
            ],
            [
              229455.99139999971,
              627890.69680000283
            ],
            [
              229469.12829999905,
              627891.51779999956
            ],
            [
              229483.08629999962,
              627897.67579999939
            ],
            [
              229490.88630000036,
              627900.75469999947
            ],
            [
              229497.86529999971,
              627899.93370000273
            ],
            [
              229506.28110000119,
              627894.18630000204
            ],
            [
              229521.06020000018,
              627888.02830000408
            ],
            [
              229528.86020000093,
              627879.40719999932
            ],
            [
              229535.83920000214,
              627862.7808000017
            ],
            [
              229539.53399999999,
              627849.02810000442
            ],
            [
              229554.31300000008,
              627839.99650000408
            ],
            [
              229565.80779999867,
              627846.15440000035
            ],
            [
              229573.81309999991,
              627843.48599999957
            ],
            [
              229583.87110000104,
              627839.79120000452
            ],
            [
              229596.39219999965,
              627834.65960000083
            ],
            [
              229606.03960000072,
              627826.44900000282
            ],
            [
              229615.48180000018,
              627827.47540000267
            ],
            [
              229628.00290000159,
              627825.83320000209
            ],
            [
              229640.11350000091,
              627821.11220000312
            ],
            [
              229658.38200000208,
              627825.62800000049
            ],
            [
              229675.62420000043,
              627825.01219999976
            ],
            [
              229689.58220000006,
              627829.93850000203
            ],
            [
              229701.48750000075,
              627833.83860000409
            ],
            [
              229711.13500000071,
              627835.68590000272
            ],
            [
              229719.55079999939,
              627834.86490000039
            ],
            [
              229726.5298000006,
              627836.71230000257
            ],
            [
              229743.56669999938,
              627835.07010000199
            ],
            [
              229758.75629999954,
              627830.75960000418
            ],
            [
              229772.50899999961,
              627821.52270000428
            ],
            [
              229782.15640000068,
              627824.8069000002
            ],
            [
              229793.2407000009,
              627824.8069000002
            ],
            [
              229801.86180000007,
              627826.03850000165
            ],
            [
              229811.71449999884,
              627829.93850000203
            ],
            [
              229824.64610000141,
              627830.55430000275
            ],
            [
              229829.98300000001,
              627829.3227000013
            ],
            [
              229838.19359999988,
              627825.83320000209
            ],
            [
              229847.43050000072,
              627823.9859000016
            ],
            [
              229857.48840000015,
              627819.67530000024
            ],
            [
              229866.93060000055,
              627813.72269999981
            ],
            [
              229869.59900000039,
              627810.02789999917
            ],
            [
              229877.30680000037,
              627804.87060000375
            ],
            [
              229877.37170000002,
              627804.82720000111
            ],
            [
              229879.3515999997,
              627801.74730000272
            ],
            [
              229880.12150000222,
              627797.89760000072
            ],
            [
              229882.28479999956,
              627793.38780000247
            ],
            [
              229883.60470000096,
              627788.84139999934
            ],
            [
              229883.12810000032,
              627781.76510000229
            ],
            [
              229885.73120000027,
              627778.42860000394
            ],
            [
              229889.54430000205,
              627777.10869999975
            ],
            [
              229886.59290000051,
              627773.84559999965
            ],
            [
              229888.55440000072,
              627770.91239999793
            ],
            [
              229892.18420000002,
              627765.08270000108
            ],
            [
              229894.45739999972,
              627760.90290000103
            ],
            [
              229893.98080000188,
              627756.75989999995
            ],
            [
              229890.35099999979,
              627754.52329999954
            ],
            [
              229885.3646000009,
              627753.5700000003
            ],
            [
              229886.24450000003,
              627749.8302000016
            ],
            [
              229889.54430000205,
              627747.33699999936
            ],
            [
              229891.74419999961,
              627743.67060000077
            ],
            [
              229890.5708999997,
              627739.56409999914
            ],
            [
              229891.08420000132,
              627735.45770000294
            ],
            [
              229895.99730000086,
              627723.50500000268
            ],
            [
              229904.94350000098,
              627719.03189999796
            ],
            [
              229910.07660000119,
              627717.27200000361
            ],
            [
              229916.30950000044,
              627718.95859999955
            ],
            [
              229925.98900000099,
              627712.79890000261
            ],
            [
              229929.94880000129,
              627711.11240000091
            ],
            [
              229938.16160000023,
              627703.11950000003
            ],
            [
              229938.52830000035,
              627699.15970000066
            ],
            [
              229934.82519999985,
              627691.09350000136
            ],
            [
              229937.50169999991,
              627687.50030000135
            ],
            [
              229945.7145999996,
              627683.32060000114
            ],
            [
              229953.67080000136,
              627687.31699999981
            ],
            [
              229957.74060000107,
              627693.66000000387
            ],
            [
              229962.5803000005,
              627704.43940000236
            ],
            [
              229966.10010000132,
              627714.99880000018
            ],
            [
              229965.95340000186,
              627718.29860000126
            ],
            [
              229966.02679999918,
              627723.06500000134
            ],
            [
              229964.85349999927,
              627730.83790000156
            ],
            [
              229965.80680000037,
              627734.57770000212
            ],
            [
              229965.88009999972,
              627744.47720000148
            ],
            [
              229968.95990000106,
              627752.83670000173
            ],
            [
              229970.79320000019,
              627761.56290000118
            ],
            [
              229973.35969999991,
              627768.67580000125
            ],
            [
              229975.26630000211,
              627773.07560000196
            ],
            [
              229976.95280000009,
              627782.90169999935
            ],
            [
              229978.12609999999,
              627790.89460000023
            ],
            [
              229980.75040000025,
              627804.50970000215
            ],
            [
              229980.94319999963,
              627805.24850000069
            ],
            [
              229983.31549999956,
              627814.33840000257
            ],
            [
              229985.98390000127,
              627824.19109999947
            ],
            [
              229992.96290000062,
              627831.17009999976
            ],
            [
              229994.81030000094,
              627842.45970000327
            ],
            [
              229993.78390000015,
              627854.36500000209
            ],
            [
              229994.60500000138,
              627863.19140000083
            ],
            [
              229997.27340000123,
              627875.50720000267
            ],
            [
              230003.02080000006,
              627889.46520000137
            ],
            [
              230006.71560000069,
              627899.11260000244
            ],
            [
              230012.25770000089,
              627912.86529999971
            ],
            [
              230015.54200000037,
              627916.56010000035
            ],
            [
              230027.65259999968,
              627911.22320000082
            ],
            [
              230035.0421000002,
              627895.41789999977
            ],
            [
              230043.4578999998,
              627877.97040000185
            ],
            [
              230052.48949999921,
              627864.62820000015
            ],
            [
              230061.11060000118,
              627852.31230000034
            ],
            [
              230077.73700000159,
              627843.48599999957
            ],
            [
              230088.41080000065,
              627843.89650000073
            ],
            [
              230112.01620000228,
              627837.73860000074
            ],
            [
              230136.03210000228,
              627829.73330000229
            ],
            [
              230139.72690000013,
              627826.65430000238
            ]
          ]
        ]
      }
    }
  ]
}