{
  "displayFieldName" : "",
  "fieldAliases" : {
    "FID" : "FID",
    "PMNTN_SN" : "PMNTN_SN",
    "MNTN_CODE" : "MNTN_CODE",
    "MNTN_NM" : "MNTN_NM",
    "PMNTN_NM" : "PMNTN_NM",
    "PMNTN_MAIN" : "PMNTN_MAIN",
    "PMNTN_LT" : "PMNTN_LT",
    "PMNTN_DFFL" : "PMNTN_DFFL",
    "PMNTN_UPPL" : "PMNTN_UPPL",
    "PMNTN_GODN" : "PMNTN_GODN",
    "PMNTN_MTRQ" : "PMNTN_MTRQ",
    "PMNTN_CNRL" : "PMNTN_CNRL",
    "PMNTN_CLS_" : "PMNTN_CLS_",
    "PMNTN_RISK" : "PMNTN_RISK",
    "PMNTN_RECO" : "PMNTN_RECO",
    "DATA_STDR_" : "DATA_STDR_",
    "MNTN_ID" : "MNTN_ID"
  },
  "geometryType" : "esriGeometryPolyline",
  "spatialReference" : {
    "wkt" : "PROJCS[\"PCS_ITRF2000_TM\",GEOGCS[\"GCS_ITRF_2000\",DATUM[\"D_ITRF_2000\",SPHEROID[\"GRS_1980\",6378137.0,298.257222101]],PRIMEM[\"Greenwich\",0.0],UNIT[\"Degree\",0.0174532925199433]],PROJECTION[\"Transverse_Mercator\"],PARAMETER[\"False_Easting\",200000.0],PARAMETER[\"False_Northing\",600000.0],PARAMETER[\"Central_Meridian\",127.0],PARAMETER[\"Scale_Factor\",1.0],PARAMETER[\"Latitude_Of_Origin\",38.0],UNIT[\"Meter\",1.0]]"
  },
  "fields" : [
    {
      "name" : "FID",
      "type" : "esriFieldTypeOID",
      "alias" : "FID"
    },
    {
      "name" : "PMNTN_SN",
      "type" : "esriFieldTypeDouble",
      "alias" : "PMNTN_SN"
    },
    {
      "name" : "MNTN_CODE",
      "type" : "esriFieldTypeString",
      "alias" : "MNTN_CODE",
      "length" : 9
    },
    {
      "name" : "MNTN_NM",
      "type" : "esriFieldTypeString",
      "alias" : "MNTN_NM",
      "length" : 50
    },
    {
      "name" : "PMNTN_NM",
      "type" : "esriFieldTypeString",
      "alias" : "PMNTN_NM",
      "length" : 50
    },
    {
      "name" : "PMNTN_MAIN",
      "type" : "esriFieldTypeString",
      "alias" : "PMNTN_MAIN",
      "length" : 200
    },
    {
      "name" : "PMNTN_LT",
      "type" : "esriFieldTypeSingle",
      "alias" : "PMNTN_LT"
    },
    {
      "name" : "PMNTN_DFFL",
      "type" : "esriFieldTypeString",
      "alias" : "PMNTN_DFFL",
      "length" : 8
    },
    {
      "name" : "PMNTN_UPPL",
      "type" : "esriFieldTypeDouble",
      "alias" : "PMNTN_UPPL"
    },
    {
      "name" : "PMNTN_GODN",
      "type" : "esriFieldTypeDouble",
      "alias" : "PMNTN_GODN"
    },
    {
      "name" : "PMNTN_MTRQ",
      "type" : "esriFieldTypeString",
      "alias" : "PMNTN_MTRQ",
      "length" : 200
    },
    {
      "name" : "PMNTN_CNRL",
      "type" : "esriFieldTypeString",
      "alias" : "PMNTN_CNRL",
      "length" : 1
    },
    {
      "name" : "PMNTN_CLS_",
      "type" : "esriFieldTypeString",
      "alias" : "PMNTN_CLS_",
      "length" : 1
    },
    {
      "name" : "PMNTN_RISK",
      "type" : "esriFieldTypeString",
      "alias" : "PMNTN_RISK",
      "length" : 200
    },
    {
      "name" : "PMNTN_RECO",
      "type" : "esriFieldTypeString",
      "alias" : "PMNTN_RECO",
      "length" : 1
    },
    {
      "name" : "DATA_STDR_",
      "type" : "esriFieldTypeString",
      "alias" : "DATA_STDR_",
      "length" : 10
    },
    {
      "name" : "MNTN_ID",
      "type" : "esriFieldTypeString",
      "alias" : "MNTN_ID",
      "length" : 10
    }
  ],
  "features" : [
    {
      "attributes" : {
        "FID" : 0,
        "PMNTN_SN" : 43867,
        "MNTN_CODE" : "411300304",
        "MNTN_NM" : "이배재고개",
        "PMNTN_NM" : "갈현동구간",
        "PMNTN_MAIN" : " ",
        "PMNTN_LT" : 0.42,
        "PMNTN_DFFL" : "쉬움",
        "PMNTN_UPPL" : 7,
        "PMNTN_GODN" : 5,
        "PMNTN_MTRQ" : "토사",
        "PMNTN_CNRL" : " ",
        "PMNTN_CLS_" : " ",
        "PMNTN_RISK" : "부분적 암석 노출",
        "PMNTN_RECO" : " ",
        "DATA_STDR_" : "2016-12-31",
        "MNTN_ID" : "411300304"
      },
      "geometry" : {
        "paths" : [
          [
            [
              215579.50600000098,
              534965.65210000053
            ],
            [
              215563.49210000411,
              534986.08820000105
            ],
            [
              215539.07230000105,
              535001.91330000013
            ],
            [
              215519.58530000225,
              535009.7311000023
            ],
            [
              215514.02590000071,
              535015.52309999987
            ],
            [
              215502.33440000098,
              535026.01340000145
            ],
            [
              215489.20090000052,
              535041.84090000391
            ],
            [
              215477.26730000321,
              535048.91190000065
            ],
            [
              215461.36580000166,
              535050.94319999777
            ],
            [
              215420.77810000069,
              535041.39310000092
            ],
            [
              215385.13320000097,
              535030.83170000091
            ],
            [
              215370.16080000065,
              535031.58290000074
            ],
            [
              215361.5707000019,
              535039.31670000032
            ],
            [
              215347.96950000152,
              535055.46910000034
            ],
            [
              215330.36830000114,
              535079.95870000124
            ],
            [
              215305.56660000049,
              535089.97879999876
            ],
            [
              215268.22260000091,
              535097.17579999939
            ],
            [
              215249.36270000227,
              535101.96890000254
            ],
            [
              215238.33540000115,
              535112.84280000068
            ],
            [
              215232.65680000186,
              535121.2733000014
            ]
          ]
        ]
      }
    },
    {
      "attributes" : {
        "FID" : 1,
        "PMNTN_SN" : 43868,
        "MNTN_CODE" : "411300304",
        "MNTN_NM" : "이배재고개",
        "PMNTN_NM" : "갈현동구간",
        "PMNTN_MAIN" : " ",
        "PMNTN_LT" : 3.7,
        "PMNTN_DFFL" : "쉬움",
        "PMNTN_UPPL" : 65,
        "PMNTN_GODN" : 46,
        "PMNTN_MTRQ" : "토사",
        "PMNTN_CNRL" : " ",
        "PMNTN_CLS_" : " ",
        "PMNTN_RISK" : "부분적 암석 노출",
        "PMNTN_RECO" : " ",
        "DATA_STDR_" : "2016-12-31",
        "MNTN_ID" : "411300304"
      },
      "geometry" : {
        "paths" : [
          [
            [
              217069.0998999998,
              536868.46680000052
            ],
            [
              217080.37850000151,
              536874.52490000054
            ],
            [
              217090.63170000352,
              536883.98580000177
            ],
            [
              217098.17279999889,
              536895.45820000023
            ],
            [
              217095.03210000135,
              536905.43440000154
            ],
            [
              217095.22020000126,
              536917.69600000046
            ],
            [
              217099.22119999956,
              536934.06500000134
            ],
            [
              217106.67729999963,
              536948.90140000172
            ],
            [
              217121.76850000117,
              536960.23230000027
            ],
            [
              217139.13559999969,
              536981.33530000038
            ],
            [
              217146.08630000334,
              536983.67370000109
            ],
            [
              217150.50050000194,
              536989.34310000017
            ],
            [
              217149.65160000417,
              536999.16630000062
            ],
            [
              217143.28330000024,
              537005.9699000027
            ],
            [
              217136.91200000141,
              537017.2117999997
            ],
            [
              217137.0915000001,
              537024.10150000267
            ],
            [
              217143.29090000037,
              537026.28969999962
            ],
            [
              217164.79460000154,
              537030.14150000177
            ],
            [
              217169.88430000097,
              537032.55470000207
            ],
            [
              217174.33140000049,
              537034.76510000229
            ],
            [
              217180.75420000032,
              537031.94100000337
            ],
            [
              217193.72180000041,
              537021.71680000238
            ],
            [
              217202.305800003,
              537017.08239999972
            ],
            [
              217216.99530000053,
              537013.58820000663
            ],
            [
              217222.72719999962,
              537006.81770000234
            ],
            [
              217224.78000000119,
              536984.36779999919
            ],
            [
              217221.78689999972,
              536969.62879999913
            ],
            [
              217226.37200000137,
              536957.78610000201
            ],
            [
              217219.42950000148,
              536946.50569999963
            ],
            [
              217220.39970000181,
              536937.40059999749
            ],
            [
              217222.40279999934,
              536919.22929999977
            ],
            [
              217223.39430000167,
              536909.48280000128
            ],
            [
              217229.6091000028,
              536901.63450000063
            ],
            [
              217252.87129999883,
              536883.70130000263
            ],
            [
              217280.8144000005,
              536852.75300000235
            ],
            [
              217290.11040000152,
              536838.22269999981
            ],
            [
              217280.94600000139,
              536816.93899999931
            ],
            [
              217264.6997000007,
              536792.51220000163
            ],
            [
              217244.9810000034,
              536789.03329999931
            ],
            [
              217234.15110000223,
              536781.07169999927
            ],
            [
              217220.35859999992,
              536760.9672000017
            ],
            [
              217220.20430000033,
              536735.89210000075
            ],
            [
              217216.70909999963,
              536711.85809999891
            ],
            [
              217211.81599999964,
              536699.33650000021
            ],
            [
              217208.37590000127,
              536681.37270000018
            ],
            [
              217205.91920000128,
              536660.83429999836
            ],
            [
              217202.87990000099,
              536645.40380000137
            ],
            [
              217193.57019999996,
              536627.42500000447
            ],
            [
              217186.83960000053,
              536606.63709999993
            ],
            [
              217181.78940000106,
              536589.91540000029
            ],
            [
              217178.41810000036,
              536574.03520000167
            ],
            [
              217172.18919999991,
              536548.80389999971
            ],
            [
              217172.4383000005,
              536538.97250000201
            ],
            [
              217177.69130000006,
              536533.03610000201
            ],
            [
              217178.90370000154,
              536524.32349999994
            ],
            [
              217178.24469999969,
              536514.31909999996
            ],
            [
              217172.9185000034,
              536509.12219999917
            ],
            [
              217168.18859999999,
              536492.28830000013
            ],
            [
              217164.45080000069,
              536477.95729999989
            ],
            [
              217163.46340000071,
              536470.5139000006
            ],
            [
              217158.22680000402,
              536463.59090000205
            ],
            [
              217153.90320000052,
              536451.0569000002
            ],
            [
              217150.07400000002,
              536440.65000000037
            ],
            [
              217144.91160000209,
              536420.75310000218
            ],
            [
              217141.01880000252,
              536404.29520000145
            ],
            [
              217133.9197000023,
              536381.73900000006
            ],
            [
              217130.52159999963,
              536369.80199999921
            ],
            [
              217124.37180000171,
              536348.76589999907
            ],
            [
              217123.90510000288,
              536330.57000000216
            ],
            [
              217127.69930000231,
              536313.98390000127
            ],
            [
              217135.35370000359,
              536302.07340000011
            ],
            [
              217153.24990000203,
              536290.59340000153
            ],
            [
              217180.38150000293,
              536281.93630000018
            ],
            [
              217179.98070000019,
              536273.49560000189
            ],
            [
              217184.52260000259,
              536266.61850000173
            ],
            [
              217207.20050000213,
              536247.24640000053
            ],
            [
              217222.14760000166,
              536226.30420000106
            ],
            [
              217218.71890000161,
              536221.51880000345
            ],
            [
              217219.18840000033,
              536216.20830000192
            ],
            [
              217208.48390000127,
              536205.9309000019
            ],
            [
              217201.99460000265,
              536160.43650000356
            ],
            [
              217173.58000000007,
              536130.01209999993
            ],
            [
              217156.32750000246,
              536113.45150000229
            ],
            [
              217144.63230000064,
              536098.26430000179
            ],
            [
              217139.66320000216,
              536085.06929999962
            ],
            [
              217141.05719999969,
              536076.35860000178
            ],
            [
              217140.53610000107,
              536060.17030000128
            ],
            [
              217135.66339999996,
              536039.27099999785
            ],
            [
              217118.19759999868,
              536015.17820000276
            ],
            [
              217101.36690000072,
              536007.84979999997
            ],
            [
              217081.70660000108,
              536003.44430000149
            ],
            [
              217065.55360000208,
              535995.41629999876
            ],
            [
              217048.01429999992,
              535982.01470000111
            ],
            [
              217044.40060000028,
              535967.46399999969
            ],
            [
              217037.92219999991,
              535957.78410000354
            ],
            [
              217025.58330000099,
              535948.07410000265
            ],
            [
              217009.7965000011,
              535937.93850000016
            ],
            [
              216997.57760000229,
              535924.35960000381
            ],
            [
              216990.50659999996,
              535912.41180000268
            ],
            [
              216985.74330000021,
              535898.88959999941
            ],
            [
              216978.13379999995,
              535889.58270000108
            ],
            [
              216965.74980000034,
              535886.7004000023
            ],
            [
              216955.32669999916,
              535882.59630000032
            ],
            [
              216943.8702000007,
              535872.58240000159
            ],
            [
              216927.92160000093,
              535869.82349999994
            ],
            [
              216913.00969999935,
              535870.31310000271
            ],
            [
              216898.11230000015,
              535872.61020000093
            ],
            [
              216884.77300000377,
              535871.25249999948
            ],
            [
              216876.09490000084,
              535866.99940000102
            ],
            [
              216863.7703999998,
              535865.39070000127
            ],
            [
              216853.58330000099,
              535858.16740000248
            ],
            [
              216843.34860000107,
              535844.91819999926
            ],
            [
              216819.67090000026,
              535820.02630000003
            ],
            [
              216799.23180000018,
              535808.52540000342
            ],
            [
              216787.26250000019,
              535805.04180000164
            ],
            [
              216777.21270000096,
              535799.2060000021
            ],
            [
              216772.0671000015,
              535790.69980000146
            ],
            [
              216762.59750000015,
              535787.69129999913
            ],
            [
              216750.67870000005,
              535783.06300000101
            ],
            [
              216742.68420000002,
              535770.98980000056
            ],
            [
              216732.95120000374,
              535756.29120000452
            ],
            [
              216713.50340000167,
              535739.3685999997
            ],
            [
              216703.66580000147,
              535731.10410000011
            ],
            [
              216696.34240000322,
              535718.43260000274
            ],
            [
              216695.19230000023,
              535710.87550000101
            ],
            [
              216690.53790000081,
              535705.85380000249
            ],
            [
              216686.88980000094,
              535695.54849999957
            ],
            [
              216679.95940000005,
              535688.29920000024
            ],
            [
              216671.39940000046,
              535683.23000000417
            ],
            [
              216663.31740000378,
              535679.62190000154
            ],
            [
              216651.29989999998,
              535677.42940000258
            ],
            [
              216640.5933000017,
              535672.75989999808
            ],
            [
              216630.85300000105,
              535663.9224999994
            ],
            [
              216623.63390000071,
              535654.7752000019
            ],
            [
              216619.38450000156,
              535642.47260000184
            ],
            [
              216614.22510000411,
              535634.5530999992
            ],
            [
              216607.93520000298,
              535627.09260000102
            ],
            [
              216602.67449999973,
              535618.29890000075
            ],
            [
              216598.93900000118,
              535601.86980000138
            ],
            [
              216598.81530000363,
              535594.15090000071
            ],
            [
              216593.94190000184,
              535590.76860000193
            ],
            [
              216584.77240000293,
              535585.73679999821
            ],
            [
              216583.8479000004,
              535566.6742000021
            ],
            [
              216579.27850000001,
              535547.40850000083
            ],
            [
              216565.11990000308,
              535535.84360000119
            ],
            [
              216544.40350000001,
              535526.01740000024
            ],
            [
              216523.55790000316,
              535524.06900000386
            ],
            [
              216509.50520000048,
              535523.83660000004
            ],
            [
              216466.49120000284,
              535523.95670000091
            ],
            [
              216458.98990000132,
              535511.56570000201
            ],
            [
              216444.35560000036,
              535486.10109999962
            ],
            [
              216438.30370000005,
              535474.97670000419
            ],
            [
              216435.38780000247,
              535454.83359999768
            ],
            [
              216431.25440000091,
              535442.73740000278
            ],
            [
              216430.29650000017,
              535434.16940000094
            ],
            [
              216432.20280000102,
              535424.69109999947
            ],
            [
              216435.2555999998,
              535414.28890000097
            ],
            [
              216437.06690000091,
              535406.48120000213
            ],
            [
              216436.31880000047,
              535398.54759999923
            ],
            [
              216435.23890000116,
              535394.23619999923
            ],
            [
              216429.85000000056,
              535379.48880000226
            ],
            [
              216427.8684000019,
              535364.75139999948
            ],
            [
              216422.38920000196,
              535342.54949999973
            ],
            [
              216416.18850000016,
              535320.15400000103
            ],
            [
              216413.8004999999,
              535310.26820000075
            ],
            [
              216414.5830000015,
              535302.69669999927
            ],
            [
              216419.25240000337,
              535298.77889999934
            ],
            [
              216417.45270000119,
              535292.41750000231
            ],
            [
              216419.14800000191,
              535286.94430000149
            ],
            [
              216421.08420000225,
              535283.41260000132
            ],
            [
              216419.00960000232,
              535279.31460000202
            ],
            [
              216417.16469999868,
              535271.03080000356
            ],
            [
              216417.98819999956,
              535263.28320000134
            ],
            [
              216419.88090000208,
              535251.9988000039
            ],
            [
              216416.13450000156,
              535246.19470000453
            ],
            [
              216414.88019999955,
              535238.35740000196
            ],
            [
              216417.99050000124,
              535225.94170000032
            ],
            [
              216411.10170000046,
              535204.43329999968
            ],
            [
              216391.11320000049,
              535181.47960000113
            ],
            [
              216383.70779999997,
              535170.20460000262
            ],
            [
              216377.06450000126,
              535154.91579999775
            ],
            [
              216365.07360000256,
              535143.1788000036
            ],
            [
              216347.38239999954,
              535132.96680000424
            ],
            [
              216319.21040000115,
              535125.21190000139
            ],
            [
              216309.81269999966,
              535122.39550000243
            ],
            [
              216302.58330000285,
              535119.20649999939
            ],
            [
              216288.51450000051,
              535115.88770000078
            ],
            [
              216278.02140000183,
              535122.15390000306
            ],
            [
              216272.84440000169,
              535128.41690000147
            ],
            [
              216266.76180000324,
              535131.43280000053
            ],
            [
              216261.6277999999,
              535129.48290000297
            ],
            [
              216255.90000000224,
              535123.06149999984
            ],
            [
              216249.8498000009,
              535117.37360000052
            ],
            [
              216243.52670000307,
              535116.70670000091
            ],
            [
              216234.70660000201,
              535108.67960000038
            ],
            [
              216230.01970000006,
              535100.50350000151
            ],
            [
              216221.03820000403,
              535097.71690000035
            ],
            [
              216207.26659999974,
              535093.75319999829
            ],
            [
              216193.5521000009,
              535085.16249999963
            ],
            [
              216181.95070000272,
              535084.00680000149
            ],
            [
              216166.70750000048,
              535083.65510000102
            ],
            [
              216157.25150000118,
              535089.85540000163
            ],
            [
              216147.01600000262,
              535090.39760000259
            ],
            [
              216135.86639999971,
              535095.91889999993
            ],
            [
              216119.12110000383,
              535100.25670000352
            ],
            [
              216106.70870000124,
              535108.20820000395
            ],
            [
              216098.23000000045,
              535120.32770000212
            ],
            [
              216088.8022999987,
              535134.30450000241
            ],
            [
              216078.23940000031,
              535141.76490000077
            ],
            [
              216067.0717000002,
              535142.16500000283
            ],
            [
              216051.51730000321,
              535140.18920000084
            ],
            [
              216037.84959999938,
              535137.56780000031
            ],
            [
              216024.2862999998,
              535144.45409999974
            ],
            [
              216016.33320000209,
              535150.54429999925
            ],
            [
              216006.0261000013,
              535157.87079999968
            ],
            [
              215996.67390000261,
              535157.64589999989
            ],
            [
              215988.87110000383,
              535164.87900000066
            ],
            [
              215984.72499999963,
              535171.81430000253
            ],
            [
              215977.38119999878,
              535179.36800000072
            ],
            [
              215967.58800000139,
              535185.08699999936
            ],
            [
              215950.59630000126,
              535188.7407000009
            ],
            [
              215938.45090000145,
              535187.05360000022
            ],
            [
              215923.7826000005,
              535189.5362999998
            ],
            [
              215904.20780000091,
              535187.68120000139
            ],
            [
              215894.23740000091,
              535183.78360000253
            ],
            [
              215887.28490000311,
              535180.3264000006
            ],
            [
              215880.11810000055,
              535178.31110000238
            ],
            [
              215865.65210000053,
              535175.61420000158
            ],
            [
              215852.66839999985,
              535171.19220000133
            ],
            [
              215840.76089999918,
              535159.94590000436
            ],
            [
              215810.53370000049,
              535138.46990000084
            ],
            [
              215781.32390000205,
              535113.93280000053
            ],
            [
              215764.9430999998,
              535104.15960000083
            ],
            [
              215746.92840000335,
              535096.54410000332
            ],
            [
              215740.30730000138,
              535099.05890000425
            ],
            [
              215731.60950000118,
              535099.84540000185
            ],
            [
              215724.34389999975,
              535097.49799999967
            ],
            [
              215714.95390000101,
              535087.89950000122
            ],
            [
              215699.37119999994,
              535069.18359999917
            ],
            [
              215676.33050000016,
              535053.98610000126
            ],
            [
              215668.52750000264,
              535049.27440000139
            ],
            [
              215653.42050000187,
              535046.38770000264
            ],
            [
              215641.92920000013,
              535034.85099999979
            ],
            [
              215634.69630000088,
              535022.04609999992
            ],
            [
              215614.14430000074,
              534993.16909999959
            ],
            [
              215601.47869999986,
              534980.78449999914
            ],
            [
              215588.42340000067,
              534968.52370000444
            ],
            [
              215579.50600000098,
              534965.65210000053
            ]
          ]
        ]
      }
    },
    {
      "attributes" : {
        "FID" : 2,
        "PMNTN_SN" : 43869,
        "MNTN_CODE" : "411300304",
        "MNTN_NM" : "이배재고개",
        "PMNTN_NM" : "갈현동구간",
        "PMNTN_MAIN" : " ",
        "PMNTN_LT" : 2.48,
        "PMNTN_DFFL" : "쉬움",
        "PMNTN_UPPL" : 44,
        "PMNTN_GODN" : 31,
        "PMNTN_MTRQ" : "토사",
        "PMNTN_CNRL" : " ",
        "PMNTN_CLS_" : " ",
        "PMNTN_RISK" : "부분적 암석 노출",
        "PMNTN_RECO" : " ",
        "DATA_STDR_" : "2016-12-31",
        "MNTN_ID" : "411300304"
      },
      "geometry" : {
        "paths" : [
          [
            [
              215579.50600000098,
              534965.65210000053
            ],
            [
              215544.67840000056,
              534948.03289999813
            ],
            [
              215527.76059999969,
              534939.83370000124
            ],
            [
              215503.55560000055,
              534927.81609999947
            ],
            [
              215493.51060000155,
              534922.73670000024
            ],
            [
              215486.21710000187,
              534918.33230000176
            ],
            [
              215468.44550000131,
              534922.32740000263
            ],
            [
              215440.42400000058,
              534919.62430000119
            ],
            [
              215424.5027999999,
              534926.16260000132
            ],
            [
              215404.18600000255,
              534938.20930000022
            ],
            [
              215385.8041000003,
              534935.17989999987
            ],
            [
              215362.50730000157,
              534917.48050000146
            ],
            [
              215327.25040000025,
              534894.85659999959
            ],
            [
              215287.18280000333,
              534881.52660000324
            ],
            [
              215238.6697000023,
              534897.1688000001
            ],
            [
              215199.14600000344,
              534886.6034000013
            ],
            [
              215175.68000000063,
              534882.912200002
            ],
            [
              215157.88080000319,
              534883.68130000122
            ],
            [
              215139.81599999964,
              534882.36160000041
            ],
            [
              215126.45889999997,
              534880.43950000219
            ],
            [
              215110.60220000055,
              534880.58850000426
            ],
            [
              215089.22890000325,
              534894.63680000044
            ],
            [
              215069.71460000053,
              534910.40700000152
            ],
            [
              215041.67030000035,
              534928.50599999912
            ],
            [
              214998.14360000193,
              534940.45610000379
            ],
            [
              214966.60720000323,
              534952.99550000206
            ],
            [
              214933.23570000194,
              534946.09820000082
            ],
            [
              214893.85120000038,
              534944.72540000267
            ],
            [
              214864.54140000045,
              534957.90890000015
            ],
            [
              214849.49480000231,
              534956.17250000127
            ],
            [
              214829.78420000058,
              534948.97210000269
            ],
            [
              214824.39010000043,
              534941.20140000246
            ],
            [
              214812.63550000079,
              534940.64870000072
            ],
            [
              214803.8972000014,
              534936.43670000136
            ],
            [
              214795.75870000105,
              534931.54290000163
            ],
            [
              214785.63940000068,
              534930.43459999934
            ],
            [
              214779.02180000208,
              534933.63370000012
            ],
            [
              214770.16080000065,
              534933.69910000078
            ],
            [
              214748.94170000032,
              534931.49090000056
            ],
            [
              214732.52969999891,
              534930.49430000596
            ],
            [
              214711.4030000018,
              534939.59239999764
            ],
            [
              214689.06680000387,
              534965.50770000368
            ],
            [
              214669.59370000195,
              534982.07710000128
            ],
            [
              214653.62920000218,
              534992.45690000243
            ],
            [
              214621.03560000099,
              535013.39970000274
            ],
            [
              214607.08890000265,
              535024.25010000169
            ],
            [
              214578.99610000011,
              535045.38330000453
            ],
            [
              214550.68670000043,
              535071.71650000103
            ],
            [
              214527.25110000279,
              535086.08559999987
            ],
            [
              214507.875,
              535100.04330000281
            ],
            [
              214492.33770000003,
              535129.75710000098
            ],
            [
              214493.01770000067,
              535156.86640000157
            ],
            [
              214474.84830000065,
              535189.7293999996
            ],
            [
              214477.00970000122,
              535214.17130000144
            ],
            [
              214452.62640000042,
              535236.18590000458
            ],
            [
              214423.68080000021,
              535240.56389999948
            ],
            [
              214392.47589999996,
              535229.78400000557
            ],
            [
              214337.93410000391,
              535258.37049999833
            ],
            [
              214308.45839999989,
              535303.23360000178
            ],
            [
              214343.58229999989,
              535332.0492000021
            ],
            [
              214329.5532000009,
              535347.01109999977
            ],
            [
              214302.37340000086,
              535360.31400000304
            ],
            [
              214278.83410000149,
              535392.64719999768
            ],
            [
              214245.5250000041,
              535423.82880000025
            ],
            [
              214209.28860000055,
              535444.37260000035
            ],
            [
              214177.58830000367,
              535441.94530000165
            ],
            [
              214133.35440000147,
              535382.78050000034
            ],
            [
              214117.66750000138,
              535384.69329999946
            ],
            [
              214106.52030000091,
              535379.46939999983
            ],
            [
              214073.98700000066,
              535392.09460000321
            ],
            [
              214027.42790000234,
              535396.51830000058
            ],
            [
              214020.64890000317,
              535397.92369999923
            ],
            [
              214012.8282000022,
              535401.73970000073
            ],
            [
              213993.77040000074,
              535417.96209999919
            ],
            [
              213933.62239999976,
              535470.51979999989
            ],
            [
              213919.23620000016,
              535478.7862000037
            ],
            [
              213914.5297000017,
              535475.98580000363
            ],
            [
              213932.42600000184,
              535447.02650000155
            ],
            [
              213953.11280000024,
              535415.46700000204
            ],
            [
              213954.24380000215,
              535396.84150000103
            ],
            [
              213921.6511000013,
              535367.33260000311
            ],
            [
              213909.62270000298,
              535374.11980000138
            ],
            [
              213898.22640000004,
              535386.1670999974
            ],
            [
              213883.77419999987,
              535403.04980000108
            ],
            [
              213874.81120000035,
              535412.53280000016
            ],
            [
              213863.02070000023,
              535418.02009999938
            ],
            [
              213842.26450000051,
              535439.25
            ],
            [
              213835.47510000039,
              535447.3607000038
            ],
            [
              213808.71899999864,
              535445.83070000075
            ],
            [
              213790.87650000025,
              535444.4616000019
            ],
            [
              213772.43940000143,
              535444.08520000055
            ],
            [
              213757.84570000134,
              535440.26070000231
            ],
            [
              213749.10219999962,
              535430.28309999965
            ],
            [
              213741.72710000165,
              535421.64990000427
            ],
            [
              213729.61380000319,
              535417.52760000154
            ]
          ]
        ]
      }
    }
  ]
}