{
  "displayFieldName" : "",
  "fieldAliases" : {
    "FID" : "FID",
    "PMNTN_SN" : "PMNTN_SN",
    "MNTN_CODE" : "MNTN_CODE",
    "MNTN_NM" : "MNTN_NM",
    "PMNTN_NM" : "PMNTN_NM",
    "PMNTN_MAIN" : "PMNTN_MAIN",
    "PMNTN_LT" : "PMNTN_LT",
    "PMNTN_DFFL" : "PMNTN_DFFL",
    "PMNTN_UPPL" : "PMNTN_UPPL",
    "PMNTN_GODN" : "PMNTN_GODN",
    "PMNTN_MTRQ" : "PMNTN_MTRQ",
    "PMNTN_CNRL" : "PMNTN_CNRL",
    "PMNTN_CLS_" : "PMNTN_CLS_",
    "PMNTN_RISK" : "PMNTN_RISK",
    "PMNTN_RECO" : "PMNTN_RECO",
    "DATA_STDR_" : "DATA_STDR_",
    "MNTN_ID" : "MNTN_ID"
  },
  "geometryType" : "esriGeometryPolyline",
  "spatialReference" : {
    "wkt" : "PROJCS[\"PCS_ITRF2000_TM\",GEOGCS[\"GCS_ITRF_2000\",DATUM[\"D_ITRF_2000\",SPHEROID[\"GRS_1980\",6378137.0,298.257222101]],PRIMEM[\"Greenwich\",0.0],UNIT[\"Degree\",0.0174532925199433]],PROJECTION[\"Transverse_Mercator\"],PARAMETER[\"False_Easting\",200000.0],PARAMETER[\"False_Northing\",600000.0],PARAMETER[\"Central_Meridian\",127.0],PARAMETER[\"Scale_Factor\",1.0],PARAMETER[\"Latitude_Of_Origin\",38.0],UNIT[\"Meter\",1.0]]"
  },
  "fields" : [
    {
      "name" : "FID",
      "type" : "esriFieldTypeOID",
      "alias" : "FID"
    },
    {
      "name" : "PMNTN_SN",
      "type" : "esriFieldTypeDouble",
      "alias" : "PMNTN_SN"
    },
    {
      "name" : "MNTN_CODE",
      "type" : "esriFieldTypeString",
      "alias" : "MNTN_CODE",
      "length" : 9
    },
    {
      "name" : "MNTN_NM",
      "type" : "esriFieldTypeString",
      "alias" : "MNTN_NM",
      "length" : 50
    },
    {
      "name" : "PMNTN_NM",
      "type" : "esriFieldTypeString",
      "alias" : "PMNTN_NM",
      "length" : 50
    },
    {
      "name" : "PMNTN_MAIN",
      "type" : "esriFieldTypeString",
      "alias" : "PMNTN_MAIN",
      "length" : 200
    },
    {
      "name" : "PMNTN_LT",
      "type" : "esriFieldTypeSingle",
      "alias" : "PMNTN_LT"
    },
    {
      "name" : "PMNTN_DFFL",
      "type" : "esriFieldTypeString",
      "alias" : "PMNTN_DFFL",
      "length" : 8
    },
    {
      "name" : "PMNTN_UPPL",
      "type" : "esriFieldTypeDouble",
      "alias" : "PMNTN_UPPL"
    },
    {
      "name" : "PMNTN_GODN",
      "type" : "esriFieldTypeDouble",
      "alias" : "PMNTN_GODN"
    },
    {
      "name" : "PMNTN_MTRQ",
      "type" : "esriFieldTypeString",
      "alias" : "PMNTN_MTRQ",
      "length" : 200
    },
    {
      "name" : "PMNTN_CNRL",
      "type" : "esriFieldTypeString",
      "alias" : "PMNTN_CNRL",
      "length" : 1
    },
    {
      "name" : "PMNTN_CLS_",
      "type" : "esriFieldTypeString",
      "alias" : "PMNTN_CLS_",
      "length" : 1
    },
    {
      "name" : "PMNTN_RISK",
      "type" : "esriFieldTypeString",
      "alias" : "PMNTN_RISK",
      "length" : 200
    },
    {
      "name" : "PMNTN_RECO",
      "type" : "esriFieldTypeString",
      "alias" : "PMNTN_RECO",
      "length" : 1
    },
    {
      "name" : "DATA_STDR_",
      "type" : "esriFieldTypeString",
      "alias" : "DATA_STDR_",
      "length" : 10
    },
    {
      "name" : "MNTN_ID",
      "type" : "esriFieldTypeString",
      "alias" : "MNTN_ID",
      "length" : 10
    }
  ],
  "features" : [
    {
      "attributes" : {
        "FID" : 0,
        "PMNTN_SN" : 24404,
        "MNTN_CODE" : "491105504",
        "MNTN_NM" : "봉개민오름",
        "PMNTN_NM" : "봉개동구간",
        "PMNTN_MAIN" : " ",
        "PMNTN_LT" : 0.55,
        "PMNTN_DFFL" : "쉬움",
        "PMNTN_UPPL" : 10,
        "PMNTN_GODN" : 7,
        "PMNTN_MTRQ" : " ",
        "PMNTN_CNRL" : " ",
        "PMNTN_CLS_" : " ",
        "PMNTN_RISK" : " ",
        "PMNTN_RECO" : " ",
        "DATA_STDR_" : "2016-12-31",
        "MNTN_ID" : "491105504"
      },
      "geometry" : {
        "paths" : [
          [
            [
              166159.37779999897,
              93345.479700000957
            ],
            [
              166162.02380000148,
              93346.879000000656
            ],
            [
              166169.41119999997,
              93350.5354999993
            ],
            [
              166174.25310000032,
              93356.053700000048
            ],
            [
              166177.59910000023,
              93362.352399999276
            ],
            [
              166177.46020000242,
              93370.460699999705
            ],
            [
              166173.01030000392,
              93377.064699999988
            ],
            [
              166166.3825000003,
              93380.504100002348
            ],
            [
              166161.18319999985,
              93385.557900002226
            ],
            [
              166156.55930000078,
              93390.276900002733
            ],
            [
              166153.17830000073,
              93394.059900002554
            ],
            [
              166150.65039999969,
              93399.814099999145
            ],
            [
              166148.83870000113,
              93405.588099999353
            ],
            [
              166146.11540000141,
              93411.287500003353
            ],
            [
              166142.14879999962,
              93415.172399999574
            ],
            [
              166138.67100000102,
              93417.879900000989
            ],
            [
              166135.40130000189,
              93418.922900000587
            ],
            [
              166132.46410000045,
              93419.343599999323
            ],
            [
              166128.61190000176,
              93418.736000003293
            ],
            [
              166124.28640000243,
              93418.374099999666
            ],
            [
              166119.84300000127,
              93418.866700001061
            ],
            [
              166115.02890000027,
              93422.399599999189
            ],
            [
              166111.78160000313,
              93427.169200001284
            ],
            [
              166106.68090000004,
              93431.168999999762
            ],
            [
              166102.51109999977,
              93435.723400000483
            ],
            [
              166102.30870000273,
              93440.746800001711
            ],
            [
              166104.33580000233,
              93443.910299999639
            ],
            [
              166106.5343000032,
              93447.651399997994
            ],
            [
              166110.02170000225,
              93450.31220000051
            ],
            [
              166121.76160000172,
              93456.703900001943
            ],
            [
              166125.33540000021,
              93462.791699999943
            ],
            [
              166127.14390000142,
              93466.700600000098
            ],
            [
              166129.38250000123,
              93473.891100002453
            ],
            [
              166129.44830000121,
              93482.031999999657
            ],
            [
              166130.16680000164,
              93488.007700001821
            ],
            [
              166130.46879999898,
              93492.579900002107
            ],
            [
              166132.17339999974,
              93497.994100000709
            ],
            [
              166133.76480000094,
              93500.983200000599
            ],
            [
              166135.28740000166,
              93505.569700006396
            ],
            [
              166136.62330000103,
              93509.946100000292
            ],
            [
              166139.96889999881,
              93511.941900001839
            ],
            [
              166144.01870000083,
              93513.258600002155
            ],
            [
              166145.55390000343,
              93513.47510000132
            ],
            [
              166148.23660000041,
              93515.669200003147
            ],
            [
              166149.14599999972,
              93519.485100001097
            ],
            [
              166150.67140000034,
              93524.990100001916
            ],
            [
              166152.5493999999,
              93527.359200002626
            ],
            [
              166155.95610000007,
              93528.256700001657
            ],
            [
              166158.48300000187,
              93530.188799999654
            ],
            [
              166161.02490000147,
              93531.08940000087
            ],
            [
              166162.29300000053,
              93532.038800001144
            ],
            [
              166164.36640000064,
              93534.593600001186
            ],
            [
              166164.60599999968,
              93536.60030000098
            ],
            [
              166164.12890000362,
              93538.454299999401
            ],
            [
              166162.5532999998,
              93541.035000000149
            ],
            [
              166161.97880000062,
              93543.175699999556
            ],
            [
              166162.00580000039,
              93545.582499999553
            ],
            [
              166161.48649999965,
              93548.645500000566
            ],
            [
              166159.81700000167,
              93552.533400001004
            ],
            [
              166158.70029999968,
              93554.966400003061
            ],
            [
              166157.38170000166,
              93558.165300002322
            ],
            [
              166156.15870000049,
              93559.456200001761
            ],
            [
              166155.27020000294,
              93560.657200003043
            ],
            [
              166154.77880000137,
              93563.709100002423
            ],
            [
              166153.43770000152,
              93565.787900002673
            ],
            [
              166152.06420000084,
              93566.591300003231
            ],
            [
              166149.88130000047,
              93568.283500002697
            ],
            [
              166149.43060000055,
              93571.347700003535
            ],
            [
              166151.01760000084,
              93575.723300000653
            ],
            [
              166151.00820000004,
              93578.363100001588
            ],
            [
              166152.93730000127,
              93582.160700002685
            ],
            [
              166154.05160000082,
              93584.352900000289
            ],
            [
              166154.0950000016,
              93586.116299999878
            ],
            [
              166151.26480000187,
              93587.856499999762
            ],
            [
              166148.56680000201,
              93587.522100001574
            ],
            [
              166145.627700001,
              93587.388299999759
            ],
            [
              166141.81940000039,
              93585.993000000715
            ],
            [
              166139.3786999993,
              93587.172500001267
            ],
            [
              166138.650100003,
              93589.143100002781
            ],
            [
              166140.68710000347,
              93591.90880000405
            ],
            [
              166143.70639999956,
              93593.717100000009
            ],
            [
              166145.66800000146,
              93596.560000000522
            ],
            [
              166146.44090000167,
              93599.131300002337
            ],
            [
              166146.65479999967,
              93601.80350000225
            ],
            [
              166147.2070000004,
              93602.788699999452
            ],
            [
              166149.13009999972,
              93607.56240000017
            ],
            [
              166149.9793999996,
              93608.424500001594
            ],
            [
              166150.86830000114,
              93609.974199999124
            ],
            [
              166152.17210000195,
              93615.825899999589
            ],
            [
              166153.43360000011,
              93617.55179999955
            ],
            [
              166155.12069999985,
              93618.666100000963
            ],
            [
              166156.56210000068,
              93621.001700000837
            ],
            [
              166156.50810000021,
              93624.473100000992
            ],
            [
              166155.6809000019,
              93626.555100001395
            ],
            [
              166156.13360000029,
              93629.033000001684
            ],
            [
              166155.97400000226,
              93631.25190000236
            ],
            [
              166155.05310000107,
              93633.83940000087
            ],
            [
              166154.23350000009,
              93636.105000000447
            ],
            [
              166155.68919999991,
              93637.530600000173
            ],
            [
              166154.28440000117,
              93637.369200002402
            ],
            [
              166155.37970000319,
              93639.42840000242
            ],
            [
              166156.51790000312,
              93640.50019999966
            ],
            [
              166157.86330000125,
              93642.270099999383
            ],
            [
              166159.60819999967,
              93643.960999997333
            ],
            [
              166160.94800000172,
              93646.80680000037
            ],
            [
              166162.21620000061,
              93647.811700001359
            ],
            [
              166161.28419999965,
              93647.227100003511
            ],
            [
              166161.87370000314,
              93648.256500003859
            ],
            [
              166162.85510000028,
              93649.68390000239
            ],
            [
              166162.56720000133,
              93652.435600001365
            ],
            [
              166161.66060000099,
              93653.769700003788
            ],
            [
              166158.77300000004,
              93655.05540000461
            ],
            [
              166155.48690000176,
              93656.719599999487
            ],
            [
              166153.39160000067,
              93658.512700000778
            ],
            [
              166149.83509999979,
              93659.967000002041
            ],
            [
              166148.69500000123,
              93661.626900004223
            ],
            [
              166147.65780000202,
              93663.864800002426
            ],
            [
              166147.41360000055,
              93666.874400001019
            ],
            [
              166148.95400000084,
              93668.577099999413
            ],
            [
              166149.89170000236,
              93670.897500002757
            ],
            [
              166149.80040000193,
              93673.920199999586
            ],
            [
              166149.10620000307,
              93677.471899999306
            ],
            [
              166149.09490000084,
              93679.568300001323
            ],
            [
              166150.30010000151,
              93681.15009999834
            ],
            [
              166150.67920000199,
              93683.167400000617
            ],
            [
              166150.32340000011,
              93684.893700003624
            ],
            [
              166150.84260000102,
              93687.348300000653
            ],
            [
              166151.4775000019,
              93688.711699999869
            ],
            [
              166150.88269999903,
              93690.894700001925
            ],
            [
              166149.31540000066,
              93692.023200001568
            ],
            [
              166149.42489999998,
              93694.063599999994
            ],
            [
              166148.76630000211,
              93697.193700000644
            ],
            [
              166149.43119999953,
              93698.511299999431
            ],
            [
              166150.84090000205,
              93700.070200001821
            ],
            [
              166150.95140000246,
              93702.410100001842
            ],
            [
              166152.06369999982,
              93704.025599999353
            ],
            [
              166153.50820000377,
              93704.929999999702
            ],
            [
              166155.4214000022,
              93706.886500002816
            ],
            [
              166157.82110000215,
              93709.661999998614
            ],
            [
              166159.26450000051,
              93712.884500004351
            ],
            [
              166159.59269999899,
              93713.648700004444
            ],
            [
              166160.27890000306,
              93715.764700001106
            ],
            [
              166160.76840000134,
              93717.43779999949
            ],
            [
              166160.6782000009,
              93719.408500000834
            ],
            [
              166160.24670000095,
              93722.419800000265
            ],
            [
              166158.58220000379,
              93725.131899999455
            ],
            [
              166158.20130000263,
              93727.872800000012
            ],
            [
              166158.03780000284,
              93728.993599999696
            ],
            [
              166157.6968000019,
              93729.848900003359
            ],
            [
              166157.67329999991,
              93731.113399999216
            ],
            [
              166157.26050000172,
              93732.734200000763
            ],
            [
              166157.26550000161,
              93734.153899999335
            ],
            [
              166157.37210000306,
              93735.362500002608
            ],
            [
              166158.14700000174,
              93736.247099999338
            ],
            [
              166158.33600000199,
              93737.812200004235
            ],
            [
              166157.73150000069,
              93739.742299998179
            ],
            [
              166158.75640000124,
              93742.944200001657
            ],
            [
              166158.6173000019,
              93745.706399999559
            ],
            [
              166156.8450000016,
              93749.43940000236
            ],
            [
              166157.23840000108,
              93752.887399999425
            ],
            [
              166154.65869999956,
              93757.100500004366
            ],
            [
              166156.21280000173,
              93762.707000002265
            ]
          ]
        ]
      }
    },
    {
      "attributes" : {
        "FID" : 1,
        "PMNTN_SN" : 24405,
        "MNTN_CODE" : "491105504",
        "MNTN_NM" : "봉개민오름",
        "PMNTN_NM" : "봉개동구간",
        "PMNTN_MAIN" : " ",
        "PMNTN_LT" : 0.29,
        "PMNTN_DFFL" : "쉬움",
        "PMNTN_UPPL" : 5,
        "PMNTN_GODN" : 4,
        "PMNTN_MTRQ" : " ",
        "PMNTN_CNRL" : " ",
        "PMNTN_CLS_" : " ",
        "PMNTN_RISK" : " ",
        "PMNTN_RECO" : " ",
        "DATA_STDR_" : "2016-12-31",
        "MNTN_ID" : "491105504"
      },
      "geometry" : {
        "paths" : [
          [
            [
              166156.21280000173,
              93762.707000002265
            ],
            [
              166156.21280000173,
              93762.707000002265
            ],
            [
              166162.11890000105,
              93764.066400002688
            ],
            [
              166168.09680000041,
              93762.620900001377
            ],
            [
              166170.57610000111,
              93764.242600001395
            ],
            [
              166172.24920000043,
              93766.676800001413
            ],
            [
              166173.91019999981,
              93768.323600001633
            ],
            [
              166173.62410000246,
              93771.574400002137
            ],
            [
              166173.70289999992,
              93775.478300001472
            ],
            [
              166174.67080000136,
              93778.336500002071
            ],
            [
              166175.68600000069,
              93781.460799999535
            ],
            [
              166176.94250000082,
              93784.40670000203
            ],
            [
              166179.9991000006,
              93786.259300000966
            ],
            [
              166182.96890000161,
              93787.22490000166
            ],
            [
              166185.11290000007,
              93788.703700002283
            ],
            [
              166191.48890000209,
              93790.411500003189
            ],
            [
              166195.46190000419,
              93791.063099998981
            ],
            [
              166199.81540000159,
              93791.480399999768
            ],
            [
              166204.1482999986,
              93791.343200003728
            ],
            [
              166208.78680000082,
              93790.84990000166
            ],
            [
              166215.03359999973,
              93789.142200000584
            ],
            [
              166221.43450000044,
              93790.911300001666
            ],
            [
              166226.52329999954,
              93794.149800004438
            ],
            [
              166234.01530000102,
              93796.360999999568
            ],
            [
              166240.19420000259,
              93799.025200001895
            ],
            [
              166247.05910000205,
              93801.666300000623
            ],
            [
              166254.0604000017,
              93808.271099999547
            ],
            [
              166257.8805000009,
              93810.398399999365
            ],
            [
              166261.80530000012,
              93813.201900003478
            ],
            [
              166266.28290000372,
              93815.045600000769
            ],
            [
              166271.60300000198,
              93817.888900002465
            ],
            [
              166279.33230000082,
              93821.596899999306
            ],
            [
              166284.7192000011,
              93824.050699999556
            ],
            [
              166288.98140000179,
              93827.695299999788
            ],
            [
              166293.15839999914,
              93831.368100002408
            ],
            [
              166298.38410000317,
              93833.165400002152
            ],
            [
              166303.48280000128,
              93836.693900000304
            ],
            [
              166308.39710000064,
              93837.387900004163
            ],
            [
              166314.81470000278,
              93841.285600000992
            ],
            [
              166320.39670000318,
              93842.896400002763
            ],
            [
              166326.51269999985,
              93842.774900000542
            ],
            [
              166330.25650000107,
              93842.298599999398
            ],
            [
              166337.33030000236,
              93847.965700002387
            ],
            [
              166342.30350000039,
              93849.078999999911
            ],
            [
              166349.05310000014,
              93850.344000000507
            ],
            [
              166352.27050000336,
              93853.025699999183
            ],
            [
              166354.15900000092,
              93857.045800002292
            ],
            [
              166357.7367000021,
              93855.624100001529
            ],
            [
              166363.14690000191,
              93855.233500000089
            ],
            [
              166367.19539999962,
              93855.820500001311
            ],
            [
              166369.16700000037,
              93852.9037000034
            ],
            [
              166369.95179999992,
              93848.343699999154
            ],
            [
              166372.82050000411,
              93848.018100000918
            ],
            [
              166376.78810000233,
              93848.585400002077
            ],
            [
              166380.79060000088,
              93851.774300001562
            ],
            [
              166385.47140000015,
              93854.146900000051
            ],
            [
              166388.6539000012,
              93856.896900000051
            ],
            [
              166393.10810000356,
              93853.96920000203
            ],
            [
              166399.30470000114,
              93851.975199999288
            ]
          ]
        ]
      }
    },
    {
      "attributes" : {
        "FID" : 2,
        "PMNTN_SN" : 24406,
        "MNTN_CODE" : "491105504",
        "MNTN_NM" : "봉개민오름",
        "PMNTN_NM" : "봉개동구간",
        "PMNTN_MAIN" : " ",
        "PMNTN_LT" : 0.32,
        "PMNTN_DFFL" : "중간",
        "PMNTN_UPPL" : 6,
        "PMNTN_GODN" : 4,
        "PMNTN_MTRQ" : " ",
        "PMNTN_CNRL" : " ",
        "PMNTN_CLS_" : " ",
        "PMNTN_RISK" : " ",
        "PMNTN_RECO" : " ",
        "DATA_STDR_" : "2016-12-31",
        "MNTN_ID" : "491105504"
      },
      "geometry" : {
        "paths" : [
          [
            [
              165933.50510000158,
              93607.213600000367
            ],
            [
              165938.47710000258,
              93608.94840000011
            ],
            [
              165945.59490000084,
              93610.043500002474
            ],
            [
              165948.48060000036,
              93610.865100005642
            ],
            [
              165953.52259999979,
              93611.346400000155
            ],
            [
              165955.80119999964,
              93611.438200000674
            ],
            [
              165960.30950000044,
              93613.518500000238
            ],
            [
              165965.33610000368,
              93614.931600002572
            ],
            [
              165970.81330000237,
              93614.912200000137
            ],
            [
              165975.37330000103,
              93617.17840000242
            ],
            [
              165978.94909999985,
              93622.481100002304
            ],
            [
              165982.99019999988,
              93626.581800000742
            ],
            [
              165985.60170000046,
              93628.757600000128
            ],
            [
              165989.5560999997,
              93629.386900002137
            ],
            [
              165993.87829999905,
              93628.805999999866
            ],
            [
              165998.83239999972,
              93628.13409999758
            ],
            [
              166003.38690000214,
              93627.508000001311
            ],
            [
              166008.68910000194,
              93627.955100001767
            ],
            [
              166012.16170000285,
              93629.074200000614
            ],
            [
              166014.32500000112,
              93633.392200002447
            ],
            [
              166016.30609999876,
              93636.124800004065
            ],
            [
              166016.80830000062,
              93638.751700004563
            ],
            [
              166015.52530000079,
              93641.473699999973
            ],
            [
              166015.74980000127,
              93644.489800000563
            ],
            [
              166018.54310000222,
              93645.48919999972
            ],
            [
              166019.9823000012,
              93647.491700001061
            ],
            [
              166024.61110000126,
              93650.351899998263
            ],
            [
              166029.94409999996,
              93650.761800002307
            ],
            [
              166035.4028000012,
              93653.415599999949
            ],
            [
              166038.88780000061,
              93655.410900004208
            ],
            [
              166041.53259999957,
              93656.488500002772
            ],
            [
              166043.61139999982,
              93657.923100000247
            ],
            [
              166051.45359999966,
              93661.378100002185
            ],
            [
              166057.80010000151,
              93665.259899999946
            ],
            [
              166063.16009999998,
              93668.945599999279
            ],
            [
              166067.41070000175,
              93674.443100001663
            ],
            [
              166071.35700000264,
              93678.045000001788
            ],
            [
              166074.16240000073,
              93681.420200003311
            ],
            [
              166074.78050000127,
              93686.373700004071
            ],
            [
              166073.4935000008,
              93690.604100000113
            ],
            [
              166074.49010000098,
              93698.963500000536
            ],
            [
              166078.39930000342,
              93702.598899999633
            ],
            [
              166081.33020000067,
              93705.705199999735
            ],
            [
              166084.13900000043,
              93708.457100002095
            ],
            [
              166086.57650000323,
              93714.56220000051
            ],
            [
              166089.10600000061,
              93719.364700002596
            ],
            [
              166089.68640000094,
              93723.089400004596
            ],
            [
              166092.03380000219,
              93726.874400001019
            ],
            [
              166093.68259999901,
              93730.318000001833
            ],
            [
              166092.93030000106,
              93735.866400001571
            ],
            [
              166093.65800000168,
              93739.191300000995
            ],
            [
              166093.85880000051,
              93740.765600001439
            ],
            [
              166097.20940000098,
              93741.563500000164
            ],
            [
              166099.57200000156,
              93741.732599999756
            ],
            [
              166103.68300000392,
              93744.590799998492
            ],
            [
              166105.73850000091,
              93747.334300007671
            ],
            [
              166108.62210000213,
              93750.241200000048
            ],
            [
              166111.1407000022,
              93752.439500000328
            ],
            [
              166110.42210000288,
              93757.011700000614
            ],
            [
              166109.74139999971,
              93761.772400006652
            ],
            [
              166110.60130000114,
              93763.000500001013
            ],
            [
              166114.45690000057,
              93764.639500001445
            ],
            [
              166120.30790000129,
              93765.987300001085
            ],
            [
              166125.3443,
              93766.730800006539
            ],
            [
              166130.34949999955,
              93764.716700002551
            ],
            [
              166135.32150000241,
              93766.207400001585
            ],
            [
              166139.06910000183,
              93767.443700000644
            ],
            [
              166146.60100000165,
              93768.415200002491
            ],
            [
              166153.86730000004,
              93766.146099999547
            ],
            [
              166156.21280000173,
              93762.707000002265
            ]
          ]
        ]
      }
    }
  ]
}