{
  "displayFieldName" : "",
  "fieldAliases" : {
    "FID" : "FID",
    "PMNTN_SN" : "PMNTN_SN",
    "MNTN_CODE" : "MNTN_CODE",
    "MNTN_NM" : "MNTN_NM",
    "PMNTN_NM" : "PMNTN_NM",
    "PMNTN_MAIN" : "PMNTN_MAIN",
    "PMNTN_LT" : "PMNTN_LT",
    "PMNTN_DFFL" : "PMNTN_DFFL",
    "PMNTN_UPPL" : "PMNTN_UPPL",
    "PMNTN_GODN" : "PMNTN_GODN",
    "PMNTN_MTRQ" : "PMNTN_MTRQ",
    "PMNTN_CNRL" : "PMNTN_CNRL",
    "PMNTN_CLS_" : "PMNTN_CLS_",
    "PMNTN_RISK" : "PMNTN_RISK",
    "PMNTN_RECO" : "PMNTN_RECO",
    "DATA_STDR_" : "DATA_STDR_",
    "MNTN_ID" : "MNTN_ID"
  },
  "geometryType" : "esriGeometryPolyline",
  "spatialReference" : {
    "wkt" : "PROJCS[\"PCS_ITRF2000_TM\",GEOGCS[\"GCS_ITRF_2000\",DATUM[\"D_ITRF_2000\",SPHEROID[\"GRS_1980\",6378137.0,298.257222101]],PRIMEM[\"Greenwich\",0.0],UNIT[\"Degree\",0.0174532925199433]],PROJECTION[\"Transverse_Mercator\"],PARAMETER[\"False_Easting\",200000.0],PARAMETER[\"False_Northing\",600000.0],PARAMETER[\"Central_Meridian\",127.0],PARAMETER[\"Scale_Factor\",1.0],PARAMETER[\"Latitude_Of_Origin\",38.0],UNIT[\"Meter\",1.0]]"
  },
  "fields" : [
    {
      "name" : "FID",
      "type" : "esriFieldTypeOID",
      "alias" : "FID"
    },
    {
      "name" : "PMNTN_SN",
      "type" : "esriFieldTypeDouble",
      "alias" : "PMNTN_SN"
    },
    {
      "name" : "MNTN_CODE",
      "type" : "esriFieldTypeString",
      "alias" : "MNTN_CODE",
      "length" : 9
    },
    {
      "name" : "MNTN_NM",
      "type" : "esriFieldTypeString",
      "alias" : "MNTN_NM",
      "length" : 50
    },
    {
      "name" : "PMNTN_NM",
      "type" : "esriFieldTypeString",
      "alias" : "PMNTN_NM",
      "length" : 50
    },
    {
      "name" : "PMNTN_MAIN",
      "type" : "esriFieldTypeString",
      "alias" : "PMNTN_MAIN",
      "length" : 200
    },
    {
      "name" : "PMNTN_LT",
      "type" : "esriFieldTypeSingle",
      "alias" : "PMNTN_LT"
    },
    {
      "name" : "PMNTN_DFFL",
      "type" : "esriFieldTypeString",
      "alias" : "PMNTN_DFFL",
      "length" : 8
    },
    {
      "name" : "PMNTN_UPPL",
      "type" : "esriFieldTypeDouble",
      "alias" : "PMNTN_UPPL"
    },
    {
      "name" : "PMNTN_GODN",
      "type" : "esriFieldTypeDouble",
      "alias" : "PMNTN_GODN"
    },
    {
      "name" : "PMNTN_MTRQ",
      "type" : "esriFieldTypeString",
      "alias" : "PMNTN_MTRQ",
      "length" : 200
    },
    {
      "name" : "PMNTN_CNRL",
      "type" : "esriFieldTypeString",
      "alias" : "PMNTN_CNRL",
      "length" : 1
    },
    {
      "name" : "PMNTN_CLS_",
      "type" : "esriFieldTypeString",
      "alias" : "PMNTN_CLS_",
      "length" : 1
    },
    {
      "name" : "PMNTN_RISK",
      "type" : "esriFieldTypeString",
      "alias" : "PMNTN_RISK",
      "length" : 200
    },
    {
      "name" : "PMNTN_RECO",
      "type" : "esriFieldTypeString",
      "alias" : "PMNTN_RECO",
      "length" : 1
    },
    {
      "name" : "DATA_STDR_",
      "type" : "esriFieldTypeString",
      "alias" : "DATA_STDR_",
      "length" : 10
    },
    {
      "name" : "MNTN_ID",
      "type" : "esriFieldTypeString",
      "alias" : "MNTN_ID",
      "length" : 10
    }
  ],
  "features" : [
    {
      "attributes" : {
        "FID" : 0,
        "PMNTN_SN" : 56893,
        "MNTN_CODE" : "488606201",
        "MNTN_NM" : "효렴산",
        "PMNTN_NM" : "우사리구간",
        "PMNTN_MAIN" : " ",
        "PMNTN_LT" : 0.04,
        "PMNTN_DFFL" : "쉬움",
        "PMNTN_UPPL" : 1,
        "PMNTN_GODN" : 0,
        "PMNTN_MTRQ" : " ",
        "PMNTN_CNRL" : " ",
        "PMNTN_CLS_" : " ",
        "PMNTN_RISK" : " ",
        "PMNTN_RECO" : " ",
        "DATA_STDR_" : "2016-12-31",
        "MNTN_ID" : "488606301"
      },
      "geometry" : {
        "paths" : [
          [
            [
              286978.52728877496,
              317649.50392859802
            ],
            [
              286978.09052249882,
              317658.44719813205
            ],
            [
              286986.56176349055,
              317670.90889607742
            ],
            [
              286986.44555329904,
              317679.75296611339
            ],
            [
              286982.35218372382,
              317682.00123427808
            ]
          ]
        ]
      }
    },
    {
      "attributes" : {
        "FID" : 1,
        "PMNTN_SN" : 56894,
        "MNTN_CODE" : "488606201",
        "MNTN_NM" : "효렴산",
        "PMNTN_NM" : "우사리구간",
        "PMNTN_MAIN" : " ",
        "PMNTN_LT" : 1.26,
        "PMNTN_DFFL" : "쉬움",
        "PMNTN_UPPL" : 22,
        "PMNTN_GODN" : 16,
        "PMNTN_MTRQ" : " ",
        "PMNTN_CNRL" : " ",
        "PMNTN_CLS_" : " ",
        "PMNTN_RISK" : " ",
        "PMNTN_RECO" : " ",
        "DATA_STDR_" : "2016-12-31",
        "MNTN_ID" : "488606301"
      },
      "geometry" : {
        "paths" : [
          [
            [
              286982.35218372382,
              317682.00123427808
            ],
            [
              286978.87861354742,
              317676.84275891632
            ],
            [
              286955.29409207962,
              317661.90923992731
            ],
            [
              286939.8102120636,
              317660.77318472415
            ],
            [
              286921.15672203712,
              317667.08443446271
            ],
            [
              286903.67290436476,
              317685.42383785732
            ],
            [
              286890.214796721,
              317688.07440890186
            ],
            [
              286890.3750881711,
              317695.09812272154
            ],
            [
              286884.0659857858,
              317695.89263607934
            ],
            [
              286882.79756009299,
              317700.34477691539
            ],
            [
              286878.33686408401,
              317684.74113012291
            ],
            [
              286872.12267249729,
              317681.23026518524
            ],
            [
              286870.7287540501,
              317674.28758924082
            ],
            [
              286864.59970455617,
              317668.27564050071
            ],
            [
              286858.48315968178,
              317668.04894591495
            ],
            [
              286856.54273504298,
              317661.73347606137
            ],
            [
              286858.05012558307,
              317646.75490156934
            ],
            [
              286855.95486341417,
              317639.9263865687
            ],
            [
              286860.74540508911,
              317635.62919911556
            ],
            [
              286856.05376951583,
              317632.07739103213
            ],
            [
              286854.9310627738,
              317626.9789105095
            ],
            [
              286858.98408516217,
              317614.7594890371
            ],
            [
              286847.84513979964,
              317608.96878237091
            ],
            [
              286844.11418698821,
              317598.15279258229
            ],
            [
              286840.4410603568,
              317597.87542934716
            ],
            [
              286835.22838871088,
              317592.31878749467
            ],
            [
              286836.05379908066,
              317587.23917499743
            ],
            [
              286840.15629901085,
              317583.27020412311
            ],
            [
              286836.40866277739,
              317574.17489240319
            ],
            [
              286843.60339547042,
              317560.52559748292
            ],
            [
              286842.50615894794,
              317552.80461241119
            ],
            [
              286829.76078548655,
              317550.21634090319
            ],
            [
              286826.48463942017,
              317547.44091443531
            ],
            [
              286805.51614390593,
              317546.81003439054
            ],
            [
              286799.42785775661,
              317541.29143333994
            ],
            [
              286780.7172447918,
              317536.19018650614
            ],
            [
              286773.26342824288,
              317536.50876228325
            ],
            [
              286767.21520310827,
              317531.56725325435
            ],
            [
              286756.6306569539,
              317515.66252637468
            ],
            [
              286751.94244736619,
              317497.57337309979
            ],
            [
              286746.86332648247,
              317489.2185597606
            ],
            [
              286731.99122148659,
              317486.96339072473
            ],
            [
              286717.04157222807,
              317462.0318292249
            ],
            [
              286704.54006278142,
              317451.52180521935
            ],
            [
              286696.40768050402,
              317449.60161727294
            ],
            [
              286690.0695593236,
              317444.72249725647
            ],
            [
              286684.75563250855,
              317432.30083046667
            ],
            [
              286668.14744667709,
              317419.10045003146
            ],
            [
              286652.34774943814,
              317412.79990516603
            ],
            [
              286641.9525548229,
              317400.88732012361
            ],
            [
              286631.24685140699,
              317399.84447111376
            ],
            [
              286615.86597863398,
              317387.20476646163
            ],
            [
              286590.28380863648,
              317374.87582097761
            ],
            [
              286573.37533207703,
              317379.35376680456
            ],
            [
              286548.04202055093,
              317377.5094718188
            ],
            [
              286532.0841595307,
              317379.69926567189
            ],
            [
              286510.32797461469,
              317373.89954262972
            ],
            [
              286487.71979834698,
              317373.56984858215
            ],
            [
              286477.01319807954,
              317362.36130171269
            ],
            [
              286454.01504316647,
              317358.27046334743
            ],
            [
              286439.10470311437,
              317344.95661793277
            ],
            [
              286423.66938169114,
              317341.88739016466
            ],
            [
              286416.29996921215,
              317336.58918560296
            ],
            [
              286412.80612521432,
              317332.69563061744
            ],
            [
              286407.31936007552,
              317312.92506519146
            ],
            [
              286401.46870892029,
              317305.57660594024
            ],
            [
              286394.07367215212,
              317307.92833137885
            ],
            [
              286383.82487512846,
              317321.39222196303
            ],
            [
              286377.07477390021,
              317331.20760310814
            ],
            [
              286372.05198959634,
              317340.64153640158
            ],
            [
              286383.92326917872,
              317351.31119775027
            ],
            [
              286389.26546556223,
              317364.16268293373
            ],
            [
              286390.86913035158,
              317370.98853782192
            ],
            [
              286382.53720702045,
              317378.98077677377
            ],
            [
              286379.79930246063,
              317366.7860033568
            ],
            [
              286368.73253278527,
              317358.41952481866
            ],
            [
              286355.59924123716,
              317356.5140499305
            ],
            [
              286342.50371959154,
              317357.99224334583
            ],
            [
              286322.54239078052,
              317342.63469897583
            ],
            [
              286311.99245818332,
              317334.80583650805
            ],
            [
              286285.43642236013,
              317328.43515281938
            ],
            [
              286270.35709312838,
              317327.1201908011
            ],
            [
              286254.45868046395,
              317326.07121542282
            ],
            [
              286214.28911309596,
              317329.44525729306
            ],
            [
              286195.5579887284,
              317334.69075534679
            ],
            [
              286177.93563757371,
              317334.73266896792
            ],
            [
              286144.57391714491,
              317333.82651130296
            ],
            [
              286128.84146725759,
              317340.6025658045
            ],
            [
              286112.02378998045,
              317354.58482488059
            ]
          ]
        ]
      }
    },
    {
      "attributes" : {
        "FID" : 2,
        "PMNTN_SN" : 56895,
        "MNTN_CODE" : "488606201",
        "MNTN_NM" : "효렴산",
        "PMNTN_NM" : "우사리구간",
        "PMNTN_MAIN" : " ",
        "PMNTN_LT" : 1.68,
        "PMNTN_DFFL" : "쉬움",
        "PMNTN_UPPL" : 32,
        "PMNTN_GODN" : 22,
        "PMNTN_MTRQ" : " ",
        "PMNTN_CNRL" : " ",
        "PMNTN_CLS_" : " ",
        "PMNTN_RISK" : " ",
        "PMNTN_RECO" : " ",
        "DATA_STDR_" : "2016-12-31",
        "MNTN_ID" : "488606301"
      },
      "geometry" : {
        "paths" : [
          [
            [
              287019.6142252069,
              317722.87925705127
            ],
            [
              287011.29916390963,
              317725.4476897046
            ],
            [
              287008.99061178043,
              317734.3449445907
            ],
            [
              287001.60090552922,
              317746.11326082237
            ],
            [
              287001.55078337342,
              317753.63727433048
            ],
            [
              286992.28222341929,
              317764.53172125295
            ],
            [
              286986.38542484026,
              317784.79709994234
            ],
            [
              286979.68848450482,
              317796.55362261087
            ],
            [
              286979.06410136633,
              317807.56911068223
            ],
            [
              286974.46708906256,
              317813.88644478843
            ],
            [
              286954.78625342529,
              317829.637274459
            ],
            [
              286954.94259804115,
              317835.48916956037
            ],
            [
              286962.05504077859,
              317851.50917656906
            ],
            [
              286959.4772970723,
              317857.56702637486
            ],
            [
              286950.51820869185,
              317875.25996010192
            ],
            [
              286941.8341067601,
              317887.66115807742
            ],
            [
              286924.20361198857,
              317902.32517208345
            ],
            [
              286908.52347521111,
              317911.27880699933
            ],
            [
              286900.24919135217,
              317920.89945526794
            ],
            [
              286881.5750220269,
              317924.69001569226
            ],
            [
              286873.81229169946,
              317931.00457623601
            ],
            [
              286844.69205486402,
              317935.30786242336
            ],
            [
              286821.74640569277,
              317947.97671706602
            ],
            [
              286813.37608095631,
              317954.95500424318
            ],
            [
              286804.69292095304,
              317967.52953505889
            ],
            [
              286795.79286598414,
              317971.84267033078
            ],
            [
              286782.54253803473,
              317989.60259359144
            ],
            [
              286774.75310234539,
              318003.83889853209
            ],
            [
              286775.42001001164,
              318030.07401333377
            ],
            [
              286778.38707007561,
              318045.1051203236
            ],
            [
              286771.97007212043,
              318053.14408349432
            ],
            [
              286763.34119776171,
              318058.54810123518
            ],
            [
              286757.41572702024,
              318067.6987010017
            ],
            [
              286742.06719609257,
              318104.55860558152
            ],
            [
              286741.55382952373,
              318118.29114573635
            ],
            [
              286746.86671847943,
              318133.13099994697
            ],
            [
              286741.55257316772,
              318153.03010182641
            ],
            [
              286735.05792327039,
              318166.7512707226
            ],
            [
              286749.39422477596,
              318201.67499301583
            ],
            [
              286749.76862333808,
              318221.97323580272
            ],
            [
              286742.595786063,
              318232.3842802383
            ],
            [
              286736.54606667999,
              318239.48248399608
            ],
            [
              286730.03525923751,
              318241.49921323918
            ],
            [
              286720.49831336085,
              318246.88471788354
            ],
            [
              286715.77313607372,
              318257.35591527075
            ],
            [
              286691.03573042713,
              318279.90846325271
            ],
            [
              286684.17484314833,
              318294.51894524321
            ],
            [
              286678.654339673,
              318325.56790239736
            ],
            [
              286671.80322507676,
              318347.05195809901
            ],
            [
              286673.0940122921,
              318356.76313452981
            ],
            [
              286666.95334159024,
              318365.17957813665
            ],
            [
              286655.78129910864,
              318373.41565318964
            ],
            [
              286647.47462364659,
              318381.7434769161
            ],
            [
              286635.67736486439,
              318396.85337204114
            ],
            [
              286620.03368158452,
              318419.48020895943
            ],
            [
              286592.40117779281,
              318446.40919899754
            ],
            [
              286564.6767038079,
              318456.08407916874
            ],
            [
              286546.3246811945,
              318472.36024774052
            ],
            [
              286530.92591017392,
              318479.10359841958
            ],
            [
              286524.55670066923,
              318484.03263372928
            ],
            [
              286516.89269151725,
              318493.89550914988
            ],
            [
              286508.14462263882,
              318510.15361620113
            ],
            [
              286498.29483003262,
              318511.49999519065
            ],
            [
              286483.24557562452,
              318520.68368691951
            ],
            [
              286483.10542415176,
              318540.72583531775
            ],
            [
              286478.83924739435,
              318551.47374833375
            ],
            [
              286469.5352553241,
              318563.03803520277
            ],
            [
              286462.67997455876,
              318570.43264699541
            ],
            [
              286450.98222852033,
              318578.89389209822
            ],
            [
              286443.34911865089,
              318594.74345380627
            ],
            [
              286445.38541405555,
              318600.59471282177
            ],
            [
              286441.24647314847,
              318626.56019713543
            ],
            [
              286440.77692978457,
              318650.0033363048
            ],
            [
              286432.39286689553,
              318666.39449555427
            ],
            [
              286389.19258807227,
              318701.21003074758
            ],
            [
              286383.83875074331,
              318715.08191545494
            ],
            [
              286377.4666731162,
              318747.75978113525
            ],
            [
              286366.80845585093,
              318760.12027136423
            ],
            [
              286351.91140684206,
              318788.31672460772
            ],
            [
              286350.0331080528,
              318802.54243494011
            ],
            [
              286357.19481014553,
              318811.75947539881
            ],
            [
              286356.86425016541,
              318829.20142286457
            ],
            [
              286351.62432875019,
              318835.37950543128
            ],
            [
              286338.8543307567,
              318878.29837358743
            ],
            [
              286330.40571676847,
              318895.11676669121
            ],
            [
              286332.89083083998,
              318903.34407946281
            ],
            [
              286314.3396304436,
              318913.57321421802
            ],
            [
              286305.51326390635,
              318925.37484167144
            ],
            [
              286297.55278859753,
              318957.64548833854
            ],
            [
              286295.99511775654,
              318977.41483353637
            ],
            [
              286314.67504950892,
              318983.51942815073
            ],
            [
              286328.68334058113,
              318990.309609266
            ],
            [
              286339.72314226348,
              319009.24932496995
            ],
            [
              286346.19263969548,
              319021.21630707197
            ],
            [
              286345.50684003998,
              319032.12541953102
            ]
          ]
        ]
      }
    },
    {
      "attributes" : {
        "FID" : 3,
        "PMNTN_SN" : 56896,
        "MNTN_CODE" : "488606201",
        "MNTN_NM" : "효렴산",
        "PMNTN_NM" : "철수리구간",
        "PMNTN_MAIN" : " ",
        "PMNTN_LT" : 1.55,
        "PMNTN_DFFL" : "쉬움",
        "PMNTN_UPPL" : 27,
        "PMNTN_GODN" : 19,
        "PMNTN_MTRQ" : " ",
        "PMNTN_CNRL" : " ",
        "PMNTN_CLS_" : " ",
        "PMNTN_RISK" : " ",
        "PMNTN_RECO" : " ",
        "DATA_STDR_" : "2016-12-31",
        "MNTN_ID" : "488606301"
      },
      "geometry" : {
        "paths" : [
          [
            [
              287019.6142252069,
              317722.87925705127
            ],
            [
              287021.98369108047,
              317723.93306890316
            ],
            [
              287030.3596031256,
              317732.09678895026
            ],
            [
              287055.15230728034,
              317732.29096113704
            ],
            [
              287069.53545158915,
              317737.04395997897
            ],
            [
              287093.14167387411,
              317739.51469352096
            ],
            [
              287090.83000395261,
              317723.65272653103
            ],
            [
              287098.24209794402,
              317691.57142849825
            ],
            [
              287099.1147819059,
              317679.29336296208
            ],
            [
              287096.27083428297,
              317671.21116085723
            ],
            [
              287102.70360751543,
              317638.10647296906
            ],
            [
              287115.10338645987,
              317633.94846969657
            ],
            [
              287131.16266684793,
              317622.07838957198
            ],
            [
              287128.90196777508,
              317606.44949136116
            ],
            [
              287141.74845441151,
              317575.12787551619
            ],
            [
              287137.35552060883,
              317547.88923760876
            ],
            [
              287140.56702334993,
              317538.50788337179
            ],
            [
              287138.49167755246,
              317534.34874187969
            ],
            [
              287144.83632215951,
              317525.21177444234
            ],
            [
              287156.81449779589,
              317517.46890386008
            ],
            [
              287169.97130611539,
              317494.17706835829
            ],
            [
              287162.19752778299,
              317480.42913009971
            ],
            [
              287161.6617362462,
              317466.64923731238
            ],
            [
              287169.0577352019,
              317440.96682824939
            ],
            [
              287157.00653338991,
              317410.78909082897
            ],
            [
              287160.97723945603,
              317402.39172060415
            ],
            [
              287150.92504379805,
              317381.8784540277
            ],
            [
              287153.01982493233,
              317373.072255468
            ],
            [
              287150.10341440327,
              317349.73583198525
            ],
            [
              287144.59114799276,
              317343.68308469467
            ],
            [
              287128.76507216413,
              317326.79698614962
            ],
            [
              287128.48708740901,
              317323.29713043012
            ],
            [
              287121.85567856766,
              317314.92701887526
            ],
            [
              287119.5973606864,
              317279.45916024037
            ],
            [
              287123.89786328282,
              317258.26689716242
            ],
            [
              287120.88641522173,
              317236.08293138444
            ],
            [
              287123.0403471468,
              317228.23525802605
            ],
            [
              287115.13620368205,
              317213.77915418893
            ],
            [
              287117.36474971008,
              317203.7372175809
            ],
            [
              287107.62336250581,
              317177.82328987494
            ],
            [
              287098.91813009884,
              317171.39546419866
            ],
            [
              287085.99607787188,
              317155.5979245007
            ],
            [
              287073.42016295437,
              317148.04442432709
            ],
            [
              287067.41024603229,
              317138.35958535783
            ],
            [
              287050.59129843768,
              317124.91455396079
            ],
            [
              287047.81001804676,
              317118.1909705475
            ],
            [
              287039.85971063375,
              317113.17500871047
            ],
            [
              287032.18273257092,
              317110.57063185796
            ],
            [
              287024.39226028882,
              317111.03443456814
            ],
            [
              287016.13109671045,
              317106.66661693528
            ],
            [
              287008.76386348158,
              317091.75088610314
            ],
            [
              287014.89428466745,
              317088.23875163868
            ],
            [
              287022.89784964453,
              317078.36445662752
            ],
            [
              287019.28000609763,
              317072.35814053379
            ],
            [
              287002.39757179655,
              317064.66065431014
            ],
            [
              286986.45677235816,
              317061.87384993955
            ],
            [
              286950.42080666404,
              317040.48569606803
            ],
            [
              286931.60967401974,
              317036.22951631248
            ],
            [
              286922.63453798462,
              317036.42160448246
            ],
            [
              286904.19271651655,
              317044.31610222161
            ],
            [
              286889.58025881834,
              317046.29072873853
            ],
            [
              286867.19491847325,
              317046.31830354035
            ],
            [
              286846.70664338209,
              317042.68247098476
            ],
            [
              286837.13848731387,
              317033.72151844576
            ],
            [
              286821.26733008586,
              317014.06628272869
            ],
            [
              286816.76163051557,
              316999.80099889264
            ],
            [
              286817.81691396516,
              316989.8163384553
            ],
            [
              286825.39287864976,
              316983.16083905101
            ],
            [
              286834.22355358675,
              316976.54640542157
            ],
            [
              286834.31506054103,
              316968.20878104866
            ],
            [
              286825.5362958964,
              316958.0377231054
            ],
            [
              286815.09979522135,
              316951.14701472782
            ],
            [
              286803.68286787998,
              316938.83206992038
            ],
            [
              286796.64434441458,
              316922.6454207208
            ],
            [
              286777.74192051589,
              316895.13892542012
            ],
            [
              286768.44985098951,
              316877.20005364716
            ],
            [
              286768.13782261964,
              316861.39778195322
            ],
            [
              286763.7779087238,
              316852.35594680719
            ],
            [
              286756.55853653047,
              316840.18654307164
            ],
            [
              286748.1182796089,
              316837.08413059637
            ],
            [
              286736.72774588689,
              316838.37559921667
            ],
            [
              286722.11549981497,
              316844.09707184881
            ],
            [
              286710.80161907524,
              316846.53119826689
            ],
            [
              286697.34612707049,
              316804.34413063899
            ],
            [
              286688.98534644768,
              316791.63632910885
            ],
            [
              286675.96124293935,
              316775.54323153198
            ],
            [
              286660.18619062006,
              316764.46569759212
            ],
            [
              286641.94615422096,
              316760.89466165379
            ],
            [
              286636.43915863894,
              316761.54072131962
            ],
            [
              286617.75140393898,
              316754.68220791779
            ],
            [
              286605.04625383113,
              316744.89809187502
            ],
            [
              286590.72395044845,
              316737.63073597103
            ],
            [
              286582.68844250869,
              316732.69479730725
            ],
            [
              286577.53430663049,
              316715.40000877716
            ],
            [
              286573.74779765867,
              316710.77062586881
            ]
          ]
        ]
      }
    },
    {
      "attributes" : {
        "FID" : 4,
        "PMNTN_SN" : 56897,
        "MNTN_CODE" : "488606201",
        "MNTN_NM" : "효렴산",
        "PMNTN_NM" : "철수리구간",
        "PMNTN_MAIN" : " ",
        "PMNTN_LT" : 0.06,
        "PMNTN_DFFL" : "쉬움",
        "PMNTN_UPPL" : 1,
        "PMNTN_GODN" : 1,
        "PMNTN_MTRQ" : " ",
        "PMNTN_CNRL" : " ",
        "PMNTN_CLS_" : " ",
        "PMNTN_RISK" : " ",
        "PMNTN_RECO" : " ",
        "DATA_STDR_" : "2016-12-31",
        "MNTN_ID" : "488606301"
      },
      "geometry" : {
        "paths" : [
          [
            [
              286982.35218372382,
              317682.00123427808
            ],
            [
              286984.25523305312,
              317685.87959255464
            ],
            [
              286994.18049008772,
              317701.43400160596
            ],
            [
              287004.52833514381,
              317707.95202748664
            ],
            [
              287008.41968445666,
              317714.75162618048
            ],
            [
              287013.96645836625,
              317720.36743205599
            ],
            [
              287019.6142252069,
              317722.87925705127
            ]
          ]
        ]
      }
    }
  ]
}