{
  "displayFieldName" : "",
  "fieldAliases" : {
    "FID" : "FID",
    "SAFE_SPOT1" : "SAFE_SPOT1",
    "SAFE_SPOT2" : "SAFE_SPOT2",
    "SAFE_SPOT3" : "SAFE_SPOT3",
    "MGC" : "MGC",
    "ETC_MATTER" : "ETC_MATTER",
    "MNTN_NM" : "MNTN_NM"
  },
  "geometryType" : "esriGeometryPoint",
  "spatialReference" : {
    "wkt" : "PROJCS[\"PCS_ITRF2000_TM\",GEOGCS[\"GCS_ITRF_2000\",DATUM[\"D_ITRF_2000\",SPHEROID[\"GRS_1980\",6378137.0,298.257222101]],PRIMEM[\"Greenwich\",0.0],UNIT[\"Degree\",0.0174532925199433]],PROJECTION[\"Transverse_Mercator\"],PARAMETER[\"False_Easting\",200000.0],PARAMETER[\"False_Northing\",600000.0],PARAMETER[\"Central_Meridian\",127.0],PARAMETER[\"Scale_Factor\",1.0],PARAMETER[\"Latitude_Of_Origin\",38.0],UNIT[\"Meter\",1.0]]"
  },
  "fields" : [
    {
      "name" : "FID",
      "type" : "esriFieldTypeOID",
      "alias" : "FID"
    },
    {
      "name" : "SAFE_SPOT1",
      "type" : "esriFieldTypeDouble",
      "alias" : "SAFE_SPOT1"
    },
    {
      "name" : "SAFE_SPOT2",
      "type" : "esriFieldTypeString",
      "alias" : "SAFE_SPOT2",
      "length" : 50
    },
    {
      "name" : "SAFE_SPOT3",
      "type" : "esriFieldTypeString",
      "alias" : "SAFE_SPOT3",
      "length" : 50
    },
    {
      "name" : "MGC",
      "type" : "esriFieldTypeString",
      "alias" : "MGC",
      "length" : 50
    },
    {
      "name" : "ETC_MATTER",
      "type" : "esriFieldTypeString",
      "alias" : "ETC_MATTER",
      "length" : 200
    },
    {
      "name" : "MNTN_NM",
      "type" : "esriFieldTypeString",
      "alias" : "MNTN_NM",
      "length" : 50
    }
  ],
  "features" : [
    {
      "attributes" : {
        "FID" : 0,
        "SAFE_SPOT1" : 6918,
        "SAFE_SPOT2" : "산악위치표지판",
        "SAFE_SPOT3" : "민주지산 1지점",
        "MGC" : "영동소방서",
        "ETC_MATTER" : " ",
        "MNTN_NM" : "민주지산"
      },
      "geometry" : {
        "x" : 277366.82816014346,
        "y" : 383659.45792056806
      }
    },
    {
      "attributes" : {
        "FID" : 1,
        "SAFE_SPOT1" : 6920,
        "SAFE_SPOT2" : "산악위치표지판",
        "SAFE_SPOT3" : "민주지산 2지점",
        "MGC" : "영동소방서",
        "ETC_MATTER" : " ",
        "MNTN_NM" : "민주지산"
      },
      "geometry" : {
        "x" : 277323.3767001247,
        "y" : 383400.91433138028
      }
    },
    {
      "attributes" : {
        "FID" : 2,
        "SAFE_SPOT1" : 6924,
        "SAFE_SPOT2" : "산악위치표지판",
        "SAFE_SPOT3" : "민주지산 5지점",
        "MGC" : "영동소방서",
        "ETC_MATTER" : " ",
        "MNTN_NM" : "민주지산"
      },
      "geometry" : {
        "x" : 277159.89363974426,
        "y" : 383637.33819082566
      }
    },
    {
      "attributes" : {
        "FID" : 3,
        "SAFE_SPOT1" : 6931,
        "SAFE_SPOT2" : "산악위치표지판",
        "SAFE_SPOT3" : "민주지산 4지점",
        "MGC" : "영동소방서",
        "ETC_MATTER" : " ",
        "MNTN_NM" : "민주지산"
      },
      "geometry" : {
        "x" : 276703.20921505522,
        "y" : 383785.03382108547
      }
    },
    {
      "attributes" : {
        "FID" : 4,
        "SAFE_SPOT1" : 6933,
        "SAFE_SPOT2" : "산악위치표지판",
        "SAFE_SPOT3" : "민주지산 3지점",
        "MGC" : "영동소방서",
        "ETC_MATTER" : " ",
        "MNTN_NM" : "민주지산"
      },
      "geometry" : {
        "x" : 276627.69959451538,
        "y" : 382777.57847608626
      }
    }
  ]
}