{
  "displayFieldName" : "",
  "fieldAliases" : {
    "FID" : "FID",
    "PMNTN_SPOT" : "PMNTN_SPOT",
    "MNTN_CODE" : "MNTN_CODE",
    "MANAGE_SP1" : "MANAGE_SP1",
    "MANAGE_SP2" : "MANAGE_SP2",
    "DETAIL_SPO" : "DETAIL_SPO",
    "ETC_MATTER" : "ETC_MATTER",
    "MNTN_NM" : "MNTN_NM",
    "PAST_SPOT_" : "PAST_SPOT_",
    "MNTN_ID" : "MNTN_ID"
  },
  "geometryType" : "esriGeometryPoint",
  "spatialReference" : {
    "wkt" : "PROJCS[\"PCS_ITRF2000_TM\",GEOGCS[\"GCS_ITRF_2000\",DATUM[\"D_ITRF_2000\",SPHEROID[\"GRS_1980\",6378137.0,298.257222101]],PRIMEM[\"Greenwich\",0.0],UNIT[\"Degree\",0.0174532925199433]],PROJECTION[\"Transverse_Mercator\"],PARAMETER[\"False_Easting\",200000.0],PARAMETER[\"False_Northing\",600000.0],PARAMETER[\"Central_Meridian\",127.0],PARAMETER[\"Scale_Factor\",1.0],PARAMETER[\"Latitude_Of_Origin\",38.0],UNIT[\"Meter\",1.0]]"
  },
  "fields" : [
    {
      "name" : "FID",
      "type" : "esriFieldTypeOID",
      "alias" : "FID"
    },
    {
      "name" : "PMNTN_SPOT",
      "type" : "esriFieldTypeDouble",
      "alias" : "PMNTN_SPOT"
    },
    {
      "name" : "MNTN_CODE",
      "type" : "esriFieldTypeString",
      "alias" : "MNTN_CODE",
      "length" : 9
    },
    {
      "name" : "MANAGE_SP1",
      "type" : "esriFieldTypeString",
      "alias" : "MANAGE_SP1",
      "length" : 2
    },
    {
      "name" : "MANAGE_SP2",
      "type" : "esriFieldTypeString",
      "alias" : "MANAGE_SP2",
      "length" : 50
    },
    {
      "name" : "DETAIL_SPO",
      "type" : "esriFieldTypeString",
      "alias" : "DETAIL_SPO",
      "length" : 200
    },
    {
      "name" : "ETC_MATTER",
      "type" : "esriFieldTypeString",
      "alias" : "ETC_MATTER",
      "length" : 200
    },
    {
      "name" : "MNTN_NM",
      "type" : "esriFieldTypeString",
      "alias" : "MNTN_NM",
      "length" : 50
    },
    {
      "name" : "PAST_SPOT_",
      "type" : "esriFieldTypeString",
      "alias" : "PAST_SPOT_",
      "length" : 14
    },
    {
      "name" : "MNTN_ID",
      "type" : "esriFieldTypeString",
      "alias" : "MNTN_ID",
      "length" : 10
    }
  ],
  "features" : [
    {
      "attributes" : {
        "FID" : 0,
        "PMNTN_SPOT" : 18755,
        "MNTN_CODE" : "483101301",
        "MANAGE_SP1" : "10",
        "MANAGE_SP2" : "이정표",
        "DETAIL_SPO" : "이정표",
        "ETC_MATTER" : " ",
        "MNTN_NM" : "대금산",
        "PAST_SPOT_" : "28011311000001",
        "MNTN_ID" : "2801131100"
      },
      "geometry" : {
        "x" : 354583.70910001267,
        "y" : 263003.61870000139
      }
    },
    {
      "attributes" : {
        "FID" : 1,
        "PMNTN_SPOT" : 18756,
        "MNTN_CODE" : "483101301",
        "MANAGE_SP1" : "04",
        "MANAGE_SP2" : "화장실",
        "DETAIL_SPO" : "화장실",
        "ETC_MATTER" : " ",
        "MNTN_NM" : "대금산",
        "PAST_SPOT_" : "28011311000002",
        "MNTN_ID" : "2801131100"
      },
      "geometry" : {
        "x" : 355137.48000001442,
        "y" : 263372.56320000254
      }
    },
    {
      "attributes" : {
        "FID" : 2,
        "PMNTN_SPOT" : 18757,
        "MNTN_CODE" : "483101301",
        "MANAGE_SP1" : "99",
        "MANAGE_SP2" : "기타",
        "DETAIL_SPO" : "1번등산로 접점(정골재)",
        "ETC_MATTER" : " ",
        "MNTN_NM" : "대금산",
        "PAST_SPOT_" : "28011311000003",
        "MNTN_ID" : "2801131100"
      },
      "geometry" : {
        "x" : 354913.37830001581,
        "y" : 262733.86030000076
      }
    },
    {
      "attributes" : {
        "FID" : 3,
        "PMNTN_SPOT" : 18758,
        "MNTN_CODE" : "483101301",
        "MANAGE_SP1" : "10",
        "MANAGE_SP2" : "이정표",
        "DETAIL_SPO" : "이정표",
        "ETC_MATTER" : " ",
        "MNTN_NM" : "대금산",
        "PAST_SPOT_" : "28011311000004",
        "MNTN_ID" : "2801131100"
      },
      "geometry" : {
        "x" : 356513.40730001498,
        "y" : 262753.60119999945
      }
    },
    {
      "attributes" : {
        "FID" : 4,
        "PMNTN_SPOT" : 18759,
        "MNTN_CODE" : "483101301",
        "MANAGE_SP1" : "99",
        "MANAGE_SP2" : "기타",
        "DETAIL_SPO" : "조망점(시루봉)",
        "ETC_MATTER" : " ",
        "MNTN_NM" : "대금산",
        "PAST_SPOT_" : "28011311000005",
        "MNTN_ID" : "2801131100"
      },
      "geometry" : {
        "x" : 356010.04170001857,
        "y" : 262914.30880000256
      }
    },
    {
      "attributes" : {
        "FID" : 5,
        "PMNTN_SPOT" : 18760,
        "MNTN_CODE" : "483101301",
        "MANAGE_SP1" : "99",
        "MANAGE_SP2" : "기타",
        "DETAIL_SPO" : "농장",
        "ETC_MATTER" : " ",
        "MNTN_NM" : "대금산",
        "PAST_SPOT_" : "28011311000006",
        "MNTN_ID" : "2801131100"
      },
      "geometry" : {
        "x" : 354703.60440001078,
        "y" : 263403.10239999928
      }
    },
    {
      "attributes" : {
        "FID" : 6,
        "PMNTN_SPOT" : 18761,
        "MNTN_CODE" : "483101301",
        "MANAGE_SP1" : "10",
        "MANAGE_SP2" : "이정표",
        "DETAIL_SPO" : "이정표",
        "ETC_MATTER" : " ",
        "MNTN_NM" : "대금산",
        "PAST_SPOT_" : "28011311000007",
        "MNTN_ID" : "2801131100"
      },
      "geometry" : {
        "x" : 355182.46480001695,
        "y" : 263399.27769999951
      }
    },
    {
      "attributes" : {
        "FID" : 7,
        "PMNTN_SPOT" : 18762,
        "MNTN_CODE" : "483101301",
        "MANAGE_SP1" : "05",
        "MANAGE_SP2" : "벤치",
        "DETAIL_SPO" : "벤치, 안내판,약수터,평의자2",
        "ETC_MATTER" : " ",
        "MNTN_NM" : "대금산",
        "PAST_SPOT_" : "28011311000008",
        "MNTN_ID" : "2801131100"
      },
      "geometry" : {
        "x" : 355213.74940001313,
        "y" : 263338.32430000231
      }
    },
    {
      "attributes" : {
        "FID" : 8,
        "PMNTN_SPOT" : 18763,
        "MNTN_CODE" : "483101301",
        "MANAGE_SP1" : "01",
        "MANAGE_SP2" : "시종점",
        "DETAIL_SPO" : "시종점, 이정표(대금산마을입구)",
        "ETC_MATTER" : " ",
        "MNTN_NM" : "대금산",
        "PAST_SPOT_" : "28011311000009",
        "MNTN_ID" : "2801131100"
      },
      "geometry" : {
        "x" : 354172.54000001308,
        "y" : 263203.82450000383
      }
    },
    {
      "attributes" : {
        "FID" : 9,
        "PMNTN_SPOT" : 18764,
        "MNTN_CODE" : "483101301",
        "MANAGE_SP1" : "01",
        "MANAGE_SP2" : "시종점",
        "DETAIL_SPO" : "시종점",
        "ETC_MATTER" : " ",
        "MNTN_NM" : "대금산",
        "PAST_SPOT_" : "28011311000010",
        "MNTN_ID" : "2801131100"
      },
      "geometry" : {
        "x" : 354174.82670001499,
        "y" : 259436.67350000143
      }
    },
    {
      "attributes" : {
        "FID" : 10,
        "PMNTN_SPOT" : 18765,
        "MNTN_CODE" : "483101301",
        "MANAGE_SP1" : "02",
        "MANAGE_SP2" : "분기점",
        "DETAIL_SPO" : "접점(대금산 1번등산로,대나무골)",
        "ETC_MATTER" : " ",
        "MNTN_NM" : "대금산",
        "PAST_SPOT_" : "28011311000011",
        "MNTN_ID" : "2801131100"
      },
      "geometry" : {
        "x" : 354399.45930001512,
        "y" : 262448.29680000246
      }
    },
    {
      "attributes" : {
        "FID" : 11,
        "PMNTN_SPOT" : 18766,
        "MNTN_CODE" : "483101301",
        "MANAGE_SP1" : "01",
        "MANAGE_SP2" : "시종점",
        "DETAIL_SPO" : "시종점,안내판,지도",
        "ETC_MATTER" : " ",
        "MNTN_NM" : "대금산",
        "PAST_SPOT_" : "28011311000012",
        "MNTN_ID" : "2801131100"
      },
      "geometry" : {
        "x" : 354472.55970001314,
        "y" : 263519.45610000193
      }
    },
    {
      "attributes" : {
        "FID" : 12,
        "PMNTN_SPOT" : 18767,
        "MNTN_CODE" : "483101301",
        "MANAGE_SP1" : "02",
        "MANAGE_SP2" : "분기점",
        "DETAIL_SPO" : "분기점,이정표",
        "ETC_MATTER" : " ",
        "MNTN_NM" : "대금산",
        "PAST_SPOT_" : "28011311000013",
        "MNTN_ID" : "2801131100"
      },
      "geometry" : {
        "x" : 354857.8303000154,
        "y" : 262695.97600000165
      }
    },
    {
      "attributes" : {
        "FID" : 13,
        "PMNTN_SPOT" : 18768,
        "MNTN_CODE" : "483101301",
        "MANAGE_SP1" : "02",
        "MANAGE_SP2" : "분기점",
        "DETAIL_SPO" : "정골재 접점, 이정표",
        "ETC_MATTER" : " ",
        "MNTN_NM" : "대금산",
        "PAST_SPOT_" : "28011311000014",
        "MNTN_ID" : "2801131100"
      },
      "geometry" : {
        "x" : 354915.32320001535,
        "y" : 262737.19979999959
      }
    },
    {
      "attributes" : {
        "FID" : 14,
        "PMNTN_SPOT" : 18769,
        "MNTN_CODE" : "483101301",
        "MANAGE_SP1" : "02",
        "MANAGE_SP2" : "분기점",
        "DETAIL_SPO" : "접점(약수터) : 2번 등산로 약수터에서 접점",
        "ETC_MATTER" : " ",
        "MNTN_NM" : "대금산",
        "PAST_SPOT_" : "28011311000015",
        "MNTN_ID" : "2801131100"
      },
      "geometry" : {
        "x" : 355185.47760001663,
        "y" : 263399.79610000178
      }
    },
    {
      "attributes" : {
        "FID" : 15,
        "PMNTN_SPOT" : 18770,
        "MNTN_CODE" : "483101301",
        "MANAGE_SP1" : "02",
        "MANAGE_SP2" : "분기점",
        "DETAIL_SPO" : "분기점",
        "ETC_MATTER" : " ",
        "MNTN_NM" : "대금산",
        "PAST_SPOT_" : "28011311000016",
        "MNTN_ID" : "2801131100"
      },
      "geometry" : {
        "x" : 355274.46850001439,
        "y" : 263069.4112999998
      }
    },
    {
      "attributes" : {
        "FID" : 16,
        "PMNTN_SPOT" : 18771,
        "MNTN_CODE" : "483101301",
        "MANAGE_SP1" : "23",
        "MANAGE_SP2" : "정상",
        "DETAIL_SPO" : "대금산정상",
        "ETC_MATTER" : " ",
        "MNTN_NM" : "대금산",
        "PAST_SPOT_" : "28011311000017",
        "MNTN_ID" : "2801131100"
      },
      "geometry" : {
        "x" : 355289.01700001489,
        "y" : 263045.57130000181
      }
    },
    {
      "attributes" : {
        "FID" : 17,
        "PMNTN_SPOT" : 18772,
        "MNTN_CODE" : "483101301",
        "MANAGE_SP1" : "02",
        "MANAGE_SP2" : "분기점",
        "DETAIL_SPO" : "진달래군락지",
        "ETC_MATTER" : " ",
        "MNTN_NM" : "대금산",
        "PAST_SPOT_" : "28011311000018",
        "MNTN_ID" : "2801131100"
      },
      "geometry" : {
        "x" : 355356.46310001519,
        "y" : 263210.74689999968
      }
    },
    {
      "attributes" : {
        "FID" : 18,
        "PMNTN_SPOT" : 18773,
        "MNTN_CODE" : "483101301",
        "MANAGE_SP1" : "01",
        "MANAGE_SP2" : "시종점",
        "DETAIL_SPO" : "시종점",
        "ETC_MATTER" : " ",
        "MNTN_NM" : "대금산",
        "PAST_SPOT_" : "28011311000019",
        "MNTN_ID" : "2801131100"
      },
      "geometry" : {
        "x" : 355390.63630001619,
        "y" : 262311.20879999921
      }
    },
    {
      "attributes" : {
        "FID" : 19,
        "PMNTN_SPOT" : 18774,
        "MNTN_CODE" : "483101301",
        "MANAGE_SP1" : "02",
        "MANAGE_SP2" : "분기점",
        "DETAIL_SPO" : "분기점",
        "ETC_MATTER" : " ",
        "MNTN_NM" : "대금산",
        "PAST_SPOT_" : "28011311000020",
        "MNTN_ID" : "2801131100"
      },
      "geometry" : {
        "x" : 355440.00840001553,
        "y" : 263053.14670000039
      }
    },
    {
      "attributes" : {
        "FID" : 20,
        "PMNTN_SPOT" : 18775,
        "MNTN_CODE" : "483101301",
        "MANAGE_SP1" : "23",
        "MANAGE_SP2" : "정상",
        "DETAIL_SPO" : "노선내 분기, 4번등산로에서 정상으로의 분기점, 목계단 85개",
        "ETC_MATTER" : " ",
        "MNTN_NM" : "대금산",
        "PAST_SPOT_" : "28011311000021",
        "MNTN_ID" : "2801131100"
      },
      "geometry" : {
        "x" : 355690.05430001672,
        "y" : 262786.02970000543
      }
    },
    {
      "attributes" : {
        "FID" : 21,
        "PMNTN_SPOT" : 18776,
        "MNTN_CODE" : "483101301",
        "MANAGE_SP1" : "02",
        "MANAGE_SP2" : "분기점",
        "DETAIL_SPO" : "분기점",
        "ETC_MATTER" : " ",
        "MNTN_NM" : "대금산",
        "PAST_SPOT_" : "28011311000022",
        "MNTN_ID" : "2801131100"
      },
      "geometry" : {
        "x" : 355733.39740001597,
        "y" : 263032.39210000075
      }
    },
    {
      "attributes" : {
        "FID" : 22,
        "PMNTN_SPOT" : 18777,
        "MNTN_CODE" : "483101301",
        "MANAGE_SP1" : "02",
        "MANAGE_SP2" : "분기점",
        "DETAIL_SPO" : "분기점",
        "ETC_MATTER" : " ",
        "MNTN_NM" : "대금산",
        "PAST_SPOT_" : "28011311000023",
        "MNTN_ID" : "2801131100"
      },
      "geometry" : {
        "x" : 356274.44210001547,
        "y" : 262578.21700000577
      }
    },
    {
      "attributes" : {
        "FID" : 23,
        "PMNTN_SPOT" : 18778,
        "MNTN_CODE" : "483101301",
        "MANAGE_SP1" : "01",
        "MANAGE_SP2" : "시종점",
        "DETAIL_SPO" : "시종점",
        "ETC_MATTER" : " ",
        "MNTN_NM" : "대금산",
        "PAST_SPOT_" : "28011311000024",
        "MNTN_ID" : "2801131100"
      },
      "geometry" : {
        "x" : 356780.03580001555,
        "y" : 262575.55190000124
      }
    },
    {
      "attributes" : {
        "FID" : 24,
        "PMNTN_SPOT" : 18779,
        "MNTN_CODE" : "483101301",
        "MANAGE_SP1" : "01",
        "MANAGE_SP2" : "시종점",
        "DETAIL_SPO" : "시종점",
        "ETC_MATTER" : " ",
        "MNTN_NM" : "대금산",
        "PAST_SPOT_" : "28011311000025",
        "MNTN_ID" : "2801131100"
      },
      "geometry" : {
        "x" : 356173.61618473008,
        "y" : 263950.70000181347
      }
    }
  ]
}