{
  "displayFieldName" : "",
  "fieldAliases" : {
    "FID" : "FID",
    "PMNTN_SPOT" : "PMNTN_SPOT",
    "MNTN_CODE" : "MNTN_CODE",
    "MANAGE_SP1" : "MANAGE_SP1",
    "MANAGE_SP2" : "MANAGE_SP2",
    "DETAIL_SPO" : "DETAIL_SPO",
    "ETC_MATTER" : "ETC_MATTER",
    "MNTN_NM" : "MNTN_NM",
    "PAST_SPOT_" : "PAST_SPOT_",
    "MNTN_ID" : "MNTN_ID"
  },
  "geometryType" : "esriGeometryPoint",
  "spatialReference" : {
    "wkt" : "PROJCS[\"PCS_ITRF2000_TM\",GEOGCS[\"GCS_ITRF_2000\",DATUM[\"D_ITRF_2000\",SPHEROID[\"GRS_1980\",6378137.0,298.257222101]],PRIMEM[\"Greenwich\",0.0],UNIT[\"Degree\",0.0174532925199433]],PROJECTION[\"Transverse_Mercator\"],PARAMETER[\"False_Easting\",200000.0],PARAMETER[\"False_Northing\",600000.0],PARAMETER[\"Central_Meridian\",127.0],PARAMETER[\"Scale_Factor\",1.0],PARAMETER[\"Latitude_Of_Origin\",38.0],UNIT[\"Meter\",1.0]]"
  },
  "fields" : [
    {
      "name" : "FID",
      "type" : "esriFieldTypeOID",
      "alias" : "FID"
    },
    {
      "name" : "PMNTN_SPOT",
      "type" : "esriFieldTypeDouble",
      "alias" : "PMNTN_SPOT"
    },
    {
      "name" : "MNTN_CODE",
      "type" : "esriFieldTypeString",
      "alias" : "MNTN_CODE",
      "length" : 9
    },
    {
      "name" : "MANAGE_SP1",
      "type" : "esriFieldTypeString",
      "alias" : "MANAGE_SP1",
      "length" : 2
    },
    {
      "name" : "MANAGE_SP2",
      "type" : "esriFieldTypeString",
      "alias" : "MANAGE_SP2",
      "length" : 50
    },
    {
      "name" : "DETAIL_SPO",
      "type" : "esriFieldTypeString",
      "alias" : "DETAIL_SPO",
      "length" : 200
    },
    {
      "name" : "ETC_MATTER",
      "type" : "esriFieldTypeString",
      "alias" : "ETC_MATTER",
      "length" : 200
    },
    {
      "name" : "MNTN_NM",
      "type" : "esriFieldTypeString",
      "alias" : "MNTN_NM",
      "length" : 50
    },
    {
      "name" : "PAST_SPOT_",
      "type" : "esriFieldTypeString",
      "alias" : "PAST_SPOT_",
      "length" : 14
    },
    {
      "name" : "MNTN_ID",
      "type" : "esriFieldTypeString",
      "alias" : "MNTN_ID",
      "length" : 10
    }
  ],
  "features" : [
    {
      "attributes" : {
        "FID" : 0,
        "PMNTN_SPOT" : 74557,
        "MNTN_CODE" : "482503301",
        "MANAGE_SP1" : "01",
        "MANAGE_SP2" : "시종점",
        "DETAIL_SPO" : "시종점",
        "ETC_MATTER" : " ",
        "MNTN_NM" : "응봉산",
        "PAST_SPOT_" : "4825033010001",
        "MNTN_ID" : "482503301"
      },
      "geometry" : {
        "x" : 356657.89380001742,
        "y" : 298788.50340000167
      }
    },
    {
      "attributes" : {
        "FID" : 1,
        "PMNTN_SPOT" : 74558,
        "MNTN_CODE" : "482503301",
        "MANAGE_SP1" : "01",
        "MANAGE_SP2" : "시종점",
        "DETAIL_SPO" : "시종점",
        "ETC_MATTER" : " ",
        "MNTN_NM" : "응봉산",
        "PAST_SPOT_" : "4825033010002",
        "MNTN_ID" : "482503301"
      },
      "geometry" : {
        "x" : 356985.97810001671,
        "y" : 297611.96000000089
      }
    },
    {
      "attributes" : {
        "FID" : 2,
        "PMNTN_SPOT" : 74559,
        "MNTN_CODE" : "482503301",
        "MANAGE_SP1" : "01",
        "MANAGE_SP2" : "시종점",
        "DETAIL_SPO" : "시종점",
        "ETC_MATTER" : " ",
        "MNTN_NM" : "응봉산",
        "PAST_SPOT_" : "4825033010003",
        "MNTN_ID" : "482503301"
      },
      "geometry" : {
        "x" : 358148.73260001838,
        "y" : 298475.7255000025
      }
    },
    {
      "attributes" : {
        "FID" : 3,
        "PMNTN_SPOT" : 74560,
        "MNTN_CODE" : "482503301",
        "MANAGE_SP1" : "01",
        "MANAGE_SP2" : "시종점",
        "DETAIL_SPO" : "시종점",
        "ETC_MATTER" : " ",
        "MNTN_NM" : "응봉산",
        "PAST_SPOT_" : "4825033010004",
        "MNTN_ID" : "482503301"
      },
      "geometry" : {
        "x" : 358263.87290001847,
        "y" : 298621.77270000428
      }
    },
    {
      "attributes" : {
        "FID" : 4,
        "PMNTN_SPOT" : 74561,
        "MNTN_CODE" : "482503301",
        "MANAGE_SP1" : "02",
        "MANAGE_SP2" : "분기점",
        "DETAIL_SPO" : "분기점",
        "ETC_MATTER" : " ",
        "MNTN_NM" : "응봉산",
        "PAST_SPOT_" : "4825033010005",
        "MNTN_ID" : "482503301"
      },
      "geometry" : {
        "x" : 358359.8963000169,
        "y" : 298400.08779999986
      }
    },
    {
      "attributes" : {
        "FID" : 5,
        "PMNTN_SPOT" : 74562,
        "MNTN_CODE" : "482503301",
        "MANAGE_SP1" : "01",
        "MANAGE_SP2" : "시종점",
        "DETAIL_SPO" : "시종점",
        "ETC_MATTER" : " ",
        "MNTN_NM" : "응봉산",
        "PAST_SPOT_" : "4825033010006",
        "MNTN_ID" : "482503301"
      },
      "geometry" : {
        "x" : 358374.73700001743,
        "y" : 298855.85630000196
      }
    },
    {
      "attributes" : {
        "FID" : 6,
        "PMNTN_SPOT" : 74563,
        "MNTN_CODE" : "482503301",
        "MANAGE_SP1" : "01",
        "MANAGE_SP2" : "시종점",
        "DETAIL_SPO" : "시종점",
        "ETC_MATTER" : " ",
        "MNTN_NM" : "응봉산",
        "PAST_SPOT_" : "4825033010007",
        "MNTN_ID" : "482503301"
      },
      "geometry" : {
        "x" : 358496.4711000165,
        "y" : 298981.8296000082
      }
    },
    {
      "attributes" : {
        "FID" : 7,
        "PMNTN_SPOT" : 74564,
        "MNTN_CODE" : "482503301",
        "MANAGE_SP1" : "01",
        "MANAGE_SP2" : "시종점",
        "DETAIL_SPO" : "시종점",
        "ETC_MATTER" : " ",
        "MNTN_NM" : "응봉산",
        "PAST_SPOT_" : "4825033010008",
        "MNTN_ID" : "482503301"
      },
      "geometry" : {
        "x" : 358630.23630001768,
        "y" : 299101.15830000117
      }
    },
    {
      "attributes" : {
        "FID" : 8,
        "PMNTN_SPOT" : 74565,
        "MNTN_CODE" : "482503301",
        "MANAGE_SP1" : "01",
        "MANAGE_SP2" : "시종점",
        "DETAIL_SPO" : "시종점",
        "ETC_MATTER" : " ",
        "MNTN_NM" : "응봉산",
        "PAST_SPOT_" : "4825033010009",
        "MNTN_ID" : "482503301"
      },
      "geometry" : {
        "x" : 358721.10260001943,
        "y" : 299298.09510000236
      }
    },
    {
      "attributes" : {
        "FID" : 9,
        "PMNTN_SPOT" : 74566,
        "MNTN_CODE" : "482503301",
        "MANAGE_SP1" : "02",
        "MANAGE_SP2" : "분기점",
        "DETAIL_SPO" : "분기점",
        "ETC_MATTER" : " ",
        "MNTN_NM" : "응봉산",
        "PAST_SPOT_" : "4825033010010",
        "MNTN_ID" : "482503301"
      },
      "geometry" : {
        "x" : 358993.53270001709,
        "y" : 299445.73870000057
      }
    },
    {
      "attributes" : {
        "FID" : 10,
        "PMNTN_SPOT" : 74567,
        "MNTN_CODE" : "482503301",
        "MANAGE_SP1" : "02",
        "MANAGE_SP2" : "분기점",
        "DETAIL_SPO" : "분기점",
        "ETC_MATTER" : " ",
        "MNTN_NM" : "응봉산",
        "PAST_SPOT_" : "4825033010011",
        "MNTN_ID" : "482503301"
      },
      "geometry" : {
        "x" : 359213.45370001905,
        "y" : 299569.28970000334
      }
    },
    {
      "attributes" : {
        "FID" : 11,
        "PMNTN_SPOT" : 74568,
        "MNTN_CODE" : "482503301",
        "MANAGE_SP1" : "01",
        "MANAGE_SP2" : "시종점",
        "DETAIL_SPO" : "시종점",
        "ETC_MATTER" : " ",
        "MNTN_NM" : "응봉산",
        "PAST_SPOT_" : "4825033010012",
        "MNTN_ID" : "482503301"
      },
      "geometry" : {
        "x" : 359221.48450001795,
        "y" : 299165.89550000243
      }
    },
    {
      "attributes" : {
        "FID" : 12,
        "PMNTN_SPOT" : 74569,
        "MNTN_CODE" : "482503301",
        "MANAGE_SP1" : "01",
        "MANAGE_SP2" : "시종점",
        "DETAIL_SPO" : "시종점",
        "ETC_MATTER" : " ",
        "MNTN_NM" : "응봉산",
        "PAST_SPOT_" : "4825033010013",
        "MNTN_ID" : "482503301"
      },
      "geometry" : {
        "x" : 359240.6349000195,
        "y" : 298194.16620000079
      }
    },
    {
      "attributes" : {
        "FID" : 13,
        "PMNTN_SPOT" : 74570,
        "MNTN_CODE" : "482503301",
        "MANAGE_SP1" : "01",
        "MANAGE_SP2" : "시종점",
        "DETAIL_SPO" : "시종점",
        "ETC_MATTER" : " ",
        "MNTN_NM" : "응봉산",
        "PAST_SPOT_" : "4825033010014",
        "MNTN_ID" : "482503301"
      },
      "geometry" : {
        "x" : 359248.66570001841,
        "y" : 298067.52630000189
      }
    }
  ]
}