{
  "displayFieldName" : "",
  "fieldAliases" : {
    "FID" : "FID",
    "PMNTN_SN" : "PMNTN_SN",
    "MNTN_CODE" : "MNTN_CODE",
    "MNTN_NM" : "MNTN_NM",
    "PMNTN_NM" : "PMNTN_NM",
    "PMNTN_MAIN" : "PMNTN_MAIN",
    "PMNTN_LT" : "PMNTN_LT",
    "PMNTN_DFFL" : "PMNTN_DFFL",
    "PMNTN_UPPL" : "PMNTN_UPPL",
    "PMNTN_GODN" : "PMNTN_GODN",
    "PMNTN_MTRQ" : "PMNTN_MTRQ",
    "PMNTN_CNRL" : "PMNTN_CNRL",
    "PMNTN_CLS_" : "PMNTN_CLS_",
    "PMNTN_RISK" : "PMNTN_RISK",
    "PMNTN_RECO" : "PMNTN_RECO",
    "DATA_STDR_" : "DATA_STDR_",
    "MNTN_ID" : "MNTN_ID"
  },
  "geometryType" : "esriGeometryPolyline",
  "spatialReference" : {
    "wkt" : "PROJCS[\"PCS_ITRF2000_TM\",GEOGCS[\"GCS_ITRF_2000\",DATUM[\"D_ITRF_2000\",SPHEROID[\"GRS_1980\",6378137.0,298.257222101]],PRIMEM[\"Greenwich\",0.0],UNIT[\"Degree\",0.0174532925199433]],PROJECTION[\"Transverse_Mercator\"],PARAMETER[\"False_Easting\",200000.0],PARAMETER[\"False_Northing\",600000.0],PARAMETER[\"Central_Meridian\",127.0],PARAMETER[\"Scale_Factor\",1.0],PARAMETER[\"Latitude_Of_Origin\",38.0],UNIT[\"Meter\",1.0]]"
  },
  "fields" : [
    {
      "name" : "FID",
      "type" : "esriFieldTypeOID",
      "alias" : "FID"
    },
    {
      "name" : "PMNTN_SN",
      "type" : "esriFieldTypeDouble",
      "alias" : "PMNTN_SN"
    },
    {
      "name" : "MNTN_CODE",
      "type" : "esriFieldTypeString",
      "alias" : "MNTN_CODE",
      "length" : 9
    },
    {
      "name" : "MNTN_NM",
      "type" : "esriFieldTypeString",
      "alias" : "MNTN_NM",
      "length" : 50
    },
    {
      "name" : "PMNTN_NM",
      "type" : "esriFieldTypeString",
      "alias" : "PMNTN_NM",
      "length" : 50
    },
    {
      "name" : "PMNTN_MAIN",
      "type" : "esriFieldTypeString",
      "alias" : "PMNTN_MAIN",
      "length" : 200
    },
    {
      "name" : "PMNTN_LT",
      "type" : "esriFieldTypeSingle",
      "alias" : "PMNTN_LT"
    },
    {
      "name" : "PMNTN_DFFL",
      "type" : "esriFieldTypeString",
      "alias" : "PMNTN_DFFL",
      "length" : 8
    },
    {
      "name" : "PMNTN_UPPL",
      "type" : "esriFieldTypeDouble",
      "alias" : "PMNTN_UPPL"
    },
    {
      "name" : "PMNTN_GODN",
      "type" : "esriFieldTypeDouble",
      "alias" : "PMNTN_GODN"
    },
    {
      "name" : "PMNTN_MTRQ",
      "type" : "esriFieldTypeString",
      "alias" : "PMNTN_MTRQ",
      "length" : 200
    },
    {
      "name" : "PMNTN_CNRL",
      "type" : "esriFieldTypeString",
      "alias" : "PMNTN_CNRL",
      "length" : 1
    },
    {
      "name" : "PMNTN_CLS_",
      "type" : "esriFieldTypeString",
      "alias" : "PMNTN_CLS_",
      "length" : 1
    },
    {
      "name" : "PMNTN_RISK",
      "type" : "esriFieldTypeString",
      "alias" : "PMNTN_RISK",
      "length" : 200
    },
    {
      "name" : "PMNTN_RECO",
      "type" : "esriFieldTypeString",
      "alias" : "PMNTN_RECO",
      "length" : 1
    },
    {
      "name" : "DATA_STDR_",
      "type" : "esriFieldTypeString",
      "alias" : "DATA_STDR_",
      "length" : 10
    },
    {
      "name" : "MNTN_ID",
      "type" : "esriFieldTypeString",
      "alias" : "MNTN_ID",
      "length" : 10
    }
  ],
  "features" : [
    {
      "attributes" : {
        "FID" : 0,
        "PMNTN_SN" : 16389,
        "MNTN_CODE" : "488202101",
        "MNTN_NM" : "매봉산",
        "PMNTN_NM" : " ",
        "PMNTN_MAIN" : " ",
        "PMNTN_LT" : 7.63,
        "PMNTN_DFFL" : "쉬움",
        "PMNTN_UPPL" : 135,
        "PMNTN_GODN" : 94,
        "PMNTN_MTRQ" : " ",
        "PMNTN_CNRL" : " ",
        "PMNTN_CLS_" : " ",
        "PMNTN_RISK" : " ",
        "PMNTN_RECO" : " ",
        "DATA_STDR_" : "2016-12-31",
        "MNTN_ID" : "488202101"
      },
      "geometry" : {
        "paths" : [
          [
            [
              320070.78750000056,
              279992.25580000132
            ],
            [
              320003.67200000025,
              279940.46480000205
            ],
            [
              319995.09310000017,
              279921.40060000308
            ],
            [
              319979.08460000064,
              279905.39210000262
            ],
            [
              319977.08450000174,
              279903.39200000279
            ],
            [
              319978.28880000021,
              279894.34580000117
            ],
            [
              319978.88850000128,
              279877.55289999954
            ],
            [
              319973.39239999931,
              279874.37100000121
            ],
            [
              319942.66640000045,
              279856.58229999989
            ],
            [
              319903.58480000123,
              279832.75200000033
            ],
            [
              319869.26919999998,
              279815.59420000017
            ],
            [
              319841.62610000093,
              279800.34280000255
            ],
            [
              319828.52220000047,
              279793.42000000179
            ],
            [
              319795.29239999969,
              279775.8646000009
            ],
            [
              319791.10590000078,
              279773.65289999731
            ],
            [
              319767.27560000122,
              279759.35469999909
            ],
            [
              319757.55480000004,
              279750.07580000162
            ],
            [
              319746.3049999997,
              279739.33730000444
            ],
            [
              319729.14720000047,
              279727.89880000427
            ],
            [
              319705.31690000091,
              279707.88130000047
            ],
            [
              319671.00129999965,
              279685.95750000142
            ],
            [
              319635.73250000086,
              279659.26760000177
            ],
            [
              319604.58000000007,
              279643.20460000262
            ],
            [
              319574.72700000089,
              279627.81160000339
            ],
            [
              319546.1305999998,
              279602.07489999942
            ],
            [
              319516.581100001,
              279585.87030000053
            ],
            [
              319508.00220000092,
              279558.22720000148
            ],
            [
              319488.93800000101,
              279539.16300000064
            ],
            [
              319471.78019999992,
              279516.28590000235
            ],
            [
              319462.2481000023,
              279498.17490000278
            ],
            [
              319443.18380000163,
              279488.64280000329
            ],
            [
              319433.65170000121,
              279492.45560000278
            ],
            [
              319409.82140000071,
              279473.39139999822
            ],
            [
              319401.24250000063,
              279441.93539999984
            ],
            [
              319402.19579999987,
              279422.87120000087
            ],
            [
              319400.2893000003,
              279412.63250000216
            ],
            [
              319400.2893000003,
              279401.90060000122
            ],
            [
              319397.42970000021,
              279394.27490000054
            ],
            [
              319389.59100000001,
              279394.27490000054
            ],
            [
              319381.22510000132,
              279394.27490000054
            ],
            [
              319356.08420000039,
              279396.4196000006
            ],
            [
              319339.64130000025,
              279397.84940000251
            ],
            [
              319331.12890000176,
              279395.29570000246
            ],
            [
              319325.3431000011,
              279393.56000000052
            ],
            [
              319308.18530000187,
              279389.98540000059
            ],
            [
              319277.97580000106,
              279370.67119999975
            ],
            [
              319264.57589999959,
              279362.10400000215
            ],
            [
              319249.56280000135,
              279357.81460000388
            ],
            [
              319239.55410000123,
              279349.9506000001
            ],
            [
              319228.77200000081,
              279339.16850000247
            ],
            [
              319224.54100000113,
              279334.9375
            ],
            [
              319202.05119999964,
              279322.50889999792
            ],
            [
              319197.37449999992,
              279319.9243999999
            ],
            [
              319173.7826000005,
              279302.05169999972
            ],
            [
              319154.48000000138,
              279289.18340000138
            ],
            [
              319138.75200000219,
              279274.8852000013
            ],
            [
              319128.74330000021,
              279259.8721000012
            ],
            [
              319131.60300000105,
              279224.84160000086
            ],
            [
              319131.60300000105,
              279204.10930000059
            ],
            [
              319136.60730000027,
              279186.23660000041
            ],
            [
              319139.46700000204,
              279171.22350000031
            ],
            [
              319137.32220000215,
              279144.05700000189
            ],
            [
              319139.46700000204,
              279131.18860000186
            ],
            [
              319133.56750000082,
              279119.14390000142
            ],
            [
              319122.30920000002,
              279096.15810000151
            ],
            [
              319092.99790000077,
              279068.27669999935
            ],
            [
              319059.39720000047,
              279048.2592999991
            ],
            [
              319041.52450000029,
              279035.39090000279
            ],
            [
              319036.52020000108,
              279018.23310000263
            ],
            [
              319032.31560000125,
              279009.82399999909
            ],
            [
              319025.08160000015,
              278995.3561000023
            ],
            [
              319024.24619999994,
              278979.06599999964
            ],
            [
              319023.65180000197,
              278967.47460000031
            ],
            [
              319019.36240000091,
              278939.59320000373
            ],
            [
              319025.7965000011,
              278925.29499999993
            ],
            [
              319045.09910000023,
              278895.26890000142
            ],
            [
              319062.25689999945,
              278885.97510000132
            ],
            [
              319077.26989999879,
              278856.66380000114
            ],
            [
              319098.00230000075,
              278833.78680000082
            ],
            [
              319118.01970000099,
              278805.90540000238
            ],
            [
              319132.41840000171,
              278791.50670000352
            ],
            [
              319133.27539999969,
              278790.05610000156
            ],
            [
              319135.80530000106,
              278788.79119999893
            ],
            [
              319141.22900000121,
              278786.07930000313
            ],
            [
              319161.62910000049,
              278775.87920000218
            ],
            [
              319198.08940000087,
              278780.88360000029
            ],
            [
              319221.68140000105,
              278795.18170000054
            ],
            [
              319227.65799999982,
              278801.15830000304
            ],
            [
              319238.83920000028,
              278812.3395000007
            ],
            [
              319255.9970000023,
              278824.49300000072
            ],
            [
              319260.28650000133,
              278838.79110000096
            ],
            [
              319287.45300000068,
              278833.78680000082
            ],
            [
              319299.27400000021,
              278824.55160000362
            ],
            [
              319310.33000000101,
              278815.91410000063
            ],
            [
              319331.06240000017,
              278803.04569999874
            ],
            [
              319356.79910000227,
              278778.02390000224
            ],
            [
              319383.96560000069,
              278759.43630000018
            ],
            [
              319414.70670000091,
              278740.84870000184
            ],
            [
              319443.30300000031,
              278706.53309999965
            ],
            [
              319464.75019999966,
              278675.7920000013
            ],
            [
              319483.33790000062,
              278639.33170000464
            ],
            [
              319491.35510000028,
              278631.81560000218
            ],
            [
              319517.65350000001,
              278607.16080000438
            ],
            [
              319520.65720000211,
              278594.97910000011
            ],
            [
              319530.52180000022,
              278554.97250000015
            ],
            [
              319537.67090000119,
              278508.50349999964
            ],
            [
              319541.24540000129,
              278485.62640000135
            ],
            [
              319536.95600000024,
              278464.89409999922
            ],
            [
              319517.65350000001,
              278436.29780000076
            ],
            [
              319508.35960000008,
              278421.28470000066
            ],
            [
              319500.49569999985,
              278404.1269000005
            ],
            [
              319520.5131000001,
              278361.23240000196
            ],
            [
              319536.24110000115,
              278328.34660000168
            ],
            [
              319554.82870000135,
              278302.60990000144
            ],
            [
              319581.28030000161,
              278284.73720000125
            ],
            [
              319607.73189999908,
              278255.42590000294
            ],
            [
              319644.19220000226,
              278222.54020000063
            ],
            [
              319658.49040000141,
              278207.52710000053
            ],
            [
              319669.92890000064,
              278193.94380000234
            ],
            [
              319683.51220000163,
              278179.64570000209
            ],
            [
              319684.94200000167,
              278169.6370000001
            ],
            [
              319672.07359999977,
              278164.63260000013
            ],
            [
              319661.3499999987,
              278159.62820000201
            ],
            [
              319649.19660000037,
              278156.76860000193
            ],
            [
              319647.05190000124,
              278152.47919999994
            ],
            [
              319654.20089999959,
              278138.18099999987
            ],
            [
              319668.4991000006,
              278132.46170000173
            ],
            [
              319691.37619999982,
              278115.30390000157
            ],
            [
              319696.38050000183,
              278106.72500000149
            ],
            [
              319704.24450000003,
              278089.56720000319
            ],
            [
              319712.10850000102,
              278073.12429999933
            ],
            [
              319719.97250000108,
              278058.11130000278
            ],
            [
              319731.41100000124,
              278037.37890000269
            ],
            [
              319742.84960000031,
              278010.21240000241
            ],
            [
              319759.29250000045,
              277979.47130000032
            ],
            [
              319765.01169999875,
              277963.02840000205
            ],
            [
              319760.00739999954,
              277945.1557
            ],
            [
              319747.85390000232,
              277937.29170000181
            ],
            [
              319727.83650000021,
              277930.14269999973
            ],
            [
              319708.53400000185,
              277912.26999999955
            ],
            [
              319697.09539999999,
              277892.96740000136
            ],
            [
              319681.3674999997,
              277870.80530000292
            ],
            [
              319675.85250000097,
              277867.12870000117
            ],
            [
              319670.64379999973,
              277863.65620000102
            ],
            [
              319662.06490000058,
              277852.21770000085
            ],
            [
              319643.47730000038,
              277851.50280000456
            ],
            [
              319632.7536999993,
              277855.07730000094
            ],
            [
              319612.0214000009,
              277870.09040000103
            ],
            [
              319594.86359999888,
              277875.8096000012
            ],
            [
              319579.85050000157,
              277877.95439999923
            ],
            [
              319569.84179999866,
              277874.3797999993
            ],
            [
              319559.11809999961,
              277874.3797999993
            ],
            [
              319549.03450000193,
              277873.43450000323
            ],
            [
              319536.24110000115,
              277872.2351000011
            ],
            [
              319521.94290000014,
              277869.37550000101
            ],
            [
              319496.92109999992,
              277857.222000001
            ],
            [
              319491.56099999975,
              277851.56410000101
            ],
            [
              319484.05279999971,
              277843.63880000077
            ],
            [
              319479.76330000069,
              277832.20020000264
            ],
            [
              319470.46949999966,
              277820.76170000248
            ],
            [
              319452.89599999972,
              277812.65090000071
            ],
            [
              319438.29860000219,
              277809.32320000231
            ],
            [
              319429.00480000116,
              277801.45920000412
            ],
            [
              319411.13210000005,
              277778.58210000023
            ],
            [
              319395.40410000086,
              277764.99880000204
            ],
            [
              319379.53089999966,
              277750.75360000134
            ],
            [
              319367.52270000055,
              277739.97709999792
            ],
            [
              319357.51400000043,
              277721.38940000162
            ],
            [
              319348.22020000033,
              277704.23159999773
            ],
            [
              319341.07110000029,
              277687.07379999943
            ],
            [
              319333.92200000118,
              277673.4905999992
            ],
            [
              319330.34750000108,
              277660.62219999917
            ],
            [
              319328.8330000015,
              277644.97300000116
            ],
            [
              319328.20270000119,
              277638.46010000072
            ],
            [
              319321.05370000098,
              277626.30660000071
            ],
            [
              319318.13670000061,
              277611.66449999996
            ],
            [
              319317.12170000095,
              277604.1445000004
            ],
            [
              319311.04500000086,
              277577.69290000014
            ],
            [
              319308.90020000096,
              277554.10089999996
            ],
            [
              319325.49940000102,
              277534.82440000027
            ],
            [
              319331.06240000017,
              277528.36420000158
            ],
            [
              319332.3814999992,
              277513.41449999996
            ],
            [
              319333.2071000021,
              277504.05729999952
            ],
            [
              319338.23920000065,
              277482.27410000004
            ],
            [
              319338.92640000116,
              277456.1585000027
            ],
            [
              319340.3562000012,
              277439.00070000254
            ],
            [
              319341.02969999984,
              277422.18429999985
            ],
            [
              319341.37010000087,
              277419.37630000152
            ],
            [
              319343.93070000038,
              277398.25090000406
            ],
            [
              319354.65440000035,
              277377.51849999838
            ],
            [
              319366.09290000051,
              277351.0669000037
            ],
            [
              319371.09719999973,
              277334.62399999984
            ],
            [
              319373.24199999962,
              277313.17679999769
            ],
            [
              319386.82520000171,
              277286.01030000113
            ],
            [
              319393.97430000082,
              277266.70780000277
            ],
            [
              319410.41720000189,
              277240.97110000439
            ],
            [
              319431.14950000029,
              277225.95800000243
            ],
            [
              319439.72840000037,
              277207.37040000223
            ],
            [
              319447.59240000043,
              277189.49770000018
            ],
            [
              319456.8861999996,
              277168.05040000007
            ],
            [
              319457.60120000131,
              277149.46280000173
            ],
            [
              319457.60120000131,
              277132.10299999826
            ],
            [
              319457.60120000131,
              277126.5856999997
            ],
            [
              319439.01350000128,
              277057.2396000009
            ],
            [
              319435.05470000114,
              277041.40430000424
            ],
            [
              319434.00920000114,
              277037.22220000066
            ],
            [
              319430.4346000012,
              277011.48550000228
            ],
            [
              319434.00920000114,
              276987.8935000021
            ],
            [
              319434.72410000023,
              276975.02519999817
            ],
            [
              319430.4346000012,
              276964.30150000192
            ],
            [
              319411.84700000193,
              276950.7183000017
            ],
            [
              319411.84700000193,
              276924.98159999773
            ],
            [
              319417.566300001,
              276899.24489999935
            ],
            [
              319418.28120000008,
              276882.08709999919
            ],
            [
              319416.85140000004,
              276867.07399999909
            ],
            [
              319416.85140000004,
              276850.63110000081
            ],
            [
              319423.28560000006,
              276828.46900000237
            ],
            [
              319421.85570000112,
              276797.72790000029
            ],
            [
              319414.70670000091,
              276779.85520000011
            ],
            [
              319404.69790000003,
              276752.68870000355
            ],
            [
              319395.40410000086,
              276731.95629999973
            ],
            [
              319381.8208999997,
              276714.08360000327
            ],
            [
              319376.81649999972,
              276709.0792999994
            ],
            [
              319368.9525000006,
              276695.49600000121
            ],
            [
              319363.23330000043,
              276684.77240000106
            ],
            [
              319361.08849999961,
              276668.32950000465
            ],
            [
              319361.08849999961,
              276656.1761000026
            ],
            [
              319366.8077999996,
              276641.87790000252
            ],
            [
              319377.53140000068,
              276615.42630000226
            ],
            [
              319379.67609999981,
              276604.70270000026
            ],
            [
              319383.25069999974,
              276586.11499999836
            ],
            [
              319377.53140000068,
              276543.9354000017
            ],
            [
              319380.39109999966,
              276523.20310000144
            ],
            [
              319391.76800000016,
              276500.44930000044
            ],
            [
              319393.03290000092,
              276497.91939999908
            ],
            [
              319395.40410000086,
              276480.3086000029
            ],
            [
              319391.13009999972,
              276476.60450000316
            ],
            [
              319384.68049999978,
              276471.01480000094
            ],
            [
              319364.66310000047,
              276454.57190000266
            ],
            [
              319359.65869999956,
              276440.98860000074
            ],
            [
              319346.0755000012,
              276423.11590000056
            ],
            [
              319343.93070000038,
              276409.53270000033
            ],
            [
              319331.77730000205,
              276398.80910000205
            ],
            [
              319322.48350000102,
              276378.79159999825
            ],
            [
              319320.33880000189,
              276364.49350000359
            ],
            [
              319317.47910000011,
              276358.77419999987
            ],
            [
              319302.46610000078,
              276341.61639999971
            ],
            [
              319292.45729999989,
              276326.60329999961
            ],
            [
              319283.16350000165,
              276315.87970000133
            ],
            [
              319273.15479999967,
              276298.72190000117
            ],
            [
              319268.15050000232,
              276285.13859999925
            ],
            [
              319259.57160000037,
              276270.12560000084
            ],
            [
              319259.57160000037,
              276246.53360000253
            ],
            [
              319249.56280000135,
              276234.38010000251
            ],
            [
              319242.39180000033,
              276225.67250000127
            ],
            [
              319239.55410000123,
              276222.22670000046
            ],
            [
              319232.40500000026,
              276208.64340000227
            ],
            [
              319225.97090000007,
              276202.20930000022
            ],
            [
              319220.25160000101,
              276189.34090000018
            ],
            [
              319217.39200000092,
              276178.61730000004
            ],
            [
              319213.10250000097,
              276164.31910000183
            ],
            [
              319193.08509999886,
              276156.45510000363
            ],
            [
              319173.7826000005,
              276159.31480000168
            ],
            [
              319156.62480000127,
              276158.59990000166
            ],
            [
              319132.4776999997,
              276150.10370000266
            ],
            [
              319118.01970000099,
              276145.01660000347
            ],
            [
              319113.68489999883,
              276140.24829999916
            ],
            [
              319110.87060000096,
              276137.15259999968
            ],
            [
              319117.30480000004,
              276116.42029999942
            ],
            [
              319105.15140000079,
              276114.27550000139
            ],
            [
              319099.43210000172,
              276121.4245999977
            ],
            [
              319075.12519999966,
              276114.27550000139
            ],
            [
              319065.83139999956,
              276101.40719999932
            ],
            [
              319060.11209999956,
              276090.68359999917
            ],
            [
              319053.67800000031,
              276072.0960000027
            ],
            [
              319052.24810000136,
              276064.9469000008
            ],
            [
              319045.09910000023,
              276052.79340000078
            ],
            [
              319040.8096000012,
              276041.35490000062
            ],
            [
              319035.09030000214,
              276019.19270000234
            ],
            [
              319032.23070000112,
              276008.46910000034
            ],
            [
              319024.36670000106,
              275985.59210000001
            ],
            [
              319021.50710000005,
              275928.39940000139
            ],
            [
              319025.10870000068,
              275905.55480000004
            ],
            [
              319023.6473000003,
              275903.80110000074
            ],
            [
              319023.29790000059,
              275903.38190000132
            ],
            [
              319022.94840000011,
              275902.9626000002
            ],
            [
              319014.35800000094,
              275892.65400000103
            ],
            [
              318999.40969999973,
              275893.89970000274
            ],
            [
              318996.59090000018,
              275894.13460000232
            ],
            [
              318975.75299999956,
              275889.07940000109
            ],
            [
              318965.02929999959,
              275881.93029999919
            ],
            [
              318940.00750000123,
              275876.92600000277
            ],
            [
              318922.84970000014,
              275869.06200000085
            ],
            [
              318900.68760000076,
              275864.77250000276
            ],
            [
              318887.1043000007,
              275871.20669999905
            ],
            [
              318877.81049999967,
              275884.07510000095
            ],
            [
              318854.21850000229,
              275901.94780000113
            ],
            [
              318846.20540000126,
              275905.34730000421
            ],
            [
              318830.62660000101,
              275911.95649999939
            ],
            [
              318810.6091,
              275922.68010000326
            ],
            [
              318793.87359999958,
              275929.37429999933
            ],
            [
              318778.43829999864,
              275935.54849999957
            ],
            [
              318758.42080000043,
              275935.54849999957
            ],
            [
              318736.97360000107,
              275927.68450000137
            ],
            [
              318719.10089999996,
              275926.2546999976
            ],
            [
              318694.08499999996,
              275922.78019999899
            ],
            [
              318654.75910000037,
              275927.68450000137
            ],
            [
              318638.02379999962,
              275928.72800000012
            ],
            [
              318635.79110000003,
              275926.99149999954
            ],
            [
              318624.73300000094,
              275918.39069999941
            ],
            [
              318623.3032000009,
              275899.08810000308
            ],
            [
              318620.44350000191,
              275875.49620000087
            ],
            [
              318617.5839000009,
              275864.05760000274
            ],
            [
              318603.28569999989,
              275840.46570000052
            ],
            [
              318594.98979999963,
              275830.61430000328
            ],
            [
              318591.84719999973,
              275826.88240000419
            ],
            [
              318561.10610000044,
              275817.58860000223
            ],
            [
              318548.67310000118,
              275819.74049999937
            ],
            [
              318523.93090000097,
              275824.02280000225
            ],
            [
              318494.61970000062,
              275841.89550000429
            ],
            [
              318473.17239999957,
              275853.33400000446
            ],
            [
              318463.30829999968,
              275857.03300000168
            ],
            [
              318450.29530000035,
              275861.91290000267
            ],
            [
              318424.55860000104,
              275861.91290000267
            ],
            [
              318405.9709999999,
              275860.48310000077
            ],
            [
              318383.80890000053,
              275846.89980000257
            ],
            [
              318343.77400000021,
              275834.03150000051
            ],
            [
              318327.33110000007,
              275834.03150000051
            ],
            [
              318283.72169999965,
              275836.89110000059
            ],
            [
              318232.96320000105,
              275828.31220000051
            ],
            [
              318201.50719999988,
              275826.88240000419
            ],
            [
              318162.90220000036,
              275816.15880000032
            ],
            [
              318123.58220000099,
              275813.29910000041
            ],
            [
              318115.47870000079,
              275812.83600000106
            ],
            [
              318098.56040000077,
              275811.86930000223
            ],
            [
              318088.89209999982,
              275807.31950000115
            ],
            [
              318074.2536000004,
              275800.43080000207
            ],
            [
              318072.82380000036,
              275780.41340000369
            ],
            [
              318076.39829999954,
              275766.11519999988
            ],
            [
              318075.68340000138,
              275753.96180000342
            ],
            [
              318065.67470000125,
              275738.94870000333
            ],
            [
              318060.67030000035,
              275723.22070000134
            ],
            [
              318054.23610000033,
              275713.21199999936
            ],
            [
              318048.51690000203,
              275700.34360000305
            ],
            [
              318045.65720000025,
              275693.909500001
            ],
            [
              318047.80200000014,
              275676.03679999895
            ],
            [
              318053.52120000124,
              275658.87900000066
            ],
            [
              318055.66600000113,
              275642.43610000238
            ],
            [
              318059.24050000031,
              275618.12920000032
            ],
            [
              318047.08710000105,
              275598.1117000021
            ],
            [
              318043.33310000133,
              275594.35770000145
            ],
            [
              318036.36340000201,
              275587.38810000382
            ],
            [
              318020.63540000003,
              275585.95830000192
            ],
            [
              318009.91180000082,
              275583.81360000186
            ],
            [
              317994.18379999977,
              275568.80050000176
            ],
            [
              317972.02170000132,
              275554.50230000168
            ],
            [
              317959.86820000131,
              275520.90159999952
            ],
            [
              317957.29250000045,
              275512.20839999989
            ],
            [
              317954.14900000021,
              275501.59910000116
            ],
            [
              317948.42970000114,
              275489.44570000097
            ],
            [
              317934.131500002,
              275477.29220000096
            ],
            [
              317925.55260000005,
              275468.71330000088
            ],
            [
              317919.83340000175,
              275453.70030000433
            ],
            [
              317907.67990000173,
              275452.98540000245
            ],
            [
              317904.76750000007,
              275454.32030000351
            ],
            [
              317890.52209999971,
              275460.84930000268
            ],
            [
              317871.21960000135,
              275467.99840000458
            ],
            [
              317849.05740000121,
              275475.86240000278
            ],
            [
              317835.47420000006,
              275486.58600000106
            ],
            [
              317829.0400000019,
              275491.59039999917
            ],
            [
              317816.17170000169,
              275505.17370000295
            ],
            [
              317802.58840000164,
              275505.88859999925
            ],
            [
              317777.56660000142,
              275505.88859999925
            ],
            [
              317761.12370000035,
              275500.16929999925
            ],
            [
              317739.67650000099,
              275498.73950000107
            ],
            [
              317718.14440000057,
              275498.08700000122
            ],
            [
              317715.3172000004,
              275498.00139999948
            ],
            [
              317696.78199999966,
              275493.73509999923
            ],
            [
              317677.4795000013,
              275493.73509999923
            ],
            [
              317664.18130000029,
              275492.21299999952
            ],
            [
              317642.0418000007,
              275489.6641000025
            ],
            [
              317628.10109999962,
              275488.05560000055
            ],
            [
              317610.40220000129,
              275494.9963000007
            ],
            [
              317600.75590000022,
              275498.77920000069
            ],
            [
              317584.11679999996,
              275491.59420000203
            ]
          ]
        ]
      }
    }
  ]
}