{
  "displayFieldName" : "",
  "fieldAliases" : {
    "FID" : "FID",
    "PMNTN_SPOT" : "PMNTN_SPOT",
    "MNTN_CODE" : "MNTN_CODE",
    "MANAGE_SP1" : "MANAGE_SP1",
    "MANAGE_SP2" : "MANAGE_SP2",
    "DETAIL_SPO" : "DETAIL_SPO",
    "ETC_MATTER" : "ETC_MATTER",
    "MNTN_NM" : "MNTN_NM",
    "PAST_SPOT_" : "PAST_SPOT_",
    "MNTN_ID" : "MNTN_ID"
  },
  "geometryType" : "esriGeometryPoint",
  "spatialReference" : {
    "wkt" : "PROJCS[\"PCS_ITRF2000_TM\",GEOGCS[\"GCS_ITRF_2000\",DATUM[\"D_ITRF_2000\",SPHEROID[\"GRS_1980\",6378137.0,298.257222101]],PRIMEM[\"Greenwich\",0.0],UNIT[\"Degree\",0.0174532925199433]],PROJECTION[\"Transverse_Mercator\"],PARAMETER[\"False_Easting\",200000.0],PARAMETER[\"False_Northing\",600000.0],PARAMETER[\"Central_Meridian\",127.0],PARAMETER[\"Scale_Factor\",1.0],PARAMETER[\"Latitude_Of_Origin\",38.0],UNIT[\"Meter\",1.0]]"
  },
  "fields" : [
    {
      "name" : "FID",
      "type" : "esriFieldTypeOID",
      "alias" : "FID"
    },
    {
      "name" : "PMNTN_SPOT",
      "type" : "esriFieldTypeDouble",
      "alias" : "PMNTN_SPOT"
    },
    {
      "name" : "MNTN_CODE",
      "type" : "esriFieldTypeString",
      "alias" : "MNTN_CODE",
      "length" : 9
    },
    {
      "name" : "MANAGE_SP1",
      "type" : "esriFieldTypeString",
      "alias" : "MANAGE_SP1",
      "length" : 2
    },
    {
      "name" : "MANAGE_SP2",
      "type" : "esriFieldTypeString",
      "alias" : "MANAGE_SP2",
      "length" : 50
    },
    {
      "name" : "DETAIL_SPO",
      "type" : "esriFieldTypeString",
      "alias" : "DETAIL_SPO",
      "length" : 200
    },
    {
      "name" : "ETC_MATTER",
      "type" : "esriFieldTypeString",
      "alias" : "ETC_MATTER",
      "length" : 200
    },
    {
      "name" : "MNTN_NM",
      "type" : "esriFieldTypeString",
      "alias" : "MNTN_NM",
      "length" : 50
    },
    {
      "name" : "PAST_SPOT_",
      "type" : "esriFieldTypeString",
      "alias" : "PAST_SPOT_",
      "length" : 14
    },
    {
      "name" : "MNTN_ID",
      "type" : "esriFieldTypeString",
      "alias" : "MNTN_ID",
      "length" : 10
    }
  ],
  "features" : [
    {
      "attributes" : {
        "FID" : 0,
        "PMNTN_SPOT" : 88405,
        "MNTN_CODE" : "287101201",
        "MANAGE_SP1" : "99",
        "MANAGE_SP2" : "기타",
        "DETAIL_SPO" : "토모산과혈구산사이 산",
        "ETC_MATTER" : " ",
        "MNTN_NM" : "퇴모산",
        "PAST_SPOT_" : "2871012010001",
        "MNTN_ID" : "287101201"
      },
      "geometry" : {
        "x" : 150135.81940000039,
        "y" : 568690.40560000204
      }
    },
    {
      "attributes" : {
        "FID" : 1,
        "PMNTN_SPOT" : 88406,
        "MNTN_CODE" : "287101201",
        "MANAGE_SP1" : "99",
        "MANAGE_SP2" : "기타",
        "DETAIL_SPO" : "강화농업기술센타",
        "ETC_MATTER" : " ",
        "MNTN_NM" : "퇴모산",
        "PAST_SPOT_" : "2871012010002",
        "MNTN_ID" : "287101201"
      },
      "geometry" : {
        "x" : 150176.1529000001,
        "y" : 567249.93510000221
      }
    },
    {
      "attributes" : {
        "FID" : 2,
        "PMNTN_SPOT" : 88407,
        "MNTN_CODE" : "287101201",
        "MANAGE_SP1" : "99",
        "MANAGE_SP2" : "기타",
        "DETAIL_SPO" : "인산저수지앞",
        "ETC_MATTER" : " ",
        "MNTN_NM" : "퇴모산",
        "PAST_SPOT_" : "2871012010003",
        "MNTN_ID" : "287101201"
      },
      "geometry" : {
        "x" : 149362.73600000143,
        "y" : 566529.67360000126
      }
    },
    {
      "attributes" : {
        "FID" : 3,
        "PMNTN_SPOT" : 88408,
        "MNTN_CODE" : "287101201",
        "MANAGE_SP1" : "14",
        "MANAGE_SP2" : "조망점",
        "DETAIL_SPO" : "조망점",
        "ETC_MATTER" : " ",
        "MNTN_NM" : "퇴모산",
        "PAST_SPOT_" : "2871012010004",
        "MNTN_ID" : "287101201"
      },
      "geometry" : {
        "x" : 148153.8013000004,
        "y" : 567805.21900000051
      }
    },
    {
      "attributes" : {
        "FID" : 4,
        "PMNTN_SPOT" : 88409,
        "MNTN_CODE" : "287101201",
        "MANAGE_SP1" : "99",
        "MANAGE_SP2" : "기타",
        "DETAIL_SPO" : "뒤쪽조망",
        "ETC_MATTER" : " ",
        "MNTN_NM" : "퇴모산",
        "PAST_SPOT_" : "2871012010005",
        "MNTN_ID" : "287101201"
      },
      "geometry" : {
        "x" : 148074.69189999998,
        "y" : 567776.06520000286
      }
    },
    {
      "attributes" : {
        "FID" : 5,
        "PMNTN_SPOT" : 88410,
        "MNTN_CODE" : "287101201",
        "MANAGE_SP1" : "99",
        "MANAGE_SP2" : "기타",
        "DETAIL_SPO" : "숲길",
        "ETC_MATTER" : " ",
        "MNTN_NM" : "퇴모산",
        "PAST_SPOT_" : "2871012010006",
        "MNTN_ID" : "287101201"
      },
      "geometry" : {
        "x" : 147998.23620000016,
        "y" : 567717.67270000279
      }
    },
    {
      "attributes" : {
        "FID" : 6,
        "PMNTN_SPOT" : 88411,
        "MNTN_CODE" : "287101201",
        "MANAGE_SP1" : "14",
        "MANAGE_SP2" : "조망점",
        "DETAIL_SPO" : "조망점",
        "ETC_MATTER" : " ",
        "MNTN_NM" : "퇴모산",
        "PAST_SPOT_" : "2871012010007",
        "MNTN_ID" : "287101201"
      },
      "geometry" : {
        "x" : 147692.5429999996,
        "y" : 567588.00269999914
      }
    },
    {
      "attributes" : {
        "FID" : 7,
        "PMNTN_SPOT" : 88412,
        "MNTN_CODE" : "287101201",
        "MANAGE_SP1" : "19",
        "MANAGE_SP2" : "야영장",
        "DETAIL_SPO" : "천주교야영장 정거장",
        "ETC_MATTER" : " ",
        "MNTN_NM" : "퇴모산",
        "PAST_SPOT_" : "2871012010008",
        "MNTN_ID" : "287101201"
      },
      "geometry" : {
        "x" : 147987.50989999995,
        "y" : 569322.75180000067
      }
    },
    {
      "attributes" : {
        "FID" : 8,
        "PMNTN_SPOT" : 88413,
        "MNTN_CODE" : "287101201",
        "MANAGE_SP1" : "99",
        "MANAGE_SP2" : "기타",
        "DETAIL_SPO" : "여영장 정문",
        "ETC_MATTER" : " ",
        "MNTN_NM" : "퇴모산",
        "PAST_SPOT_" : "2871012010009",
        "MNTN_ID" : "287101201"
      },
      "geometry" : {
        "x" : 148383.3617000021,
        "y" : 568443.23950000107
      }
    },
    {
      "attributes" : {
        "FID" : 9,
        "PMNTN_SPOT" : 88414,
        "MNTN_CODE" : "287101201",
        "MANAGE_SP1" : "19",
        "MANAGE_SP2" : "야영장",
        "DETAIL_SPO" : "야영장",
        "ETC_MATTER" : " ",
        "MNTN_NM" : "퇴모산",
        "PAST_SPOT_" : "2871012010010",
        "MNTN_ID" : "287101201"
      },
      "geometry" : {
        "x" : 148352.12500000186,
        "y" : 567967.67410000227
      }
    },
    {
      "attributes" : {
        "FID" : 10,
        "PMNTN_SPOT" : 88415,
        "MNTN_CODE" : "287101201",
        "MANAGE_SP1" : "99",
        "MANAGE_SP2" : "기타",
        "DETAIL_SPO" : "쑥체험장앞",
        "ETC_MATTER" : " ",
        "MNTN_NM" : "퇴모산",
        "PAST_SPOT_" : "2871012010011",
        "MNTN_ID" : "287101201"
      },
      "geometry" : {
        "x" : 149175.04889999982,
        "y" : 566452.08950000443
      }
    },
    {
      "attributes" : {
        "FID" : 11,
        "PMNTN_SPOT" : 88416,
        "MNTN_CODE" : "287101201",
        "MANAGE_SP1" : "16",
        "MANAGE_SP2" : "주요나무",
        "DETAIL_SPO" : "소나무숲길",
        "ETC_MATTER" : " ",
        "MNTN_NM" : "퇴모산",
        "PAST_SPOT_" : "2871012010012",
        "MNTN_ID" : "287101201"
      },
      "geometry" : {
        "x" : 149337.73629999999,
        "y" : 567093.03020000085
      }
    },
    {
      "attributes" : {
        "FID" : 12,
        "PMNTN_SPOT" : 88417,
        "MNTN_CODE" : "287101201",
        "MANAGE_SP1" : "99",
        "MANAGE_SP2" : "기타",
        "DETAIL_SPO" : "막다른 길",
        "ETC_MATTER" : " ",
        "MNTN_NM" : "퇴모산",
        "PAST_SPOT_" : "2871012010013",
        "MNTN_ID" : "287101201"
      },
      "geometry" : {
        "x" : 150025.37579999957,
        "y" : 568051.97970000282
      }
    },
    {
      "attributes" : {
        "FID" : 13,
        "PMNTN_SPOT" : 88418,
        "MNTN_CODE" : "287101201",
        "MANAGE_SP1" : "99",
        "MANAGE_SP2" : "기타",
        "DETAIL_SPO" : "기술센타입구",
        "ETC_MATTER" : " ",
        "MNTN_NM" : "퇴모산",
        "PAST_SPOT_" : "2871012010014",
        "MNTN_ID" : "287101201"
      },
      "geometry" : {
        "x" : 150287.88190000039,
        "y" : 567031.27880000137
      }
    },
    {
      "attributes" : {
        "FID" : 14,
        "PMNTN_SPOT" : 88419,
        "MNTN_CODE" : "287101201",
        "MANAGE_SP1" : "14",
        "MANAGE_SP2" : "조망점",
        "DETAIL_SPO" : "조망점",
        "ETC_MATTER" : " ",
        "MNTN_NM" : "퇴모산",
        "PAST_SPOT_" : "2871012010015",
        "MNTN_ID" : "287101201"
      },
      "geometry" : {
        "x" : 149557.87450000085,
        "y" : 567734.96310000122
      }
    },
    {
      "attributes" : {
        "FID" : 15,
        "PMNTN_SPOT" : 88420,
        "MNTN_CODE" : "287101201",
        "MANAGE_SP1" : "23",
        "MANAGE_SP2" : "정상",
        "DETAIL_SPO" : "정상부",
        "ETC_MATTER" : " ",
        "MNTN_NM" : "퇴모산",
        "PAST_SPOT_" : "2871012010016",
        "MNTN_ID" : "287101201"
      },
      "geometry" : {
        "x" : 149471.27750000078,
        "y" : 568046.98690000176
      }
    },
    {
      "attributes" : {
        "FID" : 16,
        "PMNTN_SPOT" : 88421,
        "MNTN_CODE" : "287101201",
        "MANAGE_SP1" : "10",
        "MANAGE_SP2" : "이정표",
        "DETAIL_SPO" : "이정표",
        "ETC_MATTER" : " ",
        "MNTN_NM" : "퇴모산",
        "PAST_SPOT_" : "2871012010017",
        "MNTN_ID" : "287101201"
      },
      "geometry" : {
        "x" : 149405.48800000083,
        "y" : 568048.16190000437
      }
    },
    {
      "attributes" : {
        "FID" : 17,
        "PMNTN_SPOT" : 88422,
        "MNTN_CODE" : "287101201",
        "MANAGE_SP1" : "10",
        "MANAGE_SP2" : "이정표",
        "DETAIL_SPO" : "이정표",
        "ETC_MATTER" : " ",
        "MNTN_NM" : "퇴모산",
        "PAST_SPOT_" : "2871012010018",
        "MNTN_ID" : "287101201"
      },
      "geometry" : {
        "x" : 148458.19319999963,
        "y" : 567796.37340000086
      }
    },
    {
      "attributes" : {
        "FID" : 18,
        "PMNTN_SPOT" : 88423,
        "MNTN_CODE" : "287101201",
        "MANAGE_SP1" : "01",
        "MANAGE_SP2" : "시종점",
        "DETAIL_SPO" : "시종점",
        "ETC_MATTER" : " ",
        "MNTN_NM" : "퇴모산",
        "PAST_SPOT_" : "2871012010019",
        "MNTN_ID" : "287101201"
      },
      "geometry" : {
        "x" : 147234.43670000043,
        "y" : 567058.0120000001
      }
    },
    {
      "attributes" : {
        "FID" : 19,
        "PMNTN_SPOT" : 88424,
        "MNTN_CODE" : "287101201",
        "MANAGE_SP1" : "01",
        "MANAGE_SP2" : "시종점",
        "DETAIL_SPO" : "시종점",
        "ETC_MATTER" : " ",
        "MNTN_NM" : "퇴모산",
        "PAST_SPOT_" : "2871012010020",
        "MNTN_ID" : "287101201"
      },
      "geometry" : {
        "x" : 147983.78149999958,
        "y" : 569324.50580000132
      }
    },
    {
      "attributes" : {
        "FID" : 20,
        "PMNTN_SPOT" : 88425,
        "MNTN_CODE" : "287101201",
        "MANAGE_SP1" : "02",
        "MANAGE_SP2" : "분기점",
        "DETAIL_SPO" : "분기점",
        "ETC_MATTER" : " ",
        "MNTN_NM" : "퇴모산",
        "PAST_SPOT_" : "2871012010021",
        "MNTN_ID" : "287101201"
      },
      "geometry" : {
        "x" : 148445.92860000115,
        "y" : 567801.30709999986
      }
    },
    {
      "attributes" : {
        "FID" : 21,
        "PMNTN_SPOT" : 88426,
        "MNTN_CODE" : "287101201",
        "MANAGE_SP1" : "02",
        "MANAGE_SP2" : "분기점",
        "DETAIL_SPO" : "분기점",
        "ETC_MATTER" : " ",
        "MNTN_NM" : "퇴모산",
        "PAST_SPOT_" : "2871012010022",
        "MNTN_ID" : "287101201"
      },
      "geometry" : {
        "x" : 148908.48260000069,
        "y" : 567903.25540000387
      }
    },
    {
      "attributes" : {
        "FID" : 22,
        "PMNTN_SPOT" : 88427,
        "MNTN_CODE" : "287101201",
        "MANAGE_SP1" : "01",
        "MANAGE_SP2" : "시종점",
        "DETAIL_SPO" : "시종점",
        "ETC_MATTER" : " ",
        "MNTN_NM" : "퇴모산",
        "PAST_SPOT_" : "2871012010023",
        "MNTN_ID" : "287101201"
      },
      "geometry" : {
        "x" : 149168.63180000056,
        "y" : 566444.83500000276
      }
    },
    {
      "attributes" : {
        "FID" : 23,
        "PMNTN_SPOT" : 88428,
        "MNTN_CODE" : "287101201",
        "MANAGE_SP1" : "02",
        "MANAGE_SP2" : "분기점",
        "DETAIL_SPO" : "분기점",
        "ETC_MATTER" : " ",
        "MNTN_NM" : "퇴모산",
        "PAST_SPOT_" : "2871012010024",
        "MNTN_ID" : "287101201"
      },
      "geometry" : {
        "x" : 149181.0066000009,
        "y" : 567414.79829999991
      }
    },
    {
      "attributes" : {
        "FID" : 24,
        "PMNTN_SPOT" : 88429,
        "MNTN_CODE" : "287101201",
        "MANAGE_SP1" : "02",
        "MANAGE_SP2" : "분기점",
        "DETAIL_SPO" : "분기점",
        "ETC_MATTER" : " ",
        "MNTN_NM" : "퇴모산",
        "PAST_SPOT_" : "2871012010025",
        "MNTN_ID" : "287101201"
      },
      "geometry" : {
        "x" : 149352.45600000117,
        "y" : 566857.00970000401
      }
    },
    {
      "attributes" : {
        "FID" : 25,
        "PMNTN_SPOT" : 88430,
        "MNTN_CODE" : "287101201",
        "MANAGE_SP1" : "01",
        "MANAGE_SP2" : "시종점",
        "DETAIL_SPO" : "시종점",
        "ETC_MATTER" : " ",
        "MNTN_NM" : "퇴모산",
        "PAST_SPOT_" : "2871012010026",
        "MNTN_ID" : "287101201"
      },
      "geometry" : {
        "x" : 149368.03780000098,
        "y" : 566521.44470000081
      }
    },
    {
      "attributes" : {
        "FID" : 26,
        "PMNTN_SPOT" : 88431,
        "MNTN_CODE" : "287101201",
        "MANAGE_SP1" : "02",
        "MANAGE_SP2" : "분기점",
        "DETAIL_SPO" : "분기점",
        "ETC_MATTER" : " ",
        "MNTN_NM" : "퇴모산",
        "PAST_SPOT_" : "2871012010027",
        "MNTN_ID" : "287101201"
      },
      "geometry" : {
        "x" : 149463.79140000138,
        "y" : 568052.26879999973
      }
    },
    {
      "attributes" : {
        "FID" : 27,
        "PMNTN_SPOT" : 88432,
        "MNTN_CODE" : "287101201",
        "MANAGE_SP1" : "02",
        "MANAGE_SP2" : "분기점",
        "DETAIL_SPO" : "분기점",
        "ETC_MATTER" : " ",
        "MNTN_NM" : "퇴모산",
        "PAST_SPOT_" : "2871012010028",
        "MNTN_ID" : "287101201"
      },
      "geometry" : {
        "x" : 149640.92430000007,
        "y" : 567875.34470000118
      }
    },
    {
      "attributes" : {
        "FID" : 28,
        "PMNTN_SPOT" : 88433,
        "MNTN_CODE" : "287101201",
        "MANAGE_SP1" : "02",
        "MANAGE_SP2" : "분기점",
        "DETAIL_SPO" : "분기점",
        "ETC_MATTER" : " ",
        "MNTN_NM" : "퇴모산",
        "PAST_SPOT_" : "2871012010029",
        "MNTN_ID" : "287101201"
      },
      "geometry" : {
        "x" : 149642.52759999968,
        "y" : 567866.58340000175
      }
    },
    {
      "attributes" : {
        "FID" : 29,
        "PMNTN_SPOT" : 88434,
        "MNTN_CODE" : "287101201",
        "MANAGE_SP1" : "01",
        "MANAGE_SP2" : "시종점",
        "DETAIL_SPO" : "시종점",
        "ETC_MATTER" : " ",
        "MNTN_NM" : "퇴모산",
        "PAST_SPOT_" : "2871012010030",
        "MNTN_ID" : "287101201"
      },
      "geometry" : {
        "x" : 150022.23430000059,
        "y" : 568033.63480000012
      }
    },
    {
      "attributes" : {
        "FID" : 30,
        "PMNTN_SPOT" : 88435,
        "MNTN_CODE" : "287101201",
        "MANAGE_SP1" : "01",
        "MANAGE_SP2" : "시종점",
        "DETAIL_SPO" : "시종점",
        "ETC_MATTER" : " ",
        "MNTN_NM" : "퇴모산",
        "PAST_SPOT_" : "2871012010031",
        "MNTN_ID" : "287101201"
      },
      "geometry" : {
        "x" : 150299.63929999992,
        "y" : 567028.24950000457
      }
    },
    {
      "attributes" : {
        "FID" : 31,
        "PMNTN_SPOT" : 88436,
        "MNTN_CODE" : "287101201",
        "MANAGE_SP1" : "02",
        "MANAGE_SP2" : "분기점",
        "DETAIL_SPO" : "분기점",
        "ETC_MATTER" : " ",
        "MNTN_NM" : "퇴모산",
        "PAST_SPOT_" : "2871012010032",
        "MNTN_ID" : "287101201"
      },
      "geometry" : {
        "x" : 150382.83160000015,
        "y" : 568947.23330000229
      }
    },
    {
      "attributes" : {
        "FID" : 32,
        "PMNTN_SPOT" : 88437,
        "MNTN_CODE" : "287101201",
        "MANAGE_SP1" : "01",
        "MANAGE_SP2" : "시종점",
        "DETAIL_SPO" : "시종점",
        "ETC_MATTER" : " ",
        "MNTN_NM" : "퇴모산",
        "PAST_SPOT_" : "2871012010033",
        "MNTN_ID" : "287101201"
      },
      "geometry" : {
        "x" : 150408.41220000107,
        "y" : 568967.94700000063
      }
    },
    {
      "attributes" : {
        "FID" : 33,
        "PMNTN_SPOT" : 88438,
        "MNTN_CODE" : "287101201",
        "MANAGE_SP1" : "01",
        "MANAGE_SP2" : "시종점",
        "DETAIL_SPO" : "시종점",
        "ETC_MATTER" : " ",
        "MNTN_NM" : "퇴모산",
        "PAST_SPOT_" : "2871012010034",
        "MNTN_ID" : "287101201"
      },
      "geometry" : {
        "x" : 150441.45490000118,
        "y" : 568878.0989000015
      }
    },
    {
      "attributes" : {
        "FID" : 34,
        "PMNTN_SPOT" : 99598,
        "MNTN_CODE" : "287101201",
        "MANAGE_SP1" : "99",
        "MANAGE_SP2" : "기타",
        "DETAIL_SPO" : "숲길",
        "ETC_MATTER" : " ",
        "MNTN_NM" : "퇴모산",
        "PAST_SPOT_" : "2871012010035",
        "MNTN_ID" : "287101201"
      },
      "geometry" : {
        "x" : 147234.83589999937,
        "y" : 567058.0094000008
      }
    },
    {
      "attributes" : {
        "FID" : 35,
        "PMNTN_SPOT" : 99599,
        "MNTN_CODE" : "287101201",
        "MANAGE_SP1" : "23",
        "MANAGE_SP2" : "정상",
        "DETAIL_SPO" : "정상",
        "ETC_MATTER" : " ",
        "MNTN_NM" : "퇴모산",
        "PAST_SPOT_" : "2871012010036",
        "MNTN_ID" : "287101201"
      },
      "geometry" : {
        "x" : 148910.29870000063,
        "y" : 567904.94769999955
      }
    },
    {
      "attributes" : {
        "FID" : 36,
        "PMNTN_SPOT" : 99962,
        "MNTN_CODE" : "287101201",
        "MANAGE_SP1" : "10",
        "MANAGE_SP2" : "이정표",
        "DETAIL_SPO" : "이정표",
        "ETC_MATTER" : " ",
        "MNTN_NM" : "퇴모산",
        "PAST_SPOT_" : "2871012010037",
        "MNTN_ID" : "287101201"
      },
      "geometry" : {
        "x" : 150132.25759999908,
        "y" : 568690.47360000014
      }
    }
  ]
}