{
  "displayFieldName" : "",
  "fieldAliases" : {
    "FID" : "FID",
    "PMNTN_SN" : "PMNTN_SN",
    "MNTN_CODE" : "MNTN_CODE",
    "MNTN_NM" : "MNTN_NM",
    "PMNTN_NM" : "PMNTN_NM",
    "PMNTN_MAIN" : "PMNTN_MAIN",
    "PMNTN_LT" : "PMNTN_LT",
    "PMNTN_DFFL" : "PMNTN_DFFL",
    "PMNTN_UPPL" : "PMNTN_UPPL",
    "PMNTN_GODN" : "PMNTN_GODN",
    "PMNTN_MTRQ" : "PMNTN_MTRQ",
    "PMNTN_CNRL" : "PMNTN_CNRL",
    "PMNTN_CLS_" : "PMNTN_CLS_",
    "PMNTN_RISK" : "PMNTN_RISK",
    "PMNTN_RECO" : "PMNTN_RECO",
    "DATA_STDR_" : "DATA_STDR_",
    "MNTN_ID" : "MNTN_ID"
  },
  "geometryType" : "esriGeometryPolyline",
  "spatialReference" : {
    "wkt" : "PROJCS[\"PCS_ITRF2000_TM\",GEOGCS[\"GCS_ITRF_2000\",DATUM[\"D_ITRF_2000\",SPHEROID[\"GRS_1980\",6378137.0,298.257222101]],PRIMEM[\"Greenwich\",0.0],UNIT[\"Degree\",0.0174532925199433]],PROJECTION[\"Transverse_Mercator\"],PARAMETER[\"False_Easting\",200000.0],PARAMETER[\"False_Northing\",600000.0],PARAMETER[\"Central_Meridian\",127.0],PARAMETER[\"Scale_Factor\",1.0],PARAMETER[\"Latitude_Of_Origin\",38.0],UNIT[\"Meter\",1.0]]"
  },
  "fields" : [
    {
      "name" : "FID",
      "type" : "esriFieldTypeOID",
      "alias" : "FID"
    },
    {
      "name" : "PMNTN_SN",
      "type" : "esriFieldTypeDouble",
      "alias" : "PMNTN_SN"
    },
    {
      "name" : "MNTN_CODE",
      "type" : "esriFieldTypeString",
      "alias" : "MNTN_CODE",
      "length" : 9
    },
    {
      "name" : "MNTN_NM",
      "type" : "esriFieldTypeString",
      "alias" : "MNTN_NM",
      "length" : 50
    },
    {
      "name" : "PMNTN_NM",
      "type" : "esriFieldTypeString",
      "alias" : "PMNTN_NM",
      "length" : 50
    },
    {
      "name" : "PMNTN_MAIN",
      "type" : "esriFieldTypeString",
      "alias" : "PMNTN_MAIN",
      "length" : 200
    },
    {
      "name" : "PMNTN_LT",
      "type" : "esriFieldTypeSingle",
      "alias" : "PMNTN_LT"
    },
    {
      "name" : "PMNTN_DFFL",
      "type" : "esriFieldTypeString",
      "alias" : "PMNTN_DFFL",
      "length" : 8
    },
    {
      "name" : "PMNTN_UPPL",
      "type" : "esriFieldTypeDouble",
      "alias" : "PMNTN_UPPL"
    },
    {
      "name" : "PMNTN_GODN",
      "type" : "esriFieldTypeDouble",
      "alias" : "PMNTN_GODN"
    },
    {
      "name" : "PMNTN_MTRQ",
      "type" : "esriFieldTypeString",
      "alias" : "PMNTN_MTRQ",
      "length" : 200
    },
    {
      "name" : "PMNTN_CNRL",
      "type" : "esriFieldTypeString",
      "alias" : "PMNTN_CNRL",
      "length" : 1
    },
    {
      "name" : "PMNTN_CLS_",
      "type" : "esriFieldTypeString",
      "alias" : "PMNTN_CLS_",
      "length" : 1
    },
    {
      "name" : "PMNTN_RISK",
      "type" : "esriFieldTypeString",
      "alias" : "PMNTN_RISK",
      "length" : 200
    },
    {
      "name" : "PMNTN_RECO",
      "type" : "esriFieldTypeString",
      "alias" : "PMNTN_RECO",
      "length" : 1
    },
    {
      "name" : "DATA_STDR_",
      "type" : "esriFieldTypeString",
      "alias" : "DATA_STDR_",
      "length" : 10
    },
    {
      "name" : "MNTN_ID",
      "type" : "esriFieldTypeString",
      "alias" : "MNTN_ID",
      "length" : 10
    }
  ],
  "features" : [
    {
      "attributes" : {
        "FID" : 0,
        "PMNTN_SN" : 19929,
        "MNTN_CODE" : "481501001",
        "MNTN_NM" : "반월산",
        "PMNTN_NM" : "회원동구간",
        "PMNTN_MAIN" : " ",
        "PMNTN_LT" : 0.1,
        "PMNTN_DFFL" : "쉬움",
        "PMNTN_UPPL" : 2,
        "PMNTN_GODN" : 1,
        "PMNTN_MTRQ" : " ",
        "PMNTN_CNRL" : " ",
        "PMNTN_CLS_" : " ",
        "PMNTN_RISK" : " ",
        "PMNTN_RECO" : " ",
        "DATA_STDR_" : "2016-12-31",
        "MNTN_ID" : "481270401"
      },
      "geometry" : {
        "paths" : [
          [
            [
              343557.42945796531,
              292772.1271616146
            ],
            [
              343549.7153000012,
              292774.56640000269
            ],
            [
              343546.91669999901,
              292775.79080000147
            ],
            [
              343543.96710000094,
              292777.83640000038
            ],
            [
              343541.95560000092,
              292780.37769999914
            ],
            [
              343540.86000000034,
              292783.6761000026
            ],
            [
              343540.73890000023,
              292786.87870000117
            ],
            [
              343541.22430000082,
              292790.19880000129
            ],
            [
              343542.7155000018,
              292793.74840000086
            ],
            [
              343546.99130000081,
              292798.28130000271
            ],
            [
              343548.50320000108,
              292801.64990000241
            ],
            [
              343548.93140000105,
              292804.78320000321
            ],
            [
              343548.83890000079,
              292808.40820000134
            ],
            [
              343547.96569999959,
              292813.33920000121
            ],
            [
              343546.90590000059,
              292816.3964000009
            ],
            [
              343544.23360000085,
              292821.69500000216
            ],
            [
              343541.66459999979,
              292826.95380000211
            ],
            [
              343539.48610000033,
              292829.39360000193
            ],
            [
              343536.56930000056,
              292829.48270000145
            ],
            [
              343532.9458000008,
              292827.54050000012
            ],
            [
              343527.55240000132,
              292830.0223000031
            ],
            [
              343523.59070000146,
              292833.68119999953
            ],
            [
              343520.57290000189,
              292837.1425999999
            ],
            [
              343517.10174219869,
              292842.69955997728
            ]
          ]
        ]
      }
    },
    {
      "attributes" : {
        "FID" : 1,
        "PMNTN_SN" : 19930,
        "MNTN_CODE" : "481501001",
        "MNTN_NM" : "반월산",
        "PMNTN_NM" : "양덕동구간",
        "PMNTN_MAIN" : " ",
        "PMNTN_LT" : 0.29,
        "PMNTN_DFFL" : "쉬움",
        "PMNTN_UPPL" : 5,
        "PMNTN_GODN" : 4,
        "PMNTN_MTRQ" : " ",
        "PMNTN_CNRL" : " ",
        "PMNTN_CLS_" : " ",
        "PMNTN_RISK" : " ",
        "PMNTN_RECO" : " ",
        "DATA_STDR_" : "2016-12-31",
        "MNTN_ID" : "2806991000"
      },
      "geometry" : {
        "paths" : [
          [
            [
              343457.89646901842,
              293279.59000142477
            ],
            [
              343447.29009169154,
              293274.86282753386
            ],
            [
              343433.37924877182,
              293276.4033058472
            ],
            [
              343429.25031784549,
              293277.89772829041
            ],
            [
              343426.50217486359,
              293278.83335473016
            ],
            [
              343425.12542693224,
              293279.26464781538
            ],
            [
              343423.74630485103,
              293279.65683484264
            ],
            [
              343422.36426228657,
              293279.99389495328
            ],
            [
              343420.97866864875,
              293280.25446340069
            ],
            [
              343419.58882091846,
              293280.41039722413
            ],
            [
              343418.29928892665,
              293280.43976436555
            ],
            [
              343417.00988517143,
              293280.37102180347
            ],
            [
              343415.72521051485,
              293280.21912860684
            ],
            [
              343414.4503521286,
              293279.99200370163
            ],
            [
              343413.19121082593,
              293279.69103683531
            ],
            [
              343411.95485850051,
              293279.31131273694
            ],
            [
              343410.74992720596,
              293278.84156569652
            ],
            [
              343409.48677663691,
              293278.22076094523
            ],
            [
              343408.26031968463,
              293277.50734845735
            ],
            [
              343407.06075363792,
              293276.72735469788
            ],
            [
              343405.88063900638,
              293275.90024838224
            ],
            [
              343403.55782671925,
              293274.15847752057
            ],
            [
              343396.68938424531,
              293268.72009852901
            ],
            [
              343393.22772967443,
              293266.05929892138
            ],
            [
              343392.05572217423,
              293265.20686328784
            ],
            [
              343390.86808822863,
              293264.38345567882
            ],
            [
              343389.65892776754,
              293263.59969377145
            ],
            [
              343388.42051828932,
              293262.86950502358
            ],
            [
              343387.13451262657,
              293262.19812721945
            ],
            [
              343385.81883014273,
              293261.58095498756
            ],
            [
              343384.48141686246,
              293261.00350524485
            ],
            [
              343383.12831447367,
              293260.45475734584
            ],
            [
              343380.39197869971,
              293259.41243368201
            ],
            [
              343376.24997857213,
              293257.91757731698
            ],
            [
              343362.3820610512,
              293253.033388054
            ],
            [
              343359.61429147888,
              293252.03694353811
            ],
            [
              343356.86122628953,
              293251.00595456362
            ],
            [
              343354.14126243908,
              293249.90270806104
            ],
            [
              343352.80360491388,
              293249.30414172634
            ],
            [
              343351.48894641269,
              293248.65828716196
            ],
            [
              343350.20385354292,
              293247.95560747385
            ],
            [
              343348.94124648906,
              293247.20584835671
            ],
            [
              343347.69425750617,
              293246.4218480438
            ],
            [
              343345.22831681091,
              293244.78762705252
            ],
            [
              343342.78314341977,
              293243.10410537757
            ],
            [
              343340.35895222519,
              293241.39653098211
            ],
            [
              343337.98477607872,
              293239.67250404693
            ],
            [
              343336.83723553922,
              293238.80263423547
            ],
            [
              343335.7352848798,
              293237.92464585975
            ],
            [
              343334.70074999519,
              293237.03485458158
            ],
            [
              343333.76360384841,
              293236.12801852822
            ],
            [
              343332.96437312476,
              293235.19694108143
            ],
            [
              343332.35708143469,
              293234.23196812719
            ],
            [
              343332.01274548192,
              293233.22037934698
            ],
            [
              343331.98907927331,
              293232.14922273904
            ],
            [
              343332.22950302623,
              293231.03117834963
            ],
            [
              343332.66259019449,
              293229.87898170762
            ],
            [
              343333.23403882235,
              293228.70230617747
            ],
            [
              343333.90312558226,
              293227.50839924254
            ],
            [
              343334.63971718028,
              293226.30261812545
            ],
            [
              343335.42182047199,
              293225.08886848763
            ],
            [
              343337.06391385198,
              293222.64786402509
            ],
            [
              343344.65925263241,
              293211.63160284609
            ],
            [
              343352.95790070016,
              293199.42059815302
            ],
            [
              343356.20294203423,
              293194.52106063627
            ],
            [
              343357.74879947584,
              293192.0524068363
            ],
            [
              343358.48095590156,
              293190.80865729228
            ],
            [
              343359.17157707084,
              293189.55566003174
            ],
            [
              343359.80554274656,
              293188.29038722254
            ],
            [
              343360.3632112667,
              293187.00900705345
            ],
            [
              343360.81943918858,
              293185.70674841292
            ],
            [
              343361.15220566001,
              293184.41627985612
            ],
            [
              343361.6782110706,
              293181.82629050873
            ],
            [
              343361.9860850526,
              293180.56122001633
            ],
            [
              343362.40391813964,
              293179.34186108038
            ],
            [
              343363.00263922941,
              293178.14410672523
            ],
            [
              343363.74451931566,
              293177.00115465373
            ],
            [
              343364.59227533452,
              293175.89834070764
            ],
            [
              343365.51729152631,
              293174.82462655939
            ],
            [
              343366.49799103662,
              293173.77198592387
            ],
            [
              343367.51843887195,
              293172.73492063582
            ],
            [
              343369.63643745519,
              293170.69626444019
            ],
            [
              343371.81928956974,
              293168.70601212233
            ],
            [
              343372.93035329413,
              293167.73739740811
            ],
            [
              343374.05647180788,
              293166.79606116749
            ],
            [
              343375.20192698203,
              293165.89343832806
            ],
            [
              343376.37353230547,
              293165.04539352097
            ],
            [
              343377.58105732687,
              293164.27337166294
            ],
            [
              343378.83780365903,
              293163.60579491965
            ],
            [
              343380.10684169549,
              293163.0829965435
            ],
            [
              343381.4220278943,
              293162.65845781751
            ],
            [
              343382.77103825286,
              293162.30634418502
            ],
            [
              343384.1444543805,
              293162.00683384389
            ],
            [
              343385.53516118508,
              293161.74487652257
            ],
            [
              343388.34851745237,
              293161.29106271639
            ],
            [
              343396.8545439681,
              293160.06463882513
            ],
            [
              343399.66835827939,
              293159.58595873415
            ],
            [
              343401.06291224062,
              293159.30749446526
            ],
            [
              343402.44508442655,
              293158.9893836081
            ],
            [
              343403.8105520783,
              293158.6174499467
            ],
            [
              343405.1793683758,
              293158.17188025638
            ],
            [
              343406.53088742308,
              293157.67042352632
            ],
            [
              343407.86962319259,
              293157.12774394639
            ],
            [
              343409.19903517608,
              293156.55506596155
            ],
            [
              343413.15436279867,
              293154.73163015954
            ],
            [
              343436.73053390812,
              293143.30458955094
            ]
          ]
        ]
      }
    },
    {
      "attributes" : {
        "FID" : 2,
        "PMNTN_SN" : 19931,
        "MNTN_CODE" : "481501001",
        "MNTN_NM" : "반월산",
        "PMNTN_NM" : " ",
        "PMNTN_MAIN" : " ",
        "PMNTN_LT" : 0.18,
        "PMNTN_DFFL" : "쉬움",
        "PMNTN_UPPL" : 3,
        "PMNTN_GODN" : 2,
        "PMNTN_MTRQ" : " ",
        "PMNTN_CNRL" : " ",
        "PMNTN_CLS_" : " ",
        "PMNTN_RISK" : " ",
        "PMNTN_RECO" : " ",
        "DATA_STDR_" : "2016-12-31",
        "MNTN_ID" : "2806991000"
      },
      "geometry" : {
        "paths" : [
          [
            [
              343637.74524644762,
              292774.65545329824
            ],
            [
              343637.70616102498,
              292776.90659526549
            ],
            [
              343637.57106599584,
              292792.53485172987
            ],
            [
              343637.50982734282,
              292795.49999334104
            ],
            [
              343637.37783310842,
              292798.43397814408
            ],
            [
              343637.26232458744,
              292799.87928139418
            ],
            [
              343637.09440826345,
              292801.30169332772
            ],
            [
              343636.85310486052,
              292802.69210785627
            ],
            [
              343636.51052305754,
              292804.03843099065
            ],
            [
              343636.03005495388,
              292805.32480456308
            ],
            [
              343635.40393604431,
              292806.50389241241
            ],
            [
              343634.64965198655,
              292807.62739427015
            ],
            [
              343633.80284096394,
              292808.71091441438
            ],
            [
              343632.8907019766,
              292809.7664698977
            ],
            [
              343631.93403219711,
              292810.8034039475
            ],
            [
              343627.9425620595,
              292814.89921019413
            ],
            [
              343626.95717319474,
              292815.93910271674
            ],
            [
              343625.99742442369,
              292816.9981227573
            ],
            [
              343625.07582271844,
              292818.08473477513
            ],
            [
              343624.20758048166,
              292819.20950876363
            ],
            [
              343623.39850033168,
              292820.39045724832
            ],
            [
              343622.6445321599,
              292821.610519059
            ],
            [
              343621.9314499069,
              292822.85946813971
            ],
            [
              343620.5869525224,
              292825.41467806697
            ],
            [
              343618.67898174841,
              292829.32285283878
            ],
            [
              343614.36070633586,
              292838.53057064489
            ],
            [
              343612.49050564319,
              292842.46209201217
            ],
            [
              343611.20212172624,
              292845.0543721281
            ],
            [
              343610.53292005416,
              292846.33332614414
            ],
            [
              343609.83779464196,
              292847.594492428
            ],
            [
              343609.1068889983,
              292848.83112246729
            ],
            [
              343608.32727659028,
              292850.03436355479
            ],
            [
              343607.47212918848,
              292851.21874923818
            ],
            [
              343606.56675279792,
              292852.36870962195
            ],
            [
              343605.62478770688,
              292853.49359378591
            ],
            [
              343604.65658999514,
              292854.60050030798
            ],
            [
              343602.67049464025,
              292856.78025980294
            ],
            [
              343599.63194672484,
              292860.00923735648
            ],
            [
              343588.42637576442,
              292871.80738028139
            ],
            [
              343576.25667938869,
              292884.72925222479
            ],
            [
              343573.18675997108,
              292887.92719603702
            ],
            [
              343571.09781461023,
              292890.00729981437
            ],
            [
              343570.02834166959,
              292891.01640242152
            ],
            [
              343568.93319831789,
              292891.99355203286
            ],
            [
              343567.80283735506,
              292892.9267071411
            ],
            [
              343566.61531689577,
              292893.81610875577
            ],
            [
              343565.39173955563,
              292894.66031331569
            ],
            [
              343564.14215496276,
              292895.471777834
            ],
            [
              343561.59564398043,
              292897.03342755325
            ],
            [
              343557.74960796442,
              292899.32313086465
            ],
            [
              343555.24862135481,
              292900.88720514067
            ],
            [
              343554.04979494307,
              292901.7062443085
            ],
            [
              343552.91021961253,
              292902.56849270687
            ],
            [
              343551.85804454982,
              292903.49472499825
            ],
            [
              343550.9312007539,
              292904.51806070842
            ],
            [
              343550.13343956973,
              292905.80243109725
            ],
            [
              343549.43218376394,
              292907.37192462571
            ],
            [
              343548.82193198428,
              292909.12571123615
            ],
            [
              343548.29697718751,
              292910.96278403141
            ],
            [
              343547.85306074936,
              292912.78318180889
            ],
            [
              343547.48778184317,
              292914.48830186948
            ],
            [
              343546.85235269088,
              292917.93548901193
            ],
            [
              343546.78254782129,
              292918.19769360125
            ]
          ]
        ]
      }
    },
    {
      "attributes" : {
        "FID" : 3,
        "PMNTN_SN" : 19932,
        "MNTN_CODE" : "481501001",
        "MNTN_NM" : "반월산",
        "PMNTN_NM" : "양덕동구간",
        "PMNTN_MAIN" : " ",
        "PMNTN_LT" : 0.23,
        "PMNTN_DFFL" : "쉬움",
        "PMNTN_UPPL" : 4,
        "PMNTN_GODN" : 3,
        "PMNTN_MTRQ" : " ",
        "PMNTN_CNRL" : " ",
        "PMNTN_CLS_" : " ",
        "PMNTN_RISK" : " ",
        "PMNTN_RECO" : " ",
        "DATA_STDR_" : "2016-12-31",
        "MNTN_ID" : "2806991000"
      },
      "geometry" : {
        "paths" : [
          [
            [
              343711.14046955854,
              292897.365419982
            ],
            [
              343710.31157939695,
              292897.22928118147
            ],
            [
              343709.36147038918,
              292897.13713344559
            ],
            [
              343708.14015357848,
              292897.07023173943
            ],
            [
              343706.71153073292,
              292897.06076645106
            ],
            [
              343705.13944475632,
              292897.14217930473
            ],
            [
              343703.25010745507,
              292897.3784230724
            ],
            [
              343701.34064160567,
              292897.75158280693
            ],
            [
              343699.49307939224,
              292898.22441775538
            ],
            [
              343697.78899178468,
              292898.7551452294
            ],
            [
              343696.30310302507,
              292899.30232362263
            ],
            [
              343692.09402705729,
              292901.00298312679
            ],
            [
              343687.91203360632,
              292902.77711588331
            ],
            [
              343685.19204888679,
              292904.02392652817
            ],
            [
              343683.88013662864,
              292904.68539166637
            ],
            [
              343682.62209607009,
              292905.38736628741
            ],
            [
              343681.44218078908,
              292906.14647194371
            ],
            [
              343680.37331980746,
              292906.9849522803
            ],
            [
              343679.45962132979,
              292907.93212898076
            ],
            [
              343678.86017949879,
              292908.80358330905
            ],
            [
              343678.38949623983,
              292909.74966938049
            ],
            [
              343678.04256265983,
              292910.75179715827
            ],
            [
              343677.82227809913,
              292911.79490179941
            ],
            [
              343677.73949596379,
              292912.86670957133
            ],
            [
              343677.83261035476,
              292914.18975581042
            ],
            [
              343678.09382352419,
              292915.53057129122
            ],
            [
              343678.47670002095,
              292916.88200048916
            ],
            [
              343678.94733022712,
              292918.23850436695
            ],
            [
              343679.48178638797,
              292919.59550178796
            ],
            [
              343680.06415006984,
              292920.94880239293
            ],
            [
              343680.68506369181,
              292922.29408978671
            ],
            [
              343681.34075039718,
              292923.62641869858
            ],
            [
              343682.03244872671,
              292924.9396944847
            ],
            [
              343682.76621430367,
              292926.2261078693
            ],
            [
              343683.55304503813,
              292927.47550429031
            ],
            [
              343684.40928484034,
              292928.6746769771
            ],
            [
              343685.32374995667,
              292929.78505096585
            ],
            [
              343686.30233319476,
              292930.84793393314
            ],
            [
              343687.32682597637,
              292931.87626251206
            ],
            [
              343688.38257110864,
              292932.8802301567
            ],
            [
              343692.68395654019,
              292936.79553916492
            ],
            [
              343693.71903526504,
              292937.77734744176
            ],
            [
              343694.7065443499,
              292938.77124041505
            ],
            [
              343695.62285332289,
              292939.78377877362
            ],
            [
              343696.43684299942,
              292940.82292392477
            ],
            [
              343697.1075254716,
              292941.89855665155
            ],
            [
              343697.58125049621,
              292943.02302483842
            ],
            [
              343697.80710623879,
              292944.16218060441
            ],
            [
              343697.82877214067,
              292945.33693416789
            ],
            [
              343697.67483968195,
              292946.52498105727
            ],
            [
              343697.35976433847,
              292947.70466802455
            ],
            [
              343696.88466546778,
              292948.85373750143
            ],
            [
              343696.23911098298,
              292949.97010815702
            ],
            [
              343695.4635978397,
              292951.04314943589
            ],
            [
              343694.59387142304,
              292952.08291468397
            ],
            [
              343693.65671534743,
              292953.09684084542
            ],
            [
              343692.6717764223,
              292954.09002150968
            ],
            [
              343691.65303422976,
              292955.06539464556
            ],
            [
              343689.54828787223,
              292956.96406783909
            ],
            [
              343688.47076751851,
              292957.88259814866
            ],
            [
              343687.37737040967,
              292958.77329883166
            ],
            [
              343686.26553308405,
              292959.62698950991
            ],
            [
              343685.13012340758,
              292960.43078795448
            ],
            [
              343683.96325952932,
              292961.16729565151
            ],
            [
              343682.75398437679,
              292961.81361013465
            ],
            [
              343681.41373243462,
              292962.38142576627
            ],
            [
              343680.02686383855,
              292962.84985203668
            ],
            [
              343678.60678849835,
              292963.24641945958
            ],
            [
              343677.16362183075,
              292963.59214033373
            ],
            [
              343675.70495117363,
              292963.90300435387
            ],
            [
              343668.34168768395,
              292965.29150469229
            ],
            [
              343665.42633167282,
              292965.91730149835
            ],
            [
              343663.99002544582,
              292966.28275925666
            ],
            [
              343662.57564938162,
              292966.70280938968
            ],
            [
              343661.1911031045,
              292967.19752924703
            ],
            [
              343659.92782065086,
              292967.74302994087
            ],
            [
              343658.69079606235,
              292968.35430851951
            ],
            [
              343657.47300015949,
              292969.01351155713
            ],
            [
              343655.07349436078,
              292970.42032225616
            ],
            [
              343651.50358506013,
              292972.59104200266
            ],
            [
              343650.30714930594,
              292973.29125542566
            ],
            [
              343649.10095621925,
              292973.96088376641
            ],
            [
              343647.88006513938,
              292974.58522330411
            ],
            [
              343646.63837959524,
              292975.14594506659
            ],
            [
              343645.3682699725,
              292975.61997055635
            ],
            [
              343643.97293988895,
              292976.0107699763
            ],
            [
              343642.54539635126,
              292976.3035315685
            ],
            [
              343641.09431008622,
              292976.52471748926
            ],
            [
              343639.62632797658,
              292976.69457696378
            ],
            [
              343636.65887116268,
              292976.93853748776
            ],
            [
              343632.17796277907,
              292977.21150775254
            ],
            [
              343629.20195506606,
              292977.42102357745
            ],
            [
              343627.72675224952,
              292977.5601205118
            ],
            [
              343626.26619645767,
              292977.73873126693
            ],
            [
              343624.82670008764,
              292977.97420749068
            ],
            [
              343623.41673776042,
              292978.28944537975
            ],
            [
              343622.04744222574,
              292978.71450402401
            ],
            [
              343620.72711498383,
              292979.27408378758
            ],
            [
              343619.44754613843,
              292979.94367877208
            ],
            [
              343618.19764889777,
              292980.69331149198
            ],
            [
              343616.96903019119,
              292981.50028579868
            ],
            [
              343615.7554178983,
              292982.34764618985
            ],
            [
              343613.35590637848,
              292984.11683732457
            ],
            [
              343606.21900453977,
              292989.60043955036
            ],
            [
              343602.61558698304,
              292992.2878814619
            ],
            [
              343601.39610730764,
              292993.1527485773
            ],
            [
              343600.16094683483,
              292993.99144162424
            ],
            [
              343598.90415192489,
              292994.79419995472
            ],
            [
              343597.64787699189,
              292995.53751076385
            ],
            [
              343595.07774262875,
              292996.92866561562
            ],
            [
              343591.14396944363,
              292998.88477832638
            ],
            [
              343587.17236612923,
              293000.77762044407
            ],
            [
              343567.26392736938,
              293010.15387588367
            ]
          ]
        ]
      }
    },
    {
      "attributes" : {
        "FID" : 4,
        "PMNTN_SN" : 19933,
        "MNTN_CODE" : "481501001",
        "MNTN_NM" : "반월산",
        "PMNTN_NM" : "회원동구간",
        "PMNTN_MAIN" : " ",
        "PMNTN_LT" : 0.08,
        "PMNTN_DFFL" : "쉬움",
        "PMNTN_UPPL" : 1,
        "PMNTN_GODN" : 1,
        "PMNTN_MTRQ" : " ",
        "PMNTN_CNRL" : " ",
        "PMNTN_CLS_" : " ",
        "PMNTN_RISK" : " ",
        "PMNTN_RECO" : " ",
        "DATA_STDR_" : "2016-12-31",
        "MNTN_ID" : "2806991000"
      },
      "geometry" : {
        "paths" : [
          [
            [
              343517.10174219869,
              292842.69955997728
            ],
            [
              343517.25984994136,
              292843.47382639162
            ],
            [
              343518.01633088198,
              292847.83044979535
            ],
            [
              343518.27982668299,
              292849.27484948002
            ],
            [
              343518.57493923884,
              292850.70292615518
            ],
            [
              343518.92006636504,
              292852.10587115213
            ],
            [
              343519.33747808728,
              292853.47300903313
            ],
            [
              343519.85481268074,
              292854.79108180292
            ],
            [
              343520.43760908674,
              292855.95369575731
            ],
            [
              343521.09573078435,
              292857.08022769727
            ],
            [
              343523.18843230046,
              292860.41493754834
            ],
            [
              343523.81950677652,
              292861.56719245389
            ],
            [
              343524.41303277202,
              292862.86529950984
            ],
            [
              343524.92785536498,
              292864.20774447359
            ],
            [
              343525.38544013724,
              292865.58245871216
            ],
            [
              343525.80317895394,
              292866.97975197434
            ],
            [
              343527.34070515074,
              292872.65086575039
            ],
            [
              343527.75168942846,
              292874.05785310082
            ],
            [
              343528.20058278739,
              292875.44683575816
            ],
            [
              343528.70578516275,
              292876.80878109299
            ],
            [
              343529.2904418828,
              292878.13239051215
            ],
            [
              343529.95147157181,
              292879.37116368674
            ],
            [
              343530.68899761233,
              292880.57288685627
            ],
            [
              343531.48257458117,
              292881.74737652391
            ],
            [
              343533.17626860086,
              292884.04395789094
            ],
            [
              343536.68204074912,
              292888.56792440638
            ],
            [
              343537.52495634463,
              292889.70896321535
            ],
            [
              343538.32951884344,
              292890.86368543841
            ],
            [
              343539.0774553651,
              292892.0389076788
            ],
            [
              343539.74480537511,
              292893.24348176271
            ],
            [
              343540.29999789782,
              292894.48901248164
            ],
            [
              343540.72276007943,
              292895.80773396976
            ],
            [
              343541.02734619845,
              292897.16974583268
            ],
            [
              343541.24590884056,
              292898.56339203939
            ],
            [
              343541.40412455983,
              292899.97941350192
            ],
            [
              343541.5229919171,
              292901.41031401418
            ],
            [
              343541.71374179609,
              292904.29196210019
            ],
            [
              343541.84642293304,
              292905.79722436331
            ],
            [
              343542.10016357433,
              292907.48106696457
            ],
            [
              343542.49171172827,
              292909.26340834796
            ],
            [
              343543.03167513944,
              292911.05662002414
            ],
            [
              343543.65855583549,
              292912.66037763283
            ],
            [
              343544.35387174692,
              292914.15165566094
            ],
            [
              343545.05668491032,
              292915.48175537214
            ],
            [
              343545.70782634709,
              292916.60142481141
            ],
            [
              343546.24968265742,
              292917.46090917848
            ],
            [
              343546.62582393363,
              292918.01004508324
            ],
            [
              343546.78254782129,
              292918.19769360125
            ]
          ]
        ]
      }
    },
    {
      "attributes" : {
        "FID" : 5,
        "PMNTN_SN" : 19934,
        "MNTN_CODE" : "481501001",
        "MNTN_NM" : "반월산",
        "PMNTN_NM" : "회원동구간",
        "PMNTN_MAIN" : " ",
        "PMNTN_LT" : 0.06,
        "PMNTN_DFFL" : "쉬움",
        "PMNTN_UPPL" : 1,
        "PMNTN_GODN" : 1,
        "PMNTN_MTRQ" : " ",
        "PMNTN_CNRL" : " ",
        "PMNTN_CLS_" : " ",
        "PMNTN_RISK" : " ",
        "PMNTN_RECO" : " ",
        "DATA_STDR_" : "2016-12-31",
        "MNTN_ID" : "2806991000"
      },
      "geometry" : {
        "paths" : [
          [
            [
              343504.22711342201,
              292754.22696028277
            ],
            [
              343504.37987665925,
              292754.43141658045
            ],
            [
              343506.06992331799,
              292757.54802606441
            ],
            [
              343506.93493747618,
              292759.09238709882
            ],
            [
              343507.89294947218,
              292760.73331750371
            ],
            [
              343508.9094465794,
              292762.37656026706
            ],
            [
              343509.95079068001,
              292763.92562094331
            ],
            [
              343510.9843163956,
              292765.28154329583
            ],
            [
              343511.97795634437,
              292766.34389036708
            ],
            [
              343512.94568303414,
              292767.08189602941
            ],
            [
              343513.99742166605,
              292767.58546167426
            ],
            [
              343515.17707121186,
              292767.82215536758
            ],
            [
              343516.44274829514,
              292767.83834584802
            ],
            [
              343517.76855036616,
              292767.70016362704
            ],
            [
              343519.13579756208,
              292767.45541818626
            ],
            [
              343520.53117315844,
              292767.13840065897
            ],
            [
              343521.94526381046,
              292766.77369041182
            ],
            [
              343529.12161082402,
              292764.7363406308
            ],
            [
              343530.55911606457,
              292764.35897895135
            ],
            [
              343531.99322821293,
              292764.01822549105
            ],
            [
              343533.42217234895,
              292763.73104326054
            ],
            [
              343534.84379665926,
              292763.51977195032
            ],
            [
              343536.25536901876,
              292763.41391528584
            ],
            [
              343537.65336096659,
              292763.45220207796
            ],
            [
              343538.99383164756,
              292763.65714417025
            ],
            [
              343540.32156865951,
              292763.99834497645
            ],
            [
              343541.6399293039,
              292764.4398508314
            ],
            [
              343542.9514826294,
              292764.95433922112
            ],
            [
              343544.25817152672,
              292765.5212997254
            ],
            [
              343545.56144856662,
              292766.12550391629
            ],
            [
              343548.16176733561,
              292767.40380083025
            ],
            [
              343554.64959086291,
              292770.73742958903
            ],
            [
              343557.42945796531,
              292772.1271616146
            ]
          ]
        ]
      }
    },
    {
      "attributes" : {
        "FID" : 6,
        "PMNTN_SN" : 19935,
        "MNTN_CODE" : "481501001",
        "MNTN_NM" : "반월산",
        "PMNTN_NM" : "양덕동구간",
        "PMNTN_MAIN" : " ",
        "PMNTN_LT" : 0.28,
        "PMNTN_DFFL" : "쉬움",
        "PMNTN_UPPL" : 5,
        "PMNTN_GODN" : 3,
        "PMNTN_MTRQ" : " ",
        "PMNTN_CNRL" : " ",
        "PMNTN_CLS_" : " ",
        "PMNTN_RISK" : " ",
        "PMNTN_RECO" : " ",
        "DATA_STDR_" : "2016-12-31",
        "MNTN_ID" : "2806991000"
      },
      "geometry" : {
        "paths" : [
          [
            [
              343770.13257965166,
              292945.41202509403
            ],
            [
              343764.14587512426,
              292922.74738827907
            ],
            [
              343761.93625711929,
              292914.20175537467
            ],
            [
              343759.40128985979,
              292904.1748294495
            ],
            [
              343758.64941235166,
              292901.34543726407
            ],
            [
              343758.25198680907,
              292899.95859399438
            ],
            [
              343757.82962590735,
              292898.60412524641
            ],
            [
              343757.37043005135,
              292897.29752054811
            ],
            [
              343756.85812980309,
              292896.05996372178
            ],
            [
              343756.2707779035,
              292894.92003845982
            ],
            [
              343755.57915565372,
              292893.91580658406
            ],
            [
              343754.74488431681,
              292893.09727138653
            ],
            [
              343753.72108074464,
              292892.49763715453
            ],
            [
              343752.55116478447,
              292892.08800965548
            ],
            [
              343751.27502719127,
              292891.81621883623
            ],
            [
              343749.92285928782,
              292891.64274102449
            ],
            [
              343748.51719741803,
              292891.53803593852
            ],
            [
              343747.07463591546,
              292891.48031981476
            ],
            [
              343744.12358246557,
              292891.44702104107
            ],
            [
              343716.54660979565,
              292884.93529309891
            ],
            [
              343715.41398610268,
              292885.65475955792
            ],
            [
              343714.31128425989,
              292886.48040761426
            ],
            [
              343713.25432684645,
              292887.3755282294
            ],
            [
              343712.22827616706,
              292888.31493249349
            ],
            [
              343709.21703850757,
              292891.17632644624
            ],
            [
              343708.20056644548,
              292892.06798062474
            ],
            [
              343707.15985600743,
              292892.88261492364
            ],
            [
              343706.08244698867,
              292893.5837069843
            ],
            [
              343704.9537169002,
              292894.12545222603
            ],
            [
              343703.79824843816,
              292894.4617554415
            ],
            [
              343702.59886980429,
              292894.63167712092
            ],
            [
              343701.37442491762,
              292894.66155529767
            ],
            [
              343700.14263684023,
              292894.5665595755
            ],
            [
              343698.92118511815,
              292894.35128532909
            ],
            [
              343697.72882338986,
              292894.00996624492
            ],
            [
              343696.58654312324,
              292893.52629759908
            ],
            [
              343695.52859001514,
              292892.89746453427
            ],
            [
              343694.53069177549,
              292892.14290071279
            ],
            [
              343693.58494285587,
              292891.29173286445
            ],
            [
              343692.68746124953,
              292890.36513046175
            ],
            [
              343691.83834666945,
              292889.37752394564
            ],
            [
              343691.04177901708,
              292888.33755039424
            ],
            [
              343690.30626941752,
              292887.24873870239
            ],
            [
              343689.64506345522,
              292886.10995743237
            ],
            [
              343689.034531218,
              292884.84204669483
            ],
            [
              343688.50163649861,
              292883.52909314632
            ],
            [
              343688.02511814609,
              292882.18453167006
            ],
            [
              343687.58879462909,
              292880.81832704507
            ],
            [
              343686.79149735998,
              292878.04811719432
            ],
            [
              343686.04780019447,
              292875.25540409051
            ],
            [
              343684.97965846863,
              292871.06205429137
            ],
            [
              343684.30523729324,
              292868.27635527775
            ],
            [
              343683.70190387499,
              292865.50689537637
            ],
            [
              343683.44997258298,
              292864.1314367447
            ],
            [
              343683.25073446799,
              292862.7647265736
            ],
            [
              343683.12511409353,
              292861.40951092727
            ],
            [
              343683.10063123051,
              292860.06941532157
            ],
            [
              343683.21299238503,
              292858.74915758148
            ],
            [
              343683.47833140101,
              292857.49592412636
            ],
            [
              343683.86911733821,
              292856.25984588265
            ],
            [
              343684.3488575574,
              292855.03496177308
            ],
            [
              343684.88747124653,
              292853.81600541621
            ],
            [
              343686.61452635936,
              292850.14551431313
            ],
            [
              343687.15479983855,
              292848.8999093771
            ],
            [
              343687.63992226962,
              292847.63268274255
            ],
            [
              343688.07949299831,
              292846.24245455302
            ],
            [
              343688.44863958936,
              292844.82648781314
            ],
            [
              343688.76567273401,
              292843.39148337021
            ],
            [
              343689.29587056674,
              292840.4838751331
            ],
            [
              343689.74236164894,
              292837.54867693782
            ],
            [
              343690.30874801613,
              292833.13598767668
            ],
            [
              343690.58891976159,
              292830.21589315124
            ],
            [
              343690.67421025597,
              292828.77301179431
            ],
            [
              343690.70148016047,
              292827.34906680509
            ],
            [
              343690.64679862931,
              292825.9520634003
            ],
            [
              343690.47795320023,
              292824.59262586012
            ],
            [
              343690.15234323405,
              292823.28471133858
            ],
            [
              343689.63599254936,
              292822.04078545608
            ],
            [
              343688.96309939306,
              292820.84834775142
            ],
            [
              343688.17616870627,
              292819.69353047758
            ],
            [
              343687.30744676571,
              292818.56579829194
            ],
            [
              343686.38107893337,
              292817.45724423416
            ],
            [
              343684.42209474463,
              292815.27569633536
            ],
            [
              343677.28892131243,
              292807.71793921478
            ],
            [
              343675.31703912653,
              292805.51183097623
            ],
            [
              343674.367255833,
              292804.38465765491
            ],
            [
              343673.45382075943,
              292803.23292009346
            ],
            [
              343672.58960692957,
              292802.04768735915
            ],
            [
              343671.79800260812,
              292800.84246999584
            ],
            [
              343671.05403633043,
              292799.60461890884
            ],
            [
              343670.34521653131,
              292798.34259230085
            ],
            [
              343669.66201105248,
              292797.06281079166
            ],
            [
              343668.34560219757,
              292794.46789179184
            ],
            [
              343665.80706204753,
              292789.20549394935
            ],
            [
              343661.42827069107,
              292779.92258396186
            ],
            [
              343660.15621698275,
              292777.2983099632
            ],
            [
              343659.50579365809,
              292776.00928211585
            ],
            [
              343658.83880821057,
              292774.74781688862
            ],
            [
              343658.14720499795,
              292773.52808124013
            ],
            [
              343657.41963545792,
              292772.37014775164
            ],
            [
              343656.64027845021,
              292771.30216055922
            ],
            [
              343655.78731127176,
              292770.36317461915
            ],
            [
              343654.83098426461,
              292769.60678582639
            ],
            [
              343653.83061259985,
              292769.11234835349
            ],
            [
              343652.73731213622,
              292768.79116944037
            ],
            [
              343651.57539466955,
              292768.60987166129
            ],
            [
              343650.35366900638,
              292768.55104320683
            ],
            [
              343648.96041911654,
              292768.67220489308
            ],
            [
              343647.42303923238,
              292768.98558515683
            ],
            [
              343645.81777575985,
              292769.48201178946
            ],
            [
              343644.2192014372,
              292770.15058969893
            ],
            [
              343642.73592711333,
              292770.9403853137
            ],
            [
              343641.36782212369,
              292771.80258397199
            ],
            [
              343640.15654382482,
              292772.66400394402
            ],
            [
              343639.14443416335,
              292773.452855777
            ],
            [
              343637.74524644762,
              292774.65545329824
            ]
          ]
        ]
      }
    },
    {
      "attributes" : {
        "FID" : 7,
        "PMNTN_SN" : 19936,
        "MNTN_CODE" : "481501001",
        "MNTN_NM" : "반월산",
        "PMNTN_NM" : "회원동구간",
        "PMNTN_MAIN" : " ",
        "PMNTN_LT" : 0.16,
        "PMNTN_DFFL" : "쉬움",
        "PMNTN_UPPL" : 3,
        "PMNTN_GODN" : 2,
        "PMNTN_MTRQ" : " ",
        "PMNTN_CNRL" : " ",
        "PMNTN_CLS_" : " ",
        "PMNTN_RISK" : " ",
        "PMNTN_RECO" : " ",
        "DATA_STDR_" : "2016-12-31",
        "MNTN_ID" : "2806991000"
      },
      "geometry" : {
        "paths" : [
          [
            [
              343767.18375243526,
              292662.86179658026
            ],
            [
              343766.92250841111,
              292662.85805902071
            ],
            [
              343766.26593397837,
              292662.93306954764
            ],
            [
              343765.29838686902,
              292663.10249662958
            ],
            [
              343764.10752768349,
              292663.38543890789
            ],
            [
              343762.78240268212,
              292663.80248801596
            ],
            [
              343761.41381771769,
              292664.376271585
            ],
            [
              343760.09451977536,
              292665.13176227733
            ],
            [
              343758.86493538693,
              292666.11780085973
            ],
            [
              343757.80065728258,
              292667.24974335916
            ],
            [
              343756.9040583726,
              292668.43950470723
            ],
            [
              343751.27367505245,
              292671.7518100068
            ],
            [
              343750.54879580159,
              292672.8091575373
            ],
            [
              343749.73171857093,
              292673.79304995202
            ],
            [
              343748.81694014277,
              292674.66452804767
            ],
            [
              343747.81384126656,
              292675.46077939309
            ],
            [
              343746.75280343089,
              292676.20510118827
            ],
            [
              343741.87785687298,
              292679.88917532377
            ],
            [
              343740.82128089853,
              292680.59068400599
            ],
            [
              343739.82395809516,
              292681.31641629711
            ],
            [
              343738.91489595361,
              292682.08159532025
            ],
            [
              343738.12911182642,
              292682.90382231027
            ],
            [
              343737.50954849645,
              292683.80405658856
            ],
            [
              343737.07326698769,
              292684.8368551787
            ],
            [
              343736.79368815664,
              292685.93942671269
            ],
            [
              343736.4371032659,
              292688.20791043714
            ],
            [
              343736.24004971329,
              292689.3046445474
            ],
            [
              343735.95149187837,
              292690.3282065466
            ],
            [
              343735.50720088091,
              292691.23756778054
            ],
            [
              343734.92649850622,
              292691.9406969808
            ],
            [
              343734.21754354984,
              292692.5534173362
            ],
            [
              343731.85590794031,
              292694.23144858144
            ],
            [
              343731.16165008675,
              292694.85995236225
            ],
            [
              343730.60522550903,
              292695.58864720352
            ],
            [
              343730.20097264089,
              292696.5465580523
            ],
            [
              343729.9804720534,
              292697.63909662329
            ],
            [
              343729.89313411806,
              292698.83130948991
            ],
            [
              343729.89776896872,
              292700.09561521187
            ],
            [
              343729.9600301655,
              292701.41018416733
            ],
            [
              343730.13980318978,
              292704.12289291434
            ],
            [
              343730.20148087293,
              292705.49364941008
            ],
            [
              343730.20458822884,
              292706.85761704482
            ],
            [
              343730.11392432172,
              292708.20231337845
            ],
            [
              343729.88706422877,
              292709.51387602277
            ],
            [
              343729.50071015395,
              292710.75216593221
            ],
            [
              343728.97628135793,
              292711.95120366476
            ],
            [
              343728.34569791239,
              292713.11579862982
            ],
            [
              343727.6324215224,
              292714.24765383266
            ],
            [
              343726.85263193864,
              292715.34523272887
            ],
            [
              343726.01613128185,
              292716.40347306617
            ],
            [
              343725.12695894018,
              292717.41332116537
            ],
            [
              343724.1837176932,
              292718.3610667605
            ],
            [
              343723.1796230711,
              292719.22746626101
            ],
            [
              343722.10229813866,
              292719.98665571399
            ],
            [
              343720.88332665339,
              292720.64544401504
            ],
            [
              343719.59082165081,
              292721.18957425468
            ],
            [
              343718.24553005025,
              292721.65013993531
            ],
            [
              343716.86303046346,
              292722.05074416101
            ],
            [
              343715.4548565736,
              292722.40905865468
            ],
            [
              343714.02942429297,
              292722.73813368939
            ],
            [
              343711.1491891779,
              292723.34387436509
            ],
            [
              343693.77563431859,
              292726.72180930898
            ],
            [
              343689.44923200645,
              292727.58220506646
            ],
            [
              343686.57696761563,
              292728.18129167892
            ],
            [
              343683.72787116189,
              292728.83261464536
            ],
            [
              343682.31908044219,
              292729.19424661063
            ],
            [
              343680.92678434215,
              292729.59368499741
            ],
            [
              343679.5574572999,
              292730.04585153423
            ],
            [
              343678.21969019063,
              292730.57053166814
            ],
            [
              343676.93014847208,
              292731.17902942002
            ],
            [
              343675.67197322845,
              292731.85962901264
            ],
            [
              343674.43682850804,
              292732.59316509217
            ],
            [
              343673.21835226472,
              292733.36501101404
            ],
            [
              343670.81345938332,
              292734.98237614334
            ],
            [
              343667.24565587845,
              292737.49924834818
            ],
            [
              343656.41807840019,
              292745.27648921497
            ],
            [
              343645.91491626017,
              292752.7746774964
            ]
          ]
        ]
      }
    },
    {
      "attributes" : {
        "FID" : 8,
        "PMNTN_SN" : 19937,
        "MNTN_CODE" : "481501001",
        "MNTN_NM" : "반월산",
        "PMNTN_NM" : "회원동구간",
        "PMNTN_MAIN" : " ",
        "PMNTN_LT" : 0.08,
        "PMNTN_DFFL" : "쉬움",
        "PMNTN_UPPL" : 1,
        "PMNTN_GODN" : 1,
        "PMNTN_MTRQ" : " ",
        "PMNTN_CNRL" : " ",
        "PMNTN_CLS_" : " ",
        "PMNTN_RISK" : " ",
        "PMNTN_RECO" : " ",
        "DATA_STDR_" : "2016-12-31",
        "MNTN_ID" : "2806991000"
      },
      "geometry" : {
        "paths" : [
          [
            [
              343594.13712024596,
              292681.87269837409
            ],
            [
              343593.29034753516,
              292682.48899974301
            ],
            [
              343592.40801945329,
              292683.18349109963
            ],
            [
              343591.35964937322,
              292684.08359094337
            ],
            [
              343590.25132928602,
              292685.14946248569
            ],
            [
              343589.1918812925,
              292686.34147102572
            ],
            [
              343588.29383021966,
              292687.62063315697
            ],
            [
              343587.67261524126,
              292688.94872457348
            ],
            [
              343587.42240635306,
              292690.14416309446
            ],
            [
              343587.42289062683,
              292691.30037513189
            ],
            [
              343589.05792070646,
              292697.70214542374
            ],
            [
              343589.14301884267,
              292698.81592887267
            ],
            [
              343589.08043961786,
              292700.08726648614
            ],
            [
              343588.88107587863,
              292701.3833863195
            ],
            [
              343588.58467577212,
              292702.69728287682
            ],
            [
              343588.22249750607,
              292704.02406344749
            ],
            [
              343587.36522764247,
              292710.7343804352
            ],
            [
              343587.00099286158,
              292712.0976652205
            ],
            [
              343586.69989608694,
              292713.46863445267
            ],
            [
              343586.49075972755,
              292714.84894449823
            ],
            [
              343586.39863709174,
              292716.18824305944
            ],
            [
              343586.39863562398,
              292717.53397222795
            ],
            [
              343586.47160338145,
              292718.88207721896
            ],
            [
              343586.60473093856,
              292720.22846660763
            ],
            [
              343586.79092707019,
              292721.56866896525
            ],
            [
              343587.02847875748,
              292722.89745142683
            ],
            [
              343587.32101370674,
              292724.20838391781
            ],
            [
              343587.67777646333,
              292725.49333103001
            ],
            [
              343588.11422487348,
              292726.74185439758
            ],
            [
              343588.65294624399,
              292727.94051266275
            ],
            [
              343589.35845104605,
              292729.14895411395
            ],
            [
              343590.17520744447,
              292730.30086819455
            ],
            [
              343591.07295485679,
              292731.41124252975
            ],
            [
              343592.02880697045,
              292732.49149359204
            ],
            [
              343593.02566912118,
              292733.55021120608
            ],
            [
              343594.05092793703,
              292734.59378268942
            ],
            [
              343596.15245846566,
              292736.65297535062
            ],
            [
              343608.43955229595,
              292748.3284706343
            ],
            [
              343611.11411191151,
              292750.89878379554
            ]
          ]
        ]
      }
    },
    {
      "attributes" : {
        "FID" : 9,
        "PMNTN_SN" : 19938,
        "MNTN_CODE" : "481501001",
        "MNTN_NM" : "반월산",
        "PMNTN_NM" : " ",
        "PMNTN_MAIN" : " ",
        "PMNTN_LT" : 0.03,
        "PMNTN_DFFL" : "쉬움",
        "PMNTN_UPPL" : 1,
        "PMNTN_GODN" : 0,
        "PMNTN_MTRQ" : " ",
        "PMNTN_CNRL" : " ",
        "PMNTN_CLS_" : " ",
        "PMNTN_RISK" : " ",
        "PMNTN_RECO" : " ",
        "DATA_STDR_" : "2016-12-31",
        "MNTN_ID" : "2806991000"
      },
      "geometry" : {
        "paths" : [
          [
            [
              343611.11411191151,
              292750.89878379554
            ],
            [
              343645.91491626017,
              292752.7746774964
            ]
          ]
        ]
      }
    },
    {
      "attributes" : {
        "FID" : 10,
        "PMNTN_SN" : 19939,
        "MNTN_CODE" : "481501001",
        "MNTN_NM" : "반월산",
        "PMNTN_NM" : " ",
        "PMNTN_MAIN" : " ",
        "PMNTN_LT" : 0.02,
        "PMNTN_DFFL" : "쉬움",
        "PMNTN_UPPL" : 1,
        "PMNTN_GODN" : 0,
        "PMNTN_MTRQ" : " ",
        "PMNTN_CNRL" : " ",
        "PMNTN_CLS_" : " ",
        "PMNTN_RISK" : " ",
        "PMNTN_RECO" : " ",
        "DATA_STDR_" : "2016-12-31",
        "MNTN_ID" : "2806991000"
      },
      "geometry" : {
        "paths" : [
          [
            [
              343645.91491626017,
              292752.7746774964
            ],
            [
              343637.74524644762,
              292774.65545329824
            ]
          ]
        ]
      }
    },
    {
      "attributes" : {
        "FID" : 11,
        "PMNTN_SN" : 19940,
        "MNTN_CODE" : "481501001",
        "MNTN_NM" : "반월산",
        "PMNTN_NM" : " ",
        "PMNTN_MAIN" : " ",
        "PMNTN_LT" : 0.09,
        "PMNTN_DFFL" : "쉬움",
        "PMNTN_UPPL" : 2,
        "PMNTN_GODN" : 1,
        "PMNTN_MTRQ" : " ",
        "PMNTN_CNRL" : " ",
        "PMNTN_CLS_" : " ",
        "PMNTN_RISK" : " ",
        "PMNTN_RECO" : " ",
        "DATA_STDR_" : "2016-12-31",
        "MNTN_ID" : "2806991000"
      },
      "geometry" : {
        "paths" : [
          [
            [
              343546.78254782129,
              292918.19769360125
            ],
            [
              343550.68155403808,
              292946.33426724561
            ],
            [
              343553.52111901529,
              292967.0749398116
            ],
            [
              343553.94931712467,
              292970.03217978776
            ],
            [
              343554.41970810015,
              292972.97872791253
            ],
            [
              343554.68387514725,
              292974.44466046058
            ],
            [
              343554.9783648476,
              292975.90290911496
            ],
            [
              343555.31499973778,
              292977.35047800653
            ],
            [
              343555.69285925943,
              292978.74769791774
            ],
            [
              343556.11149977706,
              292980.13458375633
            ],
            [
              343556.56012478098,
              292981.5138713941
            ],
            [
              343557.51638906635,
              292984.25749220327
            ],
            [
              343559.5393733466,
              292989.71674387529
            ],
            [
              343567.26392736938,
              293010.15387588367
            ]
          ]
        ]
      }
    },
    {
      "attributes" : {
        "FID" : 12,
        "PMNTN_SN" : 19941,
        "MNTN_CODE" : "481501001",
        "MNTN_NM" : "반월산",
        "PMNTN_NM" : " ",
        "PMNTN_MAIN" : " ",
        "PMNTN_LT" : 0.2,
        "PMNTN_DFFL" : "쉬움",
        "PMNTN_UPPL" : 4,
        "PMNTN_GODN" : 2,
        "PMNTN_MTRQ" : " ",
        "PMNTN_CNRL" : " ",
        "PMNTN_CLS_" : " ",
        "PMNTN_RISK" : " ",
        "PMNTN_RECO" : " ",
        "DATA_STDR_" : "2016-12-31",
        "MNTN_ID" : "2806991000"
      },
      "geometry" : {
        "paths" : [
          [
            [
              343436.73053390812,
              293143.30458955094
            ],
            [
              343446.10834562592,
              293134.73827268928
            ],
            [
              343460.47584538441,
              293125.39531632513
            ],
            [
              343489.05084541533,
              293111.10781630874
            ],
            [
              343511.54042877071,
              293094.43906629272
            ],
            [
              343531.91334545799,
              293074.33073293976
            ],
            [
              343552.55084548052,
              293056.6036495883
            ],
            [
              343563.13417882286,
              293047.34323291108
            ],
            [
              343565.51542882621,
              293043.10989957489
            ],
            [
              343566.04459549207,
              293035.43698289804
            ],
            [
              343566.83834549412,
              293028.55781622417
            ],
            [
              343566.04459549207,
              293019.03281621449
            ],
            [
              343567.26392736938,
              293010.15387588367
            ]
          ]
        ]
      }
    },
    {
      "attributes" : {
        "FID" : 13,
        "PMNTN_SN" : 19942,
        "MNTN_CODE" : "481501001",
        "MNTN_NM" : "반월산",
        "PMNTN_NM" : "회원동구간",
        "PMNTN_MAIN" : " ",
        "PMNTN_LT" : 0.06,
        "PMNTN_DFFL" : "쉬움",
        "PMNTN_UPPL" : 1,
        "PMNTN_GODN" : 1,
        "PMNTN_MTRQ" : " ",
        "PMNTN_CNRL" : " ",
        "PMNTN_CLS_" : " ",
        "PMNTN_RISK" : " ",
        "PMNTN_RECO" : " ",
        "DATA_STDR_" : "2016-12-31",
        "MNTN_ID" : "2806991000"
      },
      "geometry" : {
        "paths" : [
          [
            [
              343557.42945796531,
              292772.1271616146
            ],
            [
              343559.83444780018,
              292773.25237586349
            ],
            [
              343561.12846688554,
              292773.79498268105
            ],
            [
              343562.4205750972,
              292774.27018759958
            ],
            [
              343563.70990044437,
              292774.65098247677
            ],
            [
              343564.99527603388,
              292774.90146946535
            ],
            [
              343566.27516307402,
              292774.97454490885
            ],
            [
              343567.5866203336,
              292774.82483915426
            ],
            [
              343568.89230973832,
              292774.48850970715
            ],
            [
              343570.19388608169,
              292774.01657401957
            ],
            [
              343571.49256115407,
              292773.44761827029
            ],
            [
              343572.78916940093,
              292772.81037358008
            ],
            [
              343575.37787334248,
              292771.4091499988
            ],
            [
              343577.96014689934,
              292769.91728247888
            ],
            [
              343581.8061541589,
              292767.59628855437
            ],
            [
              343584.32442746684,
              292765.9890420977
            ],
            [
              343585.55603842437,
              292765.15343163721
            ],
            [
              343586.7589123752,
              292764.28425966017
            ],
            [
              343587.92183575872,
              292763.36802628823
            ],
            [
              343589.04131695256,
              292762.38831819408
            ],
            [
              343590.12039113883,
              292761.36159582436
            ],
            [
              343591.17101465072,
              292760.30309208669
            ],
            [
              343594.24397591595,
              292757.06314982288
            ],
            [
              343595.26902327035,
              292756.00404123031
            ],
            [
              343596.30929506291,
              292754.98209335469
            ],
            [
              343597.37682516966,
              292754.02095621824
            ],
            [
              343598.61686462723,
              292753.13020693511
            ],
            [
              343600.12632415537,
              292752.36268163472
            ],
            [
              343601.847161524,
              292751.78675490431
            ],
            [
              343603.68114212342,
              292751.38742969371
            ],
            [
              343605.52084358782,
              292751.12996778823
            ],
            [
              343607.25991043635,
              292750.98193626478
            ],
            [
              343608.79322982114,
              292750.91350480355
            ],
            [
              343611.11411191151,
              292750.89878379554
            ]
          ]
        ]
      }
    },
    {
      "attributes" : {
        "FID" : 14,
        "PMNTN_SN" : 19943,
        "MNTN_CODE" : "481501001",
        "MNTN_NM" : "반월산",
        "PMNTN_NM" : "회원동구간",
        "PMNTN_MAIN" : " ",
        "PMNTN_LT" : 0.05,
        "PMNTN_DFFL" : "쉬움",
        "PMNTN_UPPL" : 1,
        "PMNTN_GODN" : 1,
        "PMNTN_MTRQ" : " ",
        "PMNTN_CNRL" : " ",
        "PMNTN_CLS_" : " ",
        "PMNTN_RISK" : " ",
        "PMNTN_RECO" : " ",
        "DATA_STDR_" : "2016-12-31",
        "MNTN_ID" : "2806991000"
      },
      "geometry" : {
        "paths" : [
          [
            [
              343477.12706015073,
              292813.12012312748
            ],
            [
              343478.0748819625,
              292815.19010155275
            ],
            [
              343478.73771496397,
              292816.55112540349
            ],
            [
              343479.54380625673,
              292818.06796704233
            ],
            [
              343480.47498590406,
              292819.63278994709
            ],
            [
              343481.51460553706,
              292821.13535978086
            ],
            [
              343482.6477547884,
              292822.4627324827
            ],
            [
              343483.86045117956,
              292823.5005436074
            ],
            [
              343485.12008273508,
              292824.15811721794
            ],
            [
              343486.39738863055,
              292824.51742119715
            ],
            [
              343487.74447428621,
              292824.76001628116
            ],
            [
              343489.14090430737,
              292824.92602379248
            ],
            [
              343490.570169135,
              292825.04171106778
            ],
            [
              343496.41696100216,
              292825.32953572832
            ],
            [
              343497.87698774412,
              292825.41908563301
            ],
            [
              343499.32384038903,
              292825.54068038799
            ],
            [
              343500.7497148728,
              292825.71096498519
            ],
            [
              343502.14472558536,
              292825.95128108002
            ],
            [
              343503.49606384616,
              292826.28936046176
            ],
            [
              343504.78704827372,
              292826.76124500856
            ],
            [
              343506.02154203597,
              292827.40638242662
            ],
            [
              343507.19236365706,
              292828.18840775825
            ],
            [
              343508.31423749495,
              292829.07066090778
            ],
            [
              343509.39660626277,
              292830.02643689141
            ],
            [
              343510.4441864742,
              292831.03706355579
            ],
            [
              343511.45723246783,
              292832.09042201936
            ],
            [
              343512.43149704486,
              292833.1798871588
            ],
            [
              343513.35788131133,
              292834.30365158245
            ],
            [
              343514.2217684919,
              292835.46439447813
            ],
            [
              343515.00204135664,
              292836.66925727576
            ],
            [
              343515.66979690548,
              292837.93008671887
            ],
            [
              343516.20043599419,
              292839.25289157592
            ],
            [
              343516.62209991086,
              292840.6277897153
            ],
            [
              343517.10174219869,
              292842.69955997728
            ]
          ]
        ]
      }
    }
  ]
}