{
  "displayFieldName" : "",
  "fieldAliases" : {
    "FID" : "FID",
    "PMNTN_SPOT" : "PMNTN_SPOT",
    "MNTN_CODE" : "MNTN_CODE",
    "MANAGE_SP1" : "MANAGE_SP1",
    "MANAGE_SP2" : "MANAGE_SP2",
    "DETAIL_SPO" : "DETAIL_SPO",
    "ETC_MATTER" : "ETC_MATTER",
    "MNTN_NM" : "MNTN_NM",
    "PAST_SPOT_" : "PAST_SPOT_",
    "MNTN_ID" : "MNTN_ID"
  },
  "geometryType" : "esriGeometryPoint",
  "spatialReference" : {
    "wkt" : "PROJCS[\"PCS_ITRF2000_TM\",GEOGCS[\"GCS_ITRF_2000\",DATUM[\"D_ITRF_2000\",SPHEROID[\"GRS_1980\",6378137.0,298.257222101]],PRIMEM[\"Greenwich\",0.0],UNIT[\"Degree\",0.0174532925199433]],PROJECTION[\"Transverse_Mercator\"],PARAMETER[\"False_Easting\",200000.0],PARAMETER[\"False_Northing\",600000.0],PARAMETER[\"Central_Meridian\",127.0],PARAMETER[\"Scale_Factor\",1.0],PARAMETER[\"Latitude_Of_Origin\",38.0],UNIT[\"Meter\",1.0]]"
  },
  "fields" : [
    {
      "name" : "FID",
      "type" : "esriFieldTypeOID",
      "alias" : "FID"
    },
    {
      "name" : "PMNTN_SPOT",
      "type" : "esriFieldTypeDouble",
      "alias" : "PMNTN_SPOT"
    },
    {
      "name" : "MNTN_CODE",
      "type" : "esriFieldTypeString",
      "alias" : "MNTN_CODE",
      "length" : 9
    },
    {
      "name" : "MANAGE_SP1",
      "type" : "esriFieldTypeString",
      "alias" : "MANAGE_SP1",
      "length" : 2
    },
    {
      "name" : "MANAGE_SP2",
      "type" : "esriFieldTypeString",
      "alias" : "MANAGE_SP2",
      "length" : 50
    },
    {
      "name" : "DETAIL_SPO",
      "type" : "esriFieldTypeString",
      "alias" : "DETAIL_SPO",
      "length" : 200
    },
    {
      "name" : "ETC_MATTER",
      "type" : "esriFieldTypeString",
      "alias" : "ETC_MATTER",
      "length" : 200
    },
    {
      "name" : "MNTN_NM",
      "type" : "esriFieldTypeString",
      "alias" : "MNTN_NM",
      "length" : 50
    },
    {
      "name" : "PAST_SPOT_",
      "type" : "esriFieldTypeString",
      "alias" : "PAST_SPOT_",
      "length" : 14
    },
    {
      "name" : "MNTN_ID",
      "type" : "esriFieldTypeString",
      "alias" : "MNTN_ID",
      "length" : 10
    }
  ],
  "features" : [
    {
      "attributes" : {
        "FID" : 0,
        "PMNTN_SPOT" : 90523,
        "MNTN_CODE" : "479205601",
        "MANAGE_SP1" : "99",
        "MANAGE_SP2" : "기타",
        "DETAIL_SPO" : "등산로전경",
        "ETC_MATTER" : " ",
        "MNTN_NM" : "학정봉",
        "PAST_SPOT_" : "4792056010001",
        "MNTN_ID" : "479205601"
      },
      "geometry" : {
        "x" : 352251.32340000011,
        "y" : 478189.32340000384
      }
    },
    {
      "attributes" : {
        "FID" : 1,
        "PMNTN_SPOT" : 90524,
        "MNTN_CODE" : "479205601",
        "MANAGE_SP1" : "01",
        "MANAGE_SP2" : "시종점",
        "DETAIL_SPO" : "시종점",
        "ETC_MATTER" : " ",
        "MNTN_NM" : "학정봉",
        "PAST_SPOT_" : "4792056010002",
        "MNTN_ID" : "479205601"
      },
      "geometry" : {
        "x" : 351944.23880000226,
        "y" : 477748.55360000022
      }
    },
    {
      "attributes" : {
        "FID" : 2,
        "PMNTN_SPOT" : 90525,
        "MNTN_CODE" : "479205601",
        "MANAGE_SP1" : "01",
        "MANAGE_SP2" : "시종점",
        "DETAIL_SPO" : "시종점",
        "ETC_MATTER" : " ",
        "MNTN_NM" : "학정봉",
        "PAST_SPOT_" : "4792056010003",
        "MNTN_ID" : "479205601"
      },
      "geometry" : {
        "x" : 351996.16280000191,
        "y" : 478142.72479999997
      }
    },
    {
      "attributes" : {
        "FID" : 3,
        "PMNTN_SPOT" : 90526,
        "MNTN_CODE" : "479205601",
        "MANAGE_SP1" : "01",
        "MANAGE_SP2" : "시종점",
        "DETAIL_SPO" : "시종점",
        "ETC_MATTER" : " ",
        "MNTN_NM" : "학정봉",
        "PAST_SPOT_" : "4792056010004",
        "MNTN_ID" : "479205601"
      },
      "geometry" : {
        "x" : 352188.11679999996,
        "y" : 477883.12160000205
      }
    },
    {
      "attributes" : {
        "FID" : 4,
        "PMNTN_SPOT" : 90527,
        "MNTN_CODE" : "479205601",
        "MANAGE_SP1" : "23",
        "MANAGE_SP2" : "정상",
        "DETAIL_SPO" : "정상부, 분기",
        "ETC_MATTER" : " ",
        "MNTN_NM" : "학정봉",
        "PAST_SPOT_" : "4792056010005",
        "MNTN_ID" : "479205601"
      },
      "geometry" : {
        "x" : 352217.15620000008,
        "y" : 478101.66809999943
      }
    },
    {
      "attributes" : {
        "FID" : 5,
        "PMNTN_SPOT" : 90528,
        "MNTN_CODE" : "479205601",
        "MANAGE_SP1" : "02",
        "MANAGE_SP2" : "분기점",
        "DETAIL_SPO" : "분기점",
        "ETC_MATTER" : " ",
        "MNTN_NM" : "학정봉",
        "PAST_SPOT_" : "4792056010006",
        "MNTN_ID" : "479205601"
      },
      "geometry" : {
        "x" : 352233.70950000081,
        "y" : 478177.79440000094
      }
    },
    {
      "attributes" : {
        "FID" : 6,
        "PMNTN_SPOT" : 90529,
        "MNTN_CODE" : "479205601",
        "MANAGE_SP1" : "01",
        "MANAGE_SP2" : "시종점",
        "DETAIL_SPO" : "시종점",
        "ETC_MATTER" : " ",
        "MNTN_NM" : "학정봉",
        "PAST_SPOT_" : "4792056010007",
        "MNTN_ID" : "479205601"
      },
      "geometry" : {
        "x" : 352579.40370000061,
        "y" : 478370.8161999993
      }
    },
    {
      "attributes" : {
        "FID" : 7,
        "PMNTN_SPOT" : 99617,
        "MNTN_CODE" : "479205601",
        "MANAGE_SP1" : "14",
        "MANAGE_SP2" : "조망점",
        "DETAIL_SPO" : "등산로전경",
        "ETC_MATTER" : " ",
        "MNTN_NM" : "학정봉",
        "PAST_SPOT_" : "4792056010008",
        "MNTN_ID" : "479205601"
      },
      "geometry" : {
        "x" : 352218.32540000312,
        "y" : 478107.24020000029
      }
    },
    {
      "attributes" : {
        "FID" : 8,
        "PMNTN_SPOT" : 99618,
        "MNTN_CODE" : "479205601",
        "MANAGE_SP1" : "23",
        "MANAGE_SP2" : "정상",
        "DETAIL_SPO" : "정상",
        "ETC_MATTER" : " ",
        "MNTN_NM" : "학정봉",
        "PAST_SPOT_" : "4792056010009",
        "MNTN_ID" : "479205601"
      },
      "geometry" : {
        "x" : 351995.35759999731,
        "y" : 478142.60810000083
      }
    }
  ]
}