{
  "displayFieldName" : "",
  "fieldAliases" : {
    "FID" : "FID",
    "PMNTN_SPOT" : "PMNTN_SPOT",
    "MNTN_CODE" : "MNTN_CODE",
    "MANAGE_SP1" : "MANAGE_SP1",
    "MANAGE_SP2" : "MANAGE_SP2",
    "DETAIL_SPO" : "DETAIL_SPO",
    "ETC_MATTER" : "ETC_MATTER",
    "MNTN_NM" : "MNTN_NM",
    "PAST_SPOT_" : "PAST_SPOT_",
    "MNTN_ID" : "MNTN_ID"
  },
  "geometryType" : "esriGeometryPoint",
  "spatialReference" : {
    "wkt" : "PROJCS[\"PCS_ITRF2000_TM\",GEOGCS[\"GCS_ITRF_2000\",DATUM[\"D_ITRF_2000\",SPHEROID[\"GRS_1980\",6378137.0,298.257222101]],PRIMEM[\"Greenwich\",0.0],UNIT[\"Degree\",0.0174532925199433]],PROJECTION[\"Transverse_Mercator\"],PARAMETER[\"False_Easting\",200000.0],PARAMETER[\"False_Northing\",600000.0],PARAMETER[\"Central_Meridian\",127.0],PARAMETER[\"Scale_Factor\",1.0],PARAMETER[\"Latitude_Of_Origin\",38.0],UNIT[\"Meter\",1.0]]"
  },
  "fields" : [
    {
      "name" : "FID",
      "type" : "esriFieldTypeOID",
      "alias" : "FID"
    },
    {
      "name" : "PMNTN_SPOT",
      "type" : "esriFieldTypeDouble",
      "alias" : "PMNTN_SPOT"
    },
    {
      "name" : "MNTN_CODE",
      "type" : "esriFieldTypeString",
      "alias" : "MNTN_CODE",
      "length" : 9
    },
    {
      "name" : "MANAGE_SP1",
      "type" : "esriFieldTypeString",
      "alias" : "MANAGE_SP1",
      "length" : 2
    },
    {
      "name" : "MANAGE_SP2",
      "type" : "esriFieldTypeString",
      "alias" : "MANAGE_SP2",
      "length" : 50
    },
    {
      "name" : "DETAIL_SPO",
      "type" : "esriFieldTypeString",
      "alias" : "DETAIL_SPO",
      "length" : 200
    },
    {
      "name" : "ETC_MATTER",
      "type" : "esriFieldTypeString",
      "alias" : "ETC_MATTER",
      "length" : 200
    },
    {
      "name" : "MNTN_NM",
      "type" : "esriFieldTypeString",
      "alias" : "MNTN_NM",
      "length" : 50
    },
    {
      "name" : "PAST_SPOT_",
      "type" : "esriFieldTypeString",
      "alias" : "PAST_SPOT_",
      "length" : 14
    },
    {
      "name" : "MNTN_ID",
      "type" : "esriFieldTypeString",
      "alias" : "MNTN_ID",
      "length" : 10
    }
  ],
  "features" : [
    {
      "attributes" : {
        "FID" : 0,
        "PMNTN_SPOT" : 73868,
        "MNTN_CODE" : "264100201",
        "MANAGE_SP1" : "07",
        "MANAGE_SP2" : "시설물(운동기구 등)",
        "DETAIL_SPO" : "체육시설",
        "ETC_MATTER" : " ",
        "MNTN_NM" : "윤산",
        "PAST_SPOT_" : "12029902000001",
        "MNTN_ID" : "1202990200"
      },
      "geometry" : {
        "x" : 391695.96880005766,
        "y" : 295530.17470000684
      }
    },
    {
      "attributes" : {
        "FID" : 1,
        "PMNTN_SPOT" : 73869,
        "MNTN_CODE" : "264100201",
        "MANAGE_SP1" : "14",
        "MANAGE_SP2" : "조망점",
        "DETAIL_SPO" : "조망점",
        "ETC_MATTER" : " ",
        "MNTN_NM" : "윤산",
        "PAST_SPOT_" : "12029902000002",
        "MNTN_ID" : "1202990200"
      },
      "geometry" : {
        "x" : 391628.35860005859,
        "y" : 295126.46890000626
      }
    },
    {
      "attributes" : {
        "FID" : 2,
        "PMNTN_SPOT" : 73870,
        "MNTN_CODE" : "264100201",
        "MANAGE_SP1" : "10",
        "MANAGE_SP2" : "이정표",
        "DETAIL_SPO" : "이정표",
        "ETC_MATTER" : " ",
        "MNTN_NM" : "윤산",
        "PAST_SPOT_" : "12029902000003",
        "MNTN_ID" : "1202990200"
      },
      "geometry" : {
        "x" : 391605.61490005907,
        "y" : 294758.80829999968
      }
    },
    {
      "attributes" : {
        "FID" : 3,
        "PMNTN_SPOT" : 73871,
        "MNTN_CODE" : "264100201",
        "MANAGE_SP1" : "06",
        "MANAGE_SP2" : "음수대",
        "DETAIL_SPO" : "음수대",
        "ETC_MATTER" : " ",
        "MNTN_NM" : "윤산",
        "PAST_SPOT_" : "12029902000004",
        "MNTN_ID" : "1202990200"
      },
      "geometry" : {
        "x" : 391652.78060005698,
        "y" : 294746.01890000515
      }
    },
    {
      "attributes" : {
        "FID" : 4,
        "PMNTN_SPOT" : 73872,
        "MNTN_CODE" : "264100201",
        "MANAGE_SP1" : "07",
        "MANAGE_SP2" : "시설물(운동기구 등)",
        "DETAIL_SPO" : "체육시설",
        "ETC_MATTER" : " ",
        "MNTN_NM" : "윤산",
        "PAST_SPOT_" : "12029902000005",
        "MNTN_ID" : "1202990200"
      },
      "geometry" : {
        "x" : 391748.57720005885,
        "y" : 294550.81000000797
      }
    },
    {
      "attributes" : {
        "FID" : 5,
        "PMNTN_SPOT" : 73873,
        "MNTN_CODE" : "264100201",
        "MANAGE_SP1" : "10",
        "MANAGE_SP2" : "이정표",
        "DETAIL_SPO" : "이정표",
        "ETC_MATTER" : " ",
        "MNTN_NM" : "윤산",
        "PAST_SPOT_" : "12029902000006",
        "MNTN_ID" : "1202990200"
      },
      "geometry" : {
        "x" : 391784.91170005687,
        "y" : 294446.99880000576
      }
    },
    {
      "attributes" : {
        "FID" : 6,
        "PMNTN_SPOT" : 73874,
        "MNTN_CODE" : "264100201",
        "MANAGE_SP1" : "10",
        "MANAGE_SP2" : "이정표",
        "DETAIL_SPO" : "이정표",
        "ETC_MATTER" : " ",
        "MNTN_NM" : "윤산",
        "PAST_SPOT_" : "12029902000007",
        "MNTN_ID" : "1202990200"
      },
      "geometry" : {
        "x" : 391446.9557000557,
        "y" : 294163.27640000544
      }
    },
    {
      "attributes" : {
        "FID" : 7,
        "PMNTN_SPOT" : 73875,
        "MNTN_CODE" : "264100201",
        "MANAGE_SP1" : "06",
        "MANAGE_SP2" : "음수대",
        "DETAIL_SPO" : "음수대",
        "ETC_MATTER" : " ",
        "MNTN_NM" : "윤산",
        "PAST_SPOT_" : "12029902000008",
        "MNTN_ID" : "1202990200"
      },
      "geometry" : {
        "x" : 390922.00840005558,
        "y" : 294791.22420000285
      }
    },
    {
      "attributes" : {
        "FID" : 8,
        "PMNTN_SPOT" : 73876,
        "MNTN_CODE" : "264100201",
        "MANAGE_SP1" : "99",
        "MANAGE_SP2" : "기타",
        "DETAIL_SPO" : "기타",
        "ETC_MATTER" : " ",
        "MNTN_NM" : "윤산",
        "PAST_SPOT_" : "12029902000009",
        "MNTN_ID" : "1202990200"
      },
      "geometry" : {
        "x" : 390900.58450005576,
        "y" : 294808.01339999959
      }
    },
    {
      "attributes" : {
        "FID" : 9,
        "PMNTN_SPOT" : 73877,
        "MNTN_CODE" : "264100201",
        "MANAGE_SP1" : "99",
        "MANAGE_SP2" : "기타",
        "DETAIL_SPO" : "기타",
        "ETC_MATTER" : " ",
        "MNTN_NM" : "윤산",
        "PAST_SPOT_" : "12029902000010",
        "MNTN_ID" : "1202990200"
      },
      "geometry" : {
        "x" : 391338.75550005492,
        "y" : 295176.12440000288
      }
    },
    {
      "attributes" : {
        "FID" : 10,
        "PMNTN_SPOT" : 73878,
        "MNTN_CODE" : "264100201",
        "MANAGE_SP1" : "04",
        "MANAGE_SP2" : "화장실",
        "DETAIL_SPO" : "화장실",
        "ETC_MATTER" : " ",
        "MNTN_NM" : "윤산",
        "PAST_SPOT_" : "12029902000011",
        "MNTN_ID" : "1202990200"
      },
      "geometry" : {
        "x" : 391575.41830005497,
        "y" : 295629.43689999916
      }
    },
    {
      "attributes" : {
        "FID" : 11,
        "PMNTN_SPOT" : 73879,
        "MNTN_CODE" : "264100201",
        "MANAGE_SP1" : "99",
        "MANAGE_SP2" : "기타",
        "DETAIL_SPO" : "목계단끝",
        "ETC_MATTER" : " ",
        "MNTN_NM" : "윤산",
        "PAST_SPOT_" : "12029902000012",
        "MNTN_ID" : "1202990200"
      },
      "geometry" : {
        "x" : 391379.47570005525,
        "y" : 293981.70690000243
      }
    },
    {
      "attributes" : {
        "FID" : 12,
        "PMNTN_SPOT" : 73880,
        "MNTN_CODE" : "264100201",
        "MANAGE_SP1" : "07",
        "MANAGE_SP2" : "시설물(운동기구 등)",
        "DETAIL_SPO" : "체육시설",
        "ETC_MATTER" : " ",
        "MNTN_NM" : "윤산",
        "PAST_SPOT_" : "12029902000013",
        "MNTN_ID" : "1202990200"
      },
      "geometry" : {
        "x" : 391382.36710005719,
        "y" : 293960.44100000337
      }
    },
    {
      "attributes" : {
        "FID" : 13,
        "PMNTN_SPOT" : 73881,
        "MNTN_CODE" : "264100201",
        "MANAGE_SP1" : "99",
        "MANAGE_SP2" : "기타",
        "DETAIL_SPO" : "계단시작",
        "ETC_MATTER" : " ",
        "MNTN_NM" : "윤산",
        "PAST_SPOT_" : "12029902000014",
        "MNTN_ID" : "1202990200"
      },
      "geometry" : {
        "x" : 391425.24640005454,
        "y" : 294102.16650000773
      }
    },
    {
      "attributes" : {
        "FID" : 14,
        "PMNTN_SPOT" : 73882,
        "MNTN_CODE" : "264100201",
        "MANAGE_SP1" : "99",
        "MANAGE_SP2" : "기타",
        "DETAIL_SPO" : "계단끝",
        "ETC_MATTER" : " ",
        "MNTN_NM" : "윤산",
        "PAST_SPOT_" : "12029902000015",
        "MNTN_ID" : "1202990200"
      },
      "geometry" : {
        "x" : 391497.3501000572,
        "y" : 294035.53710000589
      }
    },
    {
      "attributes" : {
        "FID" : 15,
        "PMNTN_SPOT" : 73883,
        "MNTN_CODE" : "264100201",
        "MANAGE_SP1" : "99",
        "MANAGE_SP2" : "기타",
        "DETAIL_SPO" : "계단시작",
        "ETC_MATTER" : " ",
        "MNTN_NM" : "윤산",
        "PAST_SPOT_" : "12029902000016",
        "MNTN_ID" : "1202990200"
      },
      "geometry" : {
        "x" : 391505.72120005544,
        "y" : 294021.81460000575
      }
    },
    {
      "attributes" : {
        "FID" : 16,
        "PMNTN_SPOT" : 73884,
        "MNTN_CODE" : "264100201",
        "MANAGE_SP1" : "06",
        "MANAGE_SP2" : "음수대",
        "DETAIL_SPO" : "약수터,계단끝",
        "ETC_MATTER" : " ",
        "MNTN_NM" : "윤산",
        "PAST_SPOT_" : "12029902000017",
        "MNTN_ID" : "1202990200"
      },
      "geometry" : {
        "x" : 391574.10080005694,
        "y" : 294009.78450000659
      }
    },
    {
      "attributes" : {
        "FID" : 17,
        "PMNTN_SPOT" : 73885,
        "MNTN_CODE" : "264100201",
        "MANAGE_SP1" : "10",
        "MANAGE_SP2" : "이정표",
        "DETAIL_SPO" : "이정표",
        "ETC_MATTER" : " ",
        "MNTN_NM" : "윤산",
        "PAST_SPOT_" : "12029902000018",
        "MNTN_ID" : "1202990200"
      },
      "geometry" : {
        "x" : 391682.59810005687,
        "y" : 293994.04200000688
      }
    },
    {
      "attributes" : {
        "FID" : 18,
        "PMNTN_SPOT" : 73886,
        "MNTN_CODE" : "264100201",
        "MANAGE_SP1" : "06",
        "MANAGE_SP2" : "음수대",
        "DETAIL_SPO" : "음수대",
        "ETC_MATTER" : " ",
        "MNTN_NM" : "윤산",
        "PAST_SPOT_" : "12029902000019",
        "MNTN_ID" : "1202990200"
      },
      "geometry" : {
        "x" : 391701.77850005776,
        "y" : 294257.81150000542
      }
    },
    {
      "attributes" : {
        "FID" : 19,
        "PMNTN_SPOT" : 73887,
        "MNTN_CODE" : "264100201",
        "MANAGE_SP1" : "99",
        "MANAGE_SP2" : "기타",
        "DETAIL_SPO" : "계단",
        "ETC_MATTER" : " ",
        "MNTN_NM" : "윤산",
        "PAST_SPOT_" : "12029902000020",
        "MNTN_ID" : "1202990200"
      },
      "geometry" : {
        "x" : 391911.30700005591,
        "y" : 294634.22970000654
      }
    },
    {
      "attributes" : {
        "FID" : 20,
        "PMNTN_SPOT" : 73888,
        "MNTN_CODE" : "264100201",
        "MANAGE_SP1" : "99",
        "MANAGE_SP2" : "기타",
        "DETAIL_SPO" : "계단",
        "ETC_MATTER" : " ",
        "MNTN_NM" : "윤산",
        "PAST_SPOT_" : "12029902000021",
        "MNTN_ID" : "1202990200"
      },
      "geometry" : {
        "x" : 391617.49650005717,
        "y" : 293989.78730000369
      }
    },
    {
      "attributes" : {
        "FID" : 21,
        "PMNTN_SPOT" : 73889,
        "MNTN_CODE" : "264100201",
        "MANAGE_SP1" : "06",
        "MANAGE_SP2" : "음수대",
        "DETAIL_SPO" : "음수대,분기,시멘트길시작",
        "ETC_MATTER" : " ",
        "MNTN_NM" : "윤산",
        "PAST_SPOT_" : "12029902000022",
        "MNTN_ID" : "1202990200"
      },
      "geometry" : {
        "x" : 392013.42400005646,
        "y" : 294594.75310000591
      }
    },
    {
      "attributes" : {
        "FID" : 22,
        "PMNTN_SPOT" : 73890,
        "MNTN_CODE" : "264100201",
        "MANAGE_SP1" : "99",
        "MANAGE_SP2" : "기타",
        "DETAIL_SPO" : "시메트길끝",
        "ETC_MATTER" : " ",
        "MNTN_NM" : "윤산",
        "PAST_SPOT_" : "12029902000023",
        "MNTN_ID" : "1202990200"
      },
      "geometry" : {
        "x" : 392041.90980005916,
        "y" : 294567.28070000559
      }
    },
    {
      "attributes" : {
        "FID" : 23,
        "PMNTN_SPOT" : 73891,
        "MNTN_CODE" : "264100201",
        "MANAGE_SP1" : "99",
        "MANAGE_SP2" : "기타",
        "DETAIL_SPO" : "계단시작",
        "ETC_MATTER" : " ",
        "MNTN_NM" : "윤산",
        "PAST_SPOT_" : "12029902000024",
        "MNTN_ID" : "1202990200"
      },
      "geometry" : {
        "x" : 392056.30860005599,
        "y" : 294548.99040000513
      }
    },
    {
      "attributes" : {
        "FID" : 24,
        "PMNTN_SPOT" : 73892,
        "MNTN_CODE" : "264100201",
        "MANAGE_SP1" : "99",
        "MANAGE_SP2" : "기타",
        "DETAIL_SPO" : "계단끝",
        "ETC_MATTER" : " ",
        "MNTN_NM" : "윤산",
        "PAST_SPOT_" : "12029902000025",
        "MNTN_ID" : "1202990200"
      },
      "geometry" : {
        "x" : 392067.49720005877,
        "y" : 294538.170300005
      }
    },
    {
      "attributes" : {
        "FID" : 25,
        "PMNTN_SPOT" : 73893,
        "MNTN_CODE" : "264100201",
        "MANAGE_SP1" : "99",
        "MANAGE_SP2" : "기타",
        "DETAIL_SPO" : "시멘트계단시작",
        "ETC_MATTER" : " ",
        "MNTN_NM" : "윤산",
        "PAST_SPOT_" : "12029902000026",
        "MNTN_ID" : "1202990200"
      },
      "geometry" : {
        "x" : 392185.49950005673,
        "y" : 294466.71470000222
      }
    },
    {
      "attributes" : {
        "FID" : 26,
        "PMNTN_SPOT" : 73894,
        "MNTN_CODE" : "264100201",
        "MANAGE_SP1" : "99",
        "MANAGE_SP2" : "기타",
        "DETAIL_SPO" : "시멘트계단끝",
        "ETC_MATTER" : " ",
        "MNTN_NM" : "윤산",
        "PAST_SPOT_" : "12029902000027",
        "MNTN_ID" : "1202990200"
      },
      "geometry" : {
        "x" : 392230.70650005899,
        "y" : 294457.05060000531
      }
    },
    {
      "attributes" : {
        "FID" : 27,
        "PMNTN_SPOT" : 73895,
        "MNTN_CODE" : "264100201",
        "MANAGE_SP1" : "99",
        "MANAGE_SP2" : "기타",
        "DETAIL_SPO" : "기타",
        "ETC_MATTER" : " ",
        "MNTN_NM" : "윤산",
        "PAST_SPOT_" : "12029902000028",
        "MNTN_ID" : "1202990200"
      },
      "geometry" : {
        "x" : 392291.61270005908,
        "y" : 294418.5331000071
      }
    },
    {
      "attributes" : {
        "FID" : 28,
        "PMNTN_SPOT" : 73896,
        "MNTN_CODE" : "264100201",
        "MANAGE_SP1" : "99",
        "MANAGE_SP2" : "기타",
        "DETAIL_SPO" : "시멘트다리",
        "ETC_MATTER" : " ",
        "MNTN_NM" : "윤산",
        "PAST_SPOT_" : "12029902000029",
        "MNTN_ID" : "1202990200"
      },
      "geometry" : {
        "x" : 392385.43090005871,
        "y" : 294375.83090000786
      }
    },
    {
      "attributes" : {
        "FID" : 29,
        "PMNTN_SPOT" : 73897,
        "MNTN_CODE" : "264100201",
        "MANAGE_SP1" : "07",
        "MANAGE_SP2" : "시설물(운동기구 등)",
        "DETAIL_SPO" : "체육시설,목계단시작",
        "ETC_MATTER" : " ",
        "MNTN_NM" : "윤산",
        "PAST_SPOT_" : "12029902000030",
        "MNTN_ID" : "1202990200"
      },
      "geometry" : {
        "x" : 391366.33210005611,
        "y" : 293985.04810000584
      }
    },
    {
      "attributes" : {
        "FID" : 30,
        "PMNTN_SPOT" : 73898,
        "MNTN_CODE" : "264100201",
        "MANAGE_SP1" : "06",
        "MANAGE_SP2" : "음수대",
        "DETAIL_SPO" : "음수대,체육시설",
        "ETC_MATTER" : " ",
        "MNTN_NM" : "윤산",
        "PAST_SPOT_" : "12029902000031",
        "MNTN_ID" : "1202990200"
      },
      "geometry" : {
        "x" : 391320.31330005545,
        "y" : 294914.19220000692
      }
    },
    {
      "attributes" : {
        "FID" : 31,
        "PMNTN_SPOT" : 73899,
        "MNTN_CODE" : "264100201",
        "MANAGE_SP1" : "06",
        "MANAGE_SP2" : "음수대",
        "DETAIL_SPO" : "음수대,벤치,분기",
        "ETC_MATTER" : " ",
        "MNTN_NM" : "윤산",
        "PAST_SPOT_" : "12029902000032",
        "MNTN_ID" : "1202990200"
      },
      "geometry" : {
        "x" : 391620.43120006006,
        "y" : 294007.79040000774
      }
    },
    {
      "attributes" : {
        "FID" : 32,
        "PMNTN_SPOT" : 73900,
        "MNTN_CODE" : "264100201",
        "MANAGE_SP1" : "01",
        "MANAGE_SP2" : "시종점",
        "DETAIL_SPO" : "시종점",
        "ETC_MATTER" : " ",
        "MNTN_NM" : "윤산",
        "PAST_SPOT_" : "12029902000033",
        "MNTN_ID" : "1202990200"
      },
      "geometry" : {
        "x" : 390699.44930005632,
        "y" : 295296.76540000364
      }
    },
    {
      "attributes" : {
        "FID" : 33,
        "PMNTN_SPOT" : 73901,
        "MNTN_CODE" : "264100201",
        "MANAGE_SP1" : "01",
        "MANAGE_SP2" : "시종점",
        "DETAIL_SPO" : "시종점,분기",
        "ETC_MATTER" : " ",
        "MNTN_NM" : "윤산",
        "PAST_SPOT_" : "12029902000034",
        "MNTN_ID" : "1202990200"
      },
      "geometry" : {
        "x" : 390716.31000005733,
        "y" : 295402.97860000469
      }
    },
    {
      "attributes" : {
        "FID" : 34,
        "PMNTN_SPOT" : 73902,
        "MNTN_CODE" : "264100201",
        "MANAGE_SP1" : "01",
        "MANAGE_SP2" : "시종점",
        "DETAIL_SPO" : "시종점,분기",
        "ETC_MATTER" : " ",
        "MNTN_NM" : "윤산",
        "PAST_SPOT_" : "12029902000035",
        "MNTN_ID" : "1202990200"
      },
      "geometry" : {
        "x" : 390723.26400005631,
        "y" : 295249.90650000796
      }
    },
    {
      "attributes" : {
        "FID" : 35,
        "PMNTN_SPOT" : 73903,
        "MNTN_CODE" : "264100201",
        "MANAGE_SP1" : "01",
        "MANAGE_SP2" : "시종점",
        "DETAIL_SPO" : "시종점,부곡교회",
        "ETC_MATTER" : " ",
        "MNTN_NM" : "윤산",
        "PAST_SPOT_" : "12029902000036",
        "MNTN_ID" : "1202990200"
      },
      "geometry" : {
        "x" : 390734.82280005328,
        "y" : 295632.49240000732
      }
    },
    {
      "attributes" : {
        "FID" : 36,
        "PMNTN_SPOT" : 73904,
        "MNTN_CODE" : "264100201",
        "MANAGE_SP1" : "01",
        "MANAGE_SP2" : "시종점",
        "DETAIL_SPO" : "시종점",
        "ETC_MATTER" : " ",
        "MNTN_NM" : "윤산",
        "PAST_SPOT_" : "12029902000037",
        "MNTN_ID" : "1202990200"
      },
      "geometry" : {
        "x" : 390774.47690005414,
        "y" : 294539.82590000145
      }
    },
    {
      "attributes" : {
        "FID" : 37,
        "PMNTN_SPOT" : 73905,
        "MNTN_CODE" : "264100201",
        "MANAGE_SP1" : "01",
        "MANAGE_SP2" : "시종점",
        "DETAIL_SPO" : "시종점",
        "ETC_MATTER" : " ",
        "MNTN_NM" : "윤산",
        "PAST_SPOT_" : "12029902000038",
        "MNTN_ID" : "1202990200"
      },
      "geometry" : {
        "x" : 390799.86000005715,
        "y" : 294951.55720000528
      }
    },
    {
      "attributes" : {
        "FID" : 38,
        "PMNTN_SPOT" : 73906,
        "MNTN_CODE" : "264100201",
        "MANAGE_SP1" : "01",
        "MANAGE_SP2" : "시종점",
        "DETAIL_SPO" : "시종점,분기",
        "ETC_MATTER" : " ",
        "MNTN_NM" : "윤산",
        "PAST_SPOT_" : "12029902000039",
        "MNTN_ID" : "1202990200"
      },
      "geometry" : {
        "x" : 390807.16720005684,
        "y" : 293575.11970000528
      }
    },
    {
      "attributes" : {
        "FID" : 39,
        "PMNTN_SPOT" : 73907,
        "MNTN_CODE" : "264100201",
        "MANAGE_SP1" : "02",
        "MANAGE_SP2" : "분기점",
        "DETAIL_SPO" : "분기점",
        "ETC_MATTER" : " ",
        "MNTN_NM" : "윤산",
        "PAST_SPOT_" : "12029902000040",
        "MNTN_ID" : "1202990200"
      },
      "geometry" : {
        "x" : 390816.92710005492,
        "y" : 293573.34270000644
      }
    },
    {
      "attributes" : {
        "FID" : 40,
        "PMNTN_SPOT" : 73908,
        "MNTN_CODE" : "264100201",
        "MANAGE_SP1" : "02",
        "MANAGE_SP2" : "분기점",
        "DETAIL_SPO" : "분기점",
        "ETC_MATTER" : " ",
        "MNTN_NM" : "윤산",
        "PAST_SPOT_" : "12029902000041",
        "MNTN_ID" : "1202990200"
      },
      "geometry" : {
        "x" : 390826.10160005372,
        "y" : 295603.38830000721
      }
    },
    {
      "attributes" : {
        "FID" : 41,
        "PMNTN_SPOT" : 73909,
        "MNTN_CODE" : "264100201",
        "MANAGE_SP1" : "02",
        "MANAGE_SP2" : "분기점",
        "DETAIL_SPO" : "분기점",
        "ETC_MATTER" : " ",
        "MNTN_NM" : "윤산",
        "PAST_SPOT_" : "12029902000042",
        "MNTN_ID" : "1202990200"
      },
      "geometry" : {
        "x" : 390857.4060000563,
        "y" : 295561.5838000048
      }
    },
    {
      "attributes" : {
        "FID" : 42,
        "PMNTN_SPOT" : 73910,
        "MNTN_CODE" : "264100201",
        "MANAGE_SP1" : "02",
        "MANAGE_SP2" : "분기점",
        "DETAIL_SPO" : "분기점",
        "ETC_MATTER" : " ",
        "MNTN_NM" : "윤산",
        "PAST_SPOT_" : "12029902000043",
        "MNTN_ID" : "1202990200"
      },
      "geometry" : {
        "x" : 390886.21340005286,
        "y" : 294593.35249999911
      }
    },
    {
      "attributes" : {
        "FID" : 43,
        "PMNTN_SPOT" : 73911,
        "MNTN_CODE" : "264100201",
        "MANAGE_SP1" : "02",
        "MANAGE_SP2" : "분기점",
        "DETAIL_SPO" : "분기점",
        "ETC_MATTER" : " ",
        "MNTN_NM" : "윤산",
        "PAST_SPOT_" : "12029902000044",
        "MNTN_ID" : "1202990200"
      },
      "geometry" : {
        "x" : 390897.87260005623,
        "y" : 294681.87060000561
      }
    },
    {
      "attributes" : {
        "FID" : 44,
        "PMNTN_SPOT" : 73912,
        "MNTN_CODE" : "264100201",
        "MANAGE_SP1" : "01",
        "MANAGE_SP2" : "시종점",
        "DETAIL_SPO" : "시종점,분기",
        "ETC_MATTER" : " ",
        "MNTN_NM" : "윤산",
        "PAST_SPOT_" : "12029902000045",
        "MNTN_ID" : "1202990200"
      },
      "geometry" : {
        "x" : 390908.48140005674,
        "y" : 293722.91500000656
      }
    },
    {
      "attributes" : {
        "FID" : 45,
        "PMNTN_SPOT" : 73913,
        "MNTN_CODE" : "264100201",
        "MANAGE_SP1" : "01",
        "MANAGE_SP2" : "시종점",
        "DETAIL_SPO" : "시종점",
        "ETC_MATTER" : " ",
        "MNTN_NM" : "윤산",
        "PAST_SPOT_" : "12029902000046",
        "MNTN_ID" : "1202990200"
      },
      "geometry" : {
        "x" : 390923.10750005394,
        "y" : 293669.62330000289
      }
    },
    {
      "attributes" : {
        "FID" : 46,
        "PMNTN_SPOT" : 73914,
        "MNTN_CODE" : "264100201",
        "MANAGE_SP1" : "02",
        "MANAGE_SP2" : "분기점",
        "DETAIL_SPO" : "분기점",
        "ETC_MATTER" : " ",
        "MNTN_NM" : "윤산",
        "PAST_SPOT_" : "12029902000047",
        "MNTN_ID" : "1202990200"
      },
      "geometry" : {
        "x" : 390934.03640005458,
        "y" : 295418.41820000485
      }
    },
    {
      "attributes" : {
        "FID" : 47,
        "PMNTN_SPOT" : 73915,
        "MNTN_CODE" : "264100201",
        "MANAGE_SP1" : "02",
        "MANAGE_SP2" : "분기점",
        "DETAIL_SPO" : "분기점",
        "ETC_MATTER" : " ",
        "MNTN_NM" : "윤산",
        "PAST_SPOT_" : "12029902000048",
        "MNTN_ID" : "1202990200"
      },
      "geometry" : {
        "x" : 390940.47530005686,
        "y" : 294848.92260000482
      }
    },
    {
      "attributes" : {
        "FID" : 48,
        "PMNTN_SPOT" : 73916,
        "MNTN_CODE" : "264100201",
        "MANAGE_SP1" : "02",
        "MANAGE_SP2" : "분기점",
        "DETAIL_SPO" : "분기점",
        "ETC_MATTER" : " ",
        "MNTN_NM" : "윤산",
        "PAST_SPOT_" : "12029902000049",
        "MNTN_ID" : "1202990200"
      },
      "geometry" : {
        "x" : 390951.29030005727,
        "y" : 293662.50220000744
      }
    },
    {
      "attributes" : {
        "FID" : 49,
        "PMNTN_SPOT" : 73917,
        "MNTN_CODE" : "264100201",
        "MANAGE_SP1" : "02",
        "MANAGE_SP2" : "분기점",
        "DETAIL_SPO" : "분기점",
        "ETC_MATTER" : " ",
        "MNTN_NM" : "윤산",
        "PAST_SPOT_" : "12029902000050",
        "MNTN_ID" : "1202990200"
      },
      "geometry" : {
        "x" : 390978.52130005695,
        "y" : 293719.89690000378
      }
    },
    {
      "attributes" : {
        "FID" : 50,
        "PMNTN_SPOT" : 73918,
        "MNTN_CODE" : "264100201",
        "MANAGE_SP1" : "02",
        "MANAGE_SP2" : "분기점",
        "DETAIL_SPO" : "분기점",
        "ETC_MATTER" : " ",
        "MNTN_NM" : "윤산",
        "PAST_SPOT_" : "12029902000051",
        "MNTN_ID" : "1202990200"
      },
      "geometry" : {
        "x" : 390990.37560005672,
        "y" : 293728.99930000678
      }
    },
    {
      "attributes" : {
        "FID" : 51,
        "PMNTN_SPOT" : 73919,
        "MNTN_CODE" : "264100201",
        "MANAGE_SP1" : "01",
        "MANAGE_SP2" : "시종점",
        "DETAIL_SPO" : "시종점,분기",
        "ETC_MATTER" : " ",
        "MNTN_NM" : "윤산",
        "PAST_SPOT_" : "12029902000052",
        "MNTN_ID" : "1202990200"
      },
      "geometry" : {
        "x" : 391019.25720005482,
        "y" : 294237.44420000538
      }
    },
    {
      "attributes" : {
        "FID" : 52,
        "PMNTN_SPOT" : 73920,
        "MNTN_CODE" : "264100201",
        "MANAGE_SP1" : "02",
        "MANAGE_SP2" : "분기점",
        "DETAIL_SPO" : "분기점",
        "ETC_MATTER" : " ",
        "MNTN_NM" : "윤산",
        "PAST_SPOT_" : "12029902000053",
        "MNTN_ID" : "1202990200"
      },
      "geometry" : {
        "x" : 391034.83730005566,
        "y" : 295415.05370000564
      }
    },
    {
      "attributes" : {
        "FID" : 53,
        "PMNTN_SPOT" : 73921,
        "MNTN_CODE" : "264100201",
        "MANAGE_SP1" : "02",
        "MANAGE_SP2" : "분기점",
        "DETAIL_SPO" : "분기점",
        "ETC_MATTER" : " ",
        "MNTN_NM" : "윤산",
        "PAST_SPOT_" : "12029902000054",
        "MNTN_ID" : "1202990200"
      },
      "geometry" : {
        "x" : 391037.18990005646,
        "y" : 295010.93409999833
      }
    },
    {
      "attributes" : {
        "FID" : 54,
        "PMNTN_SPOT" : 73922,
        "MNTN_CODE" : "264100201",
        "MANAGE_SP1" : "02",
        "MANAGE_SP2" : "분기점",
        "DETAIL_SPO" : "분기점",
        "ETC_MATTER" : " ",
        "MNTN_NM" : "윤산",
        "PAST_SPOT_" : "12029902000055",
        "MNTN_ID" : "1202990200"
      },
      "geometry" : {
        "x" : 391051.96170005854,
        "y" : 294270.14350000769
      }
    },
    {
      "attributes" : {
        "FID" : 55,
        "PMNTN_SPOT" : 73923,
        "MNTN_CODE" : "264100201",
        "MANAGE_SP1" : "01",
        "MANAGE_SP2" : "시종점",
        "DETAIL_SPO" : "시종점",
        "ETC_MATTER" : " ",
        "MNTN_NM" : "윤산",
        "PAST_SPOT_" : "12029902000056",
        "MNTN_ID" : "1202990200"
      },
      "geometry" : {
        "x" : 391063.08210005891,
        "y" : 294163.79759999923
      }
    },
    {
      "attributes" : {
        "FID" : 56,
        "PMNTN_SPOT" : 73924,
        "MNTN_CODE" : "264100201",
        "MANAGE_SP1" : "02",
        "MANAGE_SP2" : "분기점",
        "DETAIL_SPO" : "분기점",
        "ETC_MATTER" : " ",
        "MNTN_NM" : "윤산",
        "PAST_SPOT_" : "12029902000057",
        "MNTN_ID" : "1202990200"
      },
      "geometry" : {
        "x" : 391082.67310005706,
        "y" : 295126.64780000784
      }
    },
    {
      "attributes" : {
        "FID" : 57,
        "PMNTN_SPOT" : 73925,
        "MNTN_CODE" : "264100201",
        "MANAGE_SP1" : "02",
        "MANAGE_SP2" : "분기점",
        "DETAIL_SPO" : "분기점",
        "ETC_MATTER" : " ",
        "MNTN_NM" : "윤산",
        "PAST_SPOT_" : "12029902000058",
        "MNTN_ID" : "1202990200"
      },
      "geometry" : {
        "x" : 391126.48230005614,
        "y" : 294893.41850000061
      }
    },
    {
      "attributes" : {
        "FID" : 58,
        "PMNTN_SPOT" : 73926,
        "MNTN_CODE" : "264100201",
        "MANAGE_SP1" : "01",
        "MANAGE_SP2" : "시종점",
        "DETAIL_SPO" : "시종점,분기",
        "ETC_MATTER" : " ",
        "MNTN_NM" : "윤산",
        "PAST_SPOT_" : "12029902000059",
        "MNTN_ID" : "1202990200"
      },
      "geometry" : {
        "x" : 391133.40580005758,
        "y" : 293626.30270000361
      }
    },
    {
      "attributes" : {
        "FID" : 59,
        "PMNTN_SPOT" : 73927,
        "MNTN_CODE" : "264100201",
        "MANAGE_SP1" : "02",
        "MANAGE_SP2" : "분기점",
        "DETAIL_SPO" : "분기점",
        "ETC_MATTER" : " ",
        "MNTN_NM" : "윤산",
        "PAST_SPOT_" : "12029902000060",
        "MNTN_ID" : "1202990200"
      },
      "geometry" : {
        "x" : 391138.68650005572,
        "y" : 294889.63530000485
      }
    },
    {
      "attributes" : {
        "FID" : 60,
        "PMNTN_SPOT" : 73928,
        "MNTN_CODE" : "264100201",
        "MANAGE_SP1" : "02",
        "MANAGE_SP2" : "분기점",
        "DETAIL_SPO" : "분기점",
        "ETC_MATTER" : " ",
        "MNTN_NM" : "윤산",
        "PAST_SPOT_" : "12029902000061",
        "MNTN_ID" : "1202990200"
      },
      "geometry" : {
        "x" : 391146.84060005099,
        "y" : 295251.98930000328
      }
    },
    {
      "attributes" : {
        "FID" : 61,
        "PMNTN_SPOT" : 73929,
        "MNTN_CODE" : "264100201",
        "MANAGE_SP1" : "02",
        "MANAGE_SP2" : "분기점",
        "DETAIL_SPO" : "분기점",
        "ETC_MATTER" : " ",
        "MNTN_NM" : "윤산",
        "PAST_SPOT_" : "12029902000062",
        "MNTN_ID" : "1202990200"
      },
      "geometry" : {
        "x" : 391168.84500005562,
        "y" : 293786.08890000358
      }
    },
    {
      "attributes" : {
        "FID" : 62,
        "PMNTN_SPOT" : 73930,
        "MNTN_CODE" : "264100201",
        "MANAGE_SP1" : "02",
        "MANAGE_SP2" : "분기점",
        "DETAIL_SPO" : "분기점",
        "ETC_MATTER" : " ",
        "MNTN_NM" : "윤산",
        "PAST_SPOT_" : "12029902000063",
        "MNTN_ID" : "1202990200"
      },
      "geometry" : {
        "x" : 391171.86140005942,
        "y" : 294808.21480000764
      }
    },
    {
      "attributes" : {
        "FID" : 63,
        "PMNTN_SPOT" : 73931,
        "MNTN_CODE" : "264100201",
        "MANAGE_SP1" : "02",
        "MANAGE_SP2" : "분기점",
        "DETAIL_SPO" : "분기점",
        "ETC_MATTER" : " ",
        "MNTN_NM" : "윤산",
        "PAST_SPOT_" : "12029902000064",
        "MNTN_ID" : "1202990200"
      },
      "geometry" : {
        "x" : 391174.63600005582,
        "y" : 294732.54650000483
      }
    },
    {
      "attributes" : {
        "FID" : 64,
        "PMNTN_SPOT" : 73932,
        "MNTN_CODE" : "264100201",
        "MANAGE_SP1" : "02",
        "MANAGE_SP2" : "분기점",
        "DETAIL_SPO" : "분기점",
        "ETC_MATTER" : " ",
        "MNTN_NM" : "윤산",
        "PAST_SPOT_" : "12029902000065",
        "MNTN_ID" : "1202990200"
      },
      "geometry" : {
        "x" : 391184.39510005713,
        "y" : 293798.3954999987
      }
    },
    {
      "attributes" : {
        "FID" : 65,
        "PMNTN_SPOT" : 73933,
        "MNTN_CODE" : "264100201",
        "MANAGE_SP1" : "02",
        "MANAGE_SP2" : "분기점",
        "DETAIL_SPO" : "분기점",
        "ETC_MATTER" : " ",
        "MNTN_NM" : "윤산",
        "PAST_SPOT_" : "12029902000066",
        "MNTN_ID" : "1202990200"
      },
      "geometry" : {
        "x" : 391188.70260005631,
        "y" : 295294.72900000401
      }
    },
    {
      "attributes" : {
        "FID" : 66,
        "PMNTN_SPOT" : 73934,
        "MNTN_CODE" : "264100201",
        "MANAGE_SP1" : "02",
        "MANAGE_SP2" : "분기점",
        "DETAIL_SPO" : "분기점",
        "ETC_MATTER" : " ",
        "MNTN_NM" : "윤산",
        "PAST_SPOT_" : "12029902000067",
        "MNTN_ID" : "1202990200"
      },
      "geometry" : {
        "x" : 391192.00320005696,
        "y" : 294928.79790000431
      }
    },
    {
      "attributes" : {
        "FID" : 67,
        "PMNTN_SPOT" : 73935,
        "MNTN_CODE" : "264100201",
        "MANAGE_SP1" : "01",
        "MANAGE_SP2" : "시종점",
        "DETAIL_SPO" : "시종점",
        "ETC_MATTER" : " ",
        "MNTN_NM" : "윤산",
        "PAST_SPOT_" : "12029902000068",
        "MNTN_ID" : "1202990200"
      },
      "geometry" : {
        "x" : 391193.43420005683,
        "y" : 294745.20049999841
      }
    },
    {
      "attributes" : {
        "FID" : 68,
        "PMNTN_SPOT" : 73936,
        "MNTN_CODE" : "264100201",
        "MANAGE_SP1" : "02",
        "MANAGE_SP2" : "분기점",
        "DETAIL_SPO" : "분기점",
        "ETC_MATTER" : " ",
        "MNTN_NM" : "윤산",
        "PAST_SPOT_" : "12029902000069",
        "MNTN_ID" : "1202990200"
      },
      "geometry" : {
        "x" : 391208.29820005689,
        "y" : 294825.449400004
      }
    },
    {
      "attributes" : {
        "FID" : 69,
        "PMNTN_SPOT" : 73937,
        "MNTN_CODE" : "264100201",
        "MANAGE_SP1" : "02",
        "MANAGE_SP2" : "분기점",
        "DETAIL_SPO" : "분기점",
        "ETC_MATTER" : " ",
        "MNTN_NM" : "윤산",
        "PAST_SPOT_" : "12029902000070",
        "MNTN_ID" : "1202990200"
      },
      "geometry" : {
        "x" : 391235.5664000567,
        "y" : 295055.70490000397
      }
    },
    {
      "attributes" : {
        "FID" : 70,
        "PMNTN_SPOT" : 73938,
        "MNTN_CODE" : "264100201",
        "MANAGE_SP1" : "01",
        "MANAGE_SP2" : "시종점",
        "DETAIL_SPO" : "시종점,분기",
        "ETC_MATTER" : " ",
        "MNTN_NM" : "윤산",
        "PAST_SPOT_" : "12029902000071",
        "MNTN_ID" : "1202990200"
      },
      "geometry" : {
        "x" : 391252.62040005624,
        "y" : 293699.33090000413
      }
    },
    {
      "attributes" : {
        "FID" : 71,
        "PMNTN_SPOT" : 73939,
        "MNTN_CODE" : "264100201",
        "MANAGE_SP1" : "02",
        "MANAGE_SP2" : "분기점",
        "DETAIL_SPO" : "분기점",
        "ETC_MATTER" : " ",
        "MNTN_NM" : "윤산",
        "PAST_SPOT_" : "12029902000072",
        "MNTN_ID" : "1202990200"
      },
      "geometry" : {
        "x" : 391260.08260005619,
        "y" : 293868.00880000554
      }
    },
    {
      "attributes" : {
        "FID" : 72,
        "PMNTN_SPOT" : 73940,
        "MNTN_CODE" : "264100201",
        "MANAGE_SP1" : "07",
        "MANAGE_SP2" : "시설물(운동기구 등)",
        "DETAIL_SPO" : "체육시설",
        "ETC_MATTER" : " ",
        "MNTN_NM" : "윤산",
        "PAST_SPOT_" : "12029902000073",
        "MNTN_ID" : "1202990200"
      },
      "geometry" : {
        "x" : 391291.5209000539,
        "y" : 294249.9222000055
      }
    },
    {
      "attributes" : {
        "FID" : 73,
        "PMNTN_SPOT" : 73941,
        "MNTN_CODE" : "264100201",
        "MANAGE_SP1" : "07",
        "MANAGE_SP2" : "시설물(운동기구 등)",
        "DETAIL_SPO" : "체육시설",
        "ETC_MATTER" : " ",
        "MNTN_NM" : "윤산",
        "PAST_SPOT_" : "12029902000074",
        "MNTN_ID" : "1202990200"
      },
      "geometry" : {
        "x" : 391298.13660005666,
        "y" : 294213.86090000346
      }
    },
    {
      "attributes" : {
        "FID" : 74,
        "PMNTN_SPOT" : 73942,
        "MNTN_CODE" : "264100201",
        "MANAGE_SP1" : "02",
        "MANAGE_SP2" : "분기점",
        "DETAIL_SPO" : "분기점",
        "ETC_MATTER" : " ",
        "MNTN_NM" : "윤산",
        "PAST_SPOT_" : "12029902000075",
        "MNTN_ID" : "1202990200"
      },
      "geometry" : {
        "x" : 391329.90220005717,
        "y" : 294689.53320000693
      }
    },
    {
      "attributes" : {
        "FID" : 75,
        "PMNTN_SPOT" : 73943,
        "MNTN_CODE" : "264100201",
        "MANAGE_SP1" : "02",
        "MANAGE_SP2" : "분기점",
        "DETAIL_SPO" : "분기점",
        "ETC_MATTER" : " ",
        "MNTN_NM" : "윤산",
        "PAST_SPOT_" : "12029902000076",
        "MNTN_ID" : "1202990200"
      },
      "geometry" : {
        "x" : 391336.16840005666,
        "y" : 294975.51120000705
      }
    },
    {
      "attributes" : {
        "FID" : 76,
        "PMNTN_SPOT" : 73944,
        "MNTN_CODE" : "264100201",
        "MANAGE_SP1" : "02",
        "MANAGE_SP2" : "분기점",
        "DETAIL_SPO" : "분기점",
        "ETC_MATTER" : " ",
        "MNTN_NM" : "윤산",
        "PAST_SPOT_" : "12029902000077",
        "MNTN_ID" : "1202990200"
      },
      "geometry" : {
        "x" : 391365.63710005581,
        "y" : 294081.02040000632
      }
    },
    {
      "attributes" : {
        "FID" : 77,
        "PMNTN_SPOT" : 73945,
        "MNTN_CODE" : "264100201",
        "MANAGE_SP1" : "02",
        "MANAGE_SP2" : "분기점",
        "DETAIL_SPO" : "분기점",
        "ETC_MATTER" : " ",
        "MNTN_NM" : "윤산",
        "PAST_SPOT_" : "12029902000078",
        "MNTN_ID" : "1202990200"
      },
      "geometry" : {
        "x" : 391366.07950005587,
        "y" : 294096.89570000581
      }
    },
    {
      "attributes" : {
        "FID" : 78,
        "PMNTN_SPOT" : 73946,
        "MNTN_CODE" : "264100201",
        "MANAGE_SP1" : "02",
        "MANAGE_SP2" : "분기점",
        "DETAIL_SPO" : "분기점",
        "ETC_MATTER" : " ",
        "MNTN_NM" : "윤산",
        "PAST_SPOT_" : "12029902000079",
        "MNTN_ID" : "1202990200"
      },
      "geometry" : {
        "x" : 391368.83530005626,
        "y" : 294084.06299999729
      }
    },
    {
      "attributes" : {
        "FID" : 79,
        "PMNTN_SPOT" : 73947,
        "MNTN_CODE" : "264100201",
        "MANAGE_SP1" : "01",
        "MANAGE_SP2" : "시종점",
        "DETAIL_SPO" : "시종점,분기",
        "ETC_MATTER" : " ",
        "MNTN_NM" : "윤산",
        "PAST_SPOT_" : "12029902000080",
        "MNTN_ID" : "1202990200"
      },
      "geometry" : {
        "x" : 391374.43400005344,
        "y" : 293706.2588000074
      }
    },
    {
      "attributes" : {
        "FID" : 80,
        "PMNTN_SPOT" : 73948,
        "MNTN_CODE" : "264100201",
        "MANAGE_SP1" : "02",
        "MANAGE_SP2" : "분기점",
        "DETAIL_SPO" : "분기점",
        "ETC_MATTER" : " ",
        "MNTN_NM" : "윤산",
        "PAST_SPOT_" : "12029902000081",
        "MNTN_ID" : "1202990200"
      },
      "geometry" : {
        "x" : 391394.448900057,
        "y" : 295380.88150000758
      }
    },
    {
      "attributes" : {
        "FID" : 81,
        "PMNTN_SPOT" : 73949,
        "MNTN_CODE" : "264100201",
        "MANAGE_SP1" : "02",
        "MANAGE_SP2" : "분기점",
        "DETAIL_SPO" : "분기점",
        "ETC_MATTER" : " ",
        "MNTN_NM" : "윤산",
        "PAST_SPOT_" : "12029902000082",
        "MNTN_ID" : "1202990200"
      },
      "geometry" : {
        "x" : 391397.96890005562,
        "y" : 294278.37260000594
      }
    },
    {
      "attributes" : {
        "FID" : 82,
        "PMNTN_SPOT" : 73950,
        "MNTN_CODE" : "264100201",
        "MANAGE_SP1" : "02",
        "MANAGE_SP2" : "분기점",
        "DETAIL_SPO" : "분기점",
        "ETC_MATTER" : " ",
        "MNTN_NM" : "윤산",
        "PAST_SPOT_" : "12029902000083",
        "MNTN_ID" : "1202990200"
      },
      "geometry" : {
        "x" : 391410.85830005724,
        "y" : 294717.91439999826
      }
    },
    {
      "attributes" : {
        "FID" : 83,
        "PMNTN_SPOT" : 73951,
        "MNTN_CODE" : "264100201",
        "MANAGE_SP1" : "02",
        "MANAGE_SP2" : "분기점",
        "DETAIL_SPO" : "분기점",
        "ETC_MATTER" : " ",
        "MNTN_NM" : "윤산",
        "PAST_SPOT_" : "12029902000084",
        "MNTN_ID" : "1202990200"
      },
      "geometry" : {
        "x" : 391415.08900005929,
        "y" : 294764.15430000611
      }
    },
    {
      "attributes" : {
        "FID" : 84,
        "PMNTN_SPOT" : 73952,
        "MNTN_CODE" : "264100201",
        "MANAGE_SP1" : "01",
        "MANAGE_SP2" : "시종점",
        "DETAIL_SPO" : "시종점",
        "ETC_MATTER" : " ",
        "MNTN_NM" : "윤산",
        "PAST_SPOT_" : "12029902000085",
        "MNTN_ID" : "1202990200"
      },
      "geometry" : {
        "x" : 391416.08190005552,
        "y" : 296599.53640000522
      }
    },
    {
      "attributes" : {
        "FID" : 85,
        "PMNTN_SPOT" : 73953,
        "MNTN_CODE" : "264100201",
        "MANAGE_SP1" : "02",
        "MANAGE_SP2" : "분기점",
        "DETAIL_SPO" : "분기점",
        "ETC_MATTER" : " ",
        "MNTN_NM" : "윤산",
        "PAST_SPOT_" : "12029902000086",
        "MNTN_ID" : "1202990200"
      },
      "geometry" : {
        "x" : 391419.63790005725,
        "y" : 294136.18280000798
      }
    },
    {
      "attributes" : {
        "FID" : 86,
        "PMNTN_SPOT" : 73954,
        "MNTN_CODE" : "264100201",
        "MANAGE_SP1" : "02",
        "MANAGE_SP2" : "분기점",
        "DETAIL_SPO" : "분기점",
        "ETC_MATTER" : " ",
        "MNTN_NM" : "윤산",
        "PAST_SPOT_" : "12029902000087",
        "MNTN_ID" : "1202990200"
      },
      "geometry" : {
        "x" : 391420.02040005662,
        "y" : 294654.9912000075
      }
    },
    {
      "attributes" : {
        "FID" : 87,
        "PMNTN_SPOT" : 73955,
        "MNTN_CODE" : "264100201",
        "MANAGE_SP1" : "02",
        "MANAGE_SP2" : "분기점",
        "DETAIL_SPO" : "분기점",
        "ETC_MATTER" : " ",
        "MNTN_NM" : "윤산",
        "PAST_SPOT_" : "12029902000088",
        "MNTN_ID" : "1202990200"
      },
      "geometry" : {
        "x" : 391466.70240005758,
        "y" : 293793.27480000816
      }
    },
    {
      "attributes" : {
        "FID" : 88,
        "PMNTN_SPOT" : 73956,
        "MNTN_CODE" : "264100201",
        "MANAGE_SP1" : "02",
        "MANAGE_SP2" : "분기점",
        "DETAIL_SPO" : "분기점",
        "ETC_MATTER" : " ",
        "MNTN_NM" : "윤산",
        "PAST_SPOT_" : "12029902000089",
        "MNTN_ID" : "1202990200"
      },
      "geometry" : {
        "x" : 391489.76910005603,
        "y" : 294547.79210000671
      }
    },
    {
      "attributes" : {
        "FID" : 89,
        "PMNTN_SPOT" : 73957,
        "MNTN_CODE" : "264100201",
        "MANAGE_SP1" : "02",
        "MANAGE_SP2" : "분기점",
        "DETAIL_SPO" : "분기점",
        "ETC_MATTER" : " ",
        "MNTN_NM" : "윤산",
        "PAST_SPOT_" : "12029902000090",
        "MNTN_ID" : "1202990200"
      },
      "geometry" : {
        "x" : 391498.52250005677,
        "y" : 295386.13800000772
      }
    },
    {
      "attributes" : {
        "FID" : 90,
        "PMNTN_SPOT" : 73958,
        "MNTN_CODE" : "264100201",
        "MANAGE_SP1" : "99",
        "MANAGE_SP2" : "기타",
        "DETAIL_SPO" : "윤산",
        "ETC_MATTER" : " ",
        "MNTN_NM" : "윤산",
        "PAST_SPOT_" : "12029902000091",
        "MNTN_ID" : "1202990200"
      },
      "geometry" : {
        "x" : 391512.53690006118,
        "y" : 294626.6986000035
      }
    },
    {
      "attributes" : {
        "FID" : 91,
        "PMNTN_SPOT" : 73959,
        "MNTN_CODE" : "264100201",
        "MANAGE_SP1" : "02",
        "MANAGE_SP2" : "분기점",
        "DETAIL_SPO" : "분기점",
        "ETC_MATTER" : " ",
        "MNTN_NM" : "윤산",
        "PAST_SPOT_" : "12029902000092",
        "MNTN_ID" : "1202990200"
      },
      "geometry" : {
        "x" : 391525.540500056,
        "y" : 296210.17250000313
      }
    },
    {
      "attributes" : {
        "FID" : 92,
        "PMNTN_SPOT" : 73960,
        "MNTN_CODE" : "264100201",
        "MANAGE_SP1" : "02",
        "MANAGE_SP2" : "분기점",
        "DETAIL_SPO" : "분기점",
        "ETC_MATTER" : " ",
        "MNTN_NM" : "윤산",
        "PAST_SPOT_" : "12029902000093",
        "MNTN_ID" : "1202990200"
      },
      "geometry" : {
        "x" : 391591.34240005538,
        "y" : 293789.28550000302
      }
    },
    {
      "attributes" : {
        "FID" : 93,
        "PMNTN_SPOT" : 73961,
        "MNTN_CODE" : "264100201",
        "MANAGE_SP1" : "02",
        "MANAGE_SP2" : "분기점",
        "DETAIL_SPO" : "분기점",
        "ETC_MATTER" : " ",
        "MNTN_NM" : "윤산",
        "PAST_SPOT_" : "12029902000094",
        "MNTN_ID" : "1202990200"
      },
      "geometry" : {
        "x" : 391617.16000005603,
        "y" : 294006.53320000693
      }
    },
    {
      "attributes" : {
        "FID" : 94,
        "PMNTN_SPOT" : 73962,
        "MNTN_CODE" : "264100201",
        "MANAGE_SP1" : "02",
        "MANAGE_SP2" : "분기점",
        "DETAIL_SPO" : "분기점",
        "ETC_MATTER" : " ",
        "MNTN_NM" : "윤산",
        "PAST_SPOT_" : "12029902000095",
        "MNTN_ID" : "1202990200"
      },
      "geometry" : {
        "x" : 391620.14970005583,
        "y" : 295363.17990000546
      }
    },
    {
      "attributes" : {
        "FID" : 95,
        "PMNTN_SPOT" : 73963,
        "MNTN_CODE" : "264100201",
        "MANAGE_SP1" : "02",
        "MANAGE_SP2" : "분기점",
        "DETAIL_SPO" : "분기점",
        "ETC_MATTER" : " ",
        "MNTN_NM" : "윤산",
        "PAST_SPOT_" : "12029902000096",
        "MNTN_ID" : "1202990200"
      },
      "geometry" : {
        "x" : 391624.97400005534,
        "y" : 293908.58990000188
      }
    },
    {
      "attributes" : {
        "FID" : 96,
        "PMNTN_SPOT" : 73964,
        "MNTN_CODE" : "264100201",
        "MANAGE_SP1" : "02",
        "MANAGE_SP2" : "분기점",
        "DETAIL_SPO" : "분기점",
        "ETC_MATTER" : " ",
        "MNTN_NM" : "윤산",
        "PAST_SPOT_" : "12029902000097",
        "MNTN_ID" : "1202990200"
      },
      "geometry" : {
        "x" : 391625.96160005592,
        "y" : 295402.48230000399
      }
    },
    {
      "attributes" : {
        "FID" : 97,
        "PMNTN_SPOT" : 73965,
        "MNTN_CODE" : "264100201",
        "MANAGE_SP1" : "02",
        "MANAGE_SP2" : "분기점",
        "DETAIL_SPO" : "분기점",
        "ETC_MATTER" : " ",
        "MNTN_NM" : "윤산",
        "PAST_SPOT_" : "12029902000098",
        "MNTN_ID" : "1202990200"
      },
      "geometry" : {
        "x" : 391634.45280005597,
        "y" : 295581.92760000564
      }
    },
    {
      "attributes" : {
        "FID" : 98,
        "PMNTN_SPOT" : 73966,
        "MNTN_CODE" : "264100201",
        "MANAGE_SP1" : "02",
        "MANAGE_SP2" : "분기점",
        "DETAIL_SPO" : "분기점",
        "ETC_MATTER" : " ",
        "MNTN_NM" : "윤산",
        "PAST_SPOT_" : "12029902000099",
        "MNTN_ID" : "1202990200"
      },
      "geometry" : {
        "x" : 391642.31510005705,
        "y" : 293840.0024000071
      }
    },
    {
      "attributes" : {
        "FID" : 99,
        "PMNTN_SPOT" : 73967,
        "MNTN_CODE" : "264100201",
        "MANAGE_SP1" : "02",
        "MANAGE_SP2" : "분기점",
        "DETAIL_SPO" : "분기점",
        "ETC_MATTER" : " ",
        "MNTN_NM" : "윤산",
        "PAST_SPOT_" : "12029902000100",
        "MNTN_ID" : "1202990200"
      },
      "geometry" : {
        "x" : 391645.6228000531,
        "y" : 293916.08819999732
      }
    },
    {
      "attributes" : {
        "FID" : 100,
        "PMNTN_SPOT" : 73968,
        "MNTN_CODE" : "264100201",
        "MANAGE_SP1" : "02",
        "MANAGE_SP2" : "분기점",
        "DETAIL_SPO" : "분기점",
        "ETC_MATTER" : " ",
        "MNTN_NM" : "윤산",
        "PAST_SPOT_" : "12029902000101",
        "MNTN_ID" : "1202990200"
      },
      "geometry" : {
        "x" : 391660.54210005607,
        "y" : 294044.58860000782
      }
    },
    {
      "attributes" : {
        "FID" : 101,
        "PMNTN_SPOT" : 73969,
        "MNTN_CODE" : "264100201",
        "MANAGE_SP1" : "02",
        "MANAGE_SP2" : "분기점",
        "DETAIL_SPO" : "분기점",
        "ETC_MATTER" : " ",
        "MNTN_NM" : "윤산",
        "PAST_SPOT_" : "12029902000102",
        "MNTN_ID" : "1202990200"
      },
      "geometry" : {
        "x" : 391675.50640005618,
        "y" : 294328.71870000288
      }
    },
    {
      "attributes" : {
        "FID" : 102,
        "PMNTN_SPOT" : 73970,
        "MNTN_CODE" : "264100201",
        "MANAGE_SP1" : "02",
        "MANAGE_SP2" : "분기점",
        "DETAIL_SPO" : "분기점",
        "ETC_MATTER" : " ",
        "MNTN_NM" : "윤산",
        "PAST_SPOT_" : "12029902000103",
        "MNTN_ID" : "1202990200"
      },
      "geometry" : {
        "x" : 391687.29100005794,
        "y" : 293951.84810000286
      }
    },
    {
      "attributes" : {
        "FID" : 103,
        "PMNTN_SPOT" : 73971,
        "MNTN_CODE" : "264100201",
        "MANAGE_SP1" : "02",
        "MANAGE_SP2" : "분기점",
        "DETAIL_SPO" : "분기점",
        "ETC_MATTER" : " ",
        "MNTN_NM" : "윤산",
        "PAST_SPOT_" : "12029902000104",
        "MNTN_ID" : "1202990200"
      },
      "geometry" : {
        "x" : 391695.26370005682,
        "y" : 294289.82750000432
      }
    },
    {
      "attributes" : {
        "FID" : 104,
        "PMNTN_SPOT" : 73972,
        "MNTN_CODE" : "264100201",
        "MANAGE_SP1" : "02",
        "MANAGE_SP2" : "분기점",
        "DETAIL_SPO" : "분기점",
        "ETC_MATTER" : " ",
        "MNTN_NM" : "윤산",
        "PAST_SPOT_" : "12029902000105",
        "MNTN_ID" : "1202990200"
      },
      "geometry" : {
        "x" : 391699.23100005649,
        "y" : 293999.30150000565
      }
    },
    {
      "attributes" : {
        "FID" : 105,
        "PMNTN_SPOT" : 73973,
        "MNTN_CODE" : "264100201",
        "MANAGE_SP1" : "02",
        "MANAGE_SP2" : "분기점",
        "DETAIL_SPO" : "분기점",
        "ETC_MATTER" : " ",
        "MNTN_NM" : "윤산",
        "PAST_SPOT_" : "12029902000106",
        "MNTN_ID" : "1202990200"
      },
      "geometry" : {
        "x" : 391737.3231000565,
        "y" : 293750.81599999964
      }
    },
    {
      "attributes" : {
        "FID" : 106,
        "PMNTN_SPOT" : 73974,
        "MNTN_CODE" : "264100201",
        "MANAGE_SP1" : "01",
        "MANAGE_SP2" : "시종점",
        "DETAIL_SPO" : "시종점,분기",
        "ETC_MATTER" : " ",
        "MNTN_NM" : "윤산",
        "PAST_SPOT_" : "12029902000107",
        "MNTN_ID" : "1202990200"
      },
      "geometry" : {
        "x" : 391747.67620005552,
        "y" : 296595.1853000056
      }
    },
    {
      "attributes" : {
        "FID" : 107,
        "PMNTN_SPOT" : 73975,
        "MNTN_CODE" : "264100201",
        "MANAGE_SP1" : "02",
        "MANAGE_SP2" : "분기점",
        "DETAIL_SPO" : "분기점",
        "ETC_MATTER" : " ",
        "MNTN_NM" : "윤산",
        "PAST_SPOT_" : "12029902000108",
        "MNTN_ID" : "1202990200"
      },
      "geometry" : {
        "x" : 391760.2203000579,
        "y" : 295546.50280000642
      }
    },
    {
      "attributes" : {
        "FID" : 108,
        "PMNTN_SPOT" : 73976,
        "MNTN_CODE" : "264100201",
        "MANAGE_SP1" : "02",
        "MANAGE_SP2" : "분기점",
        "DETAIL_SPO" : "분기점",
        "ETC_MATTER" : " ",
        "MNTN_NM" : "윤산",
        "PAST_SPOT_" : "12029902000109",
        "MNTN_ID" : "1202990200"
      },
      "geometry" : {
        "x" : 391762.10800005589,
        "y" : 296167.32760000415
      }
    },
    {
      "attributes" : {
        "FID" : 109,
        "PMNTN_SPOT" : 73977,
        "MNTN_CODE" : "264100201",
        "MANAGE_SP1" : "02",
        "MANAGE_SP2" : "분기점",
        "DETAIL_SPO" : "분기점",
        "ETC_MATTER" : " ",
        "MNTN_NM" : "윤산",
        "PAST_SPOT_" : "12029902000110",
        "MNTN_ID" : "1202990200"
      },
      "geometry" : {
        "x" : 391769.9471000582,
        "y" : 294419.38160000741
      }
    },
    {
      "attributes" : {
        "FID" : 110,
        "PMNTN_SPOT" : 73978,
        "MNTN_CODE" : "264100201",
        "MANAGE_SP1" : "07",
        "MANAGE_SP2" : "시설물(운동기구 등)",
        "DETAIL_SPO" : "체육시설",
        "ETC_MATTER" : " ",
        "MNTN_NM" : "윤산",
        "PAST_SPOT_" : "12029902000111",
        "MNTN_ID" : "1202990200"
      },
      "geometry" : {
        "x" : 391800.80600005575,
        "y" : 294557.48580000736
      }
    },
    {
      "attributes" : {
        "FID" : 111,
        "PMNTN_SPOT" : 73979,
        "MNTN_CODE" : "264100201",
        "MANAGE_SP1" : "02",
        "MANAGE_SP2" : "분기점",
        "DETAIL_SPO" : "분기점",
        "ETC_MATTER" : " ",
        "MNTN_NM" : "윤산",
        "PAST_SPOT_" : "12029902000112",
        "MNTN_ID" : "1202990200"
      },
      "geometry" : {
        "x" : 391823.90530005563,
        "y" : 295856.1145000048
      }
    },
    {
      "attributes" : {
        "FID" : 112,
        "PMNTN_SPOT" : 73980,
        "MNTN_CODE" : "264100201",
        "MANAGE_SP1" : "02",
        "MANAGE_SP2" : "분기점",
        "DETAIL_SPO" : "분기점",
        "ETC_MATTER" : " ",
        "MNTN_NM" : "윤산",
        "PAST_SPOT_" : "12029902000113",
        "MNTN_ID" : "1202990200"
      },
      "geometry" : {
        "x" : 391837.05500005465,
        "y" : 294608.39470000565
      }
    },
    {
      "attributes" : {
        "FID" : 113,
        "PMNTN_SPOT" : 73981,
        "MNTN_CODE" : "264100201",
        "MANAGE_SP1" : "02",
        "MANAGE_SP2" : "분기점",
        "DETAIL_SPO" : "분기점",
        "ETC_MATTER" : " ",
        "MNTN_NM" : "윤산",
        "PAST_SPOT_" : "12029902000114",
        "MNTN_ID" : "1202990200"
      },
      "geometry" : {
        "x" : 391903.7978000585,
        "y" : 294667.432099998
      }
    },
    {
      "attributes" : {
        "FID" : 114,
        "PMNTN_SPOT" : 73982,
        "MNTN_CODE" : "264100201",
        "MANAGE_SP1" : "02",
        "MANAGE_SP2" : "분기점",
        "DETAIL_SPO" : "분기점",
        "ETC_MATTER" : " ",
        "MNTN_NM" : "윤산",
        "PAST_SPOT_" : "12029902000115",
        "MNTN_ID" : "1202990200"
      },
      "geometry" : {
        "x" : 391919.71900005639,
        "y" : 294639.19320000708
      }
    },
    {
      "attributes" : {
        "FID" : 115,
        "PMNTN_SPOT" : 73983,
        "MNTN_CODE" : "264100201",
        "MANAGE_SP1" : "99",
        "MANAGE_SP2" : "기타",
        "DETAIL_SPO" : "길막힘",
        "ETC_MATTER" : " ",
        "MNTN_NM" : "윤산",
        "PAST_SPOT_" : "12029902000116",
        "MNTN_ID" : "1202990200"
      },
      "geometry" : {
        "x" : 392071.41580005921,
        "y" : 294184.59630000778
      }
    },
    {
      "attributes" : {
        "FID" : 116,
        "PMNTN_SPOT" : 73984,
        "MNTN_CODE" : "264100201",
        "MANAGE_SP1" : "02",
        "MANAGE_SP2" : "분기점",
        "DETAIL_SPO" : "분기점",
        "ETC_MATTER" : " ",
        "MNTN_NM" : "윤산",
        "PAST_SPOT_" : "12029902000117",
        "MNTN_ID" : "1202990200"
      },
      "geometry" : {
        "x" : 392160.15180005319,
        "y" : 293878.98620000295
      }
    },
    {
      "attributes" : {
        "FID" : 117,
        "PMNTN_SPOT" : 73985,
        "MNTN_CODE" : "264100201",
        "MANAGE_SP1" : "01",
        "MANAGE_SP2" : "시종점",
        "DETAIL_SPO" : "시종점",
        "ETC_MATTER" : " ",
        "MNTN_NM" : "윤산",
        "PAST_SPOT_" : "12029902000118",
        "MNTN_ID" : "1202990200"
      },
      "geometry" : {
        "x" : 392212.814500059,
        "y" : 293837.56170000508
      }
    },
    {
      "attributes" : {
        "FID" : 118,
        "PMNTN_SPOT" : 73986,
        "MNTN_CODE" : "264100201",
        "MANAGE_SP1" : "02",
        "MANAGE_SP2" : "분기점",
        "DETAIL_SPO" : "분기점",
        "ETC_MATTER" : " ",
        "MNTN_NM" : "윤산",
        "PAST_SPOT_" : "12029902000119",
        "MNTN_ID" : "1202990200"
      },
      "geometry" : {
        "x" : 392249.66080005839,
        "y" : 294235.16710000671
      }
    },
    {
      "attributes" : {
        "FID" : 119,
        "PMNTN_SPOT" : 73987,
        "MNTN_CODE" : "264100201",
        "MANAGE_SP1" : "02",
        "MANAGE_SP2" : "분기점",
        "DETAIL_SPO" : "분기점",
        "ETC_MATTER" : " ",
        "MNTN_NM" : "윤산",
        "PAST_SPOT_" : "12029902000120",
        "MNTN_ID" : "1202990200"
      },
      "geometry" : {
        "x" : 392250.37200005818,
        "y" : 294019.52380000614
      }
    },
    {
      "attributes" : {
        "FID" : 120,
        "PMNTN_SPOT" : 73988,
        "MNTN_CODE" : "264100201",
        "MANAGE_SP1" : "14",
        "MANAGE_SP2" : "조망점",
        "DETAIL_SPO" : "조망점",
        "ETC_MATTER" : " ",
        "MNTN_NM" : "윤산",
        "PAST_SPOT_" : "12029902000121",
        "MNTN_ID" : "1202990200"
      },
      "geometry" : {
        "x" : 392342.4610000588,
        "y" : 296026.24789999984
      }
    },
    {
      "attributes" : {
        "FID" : 121,
        "PMNTN_SPOT" : 73989,
        "MNTN_CODE" : "264100201",
        "MANAGE_SP1" : "01",
        "MANAGE_SP2" : "시종점",
        "DETAIL_SPO" : "시종점",
        "ETC_MATTER" : " ",
        "MNTN_NM" : "윤산",
        "PAST_SPOT_" : "12029902000122",
        "MNTN_ID" : "1202990200"
      },
      "geometry" : {
        "x" : 392398.35650006123,
        "y" : 294120.61280000582
      }
    },
    {
      "attributes" : {
        "FID" : 122,
        "PMNTN_SPOT" : 73990,
        "MNTN_CODE" : "264100201",
        "MANAGE_SP1" : "01",
        "MANAGE_SP2" : "시종점",
        "DETAIL_SPO" : "시종점,분기",
        "ETC_MATTER" : " ",
        "MNTN_NM" : "윤산",
        "PAST_SPOT_" : "12029902000123",
        "MNTN_ID" : "1202990200"
      },
      "geometry" : {
        "x" : 392468.79660005774,
        "y" : 294326.91209999844
      }
    },
    {
      "attributes" : {
        "FID" : 123,
        "PMNTN_SPOT" : 73991,
        "MNTN_CODE" : "264100201",
        "MANAGE_SP1" : "01",
        "MANAGE_SP2" : "시종점",
        "DETAIL_SPO" : "시종점,분기",
        "ETC_MATTER" : " ",
        "MNTN_NM" : "윤산",
        "PAST_SPOT_" : "12029902000124",
        "MNTN_ID" : "1202990200"
      },
      "geometry" : {
        "x" : 392648.27630005963,
        "y" : 294658.90110000595
      }
    }
  ]
}