{
  "displayFieldName" : "",
  "fieldAliases" : {
    "FID" : "FID",
    "PMNTN_SPOT" : "PMNTN_SPOT",
    "MNTN_CODE" : "MNTN_CODE",
    "MANAGE_SP1" : "MANAGE_SP1",
    "MANAGE_SP2" : "MANAGE_SP2",
    "DETAIL_SPO" : "DETAIL_SPO",
    "ETC_MATTER" : "ETC_MATTER",
    "MNTN_NM" : "MNTN_NM",
    "PAST_SPOT_" : "PAST_SPOT_",
    "MNTN_ID" : "MNTN_ID"
  },
  "geometryType" : "esriGeometryPoint",
  "spatialReference" : {
    "wkt" : "PROJCS[\"PCS_ITRF2000_TM\",GEOGCS[\"GCS_ITRF_2000\",DATUM[\"D_ITRF_2000\",SPHEROID[\"GRS_1980\",6378137.0,298.257222101]],PRIMEM[\"Greenwich\",0.0],UNIT[\"Degree\",0.0174532925199433]],PROJECTION[\"Transverse_Mercator\"],PARAMETER[\"False_Easting\",200000.0],PARAMETER[\"False_Northing\",600000.0],PARAMETER[\"Central_Meridian\",127.0],PARAMETER[\"Scale_Factor\",1.0],PARAMETER[\"Latitude_Of_Origin\",38.0],UNIT[\"Meter\",1.0]]"
  },
  "fields" : [
    {
      "name" : "FID",
      "type" : "esriFieldTypeOID",
      "alias" : "FID"
    },
    {
      "name" : "PMNTN_SPOT",
      "type" : "esriFieldTypeDouble",
      "alias" : "PMNTN_SPOT"
    },
    {
      "name" : "MNTN_CODE",
      "type" : "esriFieldTypeString",
      "alias" : "MNTN_CODE",
      "length" : 9
    },
    {
      "name" : "MANAGE_SP1",
      "type" : "esriFieldTypeString",
      "alias" : "MANAGE_SP1",
      "length" : 2
    },
    {
      "name" : "MANAGE_SP2",
      "type" : "esriFieldTypeString",
      "alias" : "MANAGE_SP2",
      "length" : 50
    },
    {
      "name" : "DETAIL_SPO",
      "type" : "esriFieldTypeString",
      "alias" : "DETAIL_SPO",
      "length" : 200
    },
    {
      "name" : "ETC_MATTER",
      "type" : "esriFieldTypeString",
      "alias" : "ETC_MATTER",
      "length" : 200
    },
    {
      "name" : "MNTN_NM",
      "type" : "esriFieldTypeString",
      "alias" : "MNTN_NM",
      "length" : 50
    },
    {
      "name" : "PAST_SPOT_",
      "type" : "esriFieldTypeString",
      "alias" : "PAST_SPOT_",
      "length" : 14
    },
    {
      "name" : "MNTN_ID",
      "type" : "esriFieldTypeString",
      "alias" : "MNTN_ID",
      "length" : 10
    }
  ],
  "features" : [
    {
      "attributes" : {
        "FID" : 0,
        "PMNTN_SPOT" : 71859,
        "MNTN_CODE" : "488604601",
        "MANAGE_SP1" : "11",
        "MANAGE_SP2" : "안내판또는지도",
        "DETAIL_SPO" : "내리저수지(등산안내판, 주차장, 화",
        "ETC_MATTER" : " ",
        "MNTN_NM" : "웅석봉",
        "PAST_SPOT_" : "28090343000001",
        "MNTN_ID" : "2809034300"
      },
      "geometry" : {
        "x" : 279797.9603789812,
        "y" : 310466.61959731579
      }
    },
    {
      "attributes" : {
        "FID" : 1,
        "PMNTN_SPOT" : 71860,
        "MNTN_CODE" : "488604601",
        "MANAGE_SP1" : "18",
        "MANAGE_SP2" : "주차장",
        "DETAIL_SPO" : "백운계곡 주차장",
        "ETC_MATTER" : " ",
        "MNTN_NM" : "웅석봉",
        "PAST_SPOT_" : "28090343000002",
        "MNTN_ID" : "2809034300"
      },
      "geometry" : {
        "x" : 280659.8021100983,
        "y" : 300235.63097142801
      }
    },
    {
      "attributes" : {
        "FID" : 2,
        "PMNTN_SPOT" : 71861,
        "MNTN_CODE" : "488604601",
        "MANAGE_SP1" : "99",
        "MANAGE_SP2" : "기타",
        "DETAIL_SPO" : "지곡사",
        "ETC_MATTER" : " ",
        "MNTN_NM" : "웅석봉",
        "PAST_SPOT_" : "28090343000003",
        "MNTN_ID" : "2809034300"
      },
      "geometry" : {
        "x" : 279713.49623930175,
        "y" : 310396.37653684616
      }
    },
    {
      "attributes" : {
        "FID" : 3,
        "PMNTN_SPOT" : 71862,
        "MNTN_CODE" : "488604601",
        "MANAGE_SP1" : "99",
        "MANAGE_SP2" : "기타",
        "DETAIL_SPO" : "심적사입구",
        "ETC_MATTER" : " ",
        "MNTN_NM" : "웅석봉",
        "PAST_SPOT_" : "28090343000004",
        "MNTN_ID" : "2809034300"
      },
      "geometry" : {
        "x" : 279548.25535408594,
        "y" : 310086.85393219814
      }
    },
    {
      "attributes" : {
        "FID" : 4,
        "PMNTN_SPOT" : 71863,
        "MNTN_CODE" : "488604601",
        "MANAGE_SP1" : "99",
        "MANAGE_SP2" : "기타",
        "DETAIL_SPO" : "용문폭포",
        "ETC_MATTER" : " ",
        "MNTN_NM" : "웅석봉",
        "PAST_SPOT_" : "28090343000005",
        "MNTN_ID" : "2809034300"
      },
      "geometry" : {
        "x" : 280050.20009069145,
        "y" : 300391.08899879083
      }
    },
    {
      "attributes" : {
        "FID" : 5,
        "PMNTN_SPOT" : 71864,
        "MNTN_CODE" : "488604601",
        "MANAGE_SP1" : "10",
        "MANAGE_SP2" : "이정표",
        "DETAIL_SPO" : "선녀탕(이정표)",
        "ETC_MATTER" : " ",
        "MNTN_NM" : "웅석봉",
        "PAST_SPOT_" : "28090343000006",
        "MNTN_ID" : "2809034300"
      },
      "geometry" : {
        "x" : 279452.07188079506,
        "y" : 309567.21550341882
      }
    },
    {
      "attributes" : {
        "FID" : 6,
        "PMNTN_SPOT" : 71865,
        "MNTN_CODE" : "488604601",
        "MANAGE_SP1" : "99",
        "MANAGE_SP2" : "기타",
        "DETAIL_SPO" : "목계단",
        "ETC_MATTER" : " ",
        "MNTN_NM" : "웅석봉",
        "PAST_SPOT_" : "28090343000007",
        "MNTN_ID" : "2809034300"
      },
      "geometry" : {
        "x" : 279128.11071465258,
        "y" : 309258.20184614696
      }
    },
    {
      "attributes" : {
        "FID" : 7,
        "PMNTN_SPOT" : 71866,
        "MNTN_CODE" : "488604601",
        "MANAGE_SP1" : "99",
        "MANAGE_SP2" : "기타",
        "DETAIL_SPO" : "나무다리1",
        "ETC_MATTER" : " ",
        "MNTN_NM" : "웅석봉",
        "PAST_SPOT_" : "28090343000008",
        "MNTN_ID" : "2809034300"
      },
      "geometry" : {
        "x" : 279055.43459567614,
        "y" : 309147.22045537084
      }
    },
    {
      "attributes" : {
        "FID" : 8,
        "PMNTN_SPOT" : 71867,
        "MNTN_CODE" : "488604601",
        "MANAGE_SP1" : "99",
        "MANAGE_SP2" : "기타",
        "DETAIL_SPO" : "나무다리2",
        "ETC_MATTER" : " ",
        "MNTN_NM" : "웅석봉",
        "PAST_SPOT_" : "28090343000009",
        "MNTN_ID" : "2809034300"
      },
      "geometry" : {
        "x" : 278961.66839992069,
        "y" : 308897.77341358736
      }
    },
    {
      "attributes" : {
        "FID" : 9,
        "PMNTN_SPOT" : 71868,
        "MNTN_CODE" : "488604601",
        "MANAGE_SP1" : "10",
        "MANAGE_SP2" : "이정표",
        "DETAIL_SPO" : "왕재(이정표)",
        "ETC_MATTER" : " ",
        "MNTN_NM" : "웅석봉",
        "PAST_SPOT_" : "28090343000010",
        "MNTN_ID" : "2809034300"
      },
      "geometry" : {
        "x" : 278559.93491478264,
        "y" : 308409.78871085867
      }
    },
    {
      "attributes" : {
        "FID" : 10,
        "PMNTN_SPOT" : 71869,
        "MNTN_CODE" : "488604601",
        "MANAGE_SP1" : "10",
        "MANAGE_SP2" : "이정표",
        "DETAIL_SPO" : "갈림길(이정표)",
        "ETC_MATTER" : " ",
        "MNTN_NM" : "웅석봉",
        "PAST_SPOT_" : "28090343000011",
        "MNTN_ID" : "2809034300"
      },
      "geometry" : {
        "x" : 279517.41018813942,
        "y" : 307540.68316533789
      }
    },
    {
      "attributes" : {
        "FID" : 11,
        "PMNTN_SPOT" : 71870,
        "MNTN_CODE" : "488604601",
        "MANAGE_SP1" : "10",
        "MANAGE_SP2" : "이정표",
        "DETAIL_SPO" : "헬기장(이정표)",
        "ETC_MATTER" : " ",
        "MNTN_NM" : "웅석봉",
        "PAST_SPOT_" : "28090343000012",
        "MNTN_ID" : "2809034300"
      },
      "geometry" : {
        "x" : 279619.41853146721,
        "y" : 307607.7868228294
      }
    },
    {
      "attributes" : {
        "FID" : 12,
        "PMNTN_SPOT" : 71871,
        "MNTN_CODE" : "488604601",
        "MANAGE_SP1" : "10",
        "MANAGE_SP2" : "이정표",
        "DETAIL_SPO" : "갈림길(이정표)",
        "ETC_MATTER" : " ",
        "MNTN_NM" : "웅석봉",
        "PAST_SPOT_" : "28090343000013",
        "MNTN_ID" : "2809034300"
      },
      "geometry" : {
        "x" : 279744.02454841044,
        "y" : 307729.65844571777
      }
    },
    {
      "attributes" : {
        "FID" : 13,
        "PMNTN_SPOT" : 71872,
        "MNTN_CODE" : "488604601",
        "MANAGE_SP1" : "23",
        "MANAGE_SP2" : "정상",
        "DETAIL_SPO" : "웅석봉정상(1,099m)",
        "ETC_MATTER" : " ",
        "MNTN_NM" : "웅석봉",
        "PAST_SPOT_" : "28090343000014",
        "MNTN_ID" : "2809034300"
      },
      "geometry" : {
        "x" : 279743.15622702334,
        "y" : 307780.34828462824
      }
    },
    {
      "attributes" : {
        "FID" : 14,
        "PMNTN_SPOT" : 71873,
        "MNTN_CODE" : "488604601",
        "MANAGE_SP1" : "10",
        "MANAGE_SP2" : "이정표",
        "DETAIL_SPO" : "임도끝점(이정표,안내판)",
        "ETC_MATTER" : " ",
        "MNTN_NM" : "웅석봉",
        "PAST_SPOT_" : "28090343000015",
        "MNTN_ID" : "2809034300"
      },
      "geometry" : {
        "x" : 279973.28865110781,
        "y" : 307188.30673632771
      }
    },
    {
      "attributes" : {
        "FID" : 15,
        "PMNTN_SPOT" : 71874,
        "MNTN_CODE" : "488604601",
        "MANAGE_SP1" : "99",
        "MANAGE_SP2" : "기타",
        "DETAIL_SPO" : "우물",
        "ETC_MATTER" : " ",
        "MNTN_NM" : "웅석봉",
        "PAST_SPOT_" : "28090343000016",
        "MNTN_ID" : "2809034300"
      },
      "geometry" : {
        "x" : 279676.19407327473,
        "y" : 307540.59980843775
      }
    },
    {
      "attributes" : {
        "FID" : 16,
        "PMNTN_SPOT" : 71875,
        "MNTN_CODE" : "488604601",
        "MANAGE_SP1" : "10",
        "MANAGE_SP2" : "이정표",
        "DETAIL_SPO" : "밤머리재(이정표,안내판)",
        "ETC_MATTER" : " ",
        "MNTN_NM" : "웅석봉",
        "PAST_SPOT_" : "28090343000017",
        "MNTN_ID" : "2809034300"
      },
      "geometry" : {
        "x" : 276917.90237571951,
        "y" : 309999.86370161176
      }
    },
    {
      "attributes" : {
        "FID" : 17,
        "PMNTN_SPOT" : 71876,
        "MNTN_CODE" : "488604601",
        "MANAGE_SP1" : "10",
        "MANAGE_SP2" : "이정표",
        "DETAIL_SPO" : "갈림길(이정표)",
        "ETC_MATTER" : " ",
        "MNTN_NM" : "웅석봉",
        "PAST_SPOT_" : "28090343000018",
        "MNTN_ID" : "2809034300"
      },
      "geometry" : {
        "x" : 277725.53531986848,
        "y" : 310277.88444405235
      }
    },
    {
      "attributes" : {
        "FID" : 18,
        "PMNTN_SPOT" : 71877,
        "MNTN_CODE" : "488604601",
        "MANAGE_SP1" : "22",
        "MANAGE_SP2" : "헬기장",
        "DETAIL_SPO" : "헬기장",
        "ETC_MATTER" : " ",
        "MNTN_NM" : "웅석봉",
        "PAST_SPOT_" : "28090343000019",
        "MNTN_ID" : "2809034300"
      },
      "geometry" : {
        "x" : 278069.56243697833,
        "y" : 309995.34739244357
      }
    },
    {
      "attributes" : {
        "FID" : 19,
        "PMNTN_SPOT" : 71878,
        "MNTN_CODE" : "488604601",
        "MANAGE_SP1" : "99",
        "MANAGE_SP2" : "기타",
        "DETAIL_SPO" : "대장마을회관",
        "ETC_MATTER" : " ",
        "MNTN_NM" : "웅석봉",
        "PAST_SPOT_" : "28090343000020",
        "MNTN_ID" : "2809034300"
      },
      "geometry" : {
        "x" : 278006.14874312282,
        "y" : 313504.32952524535
      }
    },
    {
      "attributes" : {
        "FID" : 20,
        "PMNTN_SPOT" : 71879,
        "MNTN_CODE" : "488604601",
        "MANAGE_SP1" : "99",
        "MANAGE_SP2" : "기타",
        "DETAIL_SPO" : "기산(삼각점)",
        "ETC_MATTER" : " ",
        "MNTN_NM" : "웅석봉",
        "PAST_SPOT_" : "28090343000021",
        "MNTN_ID" : "2809034300"
      },
      "geometry" : {
        "x" : 278047.57340138685,
        "y" : 311917.58711986803
      }
    },
    {
      "attributes" : {
        "FID" : 21,
        "PMNTN_SPOT" : 71880,
        "MNTN_CODE" : "488604601",
        "MANAGE_SP1" : "10",
        "MANAGE_SP2" : "이정표",
        "DETAIL_SPO" : "어천마을(이정표)",
        "ETC_MATTER" : " ",
        "MNTN_NM" : "웅석봉",
        "PAST_SPOT_" : "28090343000022",
        "MNTN_ID" : "2809034300"
      },
      "geometry" : {
        "x" : 282226.68658673577,
        "y" : 307733.26590174809
      }
    },
    {
      "attributes" : {
        "FID" : 22,
        "PMNTN_SPOT" : 71881,
        "MNTN_CODE" : "488604601",
        "MANAGE_SP1" : "02",
        "MANAGE_SP2" : "분기점",
        "DETAIL_SPO" : "갈림길",
        "ETC_MATTER" : " ",
        "MNTN_NM" : "웅석봉",
        "PAST_SPOT_" : "28090343000023",
        "MNTN_ID" : "2809034300"
      },
      "geometry" : {
        "x" : 282140.00791252498,
        "y" : 307847.66270271875
      }
    },
    {
      "attributes" : {
        "FID" : 23,
        "PMNTN_SPOT" : 71882,
        "MNTN_CODE" : "488604601",
        "MANAGE_SP1" : "99",
        "MANAGE_SP2" : "기타",
        "DETAIL_SPO" : "어천계곡",
        "ETC_MATTER" : " ",
        "MNTN_NM" : "웅석봉",
        "PAST_SPOT_" : "28090343000024",
        "MNTN_ID" : "2809034300"
      },
      "geometry" : {
        "x" : 281231.99007767811,
        "y" : 307777.63193955086
      }
    },
    {
      "attributes" : {
        "FID" : 24,
        "PMNTN_SPOT" : 71883,
        "MNTN_CODE" : "488604601",
        "MANAGE_SP1" : "10",
        "MANAGE_SP2" : "이정표",
        "DETAIL_SPO" : "헬기장(둘레길 이정표)",
        "ETC_MATTER" : " ",
        "MNTN_NM" : "웅석봉",
        "PAST_SPOT_" : "28090343000025",
        "MNTN_ID" : "2809034300"
      },
      "geometry" : {
        "x" : 280521.82819089387,
        "y" : 307498.80711873621
      }
    },
    {
      "attributes" : {
        "FID" : 25,
        "PMNTN_SPOT" : 71884,
        "MNTN_CODE" : "488604601",
        "MANAGE_SP1" : "10",
        "MANAGE_SP2" : "이정표",
        "DETAIL_SPO" : "갈림길(이정표)",
        "ETC_MATTER" : " ",
        "MNTN_NM" : "웅석봉",
        "PAST_SPOT_" : "28090343000026",
        "MNTN_ID" : "2809034300"
      },
      "geometry" : {
        "x" : 280049.53720453102,
        "y" : 310286.92382885143
      }
    },
    {
      "attributes" : {
        "FID" : 26,
        "PMNTN_SPOT" : 71885,
        "MNTN_CODE" : "488604601",
        "MANAGE_SP1" : "10",
        "MANAGE_SP2" : "이정표",
        "DETAIL_SPO" : "임도접점(이정표)",
        "ETC_MATTER" : " ",
        "MNTN_NM" : "웅석봉",
        "PAST_SPOT_" : "28090343000027",
        "MNTN_ID" : "2809034300"
      },
      "geometry" : {
        "x" : 280274.28174414579,
        "y" : 310458.48877944611
      }
    },
    {
      "attributes" : {
        "FID" : 27,
        "PMNTN_SPOT" : 71886,
        "MNTN_CODE" : "488604601",
        "MANAGE_SP1" : "10",
        "MANAGE_SP2" : "이정표",
        "DETAIL_SPO" : "십자봉(이정표)",
        "ETC_MATTER" : " ",
        "MNTN_NM" : "웅석봉",
        "PAST_SPOT_" : "28090343000028",
        "MNTN_ID" : "2809034300"
      },
      "geometry" : {
        "x" : 280273.06224313471,
        "y" : 308516.83236634918
      }
    },
    {
      "attributes" : {
        "FID" : 28,
        "PMNTN_SPOT" : 71887,
        "MNTN_CODE" : "488604601",
        "MANAGE_SP1" : "99",
        "MANAGE_SP2" : "기타",
        "DETAIL_SPO" : "목계단",
        "ETC_MATTER" : " ",
        "MNTN_NM" : "웅석봉",
        "PAST_SPOT_" : "28090343000029",
        "MNTN_ID" : "2809034300"
      },
      "geometry" : {
        "x" : 279911.34707563929,
        "y" : 308121.36799713224
      }
    },
    {
      "attributes" : {
        "FID" : 29,
        "PMNTN_SPOT" : 71888,
        "MNTN_CODE" : "488604601",
        "MANAGE_SP1" : "99",
        "MANAGE_SP2" : "기타",
        "DETAIL_SPO" : "목계단",
        "ETC_MATTER" : " ",
        "MNTN_NM" : "웅석봉",
        "PAST_SPOT_" : "28090343000030",
        "MNTN_ID" : "2809034300"
      },
      "geometry" : {
        "x" : 279781.75288619753,
        "y" : 307873.88238795847
      }
    },
    {
      "attributes" : {
        "FID" : 30,
        "PMNTN_SPOT" : 71889,
        "MNTN_CODE" : "488604601",
        "MANAGE_SP1" : "99",
        "MANAGE_SP2" : "기타",
        "DETAIL_SPO" : "성심원인애병원(풍현)",
        "ETC_MATTER" : " ",
        "MNTN_NM" : "웅석봉",
        "PAST_SPOT_" : "28090343000031",
        "MNTN_ID" : "2809034300"
      },
      "geometry" : {
        "x" : 282610.78866070136,
        "y" : 309617.04675958678
      }
    },
    {
      "attributes" : {
        "FID" : 31,
        "PMNTN_SPOT" : 71890,
        "MNTN_CODE" : "488604601",
        "MANAGE_SP1" : "02",
        "MANAGE_SP2" : "분기점",
        "DETAIL_SPO" : "갈림길",
        "ETC_MATTER" : " ",
        "MNTN_NM" : "웅석봉",
        "PAST_SPOT_" : "28090343000032",
        "MNTN_ID" : "2809034300"
      },
      "geometry" : {
        "x" : 281358.94667716138,
        "y" : 309044.80256191269
      }
    },
    {
      "attributes" : {
        "FID" : 32,
        "PMNTN_SPOT" : 71891,
        "MNTN_CODE" : "488604601",
        "MANAGE_SP1" : "99",
        "MANAGE_SP2" : "기타",
        "DETAIL_SPO" : "아침재",
        "ETC_MATTER" : " ",
        "MNTN_NM" : "웅석봉",
        "PAST_SPOT_" : "28090343000033",
        "MNTN_ID" : "2809034300"
      },
      "geometry" : {
        "x" : 282296.56399160344,
        "y" : 308483.30665299669
      }
    },
    {
      "attributes" : {
        "FID" : 33,
        "PMNTN_SPOT" : 71892,
        "MNTN_CODE" : "488604601",
        "MANAGE_SP1" : "02",
        "MANAGE_SP2" : "분기점",
        "DETAIL_SPO" : "갈림길",
        "ETC_MATTER" : " ",
        "MNTN_NM" : "웅석봉",
        "PAST_SPOT_" : "28090343000034",
        "MNTN_ID" : "2809034300"
      },
      "geometry" : {
        "x" : 282121.2585370373,
        "y" : 308363.3895853553
      }
    },
    {
      "attributes" : {
        "FID" : 34,
        "PMNTN_SPOT" : 71893,
        "MNTN_CODE" : "488604601",
        "MANAGE_SP1" : "11",
        "MANAGE_SP2" : "안내판또는지도",
        "DETAIL_SPO" : "홍계(동촌마을 안내판)",
        "ETC_MATTER" : " ",
        "MNTN_NM" : "웅석봉",
        "PAST_SPOT_" : "28090343000035",
        "MNTN_ID" : "2809034300"
      },
      "geometry" : {
        "x" : 276647.07990874816,
        "y" : 306572.87074196711
      }
    },
    {
      "attributes" : {
        "FID" : 35,
        "PMNTN_SPOT" : 71894,
        "MNTN_CODE" : "488604601",
        "MANAGE_SP1" : "11",
        "MANAGE_SP2" : "안내판또는지도",
        "DETAIL_SPO" : "홍계사방댐(안내판)",
        "ETC_MATTER" : " ",
        "MNTN_NM" : "웅석봉",
        "PAST_SPOT_" : "28090343000036",
        "MNTN_ID" : "2809034300"
      },
      "geometry" : {
        "x" : 278034.87211253773,
        "y" : 305634.98152635433
      }
    },
    {
      "attributes" : {
        "FID" : 36,
        "PMNTN_SPOT" : 71895,
        "MNTN_CODE" : "488604601",
        "MANAGE_SP1" : "99",
        "MANAGE_SP2" : "기타",
        "DETAIL_SPO" : "목계단시작점",
        "ETC_MATTER" : " ",
        "MNTN_NM" : "웅석봉",
        "PAST_SPOT_" : "28090343000037",
        "MNTN_ID" : "2809034300"
      },
      "geometry" : {
        "x" : 278524.36373242456,
        "y" : 304273.61557334103
      }
    },
    {
      "attributes" : {
        "FID" : 37,
        "PMNTN_SPOT" : 71896,
        "MNTN_CODE" : "488604601",
        "MANAGE_SP1" : "99",
        "MANAGE_SP2" : "기타",
        "DETAIL_SPO" : "목계단 끝점",
        "ETC_MATTER" : " ",
        "MNTN_NM" : "웅석봉",
        "PAST_SPOT_" : "28090343000038",
        "MNTN_ID" : "2809034300"
      },
      "geometry" : {
        "x" : 278580.56162937265,
        "y" : 304165.65249693766
      }
    },
    {
      "attributes" : {
        "FID" : 38,
        "PMNTN_SPOT" : 71897,
        "MNTN_CODE" : "488604601",
        "MANAGE_SP1" : "10",
        "MANAGE_SP2" : "이정표",
        "DETAIL_SPO" : "갈림길(나무이정표)",
        "ETC_MATTER" : " ",
        "MNTN_NM" : "웅석봉",
        "PAST_SPOT_" : "28090343000039",
        "MNTN_ID" : "2809034300"
      },
      "geometry" : {
        "x" : 278970.89958474319,
        "y" : 303598.27543630637
      }
    },
    {
      "attributes" : {
        "FID" : 39,
        "PMNTN_SPOT" : 71898,
        "MNTN_CODE" : "488604601",
        "MANAGE_SP1" : "02",
        "MANAGE_SP2" : "분기점",
        "DETAIL_SPO" : "갈림길",
        "ETC_MATTER" : " ",
        "MNTN_NM" : "웅석봉",
        "PAST_SPOT_" : "28090343000040",
        "MNTN_ID" : "2809034300"
      },
      "geometry" : {
        "x" : 279433.24593319185,
        "y" : 303920.67670833506
      }
    },
    {
      "attributes" : {
        "FID" : 40,
        "PMNTN_SPOT" : 71899,
        "MNTN_CODE" : "488604601",
        "MANAGE_SP1" : "10",
        "MANAGE_SP2" : "이정표",
        "DETAIL_SPO" : "갈림길(이정표)",
        "ETC_MATTER" : " ",
        "MNTN_NM" : "웅석봉",
        "PAST_SPOT_" : "28090343000041",
        "MNTN_ID" : "2809034300"
      },
      "geometry" : {
        "x" : 279459.02165513765,
        "y" : 303944.53824133985
      }
    },
    {
      "attributes" : {
        "FID" : 41,
        "PMNTN_SPOT" : 71900,
        "MNTN_CODE" : "488604601",
        "MANAGE_SP1" : "10",
        "MANAGE_SP2" : "이정표",
        "DETAIL_SPO" : "갈림길(이정표)",
        "ETC_MATTER" : " ",
        "MNTN_NM" : "웅석봉",
        "PAST_SPOT_" : "28090343000042",
        "MNTN_ID" : "2809034300"
      },
      "geometry" : {
        "x" : 279500.92468960769,
        "y" : 304356.64233003184
      }
    },
    {
      "attributes" : {
        "FID" : 42,
        "PMNTN_SPOT" : 71901,
        "MNTN_CODE" : "488604601",
        "MANAGE_SP1" : "14",
        "MANAGE_SP2" : "조망점",
        "DETAIL_SPO" : "조망점",
        "ETC_MATTER" : " ",
        "MNTN_NM" : "웅석봉",
        "PAST_SPOT_" : "28090343000043",
        "MNTN_ID" : "2809034300"
      },
      "geometry" : {
        "x" : 279430.77482181229,
        "y" : 304839.018589871
      }
    },
    {
      "attributes" : {
        "FID" : 43,
        "PMNTN_SPOT" : 71902,
        "MNTN_CODE" : "488604601",
        "MANAGE_SP1" : "10",
        "MANAGE_SP2" : "이정표",
        "DETAIL_SPO" : "갈림길(이정표)",
        "ETC_MATTER" : " ",
        "MNTN_NM" : "웅석봉",
        "PAST_SPOT_" : "28090343000044",
        "MNTN_ID" : "2809034300"
      },
      "geometry" : {
        "x" : 279578.80315072089,
        "y" : 305504.99349582009
      }
    },
    {
      "attributes" : {
        "FID" : 44,
        "PMNTN_SPOT" : 71903,
        "MNTN_CODE" : "488604601",
        "MANAGE_SP1" : "99",
        "MANAGE_SP2" : "기타",
        "DETAIL_SPO" : "장군바위",
        "ETC_MATTER" : " ",
        "MNTN_NM" : "웅석봉",
        "PAST_SPOT_" : "28090343000045",
        "MNTN_ID" : "2809034300"
      },
      "geometry" : {
        "x" : 279011.72128009237,
        "y" : 305546.1807299573
      }
    },
    {
      "attributes" : {
        "FID" : 45,
        "PMNTN_SPOT" : 71904,
        "MNTN_CODE" : "488604601",
        "MANAGE_SP1" : "23",
        "MANAGE_SP2" : "정상",
        "DETAIL_SPO" : "큰날봉정상(이정표)",
        "ETC_MATTER" : " ",
        "MNTN_NM" : "웅석봉",
        "PAST_SPOT_" : "28090343000046",
        "MNTN_ID" : "2809034300"
      },
      "geometry" : {
        "x" : 279523.06183471158,
        "y" : 305390.89016300626
      }
    },
    {
      "attributes" : {
        "FID" : 46,
        "PMNTN_SPOT" : 71905,
        "MNTN_CODE" : "488604601",
        "MANAGE_SP1" : "99",
        "MANAGE_SP2" : "기타",
        "DETAIL_SPO" : "마근담봉",
        "ETC_MATTER" : " ",
        "MNTN_NM" : "웅석봉",
        "PAST_SPOT_" : "28090343000047",
        "MNTN_ID" : "2809034300"
      },
      "geometry" : {
        "x" : 278910.87251531985,
        "y" : 303437.62274625152
      }
    },
    {
      "attributes" : {
        "FID" : 47,
        "PMNTN_SPOT" : 71906,
        "MNTN_CODE" : "488604601",
        "MANAGE_SP1" : "99",
        "MANAGE_SP2" : "기타",
        "DETAIL_SPO" : "영산산장입구",
        "ETC_MATTER" : " ",
        "MNTN_NM" : "웅석봉",
        "PAST_SPOT_" : "28090343000048",
        "MNTN_ID" : "2809034300"
      },
      "geometry" : {
        "x" : 280660.12638472766,
        "y" : 300080.00866676867
      }
    },
    {
      "attributes" : {
        "FID" : 48,
        "PMNTN_SPOT" : 71907,
        "MNTN_CODE" : "488604601",
        "MANAGE_SP1" : "05",
        "MANAGE_SP2" : "벤치",
        "DETAIL_SPO" : "아함소(벤취7 탁자1)",
        "ETC_MATTER" : " ",
        "MNTN_NM" : "웅석봉",
        "PAST_SPOT_" : "28090343000049",
        "MNTN_ID" : "2809034300"
      },
      "geometry" : {
        "x" : 280320.40646861866,
        "y" : 300328.07173254155
      }
    },
    {
      "attributes" : {
        "FID" : 49,
        "PMNTN_SPOT" : 71908,
        "MNTN_CODE" : "488604601",
        "MANAGE_SP1" : "04",
        "MANAGE_SP2" : "화장실",
        "DETAIL_SPO" : "화장실",
        "ETC_MATTER" : " ",
        "MNTN_NM" : "웅석봉",
        "PAST_SPOT_" : "28090343000050",
        "MNTN_ID" : "2809034300"
      },
      "geometry" : {
        "x" : 280237.50640692934,
        "y" : 300361.72706879862
      }
    },
    {
      "attributes" : {
        "FID" : 50,
        "PMNTN_SPOT" : 71909,
        "MNTN_CODE" : "488604601",
        "MANAGE_SP1" : "05",
        "MANAGE_SP2" : "벤치",
        "DETAIL_SPO" : "용문폭포(벤취2)",
        "ETC_MATTER" : " ",
        "MNTN_NM" : "웅석봉",
        "PAST_SPOT_" : "28090343000051",
        "MNTN_ID" : "2809034300"
      },
      "geometry" : {
        "x" : 280061.64586876146,
        "y" : 300378.10474252515
      }
    },
    {
      "attributes" : {
        "FID" : 51,
        "PMNTN_SPOT" : 71910,
        "MNTN_CODE" : "488604601",
        "MANAGE_SP1" : "99",
        "MANAGE_SP2" : "기타",
        "DETAIL_SPO" : "산행입구(차단기)",
        "ETC_MATTER" : " ",
        "MNTN_NM" : "웅석봉",
        "PAST_SPOT_" : "28090343000052",
        "MNTN_ID" : "2809034300"
      },
      "geometry" : {
        "x" : 279797.20871567912,
        "y" : 300401.32821640931
      }
    },
    {
      "attributes" : {
        "FID" : 52,
        "PMNTN_SPOT" : 71911,
        "MNTN_CODE" : "488604601",
        "MANAGE_SP1" : "10",
        "MANAGE_SP2" : "이정표",
        "DETAIL_SPO" : "사거리(백운계곡)(이정표)",
        "ETC_MATTER" : " ",
        "MNTN_NM" : "웅석봉",
        "PAST_SPOT_" : "28090343000053",
        "MNTN_ID" : "2809034300"
      },
      "geometry" : {
        "x" : 279350.36731018219,
        "y" : 301024.77697155438
      }
    },
    {
      "attributes" : {
        "FID" : 53,
        "PMNTN_SPOT" : 71912,
        "MNTN_CODE" : "488604601",
        "MANAGE_SP1" : "99",
        "MANAGE_SP2" : "기타",
        "DETAIL_SPO" : "무명폭포",
        "ETC_MATTER" : " ",
        "MNTN_NM" : "웅석봉",
        "PAST_SPOT_" : "28090343000054",
        "MNTN_ID" : "2809034300"
      },
      "geometry" : {
        "x" : 279348.26621137187,
        "y" : 301125.78036032058
      }
    },
    {
      "attributes" : {
        "FID" : 54,
        "PMNTN_SPOT" : 71913,
        "MNTN_CODE" : "488604601",
        "MANAGE_SP1" : "99",
        "MANAGE_SP2" : "기타",
        "DETAIL_SPO" : "쌍폭포",
        "ETC_MATTER" : " ",
        "MNTN_NM" : "웅석봉",
        "PAST_SPOT_" : "28090343000055",
        "MNTN_ID" : "2809034300"
      },
      "geometry" : {
        "x" : 279300.29261352681,
        "y" : 301350.53216135316
      }
    },
    {
      "attributes" : {
        "FID" : 55,
        "PMNTN_SPOT" : 71914,
        "MNTN_CODE" : "488604601",
        "MANAGE_SP1" : "02",
        "MANAGE_SP2" : "분기점",
        "DETAIL_SPO" : "임도갈림길",
        "ETC_MATTER" : " ",
        "MNTN_NM" : "웅석봉",
        "PAST_SPOT_" : "28090343000056",
        "MNTN_ID" : "2809034300"
      },
      "geometry" : {
        "x" : 279360.86756850686,
        "y" : 302883.66571606509
      }
    },
    {
      "attributes" : {
        "FID" : 56,
        "PMNTN_SPOT" : 71915,
        "MNTN_CODE" : "488604601",
        "MANAGE_SP1" : "02",
        "MANAGE_SP2" : "분기점",
        "DETAIL_SPO" : "갈림길",
        "ETC_MATTER" : " ",
        "MNTN_NM" : "웅석봉",
        "PAST_SPOT_" : "28090343000057",
        "MNTN_ID" : "2809034300"
      },
      "geometry" : {
        "x" : 279674.83226515818,
        "y" : 303512.92846290208
      }
    },
    {
      "attributes" : {
        "FID" : 57,
        "PMNTN_SPOT" : 71916,
        "MNTN_CODE" : "488604601",
        "MANAGE_SP1" : "02",
        "MANAGE_SP2" : "분기점",
        "DETAIL_SPO" : "갈림길",
        "ETC_MATTER" : " ",
        "MNTN_NM" : "웅석봉",
        "PAST_SPOT_" : "28090343000058",
        "MNTN_ID" : "2809034300"
      },
      "geometry" : {
        "x" : 279905.25333866477,
        "y" : 303514.42035869136
      }
    },
    {
      "attributes" : {
        "FID" : 58,
        "PMNTN_SPOT" : 71917,
        "MNTN_CODE" : "488604601",
        "MANAGE_SP1" : "10",
        "MANAGE_SP2" : "이정표",
        "DETAIL_SPO" : "갈림길(이정표)",
        "ETC_MATTER" : " ",
        "MNTN_NM" : "웅석봉",
        "PAST_SPOT_" : "28090343000059",
        "MNTN_ID" : "2809034300"
      },
      "geometry" : {
        "x" : 279940.26638681348,
        "y" : 303706.35917975567
      }
    },
    {
      "attributes" : {
        "FID" : 59,
        "PMNTN_SPOT" : 71918,
        "MNTN_CODE" : "488604601",
        "MANAGE_SP1" : "02",
        "MANAGE_SP2" : "분기점",
        "DETAIL_SPO" : "갈림길",
        "ETC_MATTER" : " ",
        "MNTN_NM" : "웅석봉",
        "PAST_SPOT_" : "28090343000060",
        "MNTN_ID" : "2809034300"
      },
      "geometry" : {
        "x" : 279653.04315688275,
        "y" : 304030.58634574711
      }
    },
    {
      "attributes" : {
        "FID" : 60,
        "PMNTN_SPOT" : 71919,
        "MNTN_CODE" : "488604601",
        "MANAGE_SP1" : "05",
        "MANAGE_SP2" : "벤치",
        "DETAIL_SPO" : "백운민박(대형주차장,화장실1,벤취2",
        "ETC_MATTER" : " ",
        "MNTN_NM" : "웅석봉",
        "PAST_SPOT_" : "28090343000061",
        "MNTN_ID" : "2809034300"
      },
      "geometry" : {
        "x" : 280673.64370581042,
        "y" : 300237.08483919501
      }
    },
    {
      "attributes" : {
        "FID" : 61,
        "PMNTN_SPOT" : 71920,
        "MNTN_CODE" : "488604601",
        "MANAGE_SP1" : "22",
        "MANAGE_SP2" : "헬기장",
        "DETAIL_SPO" : "헬기장",
        "ETC_MATTER" : " ",
        "MNTN_NM" : "웅석봉",
        "PAST_SPOT_" : "28090343000062",
        "MNTN_ID" : "2809034300"
      },
      "geometry" : {
        "x" : 279811.25460981764,
        "y" : 301488.29842133634
      }
    },
    {
      "attributes" : {
        "FID" : 62,
        "PMNTN_SPOT" : 71921,
        "MNTN_CODE" : "488604601",
        "MANAGE_SP1" : "99",
        "MANAGE_SP2" : "기타",
        "DETAIL_SPO" : "선인봉(809m)",
        "ETC_MATTER" : " ",
        "MNTN_NM" : "웅석봉",
        "PAST_SPOT_" : "28090343000063",
        "MNTN_ID" : "2809034300"
      },
      "geometry" : {
        "x" : 279794.96293651499,
        "y" : 301547.65877395496
      }
    },
    {
      "attributes" : {
        "FID" : 63,
        "PMNTN_SPOT" : 71922,
        "MNTN_CODE" : "488604601",
        "MANAGE_SP1" : "14",
        "MANAGE_SP2" : "조망점",
        "DETAIL_SPO" : "조망점",
        "ETC_MATTER" : " ",
        "MNTN_NM" : "웅석봉",
        "PAST_SPOT_" : "28090343000064",
        "MNTN_ID" : "2809034300"
      },
      "geometry" : {
        "x" : 279831.47974001896,
        "y" : 302001.50250964239
      }
    },
    {
      "attributes" : {
        "FID" : 64,
        "PMNTN_SPOT" : 71923,
        "MNTN_CODE" : "488604601",
        "MANAGE_SP1" : "22",
        "MANAGE_SP2" : "헬기장",
        "DETAIL_SPO" : "헬기장",
        "ETC_MATTER" : " ",
        "MNTN_NM" : "웅석봉",
        "PAST_SPOT_" : "28090343000065",
        "MNTN_ID" : "2809034300"
      },
      "geometry" : {
        "x" : 279698.34051620401,
        "y" : 302775.09371772408
      }
    },
    {
      "attributes" : {
        "FID" : 65,
        "PMNTN_SPOT" : 71924,
        "MNTN_CODE" : "488604601",
        "MANAGE_SP1" : "99",
        "MANAGE_SP2" : "기타",
        "DETAIL_SPO" : "운리마을(다물민족학교)",
        "ETC_MATTER" : " ",
        "MNTN_NM" : "웅석봉",
        "PAST_SPOT_" : "28090343000066",
        "MNTN_ID" : "2809034300"
      },
      "geometry" : {
        "x" : 281866.84195552208,
        "y" : 302638.06740672514
      }
    },
    {
      "attributes" : {
        "FID" : 66,
        "PMNTN_SPOT" : 71925,
        "MNTN_CODE" : "488604601",
        "MANAGE_SP1" : "99",
        "MANAGE_SP2" : "기타",
        "DETAIL_SPO" : "선무대(입구)",
        "ETC_MATTER" : " ",
        "MNTN_NM" : "웅석봉",
        "PAST_SPOT_" : "28090343000067",
        "MNTN_ID" : "2809034300"
      },
      "geometry" : {
        "x" : 281268.1438166257,
        "y" : 302653.29791502282
      }
    },
    {
      "attributes" : {
        "FID" : 67,
        "PMNTN_SPOT" : 71926,
        "MNTN_CODE" : "488604601",
        "MANAGE_SP1" : "99",
        "MANAGE_SP2" : "기타",
        "DETAIL_SPO" : "등산입구",
        "ETC_MATTER" : " ",
        "MNTN_NM" : "웅석봉",
        "PAST_SPOT_" : "28090343000068",
        "MNTN_ID" : "2809034300"
      },
      "geometry" : {
        "x" : 281087.53179409541,
        "y" : 302697.46690511331
      }
    },
    {
      "attributes" : {
        "FID" : 68,
        "PMNTN_SPOT" : 71927,
        "MNTN_CODE" : "488604601",
        "MANAGE_SP1" : "11",
        "MANAGE_SP2" : "안내판또는지도",
        "DETAIL_SPO" : "단속사지위 국도접점(안내판)",
        "ETC_MATTER" : " ",
        "MNTN_NM" : "웅석봉",
        "PAST_SPOT_" : "28090343000069",
        "MNTN_ID" : "2809034300"
      },
      "geometry" : {
        "x" : 282017.41914517246,
        "y" : 303284.59336304106
      }
    },
    {
      "attributes" : {
        "FID" : 69,
        "PMNTN_SPOT" : 71928,
        "MNTN_CODE" : "488604601",
        "MANAGE_SP1" : "99",
        "MANAGE_SP2" : "기타",
        "DETAIL_SPO" : "점촌마을입구",
        "ETC_MATTER" : " ",
        "MNTN_NM" : "웅석봉",
        "PAST_SPOT_" : "28090343000070",
        "MNTN_ID" : "2809034300"
      },
      "geometry" : {
        "x" : 281554.59875232261,
        "y" : 304073.18131199479
      }
    },
    {
      "attributes" : {
        "FID" : 70,
        "PMNTN_SPOT" : 71929,
        "MNTN_CODE" : "488604601",
        "MANAGE_SP1" : "99",
        "MANAGE_SP2" : "기타",
        "DETAIL_SPO" : "성불정사입구(차단기)",
        "ETC_MATTER" : " ",
        "MNTN_NM" : "웅석봉",
        "PAST_SPOT_" : "28090343000071",
        "MNTN_ID" : "2809034300"
      },
      "geometry" : {
        "x" : 280508.68589290697,
        "y" : 304760.54227931239
      }
    },
    {
      "attributes" : {
        "FID" : 71,
        "PMNTN_SPOT" : 71930,
        "MNTN_CODE" : "488604601",
        "MANAGE_SP1" : "10",
        "MANAGE_SP2" : "이정표",
        "DETAIL_SPO" : "갈림길(이정표,정자)",
        "ETC_MATTER" : " ",
        "MNTN_NM" : "웅석봉",
        "PAST_SPOT_" : "28090343000072",
        "MNTN_ID" : "2809034300"
      },
      "geometry" : {
        "x" : 280402.11684589367,
        "y" : 307557.23245433904
      }
    },
    {
      "attributes" : {
        "FID" : 72,
        "PMNTN_SPOT" : 71931,
        "MNTN_CODE" : "488604601",
        "MANAGE_SP1" : "99",
        "MANAGE_SP2" : "기타",
        "DETAIL_SPO" : "남명선생장구지소",
        "ETC_MATTER" : " ",
        "MNTN_NM" : "웅석봉",
        "PAST_SPOT_" : "28090343000073",
        "MNTN_ID" : "2809034300"
      },
      "geometry" : {
        "x" : 279981.1556510441,
        "y" : 300391.24836441129
      }
    },
    {
      "attributes" : {
        "FID" : 73,
        "PMNTN_SPOT" : 71932,
        "MNTN_CODE" : "488604601",
        "MANAGE_SP1" : "99",
        "MANAGE_SP2" : "기타",
        "DETAIL_SPO" : "다지소",
        "ETC_MATTER" : " ",
        "MNTN_NM" : "웅석봉",
        "PAST_SPOT_" : "28090343000074",
        "MNTN_ID" : "2809034300"
      },
      "geometry" : {
        "x" : 279981.31568743102,
        "y" : 300399.86198739894
      }
    },
    {
      "attributes" : {
        "FID" : 74,
        "PMNTN_SPOT" : 71933,
        "MNTN_CODE" : "488604601",
        "MANAGE_SP1" : "99",
        "MANAGE_SP2" : "기타",
        "DETAIL_SPO" : "돌나라 마근담 농업학교",
        "ETC_MATTER" : " ",
        "MNTN_NM" : "웅석봉",
        "PAST_SPOT_" : "28090343000075",
        "MNTN_ID" : "2809034300"
      },
      "geometry" : {
        "x" : 277974.99241482653,
        "y" : 302881.04422494583
      }
    },
    {
      "attributes" : {
        "FID" : 75,
        "PMNTN_SPOT" : 71934,
        "MNTN_CODE" : "488604601",
        "MANAGE_SP1" : "99",
        "MANAGE_SP2" : "기타",
        "DETAIL_SPO" : "등천대",
        "ETC_MATTER" : " ",
        "MNTN_NM" : "웅석봉",
        "PAST_SPOT_" : "28090343000076",
        "MNTN_ID" : "2809034300"
      },
      "geometry" : {
        "x" : 280357.08022987284,
        "y" : 300319.73960156739
      }
    },
    {
      "attributes" : {
        "FID" : 76,
        "PMNTN_SPOT" : 71935,
        "MNTN_CODE" : "488604601",
        "MANAGE_SP1" : "99",
        "MANAGE_SP2" : "기타",
        "DETAIL_SPO" : "무명폭포2",
        "ETC_MATTER" : " ",
        "MNTN_NM" : "웅석봉",
        "PAST_SPOT_" : "28090343000077",
        "MNTN_ID" : "2809034300"
      },
      "geometry" : {
        "x" : 279407.536950198,
        "y" : 300727.49753596261
      }
    },
    {
      "attributes" : {
        "FID" : 77,
        "PMNTN_SPOT" : 71936,
        "MNTN_CODE" : "488604601",
        "MANAGE_SP1" : "99",
        "MANAGE_SP2" : "기타",
        "DETAIL_SPO" : "백운폭포",
        "ETC_MATTER" : " ",
        "MNTN_NM" : "웅석봉",
        "PAST_SPOT_" : "28090343000078",
        "MNTN_ID" : "2809034300"
      },
      "geometry" : {
        "x" : 279579.52180144563,
        "y" : 300553.19748551212
      }
    },
    {
      "attributes" : {
        "FID" : 78,
        "PMNTN_SPOT" : 71937,
        "MNTN_CODE" : "488604601",
        "MANAGE_SP1" : "99",
        "MANAGE_SP2" : "기타",
        "DETAIL_SPO" : "성불정사",
        "ETC_MATTER" : " ",
        "MNTN_NM" : "웅석봉",
        "PAST_SPOT_" : "28090343000079",
        "MNTN_ID" : "2809034300"
      },
      "geometry" : {
        "x" : 280591.13202596735,
        "y" : 304982.76347500272
      }
    },
    {
      "attributes" : {
        "FID" : 79,
        "PMNTN_SPOT" : 71938,
        "MNTN_CODE" : "488604601",
        "MANAGE_SP1" : "99",
        "MANAGE_SP2" : "기타",
        "DETAIL_SPO" : "심적사",
        "ETC_MATTER" : " ",
        "MNTN_NM" : "웅석봉",
        "PAST_SPOT_" : "28090343000080",
        "MNTN_ID" : "2809034300"
      },
      "geometry" : {
        "x" : 279004.71949209366,
        "y" : 310026.02453632094
      }
    },
    {
      "attributes" : {
        "FID" : 80,
        "PMNTN_SPOT" : 71939,
        "MNTN_CODE" : "488604601",
        "MANAGE_SP1" : "99",
        "MANAGE_SP2" : "기타",
        "DETAIL_SPO" : "아 함소",
        "ETC_MATTER" : " ",
        "MNTN_NM" : "웅석봉",
        "PAST_SPOT_" : "28090343000081",
        "MNTN_ID" : "2809034300"
      },
      "geometry" : {
        "x" : 280316.85334184952,
        "y" : 300363.16800657101
      }
    },
    {
      "attributes" : {
        "FID" : 81,
        "PMNTN_SPOT" : 71940,
        "MNTN_CODE" : "488604601",
        "MANAGE_SP1" : "06",
        "MANAGE_SP2" : "음수대",
        "DETAIL_SPO" : "약수터",
        "ETC_MATTER" : " ",
        "MNTN_NM" : "웅석봉",
        "PAST_SPOT_" : "28090343000082",
        "MNTN_ID" : "2809034300"
      },
      "geometry" : {
        "x" : 277123.17424783017,
        "y" : 309820.95937321521
      }
    },
    {
      "attributes" : {
        "FID" : 82,
        "PMNTN_SPOT" : 71941,
        "MNTN_CODE" : "488604601",
        "MANAGE_SP1" : "99",
        "MANAGE_SP2" : "기타",
        "DETAIL_SPO" : "용소",
        "ETC_MATTER" : " ",
        "MNTN_NM" : "웅석봉",
        "PAST_SPOT_" : "28090343000083",
        "MNTN_ID" : "2809034300"
      },
      "geometry" : {
        "x" : 280212.41039551701,
        "y" : 300387.7311467547
      }
    },
    {
      "attributes" : {
        "FID" : 83,
        "PMNTN_SPOT" : 71942,
        "MNTN_CODE" : "488604601",
        "MANAGE_SP1" : "99",
        "MANAGE_SP2" : "기타",
        "DETAIL_SPO" : "직탕폭포",
        "ETC_MATTER" : " ",
        "MNTN_NM" : "웅석봉",
        "PAST_SPOT_" : "28090343000084",
        "MNTN_ID" : "2809034300"
      },
      "geometry" : {
        "x" : 279367.46757332515,
        "y" : 300879.37497992814
      }
    },
    {
      "attributes" : {
        "FID" : 84,
        "PMNTN_SPOT" : 71943,
        "MNTN_CODE" : "488604601",
        "MANAGE_SP1" : "99",
        "MANAGE_SP2" : "기타",
        "DETAIL_SPO" : "청 의 소",
        "ETC_MATTER" : " ",
        "MNTN_NM" : "웅석봉",
        "PAST_SPOT_" : "28090343000085",
        "MNTN_ID" : "2809034300"
      },
      "geometry" : {
        "x" : 280485.27209293284,
        "y" : 300264.00085310638
      }
    },
    {
      "attributes" : {
        "FID" : 85,
        "PMNTN_SPOT" : 71944,
        "MNTN_CODE" : "488604601",
        "MANAGE_SP1" : "99",
        "MANAGE_SP2" : "기타",
        "DETAIL_SPO" : "탑동마을(단속사지)",
        "ETC_MATTER" : " ",
        "MNTN_NM" : "웅석봉",
        "PAST_SPOT_" : "28090343000086",
        "MNTN_ID" : "2809034300"
      },
      "geometry" : {
        "x" : 281798.39966012724,
        "y" : 303107.44316908158
      }
    },
    {
      "attributes" : {
        "FID" : 86,
        "PMNTN_SPOT" : 71945,
        "MNTN_CODE" : "488604601",
        "MANAGE_SP1" : "10",
        "MANAGE_SP2" : "이정표",
        "DETAIL_SPO" : "한재(어천고개)(이정표,안내판)",
        "ETC_MATTER" : " ",
        "MNTN_NM" : "웅석봉",
        "PAST_SPOT_" : "28090343000087",
        "MNTN_ID" : "2809034300"
      },
      "geometry" : {
        "x" : 282435.39470328391,
        "y" : 306322.4909610264
      }
    },
    {
      "attributes" : {
        "FID" : 87,
        "PMNTN_SPOT" : 71946,
        "MNTN_CODE" : "488604601",
        "MANAGE_SP1" : "99",
        "MANAGE_SP2" : "기타",
        "DETAIL_SPO" : "홍계사방댐",
        "ETC_MATTER" : " ",
        "MNTN_NM" : "웅석봉",
        "PAST_SPOT_" : "28090343000088",
        "MNTN_ID" : "2809034300"
      },
      "geometry" : {
        "x" : 277957.95627857093,
        "y" : 305777.97071719356
      }
    },
    {
      "attributes" : {
        "FID" : 88,
        "PMNTN_SPOT" : 71947,
        "MNTN_CODE" : "488604601",
        "MANAGE_SP1" : "02",
        "MANAGE_SP2" : "분기점",
        "DETAIL_SPO" : "분기점",
        "ETC_MATTER" : " ",
        "MNTN_NM" : "웅석봉",
        "PAST_SPOT_" : "28090343000089",
        "MNTN_ID" : "2809034300"
      },
      "geometry" : {
        "x" : 280477.39286025614,
        "y" : 307587.07451604493
      }
    }
  ]
}