{
  "displayFieldName" : "",
  "fieldAliases" : {
    "FID" : "FID",
    "PMNTN_SN" : "PMNTN_SN",
    "MNTN_CODE" : "MNTN_CODE",
    "MNTN_NM" : "MNTN_NM",
    "PMNTN_NM" : "PMNTN_NM",
    "PMNTN_MAIN" : "PMNTN_MAIN",
    "PMNTN_LT" : "PMNTN_LT",
    "PMNTN_DFFL" : "PMNTN_DFFL",
    "PMNTN_UPPL" : "PMNTN_UPPL",
    "PMNTN_GODN" : "PMNTN_GODN",
    "PMNTN_MTRQ" : "PMNTN_MTRQ",
    "PMNTN_CNRL" : "PMNTN_CNRL",
    "PMNTN_CLS_" : "PMNTN_CLS_",
    "PMNTN_RISK" : "PMNTN_RISK",
    "PMNTN_RECO" : "PMNTN_RECO",
    "DATA_STDR_" : "DATA_STDR_",
    "MNTN_ID" : "MNTN_ID"
  },
  "geometryType" : "esriGeometryPolyline",
  "spatialReference" : {
    "wkt" : "PROJCS[\"PCS_ITRF2000_TM\",GEOGCS[\"GCS_ITRF_2000\",DATUM[\"D_ITRF_2000\",SPHEROID[\"GRS_1980\",6378137.0,298.257222101]],PRIMEM[\"Greenwich\",0.0],UNIT[\"Degree\",0.0174532925199433]],PROJECTION[\"Transverse_Mercator\"],PARAMETER[\"False_Easting\",200000.0],PARAMETER[\"False_Northing\",600000.0],PARAMETER[\"Central_Meridian\",127.0],PARAMETER[\"Scale_Factor\",1.0],PARAMETER[\"Latitude_Of_Origin\",38.0],UNIT[\"Meter\",1.0]]"
  },
  "fields" : [
    {
      "name" : "FID",
      "type" : "esriFieldTypeOID",
      "alias" : "FID"
    },
    {
      "name" : "PMNTN_SN",
      "type" : "esriFieldTypeDouble",
      "alias" : "PMNTN_SN"
    },
    {
      "name" : "MNTN_CODE",
      "type" : "esriFieldTypeString",
      "alias" : "MNTN_CODE",
      "length" : 9
    },
    {
      "name" : "MNTN_NM",
      "type" : "esriFieldTypeString",
      "alias" : "MNTN_NM",
      "length" : 50
    },
    {
      "name" : "PMNTN_NM",
      "type" : "esriFieldTypeString",
      "alias" : "PMNTN_NM",
      "length" : 50
    },
    {
      "name" : "PMNTN_MAIN",
      "type" : "esriFieldTypeString",
      "alias" : "PMNTN_MAIN",
      "length" : 200
    },
    {
      "name" : "PMNTN_LT",
      "type" : "esriFieldTypeSingle",
      "alias" : "PMNTN_LT"
    },
    {
      "name" : "PMNTN_DFFL",
      "type" : "esriFieldTypeString",
      "alias" : "PMNTN_DFFL",
      "length" : 8
    },
    {
      "name" : "PMNTN_UPPL",
      "type" : "esriFieldTypeDouble",
      "alias" : "PMNTN_UPPL"
    },
    {
      "name" : "PMNTN_GODN",
      "type" : "esriFieldTypeDouble",
      "alias" : "PMNTN_GODN"
    },
    {
      "name" : "PMNTN_MTRQ",
      "type" : "esriFieldTypeString",
      "alias" : "PMNTN_MTRQ",
      "length" : 200
    },
    {
      "name" : "PMNTN_CNRL",
      "type" : "esriFieldTypeString",
      "alias" : "PMNTN_CNRL",
      "length" : 1
    },
    {
      "name" : "PMNTN_CLS_",
      "type" : "esriFieldTypeString",
      "alias" : "PMNTN_CLS_",
      "length" : 1
    },
    {
      "name" : "PMNTN_RISK",
      "type" : "esriFieldTypeString",
      "alias" : "PMNTN_RISK",
      "length" : 200
    },
    {
      "name" : "PMNTN_RECO",
      "type" : "esriFieldTypeString",
      "alias" : "PMNTN_RECO",
      "length" : 1
    },
    {
      "name" : "DATA_STDR_",
      "type" : "esriFieldTypeString",
      "alias" : "DATA_STDR_",
      "length" : 10
    },
    {
      "name" : "MNTN_ID",
      "type" : "esriFieldTypeString",
      "alias" : "MNTN_ID",
      "length" : 10
    }
  ],
  "features" : [
    {
      "attributes" : {
        "FID" : 0,
        "PMNTN_SN" : 19753,
        "MNTN_CODE" : "414300501",
        "MNTN_NM" : "바라산",
        "PMNTN_NM" : "학의동구간",
        "PMNTN_MAIN" : " ",
        "PMNTN_LT" : 3.57,
        "PMNTN_DFFL" : "쉬움",
        "PMNTN_UPPL" : 77,
        "PMNTN_GODN" : 54,
        "PMNTN_MTRQ" : " ",
        "PMNTN_CNRL" : " ",
        "PMNTN_CLS_" : " ",
        "PMNTN_RISK" : " ",
        "PMNTN_RECO" : " ",
        "DATA_STDR_" : "2016-12-31",
        "MNTN_ID" : "414650501"
      },
      "geometry" : {
        "paths" : [
          [
            [
              202097.33830000088,
              529383.35560000129
            ],
            [
              202103.86490000039,
              529407.48620000109
            ],
            [
              202104.60350000113,
              529410.21660000272
            ],
            [
              202110.09669999965,
              529420.58400000073
            ],
            [
              202114.28110000212,
              529433.97390000336
            ],
            [
              202117.62850000057,
              529444.01640000381
            ],
            [
              202121.6734000016,
              529456.01160000265
            ],
            [
              202125.64860000182,
              529463.96180000156
            ],
            [
              202130.87899999972,
              529479.44400000013
            ],
            [
              202134.43570000213,
              529495.13529999927
            ],
            [
              202136.31870000064,
              529508.94370000251
            ],
            [
              202139.66620000079,
              529522.54290000163
            ],
            [
              202145.31510000024,
              529536.76970000006
            ],
            [
              202154.10220000055,
              529543.88309999928
            ],
            [
              202162.88940000162,
              529548.90440000035
            ],
            [
              202169.37510000076,
              529555.80860000104
            ],
            [
              202175.86410000082,
              529562.48279999942
            ],
            [
              202182.76510000136,
              529571.70910000242
            ],
            [
              202184.43879999965,
              529583.84380000085
            ],
            [
              202184.69010000024,
              529589.70749999955
            ],
            [
              202185.06649999972,
              529598.48910000362
            ],
            [
              202185.27570000011,
              529622.54910000227
            ],
            [
              202186.32180000097,
              529638.86810000055
            ],
            [
              202189.46009999979,
              529658.11620000377
            ],
            [
              202191.76150000002,
              529672.13379999995
            ],
            [
              202196.99190000072,
              529684.89610000141
            ],
            [
              202202.64080000203,
              529693.05560000055
            ],
            [
              202207.45280000102,
              529697.658400001
            ],
            [
              202215.1939000003,
              529702.47039999999
            ],
            [
              202222.09810000006,
              529707.28240000457
            ],
            [
              202229.83920000028,
              529712.72210000269
            ],
            [
              202237.16180000175,
              529717.7434000019
            ],
            [
              202240.92770000082,
              529725.69360000081
            ],
            [
              202242.39230000041,
              529745.36009999923
            ],
            [
              202244.27520000096,
              529763.98050000146
            ],
            [
              202245.53050000034,
              529770.04790000059
            ],
            [
              202250.55179999955,
              529781.97330000065
            ],
            [
              202259.75729999971,
              529797.87390000373
            ],
            [
              202268.75370000023,
              529820.05100000463
            ],
            [
              202276.0764000006,
              529834.27779999934
            ],
            [
              202278.79620000068,
              529842.4373000022
            ],
            [
              202279.21460000053,
              529849.55070000142
            ],
            [
              202288.42020000052,
              529851.43370000273
            ],
            [
              202293.85989999957,
              529852.68899999931
            ],
            [
              202296.3797000004,
              529854.73210000247
            ],
            [
              202301.60099999979,
              529858.96550000273
            ],
            [
              202312.27109999862,
              529871.30939999968
            ],
            [
              202324.61500000022,
              529891.18510000408
            ],
            [
              202333.19290000107,
              529904.78430000134
            ],
            [
              202337.1679999996,
              529907.08570000157
            ],
            [
              202345.74600000121,
              529908.96869999915
            ],
            [
              202362.06500000227,
              529912.52540000156
            ],
            [
              202369.38760000095,
              529916.29130000062
            ],
            [
              202379.63930000085,
              529922.35860000178
            ],
            [
              202387.38040000107,
              529928.42590000108
            ],
            [
              202395.33070000075,
              529931.35500000231
            ],
            [
              202400.97950000037,
              529932.81950000115
            ],
            [
              202411.02200000081,
              529933.23799999803
            ],
            [
              202423.15670000017,
              529933.23799999803
            ],
            [
              202434.87290000077,
              529931.98270000145
            ],
            [
              202446.79829999991,
              529930.30890000239
            ],
            [
              202459.14220000058,
              529925.91530000232
            ],
            [
              202466.8832000019,
              529920.47570000216
            ],
            [
              202472.32290000003,
              529915.8729000017
            ],
            [
              202477.34410000127,
              529909.80550000258
            ],
            [
              202486.13130000047,
              529894.53260000423
            ],
            [
              202492.2770999996,
              529889.10600000247
            ],
            [
              202506.75239999965,
              529882.63330000266
            ],
            [
              202518.16779999994,
              529878.39670000039
            ],
            [
              202528.64180000219,
              529875.45450000279
            ],
            [
              202541.58719999995,
              529872.63010000065
            ],
            [
              202558.29849999957,
              529867.56960000098
            ],
            [
              202570.06699999981,
              529862.74460000359
            ],
            [
              202580.18790000025,
              529857.80180000328
            ],
            [
              202588.54350000061,
              529851.09369999915
            ],
            [
              202599.95900000166,
              529840.50210000202
            ],
            [
              202608.31470000092,
              529830.73420000449
            ],
            [
              202616.55260000005,
              529821.31939999945
            ],
            [
              202624.08449999988,
              529810.72770000249
            ],
            [
              202629.4980000006,
              529801.66599999927
            ],
            [
              202636.91210000031,
              529791.89810000174
            ],
            [
              202644.44400000013,
              529785.07230000012
            ],
            [
              202649.50449999981,
              529780.95340000093
            ],
            [
              202655.97709999885,
              529777.89350000396
            ],
            [
              202667.98100000154,
              529770.4793999996
            ],
            [
              202678.21960000135,
              529762.00610000081
            ],
            [
              202685.04540000111,
              529754.94490000047
            ],
            [
              202695.40170000214,
              529744.11790000089
            ],
            [
              202706.11099999864,
              529730.11340000108
            ],
            [
              202710.93610000052,
              529723.05230000056
            ],
            [
              202717.76190000027,
              529716.34420000203
            ],
            [
              202723.52840000112,
              529712.93130000122
            ],
            [
              202730.47190000024,
              529709.63620000146
            ],
            [
              202733.29629999958,
              529708.57699999958
            ],
            [
              202743.29950000066,
              529708.69470000267
            ],
            [
              202750.94909999985,
              529710.57760000043
            ],
            [
              202756.36260000058,
              529713.40210000053
            ],
            [
              202760.59930000082,
              529715.75579999946
            ],
            [
              202766.48350000102,
              529719.40400000103
            ],
            [
              202771.19090000074,
              529721.28700000234
            ],
            [
              202776.13370000198,
              529723.05230000056
            ],
            [
              202779.66420000046,
              529723.75840000063
            ],
            [
              202787.31379999965,
              529723.99369999953
            ],
            [
              202792.13890000153,
              529723.1699000001
            ],
            [
              202803.90740000084,
              529720.1101000011
            ],
            [
              202811.91000000015,
              529717.75640000217
            ],
            [
              202819.6771999998,
              529717.16800000146
            ],
            [
              202824.73770000227,
              529716.93260000274
            ],
            [
              202835.56470000092,
              529718.69790000096
            ],
            [
              202848.74540000036,
              529721.6400000006
            ],
            [
              202860.04320000019,
              529725.17060000077
            ],
            [
              202871.92940000072,
              529729.87800000235
            ],
            [
              202882.8741000006,
              529733.87930000015
            ],
            [
              202895.70179999992,
              529739.05740000121
            ],
            [
              202904.05750000104,
              529741.64650000259
            ],
            [
              202915.23759999964,
              529745.76549999975
            ],
            [
              202924.4170000013,
              529748.82530000247
            ],
            [
              202931.59580000024,
              529752.94429999962
            ],
            [
              202942.30510000139,
              529761.29990000278
            ],
            [
              202950.07239999995,
              529766.83110000007
            ],
            [
              202961.13480000105,
              529773.65690000169
            ],
            [
              202970.07880000025,
              529776.01060000062
            ],
            [
              202981.14120000228,
              529779.07039999962
            ],
            [
              202989.61459999997,
              529780.24730000086
            ],
            [
              202996.20490000118,
              529780.1296000015
            ],
            [
              203001.50080000143,
              529777.77590000257
            ],
            [
              203008.20880000107,
              529771.65620000102
            ],
            [
              203011.26860000007,
              529766.00730000064
            ],
            [
              203013.62239999976,
              529762.94750000164
            ],
            [
              203015.7407000009,
              529759.06390000321
            ],
            [
              203020.91880000103,
              529751.1790000014
            ],
            [
              203025.62620000076,
              529743.88250000216
            ],
            [
              203028.68610000145,
              529741.64650000259
            ],
            [
              203034.68800000008,
              529737.17450000159
            ],
            [
              203043.27900000196,
              529733.52620000392
            ],
            [
              203053.04690000135,
              529729.28960000165
            ],
            [
              203061.04950000159,
              529725.28830000013
            ],
            [
              203065.28610000014,
              529722.81690000184
            ],
            [
              203075.05400000047,
              529714.69660000317
            ],
            [
              203081.64439999964,
              529710.10689999908
            ],
            [
              203088.11710000038,
              529707.63550000079
            ],
            [
              203096.94340000022,
              529705.39950000122
            ],
            [
              203101.06240000203,
              529704.81110000052
            ],
            [
              203112.59559999965,
              529704.10500000045
            ],
            [
              203125.18790000025,
              529704.34029999934
            ],
            [
              203134.48500000127,
              529704.81110000052
            ],
            [
              203143.07600000035,
              529704.45800000243
            ],
            [
              203156.84520000033,
              529703.51649999991
            ],
            [
              203168.37830000091,
              529701.98660000041
            ],
            [
              203180.49990000017,
              529699.75060000084
            ],
            [
              203195.56360000093,
              529695.98470000178
            ],
            [
              203205.21380000003,
              529692.92490000091
            ],
            [
              203216.86459999997,
              529689.15890000388
            ],
            [
              203233.34060000069,
              529681.98010000214
            ],
            [
              203238.98940000031,
              529679.86180000193
            ],
            [
              203244.87370000221,
              529675.74280000106
            ],
            [
              203251.46410000138,
              529671.74149999954
            ],
            [
              203258.87820000108,
              529668.44630000181
            ],
            [
              203264.2918000007,
              529665.85730000213
            ],
            [
              203274.64800000004,
              529661.97369999997
            ],
            [
              203285.59280000161,
              529658.09010000154
            ],
            [
              203298.77350000106,
              529656.20710000023
            ],
            [
              203308.18829999957,
              529654.20639999956
            ],
            [
              203315.60250000004,
              529651.7351000011
            ],
            [
              203323.84040000197,
              529649.02830000035
            ],
            [
              203330.31309999991,
              529644.67390000075
            ],
            [
              203340.55169999972,
              529635.84759999998
            ],
            [
              203347.25980000012,
              529630.08100000024
            ],
            [
              203353.73249999993,
              529625.02050000057
            ],
            [
              203361.0290000001,
              529621.13690000214
            ],
            [
              203368.09010000154,
              529617.25330000184
            ],
            [
              203379.74089999963,
              529611.4867000021
            ],
            [
              203391.15639999975,
              529605.01400000229
            ],
            [
              203399.39429999888,
              529599.60050000064
            ],
            [
              203408.33839999977,
              529593.36320000142
            ],
            [
              203414.22259999998,
              529589.59730000235
            ],
            [
              203420.93070000038,
              529585.36060000211
            ],
            [
              203424.81429999974,
              529582.88920000009
            ],
            [
              203429.63940000068,
              529580.30020000227
            ],
            [
              203435.75899999961,
              529576.88730000146
            ],
            [
              203440.81950000115,
              529573.35670000128
            ],
            [
              203445.29150000121,
              529568.76700000092
            ],
            [
              203449.29280000087,
              529560.17600000091
            ],
            [
              203453.29410000052,
              529548.64280000143
            ],
            [
              203455.76550000161,
              529543.22930000164
            ],
            [
              203463.17970000021,
              529535.34440000169
            ],
            [
              203470.47620000131,
              529528.28330000117
            ],
            [
              203483.30379999988,
              529517.45629999973
            ],
            [
              203492.83629999962,
              529513.10190000013
            ],
            [
              203505.89940000139,
              529510.04210000113
            ],
            [
              203517.43250000011,
              529508.86530000344
            ],
            [
              203535.20299999975,
              529508.62990000099
            ],
            [
              203551.20820000116,
              529509.2183000017
            ],
            [
              203565.21270000096,
              529510.39519999735
            ],
            [
              203582.27710000053,
              529510.27749999985
            ],
            [
              203599.69450000022,
              529510.7482000012
            ],
            [
              203616.05270000082,
              529510.15980000049
            ],
            [
              203638.05979999993,
              529506.86460000277
            ],
            [
              203655.12420000136,
              529504.27550000139
            ],
            [
              203666.53960000165,
              529502.98100000434
            ],
            [
              203675.60140000097,
              529502.98100000434
            ],
            [
              203683.83940000087,
              529497.09669999965
            ],
            [
              203697.60850000009,
              529486.50510000251
            ],
            [
              203733.18869999982,
              529458.14300000109
            ],
            [
              203749.19390000124,
              529445.74680000171
            ],
            [
              203776.02609999944,
              529434.91980000213
            ],
            [
              203783.55790000129,
              529422.83740000054
            ],
            [
              203795.79720000084,
              529414.36409999803
            ],
            [
              203814.46990000084,
              529410.59820000455
            ],
            [
              203838.16380000114,
              529408.55829999782
            ],
            [
              203850.08930000011,
              529410.44120000117
            ],
            [
              203871.74330000021,
              529406.51840000227
            ],
            [
              203888.06230000034,
              529403.22320000082
            ],
            [
              203901.40000000037,
              529399.61419999972
            ],
            [
              203930.42900000047,
              529391.9253999982
            ],
            [
              203950.04320000019,
              529387.21800000034
            ],
            [
              203966.36220000125,
              529381.56909999996
            ],
            [
              203989.89919999987,
              529369.01610000059
            ],
            [
              204012.65170000028,
              529355.52150000259
            ],
            [
              204023.94950000197,
              529349.40190000087
            ],
            [
              204033.05050000176,
              529346.26360000297
            ],
            [
              204046.54499999993,
              529344.38060000166
            ],
            [
              204061.1380000012,
              529342.49770000204
            ],
            [
              204075.2602000013,
              529342.1838000007
            ],
            [
              204094.24670000188,
              529337.63340000063
            ],
            [
              204113.39020000119,
              529333.39670000039
            ],
            [
              204129.55230000056,
              529326.80630000122
            ],
            [
              204142.26230000053,
              529320.84360000305
            ],
            [
              204154.34460000042,
              529312.37030000053
            ],
            [
              204157.95370000135,
              529310.95800000057
            ],
            [
              204168.15300000086,
              529302.32780000009
            ],
            [
              204175.37110000011,
              529292.75610000081
            ],
            [
              204191.84700000193,
              529266.55150000006
            ],
            [
              204196.55439999979,
              529259.17660000175
            ],
            [
              204210.83349999879,
              529243.3283000011
            ],
            [
              204235.93970000092,
              529223.55720000155
            ],
            [
              204248.3359000003,
              529212.41630000435
            ],
            [
              204265.12560000084,
              529197.82340000384
            ],
            [
              204275.48190000188,
              529186.68250000104
            ],
            [
              204283.1707000006,
              529174.12940000184
            ],
            [
              204290.85940000135,
              529159.3796000015
            ],
            [
              204290.38870000094,
              529154.82909999974
            ],
            [
              204284.89670000225,
              529148.08180000074
            ],
            [
              204281.13080000039,
              529145.10040000081
            ],
            [
              204278.46330000088,
              529138.0393000003
            ],
            [
              204275.63880000077,
              529127.83990000002
            ],
            [
              204273.44200000074,
              529117.16980000399
            ],
            [
              204273.44200000074,
              529112.7762000002
            ],
            [
              204278.14940000139,
              529102.26300000213
            ],
            [
              204283.64140000008,
              529096.77109999768
            ],
            [
              204298.0775000006,
              529075.74459999986
            ],
            [
              204307.96300000045,
              529060.52400000393
            ],
            [
              204310.31670000218,
              529057.54270000383
            ],
            [
              204316.59330000076,
              529043.57740000449
            ],
            [
              204322.55599999987,
              529040.28220000118
            ],
            [
              204334.32450000104,
              529034.94710000046
            ],
            [
              204358.64609999955,
              529027.57220000029
            ],
            [
              204363.19660000037,
              529027.25830000266
            ],
            [
              204372.29760000017,
              529020.98180000111
            ],
            [
              204377.31880000047,
              529014.70530000329
            ],
            [
              204387.20430000126,
              528996.34640000015
            ],
            [
              204396.7761000013,
              528976.41840000078
            ],
            [
              204404.46480000019,
              528961.66850000247
            ],
            [
              204414.35040000081,
              528952.09679999948
            ],
            [
              204418.74400000088,
              528948.17390000075
            ],
            [
              204425.02050000057,
              528943.15270000137
            ],
            [
              204437.41669999994,
              528930.91339999996
            ],
            [
              204446.20380000025,
              528925.73530000076
            ],
            [
              204456.0894000018,
              528918.20340000279
            ],
            [
              204463.62119999994,
              528911.61310000159
            ],
            [
              204473.97750000097,
              528897.49080000073
            ],
            [
              204481.35250000004,
              528889.64519999921
            ],
            [
              204491.70880000107,
              528883.05480000004
            ],
            [
              204500.18210000079,
              528881.64259999804
            ],
            [
              204508.1847000001,
              528879.60270000249
            ],
            [
              204518.85479999986,
              528878.66119999997
            ],
            [
              204548.35460000113,
              528874.42449999973
            ],
            [
              204564.67360000126,
              528872.69849999994
            ],
            [
              204578.48200000171,
              528872.38470000215
            ],
            [
              204590.5643000016,
              528871.91390000097
            ],
            [
              204609.39389999956,
              528874.89530000091
            ],
            [
              204640.93360000197,
              528879.13200000115
            ],
            [
              204655.84030000027,
              528882.27019999921
            ],
            [
              204661.48920000158,
              528883.68240000121
            ],
            [
              204674.35610000044,
              528887.13450000249
            ],
            [
              204684.55549999978,
              528889.95900000073
            ],
            [
              204690.98900000006,
              528891.21429999918
            ],
            [
              204700.08999999985,
              528891.84200000204
            ],
            [
              204713.58450000081,
              528893.56800000183
            ],
            [
              204724.56850000191,
              528894.50950000063
            ],
            [
              204727.8889000006,
              528889.12870000117
            ],
            [
              204722.44000000134,
              528877.65729999915
            ],
            [
              204720.71920000017,
              528869.34050000273
            ],
            [
              204719.85890000127,
              528859.87650000118
            ],
            [
              204726.16820000019,
              528852.41999999993
            ],
            [
              204732.4775000019,
              528847.5447000023
            ],
            [
              204743.0886000013,
              528842.66930000111
            ]
          ]
        ]
      }
    }
  ]
}