{
  "displayFieldName" : "",
  "fieldAliases" : {
    "FID" : "FID",
    "PMNTN_SN" : "PMNTN_SN",
    "MNTN_CODE" : "MNTN_CODE",
    "MNTN_NM" : "MNTN_NM",
    "PMNTN_NM" : "PMNTN_NM",
    "PMNTN_MAIN" : "PMNTN_MAIN",
    "PMNTN_LT" : "PMNTN_LT",
    "PMNTN_DFFL" : "PMNTN_DFFL",
    "PMNTN_UPPL" : "PMNTN_UPPL",
    "PMNTN_GODN" : "PMNTN_GODN",
    "PMNTN_MTRQ" : "PMNTN_MTRQ",
    "PMNTN_CNRL" : "PMNTN_CNRL",
    "PMNTN_CLS_" : "PMNTN_CLS_",
    "PMNTN_RISK" : "PMNTN_RISK",
    "PMNTN_RECO" : "PMNTN_RECO",
    "DATA_STDR_" : "DATA_STDR_",
    "MNTN_ID" : "MNTN_ID"
  },
  "geometryType" : "esriGeometryPolyline",
  "spatialReference" : {
    "wkt" : "PROJCS[\"PCS_ITRF2000_TM\",GEOGCS[\"GCS_ITRF_2000\",DATUM[\"D_ITRF_2000\",SPHEROID[\"GRS_1980\",6378137.0,298.257222101]],PRIMEM[\"Greenwich\",0.0],UNIT[\"Degree\",0.0174532925199433]],PROJECTION[\"Transverse_Mercator\"],PARAMETER[\"False_Easting\",200000.0],PARAMETER[\"False_Northing\",600000.0],PARAMETER[\"Central_Meridian\",127.0],PARAMETER[\"Scale_Factor\",1.0],PARAMETER[\"Latitude_Of_Origin\",38.0],UNIT[\"Meter\",1.0]]"
  },
  "fields" : [
    {
      "name" : "FID",
      "type" : "esriFieldTypeOID",
      "alias" : "FID"
    },
    {
      "name" : "PMNTN_SN",
      "type" : "esriFieldTypeDouble",
      "alias" : "PMNTN_SN"
    },
    {
      "name" : "MNTN_CODE",
      "type" : "esriFieldTypeString",
      "alias" : "MNTN_CODE",
      "length" : 9
    },
    {
      "name" : "MNTN_NM",
      "type" : "esriFieldTypeString",
      "alias" : "MNTN_NM",
      "length" : 50
    },
    {
      "name" : "PMNTN_NM",
      "type" : "esriFieldTypeString",
      "alias" : "PMNTN_NM",
      "length" : 50
    },
    {
      "name" : "PMNTN_MAIN",
      "type" : "esriFieldTypeString",
      "alias" : "PMNTN_MAIN",
      "length" : 200
    },
    {
      "name" : "PMNTN_LT",
      "type" : "esriFieldTypeSingle",
      "alias" : "PMNTN_LT"
    },
    {
      "name" : "PMNTN_DFFL",
      "type" : "esriFieldTypeString",
      "alias" : "PMNTN_DFFL",
      "length" : 8
    },
    {
      "name" : "PMNTN_UPPL",
      "type" : "esriFieldTypeDouble",
      "alias" : "PMNTN_UPPL"
    },
    {
      "name" : "PMNTN_GODN",
      "type" : "esriFieldTypeDouble",
      "alias" : "PMNTN_GODN"
    },
    {
      "name" : "PMNTN_MTRQ",
      "type" : "esriFieldTypeString",
      "alias" : "PMNTN_MTRQ",
      "length" : 200
    },
    {
      "name" : "PMNTN_CNRL",
      "type" : "esriFieldTypeString",
      "alias" : "PMNTN_CNRL",
      "length" : 1
    },
    {
      "name" : "PMNTN_CLS_",
      "type" : "esriFieldTypeString",
      "alias" : "PMNTN_CLS_",
      "length" : 1
    },
    {
      "name" : "PMNTN_RISK",
      "type" : "esriFieldTypeString",
      "alias" : "PMNTN_RISK",
      "length" : 200
    },
    {
      "name" : "PMNTN_RECO",
      "type" : "esriFieldTypeString",
      "alias" : "PMNTN_RECO",
      "length" : 1
    },
    {
      "name" : "DATA_STDR_",
      "type" : "esriFieldTypeString",
      "alias" : "DATA_STDR_",
      "length" : 10
    },
    {
      "name" : "MNTN_ID",
      "type" : "esriFieldTypeString",
      "alias" : "MNTN_ID",
      "length" : 10
    }
  ],
  "features" : [
    {
      "attributes" : {
        "FID" : 0,
        "PMNTN_SN" : 8958,
        "MNTN_CODE" : "461500401",
        "MNTN_NM" : "깃대봉",
        "PMNTN_NM" : "가곡동구간",
        "PMNTN_MAIN" : " ",
        "PMNTN_LT" : 1,
        "PMNTN_DFFL" : "쉬움",
        "PMNTN_UPPL" : 18,
        "PMNTN_GODN" : 12,
        "PMNTN_MTRQ" : " ",
        "PMNTN_CNRL" : " ",
        "PMNTN_CLS_" : " ",
        "PMNTN_RISK" : " ",
        "PMNTN_RECO" : " ",
        "DATA_STDR_" : "2016-12-31",
        "MNTN_ID" : "461500401"
      },
      "geometry" : {
        "paths" : [
          [
            [
              243198.76740000118,
              265065.20910000056
            ],
            [
              243197.68350000028,
              265070.23299999908
            ],
            [
              243198.18240000121,
              265076.3235000018
            ],
            [
              243198.15460000001,
              265081.88210000284
            ],
            [
              243198.14270000067,
              265084.26430000179
            ],
            [
              243199.7136000013,
              265087.71320000105
            ],
            [
              243200.76450000238,
              265089.30670000054
            ],
            [
              243202.6054000007,
              265091.69820000231
            ],
            [
              243202.86210000142,
              265093.28759999946
            ],
            [
              243202.85419999994,
              265094.8758000005
            ],
            [
              243202.04020000063,
              265098.84219999984
            ],
            [
              243202.01510000043,
              265103.87140000239
            ],
            [
              243201.99260000139,
              265108.3711000029
            ],
            [
              243203.0262000002,
              265113.4056000039
            ],
            [
              243204.05850000121,
              265118.70470000245
            ],
            [
              243204.30920000188,
              265121.48530000076
            ],
            [
              243197.13999999966,
              265125.94930000417
            ],
            [
              243190.23950000014,
              265129.62060000189
            ],
            [
              243188.37610000279,
              265131.72880000062
            ],
            [
              243188.10210000165,
              265133.58030000143
            ],
            [
              243187.55420000106,
              265137.283400001
            ],
            [
              243185.6894000005,
              265139.65630000457
            ],
            [
              243180.11370000057,
              265143.06950000115
            ],
            [
              243177.96970000118,
              265148.35280000046
            ],
            [
              243175.54370000027,
              265157.07570000179
            ],
            [
              243181.05460000131,
              265166.63240000047
            ],
            [
              243184.17390000168,
              265178.02999999747
            ],
            [
              243182.51819999982,
              265191.52140000276
            ],
            [
              243180.10290000122,
              265198.12680000439
            ],
            [
              243173.7040000027,
              265207.35920000076
            ],
            [
              243172.34080000035,
              265215.29330000095
            ],
            [
              243168.30950000044,
              265227.44930000231
            ],
            [
              243165.38590000104,
              265229.81700000167
            ],
            [
              243153.95779999997,
              265239.02419999801
            ],
            [
              243145.18190000113,
              265247.18600000069
            ],
            [
              243142.01230000053,
              265245.84660000168
            ],
            [
              243140.15410000365,
              265246.89609999955
            ],
            [
              243135.88590000011,
              265253.49220000207
            ],
            [
              243124.99120000098,
              265261.90809999965
            ],
            [
              243106.66520000063,
              265274.25720000081
            ],
            [
              243101.88219999988,
              265277.93910000101
            ],
            [
              243098.9653000012,
              265278.98330000043
            ],
            [
              243077.74890000187,
              265287.08280000091
            ],
            [
              243070.58499999996,
              265290.48800000176
            ],
            [
              243065.54920000117,
              265291.78630000167
            ],
            [
              243061.57880000118,
              265291.76640000008
            ],
            [
              243045.14280000236,
              265296.7135000024
            ],
            [
              243043.81140000001,
              265298.29499999993
            ],
            [
              243039.28250000346,
              265304.09569999948
            ],
            [
              243033.43810000084,
              265308.30169999972
            ],
            [
              243026.80489999987,
              265311.4448000025
            ],
            [
              243020.68650000077,
              265317.50229999982
            ],
            [
              243016.95700000133,
              265322.24820000306
            ],
            [
              243013.75420000032,
              265327.52620000206
            ],
            [
              243006.862900001,
              265329.34460000135
            ],
            [
              243001.56250000186,
              265330.64150000177
            ],
            [
              242996.00389999989,
              265330.61370000243
            ],
            [
              242991.77550000045,
              265329.26909999736
            ],
            [
              242988.07110000122,
              265328.98580000177
            ],
            [
              242982.5047000004,
              265330.54619999975
            ],
            [
              242978.7817000011,
              265333.96860000305
            ],
            [
              242972.11809999868,
              265343.19970000163
            ],
            [
              242962.28770000115,
              265351.91330000013
            ],
            [
              242963.11000000127,
              265356.56820000149
            ],
            [
              242938.53120000008,
              265367.00350000337
            ],
            [
              242920.03960000072,
              265368.10360000283
            ],
            [
              242905.69880000409,
              265368.95680000447
            ],
            [
              242892.96180000156,
              265375.24580000155
            ],
            [
              242881.27300000004,
              265383.65770000033
            ],
            [
              242852.7594000008,
              265391.9365000017
            ],
            [
              242828.27100000065,
              265396.09799999744
            ],
            [
              242816.0661000004,
              265401.86030000076
            ],
            [
              242802.26500000153,
              265409.20280000381
            ],
            [
              242784.75299999956,
              265417.58550000004
            ],
            [
              242771.49190000165,
              265422.81320000067
            ],
            [
              242764.58610000368,
              265427.54320000298
            ],
            [
              242755.05449999962,
              265428.02490000054
            ],
            [
              242748.69930000138,
              265428.52250000462
            ],
            [
              242742.33080000244,
              265431.66699999943
            ],
            [
              242734.38210000377,
              265433.21539999917
            ],
            [
              242725.90400000103,
              265434.76120000333
            ],
            [
              242715.29780000262,
              265438.41390000284
            ],
            [
              242704.16480000131,
              265441.53460000269
            ],
            [
              242693.04250000138,
              265442.53769999929
            ],
            [
              242677.70620000083,
              265439.28460000269
            ],
            [
              242667.14500000142,
              265433.93779999763
            ],
            [
              242647.60290000215,
              265424.84029999934
            ],
            [
              242614.32060000021,
              265410.90939999931
            ],
            [
              242599.53230000101,
              265403.95329999924
            ],
            [
              242578.92870000098,
              265395.37980000116
            ],
            [
              242558.8571000034,
              265386.27960000373
            ],
            [
              242546.22080000024,
              265372.45210000128
            ],
            [
              242538.31180000026,
              265366.05980000459
            ],
            [
              242528.80940000061,
              265360.71830000356
            ],
            [
              242521.95390000008,
              265355.39000000246
            ],
            [
              242515.10640000086,
              265348.47360000014
            ],
            [
              242508.7750000013,
              265344.20670000277
            ],
            [
              242500.85010000132,
              265340.9907000009
            ],
            [
              242495.56160000339,
              265339.90540000238
            ],
            [
              242488.69810000248,
              265336.16530000232
            ],
            [
              242481.85850000009,
              265327.66070000455
            ],
            [
              242475.5324000027,
              265322.33510000259
            ],
            [
              242466.04060000367,
              265314.87609999999
            ],
            [
              242459.70920000318,
              265310.60920000263
            ]
          ]
        ]
      }
    },
    {
      "attributes" : {
        "FID" : 1,
        "PMNTN_SN" : 8959,
        "MNTN_CODE" : "461500401",
        "MNTN_NM" : "깃대봉",
        "PMNTN_NM" : "가곡동구간",
        "PMNTN_MAIN" : " ",
        "PMNTN_LT" : 0.26,
        "PMNTN_DFFL" : "쉬움",
        "PMNTN_UPPL" : 5,
        "PMNTN_GODN" : 3,
        "PMNTN_MTRQ" : " ",
        "PMNTN_CNRL" : " ",
        "PMNTN_CLS_" : " ",
        "PMNTN_RISK" : " ",
        "PMNTN_RECO" : " ",
        "DATA_STDR_" : "2016-12-31",
        "MNTN_ID" : "461500401"
      },
      "geometry" : {
        "paths" : [
          [
            [
              243403.90640000347,
              265013.92669999972
            ],
            [
              243402.30780000053,
              265014.87589999847
            ],
            [
              243399.13020000141,
              265015.12470000051
            ],
            [
              243391.98080000281,
              265015.61830000393
            ],
            [
              243385.62949999981,
              265015.3219000008
            ],
            [
              243382.44790000189,
              265016.36470000446
            ],
            [
              243380.84920000192,
              265018.47430000268
            ],
            [
              243380.0392000014,
              265021.64670000039
            ],
            [
              243380.02599999961,
              265024.29360000417
            ],
            [
              243380.01009999961,
              265027.46989999898
            ],
            [
              243378.41270000022,
              265029.31480000168
            ],
            [
              243369.13920000196,
              265031.12130000256
            ],
            [
              243365.68890000135,
              265032.9569000043
            ],
            [
              243360.10520000197,
              265037.95819999836
            ],
            [
              243355.04960000049,
              265043.22690000013
            ],
            [
              243353.19410000276,
              265043.74699999951
            ],
            [
              243350.0178000005,
              265043.73110000417
            ],
            [
              243347.1062000012,
              265043.71660000086
            ],
            [
              243344.9860000005,
              265044.23540000245
            ],
            [
              243342.32720000111,
              265046.6043999996
            ],
            [
              243338.60690000001,
              265049.49740000255
            ],
            [
              243335.42789999954,
              265050.01090000197
            ],
            [
              243327.48850000091,
              265049.70650000125
            ],
            [
              243324.31220000144,
              265049.69060000032
            ],
            [
              243321.15580000263,
              265045.70430000126
            ],
            [
              243320.1063000001,
              265043.84620000236
            ],
            [
              243316.40320000332,
              265043.29829999991
            ],
            [
              243313.75899999961,
              265042.7555999998
            ],
            [
              243313.24019999988,
              265040.63550000265
            ],
            [
              243313.25340000074,
              265037.98850000463
            ],
            [
              243310.34969999921,
              265036.38579999842
            ],
            [
              243307.18540000077,
              265033.98770000041
            ],
            [
              243304.57550000027,
              265026.56310000271
            ],
            [
              243302.19990000222,
              265025.22770000249
            ],
            [
              243298.75490000006,
              265026.0046000015
            ],
            [
              243294.51720000058,
              265026.51280000247
            ],
            [
              243292.89599999972,
              265033.12210000493
            ],
            [
              243289.13999999966,
              265043.16190000251
            ],
            [
              243284.61500000115,
              265048.16850000061
            ],
            [
              243279.29070000164,
              265054.22990000062
            ],
            [
              243274.75789999962,
              265060.82470000163
            ],
            [
              243269.18610000145,
              265063.44380000234
            ],
            [
              243247.77520000096,
              265057.51330000348
            ],
            [
              243242.21660000086,
              265057.48550000414
            ],
            [
              243238.2396000009,
              265058.7891000025
            ],
            [
              243224.16060000099,
              265068.77720000222
            ],
            [
              243217.26669999957,
              265071.12500000186
            ],
            [
              243212.23890000023,
              265070.83520000428
            ],
            [
              243204.83810000308,
              265068.68060000427
            ],
            [
              243198.76740000118,
              265065.20910000056
            ]
          ]
        ]
      }
    },
    {
      "attributes" : {
        "FID" : 2,
        "PMNTN_SN" : 8960,
        "MNTN_CODE" : "461500401",
        "MNTN_NM" : "깃대봉",
        "PMNTN_NM" : "가곡동구간",
        "PMNTN_MAIN" : " ",
        "PMNTN_LT" : 0.19,
        "PMNTN_DFFL" : "쉬움",
        "PMNTN_UPPL" : 3,
        "PMNTN_GODN" : 2,
        "PMNTN_MTRQ" : " ",
        "PMNTN_CNRL" : " ",
        "PMNTN_CLS_" : " ",
        "PMNTN_RISK" : " ",
        "PMNTN_RECO" : " ",
        "DATA_STDR_" : "2016-12-31",
        "MNTN_ID" : "461500401"
      },
      "geometry" : {
        "paths" : [
          [
            [
              243198.76740000118,
              265065.20910000056
            ],
            [
              243209.03240000177,
              265057.02170000225
            ],
            [
              243217.04330000188,
              265043.03280000202
            ],
            [
              243225.84829999972,
              265029.04780000076
            ],
            [
              243230.40369999968,
              265017.9533000011
            ],
            [
              243235.20000000298,
              265011.62450000085
            ],
            [
              243239.73020000383,
              265005.55909999833
            ],
            [
              243245.87500000093,
              264994.20780000091
            ],
            [
              243252.53210000414,
              264986.30010000244
            ],
            [
              243258.11840000097,
              264980.7694000043
            ],
            [
              243261.59780000336,
              264973.11060000211
            ],
            [
              243267.20000000298,
              264964.40350000001
            ],
            [
              243270.40280000214,
              264959.12560000457
            ],
            [
              243273.08290000074,
              264952.52150000073
            ],
            [
              243280.00860000029,
              264943.82110000215
            ],
            [
              243288.78840000182,
              264934.86530000344
            ],
            [
              243297.02699999884,
              264928.28900000267
            ],
            [
              243299.69770000223,
              264923.53780000284
            ],
            [
              243304.78650000039,
              264911.65190000087
            ]
          ]
        ]
      }
    },
    {
      "attributes" : {
        "FID" : 3,
        "PMNTN_SN" : 8961,
        "MNTN_CODE" : "461500401",
        "MNTN_NM" : "깃대봉",
        "PMNTN_NM" : "가곡동구간",
        "PMNTN_MAIN" : " ",
        "PMNTN_LT" : 0.56,
        "PMNTN_DFFL" : "쉬움",
        "PMNTN_UPPL" : 11,
        "PMNTN_GODN" : 7,
        "PMNTN_MTRQ" : " ",
        "PMNTN_CNRL" : " ",
        "PMNTN_CLS_" : " ",
        "PMNTN_RISK" : " ",
        "PMNTN_RECO" : " ",
        "DATA_STDR_" : "2016-12-31",
        "MNTN_ID" : "461500401"
      },
      "geometry" : {
        "paths" : [
          [
            [
              243403.90640000347,
              265013.92669999972
            ],
            [
              243410.66909999959,
              265010.2193
            ],
            [
              243417.30229999963,
              265007.07609999739
            ],
            [
              243422.35390000232,
              265002.60150000267
            ],
            [
              243429.51120000053,
              265000.51980000176
            ],
            [
              243444.8964999998,
              264993.97929999977
            ],
            [
              243458.94629999902,
              264989.81440000236
            ],
            [
              243465.32150000054,
              264985.34640000015
            ],
            [
              243470.3572000023,
              264984.04809999838
            ],
            [
              243478.56269999966,
              264984.08909999952
            ],
            [
              243488.08630000148,
              264985.195600003
            ],
            [
              243491.52990000043,
              264984.68340000138
            ],
            [
              243496.0549000008,
              264979.676800007
            ],
            [
              243501.9112000009,
              264973.0885999985
            ],
            [
              243508.81439999957,
              264968.88800000027
            ],
            [
              243511.75510000065,
              264963.0792999994
            ],
            [
              243514.68659999967,
              264959.12350000255
            ],
            [
              243518.93890000135,
              264955.70370000042
            ],
            [
              243530.87249999959,
              264951.26349999942
            ],
            [
              243550.47699999996,
              264947.92049999908
            ],
            [
              243560.54449999984,
              264946.11800000444
            ],
            [
              243574.59440000076,
              264941.95309999958
            ],
            [
              243586.00530000124,
              264936.18679999933
            ],
            [
              243590.52760000061,
              264931.70959999971
            ],
            [
              243592.12500000093,
              264929.8647000026
            ],
            [
              243594.2452000007,
              264929.345900001
            ],
            [
              243598.73170000222,
              264932.01530000195
            ],
            [
              243601.88820000179,
              264936.00159999728
            ],
            [
              243604.26510000136,
              264937.07230000012
            ],
            [
              243608.75430000108,
              264939.21230000257
            ],
            [
              243614.05070000235,
              264938.70940000005
            ],
            [
              243617.50230000075,
              264936.60910000093
            ],
            [
              243620.69319999963,
              264933.71340000257
            ],
            [
              243622.56190000195,
              264930.54629999958
            ],
            [
              243623.67100000009,
              264920.49330000207
            ],
            [
              243627.93260000087,
              264915.22069999948
            ],
            [
              243632.43770000152,
              264914.18440000713
            ],
            [
              243638.52030000184,
              264915.27370000258
            ],
            [
              243645.3758000005,
              264920.60190000385
            ],
            [
              243650.13099999912,
              264922.47860000096
            ],
            [
              243653.03330000024,
              264924.3460000027
            ],
            [
              243653.81550000142,
              264926.7322000023
            ],
            [
              243656.46239999961,
              264926.74550000206
            ],
            [
              243664.1398,
              264926.51920000091
            ],
            [
              243685.81540000066,
              264932.45099999756
            ],
            [
              243703.5326000005,
              264935.98070000112
            ],
            [
              243717.03050000221,
              264936.31289999932
            ],
            [
              243720.47150000092,
              264936.3302000016
            ],
            [
              243735.77730000019,
              264945.67119999975
            ],
            [
              243748.68770000339,
              264957.64719999768
            ],
            [
              243760.00590000208,
              264970.40940000117
            ],
            [
              243763.43890000135,
              264972.01479999907
            ],
            [
              243768.2034,
              264972.03860000148
            ],
            [
              243785.39510000125,
              264974.77160000429
            ],
            [
              243789.37480000034,
              264972.93860000186
            ],
            [
              243794.68580000382,
              264969.5241000019
            ],
            [
              243802.62390000094,
              264970.0932
            ],
            [
              243811.08220000099,
              264972.51779999956
            ],
            [
              243823.48560000025,
              264979.99139999971
            ],
            [
              243835.61910000071,
              264988.52250000089
            ],
            [
              243844.86080000363,
              264993.06860000454
            ],
            [
              243852.52890000027,
              264994.69520000182
            ],
            [
              243868.40519999992,
              264995.83340000175
            ],
            [
              243880.07010000385,
              264992.18600000069
            ],
            [
              243883.25310000312,
              264990.87839999981
            ],
            [
              243888.28219999932,
              264990.90359999985
            ]
          ]
        ]
      }
    },
    {
      "attributes" : {
        "FID" : 4,
        "PMNTN_SN" : 8962,
        "MNTN_CODE" : "461500401",
        "MNTN_NM" : "깃대봉",
        "PMNTN_NM" : "석현동구간",
        "PMNTN_MAIN" : " ",
        "PMNTN_LT" : 0.01,
        "PMNTN_DFFL" : "쉬움",
        "PMNTN_UPPL" : 1,
        "PMNTN_GODN" : 0,
        "PMNTN_MTRQ" : " ",
        "PMNTN_CNRL" : " ",
        "PMNTN_CLS_" : " ",
        "PMNTN_RISK" : " ",
        "PMNTN_RECO" : " ",
        "DATA_STDR_" : "2016-12-31",
        "MNTN_ID" : "461500401"
      },
      "geometry" : {
        "paths" : [
          [
            [
              243304.78650000039,
              264911.65190000087
            ],
            [
              243307.16159999929,
              264906.46900000051
            ],
            [
              243307.45810000133,
              264900.11769999936
            ]
          ]
        ]
      }
    },
    {
      "attributes" : {
        "FID" : 5,
        "PMNTN_SN" : 8963,
        "MNTN_CODE" : "461500401",
        "MNTN_NM" : "깃대봉",
        "PMNTN_NM" : "가곡동구간",
        "PMNTN_MAIN" : " ",
        "PMNTN_LT" : 0.4,
        "PMNTN_DFFL" : "중간",
        "PMNTN_UPPL" : 8,
        "PMNTN_GODN" : 5,
        "PMNTN_MTRQ" : " ",
        "PMNTN_CNRL" : " ",
        "PMNTN_CLS_" : " ",
        "PMNTN_RISK" : " ",
        "PMNTN_RECO" : " ",
        "DATA_STDR_" : "2016-12-31",
        "MNTN_ID" : "461500401"
      },
      "geometry" : {
        "paths" : [
          [
            [
              243589.7061999999,
              264513.87860000134
            ],
            [
              243596.33140000328,
              264512.32350000367
            ],
            [
              243599.24700000137,
              264511.54400000535
            ],
            [
              243602.93679999933,
              264514.7388000004
            ],
            [
              243603.44100000151,
              264519.77060000226
            ],
            [
              243603.96650000289,
              264520.56740000099
            ],
            [
              243605.81930000056,
              264520.57660000212
            ],
            [
              243609.80430000089,
              264517.68490000069
            ],
            [
              243615.13380000181,
              264510.56470000185
            ],
            [
              243619.65479999967,
              264506.35210000165
            ],
            [
              243622.30169999972,
              264506.36540000141
            ],
            [
              243623.88719999976,
              264506.90269999951
            ],
            [
              243631.79750000034,
              264513.03030000441
            ],
            [
              243633.64110000152,
              264514.89240000211
            ],
            [
              243636.55140000116,
              264515.17170000263
            ],
            [
              243641.04849999957,
              264515.72360000201
            ],
            [
              243643.96010000166,
              264515.73819999956
            ],
            [
              243651.1108000027,
              264514.97980000079
            ],
            [
              243657.74400000088,
              264511.83660000004
            ],
            [
              243666.22470000014,
              264509.76150000095
            ],
            [
              243669.13770000078,
              264509.51130000129
            ],
            [
              243672.83800000045,
              264510.58860000037
            ],
            [
              243675.22030000016,
              264510.60060000233
            ],
            [
              243686.35720000416,
              264506.68580000103
            ],
            [
              243696.97140000109,
              264501.44490000047
            ],
            [
              243706.25410000235,
              264497.78559999913
            ],
            [
              243712.60410000104,
              264498.34669999965
            ],
            [
              243714.45959999971,
              264497.82660000026
            ],
            [
              243716.32300000079,
              264495.71829999983
            ],
            [
              243718.97520000208,
              264494.67280000076
            ],
            [
              243726.37070000172,
              264497.8861999996
            ],
            [
              243728.48560000304,
              264498.42620000057
            ],
            [
              243730.33849999961,
              264498.43539999984
            ],
            [
              243732.9907000009,
              264497.38990000263
            ],
            [
              243736.42770000082,
              264498.20120000094
            ],
            [
              243740.64159999974,
              264502.45750000142
            ],
            [
              243744.07990000024,
              264503.00410000235
            ],
            [
              243748.32960000169,
              264500.11360000074
            ],
            [
              243750.71840000153,
              264498.80210000277
            ],
            [
              243753.36800000072,
              264498.28600000031
            ],
            [
              243756.5390000008,
              264499.36060000025
            ],
            [
              243758.92120000254,
              264499.37250000238
            ],
            [
              243761.31939999945,
              264496.20810000226
            ],
            [
              243762.6574000027,
              264493.30310000107
            ],
            [
              243766.91230000276,
              264489.35400000401
            ],
            [
              243770.37449999992,
              264485.13609999977
            ],
            [
              243773.03330000211,
              264482.76710000262
            ],
            [
              243775.68420000095,
              264481.98630000092
            ],
            [
              243779.66119999997,
              264480.68270000257
            ],
            [
              243782.84550000262,
              264479.11040000059
            ],
            [
              243784.97229999956,
              264477.26820000261
            ],
            [
              243787.09379999898,
              264476.48469999991
            ],
            [
              243790.53220000025,
              264477.03130000085
            ],
            [
              243793.16580000054,
              264479.69140000269
            ],
            [
              243795.26750000101,
              264482.87829999812
            ],
            [
              243796.57370000239,
              264486.32590000145
            ],
            [
              243797.08460000064,
              264490.0343000032
            ],
            [
              243794.14520000387,
              264495.5783000011
            ],
            [
              243790.93440000154,
              264502.44439999945
            ],
            [
              243789.85840000119,
              264505.88010000251
            ],
            [
              243789.84260000009,
              264509.05640000105
            ],
            [
              243794.04720000178,
              264515.16550000198
            ],
            [
              243798.25710000191,
              264520.21580000408
            ],
            [
              243801.68880000338,
              264522.08589999937
            ],
            [
              243804.60309999995,
              264521.57100000046
            ],
            [
              243805.93319999985,
              264520.25420000032
            ],
            [
              243808.86070000008,
              264517.09249999933
            ],
            [
              243819.18630000297,
              264516.6147000026
            ],
            [
              243828.19510000199,
              264514.80690000392
            ],
            [
              243832.16020000167,
              264515.88550000265
            ],
            [
              243834.75679999962,
              264525.95710000023
            ],
            [
              243839.22080000024,
              264533.12630000152
            ],
            [
              243841.32510000188,
              264535.78380000405
            ],
            [
              243843.70340000093,
              264536.58980000392
            ],
            [
              243852.22250000387,
              264526.8385000024
            ],
            [
              243858.34489999991,
              264519.98700000159
            ],
            [
              243861.79779999983,
              264517.62200000137
            ],
            [
              243861.80970000383,
              264515.23980000243
            ],
            [
              243860.76950000226,
              264511.52880000137
            ],
            [
              243859.7265999997,
              264508.34720000252
            ],
            [
              243857.64210000169,
              264501.7193
            ],
            [
              243855.29829999991,
              264494.03130000271
            ],
            [
              243855.31160000246,
              264491.38440000266
            ],
            [
              243855.32479999866,
              264488.73740000278
            ]
          ]
        ]
      }
    },
    {
      "attributes" : {
        "FID" : 6,
        "PMNTN_SN" : 8964,
        "MNTN_CODE" : "461500401",
        "MNTN_NM" : "깃대봉",
        "PMNTN_NM" : "가곡동구간",
        "PMNTN_MAIN" : " ",
        "PMNTN_LT" : 0.62,
        "PMNTN_DFFL" : "쉬움",
        "PMNTN_UPPL" : 11,
        "PMNTN_GODN" : 8,
        "PMNTN_MTRQ" : " ",
        "PMNTN_CNRL" : " ",
        "PMNTN_CLS_" : " ",
        "PMNTN_RISK" : " ",
        "PMNTN_RECO" : " ",
        "DATA_STDR_" : "2016-12-31",
        "MNTN_ID" : "461500401"
      },
      "geometry" : {
        "paths" : [
          [
            [
              243589.7061999999,
              264513.87860000134
            ],
            [
              243593.78730000276,
              264508.29070000164
            ],
            [
              243593.8059000019,
              264504.58500000276
            ],
            [
              243595.15189999994,
              264500.09180000052
            ],
            [
              243596.48990000039,
              264497.18679999933
            ],
            [
              243600.21150000114,
              264494.02910000272
            ],
            [
              243601.82340000197,
              264489.27260000259
            ],
            [
              243601.83800000232,
              264486.36100000143
            ],
            [
              243601.06639999989,
              264481.8572000023
            ],
            [
              243600.80700000376,
              264480.79710000195
            ],
            [
              243601.61039999966,
              264478.94820000418
            ],
            [
              243604.00320000015,
              264476.84260000102
            ],
            [
              243606.66870000307,
              264473.15020000376
            ],
            [
              243612.06710000057,
              264452.26600000076
            ],
            [
              243617.70639999956,
              264436.14760000072
            ],
            [
              243620.89990000054,
              264432.72250000015
            ],
            [
              243623.03470000159,
              264429.29210000113
            ],
            [
              243627.87460000068,
              264414.228500003
            ],
            [
              243637.19840000104,
              264402.36360000074
            ],
            [
              243641.45869999938,
              264397.35570000112
            ],
            [
              243651.81610000134,
              264390.52530000173
            ],
            [
              243655.00830000266,
              264387.36490000226
            ],
            [
              243664.83630000055,
              264380.53190000169
            ],
            [
              243668.01530000102,
              264380.01840000227
            ],
            [
              243676.49340000097,
              264378.4726000037
            ],
            [
              243682.59720000252,
              264375.32680000179
            ],
            [
              243687.39070000127,
              264369.52740000002
            ],
            [
              243687.40660000127,
              264366.35110000148
            ],
            [
              243688.50120000262,
              264359.20969999954
            ],
            [
              243691.68810000364,
              264357.10799999908
            ],
            [
              243703.09760000091,
              264351.60640000179
            ],
            [
              243708.94340000208,
              264347.13580000401
            ],
            [
              243716.66309999954,
              264338.43940000236
            ],
            [
              243718.55830000062,
              264329.978500003
            ],
            [
              243720.70760000218,
              264323.63650000095
            ],
            [
              243735.92619999964,
              264297.50740000047
            ],
            [
              243742.6202999996,
              264282.18840000033
            ],
            [
              243747.70640000328,
              264270.8318000026
            ],
            [
              243747.20480000135,
              264265.27060000226
            ],
            [
              243747.24050000124,
              264258.12390000187
            ],
            [
              243753.62360000238,
              264252.06780000031
            ],
            [
              243759.99740000255,
              264247.86449999921
            ],
            [
              243765.22440000158,
              264241.86160000227
            ],
            [
              243769.86780000199,
              264232.56130000018
            ],
            [
              243775.99540000129,
              264224.6510000024
            ],
            [
              243783.71259999927,
              264216.48390000127
            ],
            [
              243796.49990000203,
              264200.13660000078
            ],
            [
              243803.98410000186,
              264185.6155999992
            ],
            [
              243807.71620000061,
              264180.34030000307
            ],
            [
              243810.13949999865,
              264172.14670000039
            ],
            [
              243808.79860000219,
              264160.34850000218
            ],
            [
              243811.57420000061,
              264149.91919999942
            ],
            [
              243814.79420000128,
              264141.20030000247
            ],
            [
              243822.00180000253,
              264129.06020000204
            ],
            [
              243824.96240000241,
              264119.28110000119
            ],
            [
              243830.54480000027,
              264114.54450000264
            ],
            [
              243836.13239999954,
              264108.74910000153
            ],
            [
              243843.63910000026,
              264089.72829999961
            ],
            [
              243848.97929999977,
              264080.4905000031
            ],
            [
              243850.57800000161,
              264078.38100000285
            ],
            [
              243854.32479999866,
              264070.19400000013
            ],
            [
              243858.31769999955,
              264065.71410000324
            ],
            [
              243860.97780000139,
              264063.0803999994
            ],
            [
              243862.08820000198,
              264052.76270000264
            ],
            [
              243864.02650000062,
              264035.69940000586
            ],
            [
              243869.65980000049,
              264020.77210000157
            ],
            [
              243870.21440000366,
              264015.74560000189
            ],
            [
              243870.23950000387,
              264010.71639999934
            ],
            [
              243870.2594000008,
              264006.74599999934
            ],
            [
              243873.45690000243,
              264002.52680000104
            ]
          ]
        ]
      }
    },
    {
      "attributes" : {
        "FID" : 7,
        "PMNTN_SN" : 8965,
        "MNTN_CODE" : "461500401",
        "MNTN_NM" : "깃대봉",
        "PMNTN_NM" : "석현동구간",
        "PMNTN_MAIN" : " ",
        "PMNTN_LT" : 0.78,
        "PMNTN_DFFL" : "쉬움",
        "PMNTN_UPPL" : 14,
        "PMNTN_GODN" : 10,
        "PMNTN_MTRQ" : " ",
        "PMNTN_CNRL" : " ",
        "PMNTN_CLS_" : " ",
        "PMNTN_RISK" : " ",
        "PMNTN_RECO" : " ",
        "DATA_STDR_" : "2016-12-31",
        "MNTN_ID" : "461500401"
      },
      "geometry" : {
        "paths" : [
          [
            [
              243198.76740000118,
              265065.20910000056
            ],
            [
              243193.5205000015,
              265072.34630000219
            ],
            [
              243193.23590000067,
              265076.31530000083
            ],
            [
              243189.25490000099,
              265078.41300000064
            ],
            [
              243186.06010000221,
              265082.1027999986
            ],
            [
              243181.80520000216,
              265086.05200000107
            ],
            [
              243178.61560000107,
              265088.68300000206
            ],
            [
              243171.7296000002,
              265089.44270000234
            ],
            [
              243160.88390000165,
              265088.06490000151
            ],
            [
              243159.04170000087,
              265085.93810000084
            ],
            [
              243157.47200000193,
              265082.2245000042
            ],
            [
              243155.89979999885,
              265079.04020000249
            ],
            [
              243152.99080000352,
              265078.4963000007
            ],
            [
              243148.75040000305,
              265079.53380000032
            ],
            [
              243146.35630000103,
              265081.90410000086
            ],
            [
              243145.28959999979,
              265083.48700000346
            ],
            [
              243143.14160000067,
              265089.56430000253
            ],
            [
              243140.4496000018,
              265098.55060000159
            ],
            [
              243136.71750000119,
              265103.82590000145
            ],
            [
              243131.93580000196,
              265107.24310000055
            ],
            [
              243130.3450000016,
              265107.76450000145
            ],
            [
              243127.69810000062,
              265107.75129999965
            ],
            [
              243120.55270000082,
              265107.45080000162
            ],
            [
              243117.37250000145,
              265108.22900000215
            ],
            [
              243112.32870000135,
              265111.11540000141
            ],
            [
              243106.48699999973,
              265114.79200000316
            ],
            [
              243099.875,
              265113.70009999722
            ],
            [
              243096.44460000005,
              265111.56540000252
            ],
            [
              243088.50910000037,
              265110.46690000221
            ],
            [
              243080.31290000025,
              265108.57300000265
            ],
            [
              243077.9506000001,
              265104.59070000425
            ],
            [
              243079.29120000079,
              265101.1563000083
            ],
            [
              243079.57050000038,
              265098.24599999934
            ],
            [
              243077.73750000261,
              265094.26640000194
            ],
            [
              243074.58110000007,
              265090.28010000288
            ],
            [
              243072.21870000381,
              265086.29780000821
            ],
            [
              243077.00170000177,
              265082.61590000242
            ],
            [
              243084.71490000375,
              265075.24300000072
            ],
            [
              243086.8814000031,
              265065.46000000276
            ],
            [
              243092.74040000141,
              265058.34240000136
            ],
            [
              243092.52070000302,
              265049.34160000272
            ],
            [
              243096.77029999997,
              265046.45119999908
            ],
            [
              243098.8972000014,
              265044.60889999941
            ],
            [
              243101.56790000107,
              265039.85770000145
            ],
            [
              243100.78970000055,
              265036.67740000226
            ],
            [
              243098.15739999991,
              265033.75259999931
            ],
            [
              243092.08670000266,
              265030.28110000305
            ],
            [
              243082.3076000018,
              265027.32049999945
            ],
            [
              243079.40790000092,
              265024.92369999737
            ],
            [
              243077.83830000274,
              265021.21010000072
            ],
            [
              243074.97039999999,
              265012.46070000157
            ],
            [
              243072.53000000026,
              264997.62529999949
            ],
            [
              243071.76109999977,
              264992.59219999984
            ],
            [
              243069.42260000017,
              264983.84550000168
            ],
            [
              243068.37700000126,
              264981.19329999946
            ],
            [
              243068.16530000046,
              264970.60429999977
            ],
            [
              243067.68760000262,
              264960.27860000357
            ],
            [
              243064.40339999925,
              264952.15970000066
            ],
            [
              243064.84620000143,
              264946.23540000245
            ],
            [
              243065.13070000056,
              264942.26630000025
            ],
            [
              243067.53280000016,
              264938.30790000223
            ],
            [
              243071.52300000004,
              264934.35740000382
            ],
            [
              243072.06430000067,
              264931.97780000046
            ],
            [
              243067.58050000016,
              264928.77899999917
            ],
            [
              243065.74220000021,
              264925.85810000263
            ],
            [
              243059.67410000041,
              264921.85720000044
            ],
            [
              243056.77049999963,
              264920.25449999981
            ],
            [
              243052.21700000204,
              264914.78939999826
            ],
            [
              243050.47610000148,
              264908.5763000045
            ],
            [
              243043.89720000234,
              264900.86710000411
            ],
            [
              243041.80750000197,
              264895.29800000414
            ],
            [
              243038.4447000036,
              264879.6640000008
            ],
            [
              243032.96690000035,
              264863.48990000039
            ],
            [
              243029.06800000276,
              264849.17669999972
            ],
            [
              243021.99820000213,
              264833.78879999928
            ],
            [
              243020.96059999987,
              264829.54850000329
            ],
            [
              243021.77049999963,
              264826.37609999999
            ],
            [
              243021.26229999959,
              264822.13839999959
            ],
            [
              243019.69140000176,
              264818.68950000033
            ],
            [
              243014.95210000034,
              264813.63649999909
            ],
            [
              243004.42670000251,
              264801.14299999923
            ],
            [
              242991.04389999993,
              264777.78260000423
            ],
            [
              242990.53440000117,
              264773.80959999934
            ],
            [
              242992.95640000235,
              264765.88070000336
            ],
            [
              242998.15500000212,
              264732.02530000359
            ],
            [
              242998.19210000057,
              264724.61390000209
            ],
            [
              243001.68209999986,
              264714.83760000207
            ],
            [
              243007.5569000002,
              264704.54370000027
            ],
            [
              243012.59930000361,
              264701.92190000042
            ],
            [
              243015.25949999969,
              264699.28830000013
            ],
            [
              243016.34080000129,
              264694.7938000001
            ],
            [
              243018.23070000112,
              264687.3917000033
            ],
            [
              243017.73440000042,
              264680.77180000208
            ],
            [
              243016.9561999999,
              264677.59150000289
            ],
            [
              243018.82890000008,
              264673.630400002
            ],
            [
              243021.21910000127,
              264672.05409999937
            ],
            [
              243025.72550000064,
              264670.75320000015
            ],
            [
              243028.91100000031,
              264668.91620000079
            ],
            [
              243035.82220000122,
              264663.12740000151
            ],
            [
              243043.29710000101,
              264650.45930000208
            ],
            [
              243048.1157999998,
              264639.63080000132
            ],
            [
              243058.21520000324,
              264631.47559999861
            ],
            [
              243068.42310000304,
              264601.61580000445
            ],
            [
              243074.11409999989,
              264575.17440000176
            ]
          ]
        ]
      }
    },
    {
      "attributes" : {
        "FID" : 8,
        "PMNTN_SN" : 8966,
        "MNTN_CODE" : "461500401",
        "MNTN_NM" : "깃대봉",
        "PMNTN_NM" : "석현동구간",
        "PMNTN_MAIN" : " ",
        "PMNTN_LT" : 0.47,
        "PMNTN_DFFL" : "쉬움",
        "PMNTN_UPPL" : 8,
        "PMNTN_GODN" : 6,
        "PMNTN_MTRQ" : " ",
        "PMNTN_CNRL" : " ",
        "PMNTN_CLS_" : " ",
        "PMNTN_RISK" : " ",
        "PMNTN_RECO" : " ",
        "DATA_STDR_" : "2016-12-31",
        "MNTN_ID" : "461500401"
      },
      "geometry" : {
        "paths" : [
          [
            [
              243307.45810000133,
              264900.11769999936
            ],
            [
              243311.91500000283,
              264893.96309999935
            ],
            [
              243319.46330000088,
              264885.02340000123
            ],
            [
              243324.00739999954,
              264876.08070000261
            ],
            [
              243325.56369999889,
              264865.61490000039
            ],
            [
              243328.60320000071,
              264858.16279999912
            ],
            [
              243331.63360000122,
              264850.6995000001
            ],
            [
              243334.70860000048,
              264835.75879999995
            ],
            [
              243337.75530000404,
              264826.80890000053
            ],
            [
              243337.79780000169,
              264817.8337000031
            ],
            [
              243339.34480000101,
              264807.37900000438
            ],
            [
              243339.39440000057,
              264796.91730000079
            ],
            [
              243337.93929999974,
              264787.94610000402
            ],
            [
              243335.67849999946,
              264779.13529999927
            ],
            [
              243331.39410000201,
              264771.90169999935
            ],
            [
              243324.89030000195,
              264764.65780000389
            ],
            [
              243319.72060000058,
              264755.31420000084
            ],
            [
              243313.20930000022,
              264749.731200004
            ],
            [
              243307.58750000037,
              264743.03270000033
            ],
            [
              243298.68780000135,
              264738.59810000099
            ],
            [
              243291.63520000223,
              264735.39470000193
            ],
            [
              243285.64790000115,
              264730.884200003
            ],
            [
              243278.14900000207,
              264729.35100000352
            ],
            [
              243272.1688000001,
              264723.34290000238
            ],
            [
              243266.1977000013,
              264717.33480000123
            ],
            [
              243260.21750000399,
              264711.32660000212
            ],
            [
              243254.23730000108,
              264705.31850000285
            ],
            [
              243249.75459999871,
              264699.31740000285
            ],
            [
              243242.26970000099,
              264694.79990000278
            ],
            [
              243236.29860000312,
              264688.79180000164
            ],
            [
              243227.30499999877,
              264682.76950000413
            ],
            [
              243219.81300000194,
              264679.74970000423
            ],
            [
              243210.81649999972,
              264678.20949999802
            ],
            [
              243203.32949999999,
              264672.19429999962
            ],
            [
              243194.35410000291,
              264666.17200000025
            ],
            [
              243188.37380000111,
              264660.16390000097
            ],
            [
              243182.39350000024,
              264654.15579999983
            ],
            [
              243176.42239999957,
              264648.14780000225
            ],
            [
              243167.4216000028,
              264643.62319999933
            ],
            [
              243156.93240000121,
              264639.09160000086
            ],
            [
              243146.45239999983,
              264634.54900000058
            ],
            [
              243138.94909999985,
              264630.03150000051
            ],
            [
              243129.95949999988,
              264627.00469999947
            ],
            [
              243119.47030000016,
              264622.46209999919
            ],
            [
              243111.98530000355,
              264617.94470000267
            ],
            [
              243107.50249999948,
              264611.94370000251
            ],
            [
              243103.02880000323,
              264605.94280000404
            ],
            [
              243097.04849999957,
              264599.93469999917
            ],
            [
              243092.56770000141,
              264595.43150000088
            ],
            [
              243088.09399999958,
              264589.43060000241
            ],
            [
              243083.60419999994,
              264584.91620000079
            ],
            [
              243077.61670000106,
              264580.40589999966
            ],
            [
              243075.68750000373,
              264576.44570000097
            ]
          ]
        ]
      }
    },
    {
      "attributes" : {
        "FID" : 9,
        "PMNTN_SN" : 8967,
        "MNTN_CODE" : "461500401",
        "MNTN_NM" : "깃대봉",
        "PMNTN_NM" : "가곡동구간",
        "PMNTN_MAIN" : " ",
        "PMNTN_LT" : 0.5,
        "PMNTN_DFFL" : "쉬움",
        "PMNTN_UPPL" : 9,
        "PMNTN_GODN" : 6,
        "PMNTN_MTRQ" : " ",
        "PMNTN_CNRL" : " ",
        "PMNTN_CLS_" : " ",
        "PMNTN_RISK" : " ",
        "PMNTN_RECO" : " ",
        "DATA_STDR_" : "2016-12-31",
        "MNTN_ID" : "461500401"
      },
      "geometry" : {
        "paths" : [
          [
            [
              243307.45810000133,
              264900.11769999936
            ],
            [
              243313.04570000153,
              264894.32230000198
            ],
            [
              243322.61700000148,
              264885.89990000241
            ],
            [
              243327.94530000072,
              264879.04429999925
            ],
            [
              243331.42470000032,
              264871.38550000079
            ],
            [
              243333.317900002,
              264863.32169999927
            ],
            [
              243333.6157000009,
              264856.70570000075
            ],
            [
              243338.95330000203,
              264847.99730000086
            ],
            [
              243342.17460000329,
              264839.0137000028
            ],
            [
              243344.31730000023,
              264833.99510000087
            ],
            [
              243346.45600000024,
              264829.77070000023
            ],
            [
              243351.79220000003,
              264821.32700000145
            ],
            [
              243358.42410000134,
              264818.4485000018
            ],
            [
              243363.46780000068,
              264815.56200000085
            ],
            [
              243371.43769999966,
              264809.77850000374
            ],
            [
              243374.89720000327,
              264806.09010000154
            ],
            [
              243379.94089999981,
              264803.20360000059
            ],
            [
              243384.18260000087,
              264801.90130000003
            ],
            [
              243386.83490000013,
              264800.85580000095
            ],
            [
              243392.69380000047,
              264793.73830000311
            ],
            [
              243396.41140000056,
              264791.3746000044
            ],
            [
              243400.66770000011,
              264787.16070000082
            ],
            [
              243404.66320000123,
              264782.15140000358
            ],
            [
              243412.11170000117,
              264774.77710000053
            ],
            [
              243417.20310000051,
              264762.36170000024
            ],
            [
              243423.87200000137,
              264752.07190000266
            ],
            [
              243428.40089999977,
              264746.27110000141
            ],
            [
              243437.18340000138,
              264736.78590000235
            ],
            [
              243445.44850000273,
              264724.91580000147
            ],
            [
              243464.35950000398,
              264701.45229999907
            ],
            [
              243478.48080000188,
              264682.99400000274
            ],
            [
              243481.92980000004,
              264681.42310000397
            ],
            [
              243486.18340000417,
              264677.73860000446
            ],
            [
              243491.79090000037,
              264667.97280000336
            ],
            [
              243496.31850000005,
              264662.43670000136
            ],
            [
              243502.1668999996,
              264657.4366999995
            ],
            [
              243505.35110000242,
              264655.86450000294
            ],
            [
              243514.62860000134,
              264653.2639000006
            ],
            [
              243521.79250000045,
              264649.85860000178
            ],
            [
              243528.16100000218,
              264646.71410000324
            ],
            [
              243537.74020000268,
              264636.70350000076
            ],
            [
              243542.27840000205,
              264629.04990000278
            ],
            [
              243545.21380000096,
              264624.30000000075
            ],
            [
              243550.80810000189,
              264617.18119999953
            ],
            [
              243551.12179999892,
              264607.3889000006
            ],
            [
              243549.31790000293,
              264597.58600000106
            ],
            [
              243552.29839999974,
              264583.83660000004
            ],
            [
              243556.33230000082,
              264571.1512000002
            ],
            [
              243559.82900000177,
              264560.05140000023
            ],
            [
              243566.78110000398,
              264546.05709999986
            ],
            [
              243574.78809999954,
              264532.86220000125
            ],
            [
              243579.3077000007,
              264528.91440000013
            ],
            [
              243581.43720000051,
              264526.54270000011
            ],
            [
              243581.98110000044,
              264523.63380000181
            ],
            [
              243583.32310000062,
              264519.93469999917
            ],
            [
              243584.93250000011,
              264515.70759999938
            ],
            [
              243588.91480000224,
              264513.34520000219
            ],
            [
              243589.7061999999,
              264513.87860000134
            ]
          ]
        ]
      }
    },
    {
      "attributes" : {
        "FID" : 10,
        "PMNTN_SN" : 8968,
        "MNTN_CODE" : "461500401",
        "MNTN_NM" : "깃대봉",
        "PMNTN_NM" : "가곡동구간",
        "PMNTN_MAIN" : " ",
        "PMNTN_LT" : 0.19,
        "PMNTN_DFFL" : "쉬움",
        "PMNTN_UPPL" : 3,
        "PMNTN_GODN" : 2,
        "PMNTN_MTRQ" : " ",
        "PMNTN_CNRL" : " ",
        "PMNTN_CLS_" : " ",
        "PMNTN_RISK" : " ",
        "PMNTN_RECO" : " ",
        "DATA_STDR_" : "2016-12-31",
        "MNTN_ID" : "461500401"
      },
      "geometry" : {
        "paths" : [
          [
            [
              243304.78650000039,
              264911.65190000087
            ],
            [
              243313.56369999982,
              264903.22540000081
            ],
            [
              243314.88850000128,
              264902.96729999967
            ],
            [
              243314.614500002,
              264904.8189000003
            ],
            [
              243314.6052000029,
              264906.67170000076
            ],
            [
              243315.90350000095,
              264911.70749999955
            ],
            [
              243316.94380000141,
              264915.41850000061
            ],
            [
              243316.91990000196,
              264920.18290000223
            ],
            [
              243316.34550000075,
              264929.1798000019
            ],
            [
              243317.64380000345,
              264934.21560000069
            ],
            [
              243319.74150000047,
              264938.19649999775
            ],
            [
              243321.32430000044,
              264939.26319999993
            ],
            [
              243324.23200000077,
              264940.07190000266
            ],
            [
              243325.29069999978,
              264940.07720000111
            ],
            [
              243325.28280000109,
              264941.66530000418
            ],
            [
              243326.60230000038,
              264942.46600000001
            ],
            [
              243335.87580000237,
              264940.65949999914
            ],
            [
              243339.84620000049,
              264940.67940000072
            ],
            [
              243344.8554000007,
              264944.67490000091
            ],
            [
              243346.69770000037,
              264946.80180000141
            ],
            [
              243351.18420000095,
              264949.47120000236
            ],
            [
              243352.22970000096,
              264952.12340000086
            ],
            [
              243353.00130000152,
              264956.62710000202
            ],
            [
              243351.64470000379,
              264963.2378000021
            ],
            [
              243350.83080000058,
              264967.20420000143
            ],
            [
              243355.83480000217,
              264972.25850000046
            ],
            [
              243357.39250000101,
              264978.3543999996
            ],
            [
              243357.88210000191,
              264986.29780000262
            ],
            [
              243355.48530000169,
              264989.19750000164
            ],
            [
              243354.67800000124,
              264991.84040000103
            ],
            [
              243355.99750000238,
              264992.64110000245
            ],
            [
              243360.23259999976,
              264992.66230000183
            ],
            [
              243363.14150000084,
              264993.20630000345
            ],
            [
              243373.67230000068,
              265004.64100000449
            ],
            [
              243376.04130000249,
              265007.29979999922
            ],
            [
              243380.27630000096,
              265007.32100000232
            ],
            [
              243385.05140000116,
              265005.22729999945
            ],
            [
              243386.90420000069,
              265005.23660000227
            ],
            [
              243388.75310000125,
              265006.03999999911
            ],
            [
              243392.43230000045,
              265011.35229999945
            ],
            [
              243404.70060000289,
              265012.77030000091
            ],
            [
              243403.90640000347,
              265013.92669999972
            ]
          ]
        ]
      }
    }
  ]
}