{
  "displayFieldName" : "",
  "fieldAliases" : {
    "FID" : "FID",
    "PMNTN_SN" : "PMNTN_SN",
    "MNTN_CODE" : "MNTN_CODE",
    "MNTN_NM" : "MNTN_NM",
    "PMNTN_NM" : "PMNTN_NM",
    "PMNTN_MAIN" : "PMNTN_MAIN",
    "PMNTN_LT" : "PMNTN_LT",
    "PMNTN_DFFL" : "PMNTN_DFFL",
    "PMNTN_UPPL" : "PMNTN_UPPL",
    "PMNTN_GODN" : "PMNTN_GODN",
    "PMNTN_MTRQ" : "PMNTN_MTRQ",
    "PMNTN_CNRL" : "PMNTN_CNRL",
    "PMNTN_CLS_" : "PMNTN_CLS_",
    "PMNTN_RISK" : "PMNTN_RISK",
    "PMNTN_RECO" : "PMNTN_RECO",
    "DATA_STDR_" : "DATA_STDR_",
    "MNTN_ID" : "MNTN_ID"
  },
  "geometryType" : "esriGeometryPolyline",
  "spatialReference" : {
    "wkt" : "PROJCS[\"PCS_ITRF2000_TM\",GEOGCS[\"GCS_ITRF_2000\",DATUM[\"D_ITRF_2000\",SPHEROID[\"GRS_1980\",6378137.0,298.257222101]],PRIMEM[\"Greenwich\",0.0],UNIT[\"Degree\",0.0174532925199433]],PROJECTION[\"Transverse_Mercator\"],PARAMETER[\"False_Easting\",200000.0],PARAMETER[\"False_Northing\",600000.0],PARAMETER[\"Central_Meridian\",127.0],PARAMETER[\"Scale_Factor\",1.0],PARAMETER[\"Latitude_Of_Origin\",38.0],UNIT[\"Meter\",1.0]]"
  },
  "fields" : [
    {
      "name" : "FID",
      "type" : "esriFieldTypeOID",
      "alias" : "FID"
    },
    {
      "name" : "PMNTN_SN",
      "type" : "esriFieldTypeDouble",
      "alias" : "PMNTN_SN"
    },
    {
      "name" : "MNTN_CODE",
      "type" : "esriFieldTypeString",
      "alias" : "MNTN_CODE",
      "length" : 9
    },
    {
      "name" : "MNTN_NM",
      "type" : "esriFieldTypeString",
      "alias" : "MNTN_NM",
      "length" : 50
    },
    {
      "name" : "PMNTN_NM",
      "type" : "esriFieldTypeString",
      "alias" : "PMNTN_NM",
      "length" : 50
    },
    {
      "name" : "PMNTN_MAIN",
      "type" : "esriFieldTypeString",
      "alias" : "PMNTN_MAIN",
      "length" : 200
    },
    {
      "name" : "PMNTN_LT",
      "type" : "esriFieldTypeSingle",
      "alias" : "PMNTN_LT"
    },
    {
      "name" : "PMNTN_DFFL",
      "type" : "esriFieldTypeString",
      "alias" : "PMNTN_DFFL",
      "length" : 8
    },
    {
      "name" : "PMNTN_UPPL",
      "type" : "esriFieldTypeDouble",
      "alias" : "PMNTN_UPPL"
    },
    {
      "name" : "PMNTN_GODN",
      "type" : "esriFieldTypeDouble",
      "alias" : "PMNTN_GODN"
    },
    {
      "name" : "PMNTN_MTRQ",
      "type" : "esriFieldTypeString",
      "alias" : "PMNTN_MTRQ",
      "length" : 200
    },
    {
      "name" : "PMNTN_CNRL",
      "type" : "esriFieldTypeString",
      "alias" : "PMNTN_CNRL",
      "length" : 1
    },
    {
      "name" : "PMNTN_CLS_",
      "type" : "esriFieldTypeString",
      "alias" : "PMNTN_CLS_",
      "length" : 1
    },
    {
      "name" : "PMNTN_RISK",
      "type" : "esriFieldTypeString",
      "alias" : "PMNTN_RISK",
      "length" : 200
    },
    {
      "name" : "PMNTN_RECO",
      "type" : "esriFieldTypeString",
      "alias" : "PMNTN_RECO",
      "length" : 1
    },
    {
      "name" : "DATA_STDR_",
      "type" : "esriFieldTypeString",
      "alias" : "DATA_STDR_",
      "length" : 10
    },
    {
      "name" : "MNTN_ID",
      "type" : "esriFieldTypeString",
      "alias" : "MNTN_ID",
      "length" : 10
    }
  ],
  "features" : [
    {
      "attributes" : {
        "FID" : 0,
        "PMNTN_SN" : 28541,
        "MNTN_CODE" : "447301001",
        "MNTN_NM" : "비학산",
        "PMNTN_NM" : "신촌리-영치리구간",
        "PMNTN_MAIN" : " ",
        "PMNTN_LT" : 1.67,
        "PMNTN_DFFL" : "쉬움",
        "PMNTN_UPPL" : 29,
        "PMNTN_GODN" : 21,
        "PMNTN_MTRQ" : "토사/암반",
        "PMNTN_CNRL" : " ",
        "PMNTN_CLS_" : " ",
        "PMNTN_RISK" : " ",
        "PMNTN_RECO" : " ",
        "DATA_STDR_" : "2016-12-31",
        "MNTN_ID" : "447301001"
      },
      "geometry" : {
        "paths" : [
          [
            [
              226078.75890000351,
              429799.24730000272
            ],
            [
              226072.60790000018,
              429808.94089999981
            ],
            [
              226067.71230000351,
              429816.60099999979
            ],
            [
              226062.72120000049,
              429817.4439000003
            ],
            [
              226061.39570000116,
              429820.77700000443
            ],
            [
              226064.09040000197,
              429826.57050000131
            ],
            [
              226061.60600000247,
              429838.24550000019
            ],
            [
              226070.40820000134,
              429866.56680000201
            ],
            [
              226068.5111000007,
              429880.31770000421
            ],
            [
              226076.05619999953,
              429899.43600000255
            ],
            [
              226079.01369999908,
              429912.72730000131
            ],
            [
              226084.60620000027,
              429924.16620000079
            ],
            [
              226078.88820000086,
              429951.81100000255
            ],
            [
              226085.44930000324,
              429978.36810000241
            ],
            [
              226092.53180000093,
              429981.49560000189
            ],
            [
              226099.88340000063,
              429999.98100000061
            ],
            [
              226103.23700000346,
              430008.95749999955
            ],
            [
              226113.39050000068,
              430015.10850000381
            ],
            [
              226121.34760000091,
              430024.60129999928
            ],
            [
              226130.77099999972,
              430021.29990000091
            ],
            [
              226134.76020000037,
              430011.33170000091
            ],
            [
              226132.99470000062,
              430003.89450000413
            ],
            [
              226134.71870000195,
              429995.25880000181
            ],
            [
              226140.33530000132,
              429988.77420000173
            ],
            [
              226146.9411000004,
              429990.51490000263
            ],
            [
              226153.4999000039,
              429997.90139999986
            ],
            [
              226158.22780000046,
              429994.6045000013
            ],
            [
              226161.3060000008,
              429990.27010000125
            ],
            [
              226165.80119999964,
              429972.034500001
            ],
            [
              226167.66590000037,
              429981.47169999965
            ],
            [
              226171.1407000022,
              429982.62620000355
            ],
            [
              226176.17630000133,
              429979.45110000297
            ],
            [
              226182.86870000139,
              429979.91790000163
            ],
            [
              226192.09800000209,
              429978.66229999997
            ],
            [
              226197.15959999897,
              429981.7936000023
            ],
            [
              226208.9383000005,
              429982.14550000057
            ],
            [
              226217.48520000279,
              429978.05100000277
            ],
            [
              226218.15820000041,
              429974.1185999997
            ],
            [
              226215.06810000073,
              429965.00320000201
            ],
            [
              226215.92190000415,
              429960.91310000047
            ],
            [
              226238.03340000194,
              429950.46050000377
            ],
            [
              226241.93819999974,
              429951.06770000048
            ],
            [
              226254.88489999995,
              429955.23680000007
            ],
            [
              226267.58350000158,
              429961.91650000215
            ],
            [
              226281.6370000029,
              429965.2984000016
            ],
            [
              226286.81309999991,
              429975.19220000133
            ],
            [
              226283.43560000043,
              429991.44989999942
            ],
            [
              226285.55750000291,
              429997.76270000078
            ],
            [
              226288.5373000009,
              430001.1388000045
            ],
            [
              226288.71320000011,
              430007.51080000587
            ],
            [
              226301.55560000334,
              430011.34479999915
            ],
            [
              226306.08910000138,
              430015.17209999822
            ],
            [
              226321.27379999962,
              430029.42160000093
            ],
            [
              226322.57460000366,
              430033.9924999997
            ],
            [
              226332.7890000008,
              430047.19430000335
            ],
            [
              226335.16720000096,
              430058.14919999987
            ],
            [
              226335.46870000008,
              430062.77290000021
            ],
            [
              226333.81750000268,
              430067.15799999982
            ],
            [
              226324.46440000087,
              430074.56130000018
            ],
            [
              226318.36500000209,
              430079.21199999936
            ],
            [
              226317.50629999954,
              430102.12780000083
            ],
            [
              226321.32299999986,
              430104.50200000219
            ],
            [
              226338.691300001,
              430089.97050000168
            ],
            [
              226343.81360000093,
              430087.92120000161
            ],
            [
              226363.08080000151,
              430091.19820000045
            ],
            [
              226381.56159999967,
              430081.40450000204
            ],
            [
              226399.43240000308,
              430059.78700000234
            ],
            [
              226398.11350000184,
              430061.17810000293
            ],
            [
              226405.57670000009,
              430052.755400002
            ],
            [
              226429.66980000399,
              430040.38390000351
            ],
            [
              226435.39320000075,
              430038.31780000217
            ],
            [
              226444.53309999965,
              430036.84839999862
            ],
            [
              226473.63600000273,
              430029.81260000169
            ],
            [
              226487.07870000135,
              430016.70180000179
            ],
            [
              226517.79600000009,
              430007.49470000342
            ],
            [
              226534.77670000121,
              429997.00840000249
            ],
            [
              226553.43080000207,
              429989.63399999961
            ],
            [
              226590.97390000243,
              430001.04120000266
            ],
            [
              226599.1372000007,
              429998.68530000001
            ],
            [
              226609.44420000073,
              429993.97160000168
            ],
            [
              226613.92100000288,
              429986.6819000002
            ],
            [
              226619.22650000267,
              429983.91940000281
            ],
            [
              226625.73640000075,
              429977.19209999964
            ],
            [
              226626.10580000188,
              429970.89220000245
            ],
            [
              226624.24790000357,
              429959.44580000453
            ],
            [
              226621.92590000108,
              429954.76009999774
            ],
            [
              226616.73680000007,
              429944.30800000019
            ],
            [
              226618.92910000123,
              429930.1117000021
            ],
            [
              226631.52599999961,
              429911.24090000428
            ],
            [
              226630.45310000237,
              429898.60630000196
            ],
            [
              226626.95730000176,
              429894.51230000332
            ],
            [
              226624.11260000058,
              429886.33700000308
            ],
            [
              226629.92140000034,
              429866.33840000443
            ],
            [
              226634.66690000053,
              429857.45160000212
            ],
            [
              226634.11800000258,
              429840.54010000266
            ],
            [
              226638.0064999992,
              429834.23650000058
            ],
            [
              226648.67470000219,
              429814.71810000204
            ],
            [
              226648.77820000052,
              429805.52859999985
            ],
            [
              226648.7268000003,
              429790.52540000156
            ],
            [
              226651.53340000007,
              429762.31380000152
            ],
            [
              226665.28100000136,
              429745.5859999992
            ],
            [
              226670.12150000036,
              429735.164900003
            ],
            [
              226670.06800000276,
              429715.94820000418
            ],
            [
              226667.03710000031,
              429709.70690000057
            ],
            [
              226668.02340000309,
              429701.72010000236
            ],
            [
              226665.95130000263,
              429693.91920000128
            ],
            [
              226647.96710000001,
              429681.19530000165
            ],
            [
              226647.5540000014,
              429673.85529999994
            ],
            [
              226654.96430000011,
              429655.98240000196
            ],
            [
              226656.82570000086,
              429641.97100000083
            ],
            [
              226676.31440000236,
              429622.47049999982
            ],
            [
              226684.55740000028,
              429614.75720000267
            ],
            [
              226699.43460000213,
              429602.08830000088
            ],
            [
              226711.05890000053,
              429594.99590000138
            ],
            [
              226714.2583999997,
              429590.5127000045
            ],
            [
              226719.07650000043,
              429583.32210000232
            ],
            [
              226723.93039999995,
              429571.86030000262
            ],
            [
              226725.82299999986,
              429567.16900000162
            ],
            [
              226728.64429999981,
              429553.76530000195
            ],
            [
              226729.99019999988,
              429526.71180000342
            ],
            [
              226727.10259999987,
              429520.25700000115
            ],
            [
              226719.26130000222,
              429504.93209999986
            ],
            [
              226716.78960000072,
              429485.4475000035
            ],
            [
              226724.1221000012,
              429458.80330000073
            ],
            [
              226730.87990000006,
              429443.11430000141
            ],
            [
              226732.85500000231,
              429423.97829999775
            ],
            [
              226712.97820000164,
              429406.01170000248
            ],
            [
              226712.98020000011,
              429406.00760000199
            ]
          ]
        ]
      }
    },
    {
      "attributes" : {
        "FID" : 1,
        "PMNTN_SN" : 28542,
        "MNTN_CODE" : "447301001",
        "MNTN_NM" : "비학산",
        "PMNTN_NM" : "용포리구간",
        "PMNTN_MAIN" : " ",
        "PMNTN_LT" : 1.57,
        "PMNTN_DFFL" : "쉬움",
        "PMNTN_UPPL" : 28,
        "PMNTN_GODN" : 19,
        "PMNTN_MTRQ" : "토사/암반",
        "PMNTN_CNRL" : " ",
        "PMNTN_CLS_" : " ",
        "PMNTN_RISK" : " ",
        "PMNTN_RECO" : " ",
        "DATA_STDR_" : "2016-12-31",
        "MNTN_ID" : "447301001"
      },
      "geometry" : {
        "paths" : [
          [
            [
              226712.98020000011,
              429406.00760000199
            ],
            [
              226704.91060000099,
              429407.51700000279
            ],
            [
              226695.60140000004,
              429408.21600000001
            ],
            [
              226676.48070000205,
              429405.53619999997
            ],
            [
              226670.31549999956,
              429404.54049999826
            ],
            [
              226663.10879999958,
              429400.15600000136
            ],
            [
              226654.9319000002,
              429396.14050000161
            ],
            [
              226647.56190000195,
              429393.55059999973
            ],
            [
              226638.39330000058,
              429387.06719999947
            ],
            [
              226631.14790000021,
              429380.61779999919
            ],
            [
              226627.42010000069,
              429376.15090000071
            ],
            [
              226627.28810000047,
              429365.37020000257
            ],
            [
              226629.93280000053,
              429358.03969999962
            ],
            [
              226633.67789999861,
              429352.01460000314
            ],
            [
              226636.96200000122,
              429344.42560000159
            ],
            [
              226637.94930000044,
              429336.09460000135
            ],
            [
              226634.36000000127,
              429330.56780000031
            ],
            [
              226630.09210000187,
              429323.37410000153
            ],
            [
              226624.82610000018,
              429313.38680000044
            ],
            [
              226621.31030000001,
              429305.93500000797
            ],
            [
              226617.4915000014,
              429299.31920000352
            ],
            [
              226613.24540000036,
              429292.3395000007
            ],
            [
              226607.30109999981,
              429287.88440000266
            ],
            [
              226601.34150000103,
              429283.52240000106
            ],
            [
              226595.86869999953,
              429277.19930000417
            ],
            [
              226590.09159999993,
              429272.15879999846
            ],
            [
              226585.80210000277,
              429269.48540000245
            ],
            [
              226584.27730000112,
              429269.35979999974
            ],
            [
              226583.87150000222,
              429269.40499999933
            ],
            [
              226575.45500000007,
              429274.80190000124
            ],
            [
              226558.48720000219,
              429265.94129999913
            ],
            [
              226557.77290000021,
              429256.34020000137
            ],
            [
              226558.32760000136,
              429251.86790000089
            ],
            [
              226557.95120000187,
              429244.79780000076
            ],
            [
              226556.19940000027,
              429237.85370000266
            ],
            [
              226551.91179999989,
              429229.67390000261
            ],
            [
              226547.53430000041,
              429223.90300000273
            ],
            [
              226543.21330000181,
              429219.30410000309
            ],
            [
              226536.96410000231,
              429218.67109999992
            ],
            [
              226530.74050000031,
              429214.64310000278
            ],
            [
              226529.92010000069,
              429205.29270000197
            ],
            [
              226523.10410000104,
              429198.4074000027
            ],
            [
              226512.8255000012,
              429191.18590000086
            ],
            [
              226506.23080000095,
              429185.61280000024
            ],
            [
              226504.59340000153,
              429180.55719999969
            ],
            [
              226492.63049999997,
              429154.13270000182
            ],
            [
              226472.69090000074,
              429146.47240000404
            ],
            [
              226468.09560000338,
              429145.55610000156
            ],
            [
              226463.94560000114,
              429146.3618999999
            ],
            [
              226445.01940000057,
              429153.76360000111
            ],
            [
              226438.56870000064,
              429155.13910000212
            ],
            [
              226432.1026000008,
              429156.63540000282
            ],
            [
              226419.91750000045,
              429158.5700000003
            ],
            [
              226413.1005000025,
              429161.81400000118
            ],
            [
              226407.45060000196,
              429164.21509999782
            ],
            [
              226400.33180000074,
              429167.86730000004
            ],
            [
              226397.44700000063,
              429170.19319999963
            ],
            [
              226393.65450000111,
              429172.11620000005
            ],
            [
              226384.90710000414,
              429175.16819999926
            ],
            [
              226378.43610000331,
              429180.7386000026
            ],
            [
              226367.68240000401,
              429183.86820000224
            ],
            [
              226355.1080000028,
              429182.90910000168
            ],
            [
              226342.84800000023,
              429182.33220000006
            ],
            [
              226329.96050000004,
              429180.56290000118
            ],
            [
              226305.81329999957,
              429177.86640000157
            ],
            [
              226299.05200000107,
              429175.15770000219
            ],
            [
              226294.31870000064,
              429170.17640000209
            ],
            [
              226290.30929999985,
              429161.8860000018
            ],
            [
              226286.46140000131,
              429152.34970000014
            ],
            [
              226287.26769999973,
              429144.12980000116
            ],
            [
              226285.14740000106,
              429137.23110000044
            ],
            [
              226282.55210000277,
              429130.8797999993
            ],
            [
              226272.58720000368,
              429124.14320000075
            ],
            [
              226268.74270000402,
              429120.92259999923
            ],
            [
              226262.42210000288,
              429116.58760000393
            ],
            [
              226257.96959999949,
              429113.11390000023
            ],
            [
              226255.96400000248,
              429108.02000000142
            ],
            [
              226258.08460000064,
              429099.98080000095
            ],
            [
              226257.2630000012,
              429095.89509999938
            ],
            [
              226248.13630000129,
              429095.21629999951
            ],
            [
              226242.04550000373,
              429094.37920000032
            ],
            [
              226235.40260000154,
              429094.70320000127
            ],
            [
              226229.40759999957,
              429094.47110000253
            ],
            [
              226223.24040000141,
              429091.55030000024
            ],
            [
              226217.59210000001,
              429088.47310000099
            ],
            [
              226206.61220000125,
              429084.44959999993
            ],
            [
              226195.07980000041,
              429084.21000000276
            ],
            [
              226183.18029999919,
              429083.64370000176
            ],
            [
              226169.52150000259,
              429080.94219999947
            ],
            [
              226155.34620000143,
              429075.1510000024
            ],
            [
              226141.42200000025,
              429068.24450000189
            ],
            [
              226132.49410000071,
              429061.44620000198
            ],
            [
              226119.55710000079,
              429056.10530000366
            ],
            [
              226106.07900000177,
              429060.72450000234
            ],
            [
              226096.99250000343,
              429064.11999999918
            ],
            [
              226085.57180000003,
              429071.6660999991
            ],
            [
              226082.25339999981,
              429073.31170000136
            ],
            [
              226072.38669999968,
              429078.79759999923
            ],
            [
              226066.75090000127,
              429081.53380000219
            ],
            [
              226050.37600000203,
              429085.04680000059
            ],
            [
              226027.52339999937,
              429081.48070000112
            ],
            [
              226015.76570000406,
              429061.25219999999
            ],
            [
              226012.77879999951,
              429060.10840000026
            ],
            [
              226010.93680000119,
              429063.0047999993
            ],
            [
              226011.58279999904,
              429063.03470000066
            ],
            [
              226008.6081000017,
              429072.82000000216
            ],
            [
              226008.95190000255,
              429078.40190000273
            ],
            [
              226010.45239999983,
              429084.14530000277
            ],
            [
              226013.39460000303,
              429087.66070000269
            ],
            [
              226017.06379999965,
              429094.2571000047
            ],
            [
              226019.38800000027,
              429098.4310999997
            ],
            [
              226021.50520000048,
              429101.41389999911
            ],
            [
              226020.51040000003,
              429104.92669999972
            ],
            [
              226018.54909999948,
              429107.50659999996
            ],
            [
              226008.14059999958,
              429115.80000000075
            ],
            [
              226001.55260000192,
              429115.39870000444
            ],
            [
              225990.14340000134,
              429119.15949999727
            ],
            [
              225978.9148000041,
              429122.89269999973
            ],
            [
              225970.12660000101,
              429124.53120000102
            ],
            [
              225962.19890000392,
              429132.42280000076
            ],
            [
              225956.73820000142,
              429136.89890000038
            ],
            [
              225953.35340000037,
              429143.16709999926
            ],
            [
              225948.26820000168,
              429150.20230000094
            ],
            [
              225943.01680000033,
              429155.05100000463
            ],
            [
              225940.32660000026,
              429165.20009999909
            ],
            [
              225937.50400000252,
              429174.40910000168
            ],
            [
              225934.4421000015,
              429183.2547999993
            ],
            [
              225929.36720000114,
              429194.41050000116
            ],
            [
              225925.2321000006,
              429200.31369999982
            ],
            [
              225919.36069999915,
              429206.49080000073
            ],
            [
              225914.19160000049,
              429211.47010000423
            ],
            [
              225901.07500000112,
              429218.47179999948
            ],
            [
              225893.47499999963,
              429227.32249999978
            ],
            [
              225891.24130000081,
              429230.60850000009
            ],
            [
              225887.13350000046,
              429234.93990000151
            ],
            [
              225885.02310000081,
              429242.18860000186
            ],
            [
              225883.49100000039,
              429249.52280000038
            ],
            [
              225883.21970000304,
              429257.30710000172
            ],
            [
              225882.87170000002,
              429263.13800000213
            ],
            [
              225880.62719999999,
              429269.97709999979
            ],
            [
              225875.16920000035,
              429278.6481999997
            ],
            [
              225867.12060000002,
              429284.31650000252
            ],
            [
              225848.01360000111,
              429292.10020000115
            ],
            [
              225836.09240000136,
              429293.82259999961
            ],
            [
              225827.91680000257,
              429291.68670000136
            ],
            [
              225821.71710000001,
              429289.64059999958
            ],
            [
              225806.14159999881,
              429289.80800000019
            ],
            [
              225789.93919999991,
              429303.67440000176
            ],
            [
              225779.30100000184,
              429321.11979999952
            ],
            [
              225774.00449999981,
              429326.05230000243
            ],
            [
              225768.56810000166,
              429330.01700000092
            ],
            [
              225758.11890000291,
              429334.52490000054
            ],
            [
              225745.92280000169,
              429340.255400002
            ],
            [
              225735.14619999938,
              429343.68330000155
            ],
            [
              225727.15740000084,
              429349.49149999954
            ],
            [
              225715.0193000026,
              429361.01689999923
            ],
            [
              225709.815200001,
              429367.76339999959
            ],
            [
              225687.41660000198,
              429378.07919999957
            ],
            [
              225677.09910000116,
              429378.70890000276
            ],
            [
              225664.20680000074,
              429377.07389999926
            ],
            [
              225655.86260000058,
              429373.57040000148
            ],
            [
              225650.18460000306,
              429367.83330000378
            ],
            [
              225645.17339999974,
              429362.73059999943
            ],
            [
              225640.94180000015,
              429355.14020000212
            ],
            [
              225638.28040000051,
              429346.3814000003
            ],
            [
              225634.65760000236,
              429339.27380000241
            ],
            [
              225629.34090000298,
              429335.60750000179
            ]
          ]
        ]
      }
    },
    {
      "attributes" : {
        "FID" : 2,
        "PMNTN_SN" : 28543,
        "MNTN_CODE" : "447301001",
        "MNTN_NM" : "비학산",
        "PMNTN_NM" : "신촌리-영치리구간",
        "PMNTN_MAIN" : " ",
        "PMNTN_LT" : 1.13,
        "PMNTN_DFFL" : "쉬움",
        "PMNTN_UPPL" : 20,
        "PMNTN_GODN" : 14,
        "PMNTN_MTRQ" : "토사/암반",
        "PMNTN_CNRL" : " ",
        "PMNTN_CLS_" : " ",
        "PMNTN_RISK" : " ",
        "PMNTN_RECO" : " ",
        "DATA_STDR_" : "2016-12-31",
        "MNTN_ID" : "447301001"
      },
      "geometry" : {
        "paths" : [
          [
            [
              226712.98020000011,
              429406.00760000199
            ],
            [
              226715.3367999997,
              429401.29390000366
            ],
            [
              226742.91390000284,
              429392.81269999966
            ],
            [
              226753.66579999961,
              429382.94810000435
            ],
            [
              226761.04790000152,
              429369.46550000086
            ],
            [
              226768.2714999998,
              429361.05279999971
            ],
            [
              226779.17960000411,
              429356.55690000206
            ],
            [
              226791.62210000027,
              429351.50769999996
            ],
            [
              226798.47540000267,
              429348.70130000077
            ],
            [
              226805.19790000189,
              429346.83390000276
            ],
            [
              226821.38730000146,
              429340.10350000113
            ],
            [
              226843.30800000019,
              429321.66190000065
            ],
            [
              226848.1540000001,
              429314.42190000229
            ],
            [
              226849.37920000032,
              429314.23970000073
            ],
            [
              226857.57950000279,
              429296.25780000165
            ],
            [
              226859.15460000373,
              429292.25379999913
            ],
            [
              226856.45050000399,
              429275.14960000105
            ],
            [
              226858.45540000312,
              429273.10960000195
            ],
            [
              226869.75410000235,
              429263.82479999959
            ],
            [
              226868.40600000042,
              429264.88100000098
            ],
            [
              226870.7583999997,
              429254.31670000032
            ],
            [
              226874.27780000307,
              429246.70590000413
            ],
            [
              226876.1445000032,
              429243.17710000463
            ],
            [
              226888.03009999916,
              429231.25259999931
            ],
            [
              226891.21280000173,
              429224.93760000169
            ],
            [
              226892.71410000324,
              429215.73390000314
            ],
            [
              226897.49030000158,
              429211.62829999998
            ],
            [
              226900.11369999964,
              429206.39980000071
            ],
            [
              226903.19030000176,
              429195.58270000108
            ],
            [
              226915.4851000011,
              429177.72520000115
            ],
            [
              226920.8395000007,
              429159.3067000024
            ],
            [
              226937.04330000281,
              429140.84759999812
            ],
            [
              226940.84420000203,
              429131.48360000178
            ],
            [
              226948.97530000005,
              429118.9058000017
            ],
            [
              226953.4029000001,
              429098.94030000083
            ],
            [
              226957.23100000061,
              429086.75149999745
            ],
            [
              226962.9421000015,
              429070.28630000167
            ],
            [
              226967.72480000369,
              429060.80850000307
            ],
            [
              226971.22220000252,
              429055.5103999991
            ],
            [
              226977.66960000247,
              429047.53440000117
            ],
            [
              226983.00550000183,
              429042.3563000001
            ],
            [
              226989.27450000029,
              429036.0689000003
            ],
            [
              226997.91250000335,
              429032.88749999925
            ],
            [
              227005.91390000004,
              429030.96959999949
            ],
            [
              227013.79920000024,
              429029.09710000083
            ],
            [
              227017.74300000258,
              429026.0234999992
            ],
            [
              227021.72110000066,
              429018.79490000196
            ],
            [
              227021.05590000004,
              429010.15289999917
            ],
            [
              227017.21660000086,
              429002.14490000345
            ],
            [
              227014.97950000037,
              428987.07950000465
            ],
            [
              227010.68600000255,
              428962.18060000055
            ],
            [
              227010.60180000123,
              428948.12999999896
            ],
            [
              227009.87040000223,
              428936.53879999928
            ],
            [
              227007.19720000029,
              428926.40140000544
            ],
            [
              227001.50780000165,
              428911.0521000009
            ],
            [
              227000.2936000023,
              428898.35490000062
            ],
            [
              227003.85470000189,
              428882.71060000174
            ],
            [
              227010.06869999971,
              428870.22660000436
            ],
            [
              227008.631500002,
              428861.72450000048
            ],
            [
              227009.35730000306,
              428848.27710000239
            ],
            [
              227010.0950000016,
              428833.41579999961
            ],
            [
              227013.37640000228,
              428822.05990000255
            ],
            [
              227023.16990000196,
              428782.59700000286
            ],
            [
              227026.25179999974,
              428764.9784000013
            ],
            [
              227027.97060000058,
              428758.33320000395
            ],
            [
              227031.76279999968,
              428742.63759999909
            ],
            [
              227035.63400000054,
              428732.6203000024
            ],
            [
              227039.32720000017,
              428726.55820000172
            ],
            [
              227047.98029999994,
              428715.32390000112
            ],
            [
              227052.9980000006,
              428698.97850000486
            ],
            [
              227054.93510000035,
              428687.43240000121
            ],
            [
              227051.77920000069,
              428670.68940000422
            ],
            [
              227049.1091000028,
              428649.94849999994
            ],
            [
              227050.72229999956,
              428619.45450000279
            ],
            [
              227053.69320000242,
              428606.49770000018
            ],
            [
              227063.0951000005,
              428601.88480000012
            ],
            [
              227077.45310000051,
              428596.72030000202
            ],
            [
              227083.68060000055,
              428597.05780000053
            ],
            [
              227139.67709999997,
              428615.20350000076
            ],
            [
              227185.61760000139,
              428617.9506000001
            ],
            [
              227193.40840000007,
              428617.34430000186
            ],
            [
              227205.09229999967,
              428611.10390000045
            ],
            [
              227215.2583999997,
              428605.14020000026
            ]
          ]
        ]
      }
    }
  ]
}