{
  "displayFieldName" : "",
  "fieldAliases" : {
    "FID" : "FID",
    "PMNTN_SN" : "PMNTN_SN",
    "MNTN_CODE" : "MNTN_CODE",
    "MNTN_NM" : "MNTN_NM",
    "PMNTN_NM" : "PMNTN_NM",
    "PMNTN_MAIN" : "PMNTN_MAIN",
    "PMNTN_LT" : "PMNTN_LT",
    "PMNTN_DFFL" : "PMNTN_DFFL",
    "PMNTN_UPPL" : "PMNTN_UPPL",
    "PMNTN_GODN" : "PMNTN_GODN",
    "PMNTN_MTRQ" : "PMNTN_MTRQ",
    "PMNTN_CNRL" : "PMNTN_CNRL",
    "PMNTN_CLS_" : "PMNTN_CLS_",
    "PMNTN_RISK" : "PMNTN_RISK",
    "PMNTN_RECO" : "PMNTN_RECO",
    "DATA_STDR_" : "DATA_STDR_",
    "MNTN_ID" : "MNTN_ID"
  },
  "geometryType" : "esriGeometryPolyline",
  "spatialReference" : {
    "wkt" : "PROJCS[\"PCS_ITRF2000_TM\",GEOGCS[\"GCS_ITRF_2000\",DATUM[\"D_ITRF_2000\",SPHEROID[\"GRS_1980\",6378137.0,298.257222101]],PRIMEM[\"Greenwich\",0.0],UNIT[\"Degree\",0.0174532925199433]],PROJECTION[\"Transverse_Mercator\"],PARAMETER[\"False_Easting\",200000.0],PARAMETER[\"False_Northing\",600000.0],PARAMETER[\"Central_Meridian\",127.0],PARAMETER[\"Scale_Factor\",1.0],PARAMETER[\"Latitude_Of_Origin\",38.0],UNIT[\"Meter\",1.0]]"
  },
  "fields" : [
    {
      "name" : "FID",
      "type" : "esriFieldTypeOID",
      "alias" : "FID"
    },
    {
      "name" : "PMNTN_SN",
      "type" : "esriFieldTypeDouble",
      "alias" : "PMNTN_SN"
    },
    {
      "name" : "MNTN_CODE",
      "type" : "esriFieldTypeString",
      "alias" : "MNTN_CODE",
      "length" : 9
    },
    {
      "name" : "MNTN_NM",
      "type" : "esriFieldTypeString",
      "alias" : "MNTN_NM",
      "length" : 50
    },
    {
      "name" : "PMNTN_NM",
      "type" : "esriFieldTypeString",
      "alias" : "PMNTN_NM",
      "length" : 50
    },
    {
      "name" : "PMNTN_MAIN",
      "type" : "esriFieldTypeString",
      "alias" : "PMNTN_MAIN",
      "length" : 200
    },
    {
      "name" : "PMNTN_LT",
      "type" : "esriFieldTypeSingle",
      "alias" : "PMNTN_LT"
    },
    {
      "name" : "PMNTN_DFFL",
      "type" : "esriFieldTypeString",
      "alias" : "PMNTN_DFFL",
      "length" : 8
    },
    {
      "name" : "PMNTN_UPPL",
      "type" : "esriFieldTypeDouble",
      "alias" : "PMNTN_UPPL"
    },
    {
      "name" : "PMNTN_GODN",
      "type" : "esriFieldTypeDouble",
      "alias" : "PMNTN_GODN"
    },
    {
      "name" : "PMNTN_MTRQ",
      "type" : "esriFieldTypeString",
      "alias" : "PMNTN_MTRQ",
      "length" : 200
    },
    {
      "name" : "PMNTN_CNRL",
      "type" : "esriFieldTypeString",
      "alias" : "PMNTN_CNRL",
      "length" : 1
    },
    {
      "name" : "PMNTN_CLS_",
      "type" : "esriFieldTypeString",
      "alias" : "PMNTN_CLS_",
      "length" : 1
    },
    {
      "name" : "PMNTN_RISK",
      "type" : "esriFieldTypeString",
      "alias" : "PMNTN_RISK",
      "length" : 200
    },
    {
      "name" : "PMNTN_RECO",
      "type" : "esriFieldTypeString",
      "alias" : "PMNTN_RECO",
      "length" : 1
    },
    {
      "name" : "DATA_STDR_",
      "type" : "esriFieldTypeString",
      "alias" : "DATA_STDR_",
      "length" : 10
    },
    {
      "name" : "MNTN_ID",
      "type" : "esriFieldTypeString",
      "alias" : "MNTN_ID",
      "length" : 10
    }
  ],
  "features" : [
    {
      "attributes" : {
        "FID" : 0,
        "PMNTN_SN" : 28168,
        "MNTN_CODE" : "427902904",
        "MNTN_NM" : "비래바위",
        "PMNTN_NM" : "구운리구간",
        "PMNTN_MAIN" : " ",
        "PMNTN_LT" : 0.71,
        "PMNTN_DFFL" : "중간",
        "PMNTN_UPPL" : 18,
        "PMNTN_GODN" : 12,
        "PMNTN_MTRQ" : " ",
        "PMNTN_CNRL" : " ",
        "PMNTN_CLS_" : " ",
        "PMNTN_RISK" : " ",
        "PMNTN_RECO" : " ",
        "DATA_STDR_" : "2016-12-31",
        "MNTN_ID" : "427901101"
      },
      "geometry" : {
        "paths" : [
          [
            [
              252055.79119999986,
              616750.5503000021
            ],
            [
              252056.24839999899,
              616746.76730000414
            ],
            [
              252056.03150000144,
              616743.36960000172
            ],
            [
              252055.19740000088,
              616739.57059999928
            ],
            [
              252054.21520000044,
              616736.70399999991
            ],
            [
              252052.07900000177,
              616731.7357000038
            ],
            [
              252046.71480000019,
              616720.89860000275
            ],
            [
              252044.63780000061,
              616716.28969999962
            ],
            [
              252041.69149999972,
              616709.42510000244
            ],
            [
              252038.25090000033,
              616701.98950000294
            ],
            [
              252021.29600000102,
              616668.09760000184
            ],
            [
              252017.42080000136,
              616659.88350000046
            ],
            [
              252014.16019999888,
              616652.43180000409
            ],
            [
              252011.29800000135,
              616645.05900000036
            ],
            [
              252008.4737999998,
              616636.6939000003
            ],
            [
              251999.79769999906,
              616606.94339999929
            ],
            [
              251996.06570000108,
              616595.39279999956
            ],
            [
              251993.83949999977,
              616589.40839999914
            ],
            [
              251991.5429999996,
              616583.91820000112
            ],
            [
              251989.1332000019,
              616578.81949999928
            ],
            [
              251986.58519999962,
              616574.0607000012
            ],
            [
              251983.27590000071,
              616568.82569999993
            ],
            [
              251979.09830000065,
              616563.23489999957
            ],
            [
              251974.78550000209,
              616558.05850000121
            ],
            [
              251964.18120000046,
              616545.93759999983
            ],
            [
              251959.17590000015,
              616539.69990000315
            ],
            [
              251954.94370000064,
              616533.51870000176
            ],
            [
              251951.7536000004,
              616527.61850000359
            ],
            [
              251949.11050000135,
              616521.4020000007
            ],
            [
              251946.75950000063,
              616514.74660000019
            ],
            [
              251944.69960000087,
              616507.64959999919
            ],
            [
              251942.92910000123,
              616500.10530000366
            ],
            [
              251941.44800000172,
              616492.11710000411
            ],
            [
              251940.25070000067,
              616483.65900000185
            ],
            [
              251939.33380000014,
              616474.70890000276
            ],
            [
              251938.69170000032,
              616465.21189999953
            ],
            [
              251938.55059999973,
              616458.90130000375
            ],
            [
              251938.76630000118,
              616452.29000000097
            ],
            [
              251939.34049999993,
              616445.30790000223
            ],
            [
              251940.28460000083,
              616437.81460000202
            ],
            [
              251942.39859999996,
              616425.41480000131
            ],
            [
              251948.09190000035,
              616397.68010000139
            ],
            [
              251950.30230000056,
              616385.38949999958
            ],
            [
              251952.55759999994,
              616372.84000000171
            ],
            [
              251958.35250000004,
              616345.25940000266
            ],
            [
              251960.65090000164,
              616333.06490000151
            ],
            [
              251962.49040000048,
              616320.11760000326
            ],
            [
              251963.04390000179,
              616314.17080000229
            ],
            [
              251963.36410000082,
              616308.46980000101
            ],
            [
              251964.54630000051,
              616285.89470000006
            ],
            [
              251964.64099999983,
              616279.69010000117
            ],
            [
              251964.48660000227,
              616274.2228000015
            ],
            [
              251964.00230000075,
              616268.6352000013
            ],
            [
              251963.1782999998,
              616263.57680000365
            ],
            [
              251962.00149999931,
              616258.9682
            ],
            [
              251960.46150000114,
              616254.77099999972
            ],
            [
              251959.11600000132,
              616252.19570000283
            ],
            [
              251957.30140000116,
              616249.62870000117
            ],
            [
              251955.0010000011,
              616247.04560000263
            ],
            [
              251952.17340000067,
              616244.39960000105
            ],
            [
              251946.18530000001,
              616239.72650000453
            ],
            [
              251931.45100000128,
              616229.49730000272
            ],
            [
              251928.12920000125,
              616226.86860000156
            ],
            [
              251925.4645000007,
              616224.43149999902
            ],
            [
              251923.13510000147,
              616221.81709999964
            ],
            [
              251921.43479999993,
              616219.25569999963
            ],
            [
              251920.07970000058,
              616215.41870000027
            ],
            [
              251919.86579999886,
              616211.04830000177
            ],
            [
              251920.49020000082,
              616207.72220000252
            ],
            [
              251921.70359999966,
              616204.12220000103
            ],
            [
              251923.52900000196,
              616200.17850000039
            ],
            [
              251927.46710000094,
              616193.46270000003
            ],
            [
              251937.64659999963,
              616178.48960000463
            ],
            [
              251941.59439999983,
              616172.04600000009
            ],
            [
              251943.72240000032,
              616168.56940000132
            ],
            [
              251946.43600000162,
              616164.79860000312
            ],
            [
              251949.78710000031,
              616160.63660000265
            ],
            [
              251960.09970000014,
              616148.48000000045
            ],
            [
              251963.01690000109,
              616144.60949999839
            ],
            [
              251965.29820000101,
              616141.1090000011
            ],
            [
              251967.42150000017,
              616136.98560000025
            ],
            [
              251968.75999999885,
              616133.07430000044
            ],
            [
              251969.34080000035,
              616129.29430000298
            ],
            [
              251969.16940000001,
              616125.60390000232
            ],
            [
              251968.36760000046,
              616121.67369999923
            ],
            [
              251967.13270000089,
              616117.70289999992
            ],
            [
              251965.46490000095,
              616113.69140000455
            ],
            [
              251963.36410000082,
              616109.63940000162
            ]
          ]
        ]
      }
    },
    {
      "attributes" : {
        "FID" : 1,
        "PMNTN_SN" : 28169,
        "MNTN_CODE" : "427902904",
        "MNTN_NM" : "비래바위",
        "PMNTN_NM" : " ",
        "PMNTN_MAIN" : " ",
        "PMNTN_LT" : 0.37,
        "PMNTN_DFFL" : "쉬움",
        "PMNTN_UPPL" : 7,
        "PMNTN_GODN" : 5,
        "PMNTN_MTRQ" : " ",
        "PMNTN_CNRL" : " ",
        "PMNTN_CLS_" : " ",
        "PMNTN_RISK" : " ",
        "PMNTN_RECO" : " ",
        "DATA_STDR_" : "2016-12-31",
        "MNTN_ID" : "427901101"
      },
      "geometry" : {
        "paths" : [
          [
            [
              252055.79119999986,
              616750.5503000021
            ],
            [
              252058.83420000039,
              616755.81289999932
            ],
            [
              252061.8730999995,
              616764.6333000008
            ],
            [
              252065.36510000192,
              616773.22870000079
            ],
            [
              252069.31020000111,
              616781.5989000015
            ],
            [
              252075.25710000191,
              616793.62820000201
            ],
            [
              252078.92509999964,
              616800.09710000269
            ],
            [
              252080.8573000012,
              616802.95530000143
            ],
            [
              252082.78550000116,
              616805.4012000002
            ],
            [
              252085.73139999993,
              616808.32149999961
            ],
            [
              252089.51750000101,
              616810.87130000256
            ],
            [
              252092.72260000184,
              616812.03590000048
            ],
            [
              252096.37620000169,
              616812.68099999987
            ],
            [
              252100.55090000015,
              616812.8200000003
            ],
            [
              252104.45720000193,
              616812.55870000273
            ],
            [
              252108.9665000001,
              616811.94670000114
            ],
            [
              252125.72030000016,
              616808.66190000251
            ],
            [
              252132.47030000202,
              616807.62510000356
            ],
            [
              252135.93980000075,
              616807.31790000014
            ],
            [
              252139.11510000098,
              616807.23220000416
            ],
            [
              252143.41550000012,
              616807.5446000006
            ],
            [
              252149.80380000081,
              616808.86449999921
            ],
            [
              252155.24830000009,
              616810.5864000041
            ],
            [
              252161.24400000088,
              616812.90720000118
            ],
            [
              252178.92870000005,
              616820.3823000025
            ],
            [
              252184.60749999993,
              616822.33870000206
            ],
            [
              252189.76949999947,
              616823.68710000068
            ],
            [
              252193.58899999969,
              616824.37659999914
            ],
            [
              252197.62900000159,
              616824.85449999943
            ],
            [
              252201.93200000096,
              616825.12600000016
            ],
            [
              252206.58360000048,
              616825.1969000008
            ],
            [
              252215.1873000022,
              616824.89430000074
            ],
            [
              252235.09979999997,
              616823.52980000153
            ],
            [
              252244.4002000019,
              616823.36740000173
            ],
            [
              252252.3432,
              616823.89290000312
            ],
            [
              252255.97740000114,
              616824.4234000016
            ],
            [
              252259.43269999977,
              616825.13840000145
            ],
            [
              252265.5438000001,
              616826.97059999965
            ],
            [
              252272.21669999976,
              616829.69070000201
            ],
            [
              252278.43360000011,
              616832.70360000432
            ],
            [
              252292.55740000121,
              616840.06430000067
            ],
            [
              252299.20880000107,
              616843.17240000144
            ],
            [
              252304.91110000014,
              616845.37230000086
            ],
            [
              252310.22880000062,
              616846.90819999948
            ],
            [
              252322.92609999981,
              616849.74500000104
            ],
            [
              252333.27269999962,
              616851.64670000039
            ],
            [
              252342.58800000045,
              616852.85520000011
            ],
            [
              252350.96760000102,
              616853.37100000307
            ],
            [
              252358.65890000109,
              616853.19150000438
            ],
            [
              252362.19980000053,
              616852.83449999988
            ],
            [
              252365.54310000222,
              616852.29890000075
            ],
            [
              252368.69249999989,
              616851.58400000259
            ],
            [
              252371.64900000021,
              616850.6894000005
            ],
            [
              252374.4142000014,
              616849.61480000243
            ],
            [
              252376.98930000048,
              616848.35950000025
            ]
          ]
        ]
      }
    },
    {
      "attributes" : {
        "FID" : 2,
        "PMNTN_SN" : 28170,
        "MNTN_CODE" : "427902904",
        "MNTN_NM" : "비래바위",
        "PMNTN_NM" : "구운리구간",
        "PMNTN_MAIN" : " ",
        "PMNTN_LT" : 0.85,
        "PMNTN_DFFL" : "쉬움",
        "PMNTN_UPPL" : 18,
        "PMNTN_GODN" : 13,
        "PMNTN_MTRQ" : " ",
        "PMNTN_CNRL" : " ",
        "PMNTN_CLS_" : " ",
        "PMNTN_RISK" : " ",
        "PMNTN_RECO" : " ",
        "DATA_STDR_" : "2016-12-31",
        "MNTN_ID" : "427901101"
      },
      "geometry" : {
        "paths" : [
          [
            [
              252376.98930000048,
              616848.35950000025
            ],
            [
              252382.11210000049,
              616845.10810000077
            ],
            [
              252387.26860000007,
              616840.90570000187
            ],
            [
              252392.32210000139,
              616835.86310000159
            ],
            [
              252397.1054000007,
              616830.1464000009
            ],
            [
              252401.45799999963,
              616823.944000002
            ],
            [
              252405.20500000007,
              616817.50130000152
            ],
            [
              252408.20790000074,
              616811.05680000037
            ],
            [
              252410.36959999986,
              616804.8200000003
            ],
            [
              252411.55830000155,
              616799.74950000085
            ],
            [
              252412.36610000208,
              616794.30160000362
            ],
            [
              252412.77920000069,
              616788.56760000251
            ],
            [
              252412.78940000013,
              616782.66109999828
            ],
            [
              252412.39549999963,
              616776.69600000232
            ],
            [
              252411.60590000078,
              616770.81560000032
            ],
            [
              252410.4384000022,
              616765.15269999951
            ],
            [
              252408.48490000051,
              616758.69889999926
            ],
            [
              252406.92939999979,
              616755.27439999953
            ],
            [
              252403.85680000111,
              616750.46499999985
            ],
            [
              252400.39390000142,
              616746.09280000068
            ],
            [
              252391.89389999956,
              616736.29419999942
            ],
            [
              252388.34880000073,
              616731.61129999906
            ],
            [
              252385.89240000024,
              616727.49699999951
            ],
            [
              252384.24590000138,
              616723.54629999958
            ],
            [
              252382.43630000018,
              616717.04790000059
            ],
            [
              252381.08900000062,
              616710.24939999916
            ],
            [
              252380.2639000006,
              616703.45650000311
            ],
            [
              252379.98630000092,
              616696.88390000165
            ],
            [
              252380.25730000064,
              616690.76890000142
            ],
            [
              252381.06570000015,
              616685.14360000193
            ],
            [
              252382.39960000105,
              616680.08880000003
            ],
            [
              252384.88690000214,
              616674.56540000252
            ],
            [
              252387.13810000103,
              616671.33950000443
            ],
            [
              252389.09410000127,
              616669.21450000256
            ],
            [
              252391.4346000012,
              616667.06010000035
            ],
            [
              252396.2508000005,
              616663.31980000064
            ],
            [
              252408.87609999999,
              616654.52620000206
            ],
            [
              252412.07520000171,
              616651.97150000185
            ],
            [
              252414.72360000201,
              616649.52910000086
            ],
            [
              252423.1026000008,
              616640.8318000026
            ],
            [
              252430.76239999942,
              616632.27759999968
            ],
            [
              252437.73429999966,
              616623.83170000091
            ],
            [
              252444.03140000068,
              616615.47790000401
            ],
            [
              252449.66810000222,
              616607.1958000008
            ],
            [
              252454.64279999863,
              616598.98670000397
            ],
            [
              252458.95860000048,
              616590.84520000033
            ],
            [
              252462.61700000055,
              616582.76860000193
            ],
            [
              252464.31790000107,
              616578.3758000005
            ],
            [
              252465.9028000012,
              616573.69340000115
            ],
            [
              252468.79970000032,
              616563.22900000215
            ],
            [
              252471.14969999902,
              616552.53879999928
            ],
            [
              252475.67879999988,
              616529.06990000419
            ],
            [
              252479.36040000152,
              616509.70120000094
            ],
            [
              252482.69850000087,
              616488.92420000397
            ],
            [
              252485.76329999976,
              616466.3245000001
            ],
            [
              252488.74069999997,
              616440.53960000165
            ],
            [
              252490.36630000081,
              616428.80370000191
            ],
            [
              252495.21970000025,
              616400.79209999926
            ],
            [
              252496.18840000127,
              616393.5792999994
            ],
            [
              252496.79970000032,
              616387.10680000111
            ],
            [
              252497.09640000015,
              616379.32940000109
            ],
            [
              252496.82419999968,
              616372.1780999992
            ],
            [
              252495.97720000055,
              616365.51320000179
            ],
            [
              252494.54600000009,
              616359.2658000011
            ],
            [
              252492.98379999958,
              616354.66470000148
            ],
            [
              252490.7977,
              616349.67090000026
            ],
            [
              252488.23350000102,
              616344.66009999998
            ],
            [
              252478.76559999865,
              616331.53840000182
            ],
            [
              252474.96740000136,
              616328.33370000124
            ],
            [
              252472.10310000181,
              616324.74240000173
            ],
            [
              252468.21210000105,
              616317.87480000034
            ],
            [
              252466.76010000054,
              616303.46410000138
            ],
            [
              252466.72740000021,
              616287.24350000359
            ],
            [
              252464.06830000225,
              616273.63820000365
            ],
            [
              252463.11689999979,
              616267.47419999912
            ],
            [
              252462.29889999982,
              616260.55370000191
            ],
            [
              252459.71440000087,
              616231.55000000075
            ],
            [
              252459.27150000073,
              616225.33849999867
            ],
            [
              252459.2201000005,
              616217.93120000325
            ],
            [
              252455.23450000025,
              616213.94810000435
            ],
            [
              252451.46300000139,
              616209.68970000185
            ],
            [
              252450.85890000034,
              616201.62280000187
            ],
            [
              252452.46719999984,
              616190.61539999954
            ],
            [
              252454.61750000063,
              616174.04670000076
            ],
            [
              252451.46669999976,
              616161.8563000001
            ],
            [
              252446.61319999956,
              616157.10120000131
            ],
            [
              252441.47990000062,
              616153.13930000179
            ],
            [
              252436.21150000114,
              616150.57120000198
            ],
            [
              252424.53220000118,
              616149.38220000453
            ],
            [
              252419.50690000132,
              616147.46169999987
            ],
            [
              252412.38040000107,
              616147.06540000066
            ],
            [
              252406.75090000033,
              616144.37150000036
            ],
            [
              252402.28410000075,
              616139.00470000133
            ],
            [
              252395.96329999901,
              616134.48420000263
            ],
            [
              252390.80510000046,
              616130.30710000172
            ],
            [
              252385.80410000123,
              616127.73029999807
            ],
            [
              252379.45200000051,
              616125.99970000237
            ],
            [
              252374.76519999932,
              616123.1043999996
            ],
            [
              252369.73269999959,
              616119.79860000126
            ]
          ]
        ]
      }
    },
    {
      "attributes" : {
        "FID" : 3,
        "PMNTN_SN" : 28171,
        "MNTN_CODE" : "427902904",
        "MNTN_NM" : "비래바위",
        "PMNTN_NM" : "봉오리구간",
        "PMNTN_MAIN" : " ",
        "PMNTN_LT" : 1.66,
        "PMNTN_DFFL" : "쉬움",
        "PMNTN_UPPL" : 29,
        "PMNTN_GODN" : 21,
        "PMNTN_MTRQ" : " ",
        "PMNTN_CNRL" : " ",
        "PMNTN_CLS_" : " ",
        "PMNTN_RISK" : " ",
        "PMNTN_RECO" : " ",
        "DATA_STDR_" : "2016-12-31",
        "MNTN_ID" : "427901101"
      },
      "geometry" : {
        "paths" : [
          [
            [
              252376.98930000048,
              616848.35950000025
            ],
            [
              252390.61890000012,
              616860.88090000302
            ],
            [
              252404.56430000067,
              616873.03190000169
            ],
            [
              252408.52710000053,
              616876.0410999991
            ],
            [
              252418.73830000032,
              616882.77539999783
            ],
            [
              252422.81699999981,
              616885.76820000261
            ],
            [
              252425.41930000018,
              616888.20319999941
            ],
            [
              252427.73060000222,
              616892.32210000046
            ],
            [
              252426.60050000064,
              616897.26319999993
            ],
            [
              252423.49120000098,
              616900.77829999849
            ],
            [
              252420.94620000012,
              616902.82530000433
            ],
            [
              252417.68250000011,
              616905.10920000076
            ],
            [
              252404.50019999966,
              616913.34600000083
            ],
            [
              252399.32030000072,
              616916.83440000005
            ],
            [
              252394.77929999959,
              616920.44160000049
            ],
            [
              252391.50250000041,
              616923.82799999975
            ],
            [
              252387.98379999958,
              616928.82980000228
            ],
            [
              252384.6782999998,
              616934.92500000075
            ],
            [
              252381.94120000023,
              616941.06310000457
            ],
            [
              252375.99469999969,
              616955.75610000081
            ],
            [
              252372.74740000069,
              616962.61180000007
            ],
            [
              252371.01200000104,
              616965.68360000104
            ],
            [
              252369.22180000041,
              616968.44340000115
            ],
            [
              252367.34949999955,
              616970.93260000274
            ],
            [
              252364.42069999874,
              616974.09790000133
            ],
            [
              252361.30030000117,
              616976.81450000033
            ],
            [
              252356.12229999993,
              616980.3134000022
            ],
            [
              252350.81049999967,
              616983.25780000165
            ],
            [
              252338.21109999996,
              616989.60880000331
            ],
            [
              252332.62380000111,
              616992.85420000181
            ],
            [
              252328.25520000141,
              616996.00230000354
            ],
            [
              252324.74189999979,
              616999.29640000127
            ],
            [
              252322.10010000039,
              617002.46810000204
            ],
            [
              252319.64270000067,
              617006.03570000269
            ],
            [
              252317.34279999975,
              617010.03750000149
            ],
            [
              252315.15400000196,
              617014.55370000005
            ],
            [
              252311.68080000114,
              617023.28639999963
            ],
            [
              252304.35400000121,
              617044.55230000243
            ],
            [
              252302.22180000041,
              617049.83730000257
            ],
            [
              252300.06960000005,
              617054.44639999978
            ],
            [
              252297.21940000076,
              617059.81540000066
            ],
            [
              252293.8328999998,
              617065.69100000151
            ],
            [
              252281.61409999989,
              617085.38620000146
            ],
            [
              252277.09620000049,
              617093.01420000009
            ],
            [
              252272.9020999996,
              617100.8732000012
            ],
            [
              252269.59190000035,
              617108.14520000108
            ],
            [
              252267.38310000021,
              617113.8534000013
            ],
            [
              252265.31590000074,
              617119.91740000062
            ],
            [
              252263.3694000002,
              617126.39780000225
            ],
            [
              252261.50700000022,
              617133.41599999927
            ],
            [
              252258.41560000088,
              617146.98799999803
            ],
            [
              252252.17610000074,
              617177.80829999968
            ],
            [
              252249.53920000046,
              617191.87500000373
            ],
            [
              252245.57180000003,
              617218.29250000045
            ],
            [
              252243.81120000128,
              617228.78100000136
            ],
            [
              252241.60350000113,
              617239.46619999968
            ],
            [
              252239.11430000141,
              617248.92290000245
            ],
            [
              252236.79669999983,
              617256.26710000262
            ],
            [
              252234.13100000098,
              617263.84110000171
            ],
            [
              252231.09609999973,
              617271.70530000143
            ],
            [
              252227.65020000003,
              617279.96810000017
            ],
            [
              252219.68770000059,
              617297.43469999917
            ],
            [
              252207.18530000187,
              617322.94000000134
            ],
            [
              252199.41480000131,
              617338.16290000081
            ],
            [
              252190.86320000049,
              617353.96619999968
            ],
            [
              252181.43320000079,
              617370.53109999932
            ],
            [
              252170.90240000095,
              617388.2491999995
            ],
            [
              252167.39880000055,
              617393.73650000058
            ],
            [
              252163.24340000097,
              617399.68930000253
            ],
            [
              252146.21169999987,
              617422.1192000024
            ],
            [
              252139.41610000003,
              617431.75660000183
            ],
            [
              252136.04920000117,
              617437.12509999983
            ],
            [
              252133.19240000099,
              617442.24640000239
            ],
            [
              252130.7892000014,
              617447.22269999981
            ],
            [
              252128.81420000084,
              617452.10720000416
            ],
            [
              252127.33800000045,
              617456.65310000442
            ],
            [
              252126.11100000143,
              617461.50239999965
            ],
            [
              252125.12050000019,
              617466.70340000466
            ],
            [
              252124.34830000065,
              617472.35060000233
            ],
            [
              252123.47630000114,
              617483.40550000407
            ],
            [
              252122.72730000038,
              617504.45210000128
            ],
            [
              252122.25230000075,
              617512.88570000045
            ],
            [
              252121.37999999989,
              617521.46050000004
            ],
            [
              252120.1063000001,
              617529.02690000087
            ],
            [
              252118.31710000057,
              617536.4944000002
            ],
            [
              252115.87930000108,
              617544.73709999956
            ],
            [
              252106.7293000007,
              617571.00310000218
            ],
            [
              252103.74190000072,
              617580.2864000015
            ],
            [
              252101.37720000092,
              617589.13130000047
            ],
            [
              252099.78790000174,
              617597.23880000226
            ],
            [
              252098.91930000018,
              617603.63130000047
            ],
            [
              252098.26120000146,
              617610.34400000237
            ],
            [
              252097.80730000138,
              617617.43759999983
            ],
            [
              252097.54999999981,
              617625.02840000018
            ],
            [
              252097.56610000227,
              617640.78370000236
            ],
            [
              252098.33659999911,
              617668.35330000147
            ],
            [
              252098.24409999978,
              617677.91560000181
            ],
            [
              252097.14070000034,
              617701.24230000004
            ],
            [
              252097.11270000134,
              617707.21409999952
            ],
            [
              252097.32490000036,
              617712.49640000239
            ],
            [
              252097.97900000028,
              617718.68880000152
            ],
            [
              252099.07790000085,
              617724.21930000186
            ],
            [
              252100.6428000005,
              617729.19390000217
            ],
            [
              252102.69050000049,
              617733.66260000132
            ],
            [
              252105.31879999954,
              617737.90350000188
            ],
            [
              252108.59540000092,
              617742.13100000098
            ],
            [
              252112.53470000159,
              617746.36380000412
            ],
            [
              252117.16849999968,
              617750.63649999723
            ],
            [
              252122.3629999999,
              617754.85480000079
            ],
            [
              252128.37790000066,
              617759.25409999862
            ],
            [
              252135.25779999979,
              617763.88589999825
            ],
            [
              252144.77870000061,
              617769.94549999759
            ],
            [
              252149.14710000064,
              617772.49239999987
            ],
            [
              252153.86440000217,
              617774.85429999791
            ],
            [
              252158.97559999954,
              617777.05410000309
            ],
            [
              252164.56900000013,
              617779.13000000082
            ],
            [
              252175.90799999982,
              617782.61460000277
            ],
            [
              252198.26329999976,
              617788.4143000003
            ],
            [
              252207.36620000098,
              617791.0009000022
            ],
            [
              252216.60040000081,
              617794.13439999893
            ],
            [
              252224.60110000055,
              617797.52050000243
            ],
            [
              252231.44230000023,
              617800.44450000301
            ],
            [
              252249.85010000039,
              617807.45240000263
            ],
            [
              252254.71950000059,
              617809.60810000263
            ],
            [
              252258.81660000049,
              617811.72110000066
            ],
            [
              252263.12899999972,
              617814.45520000346
            ],
            [
              252266.56990000047,
              617817.32340000197
            ],
            [
              252269.20010000095,
              617820.37680000253
            ],
            [
              252271.40270000044,
              617824.67970000394
            ],
            [
              252272.35319999978,
              617829.29920000024
            ],
            [
              252272.46989999898,
              617833.44979999959
            ],
            [
              252271.96219999995,
              617839.05310000107
            ],
            [
              252269.8180000009,
              617853.77819999866
            ],
            [
              252269.5362999998,
              617857.84149999917
            ],
            [
              252269.59190000035,
              617861.37839999795
            ],
            [
              252270.55170000065,
              617871.24750000238
            ],
            [
              252272.10990000051,
              617881.23220000044
            ],
            [
              252274.2519999994,
              617891.24090000242
            ],
            [
              252276.95750000048,
              617901.17700000107
            ],
            [
              252280.20000000019,
              617910.94369999878
            ],
            [
              252283.94790000003,
              617920.4458000008
            ],
            [
              252288.16509999987,
              617929.59180000424
            ],
            [
              252292.81300000101,
              617938.29820000008
            ],
            [
              252296.58210000023,
              617944.63830000162
            ],
            [
              252300.41309999954,
              617950.61590000056
            ],
            [
              252304.30810000096,
              617956.23420000076
            ],
            [
              252308.26730000041,
              617961.49360000156
            ],
            [
              252312.29140000138,
              617966.39470000006
            ],
            [
              252316.37900000066,
              617970.93580000103
            ],
            [
              252320.52950000111,
              617975.11620000191
            ],
            [
              252324.74189999979,
              617978.93510000035
            ],
            [
              252327.00200000126,
              617980.71420000121
            ],
            [
              252329.69520000089,
              617982.5401000008
            ],
            [
              252339.13599999994,
              617988.09540000185
            ],
            [
              252342.4824000001,
              617990.23300000094
            ],
            [
              252345.53589999955,
              617992.55330000073
            ],
            [
              252348.81300000101,
              617995.98320000246
            ],
            [
              252351.13049999904,
              617999.5316000022
            ],
            [
              252352.37909999862,
              618002.31519999914
            ],
            [
              252353.42769999988,
              618005.45990000106
            ],
            [
              252354.24270000029,
              618008.76440000162
            ],
            [
              252354.93560000136,
              618012.56620000117
            ],
            [
              252356.83560000081,
              618027.98980000243
            ],
            [
              252357.96470000036,
              618034.40300000273
            ],
            [
              252358.831100001,
              618037.72060000151
            ],
            [
              252359.85950000025,
              618040.67520000227
            ],
            [
              252361.77330000047,
              618044.51009999961
            ],
            [
              252364.8049000008,
              618048.89519999921
            ],
            [
              252367.4841,
              618052.0949000027
            ],
            [
              252370.52680000011,
              618055.3104000017
            ],
            [
              252373.95860000048,
              618058.56899999827
            ],
            [
              252381.97310000192,
              618065.23200000077
            ],
            [
              252392.95380000025,
              618073.2706000004
            ],
            [
              252401.00260000024,
              618078.86790000275
            ],
            [
              252407.44340000208,
              618083.08799999766
            ],
            [
              252413.38390000071,
              618086.65620000102
            ],
            [
              252418.93560000136,
              618089.6297999993
            ],
            [
              252424.35010000039,
              618092.12860000134
            ],
            [
              252429.54030000232,
              618094.09630000405
            ],
            [
              252434.54789999966,
              618095.54849999771
            ],
            [
              252439.39590000175,
              618096.4916999992
            ],
            [
              252442.68200000189,
              618096.83899999969
            ],
            [
              252446.16710000113,
              618096.95870000124
            ],
            [
              252449.88620000146,
              618096.85220000148
            ],
            [
              252453.90930000134,
              618096.51760000363
            ],
            [
              252461.3956000004,
              618095.46360000037
            ],
            [
              252480.03280000202,
              618092.13780000247
            ],
            [
              252497.97420000099,
              618089.13170000166
            ],
            [
              252515.80709999986,
              618085.46900000237
            ],
            [
              252533.53150000051,
              618081.14950000122
            ],
            [
              252551.14730000123,
              618076.17330000177
            ]
          ]
        ]
      }
    },
    {
      "attributes" : {
        "FID" : 4,
        "PMNTN_SN" : 28172,
        "MNTN_CODE" : "427902904",
        "MNTN_NM" : "비래바위",
        "PMNTN_NM" : "다목리구간",
        "PMNTN_MAIN" : " ",
        "PMNTN_LT" : 4.26,
        "PMNTN_DFFL" : "쉬움",
        "PMNTN_UPPL" : 75,
        "PMNTN_GODN" : 53,
        "PMNTN_MTRQ" : " ",
        "PMNTN_CNRL" : " ",
        "PMNTN_CLS_" : " ",
        "PMNTN_RISK" : " ",
        "PMNTN_RECO" : " ",
        "DATA_STDR_" : "2016-12-31",
        "MNTN_ID" : "427901101"
      },
      "geometry" : {
        "paths" : [
          [
            [
              249996.83020000067,
              618901.97240000032
            ],
            [
              250014.86519999988,
              618895.78480000049
            ],
            [
              250033.11310000066,
              618890.36180000193
            ],
            [
              250046.05950000044,
              618886.63719999976
            ],
            [
              250052.06510000024,
              618885.07050000131
            ],
            [
              250058.11249999888,
              618883.82220000029
            ],
            [
              250063.59080000129,
              618883.1053000018
            ],
            [
              250070.95579999965,
              618882.44920000061
            ],
            [
              250075.42109999992,
              618882.2723999992
            ],
            [
              250079.2957000006,
              618882.4782000035
            ],
            [
              250083.55279999971,
              618883.56599999964
            ],
            [
              250087.2714000009,
              618885.89479999989
            ],
            [
              250090.10000000056,
              618889.31240000203
            ],
            [
              250092.04050000012,
              618893.01800000109
            ],
            [
              250093.41949999891,
              618896.6229000017
            ],
            [
              250094.72790000029,
              618900.99620000087
            ],
            [
              250098.26680000033,
              618916.11680000275
            ],
            [
              250099.64159999974,
              618921.3123000022
            ],
            [
              250101.14199999999,
              618925.81780000031
            ],
            [
              250102.77630000096,
              618929.54739999957
            ],
            [
              250109.51180000138,
              618943.86119999923
            ],
            [
              250112.98220000044,
              618947.970900001
            ],
            [
              250115.62399999984,
              618946.00829999894
            ],
            [
              250116.87420000043,
              618940.69859999791
            ],
            [
              250119.33280000091,
              618925.66620000452
            ],
            [
              250120.2807,
              618921.4552000016
            ],
            [
              250121.82120000105,
              618916.71230000257
            ],
            [
              250124.05340000056,
              618912.58939999901
            ],
            [
              250126.71910000127,
              618910.30340000056
            ],
            [
              250130.0420000013,
              618909.17909999937
            ],
            [
              250133.13940000068,
              618908.79949999973
            ],
            [
              250137.65000000037,
              618908.87470000237
            ],
            [
              250147.03309999965,
              618909.72140000202
            ],
            [
              250150.90830000117,
              618909.92290000431
            ],
            [
              250154.73430000059,
              618909.78869999759
            ],
            [
              250157.92640000209,
              618909.22900000401
            ],
            [
              250161.38119999971,
              618908.07130000368
            ],
            [
              250164.80940000061,
              618906.44350000098
            ],
            [
              250168.24530000146,
              618904.32970000058
            ],
            [
              250171.75119999982,
              618901.69199999981
            ],
            [
              250174.8572000023,
              618898.98440000042
            ],
            [
              250178.20830000099,
              618895.7359000016
            ],
            [
              250190.09370000008,
              618883.03870000131
            ],
            [
              250195.11090000067,
              618878.05900000036
            ],
            [
              250200.5708000008,
              618873.46199999936
            ],
            [
              250203.20550000109,
              618871.61720000207
            ],
            [
              250205.81980000064,
              618870.04340000078
            ],
            [
              250220.01180000231,
              618861.76710000075
            ],
            [
              250223.90300000086,
              618859.72880000249
            ],
            [
              250227.39190000203,
              618858.13819999993
            ],
            [
              250231.05480000097,
              618856.7909000013
            ],
            [
              250234.45590000134,
              618855.9141000025
            ],
            [
              250237.64640000183,
              618855.49489999935
            ],
            [
              250241.61630000081,
              618855.67750000209
            ],
            [
              250244.57910000067,
              618856.36830000393
            ],
            [
              250248.88659999985,
              618858.23550000414
            ],
            [
              250252.95450000186,
              618860.63599999994
            ],
            [
              250262.92380000185,
              618867.24269999936
            ],
            [
              250266.96030000038,
              618869.43500000052
            ],
            [
              250277.31780000031,
              618873.9504000023
            ],
            [
              250282.97219999973,
              618876.13350000232
            ],
            [
              250288.19510000199,
              618877.75840000249
            ],
            [
              250294.29710000008,
              618878.91370000131
            ],
            [
              250298.56869999878,
              618879.20320000313
            ],
            [
              250304.56060000136,
              618878.8655000031
            ],
            [
              250310.91090000048,
              618877.73660000227
            ],
            [
              250317.69149999879,
              618875.80409999937
            ],
            [
              250324.54999999981,
              618873.22969999909
            ],
            [
              250332.10790000018,
              618869.83510000072
            ],
            [
              250340.01400000229,
              618865.845900001
            ],
            [
              250353.85410000104,
              618858.43290000036
            ],
            [
              250358.09700000007,
              618855.94640000165
            ],
            [
              250362.652999999,
              618852.80750000104
            ],
            [
              250376.80360000115,
              618841.61720000207
            ],
            [
              250381.87949999981,
              618837.86930000409
            ],
            [
              250386.86270000227,
              618834.70550000109
            ],
            [
              250391.58830000088,
              618832.30920000188
            ],
            [
              250396.37400000077,
              618830.60969999991
            ],
            [
              250402.03949999996,
              618829.34930000268
            ],
            [
              250407.67300000135,
              618828.56600000151
            ],
            [
              250421.14110000152,
              618827.18810000271
            ],
            [
              250427.57800000068,
              618826.11449999921
            ],
            [
              250430.59059999976,
              618825.35270000249
            ],
            [
              250433.31090000086,
              618824.44710000418
            ],
            [
              250436.90689999983,
              618822.76650000177
            ],
            [
              250441.67520000134,
              618819.58660000004
            ],
            [
              250445.22109999973,
              618816.4514000006
            ],
            [
              250448.69850000087,
              618812.7183000017
            ],
            [
              250452.16299999971,
              618808.32780000195
            ],
            [
              250455.24260000139,
              618803.87480000034
            ],
            [
              250458.50170000177,
              618798.65709999949
            ],
            [
              250469.95940000005,
              618778.61050000042
            ],
            [
              250471.81470000092,
              618775.30550000072
            ],
            [
              250473.58059999999,
              618771.73970000073
            ],
            [
              250476.93030000012,
              618763.64629999921
            ],
            [
              250479.70930000022,
              618755.5121000018
            ],
            [
              250486.00860000215,
              618735.18190000206
            ],
            [
              250487.94910000078,
              618729.68209999986
            ],
            [
              250489.87870000023,
              618724.86060000025
            ],
            [
              250492.24250000063,
              618719.78960000165
            ],
            [
              250494.76290000044,
              618715.25239999779
            ],
            [
              250497.48539999966,
              618711.16789999977
            ],
            [
              250500.43709999975,
              618707.49600000121
            ],
            [
              250502.97820000071,
              618704.94899999909
            ],
            [
              250506.17380000092,
              618702.33000000194
            ],
            [
              250517.95639999956,
              618694.28230000101
            ],
            [
              250522.05510000046,
              618691.16070000269
            ],
            [
              250525.57720000111,
              618687.73509999923
            ],
            [
              250527.46700000018,
              618685.14729999937
            ],
            [
              250529.46079999954,
              618681.04620000161
            ],
            [
              250530.4821999995,
              618677.42689999938
            ],
            [
              250531.08690000046,
              618673.38120000251
            ],
            [
              250531.28680000082,
              618668.83249999955
            ],
            [
              250531.16980000027,
              618664.92280000448
            ],
            [
              250530.81340000033,
              618660.49340000376
            ],
            [
              250528.61530000065,
              618643.33840000071
            ],
            [
              250528.01209999993,
              618636.381500002
            ],
            [
              250526.87060000002,
              618612.08110000193
            ],
            [
              250525.64130000118,
              618597.50469999947
            ],
            [
              250524.73350000009,
              618590.62040000223
            ],
            [
              250523.62710000109,
              618584.22010000236
            ],
            [
              250522.30500000063,
              618578.20500000194
            ],
            [
              250520.7555000009,
              618572.52350000106
            ],
            [
              250519.15600000136,
              618568.02490000241
            ],
            [
              250516.93600000069,
              618563.1213000007
            ],
            [
              250508.33050000016,
              618547.37550000101
            ],
            [
              250505.46700000018,
              618541.58390000276
            ],
            [
              250503.22719999962,
              618535.80839999951
            ],
            [
              250501.88839999959,
              618530.43530000001
            ],
            [
              250500.93780000135,
              618522.88220000267
            ],
            [
              250500.61779999919,
              618514.86690000072
            ],
            [
              250500.93869999982,
              618506.63270000182
            ],
            [
              250501.88839999959,
              618498.50640000217
            ],
            [
              250503.09810000006,
              618492.95510000363
            ],
            [
              250504.9935000008,
              618487.33110000007
            ],
            [
              250507.5943,
              618481.57370000146
            ],
            [
              250510.95309999958,
              618475.56529999897
            ],
            [
              250514.22460000217,
              618470.49790000357
            ],
            [
              250518.18369999994,
              618464.93139999919
            ],
            [
              250535.87889999989,
              618441.82960000262
            ],
            [
              250539.4972000001,
              618436.59549999982
            ],
            [
              250542.52520000096,
              618431.74579999968
            ],
            [
              250553.68900000211,
              618413.76600000262
            ],
            [
              250556.40509999916,
              618408.75470000133
            ],
            [
              250558.48970000073,
              618404.17080000043
            ],
            [
              250560.63970000111,
              618397.90460000373
            ],
            [
              250562.19620000105,
              618391.14780000411
            ],
            [
              250563.17580000125,
              618383.83210000396
            ],
            [
              250563.59779999964,
              618375.81750000082
            ],
            [
              250563.54769999906,
              618368.91830000095
            ],
            [
              250563.16210000124,
              618361.17760000005
            ],
            [
              250560.61039999966,
              618332.81409999914
            ],
            [
              250559.94100000057,
              618321.4458000008
            ],
            [
              250559.64309999999,
              618316.11530000158
            ],
            [
              250559.05290000048,
              618310.19390000217
            ],
            [
              250555.71980000008,
              618286.87549999915
            ],
            [
              250554.69720000122,
              618276.96920000389
            ],
            [
              250554.46690000128,
              618271.61460000463
            ],
            [
              250554.53690000065,
              618266.65750000253
            ],
            [
              250554.90880000032,
              618261.99840000086
            ],
            [
              250555.58710000198,
              618257.58780000173
            ],
            [
              250557.25520000048,
              618250.97340000235
            ],
            [
              250559.84119999968,
              618243.71330000088
            ],
            [
              250562.75860000122,
              618236.92520000227
            ],
            [
              250569.96710000001,
              618221.40369999968
            ],
            [
              250573.00290000066,
              618214.04830000177
            ],
            [
              250578.91760000121,
              618197.57230000198
            ],
            [
              250585.05869999994,
              618179.01099999808
            ],
            [
              250606.38320000004,
              618109.55360000022
            ],
            [
              250608.73360000085,
              618102.75050000101
            ],
            [
              250611.7181000011,
              618095.16360000148
            ],
            [
              250625.22329999972,
              618063.94580000266
            ],
            [
              250627.69450000022,
              618057.51050000265
            ],
            [
              250629.70240000077,
              618051.62099999934
            ],
            [
              250631.91349999979,
              618043.68129999936
            ],
            [
              250633.34450000059,
              618036.26480000094
            ],
            [
              250634.02390000224,
              618029.22100000083
            ],
            [
              250633.81810000166,
              618021.20430000126
            ],
            [
              250633.1640999997,
              618017.26439999975
            ],
            [
              250631.40650000051,
              618011.40450000018
            ],
            [
              250629.12160000112,
              618005.71299999952
            ],
            [
              250622.91080000065,
              617991.85769999959
            ],
            [
              250621.45349999983,
              617988.09580000117
            ],
            [
              250620.36670000106,
              617984.73120000213
            ],
            [
              250619.50879999995,
              617981.12800000235
            ],
            [
              250619.07300000079,
              617977.78619999997
            ],
            [
              250619.05170000158,
              617974.64670000412
            ],
            [
              250619.4450000003,
              617971.67850000225
            ],
            [
              250620.16480000038,
              617968.91519999877
            ],
            [
              250621.19730000105,
              617966.04670000449
            ],
            [
              250622.5513000004,
              617963.04750000127
            ],
            [
              250624.24930000026,
              617959.86769999936
            ],
            [
              250628.15270000137,
              617953.66080000065
            ],
            [
              250636.86079999898,
              617941.20079999976
            ],
            [
              250640.76719999965,
              617935.81750000268
            ],
            [
              250645.43589999992,
              617930.19710000232
            ],
            [
              250651.18719999958,
              617923.95950000361
            ],
            [
              250663.84119999968,
              617911.0939000044
            ],
            [
              250669.20270000026,
              617905.40690000355
            ],
            [
              250674.55500000063,
              617899.17870000191
            ],
            [
              250678.94899999909,
              617893.30739999935
            ],
            [
              250688.31850000005,
              617879.73389999755
            ],
            [
              250693.65370000061,
              617871.19980000332
            ],
            [
              250695.92390000075,
              617867.05729999952
            ],
            [
              250697.84220000077,
              617863.10579999909
            ],
            [
              250699.43630000018,
              617859.28800000064
            ],
            [
              250700.71870000008,
              617855.57320000045
            ],
            [
              250702.2798000006,
              617849.70820000023
            ],
            [
              250703.46160000004,
              617843.4998000022
            ],
            [
              250704.25250000134,
              617837.00950000063
            ],
            [
              250704.6428000005,
              617830.31460000388
            ],
            [
              250704.62710000016,
              617823.4868000038
            ],
            [
              250704.20430000033,
              617816.64110000059
            ],
            [
              250703.38070000149,
              617809.88350000046
            ],
            [
              250702.17010000069,
              617803.32579999976
            ],
            [
              250700.6018000003,
              617796.97220000066
            ],
            [
              250698.67949999962,
              617790.67190000415
            ],
            [
              250696.44479999971,
              617784.5604000017
            ],
            [
              250693.9347000001,
              617778.73850000277
            ],
            [
              250691.1985000018,
              617773.31390000135
            ],
            [
              250688.25500000082,
              617768.31829999946
            ],
            [
              250685.13210000191,
              617763.7985999994
            ],
            [
              250681.85160000063,
              617759.7862999998
            ],
            [
              250679.033400001,
              617756.98340000398
            ],
            [
              250675.7723000003,
              617754.38709999993
            ],
            [
              250672.03390000202,
              617751.96960000321
            ],
            [
              250667.74550000019,
              617749.68330000155
            ],
            [
              250663.75679999962,
              617747.87050000206
            ],
            [
              250659.14869999979,
              617746.02320000343
            ],
            [
              250642.74790000077,
              617740.21370000206
            ],
            [
              250636.46880000085,
              617737.80350000225
            ],
            [
              250630.3944000015,
              617735.06490000151
            ],
            [
              250625.25030000135,
              617732.21130000055
            ],
            [
              250614.80610000156,
              617725.47039999999
            ],
            [
              250605.0390000008,
              617718.63000000082
            ],
            [
              250595.9430000009,
              617711.68579999916
            ],
            [
              250587.51609999873,
              617704.63620000146
            ],
            [
              250582.30409999937,
              617699.91600000113
            ],
            [
              250577.12640000135,
              617694.93390000239
            ],
            [
              250571.98450000025,
              617689.69140000269
            ],
            [
              250566.88030000124,
              617684.19040000252
            ],
            [
              250556.79170000087,
              617672.42049999721
            ],
            [
              250546.87920000125,
              617659.64540000074
            ],
            [
              250541.39329999965,
              617651.75850000046
            ],
            [
              250535.70710000023,
              617642.63079999946
            ],
            [
              250530.62739999965,
              617633.81269999966
            ],
            [
              250519.70399999898,
              617614.12739999965
            ],
            [
              250514.95020000078,
              617605.946700003
            ],
            [
              250491.85250000004,
              617568.63880000263
            ],
            [
              250486.31819999963,
              617559.28559999913
            ],
            [
              250481.5700000003,
              617550.79670000263
            ],
            [
              250474.2536000004,
              617536.41280000284
            ],
            [
              250466.81620000023,
              617520.03950000368
            ],
            [
              250460.11620000005,
              617503.99500000104
            ],
            [
              250444.1389000006,
              617464.15039999969
            ],
            [
              250439.49920000043,
              617453.18530000001
            ],
            [
              250435.12780000083,
              617443.39930000342
            ],
            [
              250427.04120000172,
              617426.35979999974
            ],
            [
              250407.72860000003,
              617387.0324000027
            ],
            [
              250398.84489999991,
              617367.93080000393
            ],
            [
              250391.28729999997,
              617350.60630000196
            ],
            [
              250383.44139999989,
              617331.85859999992
            ],
            [
              250375.11029999983,
              617311.22650000453
            ],
            [
              250365.46460000053,
              617286.65710000135
            ],
            [
              250350.57690000068,
              617248.32490000129
            ],
            [
              250346.03550000116,
              617235.70699999854
            ],
            [
              250342.24360000063,
              617224.25050000288
            ],
            [
              250338.93090000004,
              617215.21010000072
            ],
            [
              250329.48859999888,
              617192.78620000184
            ],
            [
              250327.45120000001,
              617187.15680000186
            ],
            [
              250325.97219999973,
              617182.21639999934
            ],
            [
              250324.79210000113,
              617176.48320000246
            ],
            [
              250324.45170000009,
              617171.47169999965
            ],
            [
              250324.76980000082,
              617168.14719999954
            ],
            [
              250325.89300000016,
              617164.2081000004
            ],
            [
              250327.99010000005,
              617160.61720000021
            ],
            [
              250330.3722000001,
              617158.08980000019
            ],
            [
              250333.45150000043,
              617155.68420000188
            ],
            [
              250337.29250000045,
              617153.34929999895
            ],
            [
              250340.94950000104,
              617151.50390000083
            ],
            [
              250345.32409999985,
              617149.57349999994
            ],
            [
              250365.622299999,
              617141.5185000021
            ],
            [
              250370.2762000002,
              617139.32990000211
            ],
            [
              250374.1725000022,
              617137.17149999924
            ],
            [
              250381.4625000013,
              617132.54399999976
            ],
            [
              250389.30940000154,
              617127.18209999986
            ],
            [
              250397.83650000114,
              617121.02370000072
            ],
            [
              250422.71210000012,
              617102.56860000268
            ],
            [
              250430.71520000044,
              617096.97049999982
            ],
            [
              250438.03050000127,
              617092.18070000224
            ],
            [
              250451.86000000034,
              617083.7137000002
            ],
            [
              250466.20330000017,
              617075.40900000371
            ],
            [
              250481.07620000094,
              617067.2573000025
            ],
            [
              250496.4999000011,
              617059.24700000323
            ],
            [
              250512.48810000066,
              617051.37050000392
            ],
            [
              250529.08590000216,
              617043.60520000011
            ],
            [
              250546.33420000039,
              617035.93180000037
            ],
            [
              250564.29499999993,
              617028.3227000013
            ],
            [
              250598.72620000131,
              617013.92170000263
            ],
            [
              250609.10090000089,
              617009.82619999908
            ],
            [
              250618.45260000229,
              617006.37209999934
            ],
            [
              250628.09210000001,
              617003.11910000257
            ],
            [
              250637.18910000101,
              617000.39690000005
            ],
            [
              250645.89120000042,
              616998.16169999912
            ],
            [
              250654.27660000138,
              616996.39380000159
            ],
            [
              250662.53070000093,
              616995.12700000033
            ],
            [
              250671.21910000034,
              616994.3283000011
            ],
            [
              250680.42870000005,
              616993.98910000175
            ],
            [
              250690.32860000059,
              616994.10290000401
            ],
            [
              250699.32610000204,
              616994.54739999957
            ],
            [
              250709.36630000081,
              616995.32930000126
            ],
            [
              250744.88560000062,
              616999.04539999925
            ],
            [
              250759.01520000119,
              617000.25880000181
            ],
            [
              250773.4486999996,
              617000.91290000454
            ],
            [
              250780.04860000033,
              617000.93230000138
            ],
            [
              250786.34639999922,
              617000.74770000204
            ],
            [
              250794.10039999988,
              617000.2807
            ],
            [
              250802.19620000012,
              616999.58410000056
            ],
            [
              250819.84169999976,
              616997.4627000019
            ],
            [
              250836.50770000182,
              616994.9199000001
            ],
            [
              250874.63110000081,
              616988.53000000119
            ],
            [
              250892.43480000179,
              616985.94280000217
            ],
            [
              250907.50750000123,
              616984.27370000072
            ],
            [
              250921.3189000003,
              616983.33190000057
            ],
            [
              250933.06900000107,
              616983.12360000052
            ],
            [
              250946.21600000188,
              616983.4935999997
            ],
            [
              250958.88110000081,
              616984.25180000067
            ],
            [
              250989.59610000066,
              616986.54040000029
            ],
            [
              251005.40139999986,
              616987.28110000305
            ],
            [
              251013.34130000044,
              616987.37500000186
            ],
            [
              251020.76709999982,
              616987.23370000347
            ],
            [
              251027.8049999997,
              616986.85490000248
            ],
            [
              251034.52149999887,
              616986.23460000381
            ],
            [
              251043.86180000193,
              616984.88570000231
            ],
            [
              251053.48959999997,
              616982.9143000003
            ],
            [
              251063.48819999956,
              616980.3038000036
            ],
            [
              251074.00810000114,
              616977.01510000229
            ],
            [
              251084.47169999965,
              616973.28099999949
            ],
            [
              251095.98200000171,
              616968.75459999964
            ],
            [
              251107.82020000089,
              616963.77980000153
            ],
            [
              251140.49490000121,
              616949.62710000016
            ],
            [
              251150.54910000041,
              616945.51270000078
            ],
            [
              251159.61490000132,
              616942.03540000133
            ],
            [
              251170.09670000058,
              616938.37630000338
            ],
            [
              251179.96139999945,
              616935.36500000395
            ],
            [
              251189.40299999993,
              616932.94270000234
            ],
            [
              251198.52029999997,
              616931.08449999988
            ],
            [
              251211.99780000001,
              616928.87670000456
            ],
            [
              251225.58430000208,
              616926.98069999926
            ],
            [
              251239.2435000008,
              616925.40170000307
            ],
            [
              251252.93910000101,
              616924.14380000159
            ],
            [
              251266.63390000165,
              616923.21040000208
            ],
            [
              251280.29360000137,
              616922.60390000232
            ],
            [
              251293.88310000021,
              616922.32570000179
            ],
            [
              251307.36910000071,
              616922.37659999914
            ],
            [
              251314.70960000064,
              616922.60800000094
            ],
            [
              251322.35859999992,
              616923.07250000164
            ],
            [
              251338.94150000066,
              616924.72530000098
            ],
            [
              251355.67700000107,
              616927.0401000008
            ],
            [
              251387.59710000083,
              616932.13790000044
            ],
            [
              251400.63680000138,
              616934.07770000026
            ],
            [
              251414.18640000001,
              616935.77390000038
            ],
            [
              251426.37700000126,
              616936.88980000094
            ],
            [
              251450.58250000048,
              616938.68549999967
            ],
            [
              251464.31840000022,
              616939.49280000106
            ],
            [
              251477.20639999956,
              616939.88580000401
            ],
            [
              251488.78359999973,
              616939.79240000062
            ],
            [
              251495.13680000044,
              616939.48430000059
            ],
            [
              251501.58789999969,
              616938.94190000184
            ],
            [
              251508.1501000002,
              616938.16389999911
            ],
            [
              251514.84100000095,
              616937.14840000123
            ],
            [
              251521.67190000135,
              616935.89410000108
            ],
            [
              251528.67810000014,
              616934.39490000159
            ],
            [
              251543.35879999958,
              616930.63020000048
            ],
            [
              251556.4112999998,
              616926.68420000188
            ],
            [
              251570.86550000217,
              616921.81069999933
            ],
            [
              251584.95790000074,
              616916.71000000276
            ],
            [
              251620.79220000003,
              616903.3264000006
            ],
            [
              251640.44529999979,
              616896.4849999994
            ],
            [
              251650.82820000127,
              616893.2106999997
            ],
            [
              251660.59470000025,
              616890.41670000181
            ],
            [
              251669.92320000194,
              616888.0521000009
            ],
            [
              251678.90610000025,
              616886.09369999915
            ],
            [
              251695.82049999945,
              616882.93069999851
            ],
            [
              251714.77390000224,
              616879.78790000267
            ],
            [
              251780.4982000012,
              616870.12920000404
            ],
            [
              251793.91720000003,
              616868.30819999985
            ],
            [
              251825.99230000004,
              616864.69630000181
            ],
            [
              251840.4553000005,
              616862.79690000229
            ],
            [
              251855.63430000097,
              616860.18590000272
            ],
            [
              251862.50850000139,
              616858.69960000366
            ],
            [
              251869.02850000001,
              616857.06740000099
            ],
            [
              251878.57710000128,
              616854.37340000272
            ],
            [
              251888.03950000089,
              616851.44710000418
            ],
            [
              251897.38830000162,
              616848.29680000246
            ],
            [
              251906.59850000031,
              616844.93120000325
            ],
            [
              251915.64390000142,
              616841.35979999974
            ],
            [
              251924.50500000082,
              616837.59040000103
            ],
            [
              251933.1612000009,
              616833.63180000149
            ],
            [
              251941.59439999983,
              616829.49240000173
            ],
            [
              251948.75019999966,
              616825.7068000026
            ],
            [
              251956.06950000022,
              616821.54069999978
            ],
            [
              251963.60300000105,
              616816.96570000052
            ],
            [
              251971.43680000026,
              616811.92939999886
            ],
            [
              251988.03300000075,
              616800.48990000226
            ],
            [
              252009.80620000139,
              616784.50159999914
            ],
            [
              252013.42779999971,
              616781.98330000043
            ],
            [
              252017.84219999984,
              616779.2442000024
            ],
            [
              252038.48570000194,
              616767.48709999956
            ],
            [
              252043.06989999954,
              616764.49939999916
            ],
            [
              252046.83730000164,
              616761.68080000021
            ],
            [
              252050.84660000075,
              616757.97960000113
            ],
            [
              252053.07180000097,
              616755.22189999931
            ],
            [
              252055.79119999986,
              616750.5503000021
            ]
          ]
        ]
      }
    }
  ]
}