{
  "displayFieldName" : "",
  "fieldAliases" : {
    "FID" : "FID",
    "PMNTN_SPOT" : "PMNTN_SPOT",
    "MNTN_CODE" : "MNTN_CODE",
    "MANAGE_SP1" : "MANAGE_SP1",
    "MANAGE_SP2" : "MANAGE_SP2",
    "DETAIL_SPO" : "DETAIL_SPO",
    "ETC_MATTER" : "ETC_MATTER",
    "MNTN_NM" : "MNTN_NM",
    "PAST_SPOT_" : "PAST_SPOT_",
    "MNTN_ID" : "MNTN_ID"
  },
  "geometryType" : "esriGeometryPoint",
  "spatialReference" : {
    "wkt" : "PROJCS[\"PCS_ITRF2000_TM\",GEOGCS[\"GCS_ITRF_2000\",DATUM[\"D_ITRF_2000\",SPHEROID[\"GRS_1980\",6378137.0,298.257222101]],PRIMEM[\"Greenwich\",0.0],UNIT[\"Degree\",0.0174532925199433]],PROJECTION[\"Transverse_Mercator\"],PARAMETER[\"False_Easting\",200000.0],PARAMETER[\"False_Northing\",600000.0],PARAMETER[\"Central_Meridian\",127.0],PARAMETER[\"Scale_Factor\",1.0],PARAMETER[\"Latitude_Of_Origin\",38.0],UNIT[\"Meter\",1.0]]"
  },
  "fields" : [
    {
      "name" : "FID",
      "type" : "esriFieldTypeOID",
      "alias" : "FID"
    },
    {
      "name" : "PMNTN_SPOT",
      "type" : "esriFieldTypeDouble",
      "alias" : "PMNTN_SPOT"
    },
    {
      "name" : "MNTN_CODE",
      "type" : "esriFieldTypeString",
      "alias" : "MNTN_CODE",
      "length" : 9
    },
    {
      "name" : "MANAGE_SP1",
      "type" : "esriFieldTypeString",
      "alias" : "MANAGE_SP1",
      "length" : 2
    },
    {
      "name" : "MANAGE_SP2",
      "type" : "esriFieldTypeString",
      "alias" : "MANAGE_SP2",
      "length" : 50
    },
    {
      "name" : "DETAIL_SPO",
      "type" : "esriFieldTypeString",
      "alias" : "DETAIL_SPO",
      "length" : 200
    },
    {
      "name" : "ETC_MATTER",
      "type" : "esriFieldTypeString",
      "alias" : "ETC_MATTER",
      "length" : 200
    },
    {
      "name" : "MNTN_NM",
      "type" : "esriFieldTypeString",
      "alias" : "MNTN_NM",
      "length" : 50
    },
    {
      "name" : "PAST_SPOT_",
      "type" : "esriFieldTypeString",
      "alias" : "PAST_SPOT_",
      "length" : 14
    },
    {
      "name" : "MNTN_ID",
      "type" : "esriFieldTypeString",
      "alias" : "MNTN_ID",
      "length" : 10
    }
  ],
  "features" : [
    {
      "attributes" : {
        "FID" : 0,
        "PMNTN_SPOT" : 37385,
        "MNTN_CODE" : "427602601",
        "MANAGE_SP1" : "99",
        "MANAGE_SP2" : "기타",
        "DETAIL_SPO" : "기타",
        "ETC_MATTER" : "이정표훼손",
        "MNTN_NM" : "백적산",
        "PAST_SPOT_" : "22150119000001",
        "MNTN_ID" : "2215011900"
      },
      "geometry" : {
        "x" : 331217.68940000515,
        "y" : 556781.86339999922
      }
    },
    {
      "attributes" : {
        "FID" : 1,
        "PMNTN_SPOT" : 37386,
        "MNTN_CODE" : "427602601",
        "MANAGE_SP1" : "99",
        "MANAGE_SP2" : "기타",
        "DETAIL_SPO" : "기타",
        "ETC_MATTER" : "이정표훼손",
        "MNTN_NM" : "백적산",
        "PAST_SPOT_" : "22150119000002",
        "MNTN_ID" : "2215011900"
      },
      "geometry" : {
        "x" : 331241.96240000427,
        "y" : 556775.82990000211
      }
    },
    {
      "attributes" : {
        "FID" : 2,
        "PMNTN_SPOT" : 37387,
        "MNTN_CODE" : "427602601",
        "MANAGE_SP1" : "99",
        "MANAGE_SP2" : "기타",
        "DETAIL_SPO" : "상여바위",
        "ETC_MATTER" : " ",
        "MNTN_NM" : "백적산",
        "PAST_SPOT_" : "22150119000003",
        "MNTN_ID" : "2215011900"
      },
      "geometry" : {
        "x" : 331600.66000000387,
        "y" : 556782.59869999997
      }
    },
    {
      "attributes" : {
        "FID" : 3,
        "PMNTN_SPOT" : 37388,
        "MNTN_CODE" : "427602601",
        "MANAGE_SP1" : "99",
        "MANAGE_SP2" : "기타",
        "DETAIL_SPO" : "삼형제바위",
        "ETC_MATTER" : " ",
        "MNTN_NM" : "백적산",
        "PAST_SPOT_" : "22150119000004",
        "MNTN_ID" : "2215011900"
      },
      "geometry" : {
        "x" : 331667.17920000292,
        "y" : 556526.92540000007
      }
    },
    {
      "attributes" : {
        "FID" : 4,
        "PMNTN_SPOT" : 37389,
        "MNTN_CODE" : "427602601",
        "MANAGE_SP1" : "99",
        "MANAGE_SP2" : "기타",
        "DETAIL_SPO" : "기타",
        "ETC_MATTER" : " ",
        "MNTN_NM" : "백적산",
        "PAST_SPOT_" : "22150119000005",
        "MNTN_ID" : "2215011900"
      },
      "geometry" : {
        "x" : 331735.95430000033,
        "y" : 556134.91350000165
      }
    },
    {
      "attributes" : {
        "FID" : 5,
        "PMNTN_SPOT" : 37390,
        "MNTN_CODE" : "427602601",
        "MANAGE_SP1" : "99",
        "MANAGE_SP2" : "기타",
        "DETAIL_SPO" : "기타",
        "ETC_MATTER" : " ",
        "MNTN_NM" : "백적산",
        "PAST_SPOT_" : "22150119000006",
        "MNTN_ID" : "2215011900"
      },
      "geometry" : {
        "x" : 331559.94760000147,
        "y" : 555457.07710000314
      }
    },
    {
      "attributes" : {
        "FID" : 6,
        "PMNTN_SPOT" : 37391,
        "MNTN_CODE" : "427602601",
        "MANAGE_SP1" : "99",
        "MANAGE_SP2" : "기타",
        "DETAIL_SPO" : "기타",
        "ETC_MATTER" : "이정표설치요망",
        "MNTN_NM" : "백적산",
        "PAST_SPOT_" : "22150119000007",
        "MNTN_ID" : "2215011900"
      },
      "geometry" : {
        "x" : 330995.74690000154,
        "y" : 555831.33100000024
      }
    },
    {
      "attributes" : {
        "FID" : 7,
        "PMNTN_SPOT" : 37392,
        "MNTN_CODE" : "427602601",
        "MANAGE_SP1" : "99",
        "MANAGE_SP2" : "기타",
        "DETAIL_SPO" : "기타",
        "ETC_MATTER" : " ",
        "MNTN_NM" : "백적산",
        "PAST_SPOT_" : "22150119000008",
        "MNTN_ID" : "2215011900"
      },
      "geometry" : {
        "x" : 330796.77300000377,
        "y" : 555773.62380000204
      }
    },
    {
      "attributes" : {
        "FID" : 8,
        "PMNTN_SPOT" : 37393,
        "MNTN_CODE" : "427602601",
        "MANAGE_SP1" : "01",
        "MANAGE_SP2" : "시종점",
        "DETAIL_SPO" : "시종점,굴암사",
        "ETC_MATTER" : " ",
        "MNTN_NM" : "백적산",
        "PAST_SPOT_" : "22150119000009",
        "MNTN_ID" : "2215011900"
      },
      "geometry" : {
        "x" : 330158.47180000506,
        "y" : 555788.09380000271
      }
    },
    {
      "attributes" : {
        "FID" : 9,
        "PMNTN_SPOT" : 37394,
        "MNTN_CODE" : "427602601",
        "MANAGE_SP1" : "01",
        "MANAGE_SP2" : "시종점",
        "DETAIL_SPO" : "시종점,마을회관",
        "ETC_MATTER" : "안내판훼손",
        "MNTN_NM" : "백적산",
        "PAST_SPOT_" : "22150119000010",
        "MNTN_ID" : "2215011900"
      },
      "geometry" : {
        "x" : 330169.54010000266,
        "y" : 557013.85710000247
      }
    },
    {
      "attributes" : {
        "FID" : 10,
        "PMNTN_SPOT" : 37395,
        "MNTN_CODE" : "427602601",
        "MANAGE_SP1" : "99",
        "MANAGE_SP2" : "기타",
        "DETAIL_SPO" : "백적산",
        "ETC_MATTER" : " ",
        "MNTN_NM" : "백적산",
        "PAST_SPOT_" : "22150119000011",
        "MNTN_ID" : "2215011900"
      },
      "geometry" : {
        "x" : 331789.95450000465,
        "y" : 555696.33639999852
      }
    }
  ]
}