{
  "displayFieldName" : "",
  "fieldAliases" : {
    "FID" : "FID",
    "PMNTN_SPOT" : "PMNTN_SPOT",
    "MNTN_CODE" : "MNTN_CODE",
    "MANAGE_SP1" : "MANAGE_SP1",
    "MANAGE_SP2" : "MANAGE_SP2",
    "DETAIL_SPO" : "DETAIL_SPO",
    "ETC_MATTER" : "ETC_MATTER",
    "MNTN_NM" : "MNTN_NM",
    "PAST_SPOT_" : "PAST_SPOT_",
    "MNTN_ID" : "MNTN_ID"
  },
  "geometryType" : "esriGeometryPoint",
  "spatialReference" : {
    "wkt" : "PROJCS[\"PCS_ITRF2000_TM\",GEOGCS[\"GCS_ITRF_2000\",DATUM[\"D_ITRF_2000\",SPHEROID[\"GRS_1980\",6378137.0,298.257222101]],PRIMEM[\"Greenwich\",0.0],UNIT[\"Degree\",0.0174532925199433]],PROJECTION[\"Transverse_Mercator\"],PARAMETER[\"False_Easting\",200000.0],PARAMETER[\"False_Northing\",600000.0],PARAMETER[\"Central_Meridian\",127.0],PARAMETER[\"Scale_Factor\",1.0],PARAMETER[\"Latitude_Of_Origin\",38.0],UNIT[\"Meter\",1.0]]"
  },
  "fields" : [
    {
      "name" : "FID",
      "type" : "esriFieldTypeOID",
      "alias" : "FID"
    },
    {
      "name" : "PMNTN_SPOT",
      "type" : "esriFieldTypeDouble",
      "alias" : "PMNTN_SPOT"
    },
    {
      "name" : "MNTN_CODE",
      "type" : "esriFieldTypeString",
      "alias" : "MNTN_CODE",
      "length" : 9
    },
    {
      "name" : "MANAGE_SP1",
      "type" : "esriFieldTypeString",
      "alias" : "MANAGE_SP1",
      "length" : 2
    },
    {
      "name" : "MANAGE_SP2",
      "type" : "esriFieldTypeString",
      "alias" : "MANAGE_SP2",
      "length" : 50
    },
    {
      "name" : "DETAIL_SPO",
      "type" : "esriFieldTypeString",
      "alias" : "DETAIL_SPO",
      "length" : 200
    },
    {
      "name" : "ETC_MATTER",
      "type" : "esriFieldTypeString",
      "alias" : "ETC_MATTER",
      "length" : 200
    },
    {
      "name" : "MNTN_NM",
      "type" : "esriFieldTypeString",
      "alias" : "MNTN_NM",
      "length" : 50
    },
    {
      "name" : "PAST_SPOT_",
      "type" : "esriFieldTypeString",
      "alias" : "PAST_SPOT_",
      "length" : 14
    },
    {
      "name" : "MNTN_ID",
      "type" : "esriFieldTypeString",
      "alias" : "MNTN_ID",
      "length" : 10
    }
  ],
  "features" : [
    {
      "attributes" : {
        "FID" : 0,
        "PMNTN_SPOT" : 20541,
        "MNTN_CODE" : "448100201",
        "MANAGE_SP1" : "01",
        "MANAGE_SP2" : "시종점",
        "DETAIL_SPO" : "시종점",
        "ETC_MATTER" : " ",
        "MNTN_NM" : "덕봉산",
        "PAST_SPOT_" : "4481002010001",
        "MNTN_ID" : "448100201"
      },
      "geometry" : {
        "x" : 188086.09940000065,
        "y" : 457958.03010000102
      }
    },
    {
      "attributes" : {
        "FID" : 1,
        "PMNTN_SPOT" : 20542,
        "MNTN_CODE" : "448100201",
        "MANAGE_SP1" : "02",
        "MANAGE_SP2" : "분기점",
        "DETAIL_SPO" : "분기점",
        "ETC_MATTER" : " ",
        "MNTN_NM" : "덕봉산",
        "PAST_SPOT_" : "4481002010002",
        "MNTN_ID" : "448100201"
      },
      "geometry" : {
        "x" : 188134.57890000101,
        "y" : 457849.0092999991
      }
    },
    {
      "attributes" : {
        "FID" : 2,
        "PMNTN_SPOT" : 20543,
        "MNTN_CODE" : "448100201",
        "MANAGE_SP1" : "01",
        "MANAGE_SP2" : "시종점",
        "DETAIL_SPO" : "시종점",
        "ETC_MATTER" : " ",
        "MNTN_NM" : "덕봉산",
        "PAST_SPOT_" : "4481002010003",
        "MNTN_ID" : "448100201"
      },
      "geometry" : {
        "x" : 188356.95380000025,
        "y" : 458197.14220000245
      }
    },
    {
      "attributes" : {
        "FID" : 3,
        "PMNTN_SPOT" : 20544,
        "MNTN_CODE" : "448100201",
        "MANAGE_SP1" : "01",
        "MANAGE_SP2" : "시종점",
        "DETAIL_SPO" : "시종점",
        "ETC_MATTER" : " ",
        "MNTN_NM" : "덕봉산",
        "PAST_SPOT_" : "4481002010004",
        "MNTN_ID" : "448100201"
      },
      "geometry" : {
        "x" : 188527.01770000067,
        "y" : 457583.90520000085
      }
    },
    {
      "attributes" : {
        "FID" : 4,
        "PMNTN_SPOT" : 20545,
        "MNTN_CODE" : "448100201",
        "MANAGE_SP1" : "02",
        "MANAGE_SP2" : "분기점",
        "DETAIL_SPO" : "분기점",
        "ETC_MATTER" : " ",
        "MNTN_NM" : "덕봉산",
        "PAST_SPOT_" : "4481002010005",
        "MNTN_ID" : "448100201"
      },
      "geometry" : {
        "x" : 188570.20340105519,
        "y" : 457554.65303792246
      }
    },
    {
      "attributes" : {
        "FID" : 5,
        "PMNTN_SPOT" : 20546,
        "MNTN_CODE" : "448100201",
        "MANAGE_SP1" : "01",
        "MANAGE_SP2" : "시종점",
        "DETAIL_SPO" : "시종점",
        "ETC_MATTER" : " ",
        "MNTN_NM" : "덕봉산",
        "PAST_SPOT_" : "4481002010006",
        "MNTN_ID" : "448100201"
      },
      "geometry" : {
        "x" : 188997.59270000178,
        "y" : 458555.7173999995
      }
    },
    {
      "attributes" : {
        "FID" : 6,
        "PMNTN_SPOT" : 20547,
        "MNTN_CODE" : "448100201",
        "MANAGE_SP1" : "02",
        "MANAGE_SP2" : "분기점",
        "DETAIL_SPO" : "분기점",
        "ETC_MATTER" : " ",
        "MNTN_NM" : "덕봉산",
        "PAST_SPOT_" : "4481002010007",
        "MNTN_ID" : "448100201"
      },
      "geometry" : {
        "x" : 189461.08889999986,
        "y" : 457258.32940000296
      }
    },
    {
      "attributes" : {
        "FID" : 7,
        "PMNTN_SPOT" : 20548,
        "MNTN_CODE" : "448100201",
        "MANAGE_SP1" : "02",
        "MANAGE_SP2" : "분기점",
        "DETAIL_SPO" : "분기점",
        "ETC_MATTER" : " ",
        "MNTN_NM" : "덕봉산",
        "PAST_SPOT_" : "4481002010008",
        "MNTN_ID" : "448100201"
      },
      "geometry" : {
        "x" : 189536.49299215991,
        "y" : 457301.80729842372
      }
    },
    {
      "attributes" : {
        "FID" : 8,
        "PMNTN_SPOT" : 20549,
        "MNTN_CODE" : "448100201",
        "MANAGE_SP1" : "01",
        "MANAGE_SP2" : "시종점",
        "DETAIL_SPO" : "시종점",
        "ETC_MATTER" : " ",
        "MNTN_NM" : "덕봉산",
        "PAST_SPOT_" : "4481002010009",
        "MNTN_ID" : "448100201"
      },
      "geometry" : {
        "x" : 189637.93499999959,
        "y" : 456824.36110000126
      }
    },
    {
      "attributes" : {
        "FID" : 9,
        "PMNTN_SPOT" : 20550,
        "MNTN_CODE" : "448100201",
        "MANAGE_SP1" : "02",
        "MANAGE_SP2" : "분기점",
        "DETAIL_SPO" : "분기점",
        "ETC_MATTER" : " ",
        "MNTN_NM" : "덕봉산",
        "PAST_SPOT_" : "4481002010010",
        "MNTN_ID" : "448100201"
      },
      "geometry" : {
        "x" : 189668.63360000122,
        "y" : 456742.22160000168
      }
    },
    {
      "attributes" : {
        "FID" : 10,
        "PMNTN_SPOT" : 20551,
        "MNTN_CODE" : "448100201",
        "MANAGE_SP1" : "01",
        "MANAGE_SP2" : "시종점",
        "DETAIL_SPO" : "시종점",
        "ETC_MATTER" : " ",
        "MNTN_NM" : "덕봉산",
        "PAST_SPOT_" : "4481002010011",
        "MNTN_ID" : "448100201"
      },
      "geometry" : {
        "x" : 189730.84460000135,
        "y" : 456748.0596000012
      }
    },
    {
      "attributes" : {
        "FID" : 11,
        "PMNTN_SPOT" : 20552,
        "MNTN_CODE" : "448100201",
        "MANAGE_SP1" : "02",
        "MANAGE_SP2" : "분기점",
        "DETAIL_SPO" : "분기점",
        "ETC_MATTER" : " ",
        "MNTN_NM" : "덕봉산",
        "PAST_SPOT_" : "4481002010012",
        "MNTN_ID" : "448100201"
      },
      "geometry" : {
        "x" : 191222.48950000014,
        "y" : 457319.222000001
      }
    },
    {
      "attributes" : {
        "FID" : 12,
        "PMNTN_SPOT" : 20553,
        "MNTN_CODE" : "448100201",
        "MANAGE_SP1" : "01",
        "MANAGE_SP2" : "시종점",
        "DETAIL_SPO" : "시종점",
        "ETC_MATTER" : " ",
        "MNTN_NM" : "덕봉산",
        "PAST_SPOT_" : "4481002010013",
        "MNTN_ID" : "448100201"
      },
      "geometry" : {
        "x" : 191274.21399999969,
        "y" : 457381.76300000213
      }
    },
    {
      "attributes" : {
        "FID" : 13,
        "PMNTN_SPOT" : 20554,
        "MNTN_CODE" : "448100201",
        "MANAGE_SP1" : "01",
        "MANAGE_SP2" : "시종점",
        "DETAIL_SPO" : "시종점",
        "ETC_MATTER" : " ",
        "MNTN_NM" : "덕봉산",
        "PAST_SPOT_" : "4481002010014",
        "MNTN_ID" : "448100201"
      },
      "geometry" : {
        "x" : 191002.14760000072,
        "y" : 456773.87420000322
      }
    }
  ]
}