{
  "displayFieldName" : "",
  "fieldAliases" : {
    "FID" : "FID",
    "PMNTN_SN" : "PMNTN_SN",
    "MNTN_CODE" : "MNTN_CODE",
    "MNTN_NM" : "MNTN_NM",
    "PMNTN_NM" : "PMNTN_NM",
    "PMNTN_MAIN" : "PMNTN_MAIN",
    "PMNTN_LT" : "PMNTN_LT",
    "PMNTN_DFFL" : "PMNTN_DFFL",
    "PMNTN_UPPL" : "PMNTN_UPPL",
    "PMNTN_GODN" : "PMNTN_GODN",
    "PMNTN_MTRQ" : "PMNTN_MTRQ",
    "PMNTN_CNRL" : "PMNTN_CNRL",
    "PMNTN_CLS_" : "PMNTN_CLS_",
    "PMNTN_RISK" : "PMNTN_RISK",
    "PMNTN_RECO" : "PMNTN_RECO",
    "DATA_STDR_" : "DATA_STDR_",
    "MNTN_ID" : "MNTN_ID"
  },
  "geometryType" : "esriGeometryPolyline",
  "spatialReference" : {
    "wkt" : "PROJCS[\"PCS_ITRF2000_TM\",GEOGCS[\"GCS_ITRF_2000\",DATUM[\"D_ITRF_2000\",SPHEROID[\"GRS_1980\",6378137.0,298.257222101]],PRIMEM[\"Greenwich\",0.0],UNIT[\"Degree\",0.0174532925199433]],PROJECTION[\"Transverse_Mercator\"],PARAMETER[\"False_Easting\",200000.0],PARAMETER[\"False_Northing\",600000.0],PARAMETER[\"Central_Meridian\",127.0],PARAMETER[\"Scale_Factor\",1.0],PARAMETER[\"Latitude_Of_Origin\",38.0],UNIT[\"Meter\",1.0]]"
  },
  "fields" : [
    {
      "name" : "FID",
      "type" : "esriFieldTypeOID",
      "alias" : "FID"
    },
    {
      "name" : "PMNTN_SN",
      "type" : "esriFieldTypeDouble",
      "alias" : "PMNTN_SN"
    },
    {
      "name" : "MNTN_CODE",
      "type" : "esriFieldTypeString",
      "alias" : "MNTN_CODE",
      "length" : 9
    },
    {
      "name" : "MNTN_NM",
      "type" : "esriFieldTypeString",
      "alias" : "MNTN_NM",
      "length" : 50
    },
    {
      "name" : "PMNTN_NM",
      "type" : "esriFieldTypeString",
      "alias" : "PMNTN_NM",
      "length" : 50
    },
    {
      "name" : "PMNTN_MAIN",
      "type" : "esriFieldTypeString",
      "alias" : "PMNTN_MAIN",
      "length" : 200
    },
    {
      "name" : "PMNTN_LT",
      "type" : "esriFieldTypeSingle",
      "alias" : "PMNTN_LT"
    },
    {
      "name" : "PMNTN_DFFL",
      "type" : "esriFieldTypeString",
      "alias" : "PMNTN_DFFL",
      "length" : 8
    },
    {
      "name" : "PMNTN_UPPL",
      "type" : "esriFieldTypeDouble",
      "alias" : "PMNTN_UPPL"
    },
    {
      "name" : "PMNTN_GODN",
      "type" : "esriFieldTypeDouble",
      "alias" : "PMNTN_GODN"
    },
    {
      "name" : "PMNTN_MTRQ",
      "type" : "esriFieldTypeString",
      "alias" : "PMNTN_MTRQ",
      "length" : 200
    },
    {
      "name" : "PMNTN_CNRL",
      "type" : "esriFieldTypeString",
      "alias" : "PMNTN_CNRL",
      "length" : 1
    },
    {
      "name" : "PMNTN_CLS_",
      "type" : "esriFieldTypeString",
      "alias" : "PMNTN_CLS_",
      "length" : 1
    },
    {
      "name" : "PMNTN_RISK",
      "type" : "esriFieldTypeString",
      "alias" : "PMNTN_RISK",
      "length" : 200
    },
    {
      "name" : "PMNTN_RECO",
      "type" : "esriFieldTypeString",
      "alias" : "PMNTN_RECO",
      "length" : 1
    },
    {
      "name" : "DATA_STDR_",
      "type" : "esriFieldTypeString",
      "alias" : "DATA_STDR_",
      "length" : 10
    },
    {
      "name" : "MNTN_ID",
      "type" : "esriFieldTypeString",
      "alias" : "MNTN_ID",
      "length" : 10
    }
  ],
  "features" : [
    {
      "attributes" : {
        "FID" : 0,
        "PMNTN_SN" : 10816,
        "MNTN_CODE" : "441800101",
        "MNTN_NM" : "당경산",
        "PMNTN_NM" : "제석리구간",
        "PMNTN_MAIN" : " ",
        "PMNTN_LT" : 0.36,
        "PMNTN_DFFL" : "쉬움",
        "PMNTN_UPPL" : 6,
        "PMNTN_GODN" : 4,
        "PMNTN_MTRQ" : " ",
        "PMNTN_CNRL" : " ",
        "PMNTN_CLS_" : " ",
        "PMNTN_RISK" : " ",
        "PMNTN_RECO" : " ",
        "DATA_STDR_" : "2016-12-31",
        "MNTN_ID" : "441800101"
      },
      "geometry" : {
        "paths" : [
          [
            [
              161584.95840000175,
              412145.35559999943
            ],
            [
              161582.81070000306,
              412142.49140000157
            ],
            [
              161580.19940000121,
              412137.15289999917
            ],
            [
              161578.73070000391,
              412131.21580000408
            ],
            [
              161576.44550000224,
              412124.50870000198
            ],
            [
              161569.57739999983,
              412115.78480000235
            ],
            [
              161566.61139999982,
              412110.2603999991
            ],
            [
              161564.42100000288,
              412104.33890000172
            ],
            [
              161562.4112000009,
              412097.9475000035
            ],
            [
              161558.98820000142,
              412092.75760000199
            ],
            [
              161555.17220000364,
              412087.7482000012
            ],
            [
              161550.76400000136,
              412082.06600000151
            ],
            [
              161545.75490000192,
              412078.1406000033
            ],
            [
              161539.82770000119,
              412075.09710000269
            ],
            [
              161535.18200000189,
              412070.5373999998
            ],
            [
              161531.43420000002,
              412064.6501000002
            ],
            [
              161527.83629999962,
              412059.35460000299
            ],
            [
              161523.59980000183,
              412054.79820000008
            ],
            [
              161512.99959999975,
              412048.12880000286
            ],
            [
              161507.6471000025,
              412044.25
            ],
            [
              161502.4338999996,
              412040.26530000195
            ],
            [
              161497.2396999998,
              412038.56780000404
            ],
            [
              161491.06340000033,
              412037.6699000001
            ],
            [
              161486.23550000135,
              412038.18500000238
            ],
            [
              161483.17970000021,
              412036.40550000221
            ],
            [
              161478.30650000181,
              412035.2993999999
            ],
            [
              161473.60049999971,
              412033.84530000016
            ],
            [
              161466.34610000346,
              412033.1838000007
            ],
            [
              161462.57440000214,
              412032.86910000071
            ],
            [
              161457.41880000103,
              412033.31700000167
            ],
            [
              161453.25880000088,
              412034.85669999942
            ],
            [
              161449.74010000005,
              412032.35740000196
            ],
            [
              161445.43840000313,
              412029.98179999925
            ],
            [
              161440.98350000009,
              412027.30660000257
            ],
            [
              161437.76269999985,
              412023.68119999766
            ],
            [
              161433.159500001,
              412021.12040000409
            ],
            [
              161427.07460000087,
              412019.65100000054
            ],
            [
              161420.39830000047,
              412018.83880000003
            ],
            [
              161416.5774000017,
              412013.82070000283
            ],
            [
              161413.42839999869,
              412008.04600000195
            ],
            [
              161409.64020000119,
              412002.29380000196
            ],
            [
              161404.52020000014,
              411997.47250000015
            ],
            [
              161398.38269999903,
              411993.93050000258
            ],
            [
              161391.93010000419,
              411991.12800000049
            ],
            [
              161386.75679999962,
              411986.09010000154
            ],
            [
              161382.58800000139,
              411981.06900000386
            ],
            [
              161381.79270000011,
              411974.77180000022
            ],
            [
              161378.8443,
              411971.14390000142
            ],
            [
              161375.21100000013,
              411966.97230000049
            ],
            [
              161376.18860000093,
              411961.78020000085
            ],
            [
              161380.36120000202,
              411960.49369999953
            ],
            [
              161381.92460000142,
              411957.49260000326
            ],
            [
              161383.35440000147,
              411954.92029999942
            ],
            [
              161386.12249999959,
              411952.89949999936
            ],
            [
              161387.61640000064,
              411949.80719999969
            ],
            [
              161389.6297000004,
              411946.13790000044
            ],
            [
              161393.10220000055,
              411943.45900000259
            ],
            [
              161396.23709999956,
              411938.91380000114
            ],
            [
              161394.02050000243,
              411933.01950000226
            ],
            [
              161389.74149999954,
              411928.28289999999
            ],
            [
              161386.03589999955,
              411923.66070000082
            ],
            [
              161385.31510000024,
              411917.33290000074
            ]
          ]
        ]
      }
    },
    {
      "attributes" : {
        "FID" : 1,
        "PMNTN_SN" : 10817,
        "MNTN_CODE" : "441800101",
        "MNTN_NM" : "당경산",
        "PMNTN_NM" : "제석리구간",
        "PMNTN_MAIN" : " ",
        "PMNTN_LT" : 0.1,
        "PMNTN_DFFL" : "쉬움",
        "PMNTN_UPPL" : 2,
        "PMNTN_GODN" : 1,
        "PMNTN_MTRQ" : " ",
        "PMNTN_CNRL" : " ",
        "PMNTN_CLS_" : " ",
        "PMNTN_RISK" : " ",
        "PMNTN_RECO" : " ",
        "DATA_STDR_" : "2016-12-31",
        "MNTN_ID" : "441800101"
      },
      "geometry" : {
        "paths" : [
          [
            [
              161584.95840000175,
              412145.35559999943
            ],
            [
              161580.78319999948,
              412152.37190000154
            ],
            [
              161574.38669999968,
              412157.38849999942
            ],
            [
              161567.46560000069,
              412160.3208000008
            ],
            [
              161565.44630000088,
              412165.34390000254
            ],
            [
              161555.94469999988,
              412170.14039999992
            ],
            [
              161552.90460000373,
              412170.83620000072
            ],
            [
              161548.44070000015,
              412172.0364000015
            ],
            [
              161540.83960000239,
              412175.57870000228
            ],
            [
              161530.86459999997,
              412179.46130000055
            ],
            [
              161517.21610000078,
              412184.9701000005
            ],
            [
              161496.81879999954,
              412195.43280000053
            ]
          ]
        ]
      }
    },
    {
      "attributes" : {
        "FID" : 2,
        "PMNTN_SN" : 10818,
        "MNTN_CODE" : "441800101",
        "MNTN_NM" : "당경산",
        "PMNTN_NM" : "제석리구간",
        "PMNTN_MAIN" : " ",
        "PMNTN_LT" : 1.91,
        "PMNTN_DFFL" : "쉬움",
        "PMNTN_UPPL" : 34,
        "PMNTN_GODN" : 24,
        "PMNTN_MTRQ" : " ",
        "PMNTN_CNRL" : " ",
        "PMNTN_CLS_" : " ",
        "PMNTN_RISK" : " ",
        "PMNTN_RECO" : " ",
        "DATA_STDR_" : "2016-12-31",
        "MNTN_ID" : "441800101"
      },
      "geometry" : {
        "paths" : [
          [
            [
              162932.63220000267,
              413291.82689999975
            ],
            [
              162929.31969999988,
              413277.83560000174
            ],
            [
              162915.65980000235,
              413261.71770000085
            ],
            [
              162894.0914000012,
              413234.4319000002
            ],
            [
              162884.78320000228,
              413215.4991999995
            ],
            [
              162884.74320000038,
              413211.44809999876
            ],
            [
              162883.21720000077,
              413207.63690000214
            ],
            [
              162871.29610000178,
              413191.48540000059
            ],
            [
              162860.9943000013,
              413173.87890000083
            ],
            [
              162845.82080000173,
              413156.88760000095
            ],
            [
              162840.8944000015,
              413151.74030000344
            ],
            [
              162836.09290000051,
              413147.63960000128
            ],
            [
              162831.72470000107,
              413142.28449999914
            ],
            [
              162819.14660000242,
              413126.25960000046
            ],
            [
              162812.00490000099,
              413116.75260000117
            ],
            [
              162795.09779999964,
              413086.39429999888
            ],
            [
              162784.76879999973,
              413077.81930000149
            ],
            [
              162777.27620000113,
              413070.37090000138
            ],
            [
              162747.31120000035,
              413062.69909999892
            ],
            [
              162740.07910000067,
              413058.21130000241
            ],
            [
              162732.98840000108,
              413055.48380000144
            ],
            [
              162711.74010000005,
              413053.35320000164
            ],
            [
              162686.65470000263,
              413053.15430000052
            ],
            [
              162675.32320000324,
              413050.02360000089
            ],
            [
              162670.89030000009,
              413047.22600000165
            ],
            [
              162667.34100000001,
              413042.76510000229
            ],
            [
              162663.69330000039,
              413037.34200000018
            ],
            [
              162661.05280000158,
              413031.73819999956
            ],
            [
              162656.85599999875,
              413026.94270000234
            ],
            [
              162650.99430000223,
              413020.6202000007
            ],
            [
              162646.29389999993,
              413012.23970000073
            ],
            [
              162643.23540000059,
              413007.89900000021
            ],
            [
              162637.34640000202,
              412999.3925999999
            ],
            [
              162629.9737999998,
              412989.64130000398
            ],
            [
              162622.42790000048,
              412979.84900000133
            ],
            [
              162620.69760000054,
              412972.02369999886
            ],
            [
              162616.91180000175,
              412969.6353999991
            ],
            [
              162615.02259999979,
              412966.18950000405
            ],
            [
              162610.46549999993,
              412961.39489999972
            ],
            [
              162604.46520000137,
              412954.28320000134
            ],
            [
              162596.00650000013,
              412945.60230000131
            ],
            [
              162590.40550000314,
              412933.85840000026
            ],
            [
              162587.29800000228,
              412929.62630000152
            ],
            [
              162586.83949999977,
              412926.76370000094
            ],
            [
              162584.38860000018,
              412923.83220000379
            ],
            [
              162574.66760000121,
              412917.1361000035
            ],
            [
              162563.8387999991,
              412905.42770000175
            ],
            [
              162551.56510000397,
              412895.33490000106
            ],
            [
              162538.94910000078,
              412884.81590000167
            ],
            [
              162530.35730000027,
              412879.87000000291
            ],
            [
              162524.09280000068,
              412869.05890000239
            ],
            [
              162522.94390000124,
              412866.32250000164
            ],
            [
              162520.46030000038,
              412861.03420000151
            ],
            [
              162516.31350000296,
              412853.29380000196
            ],
            [
              162514.20069999993,
              412849.68630000018
            ],
            [
              162508.10320000071,
              412846.42710000277
            ],
            [
              162505.4943000013,
              412839.78990000114
            ],
            [
              162500.34690000117,
              412834.58910000138
            ],
            [
              162489.69919999968,
              412824.05260000005
            ],
            [
              162485.70780000277,
              412820.23680000007
            ],
            [
              162481.6352000013,
              412817.2068000026
            ],
            [
              162477.2321000006,
              412812.06660000049
            ],
            [
              162471.13000000082,
              412807.23830000125
            ],
            [
              162468.25850000326,
              412799.68550000153
            ],
            [
              162465.78490000311,
              412793.18210000172
            ],
            [
              162461.19240000006,
              412786.45870000124
            ],
            [
              162454.77860000357,
              412784.47110000253
            ],
            [
              162450.91160000302,
              412778.65929999948
            ],
            [
              162443.60579999909,
              412772.67080000229
            ],
            [
              162437.78910000157,
              412769.58010000177
            ],
            [
              162431.53870000131,
              412762.3554999996
            ],
            [
              162425.10370000172,
              412759.22479999997
            ],
            [
              162420.69900000188,
              412757.54470000044
            ],
            [
              162414.6699000001,
              412751.45299999975
            ],
            [
              162413.91280000191,
              412747.93040000089
            ],
            [
              162411.58520000055,
              412743.77870000154
            ],
            [
              162386.37519999966,
              412725.19170000218
            ],
            [
              162380.74260000046,
              412716.32440000027
            ],
            [
              162372.5262000002,
              412712.60009999946
            ],
            [
              162367.69820000324,
              412706.87510000169
            ],
            [
              162339.19090000261,
              412688.666000003
            ],
            [
              162322.62920000125,
              412661.95860000141
            ],
            [
              162315.25389999896,
              412654.23810000159
            ],
            [
              162308.50780000165,
              412646.6305000037
            ],
            [
              162300.18989999965,
              412643.36860000156
            ],
            [
              162287.77500000037,
              412628.43640000187
            ],
            [
              162283.7583999997,
              412623.17810000107
            ],
            [
              162279.14890000131,
              412618.65360000171
            ],
            [
              162269.80920000095,
              412614.47289999947
            ],
            [
              162261.77940000314,
              412611.14670000039
            ],
            [
              162248.02560000028,
              412604.74610000104
            ],
            [
              162234.21990000363,
              412603.03439999931
            ],
            [
              162215.96149999928,
              412590.71980000101
            ],
            [
              162199.5839000009,
              412575.82880000025
            ],
            [
              162192.15160000045,
              412569.32740000263
            ],
            [
              162180.81380000338,
              412562.06510000117
            ],
            [
              162167.84770000074,
              412553.57990000024
            ],
            [
              162163.64520000294,
              412549.12839999795
            ],
            [
              162161.73110000137,
              412543.48379999958
            ],
            [
              162160.96870000008,
              412538.00980000012
            ],
            [
              162159.49010000005,
              412534.63969999924
            ],
            [
              162156.01560000144,
              412530.16560000367
            ],
            [
              162151.1623000009,
              412524.36710000038
            ],
            [
              162147.82880000118,
              412522.3245000001
            ],
            [
              162144.99100000132,
              412517.93160000071
            ],
            [
              162144.79689999949,
              412513.78529999964
            ],
            [
              162142.36110000033,
              412511.26320000179
            ],
            [
              162139.21860000212,
              412506.82509999909
            ],
            [
              162134.76090000104,
              412503.53160000406
            ],
            [
              162132.07760000322,
              412496.58400000259
            ],
            [
              162128.97300000396,
              412496.16060000099
            ],
            [
              162123.46000000183,
              412490.9729999993
            ],
            [
              162120.59170000162,
              412486.28380000032
            ],
            [
              162117.22860000003,
              412485.53280000575
            ],
            [
              162113.4179999996,
              412479.7201000005
            ],
            [
              162112.19699999969,
              412474.4058000017
            ],
            [
              162108.31749999989,
              412469.59160000272
            ],
            [
              162106.18990000244,
              412463.45030000247
            ],
            [
              162105.99300000165,
              412455.79670000076
            ],
            [
              162102.10709999967,
              412452.38040000014
            ],
            [
              162100.48810000159,
              412447.15250000358
            ],
            [
              162094.23469999991,
              412442.8516999986
            ],
            [
              162073.69649999961,
              412433.56550000049
            ],
            [
              162054.28640000336,
              412420.83359999955
            ],
            [
              162042.46080000326,
              412422.62429999933
            ],
            [
              162035.38989999983,
              412423.76080000028
            ],
            [
              162032.96870000008,
              412423.96310000122
            ],
            [
              162029.46499999985,
              412423.45350000449
            ],
            [
              162027.23180000111,
              412422.86429999955
            ],
            [
              162023.51760000084,
              412420.70580000058
            ],
            [
              162019.62569999974,
              412416.7070000004
            ],
            [
              162012.49750000238,
              412411.80230000056
            ],
            [
              162010.03210000321,
              412406.71030000038
            ],
            [
              162008.40010000113,
              412403.5214000009
            ],
            [
              162005.24000000302,
              412399.44680000097
            ],
            [
              162002.56520000193,
              412397.44330000319
            ],
            [
              162002.52890000027,
              412397.42160000093
            ],
            [
              161983.98469999991,
              412393.75110000186
            ],
            [
              161983.96860000398,
              412393.80810000189
            ],
            [
              161982.0307,
              412390.78690000065
            ],
            [
              161978.08800000045,
              412390.82459999993
            ],
            [
              161975.83910000045,
              412389.10869999975
            ],
            [
              161971.80310000386,
              412390.20640000142
            ],
            [
              161969.77010000031,
              412391.71770000271
            ],
            [
              161963.67929999996,
              412393.2816000022
            ],
            [
              161956.42160000373,
              412390.74570000172
            ],
            [
              161952.01740000024,
              412382.53480000235
            ],
            [
              161935.46259999927,
              412379.12860000134
            ],
            [
              161924.74540000129,
              412365.30170000158
            ],
            [
              161919.41619999986,
              412355.39550000429
            ],
            [
              161903.33930000104,
              412345.94040000252
            ],
            [
              161886.56290000118,
              412342.02390000038
            ],
            [
              161869.64580000099,
              412342.56640000083
            ],
            [
              161864.78369999956,
              412344.42360000126
            ],
            [
              161859.05449999869,
              412343.84860000014
            ],
            [
              161848.35990000051,
              412341.41650000028
            ],
            [
              161841.84769999981,
              412338.11199999787
            ],
            [
              161834.94060000312,
              412336.23460000195
            ],
            [
              161827.2452000007,
              412333.17630000226
            ],
            [
              161820.52170000132,
              412328.65750000067
            ],
            [
              161812.65490000043,
              412325.42370000668
            ],
            [
              161805.35790000297,
              412322.01029999927
            ],
            [
              161795.47790000122,
              412319.66190000251
            ],
            [
              161788.04820000194,
              412320.97419999912
            ],
            [
              161779.3123000022,
              412320.91400000267
            ],
            [
              161772.68329999968,
              412321.20820000023
            ],
            [
              161765.02550000139,
              412322.68210000172
            ],
            [
              161756.80790000223,
              412323.68530000187
            ],
            [
              161747.21389999986,
              412321.182099998
            ],
            [
              161740.83790000249,
              412320.47529999726
            ],
            [
              161732.53920000233,
              412317.26540000178
            ],
            [
              161724.58090000134,
              412315.0260000024
            ],
            [
              161717.51020000223,
              412313.96890000254
            ],
            [
              161715.11560000107,
              412311.46670000069
            ],
            [
              161705.84240000136,
              412304.06430000253
            ],
            [
              161697.95620000269,
              412300.24799999967
            ],
            [
              161671.78140000347,
              412284.50659999996
            ],
            [
              161666.18720000051,
              412279.93879999965
            ],
            [
              161661.97030000016,
              412274.66620000266
            ],
            [
              161656.32400000188,
              412270.34129999951
            ],
            [
              161649.23330000229,
              412263.9207000006
            ],
            [
              161642.96200000215,
              412259.88060000166
            ],
            [
              161637.76879999973,
              412256.84539999999
            ],
            [
              161632.2806000011,
              412253.6857000012
            ],
            [
              161628.67880000081,
              412247.73590000346
            ],
            [
              161624.75240000058,
              412242.974700002
            ],
            [
              161622.63770000357,
              412236.33650000021
            ],
            [
              161619.88480000384,
              412227.86760000326
            ],
            [
              161617.39710000157,
              412221.51899999939
            ],
            [
              161615.98919999972,
              412214.16100000218
            ],
            [
              161610.5867000008,
              412202.70400000177
            ],
            [
              161605.93330000062,
              412187.16820000112
            ],
            [
              161605.63760000002,
              412178.80530000292
            ],
            [
              161606.30170000345,
              412172.8125
            ],
            [
              161603.38339999877,
              412164.43150000088
            ],
            [
              161600.87750000041,
              412162.33650000021
            ],
            [
              161598.49139999971,
              412158.8748000022
            ],
            [
              161584.95840000175,
              412145.35559999943
            ]
          ]
        ]
      }
    },
    {
      "attributes" : {
        "FID" : 3,
        "PMNTN_SN" : 10819,
        "MNTN_CODE" : "441800101",
        "MNTN_NM" : "당경산",
        "PMNTN_NM" : "제석리구간",
        "PMNTN_MAIN" : " ",
        "PMNTN_LT" : 0.42,
        "PMNTN_DFFL" : "쉬움",
        "PMNTN_UPPL" : 8,
        "PMNTN_GODN" : 6,
        "PMNTN_MTRQ" : " ",
        "PMNTN_CNRL" : " ",
        "PMNTN_CLS_" : " ",
        "PMNTN_RISK" : " ",
        "PMNTN_RECO" : " ",
        "DATA_STDR_" : "2016-12-31",
        "MNTN_ID" : "441800101"
      },
      "geometry" : {
        "paths" : [
          [
            [
              163004.90340000205,
              413601.74820000492
            ],
            [
              163004.64169999957,
              413594.89910000004
            ],
            [
              163005.28350000083,
              413587.93900000118
            ],
            [
              163010.87220000103,
              413582.60940000042
            ],
            [
              163015.87920000125,
              413580.21460000239
            ],
            [
              163021.42399999965,
              413577.05610000156
            ],
            [
              163026.36479999963,
              413576.96759999916
            ],
            [
              163030.99210000224,
              413574.60600000061
            ],
            [
              163031.44730000012,
              413569.91929999925
            ],
            [
              163018.73220000137,
              413566.93759999797
            ],
            [
              163014.50409999955,
              413566.12260000035
            ],
            [
              163009.62640000135,
              413564.93590000086
            ],
            [
              163003.8461000016,
              413563.09820000269
            ],
            [
              162999.42229999974,
              413561.6110999994
            ],
            [
              162994.06689999904,
              413559.88929999992
            ],
            [
              162984.27430000342,
              413557.06970000267
            ],
            [
              162975.27400000021,
              413554.95320000313
            ],
            [
              162969.19040000252,
              413553.79050000012
            ],
            [
              162966.57940000203,
              413550.69150000066
            ],
            [
              162966.43099999987,
              413547.72190000117
            ],
            [
              162967.83970000036,
              413545.35329999961
            ],
            [
              162972.05599999893,
              413543.70740000345
            ],
            [
              162976.75189999957,
              413540.00490000099
            ],
            [
              162981.11330000218,
              413537.23510000296
            ],
            [
              162986.23000000231,
              413533.54260000028
            ],
            [
              162991.82060000114,
              413531.81870000251
            ],
            [
              162997.45650000032,
              413527.29040000029
            ],
            [
              163000.11040000152,
              413521.82569999993
            ],
            [
              162998.37110000197,
              413517.52199999988
            ],
            [
              162998.61810000334,
              413513.07110000029
            ],
            [
              162991.95849999972,
              413506.46490000375
            ],
            [
              162983.1697000023,
              413500.08220000193
            ],
            [
              162977.5157000022,
              413492.88370000198
            ],
            [
              162970.32370000053,
              413484.49310000241
            ],
            [
              162964.66490000114,
              413480.83460000157
            ],
            [
              162960.00340000074,
              413477.68640000187
            ],
            [
              162953.55100000091,
              413472.72140000202
            ],
            [
              162950.14419999998,
              413468.31770000234
            ],
            [
              162946.48039999977,
              413464.38749999925
            ],
            [
              162941.38760000002,
              413456.76980000176
            ],
            [
              162936.43240000308,
              413450.61240000091
            ],
            [
              162930.33099999931,
              413444.01579999924
            ],
            [
              162926.85639999993,
              413438.21590000018
            ],
            [
              162924.84250000026,
              413433.39050000161
            ],
            [
              162923.35050000064,
              413428.30030000396
            ],
            [
              162918.9766000025,
              413415.41699999943
            ],
            [
              162916.26120000053,
              413403.28089999966
            ],
            [
              162910.69480000157,
              413392.09920000285
            ],
            [
              162907.52130000014,
              413378.21570000239
            ],
            [
              162908.30020000134,
              413364.86539999954
            ],
            [
              162908.89420000371,
              413358.58210000023
            ],
            [
              162909.70910000335,
              413354.99569999985
            ],
            [
              162910.54349999968,
              413351.65320000052
            ],
            [
              162910.81100000162,
              413345.59050000273
            ],
            [
              162914.10580000095,
              413334.95500000007
            ],
            [
              162915.36050000042,
              413332.61769999936
            ],
            [
              162918.32150000054,
              413327.7841000054
            ],
            [
              162920.20150000043,
              413322.84830000252
            ],
            [
              162920.60000000056,
              413318.94979999959
            ],
            [
              162923.5922000017,
              413314.71309999935
            ],
            [
              162927.0569000002,
              413307.78539999947
            ]
          ]
        ]
      }
    }
  ]
}