{
  "displayFieldName" : "",
  "fieldAliases" : {
    "FID" : "FID",
    "PMNTN_SN" : "PMNTN_SN",
    "MNTN_CODE" : "MNTN_CODE",
    "MNTN_NM" : "MNTN_NM",
    "PMNTN_NM" : "PMNTN_NM",
    "PMNTN_MAIN" : "PMNTN_MAIN",
    "PMNTN_LT" : "PMNTN_LT",
    "PMNTN_DFFL" : "PMNTN_DFFL",
    "PMNTN_UPPL" : "PMNTN_UPPL",
    "PMNTN_GODN" : "PMNTN_GODN",
    "PMNTN_MTRQ" : "PMNTN_MTRQ",
    "PMNTN_CNRL" : "PMNTN_CNRL",
    "PMNTN_CLS_" : "PMNTN_CLS_",
    "PMNTN_RISK" : "PMNTN_RISK",
    "PMNTN_RECO" : "PMNTN_RECO",
    "DATA_STDR_" : "DATA_STDR_",
    "MNTN_ID" : "MNTN_ID"
  },
  "geometryType" : "esriGeometryPolyline",
  "spatialReference" : {
    "wkt" : "PROJCS[\"PCS_ITRF2000_TM\",GEOGCS[\"GCS_ITRF_2000\",DATUM[\"D_ITRF_2000\",SPHEROID[\"GRS_1980\",6378137.0,298.257222101]],PRIMEM[\"Greenwich\",0.0],UNIT[\"Degree\",0.0174532925199433]],PROJECTION[\"Transverse_Mercator\"],PARAMETER[\"False_Easting\",200000.0],PARAMETER[\"False_Northing\",600000.0],PARAMETER[\"Central_Meridian\",127.0],PARAMETER[\"Scale_Factor\",1.0],PARAMETER[\"Latitude_Of_Origin\",38.0],UNIT[\"Meter\",1.0]]"
  },
  "fields" : [
    {
      "name" : "FID",
      "type" : "esriFieldTypeOID",
      "alias" : "FID"
    },
    {
      "name" : "PMNTN_SN",
      "type" : "esriFieldTypeDouble",
      "alias" : "PMNTN_SN"
    },
    {
      "name" : "MNTN_CODE",
      "type" : "esriFieldTypeString",
      "alias" : "MNTN_CODE",
      "length" : 9
    },
    {
      "name" : "MNTN_NM",
      "type" : "esriFieldTypeString",
      "alias" : "MNTN_NM",
      "length" : 50
    },
    {
      "name" : "PMNTN_NM",
      "type" : "esriFieldTypeString",
      "alias" : "PMNTN_NM",
      "length" : 50
    },
    {
      "name" : "PMNTN_MAIN",
      "type" : "esriFieldTypeString",
      "alias" : "PMNTN_MAIN",
      "length" : 200
    },
    {
      "name" : "PMNTN_LT",
      "type" : "esriFieldTypeSingle",
      "alias" : "PMNTN_LT"
    },
    {
      "name" : "PMNTN_DFFL",
      "type" : "esriFieldTypeString",
      "alias" : "PMNTN_DFFL",
      "length" : 8
    },
    {
      "name" : "PMNTN_UPPL",
      "type" : "esriFieldTypeDouble",
      "alias" : "PMNTN_UPPL"
    },
    {
      "name" : "PMNTN_GODN",
      "type" : "esriFieldTypeDouble",
      "alias" : "PMNTN_GODN"
    },
    {
      "name" : "PMNTN_MTRQ",
      "type" : "esriFieldTypeString",
      "alias" : "PMNTN_MTRQ",
      "length" : 200
    },
    {
      "name" : "PMNTN_CNRL",
      "type" : "esriFieldTypeString",
      "alias" : "PMNTN_CNRL",
      "length" : 1
    },
    {
      "name" : "PMNTN_CLS_",
      "type" : "esriFieldTypeString",
      "alias" : "PMNTN_CLS_",
      "length" : 1
    },
    {
      "name" : "PMNTN_RISK",
      "type" : "esriFieldTypeString",
      "alias" : "PMNTN_RISK",
      "length" : 200
    },
    {
      "name" : "PMNTN_RECO",
      "type" : "esriFieldTypeString",
      "alias" : "PMNTN_RECO",
      "length" : 1
    },
    {
      "name" : "DATA_STDR_",
      "type" : "esriFieldTypeString",
      "alias" : "DATA_STDR_",
      "length" : 10
    },
    {
      "name" : "MNTN_ID",
      "type" : "esriFieldTypeString",
      "alias" : "MNTN_ID",
      "length" : 10
    }
  ],
  "features" : [
    {
      "attributes" : {
        "FID" : 0,
        "PMNTN_SN" : 10222,
        "MNTN_CODE" : "317100901",
        "MNTN_NM" : "노상산",
        "PMNTN_NM" : "순지리구간",
        "PMNTN_MAIN" : " ",
        "PMNTN_LT" : 4.63,
        "PMNTN_DFFL" : "쉬움",
        "PMNTN_UPPL" : 116,
        "PMNTN_GODN" : 81,
        "PMNTN_MTRQ" : " ",
        "PMNTN_CNRL" : " ",
        "PMNTN_CLS_" : " ",
        "PMNTN_RISK" : " ",
        "PMNTN_RECO" : " ",
        "DATA_STDR_" : "2016-12-31",
        "MNTN_ID" : "483300401"
      },
      "geometry" : {
        "paths" : [
          [
            [
              390011.6082000006,
              324312.71279999986
            ],
            [
              390025.38530000113,
              324312.71279999986
            ],
            [
              390037.9609999992,
              324312.71279999986
            ],
            [
              390044.89699999988,
              324312.71279999986
            ],
            [
              390069.98350000009,
              324312.71279999986
            ],
            [
              390120.11920000054,
              324303.38390000351
            ],
            [
              390135.99170000106,
              324316.24090000242
            ],
            [
              390151.76580000017,
              324299.60380000062
            ],
            [
              390176.15419999976,
              324307.13800000213
            ],
            [
              390193.56380000059,
              324283.13500000164
            ],
            [
              390228.90160000138,
              324298.63690000027
            ],
            [
              390251.16359999962,
              324307.13800000213
            ],
            [
              390273.4626000002,
              324307.13800000213
            ],
            [
              390315.2734000003,
              324290.41370000318
            ],
            [
              390340.35990000144,
              324276.47670000046
            ],
            [
              390362.65900000092,
              324265.32719999924
            ],
            [
              390396.10760000162,
              324243.02810000256
            ],
            [
              390418.4067000011,
              324234.666000003
            ],
            [
              390456.06880000047,
              324223.94239999913
            ],
            [
              390490.54540000018,
              324204.68069999851
            ],
            [
              390479.72920000087,
              324176.13090000115
            ],
            [
              390496.45350000076,
              324145.46959999949
            ],
            [
              390518.75259999931,
              324112.02100000158
            ],
            [
              390524.32730000094,
              324075.78500000201
            ],
            [
              390530.57810000051,
              324061.52400000021
            ],
            [
              390543.47790000029,
              324056.10659999959
            ],
            [
              390556.63780000154,
              324046.96450000256
            ],
            [
              390563.4486000007,
              324029.76520000026
            ],
            [
              390565.44849999994,
              324013.5036999993
            ],
            [
              390555.01640000101,
              323984.51429999992
            ],
            [
              390549.26570000127,
              323954.46430000104
            ],
            [
              390543.83899999969,
              323911.32919999957
            ],
            [
              390552.20120000094,
              323866.73110000417
            ],
            [
              390560.5634000022,
              323833.2824000027
            ],
            [
              390566.13810000103,
              323788.68430000171
            ],
            [
              390574.50029999949,
              323763.59779999964
            ],
            [
              390589.75219999999,
              323735.7610000018
            ],
            [
              390596.9123000009,
              323723.22330000065
            ],
            [
              390583.4366000006,
              323701.73820000142
            ],
            [
              390594.72499999963,
              323681.4394000005
            ],
            [
              390599.58680000063,
              323649.31500000134
            ],
            [
              390616.31109999958,
              323624.22849999927
            ],
            [
              390633.03540000133,
              323613.07900000177
            ],
            [
              390649.75970000029,
              323599.14210000448
            ],
            [
              390674.84620000143,
              323599.14210000448
            ],
            [
              390692.85770000052,
              323583.89020000212
            ],
            [
              390711.95260000043,
              323576.46330000088
            ],
            [
              390730.96430000011,
              323575.71319999918
            ],
            [
              390750.8254000023,
              323578.183699999
            ],
            [
              390770.084900002,
              323587.86309999786
            ],
            [
              390783.26710000075,
              323602.71650000289
            ],
            [
              390800.27850000001,
              323590.77990000136
            ],
            [
              390798.27820000146,
              323573.26850000024
            ],
            [
              390773.69180000015,
              323558.29439999908
            ],
            [
              390752.89300000109,
              323554.54389999993
            ],
            [
              390733.38130000047,
              323548.9691000022
            ],
            [
              390697.14530000091,
              323546.1817000024
            ],
            [
              390672.05879999977,
              323546.1817000024
            ],
            [
              390659.29790000059,
              323539.6809000019
            ],
            [
              390652.43589999992,
              323513.88130000234
            ],
            [
              390656.72350000031,
              323483.04419999942
            ],
            [
              390671.84580000117,
              323460.95810000226
            ],
            [
              390687.29220000003,
              323472.3853999991
            ],
            [
              390705.21600000001,
              323473.77300000191
            ],
            [
              390723.10160000157,
              323468.53360000066
            ],
            [
              390730.59390000161,
              323462.56020000018
            ],
            [
              390752.89300000109,
              323462.56020000018
            ],
            [
              390777.97940000053,
              323443.04849999957
            ],
            [
              390791.91640000138,
              323429.11150000431
            ],
            [
              390796.02800000086,
              323405.59930000082
            ],
            [
              390810.21490000188,
              323373.36380000412
            ],
            [
              390816.502700001,
              323352.06480000354
            ],
            [
              390856.0262000002,
              323328.76569999941
            ],
            [
              390880.57560000103,
              323335.76659999974
            ],
            [
              390916.09850000031,
              323347.16610000096
            ],
            [
              390936.36030000076,
              323349.95350000262
            ],
            [
              390977.12470000051,
              323356.70440000109
            ],
            [
              390972.99460000172,
              323344.65650000051
            ],
            [
              390968.46619999968,
              323324.50590000115
            ],
            [
              390968.26250000019,
              323309.49480000325
            ],
            [
              390973.37680000067,
              323296.00300000235
            ],
            [
              391043.56810000166,
              323277.30550000258
            ],
            [
              391061.44079999998,
              323263.30370000191
            ],
            [
              391073.42379999999,
              323251.15410000272
            ],
            [
              391111.24210000038,
              323203.76240000129
            ],
            [
              391155.37840000074,
              323255.54350000061
            ],
            [
              391177.00160000101,
              323256.29360000044
            ],
            [
              391193.29990000091,
              323256.29360000044
            ],
            [
              391218.06230000034,
              323256.79370000027
            ],
            [
              391207.05439999979,
              323290.58440000005
            ],
            [
              391250.54779999983,
              323268.94340000115
            ],
            [
              391271.34670000058,
              323278.59270000271
            ],
            [
              391296.43310000002,
              323273.0178999994
            ],
            [
              391349.39350000024,
              323250.71890000068
            ],
            [
              391352.1809000019,
              323231.20720000006
            ],
            [
              391371.69259999972,
              323206.12070000172
            ],
            [
              391382.84210000094,
              323178.24680000357
            ],
            [
              391388.07700000145,
              323173.01190000027
            ],
            [
              391407.92860000208,
              323153.16039999947
            ],
            [
              391409.38290000055,
              323143.70749999955
            ],
            [
              391413.50330000091,
              323116.9243999999
            ],
            [
              391420.99490000028,
              323061.98620000109
            ],
            [
              391421.86550000031,
              323055.60190000199
            ],
            [
              391424.65290000103,
              323030.51540000364
            ],
            [
              391424.65290000103,
              323008.21630000137
            ],
            [
              391424.65290000103,
              322983.1297999993
            ],
            [
              391424.65290000103,
              322960.83080000058
            ],
            [
              391419.07810000144,
              322907.87040000223
            ],
            [
              391393.9916000003,
              322877.20920000039
            ],
            [
              391360.5429999996,
              322866.05969999917
            ],
            [
              391332.66920000128,
              322857.69749999978
            ],
            [
              391319.28100000136,
              322848.13450000249
            ],
            [
              391313.15750000067,
              322843.76060000248
            ],
            [
              391310.60459999926,
              322834.82550000213
            ],
            [
              391307.58270000014,
              322824.24890000187
            ],
            [
              391307.58270000014,
              322771.15860000066
            ],
            [
              391308.2034,
              322767.41490000114
            ],
            [
              391329.88179999962,
              322729.47780000046
            ],
            [
              391341.03130000178,
              322707.17870000377
            ],
            [
              391368.90520000085,
              322668.15530000255
            ],
            [
              391380.05470000021,
              322631.91930000298
            ],
            [
              391380.05470000021,
              322609.6202000007
            ],
            [
              391379.75619999971,
              322586.62450000085
            ],
            [
              391371.69259999972,
              322567.80939999782
            ],
            [
              391370.75239999872,
              322560.28759999946
            ],
            [
              391368.90520000085,
              322545.51030000113
            ],
            [
              391368.90520000085,
              322523.21120000072
            ],
            [
              391410.71600000095,
              322481.40050000139
            ],
            [
              391435.80240000039,
              322447.95179999992
            ],
            [
              391446.95200000051,
              322431.22749999911
            ],
            [
              391460.8889000006,
              322408.92840000242
            ],
            [
              391472.03839999996,
              322381.05460000224
            ],
            [
              391499.91229999997,
              322355.96809999831
            ],
            [
              391516.63660000078,
              322336.45639999956
            ],
            [
              391544.51050000079,
              322322.5195000004
            ],
            [
              391561.23479999974,
              322311.36990000121
            ],
            [
              391600.25820000097,
              322286.28350000083
            ],
            [
              391625.34460000042,
              322244.47269999795
            ],
            [
              391646.31579999998,
              322223.50150000118
            ],
            [
              391653.21849999949,
              322216.5987999998
            ],
            [
              391675.51760000177,
              322202.66190000065
            ],
            [
              391692.24190000072,
              322188.72500000335
            ],
            [
              391703.01489999983,
              322188.72500000335
            ],
            [
              391711.75360000134,
              322188.72500000335
            ],
            [
              391727.27689999994,
              322179.02290000208
            ],
            [
              391756.3518000003,
              322160.85109999962
            ],
            [
              391787.01299999934,
              322138.55200000107
            ],
            [
              391806.52469999995,
              322127.40249999985
            ],
            [
              391826.03640000056,
              322127.40249999985
            ],
            [
              391837.64100000076,
              322124.17899999954
            ],
            [
              391876.20930000115,
              322113.46560000256
            ],
            [
              391915.23269999959,
              322093.95390000194
            ],
            [
              391931.95710000023,
              322082.80430000089
            ],
            [
              391962.61830000207,
              322071.65479999967
            ],
            [
              391984.91740000062,
              322063.29260000028
            ],
            [
              392048.86959999986,
              322041.05890000053
            ],
            [
              392049.68250000104,
              322040.77630000003
            ],
            [
              392050.50710000005,
              322040.50140000135
            ],
            [
              392082.47590000089,
              322029.84400000237
            ],
            [
              392104.77500000037,
              322013.11969999969
            ],
            [
              392127.07400000095,
              322001.97010000236
            ],
            [
              392143.87000000104,
              321980.97520000115
            ],
            [
              392149.37310000043,
              321974.09630000219
            ],
            [
              392157.73529999983,
              321915.56120000035
            ],
            [
              392163.31010000221,
              321896.04949999973
            ],
            [
              392163.31010000221,
              321882.55990000069
            ],
            [
              392163.31010000221,
              321870.96300000139
            ],
            [
              392165.30439999886,
              321864.58130000159
            ],
            [
              392177.24700000044,
              321826.36480000243
            ],
            [
              392180.18250000197,
              321773.81200000085
            ],
            [
              392198.54600000102,
              321773.80280000158
            ],
            [
              392198.37640000042,
              321767.18290000036
            ]
          ]
        ]
      }
    }
  ]
}