{
  "displayFieldName" : "",
  "fieldAliases" : {
    "FID" : "FID",
    "PMNTN_SN" : "PMNTN_SN",
    "MNTN_CODE" : "MNTN_CODE",
    "MNTN_NM" : "MNTN_NM",
    "PMNTN_NM" : "PMNTN_NM",
    "PMNTN_MAIN" : "PMNTN_MAIN",
    "PMNTN_LT" : "PMNTN_LT",
    "PMNTN_DFFL" : "PMNTN_DFFL",
    "PMNTN_UPPL" : "PMNTN_UPPL",
    "PMNTN_GODN" : "PMNTN_GODN",
    "PMNTN_MTRQ" : "PMNTN_MTRQ",
    "PMNTN_CNRL" : "PMNTN_CNRL",
    "PMNTN_CLS_" : "PMNTN_CLS_",
    "PMNTN_RISK" : "PMNTN_RISK",
    "PMNTN_RECO" : "PMNTN_RECO",
    "DATA_STDR_" : "DATA_STDR_",
    "MNTN_ID" : "MNTN_ID"
  },
  "geometryType" : "esriGeometryPolyline",
  "spatialReference" : {
    "wkt" : "PROJCS[\"PCS_ITRF2000_TM\",GEOGCS[\"GCS_ITRF_2000\",DATUM[\"D_ITRF_2000\",SPHEROID[\"GRS_1980\",6378137.0,298.257222101]],PRIMEM[\"Greenwich\",0.0],UNIT[\"Degree\",0.0174532925199433]],PROJECTION[\"Transverse_Mercator\"],PARAMETER[\"False_Easting\",200000.0],PARAMETER[\"False_Northing\",600000.0],PARAMETER[\"Central_Meridian\",127.0],PARAMETER[\"Scale_Factor\",1.0],PARAMETER[\"Latitude_Of_Origin\",38.0],UNIT[\"Meter\",1.0]]"
  },
  "fields" : [
    {
      "name" : "FID",
      "type" : "esriFieldTypeOID",
      "alias" : "FID"
    },
    {
      "name" : "PMNTN_SN",
      "type" : "esriFieldTypeDouble",
      "alias" : "PMNTN_SN"
    },
    {
      "name" : "MNTN_CODE",
      "type" : "esriFieldTypeString",
      "alias" : "MNTN_CODE",
      "length" : 9
    },
    {
      "name" : "MNTN_NM",
      "type" : "esriFieldTypeString",
      "alias" : "MNTN_NM",
      "length" : 50
    },
    {
      "name" : "PMNTN_NM",
      "type" : "esriFieldTypeString",
      "alias" : "PMNTN_NM",
      "length" : 50
    },
    {
      "name" : "PMNTN_MAIN",
      "type" : "esriFieldTypeString",
      "alias" : "PMNTN_MAIN",
      "length" : 200
    },
    {
      "name" : "PMNTN_LT",
      "type" : "esriFieldTypeSingle",
      "alias" : "PMNTN_LT"
    },
    {
      "name" : "PMNTN_DFFL",
      "type" : "esriFieldTypeString",
      "alias" : "PMNTN_DFFL",
      "length" : 8
    },
    {
      "name" : "PMNTN_UPPL",
      "type" : "esriFieldTypeDouble",
      "alias" : "PMNTN_UPPL"
    },
    {
      "name" : "PMNTN_GODN",
      "type" : "esriFieldTypeDouble",
      "alias" : "PMNTN_GODN"
    },
    {
      "name" : "PMNTN_MTRQ",
      "type" : "esriFieldTypeString",
      "alias" : "PMNTN_MTRQ",
      "length" : 200
    },
    {
      "name" : "PMNTN_CNRL",
      "type" : "esriFieldTypeString",
      "alias" : "PMNTN_CNRL",
      "length" : 1
    },
    {
      "name" : "PMNTN_CLS_",
      "type" : "esriFieldTypeString",
      "alias" : "PMNTN_CLS_",
      "length" : 1
    },
    {
      "name" : "PMNTN_RISK",
      "type" : "esriFieldTypeString",
      "alias" : "PMNTN_RISK",
      "length" : 200
    },
    {
      "name" : "PMNTN_RECO",
      "type" : "esriFieldTypeString",
      "alias" : "PMNTN_RECO",
      "length" : 1
    },
    {
      "name" : "DATA_STDR_",
      "type" : "esriFieldTypeString",
      "alias" : "DATA_STDR_",
      "length" : 10
    },
    {
      "name" : "MNTN_ID",
      "type" : "esriFieldTypeString",
      "alias" : "MNTN_ID",
      "length" : 10
    }
  ],
  "features" : [
    {
      "attributes" : {
        "FID" : 0,
        "PMNTN_SN" : 25738,
        "MNTN_CODE" : "421102401",
        "MNTN_NM" : "봉화산",
        "PMNTN_NM" : "가정리구간",
        "PMNTN_MAIN" : " ",
        "PMNTN_LT" : 3.52,
        "PMNTN_DFFL" : "쉬움",
        "PMNTN_UPPL" : 62,
        "PMNTN_GODN" : 43,
        "PMNTN_MTRQ" : " ",
        "PMNTN_CNRL" : " ",
        "PMNTN_CLS_" : " ",
        "PMNTN_RISK" : " ",
        "PMNTN_RECO" : " ",
        "DATA_STDR_" : "2016-12-31",
        "MNTN_ID" : "421102401"
      },
      "geometry" : {
        "paths" : [
          [
            [
              253905.47740000114,
              575287.69259999879
            ],
            [
              253911.97970000189,
              575289.01469999738
            ],
            [
              253922.76280000061,
              575289.01469999738
            ],
            [
              253934.14510000031,
              575292.01010000333
            ],
            [
              253940.13570000045,
              575292.60910000093
            ],
            [
              253944.80810000096,
              575292.60910000093
            ],
            [
              253950.91890000086,
              575292.60910000093
            ],
            [
              253958.10770000145,
              575290.51240000315
            ],
            [
              253968.29179999977,
              575289.91330000199
            ],
            [
              253984.46659999993,
              575292.90870000049
            ],
            [
              253991.05630000122,
              575296.20350000262
            ],
            [
              253999.44320000056,
              575297.40170000121
            ],
            [
              254004.53530000057,
              575297.70119999908
            ],
            [
              254010.52599999961,
              575300.99600000121
            ],
            [
              254013.22180000134,
              575302.79320000112
            ],
            [
              254023.1063000001,
              575305.48900000192
            ],
            [
              254032.99089999963,
              575305.48900000192
            ],
            [
              254042.27640000079,
              575306.9867000021
            ],
            [
              254046.7694000015,
              575308.78390000202
            ],
            [
              254058.45120000001,
              575310.2816000022
            ],
            [
              254067.73670000024,
              575312.37829999998
            ],
            [
              254078.22039999999,
              575314.47499999776
            ],
            [
              254086.60730000027,
              575315.67320000194
            ],
            [
              254096.49189999979,
              575316.8713000007
            ],
            [
              254105.77740000002,
              575316.8713000007
            ],
            [
              254113.5652999999,
              575316.8713000007
            ],
            [
              254121.65259999968,
              575316.5717999991
            ],
            [
              254126.44520000089,
              575316.5717999991
            ],
            [
              254132.43580000009,
              575317.47040000185
            ],
            [
              254145.61530000158,
              575317.76989999972
            ],
            [
              254156.3984999992,
              575317.17080000229
            ],
            [
              254163.88680000138,
              575313.27690000273
            ],
            [
              254169.57789999992,
              575308.18480000086
            ],
            [
              254176.16760000028,
              575302.49370000139
            ],
            [
              254182.15830000117,
              575295.00540000387
            ],
            [
              254187.84939999972,
              575292.01010000333
            ],
            [
              254191.74330000114,
              575291.41100000031
            ],
            [
              254195.93680000026,
              575292.90870000049
            ],
            [
              254199.23170000128,
              575299.19879999943
            ],
            [
              254204.92279999983,
              575303.09280000255
            ],
            [
              254209.71530000214,
              575301.89460000396
            ],
            [
              254213.60920000076,
              575296.20350000262
            ],
            [
              254213.90880000126,
              575289.6138000004
            ],
            [
              254212.11160000041,
              575284.52170000225
            ],
            [
              254210.01480000094,
              575280.02870000154
            ],
            [
              254209.11620000005,
              575274.63720000163
            ],
            [
              254210.01480000094,
              575265.35160000436
            ],
            [
              254213.3097000001,
              575258.16279999912
            ],
            [
              254214.80740000214,
              575249.77590000257
            ],
            [
              254215.10690000094,
              575245.58250000328
            ],
            [
              254211.81199999992,
              575239.59180000238
            ],
            [
              254208.21760000009,
              575233.60119999945
            ],
            [
              254206.12090000138,
              575228.20960000157
            ],
            [
              254204.92279999983,
              575222.21890000068
            ],
            [
              254205.22230000142,
              575215.92870000377
            ],
            [
              254208.81670000125,
              575210.83669999987
            ],
            [
              254217.50320000108,
              575209.63850000128
            ],
            [
              254221.09760000184,
              575209.63850000128
            ],
            [
              254227.68730000034,
              575206.94270000234
            ],
            [
              254235.17559999973,
              575203.64789999835
            ],
            [
              254244.46110000089,
              575200.35300000198
            ],
            [
              254248.65460000001,
              575198.25630000047
            ],
            [
              254251.35039999988,
              575189.8694000002
            ],
            [
              254255.5438000001,
              575182.38099999912
            ],
            [
              254269.02280000038,
              575175.49180000462
            ],
            [
              254270.52049999963,
              575169.20160000212
            ],
            [
              254271.41910000052,
              575162.61190000363
            ],
            [
              254281.30370000005,
              575158.71790000051
            ],
            [
              254288.49239999987,
              575155.12350000255
            ],
            [
              254292.38640000019,
              575150.6305999998
            ],
            [
              254301.07280000113,
              575148.83339999989
            ],
            [
              254310.95740000159,
              575146.73660000227
            ],
            [
              254319.34430000093,
              575144.63990000077
            ],
            [
              254328.3303000005,
              575143.44180000015
            ],
            [
              254333.12280000094,
              575144.63990000077
            ],
            [
              254340.91069999989,
              575147.03620000184
            ],
            [
              254346.30229999963,
              575145.83799999952
            ],
            [
              254354.38970000017,
              575142.54320000112
            ],
            [
              254362.77660000045,
              575138.64919999987
            ],
            [
              254373.55980000086,
              575134.75530000031
            ],
            [
              254388.83600000013,
              575129.06420000456
            ],
            [
              254399.61909999885,
              575123.07349999994
            ],
            [
              254405.90930000134,
              575116.48379999958
            ],
            [
              254410.10280000046,
              575107.79739999957
            ],
            [
              254414.89530000091,
              575097.01420000009
            ],
            [
              254419.98740000091,
              575087.42910000123
            ],
            [
              254429.57239999995,
              575078.74270000122
            ],
            [
              254438.25890000071,
              575070.05619999953
            ],
            [
              254444.84860000107,
              575064.06560000218
            ],
            [
              254445.7472000001,
              575058.37439999916
            ],
            [
              254445.7472000001,
              575052.98279999942
            ],
            [
              254450.83930000011,
              575044.89550000057
            ],
            [
              254463.1201000018,
              575033.81270000152
            ],
            [
              254476.89860000089,
              575026.92350000143
            ],
            [
              254493.37289999891,
              575028.42110000364
            ],
            [
              254506.2527999999,
              575030.21829999983
            ],
            [
              254520.63040000107,
              575032.61460000277
            ],
            [
              254534.40890000015,
              575034.71130000055
            ],
            [
              254543.09539999999,
              575035.01090000011
            ],
            [
              254550.28420000058,
              575042.19970000163
            ],
            [
              254552.98000000045,
              575046.09359999932
            ],
            [
              254560.7678000005,
              575046.69270000234
            ],
            [
              254576.64310000092,
              575044.29639999941
            ],
            [
              254583.83180000074,
              575042.19970000163
            ],
            [
              254589.52300000004,
              575037.40709999949
            ],
            [
              254599.10800000001,
              575033.21369999833
            ],
            [
              254614.38420000114,
              575028.72069999762
            ],
            [
              254634.45289999992,
              575024.52720000409
            ],
            [
              254656.01930000074,
              575019.43520000018
            ],
            [
              254670.39680000022,
              575019.43520000018
            ],
            [
              254686.87110000104,
              575020.33379999921
            ],
            [
              254695.64050000068,
              575021.95560000092
            ],
            [
              254703.49390000012,
              575024.23279999942
            ],
            [
              254712.93050000072,
              575034.41180000268
            ],
            [
              254720.57070000004,
              575037.65550000221
            ],
            [
              254737.69529999979,
              575039.14890000038
            ],
            [
              254753.66700000037,
              575040.8991000019
            ],
            [
              254762.95000000019,
              575040.64910000004
            ],
            [
              254777.62620000169,
              575034.4571000021
            ],
            [
              254790.55560000055,
              575029.46320000105
            ],
            [
              254802.34229999967,
              575028.96650000103
            ],
            [
              254814.62230000179,
              575031.66820000112
            ],
            [
              254827.95109999925,
              575037.20739999972
            ],
            [
              254844.47830000054,
              575045.74709999934
            ],
            [
              254860.70000000112,
              575057.57569999993
            ],
            [
              254872.68140000012,
              575068.35889999941
            ],
            [
              254879.07140000071,
              575079.54140000418
            ],
            [
              254884.96129999869,
              575091.67880000174
            ],
            [
              254891.10479999892,
              575108.00460000336
            ],
            [
              254895.30399999954,
              575114.34900000133
            ],
            [
              254905.6316000009,
              575120.62519999966
            ],
            [
              254917.00210000016,
              575124.21630000137
            ],
            [
              254927.46429999918,
              575125.43500000238
            ],
            [
              254936.98110000137,
              575125.07040000148
            ],
            [
              254953.75490000099,
              575119.87850000151
            ],
            [
              254977.71750000119,
              575111.49160000123
            ],
            [
              254986.90319999866,
              575109.49469999969
            ],
            [
              254996.48830000032,
              575112.29030000046
            ],
            [
              255003.27770000137,
              575123.87230000086
            ],
            [
              255017.65529999975,
              575148.63370000385
            ],
            [
              255027.74039999954,
              575163.11529999971
            ],
            [
              255042.01730000135,
              575178.58699999936
            ],
            [
              255055.99550000113,
              575192.16579999775
            ],
            [
              255070.772400002,
              575209.73840000108
            ],
            [
              255076.7631000001,
              575220.52160000429
            ],
            [
              255084.75060000084,
              575240.49039999954
            ],
            [
              255087.54630000051,
              575249.27670000121
            ],
            [
              255086.74750000052,
              575261.65740000084
            ],
            [
              255079.15930000134,
              575280.82750000246
            ],
            [
              255079.15930000134,
              575286.81819999963
            ],
            [
              255093.13750000112,
              575295.6045000013
            ],
            [
              255105.51819999982,
              575301.19570000097
            ],
            [
              255117.89890000131,
              575316.7714000009
            ],
            [
              255125.0876999991,
              575335.54220000282
            ],
            [
              255131.0784,
              575355.91039999947
            ],
            [
              255132.27649999969,
              575369.48919999972
            ],
            [
              255139.46530000027,
              575382.66870000027
            ],
            [
              255147.05350000132,
              575393.45190000162
            ],
            [
              255151.84600000177,
              575399.44249999896
            ],
            [
              255157.43730000127,
              575409.82630000077
            ],
            [
              255143.0027999999,
              575412.52750000358
            ],
            [
              255131.69260000065,
              575413.97250000015
            ],
            [
              255126.7910000002,
              575417.80470000394
            ],
            [
              255114.90139999986,
              575411.97230000235
            ],
            [
              255100.42550000083,
              575411.22220000252
            ],
            [
              255087.94969999976,
              575417.18730000034
            ],
            [
              255075.28890000004,
              575425.1428999994
            ],
            [
              255068.11900000181,
              575428.89340000227
            ],
            [
              255057.75090000033,
              575427.35940000229
            ],
            [
              255047.27209999971,
              575418.53800000064
            ],
            [
              255039.74180000089,
              575407.43260000274
            ],
            [
              255029.73580000177,
              575394.14460000023
            ],
            [
              255018.68049999885,
              575384.69580000266
            ],
            [
              254992.82320000045,
              575369.09950000048
            ],
            [
              254984.56870000064,
              575367.53440000303
            ],
            [
              254970.78760000132,
              575373.48000000231
            ],
            [
              254956.92200000025,
              575381.06550000049
            ],
            [
              254948.24220000114,
              575380.06540000066
            ],
            [
              254933.26619999949,
              575375.04519999959
            ],
            [
              254915.98460000101,
              575372.15510000288
            ],
            [
              254902.09950000048,
              575372.66499999911
            ],
            [
              254876.66760000121,
              575390.70630000159
            ],
            [
              254863.62680000067,
              575400.48690000176
            ],
            [
              254853.98589999881,
              575406.82220000029
            ],
            [
              254839.63010000065,
              575410.59219999798
            ],
            [
              254826.63169999979,
              575413.54770000279
            ],
            [
              254816.4840000011,
              575417.86270000041
            ],
            [
              254809.21350000054,
              575421.17799999937
            ],
            [
              254803.3133999994,
              575420.04800000042
            ],
            [
              254791.90270000137,
              575403.74710000306
            ],
            [
              254789.45760000031,
              575391.52140000276
            ],
            [
              254795.16289999895,
              575373.59040000103
            ],
            [
              254792.71780000068,
              575349.13900000229
            ],
            [
              254812.2789000012,
              575316.53710000403
            ],
            [
              254813.90900000092,
              575306.756500002
            ],
            [
              254800.86820000038,
              575296.97600000165
            ],
            [
              254788.64250000101,
              575296.16090000421
            ],
            [
              254764.1911000004,
              575297.79099999927
            ],
            [
              254747.89020000026,
              575301.05120000057
            ],
            [
              254722.62380000204,
              575301.05120000057
            ],
            [
              254700.6174999997,
              575305.94150000066
            ],
            [
              254676.16610000096,
              575315.722000001
            ],
            [
              254641.93410000019,
              575326.31760000065
            ],
            [
              254610.14730000123,
              575347.50890000165
            ],
            [
              254592.21630000044,
              575353.21420000121
            ],
            [
              254575.10030000098,
              575361.36470000073
            ],
            [
              254552.27900000103,
              575378.48060000129
            ],
            [
              254532.71790000051,
              575398.04179999977
            ],
            [
              254515.60190000106,
              575411.89750000462
            ],
            [
              254502.56120000128,
              575430.64359999821
            ],
            [
              254493.59570000041,
              575460.80030000024
            ],
            [
              254489.52040000074,
              575493.4021999985
            ],
            [
              254487.89030000009,
              575534.15450000018
            ],
            [
              254488.70540000219,
              575554.5307
            ],
            [
              254495.22580000013,
              575568.38649999909
            ],
            [
              254500.93110000156,
              575578.16709999926
            ],
            [
              254506.63640000019,
              575588.76270000264
            ],
            [
              254508.26649999991,
              575598.54320000112
            ],
            [
              254499.30100000091,
              575615.65919999965
            ],
            [
              254489.52040000074,
              575623.80970000103
            ],
            [
              254473.21950000059,
              575623.80970000103
            ],
            [
              254460.99380000122,
              575614.02910000458
            ],
            [
              254453.65840000007,
              575597.72820000164
            ],
            [
              254450.3981999997,
              575583.05730000138
            ],
            [
              254442.24770000204,
              575574.90689999983
            ],
            [
              254429.20700000226,
              575574.90689999983
            ],
            [
              254418.61140000075,
              575578.98210000247
            ],
            [
              254405.57060000021,
              575596.91310000047
            ],
            [
              254386.82460000087,
              575609.95390000194
            ],
            [
              254375.41390000004,
              575624.62470000237
            ],
            [
              254365.63329999987,
              575624.62470000237
            ],
            [
              254350.14750000183,
              575614.02910000458
            ],
            [
              254340.36690000072,
              575604.24850000441
            ],
            [
              254333.84650000092,
              575592.83790000156
            ],
            [
              254324.88100000191,
              575577.35200000182
            ],
            [
              254319.17570000049,
              575574.09180000238
            ],
            [
              254291.46410000231,
              575582.2423000019
            ],
            [
              254259.67730000056,
              575595.28299999982
            ],
            [
              254240.11620000005,
              575606.69370000064
            ],
            [
              254229.52060000133,
              575615.65919999965
            ],
            [
              254226.26040000096,
              575627.88489999808
            ],
            [
              254226.26040000096,
              575667.00709999911
            ],
            [
              254219.74000000022,
              575694.71870000288
            ],
            [
              254209.95940000005,
              575711.8347000014
            ],
            [
              254188.76819999982,
              575737.91620000079
            ],
            [
              254170.0222000014,
              575744.43660000153
            ],
            [
              254148.83090000227,
              575755.84720000252
            ],
            [
              254144.75570000149,
              575775.40830000117
            ],
            [
              254137.42030000035,
              575794.96950000152
            ],
            [
              254119.48929999955,
              575809.64030000009
            ],
            [
              254103.75240000058,
              575808.41599999927
            ],
            [
              254090.14760000166,
              575825.12619999982
            ],
            [
              254066.51119999867,
              575830.83150000125
            ],
            [
              254042.87490000017,
              575847.94750000164
            ],
            [
              254022.49870000035,
              575855.28289999999
            ],
            [
              254009.96490000095,
              575864.69339999929
            ]
          ]
        ]
      }
    },
    {
      "attributes" : {
        "FID" : 1,
        "PMNTN_SN" : 25739,
        "MNTN_CODE" : "421102401",
        "MNTN_NM" : "봉화산",
        "PMNTN_NM" : "강촌리구간",
        "PMNTN_MAIN" : " ",
        "PMNTN_LT" : 0.64,
        "PMNTN_DFFL" : "쉬움",
        "PMNTN_UPPL" : 11,
        "PMNTN_GODN" : 8,
        "PMNTN_MTRQ" : " ",
        "PMNTN_CNRL" : " ",
        "PMNTN_CLS_" : " ",
        "PMNTN_RISK" : " ",
        "PMNTN_RECO" : " ",
        "DATA_STDR_" : "2016-12-31",
        "MNTN_ID" : "421102401"
      },
      "geometry" : {
        "paths" : [
          [
            [
              253498.92929999996,
              576344.88840000145
            ],
            [
              253496.34960000031,
              576346.6995000001
            ],
            [
              253494.26280000154,
              576348.75600000098
            ],
            [
              253489.78680000082,
              576352.17349999957
            ],
            [
              253483.90099999961,
              576355.87530000135
            ],
            [
              253478.68200000003,
              576357.10390000232
            ],
            [
              253473.65790000092,
              576359.61370000243
            ],
            [
              253473.48350000102,
              576363.70409999974
            ],
            [
              253471.55250000022,
              576368.06000000425
            ],
            [
              253470.18099999987,
              576371.69430000149
            ],
            [
              253467.18879999965,
              576375.24050000124
            ],
            [
              253466.70600000024,
              576378.13700000197
            ],
            [
              253468.14010000043,
              576382.57240000181
            ],
            [
              253466.4319999991,
              576388.78199999966
            ],
            [
              253468.6930999998,
              576390.77490000054
            ],
            [
              253467.44610000122,
              576394.10700000264
            ],
            [
              253466.06190000009,
              576397.71620000154
            ],
            [
              253463.75050000101,
              576399.97580000199
            ],
            [
              253462.93209999986,
              576404.38450000249
            ],
            [
              253461.84410000127,
              576409.99680000357
            ],
            [
              253458.80519999936,
              576413.00960000232
            ],
            [
              253456.95230000094,
              576415.83570000157
            ],
            [
              253457.32090000156,
              576419.14959999919
            ],
            [
              253455.02579999994,
              576423.55600000173
            ],
            [
              253453.83609999996,
              576427.29700000212
            ],
            [
              253453.59229999967,
              576432.60840000026
            ],
            [
              253450.39800000098,
              576432.26400000043
            ],
            [
              253447.84670000151,
              576433.8479999993
            ],
            [
              253445.3722000001,
              576437.6454000026
            ],
            [
              253442.00860000029,
              576440.10759999976
            ],
            [
              253437.97430000175,
              576444.75840000249
            ],
            [
              253437.03289999906,
              576447.74120000191
            ],
            [
              253436.75610000081,
              576451.36820000038
            ],
            [
              253436.70069999993,
              576455.45650000125
            ],
            [
              253437.84970000107,
              576460.04800000042
            ],
            [
              253436.3685000008,
              576464.15949999914
            ],
            [
              253433.71050000004,
              576466.34670000337
            ],
            [
              253429.88980000094,
              576466.9280999992
            ],
            [
              253425.15540000051,
              576469.14299999923
            ],
            [
              253423.18960000109,
              576473.04690000229
            ],
            [
              253422.58050000016,
              576476.03699999861
            ],
            [
              253420.31010000035,
              576479.96849999949
            ],
            [
              253418.31680000201,
              576484.37069999799
            ],
            [
              253412.97320000175,
              576486.39190000109
            ],
            [
              253408.76480000094,
              576487.91459999979
            ],
            [
              253408.99550000019,
              576490.78480000049
            ],
            [
              253413.27770000044,
              576492.59369999915
            ],
            [
              253416.40629999992,
              576494.69790000096
            ],
            [
              253418.78740000073,
              576498.07570000179
            ],
            [
              253419.23959999997,
              576504.88660000078
            ],
            [
              253415.38190000132,
              576507.37840000167
            ],
            [
              253409.7892000014,
              576509.64870000258
            ],
            [
              253406.99280000106,
              576512.38970000111
            ],
            [
              253405.52539999969,
              576516.87500000186
            ],
            [
              253402.41069999989,
              576519.6297999993
            ],
            [
              253398.51140000112,
              576519.26520000212
            ],
            [
              253394.3953999998,
              576518.0932
            ],
            [
              253391.36830000114,
              576519.43140000105
            ],
            [
              253389.07949999999,
              576521.22179999948
            ],
            [
              253386.14470000099,
              576522.88299999945
            ],
            [
              253382.96079999954,
              576523.63049999997
            ],
            [
              253379.27840000112,
              576524.93180000409
            ],
            [
              253375.56840000115,
              576526.37150000222
            ],
            [
              253372.46750000026,
              576526.62069999985
            ],
            [
              253368.31450000033,
              576524.95949999988
            ],
            [
              253363.77379999962,
              576522.88299999945
            ],
            [
              253360.40010000113,
              576522.12209999934
            ],
            [
              253354.88740000129,
              576523.95969999954
            ],
            [
              253351.34350000136,
              576523.95969999954
            ],
            [
              253347.4058000017,
              576524.48470000178
            ],
            [
              253344.25570000056,
              576525.00970000029
            ],
            [
              253340.05549999978,
              576524.87849999964
            ],
            [
              253336.51160000172,
              576524.35350000113
            ],
            [
              253333.09900000133,
              576525.14100000076
            ],
            [
              253330.60510000028,
              576526.97860000096
            ],
            [
              253328.37380000111,
              576528.94740000181
            ],
            [
              253325.87990000006,
              576532.22880000062
            ],
            [
              253320.10470000189,
              576532.22880000062
            ],
            [
              253316.16700000223,
              576531.5725000035
            ],
            [
              253312.62310000136,
              576531.31000000052
            ],
            [
              253309.07919999957,
              576531.17879999988
            ],
            [
              253303.43520000204,
              576530.91619999893
            ],
            [
              253298.25059999991,
              576530.45690000243
            ],
            [
              253294.7723000003,
              576528.81620000117
            ],
            [
              253291.09720000066,
              576527.50359999947
            ],
            [
              253286.76580000017,
              576527.10980000161
            ],
            [
              253285.05939999968,
              576530.98190000094
            ],
            [
              253285.05939999968,
              576535.77270000242
            ],
            [
              253285.19060000032,
              576539.84160000086
            ],
            [
              253283.48430000059,
              576543.58250000328
            ],
            [
              253279.54669999983,
              576546.40440000221
            ],
            [
              253274.1651999997,
              576548.8983000014
            ],
            [
              253270.75260000117,
              576549.55460000038
            ],
            [
              253267.07740000077,
              576548.50449999981
            ],
            [
              253262.87719999999,
              576547.5856999997
            ],
            [
              253257.75820000097,
              576548.63580000028
            ],
            [
              253255.92060000077,
              576550.86710000224
            ],
            [
              253255.85499999952,
              576554.80480000004
            ],
            [
              253253.03300000075,
              576558.61120000295
            ],
            [
              253249.2265999997,
              576560.58000000007
            ],
            [
              253244.50140000228,
              576561.10500000231
            ],
            [
              253239.38250000216,
              576562.35200000182
            ],
            [
              253234.78850000165,
              576564.12390000001
            ],
            [
              253229.27570000105,
              576564.25520000048
            ],
            [
              253223.10670000035,
              576566.48650000244
            ],
            [
              253219.03780000098,
              576568.71790000051
            ],
            [
              253214.8376000002,
              576569.50540000014
            ],
            [
              253211.29370000027,
              576569.89920000173
            ],
            [
              253207.35600000061,
              576570.55550000072
            ],
            [
              253202.89329999965,
              576571.99929999933
            ],
            [
              253199.25110000093,
              576574.42760000005
            ],
            [
              253196.59310000017,
              576577.9058000017
            ],
            [
              253193.57420000061,
              576579.61210000142
            ],
            [
              253190.29279999994,
              576579.8746000044
            ],
            [
              253187.14270000067,
              576580.00589999929
            ],
            [
              253182.81120000221,
              576580.26840000041
            ],
            [
              253180.12050000113,
              576582.69660000317
            ],
            [
              253179.1361000007,
              576586.30610000156
            ],
            [
              253177.75790000055,
              576590.44070000201
            ],
            [
              253174.73900000099,
              576592.40949999914
            ],
            [
              253171.91700000223,
              576592.2126000002
            ],
            [
              253168.63560000062,
              576591.68760000169
            ],
            [
              253163.91040000133,
              576591.42510000058
            ],
            [
              253160.3665000014,
              576591.95009999909
            ],
            [
              253158.39769999962,
              576594.05020000041
            ],
            [
              253155.51009999961,
              576596.15030000173
            ],
            [
              253150.39110000059,
              576597.85660000145
            ],
            [
              253144.22210000083,
              576597.98790000193
            ],
            [
              253134.77170000132,
              576597.06910000183
            ],
            [
              253130.44020000007,
              576596.54409999959
            ],
            [
              253125.32129999995,
              576596.93780000135
            ],
            [
              253117.83970000222,
              576599.03790000454
            ],
            [
              253113.37700000126,
              576600.74430000223
            ],
            [
              253108.65180000011,
              576602.71309999935
            ],
            [
              253104.9765999997,
              576604.28820000216
            ],
            [
              253101.69520000089,
              576608.75090000406
            ],
            [
              253094.34490000084,
              576614.9199000001
            ],
            [
              253089.88219999988,
              576617.93870000169
            ],
            [
              253082.92569999956,
              576620.3013000004
            ],
            [
              253077.80670000054,
              576620.69510000199
            ],
            [
              253071.76889999956,
              576620.3013000004
            ],
            [
              253065.33739999961,
              576618.85750000179
            ],
            [
              253059.69340000022,
              576618.07000000216
            ],
            [
              253054.92659999989,
              576617.4991999995
            ],
            [
              253052.34310000017,
              576618.72630000114
            ],
            [
              253049.20110000018,
              576620.50400000066
            ]
          ]
        ]
      }
    },
    {
      "attributes" : {
        "FID" : 2,
        "PMNTN_SN" : 25740,
        "MNTN_CODE" : "421102401",
        "MNTN_NM" : "봉화산",
        "PMNTN_NM" : "강촌리구간",
        "PMNTN_MAIN" : " ",
        "PMNTN_LT" : 0.22,
        "PMNTN_DFFL" : "쉬움",
        "PMNTN_UPPL" : 4,
        "PMNTN_GODN" : 3,
        "PMNTN_MTRQ" : " ",
        "PMNTN_CNRL" : " ",
        "PMNTN_CLS_" : " ",
        "PMNTN_RISK" : " ",
        "PMNTN_RECO" : " ",
        "DATA_STDR_" : "2016-12-31",
        "MNTN_ID" : "421102401"
      },
      "geometry" : {
        "paths" : [
          [
            [
              253255.09940000065,
              576891.17640000023
            ],
            [
              253252.97169999965,
              576895.39900000207
            ],
            [
              253252.51209999993,
              576908.26649999991
            ],
            [
              253253.8908000011,
              576916.99800000153
            ],
            [
              253254.80989999976,
              576922.97220000066
            ],
            [
              253258.48630000092,
              576929.86540000141
            ],
            [
              253261.54110000003,
              576936.75870000198
            ],
            [
              253262.46019999962,
              576942.52340000309
            ],
            [
              253261.54110000003,
              576947.99750000052
            ],
            [
              253259.40539999958,
              576952.84310000017
            ],
            [
              253254.80989999976,
              576955.1408000011
            ],
            [
              253248.37619999982,
              576955.1408000011
            ],
            [
              253240.56380000152,
              576955.1408000011
            ],
            [
              253235.04920000024,
              576956.5195000004
            ],
            [
              253229.8320000004,
              576960.4934000019
            ],
            [
              253230.83220000099,
              576971.63720000163
            ],
            [
              253233.38000000082,
              576979.82120000012
            ],
            [
              253238.27300000004,
              576991.31699999981
            ],
            [
              253239.86110000033,
              576998.96730000153
            ],
            [
              253238.49980000127,
              577007.5689000003
            ],
            [
              253239.64470000006,
              577017.18040000089
            ],
            [
              253239.31360000093,
              577031.83860000409
            ],
            [
              253239.36110000126,
              577046.34860000014
            ],
            [
              253241.70079999976,
              577053.82939999923
            ],
            [
              253241.00669999979,
              577061.27150000073
            ],
            [
              253241.9505000012,
              577068.48249999993
            ],
            [
              253243.72589999996,
              577075.71860000119
            ],
            [
              253242.83189999964,
              577080.99510000087
            ]
          ]
        ]
      }
    },
    {
      "attributes" : {
        "FID" : 3,
        "PMNTN_SN" : 25741,
        "MNTN_CODE" : "421102401",
        "MNTN_NM" : "봉화산",
        "PMNTN_NM" : "강촌리구간",
        "PMNTN_MAIN" : " ",
        "PMNTN_LT" : 0.24,
        "PMNTN_DFFL" : "쉬움",
        "PMNTN_UPPL" : 4,
        "PMNTN_GODN" : 3,
        "PMNTN_MTRQ" : " ",
        "PMNTN_CNRL" : " ",
        "PMNTN_CLS_" : " ",
        "PMNTN_RISK" : " ",
        "PMNTN_RECO" : " ",
        "DATA_STDR_" : "2016-12-31",
        "MNTN_ID" : "421102401"
      },
      "geometry" : {
        "paths" : [
          [
            [
              252950.19940000027,
              577166.70660000108
            ],
            [
              252960.8487000009,
              577148.17259999923
            ],
            [
              252969.74799999967,
              577144.48270000145
            ],
            [
              252977.77900000103,
              577140.35870000347
            ],
            [
              252979.73249999899,
              577130.26570000127
            ],
            [
              252981.68600000069,
              577116.26560000144
            ],
            [
              252983.53089999966,
              577108.34310000017
            ],
            [
              252990.47670000233,
              577094.99430000223
            ],
            [
              252995.90299999993,
              577085.87800000049
            ],
            [
              252997.20540000126,
              577081.31990000047
            ],
            [
              252997.42240000051,
              577074.59120000154
            ],
            [
              252995.57740000077,
              577067.86250000075
            ],
            [
              252994.2751000002,
              577058.96320000291
            ],
            [
              252993.93990000058,
              577051.98460000008
            ],
            [
              252991.58530000132,
              577045.98249999993
            ],
            [
              252986.68780000135,
              577041.61810000055
            ],
            [
              252981.04440000094,
              577036.98430000246
            ],
            [
              252969.85230000038,
              577029.00970000401
            ],
            [
              252964.21849999949,
              577021.15320000425
            ],
            [
              252962.04250000138,
              577013.81590000167
            ],
            [
              252955.96500000171,
              577009.14920000359
            ],
            [
              252945.52300000098,
              577002.71320000105
            ],
            [
              252933.42970000021,
              576996.1492999997
            ],
            [
              252920.64680000022,
              576986.56600000151
            ],
            [
              252917.14800000098,
              576981.74880000204
            ],
            [
              252917.44150000066,
              576978.24310000055
            ]
          ]
        ]
      }
    },
    {
      "attributes" : {
        "FID" : 4,
        "PMNTN_SN" : 25742,
        "MNTN_CODE" : "421102401",
        "MNTN_NM" : "봉화산",
        "PMNTN_NM" : "강촌리구간",
        "PMNTN_MAIN" : " ",
        "PMNTN_LT" : 0.14,
        "PMNTN_DFFL" : "쉬움",
        "PMNTN_UPPL" : 2,
        "PMNTN_GODN" : 2,
        "PMNTN_MTRQ" : " ",
        "PMNTN_CNRL" : " ",
        "PMNTN_CLS_" : " ",
        "PMNTN_RISK" : " ",
        "PMNTN_RECO" : " ",
        "DATA_STDR_" : "2016-12-31",
        "MNTN_ID" : "421102401"
      },
      "geometry" : {
        "paths" : [
          [
            [
              252955.96650000103,
              577172.44920000061
            ],
            [
              252962.7023,
              577166.45800000057
            ],
            [
              252971.31420000084,
              577171.01720000245
            ],
            [
              252985.83610000089,
              577179.46020000242
            ],
            [
              252994.95450000092,
              577193.64440000243
            ],
            [
              253009.13879999984,
              577193.81320000254
            ],
            [
              253020.11460000183,
              577198.03470000252
            ],
            [
              253033.96110000182,
              577202.76280000061
            ],
            [
              253040.54670000076,
              577205.46460000426
            ],
            [
              253049.32739999983,
              577206.98430000059
            ],
            [
              253056.41949999984,
              577208.33520000055
            ],
            [
              253066.21329999994,
              577208.33520000055
            ],
            [
              253073.64320000075,
              577211.54350000247
            ],
            [
              253080.86749999877,
              577212.71310000122
            ],
            [
              253083.54710000008,
              577213.61889999919
            ]
          ]
        ]
      }
    },
    {
      "attributes" : {
        "FID" : 5,
        "PMNTN_SN" : 25743,
        "MNTN_CODE" : "421102401",
        "MNTN_NM" : "봉화산",
        "PMNTN_NM" : "방곡리구간",
        "PMNTN_MAIN" : " ",
        "PMNTN_LT" : 0.24,
        "PMNTN_DFFL" : "쉬움",
        "PMNTN_UPPL" : 4,
        "PMNTN_GODN" : 3,
        "PMNTN_MTRQ" : " ",
        "PMNTN_CNRL" : " ",
        "PMNTN_CLS_" : " ",
        "PMNTN_RISK" : " ",
        "PMNTN_RECO" : " ",
        "DATA_STDR_" : "2016-12-31",
        "MNTN_ID" : "421102401"
      },
      "geometry" : {
        "paths" : [
          [
            [
              254664.3048000019,
              577360.18330000341
            ],
            [
              254659.94099999964,
              577366.38270000182
            ],
            [
              254654.13329999987,
              577374.58190000057
            ],
            [
              254648.3256000001,
              577376.97330000438
            ],
            [
              254642.17619999964,
              577376.97330000438
            ],
            [
              254636.71010000072,
              577381.75610000268
            ],
            [
              254631.58560000081,
              577385.85570000112
            ],
            [
              254626.11950000096,
              577388.93040000461
            ],
            [
              254617.23709999956,
              577393.71320000291
            ],
            [
              254612.11270000134,
              577397.47120000422
            ],
            [
              254603.5719000008,
              577402.25400000252
            ],
            [
              254596.05599999987,
              577409.42830000259
            ],
            [
              254591.6147999987,
              577412.1612999998
            ],
            [
              254584.44050000049,
              577417.28580000065
            ],
            [
              254578.29120000079,
              577421.04370000213
            ],
            [
              254567.70060000196,
              577423.09349999949
            ],
            [
              254561.5513000004,
              577429.24289999902
            ],
            [
              254557.11000000034,
              577438.80850000121
            ],
            [
              254548.2276000008,
              577445.64120000042
            ],
            [
              254543.78639999963,
              577452.13220000267
            ],
            [
              254537.29540000111,
              577460.33130000159
            ],
            [
              254534.56240000017,
              577466.13900000229
            ],
            [
              254527.72979999986,
              577476.04629999958
            ],
            [
              254523.63020000141,
              577483.56220000237
            ],
            [
              254517.82249999885,
              577490.0532000009
            ],
            [
              254508.9401000021,
              577496.88580000214
            ],
            [
              254492.13970000111,
              577512.96200000122
            ]
          ]
        ]
      }
    },
    {
      "attributes" : {
        "FID" : 6,
        "PMNTN_SN" : 25744,
        "MNTN_CODE" : "421102401",
        "MNTN_NM" : "봉화산",
        "PMNTN_NM" : "강촌리구간",
        "PMNTN_MAIN" : " ",
        "PMNTN_LT" : 0.32,
        "PMNTN_DFFL" : "쉬움",
        "PMNTN_UPPL" : 6,
        "PMNTN_GODN" : 4,
        "PMNTN_MTRQ" : " ",
        "PMNTN_CNRL" : " ",
        "PMNTN_CLS_" : " ",
        "PMNTN_RISK" : " ",
        "PMNTN_RECO" : " ",
        "DATA_STDR_" : "2016-12-31",
        "MNTN_ID" : "421102401"
      },
      "geometry" : {
        "paths" : [
          [
            [
              254492.13970000111,
              577512.96200000122
            ],
            [
              254486.53619999904,
              577506.95830000192
            ],
            [
              254483.46769999992,
              577499.88729999959
            ],
            [
              254482.66720000096,
              577492.68280000053
            ],
            [
              254480.39910000004,
              577486.54570000432
            ],
            [
              254476.79690000042,
              577480.00830000266
            ],
            [
              254474.12860000134,
              577477.34000000171
            ],
            [
              254470.65980000142,
              577469.73530000262
            ],
            [
              254468.79190000053,
              577464.79900000058
            ],
            [
              254463.85560000222,
              577454.25909999944
            ],
            [
              254458.38550000172,
              577444.91999999993
            ],
            [
              254455.58380000107,
              577439.85020000115
            ],
            [
              254452.38179999962,
              577435.84780000336
            ],
            [
              254448.64620000031,
              577430.9114000015
            ],
            [
              254440.64120000042,
              577425.17449999973
            ],
            [
              254428.50040000118,
              577420.10470000096
            ],
            [
              254422.49670000095,
              577419.97130000405
            ],
            [
              254417.56030000094,
              577419.97130000405
            ],
            [
              254412.3571000006,
              577419.03740000166
            ],
            [
              254402.88460000046,
              577413.96759999916
            ],
            [
              254397.68139999919,
              577411.56610000134
            ],
            [
              254388.60910000186,
              577408.09730000049
            ],
            [
              254373.39980000071,
              577403.82800000161
            ],
            [
              254361.25890000071,
              577401.42650000378
            ],
            [
              254350.58570000064,
              577400.89290000126
            ],
            [
              254338.84509999957,
              577401.15970000066
            ],
            [
              254327.37140000053,
              577402.89409999922
            ],
            [
              254318.16570000071,
              577405.16220000014
            ],
            [
              254312.69560000021,
              577408.76440000348
            ],
            [
              254305.09090000205,
              577415.03490000218
            ],
            [
              254301.48869999964,
              577418.90400000103
            ],
            [
              254297.75310000032,
              577423.5735000018
            ],
            [
              254295.61840000097,
              577429.3104000017
            ],
            [
              254294.01740000024,
              577435.84780000336
            ],
            [
              254291.34910000116,
              577443.31900000013
            ],
            [
              254287.21320000105,
              577447.72180000134
            ],
            [
              254283.01070000138,
              577452.59150000103
            ],
            [
              254281.34300000127,
              577459.46230000444
            ],
            [
              254280.00879999902,
              577468.0009000022
            ],
            [
              254277.47389999963,
              577477.74030000158
            ]
          ]
        ]
      }
    },
    {
      "attributes" : {
        "FID" : 7,
        "PMNTN_SN" : 25745,
        "MNTN_CODE" : "421102401",
        "MNTN_NM" : "봉화산",
        "PMNTN_NM" : " ",
        "PMNTN_MAIN" : " ",
        "PMNTN_LT" : 0.07,
        "PMNTN_DFFL" : "쉬움",
        "PMNTN_UPPL" : 1,
        "PMNTN_GODN" : 1,
        "PMNTN_MTRQ" : " ",
        "PMNTN_CNRL" : " ",
        "PMNTN_CLS_" : " ",
        "PMNTN_RISK" : " ",
        "PMNTN_RECO" : " ",
        "DATA_STDR_" : "2016-12-31",
        "MNTN_ID" : "421102401"
      },
      "geometry" : {
        "paths" : [
          [
            [
              254526.69610000029,
              577575.14900000393
            ],
            [
              254525.22680000123,
              577570.99780000187
            ],
            [
              254523.6258000005,
              577565.26090000011
            ],
            [
              254519.89010000043,
              577553.5204000026
            ],
            [
              254516.95500000101,
              577546.31589999981
            ],
            [
              254513.35280000046,
              577536.84339999966
            ],
            [
              254507.34910000116,
              577527.37089999951
            ],
            [
              254492.13970000111,
              577512.96200000122
            ]
          ]
        ]
      }
    },
    {
      "attributes" : {
        "FID" : 8,
        "PMNTN_SN" : 25746,
        "MNTN_CODE" : "421102401",
        "MNTN_NM" : "봉화산",
        "PMNTN_NM" : "구곡폭포주차장구간",
        "PMNTN_MAIN" : "구곡폭포주차장입구 앞 산수정 민박 - 봉화산 정상에서 1.8km지점",
        "PMNTN_LT" : 0.29,
        "PMNTN_DFFL" : "쉬움",
        "PMNTN_UPPL" : 5,
        "PMNTN_GODN" : 4,
        "PMNTN_MTRQ" : " ",
        "PMNTN_CNRL" : " ",
        "PMNTN_CLS_" : " ",
        "PMNTN_RISK" : " ",
        "PMNTN_RECO" : " ",
        "DATA_STDR_" : "2016-12-31",
        "MNTN_ID" : "421102401"
      },
      "geometry" : {
        "paths" : [
          [
            [
              254526.69610000029,
              577575.14900000393
            ],
            [
              254523.97180000134,
              577584.34340000339
            ],
            [
              254514.86170000117,
              577590.72049999982
            ],
            [
              254500.28540000226,
              577602.10820000246
            ],
            [
              254493.45280000195,
              577609.85190000199
            ],
            [
              254491.17520000134,
              577616.22900000028
            ],
            [
              254487.07570000179,
              577623.51710000262
            ],
            [
              254482.97610000055,
              577626.70570000075
            ],
            [
              254475.23240000103,
              577629.43870000169
            ],
            [
              254471.13290000055,
              577631.26080000214
            ],
            [
              254465.66680000164,
              577633.53830000013
            ],
            [
              254455.19010000024,
              577639.00440000184
            ],
            [
              254446.07990000024,
              577642.19300000183
            ],
            [
              254441.06930000056,
              577644.01500000246
            ],
            [
              254437.42530000117,
              577647.20360000059
            ],
            [
              254435.14770000149,
              577649.93660000153
            ],
            [
              254431.50370000117,
              577658.13579999842
            ],
            [
              254430.13709999993,
              577669.97900000401
            ],
            [
              254425.5820000004,
              577677.26710000075
            ],
            [
              254420.57149999961,
              577685.01070000231
            ],
            [
              254413.73880000133,
              577693.2098999992
            ],
            [
              254404.6287000021,
              577708.24170000292
            ],
            [
              254399.16259999946,
              577715.07430000231
            ],
            [
              254394.60750000086,
              577720.08490000106
            ],
            [
              254392.78550000023,
              577726.46199999936
            ],
            [
              254385.0418000007,
              577737.849700002
            ],
            [
              254381.39769999962,
              577745.13780000433
            ],
            [
              254379.1202000007,
              577751.51490000077
            ],
            [
              254376.00350000057,
              577760.25870000198
            ],
            [
              254371.15380000137,
              577762.6699000001
            ],
            [
              254364.52670000028,
              577760.55330000073
            ],
            [
              254358.92690000124,
              577755.70360000059
            ],
            [
              254355.53280000109,
              577750.6484999992
            ],
            [
              254347.6901000021,
              577748.78189999983
            ],
            [
              254341.31300000008,
              577750.60390000045
            ]
          ]
        ]
      }
    },
    {
      "attributes" : {
        "FID" : 9,
        "PMNTN_SN" : 25747,
        "MNTN_CODE" : "421102401",
        "MNTN_NM" : "봉화산",
        "PMNTN_NM" : "강촌리구간",
        "PMNTN_MAIN" : " ",
        "PMNTN_LT" : 0.07,
        "PMNTN_DFFL" : "쉬움",
        "PMNTN_UPPL" : 1,
        "PMNTN_GODN" : 1,
        "PMNTN_MTRQ" : " ",
        "PMNTN_CNRL" : " ",
        "PMNTN_CLS_" : " ",
        "PMNTN_RISK" : " ",
        "PMNTN_RECO" : " ",
        "DATA_STDR_" : "2016-12-31",
        "MNTN_ID" : "421102401"
      },
      "geometry" : {
        "paths" : [
          [
            [
              254570.90749999974,
              577628.41110000201
            ],
            [
              254543.90490000043,
              577595.41290000081
            ],
            [
              254526.69610000029,
              577575.14900000393
            ]
          ]
        ]
      }
    }
  ]
}