{
  "displayFieldName" : "",
  "fieldAliases" : {
    "FID" : "FID",
    "PMNTN_SPOT" : "PMNTN_SPOT",
    "MNTN_CODE" : "MNTN_CODE",
    "MANAGE_SP1" : "MANAGE_SP1",
    "MANAGE_SP2" : "MANAGE_SP2",
    "DETAIL_SPO" : "DETAIL_SPO",
    "ETC_MATTER" : "ETC_MATTER",
    "MNTN_NM" : "MNTN_NM",
    "PAST_SPOT_" : "PAST_SPOT_",
    "MNTN_ID" : "MNTN_ID"
  },
  "geometryType" : "esriGeometryPoint",
  "spatialReference" : {
    "wkt" : "PROJCS[\"PCS_ITRF2000_TM\",GEOGCS[\"GCS_ITRF_2000\",DATUM[\"D_ITRF_2000\",SPHEROID[\"GRS_1980\",6378137.0,298.257222101]],PRIMEM[\"Greenwich\",0.0],UNIT[\"Degree\",0.0174532925199433]],PROJECTION[\"Transverse_Mercator\"],PARAMETER[\"False_Easting\",200000.0],PARAMETER[\"False_Northing\",600000.0],PARAMETER[\"Central_Meridian\",127.0],PARAMETER[\"Scale_Factor\",1.0],PARAMETER[\"Latitude_Of_Origin\",38.0],UNIT[\"Meter\",1.0]]"
  },
  "fields" : [
    {
      "name" : "FID",
      "type" : "esriFieldTypeOID",
      "alias" : "FID"
    },
    {
      "name" : "PMNTN_SPOT",
      "type" : "esriFieldTypeDouble",
      "alias" : "PMNTN_SPOT"
    },
    {
      "name" : "MNTN_CODE",
      "type" : "esriFieldTypeString",
      "alias" : "MNTN_CODE",
      "length" : 9
    },
    {
      "name" : "MANAGE_SP1",
      "type" : "esriFieldTypeString",
      "alias" : "MANAGE_SP1",
      "length" : 2
    },
    {
      "name" : "MANAGE_SP2",
      "type" : "esriFieldTypeString",
      "alias" : "MANAGE_SP2",
      "length" : 50
    },
    {
      "name" : "DETAIL_SPO",
      "type" : "esriFieldTypeString",
      "alias" : "DETAIL_SPO",
      "length" : 200
    },
    {
      "name" : "ETC_MATTER",
      "type" : "esriFieldTypeString",
      "alias" : "ETC_MATTER",
      "length" : 200
    },
    {
      "name" : "MNTN_NM",
      "type" : "esriFieldTypeString",
      "alias" : "MNTN_NM",
      "length" : 50
    },
    {
      "name" : "PAST_SPOT_",
      "type" : "esriFieldTypeString",
      "alias" : "PAST_SPOT_",
      "length" : 14
    },
    {
      "name" : "MNTN_ID",
      "type" : "esriFieldTypeString",
      "alias" : "MNTN_ID",
      "length" : 10
    }
  ],
  "features" : [
    {
      "attributes" : {
        "FID" : 0,
        "PMNTN_SPOT" : 42673,
        "MNTN_CODE" : "461301601",
        "MANAGE_SP1" : "99",
        "MANAGE_SP2" : "기타",
        "DETAIL_SPO" : "기타",
        "ETC_MATTER" : " ",
        "MNTN_NM" : "봉화산",
        "PAST_SPOT_" : "26135816000001",
        "MNTN_ID" : "2613581600"
      },
      "geometry" : {
        "x" : 259433.62150000408,
        "y" : 219782.75350000151
      }
    },
    {
      "attributes" : {
        "FID" : 1,
        "PMNTN_SPOT" : 42674,
        "MNTN_CODE" : "461301601",
        "MANAGE_SP1" : "99",
        "MANAGE_SP2" : "기타",
        "DETAIL_SPO" : "능선사거리",
        "ETC_MATTER" : "호령~화산고개길",
        "MNTN_NM" : "봉화산",
        "PAST_SPOT_" : "26135816000002",
        "MNTN_ID" : "2613581600"
      },
      "geometry" : {
        "x" : 259835.16400000174,
        "y" : 219531.4999000039
      }
    },
    {
      "attributes" : {
        "FID" : 2,
        "PMNTN_SPOT" : 42675,
        "MNTN_CODE" : "461301601",
        "MANAGE_SP1" : "99",
        "MANAGE_SP2" : "기타",
        "DETAIL_SPO" : "기타",
        "ETC_MATTER" : "옹당샘",
        "MNTN_NM" : "봉화산",
        "PAST_SPOT_" : "26135816000003",
        "MNTN_ID" : "2613581600"
      },
      "geometry" : {
        "x" : 259860.90990000125,
        "y" : 219509.47770000435
      }
    },
    {
      "attributes" : {
        "FID" : 3,
        "PMNTN_SPOT" : 42676,
        "MNTN_CODE" : "461301601",
        "MANAGE_SP1" : "22",
        "MANAGE_SP2" : "헬기장",
        "DETAIL_SPO" : "헬기장",
        "ETC_MATTER" : " ",
        "MNTN_NM" : "봉화산",
        "PAST_SPOT_" : "26135816000004",
        "MNTN_ID" : "2613581600"
      },
      "geometry" : {
        "x" : 259890.02920000348,
        "y" : 219192.04240000248
      }
    },
    {
      "attributes" : {
        "FID" : 4,
        "PMNTN_SPOT" : 42677,
        "MNTN_CODE" : "461301601",
        "MANAGE_SP1" : "99",
        "MANAGE_SP2" : "기타",
        "DETAIL_SPO" : "기타",
        "ETC_MATTER" : " ",
        "MNTN_NM" : "봉화산",
        "PAST_SPOT_" : "26135816000005",
        "MNTN_ID" : "2613581600"
      },
      "geometry" : {
        "x" : 260064.95659999922,
        "y" : 218878.76630000211
      }
    },
    {
      "attributes" : {
        "FID" : 5,
        "PMNTN_SPOT" : 42678,
        "MNTN_CODE" : "461301601",
        "MANAGE_SP1" : "99",
        "MANAGE_SP2" : "기타",
        "DETAIL_SPO" : "기타",
        "ETC_MATTER" : " ",
        "MNTN_NM" : "봉화산",
        "PAST_SPOT_" : "26135816000006",
        "MNTN_ID" : "2613581600"
      },
      "geometry" : {
        "x" : 260070.67060000263,
        "y" : 218775.73949999921
      }
    },
    {
      "attributes" : {
        "FID" : 6,
        "PMNTN_SPOT" : 42679,
        "MNTN_CODE" : "461301601",
        "MANAGE_SP1" : "99",
        "MANAGE_SP2" : "기타",
        "DETAIL_SPO" : "기타",
        "ETC_MATTER" : " ",
        "MNTN_NM" : "봉화산",
        "PAST_SPOT_" : "26135816000007",
        "MNTN_ID" : "2613581600"
      },
      "geometry" : {
        "x" : 260164.18660000246,
        "y" : 218634.8954000026
      }
    },
    {
      "attributes" : {
        "FID" : 7,
        "PMNTN_SPOT" : 42680,
        "MNTN_CODE" : "461301601",
        "MANAGE_SP1" : "99",
        "MANAGE_SP2" : "기타",
        "DETAIL_SPO" : "기타",
        "ETC_MATTER" : "등산방향",
        "MNTN_NM" : "봉화산",
        "PAST_SPOT_" : "26135816000008",
        "MNTN_ID" : "2613581600"
      },
      "geometry" : {
        "x" : 260197.23440000135,
        "y" : 218548.79780000262
      }
    },
    {
      "attributes" : {
        "FID" : 8,
        "PMNTN_SPOT" : 42681,
        "MNTN_CODE" : "461301601",
        "MANAGE_SP1" : "99",
        "MANAGE_SP2" : "기타",
        "DETAIL_SPO" : "기타",
        "ETC_MATTER" : " ",
        "MNTN_NM" : "봉화산",
        "PAST_SPOT_" : "26135816000009",
        "MNTN_ID" : "2613581600"
      },
      "geometry" : {
        "x" : 260773.86040000152,
        "y" : 218721.51500000246
      }
    },
    {
      "attributes" : {
        "FID" : 9,
        "PMNTN_SPOT" : 42682,
        "MNTN_CODE" : "461301601",
        "MANAGE_SP1" : "99",
        "MANAGE_SP2" : "기타",
        "DETAIL_SPO" : "기타",
        "ETC_MATTER" : " ",
        "MNTN_NM" : "봉화산",
        "PAST_SPOT_" : "26135816000010",
        "MNTN_ID" : "2613581600"
      },
      "geometry" : {
        "x" : 260881.247299999,
        "y" : 218832.6043000035
      }
    },
    {
      "attributes" : {
        "FID" : 10,
        "PMNTN_SPOT" : 42683,
        "MNTN_CODE" : "461301601",
        "MANAGE_SP1" : "99",
        "MANAGE_SP2" : "기타",
        "DETAIL_SPO" : "기타",
        "ETC_MATTER" : " ",
        "MNTN_NM" : "봉화산",
        "PAST_SPOT_" : "26135816000011",
        "MNTN_ID" : "2613581600"
      },
      "geometry" : {
        "x" : 261229.58370000031,
        "y" : 219244.04409999959
      }
    },
    {
      "attributes" : {
        "FID" : 11,
        "PMNTN_SPOT" : 42684,
        "MNTN_CODE" : "461301601",
        "MANAGE_SP1" : "99",
        "MANAGE_SP2" : "기타",
        "DETAIL_SPO" : "기타",
        "ETC_MATTER" : " ",
        "MNTN_NM" : "봉화산",
        "PAST_SPOT_" : "26135816000012",
        "MNTN_ID" : "2613581600"
      },
      "geometry" : {
        "x" : 261300.50100000296,
        "y" : 219289.3321000021
      }
    },
    {
      "attributes" : {
        "FID" : 12,
        "PMNTN_SPOT" : 42685,
        "MNTN_CODE" : "461301601",
        "MANAGE_SP1" : "99",
        "MANAGE_SP2" : "기타",
        "DETAIL_SPO" : "신흥리 정수장",
        "ETC_MATTER" : " ",
        "MNTN_NM" : "봉화산",
        "PAST_SPOT_" : "26135816000013",
        "MNTN_ID" : "2613581600"
      },
      "geometry" : {
        "x" : 261391.83490000386,
        "y" : 219022.56770000234
      }
    },
    {
      "attributes" : {
        "FID" : 13,
        "PMNTN_SPOT" : 42686,
        "MNTN_CODE" : "461301601",
        "MANAGE_SP1" : "99",
        "MANAGE_SP2" : "기타",
        "DETAIL_SPO" : "기타",
        "ETC_MATTER" : " ",
        "MNTN_NM" : "봉화산",
        "PAST_SPOT_" : "26135816000014",
        "MNTN_ID" : "2613581600"
      },
      "geometry" : {
        "x" : 261813.08220000006,
        "y" : 218692.09490000457
      }
    },
    {
      "attributes" : {
        "FID" : 14,
        "PMNTN_SPOT" : 42687,
        "MNTN_CODE" : "461301601",
        "MANAGE_SP1" : "99",
        "MANAGE_SP2" : "기타",
        "DETAIL_SPO" : "기타",
        "ETC_MATTER" : "예비군훈련장",
        "MNTN_NM" : "봉화산",
        "PAST_SPOT_" : "26135816000015",
        "MNTN_ID" : "2613581600"
      },
      "geometry" : {
        "x" : 260505.78669999912,
        "y" : 220255.07490000129
      }
    },
    {
      "attributes" : {
        "FID" : 15,
        "PMNTN_SPOT" : 42688,
        "MNTN_CODE" : "461301601",
        "MANAGE_SP1" : "99",
        "MANAGE_SP2" : "기타",
        "DETAIL_SPO" : "기타",
        "ETC_MATTER" : "등산방향",
        "MNTN_NM" : "봉화산",
        "PAST_SPOT_" : "26135816000016",
        "MNTN_ID" : "2613581600"
      },
      "geometry" : {
        "x" : 260203.70270000119,
        "y" : 220155.92689999938
      }
    },
    {
      "attributes" : {
        "FID" : 16,
        "PMNTN_SPOT" : 42689,
        "MNTN_CODE" : "461301601",
        "MANAGE_SP1" : "99",
        "MANAGE_SP2" : "기타",
        "DETAIL_SPO" : "기타",
        "ETC_MATTER" : "화산~여석방향",
        "MNTN_NM" : "봉화산",
        "PAST_SPOT_" : "26135816000017",
        "MNTN_ID" : "2613581600"
      },
      "geometry" : {
        "x" : 259634.24840000179,
        "y" : 220222.14450000226
      }
    },
    {
      "attributes" : {
        "FID" : 17,
        "PMNTN_SPOT" : 42690,
        "MNTN_CODE" : "461301601",
        "MANAGE_SP1" : "11",
        "MANAGE_SP2" : "안내판또는지도",
        "DETAIL_SPO" : "등산안내지도",
        "ETC_MATTER" : " ",
        "MNTN_NM" : "봉화산",
        "PAST_SPOT_" : "26135816000018",
        "MNTN_ID" : "2613581600"
      },
      "geometry" : {
        "x" : 259612.14510000031,
        "y" : 220206.02710000053
      }
    },
    {
      "attributes" : {
        "FID" : 18,
        "PMNTN_SPOT" : 42691,
        "MNTN_CODE" : "461301601",
        "MANAGE_SP1" : "99",
        "MANAGE_SP2" : "기타",
        "DETAIL_SPO" : "기타",
        "ETC_MATTER" : "등산방향",
        "MNTN_NM" : "봉화산",
        "PAST_SPOT_" : "26135816000019",
        "MNTN_ID" : "2613581600"
      },
      "geometry" : {
        "x" : 259580.33310000226,
        "y" : 220172.76259999722
      }
    },
    {
      "attributes" : {
        "FID" : 19,
        "PMNTN_SPOT" : 42692,
        "MNTN_CODE" : "461301601",
        "MANAGE_SP1" : "99",
        "MANAGE_SP2" : "기타",
        "DETAIL_SPO" : "기타",
        "ETC_MATTER" : " ",
        "MNTN_NM" : "봉화산",
        "PAST_SPOT_" : "26135816000020",
        "MNTN_ID" : "2613581600"
      },
      "geometry" : {
        "x" : 259438.26090000104,
        "y" : 219846.46310000308
      }
    },
    {
      "attributes" : {
        "FID" : 20,
        "PMNTN_SPOT" : 42693,
        "MNTN_CODE" : "461301601",
        "MANAGE_SP1" : "01",
        "MANAGE_SP2" : "시종점",
        "DETAIL_SPO" : "시종점",
        "ETC_MATTER" : "옹달샘위치안내",
        "MNTN_NM" : "봉화산",
        "PAST_SPOT_" : "26135816000021",
        "MNTN_ID" : "2613581600"
      },
      "geometry" : {
        "x" : 260866.57180000003,
        "y" : 220399.32670000196
      }
    },
    {
      "attributes" : {
        "FID" : 21,
        "PMNTN_SPOT" : 42694,
        "MNTN_CODE" : "461301601",
        "MANAGE_SP1" : "02",
        "MANAGE_SP2" : "분기점",
        "DETAIL_SPO" : "분기점",
        "ETC_MATTER" : "옹달샘위치안내",
        "MNTN_NM" : "봉화산",
        "PAST_SPOT_" : "26135816000022",
        "MNTN_ID" : "2613581600"
      },
      "geometry" : {
        "x" : 260894.47480000183,
        "y" : 220370.22130000405
      }
    },
    {
      "attributes" : {
        "FID" : 22,
        "PMNTN_SPOT" : 42695,
        "MNTN_CODE" : "461301601",
        "MANAGE_SP1" : "01",
        "MANAGE_SP2" : "시종점",
        "DETAIL_SPO" : "시종점",
        "ETC_MATTER" : " ",
        "MNTN_NM" : "봉화산",
        "PAST_SPOT_" : "26135816000023",
        "MNTN_ID" : "2613581600"
      },
      "geometry" : {
        "x" : 261255.23869999964,
        "y" : 220757.53059999831
      }
    },
    {
      "attributes" : {
        "FID" : 23,
        "PMNTN_SPOT" : 42696,
        "MNTN_CODE" : "461301601",
        "MANAGE_SP1" : "01",
        "MANAGE_SP2" : "시종점",
        "DETAIL_SPO" : "시종점,등산안내지도",
        "ETC_MATTER" : "ENDPOINT",
        "MNTN_NM" : "봉화산",
        "PAST_SPOT_" : "26135816000024",
        "MNTN_ID" : "2613581600"
      },
      "geometry" : {
        "x" : 262377.73090000078,
        "y" : 219549.45130000077
      }
    }
  ]
}