{
  "displayFieldName" : "",
  "fieldAliases" : {
    "FID" : "FID",
    "PMNTN_SN" : "PMNTN_SN",
    "MNTN_CODE" : "MNTN_CODE",
    "MNTN_NM" : "MNTN_NM",
    "PMNTN_NM" : "PMNTN_NM",
    "PMNTN_MAIN" : "PMNTN_MAIN",
    "PMNTN_LT" : "PMNTN_LT",
    "PMNTN_DFFL" : "PMNTN_DFFL",
    "PMNTN_UPPL" : "PMNTN_UPPL",
    "PMNTN_GODN" : "PMNTN_GODN",
    "PMNTN_MTRQ" : "PMNTN_MTRQ",
    "PMNTN_CNRL" : "PMNTN_CNRL",
    "PMNTN_CLS_" : "PMNTN_CLS_",
    "PMNTN_RISK" : "PMNTN_RISK",
    "PMNTN_RECO" : "PMNTN_RECO",
    "DATA_STDR_" : "DATA_STDR_",
    "MNTN_ID" : "MNTN_ID"
  },
  "geometryType" : "esriGeometryPolyline",
  "spatialReference" : {
    "wkt" : "PROJCS[\"PCS_ITRF2000_TM\",GEOGCS[\"GCS_ITRF_2000\",DATUM[\"D_ITRF_2000\",SPHEROID[\"GRS_1980\",6378137.0,298.257222101]],PRIMEM[\"Greenwich\",0.0],UNIT[\"Degree\",0.0174532925199433]],PROJECTION[\"Transverse_Mercator\"],PARAMETER[\"False_Easting\",200000.0],PARAMETER[\"False_Northing\",600000.0],PARAMETER[\"Central_Meridian\",127.0],PARAMETER[\"Scale_Factor\",1.0],PARAMETER[\"Latitude_Of_Origin\",38.0],UNIT[\"Meter\",1.0]]"
  },
  "fields" : [
    {
      "name" : "FID",
      "type" : "esriFieldTypeOID",
      "alias" : "FID"
    },
    {
      "name" : "PMNTN_SN",
      "type" : "esriFieldTypeDouble",
      "alias" : "PMNTN_SN"
    },
    {
      "name" : "MNTN_CODE",
      "type" : "esriFieldTypeString",
      "alias" : "MNTN_CODE",
      "length" : 9
    },
    {
      "name" : "MNTN_NM",
      "type" : "esriFieldTypeString",
      "alias" : "MNTN_NM",
      "length" : 50
    },
    {
      "name" : "PMNTN_NM",
      "type" : "esriFieldTypeString",
      "alias" : "PMNTN_NM",
      "length" : 50
    },
    {
      "name" : "PMNTN_MAIN",
      "type" : "esriFieldTypeString",
      "alias" : "PMNTN_MAIN",
      "length" : 200
    },
    {
      "name" : "PMNTN_LT",
      "type" : "esriFieldTypeSingle",
      "alias" : "PMNTN_LT"
    },
    {
      "name" : "PMNTN_DFFL",
      "type" : "esriFieldTypeString",
      "alias" : "PMNTN_DFFL",
      "length" : 8
    },
    {
      "name" : "PMNTN_UPPL",
      "type" : "esriFieldTypeDouble",
      "alias" : "PMNTN_UPPL"
    },
    {
      "name" : "PMNTN_GODN",
      "type" : "esriFieldTypeDouble",
      "alias" : "PMNTN_GODN"
    },
    {
      "name" : "PMNTN_MTRQ",
      "type" : "esriFieldTypeString",
      "alias" : "PMNTN_MTRQ",
      "length" : 200
    },
    {
      "name" : "PMNTN_CNRL",
      "type" : "esriFieldTypeString",
      "alias" : "PMNTN_CNRL",
      "length" : 1
    },
    {
      "name" : "PMNTN_CLS_",
      "type" : "esriFieldTypeString",
      "alias" : "PMNTN_CLS_",
      "length" : 1
    },
    {
      "name" : "PMNTN_RISK",
      "type" : "esriFieldTypeString",
      "alias" : "PMNTN_RISK",
      "length" : 200
    },
    {
      "name" : "PMNTN_RECO",
      "type" : "esriFieldTypeString",
      "alias" : "PMNTN_RECO",
      "length" : 1
    },
    {
      "name" : "DATA_STDR_",
      "type" : "esriFieldTypeString",
      "alias" : "DATA_STDR_",
      "length" : 10
    },
    {
      "name" : "MNTN_ID",
      "type" : "esriFieldTypeString",
      "alias" : "MNTN_ID",
      "length" : 10
    }
  ],
  "features" : [
    {
      "attributes" : {
        "FID" : 0,
        "PMNTN_SN" : 38685,
        "MNTN_CODE" : "412201701",
        "MNTN_NM" : "오봉산",
        "PMNTN_NM" : "양교리구간",
        "PMNTN_MAIN" : " ",
        "PMNTN_LT" : 0.05,
        "PMNTN_DFFL" : "쉬움",
        "PMNTN_UPPL" : 1,
        "PMNTN_GODN" : 1,
        "PMNTN_MTRQ" : " ",
        "PMNTN_CNRL" : " ",
        "PMNTN_CLS_" : " ",
        "PMNTN_RISK" : " ",
        "PMNTN_RECO" : " ",
        "DATA_STDR_" : "2016-12-31",
        "MNTN_ID" : "412201701"
      },
      "geometry" : {
        "paths" : [
          [
            [
              196835.92459999956,
              491924.03040000238
            ],
            [
              196837.63379999995,
              491921.24770000204
            ],
            [
              196842.92590000108,
              491913.45380000211
            ],
            [
              196847.54380000196,
              491906.91480000317
            ],
            [
              196850.92069999967,
              491902.45519999973
            ],
            [
              196854.11040000059,
              491898.57280000113
            ],
            [
              196857.19759999868,
              491895.21770000271
            ],
            [
              196863.11050000135,
              491889.64580000192
            ],
            [
              196869.48710000049,
              491884.51400000043
            ]
          ]
        ]
      }
    },
    {
      "attributes" : {
        "FID" : 1,
        "PMNTN_SN" : 38686,
        "MNTN_CODE" : "412201701",
        "MNTN_NM" : "오봉산",
        "PMNTN_NM" : "양교리구간",
        "PMNTN_MAIN" : " ",
        "PMNTN_LT" : 0.08,
        "PMNTN_DFFL" : "쉬움",
        "PMNTN_UPPL" : 1,
        "PMNTN_GODN" : 1,
        "PMNTN_MTRQ" : " ",
        "PMNTN_CNRL" : " ",
        "PMNTN_CLS_" : " ",
        "PMNTN_RISK" : " ",
        "PMNTN_RECO" : " ",
        "DATA_STDR_" : "2016-12-31",
        "MNTN_ID" : "412201701"
      },
      "geometry" : {
        "paths" : [
          [
            [
              196761.26000000071,
              491933.27560000122
            ],
            [
              196767.70760000031,
              491932.66110000201
            ],
            [
              196770.92950000055,
              491932.05800000019
            ],
            [
              196773.94589999877,
              491931.29350000247
            ],
            [
              196778.8256000001,
              491929.58810000122
            ],
            [
              196784.64969999995,
              491926.9327000007
            ],
            [
              196789.63900000043,
              491923.89699999988
            ],
            [
              196792.68120000232,
              491922.85020000115
            ],
            [
              196796.74670000188,
              491923.35060000233
            ],
            [
              196803.83189999964,
              491926.18370000087
            ],
            [
              196807.88320000097,
              491926.94260000251
            ],
            [
              196810.95070000179,
              491926.41100000218
            ],
            [
              196816.21769999992,
              491924.44090000354
            ],
            [
              196821.75730000064,
              491923.37940000184
            ],
            [
              196826.43979999982,
              491923.10190000385
            ],
            [
              196831.20500000101,
              491923.32530000247
            ],
            [
              196835.92459999956,
              491924.03040000238
            ]
          ]
        ]
      }
    },
    {
      "attributes" : {
        "FID" : 2,
        "PMNTN_SN" : 38687,
        "MNTN_CODE" : "412201701",
        "MNTN_NM" : "오봉산",
        "PMNTN_NM" : "양교리구간",
        "PMNTN_MAIN" : " ",
        "PMNTN_LT" : 0.25,
        "PMNTN_DFFL" : "쉬움",
        "PMNTN_UPPL" : 4,
        "PMNTN_GODN" : 3,
        "PMNTN_MTRQ" : " ",
        "PMNTN_CNRL" : " ",
        "PMNTN_CLS_" : " ",
        "PMNTN_RISK" : " ",
        "PMNTN_RECO" : " ",
        "DATA_STDR_" : "2016-12-31",
        "MNTN_ID" : "412201701"
      },
      "geometry" : {
        "paths" : [
          [
            [
              196476.6185999997,
              492037.14200000092
            ],
            [
              196477.80790000036,
              492030.79900000244
            ],
            [
              196478.10280000139,
              492027.80159999989
            ],
            [
              196478.37200000044,
              492020.33270000108
            ],
            [
              196479.46110000089,
              492015.20500000007
            ],
            [
              196482.04980000108,
              492009.87669999897
            ],
            [
              196487.06819999963,
              492002.28700000234
            ],
            [
              196488.90810000151,
              491999.08410000429
            ],
            [
              196490.74550000113,
              491995.10099999979
            ],
            [
              196494.79370000027,
              491985.27510000207
            ],
            [
              196497.23330000043,
              491980.45160000399
            ],
            [
              196498.91650000028,
              491977.74660000391
            ],
            [
              196501.06270000152,
              491974.71110000089
            ],
            [
              196506.00320000015,
              491968.75580000132
            ],
            [
              196511.4935000008,
              491963.04340000451
            ],
            [
              196523.39809999987,
              491951.51170000434
            ],
            [
              196534.24780000187,
              491941.44380000234
            ],
            [
              196538.06620000117,
              491937.63639999926
            ],
            [
              196541.4467000002,
              491933.98460000195
            ],
            [
              196544.40919999965,
              491930.50060000084
            ],
            [
              196548.50669999979,
              491925.09549999982
            ],
            [
              196552.34270000085,
              491919.28920000233
            ],
            [
              196555.88030000124,
              491913.13800000027
            ],
            [
              196559.60599999968,
              491905.42460000142
            ],
            [
              196561.10390000138,
              491901.15699999966
            ],
            [
              196563.6464000009,
              491890.95730000362
            ],
            [
              196564.6837000018,
              491887.53960000165
            ],
            [
              196565.94840000104,
              491884.19950000197
            ],
            [
              196567.40249999985,
              491881.34250000119
            ],
            [
              196569.41190000065,
              491878.20900000259
            ],
            [
              196571.78500000015,
              491875.00290000252
            ],
            [
              196574.53640000056,
              491871.70420000143
            ],
            [
              196577.70990000013,
              491868.26010000333
            ],
            [
              196580.70729999989,
              491865.62250000052
            ],
            [
              196588.60590000078,
              491859.87560000084
            ],
            [
              196591.24000000209,
              491857.24719999917
            ],
            [
              196593.67280000169,
              491853.81430000253
            ],
            [
              196595.1911000004,
              491851.05709999986
            ],
            [
              196596.4907000009,
              491848.17840000242
            ],
            [
              196597.5317000011,
              491845.26670000143
            ],
            [
              196598.43859999999,
              491841.74960000254
            ],
            [
              196599.00509999972,
              491838.13250000216
            ],
            [
              196599.23140000086,
              491834.41550000198
            ],
            [
              196599.11740000173,
              491830.59860000201
            ]
          ]
        ]
      }
    },
    {
      "attributes" : {
        "FID" : 3,
        "PMNTN_SN" : 38688,
        "MNTN_CODE" : "412201701",
        "MNTN_NM" : "오봉산",
        "PMNTN_NM" : " ",
        "PMNTN_MAIN" : " ",
        "PMNTN_LT" : 0.24,
        "PMNTN_DFFL" : "쉬움",
        "PMNTN_UPPL" : 4,
        "PMNTN_GODN" : 3,
        "PMNTN_MTRQ" : " ",
        "PMNTN_CNRL" : " ",
        "PMNTN_CLS_" : " ",
        "PMNTN_RISK" : " ",
        "PMNTN_RECO" : " ",
        "DATA_STDR_" : "2016-12-31",
        "MNTN_ID" : "412201701"
      },
      "geometry" : {
        "paths" : [
          [
            [
              196476.6185999997,
              492037.14200000092
            ],
            [
              196479.44650000054,
              492037.20360000245
            ],
            [
              196482.3573000012,
              492038.81880000047
            ],
            [
              196486.99739999883,
              492042.98550000042
            ],
            [
              196491.57600000035,
              492050.44749999978
            ],
            [
              196499.87359999958,
              492063.14990000427
            ],
            [
              196505.62839999981,
              492073.06060000136
            ],
            [
              196508.78660000116,
              492078.07920000143
            ],
            [
              196509.52280000132,
              492083.52510000207
            ],
            [
              196509.46339999977,
              492089.74750000052
            ],
            [
              196510.1939000003,
              492093.29430000111
            ],
            [
              196511.46890000068,
              492096.1063000001
            ],
            [
              196512.95990000106,
              492098.5932
            ],
            [
              196515.12509999983,
              492101.8935000021
            ],
            [
              196520.41410000063,
              492109.33120000362
            ],
            [
              196522.71509999968,
              492113.00039999932
            ],
            [
              196524.58740000054,
              492116.42930000462
            ],
            [
              196525.73400000203,
              492119.72810000181
            ],
            [
              196526.54480000213,
              492123.59009999782
            ],
            [
              196527.01460000128,
              492127.46949999966
            ],
            [
              196528.1352000013,
              492141.41919999942
            ],
            [
              196528.57760000136,
              492152.87280000001
            ],
            [
              196528.94820000138,
              492158.05510000326
            ],
            [
              196529.91429999936,
              492167.13110000268
            ],
            [
              196530.93039999995,
              492173.11970000155
            ],
            [
              196532.63580000121,
              492179.04900000244
            ],
            [
              196536.65589999966,
              492189.5859999992
            ],
            [
              196538.06620000117,
              492193.73440000229
            ],
            [
              196539.38159999996,
              492198.32870000415
            ],
            [
              196541.88250000216,
              492208.71050000191
            ],
            [
              196543.21990000084,
              492213.15980000049
            ],
            [
              196544.67109999992,
              492217.17440000176
            ],
            [
              196549.05319999997,
              492227.67050000094
            ],
            [
              196550.08660000097,
              492230.85600000061
            ],
            [
              196550.75220000092,
              492233.77450000122
            ],
            [
              196551.32850000076,
              492237.71490000002
            ],
            [
              196551.65319999959,
              492241.47870000266
            ],
            [
              196551.72540000081,
              492245.0567000024
            ],
            [
              196551.66700000037,
              492251.74019999988
            ],
            [
              196550.35570000019,
              492255.5784999989
            ]
          ]
        ]
      }
    },
    {
      "attributes" : {
        "FID" : 4,
        "PMNTN_SN" : 38689,
        "MNTN_CODE" : "412201701",
        "MNTN_NM" : "오봉산",
        "PMNTN_NM" : " ",
        "PMNTN_MAIN" : " ",
        "PMNTN_LT" : 0.01,
        "PMNTN_DFFL" : "쉬움",
        "PMNTN_UPPL" : 1,
        "PMNTN_GODN" : 0,
        "PMNTN_MTRQ" : " ",
        "PMNTN_CNRL" : " ",
        "PMNTN_CLS_" : " ",
        "PMNTN_RISK" : " ",
        "PMNTN_RECO" : " ",
        "DATA_STDR_" : "2016-12-31",
        "MNTN_ID" : "412201701"
      },
      "geometry" : {
        "paths" : [
          [
            [
              196550.35570000019,
              492255.5784999989
            ],
            [
              196543.98460000195,
              492255.71089999937
            ],
            [
              196542.84640000015,
              492258.32480000146
            ],
            [
              196543.21990000084,
              492261.12860000134
            ]
          ]
        ]
      }
    },
    {
      "attributes" : {
        "FID" : 5,
        "PMNTN_SN" : 38690,
        "MNTN_CODE" : "412201701",
        "MNTN_NM" : "오봉산",
        "PMNTN_NM" : " ",
        "PMNTN_MAIN" : " ",
        "PMNTN_LT" : 0.54,
        "PMNTN_DFFL" : "쉬움",
        "PMNTN_UPPL" : 10,
        "PMNTN_GODN" : 7,
        "PMNTN_MTRQ" : " ",
        "PMNTN_CNRL" : " ",
        "PMNTN_CLS_" : " ",
        "PMNTN_RISK" : " ",
        "PMNTN_RECO" : " ",
        "DATA_STDR_" : "2016-12-31",
        "MNTN_ID" : "412201701"
      },
      "geometry" : {
        "paths" : [
          [
            [
              196550.35570000019,
              492255.5784999989
            ],
            [
              196555.22410000209,
              492257.35870000161
            ],
            [
              196559.8702000007,
              492259.54290000163
            ],
            [
              196562.31249999907,
              492261.1911999993
            ],
            [
              196567.39540000074,
              492265.65139999986
            ],
            [
              196570.87800000049,
              492267.58120000362
            ],
            [
              196575.03000000026,
              492268.16000000015
            ],
            [
              196579.8105000006,
              492267.54120000266
            ],
            [
              196583.51100000087,
              492266.2901000008
            ],
            [
              196585.97640000004,
              492264.90360000171
            ],
            [
              196589.11880000029,
              492262.38189999945
            ],
            [
              196591.90250000171,
              492258.6138000004
            ],
            [
              196594.3602,
              492253.99279999919
            ],
            [
              196595.62430000212,
              492251.25620000064
            ],
            [
              196597.5317000011,
              492246.46050000191
            ],
            [
              196602.98890000116,
              492230.47830000147
            ],
            [
              196605.06400000118,
              492225.05289999954
            ],
            [
              196607.13910000026,
              492220.30560000055
            ],
            [
              196612.36160000041,
              492209.41790000163
            ],
            [
              196614.57850000076,
              492204.04180000164
            ],
            [
              196616.06860000081,
              492199.7893000003
            ],
            [
              196617.00399999972,
              492197.11989999935
            ],
            [
              196618.14639999997,
              492192.94160000421
            ],
            [
              196618.8422000017,
              492188.92569999956
            ],
            [
              196619.15619999915,
              492184.37830000371
            ],
            [
              196619.14969999995,
              492179.96609999985
            ],
            [
              196618.78770000022,
              492169.16440000199
            ],
            [
              196618.9393000016,
              492163.6053000018
            ],
            [
              196619.68300000113,
              492154.86410000175
            ],
            [
              196620.5250000013,
              492147.74780000187
            ],
            [
              196621.38129999954,
              492143.11260000244
            ],
            [
              196622.59960000031,
              492137.95860000141
            ],
            [
              196624.08420000039,
              492131.67830000073
            ],
            [
              196624.61730000097,
              492128.46039999835
            ],
            [
              196624.88580000214,
              492125.54740000144
            ],
            [
              196624.70110000111,
              492119.84710000455
            ],
            [
              196623.54890000075,
              492109.93800000101
            ],
            [
              196623.30009999964,
              492105.3291000016
            ],
            [
              196623.46279999986,
              492100.06230000034
            ],
            [
              196623.96210000105,
              492090.42190000042
            ],
            [
              196624.69139999989,
              492081.48300000094
            ],
            [
              196625.28220000118,
              492075.99279999919
            ],
            [
              196626.17010000162,
              492071.58520000055
            ],
            [
              196626.97150000092,
              492068.60799999908
            ],
            [
              196628.85140000004,
              492061.62390000187
            ],
            [
              196629.70160000212,
              492055.69720000029
            ],
            [
              196629.63600000087,
              492051.58189999871
            ],
            [
              196628.4570000004,
              492042.32609999925
            ],
            [
              196628.2322000023,
              492039.35109999962
            ],
            [
              196628.32079999987,
              492035.35409999825
            ],
            [
              196628.92400000058,
              492031.14750000089
            ],
            [
              196629.63940000068,
              492028.12950000167
            ],
            [
              196631.22880000062,
              492023.26669999957
            ],
            [
              196633.96150000114,
              492017.95879999921
            ],
            [
              196636.76810000092,
              492013.81269999966
            ],
            [
              196640.54470000044,
              492009.50560000166
            ],
            [
              196644.55570000131,
              492005.92270000279
            ],
            [
              196646.92380000092,
              492004.3759000022
            ],
            [
              196649.2918999996,
              492002.82909999974
            ],
            [
              196653.91310000047,
              492000.69540000334
            ],
            [
              196659.68150000088,
              491998.69129999913
            ],
            [
              196666.11520000082,
              491997.10190000199
            ],
            [
              196670.33499999996,
              491996.57600000128
            ],
            [
              196673.48330000043,
              491996.4467999991
            ],
            [
              196676.875,
              491996.50910000131
            ],
            [
              196686.44870000053,
              491997.09070000052
            ],
            [
              196691.09069999959,
              491997.10190000199
            ],
            [
              196698.6698000012,
              491996.96679999866
            ],
            [
              196704.34910000116,
              491996.62250000238
            ],
            [
              196708.46810000017,
              491996.18350000307
            ],
            [
              196715.15449999925,
              491995.08929999918
            ],
            [
              196721.55700000096,
              491993.56390000321
            ],
            [
              196727.47499999963,
              491991.5644000005
            ],
            [
              196730.96160000004,
              491989.28960000165
            ],
            [
              196733.03189999983,
              491986.44959999993
            ],
            [
              196734.94049999956,
              491980.24710000306
            ],
            [
              196737.47120000049,
              491976.86889999732
            ],
            [
              196739.69159999955,
              491975.11659999937
            ],
            [
              196743.01770000067,
              491973.26339999959
            ],
            [
              196748.53859999962,
              491970.5530000031
            ],
            [
              196753.62629999965,
              491968.5195000004
            ],
            [
              196758.12260000035,
              491967.12069999985
            ],
            [
              196762.76840000134,
              491965.93100000173
            ],
            [
              196776.32459999993,
              491963.00840000249
            ],
            [
              196785.50390000083,
              491960.36930000037
            ],
            [
              196788.27290000115,
              491959.79190000147
            ],
            [
              196791.79619999975,
              491959.2268000003
            ],
            [
              196798.13130000047,
              491959.44319999963
            ],
            [
              196801.73600000143,
              491959.2058000043
            ],
            [
              196805.26440000068,
              491958.64760000445
            ],
            [
              196810.21000000089,
              491957.30570000224
            ],
            [
              196814.97500000056,
              491955.3796999976
            ],
            [
              196818.71510000154,
              491953.36180000007
            ],
            [
              196821.02640000079,
              491951.7313000001
            ],
            [
              196824.03580000065,
              491948.87310000136
            ],
            [
              196826.77320000064,
              491944.5532000009
            ],
            [
              196828.23680000193,
              491941.09420000203
            ],
            [
              196831.41000000015,
              491932.31780000217
            ],
            [
              196833.4113999987,
              491928.12199999951
            ],
            [
              196835.92459999956,
              491924.03040000238
            ]
          ]
        ]
      }
    },
    {
      "attributes" : {
        "FID" : 6,
        "PMNTN_SN" : 38691,
        "MNTN_CODE" : "412201701",
        "MNTN_NM" : "오봉산",
        "PMNTN_NM" : " ",
        "PMNTN_MAIN" : " ",
        "PMNTN_LT" : 0.14,
        "PMNTN_DFFL" : "쉬움",
        "PMNTN_UPPL" : 2,
        "PMNTN_GODN" : 2,
        "PMNTN_MTRQ" : " ",
        "PMNTN_CNRL" : " ",
        "PMNTN_CLS_" : " ",
        "PMNTN_RISK" : " ",
        "PMNTN_RECO" : " ",
        "DATA_STDR_" : "2016-12-31",
        "MNTN_ID" : "412201701"
      },
      "geometry" : {
        "paths" : [
          [
            [
              196543.21990000084,
              492261.12860000134
            ],
            [
              196539.3534000013,
              492259.41120000184
            ],
            [
              196532.91249999963,
              492258.35360000283
            ],
            [
              196521.11980000138,
              492255.87299999967
            ],
            [
              196508.72989999969,
              492253.99279999919
            ],
            [
              196501.28410000075,
              492253.09729999863
            ],
            [
              196496.44040000066,
              492252.80350000039
            ],
            [
              196492.65369999968,
              492252.95290000178
            ],
            [
              196488.47110000066,
              492253.52650000155
            ],
            [
              196484.83120000083,
              492254.24600000121
            ],
            [
              196473.56350000203,
              492256.97430000268
            ],
            [
              196467.50050000101,
              492257.95720000006
            ],
            [
              196459.80370000005,
              492258.41690000147
            ],
            [
              196456.79669999983,
              492258.75
            ],
            [
              196452.1568,
              492259.62989999913
            ],
            [
              196447.24840000086,
              492261.05600000173
            ],
            [
              196444.64230000135,
              492262.31460000016
            ],
            [
              196437.8984000003,
              492266.67380000278
            ],
            [
              196433.63970000204,
              492268.43470000103
            ],
            [
              196430.20370000042,
              492268.71189999953
            ],
            [
              196424.68539999984,
              492268.26450000145
            ],
            [
              196416.362900001,
              492268.25480000302
            ],
            [
              196409.9943000013,
              492268.81970000081
            ]
          ]
        ]
      }
    },
    {
      "attributes" : {
        "FID" : 7,
        "PMNTN_SN" : 38692,
        "MNTN_CODE" : "412201701",
        "MNTN_NM" : "오봉산",
        "PMNTN_NM" : " ",
        "PMNTN_MAIN" : " ",
        "PMNTN_LT" : 0.34,
        "PMNTN_DFFL" : "쉬움",
        "PMNTN_UPPL" : 6,
        "PMNTN_GODN" : 4,
        "PMNTN_MTRQ" : " ",
        "PMNTN_CNRL" : " ",
        "PMNTN_CLS_" : " ",
        "PMNTN_RISK" : " ",
        "PMNTN_RECO" : " ",
        "DATA_STDR_" : "2016-12-31",
        "MNTN_ID" : "412201701"
      },
      "geometry" : {
        "paths" : [
          [
            [
              196409.9943000013,
              492268.81970000081
            ],
            [
              196410.26930000167,
              492265.81140000187
            ],
            [
              196408.25450000167,
              492262.20289999992
            ],
            [
              196405.14430000074,
              492258.77380000241
            ],
            [
              196401.41980000213,
              492256.4366999995
            ],
            [
              196399.8199000014,
              492253.16540000401
            ],
            [
              196399.63200000115,
              492249.25070000067
            ],
            [
              196400.87630000152,
              492244.12660000101
            ],
            [
              196405.4990000017,
              492237.06069999933
            ],
            [
              196407.83389999997,
              492232.97790000215
            ],
            [
              196409.06269999966,
              492230.38390000165
            ],
            [
              196410.71710000094,
              492225.41990000382
            ],
            [
              196411.35099999979,
              492221.33530000225
            ],
            [
              196410.77819999959,
              492218.07320000231
            ],
            [
              196406.84570000041,
              492212.36700000055
            ],
            [
              196405.43549999967,
              492209.50530000031
            ],
            [
              196401.41550000012,
              492200.66679999977
            ],
            [
              196398.9170000013,
              492193.73440000229
            ],
            [
              196396.74170000106,
              492186.22160000168
            ],
            [
              196394.53810000047,
              492183.37769999914
            ],
            [
              196387.91009999998,
              492179.29079999961
            ],
            [
              196383.41870000213,
              492175.50679999962
            ],
            [
              196381.52280000038,
              492172.75950000063
            ],
            [
              196380.49870000035,
              492169.05370000005
            ],
            [
              196379.90930000041,
              492164.85019999929
            ],
            [
              196379.39290000033,
              492157.98440000229
            ],
            [
              196378.90969999973,
              492154.76830000244
            ],
            [
              196377.41090000048,
              492150.39290000126
            ],
            [
              196372.58110000193,
              492143.8984999992
            ],
            [
              196369.37850000057,
              492138.28890000284
            ],
            [
              196367.49469999969,
              492133.29950000159
            ],
            [
              196366.80559999961,
              492129.90819999948
            ],
            [
              196366.85620000027,
              492124.64360000193
            ],
            [
              196365.98770000041,
              492120.81100000069
            ],
            [
              196363.90260000061,
              492116.39200000279
            ],
            [
              196360.14210000075,
              492111.28779999912
            ],
            [
              196358.59400000051,
              492107.16400000267
            ],
            [
              196357.68759999983,
              492101.76120000146
            ],
            [
              196357.07639999967,
              492096.35040000081
            ],
            [
              196356.67920000106,
              492090.25290000439
            ],
            [
              196357.377700001,
              492083.94350000098
            ],
            [
              196360.57450000104,
              492080.11540000327
            ],
            [
              196363.40039999969,
              492078.7014000006
            ],
            [
              196368.39140000101,
              492076.78570000269
            ],
            [
              196374.71219999995,
              492075.08369999938
            ],
            [
              196383.10530000087,
              492075.0577000007
            ],
            [
              196392.73069999926,
              492075.65929999761
            ],
            [
              196419.80150000006,
              492069.79869999923
            ],
            [
              196435.54360000137,
              492062.70639999956
            ],
            [
              196445.89029999916,
              492056.20280000195
            ],
            [
              196459.62729999982,
              492048.94180000201
            ],
            [
              196463.48530000169,
              492047.32860000245
            ],
            [
              196468.11990000028,
              492044.25039999746
            ],
            [
              196473.30879999977,
              492039.21600000001
            ],
            [
              196476.6185999997,
              492037.14200000092
            ]
          ]
        ]
      }
    },
    {
      "attributes" : {
        "FID" : 8,
        "PMNTN_SN" : 38693,
        "MNTN_CODE" : "412201701",
        "MNTN_NM" : "오봉산",
        "PMNTN_NM" : " ",
        "PMNTN_MAIN" : " ",
        "PMNTN_LT" : 0.25,
        "PMNTN_DFFL" : "쉬움",
        "PMNTN_UPPL" : 4,
        "PMNTN_GODN" : 3,
        "PMNTN_MTRQ" : " ",
        "PMNTN_CNRL" : " ",
        "PMNTN_CLS_" : " ",
        "PMNTN_RISK" : " ",
        "PMNTN_RECO" : " ",
        "DATA_STDR_" : "2016-12-31",
        "MNTN_ID" : "412201701"
      },
      "geometry" : {
        "paths" : [
          [
            [
              196409.9943000013,
              492268.81970000081
            ],
            [
              196411.42480000202,
              492272.40920000151
            ],
            [
              196414.16660000011,
              492278.42170000076
            ],
            [
              196416.0075000003,
              492283.00230000354
            ],
            [
              196417.53970000148,
              492287.19189999998
            ],
            [
              196419.28440000024,
              492292.64840000123
            ],
            [
              196421.91029999964,
              492301.96160000004
            ],
            [
              196426.28600000031,
              492318.07430000231
            ],
            [
              196428.64969999902,
              492324.95490000397
            ],
            [
              196430.51350000035,
              492329.14690000378
            ],
            [
              196432.82280000206,
              492333.6827000007
            ],
            [
              196440.14639999997,
              492346.36250000075
            ],
            [
              196445.3415000001,
              492355.00570000149
            ],
            [
              196449.9598000003,
              492362.23870000057
            ],
            [
              196454.40460000001,
              492368.69189999811
            ],
            [
              196458.77890000027,
              492374.50949999876
            ],
            [
              196462.80869999994,
              492379.45710000023
            ],
            [
              196467.00520000141,
              492384.29160000011
            ],
            [
              196471.35039999988,
              492388.99210000038
            ],
            [
              196475.82569999993,
              492393.53840000182
            ],
            [
              196480.92590000015,
              492398.40540000051
            ],
            [
              196485.98979999963,
              492402.92970000021
            ],
            [
              196491.02710000053,
              492407.12010000087
            ],
            [
              196496.04390000086,
              492410.98160000332
            ],
            [
              196502.27670000121,
              492415.23610000312
            ],
            [
              196515.86580000073,
              492423.66760000028
            ],
            [
              196531.17720000073,
              492434.23300000094
            ],
            [
              196535.16940000094,
              492436.71760000102
            ],
            [
              196538.85910000093,
              492438.73220000416
            ],
            [
              196543.86480000149,
              492441.36099999957
            ],
            [
              196547.23010000121,
              492442.89650000259
            ],
            [
              196551.41690000053,
              492444.33149999939
            ],
            [
              196557.68240000121,
              492445.39379999973
            ],
            [
              196563.43969999999,
              492445.7237999998
            ],
            [
              196567.00610000081,
              492444.67879999988
            ]
          ]
        ]
      }
    },
    {
      "attributes" : {
        "FID" : 9,
        "PMNTN_SN" : 38694,
        "MNTN_CODE" : "412201701",
        "MNTN_NM" : "오봉산",
        "PMNTN_NM" : " ",
        "PMNTN_MAIN" : " ",
        "PMNTN_LT" : 0.21,
        "PMNTN_DFFL" : "쉬움",
        "PMNTN_UPPL" : 4,
        "PMNTN_GODN" : 3,
        "PMNTN_MTRQ" : " ",
        "PMNTN_CNRL" : " ",
        "PMNTN_CLS_" : " ",
        "PMNTN_RISK" : " ",
        "PMNTN_RECO" : " ",
        "DATA_STDR_" : "2016-12-31",
        "MNTN_ID" : "412201701"
      },
      "geometry" : {
        "paths" : [
          [
            [
              196567.00610000081,
              492444.67879999988
            ],
            [
              196564.63449999969,
              492441.29219999909
            ],
            [
              196557.69900000002,
              492435.32680000179
            ],
            [
              196551.8554000007,
              492429.0495999977
            ],
            [
              196548.37360000052,
              492424.85689999908
            ],
            [
              196545.27870000154,
              492420.77979999967
            ],
            [
              196542.59580000024,
              492416.88410000131
            ],
            [
              196540.35160000063,
              492413.2714000009
            ],
            [
              196538.4626000002,
              492409.79230000451
            ],
            [
              196536.80190000124,
              492406.09160000272
            ],
            [
              196535.25870000198,
              492401.82420000248
            ],
            [
              196531.22059999965,
              492389.20210000128
            ],
            [
              196527.86249999981,
              492376.29350000434
            ],
            [
              196527.04990000185,
              492372.6502000019
            ],
            [
              196526.56960000191,
              492369.35579999909
            ],
            [
              196526.52979999967,
              492364.8694000002
            ],
            [
              196527.50169999991,
              492354.86400000192
            ],
            [
              196527.36239999998,
              492350.72329999879
            ],
            [
              196526.45220000111,
              492346.3030999992
            ],
            [
              196523.39809999987,
              492336.05510000139
            ],
            [
              196521.79070000071,
              492330.61630000174
            ],
            [
              196521.08550000098,
              492327.59350000136
            ],
            [
              196520.65979999956,
              492324.06650000252
            ],
            [
              196520.87449999992,
              492319.6484999992
            ],
            [
              196521.86699999962,
              492316.77759999968
            ],
            [
              196525.13370000105,
              492314.85190000199
            ],
            [
              196532.49030000065,
              492313.69759999961
            ],
            [
              196535.98620000016,
              492312.66520000063
            ],
            [
              196538.22350000031,
              492309.9251000043
            ],
            [
              196538.59520000033,
              492304.12800000235
            ],
            [
              196535.99970000051,
              492298.43370000459
            ],
            [
              196535.14639999997,
              492293.9859000016
            ],
            [
              196535.05490000173,
              492289.82479999959
            ],
            [
              196535.29119999986,
              492286.50060000084
            ],
            [
              196536.10860000085,
              492281.85170000233
            ],
            [
              196537.02390000038,
              492278.1865000017
            ],
            [
              196538.59000000078,
              492273.72810000181
            ],
            [
              196542.17530000117,
              492266.85539999977
            ],
            [
              196543.62110000011,
              492264.22690000013
            ],
            [
              196543.21990000084,
              492261.12860000134
            ]
          ]
        ]
      }
    },
    {
      "attributes" : {
        "FID" : 10,
        "PMNTN_SN" : 38695,
        "MNTN_CODE" : "412201701",
        "MNTN_NM" : "오봉산",
        "PMNTN_NM" : "토진리구간",
        "PMNTN_MAIN" : " ",
        "PMNTN_LT" : 0.24,
        "PMNTN_DFFL" : "쉬움",
        "PMNTN_UPPL" : 4,
        "PMNTN_GODN" : 3,
        "PMNTN_MTRQ" : " ",
        "PMNTN_CNRL" : " ",
        "PMNTN_CLS_" : " ",
        "PMNTN_RISK" : " ",
        "PMNTN_RECO" : " ",
        "DATA_STDR_" : "2016-12-31",
        "MNTN_ID" : "412201701"
      },
      "geometry" : {
        "paths" : [
          [
            [
              196567.00610000081,
              492444.67879999988
            ],
            [
              196570.58320000023,
              492444.55529999919
            ],
            [
              196575.05200000107,
              492445.19220000133
            ],
            [
              196580.17300000042,
              492446.6305000037
            ],
            [
              196584.40230000019,
              492449.00450000353
            ],
            [
              196588.33160000108,
              492451.3711000029
            ],
            [
              196593.89059999958,
              492459.45220000111
            ],
            [
              196598.18950000219,
              492464.10320000164
            ],
            [
              196618.2201000005,
              492489.20200000331
            ],
            [
              196627.21880000085,
              492495.1819000002
            ],
            [
              196643.47940000053,
              492513.24320000038
            ],
            [
              196658.16889999993,
              492527.5428000018
            ],
            [
              196668.75600000098,
              492540.61880000122
            ],
            [
              196680.26540000085,
              492557.46150000021
            ],
            [
              196682.85060000047,
              492560.89189999923
            ],
            [
              196686.33739999961,
              492563.74840000086
            ],
            [
              196690.57380000129,
              492565.40180000104
            ],
            [
              196694.98840000015,
              492566.45890000276
            ],
            [
              196698.14949999936,
              492566.92779999971
            ],
            [
              196701.73420000076,
              492567.08080000058
            ],
            [
              196705.85620000213,
              492566.99310000055
            ],
            [
              196713.22450000048,
              492566.45890000276
            ],
            [
              196738.9057,
              492565.24340000376
            ],
            [
              196750.55620000139,
              492564.00610000268
            ]
          ]
        ]
      }
    },
    {
      "attributes" : {
        "FID" : 11,
        "PMNTN_SN" : 38696,
        "MNTN_CODE" : "412201701",
        "MNTN_NM" : "오봉산",
        "PMNTN_NM" : "토진리구간",
        "PMNTN_MAIN" : " ",
        "PMNTN_LT" : 0.32,
        "PMNTN_DFFL" : "쉬움",
        "PMNTN_UPPL" : 6,
        "PMNTN_GODN" : 4,
        "PMNTN_MTRQ" : " ",
        "PMNTN_CNRL" : " ",
        "PMNTN_CLS_" : " ",
        "PMNTN_RISK" : " ",
        "PMNTN_RECO" : " ",
        "DATA_STDR_" : "2016-12-31",
        "MNTN_ID" : "412201701"
      },
      "geometry" : {
        "paths" : [
          [
            [
              196262.93930000067,
              492495.81910000183
            ],
            [
              196270.14389999956,
              492496.52749999985
            ],
            [
              196274.2276000008,
              492497.15360000171
            ],
            [
              196278.16920000035,
              492498.07440000027
            ],
            [
              196281.23630000092,
              492499.18210000172
            ],
            [
              196288.64940000139,
              492502.91640000418
            ],
            [
              196291.59549999982,
              492504.16520000249
            ],
            [
              196294.66330000106,
              492504.93200000189
            ],
            [
              196298.45320000127,
              492504.72519999929
            ],
            [
              196301.72109999973,
              492503.78620000184
            ],
            [
              196304.38180000149,
              492502.68930000253
            ],
            [
              196306.94370000064,
              492501.3692000024
            ],
            [
              196310.56630000006,
              492498.9832000006
            ],
            [
              196314.1798000019,
              492495.66030000336
            ],
            [
              196317.56570000015,
              492491.77160000242
            ],
            [
              196323.99050000031,
              492483.52950000018
            ],
            [
              196332.13080000132,
              492473.91370000318
            ],
            [
              196335.87719999999,
              492468.871199999
            ],
            [
              196338.08830000088,
              492465.01769999973
            ],
            [
              196339.93969999999,
              492460.14380000159
            ],
            [
              196340.5588999996,
              492456.20180000365
            ],
            [
              196340.51900000125,
              492453.03289999999
            ],
            [
              196340.23500000034,
              492449.28779999912
            ],
            [
              196339.05510000233,
              492439.92150000297
            ],
            [
              196338.53189999983,
              492432.12109999917
            ],
            [
              196338.12180000078,
              492421.63760000095
            ],
            [
              196337.9012000002,
              492412.06250000186
            ],
            [
              196338.18510000035,
              492402.9064000044
            ],
            [
              196339.05510000233,
              492394.72770000063
            ],
            [
              196340.51400000136,
              492386.67180000059
            ],
            [
              196342.6230000006,
              492377.680999998
            ],
            [
              196344.79500000086,
              492370.33889999986
            ],
            [
              196350.55169999972,
              492353.49840000272
            ],
            [
              196352.21910000034,
              492347.54830000177
            ],
            [
              196355.29330000002,
              492334.55010000058
            ],
            [
              196356.78430000041,
              492328.94430000149
            ],
            [
              196358.70030000061,
              492323.17580000311
            ],
            [
              196360.85910000186,
              492318.21550000273
            ],
            [
              196363.09649999999,
              492314.14790000208
            ],
            [
              196364.45970000047,
              492311.6695000045
            ],
            [
              196368.55460000038,
              492305.41330000199
            ],
            [
              196373.35230000224,
              492299.05600000173
            ],
            [
              196376.41299999971,
              492295.32699999958
            ],
            [
              196378.6986999996,
              492292.84359999932
            ],
            [
              196382.32170000114,
              492289.52150000073
            ],
            [
              196389.77460000105,
              492284.05159999989
            ],
            [
              196392.55850000028,
              492281.78770000115
            ],
            [
              196395.08499999996,
              492279.21700000018
            ],
            [
              196397.24230000097,
              492275.89699999988
            ],
            [
              196399.47040000092,
              492270.24440000206
            ],
            [
              196402.68699999992,
              492268.50290000439
            ],
            [
              196406.04590000119,
              492268.27600000054
            ],
            [
              196409.9943000013,
              492268.81970000081
            ]
          ]
        ]
      }
    }
  ]
}