{
  "displayFieldName" : "",
  "fieldAliases" : {
    "FID" : "FID",
    "PMNTN_SPOT" : "PMNTN_SPOT",
    "MNTN_CODE" : "MNTN_CODE",
    "MANAGE_SP1" : "MANAGE_SP1",
    "MANAGE_SP2" : "MANAGE_SP2",
    "DETAIL_SPO" : "DETAIL_SPO",
    "ETC_MATTER" : "ETC_MATTER",
    "MNTN_NM" : "MNTN_NM",
    "PAST_SPOT_" : "PAST_SPOT_",
    "MNTN_ID" : "MNTN_ID"
  },
  "geometryType" : "esriGeometryPoint",
  "spatialReference" : {
    "wkt" : "PROJCS[\"PCS_ITRF2000_TM\",GEOGCS[\"GCS_ITRF_2000\",DATUM[\"D_ITRF_2000\",SPHEROID[\"GRS_1980\",6378137.0,298.257222101]],PRIMEM[\"Greenwich\",0.0],UNIT[\"Degree\",0.0174532925199433]],PROJECTION[\"Transverse_Mercator\"],PARAMETER[\"False_Easting\",200000.0],PARAMETER[\"False_Northing\",600000.0],PARAMETER[\"Central_Meridian\",127.0],PARAMETER[\"Scale_Factor\",1.0],PARAMETER[\"Latitude_Of_Origin\",38.0],UNIT[\"Meter\",1.0]]"
  },
  "fields" : [
    {
      "name" : "FID",
      "type" : "esriFieldTypeOID",
      "alias" : "FID"
    },
    {
      "name" : "PMNTN_SPOT",
      "type" : "esriFieldTypeDouble",
      "alias" : "PMNTN_SPOT"
    },
    {
      "name" : "MNTN_CODE",
      "type" : "esriFieldTypeString",
      "alias" : "MNTN_CODE",
      "length" : 9
    },
    {
      "name" : "MANAGE_SP1",
      "type" : "esriFieldTypeString",
      "alias" : "MANAGE_SP1",
      "length" : 2
    },
    {
      "name" : "MANAGE_SP2",
      "type" : "esriFieldTypeString",
      "alias" : "MANAGE_SP2",
      "length" : 50
    },
    {
      "name" : "DETAIL_SPO",
      "type" : "esriFieldTypeString",
      "alias" : "DETAIL_SPO",
      "length" : 200
    },
    {
      "name" : "ETC_MATTER",
      "type" : "esriFieldTypeString",
      "alias" : "ETC_MATTER",
      "length" : 200
    },
    {
      "name" : "MNTN_NM",
      "type" : "esriFieldTypeString",
      "alias" : "MNTN_NM",
      "length" : 50
    },
    {
      "name" : "PAST_SPOT_",
      "type" : "esriFieldTypeString",
      "alias" : "PAST_SPOT_",
      "length" : 14
    },
    {
      "name" : "MNTN_ID",
      "type" : "esriFieldTypeString",
      "alias" : "MNTN_ID",
      "length" : 10
    }
  ],
  "features" : [
    {
      "attributes" : {
        "FID" : 0,
        "PMNTN_SPOT" : 14576,
        "MNTN_CODE" : "451103004",
        "MANAGE_SP1" : "11",
        "MANAGE_SP2" : "안내판또는지도",
        "DETAIL_SPO" : "안내판,등벤치2",
        "ETC_MATTER" : " ",
        "MNTN_NM" : "기린공원",
        "PAST_SPOT_" : "4511030040001",
        "MNTN_ID" : "451103004"
      },
      "geometry" : {
        "x" : 215732.82050000131,
        "y" : 358451.39220000058
      }
    },
    {
      "attributes" : {
        "FID" : 1,
        "PMNTN_SPOT" : 14577,
        "MNTN_CODE" : "451103004",
        "MANAGE_SP1" : "05",
        "MANAGE_SP2" : "벤치",
        "DETAIL_SPO" : "평벤치2",
        "ETC_MATTER" : " ",
        "MNTN_NM" : "기린공원",
        "PAST_SPOT_" : "4511030040002",
        "MNTN_ID" : "451103004"
      },
      "geometry" : {
        "x" : 215648.00470000226,
        "y" : 358373.69629999995
      }
    },
    {
      "attributes" : {
        "FID" : 2,
        "PMNTN_SPOT" : 14578,
        "MNTN_CODE" : "451103004",
        "MANAGE_SP1" : "99",
        "MANAGE_SP2" : "기타",
        "DETAIL_SPO" : "원두막",
        "ETC_MATTER" : " ",
        "MNTN_NM" : "기린공원",
        "PAST_SPOT_" : "4511030040003",
        "MNTN_ID" : "451103004"
      },
      "geometry" : {
        "x" : 215702.8590000011,
        "y" : 358317.72230000049
      }
    },
    {
      "attributes" : {
        "FID" : 3,
        "PMNTN_SPOT" : 14579,
        "MNTN_CODE" : "451103004",
        "MANAGE_SP1" : "05",
        "MANAGE_SP2" : "벤치",
        "DETAIL_SPO" : "평벤치2",
        "ETC_MATTER" : " ",
        "MNTN_NM" : "기린공원",
        "PAST_SPOT_" : "4511030040004",
        "MNTN_ID" : "451103004"
      },
      "geometry" : {
        "x" : 215687.03880000114,
        "y" : 357871.91520000435
      }
    },
    {
      "attributes" : {
        "FID" : 4,
        "PMNTN_SPOT" : 14580,
        "MNTN_CODE" : "451103004",
        "MANAGE_SP1" : "05",
        "MANAGE_SP2" : "벤치",
        "DETAIL_SPO" : "평벤치2,평벤치2,분기,끝",
        "ETC_MATTER" : " ",
        "MNTN_NM" : "기린공원",
        "PAST_SPOT_" : "4511030040005",
        "MNTN_ID" : "451103004"
      },
      "geometry" : {
        "x" : 215658.94790000003,
        "y" : 357552.94180000201
      }
    },
    {
      "attributes" : {
        "FID" : 5,
        "PMNTN_SPOT" : 14581,
        "MNTN_CODE" : "451103004",
        "MANAGE_SP1" : "06",
        "MANAGE_SP2" : "음수대",
        "DETAIL_SPO" : "약수터,목제계단",
        "ETC_MATTER" : " ",
        "MNTN_NM" : "기린공원",
        "PAST_SPOT_" : "4511030040006",
        "MNTN_ID" : "451103004"
      },
      "geometry" : {
        "x" : 215745.09100000001,
        "y" : 357297.77540000156
      }
    },
    {
      "attributes" : {
        "FID" : 6,
        "PMNTN_SPOT" : 14582,
        "MNTN_CODE" : "451103004",
        "MANAGE_SP1" : "99",
        "MANAGE_SP2" : "기타",
        "DETAIL_SPO" : "칡밭",
        "ETC_MATTER" : " ",
        "MNTN_NM" : "기린공원",
        "PAST_SPOT_" : "4511030040007",
        "MNTN_ID" : "451103004"
      },
      "geometry" : {
        "x" : 215931.67700000107,
        "y" : 357407.58239999972
      }
    },
    {
      "attributes" : {
        "FID" : 7,
        "PMNTN_SPOT" : 14583,
        "MNTN_CODE" : "451103004",
        "MANAGE_SP1" : "02",
        "MANAGE_SP2" : "분기점",
        "DETAIL_SPO" : "분기(T),분기(T),안내판",
        "ETC_MATTER" : " ",
        "MNTN_NM" : "기린공원",
        "PAST_SPOT_" : "4511030040008",
        "MNTN_ID" : "451103004"
      },
      "geometry" : {
        "x" : 215807.1079100268,
        "y" : 356915.25701290742
      }
    },
    {
      "attributes" : {
        "FID" : 8,
        "PMNTN_SPOT" : 14584,
        "MNTN_CODE" : "451103004",
        "MANAGE_SP1" : "99",
        "MANAGE_SP2" : "기타",
        "DETAIL_SPO" : "산불초소",
        "ETC_MATTER" : " ",
        "MNTN_NM" : "기린공원",
        "PAST_SPOT_" : "4511030040009",
        "MNTN_ID" : "451103004"
      },
      "geometry" : {
        "x" : 216111.29670000076,
        "y" : 356664.4103000015
      }
    },
    {
      "attributes" : {
        "FID" : 9,
        "PMNTN_SPOT" : 14585,
        "MNTN_CODE" : "451103004",
        "MANAGE_SP1" : "99",
        "MANAGE_SP2" : "기타",
        "DETAIL_SPO" : "철탑",
        "ETC_MATTER" : " ",
        "MNTN_NM" : "기린공원",
        "PAST_SPOT_" : "4511030040010",
        "MNTN_ID" : "451103004"
      },
      "geometry" : {
        "x" : 216893.25620000064,
        "y" : 356546.49970000237
      }
    },
    {
      "attributes" : {
        "FID" : 10,
        "PMNTN_SPOT" : 14586,
        "MNTN_CODE" : "451103004",
        "MANAGE_SP1" : "99",
        "MANAGE_SP2" : "기타",
        "DETAIL_SPO" : "철탑",
        "ETC_MATTER" : " ",
        "MNTN_NM" : "기린공원",
        "PAST_SPOT_" : "4511030040011",
        "MNTN_ID" : "451103004"
      },
      "geometry" : {
        "x" : 216998.89460000023,
        "y" : 356704.44310000166
      }
    },
    {
      "attributes" : {
        "FID" : 11,
        "PMNTN_SPOT" : 14587,
        "MNTN_CODE" : "451103004",
        "MANAGE_SP1" : "02",
        "MANAGE_SP2" : "분기점",
        "DETAIL_SPO" : "분기,분기,운동기구7,평벤치2,등벤치3,출발",
        "ETC_MATTER" : " ",
        "MNTN_NM" : "기린공원",
        "PAST_SPOT_" : "4511030040012",
        "MNTN_ID" : "451103004"
      },
      "geometry" : {
        "x" : 215697.03110000025,
        "y" : 358586.78560000099
      }
    },
    {
      "attributes" : {
        "FID" : 12,
        "PMNTN_SPOT" : 14588,
        "MNTN_CODE" : "451103004",
        "MANAGE_SP1" : "01",
        "MANAGE_SP2" : "시종점",
        "DETAIL_SPO" : "분기,분기,등벤치2,출발",
        "ETC_MATTER" : " ",
        "MNTN_NM" : "기린공원",
        "PAST_SPOT_" : "4511030040013",
        "MNTN_ID" : "451103004"
      },
      "geometry" : {
        "x" : 215547.51710000075,
        "y" : 358597.08870000206
      }
    },
    {
      "attributes" : {
        "FID" : 13,
        "PMNTN_SPOT" : 14589,
        "MNTN_CODE" : "451103004",
        "MANAGE_SP1" : "05",
        "MANAGE_SP2" : "벤치",
        "DETAIL_SPO" : "등벤치2",
        "ETC_MATTER" : " ",
        "MNTN_NM" : "기린공원",
        "PAST_SPOT_" : "4511030040014",
        "MNTN_ID" : "451103004"
      },
      "geometry" : {
        "x" : 215606.04110000003,
        "y" : 358421.81600000151
      }
    },
    {
      "attributes" : {
        "FID" : 14,
        "PMNTN_SPOT" : 14590,
        "MNTN_CODE" : "451103004",
        "MANAGE_SP1" : "05",
        "MANAGE_SP2" : "벤치",
        "DETAIL_SPO" : "등벤치2,등벤치2,운동기구3",
        "ETC_MATTER" : " ",
        "MNTN_NM" : "기린공원",
        "PAST_SPOT_" : "4511030040015",
        "MNTN_ID" : "451103004"
      },
      "geometry" : {
        "x" : 215515.87910000049,
        "y" : 358256.23399999738
      }
    },
    {
      "attributes" : {
        "FID" : 15,
        "PMNTN_SPOT" : 14591,
        "MNTN_CODE" : "451103004",
        "MANAGE_SP1" : "05",
        "MANAGE_SP2" : "벤치",
        "DETAIL_SPO" : "등벤치2",
        "ETC_MATTER" : " ",
        "MNTN_NM" : "기린공원",
        "PAST_SPOT_" : "4511030040016",
        "MNTN_ID" : "451103004"
      },
      "geometry" : {
        "x" : 215537.66030000057,
        "y" : 358111.27219999954
      }
    },
    {
      "attributes" : {
        "FID" : 16,
        "PMNTN_SPOT" : 14592,
        "MNTN_CODE" : "451103004",
        "MANAGE_SP1" : "99",
        "MANAGE_SP2" : "기타",
        "DETAIL_SPO" : "목제계단,목제계단,분기",
        "ETC_MATTER" : " ",
        "MNTN_NM" : "기린공원",
        "PAST_SPOT_" : "4511030040017",
        "MNTN_ID" : "451103004"
      },
      "geometry" : {
        "x" : 215323.4095999999,
        "y" : 357794.09530000016
      }
    },
    {
      "attributes" : {
        "FID" : 17,
        "PMNTN_SPOT" : 14593,
        "MNTN_CODE" : "451103004",
        "MANAGE_SP1" : "02",
        "MANAGE_SP2" : "분기점",
        "DETAIL_SPO" : "분기(+),분기(+),안내판,출발",
        "ETC_MATTER" : "770접",
        "MNTN_NM" : "기린공원",
        "PAST_SPOT_" : "4511030040018",
        "MNTN_ID" : "451103004"
      },
      "geometry" : {
        "x" : 215307.94562546536,
        "y" : 357691.1546809487
      }
    },
    {
      "attributes" : {
        "FID" : 18,
        "PMNTN_SPOT" : 14594,
        "MNTN_CODE" : "451103004",
        "MANAGE_SP1" : "05",
        "MANAGE_SP2" : "벤치",
        "DETAIL_SPO" : "등벤치2,등벤치2,분기(2)",
        "ETC_MATTER" : " ",
        "MNTN_NM" : "기린공원",
        "PAST_SPOT_" : "4511030040019",
        "MNTN_ID" : "451103004"
      },
      "geometry" : {
        "x" : 215319.33200000133,
        "y" : 357659.8300999999
      }
    },
    {
      "attributes" : {
        "FID" : 19,
        "PMNTN_SPOT" : 14595,
        "MNTN_CODE" : "451103004",
        "MANAGE_SP1" : "05",
        "MANAGE_SP2" : "벤치",
        "DETAIL_SPO" : "등벤치4,등벤치4,평벤치2,이정표,안내판,운동기구3,분기(+)출발",
        "ETC_MATTER" : " ",
        "MNTN_NM" : "기린공원",
        "PAST_SPOT_" : "4511030040020",
        "MNTN_ID" : "451103004"
      },
      "geometry" : {
        "x" : 215388.69800000172,
        "y" : 357449.57930000126
      }
    },
    {
      "attributes" : {
        "FID" : 20,
        "PMNTN_SPOT" : 14596,
        "MNTN_CODE" : "451103004",
        "MANAGE_SP1" : "01",
        "MANAGE_SP2" : "시종점",
        "DETAIL_SPO" : "시종점",
        "ETC_MATTER" : " ",
        "MNTN_NM" : "기린공원",
        "PAST_SPOT_" : "4511030040021",
        "MNTN_ID" : "451103004"
      },
      "geometry" : {
        "x" : 214649.08205268811,
        "y" : 358543.5180151388
      }
    },
    {
      "attributes" : {
        "FID" : 21,
        "PMNTN_SPOT" : 14597,
        "MNTN_CODE" : "451103004",
        "MANAGE_SP1" : "02",
        "MANAGE_SP2" : "분기점",
        "DETAIL_SPO" : "분기점",
        "ETC_MATTER" : " ",
        "MNTN_NM" : "기린공원",
        "PAST_SPOT_" : "4511030040022",
        "MNTN_ID" : "451103004"
      },
      "geometry" : {
        "x" : 214670.90876822732,
        "y" : 358535.76469263248
      }
    },
    {
      "attributes" : {
        "FID" : 22,
        "PMNTN_SPOT" : 14598,
        "MNTN_CODE" : "451103004",
        "MANAGE_SP1" : "01",
        "MANAGE_SP2" : "시종점",
        "DETAIL_SPO" : "시종점",
        "ETC_MATTER" : " ",
        "MNTN_NM" : "기린공원",
        "PAST_SPOT_" : "4511030040023",
        "MNTN_ID" : "451103004"
      },
      "geometry" : {
        "x" : 214714.63787871879,
        "y" : 358611.25689348765
      }
    },
    {
      "attributes" : {
        "FID" : 23,
        "PMNTN_SPOT" : 14599,
        "MNTN_CODE" : "451103004",
        "MANAGE_SP1" : "01",
        "MANAGE_SP2" : "시종점",
        "DETAIL_SPO" : "시종점",
        "ETC_MATTER" : " ",
        "MNTN_NM" : "기린공원",
        "PAST_SPOT_" : "4511030040024",
        "MNTN_ID" : "451103004"
      },
      "geometry" : {
        "x" : 214793.39932152629,
        "y" : 358153.26545304991
      }
    },
    {
      "attributes" : {
        "FID" : 24,
        "PMNTN_SPOT" : 14600,
        "MNTN_CODE" : "451103004",
        "MANAGE_SP1" : "01",
        "MANAGE_SP2" : "시종점",
        "DETAIL_SPO" : "시종점",
        "ETC_MATTER" : " ",
        "MNTN_NM" : "기린공원",
        "PAST_SPOT_" : "4511030040025",
        "MNTN_ID" : "451103004"
      },
      "geometry" : {
        "x" : 214862.83949280065,
        "y" : 358111.86156714149
      }
    },
    {
      "attributes" : {
        "FID" : 25,
        "PMNTN_SPOT" : 14601,
        "MNTN_CODE" : "451103004",
        "MANAGE_SP1" : "02",
        "MANAGE_SP2" : "분기점",
        "DETAIL_SPO" : "분기점",
        "ETC_MATTER" : " ",
        "MNTN_NM" : "기린공원",
        "PAST_SPOT_" : "4511030040026",
        "MNTN_ID" : "451103004"
      },
      "geometry" : {
        "x" : 214925.80816322472,
        "y" : 358174.25704171509
      }
    },
    {
      "attributes" : {
        "FID" : 26,
        "PMNTN_SPOT" : 14602,
        "MNTN_CODE" : "451103004",
        "MANAGE_SP1" : "02",
        "MANAGE_SP2" : "분기점",
        "DETAIL_SPO" : "분기점",
        "ETC_MATTER" : " ",
        "MNTN_NM" : "기린공원",
        "PAST_SPOT_" : "4511030040027",
        "MNTN_ID" : "451103004"
      },
      "geometry" : {
        "x" : 214937.88246392924,
        "y" : 358216.78482686169
      }
    },
    {
      "attributes" : {
        "FID" : 27,
        "PMNTN_SPOT" : 14603,
        "MNTN_CODE" : "451103004",
        "MANAGE_SP1" : "02",
        "MANAGE_SP2" : "분기점",
        "DETAIL_SPO" : "분기점",
        "ETC_MATTER" : " ",
        "MNTN_NM" : "기린공원",
        "PAST_SPOT_" : "4511030040028",
        "MNTN_ID" : "451103004"
      },
      "geometry" : {
        "x" : 214983.19957727566,
        "y" : 358153.58208636381
      }
    },
    {
      "attributes" : {
        "FID" : 28,
        "PMNTN_SPOT" : 14604,
        "MNTN_CODE" : "451103004",
        "MANAGE_SP1" : "02",
        "MANAGE_SP2" : "분기점",
        "DETAIL_SPO" : "분기점",
        "ETC_MATTER" : " ",
        "MNTN_NM" : "기린공원",
        "PAST_SPOT_" : "4511030040029",
        "MNTN_ID" : "451103004"
      },
      "geometry" : {
        "x" : 215003.24064884521,
        "y" : 358142.34477906115
      }
    },
    {
      "attributes" : {
        "FID" : 29,
        "PMNTN_SPOT" : 14605,
        "MNTN_CODE" : "451103004",
        "MANAGE_SP1" : "01",
        "MANAGE_SP2" : "시종점",
        "DETAIL_SPO" : "시종점",
        "ETC_MATTER" : " ",
        "MNTN_NM" : "기린공원",
        "PAST_SPOT_" : "4511030040030",
        "MNTN_ID" : "451103004"
      },
      "geometry" : {
        "x" : 215078.82210000046,
        "y" : 358137.70710000023
      }
    },
    {
      "attributes" : {
        "FID" : 30,
        "PMNTN_SPOT" : 14606,
        "MNTN_CODE" : "451103004",
        "MANAGE_SP1" : "02",
        "MANAGE_SP2" : "분기점",
        "DETAIL_SPO" : "분기점",
        "ETC_MATTER" : " ",
        "MNTN_NM" : "기린공원",
        "PAST_SPOT_" : "4511030040031",
        "MNTN_ID" : "451103004"
      },
      "geometry" : {
        "x" : 215118.2005302934,
        "y" : 358124.6504517477
      }
    },
    {
      "attributes" : {
        "FID" : 31,
        "PMNTN_SPOT" : 14607,
        "MNTN_CODE" : "451103004",
        "MANAGE_SP1" : "02",
        "MANAGE_SP2" : "분기점",
        "DETAIL_SPO" : "분기점",
        "ETC_MATTER" : " ",
        "MNTN_NM" : "기린공원",
        "PAST_SPOT_" : "4511030040032",
        "MNTN_ID" : "451103004"
      },
      "geometry" : {
        "x" : 215132.63460000232,
        "y" : 358118.75439999998
      }
    },
    {
      "attributes" : {
        "FID" : 32,
        "PMNTN_SPOT" : 14608,
        "MNTN_CODE" : "451103004",
        "MANAGE_SP1" : "02",
        "MANAGE_SP2" : "분기점",
        "DETAIL_SPO" : "분기점",
        "ETC_MATTER" : " ",
        "MNTN_NM" : "기린공원",
        "PAST_SPOT_" : "4511030040033",
        "MNTN_ID" : "451103004"
      },
      "geometry" : {
        "x" : 215154.48948026542,
        "y" : 357980.01300477982
      }
    },
    {
      "attributes" : {
        "FID" : 33,
        "PMNTN_SPOT" : 14609,
        "MNTN_CODE" : "451103004",
        "MANAGE_SP1" : "02",
        "MANAGE_SP2" : "분기점",
        "DETAIL_SPO" : "분기점",
        "ETC_MATTER" : " ",
        "MNTN_NM" : "기린공원",
        "PAST_SPOT_" : "4511030040034",
        "MNTN_ID" : "451103004"
      },
      "geometry" : {
        "x" : 215170.46235479787,
        "y" : 358096.67269454338
      }
    },
    {
      "attributes" : {
        "FID" : 34,
        "PMNTN_SPOT" : 14610,
        "MNTN_CODE" : "451103004",
        "MANAGE_SP1" : "01",
        "MANAGE_SP2" : "시종점",
        "DETAIL_SPO" : "시종점",
        "ETC_MATTER" : " ",
        "MNTN_NM" : "기린공원",
        "PAST_SPOT_" : "4511030040035",
        "MNTN_ID" : "451103004"
      },
      "geometry" : {
        "x" : 215176.97330000065,
        "y" : 358250.11990000494
      }
    },
    {
      "attributes" : {
        "FID" : 35,
        "PMNTN_SPOT" : 14611,
        "MNTN_CODE" : "451103004",
        "MANAGE_SP1" : "01",
        "MANAGE_SP2" : "시종점",
        "DETAIL_SPO" : "시종점",
        "ETC_MATTER" : " ",
        "MNTN_NM" : "기린공원",
        "PAST_SPOT_" : "4511030040036",
        "MNTN_ID" : "451103004"
      },
      "geometry" : {
        "x" : 215209.64800000098,
        "y" : 358209.87140000053
      }
    },
    {
      "attributes" : {
        "FID" : 36,
        "PMNTN_SPOT" : 14612,
        "MNTN_CODE" : "451103004",
        "MANAGE_SP1" : "02",
        "MANAGE_SP2" : "분기점",
        "DETAIL_SPO" : "분기점",
        "ETC_MATTER" : " ",
        "MNTN_NM" : "기린공원",
        "PAST_SPOT_" : "4511030040037",
        "MNTN_ID" : "451103004"
      },
      "geometry" : {
        "x" : 215217.97390000056,
        "y" : 358032.10130000301
      }
    },
    {
      "attributes" : {
        "FID" : 37,
        "PMNTN_SPOT" : 14613,
        "MNTN_CODE" : "451103004",
        "MANAGE_SP1" : "02",
        "MANAGE_SP2" : "분기점",
        "DETAIL_SPO" : "분기점",
        "ETC_MATTER" : " ",
        "MNTN_NM" : "기린공원",
        "PAST_SPOT_" : "4511030040038",
        "MNTN_ID" : "451103004"
      },
      "geometry" : {
        "x" : 215233.67653588764,
        "y" : 357911.74868913926
      }
    },
    {
      "attributes" : {
        "FID" : 38,
        "PMNTN_SPOT" : 14614,
        "MNTN_CODE" : "451103004",
        "MANAGE_SP1" : "02",
        "MANAGE_SP2" : "분기점",
        "DETAIL_SPO" : "분기점",
        "ETC_MATTER" : " ",
        "MNTN_NM" : "기린공원",
        "PAST_SPOT_" : "4511030040039",
        "MNTN_ID" : "451103004"
      },
      "geometry" : {
        "x" : 215240.60040000174,
        "y" : 358174.40479999967
      }
    },
    {
      "attributes" : {
        "FID" : 39,
        "PMNTN_SPOT" : 14615,
        "MNTN_CODE" : "451103004",
        "MANAGE_SP1" : "01",
        "MANAGE_SP2" : "시종점",
        "DETAIL_SPO" : "시종점",
        "ETC_MATTER" : " ",
        "MNTN_NM" : "기린공원",
        "PAST_SPOT_" : "4511030040040",
        "MNTN_ID" : "451103004"
      },
      "geometry" : {
        "x" : 215248.23340000026,
        "y" : 358204.68950000033
      }
    },
    {
      "attributes" : {
        "FID" : 40,
        "PMNTN_SPOT" : 14616,
        "MNTN_CODE" : "451103004",
        "MANAGE_SP1" : "02",
        "MANAGE_SP2" : "분기점",
        "DETAIL_SPO" : "분기점",
        "ETC_MATTER" : " ",
        "MNTN_NM" : "기린공원",
        "PAST_SPOT_" : "4511030040041",
        "MNTN_ID" : "451103004"
      },
      "geometry" : {
        "x" : 215255.7378799431,
        "y" : 358008.56808179617
      }
    },
    {
      "attributes" : {
        "FID" : 41,
        "PMNTN_SPOT" : 14617,
        "MNTN_CODE" : "451103004",
        "MANAGE_SP1" : "02",
        "MANAGE_SP2" : "분기점",
        "DETAIL_SPO" : "분기점",
        "ETC_MATTER" : " ",
        "MNTN_NM" : "기린공원",
        "PAST_SPOT_" : "4511030040042",
        "MNTN_ID" : "451103004"
      },
      "geometry" : {
        "x" : 215284.53660000116,
        "y" : 358083.29350000247
      }
    },
    {
      "attributes" : {
        "FID" : 42,
        "PMNTN_SPOT" : 14618,
        "MNTN_CODE" : "451103004",
        "MANAGE_SP1" : "02",
        "MANAGE_SP2" : "분기점",
        "DETAIL_SPO" : "분기점",
        "ETC_MATTER" : " ",
        "MNTN_NM" : "기린공원",
        "PAST_SPOT_" : "4511030040043",
        "MNTN_ID" : "451103004"
      },
      "geometry" : {
        "x" : 215287.35586634092,
        "y" : 358032.9009674266
      }
    },
    {
      "attributes" : {
        "FID" : 43,
        "PMNTN_SPOT" : 14619,
        "MNTN_CODE" : "451103004",
        "MANAGE_SP1" : "02",
        "MANAGE_SP2" : "분기점",
        "DETAIL_SPO" : "분기점",
        "ETC_MATTER" : " ",
        "MNTN_NM" : "기린공원",
        "PAST_SPOT_" : "4511030040044",
        "MNTN_ID" : "451103004"
      },
      "geometry" : {
        "x" : 215320.51183694787,
        "y" : 357834.03086005524
      }
    },
    {
      "attributes" : {
        "FID" : 44,
        "PMNTN_SPOT" : 14620,
        "MNTN_CODE" : "451103004",
        "MANAGE_SP1" : "02",
        "MANAGE_SP2" : "분기점",
        "DETAIL_SPO" : "분기점",
        "ETC_MATTER" : " ",
        "MNTN_NM" : "기린공원",
        "PAST_SPOT_" : "4511030040045",
        "MNTN_ID" : "451103004"
      },
      "geometry" : {
        "x" : 215322.17429297604,
        "y" : 357786.47466387972
      }
    },
    {
      "attributes" : {
        "FID" : 45,
        "PMNTN_SPOT" : 14621,
        "MNTN_CODE" : "451103004",
        "MANAGE_SP1" : "02",
        "MANAGE_SP2" : "분기점",
        "DETAIL_SPO" : "분기점",
        "ETC_MATTER" : " ",
        "MNTN_NM" : "기린공원",
        "PAST_SPOT_" : "4511030040046",
        "MNTN_ID" : "451103004"
      },
      "geometry" : {
        "x" : 215332.38580000214,
        "y" : 358129.77190000005
      }
    },
    {
      "attributes" : {
        "FID" : 46,
        "PMNTN_SPOT" : 14622,
        "MNTN_CODE" : "451103004",
        "MANAGE_SP1" : "02",
        "MANAGE_SP2" : "분기점",
        "DETAIL_SPO" : "분기점",
        "ETC_MATTER" : " ",
        "MNTN_NM" : "기린공원",
        "PAST_SPOT_" : "4511030040047",
        "MNTN_ID" : "451103004"
      },
      "geometry" : {
        "x" : 215338.9104000004,
        "y" : 358113.99400000274
      }
    },
    {
      "attributes" : {
        "FID" : 47,
        "PMNTN_SPOT" : 14623,
        "MNTN_CODE" : "451103004",
        "MANAGE_SP1" : "01",
        "MANAGE_SP2" : "시종점",
        "DETAIL_SPO" : "시종점",
        "ETC_MATTER" : " ",
        "MNTN_NM" : "기린공원",
        "PAST_SPOT_" : "4511030040048",
        "MNTN_ID" : "451103004"
      },
      "geometry" : {
        "x" : 215345.06940000132,
        "y" : 358476.87790000252
      }
    },
    {
      "attributes" : {
        "FID" : 48,
        "PMNTN_SPOT" : 14624,
        "MNTN_CODE" : "451103004",
        "MANAGE_SP1" : "01",
        "MANAGE_SP2" : "시종점",
        "DETAIL_SPO" : "시종점",
        "ETC_MATTER" : " ",
        "MNTN_NM" : "기린공원",
        "PAST_SPOT_" : "4511030040049",
        "MNTN_ID" : "451103004"
      },
      "geometry" : {
        "x" : 215362.39490000159,
        "y" : 358115.24379999936
      }
    },
    {
      "attributes" : {
        "FID" : 49,
        "PMNTN_SPOT" : 14625,
        "MNTN_CODE" : "451103004",
        "MANAGE_SP1" : "02",
        "MANAGE_SP2" : "분기점",
        "DETAIL_SPO" : "분기점",
        "ETC_MATTER" : " ",
        "MNTN_NM" : "기린공원",
        "PAST_SPOT_" : "4511030040050",
        "MNTN_ID" : "451103004"
      },
      "geometry" : {
        "x" : 215399.97790000029,
        "y" : 358009.67380000092
      }
    },
    {
      "attributes" : {
        "FID" : 50,
        "PMNTN_SPOT" : 14626,
        "MNTN_CODE" : "451103004",
        "MANAGE_SP1" : "02",
        "MANAGE_SP2" : "분기점",
        "DETAIL_SPO" : "분기점",
        "ETC_MATTER" : " ",
        "MNTN_NM" : "기린공원",
        "PAST_SPOT_" : "4511030040051",
        "MNTN_ID" : "451103004"
      },
      "geometry" : {
        "x" : 215405.99219999928,
        "y" : 357958.90330000222
      }
    },
    {
      "attributes" : {
        "FID" : 51,
        "PMNTN_SPOT" : 14627,
        "MNTN_CODE" : "451103004",
        "MANAGE_SP1" : "02",
        "MANAGE_SP2" : "분기점",
        "DETAIL_SPO" : "분기점",
        "ETC_MATTER" : " ",
        "MNTN_NM" : "기린공원",
        "PAST_SPOT_" : "4511030040052",
        "MNTN_ID" : "451103004"
      },
      "geometry" : {
        "x" : 215406.53695266414,
        "y" : 357458.95860174671
      }
    },
    {
      "attributes" : {
        "FID" : 52,
        "PMNTN_SPOT" : 14628,
        "MNTN_CODE" : "451103004",
        "MANAGE_SP1" : "02",
        "MANAGE_SP2" : "분기점",
        "DETAIL_SPO" : "분기점",
        "ETC_MATTER" : " ",
        "MNTN_NM" : "기린공원",
        "PAST_SPOT_" : "4511030040053",
        "MNTN_ID" : "451103004"
      },
      "geometry" : {
        "x" : 215408.16910000052,
        "y" : 357962.10590000078
      }
    },
    {
      "attributes" : {
        "FID" : 53,
        "PMNTN_SPOT" : 14629,
        "MNTN_CODE" : "451103004",
        "MANAGE_SP1" : "01",
        "MANAGE_SP2" : "시종점",
        "DETAIL_SPO" : "시종점",
        "ETC_MATTER" : " ",
        "MNTN_NM" : "기린공원",
        "PAST_SPOT_" : "4511030040054",
        "MNTN_ID" : "451103004"
      },
      "geometry" : {
        "x" : 215426.45600372646,
        "y" : 358548.37232986838
      }
    },
    {
      "attributes" : {
        "FID" : 54,
        "PMNTN_SPOT" : 14630,
        "MNTN_CODE" : "451103004",
        "MANAGE_SP1" : "02",
        "MANAGE_SP2" : "분기점",
        "DETAIL_SPO" : "분기점",
        "ETC_MATTER" : " ",
        "MNTN_NM" : "기린공원",
        "PAST_SPOT_" : "4511030040055",
        "MNTN_ID" : "451103004"
      },
      "geometry" : {
        "x" : 215431.44866232108,
        "y" : 357984.30405228771
      }
    },
    {
      "attributes" : {
        "FID" : 55,
        "PMNTN_SPOT" : 14631,
        "MNTN_CODE" : "451103004",
        "MANAGE_SP1" : "02",
        "MANAGE_SP2" : "분기점",
        "DETAIL_SPO" : "분기점",
        "ETC_MATTER" : " ",
        "MNTN_NM" : "기린공원",
        "PAST_SPOT_" : "4511030040056",
        "MNTN_ID" : "451103004"
      },
      "geometry" : {
        "x" : 215447.69539999869,
        "y" : 358481.37939999998
      }
    },
    {
      "attributes" : {
        "FID" : 56,
        "PMNTN_SPOT" : 14632,
        "MNTN_CODE" : "451103004",
        "MANAGE_SP1" : "02",
        "MANAGE_SP2" : "분기점",
        "DETAIL_SPO" : "분기점",
        "ETC_MATTER" : " ",
        "MNTN_NM" : "기린공원",
        "PAST_SPOT_" : "4511030040057",
        "MNTN_ID" : "451103004"
      },
      "geometry" : {
        "x" : 215477.15029999986,
        "y" : 357474.28289999999
      }
    },
    {
      "attributes" : {
        "FID" : 57,
        "PMNTN_SPOT" : 14633,
        "MNTN_CODE" : "451103004",
        "MANAGE_SP1" : "02",
        "MANAGE_SP2" : "분기점",
        "DETAIL_SPO" : "분기점",
        "ETC_MATTER" : " ",
        "MNTN_NM" : "기린공원",
        "PAST_SPOT_" : "4511030040058",
        "MNTN_ID" : "451103004"
      },
      "geometry" : {
        "x" : 215478.53589999955,
        "y" : 357792.47020000219
      }
    },
    {
      "attributes" : {
        "FID" : 58,
        "PMNTN_SPOT" : 14634,
        "MNTN_CODE" : "451103004",
        "MANAGE_SP1" : "02",
        "MANAGE_SP2" : "분기점",
        "DETAIL_SPO" : "분기점",
        "ETC_MATTER" : " ",
        "MNTN_NM" : "기린공원",
        "PAST_SPOT_" : "4511030040059",
        "MNTN_ID" : "451103004"
      },
      "geometry" : {
        "x" : 215483.25999999978,
        "y" : 358349.66229999997
      }
    },
    {
      "attributes" : {
        "FID" : 59,
        "PMNTN_SPOT" : 14635,
        "MNTN_CODE" : "451103004",
        "MANAGE_SP1" : "01",
        "MANAGE_SP2" : "시종점",
        "DETAIL_SPO" : "시종점",
        "ETC_MATTER" : " ",
        "MNTN_NM" : "기린공원",
        "PAST_SPOT_" : "4511030040060",
        "MNTN_ID" : "451103004"
      },
      "geometry" : {
        "x" : 215490.83349999972,
        "y" : 358438.9811000023
      }
    },
    {
      "attributes" : {
        "FID" : 60,
        "PMNTN_SPOT" : 14636,
        "MNTN_CODE" : "451103004",
        "MANAGE_SP1" : "02",
        "MANAGE_SP2" : "분기점",
        "DETAIL_SPO" : "분기점",
        "ETC_MATTER" : " ",
        "MNTN_NM" : "기린공원",
        "PAST_SPOT_" : "4511030040061",
        "MNTN_ID" : "451103004"
      },
      "geometry" : {
        "x" : 215506.42090000119,
        "y" : 357373.85180000775
      }
    },
    {
      "attributes" : {
        "FID" : 61,
        "PMNTN_SPOT" : 14637,
        "MNTN_CODE" : "451103004",
        "MANAGE_SP1" : "02",
        "MANAGE_SP2" : "분기점",
        "DETAIL_SPO" : "분기점",
        "ETC_MATTER" : " ",
        "MNTN_NM" : "기린공원",
        "PAST_SPOT_" : "4511030040062",
        "MNTN_ID" : "451103004"
      },
      "geometry" : {
        "x" : 215528.15020000096,
        "y" : 357785.55189999938
      }
    },
    {
      "attributes" : {
        "FID" : 62,
        "PMNTN_SPOT" : 14638,
        "MNTN_CODE" : "451103004",
        "MANAGE_SP1" : "02",
        "MANAGE_SP2" : "분기점",
        "DETAIL_SPO" : "분기점",
        "ETC_MATTER" : " ",
        "MNTN_NM" : "기린공원",
        "PAST_SPOT_" : "4511030040063",
        "MNTN_ID" : "451103004"
      },
      "geometry" : {
        "x" : 215548.24199999962,
        "y" : 358094.02960000187
      }
    },
    {
      "attributes" : {
        "FID" : 63,
        "PMNTN_SPOT" : 14639,
        "MNTN_CODE" : "451103004",
        "MANAGE_SP1" : "02",
        "MANAGE_SP2" : "분기점",
        "DETAIL_SPO" : "분기점",
        "ETC_MATTER" : " ",
        "MNTN_NM" : "기린공원",
        "PAST_SPOT_" : "4511030040064",
        "MNTN_ID" : "451103004"
      },
      "geometry" : {
        "x" : 215560.67889999878,
        "y" : 358344.08840000071
      }
    },
    {
      "attributes" : {
        "FID" : 64,
        "PMNTN_SPOT" : 14640,
        "MNTN_CODE" : "451103004",
        "MANAGE_SP1" : "02",
        "MANAGE_SP2" : "분기점",
        "DETAIL_SPO" : "분기점",
        "ETC_MATTER" : " ",
        "MNTN_NM" : "기린공원",
        "PAST_SPOT_" : "4511030040065",
        "MNTN_ID" : "451103004"
      },
      "geometry" : {
        "x" : 215588.92669999972,
        "y" : 358355.33560000174
      }
    },
    {
      "attributes" : {
        "FID" : 65,
        "PMNTN_SPOT" : 14641,
        "MNTN_CODE" : "451103004",
        "MANAGE_SP1" : "02",
        "MANAGE_SP2" : "분기점",
        "DETAIL_SPO" : "분기점",
        "ETC_MATTER" : " ",
        "MNTN_NM" : "기린공원",
        "PAST_SPOT_" : "4511030040066",
        "MNTN_ID" : "451103004"
      },
      "geometry" : {
        "x" : 215613.38361766748,
        "y" : 358302.98763665929
      }
    },
    {
      "attributes" : {
        "FID" : 66,
        "PMNTN_SPOT" : 14642,
        "MNTN_CODE" : "451103004",
        "MANAGE_SP1" : "02",
        "MANAGE_SP2" : "분기점",
        "DETAIL_SPO" : "분기점",
        "ETC_MATTER" : " ",
        "MNTN_NM" : "기린공원",
        "PAST_SPOT_" : "4511030040067",
        "MNTN_ID" : "451103004"
      },
      "geometry" : {
        "x" : 215615.02439543512,
        "y" : 357379.94037285633
      }
    },
    {
      "attributes" : {
        "FID" : 67,
        "PMNTN_SPOT" : 14643,
        "MNTN_CODE" : "451103004",
        "MANAGE_SP1" : "02",
        "MANAGE_SP2" : "분기점",
        "DETAIL_SPO" : "분기점",
        "ETC_MATTER" : " ",
        "MNTN_NM" : "기린공원",
        "PAST_SPOT_" : "4511030040068",
        "MNTN_ID" : "451103004"
      },
      "geometry" : {
        "x" : 215633.64780000132,
        "y" : 358559.90829999931
      }
    },
    {
      "attributes" : {
        "FID" : 68,
        "PMNTN_SPOT" : 14644,
        "MNTN_CODE" : "451103004",
        "MANAGE_SP1" : "01",
        "MANAGE_SP2" : "시종점",
        "DETAIL_SPO" : "시종점",
        "ETC_MATTER" : " ",
        "MNTN_NM" : "기린공원",
        "PAST_SPOT_" : "4511030040069",
        "MNTN_ID" : "451103004"
      },
      "geometry" : {
        "x" : 215638.81380000059,
        "y" : 358687.53539999947
      }
    },
    {
      "attributes" : {
        "FID" : 69,
        "PMNTN_SPOT" : 14645,
        "MNTN_CODE" : "451103004",
        "MANAGE_SP1" : "02",
        "MANAGE_SP2" : "분기점",
        "DETAIL_SPO" : "분기점",
        "ETC_MATTER" : " ",
        "MNTN_NM" : "기린공원",
        "PAST_SPOT_" : "4511030040070",
        "MNTN_ID" : "451103004"
      },
      "geometry" : {
        "x" : 215640.3813631935,
        "y" : 358257.92925668135
      }
    },
    {
      "attributes" : {
        "FID" : 70,
        "PMNTN_SPOT" : 14646,
        "MNTN_CODE" : "451103004",
        "MANAGE_SP1" : "02",
        "MANAGE_SP2" : "분기점",
        "DETAIL_SPO" : "분기점",
        "ETC_MATTER" : " ",
        "MNTN_NM" : "기린공원",
        "PAST_SPOT_" : "4511030040071",
        "MNTN_ID" : "451103004"
      },
      "geometry" : {
        "x" : 215646.59449999966,
        "y" : 357577.76090000011
      }
    },
    {
      "attributes" : {
        "FID" : 71,
        "PMNTN_SPOT" : 14647,
        "MNTN_CODE" : "451103004",
        "MANAGE_SP1" : "02",
        "MANAGE_SP2" : "분기점",
        "DETAIL_SPO" : "분기점",
        "ETC_MATTER" : " ",
        "MNTN_NM" : "기린공원",
        "PAST_SPOT_" : "4511030040072",
        "MNTN_ID" : "451103004"
      },
      "geometry" : {
        "x" : 215648.25960000139,
        "y" : 357852.91190000065
      }
    },
    {
      "attributes" : {
        "FID" : 72,
        "PMNTN_SPOT" : 14648,
        "MNTN_CODE" : "451103004",
        "MANAGE_SP1" : "02",
        "MANAGE_SP2" : "분기점",
        "DETAIL_SPO" : "분기점",
        "ETC_MATTER" : " ",
        "MNTN_NM" : "기린공원",
        "PAST_SPOT_" : "4511030040073",
        "MNTN_ID" : "451103004"
      },
      "geometry" : {
        "x" : 215651.95849999972,
        "y" : 358249.53580000065
      }
    },
    {
      "attributes" : {
        "FID" : 73,
        "PMNTN_SPOT" : 14649,
        "MNTN_CODE" : "451103004",
        "MANAGE_SP1" : "02",
        "MANAGE_SP2" : "분기점",
        "DETAIL_SPO" : "분기점",
        "ETC_MATTER" : " ",
        "MNTN_NM" : "기린공원",
        "PAST_SPOT_" : "4511030040074",
        "MNTN_ID" : "451103004"
      },
      "geometry" : {
        "x" : 215657.07670000102,
        "y" : 357980.27640000172
      }
    },
    {
      "attributes" : {
        "FID" : 74,
        "PMNTN_SPOT" : 14650,
        "MNTN_CODE" : "451103004",
        "MANAGE_SP1" : "02",
        "MANAGE_SP2" : "분기점",
        "DETAIL_SPO" : "분기점",
        "ETC_MATTER" : " ",
        "MNTN_NM" : "기린공원",
        "PAST_SPOT_" : "4511030040075",
        "MNTN_ID" : "451103004"
      },
      "geometry" : {
        "x" : 215663.53670000099,
        "y" : 357523.79230000079
      }
    },
    {
      "attributes" : {
        "FID" : 75,
        "PMNTN_SPOT" : 14651,
        "MNTN_CODE" : "451103004",
        "MANAGE_SP1" : "02",
        "MANAGE_SP2" : "분기점",
        "DETAIL_SPO" : "분기점",
        "ETC_MATTER" : " ",
        "MNTN_NM" : "기린공원",
        "PAST_SPOT_" : "4511030040076",
        "MNTN_ID" : "451103004"
      },
      "geometry" : {
        "x" : 215670.0390000008,
        "y" : 358542.78079999983
      }
    },
    {
      "attributes" : {
        "FID" : 76,
        "PMNTN_SPOT" : 14652,
        "MNTN_CODE" : "451103004",
        "MANAGE_SP1" : "02",
        "MANAGE_SP2" : "분기점",
        "DETAIL_SPO" : "분기점",
        "ETC_MATTER" : " ",
        "MNTN_NM" : "기린공원",
        "PAST_SPOT_" : "4511030040077",
        "MNTN_ID" : "451103004"
      },
      "geometry" : {
        "x" : 215676.6967000002,
        "y" : 357969.14839999937
      }
    },
    {
      "attributes" : {
        "FID" : 77,
        "PMNTN_SPOT" : 14653,
        "MNTN_CODE" : "451103004",
        "MANAGE_SP1" : "02",
        "MANAGE_SP2" : "분기점",
        "DETAIL_SPO" : "분기점",
        "ETC_MATTER" : " ",
        "MNTN_NM" : "기린공원",
        "PAST_SPOT_" : "4511030040078",
        "MNTN_ID" : "451103004"
      },
      "geometry" : {
        "x" : 215678.50870000198,
        "y" : 357870.41800000146
      }
    },
    {
      "attributes" : {
        "FID" : 78,
        "PMNTN_SPOT" : 14654,
        "MNTN_CODE" : "451103004",
        "MANAGE_SP1" : "02",
        "MANAGE_SP2" : "분기점",
        "DETAIL_SPO" : "분기점",
        "ETC_MATTER" : " ",
        "MNTN_NM" : "기린공원",
        "PAST_SPOT_" : "4511030040079",
        "MNTN_ID" : "451103004"
      },
      "geometry" : {
        "x" : 215679.02730000112,
        "y" : 357764.3954000026
      }
    },
    {
      "attributes" : {
        "FID" : 79,
        "PMNTN_SPOT" : 14655,
        "MNTN_CODE" : "451103004",
        "MANAGE_SP1" : "02",
        "MANAGE_SP2" : "분기점",
        "DETAIL_SPO" : "분기점",
        "ETC_MATTER" : " ",
        "MNTN_NM" : "기린공원",
        "PAST_SPOT_" : "4511030040080",
        "MNTN_ID" : "451103004"
      },
      "geometry" : {
        "x" : 215682.08080000058,
        "y" : 357832.01239999942
      }
    },
    {
      "attributes" : {
        "FID" : 80,
        "PMNTN_SPOT" : 14656,
        "MNTN_CODE" : "451103004",
        "MANAGE_SP1" : "02",
        "MANAGE_SP2" : "분기점",
        "DETAIL_SPO" : "분기점",
        "ETC_MATTER" : " ",
        "MNTN_NM" : "기린공원",
        "PAST_SPOT_" : "4511030040081",
        "MNTN_ID" : "451103004"
      },
      "geometry" : {
        "x" : 215688.4261939982,
        "y" : 357823.78711401857
      }
    },
    {
      "attributes" : {
        "FID" : 81,
        "PMNTN_SPOT" : 14657,
        "MNTN_CODE" : "451103004",
        "MANAGE_SP1" : "02",
        "MANAGE_SP2" : "분기점",
        "DETAIL_SPO" : "분기점",
        "ETC_MATTER" : " ",
        "MNTN_NM" : "기린공원",
        "PAST_SPOT_" : "4511030040082",
        "MNTN_ID" : "451103004"
      },
      "geometry" : {
        "x" : 215699.19390000217,
        "y" : 358394.05220000073
      }
    },
    {
      "attributes" : {
        "FID" : 82,
        "PMNTN_SPOT" : 14658,
        "MNTN_CODE" : "451103004",
        "MANAGE_SP1" : "01",
        "MANAGE_SP2" : "시종점",
        "DETAIL_SPO" : "시종점",
        "ETC_MATTER" : " ",
        "MNTN_NM" : "기린공원",
        "PAST_SPOT_" : "4511030040083",
        "MNTN_ID" : "451103004"
      },
      "geometry" : {
        "x" : 215704.85078149568,
        "y" : 356933.92082373798
      }
    },
    {
      "attributes" : {
        "FID" : 83,
        "PMNTN_SPOT" : 14659,
        "MNTN_CODE" : "451103004",
        "MANAGE_SP1" : "02",
        "MANAGE_SP2" : "분기점",
        "DETAIL_SPO" : "분기점",
        "ETC_MATTER" : " ",
        "MNTN_NM" : "기린공원",
        "PAST_SPOT_" : "4511030040084",
        "MNTN_ID" : "451103004"
      },
      "geometry" : {
        "x" : 215708.6035000002,
        "y" : 358439.67730000243
      }
    },
    {
      "attributes" : {
        "FID" : 84,
        "PMNTN_SPOT" : 14660,
        "MNTN_CODE" : "451103004",
        "MANAGE_SP1" : "02",
        "MANAGE_SP2" : "분기점",
        "DETAIL_SPO" : "분기점",
        "ETC_MATTER" : " ",
        "MNTN_NM" : "기린공원",
        "PAST_SPOT_" : "4511030040085",
        "MNTN_ID" : "451103004"
      },
      "geometry" : {
        "x" : 215723.12399999984,
        "y" : 358630.38900000043
      }
    },
    {
      "attributes" : {
        "FID" : 85,
        "PMNTN_SPOT" : 14661,
        "MNTN_CODE" : "451103004",
        "MANAGE_SP1" : "02",
        "MANAGE_SP2" : "분기점",
        "DETAIL_SPO" : "분기점",
        "ETC_MATTER" : " ",
        "MNTN_NM" : "기린공원",
        "PAST_SPOT_" : "4511030040086",
        "MNTN_ID" : "451103004"
      },
      "geometry" : {
        "x" : 215743.42090000119,
        "y" : 357338.70790000074
      }
    },
    {
      "attributes" : {
        "FID" : 86,
        "PMNTN_SPOT" : 14662,
        "MNTN_CODE" : "451103004",
        "MANAGE_SP1" : "02",
        "MANAGE_SP2" : "분기점",
        "DETAIL_SPO" : "분기점",
        "ETC_MATTER" : " ",
        "MNTN_NM" : "기린공원",
        "PAST_SPOT_" : "4511030040087",
        "MNTN_ID" : "451103004"
      },
      "geometry" : {
        "x" : 215749.2201000005,
        "y" : 357991.42550000176
      }
    },
    {
      "attributes" : {
        "FID" : 87,
        "PMNTN_SPOT" : 14663,
        "MNTN_CODE" : "451103004",
        "MANAGE_SP1" : "01",
        "MANAGE_SP2" : "시종점",
        "DETAIL_SPO" : "시종점",
        "ETC_MATTER" : " ",
        "MNTN_NM" : "기린공원",
        "PAST_SPOT_" : "4511030040088",
        "MNTN_ID" : "451103004"
      },
      "geometry" : {
        "x" : 215773.28420000058,
        "y" : 357621.24810000136
      }
    },
    {
      "attributes" : {
        "FID" : 88,
        "PMNTN_SPOT" : 14664,
        "MNTN_CODE" : "451103004",
        "MANAGE_SP1" : "02",
        "MANAGE_SP2" : "분기점",
        "DETAIL_SPO" : "분기점",
        "ETC_MATTER" : " ",
        "MNTN_NM" : "기린공원",
        "PAST_SPOT_" : "4511030040089",
        "MNTN_ID" : "451103004"
      },
      "geometry" : {
        "x" : 215791.37229999993,
        "y" : 358015.40590000339
      }
    },
    {
      "attributes" : {
        "FID" : 89,
        "PMNTN_SPOT" : 14665,
        "MNTN_CODE" : "451103004",
        "MANAGE_SP1" : "01",
        "MANAGE_SP2" : "시종점",
        "DETAIL_SPO" : "시종점",
        "ETC_MATTER" : " ",
        "MNTN_NM" : "기린공원",
        "PAST_SPOT_" : "4511030040090",
        "MNTN_ID" : "451103004"
      },
      "geometry" : {
        "x" : 215802.70669999998,
        "y" : 358039.22440000065
      }
    },
    {
      "attributes" : {
        "FID" : 90,
        "PMNTN_SPOT" : 14666,
        "MNTN_CODE" : "451103004",
        "MANAGE_SP1" : "02",
        "MANAGE_SP2" : "분기점",
        "DETAIL_SPO" : "분기점",
        "ETC_MATTER" : " ",
        "MNTN_NM" : "기린공원",
        "PAST_SPOT_" : "4511030040091",
        "MNTN_ID" : "451103004"
      },
      "geometry" : {
        "x" : 215839.14479999989,
        "y" : 357223.1184000019
      }
    },
    {
      "attributes" : {
        "FID" : 91,
        "PMNTN_SPOT" : 14667,
        "MNTN_CODE" : "451103004",
        "MANAGE_SP1" : "02",
        "MANAGE_SP2" : "분기점",
        "DETAIL_SPO" : "분기점",
        "ETC_MATTER" : " ",
        "MNTN_NM" : "기린공원",
        "PAST_SPOT_" : "4511030040092",
        "MNTN_ID" : "451103004"
      },
      "geometry" : {
        "x" : 215842.60050000064,
        "y" : 357246.55440000072
      }
    },
    {
      "attributes" : {
        "FID" : 92,
        "PMNTN_SPOT" : 14668,
        "MNTN_CODE" : "451103004",
        "MANAGE_SP1" : "01",
        "MANAGE_SP2" : "시종점",
        "DETAIL_SPO" : "시종점",
        "ETC_MATTER" : " ",
        "MNTN_NM" : "기린공원",
        "PAST_SPOT_" : "4511030040093",
        "MNTN_ID" : "451103004"
      },
      "geometry" : {
        "x" : 215875.32670000102,
        "y" : 358026.44200000167
      }
    },
    {
      "attributes" : {
        "FID" : 93,
        "PMNTN_SPOT" : 14669,
        "MNTN_CODE" : "451103004",
        "MANAGE_SP1" : "01",
        "MANAGE_SP2" : "시종점",
        "DETAIL_SPO" : "시종점",
        "ETC_MATTER" : " ",
        "MNTN_NM" : "기린공원",
        "PAST_SPOT_" : "4511030040094",
        "MNTN_ID" : "451103004"
      },
      "geometry" : {
        "x" : 215950.63280000072,
        "y" : 357137.90920000337
      }
    },
    {
      "attributes" : {
        "FID" : 94,
        "PMNTN_SPOT" : 14670,
        "MNTN_CODE" : "451103004",
        "MANAGE_SP1" : "02",
        "MANAGE_SP2" : "분기점",
        "DETAIL_SPO" : "분기점",
        "ETC_MATTER" : " ",
        "MNTN_NM" : "기린공원",
        "PAST_SPOT_" : "4511030040095",
        "MNTN_ID" : "451103004"
      },
      "geometry" : {
        "x" : 215974.19500000123,
        "y" : 357272.09730000049
      }
    },
    {
      "attributes" : {
        "FID" : 95,
        "PMNTN_SPOT" : 14671,
        "MNTN_CODE" : "451103004",
        "MANAGE_SP1" : "02",
        "MANAGE_SP2" : "분기점",
        "DETAIL_SPO" : "분기점",
        "ETC_MATTER" : " ",
        "MNTN_NM" : "기린공원",
        "PAST_SPOT_" : "4511030040096",
        "MNTN_ID" : "451103004"
      },
      "geometry" : {
        "x" : 215976.9813000001,
        "y" : 357144.69700000249
      }
    },
    {
      "attributes" : {
        "FID" : 96,
        "PMNTN_SPOT" : 14672,
        "MNTN_CODE" : "451103004",
        "MANAGE_SP1" : "02",
        "MANAGE_SP2" : "분기점",
        "DETAIL_SPO" : "분기점",
        "ETC_MATTER" : " ",
        "MNTN_NM" : "기린공원",
        "PAST_SPOT_" : "4511030040097",
        "MNTN_ID" : "451103004"
      },
      "geometry" : {
        "x" : 216004.84329999983,
        "y" : 357244.29500000179
      }
    },
    {
      "attributes" : {
        "FID" : 97,
        "PMNTN_SPOT" : 14673,
        "MNTN_CODE" : "451103004",
        "MANAGE_SP1" : "02",
        "MANAGE_SP2" : "분기점",
        "DETAIL_SPO" : "분기점",
        "ETC_MATTER" : " ",
        "MNTN_NM" : "기린공원",
        "PAST_SPOT_" : "4511030040098",
        "MNTN_ID" : "451103004"
      },
      "geometry" : {
        "x" : 216006.99060000107,
        "y" : 357048.06589999981
      }
    },
    {
      "attributes" : {
        "FID" : 98,
        "PMNTN_SPOT" : 14674,
        "MNTN_CODE" : "451103004",
        "MANAGE_SP1" : "01",
        "MANAGE_SP2" : "시종점",
        "DETAIL_SPO" : "시종점",
        "ETC_MATTER" : " ",
        "MNTN_NM" : "기린공원",
        "PAST_SPOT_" : "4511030040099",
        "MNTN_ID" : "451103004"
      },
      "geometry" : {
        "x" : 216081.25570000056,
        "y" : 357238.64770000055
      }
    },
    {
      "attributes" : {
        "FID" : 99,
        "PMNTN_SPOT" : 14675,
        "MNTN_CODE" : "451103004",
        "MANAGE_SP1" : "02",
        "MANAGE_SP2" : "분기점",
        "DETAIL_SPO" : "분기점",
        "ETC_MATTER" : " ",
        "MNTN_NM" : "기린공원",
        "PAST_SPOT_" : "4511030040100",
        "MNTN_ID" : "451103004"
      },
      "geometry" : {
        "x" : 216103.93754038587,
        "y" : 356670.26313469186
      }
    },
    {
      "attributes" : {
        "FID" : 100,
        "PMNTN_SPOT" : 14676,
        "MNTN_CODE" : "451103004",
        "MANAGE_SP1" : "01",
        "MANAGE_SP2" : "시종점",
        "DETAIL_SPO" : "시종점",
        "ETC_MATTER" : " ",
        "MNTN_NM" : "기린공원",
        "PAST_SPOT_" : "4511030040101",
        "MNTN_ID" : "451103004"
      },
      "geometry" : {
        "x" : 216362.65170000121,
        "y" : 357594.82940000296
      }
    },
    {
      "attributes" : {
        "FID" : 101,
        "PMNTN_SPOT" : 14677,
        "MNTN_CODE" : "451103004",
        "MANAGE_SP1" : "01",
        "MANAGE_SP2" : "시종점",
        "DETAIL_SPO" : "시종점",
        "ETC_MATTER" : " ",
        "MNTN_NM" : "기린공원",
        "PAST_SPOT_" : "4511030040102",
        "MNTN_ID" : "451103004"
      },
      "geometry" : {
        "x" : 216407.03940000013,
        "y" : 357577.30220000073
      }
    },
    {
      "attributes" : {
        "FID" : 102,
        "PMNTN_SPOT" : 14678,
        "MNTN_CODE" : "451103004",
        "MANAGE_SP1" : "02",
        "MANAGE_SP2" : "분기점",
        "DETAIL_SPO" : "분기점",
        "ETC_MATTER" : " ",
        "MNTN_NM" : "기린공원",
        "PAST_SPOT_" : "4511030040103",
        "MNTN_ID" : "451103004"
      },
      "geometry" : {
        "x" : 216448.85449120868,
        "y" : 356434.91548229754
      }
    },
    {
      "attributes" : {
        "FID" : 103,
        "PMNTN_SPOT" : 14679,
        "MNTN_CODE" : "451103004",
        "MANAGE_SP1" : "01",
        "MANAGE_SP2" : "시종점",
        "DETAIL_SPO" : "시종점",
        "ETC_MATTER" : " ",
        "MNTN_NM" : "기린공원",
        "PAST_SPOT_" : "4511030040104",
        "MNTN_ID" : "451103004"
      },
      "geometry" : {
        "x" : 216482.76419291086,
        "y" : 355957.85101349838
      }
    },
    {
      "attributes" : {
        "FID" : 104,
        "PMNTN_SPOT" : 14680,
        "MNTN_CODE" : "451103004",
        "MANAGE_SP1" : "01",
        "MANAGE_SP2" : "시종점",
        "DETAIL_SPO" : "시종점",
        "ETC_MATTER" : " ",
        "MNTN_NM" : "기린공원",
        "PAST_SPOT_" : "4511030040105",
        "MNTN_ID" : "451103004"
      },
      "geometry" : {
        "x" : 216554.47350000124,
        "y" : 357529.60830000415
      }
    },
    {
      "attributes" : {
        "FID" : 105,
        "PMNTN_SPOT" : 14681,
        "MNTN_CODE" : "451103004",
        "MANAGE_SP1" : "01",
        "MANAGE_SP2" : "시종점",
        "DETAIL_SPO" : "시종점",
        "ETC_MATTER" : " ",
        "MNTN_NM" : "기린공원",
        "PAST_SPOT_" : "4511030040106",
        "MNTN_ID" : "451103004"
      },
      "geometry" : {
        "x" : 216938.96540000103,
        "y" : 356904.97809999995
      }
    },
    {
      "attributes" : {
        "FID" : 106,
        "PMNTN_SPOT" : 14682,
        "MNTN_CODE" : "451103004",
        "MANAGE_SP1" : "02",
        "MANAGE_SP2" : "분기점",
        "DETAIL_SPO" : "분기점",
        "ETC_MATTER" : " ",
        "MNTN_NM" : "기린공원",
        "PAST_SPOT_" : "4511030040107",
        "MNTN_ID" : "451103004"
      },
      "geometry" : {
        "x" : 216947.75,
        "y" : 356520.47749999911
      }
    },
    {
      "attributes" : {
        "FID" : 107,
        "PMNTN_SPOT" : 14683,
        "MNTN_CODE" : "451103004",
        "MANAGE_SP1" : "01",
        "MANAGE_SP2" : "시종점",
        "DETAIL_SPO" : "시종점",
        "ETC_MATTER" : " ",
        "MNTN_NM" : "기린공원",
        "PAST_SPOT_" : "4511030040108",
        "MNTN_ID" : "451103004"
      },
      "geometry" : {
        "x" : 216992.25710000005,
        "y" : 356448.56890000217
      }
    }
  ]
}