{
  "displayFieldName" : "",
  "fieldAliases" : {
    "FID" : "FID",
    "PMNTN_SPOT" : "PMNTN_SPOT",
    "MNTN_CODE" : "MNTN_CODE",
    "MANAGE_SP1" : "MANAGE_SP1",
    "MANAGE_SP2" : "MANAGE_SP2",
    "DETAIL_SPO" : "DETAIL_SPO",
    "ETC_MATTER" : "ETC_MATTER",
    "MNTN_NM" : "MNTN_NM",
    "PAST_SPOT_" : "PAST_SPOT_",
    "MNTN_ID" : "MNTN_ID"
  },
  "geometryType" : "esriGeometryPoint",
  "spatialReference" : {
    "wkt" : "PROJCS[\"PCS_ITRF2000_TM\",GEOGCS[\"GCS_ITRF_2000\",DATUM[\"D_ITRF_2000\",SPHEROID[\"GRS_1980\",6378137.0,298.257222101]],PRIMEM[\"Greenwich\",0.0],UNIT[\"Degree\",0.0174532925199433]],PROJECTION[\"Transverse_Mercator\"],PARAMETER[\"False_Easting\",200000.0],PARAMETER[\"False_Northing\",600000.0],PARAMETER[\"Central_Meridian\",127.0],PARAMETER[\"Scale_Factor\",1.0],PARAMETER[\"Latitude_Of_Origin\",38.0],UNIT[\"Meter\",1.0]]"
  },
  "fields" : [
    {
      "name" : "FID",
      "type" : "esriFieldTypeOID",
      "alias" : "FID"
    },
    {
      "name" : "PMNTN_SPOT",
      "type" : "esriFieldTypeDouble",
      "alias" : "PMNTN_SPOT"
    },
    {
      "name" : "MNTN_CODE",
      "type" : "esriFieldTypeString",
      "alias" : "MNTN_CODE",
      "length" : 9
    },
    {
      "name" : "MANAGE_SP1",
      "type" : "esriFieldTypeString",
      "alias" : "MANAGE_SP1",
      "length" : 2
    },
    {
      "name" : "MANAGE_SP2",
      "type" : "esriFieldTypeString",
      "alias" : "MANAGE_SP2",
      "length" : 50
    },
    {
      "name" : "DETAIL_SPO",
      "type" : "esriFieldTypeString",
      "alias" : "DETAIL_SPO",
      "length" : 200
    },
    {
      "name" : "ETC_MATTER",
      "type" : "esriFieldTypeString",
      "alias" : "ETC_MATTER",
      "length" : 200
    },
    {
      "name" : "MNTN_NM",
      "type" : "esriFieldTypeString",
      "alias" : "MNTN_NM",
      "length" : 50
    },
    {
      "name" : "PAST_SPOT_",
      "type" : "esriFieldTypeString",
      "alias" : "PAST_SPOT_",
      "length" : 14
    },
    {
      "name" : "MNTN_ID",
      "type" : "esriFieldTypeString",
      "alias" : "MNTN_ID",
      "length" : 10
    }
  ],
  "features" : [
    {
      "attributes" : {
        "FID" : 0,
        "PMNTN_SPOT" : 9632,
        "MNTN_CODE" : "412100201",
        "MANAGE_SP1" : "02",
        "MANAGE_SP2" : "분기점",
        "DETAIL_SPO" : "분기점",
        "ETC_MATTER" : " ",
        "MNTN_NM" : "구름산",
        "PAST_SPOT_" : "4121002010001",
        "MNTN_ID" : "412100201"
      },
      "geometry" : {
        "x" : 187296.94249999989,
        "y" : 537562.34000000171
      }
    },
    {
      "attributes" : {
        "FID" : 1,
        "PMNTN_SPOT" : 9633,
        "MNTN_CODE" : "412100201",
        "MANAGE_SP1" : "01",
        "MANAGE_SP2" : "시종점",
        "DETAIL_SPO" : "시종점",
        "ETC_MATTER" : " ",
        "MNTN_NM" : "구름산",
        "PAST_SPOT_" : "4121002010002",
        "MNTN_ID" : "412100201"
      },
      "geometry" : {
        "x" : 187303.63630000129,
        "y" : 538012.61870000325
      }
    },
    {
      "attributes" : {
        "FID" : 2,
        "PMNTN_SPOT" : 9634,
        "MNTN_CODE" : "412100201",
        "MANAGE_SP1" : "02",
        "MANAGE_SP2" : "분기점",
        "DETAIL_SPO" : "분기점",
        "ETC_MATTER" : " ",
        "MNTN_NM" : "구름산",
        "PAST_SPOT_" : "4121002010003",
        "MNTN_ID" : "412100201"
      },
      "geometry" : {
        "x" : 187317.65920000151,
        "y" : 537534.32600000128
      }
    },
    {
      "attributes" : {
        "FID" : 3,
        "PMNTN_SPOT" : 9635,
        "MNTN_CODE" : "412100201",
        "MANAGE_SP1" : "01",
        "MANAGE_SP2" : "시종점",
        "DETAIL_SPO" : "시종점",
        "ETC_MATTER" : " ",
        "MNTN_NM" : "구름산",
        "PAST_SPOT_" : "4121002010004",
        "MNTN_ID" : "412100201"
      },
      "geometry" : {
        "x" : 187376.35060000047,
        "y" : 537784.95490000024
      }
    },
    {
      "attributes" : {
        "FID" : 4,
        "PMNTN_SPOT" : 9636,
        "MNTN_CODE" : "412100201",
        "MANAGE_SP1" : "02",
        "MANAGE_SP2" : "분기점",
        "DETAIL_SPO" : "분기점",
        "ETC_MATTER" : " ",
        "MNTN_NM" : "구름산",
        "PAST_SPOT_" : "4121002010005",
        "MNTN_ID" : "412100201"
      },
      "geometry" : {
        "x" : 187524.87480000127,
        "y" : 538101.69510000199
      }
    },
    {
      "attributes" : {
        "FID" : 5,
        "PMNTN_SPOT" : 9637,
        "MNTN_CODE" : "412100201",
        "MANAGE_SP1" : "01",
        "MANAGE_SP2" : "시종점",
        "DETAIL_SPO" : "시종점",
        "ETC_MATTER" : " ",
        "MNTN_NM" : "구름산",
        "PAST_SPOT_" : "4121002010006",
        "MNTN_ID" : "412100201"
      },
      "geometry" : {
        "x" : 187327.11402167752,
        "y" : 539376.2017685771
      }
    },
    {
      "attributes" : {
        "FID" : 6,
        "PMNTN_SPOT" : 9638,
        "MNTN_CODE" : "412100201",
        "MANAGE_SP1" : "01",
        "MANAGE_SP2" : "시종점",
        "DETAIL_SPO" : "시종점",
        "ETC_MATTER" : " ",
        "MNTN_NM" : "구름산",
        "PAST_SPOT_" : "4121002010007",
        "MNTN_ID" : "412100201"
      },
      "geometry" : {
        "x" : 187560.69900000002,
        "y" : 537915.79660000093
      }
    },
    {
      "attributes" : {
        "FID" : 7,
        "PMNTN_SPOT" : 9639,
        "MNTN_CODE" : "412100201",
        "MANAGE_SP1" : "01",
        "MANAGE_SP2" : "시종점",
        "DETAIL_SPO" : "시종점",
        "ETC_MATTER" : " ",
        "MNTN_NM" : "구름산",
        "PAST_SPOT_" : "4121002010008",
        "MNTN_ID" : "412100201"
      },
      "geometry" : {
        "x" : 187578.08330000099,
        "y" : 536989.92679999955
      }
    },
    {
      "attributes" : {
        "FID" : 8,
        "PMNTN_SPOT" : 9640,
        "MNTN_CODE" : "412100201",
        "MANAGE_SP1" : "02",
        "MANAGE_SP2" : "분기점",
        "DETAIL_SPO" : "분기점",
        "ETC_MATTER" : " ",
        "MNTN_NM" : "구름산",
        "PAST_SPOT_" : "4121002010009",
        "MNTN_ID" : "412100201"
      },
      "geometry" : {
        "x" : 187597.76160000358,
        "y" : 537941.60740000382
      }
    },
    {
      "attributes" : {
        "FID" : 9,
        "PMNTN_SPOT" : 9641,
        "MNTN_CODE" : "412100201",
        "MANAGE_SP1" : "02",
        "MANAGE_SP2" : "분기점",
        "DETAIL_SPO" : "분기점",
        "ETC_MATTER" : " ",
        "MNTN_NM" : "구름산",
        "PAST_SPOT_" : "4121002010010",
        "MNTN_ID" : "412100201"
      },
      "geometry" : {
        "x" : 187606.3749000011,
        "y" : 537951.15630000085
      }
    },
    {
      "attributes" : {
        "FID" : 10,
        "PMNTN_SPOT" : 9642,
        "MNTN_CODE" : "412100201",
        "MANAGE_SP1" : "01",
        "MANAGE_SP2" : "시종점",
        "DETAIL_SPO" : "시종점",
        "ETC_MATTER" : " ",
        "MNTN_NM" : "구름산",
        "PAST_SPOT_" : "4121002010011",
        "MNTN_ID" : "412100201"
      },
      "geometry" : {
        "x" : 187612.98300000094,
        "y" : 537730.38230000064
      }
    },
    {
      "attributes" : {
        "FID" : 11,
        "PMNTN_SPOT" : 9643,
        "MNTN_CODE" : "412100201",
        "MANAGE_SP1" : "02",
        "MANAGE_SP2" : "분기점",
        "DETAIL_SPO" : "분기점",
        "ETC_MATTER" : " ",
        "MNTN_NM" : "구름산",
        "PAST_SPOT_" : "4121002010012",
        "MNTN_ID" : "412100201"
      },
      "geometry" : {
        "x" : 187777.30449999962,
        "y" : 538113.39050000533
      }
    },
    {
      "attributes" : {
        "FID" : 12,
        "PMNTN_SPOT" : 9644,
        "MNTN_CODE" : "412100201",
        "MANAGE_SP1" : "01",
        "MANAGE_SP2" : "시종점",
        "DETAIL_SPO" : "시종점",
        "ETC_MATTER" : " ",
        "MNTN_NM" : "구름산",
        "PAST_SPOT_" : "4121002010013",
        "MNTN_ID" : "412100201"
      },
      "geometry" : {
        "x" : 187777.64110000245,
        "y" : 537548.23560000397
      }
    },
    {
      "attributes" : {
        "FID" : 13,
        "PMNTN_SPOT" : 9645,
        "MNTN_CODE" : "412100201",
        "MANAGE_SP1" : "02",
        "MANAGE_SP2" : "분기점",
        "DETAIL_SPO" : "분기점",
        "ETC_MATTER" : " ",
        "MNTN_NM" : "구름산",
        "PAST_SPOT_" : "4121002010014",
        "MNTN_ID" : "412100201"
      },
      "geometry" : {
        "x" : 187793.52369999886,
        "y" : 538105.90150000155
      }
    },
    {
      "attributes" : {
        "FID" : 14,
        "PMNTN_SPOT" : 9646,
        "MNTN_CODE" : "412100201",
        "MANAGE_SP1" : "02",
        "MANAGE_SP2" : "분기점",
        "DETAIL_SPO" : "분기점",
        "ETC_MATTER" : " ",
        "MNTN_NM" : "구름산",
        "PAST_SPOT_" : "4121002010015",
        "MNTN_ID" : "412100201"
      },
      "geometry" : {
        "x" : 187806.14310000092,
        "y" : 537921.12180000171
      }
    },
    {
      "attributes" : {
        "FID" : 15,
        "PMNTN_SPOT" : 9647,
        "MNTN_CODE" : "412100201",
        "MANAGE_SP1" : "02",
        "MANAGE_SP2" : "분기점",
        "DETAIL_SPO" : "분기점",
        "ETC_MATTER" : " ",
        "MNTN_NM" : "구름산",
        "PAST_SPOT_" : "4121002010016",
        "MNTN_ID" : "412100201"
      },
      "geometry" : {
        "x" : 187814.85709999967,
        "y" : 537828.17259999923
      }
    },
    {
      "attributes" : {
        "FID" : 16,
        "PMNTN_SPOT" : 9648,
        "MNTN_CODE" : "412100201",
        "MANAGE_SP1" : "02",
        "MANAGE_SP2" : "분기점",
        "DETAIL_SPO" : "분기점",
        "ETC_MATTER" : " ",
        "MNTN_NM" : "구름산",
        "PAST_SPOT_" : "4121002010017",
        "MNTN_ID" : "412100201"
      },
      "geometry" : {
        "x" : 187836.79890000168,
        "y" : 538083.26910000108
      }
    },
    {
      "attributes" : {
        "FID" : 17,
        "PMNTN_SPOT" : 9649,
        "MNTN_CODE" : "412100201",
        "MANAGE_SP1" : "02",
        "MANAGE_SP2" : "분기점",
        "DETAIL_SPO" : "분기점",
        "ETC_MATTER" : " ",
        "MNTN_NM" : "구름산",
        "PAST_SPOT_" : "4121002010018",
        "MNTN_ID" : "412100201"
      },
      "geometry" : {
        "x" : 187853.47500000242,
        "y" : 537837.86900000274
      }
    },
    {
      "attributes" : {
        "FID" : 18,
        "PMNTN_SPOT" : 9650,
        "MNTN_CODE" : "412100201",
        "MANAGE_SP1" : "02",
        "MANAGE_SP2" : "분기점",
        "DETAIL_SPO" : "분기점",
        "ETC_MATTER" : " ",
        "MNTN_NM" : "구름산",
        "PAST_SPOT_" : "4121002010019",
        "MNTN_ID" : "412100201"
      },
      "geometry" : {
        "x" : 187865.77640000079,
        "y" : 537843.35460000113
      }
    },
    {
      "attributes" : {
        "FID" : 19,
        "PMNTN_SPOT" : 9651,
        "MNTN_CODE" : "412100201",
        "MANAGE_SP1" : "02",
        "MANAGE_SP2" : "분기점",
        "DETAIL_SPO" : "분기점",
        "ETC_MATTER" : " ",
        "MNTN_NM" : "구름산",
        "PAST_SPOT_" : "4121002010020",
        "MNTN_ID" : "412100201"
      },
      "geometry" : {
        "x" : 187872.26819999982,
        "y" : 538134.32020000182
      }
    },
    {
      "attributes" : {
        "FID" : 20,
        "PMNTN_SPOT" : 9652,
        "MNTN_CODE" : "412100201",
        "MANAGE_SP1" : "02",
        "MANAGE_SP2" : "분기점",
        "DETAIL_SPO" : "분기점",
        "ETC_MATTER" : " ",
        "MNTN_NM" : "구름산",
        "PAST_SPOT_" : "4121002010021",
        "MNTN_ID" : "412100201"
      },
      "geometry" : {
        "x" : 187885.52150000352,
        "y" : 537930.86170000397
      }
    },
    {
      "attributes" : {
        "FID" : 21,
        "PMNTN_SPOT" : 9653,
        "MNTN_CODE" : "412100201",
        "MANAGE_SP1" : "02",
        "MANAGE_SP2" : "분기점",
        "DETAIL_SPO" : "분기점",
        "ETC_MATTER" : " ",
        "MNTN_NM" : "구름산",
        "PAST_SPOT_" : "4121002010022",
        "MNTN_ID" : "412100201"
      },
      "geometry" : {
        "x" : 187886.50549999997,
        "y" : 537925.96290000342
      }
    },
    {
      "attributes" : {
        "FID" : 22,
        "PMNTN_SPOT" : 9654,
        "MNTN_CODE" : "412100201",
        "MANAGE_SP1" : "01",
        "MANAGE_SP2" : "시종점",
        "DETAIL_SPO" : "시종점",
        "ETC_MATTER" : " ",
        "MNTN_NM" : "구름산",
        "PAST_SPOT_" : "4121002010023",
        "MNTN_ID" : "412100201"
      },
      "geometry" : {
        "x" : 187897.53890000284,
        "y" : 537449.60840000212
      }
    },
    {
      "attributes" : {
        "FID" : 23,
        "PMNTN_SPOT" : 9655,
        "MNTN_CODE" : "412100201",
        "MANAGE_SP1" : "02",
        "MANAGE_SP2" : "분기점",
        "DETAIL_SPO" : "분기점",
        "ETC_MATTER" : " ",
        "MNTN_NM" : "구름산",
        "PAST_SPOT_" : "4121002010024",
        "MNTN_ID" : "412100201"
      },
      "geometry" : {
        "x" : 187969.28840000182,
        "y" : 537862.54450000077
      }
    },
    {
      "attributes" : {
        "FID" : 24,
        "PMNTN_SPOT" : 9656,
        "MNTN_CODE" : "412100201",
        "MANAGE_SP1" : "02",
        "MANAGE_SP2" : "분기점",
        "DETAIL_SPO" : "분기점",
        "ETC_MATTER" : " ",
        "MNTN_NM" : "구름산",
        "PAST_SPOT_" : "4121002010025",
        "MNTN_ID" : "412100201"
      },
      "geometry" : {
        "x" : 187993.25470000412,
        "y" : 538366.03590000048
      }
    },
    {
      "attributes" : {
        "FID" : 25,
        "PMNTN_SPOT" : 9657,
        "MNTN_CODE" : "412100201",
        "MANAGE_SP1" : "02",
        "MANAGE_SP2" : "분기점",
        "DETAIL_SPO" : "분기점",
        "ETC_MATTER" : " ",
        "MNTN_NM" : "구름산",
        "PAST_SPOT_" : "4121002010026",
        "MNTN_ID" : "412100201"
      },
      "geometry" : {
        "x" : 187995.44340000115,
        "y" : 538263.89650000446
      }
    },
    {
      "attributes" : {
        "FID" : 26,
        "PMNTN_SPOT" : 9658,
        "MNTN_CODE" : "412100201",
        "MANAGE_SP1" : "02",
        "MANAGE_SP2" : "분기점",
        "DETAIL_SPO" : "분기점",
        "ETC_MATTER" : " ",
        "MNTN_NM" : "구름산",
        "PAST_SPOT_" : "4121002010027",
        "MNTN_ID" : "412100201"
      },
      "geometry" : {
        "x" : 188000.08990000002,
        "y" : 538026.2949000001
      }
    },
    {
      "attributes" : {
        "FID" : 27,
        "PMNTN_SPOT" : 9659,
        "MNTN_CODE" : "412100201",
        "MANAGE_SP1" : "02",
        "MANAGE_SP2" : "분기점",
        "DETAIL_SPO" : "분기점",
        "ETC_MATTER" : " ",
        "MNTN_NM" : "구름산",
        "PAST_SPOT_" : "4121002010028",
        "MNTN_ID" : "412100201"
      },
      "geometry" : {
        "x" : 188026.47030000016,
        "y" : 538016.53720000014
      }
    },
    {
      "attributes" : {
        "FID" : 28,
        "PMNTN_SPOT" : 9660,
        "MNTN_CODE" : "412100201",
        "MANAGE_SP1" : "02",
        "MANAGE_SP2" : "분기점",
        "DETAIL_SPO" : "분기점",
        "ETC_MATTER" : " ",
        "MNTN_NM" : "구름산",
        "PAST_SPOT_" : "4121002010029",
        "MNTN_ID" : "412100201"
      },
      "geometry" : {
        "x" : 188031.19220000133,
        "y" : 538368.22460000403
      }
    },
    {
      "attributes" : {
        "FID" : 29,
        "PMNTN_SPOT" : 9661,
        "MNTN_CODE" : "412100201",
        "MANAGE_SP1" : "02",
        "MANAGE_SP2" : "분기점",
        "DETAIL_SPO" : "분기점",
        "ETC_MATTER" : " ",
        "MNTN_NM" : "구름산",
        "PAST_SPOT_" : "4121002010030",
        "MNTN_ID" : "412100201"
      },
      "geometry" : {
        "x" : 188037.53340000007,
        "y" : 538038.4525000006
      }
    },
    {
      "attributes" : {
        "FID" : 30,
        "PMNTN_SPOT" : 9662,
        "MNTN_CODE" : "412100201",
        "MANAGE_SP1" : "02",
        "MANAGE_SP2" : "분기점",
        "DETAIL_SPO" : "분기점",
        "ETC_MATTER" : " ",
        "MNTN_NM" : "구름산",
        "PAST_SPOT_" : "4121002010031",
        "MNTN_ID" : "412100201"
      },
      "geometry" : {
        "x" : 188045.78350000083,
        "y" : 538061.07689999975
      }
    },
    {
      "attributes" : {
        "FID" : 31,
        "PMNTN_SPOT" : 9663,
        "MNTN_CODE" : "412100201",
        "MANAGE_SP1" : "02",
        "MANAGE_SP2" : "분기점",
        "DETAIL_SPO" : "분기점",
        "ETC_MATTER" : " ",
        "MNTN_NM" : "구름산",
        "PAST_SPOT_" : "4121002010032",
        "MNTN_ID" : "412100201"
      },
      "geometry" : {
        "x" : 188057.3964999998,
        "y" : 537889.65460000001
      }
    },
    {
      "attributes" : {
        "FID" : 32,
        "PMNTN_SPOT" : 9664,
        "MNTN_CODE" : "412100201",
        "MANAGE_SP1" : "02",
        "MANAGE_SP2" : "분기점",
        "DETAIL_SPO" : "분기점",
        "ETC_MATTER" : " ",
        "MNTN_NM" : "구름산",
        "PAST_SPOT_" : "4121002010033",
        "MNTN_ID" : "412100201"
      },
      "geometry" : {
        "x" : 188062.00850000232,
        "y" : 537436.78299999982
      }
    },
    {
      "attributes" : {
        "FID" : 33,
        "PMNTN_SPOT" : 9665,
        "MNTN_CODE" : "412100201",
        "MANAGE_SP1" : "02",
        "MANAGE_SP2" : "분기점",
        "DETAIL_SPO" : "분기점",
        "ETC_MATTER" : " ",
        "MNTN_NM" : "구름산",
        "PAST_SPOT_" : "4121002010034",
        "MNTN_ID" : "412100201"
      },
      "geometry" : {
        "x" : 188088.91920000128,
        "y" : 538361.84090000018
      }
    },
    {
      "attributes" : {
        "FID" : 34,
        "PMNTN_SPOT" : 9666,
        "MNTN_CODE" : "412100201",
        "MANAGE_SP1" : "02",
        "MANAGE_SP2" : "분기점",
        "DETAIL_SPO" : "분기점",
        "ETC_MATTER" : " ",
        "MNTN_NM" : "구름산",
        "PAST_SPOT_" : "4121002010035",
        "MNTN_ID" : "412100201"
      },
      "geometry" : {
        "x" : 188153.25040000398,
        "y" : 537954.88859999925
      }
    },
    {
      "attributes" : {
        "FID" : 35,
        "PMNTN_SPOT" : 9667,
        "MNTN_CODE" : "412100201",
        "MANAGE_SP1" : "02",
        "MANAGE_SP2" : "분기점",
        "DETAIL_SPO" : "분기점",
        "ETC_MATTER" : " ",
        "MNTN_NM" : "구름산",
        "PAST_SPOT_" : "4121002010036",
        "MNTN_ID" : "412100201"
      },
      "geometry" : {
        "x" : 188156.15510000009,
        "y" : 537928.74660000019
      }
    },
    {
      "attributes" : {
        "FID" : 36,
        "PMNTN_SPOT" : 9668,
        "MNTN_CODE" : "412100201",
        "MANAGE_SP1" : "02",
        "MANAGE_SP2" : "분기점",
        "DETAIL_SPO" : "분기점",
        "ETC_MATTER" : " ",
        "MNTN_NM" : "구름산",
        "PAST_SPOT_" : "4121002010037",
        "MNTN_ID" : "412100201"
      },
      "geometry" : {
        "x" : 188159.54389999993,
        "y" : 537986.83990000375
      }
    },
    {
      "attributes" : {
        "FID" : 37,
        "PMNTN_SPOT" : 9669,
        "MNTN_CODE" : "412100201",
        "MANAGE_SP1" : "02",
        "MANAGE_SP2" : "분기점",
        "DETAIL_SPO" : "분기점",
        "ETC_MATTER" : " ",
        "MNTN_NM" : "구름산",
        "PAST_SPOT_" : "4121002010038",
        "MNTN_ID" : "412100201"
      },
      "geometry" : {
        "x" : 188160.1398,
        "y" : 537914.13200000301
      }
    },
    {
      "attributes" : {
        "FID" : 38,
        "PMNTN_SPOT" : 9670,
        "MNTN_CODE" : "412100201",
        "MANAGE_SP1" : "02",
        "MANAGE_SP2" : "분기점",
        "DETAIL_SPO" : "분기점",
        "ETC_MATTER" : " ",
        "MNTN_NM" : "구름산",
        "PAST_SPOT_" : "4121002010039",
        "MNTN_ID" : "412100201"
      },
      "geometry" : {
        "x" : 188165.0932,
        "y" : 538030.60880000144
      }
    },
    {
      "attributes" : {
        "FID" : 39,
        "PMNTN_SPOT" : 9671,
        "MNTN_CODE" : "412100201",
        "MANAGE_SP1" : "02",
        "MANAGE_SP2" : "분기점",
        "DETAIL_SPO" : "분기점",
        "ETC_MATTER" : " ",
        "MNTN_NM" : "구름산",
        "PAST_SPOT_" : "4121002010040",
        "MNTN_ID" : "412100201"
      },
      "geometry" : {
        "x" : 188167.33020000067,
        "y" : 537968.89829999954
      }
    },
    {
      "attributes" : {
        "FID" : 40,
        "PMNTN_SPOT" : 9672,
        "MNTN_CODE" : "412100201",
        "MANAGE_SP1" : "02",
        "MANAGE_SP2" : "분기점",
        "DETAIL_SPO" : "분기점",
        "ETC_MATTER" : " ",
        "MNTN_NM" : "구름산",
        "PAST_SPOT_" : "4121002010041",
        "MNTN_ID" : "412100201"
      },
      "geometry" : {
        "x" : 188171.47260000091,
        "y" : 537907.79890000075
      }
    },
    {
      "attributes" : {
        "FID" : 41,
        "PMNTN_SPOT" : 9673,
        "MNTN_CODE" : "412100201",
        "MANAGE_SP1" : "02",
        "MANAGE_SP2" : "분기점",
        "DETAIL_SPO" : "분기점",
        "ETC_MATTER" : " ",
        "MNTN_NM" : "구름산",
        "PAST_SPOT_" : "4121002010042",
        "MNTN_ID" : "412100201"
      },
      "geometry" : {
        "x" : 188182.22810000088,
        "y" : 538180.81279999949
      }
    },
    {
      "attributes" : {
        "FID" : 42,
        "PMNTN_SPOT" : 9674,
        "MNTN_CODE" : "412100201",
        "MANAGE_SP1" : "02",
        "MANAGE_SP2" : "분기점",
        "DETAIL_SPO" : "분기점",
        "ETC_MATTER" : " ",
        "MNTN_NM" : "구름산",
        "PAST_SPOT_" : "4121002010043",
        "MNTN_ID" : "412100201"
      },
      "geometry" : {
        "x" : 188185.45289999992,
        "y" : 537923.8505000025
      }
    },
    {
      "attributes" : {
        "FID" : 43,
        "PMNTN_SPOT" : 9675,
        "MNTN_CODE" : "412100201",
        "MANAGE_SP1" : "02",
        "MANAGE_SP2" : "분기점",
        "DETAIL_SPO" : "분기점",
        "ETC_MATTER" : " ",
        "MNTN_NM" : "구름산",
        "PAST_SPOT_" : "4121002010044",
        "MNTN_ID" : "412100201"
      },
      "geometry" : {
        "x" : 188253.7407999998,
        "y" : 537819.43280000426
      }
    },
    {
      "attributes" : {
        "FID" : 44,
        "PMNTN_SPOT" : 9676,
        "MNTN_CODE" : "412100201",
        "MANAGE_SP1" : "01",
        "MANAGE_SP2" : "시종점",
        "DETAIL_SPO" : "시종점",
        "ETC_MATTER" : " ",
        "MNTN_NM" : "구름산",
        "PAST_SPOT_" : "4121002010045",
        "MNTN_ID" : "412100201"
      },
      "geometry" : {
        "x" : 188256.90200000349,
        "y" : 539012.43250000104
      }
    },
    {
      "attributes" : {
        "FID" : 45,
        "PMNTN_SPOT" : 9677,
        "MNTN_CODE" : "412100201",
        "MANAGE_SP1" : "02",
        "MANAGE_SP2" : "분기점",
        "DETAIL_SPO" : "분기점",
        "ETC_MATTER" : " ",
        "MNTN_NM" : "구름산",
        "PAST_SPOT_" : "4121002010046",
        "MNTN_ID" : "412100201"
      },
      "geometry" : {
        "x" : 188264.88310000114,
        "y" : 537819.02810000069
      }
    },
    {
      "attributes" : {
        "FID" : 46,
        "PMNTN_SPOT" : 9678,
        "MNTN_CODE" : "412100201",
        "MANAGE_SP1" : "02",
        "MANAGE_SP2" : "분기점",
        "DETAIL_SPO" : "분기점",
        "ETC_MATTER" : " ",
        "MNTN_NM" : "구름산",
        "PAST_SPOT_" : "4121002010047",
        "MNTN_ID" : "412100201"
      },
      "geometry" : {
        "x" : 188265.1314000003,
        "y" : 537847.19920000248
      }
    },
    {
      "attributes" : {
        "FID" : 47,
        "PMNTN_SPOT" : 9679,
        "MNTN_CODE" : "412100201",
        "MANAGE_SP1" : "02",
        "MANAGE_SP2" : "분기점",
        "DETAIL_SPO" : "분기점",
        "ETC_MATTER" : " ",
        "MNTN_NM" : "구름산",
        "PAST_SPOT_" : "4121002010048",
        "MNTN_ID" : "412100201"
      },
      "geometry" : {
        "x" : 188285.24490000121,
        "y" : 537800.51439999975
      }
    },
    {
      "attributes" : {
        "FID" : 48,
        "PMNTN_SPOT" : 9680,
        "MNTN_CODE" : "412100201",
        "MANAGE_SP1" : "02",
        "MANAGE_SP2" : "분기점",
        "DETAIL_SPO" : "분기점",
        "ETC_MATTER" : " ",
        "MNTN_NM" : "구름산",
        "PAST_SPOT_" : "4121002010049",
        "MNTN_ID" : "412100201"
      },
      "geometry" : {
        "x" : 188299.61150000058,
        "y" : 537794.87080000155
      }
    },
    {
      "attributes" : {
        "FID" : 49,
        "PMNTN_SPOT" : 9681,
        "MNTN_CODE" : "412100201",
        "MANAGE_SP1" : "02",
        "MANAGE_SP2" : "분기점",
        "DETAIL_SPO" : "분기점",
        "ETC_MATTER" : " ",
        "MNTN_NM" : "구름산",
        "PAST_SPOT_" : "4121002010050",
        "MNTN_ID" : "412100201"
      },
      "geometry" : {
        "x" : 188326.36369999964,
        "y" : 538178.02280000225
      }
    },
    {
      "attributes" : {
        "FID" : 50,
        "PMNTN_SPOT" : 9682,
        "MNTN_CODE" : "412100201",
        "MANAGE_SP1" : "02",
        "MANAGE_SP2" : "분기점",
        "DETAIL_SPO" : "분기점",
        "ETC_MATTER" : " ",
        "MNTN_NM" : "구름산",
        "PAST_SPOT_" : "4121002010051",
        "MNTN_ID" : "412100201"
      },
      "geometry" : {
        "x" : 188331.97540000081,
        "y" : 538177.86120000109
      }
    },
    {
      "attributes" : {
        "FID" : 51,
        "PMNTN_SPOT" : 9683,
        "MNTN_CODE" : "412100201",
        "MANAGE_SP1" : "02",
        "MANAGE_SP2" : "분기점",
        "DETAIL_SPO" : "분기점",
        "ETC_MATTER" : " ",
        "MNTN_NM" : "구름산",
        "PAST_SPOT_" : "4121002010052",
        "MNTN_ID" : "412100201"
      },
      "geometry" : {
        "x" : 188343.78860000335,
        "y" : 538184.46110000275
      }
    },
    {
      "attributes" : {
        "FID" : 52,
        "PMNTN_SPOT" : 9684,
        "MNTN_CODE" : "412100201",
        "MANAGE_SP1" : "02",
        "MANAGE_SP2" : "분기점",
        "DETAIL_SPO" : "분기점",
        "ETC_MATTER" : " ",
        "MNTN_NM" : "구름산",
        "PAST_SPOT_" : "4121002010053",
        "MNTN_ID" : "412100201"
      },
      "geometry" : {
        "x" : 188353.59619999956,
        "y" : 538180.00779999979
      }
    },
    {
      "attributes" : {
        "FID" : 53,
        "PMNTN_SPOT" : 9685,
        "MNTN_CODE" : "412100201",
        "MANAGE_SP1" : "02",
        "MANAGE_SP2" : "분기점",
        "DETAIL_SPO" : "분기점",
        "ETC_MATTER" : " ",
        "MNTN_NM" : "구름산",
        "PAST_SPOT_" : "4121002010054",
        "MNTN_ID" : "412100201"
      },
      "geometry" : {
        "x" : 188383.14130000118,
        "y" : 538482.75239999965
      }
    },
    {
      "attributes" : {
        "FID" : 54,
        "PMNTN_SPOT" : 9686,
        "MNTN_CODE" : "412100201",
        "MANAGE_SP1" : "02",
        "MANAGE_SP2" : "분기점",
        "DETAIL_SPO" : "분기점",
        "ETC_MATTER" : " ",
        "MNTN_NM" : "구름산",
        "PAST_SPOT_" : "4121002010055",
        "MNTN_ID" : "412100201"
      },
      "geometry" : {
        "x" : 188409.01680000126,
        "y" : 538709.29730000161
      }
    },
    {
      "attributes" : {
        "FID" : 55,
        "PMNTN_SPOT" : 9687,
        "MNTN_CODE" : "412100201",
        "MANAGE_SP1" : "02",
        "MANAGE_SP2" : "분기점",
        "DETAIL_SPO" : "분기점",
        "ETC_MATTER" : " ",
        "MNTN_NM" : "구름산",
        "PAST_SPOT_" : "4121002010056",
        "MNTN_ID" : "412100201"
      },
      "geometry" : {
        "x" : 188475.89869999979,
        "y" : 538780.95720000006
      }
    },
    {
      "attributes" : {
        "FID" : 56,
        "PMNTN_SPOT" : 9688,
        "MNTN_CODE" : "412100201",
        "MANAGE_SP1" : "02",
        "MANAGE_SP2" : "분기점",
        "DETAIL_SPO" : "분기점",
        "ETC_MATTER" : " ",
        "MNTN_NM" : "구름산",
        "PAST_SPOT_" : "4121002010057",
        "MNTN_ID" : "412100201"
      },
      "geometry" : {
        "x" : 188480.65660000034,
        "y" : 538454.92850000411
      }
    },
    {
      "attributes" : {
        "FID" : 57,
        "PMNTN_SPOT" : 9689,
        "MNTN_CODE" : "412100201",
        "MANAGE_SP1" : "02",
        "MANAGE_SP2" : "분기점",
        "DETAIL_SPO" : "분기점",
        "ETC_MATTER" : " ",
        "MNTN_NM" : "구름산",
        "PAST_SPOT_" : "4121002010058",
        "MNTN_ID" : "412100201"
      },
      "geometry" : {
        "x" : 188481.79110000376,
        "y" : 538788.09060000256
      }
    },
    {
      "attributes" : {
        "FID" : 58,
        "PMNTN_SPOT" : 9690,
        "MNTN_CODE" : "412100201",
        "MANAGE_SP1" : "02",
        "MANAGE_SP2" : "분기점",
        "DETAIL_SPO" : "분기점",
        "ETC_MATTER" : " ",
        "MNTN_NM" : "구름산",
        "PAST_SPOT_" : "4121002010059",
        "MNTN_ID" : "412100201"
      },
      "geometry" : {
        "x" : 188544.16909999959,
        "y" : 538911.75220000185
      }
    },
    {
      "attributes" : {
        "FID" : 59,
        "PMNTN_SPOT" : 9691,
        "MNTN_CODE" : "412100201",
        "MANAGE_SP1" : "02",
        "MANAGE_SP2" : "분기점",
        "DETAIL_SPO" : "분기점",
        "ETC_MATTER" : " ",
        "MNTN_NM" : "구름산",
        "PAST_SPOT_" : "4121002010060",
        "MNTN_ID" : "412100201"
      },
      "geometry" : {
        "x" : 188568.36950000003,
        "y" : 539138.30389999971
      }
    },
    {
      "attributes" : {
        "FID" : 60,
        "PMNTN_SPOT" : 9692,
        "MNTN_CODE" : "412100201",
        "MANAGE_SP1" : "02",
        "MANAGE_SP2" : "분기점",
        "DETAIL_SPO" : "분기점",
        "ETC_MATTER" : " ",
        "MNTN_NM" : "구름산",
        "PAST_SPOT_" : "4121002010061",
        "MNTN_ID" : "412100201"
      },
      "geometry" : {
        "x" : 188587.38480000105,
        "y" : 538922.13489999995
      }
    },
    {
      "attributes" : {
        "FID" : 61,
        "PMNTN_SPOT" : 9693,
        "MNTN_CODE" : "412100201",
        "MANAGE_SP1" : "01",
        "MANAGE_SP2" : "시종점",
        "DETAIL_SPO" : "시종점",
        "ETC_MATTER" : " ",
        "MNTN_NM" : "구름산",
        "PAST_SPOT_" : "4121002010062",
        "MNTN_ID" : "412100201"
      },
      "geometry" : {
        "x" : 188599.4338000007,
        "y" : 539169.47180000134
      }
    },
    {
      "attributes" : {
        "FID" : 62,
        "PMNTN_SPOT" : 9694,
        "MNTN_CODE" : "412100201",
        "MANAGE_SP1" : "01",
        "MANAGE_SP2" : "시종점",
        "DETAIL_SPO" : "시종점",
        "ETC_MATTER" : " ",
        "MNTN_NM" : "구름산",
        "PAST_SPOT_" : "4121002010063",
        "MNTN_ID" : "412100201"
      },
      "geometry" : {
        "x" : 188613.6604000004,
        "y" : 539538.26800000295
      }
    },
    {
      "attributes" : {
        "FID" : 63,
        "PMNTN_SPOT" : 9695,
        "MNTN_CODE" : "412100201",
        "MANAGE_SP1" : "02",
        "MANAGE_SP2" : "분기점",
        "DETAIL_SPO" : "분기점",
        "ETC_MATTER" : " ",
        "MNTN_NM" : "구름산",
        "PAST_SPOT_" : "4121002010064",
        "MNTN_ID" : "412100201"
      },
      "geometry" : {
        "x" : 188638.99530000053,
        "y" : 537693.72420000099
      }
    },
    {
      "attributes" : {
        "FID" : 64,
        "PMNTN_SPOT" : 9696,
        "MNTN_CODE" : "412100201",
        "MANAGE_SP1" : "01",
        "MANAGE_SP2" : "시종점",
        "DETAIL_SPO" : "시종점",
        "ETC_MATTER" : " ",
        "MNTN_NM" : "구름산",
        "PAST_SPOT_" : "4121002010065",
        "MNTN_ID" : "412100201"
      },
      "geometry" : {
        "x" : 188661.71630000416,
        "y" : 538042.24420000054
      }
    },
    {
      "attributes" : {
        "FID" : 65,
        "PMNTN_SPOT" : 9697,
        "MNTN_CODE" : "412100201",
        "MANAGE_SP1" : "02",
        "MANAGE_SP2" : "분기점",
        "DETAIL_SPO" : "분기점",
        "ETC_MATTER" : " ",
        "MNTN_NM" : "구름산",
        "PAST_SPOT_" : "4121002010066",
        "MNTN_ID" : "412100201"
      },
      "geometry" : {
        "x" : 188684.51060000062,
        "y" : 538710.68210000359
      }
    },
    {
      "attributes" : {
        "FID" : 66,
        "PMNTN_SPOT" : 9698,
        "MNTN_CODE" : "412100201",
        "MANAGE_SP1" : "02",
        "MANAGE_SP2" : "분기점",
        "DETAIL_SPO" : "분기점",
        "ETC_MATTER" : " ",
        "MNTN_NM" : "구름산",
        "PAST_SPOT_" : "4121002010067",
        "MNTN_ID" : "412100201"
      },
      "geometry" : {
        "x" : 188692.3543000007,
        "y" : 538385.32740000077
      }
    },
    {
      "attributes" : {
        "FID" : 67,
        "PMNTN_SPOT" : 9699,
        "MNTN_CODE" : "412100201",
        "MANAGE_SP1" : "02",
        "MANAGE_SP2" : "분기점",
        "DETAIL_SPO" : "분기점",
        "ETC_MATTER" : " ",
        "MNTN_NM" : "구름산",
        "PAST_SPOT_" : "4121002010068",
        "MNTN_ID" : "412100201"
      },
      "geometry" : {
        "x" : 188756.83100000303,
        "y" : 537592.26090000197
      }
    },
    {
      "attributes" : {
        "FID" : 68,
        "PMNTN_SPOT" : 9700,
        "MNTN_CODE" : "412100201",
        "MANAGE_SP1" : "02",
        "MANAGE_SP2" : "분기점",
        "DETAIL_SPO" : "분기점",
        "ETC_MATTER" : " ",
        "MNTN_NM" : "구름산",
        "PAST_SPOT_" : "4121002010069",
        "MNTN_ID" : "412100201"
      },
      "geometry" : {
        "x" : 188757.14250000287,
        "y" : 537623.36200000159
      }
    },
    {
      "attributes" : {
        "FID" : 69,
        "PMNTN_SPOT" : 9701,
        "MNTN_CODE" : "412100201",
        "MANAGE_SP1" : "02",
        "MANAGE_SP2" : "분기점",
        "DETAIL_SPO" : "분기점",
        "ETC_MATTER" : " ",
        "MNTN_NM" : "구름산",
        "PAST_SPOT_" : "4121002010070",
        "MNTN_ID" : "412100201"
      },
      "geometry" : {
        "x" : 188810.35140000191,
        "y" : 537753.00549999997
      }
    },
    {
      "attributes" : {
        "FID" : 70,
        "PMNTN_SPOT" : 9702,
        "MNTN_CODE" : "412100201",
        "MANAGE_SP1" : "02",
        "MANAGE_SP2" : "분기점",
        "DETAIL_SPO" : "분기점",
        "ETC_MATTER" : " ",
        "MNTN_NM" : "구름산",
        "PAST_SPOT_" : "4121002010071",
        "MNTN_ID" : "412100201"
      },
      "geometry" : {
        "x" : 188817.18300000299,
        "y" : 539241.26900000311
      }
    },
    {
      "attributes" : {
        "FID" : 71,
        "PMNTN_SPOT" : 9703,
        "MNTN_CODE" : "412100201",
        "MANAGE_SP1" : "02",
        "MANAGE_SP2" : "분기점",
        "DETAIL_SPO" : "분기점",
        "ETC_MATTER" : " ",
        "MNTN_NM" : "구름산",
        "PAST_SPOT_" : "4121002010072",
        "MNTN_ID" : "412100201"
      },
      "geometry" : {
        "x" : 188821.96059999894,
        "y" : 539245.14269999973
      }
    },
    {
      "attributes" : {
        "FID" : 72,
        "PMNTN_SPOT" : 9704,
        "MNTN_CODE" : "412100201",
        "MANAGE_SP1" : "02",
        "MANAGE_SP2" : "분기점",
        "DETAIL_SPO" : "분기점",
        "ETC_MATTER" : " ",
        "MNTN_NM" : "구름산",
        "PAST_SPOT_" : "4121002010073",
        "MNTN_ID" : "412100201"
      },
      "geometry" : {
        "x" : 188825.91830000095,
        "y" : 539083.66650000028
      }
    },
    {
      "attributes" : {
        "FID" : 73,
        "PMNTN_SPOT" : 9705,
        "MNTN_CODE" : "412100201",
        "MANAGE_SP1" : "02",
        "MANAGE_SP2" : "분기점",
        "DETAIL_SPO" : "분기점",
        "ETC_MATTER" : " ",
        "MNTN_NM" : "구름산",
        "PAST_SPOT_" : "4121002010074",
        "MNTN_ID" : "412100201"
      },
      "geometry" : {
        "x" : 188839.42390000168,
        "y" : 537435.57290000096
      }
    },
    {
      "attributes" : {
        "FID" : 74,
        "PMNTN_SPOT" : 9706,
        "MNTN_CODE" : "412100201",
        "MANAGE_SP1" : "02",
        "MANAGE_SP2" : "분기점",
        "DETAIL_SPO" : "분기점",
        "ETC_MATTER" : " ",
        "MNTN_NM" : "구름산",
        "PAST_SPOT_" : "4121002010075",
        "MNTN_ID" : "412100201"
      },
      "geometry" : {
        "x" : 188851.33310000133,
        "y" : 537423.66369999945
      }
    },
    {
      "attributes" : {
        "FID" : 75,
        "PMNTN_SPOT" : 9707,
        "MNTN_CODE" : "412100201",
        "MANAGE_SP1" : "02",
        "MANAGE_SP2" : "분기점",
        "DETAIL_SPO" : "분기점",
        "ETC_MATTER" : " ",
        "MNTN_NM" : "구름산",
        "PAST_SPOT_" : "4121002010076",
        "MNTN_ID" : "412100201"
      },
      "geometry" : {
        "x" : 188861.43499999866,
        "y" : 538307.73990000039
      }
    },
    {
      "attributes" : {
        "FID" : 76,
        "PMNTN_SPOT" : 9708,
        "MNTN_CODE" : "412100201",
        "MANAGE_SP1" : "01",
        "MANAGE_SP2" : "시종점",
        "DETAIL_SPO" : "시종점",
        "ETC_MATTER" : " ",
        "MNTN_NM" : "구름산",
        "PAST_SPOT_" : "4121002010077",
        "MNTN_ID" : "412100201"
      },
      "geometry" : {
        "x" : 188868.51220000256,
        "y" : 537763.83960000053
      }
    },
    {
      "attributes" : {
        "FID" : 77,
        "PMNTN_SPOT" : 9709,
        "MNTN_CODE" : "412100201",
        "MANAGE_SP1" : "02",
        "MANAGE_SP2" : "분기점",
        "DETAIL_SPO" : "분기점",
        "ETC_MATTER" : " ",
        "MNTN_NM" : "구름산",
        "PAST_SPOT_" : "4121002010078",
        "MNTN_ID" : "412100201"
      },
      "geometry" : {
        "x" : 188872.61980000325,
        "y" : 539332.21319999918
      }
    },
    {
      "attributes" : {
        "FID" : 78,
        "PMNTN_SPOT" : 9710,
        "MNTN_CODE" : "412100201",
        "MANAGE_SP1" : "02",
        "MANAGE_SP2" : "분기점",
        "DETAIL_SPO" : "분기점",
        "ETC_MATTER" : " ",
        "MNTN_NM" : "구름산",
        "PAST_SPOT_" : "4121002010079",
        "MNTN_ID" : "412100201"
      },
      "geometry" : {
        "x" : 188873.74870000314,
        "y" : 537423.00679999962
      }
    },
    {
      "attributes" : {
        "FID" : 79,
        "PMNTN_SPOT" : 9711,
        "MNTN_CODE" : "412100201",
        "MANAGE_SP1" : "02",
        "MANAGE_SP2" : "분기점",
        "DETAIL_SPO" : "분기점",
        "ETC_MATTER" : " ",
        "MNTN_NM" : "구름산",
        "PAST_SPOT_" : "4121002010080",
        "MNTN_ID" : "412100201"
      },
      "geometry" : {
        "x" : 188875.76530000102,
        "y" : 538290.60650000162
      }
    },
    {
      "attributes" : {
        "FID" : 80,
        "PMNTN_SPOT" : 9712,
        "MNTN_CODE" : "412100201",
        "MANAGE_SP1" : "02",
        "MANAGE_SP2" : "분기점",
        "DETAIL_SPO" : "분기점",
        "ETC_MATTER" : " ",
        "MNTN_NM" : "구름산",
        "PAST_SPOT_" : "4121002010081",
        "MNTN_ID" : "412100201"
      },
      "geometry" : {
        "x" : 188881.32680000085,
        "y" : 538960.97620000131
      }
    },
    {
      "attributes" : {
        "FID" : 81,
        "PMNTN_SPOT" : 9713,
        "MNTN_CODE" : "412100201",
        "MANAGE_SP1" : "02",
        "MANAGE_SP2" : "분기점",
        "DETAIL_SPO" : "분기점",
        "ETC_MATTER" : " ",
        "MNTN_NM" : "구름산",
        "PAST_SPOT_" : "4121002010082",
        "MNTN_ID" : "412100201"
      },
      "geometry" : {
        "x" : 188892.38770000078,
        "y" : 538510.18159999885
      }
    },
    {
      "attributes" : {
        "FID" : 82,
        "PMNTN_SPOT" : 9714,
        "MNTN_CODE" : "412100201",
        "MANAGE_SP1" : "02",
        "MANAGE_SP2" : "분기점",
        "DETAIL_SPO" : "분기점",
        "ETC_MATTER" : " ",
        "MNTN_NM" : "구름산",
        "PAST_SPOT_" : "4121002010083",
        "MNTN_ID" : "412100201"
      },
      "geometry" : {
        "x" : 188897.47290000133,
        "y" : 538455.39189999923
      }
    },
    {
      "attributes" : {
        "FID" : 83,
        "PMNTN_SPOT" : 9715,
        "MNTN_CODE" : "412100201",
        "MANAGE_SP1" : "01",
        "MANAGE_SP2" : "시종점",
        "DETAIL_SPO" : "시종점",
        "ETC_MATTER" : " ",
        "MNTN_NM" : "구름산",
        "PAST_SPOT_" : "4121002010084",
        "MNTN_ID" : "412100201"
      },
      "geometry" : {
        "x" : 188910.87910000049,
        "y" : 537408.64770000242
      }
    },
    {
      "attributes" : {
        "FID" : 84,
        "PMNTN_SPOT" : 9716,
        "MNTN_CODE" : "412100201",
        "MANAGE_SP1" : "01",
        "MANAGE_SP2" : "시종점",
        "DETAIL_SPO" : "시종점",
        "ETC_MATTER" : " ",
        "MNTN_NM" : "구름산",
        "PAST_SPOT_" : "4121002010085",
        "MNTN_ID" : "412100201"
      },
      "geometry" : {
        "x" : 188911.43290000409,
        "y" : 538024.7685000021
      }
    },
    {
      "attributes" : {
        "FID" : 85,
        "PMNTN_SPOT" : 9717,
        "MNTN_CODE" : "412100201",
        "MANAGE_SP1" : "01",
        "MANAGE_SP2" : "시종점",
        "DETAIL_SPO" : "시종점",
        "ETC_MATTER" : " ",
        "MNTN_NM" : "구름산",
        "PAST_SPOT_" : "4121002010086",
        "MNTN_ID" : "412100201"
      },
      "geometry" : {
        "x" : 188911.91469999962,
        "y" : 537261.59490000084
      }
    },
    {
      "attributes" : {
        "FID" : 86,
        "PMNTN_SPOT" : 9718,
        "MNTN_CODE" : "412100201",
        "MANAGE_SP1" : "01",
        "MANAGE_SP2" : "시종점",
        "DETAIL_SPO" : "시종점",
        "ETC_MATTER" : " ",
        "MNTN_NM" : "구름산",
        "PAST_SPOT_" : "4121002010087",
        "MNTN_ID" : "412100201"
      },
      "geometry" : {
        "x" : 188912.9888000004,
        "y" : 539881.54890000075
      }
    },
    {
      "attributes" : {
        "FID" : 87,
        "PMNTN_SPOT" : 9719,
        "MNTN_CODE" : "412100201",
        "MANAGE_SP1" : "02",
        "MANAGE_SP2" : "분기점",
        "DETAIL_SPO" : "분기점",
        "ETC_MATTER" : " ",
        "MNTN_NM" : "구름산",
        "PAST_SPOT_" : "4121002010088",
        "MNTN_ID" : "412100201"
      },
      "geometry" : {
        "x" : 188948.21680000238,
        "y" : 538478.73150000162
      }
    },
    {
      "attributes" : {
        "FID" : 88,
        "PMNTN_SPOT" : 9720,
        "MNTN_CODE" : "412100201",
        "MANAGE_SP1" : "02",
        "MANAGE_SP2" : "분기점",
        "DETAIL_SPO" : "분기점",
        "ETC_MATTER" : " ",
        "MNTN_NM" : "구름산",
        "PAST_SPOT_" : "4121002010089",
        "MNTN_ID" : "412100201"
      },
      "geometry" : {
        "x" : 188950.19170000218,
        "y" : 539037.75660000183
      }
    },
    {
      "attributes" : {
        "FID" : 89,
        "PMNTN_SPOT" : 9721,
        "MNTN_CODE" : "412100201",
        "MANAGE_SP1" : "02",
        "MANAGE_SP2" : "분기점",
        "DETAIL_SPO" : "분기점",
        "ETC_MATTER" : " ",
        "MNTN_NM" : "구름산",
        "PAST_SPOT_" : "4121002010090",
        "MNTN_ID" : "412100201"
      },
      "geometry" : {
        "x" : 188977.1043999996,
        "y" : 539306.09200000204
      }
    },
    {
      "attributes" : {
        "FID" : 90,
        "PMNTN_SPOT" : 9722,
        "MNTN_CODE" : "412100201",
        "MANAGE_SP1" : "02",
        "MANAGE_SP2" : "분기점",
        "DETAIL_SPO" : "분기점",
        "ETC_MATTER" : " ",
        "MNTN_NM" : "구름산",
        "PAST_SPOT_" : "4121002010091",
        "MNTN_ID" : "412100201"
      },
      "geometry" : {
        "x" : 188983.33830000274,
        "y" : 539242.96120000258
      }
    },
    {
      "attributes" : {
        "FID" : 91,
        "PMNTN_SPOT" : 9723,
        "MNTN_CODE" : "412100201",
        "MANAGE_SP1" : "01",
        "MANAGE_SP2" : "시종점",
        "DETAIL_SPO" : "시종점",
        "ETC_MATTER" : " ",
        "MNTN_NM" : "구름산",
        "PAST_SPOT_" : "4121002010092",
        "MNTN_ID" : "412100201"
      },
      "geometry" : {
        "x" : 188986.60300000012,
        "y" : 539893.42210000008
      }
    },
    {
      "attributes" : {
        "FID" : 92,
        "PMNTN_SPOT" : 9724,
        "MNTN_CODE" : "412100201",
        "MANAGE_SP1" : "02",
        "MANAGE_SP2" : "분기점",
        "DETAIL_SPO" : "분기점",
        "ETC_MATTER" : " ",
        "MNTN_NM" : "구름산",
        "PAST_SPOT_" : "4121002010093",
        "MNTN_ID" : "412100201"
      },
      "geometry" : {
        "x" : 188994.51849999931,
        "y" : 539861.76010000147
      }
    },
    {
      "attributes" : {
        "FID" : 93,
        "PMNTN_SPOT" : 9725,
        "MNTN_CODE" : "412100201",
        "MANAGE_SP1" : "02",
        "MANAGE_SP2" : "분기점",
        "DETAIL_SPO" : "분기점",
        "ETC_MATTER" : " ",
        "MNTN_NM" : "구름산",
        "PAST_SPOT_" : "4121002010094",
        "MNTN_ID" : "412100201"
      },
      "geometry" : {
        "x" : 189011.71940000169,
        "y" : 539204.63620000146
      }
    },
    {
      "attributes" : {
        "FID" : 94,
        "PMNTN_SPOT" : 9726,
        "MNTN_CODE" : "412100201",
        "MANAGE_SP1" : "02",
        "MANAGE_SP2" : "분기점",
        "DETAIL_SPO" : "분기점",
        "ETC_MATTER" : " ",
        "MNTN_NM" : "구름산",
        "PAST_SPOT_" : "4121002010095",
        "MNTN_ID" : "412100201"
      },
      "geometry" : {
        "x" : 189012.57320000231,
        "y" : 539300.66580000147
      }
    },
    {
      "attributes" : {
        "FID" : 95,
        "PMNTN_SPOT" : 9727,
        "MNTN_CODE" : "412100201",
        "MANAGE_SP1" : "01",
        "MANAGE_SP2" : "시종점",
        "DETAIL_SPO" : "시종점",
        "ETC_MATTER" : " ",
        "MNTN_NM" : "구름산",
        "PAST_SPOT_" : "4121002010096",
        "MNTN_ID" : "412100201"
      },
      "geometry" : {
        "x" : 189034.63129999954,
        "y" : 537646.31410000101
      }
    },
    {
      "attributes" : {
        "FID" : 96,
        "PMNTN_SPOT" : 9728,
        "MNTN_CODE" : "412100201",
        "MANAGE_SP1" : "02",
        "MANAGE_SP2" : "분기점",
        "DETAIL_SPO" : "분기점",
        "ETC_MATTER" : " ",
        "MNTN_NM" : "구름산",
        "PAST_SPOT_" : "4121002010097",
        "MNTN_ID" : "412100201"
      },
      "geometry" : {
        "x" : 189036.00949999969,
        "y" : 539092.55750000104
      }
    },
    {
      "attributes" : {
        "FID" : 97,
        "PMNTN_SPOT" : 9729,
        "MNTN_CODE" : "412100201",
        "MANAGE_SP1" : "01",
        "MANAGE_SP2" : "시종점",
        "DETAIL_SPO" : "시종점",
        "ETC_MATTER" : " ",
        "MNTN_NM" : "구름산",
        "PAST_SPOT_" : "4121002010098",
        "MNTN_ID" : "412100201"
      },
      "geometry" : {
        "x" : 189052.06770000048,
        "y" : 538130.82780000195
      }
    },
    {
      "attributes" : {
        "FID" : 98,
        "PMNTN_SPOT" : 9730,
        "MNTN_CODE" : "412100201",
        "MANAGE_SP1" : "02",
        "MANAGE_SP2" : "분기점",
        "DETAIL_SPO" : "분기점",
        "ETC_MATTER" : " ",
        "MNTN_NM" : "구름산",
        "PAST_SPOT_" : "4121002010099",
        "MNTN_ID" : "412100201"
      },
      "geometry" : {
        "x" : 189059.22760000173,
        "y" : 539142.56869999878
      }
    },
    {
      "attributes" : {
        "FID" : 99,
        "PMNTN_SPOT" : 9731,
        "MNTN_CODE" : "412100201",
        "MANAGE_SP1" : "02",
        "MANAGE_SP2" : "분기점",
        "DETAIL_SPO" : "분기점",
        "ETC_MATTER" : " ",
        "MNTN_NM" : "구름산",
        "PAST_SPOT_" : "4121002010100",
        "MNTN_ID" : "412100201"
      },
      "geometry" : {
        "x" : 189071.6353000002,
        "y" : 539117.77110000141
      }
    },
    {
      "attributes" : {
        "FID" : 100,
        "PMNTN_SPOT" : 9732,
        "MNTN_CODE" : "412100201",
        "MANAGE_SP1" : "02",
        "MANAGE_SP2" : "분기점",
        "DETAIL_SPO" : "분기점",
        "ETC_MATTER" : " ",
        "MNTN_NM" : "구름산",
        "PAST_SPOT_" : "4121002010101",
        "MNTN_ID" : "412100201"
      },
      "geometry" : {
        "x" : 189074.40789999906,
        "y" : 539115.86050000228
      }
    },
    {
      "attributes" : {
        "FID" : 101,
        "PMNTN_SPOT" : 9733,
        "MNTN_CODE" : "412100201",
        "MANAGE_SP1" : "01",
        "MANAGE_SP2" : "시종점",
        "DETAIL_SPO" : "시종점",
        "ETC_MATTER" : " ",
        "MNTN_NM" : "구름산",
        "PAST_SPOT_" : "4121002010102",
        "MNTN_ID" : "412100201"
      },
      "geometry" : {
        "x" : 189089.49270000029,
        "y" : 538352.38450000249
      }
    },
    {
      "attributes" : {
        "FID" : 102,
        "PMNTN_SPOT" : 9734,
        "MNTN_CODE" : "412100201",
        "MANAGE_SP1" : "02",
        "MANAGE_SP2" : "분기점",
        "DETAIL_SPO" : "분기점",
        "ETC_MATTER" : " ",
        "MNTN_NM" : "구름산",
        "PAST_SPOT_" : "4121002010103",
        "MNTN_ID" : "412100201"
      },
      "geometry" : {
        "x" : 189102.04590000026,
        "y" : 539221.26900000311
      }
    },
    {
      "attributes" : {
        "FID" : 103,
        "PMNTN_SPOT" : 9735,
        "MNTN_CODE" : "412100201",
        "MANAGE_SP1" : "02",
        "MANAGE_SP2" : "분기점",
        "DETAIL_SPO" : "분기점",
        "ETC_MATTER" : " ",
        "MNTN_NM" : "구름산",
        "PAST_SPOT_" : "4121002010104",
        "MNTN_ID" : "412100201"
      },
      "geometry" : {
        "x" : 189111.59160000086,
        "y" : 539223.65660000406
      }
    },
    {
      "attributes" : {
        "FID" : 104,
        "PMNTN_SPOT" : 9736,
        "MNTN_CODE" : "412100201",
        "MANAGE_SP1" : "02",
        "MANAGE_SP2" : "분기점",
        "DETAIL_SPO" : "분기점",
        "ETC_MATTER" : " ",
        "MNTN_NM" : "구름산",
        "PAST_SPOT_" : "4121002010105",
        "MNTN_ID" : "412100201"
      },
      "geometry" : {
        "x" : 189113.20620000269,
        "y" : 539378.32789999805
      }
    },
    {
      "attributes" : {
        "FID" : 105,
        "PMNTN_SPOT" : 9737,
        "MNTN_CODE" : "412100201",
        "MANAGE_SP1" : "02",
        "MANAGE_SP2" : "분기점",
        "DETAIL_SPO" : "분기점",
        "ETC_MATTER" : " ",
        "MNTN_NM" : "구름산",
        "PAST_SPOT_" : "4121002010106",
        "MNTN_ID" : "412100201"
      },
      "geometry" : {
        "x" : 189123.83940000087,
        "y" : 539110.98629999906
      }
    },
    {
      "attributes" : {
        "FID" : 106,
        "PMNTN_SPOT" : 9738,
        "MNTN_CODE" : "412100201",
        "MANAGE_SP1" : "01",
        "MANAGE_SP2" : "시종점",
        "DETAIL_SPO" : "시종점",
        "ETC_MATTER" : " ",
        "MNTN_NM" : "구름산",
        "PAST_SPOT_" : "4121002010107",
        "MNTN_ID" : "412100201"
      },
      "geometry" : {
        "x" : 189124.17499999981,
        "y" : 538662.24020000175
      }
    },
    {
      "attributes" : {
        "FID" : 107,
        "PMNTN_SPOT" : 9739,
        "MNTN_CODE" : "412100201",
        "MANAGE_SP1" : "02",
        "MANAGE_SP2" : "분기점",
        "DETAIL_SPO" : "분기점",
        "ETC_MATTER" : " ",
        "MNTN_NM" : "구름산",
        "PAST_SPOT_" : "4121002010108",
        "MNTN_ID" : "412100201"
      },
      "geometry" : {
        "x" : 189126.50150000118,
        "y" : 539227.07420000061
      }
    },
    {
      "attributes" : {
        "FID" : 108,
        "PMNTN_SPOT" : 9740,
        "MNTN_CODE" : "412100201",
        "MANAGE_SP1" : "02",
        "MANAGE_SP2" : "분기점",
        "DETAIL_SPO" : "분기점",
        "ETC_MATTER" : " ",
        "MNTN_NM" : "구름산",
        "PAST_SPOT_" : "4121002010109",
        "MNTN_ID" : "412100201"
      },
      "geometry" : {
        "x" : 189132.85030000098,
        "y" : 539134.59370000102
      }
    },
    {
      "attributes" : {
        "FID" : 109,
        "PMNTN_SPOT" : 9741,
        "MNTN_CODE" : "412100201",
        "MANAGE_SP1" : "01",
        "MANAGE_SP2" : "시종점",
        "DETAIL_SPO" : "시종점",
        "ETC_MATTER" : " ",
        "MNTN_NM" : "구름산",
        "PAST_SPOT_" : "4121002010110",
        "MNTN_ID" : "412100201"
      },
      "geometry" : {
        "x" : 189133.83130000066,
        "y" : 539496.06400000118
      }
    },
    {
      "attributes" : {
        "FID" : 110,
        "PMNTN_SPOT" : 9742,
        "MNTN_CODE" : "412100201",
        "MANAGE_SP1" : "02",
        "MANAGE_SP2" : "분기점",
        "DETAIL_SPO" : "분기점",
        "ETC_MATTER" : " ",
        "MNTN_NM" : "구름산",
        "PAST_SPOT_" : "4121002010111",
        "MNTN_ID" : "412100201"
      },
      "geometry" : {
        "x" : 189136.22620000225,
        "y" : 539107.80740000121
      }
    },
    {
      "attributes" : {
        "FID" : 111,
        "PMNTN_SPOT" : 9743,
        "MNTN_CODE" : "412100201",
        "MANAGE_SP1" : "02",
        "MANAGE_SP2" : "분기점",
        "DETAIL_SPO" : "분기점",
        "ETC_MATTER" : " ",
        "MNTN_NM" : "구름산",
        "PAST_SPOT_" : "4121002010112",
        "MNTN_ID" : "412100201"
      },
      "geometry" : {
        "x" : 189147.32909999974,
        "y" : 539398.48730000295
      }
    },
    {
      "attributes" : {
        "FID" : 112,
        "PMNTN_SPOT" : 9744,
        "MNTN_CODE" : "412100201",
        "MANAGE_SP1" : "02",
        "MANAGE_SP2" : "분기점",
        "DETAIL_SPO" : "분기점",
        "ETC_MATTER" : " ",
        "MNTN_NM" : "구름산",
        "PAST_SPOT_" : "4121002010113",
        "MNTN_ID" : "412100201"
      },
      "geometry" : {
        "x" : 189148.25380000006,
        "y" : 539401.16740000062
      }
    },
    {
      "attributes" : {
        "FID" : 113,
        "PMNTN_SPOT" : 9745,
        "MNTN_CODE" : "412100201",
        "MANAGE_SP1" : "02",
        "MANAGE_SP2" : "분기점",
        "DETAIL_SPO" : "분기점",
        "ETC_MATTER" : " ",
        "MNTN_NM" : "구름산",
        "PAST_SPOT_" : "4121002010114",
        "MNTN_ID" : "412100201"
      },
      "geometry" : {
        "x" : 189154.48910000175,
        "y" : 539156.32840000279
      }
    },
    {
      "attributes" : {
        "FID" : 114,
        "PMNTN_SPOT" : 9746,
        "MNTN_CODE" : "412100201",
        "MANAGE_SP1" : "01",
        "MANAGE_SP2" : "시종점",
        "DETAIL_SPO" : "시종점",
        "ETC_MATTER" : " ",
        "MNTN_NM" : "구름산",
        "PAST_SPOT_" : "4121002010115",
        "MNTN_ID" : "412100201"
      },
      "geometry" : {
        "x" : 189206.6539000012,
        "y" : 538991.84670000337
      }
    },
    {
      "attributes" : {
        "FID" : 115,
        "PMNTN_SPOT" : 9747,
        "MNTN_CODE" : "412100201",
        "MANAGE_SP1" : "01",
        "MANAGE_SP2" : "시종점",
        "DETAIL_SPO" : "시종점",
        "ETC_MATTER" : " ",
        "MNTN_NM" : "구름산",
        "PAST_SPOT_" : "4121002010116",
        "MNTN_ID" : "412100201"
      },
      "geometry" : {
        "x" : 189247.02290000021,
        "y" : 539545.9317000024
      }
    },
    {
      "attributes" : {
        "FID" : 116,
        "PMNTN_SPOT" : 9748,
        "MNTN_CODE" : "412100201",
        "MANAGE_SP1" : "01",
        "MANAGE_SP2" : "시종점",
        "DETAIL_SPO" : "시종점",
        "ETC_MATTER" : " ",
        "MNTN_NM" : "구름산",
        "PAST_SPOT_" : "4121002010117",
        "MNTN_ID" : "412100201"
      },
      "geometry" : {
        "x" : 189252.7283000024,
        "y" : 539053.71190000139
      }
    },
    {
      "attributes" : {
        "FID" : 117,
        "PMNTN_SPOT" : 9749,
        "MNTN_CODE" : "412100201",
        "MANAGE_SP1" : "01",
        "MANAGE_SP2" : "시종점",
        "DETAIL_SPO" : "시종점",
        "ETC_MATTER" : " ",
        "MNTN_NM" : "구름산",
        "PAST_SPOT_" : "4121002010118",
        "MNTN_ID" : "412100201"
      },
      "geometry" : {
        "x" : 189342.80050000083,
        "y" : 539659.91490000114
      }
    },
    {
      "attributes" : {
        "FID" : 118,
        "PMNTN_SPOT" : 9750,
        "MNTN_CODE" : "412100201",
        "MANAGE_SP1" : "11",
        "MANAGE_SP2" : "안내판또는지도",
        "DETAIL_SPO" : "등산로안내도",
        "ETC_MATTER" : " ",
        "MNTN_NM" : "구름산",
        "PAST_SPOT_" : "4121002010119",
        "MNTN_ID" : "412100201"
      },
      "geometry" : {
        "x" : 188920.90580000449,
        "y" : 537414.96429999918
      }
    },
    {
      "attributes" : {
        "FID" : 119,
        "PMNTN_SPOT" : 9751,
        "MNTN_CODE" : "412100201",
        "MANAGE_SP1" : "99",
        "MANAGE_SP2" : "기타",
        "DETAIL_SPO" : "화장실",
        "ETC_MATTER" : " ",
        "MNTN_NM" : "구름산",
        "PAST_SPOT_" : "4121002010120",
        "MNTN_ID" : "412100201"
      },
      "geometry" : {
        "x" : 188918.58729999978,
        "y" : 537415.10060000047
      }
    },
    {
      "attributes" : {
        "FID" : 120,
        "PMNTN_SPOT" : 9752,
        "MNTN_CODE" : "412100201",
        "MANAGE_SP1" : "99",
        "MANAGE_SP2" : "기타",
        "DETAIL_SPO" : "송전",
        "ETC_MATTER" : " ",
        "MNTN_NM" : "구름산",
        "PAST_SPOT_" : "4121002010121",
        "MNTN_ID" : "412100201"
      },
      "geometry" : {
        "x" : 187281.87230000086,
        "y" : 537586.15870000236
      }
    },
    {
      "attributes" : {
        "FID" : 121,
        "PMNTN_SPOT" : 9753,
        "MNTN_CODE" : "412100201",
        "MANAGE_SP1" : "99",
        "MANAGE_SP2" : "기타",
        "DETAIL_SPO" : "쉼터",
        "ETC_MATTER" : " ",
        "MNTN_NM" : "구름산",
        "PAST_SPOT_" : "4121002010122",
        "MNTN_ID" : "412100201"
      },
      "geometry" : {
        "x" : 188766.43919999991,
        "y" : 537612.25130000152
      }
    },
    {
      "attributes" : {
        "FID" : 122,
        "PMNTN_SPOT" : 9754,
        "MNTN_CODE" : "412100201",
        "MANAGE_SP1" : "05",
        "MANAGE_SP2" : "벤치",
        "DETAIL_SPO" : "쉼터(의자)",
        "ETC_MATTER" : " ",
        "MNTN_NM" : "구름산",
        "PAST_SPOT_" : "4121002010123",
        "MNTN_ID" : "412100201"
      },
      "geometry" : {
        "x" : 189035.98529999983,
        "y" : 537642.4765000008
      }
    },
    {
      "attributes" : {
        "FID" : 123,
        "PMNTN_SPOT" : 9755,
        "MNTN_CODE" : "412100201",
        "MANAGE_SP1" : "06",
        "MANAGE_SP2" : "음수대",
        "DETAIL_SPO" : "약수터",
        "ETC_MATTER" : " ",
        "MNTN_NM" : "구름산",
        "PAST_SPOT_" : "4121002010124",
        "MNTN_ID" : "412100201"
      },
      "geometry" : {
        "x" : 188003.17120000068,
        "y" : 537667.34240000136
      }
    },
    {
      "attributes" : {
        "FID" : 124,
        "PMNTN_SPOT" : 9756,
        "MNTN_CODE" : "412100201",
        "MANAGE_SP1" : "99",
        "MANAGE_SP2" : "기타",
        "DETAIL_SPO" : "쉼터",
        "ETC_MATTER" : " ",
        "MNTN_NM" : "구름산",
        "PAST_SPOT_" : "4121002010125",
        "MNTN_ID" : "412100201"
      },
      "geometry" : {
        "x" : 188003.15720000025,
        "y" : 537669.88400000148
      }
    },
    {
      "attributes" : {
        "FID" : 125,
        "PMNTN_SPOT" : 9757,
        "MNTN_CODE" : "412100201",
        "MANAGE_SP1" : "16",
        "MANAGE_SP2" : "주요나무",
        "DETAIL_SPO" : "보호수",
        "ETC_MATTER" : " ",
        "MNTN_NM" : "구름산",
        "PAST_SPOT_" : "4121002010126",
        "MNTN_ID" : "412100201"
      },
      "geometry" : {
        "x" : 187607.82450000104,
        "y" : 537733.81880000234
      }
    },
    {
      "attributes" : {
        "FID" : 126,
        "PMNTN_SPOT" : 9758,
        "MNTN_CODE" : "412100201",
        "MANAGE_SP1" : "05",
        "MANAGE_SP2" : "벤치",
        "DETAIL_SPO" : "쉼터(의자)",
        "ETC_MATTER" : " ",
        "MNTN_NM" : "구름산",
        "PAST_SPOT_" : "4121002010127",
        "MNTN_ID" : "412100201"
      },
      "geometry" : {
        "x" : 188806.50160000101,
        "y" : 537754.96950000152
      }
    },
    {
      "attributes" : {
        "FID" : 127,
        "PMNTN_SPOT" : 9759,
        "MNTN_CODE" : "412100201",
        "MANAGE_SP1" : "05",
        "MANAGE_SP2" : "벤치",
        "DETAIL_SPO" : "쉼터(의자)",
        "ETC_MATTER" : " ",
        "MNTN_NM" : "구름산",
        "PAST_SPOT_" : "4121002010128",
        "MNTN_ID" : "412100201"
      },
      "geometry" : {
        "x" : 188828.83810000028,
        "y" : 537761.27650000155
      }
    },
    {
      "attributes" : {
        "FID" : 128,
        "PMNTN_SPOT" : 9760,
        "MNTN_CODE" : "412100201",
        "MANAGE_SP1" : "99",
        "MANAGE_SP2" : "기타",
        "DETAIL_SPO" : "쉼터",
        "ETC_MATTER" : " ",
        "MNTN_NM" : "구름산",
        "PAST_SPOT_" : "4121002010129",
        "MNTN_ID" : "412100201"
      },
      "geometry" : {
        "x" : 188382.92870000005,
        "y" : 537775.6213000007
      }
    },
    {
      "attributes" : {
        "FID" : 129,
        "PMNTN_SPOT" : 9761,
        "MNTN_CODE" : "412100201",
        "MANAGE_SP1" : "05",
        "MANAGE_SP2" : "벤치",
        "DETAIL_SPO" : "쉼터(의자)",
        "ETC_MATTER" : " ",
        "MNTN_NM" : "구름산",
        "PAST_SPOT_" : "4121002010130",
        "MNTN_ID" : "412100201"
      },
      "geometry" : {
        "x" : 188064.59340000339,
        "y" : 537890.66870000213
      }
    },
    {
      "attributes" : {
        "FID" : 130,
        "PMNTN_SPOT" : 9762,
        "MNTN_CODE" : "412100201",
        "MANAGE_SP1" : "06",
        "MANAGE_SP2" : "음수대",
        "DETAIL_SPO" : "천연약수터",
        "ETC_MATTER" : " ",
        "MNTN_NM" : "구름산",
        "PAST_SPOT_" : "4121002010131",
        "MNTN_ID" : "412100201"
      },
      "geometry" : {
        "x" : 188063.70190000348,
        "y" : 537898.38360000215
      }
    },
    {
      "attributes" : {
        "FID" : 131,
        "PMNTN_SPOT" : 9763,
        "MNTN_CODE" : "412100201",
        "MANAGE_SP1" : "05",
        "MANAGE_SP2" : "벤치",
        "DETAIL_SPO" : "쉼터(의자)",
        "ETC_MATTER" : " ",
        "MNTN_NM" : "구름산",
        "PAST_SPOT_" : "4121002010132",
        "MNTN_ID" : "412100201"
      },
      "geometry" : {
        "x" : 188060.11470000353,
        "y" : 537902.33990000188
      }
    },
    {
      "attributes" : {
        "FID" : 132,
        "PMNTN_SPOT" : 9764,
        "MNTN_CODE" : "412100201",
        "MANAGE_SP1" : "03",
        "MANAGE_SP2" : "정자",
        "DETAIL_SPO" : "쉼터(정자)",
        "ETC_MATTER" : " ",
        "MNTN_NM" : "구름산",
        "PAST_SPOT_" : "4121002010133",
        "MNTN_ID" : "412100201"
      },
      "geometry" : {
        "x" : 188168.37390000001,
        "y" : 537903.89320000075
      }
    },
    {
      "attributes" : {
        "FID" : 133,
        "PMNTN_SPOT" : 9765,
        "MNTN_CODE" : "412100201",
        "MANAGE_SP1" : "99",
        "MANAGE_SP2" : "기타",
        "DETAIL_SPO" : "쉼터",
        "ETC_MATTER" : " ",
        "MNTN_NM" : "구름산",
        "PAST_SPOT_" : "4121002010134",
        "MNTN_ID" : "412100201"
      },
      "geometry" : {
        "x" : 188160.57290000282,
        "y" : 537913.06069999933
      }
    },
    {
      "attributes" : {
        "FID" : 134,
        "PMNTN_SPOT" : 9766,
        "MNTN_CODE" : "412100201",
        "MANAGE_SP1" : "23",
        "MANAGE_SP2" : "정상",
        "DETAIL_SPO" : "구름산정상",
        "ETC_MATTER" : " ",
        "MNTN_NM" : "구름산",
        "PAST_SPOT_" : "4121002010135",
        "MNTN_ID" : "412100201"
      },
      "geometry" : {
        "x" : 188162.63910000026,
        "y" : 537916.01000000164
      }
    },
    {
      "attributes" : {
        "FID" : 135,
        "PMNTN_SPOT" : 9767,
        "MNTN_CODE" : "412100201",
        "MANAGE_SP1" : "11",
        "MANAGE_SP2" : "안내판또는지도",
        "DETAIL_SPO" : "등산로안내도",
        "ETC_MATTER" : " ",
        "MNTN_NM" : "구름산",
        "PAST_SPOT_" : "4121002010136",
        "MNTN_ID" : "412100201"
      },
      "geometry" : {
        "x" : 187603.18529999908,
        "y" : 537938.89510000125
      }
    },
    {
      "attributes" : {
        "FID" : 136,
        "PMNTN_SPOT" : 9768,
        "MNTN_CODE" : "412100201",
        "MANAGE_SP1" : "99",
        "MANAGE_SP2" : "기타",
        "DETAIL_SPO" : "쉼터",
        "ETC_MATTER" : " ",
        "MNTN_NM" : "구름산",
        "PAST_SPOT_" : "4121002010137",
        "MNTN_ID" : "412100201"
      },
      "geometry" : {
        "x" : 187757.08540000115,
        "y" : 537955.11370000616
      }
    },
    {
      "attributes" : {
        "FID" : 137,
        "PMNTN_SPOT" : 9769,
        "MNTN_CODE" : "412100201",
        "MANAGE_SP1" : "07",
        "MANAGE_SP2" : "시설물(운동기구 등)",
        "DETAIL_SPO" : "체육시설",
        "ETC_MATTER" : " ",
        "MNTN_NM" : "구름산",
        "PAST_SPOT_" : "4121002010138",
        "MNTN_ID" : "412100201"
      },
      "geometry" : {
        "x" : 187774.33279999997,
        "y" : 537960.80389999971
      }
    },
    {
      "attributes" : {
        "FID" : 138,
        "PMNTN_SPOT" : 9770,
        "MNTN_CODE" : "412100201",
        "MANAGE_SP1" : "06",
        "MANAGE_SP2" : "음수대",
        "DETAIL_SPO" : "애기능약수터",
        "ETC_MATTER" : " ",
        "MNTN_NM" : "구름산",
        "PAST_SPOT_" : "4121002010139",
        "MNTN_ID" : "412100201"
      },
      "geometry" : {
        "x" : 187776.99770000204,
        "y" : 537961.64350000024
      }
    },
    {
      "attributes" : {
        "FID" : 139,
        "PMNTN_SPOT" : 9771,
        "MNTN_CODE" : "412100201",
        "MANAGE_SP1" : "99",
        "MANAGE_SP2" : "기타",
        "DETAIL_SPO" : "쉼터",
        "ETC_MATTER" : " ",
        "MNTN_NM" : "구름산",
        "PAST_SPOT_" : "4121002010140",
        "MNTN_ID" : "412100201"
      },
      "geometry" : {
        "x" : 187774.34730000328,
        "y" : 537970.63730000705
      }
    },
    {
      "attributes" : {
        "FID" : 140,
        "PMNTN_SPOT" : 9772,
        "MNTN_CODE" : "412100201",
        "MANAGE_SP1" : "11",
        "MANAGE_SP2" : "안내판또는지도",
        "DETAIL_SPO" : "등산로안내도",
        "ETC_MATTER" : " ",
        "MNTN_NM" : "구름산",
        "PAST_SPOT_" : "4121002010141",
        "MNTN_ID" : "412100201"
      },
      "geometry" : {
        "x" : 188664.34140000027,
        "y" : 538046.34710000455
      }
    },
    {
      "attributes" : {
        "FID" : 141,
        "PMNTN_SPOT" : 9773,
        "MNTN_CODE" : "412100201",
        "MANAGE_SP1" : "06",
        "MANAGE_SP2" : "음수대",
        "DETAIL_SPO" : "진달래약수터",
        "ETC_MATTER" : " ",
        "MNTN_NM" : "구름산",
        "PAST_SPOT_" : "4121002010142",
        "MNTN_ID" : "412100201"
      },
      "geometry" : {
        "x" : 188045.27540000435,
        "y" : 538074.51220000163
      }
    },
    {
      "attributes" : {
        "FID" : 142,
        "PMNTN_SPOT" : 9774,
        "MNTN_CODE" : "412100201",
        "MANAGE_SP1" : "07",
        "MANAGE_SP2" : "시설물(운동기구 등)",
        "DETAIL_SPO" : "체육시설",
        "ETC_MATTER" : " ",
        "MNTN_NM" : "구름산",
        "PAST_SPOT_" : "4121002010143",
        "MNTN_ID" : "412100201"
      },
      "geometry" : {
        "x" : 188040.01900000032,
        "y" : 538074.60859999992
      }
    },
    {
      "attributes" : {
        "FID" : 143,
        "PMNTN_SPOT" : 9775,
        "MNTN_CODE" : "412100201",
        "MANAGE_SP1" : "05",
        "MANAGE_SP2" : "벤치",
        "DETAIL_SPO" : "쉼터(의자)",
        "ETC_MATTER" : " ",
        "MNTN_NM" : "구름산",
        "PAST_SPOT_" : "4121002010144",
        "MNTN_ID" : "412100201"
      },
      "geometry" : {
        "x" : 188037.12370000035,
        "y" : 538079.66270000115
      }
    },
    {
      "attributes" : {
        "FID" : 144,
        "PMNTN_SPOT" : 9776,
        "MNTN_CODE" : "412100201",
        "MANAGE_SP1" : "05",
        "MANAGE_SP2" : "벤치",
        "DETAIL_SPO" : "쉼터(의자)",
        "ETC_MATTER" : " ",
        "MNTN_NM" : "구름산",
        "PAST_SPOT_" : "4121002010145",
        "MNTN_ID" : "412100201"
      },
      "geometry" : {
        "x" : 188037.46549999993,
        "y" : 538095.65530000068
      }
    },
    {
      "attributes" : {
        "FID" : 145,
        "PMNTN_SPOT" : 9777,
        "MNTN_CODE" : "412100201",
        "MANAGE_SP1" : "99",
        "MANAGE_SP2" : "기타",
        "DETAIL_SPO" : "쉼터",
        "ETC_MATTER" : " ",
        "MNTN_NM" : "구름산",
        "PAST_SPOT_" : "4121002010146",
        "MNTN_ID" : "412100201"
      },
      "geometry" : {
        "x" : 188182.95710000116,
        "y" : 538119.56310000084
      }
    },
    {
      "attributes" : {
        "FID" : 146,
        "PMNTN_SPOT" : 9778,
        "MNTN_CODE" : "412100201",
        "MANAGE_SP1" : "99",
        "MANAGE_SP2" : "기타",
        "DETAIL_SPO" : "쉼터",
        "ETC_MATTER" : " ",
        "MNTN_NM" : "구름산",
        "PAST_SPOT_" : "4121002010147",
        "MNTN_ID" : "412100201"
      },
      "geometry" : {
        "x" : 188182.1941000009,
        "y" : 538130.58510000259
      }
    },
    {
      "attributes" : {
        "FID" : 147,
        "PMNTN_SPOT" : 9779,
        "MNTN_CODE" : "412100201",
        "MANAGE_SP1" : "99",
        "MANAGE_SP2" : "기타",
        "DETAIL_SPO" : "쉼터",
        "ETC_MATTER" : " ",
        "MNTN_NM" : "구름산",
        "PAST_SPOT_" : "4121002010148",
        "MNTN_ID" : "412100201"
      },
      "geometry" : {
        "x" : 188185.22869999986,
        "y" : 538179.51460000128
      }
    },
    {
      "attributes" : {
        "FID" : 148,
        "PMNTN_SPOT" : 9780,
        "MNTN_CODE" : "412100201",
        "MANAGE_SP1" : "05",
        "MANAGE_SP2" : "벤치",
        "DETAIL_SPO" : "쉼터(의자)",
        "ETC_MATTER" : " ",
        "MNTN_NM" : "구름산",
        "PAST_SPOT_" : "4121002010149",
        "MNTN_ID" : "412100201"
      },
      "geometry" : {
        "x" : 188351.73610000033,
        "y" : 538185.03810000233
      }
    },
    {
      "attributes" : {
        "FID" : 149,
        "PMNTN_SPOT" : 9781,
        "MNTN_CODE" : "412100201",
        "MANAGE_SP1" : "06",
        "MANAGE_SP2" : "음수대",
        "DETAIL_SPO" : "약수터",
        "ETC_MATTER" : " ",
        "MNTN_NM" : "구름산",
        "PAST_SPOT_" : "4121002010150",
        "MNTN_ID" : "412100201"
      },
      "geometry" : {
        "x" : 188347.24109999929,
        "y" : 538185.37740000151
      }
    },
    {
      "attributes" : {
        "FID" : 150,
        "PMNTN_SPOT" : 9782,
        "MNTN_CODE" : "412100201",
        "MANAGE_SP1" : "07",
        "MANAGE_SP2" : "시설물(운동기구 등)",
        "DETAIL_SPO" : "체육시설(배드민턴장)",
        "ETC_MATTER" : " ",
        "MNTN_NM" : "구름산",
        "PAST_SPOT_" : "4121002010151",
        "MNTN_ID" : "412100201"
      },
      "geometry" : {
        "x" : 188355.23840000294,
        "y" : 538202.46910000034
      }
    },
    {
      "attributes" : {
        "FID" : 151,
        "PMNTN_SPOT" : 9783,
        "MNTN_CODE" : "412100201",
        "MANAGE_SP1" : "03",
        "MANAGE_SP2" : "정자",
        "DETAIL_SPO" : "쉼터(정자)",
        "ETC_MATTER" : " ",
        "MNTN_NM" : "구름산",
        "PAST_SPOT_" : "4121002010152",
        "MNTN_ID" : "412100201"
      },
      "geometry" : {
        "x" : 188363.15590000059,
        "y" : 538206.90850000083
      }
    },
    {
      "attributes" : {
        "FID" : 152,
        "PMNTN_SPOT" : 9784,
        "MNTN_CODE" : "412100201",
        "MANAGE_SP1" : "07",
        "MANAGE_SP2" : "시설물(운동기구 등)",
        "DETAIL_SPO" : "체육시설",
        "ETC_MATTER" : " ",
        "MNTN_NM" : "구름산",
        "PAST_SPOT_" : "4121002010153",
        "MNTN_ID" : "412100201"
      },
      "geometry" : {
        "x" : 188377.56030000374,
        "y" : 538211.605100004
      }
    },
    {
      "attributes" : {
        "FID" : 153,
        "PMNTN_SPOT" : 9785,
        "MNTN_CODE" : "412100201",
        "MANAGE_SP1" : "06",
        "MANAGE_SP2" : "음수대",
        "DETAIL_SPO" : "새미약수터",
        "ETC_MATTER" : " ",
        "MNTN_NM" : "구름산",
        "PAST_SPOT_" : "4121002010154",
        "MNTN_ID" : "412100201"
      },
      "geometry" : {
        "x" : 187994.29430000205,
        "y" : 538275.56020000018
      }
    },
    {
      "attributes" : {
        "FID" : 154,
        "PMNTN_SPOT" : 9786,
        "MNTN_CODE" : "412100201",
        "MANAGE_SP1" : "05",
        "MANAGE_SP2" : "벤치",
        "DETAIL_SPO" : "쉼터(의자)",
        "ETC_MATTER" : " ",
        "MNTN_NM" : "구름산",
        "PAST_SPOT_" : "4121002010155",
        "MNTN_ID" : "412100201"
      },
      "geometry" : {
        "x" : 187996.43710000347,
        "y" : 538282.51590000093
      }
    },
    {
      "attributes" : {
        "FID" : 155,
        "PMNTN_SPOT" : 9787,
        "MNTN_CODE" : "412100201",
        "MANAGE_SP1" : "07",
        "MANAGE_SP2" : "시설물(운동기구 등)",
        "DETAIL_SPO" : "체육시설",
        "ETC_MATTER" : " ",
        "MNTN_NM" : "구름산",
        "PAST_SPOT_" : "4121002010156",
        "MNTN_ID" : "412100201"
      },
      "geometry" : {
        "x" : 187997.02100000065,
        "y" : 538288.47509999759
      }
    },
    {
      "attributes" : {
        "FID" : 156,
        "PMNTN_SPOT" : 9788,
        "MNTN_CODE" : "412100201",
        "MANAGE_SP1" : "05",
        "MANAGE_SP2" : "벤치",
        "DETAIL_SPO" : "쉼터(의자)",
        "ETC_MATTER" : " ",
        "MNTN_NM" : "구름산",
        "PAST_SPOT_" : "4121002010157",
        "MNTN_ID" : "412100201"
      },
      "geometry" : {
        "x" : 187995.6632000003,
        "y" : 538297.98860000446
      }
    },
    {
      "attributes" : {
        "FID" : 157,
        "PMNTN_SPOT" : 9789,
        "MNTN_CODE" : "412100201",
        "MANAGE_SP1" : "99",
        "MANAGE_SP2" : "기타",
        "DETAIL_SPO" : "쉼터",
        "ETC_MATTER" : " ",
        "MNTN_NM" : "구름산",
        "PAST_SPOT_" : "4121002010158",
        "MNTN_ID" : "412100201"
      },
      "geometry" : {
        "x" : 188477.00960000325,
        "y" : 538453.28270000033
      }
    },
    {
      "attributes" : {
        "FID" : 158,
        "PMNTN_SPOT" : 9790,
        "MNTN_CODE" : "412100201",
        "MANAGE_SP1" : "99",
        "MANAGE_SP2" : "기타",
        "DETAIL_SPO" : "쉼터",
        "ETC_MATTER" : " ",
        "MNTN_NM" : "구름산",
        "PAST_SPOT_" : "4121002010159",
        "MNTN_ID" : "412100201"
      },
      "geometry" : {
        "x" : 188902.09730000142,
        "y" : 538459.24799999967
      }
    },
    {
      "attributes" : {
        "FID" : 159,
        "PMNTN_SPOT" : 9791,
        "MNTN_CODE" : "412100201",
        "MANAGE_SP1" : "05",
        "MANAGE_SP2" : "벤치",
        "DETAIL_SPO" : "쉼터(의자)",
        "ETC_MATTER" : " ",
        "MNTN_NM" : "구름산",
        "PAST_SPOT_" : "4121002010160",
        "MNTN_ID" : "412100201"
      },
      "geometry" : {
        "x" : 188355.77600000333,
        "y" : 538470.57800000161
      }
    },
    {
      "attributes" : {
        "FID" : 160,
        "PMNTN_SPOT" : 9792,
        "MNTN_CODE" : "412100201",
        "MANAGE_SP1" : "99",
        "MANAGE_SP2" : "기타",
        "DETAIL_SPO" : "산불감시초소",
        "ETC_MATTER" : " ",
        "MNTN_NM" : "구름산",
        "PAST_SPOT_" : "4121002010161",
        "MNTN_ID" : "412100201"
      },
      "geometry" : {
        "x" : 188362.64830000233,
        "y" : 538474.41960000247
      }
    },
    {
      "attributes" : {
        "FID" : 161,
        "PMNTN_SPOT" : 9793,
        "MNTN_CODE" : "412100201",
        "MANAGE_SP1" : "99",
        "MANAGE_SP2" : "기타",
        "DETAIL_SPO" : "송전",
        "ETC_MATTER" : " ",
        "MNTN_NM" : "구름산",
        "PAST_SPOT_" : "4121002010162",
        "MNTN_ID" : "412100201"
      },
      "geometry" : {
        "x" : 188954.46320000011,
        "y" : 538483.87220000103
      }
    },
    {
      "attributes" : {
        "FID" : 162,
        "PMNTN_SPOT" : 9794,
        "MNTN_CODE" : "412100201",
        "MANAGE_SP1" : "05",
        "MANAGE_SP2" : "벤치",
        "DETAIL_SPO" : "쉼터(의자)",
        "ETC_MATTER" : " ",
        "MNTN_NM" : "구름산",
        "PAST_SPOT_" : "4121002010163",
        "MNTN_ID" : "412100201"
      },
      "geometry" : {
        "x" : 188397.86670000292,
        "y" : 538492.94910000078
      }
    },
    {
      "attributes" : {
        "FID" : 163,
        "PMNTN_SPOT" : 9795,
        "MNTN_CODE" : "412100201",
        "MANAGE_SP1" : "99",
        "MANAGE_SP2" : "기타",
        "DETAIL_SPO" : "쉼터",
        "ETC_MATTER" : " ",
        "MNTN_NM" : "구름산",
        "PAST_SPOT_" : "4121002010164",
        "MNTN_ID" : "412100201"
      },
      "geometry" : {
        "x" : 188411.62390000001,
        "y" : 538528.65630000271
      }
    },
    {
      "attributes" : {
        "FID" : 164,
        "PMNTN_SPOT" : 9796,
        "MNTN_CODE" : "412100201",
        "MANAGE_SP1" : "99",
        "MANAGE_SP2" : "기타",
        "DETAIL_SPO" : "쉼터",
        "ETC_MATTER" : " ",
        "MNTN_NM" : "구름산",
        "PAST_SPOT_" : "4121002010165",
        "MNTN_ID" : "412100201"
      },
      "geometry" : {
        "x" : 188267.60450000409,
        "y" : 538594.88560000807
      }
    },
    {
      "attributes" : {
        "FID" : 165,
        "PMNTN_SPOT" : 9797,
        "MNTN_CODE" : "412100201",
        "MANAGE_SP1" : "99",
        "MANAGE_SP2" : "기타",
        "DETAIL_SPO" : "송전",
        "ETC_MATTER" : " ",
        "MNTN_NM" : "구름산",
        "PAST_SPOT_" : "4121002010166",
        "MNTN_ID" : "412100201"
      },
      "geometry" : {
        "x" : 188765.58170000091,
        "y" : 538626.6782000009
      }
    },
    {
      "attributes" : {
        "FID" : 166,
        "PMNTN_SPOT" : 9798,
        "MNTN_CODE" : "412100201",
        "MANAGE_SP1" : "99",
        "MANAGE_SP2" : "기타",
        "DETAIL_SPO" : "화장실",
        "ETC_MATTER" : " ",
        "MNTN_NM" : "구름산",
        "PAST_SPOT_" : "4121002010167",
        "MNTN_ID" : "412100201"
      },
      "geometry" : {
        "x" : 188930.76070000045,
        "y" : 538691.15990000032
      }
    },
    {
      "attributes" : {
        "FID" : 167,
        "PMNTN_SPOT" : 9799,
        "MNTN_CODE" : "412100201",
        "MANAGE_SP1" : "07",
        "MANAGE_SP2" : "시설물(운동기구 등)",
        "DETAIL_SPO" : "체육시설(배드민턴장)",
        "ETC_MATTER" : " ",
        "MNTN_NM" : "구름산",
        "PAST_SPOT_" : "4121002010168",
        "MNTN_ID" : "412100201"
      },
      "geometry" : {
        "x" : 188862.79870000202,
        "y" : 538714.69170000404
      }
    },
    {
      "attributes" : {
        "FID" : 168,
        "PMNTN_SPOT" : 9800,
        "MNTN_CODE" : "412100201",
        "MANAGE_SP1" : "07",
        "MANAGE_SP2" : "시설물(운동기구 등)",
        "DETAIL_SPO" : "국기대",
        "ETC_MATTER" : " ",
        "MNTN_NM" : "구름산",
        "PAST_SPOT_" : "4121002010169",
        "MNTN_ID" : "412100201"
      },
      "geometry" : {
        "x" : 188820.66070000082,
        "y" : 538720.95280000009
      }
    },
    {
      "attributes" : {
        "FID" : 169,
        "PMNTN_SPOT" : 9801,
        "MNTN_CODE" : "412100201",
        "MANAGE_SP1" : "07",
        "MANAGE_SP2" : "시설물(운동기구 등)",
        "DETAIL_SPO" : "체육시설(배드민턴장)",
        "ETC_MATTER" : " ",
        "MNTN_NM" : "구름산",
        "PAST_SPOT_" : "4121002010170",
        "MNTN_ID" : "412100201"
      },
      "geometry" : {
        "x" : 188837.67769999895,
        "y" : 538721.58459999971
      }
    },
    {
      "attributes" : {
        "FID" : 170,
        "PMNTN_SPOT" : 9802,
        "MNTN_CODE" : "412100201",
        "MANAGE_SP1" : "11",
        "MANAGE_SP2" : "안내판또는지도",
        "DETAIL_SPO" : "등산로안내도",
        "ETC_MATTER" : " ",
        "MNTN_NM" : "구름산",
        "PAST_SPOT_" : "4121002010171",
        "MNTN_ID" : "412100201"
      },
      "geometry" : {
        "x" : 188820.76219999883,
        "y" : 538724.04920000397
      }
    },
    {
      "attributes" : {
        "FID" : 171,
        "PMNTN_SPOT" : 9803,
        "MNTN_CODE" : "412100201",
        "MANAGE_SP1" : "07",
        "MANAGE_SP2" : "시설물(운동기구 등)",
        "DETAIL_SPO" : "체육시설",
        "ETC_MATTER" : " ",
        "MNTN_NM" : "구름산",
        "PAST_SPOT_" : "4121002010172",
        "MNTN_ID" : "412100201"
      },
      "geometry" : {
        "x" : 188815.75519999862,
        "y" : 538725.0438000001
      }
    },
    {
      "attributes" : {
        "FID" : 172,
        "PMNTN_SPOT" : 9804,
        "MNTN_CODE" : "412100201",
        "MANAGE_SP1" : "05",
        "MANAGE_SP2" : "벤치",
        "DETAIL_SPO" : "쉼터(의자)",
        "ETC_MATTER" : " ",
        "MNTN_NM" : "구름산",
        "PAST_SPOT_" : "4121002010173",
        "MNTN_ID" : "412100201"
      },
      "geometry" : {
        "x" : 188887.79600000381,
        "y" : 538727.52129999921
      }
    },
    {
      "attributes" : {
        "FID" : 173,
        "PMNTN_SPOT" : 9805,
        "MNTN_CODE" : "412100201",
        "MANAGE_SP1" : "03",
        "MANAGE_SP2" : "정자",
        "DETAIL_SPO" : "쉼터(정자)",
        "ETC_MATTER" : " ",
        "MNTN_NM" : "구름산",
        "PAST_SPOT_" : "4121002010174",
        "MNTN_ID" : "412100201"
      },
      "geometry" : {
        "x" : 188778.8703999985,
        "y" : 538729.04500000179
      }
    },
    {
      "attributes" : {
        "FID" : 174,
        "PMNTN_SPOT" : 9806,
        "MNTN_CODE" : "412100201",
        "MANAGE_SP1" : "06",
        "MANAGE_SP2" : "음수대",
        "DETAIL_SPO" : "가리대약수터",
        "ETC_MATTER" : " ",
        "MNTN_NM" : "구름산",
        "PAST_SPOT_" : "4121002010175",
        "MNTN_ID" : "412100201"
      },
      "geometry" : {
        "x" : 188883.22570000309,
        "y" : 538730.87920000404
      }
    },
    {
      "attributes" : {
        "FID" : 175,
        "PMNTN_SPOT" : 9807,
        "MNTN_CODE" : "412100201",
        "MANAGE_SP1" : "16",
        "MANAGE_SP2" : "주요나무",
        "DETAIL_SPO" : "보호수",
        "ETC_MATTER" : " ",
        "MNTN_NM" : "구름산",
        "PAST_SPOT_" : "4121002010176",
        "MNTN_ID" : "412100201"
      },
      "geometry" : {
        "x" : 189118.56330000143,
        "y" : 538735.58190000057
      }
    },
    {
      "attributes" : {
        "FID" : 176,
        "PMNTN_SPOT" : 9808,
        "MNTN_CODE" : "412100201",
        "MANAGE_SP1" : "03",
        "MANAGE_SP2" : "정자",
        "DETAIL_SPO" : "쉼터(정자)",
        "ETC_MATTER" : " ",
        "MNTN_NM" : "구름산",
        "PAST_SPOT_" : "4121002010177",
        "MNTN_ID" : "412100201"
      },
      "geometry" : {
        "x" : 188806.47040000092,
        "y" : 538736.25489999913
      }
    },
    {
      "attributes" : {
        "FID" : 177,
        "PMNTN_SPOT" : 9809,
        "MNTN_CODE" : "412100201",
        "MANAGE_SP1" : "05",
        "MANAGE_SP2" : "벤치",
        "DETAIL_SPO" : "쉼터(의자)",
        "ETC_MATTER" : " ",
        "MNTN_NM" : "구름산",
        "PAST_SPOT_" : "4121002010178",
        "MNTN_ID" : "412100201"
      },
      "geometry" : {
        "x" : 188884.31360000186,
        "y" : 538737.09300000407
      }
    },
    {
      "attributes" : {
        "FID" : 178,
        "PMNTN_SPOT" : 9810,
        "MNTN_CODE" : "412100201",
        "MANAGE_SP1" : "99",
        "MANAGE_SP2" : "기타",
        "DETAIL_SPO" : "쉼터",
        "ETC_MATTER" : " ",
        "MNTN_NM" : "구름산",
        "PAST_SPOT_" : "4121002010179",
        "MNTN_ID" : "412100201"
      },
      "geometry" : {
        "x" : 188437.07340000104,
        "y" : 538768.53980000131
      }
    },
    {
      "attributes" : {
        "FID" : 179,
        "PMNTN_SPOT" : 9811,
        "MNTN_CODE" : "412100201",
        "MANAGE_SP1" : "07",
        "MANAGE_SP2" : "시설물(운동기구 등)",
        "DETAIL_SPO" : "체육시설",
        "ETC_MATTER" : " ",
        "MNTN_NM" : "구름산",
        "PAST_SPOT_" : "4121002010180",
        "MNTN_ID" : "412100201"
      },
      "geometry" : {
        "x" : 188473.70159999933,
        "y" : 538771.0746000018
      }
    },
    {
      "attributes" : {
        "FID" : 180,
        "PMNTN_SPOT" : 9812,
        "MNTN_CODE" : "412100201",
        "MANAGE_SP1" : "05",
        "MANAGE_SP2" : "벤치",
        "DETAIL_SPO" : "쉼터(의자)",
        "ETC_MATTER" : " ",
        "MNTN_NM" : "구름산",
        "PAST_SPOT_" : "4121002010181",
        "MNTN_ID" : "412100201"
      },
      "geometry" : {
        "x" : 188477.94260000158,
        "y" : 538779.22609999962
      }
    },
    {
      "attributes" : {
        "FID" : 181,
        "PMNTN_SPOT" : 9813,
        "MNTN_CODE" : "412100201",
        "MANAGE_SP1" : "99",
        "MANAGE_SP2" : "기타",
        "DETAIL_SPO" : "화장실",
        "ETC_MATTER" : " ",
        "MNTN_NM" : "구름산",
        "PAST_SPOT_" : "4121002010182",
        "MNTN_ID" : "412100201"
      },
      "geometry" : {
        "x" : 188507.49410000164,
        "y" : 538796.09920000285
      }
    },
    {
      "attributes" : {
        "FID" : 182,
        "PMNTN_SPOT" : 9814,
        "MNTN_CODE" : "412100201",
        "MANAGE_SP1" : "99",
        "MANAGE_SP2" : "기타",
        "DETAIL_SPO" : "송전",
        "ETC_MATTER" : " ",
        "MNTN_NM" : "구름산",
        "PAST_SPOT_" : "4121002010183",
        "MNTN_ID" : "412100201"
      },
      "geometry" : {
        "x" : 188496.21659999993,
        "y" : 538805.69310000166
      }
    },
    {
      "attributes" : {
        "FID" : 183,
        "PMNTN_SPOT" : 9815,
        "MNTN_CODE" : "412100201",
        "MANAGE_SP1" : "07",
        "MANAGE_SP2" : "시설물(운동기구 등)",
        "DETAIL_SPO" : "체육시설",
        "ETC_MATTER" : " ",
        "MNTN_NM" : "구름산",
        "PAST_SPOT_" : "4121002010184",
        "MNTN_ID" : "412100201"
      },
      "geometry" : {
        "x" : 188677.26799999923,
        "y" : 539030.96700000018
      }
    },
    {
      "attributes" : {
        "FID" : 184,
        "PMNTN_SPOT" : 9816,
        "MNTN_CODE" : "412100201",
        "MANAGE_SP1" : "05",
        "MANAGE_SP2" : "벤치",
        "DETAIL_SPO" : "쉼터(의자)",
        "ETC_MATTER" : " ",
        "MNTN_NM" : "구름산",
        "PAST_SPOT_" : "4121002010185",
        "MNTN_ID" : "412100201"
      },
      "geometry" : {
        "x" : 188677.3340999987,
        "y" : 539033.96350000054
      }
    },
    {
      "attributes" : {
        "FID" : 185,
        "PMNTN_SPOT" : 9817,
        "MNTN_CODE" : "412100201",
        "MANAGE_SP1" : "99",
        "MANAGE_SP2" : "기타",
        "DETAIL_SPO" : "쉼터",
        "ETC_MATTER" : " ",
        "MNTN_NM" : "구름산",
        "PAST_SPOT_" : "4121002010186",
        "MNTN_ID" : "412100201"
      },
      "geometry" : {
        "x" : 188707.1875,
        "y" : 539059.03880000114
      }
    },
    {
      "attributes" : {
        "FID" : 186,
        "PMNTN_SPOT" : 9818,
        "MNTN_CODE" : "412100201",
        "MANAGE_SP1" : "99",
        "MANAGE_SP2" : "기타",
        "DETAIL_SPO" : "돌탑",
        "ETC_MATTER" : " ",
        "MNTN_NM" : "구름산",
        "PAST_SPOT_" : "4121002010187",
        "MNTN_ID" : "412100201"
      },
      "geometry" : {
        "x" : 188984.33080000151,
        "y" : 539068.47519999929
      }
    },
    {
      "attributes" : {
        "FID" : 187,
        "PMNTN_SPOT" : 9819,
        "MNTN_CODE" : "412100201",
        "MANAGE_SP1" : "14",
        "MANAGE_SP2" : "조망점",
        "DETAIL_SPO" : "전망대",
        "ETC_MATTER" : " ",
        "MNTN_NM" : "구름산",
        "PAST_SPOT_" : "4121002010188",
        "MNTN_ID" : "412100201"
      },
      "geometry" : {
        "x" : 188857.70180000179,
        "y" : 539081.37539999932
      }
    },
    {
      "attributes" : {
        "FID" : 188,
        "PMNTN_SPOT" : 9820,
        "MNTN_CODE" : "412100201",
        "MANAGE_SP1" : "06",
        "MANAGE_SP2" : "음수대",
        "DETAIL_SPO" : "약수터",
        "ETC_MATTER" : " ",
        "MNTN_NM" : "구름산",
        "PAST_SPOT_" : "4121002010189",
        "MNTN_ID" : "412100201"
      },
      "geometry" : {
        "x" : 189065.78400000278,
        "y" : 539151.62879999913
      }
    },
    {
      "attributes" : {
        "FID" : 189,
        "PMNTN_SPOT" : 9821,
        "MNTN_CODE" : "412100201",
        "MANAGE_SP1" : "99",
        "MANAGE_SP2" : "기타",
        "DETAIL_SPO" : "쉼터",
        "ETC_MATTER" : " ",
        "MNTN_NM" : "구름산",
        "PAST_SPOT_" : "4121002010190",
        "MNTN_ID" : "412100201"
      },
      "geometry" : {
        "x" : 188926.16760000028,
        "y" : 539165.05580000021
      }
    },
    {
      "attributes" : {
        "FID" : 190,
        "PMNTN_SPOT" : 9822,
        "MNTN_CODE" : "412100201",
        "MANAGE_SP1" : "07",
        "MANAGE_SP2" : "시설물(운동기구 등)",
        "DETAIL_SPO" : "체육시설",
        "ETC_MATTER" : " ",
        "MNTN_NM" : "구름산",
        "PAST_SPOT_" : "4121002010191",
        "MNTN_ID" : "412100201"
      },
      "geometry" : {
        "x" : 189103.80870000366,
        "y" : 539214.70750000328
      }
    },
    {
      "attributes" : {
        "FID" : 191,
        "PMNTN_SPOT" : 9823,
        "MNTN_CODE" : "412100201",
        "MANAGE_SP1" : "05",
        "MANAGE_SP2" : "벤치",
        "DETAIL_SPO" : "쉼터(의자)",
        "ETC_MATTER" : " ",
        "MNTN_NM" : "구름산",
        "PAST_SPOT_" : "4121002010192",
        "MNTN_ID" : "412100201"
      },
      "geometry" : {
        "x" : 189106.27790000103,
        "y" : 539221.82960000075
      }
    },
    {
      "attributes" : {
        "FID" : 192,
        "PMNTN_SPOT" : 9824,
        "MNTN_CODE" : "412100201",
        "MANAGE_SP1" : "99",
        "MANAGE_SP2" : "기타",
        "DETAIL_SPO" : "쉼터",
        "ETC_MATTER" : " ",
        "MNTN_NM" : "구름산",
        "PAST_SPOT_" : "4121002010193",
        "MNTN_ID" : "412100201"
      },
      "geometry" : {
        "x" : 189116.36099999864,
        "y" : 539225.61200000159
      }
    },
    {
      "attributes" : {
        "FID" : 193,
        "PMNTN_SPOT" : 9825,
        "MNTN_CODE" : "412100201",
        "MANAGE_SP1" : "99",
        "MANAGE_SP2" : "기타",
        "DETAIL_SPO" : "쉼터",
        "ETC_MATTER" : " ",
        "MNTN_NM" : "구름산",
        "PAST_SPOT_" : "4121002010194",
        "MNTN_ID" : "412100201"
      },
      "geometry" : {
        "x" : 189141.36430000048,
        "y" : 539231.05059999973
      }
    },
    {
      "attributes" : {
        "FID" : 194,
        "PMNTN_SPOT" : 9826,
        "MNTN_CODE" : "412100201",
        "MANAGE_SP1" : "99",
        "MANAGE_SP2" : "기타",
        "DETAIL_SPO" : "쉼터",
        "ETC_MATTER" : " ",
        "MNTN_NM" : "구름산",
        "PAST_SPOT_" : "4121002010195",
        "MNTN_ID" : "412100201"
      },
      "geometry" : {
        "x" : 189213.51810000371,
        "y" : 539242.28759999946
      }
    },
    {
      "attributes" : {
        "FID" : 195,
        "PMNTN_SPOT" : 9827,
        "MNTN_CODE" : "412100201",
        "MANAGE_SP1" : "03",
        "MANAGE_SP2" : "정자",
        "DETAIL_SPO" : "쉼터(정자)",
        "ETC_MATTER" : " ",
        "MNTN_NM" : "구름산",
        "PAST_SPOT_" : "4121002010196",
        "MNTN_ID" : "412100201"
      },
      "geometry" : {
        "x" : 188974.69060000125,
        "y" : 539316.69810000062
      }
    },
    {
      "attributes" : {
        "FID" : 196,
        "PMNTN_SPOT" : 9828,
        "MNTN_CODE" : "412100201",
        "MANAGE_SP1" : "05",
        "MANAGE_SP2" : "벤치",
        "DETAIL_SPO" : "쉼터(의자)",
        "ETC_MATTER" : " ",
        "MNTN_NM" : "구름산",
        "PAST_SPOT_" : "4121002010197",
        "MNTN_ID" : "412100201"
      },
      "geometry" : {
        "x" : 188971.84199999925,
        "y" : 539330.25340000167
      }
    },
    {
      "attributes" : {
        "FID" : 197,
        "PMNTN_SPOT" : 9829,
        "MNTN_CODE" : "412100201",
        "MANAGE_SP1" : "99",
        "MANAGE_SP2" : "기타",
        "DETAIL_SPO" : "화장실",
        "ETC_MATTER" : " ",
        "MNTN_NM" : "구름산",
        "PAST_SPOT_" : "4121002010198",
        "MNTN_ID" : "412100201"
      },
      "geometry" : {
        "x" : 189171.87720000464,
        "y" : 539396.06960000098
      }
    },
    {
      "attributes" : {
        "FID" : 198,
        "PMNTN_SPOT" : 9830,
        "MNTN_CODE" : "412100201",
        "MANAGE_SP1" : "07",
        "MANAGE_SP2" : "시설물(운동기구 등)",
        "DETAIL_SPO" : "체육시설",
        "ETC_MATTER" : " ",
        "MNTN_NM" : "구름산",
        "PAST_SPOT_" : "4121002010199",
        "MNTN_ID" : "412100201"
      },
      "geometry" : {
        "x" : 189171.77770000044,
        "y" : 539421.36349999905
      }
    },
    {
      "attributes" : {
        "FID" : 199,
        "PMNTN_SPOT" : 9831,
        "MNTN_CODE" : "412100201",
        "MANAGE_SP1" : "99",
        "MANAGE_SP2" : "기타",
        "DETAIL_SPO" : "산림욕장",
        "ETC_MATTER" : " ",
        "MNTN_NM" : "구름산",
        "PAST_SPOT_" : "4121002010200",
        "MNTN_ID" : "412100201"
      },
      "geometry" : {
        "x" : 189149.29909999948,
        "y" : 539444.66690000147
      }
    },
    {
      "attributes" : {
        "FID" : 200,
        "PMNTN_SPOT" : 9832,
        "MNTN_CODE" : "412100201",
        "MANAGE_SP1" : "07",
        "MANAGE_SP2" : "시설물(운동기구 등)",
        "DETAIL_SPO" : "체육시설(배드민턴장)",
        "ETC_MATTER" : " ",
        "MNTN_NM" : "구름산",
        "PAST_SPOT_" : "4121002010201",
        "MNTN_ID" : "412100201"
      },
      "geometry" : {
        "x" : 189173.44670000393,
        "y" : 539445.78940000199
      }
    },
    {
      "attributes" : {
        "FID" : 201,
        "PMNTN_SPOT" : 9833,
        "MNTN_CODE" : "412100201",
        "MANAGE_SP1" : "06",
        "MANAGE_SP2" : "음수대",
        "DETAIL_SPO" : "금당2호약수터",
        "ETC_MATTER" : " ",
        "MNTN_NM" : "구름산",
        "PAST_SPOT_" : "4121002010202",
        "MNTN_ID" : "412100201"
      },
      "geometry" : {
        "x" : 189245.4338000007,
        "y" : 539527.33689999953
      }
    },
    {
      "attributes" : {
        "FID" : 202,
        "PMNTN_SPOT" : 9834,
        "MNTN_CODE" : "412100201",
        "MANAGE_SP1" : "06",
        "MANAGE_SP2" : "음수대",
        "DETAIL_SPO" : "금당1호약수터",
        "ETC_MATTER" : " ",
        "MNTN_NM" : "구름산",
        "PAST_SPOT_" : "4121002010203",
        "MNTN_ID" : "412100201"
      },
      "geometry" : {
        "x" : 189232.33069999982,
        "y" : 539527.80900000222
      }
    },
    {
      "attributes" : {
        "FID" : 203,
        "PMNTN_SPOT" : 9835,
        "MNTN_CODE" : "412100201",
        "MANAGE_SP1" : "05",
        "MANAGE_SP2" : "벤치",
        "DETAIL_SPO" : "쉼터(의자)",
        "ETC_MATTER" : " ",
        "MNTN_NM" : "구름산",
        "PAST_SPOT_" : "4121002010204",
        "MNTN_ID" : "412100201"
      },
      "geometry" : {
        "x" : 189238.77219999954,
        "y" : 539527.97819999978
      }
    },
    {
      "attributes" : {
        "FID" : 204,
        "PMNTN_SPOT" : 9836,
        "MNTN_CODE" : "412100201",
        "MANAGE_SP1" : "11",
        "MANAGE_SP2" : "안내판또는지도",
        "DETAIL_SPO" : "등산로안내도",
        "ETC_MATTER" : " ",
        "MNTN_NM" : "구름산",
        "PAST_SPOT_" : "4121002010205",
        "MNTN_ID" : "412100201"
      },
      "geometry" : {
        "x" : 189227.65969999973,
        "y" : 539528.28130000271
      }
    },
    {
      "attributes" : {
        "FID" : 205,
        "PMNTN_SPOT" : 9837,
        "MNTN_CODE" : "412100201",
        "MANAGE_SP1" : "99",
        "MANAGE_SP2" : "기타",
        "DETAIL_SPO" : "화장실",
        "ETC_MATTER" : " ",
        "MNTN_NM" : "구름산",
        "PAST_SPOT_" : "4121002010206",
        "MNTN_ID" : "412100201"
      },
      "geometry" : {
        "x" : 189264.28299999982,
        "y" : 539556.96790000238
      }
    },
    {
      "attributes" : {
        "FID" : 206,
        "PMNTN_SPOT" : 9838,
        "MNTN_CODE" : "412100201",
        "MANAGE_SP1" : "11",
        "MANAGE_SP2" : "안내판또는지도",
        "DETAIL_SPO" : "등산로안내도",
        "ETC_MATTER" : " ",
        "MNTN_NM" : "구름산",
        "PAST_SPOT_" : "4121002010207",
        "MNTN_ID" : "412100201"
      },
      "geometry" : {
        "x" : 189346.66280000284,
        "y" : 539664.67330000363
      }
    },
    {
      "attributes" : {
        "FID" : 207,
        "PMNTN_SPOT" : 9839,
        "MNTN_CODE" : "412100201",
        "MANAGE_SP1" : "02",
        "MANAGE_SP2" : "분기점",
        "DETAIL_SPO" : "분기점",
        "ETC_MATTER" : " ",
        "MNTN_NM" : "구름산",
        "PAST_SPOT_" : "4121002010208",
        "MNTN_ID" : "412100201"
      },
      "geometry" : {
        "x" : 187846.29940000083,
        "y" : 537120.9280999992
      }
    },
    {
      "attributes" : {
        "FID" : 208,
        "PMNTN_SPOT" : 9840,
        "MNTN_CODE" : "412100201",
        "MANAGE_SP1" : "02",
        "MANAGE_SP2" : "분기점",
        "DETAIL_SPO" : "분기점",
        "ETC_MATTER" : " ",
        "MNTN_NM" : "구름산",
        "PAST_SPOT_" : "4121002010209",
        "MNTN_ID" : "412100201"
      },
      "geometry" : {
        "x" : 188647.13970000111,
        "y" : 538396.00610000268
      }
    },
    {
      "attributes" : {
        "FID" : 209,
        "PMNTN_SPOT" : 9841,
        "MNTN_CODE" : "412100201",
        "MANAGE_SP1" : "02",
        "MANAGE_SP2" : "분기점",
        "DETAIL_SPO" : "분기점",
        "ETC_MATTER" : " ",
        "MNTN_NM" : "구름산",
        "PAST_SPOT_" : "4121002010210",
        "MNTN_ID" : "412100201"
      },
      "geometry" : {
        "x" : 188442.64900000021,
        "y" : 538111.38590000197
      }
    },
    {
      "attributes" : {
        "FID" : 210,
        "PMNTN_SPOT" : 9842,
        "MNTN_CODE" : "412100201",
        "MANAGE_SP1" : "02",
        "MANAGE_SP2" : "분기점",
        "DETAIL_SPO" : "분기점",
        "ETC_MATTER" : " ",
        "MNTN_NM" : "구름산",
        "PAST_SPOT_" : "4121002010211",
        "MNTN_ID" : "412100201"
      },
      "geometry" : {
        "x" : 188442.65840000473,
        "y" : 537768.16800000146
      }
    }
  ]
}