{
  "displayFieldName" : "",
  "fieldAliases" : {
    "FID" : "FID",
    "PMNTN_SPOT" : "PMNTN_SPOT",
    "MNTN_CODE" : "MNTN_CODE",
    "MANAGE_SP1" : "MANAGE_SP1",
    "MANAGE_SP2" : "MANAGE_SP2",
    "DETAIL_SPO" : "DETAIL_SPO",
    "ETC_MATTER" : "ETC_MATTER",
    "MNTN_NM" : "MNTN_NM",
    "PAST_SPOT_" : "PAST_SPOT_",
    "MNTN_ID" : "MNTN_ID"
  },
  "geometryType" : "esriGeometryPoint",
  "spatialReference" : {
    "wkt" : "PROJCS[\"PCS_ITRF2000_TM\",GEOGCS[\"GCS_ITRF_2000\",DATUM[\"D_ITRF_2000\",SPHEROID[\"GRS_1980\",6378137.0,298.257222101]],PRIMEM[\"Greenwich\",0.0],UNIT[\"Degree\",0.0174532925199433]],PROJECTION[\"Transverse_Mercator\"],PARAMETER[\"False_Easting\",200000.0],PARAMETER[\"False_Northing\",600000.0],PARAMETER[\"Central_Meridian\",127.0],PARAMETER[\"Scale_Factor\",1.0],PARAMETER[\"Latitude_Of_Origin\",38.0],UNIT[\"Meter\",1.0]]"
  },
  "fields" : [
    {
      "name" : "FID",
      "type" : "esriFieldTypeOID",
      "alias" : "FID"
    },
    {
      "name" : "PMNTN_SPOT",
      "type" : "esriFieldTypeDouble",
      "alias" : "PMNTN_SPOT"
    },
    {
      "name" : "MNTN_CODE",
      "type" : "esriFieldTypeString",
      "alias" : "MNTN_CODE",
      "length" : 9
    },
    {
      "name" : "MANAGE_SP1",
      "type" : "esriFieldTypeString",
      "alias" : "MANAGE_SP1",
      "length" : 2
    },
    {
      "name" : "MANAGE_SP2",
      "type" : "esriFieldTypeString",
      "alias" : "MANAGE_SP2",
      "length" : 50
    },
    {
      "name" : "DETAIL_SPO",
      "type" : "esriFieldTypeString",
      "alias" : "DETAIL_SPO",
      "length" : 200
    },
    {
      "name" : "ETC_MATTER",
      "type" : "esriFieldTypeString",
      "alias" : "ETC_MATTER",
      "length" : 200
    },
    {
      "name" : "MNTN_NM",
      "type" : "esriFieldTypeString",
      "alias" : "MNTN_NM",
      "length" : 50
    },
    {
      "name" : "PAST_SPOT_",
      "type" : "esriFieldTypeString",
      "alias" : "PAST_SPOT_",
      "length" : 14
    },
    {
      "name" : "MNTN_ID",
      "type" : "esriFieldTypeString",
      "alias" : "MNTN_ID",
      "length" : 10
    }
  ],
  "features" : [
    {
      "attributes" : {
        "FID" : 0,
        "PMNTN_SPOT" : 17233,
        "MNTN_CODE" : "483101001",
        "MANAGE_SP1" : "01",
        "MANAGE_SP2" : "시종점",
        "DETAIL_SPO" : "시종점",
        "ETC_MATTER" : " ",
        "MNTN_NM" : "노자산",
        "PAST_SPOT_" : "4831010010001",
        "MNTN_ID" : "483101001"
      },
      "geometry" : {
        "x" : 346591.43830001075,
        "y" : 246876.71380000189
      }
    },
    {
      "attributes" : {
        "FID" : 1,
        "PMNTN_SPOT" : 17234,
        "MNTN_CODE" : "483101001",
        "MANAGE_SP1" : "02",
        "MANAGE_SP2" : "분기점",
        "DETAIL_SPO" : "분기점",
        "ETC_MATTER" : " ",
        "MNTN_NM" : "노자산",
        "PAST_SPOT_" : "4831010010002",
        "MNTN_ID" : "483101001"
      },
      "geometry" : {
        "x" : 347580.37180001289,
        "y" : 245366.95419999771
      }
    },
    {
      "attributes" : {
        "FID" : 2,
        "PMNTN_SPOT" : 17235,
        "MNTN_CODE" : "483101001",
        "MANAGE_SP1" : "01",
        "MANAGE_SP2" : "시종점",
        "DETAIL_SPO" : "시종점",
        "ETC_MATTER" : " ",
        "MNTN_NM" : "노자산",
        "PAST_SPOT_" : "4831010010003",
        "MNTN_ID" : "483101001"
      },
      "geometry" : {
        "x" : 347868.50770001207,
        "y" : 246112.29010000266
      }
    },
    {
      "attributes" : {
        "FID" : 3,
        "PMNTN_SPOT" : 17236,
        "MNTN_CODE" : "483101001",
        "MANAGE_SP1" : "02",
        "MANAGE_SP2" : "분기점",
        "DETAIL_SPO" : "분기점",
        "ETC_MATTER" : " ",
        "MNTN_NM" : "노자산",
        "PAST_SPOT_" : "4831010010004",
        "MNTN_ID" : "483101001"
      },
      "geometry" : {
        "x" : 347928.49810001347,
        "y" : 244371.65820000134
      }
    },
    {
      "attributes" : {
        "FID" : 4,
        "PMNTN_SPOT" : 17237,
        "MNTN_CODE" : "483101001",
        "MANAGE_SP1" : "02",
        "MANAGE_SP2" : "분기점",
        "DETAIL_SPO" : "분기점",
        "ETC_MATTER" : " ",
        "MNTN_NM" : "노자산",
        "PAST_SPOT_" : "4831010010005",
        "MNTN_ID" : "483101001"
      },
      "geometry" : {
        "x" : 347986.30670001078,
        "y" : 243914.36510000192
      }
    },
    {
      "attributes" : {
        "FID" : 5,
        "PMNTN_SPOT" : 17238,
        "MNTN_CODE" : "483101001",
        "MANAGE_SP1" : "01",
        "MANAGE_SP2" : "시종점",
        "DETAIL_SPO" : "시종점",
        "ETC_MATTER" : " ",
        "MNTN_NM" : "노자산",
        "PAST_SPOT_" : "4831010010006",
        "MNTN_ID" : "483101001"
      },
      "geometry" : {
        "x" : 348060.74340001214,
        "y" : 243693.29040000029
      }
    },
    {
      "attributes" : {
        "FID" : 6,
        "PMNTN_SPOT" : 17239,
        "MNTN_CODE" : "483101001",
        "MANAGE_SP1" : "02",
        "MANAGE_SP2" : "분기점",
        "DETAIL_SPO" : "분기점",
        "ETC_MATTER" : " ",
        "MNTN_NM" : "노자산",
        "PAST_SPOT_" : "4831010010007",
        "MNTN_ID" : "483101001"
      },
      "geometry" : {
        "x" : 349056.45240001194,
        "y" : 244235.06030000374
      }
    },
    {
      "attributes" : {
        "FID" : 7,
        "PMNTN_SPOT" : 17240,
        "MNTN_CODE" : "483101001",
        "MANAGE_SP1" : "01",
        "MANAGE_SP2" : "시종점",
        "DETAIL_SPO" : "시종점",
        "ETC_MATTER" : " ",
        "MNTN_NM" : "노자산",
        "PAST_SPOT_" : "4831010010008",
        "MNTN_ID" : "483101001"
      },
      "geometry" : {
        "x" : 349192.84230001178,
        "y" : 244369.84029999934
      }
    },
    {
      "attributes" : {
        "FID" : 8,
        "PMNTN_SPOT" : 17241,
        "MNTN_CODE" : "483101001",
        "MANAGE_SP1" : "23",
        "MANAGE_SP2" : "정상",
        "DETAIL_SPO" : "정상",
        "ETC_MATTER" : " ",
        "MNTN_NM" : "노자산",
        "PAST_SPOT_" : "4831010010009",
        "MNTN_ID" : "483101001"
      },
      "geometry" : {
        "x" : 348479.36370002665,
        "y" : 241018.5009000022
      }
    },
    {
      "attributes" : {
        "FID" : 9,
        "PMNTN_SPOT" : 17242,
        "MNTN_CODE" : "483101001",
        "MANAGE_SP1" : "22",
        "MANAGE_SP2" : "헬기장",
        "DETAIL_SPO" : "헬기장",
        "ETC_MATTER" : " ",
        "MNTN_NM" : "노자산",
        "PAST_SPOT_" : "4831010010010",
        "MNTN_ID" : "483101001"
      },
      "geometry" : {
        "x" : 348558.46320002247,
        "y" : 241021.29910000227
      }
    },
    {
      "attributes" : {
        "FID" : 10,
        "PMNTN_SPOT" : 17243,
        "MNTN_CODE" : "483101001",
        "MANAGE_SP1" : "14",
        "MANAGE_SP2" : "조망점",
        "DETAIL_SPO" : "조망점",
        "ETC_MATTER" : " ",
        "MNTN_NM" : "노자산",
        "PAST_SPOT_" : "4831010010011",
        "MNTN_ID" : "483101001"
      },
      "geometry" : {
        "x" : 348061.45100002363,
        "y" : 243695.48230000213
      }
    },
    {
      "attributes" : {
        "FID" : 11,
        "PMNTN_SPOT" : 17244,
        "MNTN_CODE" : "483101001",
        "MANAGE_SP1" : "10",
        "MANAGE_SP2" : "이정표",
        "DETAIL_SPO" : "이정표",
        "ETC_MATTER" : " ",
        "MNTN_NM" : "노자산",
        "PAST_SPOT_" : "4831010010012",
        "MNTN_ID" : "483101001"
      },
      "geometry" : {
        "x" : 349414.22170002293,
        "y" : 244303.75259999931
      }
    }
  ]
}