{
  "displayFieldName" : "",
  "fieldAliases" : {
    "FID" : "FID",
    "PMNTN_SN" : "PMNTN_SN",
    "MNTN_CODE" : "MNTN_CODE",
    "MNTN_NM" : "MNTN_NM",
    "PMNTN_NM" : "PMNTN_NM",
    "PMNTN_MAIN" : "PMNTN_MAIN",
    "PMNTN_LT" : "PMNTN_LT",
    "PMNTN_DFFL" : "PMNTN_DFFL",
    "PMNTN_UPPL" : "PMNTN_UPPL",
    "PMNTN_GODN" : "PMNTN_GODN",
    "PMNTN_MTRQ" : "PMNTN_MTRQ",
    "PMNTN_CNRL" : "PMNTN_CNRL",
    "PMNTN_CLS_" : "PMNTN_CLS_",
    "PMNTN_RISK" : "PMNTN_RISK",
    "PMNTN_RECO" : "PMNTN_RECO",
    "DATA_STDR_" : "DATA_STDR_",
    "MNTN_ID" : "MNTN_ID"
  },
  "geometryType" : "esriGeometryPolyline",
  "spatialReference" : {
    "wkt" : "PROJCS[\"PCS_ITRF2000_TM\",GEOGCS[\"GCS_ITRF_2000\",DATUM[\"D_ITRF_2000\",SPHEROID[\"GRS_1980\",6378137.0,298.257222101]],PRIMEM[\"Greenwich\",0.0],UNIT[\"Degree\",0.0174532925199433]],PROJECTION[\"Transverse_Mercator\"],PARAMETER[\"False_Easting\",200000.0],PARAMETER[\"False_Northing\",600000.0],PARAMETER[\"Central_Meridian\",127.0],PARAMETER[\"Scale_Factor\",1.0],PARAMETER[\"Latitude_Of_Origin\",38.0],UNIT[\"Meter\",1.0]]"
  },
  "fields" : [
    {
      "name" : "FID",
      "type" : "esriFieldTypeOID",
      "alias" : "FID"
    },
    {
      "name" : "PMNTN_SN",
      "type" : "esriFieldTypeDouble",
      "alias" : "PMNTN_SN"
    },
    {
      "name" : "MNTN_CODE",
      "type" : "esriFieldTypeString",
      "alias" : "MNTN_CODE",
      "length" : 9
    },
    {
      "name" : "MNTN_NM",
      "type" : "esriFieldTypeString",
      "alias" : "MNTN_NM",
      "length" : 50
    },
    {
      "name" : "PMNTN_NM",
      "type" : "esriFieldTypeString",
      "alias" : "PMNTN_NM",
      "length" : 50
    },
    {
      "name" : "PMNTN_MAIN",
      "type" : "esriFieldTypeString",
      "alias" : "PMNTN_MAIN",
      "length" : 200
    },
    {
      "name" : "PMNTN_LT",
      "type" : "esriFieldTypeSingle",
      "alias" : "PMNTN_LT"
    },
    {
      "name" : "PMNTN_DFFL",
      "type" : "esriFieldTypeString",
      "alias" : "PMNTN_DFFL",
      "length" : 8
    },
    {
      "name" : "PMNTN_UPPL",
      "type" : "esriFieldTypeDouble",
      "alias" : "PMNTN_UPPL"
    },
    {
      "name" : "PMNTN_GODN",
      "type" : "esriFieldTypeDouble",
      "alias" : "PMNTN_GODN"
    },
    {
      "name" : "PMNTN_MTRQ",
      "type" : "esriFieldTypeString",
      "alias" : "PMNTN_MTRQ",
      "length" : 200
    },
    {
      "name" : "PMNTN_CNRL",
      "type" : "esriFieldTypeString",
      "alias" : "PMNTN_CNRL",
      "length" : 1
    },
    {
      "name" : "PMNTN_CLS_",
      "type" : "esriFieldTypeString",
      "alias" : "PMNTN_CLS_",
      "length" : 1
    },
    {
      "name" : "PMNTN_RISK",
      "type" : "esriFieldTypeString",
      "alias" : "PMNTN_RISK",
      "length" : 200
    },
    {
      "name" : "PMNTN_RECO",
      "type" : "esriFieldTypeString",
      "alias" : "PMNTN_RECO",
      "length" : 1
    },
    {
      "name" : "DATA_STDR_",
      "type" : "esriFieldTypeString",
      "alias" : "DATA_STDR_",
      "length" : 10
    },
    {
      "name" : "MNTN_ID",
      "type" : "esriFieldTypeString",
      "alias" : "MNTN_ID",
      "length" : 10
    }
  ],
  "features" : [
    {
      "attributes" : {
        "FID" : 0,
        "PMNTN_SN" : 26846,
        "MNTN_CODE" : "468702201",
        "MNTN_NM" : "북종산",
        "PMNTN_NM" : "군마면남죽2구-군마면마읍1구구간",
        "PMNTN_MAIN" : " ",
        "PMNTN_LT" : 1.86,
        "PMNTN_DFFL" : "쉬움",
        "PMNTN_UPPL" : 33,
        "PMNTN_GODN" : 23,
        "PMNTN_MTRQ" : " ",
        "PMNTN_CNRL" : " ",
        "PMNTN_CLS_" : " ",
        "PMNTN_RISK" : "덩쿨걸려넘어질위협이많음",
        "PMNTN_RECO" : " ",
        "DATA_STDR_" : "2016-12-31",
        "MNTN_ID" : "468702201"
      },
      "geometry" : {
        "paths" : [
          [
            [
              152767.17990000173,
              295942.19240000099
            ],
            [
              152750.209900002,
              295966.46220000461
            ],
            [
              152745.36720000301,
              295977.45150000043
            ],
            [
              152739.75430000015,
              295992.6352000013
            ],
            [
              152734.82340000384,
              296009.87260000408
            ],
            [
              152729.33280000277,
              296018.40610000119
            ],
            [
              152724.91469999962,
              296027.1138000004
            ],
            [
              152722.63350000046,
              296041.20260000043
            ],
            [
              152721.78320000414,
              296051.56650000066
            ],
            [
              152723.79650000017,
              296060.5457000006
            ],
            [
              152723.88020000141,
              296067.27439999953
            ],
            [
              152731.25129999965,
              296084.1743999999
            ],
            [
              152735.31659999955,
              296099.12130000442
            ],
            [
              152739.22740000021,
              296108.29460000433
            ],
            [
              152741.0446999995,
              296120.04740000144
            ],
            [
              152740.67310000304,
              296126.50980000012
            ],
            [
              152738.86830000207,
              296133.83680000156
            ],
            [
              152739.7226000037,
              296140.98740000278
            ],
            [
              152746.24450000189,
              296148.32800000161
            ],
            [
              152759.65050000045,
              296159.35239999928
            ],
            [
              152770.41660000198,
              296171.70180000179
            ],
            [
              152777.44980000146,
              296184.91709999926
            ],
            [
              152779.9756000014,
              296188.03790000267
            ],
            [
              152784.319000002,
              296191.59570000134
            ],
            [
              152786.16470000055,
              296194.45959999785
            ],
            [
              152790.08490000106,
              296198.2918999996
            ],
            [
              152802.60830000136,
              296209.11140000261
            ],
            [
              152810.7329000039,
              296214.9990000017
            ],
            [
              152823.38120000344,
              296221.0204000026
            ],
            [
              152826.5427000029,
              296223.33000000194
            ],
            [
              152830.94450000115,
              296225.34440000355
            ],
            [
              152834.54730000068,
              296227.11040000059
            ],
            [
              152845.38900000043,
              296230.90610000305
            ],
            [
              152851.26230000053,
              296234.91269999929
            ],
            [
              152856.53520000353,
              296237.15070000477
            ],
            [
              152863.38999999966,
              296240.52459999919
            ],
            [
              152866.30749999918,
              296240.3721000012
            ],
            [
              152871.7703999998,
              296243.49920000136
            ],
            [
              152877.07689999882,
              296244.74870000035
            ],
            [
              152885.76060000155,
              296245.17370000482
            ],
            [
              152896.00550000183,
              296248.22609999962
            ],
            [
              152906.69680000003,
              296249.55560000241
            ],
            [
              152920.91880000103,
              296252.10669999942
            ],
            [
              152934.20010000281,
              296253.66920000128
            ],
            [
              152947.42800000217,
              296263.09220000543
            ],
            [
              152956.93710000347,
              296275.98250000179
            ],
            [
              152961.30610000249,
              296281.13220000081
            ],
            [
              152966.74539999943,
              296284.85840000212
            ],
            [
              152969.40749999974,
              296283.90789999999
            ],
            [
              152973.78300000355,
              296285.87719999999
            ],
            [
              152977.05940000247,
              296288.75510000251
            ],
            [
              152981.43539999984,
              296294.88070000149
            ],
            [
              152985.9963000007,
              296301.60659999773
            ],
            [
              152988.76750000287,
              296308.85940000415
            ],
            [
              152989.85440000147,
              296313.13929999992
            ],
            [
              152991.03200000059,
              296317.75400000066
            ],
            [
              152995.20320000313,
              296323.65340000018
            ],
            [
              152998.44359999895,
              296331.26710000262
            ],
            [
              153005.25820000004,
              296343.16000000015
            ],
            [
              153007.6978000002,
              296348.17220000178
            ],
            [
              153007.48090000264,
              296353.66880000196
            ],
            [
              153009.9523000028,
              296368.55320000276
            ],
            [
              153011.53600000031,
              296377.11930000037
            ],
            [
              153012.56790000107,
              296384.63749999739
            ],
            [
              153013.86990000401,
              296399.73070000112
            ],
            [
              153017.38110000361,
              296414.10060000047
            ],
            [
              153017.22679999936,
              296421.40730000101
            ],
            [
              153019.58229999896,
              296428.90170000121
            ],
            [
              153022.58620000351,
              296435.85860000178
            ],
            [
              153023.1372000007,
              296436.88150000013
            ],
            [
              153027.48620000295,
              296444.95570000075
            ],
            [
              153032.0652999999,
              296450.77880000323
            ],
            [
              153033.59779999964,
              296461.29439999908
            ],
            [
              153037.06610000134,
              296467.84750000201
            ],
            [
              153047.23260000069,
              296477.21409999952
            ],
            [
              153048.34320000093,
              296479.56110000238
            ],
            [
              153056.04810000211,
              296490.05760000087
            ],
            [
              153057.9951000018,
              296491.91679999977
            ],
            [
              153070.69299999997,
              296506.30260000005
            ],
            [
              153072.95309999958,
              296509.68520000018
            ],
            [
              153079.54420000128,
              296516.380400002
            ],
            [
              153082.62990000099,
              296525.51530000195
            ],
            [
              153087.42180000059,
              296532.05310000107
            ],
            [
              153087.62510000076,
              296545.81270000152
            ],
            [
              153090.042600004,
              296563.3673000019
            ],
            [
              153095.3861000007,
              296575.95000000112
            ],
            [
              153097.37839999981,
              296592.40940000117
            ],
            [
              153097.33860000037,
              296593.56279999949
            ],
            [
              153100.48380000051,
              296604.3713000007
            ],
            [
              153106.46440000273,
              296614.82100000232
            ],
            [
              153109.40600000415,
              296621.98520000465
            ],
            [
              153114.74600000121,
              296626.95920000225
            ],
            [
              153123.98149999976,
              296629.84129999951
            ],
            [
              153128.81579999998,
              296636.44170000404
            ],
            [
              153132.44100000151,
              296646.90430000052
            ],
            [
              153138.09769999981,
              296661.07550000027
            ],
            [
              153140.71200000308,
              296666.61390000023
            ],
            [
              153148.24190000258,
              296683.0222000014
            ],
            [
              153150.3366000019,
              296686.90790000185
            ],
            [
              153158.56070000026,
              296701.98660000041
            ],
            [
              153170.77540000062,
              296715.91000000015
            ],
            [
              153173.30010000337,
              296721.8300999999
            ],
            [
              153175.78430000041,
              296733.15369999968
            ],
            [
              153175.06410000287,
              296739.87170000374
            ],
            [
              153173.76360000297,
              296747.95069999993
            ],
            [
              153169.03540000133,
              296756.89360000007
            ],
            [
              153168.45880000014,
              296762.3638000004
            ],
            [
              153169.30420000013,
              296775.36040000059
            ],
            [
              153171.60360000096,
              296784.43530000001
            ],
            [
              153170.50440000184,
              296794.54980000108
            ],
            [
              153164.1706000017,
              296802.72920000181
            ],
            [
              153158.88470000122,
              296810.02900000103
            ],
            [
              153151.73130000196,
              296817.52450000122
            ],
            [
              153142.56730000116,
              296830.00579999946
            ],
            [
              153140.43790000025,
              296831.17930000275
            ],
            [
              153138.63360000029,
              296834.33780000173
            ],
            [
              153134.30120000057,
              296837.48030000366
            ],
            [
              153125.67709999997,
              296843.54680000059
            ],
            [
              153120.30920000095,
              296845.70769999921
            ],
            [
              153109.75620000064,
              296846.50870000198
            ],
            [
              153100.19750000071,
              296853.22400000319
            ],
            [
              153086.23000000138,
              296868.92010000162
            ],
            [
              153077.05410000402,
              296876.50519999862
            ],
            [
              153074.08780000079,
              296881.44980000146
            ],
            [
              153067.41170000006,
              296890.09820000082
            ],
            [
              153063.10280000046,
              296896.381500002
            ],
            [
              153052.34670000337,
              296912.12600000016
            ],
            [
              153042.07849999983,
              296923.42280000076
            ],
            [
              153035.52830000129,
              296931.03610000201
            ],
            [
              153026.50990000088,
              296936.2444000002
            ],
            [
              153021.88500000257,
              296940.08129999973
            ],
            [
              153013.04110000003,
              296943.67060000077
            ],
            [
              153005.70270000212,
              296948.68560000136
            ],
            [
              153000.93840000033,
              296953.38390000165
            ],
            [
              152998.52670000307,
              296962.92909999937
            ],
            [
              152994.97840000037,
              296964.40560000017
            ],
            [
              152992.55090000108,
              296966.90980000049
            ],
            [
              152988.45600000117,
              296984.02920000255
            ],
            [
              152983.79070000257,
              297000.60700000264
            ],
            [
              152981.58820000011,
              297002.39460000396
            ],
            [
              152980.46200000029,
              297005.8134999983
            ],
            [
              152979.67190000042,
              297007.8729000017
            ],
            [
              152978.80679999944,
              297010.1743999999
            ],
            [
              152977.85680000111,
              297013.75040000118
            ],
            [
              152976.85300000012,
              297015.77370000258
            ],
            [
              152975.83830000367,
              297018.65260000154
            ],
            [
              152973.87350000069,
              297026.4533000011
            ],
            [
              152972.82820000034,
              297029.31369999982
            ],
            [
              152972.54600000009,
              297030.76600000262
            ],
            [
              152973.06300000101,
              297037.75469999947
            ],
            [
              152971.68680000212,
              297041.50040000118
            ],
            [
              152970.36349999998,
              297045.14350000024
            ],
            [
              152972.26850000303,
              297052.25249999948
            ],
            [
              152976.89279999956,
              297067.36830000207
            ],
            [
              152976.79840000253,
              297069.73100000434
            ],
            [
              152977.06970000081,
              297083.75349999964
            ],
            [
              152976.9299000008,
              297084.73070000112
            ],
            [
              152976.48080000095,
              297087.82990000211
            ],
            [
              152975.52699999977,
              297095.06069999933
            ],
            [
              152967.28170000017,
              297108.11400000192
            ],
            [
              152966.47869999986,
              297109.14110000245
            ],
            [
              152962.23390000127,
              297115.66380000114
            ],
            [
              152961.73720000032,
              297116.93110000156
            ],
            [
              152959.17130000051,
              297126.54179999791
            ],
            [
              152959.38620000053,
              297129.73980000056
            ],
            [
              152959.57660000119,
              297137.10480000265
            ],
            [
              152958.21360000316,
              297146.49710000306
            ],
            [
              152957.4982000012,
              297150.8339000009
            ],
            [
              152954.39439999964,
              297153.45879999734
            ],
            [
              152954.12550000194,
              297164.3628000021
            ],
            [
              152953.28550000396,
              297170.74779999815
            ],
            [
              152953.28399999905,
              297185.5839000009
            ],
            [
              152949.17200000118,
              297190.90360000171
            ],
            [
              152948.35589999985,
              297195.00300000422
            ],
            [
              152947.74740000069,
              297197.57790000178
            ],
            [
              152950.19640000071,
              297201.1518000029
            ],
            [
              152951.97329999972,
              297202.95150000043
            ],
            [
              152953.92889999971,
              297206.52810000256
            ],
            [
              152956.43720000051,
              297209.38470000029
            ],
            [
              152959.15519999992,
              297216.29209999926
            ],
            [
              152958.73260000255,
              297222.26019999944
            ],
            [
              152958.37300000153,
              297228.16670000367
            ],
            [
              152961.16240000259,
              297233.46890000068
            ],
            [
              152964.92190000135,
              297237.26710000262
            ],
            [
              152970.32010000292,
              297232.28700000234
            ],
            [
              152979.48710000329,
              297230.18610000052
            ],
            [
              152983.96679999959,
              297231.75810000114
            ],
            [
              152990.84990000166,
              297233.0979999993
            ],
            [
              152988.80140000023,
              297242.96150000021
            ],
            [
              152987.3741999995,
              297264.22990000434
            ],
            [
              152984.84640000388,
              297280.4633000046
            ],
            [
              152982.68489999976,
              297295.41290000267
            ],
            [
              152979.45400000364,
              297307.15059999935
            ],
            [
              152973.48450000118,
              297311.80980000272
            ],
            [
              152962.5717000002,
              297310.82450000197
            ],
            [
              152957.64329999965,
              297312.63340000063
            ],
            [
              152951.12760000117,
              297315.87619999982
            ],
            [
              152942.84020000044,
              297318.21949999966
            ],
            [
              152932.30260000005,
              297317.12319999933
            ],
            [
              152929.36470000073,
              297315.47660000063
            ],
            [
              152925.78849999979,
              297312.86499999836
            ],
            [
              152924.79040000122,
              297308.75750000216
            ],
            [
              152924.77720000036,
              297308.66770000011
            ],
            [
              152923.5756000001,
              297300.47610000148
            ],
            [
              152923.62490000296,
              297286.62710000016
            ],
            [
              152921.28370000049,
              297268.86710000038
            ],
            [
              152918.1977000013,
              297261.09860000201
            ],
            [
              152913.85410000291,
              297254.85469999909
            ],
            [
              152911.08889999893,
              297251.5373999998
            ],
            [
              152906.58469999954,
              297248.49630000256
            ],
            [
              152890.97580000106,
              297247.69040000252
            ]
          ]
        ]
      }
    }
  ]
}