{
  "displayFieldName" : "",
  "fieldAliases" : {
    "FID" : "FID",
    "PMNTN_SPOT" : "PMNTN_SPOT",
    "MNTN_CODE" : "MNTN_CODE",
    "MANAGE_SP1" : "MANAGE_SP1",
    "MANAGE_SP2" : "MANAGE_SP2",
    "DETAIL_SPO" : "DETAIL_SPO",
    "ETC_MATTER" : "ETC_MATTER",
    "MNTN_NM" : "MNTN_NM",
    "PAST_SPOT_" : "PAST_SPOT_",
    "MNTN_ID" : "MNTN_ID"
  },
  "geometryType" : "esriGeometryPoint",
  "spatialReference" : {
    "wkt" : "PROJCS[\"PCS_ITRF2000_TM\",GEOGCS[\"GCS_ITRF_2000\",DATUM[\"D_ITRF_2000\",SPHEROID[\"GRS_1980\",6378137.0,298.257222101]],PRIMEM[\"Greenwich\",0.0],UNIT[\"Degree\",0.0174532925199433]],PROJECTION[\"Transverse_Mercator\"],PARAMETER[\"False_Easting\",200000.0],PARAMETER[\"False_Northing\",600000.0],PARAMETER[\"Central_Meridian\",127.0],PARAMETER[\"Scale_Factor\",1.0],PARAMETER[\"Latitude_Of_Origin\",38.0],UNIT[\"Meter\",1.0]]"
  },
  "fields" : [
    {
      "name" : "FID",
      "type" : "esriFieldTypeOID",
      "alias" : "FID"
    },
    {
      "name" : "PMNTN_SPOT",
      "type" : "esriFieldTypeDouble",
      "alias" : "PMNTN_SPOT"
    },
    {
      "name" : "MNTN_CODE",
      "type" : "esriFieldTypeString",
      "alias" : "MNTN_CODE",
      "length" : 9
    },
    {
      "name" : "MANAGE_SP1",
      "type" : "esriFieldTypeString",
      "alias" : "MANAGE_SP1",
      "length" : 2
    },
    {
      "name" : "MANAGE_SP2",
      "type" : "esriFieldTypeString",
      "alias" : "MANAGE_SP2",
      "length" : 50
    },
    {
      "name" : "DETAIL_SPO",
      "type" : "esriFieldTypeString",
      "alias" : "DETAIL_SPO",
      "length" : 200
    },
    {
      "name" : "ETC_MATTER",
      "type" : "esriFieldTypeString",
      "alias" : "ETC_MATTER",
      "length" : 200
    },
    {
      "name" : "MNTN_NM",
      "type" : "esriFieldTypeString",
      "alias" : "MNTN_NM",
      "length" : 50
    },
    {
      "name" : "PAST_SPOT_",
      "type" : "esriFieldTypeString",
      "alias" : "PAST_SPOT_",
      "length" : 14
    },
    {
      "name" : "MNTN_ID",
      "type" : "esriFieldTypeString",
      "alias" : "MNTN_ID",
      "length" : 10
    }
  ],
  "features" : [
    {
      "attributes" : {
        "FID" : 0,
        "PMNTN_SPOT" : 52105,
        "MNTN_CODE" : "431105801",
        "MANAGE_SP1" : "99",
        "MANAGE_SP2" : "기타",
        "DETAIL_SPO" : "512번지방도.풍차송어장",
        "ETC_MATTER" : " ",
        "MNTN_NM" : "성무봉",
        "PAST_SPOT_" : "4311058010001",
        "MNTN_ID" : "431105801"
      },
      "geometry" : {
        "x" : 247992.12970000226,
        "y" : 445809.01860000193
      }
    },
    {
      "attributes" : {
        "FID" : 1,
        "PMNTN_SPOT" : 52106,
        "MNTN_CODE" : "431105801",
        "MANAGE_SP1" : "99",
        "MANAGE_SP2" : "기타",
        "DETAIL_SPO" : "미태재[산악자전거트레킹코스]",
        "ETC_MATTER" : " ",
        "MNTN_NM" : "성무봉",
        "PAST_SPOT_" : "4311058010002",
        "MNTN_ID" : "431105801"
      },
      "geometry" : {
        "x" : 248826.92220000178,
        "y" : 445540.78290000372
      }
    },
    {
      "attributes" : {
        "FID" : 2,
        "PMNTN_SPOT" : 52107,
        "MNTN_CODE" : "431105801",
        "MANAGE_SP1" : "99",
        "MANAGE_SP2" : "기타",
        "DETAIL_SPO" : "관봉",
        "ETC_MATTER" : " ",
        "MNTN_NM" : "성무봉",
        "PAST_SPOT_" : "4311058010003",
        "MNTN_ID" : "431105801"
      },
      "geometry" : {
        "x" : 248445.43080000021,
        "y" : 444561.8767000027
      }
    },
    {
      "attributes" : {
        "FID" : 3,
        "PMNTN_SPOT" : 52108,
        "MNTN_CODE" : "431105801",
        "MANAGE_SP1" : "05",
        "MANAGE_SP2" : "벤치",
        "DETAIL_SPO" : "벤치[우2점]",
        "ETC_MATTER" : " ",
        "MNTN_NM" : "성무봉",
        "PAST_SPOT_" : "4311058010004",
        "MNTN_ID" : "431105801"
      },
      "geometry" : {
        "x" : 248445.28070000187,
        "y" : 444561.57660000399
      }
    },
    {
      "attributes" : {
        "FID" : 4,
        "PMNTN_SPOT" : 52109,
        "MNTN_CODE" : "431105801",
        "MANAGE_SP1" : "05",
        "MANAGE_SP2" : "벤치",
        "DETAIL_SPO" : "벤치[좌1m]",
        "ETC_MATTER" : " ",
        "MNTN_NM" : "성무봉",
        "PAST_SPOT_" : "4311058010005",
        "MNTN_ID" : "431105801"
      },
      "geometry" : {
        "x" : 248810.36390000116,
        "y" : 443898.97410000116
      }
    },
    {
      "attributes" : {
        "FID" : 5,
        "PMNTN_SPOT" : 52110,
        "MNTN_CODE" : "431105801",
        "MANAGE_SP1" : "99",
        "MANAGE_SP2" : "기타",
        "DETAIL_SPO" : "로프설치지역[1]",
        "ETC_MATTER" : " ",
        "MNTN_NM" : "성무봉",
        "PAST_SPOT_" : "4311058010006",
        "MNTN_ID" : "431105801"
      },
      "geometry" : {
        "x" : 248744.38460000139,
        "y" : 443498.2453000024
      }
    },
    {
      "attributes" : {
        "FID" : 6,
        "PMNTN_SPOT" : 52111,
        "MNTN_CODE" : "431105801",
        "MANAGE_SP1" : "99",
        "MANAGE_SP2" : "기타",
        "DETAIL_SPO" : "로프[2]",
        "ETC_MATTER" : " ",
        "MNTN_NM" : "성무봉",
        "PAST_SPOT_" : "4311058010007",
        "MNTN_ID" : "431105801"
      },
      "geometry" : {
        "x" : 248725.53850000072,
        "y" : 443478.61970000342
      }
    },
    {
      "attributes" : {
        "FID" : 7,
        "PMNTN_SPOT" : 52112,
        "MNTN_CODE" : "431105801",
        "MANAGE_SP1" : "05",
        "MANAGE_SP2" : "벤치",
        "DETAIL_SPO" : "벤치[우3m]",
        "ETC_MATTER" : " ",
        "MNTN_NM" : "성무봉",
        "PAST_SPOT_" : "4311058010008",
        "MNTN_ID" : "431105801"
      },
      "geometry" : {
        "x" : 248720.97860000003,
        "y" : 443473.80860000104
      }
    },
    {
      "attributes" : {
        "FID" : 8,
        "PMNTN_SPOT" : 52113,
        "MNTN_CODE" : "431105801",
        "MANAGE_SP1" : "04",
        "MANAGE_SP2" : "화장실",
        "DETAIL_SPO" : "화장실[1.2m]",
        "ETC_MATTER" : " ",
        "MNTN_NM" : "성무봉",
        "PAST_SPOT_" : "4311058010009",
        "MNTN_ID" : "431105801"
      },
      "geometry" : {
        "x" : 248805.67870000098,
        "y" : 443124.53520000167
      }
    },
    {
      "attributes" : {
        "FID" : 9,
        "PMNTN_SPOT" : 52114,
        "MNTN_CODE" : "431105801",
        "MANAGE_SP1" : "23",
        "MANAGE_SP2" : "정상",
        "DETAIL_SPO" : "성무봉정상",
        "ETC_MATTER" : " ",
        "MNTN_NM" : "성무봉",
        "PAST_SPOT_" : "4311058010010",
        "MNTN_ID" : "431105801"
      },
      "geometry" : {
        "x" : 248807.39040000271,
        "y" : 443102.42500000075
      }
    },
    {
      "attributes" : {
        "FID" : 10,
        "PMNTN_SPOT" : 52115,
        "MNTN_CODE" : "431105801",
        "MANAGE_SP1" : "99",
        "MANAGE_SP2" : "기타",
        "DETAIL_SPO" : "활공장",
        "ETC_MATTER" : " ",
        "MNTN_NM" : "성무봉",
        "PAST_SPOT_" : "4311058010011",
        "MNTN_ID" : "431105801"
      },
      "geometry" : {
        "x" : 248803.14049999882,
        "y" : 443104.69290000014
      }
    },
    {
      "attributes" : {
        "FID" : 11,
        "PMNTN_SPOT" : 52116,
        "MNTN_CODE" : "431105801",
        "MANAGE_SP1" : "11",
        "MANAGE_SP2" : "안내판또는지도",
        "DETAIL_SPO" : "문주1리입구안내석",
        "ETC_MATTER" : " ",
        "MNTN_NM" : "성무봉",
        "PAST_SPOT_" : "4311058010012",
        "MNTN_ID" : "431105801"
      },
      "geometry" : {
        "x" : 250199.31769999955,
        "y" : 442282.98920000345
      }
    },
    {
      "attributes" : {
        "FID" : 12,
        "PMNTN_SPOT" : 52117,
        "MNTN_CODE" : "431105801",
        "MANAGE_SP1" : "99",
        "MANAGE_SP2" : "기타",
        "DETAIL_SPO" : "보호수[우7m]",
        "ETC_MATTER" : " ",
        "MNTN_NM" : "성무봉",
        "PAST_SPOT_" : "4311058010013",
        "MNTN_ID" : "431105801"
      },
      "geometry" : {
        "x" : 249980.99789999891,
        "y" : 442336.92129999958
      }
    },
    {
      "attributes" : {
        "FID" : 13,
        "PMNTN_SPOT" : 52118,
        "MNTN_CODE" : "431105801",
        "MANAGE_SP1" : "99",
        "MANAGE_SP2" : "기타",
        "DETAIL_SPO" : "문주정[좌10m]",
        "ETC_MATTER" : " ",
        "MNTN_NM" : "성무봉",
        "PAST_SPOT_" : "4311058010014",
        "MNTN_ID" : "431105801"
      },
      "geometry" : {
        "x" : 249981.32450000104,
        "y" : 442336.23250000179
      }
    },
    {
      "attributes" : {
        "FID" : 14,
        "PMNTN_SPOT" : 52119,
        "MNTN_CODE" : "431105801",
        "MANAGE_SP1" : "18",
        "MANAGE_SP2" : "주차장",
        "DETAIL_SPO" : "왕암사주차장",
        "ETC_MATTER" : " ",
        "MNTN_NM" : "성무봉",
        "PAST_SPOT_" : "4311058010015",
        "MNTN_ID" : "431105801"
      },
      "geometry" : {
        "x" : 248958.44780000113,
        "y" : 442767.73949999921
      }
    },
    {
      "attributes" : {
        "FID" : 15,
        "PMNTN_SPOT" : 52120,
        "MNTN_CODE" : "431105801",
        "MANAGE_SP1" : "99",
        "MANAGE_SP2" : "기타",
        "DETAIL_SPO" : "왕암사",
        "ETC_MATTER" : " ",
        "MNTN_NM" : "성무봉",
        "PAST_SPOT_" : "4311058010016",
        "MNTN_ID" : "431105801"
      },
      "geometry" : {
        "x" : 248937.3219000008,
        "y" : 442830.6958000008
      }
    },
    {
      "attributes" : {
        "FID" : 16,
        "PMNTN_SPOT" : 52121,
        "MNTN_CODE" : "431105801",
        "MANAGE_SP1" : "99",
        "MANAGE_SP2" : "기타",
        "DETAIL_SPO" : "로프설치지역[1]",
        "ETC_MATTER" : " ",
        "MNTN_NM" : "성무봉",
        "PAST_SPOT_" : "4311058010017",
        "MNTN_ID" : "431105801"
      },
      "geometry" : {
        "x" : 248847.87610000186,
        "y" : 442852.20010000281
      }
    },
    {
      "attributes" : {
        "FID" : 17,
        "PMNTN_SPOT" : 52122,
        "MNTN_CODE" : "431105801",
        "MANAGE_SP1" : "99",
        "MANAGE_SP2" : "기타",
        "DETAIL_SPO" : "로프[2]",
        "ETC_MATTER" : " ",
        "MNTN_NM" : "성무봉",
        "PAST_SPOT_" : "4311058010018",
        "MNTN_ID" : "431105801"
      },
      "geometry" : {
        "x" : 248830.20900000166,
        "y" : 442876.0613000039
      }
    },
    {
      "attributes" : {
        "FID" : 18,
        "PMNTN_SPOT" : 52123,
        "MNTN_CODE" : "431105801",
        "MANAGE_SP1" : "99",
        "MANAGE_SP2" : "기타",
        "DETAIL_SPO" : "경고판[공사]",
        "ETC_MATTER" : " ",
        "MNTN_NM" : "성무봉",
        "PAST_SPOT_" : "4311058010019",
        "MNTN_ID" : "431105801"
      },
      "geometry" : {
        "x" : 248882.82950000186,
        "y" : 442969.66070000269
      }
    },
    {
      "attributes" : {
        "FID" : 19,
        "PMNTN_SPOT" : 52124,
        "MNTN_CODE" : "431105801",
        "MANAGE_SP1" : "99",
        "MANAGE_SP2" : "기타",
        "DETAIL_SPO" : "케이블카[공사]",
        "ETC_MATTER" : " ",
        "MNTN_NM" : "성무봉",
        "PAST_SPOT_" : "4311058010020",
        "MNTN_ID" : "431105801"
      },
      "geometry" : {
        "x" : 248872.01840000041,
        "y" : 442992.61550000124
      }
    },
    {
      "attributes" : {
        "FID" : 20,
        "PMNTN_SPOT" : 52125,
        "MNTN_CODE" : "431105801",
        "MANAGE_SP1" : "99",
        "MANAGE_SP2" : "기타",
        "DETAIL_SPO" : "풍향계",
        "ETC_MATTER" : " ",
        "MNTN_NM" : "성무봉",
        "PAST_SPOT_" : "4311058010021",
        "MNTN_ID" : "431105801"
      },
      "geometry" : {
        "x" : 248839.4551999988,
        "y" : 443085.49670000002
      }
    },
    {
      "attributes" : {
        "FID" : 21,
        "PMNTN_SPOT" : 52126,
        "MNTN_CODE" : "431105801",
        "MANAGE_SP1" : "99",
        "MANAGE_SP2" : "기타",
        "DETAIL_SPO" : "초소[공사]",
        "ETC_MATTER" : " ",
        "MNTN_NM" : "성무봉",
        "PAST_SPOT_" : "4311058010022",
        "MNTN_ID" : "431105801"
      },
      "geometry" : {
        "x" : 248839.89610000141,
        "y" : 443084.91200000234
      }
    },
    {
      "attributes" : {
        "FID" : 22,
        "PMNTN_SPOT" : 52127,
        "MNTN_CODE" : "431105801",
        "MANAGE_SP1" : "99",
        "MANAGE_SP2" : "기타",
        "DETAIL_SPO" : "효촌효비각[6m]",
        "ETC_MATTER" : " ",
        "MNTN_NM" : "성무봉",
        "PAST_SPOT_" : "4311058010023",
        "MNTN_ID" : "431105801"
      },
      "geometry" : {
        "x" : 245397.02769999951,
        "y" : 443604.90980000049
      }
    },
    {
      "attributes" : {
        "FID" : 23,
        "PMNTN_SPOT" : 52128,
        "MNTN_CODE" : "431105801",
        "MANAGE_SP1" : "99",
        "MANAGE_SP2" : "기타",
        "DETAIL_SPO" : "솔빛마을[전원주택단지]",
        "ETC_MATTER" : " ",
        "MNTN_NM" : "성무봉",
        "PAST_SPOT_" : "4311058010024",
        "MNTN_ID" : "431105801"
      },
      "geometry" : {
        "x" : 246133.02850000001,
        "y" : 443820.4581000004
      }
    },
    {
      "attributes" : {
        "FID" : 24,
        "PMNTN_SPOT" : 52129,
        "MNTN_CODE" : "431105801",
        "MANAGE_SP1" : "05",
        "MANAGE_SP2" : "벤치",
        "DETAIL_SPO" : "벤치[좌2m]",
        "ETC_MATTER" : " ",
        "MNTN_NM" : "성무봉",
        "PAST_SPOT_" : "4311058010025",
        "MNTN_ID" : "431105801"
      },
      "geometry" : {
        "x" : 246222.67339999974,
        "y" : 443963.34840000048
      }
    },
    {
      "attributes" : {
        "FID" : 25,
        "PMNTN_SPOT" : 52130,
        "MNTN_CODE" : "431105801",
        "MANAGE_SP1" : "99",
        "MANAGE_SP2" : "기타",
        "DETAIL_SPO" : "접점.혜은사[이정표설치요]",
        "ETC_MATTER" : " ",
        "MNTN_NM" : "성무봉",
        "PAST_SPOT_" : "4311058010026",
        "MNTN_ID" : "431105801"
      },
      "geometry" : {
        "x" : 246629.03660000116,
        "y" : 444342.39510000125
      }
    },
    {
      "attributes" : {
        "FID" : 26,
        "PMNTN_SPOT" : 52131,
        "MNTN_CODE" : "431105801",
        "MANAGE_SP1" : "05",
        "MANAGE_SP2" : "벤치",
        "DETAIL_SPO" : "벤치[좌우각1점]",
        "ETC_MATTER" : " ",
        "MNTN_NM" : "성무봉",
        "PAST_SPOT_" : "4311058010027",
        "MNTN_ID" : "431105801"
      },
      "geometry" : {
        "x" : 246884.61459999997,
        "y" : 444936.4477000013
      }
    },
    {
      "attributes" : {
        "FID" : 27,
        "PMNTN_SPOT" : 52132,
        "MNTN_CODE" : "431105801",
        "MANAGE_SP1" : "99",
        "MANAGE_SP2" : "기타",
        "DETAIL_SPO" : "우동기구4점",
        "ETC_MATTER" : " ",
        "MNTN_NM" : "성무봉",
        "PAST_SPOT_" : "4311058010028",
        "MNTN_ID" : "431105801"
      },
      "geometry" : {
        "x" : 246883.91100000031,
        "y" : 444937.99120000191
      }
    },
    {
      "attributes" : {
        "FID" : 28,
        "PMNTN_SPOT" : 52133,
        "MNTN_CODE" : "431105801",
        "MANAGE_SP1" : "05",
        "MANAGE_SP2" : "벤치",
        "DETAIL_SPO" : "벤치[우1조]",
        "ETC_MATTER" : " ",
        "MNTN_NM" : "성무봉",
        "PAST_SPOT_" : "4311058010029",
        "MNTN_ID" : "431105801"
      },
      "geometry" : {
        "x" : 247066.78679999895,
        "y" : 444940.30440000445
      }
    },
    {
      "attributes" : {
        "FID" : 29,
        "PMNTN_SPOT" : 52134,
        "MNTN_CODE" : "431105801",
        "MANAGE_SP1" : "99",
        "MANAGE_SP2" : "기타",
        "DETAIL_SPO" : "로프설치지역[1]",
        "ETC_MATTER" : " ",
        "MNTN_NM" : "성무봉",
        "PAST_SPOT_" : "4311058010030",
        "MNTN_ID" : "431105801"
      },
      "geometry" : {
        "x" : 248179.40119999927,
        "y" : 444737.53070000373
      }
    },
    {
      "attributes" : {
        "FID" : 30,
        "PMNTN_SPOT" : 52135,
        "MNTN_CODE" : "431105801",
        "MANAGE_SP1" : "99",
        "MANAGE_SP2" : "기타",
        "DETAIL_SPO" : "로프[2]",
        "ETC_MATTER" : " ",
        "MNTN_NM" : "성무봉",
        "PAST_SPOT_" : "4311058010031",
        "MNTN_ID" : "431105801"
      },
      "geometry" : {
        "x" : 248322.34919999912,
        "y" : 444715.24150000326
      }
    },
    {
      "attributes" : {
        "FID" : 31,
        "PMNTN_SPOT" : 52136,
        "MNTN_CODE" : "431105801",
        "MANAGE_SP1" : "99",
        "MANAGE_SP2" : "기타",
        "DETAIL_SPO" : "로프설치지역[1]",
        "ETC_MATTER" : " ",
        "MNTN_NM" : "성무봉",
        "PAST_SPOT_" : "4311058010032",
        "MNTN_ID" : "431105801"
      },
      "geometry" : {
        "x" : 248388.14490000065,
        "y" : 444687.76610000059
      }
    },
    {
      "attributes" : {
        "FID" : 32,
        "PMNTN_SPOT" : 52137,
        "MNTN_CODE" : "431105801",
        "MANAGE_SP1" : "99",
        "MANAGE_SP2" : "기타",
        "DETAIL_SPO" : "x",
        "ETC_MATTER" : " ",
        "MNTN_NM" : "성무봉",
        "PAST_SPOT_" : "4311058010033",
        "MNTN_ID" : "431105801"
      },
      "geometry" : {
        "x" : 248446.54879999999,
        "y" : 444662.07080000266
      }
    },
    {
      "attributes" : {
        "FID" : 33,
        "PMNTN_SPOT" : 52138,
        "MNTN_CODE" : "431105801",
        "MANAGE_SP1" : "99",
        "MANAGE_SP2" : "기타",
        "DETAIL_SPO" : "사방지댐.팔각정",
        "ETC_MATTER" : " ",
        "MNTN_NM" : "성무봉",
        "PAST_SPOT_" : "4311058010034",
        "MNTN_ID" : "431105801"
      },
      "geometry" : {
        "x" : 247884.9074000027,
        "y" : 444112.43229999952
      }
    },
    {
      "attributes" : {
        "FID" : 34,
        "PMNTN_SPOT" : 52139,
        "MNTN_CODE" : "431105801",
        "MANAGE_SP1" : "99",
        "MANAGE_SP2" : "기타",
        "DETAIL_SPO" : "송암1리마을회관",
        "ETC_MATTER" : " ",
        "MNTN_NM" : "성무봉",
        "PAST_SPOT_" : "4311058010035",
        "MNTN_ID" : "431105801"
      },
      "geometry" : {
        "x" : 247396.0493999999,
        "y" : 443944.47210000083
      }
    },
    {
      "attributes" : {
        "FID" : 35,
        "PMNTN_SPOT" : 52140,
        "MNTN_CODE" : "431105801",
        "MANAGE_SP1" : "01",
        "MANAGE_SP2" : "시종점",
        "DETAIL_SPO" : "시종점",
        "ETC_MATTER" : " ",
        "MNTN_NM" : "성무봉",
        "PAST_SPOT_" : "4311058010036",
        "MNTN_ID" : "431105801"
      },
      "geometry" : {
        "x" : 247356.94770000037,
        "y" : 443913.86000000127
      }
    },
    {
      "attributes" : {
        "FID" : 36,
        "PMNTN_SPOT" : 52141,
        "MNTN_CODE" : "431105801",
        "MANAGE_SP1" : "01",
        "MANAGE_SP2" : "시종점",
        "DETAIL_SPO" : "시종점",
        "ETC_MATTER" : " ",
        "MNTN_NM" : "성무봉",
        "PAST_SPOT_" : "4311058010037",
        "MNTN_ID" : "431105801"
      },
      "geometry" : {
        "x" : 247984.00140000135,
        "y" : 445805.71890000068
      }
    },
    {
      "attributes" : {
        "FID" : 37,
        "PMNTN_SPOT" : 52142,
        "MNTN_CODE" : "431105801",
        "MANAGE_SP1" : "02",
        "MANAGE_SP2" : "분기점",
        "DETAIL_SPO" : "분기점",
        "ETC_MATTER" : " ",
        "MNTN_NM" : "성무봉",
        "PAST_SPOT_" : "4311058010038",
        "MNTN_ID" : "431105801"
      },
      "geometry" : {
        "x" : 248586.10410000104,
        "y" : 444321.7835000027
      }
    },
    {
      "attributes" : {
        "FID" : 38,
        "PMNTN_SPOT" : 52143,
        "MNTN_CODE" : "431105801",
        "MANAGE_SP1" : "01",
        "MANAGE_SP2" : "시종점",
        "DETAIL_SPO" : "시종점",
        "ETC_MATTER" : " ",
        "MNTN_NM" : "성무봉",
        "PAST_SPOT_" : "4311058010039",
        "MNTN_ID" : "431105801"
      },
      "geometry" : {
        "x" : 248838.43450000137,
        "y" : 443083.64279999956
      }
    }
  ]
}