{
  "displayFieldName" : "",
  "fieldAliases" : {
    "FID" : "FID",
    "PMNTN_SPOT" : "PMNTN_SPOT",
    "MNTN_CODE" : "MNTN_CODE",
    "MANAGE_SP1" : "MANAGE_SP1",
    "MANAGE_SP2" : "MANAGE_SP2",
    "DETAIL_SPO" : "DETAIL_SPO",
    "ETC_MATTER" : "ETC_MATTER",
    "MNTN_NM" : "MNTN_NM",
    "PAST_SPOT_" : "PAST_SPOT_",
    "MNTN_ID" : "MNTN_ID"
  },
  "geometryType" : "esriGeometryPoint",
  "spatialReference" : {
    "wkt" : "PROJCS[\"PCS_ITRF2000_TM\",GEOGCS[\"GCS_ITRF_2000\",DATUM[\"D_ITRF_2000\",SPHEROID[\"GRS_1980\",6378137.0,298.257222101]],PRIMEM[\"Greenwich\",0.0],UNIT[\"Degree\",0.0174532925199433]],PROJECTION[\"Transverse_Mercator\"],PARAMETER[\"False_Easting\",200000.0],PARAMETER[\"False_Northing\",600000.0],PARAMETER[\"Central_Meridian\",127.0],PARAMETER[\"Scale_Factor\",1.0],PARAMETER[\"Latitude_Of_Origin\",38.0],UNIT[\"Meter\",1.0]]"
  },
  "fields" : [
    {
      "name" : "FID",
      "type" : "esriFieldTypeOID",
      "alias" : "FID"
    },
    {
      "name" : "PMNTN_SPOT",
      "type" : "esriFieldTypeDouble",
      "alias" : "PMNTN_SPOT"
    },
    {
      "name" : "MNTN_CODE",
      "type" : "esriFieldTypeString",
      "alias" : "MNTN_CODE",
      "length" : 9
    },
    {
      "name" : "MANAGE_SP1",
      "type" : "esriFieldTypeString",
      "alias" : "MANAGE_SP1",
      "length" : 2
    },
    {
      "name" : "MANAGE_SP2",
      "type" : "esriFieldTypeString",
      "alias" : "MANAGE_SP2",
      "length" : 50
    },
    {
      "name" : "DETAIL_SPO",
      "type" : "esriFieldTypeString",
      "alias" : "DETAIL_SPO",
      "length" : 200
    },
    {
      "name" : "ETC_MATTER",
      "type" : "esriFieldTypeString",
      "alias" : "ETC_MATTER",
      "length" : 200
    },
    {
      "name" : "MNTN_NM",
      "type" : "esriFieldTypeString",
      "alias" : "MNTN_NM",
      "length" : 50
    },
    {
      "name" : "PAST_SPOT_",
      "type" : "esriFieldTypeString",
      "alias" : "PAST_SPOT_",
      "length" : 14
    },
    {
      "name" : "MNTN_ID",
      "type" : "esriFieldTypeString",
      "alias" : "MNTN_ID",
      "length" : 10
    }
  ],
  "features" : [
    {
      "attributes" : {
        "FID" : 0,
        "PMNTN_SPOT" : 75658,
        "MNTN_CODE" : "482503401",
        "MANAGE_SP1" : "01",
        "MANAGE_SP2" : "시종점",
        "DETAIL_SPO" : "시종점",
        "ETC_MATTER" : " ",
        "MNTN_NM" : "임호산",
        "PAST_SPOT_" : "4825034010001",
        "MNTN_ID" : "482503401"
      },
      "geometry" : {
        "x" : 368559.67640002538,
        "y" : 293470.52230000123
      }
    },
    {
      "attributes" : {
        "FID" : 1,
        "PMNTN_SPOT" : 75659,
        "MNTN_CODE" : "482503401",
        "MANAGE_SP1" : "02",
        "MANAGE_SP2" : "분기점",
        "DETAIL_SPO" : "분기점",
        "ETC_MATTER" : " ",
        "MNTN_NM" : "임호산",
        "PAST_SPOT_" : "4825034010002",
        "MNTN_ID" : "482503401"
      },
      "geometry" : {
        "x" : 368811.78677633032,
        "y" : 293738.87917001918
      }
    },
    {
      "attributes" : {
        "FID" : 2,
        "PMNTN_SPOT" : 75660,
        "MNTN_CODE" : "482503401",
        "MANAGE_SP1" : "01",
        "MANAGE_SP2" : "시종점",
        "DETAIL_SPO" : "시종점",
        "ETC_MATTER" : " ",
        "MNTN_NM" : "임호산",
        "PAST_SPOT_" : "4825034010003",
        "MNTN_ID" : "482503401"
      },
      "geometry" : {
        "x" : 368975.39280002471,
        "y" : 293339.56150000356
      }
    },
    {
      "attributes" : {
        "FID" : 3,
        "PMNTN_SPOT" : 75661,
        "MNTN_CODE" : "482503401",
        "MANAGE_SP1" : "02",
        "MANAGE_SP2" : "분기점",
        "DETAIL_SPO" : "분기점",
        "ETC_MATTER" : " ",
        "MNTN_NM" : "임호산",
        "PAST_SPOT_" : "4825034010004",
        "MNTN_ID" : "482503401"
      },
      "geometry" : {
        "x" : 369014.180802227,
        "y" : 293382.72312475741
      }
    },
    {
      "attributes" : {
        "FID" : 4,
        "PMNTN_SPOT" : 75662,
        "MNTN_CODE" : "482503401",
        "MANAGE_SP1" : "01",
        "MANAGE_SP2" : "시종점",
        "DETAIL_SPO" : "시종점",
        "ETC_MATTER" : " ",
        "MNTN_NM" : "임호산",
        "PAST_SPOT_" : "4825034010005",
        "MNTN_ID" : "482503401"
      },
      "geometry" : {
        "x" : 369092.2501000287,
        "y" : 293305.98190000281
      }
    },
    {
      "attributes" : {
        "FID" : 5,
        "PMNTN_SPOT" : 75663,
        "MNTN_CODE" : "482503401",
        "MANAGE_SP1" : "02",
        "MANAGE_SP2" : "분기점",
        "DETAIL_SPO" : "분기점",
        "ETC_MATTER" : " ",
        "MNTN_NM" : "임호산",
        "PAST_SPOT_" : "4825034010006",
        "MNTN_ID" : "482503401"
      },
      "geometry" : {
        "x" : 369312.14059394412,
        "y" : 293472.64563693292
      }
    },
    {
      "attributes" : {
        "FID" : 6,
        "PMNTN_SPOT" : 75664,
        "MNTN_CODE" : "482503401",
        "MANAGE_SP1" : "02",
        "MANAGE_SP2" : "분기점",
        "DETAIL_SPO" : "분기점",
        "ETC_MATTER" : " ",
        "MNTN_NM" : "임호산",
        "PAST_SPOT_" : "4825034010007",
        "MNTN_ID" : "482503401"
      },
      "geometry" : {
        "x" : 369815.47830002569,
        "y" : 293685.20069999993
      }
    },
    {
      "attributes" : {
        "FID" : 7,
        "PMNTN_SPOT" : 75665,
        "MNTN_CODE" : "482503401",
        "MANAGE_SP1" : "01",
        "MANAGE_SP2" : "시종점",
        "DETAIL_SPO" : "시종점",
        "ETC_MATTER" : " ",
        "MNTN_NM" : "임호산",
        "PAST_SPOT_" : "4825034010008",
        "MNTN_ID" : "482503401"
      },
      "geometry" : {
        "x" : 370018.03330002818,
        "y" : 293402.33239999972
      }
    },
    {
      "attributes" : {
        "FID" : 8,
        "PMNTN_SPOT" : 75666,
        "MNTN_CODE" : "482503401",
        "MANAGE_SP1" : "02",
        "MANAGE_SP2" : "분기점",
        "DETAIL_SPO" : "분기점",
        "ETC_MATTER" : " ",
        "MNTN_NM" : "임호산",
        "PAST_SPOT_" : "4825034010009",
        "MNTN_ID" : "482503401"
      },
      "geometry" : {
        "x" : 370069.06888465304,
        "y" : 293851.30464538746
      }
    },
    {
      "attributes" : {
        "FID" : 9,
        "PMNTN_SPOT" : 75667,
        "MNTN_CODE" : "482503401",
        "MANAGE_SP1" : "02",
        "MANAGE_SP2" : "분기점",
        "DETAIL_SPO" : "분기점",
        "ETC_MATTER" : " ",
        "MNTN_NM" : "임호산",
        "PAST_SPOT_" : "4825034010010",
        "MNTN_ID" : "482503401"
      },
      "geometry" : {
        "x" : 370199.69558779895,
        "y" : 293674.82524934597
      }
    },
    {
      "attributes" : {
        "FID" : 10,
        "PMNTN_SPOT" : 75668,
        "MNTN_CODE" : "482503401",
        "MANAGE_SP1" : "02",
        "MANAGE_SP2" : "분기점",
        "DETAIL_SPO" : "분기점",
        "ETC_MATTER" : " ",
        "MNTN_NM" : "임호산",
        "PAST_SPOT_" : "4825034010011",
        "MNTN_ID" : "482503401"
      },
      "geometry" : {
        "x" : 370273.12759393267,
        "y" : 293729.72575553879
      }
    },
    {
      "attributes" : {
        "FID" : 11,
        "PMNTN_SPOT" : 75669,
        "MNTN_CODE" : "482503401",
        "MANAGE_SP1" : "99",
        "MANAGE_SP2" : "기타",
        "DETAIL_SPO" : "평상2,119(5-2)",
        "ETC_MATTER" : " ",
        "MNTN_NM" : "임호산",
        "PAST_SPOT_" : "28043328000012",
        "MNTN_ID" : "2804332800"
      },
      "geometry" : {
        "x" : 369983.10270002764,
        "y" : 293722.14840000495
      }
    },
    {
      "attributes" : {
        "FID" : 12,
        "PMNTN_SPOT" : 75670,
        "MNTN_CODE" : "482503401",
        "MANAGE_SP1" : "99",
        "MANAGE_SP2" : "기타",
        "DETAIL_SPO" : "평상",
        "ETC_MATTER" : " ",
        "MNTN_NM" : "임호산",
        "PAST_SPOT_" : "28043328000013",
        "MNTN_ID" : "2804332800"
      },
      "geometry" : {
        "x" : 369853.49070002791,
        "y" : 293700.14409999922
      }
    },
    {
      "attributes" : {
        "FID" : 13,
        "PMNTN_SPOT" : 75671,
        "MNTN_CODE" : "482503401",
        "MANAGE_SP1" : "99",
        "MANAGE_SP2" : "기타",
        "DETAIL_SPO" : "기타",
        "ETC_MATTER" : " ",
        "MNTN_NM" : "임호산",
        "PAST_SPOT_" : "28043328000014",
        "MNTN_ID" : "2804332800"
      },
      "geometry" : {
        "x" : 368991.32930002548,
        "y" : 293844.38890000246
      }
    },
    {
      "attributes" : {
        "FID" : 14,
        "PMNTN_SPOT" : 75672,
        "MNTN_CODE" : "482503401",
        "MANAGE_SP1" : "05",
        "MANAGE_SP2" : "벤치",
        "DETAIL_SPO" : "벤치2",
        "ETC_MATTER" : " ",
        "MNTN_NM" : "임호산",
        "PAST_SPOT_" : "28043328000015",
        "MNTN_ID" : "2804332800"
      },
      "geometry" : {
        "x" : 368949.68470002431,
        "y" : 293787.37649999931
      }
    },
    {
      "attributes" : {
        "FID" : 15,
        "PMNTN_SPOT" : 75673,
        "MNTN_CODE" : "482503401",
        "MANAGE_SP1" : "99",
        "MANAGE_SP2" : "기타",
        "DETAIL_SPO" : "기타",
        "ETC_MATTER" : " ",
        "MNTN_NM" : "임호산",
        "PAST_SPOT_" : "28043328000016",
        "MNTN_ID" : "2804332800"
      },
      "geometry" : {
        "x" : 369093.49830002617,
        "y" : 293827.3273000028
      }
    },
    {
      "attributes" : {
        "FID" : 16,
        "PMNTN_SPOT" : 75674,
        "MNTN_CODE" : "482503401",
        "MANAGE_SP1" : "18",
        "MANAGE_SP2" : "주차장",
        "DETAIL_SPO" : "흥부암주차장",
        "ETC_MATTER" : " ",
        "MNTN_NM" : "임호산",
        "PAST_SPOT_" : "28043328000017",
        "MNTN_ID" : "2804332800"
      },
      "geometry" : {
        "x" : 370321.15450002812,
        "y" : 293755.32480000332
      }
    },
    {
      "attributes" : {
        "FID" : 17,
        "PMNTN_SPOT" : 75675,
        "MNTN_CODE" : "482503401",
        "MANAGE_SP1" : "99",
        "MANAGE_SP2" : "기타",
        "DETAIL_SPO" : "흥부암",
        "ETC_MATTER" : " ",
        "MNTN_NM" : "임호산",
        "PAST_SPOT_" : "28043328000018",
        "MNTN_ID" : "2804332800"
      },
      "geometry" : {
        "x" : 370253.13180003036,
        "y" : 293798.39090000093
      }
    },
    {
      "attributes" : {
        "FID" : 18,
        "PMNTN_SPOT" : 75676,
        "MNTN_CODE" : "482503401",
        "MANAGE_SP1" : "99",
        "MANAGE_SP2" : "기타",
        "DETAIL_SPO" : "기타",
        "ETC_MATTER" : " ",
        "MNTN_NM" : "임호산",
        "PAST_SPOT_" : "28043328000019",
        "MNTN_ID" : "2804332800"
      },
      "geometry" : {
        "x" : 369888.07790002786,
        "y" : 293810.64350000583
      }
    },
    {
      "attributes" : {
        "FID" : 19,
        "PMNTN_SPOT" : 75677,
        "MNTN_CODE" : "482503401",
        "MANAGE_SP1" : "99",
        "MANAGE_SP2" : "기타",
        "DETAIL_SPO" : "기타",
        "ETC_MATTER" : " ",
        "MNTN_NM" : "임호산",
        "PAST_SPOT_" : "28043328000020",
        "MNTN_ID" : "2804332800"
      },
      "geometry" : {
        "x" : 369889.06390002742,
        "y" : 293852.72160000168
      }
    },
    {
      "attributes" : {
        "FID" : 20,
        "PMNTN_SPOT" : 75678,
        "MNTN_CODE" : "482503401",
        "MANAGE_SP1" : "99",
        "MANAGE_SP2" : "기타",
        "DETAIL_SPO" : "기타",
        "ETC_MATTER" : " ",
        "MNTN_NM" : "임호산",
        "PAST_SPOT_" : "28043328000021",
        "MNTN_ID" : "2804332800"
      },
      "geometry" : {
        "x" : 369956.81080002803,
        "y" : 293886.27419999801
      }
    },
    {
      "attributes" : {
        "FID" : 21,
        "PMNTN_SPOT" : 75679,
        "MNTN_CODE" : "482503401",
        "MANAGE_SP1" : "99",
        "MANAGE_SP2" : "기타",
        "DETAIL_SPO" : "기타",
        "ETC_MATTER" : " ",
        "MNTN_NM" : "임호산",
        "PAST_SPOT_" : "28043328000022",
        "MNTN_ID" : "2804332800"
      },
      "geometry" : {
        "x" : 368889.34040002804,
        "y" : 293963.06780000031
      }
    },
    {
      "attributes" : {
        "FID" : 22,
        "PMNTN_SPOT" : 75680,
        "MNTN_CODE" : "482503401",
        "MANAGE_SP1" : "01",
        "MANAGE_SP2" : "시종점",
        "DETAIL_SPO" : "시종점,일동 한신아파트",
        "ETC_MATTER" : " ",
        "MNTN_NM" : "임호산",
        "PAST_SPOT_" : "28043328000023",
        "MNTN_ID" : "2804332800"
      },
      "geometry" : {
        "x" : 368435.95970002469,
        "y" : 294115.15960000455
      }
    },
    {
      "attributes" : {
        "FID" : 23,
        "PMNTN_SPOT" : 75681,
        "MNTN_CODE" : "482503401",
        "MANAGE_SP1" : "01",
        "MANAGE_SP2" : "시종점",
        "DETAIL_SPO" : "시종점,한신아파트",
        "ETC_MATTER" : " ",
        "MNTN_NM" : "임호산",
        "PAST_SPOT_" : "28043328000024",
        "MNTN_ID" : "2804332800"
      },
      "geometry" : {
        "x" : 368570.60490002669,
        "y" : 294265.19150000252
      }
    },
    {
      "attributes" : {
        "FID" : 24,
        "PMNTN_SPOT" : 75682,
        "MNTN_CODE" : "482503401",
        "MANAGE_SP1" : "02",
        "MANAGE_SP2" : "분기점",
        "DETAIL_SPO" : "분기점",
        "ETC_MATTER" : " ",
        "MNTN_NM" : "임호산",
        "PAST_SPOT_" : "28043328000025",
        "MNTN_ID" : "2804332800"
      },
      "geometry" : {
        "x" : 368817.10650002398,
        "y" : 294114.66059999913
      }
    },
    {
      "attributes" : {
        "FID" : 25,
        "PMNTN_SPOT" : 75683,
        "MNTN_CODE" : "482503401",
        "MANAGE_SP1" : "02",
        "MANAGE_SP2" : "분기점",
        "DETAIL_SPO" : "분기점",
        "ETC_MATTER" : " ",
        "MNTN_NM" : "임호산",
        "PAST_SPOT_" : "28043328000026",
        "MNTN_ID" : "2804332800"
      },
      "geometry" : {
        "x" : 368978.50730002671,
        "y" : 293836.19720000401
      }
    },
    {
      "attributes" : {
        "FID" : 26,
        "PMNTN_SPOT" : 75684,
        "MNTN_CODE" : "482503401",
        "MANAGE_SP1" : "99",
        "MANAGE_SP2" : "기타",
        "DETAIL_SPO" : "함박산",
        "ETC_MATTER" : " ",
        "MNTN_NM" : "임호산",
        "PAST_SPOT_" : "28043328000027",
        "MNTN_ID" : "2804332800"
      },
      "geometry" : {
        "x" : 369066.80530002806,
        "y" : 293906.57370000519
      }
    },
    {
      "attributes" : {
        "FID" : 27,
        "PMNTN_SPOT" : 75685,
        "MNTN_CODE" : "482503401",
        "MANAGE_SP1" : "01",
        "MANAGE_SP2" : "시종점",
        "DETAIL_SPO" : "시종점",
        "ETC_MATTER" : " ",
        "MNTN_NM" : "임호산",
        "PAST_SPOT_" : "28043328000028",
        "MNTN_ID" : "2804332800"
      },
      "geometry" : {
        "x" : 369068.06430002768,
        "y" : 293363.44410000183
      }
    },
    {
      "attributes" : {
        "FID" : 28,
        "PMNTN_SPOT" : 75686,
        "MNTN_CODE" : "482503401",
        "MANAGE_SP1" : "02",
        "MANAGE_SP2" : "분기점",
        "DETAIL_SPO" : "분기점",
        "ETC_MATTER" : " ",
        "MNTN_NM" : "임호산",
        "PAST_SPOT_" : "28043328000029",
        "MNTN_ID" : "2804332800"
      },
      "geometry" : {
        "x" : 369159.2765000239,
        "y" : 293845.32539999858
      }
    },
    {
      "attributes" : {
        "FID" : 29,
        "PMNTN_SPOT" : 75687,
        "MNTN_CODE" : "482503401",
        "MANAGE_SP1" : "02",
        "MANAGE_SP2" : "분기점",
        "DETAIL_SPO" : "분기점",
        "ETC_MATTER" : " ",
        "MNTN_NM" : "임호산",
        "PAST_SPOT_" : "28043328000030",
        "MNTN_ID" : "2804332800"
      },
      "geometry" : {
        "x" : 369214.43190002535,
        "y" : 293716.24220000207
      }
    },
    {
      "attributes" : {
        "FID" : 30,
        "PMNTN_SPOT" : 75688,
        "MNTN_CODE" : "482503401",
        "MANAGE_SP1" : "99",
        "MANAGE_SP2" : "기타",
        "DETAIL_SPO" : "평상,탁자",
        "ETC_MATTER" : " ",
        "MNTN_NM" : "임호산",
        "PAST_SPOT_" : "28043328000031",
        "MNTN_ID" : "2804332800"
      },
      "geometry" : {
        "x" : 369249.90820002649,
        "y" : 293824.77309999987
      }
    },
    {
      "attributes" : {
        "FID" : 31,
        "PMNTN_SPOT" : 75689,
        "MNTN_CODE" : "482503401",
        "MANAGE_SP1" : "02",
        "MANAGE_SP2" : "분기점",
        "DETAIL_SPO" : "분기점",
        "ETC_MATTER" : " ",
        "MNTN_NM" : "임호산",
        "PAST_SPOT_" : "28043328000032",
        "MNTN_ID" : "2804332800"
      },
      "geometry" : {
        "x" : 369470.43200002611,
        "y" : 293690.72970000654
      }
    },
    {
      "attributes" : {
        "FID" : 32,
        "PMNTN_SPOT" : 75690,
        "MNTN_CODE" : "482503401",
        "MANAGE_SP1" : "01",
        "MANAGE_SP2" : "시종점",
        "DETAIL_SPO" : "시종점,아이뜰공원",
        "ETC_MATTER" : " ",
        "MNTN_NM" : "임호산",
        "PAST_SPOT_" : "28043328000033",
        "MNTN_ID" : "2804332800"
      },
      "geometry" : {
        "x" : 369474.01760002505,
        "y" : 293328.60139999911
      }
    },
    {
      "attributes" : {
        "FID" : 33,
        "PMNTN_SPOT" : 75691,
        "MNTN_CODE" : "482503401",
        "MANAGE_SP1" : "02",
        "MANAGE_SP2" : "분기점",
        "DETAIL_SPO" : "분기점",
        "ETC_MATTER" : " ",
        "MNTN_NM" : "임호산",
        "PAST_SPOT_" : "28043328000034",
        "MNTN_ID" : "2804332800"
      },
      "geometry" : {
        "x" : 369532.04760002624,
        "y" : 293605.38949999958
      }
    },
    {
      "attributes" : {
        "FID" : 34,
        "PMNTN_SPOT" : 75692,
        "MNTN_CODE" : "482503401",
        "MANAGE_SP1" : "01",
        "MANAGE_SP2" : "시종점",
        "DETAIL_SPO" : "시종점,성일교회",
        "ETC_MATTER" : " ",
        "MNTN_NM" : "임호산",
        "PAST_SPOT_" : "28043328000035",
        "MNTN_ID" : "2804332800"
      },
      "geometry" : {
        "x" : 369634.36650002748,
        "y" : 293978.90530000255
      }
    },
    {
      "attributes" : {
        "FID" : 35,
        "PMNTN_SPOT" : 75693,
        "MNTN_CODE" : "482503401",
        "MANAGE_SP1" : "02",
        "MANAGE_SP2" : "분기점",
        "DETAIL_SPO" : "분기점",
        "ETC_MATTER" : " ",
        "MNTN_NM" : "임호산",
        "PAST_SPOT_" : "28043328000036",
        "MNTN_ID" : "2804332800"
      },
      "geometry" : {
        "x" : 369778.38870002702,
        "y" : 293684.20400000364
      }
    },
    {
      "attributes" : {
        "FID" : 36,
        "PMNTN_SPOT" : 75694,
        "MNTN_CODE" : "482503401",
        "MANAGE_SP1" : "02",
        "MANAGE_SP2" : "분기점",
        "DETAIL_SPO" : "분기점",
        "ETC_MATTER" : " ",
        "MNTN_NM" : "임호산",
        "PAST_SPOT_" : "28043328000037",
        "MNTN_ID" : "2804332800"
      },
      "geometry" : {
        "x" : 369796.84170002397,
        "y" : 293711.02399999835
      }
    },
    {
      "attributes" : {
        "FID" : 37,
        "PMNTN_SPOT" : 75695,
        "MNTN_CODE" : "482503401",
        "MANAGE_SP1" : "01",
        "MANAGE_SP2" : "시종점",
        "DETAIL_SPO" : "시종점",
        "ETC_MATTER" : " ",
        "MNTN_NM" : "임호산",
        "PAST_SPOT_" : "28043328000038",
        "MNTN_ID" : "2804332800"
      },
      "geometry" : {
        "x" : 369820.51040002517,
        "y" : 294057.65870000236
      }
    },
    {
      "attributes" : {
        "FID" : 38,
        "PMNTN_SPOT" : 75696,
        "MNTN_CODE" : "482503401",
        "MANAGE_SP1" : "02",
        "MANAGE_SP2" : "분기점",
        "DETAIL_SPO" : "분기점",
        "ETC_MATTER" : " ",
        "MNTN_NM" : "임호산",
        "PAST_SPOT_" : "28043328000039",
        "MNTN_ID" : "2804332800"
      },
      "geometry" : {
        "x" : 369877.97380002774,
        "y" : 293835.46220000461
      }
    },
    {
      "attributes" : {
        "FID" : 39,
        "PMNTN_SPOT" : 75697,
        "MNTN_CODE" : "482503401",
        "MANAGE_SP1" : "02",
        "MANAGE_SP2" : "분기점",
        "DETAIL_SPO" : "분기점",
        "ETC_MATTER" : " ",
        "MNTN_NM" : "임호산",
        "PAST_SPOT_" : "28043328000040",
        "MNTN_ID" : "2804332800"
      },
      "geometry" : {
        "x" : 369914.70810002461,
        "y" : 293730.29900000431
      }
    },
    {
      "attributes" : {
        "FID" : 40,
        "PMNTN_SPOT" : 75698,
        "MNTN_CODE" : "482503401",
        "MANAGE_SP1" : "02",
        "MANAGE_SP2" : "분기점",
        "DETAIL_SPO" : "분기점",
        "ETC_MATTER" : " ",
        "MNTN_NM" : "임호산",
        "PAST_SPOT_" : "28043328000041",
        "MNTN_ID" : "2804332800"
      },
      "geometry" : {
        "x" : 369938.6942000268,
        "y" : 293860.56930000521
      }
    },
    {
      "attributes" : {
        "FID" : 41,
        "PMNTN_SPOT" : 75699,
        "MNTN_CODE" : "482503401",
        "MANAGE_SP1" : "01",
        "MANAGE_SP2" : "시종점",
        "DETAIL_SPO" : "시종점,조흥 그린아파트",
        "ETC_MATTER" : " ",
        "MNTN_NM" : "임호산",
        "PAST_SPOT_" : "28043328000042",
        "MNTN_ID" : "2804332800"
      },
      "geometry" : {
        "x" : 369996.16000002529,
        "y" : 294038.43490000442
      }
    },
    {
      "attributes" : {
        "FID" : 42,
        "PMNTN_SPOT" : 75700,
        "MNTN_CODE" : "482503401",
        "MANAGE_SP1" : "02",
        "MANAGE_SP2" : "분기점",
        "DETAIL_SPO" : "분기점",
        "ETC_MATTER" : " ",
        "MNTN_NM" : "임호산",
        "PAST_SPOT_" : "28043328000043",
        "MNTN_ID" : "2804332800"
      },
      "geometry" : {
        "x" : 370072.26270002685,
        "y" : 293729.26570000686
      }
    },
    {
      "attributes" : {
        "FID" : 43,
        "PMNTN_SPOT" : 75701,
        "MNTN_CODE" : "482503401",
        "MANAGE_SP1" : "02",
        "MANAGE_SP2" : "분기점",
        "DETAIL_SPO" : "분기점",
        "ETC_MATTER" : " ",
        "MNTN_NM" : "임호산",
        "PAST_SPOT_" : "28043328000044",
        "MNTN_ID" : "2804332800"
      },
      "geometry" : {
        "x" : 370117.38750002719,
        "y" : 293740.95560000837
      }
    },
    {
      "attributes" : {
        "FID" : 44,
        "PMNTN_SPOT" : 75702,
        "MNTN_CODE" : "482503401",
        "MANAGE_SP1" : "02",
        "MANAGE_SP2" : "분기점",
        "DETAIL_SPO" : "분기점",
        "ETC_MATTER" : " ",
        "MNTN_NM" : "임호산",
        "PAST_SPOT_" : "28043328000045",
        "MNTN_ID" : "2804332800"
      },
      "geometry" : {
        "x" : 370303.57650002651,
        "y" : 293781.3685999997
      }
    },
    {
      "attributes" : {
        "FID" : 45,
        "PMNTN_SPOT" : 75703,
        "MNTN_CODE" : "482503401",
        "MANAGE_SP1" : "01",
        "MANAGE_SP2" : "시종점",
        "DETAIL_SPO" : "시종점,흥동주유소",
        "ETC_MATTER" : " ",
        "MNTN_NM" : "임호산",
        "PAST_SPOT_" : "28043328000046",
        "MNTN_ID" : "2804332800"
      },
      "geometry" : {
        "x" : 370345.33130002581,
        "y" : 293553.92890000157
      }
    },
    {
      "attributes" : {
        "FID" : 46,
        "PMNTN_SPOT" : 75704,
        "MNTN_CODE" : "482503401",
        "MANAGE_SP1" : "01",
        "MANAGE_SP2" : "시종점",
        "DETAIL_SPO" : "시종점",
        "ETC_MATTER" : " ",
        "MNTN_NM" : "임호산",
        "PAST_SPOT_" : "28043328000047",
        "MNTN_ID" : "2804332800"
      },
      "geometry" : {
        "x" : 370423.35910002701,
        "y" : 293978.38220000267
      }
    }
  ]
}