{
  "displayFieldName" : "",
  "fieldAliases" : {
    "FID" : "FID",
    "PMNTN_SN" : "PMNTN_SN",
    "MNTN_CODE" : "MNTN_CODE",
    "MNTN_NM" : "MNTN_NM",
    "PMNTN_NM" : "PMNTN_NM",
    "PMNTN_MAIN" : "PMNTN_MAIN",
    "PMNTN_LT" : "PMNTN_LT",
    "PMNTN_DFFL" : "PMNTN_DFFL",
    "PMNTN_UPPL" : "PMNTN_UPPL",
    "PMNTN_GODN" : "PMNTN_GODN",
    "PMNTN_MTRQ" : "PMNTN_MTRQ",
    "PMNTN_CNRL" : "PMNTN_CNRL",
    "PMNTN_CLS_" : "PMNTN_CLS_",
    "PMNTN_RISK" : "PMNTN_RISK",
    "PMNTN_RECO" : "PMNTN_RECO",
    "DATA_STDR_" : "DATA_STDR_",
    "MNTN_ID" : "MNTN_ID"
  },
  "geometryType" : "esriGeometryPolyline",
  "spatialReference" : {
    "wkt" : "PROJCS[\"PCS_ITRF2000_TM\",GEOGCS[\"GCS_ITRF_2000\",DATUM[\"D_ITRF_2000\",SPHEROID[\"GRS_1980\",6378137.0,298.257222101]],PRIMEM[\"Greenwich\",0.0],UNIT[\"Degree\",0.0174532925199433]],PROJECTION[\"Transverse_Mercator\"],PARAMETER[\"False_Easting\",200000.0],PARAMETER[\"False_Northing\",600000.0],PARAMETER[\"Central_Meridian\",127.0],PARAMETER[\"Scale_Factor\",1.0],PARAMETER[\"Latitude_Of_Origin\",38.0],UNIT[\"Meter\",1.0]]"
  },
  "fields" : [
    {
      "name" : "FID",
      "type" : "esriFieldTypeOID",
      "alias" : "FID"
    },
    {
      "name" : "PMNTN_SN",
      "type" : "esriFieldTypeDouble",
      "alias" : "PMNTN_SN"
    },
    {
      "name" : "MNTN_CODE",
      "type" : "esriFieldTypeString",
      "alias" : "MNTN_CODE",
      "length" : 9
    },
    {
      "name" : "MNTN_NM",
      "type" : "esriFieldTypeString",
      "alias" : "MNTN_NM",
      "length" : 50
    },
    {
      "name" : "PMNTN_NM",
      "type" : "esriFieldTypeString",
      "alias" : "PMNTN_NM",
      "length" : 50
    },
    {
      "name" : "PMNTN_MAIN",
      "type" : "esriFieldTypeString",
      "alias" : "PMNTN_MAIN",
      "length" : 200
    },
    {
      "name" : "PMNTN_LT",
      "type" : "esriFieldTypeSingle",
      "alias" : "PMNTN_LT"
    },
    {
      "name" : "PMNTN_DFFL",
      "type" : "esriFieldTypeString",
      "alias" : "PMNTN_DFFL",
      "length" : 8
    },
    {
      "name" : "PMNTN_UPPL",
      "type" : "esriFieldTypeDouble",
      "alias" : "PMNTN_UPPL"
    },
    {
      "name" : "PMNTN_GODN",
      "type" : "esriFieldTypeDouble",
      "alias" : "PMNTN_GODN"
    },
    {
      "name" : "PMNTN_MTRQ",
      "type" : "esriFieldTypeString",
      "alias" : "PMNTN_MTRQ",
      "length" : 200
    },
    {
      "name" : "PMNTN_CNRL",
      "type" : "esriFieldTypeString",
      "alias" : "PMNTN_CNRL",
      "length" : 1
    },
    {
      "name" : "PMNTN_CLS_",
      "type" : "esriFieldTypeString",
      "alias" : "PMNTN_CLS_",
      "length" : 1
    },
    {
      "name" : "PMNTN_RISK",
      "type" : "esriFieldTypeString",
      "alias" : "PMNTN_RISK",
      "length" : 200
    },
    {
      "name" : "PMNTN_RECO",
      "type" : "esriFieldTypeString",
      "alias" : "PMNTN_RECO",
      "length" : 1
    },
    {
      "name" : "DATA_STDR_",
      "type" : "esriFieldTypeString",
      "alias" : "DATA_STDR_",
      "length" : 10
    },
    {
      "name" : "MNTN_ID",
      "type" : "esriFieldTypeString",
      "alias" : "MNTN_ID",
      "length" : 10
    }
  ],
  "features" : [
    {
      "attributes" : {
        "FID" : 0,
        "PMNTN_SN" : 38445,
        "MNTN_CODE" : "491107404",
        "MNTN_NM" : "예촌망",
        "PMNTN_NM" : "하례리구간",
        "PMNTN_MAIN" : " ",
        "PMNTN_LT" : 0.59,
        "PMNTN_DFFL" : "쉬움",
        "PMNTN_UPPL" : 10,
        "PMNTN_GODN" : 7,
        "PMNTN_MTRQ" : " ",
        "PMNTN_CNRL" : " ",
        "PMNTN_CLS_" : " ",
        "PMNTN_RISK" : " ",
        "PMNTN_RECO" : " ",
        "DATA_STDR_" : "2016-12-31",
        "MNTN_ID" : "491107404"
      },
      "geometry" : {
        "paths" : [
          [
            [
              165488.79190000147,
              74022.784600002691
            ],
            [
              165479.10800000094,
              74020.56240000017
            ],
            [
              165472.13879999984,
              74013.494800001383
            ],
            [
              165464.82000000216,
              74005.459200002253
            ],
            [
              165458.94360000081,
              73995.787100000307
            ],
            [
              165455.03650000039,
              73988.310900000855
            ],
            [
              165454.79890000168,
              73979.925800001249
            ],
            [
              165458.30549999978,
              73972.800300000235
            ],
            [
              165462.63790000323,
              73963.123600000516
            ],
            [
              165459.56610000134,
              73953.111300000921
            ],
            [
              165453.96030000038,
              73941.481799999252
            ],
            [
              165448.97169999871,
              73930.531899997965
            ],
            [
              165443.59139999934,
              73921.650299999863
            ],
            [
              165437.78019999992,
              73916.6678000018
            ],
            [
              165430.91339999996,
              73913.360700000077
            ],
            [
              165426.58459999971,
              73908.860200000927
            ],
            [
              165424.64240000304,
              73897.470400001854
            ],
            [
              165423.6623999998,
              73891.795200001448
            ],
            [
              165423.61800000258,
              73884.575000001118
            ],
            [
              165422.6239000028,
              73877.870700001717
            ],
            [
              165423.69280000124,
              73871.575900001451
            ],
            [
              165424.73420000169,
              73864.726800000295
            ],
            [
              165428.06390000042,
              73859.856100004166
            ],
            [
              165432.00780000351,
              73856.772900000215
            ],
            [
              165441.94370000251,
              73855.633700000122
            ],
            [
              165448.37840000354,
              73849.859699999914
            ],
            [
              165452.93570000026,
              73843.422199999914
            ],
            [
              165458.09860000294,
              73838.335200002417
            ],
            [
              165463.03009999916,
              73833.681500004604
            ],
            [
              165465.81740000006,
              73828.769300000742
            ],
            [
              165468.49500000291,
              73824.445299999788
            ],
            [
              165470.71569999959,
              73820.034200001508
            ],
            [
              165471.17059999984,
              73815.134800000116
            ],
            [
              165469.52500000224,
              73806.615000000224
            ],
            [
              165467.97580000293,
              73801.709300003946
            ],
            [
              165469.4812000012,
              73796.414599999785
            ],
            [
              165473.36600000132,
              73793.491399999708
            ],
            [
              165478.34119999968,
              73787.92330000177
            ],
            [
              165487.37520000152,
              73780.897100001574
            ],
            [
              165494.77580000181,
              73774.139499999583
            ],
            [
              165498.28820000309,
              73769.763500001281
            ],
            [
              165500.52750000264,
              73765.571299999952
            ],
            [
              165497.5280000018,
              73758.150000002235
            ],
            [
              165495.01900000218,
              73752.258400000632
            ],
            [
              165492.17720000073,
              73747.111199999228
            ],
            [
              165487.04279999994,
              73741.894400002435
            ],
            [
              165481.62799999956,
              73739.041100000963
            ],
            [
              165474.30340000056,
              73736.338700000197
            ],
            [
              165468.32350000087,
              73731.801600001752
            ],
            [
              165462.01099999994,
              73728.097400002182
            ],
            [
              165454.56419999991,
              73725.085000002757
            ],
            [
              165450.95000000019,
              73722.835300002247
            ],
            [
              165446.17360000033,
              73721.332800002769
            ],
            [
              165441.17890000064,
              73718.710899999365
            ],
            [
              165439.48839999922,
              73712.406099999323
            ],
            [
              165439.96740000416,
              73708.245200000703
            ],
            [
              165441.76260000095,
              73704.700700001791
            ],
            [
              165442.62970000226,
              73702.23540000245
            ],
            [
              165443.92530000303,
              73699.713100003079
            ],
            [
              165444.31220000144,
              73690.830900002271
            ],
            [
              165442.01230000053,
              73685.856000000611
            ],
            [
              165438.61610000115,
              73684.670199999586
            ],
            [
              165437.39140000101,
              73680.925799999386
            ],
            [
              165434.91729999986,
              73676.986199999228
            ],
            [
              165434.14820000064,
              73672.973899999633
            ],
            [
              165434.82980000228,
              73668.13570000045
            ],
            [
              165439.59210000001,
              73657.848400004208
            ],
            [
              165440.74640000146,
              73652.265400001779
            ],
            [
              165443.53970000055,
              73640.864300001413
            ],
            [
              165446.01240000129,
              73628.446800000966
            ],
            [
              165450.41820000112,
              73621.849799999967
            ],
            [
              165455.81869999971,
              73616.598400000483
            ],
            [
              165464.66310000233,
              73614.78390000388
            ],
            [
              165472.52550000045,
              73614.756400000304
            ],
            [
              165479.16379999928,
              73620.086300002411
            ],
            [
              165484.09040000197,
              73621.898800002411
            ],
            [
              165489.58770000003,
              73624.341399999335
            ],
            [
              165496.67840000056,
              73626.745200000703
            ],
            [
              165502.98680000007,
              73629.318100001663
            ],
            [
              165510.14639999997,
              73632.775200000033
            ],
            [
              165525.80250000302,
              73637.073300005868
            ]
          ]
        ]
      }
    }
  ]
}