{
  "displayFieldName" : "",
  "fieldAliases" : {
    "FID" : "FID",
    "PMNTN_SN" : "PMNTN_SN",
    "MNTN_CODE" : "MNTN_CODE",
    "MNTN_NM" : "MNTN_NM",
    "PMNTN_NM" : "PMNTN_NM",
    "PMNTN_MAIN" : "PMNTN_MAIN",
    "PMNTN_LT" : "PMNTN_LT",
    "PMNTN_DFFL" : "PMNTN_DFFL",
    "PMNTN_UPPL" : "PMNTN_UPPL",
    "PMNTN_GODN" : "PMNTN_GODN",
    "PMNTN_MTRQ" : "PMNTN_MTRQ",
    "PMNTN_CNRL" : "PMNTN_CNRL",
    "PMNTN_CLS_" : "PMNTN_CLS_",
    "PMNTN_RISK" : "PMNTN_RISK",
    "PMNTN_RECO" : "PMNTN_RECO",
    "DATA_STDR_" : "DATA_STDR_",
    "MNTN_ID" : "MNTN_ID"
  },
  "geometryType" : "esriGeometryPolyline",
  "spatialReference" : {
    "wkt" : "PROJCS[\"PCS_ITRF2000_TM\",GEOGCS[\"GCS_ITRF_2000\",DATUM[\"D_ITRF_2000\",SPHEROID[\"GRS_1980\",6378137.0,298.257222101]],PRIMEM[\"Greenwich\",0.0],UNIT[\"Degree\",0.0174532925199433]],PROJECTION[\"Transverse_Mercator\"],PARAMETER[\"False_Easting\",200000.0],PARAMETER[\"False_Northing\",600000.0],PARAMETER[\"Central_Meridian\",127.0],PARAMETER[\"Scale_Factor\",1.0],PARAMETER[\"Latitude_Of_Origin\",38.0],UNIT[\"Meter\",1.0]]"
  },
  "fields" : [
    {
      "name" : "FID",
      "type" : "esriFieldTypeOID",
      "alias" : "FID"
    },
    {
      "name" : "PMNTN_SN",
      "type" : "esriFieldTypeDouble",
      "alias" : "PMNTN_SN"
    },
    {
      "name" : "MNTN_CODE",
      "type" : "esriFieldTypeString",
      "alias" : "MNTN_CODE",
      "length" : 9
    },
    {
      "name" : "MNTN_NM",
      "type" : "esriFieldTypeString",
      "alias" : "MNTN_NM",
      "length" : 50
    },
    {
      "name" : "PMNTN_NM",
      "type" : "esriFieldTypeString",
      "alias" : "PMNTN_NM",
      "length" : 50
    },
    {
      "name" : "PMNTN_MAIN",
      "type" : "esriFieldTypeString",
      "alias" : "PMNTN_MAIN",
      "length" : 200
    },
    {
      "name" : "PMNTN_LT",
      "type" : "esriFieldTypeSingle",
      "alias" : "PMNTN_LT"
    },
    {
      "name" : "PMNTN_DFFL",
      "type" : "esriFieldTypeString",
      "alias" : "PMNTN_DFFL",
      "length" : 8
    },
    {
      "name" : "PMNTN_UPPL",
      "type" : "esriFieldTypeDouble",
      "alias" : "PMNTN_UPPL"
    },
    {
      "name" : "PMNTN_GODN",
      "type" : "esriFieldTypeDouble",
      "alias" : "PMNTN_GODN"
    },
    {
      "name" : "PMNTN_MTRQ",
      "type" : "esriFieldTypeString",
      "alias" : "PMNTN_MTRQ",
      "length" : 200
    },
    {
      "name" : "PMNTN_CNRL",
      "type" : "esriFieldTypeString",
      "alias" : "PMNTN_CNRL",
      "length" : 1
    },
    {
      "name" : "PMNTN_CLS_",
      "type" : "esriFieldTypeString",
      "alias" : "PMNTN_CLS_",
      "length" : 1
    },
    {
      "name" : "PMNTN_RISK",
      "type" : "esriFieldTypeString",
      "alias" : "PMNTN_RISK",
      "length" : 200
    },
    {
      "name" : "PMNTN_RECO",
      "type" : "esriFieldTypeString",
      "alias" : "PMNTN_RECO",
      "length" : 1
    },
    {
      "name" : "DATA_STDR_",
      "type" : "esriFieldTypeString",
      "alias" : "DATA_STDR_",
      "length" : 10
    },
    {
      "name" : "MNTN_ID",
      "type" : "esriFieldTypeString",
      "alias" : "MNTN_ID",
      "length" : 10
    }
  ],
  "features" : [
    {
      "attributes" : {
        "FID" : 0,
        "PMNTN_SN" : 19832,
        "MNTN_CODE" : "427701001",
        "MNTN_NM" : "박달봉",
        "PMNTN_NM" : " ",
        "PMNTN_MAIN" : " ",
        "PMNTN_LT" : 0.08,
        "PMNTN_DFFL" : "쉬움",
        "PMNTN_UPPL" : 1,
        "PMNTN_GODN" : 1,
        "PMNTN_MTRQ" : " ",
        "PMNTN_CNRL" : " ",
        "PMNTN_CLS_" : " ",
        "PMNTN_RISK" : " ",
        "PMNTN_RECO" : " ",
        "DATA_STDR_" : "2016-12-31",
        "MNTN_ID" : "427703101"
      },
      "geometry" : {
        "paths" : [
          [
            [
              350617.6791000003,
              530024.99000000022
            ],
            [
              350619.12980000116,
              530029.68690000102
            ],
            [
              350620.30960000027,
              530034.71800000221
            ],
            [
              350621.20770000014,
              530040.03690000437
            ],
            [
              350621.81359999999,
              530045.58300000057
            ],
            [
              350622.1202000007,
              530051.30269999802
            ],
            [
              350622.12070000079,
              530057.09580000117
            ],
            [
              350621.81510000024,
              530062.86989999935
            ],
            [
              350621.20870000124,
              530068.52249999903
            ],
            [
              350620.30920000095,
              530074.21519999951
            ],
            [
              350619.18250000104,
              530079.71209999919
            ],
            [
              350617.84190000035,
              530084.94990000129
            ],
            [
              350616.29720000084,
              530089.89050000347
            ],
            [
              350614.5624000011,
              530094.49280000106
            ],
            [
              350612.64130000118,
              530098.75
            ],
            [
              350610.54080000054,
              530102.64650000259
            ],
            [
              350608.26659999974,
              530106.17229999788
            ]
          ]
        ]
      }
    },
    {
      "attributes" : {
        "FID" : 1,
        "PMNTN_SN" : 19833,
        "MNTN_CODE" : "427701001",
        "MNTN_NM" : "박달봉",
        "PMNTN_NM" : "덕우리구간",
        "PMNTN_MAIN" : " ",
        "PMNTN_LT" : 1.55,
        "PMNTN_DFFL" : "쉬움",
        "PMNTN_UPPL" : 39,
        "PMNTN_GODN" : 27,
        "PMNTN_MTRQ" : " ",
        "PMNTN_CNRL" : " ",
        "PMNTN_CLS_" : " ",
        "PMNTN_RISK" : " ",
        "PMNTN_RECO" : " ",
        "DATA_STDR_" : "2016-12-31",
        "MNTN_ID" : "427703101"
      },
      "geometry" : {
        "paths" : [
          [
            [
              350617.6791000003,
              530024.99000000022
            ],
            [
              350623.06660000049,
              530022.35070000216
            ],
            [
              350628.39209999982,
              530020.4905000031
            ],
            [
              350633.65550000221,
              530019.4093000032
            ],
            [
              350636.52859999985,
              530019.12240000069
            ],
            [
              350640.95940000191,
              530019.41280000098
            ],
            [
              350645.9375,
              530021.1715000011
            ],
            [
              350649.40610000119,
              530023.2237999998
            ],
            [
              350657.27740000095,
              530028.55000000261
            ],
            [
              350660.9655000018,
              530030.57900000177
            ],
            [
              350664.14989999868,
              530031.70790000074
            ],
            [
              350668.17239999957,
              530031.97450000234
            ],
            [
              350671.53300000075,
              530031.51630000211
            ],
            [
              350676.52639999986,
              530030.04050000012
            ],
            [
              350682.10769999959,
              530027.64100000076
            ],
            [
              350689.44889999926,
              530023.8134999983
            ],
            [
              350692.22809999902,
              530022.18549999967
            ],
            [
              350695.02990000043,
              530020.30630000308
            ],
            [
              350700.82029999886,
              530015.71110000275
            ],
            [
              350706.66309999954,
              530010.26920000277
            ],
            [
              350714.03289999999,
              530002.99140000157
            ],
            [
              350722.32320000138,
              529994.31490000151
            ],
            [
              350727.2173000006,
              529988.9952000007
            ],
            [
              350731.52599999961,
              529983.95920000039
            ],
            [
              350735.33450000081,
              529979.1043999996
            ],
            [
              350737.46420000028,
              529976.06210000254
            ],
            [
              350739.66240000073,
              529972.53390000015
            ],
            [
              350745.93110000156,
              529961.20830000006
            ],
            [
              350748.09289999958,
              529957.58870000206
            ],
            [
              350751.80620000232,
              529952.04370000213
            ],
            [
              350757.8003000021,
              529944.55380000174
            ],
            [
              350764.52930000052,
              529937.12830000184
            ],
            [
              350771.96119999979,
              529929.8030999992
            ],
            [
              350780.04349999968,
              529922.6297999993
            ],
            [
              350786.90270000044,
              529917.09290000051
            ],
            [
              350794.00889999978,
              529911.84920000099
            ],
            [
              350801.30520000122,
              529906.94089999981
            ],
            [
              350808.73890000116,
              529902.40340000018
            ],
            [
              350816.25160000101,
              529898.27150000259
            ],
            [
              350823.80530000106,
              529894.56560000218
            ],
            [
              350831.35740000103,
              529891.30639999919
            ],
            [
              350838.87129999977,
              529888.50970000401
            ],
            [
              350851.22250000201,
              529884.31099999882
            ],
            [
              350859.6213000007,
              529881.69790000282
            ],
            [
              350867.25850000046,
              529879.67479999922
            ],
            [
              350874.04270000011,
              529878.29619999975
            ],
            [
              350880.36820000224,
              529877.51150000095
            ],
            [
              350886.0037000021,
              529877.38350000232
            ],
            [
              350890.99019999988,
              529877.91130000167
            ],
            [
              350894.29590000212,
              529878.75960000046
            ],
            [
              350898.57849999983,
              529880.567900002
            ],
            [
              350901.86290000007,
              529882.57380000129
            ],
            [
              350905.17110000178,
              529885.09790000319
            ],
            [
              350908.4682,
              529888.1138000004
            ],
            [
              350911.72430000082,
              529891.59610000253
            ],
            [
              350914.88640000019,
              529895.49019999988
            ],
            [
              350917.90820000041,
              529899.73890000209
            ],
            [
              350920.73990000039,
              529904.27270000242
            ],
            [
              350923.34440000076,
              529909.03590000048
            ],
            [
              350925.66260000039,
              529913.92490000278
            ],
            [
              350927.65380000137,
              529918.85380000249
            ],
            [
              350929.28530000057,
              529923.74110000208
            ],
            [
              350930.52880000137,
              529928.49929999933
            ],
            [
              350931.37170000002,
              529933.07430000044
            ],
            [
              350931.80319999997,
              529937.40790000185
            ],
            [
              350931.81900000107,
              529941.45470000431
            ],
            [
              350931.24930000119,
              529945.42879999988
            ],
            [
              350929.89749999996,
              529949.83800000325
            ],
            [
              350927.74010000005,
              529954.83550000004
            ],
            [
              350922.375,
              529965.40619999915
            ],
            [
              350920.26990000065,
              529969.99259999767
            ],
            [
              350918.5643000016,
              529974.80859999731
            ],
            [
              350917.70040000137,
              529979.1043999996
            ],
            [
              350917.50900000148,
              529983.89620000124
            ],
            [
              350917.99149999954,
              529988.88209999911
            ],
            [
              350919.15210000053,
              529994.11540000327
            ],
            [
              350921.01350000128,
              529999.69999999925
            ],
            [
              350923.07339999918,
              530004.59689999931
            ],
            [
              350925.71900000051,
              530010.04429999925
            ],
            [
              350935.86580000073,
              530028.61820000038
            ],
            [
              350939.52819999959,
              530035.82120000012
            ],
            [
              350942.64590000082,
              530043.08860000223
            ],
            [
              350944.7611000007,
              530049.69769999944
            ],
            [
              350945.82990000118,
              530054.06240000017
            ],
            [
              350946.95510000084,
              530059.80170000345
            ],
            [
              350948.60890000034,
              530071.11580000073
            ],
            [
              350949.76790000126,
              530083.46160000004
            ],
            [
              350951.36940000113,
              530108.66349999979
            ],
            [
              350952.23990000132,
              530119.33270000294
            ],
            [
              350953.58529999945,
              530130.44859999791
            ],
            [
              350955.35010000132,
              530140.29230000079
            ],
            [
              350958.35489999969,
              530152.75769999996
            ],
            [
              350962.34210000001,
              530166.52610000037
            ],
            [
              350966.5362000009,
              530179.48570000008
            ],
            [
              350976.70050000027,
              530209.42120000161
            ],
            [
              350981.23429999966,
              530223.82770000026
            ],
            [
              350985.26930000074,
              530238.8069000002
            ],
            [
              350993.08559999987,
              530272.40699999966
            ],
            [
              350996.8954999987,
              530287.12270000018
            ],
            [
              350999.26919999998,
              530295.06480000354
            ],
            [
              351001.73450000025,
              530302.37240000255
            ],
            [
              351004.34160000086,
              530309.19280000217
            ],
            [
              351007.11849999987,
              530315.59889999963
            ],
            [
              351009.57930000033,
              530320.46500000171
            ],
            [
              351012.67349999957,
              530325.74920000136
            ],
            [
              351015.50030000135,
              530330.19439999945
            ],
            [
              351024.13960000128,
              530343.02680000104
            ],
            [
              351028.19150000066,
              530349.60040000267
            ],
            [
              351031.69620000012,
              530356.34660000168
            ],
            [
              351033.12990000006,
              530359.71890000068
            ],
            [
              351034.17920000106,
              530362.66110000014
            ],
            [
              351035.64279999956,
              530368.49320000038
            ],
            [
              351036.51690000109,
              530375.24010000378
            ],
            [
              351036.84980000183,
              530381.78500000201
            ],
            [
              351037.08990000095,
              530397.07090000063
            ],
            [
              351037.58980000112,
              530404.21520000137
            ],
            [
              351038.56049999967,
              530410.27000000142
            ],
            [
              351040.06200000085,
              530415.60600000247
            ],
            [
              351041.68919999991,
              530419.72620000131
            ],
            [
              351042.75619999971,
              530427.6427000016
            ],
            [
              351049.07500000019,
              530449.34830000065
            ],
            [
              351058.33660000097,
              530466.42479999922
            ],
            [
              351065.23970000073,
              530472.9795000013
            ],
            [
              351069.69710000046,
              530480.07330000028
            ],
            [
              351074.18209999986,
              530485.02270000242
            ],
            [
              351079.34940000065,
              530493.6213000007
            ],
            [
              351089.69089999981,
              530508.94779999927
            ],
            [
              351093.59440000076,
              530515.0401000008
            ],
            [
              351097.23699999973,
              530521.43040000089
            ],
            [
              351100.06630000006,
              530527.3786999993
            ],
            [
              351101.7407999998,
              530531.88770000264
            ],
            [
              351103.21900000051,
              530537.08700000308
            ],
            [
              351104.27830000129,
              530541.59979999997
            ],
            [
              351107.57570000179,
              530552.73179999925
            ],
            [
              351108.86830000114,
              530562.19180000201
            ],
            [
              351110.47270000074,
              530573.49080000259
            ],
            [
              351113.49930000119,
              530582.87580000237
            ],
            [
              351116.83260000125,
              530589.99910000339
            ],
            [
              351121.74610000011,
              530593.37209999934
            ],
            [
              351127.43310000096,
              530592.60339999944
            ],
            [
              351136.15070000105,
              530585.50400000066
            ],
            [
              351143.4171000002,
              530578.84920000099
            ],
            [
              351153.33260000031,
              530570.13470000029
            ],
            [
              351162.37420000043,
              530559.6157000009
            ],
            [
              351176.56780000031,
              530546.05330000073
            ],
            [
              351184.18010000139,
              530538.10570000112
            ],
            [
              351189.90670000203,
              530523.93029999919
            ],
            [
              351199.07880000025,
              530502.96690000035
            ],
            [
              351203.95450000092,
              530490.02060000226
            ],
            [
              351206.81150000077,
              530480.03890000097
            ],
            [
              351212.84520000033,
              530466.07860000245
            ],
            [
              351221.24550000206,
              530453.40719999932
            ],
            [
              351229.82910000067,
              530444.16750000231
            ],
            [
              351236.68960000109,
              530439.41860000044
            ],
            [
              351267.01440000068,
              530429.8088000007
            ],
            [
              351284.6939000003,
              530424.97919999994
            ],
            [
              351299.18240000214,
              530416.29060000367
            ],
            [
              351312.39659999963,
              530408.34639999829
            ],
            [
              351323.69370000064,
              530404.19140000455
            ],
            [
              351335.38430000003,
              530401.38939999975
            ],
            [
              351353.86420000065,
              530401.58120000176
            ],
            [
              351366.18580000103,
              530400.73960000277
            ],
            [
              351376.90330000222,
              530398.29609999992
            ],
            [
              351396.6866999995,
              530396.12849999964
            ],
            [
              351413.36040000059,
              530395.67029999755
            ],
            [
              351430.5979000004,
              530395.90980000049
            ],
            [
              351447.08970000222,
              530396.32300000079
            ],
            [
              351463.62150000129,
              530397.95769999921
            ]
          ]
        ]
      }
    },
    {
      "attributes" : {
        "FID" : 2,
        "PMNTN_SN" : 19834,
        "MNTN_CODE" : "427701001",
        "MNTN_NM" : "박달봉",
        "PMNTN_NM" : "신월리구간",
        "PMNTN_MAIN" : " ",
        "PMNTN_LT" : 1.54,
        "PMNTN_DFFL" : "쉬움",
        "PMNTN_UPPL" : 46,
        "PMNTN_GODN" : 32,
        "PMNTN_MTRQ" : " ",
        "PMNTN_CNRL" : " ",
        "PMNTN_CLS_" : " ",
        "PMNTN_RISK" : " ",
        "PMNTN_RECO" : " ",
        "DATA_STDR_" : "2016-12-31",
        "MNTN_ID" : "427703101"
      },
      "geometry" : {
        "paths" : [
          [
            [
              350608.26659999974,
              530106.17229999788
            ],
            [
              350605.77580000088,
              530109.19490000047
            ],
            [
              350600.73780000024,
              530113.67560000159
            ],
            [
              350595.81720000133,
              530117.06970000267
            ],
            [
              350585.59649999999,
              530123.28749999963
            ],
            [
              350581.45490000118,
              530125.98530000076
            ],
            [
              350577.41530000139,
              530129.02810000069
            ],
            [
              350574.1465999987,
              530132.05650000274
            ],
            [
              350571.12740000058,
              530135.78020000271
            ],
            [
              350568.21829999983,
              530140.55530000106
            ],
            [
              350565.67520000134,
              530145.6846000012
            ],
            [
              350559.79080000054,
              530158.80030000024
            ],
            [
              350558.01280000061,
              530162.23619999923
            ],
            [
              350556.29110000096,
              530165.09549999982
            ],
            [
              350554.16330000106,
              530167.97580000013
            ],
            [
              350551.94639999978,
              530170.26680000126
            ],
            [
              350549.595900001,
              530172.01389999874
            ],
            [
              350544.95120000001,
              530173.77089999989
            ],
            [
              350539.46710000187,
              530174.21300000325
            ],
            [
              350535.00140000135,
              530173.81950000115
            ],
            [
              350525.57600000221,
              530172.37580000237
            ],
            [
              350522.29150000028,
              530172.02080000192
            ],
            [
              350518.54690000042,
              530171.84920000099
            ],
            [
              350515.3189000003,
              530172.05929999985
            ],
            [
              350512.43659999967,
              530172.49310000241
            ],
            [
              350508.81950000115,
              530173.29020000249
            ],
            [
              350502.13460000139,
              530175.27630000003
            ],
            [
              350495.25200000219,
              530178.02080000192
            ],
            [
              350488.14920000173,
              530181.53270000406
            ],
            [
              350480.85800000001,
              530185.78780000098
            ],
            [
              350473.25450000074,
              530190.85019999929
            ],
            [
              350465.2536000004,
              530196.77350000106
            ],
            [
              350456.49120000098,
              530203.82630000077
            ],
            [
              350451.52180000022,
              530208.24129999988
            ],
            [
              350446.5987000009,
              530213.18080000021
            ],
            [
              350441.68120000046,
              530218.68510000035
            ],
            [
              350436.6969000008,
              530224.83520000242
            ],
            [
              350431.94070000015,
              530231.20390000381
            ],
            [
              350426.85090000182,
              530238.48509999923
            ],
            [
              350420.42450000066,
              530248.07420000434
            ],
            [
              350411.78210000135,
              530261.47740000114
            ],
            [
              350405.4159000013,
              530271.53210000135
            ],
            [
              350398.92410000227,
              530282.48560000211
            ],
            [
              350392.17190000042,
              530294.56080000103
            ],
            [
              350384.72130000126,
              530308.53960000165
            ],
            [
              350378.44330000132,
              530320.81240000017
            ],
            [
              350372.64560000226,
              530332.70409999974
            ],
            [
              350367.2937000012,
              530344.28550000302
            ],
            [
              350362.36680000089,
              530355.6018000003
            ],
            [
              350358.5521999998,
              530363.74239999801
            ],
            [
              350348.26710000075,
              530383.46270000003
            ],
            [
              350345.84990000073,
              530388.72619999945
            ],
            [
              350343.9645999996,
              530393.48620000109
            ],
            [
              350342.19819999952,
              530399.20070000179
            ],
            [
              350341.15690000076,
              530404.53680000082
            ],
            [
              350340.82120000105,
              530409.59610000066
            ],
            [
              350341.18879999965,
              530414.42950000055
            ],
            [
              350342.46740000043,
              530421.33139999956
            ],
            [
              350344.04710000008,
              530427.08060000464
            ],
            [
              350346.51960000023,
              530432.84270000085
            ],
            [
              350348.84049999993,
              530436.27110000141
            ],
            [
              350351.77480000071,
              530438.6502000019
            ],
            [
              350354.7396999998,
              530440.13050000183
            ],
            [
              350358.95310000051,
              530441.51320000179
            ],
            [
              350363.98939999938,
              530446.75989999995
            ],
            [
              350370.7172000017,
              530453.7452000007
            ],
            [
              350376.76940000057,
              530462.37170000188
            ],
            [
              350378.67260000203,
              530468.43900000118
            ],
            [
              350380.76800000016,
              530474.80770000257
            ],
            [
              350380.23429999966,
              530488.87330000103
            ],
            [
              350381.23280000221,
              530496.07159999758
            ],
            [
              350384.20779999997,
              530504.86540000327
            ],
            [
              350388.74490000214,
              530513.13030000217
            ],
            [
              350394.23060000129,
              530519.67980000004
            ],
            [
              350395.92680000048,
              530525.59469999932
            ],
            [
              350396.41069999989,
              530530.02250000089
            ],
            [
              350395.75000000093,
              530533.85640000179
            ],
            [
              350394.06190000009,
              530538.3308000043
            ],
            [
              350392.0577999996,
              530544.87159999833
            ],
            [
              350391.8769000005,
              530553.58330000378
            ],
            [
              350394.07530000061,
              530559.31440000236
            ],
            [
              350398.38910000119,
              530566.25710000098
            ],
            [
              350402.67490000091,
              530576.21389999986
            ],
            [
              350407.06369999982,
              530583.45910000242
            ],
            [
              350410.76180000138,
              530594.24920000136
            ],
            [
              350414.56159999967,
              530609.27649999969
            ],
            [
              350417.92779999971,
              530622.21419999935
            ],
            [
              350418.43500000145,
              530634.18900000118
            ],
            [
              350421.28710000031,
              530645.7228000015
            ],
            [
              350426.09070000052,
              530660.87800000235
            ],
            [
              350432.62469999958,
              530679.43819999881
            ],
            [
              350437.36690000165,
              530690.63270000182
            ],
            [
              350437.15460000094,
              530699.78030000068
            ],
            [
              350441.2854000004,
              530711.99480000138
            ],
            [
              350442.94429999962,
              530724.08139999956
            ],
            [
              350444.72729999945,
              530733.0083000008
            ],
            [
              350445.43400000222,
              530737.5979999993
            ],
            [
              350448.70210000034,
              530742.11730000004
            ],
            [
              350454.67200000025,
              530744.14040000178
            ],
            [
              350459.8757000016,
              530743.99460000359
            ],
            [
              350464.49519999977,
              530745.02050000057
            ],
            [
              350466.51349999942,
              530748.15320000425
            ],
            [
              350467.91170000006,
              530752.37329999916
            ],
            [
              350470.1548000006,
              530761.06159999967
            ],
            [
              350473.11670000106,
              530769.52920000441
            ],
            [
              350477.33019999973,
              530778.35190000199
            ],
            [
              350481.44630000088,
              530785.93269999884
            ],
            [
              350486.2937000012,
              530791.63840000331
            ],
            [
              350488.84390000068,
              530797.72160000354
            ],
            [
              350491.02300000004,
              530801.51099999994
            ],
            [
              350495.82490000036,
              530808.01250000112
            ],
            [
              350500.55570000131,
              530813.5446000006
            ],
            [
              350504.506500002,
              530820.45910000429
            ],
            [
              350511.39419999998,
              530827.27120000124
            ],
            [
              350514.3413000023,
              530829.82359999977
            ],
            [
              350517.95800000057,
              530832.68840000033
            ],
            [
              350522.89189999923,
              530833.53940000013
            ],
            [
              350530.67100000009,
              530838.01030000113
            ],
            [
              350534.05100000091,
              530840.11970000155
            ],
            [
              350537.94259999972,
              530843.65960000083
            ],
            [
              350540.53899999987,
              530845.92339999974
            ],
            [
              350542.64219999965,
              530848.21070000157
            ],
            [
              350544.90450000111,
              530851.79530000128
            ],
            [
              350546.38340000063,
              530856.05590000004
            ],
            [
              350546.77230000123,
              530859.66580000147
            ],
            [
              350546.73260000069,
              530863.69749999978
            ],
            [
              350547.64050000068,
              530872.79340000078
            ],
            [
              350547.56170000043,
              530875.97880000062
            ],
            [
              350547.72680000123,
              530879.59960000217
            ],
            [
              350548.26240000129,
              530882.69800000452
            ],
            [
              350549.72870000079,
              530886.91950000077
            ],
            [
              350552.06270000059,
              530891.32700000145
            ],
            [
              350555.32940000016,
              530896.09139999934
            ],
            [
              350563.77610000223,
              530905.02180000208
            ],
            [
              350566.8646000009,
              530909.29860000126
            ],
            [
              350569.60860000085,
              530913.97540000267
            ],
            [
              350571.40270000231,
              530918.3853999991
            ],
            [
              350571.80140000023,
              530923.9459999986
            ],
            [
              350572.59490000177,
              530929.44480000436
            ],
            [
              350573.00220000092,
              530934.77050000429
            ],
            [
              350573.58050000109,
              530947.31190000102
            ],
            [
              350574.1465999987,
              530953.29130000435
            ],
            [
              350575.72870000079,
              530968.21969999932
            ],
            [
              350577.31950000115,
              530980.6892000027
            ],
            [
              350579.30070000049,
              530993.63749999925
            ],
            [
              350580.64430000074,
              531000.12820000015
            ],
            [
              350582.17740000039,
              531006.09400000237
            ],
            [
              350583.92760000192,
              531011.64189999923
            ],
            [
              350586.17400000058,
              531017.08709999919
            ],
            [
              350592.76750000101,
              531021.22480000183
            ],
            [
              350599.06460000016,
              531034.14930000156
            ],
            [
              350602.68140000012,
              531043.1275000032
            ],
            [
              350608.03540000133,
              531050.27590000443
            ],
            [
              350617.40960000083,
              531053.63010000437
            ],
            [
              350633.28720000107,
              531059.31120000035
            ],
            [
              350641.42290000152,
              531057.64189999923
            ],
            [
              350652.45760000218,
              531058.67640000023
            ],
            [
              350662.08840000071,
              531062.86190000363
            ],
            [
              350670.28189999983,
              531070.06720000133
            ],
            [
              350679.24450000003,
              531075.75500000082
            ],
            [
              350687.10209999979,
              531083.16650000028
            ],
            [
              350695.16959999967,
              531093.31269999966
            ],
            [
              350702.62219999917,
              531101.8582000006
            ],
            [
              350708.35900000017,
              531104.30490000173
            ],
            [
              350716.91630000155,
              531110.41330000199
            ],
            [
              350724.6950000003,
              531115.2255000025
            ],
            [
              350735.31230000127,
              531117.56140000187
            ],
            [
              350743.17190000135,
              531121.44170000032
            ],
            [
              350749.83310000133,
              531125.88020000234
            ],
            [
              350754.4207000006,
              531131.81000000238
            ],
            [
              350760.46010000072,
              531138.86050000228
            ],
            [
              350769.80099999998,
              531142.79030000046
            ],
            [
              350779.97559999954,
              531146.25800000131
            ],
            [
              350787.62080000062,
              531151.35690000094
            ],
            [
              350791.90330000129,
              531158.71300000139
            ],
            [
              350795.18430000078,
              531163.9002000019
            ],
            [
              350796.04270000011,
              531172.57019999996
            ],
            [
              350803.00120000076,
              531192.45229999907
            ],
            [
              350808.60510000028,
              531208.37319999933
            ],
            [
              350814.09850000031,
              531225.72140000015
            ],
            [
              350818.95859999955,
              531240.76610000245
            ],
            [
              350825.00170000177,
              531247.64819999784
            ],
            [
              350831.93960000109,
              531253.73550000228
            ],
            [
              350838.72869999986,
              531258.98910000175
            ],
            [
              350842.0102000013,
              531264.68310000002
            ],
            [
              350846.88769999985,
              531270.17840000056
            ],
            [
              350851.67389999982,
              531277.26320000179
            ],
            [
              350858.98819999956,
              531282.27030000463
            ],
            [
              350856.51960000116,
              531290.96230000071
            ]
          ]
        ]
      }
    },
    {
      "attributes" : {
        "FID" : 3,
        "PMNTN_SN" : 19835,
        "MNTN_CODE" : "427701001",
        "MNTN_NM" : "박달봉",
        "PMNTN_NM" : "신월리구간",
        "PMNTN_MAIN" : " ",
        "PMNTN_LT" : 1.71,
        "PMNTN_DFFL" : "쉬움",
        "PMNTN_UPPL" : 30,
        "PMNTN_GODN" : 21,
        "PMNTN_MTRQ" : " ",
        "PMNTN_CNRL" : " ",
        "PMNTN_CLS_" : " ",
        "PMNTN_RISK" : " ",
        "PMNTN_RECO" : " ",
        "DATA_STDR_" : "2016-12-31",
        "MNTN_ID" : "427703101"
      },
      "geometry" : {
        "paths" : [
          [
            [
              349949.65820000041,
              530318.21389999986
            ],
            [
              349952.25069999974,
              530311.46480000205
            ],
            [
              349952.53980000131,
              530295.97020000033
            ],
            [
              349952.11130000092,
              530281.56240000203
            ],
            [
              349953.05570000038,
              530266.66850000061
            ],
            [
              349951.92870000191,
              530253.44070000201
            ],
            [
              349951.86070000101,
              530242.77200000174
            ],
            [
              349953.96619999968,
              530230.85660000332
            ],
            [
              349955.43319999985,
              530222.57670000196
            ],
            [
              349961.16180000082,
              530215.59180000052
            ],
            [
              349963.59600000177,
              530210.71060000174
            ],
            [
              349966.4356000023,
              530205.75920000114
            ],
            [
              349969.70770000108,
              530200.6892999988
            ],
            [
              349975.82809999958,
              530195.41010000184
            ],
            [
              349983.79710000101,
              530185.3601000011
            ],
            [
              349991.10329999961,
              530176.60230000131
            ],
            [
              350001.16900000069,
              530165
            ],
            [
              350006.71079999954,
              530158.71880000085
            ],
            [
              350019.91780000087,
              530145.80690000206
            ],
            [
              350023.64320000075,
              530141.7125000041
            ],
            [
              350025.43780000228,
              530136.80059999973
            ],
            [
              350028.88250000123,
              530132.18519999832
            ],
            [
              350033.81379999965,
              530125.19250000268
            ],
            [
              350036.47060000151,
              530119.39110000245
            ],
            [
              350039.58519999962,
              530114.30740000121
            ],
            [
              350042.15830000024,
              530109.62450000271
            ],
            [
              350044.36950000003,
              530104.9693
            ],
            [
              350046.10680000111,
              530100.51910000108
            ],
            [
              350047.3900000006,
              530096.22310000099
            ],
            [
              350048.22690000013,
              530092.05360000208
            ],
            [
              350048.71880000085,
              530086.11760000326
            ],
            [
              350048.52489999961,
              530079.37530000135
            ],
            [
              350047.70110000018,
              530071.88270000368
            ],
            [
              350044.30210000183,
              530065.26349999942
            ],
            [
              350041.90580000076,
              530057.79520000145
            ],
            [
              350040.3956000004,
              530050.68859999999
            ],
            [
              350036.84480000101,
              530039.1612999998
            ],
            [
              350035.44020000007,
              530031.93219999969
            ],
            [
              350034.24300000072,
              530026.58820000105
            ],
            [
              350033.71319999918,
              530021.72230000235
            ],
            [
              350033.65809999965,
              530017.86790000275
            ],
            [
              350033.8245000001,
              530013.84709999897
            ],
            [
              350034.56230000127,
              530002.9068
            ],
            [
              350036.98120000213,
              529992.99450000003
            ],
            [
              350043.27080000006,
              529983.32550000027
            ],
            [
              350048.92349999957,
              529975.57859999873
            ],
            [
              350053.54130000062,
              529965.1155999992
            ],
            [
              350057.85000000056,
              529948.8853999991
            ],
            [
              350060.31680000015,
              529933.22670000046
            ],
            [
              350059.78190000076,
              529923.74090000056
            ],
            [
              350057.3730000006,
              529907.33460000344
            ],
            [
              350053.39599999972,
              529896.2870000042
            ],
            [
              350053.04510000069,
              529887.50499999896
            ],
            [
              350051.9737000009,
              529869.58520000055
            ],
            [
              350051.08300000057,
              529857.58760000207
            ],
            [
              350050.27170000039,
              529851.29240000248
            ],
            [
              350052.23899999913,
              529827.1063000001
            ],
            [
              350050.84750000108,
              529816.54830000177
            ],
            [
              350050.36950000003,
              529810.80620000139
            ],
            [
              350050.16739999969,
              529805.45680000074
            ],
            [
              350050.23710000049,
              529800.39330000244
            ],
            [
              350050.58000000007,
              529795.56200000457
            ],
            [
              350051.69660000131,
              529787.21020000055
            ],
            [
              350053.41210000217,
              529778.29169999994
            ],
            [
              350055.74930000119,
              529768.67420000024
            ],
            [
              350061.17320000101,
              529758.43610000424
            ],
            [
              350065.21560000069,
              529742.85659999959
            ],
            [
              350073.01180000044,
              529729.23190000094
            ],
            [
              350081.83770000096,
              529718.87659999914
            ],
            [
              350090.15220000036,
              529708.34890000336
            ],
            [
              350102.83079999965,
              529691.40440000035
            ],
            [
              350115.87750000041,
              529674.92989999987
            ],
            [
              350124.88090000022,
              529661.90730000287
            ],
            [
              350131.88180000056,
              529649.63170000352
            ],
            [
              350137.95170000009,
              529637.53380000032
            ],
            [
              350143.28720000014,
              529628.53189999983
            ],
            [
              350150.45470000058,
              529622.35539999977
            ],
            [
              350165.43020000216,
              529612.93700000271
            ],
            [
              350178.9812000012,
              529602.61070000008
            ],
            [
              350195.90240000095,
              529593.01499999873
            ],
            [
              350210.49199999869,
              529584.14810000174
            ],
            [
              350230.91810000129,
              529571.25650000013
            ],
            [
              350239.87640000042,
              529563.64340000041
            ],
            [
              350248.32899999991,
              529555.33880000189
            ],
            [
              350267.15360000078,
              529537.97199999914
            ],
            [
              350279.08040000033,
              529529.64780000038
            ],
            [
              350289.89580000006,
              529523.07780000009
            ],
            [
              350303.64989999961,
              529518.25229999982
            ],
            [
              350311.62750000134,
              529518.67659999989
            ],
            [
              350316.85380000062,
              529518.95460000075
            ],
            [
              350322.04320000019,
              529516.89780000411
            ],
            [
              350329.43710000068,
              529513.96730000153
            ],
            [
              350337.0644000005,
              529510.63920000009
            ],
            [
              350344.50050000101,
              529507.63880000263
            ],
            [
              350351.77780000027,
              529504.95310000144
            ],
            [
              350374.21510000154,
              529496.2042999994
            ],
            [
              350379.33509999886,
              529494.38020000048
            ],
            [
              350383.56419999991,
              529493.07330000214
            ],
            [
              350387.62799999956,
              529492.13190000132
            ],
            [
              350392.98010000028,
              529492.69150000252
            ],
            [
              350394.09090000018,
              529497.05770000257
            ],
            [
              350392.75870000012,
              529500.71000000276
            ],
            [
              350390.04490000196,
              529506.09539999999
            ],
            [
              350381.97850000206,
              529520.57580000162
            ],
            [
              350380.16350000072,
              529524.22430000268
            ],
            [
              350376.87679999974,
              529531.84520000219
            ],
            [
              350371.53589999955,
              529542.91070000455
            ],
            [
              350369.37060000189,
              529548.34740000404
            ],
            [
              350368.50570000056,
              529551.39189999923
            ],
            [
              350367.99230000004,
              529555.44060000218
            ],
            [
              350368.48140000179,
              529559.81530000083
            ],
            [
              350369.98670000117,
              529562.81280000322
            ],
            [
              350371.87090000138,
              529565.15960000083
            ],
            [
              350374.83000000194,
              529567.96070000157
            ],
            [
              350382.34940000065,
              529574.24499999732
            ],
            [
              350385.36730000097,
              529577.28949999996
            ],
            [
              350387.65550000034,
              529580.96900000051
            ],
            [
              350388.56010000035,
              529586.36310000159
            ],
            [
              350388.15859999973,
              529590.57950000092
            ],
            [
              350387.41250000056,
              529593.74520000443
            ],
            [
              350385.04930000007,
              529600.50239999779
            ],
            [
              350382.4616000019,
              529606.89919999987
            ],
            [
              350380.01510000229,
              529612.0195000004
            ],
            [
              350378.19749999885,
              529615.30020000413
            ],
            [
              350373.51380000077,
              529621.76439999975
            ],
            [
              350371.8543999996,
              529624.42569999956
            ],
            [
              350370.6361999996,
              529628.44920000248
            ],
            [
              350371.38360000122,
              529632.33300000243
            ],
            [
              350372.8292000005,
              529635.30510000326
            ],
            [
              350374.87610000093,
              529638.21360000223
            ],
            [
              350377.87670000084,
              529641.26560000144
            ],
            [
              350380.97820000071,
              529642.75379999913
            ],
            [
              350384.43890000135,
              529642.02809999883
            ],
            [
              350387.39020000119,
              529640.30730000138
            ],
            [
              350393.46180000156,
              529635.92760000192
            ],
            [
              350395.86400000006,
              529634.38490000181
            ],
            [
              350399.12540000118,
              529633.2368999999
            ],
            [
              350402.18200000096,
              529634.31680000201
            ],
            [
              350404.56380000059,
              529637.72060000151
            ],
            [
              350406.6201000018,
              529643.97990000062
            ],
            [
              350409.69529999979,
              529657.86960000172
            ],
            [
              350410.69809999969,
              529661.1483000014
            ],
            [
              350411.78210000135,
              529663.78790000081
            ],
            [
              350415.06120000128,
              529669.91569999978
            ],
            [
              350419.18319999985,
              529676.43700000271
            ],
            [
              350423.76920000091,
              529682.91479999945
            ],
            [
              350436.77960000001,
              529700.36720000021
            ],
            [
              350440.47900000121,
              529705.81850000285
            ],
            [
              350443.54910000134,
              529710.85010000318
            ],
            [
              350450.77909999993,
              529724.01900000125
            ],
            [
              350457.31159999873,
              529737.04590000026
            ],
            [
              350463.13910000026,
              529749.91620000079
            ],
            [
              350466.13780000061,
              529757.08790000342
            ],
            [
              350468.25670000073,
              529762.61850000359
            ],
            [
              350471.09590000007,
              529771.15530000255
            ],
            [
              350476.74019999988,
              529791.12470000051
            ],
            [
              350478.35750000086,
              529795.96500000171
            ],
            [
              350480.02220000047,
              529800.26820000261
            ],
            [
              350485.60670000035,
              529813.39420000277
            ],
            [
              350489.84690000024,
              529822.11040000059
            ],
            [
              350492.02960000094,
              529825.99240000173
            ],
            [
              350494.24089999963,
              529829.50359999947
            ],
            [
              350496.50820000097,
              529832.68710000068
            ],
            [
              350498.8470999999,
              529835.56480000168
            ],
            [
              350500.93239999935,
              529837.70930000208
            ],
            [
              350503.35210000165,
              529839.7378000021
            ],
            [
              350506.13069999963,
              529841.67140000127
            ],
            [
              350509.3227000013,
              529843.54829999991
            ],
            [
              350515.6034000013,
              529846.60840000026
            ],
            [
              350530.59680000134,
              529853.00349999964
            ],
            [
              350537.12179999985,
              529856.40230000019
            ],
            [
              350539.79069999978,
              529858.1344000008
            ],
            [
              350542.12630000059,
              529859.93020000122
            ],
            [
              350545.03490000125,
              529862.80819999799
            ],
            [
              350548.4581000004,
              529867.43999999948
            ],
            [
              350550.75240000058,
              529871.56330000237
            ],
            [
              350552.81290000025,
              529876.20830000192
            ],
            [
              350554.674300001,
              529881.45270000212
            ],
            [
              350556.14940000139,
              529886.53360000066
            ],
            [
              350557.57350000087,
              529892.36620000377
            ],
            [
              350559.70260000043,
              529902.02170000039
            ],
            [
              350562.38100000005,
              529915.57049999945
            ],
            [
              350563.44469999988,
              529921.16340000182
            ],
            [
              350564.21600000095,
              529927.53100000322
            ],
            [
              350564.66330000199,
              529933.08450000361
            ],
            [
              350565.54030000232,
              529950.08110000193
            ],
            [
              350566.41130000073,
              529958.70820000023
            ],
            [
              350567.15620000195,
              529963.15279999934
            ],
            [
              350568.09439999983,
              529967.20450000092
            ],
            [
              350569.24390000105,
              529970.94010000117
            ],
            [
              350570.61689999886,
              529974.3981999997
            ],
            [
              350572.30240000039,
              529977.64409999922
            ],
            [
              350574.44539999962,
              529980.86060000025
            ],
            [
              350577.0680999998,
              529984.0818000026
            ],
            [
              350580.22190000117,
              529987.3713000007
            ],
            [
              350586.68919999897,
              529993.09170000069
            ],
            [
              350602.71630000044,
              530005.83940000273
            ],
            [
              350606.45940000005,
              530009.17510000244
            ],
            [
              350609.58650000021,
              530012.31069999747
            ],
            [
              350612.30700000096,
              530015.47970000096
            ],
            [
              350614.54440000094,
              530018.62250000238
            ],
            [
              350616.3303000005,
              530021.78380000032
            ],
            [
              350617.6791000003,
              530024.99000000022
            ]
          ]
        ]
      }
    },
    {
      "attributes" : {
        "FID" : 4,
        "PMNTN_SN" : 19836,
        "MNTN_CODE" : "427701001",
        "MNTN_NM" : "박달봉",
        "PMNTN_NM" : "신월리구간",
        "PMNTN_MAIN" : " ",
        "PMNTN_LT" : 1.41,
        "PMNTN_DFFL" : "쉬움",
        "PMNTN_UPPL" : 35,
        "PMNTN_GODN" : 25,
        "PMNTN_MTRQ" : " ",
        "PMNTN_CNRL" : " ",
        "PMNTN_CLS_" : " ",
        "PMNTN_RISK" : " ",
        "PMNTN_RECO" : " ",
        "DATA_STDR_" : "2016-12-31",
        "MNTN_ID" : "427703101"
      },
      "geometry" : {
        "paths" : [
          [
            [
              351014.17780000065,
              530975.64580000192
            ],
            [
              351006.74330000114,
              530966.92300000228
            ],
            [
              350994.89139999915,
              530957.87890000083
            ],
            [
              350986.44370000158,
              530949.03550000116
            ],
            [
              350977.50480000023,
              530939.30770000257
            ],
            [
              350968.91640000138,
              530928.38020000048
            ],
            [
              350965.206100001,
              530918.18830000423
            ],
            [
              350960.10550000053,
              530907.06709999964
            ],
            [
              350950.77799999993,
              530895.76249999925
            ],
            [
              350943.1500000013,
              530886.5177000016
            ],
            [
              350934.59080000035,
              530878.6005000025
            ],
            [
              350926.37030000146,
              530875.71560000442
            ],
            [
              350919.84320000093,
              530871.80140000023
            ],
            [
              350913.24360000156,
              530866.02080000378
            ],
            [
              350906.36700000055,
              530859.99770000018
            ],
            [
              350894.16610000189,
              530849.31100000255
            ],
            [
              350888.13060000166,
              530845.73990000039
            ],
            [
              350882.01460000221,
              530844.84940000251
            ],
            [
              350877.03210000042,
              530845.13529999927
            ],
            [
              350871.1930000009,
              530843.30540000275
            ],
            [
              350865.60699999984,
              530842.66500000097
            ],
            [
              350859.73990000039,
              530840.61390000209
            ],
            [
              350853.66930000018,
              530834.58530000225
            ],
            [
              350849.40429999959,
              530828.89200000279
            ],
            [
              350844.45650000125,
              530823.05900000036
            ],
            [
              350840.35180000123,
              530817.22930000164
            ],
            [
              350836.23610000033,
              530816.36260000244
            ],
            [
              350831.85050000064,
              530814.21770000271
            ],
            [
              350828.98089999985,
              530814.32190000266
            ],
            [
              350825.14340000134,
              530812.55700000003
            ],
            [
              350821.46120000072,
              530810.48980000429
            ],
            [
              350818.47910000104,
              530808.30450000428
            ],
            [
              350815.40070000105,
              530805.27400000393
            ],
            [
              350813.67740000039,
              530800.35950000025
            ],
            [
              350811.44759999961,
              530793.26410000212
            ],
            [
              350809.18840000033,
              530788.36200000159
            ],
            [
              350807.54200000037,
              530783.95950000174
            ],
            [
              350805.9347000001,
              530778.87959999964
            ],
            [
              350801.40450000204,
              530763.45580000058
            ],
            [
              350794.18010000046,
              530746.72350000031
            ],
            [
              350791.1344000008,
              530735.66440000199
            ],
            [
              350788.47490000073,
              530724.85889999941
            ],
            [
              350784.65570000093,
              530711.97800000198
            ],
            [
              350782.12270000111,
              530703.43480000086
            ],
            [
              350776.11780000012,
              530683.18219999969
            ],
            [
              350769.3143000016,
              530660.23620000295
            ],
            [
              350763.9916999992,
              530642.28480000049
            ],
            [
              350759.1826000018,
              530626.06500000134
            ],
            [
              350755.37870000117,
              530617.66210000217
            ],
            [
              350751.98909999989,
              530616.19360000268
            ],
            [
              350747.69539999962,
              530616.55180000141
            ],
            [
              350743.14310000092,
              530616.45050000027
            ],
            [
              350736.63960000128,
              530617.84450000152
            ],
            [
              350728.85160000063,
              530619.31399999931
            ],
            [
              350720.71740000043,
              530622.78300000168
            ],
            [
              350712.20959999971,
              530627.68420000002
            ],
            [
              350702.74100000132,
              530635.05410000123
            ],
            [
              350693.45310000051,
              530640.00669999979
            ],
            [
              350683.78990000021,
              530645.00919999927
            ],
            [
              350674.02030000091,
              530647.74939999916
            ],
            [
              350666.31060000136,
              530650.13080000132
            ],
            [
              350657.54640000127,
              530652.1213000007
            ],
            [
              350650.8816000009,
              530655.70979999937
            ],
            [
              350645.52399999928,
              530660.12890000269
            ],
            [
              350640.23529999983,
              530666.01569999754
            ],
            [
              350633.08140000049,
              530672.18110000156
            ],
            [
              350626.56620000117,
              530678.50310000032
            ],
            [
              350620.81040000077,
              530683.4467999991
            ],
            [
              350616.0736999996,
              530685.92579999939
            ],
            [
              350607.18690000102,
              530688.71289999969
            ],
            [
              350599.59300000221,
              530689.48430000059
            ],
            [
              350595.58669999987,
              530687.73570000194
            ],
            [
              350594.10460000113,
              530682.60760000162
            ],
            [
              350592.41200000141,
              530676.9197000023
            ],
            [
              350589.84000000078,
              530662.27710000053
            ],
            [
              350589.15990000125,
              530636.47240000032
            ],
            [
              350589.59729999956,
              530606.65060000122
            ],
            [
              350586.04930000193,
              530577.87209999934
            ],
            [
              350585.6138999993,
              530563.57479999959
            ],
            [
              350589.24959999882,
              530561.17180000059
            ],
            [
              350596.83000000101,
              530559.5634000022
            ],
            [
              350606.90450000111,
              530555.85830000043
            ],
            [
              350616.58030000143,
              530551.61900000088
            ],
            [
              350621.32799999975,
              530547.33450000174
            ],
            [
              350627.08550000004,
              530542.07720000297
            ],
            [
              350632.21520000137,
              530533.54170000181
            ],
            [
              350646.71470000129,
              530521.79550000094
            ],
            [
              350656.96580000035,
              530515.58820000291
            ],
            [
              350657.02020000014,
              530510.01620000228
            ],
            [
              350653.54870000109,
              530508.06730000116
            ],
            [
              350647.81030000001,
              530506.92779999971
            ],
            [
              350640.94529999979,
              530507.18639999814
            ],
            [
              350632.95970000047,
              530508.67730000056
            ],
            [
              350627.61510000098,
              530507.09960000217
            ],
            [
              350619.26009999961,
              530503.83650000021
            ],
            [
              350612.40249999985,
              530499.03850000352
            ],
            [
              350607.89660000056,
              530493.25950000063
            ],
            [
              350603.27870000061,
              530487.33689999953
            ],
            [
              350598.59570000041,
              530481.33070000261
            ],
            [
              350591.22780000139,
              530477.51740000024
            ],
            [
              350584.46389999986,
              530476.15210000053
            ],
            [
              350580.05829999968,
              530469.72910000198
            ],
            [
              350577.09379999992,
              530461.59340000153
            ],
            [
              350575.01900000125,
              530454.01490000077
            ],
            [
              350573.31520000007,
              530447.64940000139
            ],
            [
              350574.53710000031,
              530439.58640000224
            ],
            [
              350575.61739999987,
              530433.36780000106
            ],
            [
              350577.0177000016,
              530426.27129999921
            ],
            [
              350578.51280000154,
              530419.34640000202
            ],
            [
              350580.9469000008,
              530410.89210000262
            ],
            [
              350584.44739999995,
              530404.80630000122
            ],
            [
              350589.5820000004,
              530402.0607000012
            ],
            [
              350598.71030000132,
              530401.33660000004
            ],
            [
              350604.55289999954,
              530401.49789999798
            ],
            [
              350613.1174999997,
              530399.64560000226
            ],
            [
              350622.58800000232,
              530396.98020000197
            ],
            [
              350633.84399999958,
              530393.71510000154
            ],
            [
              350645.0055000009,
              530389.98020000011
            ],
            [
              350651.49190000072,
              530383.29750000313
            ],
            [
              350654.41990000196,
              530377.35590000264
            ],
            [
              350652.70720000099,
              530372.91620000079
            ],
            [
              350647.53650000039,
              530359.51250000112
            ],
            [
              350643.95859999955,
              530350.23770000227
            ],
            [
              350641.35460000206,
              530346.79820000194
            ],
            [
              350638.14870000072,
              530342.89960000105
            ],
            [
              350627.51829999965,
              530330.77570000105
            ],
            [
              350624.6528000012,
              530327.13140000217
            ],
            [
              350622.52600000054,
              530324.01390000433
            ],
            [
              350620.74810000043,
              530320.60979999974
            ],
            [
              350619.92200000025,
              530317.07710000128
            ],
            [
              350620.61230000108,
              530314.24070000276
            ],
            [
              350623.75090000033,
              530311.54620000161
            ],
            [
              350627.76360000111,
              530310.06340000033
            ],
            [
              350636.35890000127,
              530307.78419999965
            ],
            [
              350641.40130000096,
              530305.62680000067
            ],
            [
              350644.47520000208,
              530302.83100000396
            ],
            [
              350646.45930000115,
              530299.2442000024
            ],
            [
              350647.49930000119,
              530294.80949999951
            ],
            [
              350647.69960000087,
              530290.91650000215
            ],
            [
              350647.5261000013,
              530287.98930000141
            ],
            [
              350646.86070000101,
              530283.23189999908
            ],
            [
              350645.68330000155,
              530277.72700000182
            ],
            [
              350644.00350000057,
              530271.41660000198
            ],
            [
              350638.62040000129,
              530252.90169999935
            ],
            [
              350637.30920000095,
              530247.3610999994
            ],
            [
              350636.50390000083,
              530242.65259999968
            ],
            [
              350634.0959999999,
              530224.87989999913
            ],
            [
              350631.8749000011,
              530210.31530000083
            ],
            [
              350629.56150000077,
              530197.13399999775
            ],
            [
              350627.09150000103,
              530185.00140000135
            ],
            [
              350624.53529999964,
              530174.60569999926
            ],
            [
              350617.15090000071,
              530148.73929999955
            ],
            [
              350614.14940000046,
              530136.76270000264
            ],
            [
              350610.99780000001,
              530121.51580000296
            ],
            [
              350608.26659999974,
              530106.17229999788
            ]
          ]
        ]
      }
    }
  ]
}