{
  "displayFieldName" : "",
  "fieldAliases" : {
    "FID" : "FID",
    "PMNTN_SPOT" : "PMNTN_SPOT",
    "MNTN_CODE" : "MNTN_CODE",
    "MANAGE_SP1" : "MANAGE_SP1",
    "MANAGE_SP2" : "MANAGE_SP2",
    "DETAIL_SPO" : "DETAIL_SPO",
    "ETC_MATTER" : "ETC_MATTER",
    "MNTN_NM" : "MNTN_NM",
    "PAST_SPOT_" : "PAST_SPOT_",
    "MNTN_ID" : "MNTN_ID"
  },
  "geometryType" : "esriGeometryPoint",
  "spatialReference" : {
    "wkt" : "PROJCS[\"PCS_ITRF2000_TM\",GEOGCS[\"GCS_ITRF_2000\",DATUM[\"D_ITRF_2000\",SPHEROID[\"GRS_1980\",6378137.0,298.257222101]],PRIMEM[\"Greenwich\",0.0],UNIT[\"Degree\",0.0174532925199433]],PROJECTION[\"Transverse_Mercator\"],PARAMETER[\"False_Easting\",200000.0],PARAMETER[\"False_Northing\",600000.0],PARAMETER[\"Central_Meridian\",127.0],PARAMETER[\"Scale_Factor\",1.0],PARAMETER[\"Latitude_Of_Origin\",38.0],UNIT[\"Meter\",1.0]]"
  },
  "fields" : [
    {
      "name" : "FID",
      "type" : "esriFieldTypeOID",
      "alias" : "FID"
    },
    {
      "name" : "PMNTN_SPOT",
      "type" : "esriFieldTypeDouble",
      "alias" : "PMNTN_SPOT"
    },
    {
      "name" : "MNTN_CODE",
      "type" : "esriFieldTypeString",
      "alias" : "MNTN_CODE",
      "length" : 9
    },
    {
      "name" : "MANAGE_SP1",
      "type" : "esriFieldTypeString",
      "alias" : "MANAGE_SP1",
      "length" : 2
    },
    {
      "name" : "MANAGE_SP2",
      "type" : "esriFieldTypeString",
      "alias" : "MANAGE_SP2",
      "length" : 50
    },
    {
      "name" : "DETAIL_SPO",
      "type" : "esriFieldTypeString",
      "alias" : "DETAIL_SPO",
      "length" : 200
    },
    {
      "name" : "ETC_MATTER",
      "type" : "esriFieldTypeString",
      "alias" : "ETC_MATTER",
      "length" : 200
    },
    {
      "name" : "MNTN_NM",
      "type" : "esriFieldTypeString",
      "alias" : "MNTN_NM",
      "length" : 50
    },
    {
      "name" : "PAST_SPOT_",
      "type" : "esriFieldTypeString",
      "alias" : "PAST_SPOT_",
      "length" : 14
    },
    {
      "name" : "MNTN_ID",
      "type" : "esriFieldTypeString",
      "alias" : "MNTN_ID",
      "length" : 10
    }
  ],
  "features" : [
    {
      "attributes" : {
        "FID" : 0,
        "PMNTN_SPOT" : 55337,
        "MNTN_CODE" : "488603801",
        "MANAGE_SP1" : "99",
        "MANAGE_SP2" : "기타",
        "DETAIL_SPO" : "수양산 전경사진포인트",
        "ETC_MATTER" : " ",
        "MNTN_NM" : "수양산",
        "PAST_SPOT_" : "4886038010001",
        "MNTN_ID" : "488603801"
      },
      "geometry" : {
        "x" : 278695.09740045294,
        "y" : 299607.53270992637
      }
    },
    {
      "attributes" : {
        "FID" : 1,
        "PMNTN_SPOT" : 55338,
        "MNTN_CODE" : "488603801",
        "MANAGE_SP1" : "99",
        "MANAGE_SP2" : "기타",
        "DETAIL_SPO" : "사리마을(덕산교,버스승강장)",
        "ETC_MATTER" : " ",
        "MNTN_NM" : "수양산",
        "PAST_SPOT_" : "4886038010002",
        "MNTN_ID" : "488603801"
      },
      "geometry" : {
        "x" : 277413.4422648726,
        "y" : 297739.86155801266
      }
    },
    {
      "attributes" : {
        "FID" : 2,
        "PMNTN_SPOT" : 55339,
        "MNTN_CODE" : "488603801",
        "MANAGE_SP1" : "99",
        "MANAGE_SP2" : "기타",
        "DETAIL_SPO" : "수양산초입(시무산)",
        "ETC_MATTER" : " ",
        "MNTN_NM" : "수양산",
        "PAST_SPOT_" : "4886038010003",
        "MNTN_ID" : "488603801"
      },
      "geometry" : {
        "x" : 277515.87248063833,
        "y" : 297629.78704093583
      }
    },
    {
      "attributes" : {
        "FID" : 3,
        "PMNTN_SPOT" : 55340,
        "MNTN_CODE" : "488603801",
        "MANAGE_SP1" : "23",
        "MANAGE_SP2" : "정상",
        "DETAIL_SPO" : "시무산정상(칠은산),삼각점",
        "ETC_MATTER" : " ",
        "MNTN_NM" : "수양산",
        "PAST_SPOT_" : "4886038010004",
        "MNTN_ID" : "488603801"
      },
      "geometry" : {
        "x" : 278224.71930810716,
        "y" : 297861.46450460888
      }
    },
    {
      "attributes" : {
        "FID" : 4,
        "PMNTN_SPOT" : 55341,
        "MNTN_CODE" : "488603801",
        "MANAGE_SP1" : "02",
        "MANAGE_SP2" : "분기점",
        "DETAIL_SPO" : "갈림길",
        "ETC_MATTER" : " ",
        "MNTN_NM" : "수양산",
        "PAST_SPOT_" : "4886038010005",
        "MNTN_ID" : "488603801"
      },
      "geometry" : {
        "x" : 278476.12237081304,
        "y" : 298350.43970856816
      }
    },
    {
      "attributes" : {
        "FID" : 5,
        "PMNTN_SPOT" : 55342,
        "MNTN_CODE" : "488603801",
        "MANAGE_SP1" : "23",
        "MANAGE_SP2" : "정상",
        "DETAIL_SPO" : "수양산정상",
        "ETC_MATTER" : " ",
        "MNTN_NM" : "수양산",
        "PAST_SPOT_" : "4886038010006",
        "MNTN_ID" : "488603801"
      },
      "geometry" : {
        "x" : 278401.2527583763,
        "y" : 299200.0799794998
      }
    },
    {
      "attributes" : {
        "FID" : 6,
        "PMNTN_SPOT" : 55343,
        "MNTN_CODE" : "488603801",
        "MANAGE_SP1" : "02",
        "MANAGE_SP2" : "분기점",
        "DETAIL_SPO" : "갈림길 (웅석봉,수양산,소리당)",
        "ETC_MATTER" : " ",
        "MNTN_NM" : "수양산",
        "PAST_SPOT_" : "4886038010007",
        "MNTN_ID" : "488603801"
      },
      "geometry" : {
        "x" : 278574.55315567926,
        "y" : 299598.87418330833
      }
    },
    {
      "attributes" : {
        "FID" : 7,
        "PMNTN_SPOT" : 55344,
        "MNTN_CODE" : "488603801",
        "MANAGE_SP1" : "02",
        "MANAGE_SP2" : "분기점",
        "DETAIL_SPO" : "갈림길",
        "ETC_MATTER" : " ",
        "MNTN_NM" : "수양산",
        "PAST_SPOT_" : "4886038010008",
        "MNTN_ID" : "488603801"
      },
      "geometry" : {
        "x" : 277519.28430043627,
        "y" : 298075.30468995497
      }
    },
    {
      "attributes" : {
        "FID" : 8,
        "PMNTN_SPOT" : 55345,
        "MNTN_CODE" : "488603801",
        "MANAGE_SP1" : "99",
        "MANAGE_SP2" : "기타",
        "DETAIL_SPO" : "나무다리",
        "ETC_MATTER" : " ",
        "MNTN_NM" : "수양산",
        "PAST_SPOT_" : "4886038010009",
        "MNTN_ID" : "488603801"
      },
      "geometry" : {
        "x" : 278247.52060593106,
        "y" : 298393.18036936596
      }
    },
    {
      "attributes" : {
        "FID" : 9,
        "PMNTN_SPOT" : 55346,
        "MNTN_CODE" : "488603801",
        "MANAGE_SP1" : "10",
        "MANAGE_SP2" : "이정표",
        "DETAIL_SPO" : "용무령(이정표,지리산둘레길 교차점",
        "ETC_MATTER" : " ",
        "MNTN_NM" : "수양산",
        "PAST_SPOT_" : "4886038010010",
        "MNTN_ID" : "488603801"
      },
      "geometry" : {
        "x" : 278895.7104900768,
        "y" : 300892.09677243792
      }
    },
    {
      "attributes" : {
        "FID" : 10,
        "PMNTN_SPOT" : 55347,
        "MNTN_CODE" : "488603801",
        "MANAGE_SP1" : "99",
        "MANAGE_SP2" : "기타",
        "DETAIL_SPO" : "백운임도 교차점",
        "ETC_MATTER" : " ",
        "MNTN_NM" : "수양산",
        "PAST_SPOT_" : "4886038010011",
        "MNTN_ID" : "488603801"
      },
      "geometry" : {
        "x" : 278866.11480886117,
        "y" : 302249.60467204452
      }
    },
    {
      "attributes" : {
        "FID" : 11,
        "PMNTN_SPOT" : 55348,
        "MNTN_CODE" : "488603801",
        "MANAGE_SP1" : "99",
        "MANAGE_SP2" : "기타",
        "DETAIL_SPO" : "마근담봉",
        "ETC_MATTER" : " ",
        "MNTN_NM" : "수양산",
        "PAST_SPOT_" : "4886038010012",
        "MNTN_ID" : "488603801"
      },
      "geometry" : {
        "x" : 278910.62132892571,
        "y" : 303437.58337484859
      }
    },
    {
      "attributes" : {
        "FID" : 12,
        "PMNTN_SPOT" : 55349,
        "MNTN_CODE" : "488603801",
        "MANAGE_SP1" : "99",
        "MANAGE_SP2" : "기타",
        "DETAIL_SPO" : "소리당입구",
        "ETC_MATTER" : " ",
        "MNTN_NM" : "수양산",
        "PAST_SPOT_" : "4886038010013",
        "MNTN_ID" : "488603801"
      },
      "geometry" : {
        "x" : 279107.03233756125,
        "y" : 297358.35405945964
      }
    },
    {
      "attributes" : {
        "FID" : 13,
        "PMNTN_SPOT" : 55350,
        "MNTN_CODE" : "488603801",
        "MANAGE_SP1" : "99",
        "MANAGE_SP2" : "기타",
        "DETAIL_SPO" : "아랫소리당",
        "ETC_MATTER" : " ",
        "MNTN_NM" : "수양산",
        "PAST_SPOT_" : "4886038010014",
        "MNTN_ID" : "488603801"
      },
      "geometry" : {
        "x" : 279088.09949770197,
        "y" : 297648.73540707491
      }
    },
    {
      "attributes" : {
        "FID" : 14,
        "PMNTN_SPOT" : 55351,
        "MNTN_CODE" : "488603801",
        "MANAGE_SP1" : "99",
        "MANAGE_SP2" : "기타",
        "DETAIL_SPO" : "미타사,건명사  입구",
        "ETC_MATTER" : " ",
        "MNTN_NM" : "수양산",
        "PAST_SPOT_" : "4886038010015",
        "MNTN_ID" : "488603801"
      },
      "geometry" : {
        "x" : 278968.84200857673,
        "y" : 298095.91601453349
      }
    },
    {
      "attributes" : {
        "FID" : 15,
        "PMNTN_SPOT" : 55352,
        "MNTN_CODE" : "488603801",
        "MANAGE_SP1" : "99",
        "MANAGE_SP2" : "기타",
        "DETAIL_SPO" : "윗소리당(미타사절입구)",
        "ETC_MATTER" : " ",
        "MNTN_NM" : "수양산",
        "PAST_SPOT_" : "4886038010016",
        "MNTN_ID" : "488603801"
      },
      "geometry" : {
        "x" : 278984.85211668164,
        "y" : 298778.9031110052
      }
    }
  ]
}