{
  "displayFieldName" : "",
  "fieldAliases" : {
    "FID" : "FID",
    "PMNTN_SPOT" : "PMNTN_SPOT",
    "MNTN_CODE" : "MNTN_CODE",
    "MANAGE_SP1" : "MANAGE_SP1",
    "MANAGE_SP2" : "MANAGE_SP2",
    "DETAIL_SPO" : "DETAIL_SPO",
    "ETC_MATTER" : "ETC_MATTER",
    "MNTN_NM" : "MNTN_NM",
    "PAST_SPOT_" : "PAST_SPOT_",
    "MNTN_ID" : "MNTN_ID"
  },
  "geometryType" : "esriGeometryPoint",
  "spatialReference" : {
    "wkt" : "PROJCS[\"PCS_ITRF2000_TM\",GEOGCS[\"GCS_ITRF_2000\",DATUM[\"D_ITRF_2000\",SPHEROID[\"GRS_1980\",6378137.0,298.257222101]],PRIMEM[\"Greenwich\",0.0],UNIT[\"Degree\",0.0174532925199433]],PROJECTION[\"Transverse_Mercator\"],PARAMETER[\"False_Easting\",200000.0],PARAMETER[\"False_Northing\",600000.0],PARAMETER[\"Central_Meridian\",127.0],PARAMETER[\"Scale_Factor\",1.0],PARAMETER[\"Latitude_Of_Origin\",38.0],UNIT[\"Meter\",1.0]]"
  },
  "fields" : [
    {
      "name" : "FID",
      "type" : "esriFieldTypeOID",
      "alias" : "FID"
    },
    {
      "name" : "PMNTN_SPOT",
      "type" : "esriFieldTypeDouble",
      "alias" : "PMNTN_SPOT"
    },
    {
      "name" : "MNTN_CODE",
      "type" : "esriFieldTypeString",
      "alias" : "MNTN_CODE",
      "length" : 9
    },
    {
      "name" : "MANAGE_SP1",
      "type" : "esriFieldTypeString",
      "alias" : "MANAGE_SP1",
      "length" : 2
    },
    {
      "name" : "MANAGE_SP2",
      "type" : "esriFieldTypeString",
      "alias" : "MANAGE_SP2",
      "length" : 50
    },
    {
      "name" : "DETAIL_SPO",
      "type" : "esriFieldTypeString",
      "alias" : "DETAIL_SPO",
      "length" : 200
    },
    {
      "name" : "ETC_MATTER",
      "type" : "esriFieldTypeString",
      "alias" : "ETC_MATTER",
      "length" : 200
    },
    {
      "name" : "MNTN_NM",
      "type" : "esriFieldTypeString",
      "alias" : "MNTN_NM",
      "length" : 50
    },
    {
      "name" : "PAST_SPOT_",
      "type" : "esriFieldTypeString",
      "alias" : "PAST_SPOT_",
      "length" : 14
    },
    {
      "name" : "MNTN_ID",
      "type" : "esriFieldTypeString",
      "alias" : "MNTN_ID",
      "length" : 10
    }
  ],
  "features" : [
    {
      "attributes" : {
        "FID" : 0,
        "PMNTN_SPOT" : 57340,
        "MNTN_CODE" : "414602701",
        "MANAGE_SP1" : "01",
        "MANAGE_SP2" : "시종점",
        "DETAIL_SPO" : "시종점",
        "ETC_MATTER" : " ",
        "MNTN_NM" : "쓰레산",
        "PAST_SPOT_" : "4146120010001",
        "MNTN_ID" : "414612001"
      },
      "geometry" : {
        "x" : 233805.39120000135,
        "y" : 507345.65580000542
      }
    },
    {
      "attributes" : {
        "FID" : 1,
        "PMNTN_SPOT" : 57341,
        "MNTN_CODE" : "414602701",
        "MANAGE_SP1" : "02",
        "MANAGE_SP2" : "분기점",
        "DETAIL_SPO" : "분기점",
        "ETC_MATTER" : " ",
        "MNTN_NM" : "쓰레산",
        "PAST_SPOT_" : "4146120010002",
        "MNTN_ID" : "414612001"
      },
      "geometry" : {
        "x" : 233832.66349999979,
        "y" : 507342.20940000191
      }
    },
    {
      "attributes" : {
        "FID" : 2,
        "PMNTN_SPOT" : 57342,
        "MNTN_CODE" : "414602701",
        "MANAGE_SP1" : "01",
        "MANAGE_SP2" : "시종점",
        "DETAIL_SPO" : "시종점",
        "ETC_MATTER" : " ",
        "MNTN_NM" : "쓰레산",
        "PAST_SPOT_" : "4146120010003",
        "MNTN_ID" : "414612001"
      },
      "geometry" : {
        "x" : 233843.54719999991,
        "y" : 507652.81200000085
      }
    },
    {
      "attributes" : {
        "FID" : 3,
        "PMNTN_SPOT" : 57343,
        "MNTN_CODE" : "414602701",
        "MANAGE_SP1" : "02",
        "MANAGE_SP2" : "분기점",
        "DETAIL_SPO" : "분기점",
        "ETC_MATTER" : " ",
        "MNTN_NM" : "쓰레산",
        "PAST_SPOT_" : "4146120010004",
        "MNTN_ID" : "414612001"
      },
      "geometry" : {
        "x" : 234012.11249999981,
        "y" : 507520.58500000276
      }
    },
    {
      "attributes" : {
        "FID" : 4,
        "PMNTN_SPOT" : 57344,
        "MNTN_CODE" : "414602701",
        "MANAGE_SP1" : "02",
        "MANAGE_SP2" : "분기점",
        "DETAIL_SPO" : "분기점",
        "ETC_MATTER" : " ",
        "MNTN_NM" : "쓰레산",
        "PAST_SPOT_" : "4146120010005",
        "MNTN_ID" : "414612001"
      },
      "geometry" : {
        "x" : 234021.92680000048,
        "y" : 507379.04230000265
      }
    },
    {
      "attributes" : {
        "FID" : 5,
        "PMNTN_SPOT" : 57345,
        "MNTN_CODE" : "414602701",
        "MANAGE_SP1" : "01",
        "MANAGE_SP2" : "시종점",
        "DETAIL_SPO" : "시종점",
        "ETC_MATTER" : " ",
        "MNTN_NM" : "쓰레산",
        "PAST_SPOT_" : "4146120010006",
        "MNTN_ID" : "414612001"
      },
      "geometry" : {
        "x" : 234183.88630000222,
        "y" : 507341.74770000204
      }
    },
    {
      "attributes" : {
        "FID" : 6,
        "PMNTN_SPOT" : 57346,
        "MNTN_CODE" : "414602701",
        "MANAGE_SP1" : "02",
        "MANAGE_SP2" : "분기점",
        "DETAIL_SPO" : "분기점",
        "ETC_MATTER" : " ",
        "MNTN_NM" : "쓰레산",
        "PAST_SPOT_" : "4146120010007",
        "MNTN_ID" : "414612001"
      },
      "geometry" : {
        "x" : 234403.48740000091,
        "y" : 507180.63080000132
      }
    },
    {
      "attributes" : {
        "FID" : 7,
        "PMNTN_SPOT" : 57347,
        "MNTN_CODE" : "414602701",
        "MANAGE_SP1" : "01",
        "MANAGE_SP2" : "시종점",
        "DETAIL_SPO" : "시종점",
        "ETC_MATTER" : " ",
        "MNTN_NM" : "쓰레산",
        "PAST_SPOT_" : "4146120010008",
        "MNTN_ID" : "414612001"
      },
      "geometry" : {
        "x" : 235306.83200000133,
        "y" : 506531.97780000046
      }
    }
  ]
}