{
  "displayFieldName" : "",
  "fieldAliases" : {
    "FID" : "FID",
    "PMNTN_SPOT" : "PMNTN_SPOT",
    "MNTN_CODE" : "MNTN_CODE",
    "MANAGE_SP1" : "MANAGE_SP1",
    "MANAGE_SP2" : "MANAGE_SP2",
    "DETAIL_SPO" : "DETAIL_SPO",
    "ETC_MATTER" : "ETC_MATTER",
    "MNTN_NM" : "MNTN_NM",
    "PAST_SPOT_" : "PAST_SPOT_",
    "MNTN_ID" : "MNTN_ID"
  },
  "geometryType" : "esriGeometryPoint",
  "spatialReference" : {
    "wkt" : "PROJCS[\"PCS_ITRF2000_TM\",GEOGCS[\"GCS_ITRF_2000\",DATUM[\"D_ITRF_2000\",SPHEROID[\"GRS_1980\",6378137.0,298.257222101]],PRIMEM[\"Greenwich\",0.0],UNIT[\"Degree\",0.0174532925199433]],PROJECTION[\"Transverse_Mercator\"],PARAMETER[\"False_Easting\",200000.0],PARAMETER[\"False_Northing\",600000.0],PARAMETER[\"Central_Meridian\",127.0],PARAMETER[\"Scale_Factor\",1.0],PARAMETER[\"Latitude_Of_Origin\",38.0],UNIT[\"Meter\",1.0]]"
  },
  "fields" : [
    {
      "name" : "FID",
      "type" : "esriFieldTypeOID",
      "alias" : "FID"
    },
    {
      "name" : "PMNTN_SPOT",
      "type" : "esriFieldTypeDouble",
      "alias" : "PMNTN_SPOT"
    },
    {
      "name" : "MNTN_CODE",
      "type" : "esriFieldTypeString",
      "alias" : "MNTN_CODE",
      "length" : 9
    },
    {
      "name" : "MANAGE_SP1",
      "type" : "esriFieldTypeString",
      "alias" : "MANAGE_SP1",
      "length" : 2
    },
    {
      "name" : "MANAGE_SP2",
      "type" : "esriFieldTypeString",
      "alias" : "MANAGE_SP2",
      "length" : 50
    },
    {
      "name" : "DETAIL_SPO",
      "type" : "esriFieldTypeString",
      "alias" : "DETAIL_SPO",
      "length" : 200
    },
    {
      "name" : "ETC_MATTER",
      "type" : "esriFieldTypeString",
      "alias" : "ETC_MATTER",
      "length" : 200
    },
    {
      "name" : "MNTN_NM",
      "type" : "esriFieldTypeString",
      "alias" : "MNTN_NM",
      "length" : 50
    },
    {
      "name" : "PAST_SPOT_",
      "type" : "esriFieldTypeString",
      "alias" : "PAST_SPOT_",
      "length" : 14
    },
    {
      "name" : "MNTN_ID",
      "type" : "esriFieldTypeString",
      "alias" : "MNTN_ID",
      "length" : 10
    }
  ],
  "features" : [
    {
      "attributes" : {
        "FID" : 0,
        "PMNTN_SPOT" : 50260,
        "MNTN_CODE" : "447301101",
        "MANAGE_SP1" : "99",
        "MANAGE_SP2" : "기타",
        "DETAIL_SPO" : "계단",
        "ETC_MATTER" : " ",
        "MNTN_NM" : "서대산",
        "PAST_SPOT_" : "4473011010001",
        "MNTN_ID" : "447301101"
      },
      "geometry" : {
        "x" : 228507.73204270657,
        "y" : 430016.21264637634
      }
    },
    {
      "attributes" : {
        "FID" : 1,
        "PMNTN_SPOT" : 50261,
        "MNTN_CODE" : "447301101",
        "MANAGE_SP1" : "23",
        "MANAGE_SP2" : "정상",
        "DETAIL_SPO" : "정상",
        "ETC_MATTER" : " ",
        "MNTN_NM" : "서대산",
        "PAST_SPOT_" : "4473011010002",
        "MNTN_ID" : "447301101"
      },
      "geometry" : {
        "x" : 228726.00518845674,
        "y" : 429125.60633998737
      }
    },
    {
      "attributes" : {
        "FID" : 2,
        "PMNTN_SPOT" : 50262,
        "MNTN_CODE" : "447301101",
        "MANAGE_SP1" : "99",
        "MANAGE_SP2" : "기타",
        "DETAIL_SPO" : "숲길전경",
        "ETC_MATTER" : " ",
        "MNTN_NM" : "서대산",
        "PAST_SPOT_" : "4473011010003",
        "MNTN_ID" : "447301101"
      },
      "geometry" : {
        "x" : 229015.62248398177,
        "y" : 428833.26536535658
      }
    },
    {
      "attributes" : {
        "FID" : 3,
        "PMNTN_SPOT" : 50263,
        "MNTN_CODE" : "447301101",
        "MANAGE_SP1" : "99",
        "MANAGE_SP2" : "기타",
        "DETAIL_SPO" : "숲길전경",
        "ETC_MATTER" : " ",
        "MNTN_NM" : "서대산",
        "PAST_SPOT_" : "4473011010004",
        "MNTN_ID" : "447301101"
      },
      "geometry" : {
        "x" : 229184.03003729507,
        "y" : 428765.52332157455
      }
    },
    {
      "attributes" : {
        "FID" : 4,
        "PMNTN_SPOT" : 50264,
        "MNTN_CODE" : "447301101",
        "MANAGE_SP1" : "01",
        "MANAGE_SP2" : "시종점",
        "DETAIL_SPO" : "시종점",
        "ETC_MATTER" : " ",
        "MNTN_NM" : "서대산",
        "PAST_SPOT_" : "4473011010005",
        "MNTN_ID" : "447301101"
      },
      "geometry" : {
        "x" : 228120.46390000079,
        "y" : 430275.43890000135
      }
    },
    {
      "attributes" : {
        "FID" : 5,
        "PMNTN_SPOT" : 50265,
        "MNTN_CODE" : "447301101",
        "MANAGE_SP1" : "02",
        "MANAGE_SP2" : "분기점",
        "DETAIL_SPO" : "분기점",
        "ETC_MATTER" : " ",
        "MNTN_NM" : "서대산",
        "PAST_SPOT_" : "4473011010006",
        "MNTN_ID" : "447301101"
      },
      "geometry" : {
        "x" : 228688.90610000119,
        "y" : 429244.22530000098
      }
    },
    {
      "attributes" : {
        "FID" : 6,
        "PMNTN_SPOT" : 50266,
        "MNTN_CODE" : "447301101",
        "MANAGE_SP1" : "01",
        "MANAGE_SP2" : "시종점",
        "DETAIL_SPO" : "시종점",
        "ETC_MATTER" : " ",
        "MNTN_NM" : "서대산",
        "PAST_SPOT_" : "4473011010007",
        "MNTN_ID" : "447301101"
      },
      "geometry" : {
        "x" : 228954.42440000083,
        "y" : 429752.7826000005
      }
    },
    {
      "attributes" : {
        "FID" : 7,
        "PMNTN_SPOT" : 50267,
        "MNTN_CODE" : "447301101",
        "MANAGE_SP1" : "01",
        "MANAGE_SP2" : "시종점",
        "DETAIL_SPO" : "시종점",
        "ETC_MATTER" : " ",
        "MNTN_NM" : "서대산",
        "PAST_SPOT_" : "4473011010008",
        "MNTN_ID" : "447301101"
      },
      "geometry" : {
        "x" : 229270.18280000053,
        "y" : 429023.07490000129
      }
    },
    {
      "attributes" : {
        "FID" : 8,
        "PMNTN_SPOT" : 97550,
        "MNTN_CODE" : "447301101",
        "MANAGE_SP1" : "99",
        "MANAGE_SP2" : "기타",
        "DETAIL_SPO" : "계단",
        "ETC_MATTER" : " ",
        "MNTN_NM" : "서대산",
        "PAST_SPOT_" : "4473011010009",
        "MNTN_ID" : "447301101"
      },
      "geometry" : {
        "x" : 228607.67190000057,
        "y" : 429977.93300000008
      }
    },
    {
      "attributes" : {
        "FID" : 9,
        "PMNTN_SPOT" : 97551,
        "MNTN_CODE" : "447301101",
        "MANAGE_SP1" : "16",
        "MANAGE_SP2" : "주요나무",
        "DETAIL_SPO" : "死木",
        "ETC_MATTER" : " ",
        "MNTN_NM" : "서대산",
        "PAST_SPOT_" : "4473011010010",
        "MNTN_ID" : "447301101"
      },
      "geometry" : {
        "x" : 228592.82989999949,
        "y" : 429718.1995000001
      }
    },
    {
      "attributes" : {
        "FID" : 10,
        "PMNTN_SPOT" : 97552,
        "MNTN_CODE" : "447301101",
        "MANAGE_SP1" : "16",
        "MANAGE_SP2" : "주요나무",
        "DETAIL_SPO" : "死木",
        "ETC_MATTER" : " ",
        "MNTN_NM" : "서대산",
        "PAST_SPOT_" : "4473011010011",
        "MNTN_ID" : "447301101"
      },
      "geometry" : {
        "x" : 228604.1141000003,
        "y" : 429443.63340000028
      }
    },
    {
      "attributes" : {
        "FID" : 11,
        "PMNTN_SPOT" : 97553,
        "MNTN_CODE" : "447301101",
        "MANAGE_SP1" : "16",
        "MANAGE_SP2" : "주요나무",
        "DETAIL_SPO" : "死木",
        "ETC_MATTER" : " ",
        "MNTN_NM" : "서대산",
        "PAST_SPOT_" : "4473011010012",
        "MNTN_ID" : "447301101"
      },
      "geometry" : {
        "x" : 228619.53550000064,
        "y" : 429322.06929999962
      }
    },
    {
      "attributes" : {
        "FID" : 12,
        "PMNTN_SPOT" : 97554,
        "MNTN_CODE" : "447301101",
        "MANAGE_SP1" : "16",
        "MANAGE_SP2" : "주요나무",
        "DETAIL_SPO" : "死木",
        "ETC_MATTER" : " ",
        "MNTN_NM" : "서대산",
        "PAST_SPOT_" : "4473011010013",
        "MNTN_ID" : "447301101"
      },
      "geometry" : {
        "x" : 228689.88219999964,
        "y" : 429247.35249999864
      }
    },
    {
      "attributes" : {
        "FID" : 13,
        "PMNTN_SPOT" : 97555,
        "MNTN_CODE" : "447301101",
        "MANAGE_SP1" : "14",
        "MANAGE_SP2" : "조망점",
        "DETAIL_SPO" : "조망점",
        "ETC_MATTER" : " ",
        "MNTN_NM" : "서대산",
        "PAST_SPOT_" : "4473011010014",
        "MNTN_ID" : "447301101"
      },
      "geometry" : {
        "x" : 229264.91549999942,
        "y" : 428832.10600000073
      }
    }
  ]
}