{
  "displayFieldName" : "",
  "fieldAliases" : {
    "FID" : "FID",
    "PMNTN_SN" : "PMNTN_SN",
    "MNTN_CODE" : "MNTN_CODE",
    "MNTN_NM" : "MNTN_NM",
    "PMNTN_NM" : "PMNTN_NM",
    "PMNTN_MAIN" : "PMNTN_MAIN",
    "PMNTN_LT" : "PMNTN_LT",
    "PMNTN_DFFL" : "PMNTN_DFFL",
    "PMNTN_UPPL" : "PMNTN_UPPL",
    "PMNTN_GODN" : "PMNTN_GODN",
    "PMNTN_MTRQ" : "PMNTN_MTRQ",
    "PMNTN_CNRL" : "PMNTN_CNRL",
    "PMNTN_CLS_" : "PMNTN_CLS_",
    "PMNTN_RISK" : "PMNTN_RISK",
    "PMNTN_RECO" : "PMNTN_RECO",
    "DATA_STDR_" : "DATA_STDR_",
    "MNTN_ID" : "MNTN_ID"
  },
  "geometryType" : "esriGeometryPolyline",
  "spatialReference" : {
    "wkt" : "PROJCS[\"PCS_ITRF2000_TM\",GEOGCS[\"GCS_ITRF_2000\",DATUM[\"D_ITRF_2000\",SPHEROID[\"GRS_1980\",6378137.0,298.257222101]],PRIMEM[\"Greenwich\",0.0],UNIT[\"Degree\",0.0174532925199433]],PROJECTION[\"Transverse_Mercator\"],PARAMETER[\"False_Easting\",200000.0],PARAMETER[\"False_Northing\",600000.0],PARAMETER[\"Central_Meridian\",127.0],PARAMETER[\"Scale_Factor\",1.0],PARAMETER[\"Latitude_Of_Origin\",38.0],UNIT[\"Meter\",1.0]]"
  },
  "fields" : [
    {
      "name" : "FID",
      "type" : "esriFieldTypeOID",
      "alias" : "FID"
    },
    {
      "name" : "PMNTN_SN",
      "type" : "esriFieldTypeDouble",
      "alias" : "PMNTN_SN"
    },
    {
      "name" : "MNTN_CODE",
      "type" : "esriFieldTypeString",
      "alias" : "MNTN_CODE",
      "length" : 9
    },
    {
      "name" : "MNTN_NM",
      "type" : "esriFieldTypeString",
      "alias" : "MNTN_NM",
      "length" : 50
    },
    {
      "name" : "PMNTN_NM",
      "type" : "esriFieldTypeString",
      "alias" : "PMNTN_NM",
      "length" : 50
    },
    {
      "name" : "PMNTN_MAIN",
      "type" : "esriFieldTypeString",
      "alias" : "PMNTN_MAIN",
      "length" : 200
    },
    {
      "name" : "PMNTN_LT",
      "type" : "esriFieldTypeSingle",
      "alias" : "PMNTN_LT"
    },
    {
      "name" : "PMNTN_DFFL",
      "type" : "esriFieldTypeString",
      "alias" : "PMNTN_DFFL",
      "length" : 8
    },
    {
      "name" : "PMNTN_UPPL",
      "type" : "esriFieldTypeDouble",
      "alias" : "PMNTN_UPPL"
    },
    {
      "name" : "PMNTN_GODN",
      "type" : "esriFieldTypeDouble",
      "alias" : "PMNTN_GODN"
    },
    {
      "name" : "PMNTN_MTRQ",
      "type" : "esriFieldTypeString",
      "alias" : "PMNTN_MTRQ",
      "length" : 200
    },
    {
      "name" : "PMNTN_CNRL",
      "type" : "esriFieldTypeString",
      "alias" : "PMNTN_CNRL",
      "length" : 1
    },
    {
      "name" : "PMNTN_CLS_",
      "type" : "esriFieldTypeString",
      "alias" : "PMNTN_CLS_",
      "length" : 1
    },
    {
      "name" : "PMNTN_RISK",
      "type" : "esriFieldTypeString",
      "alias" : "PMNTN_RISK",
      "length" : 200
    },
    {
      "name" : "PMNTN_RECO",
      "type" : "esriFieldTypeString",
      "alias" : "PMNTN_RECO",
      "length" : 1
    },
    {
      "name" : "DATA_STDR_",
      "type" : "esriFieldTypeString",
      "alias" : "DATA_STDR_",
      "length" : 10
    },
    {
      "name" : "MNTN_ID",
      "type" : "esriFieldTypeString",
      "alias" : "MNTN_ID",
      "length" : 10
    }
  ],
  "features" : [
    {
      "attributes" : {
        "FID" : 0,
        "PMNTN_SN" : 20166,
        "MNTN_CODE" : "282601201",
        "MNTN_NM" : "배매산",
        "PMNTN_NM" : "서구불로동구간",
        "PMNTN_MAIN" : " ",
        "PMNTN_LT" : 0.5,
        "PMNTN_DFFL" : "쉬움",
        "PMNTN_UPPL" : 9,
        "PMNTN_GODN" : 6,
        "PMNTN_MTRQ" : "토사/잡석",
        "PMNTN_CNRL" : " ",
        "PMNTN_CLS_" : " ",
        "PMNTN_RISK" : " ",
        "PMNTN_RECO" : " ",
        "DATA_STDR_" : "2016-12-31",
        "MNTN_ID" : "282601201"
      },
      "geometry" : {
        "paths" : [
          [
            [
              173193.75070000067,
              557133.84460000135
            ],
            [
              173160.62980000209,
              557110.0148999989
            ],
            [
              173153.10150000174,
              557102.56880000234
            ],
            [
              173132.01830000151,
              557084.69140000083
            ],
            [
              173127.49670000002,
              557080.21270000003
            ],
            [
              173121.11470000073,
              557072.05030000024
            ],
            [
              173117.84780000057,
              557062.80440000258
            ],
            [
              173109.86620000005,
              557053.76320000179
            ],
            [
              173105.66050000302,
              557046.32810000144
            ],
            [
              173091.32230000012,
              557041.45220000111
            ],
            [
              173089.81990000047,
              557041.45710000023
            ],
            [
              173077.77469999902,
              557031.02090000175
            ],
            [
              173046.15050000232,
              557005.69810000248
            ],
            [
              173035.61410000082,
              557001.25130000152
            ],
            [
              173023.408400001,
              556989.81640000269
            ],
            [
              173011.51070000045,
              556981.39810000174
            ],
            [
              173004.49810000323,
              556977.40340000018
            ],
            [
              172989.4188000001,
              556973.63310000114
            ],
            [
              172979.46420000214,
              556973.00219999999
            ],
            [
              172965.88210000005,
              556975.04310000129
            ],
            [
              172941.81480000075,
              556973.53880000114
            ],
            [
              172939.41060000099,
              556973.90040000342
            ],
            [
              172936.41940000001,
              556971.64619999938
            ],
            [
              172913.82349999994,
              556955.27850000001
            ],
            [
              172880.72320000082,
              556935.95250000432
            ],
            [
              172874.51520000305,
              556935.05650000088
            ],
            [
              172868.75090000127,
              556928.4365000017
            ],
            [
              172856.6147000026,
              556912.09449999966
            ],
            [
              172855.1074000001,
              556910.61089999974
            ],
            [
              172818.9653000012,
              556882.30829999968
            ],
            [
              172787.65150000062,
              556870.54580000415
            ]
          ]
        ]
      }
    },
    {
      "attributes" : {
        "FID" : 1,
        "PMNTN_SN" : 20167,
        "MNTN_CODE" : "282601201",
        "MNTN_NM" : "배매산",
        "PMNTN_NM" : "서구불로동구간",
        "PMNTN_MAIN" : " ",
        "PMNTN_LT" : 1.52,
        "PMNTN_DFFL" : "쉬움",
        "PMNTN_UPPL" : 27,
        "PMNTN_GODN" : 19,
        "PMNTN_MTRQ" : "토사/잡석",
        "PMNTN_CNRL" : " ",
        "PMNTN_CLS_" : " ",
        "PMNTN_RISK" : " ",
        "PMNTN_RECO" : " ",
        "DATA_STDR_" : "2016-12-31",
        "MNTN_ID" : "282601201"
      },
      "geometry" : {
        "paths" : [
          [
            [
              173346.5167000005,
              555798.89580000192
            ],
            [
              173313.58610000275,
              555810.37710000388
            ],
            [
              173286.59510000143,
              555818.86440000124
            ],
            [
              173278.43969999906,
              555821.57919999957
            ],
            [
              173272.58060000185,
              555823.8599999994
            ],
            [
              173253.48849999998,
              555829.49500000291
            ],
            [
              173233.94500000402,
              555836.18080000207
            ],
            [
              173216.03490000125,
              555842.41800000146
            ],
            [
              173196.22040000185,
              555849.00039999746
            ],
            [
              173182.50889999978,
              555855.34650000371
            ],
            [
              173175.76730000135,
              555857.58660000004
            ],
            [
              173165.81820000056,
              555861.59729999863
            ],
            [
              173158.64900000021,
              555865.80959999934
            ],
            [
              173151.3479000004,
              555869.00410000235
            ],
            [
              173142.17030000128,
              555873.97159999982
            ],
            [
              173137.25850000419,
              555876.25290000252
            ],
            [
              173124.26690000296,
              555881.97700000182
            ],
            [
              173109.12329999916,
              555886.43730000034
            ],
            [
              173087.4495000001,
              555889.95220000111
            ],
            [
              173070.54030000046,
              555893.87940000184
            ],
            [
              173063.41540000122,
              555894.21140000224
            ],
            [
              173059.38570000045,
              555894.30740000121
            ],
            [
              173045.62700000126,
              555895.89680000022
            ],
            [
              173038.01840000041,
              555895.52650000155
            ],
            [
              173033.11210000142,
              555894.83360000327
            ],
            [
              173029.8581000017,
              555895.59200000018
            ],
            [
              173030.47830000147,
              555898.50820000097
            ],
            [
              173034.37070000079,
              555902.16040000319
            ],
            [
              173040.72500000149,
              555907.57220000401
            ],
            [
              173048.94910000172,
              555914.93320000172
            ],
            [
              173052.60940000135,
              555919.65640000068
            ],
            [
              173055.78790000267,
              555921.81050000153
            ],
            [
              173060.05430000182,
              555922.73619999923
            ],
            [
              173066.04820000008,
              555922.65880000032
            ],
            [
              173071.66750000045,
              555922.88170000166
            ],
            [
              173078.0876000002,
              555923.53080000356
            ],
            [
              173086.54160000011,
              555924.44769999944
            ],
            [
              173091.27240000106,
              555927.03070000373
            ],
            [
              173093.82830000017,
              555934.5951000005
            ],
            [
              173093.05740000028,
              555942.4338000007
            ],
            [
              173092.60390000045,
              555945.06430000439
            ],
            [
              173091.14670000318,
              555949.1389000006
            ],
            [
              173091.51660000067,
              555954.12410000339
            ],
            [
              173095.3348000003,
              555960.3395000007
            ],
            [
              173099.32810000144,
              555964.84810000099
            ],
            [
              173100.09580000117,
              555968.51600000076
            ],
            [
              173103.51710000355,
              555973.96490000002
            ],
            [
              173106.02800000273,
              555978.4755000025
            ],
            [
              173108.33119999897,
              555982.11350000091
            ],
            [
              173107.87410000246,
              555986.19000000134
            ],
            [
              173111.22410000209,
              555990.8805000037
            ],
            [
              173114.95620000269,
              555995.60300000198
            ],
            [
              173114.15130000282,
              556001.44760000147
            ],
            [
              173113.98430000059,
              556008.09240000136
            ],
            [
              173114.49790000264,
              556012.34669999965
            ],
            [
              173117.94210000336,
              556017.43430000171
            ],
            [
              173123.49530000053,
              556020.37490000203
            ],
            [
              173129.63350000046,
              556022.08369999938
            ],
            [
              173132.02860000171,
              556027.02480000257
            ],
            [
              173129.78540000226,
              556035.11070000194
            ],
            [
              173127.73540000059,
              556041.03370000236
            ],
            [
              173126.23890000209,
              556045.2068000026
            ],
            [
              173124.01850000303,
              556049.29539999925
            ],
            [
              173119.00080000237,
              556055.84090000018
            ],
            [
              173118.20559999999,
              556060.69219999947
            ],
            [
              173119.57270000223,
              556065.71100000106
            ],
            [
              173121.76539999992,
              556068.52950000204
            ],
            [
              173125.33800000232,
              556072.69570000097
            ],
            [
              173130.04630000237,
              556077.41540000215
            ],
            [
              173133.52480000164,
              556081.80310000107
            ],
            [
              173135.25630000141,
              556084.05360000022
            ],
            [
              173135.4011000013,
              556087.39660000056
            ],
            [
              173136.49770000111,
              556090.89240000211
            ],
            [
              173139.99600000028,
              556096.04270000197
            ],
            [
              173140.32810000051,
              556103.48940000124
            ],
            [
              173141.77940000035,
              556107.93610000424
            ],
            [
              173144.89559999947,
              556109.18870000169
            ],
            [
              173148.57010000013,
              556112.34690000117
            ],
            [
              173150.05700000096,
              556115.71580000222
            ],
            [
              173150.08340000361,
              556120.41010000184
            ],
            [
              173149.9046000028,
              556124.24279999733
            ],
            [
              173149.53780000098,
              556130.37879999913
            ],
            [
              173150.19620000385,
              556136.9878000021
            ],
            [
              173147.67630000412,
              556142.80110000074
            ],
            [
              173144.21470000315,
              556157.20430000126
            ],
            [
              173141.83710000012,
              556168.09659999982
            ],
            [
              173136.90640000161,
              556176.84830000252
            ],
            [
              173125.49640000053,
              556189.19319999963
            ],
            [
              173122.6173000019,
              556195.25900000148
            ],
            [
              173116.08930000104,
              556200.74960000254
            ],
            [
              173110.93730000127,
              556204.12439999916
            ],
            [
              173109.9830000028,
              556212.19500000402
            ],
            [
              173106.69290000014,
              556216.59190000407
            ],
            [
              173099.60680000111,
              556223.62440000102
            ],
            [
              173089.51929999888,
              556232.95090000145
            ],
            [
              173086.19890000019,
              556238.39480000176
            ],
            [
              173083.06120000407,
              556243.10300000012
            ],
            [
              173081.00580000039,
              556250.61730000004
            ],
            [
              173079.46030000132,
              556262.41870000027
            ],
            [
              173077.88040000293,
              556270.50819999911
            ],
            [
              173081.27120000217,
              556282.2191000022
            ],
            [
              173083.37900000066,
              556288.55700000003
            ],
            [
              173084.37719999999,
              556292.81460000202
            ],
            [
              173090.24610000011,
              556304.08950000443
            ],
            [
              173090.62390000001,
              556306.47920000181
            ],
            [
              173090.28970000055,
              556312.95530000143
            ],
            [
              173093.16119999997,
              556326.57510000095
            ],
            [
              173093.42960000411,
              556340.8823000025
            ],
            [
              173092.43670000322,
              556345.07200000249
            ],
            [
              173093.2750000013,
              556352.52109999955
            ],
            [
              173092.95940000191,
              556353.32210000232
            ],
            [
              173090.0483000027,
              556366.29080000333
            ],
            [
              173089.08770000283,
              556373.60620000213
            ],
            [
              173086.27359999996,
              556386.78859999962
            ],
            [
              173082.45740000065,
              556399.09050000273
            ],
            [
              173080.62660000101,
              556401.99770000018
            ],
            [
              173079.91060000192,
              556407.59210000187
            ],
            [
              173079.79350000247,
              556412.37860000134
            ],
            [
              173077.45680000167,
              556415.0418999996
            ],
            [
              173072.93230000138,
              556417.40200000256
            ],
            [
              173061.19859999977,
              556418.8449000027
            ],
            [
              173057.35120000411,
              556419.31180000119
            ],
            [
              173052.3732000012,
              556417.33070000075
            ],
            [
              173049.12000000384,
              556414.71480000205
            ],
            [
              173039.97630000394,
              556415.85270000063
            ],
            [
              173031.3228000002,
              556416.92410000227
            ],
            [
              173021.75870000105,
              556420.89120000228
            ],
            [
              173014.1660000002,
              556424.74880000204
            ],
            [
              173007.52380000148,
              556426.99000000209
            ],
            [
              173000.09070000052,
              556431.8526000008
            ],
            [
              172987.2471000012,
              556437.94140000083
            ],
            [
              172979.14850000199,
              556441.93100000173
            ],
            [
              172972.0848000031,
              556445.58220000193
            ],
            [
              172967.7134000035,
              556450.67280000448
            ],
            [
              172962.84669999871,
              556451.55529999919
            ],
            [
              172958.32510000002,
              556452.15609999932
            ],
            [
              172953.43650000356,
              556454.74260000139
            ],
            [
              172948.62760000303,
              556459.40469999984
            ],
            [
              172942.24490000308,
              556461.1018000003
            ],
            [
              172934.93649999984,
              556463.33840000071
            ],
            [
              172930.09000000078,
              556466.38180000149
            ],
            [
              172928.53790000267,
              556469.74090000056
            ],
            [
              172924.1968000019,
              556470.16160000302
            ],
            [
              172918.94680000097,
              556471.95660000108
            ],
            [
              172914.77300000004,
              556476.06850000285
            ],
            [
              172903.3749000039,
              556479.02360000089
            ],
            [
              172896.96380000096,
              556479.7109999992
            ],
            [
              172889.94840000011,
              556482.24570000172
            ],
            [
              172881.1809000019,
              556487.66100000031
            ],
            [
              172875.03729999997,
              556498.79830000177
            ],
            [
              172868.30109999981,
              556509.96010000259
            ],
            [
              172862.64460000303,
              556518.41980000399
            ],
            [
              172858.71820000093,
              556525.12080000341
            ],
            [
              172856.36880000401,
              556528.6371000018
            ],
            [
              172856.78240000084,
              556531.639600005
            ],
            [
              172858.03199999966,
              556534.54560000263
            ],
            [
              172859.89750000276,
              556535.00150000118
            ],
            [
              172864.23420000169,
              556537.04370000027
            ],
            [
              172866.31090000179,
              556540.2760000024
            ],
            [
              172867.74410000164,
              556543.32980000228
            ],
            [
              172871.68610000052,
              556546.55580000021
            ],
            [
              172880.54929999914,
              556552.52449999936
            ],
            [
              172891.018600001,
              556565.1053000018
            ],
            [
              172896.94969999976,
              556570.91640000045
            ],
            [
              172900.27450000122,
              556577.28030000068
            ],
            [
              172906.34830000158,
              556593.77820000052
            ],
            [
              172911.09449999966,
              556598.32059999928
            ],
            [
              172912.46130000148,
              556604.42930000089
            ],
            [
              172916.00609999988,
              556609.88199999742
            ],
            [
              172916.64680000115,
              556617.21270000003
            ],
            [
              172916.32069999911,
              556623.73399999924
            ],
            [
              172911.47599999979,
              556630.96969999932
            ],
            [
              172914.06980000343,
              556641.0736999996
            ],
            [
              172916.84660000075,
              556648.30250000767
            ],
            [
              172917.40620000288,
              556656.46880000085
            ],
            [
              172919.46619999968,
              556661.7741000019
            ],
            [
              172922.38950000145,
              556670.80720000155
            ],
            [
              172920.85919999983,
              556673.6472000014
            ],
            [
              172920.1727,
              556676.92480000108
            ],
            [
              172922.11680000089,
              556681.94430000521
            ],
            [
              172923.31820000056,
              556686.08470000327
            ],
            [
              172925.29780000169,
              556689.4224999994
            ],
            [
              172931.20359999966,
              556693.04030000046
            ],
            [
              172934.03749999963,
              556694.13599999994
            ],
            [
              172938.69380000047,
              556694.76109999977
            ],
            [
              172943.62670000084,
              556695.3142000027
            ],
            [
              172945.49450000003,
              556697.64000000432
            ],
            [
              172947.01970000099,
              556702.45050000213
            ],
            [
              172949.03190000076,
              556708.99340000004
            ],
            [
              172951.76370000094,
              556716.04560000077
            ],
            [
              172953.63229999971,
              556721.3292999994
            ],
            [
              172959.68290000316,
              556727.40670000203
            ],
            [
              172962.6202000007,
              556730.08690000325
            ],
            [
              172966.59300000314,
              556733.73650000431
            ],
            [
              172973.0887000002,
              556736.24420000054
            ],
            [
              172986.62650000025,
              556742.27830000035
            ],
            [
              172990.36370000057,
              556743.04069999978
            ],
            [
              172993.76870000083,
              556745.0373999998
            ],
            [
              172996.87849999964,
              556747.32440000027
            ],
            [
              173001.15890000109,
              556750.47210000083
            ]
          ]
        ]
      }
    },
    {
      "attributes" : {
        "FID" : 2,
        "PMNTN_SN" : 20168,
        "MNTN_CODE" : "282601201",
        "MNTN_NM" : "배매산",
        "PMNTN_NM" : "서구불로동구간",
        "PMNTN_MAIN" : " ",
        "PMNTN_LT" : 0.28,
        "PMNTN_DFFL" : "쉬움",
        "PMNTN_UPPL" : 5,
        "PMNTN_GODN" : 3,
        "PMNTN_MTRQ" : "토사/잡석",
        "PMNTN_CNRL" : " ",
        "PMNTN_CLS_" : " ",
        "PMNTN_RISK" : " ",
        "PMNTN_RECO" : " ",
        "DATA_STDR_" : "2016-12-31",
        "MNTN_ID" : "282601201"
      },
      "geometry" : {
        "paths" : [
          [
            [
              173001.15890000109,
              556750.47210000083
            ],
            [
              172997.83810000215,
              556748.83769999817
            ],
            [
              172993.52799999993,
              556747.48400000297
            ],
            [
              172988.34009999968,
              556745.0876000002
            ],
            [
              172982.83700000215,
              556744.02790000103
            ],
            [
              172975.75670000073,
              556743.58810000122
            ],
            [
              172970.34020000044,
              556742.90049999952
            ],
            [
              172967.41710000299,
              556741.55620000139
            ],
            [
              172964.73249999993,
              556738.86900000088
            ],
            [
              172962.42540000379,
              556736.05900000036
            ],
            [
              172958.91660000198,
              556735.6005000025
            ],
            [
              172956.10979999974,
              556735.87749999948
            ],
            [
              172952.87410000339,
              556736.47010000236
            ],
            [
              172949.95660000108,
              556738.33239999972
            ],
            [
              172943.40920000058,
              556745.88940000162
            ],
            [
              172938.31730000209,
              556752.66000000015
            ],
            [
              172935.6603000015,
              556756.20390000194
            ],
            [
              172935.2396000009,
              556760.4299999997
            ],
            [
              172933.22790000122,
              556765.73719999939
            ],
            [
              172930.64020000026,
              556769.36209999956
            ],
            [
              172924.95299999975,
              556772.0922000017
            ],
            [
              172920.99409999978,
              556776.09530000016
            ],
            [
              172914.32640000246,
              556783.02940000221
            ],
            [
              172909.74509999994,
              556787.53780000098
            ],
            [
              172907.05760000087,
              556791.77009999938
            ],
            [
              172899.09800000023,
              556795.19180000201
            ],
            [
              172897.175400001,
              556795.7097000014
            ],
            [
              172894.72829999961,
              556796.48069999926
            ],
            [
              172886.0315000033,
              556796.24860000238
            ],
            [
              172877.25740000047,
              556799.57070000097
            ],
            [
              172871.09350000042,
              556802.1305000037
            ],
            [
              172864.27510000113,
              556805.99499999918
            ],
            [
              172856.85150000174,
              556810.37330000103
            ],
            [
              172843.32939999923,
              556816.96690000221
            ],
            [
              172842.38410000037,
              556817.57479999959
            ],
            [
              172827.37340000179,
              556828.35040000081
            ],
            [
              172814.29980000015,
              556831.7610000018
            ],
            [
              172802.99960000254,
              556836.57990000211
            ],
            [
              172792.59640000015,
              556841.84240000136
            ],
            [
              172789.79130000342,
              556848.54059999995
            ],
            [
              172786.50679999962,
              556858.03120000102
            ],
            [
              172787.65150000062,
              556870.54580000415
            ]
          ]
        ]
      }
    },
    {
      "attributes" : {
        "FID" : 3,
        "PMNTN_SN" : 20169,
        "MNTN_CODE" : "282601201",
        "MNTN_NM" : "배매산",
        "PMNTN_NM" : "서구불로동구간",
        "PMNTN_MAIN" : " ",
        "PMNTN_LT" : 0.5,
        "PMNTN_DFFL" : "쉬움",
        "PMNTN_UPPL" : 9,
        "PMNTN_GODN" : 6,
        "PMNTN_MTRQ" : "토사/잡석",
        "PMNTN_CNRL" : " ",
        "PMNTN_CLS_" : " ",
        "PMNTN_RISK" : " ",
        "PMNTN_RECO" : " ",
        "DATA_STDR_" : "2016-12-31",
        "MNTN_ID" : "282601201"
      },
      "geometry" : {
        "paths" : [
          [
            [
              172335.24140000064,
              556888.18669999763
            ],
            [
              172345.78319999948,
              556894.71409999952
            ],
            [
              172350.85790000204,
              556897.41119999997
            ],
            [
              172357.79130000062,
              556891.30720000155
            ],
            [
              172384.63570000138,
              556874.98750000261
            ],
            [
              172401.39629999921,
              556867.24009999819
            ],
            [
              172443.4028000012,
              556853.63870000094
            ],
            [
              172446.40750000067,
              556853.62879999913
            ],
            [
              172477.83300000336,
              556820.61910000257
            ],
            [
              172481.3199000014,
              556816.15369999968
            ],
            [
              172484.4796000002,
              556811.83740000427
            ],
            [
              172496.53060000297,
              556802.87080000155
            ],
            [
              172504.63260000013,
              556804.02270000055
            ],
            [
              172511.51130000409,
              556803.05240000039
            ],
            [
              172517.41010000184,
              556802.37350000255
            ],
            [
              172525.83450000267,
              556802.51410000212
            ],
            [
              172527.33690000139,
              556802.50919999927
            ],
            [
              172557.39670000318,
              556808.39140000194
            ],
            [
              172560.40640000254,
              556809.87930000387
            ],
            [
              172578.44720000029,
              556815.80159999989
            ],
            [
              172581.46180000063,
              556818.787200002
            ],
            [
              172599.49760000128,
              556823.21160000004
            ],
            [
              172652.07060000114,
              556824.53579999879
            ],
            [
              172656.57519999985,
              556826.00950000249
            ],
            [
              172688.14220000058,
              556833.38520000316
            ],
            [
              172691.14690000191,
              556833.37530000135
            ],
            [
              172718.22630000114,
              556846.74770000018
            ],
            [
              172721.2360000005,
              556848.23560000211
            ],
            [
              172754.28790000081,
              556852.61110000126
            ],
            [
              172758.79500000086,
              556852.59630000219
            ],
            [
              172784.76880000066,
              556869.44649999961
            ],
            [
              172787.39130000025,
              556870.44810000062
            ],
            [
              172787.65150000062,
              556870.54580000415
            ]
          ]
        ]
      }
    },
    {
      "attributes" : {
        "FID" : 4,
        "PMNTN_SN" : 20170,
        "MNTN_CODE" : "282601201",
        "MNTN_NM" : "배매산",
        "PMNTN_NM" : "서구불로동구간",
        "PMNTN_MAIN" : " ",
        "PMNTN_LT" : 0.78,
        "PMNTN_DFFL" : "쉬움",
        "PMNTN_UPPL" : 14,
        "PMNTN_GODN" : 10,
        "PMNTN_MTRQ" : "토사/잡석",
        "PMNTN_CNRL" : " ",
        "PMNTN_CLS_" : " ",
        "PMNTN_RISK" : " ",
        "PMNTN_RECO" : " ",
        "DATA_STDR_" : "2016-12-31",
        "MNTN_ID" : "282601201"
      },
      "geometry" : {
        "paths" : [
          [
            [
              172787.65150000062,
              556870.54580000415
            ],
            [
              172787.73470000364,
              556871.33070000447
            ],
            [
              172787.36990000028,
              556877.4533000011
            ],
            [
              172789.00889999978,
              556887.49540000223
            ],
            [
              172790.59719999973,
              556900.15179999918
            ],
            [
              172791.4859000016,
              556916.13160000183
            ],
            [
              172792.71460000053,
              556925.18880000152
            ],
            [
              172793.15470000077,
              556926.24799999967
            ],
            [
              172797.23020000104,
              556934.57019999996
            ],
            [
              172801.8387000002,
              556942.89990000241
            ],
            [
              172806.38750000391,
              556948.83899999969
            ],
            [
              172812.24720000103,
              556957.3601000011
            ],
            [
              172813.6500000013,
              556958.56489999965
            ],
            [
              172817.65970000252,
              556964.89650000259
            ],
            [
              172823.29279999994,
              556974.26490000077
            ],
            [
              172823.25520000234,
              556983.11230000108
            ],
            [
              172823.64180000126,
              556992.67470000125
            ],
            [
              172823.49430000316,
              556997.33600000106
            ],
            [
              172829.18900000025,
              557007.45780000091
            ],
            [
              172831.60620000027,
              557011.09670000151
            ],
            [
              172840.93989999965,
              557020.55529999919
            ],
            [
              172848.69420000073,
              557026.82810000144
            ],
            [
              172853.65070000105,
              557030.74710000306
            ],
            [
              172857.45629999973,
              557040.27960000187
            ],
            [
              172858.65420000162,
              557046.7693000026
            ],
            [
              172862.62899999972,
              557051.4637000002
            ],
            [
              172866.40990000125,
              557056.99720000103
            ],
            [
              172867.92220000364,
              557061.71180000156
            ],
            [
              172870,
              557069.02099999972
            ],
            [
              172869.36730000004,
              557072.51830000058
            ],
            [
              172866.00420000032,
              557081.02730000019
            ],
            [
              172861.39050000347,
              557089.08970000036
            ],
            [
              172857.16450000089,
              557093.55040000379
            ],
            [
              172854.58870000392,
              557097.95920000225
            ],
            [
              172847.99860000145,
              557105.91630000249
            ],
            [
              172843.64810000174,
              557113.02890000306
            ],
            [
              172838.23330000136,
              557120.5449000001
            ],
            [
              172835.41500000004,
              557127.74550000019
            ],
            [
              172828.33040000126,
              557136.10430000164
            ],
            [
              172824.22720000334,
              557146.39780000411
            ],
            [
              172823.1091000028,
              557148.43890000321
            ],
            [
              172814.10870000068,
              557163.87440000288
            ],
            [
              172812.66270000208,
              557174.27070000209
            ],
            [
              172808.3769000005,
              557187.54179999977
            ],
            [
              172807.10130000021,
              557195.73269999959
            ],
            [
              172807.00980000012,
              557217.48379999772
            ],
            [
              172806.26230000146,
              557224.21239999868
            ],
            [
              172805.68220000062,
              557230.14959999919
            ],
            [
              172805.64480000082,
              557232.25229999982
            ],
            [
              172799.60380000062,
              557236.09570000134
            ],
            [
              172792.41449999996,
              557241.82210000046
            ],
            [
              172784.206100001,
              557250.50100000203
            ],
            [
              172774.97020000033,
              557259.48100000061
            ],
            [
              172760.87550000008,
              557271.73299999908
            ],
            [
              172757.48520000093,
              557278.22840000317
            ],
            [
              172753.65379999951,
              557290.08400000073
            ],
            [
              172753.59770000074,
              557291.04230000079
            ],
            [
              172751.075699999,
              557302.77260000072
            ],
            [
              172750.85840000398,
              557304.19660000317
            ],
            [
              172746.95580000244,
              557321.43889999948
            ],
            [
              172737.00280000176,
              557335.11940000392
            ],
            [
              172730.48270000052,
              557339.54120000266
            ],
            [
              172727.79439999908,
              557341.19669999927
            ],
            [
              172724.69190000184,
              557342.90940000117
            ],
            [
              172719.71190000232,
              557347.55880000442
            ],
            [
              172712.9467999991,
              557351.71170000173
            ],
            [
              172708.25280000083,
              557357.82059999928
            ],
            [
              172706.17279999983,
              557359.93000000156
            ],
            [
              172702.23990000039,
              557365.64580000192
            ],
            [
              172699.07870000321,
              557374.27100000158
            ],
            [
              172691.77060000133,
              557386.54720000364
            ],
            [
              172685.14489999972,
              557394.84880000167
            ],
            [
              172682.42550000362,
              557398.29060000181
            ],
            [
              172676.73900000099,
              557406.33800000139
            ],
            [
              172668.04150000215,
              557412.46030000225
            ],
            [
              172660.53940000106,
              557419.76010000147
            ],
            [
              172654.13090000302,
              557428.78670000099
            ],
            [
              172649.83320000023,
              557436.09450000152
            ],
            [
              172646.49920000043,
              557439.39880000055
            ],
            [
              172640.76250000112,
              557445.70670000464
            ],
            [
              172640.22300000302,
              557445.91320000216
            ],
            [
              172631.36050000042,
              557446.86339999922
            ],
            [
              172623.37490000017,
              557448.92720000073
            ],
            [
              172620.98040000256,
              557448.01840000041
            ],
            [
              172617.4196000034,
              557445.47900000215
            ],
            [
              172610.04050000105,
              557431.30460000038
            ],
            [
              172605.94320000336,
              557427.57829999924
            ],
            [
              172595.1950000003,
              557415.52900000103
            ],
            [
              172591.19530000258,
              557403.16410000809
            ],
            [
              172583.13730000239,
              557403.61429999955
            ],
            [
              172579.46760000009,
              557403.85909999907
            ],
            [
              172577.23520000093,
              557404.61070000008
            ],
            [
              172573.48940000031,
              557407.65740000084
            ]
          ]
        ]
      }
    },
    {
      "attributes" : {
        "FID" : 5,
        "PMNTN_SN" : 20171,
        "MNTN_CODE" : "282601201",
        "MNTN_NM" : "배매산",
        "PMNTN_NM" : "서구불로동구간",
        "PMNTN_MAIN" : " ",
        "PMNTN_LT" : 0.27,
        "PMNTN_DFFL" : "쉬움",
        "PMNTN_UPPL" : 5,
        "PMNTN_GODN" : 3,
        "PMNTN_MTRQ" : "토사/잡석",
        "PMNTN_CNRL" : " ",
        "PMNTN_CLS_" : " ",
        "PMNTN_RISK" : " ",
        "PMNTN_RECO" : " ",
        "DATA_STDR_" : "2016-12-31",
        "MNTN_ID" : "282601201"
      },
      "geometry" : {
        "paths" : [
          [
            [
              173230.72720000334,
              556827.6892000027
            ],
            [
              173218.21239999961,
              556827.72960000113
            ],
            [
              173203.19189999904,
              556828.77370000258
            ],
            [
              173196.18340000138,
              556828.79630000331
            ],
            [
              173193.68190000113,
              556828.80440000258
            ],
            [
              173190.17560000159,
              556829.3180999998
            ],
            [
              173183.17020000052,
              556830.33620000258
            ],
            [
              173182.67600000277,
              556830.84019999951
            ],
            [
              173174.17790000327,
              556834.84940000065
            ],
            [
              173173.67789999954,
              556835.85580000095
            ],
            [
              173168.18300000019,
              556839.36219999939
            ],
            [
              173167.18400000129,
              556839.36539999954
            ],
            [
              173159.67690000124,
              556840.88759999909
            ],
            [
              173156.17640000116,
              556840.89890000038
            ],
            [
              173153.17160000093,
              556840.90860000439
            ],
            [
              173146.13570000138,
              556832.45629999973
            ],
            [
              173145.63240000233,
              556832.4579000026
            ],
            [
              173133.61930000223,
              556831.99450000189
            ],
            [
              173124.60990000144,
              556833.5214000009
            ],
            [
              173117.10290000029,
              556835.03430000134
            ],
            [
              173101.06170000229,
              556827.11360000446
            ],
            [
              173098.54800000321,
              556825.62390000187
            ],
            [
              173086.01700000092,
              556820.67810000107
            ],
            [
              173083.51070000045,
              556819.19780000113
            ],
            [
              173079.7211000016,
              556814.4795000013
            ],
            [
              173075.70440000016,
              556810.98379999958
            ],
            [
              173072.18929999974,
              556810.24640000053
            ],
            [
              173066.66470000148,
              556807.53030000068
            ],
            [
              173060.93080000207,
              556803.31620000117
            ],
            [
              173060.42750000022,
              556803.317900002
            ],
            [
              173056.68979999982,
              556801.10469999909
            ],
            [
              173053.93680000026,
              556800.84420000017
            ],
            [
              173049.40039999876,
              556798.86960000172
            ],
            [
              173048.90300000273,
              556798.36880000122
            ],
            [
              173040.36770000122,
              556790.91690000333
            ],
            [
              173039.86280000117,
              556790.42540000193
            ],
            [
              173034.83390000183,
              556782.45969999768
            ],
            [
              173034.32580000255,
              556780.9728000015
            ],
            [
              173028.29849999957,
              556775.50360000134
            ],
            [
              173027.79940000083,
              556774.50980000012
            ],
            [
              173024.77510000113,
              556768.53780000284
            ],
            [
              173014.2341,
              556761.09230000153
            ],
            [
              173013.73500000313,
              556760.09860000014
            ],
            [
              173008.7117000008,
              556756.12379999831
            ],
            [
              173002.19170000218,
              556751.66100000031
            ],
            [
              173001.15890000109,
              556750.47210000083
            ]
          ]
        ]
      }
    }
  ]
}