{
  "displayFieldName" : "",
  "fieldAliases" : {
    "FID" : "FID",
    "PMNTN_SPOT" : "PMNTN_SPOT",
    "MNTN_CODE" : "MNTN_CODE",
    "MANAGE_SP1" : "MANAGE_SP1",
    "MANAGE_SP2" : "MANAGE_SP2",
    "DETAIL_SPO" : "DETAIL_SPO",
    "ETC_MATTER" : "ETC_MATTER",
    "MNTN_NM" : "MNTN_NM",
    "PAST_SPOT_" : "PAST_SPOT_",
    "MNTN_ID" : "MNTN_ID"
  },
  "geometryType" : "esriGeometryPoint",
  "spatialReference" : {
    "wkt" : "PROJCS[\"PCS_ITRF2000_TM\",GEOGCS[\"GCS_ITRF_2000\",DATUM[\"D_ITRF_2000\",SPHEROID[\"GRS_1980\",6378137.0,298.257222101]],PRIMEM[\"Greenwich\",0.0],UNIT[\"Degree\",0.0174532925199433]],PROJECTION[\"Transverse_Mercator\"],PARAMETER[\"False_Easting\",200000.0],PARAMETER[\"False_Northing\",600000.0],PARAMETER[\"Central_Meridian\",127.0],PARAMETER[\"Scale_Factor\",1.0],PARAMETER[\"Latitude_Of_Origin\",38.0],UNIT[\"Meter\",1.0]]"
  },
  "fields" : [
    {
      "name" : "FID",
      "type" : "esriFieldTypeOID",
      "alias" : "FID"
    },
    {
      "name" : "PMNTN_SPOT",
      "type" : "esriFieldTypeDouble",
      "alias" : "PMNTN_SPOT"
    },
    {
      "name" : "MNTN_CODE",
      "type" : "esriFieldTypeString",
      "alias" : "MNTN_CODE",
      "length" : 9
    },
    {
      "name" : "MANAGE_SP1",
      "type" : "esriFieldTypeString",
      "alias" : "MANAGE_SP1",
      "length" : 2
    },
    {
      "name" : "MANAGE_SP2",
      "type" : "esriFieldTypeString",
      "alias" : "MANAGE_SP2",
      "length" : 50
    },
    {
      "name" : "DETAIL_SPO",
      "type" : "esriFieldTypeString",
      "alias" : "DETAIL_SPO",
      "length" : 200
    },
    {
      "name" : "ETC_MATTER",
      "type" : "esriFieldTypeString",
      "alias" : "ETC_MATTER",
      "length" : 200
    },
    {
      "name" : "MNTN_NM",
      "type" : "esriFieldTypeString",
      "alias" : "MNTN_NM",
      "length" : 50
    },
    {
      "name" : "PAST_SPOT_",
      "type" : "esriFieldTypeString",
      "alias" : "PAST_SPOT_",
      "length" : 14
    },
    {
      "name" : "MNTN_ID",
      "type" : "esriFieldTypeString",
      "alias" : "MNTN_ID",
      "length" : 10
    }
  ],
  "features" : [
    {
      "attributes" : {
        "FID" : 0,
        "PMNTN_SPOT" : 15664,
        "MNTN_CODE" : "482700801",
        "MANAGE_SP1" : "01",
        "MANAGE_SP2" : "시종점",
        "DETAIL_SPO" : "시종점",
        "ETC_MATTER" : " ",
        "MNTN_NM" : "낙화산",
        "PAST_SPOT_" : "4827008010001",
        "MNTN_ID" : "482700801"
      },
      "geometry" : {
        "x" : 362285.94270001724,
        "y" : 327846.34330000542
      }
    },
    {
      "attributes" : {
        "FID" : 1,
        "PMNTN_SPOT" : 15665,
        "MNTN_CODE" : "482700801",
        "MANAGE_SP1" : "02",
        "MANAGE_SP2" : "분기점",
        "DETAIL_SPO" : "분기점",
        "ETC_MATTER" : " ",
        "MNTN_NM" : "낙화산",
        "PAST_SPOT_" : "4827008010002",
        "MNTN_ID" : "482700801"
      },
      "geometry" : {
        "x" : 362748.1293000197,
        "y" : 327853.61040000245
      }
    },
    {
      "attributes" : {
        "FID" : 2,
        "PMNTN_SPOT" : 15666,
        "MNTN_CODE" : "482700801",
        "MANAGE_SP1" : "01",
        "MANAGE_SP2" : "시종점",
        "DETAIL_SPO" : "시종점",
        "ETC_MATTER" : " ",
        "MNTN_NM" : "낙화산",
        "PAST_SPOT_" : "4827008010003",
        "MNTN_ID" : "482700801"
      },
      "geometry" : {
        "x" : 362984.30960002169,
        "y" : 325775.22380000167
      }
    },
    {
      "attributes" : {
        "FID" : 3,
        "PMNTN_SPOT" : 15667,
        "MNTN_CODE" : "482700801",
        "MANAGE_SP1" : "01",
        "MANAGE_SP2" : "시종점",
        "DETAIL_SPO" : "시종점",
        "ETC_MATTER" : " ",
        "MNTN_NM" : "낙화산",
        "PAST_SPOT_" : "4827008010004",
        "MNTN_ID" : "482700801"
      },
      "geometry" : {
        "x" : 362993.03010001965,
        "y" : 327180.67820000462
      }
    },
    {
      "attributes" : {
        "FID" : 4,
        "PMNTN_SPOT" : 15668,
        "MNTN_CODE" : "482700801",
        "MANAGE_SP1" : "01",
        "MANAGE_SP2" : "시종점",
        "DETAIL_SPO" : "시종점",
        "ETC_MATTER" : " ",
        "MNTN_NM" : "낙화산",
        "PAST_SPOT_" : "4827008010005",
        "MNTN_ID" : "482700801"
      },
      "geometry" : {
        "x" : 364200.8198000202,
        "y" : 329237.26359999925
      }
    },
    {
      "attributes" : {
        "FID" : 5,
        "PMNTN_SPOT" : 15669,
        "MNTN_CODE" : "482700801",
        "MANAGE_SP1" : "02",
        "MANAGE_SP2" : "분기점",
        "DETAIL_SPO" : "분기점",
        "ETC_MATTER" : " ",
        "MNTN_NM" : "낙화산",
        "PAST_SPOT_" : "4827008010006",
        "MNTN_ID" : "482700801"
      },
      "geometry" : {
        "x" : 364344.70810002182,
        "y" : 329602.07129999995
      }
    },
    {
      "attributes" : {
        "FID" : 6,
        "PMNTN_SPOT" : 15670,
        "MNTN_CODE" : "482700801",
        "MANAGE_SP1" : "01",
        "MANAGE_SP2" : "시종점",
        "DETAIL_SPO" : "시종점",
        "ETC_MATTER" : " ",
        "MNTN_NM" : "낙화산",
        "PAST_SPOT_" : "4827008010007",
        "MNTN_ID" : "482700801"
      },
      "geometry" : {
        "x" : 364511.12440002151,
        "y" : 325241.09300000221
      }
    },
    {
      "attributes" : {
        "FID" : 7,
        "PMNTN_SPOT" : 15671,
        "MNTN_CODE" : "482700801",
        "MANAGE_SP1" : "02",
        "MANAGE_SP2" : "분기점",
        "DETAIL_SPO" : "분기점",
        "ETC_MATTER" : " ",
        "MNTN_NM" : "낙화산",
        "PAST_SPOT_" : "4827008010008",
        "MNTN_ID" : "482700801"
      },
      "geometry" : {
        "x" : 364588.88220002037,
        "y" : 325642.96279999986
      }
    },
    {
      "attributes" : {
        "FID" : 8,
        "PMNTN_SPOT" : 15672,
        "MNTN_CODE" : "482700801",
        "MANAGE_SP1" : "02",
        "MANAGE_SP2" : "분기점",
        "DETAIL_SPO" : "분기점",
        "ETC_MATTER" : " ",
        "MNTN_NM" : "낙화산",
        "PAST_SPOT_" : "4827008010009",
        "MNTN_ID" : "482700801"
      },
      "geometry" : {
        "x" : 364638.29840002395,
        "y" : 326427.80810000002
      }
    },
    {
      "attributes" : {
        "FID" : 9,
        "PMNTN_SPOT" : 15673,
        "MNTN_CODE" : "482700801",
        "MANAGE_SP1" : "02",
        "MANAGE_SP2" : "분기점",
        "DETAIL_SPO" : "분기점",
        "ETC_MATTER" : " ",
        "MNTN_NM" : "낙화산",
        "PAST_SPOT_" : "4827008010010",
        "MNTN_ID" : "482700801"
      },
      "geometry" : {
        "x" : 364857.76440002397,
        "y" : 326015.76429999992
      }
    },
    {
      "attributes" : {
        "FID" : 10,
        "PMNTN_SPOT" : 15674,
        "MNTN_CODE" : "482700801",
        "MANAGE_SP1" : "02",
        "MANAGE_SP2" : "분기점",
        "DETAIL_SPO" : "분기점",
        "ETC_MATTER" : " ",
        "MNTN_NM" : "낙화산",
        "PAST_SPOT_" : "4827008010011",
        "MNTN_ID" : "482700801"
      },
      "geometry" : {
        "x" : 364962.41040002368,
        "y" : 325777.4039000012
      }
    },
    {
      "attributes" : {
        "FID" : 11,
        "PMNTN_SPOT" : 15675,
        "MNTN_CODE" : "482700801",
        "MANAGE_SP1" : "01",
        "MANAGE_SP2" : "시종점",
        "DETAIL_SPO" : "시종점",
        "ETC_MATTER" : " ",
        "MNTN_NM" : "낙화산",
        "PAST_SPOT_" : "4827008010012",
        "MNTN_ID" : "482700801"
      },
      "geometry" : {
        "x" : 365345.83570002019,
        "y" : 326855.74410000443
      }
    },
    {
      "attributes" : {
        "FID" : 12,
        "PMNTN_SPOT" : 15676,
        "MNTN_CODE" : "482700801",
        "MANAGE_SP1" : "02",
        "MANAGE_SP2" : "분기점",
        "DETAIL_SPO" : "분기점",
        "ETC_MATTER" : " ",
        "MNTN_NM" : "낙화산",
        "PAST_SPOT_" : "4827008010013",
        "MNTN_ID" : "482700801"
      },
      "geometry" : {
        "x" : 365396.20980002359,
        "y" : 328549.79330000654
      }
    },
    {
      "attributes" : {
        "FID" : 13,
        "PMNTN_SPOT" : 15677,
        "MNTN_CODE" : "482700801",
        "MANAGE_SP1" : "01",
        "MANAGE_SP2" : "시종점",
        "DETAIL_SPO" : "시종점",
        "ETC_MATTER" : " ",
        "MNTN_NM" : "낙화산",
        "PAST_SPOT_" : "4827008010014",
        "MNTN_ID" : "482700801"
      },
      "geometry" : {
        "x" : 366255.95180002227,
        "y" : 325228.73890000395
      }
    },
    {
      "attributes" : {
        "FID" : 14,
        "PMNTN_SPOT" : 15678,
        "MNTN_CODE" : "482700801",
        "MANAGE_SP1" : "99",
        "MANAGE_SP2" : "기타",
        "DETAIL_SPO" : "암릉",
        "ETC_MATTER" : " ",
        "MNTN_NM" : "낙화산",
        "PAST_SPOT_" : "4827008010015",
        "MNTN_ID" : "482700801"
      },
      "geometry" : {
        "x" : 362833.97730003949,
        "y" : 328113.7603999991
      }
    },
    {
      "attributes" : {
        "FID" : 15,
        "PMNTN_SPOT" : 15679,
        "MNTN_CODE" : "482700801",
        "MANAGE_SP1" : "14",
        "MANAGE_SP2" : "조망점",
        "DETAIL_SPO" : "조망점",
        "ETC_MATTER" : " ",
        "MNTN_NM" : "낙화산",
        "PAST_SPOT_" : "4827008010016",
        "MNTN_ID" : "482700801"
      },
      "geometry" : {
        "x" : 363309.94330003671,
        "y" : 328916.7602000013
      }
    },
    {
      "attributes" : {
        "FID" : 16,
        "PMNTN_SPOT" : 15680,
        "MNTN_CODE" : "482700801",
        "MANAGE_SP1" : "99",
        "MANAGE_SP2" : "기타",
        "DETAIL_SPO" : "조망바위",
        "ETC_MATTER" : " ",
        "MNTN_NM" : "낙화산",
        "PAST_SPOT_" : "4827008010017",
        "MNTN_ID" : "482700801"
      },
      "geometry" : {
        "x" : 363318.50970004033,
        "y" : 329160.04120000452
      }
    },
    {
      "attributes" : {
        "FID" : 17,
        "PMNTN_SPOT" : 15681,
        "MNTN_CODE" : "482700801",
        "MANAGE_SP1" : "99",
        "MANAGE_SP2" : "기타",
        "DETAIL_SPO" : "보두산저앙",
        "ETC_MATTER" : " ",
        "MNTN_NM" : "낙화산",
        "PAST_SPOT_" : "4827008010018",
        "MNTN_ID" : "482700801"
      },
      "geometry" : {
        "x" : 363340.55360004213,
        "y" : 329268.39680000581
      }
    },
    {
      "attributes" : {
        "FID" : 18,
        "PMNTN_SPOT" : 15682,
        "MNTN_CODE" : "482700801",
        "MANAGE_SP1" : "23",
        "MANAGE_SP2" : "정상",
        "DETAIL_SPO" : "낙화산 정상",
        "ETC_MATTER" : " ",
        "MNTN_NM" : "낙화산",
        "PAST_SPOT_" : "4827008010019",
        "MNTN_ID" : "482700801"
      },
      "geometry" : {
        "x" : 363837.72750004195,
        "y" : 329641.62650000304
      }
    }
  ]
}