{
  "displayFieldName" : "",
  "fieldAliases" : {
    "FID" : "FID",
    "PMNTN_SN" : "PMNTN_SN",
    "MNTN_CODE" : "MNTN_CODE",
    "MNTN_NM" : "MNTN_NM",
    "PMNTN_NM" : "PMNTN_NM",
    "PMNTN_MAIN" : "PMNTN_MAIN",
    "PMNTN_LT" : "PMNTN_LT",
    "PMNTN_DFFL" : "PMNTN_DFFL",
    "PMNTN_UPPL" : "PMNTN_UPPL",
    "PMNTN_GODN" : "PMNTN_GODN",
    "PMNTN_MTRQ" : "PMNTN_MTRQ",
    "PMNTN_CNRL" : "PMNTN_CNRL",
    "PMNTN_CLS_" : "PMNTN_CLS_",
    "PMNTN_RISK" : "PMNTN_RISK",
    "PMNTN_RECO" : "PMNTN_RECO",
    "DATA_STDR_" : "DATA_STDR_",
    "MNTN_ID" : "MNTN_ID"
  },
  "geometryType" : "esriGeometryPolyline",
  "spatialReference" : {
    "wkt" : "PROJCS[\"PCS_ITRF2000_TM\",GEOGCS[\"GCS_ITRF_2000\",DATUM[\"D_ITRF_2000\",SPHEROID[\"GRS_1980\",6378137.0,298.257222101]],PRIMEM[\"Greenwich\",0.0],UNIT[\"Degree\",0.0174532925199433]],PROJECTION[\"Transverse_Mercator\"],PARAMETER[\"False_Easting\",200000.0],PARAMETER[\"False_Northing\",600000.0],PARAMETER[\"Central_Meridian\",127.0],PARAMETER[\"Scale_Factor\",1.0],PARAMETER[\"Latitude_Of_Origin\",38.0],UNIT[\"Meter\",1.0]]"
  },
  "fields" : [
    {
      "name" : "FID",
      "type" : "esriFieldTypeOID",
      "alias" : "FID"
    },
    {
      "name" : "PMNTN_SN",
      "type" : "esriFieldTypeDouble",
      "alias" : "PMNTN_SN"
    },
    {
      "name" : "MNTN_CODE",
      "type" : "esriFieldTypeString",
      "alias" : "MNTN_CODE",
      "length" : 9
    },
    {
      "name" : "MNTN_NM",
      "type" : "esriFieldTypeString",
      "alias" : "MNTN_NM",
      "length" : 50
    },
    {
      "name" : "PMNTN_NM",
      "type" : "esriFieldTypeString",
      "alias" : "PMNTN_NM",
      "length" : 50
    },
    {
      "name" : "PMNTN_MAIN",
      "type" : "esriFieldTypeString",
      "alias" : "PMNTN_MAIN",
      "length" : 200
    },
    {
      "name" : "PMNTN_LT",
      "type" : "esriFieldTypeSingle",
      "alias" : "PMNTN_LT"
    },
    {
      "name" : "PMNTN_DFFL",
      "type" : "esriFieldTypeString",
      "alias" : "PMNTN_DFFL",
      "length" : 8
    },
    {
      "name" : "PMNTN_UPPL",
      "type" : "esriFieldTypeDouble",
      "alias" : "PMNTN_UPPL"
    },
    {
      "name" : "PMNTN_GODN",
      "type" : "esriFieldTypeDouble",
      "alias" : "PMNTN_GODN"
    },
    {
      "name" : "PMNTN_MTRQ",
      "type" : "esriFieldTypeString",
      "alias" : "PMNTN_MTRQ",
      "length" : 200
    },
    {
      "name" : "PMNTN_CNRL",
      "type" : "esriFieldTypeString",
      "alias" : "PMNTN_CNRL",
      "length" : 1
    },
    {
      "name" : "PMNTN_CLS_",
      "type" : "esriFieldTypeString",
      "alias" : "PMNTN_CLS_",
      "length" : 1
    },
    {
      "name" : "PMNTN_RISK",
      "type" : "esriFieldTypeString",
      "alias" : "PMNTN_RISK",
      "length" : 200
    },
    {
      "name" : "PMNTN_RECO",
      "type" : "esriFieldTypeString",
      "alias" : "PMNTN_RECO",
      "length" : 1
    },
    {
      "name" : "DATA_STDR_",
      "type" : "esriFieldTypeString",
      "alias" : "DATA_STDR_",
      "length" : 10
    },
    {
      "name" : "MNTN_ID",
      "type" : "esriFieldTypeString",
      "alias" : "MNTN_ID",
      "length" : 10
    }
  ],
  "features" : [
    {
      "attributes" : {
        "FID" : 0,
        "PMNTN_SN" : 40597,
        "MNTN_CODE" : "469002401",
        "MNTN_NM" : "용장산",
        "PMNTN_NM" : "용장리구간",
        "PMNTN_MAIN" : " ",
        "PMNTN_LT" : 2.93,
        "PMNTN_DFFL" : "쉬움",
        "PMNTN_UPPL" : 63,
        "PMNTN_GODN" : 44,
        "PMNTN_MTRQ" : " ",
        "PMNTN_CNRL" : " ",
        "PMNTN_CLS_" : " ",
        "PMNTN_RISK" : " ",
        "PMNTN_RECO" : " ",
        "DATA_STDR_" : "2016-12-31",
        "MNTN_ID" : "469002401"
      },
      "geometry" : {
        "paths" : [
          [
            [
              138995.83890000358,
              212894.9553999994
            ],
            [
              138998.34320000187,
              212891.46100000106
            ],
            [
              139002.0175000038,
              212886.29160000384
            ],
            [
              139006.34719999973,
              212881.855100004
            ],
            [
              139009.65610000212,
              212877.18200000562
            ],
            [
              139012.82400000002,
              212873.21289999969
            ],
            [
              139015.87700000126,
              212869.13620000146
            ],
            [
              139018.94350000191,
              212864.78950000182
            ],
            [
              139022.59300000221,
              212861.72870000266
            ],
            [
              139025.18520000018,
              212858.40430000052
            ],
            [
              139028.09870000184,
              212854.32800000161
            ],
            [
              139030.33719999995,
              212850.40940000117
            ],
            [
              139032.39740000106,
              212846.38289999962
            ],
            [
              139034.45030000154,
              212842.19900000095
            ],
            [
              139036.627700001,
              212838.33540000208
            ],
            [
              139037.9737000037,
              212834.95750000142
            ],
            [
              139037.99110000115,
              212835.14680000208
            ],
            [
              139038.50880000088,
              212834.67870000005
            ],
            [
              139040.60530000087,
              212829.98379999958
            ],
            [
              139042.67790000234,
              212825.77650000528
            ],
            [
              139044.25700000115,
              212823.68100000173
            ],
            [
              139045.92270000093,
              212821.79210000113
            ],
            [
              139047.22260000184,
              212821.55650000088
            ],
            [
              139048.05380000081,
              212821.0044000037
            ],
            [
              139048.39609999862,
              212821.14379999973
            ],
            [
              139052.00370000023,
              212821.13670000061
            ],
            [
              139056.58460000344,
              212822.58940000273
            ],
            [
              139060.51630000398,
              212825.05810000189
            ],
            [
              139063.93200000003,
              212827.77750000171
            ],
            [
              139067.68340000231,
              212831.20629999973
            ],
            [
              139070.68480000366,
              212835.00239999965
            ],
            [
              139074.46470000129,
              212838.20960000157
            ],
            [
              139077.53970000055,
              212842.56479999982
            ],
            [
              139081.10630000103,
              212846.68730000034
            ],
            [
              139085.39920000173,
              212851.35979999974
            ],
            [
              139090.48979999963,
              212856.3646000009
            ],
            [
              139095.8032000009,
              212860.72370000184
            ],
            [
              139101.74420000054,
              212864.16059999913
            ],
            [
              139107.54839999974,
              212867.68370000087
            ],
            [
              139113.10290000401,
              212871.82610000111
            ],
            [
              139118.51840000041,
              212875.49100000039
            ],
            [
              139122.83390000276,
              212879.25780000165
            ],
            [
              139125.11480000056,
              212881.24210000038
            ],
            [
              139127.35830000229,
              212884.98380000144
            ],
            [
              139130.39190000016,
              212889.58090000041
            ],
            [
              139134.06950000115,
              212893.87330000289
            ],
            [
              139137.66670000274,
              212898.21160000004
            ],
            [
              139142.14610000048,
              212902.80970000476
            ],
            [
              139147.20000000205,
              212907.53380000219
            ],
            [
              139152.14980000071,
              212912.19500000402
            ],
            [
              139156.84400000144,
              212917.05060000345
            ],
            [
              139161.89270000067,
              212921.0540000014
            ],
            [
              139166.74569999985,
              212925.49600000307
            ],
            [
              139170.7564000003,
              212928.76810000092
            ],
            [
              139172.853500003,
              212930.57650000229
            ],
            [
              139176.83470000234,
              212932.92120000161
            ],
            [
              139182.78570000175,
              212935.95470000245
            ],
            [
              139188.51750000194,
              212937.91199999861
            ],
            [
              139193.68250000197,
              212939.86110000126
            ],
            [
              139199.35190000106,
              212940.66029999964
            ],
            [
              139205.081100001,
              212941.4560000021
            ],
            [
              139211.11370000057,
              212943.40589999966
            ],
            [
              139216.17420000024,
              212946.41160000116
            ],
            [
              139221.67330000084,
              212948.53600000031
            ],
            [
              139227.9067000011,
              212950.47770000622
            ],
            [
              139233.65000000317,
              212952.12310000136
            ],
            [
              139239.7706000004,
              212953.58450000174
            ],
            [
              139246.147400002,
              212954.5167999994
            ],
            [
              139252.8226000024,
              212955.72020000219
            ],
            [
              139258.77359999996,
              212956.54800000228
            ],
            [
              139264.57680000085,
              212956.33149999939
            ],
            [
              139269.82110000309,
              212957.23270000145
            ],
            [
              139273.68890000042,
              212957.47380000167
            ],
            [
              139278.128800001,
              212958.15560000204
            ],
            [
              139283.46420000214,
              212958.5287000034
            ],
            [
              139287.92980000097,
              212959.17570000142
            ],
            [
              139292.67550000083,
              212960.94750000164
            ],
            [
              139296.73100000061,
              212961.79059999995
            ],
            [
              139300.10910000186,
              212963.56509999931
            ],
            [
              139304.16160000023,
              212964.8468000032
            ],
            [
              139308.41840000171,
              212966.70220000297
            ],
            [
              139311.63630000129,
              212967.59349999949
            ],
            [
              139311.5699000014,
              212967.66130000353
            ],
            [
              139315.38770000171,
              212968.80670000426
            ],
            [
              139320.27940000035,
              212970.71230000071
            ],
            [
              139324.81879999954,
              212972.47169999778
            ],
            [
              139330.44560000114,
              212974.04610000551
            ],
            [
              139336.16550000198,
              212976.53790000267
            ],
            [
              139338.48570000101,
              212977.07420000434
            ],
            [
              139338.95820000209,
              212979.11079999991
            ],
            [
              139340.54620000161,
              212984.12350000069
            ],
            [
              139346.28479999956,
              212984.11240000091
            ],
            [
              139352.2313000001,
              212983.97079999931
            ],
            [
              139355.12629999965,
              212984.99940000102
            ],
            [
              139360.53370000236,
              212986.51260000095
            ],
            [
              139366.10539999977,
              212988.40270000137
            ],
            [
              139371.31010000035,
              212989.61560000107
            ],
            [
              139376.43479999993,
              212991.76219999976
            ],
            [
              139382.02350000199,
              212995.67430000193
            ],
            [
              139387.72080000304,
              212998.94520000182
            ],
            [
              139393.06030000374,
              213001.33510000259
            ],
            [
              139399.07760000043,
              213003.95460000262
            ],
            [
              139404.52770000137,
              213006.3067000024
            ],
            [
              139409.18610000331,
              213008.48379999958
            ],
            [
              139413.57149999868,
              213010.4068
            ],
            [
              139417.62669999991,
              213013.86290000193
            ],
            [
              139420.50729999971,
              213019.53979999945
            ],
            [
              139421.79460000247,
              213025.79520000331
            ],
            [
              139422.03870000318,
              213034.18400000222
            ],
            [
              139423.51910000015,
              213040.90179999918
            ],
            [
              139428.63160000183,
              213045.61180000193
            ],
            [
              139431.40010000113,
              213051.19400000013
            ],
            [
              139432.88840000052,
              213057.27859999985
            ],
            [
              139432.27170000132,
              213064.48080000095
            ],
            [
              139432.17670000065,
              213070.5362999998
            ],
            [
              139432.33350000065,
              213073.86620000191
            ],
            [
              139432.10259999987,
              213079.53850000165
            ],
            [
              139431.27720000409,
              213085.18840000033
            ],
            [
              139428.72010000236,
              213090.14660000242
            ],
            [
              139429.24060000386,
              213093.4066999983
            ],
            [
              139431.28280000109,
              213095.01880000159
            ],
            [
              139431.02090000175,
              213097.31740000099
            ],
            [
              139431.25910000131,
              213100.57970000245
            ],
            [
              139432.83000000194,
              213104.24850000069
            ],
            [
              139434.53300000168,
              213108.00720000081
            ],
            [
              139437.23739999998,
              213113.60960000195
            ],
            [
              139440.52759999968,
              213115.21619999968
            ],
            [
              139440.86500000395,
              213117.32950000279
            ],
            [
              139440.80520000029,
              213117.83459999971
            ],
            [
              139440.0745000001,
              213122.93930000253
            ],
            [
              139440.41550000198,
              213128.63490000181
            ],
            [
              139443.20630000066,
              213133.79319999926
            ],
            [
              139447.09910000209,
              213141.64690000191
            ],
            [
              139448.05640000198,
              213148.40210000239
            ],
            [
              139450.54560000356,
              213155.80070000328
            ],
            [
              139452.88480000384,
              213162.93249999918
            ],
            [
              139455.42320000101,
              213168.97199999914
            ],
            [
              139458.2977,
              213175.28730000183
            ],
            [
              139459.96240000241,
              213182.01280000061
            ],
            [
              139463.85479999986,
              213187.3385999985
            ],
            [
              139466.45020000078,
              213193.34229999967
            ],
            [
              139468.28760000132,
              213198.38960000128
            ],
            [
              139471.23720000219,
              213203.79220000282
            ],
            [
              139472.87890000083,
              213209.55290000141
            ],
            [
              139475.24110000022,
              213214.90000000224
            ],
            [
              139477.98170000315,
              213219.94280000217
            ],
            [
              139481.01379999984,
              213224.99550000206
            ],
            [
              139483.38380000088,
              213230.46869999915
            ],
            [
              139485.52110000048,
              213235.8946000021
            ],
            [
              139485.35230000131,
              213239.36250000075
            ],
            [
              139487.80640000105,
              213242.99389999919
            ],
            [
              139488.77110000234,
              213245.17780000158
            ],
            [
              139491.02219999861,
              213250.30420000106
            ],
            [
              139492.51990000065,
              213253.0736999996
            ],
            [
              139492.87560000084,
              213257.28299999982
            ],
            [
              139495.51499999966,
              213262.59310000204
            ],
            [
              139497.99460000172,
              213268.52800000086
            ],
            [
              139500.16970000044,
              213274.49929999933
            ],
            [
              139501.95490000118,
              213280.66459999979
            ],
            [
              139504.07440000027,
              213287.00440000184
            ],
            [
              139506.10780000128,
              213292.38159999996
            ],
            [
              139507.94340000115,
              213298.34090000018
            ],
            [
              139509.97710000072,
              213304.33780000173
            ],
            [
              139511.02650000062,
              213309.71770000458
            ],
            [
              139513.32220000122,
              213314.70119999908
            ],
            [
              139515.31370000076,
              213318.61309999973
            ],
            [
              139517.40810000245,
              213321.18110000156
            ],
            [
              139520.12740000151,
              213323.8618999999
            ],
            [
              139521.45240000077,
              213327.50330000184
            ],
            [
              139523.21300000232,
              213332.38049999997
            ],
            [
              139523.69620000012,
              213333.99410000257
            ],
            [
              139523.57130000088,
              213333.71990000457
            ],
            [
              139523.4505000012,
              213333.72890000604
            ],
            [
              139523.40080000088,
              213333.76169999875
            ],
            [
              139524.71690000035,
              213335.36329999939
            ],
            [
              139525.97130000405,
              213339.43520000204
            ],
            [
              139528.93499999959,
              213343.00280000269
            ],
            [
              139532.81070000213,
              213346.40440000221
            ],
            [
              139538.58630000055,
              213348.67660000175
            ],
            [
              139544.91710000206,
              213351.2097000014
            ],
            [
              139550.37920000032,
              213354.38169999793
            ],
            [
              139554.76550000068,
              213355.89100000635
            ],
            [
              139559.21700000018,
              213357.33479999937
            ],
            [
              139564.50580000132,
              213359.35020000115
            ],
            [
              139569.77530000359,
              213360.77170000225
            ],
            [
              139575.5905000018,
              213361.79120000079
            ],
            [
              139579.95620000083,
              213364.63470000401
            ],
            [
              139584.53239999991,
              213366.56350000016
            ],
            [
              139587.33090000041,
              213367.24159999937
            ],
            [
              139588.4609999992,
              213367.93620000035
            ],
            [
              139589.26070000138,
              213369.48579999804
            ],
            [
              139592.26550000161,
              213372.00350000151
            ],
            [
              139597.837600003,
              213375.28570000269
            ],
            [
              139602.79710000101,
              213377.64130000211
            ],
            [
              139606.20320000127,
              213380.93969999999
            ],
            [
              139610.74800000247,
              213385.07779999822
            ],
            [
              139615.91700000037,
              213389.88709999993
            ],
            [
              139620.83260000125,
              213394.76360000111
            ],
            [
              139626.49880000297,
              213398.60949999839
            ],
            [
              139631.87050000392,
              213402.47140000015
            ],
            [
              139637.72700000089,
              213405.74270000122
            ],
            [
              139643.14859999996,
              213409.4188000001
            ],
            [
              139646.67609999888,
              213412.45770000108
            ],
            [
              139647.62930000201,
              213412.43500000238
            ],
            [
              139647.65629999898,
              213412.67270000465
            ],
            [
              139650.06490000058,
              213414.06089999899
            ],
            [
              139653.76570000034,
              213416.65190000087
            ],
            [
              139657.62799999956,
              213418.7602000013
            ],
            [
              139661.36940000206,
              213421.33250000142
            ],
            [
              139664.79100000113,
              213424.59689999931
            ],
            [
              139667.9523999989,
              213426.99220000021
            ],
            [
              139671.05070000049,
              213429.54060000181
            ],
            [
              139673.40840000007,
              213432.9085000027
            ],
            [
              139674.88410000224,
              213434.42180000059
            ],
            [
              139675.90990000311,
              213435.38920000009
            ],
            [
              139675.90739999991,
              213435.38160000183
            ],
            [
              139676.06680000201,
              213435.48750000075
            ],
            [
              139676.07540000137,
              213435.56709999964
            ],
            [
              139678.74570000265,
              213437.01050000265
            ],
            [
              139682.29730000161,
              213439.80460000411
            ],
            [
              139685.76790000033,
              213444.15360000171
            ],
            [
              139691.956100001,
              213447.85810000449
            ],
            [
              139697.39080000017,
              213451.16000000201
            ],
            [
              139699.33450000361,
              213452.29910000041
            ],
            [
              139699.35630000196,
              213452.07590000145
            ],
            [
              139700.58779999986,
              213452.98489999957
            ],
            [
              139705.67870000098,
              213456.19280000217
            ],
            [
              139710.07580000069,
              213460.71189999953
            ],
            [
              139715.38030000031,
              213463.93120000325
            ],
            [
              139720.47860000096,
              213467.37289999984
            ],
            [
              139727.57240000274,
              213468.69779999927
            ],
            [
              139734.05020000134,
              213471.21900000051
            ],
            [
              139740.28359999973,
              213474.50340000354
            ],
            [
              139746.4037000034,
              213478.0800999999
            ],
            [
              139750.69440000132,
              213481.37700000405
            ],
            [
              139751.68529999908,
              213482.62550000288
            ],
            [
              139756.4690000033,
              213487.08880000003
            ],
            [
              139762.42260000017,
              213489.06069999933
            ],
            [
              139769.02720000222,
              213490.76369999908
            ],
            [
              139774.87440000102,
              213489.16090000048
            ],
            [
              139780.60550000053,
              213486.95100000314
            ],
            [
              139786.56280000042,
              213486.94899999909
            ],
            [
              139792.50090000127,
              213486.1846000012
            ],
            [
              139797.00999999978,
              213487.30990000069
            ],
            [
              139803.11370000057,
              213488.44950000197
            ],
            [
              139809.00910000224,
              213489.71949999966
            ],
            [
              139813.88260000013,
              213491.03130000271
            ],
            [
              139817.20050000027,
              213492.95939999819
            ],
            [
              139822.74510000087,
              213494.94349999912
            ],
            [
              139828.49990000017,
              213497.88069999963
            ],
            [
              139835.6444000015,
              213499.50860000029
            ],
            [
              139842.01390000153,
              213500.7650000006
            ],
            [
              139847.59420000296,
              213499.82000000589
            ],
            [
              139852.93659999967,
              213500.81050000153
            ],
            [
              139859.4020000007,
              213501.94840000011
            ],
            [
              139864.42930000182,
              213503.20720000006
            ],
            [
              139868.93110000342,
              213503.48710000142
            ],
            [
              139870.25060000177,
              213503.73649999872
            ],
            [
              139875.05970000289,
              213504.11760000326
            ],
            [
              139880.4608000014,
              213504.34569999948
            ],
            [
              139884.91830000374,
              213505.12939999998
            ],
            [
              139884.65899999905,
              213505.727400003
            ],
            [
              139888.36120000016,
              213507.54830000363
            ],
            [
              139893.19890000299,
              213507.55480000004
            ],
            [
              139897.57800000161,
              213509.04530000314
            ],
            [
              139898.6136000026,
              213519.07039999776
            ],
            [
              139899.32870000415,
              213525.04079999775
            ],
            [
              139903.02940000035,
              213528.10749999993
            ],
            [
              139907.04330000002,
              213527.666000003
            ],
            [
              139911.08949999977,
              213527.883100003
            ],
            [
              139914.17200000025,
              213527.55580000207
            ],
            [
              139917.13830000069,
              213526.82280000113
            ],
            [
              139920.22640000377,
              213525.93840000033
            ],
            [
              139923.46160000004,
              213525.91200000234
            ],
            [
              139927.10070000309,
              213526.70160000399
            ],
            [
              139930.19110000134,
              213527.02160000242
            ],
            [
              139932.84190000407,
              213526.69220000133
            ],
            [
              139932.94520000089,
              213526.77109999955
            ],
            [
              139933.37270000111,
              213526.95940000378
            ],
            [
              139937.73309999984,
              213527.69900000095
            ],
            [
              139938.65969999973,
              213529.39200000092
            ],
            [
              139941.2304000007,
              213529.18290000223
            ],
            [
              139945.56770000048,
              213527.92769999988
            ],
            [
              139945.53450000007,
              213528.76280000061
            ],
            [
              139948.13410000131,
              213529.4112999998
            ],
            [
              139952.48710000236,
              213530.48050000146
            ],
            [
              139955.44180000015,
              213531.12850000337
            ],
            [
              139959.68620000314,
              213531.02070000023
            ],
            [
              139964.44160000049,
              213532.77610000223
            ],
            [
              139970.5094000008,
              213532.82860000618
            ],
            [
              139973.96889999975,
              213535.17909999937
            ],
            [
              139977.20399999991,
              213539.20189999975
            ],
            [
              139980.09250000119,
              213543.46759999916
            ],
            [
              139983.94350000098,
              213546.66770000197
            ],
            [
              139985.39090000279,
              213550.96720000356
            ],
            [
              139985.2845999999,
              213551.07359999977
            ],
            [
              139984.98690000176,
              213551.01430000179
            ],
            [
              139985.45880000014,
              213551.16359999776
            ],
            [
              139986.87190000061,
              213554.89980000444
            ],
            [
              139988.46960000414,
              213560.22629999928
            ],
            [
              139989.86300000083,
              213566.15630000457
            ],
            [
              139991.84400000051,
              213571.4615000058
            ],
            [
              139994.68720000237,
              213577.18359999731
            ],
            [
              139997.42450000159,
              213582.49390000105
            ],
            [
              140001.84900000319,
              213587.5418999996
            ],
            [
              140007.0625,
              213590.52610000037
            ],
            [
              140011.63410000037,
              213594.52090000175
            ],
            [
              140016.6986000035,
              213598.65460000373
            ],
            [
              140022.26190000121,
              213603.26229999959
            ],
            [
              140027.17970000207,
              213608.34119999968
            ],
            [
              140032.74000000115,
              213612.95370000042
            ],
            [
              140038.24409999978,
              213617.5166000016
            ],
            [
              140044.74350000173,
              213621.24920000136
            ],
            [
              140051.6997000007,
              213624.68290000036
            ],
            [
              140057.72860000003,
              213629.75650000386
            ],
            [
              140062.55190000124,
              213635.62600000203
            ],
            [
              140066.64300000202,
              213642.32550000213
            ],
            [
              140070.77310000081,
              213648.7491999995
            ],
            [
              140076.20249999966,
              213654.54710000567
            ],
            [
              140080.46940000169,
              213658.14580000192
            ],
            [
              140085.0354000004,
              213663.86690000072
            ],
            [
              140087.58670000266,
              213669.04610000551
            ],
            [
              140089.21020000055,
              213676.56460000016
            ],
            [
              140090.34660000168,
              213683.52440000139
            ],
            [
              140090.53470000159,
              213686.54949999973
            ],
            [
              140090.85240000114,
              213693.1296000015
            ],
            [
              140088.01580000017,
              213699.43060000241
            ],
            [
              140083.6361000007,
              213705.26860000379
            ],
            [
              140078.44620000198,
              213711.35050000064
            ],
            [
              140074.00760000385,
              213716.62540000305
            ],
            [
              140068.79570000339,
              213721.84200000204
            ],
            [
              140065.60870000068,
              213724.94739999995
            ],
            [
              140064.87130000349,
              213725.28140000068
            ],
            [
              140059.1006000014,
              213727.68950000405
            ],
            [
              140052.97740000207,
              213730.57590000145
            ],
            [
              140046.38860000111,
              213733.67980000004
            ],
            [
              140039.6894000005,
              213738.96980000287
            ],
            [
              140032.75480000116,
              213742.00950000249
            ],
            [
              140025.50370000023,
              213744.1166999992
            ],
            [
              140018.74749999959,
              213746.65800000168
            ],
            [
              140013.31320000254,
              213750.69600000232
            ],
            [
              140009.83110000007,
              213757.42660000175
            ],
            [
              140006.3060999997,
              213762.98020000197
            ],
            [
              140005.5643000016,
              213769.43140000291
            ],
            [
              140012.91700000316,
              213769.48709999956
            ],
            [
              140020.53110000025,
              213768.8599000033
            ],
            [
              140043.77000000328,
              213783.3320000004
            ],
            [
              140039.98250000272,
              213789.71360000223
            ],
            [
              140037.03150000051,
              213801.46130000241
            ],
            [
              140034.85589999985,
              213805.78889999911
            ],
            [
              140034.32710000034,
              213809.84690000117
            ],
            [
              140033.53720000014,
              213809.16290000081
            ],
            [
              140029.94370000064,
              213807.31739999913
            ],
            [
              140025.48660000134,
              213805.23100000061
            ],
            [
              140021.6043999996,
              213804.7321000006
            ],
            [
              140021.15190000087,
              213804.83780000173
            ],
            [
              140021.11799999978,
              213804.85740000196
            ],
            [
              140021.07770000398,
              213804.96150000393
            ],
            [
              140019.82530000061,
              213805.51149999909
            ],
            [
              140014.2472000001,
              213805.87410000339
            ],
            [
              140013.27610000409,
              213806.1370000001
            ],
            [
              140008.67190000135,
              213806.95299999975
            ],
            [
              140005.89250000194,
              213807.94490000047
            ],
            [
              140003.55829999968,
              213808.4132000003
            ],
            [
              139991.97430000175,
              213812.48310000077
            ],
            [
              139986.77760000061,
              213813.19859999977
            ],
            [
              139981.81799999997,
              213813.21150000021
            ],
            [
              139976.57270000037,
              213813.92720000073
            ],
            [
              139971.61699999962,
              213812.88770000078
            ],
            [
              139967.50760000013,
              213813.01050000079
            ],
            [
              139961.07110000122,
              213809.95360000245
            ],
            [
              139954.8534000013,
              213805.2137000002
            ],
            [
              139950.0903000012,
              213799.42579999752
            ],
            [
              139947.24270000309,
              213792.71299999952
            ],
            [
              139945.61670000106,
              213785.46600000001
            ],
            [
              139946.20700000133,
              213778.15780000389
            ],
            [
              139945.58999999985,
              213771.93640000187
            ],
            [
              139936.84719999973,
              213771.45320000313
            ],
            [
              139935.90380000044,
              213778.81579999812
            ],
            [
              139935.15250000078,
              213785.46890000068
            ],
            [
              139934.33090000134,
              213791.56030000001
            ],
            [
              139933.39410000201,
              213797.88360000029
            ],
            [
              139934.18510000035,
              213803.88699999824
            ],
            [
              139934.46910000127,
              213809.70610000007
            ],
            [
              139935.88630000409,
              213815.97920000739
            ],
            [
              139937.64730000217,
              213822.25909999944
            ],
            [
              139935.07760000043,
              213828.48100000434
            ],
            [
              139930.54220000003,
              213832.72849999927
            ],
            [
              139925.45640000235,
              213835.84190000221
            ],
            [
              139919.42040000204,
              213838.13450000249
            ],
            [
              139913.30660000071,
              213839.3489000015
            ],
            [
              139907.19710000046,
              213841.04990000464
            ],
            [
              139901.05780000053,
              213842.49670000188
            ],
            [
              139895.89790000021,
              213844.80820000172
            ],
            [
              139889.78729999997,
              213845.599700002
            ],
            [
              139884.62550000194,
              213844.96530000307
            ],
            [
              139879.13510000147,
              213845.06130000018
            ],
            [
              139873.00100000389,
              213845.02260000259
            ],
            [
              139869.67160000373,
              213843.69500000402
            ],
            [
              139866.8507000003,
              213841.95270000026
            ],
            [
              139864.61250000075,
              213840.34720000252
            ],
            [
              139859.6073000012,
              213838.27400000207
            ],
            [
              139854.48080000095,
              213835.81200000271
            ],
            [
              139849.13220000081,
              213833.45990000106
            ],
            [
              139848.61320000142,
              213833.06949999928
            ],
            [
              139844.98670000024,
              213831.61980000138
            ],
            [
              139839.87510000076,
              213827.85450000316
            ],
            [
              139833.90869999956,
              213824.22450000234
            ],
            [
              139828.19649999868,
              213820.86270000041
            ],
            [
              139822.57990000304,
              213818.7864000015
            ],
            [
              139817.50590000115,
              213814.47930000164
            ],
            [
              139811.62000000384,
              213811.73310000449
            ],
            [
              139806.12370000035,
              213809.17779999971
            ],
            [
              139800.36700000148,
              213806.78610000014
            ],
            [
              139796.06320000067,
              213805.16020000353
            ],
            [
              139792.2675000038,
              213803.97019999847
            ],
            [
              139787.27110000048,
              213802.92480000108
            ],
            [
              139781.42009999882,
              213800.99469999969
            ],
            [
              139775.3636000026,
              213798.84290000238
            ],
            [
              139768.90140000079,
              213796.56740000099
            ],
            [
              139762.59510000329,
              213796.57939999923
            ],
            [
              139756.20220000204,
              213795.74829999916
            ],
            [
              139749.86890000012,
              213794.7276000008
            ],
            [
              139743.51609999966,
              213793.01160000265
            ],
            [
              139736.6165000014,
              213792.25040000118
            ],
            [
              139729.77919999976,
              213789.39370000176
            ],
            [
              139722.85480000265,
              213786.33420000412
            ],
            [
              139715.91050000302,
              213784.9944000002
            ],
            [
              139708.88240000047,
              213785.20550000109
            ],
            [
              139700.82510000188,
              213786.72659999877
            ],
            [
              139694.18790000025,
              213789.48719999753
            ],
            [
              139687.12480000127,
              213790.50300000235
            ],
            [
              139679.75600000098,
              213790.63269999996
            ],
            [
              139672.62090000045,
              213790.15619999915
            ],
            [
              139665.08270000294,
              213788.81399999931
            ],
            [
              139657.68600000069,
              213787.39580000378
            ],
            [
              139650.61140000075,
              213785.99840000272
            ],
            [
              139643.30169999972,
              213785.25140000135
            ],
            [
              139635.83849999867,
              213784.72500000149
            ],
            [
              139628.81620000023,
              213784.89149999991
            ],
            [
              139621.48070000019,
              213785.22580000199
            ],
            [
              139614.68879999965,
              213785.41860000044
            ],
            [
              139607.69830000401,
              213784.94940000214
            ],
            [
              139600.80480000004,
              213785.36230000108
            ],
            [
              139593.33650000207,
              213784.92420000397
            ],
            [
              139586.25700000394,
              213784.4609999992
            ],
            [
              139579.50109999999,
              213783.60740000382
            ],
            [
              139572.20390000008,
              213783.53140000068
            ],
            [
              139567.0392000014,
              213781.47550000064
            ],
            [
              139565.62050000299,
              213780.36020000279
            ],
            [
              139560.2938000001,
              213768.29529999942
            ],
            [
              139552.8543000007,
              213748.29900000058
            ],
            [
              139547.26820000261,
              213739.47829999961
            ],
            [
              139534.52479999978,
              213739.84769999981
            ],
            [
              139519.09800000116,
              213732.86510000192
            ],
            [
              139507.67810000014,
              213726.38409999944
            ],
            [
              139495.61029999889,
              213722.63510000147
            ],
            [
              139485.50609999988,
              213721.42700000107
            ],
            [
              139472.51400000323,
              213718.16029999964
            ],
            [
              139461.6229000017,
              213717.80170000158
            ],
            [
              139458.38200000301,
              213723.75599999912
            ],
            [
              139447.47070000134,
              213730.33200000413
            ],
            [
              139436.41040000133,
              213738.00960000232
            ],
            [
              139425.04949999973,
              213737.20590000041
            ],
            [
              139402.11629999988,
              213738.74010000192
            ],
            [
              139389.03949999996,
              213740.69470000081
            ],
            [
              139368.74959999975,
              213747.02030000463
            ],
            [
              139343.19770000223,
              213755.46230000444
            ],
            [
              139321.59080000129,
              213761.80480000004
            ],
            [
              139312.14850000013,
              213761.0446000006
            ],
            [
              139276.55590000004,
              213759.60870000161
            ],
            [
              139254.74270000029,
              213758.36550000124
            ],
            [
              139234.74970000051,
              213757.72890000045
            ],
            [
              139213.2424000008,
              213757.55409999937
            ],
            [
              139200.59230000153,
              213756.28300000168
            ],
            [
              139191.82010000199,
              213761.68970000185
            ],
            [
              139174.35419999994,
              213763.59750000201
            ],
            [
              139160.22439999972,
              213762.28720000014
            ],
            [
              139147.85450000223,
              213760.10040000454
            ],
            [
              139141.56709999964,
              213753.41909999959
            ],
            [
              139140.09850000124,
              213740.70100000128
            ],
            [
              139143.09179999959,
              213719.53819999844
            ],
            [
              139142.84000000078,
              213706.94130000286
            ],
            [
              139137.79879999999,
              213697.81940000318
            ],
            [
              139129.76420000009,
              213689.63660000451
            ],
            [
              139121.31690000184,
              213681.3860000018
            ]
          ]
        ]
      }
    },
    {
      "attributes" : {
        "FID" : 1,
        "PMNTN_SN" : 40598,
        "MNTN_CODE" : "469002401",
        "MNTN_NM" : "용장산",
        "PMNTN_NM" : "용장리구간",
        "PMNTN_MAIN" : " ",
        "PMNTN_LT" : 0.25,
        "PMNTN_DFFL" : "쉬움",
        "PMNTN_UPPL" : 4,
        "PMNTN_GODN" : 3,
        "PMNTN_MTRQ" : " ",
        "PMNTN_CNRL" : " ",
        "PMNTN_CLS_" : " ",
        "PMNTN_RISK" : " ",
        "PMNTN_RECO" : " ",
        "DATA_STDR_" : "2016-12-31",
        "MNTN_ID" : "469002401"
      },
      "geometry" : {
        "paths" : [
          [
            [
              138826.04390000086,
              213071.11830000207
            ],
            [
              138829.69500000216,
              213071.16790000163
            ],
            [
              138833.89090000093,
              213069.39280000143
            ],
            [
              138837.40060000122,
              213066.23240000196
            ],
            [
              138842.16080000065,
              213063.81920000352
            ],
            [
              138847.68259999994,
              213062.98310000077
            ],
            [
              138850.46789999958,
              213062.65870000049
            ],
            [
              138852.08189999964,
              213061.86930000037
            ],
            [
              138853.46890000068,
              213058.78150000051
            ],
            [
              138855.78170000017,
              213056.71759999916
            ],
            [
              138858.68630000204,
              213053.92140000127
            ],
            [
              138862.21310000122,
              213051.54649999924
            ],
            [
              138863.3432,
              213047.6977000013
            ],
            [
              138866.12430000119,
              213044.74569999985
            ],
            [
              138868.46090000123,
              213042.63470000029
            ],
            [
              138871.34800000023,
              213040.20780000091
            ],
            [
              138875.20890000276,
              213039.55010000058
            ],
            [
              138878.47110000066,
              213037.64299999923
            ],
            [
              138881.50770000275,
              213034.74140000157
            ],
            [
              138883.29899999965,
              213032.72760000452
            ],
            [
              138884.92850000039,
              213029.45519999973
            ],
            [
              138885.61010000203,
              213025.26300000213
            ],
            [
              138887.89130000025,
              213022.15689999796
            ],
            [
              138891.21620000154,
              213017.99220000021
            ],
            [
              138893.61370000057,
              213013.45970000327
            ],
            [
              138895.59960000124,
              213009.06679999828
            ],
            [
              138898.00610000081,
              213005.2555000037
            ],
            [
              138899.11789999995,
              212999.66020000167
            ],
            [
              138904.18200000282,
              212995.30320000276
            ],
            [
              138906.89030000102,
              212992.90770000033
            ],
            [
              138908.91850000061,
              212991.44669999927
            ],
            [
              138910.87229999993,
              212989.7603999991
            ],
            [
              138913.17899999954,
              212988.56290000118
            ],
            [
              138915.14049999975,
              212986.19150000066
            ],
            [
              138916.56790000014,
              212983.83919999935
            ],
            [
              138918.81180000212,
              212981.80240000039
            ],
            [
              138920.5635000011,
              212978.9392000027
            ],
            [
              138921.06369999982,
              212978.54900000244
            ],
            [
              138922.33110000007,
              212976.08350000158
            ],
            [
              138923.78570000082,
              212973.9840000011
            ],
            [
              138925.02940000128,
              212971.28209999949
            ],
            [
              138925.06490000151,
              212971.54429999925
            ],
            [
              138926.32610000018,
              212969.87900000066
            ],
            [
              138928.24550000206,
              212967.72250000015
            ],
            [
              138929.66360000055,
              212966.04050000198
            ],
            [
              138931.30090000108,
              212964.12630000152
            ],
            [
              138932.20780000184,
              212961.85319999978
            ],
            [
              138934.50290000252,
              212960.11329999752
            ],
            [
              138934.72590000089,
              212959.34559999965
            ],
            [
              138936.49050000031,
              212958.9860999994
            ],
            [
              138939.23820000142,
              212955.95620000176
            ],
            [
              138941.39829999954,
              212953.61770000309
            ],
            [
              138942.05960000027,
              212953.7085000053
            ],
            [
              138943.57740000077,
              212952.89620000124
            ],
            [
              138946.55520000309,
              212950.62910000049
            ],
            [
              138949.2975000022,
              212947.68459999748
            ],
            [
              138952.80720000248,
              212944.17290000245
            ],
            [
              138956.94570000004,
              212940.06710000336
            ],
            [
              138961.10780000314,
              212936.1248000022
            ],
            [
              138964.35230000131,
              212931.67330000177
            ],
            [
              138968.29130000342,
              212927.11200000346
            ],
            [
              138972.30059999973,
              212922.51260000095
            ],
            [
              138974.79640000034,
              212920.4455000069
            ],
            [
              138978.64040000178,
              212915.41580000147
            ],
            [
              138982.96030000038,
              212910.54140000045
            ],
            [
              138987.16110000107,
              212905.71620000154
            ],
            [
              138991.03030000161,
              212900.41919999942
            ],
            [
              138995.06630000193,
              212896.03339999914
            ],
            [
              138995.83890000358,
              212894.9553999994
            ]
          ]
        ]
      }
    },
    {
      "attributes" : {
        "FID" : 2,
        "PMNTN_SN" : 40599,
        "MNTN_CODE" : "469002401",
        "MNTN_NM" : "용장산",
        "PMNTN_NM" : "용장리구간",
        "PMNTN_MAIN" : " ",
        "PMNTN_LT" : 0.96,
        "PMNTN_DFFL" : "쉬움",
        "PMNTN_UPPL" : 21,
        "PMNTN_GODN" : 14,
        "PMNTN_MTRQ" : " ",
        "PMNTN_CNRL" : " ",
        "PMNTN_CLS_" : " ",
        "PMNTN_RISK" : " ",
        "PMNTN_RECO" : " ",
        "DATA_STDR_" : "2016-12-31",
        "MNTN_ID" : "469002401"
      },
      "geometry" : {
        "paths" : [
          [
            [
              139162.49829999916,
              213521.41420000046
            ],
            [
              139156.21670000069,
              213508.61620000191
            ],
            [
              139165.46129999962,
              213499.05910000019
            ],
            [
              139180.18240000214,
              213489.25390000641
            ],
            [
              139189.88239999954,
              213476.91939999908
            ],
            [
              139194.08990000002,
              213461.3721000012
            ],
            [
              139195.12540000211,
              213440.94280000404
            ],
            [
              139199.42640000116,
              213424.72830000333
            ],
            [
              139203.35730000027,
              213403.15249999985
            ],
            [
              139206.96240000054,
              213391.11350000091
            ],
            [
              139210.46840000059,
              213383.25779999979
            ],
            [
              139211.43610000052,
              213381.76349999942
            ],
            [
              139214.38449999969,
              213379.66340000182
            ],
            [
              139216.32219999935,
              213377.5391000025
            ],
            [
              139216.67330000363,
              213377.57310000248
            ],
            [
              139216.68240000028,
              213377.46520000137
            ],
            [
              139218.13999999966,
              213376.94710000046
            ],
            [
              139218.94689999986,
              213376.50050000288
            ],
            [
              139218.89600000344,
              213376.44650000148
            ],
            [
              139219.31740000006,
              213375.72069999948
            ],
            [
              139219.93530000001,
              213375.37720000185
            ],
            [
              139219.57380000129,
              213375.32589999959
            ],
            [
              139219.25310000125,
              213375.44220000319
            ],
            [
              139220.40600000136,
              213374.34070000239
            ],
            [
              139223.11110000033,
              213370.97140000202
            ],
            [
              139225.896300002,
              213365.99890000187
            ],
            [
              139227.5736999996,
              213362.97580000199
            ],
            [
              139230.81590000074,
              213357.09050000273
            ],
            [
              139230.89560000133,
              213356.19660000131
            ],
            [
              139230.81950000022,
              213356.12199999951
            ],
            [
              139231.0875000041,
              213355.35030000098
            ],
            [
              139232.42470000125,
              213352.15079999901
            ],
            [
              139233.09530000202,
              213349.10750000179
            ],
            [
              139233.71839999873,
              213345.33269999921
            ],
            [
              139234.01410000212,
              213345.34470000118
            ],
            [
              139236.31130000204,
              213336.80310000293
            ],
            [
              139237.6482000025,
              213332.34230000153
            ],
            [
              139238.39610000048,
              213323.48960000277
            ],
            [
              139240.13650000002,
              213289.4905999992
            ],
            [
              139234.65910000075,
              213282.6660999991
            ],
            [
              139230.48920000158,
              213279.34090000205
            ],
            [
              139226.52280000318,
              213275.24970000051
            ],
            [
              139223.28650000226,
              213269.64090000279
            ],
            [
              139221.27819999959,
              213257.15330000408
            ],
            [
              139222.85490000341,
              213250.81760000065
            ],
            [
              139224.55360000115,
              213246.59619999863
            ],
            [
              139226.64419999998,
              213242.41400000267
            ],
            [
              139227.59840000328,
              213236.04099999927
            ],
            [
              139225.63490000274,
              213230.80580000021
            ],
            [
              139222.46510000061,
              213228.70810000226
            ],
            [
              139217.63060000073,
              213227.09479999915
            ],
            [
              139213.48100000061,
              213224.96949999779
            ],
            [
              139213.53550000396,
              213224.85920000449
            ],
            [
              139211.57299999986,
              213223.94849999994
            ],
            [
              139207.49970000237,
              213222.48630000092
            ],
            [
              139203.01690000109,
              213220.16410000063
            ],
            [
              139197.35480000172,
              213217.07760000229
            ],
            [
              139191.90390000399,
              213213.43370000273
            ],
            [
              139185.52310000174,
              213210.69250000268
            ],
            [
              139178.79320000019,
              213208.97350000031
            ],
            [
              139172.8816000009,
              213206.16810000129
            ],
            [
              139166.77639999986,
              213202.36110000312
            ],
            [
              139162.32000000402,
              213197.18860000186
            ],
            [
              139160.06749999989,
              213190.80620000139
            ],
            [
              139158.88949999865,
              213184.86250000075
            ],
            [
              139157.57570000086,
              213178.52420000173
            ],
            [
              139155.56099999975,
              213173.13860000297
            ],
            [
              139154.43190000206,
              213167.54949999787
            ],
            [
              139153.10960000101,
              213161.76400000416
            ],
            [
              139152.47990000062,
              213159.96480000019
            ],
            [
              139153.50520000141,
              213160.16129999794
            ],
            [
              139150.91710000113,
              213157.49349999987
            ],
            [
              139151.53619999997,
              213153.2416999992
            ],
            [
              139145.32530000247,
              213142.7678999994
            ],
            [
              139142.04630000144,
              213137.20820000209
            ],
            [
              139138.47710000351,
              213131.63240000233
            ],
            [
              139134.71990000177,
              213126.52569999732
            ],
            [
              139130.40780000295,
              213121.72409999929
            ],
            [
              139127.02530000266,
              213116.6472000014
            ],
            [
              139127.039900003,
              213111.30730000325
            ],
            [
              139128.54150000028,
              213108.27630000003
            ],
            [
              139130.71760000009,
              213106.88000000268
            ],
            [
              139134.73929999955,
              213105.5362000037
            ],
            [
              139139.11540000048,
              213104.95510000363
            ],
            [
              139143.48309999984,
              213103.90740000084
            ],
            [
              139145.71490000188,
              213101.19530000165
            ],
            [
              139145.52639999986,
              213100.95549999923
            ],
            [
              139145.41880000196,
              213097.87470000237
            ],
            [
              139145.36130000092,
              213093.89300000109
            ],
            [
              139144.18369999994,
              213089.08200000226
            ],
            [
              139141.44480000064,
              213085.22380000167
            ],
            [
              139137.11980000045,
              213083.37299999967
            ],
            [
              139131.43860000186,
              213083.89340000041
            ],
            [
              139124.92499999888,
              213084.44560000114
            ],
            [
              139118.83420000132,
              213083.2276000008
            ],
            [
              139113.34480000194,
              213079.99259999953
            ],
            [
              139108.34080000315,
              213075.6174999997
            ],
            [
              139103.44680000097,
              213071.11350000277
            ],
            [
              139099.40980000049,
              213066.76150000095
            ],
            [
              139095.56050000153,
              213061.90049999952
            ],
            [
              139091.39749999996,
              213058.06210000068
            ],
            [
              139089.29770000372,
              213053.39269999787
            ],
            [
              139088.62030000053,
              213048.02900000289
            ],
            [
              139086.8272000039,
              213042.81220000051
            ],
            [
              139084.21620000061,
              213037.76300000213
            ],
            [
              139082.23470000084,
              213033.08929999918
            ],
            [
              139080.97310000379,
              213028.68520000204
            ],
            [
              139080.99440000299,
              213028.45940000005
            ],
            [
              139080.46760000195,
              213027.45160000212
            ],
            [
              139079.29420000315,
              213023.75139999948
            ],
            [
              139078.7273000041,
              213020.57530000247
            ],
            [
              139078.77005000133,
              213020.50960000604
            ],
            [
              139078.7949000001,
              213020.47149999999
            ],
            [
              139077.41640000138,
              213017.37260000035
            ],
            [
              139076.09980000183,
              213015.24830000103
            ],
            [
              139075.58930000011,
              213014.80680000409
            ],
            [
              139075.06840000115,
              213013.41130000167
            ],
            [
              139073.1173000019,
              213008.42100000381
            ],
            [
              139070.21710000094,
              213005.1370000001
            ],
            [
              139068.3956000004,
              213003.39850000106
            ],
            [
              139066.46050000284,
              213000.52449999936
            ],
            [
              139066.81450000033,
              212998.14389999956
            ],
            [
              139066.18920000084,
              212997.09130000323
            ],
            [
              139066.22380000073,
              212997.05630000122
            ],
            [
              139065.5092000002,
              212995.17730000056
            ],
            [
              139063.44770000316,
              212992.1408000011
            ],
            [
              139061.1361999996,
              212989.22279999964
            ],
            [
              139059.93030000012,
              212986.09100000001
            ],
            [
              139058.59360000119,
              212983.23720000125
            ],
            [
              139057.60840000119,
              212980.50180000067
            ],
            [
              139056.42899999954,
              212978.24410000071
            ],
            [
              139055.40380000416,
              212975.63789999858
            ],
            [
              139054.98570000101,
              212974.52910000272
            ],
            [
              139054.59930000175,
              212974.72260000184
            ],
            [
              139054.70420000143,
              212974.45419999957
            ],
            [
              139054.28639999963,
              212972.86980000138
            ],
            [
              139053.0895000007,
              212969.84689999931
            ],
            [
              139051.53350000177,
              212966.42440000176
            ],
            [
              139052.66140000056,
              212964.85030000098
            ],
            [
              139052.61240000185,
              212964.84180000052
            ],
            [
              139052.29160000104,
              212964.8359999992
            ],
            [
              139052.45170000009,
              212964.5166000016
            ],
            [
              139053.73180000111,
              212962.01270000264
            ],
            [
              139056.57799999975,
              212959.4616000019
            ],
            [
              139061.08590000216,
              212958.09909999929
            ],
            [
              139065.43240000308,
              212957.11620000191
            ],
            [
              139069.73140000086,
              212956.24320000224
            ],
            [
              139070.37610000372,
              212956.33740000427
            ],
            [
              139070.21840000339,
              212956.56200000271
            ],
            [
              139070.29420000128,
              212956.69019999914
            ],
            [
              139071.85140000191,
              212956.81840000115
            ],
            [
              139076.47929999884,
              212957.33700000122
            ],
            [
              139079.4411000004,
              212957.12749999948
            ],
            [
              139079.67450000066,
              212957.05709999986
            ],
            [
              139080.34860000107,
              212957.21500000171
            ],
            [
              139085.96310000122,
              212958.17080000043
            ],
            [
              139091.93060000148,
              212959.0148000028
            ],
            [
              139097.59780000243,
              212961.00720000453
            ],
            [
              139102.81840000022,
              212963.02120000124
            ],
            [
              139108.33600000106,
              212965.60380000062
            ],
            [
              139113.93850000203,
              212967.66679999977
            ],
            [
              139119.47369999997,
              212970.33550000004
            ],
            [
              139124.8833000008,
              212972.58350000158
            ],
            [
              139128.94220000412,
              212974.33149999939
            ],
            [
              139130.78280000109,
              212975.35569999926
            ],
            [
              139130.89370000176,
              212975.25230000168
            ],
            [
              139129.32380000129,
              212971.00899999961
            ],
            [
              139126.73550000321,
              212965.9068
            ],
            [
              139123.56280000042,
              212961.26300000213
            ],
            [
              139119.96730000246,
              212956.71360000409
            ],
            [
              139116.88200000022,
              212951.80080000125
            ],
            [
              139116.2556999987,
              212951.03429999948
            ],
            [
              139116.31940000039,
              212951.61140000261
            ],
            [
              139116.15350000001,
              212951.38040000014
            ],
            [
              139113.1502000019,
              212946.65970000252
            ],
            [
              139110.11380000226,
              212941.7033000011
            ],
            [
              139105.60230000131,
              212937.1259999983
            ],
            [
              139100.71400000341,
              212932.91500000097
            ],
            [
              139095.62290000264,
              212928.47389999963
            ],
            [
              139089.90369999968,
              212924.88550000079
            ],
            [
              139084.96890000068,
              212920.86629999988
            ],
            [
              139079.60490000155,
              212917.28429999948
            ],
            [
              139074.1492999997,
              212913.77559999935
            ],
            [
              139068.69550000131,
              212910.57809999958
            ],
            [
              139063.60979999974,
              212907.83720000088
            ],
            [
              139057.98370000068,
              212905.19490000233
            ],
            [
              139052.66289999988,
              212903.12230000459
            ],
            [
              139047.03239999991,
              212901.28790000081
            ],
            [
              139041.52869999874,
              212899.45280000195
            ],
            [
              139035.39639999997,
              212898.50899999961
            ],
            [
              139029.58970000222,
              212898.12280000001
            ],
            [
              139023.62990000285,
              212897.94079999998
            ],
            [
              139017.89420000091,
              212897.78460000083
            ],
            [
              139011.9204000039,
              212898.38220000267
            ],
            [
              139005.57130000088,
              212898.52850000001
            ],
            [
              138999.56159999967,
              212897.80720000155
            ],
            [
              138995.9868000038,
              212896.11190000176
            ],
            [
              138995.83890000358,
              212894.9553999994
            ]
          ]
        ]
      }
    }
  ]
}