{
  "displayFieldName" : "",
  "fieldAliases" : {
    "FID" : "FID",
    "PMNTN_SPOT" : "PMNTN_SPOT",
    "MNTN_CODE" : "MNTN_CODE",
    "MANAGE_SP1" : "MANAGE_SP1",
    "MANAGE_SP2" : "MANAGE_SP2",
    "DETAIL_SPO" : "DETAIL_SPO",
    "ETC_MATTER" : "ETC_MATTER",
    "MNTN_NM" : "MNTN_NM",
    "PAST_SPOT_" : "PAST_SPOT_",
    "MNTN_ID" : "MNTN_ID"
  },
  "geometryType" : "esriGeometryPoint",
  "spatialReference" : {
    "wkt" : "PROJCS[\"PCS_ITRF2000_TM\",GEOGCS[\"GCS_ITRF_2000\",DATUM[\"D_ITRF_2000\",SPHEROID[\"GRS_1980\",6378137.0,298.257222101]],PRIMEM[\"Greenwich\",0.0],UNIT[\"Degree\",0.0174532925199433]],PROJECTION[\"Transverse_Mercator\"],PARAMETER[\"False_Easting\",200000.0],PARAMETER[\"False_Northing\",600000.0],PARAMETER[\"Central_Meridian\",127.0],PARAMETER[\"Scale_Factor\",1.0],PARAMETER[\"Latitude_Of_Origin\",38.0],UNIT[\"Meter\",1.0]]"
  },
  "fields" : [
    {
      "name" : "FID",
      "type" : "esriFieldTypeOID",
      "alias" : "FID"
    },
    {
      "name" : "PMNTN_SPOT",
      "type" : "esriFieldTypeDouble",
      "alias" : "PMNTN_SPOT"
    },
    {
      "name" : "MNTN_CODE",
      "type" : "esriFieldTypeString",
      "alias" : "MNTN_CODE",
      "length" : 9
    },
    {
      "name" : "MANAGE_SP1",
      "type" : "esriFieldTypeString",
      "alias" : "MANAGE_SP1",
      "length" : 2
    },
    {
      "name" : "MANAGE_SP2",
      "type" : "esriFieldTypeString",
      "alias" : "MANAGE_SP2",
      "length" : 50
    },
    {
      "name" : "DETAIL_SPO",
      "type" : "esriFieldTypeString",
      "alias" : "DETAIL_SPO",
      "length" : 200
    },
    {
      "name" : "ETC_MATTER",
      "type" : "esriFieldTypeString",
      "alias" : "ETC_MATTER",
      "length" : 200
    },
    {
      "name" : "MNTN_NM",
      "type" : "esriFieldTypeString",
      "alias" : "MNTN_NM",
      "length" : 50
    },
    {
      "name" : "PAST_SPOT_",
      "type" : "esriFieldTypeString",
      "alias" : "PAST_SPOT_",
      "length" : 14
    },
    {
      "name" : "MNTN_ID",
      "type" : "esriFieldTypeString",
      "alias" : "MNTN_ID",
      "length" : 10
    }
  ],
  "features" : [
    {
      "attributes" : {
        "FID" : 0,
        "PMNTN_SPOT" : 35276,
        "MNTN_CODE" : "416101601",
        "MANAGE_SP1" : "99",
        "MANAGE_SP2" : "기타",
        "DETAIL_SPO" : "묘지",
        "ETC_MATTER" : " ",
        "MNTN_NM" : "백마산",
        "PAST_SPOT_" : "21071612000001",
        "MNTN_ID" : "2107161200"
      },
      "geometry" : {
        "x" : 223347.60380000062,
        "y" : 533569.79030000232
      }
    },
    {
      "attributes" : {
        "FID" : 1,
        "PMNTN_SPOT" : 35277,
        "MNTN_CODE" : "416101601",
        "MANAGE_SP1" : "99",
        "MANAGE_SP2" : "기타",
        "DETAIL_SPO" : "글라이더활공장",
        "ETC_MATTER" : "미사용",
        "MNTN_NM" : "백마산",
        "PAST_SPOT_" : "21071612000002",
        "MNTN_ID" : "2107161200"
      },
      "geometry" : {
        "x" : 223411.11529999878,
        "y" : 533281.034500001
      }
    },
    {
      "attributes" : {
        "FID" : 2,
        "PMNTN_SPOT" : 35278,
        "MNTN_CODE" : "416101601",
        "MANAGE_SP1" : "99",
        "MANAGE_SP2" : "기타",
        "DETAIL_SPO" : "묘지",
        "ETC_MATTER" : " ",
        "MNTN_NM" : "백마산",
        "PAST_SPOT_" : "21071612000003",
        "MNTN_ID" : "2107161200"
      },
      "geometry" : {
        "x" : 223419.01600000076,
        "y" : 532422.73880000226
      }
    },
    {
      "attributes" : {
        "FID" : 3,
        "PMNTN_SPOT" : 35279,
        "MNTN_CODE" : "416101601",
        "MANAGE_SP1" : "99",
        "MANAGE_SP2" : "기타",
        "DETAIL_SPO" : "군 진지",
        "ETC_MATTER" : " ",
        "MNTN_NM" : "백마산",
        "PAST_SPOT_" : "21071612000004",
        "MNTN_ID" : "2107161200"
      },
      "geometry" : {
        "x" : 223599.89099999983,
        "y" : 532258.72920000181
      }
    },
    {
      "attributes" : {
        "FID" : 4,
        "PMNTN_SPOT" : 35280,
        "MNTN_CODE" : "416101601",
        "MANAGE_SP1" : "99",
        "MANAGE_SP2" : "기타",
        "DETAIL_SPO" : "군 진지",
        "ETC_MATTER" : " ",
        "MNTN_NM" : "백마산",
        "PAST_SPOT_" : "21071612000005",
        "MNTN_ID" : "2107161200"
      },
      "geometry" : {
        "x" : 223610.22790000122,
        "y" : 532248.48079999909
      }
    },
    {
      "attributes" : {
        "FID" : 5,
        "PMNTN_SPOT" : 35281,
        "MNTN_CODE" : "416101601",
        "MANAGE_SP1" : "99",
        "MANAGE_SP2" : "기타",
        "DETAIL_SPO" : "군 진지",
        "ETC_MATTER" : " ",
        "MNTN_NM" : "백마산",
        "PAST_SPOT_" : "21071612000006",
        "MNTN_ID" : "2107161200"
      },
      "geometry" : {
        "x" : 223644.76060000248,
        "y" : 532234.40490000136
      }
    },
    {
      "attributes" : {
        "FID" : 6,
        "PMNTN_SPOT" : 35282,
        "MNTN_CODE" : "416101601",
        "MANAGE_SP1" : "99",
        "MANAGE_SP2" : "기타",
        "DETAIL_SPO" : "군 진지",
        "ETC_MATTER" : " ",
        "MNTN_NM" : "백마산",
        "PAST_SPOT_" : "21071612000007",
        "MNTN_ID" : "2107161200"
      },
      "geometry" : {
        "x" : 223629.9637000002,
        "y" : 532164.75229999982
      }
    },
    {
      "attributes" : {
        "FID" : 7,
        "PMNTN_SPOT" : 35283,
        "MNTN_CODE" : "416101601",
        "MANAGE_SP1" : "10",
        "MANAGE_SP2" : "이정표",
        "DETAIL_SPO" : "이정표",
        "ETC_MATTER" : " ",
        "MNTN_NM" : "백마산",
        "PAST_SPOT_" : "21071612000008",
        "MNTN_ID" : "2107161200"
      },
      "geometry" : {
        "x" : 223665.46520000044,
        "y" : 532074.15380000137
      }
    },
    {
      "attributes" : {
        "FID" : 8,
        "PMNTN_SPOT" : 35284,
        "MNTN_CODE" : "416101601",
        "MANAGE_SP1" : "99",
        "MANAGE_SP2" : "기타",
        "DETAIL_SPO" : "목계단 시작",
        "ETC_MATTER" : " ",
        "MNTN_NM" : "백마산",
        "PAST_SPOT_" : "21071612000009",
        "MNTN_ID" : "2107161200"
      },
      "geometry" : {
        "x" : 223842.35440000053,
        "y" : 531833.57940000109
      }
    },
    {
      "attributes" : {
        "FID" : 9,
        "PMNTN_SPOT" : 35285,
        "MNTN_CODE" : "416101601",
        "MANAGE_SP1" : "99",
        "MANAGE_SP2" : "기타",
        "DETAIL_SPO" : "목계단 끝",
        "ETC_MATTER" : " ",
        "MNTN_NM" : "백마산",
        "PAST_SPOT_" : "21071612000010",
        "MNTN_ID" : "2107161200"
      },
      "geometry" : {
        "x" : 223858.38400000241,
        "y" : 531796.18909999914
      }
    },
    {
      "attributes" : {
        "FID" : 10,
        "PMNTN_SPOT" : 35286,
        "MNTN_CODE" : "416101601",
        "MANAGE_SP1" : "05",
        "MANAGE_SP2" : "벤치",
        "DETAIL_SPO" : "목벤치",
        "ETC_MATTER" : " ",
        "MNTN_NM" : "백마산",
        "PAST_SPOT_" : "21071612000011",
        "MNTN_ID" : "2107161200"
      },
      "geometry" : {
        "x" : 223918.34320000093,
        "y" : 531705.0728999991
      }
    },
    {
      "attributes" : {
        "FID" : 11,
        "PMNTN_SPOT" : 35287,
        "MNTN_CODE" : "416101601",
        "MANAGE_SP1" : "10",
        "MANAGE_SP2" : "이정표",
        "DETAIL_SPO" : "이정표",
        "ETC_MATTER" : " ",
        "MNTN_NM" : "백마산",
        "PAST_SPOT_" : "21071612000012",
        "MNTN_ID" : "2107161200"
      },
      "geometry" : {
        "x" : 223799.02639999893,
        "y" : 531100.04490000568
      }
    },
    {
      "attributes" : {
        "FID" : 12,
        "PMNTN_SPOT" : 35288,
        "MNTN_CODE" : "416101601",
        "MANAGE_SP1" : "05",
        "MANAGE_SP2" : "벤치",
        "DETAIL_SPO" : "목벤치",
        "ETC_MATTER" : " ",
        "MNTN_NM" : "백마산",
        "PAST_SPOT_" : "21071612000013",
        "MNTN_ID" : "2107161200"
      },
      "geometry" : {
        "x" : 223800.58249999955,
        "y" : 531097.89620000124
      }
    },
    {
      "attributes" : {
        "FID" : 13,
        "PMNTN_SPOT" : 35289,
        "MNTN_CODE" : "416101601",
        "MANAGE_SP1" : "99",
        "MANAGE_SP2" : "기타",
        "DETAIL_SPO" : "묘지",
        "ETC_MATTER" : " ",
        "MNTN_NM" : "백마산",
        "PAST_SPOT_" : "21071612000014",
        "MNTN_ID" : "2107161200"
      },
      "geometry" : {
        "x" : 223859.93690000102,
        "y" : 531024.75779999979
      }
    },
    {
      "attributes" : {
        "FID" : 14,
        "PMNTN_SPOT" : 35290,
        "MNTN_CODE" : "416101601",
        "MANAGE_SP1" : "05",
        "MANAGE_SP2" : "벤치",
        "DETAIL_SPO" : "목벤치",
        "ETC_MATTER" : " ",
        "MNTN_NM" : "백마산",
        "PAST_SPOT_" : "21071612000015",
        "MNTN_ID" : "2107161200"
      },
      "geometry" : {
        "x" : 223892.95029999968,
        "y" : 530951.9888000004
      }
    },
    {
      "attributes" : {
        "FID" : 15,
        "PMNTN_SPOT" : 35291,
        "MNTN_CODE" : "416101601",
        "MANAGE_SP1" : "07",
        "MANAGE_SP2" : "시설물(운동기구 등)",
        "DETAIL_SPO" : "운동기구",
        "ETC_MATTER" : " ",
        "MNTN_NM" : "백마산",
        "PAST_SPOT_" : "21071612000016",
        "MNTN_ID" : "2107161200"
      },
      "geometry" : {
        "x" : 223896.76499999966,
        "y" : 530943.60909999907
      }
    },
    {
      "attributes" : {
        "FID" : 16,
        "PMNTN_SPOT" : 35292,
        "MNTN_CODE" : "416101601",
        "MANAGE_SP1" : "10",
        "MANAGE_SP2" : "이정표",
        "DETAIL_SPO" : "이정표",
        "ETC_MATTER" : " ",
        "MNTN_NM" : "백마산",
        "PAST_SPOT_" : "21071612000017",
        "MNTN_ID" : "2107161200"
      },
      "geometry" : {
        "x" : 223898.66310000233,
        "y" : 530939.56350000016
      }
    },
    {
      "attributes" : {
        "FID" : 17,
        "PMNTN_SPOT" : 35293,
        "MNTN_CODE" : "416101601",
        "MANAGE_SP1" : "05",
        "MANAGE_SP2" : "벤치",
        "DETAIL_SPO" : "목벤치",
        "ETC_MATTER" : " ",
        "MNTN_NM" : "백마산",
        "PAST_SPOT_" : "21071612000018",
        "MNTN_ID" : "2107161200"
      },
      "geometry" : {
        "x" : 224025.9505000012,
        "y" : 530743.83520000242
      }
    },
    {
      "attributes" : {
        "FID" : 18,
        "PMNTN_SPOT" : 35294,
        "MNTN_CODE" : "416101601",
        "MANAGE_SP1" : "10",
        "MANAGE_SP2" : "이정표",
        "DETAIL_SPO" : "이정표",
        "ETC_MATTER" : " ",
        "MNTN_NM" : "백마산",
        "PAST_SPOT_" : "21071612000019",
        "MNTN_ID" : "2107161200"
      },
      "geometry" : {
        "x" : 224100.65270000231,
        "y" : 530654.48279999942
      }
    },
    {
      "attributes" : {
        "FID" : 19,
        "PMNTN_SPOT" : 35295,
        "MNTN_CODE" : "416101601",
        "MANAGE_SP1" : "10",
        "MANAGE_SP2" : "이정표",
        "DETAIL_SPO" : "이정표",
        "ETC_MATTER" : " ",
        "MNTN_NM" : "백마산",
        "PAST_SPOT_" : "21071612000020",
        "MNTN_ID" : "2107161200"
      },
      "geometry" : {
        "x" : 224215.44070000015,
        "y" : 530649.85170000046
      }
    },
    {
      "attributes" : {
        "FID" : 20,
        "PMNTN_SPOT" : 35296,
        "MNTN_CODE" : "416101601",
        "MANAGE_SP1" : "99",
        "MANAGE_SP2" : "기타",
        "DETAIL_SPO" : "돌탑",
        "ETC_MATTER" : " ",
        "MNTN_NM" : "백마산",
        "PAST_SPOT_" : "21071612000021",
        "MNTN_ID" : "2107161200"
      },
      "geometry" : {
        "x" : 224219.62440000102,
        "y" : 530642.66070000455
      }
    },
    {
      "attributes" : {
        "FID" : 21,
        "PMNTN_SPOT" : 35297,
        "MNTN_CODE" : "416101601",
        "MANAGE_SP1" : "99",
        "MANAGE_SP2" : "기타",
        "DETAIL_SPO" : "목계단 시작",
        "ETC_MATTER" : " ",
        "MNTN_NM" : "백마산",
        "PAST_SPOT_" : "21071612000022",
        "MNTN_ID" : "2107161200"
      },
      "geometry" : {
        "x" : 224255.477400003,
        "y" : 530628.01400000043
      }
    },
    {
      "attributes" : {
        "FID" : 22,
        "PMNTN_SPOT" : 35298,
        "MNTN_CODE" : "416101601",
        "MANAGE_SP1" : "99",
        "MANAGE_SP2" : "기타",
        "DETAIL_SPO" : "목계단 끝",
        "ETC_MATTER" : " ",
        "MNTN_NM" : "백마산",
        "PAST_SPOT_" : "21071612000023",
        "MNTN_ID" : "2107161200"
      },
      "geometry" : {
        "x" : 224297.10510000121,
        "y" : 530598.21230000071
      }
    },
    {
      "attributes" : {
        "FID" : 23,
        "PMNTN_SPOT" : 35299,
        "MNTN_CODE" : "416101601",
        "MANAGE_SP1" : "99",
        "MANAGE_SP2" : "기타",
        "DETAIL_SPO" : "로프 시작",
        "ETC_MATTER" : " ",
        "MNTN_NM" : "백마산",
        "PAST_SPOT_" : "21071612000024",
        "MNTN_ID" : "2107161200"
      },
      "geometry" : {
        "x" : 224297.99289999995,
        "y" : 530597.50449999794
      }
    },
    {
      "attributes" : {
        "FID" : 24,
        "PMNTN_SPOT" : 35300,
        "MNTN_CODE" : "416101601",
        "MANAGE_SP1" : "99",
        "MANAGE_SP2" : "기타",
        "DETAIL_SPO" : "로프 끝",
        "ETC_MATTER" : " ",
        "MNTN_NM" : "백마산",
        "PAST_SPOT_" : "21071612000025",
        "MNTN_ID" : "2107161200"
      },
      "geometry" : {
        "x" : 224327.46880000178,
        "y" : 530588.96610000171
      }
    },
    {
      "attributes" : {
        "FID" : 25,
        "PMNTN_SPOT" : 35301,
        "MNTN_CODE" : "416101601",
        "MANAGE_SP1" : "99",
        "MANAGE_SP2" : "기타",
        "DETAIL_SPO" : "암석구간",
        "ETC_MATTER" : " ",
        "MNTN_NM" : "백마산",
        "PAST_SPOT_" : "21071612000026",
        "MNTN_ID" : "2107161200"
      },
      "geometry" : {
        "x" : 224330.16520000063,
        "y" : 530587.66430000402
      }
    },
    {
      "attributes" : {
        "FID" : 26,
        "PMNTN_SPOT" : 35302,
        "MNTN_CODE" : "416101601",
        "MANAGE_SP1" : "99",
        "MANAGE_SP2" : "기타",
        "DETAIL_SPO" : "목계단 시작",
        "ETC_MATTER" : " ",
        "MNTN_NM" : "백마산",
        "PAST_SPOT_" : "21071612000027",
        "MNTN_ID" : "2107161200"
      },
      "geometry" : {
        "x" : 224343.00380000006,
        "y" : 530580.14330000244
      }
    },
    {
      "attributes" : {
        "FID" : 27,
        "PMNTN_SPOT" : 35303,
        "MNTN_CODE" : "416101601",
        "MANAGE_SP1" : "99",
        "MANAGE_SP2" : "기타",
        "DETAIL_SPO" : "목계단 끝",
        "ETC_MATTER" : " ",
        "MNTN_NM" : "백마산",
        "PAST_SPOT_" : "21071612000028",
        "MNTN_ID" : "2107161200"
      },
      "geometry" : {
        "x" : 224425.20540000405,
        "y" : 530533.12370000035
      }
    },
    {
      "attributes" : {
        "FID" : 28,
        "PMNTN_SPOT" : 35304,
        "MNTN_CODE" : "416101601",
        "MANAGE_SP1" : "99",
        "MANAGE_SP2" : "기타",
        "DETAIL_SPO" : "목계단 시작",
        "ETC_MATTER" : " ",
        "MNTN_NM" : "백마산",
        "PAST_SPOT_" : "21071612000029",
        "MNTN_ID" : "2107161200"
      },
      "geometry" : {
        "x" : 224436.47790000122,
        "y" : 530525.0877000019
      }
    },
    {
      "attributes" : {
        "FID" : 29,
        "PMNTN_SPOT" : 35305,
        "MNTN_CODE" : "416101601",
        "MANAGE_SP1" : "99",
        "MANAGE_SP2" : "기타",
        "DETAIL_SPO" : "목계단 끝",
        "ETC_MATTER" : " ",
        "MNTN_NM" : "백마산",
        "PAST_SPOT_" : "21071612000030",
        "MNTN_ID" : "2107161200"
      },
      "geometry" : {
        "x" : 224463.47500000056,
        "y" : 530507.08650000021
      }
    },
    {
      "attributes" : {
        "FID" : 30,
        "PMNTN_SPOT" : 35306,
        "MNTN_CODE" : "416101601",
        "MANAGE_SP1" : "99",
        "MANAGE_SP2" : "기타",
        "DETAIL_SPO" : "목계단",
        "ETC_MATTER" : " ",
        "MNTN_NM" : "백마산",
        "PAST_SPOT_" : "21071612000031",
        "MNTN_ID" : "2107161200"
      },
      "geometry" : {
        "x" : 224521.30449999962,
        "y" : 530471.27320000157
      }
    },
    {
      "attributes" : {
        "FID" : 31,
        "PMNTN_SPOT" : 35307,
        "MNTN_CODE" : "416101601",
        "MANAGE_SP1" : "05",
        "MANAGE_SP2" : "벤치",
        "DETAIL_SPO" : "목벤치",
        "ETC_MATTER" : " ",
        "MNTN_NM" : "백마산",
        "PAST_SPOT_" : "21071612000032",
        "MNTN_ID" : "2107161200"
      },
      "geometry" : {
        "x" : 224634.85610000044,
        "y" : 530436.11180000007
      }
    },
    {
      "attributes" : {
        "FID" : 32,
        "PMNTN_SPOT" : 35308,
        "MNTN_CODE" : "416101601",
        "MANAGE_SP1" : "10",
        "MANAGE_SP2" : "이정표",
        "DETAIL_SPO" : "이정표",
        "ETC_MATTER" : " ",
        "MNTN_NM" : "백마산",
        "PAST_SPOT_" : "21071612000033",
        "MNTN_ID" : "2107161200"
      },
      "geometry" : {
        "x" : 224648.59360000305,
        "y" : 530436.39620000124
      }
    },
    {
      "attributes" : {
        "FID" : 33,
        "PMNTN_SPOT" : 35309,
        "MNTN_CODE" : "416101601",
        "MANAGE_SP1" : "11",
        "MANAGE_SP2" : "안내판또는지도",
        "DETAIL_SPO" : "안내판",
        "ETC_MATTER" : " ",
        "MNTN_NM" : "백마산",
        "PAST_SPOT_" : "21071612000034",
        "MNTN_ID" : "2107161200"
      },
      "geometry" : {
        "x" : 224655.63999999873,
        "y" : 530428.80320000276
      }
    },
    {
      "attributes" : {
        "FID" : 34,
        "PMNTN_SPOT" : 35310,
        "MNTN_CODE" : "416101601",
        "MANAGE_SP1" : "22",
        "MANAGE_SP2" : "헬기장",
        "DETAIL_SPO" : "헬기장",
        "ETC_MATTER" : " ",
        "MNTN_NM" : "백마산",
        "PAST_SPOT_" : "21071612000035",
        "MNTN_ID" : "2107161200"
      },
      "geometry" : {
        "x" : 224658.00440000277,
        "y" : 530422.95009999909
      }
    },
    {
      "attributes" : {
        "FID" : 35,
        "PMNTN_SPOT" : 35311,
        "MNTN_CODE" : "416101601",
        "MANAGE_SP1" : "11",
        "MANAGE_SP2" : "안내판또는지도",
        "DETAIL_SPO" : "안내판",
        "ETC_MATTER" : " ",
        "MNTN_NM" : "백마산",
        "PAST_SPOT_" : "21071612000036",
        "MNTN_ID" : "2107161200"
      },
      "geometry" : {
        "x" : 224672.50170000084,
        "y" : 530420.87280000374
      }
    },
    {
      "attributes" : {
        "FID" : 36,
        "PMNTN_SPOT" : 35312,
        "MNTN_CODE" : "416101601",
        "MANAGE_SP1" : "10",
        "MANAGE_SP2" : "이정표",
        "DETAIL_SPO" : "이정표",
        "ETC_MATTER" : " ",
        "MNTN_NM" : "백마산",
        "PAST_SPOT_" : "21071612000037",
        "MNTN_ID" : "2107161200"
      },
      "geometry" : {
        "x" : 224671.06010000035,
        "y" : 530411.05729999952
      }
    },
    {
      "attributes" : {
        "FID" : 37,
        "PMNTN_SPOT" : 35313,
        "MNTN_CODE" : "416101601",
        "MANAGE_SP1" : "14",
        "MANAGE_SP2" : "조망점",
        "DETAIL_SPO" : "조망점",
        "ETC_MATTER" : " ",
        "MNTN_NM" : "백마산",
        "PAST_SPOT_" : "21071612000038",
        "MNTN_ID" : "2107161200"
      },
      "geometry" : {
        "x" : 224669.08480000123,
        "y" : 530411.0848000031
      }
    },
    {
      "attributes" : {
        "FID" : 38,
        "PMNTN_SPOT" : 35314,
        "MNTN_CODE" : "416101601",
        "MANAGE_SP1" : "22",
        "MANAGE_SP2" : "헬기장",
        "DETAIL_SPO" : "헬기장",
        "ETC_MATTER" : " ",
        "MNTN_NM" : "백마산",
        "PAST_SPOT_" : "21071612000039",
        "MNTN_ID" : "2107161200"
      },
      "geometry" : {
        "x" : 224593.15649999958,
        "y" : 530032.75300000422
      }
    },
    {
      "attributes" : {
        "FID" : 39,
        "PMNTN_SPOT" : 35315,
        "MNTN_CODE" : "416101601",
        "MANAGE_SP1" : "23",
        "MANAGE_SP2" : "정상",
        "DETAIL_SPO" : "백마산,정상석",
        "ETC_MATTER" : " ",
        "MNTN_NM" : "백마산",
        "PAST_SPOT_" : "21071612000040",
        "MNTN_ID" : "2107161200"
      },
      "geometry" : {
        "x" : 224582.41075931117,
        "y" : 529939.17093530856
      }
    },
    {
      "attributes" : {
        "FID" : 40,
        "PMNTN_SPOT" : 35316,
        "MNTN_CODE" : "416101601",
        "MANAGE_SP1" : "10",
        "MANAGE_SP2" : "이정표",
        "DETAIL_SPO" : "이정표",
        "ETC_MATTER" : " ",
        "MNTN_NM" : "백마산",
        "PAST_SPOT_" : "21071612000041",
        "MNTN_ID" : "2107161200"
      },
      "geometry" : {
        "x" : 224581.82610000297,
        "y" : 529930.10160000063
      }
    },
    {
      "attributes" : {
        "FID" : 41,
        "PMNTN_SPOT" : 35317,
        "MNTN_CODE" : "416101601",
        "MANAGE_SP1" : "11",
        "MANAGE_SP2" : "안내판또는지도",
        "DETAIL_SPO" : "안내판",
        "ETC_MATTER" : " ",
        "MNTN_NM" : "백마산",
        "PAST_SPOT_" : "21071612000042",
        "MNTN_ID" : "2107161200"
      },
      "geometry" : {
        "x" : 224572.38850000128,
        "y" : 529825.28050000034
      }
    },
    {
      "attributes" : {
        "FID" : 42,
        "PMNTN_SPOT" : 35318,
        "MNTN_CODE" : "416101601",
        "MANAGE_SP1" : "14",
        "MANAGE_SP2" : "조망점",
        "DETAIL_SPO" : "조망점",
        "ETC_MATTER" : " ",
        "MNTN_NM" : "백마산",
        "PAST_SPOT_" : "21071612000043",
        "MNTN_ID" : "2107161200"
      },
      "geometry" : {
        "x" : 224585.24220000394,
        "y" : 529707.07300000079
      }
    },
    {
      "attributes" : {
        "FID" : 43,
        "PMNTN_SPOT" : 35319,
        "MNTN_CODE" : "416101601",
        "MANAGE_SP1" : "11",
        "MANAGE_SP2" : "안내판또는지도",
        "DETAIL_SPO" : "안내판",
        "ETC_MATTER" : " ",
        "MNTN_NM" : "백마산",
        "PAST_SPOT_" : "21071612000044",
        "MNTN_ID" : "2107161200"
      },
      "geometry" : {
        "x" : 224622.57590000052,
        "y" : 529560.4803000018
      }
    },
    {
      "attributes" : {
        "FID" : 44,
        "PMNTN_SPOT" : 35320,
        "MNTN_CODE" : "416101601",
        "MANAGE_SP1" : "10",
        "MANAGE_SP2" : "이정표",
        "DETAIL_SPO" : "이정표",
        "ETC_MATTER" : " ",
        "MNTN_NM" : "백마산",
        "PAST_SPOT_" : "21071612000045",
        "MNTN_ID" : "2107161200"
      },
      "geometry" : {
        "x" : 224624.55360000208,
        "y" : 529547.61160000041
      }
    },
    {
      "attributes" : {
        "FID" : 45,
        "PMNTN_SPOT" : 35321,
        "MNTN_CODE" : "416101601",
        "MANAGE_SP1" : "99",
        "MANAGE_SP2" : "기타",
        "DETAIL_SPO" : "안전로프",
        "ETC_MATTER" : " ",
        "MNTN_NM" : "백마산",
        "PAST_SPOT_" : "21071612000046",
        "MNTN_ID" : "2107161200"
      },
      "geometry" : {
        "x" : 224742.31130000204,
        "y" : 529246.61790000275
      }
    },
    {
      "attributes" : {
        "FID" : 46,
        "PMNTN_SPOT" : 35322,
        "MNTN_CODE" : "416101601",
        "MANAGE_SP1" : "99",
        "MANAGE_SP2" : "기타",
        "DETAIL_SPO" : "안전로프",
        "ETC_MATTER" : " ",
        "MNTN_NM" : "백마산",
        "PAST_SPOT_" : "21071612000047",
        "MNTN_ID" : "2107161200"
      },
      "geometry" : {
        "x" : 224754.20529999956,
        "y" : 529196.67570000142
      }
    },
    {
      "attributes" : {
        "FID" : 47,
        "PMNTN_SPOT" : 35323,
        "MNTN_CODE" : "416101601",
        "MANAGE_SP1" : "99",
        "MANAGE_SP2" : "기타",
        "DETAIL_SPO" : "안전로프",
        "ETC_MATTER" : " ",
        "MNTN_NM" : "백마산",
        "PAST_SPOT_" : "21071612000048",
        "MNTN_ID" : "2107161200"
      },
      "geometry" : {
        "x" : 224782.90060000122,
        "y" : 529121.17850000039
      }
    },
    {
      "attributes" : {
        "FID" : 48,
        "PMNTN_SPOT" : 35324,
        "MNTN_CODE" : "416101601",
        "MANAGE_SP1" : "99",
        "MANAGE_SP2" : "기타",
        "DETAIL_SPO" : "암석구간",
        "ETC_MATTER" : " ",
        "MNTN_NM" : "백마산",
        "PAST_SPOT_" : "21071612000049",
        "MNTN_ID" : "2107161200"
      },
      "geometry" : {
        "x" : 224783.25980000012,
        "y" : 529107.51710000448
      }
    },
    {
      "attributes" : {
        "FID" : 49,
        "PMNTN_SPOT" : 35325,
        "MNTN_CODE" : "416101601",
        "MANAGE_SP1" : "99",
        "MANAGE_SP2" : "기타",
        "DETAIL_SPO" : "안전로프",
        "ETC_MATTER" : " ",
        "MNTN_NM" : "백마산",
        "PAST_SPOT_" : "21071612000050",
        "MNTN_ID" : "2107161200"
      },
      "geometry" : {
        "x" : 224711.12819999922,
        "y" : 528914.97639999911
      }
    },
    {
      "attributes" : {
        "FID" : 50,
        "PMNTN_SPOT" : 35326,
        "MNTN_CODE" : "416101601",
        "MANAGE_SP1" : "99",
        "MANAGE_SP2" : "기타",
        "DETAIL_SPO" : "암석구간",
        "ETC_MATTER" : " ",
        "MNTN_NM" : "백마산",
        "PAST_SPOT_" : "21071612000051",
        "MNTN_ID" : "2107161200"
      },
      "geometry" : {
        "x" : 224713.31620000117,
        "y" : 528909.01170000061
      }
    },
    {
      "attributes" : {
        "FID" : 51,
        "PMNTN_SPOT" : 35327,
        "MNTN_CODE" : "416101601",
        "MANAGE_SP1" : "99",
        "MANAGE_SP2" : "기타",
        "DETAIL_SPO" : "삼각점",
        "ETC_MATTER" : " ",
        "MNTN_NM" : "백마산",
        "PAST_SPOT_" : "21071612000052",
        "MNTN_ID" : "2107161200"
      },
      "geometry" : {
        "x" : 224695.17290000059,
        "y" : 528857.56060000136
      }
    },
    {
      "attributes" : {
        "FID" : 52,
        "PMNTN_SPOT" : 35328,
        "MNTN_CODE" : "416101601",
        "MANAGE_SP1" : "99",
        "MANAGE_SP2" : "기타",
        "DETAIL_SPO" : "군 진지",
        "ETC_MATTER" : " ",
        "MNTN_NM" : "백마산",
        "PAST_SPOT_" : "21071612000053",
        "MNTN_ID" : "2107161200"
      },
      "geometry" : {
        "x" : 223663.2181000011,
        "y" : 532236.79870000295
      }
    },
    {
      "attributes" : {
        "FID" : 53,
        "PMNTN_SPOT" : 35329,
        "MNTN_CODE" : "416101601",
        "MANAGE_SP1" : "99",
        "MANAGE_SP2" : "기타",
        "DETAIL_SPO" : "군 진지",
        "ETC_MATTER" : " ",
        "MNTN_NM" : "백마산",
        "PAST_SPOT_" : "21071612000054",
        "MNTN_ID" : "2107161200"
      },
      "geometry" : {
        "x" : 223697.33980000112,
        "y" : 532249.20340000279
      }
    },
    {
      "attributes" : {
        "FID" : 54,
        "PMNTN_SPOT" : 35330,
        "MNTN_CODE" : "416101601",
        "MANAGE_SP1" : "07",
        "MANAGE_SP2" : "시설물(운동기구 등)",
        "DETAIL_SPO" : "운동기구",
        "ETC_MATTER" : " ",
        "MNTN_NM" : "백마산",
        "PAST_SPOT_" : "21071612000055",
        "MNTN_ID" : "2107161200"
      },
      "geometry" : {
        "x" : 224214.64120000228,
        "y" : 530656.80829999968
      }
    },
    {
      "attributes" : {
        "FID" : 55,
        "PMNTN_SPOT" : 35331,
        "MNTN_CODE" : "416101601",
        "MANAGE_SP1" : "05",
        "MANAGE_SP2" : "벤치",
        "DETAIL_SPO" : "목 벤치",
        "ETC_MATTER" : " ",
        "MNTN_NM" : "백마산",
        "PAST_SPOT_" : "21071612000056",
        "MNTN_ID" : "2107161200"
      },
      "geometry" : {
        "x" : 224213.74540000316,
        "y" : 530660.32400000095
      }
    },
    {
      "attributes" : {
        "FID" : 56,
        "PMNTN_SPOT" : 35332,
        "MNTN_CODE" : "416101601",
        "MANAGE_SP1" : "10",
        "MANAGE_SP2" : "이정표",
        "DETAIL_SPO" : "이정표",
        "ETC_MATTER" : " ",
        "MNTN_NM" : "백마산",
        "PAST_SPOT_" : "21071612000057",
        "MNTN_ID" : "2107161200"
      },
      "geometry" : {
        "x" : 224691.24170000013,
        "y" : 530801.65670000017
      }
    },
    {
      "attributes" : {
        "FID" : 57,
        "PMNTN_SPOT" : 35333,
        "MNTN_CODE" : "416101601",
        "MANAGE_SP1" : "22",
        "MANAGE_SP2" : "헬기장",
        "DETAIL_SPO" : "헬기장",
        "ETC_MATTER" : " ",
        "MNTN_NM" : "백마산",
        "PAST_SPOT_" : "21071612000058",
        "MNTN_ID" : "2107161200"
      },
      "geometry" : {
        "x" : 224667.45360000059,
        "y" : 530583.55340000615
      }
    },
    {
      "attributes" : {
        "FID" : 58,
        "PMNTN_SPOT" : 35334,
        "MNTN_CODE" : "416101601",
        "MANAGE_SP1" : "05",
        "MANAGE_SP2" : "벤치",
        "DETAIL_SPO" : "목 벤치",
        "ETC_MATTER" : " ",
        "MNTN_NM" : "백마산",
        "PAST_SPOT_" : "21071612000059",
        "MNTN_ID" : "2107161200"
      },
      "geometry" : {
        "x" : 224657.10560000036,
        "y" : 530551.17039999925
      }
    },
    {
      "attributes" : {
        "FID" : 59,
        "PMNTN_SPOT" : 35335,
        "MNTN_CODE" : "416101601",
        "MANAGE_SP1" : "99",
        "MANAGE_SP2" : "기타",
        "DETAIL_SPO" : "목계단",
        "ETC_MATTER" : " ",
        "MNTN_NM" : "백마산",
        "PAST_SPOT_" : "21071612000060",
        "MNTN_ID" : "2107161200"
      },
      "geometry" : {
        "x" : 224650.01040000189,
        "y" : 530475.76740000024
      }
    },
    {
      "attributes" : {
        "FID" : 60,
        "PMNTN_SPOT" : 35336,
        "MNTN_CODE" : "416101601",
        "MANAGE_SP1" : "99",
        "MANAGE_SP2" : "기타",
        "DETAIL_SPO" : "로프 시작",
        "ETC_MATTER" : " ",
        "MNTN_NM" : "백마산",
        "PAST_SPOT_" : "21071612000061",
        "MNTN_ID" : "2107161200"
      },
      "geometry" : {
        "x" : 224697.75230000261,
        "y" : 530804.48379999958
      }
    },
    {
      "attributes" : {
        "FID" : 61,
        "PMNTN_SPOT" : 35337,
        "MNTN_CODE" : "416101601",
        "MANAGE_SP1" : "99",
        "MANAGE_SP2" : "기타",
        "DETAIL_SPO" : "로프 끝",
        "ETC_MATTER" : " ",
        "MNTN_NM" : "백마산",
        "PAST_SPOT_" : "21071612000062",
        "MNTN_ID" : "2107161200"
      },
      "geometry" : {
        "x" : 224840.96680000331,
        "y" : 530876.01519999839
      }
    },
    {
      "attributes" : {
        "FID" : 62,
        "PMNTN_SPOT" : 35338,
        "MNTN_CODE" : "416101601",
        "MANAGE_SP1" : "03",
        "MANAGE_SP2" : "정자",
        "DETAIL_SPO" : "정자",
        "ETC_MATTER" : " ",
        "MNTN_NM" : "백마산",
        "PAST_SPOT_" : "21071612000063",
        "MNTN_ID" : "2107161200"
      },
      "geometry" : {
        "x" : 224931.7583000008,
        "y" : 530925.05170000345
      }
    },
    {
      "attributes" : {
        "FID" : 63,
        "PMNTN_SPOT" : 35339,
        "MNTN_CODE" : "416101601",
        "MANAGE_SP1" : "05",
        "MANAGE_SP2" : "벤치",
        "DETAIL_SPO" : "목 벤치",
        "ETC_MATTER" : " ",
        "MNTN_NM" : "백마산",
        "PAST_SPOT_" : "21071612000064",
        "MNTN_ID" : "2107161200"
      },
      "geometry" : {
        "x" : 224933.6118999999,
        "y" : 530927.19930000231
      }
    },
    {
      "attributes" : {
        "FID" : 64,
        "PMNTN_SPOT" : 35340,
        "MNTN_CODE" : "416101601",
        "MANAGE_SP1" : "07",
        "MANAGE_SP2" : "시설물(운동기구 등)",
        "DETAIL_SPO" : "운동기구",
        "ETC_MATTER" : " ",
        "MNTN_NM" : "백마산",
        "PAST_SPOT_" : "21071612000065",
        "MNTN_ID" : "2107161200"
      },
      "geometry" : {
        "x" : 224935.03490000218,
        "y" : 530928.2135000024
      }
    },
    {
      "attributes" : {
        "FID" : 65,
        "PMNTN_SPOT" : 35341,
        "MNTN_CODE" : "416101601",
        "MANAGE_SP1" : "06",
        "MANAGE_SP2" : "음수대",
        "DETAIL_SPO" : "약수터",
        "ETC_MATTER" : " ",
        "MNTN_NM" : "백마산",
        "PAST_SPOT_" : "21071612000066",
        "MNTN_ID" : "2107161200"
      },
      "geometry" : {
        "x" : 224935.83250000048,
        "y" : 530928.04940000176
      }
    },
    {
      "attributes" : {
        "FID" : 66,
        "PMNTN_SPOT" : 35342,
        "MNTN_CODE" : "416101601",
        "MANAGE_SP1" : "99",
        "MANAGE_SP2" : "기타",
        "DETAIL_SPO" : "돌탑",
        "ETC_MATTER" : " ",
        "MNTN_NM" : "백마산",
        "PAST_SPOT_" : "21071612000067",
        "MNTN_ID" : "2107161200"
      },
      "geometry" : {
        "x" : 225028.58690000232,
        "y" : 530936.23850000091
      }
    },
    {
      "attributes" : {
        "FID" : 67,
        "PMNTN_SPOT" : 35343,
        "MNTN_CODE" : "416101601",
        "MANAGE_SP1" : "10",
        "MANAGE_SP2" : "이정표",
        "DETAIL_SPO" : "이정표",
        "ETC_MATTER" : " ",
        "MNTN_NM" : "백마산",
        "PAST_SPOT_" : "21071612000068",
        "MNTN_ID" : "2107161200"
      },
      "geometry" : {
        "x" : 225028.73260000069,
        "y" : 530937.87050000019
      }
    },
    {
      "attributes" : {
        "FID" : 68,
        "PMNTN_SPOT" : 35344,
        "MNTN_CODE" : "416101601",
        "MANAGE_SP1" : "05",
        "MANAGE_SP2" : "벤치",
        "DETAIL_SPO" : "목 벤치",
        "ETC_MATTER" : " ",
        "MNTN_NM" : "백마산",
        "PAST_SPOT_" : "21071612000069",
        "MNTN_ID" : "2107161200"
      },
      "geometry" : {
        "x" : 225217.36240000185,
        "y" : 531115.18110000342
      }
    },
    {
      "attributes" : {
        "FID" : 69,
        "PMNTN_SPOT" : 35345,
        "MNTN_CODE" : "416101601",
        "MANAGE_SP1" : "05",
        "MANAGE_SP2" : "벤치",
        "DETAIL_SPO" : "목 벤치",
        "ETC_MATTER" : " ",
        "MNTN_NM" : "백마산",
        "PAST_SPOT_" : "21071612000070",
        "MNTN_ID" : "2107161200"
      },
      "geometry" : {
        "x" : 225398.41860000137,
        "y" : 531228.68909999914
      }
    },
    {
      "attributes" : {
        "FID" : 70,
        "PMNTN_SPOT" : 35346,
        "MNTN_CODE" : "416101601",
        "MANAGE_SP1" : "11",
        "MANAGE_SP2" : "안내판또는지도",
        "DETAIL_SPO" : "안내판",
        "ETC_MATTER" : " ",
        "MNTN_NM" : "백마산",
        "PAST_SPOT_" : "21071612000071",
        "MNTN_ID" : "2107161200"
      },
      "geometry" : {
        "x" : 225501.02120000031,
        "y" : 530194.10330000147
      }
    },
    {
      "attributes" : {
        "FID" : 71,
        "PMNTN_SPOT" : 35347,
        "MNTN_CODE" : "416101601",
        "MANAGE_SP1" : "99",
        "MANAGE_SP2" : "기타",
        "DETAIL_SPO" : "암석",
        "ETC_MATTER" : " ",
        "MNTN_NM" : "백마산",
        "PAST_SPOT_" : "21071612000072",
        "MNTN_ID" : "2107161200"
      },
      "geometry" : {
        "x" : 225377.03780000098,
        "y" : 530152.66290000081
      }
    },
    {
      "attributes" : {
        "FID" : 72,
        "PMNTN_SPOT" : 35348,
        "MNTN_CODE" : "416101601",
        "MANAGE_SP1" : "99",
        "MANAGE_SP2" : "기타",
        "DETAIL_SPO" : "사찰",
        "ETC_MATTER" : " ",
        "MNTN_NM" : "백마산",
        "PAST_SPOT_" : "21071612000073",
        "MNTN_ID" : "2107161200"
      },
      "geometry" : {
        "x" : 225219.3647000026,
        "y" : 529527.21130000055
      }
    },
    {
      "attributes" : {
        "FID" : 73,
        "PMNTN_SPOT" : 35349,
        "MNTN_CODE" : "416101601",
        "MANAGE_SP1" : "14",
        "MANAGE_SP2" : "조망점",
        "DETAIL_SPO" : "조망점",
        "ETC_MATTER" : " ",
        "MNTN_NM" : "백마산",
        "PAST_SPOT_" : "21071612000074",
        "MNTN_ID" : "2107161200"
      },
      "geometry" : {
        "x" : 225291.47780000325,
        "y" : 529520.08060000092
      }
    },
    {
      "attributes" : {
        "FID" : 74,
        "PMNTN_SPOT" : 35350,
        "MNTN_CODE" : "416101601",
        "MANAGE_SP1" : "99",
        "MANAGE_SP2" : "기타",
        "DETAIL_SPO" : "사찰",
        "ETC_MATTER" : " ",
        "MNTN_NM" : "백마산",
        "PAST_SPOT_" : "21071612000075",
        "MNTN_ID" : "2107161200"
      },
      "geometry" : {
        "x" : 223041.95180000085,
        "y" : 532294.91579999961
      }
    },
    {
      "attributes" : {
        "FID" : 75,
        "PMNTN_SPOT" : 35351,
        "MNTN_CODE" : "416101601",
        "MANAGE_SP1" : "99",
        "MANAGE_SP2" : "기타",
        "DETAIL_SPO" : "삼각점",
        "ETC_MATTER" : " ",
        "MNTN_NM" : "백마산",
        "PAST_SPOT_" : "21071612000076",
        "MNTN_ID" : "2107161200"
      },
      "geometry" : {
        "x" : 223526.78180000186,
        "y" : 532004.45300000161
      }
    },
    {
      "attributes" : {
        "FID" : 76,
        "PMNTN_SPOT" : 35352,
        "MNTN_CODE" : "416101601",
        "MANAGE_SP1" : "99",
        "MANAGE_SP2" : "기타",
        "DETAIL_SPO" : "묘지",
        "ETC_MATTER" : " ",
        "MNTN_NM" : "백마산",
        "PAST_SPOT_" : "21071612000077",
        "MNTN_ID" : "2107161200"
      },
      "geometry" : {
        "x" : 223404.75499999989,
        "y" : 531902.71460000053
      }
    },
    {
      "attributes" : {
        "FID" : 77,
        "PMNTN_SPOT" : 35353,
        "MNTN_CODE" : "416101601",
        "MANAGE_SP1" : "07",
        "MANAGE_SP2" : "시설물(운동기구 등)",
        "DETAIL_SPO" : "운동기구",
        "ETC_MATTER" : " ",
        "MNTN_NM" : "백마산",
        "PAST_SPOT_" : "21071612000078",
        "MNTN_ID" : "2107161200"
      },
      "geometry" : {
        "x" : 223410.69209999964,
        "y" : 531856.97130000032
      }
    },
    {
      "attributes" : {
        "FID" : 78,
        "PMNTN_SPOT" : 35354,
        "MNTN_CODE" : "416101601",
        "MANAGE_SP1" : "10",
        "MANAGE_SP2" : "이정표",
        "DETAIL_SPO" : "이정표",
        "ETC_MATTER" : " ",
        "MNTN_NM" : "백마산",
        "PAST_SPOT_" : "21071612000079",
        "MNTN_ID" : "2107161200"
      },
      "geometry" : {
        "x" : 223408.93420000002,
        "y" : 531852.16059999913
      }
    },
    {
      "attributes" : {
        "FID" : 79,
        "PMNTN_SPOT" : 35355,
        "MNTN_CODE" : "416101601",
        "MANAGE_SP1" : "06",
        "MANAGE_SP2" : "음수대",
        "DETAIL_SPO" : "약수터",
        "ETC_MATTER" : " ",
        "MNTN_NM" : "백마산",
        "PAST_SPOT_" : "21071612000080",
        "MNTN_ID" : "2107161200"
      },
      "geometry" : {
        "x" : 223229.20900000073,
        "y" : 531816.34580000117
      }
    },
    {
      "attributes" : {
        "FID" : 80,
        "PMNTN_SPOT" : 35356,
        "MNTN_CODE" : "416101601",
        "MANAGE_SP1" : "11",
        "MANAGE_SP2" : "안내판또는지도",
        "DETAIL_SPO" : "안내판",
        "ETC_MATTER" : " ",
        "MNTN_NM" : "백마산",
        "PAST_SPOT_" : "21071612000081",
        "MNTN_ID" : "2107161200"
      },
      "geometry" : {
        "x" : 222757.41949999984,
        "y" : 531382.27329999767
      }
    },
    {
      "attributes" : {
        "FID" : 81,
        "PMNTN_SPOT" : 35357,
        "MNTN_CODE" : "416101601",
        "MANAGE_SP1" : "07",
        "MANAGE_SP2" : "시설물(운동기구 등)",
        "DETAIL_SPO" : "운동기구,정사,벤치,약수터",
        "ETC_MATTER" : " ",
        "MNTN_NM" : "백마산",
        "PAST_SPOT_" : "21071612000082",
        "MNTN_ID" : "2107161200"
      },
      "geometry" : {
        "x" : 222754.71990000177,
        "y" : 531391.46680000052
      }
    },
    {
      "attributes" : {
        "FID" : 82,
        "PMNTN_SPOT" : 35358,
        "MNTN_CODE" : "416101601",
        "MANAGE_SP1" : "10",
        "MANAGE_SP2" : "이정표",
        "DETAIL_SPO" : "이정표",
        "ETC_MATTER" : " ",
        "MNTN_NM" : "백마산",
        "PAST_SPOT_" : "21071612000083",
        "MNTN_ID" : "2107161200"
      },
      "geometry" : {
        "x" : 222770.21210000012,
        "y" : 531387.50210000202
      }
    },
    {
      "attributes" : {
        "FID" : 83,
        "PMNTN_SPOT" : 35359,
        "MNTN_CODE" : "416101601",
        "MANAGE_SP1" : "10",
        "MANAGE_SP2" : "이정표",
        "DETAIL_SPO" : "이정표",
        "ETC_MATTER" : " ",
        "MNTN_NM" : "백마산",
        "PAST_SPOT_" : "21071612000084",
        "MNTN_ID" : "2107161200"
      },
      "geometry" : {
        "x" : 222860.71380000096,
        "y" : 531408.62440000102
      }
    },
    {
      "attributes" : {
        "FID" : 84,
        "PMNTN_SPOT" : 35360,
        "MNTN_CODE" : "416101601",
        "MANAGE_SP1" : "99",
        "MANAGE_SP2" : "기타",
        "DETAIL_SPO" : "묘지",
        "ETC_MATTER" : " ",
        "MNTN_NM" : "백마산",
        "PAST_SPOT_" : "21071612000085",
        "MNTN_ID" : "2107161200"
      },
      "geometry" : {
        "x" : 222853.55649999995,
        "y" : 531562.09950000606
      }
    },
    {
      "attributes" : {
        "FID" : 85,
        "PMNTN_SPOT" : 35361,
        "MNTN_CODE" : "416101601",
        "MANAGE_SP1" : "10",
        "MANAGE_SP2" : "이정표",
        "DETAIL_SPO" : "이정표",
        "ETC_MATTER" : " ",
        "MNTN_NM" : "백마산",
        "PAST_SPOT_" : "21071612000086",
        "MNTN_ID" : "2107161200"
      },
      "geometry" : {
        "x" : 222986.89969999995,
        "y" : 531685.02580000088
      }
    },
    {
      "attributes" : {
        "FID" : 86,
        "PMNTN_SPOT" : 35362,
        "MNTN_CODE" : "416101601",
        "MANAGE_SP1" : "99",
        "MANAGE_SP2" : "기타",
        "DETAIL_SPO" : "목계단 시작",
        "ETC_MATTER" : " ",
        "MNTN_NM" : "백마산",
        "PAST_SPOT_" : "21071612000087",
        "MNTN_ID" : "2107161200"
      },
      "geometry" : {
        "x" : 223242.59210000001,
        "y" : 531739.0139000006
      }
    },
    {
      "attributes" : {
        "FID" : 87,
        "PMNTN_SPOT" : 35363,
        "MNTN_CODE" : "416101601",
        "MANAGE_SP1" : "99",
        "MANAGE_SP2" : "기타",
        "DETAIL_SPO" : "목계단 끝",
        "ETC_MATTER" : " ",
        "MNTN_NM" : "백마산",
        "PAST_SPOT_" : "21071612000088",
        "MNTN_ID" : "2107161200"
      },
      "geometry" : {
        "x" : 223306.61420000251,
        "y" : 531767.72599999979
      }
    },
    {
      "attributes" : {
        "FID" : 88,
        "PMNTN_SPOT" : 35364,
        "MNTN_CODE" : "416101601",
        "MANAGE_SP1" : "99",
        "MANAGE_SP2" : "기타",
        "DETAIL_SPO" : "묘지",
        "ETC_MATTER" : " ",
        "MNTN_NM" : "백마산",
        "PAST_SPOT_" : "21071612000089",
        "MNTN_ID" : "2107161200"
      },
      "geometry" : {
        "x" : 223764.13219999894,
        "y" : 531675.44580000266
      }
    },
    {
      "attributes" : {
        "FID" : 89,
        "PMNTN_SPOT" : 35365,
        "MNTN_CODE" : "416101601",
        "MANAGE_SP1" : "99",
        "MANAGE_SP2" : "기타",
        "DETAIL_SPO" : "묘지",
        "ETC_MATTER" : " ",
        "MNTN_NM" : "백마산",
        "PAST_SPOT_" : "21071612000090",
        "MNTN_ID" : "2107161200"
      },
      "geometry" : {
        "x" : 223596.79900000151,
        "y" : 531663.30940000154
      }
    },
    {
      "attributes" : {
        "FID" : 90,
        "PMNTN_SPOT" : 35366,
        "MNTN_CODE" : "416101601",
        "MANAGE_SP1" : "14",
        "MANAGE_SP2" : "조망점",
        "DETAIL_SPO" : "조망점",
        "ETC_MATTER" : " ",
        "MNTN_NM" : "백마산",
        "PAST_SPOT_" : "21071612000091",
        "MNTN_ID" : "2107161200"
      },
      "geometry" : {
        "x" : 223413.45550000016,
        "y" : 531586.71509999968
      }
    },
    {
      "attributes" : {
        "FID" : 91,
        "PMNTN_SPOT" : 35367,
        "MNTN_CODE" : "416101601",
        "MANAGE_SP1" : "10",
        "MANAGE_SP2" : "이정표",
        "DETAIL_SPO" : "이정표",
        "ETC_MATTER" : " ",
        "MNTN_NM" : "백마산",
        "PAST_SPOT_" : "21071612000092",
        "MNTN_ID" : "2107161200"
      },
      "geometry" : {
        "x" : 223035.87740000151,
        "y" : 531458.08110000007
      }
    },
    {
      "attributes" : {
        "FID" : 92,
        "PMNTN_SPOT" : 35368,
        "MNTN_CODE" : "416101601",
        "MANAGE_SP1" : "07",
        "MANAGE_SP2" : "시설물(운동기구 등)",
        "DETAIL_SPO" : "운동기구",
        "ETC_MATTER" : " ",
        "MNTN_NM" : "백마산",
        "PAST_SPOT_" : "21071612000093",
        "MNTN_ID" : "2107161200"
      },
      "geometry" : {
        "x" : 223018.82620000094,
        "y" : 531439.49960000068
      }
    },
    {
      "attributes" : {
        "FID" : 93,
        "PMNTN_SPOT" : 35369,
        "MNTN_CODE" : "416101601",
        "MANAGE_SP1" : "99",
        "MANAGE_SP2" : "기타",
        "DETAIL_SPO" : "목 계단",
        "ETC_MATTER" : " ",
        "MNTN_NM" : "백마산",
        "PAST_SPOT_" : "21071612000094",
        "MNTN_ID" : "2107161200"
      },
      "geometry" : {
        "x" : 223051.29739999864,
        "y" : 530698.96380000189
      }
    },
    {
      "attributes" : {
        "FID" : 94,
        "PMNTN_SPOT" : 35370,
        "MNTN_CODE" : "416101601",
        "MANAGE_SP1" : "10",
        "MANAGE_SP2" : "이정표",
        "DETAIL_SPO" : "이정표",
        "ETC_MATTER" : " ",
        "MNTN_NM" : "백마산",
        "PAST_SPOT_" : "21071612000095",
        "MNTN_ID" : "2107161200"
      },
      "geometry" : {
        "x" : 223059.0644000005,
        "y" : 530495.86860000156
      }
    },
    {
      "attributes" : {
        "FID" : 95,
        "PMNTN_SPOT" : 35371,
        "MNTN_CODE" : "416101601",
        "MANAGE_SP1" : "14",
        "MANAGE_SP2" : "조망점",
        "DETAIL_SPO" : "조망점",
        "ETC_MATTER" : " ",
        "MNTN_NM" : "백마산",
        "PAST_SPOT_" : "21071612000096",
        "MNTN_ID" : "2107161200"
      },
      "geometry" : {
        "x" : 223585.18350000121,
        "y" : 530582.62160000205
      }
    },
    {
      "attributes" : {
        "FID" : 96,
        "PMNTN_SPOT" : 35372,
        "MNTN_CODE" : "416101601",
        "MANAGE_SP1" : "07",
        "MANAGE_SP2" : "시설물(운동기구 등)",
        "DETAIL_SPO" : "운동기구",
        "ETC_MATTER" : " ",
        "MNTN_NM" : "백마산",
        "PAST_SPOT_" : "21071612000097",
        "MNTN_ID" : "2107161200"
      },
      "geometry" : {
        "x" : 223609.22360000387,
        "y" : 530601.24600000307
      }
    },
    {
      "attributes" : {
        "FID" : 97,
        "PMNTN_SPOT" : 35373,
        "MNTN_CODE" : "416101601",
        "MANAGE_SP1" : "05",
        "MANAGE_SP2" : "벤치",
        "DETAIL_SPO" : "목 벤치",
        "ETC_MATTER" : " ",
        "MNTN_NM" : "백마산",
        "PAST_SPOT_" : "21071612000098",
        "MNTN_ID" : "2107161200"
      },
      "geometry" : {
        "x" : 223610.88530000206,
        "y" : 530602.49380000122
      }
    },
    {
      "attributes" : {
        "FID" : 98,
        "PMNTN_SPOT" : 35374,
        "MNTN_CODE" : "416101601",
        "MANAGE_SP1" : "05",
        "MANAGE_SP2" : "벤치",
        "DETAIL_SPO" : "목 벤치",
        "ETC_MATTER" : " ",
        "MNTN_NM" : "백마산",
        "PAST_SPOT_" : "21071612000099",
        "MNTN_ID" : "2107161200"
      },
      "geometry" : {
        "x" : 223667.61280000024,
        "y" : 530623.05269999988
      }
    },
    {
      "attributes" : {
        "FID" : 99,
        "PMNTN_SPOT" : 35375,
        "MNTN_CODE" : "416101601",
        "MANAGE_SP1" : "07",
        "MANAGE_SP2" : "시설물(운동기구 등)",
        "DETAIL_SPO" : "운동기구",
        "ETC_MATTER" : " ",
        "MNTN_NM" : "백마산",
        "PAST_SPOT_" : "21071612000100",
        "MNTN_ID" : "2107161200"
      },
      "geometry" : {
        "x" : 223671.34169999976,
        "y" : 530616.77019999921
      }
    },
    {
      "attributes" : {
        "FID" : 100,
        "PMNTN_SPOT" : 35376,
        "MNTN_CODE" : "416101601",
        "MANAGE_SP1" : "05",
        "MANAGE_SP2" : "벤치",
        "DETAIL_SPO" : "목 벤치",
        "ETC_MATTER" : " ",
        "MNTN_NM" : "백마산",
        "PAST_SPOT_" : "21071612000101",
        "MNTN_ID" : "2107161200"
      },
      "geometry" : {
        "x" : 223913.66720000375,
        "y" : 530622.03999999911
      }
    },
    {
      "attributes" : {
        "FID" : 101,
        "PMNTN_SPOT" : 35377,
        "MNTN_CODE" : "416101601",
        "MANAGE_SP1" : "10",
        "MANAGE_SP2" : "이정표",
        "DETAIL_SPO" : "이정표",
        "ETC_MATTER" : " ",
        "MNTN_NM" : "백마산",
        "PAST_SPOT_" : "21071612000102",
        "MNTN_ID" : "2107161200"
      },
      "geometry" : {
        "x" : 223983.63810000196,
        "y" : 530616.90090000257
      }
    },
    {
      "attributes" : {
        "FID" : 102,
        "PMNTN_SPOT" : 35378,
        "MNTN_CODE" : "416101601",
        "MANAGE_SP1" : "99",
        "MANAGE_SP2" : "기타",
        "DETAIL_SPO" : "사찰 극락사",
        "ETC_MATTER" : " ",
        "MNTN_NM" : "백마산",
        "PAST_SPOT_" : "21071612000103",
        "MNTN_ID" : "2107161200"
      },
      "geometry" : {
        "x" : 224064.23110000324,
        "y" : 530456.44490000233
      }
    },
    {
      "attributes" : {
        "FID" : 103,
        "PMNTN_SPOT" : 35379,
        "MNTN_CODE" : "416101601",
        "MANAGE_SP1" : "01",
        "MANAGE_SP2" : "시종점",
        "DETAIL_SPO" : "시종점",
        "ETC_MATTER" : "양벌3리 노인회관",
        "MNTN_NM" : "백마산",
        "PAST_SPOT_" : "21071612000104",
        "MNTN_ID" : "2107161200"
      },
      "geometry" : {
        "x" : 222564.8367999997,
        "y" : 531786.07840000093
      }
    },
    {
      "attributes" : {
        "FID" : 104,
        "PMNTN_SPOT" : 35380,
        "MNTN_CODE" : "416101601",
        "MANAGE_SP1" : "01",
        "MANAGE_SP2" : "시종점",
        "DETAIL_SPO" : "시종점",
        "ETC_MATTER" : "양벌리 쌍용1차 아파트",
        "MNTN_NM" : "백마산",
        "PAST_SPOT_" : "21071612000105",
        "MNTN_ID" : "2107161200"
      },
      "geometry" : {
        "x" : 222645.12359999958,
        "y" : 531363.45740000159
      }
    },
    {
      "attributes" : {
        "FID" : 105,
        "PMNTN_SPOT" : 35381,
        "MNTN_CODE" : "416101601",
        "MANAGE_SP1" : "01",
        "MANAGE_SP2" : "시종점",
        "DETAIL_SPO" : "시종점",
        "ETC_MATTER" : "양벌리 백련암(사찰)",
        "MNTN_NM" : "백마산",
        "PAST_SPOT_" : "21071612000106",
        "MNTN_ID" : "2107161200"
      },
      "geometry" : {
        "x" : 222687.78990000021,
        "y" : 532405.12739999965
      }
    },
    {
      "attributes" : {
        "FID" : 106,
        "PMNTN_SPOT" : 35382,
        "MNTN_CODE" : "416101601",
        "MANAGE_SP1" : "01",
        "MANAGE_SP2" : "시종점",
        "DETAIL_SPO" : "시종점",
        "ETC_MATTER" : "양벌리 쌍용2차아파트",
        "MNTN_NM" : "백마산",
        "PAST_SPOT_" : "21071612000107",
        "MNTN_ID" : "2107161200"
      },
      "geometry" : {
        "x" : 222837.10730000213,
        "y" : 530855.81359999999
      }
    },
    {
      "attributes" : {
        "FID" : 107,
        "PMNTN_SPOT" : 35383,
        "MNTN_CODE" : "416101601",
        "MANAGE_SP1" : "02",
        "MANAGE_SP2" : "분기점",
        "DETAIL_SPO" : "분기점",
        "ETC_MATTER" : " ",
        "MNTN_NM" : "백마산",
        "PAST_SPOT_" : "21071612000108",
        "MNTN_ID" : "2107161200"
      },
      "geometry" : {
        "x" : 222843.92840000056,
        "y" : 531409.41110000201
      }
    },
    {
      "attributes" : {
        "FID" : 108,
        "PMNTN_SPOT" : 35384,
        "MNTN_CODE" : "416101601",
        "MANAGE_SP1" : "02",
        "MANAGE_SP2" : "분기점",
        "DETAIL_SPO" : "분기점",
        "ETC_MATTER" : " ",
        "MNTN_NM" : "백마산",
        "PAST_SPOT_" : "21071612000109",
        "MNTN_ID" : "2107161200"
      },
      "geometry" : {
        "x" : 222989.67840000149,
        "y" : 531679.57809999958
      }
    },
    {
      "attributes" : {
        "FID" : 109,
        "PMNTN_SPOT" : 35385,
        "MNTN_CODE" : "416101601",
        "MANAGE_SP1" : "01",
        "MANAGE_SP2" : "시종점",
        "DETAIL_SPO" : "시종점",
        "ETC_MATTER" : "양벌리 극락사 진입도로",
        "MNTN_NM" : "백마산",
        "PAST_SPOT_" : "21071612000110",
        "MNTN_ID" : "2107161200"
      },
      "geometry" : {
        "x" : 223244.88570000045,
        "y" : 530105.85620000213
      }
    },
    {
      "attributes" : {
        "FID" : 110,
        "PMNTN_SPOT" : 35386,
        "MNTN_CODE" : "416101601",
        "MANAGE_SP1" : "02",
        "MANAGE_SP2" : "분기점",
        "DETAIL_SPO" : "분기점",
        "ETC_MATTER" : " ",
        "MNTN_NM" : "백마산",
        "PAST_SPOT_" : "21071612000111",
        "MNTN_ID" : "2107161200"
      },
      "geometry" : {
        "x" : 223300.07690000068,
        "y" : 531588.57829999924
      }
    },
    {
      "attributes" : {
        "FID" : 111,
        "PMNTN_SPOT" : 35387,
        "MNTN_CODE" : "416101601",
        "MANAGE_SP1" : "01",
        "MANAGE_SP2" : "시종점",
        "DETAIL_SPO" : "시종점",
        "ETC_MATTER" : "양벌리 우림아파트",
        "MNTN_NM" : "백마산",
        "PAST_SPOT_" : "21071612000112",
        "MNTN_ID" : "2107161200"
      },
      "geometry" : {
        "x" : 223343.92700000014,
        "y" : 531100.88820000179
      }
    },
    {
      "attributes" : {
        "FID" : 112,
        "PMNTN_SPOT" : 35388,
        "MNTN_CODE" : "416101601",
        "MANAGE_SP1" : "02",
        "MANAGE_SP2" : "분기점",
        "DETAIL_SPO" : "분기점",
        "ETC_MATTER" : " ",
        "MNTN_NM" : "백마산",
        "PAST_SPOT_" : "21071612000113",
        "MNTN_ID" : "2107161200"
      },
      "geometry" : {
        "x" : 223384.89550000057,
        "y" : 532429.11430000141
      }
    },
    {
      "attributes" : {
        "FID" : 113,
        "PMNTN_SPOT" : 35389,
        "MNTN_CODE" : "416101601",
        "MANAGE_SP1" : "02",
        "MANAGE_SP2" : "분기점",
        "DETAIL_SPO" : "목 벤치",
        "ETC_MATTER" : " ",
        "MNTN_NM" : "백마산",
        "PAST_SPOT_" : "21071612000114",
        "MNTN_ID" : "2107161200"
      },
      "geometry" : {
        "x" : 223409.23090000357,
        "y" : 531853.77079999819
      }
    },
    {
      "attributes" : {
        "FID" : 114,
        "PMNTN_SPOT" : 35390,
        "MNTN_CODE" : "416101601",
        "MANAGE_SP1" : "01",
        "MANAGE_SP2" : "시종점",
        "DETAIL_SPO" : "시종점",
        "ETC_MATTER" : "1,2,양벌리 대주아파트",
        "MNTN_NM" : "백마산",
        "PAST_SPOT_" : "21071612000115",
        "MNTN_ID" : "2107161200"
      },
      "geometry" : {
        "x" : 223411.0242000008,
        "y" : 530879.45670000277
      }
    },
    {
      "attributes" : {
        "FID" : 115,
        "PMNTN_SPOT" : 35391,
        "MNTN_CODE" : "416101601",
        "MANAGE_SP1" : "02",
        "MANAGE_SP2" : "분기점",
        "DETAIL_SPO" : "목 벤치",
        "ETC_MATTER" : " ",
        "MNTN_NM" : "백마산",
        "PAST_SPOT_" : "21071612000116",
        "MNTN_ID" : "2107161200"
      },
      "geometry" : {
        "x" : 223440.86580000166,
        "y" : 531853.80550000072
      }
    },
    {
      "attributes" : {
        "FID" : 116,
        "PMNTN_SPOT" : 35392,
        "MNTN_CODE" : "416101601",
        "MANAGE_SP1" : "01",
        "MANAGE_SP2" : "시종점",
        "DETAIL_SPO" : "시종점,경안교시점",
        "ETC_MATTER" : " ",
        "MNTN_NM" : "백마산",
        "PAST_SPOT_" : "21071612000117",
        "MNTN_ID" : "2107161200"
      },
      "geometry" : {
        "x" : 223474.62870000396,
        "y" : 534057.26700000092
      }
    },
    {
      "attributes" : {
        "FID" : 117,
        "PMNTN_SPOT" : 35393,
        "MNTN_CODE" : "416101601",
        "MANAGE_SP1" : "02",
        "MANAGE_SP2" : "분기점",
        "DETAIL_SPO" : "분기점",
        "ETC_MATTER" : " ",
        "MNTN_NM" : "백마산",
        "PAST_SPOT_" : "21071612000118",
        "MNTN_ID" : "2107161200"
      },
      "geometry" : {
        "x" : 223635.41730000265,
        "y" : 532240.8825000003
      }
    },
    {
      "attributes" : {
        "FID" : 118,
        "PMNTN_SPOT" : 35394,
        "MNTN_CODE" : "416101601",
        "MANAGE_SP1" : "02",
        "MANAGE_SP2" : "분기점",
        "DETAIL_SPO" : "분기점",
        "ETC_MATTER" : " ",
        "MNTN_NM" : "백마산",
        "PAST_SPOT_" : "21071612000119",
        "MNTN_ID" : "2107161200"
      },
      "geometry" : {
        "x" : 223665.02760000061,
        "y" : 532069.15819999948
      }
    },
    {
      "attributes" : {
        "FID" : 119,
        "PMNTN_SPOT" : 35395,
        "MNTN_CODE" : "416101601",
        "MANAGE_SP1" : "02",
        "MANAGE_SP2" : "분기점",
        "DETAIL_SPO" : "분기점",
        "ETC_MATTER" : " ",
        "MNTN_NM" : "백마산",
        "PAST_SPOT_" : "21071612000120",
        "MNTN_ID" : "2107161200"
      },
      "geometry" : {
        "x" : 223789.77599999961,
        "y" : 531898.96810000017
      }
    },
    {
      "attributes" : {
        "FID" : 120,
        "PMNTN_SPOT" : 35396,
        "MNTN_CODE" : "416101601",
        "MANAGE_SP1" : "02",
        "MANAGE_SP2" : "분기점",
        "DETAIL_SPO" : "분기점",
        "ETC_MATTER" : " ",
        "MNTN_NM" : "백마산",
        "PAST_SPOT_" : "21071612000121",
        "MNTN_ID" : "2107161200"
      },
      "geometry" : {
        "x" : 223796.98110000137,
        "y" : 531106.07679999992
      }
    },
    {
      "attributes" : {
        "FID" : 121,
        "PMNTN_SPOT" : 35397,
        "MNTN_CODE" : "416101601",
        "MANAGE_SP1" : "02",
        "MANAGE_SP2" : "분기점",
        "DETAIL_SPO" : "분기점",
        "ETC_MATTER" : " ",
        "MNTN_NM" : "백마산",
        "PAST_SPOT_" : "21071612000122",
        "MNTN_ID" : "2107161200"
      },
      "geometry" : {
        "x" : 223898.48000000231,
        "y" : 530938.5418999996
      }
    },
    {
      "attributes" : {
        "FID" : 122,
        "PMNTN_SPOT" : 35398,
        "MNTN_CODE" : "416101601",
        "MANAGE_SP1" : "02",
        "MANAGE_SP2" : "분기점",
        "DETAIL_SPO" : "분기점",
        "ETC_MATTER" : " ",
        "MNTN_NM" : "백마산",
        "PAST_SPOT_" : "21071612000123",
        "MNTN_ID" : "2107161200"
      },
      "geometry" : {
        "x" : 223916.18620000314,
        "y" : 531709.9168999996
      }
    },
    {
      "attributes" : {
        "FID" : 123,
        "PMNTN_SPOT" : 35399,
        "MNTN_CODE" : "416101601",
        "MANAGE_SP1" : "02",
        "MANAGE_SP2" : "분기점",
        "DETAIL_SPO" : "분기점",
        "ETC_MATTER" : " ",
        "MNTN_NM" : "백마산",
        "PAST_SPOT_" : "21071612000124",
        "MNTN_ID" : "2107161200"
      },
      "geometry" : {
        "x" : 223988.67330000363,
        "y" : 530615.43920000084
      }
    },
    {
      "attributes" : {
        "FID" : 124,
        "PMNTN_SPOT" : 35400,
        "MNTN_CODE" : "416101601",
        "MANAGE_SP1" : "02",
        "MANAGE_SP2" : "분기점",
        "DETAIL_SPO" : "분기점",
        "ETC_MATTER" : " ",
        "MNTN_NM" : "백마산",
        "PAST_SPOT_" : "21071612000125",
        "MNTN_ID" : "2107161200"
      },
      "geometry" : {
        "x" : 224097.51350000314,
        "y" : 530655.76130000129
      }
    },
    {
      "attributes" : {
        "FID" : 125,
        "PMNTN_SPOT" : 35401,
        "MNTN_CODE" : "416101601",
        "MANAGE_SP1" : "02",
        "MANAGE_SP2" : "분기점",
        "DETAIL_SPO" : "분기점",
        "ETC_MATTER" : " ",
        "MNTN_NM" : "백마산",
        "PAST_SPOT_" : "21071612000126",
        "MNTN_ID" : "2107161200"
      },
      "geometry" : {
        "x" : 224212.7452000007,
        "y" : 530653.91719999909
      }
    },
    {
      "attributes" : {
        "FID" : 126,
        "PMNTN_SPOT" : 35402,
        "MNTN_CODE" : "416101601",
        "MANAGE_SP1" : "02",
        "MANAGE_SP2" : "분기점",
        "DETAIL_SPO" : "분기점",
        "ETC_MATTER" : " ",
        "MNTN_NM" : "백마산",
        "PAST_SPOT_" : "21071612000127",
        "MNTN_ID" : "2107161200"
      },
      "geometry" : {
        "x" : 224216.28569999989,
        "y" : 531337.02850000001
      }
    },
    {
      "attributes" : {
        "FID" : 127,
        "PMNTN_SPOT" : 35403,
        "MNTN_CODE" : "416101601",
        "MANAGE_SP1" : "02",
        "MANAGE_SP2" : "분기점",
        "DETAIL_SPO" : "분기점",
        "ETC_MATTER" : " ",
        "MNTN_NM" : "백마산",
        "PAST_SPOT_" : "21071612000128",
        "MNTN_ID" : "2107161200"
      },
      "geometry" : {
        "x" : 224281.64180000126,
        "y" : 531421.97780000232
      }
    },
    {
      "attributes" : {
        "FID" : 128,
        "PMNTN_SPOT" : 35404,
        "MNTN_CODE" : "416101601",
        "MANAGE_SP1" : "01",
        "MANAGE_SP2" : "시종점",
        "DETAIL_SPO" : "시종점",
        "ETC_MATTER" : "초월 샘물교회",
        "MNTN_NM" : "백마산",
        "PAST_SPOT_" : "21071612000129",
        "MNTN_ID" : "2107161200"
      },
      "geometry" : {
        "x" : 224347.95409999974,
        "y" : 532942.35789999925
      }
    },
    {
      "attributes" : {
        "FID" : 129,
        "PMNTN_SPOT" : 35405,
        "MNTN_CODE" : "416101601",
        "MANAGE_SP1" : "02",
        "MANAGE_SP2" : "분기점",
        "DETAIL_SPO" : "분기점",
        "ETC_MATTER" : " ",
        "MNTN_NM" : "백마산",
        "PAST_SPOT_" : "21071612000130",
        "MNTN_ID" : "2107161200"
      },
      "geometry" : {
        "x" : 224586.59160000086,
        "y" : 529927.13000000268
      }
    },
    {
      "attributes" : {
        "FID" : 130,
        "PMNTN_SPOT" : 35406,
        "MNTN_CODE" : "416101601",
        "MANAGE_SP1" : "02",
        "MANAGE_SP2" : "분기점",
        "DETAIL_SPO" : "분기점",
        "ETC_MATTER" : " ",
        "MNTN_NM" : "백마산",
        "PAST_SPOT_" : "21071612000131",
        "MNTN_ID" : "2107161200"
      },
      "geometry" : {
        "x" : 224623.9151999997,
        "y" : 529550.83950000256
      }
    },
    {
      "attributes" : {
        "FID" : 131,
        "PMNTN_SPOT" : 35407,
        "MNTN_CODE" : "416101601",
        "MANAGE_SP1" : "02",
        "MANAGE_SP2" : "분기점",
        "DETAIL_SPO" : "분기점",
        "ETC_MATTER" : " ",
        "MNTN_NM" : "백마산",
        "PAST_SPOT_" : "21071612000132",
        "MNTN_ID" : "2107161200"
      },
      "geometry" : {
        "x" : 224636.70930000022,
        "y" : 530435.47350000218
      }
    },
    {
      "attributes" : {
        "FID" : 132,
        "PMNTN_SPOT" : 35408,
        "MNTN_CODE" : "416101601",
        "MANAGE_SP1" : "02",
        "MANAGE_SP2" : "분기점",
        "DETAIL_SPO" : "분기점",
        "ETC_MATTER" : " ",
        "MNTN_NM" : "백마산",
        "PAST_SPOT_" : "21071612000133",
        "MNTN_ID" : "2107161200"
      },
      "geometry" : {
        "x" : 224650.46320000384,
        "y" : 530206.65929999948
      }
    },
    {
      "attributes" : {
        "FID" : 133,
        "PMNTN_SPOT" : 35409,
        "MNTN_CODE" : "416101601",
        "MANAGE_SP1" : "02",
        "MANAGE_SP2" : "분기점",
        "DETAIL_SPO" : "분기점",
        "ETC_MATTER" : " ",
        "MNTN_NM" : "백마산",
        "PAST_SPOT_" : "21071612000134",
        "MNTN_ID" : "2107161200"
      },
      "geometry" : {
        "x" : 224690.61899999995,
        "y" : 530808.5803999994
      }
    },
    {
      "attributes" : {
        "FID" : 134,
        "PMNTN_SPOT" : 35410,
        "MNTN_CODE" : "416101601",
        "MANAGE_SP1" : "01",
        "MANAGE_SP2" : "시종점",
        "DETAIL_SPO" : "용마봉",
        "ETC_MATTER" : " ",
        "MNTN_NM" : "백마산",
        "PAST_SPOT_" : "21071612000135",
        "MNTN_ID" : "2107161200"
      },
      "geometry" : {
        "x" : 224691.66762054153,
        "y" : 528850.50265804864
      }
    },
    {
      "attributes" : {
        "FID" : 135,
        "PMNTN_SPOT" : 35411,
        "MNTN_CODE" : "416101601",
        "MANAGE_SP1" : "02",
        "MANAGE_SP2" : "분기점",
        "DETAIL_SPO" : "분기점",
        "ETC_MATTER" : " ",
        "MNTN_NM" : "백마산",
        "PAST_SPOT_" : "21071612000136",
        "MNTN_ID" : "2107161200"
      },
      "geometry" : {
        "x" : 225026.96780000161,
        "y" : 530938.61989999935
      }
    },
    {
      "attributes" : {
        "FID" : 136,
        "PMNTN_SPOT" : 35412,
        "MNTN_CODE" : "416101601",
        "MANAGE_SP1" : "02",
        "MANAGE_SP2" : "분기점",
        "DETAIL_SPO" : "분기점",
        "ETC_MATTER" : " ",
        "MNTN_NM" : "백마산",
        "PAST_SPOT_" : "21071612000137",
        "MNTN_ID" : "2107161200"
      },
      "geometry" : {
        "x" : 225184.75190974493,
        "y" : 531616.3773181513
      }
    },
    {
      "attributes" : {
        "FID" : 137,
        "PMNTN_SPOT" : 35413,
        "MNTN_CODE" : "416101601",
        "MANAGE_SP1" : "02",
        "MANAGE_SP2" : "분기점",
        "DETAIL_SPO" : "분기점",
        "ETC_MATTER" : " ",
        "MNTN_NM" : "백마산",
        "PAST_SPOT_" : "21071612000138",
        "MNTN_ID" : "2107161200"
      },
      "geometry" : {
        "x" : 225336.50880000181,
        "y" : 530277.27850000001
      }
    },
    {
      "attributes" : {
        "FID" : 138,
        "PMNTN_SPOT" : 35414,
        "MNTN_CODE" : "416101601",
        "MANAGE_SP1" : "01",
        "MANAGE_SP2" : "시종점",
        "DETAIL_SPO" : "시종점",
        "ETC_MATTER" : "광주시 초월읍 사무소",
        "MNTN_NM" : "백마산",
        "PAST_SPOT_" : "21071612000139",
        "MNTN_ID" : "2107161200"
      },
      "geometry" : {
        "x" : 225436.0784,
        "y" : 531977.13260000385
      }
    },
    {
      "attributes" : {
        "FID" : 139,
        "PMNTN_SPOT" : 35415,
        "MNTN_CODE" : "416101601",
        "MANAGE_SP1" : "02",
        "MANAGE_SP2" : "분기점",
        "DETAIL_SPO" : "분기점",
        "ETC_MATTER" : " ",
        "MNTN_NM" : "백마산",
        "PAST_SPOT_" : "21071612000140",
        "MNTN_ID" : "2107161200"
      },
      "geometry" : {
        "x" : 225497.97429999895,
        "y" : 530194.03859999962
      }
    },
    {
      "attributes" : {
        "FID" : 140,
        "PMNTN_SPOT" : 35416,
        "MNTN_CODE" : "416101601",
        "MANAGE_SP1" : "01",
        "MANAGE_SP2" : "시종점",
        "DETAIL_SPO" : "시종점",
        "ETC_MATTER" : " ",
        "MNTN_NM" : "백마산",
        "PAST_SPOT_" : "21071612000141",
        "MNTN_ID" : "2107161200"
      },
      "geometry" : {
        "x" : 225521.28390000109,
        "y" : 530571.66410000063
      }
    },
    {
      "attributes" : {
        "FID" : 141,
        "PMNTN_SPOT" : 35417,
        "MNTN_CODE" : "416101601",
        "MANAGE_SP1" : "02",
        "MANAGE_SP2" : "분기점",
        "DETAIL_SPO" : "분기점",
        "ETC_MATTER" : " ",
        "MNTN_NM" : "백마산",
        "PAST_SPOT_" : "21071612000142",
        "MNTN_ID" : "2107161200"
      },
      "geometry" : {
        "x" : 225523.40750000067,
        "y" : 530537.40890000015
      }
    },
    {
      "attributes" : {
        "FID" : 142,
        "PMNTN_SPOT" : 35418,
        "MNTN_CODE" : "416101601",
        "MANAGE_SP1" : "02",
        "MANAGE_SP2" : "분기점",
        "DETAIL_SPO" : "분기점",
        "ETC_MATTER" : " ",
        "MNTN_NM" : "백마산",
        "PAST_SPOT_" : "21071612000143",
        "MNTN_ID" : "2107161200"
      },
      "geometry" : {
        "x" : 225539.21760000009,
        "y" : 530324.92840000242
      }
    },
    {
      "attributes" : {
        "FID" : 143,
        "PMNTN_SPOT" : 35419,
        "MNTN_CODE" : "416101601",
        "MANAGE_SP1" : "02",
        "MANAGE_SP2" : "분기점",
        "DETAIL_SPO" : "분기점",
        "ETC_MATTER" : " ",
        "MNTN_NM" : "백마산",
        "PAST_SPOT_" : "21071612000144",
        "MNTN_ID" : "2107161200"
      },
      "geometry" : {
        "x" : 225543.69050000049,
        "y" : 530361.11309999973
      }
    },
    {
      "attributes" : {
        "FID" : 144,
        "PMNTN_SPOT" : 35420,
        "MNTN_CODE" : "416101601",
        "MANAGE_SP1" : "01",
        "MANAGE_SP2" : "시종점",
        "DETAIL_SPO" : "시종점",
        "ETC_MATTER" : "초월 e-편한세상 아파트",
        "MNTN_NM" : "백마산",
        "PAST_SPOT_" : "21071612000145",
        "MNTN_ID" : "2107161200"
      },
      "geometry" : {
        "x" : 225652.45100000035,
        "y" : 530613.66150000133
      }
    },
    {
      "attributes" : {
        "FID" : 145,
        "PMNTN_SPOT" : 35421,
        "MNTN_CODE" : "416101601",
        "MANAGE_SP1" : "02",
        "MANAGE_SP2" : "분기점",
        "DETAIL_SPO" : "분기점",
        "ETC_MATTER" : " ",
        "MNTN_NM" : "백마산",
        "PAST_SPOT_" : "21071612000146",
        "MNTN_ID" : "2107161200"
      },
      "geometry" : {
        "x" : 225693.66629999969,
        "y" : 530561.07980000041
      }
    },
    {
      "attributes" : {
        "FID" : 146,
        "PMNTN_SPOT" : 35422,
        "MNTN_CODE" : "416101601",
        "MANAGE_SP1" : "02",
        "MANAGE_SP2" : "분기점",
        "DETAIL_SPO" : "분기점",
        "ETC_MATTER" : " ",
        "MNTN_NM" : "백마산",
        "PAST_SPOT_" : "21071612000147",
        "MNTN_ID" : "2107161200"
      },
      "geometry" : {
        "x" : 225709.08900000062,
        "y" : 530586.59840000235
      }
    },
    {
      "attributes" : {
        "FID" : 147,
        "PMNTN_SPOT" : 35423,
        "MNTN_CODE" : "416101601",
        "MANAGE_SP1" : "01",
        "MANAGE_SP2" : "시종점",
        "DETAIL_SPO" : "시종점",
        "ETC_MATTER" : "초월읍 쌍령리 갈멜산 기도원",
        "MNTN_NM" : "백마산",
        "PAST_SPOT_" : "21071612000148",
        "MNTN_ID" : "2107161200"
      },
      "geometry" : {
        "x" : 225714.1894000005,
        "y" : 529866.15609999932
      }
    },
    {
      "attributes" : {
        "FID" : 148,
        "PMNTN_SPOT" : 35424,
        "MNTN_CODE" : "416101601",
        "MANAGE_SP1" : "01",
        "MANAGE_SP2" : "시종점",
        "DETAIL_SPO" : "시종점",
        "ETC_MATTER" : "초월 동광아파트 후문 공사현장",
        "MNTN_NM" : "백마산",
        "PAST_SPOT_" : "21071612000149",
        "MNTN_ID" : "2107161200"
      },
      "geometry" : {
        "x" : 225930.93379999977,
        "y" : 530773.37189999968
      }
    },
    {
      "attributes" : {
        "FID" : 149,
        "PMNTN_SPOT" : 35425,
        "MNTN_CODE" : "416101601",
        "MANAGE_SP1" : "01",
        "MANAGE_SP2" : "시종점",
        "DETAIL_SPO" : "시종점",
        "ETC_MATTER" : "초월 동광아파트",
        "MNTN_NM" : "백마산",
        "PAST_SPOT_" : "21071612000150",
        "MNTN_ID" : "2107161200"
      },
      "geometry" : {
        "x" : 225935.68929999974,
        "y" : 530954.38410000131
      }
    },
    {
      "attributes" : {
        "FID" : 150,
        "PMNTN_SPOT" : 35426,
        "MNTN_CODE" : "416101601",
        "MANAGE_SP1" : "01",
        "MANAGE_SP2" : "시종점",
        "DETAIL_SPO" : "시종점",
        "ETC_MATTER" : "초월 롯데 아파트",
        "MNTN_NM" : "백마산",
        "PAST_SPOT_" : "21071612000151",
        "MNTN_ID" : "2107161200"
      },
      "geometry" : {
        "x" : 225963.76730000041,
        "y" : 530474.86490000039
      }
    },
    {
      "attributes" : {
        "FID" : 151,
        "PMNTN_SPOT" : 35427,
        "MNTN_CODE" : "416101601",
        "MANAGE_SP1" : "01",
        "MANAGE_SP2" : "시종점",
        "DETAIL_SPO" : "시종점",
        "ETC_MATTER" : "초월읍 쌍령리 사슴농장",
        "MNTN_NM" : "백마산",
        "PAST_SPOT_" : "21071612000152",
        "MNTN_ID" : "2107161200"
      },
      "geometry" : {
        "x" : 226119.22740000021,
        "y" : 529940.02250000462
      }
    }
  ]
}