{
  "displayFieldName" : "",
  "fieldAliases" : {
    "FID" : "FID",
    "PMNTN_SPOT" : "PMNTN_SPOT",
    "MNTN_CODE" : "MNTN_CODE",
    "MANAGE_SP1" : "MANAGE_SP1",
    "MANAGE_SP2" : "MANAGE_SP2",
    "DETAIL_SPO" : "DETAIL_SPO",
    "ETC_MATTER" : "ETC_MATTER",
    "MNTN_NM" : "MNTN_NM",
    "PAST_SPOT_" : "PAST_SPOT_",
    "MNTN_ID" : "MNTN_ID"
  },
  "geometryType" : "esriGeometryPoint",
  "spatialReference" : {
    "wkt" : "PROJCS[\"PCS_ITRF2000_TM\",GEOGCS[\"GCS_ITRF_2000\",DATUM[\"D_ITRF_2000\",SPHEROID[\"GRS_1980\",6378137.0,298.257222101]],PRIMEM[\"Greenwich\",0.0],UNIT[\"Degree\",0.0174532925199433]],PROJECTION[\"Transverse_Mercator\"],PARAMETER[\"False_Easting\",200000.0],PARAMETER[\"False_Northing\",600000.0],PARAMETER[\"Central_Meridian\",127.0],PARAMETER[\"Scale_Factor\",1.0],PARAMETER[\"Latitude_Of_Origin\",38.0],UNIT[\"Meter\",1.0]]"
  },
  "fields" : [
    {
      "name" : "FID",
      "type" : "esriFieldTypeOID",
      "alias" : "FID"
    },
    {
      "name" : "PMNTN_SPOT",
      "type" : "esriFieldTypeDouble",
      "alias" : "PMNTN_SPOT"
    },
    {
      "name" : "MNTN_CODE",
      "type" : "esriFieldTypeString",
      "alias" : "MNTN_CODE",
      "length" : 9
    },
    {
      "name" : "MANAGE_SP1",
      "type" : "esriFieldTypeString",
      "alias" : "MANAGE_SP1",
      "length" : 2
    },
    {
      "name" : "MANAGE_SP2",
      "type" : "esriFieldTypeString",
      "alias" : "MANAGE_SP2",
      "length" : 50
    },
    {
      "name" : "DETAIL_SPO",
      "type" : "esriFieldTypeString",
      "alias" : "DETAIL_SPO",
      "length" : 200
    },
    {
      "name" : "ETC_MATTER",
      "type" : "esriFieldTypeString",
      "alias" : "ETC_MATTER",
      "length" : 200
    },
    {
      "name" : "MNTN_NM",
      "type" : "esriFieldTypeString",
      "alias" : "MNTN_NM",
      "length" : 50
    },
    {
      "name" : "PAST_SPOT_",
      "type" : "esriFieldTypeString",
      "alias" : "PAST_SPOT_",
      "length" : 14
    },
    {
      "name" : "MNTN_ID",
      "type" : "esriFieldTypeString",
      "alias" : "MNTN_ID",
      "length" : 10
    }
  ],
  "features" : [
    {
      "attributes" : {
        "FID" : 0,
        "PMNTN_SPOT" : 43869,
        "MNTN_CODE" : "467100901",
        "MANAGE_SP1" : "01",
        "MANAGE_SP2" : "시종점",
        "DETAIL_SPO" : "시종점",
        "ETC_MATTER" : " ",
        "MNTN_NM" : "북산",
        "PAST_SPOT_" : "4671009010001",
        "MNTN_ID" : "467100901"
      },
      "geometry" : {
        "x" : 202249.92614697013,
        "y" : 282798.88759922422
      }
    },
    {
      "attributes" : {
        "FID" : 1,
        "PMNTN_SPOT" : 43870,
        "MNTN_CODE" : "467100901",
        "MANAGE_SP1" : "01",
        "MANAGE_SP2" : "시종점",
        "DETAIL_SPO" : "시종점",
        "ETC_MATTER" : " ",
        "MNTN_NM" : "북산",
        "PAST_SPOT_" : "4671009010002",
        "MNTN_ID" : "467100901"
      },
      "geometry" : {
        "x" : 202261.21710405871,
        "y" : 283923.33236508258
      }
    },
    {
      "attributes" : {
        "FID" : 2,
        "PMNTN_SPOT" : 43871,
        "MNTN_CODE" : "467100901",
        "MANAGE_SP1" : "02",
        "MANAGE_SP2" : "분기점",
        "DETAIL_SPO" : "분기점",
        "ETC_MATTER" : " ",
        "MNTN_NM" : "북산",
        "PAST_SPOT_" : "4671009010003",
        "MNTN_ID" : "467100901"
      },
      "geometry" : {
        "x" : 202445.73213194683,
        "y" : 283864.96966856718
      }
    },
    {
      "attributes" : {
        "FID" : 3,
        "PMNTN_SPOT" : 43872,
        "MNTN_CODE" : "467100901",
        "MANAGE_SP1" : "01",
        "MANAGE_SP2" : "시종점",
        "DETAIL_SPO" : "시종점",
        "ETC_MATTER" : " ",
        "MNTN_NM" : "북산",
        "PAST_SPOT_" : "4671009010004",
        "MNTN_ID" : "467100901"
      },
      "geometry" : {
        "x" : 202701.89724225458,
        "y" : 284823.3634287212
      }
    },
    {
      "attributes" : {
        "FID" : 4,
        "PMNTN_SPOT" : 43873,
        "MNTN_CODE" : "467100901",
        "MANAGE_SP1" : "02",
        "MANAGE_SP2" : "분기점",
        "DETAIL_SPO" : "분기점",
        "ETC_MATTER" : " ",
        "MNTN_NM" : "북산",
        "PAST_SPOT_" : "4671009010005",
        "MNTN_ID" : "467100901"
      },
      "geometry" : {
        "x" : 202840.98325819988,
        "y" : 284535.02459753677
      }
    },
    {
      "attributes" : {
        "FID" : 5,
        "PMNTN_SPOT" : 43874,
        "MNTN_CODE" : "467100901",
        "MANAGE_SP1" : "01",
        "MANAGE_SP2" : "시종점",
        "DETAIL_SPO" : "시종점",
        "ETC_MATTER" : " ",
        "MNTN_NM" : "북산",
        "PAST_SPOT_" : "4671009010006",
        "MNTN_ID" : "467100901"
      },
      "geometry" : {
        "x" : 203024.0377521459,
        "y" : 283819.17293261737
      }
    },
    {
      "attributes" : {
        "FID" : 6,
        "PMNTN_SPOT" : 43875,
        "MNTN_CODE" : "467100901",
        "MANAGE_SP1" : "01",
        "MANAGE_SP2" : "시종점",
        "DETAIL_SPO" : "시종점",
        "ETC_MATTER" : " ",
        "MNTN_NM" : "북산",
        "PAST_SPOT_" : "4671009010007",
        "MNTN_ID" : "467100901"
      },
      "geometry" : {
        "x" : 203027.59975440986,
        "y" : 285111.92059020326
      }
    },
    {
      "attributes" : {
        "FID" : 7,
        "PMNTN_SPOT" : 43876,
        "MNTN_CODE" : "467100901",
        "MANAGE_SP1" : "01",
        "MANAGE_SP2" : "시종점",
        "DETAIL_SPO" : "시종점",
        "ETC_MATTER" : " ",
        "MNTN_NM" : "북산",
        "PAST_SPOT_" : "4671009010008",
        "MNTN_ID" : "467100901"
      },
      "geometry" : {
        "x" : 203102.13044036925,
        "y" : 283975.20107562281
      }
    }
  ]
}