{
  "displayFieldName" : "",
  "fieldAliases" : {
    "FID" : "FID",
    "PMNTN_SN" : "PMNTN_SN",
    "MNTN_CODE" : "MNTN_CODE",
    "MNTN_NM" : "MNTN_NM",
    "PMNTN_NM" : "PMNTN_NM",
    "PMNTN_MAIN" : "PMNTN_MAIN",
    "PMNTN_LT" : "PMNTN_LT",
    "PMNTN_DFFL" : "PMNTN_DFFL",
    "PMNTN_UPPL" : "PMNTN_UPPL",
    "PMNTN_GODN" : "PMNTN_GODN",
    "PMNTN_MTRQ" : "PMNTN_MTRQ",
    "PMNTN_CNRL" : "PMNTN_CNRL",
    "PMNTN_CLS_" : "PMNTN_CLS_",
    "PMNTN_RISK" : "PMNTN_RISK",
    "PMNTN_RECO" : "PMNTN_RECO",
    "DATA_STDR_" : "DATA_STDR_",
    "MNTN_ID" : "MNTN_ID"
  },
  "geometryType" : "esriGeometryPolyline",
  "spatialReference" : {
    "wkt" : "PROJCS[\"PCS_ITRF2000_TM\",GEOGCS[\"GCS_ITRF_2000\",DATUM[\"D_ITRF_2000\",SPHEROID[\"GRS_1980\",6378137.0,298.257222101]],PRIMEM[\"Greenwich\",0.0],UNIT[\"Degree\",0.0174532925199433]],PROJECTION[\"Transverse_Mercator\"],PARAMETER[\"False_Easting\",200000.0],PARAMETER[\"False_Northing\",600000.0],PARAMETER[\"Central_Meridian\",127.0],PARAMETER[\"Scale_Factor\",1.0],PARAMETER[\"Latitude_Of_Origin\",38.0],UNIT[\"Meter\",1.0]]"
  },
  "fields" : [
    {
      "name" : "FID",
      "type" : "esriFieldTypeOID",
      "alias" : "FID"
    },
    {
      "name" : "PMNTN_SN",
      "type" : "esriFieldTypeDouble",
      "alias" : "PMNTN_SN"
    },
    {
      "name" : "MNTN_CODE",
      "type" : "esriFieldTypeString",
      "alias" : "MNTN_CODE",
      "length" : 9
    },
    {
      "name" : "MNTN_NM",
      "type" : "esriFieldTypeString",
      "alias" : "MNTN_NM",
      "length" : 50
    },
    {
      "name" : "PMNTN_NM",
      "type" : "esriFieldTypeString",
      "alias" : "PMNTN_NM",
      "length" : 50
    },
    {
      "name" : "PMNTN_MAIN",
      "type" : "esriFieldTypeString",
      "alias" : "PMNTN_MAIN",
      "length" : 200
    },
    {
      "name" : "PMNTN_LT",
      "type" : "esriFieldTypeSingle",
      "alias" : "PMNTN_LT"
    },
    {
      "name" : "PMNTN_DFFL",
      "type" : "esriFieldTypeString",
      "alias" : "PMNTN_DFFL",
      "length" : 8
    },
    {
      "name" : "PMNTN_UPPL",
      "type" : "esriFieldTypeDouble",
      "alias" : "PMNTN_UPPL"
    },
    {
      "name" : "PMNTN_GODN",
      "type" : "esriFieldTypeDouble",
      "alias" : "PMNTN_GODN"
    },
    {
      "name" : "PMNTN_MTRQ",
      "type" : "esriFieldTypeString",
      "alias" : "PMNTN_MTRQ",
      "length" : 200
    },
    {
      "name" : "PMNTN_CNRL",
      "type" : "esriFieldTypeString",
      "alias" : "PMNTN_CNRL",
      "length" : 1
    },
    {
      "name" : "PMNTN_CLS_",
      "type" : "esriFieldTypeString",
      "alias" : "PMNTN_CLS_",
      "length" : 1
    },
    {
      "name" : "PMNTN_RISK",
      "type" : "esriFieldTypeString",
      "alias" : "PMNTN_RISK",
      "length" : 200
    },
    {
      "name" : "PMNTN_RECO",
      "type" : "esriFieldTypeString",
      "alias" : "PMNTN_RECO",
      "length" : 1
    },
    {
      "name" : "DATA_STDR_",
      "type" : "esriFieldTypeString",
      "alias" : "DATA_STDR_",
      "length" : 10
    },
    {
      "name" : "MNTN_ID",
      "type" : "esriFieldTypeString",
      "alias" : "MNTN_ID",
      "length" : 10
    }
  ],
  "features" : [
    {
      "attributes" : {
        "FID" : 0,
        "PMNTN_SN" : 9143,
        "MNTN_CODE" : "427709801",
        "MNTN_NM" : "나팔봉",
        "PMNTN_NM" : "귤암리구간",
        "PMNTN_MAIN" : " ",
        "PMNTN_LT" : 3.71,
        "PMNTN_DFFL" : "쉬움",
        "PMNTN_UPPL" : 65,
        "PMNTN_GODN" : 46,
        "PMNTN_MTRQ" : " ",
        "PMNTN_CNRL" : " ",
        "PMNTN_CLS_" : " ",
        "PMNTN_RISK" : " ",
        "PMNTN_RECO" : " ",
        "DATA_STDR_" : "2016-12-31",
        "MNTN_ID" : "427701501"
      },
      "geometry" : {
        "paths" : [
          [
            [
              342827.11270000041,
              527583.32100000046
            ],
            [
              342822.4216,
              527586.52350000106
            ],
            [
              342816.82840000093,
              527591.97560000233
            ],
            [
              342811.65149999969,
              527598.68480000086
            ],
            [
              342805.30090000108,
              527603.96910000034
            ],
            [
              342798.79360000137,
              527610.89860000089
            ],
            [
              342784.40589999966,
              527622.98730000108
            ],
            [
              342776.20870000031,
              527631.88470000029
            ],
            [
              342768.65110000037,
              527636.32880000211
            ],
            [
              342764.3964000009,
              527632.94739999995
            ],
            [
              342760.25730000064,
              527623.67029999942
            ],
            [
              342753.470900001,
              527626.67300000042
            ],
            [
              342739.43410000112,
              527630.79959999956
            ],
            [
              342728.69900000002,
              527627.38780000247
            ],
            [
              342702.83999999985,
              527618.84019999951
            ],
            [
              342681.87260000128,
              527611.01779999956
            ],
            [
              342661.86390000116,
              527607.36410000362
            ],
            [
              342648.3646999998,
              527610.0922000017
            ],
            [
              342637.92520000041,
              527614.21860000305
            ],
            [
              342620.15329999942,
              527621.23060000315
            ],
            [
              342605.78079999983,
              527628.19730000012
            ],
            [
              342594.53700000048,
              527636.30980000459
            ],
            [
              342591.08229999989,
              527645.20780000091
            ],
            [
              342585.08399999887,
              527658.13290000148
            ],
            [
              342582.30310000014,
              527676.11870000325
            ],
            [
              342570.6520999996,
              527696.91110000201
            ],
            [
              342559.67119999975,
              527717.8348999992
            ],
            [
              342549.80810000096,
              527737.04780000262
            ],
            [
              342540.26830000058,
              527752.38510000147
            ],
            [
              342533.84380000085,
              527757.98839999922
            ],
            [
              342523.75289999973,
              527761.34359999932
            ],
            [
              342516.46520000137,
              527761.45649999939
            ],
            [
              342505.79110000096,
              527766.45940000191
            ],
            [
              342490.52969999984,
              527772.24540000036
            ],
            [
              342479.55070000049,
              527780.60930000059
            ],
            [
              342472.9748000009,
              527788.43730000034
            ],
            [
              342469.03990000114,
              527801.34039999731
            ],
            [
              342467.79500000086,
              527812.1699000001
            ],
            [
              342469.43410000019,
              527821.44979999959
            ],
            [
              342476.33090000227,
              527841.79930000007
            ],
            [
              342482.57860000152,
              527857.36040000245
            ],
            [
              342493.02070000023,
              527869.94740000181
            ],
            [
              342501.9385000011,
              527884.05370000005
            ],
            [
              342510.91690000053,
              527898.46200000122
            ],
            [
              342518.19390000124,
              527906.50989999808
            ],
            [
              342519.82409999985,
              527915.19050000422
            ],
            [
              342518.6231000023,
              527923.04150000215
            ],
            [
              342515.51840000041,
              527936.47880000435
            ],
            [
              342507.96300000045,
              527956.44470000081
            ],
            [
              342498.49760000128,
              527967.64970000088
            ],
            [
              342494.45670000184,
              527971.80109999888
            ],
            [
              342491.2929999996,
              527974.76839999855
            ],
            [
              342487.17680000048,
              527977.88090000115
            ],
            [
              342482.73479999974,
              527980.79450000077
            ],
            [
              342471.87889999989,
              527987.45990000106
            ],
            [
              342466.99039999954,
              527990.89610000327
            ],
            [
              342463.96960000135,
              527993.6771000009
            ],
            [
              342461.5569000002,
              527997.20109999925
            ],
            [
              342461.12420000136,
              528001.21629999951
            ],
            [
              342463.12550000101,
              528005.80810000002
            ],
            [
              342465.66520000063,
              528008.63419999927
            ],
            [
              342468.59320000093,
              528011.1873000022
            ],
            [
              342472.38159999903,
              528014.02280000225
            ],
            [
              342476.92090000119,
              528017.15719999932
            ],
            [
              342490.40310000069,
              528025.88240000047
            ],
            [
              342494.55460000038,
              528028.81910000369
            ],
            [
              342498.06010000035,
              528031.53339999914
            ],
            [
              342501.61500000115,
              528034.65589999966
            ],
            [
              342504.50879999995,
              528037.67990000173
            ],
            [
              342506.78650000133,
              528040.65270000324
            ],
            [
              342508.46589999925,
              528043.59839999862
            ],
            [
              342510.7547000004,
              528048.76220000163
            ],
            [
              342512.74940000009,
              528053.90359999985
            ],
            [
              342514.40810000058,
              528058.91470000148
            ],
            [
              342515.71200000029,
              528063.73709999956
            ],
            [
              342516.64540000074,
              528068.30470000207
            ],
            [
              342517.20959999971,
              528072.61290000007
            ],
            [
              342517.40189999994,
              528076.64020000212
            ],
            [
              342517.22170000058,
              528080.37270000204
            ],
            [
              342516.55900000129,
              528084.02020000294
            ],
            [
              342515.30930000171,
              528087.71979999915
            ],
            [
              342513.45940000005,
              528091.51209999993
            ],
            [
              342510.97169999965,
              528095.47550000064
            ],
            [
              342508.49410000071,
              528098.82239999808
            ],
            [
              342505.45620000083,
              528102.50320000388
            ],
            [
              342494.6818000013,
              528114.36020000093
            ],
            [
              342491.28940000013,
              528118.3319000043
            ],
            [
              342488.19820000045,
              528122.26140000112
            ],
            [
              342485.70090000052,
              528125.90270000137
            ],
            [
              342482.82799999975,
              528130.75740000233
            ],
            [
              342479.88310000021,
              528136.33420000225
            ],
            [
              342469.74580000155,
              528157.89829999954
            ],
            [
              342465.24370000046,
              528166.59060000256
            ],
            [
              342462.56799999997,
              528171.08390000276
            ],
            [
              342459.86400000099,
              528175.09390000254
            ],
            [
              342457.07800000068,
              528178.69989999942
            ],
            [
              342453.15429999959,
              528182.90139999986
            ],
            [
              342449.7620000001,
              528185.71000000089
            ],
            [
              342447.05769999977,
              528187.49860000238
            ],
            [
              342443.96660000179,
              528189.26139999926
            ],
            [
              342437.7471000012,
              528192.26529999822
            ],
            [
              342422.06280000135,
              528199.01249999925
            ],
            [
              342418.05100000091,
              528201.02360000275
            ],
            [
              342414.69990000129,
              528202.99160000123
            ],
            [
              342411.38800000027,
              528205.3850000035
            ],
            [
              342408.72039999999,
              528207.89920000173
            ],
            [
              342406.6473000003,
              528210.58159999922
            ],
            [
              342404.72539999988,
              528214.68170000054
            ],
            [
              342403.65510000009,
              528218.60820000246
            ],
            [
              342403.19800000172,
              528221.60080000199
            ],
            [
              342402.92349999957,
              528224.93260000274
            ],
            [
              342402.85280000046,
              528231.55849999748
            ],
            [
              342403.39659999963,
              528246.7324000001
            ],
            [
              342403.31490000151,
              528254.02630000003
            ],
            [
              342402.56630000006,
              528273.97240000218
            ],
            [
              342402.42410000041,
              528283.39280000329
            ],
            [
              342402.740600002,
              528292.95260000229
            ],
            [
              342403.62250000052,
              528301.09410000034
            ],
            [
              342404.39430000074,
              528305.24490000121
            ],
            [
              342405.3666000003,
              528309.05650000274
            ],
            [
              342406.54410000052,
              528312.54790000245
            ],
            [
              342407.93080000114,
              528315.73100000061
            ],
            [
              342409.5326000005,
              528318.61760000139
            ],
            [
              342411.3515999997,
              528321.2106999997
            ],
            [
              342413.39130000118,
              528323.51509999856
            ],
            [
              342415.65470000077,
              528325.53439999931
            ],
            [
              342418.8805000009,
              528327.66339999996
            ],
            [
              342422.95370000135,
              528329.60139999725
            ],
            [
              342427.2929000007,
              528331.20769999921
            ],
            [
              342439.19560000114,
              528335.10060000233
            ],
            [
              342442.55539999995,
              528336.4290000014
            ],
            [
              342450.56099999975,
              528340.09940000065
            ],
            [
              342460.90080000088,
              528345.60560000129
            ],
            [
              342465.16990000103,
              528348.0121000018
            ],
            [
              342468.75780000165,
              528350.29800000042
            ],
            [
              342472.13080000225,
              528352.81840000115
            ],
            [
              342474.89010000043,
              528355.3478000015
            ],
            [
              342477.07340000011,
              528357.92119999975
            ],
            [
              342478.69629999995,
              528360.55739999935
            ],
            [
              342480.05840000045,
              528364.10610000044
            ],
            [
              342480.84750000108,
              528368.20660000108
            ],
            [
              342481.065200001,
              528372.86600000225
            ],
            [
              342480.71240000054,
              528378.10190000199
            ],
            [
              342479.81120000221,
              528383.82220000215
            ],
            [
              342478.34820000082,
              528390.19930000044
            ],
            [
              342476.32349999994,
              528397.27810000256
            ],
            [
              342473.44280000217,
              528406.08750000224
            ],
            [
              342471.44039999973,
              528411.00330000184
            ],
            [
              342468.64460000116,
              528416.23350000195
            ],
            [
              342465.31250000093,
              528421.48340000212
            ],
            [
              342457.94510000013,
              528432.06890000217
            ],
            [
              342455.46939999983,
              528435.86620000191
            ],
            [
              342452.77550000232,
              528440.41070000269
            ],
            [
              342450.67780000065,
              528444.61290000007
            ],
            [
              342447.51260000095,
              528452.01620000042
            ],
            [
              342444.66240000073,
              528459.38270000368
            ],
            [
              342442.1464000009,
              528466.66270000115
            ],
            [
              342439.97709999979,
              528473.81960000284
            ],
            [
              342438.16620000079,
              528480.81299999915
            ],
            [
              342436.71669999976,
              528487.62859999947
            ],
            [
              342435.63289999962,
              528494.2461000029
            ],
            [
              342434.91739999969,
              528500.64980000071
            ],
            [
              342434.64390000142,
              528505.3507000003
            ],
            [
              342434.6071999995,
              528510.16510000266
            ],
            [
              342434.80720000155,
              528515.09940000251
            ],
            [
              342435.24410000071,
              528520.16180000082
            ],
            [
              342435.91830000002,
              528525.35779999942
            ],
            [
              342436.83150000032,
              528530.70380000025
            ],
            [
              342439.38729999959,
              528541.91159999929
            ],
            [
              342442.75420000032,
              528553.35590000078
            ],
            [
              342447.14039999992,
              528565.92530000396
            ],
            [
              342452.45279999916,
              528579.5083000008
            ],
            [
              342457.59100000095,
              528592.24120000377
            ],
            [
              342461.18470000103,
              528600.46570000239
            ],
            [
              342463.01979999989,
              528604.36099999957
            ],
            [
              342465.42669999972,
              528608.60600000247
            ],
            [
              342468.04499999899,
              528612.76920000091
            ],
            [
              342476.1875999989,
              528624.7818
            ],
            [
              342478.39910000004,
              528628.40970000066
            ],
            [
              342480.16820000112,
              528631.68720000237
            ],
            [
              342481.87430000119,
              528635.51040000096
            ],
            [
              342483.06020000111,
              528639.12640000135
            ],
            [
              342483.74970000051,
              528642.60890000314
            ],
            [
              342483.94969999976,
              528645.99570000172
            ],
            [
              342483.75569999963,
              528649.9793000035
            ],
            [
              342483.28660000116,
              528654.25280000083
            ],
            [
              342482.58239999972,
              528658.45940000378
            ],
            [
              342481.68370000087,
              528662.35979999974
            ],
            [
              342480.65650000051,
              528665.70720000193
            ],
            [
              342478.88849999942,
              528669.60430000164
            ],
            [
              342476.16550000012,
              528672.73149999976
            ],
            [
              342472.37229999993,
              528673.25630000047
            ],
            [
              342468.59900000039,
              528671.9616000019
            ],
            [
              342466.06460000202,
              528670.53669999912
            ],
            [
              342463.08839999977,
              528668.56739999913
            ],
            [
              342450.6035000002,
              528659.23829999939
            ],
            [
              342445.06749999989,
              528655.49290000275
            ],
            [
              342442.2062999988,
              528653.85590000078
            ],
            [
              342439.58510000072,
              528652.6138000004
            ],
            [
              342436.03980000224,
              528651.4982000012
            ],
            [
              342430.71330000088,
              528650.90540000051
            ],
            [
              342426.2694000015,
              528651.06770000048
            ],
            [
              342421.53770000208,
              528651.73729999922
            ],
            [
              342416.42160000093,
              528652.92760000005
            ],
            [
              342411.986800001,
              528654.26549999975
            ],
            [
              342407.01380000077,
              528656.01359999925
            ],
            [
              342386.01020000037,
              528664.23740000464
            ],
            [
              342381.3545000013,
              528665.80450000055
            ],
            [
              342377.12930000015,
              528667.00950000249
            ],
            [
              342369.04810000025,
              528668.80020000227
            ],
            [
              342350.25260000117,
              528672.08920000307
            ],
            [
              342341.9879999999,
              528673.82599999942
            ],
            [
              342337.56330000143,
              528674.99550000206
            ],
            [
              342333.5289000012,
              528676.27659999952
            ],
            [
              342329.80300000124,
              528677.69549999945
            ],
            [
              342326.34580000117,
              528679.26760000363
            ],
            [
              342323.42289999966,
              528680.84640000202
            ],
            [
              342320.48020000011,
              528682.69409999996
            ],
            [
              342314.39489999972,
              528687.28840000182
            ],
            [
              342308.60170000233,
              528692.46230000444
            ],
            [
              342297.40840000007,
              528703.39940000139
            ],
            [
              342293.48690000176,
              528707.01290000044
            ],
            [
              342288.75970000122,
              528711.02250000089
            ],
            [
              342284.31810000073,
              528714.29069999792
            ],
            [
              342278.54700000118,
              528718.18770000152
            ],
            [
              342270.81880000047,
              528723
            ],
            [
              342264.49660000019,
              528726.75190000422
            ],
            [
              342258.37750000041,
              528730.15140000172
            ],
            [
              342252.40500000119,
              528733.22870000452
            ],
            [
              342246.57670000009,
              528735.98370000347
            ],
            [
              342240.87440000102,
              528738.42510000244
            ],
            [
              342235.28580000065,
              528740.55809999816
            ],
            [
              342228.52919999976,
              528742.74220000021
            ],
            [
              342221.33420000132,
              528744.61560000107
            ],
            [
              342213.64010000136,
              528746.19460000284
            ],
            [
              342205.33090000041,
              528747.50310000032
            ],
            [
              342196.98749999981,
              528748.49280000106
            ],
            [
              342187.6360000018,
              528749.31709999964
            ],
            [
              342158.23490000144,
              528751.06500000134
            ],
            [
              342133.09990000073,
              528752.76200000197
            ],
            [
              342119.33790000156,
              528753.17890000157
            ],
            [
              342112.67400000058,
              528753.04950000159
            ],
            [
              342106.487900001,
              528752.65829999931
            ],
            [
              342100.67840000149,
              528751.99890000187
            ],
            [
              342095.19340000022,
              528751.06500000134
            ],
            [
              342091.02590000164,
              528750.04420000128
            ],
            [
              342086.74940000102,
              528748.63440000266
            ],
            [
              342082.31830000132,
              528746.82110000402
            ],
            [
              342077.64340000134,
              528744.5680999998
            ],
            [
              342069.23170000222,
              528739.8377000019
            ],
            [
              342050.0903000012,
              528728.00980000012
            ],
            [
              342045.29870000109,
              528725.32280000113
            ],
            [
              342040.90520000085,
              528723.10080000199
            ],
            [
              342036.77200000081,
              528721.2714000009
            ],
            [
              342032.79889999982,
              528719.78810000233
            ],
            [
              342028.93390000053,
              528718.63159999996
            ],
            [
              342025.14719999954,
              528717.79300000146
            ],
            [
              342020.78650000039,
              528717.05079999939
            ],
            [
              342015.30710000079,
              528716.36639999971
            ],
            [
              342005.13460000046,
              528715.58830000274
            ],
            [
              341994.89630000107,
              528715.47910000011
            ],
            [
              341984.87060000096,
              528716.04190000147
            ],
            [
              341976.8517000014,
              528717.10600000247
            ],
            [
              341968.56600000151,
              528718.86329999939
            ],
            [
              341959.97240000032,
              528721.32229999825
            ],
            [
              341950.99779999908,
              528724.5036999993
            ],
            [
              341941.76930000074,
              528728.34139999934
            ],
            [
              341931.87930000108,
              528732.98580000177
            ],
            [
              341921.11969999969,
              528738.52280000038
            ],
            [
              341907.81980000064,
              528745.8115000017
            ],
            [
              341899.93159999978,
              528749.89200000279
            ],
            [
              341880.83330000099,
              528758.90780000202
            ],
            [
              341872.38480000105,
              528763.12230000272
            ],
            [
              341864.30360000115,
              528767.64959999919
            ],
            [
              341857.90930000134,
              528771.91440000013
            ],
            [
              341854.83449999988,
              528774.36680000462
            ],
            [
              341852.24720000103,
              528776.7947999984
            ],
            [
              341850.13470000122,
              528779.21040000208
            ],
            [
              341847.89910000097,
              528782.82900000177
            ],
            [
              341846.45820000116,
              528787.67600000277
            ],
            [
              341846.52940000128,
              528791.34149999917
            ],
            [
              341847.31120000128,
              528794.49860000238
            ],
            [
              341848.60930000152,
              528798.05400000326
            ],
            [
              341850.36550000217,
              528801.84750000015
            ],
            [
              341852.48650000151,
              528805.67659999989
            ],
            [
              341854.84380000178,
              528809.31479999982
            ],
            [
              341857.33210000116,
              528812.6035999991
            ],
            [
              341859.84119999968,
              528815.3983000014
            ],
            [
              341863.10650000069,
              528818.18070000038
            ],
            [
              341866.67200000118,
              528820.10580000281
            ],
            [
              341869.72979999986,
              528821.1016000025
            ],
            [
              341874.40280000027,
              528821.78440000117
            ],
            [
              341879.81030000187,
              528821.77600000054
            ],
            [
              341884.50569999963,
              528821.30760000274
            ],
            [
              341889.88450000063,
              528820.4224000033
            ],
            [
              341895.01329999976,
              528819.38090000115
            ],
            [
              341911.41779999994,
              528815.57330000028
            ],
            [
              341930.79350000061,
              528812.48990000039
            ],
            [
              341942.65490000229,
              528809.97670000233
            ],
            [
              341953.91029999964,
              528807.11020000093
            ],
            [
              341980.53230000194,
              528799.7985999994
            ],
            [
              341993.88690000121,
              528796.59180000238
            ],
            [
              342000.40590000059,
              528795.29900000244
            ],
            [
              342006.56419999991,
              528794.29380000196
            ],
            [
              342012.45880000014,
              528793.56049999967
            ],
            [
              342018.14259999897,
              528793.09270000271
            ],
            [
              342026.09449999966,
              528792.64829999954
            ],
            [
              342035.13439999986,
              528792.39039999992
            ],
            [
              342050.44919999968,
              528792.44490000419
            ],
            [
              342057.65189999994,
              528792.75620000064
            ],
            [
              342064.57789999992,
              528793.25870000385
            ],
            [
              342071.24959999975,
              528793.95410000347
            ],
            [
              342077.68180000037,
              528794.84390000068
            ],
            [
              342089.73740000091,
              528796.78999999911
            ],
            [
              342098.62550000101,
              528798.43410000019
            ],
            [
              342106.57650000136,
              528800.18850000016
            ],
            [
              342113.70750000048,
              528802.09300000034
            ],
            [
              342120.41519999877,
              528804.27250000462
            ],
            [
              342126.53490000125,
              528806.69500000216
            ],
            [
              342132.12650000118,
              528809.38409999758
            ],
            [
              342137.22110000066,
              528812.3553999979
            ],
            [
              342146.30379999988,
              528818.2798999995
            ],
            [
              342152.97360000107,
              528822.96829999797
            ],
            [
              342158.58550000191,
              528827.37150000222
            ],
            [
              342163.08360000141,
              528831.46860000119
            ],
            [
              342166.58440000191,
              528835.3898999989
            ],
            [
              342169.50609999988,
              528840.33920000307
            ],
            [
              342170.50970000122,
              528844.85190000199
            ],
            [
              342169.91480000038,
              528848.04290000163
            ],
            [
              342167.75350000057,
              528852.69880000129
            ],
            [
              342164.94160000049,
              528856.8393000029
            ],
            [
              342161.40220000222,
              528861.01760000177
            ],
            [
              342157.41829999909,
              528864.89839999937
            ],
            [
              342153.32890000008,
              528868.14870000258
            ],
            [
              342149.44600000046,
              528870.52240000106
            ],
            [
              342146.7293000007,
              528871.65600000136
            ],
            [
              342142.87160000205,
              528872.0867999997
            ],
            [
              342138.20689999964,
              528870.77870000154
            ],
            [
              342134.47260000091,
              528868.77540000156
            ],
            [
              342131.69070000015,
              528866.87450000085
            ],
            [
              342120.41100000031,
              528858.07030000165
            ],
            [
              342115.4468000019,
              528854.62710000016
            ],
            [
              342111.53569999989,
              528852.55790000036
            ],
            [
              342106.81999999937,
              528851.06860000268
            ],
            [
              342102.02290000208,
              528850.78839999996
            ],
            [
              342098.11730000097,
              528851.14200000092
            ],
            [
              342093.94920000061,
              528851.94439999945
            ],
            [
              342089.44910000078,
              528853.20859999955
            ],
            [
              342085.27529999986,
              528854.67100000195
            ],
            [
              342080.60749999993,
              528856.55120000243
            ],
            [
              342067.43300000113,
              528862.1688000001
            ],
            [
              342055.47430000082,
              528867.74700000137
            ],
            [
              342048.88300000038,
              528871.05179999955
            ],
            [
              342042.07700000051,
              528874.83940000087
            ],
            [
              342034.91820000019,
              528879.18630000204
            ],
            [
              342022.12510000076,
              528887.67450000159
            ],
            [
              341993.93370000087,
              528907.48920000158
            ],
            [
              341981.36830000114,
              528915.67350000143
            ],
            [
              341972.83790000062,
              528920.88930000179
            ],
            [
              341947.48359999992,
              528935.75590000115
            ],
            [
              341939.42850000039,
              528940.76690000109
            ],
            [
              341932.33600000013,
              528945.44319999963
            ],
            [
              341908.87250000052,
              528961.19990000315
            ],
            [
              341902.17019999959,
              528965.95769999921
            ],
            [
              341896.31610000134,
              528970.37430000305
            ],
            [
              341890.47760000173,
              528975.13220000267
            ],
            [
              341885.2452999996,
              528979.81369999982
            ],
            [
              341880.53319999948,
              528984.49620000459
            ],
            [
              341876.29900000058,
              528989.22199999914
            ],
            [
              341871.07699999958,
              528995.93560000136
            ],
            [
              341865.76010000054,
              529003.80280000158
            ],
            [
              341860.43520000018,
              529012.57780000195
            ],
            [
              341851.78280000109,
              529027.74740000069
            ],
            [
              341849.2929000007,
              529031.76330000162
            ],
            [
              341842.59810000006,
              529041.77859999985
            ],
            [
              341839.3088000007,
              529047.54200000316
            ],
            [
              341837.88290000055,
              529053.07410000265
            ],
            [
              341839.53990000207,
              529056.2733000014
            ],
            [
              341843.21380000003,
              529057.75320000201
            ],
            [
              341846.91750000045,
              529058.27569999918
            ],
            [
              341849.81700000074,
              529058.43870000169
            ],
            [
              341854.61430000141,
              529058.43040000275
            ],
            [
              341872.85580000188,
              529057.5429999996
            ],
            [
              341879.8013000004,
              529057.51710000448
            ],
            [
              341886.20600000024,
              529057.93099999987
            ],
            [
              341902.80940000154,
              529059.36689999886
            ],
            [
              341911.77170000039,
              529059.71020000428
            ],
            [
              341916.58100000117,
              529059.5763000045
            ],
            [
              341920.9795000013,
              529059.17129999958
            ],
            [
              341925.05020000134,
              529058.48729999922
            ],
            [
              341928.83370000031,
              529057.51710000448
            ],
            [
              341933.14219999965,
              529055.95900000073
            ],
            [
              341937.52520000003,
              529053.89390000142
            ],
            [
              341942.02049999963,
              529051.30439999886
            ],
            [
              341946.70000000019,
              529048.1492999997
            ],
            [
              341951.07760000043,
              529044.83080000058
            ],
            [
              341955.86780000106,
              529040.87360000238
            ],
            [
              341967.71439999994,
              529030.75730000064
            ],
            [
              341971.88210000098,
              529026.9057
            ],
            [
              341975.53519999981,
              529023.26700000092
            ],
            [
              341978.61960000172,
              529019.97880000249
            ],
            [
              341989.3554000007,
              529007.01300000399
            ],
            [
              341993.9066000022,
              529002.034500001
            ],
            [
              341996.50030000135,
              528999.60340000317
            ],
            [
              341999.03959999885,
              528997.55639999919
            ],
            [
              342001.57490000036,
              528995.85300000012
            ],
            [
              342004.13329999987,
              528994.47549999878
            ],
            [
              342009.37520000059,
              528992.29209999926
            ],
            [
              342015.26660000067,
              528990.37040000036
            ],
            [
              342021.36409999989,
              528988.85410000198
            ],
            [
              342027.29160000011,
              528987.83620000072
            ],
            [
              342032.63520000037,
              528987.37300000153
            ],
            [
              342037.34350000136,
              528987.45270000026
            ],
            [
              342042.18260000087,
              528988.34820000082
            ],
            [
              342045.00739999954,
              528989.60140000097
            ],
            [
              342047.77670000028,
              528992.48490000144
            ],
            [
              342049.67410000227,
              528996.8022000026
            ],
            [
              342050.4709999999,
              529001.05640000105
            ],
            [
              342050.79240000062,
              529005.14900000021
            ],
            [
              342050.85740000196,
              529010.08360000141
            ],
            [
              342050.15170000121,
              529028.26550000347
            ],
            [
              342050.09530000109,
              529035.24850000069
            ],
            [
              342050.4935000008,
              529041.70960000157
            ],
            [
              342051.41450000089,
              529047.01010000333
            ],
            [
              342053.29590000212,
              529053.51950000226
            ],
            [
              342055.84170000162,
              529060.54949999973
            ],
            [
              342059.07980000041,
              529068.2499000039
            ],
            [
              342066.64510000125,
              529084.76130000129
            ],
            [
              342069.26219999976,
              529090.88000000082
            ],
            [
              342072.07060000021,
              529098.16050000116
            ],
            [
              342074.17950000055,
              529104.79829999991
            ],
            [
              342075.6827000007,
              529111.10909999907
            ],
            [
              342076.89480000082,
              529118.29270000011
            ],
            [
              342079.86529999971,
              529128.72619999945
            ],
            [
              342085.81030000094,
              529146.48359999992
            ],
            [
              342085.62469999958,
              529160.32420000434
            ],
            [
              342086.30009999964,
              529170.07829999737
            ],
            [
              342087.78839999996,
              529179.36000000313
            ],
            [
              342093.19819999952,
              529187.49719999731
            ],
            [
              342100.77260000072,
              529198.71690000035
            ],
            [
              342105.68470000103,
              529209.72120000049
            ],
            [
              342113.61930000037,
              529223.69450000115
            ],
            [
              342118.13960000221,
              529234.472000001
            ],
            [
              342117.74500000104,
              529243.64420000091
            ],
            [
              342116.12470000051,
              529254.00260000117
            ],
            [
              342116.15460000187,
              529268.56060000323
            ],
            [
              342117.41849999968,
              529276.66259999946
            ],
            [
              342120.31549999956,
              529285.7389999982
            ],
            [
              342123.71370000113,
              529294.83820000105
            ],
            [
              342130.24700000044,
              529311.04230000079
            ],
            [
              342136.89680000115,
              529325.39709999971
            ],
            [
              342142.74440000113,
              529339.75049999915
            ],
            [
              342149.12270000018,
              529359.87520000152
            ],
            [
              342150.30470000021,
              529366.0752000045
            ],
            [
              342154.04960000049,
              529372.12989999913
            ],
            [
              342162.01910000015,
              529376.72959999926
            ],
            [
              342173.86800000072,
              529384.97210000083
            ],
            [
              342185.69479999971,
              529393.79189999774
            ],
            [
              342193.05920000095,
              529399.07609999925
            ],
            [
              342195.00920000207,
              529402.49459999986
            ]
          ]
        ]
      }
    },
    {
      "attributes" : {
        "FID" : 1,
        "PMNTN_SN" : 9144,
        "MNTN_CODE" : "427709801",
        "MNTN_NM" : "나팔봉",
        "PMNTN_NM" : "광하리구간",
        "PMNTN_MAIN" : " ",
        "PMNTN_LT" : 1.2,
        "PMNTN_DFFL" : "쉬움",
        "PMNTN_UPPL" : 21,
        "PMNTN_GODN" : 15,
        "PMNTN_MTRQ" : " ",
        "PMNTN_CNRL" : " ",
        "PMNTN_CLS_" : " ",
        "PMNTN_RISK" : " ",
        "PMNTN_RECO" : " ",
        "DATA_STDR_" : "2016-12-31",
        "MNTN_ID" : "427701501"
      },
      "geometry" : {
        "paths" : [
          [
            [
              342195.00920000207,
              529402.49459999986
            ],
            [
              342192.99040000048,
              529405.45660000108
            ],
            [
              342188.12210000027,
              529407.80659999885
            ],
            [
              342181.47250000201,
              529410.12740000337
            ],
            [
              342165.77520000003,
              529413.79439999908
            ],
            [
              342155.01260000095,
              529419.29350000061
            ],
            [
              342137.64400000125,
              529432.56780000031
            ],
            [
              342113.66629999969,
              529458.94070000015
            ],
            [
              342080.75399999972,
              529496.75150000118
            ],
            [
              342044.57160000037,
              529538.09659999982
            ],
            [
              341997.13460000046,
              529595.67410000041
            ],
            [
              341976.88370000105,
              529619.63100000285
            ],
            [
              341962.58770000003,
              529632.59460000135
            ],
            [
              341938.7293999996,
              529652.15470000356
            ],
            [
              341914.18540000077,
              529675.46729999967
            ],
            [
              341902.54050000105,
              529688.95940000005
            ],
            [
              341894.40420000069,
              529699.81820000149
            ],
            [
              341891.45450000092,
              529706.96740000136
            ],
            [
              341888.3674000008,
              529715.06149999984
            ],
            [
              341878.45360000059,
              529743.13200000115
            ],
            [
              341874.47400000039,
              529753.86060000211
            ],
            [
              341870.12870000023,
              529764.45940000005
            ],
            [
              341865.7921000002,
              529773.73940000124
            ],
            [
              341862.11630000081,
              529780.80180000141
            ],
            [
              341857.81310000084,
              529788.57280000113
            ],
            [
              341843.09720000066,
              529813.71670000255
            ],
            [
              341837.87360000145,
              529822.91279999912
            ],
            [
              341833.0560000008,
              529831.9616000019
            ],
            [
              341829.01779999956,
              529840.28329999931
            ],
            [
              341826.22879999969,
              529846.62370000221
            ],
            [
              341823.51850000117,
              529853.32510000095
            ],
            [
              341816.88389999978,
              529866.80980000272
            ],
            [
              341811.34900000039,
              529882.37690000422
            ],
            [
              341809.03190000169,
              529894.86340000294
            ],
            [
              341807.17030000035,
              529914.94180000201
            ],
            [
              341806.4355000006,
              529928.00160000101
            ],
            [
              341802.94289999921,
              529935.22019999847
            ],
            [
              341797.01740000024,
              529947.01690000296
            ],
            [
              341785.6007000003,
              529961.02480000071
            ],
            [
              341767.98720000125,
              529994.87649999931
            ],
            [
              341760.65240000188,
              530012.76760000177
            ],
            [
              341753.3199000014,
              530036.12320000306
            ],
            [
              341750.97500000056,
              530051.45460000075
            ],
            [
              341746.46270000096,
              530065.66080000252
            ],
            [
              341739.23930000048,
              530077.51159999892
            ],
            [
              341726.4663000023,
              530096.60330000147
            ],
            [
              341715.80860000011,
              530111.49389999919
            ],
            [
              341707.45019999985,
              530126.84380000085
            ],
            [
              341697.34970000107,
              530146.79710000195
            ],
            [
              341684.73460000101,
              530170.84930000268
            ],
            [
              341680.55500000063,
              530180.18960000016
            ],
            [
              341679.00140000135,
              530186.48130000196
            ],
            [
              341681.74640000146,
              530192.1379000023
            ],
            [
              341681.722000001,
              530198.84500000067
            ],
            [
              341680.96890000068,
              530210.30710000172
            ],
            [
              341680.54190000053,
              530218.128800001
            ],
            [
              341682.55830000155,
              530230.60129999928
            ],
            [
              341687.28520000074,
              530244.27010000125
            ],
            [
              341694.41029999964,
              530260.27750000171
            ],
            [
              341700.42150000017,
              530273.35740000382
            ],
            [
              341783.34269999992,
              530363.90059999935
            ],
            [
              341800.99940000102,
              530379.63900000043
            ]
          ]
        ]
      }
    },
    {
      "attributes" : {
        "FID" : 2,
        "PMNTN_SN" : 9145,
        "MNTN_CODE" : "427709801",
        "MNTN_NM" : "나팔봉",
        "PMNTN_NM" : "광하리구간",
        "PMNTN_MAIN" : " ",
        "PMNTN_LT" : 1.79,
        "PMNTN_DFFL" : "쉬움",
        "PMNTN_UPPL" : 32,
        "PMNTN_GODN" : 22,
        "PMNTN_MTRQ" : " ",
        "PMNTN_CNRL" : " ",
        "PMNTN_CLS_" : " ",
        "PMNTN_RISK" : " ",
        "PMNTN_RECO" : " ",
        "DATA_STDR_" : "2016-12-31",
        "MNTN_ID" : "427701501"
      },
      "geometry" : {
        "paths" : [
          [
            [
              342195.00920000207,
              529402.49459999986
            ],
            [
              342227.61310000066,
              529425.72720000334
            ],
            [
              342250.91320000123,
              529452.15310000069
            ],
            [
              342267.41130000073,
              529467.46299999952
            ],
            [
              342277.26220000163,
              529476.89809999987
            ],
            [
              342296.93450000137,
              529487.65480000153
            ],
            [
              342323.74019999988,
              529500.60950000025
            ],
            [
              342350.92620000057,
              529515.79380000196
            ],
            [
              342377.0521000009,
              529527.86309999973
            ],
            [
              342407.00999999978,
              529541.79509999976
            ],
            [
              342419.56799999997,
              529550.23580000177
            ],
            [
              342428.47869999986,
              529556.70180000365
            ],
            [
              342437.85220000055,
              529584.57390000112
            ],
            [
              342441.15570000093,
              529601.57340000197
            ],
            [
              342452.35089999903,
              529614.47110000066
            ],
            [
              342460.62550000008,
              529619.56560000218
            ],
            [
              342468.39960000105,
              529618.56120000407
            ],
            [
              342517.20959999971,
              529616.00510000065
            ],
            [
              342525.09539999999,
              529616.87069999985
            ],
            [
              342531.14290000033,
              529618.65040000342
            ],
            [
              342540.17019999959,
              529627.44310000166
            ],
            [
              342558.05860000011,
              529646.03130000085
            ],
            [
              342575.65139999986,
              529662.06020000018
            ],
            [
              342601.73230000027,
              529679.11880000122
            ],
            [
              342615.26140000112,
              529686.88350000232
            ],
            [
              342631.5150000006,
              529695.27500000037
            ],
            [
              342649.38909999933,
              529710.05590000376
            ],
            [
              342661.13770000078,
              529721.36419999786
            ],
            [
              342673.68070000038,
              529734.76110000163
            ],
            [
              342687.86970000062,
              529751.4450000003
            ],
            [
              342699.80020000041,
              529767.02679999918
            ],
            [
              342709.41810000036,
              529774.53079999983
            ],
            [
              342718.4709999999,
              529779.36680000275
            ],
            [
              342728.50720000081,
              529784.77030000091
            ],
            [
              342738.87310000136,
              529790.38719999976
            ],
            [
              342748.11070000008,
              529796.33530000038
            ],
            [
              342753.88009999972,
              529805.40780000389
            ],
            [
              342763.53650000133,
              529816.15890000015
            ],
            [
              342776.16940000094,
              529832.45590000041
            ],
            [
              342801.05150000006,
              529857.80089999922
            ],
            [
              342818.09259999916,
              529877.74420000054
            ],
            [
              342824.59449999966,
              529883.17110000364
            ],
            [
              342837.49120000098,
              529892.62450000085
            ],
            [
              342849.93570000026,
              529900.06909999996
            ],
            [
              342864.34470000118,
              529907.03150000051
            ],
            [
              342872.59949999955,
              529912.41789999977
            ],
            [
              342881.26620000042,
              529918.60220000334
            ],
            [
              342890.13229999971,
              529931.0594000034
            ],
            [
              342897.94160000049,
              529939.51480000094
            ],
            [
              342906.26080000028,
              529947.38590000011
            ],
            [
              342914.71970000025,
              529952.38159999996
            ],
            [
              342923.84489999991,
              529956.98250000179
            ],
            [
              342933.82040000055,
              529960.70630000159
            ],
            [
              342944.62260000221,
              529961.4560000021
            ],
            [
              342957.20239999983,
              529959.71499999985
            ],
            [
              342969.14099999983,
              529958.78430000134
            ],
            [
              342979.45500000007,
              529957.65249999985
            ],
            [
              342992.00720000081,
              529959.47190000117
            ],
            [
              342998.88150000013,
              529964.58410000242
            ],
            [
              343007.60080000106,
              529971.06840000115
            ],
            [
              343020.35620000027,
              529982.79990000091
            ],
            [
              343029.26870000083,
              529992.18750000373
            ],
            [
              343034.70669999998,
              530002.34620000236
            ],
            [
              343039.51609999873,
              530009.44710000232
            ],
            [
              343044.19250000082,
              530016.2349000033
            ],
            [
              343051.24749999959,
              530024.8618000038
            ],
            [
              343063.67970000021,
              530031.09259999916
            ],
            [
              343072.71729999967,
              530034.46170000173
            ],
            [
              343081.50179999974,
              530038.88190000132
            ],
            [
              343090.87750000134,
              530042.90770000219
            ],
            [
              343099.40160000138,
              530050.43140000105
            ],
            [
              343110.10890000034,
              530059.42180000246
            ],
            [
              343124.09179999959,
              530075.85330000147
            ],
            [
              343132.79000000097,
              530089.39910000004
            ],
            [
              343139.12819999922,
              530096.26170000061
            ],
            [
              343147.11050000135,
              530102.2226000037
            ],
            [
              343156.47230000049,
              530107.19620000198
            ],
            [
              343164.20139999967,
              530112.11940000392
            ],
            [
              343171.54319999926,
              530118.12110000104
            ],
            [
              343179.06830000132,
              530126.9422999993
            ],
            [
              343186.58760000207,
              530135.56460000202
            ],
            [
              343196.72470000107,
              530143.13499999978
            ],
            [
              343201.5549999997,
              530145.59300000407
            ],
            [
              343206.6138000004,
              530148.16730000079
            ],
            [
              343216.26610000059,
              530147.89860000275
            ],
            [
              343232.15780000109,
              530147.04790000245
            ],
            [
              343250.27340000123,
              530150.18620000035
            ],
            [
              343263.21130000055,
              530150.76060000062
            ],
            [
              343283.0943,
              530155.39600000158
            ],
            [
              343292.14890000131,
              530159.9170999974
            ],
            [
              343303.36810000055,
              530166.47250000015
            ],
            [
              343313.42790000048,
              530175.09589999914
            ],
            [
              343321.68020000216,
              530187.4271000009
            ],
            [
              343327.66420000046,
              530198.97510000132
            ],
            [
              343332.66149999946,
              530209.37989999913
            ],
            [
              343335.21290000156,
              530215.72330000252
            ],
            [
              343337.71870000195,
              530222.79439999908
            ],
            [
              343339.99629999977,
              530232.16080000252
            ],
            [
              343340.25570000056,
              530239.61410000362
            ],
            [
              343343.34890000056,
              530256.65530000441
            ],
            [
              343341.30130000133,
              530265.41630000249
            ],
            [
              343339.84320000093,
              530278.38130000234
            ],
            [
              343340.7463999996,
              530289.51529999822
            ],
            [
              343342.69830000028,
              530300.44030000083
            ],
            [
              343344.76659999881,
              530310.06620000117
            ],
            [
              343352.00260000117,
              530320.06290000118
            ],
            [
              343358.1922999993,
              530334.63110000081
            ],
            [
              343357.66480000038,
              530350.80729999952
            ],
            [
              343354.99410000164,
              530367.34860000201
            ],
            [
              343351.56660000049,
              530390.1632000003
            ],
            [
              343351.08980000019,
              530396.0791000016
            ],
            [
              343350.90749999974,
              530402.11360000074
            ],
            [
              343351.08320000209,
              530407.75339999981
            ],
            [
              343351.61990000214,
              530413.08770000376
            ],
            [
              343352.99569999985,
              530422.408400001
            ],
            [
              343355.04180000164,
              530432.472000001
            ],
            [
              343356.50949999969,
              530438.48460000008
            ],
            [
              343357.50260000024,
              530441.19830000214
            ],
            [
              343359.24600000121,
              530444.19649999961
            ],
            [
              343361.95150000229,
              530446.47460000031
            ],
            [
              343365.11519999988,
              530446.94760000147
            ],
            [
              343368.14170000143,
              530446.43779999763
            ],
            [
              343372.48350000102,
              530444.86910000257
            ],
            [
              343381.71090000216,
              530440.6436999999
            ],
            [
              343385.62630000059,
              530439.04249999858
            ],
            [
              343389.50230000168,
              530437.87370000407
            ],
            [
              343392.79910000227,
              530437.4271000009
            ],
            [
              343398.3041000003,
              530437.49700000137
            ],
            [
              343403.79970000125,
              530438.04720000364
            ],
            [
              343409.28600000031,
              530439.07780000195
            ],
            [
              343414.76300000027,
              530440.58880000189
            ],
            [
              343420.23070000019,
              530442.58019999787
            ],
            [
              343425.68910000101,
              530445.05190000124
            ],
            [
              343431.13820000086,
              530448.00390000269
            ],
            [
              343436.57800000068,
              530451.43630000018
            ]
          ]
        ]
      }
    }
  ]
}