{
  "displayFieldName" : "",
  "fieldAliases" : {
    "FID" : "FID",
    "PMNTN_SPOT" : "PMNTN_SPOT",
    "MNTN_CODE" : "MNTN_CODE",
    "MANAGE_SP1" : "MANAGE_SP1",
    "MANAGE_SP2" : "MANAGE_SP2",
    "DETAIL_SPO" : "DETAIL_SPO",
    "ETC_MATTER" : "ETC_MATTER",
    "MNTN_NM" : "MNTN_NM",
    "PAST_SPOT_" : "PAST_SPOT_",
    "MNTN_ID" : "MNTN_ID"
  },
  "geometryType" : "esriGeometryPoint",
  "spatialReference" : {
    "wkt" : "PROJCS[\"PCS_ITRF2000_TM\",GEOGCS[\"GCS_ITRF_2000\",DATUM[\"D_ITRF_2000\",SPHEROID[\"GRS_1980\",6378137.0,298.257222101]],PRIMEM[\"Greenwich\",0.0],UNIT[\"Degree\",0.0174532925199433]],PROJECTION[\"Transverse_Mercator\"],PARAMETER[\"False_Easting\",200000.0],PARAMETER[\"False_Northing\",600000.0],PARAMETER[\"Central_Meridian\",127.0],PARAMETER[\"Scale_Factor\",1.0],PARAMETER[\"Latitude_Of_Origin\",38.0],UNIT[\"Meter\",1.0]]"
  },
  "fields" : [
    {
      "name" : "FID",
      "type" : "esriFieldTypeOID",
      "alias" : "FID"
    },
    {
      "name" : "PMNTN_SPOT",
      "type" : "esriFieldTypeDouble",
      "alias" : "PMNTN_SPOT"
    },
    {
      "name" : "MNTN_CODE",
      "type" : "esriFieldTypeString",
      "alias" : "MNTN_CODE",
      "length" : 9
    },
    {
      "name" : "MANAGE_SP1",
      "type" : "esriFieldTypeString",
      "alias" : "MANAGE_SP1",
      "length" : 2
    },
    {
      "name" : "MANAGE_SP2",
      "type" : "esriFieldTypeString",
      "alias" : "MANAGE_SP2",
      "length" : 50
    },
    {
      "name" : "DETAIL_SPO",
      "type" : "esriFieldTypeString",
      "alias" : "DETAIL_SPO",
      "length" : 200
    },
    {
      "name" : "ETC_MATTER",
      "type" : "esriFieldTypeString",
      "alias" : "ETC_MATTER",
      "length" : 200
    },
    {
      "name" : "MNTN_NM",
      "type" : "esriFieldTypeString",
      "alias" : "MNTN_NM",
      "length" : 50
    },
    {
      "name" : "PAST_SPOT_",
      "type" : "esriFieldTypeString",
      "alias" : "PAST_SPOT_",
      "length" : 14
    },
    {
      "name" : "MNTN_ID",
      "type" : "esriFieldTypeString",
      "alias" : "MNTN_ID",
      "length" : 10
    }
  ],
  "features" : [
    {
      "attributes" : {
        "FID" : 0,
        "PMNTN_SPOT" : 81701,
        "MNTN_CODE" : "431503701",
        "MANAGE_SP1" : "01",
        "MANAGE_SP2" : "시종점",
        "DETAIL_SPO" : "시종점",
        "ETC_MATTER" : " ",
        "MNTN_NM" : "천등산",
        "PAST_SPOT_" : "4315037010001",
        "MNTN_ID" : "431503701"
      },
      "geometry" : {
        "x" : 288256.88709999993,
        "y" : 501388.502700001
      }
    },
    {
      "attributes" : {
        "FID" : 1,
        "PMNTN_SPOT" : 81702,
        "MNTN_CODE" : "431503701",
        "MANAGE_SP1" : "02",
        "MANAGE_SP2" : "분기점",
        "DETAIL_SPO" : "분기점",
        "ETC_MATTER" : " ",
        "MNTN_NM" : "천등산",
        "PAST_SPOT_" : "4315037010002",
        "MNTN_ID" : "431503701"
      },
      "geometry" : {
        "x" : 289213.16180000082,
        "y" : 500354.65220000409
      }
    },
    {
      "attributes" : {
        "FID" : 2,
        "PMNTN_SPOT" : 81703,
        "MNTN_CODE" : "431503701",
        "MANAGE_SP1" : "01",
        "MANAGE_SP2" : "시종점",
        "DETAIL_SPO" : "시종점",
        "ETC_MATTER" : " ",
        "MNTN_NM" : "천등산",
        "PAST_SPOT_" : "4315037010003",
        "MNTN_ID" : "431503701"
      },
      "geometry" : {
        "x" : 289218.26610000059,
        "y" : 500335.41719999909
      }
    },
    {
      "attributes" : {
        "FID" : 3,
        "PMNTN_SPOT" : 81704,
        "MNTN_CODE" : "431503701",
        "MANAGE_SP1" : "01",
        "MANAGE_SP2" : "시종점",
        "DETAIL_SPO" : "시종점",
        "ETC_MATTER" : " ",
        "MNTN_NM" : "천등산",
        "PAST_SPOT_" : "4315037010004",
        "MNTN_ID" : "431503701"
      },
      "geometry" : {
        "x" : 289491.92030000128,
        "y" : 501858.28949999996
      }
    },
    {
      "attributes" : {
        "FID" : 4,
        "PMNTN_SPOT" : 99388,
        "MNTN_CODE" : "431503701",
        "MANAGE_SP1" : "99",
        "MANAGE_SP2" : "기타",
        "DETAIL_SPO" : "다리",
        "ETC_MATTER" : " ",
        "MNTN_NM" : "천등산",
        "PAST_SPOT_" : "4315037010005",
        "MNTN_ID" : "431503701"
      },
      "geometry" : {
        "x" : 289567.9786999991,
        "y" : 501549.100199999
      }
    },
    {
      "attributes" : {
        "FID" : 5,
        "PMNTN_SPOT" : 99389,
        "MNTN_CODE" : "431503701",
        "MANAGE_SP1" : "10",
        "MANAGE_SP2" : "이정표",
        "DETAIL_SPO" : "이정표",
        "ETC_MATTER" : " ",
        "MNTN_NM" : "천등산",
        "PAST_SPOT_" : "4315037010006",
        "MNTN_ID" : "431503701"
      },
      "geometry" : {
        "x" : 289594.23830000189,
        "y" : 501478.75119999988
      }
    }
  ]
}