{
  "displayFieldName" : "",
  "fieldAliases" : {
    "FID" : "FID",
    "PMNTN_SN" : "PMNTN_SN",
    "MNTN_CODE" : "MNTN_CODE",
    "MNTN_NM" : "MNTN_NM",
    "PMNTN_NM" : "PMNTN_NM",
    "PMNTN_MAIN" : "PMNTN_MAIN",
    "PMNTN_LT" : "PMNTN_LT",
    "PMNTN_DFFL" : "PMNTN_DFFL",
    "PMNTN_UPPL" : "PMNTN_UPPL",
    "PMNTN_GODN" : "PMNTN_GODN",
    "PMNTN_MTRQ" : "PMNTN_MTRQ",
    "PMNTN_CNRL" : "PMNTN_CNRL",
    "PMNTN_CLS_" : "PMNTN_CLS_",
    "PMNTN_RISK" : "PMNTN_RISK",
    "PMNTN_RECO" : "PMNTN_RECO",
    "DATA_STDR_" : "DATA_STDR_",
    "MNTN_ID" : "MNTN_ID"
  },
  "geometryType" : "esriGeometryPolyline",
  "spatialReference" : {
    "wkt" : "PROJCS[\"PCS_ITRF2000_TM\",GEOGCS[\"GCS_ITRF_2000\",DATUM[\"D_ITRF_2000\",SPHEROID[\"GRS_1980\",6378137.0,298.257222101]],PRIMEM[\"Greenwich\",0.0],UNIT[\"Degree\",0.0174532925199433]],PROJECTION[\"Transverse_Mercator\"],PARAMETER[\"False_Easting\",200000.0],PARAMETER[\"False_Northing\",600000.0],PARAMETER[\"Central_Meridian\",127.0],PARAMETER[\"Scale_Factor\",1.0],PARAMETER[\"Latitude_Of_Origin\",38.0],UNIT[\"Meter\",1.0]]"
  },
  "fields" : [
    {
      "name" : "FID",
      "type" : "esriFieldTypeOID",
      "alias" : "FID"
    },
    {
      "name" : "PMNTN_SN",
      "type" : "esriFieldTypeDouble",
      "alias" : "PMNTN_SN"
    },
    {
      "name" : "MNTN_CODE",
      "type" : "esriFieldTypeString",
      "alias" : "MNTN_CODE",
      "length" : 9
    },
    {
      "name" : "MNTN_NM",
      "type" : "esriFieldTypeString",
      "alias" : "MNTN_NM",
      "length" : 50
    },
    {
      "name" : "PMNTN_NM",
      "type" : "esriFieldTypeString",
      "alias" : "PMNTN_NM",
      "length" : 50
    },
    {
      "name" : "PMNTN_MAIN",
      "type" : "esriFieldTypeString",
      "alias" : "PMNTN_MAIN",
      "length" : 200
    },
    {
      "name" : "PMNTN_LT",
      "type" : "esriFieldTypeSingle",
      "alias" : "PMNTN_LT"
    },
    {
      "name" : "PMNTN_DFFL",
      "type" : "esriFieldTypeString",
      "alias" : "PMNTN_DFFL",
      "length" : 8
    },
    {
      "name" : "PMNTN_UPPL",
      "type" : "esriFieldTypeDouble",
      "alias" : "PMNTN_UPPL"
    },
    {
      "name" : "PMNTN_GODN",
      "type" : "esriFieldTypeDouble",
      "alias" : "PMNTN_GODN"
    },
    {
      "name" : "PMNTN_MTRQ",
      "type" : "esriFieldTypeString",
      "alias" : "PMNTN_MTRQ",
      "length" : 200
    },
    {
      "name" : "PMNTN_CNRL",
      "type" : "esriFieldTypeString",
      "alias" : "PMNTN_CNRL",
      "length" : 1
    },
    {
      "name" : "PMNTN_CLS_",
      "type" : "esriFieldTypeString",
      "alias" : "PMNTN_CLS_",
      "length" : 1
    },
    {
      "name" : "PMNTN_RISK",
      "type" : "esriFieldTypeString",
      "alias" : "PMNTN_RISK",
      "length" : 200
    },
    {
      "name" : "PMNTN_RECO",
      "type" : "esriFieldTypeString",
      "alias" : "PMNTN_RECO",
      "length" : 1
    },
    {
      "name" : "DATA_STDR_",
      "type" : "esriFieldTypeString",
      "alias" : "DATA_STDR_",
      "length" : 10
    },
    {
      "name" : "MNTN_ID",
      "type" : "esriFieldTypeString",
      "alias" : "MNTN_ID",
      "length" : 10
    }
  ],
  "features" : [
    {
      "attributes" : {
        "FID" : 0,
        "PMNTN_SN" : 25681,
        "MNTN_CODE" : "428102501",
        "MNTN_NM" : "봉화봉",
        "PMNTN_NM" : "원통리구간",
        "PMNTN_MAIN" : " ",
        "PMNTN_LT" : 0.96,
        "PMNTN_DFFL" : "쉬움",
        "PMNTN_UPPL" : 29,
        "PMNTN_GODN" : 20,
        "PMNTN_MTRQ" : " ",
        "PMNTN_CNRL" : " ",
        "PMNTN_CLS_" : " ",
        "PMNTN_RISK" : " ",
        "PMNTN_RECO" : " ",
        "DATA_STDR_" : "2016-12-31",
        "MNTN_ID" : "428102501"
      },
      "geometry" : {
        "paths" : [
          [
            [
              306367.53430000041,
              615634.93139999919
            ],
            [
              306368.20430000126,
              615642.56299999915
            ],
            [
              306369.44849999994,
              615649.51050000079
            ],
            [
              306371.26680000126,
              615655.77380000241
            ],
            [
              306373.65919999965,
              615661.35300000012
            ],
            [
              306375.84819999989,
              615665.06709999964
            ],
            [
              306379.24540000036,
              615669.44910000078
            ],
            [
              306383.21659999993,
              615673.14699999988
            ],
            [
              306387.7620000001,
              615676.16070000269
            ],
            [
              306391.82440000121,
              615677.87920000218
            ],
            [
              306398.85030000098,
              615679.54310000129
            ],
            [
              306402.30910000112,
              615681.20670000277
            ],
            [
              306404.74750000052,
              615683.63790000044
            ],
            [
              306406.29800000135,
              615686.13780000247
            ],
            [
              306407.91760000121,
              615690.13220000267
            ],
            [
              306410.50490000006,
              615698.7826000005
            ],
            [
              306411.74530000053,
              615702.26480000094
            ],
            [
              306413.37780000083,
              615705.53820000216
            ],
            [
              306415.27759999968,
              615708.00790000334
            ],
            [
              306418.12040000036,
              615710.6483000014
            ],
            [
              306421.3498000009,
              615713.15240000188
            ],
            [
              306424.9012000002,
              615715.4700000044
            ],
            [
              306428.69469999894,
              615717.54869999923
            ],
            [
              306432.64250000007,
              615719.34060000256
            ],
            [
              306436.65280000027,
              615720.80379999988
            ],
            [
              306440.63480000105,
              615721.90540000238
            ],
            [
              306444.50810000114,
              615722.62310000136
            ],
            [
              306448.57909999974,
              615722.90919999965
            ],
            [
              306453.20970000047,
              615722.71600000188
            ],
            [
              306458.23460000101,
              615722.10579999909
            ],
            [
              306466.91820000019,
              615720.67440000363
            ],
            [
              306470.35659999959,
              615719.98050000332
            ],
            [
              306474.16030000057,
              615718.93610000052
            ],
            [
              306486.4514000006,
              615714.72260000184
            ],
            [
              306490.86820000131,
              615713.37100000121
            ],
            [
              306495.16800000146,
              615712.38830000162
            ],
            [
              306499.07189999986,
              615711.90530000068
            ],
            [
              306503.33130000159,
              615711.83400000259
            ],
            [
              306507.79860000219,
              615712.15650000423
            ],
            [
              306512.5166000016,
              615712.87550000101
            ],
            [
              306517.57000000216,
              615714.0036999993
            ],
            [
              306527.24530000146,
              615716.92010000162
            ],
            [
              306548.76379999984,
              615724.57180000097
            ],
            [
              306555.85840000119,
              615727.06840000302
            ],
            [
              306563.54860000126,
              615730.1501000002
            ],
            [
              306571.90460000094,
              615733.82069999911
            ],
            [
              306596.26649999898,
              615744.9915000014
            ],
            [
              306604.04980000108,
              615748.23920000158
            ],
            [
              306611.12239999976,
              615750.87940000184
            ],
            [
              306625.20799999963,
              615755.52979999967
            ],
            [
              306640.16410000063,
              615759.96500000171
            ],
            [
              306656.14350000117,
              615764.23110000044
            ],
            [
              306673.48090000078,
              615768.41770000197
            ],
            [
              306695.64220000058,
              615773.20270000212
            ],
            [
              306716.48080000002,
              615777.03749999963
            ],
            [
              306736.32240000088,
              615779.98189999908
            ],
            [
              306755.32650000043,
              615782.0586000029
            ],
            [
              306760.75499999989,
              615782.38080000132
            ],
            [
              306766.83619999979,
              615782.43710000068
            ],
            [
              306789.26140000019,
              615781.58110000193
            ],
            [
              306798.35210000165,
              615781.57150000148
            ],
            [
              306803.1827999996,
              615781.84170000441
            ],
            [
              306807.6398,
              615782.33160000108
            ],
            [
              306811.80970000103,
              615783.05079999939
            ],
            [
              306815.73640000168,
              615784.00730000064
            ],
            [
              306822.38750000019,
              615786.30910000019
            ],
            [
              306829.60020000022,
              615789.63850000128
            ],
            [
              306836.30880000163,
              615793.29600000009
            ],
            [
              306851.87220000103,
              615802.39990000241
            ],
            [
              306859.58220000099,
              615806.41740000248
            ],
            [
              306876.32720000017,
              615814.23450000025
            ],
            [
              306890.58449999988,
              615820.57240000181
            ],
            [
              306903.73440000042,
              615826.04389999993
            ],
            [
              306916.09470000025,
              615830.77630000003
            ],
            [
              306923.68939999957,
              615833.08280000277
            ],
            [
              306940.01660000067,
              615836.79100000113
            ],
            [
              306946.800400001,
              615838.65320000052
            ],
            [
              306950.34670000151,
              615839.89690000191
            ],
            [
              306953.51930000074,
              615841.25560000166
            ],
            [
              306956.38220000174,
              615842.75690000318
            ],
            [
              306958.96619999968,
              615844.41719999909
            ],
            [
              306961.31780000217,
              615846.26659999974
            ],
            [
              306963.60440000053,
              615848.42440000176
            ],
            [
              306965.85050000064,
              615850.91310000047
            ],
            [
              306968.10049999971,
              615853.78170000017
            ],
            [
              306971.96600000001,
              615859.51640000194
            ],
            [
              306980.98290000111,
              615874.31860000268
            ],
            [
              306983.65859999973,
              615878.17510000244
            ],
            [
              306986.2480000006,
              615881.44260000251
            ],
            [
              306990.46380000096,
              615886.15480000153
            ],
            [
              306995.34730000049,
              615891.20020000078
            ],
            [
              307013.92890000064,
              615909.00470000319
            ],
            [
              307021.3247000007,
              615916.51930000447
            ],
            [
              307025.0635000011,
              615920.70570000447
            ],
            [
              307029.03970000055,
              615925.52560000122
            ],
            [
              307043.06859999988,
              615943.89740000106
            ],
            [
              307049.03910000157,
              615951.24960000254
            ],
            [
              307052.41440000106,
              615955.04120000452
            ],
            [
              307055.70310000051,
              615958.43560000136
            ],
            [
              307058.96940000076,
              615961.4988000039
            ],
            [
              307062.24749999959,
              615964.26250000112
            ],
            [
              307067.33150000125,
              615967.8300999999
            ],
            [
              307079.96800000034,
              615975.46860000119
            ],
            [
              307083.03950000089,
              615977.66580000147
            ],
            [
              307085.63200000115,
              615979.85220000148
            ],
            [
              307090.6668999996,
              615984.90860000066
            ],
            [
              307095.34850000124,
              615990.42750000022
            ],
            [
              307099.55160000082,
              615996.26109999977
            ],
            [
              307103.17030000035,
              616002.26230000332
            ],
            [
              307104.61830000207,
              616005.26990000159
            ],
            [
              307105.91800000053,
              616008.73159999959
            ],
            [
              307107.1118999999,
              616012.71460000426
            ],
            [
              307110.27600000147,
              616024.69239999913
            ],
            [
              307111.53430000227,
              616028.3489000015
            ],
            [
              307112.91380000021,
              616031.49279999919
            ],
            [
              307115.39330000058,
              616036.1865000017
            ],
            [
              307118.10390000045,
              616040.75709999911
            ],
            [
              307121.04569999967,
              616045.20450000092
            ],
            [
              307124.21850000136,
              616049.5289000012
            ],
            [
              307127.62249999959,
              616053.73010000214
            ],
            [
              307131.25770000089,
              616057.80820000172
            ],
            [
              307135.12390000001,
              616061.76330000348
            ],
            [
              307139.22140000202,
              616065.59520000033
            ]
          ]
        ]
      }
    }
  ]
}