{
  "displayFieldName" : "",
  "fieldAliases" : {
    "FID" : "FID",
    "PMNTN_SN" : "PMNTN_SN",
    "MNTN_CODE" : "MNTN_CODE",
    "MNTN_NM" : "MNTN_NM",
    "PMNTN_NM" : "PMNTN_NM",
    "PMNTN_MAIN" : "PMNTN_MAIN",
    "PMNTN_LT" : "PMNTN_LT",
    "PMNTN_DFFL" : "PMNTN_DFFL",
    "PMNTN_UPPL" : "PMNTN_UPPL",
    "PMNTN_GODN" : "PMNTN_GODN",
    "PMNTN_MTRQ" : "PMNTN_MTRQ",
    "PMNTN_CNRL" : "PMNTN_CNRL",
    "PMNTN_CLS_" : "PMNTN_CLS_",
    "PMNTN_RISK" : "PMNTN_RISK",
    "PMNTN_RECO" : "PMNTN_RECO",
    "DATA_STDR_" : "DATA_STDR_",
    "MNTN_ID" : "MNTN_ID"
  },
  "geometryType" : "esriGeometryPolyline",
  "spatialReference" : {
    "wkt" : "PROJCS[\"PCS_ITRF2000_TM\",GEOGCS[\"GCS_ITRF_2000\",DATUM[\"D_ITRF_2000\",SPHEROID[\"GRS_1980\",6378137.0,298.257222101]],PRIMEM[\"Greenwich\",0.0],UNIT[\"Degree\",0.0174532925199433]],PROJECTION[\"Transverse_Mercator\"],PARAMETER[\"False_Easting\",200000.0],PARAMETER[\"False_Northing\",600000.0],PARAMETER[\"Central_Meridian\",127.0],PARAMETER[\"Scale_Factor\",1.0],PARAMETER[\"Latitude_Of_Origin\",38.0],UNIT[\"Meter\",1.0]]"
  },
  "fields" : [
    {
      "name" : "FID",
      "type" : "esriFieldTypeOID",
      "alias" : "FID"
    },
    {
      "name" : "PMNTN_SN",
      "type" : "esriFieldTypeDouble",
      "alias" : "PMNTN_SN"
    },
    {
      "name" : "MNTN_CODE",
      "type" : "esriFieldTypeString",
      "alias" : "MNTN_CODE",
      "length" : 9
    },
    {
      "name" : "MNTN_NM",
      "type" : "esriFieldTypeString",
      "alias" : "MNTN_NM",
      "length" : 50
    },
    {
      "name" : "PMNTN_NM",
      "type" : "esriFieldTypeString",
      "alias" : "PMNTN_NM",
      "length" : 50
    },
    {
      "name" : "PMNTN_MAIN",
      "type" : "esriFieldTypeString",
      "alias" : "PMNTN_MAIN",
      "length" : 200
    },
    {
      "name" : "PMNTN_LT",
      "type" : "esriFieldTypeSingle",
      "alias" : "PMNTN_LT"
    },
    {
      "name" : "PMNTN_DFFL",
      "type" : "esriFieldTypeString",
      "alias" : "PMNTN_DFFL",
      "length" : 8
    },
    {
      "name" : "PMNTN_UPPL",
      "type" : "esriFieldTypeDouble",
      "alias" : "PMNTN_UPPL"
    },
    {
      "name" : "PMNTN_GODN",
      "type" : "esriFieldTypeDouble",
      "alias" : "PMNTN_GODN"
    },
    {
      "name" : "PMNTN_MTRQ",
      "type" : "esriFieldTypeString",
      "alias" : "PMNTN_MTRQ",
      "length" : 200
    },
    {
      "name" : "PMNTN_CNRL",
      "type" : "esriFieldTypeString",
      "alias" : "PMNTN_CNRL",
      "length" : 1
    },
    {
      "name" : "PMNTN_CLS_",
      "type" : "esriFieldTypeString",
      "alias" : "PMNTN_CLS_",
      "length" : 1
    },
    {
      "name" : "PMNTN_RISK",
      "type" : "esriFieldTypeString",
      "alias" : "PMNTN_RISK",
      "length" : 200
    },
    {
      "name" : "PMNTN_RECO",
      "type" : "esriFieldTypeString",
      "alias" : "PMNTN_RECO",
      "length" : 1
    },
    {
      "name" : "DATA_STDR_",
      "type" : "esriFieldTypeString",
      "alias" : "DATA_STDR_",
      "length" : 10
    },
    {
      "name" : "MNTN_ID",
      "type" : "esriFieldTypeString",
      "alias" : "MNTN_ID",
      "length" : 10
    }
  ],
  "features" : [
    {
      "attributes" : {
        "FID" : 0,
        "PMNTN_SN" : 31106,
        "MNTN_CODE" : "488907101",
        "MNTN_NM" : "석가산",
        "PMNTN_NM" : " ",
        "PMNTN_MAIN" : " ",
        "PMNTN_LT" : 0.1,
        "PMNTN_DFFL" : "쉬움",
        "PMNTN_UPPL" : 2,
        "PMNTN_GODN" : 1,
        "PMNTN_MTRQ" : " ",
        "PMNTN_CNRL" : " ",
        "PMNTN_CLS_" : " ",
        "PMNTN_RISK" : " ",
        "PMNTN_RECO" : " ",
        "DATA_STDR_" : "2016-12-31",
        "MNTN_ID" : "488903701"
      },
      "geometry" : {
        "paths" : [
          [
            [
              295240.64510000125,
              337610.01780000143
            ],
            [
              295243.73469999991,
              337610.73470000178
            ],
            [
              295251.84609999973,
              337609.7677000016
            ],
            [
              295255.60170000046,
              337611.1501000002
            ],
            [
              295258.7237999998,
              337614.19659999944
            ],
            [
              295261.15040000062,
              337617.75760000013
            ],
            [
              295263.48550000135,
              337622.2536999993
            ],
            [
              295264.45210000034,
              337624.97890000045
            ],
            [
              295265.06030000094,
              337628.21600000188
            ],
            [
              295265.61600000225,
              337638.6761000026
            ],
            [
              295265.9327000007,
              337641.83110000007
            ],
            [
              295266.21660000086,
              337645.08630000241
            ],
            [
              295266.4150000019,
              337652.75100000016
            ],
            [
              295267.06620000117,
              337657.10850000381
            ],
            [
              295268.77030000091,
              337660.88829999976
            ],
            [
              295271.15440000128,
              337662.64920000173
            ],
            [
              295281.16910000052,
              337665.4020000007
            ],
            [
              295285.05590000097,
              337668.09050000273
            ],
            [
              295286.91339999996,
              337670.53230000101
            ],
            [
              295288.43680000212,
              337673.14200000092
            ],
            [
              295291.47709999979,
              337679.08160000108
            ]
          ]
        ]
      }
    },
    {
      "attributes" : {
        "FID" : 1,
        "PMNTN_SN" : 31107,
        "MNTN_CODE" : "488907101",
        "MNTN_NM" : "석가산",
        "PMNTN_NM" : "권빈리구간",
        "PMNTN_MAIN" : " ",
        "PMNTN_LT" : 0.67,
        "PMNTN_DFFL" : "쉬움",
        "PMNTN_UPPL" : 13,
        "PMNTN_GODN" : 9,
        "PMNTN_MTRQ" : " ",
        "PMNTN_CNRL" : " ",
        "PMNTN_CLS_" : " ",
        "PMNTN_RISK" : " ",
        "PMNTN_RECO" : " ",
        "DATA_STDR_" : "2016-12-31",
        "MNTN_ID" : "488903701"
      },
      "geometry" : {
        "paths" : [
          [
            [
              295291.47709999979,
              337679.08160000108
            ],
            [
              295293.66739999969,
              337682.6174999997
            ],
            [
              295299.64050000068,
              337690.51590000279
            ],
            [
              295304.27180000022,
              337695.66909999959
            ],
            [
              295307.69710000046,
              337698.80470000021
            ],
            [
              295311.54430000111,
              337701.87870000117
            ],
            [
              295315.82809999958,
              337704.90320000239
            ],
            [
              295320.58640000224,
              337707.90500000119
            ],
            [
              295325.20969999954,
              337710.30690000392
            ],
            [
              295335.69780000113,
              337714.70280000195
            ],
            [
              295340.16380000208,
              337716.87800000422
            ],
            [
              295345.33640000131,
              337719.83999999985
            ],
            [
              295350.18220000062,
              337722.86330000311
            ],
            [
              295354.71030000225,
              337725.95350000076
            ],
            [
              295358.92559999973,
              337729.11390000023
            ],
            [
              295364.34010000154,
              337733.8554999996
            ],
            [
              295376.05580000114,
              337745.42850000225
            ],
            [
              295386.96900000051,
              337754.81849999912
            ],
            [
              295391.55460000131,
              337759.29580000043
            ],
            [
              295393.83529999945,
              337761.95839999989
            ],
            [
              295396.20070000086,
              337765.07930000313
            ],
            [
              295403.45969999954,
              337775.8321000021
            ],
            [
              295406.23770000041,
              337779.68900000118
            ],
            [
              295408.42720000073,
              337782.28910000436
            ],
            [
              295413.82890000101,
              337787.92400000431
            ],
            [
              295416.05320000183,
              337790.4747999981
            ],
            [
              295418.02599999961,
              337793.30480000004
            ],
            [
              295419.52100000065,
              337797.27840000018
            ],
            [
              295419.56919999886,
              337801.74049999937
            ],
            [
              295418.92150000203,
              337805.03490000218
            ],
            [
              295416.97230000049,
              337812.62280000187
            ],
            [
              295416.52639999986,
              337817.2706000004
            ],
            [
              295417.35500000231,
              337820.04829999991
            ],
            [
              295420.38840000052,
              337822.44849999994
            ],
            [
              295424.18369999994,
              337824.15650000051
            ],
            [
              295428.44519999996,
              337825.17220000178
            ],
            [
              295433.49590000045,
              337825.33170000091
            ],
            [
              295437.38460000139,
              337823.75909999758
            ],
            [
              295443.84210000001,
              337816.75350000151
            ],
            [
              295447.20310000051,
              337817.95500000007
            ],
            [
              295449.58400000166,
              337820.9328000024
            ],
            [
              295453.51159999985,
              337827.11720000021
            ],
            [
              295455.18140000105,
              337829.44840000197
            ],
            [
              295462.38870000094,
              337837.66700000316
            ],
            [
              295464.00150000025,
              337840.15910000168
            ],
            [
              295465.10370000172,
              337843.49650000222
            ],
            [
              295465.02180000115,
              337846.97200000286
            ],
            [
              295464.23280000128,
              337850.32719999924
            ],
            [
              295461.58729999978,
              337858.90269999951
            ],
            [
              295462.49650000129,
              337862.03900000453
            ],
            [
              295465.46580000129,
              337861.62490000203
            ],
            [
              295468.25600000005,
              337859.92630000226
            ],
            [
              295476.55929999985,
              337854.27620000206
            ],
            [
              295480.83020000067,
              337851.94040000252
            ],
            [
              295484.44350000098,
              337851.2396000009
            ],
            [
              295487.82160000224,
              337852.90420000441
            ],
            [
              295489.40670000017,
              337855.26070000045
            ],
            [
              295494.33629999962,
              337866.15610000119
            ],
            [
              295495.67610000167,
              337869.09510000236
            ],
            [
              295498.31280000228,
              337876.32950000279
            ],
            [
              295499.62849999964,
              337879.36590000242
            ],
            [
              295501.34750000108,
              337882.15990000032
            ],
            [
              295504.47320000175,
              337884.720900001
            ],
            [
              295508.66110000107,
              337886.11990000121
            ],
            [
              295511.79420000035,
              337886.46750000119
            ],
            [
              295519.41820000019,
              337886.8629999999
            ],
            [
              295522.88669999968,
              337887.36500000022
            ],
            [
              295530.29999999981,
              337889.06640000083
            ],
            [
              295536.04260000214,
              337890.57780000009
            ],
            [
              295541.14560000226,
              337892.17100000009
            ],
            [
              295545.72709999979,
              337893.89080000296
            ],
            [
              295549.98319999967,
              337895.90139999986
            ],
            [
              295558.87980000023,
              337900.87600000016
            ],
            [
              295562.8573000012,
              337902.8638000004
            ],
            [
              295567.81190000009,
              337904.88670000061
            ],
            [
              295582.43479999993,
              337910.20530000143
            ],
            [
              295595.02460000012,
              337916.28710000031
            ],
            [
              295600.38080000039,
              337918.36260000058
            ],
            [
              295606.94070000108,
              337920.36490000412
            ],
            [
              295611.15270000044,
              337921.35390000045
            ],
            [
              295614.96559999976,
              337921.79200000316
            ],
            [
              295620.04600000102,
              337921.08620000258
            ],
            [
              295628.69510000106,
              337916.99310000241
            ],
            [
              295633.54790000152,
              337917.99210000224
            ],
            [
              295636.54930000007,
              337920.34789999947
            ],
            [
              295641.16710000113,
              337924.88840000145
            ],
            [
              295643.45160000026,
              337927.30500000156
            ],
            [
              295649.88459999952,
              337935.16150000133
            ],
            [
              295654.55979999993,
              337937.75489999913
            ],
            [
              295659.72440000065,
              337938.2985999994
            ],
            [
              295663.74050000031,
              337937.91100000031
            ],
            [
              295673.79619999975,
              337936.30859999917
            ],
            [
              295678.13350000046,
              337935.5324000027
            ],
            [
              295686.26680000033,
              337933.34060000069
            ],
            [
              295689.51140000205,
              337932.61079999991
            ],
            [
              295692.85010000132,
              337932.18590000272
            ],
            [
              295696.8758999994,
              337932.4506000001
            ],
            [
              295700.3515000008,
              337933.62329999916
            ],
            [
              295708.3208999997,
              337938.06450000033
            ],
            [
              295710.96290000156,
              337939.29470000044
            ],
            [
              295714.4310999997,
              337939.76219999976
            ],
            [
              295717.47640000004,
              337937.62960000336
            ],
            [
              295719.1885000011,
              337934.40130000189
            ],
            [
              295722.07000000123,
              337926.86829999834
            ],
            [
              295723.77600000054,
              337924.0324000027
            ],
            [
              295728.033400001,
              337919.83650000207
            ],
            [
              295732.01930000074,
              337916.93969999999
            ],
            [
              295736.02049999963,
              337914.78820000216
            ],
            [
              295739.87010000087,
              337913.46829999797
            ],
            [
              295743.56490000058,
              337912.95890000463
            ],
            [
              295747.78960000072,
              337913.06110000238
            ],
            [
              295752.53590000048,
              337913.77410000004
            ],
            [
              295759.76480000094,
              337915.97609999962
            ],
            [
              295767.52860000171,
              337921.00240000151
            ],
            [
              295771.57490000036,
              337922.40960000455
            ],
            [
              295775.26499999966,
              337921.59249999933
            ],
            [
              295777.95430000219,
              337919.95000000112
            ],
            [
              295780.56719999947,
              337917.51380000263
            ],
            [
              295783.10369999986,
              337914.28400000185
            ]
          ]
        ]
      }
    },
    {
      "attributes" : {
        "FID" : 2,
        "PMNTN_SN" : 31108,
        "MNTN_CODE" : "488907101",
        "MNTN_NM" : "석가산",
        "PMNTN_NM" : " ",
        "PMNTN_MAIN" : " ",
        "PMNTN_LT" : 0.53,
        "PMNTN_DFFL" : "쉬움",
        "PMNTN_UPPL" : 9,
        "PMNTN_GODN" : 7,
        "PMNTN_MTRQ" : " ",
        "PMNTN_CNRL" : " ",
        "PMNTN_CLS_" : " ",
        "PMNTN_RISK" : " ",
        "PMNTN_RECO" : " ",
        "DATA_STDR_" : "2016-12-31",
        "MNTN_ID" : "488903701"
      },
      "geometry" : {
        "paths" : [
          [
            [
              295106.86589999963,
              337948.54450000077
            ],
            [
              295104.89100000076,
              337945.91760000028
            ],
            [
              295101.52670000028,
              337943.62939999998
            ],
            [
              295094.05350000132,
              337939.81580000184
            ],
            [
              295091.30569999944,
              337937.80280000158
            ],
            [
              295087.50059999991,
              337933.57469999976
            ],
            [
              295084.9682,
              337930.05120000429
            ],
            [
              295082.98950000107,
              337926.60379999876
            ],
            [
              295081.26229999959,
              337922.09119999968
            ],
            [
              295080.5242000008,
              337918.21949999966
            ],
            [
              295079.94689999986,
              337908.57389999926
            ],
            [
              295079.50970000029,
              337899.30220000446
            ],
            [
              295079.13109999988,
              337895.52229999937
            ],
            [
              295078.3582000006,
              337891.23730000108
            ],
            [
              295077.28360000066,
              337886.8132000044
            ],
            [
              295075.90890000109,
              337882.25650000013
            ],
            [
              295074.236800001,
              337877.57630000263
            ],
            [
              295071.54540000018,
              337871.71070000157
            ],
            [
              295064.44809999969,
              337858.81450000219
            ],
            [
              295058.70380000118,
              337846.4653000012
            ],
            [
              295056.29080000147,
              337841.68429999985
            ],
            [
              295053.99480000045,
              337838.29850000143
            ],
            [
              295047.84220000077,
              337831.22159999982
            ],
            [
              295045.01329999976,
              337826.9728000015
            ],
            [
              295043.99400000088,
              337822.80870000087
            ],
            [
              295044.94820000045,
              337820.03419999965
            ],
            [
              295049.86290000007,
              337813.89770000055
            ],
            [
              295051.3964000009,
              337811.50240000337
            ],
            [
              295052.63939999975,
              337808.56870000437
            ],
            [
              295053.70519999973,
              337805.24130000174
            ],
            [
              295054.61820000038,
              337801.45749999955
            ],
            [
              295055.47510000039,
              337796.81930000149
            ],
            [
              295056.37260000035,
              337791.08469999954
            ],
            [
              295056.75040000118,
              337787.09740000218
            ],
            [
              295056.73130000196,
              337783.5746000018
            ],
            [
              295055.9681000011,
              337779.54910000227
            ],
            [
              295054.53700000048,
              337776.5438000001
            ],
            [
              295049.34170000069,
              337769.41880000383
            ],
            [
              295047.56860000081,
              337765.83430000208
            ],
            [
              295047.21800000034,
              337762.61740000173
            ],
            [
              295047.80150000006,
              337759.76810000092
            ],
            [
              295048.82409999985,
              337756.91719999909
            ],
            [
              295051.62100000028,
              337750.37440000102
            ],
            [
              295052.53780000005,
              337747.46220000088
            ],
            [
              295052.52300000004,
              337743.95289999805
            ],
            [
              295049.65400000196,
              337740.41280000098
            ],
            [
              295045.89130000118,
              337738.27300000191
            ],
            [
              295039.4020999996,
              337735.45560000092
            ],
            [
              295036.71329999994,
              337734.0083000008
            ],
            [
              295033.5672000004,
              337732.23249999993
            ],
            [
              295025.14780000225,
              337727.97380000167
            ],
            [
              295021.57470000163,
              337725.82200000249
            ],
            [
              295019.37229999993,
              337723.9298000019
            ],
            [
              295018.2873999998,
              337720.31790000014
            ],
            [
              295020.65600000042,
              337716.15050000325
            ],
            [
              295025.52870000061,
              337711.76280000247
            ],
            [
              295032.10730000213,
              337707.28390000202
            ],
            [
              295035.8321000021,
              337705.53380000405
            ],
            [
              295044.9094000021,
              337702.6035999991
            ],
            [
              295048.13350000046,
              337701.37920000404
            ],
            [
              295052.35020000115,
              337699.33970000222
            ],
            [
              295062.36340000015,
              337693.90910000168
            ],
            [
              295067.71100000106,
              337691.59050000273
            ],
            [
              295072.58739999961,
              337690.24040000327
            ],
            [
              295085.02080000099,
              337688.13849999942
            ],
            [
              295090.5513000004,
              337686.69610000215
            ],
            [
              295095.58700000029,
              337684.67250000127
            ],
            [
              295106.86589999963,
              337679.35460000113
            ],
            [
              295117.40299999993,
              337674.881500002
            ],
            [
              295124.81190000009,
              337672.01300000213
            ],
            [
              295136.30410000123,
              337668.13130000234
            ],
            [
              295146.02080000099,
              337665.48719999939
            ],
            [
              295150.76260000095,
              337664.55810000375
            ],
            [
              295161.10080000199,
              337663.03540000133
            ],
            [
              295165.59820000082,
              337662.22430000082
            ],
            [
              295179.10819999967,
              337659.2873999998
            ],
            [
              295183.64110000059,
              337657.97279999964
            ],
            [
              295187.62289999891,
              337656.51420000196
            ],
            [
              295192.12389999907,
              337654.5175999999
            ],
            [
              295196.36670000013,
              337652.34430000372
            ],
            [
              295200.31260000076,
              337650.01400000229
            ],
            [
              295203.93740000017,
              337647.54120000452
            ],
            [
              295207.25439999998,
              337644.94990000129
            ],
            [
              295210.43090000004,
              337642.15420000255
            ],
            [
              295213.41820000112,
              337639.19700000249
            ],
            [
              295216.82149999961,
              337635.26240000315
            ],
            [
              295218.75000000093,
              337632.34410000034
            ],
            [
              295223.75600000005,
              337622.86370000243
            ],
            [
              295226.00490000006,
              337619.85929999873
            ],
            [
              295229.80759999994,
              337616.31920000166
            ],
            [
              295233.12880000006,
              337613.93310000189
            ],
            [
              295236.74130000081,
              337611.83269999921
            ],
            [
              295240.64510000125,
              337610.01780000143
            ]
          ]
        ]
      }
    },
    {
      "attributes" : {
        "FID" : 3,
        "PMNTN_SN" : 31109,
        "MNTN_CODE" : "488907101",
        "MNTN_NM" : "석가산",
        "PMNTN_NM" : " ",
        "PMNTN_MAIN" : " ",
        "PMNTN_LT" : 0.38,
        "PMNTN_DFFL" : "쉬움",
        "PMNTN_UPPL" : 7,
        "PMNTN_GODN" : 5,
        "PMNTN_MTRQ" : " ",
        "PMNTN_CNRL" : " ",
        "PMNTN_CLS_" : " ",
        "PMNTN_RISK" : " ",
        "PMNTN_RECO" : " ",
        "DATA_STDR_" : "2016-12-31",
        "MNTN_ID" : "488903701"
      },
      "geometry" : {
        "paths" : [
          [
            [
              295106.86589999963,
              337948.54450000077
            ],
            [
              295110.70210000128,
              337950.85890000127
            ],
            [
              295114.56400000025,
              337952.58200000413
            ],
            [
              295118.45150000136,
              337953.71389999799
            ],
            [
              295122.3646999998,
              337954.25459999964
            ],
            [
              295125.98030000087,
              337954.12530000135
            ],
            [
              295130.02400000021,
              337953.30550000444
            ],
            [
              295134.5418999996,
              337951.80309999734
            ],
            [
              295140.31070000213,
              337949.36030000262
            ],
            [
              295144.5494999988,
              337947.37160000019
            ],
            [
              295147.73990000039,
              337945.63070000336
            ],
            [
              295150.39400000125,
              337943.85750000179
            ],
            [
              295152.54660000093,
              337942.01870000362
            ],
            [
              295154.87390000094,
              337939.19990000129
            ],
            [
              295156.93769999873,
              337935.55420000292
            ],
            [
              295158.69089999981,
              337931.35890000127
            ],
            [
              295161.51960000023,
              337923.25699999928
            ],
            [
              295163.04390000086,
              337917.82660000026
            ],
            [
              295165.44890000112,
              337905.12330000289
            ],
            [
              295166.74959999882,
              337900.89110000059
            ],
            [
              295169.17489999998,
              337895.62989999913
            ],
            [
              295171.74309999961,
              337891.37750000134
            ],
            [
              295181.097000001,
              337878.39200000279
            ],
            [
              295188.18960000109,
              337869.50300000049
            ],
            [
              295190.88580000028,
              337865.3404000029
            ],
            [
              295192.20689999964,
              337862.49930000119
            ],
            [
              295193.39830000047,
              337859.18150000088
            ],
            [
              295196.59590000194,
              337847.39440000243
            ],
            [
              295200.12640000042,
              337834.69360000081
            ],
            [
              295203.03390000109,
              337822.86410000175
            ],
            [
              295205.38370000012,
              337811.63910000026
            ],
            [
              295207.20029999968,
              337800.89790000021
            ],
            [
              295207.61600000039,
              337796.92940000258
            ],
            [
              295208.2909000013,
              337785.4085000027
            ],
            [
              295208.83440000005,
              337781.91060000099
            ],
            [
              295209.64750000183,
              337778.87330000103
            ],
            [
              295212.04050000198,
              337771.8107000012
            ],
            [
              295214.48120000213,
              337766.7191000022
            ],
            [
              295216.74289999995,
              337763.90249999985
            ],
            [
              295220.35290000122,
              337762.17520000413
            ],
            [
              295229.78590000048,
              337762.06499999948
            ],
            [
              295232.22690000199,
              337760.41369999945
            ],
            [
              295233.38380000088,
              337757.58550000004
            ],
            [
              295233.84240000136,
              337753.05000000261
            ],
            [
              295233.77209999971,
              337744.08540000208
            ],
            [
              295234.1193000013,
              337740.53410000168
            ],
            [
              295236.67480000015,
              337726.62280000374
            ],
            [
              295237.76790000126,
              337722.29670000076
            ],
            [
              295239.01370000094,
              337718.50950000063
            ],
            [
              295240.51850000024,
              337714.9366999995
            ],
            [
              295242.47740000114,
              337711.06140000001
            ],
            [
              295249.61810000148,
              337698.93199999817
            ],
            [
              295250.93720000051,
              337696.33559999987
            ],
            [
              295253.82690000162,
              337689.78250000253
            ],
            [
              295255.80630000029,
              337686.41009999812
            ],
            [
              295259.99710000027,
              337684.97699999996
            ],
            [
              295267.11309999973,
              337691.93080000207
            ],
            [
              295270.15410000086,
              337693.87550000101
            ],
            [
              295274.00220000185,
              337693.18000000156
            ],
            [
              295277.65010000113,
              337691.0175000038
            ],
            [
              295282.2472000001,
              337687.51180000231
            ],
            [
              295287.05989999976,
              337683.56819999963
            ],
            [
              295291.47709999979,
              337679.08160000108
            ]
          ]
        ]
      }
    },
    {
      "attributes" : {
        "FID" : 4,
        "PMNTN_SN" : 31110,
        "MNTN_CODE" : "488907101",
        "MNTN_NM" : "석가산",
        "PMNTN_NM" : "압곡리구간",
        "PMNTN_MAIN" : "봉산대교 ~ 석가산정상",
        "PMNTN_LT" : 0.09,
        "PMNTN_DFFL" : "쉬움",
        "PMNTN_UPPL" : 2,
        "PMNTN_GODN" : 1,
        "PMNTN_MTRQ" : " ",
        "PMNTN_CNRL" : " ",
        "PMNTN_CLS_" : " ",
        "PMNTN_RISK" : " ",
        "PMNTN_RECO" : " ",
        "DATA_STDR_" : "2016-12-31",
        "MNTN_ID" : "488903701"
      },
      "geometry" : {
        "paths" : [
          [
            [
              295151.73089999985,
              338000.75110000186
            ],
            [
              295137.04780000076,
              337995.04099999927
            ],
            [
              295125.62760000117,
              337989.33090000041
            ],
            [
              295108.49729999993,
              337983.62080000155
            ],
            [
              295096.45490000024,
              337973.84170000069
            ],
            [
              295098.4935000008,
              337970.6185999997
            ],
            [
              295100.34009999968,
              337967.30619999953
            ],
            [
              295104.3356999997,
              337959.79690000229
            ],
            [
              295106.23990000132,
              337955.37300000153
            ],
            [
              295107.19980000146,
              337951.88750000112
            ],
            [
              295106.86589999963,
              337948.54450000077
            ]
          ]
        ]
      }
    }
  ]
}