{
  "displayFieldName" : "",
  "fieldAliases" : {
    "FID" : "FID",
    "PMNTN_SPOT" : "PMNTN_SPOT",
    "MNTN_CODE" : "MNTN_CODE",
    "MANAGE_SP1" : "MANAGE_SP1",
    "MANAGE_SP2" : "MANAGE_SP2",
    "DETAIL_SPO" : "DETAIL_SPO",
    "ETC_MATTER" : "ETC_MATTER",
    "MNTN_NM" : "MNTN_NM",
    "PAST_SPOT_" : "PAST_SPOT_",
    "MNTN_ID" : "MNTN_ID"
  },
  "geometryType" : "esriGeometryPoint",
  "spatialReference" : {
    "wkt" : "PROJCS[\"PCS_ITRF2000_TM\",GEOGCS[\"GCS_ITRF_2000\",DATUM[\"D_ITRF_2000\",SPHEROID[\"GRS_1980\",6378137.0,298.257222101]],PRIMEM[\"Greenwich\",0.0],UNIT[\"Degree\",0.0174532925199433]],PROJECTION[\"Transverse_Mercator\"],PARAMETER[\"False_Easting\",200000.0],PARAMETER[\"False_Northing\",600000.0],PARAMETER[\"Central_Meridian\",127.0],PARAMETER[\"Scale_Factor\",1.0],PARAMETER[\"Latitude_Of_Origin\",38.0],UNIT[\"Meter\",1.0]]"
  },
  "fields" : [
    {
      "name" : "FID",
      "type" : "esriFieldTypeOID",
      "alias" : "FID"
    },
    {
      "name" : "PMNTN_SPOT",
      "type" : "esriFieldTypeDouble",
      "alias" : "PMNTN_SPOT"
    },
    {
      "name" : "MNTN_CODE",
      "type" : "esriFieldTypeString",
      "alias" : "MNTN_CODE",
      "length" : 9
    },
    {
      "name" : "MANAGE_SP1",
      "type" : "esriFieldTypeString",
      "alias" : "MANAGE_SP1",
      "length" : 2
    },
    {
      "name" : "MANAGE_SP2",
      "type" : "esriFieldTypeString",
      "alias" : "MANAGE_SP2",
      "length" : 50
    },
    {
      "name" : "DETAIL_SPO",
      "type" : "esriFieldTypeString",
      "alias" : "DETAIL_SPO",
      "length" : 200
    },
    {
      "name" : "ETC_MATTER",
      "type" : "esriFieldTypeString",
      "alias" : "ETC_MATTER",
      "length" : 200
    },
    {
      "name" : "MNTN_NM",
      "type" : "esriFieldTypeString",
      "alias" : "MNTN_NM",
      "length" : 50
    },
    {
      "name" : "PAST_SPOT_",
      "type" : "esriFieldTypeString",
      "alias" : "PAST_SPOT_",
      "length" : 14
    },
    {
      "name" : "MNTN_ID",
      "type" : "esriFieldTypeString",
      "alias" : "MNTN_ID",
      "length" : 10
    }
  ],
  "features" : [
    {
      "attributes" : {
        "FID" : 0,
        "PMNTN_SPOT" : 57328,
        "MNTN_CODE" : "414604301",
        "MANAGE_SP1" : "02",
        "MANAGE_SP2" : "분기점",
        "DETAIL_SPO" : "분기점",
        "ETC_MATTER" : " ",
        "MNTN_NM" : "쌍용산",
        "PAST_SPOT_" : "4155022010001",
        "MNTN_ID" : "415502201"
      },
      "geometry" : {
        "x" : 222886.80700000096,
        "y" : 505866.06250000373
      }
    },
    {
      "attributes" : {
        "FID" : 1,
        "PMNTN_SPOT" : 57329,
        "MNTN_CODE" : "414604301",
        "MANAGE_SP1" : "02",
        "MANAGE_SP2" : "분기점",
        "DETAIL_SPO" : "분기점",
        "ETC_MATTER" : " ",
        "MNTN_NM" : "쌍용산",
        "PAST_SPOT_" : "4146119010002",
        "MNTN_ID" : "414611901"
      },
      "geometry" : {
        "x" : 223692.56680000015,
        "y" : 506290.8889000006
      }
    },
    {
      "attributes" : {
        "FID" : 2,
        "PMNTN_SPOT" : 57330,
        "MNTN_CODE" : "414604301",
        "MANAGE_SP1" : "01",
        "MANAGE_SP2" : "시종점",
        "DETAIL_SPO" : "시종점",
        "ETC_MATTER" : " ",
        "MNTN_NM" : "쌍용산",
        "PAST_SPOT_" : "4155022010003",
        "MNTN_ID" : "415502201"
      },
      "geometry" : {
        "x" : 223806.06500000227,
        "y" : 505609.40039999969
      }
    },
    {
      "attributes" : {
        "FID" : 3,
        "PMNTN_SPOT" : 57331,
        "MNTN_CODE" : "414604301",
        "MANAGE_SP1" : "01",
        "MANAGE_SP2" : "시종점",
        "DETAIL_SPO" : "시종점",
        "ETC_MATTER" : " ",
        "MNTN_NM" : "쌍용산",
        "PAST_SPOT_" : "4146119010004",
        "MNTN_ID" : "414611901"
      },
      "geometry" : {
        "x" : 223926.7472000001,
        "y" : 505864.51740000024
      }
    },
    {
      "attributes" : {
        "FID" : 4,
        "PMNTN_SPOT" : 57332,
        "MNTN_CODE" : "414604301",
        "MANAGE_SP1" : "02",
        "MANAGE_SP2" : "분기점",
        "DETAIL_SPO" : "분기점",
        "ETC_MATTER" : " ",
        "MNTN_NM" : "쌍용산",
        "PAST_SPOT_" : "4146119010005",
        "MNTN_ID" : "414611901"
      },
      "geometry" : {
        "x" : 223986.31259999983,
        "y" : 506900.80790000223
      }
    },
    {
      "attributes" : {
        "FID" : 5,
        "PMNTN_SPOT" : 57333,
        "MNTN_CODE" : "414604301",
        "MANAGE_SP1" : "02",
        "MANAGE_SP2" : "분기점",
        "DETAIL_SPO" : "분기점",
        "ETC_MATTER" : " ",
        "MNTN_NM" : "쌍용산",
        "PAST_SPOT_" : "4155022010006",
        "MNTN_ID" : "415502201"
      },
      "geometry" : {
        "x" : 224151.17310000025,
        "y" : 504731.24340000004
      }
    },
    {
      "attributes" : {
        "FID" : 6,
        "PMNTN_SPOT" : 57334,
        "MNTN_CODE" : "414604301",
        "MANAGE_SP1" : "02",
        "MANAGE_SP2" : "분기점",
        "DETAIL_SPO" : "분기점",
        "ETC_MATTER" : " ",
        "MNTN_NM" : "쌍용산",
        "PAST_SPOT_" : "4146119010007",
        "MNTN_ID" : "414611901"
      },
      "geometry" : {
        "x" : 224174.42970000301,
        "y" : 504497.95380000211
      }
    },
    {
      "attributes" : {
        "FID" : 7,
        "PMNTN_SPOT" : 57335,
        "MNTN_CODE" : "414604301",
        "MANAGE_SP1" : "01",
        "MANAGE_SP2" : "시종점",
        "DETAIL_SPO" : "시종점",
        "ETC_MATTER" : " ",
        "MNTN_NM" : "쌍용산",
        "PAST_SPOT_" : "4146119010008",
        "MNTN_ID" : "414611901"
      },
      "geometry" : {
        "x" : 224265.47640000191,
        "y" : 507363.51640000008
      }
    },
    {
      "attributes" : {
        "FID" : 8,
        "PMNTN_SPOT" : 57336,
        "MNTN_CODE" : "414604301",
        "MANAGE_SP1" : "01",
        "MANAGE_SP2" : "시종점",
        "DETAIL_SPO" : "시종점",
        "ETC_MATTER" : " ",
        "MNTN_NM" : "쌍용산",
        "PAST_SPOT_" : "4146119010009",
        "MNTN_ID" : "414611901"
      },
      "geometry" : {
        "x" : 224509.47000000253,
        "y" : 506253.45560000092
      }
    },
    {
      "attributes" : {
        "FID" : 9,
        "PMNTN_SPOT" : 57337,
        "MNTN_CODE" : "414604301",
        "MANAGE_SP1" : "01",
        "MANAGE_SP2" : "시종점",
        "DETAIL_SPO" : "시종점",
        "ETC_MATTER" : " ",
        "MNTN_NM" : "쌍용산",
        "PAST_SPOT_" : "4146119010010",
        "MNTN_ID" : "414611901"
      },
      "geometry" : {
        "x" : 224988.66459999979,
        "y" : 506206.19549999945
      }
    },
    {
      "attributes" : {
        "FID" : 10,
        "PMNTN_SPOT" : 57338,
        "MNTN_CODE" : "414604301",
        "MANAGE_SP1" : "01",
        "MANAGE_SP2" : "시종점",
        "DETAIL_SPO" : "시종점",
        "ETC_MATTER" : " ",
        "MNTN_NM" : "쌍용산",
        "PAST_SPOT_" : "4146119010011",
        "MNTN_ID" : "414611901"
      },
      "geometry" : {
        "x" : 225127.14740000106,
        "y" : 505547.85249999911
      }
    },
    {
      "attributes" : {
        "FID" : 11,
        "PMNTN_SPOT" : 57339,
        "MNTN_CODE" : "414604301",
        "MANAGE_SP1" : "01",
        "MANAGE_SP2" : "시종점",
        "DETAIL_SPO" : "시종점",
        "ETC_MATTER" : " ",
        "MNTN_NM" : "쌍용산",
        "PAST_SPOT_" : "4146119010012",
        "MNTN_ID" : "414611901"
      },
      "geometry" : {
        "x" : 225411.80660000164,
        "y" : 504920.283400001
      }
    }
  ]
}