{
  "displayFieldName" : "",
  "fieldAliases" : {
    "FID" : "FID",
    "PMNTN_SN" : "PMNTN_SN",
    "MNTN_CODE" : "MNTN_CODE",
    "MNTN_NM" : "MNTN_NM",
    "PMNTN_NM" : "PMNTN_NM",
    "PMNTN_MAIN" : "PMNTN_MAIN",
    "PMNTN_LT" : "PMNTN_LT",
    "PMNTN_DFFL" : "PMNTN_DFFL",
    "PMNTN_UPPL" : "PMNTN_UPPL",
    "PMNTN_GODN" : "PMNTN_GODN",
    "PMNTN_MTRQ" : "PMNTN_MTRQ",
    "PMNTN_CNRL" : "PMNTN_CNRL",
    "PMNTN_CLS_" : "PMNTN_CLS_",
    "PMNTN_RISK" : "PMNTN_RISK",
    "PMNTN_RECO" : "PMNTN_RECO",
    "DATA_STDR_" : "DATA_STDR_",
    "MNTN_ID" : "MNTN_ID"
  },
  "geometryType" : "esriGeometryPolyline",
  "spatialReference" : {
    "wkt" : "PROJCS[\"PCS_ITRF2000_TM\",GEOGCS[\"GCS_ITRF_2000\",DATUM[\"D_ITRF_2000\",SPHEROID[\"GRS_1980\",6378137.0,298.257222101]],PRIMEM[\"Greenwich\",0.0],UNIT[\"Degree\",0.0174532925199433]],PROJECTION[\"Transverse_Mercator\"],PARAMETER[\"False_Easting\",200000.0],PARAMETER[\"False_Northing\",600000.0],PARAMETER[\"Central_Meridian\",127.0],PARAMETER[\"Scale_Factor\",1.0],PARAMETER[\"Latitude_Of_Origin\",38.0],UNIT[\"Meter\",1.0]]"
  },
  "fields" : [
    {
      "name" : "FID",
      "type" : "esriFieldTypeOID",
      "alias" : "FID"
    },
    {
      "name" : "PMNTN_SN",
      "type" : "esriFieldTypeDouble",
      "alias" : "PMNTN_SN"
    },
    {
      "name" : "MNTN_CODE",
      "type" : "esriFieldTypeString",
      "alias" : "MNTN_CODE",
      "length" : 9
    },
    {
      "name" : "MNTN_NM",
      "type" : "esriFieldTypeString",
      "alias" : "MNTN_NM",
      "length" : 50
    },
    {
      "name" : "PMNTN_NM",
      "type" : "esriFieldTypeString",
      "alias" : "PMNTN_NM",
      "length" : 50
    },
    {
      "name" : "PMNTN_MAIN",
      "type" : "esriFieldTypeString",
      "alias" : "PMNTN_MAIN",
      "length" : 200
    },
    {
      "name" : "PMNTN_LT",
      "type" : "esriFieldTypeSingle",
      "alias" : "PMNTN_LT"
    },
    {
      "name" : "PMNTN_DFFL",
      "type" : "esriFieldTypeString",
      "alias" : "PMNTN_DFFL",
      "length" : 8
    },
    {
      "name" : "PMNTN_UPPL",
      "type" : "esriFieldTypeDouble",
      "alias" : "PMNTN_UPPL"
    },
    {
      "name" : "PMNTN_GODN",
      "type" : "esriFieldTypeDouble",
      "alias" : "PMNTN_GODN"
    },
    {
      "name" : "PMNTN_MTRQ",
      "type" : "esriFieldTypeString",
      "alias" : "PMNTN_MTRQ",
      "length" : 200
    },
    {
      "name" : "PMNTN_CNRL",
      "type" : "esriFieldTypeString",
      "alias" : "PMNTN_CNRL",
      "length" : 1
    },
    {
      "name" : "PMNTN_CLS_",
      "type" : "esriFieldTypeString",
      "alias" : "PMNTN_CLS_",
      "length" : 1
    },
    {
      "name" : "PMNTN_RISK",
      "type" : "esriFieldTypeString",
      "alias" : "PMNTN_RISK",
      "length" : 200
    },
    {
      "name" : "PMNTN_RECO",
      "type" : "esriFieldTypeString",
      "alias" : "PMNTN_RECO",
      "length" : 1
    },
    {
      "name" : "DATA_STDR_",
      "type" : "esriFieldTypeString",
      "alias" : "DATA_STDR_",
      "length" : 10
    },
    {
      "name" : "MNTN_ID",
      "type" : "esriFieldTypeString",
      "alias" : "MNTN_ID",
      "length" : 10
    }
  ],
  "features" : [
    {
      "attributes" : {
        "FID" : 0,
        "PMNTN_SN" : 43403,
        "MNTN_CODE" : "427704704",
        "MNTN_NM" : "은고개",
        "PMNTN_NM" : "문래리구간",
        "PMNTN_MAIN" : " ",
        "PMNTN_LT" : 1.04,
        "PMNTN_DFFL" : "쉬움",
        "PMNTN_UPPL" : 26,
        "PMNTN_GODN" : 18,
        "PMNTN_MTRQ" : " ",
        "PMNTN_CNRL" : " ",
        "PMNTN_CLS_" : " ",
        "PMNTN_RISK" : " ",
        "PMNTN_RECO" : " ",
        "DATA_STDR_" : "2016-12-31",
        "MNTN_ID" : "427706701"
      },
      "geometry" : {
        "paths" : [
          [
            [
              365467.5691000009,
              535413.51600000449
            ],
            [
              365470.19590000156,
              535408.26239999942
            ],
            [
              365480.66610000003,
              535407.19820000045
            ],
            [
              365491.76360000018,
              535405.72340000048
            ],
            [
              365503.01989999972,
              535406.1110999994
            ],
            [
              365517.72030000016,
              535407.82960000075
            ],
            [
              365525.87650000118,
              535407.46429999918
            ],
            [
              365530.34210000001,
              535404.45940000191
            ],
            [
              365533.53050000034,
              535399.506500002
            ],
            [
              365531.77940000128,
              535393.37729999982
            ],
            [
              365531.19560000021,
              535390.16680000164
            ],
            [
              365528.27699999977,
              535379.65970000252
            ],
            [
              365521.69410000183,
              535371.08000000194
            ],
            [
              365514.60520000104,
              535367.23580000177
            ],
            [
              365504.92779999971,
              535365.06640000083
            ],
            [
              365495.34210000001,
              535365.48460000381
            ],
            [
              365486.24849999975,
              535363.89900000207
            ],
            [
              365482.45419999957,
              535358.06170000322
            ],
            [
              365482.45419999957,
              535354.55930000171
            ],
            [
              365484.20540000033,
              535349.30570000224
            ],
            [
              365492.08579999954,
              535343.76030000113
            ],
            [
              365499.78210000228,
              535338.81560000218
            ],
            [
              365509.59760000091,
              535328.29150000215
            ],
            [
              365514.85120000038,
              535322.74610000104
            ],
            [
              365516.60240000114,
              535306.98540000245
            ],
            [
              365518.93730000127,
              535295.31079999916
            ],
            [
              365518.35360000189,
              535288.01420000009
            ],
            [
              365521.27219999954,
              535279.55010000244
            ],
            [
              365525.94209999964,
              535273.42090000026
            ],
            [
              365529.15260000154,
              535267.87550000101
            ],
            [
              365538.78409999982,
              535257.07650000043
            ],
            [
              365545.78890000004,
              535245.69380000047
            ],
            [
              365553.66920000035,
              535241.89959999919
            ],
            [
              365561.54950000066,
              535241.60769999959
            ],
            [
              365577.01840000041,
              535255.32530000247
            ],
            [
              365586.35800000001,
              535255.90910000168
            ],
            [
              365595.69770000037,
              535258.82770000398
            ],
            [
              365599.87789999973,
              535264.23680000193
            ],
            [
              365604.45359999966,
              535270.79420000128
            ],
            [
              365606.78860000148,
              535285.09549999982
            ],
            [
              365606.78860000148,
              535295.60270000249
            ],
            [
              365607.08040000219,
              535305.52599999867
            ],
            [
              365612.91770000104,
              535319.53550000116
            ],
            [
              365621.38180000056,
              535329.16710000113
            ],
            [
              365624.00860000029,
              535339.38230000064
            ],
            [
              365637.43430000078,
              535337.33929999731
            ],
            [
              365643.8554000007,
              535334.71250000037
            ],
            [
              365655.82180000003,
              535331.21010000445
            ],
            [
              365659.03229999915,
              535326.54030000232
            ],
            [
              365669.53940000013,
              535321.28669999912
            ],
            [
              365687.34320000187,
              535312.5308000017
            ],
            [
              365694.3479000004,
              535309.61219999939
            ],
            [
              365704.27130000107,
              535306.98540000245
            ],
            [
              365711.2761000013,
              535304.35859999992
            ],
            [
              365721.78320000134,
              535299.10500000045
            ],
            [
              365727.9123999998,
              535297.35380000249
            ],
            [
              365733.74969999958,
              535294.14330000058
            ],
            [
              365741.62999999989,
              535297.64570000209
            ],
            [
              365750.96970000025,
              535304.65049999952
            ],
            [
              365758.55819999985,
              535304.06670000032
            ],
            [
              365771.10830000136,
              535312.23890000209
            ],
            [
              365776.07000000123,
              535312.23890000209
            ],
            [
              365787.16090000048,
              535322.45420000143
            ],
            [
              365791.24700000137,
              535323.62170000002
            ],
            [
              365798.54359999951,
              535326.83220000193
            ],
            [
              365804.08899999969,
              535328.58340000175
            ],
            [
              365811.67750000022,
              535332.08569999784
            ],
            [
              365815.76360000111,
              535334.128800001
            ],
            [
              365825.97890000045,
              535339.38230000064
            ],
            [
              365829.1894000005,
              535342.59290000238
            ],
            [
              365844.36630000081,
              535352.22440000251
            ],
            [
              365848.7443000013,
              535356.31049999967
            ],
            [
              365861.87820000108,
              535363.89900000207
            ],
            [
              365870.050400001,
              535369.73630000092
            ],
            [
              365875.30400000047,
              535374.40610000305
            ],
            [
              365875.30400000047,
              535383.16200000048
            ],
            [
              365881.72499999963,
              535390.16680000164
            ],
            [
              365889.31350000016,
              535393.08540000021
            ],
            [
              365897.48570000008,
              535402.71700000018
            ],
            [
              365903.61490000039,
              535413.51600000449
            ],
            [
              365909.16030000057,
              535415.85090000182
            ],
            [
              365914.70570000075,
              535421.98000000231
            ],
            [
              365922.58609999996,
              535425.19050000422
            ],
            [
              365926.96399999969,
              535431.90340000205
            ],
            [
              365938.93049999978,
              535436.57330000214
            ],
            [
              365943.60030000005,
              535441.82680000179
            ],
            [
              365954.3992999997,
              535453.50140000135
            ],
            [
              365962.86340000108,
              535464.00850000232
            ],
            [
              365970.15999999922,
              535470.72140000015
            ],
            [
              365978.04030000046,
              535481.52040000446
            ],
            [
              365990.59049999993,
              535488.81700000167
            ],
            [
              365991.46609999891,
              535494.65430000238
            ],
            [
              365999.05460000131,
              535502.24279999919
            ],
            [
              366009.26979999989,
              535505.4533000011
            ],
            [
              366014.23150000069,
              535508.95570000261
            ],
            [
              366024.15490000043,
              535511.29059999995
            ],
            [
              366037.87260000128,
              535515.96040000208
            ],
            [
              366047.21220000088,
              535518.00349999964
            ],
            [
              366060.63800000027,
              535523.25699999928
            ],
            [
              366069.68580000103,
              535529.67810000293
            ],
            [
              366078.73360000085,
              535532.59669999965
            ],
            [
              366088.07330000121,
              535531.72110000066
            ],
            [
              366101.4991000006,
              535530.84550000168
            ],
            [
              366109.96310000028,
              535534.93160000257
            ],
            [
              366122.22149999999,
              535540.18520000204
            ],
            [
              366127.76690000016,
              535546.31430000253
            ]
          ]
        ]
      }
    }
  ]
}