{
  "displayFieldName" : "",
  "fieldAliases" : {
    "FID" : "FID",
    "PMNTN_SN" : "PMNTN_SN",
    "MNTN_CODE" : "MNTN_CODE",
    "MNTN_NM" : "MNTN_NM",
    "PMNTN_NM" : "PMNTN_NM",
    "PMNTN_MAIN" : "PMNTN_MAIN",
    "PMNTN_LT" : "PMNTN_LT",
    "PMNTN_DFFL" : "PMNTN_DFFL",
    "PMNTN_UPPL" : "PMNTN_UPPL",
    "PMNTN_GODN" : "PMNTN_GODN",
    "PMNTN_MTRQ" : "PMNTN_MTRQ",
    "PMNTN_CNRL" : "PMNTN_CNRL",
    "PMNTN_CLS_" : "PMNTN_CLS_",
    "PMNTN_RISK" : "PMNTN_RISK",
    "PMNTN_RECO" : "PMNTN_RECO",
    "DATA_STDR_" : "DATA_STDR_",
    "MNTN_ID" : "MNTN_ID"
  },
  "geometryType" : "esriGeometryPolyline",
  "spatialReference" : {
    "wkt" : "PROJCS[\"PCS_ITRF2000_TM\",GEOGCS[\"GCS_ITRF_2000\",DATUM[\"D_ITRF_2000\",SPHEROID[\"GRS_1980\",6378137.0,298.257222101]],PRIMEM[\"Greenwich\",0.0],UNIT[\"Degree\",0.0174532925199433]],PROJECTION[\"Transverse_Mercator\"],PARAMETER[\"False_Easting\",200000.0],PARAMETER[\"False_Northing\",600000.0],PARAMETER[\"Central_Meridian\",127.0],PARAMETER[\"Scale_Factor\",1.0],PARAMETER[\"Latitude_Of_Origin\",38.0],UNIT[\"Meter\",1.0]]"
  },
  "fields" : [
    {
      "name" : "FID",
      "type" : "esriFieldTypeOID",
      "alias" : "FID"
    },
    {
      "name" : "PMNTN_SN",
      "type" : "esriFieldTypeDouble",
      "alias" : "PMNTN_SN"
    },
    {
      "name" : "MNTN_CODE",
      "type" : "esriFieldTypeString",
      "alias" : "MNTN_CODE",
      "length" : 9
    },
    {
      "name" : "MNTN_NM",
      "type" : "esriFieldTypeString",
      "alias" : "MNTN_NM",
      "length" : 50
    },
    {
      "name" : "PMNTN_NM",
      "type" : "esriFieldTypeString",
      "alias" : "PMNTN_NM",
      "length" : 50
    },
    {
      "name" : "PMNTN_MAIN",
      "type" : "esriFieldTypeString",
      "alias" : "PMNTN_MAIN",
      "length" : 200
    },
    {
      "name" : "PMNTN_LT",
      "type" : "esriFieldTypeSingle",
      "alias" : "PMNTN_LT"
    },
    {
      "name" : "PMNTN_DFFL",
      "type" : "esriFieldTypeString",
      "alias" : "PMNTN_DFFL",
      "length" : 8
    },
    {
      "name" : "PMNTN_UPPL",
      "type" : "esriFieldTypeDouble",
      "alias" : "PMNTN_UPPL"
    },
    {
      "name" : "PMNTN_GODN",
      "type" : "esriFieldTypeDouble",
      "alias" : "PMNTN_GODN"
    },
    {
      "name" : "PMNTN_MTRQ",
      "type" : "esriFieldTypeString",
      "alias" : "PMNTN_MTRQ",
      "length" : 200
    },
    {
      "name" : "PMNTN_CNRL",
      "type" : "esriFieldTypeString",
      "alias" : "PMNTN_CNRL",
      "length" : 1
    },
    {
      "name" : "PMNTN_CLS_",
      "type" : "esriFieldTypeString",
      "alias" : "PMNTN_CLS_",
      "length" : 1
    },
    {
      "name" : "PMNTN_RISK",
      "type" : "esriFieldTypeString",
      "alias" : "PMNTN_RISK",
      "length" : 200
    },
    {
      "name" : "PMNTN_RECO",
      "type" : "esriFieldTypeString",
      "alias" : "PMNTN_RECO",
      "length" : 1
    },
    {
      "name" : "DATA_STDR_",
      "type" : "esriFieldTypeString",
      "alias" : "DATA_STDR_",
      "length" : 10
    },
    {
      "name" : "MNTN_ID",
      "type" : "esriFieldTypeString",
      "alias" : "MNTN_ID",
      "length" : 10
    }
  ],
  "features" : [
    {
      "attributes" : {
        "FID" : 0,
        "PMNTN_SN" : 32680,
        "MNTN_CODE" : "491106204",
        "MNTN_NM" : "소산오름",
        "PMNTN_NM" : "아라일동구간",
        "PMNTN_MAIN" : " ",
        "PMNTN_LT" : 0.27,
        "PMNTN_DFFL" : "쉬움",
        "PMNTN_UPPL" : 5,
        "PMNTN_GODN" : 3,
        "PMNTN_MTRQ" : " ",
        "PMNTN_CNRL" : " ",
        "PMNTN_CLS_" : " ",
        "PMNTN_RISK" : " ",
        "PMNTN_RECO" : " ",
        "DATA_STDR_" : "2016-12-31",
        "MNTN_ID" : "491106204"
      },
      "geometry" : {
        "paths" : [
          [
            [
              158693.31380000152,
              94662.672500001267
            ],
            [
              158695.52170000132,
              94656.060600003228
            ],
            [
              158698.29600000195,
              94648.117399999872
            ],
            [
              158699.49480000231,
              94641.434400001541
            ],
            [
              158698.76520000212,
              94638.417700000107
            ],
            [
              158694.55879999977,
              94635.36560000293
            ],
            [
              158687.61030000076,
              94630.581100001931
            ],
            [
              158683.90420000069,
              94625.0839000009
            ],
            [
              158681.24810000136,
              94619.41579999961
            ],
            [
              158679.84500000067,
              94615.328600002453
            ],
            [
              158679.44030000176,
              94612.046900002286
            ],
            [
              158676.12850000151,
              94600.912799999118
            ],
            [
              158674.48380000051,
              94594.719000002369
            ],
            [
              158674.25509999972,
              94591.25899999775
            ],
            [
              158675.78030000068,
              94586.959599999711
            ],
            [
              158675.02790000103,
              94580.651000002399
            ],
            [
              158675.66650000121,
              94575.612099999562
            ],
            [
              158678.48649999965,
              94571.817400000989
            ],
            [
              158680.69520000275,
              94568.59100000374
            ],
            [
              158684.83580000047,
              94566.998000001535
            ],
            [
              158685.85090000089,
              94560.826100001112
            ],
            [
              158684.34070000052,
              94555.652200004086
            ],
            [
              158688.57240000088,
              94551.429900003597
            ],
            [
              158688.24250000063,
              94546.051300004125
            ],
            [
              158690.19630000181,
              94539.775500001386
            ],
            [
              158691.99009999912,
              94536.587999999523
            ],
            [
              158695.38620000053,
              94531.311600001529
            ],
            [
              158691.44410000183,
              94527.168700000271
            ],
            [
              158686.56520000007,
              94521.443600002676
            ],
            [
              158680.69590000156,
              94516.77650000155
            ],
            [
              158676.85920000356,
              94515.528400002047
            ],
            [
              158672.76990000065,
              94513.489100003615
            ],
            [
              158669.71110000275,
              94509.757599998266
            ],
            [
              158671.46860000119,
              94505.41270000115
            ],
            [
              158674.44420000073,
              94503.192500002682
            ],
            [
              158677.08490000013,
              94498.788399999961
            ],
            [
              158679.38590000197,
              94497.580499997362
            ],
            [
              158679.2918999996,
              94492.999600000679
            ],
            [
              158677.63690000121,
              94488.746999999508
            ],
            [
              158674.08010000084,
              94487.70850000158
            ],
            [
              158671.52720000129,
              94484.402699999511
            ],
            [
              158669.34380000271,
              94480.540699997917
            ],
            [
              158667.71480000112,
              94475.84430000186
            ],
            [
              158665.00140000414,
              94469.821499999613
            ],
            [
              158664.18010000139,
              94461.530700001866
            ],
            [
              158666.79150000121,
              94455.105399999768
            ],
            [
              158667.28009999916,
              94447.635300002992
            ],
            [
              158671.72730000131,
              94441.802600000054
            ],
            [
              158676.35140000284,
              94435.484100000933
            ]
          ]
        ]
      }
    }
  ]
}