{
  "displayFieldName" : "",
  "fieldAliases" : {
    "FID" : "FID",
    "PMNTN_SPOT" : "PMNTN_SPOT",
    "MNTN_CODE" : "MNTN_CODE",
    "MANAGE_SP1" : "MANAGE_SP1",
    "MANAGE_SP2" : "MANAGE_SP2",
    "DETAIL_SPO" : "DETAIL_SPO",
    "ETC_MATTER" : "ETC_MATTER",
    "MNTN_NM" : "MNTN_NM",
    "PAST_SPOT_" : "PAST_SPOT_",
    "MNTN_ID" : "MNTN_ID"
  },
  "geometryType" : "esriGeometryPoint",
  "spatialReference" : {
    "wkt" : "PROJCS[\"PCS_ITRF2000_TM\",GEOGCS[\"GCS_ITRF_2000\",DATUM[\"D_ITRF_2000\",SPHEROID[\"GRS_1980\",6378137.0,298.257222101]],PRIMEM[\"Greenwich\",0.0],UNIT[\"Degree\",0.0174532925199433]],PROJECTION[\"Transverse_Mercator\"],PARAMETER[\"False_Easting\",200000.0],PARAMETER[\"False_Northing\",600000.0],PARAMETER[\"Central_Meridian\",127.0],PARAMETER[\"Scale_Factor\",1.0],PARAMETER[\"Latitude_Of_Origin\",38.0],UNIT[\"Meter\",1.0]]"
  },
  "fields" : [
    {
      "name" : "FID",
      "type" : "esriFieldTypeOID",
      "alias" : "FID"
    },
    {
      "name" : "PMNTN_SPOT",
      "type" : "esriFieldTypeDouble",
      "alias" : "PMNTN_SPOT"
    },
    {
      "name" : "MNTN_CODE",
      "type" : "esriFieldTypeString",
      "alias" : "MNTN_CODE",
      "length" : 9
    },
    {
      "name" : "MANAGE_SP1",
      "type" : "esriFieldTypeString",
      "alias" : "MANAGE_SP1",
      "length" : 2
    },
    {
      "name" : "MANAGE_SP2",
      "type" : "esriFieldTypeString",
      "alias" : "MANAGE_SP2",
      "length" : 50
    },
    {
      "name" : "DETAIL_SPO",
      "type" : "esriFieldTypeString",
      "alias" : "DETAIL_SPO",
      "length" : 200
    },
    {
      "name" : "ETC_MATTER",
      "type" : "esriFieldTypeString",
      "alias" : "ETC_MATTER",
      "length" : 200
    },
    {
      "name" : "MNTN_NM",
      "type" : "esriFieldTypeString",
      "alias" : "MNTN_NM",
      "length" : 50
    },
    {
      "name" : "PAST_SPOT_",
      "type" : "esriFieldTypeString",
      "alias" : "PAST_SPOT_",
      "length" : 14
    },
    {
      "name" : "MNTN_ID",
      "type" : "esriFieldTypeString",
      "alias" : "MNTN_ID",
      "length" : 10
    }
  ],
  "features" : [
    {
      "attributes" : {
        "FID" : 0,
        "PMNTN_SPOT" : 38219,
        "MNTN_CODE" : "287101901",
        "MANAGE_SP1" : "14",
        "MANAGE_SP2" : "조망점",
        "DETAIL_SPO" : "조망점",
        "ETC_MATTER" : " ",
        "MNTN_NM" : "별립산",
        "PAST_SPOT_" : "2871019010001",
        "MNTN_ID" : "287101901"
      },
      "geometry" : {
        "x" : 143411.65620000102,
        "y" : 574509.77679999918
      }
    },
    {
      "attributes" : {
        "FID" : 1,
        "PMNTN_SPOT" : 38220,
        "MNTN_CODE" : "287101901",
        "MANAGE_SP1" : "09",
        "MANAGE_SP2" : "기타건물",
        "DETAIL_SPO" : "기타건물",
        "ETC_MATTER" : " ",
        "MNTN_NM" : "별립산",
        "PAST_SPOT_" : "2871019010002",
        "MNTN_ID" : "287101901"
      },
      "geometry" : {
        "x" : 143586.50520000141,
        "y" : 574964.44750000164
      }
    },
    {
      "attributes" : {
        "FID" : 2,
        "PMNTN_SPOT" : 38221,
        "MNTN_CODE" : "287101901",
        "MANAGE_SP1" : "07",
        "MANAGE_SP2" : "시설물(운동기구 등)",
        "DETAIL_SPO" : "시설물",
        "ETC_MATTER" : " ",
        "MNTN_NM" : "별립산",
        "PAST_SPOT_" : "2871019010003",
        "MNTN_ID" : "287101901"
      },
      "geometry" : {
        "x" : 143828.88210000005,
        "y" : 575109.04820000008
      }
    },
    {
      "attributes" : {
        "FID" : 3,
        "PMNTN_SPOT" : 38222,
        "MNTN_CODE" : "287101901",
        "MANAGE_SP1" : "14",
        "MANAGE_SP2" : "조망점",
        "DETAIL_SPO" : "조망점",
        "ETC_MATTER" : " ",
        "MNTN_NM" : "별립산",
        "PAST_SPOT_" : "2871019010004",
        "MNTN_ID" : "287101901"
      },
      "geometry" : {
        "x" : 144347.5392000014,
        "y" : 575265.38739999942
      }
    },
    {
      "attributes" : {
        "FID" : 4,
        "PMNTN_SPOT" : 38223,
        "MNTN_CODE" : "287101901",
        "MANAGE_SP1" : "14",
        "MANAGE_SP2" : "조망점",
        "DETAIL_SPO" : "조망점",
        "ETC_MATTER" : " ",
        "MNTN_NM" : "별립산",
        "PAST_SPOT_" : "2871019010005",
        "MNTN_ID" : "287101901"
      },
      "geometry" : {
        "x" : 144420.79790000152,
        "y" : 575264.40909999982
      }
    },
    {
      "attributes" : {
        "FID" : 5,
        "PMNTN_SPOT" : 38224,
        "MNTN_CODE" : "287101901",
        "MANAGE_SP1" : "23",
        "MANAGE_SP2" : "정상",
        "DETAIL_SPO" : "정상부,조망점",
        "ETC_MATTER" : " ",
        "MNTN_NM" : "별립산",
        "PAST_SPOT_" : "2871019010006",
        "MNTN_ID" : "287101901"
      },
      "geometry" : {
        "x" : 144738.61099999957,
        "y" : 575073.59010000154
      }
    },
    {
      "attributes" : {
        "FID" : 6,
        "PMNTN_SPOT" : 38225,
        "MNTN_CODE" : "287101901",
        "MANAGE_SP1" : "01",
        "MANAGE_SP2" : "시종점",
        "DETAIL_SPO" : "시종점",
        "ETC_MATTER" : " ",
        "MNTN_NM" : "별립산",
        "PAST_SPOT_" : "2871019010007",
        "MNTN_ID" : "287101901"
      },
      "geometry" : {
        "x" : 143329.26549999975,
        "y" : 574604.69310000353
      }
    },
    {
      "attributes" : {
        "FID" : 7,
        "PMNTN_SPOT" : 38226,
        "MNTN_CODE" : "287101901",
        "MANAGE_SP1" : "02",
        "MANAGE_SP2" : "분기점",
        "DETAIL_SPO" : "분기점",
        "ETC_MATTER" : " ",
        "MNTN_NM" : "별립산",
        "PAST_SPOT_" : "2871019010008",
        "MNTN_ID" : "287101901"
      },
      "geometry" : {
        "x" : 143570.35659999959,
        "y" : 574754.9075000044
      }
    },
    {
      "attributes" : {
        "FID" : 8,
        "PMNTN_SPOT" : 38227,
        "MNTN_CODE" : "287101901",
        "MANAGE_SP1" : "02",
        "MANAGE_SP2" : "분기점",
        "DETAIL_SPO" : "분기점",
        "ETC_MATTER" : " ",
        "MNTN_NM" : "별립산",
        "PAST_SPOT_" : "2871019010009",
        "MNTN_ID" : "287101901"
      },
      "geometry" : {
        "x" : 144117.25930000097,
        "y" : 575075.45870000124
      }
    },
    {
      "attributes" : {
        "FID" : 9,
        "PMNTN_SPOT" : 38228,
        "MNTN_CODE" : "287101901",
        "MANAGE_SP1" : "01",
        "MANAGE_SP2" : "시종점",
        "DETAIL_SPO" : "시종점",
        "ETC_MATTER" : " ",
        "MNTN_NM" : "별립산",
        "PAST_SPOT_" : "2871019010010",
        "MNTN_ID" : "287101901"
      },
      "geometry" : {
        "x" : 144780.49950000085,
        "y" : 575069.34610000439
      }
    },
    {
      "attributes" : {
        "FID" : 10,
        "PMNTN_SPOT" : 96881,
        "MNTN_CODE" : "287101901",
        "MANAGE_SP1" : "23",
        "MANAGE_SP2" : "정상",
        "DETAIL_SPO" : "정상",
        "ETC_MATTER" : " ",
        "MNTN_NM" : "별립산",
        "PAST_SPOT_" : "2871019010011",
        "MNTN_ID" : "287101901"
      },
      "geometry" : {
        "x" : 144110.79780000003,
        "y" : 575067.6552000012
      }
    }
  ]
}