{
  "displayFieldName" : "",
  "fieldAliases" : {
    "FID" : "FID",
    "PMNTN_SN" : "PMNTN_SN",
    "MNTN_CODE" : "MNTN_CODE",
    "MNTN_NM" : "MNTN_NM",
    "PMNTN_NM" : "PMNTN_NM",
    "PMNTN_MAIN" : "PMNTN_MAIN",
    "PMNTN_LT" : "PMNTN_LT",
    "PMNTN_DFFL" : "PMNTN_DFFL",
    "PMNTN_UPPL" : "PMNTN_UPPL",
    "PMNTN_GODN" : "PMNTN_GODN",
    "PMNTN_MTRQ" : "PMNTN_MTRQ",
    "PMNTN_CNRL" : "PMNTN_CNRL",
    "PMNTN_CLS_" : "PMNTN_CLS_",
    "PMNTN_RISK" : "PMNTN_RISK",
    "PMNTN_RECO" : "PMNTN_RECO",
    "DATA_STDR_" : "DATA_STDR_",
    "MNTN_ID" : "MNTN_ID"
  },
  "geometryType" : "esriGeometryPolyline",
  "spatialReference" : {
    "wkt" : "PROJCS[\"PCS_ITRF2000_TM\",GEOGCS[\"GCS_ITRF_2000\",DATUM[\"D_ITRF_2000\",SPHEROID[\"GRS_1980\",6378137.0,298.257222101]],PRIMEM[\"Greenwich\",0.0],UNIT[\"Degree\",0.0174532925199433]],PROJECTION[\"Transverse_Mercator\"],PARAMETER[\"False_Easting\",200000.0],PARAMETER[\"False_Northing\",600000.0],PARAMETER[\"Central_Meridian\",127.0],PARAMETER[\"Scale_Factor\",1.0],PARAMETER[\"Latitude_Of_Origin\",38.0],UNIT[\"Meter\",1.0]]"
  },
  "fields" : [
    {
      "name" : "FID",
      "type" : "esriFieldTypeOID",
      "alias" : "FID"
    },
    {
      "name" : "PMNTN_SN",
      "type" : "esriFieldTypeDouble",
      "alias" : "PMNTN_SN"
    },
    {
      "name" : "MNTN_CODE",
      "type" : "esriFieldTypeString",
      "alias" : "MNTN_CODE",
      "length" : 9
    },
    {
      "name" : "MNTN_NM",
      "type" : "esriFieldTypeString",
      "alias" : "MNTN_NM",
      "length" : 50
    },
    {
      "name" : "PMNTN_NM",
      "type" : "esriFieldTypeString",
      "alias" : "PMNTN_NM",
      "length" : 50
    },
    {
      "name" : "PMNTN_MAIN",
      "type" : "esriFieldTypeString",
      "alias" : "PMNTN_MAIN",
      "length" : 200
    },
    {
      "name" : "PMNTN_LT",
      "type" : "esriFieldTypeSingle",
      "alias" : "PMNTN_LT"
    },
    {
      "name" : "PMNTN_DFFL",
      "type" : "esriFieldTypeString",
      "alias" : "PMNTN_DFFL",
      "length" : 8
    },
    {
      "name" : "PMNTN_UPPL",
      "type" : "esriFieldTypeDouble",
      "alias" : "PMNTN_UPPL"
    },
    {
      "name" : "PMNTN_GODN",
      "type" : "esriFieldTypeDouble",
      "alias" : "PMNTN_GODN"
    },
    {
      "name" : "PMNTN_MTRQ",
      "type" : "esriFieldTypeString",
      "alias" : "PMNTN_MTRQ",
      "length" : 200
    },
    {
      "name" : "PMNTN_CNRL",
      "type" : "esriFieldTypeString",
      "alias" : "PMNTN_CNRL",
      "length" : 1
    },
    {
      "name" : "PMNTN_CLS_",
      "type" : "esriFieldTypeString",
      "alias" : "PMNTN_CLS_",
      "length" : 1
    },
    {
      "name" : "PMNTN_RISK",
      "type" : "esriFieldTypeString",
      "alias" : "PMNTN_RISK",
      "length" : 200
    },
    {
      "name" : "PMNTN_RECO",
      "type" : "esriFieldTypeString",
      "alias" : "PMNTN_RECO",
      "length" : 1
    },
    {
      "name" : "DATA_STDR_",
      "type" : "esriFieldTypeString",
      "alias" : "DATA_STDR_",
      "length" : 10
    },
    {
      "name" : "MNTN_ID",
      "type" : "esriFieldTypeString",
      "alias" : "MNTN_ID",
      "length" : 10
    }
  ],
  "features" : [
    {
      "attributes" : {
        "FID" : 0,
        "PMNTN_SN" : 37486,
        "MNTN_CODE" : "482201701",
        "MNTN_NM" : "여항산",
        "PMNTN_NM" : "문화동구간",
        "PMNTN_MAIN" : " ",
        "PMNTN_LT" : 0.5,
        "PMNTN_DFFL" : "쉬움",
        "PMNTN_UPPL" : 9,
        "PMNTN_GODN" : 7,
        "PMNTN_MTRQ" : " ",
        "PMNTN_CNRL" : " ",
        "PMNTN_CLS_" : " ",
        "PMNTN_RISK" : " ",
        "PMNTN_RECO" : " ",
        "DATA_STDR_" : "2016-12-31",
        "MNTN_ID" : "482202001"
      },
      "geometry" : {
        "paths" : [
          [
            [
              329870.79940000176,
              251109.75890000351
            ],
            [
              329879.3116000006,
              251128.61710000224
            ],
            [
              329880.42039999925,
              251142.16650000215
            ],
            [
              329884.36350000091,
              251161.76799999923
            ],
            [
              329881.93950000033,
              251172.04219999909
            ],
            [
              329889.5700000003,
              251179.283400001
            ],
            [
              329895.44430000149,
              251185.67730000056
            ],
            [
              329900.99519999977,
              251191.96969999932
            ],
            [
              329903.78249999974,
              251198.8877000045
            ],
            [
              329904.31329999957,
              251202.67650000006
            ],
            [
              329901.18150000088,
              251209.51349999942
            ],
            [
              329899.66240000073,
              251214.57720000111
            ],
            [
              329896.53060000017,
              251224.95879999921
            ],
            [
              329898.64969999995,
              251236.35099999979
            ],
            [
              329894.09229999967,
              251250.02300000191
            ],
            [
              329884.97770000156,
              251256.09940000065
            ],
            [
              329866.74840000086,
              251266.73310000263
            ],
            [
              329851.55740000028,
              251273.31589999981
            ],
            [
              329840.92370000109,
              251279.39230000228
            ],
            [
              329828.26440000068,
              251299.64709999971
            ],
            [
              329812.06070000213,
              251306.73620000109
            ],
            [
              329796.36320000049,
              251318.38269999996
            ],
            [
              329786.2359000016,
              251330.53559999913
            ],
            [
              329777.62760000117,
              251338.13110000081
            ],
            [
              329771.55119999964,
              251356.86670000292
            ],
            [
              329771.55119999964,
              251369.01960000023
            ],
            [
              329776.61490000039,
              251379.14690000005
            ],
            [
              329789.45799999963,
              251380.74159999937
            ],
            [
              329797.9430000009,
              251383.68010000139
            ],
            [
              329805.89300000109,
              251394.34869999997
            ],
            [
              329811.04789999966,
              251419.15000000224
            ],
            [
              329815.60520000197,
              251424.2137000002
            ],
            [
              329833.32809999958,
              251430.2901000008
            ],
            [
              329842.94910000078,
              251433.32830000296
            ],
            [
              329861.17840000056,
              251436.36660000123
            ],
            [
              329878.90130000096,
              251439.40479999781
            ],
            [
              329888.0159,
              251440.92390000261
            ],
            [
              329900.1688000001,
              251438.89839999937
            ]
          ]
        ]
      }
    },
    {
      "attributes" : {
        "FID" : 1,
        "PMNTN_SN" : 37487,
        "MNTN_CODE" : "482201701",
        "MNTN_NM" : "여항산",
        "PMNTN_NM" : " ",
        "PMNTN_MAIN" : " ",
        "PMNTN_LT" : 0.08,
        "PMNTN_DFFL" : "쉬움",
        "PMNTN_UPPL" : 1,
        "PMNTN_GODN" : 1,
        "PMNTN_MTRQ" : " ",
        "PMNTN_CNRL" : " ",
        "PMNTN_CLS_" : " ",
        "PMNTN_RISK" : " ",
        "PMNTN_RECO" : " ",
        "DATA_STDR_" : "2016-12-31",
        "MNTN_ID" : "482202001"
      },
      "geometry" : {
        "paths" : [
          [
            [
              329900.1688000001,
              251438.89839999937
            ],
            [
              329905.23240000103,
              251437.88570000231
            ],
            [
              329917.38530000113,
              251437.88570000231
            ],
            [
              329930.04450000077,
              251438.89839999937
            ],
            [
              329938.65280000027,
              251440.41750000417
            ],
            [
              329945.23560000025,
              251443.96209999919
            ],
            [
              329942.08189999964,
              251452.2762000002
            ],
            [
              329939.66550000105,
              251458.64680000022
            ],
            [
              329923.4617000008,
              251473.33139999956
            ]
          ]
        ]
      }
    },
    {
      "attributes" : {
        "FID" : 2,
        "PMNTN_SN" : 37488,
        "MNTN_CODE" : "482201701",
        "MNTN_NM" : "여항산",
        "PMNTN_NM" : " ",
        "PMNTN_MAIN" : " ",
        "PMNTN_LT" : 0.04,
        "PMNTN_DFFL" : "쉬움",
        "PMNTN_UPPL" : 1,
        "PMNTN_GODN" : 0,
        "PMNTN_MTRQ" : " ",
        "PMNTN_CNRL" : " ",
        "PMNTN_CLS_" : " ",
        "PMNTN_RISK" : " ",
        "PMNTN_RECO" : " ",
        "DATA_STDR_" : "2016-12-31",
        "MNTN_ID" : "482202001"
      },
      "geometry" : {
        "paths" : [
          [
            [
              329923.4617000008,
              251473.33139999956
            ],
            [
              329915.17450000066,
              251468.59590000287
            ],
            [
              329909.283400001,
              251465.22960000113
            ],
            [
              329906.47210000083,
              251456.83860000223
            ],
            [
              329900.1688000001,
              251438.89839999937
            ]
          ]
        ]
      }
    },
    {
      "attributes" : {
        "FID" : 3,
        "PMNTN_SN" : 37489,
        "MNTN_CODE" : "482201701",
        "MNTN_NM" : "여항산",
        "PMNTN_NM" : " ",
        "PMNTN_MAIN" : " ",
        "PMNTN_LT" : 0.07,
        "PMNTN_DFFL" : "쉬움",
        "PMNTN_UPPL" : 1,
        "PMNTN_GODN" : 1,
        "PMNTN_MTRQ" : " ",
        "PMNTN_CNRL" : " ",
        "PMNTN_CLS_" : " ",
        "PMNTN_RISK" : " ",
        "PMNTN_RECO" : " ",
        "DATA_STDR_" : "2016-12-31",
        "MNTN_ID" : "482202001"
      },
      "geometry" : {
        "paths" : [
          [
            [
              329923.4617000008,
              251473.33139999956
            ],
            [
              329928.14450000133,
              251481.85980000161
            ],
            [
              329928.45260000136,
              251498.10639999993
            ],
            [
              329923.9681000011,
              251509.28360000066
            ],
            [
              329924.98080000188,
              251517.89189999923
            ],
            [
              329927.00629999954,
              251529.53830000386
            ],
            [
              329923.4617000008,
              251540.67840000242
            ]
          ]
        ]
      }
    },
    {
      "attributes" : {
        "FID" : 4,
        "PMNTN_SN" : 37490,
        "MNTN_CODE" : "482201701",
        "MNTN_NM" : "여항산",
        "PMNTN_NM" : "문화동구간",
        "PMNTN_MAIN" : " ",
        "PMNTN_LT" : 0.06,
        "PMNTN_DFFL" : "쉬움",
        "PMNTN_UPPL" : 1,
        "PMNTN_GODN" : 1,
        "PMNTN_MTRQ" : " ",
        "PMNTN_CNRL" : " ",
        "PMNTN_CLS_" : " ",
        "PMNTN_RISK" : " ",
        "PMNTN_RECO" : " ",
        "DATA_STDR_" : "2016-12-31",
        "MNTN_ID" : "482202001"
      },
      "geometry" : {
        "paths" : [
          [
            [
              330230.32100000139,
              251505.73900000006
            ],
            [
              330230.32100000139,
              251446.90619999915
            ],
            [
              330230.32100000139,
              251440.92390000261
            ]
          ]
        ]
      }
    },
    {
      "attributes" : {
        "FID" : 5,
        "PMNTN_SN" : 37491,
        "MNTN_CODE" : "482201701",
        "MNTN_NM" : "여항산",
        "PMNTN_NM" : " ",
        "PMNTN_MAIN" : " ",
        "PMNTN_LT" : 0.28,
        "PMNTN_DFFL" : "쉬움",
        "PMNTN_UPPL" : 5,
        "PMNTN_GODN" : 3,
        "PMNTN_MTRQ" : " ",
        "PMNTN_CNRL" : " ",
        "PMNTN_CLS_" : " ",
        "PMNTN_RISK" : " ",
        "PMNTN_RECO" : " ",
        "DATA_STDR_" : "2016-12-31",
        "MNTN_ID" : "482202001"
      },
      "geometry" : {
        "paths" : [
          [
            [
              329923.4617000008,
              251540.67840000242
            ],
            [
              329917.89170000143,
              251544.22299999744
            ],
            [
              329910.80429999996,
              251548.47540000081
            ],
            [
              329905.23240000103,
              251551.81860000454
            ],
            [
              329891.49300000072,
              251567.55660000071
            ],
            [
              329879.13730000146,
              251575.08670000173
            ],
            [
              329863.71019999962,
              251582.7070000004
            ],
            [
              329858.64659999963,
              251591.821700003
            ],
            [
              329852.06379999965,
              251600.93630000018
            ],
            [
              329839.40460000094,
              251619.67190000229
            ],
            [
              329835.86000000034,
              251629.29289999977
            ],
            [
              329830.79630000051,
              251639.42029999755
            ],
            [
              329822.69440000132,
              251649.54770000093
            ],
            [
              329816.11160000134,
              251654.10500000231
            ],
            [
              329807.50330000184,
              251658.66229999997
            ],
            [
              329800.92060000077,
              251660.18139999919
            ],
            [
              329792.31230000127,
              251660.18139999919
            ],
            [
              329777.12119999994,
              251656.63680000417
            ],
            [
              329763.44930000138,
              251656.63680000417
            ],
            [
              329747.24550000206,
              251659.67500000075
            ],
            [
              329730.02900000103,
              251666.76420000196
            ],
            [
              329704.2042000005,
              251668.78970000148
            ]
          ]
        ]
      }
    },
    {
      "attributes" : {
        "FID" : 6,
        "PMNTN_SN" : 37492,
        "MNTN_CODE" : "482201701",
        "MNTN_NM" : "여항산",
        "PMNTN_NM" : " ",
        "PMNTN_MAIN" : " ",
        "PMNTN_LT" : 0.04,
        "PMNTN_DFFL" : "쉬움",
        "PMNTN_UPPL" : 1,
        "PMNTN_GODN" : 0,
        "PMNTN_MTRQ" : " ",
        "PMNTN_CNRL" : " ",
        "PMNTN_CLS_" : " ",
        "PMNTN_RISK" : " ",
        "PMNTN_RECO" : " ",
        "DATA_STDR_" : "2016-12-31",
        "MNTN_ID" : "482202001"
      },
      "geometry" : {
        "paths" : [
          [
            [
              329906.75160000008,
              251569.03509999998
            ],
            [
              329915.35980000068,
              251565.99689999968
            ],
            [
              329918.90440000128,
              251562.45229999907
            ],
            [
              329920.92989999987,
              251556.37590000033
            ],
            [
              329923.4617000008,
              251540.67840000242
            ]
          ]
        ]
      }
    },
    {
      "attributes" : {
        "FID" : 7,
        "PMNTN_SN" : 37493,
        "MNTN_CODE" : "482201701",
        "MNTN_NM" : "여항산",
        "PMNTN_NM" : " ",
        "PMNTN_MAIN" : " ",
        "PMNTN_LT" : 0.06,
        "PMNTN_DFFL" : "쉬움",
        "PMNTN_UPPL" : 1,
        "PMNTN_GODN" : 1,
        "PMNTN_MTRQ" : " ",
        "PMNTN_CNRL" : " ",
        "PMNTN_CLS_" : " ",
        "PMNTN_RISK" : " ",
        "PMNTN_RECO" : " ",
        "DATA_STDR_" : "2016-12-31",
        "MNTN_ID" : "482202001"
      },
      "geometry" : {
        "paths" : [
          [
            [
              329906.75160000008,
              251569.03509999998
            ],
            [
              329906.75160000008,
              251576.63060000353
            ],
            [
              329906.75160000008,
              251586.75800000131
            ],
            [
              329912.82799999975,
              251595.87259999849
            ],
            [
              329918.39800000004,
              251604.98720000312
            ],
            [
              329926.49990000017,
              251611.5700000003
            ],
            [
              329935.61460000183,
              251615.62099999934
            ]
          ]
        ]
      }
    },
    {
      "attributes" : {
        "FID" : 8,
        "PMNTN_SN" : 37494,
        "MNTN_CODE" : "482201701",
        "MNTN_NM" : "여항산",
        "PMNTN_NM" : " ",
        "PMNTN_MAIN" : " ",
        "PMNTN_LT" : 0.36,
        "PMNTN_DFFL" : "쉬움",
        "PMNTN_UPPL" : 6,
        "PMNTN_GODN" : 4,
        "PMNTN_MTRQ" : " ",
        "PMNTN_CNRL" : " ",
        "PMNTN_CLS_" : " ",
        "PMNTN_RISK" : " ",
        "PMNTN_RECO" : " ",
        "DATA_STDR_" : "2016-12-31",
        "MNTN_ID" : "482202001"
      },
      "geometry" : {
        "paths" : [
          [
            [
              329935.61460000183,
              251615.62099999934
            ],
            [
              329935.10819999967,
              251607.51910000294
            ],
            [
              329944.72919999994,
              251593.84710000269
            ],
            [
              329956.37570000067,
              251590.30260000192
            ],
            [
              329970.0476000011,
              251585.23890000023
            ],
            [
              329981.69409999996,
              251583.71979999915
            ],
            [
              329990.80869999994,
              251580.68160000257
            ],
            [
              329996.88509999961,
              251581.18789999932
            ],
            [
              330005.75870000105,
              251582.65389999747
            ],
            [
              330016.57479999959,
              251576.68610000238
            ],
            [
              330021.2778000012,
              251570.49160000123
            ],
            [
              330023.72269999981,
              251562.45229999907
            ],
            [
              330032.1089000022,
              251558.89990000241
            ],
            [
              330042.45830000099,
              251560.42680000328
            ],
            [
              330057.14300000109,
              251562.95869999751
            ],
            [
              330074.35950000212,
              251564.98409999907
            ],
            [
              330093.6015000008,
              251562.45229999907
            ],
            [
              330107.7798000006,
              251560.93320000172
            ],
            [
              330115.88170000073,
              251563.97140000388
            ],
            [
              330127.02180000115,
              251567.5159999989
            ],
            [
              330145.25109999999,
              251559.92039999925
            ],
            [
              330152.84659999982,
              251552.83129999973
            ],
            [
              330159.93580000103,
              251547.7675999999
            ],
            [
              330174.11410000082,
              251550.80580000021
            ],
            [
              330179.17780000065,
              251550.80580000021
            ],
            [
              330183.93670000136,
              251549.5436000023
            ],
            [
              330186.77330000047,
              251545.23580000177
            ],
            [
              330187.24010000005,
              251540.33380000107
            ],
            [
              330187.78600000124,
              251534.60199999996
            ],
            [
              330187.78600000124,
              251528.01920000277
            ],
            [
              330195.88790000137,
              251519.41100000031
            ],
            [
              330211.35280000139,
              251515.54560000077
            ],
            [
              330230.32100000139,
              251505.73900000006
            ]
          ]
        ]
      }
    },
    {
      "attributes" : {
        "FID" : 9,
        "PMNTN_SN" : 37495,
        "MNTN_CODE" : "482201701",
        "MNTN_NM" : "여항산",
        "PMNTN_NM" : " ",
        "PMNTN_MAIN" : " ",
        "PMNTN_LT" : 0.21,
        "PMNTN_DFFL" : "쉬움",
        "PMNTN_UPPL" : 4,
        "PMNTN_GODN" : 3,
        "PMNTN_MTRQ" : " ",
        "PMNTN_CNRL" : " ",
        "PMNTN_CLS_" : " ",
        "PMNTN_RISK" : " ",
        "PMNTN_RECO" : " ",
        "DATA_STDR_" : "2016-12-31",
        "MNTN_ID" : "482202001"
      },
      "geometry" : {
        "paths" : [
          [
            [
              329935.61460000183,
              251615.62099999934
            ],
            [
              329944.22280000057,
              251622.71010000259
            ],
            [
              329947.76740000118,
              251633.34390000068
            ],
            [
              329951.81830000039,
              251647.5222000014
            ],
            [
              329952.83110000007,
              251659.168700004
            ],
            [
              329953.84380000085,
              251669.80240000226
            ],
            [
              329951.31199999992,
              251683.47430000268
            ],
            [
              329944.22280000057,
              251695.12080000155
            ],
            [
              329942.70370000228,
              251705.24819999933
            ],
            [
              329946.7547000004,
              251724.49019999988
            ],
            [
              329958.40110000037,
              251738.66850000061
            ],
            [
              329966.50300000049,
              251747.2768000029
            ],
            [
              329977.64310000092,
              251752.34040000103
            ],
            [
              329990.80869999994,
              251755.88500000164
            ],
            [
              330010.05069999956,
              251756.39140000008
            ],
            [
              330026.25450000167,
              251756.39140000008
            ],
            [
              330032.3107000012,
              251755.84090000205
            ]
          ]
        ]
      }
    },
    {
      "attributes" : {
        "FID" : 10,
        "PMNTN_SN" : 37496,
        "MNTN_CODE" : "482201701",
        "MNTN_NM" : "여항산",
        "PMNTN_NM" : " ",
        "PMNTN_MAIN" : " ",
        "PMNTN_LT" : 0.72,
        "PMNTN_DFFL" : "쉬움",
        "PMNTN_UPPL" : 13,
        "PMNTN_GODN" : 9,
        "PMNTN_MTRQ" : " ",
        "PMNTN_CNRL" : " ",
        "PMNTN_CLS_" : " ",
        "PMNTN_RISK" : " ",
        "PMNTN_RECO" : " ",
        "DATA_STDR_" : "2016-12-31",
        "MNTN_ID" : "482202001"
      },
      "geometry" : {
        "paths" : [
          [
            [
              329704.2042000005,
              251668.78970000148
            ],
            [
              329683.94940000214,
              251667.27060000226
            ],
            [
              329666.73290000111,
              251667.77690000273
            ],
            [
              329648.5037000021,
              251664.73870000057
            ],
            [
              329642.93360000104,
              251659.168700004
            ],
            [
              329638.88270000089,
              251652.07950000279
            ],
            [
              329634.32530000061,
              251641.95209999941
            ],
            [
              329625.21070000064,
              251637.90120000206
            ],
            [
              329610.52600000054,
              251636.88840000331
            ],
            [
              329600.39870000165,
              251640.43300000392
            ],
            [
              329589.7649000017,
              251643.47120000049
            ],
            [
              329572.54840000067,
              251647.0158000011
            ],
            [
              329561.91469999962,
              251651.06680000201
            ],
            [
              329546.21719999984,
              251658.15589999966
            ],
            [
              329535.58350000065,
              251662.20690000057
            ],
            [
              329526.97520000115,
              251665.24510000087
            ],
            [
              329512.79690000135,
              251665.24510000087
            ],
            [
              329505.37180000078,
              251669.76170000248
            ],
            [
              329487.91249999963,
              251670.9215000011
            ],
            [
              329467.48159999866,
              251673.93390000053
            ],
            [
              329441.90529999882,
              251669.80240000226
            ],
            [
              329426.20790000074,
              251666.25780000165
            ],
            [
              329402.40860000066,
              251651.06680000201
            ],
            [
              329391.26850000024,
              251638.40760000236
            ],
            [
              329370.50740000047,
              251612.58280000277
            ],
            [
              329338.60620000027,
              251590.80890000239
            ],
            [
              329316.83230000082,
              251576.63060000353
            ],
            [
              329306.19859999977,
              251564.98409999907
            ],
            [
              329298.95130000077,
              251554.76070000045
            ],
            [
              329290.50119999982,
              251543.71670000255
            ],
            [
              329278.85470000096,
              251540.67840000242
            ],
            [
              329269.74010000005,
              251540.67840000242
            ],
            [
              329263.15730000101,
              251541.69120000117
            ],
            [
              329260.11909999978,
              251547.2611999996
            ],
            [
              329254.54900000151,
              251554.35040000081
            ],
            [
              329241.38350000046,
              251554.35040000081
            ],
            [
              329223.66060000006,
              251545.74210000224
            ],
            [
              329220.11600000132,
              251537.13389999978
            ],
            [
              329222.42030000128,
              251528.81110000238
            ],
            [
              329218.59690000117,
              251518.3981999997
            ],
            [
              329198.84850000031,
              251508.27089999989
            ],
            [
              329186.27929999959,
              251498.22519999929
            ],
            [
              329170.99820000213,
              251493.07980000041
            ],
            [
              329154.79450000077,
              251482.44610000215
            ],
            [
              329143.14800000004,
              251466.2423000019
            ],
            [
              329122.89320000168,
              251439.91110000014
            ]
          ]
        ]
      }
    },
    {
      "attributes" : {
        "FID" : 11,
        "PMNTN_SN" : 37497,
        "MNTN_CODE" : "482201701",
        "MNTN_NM" : "여항산",
        "PMNTN_NM" : "북신동구간",
        "PMNTN_MAIN" : " ",
        "PMNTN_LT" : 0.01,
        "PMNTN_DFFL" : "쉬움",
        "PMNTN_UPPL" : 1,
        "PMNTN_GODN" : 0,
        "PMNTN_MTRQ" : " ",
        "PMNTN_CNRL" : " ",
        "PMNTN_CLS_" : " ",
        "PMNTN_RISK" : " ",
        "PMNTN_RECO" : " ",
        "DATA_STDR_" : "2016-12-31",
        "MNTN_ID" : "482202001"
      },
      "geometry" : {
        "paths" : [
          [
            [
              330288.8208999997,
              251693.33290000446
            ],
            [
              330294.32189999986,
              251681.41389999911
            ]
          ]
        ]
      }
    },
    {
      "attributes" : {
        "FID" : 12,
        "PMNTN_SN" : 37498,
        "MNTN_CODE" : "482201701",
        "MNTN_NM" : "여항산",
        "PMNTN_NM" : " ",
        "PMNTN_MAIN" : " ",
        "PMNTN_LT" : 0.16,
        "PMNTN_DFFL" : "쉬움",
        "PMNTN_UPPL" : 3,
        "PMNTN_GODN" : 2,
        "PMNTN_MTRQ" : " ",
        "PMNTN_CNRL" : " ",
        "PMNTN_CLS_" : " ",
        "PMNTN_RISK" : " ",
        "PMNTN_RECO" : " ",
        "DATA_STDR_" : "2016-12-31",
        "MNTN_ID" : "482202001"
      },
      "geometry" : {
        "paths" : [
          [
            [
              329852.06379999965,
              251708.28639999963
            ],
            [
              329859.1529000001,
              251676.38519999944
            ],
            [
              329860.77760000061,
              251668.26160000078
            ],
            [
              329865.2293000007,
              251646.00310000032
            ],
            [
              329869.62840000074,
              251630.60630000196
            ],
            [
              329874.34399999958,
              251614.10190000013
            ],
            [
              329882.95220000111,
              251602.45540000126
            ],
            [
              329884.8945000004,
              251592.35590000078
            ],
            [
              329885.48410000093,
              251589.28980000131
            ],
            [
              329888.0159,
              251581.69429999962
            ],
            [
              329891.73030000087,
              251575.55260000005
            ],
            [
              329898.14330000058,
              251573.08600000292
            ],
            [
              329906.75160000008,
              251569.03509999998
            ]
          ]
        ]
      }
    },
    {
      "attributes" : {
        "FID" : 13,
        "PMNTN_SN" : 37499,
        "MNTN_CODE" : "482201701",
        "MNTN_NM" : "여항산",
        "PMNTN_NM" : " ",
        "PMNTN_MAIN" : " ",
        "PMNTN_LT" : 0.06,
        "PMNTN_DFFL" : "쉬움",
        "PMNTN_UPPL" : 1,
        "PMNTN_GODN" : 1,
        "PMNTN_MTRQ" : " ",
        "PMNTN_CNRL" : " ",
        "PMNTN_CLS_" : " ",
        "PMNTN_RISK" : " ",
        "PMNTN_RECO" : " ",
        "DATA_STDR_" : "2016-12-31",
        "MNTN_ID" : "482202001"
      },
      "geometry" : {
        "paths" : [
          [
            [
              329852.06379999965,
              251708.28639999963
            ],
            [
              329860.65520000085,
              251736.42449999787
            ],
            [
              329858.14020000026,
              251766.01239999942
            ]
          ]
        ]
      }
    },
    {
      "attributes" : {
        "FID" : 14,
        "PMNTN_SN" : 37500,
        "MNTN_CODE" : "482201701",
        "MNTN_NM" : "여항산",
        "PMNTN_NM" : " ",
        "PMNTN_MAIN" : " ",
        "PMNTN_LT" : 0.1,
        "PMNTN_DFFL" : "쉬움",
        "PMNTN_UPPL" : 2,
        "PMNTN_GODN" : 1,
        "PMNTN_MTRQ" : " ",
        "PMNTN_CNRL" : " ",
        "PMNTN_CLS_" : " ",
        "PMNTN_RISK" : " ",
        "PMNTN_RECO" : " ",
        "DATA_STDR_" : "2016-12-31",
        "MNTN_ID" : "482202001"
      },
      "geometry" : {
        "paths" : [
          [
            [
              330193.35610000044,
              251723.47740000114
            ],
            [
              330219.14080000017,
              251720.83820000105
            ],
            [
              330231.9765999997,
              251721.75500000268
            ],
            [
              330240.22820000071,
              251720.83820000105
            ],
            [
              330256.73140000179,
              251714.42029999942
            ],
            [
              330288.8208999997,
              251693.33290000446
            ]
          ]
        ]
      }
    },
    {
      "attributes" : {
        "FID" : 15,
        "PMNTN_SN" : 37501,
        "MNTN_CODE" : "482201701",
        "MNTN_NM" : "여항산",
        "PMNTN_NM" : "북신동구간",
        "PMNTN_MAIN" : " ",
        "PMNTN_LT" : 0.04,
        "PMNTN_DFFL" : "쉬움",
        "PMNTN_UPPL" : 1,
        "PMNTN_GODN" : 0,
        "PMNTN_MTRQ" : " ",
        "PMNTN_CNRL" : " ",
        "PMNTN_CLS_" : " ",
        "PMNTN_RISK" : " ",
        "PMNTN_RECO" : " ",
        "DATA_STDR_" : "2016-12-31",
        "MNTN_ID" : "482202001"
      },
      "geometry" : {
        "paths" : [
          [
            [
              330193.35610000044,
              251723.47740000114
            ],
            [
              330194.38600000087,
              251741.92560000159
            ],
            [
              330199.88709999993,
              251767.59720000066
            ]
          ]
        ]
      }
    },
    {
      "attributes" : {
        "FID" : 16,
        "PMNTN_SN" : 37502,
        "MNTN_CODE" : "482201701",
        "MNTN_NM" : "여항산",
        "PMNTN_NM" : " ",
        "PMNTN_MAIN" : " ",
        "PMNTN_LT" : 0.16,
        "PMNTN_DFFL" : "쉬움",
        "PMNTN_UPPL" : 3,
        "PMNTN_GODN" : 2,
        "PMNTN_MTRQ" : " ",
        "PMNTN_CNRL" : " ",
        "PMNTN_CLS_" : " ",
        "PMNTN_RISK" : " ",
        "PMNTN_RECO" : " ",
        "DATA_STDR_" : "2016-12-31",
        "MNTN_ID" : "482202001"
      },
      "geometry" : {
        "paths" : [
          [
            [
              329841.4299999997,
              251737.14939999953
            ],
            [
              329836.87270000111,
              251731.5792999994
            ],
            [
              329830.28990000114,
              251726.51570000127
            ],
            [
              329824.71990000084,
              251719.93290000409
            ],
            [
              329815.09890000056,
              251713.85640000179
            ],
            [
              329804.46510000061,
              251708.28639999963
            ],
            [
              329790.79320000019,
              251706.76730000041
            ],
            [
              329779.07540000044,
              251704.06320000254
            ],
            [
              329776.31929999962,
              251703.42719999887
            ],
            [
              329751.80280000065,
              251700.69090000167
            ],
            [
              329731.04170000181,
              251697.14630000107
            ],
            [
              329720.40800000075,
              251695.62720000185
            ],
            [
              329712.8124000011,
              251688.03170000203
            ],
            [
              329707.74880000111,
              251680.94250000082
            ],
            [
              329704.2042000005,
              251668.78970000148
            ]
          ]
        ]
      }
    },
    {
      "attributes" : {
        "FID" : 17,
        "PMNTN_SN" : 37503,
        "MNTN_CODE" : "482201701",
        "MNTN_NM" : "여항산",
        "PMNTN_NM" : " ",
        "PMNTN_MAIN" : " ",
        "PMNTN_LT" : 0.03,
        "PMNTN_DFFL" : "쉬움",
        "PMNTN_UPPL" : 1,
        "PMNTN_GODN" : 0,
        "PMNTN_MTRQ" : " ",
        "PMNTN_CNRL" : " ",
        "PMNTN_CLS_" : " ",
        "PMNTN_RISK" : " ",
        "PMNTN_RECO" : " ",
        "DATA_STDR_" : "2016-12-31",
        "MNTN_ID" : "482202001"
      },
      "geometry" : {
        "paths" : [
          [
            [
              329841.4299999997,
              251737.14939999953
            ],
            [
              329841.93640000001,
              251728.54110000283
            ],
            [
              329849.02560000122,
              251715.37549999915
            ],
            [
              329852.06379999965,
              251708.28639999963
            ]
          ]
        ]
      }
    },
    {
      "attributes" : {
        "FID" : 18,
        "PMNTN_SN" : 37504,
        "MNTN_CODE" : "482201701",
        "MNTN_NM" : "여항산",
        "PMNTN_NM" : " ",
        "PMNTN_MAIN" : " ",
        "PMNTN_LT" : 0.12,
        "PMNTN_DFFL" : "쉬움",
        "PMNTN_UPPL" : 2,
        "PMNTN_GODN" : 1,
        "PMNTN_MTRQ" : " ",
        "PMNTN_CNRL" : " ",
        "PMNTN_CLS_" : " ",
        "PMNTN_RISK" : " ",
        "PMNTN_RECO" : " ",
        "DATA_STDR_" : "2016-12-31",
        "MNTN_ID" : "482202001"
      },
      "geometry" : {
        "paths" : [
          [
            [
              330032.3107000012,
              251755.84090000205
            ],
            [
              330035.86080000084,
              251751.64520000294
            ],
            [
              330041.78189999983,
              251749.22360000201
            ],
            [
              330049.61720000114,
              251751.52590000071
            ],
            [
              330056.25230000075,
              251753.56929999962
            ],
            [
              330063.21940000076,
              251759.93600000069
            ],
            [
              330067.87069999985,
              251763.52640000358
            ],
            [
              330074.86589999963,
              251763.98690000363
            ],
            [
              330083.29330000188,
              251758.6754999999
            ],
            [
              330089.09329999983,
              251761.29010000266
            ],
            [
              330094.2472000001,
              251765.8142000027
            ],
            [
              330098.6651999997,
              251767.0251000002
            ],
            [
              330111.77819999959,
              251763.70900000073
            ],
            [
              330132.08550000098,
              251764.99970000237
            ],
            [
              330143.73200000171,
              251767.0251000002
            ]
          ]
        ]
      }
    },
    {
      "attributes" : {
        "FID" : 19,
        "PMNTN_SN" : 37505,
        "MNTN_CODE" : "482201701",
        "MNTN_NM" : "여항산",
        "PMNTN_NM" : " ",
        "PMNTN_MAIN" : " ",
        "PMNTN_LT" : 0.03,
        "PMNTN_DFFL" : "쉬움",
        "PMNTN_UPPL" : 1,
        "PMNTN_GODN" : 0,
        "PMNTN_MTRQ" : " ",
        "PMNTN_CNRL" : " ",
        "PMNTN_CLS_" : " ",
        "PMNTN_RISK" : " ",
        "PMNTN_RECO" : " ",
        "DATA_STDR_" : "2016-12-31",
        "MNTN_ID" : "482202001"
      },
      "geometry" : {
        "paths" : [
          [
            [
              329858.14020000026,
              251766.01239999942
            ],
            [
              329853.07650000043,
              251760.44230000302
            ],
            [
              329847.00010000076,
              251751.32770000026
            ],
            [
              329844.46820000093,
              251745.25130000152
            ],
            [
              329841.4299999997,
              251737.14939999953
            ]
          ]
        ]
      }
    },
    {
      "attributes" : {
        "FID" : 20,
        "PMNTN_SN" : 37506,
        "MNTN_CODE" : "482201701",
        "MNTN_NM" : "여항산",
        "PMNTN_NM" : " ",
        "PMNTN_MAIN" : " ",
        "PMNTN_LT" : 0.34,
        "PMNTN_DFFL" : "쉬움",
        "PMNTN_UPPL" : 6,
        "PMNTN_GODN" : 4,
        "PMNTN_MTRQ" : " ",
        "PMNTN_CNRL" : " ",
        "PMNTN_CLS_" : " ",
        "PMNTN_RISK" : " ",
        "PMNTN_RECO" : " ",
        "DATA_STDR_" : "2016-12-31",
        "MNTN_ID" : "482202001"
      },
      "geometry" : {
        "paths" : [
          [
            [
              330143.73200000171,
              251767.0251000002
            ],
            [
              330143.73200000171,
              251752.34040000103
            ],
            [
              330140.18740000017,
              251739.68120000139
            ],
            [
              330136.64279999956,
              251733.09840000421
            ],
            [
              330135.12370000128,
              251723.98380000144
            ],
            [
              330135.12370000128,
              251716.38830000348
            ],
            [
              330137.65550000034,
              251704.23540000059
            ],
            [
              330139.17469999939,
              251697.65270000137
            ],
            [
              330141.20010000095,
              251689.04439999908
            ],
            [
              330137.14919999987,
              251671.32149999961
            ],
            [
              330129.55370000191,
              251665.24510000087
            ],
            [
              330120.94539999962,
              251658.15589999966
            ],
            [
              330114.36259999964,
              251650.5604000017
            ],
            [
              330106.26069999952,
              251641.44580000266
            ],
            [
              330106.26069999952,
              251633.34390000068
            ],
            [
              330111.83080000058,
              251626.76109999977
            ],
            [
              330128.03450000007,
              251616.12730000168
            ],
            [
              330152.84659999982,
              251610.05089999922
            ],
            [
              330172.0886000013,
              251598.40440000035
            ],
            [
              330207.46580000222,
              251571.82620000094
            ],
            [
              330217.36710000131,
              251566.32400000282
            ],
            [
              330219.88110000081,
              251555.56369999982
            ],
            [
              330223.23180000018,
              251537.13389999978
            ],
            [
              330224.75090000033,
              251520.42369999923
            ],
            [
              330230.32100000139,
              251505.73900000006
            ]
          ]
        ]
      }
    },
    {
      "attributes" : {
        "FID" : 21,
        "PMNTN_SN" : 37507,
        "MNTN_CODE" : "482201701",
        "MNTN_NM" : "여항산",
        "PMNTN_NM" : " ",
        "PMNTN_MAIN" : " ",
        "PMNTN_LT" : 0.19,
        "PMNTN_DFFL" : "쉬움",
        "PMNTN_UPPL" : 3,
        "PMNTN_GODN" : 2,
        "PMNTN_MTRQ" : " ",
        "PMNTN_CNRL" : " ",
        "PMNTN_CLS_" : " ",
        "PMNTN_RISK" : " ",
        "PMNTN_RECO" : " ",
        "DATA_STDR_" : "2016-12-31",
        "MNTN_ID" : "482202001"
      },
      "geometry" : {
        "paths" : [
          [
            [
              330143.73200000171,
              251767.0251000002
            ],
            [
              330153.12810000218,
              251749.26030000113
            ],
            [
              330167.79759999923,
              251724.50560000166
            ],
            [
              330175.13230000064,
              251710.75290000439
            ],
            [
              330185.21760000009,
              251697.00029999949
            ],
            [
              330196.21970000118,
              251694.24970000051
            ],
            [
              330207.22180000041,
              251694.24970000051
            ],
            [
              330222.80820000079,
              251694.24970000051
            ],
            [
              330245.72920000087,
              251691.49920000136
            ],
            [
              330269.56720000133,
              251692.41610000283
            ],
            [
              330288.8208999997,
              251693.33290000446
            ]
          ]
        ]
      }
    },
    {
      "attributes" : {
        "FID" : 22,
        "PMNTN_SN" : 37508,
        "MNTN_CODE" : "482201701",
        "MNTN_NM" : "여항산",
        "PMNTN_NM" : " ",
        "PMNTN_MAIN" : " ",
        "PMNTN_LT" : 0.07,
        "PMNTN_DFFL" : "쉬움",
        "PMNTN_UPPL" : 1,
        "PMNTN_GODN" : 1,
        "PMNTN_MTRQ" : " ",
        "PMNTN_CNRL" : " ",
        "PMNTN_CLS_" : " ",
        "PMNTN_RISK" : " ",
        "PMNTN_RECO" : " ",
        "DATA_STDR_" : "2016-12-31",
        "MNTN_ID" : "482202001"
      },
      "geometry" : {
        "paths" : [
          [
            [
              330143.73200000171,
              251767.0251000002
            ],
            [
              330156.39120000042,
              251767.53149999864
            ],
            [
              330165.50580000132,
              251756.89780000038
            ],
            [
              330169.55680000223,
              251748.28950000368
            ],
            [
              330174.62040000036,
              251737.14939999953
            ],
            [
              330193.35610000044,
              251723.47740000114
            ]
          ]
        ]
      }
    },
    {
      "attributes" : {
        "FID" : 23,
        "PMNTN_SN" : 37509,
        "MNTN_CODE" : "482201701",
        "MNTN_NM" : "여항산",
        "PMNTN_NM" : " ",
        "PMNTN_MAIN" : " ",
        "PMNTN_LT" : 0.18,
        "PMNTN_DFFL" : "쉬움",
        "PMNTN_UPPL" : 3,
        "PMNTN_GODN" : 2,
        "PMNTN_MTRQ" : " ",
        "PMNTN_CNRL" : " ",
        "PMNTN_CLS_" : " ",
        "PMNTN_RISK" : " ",
        "PMNTN_RECO" : " ",
        "DATA_STDR_" : "2016-12-31",
        "MNTN_ID" : "482202001"
      },
      "geometry" : {
        "paths" : [
          [
            [
              329835.07610000111,
              251938.85280000232
            ],
            [
              329835.90040000156,
              251928.9616000019
            ],
            [
              329835.90040000156,
              251910.62470000051
            ],
            [
              329833.83449999988,
              251884.50260000117
            ],
            [
              329830.28990000114,
              251863.74149999954
            ],
            [
              329840.41730000172,
              251845.00589999929
            ],
            [
              329842.44280000217,
              251828.29570000432
            ],
            [
              329848.01279999968,
              251812.59830000252
            ],
            [
              329863.20390000101,
              251797.40719999932
            ],
            [
              329865.2293000007,
              251790.31810000166
            ],
            [
              329862.69750000164,
              251776.13980000094
            ],
            [
              329858.14020000026,
              251766.01239999942
            ]
          ]
        ]
      }
    },
    {
      "attributes" : {
        "FID" : 24,
        "PMNTN_SN" : 37510,
        "MNTN_CODE" : "482201701",
        "MNTN_NM" : "여항산",
        "PMNTN_NM" : " ",
        "PMNTN_MAIN" : " ",
        "PMNTN_LT" : 0.29,
        "PMNTN_DFFL" : "쉬움",
        "PMNTN_UPPL" : 5,
        "PMNTN_GODN" : 4,
        "PMNTN_MTRQ" : " ",
        "PMNTN_CNRL" : " ",
        "PMNTN_CLS_" : " ",
        "PMNTN_RISK" : " ",
        "PMNTN_RECO" : " ",
        "DATA_STDR_" : "2016-12-31",
        "MNTN_ID" : "482202001"
      },
      "geometry" : {
        "paths" : [
          [
            [
              329835.07610000111,
              251938.85280000232
            ],
            [
              329849.33780000079,
              251933.49000000022
            ],
            [
              329859.72100000083,
              251918.16249999963
            ],
            [
              329866.64310000185,
              251897.89059999958
            ],
            [
              329880.48730000015,
              251875.64100000262
            ],
            [
              329903.72580000106,
              251861.30230000243
            ],
            [
              329930.91970000044,
              251852.89690000191
            ],
            [
              329938.33630000148,
              251841.52490000241
            ],
            [
              329961.57479999959,
              251807.90320000052
            ],
            [
              329974.92449999973,
              251785.65359999985
            ],
            [
              329991.24090000056,
              251768.84280000441
            ],
            [
              330012.99609999917,
              251770.32609999925
            ],
            [
              330019.91820000019,
              251770.32609999925
            ],
            [
              330032.3107000012,
              251755.84090000205
            ]
          ]
        ]
      }
    },
    {
      "attributes" : {
        "FID" : 25,
        "PMNTN_SN" : 37511,
        "MNTN_CODE" : "482201701",
        "MNTN_NM" : "여항산",
        "PMNTN_NM" : " ",
        "PMNTN_MAIN" : " ",
        "PMNTN_LT" : 0.03,
        "PMNTN_DFFL" : "쉬움",
        "PMNTN_UPPL" : 1,
        "PMNTN_GODN" : 0,
        "PMNTN_MTRQ" : " ",
        "PMNTN_CNRL" : " ",
        "PMNTN_CLS_" : " ",
        "PMNTN_RISK" : " ",
        "PMNTN_RECO" : " ",
        "DATA_STDR_" : "2016-12-31",
        "MNTN_ID" : "482202001"
      },
      "geometry" : {
        "paths" : [
          [
            [
              329829.48249999993,
              251972.97000000253
            ],
            [
              329834.06670000125,
              251950.96580000035
            ],
            [
              329835.07610000111,
              251938.85280000232
            ]
          ]
        ]
      }
    },
    {
      "attributes" : {
        "FID" : 26,
        "PMNTN_SN" : 37512,
        "MNTN_CODE" : "482201701",
        "MNTN_NM" : "여항산",
        "PMNTN_NM" : " ",
        "PMNTN_MAIN" : " ",
        "PMNTN_LT" : 0.42,
        "PMNTN_DFFL" : "쉬움",
        "PMNTN_UPPL" : 7,
        "PMNTN_GODN" : 5,
        "PMNTN_MTRQ" : " ",
        "PMNTN_CNRL" : " ",
        "PMNTN_CLS_" : " ",
        "PMNTN_RISK" : " ",
        "PMNTN_RECO" : " ",
        "DATA_STDR_" : "2016-12-31",
        "MNTN_ID" : "482202001"
      },
      "geometry" : {
        "paths" : [
          [
            [
              329829.48249999993,
              251972.97000000253
            ],
            [
              329838.45370000228,
              251963.13320000283
            ],
            [
              329845.98570000101,
              251961.96790000051
            ],
            [
              329852.51650000084,
              251961.05920000188
            ],
            [
              329859.73830000032,
              251946.38160000183
            ],
            [
              329870.74039999954,
              251935.37950000353
            ],
            [
              329877.06930000056,
              251939.5588000007
            ],
            [
              329882.95949999988,
              251935.72719999775
            ],
            [
              329886.15739999991,
              251928.57499999925
            ],
            [
              329890.70079999976,
              251922.0391000025
            ],
            [
              329922.08359999955,
              251912.45839999989
            ],
            [
              329934.91940000188,
              251907.87420000136
            ],
            [
              329946.83840000164,
              251907.87420000136
            ],
            [
              329962.42470000125,
              251907.87420000136
            ],
            [
              329968.22020000033,
              251912.37120000273
            ],
            [
              329976.71670000162,
              251911.60860000178
            ],
            [
              329984.77010000218,
              251909.20109999925
            ],
            [
              329989.01320000086,
              251903.28999999911
            ],
            [
              329995.4310999997,
              251889.53729999997
            ],
            [
              330002.15049999952,
              251883.2480999995
            ],
            [
              330007.70540000126,
              251876.63419999927
            ],
            [
              330009.94440000039,
              251872.1593000032
            ],
            [
              330010.85040000174,
              251862.85490000062
            ],
            [
              330017.43530000001,
              251851.94670000114
            ],
            [
              330026.64290000126,
              251846.18209999986
            ],
            [
              330037.38870000001,
              251844.25119999982
            ],
            [
              330049.13760000188,
              251844.59320000187
            ],
            [
              330058.71719999984,
              251846.42139999941
            ],
            [
              330064.94250000082,
              251845.94900000095
            ],
            [
              330073.27869999968,
              251833.2910999991
            ],
            [
              330092.6157999998,
              251814.1679999996
            ],
            [
              330105.30350000132,
              251798.8013000004
            ],
            [
              330121.79220000003,
              251781.20370000042
            ],
            [
              330143.73200000171,
              251767.0251000002
            ]
          ]
        ]
      }
    },
    {
      "attributes" : {
        "FID" : 27,
        "PMNTN_SN" : 37513,
        "MNTN_CODE" : "482201701",
        "MNTN_NM" : "여항산",
        "PMNTN_NM" : "북신동구간",
        "PMNTN_MAIN" : " ",
        "PMNTN_LT" : 0.53,
        "PMNTN_DFFL" : "쉬움",
        "PMNTN_UPPL" : 9,
        "PMNTN_GODN" : 7,
        "PMNTN_MTRQ" : " ",
        "PMNTN_CNRL" : " ",
        "PMNTN_CLS_" : " ",
        "PMNTN_RISK" : " ",
        "PMNTN_RECO" : " ",
        "DATA_STDR_" : "2016-12-31",
        "MNTN_ID" : "482202001"
      },
      "geometry" : {
        "paths" : [
          [
            [
              329642.44650000054,
              252343.37460000254
            ],
            [
              329662.61710000131,
              252324.12089999951
            ],
            [
              329669.95179999992,
              252322.287200002
            ],
            [
              329681.87079999968,
              252318.61989999935
            ],
            [
              329709.37600000016,
              252313.11880000122
            ],
            [
              329730.46340000164,
              252301.19980000146
            ],
            [
              329747.88350000046,
              252281.94610000215
            ],
            [
              329758.88559999969,
              252270.94399999827
            ],
            [
              329776.30559999961,
              252263.60930000059
            ],
            [
              329791.89190000109,
              252260.85880000144
            ],
            [
              329807.47829999961,
              252257.19139999896
            ],
            [
              329815.72979999986,
              252252.6072000023
            ],
            [
              329828.56560000218,
              252245.2723999992
            ],
            [
              329838.65090000164,
              252230.60290000029
            ],
            [
              329845.06879999954,
              252219.60080000013
            ],
            [
              329860.65520000085,
              252193.92920000106
            ],
            [
              329871.65730000008,
              252178.34290000051
            ],
            [
              329877.15830000024,
              252161.83970000222
            ],
            [
              329873.49100000039,
              252138.00180000067
            ],
            [
              329861.57200000063,
              252121.49860000238
            ],
            [
              329845.06879999954,
              252101.32810000144
            ],
            [
              329832.23300000001,
              252094.91020000167
            ],
            [
              329820.31410000194,
              252076.57330000028
            ],
            [
              329804.72770000063,
              252052.73540000059
            ],
            [
              329811.14560000133,
              252022.47960000299
            ],
            [
              329825.8151000021,
              251993.14060000144
            ],
            [
              329829.48249999993,
              251972.97000000253
            ]
          ]
        ]
      }
    }
  ]
}