{
  "displayFieldName" : "",
  "fieldAliases" : {
    "FID" : "FID",
    "PMNTN_SN" : "PMNTN_SN",
    "MNTN_CODE" : "MNTN_CODE",
    "MNTN_NM" : "MNTN_NM",
    "PMNTN_NM" : "PMNTN_NM",
    "PMNTN_MAIN" : "PMNTN_MAIN",
    "PMNTN_LT" : "PMNTN_LT",
    "PMNTN_DFFL" : "PMNTN_DFFL",
    "PMNTN_UPPL" : "PMNTN_UPPL",
    "PMNTN_GODN" : "PMNTN_GODN",
    "PMNTN_MTRQ" : "PMNTN_MTRQ",
    "PMNTN_CNRL" : "PMNTN_CNRL",
    "PMNTN_CLS_" : "PMNTN_CLS_",
    "PMNTN_RISK" : "PMNTN_RISK",
    "PMNTN_RECO" : "PMNTN_RECO",
    "DATA_STDR_" : "DATA_STDR_",
    "MNTN_ID" : "MNTN_ID"
  },
  "geometryType" : "esriGeometryPolyline",
  "spatialReference" : {
    "wkt" : "PROJCS[\"PCS_ITRF2000_TM\",GEOGCS[\"GCS_ITRF_2000\",DATUM[\"D_ITRF_2000\",SPHEROID[\"GRS_1980\",6378137.0,298.257222101]],PRIMEM[\"Greenwich\",0.0],UNIT[\"Degree\",0.0174532925199433]],PROJECTION[\"Transverse_Mercator\"],PARAMETER[\"False_Easting\",200000.0],PARAMETER[\"False_Northing\",600000.0],PARAMETER[\"Central_Meridian\",127.0],PARAMETER[\"Scale_Factor\",1.0],PARAMETER[\"Latitude_Of_Origin\",38.0],UNIT[\"Meter\",1.0]]"
  },
  "fields" : [
    {
      "name" : "FID",
      "type" : "esriFieldTypeOID",
      "alias" : "FID"
    },
    {
      "name" : "PMNTN_SN",
      "type" : "esriFieldTypeDouble",
      "alias" : "PMNTN_SN"
    },
    {
      "name" : "MNTN_CODE",
      "type" : "esriFieldTypeString",
      "alias" : "MNTN_CODE",
      "length" : 9
    },
    {
      "name" : "MNTN_NM",
      "type" : "esriFieldTypeString",
      "alias" : "MNTN_NM",
      "length" : 50
    },
    {
      "name" : "PMNTN_NM",
      "type" : "esriFieldTypeString",
      "alias" : "PMNTN_NM",
      "length" : 50
    },
    {
      "name" : "PMNTN_MAIN",
      "type" : "esriFieldTypeString",
      "alias" : "PMNTN_MAIN",
      "length" : 200
    },
    {
      "name" : "PMNTN_LT",
      "type" : "esriFieldTypeSingle",
      "alias" : "PMNTN_LT"
    },
    {
      "name" : "PMNTN_DFFL",
      "type" : "esriFieldTypeString",
      "alias" : "PMNTN_DFFL",
      "length" : 8
    },
    {
      "name" : "PMNTN_UPPL",
      "type" : "esriFieldTypeDouble",
      "alias" : "PMNTN_UPPL"
    },
    {
      "name" : "PMNTN_GODN",
      "type" : "esriFieldTypeDouble",
      "alias" : "PMNTN_GODN"
    },
    {
      "name" : "PMNTN_MTRQ",
      "type" : "esriFieldTypeString",
      "alias" : "PMNTN_MTRQ",
      "length" : 200
    },
    {
      "name" : "PMNTN_CNRL",
      "type" : "esriFieldTypeString",
      "alias" : "PMNTN_CNRL",
      "length" : 1
    },
    {
      "name" : "PMNTN_CLS_",
      "type" : "esriFieldTypeString",
      "alias" : "PMNTN_CLS_",
      "length" : 1
    },
    {
      "name" : "PMNTN_RISK",
      "type" : "esriFieldTypeString",
      "alias" : "PMNTN_RISK",
      "length" : 200
    },
    {
      "name" : "PMNTN_RECO",
      "type" : "esriFieldTypeString",
      "alias" : "PMNTN_RECO",
      "length" : 1
    },
    {
      "name" : "DATA_STDR_",
      "type" : "esriFieldTypeString",
      "alias" : "DATA_STDR_",
      "length" : 10
    },
    {
      "name" : "MNTN_ID",
      "type" : "esriFieldTypeString",
      "alias" : "MNTN_ID",
      "length" : 10
    }
  ],
  "features" : [
    {
      "attributes" : {
        "FID" : 0,
        "PMNTN_SN" : 46318,
        "MNTN_CODE" : "471104604",
        "MNTN_NM" : "제철동",
        "PMNTN_NM" : "장흥동구간",
        "PMNTN_MAIN" : " ",
        "PMNTN_LT" : 0.5,
        "PMNTN_DFFL" : "쉬움",
        "PMNTN_UPPL" : 9,
        "PMNTN_GODN" : 6,
        "PMNTN_MTRQ" : " ",
        "PMNTN_CNRL" : " ",
        "PMNTN_CLS_" : " ",
        "PMNTN_RISK" : " ",
        "PMNTN_RECO" : " ",
        "DATA_STDR_" : "2016-12-31",
        "MNTN_ID" : "471110901"
      },
      "geometry" : {
        "paths" : [
          [
            [
              415637.27010000031,
              378031.34690000117
            ],
            [
              415635.64290000033,
              378028.45470000058
            ],
            [
              415633.05500000063,
              378025.19180000201
            ],
            [
              415631.67770000082,
              378022.56830000132
            ],
            [
              415630.25549999997,
              378018.30619999953
            ],
            [
              415629.67200000025,
              378015.12900000252
            ],
            [
              415629.47440000065,
              378011.76160000078
            ],
            [
              415629.67230000068,
              378008.37000000104
            ],
            [
              415630.25549999997,
              378005.13570000045
            ],
            [
              415631.15800000075,
              378002.31920000352
            ],
            [
              415632.48990000132,
              377999.40940000117
            ],
            [
              415634.22300000209,
              377996.46959999949
            ],
            [
              415636.29190000053,
              377993.61160000227
            ],
            [
              415638.26600000076,
              377991.39800000004
            ],
            [
              415640.64530000091,
              377989.2109999992
            ],
            [
              415643.44330000132,
              377987.0373999998
            ],
            [
              415646.71850000136,
              377984.83130000159
            ],
            [
              415649.46339999977,
              377983.30969999917
            ],
            [
              415652.70810000133,
              377981.91559999995
            ],
            [
              415665.37660000008,
              377977.69730000012
            ],
            [
              415671.39439999964,
              377975.74239999987
            ],
            [
              415674.15689999983,
              377974.4047000017
            ],
            [
              415677.22690000106,
              377972.07320000418
            ],
            [
              415679.64460000023,
              377969.46579999849
            ],
            [
              415681.27850000095,
              377966.92190000042
            ],
            [
              415682.90170000028,
              377962.84570000134
            ],
            [
              415683.37679999974,
              377958.08730000257
            ],
            [
              415682.28600000031,
              377953.98230000213
            ],
            [
              415679.92389999982,
              377949.74480000325
            ],
            [
              415676.80570000038,
              377946.64070000313
            ],
            [
              415673.88790000137,
              377944.67590000108
            ],
            [
              415668.12610000186,
              377941.4806999974
            ],
            [
              415664.49299999978,
              377939.9002000019
            ],
            [
              415654.40130000189,
              377936.53970000334
            ],
            [
              415648.34460000042,
              377934.6267000027
            ],
            [
              415645.62100000121,
              377933.2471000012
            ],
            [
              415643.34929999989,
              377931.30280000344
            ],
            [
              415641.26070000231,
              377928.82560000382
            ],
            [
              415639.57760000136,
              377926.08000000194
            ],
            [
              415638.32639999967,
              377922.11780000106
            ],
            [
              415638.89010000136,
              377916.6873000022
            ],
            [
              415641.5027999999,
              377909.18710000254
            ],
            [
              415642.3284,
              377906.35740000196
            ],
            [
              415646.71850000136,
              377887.69930000231
            ],
            [
              415650.11110000126,
              377874.04729999974
            ],
            [
              415650.67680000048,
              377871.16660000011
            ],
            [
              415651.10869999975,
              377867.94360000081
            ],
            [
              415651.3123000022,
              377864.65150000155
            ],
            [
              415651.30940000154,
              377860.95330000296
            ],
            [
              415650.55990000069,
              377847.09039999917
            ],
            [
              415650.0111000007,
              377829.5298999995
            ],
            [
              415650.1258000005,
              377819.93569999747
            ],
            [
              415649.68670000136,
              377816.34950000048
            ],
            [
              415648.30099999998,
              377812.23180000111
            ],
            [
              415645.07220000029,
              377805.9328000024
            ],
            [
              415639.13289999962,
              377791.27990000322
            ],
            [
              415636.84069999959,
              377786.1772000026
            ],
            [
              415631.78340000194,
              377776.65810000338
            ],
            [
              415625.86529999971,
              377766.97030000202
            ],
            [
              415622.55280000158,
              377762.17190000042
            ],
            [
              415614.7994999988,
              377751.67640000395
            ],
            [
              415602.26829999965,
              377733.49540000036
            ],
            [
              415591.84170000069,
              377718.12989999913
            ],
            [
              415583.91940000094,
              377704.76620000228
            ],
            [
              415580.86630000081,
              377700.02050000243
            ],
            [
              415576.38279999979,
              377693.73890000395
            ],
            [
              415572.63480000012,
              377689.04520000145
            ],
            [
              415567.29509999976,
              377682.59280000068
            ],
            [
              415564.38570000045,
              377679.48589999974
            ],
            [
              415561.35390000045,
              377676.97169999965
            ],
            [
              415557.35580000002,
              377675.00579999946
            ],
            [
              415553.94640000071,
              377674.28390000202
            ],
            [
              415546.62509999983,
              377673.85840000398
            ],
            [
              415543.55010000058,
              377673.67969999835
            ],
            [
              415531.92880000174,
              377671.53610000014
            ],
            [
              415527.63579999935,
              377670.93579999916
            ],
            [
              415520.32480000146,
              377670.38069999777
            ],
            [
              415514.46530000214,
              377670.3871000018
            ],
            [
              415507.31109999865,
              377671.11920000054
            ],
            [
              415500.19740000088,
              377672.58210000023
            ]
          ]
        ]
      }
    },
    {
      "attributes" : {
        "FID" : 1,
        "PMNTN_SN" : 46319,
        "MNTN_CODE" : "471104604",
        "MNTN_NM" : "제철동",
        "PMNTN_NM" : " ",
        "PMNTN_MAIN" : " ",
        "PMNTN_LT" : 0.14,
        "PMNTN_DFFL" : "쉬움",
        "PMNTN_UPPL" : 2,
        "PMNTN_GODN" : 2,
        "PMNTN_MTRQ" : " ",
        "PMNTN_CNRL" : " ",
        "PMNTN_CLS_" : " ",
        "PMNTN_RISK" : " ",
        "PMNTN_RECO" : " ",
        "DATA_STDR_" : "2016-12-31",
        "MNTN_ID" : "471110901"
      },
      "geometry" : {
        "paths" : [
          [
            [
              415637.27010000031,
              378031.34690000117
            ],
            [
              415634.29580000043,
              378032.02920000255
            ],
            [
              415630.23849999998,
              378032.83259999938
            ],
            [
              415626.23790000007,
              378034.26450000145
            ],
            [
              415623.45690000057,
              378035.79260000214
            ],
            [
              415620.55900000036,
              378037.77910000272
            ],
            [
              415617.48030000087,
              378040.26740000397
            ],
            [
              415615.26770000067,
              378042.61930000223
            ],
            [
              415610.91449999996,
              378048.48929999955
            ],
            [
              415608.76700000092,
              378050.61440000311
            ],
            [
              415605.64169999957,
              378052.56590000354
            ],
            [
              415601.7209999999,
              378054.09960000217
            ],
            [
              415598.22589999996,
              378055.02070000023
            ],
            [
              415589.65510000102,
              378056.74890000001
            ],
            [
              415585.89470000006,
              378057.6939000003
            ],
            [
              415572.75650000013,
              378061.18689999916
            ],
            [
              415566.83450000081,
              378063.13970000111
            ],
            [
              415559.68050000072,
              378066.34700000286
            ],
            [
              415548.31879999954,
              378072.39750000462
            ],
            [
              415528.16940000188,
              378083.83370000124
            ],
            [
              415521.53990000114,
              378086.99350000359
            ],
            [
              415516.2806000011,
              378089.21510000154
            ]
          ]
        ]
      }
    },
    {
      "attributes" : {
        "FID" : 2,
        "PMNTN_SN" : 46320,
        "MNTN_CODE" : "471104604",
        "MNTN_NM" : "제철동",
        "PMNTN_NM" : " ",
        "PMNTN_MAIN" : " ",
        "PMNTN_LT" : 0.44,
        "PMNTN_DFFL" : "쉬움",
        "PMNTN_UPPL" : 8,
        "PMNTN_GODN" : 5,
        "PMNTN_MTRQ" : " ",
        "PMNTN_CNRL" : " ",
        "PMNTN_CLS_" : " ",
        "PMNTN_RISK" : " ",
        "PMNTN_RECO" : " ",
        "DATA_STDR_" : "2016-12-31",
        "MNTN_ID" : "471110901"
      },
      "geometry" : {
        "paths" : [
          [
            [
              415637.27010000031,
              378031.34690000117
            ],
            [
              415640.03969999962,
              378031.92109999992
            ],
            [
              415658.41920000222,
              378042.13199999928
            ],
            [
              415675.98179999925,
              378052.75130000152
            ],
            [
              415687.8264000006,
              378057.65249999985
            ],
            [
              415701.71320000011,
              378063.77900000103
            ],
            [
              415712.33249999862,
              378064.59579999931
            ],
            [
              415725.81080000103,
              378063.77900000103
            ],
            [
              415738.47220000066,
              378064.18740000017
            ],
            [
              415750.72520000022,
              378064.59579999931
            ],
            [
              415771.96380000003,
              378064.18740000017
            ],
            [
              415788.70960000064,
              378065.41270000115
            ],
            [
              415803.4132000003,
              378067.86330000125
            ],
            [
              415817.70839999989,
              378071.53920000233
            ],
            [
              415827.51080000028,
              378076.8487999998
            ],
            [
              415835.67950000055,
              378082.97540000267
            ],
            [
              415842.21439999994,
              378089.51030000299
            ],
            [
              415850.38310000207,
              378101.76330000162
            ],
            [
              415855.28429999948,
              378113.60789999738
            ],
            [
              415859.77710000053,
              378122.59340000153
            ],
            [
              415867.9458000008,
              378133.21270000003
            ],
            [
              415874.88910000212,
              378140.15610000305
            ],
            [
              415883.87469999958,
              378146.69100000151
            ],
            [
              415896.94460000098,
              378153.22599999979
            ],
            [
              415906.09080000035,
              378158.41709999926
            ],
            [
              415912.05659999978,
              378161.8030999992
            ],
            [
              415926.7602000013,
              378172.4224000033
            ],
            [
              415937.78789999988,
              378182.63319999911
            ],
            [
              415949.22410000023,
              378190.80190000311
            ],
            [
              415958.61809999961,
              378197.33680000156
            ],
            [
              415961.13260000013,
              378199.65790000185
            ],
            [
              415963.92769999988,
              378202.2379999999
            ],
            [
              415968.85310000088,
              378204.23480000347
            ],
            [
              415979.03980000131,
              378208.36450000107
            ],
            [
              415993.33490000013,
              378215.7164000012
            ],
            [
              416000.58779999893,
              378218.50589999929
            ],
            [
              416004.88930000085,
              378220.49509999901
            ],
            [
              416007.1157999998,
              378222.46240000241
            ]
          ]
        ]
      }
    },
    {
      "attributes" : {
        "FID" : 3,
        "PMNTN_SN" : 46321,
        "MNTN_CODE" : "471104604",
        "MNTN_NM" : "제철동",
        "PMNTN_NM" : "호동구간",
        "PMNTN_MAIN" : " ",
        "PMNTN_LT" : 0.31,
        "PMNTN_DFFL" : "쉬움",
        "PMNTN_UPPL" : 5,
        "PMNTN_GODN" : 4,
        "PMNTN_MTRQ" : " ",
        "PMNTN_CNRL" : " ",
        "PMNTN_CLS_" : " ",
        "PMNTN_RISK" : " ",
        "PMNTN_RECO" : " ",
        "DATA_STDR_" : "2016-12-31",
        "MNTN_ID" : "471110901"
      },
      "geometry" : {
        "paths" : [
          [
            [
              415516.2806000011,
              378089.21510000154
            ],
            [
              415516.66040000226,
              378104.46280000173
            ],
            [
              415524.89190000016,
              378119.27950000204
            ],
            [
              415534.76980000082,
              378130.80370000377
            ],
            [
              415548.48900000099,
              378140.1326999981
            ],
            [
              415563.85450000037,
              378148.36419999972
            ],
            [
              415575.37860000134,
              378154.94950000197
            ],
            [
              415594.03680000175,
              378164.82729999907
            ],
            [
              415607.20720000006,
              378174.15630000457
            ],
            [
              415624.7678000005,
              378184.5829000026
            ],
            [
              415642.87710000016,
              378193.91200000234
            ],
            [
              415646.71850000136,
              378200.49720000103
            ],
            [
              415657.69390000124,
              378205.98490000144
            ],
            [
              415665.37660000008,
              378208.72870000266
            ],
            [
              415685.13230000064,
              378215.86270000227
            ],
            [
              415696.65640000068,
              378221.35040000267
            ],
            [
              415711.47319999989,
              378227.38690000027
            ],
            [
              415716.41210000031,
              378232.87460000068
            ],
            [
              415720.8021999998,
              378242.75240000151
            ],
            [
              415725.19240000006,
              378250.43510000035
            ],
            [
              415732.32640000153,
              378261.95930000208
            ],
            [
              415735.07019999996,
              378280.06859999895
            ]
          ]
        ]
      }
    },
    {
      "attributes" : {
        "FID" : 4,
        "PMNTN_SN" : 46322,
        "MNTN_CODE" : "471104604",
        "MNTN_NM" : "제철동",
        "PMNTN_NM" : "호동구간",
        "PMNTN_MAIN" : " ",
        "PMNTN_LT" : 0.85,
        "PMNTN_DFFL" : "쉬움",
        "PMNTN_UPPL" : 15,
        "PMNTN_GODN" : 11,
        "PMNTN_MTRQ" : " ",
        "PMNTN_CNRL" : " ",
        "PMNTN_CLS_" : " ",
        "PMNTN_RISK" : " ",
        "PMNTN_RECO" : " ",
        "DATA_STDR_" : "2016-12-31",
        "MNTN_ID" : "471110901"
      },
      "geometry" : {
        "paths" : [
          [
            [
              415516.2806000011,
              378089.21510000154
            ],
            [
              415504.33610000089,
              378094.26039999723
            ],
            [
              415499.59069999959,
              378096.64590000175
            ],
            [
              415495.49469999969,
              378099.08190000243
            ],
            [
              415490.23180000111,
              378102.87879999913
            ],
            [
              415478.06819999963,
              378112.69629999995
            ],
            [
              415464.4991000006,
              378122.83820000291
            ],
            [
              415459.95180000085,
              378125.92069999874
            ],
            [
              415455.74049999937,
              378128.48910000175
            ],
            [
              415449.81709999964,
              378131.73020000011
            ],
            [
              415444.1556000011,
              378134.51860000193
            ],
            [
              415438.69660000037,
              378136.88330000266
            ],
            [
              415432.06830000132,
              378139.22260000184
            ],
            [
              415427.64290000126,
              378140.24440000392
            ],
            [
              415417.34420000203,
              378141.63640000299
            ],
            [
              415413.68479999993,
              378142.26970000193
            ],
            [
              415410.24600000121,
              378143.15260000154
            ],
            [
              415407.27300000191,
              378144.28190000169
            ],
            [
              415402.48670000024,
              378146.73230000399
            ],
            [
              415397.89609999955,
              378149.63670000248
            ],
            [
              415393.50110000093,
              378152.99500000291
            ],
            [
              415389.30190000124,
              378156.80720000155
            ],
            [
              415376.00259999931,
              378162.09580000304
            ],
            [
              415362.61750000063,
              378167.15420000069
            ],
            [
              415347.36940000113,
              378172.60000000149
            ],
            [
              415339.91789999977,
              378174.89199999906
            ],
            [
              415336.47780000139,
              378176.41200000234
            ],
            [
              415333.23280000035,
              378178.59630000219
            ],
            [
              415330.08160000201,
              378181.39040000178
            ],
            [
              415327.12110000011,
              378184.70990000106
            ],
            [
              415324.49710000027,
              378188.39280000329
            ],
            [
              415322.94740000088,
              378191.17490000091
            ],
            [
              415321.55290000141,
              378194.38770000078
            ],
            [
              415320.28770000115,
              378198.08260000125
            ],
            [
              415319.05130000133,
              378202.55179999769
            ],
            [
              415318.12970000133,
              378209.3609000016
            ],
            [
              415317.05140000023,
              378212.44590000063
            ],
            [
              415313.97420000099,
              378215.55840000138
            ],
            [
              415309.65789999906,
              378217.87500000186
            ],
            [
              415301.66199999955,
              378220.97919999994
            ],
            [
              415298.35730000027,
              378222.70119999908
            ],
            [
              415295.82310000155,
              378224.48439999856
            ],
            [
              415288.70490000118,
              378230.03360000253
            ],
            [
              415285.28890000004,
              378231.99380000122
            ],
            [
              415280.4179000007,
              378233.28770000115
            ],
            [
              415275.74030000065,
              378233.29790000245
            ],
            [
              415268.58779999986,
              378232.49640000239
            ],
            [
              415265.51560000051,
              378232.30320000276
            ],
            [
              415262.37569999974,
              378232.45350000262
            ],
            [
              415258.68300000019,
              378233.44070000201
            ],
            [
              415255.47990000062,
              378234.92119999975
            ],
            [
              415246.62230000086,
              378240.127700001
            ],
            [
              415236.24469999969,
              378245.38860000111
            ],
            [
              415228.6512000002,
              378248.84099999815
            ],
            [
              415219.32050000038,
              378251.97320000455
            ],
            [
              415215.58140000142,
              378253.74220000207
            ],
            [
              415213.00610000081,
              378255.53880000114
            ],
            [
              415210.37050000019,
              378257.83290000074
            ],
            [
              415207.62380000111,
              378260.65220000036
            ],
            [
              415204.14520000014,
              378264.63370000012
            ],
            [
              415202.39269999973,
              378266.92290000245
            ],
            [
              415197.92530000024,
              378273.35329999961
            ],
            [
              415193.77829999942,
              378277.95839999989
            ],
            [
              415190.79150000121,
              378280.75989999995
            ],
            [
              415187.90770000033,
              378283.0251000002
            ],
            [
              415184.15629999992,
              378285.20790000446
            ],
            [
              415181.0493999999,
              378286.34349999949
            ],
            [
              415172.64020000119,
              378288.13480000012
            ],
            [
              415169.29220000096,
              378289.13979999907
            ],
            [
              415164.19820000138,
              378291.45730000176
            ],
            [
              415152.41029999964,
              378297.85299999826
            ],
            [
              415139.34040000197,
              378303.84339999966
            ],
            [
              415128.45510000177,
              378308.27900000103
            ],
            [
              415124.64120000042,
              378310.63049999997
            ],
            [
              415120.73310000077,
              378314.42800000124
            ],
            [
              415117.60420000087,
              378318.87880000286
            ],
            [
              415116.20680000074,
              378321.82259999961
            ],
            [
              415113.77589999977,
              378329.32820000313
            ],
            [
              415112.65600000042,
              378332.16149999946
            ],
            [
              415109.3105000006,
              378338.69339999929
            ],
            [
              415104.48739999998,
              378346.86510000192
            ],
            [
              415098.81699999981,
              378355.7873999998
            ],
            [
              415094.14040000085,
              378362.11329999939
            ],
            [
              415089.12530000228,
              378367.77969999984
            ],
            [
              415083.24880000018,
              378373.54940000176
            ],
            [
              415080.73730000202,
              378375.47460000403
            ],
            [
              415074.90220000036,
              378378.98179999925
            ],
            [
              415071.68980000168,
              378381.50360000134
            ],
            [
              415069.44980000053,
              378385.29030000046
            ],
            [
              415069.21380000096,
              378388.2006000001
            ],
            [
              415070.17890000064,
              378396.42170000076
            ],
            [
              415071.26809999999,
              378414.39280000143
            ],
            [
              415071.81369999982,
              378423.23840000108
            ],
            [
              415072.35720000044,
              378428.0073000025
            ],
            [
              415073.21880000085,
              378432.07119999826
            ],
            [
              415075.78780000191,
              378440.93350000307
            ],
            [
              415076.71390000079,
              378444.88920000196
            ],
            [
              415077.4132000003,
              378450.01840000227
            ],
            [
              415078.22109999973,
              378462.26970000006
            ],
            [
              415078.89220000058,
              378467.76150000095
            ],
            [
              415080.3721000012,
              378477.36510000378
            ],
            [
              415081.14980000071,
              378480.14150000364
            ],
            [
              415083.35910000186,
              378484.17950000055
            ],
            [
              415089.04400000069,
              378490.09149999917
            ],
            [
              415090.8729000017,
              378492.26750000007
            ],
            [
              415094.02770000137,
              378497.0621000044
            ],
            [
              415096.52529999986,
              378501.64389999956
            ],
            [
              415098.37789999973,
              378506.03519999981
            ],
            [
              415099.58610000089,
              378510.23860000074
            ],
            [
              415099.9589999998,
              378513.44830000401
            ],
            [
              415099.8076000018,
              378521.41540000215
            ],
            [
              415100.47499999963,
              378526.15870000049
            ],
            [
              415102.0019000005,
              378530.00309999846
            ],
            [
              415106.97899999935,
              378538.11820000224
            ],
            [
              415108.48539999966,
              378540.94380000234
            ],
            [
              415109.71350000054,
              378544.91369999945
            ],
            [
              415109.76940000057,
              378549.86510000005
            ],
            [
              415108.29940000083,
              378558.70610000193
            ],
            [
              415107.37710000109,
              378566.53350000456
            ],
            [
              415107.13570000138,
              378569.89030000381
            ],
            [
              415107.23110000137,
              378573.2423000019
            ],
            [
              415108.10890000127,
              378577.12910000235
            ],
            [
              415109.54270000011,
              378580.27679999918
            ],
            [
              415114.83430000022,
              378588.65790000185
            ],
            [
              415120.8247000007,
              378600.09410000406
            ],
            [
              415127.35970000084,
              378613.70850000158
            ],
            [
              415130.80269999988,
              378622.18850000203
            ],
            [
              415132.78519999981,
              378625.16379999928
            ],
            [
              415136.77010000125,
              378629.20470000058
            ],
            [
              415137.72140000109,
              378633.78500000201
            ],
            [
              415136.57299999986,
              378641.30949999951
            ],
            [
              415137.34779999964,
              378646.19800000452
            ],
            [
              415138.40809999965,
              378649.22230000235
            ],
            [
              415139.79840000067,
              378652.18840000406
            ],
            [
              415141.51870000176,
              378655.09650000371
            ]
          ]
        ]
      }
    },
    {
      "attributes" : {
        "FID" : 5,
        "PMNTN_SN" : 46323,
        "MNTN_CODE" : "471104604",
        "MNTN_NM" : "제철동",
        "PMNTN_NM" : " ",
        "PMNTN_MAIN" : " ",
        "PMNTN_LT" : 0.11,
        "PMNTN_DFFL" : "쉬움",
        "PMNTN_UPPL" : 2,
        "PMNTN_GODN" : 1,
        "PMNTN_MTRQ" : " ",
        "PMNTN_CNRL" : " ",
        "PMNTN_CLS_" : " ",
        "PMNTN_RISK" : " ",
        "PMNTN_RECO" : " ",
        "DATA_STDR_" : "2016-12-31",
        "MNTN_ID" : "471110901"
      },
      "geometry" : {
        "paths" : [
          [
            [
              416007.1157999998,
              378222.46240000241
            ],
            [
              416018.53519999981,
              378226.80540000089
            ],
            [
              416022.99860000145,
              378228.8694000002
            ],
            [
              416027.23500000034,
              378230.82840000466
            ],
            [
              416050.92410000041,
              378242.67300000042
            ],
            [
              416072.16270000022,
              378253.29230000265
            ],
            [
              416086.04940000176,
              378259.82719999738
            ],
            [
              416103.9812000012,
              378263.4282000009
            ]
          ]
        ]
      }
    },
    {
      "attributes" : {
        "FID" : 6,
        "PMNTN_SN" : 46324,
        "MNTN_CODE" : "471104604",
        "MNTN_NM" : "제철동",
        "PMNTN_NM" : "원리구간",
        "PMNTN_MAIN" : " ",
        "PMNTN_LT" : 0.23,
        "PMNTN_DFFL" : "쉬움",
        "PMNTN_UPPL" : 4,
        "PMNTN_GODN" : 3,
        "PMNTN_MTRQ" : " ",
        "PMNTN_CNRL" : " ",
        "PMNTN_CLS_" : " ",
        "PMNTN_RISK" : " ",
        "PMNTN_RECO" : " ",
        "DATA_STDR_" : "2016-12-31",
        "MNTN_ID" : "471110901"
      },
      "geometry" : {
        "paths" : [
          [
            [
              416103.9812000012,
              378263.4282000009
            ],
            [
              416108.53820000123,
              378253.94620000012
            ],
            [
              416111.99860000052,
              378249.7778000012
            ],
            [
              416116.67870000005,
              378245.56160000339
            ],
            [
              416121.02809999976,
              378241.21510000154
            ],
            [
              416124.85529999994,
              378236.07840000279
            ],
            [
              416130.30990000069,
              378231.20380000025
            ],
            [
              416134.23720000032,
              378226.40269999951
            ],
            [
              416139.45289999992,
              378221.33340000361
            ],
            [
              416144.44440000225,
              378216.20310000144
            ],
            [
              416149.50240000058,
              378212.04060000367
            ],
            [
              416154.8758000005,
              378206.4310999997
            ],
            [
              416159.71920000017,
              378201.08610000089
            ],
            [
              416171.83800000139,
              378180.56220000237
            ],
            [
              416184.53799999971,
              378155.95590000413
            ],
            [
              416195.65050000045,
              378128.96829999797
            ],
            [
              416222.63810000103,
              378110.71199999936
            ],
            [
              416246.4506000001,
              378082.93070000224
            ]
          ]
        ]
      }
    },
    {
      "attributes" : {
        "FID" : 7,
        "PMNTN_SN" : 46325,
        "MNTN_CODE" : "471104604",
        "MNTN_NM" : "제철동",
        "PMNTN_NM" : " ",
        "PMNTN_MAIN" : " ",
        "PMNTN_LT" : 0.12,
        "PMNTN_DFFL" : "쉬움",
        "PMNTN_UPPL" : 2,
        "PMNTN_GODN" : 1,
        "PMNTN_MTRQ" : " ",
        "PMNTN_CNRL" : " ",
        "PMNTN_CLS_" : " ",
        "PMNTN_RISK" : " ",
        "PMNTN_RECO" : " ",
        "DATA_STDR_" : "2016-12-31",
        "MNTN_ID" : "471110901"
      },
      "geometry" : {
        "paths" : [
          [
            [
              416057.3657999998,
              378321.41000000201
            ],
            [
              416054.59999999963,
              378302.30430000275
            ],
            [
              416053.37469999958,
              378285.96700000204
            ],
            [
              416050.10720000044,
              378270.03810000233
            ],
            [
              416043.16390000191,
              378259.41880000383
            ],
            [
              416030.50240000058,
              378244.30670000054
            ],
            [
              416025.61569999997,
              378238.60550000146
            ],
            [
              416023.15060000122,
              378235.72960000299
            ],
            [
              416013.34820000082,
              378227.96940000169
            ],
            [
              416007.1157999998,
              378222.46240000241
            ]
          ]
        ]
      }
    },
    {
      "attributes" : {
        "FID" : 8,
        "PMNTN_SN" : 46326,
        "MNTN_CODE" : "471104604",
        "MNTN_NM" : "제철동",
        "PMNTN_NM" : " ",
        "PMNTN_MAIN" : " ",
        "PMNTN_LT" : 0.07,
        "PMNTN_DFFL" : "쉬움",
        "PMNTN_UPPL" : 1,
        "PMNTN_GODN" : 1,
        "PMNTN_MTRQ" : " ",
        "PMNTN_CNRL" : " ",
        "PMNTN_CLS_" : " ",
        "PMNTN_RISK" : " ",
        "PMNTN_RECO" : " ",
        "DATA_STDR_" : "2016-12-31",
        "MNTN_ID" : "471110901"
      },
      "geometry" : {
        "paths" : [
          [
            [
              416057.3657999998,
              378321.41000000201
            ],
            [
              416066.85300000105,
              378311.69830000028
            ],
            [
              416074.20480000135,
              378301.07900000177
            ],
            [
              416082.37350000069,
              378291.27660000138
            ],
            [
              416090.9506000001,
              378281.47419999912
            ],
            [
              416100.34460000135,
              378271.26339999959
            ],
            [
              416103.9812000012,
              378263.4282000009
            ]
          ]
        ]
      }
    },
    {
      "attributes" : {
        "FID" : 9,
        "PMNTN_SN" : 46327,
        "MNTN_CODE" : "471104604",
        "MNTN_NM" : "제철동",
        "PMNTN_NM" : "인덕동구간",
        "PMNTN_MAIN" : " ",
        "PMNTN_LT" : 1.27,
        "PMNTN_DFFL" : "쉬움",
        "PMNTN_UPPL" : 22,
        "PMNTN_GODN" : 16,
        "PMNTN_MTRQ" : " ",
        "PMNTN_CNRL" : " ",
        "PMNTN_CLS_" : " ",
        "PMNTN_RISK" : " ",
        "PMNTN_RECO" : " ",
        "DATA_STDR_" : "2016-12-31",
        "MNTN_ID" : "471110901"
      },
      "geometry" : {
        "paths" : [
          [
            [
              416507.73220000044,
              378732.56670000032
            ],
            [
              416502.9375,
              378732.98330000229
            ],
            [
              416500.11230000015,
              378733.22880000062
            ],
            [
              416492.48400000017,
              378733.65590000153
            ],
            [
              416472.33459999971,
              378733.65590000153
            ],
            [
              416462.29630000051,
              378734.10150000267
            ],
            [
              416443.47190000117,
              378735.28960000351
            ],
            [
              416425.88070000056,
              378735.99060000293
            ],
            [
              416419.51049999986,
              378736.37879999913
            ],
            [
              416408.99780000001,
              378736.83860000037
            ],
            [
              416404.9310999997,
              378737.65020000376
            ],
            [
              416401.36010000017,
              378739.15379999951
            ],
            [
              416398.87550000101,
              378740.8133000005
            ],
            [
              416390.64780000132,
              378747.81490000151
            ],
            [
              416377.03330000024,
              378759.25110000372
            ],
            [
              416363.41890000086,
              378769.5979999993
            ],
            [
              416353.27700000163,
              378776.75060000271
            ],
            [
              416348.71530000214,
              378780.4896000009
            ],
            [
              416346.21140000038,
              378782.97720000148
            ],
            [
              416343.58930000011,
              378785.90780000202
            ],
            [
              416336.19000000041,
              378795.19320000149
            ],
            [
              416331.22270000074,
              378802.13469999842
            ],
            [
              416328.15919999871,
              378806.50180000253
            ],
            [
              416326.41199999955,
              378808.72619999945
            ],
            [
              416324.20920000039,
              378811.53060000017
            ],
            [
              416319.43220000155,
              378816.84229999967
            ],
            [
              416314.4068,
              378821.87759999931
            ],
            [
              416307.10230000038,
              378828.32730000094
            ],
            [
              416299.15859999973,
              378834.40289999917
            ],
            [
              416292.82479999959,
              378838.55870000273
            ],
            [
              416282.27670000121,
              378844.74990000203
            ],
            [
              416279.27070000209,
              378846.32840000093
            ],
            [
              416272.13470000029,
              378849.5121999979
            ],
            [
              416269.60950000025,
              378850.7864999976
            ],
            [
              416266.08160000108,
              378852.99139999785
            ],
            [
              416263.76099999994,
              378855.09690000303
            ],
            [
              416260.87940000091,
              378858.89970000274
            ],
            [
              416257.24810000043,
              378865.4784000013
            ],
            [
              416255.76530000102,
              378869.19270000234
            ],
            [
              416253.05250000115,
              378878.64050000161
            ],
            [
              416251.78030000068,
              378882.32579999976
            ],
            [
              416249.86490000039,
              378887.17500000075
            ],
            [
              416247.78170000017,
              378891.06510000117
            ],
            [
              416245.1314000003,
              378894.48660000227
            ],
            [
              416237.07670000009,
              378902.47520000115
            ],
            [
              416226.65429999959,
              378914.03910000063
            ],
            [
              416220.73930000048,
              378919.90169999935
            ],
            [
              416218.18350000121,
              378921.93160000443
            ],
            [
              416209.62380000204,
              378928.03959999979
            ],
            [
              416206.62610000093,
              378931.68870000169
            ],
            [
              416205.29230000079,
              378934.75370000117
            ],
            [
              416203.27329999954,
              378942.93340000138
            ],
            [
              416202.22360000107,
              378946.04150000215
            ],
            [
              416199.40170000121,
              378951.84170000441
            ],
            [
              416194.59950000048,
              378960.20049999841
            ],
            [
              416188.31200000178,
              378970.8861999996
            ],
            [
              416185.99860000052,
              378974.2407000009
            ],
            [
              416183.7080000015,
              378977.08240000345
            ],
            [
              416179.39609999955,
              378981.40190000273
            ],
            [
              416172.27180000022,
              378987.42940000258
            ],
            [
              416165.71740000136,
              378992.64260000177
            ],
            [
              416158.65739999991,
              378997.77640000172
            ],
            [
              416150.14150000177,
              379004.1408000011
            ],
            [
              416147.51880000159,
              379005.59480000101
            ],
            [
              416143.81510000117,
              379006.6428999994
            ],
            [
              416135.81550000049,
              379006.8609000016
            ],
            [
              416132.56820000149,
              379007.88800000213
            ],
            [
              416127.07180000097,
              379010.84629999846
            ],
            [
              416122.62320000026,
              379012.78189999983
            ],
            [
              416119.23220000044,
              379013.84770000167
            ],
            [
              416115.28470000066,
              379013.94779999927
            ],
            [
              416112.46750000026,
              379013.16589999944
            ],
            [
              416109.86259999964,
              379011.86199999973
            ],
            [
              416107.37630000059,
              379009.07850000076
            ],
            [
              416106.64410000015,
              379004.39070000313
            ],
            [
              416107.2675999999,
              378999.69920000061
            ],
            [
              416108.3049000008,
              378995.94779999927
            ],
            [
              416109.80240000039,
              378991.73589999974
            ],
            [
              416112.47329999879,
              378985.68570000306
            ],
            [
              416116.89250000007,
              378979.09550000168
            ],
            [
              416118.35859999992,
              378976.53790000267
            ],
            [
              416121.08150000032,
              378969.45830000192
            ],
            [
              416127.22140000109,
              378953.24850000255
            ],
            [
              416128.77200000081,
              378948.05340000242
            ],
            [
              416129.79470000137,
              378943.31860000081
            ],
            [
              416130.31969999988,
              378938.30790000223
            ],
            [
              416130.52099999972,
              378927.37460000254
            ],
            [
              416130.88390000071,
              378922.62460000068
            ],
            [
              416133.06220000051,
              378910.09930000268
            ],
            [
              416135.0821000021,
              378897.9430999998
            ],
            [
              416135.34440000169,
              378894.29200000316
            ],
            [
              416135.24050000031,
              378891.0390000008
            ],
            [
              416134.52960000001,
              378886.78360000253
            ],
            [
              416133.76080000028,
              378883.83160000108
            ],
            [
              416132.5175999999,
              378879.05829999968
            ],
            [
              416129.25010000076,
              378866.53299999982
            ],
            [
              416125.33949999977,
              378852.44030000269
            ],
            [
              416124.61060000025,
              378848.39350000024
            ],
            [
              416124.34890000056,
              378844.74990000203
            ],
            [
              416124.59080000035,
              378840.86130000278
            ],
            [
              416125.98270000052,
              378831.13540000096
            ],
            [
              416126.45639999956,
              378822.59930000268
            ],
            [
              416126.52720000036,
              378813.70889999904
            ],
            [
              416126.20760000031,
              378806.90600000322
            ],
            [
              416124.89350000117,
              378791.38119999878
            ],
            [
              416124.84100000095,
              378788.25530000404
            ],
            [
              416125.10250000097,
              378782.65780000202
            ],
            [
              416125.20760000031,
              378778.47800000384
            ],
            [
              416124.74199999962,
              378773.62790000066
            ],
            [
              416123.19850000087,
              378769.51219999976
            ],
            [
              416121.00390000176,
              378765.91290000267
            ],
            [
              416119.04399999976,
              378763.42360000126
            ],
            [
              416116.72479999904,
              378760.88480000012
            ],
            [
              416114.33830000088,
              378758.70260000229
            ],
            [
              416110.18989999965,
              378755.43899999931
            ],
            [
              416103.61589999869,
              378750.40699999966
            ],
            [
              416098.75370000117,
              378747.27030000277
            ],
            [
              416095.80000000075,
              378745.93480000086
            ],
            [
              416091.61510000005,
              378744.52419999987
            ],
            [
              416088.11680000089,
              378743.3450000044
            ],
            [
              416085.38389999978,
              378741.83070000261
            ],
            [
              416081.92370000109,
              378738.53480000049
            ],
            [
              416079.29999999981,
              378734.99890000187
            ],
            [
              416077.51520000026,
              378732.02210000157
            ],
            [
              416075.67610000074,
              378728.00610000268
            ],
            [
              416073.73010000028,
              378722.27060000226
            ],
            [
              416072.82120000105,
              378719.59210000001
            ],
            [
              416071.97920000087,
              378716.77120000124
            ],
            [
              416069.63470000029,
              378707.53289999999
            ],
            [
              416068.72160000075,
              378704.85580000095
            ],
            [
              416067.16820000112,
              378700.98120000213
            ],
            [
              416065.12480000034,
              378697.32069999725
            ],
            [
              416060.0887000002,
              378689.54499999993
            ],
            [
              416053.99220000021,
              378679.40070000105
            ],
            [
              416048.59360000025,
              378672.4486999996
            ],
            [
              416046.93050000165,
              378667.60050000064
            ],
            [
              416046.47420000006,
              378661.77150000446
            ],
            [
              416045.49120000005,
              378654.65080000274
            ],
            [
              416045.53469999973,
              378649.62140000239
            ],
            [
              416046.28550000023,
              378645.60860000178
            ],
            [
              416048.65249999985,
              378638.35460000299
            ],
            [
              416051.74970000051,
              378630.6716000028
            ],
            [
              416054.24429999944,
              378626.5503000021
            ],
            [
              416056.68500000052,
              378623.74250000156
            ],
            [
              416061.2275000019,
              378619.60129999928
            ],
            [
              416063.35610000044,
              378617.66070000269
            ],
            [
              416071.61800000072,
              378610.87089999765
            ],
            [
              416074.10190000013,
              378608.19700000249
            ],
            [
              416076.65340000018,
              378603.87420000136
            ],
            [
              416079.69350000005,
              378595.3329000026
            ],
            [
              416081.48500000127,
              378588.46050000004
            ],
            [
              416082.41640000045,
              378582.2631000001
            ],
            [
              416082.55930000171,
              378578.40350000188
            ],
            [
              416082.35070000123,
              378574.15160000138
            ],
            [
              416081.79800000042,
              378569.42370000109
            ],
            [
              416080.7826000005,
              378563.20280000195
            ],
            [
              416079.95839999989,
              378559.38560000062
            ],
            [
              416076.97059999965,
              378547.95459999889
            ],
            [
              416075.44210000057,
              378538.67500000075
            ],
            [
              416073.70310000051,
              378523.44859999977
            ],
            [
              416072.43740000203,
              378511.59130000137
            ],
            [
              416071.52480000071,
              378501.12089999951
            ],
            [
              416070.76360000018,
              378490.15020000003
            ],
            [
              416070.43570000026,
              378482.06060000136
            ],
            [
              416070.43570000026,
              378471.16899999976
            ],
            [
              416071.52480000071,
              378449.38590000197
            ],
            [
              416071.47950000037,
              378439.15159999952
            ],
            [
              416070.98020000011,
              378424.33530000411
            ],
            [
              416070.24530000146,
              378407.44749999978
            ],
            [
              416069.34650000092,
              378395.47259999998
            ],
            [
              416068.28700000048,
              378386.60569999926
            ],
            [
              416065.53449999914,
              378367.69910000451
            ],
            [
              416063.50960000139,
              378350.71409999952
            ],
            [
              416062.26699999999,
              378342.64850000106
            ],
            [
              416060.05750000011,
              378331.98579999804
            ],
            [
              416057.3657999998,
              378321.41000000201
            ]
          ]
        ]
      }
    }
  ]
}