{
  "displayFieldName" : "",
  "fieldAliases" : {
    "FID" : "FID",
    "PMNTN_SPOT" : "PMNTN_SPOT",
    "MNTN_CODE" : "MNTN_CODE",
    "MANAGE_SP1" : "MANAGE_SP1",
    "MANAGE_SP2" : "MANAGE_SP2",
    "DETAIL_SPO" : "DETAIL_SPO",
    "ETC_MATTER" : "ETC_MATTER",
    "MNTN_NM" : "MNTN_NM",
    "PAST_SPOT_" : "PAST_SPOT_",
    "MNTN_ID" : "MNTN_ID"
  },
  "geometryType" : "esriGeometryPoint",
  "spatialReference" : {
    "wkt" : "PROJCS[\"PCS_ITRF2000_TM\",GEOGCS[\"GCS_ITRF_2000\",DATUM[\"D_ITRF_2000\",SPHEROID[\"GRS_1980\",6378137.0,298.257222101]],PRIMEM[\"Greenwich\",0.0],UNIT[\"Degree\",0.0174532925199433]],PROJECTION[\"Transverse_Mercator\"],PARAMETER[\"False_Easting\",200000.0],PARAMETER[\"False_Northing\",600000.0],PARAMETER[\"Central_Meridian\",127.0],PARAMETER[\"Scale_Factor\",1.0],PARAMETER[\"Latitude_Of_Origin\",38.0],UNIT[\"Meter\",1.0]]"
  },
  "fields" : [
    {
      "name" : "FID",
      "type" : "esriFieldTypeOID",
      "alias" : "FID"
    },
    {
      "name" : "PMNTN_SPOT",
      "type" : "esriFieldTypeDouble",
      "alias" : "PMNTN_SPOT"
    },
    {
      "name" : "MNTN_CODE",
      "type" : "esriFieldTypeString",
      "alias" : "MNTN_CODE",
      "length" : 9
    },
    {
      "name" : "MANAGE_SP1",
      "type" : "esriFieldTypeString",
      "alias" : "MANAGE_SP1",
      "length" : 2
    },
    {
      "name" : "MANAGE_SP2",
      "type" : "esriFieldTypeString",
      "alias" : "MANAGE_SP2",
      "length" : 50
    },
    {
      "name" : "DETAIL_SPO",
      "type" : "esriFieldTypeString",
      "alias" : "DETAIL_SPO",
      "length" : 200
    },
    {
      "name" : "ETC_MATTER",
      "type" : "esriFieldTypeString",
      "alias" : "ETC_MATTER",
      "length" : 200
    },
    {
      "name" : "MNTN_NM",
      "type" : "esriFieldTypeString",
      "alias" : "MNTN_NM",
      "length" : 50
    },
    {
      "name" : "PAST_SPOT_",
      "type" : "esriFieldTypeString",
      "alias" : "PAST_SPOT_",
      "length" : 14
    },
    {
      "name" : "MNTN_ID",
      "type" : "esriFieldTypeString",
      "alias" : "MNTN_ID",
      "length" : 10
    }
  ],
  "features" : [
    {
      "attributes" : {
        "FID" : 0,
        "PMNTN_SPOT" : 66666,
        "MNTN_CODE" : "467301201",
        "MANAGE_SP1" : "01",
        "MANAGE_SP2" : "시종점",
        "DETAIL_SPO" : "시종점",
        "ETC_MATTER" : " ",
        "MNTN_NM" : "오산",
        "PAST_SPOT_" : "4673012010001",
        "MNTN_ID" : "467301201"
      },
      "geometry" : {
        "x" : 242423.35170000046,
        "y" : 285423.05990000069
      }
    },
    {
      "attributes" : {
        "FID" : 1,
        "PMNTN_SPOT" : 66667,
        "MNTN_CODE" : "467301201",
        "MANAGE_SP1" : "01",
        "MANAGE_SP2" : "시종점",
        "DETAIL_SPO" : "시종점",
        "ETC_MATTER" : " ",
        "MNTN_NM" : "오산",
        "PAST_SPOT_" : "4673012010002",
        "MNTN_ID" : "467301201"
      },
      "geometry" : {
        "x" : 242464.20260000136,
        "y" : 285480.16859999858
      }
    },
    {
      "attributes" : {
        "FID" : 2,
        "PMNTN_SPOT" : 66668,
        "MNTN_CODE" : "467301201",
        "MANAGE_SP1" : "01",
        "MANAGE_SP2" : "시종점",
        "DETAIL_SPO" : "시종점",
        "ETC_MATTER" : " ",
        "MNTN_NM" : "오산",
        "PAST_SPOT_" : "4673012010003",
        "MNTN_ID" : "467301201"
      },
      "geometry" : {
        "x" : 242767.66569999978,
        "y" : 286162.76150000282
      }
    },
    {
      "attributes" : {
        "FID" : 3,
        "PMNTN_SPOT" : 66669,
        "MNTN_CODE" : "467301201",
        "MANAGE_SP1" : "01",
        "MANAGE_SP2" : "시종점",
        "DETAIL_SPO" : "시종점",
        "ETC_MATTER" : " ",
        "MNTN_NM" : "오산",
        "PAST_SPOT_" : "4673012010004",
        "MNTN_ID" : "467301201"
      },
      "geometry" : {
        "x" : 242788.74570000079,
        "y" : 286458.43960000202
      }
    },
    {
      "attributes" : {
        "FID" : 4,
        "PMNTN_SPOT" : 66670,
        "MNTN_CODE" : "467301201",
        "MANAGE_SP1" : "01",
        "MANAGE_SP2" : "시종점",
        "DETAIL_SPO" : "시종점",
        "ETC_MATTER" : " ",
        "MNTN_NM" : "오산",
        "PAST_SPOT_" : "4673012010005",
        "MNTN_ID" : "467301201"
      },
      "geometry" : {
        "x" : 242958.66280000098,
        "y" : 287753.28910000436
      }
    },
    {
      "attributes" : {
        "FID" : 5,
        "PMNTN_SPOT" : 66671,
        "MNTN_CODE" : "467301201",
        "MANAGE_SP1" : "01",
        "MANAGE_SP2" : "시종점",
        "DETAIL_SPO" : "시종점",
        "ETC_MATTER" : " ",
        "MNTN_NM" : "오산",
        "PAST_SPOT_" : "4673012010006",
        "MNTN_ID" : "467301201"
      },
      "geometry" : {
        "x" : 243158.21674815379,
        "y" : 281222.11927329004
      }
    },
    {
      "attributes" : {
        "FID" : 6,
        "PMNTN_SPOT" : 66672,
        "MNTN_CODE" : "467301201",
        "MANAGE_SP1" : "02",
        "MANAGE_SP2" : "분기점",
        "DETAIL_SPO" : "분기점",
        "ETC_MATTER" : " ",
        "MNTN_NM" : "오산",
        "PAST_SPOT_" : "4673012010007",
        "MNTN_ID" : "467301201"
      },
      "geometry" : {
        "x" : 243657.63030000031,
        "y" : 287172.93270000443
      }
    },
    {
      "attributes" : {
        "FID" : 7,
        "PMNTN_SPOT" : 66673,
        "MNTN_CODE" : "467301201",
        "MANAGE_SP1" : "02",
        "MANAGE_SP2" : "분기점",
        "DETAIL_SPO" : "분기점",
        "ETC_MATTER" : " ",
        "MNTN_NM" : "오산",
        "PAST_SPOT_" : "4673012010008",
        "MNTN_ID" : "467301201"
      },
      "geometry" : {
        "x" : 244060.9617000008,
        "y" : 284691.58610000089
      }
    },
    {
      "attributes" : {
        "FID" : 8,
        "PMNTN_SPOT" : 66674,
        "MNTN_CODE" : "467301201",
        "MANAGE_SP1" : "01",
        "MANAGE_SP2" : "시종점",
        "DETAIL_SPO" : "시종점",
        "ETC_MATTER" : " ",
        "MNTN_NM" : "오산",
        "PAST_SPOT_" : "4673012010009",
        "MNTN_ID" : "467301201"
      },
      "geometry" : {
        "x" : 244109.1174999997,
        "y" : 286028.34180000052
      }
    },
    {
      "attributes" : {
        "FID" : 9,
        "PMNTN_SPOT" : 66675,
        "MNTN_CODE" : "467301201",
        "MANAGE_SP1" : "02",
        "MANAGE_SP2" : "분기점",
        "DETAIL_SPO" : "분기점",
        "ETC_MATTER" : " ",
        "MNTN_NM" : "오산",
        "PAST_SPOT_" : "4673012010010",
        "MNTN_ID" : "467301201"
      },
      "geometry" : {
        "x" : 244208.31880000141,
        "y" : 286107.49550000019
      }
    },
    {
      "attributes" : {
        "FID" : 10,
        "PMNTN_SPOT" : 66676,
        "MNTN_CODE" : "467301201",
        "MANAGE_SP1" : "02",
        "MANAGE_SP2" : "분기점",
        "DETAIL_SPO" : "분기점",
        "ETC_MATTER" : " ",
        "MNTN_NM" : "오산",
        "PAST_SPOT_" : "4673012010011",
        "MNTN_ID" : "467301201"
      },
      "geometry" : {
        "x" : 244239.28110000025,
        "y" : 283668.61350000277
      }
    },
    {
      "attributes" : {
        "FID" : 11,
        "PMNTN_SPOT" : 66677,
        "MNTN_CODE" : "467301201",
        "MANAGE_SP1" : "02",
        "MANAGE_SP2" : "분기점",
        "DETAIL_SPO" : "분기점",
        "ETC_MATTER" : " ",
        "MNTN_NM" : "오산",
        "PAST_SPOT_" : "4673012010012",
        "MNTN_ID" : "467301201"
      },
      "geometry" : {
        "x" : 244292.48479999974,
        "y" : 285201.49860000238
      }
    },
    {
      "attributes" : {
        "FID" : 12,
        "PMNTN_SPOT" : 66678,
        "MNTN_CODE" : "467301201",
        "MANAGE_SP1" : "02",
        "MANAGE_SP2" : "분기점",
        "DETAIL_SPO" : "분기점",
        "ETC_MATTER" : " ",
        "MNTN_NM" : "오산",
        "PAST_SPOT_" : "4673012010013",
        "MNTN_ID" : "467301201"
      },
      "geometry" : {
        "x" : 244404.20930000022,
        "y" : 284948.44750000164
      }
    },
    {
      "attributes" : {
        "FID" : 13,
        "PMNTN_SPOT" : 66679,
        "MNTN_CODE" : "467301201",
        "MANAGE_SP1" : "02",
        "MANAGE_SP2" : "분기점",
        "DETAIL_SPO" : "분기점",
        "ETC_MATTER" : " ",
        "MNTN_NM" : "오산",
        "PAST_SPOT_" : "4673012010014",
        "MNTN_ID" : "467301201"
      },
      "geometry" : {
        "x" : 244700.27049999963,
        "y" : 283095.30370000005
      }
    },
    {
      "attributes" : {
        "FID" : 14,
        "PMNTN_SPOT" : 66680,
        "MNTN_CODE" : "467301201",
        "MANAGE_SP1" : "02",
        "MANAGE_SP2" : "분기점",
        "DETAIL_SPO" : "분기점",
        "ETC_MATTER" : " ",
        "MNTN_NM" : "오산",
        "PAST_SPOT_" : "4673012010015",
        "MNTN_ID" : "467301201"
      },
      "geometry" : {
        "x" : 245040.7284000013,
        "y" : 282384.56269999966
      }
    },
    {
      "attributes" : {
        "FID" : 15,
        "PMNTN_SPOT" : 66681,
        "MNTN_CODE" : "467301201",
        "MANAGE_SP1" : "01",
        "MANAGE_SP2" : "시종점",
        "DETAIL_SPO" : "시종점",
        "ETC_MATTER" : " ",
        "MNTN_NM" : "오산",
        "PAST_SPOT_" : "4673012010016",
        "MNTN_ID" : "467301201"
      },
      "geometry" : {
        "x" : 245242.69680000003,
        "y" : 282425.44370000064
      }
    },
    {
      "attributes" : {
        "FID" : 16,
        "PMNTN_SPOT" : 66682,
        "MNTN_CODE" : "467301201",
        "MANAGE_SP1" : "02",
        "MANAGE_SP2" : "분기점",
        "DETAIL_SPO" : "분기점",
        "ETC_MATTER" : " ",
        "MNTN_NM" : "오산",
        "PAST_SPOT_" : "4673012010017",
        "MNTN_ID" : "467301201"
      },
      "geometry" : {
        "x" : 245310.71240000147,
        "y" : 281375.59370000102
      }
    },
    {
      "attributes" : {
        "FID" : 17,
        "PMNTN_SPOT" : 66683,
        "MNTN_CODE" : "467301201",
        "MANAGE_SP1" : "01",
        "MANAGE_SP2" : "시종점",
        "DETAIL_SPO" : "시종점",
        "ETC_MATTER" : " ",
        "MNTN_NM" : "오산",
        "PAST_SPOT_" : "4673012010018",
        "MNTN_ID" : "467301201"
      },
      "geometry" : {
        "x" : 245404.83930000011,
        "y" : 283706.99100000039
      }
    },
    {
      "attributes" : {
        "FID" : 18,
        "PMNTN_SPOT" : 66684,
        "MNTN_CODE" : "467301201",
        "MANAGE_SP1" : "01",
        "MANAGE_SP2" : "시종점",
        "DETAIL_SPO" : "시종점",
        "ETC_MATTER" : " ",
        "MNTN_NM" : "오산",
        "PAST_SPOT_" : "4673012010019",
        "MNTN_ID" : "467301201"
      },
      "geometry" : {
        "x" : 246151.4139029989,
        "y" : 282286.40942564048
      }
    },
    {
      "attributes" : {
        "FID" : 19,
        "PMNTN_SPOT" : 66685,
        "MNTN_CODE" : "467301201",
        "MANAGE_SP1" : "02",
        "MANAGE_SP2" : "분기점",
        "DETAIL_SPO" : "분기점",
        "ETC_MATTER" : " ",
        "MNTN_NM" : "오산",
        "PAST_SPOT_" : "4673012010020",
        "MNTN_ID" : "467301201"
      },
      "geometry" : {
        "x" : 246166.99839999992,
        "y" : 281078.21360000223
      }
    },
    {
      "attributes" : {
        "FID" : 20,
        "PMNTN_SPOT" : 66686,
        "MNTN_CODE" : "467301201",
        "MANAGE_SP1" : "02",
        "MANAGE_SP2" : "분기점",
        "DETAIL_SPO" : "분기점",
        "ETC_MATTER" : " ",
        "MNTN_NM" : "오산",
        "PAST_SPOT_" : "4673012010021",
        "MNTN_ID" : "467301201"
      },
      "geometry" : {
        "x" : 247885.19060000218,
        "y" : 280364.87509999983
      }
    }
  ]
}