{
  "displayFieldName" : "",
  "fieldAliases" : {
    "FID" : "FID",
    "PMNTN_SN" : "PMNTN_SN",
    "MNTN_CODE" : "MNTN_CODE",
    "MNTN_NM" : "MNTN_NM",
    "PMNTN_NM" : "PMNTN_NM",
    "PMNTN_MAIN" : "PMNTN_MAIN",
    "PMNTN_LT" : "PMNTN_LT",
    "PMNTN_DFFL" : "PMNTN_DFFL",
    "PMNTN_UPPL" : "PMNTN_UPPL",
    "PMNTN_GODN" : "PMNTN_GODN",
    "PMNTN_MTRQ" : "PMNTN_MTRQ",
    "PMNTN_CNRL" : "PMNTN_CNRL",
    "PMNTN_CLS_" : "PMNTN_CLS_",
    "PMNTN_RISK" : "PMNTN_RISK",
    "PMNTN_RECO" : "PMNTN_RECO",
    "DATA_STDR_" : "DATA_STDR_",
    "MNTN_ID" : "MNTN_ID"
  },
  "geometryType" : "esriGeometryPolyline",
  "spatialReference" : {
    "wkt" : "PROJCS[\"PCS_ITRF2000_TM\",GEOGCS[\"GCS_ITRF_2000\",DATUM[\"D_ITRF_2000\",SPHEROID[\"GRS_1980\",6378137.0,298.257222101]],PRIMEM[\"Greenwich\",0.0],UNIT[\"Degree\",0.0174532925199433]],PROJECTION[\"Transverse_Mercator\"],PARAMETER[\"False_Easting\",200000.0],PARAMETER[\"False_Northing\",600000.0],PARAMETER[\"Central_Meridian\",127.0],PARAMETER[\"Scale_Factor\",1.0],PARAMETER[\"Latitude_Of_Origin\",38.0],UNIT[\"Meter\",1.0]]"
  },
  "fields" : [
    {
      "name" : "FID",
      "type" : "esriFieldTypeOID",
      "alias" : "FID"
    },
    {
      "name" : "PMNTN_SN",
      "type" : "esriFieldTypeDouble",
      "alias" : "PMNTN_SN"
    },
    {
      "name" : "MNTN_CODE",
      "type" : "esriFieldTypeString",
      "alias" : "MNTN_CODE",
      "length" : 9
    },
    {
      "name" : "MNTN_NM",
      "type" : "esriFieldTypeString",
      "alias" : "MNTN_NM",
      "length" : 50
    },
    {
      "name" : "PMNTN_NM",
      "type" : "esriFieldTypeString",
      "alias" : "PMNTN_NM",
      "length" : 50
    },
    {
      "name" : "PMNTN_MAIN",
      "type" : "esriFieldTypeString",
      "alias" : "PMNTN_MAIN",
      "length" : 200
    },
    {
      "name" : "PMNTN_LT",
      "type" : "esriFieldTypeSingle",
      "alias" : "PMNTN_LT"
    },
    {
      "name" : "PMNTN_DFFL",
      "type" : "esriFieldTypeString",
      "alias" : "PMNTN_DFFL",
      "length" : 8
    },
    {
      "name" : "PMNTN_UPPL",
      "type" : "esriFieldTypeDouble",
      "alias" : "PMNTN_UPPL"
    },
    {
      "name" : "PMNTN_GODN",
      "type" : "esriFieldTypeDouble",
      "alias" : "PMNTN_GODN"
    },
    {
      "name" : "PMNTN_MTRQ",
      "type" : "esriFieldTypeString",
      "alias" : "PMNTN_MTRQ",
      "length" : 200
    },
    {
      "name" : "PMNTN_CNRL",
      "type" : "esriFieldTypeString",
      "alias" : "PMNTN_CNRL",
      "length" : 1
    },
    {
      "name" : "PMNTN_CLS_",
      "type" : "esriFieldTypeString",
      "alias" : "PMNTN_CLS_",
      "length" : 1
    },
    {
      "name" : "PMNTN_RISK",
      "type" : "esriFieldTypeString",
      "alias" : "PMNTN_RISK",
      "length" : 200
    },
    {
      "name" : "PMNTN_RECO",
      "type" : "esriFieldTypeString",
      "alias" : "PMNTN_RECO",
      "length" : 1
    },
    {
      "name" : "DATA_STDR_",
      "type" : "esriFieldTypeString",
      "alias" : "DATA_STDR_",
      "length" : 10
    },
    {
      "name" : "MNTN_ID",
      "type" : "esriFieldTypeString",
      "alias" : "MNTN_ID",
      "length" : 10
    }
  ],
  "features" : [
    {
      "attributes" : {
        "FID" : 0,
        "PMNTN_SN" : 40132,
        "MNTN_CODE" : "491107804",
        "MNTN_NM" : "용눈이오름",
        "PMNTN_NM" : "종달리구간",
        "PMNTN_MAIN" : " ",
        "PMNTN_LT" : 0.51,
        "PMNTN_DFFL" : "쉬움",
        "PMNTN_UPPL" : 9,
        "PMNTN_GODN" : 6,
        "PMNTN_MTRQ" : " ",
        "PMNTN_CNRL" : " ",
        "PMNTN_CLS_" : " ",
        "PMNTN_RISK" : " ",
        "PMNTN_RECO" : " ",
        "DATA_STDR_" : "2016-12-31",
        "MNTN_ID" : "491107804"
      },
      "geometry" : {
        "paths" : [
          [
            [
              184051.42399999965,
              96562.994300004095
            ],
            [
              184051.50720000174,
              96562.728000003844
            ],
            [
              184051.52589999884,
              96562.783399999142
            ],
            [
              184053.12949999981,
              96557.939800003543
            ],
            [
              184057.18259999994,
              96554.311300002038
            ],
            [
              184061.75820000097,
              96549.833900004625
            ],
            [
              184066.4171000002,
              96545.112400002778
            ],
            [
              184068.71899999864,
              96542.934600001201
            ],
            [
              184071.76930000167,
              96538.052700001746
            ],
            [
              184072.9028000012,
              96529.939999999478
            ],
            [
              184072.19670000393,
              96520.373400000855
            ],
            [
              184068.16160000302,
              96511.310599999502
            ],
            [
              184062.76730000135,
              96504.749500002712
            ],
            [
              184056.03660000302,
              96499.266899999231
            ],
            [
              184052.03579999879,
              96494.94800000079
            ],
            [
              184054.48280000128,
              96490.562900001183
            ],
            [
              184059.9151000008,
              96484.332899998873
            ],
            [
              184066.53240000363,
              96475.64620000124
            ],
            [
              184076.46700000018,
              96468.793900003657
            ],
            [
              184083.19479999971,
              96464.76630000025
            ],
            [
              184094.49770000204,
              96458.963700002059
            ],
            [
              184099.40740000084,
              96451.841800002381
            ],
            [
              184103.04110000003,
              96443.840299999341
            ],
            [
              184105.29090000037,
              96435.624200003222
            ],
            [
              184105.7071000021,
              96426.127199999988
            ],
            [
              184106.01040000003,
              96416.169099999592
            ],
            [
              184105.12640000135,
              96411.628699999303
            ],
            [
              184098.93609999958,
              96402.351399999112
            ],
            [
              184094.59190000128,
              96394.151799997315
            ],
            [
              184091.37160000019,
              96386.446499999613
            ],
            [
              184091.76600000076,
              96376.652899999171
            ],
            [
              184095.17490000371,
              96369.304800001904
            ],
            [
              184101.12520000245,
              96364.048700001091
            ],
            [
              184109.30320000183,
              96362.108400000259
            ],
            [
              184114.32459999993,
              96359.928200000897
            ],
            [
              184116.01160000078,
              96355.476600000635
            ],
            [
              184117.16360000148,
              96341.277000002563
            ],
            [
              184117.3060999997,
              96331.216000001878
            ],
            [
              184119.28760000225,
              96317.37100000307
            ],
            [
              184122.61459999997,
              96309.317400002852
            ],
            [
              184125.06720000412,
              96302.702899998054
            ],
            [
              184127.68630000018,
              96295.544600000605
            ],
            [
              184131.28200000059,
              96288.717500001192
            ],
            [
              184134.2555000009,
              96282.257400000468
            ],
            [
              184136.76430000365,
              96275.831399999559
            ],
            [
              184139.12420000136,
              96269.405600000173
            ],
            [
              184141.31960000005,
              96262.922700002789
            ],
            [
              184143.97000000067,
              96257.604400003329
            ],
            [
              184146.43090000004,
              96250.40210000053
            ],
            [
              184149.37659999914,
              96243.941999999806
            ],
            [
              184152.69420000073,
              96237.536900000647
            ],
            [
              184155.71100000106,
              96232.066800002009
            ],
            [
              184160.14709999971,
              96227.456600004807
            ],
            [
              184164.22590000089,
              96222.584400000051
            ],
            [
              184166.80200000107,
              96217.544700000435
            ],
            [
              184168.04810000211,
              96212.107799999416
            ],
            [
              184171.18829999957,
              96205.24819999747
            ],
            [
              184174.41250000149,
              96198.599200000986
            ],
            [
              184177.37769999914,
              96192.682600002736
            ],
            [
              184180.63080000039,
              96186.654699999839
            ],
            [
              184182.55429999996,
              96180.429199999198
            ],
            [
              184185.67780000065,
              96174.69410000369
            ],
            [
              184188.50390000083,
              96165.273800002411
            ],
            [
              184189.17860000301,
              96161.747500004247
            ],
            [
              184191.10159999877,
              96155.255899999291
            ],
            [
              184192.21659999993,
              96149.242499999702
            ],
            [
              184193.53520000074,
              96142.696500001475
            ],
            [
              184195.88680000044,
              96136.769799999893
            ],
            [
              184198.21330000181,
              96132.573500003666
            ],
            [
              184200.94900000188,
              96128.387499997392
            ]
          ]
        ]
      }
    },
    {
      "attributes" : {
        "FID" : 1,
        "PMNTN_SN" : 40133,
        "MNTN_CODE" : "491107804",
        "MNTN_NM" : "용눈이오름",
        "PMNTN_NM" : "종달리구간",
        "PMNTN_MAIN" : " ",
        "PMNTN_LT" : 0.83,
        "PMNTN_DFFL" : "쉬움",
        "PMNTN_UPPL" : 15,
        "PMNTN_GODN" : 10,
        "PMNTN_MTRQ" : " ",
        "PMNTN_CNRL" : " ",
        "PMNTN_CLS_" : " ",
        "PMNTN_RISK" : " ",
        "PMNTN_RECO" : " ",
        "DATA_STDR_" : "2016-12-31",
        "MNTN_ID" : "491107804"
      },
      "geometry" : {
        "paths" : [
          [
            [
              184200.94900000188,
              96128.387499997392
            ],
            [
              184200.3543999996,
              96119.948600005358
            ],
            [
              184200.29129999969,
              96115.523200001568
            ],
            [
              184200.9028000012,
              96108.645600004122
            ],
            [
              184200.9011000013,
              96102.001900000498
            ],
            [
              184201.87479999941,
              96094.857499999925
            ],
            [
              184203.78740000073,
              96087.656099999323
            ],
            [
              184205.73730000108,
              96080.554400002584
            ],
            [
              184207.89240000211,
              96073.873900000006
            ],
            [
              184210.43830000237,
              96067.381300000474
            ],
            [
              184213.7946000034,
              96061.819000001997
            ],
            [
              184216.59329999983,
              96056.435100000352
            ],
            [
              184220.00610000174,
              96051.283100001514
            ],
            [
              184223.9226000011,
              96047.18390000239
            ],
            [
              184230.46140000038,
              96039.190900003538
            ],
            [
              184236.08870000299,
              96035.233100002632
            ],
            [
              184240.9626000002,
              96031.032600002363
            ],
            [
              184246.30110000167,
              96026.676000002772
            ],
            [
              184252.26380000077,
              96023.061500001699
            ],
            [
              184258.53689999972,
              96021.742400003597
            ],
            [
              184265.49650000036,
              96019.446200001985
            ],
            [
              184272.37249999959,
              96017.205500001088
            ],
            [
              184279.01600000076,
              96014.932000001892
            ],
            [
              184285.68850000016,
              96013.379300002009
            ],
            [
              184292.79050000105,
              96012.90190000087
            ],
            [
              184301.2153000012,
              96010.306900002062
            ],
            [
              184309.67400000151,
              96006.684200001881
            ],
            [
              184320.31900000013,
              96005.461600000039
            ],
            [
              184331.1353000002,
              96003.317500002682
            ],
            [
              184340.5334000038,
              96001.927999999374
            ],
            [
              184350.19730000198,
              96003.711200000718
            ],
            [
              184361.01370000187,
              96009.253100002185
            ],
            [
              184373.37949999981,
              96017.137500001118
            ],
            [
              184384.75710000191,
              96025.469299999997
            ],
            [
              184394.2416999992,
              96035.250200001523
            ],
            [
              184404.4374000011,
              96045.398600000888
            ],
            [
              184412.61120000016,
              96054.430800002068
            ],
            [
              184419.58180000167,
              96062.180999999866
            ],
            [
              184422.87200000137,
              96067.333100000396
            ],
            [
              184425.49380000122,
              96073.118500001729
            ],
            [
              184428.97990000248,
              96079.389300001785
            ],
            [
              184433.0234000003,
              96089.716800004244
            ],
            [
              184438.20070000086,
              96103.991400001571
            ],
            [
              184439.3591,
              96117.146300004795
            ],
            [
              184440.91000000015,
              96129.34620000422
            ],
            [
              184438.55510000046,
              96142.955499999225
            ],
            [
              184435.31180000119,
              96155.483500001952
            ],
            [
              184432.48140000366,
              96165.895600002259
            ],
            [
              184430.20850000065,
              96172.566500002518
            ],
            [
              184427.10250000097,
              96179.570000002161
            ],
            [
              184425.38380000088,
              96186.435900002718
            ],
            [
              184425.70310000237,
              96191.817300001159
            ],
            [
              184428.0298999995,
              96202.52160000056
            ],
            [
              184431.05090000108,
              96212.459799999371
            ],
            [
              184434.6520999996,
              96226.122199999169
            ],
            [
              184440.73830000125,
              96239.946399999782
            ],
            [
              184446.79690000135,
              96251.844000004232
            ],
            [
              184451.30360000208,
              96257.107100000605
            ],
            [
              184453.7518000016,
              96260.558999998495
            ],
            [
              184451.88790000416,
              96263.879399999976
            ],
            [
              184448.23070000019,
              96267.401300003752
            ],
            [
              184442.2630000012,
              96267.799200000241
            ],
            [
              184435.61810000334,
              96266.810100000352
            ],
            [
              184429.20380000118,
              96267.042400000617
            ],
            [
              184423.02980000339,
              96266.387000000104
            ],
            [
              184416.92240000051,
              96264.888499999419
            ],
            [
              184405.58230000269,
              96260.276200002059
            ],
            [
              184391.65640000347,
              96253.970600003377
            ],
            [
              184379.50960000046,
              96247.492900000885
            ],
            [
              184369.18800000288,
              96243.32520000264
            ],
            [
              184361.93330000341,
              96239.938699999824
            ],
            [
              184351.34670000058,
              96232.116699999198
            ],
            [
              184340.62380000018,
              96227.183299999684
            ],
            [
              184330.49200000148,
              96222.726800000295
            ],
            [
              184311.69319999963,
              96217.107400001958
            ],
            [
              184297.33390000276,
              96211.430400000885
            ],
            [
              184283.47440000158,
              96204.189700001851
            ],
            [
              184271.19260000065,
              96198.897399999201
            ],
            [
              184258.3339999998,
              96193.189999999478
            ],
            [
              184250.36060000025,
              96187.343100000173
            ],
            [
              184238.15410000179,
              96178.535800002515
            ],
            [
              184228.00430000108,
              96168.709199998528
            ],
            [
              184218.43429999892,
              96157.808700000867
            ],
            [
              184213.09509999957,
              96147.44849999994
            ],
            [
              184206.53949999996,
              96137.225600004196
            ],
            [
              184200.94900000188,
              96128.387499997392
            ]
          ]
        ]
      }
    }
  ]
}