{
  "displayFieldName" : "",
  "fieldAliases" : {
    "FID" : "FID",
    "PMNTN_SN" : "PMNTN_SN",
    "MNTN_CODE" : "MNTN_CODE",
    "MNTN_NM" : "MNTN_NM",
    "PMNTN_NM" : "PMNTN_NM",
    "PMNTN_MAIN" : "PMNTN_MAIN",
    "PMNTN_LT" : "PMNTN_LT",
    "PMNTN_DFFL" : "PMNTN_DFFL",
    "PMNTN_UPPL" : "PMNTN_UPPL",
    "PMNTN_GODN" : "PMNTN_GODN",
    "PMNTN_MTRQ" : "PMNTN_MTRQ",
    "PMNTN_CNRL" : "PMNTN_CNRL",
    "PMNTN_CLS_" : "PMNTN_CLS_",
    "PMNTN_RISK" : "PMNTN_RISK",
    "PMNTN_RECO" : "PMNTN_RECO",
    "DATA_STDR_" : "DATA_STDR_",
    "MNTN_ID" : "MNTN_ID"
  },
  "geometryType" : "esriGeometryPolyline",
  "spatialReference" : {
    "wkt" : "PROJCS[\"PCS_ITRF2000_TM\",GEOGCS[\"GCS_ITRF_2000\",DATUM[\"D_ITRF_2000\",SPHEROID[\"GRS_1980\",6378137.0,298.257222101]],PRIMEM[\"Greenwich\",0.0],UNIT[\"Degree\",0.0174532925199433]],PROJECTION[\"Transverse_Mercator\"],PARAMETER[\"False_Easting\",200000.0],PARAMETER[\"False_Northing\",600000.0],PARAMETER[\"Central_Meridian\",127.0],PARAMETER[\"Scale_Factor\",1.0],PARAMETER[\"Latitude_Of_Origin\",38.0],UNIT[\"Meter\",1.0]]"
  },
  "fields" : [
    {
      "name" : "FID",
      "type" : "esriFieldTypeOID",
      "alias" : "FID"
    },
    {
      "name" : "PMNTN_SN",
      "type" : "esriFieldTypeDouble",
      "alias" : "PMNTN_SN"
    },
    {
      "name" : "MNTN_CODE",
      "type" : "esriFieldTypeString",
      "alias" : "MNTN_CODE",
      "length" : 9
    },
    {
      "name" : "MNTN_NM",
      "type" : "esriFieldTypeString",
      "alias" : "MNTN_NM",
      "length" : 50
    },
    {
      "name" : "PMNTN_NM",
      "type" : "esriFieldTypeString",
      "alias" : "PMNTN_NM",
      "length" : 50
    },
    {
      "name" : "PMNTN_MAIN",
      "type" : "esriFieldTypeString",
      "alias" : "PMNTN_MAIN",
      "length" : 200
    },
    {
      "name" : "PMNTN_LT",
      "type" : "esriFieldTypeSingle",
      "alias" : "PMNTN_LT"
    },
    {
      "name" : "PMNTN_DFFL",
      "type" : "esriFieldTypeString",
      "alias" : "PMNTN_DFFL",
      "length" : 8
    },
    {
      "name" : "PMNTN_UPPL",
      "type" : "esriFieldTypeDouble",
      "alias" : "PMNTN_UPPL"
    },
    {
      "name" : "PMNTN_GODN",
      "type" : "esriFieldTypeDouble",
      "alias" : "PMNTN_GODN"
    },
    {
      "name" : "PMNTN_MTRQ",
      "type" : "esriFieldTypeString",
      "alias" : "PMNTN_MTRQ",
      "length" : 200
    },
    {
      "name" : "PMNTN_CNRL",
      "type" : "esriFieldTypeString",
      "alias" : "PMNTN_CNRL",
      "length" : 1
    },
    {
      "name" : "PMNTN_CLS_",
      "type" : "esriFieldTypeString",
      "alias" : "PMNTN_CLS_",
      "length" : 1
    },
    {
      "name" : "PMNTN_RISK",
      "type" : "esriFieldTypeString",
      "alias" : "PMNTN_RISK",
      "length" : 200
    },
    {
      "name" : "PMNTN_RECO",
      "type" : "esriFieldTypeString",
      "alias" : "PMNTN_RECO",
      "length" : 1
    },
    {
      "name" : "DATA_STDR_",
      "type" : "esriFieldTypeString",
      "alias" : "DATA_STDR_",
      "length" : 10
    },
    {
      "name" : "MNTN_ID",
      "type" : "esriFieldTypeString",
      "alias" : "MNTN_ID",
      "length" : 10
    }
  ],
  "features" : [
    {
      "attributes" : {
        "FID" : 0,
        "PMNTN_SN" : 1260,
        "MNTN_CODE" : "479200301",
        "MNTN_NM" : "감의산",
        "PMNTN_NM" : "도천리구간",
        "PMNTN_MAIN" : " ",
        "PMNTN_LT" : 2.26,
        "PMNTN_DFFL" : "쉬움",
        "PMNTN_UPPL" : 42,
        "PMNTN_GODN" : 30,
        "PMNTN_MTRQ" : "토반",
        "PMNTN_CNRL" : " ",
        "PMNTN_CLS_" : " ",
        "PMNTN_RISK" : " ",
        "PMNTN_RECO" : " ",
        "DATA_STDR_" : "2016-12-31",
        "MNTN_ID" : "479200301"
      },
      "geometry" : {
        "paths" : [
          [
            [
              371022.24830002338,
              478731.50060000457
            ],
            [
              371008.3140000226,
              478733.77490000241
            ],
            [
              371004.03350002225,
              478735.97269999981
            ],
            [
              371001.76520002354,
              478739.1398000028
            ],
            [
              370998.34290002007,
              478741.46450000815
            ],
            [
              370991.56580002606,
              478744.43029999919
            ],
            [
              370984.33530002274,
              478745.87920000218
            ],
            [
              370980.53580002021,
              478746.48120000586
            ],
            [
              370975.70390001964,
              478744.40270000696
            ],
            [
              370969.63080002088,
              478741.62060000002
            ],
            [
              370965.8709000228,
              478738.39740000293
            ],
            [
              370961.55220002308,
              478732.80420000479
            ],
            [
              370954.30690002162,
              478725.74960000068
            ],
            [
              370951.33570002392,
              478722.11730000377
            ],
            [
              370947.98400002159,
              478717.26249999925
            ],
            [
              370947.53400002141,
              478713.29059999995
            ],
            [
              370946.03220001794,
              478709.71600000374
            ],
            [
              370944.68250001967,
              478705.2451000046
            ],
            [
              370944.68230002653,
              478700.78700000234
            ],
            [
              370944.33530002274,
              478697.22470000573
            ],
            [
              370943.94760002103,
              478695.48079999909
            ],
            [
              370943.73890001979,
              478694.54160000384
            ],
            [
              370943.49990002066,
              478689.53140000068
            ],
            [
              370943.44960002042,
              478688.47680000402
            ],
            [
              370943.00100002345,
              478682.90220000409
            ],
            [
              370942.52350002341,
              478678.6498000063
            ],
            [
              370942.37580002286,
              478673.83380000666
            ],
            [
              370942.42080002185,
              478667.13360000215
            ],
            [
              370942.44400002342,
              478656.70739999786
            ],
            [
              370942.50420002453,
              478647.81210000068
            ],
            [
              370943.12210001983,
              478643.15210000612
            ],
            [
              370942.42730001919,
              478640.70170000568
            ],
            [
              370939.90690002125,
              478639.16070000455
            ],
            [
              370936.7086000219,
              478640.91920000501
            ],
            [
              370934.04240002204,
              478642.57600000501
            ],
            [
              370931.08090002369,
              478646.41249999963
            ],
            [
              370929.6221000189,
              478651.52889999934
            ],
            [
              370928.36820002273,
              478652.54609999992
            ],
            [
              370926.30620002374,
              478656.19960000739
            ],
            [
              370923.99730002414,
              478658.00529999845
            ],
            [
              370923.03670002334,
              478660.42450000718
            ],
            [
              370921.26460001897,
              478663.44899999909
            ],
            [
              370919.39500002284,
              478667.17340000346
            ],
            [
              370917.03630002216,
              478668.47550000809
            ],
            [
              370915.20300002303,
              478672.65480000339
            ],
            [
              370912.55710002221,
              478675.33160000108
            ],
            [
              370911.88140002266,
              478678.81070000678
            ],
            [
              370910.19210002106,
              478682.4383000005
            ],
            [
              370908.07160002179,
              478685.09600000083
            ],
            [
              370907.08660002239,
              478687.9596000053
            ],
            [
              370906.94030001946,
              478689.12990000285
            ],
            [
              370904.22560002282,
              478694.38960000314
            ],
            [
              370900.09820002224,
              478700.38420000114
            ],
            [
              370892.11640002206,
              478708.4606000036
            ],
            [
              370888.26740002073,
              478709.90030000731
            ],
            [
              370884.21030002274,
              478711.28010000661
            ],
            [
              370879.87470002193,
              478713.87340000086
            ],
            [
              370878.04420002084,
              478716.79620000347
            ],
            [
              370876.2466000244,
              478720.68770000339
            ],
            [
              370876.06880002003,
              478726.566300001
            ],
            [
              370874.84480002336,
              478731.19040000811
            ],
            [
              370872.94020002149,
              478738.86360000074
            ],
            [
              370871.64030002058,
              478743.08120000549
            ],
            [
              370870.1655000234,
              478748.39380000718
            ],
            [
              370868.06210002583,
              478752.97699999809
            ],
            [
              370866.28870002087,
              478759.0499000065
            ],
            [
              370866.10320002306,
              478760.92880000547
            ],
            [
              370865.21200002171,
              478764.25580000319
            ],
            [
              370863.04230002128,
              478768.43770000339
            ],
            [
              370862.05300002173,
              478771.91349999979
            ],
            [
              370856.90940002259,
              478779.89190000668
            ],
            [
              370853.96150002349,
              478785.8945000004
            ],
            [
              370851.35800002329,
              478796.0503999982
            ],
            [
              370848.44900002144,
              478807.54280000553
            ],
            [
              370849.93040002137,
              478809.99060000107
            ],
            [
              370848.95990001969,
              478814.70460000075
            ],
            [
              370847.33670002129,
              478818.75220000558
            ],
            [
              370845.01070002094,
              478822.07990000024
            ],
            [
              370840.18090002239,
              478823.36390000395
            ],
            [
              370836.44180002343,
              478826.28270000778
            ],
            [
              370831.01420002151,
              478830.36640000157
            ],
            [
              370825.11780002341,
              478835.60640000552
            ],
            [
              370810.31060002372,
              478841.92310000397
            ],
            [
              370803.31750002317,
              478845.97260000557
            ],
            [
              370799.01470001973,
              478853.1699000001
            ],
            [
              370800.57790002134,
              478861.86630000174
            ],
            [
              370802.56930002011,
              478875.01450000145
            ],
            [
              370802.14830002282,
              478886.06610000506
            ],
            [
              370800.21860002261,
              478894.59439999983
            ],
            [
              370799.10190002341,
              478898.72780000605
            ],
            [
              370798.0296000205,
              478900.83229999989
            ],
            [
              370794.03190002218,
              478906.77840000764
            ],
            [
              370789.37130001932,
              478909.10510000214
            ],
            [
              370783.46700002253,
              478909.04240000807
            ],
            [
              370779.99280002248,
              478905.96650000662
            ],
            [
              370778.93790001795,
              478903.78260000236
            ],
            [
              370778.48560002353,
              478902.84630000405
            ],
            [
              370776.55890002288,
              478900.14579999819
            ],
            [
              370773.89870002214,
              478896.74180000275
            ],
            [
              370772.17110002041,
              478895.78200000525
            ],
            [
              370769.51830002014,
              478894.38400000334
            ],
            [
              370764.78810002282,
              478892.39610000513
            ],
            [
              370760.70960002393,
              478889.41280000284
            ],
            [
              370757.91320002358,
              478883.11170000583
            ],
            [
              370756.74210002366,
              478879.95350000262
            ],
            [
              370756.44820002001,
              478875.28290000372
            ],
            [
              370754.9016000228,
              478870.40279999934
            ],
            [
              370752.69590001926,
              478865.21180000342
            ],
            [
              370749.99200002104,
              478861.75110000372
            ],
            [
              370748.89630002063,
              478856.00520000421
            ],
            [
              370749.52130002342,
              478851.10779999942
            ],
            [
              370749.29790002108,
              478846.0547000058
            ],
            [
              370747.48490002099,
              478842.15590000153
            ],
            [
              370747.06660002097,
              478839.15990000591
            ],
            [
              370748.26900001988,
              478836.61530000158
            ],
            [
              370750.57600001991,
              478833.77640000731
            ],
            [
              370752.2430000212,
              478831.1759000048
            ],
            [
              370753.25840002298,
              478830.27300000004
            ],
            [
              370755.80520002171,
              478828.00860000774
            ],
            [
              370757.6889000237,
              478823.91400000639
            ],
            [
              370761.29270002432,
              478819.4166000057
            ],
            [
              370764.71240002103,
              478815.90210000239
            ],
            [
              370768.9407000225,
              478813.43690000661
            ],
            [
              370769.54110002145,
              478807.36210000329
            ],
            [
              370772.1098000193,
              478800.80560000427
            ],
            [
              370773.32650002185,
              478798.28920000046
            ],
            [
              370773.66010002233,
              478794.33110000379
            ],
            [
              370774.86190002039,
              478789.20840000547
            ],
            [
              370773.97850002162,
              478786.9439000003
            ],
            [
              370771.18030002061,
              478780.82330000028
            ],
            [
              370770.52560002357,
              478778.09200000204
            ],
            [
              370770.0146000227,
              478775.960200008
            ],
            [
              370767.1338000223,
              478769.39660000615
            ],
            [
              370767.14140001964,
              478764.17560000531
            ],
            [
              370768.2748000212,
              478759.10730000213
            ],
            [
              370769.43000002112,
              478752.9506000001
            ],
            [
              370770.51000001933,
              478750.54309999943
            ],
            [
              370771.14420002326,
              478749.17410000414
            ],
            [
              370773.07310002204,
              478745.01040000655
            ],
            [
              370773.57620002143,
              478740.05980000645
            ],
            [
              370772.08240001928,
              478735.89740000293
            ],
            [
              370771.64150002133,
              478731.79340000637
            ],
            [
              370771.35960002244,
              478726.08210000582
            ],
            [
              370769.70600001793,
              478720.40120000578
            ],
            [
              370771.08810002264,
              478714.68790000677
            ],
            [
              370769.90430002194,
              478707.73699999973
            ],
            [
              370772.08950002119,
              478704.27210000157
            ],
            [
              370771.85910002235,
              478698.24580000341
            ],
            [
              370774.0406000223,
              478694.59460000694
            ],
            [
              370774.33400002122,
              478692.27510000207
            ],
            [
              370774.65370002203,
              478689.74870000221
            ],
            [
              370776.65340002347,
              478686.58720000647
            ],
            [
              370777.45270002168,
              478684.75110000744
            ],
            [
              370777.54470001999,
              478680.17390000075
            ],
            [
              370778.09800002072,
              478674.58210000582
            ],
            [
              370777.18330002017,
              478669.12850000523
            ],
            [
              370776.80940002017,
              478666.53360000253
            ],
            [
              370775.58600002155,
              478662.12690000422
            ],
            [
              370775.40110002179,
              478661.46079999954
            ],
            [
              370774.51540002134,
              478656.79880000651
            ],
            [
              370774.83130002301,
              478652.98000000231
            ],
            [
              370778.13550001942,
              478644.04640000314
            ],
            [
              370777.11110002361,
              478641.08480000123
            ],
            [
              370777.37180002406,
              478637.03210000321
            ],
            [
              370778.3653000202,
              478634.09230000712
            ],
            [
              370778.77170002367,
              478630.61040000431
            ],
            [
              370777.7738000229,
              478627.80749999732
            ],
            [
              370777.85830002371,
              478624.47190000676
            ],
            [
              370777.88220002037,
              478623.52850000374
            ],
            [
              370778.0416000206,
              478619.68780000508
            ],
            [
              370777.11490002275,
              478616.6909000054
            ],
            [
              370776.39380002022,
              478614.62889999896
            ],
            [
              370776.78460002039,
              478611.54680000246
            ],
            [
              370778.02750002407,
              478608.8448000066
            ],
            [
              370779.69130002148,
              478607.1471000053
            ],
            [
              370777.88900002372,
              478604.94230000302
            ],
            [
              370777.34430002421,
              478603.77740000002
            ],
            [
              370776.65040002111,
              478603.33530000597
            ],
            [
              370775.99430002272,
              478602.50310000405
            ],
            [
              370775.71920002345,
              478602.49620000832
            ],
            [
              370774.16370002087,
              478602.45700000226
            ],
            [
              370773.6582000237,
              478600.08290000074
            ],
            [
              370772.59540002234,
              478597.91160000488
            ],
            [
              370772.29070002306,
              478594.47110000625
            ],
            [
              370773.74170002248,
              478592.20140000805
            ],
            [
              370773.90780002158,
              478588.77050000057
            ],
            [
              370773.02910002042,
              478585.61630000733
            ],
            [
              370772.49370002467,
              478583.61390000395
            ],
            [
              370771.31160002109,
              478580.31400000677
            ],
            [
              370771.13460002374,
              478579.81720000133
            ],
            [
              370770.2411000235,
              478578.15190000646
            ],
            [
              370771.13610002305,
              478576.02000000514
            ],
            [
              370769.9577000225,
              478573.27870000154
            ],
            [
              370768.95290002041,
              478570.82000000589
            ],
            [
              370769.12230002228,
              478568.33840000071
            ],
            [
              370769.21570002008,
              478568.02090000734
            ],
            [
              370769.72410002071,
              478566.29360000603
            ],
            [
              370769.93090002239,
              478564.18500000052
            ],
            [
              370769.64150001947,
              478563.48670000397
            ],
            [
              370769.54590002168,
              478563.25589999929
            ],
            [
              370769.73880002368,
              478562.45080000721
            ],
            [
              370769.84780002106,
              478561.99620000646
            ],
            [
              370769.90380002372,
              478560.69430000521
            ],
            [
              370769.9727000203,
              478558.75060000084
            ],
            [
              370769.82270002272,
              478557.65860000066
            ],
            [
              370769.38080002088,
              478557.41630000062
            ],
            [
              370769.22370002139,
              478557.33010000177
            ],
            [
              370768.65730002336,
              478555.75520000421
            ],
            [
              370768.767200022,
              478553.57010000199
            ],
            [
              370768.40980002098,
              478551.32940000482
            ],
            [
              370767.2588000223,
              478549.45419999957
            ],
            [
              370766.41260002274,
              478549.14860000089
            ],
            [
              370764.98870002292,
              478547.0911000073
            ],
            [
              370764.18840002175,
              478544.87860000506
            ],
            [
              370763.32400002144,
              478542.84710000083
            ],
            [
              370762.19710002374,
              478540.54800000787
            ],
            [
              370761.57090002112,
              478540.08870000206
            ],
            [
              370760.24160002265,
              478537.78180000558
            ],
            [
              370761.94150001928,
              478535.77770000137
            ],
            [
              370765.72570002079,
              478535.33249999955
            ],
            [
              370767.58480002265,
              478532.64240000769
            ],
            [
              370769.53010002244,
              478530.53199999966
            ],
            [
              370769.62890001945,
              478529.68450000137
            ],
            [
              370769.8551000217,
              478527.7463000007
            ],
            [
              370771.0808000192,
              478526.64480000548
            ],
            [
              370772.71680001915,
              478525.21639999934
            ],
            [
              370773.77790002245,
              478523.74860000424
            ],
            [
              370774.35700002033,
              478523.54240000248
            ],
            [
              370775.50980002154,
              478523.13190000504
            ],
            [
              370776.51760002412,
              478521.33720000461
            ],
            [
              370777.25160001963,
              478519.40680000372
            ],
            [
              370779.11710002273,
              478518.09470000118
            ],
            [
              370780.93100002315,
              478517.10730000213
            ],
            [
              370783.26850002352,
              478516.1118000038
            ],
            [
              370784.25850002095,
              478514.83810000122
            ],
            [
              370784.56500002276,
              478513.71120000444
            ],
            [
              370784.8074000217,
              478512.82019999996
            ],
            [
              370784.83090002369,
              478511.64800000377
            ],
            [
              370786.61500002258,
              478509.91540000401
            ],
            [
              370788.07290002052,
              478509.16290000081
            ],
            [
              370789.18910002429,
              478508.31039999984
            ],
            [
              370791.01180001907,
              478506.88580000587
            ],
            [
              370792.01770002395,
              478505.70230000094
            ],
            [
              370794.96920001972,
              478503.40070000663
            ],
            [
              370797.13880002219,
              478497.37550000288
            ],
            [
              370797.7021000227,
              478496.12160000205
            ],
            [
              370798.05700002238,
              478494.82569999993
            ],
            [
              370798.16740002297,
              478493.79480000027
            ],
            [
              370798.12440002337,
              478495.19000000507
            ],
            [
              370798.40060002264,
              478494.09730000049
            ],
            [
              370799.5545000229,
              478491.35630000755
            ],
            [
              370799.40450002067,
              478489.89220000245
            ],
            [
              370799.61010002065,
              478487.84860000759
            ],
            [
              370799.77070002072,
              478486.17660000362
            ],
            [
              370799.69900002144,
              478486.00280000269
            ],
            [
              370801.63290002476,
              478486.51180000789
            ],
            [
              370803.27790002339,
              478485.38150000572
            ],
            [
              370804.88850002084,
              478483.35700000264
            ],
            [
              370806.25520002283,
              478482.30480000563
            ],
            [
              370807.07430002373,
              478481.35340000689
            ],
            [
              370807.29560002219,
              478480.38060000539
            ],
            [
              370807.25110002328,
              478480.05480000004
            ],
            [
              370807.06750002317,
              478478.71000000276
            ],
            [
              370808.41820001975,
              478478.0856000036
            ],
            [
              370809.27610002272,
              478476.68810000084
            ],
            [
              370810.88370002061,
              478475.18480000459
            ],
            [
              370813.03920002095,
              478473.94370000251
            ],
            [
              370815.33760001976,
              478473.78510000557
            ],
            [
              370816.40550002176,
              478473.39200000092
            ],
            [
              370816.59070002101,
              478469.76660000533
            ],
            [
              370818.35690002143,
              478469.08210000396
            ],
            [
              370819.83060002513,
              478467.08110000193
            ],
            [
              370820.67630002368,
              478466.28840000182
            ],
            [
              370823.21520002373,
              478465.31560000777
            ],
            [
              370825.42380002141,
              478464.41060000472
            ],
            [
              370825.83520002104,
              478462.16660000384
            ],
            [
              370826.43430002034,
              478460.56340000033
            ],
            [
              370827.19650002196,
              478457.66140000336
            ],
            [
              370828.0404000245,
              478456.58940000832
            ],
            [
              370828.66580002289,
              478456.10770000517
            ],
            [
              370830.00720002316,
              478455.07459999993
            ],
            [
              370831.04130002018,
              478453.82960000075
            ],
            [
              370832.19710002374,
              478452.49410000257
            ],
            [
              370834.06320002116,
              478450.4002000019
            ],
            [
              370836.85150002223,
              478448.92049999908
            ],
            [
              370838.18490002304,
              478448.04440000094
            ],
            [
              370840.09700002428,
              478446.26800000295
            ],
            [
              370841.28960002121,
              478445.32400000468
            ],
            [
              370843.15160002373,
              478444.56100000814
            ],
            [
              370844.53080002312,
              478442.88550000079
            ],
            [
              370845.7245000219,
              478441.89500000142
            ],
            [
              370847.28140002117,
              478440.67910000123
            ],
            [
              370848.61330001988,
              478439.50520000048
            ],
            [
              370849.53380001988,
              478438.71400000528
            ],
            [
              370851.01280002482,
              478437.65480000339
            ],
            [
              370851.65300002135,
              478437.04420000501
            ],
            [
              370852.01340002194,
              478436.59530000016
            ],
            [
              370852.16700002085,
              478436.39360000193
            ],
            [
              370852.16980002262,
              478434.02040000446
            ],
            [
              370853.44400002342,
              478433.48750000447
            ],
            [
              370856.62780002132,
              478431.29920000024
            ],
            [
              370860.689900022,
              478428.18840000033
            ],
            [
              370861.68170002103,
              478426.07709999941
            ],
            [
              370865.00400002114,
              478421.83460000716
            ],
            [
              370869.19680002052,
              478419.65720000491
            ],
            [
              370874.90150002204,
              478416.65400000103
            ],
            [
              370877.02470002137,
              478415.16100000776
            ],
            [
              370878.87690002192,
              478411.90340000205
            ],
            [
              370882.05590002239,
              478407.72330000624
            ],
            [
              370882.48430002388,
              478403.88800000027
            ],
            [
              370883.35890002362,
              478402.00229999982
            ],
            [
              370884.00120002124,
              478397.75380000472
            ],
            [
              370887.25350002106,
              478393.54720000736
            ],
            [
              370891.2068000203,
              478389.33479999937
            ],
            [
              370893.82370002288,
              478381.53220000491
            ],
            [
              370894.92920002248,
              478379.01980000548
            ],
            [
              370896.1627000235,
              478375.90870000608
            ],
            [
              370896.87920002081,
              478372.30760000274
            ],
            [
              370897.09300002269,
              478366.13220000081
            ],
            [
              370897.66360002197,
              478365.40110000223
            ],
            [
              370897.85050002113,
              478365.05920000374
            ],
            [
              370900.10840002261,
              478360.92690000683
            ],
            [
              370900.7162000211,
              478358.58450000174
            ],
            [
              370904.58340001944,
              478355.52160000242
            ],
            [
              370905.4035000205,
              478354.8720000051
            ],
            [
              370907.23010001983,
              478351.77220000513
            ],
            [
              370909.39020002261,
              478348.8188000042
            ],
            [
              370911.82080002222,
              478345.05180000328
            ],
            [
              370912.97110002302,
              478342.49680000544
            ],
            [
              370914.23330002185,
              478340.32570000365
            ],
            [
              370916.81020002346,
              478337.83660000004
            ],
            [
              370918.4763000235,
              478333.04900000617
            ],
            [
              370919.7029000232,
              478328.93200000748
            ],
            [
              370920.4073000215,
              478326.24710000679
            ],
            [
              370923.91340002045,
              478322.5295000039
            ],
            [
              370928.47960002162,
              478320.75060000457
            ],
            [
              370929.90400002245,
              478318.69440000132
            ],
            [
              370931.26870002039,
              478314.30370000191
            ],
            [
              370937.2730000224,
              478310.00840000808
            ],
            [
              370942.32170002162,
              478307.5335000027
            ],
            [
              370947.14430002216,
              478310.10610000789
            ],
            [
              370951.52880002372,
              478311.04120000266
            ],
            [
              370951.55060002021,
              478310.88140000775
            ],
            [
              370951.81830002367,
              478308.91569999978
            ],
            [
              370951.97990002204,
              478306.4525000006
            ],
            [
              370953.09270001948,
              478303.16150000505
            ],
            [
              370956.69090002123,
              478300.06950000301
            ],
            [
              370956.84250002168,
              478299.86590000056
            ],
            [
              370958.34290002007,
              478297.85040000826
            ],
            [
              370959.36690002307,
              478297.64720000513
            ],
            [
              370960.04670002311,
              478297.51229999959
            ],
            [
              370963.43530001864,
              478294.07160000317
            ],
            [
              370962.99890002236,
              478291.97810000367
            ],
            [
              370963.22380002029,
              478290.08400000073
            ],
            [
              370965.48970002308,
              478288.19360000081
            ],
            [
              370967.43460002262,
              478287.02280000225
            ],
            [
              370971.04480002169,
              478285.19670000486
            ],
            [
              370974.2728000218,
              478282.30190000497
            ],
            [
              370980.1264000237,
              478283.79700000025
            ],
            [
              370980.6070000222,
              478281.08900000528
            ],
            [
              370982.25520002283,
              478279.05590000004
            ],
            [
              370982.25890002213,
              478279.04590000026
            ],
            [
              370983.75690002553,
              478275.00970000401
            ],
            [
              370988.84860002156,
              478270.89590000175
            ],
            [
              370994.69940002263,
              478269.18000000529
            ],
            [
              371002.10960002337,
              478262.04150000028
            ],
            [
              371010.10250002425,
              478258.27460000105
            ],
            [
              371010.66400002129,
              478255.63340000622
            ],
            [
              371012.04400002211,
              478252.80389999971
            ],
            [
              371016.1582000209,
              478251.20199999958
            ],
            [
              371020.71620002296,
              478249.46010000072
            ],
            [
              371025.12670002226,
              478247.99450000562
            ],
            [
              371030.16710002348,
              478246.43000000343
            ],
            [
              371031.80750002433,
              478244.78760000132
            ],
            [
              371034.84960002266,
              478241.84259999916
            ],
            [
              371041.49230002053,
              478237.55530000292
            ],
            [
              371044.53070002049,
              478236.28540000319
            ],
            [
              371049.58690002374,
              478233.93940000609
            ],
            [
              371052.49750002194,
              478233.07650000602
            ],
            [
              371052.84260002244,
              478233.01830000244
            ],
            [
              371053.90010001976,
              478233.96090000123
            ],
            [
              371054.79540002253,
              478232.93660000525
            ],
            [
              371057.6376000233,
              478233.24499999918
            ],
            [
              371062.54500002228,
              478231.6033000052
            ],
            [
              371064.84250002354,
              478229.25749999844
            ],
            [
              371068.19980002381,
              478227.37060000561
            ],
            [
              371070.69860002305,
              478226.06460000016
            ],
            [
              371071.69800002221,
              478225.54230000451
            ],
            [
              371075.30410002358,
              478223.92090000212
            ],
            [
              371077.32640002202,
              478221.87680000253
            ],
            [
              371082.53250002116,
              478218.02600000612
            ],
            [
              371084.02300002519,
              478215.65469999984
            ],
            [
              371085.65390002262,
              478212.99780000001
            ],
            [
              371087.24000002071,
              478209.59540000558
            ],
            [
              371089.97940002289,
              478208.6919000037
            ],
            [
              371092.11690002214,
              478206.50109999813
            ],
            [
              371096.30490002036,
              478202.34140000679
            ],
            [
              371095.82660002355,
              478202.33170000836
            ],
            [
              371095.5882000234,
              478201.54510000162
            ],
            [
              371098.28780002613,
              478202.25090000592
            ],
            [
              371097.41550002061,
              478199.1620000042
            ],
            [
              371098.45180002227,
              478194.4735000059
            ],
            [
              371098.19630002324,
              478193.01720000617
            ],
            [
              371097.73420002032,
              478190.38260000572
            ],
            [
              371098.92540002242,
              478187.27940000221
            ],
            [
              371100.22720002104,
              478185.37890000269
            ],
            [
              371101.34220002592,
              478183.0932
            ],
            [
              371102.54010002129,
              478177.80290000141
            ],
            [
              371103.30760002322,
              478174.21650000475
            ],
            [
              371103.46240002103,
              478169.83800000139
            ],
            [
              371103.48090002313,
              478169.31520000473
            ],
            [
              371103.97610002197,
              478167.37070000358
            ],
            [
              371104.78600002173,
              478166.1305000037
            ],
            [
              371106.18440001737,
              478163.13380000554
            ],
            [
              371108.78390002251,
              478160.6452000048
            ],
            [
              371109.39720002282,
              478155.79930000007
            ],
            [
              371110.31190001871,
              478153.97770000435
            ],
            [
              371111.41430002358,
              478151.78200000338
            ],
            [
              371112.15440002177,
              478146.9571999982
            ],
            [
              371112.4512000205,
              478144.64200000465
            ],
            [
              371112.68640002329,
              478142.8076000046
            ],
            [
              371113.94710002374,
              478138.11420000345
            ],
            [
              371117.61670002248,
              478132.96680000424
            ],
            [
              371120.44240002148,
              478126.2946000006
            ],
            [
              371122.89660002012,
              478119.87560000829
            ],
            [
              371126.69110002182,
              478113.7255000025
            ],
            [
              371129.46380002238,
              478110.05840000324
            ],
            [
              371132.52090002317,
              478108.60290000215
            ],
            [
              371136.40660002083,
              478108.32729999907
            ],
            [
              371138.57480002008,
              478107.57980000228
            ],
            [
              371140.61580002215,
              478109.43580000475
            ],
            [
              371142.86730002239,
              478110.86790000089
            ],
            [
              371146.83600002341,
              478112.40890000015
            ],
            [
              371150.74610002339,
              478112.77610000595
            ],
            [
              371152.30410002358,
              478113.37509999983
            ],
            [
              371155.96360002086,
              478114.30509999953
            ],
            [
              371157.16210002266,
              478115.30640000291
            ],
            [
              371161.03540002275,
              478117.13410000689
            ],
            [
              371165.00690002088,
              478119.28020000271
            ],
            [
              371170.76760002319,
              478120.1965000052
            ],
            [
              371175.02390002366,
              478120.82200000063
            ],
            [
              371181.26190002169,
              478119.18840000406
            ],
            [
              371186.53640002292,
              478117.51690000296
            ],
            [
              371193.11470001936,
              478116.43940000236
            ],
            [
              371200.53260002192,
              478115.24840000272
            ],
            [
              371207.16110002343,
              478116.88030000217
            ],
            [
              371209.58710002061,
              478118.22380000167
            ],
            [
              371210.91860002372,
              478118.51020000502
            ],
            [
              371214.18150002509,
              478119.46000000648
            ],
            [
              371215.8474000264,
              478121.38290000334
            ],
            [
              371219.881400018,
              478122.28319999948
            ],
            [
              371221.74150002282,
              478124.95450000465
            ],
            [
              371225.17520002276,
              478126.33590000123
            ],
            [
              371228.68560002372,
              478128.36100000702
            ],
            [
              371236.09060002211,
              478128.55660000443
            ],
            [
              371239.99080002308,
              478129.7893000003
            ],
            [
              371243.0928000221,
              478131.30350000225
            ],
            [
              371248.3484000219,
              478132.42390000634
            ],
            [
              371252.16040002089,
              478133.20790000446
            ],
            [
              371257.50910002459,
              478133.79030000605
            ],
            [
              371264.34190001804,
              478131.58240000159
            ],
            [
              371269.37750002276,
              478130.6322000064
            ],
            [
              371274.05540002044,
              478130.37270000391
            ],
            [
              371279.89780002274,
              478130.19240000099
            ],
            [
              371285.70540002361,
              478128.41070000641
            ],
            [
              371290.30390002113,
              478129.48990000226
            ],
            [
              371294.86880002171,
              478127.4132000003
            ],
            [
              371301.61380002182,
              478125.85520000383
            ],
            [
              371308.07670002151,
              478126.79509999976
            ],
            [
              371314.28130002134,
              478127.1992000062
            ],
            [
              371320.41820002068,
              478126.84760000557
            ],
            [
              371326.56900002155,
              478127.16230000556
            ],
            [
              371332.00630002283,
              478129.41750000603
            ],
            [
              371333.86900002137,
              478133.13139999844
            ],
            [
              371339.1946000224,
              478134.85820000246
            ],
            [
              371344.0726000201,
              478135.79410000145
            ],
            [
              371350.03890002239,
              478135.41160000116
            ],
            [
              371353.35980002023,
              478137.19099999778
            ],
            [
              371358.27860002033,
              478140.18470000476
            ],
            [
              371361.02960002329,
              478141.31040000357
            ],
            [
              371365.5154000232,
              478143.90430000052
            ],
            [
              371370.7728000246,
              478145.67630000226
            ],
            [
              371373.0285000233,
              478146.55730000325
            ],
            [
              371375.44600002375,
              478147.5015000049
            ],
            [
              371378.04030002374,
              478148.98700000159
            ],
            [
              371383.86750002205,
              478148.08070000634
            ],
            [
              371387.39760002308,
              478143.56350000203
            ],
            [
              371389.80710002128,
              478142.43329999968
            ],
            [
              371392.46280001756,
              478140.21540000476
            ],
            [
              371397.68310002144,
              478138.44700000063
            ],
            [
              371402.93420002237,
              478133.4897999987
            ],
            [
              371409.05140002351,
              478131.91900000162
            ],
            [
              371414.59230002202,
              478130.75560000353
            ],
            [
              371418.94110002369,
              478128.64680000395
            ],
            [
              371422.47250002343,
              478126.74740000069
            ],
            [
              371423.37760002166,
              478126.26050000079
            ],
            [
              371423.55370002519,
              478126.33070000634
            ],
            [
              371424.70520002302,
              478126.78980000131
            ],
            [
              371425.4167000223,
              478125.6128000021
            ],
            [
              371426.84420002624,
              478126.37690000236
            ],
            [
              371430.52920002025,
              478121.97910000011
            ],
            [
              371431.2654000232,
              478120.67700000107
            ],
            [
              371433.57010002434,
              478118.35009999946
            ],
            [
              371433.32900002319,
              478115.47870000452
            ],
            [
              371433.30470002443,
              478112.9745000042
            ],
            [
              371434.2468000222,
              478109.62440000474
            ],
            [
              371432.54420002364,
              478105.97839999944
            ],
            [
              371434.18750002328,
              478104.33670000546
            ],
            [
              371435.70490002166,
              478103.30629999936
            ],
            [
              371441.14620002359,
              478105.23090000823
            ],
            [
              371445.58130002301,
              478102.183699999
            ],
            [
              371447.74570002314,
              478095.68439999968
            ],
            [
              371448.83610002324,
              478091.05430000648
            ],
            [
              371449.85520002246,
              478086.72699999996
            ],
            [
              371452.71950002201,
              478077.77539999969
            ],
            [
              371456.33460002206,
              478073.12029999867
            ],
            [
              371460.02050002292,
              478068.6620000042
            ],
            [
              371462.96010002214,
              478064.51439999975
            ],
            [
              371465.99620002136,
              478060.39670000598
            ],
            [
              371466.50920002256,
              478059.48340000026
            ],
            [
              371469.1135000214,
              478054.84740000218
            ],
            [
              371472.36140002217,
              478051.72050000168
            ],
            [
              371472.51900002267,
              478048.72680000402
            ],
            [
              371472.35030002054,
              478047.820600003
            ],
            [
              371474.09380002227,
              478044.77510000579
            ],
            [
              371475.11380001996,
              478040.16999999993
            ],
            [
              371476.61920002289,
              478034.83950000443
            ],
            [
              371476.98410002235,
              478032.68759999797
            ],
            [
              371479.28120001964,
              478029.99760000035
            ],
            [
              371479.81850002147,
              478026.34139999934
            ],
            [
              371480.73430002015,
              478023.18620000407
            ],
            [
              371481.09140002262,
              478018.45600000024
            ],
            [
              371481.58010002319,
              478013.86810000055
            ],
            [
              371479.46370002255,
              478009.45109999739
            ],
            [
              371480.52210002299,
              478005.89860000275
            ],
            [
              371480.9789000228,
              478003.26449999958
            ],
            [
              371483.15280002262,
              478001.12120000273
            ],
            [
              371483.99720002338,
              477998.17850000411
            ],
            [
              371484.02080002427,
              477997.69750000164
            ],
            [
              371484.21270002238,
              477993.79000000097
            ],
            [
              371485.99560002238,
              477989.90760000236
            ],
            [
              371487.47520002443,
              477988.829800006
            ],
            [
              371487.33180002216,
              477985.93250000104
            ],
            [
              371486.26830002293,
              477982.7405000031
            ],
            [
              371488.72370002046,
              477978.07740000263
            ],
            [
              371489.42320002243,
              477973.79160000011
            ],
            [
              371490.80820002314,
              477971.1018000003
            ],
            [
              371492.16300001927,
              477967.3133000005
            ],
            [
              371490.30680002272,
              477964.07420000434
            ],
            [
              371488.73550002277,
              477960.80360000581
            ],
            [
              371487.36960002221,
              477957.72330000252
            ],
            [
              371486.01190001983,
              477954.6060000062
            ],
            [
              371483.66180002224,
              477952.13869999908
            ],
            [
              371482.83740002289,
              477948.52960000373
            ],
            [
              371482.61870002467,
              477946.39389999956
            ],
            [
              371481.71140002366,
              477942.44800000638
            ],
            [
              371481.78090002388,
              477940.61450000107
            ],
            [
              371481.8550000228,
              477938.6629000064
            ],
            [
              371481.11980002373,
              477936.56320000067
            ],
            [
              371480.94340002071,
              477933.81420000456
            ],
            [
              371479.34130002372,
              477931.69700000435
            ],
            [
              371478.68290002365,
              477928.75200000219
            ],
            [
              371476.61350002233,
              477926.44869999774
            ],
            [
              371476.34810002055,
              477926.27190000378
            ],
            [
              371473.5445000222,
              477924.40440000594
            ],
            [
              371471.94880002271,
              477921.59880000539
            ],
            [
              371472.67920002155,
              477919.11910000071
            ],
            [
              371476.49920002278,
              477916.17130000703
            ],
            [
              371476.6339000212,
              477914.31260000728
            ],
            [
              371471.92610002216,
              477911.60239999928
            ],
            [
              371470.04000002239,
              477909.47950000316
            ],
            [
              371469.58390002046,
              477903.91410000436
            ],
            [
              371471.14020002075,
              477901.62800000235
            ],
            [
              371470.55150002241,
              477899.3078999985
            ],
            [
              371468.05790002085,
              477899.13670000806
            ],
            [
              371463.59810002334,
              477898.95380000584
            ],
            [
              371461.25610002317,
              477899.04610000364
            ],
            [
              371459.91130002216,
              477898.25589999929
            ],
            [
              371460.44940002263,
              477896.41459999979
            ],
            [
              371461.95310002193,
              477893.40139999986
            ],
            [
              371462.29270002153,
              477892.73070000112
            ],
            [
              371464.09430002328,
              477889.17260000296
            ],
            [
              371465.27610002272,
              477885.80870000832
            ],
            [
              371463.14180002082,
              477883.7553000059
            ],
            [
              371463.22720002197,
              477882.1190000046
            ],
            [
              371463.18710002396,
              477881.84880000167
            ],
            [
              371462.93100002315,
              477880.12130000815
            ],
            [
              371463.2905000234,
              477877.49460000545
            ],
            [
              371463.8737000227,
              477875.63559999876
            ],
            [
              371464.83100002259,
              477873.76560000144
            ],
            [
              371464.08640002459,
              477871.75890000723
            ],
            [
              371461.65690002311,
              477868.40590000711
            ],
            [
              371462.66330002435,
              477863.72600000165
            ],
            [
              371468.2532000225,
              477861.60330000147
            ],
            [
              371473.01090002526,
              477861.68250000104
            ],
            [
              371476.05280002207,
              477856.34549999796
            ],
            [
              371476.08300002292,
              477852.25100000016
            ],
            [
              371475.15810002107,
              477846.20370000415
            ],
            [
              371474.41140002199,
              477842.44730000198
            ],
            [
              371474.86520001758,
              477837.36540000699
            ],
            [
              371475.8525000196,
              477833.27160000056
            ],
            [
              371484.72040002234,
              477821.07430000603
            ],
            [
              371488.7448000228,
              477816.59060000442
            ],
            [
              371489.84590002336,
              477813.09659999982
            ],
            [
              371491.26090002339,
              477809.29780000634
            ],
            [
              371495.42750002351,
              477805.92480000108
            ]
          ]
        ]
      }
    }
  ]
}