{
  "displayFieldName" : "",
  "fieldAliases" : {
    "FID" : "FID",
    "PMNTN_SN" : "PMNTN_SN",
    "MNTN_CODE" : "MNTN_CODE",
    "MNTN_NM" : "MNTN_NM",
    "PMNTN_NM" : "PMNTN_NM",
    "PMNTN_MAIN" : "PMNTN_MAIN",
    "PMNTN_LT" : "PMNTN_LT",
    "PMNTN_DFFL" : "PMNTN_DFFL",
    "PMNTN_UPPL" : "PMNTN_UPPL",
    "PMNTN_GODN" : "PMNTN_GODN",
    "PMNTN_MTRQ" : "PMNTN_MTRQ",
    "PMNTN_CNRL" : "PMNTN_CNRL",
    "PMNTN_CLS_" : "PMNTN_CLS_",
    "PMNTN_RISK" : "PMNTN_RISK",
    "PMNTN_RECO" : "PMNTN_RECO",
    "DATA_STDR_" : "DATA_STDR_",
    "MNTN_ID" : "MNTN_ID"
  },
  "geometryType" : "esriGeometryPolyline",
  "spatialReference" : {
    "wkt" : "PROJCS[\"PCS_ITRF2000_TM\",GEOGCS[\"GCS_ITRF_2000\",DATUM[\"D_ITRF_2000\",SPHEROID[\"GRS_1980\",6378137.0,298.257222101]],PRIMEM[\"Greenwich\",0.0],UNIT[\"Degree\",0.0174532925199433]],PROJECTION[\"Transverse_Mercator\"],PARAMETER[\"False_Easting\",200000.0],PARAMETER[\"False_Northing\",600000.0],PARAMETER[\"Central_Meridian\",127.0],PARAMETER[\"Scale_Factor\",1.0],PARAMETER[\"Latitude_Of_Origin\",38.0],UNIT[\"Meter\",1.0]]"
  },
  "fields" : [
    {
      "name" : "FID",
      "type" : "esriFieldTypeOID",
      "alias" : "FID"
    },
    {
      "name" : "PMNTN_SN",
      "type" : "esriFieldTypeDouble",
      "alias" : "PMNTN_SN"
    },
    {
      "name" : "MNTN_CODE",
      "type" : "esriFieldTypeString",
      "alias" : "MNTN_CODE",
      "length" : 9
    },
    {
      "name" : "MNTN_NM",
      "type" : "esriFieldTypeString",
      "alias" : "MNTN_NM",
      "length" : 50
    },
    {
      "name" : "PMNTN_NM",
      "type" : "esriFieldTypeString",
      "alias" : "PMNTN_NM",
      "length" : 50
    },
    {
      "name" : "PMNTN_MAIN",
      "type" : "esriFieldTypeString",
      "alias" : "PMNTN_MAIN",
      "length" : 200
    },
    {
      "name" : "PMNTN_LT",
      "type" : "esriFieldTypeSingle",
      "alias" : "PMNTN_LT"
    },
    {
      "name" : "PMNTN_DFFL",
      "type" : "esriFieldTypeString",
      "alias" : "PMNTN_DFFL",
      "length" : 8
    },
    {
      "name" : "PMNTN_UPPL",
      "type" : "esriFieldTypeDouble",
      "alias" : "PMNTN_UPPL"
    },
    {
      "name" : "PMNTN_GODN",
      "type" : "esriFieldTypeDouble",
      "alias" : "PMNTN_GODN"
    },
    {
      "name" : "PMNTN_MTRQ",
      "type" : "esriFieldTypeString",
      "alias" : "PMNTN_MTRQ",
      "length" : 200
    },
    {
      "name" : "PMNTN_CNRL",
      "type" : "esriFieldTypeString",
      "alias" : "PMNTN_CNRL",
      "length" : 1
    },
    {
      "name" : "PMNTN_CLS_",
      "type" : "esriFieldTypeString",
      "alias" : "PMNTN_CLS_",
      "length" : 1
    },
    {
      "name" : "PMNTN_RISK",
      "type" : "esriFieldTypeString",
      "alias" : "PMNTN_RISK",
      "length" : 200
    },
    {
      "name" : "PMNTN_RECO",
      "type" : "esriFieldTypeString",
      "alias" : "PMNTN_RECO",
      "length" : 1
    },
    {
      "name" : "DATA_STDR_",
      "type" : "esriFieldTypeString",
      "alias" : "DATA_STDR_",
      "length" : 10
    },
    {
      "name" : "MNTN_ID",
      "type" : "esriFieldTypeString",
      "alias" : "MNTN_ID",
      "length" : 10
    }
  ],
  "features" : [
    {
      "attributes" : {
        "FID" : 0,
        "PMNTN_SN" : 43924,
        "MNTN_CODE" : "431106304",
        "MNTN_NM" : "이티봉산성",
        "PMNTN_NM" : "비상리구간",
        "PMNTN_MAIN" : " ",
        "PMNTN_LT" : 1.84,
        "PMNTN_DFFL" : "쉬움",
        "PMNTN_UPPL" : 32,
        "PMNTN_GODN" : 23,
        "PMNTN_MTRQ" : " ",
        "PMNTN_CNRL" : " ",
        "PMNTN_CLS_" : " ",
        "PMNTN_RISK" : " ",
        "PMNTN_RECO" : " ",
        "DATA_STDR_" : "2016-12-31",
        "MNTN_ID" : "431106304"
      },
      "geometry" : {
        "paths" : [
          [
            [
              252823.47280000057,
              454993.96340000257
            ],
            [
              252826.74180000182,
              455000.58750000224
            ],
            [
              252834.21200000029,
              455007.83410000242
            ],
            [
              252840.81570000015,
              455008.46920000203
            ],
            [
              252849.81880000047,
              455009.7173999995
            ],
            [
              252857.30620000232,
              455013.66060000099
            ],
            [
              252864.79990000091,
              455016.40250000358
            ],
            [
              252871.67889999971,
              455021.84420000017
            ],
            [
              252880.66170000192,
              455026.99650000408
            ],
            [
              252889.03119999915,
              455034.54810000025
            ],
            [
              252894.6996000018,
              455041.7853000015
            ],
            [
              252901.59260000102,
              455044.52410000004
            ],
            [
              252909.39450000133,
              455045.76610000059
            ],
            [
              252918.69940000214,
              455046.71560000069
            ],
            [
              252926.50600000098,
              455047.05660000071
            ],
            [
              252933.40369999874,
              455048.89450000226
            ],
            [
              252943.59240000043,
              455053.15210000053
            ],
            [
              252953.77640000079,
              455058.3105999995
            ],
            [
              252965.16160000116,
              455063.4755000025
            ],
            [
              252975.94930000324,
              455068.03650000133
            ],
            [
              252987.33299999963,
              455073.50160000101
            ],
            [
              253003.50280000176,
              455082.59549999982
            ],
            [
              253015.47300000209,
              455090.7666000016
            ],
            [
              253024.75290000346,
              455096.52109999955
            ],
            [
              253038.22780000325,
              455104.09930000082
            ],
            [
              253051.40079999994,
              455111.97629999928
            ],
            [
              253060.67760000098,
              455118.33139999956
            ],
            [
              253072.05180000048,
              455125.59840000235
            ],
            [
              253081.92920000013,
              455131.95660000108
            ],
            [
              253090.9057000028,
              455138.31020000018
            ],
            [
              253096.88219999988,
              455144.0474000033
            ],
            [
              253100.75019999966,
              455150.9748999998
            ],
            [
              253104.61039999966,
              455159.40399999917
            ],
            [
              253109.35280000139,
              455171.44150000252
            ],
            [
              253113.52579999994,
              455177.46970000118
            ],
            [
              253117.70510000177,
              455182.29659999907
            ],
            [
              253122.48040000163,
              455188.02759999968
            ],
            [
              253124.55590000097,
              455193.14380000159
            ],
            [
              253128.3973000003,
              455205.17670000158
            ],
            [
              253131.95249999966,
              455214.50510000065
            ],
            [
              253136.4102000026,
              455223.5380000025
            ],
            [
              253142.06760000344,
              455232.87740000337
            ],
            [
              253147.72970000096,
              455241.31589999981
            ],
            [
              253154.29740000237,
              455248.85810000263
            ],
            [
              253161.78010000009,
              455253.7023000028
            ],
            [
              253169.25810000114,
              455259.44730000012
            ],
            [
              253177.35400000215,
              455261.89210000075
            ],
            [
              253183.04589999933,
              455264.62470000423
            ],
            [
              253189.62920000218,
              455269.16380000114
            ],
            [
              253194.69850000087,
              455276.09759999812
            ],
            [
              253198.85120000131,
              455286.02979999967
            ],
            [
              253199.43149999995,
              455289.93700000457
            ],
            [
              253202.68950000219,
              455298.66320000216
            ],
            [
              253205.64399999939,
              455307.9886000026
            ],
            [
              253208.60800000094,
              455315.5120000001
            ],
            [
              253213.97130000219,
              455323.64860000275
            ],
            [
              253219.04060000088,
              455330.58239999972
            ],
            [
              253219.89930000063,
              455338.69550000131
            ],
            [
              253219.86320000142,
              455345.60270000249
            ],
            [
              253221.90589999966,
              455357.02550000139
            ],
            [
              253226.3619999988,
              455366.35869999975
            ],
            [
              253230.21600000001,
              455375.98900000192
            ],
            [
              253236.17840000056,
              455384.42910000123
            ],
            [
              253247.84979999997,
              455392.29820000194
            ],
            [
              253251.12190000154,
              455398.32169999927
            ],
            [
              253254.68649999984,
              455405.84830000252
            ],
            [
              253257.34390000347,
              455414.57139999792
            ],
            [
              253262.39750000183,
              455424.5083000008
            ],
            [
              253266.26240000222,
              455432.03649999946
            ],
            [
              253270.72790000215,
              455439.56780000031
            ],
            [
              253276.99369999953,
              455447.40880000405
            ],
            [
              253285.07870000042,
              455451.95570000075
            ],
            [
              253294.97640000097,
              455454.40990000218
            ],
            [
              253303.98270000331,
              455455.05750000291
            ],
            [
              253310.29550000001,
              455453.88920000009
            ],
            [
              253320.21509999968,
              455452.13900000229
            ],
            [
              253327.11920000054,
              455452.77559999749
            ],
            [
              253335.21660000179,
              455454.92009999976
            ],
            [
              253344.81099999975,
              455457.97330000252
            ],
            [
              253351.1034000013,
              455460.70900000259
            ],
            [
              253357.09870000277,
              455462.84249999933
            ],
            [
              253361.88960000407,
              455465.57039999962
            ],
            [
              253365.46360000037,
              455471.29510000162
            ],
            [
              253367.224700002,
              455479.11260000244
            ],
            [
              253368.69180000015,
              455485.72729999945
            ],
            [
              253373.16830000188,
              455491.15640000068
            ],
            [
              253375.84140000027,
              455496.87640000135
            ],
            [
              253378.50810000114,
              455503.79770000093
            ],
            [
              253379.67019999959,
              455511.31170000136
            ],
            [
              253379.92509999964,
              455520.02230000123
            ],
            [
              253379.87190000061,
              455530.23289999925
            ],
            [
              253379.21800000034,
              455540.44040000439
            ],
            [
              253377.95250000153,
              455552.74690000154
            ],
            [
              253379.11310000252,
              455560.5613000039
            ],
            [
              253382.06760000065,
              455569.88659999892
            ],
            [
              253385.316300001,
              455580.41479999945
            ],
            [
              253388.56020000204,
              455591.84380000271
            ],
            [
              253392.41100000311,
              455602.07480000146
            ],
            [
              253395.96930000186,
              455610.80260000192
            ],
            [
              253398.63450000249,
              455618.02419999987
            ],
            [
              253401.29970000312,
              455625.24580000155
            ],
            [
              253405.17560000252,
              455630.67180000059
            ],
            [
              253416.25580000132,
              455636.73600000329
            ],
            [
              253425.25580000319,
              455638.58480000123
            ],
            [
              253434.26510000043,
              455638.63180000149
            ],
            [
              253444.78070000093,
              455637.78570000269
            ],
            [
              253455.28690000065,
              455638.74139999971
            ],
            [
              253468.19249999989,
              455640.31030000187
            ],
            [
              253479.89060000237,
              455643.07420000061
            ],
            [
              253488.87800000049,
              455647.32560000196
            ],
            [
              253502.93940000236,
              455657.60980000161
            ],
            [
              253514.30740000308,
              455666.07800000161
            ],
            [
              253522.66920000222,
              455675.13120000064
            ],
            [
              253528.92400000058,
              455685.07440000214
            ],
            [
              253532.18360000197,
              455693.50039999932
            ],
            [
              253537.83310000226,
              455704.3414000012
            ],
            [
              253542.90090000071,
              455711.57550000027
            ],
            [
              253550.37420000043,
              455718.22150000185
            ],
            [
              253559.36630000174,
              455721.57190000266
            ],
            [
              253571.97470000014,
              455722.53860000148
            ],
            [
              253580.99350000173,
              455720.78370000236
            ],
            [
              253587.00600000005,
              455719.61380000226
            ],
            [
              253592.10659999959,
              455720.54140000232
            ],
            [
              253596.59250000399,
              455724.1686000023
            ],
            [
              253604.96989999991,
              455730.21869999915
            ],
            [
              253616.95730000082,
              455735.08630000241
            ],
            [
              253631.93840000127,
              455741.77150000073
            ],
            [
              253646.91330000013,
              455749.65789999999
            ],
            [
              253659.48570000008,
              455757.5318
            ],
            [
              253667.87090000045,
              455762.08030000143
            ],
            [
              253675.06430000346,
              455764.82070000283
            ],
            [
              253682.27180000115,
              455764.85830000415
            ],
            [
              253689.49490000028,
              455761.89279999956
            ],
            [
              253697.6472000014,
              455753.52640000358
            ],
            [
              253703.97410000302,
              455749.65520000271
            ],
            [
              253713.90480000246,
              455745.80280000158
            ],
            [
              253722.64040000085,
              455740.74290000275
            ],
            [
              253736.50490000006,
              455731.20500000194
            ],
            [
              253747.64780000132,
              455725.25669999979
            ],
            [
              253755.78439999931,
              455719.89340000227
            ],
            [
              253771.17389999982,
              455705.85860000178
            ],
            [
              253779.33089999948,
              455696.59119999968
            ],
            [
              253786.28500000201,
              455687.61790000089
            ],
            [
              253792.33199999947,
              455679.84109999985
            ],
            [
              253798.05200000014,
              455677.16810000129
            ],
            [
              253804.05820000079,
              455677.199400004
            ],
            [
              253811.54410000239,
              455681.442900002
            ],
            [
              253820.22500000149,
              455686.89390000328
            ],
            [
              253828.90899999999,
              455691.74440000206
            ],
            [
              253837.00170000177,
              455694.78979999945
            ],
            [
              253844.80830000155,
              455695.13080000505
            ],
            [
              253856.22330000345,
              455694.58970000036
            ],
            [
              253863.44640000258,
              455691.62420000136
            ],
            [
              253869.46829999983,
              455688.65240000188
            ],
            [
              253875.7826999994,
              455687.18370000087
            ],
            [
              253883.90050000232,
              455685.42410000041
            ],
            [
              253892.29829999991,
              455687.57010000199
            ],
            [
              253901.59540000092,
              455690.02119999938
            ],
            [
              253911.48530000169,
              455693.97690000385
            ],
            [
              253920.78249999974,
              455696.42800000124
            ],
            [
              253931.59690000117,
              455695.88370000385
            ],
            [
              253944.20839999989,
              455696.24980000034
            ],
            [
              253957.43310000002,
              455694.21660000272
            ],
            [
              253965.25219999999,
              455692.15509999916
            ],
            [
              253973.99250000343,
              455686.19429999962
            ],
            [
              253983.3367000008,
              455679.6360000018
            ],
            [
              253991.7798000006,
              455673.07300000265
            ],
            [
              254001.13019999955,
              455665.3134000022
            ],
            [
              254006.84869999997,
              455662.94070000015
            ],
            [
              254014.65990000404,
              455662.38079999946
            ],
            [
              254023.36900000367,
              455662.42620000057
            ],
            [
              254032.37830000091,
              455662.47320000082
            ],
            [
              254039.28870000131,
              455661.90860000253
            ],
            [
              254044.71310000028,
              455658.33300000057
            ],
            [
              254051.95340000186,
              455652.06400000118
            ],
            [
              254054.96600000374,
              455650.2778000012
            ],
            [
              254062.77560000028,
              455650.01820000075
            ],
            [
              254070.28190000076,
              455650.35770000145
            ],
            [
              254079.89190000016,
              455650.40780000016
            ],
            [
              254088.60400000215,
              455649.85260000452
            ],
            [
              254094.31940000132,
              455648.08049999923
            ],
            [
              254099.75000000279,
              455643.30369999819
            ],
            [
              254103.08480000217,
              455637.31469999999
            ],
            [
              254107.02020000108,
              455631.32880000025
            ],
            [
              254111.24960000254,
              455626.5457000006
            ],
            [
              254117.27309999987,
              455623.27360000089
            ],
            [
              254124.48680000287,
              455622.1099999994
            ],
            [
              254130.30179999955,
              455628.25919999741
            ],
            [
              254134.67410000134,
              455632.27160000056
            ],
            [
              254141.54050000198,
              455633.43340000138
            ],
            [
              254154.19330000039,
              455629.12860000134
            ],
            [
              254164.60339999944,
              455628.53690000437
            ],
            [
              254178.19260000065,
              455632.00030000322
            ]
          ]
        ]
      }
    },
    {
      "attributes" : {
        "FID" : 1,
        "PMNTN_SN" : 43925,
        "MNTN_CODE" : "431106304",
        "MNTN_NM" : "이티봉산성",
        "PMNTN_NM" : "덕암리구간",
        "PMNTN_MAIN" : " ",
        "PMNTN_LT" : 6.86,
        "PMNTN_DFFL" : "쉬움",
        "PMNTN_UPPL" : 129,
        "PMNTN_GODN" : 90,
        "PMNTN_MTRQ" : " ",
        "PMNTN_CNRL" : " ",
        "PMNTN_CLS_" : " ",
        "PMNTN_RISK" : " ",
        "PMNTN_RECO" : " ",
        "DATA_STDR_" : "2016-12-31",
        "MNTN_ID" : "431106304"
      },
      "geometry" : {
        "paths" : [
          [
            [
              248594.12640000228,
              451820.41170000099
            ],
            [
              248601.12359999958,
              451821.69890000112
            ],
            [
              248606.60840000119,
              451825.22940000333
            ],
            [
              248607.57890000287,
              451830.98770000041
            ],
            [
              248607.29750000127,
              451836.9897000026
            ],
            [
              248606.52359999996,
              451841.48819999956
            ],
            [
              248607.74430000223,
              451847.24780000001
            ],
            [
              248613.90519999992,
              451865.03999999911
            ],
            [
              248617.12040000316,
              451872.0607000012
            ],
            [
              248625.85429999977,
              451876.10850000009
            ],
            [
              248635.34640000015,
              451878.65939999744
            ],
            [
              248639.0893000029,
              451880.42989999987
            ],
            [
              248642.17669999972,
              451880.46770000458
            ],
            [
              248639.78970000055,
              451888.82630000263
            ],
            [
              248637.83130000066,
              451901.23850000091
            ],
            [
              248637.20430000126,
              451914.10080000386
            ],
            [
              248638.87359999958,
              451925.36280000024
            ],
            [
              248640.89690000191,
              451933.52119999938
            ],
            [
              248643.35620000027,
              451943.96260000207
            ],
            [
              248645.03570000269,
              451955.05600000173
            ],
            [
              248644.95030000247,
              451955.28970000148
            ],
            [
              248644.83720000368,
              451962.36540000141
            ],
            [
              248644.40540000051,
              451970.61519999988
            ],
            [
              248642.77100000065,
              451976.4795999974
            ],
            [
              248637.79690000042,
              451983.4840000011
            ],
            [
              248630.91320000123,
              451989.49880000018
            ],
            [
              248621.94720000122,
              451998.31780000031
            ],
            [
              248612.74090000056,
              452007.37319999933
            ],
            [
              248598.4840000011,
              452021.3964000009
            ],
            [
              248590.88700000104,
              452032.47279999964
            ],
            [
              248580.59290000331,
              452042.18429999985
            ],
            [
              248574.09370000381,
              452050.41830000095
            ],
            [
              248565.80420000013,
              452060.92049999908
            ],
            [
              248559.22470000107,
              452069.25610000081
            ],
            [
              248552.86760000046,
              452077.31020000018
            ],
            [
              248547.61340000201,
              452087.02820000239
            ],
            [
              248545.36780000106,
              452093.34730000235
            ],
            [
              248543.17680000048,
              452101.30710000172
            ],
            [
              248543.39030000195,
              452107.67170000263
            ],
            [
              248545.48790000286,
              452111.93400000222
            ],
            [
              248548.91970000137,
              452117.46940000169
            ],
            [
              248554.5773,
              452127.69009999931
            ],
            [
              248561.29740000051,
              452137.08019999973
            ],
            [
              248567.76410000399,
              452146.33270000294
            ],
            [
              248575.89460000023,
              452157.48570000194
            ],
            [
              248584.28490000404,
              452170.70179999806
            ],
            [
              248592.70240000077,
              452179.27680000104
            ],
            [
              248600.22320000362,
              452191.16500000283
            ],
            [
              248602.75680000056,
              452198.92650000192
            ],
            [
              248603.43080000207,
              452205.57940000109
            ],
            [
              248604.51430000365,
              452225.04309999943
            ],
            [
              248603.14930000249,
              452233.44590000063
            ],
            [
              248603.91950000077,
              452239.4776000008
            ],
            [
              248604.3638000004,
              452248.48040000163
            ],
            [
              248605.84110000357,
              452261.63230000064
            ],
            [
              248608.28340000007,
              452277.31790000014
            ],
            [
              248612.66720000375,
              452286.7666000016
            ],
            [
              248615.69430000242,
              452295.18400000036
            ],
            [
              248620.25710000284,
              452302.50210000202
            ],
            [
              248622.38310000207,
              452307.2629000023
            ],
            [
              248622.68879999965,
              452314.95580000058
            ],
            [
              248621.89220000058,
              452322.68390000053
            ],
            [
              248620.3880000012,
              452331.57239999995
            ],
            [
              248615.58299999963,
              452341.38010000437
            ],
            [
              248608.1110000005,
              452348.7293999996
            ],
            [
              248599.44310000073,
              452356.32410000265
            ],
            [
              248590.09530000016,
              452364.38480000198
            ],
            [
              248581.97590000182,
              452371.95440000109
            ],
            [
              248573.98300000094,
              452381.02180000208
            ],
            [
              248572.60070000123,
              452397.3200000003
            ],
            [
              248572.5811999999,
              452401.07210000232
            ],
            [
              248574.80630000401,
              452406.08650000021
            ],
            [
              248578.54400000162,
              452408.85760000162
            ],
            [
              248582.52270000242,
              452413.38079999946
            ],
            [
              248585.99980000313,
              452418.15169999935
            ],
            [
              248588.97670000046,
              452422.9199000001
            ],
            [
              248591.95480000414,
              452427.43790000305
            ],
            [
              248596.18630000018,
              452431.46230000257
            ],
            [
              248600.17800000403,
              452433.48420000076
            ],
            [
              248605.18070000317,
              452433.51029999927
            ],
            [
              248613.42740000319,
              452435.05410000123
            ],
            [
              248621.67009999976,
              452437.34830000252
            ],
            [
              248628.15790000092,
              452440.38389999978
            ],
            [
              248633.64010000043,
              452444.41469999962
            ],
            [
              248637.85190000013,
              452452.19110000134
            ],
            [
              248644.82440000121,
              452458.23079999909
            ],
            [
              248653.30300000217,
              452463.2778000012
            ],
            [
              248661.0298000006,
              452468.57110000029
            ],
            [
              248670.01250000112,
              452472.87030000053
            ],
            [
              248677.47869999986,
              452480.16330000199
            ],
            [
              248684.1855000006,
              452489.20340000279
            ],
            [
              248688.90150000155,
              452496.23200000264
            ],
            [
              248690.37229999993,
              452501.99290000089
            ],
            [
              248693.33490000106,
              452509.51260000281
            ],
            [
              248695.80230000243,
              452516.02910000086
            ],
            [
              248696.01990000159,
              452522.28380000219
            ],
            [
              248696.23610000126,
              452528.78859999962
            ],
            [
              248696.68810000084,
              452538.04619999975
            ],
            [
              248696.40280000027,
              452544.7985999994
            ],
            [
              248695.36710000038,
              452551.54700000212
            ],
            [
              248695.34230000339,
              452556.29959999956
            ],
            [
              248697.06980000157,
              452560.81110000052
            ],
            [
              248701.55660000164,
              452563.83620000258
            ],
            [
              248708.04310000036,
              452567.12189999782
            ],
            [
              248714.77070000023,
              452572.15980000235
            ],
            [
              248720.74790000077,
              452577.19380000047
            ],
            [
              248725.72319999989,
              452582.47269999981
            ],
            [
              248730.4393000016,
              452589.50120000169
            ],
            [
              248736.41380000114,
              452595.03550000116
            ],
            [
              248742.89389999956,
              452599.57180000097
            ],
            [
              248747.61390000116,
              452605.85000000149
            ],
            [
              248753.07510000188,
              452613.88299999945
            ],
            [
              248757.53320000041,
              452622.41110000201
            ],
            [
              248762.99190000165,
              452630.94429999962
            ],
            [
              248768.2173000006,
              452636.2245000042
            ],
            [
              248772.19210000057,
              452641.4982000012
            ],
            [
              248778.1706000017,
              452646.28209999949
            ],
            [
              248784.40440000314,
              452650.06670000218
            ],
            [
              248791.14890000224,
              452651.85290000215
            ],
            [
              248797.15220000222,
              452651.88419999927
            ],
            [
              248803.41340000369,
              452650.4159000013
            ],
            [
              248810.9252999993,
              452648.95419999957
            ],
            [
              248820.68579999916,
              452648.00450000167
            ],
            [
              248830.18440000154,
              452649.30480000004
            ],
            [
              248842.18560000043,
              452650.36790000089
            ],
            [
              248852.92450000066,
              452653.67570000142
            ],
            [
              248868.64130000304,
              452661.76209999993
            ],
            [
              248878.36139999982,
              452668.56659999862
            ],
            [
              248886.08820000011,
              452673.85990000144
            ],
            [
              248894.31790000014,
              452678.65550000221
            ],
            [
              248901.06500000041,
              452679.94140000083
            ],
            [
              248906.05599999987,
              452682.21859999932
            ],
            [
              248912.28589999955,
              452686.7536999993
            ],
            [
              248918.23570000287,
              452697.04050000384
            ],
            [
              248923.16540000122,
              452711.07420000248
            ],
            [
              248929.35230000224,
              452723.8636000026
            ],
            [
              248934.54000000004,
              452736.39780000038
            ],
            [
              248934.49689999968,
              452744.65220000222
            ],
            [
              248935.44919999968,
              452753.91250000149
            ],
            [
              248939.14780000132,
              452764.18760000169
            ],
            [
              248943.59549999982,
              452774.71670000069
            ],
            [
              248949.79930000193,
              452784.25439999998
            ],
            [
              248956.25329999998,
              452793.79350000434
            ],
            [
              248961.46440000366,
              452801.82520000078
            ],
            [
              248966.93350000028,
              452808.35740000196
            ],
            [
              248973.91119999997,
              452813.39660000429
            ],
            [
              248978.88000000082,
              452819.92620000057
            ],
            [
              248983.5895999996,
              452828.20540000126
            ],
            [
              248988.05160000175,
              452835.98310000077
            ],
            [
              248990.76269999985,
              452843.75160000101
            ],
            [
              248994.46380000189,
              452853.52639999986
            ],
            [
              248997.67520000227,
              452861.29760000296
            ],
            [
              249000.13740000129,
              452868.81469999999
            ],
            [
              249005.36160000134,
              452874.3450000044
            ],
            [
              249009.59820000082,
              452877.36879999936
            ],
            [
              249014.32210000232,
              452882.89660000242
            ],
            [
              249017.54260000214,
              452888.91679999977
            ],
            [
              249019.7611999996,
              452895.1819000002
            ],
            [
              249025.47910000291,
              452901.96550000273
            ],
            [
              249030.95470000152,
              452907.24700000137
            ],
            [
              249040.93149999995,
              452912.8022000026
            ],
            [
              249050.66590000037,
              452916.85520000197
            ],
            [
              249058.88640000205,
              452923.40169999935
            ],
            [
              249064.84269999992,
              452932.43789999746
            ],
            [
              249068.32119999919,
              452936.95850000158
            ],
            [
              249072.06540000159,
              452938.47890000418
            ],
            [
              249076.57040000055,
              452938.00210000388
            ],
            [
              249080.10100000352,
              452932.51740000211
            ],
            [
              249082.13080000319,
              452927.02479999885
            ],
            [
              249083.91299999971,
              452921.0307
            ],
            [
              249085.45550000388,
              452913.03420000151
            ],
            [
              249088.24739999976,
              452905.29440000094
            ],
            [
              249092.04509999882,
              452896.55920000374
            ],
            [
              249099.34990000166,
              452886.84170000069
            ],
            [
              249106.89690000191,
              452878.62639999948
            ],
            [
              249115.19960000087,
              452869.41440000385
            ],
            [
              249117.73489999957,
              452862.92390000261
            ],
            [
              249119.26830000151,
              452856.67830000259
            ],
            [
              249122.30119999964,
              452850.69070000015
            ],
            [
              249126.81280000135,
              452848.96330000088
            ],
            [
              249131.55750000011,
              452850.48890000395
            ],
            [
              249137.04619999882,
              452853.26899999939
            ],
            [
              249146.784500001,
              452856.57160000131
            ],
            [
              249157.2667000033,
              452861.12879999913
            ],
            [
              249168.49409999978,
              452866.69050000422
            ],
            [
              249177.71910000313,
              452872.49180000462
            ],
            [
              249186.93759999983,
              452879.5438000001
            ],
            [
              249196.17310000304,
              452883.34410000406
            ],
            [
              249204.68030000012,
              452882.88820000179
            ],
            [
              249213.20180000272,
              452879.6807000041
            ],
            [
              249218.23190000094,
              452874.45399999991
            ],
            [
              249222.25490000192,
              452870.47270000167
            ],
            [
              249225.75290000346,
              452871.2413000036
            ],
            [
              249229.99090000149,
              452874.0150000006
            ],
            [
              249235.48210000154,
              452876.29490000196
            ],
            [
              249241.73420000076,
              452876.57760000043
            ],
            [
              249253.75499999989,
              452873.88870000094
            ],
            [
              249263.26930000074,
              452872.18730000034
            ],
            [
              249269.52660000231,
              452871.46949999966
            ],
            [
              249278.04820000101,
              452868.2620000001
            ],
            [
              249289.07760000322,
              452863.81700000167
            ],
            [
              249298.86280000024,
              452858.1147000026
            ],
            [
              249307.15770000126,
              452850.40350000374
            ],
            [
              249312.68549999967,
              452845.67960000411
            ],
            [
              249321.44959999993,
              452846.06100000255
            ],
            [
              249330.68870000076,
              452847.02420000359
            ],
            [
              249345.43760000262,
              452848.85209999979
            ],
            [
              249359.44120000117,
              452849.6754999999
            ],
            [
              249374.44020000193,
              452851.50459999964
            ],
            [
              249384.94200000167,
              452852.30980000086
            ],
            [
              249395.69520000275,
              452852.86610000022
            ],
            [
              249407.18840000033,
              452855.42750000209
            ],
            [
              249417.16900000256,
              452860.23220000416
            ],
            [
              249427.89100000076,
              452866.79179999977
            ],
            [
              249442.3778999988,
              452870.86950000003
            ],
            [
              249457.62320000026,
              452873.4504000023
            ],
            [
              249473.12370000221,
              452875.03210000135
            ],
            [
              249485.61230000295,
              452878.59919999726
            ],
            [
              249503.83560000174,
              452885.69810000248
            ],
            [
              249514.80640000105,
              452892.50910000131
            ],
            [
              249526.77509999927,
              452899.8256000001
            ],
            [
              249539.23880000133,
              452908.14530000277
            ],
            [
              249550.20830000378,
              452915.20649999939
            ],
            [
              249561.44089999981,
              452919.7675999999
            ],
            [
              249571.91789999884,
              452925.32530000247
            ],
            [
              249580.88370000105,
              452932.87630000152
            ],
            [
              249591.8609000016,
              452938.43659999967
            ],
            [
              249598.34359999932,
              452942.47270000167
            ],
            [
              249602.54770000093,
              452951.74990000203
            ],
            [
              249607.75229999982,
              452961.03229999915
            ],
            [
              249615.71100000106,
              452969.82870000228
            ],
            [
              249628.94600000139,
              452974.15010000207
            ],
            [
              249640.44179999921,
              452976.21120000258
            ],
            [
              249649.44540000055,
              452976.5083000008
            ],
            [
              249658.46070000157,
              452974.55410000123
            ],
            [
              249666.47020000033,
              452973.59530000202
            ],
            [
              249672.21290000062,
              452975.62640000135
            ],
            [
              249682.19749999978,
              452979.68070000224
            ],
            [
              249692.66660000011,
              452986.73919999972
            ],
            [
              249702.89740000106,
              452991.54529999942
            ],
            [
              249713.64670000412,
              452992.85199999996
            ],
            [
              249723.65470000077,
              452992.4039000012
            ],
            [
              249738.17300000228,
              452990.47839999944
            ],
            [
              249752.70170000102,
              452986.55190000124
            ],
            [
              249764.2471000012,
              452979.10780000128
            ],
            [
              249770.78840000089,
              452971.88770000078
            ],
            [
              249779.08330000006,
              452964.17659999989
            ],
            [
              249784.61110000033,
              452959.45270000026
            ],
            [
              249794.38200000022,
              452956.50190000236
            ],
            [
              249804.88380000368,
              452957.30710000359
            ],
            [
              249814.38109999988,
              452958.85740000196
            ],
            [
              249821.11780000106,
              452962.14440000057
            ],
            [
              249829.09740000125,
              452966.93870000355
            ],
            [
              249836.82159999944,
              452972.73220000416
            ],
            [
              249847.80540000089,
              452977.04190000333
            ],
            [
              249861.2983000027,
              452979.86380000226
            ],
            [
              249872.54530000221,
              452981.6734000016
            ],
            [
              249883.0549000008,
              452980.97770000063
            ],
            [
              249894.31230000127,
              452980.78630000353
            ],
            [
              249904.57960000262,
              452978.58850000612
            ],
            [
              249917.84200000297,
              452977.65710000135
            ],
            [
              249934.09300000034,
              452979.24259999953
            ],
            [
              249945.59270000365,
              452980.55330000259
            ],
            [
              249957.32820000127,
              452984.61670000106
            ],
            [
              249967.05090000015,
              452990.92100000195
            ],
            [
              249977.76630000118,
              452998.73120000213
            ],
            [
              249985.98300000001,
              453006.02820000052
            ],
            [
              249993.70070000086,
              453013.07239999995
            ],
            [
              249999.15149999969,
              453023.10649999976
            ],
            [
              250002.83830000274,
              453035.63279999979
            ],
            [
              250007.01240000036,
              453050.66310000233
            ],
            [
              250013.21760000288,
              453059.95070000365
            ],
            [
              250019.91260000132,
              453071.24200000241
            ],
            [
              250027.85430000164,
              453083.29020000063
            ],
            [
              250035.80000000075,
              453094.58810000122
            ],
            [
              250041.76670000143,
              453101.62319999933
            ],
            [
              250050.47840000317,
              453109.92330000363
            ],
            [
              250057.20990000013,
              453114.2108000014
            ],
            [
              250062.71030000132,
              453114.7397000026
            ],
            [
              250068.72790000029,
              453112.01950000226
            ],
            [
              250074.27130000014,
              453104.29400000162
            ],
            [
              250079.81469999999,
              453096.56850000098
            ],
            [
              250086.36130000278,
              453088.34789999947
            ],
            [
              250094.40469999891,
              453080.88560000062
            ],
            [
              250105.43410000391,
              453076.44050000235
            ],
            [
              250115.95550000109,
              453073.49360000156
            ],
            [
              250127.22590000276,
              453070.80080000125
            ],
            [
              250136.76110000163,
              453065.09720000066
            ],
            [
              250143.30110000167,
              453058.12730000168
            ],
            [
              250149.07509999909,
              453054.15520000271
            ],
            [
              250157.35300000012,
              453049.69570000097
            ],
            [
              250163.36020000279,
              453048.97660000063
            ],
            [
              250167.35060000047,
              453051.24870000221
            ],
            [
              250175.85390000418,
              453051.54320000112
            ],
            [
              250181.61620000005,
              453049.82220000029
            ],
            [
              250186.89510000031,
              453044.84689999931
            ],
            [
              250196.19180000387,
              453036.8908000011
            ],
            [
              250204.23400000297,
              453029.67860000208
            ],
            [
              250215.52530000079,
              453022.98360000178
            ],
            [
              250227.31289999932,
              453017.04160000198
            ],
            [
              250246.86000000127,
              453010.13950000145
            ],
            [
              250266.14520000387,
              453005.48730000295
            ],
            [
              250280.15800000075,
              453004.55980000086
            ],
            [
              250292.91359999962,
              453004.87639999948
            ],
            [
              250306.68410000112,
              453002.44680000283
            ],
            [
              250314.71590000112,
              452997.23560000025
            ],
            [
              250323.47970000189,
              452995.53030000068
            ],
            [
              250334.98990000226,
              452994.83990000375
            ],
            [
              250347.25439999998,
              452993.40300000273
            ],
            [
              250359.25560000073,
              452994.46610000171
            ],
            [
              250369.2480000034,
              452997.01960000023
            ],
            [
              250379.23390000127,
              453000.82380000129
            ],
            [
              250386.9606999997,
              453006.11700000055
            ],
            [
              250396.70170000102,
              453008.91939999908
            ],
            [
              250404.7034,
              453009.46140000224
            ],
            [
              250415.46180000063,
              453009.01720000245
            ],
            [
              250427.9737999998,
              453008.08180000074
            ],
            [
              250437.48550000042,
              453006.88070000149
            ],
            [
              250449.48550000321,
              453008.1939000003
            ],
            [
              250460.21920000296,
              453012.50230000168
            ],
            [
              250474.19550000038,
              453018.57860000059
            ],
            [
              250482.41740000341,
              453024.875
            ],
            [
              250487.1333999997,
              453031.90359999985
            ],
            [
              250491.692900002,
              453035.7694000043
            ],
            [
              250500.10790000204,
              453038.22470000014
            ],
            [
              250508.61250000075,
              453038.26909999922
            ],
            [
              250520.37280000094,
              453037.57990000024
            ],
            [
              250527.87030000146,
              453038.86970000155
            ],
            [
              250537.87060000002,
              453039.92240000144
            ],
            [
              250545.88010000158,
              453038.96360000037
            ],
            [
              250553.40500000119,
              453035.00060000084
            ],
            [
              250562.20280000102,
              453026.79169999994
            ],
            [
              250565.99920000322,
              453018.30670000054
            ],
            [
              250568.53570000175,
              453011.56599999964
            ],
            [
              250573.80950000044,
              453007.5912000034
            ],
            [
              250579.817900002,
              453006.62199999951
            ],
            [
              250587.30900000129,
              453009.16250000335
            ],
            [
              250594.5420000013,
              453013.20240000263
            ],
            [
              250602.27799999993,
              453016.74469999969
            ],
            [
              250611.76620000042,
              453020.04609999806
            ],
            [
              250618.01310000103,
              453021.32929999754
            ],
            [
              250629.01900000032,
              453021.38670000248
            ],
            [
              250643.54119999986,
              453018.71079999954
            ],
            [
              250654.56940000318,
              453014.51590000279
            ],
            [
              250667.3301999988,
              453013.83200000226
            ],
            [
              250680.08710000198,
              453013.8984999992
            ],
            [
              250690.82079999987,
              453018.20680000074
            ],
            [
              250700.04320000112,
              453024.50850000232
            ],
            [
              250708.25860000122,
              453032.05560000055
            ],
            [
              250714.73080000095,
              453038.09270000271
            ],
            [
              250718.44640000071,
              453045.11610000022
            ],
            [
              250721.38929999992,
              453056.38780000061
            ],
            [
              250725.3302000016,
              453068.1651000008
            ],
            [
              250728.76820000075,
              453080.43999999948
            ],
            [
              250734.95639999956,
              453092.97929999977
            ],
            [
              250740.40730000101,
              453103.01350000128
            ],
            [
              250745.08160000108,
              453118.04639999941
            ],
            [
              250747.54779999983,
              453124.81310000084
            ],
            [
              250748.76190000027,
              453131.82340000756
            ],
            [
              250748.22910000011,
              453138.07420000248
            ],
            [
              250747.71190000139,
              453141.32330000401
            ],
            [
              250750.19890000112,
              453144.08790000342
            ],
            [
              250755.94420000352,
              453145.61870000139
            ],
            [
              250762.43470000103,
              453148.1539000012
            ],
            [
              250769.43589999992,
              453148.69070000015
            ],
            [
              250774.69260000251,
              453147.96770000644
            ],
            [
              250779.42690000124,
              453151.4944000002
            ],
            [
              250784.15869999956,
              453155.52130000293
            ],
            [
              250789.90270000231,
              453157.3022000026
            ],
            [
              250794.39599999879,
              453159.07670000196
            ],
            [
              250797.37280000001,
              453163.8449000027
            ],
            [
              250799.32960000355,
              453172.35990000144
            ],
            [
              250801.52340000216,
              453183.37759999931
            ],
            [
              250806.44270000234,
              453199.4123999998
            ],
            [
              250810.62070000172,
              453213.69230000116
            ],
            [
              250815.03320000041,
              453230.97509999946
            ],
            [
              250816.97559999954,
              453242.24170000292
            ],
            [
              250822.65180000104,
              453257.0297000017
            ],
            [
              250830.09720000066,
              453268.32489999942
            ],
            [
              250841.79750000406,
              453279.14200000279
            ],
            [
              250853.2751000002,
              453284.70500000007
            ],
            [
              250864.74220000114,
              453292.26899999939
            ],
            [
              250877.20859999955,
              453300.08840000071
            ],
            [
              250888.42420000024,
              453307.90130000003
            ],
            [
              250897.88379999995,
              453316.70560000278
            ],
            [
              250904.07850000262,
              453327.99430000223
            ],
            [
              250912.02419999987,
              453339.29209999926
            ],
            [
              250921.96570000239,
              453351.60099999979
            ],
            [
              250934.92190000229,
              453361.42410000041
            ],
            [
              250949.13920000009,
              453369.25259999931
            ],
            [
              250961.37110000011,
              453374.06910000183
            ],
            [
              250970.86450000294,
              453376.36980000138
            ],
            [
              250982.61960000079,
              453376.68120000139
            ],
            [
              250995.37650000397,
              453376.74770000391
            ],
            [
              251009.89880000148,
              453374.07190000266
            ],
            [
              251022.93450000323,
              453368.63670000434
            ],
            [
              251035.96239999961,
              453364.7023000028
            ],
            [
              251047.46480000298,
              453365.51270000264
            ],
            [
              251063.21810000017,
              453366.59540000185
            ],
            [
              251075.96719999984,
              453368.16270000115
            ],
            [
              251085.69900000002,
              453372.71600000188
            ],
            [
              251095.9310999997,
              453377.27190000191
            ],
            [
              251107.68230000231,
              453378.33369999938
            ],
            [
              251121.69900000188,
              453376.65579999983
            ],
            [
              251131.47130000032,
              453373.45490000397
            ],
            [
              251139.99550000392,
              453369.74719999731
            ],
            [
              251150.52329999954,
              453365.54959999956
            ],
            [
              251160.30209999997,
              453361.0979999993
            ],
            [
              251165.70700000133,
              453359.06640000083
            ],
            [
              251170.31530000269,
              453359.64939999953
            ],
            [
              251172.79849999957,
              453363.16430000216
            ],
            [
              251174.76559999958,
              453369.67830000445
            ],
            [
              251176.70280000009,
              453381.94539999962
            ],
            [
              251179.6484000003,
              453392.71690000035
            ],
            [
              251183.58669999987,
              453404.99440000392
            ],
            [
              251184.53639999963,
              453414.75490000099
            ],
            [
              251184.49460000172,
              453422.759200003
            ],
            [
              251184.69520000275,
              453432.26569999941
            ],
            [
              251187.39980000071,
              453441.28490000218
            ],
            [
              251193.3731000023,
              453447.06930000149
            ],
            [
              251201.85550000146,
              453451.36600000039
            ],
            [
              251210.59070000052,
              453455.16369999945
            ],
            [
              251221.55630000029,
              453462.97519999743
            ],
            [
              251229.00950000156,
              453472.76970000006
            ],
            [
              251239.20120000094,
              453485.07980000414
            ],
            [
              251249.1427000016,
              453497.38859999925
            ],
            [
              251253.84180000331,
              453507.66889999993
            ],
            [
              251260.04310000222,
              453517.7070000004
            ],
            [
              251264.00090000033,
              453526.23250000179
            ],
            [
              251265.69189999998,
              453537.74780000001
            ],
            [
              251266.37710000202,
              453550.25850000046
            ],
            [
              251266.32490000036,
              453560.26400000043
            ],
            [
              251267.76060000341,
              453572.77859999985
            ],
            [
              251268.69460000098,
              453585.5407000035
            ],
            [
              251270.88059999887,
              453598.05930000357
            ],
            [
              251270.58350000065,
              453607.06279999763
            ],
            [
              251272.53249999974,
              453617.07870000228
            ],
            [
              251276.74830000009,
              453624.10469999909
            ],
            [
              251285.47040000092,
              453630.40370000154
            ],
            [
              251291.70560000185,
              453633.93820000067
            ],
            [
              251300.94099999964,
              453637.73850000463
            ],
            [
              251306.91560000088,
              453643.27280000038
            ],
            [
              251312.38599999994,
              453649.55490000173
            ],
            [
              251316.59270000085,
              453658.33180000447
            ],
            [
              251321.79600000009,
              453667.86429999955
            ],
            [
              251326.74650000129,
              453677.89590000175
            ],
            [
              251332.70019999985,
              453687.43229999766
            ],
            [
              251342.91150000133,
              453695.99039999954
            ],
            [
              251356.12960000057,
              453703.56360000372
            ],
            [
              251365.11490000412,
              453707.36260000058
            ],
            [
              251371.3395999996,
              453712.89820000343
            ],
            [
              251375.29609999992,
              453721.67380000278
            ],
            [
              251380.73649999965,
              453733.70900000259
            ],
            [
              251385.69750000071,
              453741.73940000124
            ],
            [
              251392.92929999996,
              453746.02950000018
            ],
            [
              251402.66240000073,
              453750.33270000108
            ],
            [
              251412.65610000025,
              453752.63609999977
            ],
            [
              251422.38800000027,
              453757.1894000005
            ],
            [
              251431.10880000144,
              453763.7386000026
            ],
            [
              251441.57540000137,
              453771.29740000144
            ],
            [
              251448.2900000019,
              453778.83669999987
            ],
            [
              251455.01490000263,
              453784.37490000203
            ],
            [
              251461.50020000245,
              453787.91070000082
            ],
            [
              251466.75700000115,
              453787.18769999966
            ],
            [
              251471.52909999993,
              453783.46040000208
            ],
            [
              251481.31180000398,
              453778.25840000063
            ],
            [
              251487.07930000219,
              453775.53690000437
            ],
            [
              251493.08520000055,
              453775.06790000387
            ],
            [
              251496.82420000061,
              453777.58890000172
            ],
            [
              251508.79940000083,
              453783.6547000017
            ],
            [
              251520.51670000236,
              453791.2201000005
            ],
            [
              251535.95990000106,
              453803.80770000257
            ],
            [
              251547.39180000219,
              453818.12550000288
            ],
            [
              251557.32809999865,
              453831.43480000272
            ],
            [
              251567.0326000005,
              453841.24100000225
            ],
            [
              251574.00899999961,
              453846.53030000068
            ],
            [
              251583.48680000287,
              453851.83280000277
            ],
            [
              251589.4692000011,
              453855.86620000191
            ],
            [
              251593.68630000204,
              453862.64210000448
            ],
            [
              251596.39470000099,
              453870.91090000048
            ],
            [
              251599.0550000025,
              453888.43480000086
            ],
            [
              251599.47960000113,
              453902.94520000182
            ],
            [
              251602.36909999978,
              453924.47259999998
            ],
            [
              251606.51840000134,
              453944.25549999997
            ],
            [
              251608.20280000195,
              453957.02160000429
            ],
            [
              251609.13289999962,
              453970.53410000354
            ],
            [
              251611.58610000368,
              453979.8022000026
            ],
            [
              251614.54199999943,
              453988.57260000333
            ],
            [
              251619.52259999979,
              453992.85099999979
            ],
            [
              251626.77000000048,
              453994.13950000145
            ],
            [
              251634.77570000105,
              453993.9310999997
            ],
            [
              251646.76920000091,
              453996.49500000104
            ],
            [
              251654.74610000104,
              454001.78960000165
            ],
            [
              251663.46570000052,
              454008.58890000172
            ],
            [
              251675.18690000009,
              454015.4039000012
            ],
            [
              251682.8889000006,
              454025.44979999959
            ],
            [
              251693.1054000007,
              454033.0073000025
            ],
            [
              251703.32440000307,
              454040.06460000016
            ],
            [
              251710.78550000302,
              454048.3582000006
            ],
            [
              251715.49370000418,
              454056.88759999909
            ],
            [
              251721.44740000088,
              454066.42410000041
            ],
            [
              251727.16530000139,
              454073.20770000294
            ],
            [
              251733.63239999954,
              454080.24540000036
            ],
            [
              251737.83509999979,
              454089.77280000411
            ],
            [
              251740.04330000002,
              454098.0390000008
            ],
            [
              251744.5092000002,
              454105.06629999913
            ],
            [
              251749.49110000022,
              454109.09450000338
            ],
            [
              251754.73090000078,
              454111.62329999916
            ],
            [
              251765.71989999991,
              454114.93239999935
            ],
            [
              251776.46140000131,
              454117.74000000209
            ],
            [
              251784.94650000148,
              454121.53639999963
            ],
            [
              251793.1997000007,
              454121.82950000279
            ],
            [
              251798.71180000342,
              454120.10730000213
            ],
            [
              251805.70779999997,
              454121.6446000021
            ],
            [
              251810.1920000026,
              454125.17000000179
            ],
            [
              251814.41040000226,
              454131.69570000097
            ],
            [
              251821.12229999993,
              454139.73530000076
            ],
            [
              251830.0971999988,
              454145.53529999964
            ],
            [
              251842.32909999974,
              454150.35180000216
            ],
            [
              251851.32100000139,
              454152.9001000002
            ],
            [
              251863.82260000054,
              454153.96590000391
            ],
            [
              251877.58400000073,
              454153.287200002
            ],
            [
              251887.34710000083,
              454151.83720000274
            ],
            [
              251895.85950000212,
              454150.38079999946
            ],
            [
              251905.86239999998,
              454150.93320000358
            ],
            [
              251913.09940000344,
              454154.2228000015
            ],
            [
              251920.0680000009,
              454161.01300000027
            ],
            [
              251927.27890000213,
              454169.30529999919
            ],
            [
              251933.98819999956,
              454177.8451000005
            ],
            [
              251944.20729999989,
              454184.90240000002
            ],
            [
              251951.43510000128,
              454189.94290000014
            ],
            [
              251957.17910000123,
              454191.72389999963
            ],
            [
              251965.93780000322,
              454191.01910000108
            ],
            [
              251972.95859999955,
              454187.80390000343
            ],
            [
              251981.48540000059,
              454183.59589999914
            ],
            [
              251993.25740000233,
              454180.65560000017
            ],
            [
              252006.29320000391,
              454175.22039999999
            ],
            [
              252015.56780000217,
              454171.5166000016
            ],
            [
              252022.81780000031,
              454172.3048000019
            ],
            [
              252030.30750000011,
              454175.09539999999
            ],
            [
              252038.02790000197,
              454181.63940000162
            ],
            [
              252047.25680000335,
              454186.69040000066
            ],
            [
              252055.23770000134,
              454191.23460000381
            ],
            [
              252063.73970000073,
              454191.77920000255
            ],
            [
              252072.75500000361,
              454189.82499999739
            ],
            [
              252081.54110000003,
              454183.86739999987
            ],
            [
              252087.58090000413,
              454176.89489999972
            ],
            [
              252093.60370000079,
              454173.17410000227
            ],
            [
              252100.11510000285,
              454171.70720000006
            ],
            [
              252106.88570000138,
              454168.49070000462
            ],
            [
              252111.16930000298,
              454162.50960000418
            ],
            [
              252117.94780000206,
              454157.79220000096
            ],
            [
              252125.47269999981,
              454153.82920000143
            ],
            [
              252138.24790000077,
              454150.39379999973
            ],
            [
              252150.76520000026,
              454148.4579000026
            ],
            [
              252161.01160000172,
              454150.26230000146
            ],
            [
              252174.76130000316,
              454151.83480000123
            ],
            [
              252189.25480000209,
              454154.6620000042
            ],
            [
              252198.49810000043,
              454156.96140000224
            ],
            [
              252206.2471000012,
              454158.00239999965
            ],
            [
              252216.26040000096,
              454156.55380000174
            ],
            [
              252228.29820000008,
              454150.61309999973
            ],
            [
              252241.84340000059,
              454143.42960000224
            ],
            [
              252254.87660000194,
              454138.49469999969
            ],
            [
              252271.41810000222,
              454132.32729999907
            ],
            [
              252283.96410000138,
              454124.88840000331
            ],
            [
              252297.49880000297,
              454119.7060000021
            ],
            [
              252311.52600000054,
              454116.02700000256
            ],
            [
              252322.79260000214,
              454114.08459999971
            ],
            [
              252334.30010000151,
              454113.89440000057
            ],
            [
              252346.52680000197,
              454119.71150000207
            ],
            [
              252358.23759999964,
              454128.52750000171
            ],
            [
              252364.71110000089,
              454134.31460000016
            ],
            [
              252369.1705000028,
              454142.59249999933
            ],
            [
              252374.60960000008,
              454154.87790000066
            ],
            [
              252378.29380000196,
              454167.90450000763
            ],
            [
              252382.98510000017,
              454179.6857000012
            ],
            [
              252384.17710000183,
              454190.94840000197
            ],
            [
              252390.36530000065,
              454203.48780000024
            ],
            [
              252397.30520000216,
              454215.78100000322
            ],
            [
              252404.2452000007,
              454228.07420000434
            ],
            [
              252410.677000002,
              454241.86549999937
            ],
            [
              252412.86690000165,
              454253.63370000385
            ],
            [
              252415.56360000186,
              454264.15380000323
            ],
            [
              252418.74629999977,
              454277.42789999954
            ],
            [
              252420.95580000058,
              454285.444000002
            ],
            [
              252426.17470000125,
              454291.97490000166
            ],
            [
              252433.65919999965,
              454295.76610000245
            ],
            [
              252444.65350000188,
              454298.07470000163
            ],
            [
              252456.64180000033,
              454301.63919999823
            ],
            [
              252468.628800001,
              454305.45390000381
            ],
            [
              252474.11220000125,
              454309.23460000195
            ],
            [
              252481.58500000276,
              454315.2770000007
            ],
            [
              252487.05279999878,
              454322.05939999968
            ],
            [
              252492.2678000005,
              454329.34070000425
            ],
            [
              252500.48710000049,
              454336.13739999942
            ],
            [
              252510.20459999982,
              454343.44220000133
            ],
            [
              252521.18580000289,
              454348.25220000185
            ],
            [
              252531.93250000011,
              454350.05920000188
            ],
            [
              252539.93560000043,
              454350.35110000148
            ],
            [
              252552.67300000042,
              454354.1697000023
            ],
            [
              252559.65070000198,
              454359.2089000009
            ],
            [
              252564.36550000217,
              454366.48760000058
            ],
            [
              252566.81989999954,
              454375.5055999998
            ],
            [
              252566.77940000221,
              454383.25980000198
            ],
            [
              252568.74270000029,
              454390.52419999987
            ],
            [
              252572.70840000175,
              454397.54890000448
            ],
            [
              252578.93700000364,
              454402.33400000073
            ],
            [
              252583.40820000228,
              454408.36079999991
            ],
            [
              252583.87189999875,
              454415.36720000021
            ],
            [
              252581.59720000252,
              454419.85790000297
            ],
            [
              252581.57110000029,
              454424.86070000194
            ],
            [
              252583.78839999996,
              454431.3759000022
            ],
            [
              252588.51890000049,
              454435.65300000086
            ],
            [
              252594.01530000102,
              454436.93240000308
            ],
            [
              252602.02100000344,
              454436.72399999946
            ],
            [
              252609.0131000001,
              454439.01170000061
            ],
            [
              252615.98950000387,
              454444.30110000074
            ],
            [
              252620.7134000035,
              454449.82890000008
            ],
            [
              252624.6791000003,
              454456.85359999724
            ],
            [
              252629.12280000187,
              454468.1332000047
            ],
            [
              252636.05879999977,
              454481.17679999955
            ],
            [
              252642.50110000093,
              454492.96710000373
            ],
            [
              252649.45140000246,
              454503.25919999927
            ],
            [
              252657.4271000009,
              454508.80389999971
            ],
            [
              252670.90570000187,
              454514.37739999965
            ],
            [
              252684.1408000011,
              454518.69879999943
            ],
            [
              252695.88940000162,
              454520.26090000011
            ],
            [
              252707.14550000057,
              454520.31960000098
            ],
            [
              252717.66690000147,
              454517.37270000018
            ],
            [
              252726.43860000093,
              454514.16659999825
            ],
            [
              252735.70409999974,
              454512.21380000003
            ],
            [
              252743.96120000351,
              454511.756500002
            ],
            [
              252752.71600000095,
              454511.80220000073
            ],
            [
              252765.46380000003,
              454513.61970000155
            ],
            [
              252777.20710000023,
              454516.18230000138
            ],
            [
              252791.46100000013,
              454517.00710000284
            ],
            [
              252799.70110000204,
              454519.80160000175
            ],
            [
              252811.67250000127,
              454526.61790000275
            ],
            [
              252815.37760000024,
              454535.64240000024
            ],
            [
              252819.32500000112,
              454546.16900000162
            ],
            [
              252823.52900000103,
              454555.44620000198
            ],
            [
              252828.47960000113,
              454565.47770000063
            ],
            [
              252836.43439999968,
              454575.02460000105
            ],
            [
              252842.65000000037,
              454582.31119999848
            ],
            [
              252849.6146999998,
              454589.85179999843
            ],
            [
              252860.58540000021,
              454596.66280000098
            ],
            [
              252872.31579999998,
              454601.72690000199
            ],
            [
              252883.79470000323,
              454607.03970000148
            ],
            [
              252896.76779999956,
              454613.61110000312
            ],
            [
              252901.46830000356,
              454623.64130000025
            ],
            [
              252904.41119999997,
              454634.91310000233
            ],
            [
              252908.1163000036,
              454643.93759999983
            ],
            [
              252913.83160000201,
              454651.22149999812
            ],
            [
              252918.53330000211,
              454661.00160000101
            ],
            [
              252926.92320000194,
              454683.05800000392
            ],
            [
              252930.86930000037,
              454693.83469999954
            ],
            [
              252932.8208000008,
              454703.35030000284
            ],
            [
              252932.03519999981,
              454710.10010000132
            ],
            [
              252929.74880000111,
              454716.8420000039
            ],
            [
              252929.95060000103,
              454726.09840000048
            ],
            [
              252931.8943000026,
              454737.11480000056
            ],
            [
              252935.09000000171,
              454747.88759999909
            ],
            [
              252939.55069999956,
              454755.91550000198
            ],
            [
              252943.0056999987,
              454764.93860000186
            ],
            [
              252943.9580000015,
              454774.19890000112
            ],
            [
              252941.15690000262,
              454783.68969999999
            ],
            [
              252936.85760000069,
              454792.6724999994
            ],
            [
              252933.82990000024,
              454797.65950000286
            ],
            [
              252928.05070000049,
              454802.6323000025
            ],
            [
              252925.01650000084,
              454808.86999999918
            ],
            [
              252924.7089000009,
              454819.87470000237
            ],
            [
              252924.21590000018,
              454827.4672000017
            ],
            [
              252924.9568000026,
              454832.52370000072
            ],
            [
              252927.24040000141,
              454833.6443000026
            ]
          ]
        ]
      }
    }
  ]
}