{
  "displayFieldName" : "",
  "fieldAliases" : {
    "FID" : "FID",
    "PMNTN_SN" : "PMNTN_SN",
    "MNTN_CODE" : "MNTN_CODE",
    "MNTN_NM" : "MNTN_NM",
    "PMNTN_NM" : "PMNTN_NM",
    "PMNTN_MAIN" : "PMNTN_MAIN",
    "PMNTN_LT" : "PMNTN_LT",
    "PMNTN_DFFL" : "PMNTN_DFFL",
    "PMNTN_UPPL" : "PMNTN_UPPL",
    "PMNTN_GODN" : "PMNTN_GODN",
    "PMNTN_MTRQ" : "PMNTN_MTRQ",
    "PMNTN_CNRL" : "PMNTN_CNRL",
    "PMNTN_CLS_" : "PMNTN_CLS_",
    "PMNTN_RISK" : "PMNTN_RISK",
    "PMNTN_RECO" : "PMNTN_RECO",
    "DATA_STDR_" : "DATA_STDR_",
    "MNTN_ID" : "MNTN_ID"
  },
  "geometryType" : "esriGeometryPolyline",
  "spatialReference" : {
    "wkt" : "PROJCS[\"PCS_ITRF2000_TM\",GEOGCS[\"GCS_ITRF_2000\",DATUM[\"D_ITRF_2000\",SPHEROID[\"GRS_1980\",6378137.0,298.257222101]],PRIMEM[\"Greenwich\",0.0],UNIT[\"Degree\",0.0174532925199433]],PROJECTION[\"Transverse_Mercator\"],PARAMETER[\"False_Easting\",200000.0],PARAMETER[\"False_Northing\",600000.0],PARAMETER[\"Central_Meridian\",127.0],PARAMETER[\"Scale_Factor\",1.0],PARAMETER[\"Latitude_Of_Origin\",38.0],UNIT[\"Meter\",1.0]]"
  },
  "fields" : [
    {
      "name" : "FID",
      "type" : "esriFieldTypeOID",
      "alias" : "FID"
    },
    {
      "name" : "PMNTN_SN",
      "type" : "esriFieldTypeDouble",
      "alias" : "PMNTN_SN"
    },
    {
      "name" : "MNTN_CODE",
      "type" : "esriFieldTypeString",
      "alias" : "MNTN_CODE",
      "length" : 9
    },
    {
      "name" : "MNTN_NM",
      "type" : "esriFieldTypeString",
      "alias" : "MNTN_NM",
      "length" : 50
    },
    {
      "name" : "PMNTN_NM",
      "type" : "esriFieldTypeString",
      "alias" : "PMNTN_NM",
      "length" : 50
    },
    {
      "name" : "PMNTN_MAIN",
      "type" : "esriFieldTypeString",
      "alias" : "PMNTN_MAIN",
      "length" : 200
    },
    {
      "name" : "PMNTN_LT",
      "type" : "esriFieldTypeSingle",
      "alias" : "PMNTN_LT"
    },
    {
      "name" : "PMNTN_DFFL",
      "type" : "esriFieldTypeString",
      "alias" : "PMNTN_DFFL",
      "length" : 8
    },
    {
      "name" : "PMNTN_UPPL",
      "type" : "esriFieldTypeDouble",
      "alias" : "PMNTN_UPPL"
    },
    {
      "name" : "PMNTN_GODN",
      "type" : "esriFieldTypeDouble",
      "alias" : "PMNTN_GODN"
    },
    {
      "name" : "PMNTN_MTRQ",
      "type" : "esriFieldTypeString",
      "alias" : "PMNTN_MTRQ",
      "length" : 200
    },
    {
      "name" : "PMNTN_CNRL",
      "type" : "esriFieldTypeString",
      "alias" : "PMNTN_CNRL",
      "length" : 1
    },
    {
      "name" : "PMNTN_CLS_",
      "type" : "esriFieldTypeString",
      "alias" : "PMNTN_CLS_",
      "length" : 1
    },
    {
      "name" : "PMNTN_RISK",
      "type" : "esriFieldTypeString",
      "alias" : "PMNTN_RISK",
      "length" : 200
    },
    {
      "name" : "PMNTN_RECO",
      "type" : "esriFieldTypeString",
      "alias" : "PMNTN_RECO",
      "length" : 1
    },
    {
      "name" : "DATA_STDR_",
      "type" : "esriFieldTypeString",
      "alias" : "DATA_STDR_",
      "length" : 10
    },
    {
      "name" : "MNTN_ID",
      "type" : "esriFieldTypeString",
      "alias" : "MNTN_ID",
      "length" : 10
    }
  ],
  "features" : [
    {
      "attributes" : {
        "FID" : 0,
        "PMNTN_SN" : 18288,
        "MNTN_CODE" : "479201301",
        "MNTN_NM" : "문수산",
        "PMNTN_NM" : "축서사구간",
        "PMNTN_MAIN" : "축서사 - 문수산 - 축서사",
        "PMNTN_LT" : 0.94,
        "PMNTN_DFFL" : "쉬움",
        "PMNTN_UPPL" : 17,
        "PMNTN_GODN" : 12,
        "PMNTN_MTRQ" : " ",
        "PMNTN_CNRL" : " ",
        "PMNTN_CLS_" : " ",
        "PMNTN_RISK" : " ",
        "PMNTN_RECO" : " ",
        "DATA_STDR_" : "2016-12-31",
        "MNTN_ID" : "479201301"
      },
      "geometry" : {
        "paths" : [
          [
            [
              360752.95729999989,
              488954.03189999983
            ],
            [
              360744.31270000059,
              488943.89169999957
            ],
            [
              360707.1481999997,
              488934.64820000343
            ],
            [
              360665.9068999989,
              488932.11270000227
            ],
            [
              360641.19640000071,
              488929.03290000185
            ],
            [
              360605.50480000023,
              488915.03670000099
            ],
            [
              360576.97730000038,
              488920.06320000067
            ],
            [
              360528.3870000001,
              488938.01520000026
            ],
            [
              360502.02950000018,
              488945.70419999957
            ],
            [
              360471.75920000114,
              488935.42270000279
            ],
            [
              360457.88280000072,
              488911.52930000238
            ],
            [
              360447.26060000155,
              488888.80950000323
            ],
            [
              360441.27050000057,
              488868.97040000185
            ],
            [
              360419.10470000096,
              488852.3321000021
            ],
            [
              360412.62630000059,
              488834.01980000176
            ],
            [
              360392.00730000064,
              488813.67740000039
            ],
            [
              360382.66010000091,
              488785.2870000042
            ],
            [
              360361.5633000005,
              488770.72080000304
            ],
            [
              360327.46500000171,
              488739.65340000018
            ],
            [
              360307.42290000059,
              488716.24389999919
            ],
            [
              360277.90100000054,
              488680.29240000248
            ],
            [
              360257.16880000103,
              488658.47069999948
            ],
            [
              360234.69149999972,
              488634.60730000213
            ],
            [
              360219.79740000144,
              488613.41860000044
            ],
            [
              360191.26099999994,
              488599.73660000227
            ],
            [
              360164.48380000051,
              488585.44880000129
            ],
            [
              360136.34999999963,
              488586.58320000209
            ],
            [
              360122.19460000005,
              488579.37989999913
            ],
            [
              360118.78820000123,
              488566.07719999924
            ],
            [
              360149.61120000109,
              488552.15960000455
            ],
            [
              360163.68969999999,
              488537.39020000026
            ],
            [
              360173.23249999993,
              488537.24840000086
            ],
            [
              360200.41079999972,
              488527.7575000003
            ],
            [
              360206.8273,
              488517.54830000177
            ]
          ]
        ]
      }
    },
    {
      "attributes" : {
        "FID" : 1,
        "PMNTN_SN" : 18289,
        "MNTN_CODE" : "479201301",
        "MNTN_NM" : "문수산",
        "PMNTN_NM" : "축서사구간",
        "PMNTN_MAIN" : "축서사 - 문수산 - 축서사",
        "PMNTN_LT" : 2.47,
        "PMNTN_DFFL" : "쉬움",
        "PMNTN_UPPL" : 44,
        "PMNTN_GODN" : 31,
        "PMNTN_MTRQ" : " ",
        "PMNTN_CNRL" : " ",
        "PMNTN_CLS_" : " ",
        "PMNTN_RISK" : " ",
        "PMNTN_RECO" : " ",
        "DATA_STDR_" : "2016-12-31",
        "MNTN_ID" : "479201301"
      },
      "geometry" : {
        "paths" : [
          [
            [
              360752.95729999989,
              488954.03189999983
            ],
            [
              360784.90050000045,
              488940.95099999942
            ],
            [
              360811.06940000225,
              488893.66330000199
            ],
            [
              360884.98530000076,
              488811.02439999767
            ],
            [
              360910.69510000106,
              488758.22740000114
            ],
            [
              360951.09630000032,
              488715.5307
            ],
            [
              360970.83779999986,
              488677.88410000317
            ],
            [
              361012.15720000211,
              488631.51449999958
            ],
            [
              361057.14950000122,
              488578.71750000305
            ],
            [
              361098.92800000031,
              488553.92589999922
            ],
            [
              361137.95189999882,
              488528.21600000188
            ],
            [
              361175.98340000026,
              488500.05450000055
            ],
            [
              361235.28210000042,
              488468.07330000028
            ],
            [
              361258.69639999978,
              488460.2685000021
            ],
            [
              361252.89870000072,
              488435.21429999731
            ],
            [
              361245.84150000103,
              488404.71690000221
            ],
            [
              361227.93640000094,
              488350.08339999989
            ],
            [
              361201.76740000024,
              488293.61350000277
            ],
            [
              361192.58530000132,
              488265.14910000004
            ],
            [
              361191.25590000208,
              488237.99100000039
            ],
            [
              361189.37160000019,
              488199.4971000012
            ],
            [
              361181.10770000052,
              488165.52340000123
            ],
            [
              361170.08920000028,
              488137.97710000165
            ],
            [
              361165.62440000102,
              488132.18940000236
            ],
            [
              361165.59920000192,
              488132.15670000017
            ],
            [
              361165.57390000112,
              488132.1240000017
            ],
            [
              361132.90170000028,
              488089.77110000327
            ],
            [
              361114.99670000095,
              488051.66540000215
            ],
            [
              361108.1101000011,
              488025.03730000183
            ],
            [
              361082.85930000059,
              488012.64150000177
            ],
            [
              361051.64020000026,
              488006.21409999952
            ],
            [
              361012.61630000081,
              487983.71790000238
            ],
            [
              360994.25219999999,
              487979.1269000005
            ],
            [
              360935.02770000044,
              487980.96330000274
            ],
            [
              360903.80850000121,
              487975.91320000216
            ],
            [
              360868.91660000011,
              487944.23489999957
            ],
            [
              360836.32020000182,
              487909.80210000463
            ],
            [
              360820.71059999987,
              487901.53820000216
            ],
            [
              360776.63659999985,
              487883.63309999928
            ],
            [
              360727.51240000129,
              487871.23729999922
            ],
            [
              360716.95300000068,
              487874.45100000314
            ],
            [
              360693.99770000111,
              487878.58300000243
            ],
            [
              360656.81030000001,
              487885.01040000096
            ],
            [
              360634.31410000008,
              487884.55130000226
            ],
            [
              360608.14520000108,
              487880.87849999964
            ],
            [
              360588.88310000114,
              487869.80660000257
            ],
            [
              360556.42879999988,
              487866.09469999932
            ],
            [
              360524.56850000191,
              487870.18090000004
            ],
            [
              360506.47989999969,
              487884.12300000153
            ],
            [
              360494.52580000088,
              487893.3367999997
            ],
            [
              360469.27180000022,
              487912.51219999976
            ],
            [
              360450.13679999951,
              487926.71759999916
            ],
            [
              360426.18859999999,
              487962.19480000064
            ],
            [
              360400.81120000128,
              487988.94019999914
            ],
            [
              360344.29040000122,
              488028.43200000003
            ],
            [
              360315.78699999861,
              488064.11220000125
            ],
            [
              360287.29470000137,
              488105.41029999964
            ],
            [
              360278.27209999971,
              488148.19880000129
            ],
            [
              360290.88150000107,
              488184.26710000262
            ],
            [
              360291.75910000131,
              488210.25769999996
            ],
            [
              360287.60490000062,
              488249.25889999978
            ],
            [
              360303.8228000002,
              488273.49279999919
            ],
            [
              360329.46390000079,
              488281.29430000111
            ],
            [
              360339.79790000152,
              488294.56350000016
            ],
            [
              360339.60850000195,
              488307.03999999911
            ],
            [
              360359.61269999947,
              488312.08870000392
            ],
            [
              360359.61269999947,
              488319.91900000162
            ],
            [
              360341.64900000114,
              488335.11910000071
            ],
            [
              360336.12170000002,
              488344.3311999999
            ],
            [
              360334.27929999959,
              488359.07069999911
            ]
          ]
        ]
      }
    },
    {
      "attributes" : {
        "FID" : 2,
        "PMNTN_SN" : 18290,
        "MNTN_CODE" : "479201301",
        "MNTN_NM" : "문수산",
        "PMNTN_NM" : " ",
        "PMNTN_MAIN" : " ",
        "PMNTN_LT" : 0.36,
        "PMNTN_DFFL" : "쉬움",
        "PMNTN_UPPL" : 6,
        "PMNTN_GODN" : 4,
        "PMNTN_MTRQ" : " ",
        "PMNTN_CNRL" : " ",
        "PMNTN_CLS_" : " ",
        "PMNTN_RISK" : " ",
        "PMNTN_RECO" : " ",
        "DATA_STDR_" : "2016-12-31",
        "MNTN_ID" : "479201301"
      },
      "geometry" : {
        "paths" : [
          [
            [
              360512.65160000045,
              489209.62600000016
            ],
            [
              360526.88370000105,
              489180.60360000096
            ],
            [
              360538.82039999869,
              489161.32120000012
            ],
            [
              360553.05260000005,
              489144.79350000247
            ],
            [
              360588.40369999874,
              489116.32900000177
            ],
            [
              360662.31950000208,
              489037.3629999999
            ],
            [
              360692.62040000129,
              488995.58450000174
            ],
            [
              360727.51240000129,
              488965.7426999975
            ],
            [
              360752.95729999989,
              488954.03189999983
            ]
          ]
        ]
      }
    },
    {
      "attributes" : {
        "FID" : 3,
        "PMNTN_SN" : 18291,
        "MNTN_CODE" : "479201301",
        "MNTN_NM" : "문수산",
        "PMNTN_NM" : "서벽리구간",
        "PMNTN_MAIN" : " ",
        "PMNTN_LT" : 1.97,
        "PMNTN_DFFL" : "쉬움",
        "PMNTN_UPPL" : 35,
        "PMNTN_GODN" : 24,
        "PMNTN_MTRQ" : " ",
        "PMNTN_CNRL" : " ",
        "PMNTN_CLS_" : " ",
        "PMNTN_RISK" : " ",
        "PMNTN_RECO" : " ",
        "DATA_STDR_" : "2016-12-31",
        "MNTN_ID" : "479201301"
      },
      "geometry" : {
        "paths" : [
          [
            [
              360512.65160000045,
              489209.62600000016
            ],
            [
              360507.00739999861,
              489240.80720000155
            ],
            [
              360490.64410000015,
              489273.54930000193
            ],
            [
              360494.12100000121,
              489317.87350000255
            ],
            [
              360507.81250000093,
              489362.05890000239
            ],
            [
              360531.67270000093,
              489387.63959999941
            ],
            [
              360553.75700000115,
              489397.18209999986
            ],
            [
              360586.09389999975,
              489417.4664000012
            ],
            [
              360601.06390000228,
              489441.52690000273
            ],
            [
              360614.10479999986,
              489450.45820000023
            ],
            [
              360632.53690000065,
              489465.05680000223
            ],
            [
              360653.90720000025,
              489477.00119999982
            ],
            [
              360693.83280000091,
              489504.90509999916
            ],
            [
              360716.39250000007,
              489549.53810000047
            ],
            [
              360735.13740000036,
              489588.90380000137
            ],
            [
              360744.04810000025,
              489632.98409999907
            ],
            [
              360779.78910000063,
              489671.32900000177
            ],
            [
              360792.27909999993,
              489693.05619999953
            ],
            [
              360802.94930000044,
              489702.29340000078
            ],
            [
              360820.0856999997,
              489736.81080000103
            ],
            [
              360844.2677000016,
              489754.69380000234
            ],
            [
              360856.72559999954,
              489774.39699999988
            ],
            [
              360858.12660000101,
              489813.35989999957
            ],
            [
              360861.61369999964,
              489849.26750000194
            ],
            [
              360858.00250000134,
              489887.51650000177
            ],
            [
              360850.07620000001,
              489922.07960000075
            ],
            [
              360858.35109999869,
              489965.32359999977
            ],
            [
              360860.2929000007,
              490001.66009999998
            ],
            [
              360862.23080000002,
              490016.03280000202
            ],
            [
              360875.61160000041,
              490061.34990000352
            ],
            [
              360882.52510000207,
              490111.24670000374
            ],
            [
              360883.95500000101,
              490174.5501000043
            ],
            [
              360889.17490000091,
              490209.10780000128
            ],
            [
              360903.34560000058,
              490264.7324000001
            ],
            [
              360894.9943000013,
              490310.65160000138
            ],
            [
              360905.0719000008,
              490344.21100000292
            ],
            [
              360914.40170000028,
              490400.70400000364
            ],
            [
              360905.86459999997,
              490437.59370000102
            ],
            [
              360908.78910000063,
              490478.70920000225
            ],
            [
              360922.91670000087,
              490506.69120000117
            ],
            [
              360942.22700000089,
              490541.25820000097
            ],
            [
              360942.42660000082,
              490541.5308000017
            ],
            [
              360947.46140000038,
              490548.40590000153
            ],
            [
              360954.72710000072,
              490551.28630000167
            ],
            [
              360961.07940000109,
              490554.90450000204
            ],
            [
              360970.69519999996,
              490560.18349999934
            ],
            [
              360972.40360000171,
              490566.35600000061
            ],
            [
              360975.79160000104,
              490589.60410000011
            ],
            [
              360979.26999999955,
              490627.32140000165
            ],
            [
              360974.3861000007,
              490643.92810000107
            ],
            [
              360967.92729999963,
              490655.30850000121
            ],
            [
              360967.87340000086,
              490666.12210000306
            ],
            [
              360962.77290000208,
              490676.31799999997
            ],
            [
              360955.24290000089,
              490682.67049999908
            ],
            [
              360917.69290000107,
              490693.70500000007
            ],
            [
              360914.92950000055,
              490707.45399999805
            ],
            [
              360905.3515000008,
              490730.22270000167
            ],
            [
              360904.0596000012,
              490734.0065999981
            ],
            [
              360898.63470000029,
              490755.19979999959
            ],
            [
              360894.43649999984,
              490760.09440000169
            ],
            [
              360881.56410000008,
              490775.79450000077
            ],
            [
              360876.13290000055,
              490778.55610000156
            ],
            [
              360870.6043999996,
              490781.28250000067
            ],
            [
              360863.71710000187,
              490788.03590000235
            ],
            [
              360860.43130000029,
              490800.22050000168
            ],
            [
              360858.34659999982,
              490815.18569999933
            ],
            [
              360858.8387000002,
              490827.52880000137
            ],
            [
              360851.9626000002,
              490850.51830000058
            ],
            [
              360849.43699999992,
              490868.77999999933
            ],
            [
              360851.43909999914,
              490881.76970000006
            ],
            [
              360854.6061000023,
              490893.88710000366
            ],
            [
              360855.77460000198,
              490898.2276000008
            ],
            [
              360856.80370000098,
              490902.2378000021
            ],
            [
              360860.57200000063,
              490900.97360000201
            ],
            [
              360868.56660000049,
              490898.59249999933
            ],
            [
              360883.15390000213,
              490901.31430000067
            ]
          ]
        ]
      }
    },
    {
      "attributes" : {
        "FID" : 4,
        "PMNTN_SN" : 18292,
        "MNTN_CODE" : "479201301",
        "MNTN_NM" : "문수산",
        "PMNTN_NM" : "오전리구간",
        "PMNTN_MAIN" : " ",
        "PMNTN_LT" : 3.73,
        "PMNTN_DFFL" : "쉬움",
        "PMNTN_UPPL" : 66,
        "PMNTN_GODN" : 46,
        "PMNTN_MTRQ" : " ",
        "PMNTN_CNRL" : " ",
        "PMNTN_CLS_" : " ",
        "PMNTN_RISK" : " ",
        "PMNTN_RECO" : " ",
        "DATA_STDR_" : "2016-12-31",
        "MNTN_ID" : "479201301"
      },
      "geometry" : {
        "paths" : [
          [
            [
              357762.51429999992,
              490853.10350000113
            ],
            [
              357758.34340000059,
              490836.53779999912
            ],
            [
              357763.84260000009,
              490820.52209999971
            ],
            [
              357764.76110000163,
              490817.84690000117
            ],
            [
              357768.70060000196,
              490814.49100000039
            ],
            [
              357782.48120000027,
              490801.88079999946
            ],
            [
              357784.32490000036,
              490799.73579999991
            ],
            [
              357797.9719000021,
              490783.85830000229
            ],
            [
              357845.9692000011,
              490746.14630000107
            ],
            [
              357850.4683000017,
              490710.16719999909
            ],
            [
              357853.54990000091,
              490698.66620000266
            ],
            [
              357860.39030000102,
              490682.81620000117
            ],
            [
              357888.04789999966,
              490635.58789999969
            ],
            [
              357926.13080000132,
              490583.26880000159
            ],
            [
              357936.77359999996,
              490578.4373000022
            ],
            [
              357973.9048000006,
              490557.63350000232
            ],
            [
              358015.84390000161,
              490548.35560000129
            ],
            [
              358031.1884000022,
              490545.53840000369
            ],
            [
              358035.27960000187,
              490544.78730000183
            ],
            [
              358039.64730000123,
              490544.09150000103
            ],
            [
              358055.26809999999,
              490537.36550000124
            ],
            [
              358065.61640000157,
              490529.23560000211
            ],
            [
              358073.09060000163,
              490523.36370000057
            ],
            [
              358108.34820000175,
              490488.11330000311
            ],
            [
              358148.58910000045,
              490481.90240000375
            ],
            [
              358150.1735000005,
              490479.55930000171
            ],
            [
              358181.31819999963,
              490433.50010000169
            ],
            [
              358210.70090000052,
              490385.75320000015
            ],
            [
              358229.06510000024,
              490361.4207000006
            ],
            [
              358252.4793999996,
              490341.22010000236
            ],
            [
              358299.76719999965,
              490299.90070000105
            ],
            [
              358316.93509999942,
              490279.62529999949
            ],
            [
              358334.20010000002,
              490261.33590000123
            ],
            [
              358342.31670000125,
              490260.07210000046
            ],
            [
              358364.55510000139,
              490246.883100003
            ],
            [
              358394.34280000068,
              490239.29890000261
            ],
            [
              358431.98929999955,
              490226.90300000273
            ],
            [
              358442.54870000016,
              490220.47560000047
            ],
            [
              358469.63590000104,
              490178.23800000362
            ],
            [
              358494.88670000061,
              490142.88690000214
            ],
            [
              358522.89200000186,
              490110.74960000254
            ],
            [
              358530.23770000134,
              490100.19019999914
            ],
            [
              358530.69680000003,
              490078.61229999922
            ],
            [
              358527.9422000004,
              490050.14780000225
            ],
            [
              358534.82880000118,
              490015.25580000132
            ],
            [
              358549.06099999975,
              489980.36390000209
            ],
            [
              358589.92130000051,
              489917.92560000159
            ],
            [
              358609.92870000005,
              489901.59310000204
            ],
            [
              358613.3256000001,
              489899.33450000174
            ],
            [
              358625.27240000106,
              489896.34770000167
            ],
            [
              358676.69210000057,
              489893.13400000148
            ],
            [
              358718.01150000002,
              489891.75669999979
            ],
            [
              358743.26230000053,
              489879.8200000003
            ],
            [
              358772.64499999955,
              489868.34229999967
            ],
            [
              358832.32860000059,
              489867.88320000097
            ],
            [
              358863.08860000037,
              489870.17879999988
            ],
            [
              358925.06770000048,
              489872.47430000082
            ],
            [
              358961.79610000085,
              489877.52439999953
            ],
            [
              358987.50590000115,
              489889.00210000016
            ],
            [
              359004.03369999956,
              489894.97039999999
            ],
            [
              359066.01279999875,
              489911.49819999933
            ],
            [
              359084.37700000126,
              489920.22120000049
            ],
            [
              359103.65940000117,
              489942.25820000097
            ],
            [
              359116.05520000029,
              489952.35850000009
            ],
            [
              359169.77040000074,
              489961.54060000181
            ],
            [
              359187.67550000083,
              489969.80450000428
            ],
            [
              359223.94479999971,
              489991.38239999861
            ],
            [
              359245.06360000186,
              489998.72809999995
            ],
            [
              359289.13760000095,
              490005.6146000009
            ],
            [
              359349.28029999975,
              490029.48809999973
            ],
            [
              359391.51800000109,
              490046.93400000036
            ],
            [
              359407.12750000227,
              490046.93400000036
            ],
            [
              359447.98780000024,
              490001.48269999959
            ],
            [
              359471.40220000129,
              489984.49579999968
            ],
            [
              359513.18070000038,
              489960.62240000255
            ],
            [
              359577.91440000013,
              489920.22120000049
            ],
            [
              359649.99390000012,
              489867.88320000097
            ],
            [
              359674.78550000116,
              489857.32380000129
            ],
            [
              359697.74069999997,
              489838.95969999954
            ],
            [
              359706.46370000113,
              489810.49520000257
            ],
            [
              359718.22170000058,
              489780.89760000259
            ],
            [
              359719.77780000027,
              489776.98050000332
            ],
            [
              359728.22670000046,
              489769.49169999734
            ],
            [
              359739.9784000013,
              489759.07540000044
            ],
            [
              359772.11569999997,
              489734.28380000032
            ],
            [
              359807.46670000069,
              489728.31540000252
            ],
            [
              359835.93120000139,
              489731.98829999939
            ],
            [
              359872.93149999995,
              489739.8245000001
            ],
            [
              359891.02379999962,
              489748.51600000262
            ],
            [
              359935.09779999964,
              489779.73520000093
            ],
            [
              359942.90260000061,
              489781.11250000261
            ],
            [
              359954.83930000104,
              489775.60319999978
            ],
            [
              359965.39869999886,
              489754.94349999912
            ],
            [
              359983.76290000044,
              489720.05159999989
            ],
            [
              360002.58619999979,
              489654.85869999975
            ],
            [
              360007.88490000181,
              489644.26129999943
            ],
            [
              360017.73670000024,
              489624.5578000024
            ],
            [
              360031.50979999918,
              489606.65269999951
            ],
            [
              360056.37710000109,
              489582.15460000187
            ],
            [
              360091.65250000078,
              489585.99300000258
            ],
            [
              360107.26209999993,
              489583.69750000164
            ],
            [
              360120.14740000013,
              489578.22120000236
            ],
            [
              360125.51439999975,
              489576.01380000077
            ],
            [
              360127.43290000129,
              489573.9354000017
            ],
            [
              360153.17250000127,
              489546.05089999922
            ],
            [
              360172.91399999987,
              489529.52309999987
            ],
            [
              360208.26510000136,
              489508.40430000238
            ],
            [
              360224.70749999862,
              489489.48420000076
            ],
            [
              360241.77970000077,
              489469.83950000256
            ],
            [
              360261.52120000217,
              489452.39360000193
            ],
            [
              360295.03580000065,
              489426.68370000087
            ],
            [
              360338.19170000032,
              489396.38279999979
            ],
            [
              360368.95170000009,
              489372.96850000136
            ],
            [
              360398.79350000061,
              489359.65440000035
            ],
            [
              360421.28959999979,
              489344.96309999935
            ],
            [
              360447.91770000104,
              489314.662200002
            ],
            [
              360503.4693,
              489228.35050000064
            ],
            [
              360512.65160000045,
              489209.62600000016
            ]
          ]
        ]
      }
    }
  ]
}