{
  "displayFieldName" : "",
  "fieldAliases" : {
    "FID" : "FID",
    "PMNTN_SPOT" : "PMNTN_SPOT",
    "MNTN_CODE" : "MNTN_CODE",
    "MANAGE_SP1" : "MANAGE_SP1",
    "MANAGE_SP2" : "MANAGE_SP2",
    "DETAIL_SPO" : "DETAIL_SPO",
    "ETC_MATTER" : "ETC_MATTER",
    "MNTN_NM" : "MNTN_NM",
    "PAST_SPOT_" : "PAST_SPOT_",
    "MNTN_ID" : "MNTN_ID"
  },
  "geometryType" : "esriGeometryPoint",
  "spatialReference" : {
    "wkt" : "PROJCS[\"PCS_ITRF2000_TM\",GEOGCS[\"GCS_ITRF_2000\",DATUM[\"D_ITRF_2000\",SPHEROID[\"GRS_1980\",6378137.0,298.257222101]],PRIMEM[\"Greenwich\",0.0],UNIT[\"Degree\",0.0174532925199433]],PROJECTION[\"Transverse_Mercator\"],PARAMETER[\"False_Easting\",200000.0],PARAMETER[\"False_Northing\",600000.0],PARAMETER[\"Central_Meridian\",127.0],PARAMETER[\"Scale_Factor\",1.0],PARAMETER[\"Latitude_Of_Origin\",38.0],UNIT[\"Meter\",1.0]]"
  },
  "fields" : [
    {
      "name" : "FID",
      "type" : "esriFieldTypeOID",
      "alias" : "FID"
    },
    {
      "name" : "PMNTN_SPOT",
      "type" : "esriFieldTypeDouble",
      "alias" : "PMNTN_SPOT"
    },
    {
      "name" : "MNTN_CODE",
      "type" : "esriFieldTypeString",
      "alias" : "MNTN_CODE",
      "length" : 9
    },
    {
      "name" : "MANAGE_SP1",
      "type" : "esriFieldTypeString",
      "alias" : "MANAGE_SP1",
      "length" : 2
    },
    {
      "name" : "MANAGE_SP2",
      "type" : "esriFieldTypeString",
      "alias" : "MANAGE_SP2",
      "length" : 50
    },
    {
      "name" : "DETAIL_SPO",
      "type" : "esriFieldTypeString",
      "alias" : "DETAIL_SPO",
      "length" : 200
    },
    {
      "name" : "ETC_MATTER",
      "type" : "esriFieldTypeString",
      "alias" : "ETC_MATTER",
      "length" : 200
    },
    {
      "name" : "MNTN_NM",
      "type" : "esriFieldTypeString",
      "alias" : "MNTN_NM",
      "length" : 50
    },
    {
      "name" : "PAST_SPOT_",
      "type" : "esriFieldTypeString",
      "alias" : "PAST_SPOT_",
      "length" : 14
    },
    {
      "name" : "MNTN_ID",
      "type" : "esriFieldTypeString",
      "alias" : "MNTN_ID",
      "length" : 10
    }
  ],
  "features" : [
    {
      "attributes" : {
        "FID" : 0,
        "PMNTN_SPOT" : 64807,
        "MNTN_CODE" : "422302104",
        "MANAGE_SP1" : "01",
        "MANAGE_SP2" : "시종점",
        "DETAIL_SPO" : "시종점",
        "ETC_MATTER" : " ",
        "MNTN_NM" : "영은사뒷산",
        "PAST_SPOT_" : "4223051010001",
        "MNTN_ID" : "422305101"
      },
      "geometry" : {
        "x" : 399249.37270004675,
        "y" : 521584.12940000556
      }
    },
    {
      "attributes" : {
        "FID" : 1,
        "PMNTN_SPOT" : 64808,
        "MNTN_CODE" : "422302104",
        "MANAGE_SP1" : "01",
        "MANAGE_SP2" : "시종점",
        "DETAIL_SPO" : "시종점",
        "ETC_MATTER" : " ",
        "MNTN_NM" : "영은사뒷산",
        "PAST_SPOT_" : "4223051010002",
        "MNTN_ID" : "422305101"
      },
      "geometry" : {
        "x" : 399324.39000004996,
        "y" : 521968.53840000555
      }
    },
    {
      "attributes" : {
        "FID" : 2,
        "PMNTN_SPOT" : 64809,
        "MNTN_CODE" : "422302104",
        "MANAGE_SP1" : "02",
        "MANAGE_SP2" : "분기점",
        "DETAIL_SPO" : "분기점",
        "ETC_MATTER" : " ",
        "MNTN_NM" : "영은사뒷산",
        "PAST_SPOT_" : "4223051010003",
        "MNTN_ID" : "422305101"
      },
      "geometry" : {
        "x" : 399389.30730004795,
        "y" : 522219.28900000453
      }
    },
    {
      "attributes" : {
        "FID" : 3,
        "PMNTN_SPOT" : 64810,
        "MNTN_CODE" : "422302104",
        "MANAGE_SP1" : "01",
        "MANAGE_SP2" : "시종점",
        "DETAIL_SPO" : "시종점",
        "ETC_MATTER" : " ",
        "MNTN_NM" : "영은사뒷산",
        "PAST_SPOT_" : "4223051010004",
        "MNTN_ID" : "422305101"
      },
      "geometry" : {
        "x" : 399619.98920004722,
        "y" : 522190.78680000827
      }
    },
    {
      "attributes" : {
        "FID" : 4,
        "PMNTN_SPOT" : 64811,
        "MNTN_CODE" : "422302104",
        "MANAGE_SP1" : "02",
        "MANAGE_SP2" : "분기점",
        "DETAIL_SPO" : "분기점",
        "ETC_MATTER" : " ",
        "MNTN_NM" : "영은사뒷산",
        "PAST_SPOT_" : "4223051010005",
        "MNTN_ID" : "422305101"
      },
      "geometry" : {
        "x" : 399630.87270004954,
        "y" : 522239.27100000717
      }
    },
    {
      "attributes" : {
        "FID" : 5,
        "PMNTN_SPOT" : 64812,
        "MNTN_CODE" : "422302104",
        "MANAGE_SP1" : "01",
        "MANAGE_SP2" : "시종점",
        "DETAIL_SPO" : "시종점",
        "ETC_MATTER" : " ",
        "MNTN_NM" : "영은사뒷산",
        "PAST_SPOT_" : "4223051010006",
        "MNTN_ID" : "422305101"
      },
      "geometry" : {
        "x" : 400094.35270004906,
        "y" : 522780.70050000586
      }
    },
    {
      "attributes" : {
        "FID" : 6,
        "PMNTN_SPOT" : 64813,
        "MNTN_CODE" : "422302104",
        "MANAGE_SP1" : "99",
        "MANAGE_SP2" : "기타",
        "DETAIL_SPO" : "기타,등산로",
        "ETC_MATTER" : "화전민터 숲길 사진",
        "MNTN_NM" : "영은사뒷산",
        "PAST_SPOT_" : "4223051010007",
        "MNTN_ID" : "422305101"
      },
      "geometry" : {
        "x" : 399381.69650009833,
        "y" : 521658.95550000854
      }
    },
    {
      "attributes" : {
        "FID" : 7,
        "PMNTN_SPOT" : 64814,
        "MNTN_CODE" : "422302104",
        "MANAGE_SP1" : "15",
        "MANAGE_SP2" : "훼손지",
        "DETAIL_SPO" : "훼손지",
        "ETC_MATTER" : "유실방지조치 필요",
        "MNTN_NM" : "영은사뒷산",
        "PAST_SPOT_" : "4223051010008",
        "MNTN_ID" : "422305101"
      },
      "geometry" : {
        "x" : 399399.91740008816,
        "y" : 521823.0256000068
      }
    },
    {
      "attributes" : {
        "FID" : 8,
        "PMNTN_SPOT" : 64815,
        "MNTN_CODE" : "422302104",
        "MANAGE_SP1" : "99",
        "MANAGE_SP2" : "기타",
        "DETAIL_SPO" : "기타",
        "ETC_MATTER" : "이정표 필요",
        "MNTN_NM" : "영은사뒷산",
        "PAST_SPOT_" : "4223051010009",
        "MNTN_ID" : "422305101"
      },
      "geometry" : {
        "x" : 399324.89580009505,
        "y" : 521924.01510000974
      }
    },
    {
      "attributes" : {
        "FID" : 9,
        "PMNTN_SPOT" : 64816,
        "MNTN_CODE" : "422302104",
        "MANAGE_SP1" : "99",
        "MANAGE_SP2" : "기타",
        "DETAIL_SPO" : "기타",
        "ETC_MATTER" : "숲길/계곡 산 전경",
        "MNTN_NM" : "영은사뒷산",
        "PAST_SPOT_" : "4223051010010",
        "MNTN_ID" : "422305101"
      },
      "geometry" : {
        "x" : 399322.4309000941,
        "y" : 521969.49460001104
      }
    },
    {
      "attributes" : {
        "FID" : 10,
        "PMNTN_SPOT" : 64817,
        "MNTN_CODE" : "422302104",
        "MANAGE_SP1" : "99",
        "MANAGE_SP2" : "기타",
        "DETAIL_SPO" : "기타",
        "ETC_MATTER" : "바위 군락지",
        "MNTN_NM" : "영은사뒷산",
        "PAST_SPOT_" : "4223051010011",
        "MNTN_ID" : "422305101"
      },
      "geometry" : {
        "x" : 399292.23910009395,
        "y" : 522005.59670001082
      }
    },
    {
      "attributes" : {
        "FID" : 11,
        "PMNTN_SPOT" : 64818,
        "MNTN_CODE" : "422302104",
        "MANAGE_SP1" : "99",
        "MANAGE_SP2" : "기타",
        "DETAIL_SPO" : "기타",
        "ETC_MATTER" : "도룡뇽 소-이정표설치필요",
        "MNTN_NM" : "영은사뒷산",
        "PAST_SPOT_" : "4223051010012",
        "MNTN_ID" : "422305101"
      },
      "geometry" : {
        "x" : 399320.0140000945,
        "y" : 522121.68990000896
      }
    },
    {
      "attributes" : {
        "FID" : 12,
        "PMNTN_SPOT" : 64819,
        "MNTN_CODE" : "422302104",
        "MANAGE_SP1" : "07",
        "MANAGE_SP2" : "시설물(운동기구 등)",
        "DETAIL_SPO" : "시설물",
        "ETC_MATTER" : "약수터",
        "MNTN_NM" : "영은사뒷산",
        "PAST_SPOT_" : "4223051010013",
        "MNTN_ID" : "422305101"
      },
      "geometry" : {
        "x" : 399621.19420009758,
        "y" : 522194.30220000818
      }
    },
    {
      "attributes" : {
        "FID" : 13,
        "PMNTN_SPOT" : 64820,
        "MNTN_CODE" : "422302104",
        "MANAGE_SP1" : "99",
        "MANAGE_SP2" : "기타",
        "DETAIL_SPO" : "기타,등산로",
        "ETC_MATTER" : "옛. 다리 터 거북바위 -이정표및 보수 필요 숲길 사진",
        "MNTN_NM" : "영은사뒷산",
        "PAST_SPOT_" : "4223051010014",
        "MNTN_ID" : "422305101"
      },
      "geometry" : {
        "x" : 399419.24380009528,
        "y" : 522243.42410000786
      }
    },
    {
      "attributes" : {
        "FID" : 14,
        "PMNTN_SPOT" : 64821,
        "MNTN_CODE" : "422302104",
        "MANAGE_SP1" : "99",
        "MANAGE_SP2" : "기타",
        "DETAIL_SPO" : "기타",
        "ETC_MATTER" : "옛.다리 터-이정표설치및 보수필요",
        "MNTN_NM" : "영은사뒷산",
        "PAST_SPOT_" : "4223051010015",
        "MNTN_ID" : "422305101"
      },
      "geometry" : {
        "x" : 399663.4794000946,
        "y" : 522246.81090001017
      }
    },
    {
      "attributes" : {
        "FID" : 15,
        "PMNTN_SPOT" : 64822,
        "MNTN_CODE" : "422302104",
        "MANAGE_SP1" : "15",
        "MANAGE_SP2" : "훼손지",
        "DETAIL_SPO" : "훼손지,기타",
        "ETC_MATTER" : "유실방지조치 필요 산 전경",
        "MNTN_NM" : "영은사뒷산",
        "PAST_SPOT_" : "4223051010016",
        "MNTN_ID" : "422305101"
      },
      "geometry" : {
        "x" : 399785.17730009742,
        "y" : 522247.69730000943
      }
    },
    {
      "attributes" : {
        "FID" : 16,
        "PMNTN_SPOT" : 64823,
        "MNTN_CODE" : "422302104",
        "MANAGE_SP1" : "99",
        "MANAGE_SP2" : "기타",
        "DETAIL_SPO" : "기타",
        "ETC_MATTER" : "숲길/옛.농장 폐 전주 전선철거 필요",
        "MNTN_NM" : "영은사뒷산",
        "PAST_SPOT_" : "4223051010017",
        "MNTN_ID" : "422305101"
      },
      "geometry" : {
        "x" : 399827.6519000968,
        "y" : 522249.34180000983
      }
    },
    {
      "attributes" : {
        "FID" : 17,
        "PMNTN_SPOT" : 64824,
        "MNTN_CODE" : "422302104",
        "MANAGE_SP1" : "99",
        "MANAGE_SP2" : "기타",
        "DETAIL_SPO" : "기타,등산로",
        "ETC_MATTER" : "학 두루미모이는 곳 숲길 사진",
        "MNTN_NM" : "영은사뒷산",
        "PAST_SPOT_" : "4223051010018",
        "MNTN_ID" : "422305101"
      },
      "geometry" : {
        "x" : 399553.5967000993,
        "y" : 522263.7672000099
      }
    },
    {
      "attributes" : {
        "FID" : 18,
        "PMNTN_SPOT" : 64825,
        "MNTN_CODE" : "422302104",
        "MANAGE_SP1" : "15",
        "MANAGE_SP2" : "훼손지",
        "DETAIL_SPO" : "훼손지",
        "ETC_MATTER" : "유실방지조치 필요",
        "MNTN_NM" : "영은사뒷산",
        "PAST_SPOT_" : "4223051010019",
        "MNTN_ID" : "422305101"
      },
      "geometry" : {
        "x" : 399872.23790009972,
        "y" : 522274.50570000708
      }
    },
    {
      "attributes" : {
        "FID" : 19,
        "PMNTN_SPOT" : 64826,
        "MNTN_CODE" : "422302104",
        "MANAGE_SP1" : "99",
        "MANAGE_SP2" : "기타",
        "DETAIL_SPO" : "기타",
        "ETC_MATTER" : "정비 필요",
        "MNTN_NM" : "영은사뒷산",
        "PAST_SPOT_" : "4223051010020",
        "MNTN_ID" : "422305101"
      },
      "geometry" : {
        "x" : 399874.25500009675,
        "y" : 522386.55570000969
      }
    },
    {
      "attributes" : {
        "FID" : 20,
        "PMNTN_SPOT" : 64827,
        "MNTN_CODE" : "422302104",
        "MANAGE_SP1" : "99",
        "MANAGE_SP2" : "기타",
        "DETAIL_SPO" : "기타",
        "ETC_MATTER" : "배수조치필요",
        "MNTN_NM" : "영은사뒷산",
        "PAST_SPOT_" : "4223051010021",
        "MNTN_ID" : "422305101"
      },
      "geometry" : {
        "x" : 399938.23160009366,
        "y" : 522430.38620000705
      }
    },
    {
      "attributes" : {
        "FID" : 21,
        "PMNTN_SPOT" : 64828,
        "MNTN_CODE" : "422302104",
        "MANAGE_SP1" : "11",
        "MANAGE_SP2" : "안내판또는지도",
        "DETAIL_SPO" : "차단기,등산로",
        "ETC_MATTER" : "출입 차단기 숲길 사진",
        "MNTN_NM" : "영은사뒷산",
        "PAST_SPOT_" : "4223051010022",
        "MNTN_ID" : "422305101"
      },
      "geometry" : {
        "x" : 400087.7914001001,
        "y" : 522695.6862000078
      }
    }
  ]
}