{
  "displayFieldName" : "",
  "fieldAliases" : {
    "FID" : "FID",
    "PMNTN_SN" : "PMNTN_SN",
    "MNTN_CODE" : "MNTN_CODE",
    "MNTN_NM" : "MNTN_NM",
    "PMNTN_NM" : "PMNTN_NM",
    "PMNTN_MAIN" : "PMNTN_MAIN",
    "PMNTN_LT" : "PMNTN_LT",
    "PMNTN_DFFL" : "PMNTN_DFFL",
    "PMNTN_UPPL" : "PMNTN_UPPL",
    "PMNTN_GODN" : "PMNTN_GODN",
    "PMNTN_MTRQ" : "PMNTN_MTRQ",
    "PMNTN_CNRL" : "PMNTN_CNRL",
    "PMNTN_CLS_" : "PMNTN_CLS_",
    "PMNTN_RISK" : "PMNTN_RISK",
    "PMNTN_RECO" : "PMNTN_RECO",
    "DATA_STDR_" : "DATA_STDR_",
    "MNTN_ID" : "MNTN_ID"
  },
  "geometryType" : "esriGeometryPolyline",
  "spatialReference" : {
    "wkt" : "PROJCS[\"PCS_ITRF2000_TM\",GEOGCS[\"GCS_ITRF_2000\",DATUM[\"D_ITRF_2000\",SPHEROID[\"GRS_1980\",6378137.0,298.257222101]],PRIMEM[\"Greenwich\",0.0],UNIT[\"Degree\",0.0174532925199433]],PROJECTION[\"Transverse_Mercator\"],PARAMETER[\"False_Easting\",200000.0],PARAMETER[\"False_Northing\",600000.0],PARAMETER[\"Central_Meridian\",127.0],PARAMETER[\"Scale_Factor\",1.0],PARAMETER[\"Latitude_Of_Origin\",38.0],UNIT[\"Meter\",1.0]]"
  },
  "fields" : [
    {
      "name" : "FID",
      "type" : "esriFieldTypeOID",
      "alias" : "FID"
    },
    {
      "name" : "PMNTN_SN",
      "type" : "esriFieldTypeDouble",
      "alias" : "PMNTN_SN"
    },
    {
      "name" : "MNTN_CODE",
      "type" : "esriFieldTypeString",
      "alias" : "MNTN_CODE",
      "length" : 9
    },
    {
      "name" : "MNTN_NM",
      "type" : "esriFieldTypeString",
      "alias" : "MNTN_NM",
      "length" : 50
    },
    {
      "name" : "PMNTN_NM",
      "type" : "esriFieldTypeString",
      "alias" : "PMNTN_NM",
      "length" : 50
    },
    {
      "name" : "PMNTN_MAIN",
      "type" : "esriFieldTypeString",
      "alias" : "PMNTN_MAIN",
      "length" : 200
    },
    {
      "name" : "PMNTN_LT",
      "type" : "esriFieldTypeSingle",
      "alias" : "PMNTN_LT"
    },
    {
      "name" : "PMNTN_DFFL",
      "type" : "esriFieldTypeString",
      "alias" : "PMNTN_DFFL",
      "length" : 8
    },
    {
      "name" : "PMNTN_UPPL",
      "type" : "esriFieldTypeDouble",
      "alias" : "PMNTN_UPPL"
    },
    {
      "name" : "PMNTN_GODN",
      "type" : "esriFieldTypeDouble",
      "alias" : "PMNTN_GODN"
    },
    {
      "name" : "PMNTN_MTRQ",
      "type" : "esriFieldTypeString",
      "alias" : "PMNTN_MTRQ",
      "length" : 200
    },
    {
      "name" : "PMNTN_CNRL",
      "type" : "esriFieldTypeString",
      "alias" : "PMNTN_CNRL",
      "length" : 1
    },
    {
      "name" : "PMNTN_CLS_",
      "type" : "esriFieldTypeString",
      "alias" : "PMNTN_CLS_",
      "length" : 1
    },
    {
      "name" : "PMNTN_RISK",
      "type" : "esriFieldTypeString",
      "alias" : "PMNTN_RISK",
      "length" : 200
    },
    {
      "name" : "PMNTN_RECO",
      "type" : "esriFieldTypeString",
      "alias" : "PMNTN_RECO",
      "length" : 1
    },
    {
      "name" : "DATA_STDR_",
      "type" : "esriFieldTypeString",
      "alias" : "DATA_STDR_",
      "length" : 10
    },
    {
      "name" : "MNTN_ID",
      "type" : "esriFieldTypeString",
      "alias" : "MNTN_ID",
      "length" : 10
    }
  ],
  "features" : [
    {
      "attributes" : {
        "FID" : 0,
        "PMNTN_SN" : 38170,
        "MNTN_CODE" : "422302104",
        "MNTN_NM" : "영은사뒷산",
        "PMNTN_NM" : "궁촌리구간",
        "PMNTN_MAIN" : " ",
        "PMNTN_LT" : 0.84,
        "PMNTN_DFFL" : "쉬움",
        "PMNTN_UPPL" : 15,
        "PMNTN_GODN" : 10,
        "PMNTN_MTRQ" : " ",
        "PMNTN_CNRL" : " ",
        "PMNTN_CLS_" : " ",
        "PMNTN_RISK" : " ",
        "PMNTN_RECO" : " ",
        "DATA_STDR_" : "2016-12-31",
        "MNTN_ID" : "422305101"
      },
      "geometry" : {
        "paths" : [
          [
            [
              399389.30730000138,
              522219.28899999894
            ],
            [
              399385.40730000008,
              522211.73589999974
            ],
            [
              399383.06290000025,
              522207.11920000054
            ],
            [
              399378.23440000135,
              522195.40540000051
            ],
            [
              399376.64410000108,
              522192.43330000155
            ],
            [
              399374.04070000071,
              522188.89710000157
            ],
            [
              399370.89100000169,
              522185.69930000231
            ],
            [
              399362.39870000072,
              522178.83819999918
            ],
            [
              399359.25710000005,
              522175.99720000103
            ],
            [
              399353.11210000049,
              522169.97739999928
            ],
            [
              399350.0532000009,
              522166.74609999917
            ],
            [
              399347.37710000016,
              522163.46389999986
            ],
            [
              399345.31030000094,
              522160.30700000003
            ],
            [
              399343.01630000025,
              522155.45830000192
            ],
            [
              399340.0802000016,
              522147.23190000094
            ],
            [
              399339.20980000217,
              522144.13649999909
            ],
            [
              399337.9327000007,
              522137.39580000192
            ],
            [
              399337.24780000094,
              522134.61810000427
            ],
            [
              399336.20370000228,
              522131.91620000079
            ],
            [
              399334.11400000006,
              522129.05620000139
            ],
            [
              399331.43230000138,
              522126.88820000179
            ],
            [
              399322.64670000132,
              522121.9533000011
            ],
            [
              399312.25320000015,
              522115.62830000371
            ],
            [
              399308.76950000133,
              522112.53929999843
            ],
            [
              399306.22410000116,
              522108.65919999778
            ],
            [
              399305.06280000135,
              522105.07220000029
            ],
            [
              399304.37490000017,
              522101.41709999926
            ],
            [
              399303.27460000105,
              522093.06350000389
            ],
            [
              399302.59810000099,
              522089.70130000263
            ],
            [
              399299.23770000041,
              522078.54560000449
            ],
            [
              399298.41729999986,
              522074.42270000093
            ],
            [
              399298.21510000061,
              522069.63220000081
            ],
            [
              399299.02660000138,
              522061.78060000017
            ],
            [
              399299.11139999982,
              522058.32100000046
            ],
            [
              399298.79690000135,
              522054.55090000294
            ],
            [
              399298.16590000037,
              522050.41180000268
            ],
            [
              399295.62469999865,
              522039.14409999922
            ],
            [
              399294.5942000011,
              522035.59840000235
            ],
            [
              399291.50510000065,
              522026.67589999922
            ],
            [
              399290.60680000111,
              522022.89439999871
            ],
            [
              399289.52580000088,
              522015.61660000123
            ],
            [
              399289.30339999963,
              522012.19320000336
            ],
            [
              399289.57299999986,
              522009.2276000008
            ],
            [
              399291.53390000109,
              522005.59689999931
            ],
            [
              399299.52979999967,
              522000.32890000381
            ],
            [
              399301.98910000082,
              521996.67760000005
            ],
            [
              399302.55280000065,
              521993.66709999926
            ],
            [
              399302.62900000066,
              521990.56360000186
            ],
            [
              399302.30539999995,
              521982.77060000226
            ],
            [
              399302.59810000099,
              521978.99850000255
            ],
            [
              399303.86780000012,
              521972.54969999939
            ],
            [
              399305.2734000003,
              521966.9021999985
            ],
            [
              399306.87610000093,
              521961.81110000238
            ],
            [
              399308.69989999942,
              521957.20659999922
            ],
            [
              399310.14460000116,
              521954.26999999955
            ],
            [
              399311.98919999972,
              521951.09430000186
            ],
            [
              399320.03170000017,
              521938.90139999986
            ],
            [
              399330.49179999996,
              521921.46790000238
            ],
            [
              399335.98200000171,
              521912.22350000404
            ],
            [
              399339.20849999972,
              521907.52109999955
            ],
            [
              399343.48950000107,
              521902.4822000023
            ],
            [
              399349.66860000044,
              521896.18930000067
            ],
            [
              399352.53330000117,
              521893.62450000085
            ],
            [
              399360.03689999972,
              521887.58280000463
            ],
            [
              399363.61539999954,
              521883.98589999974
            ],
            [
              399365.75719999988,
              521881.13629999943
            ],
            [
              399367.87070000079,
              521877.73029999994
            ],
            [
              399374.07560000103,
              521865.68070000038
            ],
            [
              399379.58920000121,
              521855.2434000019
            ],
            [
              399382.79230000079,
              521848.24719999917
            ],
            [
              399384.26370000094,
              521843.97390000336
            ],
            [
              399387.06860000081,
              521833.77870000154
            ],
            [
              399388.89400000032,
              521829.07030000165
            ],
            [
              399391.19050000049,
              521824.95069999993
            ],
            [
              399397.61080000084,
              521815.12350000255
            ],
            [
              399402.15030000079,
              521806.83970000036
            ],
            [
              399408.0708999997,
              521795.07490000129
            ],
            [
              399413.00109999999,
              521785.0616999995
            ],
            [
              399415.91600000113,
              521778.5131000001
            ],
            [
              399417.1854000017,
              521774.98330000415
            ],
            [
              399419.97709999979,
              521765.81589999981
            ],
            [
              399421.48910000082,
              521762.17760000005
            ],
            [
              399423.60309999995,
              521758.4224999994
            ],
            [
              399425.59690000117,
              521755.58680000156
            ],
            [
              399432.47780000139,
              521747.13280000351
            ],
            [
              399434.94969999976,
              521744.4915000014
            ],
            [
              399440.93650000077,
              521739.16079999879
            ],
            [
              399443.30480000004,
              521736.77960000187
            ],
            [
              399445.30250000115,
              521734.08379999734
            ],
            [
              399446.42460000049,
              521731.44260000065
            ],
            [
              399447.00880000088,
              521727.59070000239
            ],
            [
              399446.89030000009,
              521723.21929999813
            ],
            [
              399446.08179999981,
              521718.79990000278
            ],
            [
              399444.68130000029,
              521714.88079999946
            ],
            [
              399443.02050000057,
              521712.13360000029
            ],
            [
              399440.58570000064,
              521709.34120000154
            ],
            [
              399437.40409999993,
              521706.4867000021
            ],
            [
              399432.47780000139,
              521702.67730000056
            ],
            [
              399428.40579999983,
              521700.1428999994
            ],
            [
              399418.38450000063,
              521695.52480000444
            ],
            [
              399414.17260000017,
              521693.08890000172
            ],
            [
              399410.68339999951,
              521690.50220000185
            ],
            [
              399407.10690000001,
              521687.50960000046
            ],
            [
              399403.38780000061,
              521684.06629999913
            ],
            [
              399399.35410000104,
              521680.0138000045
            ],
            [
              399395.17630000226,
              521675.20840000175
            ],
            [
              399385.40730000008,
              521662.58020000346
            ],
            [
              399378.97970000003,
              521655.24170000106
            ],
            [
              399369.71720000077,
              521645.14670000039
            ],
            [
              399351.41200000141,
              521625.9699000027
            ],
            [
              399340.90130000003,
              521614.71519999951
            ],
            [
              399337.79890000168,
              521611.79550000094
            ],
            [
              399334.85010000132,
              521609.40799999796
            ],
            [
              399330.00870000012,
              521606.06100000069
            ],
            [
              399325.15799999982,
              521603.17860000022
            ],
            [
              399320.36569999997,
              521600.80080000125
            ],
            [
              399315.67329999991,
              521598.9478999991
            ],
            [
              399312.32259999961,
              521597.98540000245
            ],
            [
              399308.47180000041,
              521597.23050000332
            ],
            [
              399293.88140000124,
              521595.46120000444
            ],
            [
              399272.39969999995,
              521592.26210000366
            ],
            [
              399265.59489999898,
              521598.10930000246
            ],
            [
              399255.68430000078,
              521595.31940000132
            ],
            [
              399249.37270000018,
              521584.12940000184
            ]
          ]
        ]
      }
    },
    {
      "attributes" : {
        "FID" : 1,
        "PMNTN_SN" : 38171,
        "MNTN_CODE" : "422302104",
        "MNTN_NM" : "영은사뒷산",
        "PMNTN_NM" : "궁촌리구간",
        "PMNTN_MAIN" : " ",
        "PMNTN_LT" : 0.29,
        "PMNTN_DFFL" : "쉬움",
        "PMNTN_UPPL" : 5,
        "PMNTN_GODN" : 4,
        "PMNTN_MTRQ" : " ",
        "PMNTN_CNRL" : " ",
        "PMNTN_CLS_" : " ",
        "PMNTN_RISK" : " ",
        "PMNTN_RECO" : " ",
        "DATA_STDR_" : "2016-12-31",
        "MNTN_ID" : "422305101"
      },
      "geometry" : {
        "paths" : [
          [
            [
              399389.30730000138,
              522219.28899999894
            ],
            [
              399392.98110000044,
              522217.76160000078
            ],
            [
              399396.00430000015,
              522215.82470000349
            ],
            [
              399398.41920000128,
              522213.52560000122
            ],
            [
              399400.63860000018,
              522209.85689999908
            ],
            [
              399401.62040000129,
              522206.4178000018
            ],
            [
              399401.92810000014,
              522203.5867999997
            ],
            [
              399401.81720000133,
              522199.17850000225
            ],
            [
              399400.87100000121,
              522195.2685000021
            ],
            [
              399396.99949999992,
              522186.82210000046
            ],
            [
              399395.86739999987,
              522183.84229999967
            ],
            [
              399393.52590000164,
              522173.52649999969
            ],
            [
              399391.05070000049,
              522168.92689999938
            ],
            [
              399384.53570000175,
              522162.05040000193
            ],
            [
              399375.81890000124,
              522151.5903000012
            ],
            [
              399372.97460000124,
              522148.81580000184
            ],
            [
              399366.30630000029,
              522142.9653000012
            ],
            [
              399363.61539999954,
              522140.25850000046
            ],
            [
              399358.73030000087,
              522133.79600000195
            ],
            [
              399355.61539999954,
              522130.82269999757
            ],
            [
              399348.34530000016,
              522126.60889999941
            ],
            [
              399345.64109999966,
              522123.190200001
            ],
            [
              399344.52130000107,
              522120.51520000026
            ],
            [
              399343.80450000055,
              522117.67910000123
            ],
            [
              399343.67310000211,
              522114.0567000024
            ],
            [
              399344.40770000219,
              522111.07840000093
            ],
            [
              399347.92530000024,
              522103.64810000174
            ],
            [
              399351.77490000054,
              522095.29220000096
            ],
            [
              399353.15530000161,
              522091.44470000081
            ],
            [
              399354.49760000128,
              522086.66080000252
            ],
            [
              399355.15409999993,
              522082.56409999914
            ],
            [
              399353.888199999,
              522077.60199999996
            ],
            [
              399346.5290000001,
              522071.10430000164
            ],
            [
              399343.73340000212,
              522066.22250000201
            ],
            [
              399341.82359999977,
              522060.06430000067
            ],
            [
              399339.44429999962,
              522051.20830000192
            ],
            [
              399337.46520000231,
              522040.88750000298
            ],
            [
              399337.02259999979,
              522037.38020000234
            ],
            [
              399336.3200000003,
              522029.14330000058
            ],
            [
              399335.72180000134,
              522025.19730000012
            ],
            [
              399334.22400000039,
              522019.26169999875
            ],
            [
              399331.36340000108,
              522010.37879999913
            ],
            [
              399328.09910000116,
              522001.886900004
            ],
            [
              399327.00509999972,
              521998.17540000379
            ],
            [
              399326.40940000117,
              521993.43439999968
            ],
            [
              399326.31530000083,
              521984.84610000253
            ],
            [
              399326.1333999997,
              521981.61350000463
            ],
            [
              399325.37800000049,
              521975.065200001
            ],
            [
              399324.39000000153,
              521968.53840000182
            ]
          ]
        ]
      }
    },
    {
      "attributes" : {
        "FID" : 2,
        "PMNTN_SN" : 38172,
        "MNTN_CODE" : "422302104",
        "MNTN_NM" : "영은사뒷산",
        "PMNTN_NM" : "매원리구간",
        "PMNTN_MAIN" : " ",
        "PMNTN_LT" : 0.07,
        "PMNTN_DFFL" : "쉬움",
        "PMNTN_UPPL" : 1,
        "PMNTN_GODN" : 1,
        "PMNTN_MTRQ" : " ",
        "PMNTN_CNRL" : " ",
        "PMNTN_CLS_" : " ",
        "PMNTN_RISK" : " ",
        "PMNTN_RECO" : " ",
        "DATA_STDR_" : "2016-12-31",
        "MNTN_ID" : "422305101"
      },
      "geometry" : {
        "paths" : [
          [
            [
              399630.87270000018,
              522239.27100000344
            ],
            [
              399633.94189999998,
              522237.29609999806
            ],
            [
              399636.8254000023,
              522235.1454999987
            ],
            [
              399639.52310000081,
              522232.81919999979
            ],
            [
              399642.03500000108,
              522230.3171000015
            ],
            [
              399646.30980000179,
              522225.8956000004
            ],
            [
              399648.35800000001,
              522223.42570000142
            ],
            [
              399648.99610000011,
              522219.39560000412
            ],
            [
              399640.12450000178,
              522214.93010000139
            ],
            [
              399636.53770000115,
              522212.5362999998
            ],
            [
              399634.07510000188,
              522210.41330000199
            ],
            [
              399631.60300000105,
              522207.98130000196
            ],
            [
              399629.11160000041,
              522205.23059999943
            ],
            [
              399626.4711000016,
              522201.91929999925
            ],
            [
              399624.07050000131,
              522198.40829999931
            ],
            [
              399621.90990000032,
              522194.69749999978
            ],
            [
              399619.98920000065,
              522190.78680000268
            ]
          ]
        ]
      }
    },
    {
      "attributes" : {
        "FID" : 3,
        "PMNTN_SN" : 38173,
        "MNTN_CODE" : "422302104",
        "MNTN_NM" : "영은사뒷산",
        "PMNTN_NM" : " ",
        "PMNTN_MAIN" : " ",
        "PMNTN_LT" : 0.27,
        "PMNTN_DFFL" : "쉬움",
        "PMNTN_UPPL" : 5,
        "PMNTN_GODN" : 3,
        "PMNTN_MTRQ" : " ",
        "PMNTN_CNRL" : " ",
        "PMNTN_CLS_" : " ",
        "PMNTN_RISK" : " ",
        "PMNTN_RECO" : " ",
        "DATA_STDR_" : "2016-12-31",
        "MNTN_ID" : "422305101"
      },
      "geometry" : {
        "paths" : [
          [
            [
              399630.87270000018,
              522239.27100000344
            ],
            [
              399626.67669999972,
              522233.58440000191
            ],
            [
              399606.77110000141,
              522238.34220000356
            ],
            [
              399583.12519999966,
              522248.85329999961
            ],
            [
              399562.14600000065,
              522256.7770000007
            ],
            [
              399558.14330000058,
              522257.0530999992
            ],
            [
              399557.99909999967,
              522257.06299999915
            ],
            [
              399551.47210000083,
              522258.1828000024
            ],
            [
              399544.92399999965,
              522258.80639999919
            ],
            [
              399539.25510000158,
              522258.80040000007
            ],
            [
              399526.61880000029,
              522257.93470000103
            ],
            [
              399518.70310000051,
              522257.90599999949
            ],
            [
              399498.01609999966,
              522258.50119999796
            ],
            [
              399491.95120000001,
              522258.36199999973
            ],
            [
              399486.52170000039,
              522257.93470000103
            ],
            [
              399480.03390000202,
              522257.04720000364
            ],
            [
              399469.95990000013,
              522255.31970000453
            ],
            [
              399458.31869999971,
              522253.36420000345
            ],
            [
              399451.65469999984,
              522251.83300000057
            ],
            [
              399442.26830000058,
              522248.86870000139
            ],
            [
              399438.48240000196,
              522247.35119999945
            ],
            [
              399435.09280000068,
              522245.7313000001
            ],
            [
              399431.68130000029,
              522243.78250000253
            ],
            [
              399428.14429999981,
              522241.43790000118
            ],
            [
              399424.41880000103,
              522238.65789999999
            ],
            [
              399420.27440000139,
              522235.27110000141
            ],
            [
              399418.00079999957,
              522232.86760000139
            ],
            [
              399412.6568,
              522225.79799999855
            ],
            [
              399408.04400000069,
              522223.62370000035
            ],
            [
              399401.11540000048,
              522231.08310000226
            ],
            [
              399398.21600000095,
              522231.7247999981
            ],
            [
              399395.32790000085,
              522229.47420000099
            ],
            [
              399391.75999999978,
              522224.0390000008
            ],
            [
              399389.30730000138,
              522219.28899999894
            ]
          ]
        ]
      }
    },
    {
      "attributes" : {
        "FID" : 4,
        "PMNTN_SN" : 38174,
        "MNTN_CODE" : "422302104",
        "MNTN_NM" : "영은사뒷산",
        "PMNTN_NM" : "궁촌리구간",
        "PMNTN_MAIN" : " ",
        "PMNTN_LT" : 0.91,
        "PMNTN_DFFL" : "쉬움",
        "PMNTN_UPPL" : 16,
        "PMNTN_GODN" : 11,
        "PMNTN_MTRQ" : " ",
        "PMNTN_CNRL" : " ",
        "PMNTN_CLS_" : " ",
        "PMNTN_RISK" : " ",
        "PMNTN_RECO" : " ",
        "DATA_STDR_" : "2016-12-31",
        "MNTN_ID" : "422305101"
      },
      "geometry" : {
        "paths" : [
          [
            [
              399630.87270000018,
              522239.27100000344
            ],
            [
              399635.95340000186,
              522250.08230000176
            ],
            [
              399648.11649999954,
              522249.32210000232
            ],
            [
              399658.75930000003,
              522247.04150000028
            ],
            [
              399668.64190000016,
              522244.0007000044
            ],
            [
              399681.56520000193,
              522240.9598999992
            ],
            [
              399695.24880000111,
              522236.39870000444
            ],
            [
              399711.21299999952,
              522234.11810000241
            ],
            [
              399723.37609999999,
              522234.87830000184
            ],
            [
              399736.29950000066,
              522240.9598999992
            ],
            [
              399749.98309999984,
              522247.80169999972
            ],
            [
              399765.18700000085,
              522250.84249999933
            ],
            [
              399778.11039999872,
              522250.84249999933
            ],
            [
              399796.35510000121,
              522244.0007000044
            ],
            [
              399810.03870000038,
              522244.0007000044
            ],
            [
              399823.72229999956,
              522247.04150000028
            ],
            [
              399830.56400000025,
              522253.8833000008
            ],
            [
              399839.68640000001,
              522265.28620000184
            ],
            [
              399853.37000000011,
              522269.84740000032
            ],
            [
              399865.53320000134,
              522269.08720000274
            ],
            [
              399877.69630000088,
              522263.0055999998
            ],
            [
              399884.53809999954,
              522268.32699999772
            ],
            [
              399875.41569999978,
              522275.92899999768
            ],
            [
              399870.85450000037,
              522288.0922000017
            ],
            [
              399867.81369999982,
              522306.33689999953
            ],
            [
              399870.09430000093,
              522323.06130000204
            ],
            [
              399870.09430000093,
              522341.30599999987
            ],
            [
              399872.3749000011,
              522362.59160000086
            ],
            [
              399868.57390000112,
              522382.35670000128
            ],
            [
              399877.69630000088,
              522391.47910000011
            ],
            [
              399883.77790000103,
              522402.88209999911
            ],
            [
              399902.02269999869,
              522415.04519999959
            ],
            [
              399917.98680000193,
              522421.8870000001
            ],
            [
              399930.91019999981,
              522428.72880000062
            ],
            [
              399946.87430000026,
              522433.29000000097
            ],
            [
              399962.07830000017,
              522437.09100000001
            ],
            [
              399975.00169999991,
              522443.93280000053
            ],
            [
              399987.92499999981,
              522453.05510000139
            ],
            [
              399997.80760000087,
              522472.06010000035
            ],
            [
              400004.64940000232,
              522490.3048000019
            ],
            [
              400008.4504000023,
              522505.50880000181
            ],
            [
              400011.49120000098,
              522519.19239999913
            ],
            [
              400022.13390000071,
              522535.15650000051
            ],
            [
              400032.77670000121,
              522548.84010000154
            ],
            [
              400028.21549999993,
              522565.5644000005
            ],
            [
              400030.49610000197,
              522587.61020000093
            ],
            [
              400033.53690000065,
              522607.37530000135
            ],
            [
              400038.85830000043,
              522624.09970000014
            ],
            [
              400046.46030000038,
              522640.82399999909
            ],
            [
              400060.14380000159,
              522646.14540000074
            ],
            [
              400073.82740000077,
              522646.14540000074
            ],
            [
              400081.42940000072,
              522663.63000000268
            ],
            [
              400085.2304000007,
              522685.67570000142
            ],
            [
              400086.75080000143,
              522704.68070000038
            ],
            [
              400087.51099999994,
              522725.96619999968
            ],
            [
              400087.51099999994,
              522742.69060000218
            ],
            [
              400087.51099999994,
              522758.6547000017
            ],
            [
              400089.03129999992,
              522770.81790000014
            ],
            [
              400094.3526999997,
              522780.70050000213
            ]
          ]
        ]
      }
    }
  ]
}