{
  "displayFieldName" : "",
  "fieldAliases" : {
    "FID" : "FID",
    "PMNTN_SPOT" : "PMNTN_SPOT",
    "MNTN_CODE" : "MNTN_CODE",
    "MANAGE_SP1" : "MANAGE_SP1",
    "MANAGE_SP2" : "MANAGE_SP2",
    "DETAIL_SPO" : "DETAIL_SPO",
    "ETC_MATTER" : "ETC_MATTER",
    "MNTN_NM" : "MNTN_NM",
    "PAST_SPOT_" : "PAST_SPOT_",
    "MNTN_ID" : "MNTN_ID"
  },
  "geometryType" : "esriGeometryPoint",
  "spatialReference" : {
    "wkt" : "PROJCS[\"PCS_ITRF2000_TM\",GEOGCS[\"GCS_ITRF_2000\",DATUM[\"D_ITRF_2000\",SPHEROID[\"GRS_1980\",6378137.0,298.257222101]],PRIMEM[\"Greenwich\",0.0],UNIT[\"Degree\",0.0174532925199433]],PROJECTION[\"Transverse_Mercator\"],PARAMETER[\"False_Easting\",200000.0],PARAMETER[\"False_Northing\",600000.0],PARAMETER[\"Central_Meridian\",127.0],PARAMETER[\"Scale_Factor\",1.0],PARAMETER[\"Latitude_Of_Origin\",38.0],UNIT[\"Meter\",1.0]]"
  },
  "fields" : [
    {
      "name" : "FID",
      "type" : "esriFieldTypeOID",
      "alias" : "FID"
    },
    {
      "name" : "PMNTN_SPOT",
      "type" : "esriFieldTypeDouble",
      "alias" : "PMNTN_SPOT"
    },
    {
      "name" : "MNTN_CODE",
      "type" : "esriFieldTypeString",
      "alias" : "MNTN_CODE",
      "length" : 9
    },
    {
      "name" : "MANAGE_SP1",
      "type" : "esriFieldTypeString",
      "alias" : "MANAGE_SP1",
      "length" : 2
    },
    {
      "name" : "MANAGE_SP2",
      "type" : "esriFieldTypeString",
      "alias" : "MANAGE_SP2",
      "length" : 50
    },
    {
      "name" : "DETAIL_SPO",
      "type" : "esriFieldTypeString",
      "alias" : "DETAIL_SPO",
      "length" : 200
    },
    {
      "name" : "ETC_MATTER",
      "type" : "esriFieldTypeString",
      "alias" : "ETC_MATTER",
      "length" : 200
    },
    {
      "name" : "MNTN_NM",
      "type" : "esriFieldTypeString",
      "alias" : "MNTN_NM",
      "length" : 50
    },
    {
      "name" : "PAST_SPOT_",
      "type" : "esriFieldTypeString",
      "alias" : "PAST_SPOT_",
      "length" : 14
    },
    {
      "name" : "MNTN_ID",
      "type" : "esriFieldTypeString",
      "alias" : "MNTN_ID",
      "length" : 10
    }
  ],
  "features" : [
    {
      "attributes" : {
        "FID" : 0,
        "PMNTN_SPOT" : 23185,
        "MNTN_CODE" : "451301701",
        "MANAGE_SP1" : "01",
        "MANAGE_SP2" : "시종점",
        "DETAIL_SPO" : "시종점",
        "ETC_MATTER" : " ",
        "MNTN_NM" : "돗대산",
        "PAST_SPOT_" : "4513017010001",
        "MNTN_ID" : "451301701"
      },
      "geometry" : {
        "x" : 173537.56869999971,
        "y" : 371402.16279999912
      }
    },
    {
      "attributes" : {
        "FID" : 1,
        "PMNTN_SPOT" : 23186,
        "MNTN_CODE" : "451301701",
        "MANAGE_SP1" : "02",
        "MANAGE_SP2" : "분기점",
        "DETAIL_SPO" : "분기점",
        "ETC_MATTER" : " ",
        "MNTN_NM" : "돗대산",
        "PAST_SPOT_" : "4513017010002",
        "MNTN_ID" : "451301701"
      },
      "geometry" : {
        "x" : 173816.05580000114,
        "y" : 371449.96749999933
      }
    },
    {
      "attributes" : {
        "FID" : 2,
        "PMNTN_SPOT" : 23187,
        "MNTN_CODE" : "451301701",
        "MANAGE_SP1" : "02",
        "MANAGE_SP2" : "분기점",
        "DETAIL_SPO" : "분기점",
        "ETC_MATTER" : " ",
        "MNTN_NM" : "돗대산",
        "PAST_SPOT_" : "4513017010003",
        "MNTN_ID" : "451301701"
      },
      "geometry" : {
        "x" : 174228.2165000001,
        "y" : 371558.95750000142
      }
    },
    {
      "attributes" : {
        "FID" : 3,
        "PMNTN_SPOT" : 23188,
        "MNTN_CODE" : "451301701",
        "MANAGE_SP1" : "02",
        "MANAGE_SP2" : "분기점",
        "DETAIL_SPO" : "분기점",
        "ETC_MATTER" : " ",
        "MNTN_NM" : "돗대산",
        "PAST_SPOT_" : "4513017010004",
        "MNTN_ID" : "451301701"
      },
      "geometry" : {
        "x" : 174228.47460000124,
        "y" : 371636.54670000263
      }
    },
    {
      "attributes" : {
        "FID" : 4,
        "PMNTN_SPOT" : 23189,
        "MNTN_CODE" : "451301701",
        "MANAGE_SP1" : "02",
        "MANAGE_SP2" : "분기점",
        "DETAIL_SPO" : "분기점",
        "ETC_MATTER" : " ",
        "MNTN_NM" : "돗대산",
        "PAST_SPOT_" : "4513017010005",
        "MNTN_ID" : "451301701"
      },
      "geometry" : {
        "x" : 174386.72400000226,
        "y" : 371621.14420000091
      }
    },
    {
      "attributes" : {
        "FID" : 5,
        "PMNTN_SPOT" : 23190,
        "MNTN_CODE" : "451301701",
        "MANAGE_SP1" : "02",
        "MANAGE_SP2" : "분기점",
        "DETAIL_SPO" : "분기점",
        "ETC_MATTER" : " ",
        "MNTN_NM" : "돗대산",
        "PAST_SPOT_" : "4513017010006",
        "MNTN_ID" : "451301701"
      },
      "geometry" : {
        "x" : 174602.24100000039,
        "y" : 371207.13990000077
      }
    },
    {
      "attributes" : {
        "FID" : 6,
        "PMNTN_SPOT" : 23191,
        "MNTN_CODE" : "451301701",
        "MANAGE_SP1" : "02",
        "MANAGE_SP2" : "분기점",
        "DETAIL_SPO" : "분기점",
        "ETC_MATTER" : " ",
        "MNTN_NM" : "돗대산",
        "PAST_SPOT_" : "4513017010007",
        "MNTN_ID" : "451301701"
      },
      "geometry" : {
        "x" : 174676.62080000062,
        "y" : 371575.84070000239
      }
    },
    {
      "attributes" : {
        "FID" : 7,
        "PMNTN_SPOT" : 23192,
        "MNTN_CODE" : "451301701",
        "MANAGE_SP1" : "02",
        "MANAGE_SP2" : "분기점",
        "DETAIL_SPO" : "분기점",
        "ETC_MATTER" : " ",
        "MNTN_NM" : "돗대산",
        "PAST_SPOT_" : "4513017010008",
        "MNTN_ID" : "451301701"
      },
      "geometry" : {
        "x" : 174827.9852,
        "y" : 371415.98940000124
      }
    },
    {
      "attributes" : {
        "FID" : 8,
        "PMNTN_SPOT" : 23193,
        "MNTN_CODE" : "451301701",
        "MANAGE_SP1" : "02",
        "MANAGE_SP2" : "분기점",
        "DETAIL_SPO" : "분기점",
        "ETC_MATTER" : " ",
        "MNTN_NM" : "돗대산",
        "PAST_SPOT_" : "4513017010009",
        "MNTN_ID" : "451301701"
      },
      "geometry" : {
        "x" : 174847.56109999958,
        "y" : 371504.19990000129
      }
    }
  ]
}