{
  "displayFieldName" : "",
  "fieldAliases" : {
    "FID" : "FID",
    "PMNTN_SPOT" : "PMNTN_SPOT",
    "MNTN_CODE" : "MNTN_CODE",
    "MANAGE_SP1" : "MANAGE_SP1",
    "MANAGE_SP2" : "MANAGE_SP2",
    "DETAIL_SPO" : "DETAIL_SPO",
    "ETC_MATTER" : "ETC_MATTER",
    "MNTN_NM" : "MNTN_NM",
    "PAST_SPOT_" : "PAST_SPOT_",
    "MNTN_ID" : "MNTN_ID"
  },
  "geometryType" : "esriGeometryPoint",
  "spatialReference" : {
    "wkt" : "PROJCS[\"PCS_ITRF2000_TM\",GEOGCS[\"GCS_ITRF_2000\",DATUM[\"D_ITRF_2000\",SPHEROID[\"GRS_1980\",6378137.0,298.257222101]],PRIMEM[\"Greenwich\",0.0],UNIT[\"Degree\",0.0174532925199433]],PROJECTION[\"Transverse_Mercator\"],PARAMETER[\"False_Easting\",200000.0],PARAMETER[\"False_Northing\",600000.0],PARAMETER[\"Central_Meridian\",127.0],PARAMETER[\"Scale_Factor\",1.0],PARAMETER[\"Latitude_Of_Origin\",38.0],UNIT[\"Meter\",1.0]]"
  },
  "fields" : [
    {
      "name" : "FID",
      "type" : "esriFieldTypeOID",
      "alias" : "FID"
    },
    {
      "name" : "PMNTN_SPOT",
      "type" : "esriFieldTypeDouble",
      "alias" : "PMNTN_SPOT"
    },
    {
      "name" : "MNTN_CODE",
      "type" : "esriFieldTypeString",
      "alias" : "MNTN_CODE",
      "length" : 9
    },
    {
      "name" : "MANAGE_SP1",
      "type" : "esriFieldTypeString",
      "alias" : "MANAGE_SP1",
      "length" : 2
    },
    {
      "name" : "MANAGE_SP2",
      "type" : "esriFieldTypeString",
      "alias" : "MANAGE_SP2",
      "length" : 50
    },
    {
      "name" : "DETAIL_SPO",
      "type" : "esriFieldTypeString",
      "alias" : "DETAIL_SPO",
      "length" : 200
    },
    {
      "name" : "ETC_MATTER",
      "type" : "esriFieldTypeString",
      "alias" : "ETC_MATTER",
      "length" : 200
    },
    {
      "name" : "MNTN_NM",
      "type" : "esriFieldTypeString",
      "alias" : "MNTN_NM",
      "length" : 50
    },
    {
      "name" : "PAST_SPOT_",
      "type" : "esriFieldTypeString",
      "alias" : "PAST_SPOT_",
      "length" : 14
    },
    {
      "name" : "MNTN_ID",
      "type" : "esriFieldTypeString",
      "alias" : "MNTN_ID",
      "length" : 10
    }
  ],
  "features" : [
    {
      "attributes" : {
        "FID" : 0,
        "PMNTN_SPOT" : 19230,
        "MNTN_CODE" : "467800401",
        "MANAGE_SP1" : "01",
        "MANAGE_SP2" : "시종점",
        "DETAIL_SPO" : "시종점",
        "ETC_MATTER" : " ",
        "MNTN_NM" : "대룡산",
        "PAST_SPOT_" : "4678004010001",
        "MNTN_ID" : "467800401"
      },
      "geometry" : {
        "x" : 210117.59313285165,
        "y" : 245091.35182053968
      }
    },
    {
      "attributes" : {
        "FID" : 1,
        "PMNTN_SPOT" : 19231,
        "MNTN_CODE" : "467800401",
        "MANAGE_SP1" : "01",
        "MANAGE_SP2" : "시종점",
        "DETAIL_SPO" : "시종점",
        "ETC_MATTER" : " ",
        "MNTN_NM" : "대룡산",
        "PAST_SPOT_" : "4678004010002",
        "MNTN_ID" : "467800401"
      },
      "geometry" : {
        "x" : 210863.72510000039,
        "y" : 242063.99360000156
      }
    },
    {
      "attributes" : {
        "FID" : 2,
        "PMNTN_SPOT" : 19232,
        "MNTN_CODE" : "467800401",
        "MANAGE_SP1" : "02",
        "MANAGE_SP2" : "분기점",
        "DETAIL_SPO" : "분기점",
        "ETC_MATTER" : " ",
        "MNTN_NM" : "대룡산",
        "PAST_SPOT_" : "4678004010003",
        "MNTN_ID" : "467800401"
      },
      "geometry" : {
        "x" : 211193.08408271149,
        "y" : 242797.74422136135
      }
    },
    {
      "attributes" : {
        "FID" : 3,
        "PMNTN_SPOT" : 19233,
        "MNTN_CODE" : "467800401",
        "MANAGE_SP1" : "02",
        "MANAGE_SP2" : "분기점",
        "DETAIL_SPO" : "분기점",
        "ETC_MATTER" : " ",
        "MNTN_NM" : "대룡산",
        "PAST_SPOT_" : "4678004010004",
        "MNTN_ID" : "467800401"
      },
      "geometry" : {
        "x" : 211383.87112545129,
        "y" : 243814.44620355964
      }
    },
    {
      "attributes" : {
        "FID" : 4,
        "PMNTN_SPOT" : 19234,
        "MNTN_CODE" : "467800401",
        "MANAGE_SP1" : "02",
        "MANAGE_SP2" : "분기점",
        "DETAIL_SPO" : "분기점",
        "ETC_MATTER" : " ",
        "MNTN_NM" : "대룡산",
        "PAST_SPOT_" : "4678004010005",
        "MNTN_ID" : "467800401"
      },
      "geometry" : {
        "x" : 211440.51261637732,
        "y" : 243804.35138823651
      }
    },
    {
      "attributes" : {
        "FID" : 5,
        "PMNTN_SPOT" : 19235,
        "MNTN_CODE" : "467800401",
        "MANAGE_SP1" : "01",
        "MANAGE_SP2" : "시종점",
        "DETAIL_SPO" : "시종점",
        "ETC_MATTER" : " ",
        "MNTN_NM" : "대룡산",
        "PAST_SPOT_" : "4678004010006",
        "MNTN_ID" : "467800401"
      },
      "geometry" : {
        "x" : 215157.6259000022,
        "y" : 244529.46670000441
      }
    }
  ]
}