{
  "displayFieldName" : "",
  "fieldAliases" : {
    "FID" : "FID",
    "PMNTN_SN" : "PMNTN_SN",
    "MNTN_CODE" : "MNTN_CODE",
    "MNTN_NM" : "MNTN_NM",
    "PMNTN_NM" : "PMNTN_NM",
    "PMNTN_MAIN" : "PMNTN_MAIN",
    "PMNTN_LT" : "PMNTN_LT",
    "PMNTN_DFFL" : "PMNTN_DFFL",
    "PMNTN_UPPL" : "PMNTN_UPPL",
    "PMNTN_GODN" : "PMNTN_GODN",
    "PMNTN_MTRQ" : "PMNTN_MTRQ",
    "PMNTN_CNRL" : "PMNTN_CNRL",
    "PMNTN_CLS_" : "PMNTN_CLS_",
    "PMNTN_RISK" : "PMNTN_RISK",
    "PMNTN_RECO" : "PMNTN_RECO",
    "DATA_STDR_" : "DATA_STDR_",
    "MNTN_ID" : "MNTN_ID"
  },
  "geometryType" : "esriGeometryPolyline",
  "spatialReference" : {
    "wkt" : "PROJCS[\"PCS_ITRF2000_TM\",GEOGCS[\"GCS_ITRF_2000\",DATUM[\"D_ITRF_2000\",SPHEROID[\"GRS_1980\",6378137.0,298.257222101]],PRIMEM[\"Greenwich\",0.0],UNIT[\"Degree\",0.0174532925199433]],PROJECTION[\"Transverse_Mercator\"],PARAMETER[\"False_Easting\",200000.0],PARAMETER[\"False_Northing\",600000.0],PARAMETER[\"Central_Meridian\",127.0],PARAMETER[\"Scale_Factor\",1.0],PARAMETER[\"Latitude_Of_Origin\",38.0],UNIT[\"Meter\",1.0]]"
  },
  "fields" : [
    {
      "name" : "FID",
      "type" : "esriFieldTypeOID",
      "alias" : "FID"
    },
    {
      "name" : "PMNTN_SN",
      "type" : "esriFieldTypeDouble",
      "alias" : "PMNTN_SN"
    },
    {
      "name" : "MNTN_CODE",
      "type" : "esriFieldTypeString",
      "alias" : "MNTN_CODE",
      "length" : 9
    },
    {
      "name" : "MNTN_NM",
      "type" : "esriFieldTypeString",
      "alias" : "MNTN_NM",
      "length" : 50
    },
    {
      "name" : "PMNTN_NM",
      "type" : "esriFieldTypeString",
      "alias" : "PMNTN_NM",
      "length" : 50
    },
    {
      "name" : "PMNTN_MAIN",
      "type" : "esriFieldTypeString",
      "alias" : "PMNTN_MAIN",
      "length" : 200
    },
    {
      "name" : "PMNTN_LT",
      "type" : "esriFieldTypeSingle",
      "alias" : "PMNTN_LT"
    },
    {
      "name" : "PMNTN_DFFL",
      "type" : "esriFieldTypeString",
      "alias" : "PMNTN_DFFL",
      "length" : 8
    },
    {
      "name" : "PMNTN_UPPL",
      "type" : "esriFieldTypeDouble",
      "alias" : "PMNTN_UPPL"
    },
    {
      "name" : "PMNTN_GODN",
      "type" : "esriFieldTypeDouble",
      "alias" : "PMNTN_GODN"
    },
    {
      "name" : "PMNTN_MTRQ",
      "type" : "esriFieldTypeString",
      "alias" : "PMNTN_MTRQ",
      "length" : 200
    },
    {
      "name" : "PMNTN_CNRL",
      "type" : "esriFieldTypeString",
      "alias" : "PMNTN_CNRL",
      "length" : 1
    },
    {
      "name" : "PMNTN_CLS_",
      "type" : "esriFieldTypeString",
      "alias" : "PMNTN_CLS_",
      "length" : 1
    },
    {
      "name" : "PMNTN_RISK",
      "type" : "esriFieldTypeString",
      "alias" : "PMNTN_RISK",
      "length" : 200
    },
    {
      "name" : "PMNTN_RECO",
      "type" : "esriFieldTypeString",
      "alias" : "PMNTN_RECO",
      "length" : 1
    },
    {
      "name" : "DATA_STDR_",
      "type" : "esriFieldTypeString",
      "alias" : "DATA_STDR_",
      "length" : 10
    },
    {
      "name" : "MNTN_ID",
      "type" : "esriFieldTypeString",
      "alias" : "MNTN_ID",
      "length" : 10
    }
  ],
  "features" : [
    {
      "attributes" : {
        "FID" : 0,
        "PMNTN_SN" : 11634,
        "MNTN_CODE" : "488601601",
        "MNTN_NM" : "대성산",
        "PMNTN_NM" : "모례리구간",
        "PMNTN_MAIN" : " ",
        "PMNTN_LT" : 0.24,
        "PMNTN_DFFL" : "쉬움",
        "PMNTN_UPPL" : 4,
        "PMNTN_GODN" : 3,
        "PMNTN_MTRQ" : " ",
        "PMNTN_CNRL" : " ",
        "PMNTN_CLS_" : " ",
        "PMNTN_RISK" : " ",
        "PMNTN_RECO" : " ",
        "DATA_STDR_" : "2016-12-31",
        "MNTN_ID" : "488601601"
      },
      "geometry" : {
        "paths" : [
          [
            [
              288160.01800000109,
              310635.35239999741
            ],
            [
              288164.37290000077,
              310634.46979999915
            ],
            [
              288168.5083000008,
              310634.17559999973
            ],
            [
              288172.42420000024,
              310634.46979999915
            ],
            [
              288178.19960000087,
              310636.29700000025
            ],
            [
              288182.88399999961,
              310639.45090000145
            ],
            [
              288186.43300000113,
              310642.92570000142
            ],
            [
              288189.13340000063,
              310645.8685999997
            ],
            [
              288191.21690000035,
              310648.43579999916
            ],
            [
              288193.64900000114,
              310651.97709999792
            ],
            [
              288197.82279999927,
              310659.93550000153
            ],
            [
              288200.54889999982,
              310663.73840000108
            ],
            [
              288203.37949999981,
              310666.1174999997
            ],
            [
              288206.03139999975,
              310667.42100000009
            ],
            [
              288209.52270000149,
              310668.56060000136
            ],
            [
              288217.47390000056,
              310670.43869999982
            ],
            [
              288220.80140000116,
              310671.42310000211
            ],
            [
              288223.99750000052,
              310672.84100000001
            ],
            [
              288226.44150000159,
              310674.60260000266
            ],
            [
              288228.51770000067,
              310676.90710000135
            ],
            [
              288230.47870000079,
              310679.87730000168
            ],
            [
              288232.10280000232,
              310682.94759999961
            ],
            [
              288235.63169999979,
              310690.36649999954
            ],
            [
              288239.53680000082,
              310697.67300000414
            ],
            [
              288244.2109999992,
              310705.58170000277
            ],
            [
              288246.89320000075,
              310709.83349999972
            ],
            [
              288249.35240000021,
              310712.96630000137
            ],
            [
              288252.74010000005,
              310716.19519999996
            ],
            [
              288257.26290000044,
              310718.95640000142
            ],
            [
              288261.72540000081,
              310720.72950000316
            ],
            [
              288267.00300000049,
              310722.22720000148
            ],
            [
              288271.35969999898,
              310723.28120000102
            ],
            [
              288274.74949999992,
              310723.9170000013
            ],
            [
              288278.65380000137,
              310724.38400000334
            ],
            [
              288287.60010000225,
              310724.55619999953
            ],
            [
              288291.61010000203,
              310725.12710000202
            ],
            [
              288295.54479999933,
              310727.00720000267
            ],
            [
              288299.0421000002,
              310730.42229999974
            ],
            [
              288301.1846000012,
              310733.62470000237
            ],
            [
              288306.46420000121,
              310742.73320000246
            ],
            [
              288309.09499999974,
              310746.10789999925
            ],
            [
              288315.51730000135,
              310752.21810000017
            ],
            [
              288320.05380000174,
              310756.17540000193
            ],
            [
              288324.11369999964,
              310759.39959999919
            ],
            [
              288327.67300000135,
              310761.86290000193
            ],
            [
              288333.28760000132,
              310764.59710000269
            ],
            [
              288337.1473000003,
              310764.17370000109
            ]
          ]
        ]
      }
    },
    {
      "attributes" : {
        "FID" : 1,
        "PMNTN_SN" : 11635,
        "MNTN_CODE" : "488601601",
        "MNTN_NM" : "대성산",
        "PMNTN_NM" : "안봉리구간",
        "PMNTN_MAIN" : " ",
        "PMNTN_LT" : 0.71,
        "PMNTN_DFFL" : "쉬움",
        "PMNTN_UPPL" : 13,
        "PMNTN_GODN" : 9,
        "PMNTN_MTRQ" : " ",
        "PMNTN_CNRL" : " ",
        "PMNTN_CLS_" : " ",
        "PMNTN_RISK" : " ",
        "PMNTN_RECO" : " ",
        "DATA_STDR_" : "2016-12-31",
        "MNTN_ID" : "488601601"
      },
      "geometry" : {
        "paths" : [
          [
            [
              288448.85950000025,
              310659.5064000003
            ],
            [
              288441.64790000021,
              310647.98730000108
            ],
            [
              288436.49120000098,
              310639.94999999925
            ],
            [
              288437.04079999961,
              310633.81420000084
            ],
            [
              288440.75229999889,
              310627.3629999999
            ],
            [
              288445.88700000104,
              310619.86680000462
            ],
            [
              288452.17880000174,
              310612.02109999955
            ],
            [
              288452.77890000213,
              310606.83280000091
            ],
            [
              288450.55530000012,
              310597.98310000263
            ],
            [
              288447.65589999966,
              310586.18000000156
            ],
            [
              288443.33449999895,
              310570.34930000268
            ],
            [
              288439.63719999976,
              310561.8172999993
            ],
            [
              288430.90539999958,
              310554.04820000194
            ],
            [
              288422.33090000041,
              310547.57650000416
            ],
            [
              288414.84520000126,
              310541.71390000172
            ],
            [
              288407.02370000072,
              310535.09740000032
            ],
            [
              288400.08650000207,
              310528.13780000247
            ],
            [
              288396.04600000195,
              310520.7611999996
            ],
            [
              288397.4094000021,
              310512.77440000139
            ],
            [
              288398.2005000012,
              310502.49719999917
            ],
            [
              288398.29619999975,
              310491.81069999933
            ],
            [
              288396.09570000041,
              310483.87550000288
            ],
            [
              288390.69740000181,
              310478.99000000209
            ],
            [
              288381.86280000024,
              310471.76779999956
            ],
            [
              288373.79450000171,
              310465.03010000102
            ],
            [
              288365.05150000006,
              310458.8628000021
            ],
            [
              288357.63970000111,
              310456.53140000068
            ],
            [
              288348.18599999975,
              310456.31629999913
            ],
            [
              288338.66830000002,
              310455.66550000198
            ],
            [
              288329.16220000107,
              310458.24430000223
            ],
            [
              288319.59509999957,
              310461.38910000212
            ],
            [
              288309.92370000016,
              310462.27559999935
            ],
            [
              288302.54810000025,
              310458.63920000009
            ],
            [
              288298.71980000101,
              310453.46710000373
            ],
            [
              288299.2948000012,
              310447.856200004
            ],
            [
              288300.97919999994,
              310440.43710000068
            ],
            [
              288303.58770000003,
              310433.28580000438
            ],
            [
              288308.38410000131,
              310423.86720000021
            ],
            [
              288305.01120000053,
              310418.28650000133
            ],
            [
              288301.24320000131,
              310412.05230000243
            ],
            [
              288295.14829999954,
              310408.32110000029
            ],
            [
              288286.28650000133,
              310404.93160000257
            ],
            [
              288276.95660000108,
              310402.5987999998
            ],
            [
              288272.74960000161,
              310396.05310000293
            ],
            [
              288270.34729999956,
              310391.26510000415
            ],
            [
              288270.61710000038,
              310383.5979999993
            ],
            [
              288274.04440000094,
              310376.16990000382
            ],
            [
              288283.69600000046,
              310366.05519999936
            ],
            [
              288300.44370000158,
              310352.99450000189
            ],
            [
              288306.14910000097,
              310331.00809999928
            ],
            [
              288305.01140000019,
              310303.76680000313
            ],
            [
              288303.8142999988,
              310291.1436999999
            ],
            [
              288297.80480000004,
              310282.17270000093
            ],
            [
              288291.83719999995,
              310275.66650000401
            ],
            [
              288286.28110000119,
              310267.89740000293
            ],
            [
              288279.72240000125,
              310252.18029999919
            ],
            [
              288275.42179999966,
              310238.26860000007
            ],
            [
              288274.46470000036,
              310224.56910000183
            ],
            [
              288277.5895000007,
              310212.02980000339
            ],
            [
              288285.47229999956,
              310199.75
            ],
            [
              288298.73010000028,
              310185.18620000035
            ],
            [
              288308.88540000096,
              310174.00459999964
            ],
            [
              288311.32710000034,
              310161.79730000161
            ],
            [
              288310.54459999967,
              310156.44640000165
            ],
            [
              288307.70419999957,
              310140.43549999967
            ],
            [
              288307.06319999974,
              310135.55399999954
            ],
            [
              288306.70700000226,
              310131.23010000214
            ],
            [
              288306.63949999958,
              310126.35020000115
            ],
            [
              288306.9888000004,
              310121.90660000406
            ],
            [
              288307.21700000018,
              310120.69860000163
            ]
          ]
        ]
      }
    },
    {
      "attributes" : {
        "FID" : 2,
        "PMNTN_SN" : 11636,
        "MNTN_CODE" : "488601601",
        "MNTN_NM" : "대성산",
        "PMNTN_NM" : " ",
        "PMNTN_MAIN" : " ",
        "PMNTN_LT" : 0.17,
        "PMNTN_DFFL" : "쉬움",
        "PMNTN_UPPL" : 3,
        "PMNTN_GODN" : 2,
        "PMNTN_MTRQ" : " ",
        "PMNTN_CNRL" : " ",
        "PMNTN_CLS_" : " ",
        "PMNTN_RISK" : " ",
        "PMNTN_RECO" : " ",
        "DATA_STDR_" : "2016-12-31",
        "MNTN_ID" : "488601601"
      },
      "geometry" : {
        "paths" : [
          [
            [
              288567.61670000106,
              310724.9234000016
            ],
            [
              288567.25110000093,
              310721.97230000235
            ],
            [
              288566.1810000008,
              310718.1015000008
            ],
            [
              288564.73640000075,
              310713.87910000235
            ],
            [
              288562.62840000074,
              310708.72700000182
            ],
            [
              288560.45450000186,
              310703.98249999993
            ],
            [
              288558.08860000037,
              310699.64720000327
            ],
            [
              288555.53969999962,
              310695.73740000278
            ],
            [
              288550.35890000127,
              310688.39810000174
            ],
            [
              288546.95760000125,
              310684.41440000199
            ],
            [
              288544.44090000074,
              310682.32170000114
            ],
            [
              288541.23029999994,
              310680.82479999959
            ],
            [
              288537.31940000039,
              310681.07510000095
            ],
            [
              288533.91250000056,
              310682.47020000219
            ],
            [
              288528.26180000138,
              310685.49890000187
            ],
            [
              288525.34719999973,
              310686.67960000224
            ],
            [
              288519.12530000135,
              310688.38420000114
            ],
            [
              288513.19340000115,
              310689.62330000103
            ],
            [
              288507.55060000066,
              310690.39719999954
            ],
            [
              288500.92040000111,
              310690.65990000404
            ],
            [
              288496.78149999958,
              310690.26590000466
            ],
            [
              288483.63060000166,
              310687.8545000013
            ],
            [
              288479.03510000091,
              310687.79470000416
            ],
            [
              288475.65899999999,
              310688.45110000111
            ],
            [
              288467.2985000005,
              310691.34630000032
            ],
            [
              288463.08440000005,
              310692.27270000242
            ],
            [
              288459.4729000004,
              310691.93160000257
            ],
            [
              288457.08920000028,
              310690.35600000061
            ],
            [
              288454.09470000025,
              310686.73039999977
            ],
            [
              288451.82500000112,
              310682.55140000023
            ],
            [
              288449.86600000225,
              310677.62189999968
            ],
            [
              288448.75590000022,
              310673.37120000273
            ],
            [
              288448.21820000093,
              310668.93510000408
            ],
            [
              288448.25270000007,
              310664.3134000022
            ],
            [
              288448.85950000025,
              310659.5064000003
            ]
          ]
        ]
      }
    },
    {
      "attributes" : {
        "FID" : 3,
        "PMNTN_SN" : 11637,
        "MNTN_CODE" : "488601601",
        "MNTN_NM" : "대성산",
        "PMNTN_NM" : " ",
        "PMNTN_MAIN" : " ",
        "PMNTN_LT" : 0.21,
        "PMNTN_DFFL" : "쉬움",
        "PMNTN_UPPL" : 4,
        "PMNTN_GODN" : 3,
        "PMNTN_MTRQ" : " ",
        "PMNTN_CNRL" : " ",
        "PMNTN_CLS_" : " ",
        "PMNTN_RISK" : " ",
        "PMNTN_RECO" : " ",
        "DATA_STDR_" : "2016-12-31",
        "MNTN_ID" : "488601601"
      },
      "geometry" : {
        "paths" : [
          [
            [
              288567.61670000106,
              310724.9234000016
            ],
            [
              288571.22410000116,
              310725.72010000236
            ],
            [
              288574.77479999978,
              310726.15330000222
            ],
            [
              288578.26900000125,
              310726.22330000065
            ],
            [
              288582.65089999977,
              310725.72980000079
            ],
            [
              288585.63900000043,
              310724.82840000093
            ],
            [
              288593.40189999994,
              310721.11040000431
            ],
            [
              288596.80280000065,
              310719.89130000211
            ],
            [
              288600.01530000102,
              310719.37330000103
            ],
            [
              288608.06430000067,
              310718.90230000205
            ],
            [
              288611.01950000133,
              310718.18899999931
            ],
            [
              288613.61730000097,
              310716.89770000428
            ],
            [
              288616.10520000104,
              310714.77070000023
            ],
            [
              288621.28440000117,
              310709.1147999987
            ],
            [
              288623.97599999979,
              310706.80790000223
            ],
            [
              288628.34870000184,
              310703.7070000004
            ],
            [
              288631.94900000002,
              310701.6743999999
            ],
            [
              288635.96770000178,
              310700.90809999965
            ],
            [
              288639.76150000095,
              310703.36800000258
            ],
            [
              288644.62349999975,
              310709.37639999762
            ],
            [
              288647.33320000116,
              310712.17130000331
            ],
            [
              288651.0306000011,
              310713.98179999925
            ],
            [
              288655.2276000008,
              310713.67280000076
            ],
            [
              288663.36029999983,
              310711.2201000005
            ],
            [
              288668.18780000135,
              310710.71749999933
            ],
            [
              288672.0717999991,
              310711.97749999911
            ],
            [
              288677.76609999966,
              310715.6185999997
            ],
            [
              288680.33530000038,
              310716.87209999934
            ],
            [
              288683.98940000031,
              310717.90220000036
            ],
            [
              288688.22220000159,
              310718.52810000069
            ],
            [
              288692.74190000072,
              310718.78570000269
            ],
            [
              288701.4701000005,
              310718.88490000181
            ],
            [
              288705.43600000069,
              310718.6612999998
            ],
            [
              288713.52170000039,
              310717.40029999986
            ],
            [
              288716.77029999997,
              310717.07599999942
            ],
            [
              288719.98660000041,
              310717.18790000118
            ],
            [
              288724.20490000024,
              310719.0698000025
            ],
            [
              288726.7443000013,
              310722.02020000108
            ],
            [
              288728.38000000082,
              310725.20399999805
            ],
            [
              288731.78960000165,
              310733.09950000048
            ],
            [
              288734.31549999956,
              310737.03339999914
            ],
            [
              288738.47820000071,
              310738.92050000094
            ],
            [
              288743.81020000018,
              310737.93779999949
            ],
            [
              288747.18919999991,
              310736.31959999911
            ],
            [
              288750.78450000007,
              310733.98120000213
            ]
          ]
        ]
      }
    },
    {
      "attributes" : {
        "FID" : 4,
        "PMNTN_SN" : 11638,
        "MNTN_CODE" : "488601601",
        "MNTN_NM" : "대성산",
        "PMNTN_NM" : " ",
        "PMNTN_MAIN" : " ",
        "PMNTN_LT" : 0.71,
        "PMNTN_DFFL" : "쉬움",
        "PMNTN_UPPL" : 13,
        "PMNTN_GODN" : 9,
        "PMNTN_MTRQ" : " ",
        "PMNTN_CNRL" : " ",
        "PMNTN_CLS_" : " ",
        "PMNTN_RISK" : " ",
        "PMNTN_RECO" : " ",
        "DATA_STDR_" : "2016-12-31",
        "MNTN_ID" : "488601601"
      },
      "geometry" : {
        "paths" : [
          [
            [
              288750.78450000007,
              310733.98120000213
            ],
            [
              288751.32290000003,
              310731.10860000364
            ],
            [
              288752.6818000013,
              310727.95020000078
            ],
            [
              288754.6986999996,
              310724.66169999912
            ],
            [
              288758.83579999954,
              310718.88490000181
            ],
            [
              288760.68479999993,
              310716.45140000246
            ],
            [
              288762.94740000088,
              310713.87990000285
            ],
            [
              288772.92560000066,
              310703.78869999945
            ],
            [
              288778.39520000014,
              310697.9888000004
            ],
            [
              288780.97700000089,
              310694.73090000264
            ],
            [
              288783.67850000039,
              310690.41110000201
            ],
            [
              288785.75040000118,
              310686.29289999977
            ],
            [
              288787.19859999977,
              310682.3646000009
            ],
            [
              288788.02190000098,
              310678.62829999998
            ],
            [
              288788.48110000137,
              310674.40260000154
            ],
            [
              288788.2127000019,
              310670.39169999957
            ],
            [
              288785.95469999965,
              310666.43979999982
            ],
            [
              288782.37910000049,
              310663.3599999994
            ],
            [
              288777.12510000076,
              310660.06300000288
            ],
            [
              288774.2901999997,
              310658.8347000014
            ],
            [
              288767.45540000126,
              310657.03330000117
            ],
            [
              288763.02180000022,
              310655.14550000057
            ],
            [
              288758.36770000122,
              310651.56100000255
            ],
            [
              288755.63410000037,
              310648.6771000009
            ],
            [
              288753.77029999997,
              310645.94600000419
            ],
            [
              288752.74739999976,
              310642.21040000021
            ],
            [
              288753.347000001,
              310638.19250000268
            ],
            [
              288754.65299999993,
              310634.52730000205
            ],
            [
              288757.3888000017,
              310628.74750000052
            ],
            [
              288760.46270000003,
              310622.62460000068
            ],
            [
              288763.94560000021,
              310616.55079999939
            ],
            [
              288767.62380000018,
              310610.93820000254
            ],
            [
              288776.75119999982,
              310597.80359999835
            ],
            [
              288780.97700000089,
              310591.0700000003
            ],
            [
              288784.27270000055,
              310585.11160000227
            ],
            [
              288787.4355000006,
              310581.46500000171
            ],
            [
              288790.2592999991,
              310579.26970000193
            ],
            [
              288793.47400000226,
              310577.43930000253
            ],
            [
              288797.07960000075,
              310575.97380000353
            ],
            [
              288803.71779999882,
              310576.20740000159
            ],
            [
              288811.1967000002,
              310583.71770000085
            ],
            [
              288820.21370000113,
              310594.08349999972
            ],
            [
              288829.68570000026,
              310607.9328000024
            ],
            [
              288838.27400000021,
              310616.11960000172
            ],
            [
              288849.71490000095,
              310619.08929999918
            ],
            [
              288861.01460000128,
              310621.98069999926
            ],
            [
              288878.40710000135,
              310628.10840000398
            ],
            [
              288892.38210000098,
              310634.85750000179
            ],
            [
              288903.57610000111,
              310642.30890000239
            ],
            [
              288916.10530000087,
              310650.92630000226
            ],
            [
              288926.47560000047,
              310660.3545000013
            ],
            [
              288933.5521000009,
              310670.55100000091
            ],
            [
              288937.31340000033,
              310687.80860000104
            ],
            [
              288938.91820000019,
              310699.80120000057
            ],
            [
              288940.80010000058,
              310713.86500000395
            ],
            [
              288941.61090000067,
              310716.22030000016
            ],
            [
              288942.10219999962,
              310719.77930000238
            ],
            [
              288941.22149999999,
              310722.52970000356
            ],
            [
              288939.23140000086,
              310724.60280000046
            ],
            [
              288935.76640000194,
              310726.82510000095
            ],
            [
              288928.18910000008,
              310731.36929999851
            ],
            [
              288920.90820000041,
              310735.73570000194
            ],
            [
              288912.23979999963,
              310740.93420000002
            ],
            [
              288902.37730000168,
              310746.8487999998
            ],
            [
              288890.29629999865,
              310754.56549999863
            ],
            [
              288877.01219999976,
              310762.46400000155
            ],
            [
              288868.60350000113,
              310770.96780000068
            ],
            [
              288857.07930000033,
              310783.74469999969
            ],
            [
              288847.0010000011,
              310795.74600000121
            ],
            [
              288838.98460000008,
              310808.70730000176
            ],
            [
              288829.72380000073,
              310817.27480000071
            ],
            [
              288821.87120000087,
              310822.80790000223
            ],
            [
              288809.14320000075,
              310818.45379999839
            ],
            [
              288798.32990000024,
              310809.24679999985
            ],
            [
              288794.72770000063,
              310804.21690000221
            ],
            [
              288791.04110000096,
              310799.39820000343
            ],
            [
              288786.71680000052,
              310794.70810000226
            ],
            [
              288775.94489999954,
              310784.30200000107
            ],
            [
              288766.24260000046,
              310774.54189999774
            ],
            [
              288759.95150000043,
              310767.63770000078
            ],
            [
              288757.81790000107,
              310765.10030000098
            ],
            [
              288755.17329999991,
              310761.35460000299
            ],
            [
              288753.71270000096,
              310756.84100000001
            ],
            [
              288754.7125000013,
              310749.58310000412
            ],
            [
              288754.38800000027,
              310745.15600000136
            ],
            [
              288751.39099999983,
              310737.81810000166
            ],
            [
              288750.78450000007,
              310733.98120000213
            ]
          ]
        ]
      }
    },
    {
      "attributes" : {
        "FID" : 5,
        "PMNTN_SN" : 11639,
        "MNTN_CODE" : "488601601",
        "MNTN_NM" : "대성산",
        "PMNTN_NM" : " ",
        "PMNTN_MAIN" : " ",
        "PMNTN_LT" : 0.18,
        "PMNTN_DFFL" : "쉬움",
        "PMNTN_UPPL" : 3,
        "PMNTN_GODN" : 2,
        "PMNTN_MTRQ" : " ",
        "PMNTN_CNRL" : " ",
        "PMNTN_CLS_" : " ",
        "PMNTN_RISK" : " ",
        "PMNTN_RECO" : " ",
        "DATA_STDR_" : "2016-12-31",
        "MNTN_ID" : "488601601"
      },
      "geometry" : {
        "paths" : [
          [
            [
              288337.1473000003,
              310764.17370000109
            ],
            [
              288339.05020000041,
              310761.27590000071
            ],
            [
              288339.91909999959,
              310758.34129999951
            ],
            [
              288340.71000000089,
              310754.18910000287
            ],
            [
              288341.62630000059,
              310746.88900000229
            ],
            [
              288342.98869999964,
              310731.71610000171
            ],
            [
              288343.73410000093,
              310726.12910000235
            ],
            [
              288344.35290000122,
              310722.78339999914
            ],
            [
              288345.19859999977,
              310719.89130000211
            ],
            [
              288346.43760000076,
              310716.77239999734
            ],
            [
              288347.9179999996,
              310713.65550000034
            ],
            [
              288349.61510000192,
              310710.59259999916
            ],
            [
              288351.50050000101,
              310707.63500000164
            ],
            [
              288353.54019999877,
              310704.83510000072
            ],
            [
              288355.70600000024,
              310702.23090000264
            ],
            [
              288357.96679999959,
              310699.85960000195
            ],
            [
              288360.2949000001,
              310697.75019999966
            ],
            [
              288362.79220000003,
              310696.04270000197
            ],
            [
              288365.94560000114,
              310694.5727000013
            ],
            [
              288369.17650000006,
              310693.46300000325
            ],
            [
              288376.90290000103,
              310691.20289999805
            ],
            [
              288380.3973000003,
              310689.89690000191
            ],
            [
              288383.21550000086,
              310688.41210000217
            ],
            [
              288386.23589999974,
              310685.79470000416
            ],
            [
              288389.05160000082,
              310681.5689000003
            ],
            [
              288392.30470000021,
              310674.64050000161
            ],
            [
              288393.68030000012,
              310672.1138000004
            ],
            [
              288395.79030000046,
              310669.35109999962
            ],
            [
              288399.35290000029,
              310666.30160000175
            ],
            [
              288402.67769999988,
              310664.18520000018
            ],
            [
              288406.46110000089,
              310662.24049999751
            ],
            [
              288410.6157000009,
              310660.51280000247
            ],
            [
              288415.03859999962,
              310659.16420000233
            ],
            [
              288419.98890000116,
              310658.21890000068
            ],
            [
              288425.50609999988,
              310657.66740000062
            ],
            [
              288430.48099999875,
              310657.47610000148
            ],
            [
              288435.4692000011,
              310657.9411999993
            ],
            [
              288445.43120000232,
              310660.474700002
            ],
            [
              288448.85950000025,
              310659.5064000003
            ]
          ]
        ]
      }
    },
    {
      "attributes" : {
        "FID" : 6,
        "PMNTN_SN" : 11640,
        "MNTN_CODE" : "488601601",
        "MNTN_NM" : "대성산",
        "PMNTN_NM" : " ",
        "PMNTN_MAIN" : " ",
        "PMNTN_LT" : 0.37,
        "PMNTN_DFFL" : "쉬움",
        "PMNTN_UPPL" : 7,
        "PMNTN_GODN" : 5,
        "PMNTN_MTRQ" : " ",
        "PMNTN_CNRL" : " ",
        "PMNTN_CLS_" : " ",
        "PMNTN_RISK" : " ",
        "PMNTN_RECO" : " ",
        "DATA_STDR_" : "2016-12-31",
        "MNTN_ID" : "488601601"
      },
      "geometry" : {
        "paths" : [
          [
            [
              288337.1473000003,
              310764.17370000109
            ],
            [
              288341.22510000132,
              310767.07880000025
            ],
            [
              288345.43590000179,
              310769.38900000229
            ],
            [
              288349.77969999891,
              310771.1043999996
            ],
            [
              288354.2564000003,
              310772.22500000149
            ],
            [
              288359.14650000073,
              310773.05290000141
            ],
            [
              288363.83110000193,
              310773.16280000098
            ],
            [
              288368.24420000054,
              310771.42510000058
            ],
            [
              288371.9952000007,
              310765.86910000257
            ],
            [
              288374.13300000038,
              310763.48579999991
            ],
            [
              288377.12829999905,
              310761.1883000005
            ],
            [
              288381.49629999977,
              310758.71290000156
            ],
            [
              288386.07409999985,
              310756.97709999979
            ],
            [
              288389.40459999908,
              310756.27820000239
            ],
            [
              288394.01530000195,
              310756.05210000463
            ],
            [
              288397.82860000059,
              310756.38930000179
            ],
            [
              288401.37530000042,
              310757.17400000431
            ],
            [
              288405.31510000117,
              310758.69529999979
            ],
            [
              288408.28289999906,
              310760.98730000295
            ],
            [
              288409.79140000045,
              310764.56130000018
            ],
            [
              288410.20250000153,
              310767.56670000032
            ],
            [
              288410.69380000047,
              310774.87150000222
            ],
            [
              288411.23809999973,
              310777.88910000212
            ],
            [
              288412.89759999979,
              310780.69180000201
            ],
            [
              288416.67930000089,
              310781.70200000145
            ],
            [
              288421.93730000127,
              310781.05639999919
            ],
            [
              288425.37280000187,
              310781.05100000091
            ],
            [
              288429.29860000219,
              310783.34870000184
            ],
            [
              288431.50140000042,
              310787.09350000136
            ],
            [
              288434.05150000006,
              310793.84150000103
            ],
            [
              288435.30510000139,
              310796.57100000046
            ],
            [
              288437.85340000037,
              310799.70760000125
            ],
            [
              288441.14040000085,
              310801.16090000048
            ],
            [
              288444.05690000113,
              310801.54410000145
            ],
            [
              288451.73489999957,
              310801.92840000056
            ],
            [
              288456.63600000087,
              310803.9047000017
            ],
            [
              288462.35240000021,
              310808.17740000039
            ],
            [
              288466.07679999992,
              310809.74610000104
            ],
            [
              288469.78080000076,
              310810.35830000043
            ],
            [
              288476.31480000075,
              310810.71340000071
            ],
            [
              288484.18020000029,
              310810.70610000379
            ],
            [
              288491.12359999958,
              310810.21230000257
            ],
            [
              288495.95170000102,
              310809.54260000028
            ],
            [
              288501.29220000096,
              310808.03060000017
            ],
            [
              288504.79120000079,
              310806.4355999995
            ],
            [
              288512.43890000042,
              310801.92350000143
            ],
            [
              288515.28299999982,
              310800.4047000017
            ],
            [
              288518.29669999983,
              310799.18000000343
            ],
            [
              288525.63620000053,
              310796.79990000091
            ],
            [
              288528.39470000006,
              310795.75760000013
            ],
            [
              288531.07120000012,
              310793.39479999989
            ],
            [
              288528.16460000072,
              310790.31610000134
            ],
            [
              288520.54550000187,
              310786.74829999916
            ],
            [
              288517.65270000044,
              310785.0802000016
            ],
            [
              288515.59819999989,
              310782.96770000271
            ],
            [
              288515.56209999975,
              310779.75150000304
            ],
            [
              288517.66500000097,
              310775.52539999969
            ],
            [
              288520.43800000008,
              310771.96360000037
            ],
            [
              288522.72149999999,
              310769.67120000347
            ],
            [
              288526.22820000071,
              310766.93770000339
            ],
            [
              288530.47990000062,
              310764.80660000071
            ],
            [
              288534.25690000039,
              310763.8321000021
            ],
            [
              288538.63829999976,
              310763.27859999985
            ],
            [
              288544.64529999997,
              310763.30070000142
            ],
            [
              288549.56080000009,
              310764.55350000225
            ],
            [
              288556.52049999963,
              310767.52270000055
            ],
            [
              288560.32870000228,
              310768.74259999953
            ],
            [
              288563.97300000023,
              310769.28900000453
            ],
            [
              288568.39950000029,
              310769.17860000208
            ],
            [
              288572.54300000053,
              310767.97670000233
            ],
            [
              288571.74220000021,
              310764.83809999935
            ],
            [
              288566.40010000207,
              310758.31320000067
            ],
            [
              288564.93329999968,
              310755.85300000012
            ],
            [
              288563.66139999963,
              310751.37840000167
            ],
            [
              288563.17630000226,
              310747.21410000138
            ],
            [
              288563.15230000112,
              310742.70290000178
            ],
            [
              288563.59100000188,
              310738.00680000149
            ],
            [
              288564.35300000105,
              310735.07760000229
            ],
            [
              288567.22589999903,
              310728.0167000033
            ],
            [
              288567.61670000106,
              310724.9234000016
            ]
          ]
        ]
      }
    }
  ]
}