{
  "displayFieldName" : "",
  "fieldAliases" : {
    "FID" : "FID",
    "PMNTN_SN" : "PMNTN_SN",
    "MNTN_CODE" : "MNTN_CODE",
    "MNTN_NM" : "MNTN_NM",
    "PMNTN_NM" : "PMNTN_NM",
    "PMNTN_MAIN" : "PMNTN_MAIN",
    "PMNTN_LT" : "PMNTN_LT",
    "PMNTN_DFFL" : "PMNTN_DFFL",
    "PMNTN_UPPL" : "PMNTN_UPPL",
    "PMNTN_GODN" : "PMNTN_GODN",
    "PMNTN_MTRQ" : "PMNTN_MTRQ",
    "PMNTN_CNRL" : "PMNTN_CNRL",
    "PMNTN_CLS_" : "PMNTN_CLS_",
    "PMNTN_RISK" : "PMNTN_RISK",
    "PMNTN_RECO" : "PMNTN_RECO",
    "DATA_STDR_" : "DATA_STDR_",
    "MNTN_ID" : "MNTN_ID"
  },
  "geometryType" : "esriGeometryPolyline",
  "spatialReference" : {
    "wkt" : "PROJCS[\"PCS_ITRF2000_TM\",GEOGCS[\"GCS_ITRF_2000\",DATUM[\"D_ITRF_2000\",SPHEROID[\"GRS_1980\",6378137.0,298.257222101]],PRIMEM[\"Greenwich\",0.0],UNIT[\"Degree\",0.0174532925199433]],PROJECTION[\"Transverse_Mercator\"],PARAMETER[\"False_Easting\",200000.0],PARAMETER[\"False_Northing\",600000.0],PARAMETER[\"Central_Meridian\",127.0],PARAMETER[\"Scale_Factor\",1.0],PARAMETER[\"Latitude_Of_Origin\",38.0],UNIT[\"Meter\",1.0]]"
  },
  "fields" : [
    {
      "name" : "FID",
      "type" : "esriFieldTypeOID",
      "alias" : "FID"
    },
    {
      "name" : "PMNTN_SN",
      "type" : "esriFieldTypeDouble",
      "alias" : "PMNTN_SN"
    },
    {
      "name" : "MNTN_CODE",
      "type" : "esriFieldTypeString",
      "alias" : "MNTN_CODE",
      "length" : 9
    },
    {
      "name" : "MNTN_NM",
      "type" : "esriFieldTypeString",
      "alias" : "MNTN_NM",
      "length" : 50
    },
    {
      "name" : "PMNTN_NM",
      "type" : "esriFieldTypeString",
      "alias" : "PMNTN_NM",
      "length" : 50
    },
    {
      "name" : "PMNTN_MAIN",
      "type" : "esriFieldTypeString",
      "alias" : "PMNTN_MAIN",
      "length" : 200
    },
    {
      "name" : "PMNTN_LT",
      "type" : "esriFieldTypeSingle",
      "alias" : "PMNTN_LT"
    },
    {
      "name" : "PMNTN_DFFL",
      "type" : "esriFieldTypeString",
      "alias" : "PMNTN_DFFL",
      "length" : 8
    },
    {
      "name" : "PMNTN_UPPL",
      "type" : "esriFieldTypeDouble",
      "alias" : "PMNTN_UPPL"
    },
    {
      "name" : "PMNTN_GODN",
      "type" : "esriFieldTypeDouble",
      "alias" : "PMNTN_GODN"
    },
    {
      "name" : "PMNTN_MTRQ",
      "type" : "esriFieldTypeString",
      "alias" : "PMNTN_MTRQ",
      "length" : 200
    },
    {
      "name" : "PMNTN_CNRL",
      "type" : "esriFieldTypeString",
      "alias" : "PMNTN_CNRL",
      "length" : 1
    },
    {
      "name" : "PMNTN_CLS_",
      "type" : "esriFieldTypeString",
      "alias" : "PMNTN_CLS_",
      "length" : 1
    },
    {
      "name" : "PMNTN_RISK",
      "type" : "esriFieldTypeString",
      "alias" : "PMNTN_RISK",
      "length" : 200
    },
    {
      "name" : "PMNTN_RECO",
      "type" : "esriFieldTypeString",
      "alias" : "PMNTN_RECO",
      "length" : 1
    },
    {
      "name" : "DATA_STDR_",
      "type" : "esriFieldTypeString",
      "alias" : "DATA_STDR_",
      "length" : 10
    },
    {
      "name" : "MNTN_ID",
      "type" : "esriFieldTypeString",
      "alias" : "MNTN_ID",
      "length" : 10
    }
  ],
  "features" : [
    {
      "attributes" : {
        "FID" : 0,
        "PMNTN_SN" : 1436,
        "MNTN_CODE" : "412801301",
        "MNTN_NM" : "개명산",
        "PMNTN_NM" : "1-2등산로분기점-추모공원입구구간",
        "PMNTN_MAIN" : " ",
        "PMNTN_LT" : 0.2,
        "PMNTN_DFFL" : "쉬움",
        "PMNTN_UPPL" : 4,
        "PMNTN_GODN" : 2,
        "PMNTN_MTRQ" : "토사",
        "PMNTN_CNRL" : " ",
        "PMNTN_CLS_" : " ",
        "PMNTN_RISK" : " ",
        "PMNTN_RECO" : " ",
        "DATA_STDR_" : "2016-12-31",
        "MNTN_ID" : "412801301"
      },
      "geometry" : {
        "paths" : [
          [
            [
              191919.67400000151,
              568920.68359999917
            ],
            [
              191903.13540000189,
              568895.58630000241
            ],
            [
              191901.47210000083,
              568884.07909999974
            ],
            [
              191894.91750000417,
              568873.40809999965
            ],
            [
              191886.63050000183,
              568864.16510000266
            ],
            [
              191874.03640000056,
              568854.03680000268
            ],
            [
              191857.9867000021,
              568845.039900003
            ],
            [
              191844.73180000205,
              568839.57399999909
            ],
            [
              191835.95830000099,
              568833.76280000061
            ],
            [
              191832.81430000253,
              568822.5532000009
            ],
            [
              191830.65919999965,
              568813.28110000305
            ],
            [
              191830.26530000102,
              568812.62870000117
            ],
            [
              191828.02690000087,
              568803.19840000011
            ],
            [
              191819.45860000048,
              568794.24140000157
            ],
            [
              191814.58100000117,
              568788.36490000226
            ],
            [
              191807.17590000015,
              568782.86550000124
            ],
            [
              191790.74900000263,
              568779.61050000042
            ]
          ]
        ]
      }
    },
    {
      "attributes" : {
        "FID" : 1,
        "PMNTN_SN" : 1437,
        "MNTN_CODE" : "412801301",
        "MNTN_NM" : "개명산",
        "PMNTN_NM" : "1-2등산로분기점-벽제배수지구간",
        "PMNTN_MAIN" : " ",
        "PMNTN_LT" : 0.23,
        "PMNTN_DFFL" : "쉬움",
        "PMNTN_UPPL" : 4,
        "PMNTN_GODN" : 3,
        "PMNTN_MTRQ" : "토사",
        "PMNTN_CNRL" : " ",
        "PMNTN_CLS_" : " ",
        "PMNTN_RISK" : " ",
        "PMNTN_RECO" : " ",
        "DATA_STDR_" : "2016-12-31",
        "MNTN_ID" : "412801301"
      },
      "geometry" : {
        "paths" : [
          [
            [
              191783.95639999956,
              568539.24650000036
            ],
            [
              191785.37370000128,
              568530.67960000038
            ],
            [
              191790.30260000005,
              568519.76480000094
            ],
            [
              191792.18020000122,
              568513.12160000019
            ],
            [
              191795.70620000083,
              568512.43380000256
            ],
            [
              191808.71430000383,
              568510.00119999982
            ],
            [
              191826.99480000045,
              568506.06950000115
            ],
            [
              191842.18760000356,
              568507.06160000153
            ],
            [
              191864.38270000182,
              568502.81490000151
            ],
            [
              191871.45739999972,
              568494.51660000347
            ],
            [
              191884.42090000026,
              568488.94250000082
            ],
            [
              191900.12060000189,
              568491.11520000175
            ],
            [
              191916.76820000261,
              568495.80340000242
            ],
            [
              191943.21059999987,
              568496.51950000413
            ],
            [
              191960.48530000169,
              568491.43740000017
            ],
            [
              191981.8610000005,
              568472.00430000201
            ]
          ]
        ]
      }
    },
    {
      "attributes" : {
        "FID" : 2,
        "PMNTN_SN" : 1438,
        "MNTN_CODE" : "412801301",
        "MNTN_NM" : "개명산",
        "PMNTN_NM" : "산능성-벽제배수지구간",
        "PMNTN_MAIN" : " ",
        "PMNTN_LT" : 0.19,
        "PMNTN_DFFL" : "쉬움",
        "PMNTN_UPPL" : 3,
        "PMNTN_GODN" : 2,
        "PMNTN_MTRQ" : "토사",
        "PMNTN_CNRL" : " ",
        "PMNTN_CLS_" : " ",
        "PMNTN_RISK" : " ",
        "PMNTN_RECO" : " ",
        "DATA_STDR_" : "2016-12-31",
        "MNTN_ID" : "412801301"
      },
      "geometry" : {
        "paths" : [
          [
            [
              191847.85850000009,
              568696.08200000226
            ],
            [
              191843.24819999933,
              568690.15890000202
            ],
            [
              191845.03140000068,
              568681.48069999926
            ],
            [
              191852.97290000319,
              568669.11950000189
            ],
            [
              191859.98759999964,
              568658.8561000023
            ],
            [
              191856.07070000097,
              568648.99139999971
            ],
            [
              191842.48150000069,
              568635.99719999917
            ],
            [
              191828.96400000155,
              568627.49029999971
            ],
            [
              191822.60140000004,
              568619.37230000086
            ],
            [
              191817.89210000075,
              568601.6353999991
            ],
            [
              191797.04070000164,
              568569.56280000135
            ],
            [
              191783.95639999956,
              568539.24650000036
            ]
          ]
        ]
      }
    },
    {
      "attributes" : {
        "FID" : 3,
        "PMNTN_SN" : 1439,
        "MNTN_CODE" : "412801301",
        "MNTN_NM" : "개명산",
        "PMNTN_NM" : "1-2등산로분기점-벽제배수지구간",
        "PMNTN_MAIN" : "벽제배수지",
        "PMNTN_LT" : 0.28,
        "PMNTN_DFFL" : "쉬움",
        "PMNTN_UPPL" : 5,
        "PMNTN_GODN" : 3,
        "PMNTN_MTRQ" : "토사",
        "PMNTN_CNRL" : " ",
        "PMNTN_CLS_" : " ",
        "PMNTN_RISK" : " ",
        "PMNTN_RECO" : " ",
        "DATA_STDR_" : "2016-12-31",
        "MNTN_ID" : "412801301"
      },
      "geometry" : {
        "paths" : [
          [
            [
              191783.95639999956,
              568539.24650000036
            ],
            [
              191784.76570000406,
              568560.63940000162
            ],
            [
              191784.71970000397,
              568569.26290000044
            ],
            [
              191780.64010000043,
              568579.58960000239
            ],
            [
              191774.81130000111,
              568594.5064000003
            ],
            [
              191767.83580000233,
              568608.84210000187
            ],
            [
              191767.20560000092,
              568619.18730000034
            ],
            [
              191766.56620000396,
              568631.25710000284
            ],
            [
              191769.31180000026,
              568655.41840000264
            ],
            [
              191773.24720000103,
              568669.25259999931
            ],
            [
              191778.87400000077,
              568680.76579999924
            ],
            [
              191785.21570000146,
              568691.72309999913
            ],
            [
              191792.02550000045,
              568708.43209999986
            ],
            [
              191795.98230000399,
              568721.10140000097
            ],
            [
              191806.85630000196,
              568730.35820000246
            ],
            [
              191817.17080000136,
              568736.73740000278
            ],
            [
              191832.7239000015,
              568731.07120000012
            ],
            [
              191841.94990000222,
              568725.94620000198
            ],
            [
              191844.87050000206,
              568717.33799999952
            ],
            [
              191847.85850000009,
              568696.08200000226
            ]
          ]
        ]
      }
    },
    {
      "attributes" : {
        "FID" : 4,
        "PMNTN_SN" : 1440,
        "MNTN_CODE" : "412801301",
        "MNTN_NM" : "개명산",
        "PMNTN_NM" : "1-2등산로분기점-추모공원입구구간",
        "PMNTN_MAIN" : "하늘문추모공원",
        "PMNTN_LT" : 0.66,
        "PMNTN_DFFL" : "쉬움",
        "PMNTN_UPPL" : 12,
        "PMNTN_GODN" : 8,
        "PMNTN_MTRQ" : "토사",
        "PMNTN_CNRL" : " ",
        "PMNTN_CLS_" : " ",
        "PMNTN_RISK" : " ",
        "PMNTN_RECO" : " ",
        "DATA_STDR_" : "2016-12-31",
        "MNTN_ID" : "412801301"
      },
      "geometry" : {
        "paths" : [
          [
            [
              192277.77869999968,
              569579.72750000097
            ],
            [
              192264.53139999975,
              569584.25610000081
            ],
            [
              192255.93860000093,
              569578.46100000106
            ],
            [
              192246.80769999977,
              569565.76400000229
            ],
            [
              192243.97310000192,
              569558.27500000037
            ],
            [
              192239.4291000003,
              569547.90220000409
            ],
            [
              192235.4355000034,
              569542.13170000166
            ],
            [
              192226.83959999867,
              569536.91150000133
            ],
            [
              192210.19510000106,
              569531.6483000014
            ],
            [
              192196.4373000022,
              569524.10090000369
            ],
            [
              192179.85110000148,
              569507.91469999962
            ],
            [
              192160.3321000021,
              569502.63620000146
            ],
            [
              192133.91420000046,
              569497.32080000266
            ],
            [
              192109.8144000005,
              569488.56839999929
            ],
            [
              192094.89460000116,
              569483.3144000005
            ],
            [
              192079.29440000374,
              569474.9785999991
            ],
            [
              192075.6481999997,
              569474.85600000061
            ],
            [
              192070.90410000272,
              569475.68670000136
            ],
            [
              192063.92610000074,
              569477.13530000113
            ],
            [
              192056.97869999986,
              569477.93769999966
            ],
            [
              192045.76410000026,
              569477.19630000181
            ],
            [
              192040.12450000085,
              569476.8123000022
            ],
            [
              192028.20590000041,
              569482.95830000378
            ],
            [
              192014.41750000231,
              569481.15990000218
            ],
            [
              192010.17520000041,
              569481.44730000384
            ],
            [
              192005.42459999956,
              569480.03440000117
            ],
            [
              192000.03330000117,
              569477.55749999918
            ],
            [
              191991.78600000218,
              569472.27080000192
            ],
            [
              191989.68230000138,
              569469.26460000314
            ],
            [
              191986.99569999985,
              569454.2265000008
            ],
            [
              191962.26120000053,
              569419.65100000054
            ],
            [
              191944.8077000007,
              569393.26360000111
            ],
            [
              191940.10240000021,
              569390.28769999929
            ],
            [
              191930.98909999896,
              569383.67500000075
            ],
            [
              191843.48350000102,
              569407.80749999918
            ],
            [
              191795.65309999883,
              569428.82410000265
            ],
            [
              191737.93570000399,
              569471.05980000086
            ]
          ]
        ]
      }
    },
    {
      "attributes" : {
        "FID" : 5,
        "PMNTN_SN" : 1441,
        "MNTN_CODE" : "412801301",
        "MNTN_NM" : "개명산",
        "PMNTN_NM" : "39번국도목암미술관우측-앵무봉구간",
        "PMNTN_MAIN" : " ",
        "PMNTN_LT" : 2.98,
        "PMNTN_DFFL" : "쉬움",
        "PMNTN_UPPL" : 53,
        "PMNTN_GODN" : 37,
        "PMNTN_MTRQ" : "토사",
        "PMNTN_CNRL" : " ",
        "PMNTN_CLS_" : " ",
        "PMNTN_RISK" : "형제봉에서 앵무봉 가는 길에 군부대가 있어서 더 이상의 등산이 불가능하다",
        "PMNTN_RECO" : " ",
        "DATA_STDR_" : "2016-12-31",
        "MNTN_ID" : "412801301"
      },
      "geometry" : {
        "paths" : [
          [
            [
              193749.84279999975,
              572148.6389000006
            ],
            [
              193763.70689999964,
              572146.62260000035
            ],
            [
              193764.43250000291,
              572146.30250000209
            ],
            [
              193772.50640000217,
              572142.74080000259
            ],
            [
              193779.25850000232,
              572124.33590000123
            ],
            [
              193796.83189999964,
              572094.33190000057
            ],
            [
              193813.12459999975,
              572066.64230000041
            ],
            [
              193816.75130000152,
              572054.3740000017
            ],
            [
              193821.23030000087,
              572047.91329999827
            ],
            [
              193819.94579999987,
              572035.98920000345
            ],
            [
              193822.72690000292,
              572024.43970000371
            ],
            [
              193827.37090000045,
              572015.00980000198
            ],
            [
              193848.20530000143,
              571995.0140999984
            ],
            [
              193867.83189999964,
              571980.17109999992
            ],
            [
              193879.3945000032,
              571968.159500001
            ],
            [
              193882.88690000027,
              571960.12930000015
            ],
            [
              193886.97880000249,
              571947.50290000625
            ],
            [
              193897.9664000012,
              571935.48829999939
            ],
            [
              193910.74940000102,
              571910.26010000147
            ],
            [
              193917.15320000332,
              571895.34640000202
            ],
            [
              193925.85970000084,
              571879.87010000274
            ],
            [
              193932.80460000224,
              571871.28339999914
            ],
            [
              193941.44350000098,
              571868.45500000194
            ],
            [
              193959.28090000153,
              571865.67570000142
            ],
            [
              193967.93819999974,
              571859.39780000225
            ],
            [
              193978.93200000003,
              571846.23340000212
            ],
            [
              193991.06640000083,
              571834.79980000108
            ],
            [
              194006.15820000041,
              571807.85920000076
            ],
            [
              194018.36020000186,
              571783.7778000012
            ],
            [
              194023.00549999904,
              571775.17879999802
            ],
            [
              194031.6567000011,
              571770.05080000125
            ],
            [
              194044.89790000301,
              571766.67200000025
            ],
            [
              194052.38080000132,
              571764.98719999939
            ],
            [
              194066.77799999993,
              571760.46480000019
            ],
            [
              194076.00720000081,
              571754.76490000263
            ],
            [
              194083.80369999912,
              571748.19490000419
            ],
            [
              194099.08470000047,
              571739.6528000012
            ],
            [
              194093.94280000124,
              571733.58860000037
            ],
            [
              194071.60140000097,
              571718.5214000009
            ],
            [
              194060.49830000009,
              571698.33989999816
            ],
            [
              194055.98809999973,
              571681.64310000278
            ],
            [
              194051.45650000032,
              571668.97070000134
            ],
            [
              194045.22470000293,
              571651.68980000168
            ],
            [
              194026.33270000108,
              571636.64100000262
            ],
            [
              194010.85030000005,
              571629.08430000208
            ],
            [
              193994.82980000135,
              571614.62570000067
            ],
            [
              193977.08450000174,
              571600.15789999999
            ],
            [
              193966.77620000113,
              571592.62890000269
            ],
            [
              193956.49859999958,
              571579.35090000369
            ],
            [
              193936.49370000046,
              571557.39699999988
            ],
            [
              193925.63500000071,
              571545.26569999941
            ],
            [
              193921.11870000139,
              571529.71880000085
            ],
            [
              193920.01800000109,
              571520.51420000382
            ],
            [
              193906.28789999988,
              571507.79260000214
            ],
            [
              193886.25840000156,
              571490.43799999915
            ],
            [
              193877.66250000335,
              571485.21780000255
            ],
            [
              193869.0513000004,
              571482.8721000012
            ],
            [
              193863.31450000033,
              571480.54179999977
            ],
            [
              193859.90200000349,
              571473.62450000085
            ],
            [
              193851.36750000156,
              571456.90630000271
            ],
            [
              193843.45700000133,
              571430.99260000139
            ],
            [
              193841.81220000051,
              571416.03600000218
            ],
            [
              193844.24689999968,
              571390.7525000032
            ],
            [
              193850.16480000131,
              571359.16350000165
            ],
            [
              193847.99420000054,
              571335.00530000031
            ],
            [
              193846.40460000001,
              571309.70040000044
            ],
            [
              193851.75989999995,
              571275.80870000087
            ],
            [
              193851.83360000327,
              571262.0110000018
            ],
            [
              193859.40259999968,
              571244.22900000028
            ],
            [
              193865.85550000239,
              571220.11680000089
            ],
            [
              193867.70610000007,
              571196.55500000343
            ],
            [
              193869.03710000031,
              571162.64189999923
            ],
            [
              193865.88860000204,
              571106.28290000185
            ],
            [
              193861.99940000195,
              571080.96570000239
            ],
            [
              193867.86820000038,
              571058.57520000078
            ],
            [
              193884.75540000014,
              571018.42100000009
            ],
            [
              193899.25079999864,
              570995.50159999914
            ],
            [
              193905.68220000248,
              570975.41380000114
            ],
            [
              193920.95519999973,
              570914.55389999971
            ],
            [
              193919.33180000354,
              570895.5728999991
            ],
            [
              193914.86459999904,
              570870.8275000006
            ],
            [
              193904.61160000414,
              570852.95020000264
            ],
            [
              193885.71040000301,
              570839.62610000186
            ],
            [
              193878.39940000232,
              570809.11630000174
            ],
            [
              193872.81920000073,
              570777.46590000205
            ],
            [
              193868.4227,
              570739.49780000001
            ],
            [
              193867.97370000184,
              570715.92369999923
            ],
            [
              193867.45430000033,
              570709.07770000026
            ],
            [
              193867.1102,
              570703.28610000201
            ],
            [
              193863.11030000262,
              570698.6958000008
            ],
            [
              193855.35590000078,
              570695.08010000177
            ],
            [
              193850.23860000167,
              570693.29330000095
            ],
            [
              193844.04600000009,
              570693.6061000023
            ],
            [
              193827.2630000012,
              570695.58400000073
            ],
            [
              193822.69280000217,
              570694.54030000418
            ],
            [
              193797.3803000031,
              570693.1248000022
            ],
            [
              193782.47580000013,
              570684.9963000007
            ],
            [
              193742.75840000249,
              570693.98289999925
            ],
            [
              193667.55660000071,
              570672.88410000131
            ],
            [
              193636.57940000016,
              570660.07040000148
            ],
            [
              193594.7313000001,
              570637.42500000075
            ],
            [
              193564.97450000048,
              570611.39470000006
            ],
            [
              193557.75779999979,
              570600.94829999842
            ],
            [
              193545.34020000137,
              570593.45270000026
            ],
            [
              193532.33400000073,
              570587.07380000316
            ],
            [
              193504.84920000192,
              570566.22990000062
            ],
            [
              193496.31160000339,
              570550.0866000019
            ],
            [
              193495.27540000062,
              570528.80900000222
            ],
            [
              193486.76550000254,
              570507.49160000123
            ],
            [
              193478.81510000024,
              570489.05170000158
            ],
            [
              193475.24780000374,
              570482.00680000149
            ],
            [
              193477.86790000089,
              570451.10190000385
            ],
            [
              193478.04600000381,
              570417.75760000013
            ],
            [
              193472.97630000114,
              570398.18320000172
            ],
            [
              193468.43230000231,
              570387.8104000017
            ],
            [
              193458.714200004,
              570377.40999999829
            ],
            [
              193448.3732000012,
              570367.44400000013
            ],
            [
              193442.64149999991,
              570364.74870000221
            ],
            [
              193432.8805000009,
              570370.37300000153
            ],
            [
              193413.27540000062,
              570381.19170000032
            ],
            [
              193390.82660000026,
              570386.24610000104
            ],
            [
              193386.22430000175,
              570386.79639999941
            ],
            [
              193370.73570000101,
              570380.38960000128
            ],
            [
              193358.16460000351,
              570365.94950000197
            ],
            [
              193331.85110000148,
              570341.08740000054
            ],
            [
              193318.68970000278,
              570329.51879999787
            ],
            [
              193311.15820000041,
              570326.02900000103
            ],
            [
              193305.42940000165,
              570321.10449999943
            ],
            [
              193299.05150000006,
              570320.83830000274
            ],
            [
              193292.25340000074,
              570324.80870000273
            ],
            [
              193283.42140000034,
              570327.58260000125
            ],
            [
              193276.07380000316,
              570325.87210000306
            ],
            [
              193268.15970000066,
              570317.75050000101
            ],
            [
              193261.88489999995,
              570308.51830000244
            ],
            [
              193255.75130000059,
              570272.84050000645
            ],
            [
              193246.03630000073,
              570261.86520000175
            ],
            [
              193221.39840000309,
              570246.21079999954
            ],
            [
              193195.5707000019,
              570238.02400000021
            ],
            [
              193180.06370000262,
              570235.06660000049
            ],
            [
              193173.20789999887,
              570226.9811000023
            ],
            [
              193161.79270000197,
              570211.39730000123
            ],
            [
              193155.5362999998,
              570198.71570000052
            ],
            [
              193155.64690000005,
              570178.01919999905
            ],
            [
              193152.8982000025,
              570154.43280000426
            ],
            [
              193145.52890000027,
              570134.84620000049
            ],
            [
              193137.09879999887,
              570098.58130000159
            ],
            [
              193130.87920000032,
              570079.0008000005
            ],
            [
              193118.87999999989,
              570065.1387000028
            ],
            [
              193114.90479999967,
              570055.91880000196
            ],
            [
              193116.68169999961,
              570046.15460000001
            ],
            [
              193122.47670000046,
              570037.56179999933
            ],
            [
              193125.95070000365,
              570032.98100000434
            ],
            [
              193127.16810000036,
              570020.33929999918
            ],
            [
              193127.25710000191,
              570003.66709999926
            ],
            [
              193127.33080000058,
              569989.8694000002
            ]
          ]
        ]
      }
    },
    {
      "attributes" : {
        "FID" : 6,
        "PMNTN_SN" : 1442,
        "MNTN_CODE" : "412801301",
        "MNTN_NM" : "개명산",
        "PMNTN_NM" : "1-2등산로분기점-벽제배수지구간",
        "PMNTN_MAIN" : " ",
        "PMNTN_LT" : 0.15,
        "PMNTN_DFFL" : "쉬움",
        "PMNTN_UPPL" : 3,
        "PMNTN_GODN" : 2,
        "PMNTN_MTRQ" : "토사",
        "PMNTN_CNRL" : " ",
        "PMNTN_CLS_" : " ",
        "PMNTN_RISK" : " ",
        "PMNTN_RECO" : " ",
        "DATA_STDR_" : "2016-12-31",
        "MNTN_ID" : "412801301"
      },
      "geometry" : {
        "paths" : [
          [
            [
              192001.51080000214,
              568668.15640000068
            ],
            [
              191980.83170000184,
              568653.39320000261
            ],
            [
              191975.31329999957,
              568645.45200000331
            ],
            [
              191969.38430000003,
              568638.13480000384
            ],
            [
              191968.98010000028,
              568630.16520000249
            ],
            [
              191965.18140000012,
              568624.85880000144
            ],
            [
              191965.58970000315,
              568612.19759999961
            ],
            [
              191965.38019999955,
              568600.0445000045
            ],
            [
              191965.39120000135,
              568599.82809999958
            ],
            [
              191963.6788000036,
              568594.64470000006
            ],
            [
              191960.99000000209,
              568586.59669999965
            ],
            [
              191958.96290000342,
              568579.39180000126
            ],
            [
              191957.09090000018,
              568568.81440000236
            ],
            [
              191964.8543000007,
              568534.57970000058
            ]
          ]
        ]
      }
    },
    {
      "attributes" : {
        "FID" : 7,
        "PMNTN_SN" : 1443,
        "MNTN_CODE" : "412801301",
        "MNTN_NM" : "개명산",
        "PMNTN_NM" : "1등산로분기점-벽제배수지구간",
        "PMNTN_MAIN" : "벽제배수지",
        "PMNTN_LT" : 0.2,
        "PMNTN_DFFL" : "쉬움",
        "PMNTN_UPPL" : 4,
        "PMNTN_GODN" : 2,
        "PMNTN_MTRQ" : "토사",
        "PMNTN_CNRL" : " ",
        "PMNTN_CLS_" : " ",
        "PMNTN_RISK" : " ",
        "PMNTN_RECO" : " ",
        "DATA_STDR_" : "2016-12-31",
        "MNTN_ID" : "412801301"
      },
      "geometry" : {
        "paths" : [
          [
            [
              191935.4879999999,
              568866.15080000088
            ],
            [
              191931.9505000012,
              568858.6054999996
            ],
            [
              191932.86390000116,
              568850.26430000179
            ],
            [
              191934.56470000092,
              568845.34250000305
            ],
            [
              191934.52209999971,
              568840.25899999961
            ],
            [
              191932.76610000059,
              568836.16950000264
            ],
            [
              191926.08050000109,
              568833.67090000212
            ],
            [
              191922.45100000035,
              568828.43160000071
            ],
            [
              191921.92670000251,
              568821.80959999934
            ],
            [
              191921.39470000099,
              568813.75790000148
            ],
            [
              191921.59060000349,
              568806.65630000271
            ],
            [
              191920.90879999939,
              568797.08269999921
            ],
            [
              191919.01410000306,
              568785.06020000391
            ],
            [
              191917.31639999989,
              568780.97700000368
            ],
            [
              191912.76560000051,
              568776.60680000298
            ],
            [
              191906.53840000182,
              568771.91719999909
            ],
            [
              191900.66940000094,
              568766.64670000225
            ],
            [
              191892.39039999992,
              568759.87390000001
            ],
            [
              191880.95729999896,
              568742.25219999999
            ],
            [
              191847.85850000009,
              568696.08200000226
            ]
          ]
        ]
      }
    },
    {
      "attributes" : {
        "FID" : 8,
        "PMNTN_SN" : 1444,
        "MNTN_CODE" : "412801301",
        "MNTN_NM" : "개명산",
        "PMNTN_NM" : "1등산로분기점-벽제배수지구간",
        "PMNTN_MAIN" : " ",
        "PMNTN_LT" : 0.2,
        "PMNTN_DFFL" : "쉬움",
        "PMNTN_UPPL" : 4,
        "PMNTN_GODN" : 2,
        "PMNTN_MTRQ" : "토사",
        "PMNTN_CNRL" : " ",
        "PMNTN_CLS_" : " ",
        "PMNTN_RISK" : " ",
        "PMNTN_RECO" : " ",
        "DATA_STDR_" : "2016-12-31",
        "MNTN_ID" : "412801301"
      },
      "geometry" : {
        "paths" : [
          [
            [
              191990.64200000279,
              569088.6512000002
            ],
            [
              191987.05840000417,
              569067.04979999922
            ],
            [
              191981.07429999951,
              569054.36199999973
            ],
            [
              191970.78290000092,
              569039.389600005
            ],
            [
              191968.82140000071,
              569029.89300000109
            ],
            [
              191963.99609999917,
              569018.36890000291
            ],
            [
              191950.87919999938,
              568998.46419999935
            ],
            [
              191943.45930000115,
              568992.62200000137
            ],
            [
              191932.24300000165,
              568987.93999999948
            ],
            [
              191923.38520000223,
              568983.96570000239
            ],
            [
              191917.29120000079,
              568980.10630000196
            ],
            [
              191915.87680000253,
              568971.53600000031
            ],
            [
              191917.41940000001,
              568966.09010000154
            ],
            [
              191921.51890000049,
              568952.02650000155
            ],
            [
              191921.86000000127,
              568941.9672000017
            ],
            [
              191923.91820000205,
              568933.35440000147
            ],
            [
              191922.85239999928,
              568930.4589000009
            ],
            [
              191922.58939999994,
              568925.88099999912
            ],
            [
              191919.67400000151,
              568920.68359999917
            ]
          ]
        ]
      }
    },
    {
      "attributes" : {
        "FID" : 9,
        "PMNTN_SN" : 1445,
        "MNTN_CODE" : "412801301",
        "MNTN_NM" : "개명산",
        "PMNTN_NM" : "1등산로분기점-벽제배수지구간",
        "PMNTN_MAIN" : " ",
        "PMNTN_LT" : 0.49,
        "PMNTN_DFFL" : "쉬움",
        "PMNTN_UPPL" : 9,
        "PMNTN_GODN" : 6,
        "PMNTN_MTRQ" : "토사",
        "PMNTN_CNRL" : " ",
        "PMNTN_CLS_" : " ",
        "PMNTN_RISK" : " ",
        "PMNTN_RECO" : " ",
        "DATA_STDR_" : "2016-12-31",
        "MNTN_ID" : "412801301"
      },
      "geometry" : {
        "paths" : [
          [
            [
              192297.42550000083,
              569399.59540000185
            ],
            [
              192285.93200000003,
              569398.67170000263
            ],
            [
              192281.06220000237,
              569395.48360000178
            ],
            [
              192275.08250000048,
              569384.81570000201
            ],
            [
              192267.9485000018,
              569375.00400000066
            ],
            [
              192251.6528000012,
              569358.24430000037
            ],
            [
              192234.34680000041,
              569341.18060000427
            ],
            [
              192222.42229999974,
              569334.18339999951
            ],
            [
              192209.53560000099,
              569332.14809999987
            ],
            [
              192186.01830000058,
              569321.96150000207
            ],
            [
              192171.12920000218,
              569310.95850000158
            ],
            [
              192157.96630000323,
              569299.67730000056
            ],
            [
              192151.7145000007,
              569286.1333000008
            ],
            [
              192144.63420000114,
              569266.26080000214
            ],
            [
              192137.51700000186,
              569253.28720000386
            ],
            [
              192128.09090000018,
              569242.02590000257
            ],
            [
              192096.89080000017,
              569217.13780000247
            ],
            [
              192082.35050000343,
              569194.63839999959
            ],
            [
              192076.06340000127,
              569187.70580000058
            ],
            [
              192068.93080000207,
              569177.60660000145
            ],
            [
              192060.0352000026,
              569174.68450000137
            ],
            [
              192051.41780000087,
              569173.48870000057
            ],
            [
              192023.52280000225,
              569175.63940000162
            ],
            [
              192004.26360000111,
              569175.53660000302
            ],
            [
              191998.55450000148,
              569168.03219999932
            ],
            [
              191996.00730000064,
              569160.54460000247
            ],
            [
              191995.88560000248,
              569129.49840000272
            ],
            [
              191996.30660000164,
              569104.49170000106
            ],
            [
              191993.76400000136,
              569096.14180000126
            ],
            [
              191990.64200000279,
              569088.6512000002
            ]
          ]
        ]
      }
    },
    {
      "attributes" : {
        "FID" : 10,
        "PMNTN_SN" : 1446,
        "MNTN_CODE" : "412801301",
        "MNTN_NM" : "개명산",
        "PMNTN_NM" : "1등산로분기점-벽제배수지구간",
        "PMNTN_MAIN" : " ",
        "PMNTN_LT" : 1.14,
        "PMNTN_DFFL" : "쉬움",
        "PMNTN_UPPL" : 20,
        "PMNTN_GODN" : 14,
        "PMNTN_MTRQ" : "토사",
        "PMNTN_CNRL" : " ",
        "PMNTN_CLS_" : " ",
        "PMNTN_RISK" : "경사가 심해 로프를 이용하여 등반",
        "PMNTN_RECO" : " ",
        "DATA_STDR_" : "2016-12-31",
        "MNTN_ID" : "412801301"
      },
      "geometry" : {
        "paths" : [
          [
            [
              193127.33080000058,
              569989.8694000002
            ],
            [
              193113.94900000375,
              569984.86460000277
            ],
            [
              193095.16390000377,
              569984.52339999937
            ],
            [
              193074.51339999959,
              569975.78930000216
            ],
            [
              193062.5111000007,
              569962.50210000202
            ],
            [
              193052.25800000038,
              569944.62480000034
            ],
            [
              193047.16060000099,
              569930.22460000031
            ],
            [
              193047.21280000079,
              569920.45130000077
            ],
            [
              193049.58920000028,
              569906.09100000001
            ],
            [
              193051.36610000115,
              569896.32690000162
            ],
            [
              193049.69660000131,
              569885.96939999983
            ],
            [
              193040.58110000193,
              569870.39790000208
            ],
            [
              193019.41720000096,
              569850.16270000115
            ],
            [
              193008.55540000275,
              569838.60630000383
            ],
            [
              192990.76720000152,
              569832.18720000051
            ],
            [
              192972.99429999944,
              569822.89360000193
            ],
            [
              192958.67700000107,
              569812.46860000119
            ],
            [
              192944.9776000008,
              569793.99810000136
            ],
            [
              192919.78629999887,
              569774.316300001
            ],
            [
              192911.80210000277,
              569762.20030000247
            ],
            [
              192905.56720000319,
              569745.4944000002
            ],
            [
              192898.1640999997,
              569732.23169999942
            ],
            [
              192890.1492000008,
              569725.86480000429
            ],
            [
              192879.25980000105,
              569719.48259999976
            ],
            [
              192874.14099999983,
              569709.10670000128
            ],
            [
              192866.23660000041,
              569682.04330000095
            ],
            [
              192858.84269999992,
              569667.05590000376
            ],
            [
              192850.27139999997,
              569657.23650000244
            ],
            [
              192845.14940000139,
              569647.43560000136
            ],
            [
              192835.49580000155,
              569624.96220000088
            ],
            [
              192822.94930000138,
              569605.92280000076
            ],
            [
              192811.54640000034,
              569588.03950000182
            ],
            [
              192796.51060000155,
              569570.27380000055
            ],
            [
              192779.92960000038,
              569555.96460000053
            ],
            [
              192754.55390000157,
              569536.56740000285
            ],
            [
              192725.07070000283,
              569524.91150000133
            ],
            [
              192710.13560000062,
              569522.53209999949
            ],
            [
              192702.67410000134,
              569520.19260000251
            ],
            [
              192676.30840000231,
              569505.10390000045
            ],
            [
              192656.26360000111,
              569490.62390000373
            ],
            [
              192634.46950000059,
              569480.73390000127
            ],
            [
              192616.69050000049,
              569472.59009999968
            ],
            [
              192609.20140000153,
              569475.42469999939
            ],
            [
              192591.29349999968,
              569491.42679999955
            ],
            [
              192583.7706000004,
              569500.58540000394
            ],
            [
              192575.2444000002,
              569507.98330000229
            ],
            [
              192561.31560000032,
              569506.78959999792
            ],
            [
              192537.19120000023,
              569502.63630000129
            ],
            [
              192518.247100004,
              569497.3609000016
            ],
            [
              192501.59950000048,
              569492.6726000011
            ],
            [
              192475.6613000026,
              569496.63470000215
            ],
            [
              192454.88270000089,
              569497.64310000092
            ],
            [
              192439.48800000083,
              569493.61270000227
            ],
            [
              192409.12620000169,
              569476.08110000007
            ],
            [
              192388.46960000228,
              569468.49690000527
            ],
            [
              192364.98760000058,
              569451.69879999943
            ],
            [
              192334.06570000015,
              569428.53700000234
            ],
            [
              192320.89820000157,
              569418.11810000055
            ],
            [
              192312.29920000117,
              569413.47290000319
            ],
            [
              192297.42550000083,
              569399.59540000185
            ]
          ]
        ]
      }
    },
    {
      "attributes" : {
        "FID" : 11,
        "PMNTN_SN" : 1447,
        "MNTN_CODE" : "412801301",
        "MNTN_NM" : "개명산",
        "PMNTN_NM" : "1등산로분기점-벽제배수지구간",
        "PMNTN_MAIN" : " ",
        "PMNTN_LT" : 0.07,
        "PMNTN_DFFL" : "쉬움",
        "PMNTN_UPPL" : 1,
        "PMNTN_GODN" : 1,
        "PMNTN_MTRQ" : "토사",
        "PMNTN_CNRL" : " ",
        "PMNTN_CLS_" : " ",
        "PMNTN_RISK" : " ",
        "PMNTN_RECO" : " ",
        "DATA_STDR_" : "2016-12-31",
        "MNTN_ID" : "412801301"
      },
      "geometry" : {
        "paths" : [
          [
            [
              191919.67400000151,
              568920.68359999917
            ],
            [
              191926.59939999972,
              568912.89060000144
            ],
            [
              191935.54450000171,
              568907.98299999908
            ],
            [
              191938.80860000104,
              568900.76440000162
            ],
            [
              191941.08680000342,
              568894.30600000359
            ],
            [
              191942.81489999872,
              568889.23850000277
            ],
            [
              191941.19159999955,
              568883.24600000121
            ],
            [
              191935.51530000381,
              568874.08300000243
            ],
            [
              191935.4879999999,
              568866.15080000088
            ]
          ]
        ]
      }
    },
    {
      "attributes" : {
        "FID" : 12,
        "PMNTN_SN" : 1448,
        "MNTN_CODE" : "412801301",
        "MNTN_NM" : "개명산",
        "PMNTN_NM" : "1-2등산로분기점-벽제배수지구간",
        "PMNTN_MAIN" : " ",
        "PMNTN_LT" : 0.16,
        "PMNTN_DFFL" : "쉬움",
        "PMNTN_UPPL" : 3,
        "PMNTN_GODN" : 2,
        "PMNTN_MTRQ" : "토사",
        "PMNTN_CNRL" : " ",
        "PMNTN_CLS_" : " ",
        "PMNTN_RISK" : " ",
        "PMNTN_RECO" : " ",
        "DATA_STDR_" : "2016-12-31",
        "MNTN_ID" : "412801301"
      },
      "geometry" : {
        "paths" : [
          [
            [
              191964.8543000007,
              568534.57970000058
            ],
            [
              191975.61830000114,
              568547.31579999998
            ],
            [
              191993.95390000008,
              568556.03749999963
            ],
            [
              192010.7890999997,
              568575.16379999928
            ],
            [
              192018.4681000039,
              568589.15760000236
            ],
            [
              192021.95779999997,
              568607.32420000061
            ],
            [
              192023.55350000225,
              568631.47929999977
            ],
            [
              192001.51080000214,
              568668.15640000068
            ]
          ]
        ]
      }
    },
    {
      "attributes" : {
        "FID" : 13,
        "PMNTN_SN" : 1449,
        "MNTN_CODE" : "412801301",
        "MNTN_NM" : "개명산",
        "PMNTN_NM" : "1-2등산로분기점-벽제배수지구간",
        "PMNTN_MAIN" : " ",
        "PMNTN_LT" : 0.07,
        "PMNTN_DFFL" : "쉬움",
        "PMNTN_UPPL" : 1,
        "PMNTN_GODN" : 1,
        "PMNTN_MTRQ" : "토사",
        "PMNTN_CNRL" : " ",
        "PMNTN_CLS_" : " ",
        "PMNTN_RISK" : " ",
        "PMNTN_RECO" : " ",
        "DATA_STDR_" : "2016-12-31",
        "MNTN_ID" : "412801301"
      },
      "geometry" : {
        "paths" : [
          [
            [
              191981.8610000005,
              568472.00430000201
            ],
            [
              191982.0036000004,
              568485.2282000035
            ],
            [
              191978.41520000156,
              568496.98730000108
            ],
            [
              191969.5149000017,
              568523.10620000213
            ],
            [
              191964.8543000007,
              568534.57970000058
            ]
          ]
        ]
      }
    },
    {
      "attributes" : {
        "FID" : 14,
        "PMNTN_SN" : 1450,
        "MNTN_CODE" : "412801301",
        "MNTN_NM" : "개명산",
        "PMNTN_NM" : "1-2등산로분기점-상곡3로구간",
        "PMNTN_MAIN" : " ",
        "PMNTN_LT" : 0.63,
        "PMNTN_DFFL" : "쉬움",
        "PMNTN_UPPL" : 11,
        "PMNTN_GODN" : 8,
        "PMNTN_MTRQ" : "토사",
        "PMNTN_CNRL" : " ",
        "PMNTN_CLS_" : " ",
        "PMNTN_RISK" : " ",
        "PMNTN_RECO" : " ",
        "DATA_STDR_" : "2016-12-31",
        "MNTN_ID" : "412801301"
      },
      "geometry" : {
        "paths" : [
          [
            [
              192021.46590000112,
              569939.09720000438
            ],
            [
              192058.66629999969,
              569912.73560000211
            ],
            [
              192085.65640000347,
              569894.6269000005
            ],
            [
              192101.61530000158,
              569886.30100000091
            ],
            [
              192116.33949999977,
              569881.58280000091
            ],
            [
              192124.83170000371,
              569884.21230000071
            ],
            [
              192135.85090000369,
              569888.27569999918
            ],
            [
              192150.71240000147,
              569904.45280000009
            ],
            [
              192163.89360000193,
              569916.19319999963
            ],
            [
              192172.41320000309,
              569920.41699999943
            ],
            [
              192200.1015999997,
              569914.53590000048
            ],
            [
              192217.79170000181,
              569904.99960000254
            ],
            [
              192232.40379999951,
              569894.54050000012
            ],
            [
              192252.36140000075,
              569887.93850000203
            ],
            [
              192261.80410000123,
              569882.5175999999
            ],
            [
              192265.99990000203,
              569869.35830000043
            ],
            [
              192263.62170000188,
              569861.0560999997
            ],
            [
              192267.17300000228,
              569848.91550000012
            ],
            [
              192295.15590000059,
              569828.89709999971
            ],
            [
              192309.08560000267,
              569797.40620000288
            ],
            [
              192314.05939999968,
              569787.73170000315
            ],
            [
              192321.01260000188,
              569779.36160000041
            ],
            [
              192326.38090000115,
              569760.0127000045
            ],
            [
              192326.21000000183,
              569746.36320000142
            ],
            [
              192328.12890000083,
              569734.62849999964
            ],
            [
              192334.24430000037,
              569725.21880000085
            ],
            [
              192322.00100000203,
              569696.09720000252
            ],
            [
              192317.51230000053,
              569675.37609999999
            ],
            [
              192302.71830000076,
              569646.55120000057
            ],
            [
              192292.38850000314,
              569643.0465000011
            ],
            [
              192276.78680000268,
              569624.4916999992
            ],
            [
              192275.48910000362,
              569618.84019999951
            ],
            [
              192272.82030000165,
              569609.79570000246
            ],
            [
              192277.77869999968,
              569579.72750000097
            ]
          ]
        ]
      }
    },
    {
      "attributes" : {
        "FID" : 15,
        "PMNTN_SN" : 1451,
        "MNTN_CODE" : "412801301",
        "MNTN_NM" : "개명산",
        "PMNTN_NM" : "1-2등산로분기점-상곡3로구간",
        "PMNTN_MAIN" : " ",
        "PMNTN_LT" : 0.65,
        "PMNTN_DFFL" : "쉬움",
        "PMNTN_UPPL" : 11,
        "PMNTN_GODN" : 8,
        "PMNTN_MTRQ" : "토사",
        "PMNTN_CNRL" : " ",
        "PMNTN_CLS_" : " ",
        "PMNTN_RISK" : " ",
        "PMNTN_RECO" : " ",
        "DATA_STDR_" : "2016-12-31",
        "MNTN_ID" : "412801301"
      },
      "geometry" : {
        "paths" : [
          [
            [
              192223.56379999965,
              568576.28700000048
            ],
            [
              192217.75550000276,
              568582.1267000027
            ],
            [
              192213.19320000149,
              568588.98640000261
            ],
            [
              192213.73489999957,
              568601.3443
            ],
            [
              192221.82430000044,
              568637.18290000036
            ],
            [
              192246.21380000282,
              568693.65510000288
            ],
            [
              192262.74750000332,
              568733.94199999981
            ],
            [
              192267.54940000176,
              568765.54249999858
            ],
            [
              192262.53780000284,
              568770.37399999984
            ],
            [
              192251.11490000226,
              568776.3356000036
            ],
            [
              192237.89680000022,
              568780.97750000097
            ],
            [
              192238.38190000039,
              568788.97220000252
            ],
            [
              192240.49420000054,
              568796.16000000201
            ],
            [
              192239.15800000262,
              568803.97140000202
            ],
            [
              192222.62810000218,
              568818.24080000073
            ],
            [
              192208.7966000028,
              568824.49110000208
            ],
            [
              192199.94160000235,
              568832.17290000245
            ],
            [
              192197.20350000262,
              568842.25170000643
            ],
            [
              192191.6715000039,
              568848.2816000022
            ],
            [
              192192.92609999981,
              568854.68350000121
            ],
            [
              192193.55950000044,
              568864.40469999984
            ],
            [
              192189.62110000197,
              568880.12319999933
            ],
            [
              192179.63719999976,
              568901.949400004
            ],
            [
              192168.6557,
              568912.8142000027
            ],
            [
              192121.91669999994,
              568944.76009999961
            ],
            [
              192096.48600000143,
              568969.9207000006
            ],
            [
              192080.06480000075,
              568980.93930000253
            ],
            [
              192067.37440000009,
              568991.70360000059
            ],
            [
              192054.1073000012,
              568999.94620000198
            ],
            [
              192042.29679999966,
              569008.83250000142
            ],
            [
              192032.47400000133,
              569018.05490000173
            ],
            [
              192021.34350000322,
              569045.40880000032
            ],
            [
              192012.67400000338,
              569053.98630000278
            ],
            [
              192006.28250000253,
              569066.60029999912
            ],
            [
              191998.74130000081,
              569079.20830000006
            ],
            [
              191990.64200000279,
              569088.6512000002
            ]
          ]
        ]
      }
    },
    {
      "attributes" : {
        "FID" : 16,
        "PMNTN_SN" : 1452,
        "MNTN_CODE" : "412801301",
        "MNTN_NM" : "개명산",
        "PMNTN_NM" : "1-2등산로분기점-벽제배수지구간",
        "PMNTN_MAIN" : " ",
        "PMNTN_LT" : 0.14,
        "PMNTN_DFFL" : "쉬움",
        "PMNTN_UPPL" : 2,
        "PMNTN_GODN" : 2,
        "PMNTN_MTRQ" : "토사",
        "PMNTN_CNRL" : " ",
        "PMNTN_CLS_" : " ",
        "PMNTN_RISK" : " ",
        "PMNTN_RECO" : " ",
        "DATA_STDR_" : "2016-12-31",
        "MNTN_ID" : "412801301"
      },
      "geometry" : {
        "paths" : [
          [
            [
              192025.01760000084,
              568357.25109999999
            ],
            [
              192010.01489999983,
              568367.51950000226
            ],
            [
              191995.02450000029,
              568375.48829999939
            ],
            [
              191986.85919999983,
              568397.29160000198
            ],
            [
              191974.62359999958,
              568427.69700000249
            ],
            [
              191965.90490000229,
              568445.47290000133
            ],
            [
              191968.17379999999,
              568451.23420000263
            ],
            [
              191981.8610000005,
              568472.00430000201
            ]
          ]
        ]
      }
    },
    {
      "attributes" : {
        "FID" : 17,
        "PMNTN_SN" : 1453,
        "MNTN_CODE" : "412801301",
        "MNTN_NM" : "개명산",
        "PMNTN_NM" : "39번국도목암미술관우측-앵무봉구간",
        "PMNTN_MAIN" : " ",
        "PMNTN_LT" : 1.51,
        "PMNTN_DFFL" : "쉬움",
        "PMNTN_UPPL" : 27,
        "PMNTN_GODN" : 19,
        "PMNTN_MTRQ" : "토사",
        "PMNTN_CNRL" : " ",
        "PMNTN_CLS_" : " ",
        "PMNTN_RISK" : "형제봉에서 앵무봉 가는 길에 군부대가 있어서 더 이상의 등산이 불가능하다",
        "PMNTN_RECO" : " ",
        "DATA_STDR_" : "2016-12-31",
        "MNTN_ID" : "412801301"
      },
      "geometry" : {
        "paths" : [
          [
            [
              193184.3431000039,
              568736.66930000298
            ],
            [
              193184.49099999946,
              568744.08130000159
            ],
            [
              193186.59780000336,
              568750.89589999989
            ],
            [
              193191.98089999985,
              568755.82630000263
            ],
            [
              193193.86250000075,
              568764.31629999913
            ],
            [
              193195.14010000043,
              568775.58970000036
            ],
            [
              193190.66500000004,
              568787.6977000013
            ],
            [
              193182.5401000008,
              568797.694000002
            ],
            [
              193175.24140000343,
              568811.91990000196
            ],
            [
              193163.68750000373,
              568814.15689999983
            ],
            [
              193144.3180000009,
              568811.84620000422
            ],
            [
              193125.27010000311,
              568817.4328000024
            ],
            [
              193121.32789999992,
              568823.44060000218
            ],
            [
              193119.99550000019,
              568833.38049999811
            ],
            [
              193122.33509999979,
              568837.17860000208
            ],
            [
              193126.86360000074,
              568839.16630000435
            ],
            [
              193132.71450000163,
              568839.13409999944
            ],
            [
              193135.98020000011,
              568835.9691000022
            ],
            [
              193140.67970000207,
              568835.79059999995
            ],
            [
              193145.20440000109,
              568837.12510000169
            ],
            [
              193148.70380000118,
              568840.43279999867
            ],
            [
              193154.53960000258,
              568843.95290000178
            ],
            [
              193158.99069999997,
              568851.98610000312
            ],
            [
              193163.51620000135,
              568865.80830000155
            ],
            [
              193164.58620000072,
              568880.76190000586
            ],
            [
              193180.53000000212,
              568909.59300000034
            ],
            [
              193189.58109999914,
              568937.23750000075
            ],
            [
              193191.8132000016,
              568949.89760000259
            ],
            [
              193198.65060000028,
              568961.43250000104
            ],
            [
              193221.52400000114,
              568984.55140000023
            ],
            [
              193247.82220000029,
              569012.28790000267
            ],
            [
              193269.5948000038,
              569026.20220000111
            ],
            [
              193278.77480000071,
              569029.70069999993
            ],
            [
              193292.98770000227,
              569045.88400000148
            ],
            [
              193304.96530000307,
              569052.79760000296
            ],
            [
              193323.34099999908,
              569081.68140000105
            ],
            [
              193312.85769999959,
              569106.92190000229
            ],
            [
              193308.09880000073,
              569136.79230000265
            ],
            [
              193304.49590000045,
              569165.51900000125
            ],
            [
              193305.50449999981,
              569191.97069999948
            ],
            [
              193300.75800000038,
              569219.54150000028
            ],
            [
              193307.47870000079,
              569252.92270000093
            ],
            [
              193301.0728000002,
              569375.92120000161
            ],
            [
              193282.45490000211,
              569417.21590000205
            ],
            [
              193265.08499999996,
              569440.11990000121
            ],
            [
              193247.69060000405,
              569467.6232000012
            ],
            [
              193240.60749999993,
              569502.08049999923
            ],
            [
              193240.27600000333,
              569564.16999999993
            ],
            [
              193247.09260000009,
              569579.47980000265
            ],
            [
              193246.97220000252,
              569602.15039999969
            ],
            [
              193256.01100000087,
              569632.09449999966
            ],
            [
              193259.34379999992,
              569653.95920000225
            ],
            [
              193250.01640000194,
              569678.05599999987
            ],
            [
              193246.51790000126,
              569687.23599999957
            ],
            [
              193245.20839999989,
              569717.12490000017
            ],
            [
              193263.34130000044,
              569766.66470000148
            ],
            [
              193266.89700000361,
              569794.01940000243
            ],
            [
              193262.03070000187,
              569808.17380000092
            ],
            [
              193255.68690000381,
              569816.63500000164
            ],
            [
              193244.64970000181,
              569821.75720000267
            ],
            [
              193242.239500002,
              569842.44140000455
            ],
            [
              193245.60910000093,
              569857.40730000287
            ],
            [
              193229.31540000066,
              569894.11510000005
            ],
            [
              193207.37700000033,
              569911.24550000019
            ],
            [
              193184.30100000091,
              569926.07020000182
            ],
            [
              193174.55290000048,
              569926.97860000283
            ],
            [
              193166.69200000074,
              569920.62250000052
            ],
            [
              193156.73640000075,
              569920.17380000092
            ],
            [
              193133.59290000051,
              569947.64630000107
            ],
            [
              193127.33080000058,
              569989.8694000002
            ]
          ]
        ]
      }
    },
    {
      "attributes" : {
        "FID" : 18,
        "PMNTN_SN" : 1454,
        "MNTN_CODE" : "412801301",
        "MNTN_NM" : "개명산",
        "PMNTN_NM" : "1-2등산로분기점-추모공원입구구간",
        "PMNTN_MAIN" : " ",
        "PMNTN_LT" : 0.21,
        "PMNTN_DFFL" : "쉬움",
        "PMNTN_UPPL" : 4,
        "PMNTN_GODN" : 3,
        "PMNTN_MTRQ" : "토사",
        "PMNTN_CNRL" : " ",
        "PMNTN_CLS_" : " ",
        "PMNTN_RISK" : " ",
        "PMNTN_RECO" : " ",
        "DATA_STDR_" : "2016-12-31",
        "MNTN_ID" : "412801301"
      },
      "geometry" : {
        "paths" : [
          [
            [
              192297.42550000083,
              569399.59540000185
            ],
            [
              192302.7873000009,
              569418.30890000239
            ],
            [
              192296.95529999956,
              569433.80060000159
            ],
            [
              192300.35260000359,
              569443.59229999781
            ],
            [
              192311.21430000104,
              569455.14870000072
            ],
            [
              192325.51630000118,
              569468.44820000418
            ],
            [
              192332.89180000219,
              569486.88499999978
            ],
            [
              192329.96200000122,
              569497.21780000068
            ],
            [
              192320.67760000098,
              569513.26600000262
            ],
            [
              192308.48800000083,
              569535.04780000262
            ],
            [
              192303.2648000028,
              569544.21860000119
            ],
            [
              192293.41469999962,
              569558.5390000008
            ],
            [
              192288.20990000106,
              569564.26040000096
            ],
            [
              192286.42070000153,
              569576.32410000078
            ],
            [
              192277.77869999968,
              569579.72750000097
            ]
          ]
        ]
      }
    },
    {
      "attributes" : {
        "FID" : 19,
        "PMNTN_SN" : 1455,
        "MNTN_CODE" : "412801301",
        "MNTN_NM" : "개명산",
        "PMNTN_NM" : "1-2등산로분기점-벽제배수지구간",
        "PMNTN_MAIN" : " ",
        "PMNTN_LT" : 0.23,
        "PMNTN_DFFL" : "쉬움",
        "PMNTN_UPPL" : 4,
        "PMNTN_GODN" : 3,
        "PMNTN_MTRQ" : "토사",
        "PMNTN_CNRL" : " ",
        "PMNTN_CLS_" : " ",
        "PMNTN_RISK" : " ",
        "PMNTN_RECO" : " ",
        "DATA_STDR_" : "2016-12-31",
        "MNTN_ID" : "412801301"
      },
      "geometry" : {
        "paths" : [
          [
            [
              192001.51080000214,
              568668.15640000068
            ],
            [
              191990.51100000367,
              568682.47059999965
            ],
            [
              191983.42179999966,
              568718.07770000026
            ],
            [
              191986.76690000016,
              568737.64279999956
            ],
            [
              191991.26790000033,
              568756.0642000027
            ],
            [
              191993.43240000121,
              568781.37220000103
            ],
            [
              191991.06530000176,
              568794.00779999979
            ],
            [
              191974.77770000137,
              568829.56579999998
            ],
            [
              191968.03529999964,
              568841.24699999951
            ],
            [
              191953.95239999983,
              568853.60110000148
            ],
            [
              191935.4879999999,
              568866.15080000088
            ]
          ]
        ]
      }
    }
  ]
}