{
  "displayFieldName" : "",
  "fieldAliases" : {
    "FID" : "FID",
    "PMNTN_SN" : "PMNTN_SN",
    "MNTN_CODE" : "MNTN_CODE",
    "MNTN_NM" : "MNTN_NM",
    "PMNTN_NM" : "PMNTN_NM",
    "PMNTN_MAIN" : "PMNTN_MAIN",
    "PMNTN_LT" : "PMNTN_LT",
    "PMNTN_DFFL" : "PMNTN_DFFL",
    "PMNTN_UPPL" : "PMNTN_UPPL",
    "PMNTN_GODN" : "PMNTN_GODN",
    "PMNTN_MTRQ" : "PMNTN_MTRQ",
    "PMNTN_CNRL" : "PMNTN_CNRL",
    "PMNTN_CLS_" : "PMNTN_CLS_",
    "PMNTN_RISK" : "PMNTN_RISK",
    "PMNTN_RECO" : "PMNTN_RECO",
    "DATA_STDR_" : "DATA_STDR_",
    "MNTN_ID" : "MNTN_ID"
  },
  "geometryType" : "esriGeometryPolyline",
  "spatialReference" : {
    "wkt" : "PROJCS[\"PCS_ITRF2000_TM\",GEOGCS[\"GCS_ITRF_2000\",DATUM[\"D_ITRF_2000\",SPHEROID[\"GRS_1980\",6378137.0,298.257222101]],PRIMEM[\"Greenwich\",0.0],UNIT[\"Degree\",0.0174532925199433]],PROJECTION[\"Transverse_Mercator\"],PARAMETER[\"False_Easting\",200000.0],PARAMETER[\"False_Northing\",600000.0],PARAMETER[\"Central_Meridian\",127.0],PARAMETER[\"Scale_Factor\",1.0],PARAMETER[\"Latitude_Of_Origin\",38.0],UNIT[\"Meter\",1.0]]"
  },
  "fields" : [
    {
      "name" : "FID",
      "type" : "esriFieldTypeOID",
      "alias" : "FID"
    },
    {
      "name" : "PMNTN_SN",
      "type" : "esriFieldTypeDouble",
      "alias" : "PMNTN_SN"
    },
    {
      "name" : "MNTN_CODE",
      "type" : "esriFieldTypeString",
      "alias" : "MNTN_CODE",
      "length" : 9
    },
    {
      "name" : "MNTN_NM",
      "type" : "esriFieldTypeString",
      "alias" : "MNTN_NM",
      "length" : 50
    },
    {
      "name" : "PMNTN_NM",
      "type" : "esriFieldTypeString",
      "alias" : "PMNTN_NM",
      "length" : 50
    },
    {
      "name" : "PMNTN_MAIN",
      "type" : "esriFieldTypeString",
      "alias" : "PMNTN_MAIN",
      "length" : 200
    },
    {
      "name" : "PMNTN_LT",
      "type" : "esriFieldTypeSingle",
      "alias" : "PMNTN_LT"
    },
    {
      "name" : "PMNTN_DFFL",
      "type" : "esriFieldTypeString",
      "alias" : "PMNTN_DFFL",
      "length" : 8
    },
    {
      "name" : "PMNTN_UPPL",
      "type" : "esriFieldTypeDouble",
      "alias" : "PMNTN_UPPL"
    },
    {
      "name" : "PMNTN_GODN",
      "type" : "esriFieldTypeDouble",
      "alias" : "PMNTN_GODN"
    },
    {
      "name" : "PMNTN_MTRQ",
      "type" : "esriFieldTypeString",
      "alias" : "PMNTN_MTRQ",
      "length" : 200
    },
    {
      "name" : "PMNTN_CNRL",
      "type" : "esriFieldTypeString",
      "alias" : "PMNTN_CNRL",
      "length" : 1
    },
    {
      "name" : "PMNTN_CLS_",
      "type" : "esriFieldTypeString",
      "alias" : "PMNTN_CLS_",
      "length" : 1
    },
    {
      "name" : "PMNTN_RISK",
      "type" : "esriFieldTypeString",
      "alias" : "PMNTN_RISK",
      "length" : 200
    },
    {
      "name" : "PMNTN_RECO",
      "type" : "esriFieldTypeString",
      "alias" : "PMNTN_RECO",
      "length" : 1
    },
    {
      "name" : "DATA_STDR_",
      "type" : "esriFieldTypeString",
      "alias" : "DATA_STDR_",
      "length" : 10
    },
    {
      "name" : "MNTN_ID",
      "type" : "esriFieldTypeString",
      "alias" : "MNTN_ID",
      "length" : 10
    }
  ],
  "features" : [
    {
      "attributes" : {
        "FID" : 0,
        "PMNTN_SN" : 17077,
        "MNTN_CODE" : "427700901",
        "MNTN_NM" : "못골산",
        "PMNTN_NM" : "고한리구간",
        "PMNTN_MAIN" : " ",
        "PMNTN_LT" : 1.91,
        "PMNTN_DFFL" : "쉬움",
        "PMNTN_UPPL" : 36,
        "PMNTN_GODN" : 25,
        "PMNTN_MTRQ" : " ",
        "PMNTN_CNRL" : " ",
        "PMNTN_CLS_" : " ",
        "PMNTN_RISK" : " ",
        "PMNTN_RECO" : " ",
        "DATA_STDR_" : "2016-12-31",
        "MNTN_ID" : "427702901"
      },
      "geometry" : {
        "paths" : [
          [
            [
              367718.77270000055,
              511399.23750000261
            ],
            [
              367720.55480000097,
              511411.40829999931
            ],
            [
              367726.62959999964,
              511415.64780000225
            ],
            [
              367729.38269999996,
              511417.4793999996
            ],
            [
              367732.57700000051,
              511419.01980000176
            ],
            [
              367737.02680000011,
              511420.86290000193
            ],
            [
              367741.68260000087,
              511422.62130000256
            ],
            [
              367746.29920000117,
              511425.01179999858
            ],
            [
              367750.7750000013,
              511426.88880000263
            ],
            [
              367755.71100000199,
              511428.408400001
            ],
            [
              367759.55780000053,
              511430.63929999992
            ],
            [
              367766.14110000059,
              511438.95560000278
            ],
            [
              367773.08339999989,
              511448.04010000452
            ],
            [
              367780.80330000166,
              511457.53980000131
            ],
            [
              367789.67870000098,
              511468.30390000343
            ],
            [
              367800.96729999967,
              511485.03280000016
            ],
            [
              367811.97690000013,
              511500.9486000035
            ],
            [
              367826.87250000052,
              511520.03480000049
            ],
            [
              367838.05939999968,
              511534.96969999745
            ],
            [
              367849.63009999972,
              511551.96319999918
            ],
            [
              367855.96189999953,
              511564.39020000026
            ],
            [
              367861.49550000206,
              511577.06270000152
            ],
            [
              367867.22720000148,
              511604.12289999984
            ],
            [
              367868.22840000037,
              511633.90250000358
            ],
            [
              367867.60390000138,
              511639.61390000023
            ],
            [
              367868.9012000002,
              511644.94760000147
            ],
            [
              367871.09469999932,
              511648.11160000227
            ],
            [
              367873.40850000083,
              511652.36620000005
            ],
            [
              367874.99200000055,
              511658.04980000295
            ],
            [
              367877.04550000001,
              511662.88780000061
            ],
            [
              367881.49580000062,
              511668.70630000345
            ],
            [
              367884.97810000088,
              511673.17299999855
            ],
            [
              367888.38270000182,
              511678.85960000008
            ],
            [
              367892.85710000154,
              511682.57980000228
            ],
            [
              367897.29440000001,
              511685.93300000019
            ],
            [
              367902.10090000089,
              511689.03800000437
            ],
            [
              367906.59030000027,
              511691.55940000154
            ],
            [
              367911.58220000006,
              511694.22770000249
            ],
            [
              367915.63879999984,
              511695.92610000446
            ],
            [
              367919.41820000112,
              511698.71090000123
            ],
            [
              367922.34090000112,
              511701.8339000009
            ],
            [
              367924.30580000114,
              511703.98290000111
            ],
            [
              367926.39550000057,
              511706.55630000122
            ],
            [
              367929.12040000223,
              511710.24180000089
            ],
            [
              367932.07660000119,
              511713.46540000103
            ],
            [
              367933.77210000064,
              511716.8749000039
            ],
            [
              367936.28760000132,
              511720.81709999964
            ],
            [
              367937.0393000003,
              511724.32440000027
            ],
            [
              367937.37270000111,
              511727.2070000004
            ],
            [
              367937.53480000049,
              511731.10780000128
            ],
            [
              367938.15250000078,
              511734.21270000003
            ],
            [
              367942.89690000098,
              511737.97719999775
            ],
            [
              367945.53680000082,
              511740.0943
            ],
            [
              367948.5270999996,
              511742.09259999916
            ],
            [
              367951.19230000023,
              511746.1043999996
            ],
            [
              367955.01939999964,
              511749.37089999951
            ],
            [
              367957.02450000029,
              511752.56120000407
            ],
            [
              367960.25850000046,
              511757.00070000254
            ],
            [
              367963.67990000173,
              511761.39960000105
            ],
            [
              367967.14869999979,
              511764.75569999963
            ],
            [
              367970.91410000063,
              511767.49579999968
            ],
            [
              367974.3394000018,
              511771.25070000254
            ],
            [
              367977.75040000118,
              511773.49520000257
            ],
            [
              367979.86450000107,
              511775.73599999957
            ],
            [
              367982.2949000001,
              511778.14970000088
            ],
            [
              367989.20410000067,
              511788.71389999986
            ],
            [
              367996.55930000171,
              511796.06909999996
            ],
            [
              367997.69089999981,
              511802.2928000018
            ],
            [
              367996.55930000171,
              511807.38480000012
            ],
            [
              367995.99349999987,
              511818.13480000198
            ],
            [
              367992.03300000075,
              511824.9242000021
            ],
            [
              367987.50669999979,
              511831.71360000037
            ],
            [
              367982.98039999977,
              511840.20040000044
            ],
            [
              367976.75679999962,
              511848.12140000239
            ],
            [
              367969.96740000043,
              511854.34500000067
            ],
            [
              367966.57270000037,
              511861.70020000264
            ],
            [
              367963.74370000139,
              511871.88440000266
            ],
            [
              367960.34900000133,
              511880.93689999916
            ],
            [
              367959.21740000043,
              511893.95000000112
            ],
            [
              367955.25690000132,
              511907.52879999951
            ],
            [
              367952.99380000029,
              511918.27880000137
            ],
            [
              367948.46750000026,
              511927.33129999787
            ],
            [
              367943.9412000021,
              511935.81810000353
            ],
            [
              367938.84920000006,
              511943.73910000175
            ],
            [
              367929.79660000186,
              511952.22589999996
            ],
            [
              367921.30979999993,
              511959.01530000009
            ],
            [
              367912.82299999986,
              511965.23890000209
            ],
            [
              367906.03360000066,
              511974.29150000401
            ],
            [
              367900.37579999957,
              511984.47560000047
            ],
            [
              367896.41530000046,
              511996.92290000431
            ],
            [
              367893.02060000133,
              512004.84390000068
            ],
            [
              367890.75739999954,
              512022.38330000266
            ],
            [
              367883.96799999941,
              512034.26479999907
            ],
            [
              367875.48120000027,
              512048.97520000115
            ],
            [
              367868.69180000108,
              512058.59350000136
            ],
            [
              367855.112900001,
              512065.94870000146
            ],
            [
              367842.66570000164,
              512072.73819999956
            ],
            [
              367837.00779999979,
              512076.6986999996
            ],
            [
              367818.90270000044,
              512083.48810000345
            ],
            [
              367808.71850000042,
              512084.61970000155
            ],
            [
              367804.75800000131,
              512091.97490000352
            ],
            [
              367796.27130000014,
              512099.89589999989
            ],
            [
              367787.784500001,
              512105.55370000191
            ],
            [
              367775.33719999995,
              512114.04050000198
            ],
            [
              367767.41619999893,
              512118.56680000201
            ],
            [
              367760.06100000069,
              512128.7509000022
            ],
            [
              367753.2715999987,
              512137.80350000039
            ],
            [
              367747.04790000059,
              512147.42180000432
            ],
            [
              367746.4822000023,
              512160.43490000069
            ],
            [
              367744.21899999958,
              512174.57950000092
            ],
            [
              367737.99540000036,
              512183.63210000098
            ],
            [
              367727.24550000206,
              512189.85569999926
            ],
            [
              367718.19290000014,
              512197.21089999937
            ],
            [
              367712.53500000108,
              512206.82929999754
            ],
            [
              367705.74560000189,
              512219.27660000138
            ],
            [
              367700.08780000079,
              512228.89490000159
            ],
            [
              367686.50890000165,
              512239.64479999989
            ],
            [
              367677.45629999973,
              512248.13159999996
            ],
            [
              367667.83800000045,
              512258.881500002
            ],
            [
              367664.44330000039,
              512272.46040000021
            ],
            [
              367665.57490000129,
              512287.17080000229
            ],
            [
              367665.00910000037,
              512300.74970000423
            ],
            [
              367663.87750000134,
              512311.49960000254
            ],
            [
              367653.12760000117,
              512317.1574000027
            ],
            [
              367640.11450000014,
              512322.24950000085
            ],
            [
              367625.40410000086,
              512330.17049999908
            ],
            [
              367611.25950000063,
              512333.565200001
            ],
            [
              367593.72009999957,
              512339.22309999913
            ],
            [
              367581.27280000038,
              512343.18359999917
            ],
            [
              367569.39130000118,
              512350.53879999928
            ],
            [
              367559.20720000006,
              512358.45980000123
            ],
            [
              367549.58890000079,
              512366.38079999946
            ],
            [
              367543.36519999988,
              512379.95959999971
            ],
            [
              367538.27320000064,
              512396.93320000358
            ],
            [
              367532.61530000158,
              512408.24890000187
            ],
            [
              367526.39169999864,
              512426.9197999984
            ],
            [
              367516.20750000142,
              512437.10390000045
            ],
            [
              367506.58920000121,
              512446.15650000237
            ],
            [
              367498.66820000112,
              512453.51170000248
            ],
            [
              367486.22090000007,
              512460.86690000445
            ],
            [
              367477.16830000095,
              512461.4327000007
            ],
            [
              367464.7211000016,
              512459.16950000264
            ],
            [
              367450.57639999967,
              512455.77480000071
            ],
            [
              367439.26070000045,
              512463.13000000268
            ],
            [
              367427.37920000032,
              512471.61680000275
            ],
            [
              367416.62930000015,
              512485.19569999911
            ],
            [
              367409.27410000097,
              512495.945600003
            ],
            [
              367401.35310000088,
              512508.39290000126
            ],
            [
              367396.26100000087,
              512519.14279999956
            ],
            [
              367390.60320000071,
              512531.59010000341
            ],
            [
              367386.6427000016,
              512545.16890000179
            ],
            [
              367379.85329999961,
              512552.5241000019
            ],
            [
              367367.40600000136,
              512557.61620000005
            ],
            [
              367360.05080000032,
              512559.87930000387
            ],
            [
              367349.8666000003,
              512560.44510000013
            ],
            [
              367336.28780000098,
              512561.57669999823
            ],
            [
              367322.14320000075,
              512559.31359999999
            ],
            [
              367309.69590000063,
              512562.70830000192
            ],
            [
              367301.77489999961,
              512566.10300000012
            ],
            [
              367287.63020000048,
              512574.02400000207
            ],
            [
              367279.14350000024,
              512585.90549999848
            ],
            [
              367273.48560000025,
              512596.65540000238
            ],
            [
              367272.9198000012,
              512609.10270000063
            ],
            [
              367273.48560000025,
              512624.94470000081
            ],
            [
              367274.05140000023,
              512640.78659999929
            ],
            [
              367271.78830000106,
              512653.79969999939
            ],
            [
              367270.09090000112,
              512670.20750000142
            ],
            [
              367269.52510000113,
              512679.25999999978
            ],
            [
              367264.43300000113,
              512692.83890000172
            ],
            [
              367260.47260000091,
              512704.72040000372
            ],
            [
              367257.64360000007,
              512715.47030000202
            ],
            [
              367248.59109999985,
              512725.65440000221
            ],
            [
              367237.84109999985,
              512734.70699999854
            ],
            [
              367227.09119999968,
              512743.75960000046
            ],
            [
              367219.17019999959,
              512749.98320000246
            ],
            [
              367208.98610000033,
              512756.2069000043
            ],
            [
              367199.93350000121,
              512761.86470000073
            ],
            [
              367196.39180000126,
              512764.14550000429
            ],
            [
              367192.45340000093,
              512766.29370000027
            ],
            [
              367186.72490000073,
              512768.62100000121
            ],
            [
              367182.42839999963,
              512769.69510000199
            ],
            [
              367177.95300000068,
              512770.23210000247
            ],
            [
              367173.83559999987,
              512771.66430000402
            ]
          ]
        ]
      }
    },
    {
      "attributes" : {
        "FID" : 1,
        "PMNTN_SN" : 17078,
        "MNTN_CODE" : "427700901",
        "MNTN_NM" : "못골산",
        "PMNTN_NM" : " ",
        "PMNTN_MAIN" : " ",
        "PMNTN_LT" : 0.65,
        "PMNTN_DFFL" : "쉬움",
        "PMNTN_UPPL" : 14,
        "PMNTN_GODN" : 10,
        "PMNTN_MTRQ" : " ",
        "PMNTN_CNRL" : " ",
        "PMNTN_CLS_" : " ",
        "PMNTN_RISK" : " ",
        "PMNTN_RECO" : " ",
        "DATA_STDR_" : "2016-12-31",
        "MNTN_ID" : "427702901"
      },
      "geometry" : {
        "paths" : [
          [
            [
              366943.33050000109,
              512225.6379000023
            ],
            [
              366940.75409999955,
              512222.79500000179
            ],
            [
              366934.84650000092,
              512216.52940000221
            ],
            [
              366930.01300000027,
              512210.08480000123
            ],
            [
              366923.03130000085,
              512204.53519999981
            ],
            [
              366914.4385000011,
              512199.88070000149
            ],
            [
              366906.56170000043,
              512196.30040000193
            ],
            [
              366895.99959999882,
              512192.36199999973
            ],
            [
              366885.61660000123,
              512189.13970000297
            ],
            [
              366877.38169999886,
              512185.91730000079
            ],
            [
              366872.19020000007,
              512183.76909999922
            ],
            [
              366864.49239999987,
              512183.59009999968
            ],
            [
              366857.51070000045,
              512182.51600000262
            ],
            [
              366851.0661000004,
              512183.59009999968
            ],
            [
              366846.76960000116,
              512184.30619999953
            ],
            [
              366841.39910000097,
              512184.8432
            ],
            [
              366835.84950000048,
              512184.66420000046
            ],
            [
              366829.76290000137,
              512183.94810000062
            ],
            [
              366823.13930000085,
              512182.69500000402
            ],
            [
              366817.05270000175,
              512181.79990000278
            ],
            [
              366811.86110000126,
              512180.00970000215
            ],
            [
              366806.31159999967,
              512177.86150000058
            ],
            [
              366802.19420000166,
              512174.99719999917
            ],
            [
              366797.89769999962,
              512171.77490000054
            ],
            [
              366795.39149999991,
              512169.26869999804
            ],
            [
              366791.81110000052,
              512165.8673000019
            ],
            [
              366789.30489999987,
              512161.74990000017
            ],
            [
              366783.93429999985,
              512156.37939999998
            ],
            [
              366778.56380000059,
              512151.36690000072
            ],
            [
              366773.28280000109,
              512147.07039999962
            ],
            [
              366768.00170000084,
              512145.45930000208
            ],
            [
              366761.19900000188,
              512145.28020000271
            ],
            [
              366754.57540000137,
              512144.02710000239
            ],
            [
              366748.48880000133,
              512143.13200000115
            ],
            [
              366742.93920000084,
              512142.41600000113
            ],
            [
              366739.35879999958,
              512139.90970000438
            ],
            [
              366738.46370000113,
              512136.32930000126
            ],
            [
              366738.46370000113,
              512132.39090000466
            ],
            [
              366738.6428000005,
              512127.19940000027
            ],
            [
              366740.47390000056,
              512121.9012000002
            ],
            [
              366740.6119999988,
              512116.45830000378
            ],
            [
              366742.76020000037,
              512108.22350000218
            ],
            [
              366744.19230000023,
              512101.77890000306
            ],
            [
              366747.59370000102,
              512095.15520000271
            ],
            [
              366750.63700000104,
              512088.17349999957
            ],
            [
              366753.50130000059,
              512081.19180000387
            ],
            [
              366757.08160000108,
              512074.5680999998
            ],
            [
              366761.19900000188,
              512066.69129999913
            ],
            [
              366763.7053000005,
              512060.60469999909
            ],
            [
              366767.82270000037,
              512053.0859999992
            ],
            [
              366770.50799999945,
              512046.10429999977
            ],
            [
              366773.37230000179,
              512040.55470000021
            ],
            [
              366775.69950000104,
              512033.93100000173
            ],
            [
              366778.38480000012,
              512024.62209999934
            ],
            [
              366781.0700000003,
              512018.7145000007
            ],
            [
              366781.24909999967,
              512009.58459999971
            ],
            [
              366781.6071000006,
              512000.45470000245
            ],
            [
              366781.0700000003,
              511994.72609999962
            ],
            [
              366777.84770000074,
              511982.91090000048
            ],
            [
              366774.08830000088,
              511972.88590000011
            ],
            [
              366768.35980000068,
              511960.17559999973
            ],
            [
              366764.0633000005,
              511950.32960000262
            ],
            [
              366759.05080000032,
              511940.84170000069
            ],
            [
              366753.50130000059,
              511928.48939999938
            ],
            [
              366752.4271999998,
              511925.62510000169
            ],
            [
              366745.08740000054,
              511920.61260000244
            ],
            [
              366732.37710000202,
              511910.58760000207
            ],
            [
              366722.35209999979,
              511902.35280000046
            ],
            [
              366712.86419999972,
              511895.0131000001
            ],
            [
              366702.3021000009,
              511886.42019999959
            ],
            [
              366694.24629999977,
              511879.7965000011
            ],
            [
              366684.75830000173,
              511870.84559999965
            ],
            [
              366675.2703999998,
              511863.50589999929
            ],
            [
              366669.0047999993,
              511857.59829999879
            ],
            [
              366661.30700000003,
              511852.04870000109
            ],
            [
              366656.11550000124,
              511846.49920000136
            ],
            [
              366652.53510000091,
              511840.94960000366
            ],
            [
              366647.14539999887,
              511834.88560000248
            ],
            [
              366644.4793000007,
              511829.1344000008
            ],
            [
              366640.89890000131,
              511823.58490000106
            ],
            [
              366636.60250000004,
              511816.78220000118
            ],
            [
              366634.09619999956,
              511809.80050000176
            ],
            [
              366630.87390000187,
              511802.63980000094
            ],
            [
              366626.89850000199,
              511794.14389999956
            ]
          ]
        ]
      }
    },
    {
      "attributes" : {
        "FID" : 2,
        "PMNTN_SN" : 17079,
        "MNTN_CODE" : "427700901",
        "MNTN_NM" : "못골산",
        "PMNTN_NM" : "고한리구간",
        "PMNTN_MAIN" : " ",
        "PMNTN_LT" : 1.08,
        "PMNTN_DFFL" : "쉬움",
        "PMNTN_UPPL" : 23,
        "PMNTN_GODN" : 16,
        "PMNTN_MTRQ" : " ",
        "PMNTN_CNRL" : " ",
        "PMNTN_CLS_" : " ",
        "PMNTN_RISK" : " ",
        "PMNTN_RECO" : " ",
        "DATA_STDR_" : "2016-12-31",
        "MNTN_ID" : "427702901"
      },
      "geometry" : {
        "paths" : [
          [
            [
              366943.33050000109,
              512225.6379000023
            ],
            [
              366939.2882000003,
              512216.49900000356
            ],
            [
              366938.96549999993,
              512208.61270000041
            ],
            [
              366938.76400000136,
              512196.66829999909
            ],
            [
              366940.11350000184,
              512186.900299998
            ],
            [
              366936.41679999977,
              512175.31900000386
            ],
            [
              366933.08979999926,
              512168.38719999976
            ],
            [
              366928.34929999989,
              512162.36890000105
            ],
            [
              366929.26939999964,
              512154.85329999961
            ],
            [
              366933.34590000007,
              512151.02070000023
            ],
            [
              366941.86000000127,
              512149.8256000001
            ],
            [
              366952.35330000054,
              512150.28020000085
            ],
            [
              366962.47479999997,
              512152.59809999913
            ],
            [
              366971.02969999984,
              512156.50210000202
            ],
            [
              366978.62010000087,
              512158.30160000175
            ],
            [
              366985.93759999983,
              512151.34549999982
            ],
            [
              366993.8992999997,
              512144.96860000119
            ],
            [
              366999.86650000047,
              512140.43349999934
            ],
            [
              367007.02720000036,
              512134.22749999911
            ],
            [
              367013.94930000138,
              512128.26029999927
            ],
            [
              367021.82610000111,
              512120.8609000016
            ],
            [
              367028.50939999986,
              512115.60969999991
            ],
            [
              367037.34100000095,
              512107.25550000183
            ],
            [
              367043.06950000115,
              512102.72039999999
            ],
            [
              367051.18499999959,
              512096.75310000405
            ],
            [
              367055.48149999976,
              512091.97929999791
            ],
            [
              367061.6874000011,
              512088.87629999779
            ],
            [
              367067.65470000077,
              512085.29590000212
            ],
            [
              367074.81540000066,
              512082.90900000185
            ],
            [
              367083.64699999988,
              512080.52210000157
            ],
            [
              367091.52370000072,
              512078.37390000001
            ],
            [
              367098.92320000101,
              512078.37390000001
            ],
            [
              367107.99340000004,
              512080.04470000044
            ],
            [
              367118.25710000005,
              512081.47690000013
            ],
            [
              367126.37260000128,
              512081.71560000256
            ],
            [
              367135.2041000016,
              512081.95430000126
            ],
            [
              367147.13870000001,
              512082.67030000314
            ],
            [
              367152.38989999983,
              512081.47690000013
            ],
            [
              367161.9375,
              512079.32870000228
            ],
            [
              367170.05300000124,
              512074.79360000044
            ],
            [
              367176.97500000056,
              512070.25840000063
            ],
            [
              367179.60059999954,
              512065.96200000308
            ],
            [
              367181.74880000018,
              512061.18820000254
            ],
            [
              367184.8518000003,
              512052.59530000202
            ],
            [
              367187.95480000135,
              512045.4346000012
            ],
            [
              367190.58040000219,
              512040.89949999936
            ],
            [
              367195.11550000124,
              512034.21610000171
            ],
            [
              367199.88930000085,
              512027.53280000016
            ],
            [
              367204.18580000103,
              512019.89470000193
            ],
            [
              367207.76609999966,
              512006.76669999957
            ],
            [
              367210.86909999978,
              511996.98040000163
            ],
            [
              367212.30120000057,
              511988.14880000241
            ],
            [
              367212.53990000207,
              511978.83990000002
            ],
            [
              367213.25599999912,
              511970.96310000122
            ],
            [
              367211.82390000019,
              511962.131500002
            ],
            [
              367211.82390000019,
              511954.01610000059
            ],
            [
              367209.43690000102,
              511946.6166999992
            ],
            [
              367206.5727000013,
              511933.01129999943
            ],
            [
              367203.94710000046,
              511921.55410000123
            ],
            [
              367202.99230000097,
              511911.05170000345
            ],
            [
              367201.56020000018,
              511898.63980000094
            ],
            [
              367199.88930000085,
              511885.51180000417
            ],
            [
              367199.65060000028,
              511872.86119999923
            ],
            [
              367198.45720000006,
              511859.49450000189
            ],
            [
              367199.17320000101,
              511850.90170000121
            ],
            [
              367199.17320000101,
              511842.5474999994
            ],
            [
              367200.36670000013,
              511829.89690000378
            ],
            [
              367202.03750000056,
              511817.48500000127
            ],
            [
              367202.7536000004,
              511806.98260000162
            ],
            [
              367204.42440000083,
              511800.06060000136
            ],
            [
              367206.81130000111,
              511794.57070000097
            ],
            [
              367210.86909999978,
              511789.08080000058
            ],
            [
              367216.59770000074,
              511780.48790000007
            ],
            [
              367221.37150000036,
              511770.70160000026
            ],
            [
              367224.71310000028,
              511763.3022000026
            ],
            [
              367228.53220000118,
              511754.47059999965
            ],
            [
              367231.15780000202,
              511746.35520000383
            ],
            [
              367233.3060000008,
              511736.56880000047
            ],
            [
              367236.64769999962,
              511724.63430000097
            ],
            [
              367238.79590000119,
              511714.13190000132
            ],
            [
              367240.70540000219,
              511705.30040000193
            ],
            [
              367242.37630000059,
              511699.3331000004
            ],
            [
              367242.61500000115,
              511691.21760000102
            ],
            [
              367244.52450000029,
              511682.14739999734
            ],
            [
              367247.62750000041,
              511674.74799999967
            ],
            [
              367252.40130000003,
              511662.3359999992
            ],
            [
              367257.17510000058,
              511650.64020000212
            ],
            [
              367263.38100000005,
              511634.17050000094
            ],
            [
              367267.20010000002,
              511623.9068
            ],
            [
              367270.78050000127,
              511610.30150000006
            ],
            [
              367272.69000000041,
              511601.70859999955
            ],
            [
              367275.79300000053,
              511589.29670000263
            ],
            [
              367278.89589999989,
              511578.79429999925
            ],
            [
              367280.56680000015,
              511572.82700000145
            ],
            [
              367286.29530000035,
              511561.60860000178
            ],
            [
              367291.30790000036,
              511551.82220000029
            ],
            [
              367296.79770000186,
              511543.46810000017
            ],
            [
              367299.90070000198,
              511537.97819999978
            ],
            [
              367301.57160000037,
              511532.24960000254
            ],
            [
              367303.0037000021,
              511526.28229999915
            ],
            [
              367303.2424000008,
              511519.36030000262
            ],
            [
              367303.71980000008,
              511510.05140000023
            ],
            [
              367303.0037000021,
              511503.36800000444
            ],
            [
              367302.04890000075,
              511496.68470000103
            ],
            [
              367300.13940000068,
              511487.85310000181
            ],
            [
              367297.75250000041,
              511476.63470000215
            ],
            [
              367296.79770000186,
              511467.80310000293
            ],
            [
              367294.64950000029,
              511458.25550000183
            ],
            [
              367291.78520000074,
              511448.94660000131
            ],
            [
              367290.35310000181,
              511440.83110000193
            ],
            [
              367287.72750000097,
              511432.71560000256
            ],
            [
              367287.72750000097,
              511429.61260000244
            ],
            [
              367287.48880000226,
              511421.97450000048
            ],
            [
              367286.53400000092,
              511414.81380000152
            ],
            [
              367286.77269999962,
              511407.17569999956
            ],
            [
              367286.29530000035,
              511400.25370000117
            ],
            [
              367284.86320000142,
              511392.13820000365
            ],
            [
              367283.90840000007,
              511386.40959999897
            ],
            [
              367281.99890000001,
              511380.20359999873
            ],
            [
              367279.61199999973,
              511373.99770000204
            ]
          ]
        ]
      }
    },
    {
      "attributes" : {
        "FID" : 3,
        "PMNTN_SN" : 17080,
        "MNTN_CODE" : "427700901",
        "MNTN_NM" : "못골산",
        "PMNTN_NM" : " ",
        "PMNTN_MAIN" : " ",
        "PMNTN_LT" : 0.77,
        "PMNTN_DFFL" : "쉬움",
        "PMNTN_UPPL" : 14,
        "PMNTN_GODN" : 10,
        "PMNTN_MTRQ" : " ",
        "PMNTN_CNRL" : " ",
        "PMNTN_CLS_" : " ",
        "PMNTN_RISK" : " ",
        "PMNTN_RECO" : " ",
        "DATA_STDR_" : "2016-12-31",
        "MNTN_ID" : "427702901"
      },
      "geometry" : {
        "paths" : [
          [
            [
              367173.83559999987,
              512771.66430000402
            ],
            [
              367171.77690000087,
              512768.62100000121
            ],
            [
              367175.80480000097,
              512766.83080000058
            ],
            [
              367177.05790000036,
              512764.23509999923
            ],
            [
              367175.08870000113,
              512761.99730000272
            ],
            [
              367171.6873000022,
              512759.13300000131
            ],
            [
              367167.92800000124,
              512755.91070000269
            ],
            [
              367162.91550000012,
              512751.97230000049
            ],
            [
              367156.47080000117,
              512748.21290000342
            ],
            [
              367150.56319999974,
              512744.09549999982
            ],
            [
              367142.32840000093,
              512739.44100000151
            ],
            [
              367136.9578999998,
              512735.68170000426
            ],
            [
              367130.33420000039,
              512732.63840000145
            ],
            [
              367123.17349999957,
              512728.52089999989
            ],
            [
              367116.54980000108,
              512726.19370000251
            ],
            [
              367109.56810000073,
              512723.32940000109
            ],
            [
              367101.33330000006,
              512721.18119999953
            ],
            [
              367095.24670000095,
              512719.39100000262
            ],
            [
              367088.802000002,
              512717.24280000106
            ],
            [
              367081.99930000026,
              512715.45260000043
            ],
            [
              367074.65959999897,
              512712.05130000226
            ],
            [
              367066.78280000109,
              512708.2918999996
            ],
            [
              367058.90600000136,
              512705.78570000269
            ],
            [
              367051.38719999883,
              512703.63740000315
            ],
            [
              367042.97340000048,
              512700.95219999924
            ],
            [
              367032.0532999998,
              512697.01380000263
            ],
            [
              367022.92340000067,
              512694.32850000076
            ],
            [
              367016.8367999997,
              512692.00129999965
            ],
            [
              367014.50950000063,
              512690.39010000229
            ],
            [
              367013.43539999984,
              512687.16779999994
            ],
            [
              367014.50950000063,
              512683.22940000333
            ],
            [
              367016.8367999997,
              512681.2602000013
            ],
            [
              367023.10240000114,
              512677.67980000004
            ],
            [
              367029.01000000071,
              512673.38340000063
            ],
            [
              367030.44209999964,
              512670.51909999922
            ],
            [
              367031.42670000065,
              512666.40170000121
            ],
            [
              367030.44209999964,
              512662.28429999948
            ],
            [
              367027.84640000202,
              512659.68859999999
            ],
            [
              367022.47589999996,
              512657.27180000022
            ],
            [
              367015.85220000055,
              512655.83960000053
            ],
            [
              367009.85510000214,
              512655.66059999913
            ],
            [
              367004.66349999979,
              512656.37670000456
            ],
            [
              366999.8300999999,
              512657.09279999882
            ],
            [
              366995.53360000066,
              512659.06200000085
            ],
            [
              366991.05820000172,
              512661.92620000429
            ],
            [
              366987.11980000138,
              512665.32760000043
            ],
            [
              366982.28630000073,
              512668.90789999999
            ],
            [
              366977.45280000009,
              512671.32469999976
            ],
            [
              366971.90319999959,
              512672.30929999985
            ],
            [
              366968.50189999864,
              512670.60859999992
            ],
            [
              366966.7117000008,
              512666.75970000215
            ],
            [
              366965.1006000014,
              512663.35840000026
            ],
            [
              366964.20550000016,
              512659.95700000226
            ],
            [
              366963.66840000078,
              512655.66059999913
            ],
            [
              366962.5943,
              512650.82710000128
            ],
            [
              366962.41530000232,
              512646.88869999908
            ],
            [
              366962.41530000232,
              512642.95030000061
            ],
            [
              366961.87820000015,
              512639.19100000151
            ],
            [
              366961.87820000015,
              512635.61060000025
            ],
            [
              366961.52020000108,
              512631.13510000333
            ],
            [
              366962.05730000138,
              512622.18420000188
            ],
            [
              366963.13139999937,
              512615.20250000246
            ],
            [
              366963.31039999984,
              512609.11590000242
            ],
            [
              366964.7424999997,
              512603.92439999804
            ],
            [
              366966.53270000033,
              512599.26990000159
            ],
            [
              366969.39699999988,
              512592.64630000107
            ],
            [
              366971.90319999959,
              512587.09670000151
            ],
            [
              366974.40950000007,
              512581.18909999914
            ],
            [
              366976.73670000024,
              512575.28150000423
            ],
            [
              366977.81080000103,
              512571.88020000048
            ],
            [
              366977.09480000194,
              512565.97260000184
            ],
            [
              366976.73670000024,
              512558.99090000242
            ],
            [
              366976.73670000024,
              512553.26229999959
            ],
            [
              366976.02070000116,
              512546.45959999971
            ],
            [
              366976.91570000071,
              512539.47790000029
            ],
            [
              366978.52690000087,
              512534.82340000197
            ],
            [
              366980.31709999964,
              512529.09490000084
            ],
            [
              366982.82330000214,
              512522.29220000282
            ],
            [
              366985.15060000028,
              512515.131500002
            ],
            [
              366987.83580000047,
              512508.32880000211
            ],
            [
              366988.73090000078,
              512504.39039999992
            ],
            [
              366989.26800000016,
              512496.33459999971
            ],
            [
              366989.08900000062,
              512487.7416999992
            ],
            [
              366989.26800000016,
              512481.47609999962
            ],
            [
              366988.91000000015,
              512471.63010000251
            ],
            [
              366987.6568,
              512460.17290000059
            ],
            [
              366985.86660000123,
              512450.68500000238
            ],
            [
              366984.43450000044,
              512444.0613000039
            ],
            [
              366983.36039999966,
              512439.04880000092
            ],
            [
              366979.95910000149,
              512432.06709999964
            ],
            [
              366976.02070000116,
              512427.77070000209
            ],
            [
              366974.58850000054,
              512422.93720000423
            ],
            [
              366974.23050000053,
              512419.71490000188
            ],
            [
              366974.58850000054,
              512416.13450000435
            ],
            [
              366975.84159999993,
              512412.55410000309
            ],
            [
              366977.45280000009,
              512410.04790000059
            ],
            [
              366979.24300000072,
              512406.64650000259
            ],
            [
              366981.39120000042,
              512402.88719999976
            ],
            [
              366983.18140000105,
              512399.12780000269
            ],
            [
              366984.43450000044,
              512395.1894000005
            ],
            [
              366985.68760000076,
              512391.07200000249
            ],
            [
              366987.29880000185,
              512387.31259999983
            ],
            [
              366988.01489999983,
              512381.76300000027
            ],
            [
              366988.55190000031,
              512374.24430000037
            ],
            [
              366989.6260000011,
              512367.08359999955
            ],
            [
              366991.05820000172,
              512358.3116999995
            ],
            [
              366992.13229999971,
              512348.64470000193
            ],
            [
              366993.38540000096,
              512342.20009999909
            ],
            [
              366994.81749999989,
              512336.29250000417
            ],
            [
              366994.63850000035,
              512329.84779999964
            ],
            [
              366994.45949999988,
              512323.940200001
            ],
            [
              366994.28050000127,
              512318.56970000267
            ],
            [
              366992.31130000018,
              512314.09420000017
            ],
            [
              366988.55190000031,
              512309.97680000216
            ],
            [
              366984.07650000136,
              512307.64959999919
            ],
            [
              366976.55769999977,
              512304.60630000196
            ],
            [
              366973.15639999975,
              512301.74200000055
            ],
            [
              366970.6501000002,
              512297.62460000254
            ],
            [
              366968.6809000019,
              512292.7910999991
            ],
            [
              366965.1006000014,
              512285.80939999968
            ],
            [
              366962.41530000232,
              512281.15490000136
            ],
            [
              366959.37199999951,
              512275.06830000132
            ],
            [
              366955.25459999964,
              512270.23479999974
            ],
            [
              366953.64340000134,
              512266.83350000158
            ],
            [
              366953.10630000103,
              512260.20980000123
            ],
            [
              366951.13720000163,
              512254.12320000306
            ],
            [
              366951.31620000117,
              512249.46869999915
            ],
            [
              366950.42110000085,
              512244.27720000036
            ],
            [
              366950.06300000194,
              512237.65350000188
            ],
            [
              366948.27290000208,
              512232.82010000199
            ],
            [
              366945.94560000114,
              512228.52360000089
            ],
            [
              366943.33050000109,
              512225.6379000023
            ]
          ]
        ]
      }
    },
    {
      "attributes" : {
        "FID" : 4,
        "PMNTN_SN" : 17081,
        "MNTN_CODE" : "427700901",
        "MNTN_NM" : "못골산",
        "PMNTN_NM" : "고한리구간",
        "PMNTN_MAIN" : " ",
        "PMNTN_LT" : 0.43,
        "PMNTN_DFFL" : "쉬움",
        "PMNTN_UPPL" : 8,
        "PMNTN_GODN" : 5,
        "PMNTN_MTRQ" : " ",
        "PMNTN_CNRL" : " ",
        "PMNTN_CLS_" : " ",
        "PMNTN_RISK" : " ",
        "PMNTN_RECO" : " ",
        "DATA_STDR_" : "2016-12-31",
        "MNTN_ID" : "427702901"
      },
      "geometry" : {
        "paths" : [
          [
            [
              367279.79669999983,
              512974.56049999967
            ],
            [
              367271.59850000218,
              512968.12539999932
            ],
            [
              367252.65410000086,
              512962.61920000054
            ],
            [
              367238.69350000005,
              512958.06109999865
            ],
            [
              367219.49789999984,
              512951.89279999956
            ],
            [
              367207.96880000178,
              512947.67550000176
            ],
            [
              367205.12530000135,
              512943.38280000351
            ],
            [
              367206.02860000078,
              512939.154099999
            ],
            [
              367211.38940000068,
              512934.64399999939
            ],
            [
              367216.78220000118,
              512928.48389999941
            ],
            [
              367224.73050000053,
              512921.26060000062
            ],
            [
              367229.16980000213,
              512913.38599999994
            ],
            [
              367224.24839999992,
              512905.28539999947
            ],
            [
              367217.12019999977,
              512900.90640000254
            ],
            [
              367209.07969999965,
              512896.46920000203
            ],
            [
              367201.53579999972,
              512891.38199999928
            ],
            [
              367190.93419999909,
              512886.05200000294
            ],
            [
              367178.6725000022,
              512878.67490000278
            ],
            [
              367170.43900000118,
              512871.93129999936
            ],
            [
              367165.58260000031,
              512865.77119999938
            ],
            [
              367160.89279999956,
              512859.23760000058
            ],
            [
              367152.49930000119,
              512851.09689999931
            ],
            [
              367142.42410000041,
              512842.89680000208
            ],
            [
              367131.06470000092,
              512834.94980000146
            ],
            [
              367111.37380000018,
              512823.7444000002
            ],
            [
              367096.72550000064,
              512815.10040000081
            ],
            [
              367086.4170000013,
              512810.51420000009
            ],
            [
              367080.45299999975,
              512809.36309999973
            ],
            [
              367075.98670000024,
              512807.29360000044
            ],
            [
              367073.7873999998,
              512802.64230000414
            ],
            [
              367072.57900000084,
              512798.51370000094
            ],
            [
              367072.27689999994,
              512794.68720000237
            ],
            [
              367073.03220000025,
              512790.25660000183
            ],
            [
              367075.80130000133,
              512786.3292999994
            ],
            [
              367078.92290000059,
              512784.5167999994
            ],
            [
              367082.24600000028,
              512782.60349999927
            ],
            [
              367086.32420000061,
              512781.29439999908
            ],
            [
              367090.50320000108,
              512780.9923000019
            ],
            [
              367096.54500000086,
              512780.18680000119
            ],
            [
              367101.17460000049,
              512779.68770000152
            ],
            [
              367105.8375000013,
              512779.2695000004
            ],
            [
              367111.91550000012,
              512779.15700000152
            ],
            [
              367118.23840000015,
              512778.33870000206
            ],
            [
              367124.99000000022,
              512777.40670000017
            ],
            [
              367131.7564000003,
              512776.1753000021
            ],
            [
              367138.80540000089,
              512775.92660000362
            ],
            [
              367144.65320000052,
              512775.77620000206
            ],
            [
              367150.57559999917,
              512775.89380000159
            ],
            [
              367155.85000000056,
              512774.19970000163
            ],
            [
              367159.68449999951,
              512774.34250000119
            ],
            [
              367164.58250000142,
              512774.16220000386
            ],
            [
              367167.43620000128,
              512773.33930000104
            ],
            [
              367170.35639999993,
              512772.43300000206
            ],
            [
              367173.83559999987,
              512771.66430000402
            ]
          ]
        ]
      }
    }
  ]
}