{
  "displayFieldName" : "",
  "fieldAliases" : {
    "FID" : "FID",
    "PMNTN_SN" : "PMNTN_SN",
    "MNTN_CODE" : "MNTN_CODE",
    "MNTN_NM" : "MNTN_NM",
    "PMNTN_NM" : "PMNTN_NM",
    "PMNTN_MAIN" : "PMNTN_MAIN",
    "PMNTN_LT" : "PMNTN_LT",
    "PMNTN_DFFL" : "PMNTN_DFFL",
    "PMNTN_UPPL" : "PMNTN_UPPL",
    "PMNTN_GODN" : "PMNTN_GODN",
    "PMNTN_MTRQ" : "PMNTN_MTRQ",
    "PMNTN_CNRL" : "PMNTN_CNRL",
    "PMNTN_CLS_" : "PMNTN_CLS_",
    "PMNTN_RISK" : "PMNTN_RISK",
    "PMNTN_RECO" : "PMNTN_RECO",
    "DATA_STDR_" : "DATA_STDR_",
    "MNTN_ID" : "MNTN_ID"
  },
  "geometryType" : "esriGeometryPolyline",
  "spatialReference" : {
    "wkt" : "PROJCS[\"PCS_ITRF2000_TM\",GEOGCS[\"GCS_ITRF_2000\",DATUM[\"D_ITRF_2000\",SPHEROID[\"GRS_1980\",6378137.0,298.257222101]],PRIMEM[\"Greenwich\",0.0],UNIT[\"Degree\",0.0174532925199433]],PROJECTION[\"Transverse_Mercator\"],PARAMETER[\"False_Easting\",200000.0],PARAMETER[\"False_Northing\",600000.0],PARAMETER[\"Central_Meridian\",127.0],PARAMETER[\"Scale_Factor\",1.0],PARAMETER[\"Latitude_Of_Origin\",38.0],UNIT[\"Meter\",1.0]]"
  },
  "fields" : [
    {
      "name" : "FID",
      "type" : "esriFieldTypeOID",
      "alias" : "FID"
    },
    {
      "name" : "PMNTN_SN",
      "type" : "esriFieldTypeDouble",
      "alias" : "PMNTN_SN"
    },
    {
      "name" : "MNTN_CODE",
      "type" : "esriFieldTypeString",
      "alias" : "MNTN_CODE",
      "length" : 9
    },
    {
      "name" : "MNTN_NM",
      "type" : "esriFieldTypeString",
      "alias" : "MNTN_NM",
      "length" : 50
    },
    {
      "name" : "PMNTN_NM",
      "type" : "esriFieldTypeString",
      "alias" : "PMNTN_NM",
      "length" : 50
    },
    {
      "name" : "PMNTN_MAIN",
      "type" : "esriFieldTypeString",
      "alias" : "PMNTN_MAIN",
      "length" : 200
    },
    {
      "name" : "PMNTN_LT",
      "type" : "esriFieldTypeSingle",
      "alias" : "PMNTN_LT"
    },
    {
      "name" : "PMNTN_DFFL",
      "type" : "esriFieldTypeString",
      "alias" : "PMNTN_DFFL",
      "length" : 8
    },
    {
      "name" : "PMNTN_UPPL",
      "type" : "esriFieldTypeDouble",
      "alias" : "PMNTN_UPPL"
    },
    {
      "name" : "PMNTN_GODN",
      "type" : "esriFieldTypeDouble",
      "alias" : "PMNTN_GODN"
    },
    {
      "name" : "PMNTN_MTRQ",
      "type" : "esriFieldTypeString",
      "alias" : "PMNTN_MTRQ",
      "length" : 200
    },
    {
      "name" : "PMNTN_CNRL",
      "type" : "esriFieldTypeString",
      "alias" : "PMNTN_CNRL",
      "length" : 1
    },
    {
      "name" : "PMNTN_CLS_",
      "type" : "esriFieldTypeString",
      "alias" : "PMNTN_CLS_",
      "length" : 1
    },
    {
      "name" : "PMNTN_RISK",
      "type" : "esriFieldTypeString",
      "alias" : "PMNTN_RISK",
      "length" : 200
    },
    {
      "name" : "PMNTN_RECO",
      "type" : "esriFieldTypeString",
      "alias" : "PMNTN_RECO",
      "length" : 1
    },
    {
      "name" : "DATA_STDR_",
      "type" : "esriFieldTypeString",
      "alias" : "DATA_STDR_",
      "length" : 10
    },
    {
      "name" : "MNTN_ID",
      "type" : "esriFieldTypeString",
      "alias" : "MNTN_ID",
      "length" : 10
    }
  ],
  "features" : [
    {
      "attributes" : {
        "FID" : 0,
        "PMNTN_SN" : 44678,
        "MNTN_CODE" : "451102001",
        "MNTN_NM" : "장군봉",
        "PMNTN_NM" : "신월리구간",
        "PMNTN_MAIN" : " ",
        "PMNTN_LT" : 7.57,
        "PMNTN_DFFL" : "쉬움",
        "PMNTN_UPPL" : 134,
        "PMNTN_GODN" : 94,
        "PMNTN_MTRQ" : " ",
        "PMNTN_CNRL" : " ",
        "PMNTN_CLS_" : " ",
        "PMNTN_RISK" : " ",
        "PMNTN_RECO" : " ",
        "DATA_STDR_" : "2016-12-31",
        "MNTN_ID" : "457103001"
      },
      "geometry" : {
        "paths" : [
          [
            [
              231444.16570000071,
              370332.95780000091
            ],
            [
              231453.66560000088,
              370361.4905999992
            ],
            [
              231476.66809999943,
              370393.29250000231
            ],
            [
              231502.60440000053,
              370440.70739999972
            ],
            [
              231517.19479999971,
              370481.04320000112
            ],
            [
              231523.23450000025,
              370529.05790000223
            ],
            [
              231524.7862000009,
              370581.49609999917
            ],
            [
              231521.12000000104,
              370628.46870000102
            ],
            [
              231510.81469999999,
              370670.65690000169
            ],
            [
              231500.04930000193,
              370715.99400000274
            ],
            [
              231511.16669999994,
              370750.69899999909
            ],
            [
              231542.36849999987,
              370782.03639999963
            ],
            [
              231570.62239999976,
              370822.71420000121
            ],
            [
              231580.28000000026,
              370850.93930000439
            ],
            [
              231583.30979999993,
              370866.73330000415
            ],
            [
              231586.4625000013,
              370883.16850000061
            ],
            [
              231583.18450000137,
              370926.33960000053
            ],
            [
              231573.18440000061,
              370964.72130000032
            ],
            [
              231570.72189999931,
              370975.3943000026
            ],
            [
              231563.85269999877,
              371005.16620000079
            ],
            [
              231560.92490000091,
              371014.63519999944
            ],
            [
              231557.87039999943,
              371024.51410000212
            ],
            [
              231546.14230000135,
              371062.44570000097
            ],
            [
              231532.49250000063,
              371086.73860000074
            ],
            [
              231521.13009999972,
              371106.96050000191
            ],
            [
              231518.56359999999,
              371120.70610000007
            ],
            [
              231513.8657000009,
              371145.86649999954
            ],
            [
              231506.39820000064,
              371151.81479999796
            ],
            [
              231491.04640000127,
              371164.04340000264
            ],
            [
              231456.38190000132,
              371178.53470000252
            ],
            [
              231416.4188000001,
              371204.37150000222
            ],
            [
              231397.9804000007,
              371246.76400000229
            ],
            [
              231382.96589999925,
              371279.83190000243
            ],
            [
              231362.13549999986,
              371322.46890000068
            ],
            [
              231346.99440000206,
              371360.13190000132
            ],
            [
              231334.78409999982,
              371387.18730000034
            ],
            [
              231314.22130000032,
              371416.29590000026
            ],
            [
              231289.36390000023,
              371431.23930000141
            ],
            [
              231263.70010000095,
              371450.25049999729
            ],
            [
              231250.9038000023,
              371479.7116000019
            ],
            [
              231248.83980000019,
              371525.77869999968
            ],
            [
              231236.03490000032,
              371566.13990000263
            ],
            [
              231205.23700000066,
              371602.00720000081
            ],
            [
              231202.0773,
              371651.85980000347
            ],
            [
              231202.06390000042,
              371691.04120000266
            ],
            [
              231206.10819999967,
              371727.96310000122
            ],
            [
              231213.70150000136,
              371761.33110000007
            ],
            [
              231224.03430000041,
              371803.55210000277
            ],
            [
              231245.13620000053,
              371826.78490000218
            ],
            [
              231266.2526000021,
              371849.56870000251
            ],
            [
              231288.52770000044,
              371879.90310000256
            ],
            [
              231325.38129999954,
              371893.78070000187
            ],
            [
              231369.71490000002,
              371906.64770000242
            ],
            [
              231411.11589999963,
              371925.42630000226
            ],
            [
              231431.84200000111,
              371953.49690000154
            ],
            [
              231435.94360000081,
              371995.61680000089
            ],
            [
              231435.07210000139,
              372038.48350000009
            ],
            [
              231451.06680000015,
              372085.89470000006
            ],
            [
              231467.10659999959,
              372131.36620000377
            ],
            [
              231468.58970000222,
              372171.51240000129
            ],
            [
              231474.47059999965,
              372209.19819999859
            ],
            [
              231490.57670000009,
              372242.05270000361
            ],
            [
              231521.69880000222,
              372279.73070000112
            ],
            [
              231552.94210000057,
              372302.27920000069
            ],
            [
              231578.1239999989,
              372312.46820000187
            ],
            [
              231592.16779999994,
              372318.15059999935
            ],
            [
              231609.53110000119,
              372342.64030000009
            ],
            [
              231623.98620000202,
              372371.8487999998
            ],
            [
              231646.55790000129,
              372421.87140000239
            ],
            [
              231674.75300000142,
              372468.98740000278
            ],
            [
              231680.08610000089,
              372507.77250000089
            ],
            [
              231673.73550000042,
              372537.51170000061
            ],
            [
              231671.69810000062,
              372553.70040000044
            ],
            [
              231668.35049999971,
              372580.29890000448
            ],
            [
              231665.04150000121,
              372632.36360000446
            ],
            [
              231657.81049999967,
              372667.56600000151
            ],
            [
              231637.46800000127,
              372696.79330000095
            ],
            [
              231618.18070000038,
              372730.10429999977
            ],
            [
              231597.65960000176,
              372758.99320000224
            ],
            [
              231576.37760000117,
              372799.36760000139
            ],
            [
              231573.33050000016,
              372805.14820000343
            ],
            [
              231556.25350000151,
              372854.18749999814
            ],
            [
              231541.40780000016,
              372887.77869999968
            ],
            [
              231529.52639999986,
              372914.56600000151
            ],
            [
              231513.78660000023,
              372939.13700000383
            ],
            [
              231489.70029999968,
              372971.12549999915
            ],
            [
              231458.58660000097,
              372997.8518000003
            ],
            [
              231426.6184000019,
              373045.90699999966
            ],
            [
              231421.95760000125,
              373060.01180000231
            ],
            [
              231411.29300000053,
              373092.28600000218
            ],
            [
              231399.92490000091,
              373121.4197000023
            ],
            [
              231391.00710000005,
              373156.7712000031
            ],
            [
              231378.37140000053,
              373188.56939999945
            ],
            [
              231355.73350000102,
              373213.22880000249
            ],
            [
              231328.26630000118,
              373240.55829999968
            ],
            [
              231314.50389999989,
              373277.10790000111
            ],
            [
              231296.45690000057,
              373300.78180000372
            ],
            [
              231271.24260000233,
              373327.47819999978
            ],
            [
              231247.92059999984,
              373348.78240000084
            ],
            [
              231214.03859999962,
              373371.68450000137
            ],
            [
              231190.0393000003,
              373409.16770000197
            ],
            [
              231170.2862000009,
              373449.77940000221
            ],
            [
              231144.42870000005,
              373483.33530000038
            ],
            [
              231120.15519999899,
              373514.3721000012
            ],
            [
              231093.7816000022,
              373549.6083999984
            ],
            [
              231072.98450000212,
              373579.2706000004
            ],
            [
              231067.61250000075,
              373586.93250000104
            ],
            [
              231050.58440000005,
              373614.70610000007
            ],
            [
              231029.54140000138,
              373650.80370000191
            ],
            [
              231051.11099999957,
              373675.27700000256
            ],
            [
              231065.80220000073,
              373713.60199999996
            ],
            [
              231087.55209999904,
              373742.46730000339
            ],
            [
              231105.08710000012,
              373786.01970000379
            ],
            [
              231121.14350000024,
              373822.79290000163
            ],
            [
              231137.90510000009,
              373860.09680000134
            ],
            [
              231135.82990000118,
              373899.4739000015
            ],
            [
              231152.45550000016,
              373937.89140000194
            ],
            [
              231163.98610000033,
              374003.9478999991
            ],
            [
              231175.74870000128,
              374041.78220000304
            ],
            [
              231183.16050000023,
              374058.68450000137
            ],
            [
              231188.61899999995,
              374071.13220000453
            ],
            [
              231187.6642000014,
              374115.29900000431
            ],
            [
              231181.64960000105,
              374155.39840000123
            ],
            [
              231163.09619999956,
              374191.81640000083
            ],
            [
              231147.77630000096,
              374216.56909999996
            ],
            [
              231130.58400000073,
              374250.08170000277
            ],
            [
              231124.64780000038,
              374261.65289999917
            ],
            [
              231102.6015999997,
              374312.5522000026
            ],
            [
              231094.11990000121,
              374362.91300000064
            ],
            [
              231121.97290000133,
              374404.46000000462
            ],
            [
              231131.28010000102,
              374462.09679999948
            ],
            [
              231127.22690000013,
              374507.39870000072
            ],
            [
              231146.31710000057,
              374542.21130000055
            ],
            [
              231141.20029999968,
              374581.40960000269
            ],
            [
              231139.98539999966,
              374616.70519999973
            ],
            [
              231141.46650000103,
              374644.84840000235
            ],
            [
              231143.00219999999,
              374674.02979999781
            ],
            [
              231143.19510000013,
              374705.27180000022
            ],
            [
              231137.35020000115,
              374738.6074000001
            ],
            [
              231100.65799999982,
              374766.78220000304
            ],
            [
              231069.28030000068,
              374779.46710000001
            ],
            [
              231036.1679000007,
              374798.94640000165
            ],
            [
              231009.01669999957,
              374816.68350000121
            ],
            [
              230974.80329999886,
              374841.92930000089
            ],
            [
              230957.32990000118,
              374876.93160000257
            ],
            [
              230946.7471000012,
              374910.51300000027
            ],
            [
              230928.92280000169,
              374933.40389999747
            ],
            [
              230898.97890000045,
              374950.87610000186
            ],
            [
              230863.33220000006,
              374989.05719999969
            ],
            [
              230854.3303000005,
              374997.18350000121
            ],
            [
              230823.90490000136,
              375024.64949999936
            ],
            [
              230824.34219999984,
              375067.39770000055
            ],
            [
              230827.84360000025,
              375104.83850000054
            ],
            [
              230828.19610000029,
              375144.04420000128
            ],
            [
              230826.82380000036,
              375183.83940000087
            ],
            [
              230812.87009999901,
              375226.28150000423
            ],
            [
              230786.31879999954,
              375267.88130000234
            ],
            [
              230795.81390000135,
              375295.06900000386
            ],
            [
              230823.81430000067,
              375306.83959999867
            ],
            [
              230847.75889999978,
              375325.34210000187
            ],
            [
              230869.35109999962,
              375357.74660000391
            ],
            [
              230889.3842000002,
              375378.46220000088
            ],
            [
              230919.31649999972,
              375398.57259999774
            ],
            [
              230926.76180000044,
              375403.57480000146
            ],
            [
              230932.25040000025,
              375442.49280000106
            ],
            [
              230920.04060000181,
              375478.42860000022
            ],
            [
              230926.78750000056,
              375518.47629999928
            ],
            [
              230959.32420000061,
              375542.0671000015
            ],
            [
              230958.19199999981,
              375578.76940000243
            ],
            [
              230955.27190000005,
              375623.53869999759
            ],
            [
              230947.0616000006,
              375652.91650000401
            ],
            [
              230945.02730000112,
              375684.13529999927
            ],
            [
              230941.10320000071,
              375717.53140000068
            ],
            [
              230937.52289999928,
              375750.80820000172
            ],
            [
              230940.22410000116,
              375785.16789999977
            ],
            [
              230952.55700000096,
              375811.92680000141
            ],
            [
              230963.43440000061,
              375853.58740000427
            ],
            [
              230971.99409999978,
              375899.77599999867
            ],
            [
              230993.37159999926,
              375932.97399999946
            ],
            [
              231009.30059999973,
              375965.68689999916
            ],
            [
              231020.48650000151,
              375981.46240000241
            ],
            [
              231039.36190000083,
              376008.08250000142
            ],
            [
              231084.29169999901,
              376022.76730000414
            ],
            [
              231123.50980000105,
              376036.27210000157
            ],
            [
              231175.71670000162,
              376064.0752000045
            ],
            [
              231193.54620000068,
              376069.5829000026
            ],
            [
              231216.29560000077,
              376076.61040000059
            ],
            [
              231257.70019999892,
              376094.79250000231
            ],
            [
              231281.97150000185,
              376130.34580000117
            ],
            [
              231313.40180000011,
              376158.85480000079
            ],
            [
              231339.83360000048,
              376182.25950000249
            ],
            [
              231365.62240000069,
              376197.19090000167
            ],
            [
              231395.4001000002,
              376193.01600000076
            ],
            [
              231435.20129999984,
              376194.1267000027
            ],
            [
              231469.6129999999,
              376209.18600000255
            ],
            [
              231490.40070000198,
              376218.15700000338
            ],
            [
              231507.59380000178,
              376225.57670000196
            ],
            [
              231555.647400002,
              376259.89480000176
            ],
            [
              231563.94840000011,
              376263.56220000237
            ],
            [
              231601.21470000036,
              376280.02630000003
            ],
            [
              231623.77360000089,
              376307.40140000172
            ],
            [
              231637.46840000059,
              376346.21020000242
            ],
            [
              231659.50459999964,
              376374.56760000251
            ],
            [
              231682.55000000075,
              376400.05920000002
            ],
            [
              231702.51989999972,
              376423.13130000234
            ],
            [
              231719.86539999954,
              376450.27360000089
            ],
            [
              231740.81819999963,
              376470.57359999977
            ],
            [
              231772.43750000093,
              376492.91249999963
            ],
            [
              231798.38940000068,
              376519.42940000258
            ]
          ]
        ]
      }
    },
    {
      "attributes" : {
        "FID" : 1,
        "PMNTN_SN" : 44679,
        "MNTN_CODE" : "451102001",
        "MNTN_NM" : "장군봉",
        "PMNTN_NM" : "대불리구간",
        "PMNTN_MAIN" : " ",
        "PMNTN_LT" : 0.45,
        "PMNTN_DFFL" : "쉬움",
        "PMNTN_UPPL" : 8,
        "PMNTN_GODN" : 6,
        "PMNTN_MTRQ" : " ",
        "PMNTN_CNRL" : " ",
        "PMNTN_CLS_" : " ",
        "PMNTN_RISK" : " ",
        "PMNTN_RECO" : " ",
        "DATA_STDR_" : "2016-12-31",
        "MNTN_ID" : "457202601"
      },
      "geometry" : {
        "paths" : [
          [
            [
              232043.04880000092,
              376308.6883000005
            ],
            [
              232015.7984000016,
              376316.26620000042
            ],
            [
              231994.81080000103,
              376335.67080000043
            ],
            [
              231970.91590000037,
              376372.56100000069
            ],
            [
              231975.80239999946,
              376413.19219999947
            ],
            [
              231973.57699999958,
              376456.23020000197
            ],
            [
              231982.82530000061,
              376482.87720000185
            ],
            [
              231993.09370000008,
              376493.33510000259
            ],
            [
              231983.48280000035,
              376517.46499999985
            ],
            [
              231973.76870000083,
              376520.2135000024
            ],
            [
              231958.5186999999,
              376520.71360000223
            ],
            [
              231937.04330000095,
              376507.97360000014
            ],
            [
              231926.87789999973,
              376496.17600000091
            ],
            [
              231917.0409000013,
              376494.74230000004
            ],
            [
              231906.99199999962,
              376501.35899999924
            ],
            [
              231890.86160000041,
              376496.38290000334
            ],
            [
              231850.82420000061,
              376502.98350000009
            ],
            [
              231825.67660000082,
              376511.98520000279
            ],
            [
              231798.38940000068,
              376519.42940000258
            ]
          ]
        ]
      }
    },
    {
      "attributes" : {
        "FID" : 2,
        "PMNTN_SN" : 44680,
        "MNTN_CODE" : "451102001",
        "MNTN_NM" : "장군봉",
        "PMNTN_NM" : " ",
        "PMNTN_MAIN" : " ",
        "PMNTN_LT" : 6.32,
        "PMNTN_DFFL" : "쉬움",
        "PMNTN_UPPL" : 112,
        "PMNTN_GODN" : 78,
        "PMNTN_MTRQ" : " ",
        "PMNTN_CNRL" : " ",
        "PMNTN_CLS_" : " ",
        "PMNTN_RISK" : " ",
        "PMNTN_RECO" : " ",
        "DATA_STDR_" : "2016-12-31",
        "MNTN_ID" : "457202601"
      },
      "geometry" : {
        "paths" : [
          [
            [
              231798.38940000068,
              376519.42940000258
            ],
            [
              231810.01100000087,
              376553.56790000014
            ],
            [
              231821.7770999996,
              376584.16150000133
            ],
            [
              231834.8228000002,
              376618.79450000264
            ],
            [
              231845.59690000024,
              376645.46200000122
            ],
            [
              231851.95200000051,
              376674.48449999839
            ],
            [
              231847.81709999964,
              376715.21010000072
            ],
            [
              231843.38140000124,
              376759.99440000392
            ],
            [
              231839.15910000075,
              376802.07619999722
            ],
            [
              231838.20390000101,
              376840.08780000173
            ],
            [
              231856.23280000035,
              376877.27910000272
            ],
            [
              231885.63690000027,
              376875.09730000049
            ],
            [
              231890.02990000043,
              376874.77130000107
            ],
            [
              231926.23940000031,
              376874.00139999948
            ],
            [
              231961.88170000073,
              376871.82130000368
            ],
            [
              231991.94400000107,
              376866.46509999968
            ],
            [
              232027.02420000173,
              376856.65949999727
            ],
            [
              232035.1361999996,
              376854.7760000024
            ],
            [
              232067.15400000196,
              376847.34160000272
            ],
            [
              232108.83600000013,
              376853.23250000179
            ],
            [
              232135.92650000192,
              376869.5530999992
            ],
            [
              232152.4505000012,
              376899.87500000186
            ],
            [
              232162.29490000196,
              376911.40460000001
            ],
            [
              232174.43350000028,
              376925.62109999917
            ],
            [
              232177.95280000102,
              376927.52830000408
            ],
            [
              232184.99920000136,
              376931.34690000117
            ],
            [
              232211.00350000057,
              376945.4392000027
            ],
            [
              232265.65270000231,
              376941.33479999937
            ],
            [
              232280.10920000169,
              376939.38920000382
            ],
            [
              232318.75939999986,
              376934.18740000017
            ],
            [
              232333.52209999971,
              376941.42530000024
            ],
            [
              232367.31919999979,
              376957.99560000189
            ],
            [
              232394.92509999964,
              376960.65560000017
            ],
            [
              232416.07540000044,
              376961.06020000018
            ],
            [
              232429.33580000047,
              376968.99039999954
            ],
            [
              232441.53140000161,
              376995.34610000066
            ],
            [
              232477.17170000076,
              377027.16459999979
            ],
            [
              232509.57980000135,
              377039.95810000226
            ],
            [
              232544.58260000125,
              377038.16290000081
            ],
            [
              232586.66270000115,
              377047.76040000096
            ],
            [
              232623.75630000047,
              377044.27060000412
            ],
            [
              232663.2284000013,
              377034.07920000143
            ],
            [
              232706.6687000012,
              377024.38390000165
            ],
            [
              232749.9617999997,
              377018.36379999854
            ],
            [
              232788.85209999979,
              377015.90630000271
            ],
            [
              232818.35470000096,
              377027.59980000183
            ],
            [
              232853.6857000012,
              377033.27430000156
            ],
            [
              232892.17460000049,
              377030.10490000434
            ],
            [
              232894.31450000126,
              377040.32690000348
            ],
            [
              232900.55539999995,
              377070.13959999941
            ],
            [
              232882.36550000217,
              377111.16530000046
            ],
            [
              232863.19940000027,
              377154.09479999915
            ],
            [
              232845.33560000174,
              377195.98839999922
            ],
            [
              232827.21860000025,
              377244.49040000141
            ],
            [
              232810.56040000077,
              377283.79079999961
            ],
            [
              232809.82270000223,
              377326.56159999967
            ],
            [
              232810.97900000215,
              377369.1564000044
            ],
            [
              232822.21810000017,
              377416.41909999959
            ],
            [
              232805.89109999966,
              377449.98269999959
            ],
            [
              232803.92380000092,
              377500.19160000049
            ],
            [
              232811.05999999959,
              377537.98660000041
            ],
            [
              232824.36959999986,
              377579.40890000015
            ],
            [
              232848.1584999999,
              377626.0279000029
            ],
            [
              232889.05860000011,
              377655.8423999995
            ],
            [
              232897.26760000084,
              377689.13390000165
            ],
            [
              232895.4020000007,
              377724.93400000408
            ],
            [
              232889.49250000063,
              377764.95400000364
            ],
            [
              232882.29110000003,
              377798.02090000175
            ],
            [
              232874.32720000017,
              377826.79419999756
            ],
            [
              232866.38489999995,
              377854.45759999752
            ],
            [
              232860.09780000057,
              377898.31700000353
            ],
            [
              232863.73160000052,
              377936.84900000133
            ],
            [
              232861.32050000038,
              377968.033400001
            ],
            [
              232877.77120000031,
              378002.85579999909
            ],
            [
              232882.76170000155,
              378048.98220000044
            ],
            [
              232891.58330000006,
              378097.03669999912
            ],
            [
              232887.94699999969,
              378106.25670000166
            ],
            [
              232878.34939999972,
              378130.59180000238
            ],
            [
              232845.5178000005,
              378172.43679999746
            ],
            [
              232819.16280000005,
              378228.08330000192
            ],
            [
              232800.24690000061,
              378258.81849999912
            ],
            [
              232780.85379999969,
              378288.6117000021
            ],
            [
              232774.91970000137,
              378328.07079999894
            ],
            [
              232761.37289999984,
              378361.09000000171
            ],
            [
              232744.33120000083,
              378392.67369999923
            ],
            [
              232731.72870000079,
              378429.13510000333
            ],
            [
              232717.49490000121,
              378477.66870000027
            ],
            [
              232702.34640000109,
              378523.66210000403
            ],
            [
              232696.00140000228,
              378574.85840000212
            ],
            [
              232698.08150000125,
              378603.85630000196
            ],
            [
              232695.30810000096,
              378632.24239999987
            ],
            [
              232667.57460000087,
              378658.34449999966
            ],
            [
              232649.62929999921,
              378687.54629999772
            ],
            [
              232654.03409999982,
              378729.51369999908
            ],
            [
              232654.32770000119,
              378767.81040000357
            ],
            [
              232650.28190000076,
              378803.04829999991
            ],
            [
              232668.22710000072,
              378827.15200000256
            ],
            [
              232701.38499999978,
              378855.78280000016
            ],
            [
              232722.7153000012,
              378892.61130000092
            ],
            [
              232759.82940000203,
              378936.25080000423
            ],
            [
              232755.71009999979,
              378970.42830000073
            ],
            [
              232729.15940000117,
              379014.72040000185
            ],
            [
              232717.16860000137,
              379047.59280000255
            ],
            [
              232706.768600001,
              379080.54680000246
            ],
            [
              232685.35670000128,
              379107.95399999991
            ],
            [
              232663.37939999998,
              379133.23829999939
            ],
            [
              232662.35409999918,
              379167.66269999743
            ],
            [
              232667.57460000087,
              379209.58920000121
            ],
            [
              232657.50079999957,
              379249.39509999938
            ],
            [
              232660.87850000057,
              379304.92239999957
            ],
            [
              232659.25450000074,
              379346.2992000021
            ],
            [
              232692.18810000084,
              379391.89650000073
            ],
            [
              232742.25119999982,
              379411.14680000022
            ],
            [
              232781.28209999949,
              379428.52099999972
            ],
            [
              232801.63360000122,
              379478.52289999835
            ],
            [
              232813.58339999989,
              379534.39780000038
            ],
            [
              232830.34600000083,
              379605.20000000112
            ],
            [
              232839.5887000002,
              379650.44310000166
            ],
            [
              232849.21289999969,
              379695.44810000248
            ],
            [
              232872.15010000113,
              379715.97089999914
            ],
            [
              232900.53619999997,
              379727.88000000268
            ],
            [
              232942.78910000063,
              379762.66929999925
            ],
            [
              232985.30710000079,
              379782.36830000207
            ],
            [
              233001.64130000118,
              379854.67940000258
            ],
            [
              233018.89309999999,
              379899.66480000131
            ],
            [
              233027.94740000088,
              379930.41640000232
            ],
            [
              233020.25909999944,
              379975.18630000018
            ],
            [
              233023.0532000009,
              380020.46880000271
            ],
            [
              233034.55449999962,
              380067.33030000329
            ],
            [
              233057.47540000081,
              380100.8144000005
            ],
            [
              233085.04580000043,
              380130.99499999918
            ],
            [
              233107.47730000038,
              380160.1967999991
            ],
            [
              233128.76690000016,
              380183.44400000013
            ],
            [
              233150.54590000026,
              380210.36190000176
            ],
            [
              233176.6230000006,
              380228.25149999931
            ],
            [
              233217.84049999993,
              380269.74430000037
            ],
            [
              233245.85950000025,
              380305.18610000052
            ],
            [
              233273.47059999965,
              380352.37380000018
            ],
            [
              233272.65500000026,
              380395.11610000208
            ],
            [
              233310.13829999883,
              380421.67350000143
            ],
            [
              233350.83899999969,
              380439.40819999762
            ],
            [
              233387.9123000009,
              380451.15420000069
            ],
            [
              233426.02750000078,
              380477.88120000437
            ],
            [
              233433.26760000084,
              380482.39499999955
            ],
            [
              233460.49399999995,
              380499.36900000274
            ],
            [
              233483.66679999977,
              380509.32810000144
            ],
            [
              233510.02259999979,
              380511.85379999876
            ],
            [
              233539.7695000004,
              380492.9913000036
            ],
            [
              233582.34700000193,
              380471.56290000118
            ],
            [
              233625.71719999984,
              380441.25370000117
            ],
            [
              233655.94159999955,
              380406.11830000021
            ],
            [
              233660.43880000059,
              380400.89030000009
            ],
            [
              233679.38949999958,
              380358.92630000226
            ],
            [
              233707.36249999981,
              380336.51510000043
            ],
            [
              233735.1727,
              380350.8665000014
            ],
            [
              233757.39750000089,
              380368.36120000109
            ],
            [
              233788.99580000062,
              380392.79470000044
            ],
            [
              233802.6213999996,
              380405.40249999985
            ],
            [
              233829.78969999962,
              380430.54140000045
            ],
            [
              233891.57400000002,
              380453.70420000143
            ],
            [
              233932.18800000008,
              380472.48440000042
            ],
            [
              233956.51660000067,
              380501.61529999785
            ],
            [
              233981.61429999955,
              380529.19740000181
            ],
            [
              234005.20299999975,
              380551.069000002
            ],
            [
              234021.44799999986,
              380574.96880000271
            ],
            [
              234043.39989999961,
              380611.11659999937
            ],
            [
              234049.54229999986,
              380631.14260000177
            ]
          ]
        ]
      }
    }
  ]
}