{
  "displayFieldName" : "",
  "fieldAliases" : {
    "FID" : "FID",
    "PMNTN_SN" : "PMNTN_SN",
    "MNTN_CODE" : "MNTN_CODE",
    "MNTN_NM" : "MNTN_NM",
    "PMNTN_NM" : "PMNTN_NM",
    "PMNTN_MAIN" : "PMNTN_MAIN",
    "PMNTN_LT" : "PMNTN_LT",
    "PMNTN_DFFL" : "PMNTN_DFFL",
    "PMNTN_UPPL" : "PMNTN_UPPL",
    "PMNTN_GODN" : "PMNTN_GODN",
    "PMNTN_MTRQ" : "PMNTN_MTRQ",
    "PMNTN_CNRL" : "PMNTN_CNRL",
    "PMNTN_CLS_" : "PMNTN_CLS_",
    "PMNTN_RISK" : "PMNTN_RISK",
    "PMNTN_RECO" : "PMNTN_RECO",
    "DATA_STDR_" : "DATA_STDR_",
    "MNTN_ID" : "MNTN_ID"
  },
  "geometryType" : "esriGeometryPolyline",
  "spatialReference" : {
    "wkt" : "PROJCS[\"PCS_ITRF2000_TM\",GEOGCS[\"GCS_ITRF_2000\",DATUM[\"D_ITRF_2000\",SPHEROID[\"GRS_1980\",6378137.0,298.257222101]],PRIMEM[\"Greenwich\",0.0],UNIT[\"Degree\",0.0174532925199433]],PROJECTION[\"Transverse_Mercator\"],PARAMETER[\"False_Easting\",200000.0],PARAMETER[\"False_Northing\",600000.0],PARAMETER[\"Central_Meridian\",127.0],PARAMETER[\"Scale_Factor\",1.0],PARAMETER[\"Latitude_Of_Origin\",38.0],UNIT[\"Meter\",1.0]]"
  },
  "fields" : [
    {
      "name" : "FID",
      "type" : "esriFieldTypeOID",
      "alias" : "FID"
    },
    {
      "name" : "PMNTN_SN",
      "type" : "esriFieldTypeDouble",
      "alias" : "PMNTN_SN"
    },
    {
      "name" : "MNTN_CODE",
      "type" : "esriFieldTypeString",
      "alias" : "MNTN_CODE",
      "length" : 9
    },
    {
      "name" : "MNTN_NM",
      "type" : "esriFieldTypeString",
      "alias" : "MNTN_NM",
      "length" : 50
    },
    {
      "name" : "PMNTN_NM",
      "type" : "esriFieldTypeString",
      "alias" : "PMNTN_NM",
      "length" : 50
    },
    {
      "name" : "PMNTN_MAIN",
      "type" : "esriFieldTypeString",
      "alias" : "PMNTN_MAIN",
      "length" : 200
    },
    {
      "name" : "PMNTN_LT",
      "type" : "esriFieldTypeSingle",
      "alias" : "PMNTN_LT"
    },
    {
      "name" : "PMNTN_DFFL",
      "type" : "esriFieldTypeString",
      "alias" : "PMNTN_DFFL",
      "length" : 8
    },
    {
      "name" : "PMNTN_UPPL",
      "type" : "esriFieldTypeDouble",
      "alias" : "PMNTN_UPPL"
    },
    {
      "name" : "PMNTN_GODN",
      "type" : "esriFieldTypeDouble",
      "alias" : "PMNTN_GODN"
    },
    {
      "name" : "PMNTN_MTRQ",
      "type" : "esriFieldTypeString",
      "alias" : "PMNTN_MTRQ",
      "length" : 200
    },
    {
      "name" : "PMNTN_CNRL",
      "type" : "esriFieldTypeString",
      "alias" : "PMNTN_CNRL",
      "length" : 1
    },
    {
      "name" : "PMNTN_CLS_",
      "type" : "esriFieldTypeString",
      "alias" : "PMNTN_CLS_",
      "length" : 1
    },
    {
      "name" : "PMNTN_RISK",
      "type" : "esriFieldTypeString",
      "alias" : "PMNTN_RISK",
      "length" : 200
    },
    {
      "name" : "PMNTN_RECO",
      "type" : "esriFieldTypeString",
      "alias" : "PMNTN_RECO",
      "length" : 1
    },
    {
      "name" : "DATA_STDR_",
      "type" : "esriFieldTypeString",
      "alias" : "DATA_STDR_",
      "length" : 10
    },
    {
      "name" : "MNTN_ID",
      "type" : "esriFieldTypeString",
      "alias" : "MNTN_ID",
      "length" : 10
    }
  ],
  "features" : [
    {
      "attributes" : {
        "FID" : 0,
        "PMNTN_SN" : 33506,
        "MNTN_CODE" : "115000701",
        "MNTN_NM" : "수명산",
        "PMNTN_NM" : "내발산동구간",
        "PMNTN_MAIN" : " ",
        "PMNTN_LT" : 0.21,
        "PMNTN_DFFL" : "쉬움",
        "PMNTN_UPPL" : 4,
        "PMNTN_GODN" : 3,
        "PMNTN_MTRQ" : "토사",
        "PMNTN_CNRL" : " ",
        "PMNTN_CLS_" : " ",
        "PMNTN_RISK" : " ",
        "PMNTN_RECO" : " ",
        "DATA_STDR_" : "2016-12-31",
        "MNTN_ID" : "115000701"
      },
      "geometry" : {
        "paths" : [
          [
            [
              184988.34250000399,
              550165.12240000069
            ],
            [
              184976.52169999946,
              550160.47980000265
            ],
            [
              184963.86470000073,
              550155.06120000407
            ],
            [
              184946.78099999949,
              550148.58170000091
            ],
            [
              184931.49579999968,
              550146.38820000179
            ],
            [
              184915.62700000126,
              550145.92210000195
            ],
            [
              184898.29910000134,
              550148.24709999934
            ],
            [
              184884.12949999887,
              550148.40060000308
            ],
            [
              184871.52890000027,
              550148.48629999906
            ],
            [
              184858.74360000063,
              550154.49080000445
            ],
            [
              184847.00310000032,
              550155.83640000038
            ],
            [
              184834.46850000136,
              550155.88450000063
            ],
            [
              184829.50380000193,
              550162.50170000084
            ],
            [
              184821.0409000041,
              550160.22709999792
            ],
            [
              184817.53980000317,
              550155.12940000184
            ],
            [
              184809.40280000027,
              550150.7984000016
            ],
            [
              184804.58690000139,
              550144.2798999995
            ],
            [
              184797.29030000046,
              550141.37800000049
            ]
          ]
        ]
      }
    },
    {
      "attributes" : {
        "FID" : 1,
        "PMNTN_SN" : 33507,
        "MNTN_CODE" : "115000701",
        "MNTN_NM" : "수명산",
        "PMNTN_NM" : "내발산동구간",
        "PMNTN_MAIN" : " ",
        "PMNTN_LT" : 0.13,
        "PMNTN_DFFL" : "쉬움",
        "PMNTN_UPPL" : 2,
        "PMNTN_GODN" : 2,
        "PMNTN_MTRQ" : "토사",
        "PMNTN_CNRL" : " ",
        "PMNTN_CLS_" : " ",
        "PMNTN_RISK" : " ",
        "PMNTN_RECO" : " ",
        "DATA_STDR_" : "2016-12-31",
        "MNTN_ID" : "115000701"
      },
      "geometry" : {
        "paths" : [
          [
            [
              184735.58770000283,
              550062.47189999931
            ],
            [
              184740.50400000252,
              550037.26129999943
            ],
            [
              184749.1266000038,
              550013.61590000056
            ],
            [
              184776.9000000013,
              549988.09349999949
            ],
            [
              184786.44610000029,
              549958.77810000069
            ],
            [
              184792.98090000078,
              549955.97819999978
            ]
          ]
        ]
      }
    },
    {
      "attributes" : {
        "FID" : 2,
        "PMNTN_SN" : 33508,
        "MNTN_CODE" : "115000701",
        "MNTN_NM" : "수명산",
        "PMNTN_NM" : "내발산동구간",
        "PMNTN_MAIN" : " ",
        "PMNTN_LT" : 0.12,
        "PMNTN_DFFL" : "쉬움",
        "PMNTN_UPPL" : 2,
        "PMNTN_GODN" : 1,
        "PMNTN_MTRQ" : "토사",
        "PMNTN_CNRL" : " ",
        "PMNTN_CLS_" : " ",
        "PMNTN_RISK" : " ",
        "PMNTN_RECO" : " ",
        "DATA_STDR_" : "2016-12-31",
        "MNTN_ID" : "115000701"
      },
      "geometry" : {
        "paths" : [
          [
            [
              184797.29030000046,
              550141.37800000049
            ],
            [
              184791.65359999985,
              550139.69500000216
            ],
            [
              184787.28370000049,
              550136.03420000151
            ],
            [
              184782.45360000059,
              550131.53350000456
            ],
            [
              184772.83730000164,
              550126.95370000228
            ],
            [
              184764.31580000371,
              550129.0194000043
            ],
            [
              184757.831100001,
              550125.73890000209
            ],
            [
              184752.38399999961,
              550119.2918999996
            ],
            [
              184752.114500002,
              550114.71079999954
            ],
            [
              184750.33179999981,
              550109.93500000238
            ],
            [
              184743.78260000143,
              550104.49500000291
            ],
            [
              184738.23950000014,
              550098.32249999978
            ],
            [
              184733.52900000196,
              550088.72679999843
            ],
            [
              184735.88340000156,
              550076.42560000159
            ],
            [
              184735.58770000283,
              550062.47189999931
            ]
          ]
        ]
      }
    },
    {
      "attributes" : {
        "FID" : 3,
        "PMNTN_SN" : 33509,
        "MNTN_CODE" : "115000701",
        "MNTN_NM" : "수명산",
        "PMNTN_NM" : "내발산동구간",
        "PMNTN_MAIN" : " ",
        "PMNTN_LT" : 0.12,
        "PMNTN_DFFL" : "쉬움",
        "PMNTN_UPPL" : 2,
        "PMNTN_GODN" : 1,
        "PMNTN_MTRQ" : "토사",
        "PMNTN_CNRL" : " ",
        "PMNTN_CLS_" : " ",
        "PMNTN_RISK" : " ",
        "PMNTN_RECO" : " ",
        "DATA_STDR_" : "2016-12-31",
        "MNTN_ID" : "115000701"
      },
      "geometry" : {
        "paths" : [
          [
            [
              184760.28920000046,
              549824.08510000445
            ],
            [
              184746.9030000018,
              549823.14220000058
            ],
            [
              184732.29449999984,
              549828.8252000045
            ],
            [
              184720.4663000023,
              549826.68869999982
            ],
            [
              184712.49860000052,
              549831.92229999974
            ],
            [
              184700.55640000384,
              549826.79040000029
            ],
            [
              184695.00940000266,
              549835.31290000305
            ],
            [
              184693.50549999997,
              549831.11070000008
            ],
            [
              184678.45010000095,
              549832.83159999922
            ],
            [
              184673.72590000089,
              549845.66899999976
            ],
            [
              184663.23170000128,
              549853.94180000201
            ]
          ]
        ]
      }
    },
    {
      "attributes" : {
        "FID" : 4,
        "PMNTN_SN" : 33510,
        "MNTN_CODE" : "115000701",
        "MNTN_NM" : "수명산",
        "PMNTN_NM" : "내발산동구간",
        "PMNTN_MAIN" : " ",
        "PMNTN_LT" : 0.03,
        "PMNTN_DFFL" : "쉬움",
        "PMNTN_UPPL" : 1,
        "PMNTN_GODN" : 0,
        "PMNTN_MTRQ" : "토사",
        "PMNTN_CNRL" : " ",
        "PMNTN_CLS_" : " ",
        "PMNTN_RISK" : " ",
        "PMNTN_RECO" : " ",
        "DATA_STDR_" : "2016-12-31",
        "MNTN_ID" : "115000701"
      },
      "geometry" : {
        "paths" : [
          [
            [
              184642.9512000028,
              549870.49960000068
            ],
            [
              184634.18400000129,
              549879.98620000109
            ],
            [
              184622.38970000017,
              549887.97849999927
            ]
          ]
        ]
      }
    },
    {
      "attributes" : {
        "FID" : 5,
        "PMNTN_SN" : 33511,
        "MNTN_CODE" : "115000701",
        "MNTN_NM" : "수명산",
        "PMNTN_NM" : "내발산동구간",
        "PMNTN_MAIN" : " ",
        "PMNTN_LT" : 0.07,
        "PMNTN_DFFL" : "쉬움",
        "PMNTN_UPPL" : 1,
        "PMNTN_GODN" : 1,
        "PMNTN_MTRQ" : "토사",
        "PMNTN_CNRL" : " ",
        "PMNTN_CLS_" : " ",
        "PMNTN_RISK" : " ",
        "PMNTN_RECO" : " ",
        "DATA_STDR_" : "2016-12-31",
        "MNTN_ID" : "115000701"
      },
      "geometry" : {
        "paths" : [
          [
            [
              184636.53970000241,
              549960.21040000021
            ],
            [
              184627.56940000132,
              549957.10360000096
            ],
            [
              184620.74260000233,
              549960.20100000128
            ],
            [
              184612.62460000068,
              549963.71600000374
            ],
            [
              184607.68180000223,
              549967.51940000057
            ],
            [
              184602.60660000145,
              549973.29510000162
            ],
            [
              184594.77070000023,
              549987.47050000168
            ],
            [
              184589.86650000047,
              549997.49780000187
            ]
          ]
        ]
      }
    },
    {
      "attributes" : {
        "FID" : 6,
        "PMNTN_SN" : 33512,
        "MNTN_CODE" : "115000701",
        "MNTN_NM" : "수명산",
        "PMNTN_NM" : "내발산동구간",
        "PMNTN_MAIN" : " ",
        "PMNTN_LT" : 0.09,
        "PMNTN_DFFL" : "쉬움",
        "PMNTN_UPPL" : 2,
        "PMNTN_GODN" : 1,
        "PMNTN_MTRQ" : "토사",
        "PMNTN_CNRL" : " ",
        "PMNTN_CLS_" : " ",
        "PMNTN_RISK" : " ",
        "PMNTN_RECO" : " ",
        "DATA_STDR_" : "2016-12-31",
        "MNTN_ID" : "115000701"
      },
      "geometry" : {
        "paths" : [
          [
            [
              184709.53850000072,
              549879.38670000061
            ],
            [
              184702.48510000017,
              549884.52520000003
            ],
            [
              184686.31400000118,
              549903.8356999997
            ],
            [
              184657.42780000251,
              549916.42940000072
            ],
            [
              184653.72240000032,
              549927.44160000235
            ],
            [
              184648.51910000108,
              549929.4606999997
            ],
            [
              184645.42700000294,
              549927.62440000102
            ]
          ]
        ]
      }
    },
    {
      "attributes" : {
        "FID" : 7,
        "PMNTN_SN" : 33513,
        "MNTN_CODE" : "115000701",
        "MNTN_NM" : "수명산",
        "PMNTN_NM" : "내발산동구간",
        "PMNTN_MAIN" : " ",
        "PMNTN_LT" : 0.06,
        "PMNTN_DFFL" : "쉬움",
        "PMNTN_UPPL" : 1,
        "PMNTN_GODN" : 1,
        "PMNTN_MTRQ" : "토사",
        "PMNTN_CNRL" : " ",
        "PMNTN_CLS_" : " ",
        "PMNTN_RISK" : " ",
        "PMNTN_RECO" : " ",
        "DATA_STDR_" : "2016-12-31",
        "MNTN_ID" : "115000701"
      },
      "geometry" : {
        "paths" : [
          [
            [
              184768.51260000281,
              549881.28309999965
            ],
            [
              184753.55570000131,
              549880.31509999931
            ],
            [
              184751.54450000264,
              549878.20710000023
            ],
            [
              184746.89770000055,
              549880.79250000231
            ],
            [
              184738.76809999999,
              549878.52830000222
            ],
            [
              184709.53850000072,
              549879.38670000061
            ]
          ]
        ]
      }
    },
    {
      "attributes" : {
        "FID" : 8,
        "PMNTN_SN" : 33514,
        "MNTN_CODE" : "115000701",
        "MNTN_NM" : "수명산",
        "PMNTN_NM" : "내발산동구간",
        "PMNTN_MAIN" : " ",
        "PMNTN_LT" : 0.09,
        "PMNTN_DFFL" : "쉬움",
        "PMNTN_UPPL" : 2,
        "PMNTN_GODN" : 1,
        "PMNTN_MTRQ" : "토사",
        "PMNTN_CNRL" : " ",
        "PMNTN_CLS_" : " ",
        "PMNTN_RISK" : " ",
        "PMNTN_RECO" : " ",
        "DATA_STDR_" : "2016-12-31",
        "MNTN_ID" : "115000701"
      },
      "geometry" : {
        "paths" : [
          [
            [
              185132.64960000012,
              549998.02500000037
            ],
            [
              185129.08759999927,
              549987.75640000217
            ],
            [
              185125.29130000062,
              549980.06550000422
            ],
            [
              185118.11760000139,
              549973.50340000167
            ],
            [
              185113.13320000097,
              549958.01720000245
            ],
            [
              185103.25820000283,
              549946.18670000136
            ],
            [
              185092.4254999999,
              549934.20800000243
            ],
            [
              185087.04930000007,
              549920.85030000098
            ]
          ]
        ]
      }
    },
    {
      "attributes" : {
        "FID" : 9,
        "PMNTN_SN" : 33515,
        "MNTN_CODE" : "115000701",
        "MNTN_NM" : "수명산",
        "PMNTN_NM" : "화곡동구간",
        "PMNTN_MAIN" : " ",
        "PMNTN_LT" : 0.08,
        "PMNTN_DFFL" : "쉬움",
        "PMNTN_UPPL" : 1,
        "PMNTN_GODN" : 1,
        "PMNTN_MTRQ" : "토사",
        "PMNTN_CNRL" : " ",
        "PMNTN_CLS_" : " ",
        "PMNTN_RISK" : " ",
        "PMNTN_RECO" : " ",
        "DATA_STDR_" : "2016-12-31",
        "MNTN_ID" : "115000701"
      },
      "geometry" : {
        "paths" : [
          [
            [
              184963.23290000111,
              549814.89970000274
            ],
            [
              185019.70780000184,
              549816.20910000242
            ],
            [
              185038.63810000289,
              549827.08650000207
            ]
          ]
        ]
      }
    },
    {
      "attributes" : {
        "FID" : 10,
        "PMNTN_SN" : 33516,
        "MNTN_CODE" : "115000701",
        "MNTN_NM" : "수명산",
        "PMNTN_NM" : "화곡동구간",
        "PMNTN_MAIN" : " ",
        "PMNTN_LT" : 0.22,
        "PMNTN_DFFL" : "쉬움",
        "PMNTN_UPPL" : 4,
        "PMNTN_GODN" : 3,
        "PMNTN_MTRQ" : "토사",
        "PMNTN_CNRL" : " ",
        "PMNTN_CLS_" : " ",
        "PMNTN_RISK" : " ",
        "PMNTN_RECO" : " ",
        "DATA_STDR_" : "2016-12-31",
        "MNTN_ID" : "115000701"
      },
      "geometry" : {
        "paths" : [
          [
            [
              184963.23290000111,
              549814.89970000274
            ],
            [
              184962.27869999968,
              549823.81010000221
            ],
            [
              184965.47520000115,
              549826.05560000241
            ],
            [
              184967.01620000042,
              549834.43480000272
            ],
            [
              184970.72430000361,
              549836.96780000255
            ],
            [
              184974.40970000345,
              549835.14699999988
            ],
            [
              184982.82050000317,
              549841.34620000236
            ],
            [
              185008.47500000335,
              549847.65379999951
            ],
            [
              185014.8236000007,
              549852.22860000469
            ],
            [
              185015.8543999996,
              549856.99930000119
            ],
            [
              185007.25390000176,
              549881.06290000118
            ],
            [
              185000.7694000015,
              549887.45640000328
            ],
            [
              185002.64690000005,
              549893.4813000001
            ],
            [
              185020.11700000055,
              549895.95229999907
            ],
            [
              185044.22020000033,
              549917.02649999969
            ],
            [
              185054.81100000162,
              549920.52390000224
            ],
            [
              185063.27740000188,
              549925.25120000169
            ],
            [
              185075.25270000286,
              549922.21620000154
            ],
            [
              185087.04930000007,
              549920.85030000098
            ]
          ]
        ]
      }
    },
    {
      "attributes" : {
        "FID" : 11,
        "PMNTN_SN" : 33517,
        "MNTN_CODE" : "115000701",
        "MNTN_NM" : "수명산",
        "PMNTN_NM" : "화곡동구간",
        "PMNTN_MAIN" : " ",
        "PMNTN_LT" : 0.12,
        "PMNTN_DFFL" : "쉬움",
        "PMNTN_UPPL" : 2,
        "PMNTN_GODN" : 1,
        "PMNTN_MTRQ" : "토사",
        "PMNTN_CNRL" : " ",
        "PMNTN_CLS_" : " ",
        "PMNTN_RISK" : " ",
        "PMNTN_RECO" : " ",
        "DATA_STDR_" : "2016-12-31",
        "MNTN_ID" : "115000701"
      },
      "geometry" : {
        "paths" : [
          [
            [
              185087.04930000007,
              549920.85030000098
            ],
            [
              185086.57500000112,
              549911.17769999988
            ],
            [
              185094.04989999905,
              549898.10780000128
            ],
            [
              185094.85230000038,
              549878.82130000181
            ],
            [
              185088.75150000025,
              549872.01329999976
            ],
            [
              185069.99170000292,
              549860.82760000229
            ],
            [
              185068.331100001,
              549855.90930000134
            ],
            [
              185055.12050000019,
              549849.5978000015
            ],
            [
              185047.45120000187,
              549840.95610000007
            ],
            [
              185038.63810000289,
              549827.08650000207
            ]
          ]
        ]
      }
    },
    {
      "attributes" : {
        "FID" : 12,
        "PMNTN_SN" : 33518,
        "MNTN_CODE" : "115000701",
        "MNTN_NM" : "수명산",
        "PMNTN_NM" : "내발산동구간",
        "PMNTN_MAIN" : " ",
        "PMNTN_LT" : 0.25,
        "PMNTN_DFFL" : "쉬움",
        "PMNTN_UPPL" : 4,
        "PMNTN_GODN" : 3,
        "PMNTN_MTRQ" : "토사",
        "PMNTN_CNRL" : " ",
        "PMNTN_CLS_" : " ",
        "PMNTN_RISK" : " ",
        "PMNTN_RECO" : " ",
        "DATA_STDR_" : "2016-12-31",
        "MNTN_ID" : "115000701"
      },
      "geometry" : {
        "paths" : [
          [
            [
              184934.78949999996,
              550165.96640000306
            ],
            [
              184934.0288000023,
              550171.25180000253
            ],
            [
              184942.81720000226,
              550198.01909999922
            ],
            [
              184937.33580000047,
              550201.88040000014
            ],
            [
              184934.16590000223,
              550206.01670000143
            ],
            [
              184935.96710000373,
              550206.76700000092
            ],
            [
              184928.11319999956,
              550213.40500000119
            ],
            [
              184910.30060000345,
              550238.14590000175
            ],
            [
              184910.36480000056,
              550244.92760000005
            ],
            [
              184921.77090000361,
              550248.95370000042
            ],
            [
              184938.98570000008,
              550249.87140000053
            ],
            [
              184940.69620000105,
              550253.72900000028
            ],
            [
              184951.11640000064,
              550257.30110000074
            ],
            [
              184958.80989999883,
              550254.88389999978
            ],
            [
              184969.1220000023,
              550254.73200000823
            ],
            [
              184975.84849999938,
              550244.35300000198
            ],
            [
              184977.66070000082,
              550231.97560000233
            ],
            [
              184978.63570000138,
              550224.32909999974
            ],
            [
              184977.96390000172,
              550217.44720000029
            ],
            [
              184975.46760000102,
              550209.66720000096
            ],
            [
              184974.69930000324,
              550201.08120000362
            ],
            [
              184978.48749999981,
              550190.88820000179
            ],
            [
              184982.96830000076,
              550177.55040000007
            ],
            [
              184988.34250000399,
              550165.12240000069
            ]
          ]
        ]
      }
    },
    {
      "attributes" : {
        "FID" : 13,
        "PMNTN_SN" : 33519,
        "MNTN_CODE" : "115000701",
        "MNTN_NM" : "수명산",
        "PMNTN_NM" : "신월동구간",
        "PMNTN_MAIN" : " ",
        "PMNTN_LT" : 0.43,
        "PMNTN_DFFL" : "쉬움",
        "PMNTN_UPPL" : 8,
        "PMNTN_GODN" : 5,
        "PMNTN_MTRQ" : "토사",
        "PMNTN_CNRL" : " ",
        "PMNTN_CLS_" : " ",
        "PMNTN_RISK" : "공사지역",
        "PMNTN_RECO" : " ",
        "DATA_STDR_" : "2016-12-31",
        "MNTN_ID" : "115000701"
      },
      "geometry" : {
        "paths" : [
          [
            [
              185038.63810000289,
              549827.08650000207
            ],
            [
              185045.91579999961,
              549826.13370000198
            ],
            [
              185069.93620000128,
              549809.3172999993
            ],
            [
              185070.50680000056,
              549801.20409999788
            ],
            [
              185062.41490000021,
              549795.19970000349
            ],
            [
              185055.44170000311,
              549797.55649999902
            ],
            [
              185043.84960000217,
              549793.40039999969
            ],
            [
              185029.04460000154,
              549794.43169999868
            ],
            [
              185015.58450000081,
              549788.19539999962
            ],
            [
              185005.7053000005,
              549792.46730000339
            ],
            [
              184993.87239999883,
              549780.29179999977
            ],
            [
              184983.79520000052,
              549771.97290000133
            ],
            [
              184972.04890000261,
              549770.74710000493
            ],
            [
              184962.75439999904,
              549751.05089999922
            ],
            [
              184960.0131000001,
              549734.31060000136
            ],
            [
              184963.1489000041,
              549715.29900000058
            ],
            [
              184974.05830000155,
              549698.17120000161
            ],
            [
              184986.3032999998,
              549673.26860000193
            ],
            [
              184993.23390000034,
              549643.99340000004
            ],
            [
              184999.38680000044,
              549638.54009999894
            ],
            [
              185009.97699999996,
              549615.71869999915
            ],
            [
              185006.00910000131,
              549592.42210000008
            ],
            [
              184995.50000000093,
              549575.3956000004
            ],
            [
              184989.11070000008,
              549559.57799999975
            ],
            [
              184983.03080000076,
              549553.53339999914
            ],
            [
              184967.7695000004,
              549542.57230000012
            ],
            [
              184950.23560000211,
              549533.87780000269
            ]
          ]
        ]
      }
    },
    {
      "attributes" : {
        "FID" : 14,
        "PMNTN_SN" : 33520,
        "MNTN_CODE" : "115000701",
        "MNTN_NM" : "수명산",
        "PMNTN_NM" : "화곡동구간",
        "PMNTN_MAIN" : " ",
        "PMNTN_LT" : 0.42,
        "PMNTN_DFFL" : "쉬움",
        "PMNTN_UPPL" : 7,
        "PMNTN_GODN" : 5,
        "PMNTN_MTRQ" : "토사",
        "PMNTN_CNRL" : " ",
        "PMNTN_CLS_" : " ",
        "PMNTN_RISK" : " ",
        "PMNTN_RECO" : " ",
        "DATA_STDR_" : "2016-12-31",
        "MNTN_ID" : "115000701"
      },
      "geometry" : {
        "paths" : [
          [
            [
              184963.23290000111,
              549814.89970000274
            ],
            [
              184945.83910000138,
              549830.11000000313
            ],
            [
              184946.81360000186,
              549840.56479999982
            ],
            [
              184941.60250000004,
              549850.66790000163
            ],
            [
              184939.034500001,
              549864.12470000423
            ],
            [
              184945.45010000002,
              549897.52920000255
            ],
            [
              184972.400100003,
              549928.06849999912
            ],
            [
              184980.68240000028,
              549932.90960000269
            ],
            [
              184989.14190000109,
              549933.35950000212
            ],
            [
              184995.13230000064,
              549947.86020000279
            ],
            [
              184995.13810000196,
              549960.12250000238
            ],
            [
              184992.65030000079,
              549968.87179999985
            ],
            [
              184973.26820000168,
              549990.26640000194
            ],
            [
              184965.02540000342,
              549992.79199999757
            ],
            [
              184964.78180000093,
              550003.64080000482
            ],
            [
              184990.17040000297,
              550043.41139999963
            ],
            [
              184987.56089999992,
              550070.82270000316
            ],
            [
              184997.33570000157,
              550122.93869999982
            ],
            [
              184997.65629999992,
              550132.31560000218
            ],
            [
              185006.32350000087,
              550145.32400000095
            ],
            [
              185003.45030000247,
              550153.10750000179
            ],
            [
              184998.96950000152,
              550157.95260000415
            ],
            [
              184988.34250000399,
              550165.12240000069
            ]
          ]
        ]
      }
    },
    {
      "attributes" : {
        "FID" : 15,
        "PMNTN_SN" : 33521,
        "MNTN_CODE" : "115000701",
        "MNTN_NM" : "수명산",
        "PMNTN_NM" : "내발산동구간",
        "PMNTN_MAIN" : " ",
        "PMNTN_LT" : 0.08,
        "PMNTN_DFFL" : "쉬움",
        "PMNTN_UPPL" : 1,
        "PMNTN_GODN" : 1,
        "PMNTN_MTRQ" : "토사",
        "PMNTN_CNRL" : " ",
        "PMNTN_CLS_" : " ",
        "PMNTN_RISK" : " ",
        "PMNTN_RECO" : " ",
        "DATA_STDR_" : "2016-12-31",
        "MNTN_ID" : "115000701"
      },
      "geometry" : {
        "paths" : [
          [
            [
              184792.98090000078,
              549955.97819999978
            ],
            [
              184778.79110000096,
              549896.38160000183
            ],
            [
              184770.2862999998,
              549887.46080000326
            ],
            [
              184768.51260000281,
              549881.28309999965
            ]
          ]
        ]
      }
    },
    {
      "attributes" : {
        "FID" : 16,
        "PMNTN_SN" : 33522,
        "MNTN_CODE" : "115000701",
        "MNTN_NM" : "수명산",
        "PMNTN_NM" : "내발산동구간",
        "PMNTN_MAIN" : " ",
        "PMNTN_LT" : 0.06,
        "PMNTN_DFFL" : "쉬움",
        "PMNTN_UPPL" : 1,
        "PMNTN_GODN" : 1,
        "PMNTN_MTRQ" : "토사",
        "PMNTN_CNRL" : " ",
        "PMNTN_CLS_" : " ",
        "PMNTN_RISK" : " ",
        "PMNTN_RECO" : " ",
        "DATA_STDR_" : "2016-12-31",
        "MNTN_ID" : "115000701"
      },
      "geometry" : {
        "paths" : [
          [
            [
              184768.51260000281,
              549881.28309999965
            ],
            [
              184768.62760000397,
              549871.51490000263
            ],
            [
              184764.20090000145,
              549864.90860000253
            ],
            [
              184765.81020000111,
              549845.8067000024
            ],
            [
              184760.28920000046,
              549824.08510000445
            ]
          ]
        ]
      }
    },
    {
      "attributes" : {
        "FID" : 17,
        "PMNTN_SN" : 33523,
        "MNTN_CODE" : "115000701",
        "MNTN_NM" : "수명산",
        "PMNTN_NM" : "신월동구간",
        "PMNTN_MAIN" : " ",
        "PMNTN_LT" : 0.22,
        "PMNTN_DFFL" : "쉬움",
        "PMNTN_UPPL" : 4,
        "PMNTN_GODN" : 3,
        "PMNTN_MTRQ" : "토사",
        "PMNTN_CNRL" : " ",
        "PMNTN_CLS_" : " ",
        "PMNTN_RISK" : " ",
        "PMNTN_RECO" : " ",
        "DATA_STDR_" : "2016-12-31",
        "MNTN_ID" : "115000701"
      },
      "geometry" : {
        "paths" : [
          [
            [
              184760.28920000046,
              549824.08510000445
            ],
            [
              184767.85770000145,
              549819.21509999968
            ],
            [
              184784.21140000038,
              549798.44890000112
            ],
            [
              184800.67819999997,
              549794.8556999974
            ],
            [
              184829.48170000128,
              549797.90379999951
            ],
            [
              184844.21390000358,
              549797.54710000195
            ],
            [
              184859.19749999978,
              549800.8609000016
            ],
            [
              184872.80670000054,
              549794.92670000345
            ],
            [
              184896.85790000018,
              549797.28280000016
            ],
            [
              184913.69810000248,
              549801.43390000239
            ],
            [
              184925.36400000378,
              549803.19240000099
            ],
            [
              184935.82600000128,
              549810.36870000139
            ],
            [
              184949.99400000088,
              549813.79680000059
            ],
            [
              184963.23290000111,
              549814.89970000274
            ]
          ]
        ]
      }
    },
    {
      "attributes" : {
        "FID" : 18,
        "PMNTN_SN" : 33524,
        "MNTN_CODE" : "115000701",
        "MNTN_NM" : "수명산",
        "PMNTN_NM" : "내발산동구간",
        "PMNTN_MAIN" : " ",
        "PMNTN_LT" : 0.05,
        "PMNTN_DFFL" : "쉬움",
        "PMNTN_UPPL" : 1,
        "PMNTN_GODN" : 1,
        "PMNTN_MTRQ" : "토사",
        "PMNTN_CNRL" : " ",
        "PMNTN_CLS_" : " ",
        "PMNTN_RISK" : " ",
        "PMNTN_RECO" : " ",
        "DATA_STDR_" : "2016-12-31",
        "MNTN_ID" : "115000701"
      },
      "geometry" : {
        "paths" : [
          [
            [
              184709.53850000072,
              549879.38670000061
            ],
            [
              184683.05829999968,
              549869.5046000015
            ],
            [
              184674.02190000005,
              549865.61400000192
            ],
            [
              184663.23170000128,
              549853.94180000201
            ]
          ]
        ]
      }
    },
    {
      "attributes" : {
        "FID" : 19,
        "PMNTN_SN" : 33525,
        "MNTN_CODE" : "115000701",
        "MNTN_NM" : "수명산",
        "PMNTN_NM" : "내발산동구간",
        "PMNTN_MAIN" : " ",
        "PMNTN_LT" : 0.03,
        "PMNTN_DFFL" : "쉬움",
        "PMNTN_UPPL" : 1,
        "PMNTN_GODN" : 0,
        "PMNTN_MTRQ" : "토사",
        "PMNTN_CNRL" : " ",
        "PMNTN_CLS_" : " ",
        "PMNTN_RISK" : " ",
        "PMNTN_RECO" : " ",
        "DATA_STDR_" : "2016-12-31",
        "MNTN_ID" : "115000701"
      },
      "geometry" : {
        "paths" : [
          [
            [
              184663.23170000128,
              549853.94180000201
            ],
            [
              184650.3759000022,
              549864.07619999908
            ],
            [
              184648.03160000127,
              549870.07160000131
            ],
            [
              184642.9512000028,
              549870.49960000068
            ]
          ]
        ]
      }
    },
    {
      "attributes" : {
        "FID" : 20,
        "PMNTN_SN" : 33526,
        "MNTN_CODE" : "115000701",
        "MNTN_NM" : "수명산",
        "PMNTN_NM" : "내발산동구간",
        "PMNTN_MAIN" : " ",
        "PMNTN_LT" : 0.03,
        "PMNTN_DFFL" : "쉬움",
        "PMNTN_UPPL" : 1,
        "PMNTN_GODN" : 0,
        "PMNTN_MTRQ" : "토사",
        "PMNTN_CNRL" : " ",
        "PMNTN_CLS_" : " ",
        "PMNTN_RISK" : " ",
        "PMNTN_RECO" : " ",
        "DATA_STDR_" : "2016-12-31",
        "MNTN_ID" : "115000701"
      },
      "geometry" : {
        "paths" : [
          [
            [
              184645.42700000294,
              549927.62440000102
            ],
            [
              184638.31270000152,
              549937.6754999999
            ],
            [
              184636.53970000241,
              549960.21040000021
            ]
          ]
        ]
      }
    },
    {
      "attributes" : {
        "FID" : 21,
        "PMNTN_SN" : 33527,
        "MNTN_CODE" : "115000701",
        "MNTN_NM" : "수명산",
        "PMNTN_NM" : "내발산동구간",
        "PMNTN_MAIN" : " ",
        "PMNTN_LT" : 0.19,
        "PMNTN_DFFL" : "쉬움",
        "PMNTN_UPPL" : 3,
        "PMNTN_GODN" : 2,
        "PMNTN_MTRQ" : "토사",
        "PMNTN_CNRL" : " ",
        "PMNTN_CLS_" : " ",
        "PMNTN_RISK" : " ",
        "PMNTN_RECO" : " ",
        "DATA_STDR_" : "2016-12-31",
        "MNTN_ID" : "115000701"
      },
      "geometry" : {
        "paths" : [
          [
            [
              184636.53970000241,
              549960.21040000021
            ],
            [
              184644.15020000003,
              549970.20639999956
            ],
            [
              184649.70810000133,
              549967.6657000035
            ],
            [
              184656.90590000246,
              549970.76890000142
            ],
            [
              184662.37770000193,
              549981.72699999996
            ],
            [
              184669.6500000041,
              549981.09020000137
            ],
            [
              184674.736800001,
              549972.06629999913
            ],
            [
              184673.50459999964,
              549986.67420000024
            ],
            [
              184678.21700000204,
              549999.62450000085
            ],
            [
              184691.20199999958,
              550004.00080000237
            ],
            [
              184703.76090000011,
              550002.3032000009
            ],
            [
              184713.83430000208,
              550010.40609999932
            ],
            [
              184713.71389999986,
              550013.3925999999
            ],
            [
              184720.29609999992,
              550016.00390000083
            ],
            [
              184727.66630000062,
              550032.37280000001
            ],
            [
              184728.21349999961,
              550056.02920000814
            ],
            [
              184735.58770000283,
              550062.47189999931
            ]
          ]
        ]
      }
    },
    {
      "attributes" : {
        "FID" : 22,
        "PMNTN_SN" : 33528,
        "MNTN_CODE" : "115000701",
        "MNTN_NM" : "수명산",
        "PMNTN_NM" : "내발산동구간",
        "PMNTN_MAIN" : " ",
        "PMNTN_LT" : 0.06,
        "PMNTN_DFFL" : "쉬움",
        "PMNTN_UPPL" : 1,
        "PMNTN_GODN" : 1,
        "PMNTN_MTRQ" : "토사",
        "PMNTN_CNRL" : " ",
        "PMNTN_CLS_" : " ",
        "PMNTN_RISK" : " ",
        "PMNTN_RECO" : " ",
        "DATA_STDR_" : "2016-12-31",
        "MNTN_ID" : "115000701"
      },
      "geometry" : {
        "paths" : [
          [
            [
              184642.9512000028,
              549870.49960000068
            ],
            [
              184642.9512000028,
              549870.49960000068
            ],
            [
              184639.31200000085,
              549881.26050000452
            ],
            [
              184641.74370000046,
              549887.85840000398
            ],
            [
              184646.33990000095,
              549892.52070000023
            ],
            [
              184647.41850000061,
              549903.00310000032
            ],
            [
              184646.81390000321,
              549912.56039999984
            ],
            [
              184647.9829000039,
              549923.88920000196
            ],
            [
              184645.42700000294,
              549927.62440000102
            ]
          ]
        ]
      }
    },
    {
      "attributes" : {
        "FID" : 23,
        "PMNTN_SN" : 33529,
        "MNTN_CODE" : "115000701",
        "MNTN_NM" : "수명산",
        "PMNTN_NM" : "내발산동구간",
        "PMNTN_MAIN" : " ",
        "PMNTN_LT" : 0.2,
        "PMNTN_DFFL" : "쉬움",
        "PMNTN_UPPL" : 4,
        "PMNTN_GODN" : 2,
        "PMNTN_MTRQ" : "토사",
        "PMNTN_CNRL" : " ",
        "PMNTN_CLS_" : " ",
        "PMNTN_RISK" : " ",
        "PMNTN_RECO" : " ",
        "DATA_STDR_" : "2016-12-31",
        "MNTN_ID" : "115000701"
      },
      "geometry" : {
        "paths" : [
          [
            [
              184797.29030000046,
              550141.37800000049
            ],
            [
              184793.916000003,
              550135.07680000179
            ],
            [
              184802.81700000074,
              550105.6446000021
            ],
            [
              184810.54980000015,
              550097.60199999809
            ],
            [
              184816.42530000117,
              550082.40890000202
            ],
            [
              184814.52350000292,
              550030.74379999936
            ],
            [
              184817.40950000007,
              550021.16579999961
            ],
            [
              184817.24560000189,
              550000.36470000446
            ],
            [
              184813.77650000062,
              549978.63930000179
            ],
            [
              184804.45580000151,
              549964.9718000032
            ],
            [
              184792.98090000078,
              549955.97819999978
            ]
          ]
        ]
      }
    }
  ]
}