{
  "displayFieldName" : "",
  "fieldAliases" : {
    "FID" : "FID",
    "PMNTN_SN" : "PMNTN_SN",
    "MNTN_CODE" : "MNTN_CODE",
    "MNTN_NM" : "MNTN_NM",
    "PMNTN_NM" : "PMNTN_NM",
    "PMNTN_MAIN" : "PMNTN_MAIN",
    "PMNTN_LT" : "PMNTN_LT",
    "PMNTN_DFFL" : "PMNTN_DFFL",
    "PMNTN_UPPL" : "PMNTN_UPPL",
    "PMNTN_GODN" : "PMNTN_GODN",
    "PMNTN_MTRQ" : "PMNTN_MTRQ",
    "PMNTN_CNRL" : "PMNTN_CNRL",
    "PMNTN_CLS_" : "PMNTN_CLS_",
    "PMNTN_RISK" : "PMNTN_RISK",
    "PMNTN_RECO" : "PMNTN_RECO",
    "DATA_STDR_" : "DATA_STDR_",
    "MNTN_ID" : "MNTN_ID"
  },
  "geometryType" : "esriGeometryPolyline",
  "spatialReference" : {
    "wkt" : "PROJCS[\"PCS_ITRF2000_TM\",GEOGCS[\"GCS_ITRF_2000\",DATUM[\"D_ITRF_2000\",SPHEROID[\"GRS_1980\",6378137.0,298.257222101]],PRIMEM[\"Greenwich\",0.0],UNIT[\"Degree\",0.0174532925199433]],PROJECTION[\"Transverse_Mercator\"],PARAMETER[\"False_Easting\",200000.0],PARAMETER[\"False_Northing\",600000.0],PARAMETER[\"Central_Meridian\",127.0],PARAMETER[\"Scale_Factor\",1.0],PARAMETER[\"Latitude_Of_Origin\",38.0],UNIT[\"Meter\",1.0]]"
  },
  "fields" : [
    {
      "name" : "FID",
      "type" : "esriFieldTypeOID",
      "alias" : "FID"
    },
    {
      "name" : "PMNTN_SN",
      "type" : "esriFieldTypeDouble",
      "alias" : "PMNTN_SN"
    },
    {
      "name" : "MNTN_CODE",
      "type" : "esriFieldTypeString",
      "alias" : "MNTN_CODE",
      "length" : 9
    },
    {
      "name" : "MNTN_NM",
      "type" : "esriFieldTypeString",
      "alias" : "MNTN_NM",
      "length" : 50
    },
    {
      "name" : "PMNTN_NM",
      "type" : "esriFieldTypeString",
      "alias" : "PMNTN_NM",
      "length" : 50
    },
    {
      "name" : "PMNTN_MAIN",
      "type" : "esriFieldTypeString",
      "alias" : "PMNTN_MAIN",
      "length" : 200
    },
    {
      "name" : "PMNTN_LT",
      "type" : "esriFieldTypeSingle",
      "alias" : "PMNTN_LT"
    },
    {
      "name" : "PMNTN_DFFL",
      "type" : "esriFieldTypeString",
      "alias" : "PMNTN_DFFL",
      "length" : 8
    },
    {
      "name" : "PMNTN_UPPL",
      "type" : "esriFieldTypeDouble",
      "alias" : "PMNTN_UPPL"
    },
    {
      "name" : "PMNTN_GODN",
      "type" : "esriFieldTypeDouble",
      "alias" : "PMNTN_GODN"
    },
    {
      "name" : "PMNTN_MTRQ",
      "type" : "esriFieldTypeString",
      "alias" : "PMNTN_MTRQ",
      "length" : 200
    },
    {
      "name" : "PMNTN_CNRL",
      "type" : "esriFieldTypeString",
      "alias" : "PMNTN_CNRL",
      "length" : 1
    },
    {
      "name" : "PMNTN_CLS_",
      "type" : "esriFieldTypeString",
      "alias" : "PMNTN_CLS_",
      "length" : 1
    },
    {
      "name" : "PMNTN_RISK",
      "type" : "esriFieldTypeString",
      "alias" : "PMNTN_RISK",
      "length" : 200
    },
    {
      "name" : "PMNTN_RECO",
      "type" : "esriFieldTypeString",
      "alias" : "PMNTN_RECO",
      "length" : 1
    },
    {
      "name" : "DATA_STDR_",
      "type" : "esriFieldTypeString",
      "alias" : "DATA_STDR_",
      "length" : 10
    },
    {
      "name" : "MNTN_ID",
      "type" : "esriFieldTypeString",
      "alias" : "MNTN_ID",
      "length" : 10
    }
  ],
  "features" : [
    {
      "attributes" : {
        "FID" : 0,
        "PMNTN_SN" : 28201,
        "MNTN_CODE" : "487204501",
        "MNTN_NM" : "비룡산",
        "PMNTN_NM" : "정곡리구간",
        "PMNTN_MAIN" : " ",
        "PMNTN_LT" : 1.03,
        "PMNTN_DFFL" : "쉬움",
        "PMNTN_UPPL" : 18,
        "PMNTN_GODN" : 13,
        "PMNTN_MTRQ" : " ",
        "PMNTN_CNRL" : " ",
        "PMNTN_CLS_" : " ",
        "PMNTN_RISK" : " ",
        "PMNTN_RECO" : " ",
        "DATA_STDR_" : "2016-12-31",
        "MNTN_ID" : "487202301"
      },
      "geometry" : {
        "paths" : [
          [
            [
              328093.23579999991,
              321368.64650000259
            ],
            [
              328092.2006000001,
              321371.27880000137
            ],
            [
              328091.45590000134,
              321374.09259999916
            ],
            [
              328091.22620000131,
              321379.87350000069
            ],
            [
              328103.64900000114,
              321390.06350000203
            ],
            [
              328109.15789999999,
              321394.58229999989
            ],
            [
              328111.80620000139,
              321398.53960000165
            ],
            [
              328114.33839999977,
              321406.45780000277
            ],
            [
              328114.04420000128,
              321420.59390000254
            ],
            [
              328114.87450000085,
              321430.88150000013
            ],
            [
              328113.81640000083,
              321441.87460000068
            ],
            [
              328109.87700000219,
              321457.01160000265
            ],
            [
              328105.76080000028,
              321472.37280000187
            ],
            [
              328098.40940000024,
              321489.00300000235
            ],
            [
              328093.57400000002,
              321498.47300000302
            ],
            [
              328084.13600000087,
              321506.6969000008
            ],
            [
              328076.30659999978,
              321512.82719999924
            ],
            [
              328072.08380000107,
              321523.11050000042
            ],
            [
              328065.29179999977,
              321530.87110000104
            ],
            [
              328060.61300000083,
              321534.31130000204
            ],
            [
              328051.77670000028,
              321537.11499999836
            ],
            [
              328045.03380000032,
              321543.34480000287
            ],
            [
              328040.88950000051,
              321546.2266000025
            ],
            [
              328032.21339999977,
              321551.79620000161
            ],
            [
              328021.89219999965,
              321556.87610000372
            ],
            [
              328013.31990000047,
              321561.53710000217
            ],
            [
              327999.72190000117,
              321564.69460000098
            ],
            [
              327985.17970000021,
              321569.76980000176
            ],
            [
              327976.92840000056,
              321579.2853000015
            ],
            [
              327973.47870000172,
              321584.06489999965
            ],
            [
              327969.07410000078,
              321586.87869999744
            ],
            [
              327963.67330000084,
              321589.25
            ],
            [
              327959.37800000049,
              321590.33290000074
            ],
            [
              327945.51510000229,
              321595.51769999973
            ],
            [
              327939.63680000138,
              321600.32819999941
            ],
            [
              327925.19759999868,
              321611.55340000242
            ],
            [
              327910.69379999954,
              321624.12060000002
            ],
            [
              327893.69060000032,
              321636.59119999968
            ],
            [
              327881.86149999965,
              321652.25420000032
            ],
            [
              327872.17660000082,
              321660.47300000116
            ],
            [
              327858.43330000062,
              321669.37759999931
            ],
            [
              327845.68250000011,
              321682.52490000054
            ],
            [
              327830.09399999958,
              321698.60600000247
            ],
            [
              327827.52130000107,
              321702.05420000292
            ],
            [
              327817.04400000069,
              321710.46160000004
            ],
            [
              327797.6034000013,
              321729.32899999991
            ],
            [
              327789.82820000034,
              321738.58520000055
            ],
            [
              327779.95970000047,
              321751.41840000264
            ],
            [
              327765.62680000067,
              321766.67410000227
            ],
            [
              327759.33770000096,
              321779.30310000107
            ],
            [
              327756.85580000002,
              321786.89790000208
            ],
            [
              327753.94560000114,
              321799.05900000036
            ],
            [
              327750.56060000043,
              321810.46419999935
            ],
            [
              327747.1456000004,
              321816.33090000227
            ],
            [
              327738.08349999972,
              321840.74010000005
            ],
            [
              327735.08010000084,
              321845.11449999921
            ],
            [
              327730.26630000118,
              321852.31530000269
            ],
            [
              327725.19700000063,
              321864.71759999916
            ],
            [
              327718.76699999999,
              321877.0449000001
            ],
            [
              327713.50459999964,
              321890.25470000133
            ],
            [
              327712.65860000066,
              321909.49820000306
            ],
            [
              327710.25280000083,
              321924.81290000118
            ],
            [
              327708.33620000072,
              321939.55740000121
            ],
            [
              327706.66380000021,
              321944.80529999919
            ],
            [
              327705.60400000121,
              321959.30680000037
            ],
            [
              327703.03720000014,
              321971.26750000007
            ],
            [
              327698.96439999994,
              321982.21900000423
            ],
            [
              327691.8777999999,
              321995.09200000204
            ],
            [
              327686.38860000018,
              322002.56060000136
            ],
            [
              327679.70260000136,
              322014.39609999955
            ],
            [
              327672.56150000077,
              322035.88060000353
            ],
            [
              327668.39199999999,
              322042.4691000022
            ],
            [
              327668.91660000104,
              322047.70380000211
            ],
            [
              327673.10930000059,
              322056.05399999954
            ],
            [
              327672.20739999972,
              322070.61879999936
            ],
            [
              327665.78110000025,
              322083.02950000204
            ],
            [
              327660.72030000202,
              322087.82960000262
            ],
            [
              327656.01870000083,
              322090.99220000207
            ],
            [
              327652.54090000223,
              322092.99590000138
            ],
            [
              327647.27670000121,
              322092.95419999957
            ],
            [
              327637.24380000029,
              322100.15840000287
            ],
            [
              327637.03100000229,
              322113.19590000249
            ],
            [
              327639.19810000062,
              322126.10080000013
            ],
            [
              327641.39180000033,
              322133.32379999943
            ],
            [
              327642.06759999972,
              322137.1790000014
            ],
            [
              327641.43520000111,
              322150.03839999996
            ],
            [
              327635.96659999993,
              322156.70830000006
            ],
            [
              327633.56549999956,
              322168.51600000262
            ],
            [
              327633.2778000012,
              322175.9700000044
            ],
            [
              327634.72980000079,
              322179.49780000187
            ]
          ]
        ]
      }
    },
    {
      "attributes" : {
        "FID" : 1,
        "PMNTN_SN" : 28202,
        "MNTN_CODE" : "487204501",
        "MNTN_NM" : "비룡산",
        "PMNTN_NM" : "정곡리구간",
        "PMNTN_MAIN" : " ",
        "PMNTN_LT" : 0.06,
        "PMNTN_DFFL" : "쉬움",
        "PMNTN_UPPL" : 1,
        "PMNTN_GODN" : 1,
        "PMNTN_MTRQ" : " ",
        "PMNTN_CNRL" : " ",
        "PMNTN_CLS_" : " ",
        "PMNTN_RISK" : " ",
        "PMNTN_RECO" : " ",
        "DATA_STDR_" : "2016-12-31",
        "MNTN_ID" : "487202301"
      },
      "geometry" : {
        "paths" : [
          [
            [
              327634.72980000079,
              322179.49780000187
            ],
            [
              327631.52530000079,
              322180.81450000405
            ],
            [
              327628.00040000118,
              322182.53590000048
            ],
            [
              327619.36870000232,
              322187.66940000281
            ],
            [
              327616.25349999964,
              322194.80560000427
            ],
            [
              327613.20070000086,
              322202.9804999996
            ],
            [
              327606.58470000047,
              322207.6863000039
            ],
            [
              327602.24569999985,
              322212.16370000131
            ],
            [
              327595.34200000111,
              322218.26940000243
            ],
            [
              327588.45990000013,
              322219.02599999867
            ]
          ]
        ]
      }
    },
    {
      "attributes" : {
        "FID" : 2,
        "PMNTN_SN" : 28203,
        "MNTN_CODE" : "487204501",
        "MNTN_NM" : "비룡산",
        "PMNTN_NM" : "정곡리구간",
        "PMNTN_MAIN" : " ",
        "PMNTN_LT" : 0.91,
        "PMNTN_DFFL" : "쉬움",
        "PMNTN_UPPL" : 16,
        "PMNTN_GODN" : 11,
        "PMNTN_MTRQ" : " ",
        "PMNTN_CNRL" : " ",
        "PMNTN_CLS_" : " ",
        "PMNTN_RISK" : " ",
        "PMNTN_RECO" : " ",
        "DATA_STDR_" : "2016-12-31",
        "MNTN_ID" : "487202301"
      },
      "geometry" : {
        "paths" : [
          [
            [
              327634.72980000079,
              322179.49780000187
            ],
            [
              327637.81720000226,
              322184.19189999998
            ],
            [
              327638.85020000115,
              322193.56250000186
            ],
            [
              327638.60700000077,
              322196.93850000203
            ],
            [
              327640.50360000134,
              322209.0792999994
            ],
            [
              327637.77340000123,
              322212.76940000243
            ],
            [
              327631.89570000116,
              322220.12160000019
            ],
            [
              327624.41349999979,
              322226.69630000181
            ],
            [
              327617.61160000134,
              322235.21169999987
            ],
            [
              327610.77799999993,
              322243.40479999967
            ],
            [
              327601.07600000128,
              322256.70680000447
            ],
            [
              327593.80389999971,
              322263.1846000012
            ],
            [
              327584.51840000134,
              322271.46490000188
            ],
            [
              327577.32639999967,
              322283.16000000201
            ],
            [
              327565.49510000087,
              322290.78820000403
            ],
            [
              327551.99280000106,
              322292.08880000189
            ],
            [
              327548.46879999992,
              322295.43469999917
            ],
            [
              327545.99450000096,
              322297.08640000224
            ],
            [
              327538.3880000012,
              322302.83259999938
            ],
            [
              327530.12550000008,
              322314.49580000155
            ],
            [
              327526.0727000013,
              322316.40810000151
            ],
            [
              327528.92310000118,
              322319.63830000162
            ],
            [
              327525.53280000202,
              322322.77640000358
            ],
            [
              327522.70289999992,
              322330.28300000168
            ],
            [
              327520.09640000109,
              322338.68060000241
            ],
            [
              327517.21389999986,
              322342.86810000241
            ],
            [
              327512.17509999964,
              322350.60410000198
            ],
            [
              327509.83170000184,
              322355.82580000162
            ],
            [
              327508.25200000033,
              322363.50550000183
            ],
            [
              327502.66810000036,
              322382.7592999991
            ],
            [
              327496.96570000052,
              322393.75990000367
            ],
            [
              327493.46009999979,
              322399.64200000092
            ],
            [
              327482.62530000135,
              322410.93030000292
            ],
            [
              327479.9609000003,
              322412.54600000195
            ],
            [
              327471.13650000188,
              322421.60990000144
            ],
            [
              327459.34659999888,
              322427.3021000009
            ],
            [
              327448.57110000215,
              322434.41829999909
            ],
            [
              327439.83110000007,
              322450.95260000043
            ],
            [
              327433.57129999995,
              322453.92670000345
            ],
            [
              327427.87600000016,
              322460.60459999926
            ],
            [
              327422.78910000063,
              322470.14340000413
            ],
            [
              327416.23260000069,
              322479.61690000072
            ],
            [
              327410.98030000087,
              322486.42320000194
            ],
            [
              327407.91630000062,
              322490.29740000144
            ],
            [
              327398.09720000066,
              322509.00269999914
            ],
            [
              327394.54719999991,
              322516.09960000031
            ],
            [
              327386.16930000111,
              322523.77150000073
            ],
            [
              327369.33509999979,
              322534.41970000416
            ],
            [
              327362.23300000001,
              322539.8235000018
            ],
            [
              327356.13999999966,
              322542.56700000167
            ],
            [
              327351.25669999979,
              322552.15310000256
            ],
            [
              327350.40810000058,
              322555.65919999965
            ],
            [
              327349.61510000005,
              322559.08839999884
            ],
            [
              327346.54909999948,
              322562.78500000015
            ],
            [
              327346.00439999998,
              322566.62829999998
            ],
            [
              327345.95400000177,
              322571.4553999994
            ],
            [
              327341.30060000159,
              322581.15030000173
            ],
            [
              327332.40469999984,
              322594.94669999927
            ],
            [
              327324.90460000001,
              322598.97980000265
            ],
            [
              327315.59320000093,
              322600.17930000275
            ],
            [
              327311.56270000059,
              322600.53820000216
            ],
            [
              327297.91780000087,
              322602.9691000022
            ],
            [
              327294.03870000131,
              322602.57000000216
            ],
            [
              327273.29200000037,
              322611.35370000266
            ],
            [
              327259.12240000069,
              322613.35000000335
            ],
            [
              327249.08610000089,
              322608.7127000019
            ],
            [
              327242.16990000103,
              322604.23059999943
            ],
            [
              327231.43750000093,
              322605.14370000176
            ],
            [
              327218.19530000072,
              322618.54000000283
            ],
            [
              327213.86799999978,
              322619.02240000106
            ],
            [
              327205.98010000214,
              322624.80370000191
            ],
            [
              327202.92800000124,
              322627.53490000404
            ],
            [
              327198.25050000194,
              322630.30970000103
            ],
            [
              327193.45310000051,
              322636.41230000369
            ],
            [
              327191.15570000093,
              322640.96320000105
            ],
            [
              327186.83090000134,
              322647.67180000246
            ],
            [
              327184.50129999965,
              322649.37010000087
            ],
            [
              327181.80829999968,
              322654.9365000017
            ],
            [
              327175.84649999999,
              322663.15340000018
            ],
            [
              327173.30799999926,
              322666.7798999995
            ],
            [
              327166.6875,
              322677.28480000421
            ],
            [
              327156.82670000102,
              322684.26450000145
            ],
            [
              327152.51180000231,
              322689.31399999931
            ],
            [
              327146.67170000076,
              322688.95370000042
            ],
            [
              327136.7396999998,
              322688.47980000079
            ],
            [
              327132.78910000157,
              322693.11830000021
            ],
            [
              327118.50109999999,
              322695.80120000243
            ],
            [
              327107.61950000189,
              322690.92460000329
            ],
            [
              327100.24700000137,
              322693.33369999751
            ],
            [
              327097.25300000049,
              322693.24690000154
            ],
            [
              327086.52210000064,
              322695.34769999981
            ],
            [
              327079.2137000002,
              322698.04079999961
            ],
            [
              327068.81340000033,
              322691.54509999976
            ],
            [
              327064.65490000043,
              322689.08890000172
            ],
            [
              327061.30020000041,
              322687.55420000292
            ],
            [
              327057.7901000008,
              322684.81860000081
            ],
            [
              327047.58359999955,
              322685.14010000043
            ],
            [
              327043.85200000182,
              322683.94400000386
            ],
            [
              327035.40970000066,
              322680.18410000205
            ],
            [
              327028.00240000058,
              322679.61300000176
            ],
            [
              327023.37260000221,
              322679.02580000088
            ]
          ]
        ]
      }
    }
  ]
}