{
  "displayFieldName" : "",
  "fieldAliases" : {
    "FID" : "FID",
    "PMNTN_SPOT" : "PMNTN_SPOT",
    "MNTN_CODE" : "MNTN_CODE",
    "MANAGE_SP1" : "MANAGE_SP1",
    "MANAGE_SP2" : "MANAGE_SP2",
    "DETAIL_SPO" : "DETAIL_SPO",
    "ETC_MATTER" : "ETC_MATTER",
    "MNTN_NM" : "MNTN_NM",
    "PAST_SPOT_" : "PAST_SPOT_",
    "MNTN_ID" : "MNTN_ID"
  },
  "geometryType" : "esriGeometryPoint",
  "spatialReference" : {
    "wkt" : "PROJCS[\"PCS_ITRF2000_TM\",GEOGCS[\"GCS_ITRF_2000\",DATUM[\"D_ITRF_2000\",SPHEROID[\"GRS_1980\",6378137.0,298.257222101]],PRIMEM[\"Greenwich\",0.0],UNIT[\"Degree\",0.0174532925199433]],PROJECTION[\"Transverse_Mercator\"],PARAMETER[\"False_Easting\",200000.0],PARAMETER[\"False_Northing\",600000.0],PARAMETER[\"Central_Meridian\",127.0],PARAMETER[\"Scale_Factor\",1.0],PARAMETER[\"Latitude_Of_Origin\",38.0],UNIT[\"Meter\",1.0]]"
  },
  "fields" : [
    {
      "name" : "FID",
      "type" : "esriFieldTypeOID",
      "alias" : "FID"
    },
    {
      "name" : "PMNTN_SPOT",
      "type" : "esriFieldTypeDouble",
      "alias" : "PMNTN_SPOT"
    },
    {
      "name" : "MNTN_CODE",
      "type" : "esriFieldTypeString",
      "alias" : "MNTN_CODE",
      "length" : 9
    },
    {
      "name" : "MANAGE_SP1",
      "type" : "esriFieldTypeString",
      "alias" : "MANAGE_SP1",
      "length" : 2
    },
    {
      "name" : "MANAGE_SP2",
      "type" : "esriFieldTypeString",
      "alias" : "MANAGE_SP2",
      "length" : 50
    },
    {
      "name" : "DETAIL_SPO",
      "type" : "esriFieldTypeString",
      "alias" : "DETAIL_SPO",
      "length" : 200
    },
    {
      "name" : "ETC_MATTER",
      "type" : "esriFieldTypeString",
      "alias" : "ETC_MATTER",
      "length" : 200
    },
    {
      "name" : "MNTN_NM",
      "type" : "esriFieldTypeString",
      "alias" : "MNTN_NM",
      "length" : 50
    },
    {
      "name" : "PAST_SPOT_",
      "type" : "esriFieldTypeString",
      "alias" : "PAST_SPOT_",
      "length" : 14
    },
    {
      "name" : "MNTN_ID",
      "type" : "esriFieldTypeString",
      "alias" : "MNTN_ID",
      "length" : 10
    }
  ],
  "features" : [
    {
      "attributes" : {
        "FID" : 0,
        "PMNTN_SPOT" : 27613,
        "MNTN_CODE" : "468203501",
        "MANAGE_SP1" : "99",
        "MANAGE_SP2" : "기타",
        "DETAIL_SPO" : "삼각점",
        "ETC_MATTER" : " ",
        "MNTN_NM" : "매봉산",
        "PAST_SPOT_" : "4682035010001",
        "MNTN_ID" : "468203501"
      },
      "geometry" : {
        "x" : 135491.58870000206,
        "y" : 240240.69700000063
      }
    },
    {
      "attributes" : {
        "FID" : 1,
        "PMNTN_SPOT" : 27614,
        "MNTN_CODE" : "468203501",
        "MANAGE_SP1" : "01",
        "MANAGE_SP2" : "시종점",
        "DETAIL_SPO" : "부동마을",
        "ETC_MATTER" : " ",
        "MNTN_NM" : "매봉산",
        "PAST_SPOT_" : "4682035010002",
        "MNTN_ID" : "468203501"
      },
      "geometry" : {
        "x" : 136213.86340000108,
        "y" : 238665.8367999997
      }
    },
    {
      "attributes" : {
        "FID" : 2,
        "PMNTN_SPOT" : 27615,
        "MNTN_CODE" : "468203501",
        "MANAGE_SP1" : "01",
        "MANAGE_SP2" : "시종점",
        "DETAIL_SPO" : "시종점",
        "ETC_MATTER" : " ",
        "MNTN_NM" : "매봉산",
        "PAST_SPOT_" : "4682035010003",
        "MNTN_ID" : "468203501"
      },
      "geometry" : {
        "x" : 134610.38879999984,
        "y" : 239382.78140000254
      }
    },
    {
      "attributes" : {
        "FID" : 3,
        "PMNTN_SPOT" : 27616,
        "MNTN_CODE" : "468203501",
        "MANAGE_SP1" : "02",
        "MANAGE_SP2" : "분기점",
        "DETAIL_SPO" : "분기점",
        "ETC_MATTER" : " ",
        "MNTN_NM" : "매봉산",
        "PAST_SPOT_" : "4682035010004",
        "MNTN_ID" : "468203501"
      },
      "geometry" : {
        "x" : 134821.38690000027,
        "y" : 239051.67510000244
      }
    },
    {
      "attributes" : {
        "FID" : 4,
        "PMNTN_SPOT" : 27617,
        "MNTN_CODE" : "468203501",
        "MANAGE_SP1" : "01",
        "MANAGE_SP2" : "시종점",
        "DETAIL_SPO" : "시종점",
        "ETC_MATTER" : " ",
        "MNTN_NM" : "매봉산",
        "PAST_SPOT_" : "4682035010005",
        "MNTN_ID" : "468203501"
      },
      "geometry" : {
        "x" : 134824.46670000069,
        "y" : 236649.58010000177
      }
    },
    {
      "attributes" : {
        "FID" : 5,
        "PMNTN_SPOT" : 27618,
        "MNTN_CODE" : "468203501",
        "MANAGE_SP1" : "02",
        "MANAGE_SP2" : "분기점",
        "DETAIL_SPO" : "분기점",
        "ETC_MATTER" : " ",
        "MNTN_NM" : "매봉산",
        "PAST_SPOT_" : "4682035010006",
        "MNTN_ID" : "468203501"
      },
      "geometry" : {
        "x" : 135491.95420000143,
        "y" : 240241.51030000113
      }
    },
    {
      "attributes" : {
        "FID" : 6,
        "PMNTN_SPOT" : 27619,
        "MNTN_CODE" : "468203501",
        "MANAGE_SP1" : "01",
        "MANAGE_SP2" : "시종점",
        "DETAIL_SPO" : "시종점",
        "ETC_MATTER" : " ",
        "MNTN_NM" : "매봉산",
        "PAST_SPOT_" : "4682035010007",
        "MNTN_ID" : "468203501"
      },
      "geometry" : {
        "x" : 135579.74549999926,
        "y" : 240895.40850000083
      }
    },
    {
      "attributes" : {
        "FID" : 7,
        "PMNTN_SPOT" : 27620,
        "MNTN_CODE" : "468203501",
        "MANAGE_SP1" : "01",
        "MANAGE_SP2" : "시종점",
        "DETAIL_SPO" : "시종점",
        "ETC_MATTER" : " ",
        "MNTN_NM" : "매봉산",
        "PAST_SPOT_" : "4682035010008",
        "MNTN_ID" : "468203501"
      },
      "geometry" : {
        "x" : 135821.51230000053,
        "y" : 240870.01270000264
      }
    },
    {
      "attributes" : {
        "FID" : 8,
        "PMNTN_SPOT" : 27621,
        "MNTN_CODE" : "468203501",
        "MANAGE_SP1" : "01",
        "MANAGE_SP2" : "시종점",
        "DETAIL_SPO" : "시종점",
        "ETC_MATTER" : " ",
        "MNTN_NM" : "매봉산",
        "PAST_SPOT_" : "4682035010009",
        "MNTN_ID" : "468203501"
      },
      "geometry" : {
        "x" : 135849.16380000114,
        "y" : 240578.75249999948
      }
    },
    {
      "attributes" : {
        "FID" : 9,
        "PMNTN_SPOT" : 27622,
        "MNTN_CODE" : "468203501",
        "MANAGE_SP1" : "02",
        "MANAGE_SP2" : "분기점",
        "DETAIL_SPO" : "분기점",
        "ETC_MATTER" : " ",
        "MNTN_NM" : "매봉산",
        "PAST_SPOT_" : "4682035010010",
        "MNTN_ID" : "468203501"
      },
      "geometry" : {
        "x" : 135885.59050000086,
        "y" : 240757.84840000421
      }
    },
    {
      "attributes" : {
        "FID" : 10,
        "PMNTN_SPOT" : 27623,
        "MNTN_CODE" : "468203501",
        "MANAGE_SP1" : "01",
        "MANAGE_SP2" : "시종점",
        "DETAIL_SPO" : "시종점",
        "ETC_MATTER" : " ",
        "MNTN_NM" : "매봉산",
        "PAST_SPOT_" : "4682035010011",
        "MNTN_ID" : "468203501"
      },
      "geometry" : {
        "x" : 136383.00000000093,
        "y" : 240405.14110000059
      }
    },
    {
      "attributes" : {
        "FID" : 11,
        "PMNTN_SPOT" : 27624,
        "MNTN_CODE" : "468203501",
        "MANAGE_SP1" : "01",
        "MANAGE_SP2" : "시종점",
        "DETAIL_SPO" : "시종점",
        "ETC_MATTER" : " ",
        "MNTN_NM" : "매봉산",
        "PAST_SPOT_" : "4682035010012",
        "MNTN_ID" : "468203501"
      },
      "geometry" : {
        "x" : 136397.82130000181,
        "y" : 239926.4328000024
      }
    },
    {
      "attributes" : {
        "FID" : 12,
        "PMNTN_SPOT" : 27625,
        "MNTN_CODE" : "468203501",
        "MANAGE_SP1" : "01",
        "MANAGE_SP2" : "시종점",
        "DETAIL_SPO" : "시종점",
        "ETC_MATTER" : " ",
        "MNTN_NM" : "매봉산",
        "PAST_SPOT_" : "4682035010013",
        "MNTN_ID" : "468203501"
      },
      "geometry" : {
        "x" : 136543.72539999988,
        "y" : 239858.6101000011
      }
    },
    {
      "attributes" : {
        "FID" : 13,
        "PMNTN_SPOT" : 27626,
        "MNTN_CODE" : "468203501",
        "MANAGE_SP1" : "02",
        "MANAGE_SP2" : "분기점",
        "DETAIL_SPO" : "분기점",
        "ETC_MATTER" : " ",
        "MNTN_NM" : "매봉산",
        "PAST_SPOT_" : "4682035010014",
        "MNTN_ID" : "468203501"
      },
      "geometry" : {
        "x" : 136589.46010000072,
        "y" : 240188.34770000167
      }
    }
  ]
}