{
  "displayFieldName" : "",
  "fieldAliases" : {
    "FID" : "FID",
    "PMNTN_SN" : "PMNTN_SN",
    "MNTN_CODE" : "MNTN_CODE",
    "MNTN_NM" : "MNTN_NM",
    "PMNTN_NM" : "PMNTN_NM",
    "PMNTN_MAIN" : "PMNTN_MAIN",
    "PMNTN_LT" : "PMNTN_LT",
    "PMNTN_DFFL" : "PMNTN_DFFL",
    "PMNTN_UPPL" : "PMNTN_UPPL",
    "PMNTN_GODN" : "PMNTN_GODN",
    "PMNTN_MTRQ" : "PMNTN_MTRQ",
    "PMNTN_CNRL" : "PMNTN_CNRL",
    "PMNTN_CLS_" : "PMNTN_CLS_",
    "PMNTN_RISK" : "PMNTN_RISK",
    "PMNTN_RECO" : "PMNTN_RECO",
    "DATA_STDR_" : "DATA_STDR_",
    "MNTN_ID" : "MNTN_ID"
  },
  "geometryType" : "esriGeometryPolyline",
  "spatialReference" : {
    "wkt" : "PROJCS[\"PCS_ITRF2000_TM\",GEOGCS[\"GCS_ITRF_2000\",DATUM[\"D_ITRF_2000\",SPHEROID[\"GRS_1980\",6378137.0,298.257222101]],PRIMEM[\"Greenwich\",0.0],UNIT[\"Degree\",0.0174532925199433]],PROJECTION[\"Transverse_Mercator\"],PARAMETER[\"False_Easting\",200000.0],PARAMETER[\"False_Northing\",600000.0],PARAMETER[\"Central_Meridian\",127.0],PARAMETER[\"Scale_Factor\",1.0],PARAMETER[\"Latitude_Of_Origin\",38.0],UNIT[\"Meter\",1.0]]"
  },
  "fields" : [
    {
      "name" : "FID",
      "type" : "esriFieldTypeOID",
      "alias" : "FID"
    },
    {
      "name" : "PMNTN_SN",
      "type" : "esriFieldTypeDouble",
      "alias" : "PMNTN_SN"
    },
    {
      "name" : "MNTN_CODE",
      "type" : "esriFieldTypeString",
      "alias" : "MNTN_CODE",
      "length" : 9
    },
    {
      "name" : "MNTN_NM",
      "type" : "esriFieldTypeString",
      "alias" : "MNTN_NM",
      "length" : 50
    },
    {
      "name" : "PMNTN_NM",
      "type" : "esriFieldTypeString",
      "alias" : "PMNTN_NM",
      "length" : 50
    },
    {
      "name" : "PMNTN_MAIN",
      "type" : "esriFieldTypeString",
      "alias" : "PMNTN_MAIN",
      "length" : 200
    },
    {
      "name" : "PMNTN_LT",
      "type" : "esriFieldTypeSingle",
      "alias" : "PMNTN_LT"
    },
    {
      "name" : "PMNTN_DFFL",
      "type" : "esriFieldTypeString",
      "alias" : "PMNTN_DFFL",
      "length" : 8
    },
    {
      "name" : "PMNTN_UPPL",
      "type" : "esriFieldTypeDouble",
      "alias" : "PMNTN_UPPL"
    },
    {
      "name" : "PMNTN_GODN",
      "type" : "esriFieldTypeDouble",
      "alias" : "PMNTN_GODN"
    },
    {
      "name" : "PMNTN_MTRQ",
      "type" : "esriFieldTypeString",
      "alias" : "PMNTN_MTRQ",
      "length" : 200
    },
    {
      "name" : "PMNTN_CNRL",
      "type" : "esriFieldTypeString",
      "alias" : "PMNTN_CNRL",
      "length" : 1
    },
    {
      "name" : "PMNTN_CLS_",
      "type" : "esriFieldTypeString",
      "alias" : "PMNTN_CLS_",
      "length" : 1
    },
    {
      "name" : "PMNTN_RISK",
      "type" : "esriFieldTypeString",
      "alias" : "PMNTN_RISK",
      "length" : 200
    },
    {
      "name" : "PMNTN_RECO",
      "type" : "esriFieldTypeString",
      "alias" : "PMNTN_RECO",
      "length" : 1
    },
    {
      "name" : "DATA_STDR_",
      "type" : "esriFieldTypeString",
      "alias" : "DATA_STDR_",
      "length" : 10
    },
    {
      "name" : "MNTN_ID",
      "type" : "esriFieldTypeString",
      "alias" : "MNTN_ID",
      "length" : 10
    }
  ],
  "features" : [
    {
      "attributes" : {
        "FID" : 0,
        "PMNTN_SN" : 39746,
        "MNTN_CODE" : "422305601",
        "MNTN_NM" : "와우산",
        "PMNTN_NM" : "갈천동구간",
        "PMNTN_MAIN" : " ",
        "PMNTN_LT" : 0.08,
        "PMNTN_DFFL" : "쉬움",
        "PMNTN_UPPL" : 1,
        "PMNTN_GODN" : 1,
        "PMNTN_MTRQ" : " ",
        "PMNTN_CNRL" : " ",
        "PMNTN_CLS_" : " ",
        "PMNTN_RISK" : " ",
        "PMNTN_RECO" : " ",
        "DATA_STDR_" : "2016-12-31",
        "MNTN_ID" : "422305601"
      },
      "geometry" : {
        "paths" : [
          [
            [
              391399.00970003661,
              543602.09220000729
            ],
            [
              391397.79190003593,
              543606.7424000036
            ],
            [
              391398.70940003358,
              543608.79250000603
            ],
            [
              391400.76740003657,
              543612.15320000798
            ],
            [
              391404.36740003619,
              543615.37590000406
            ],
            [
              391406.75220003724,
              543618.36240000464
            ],
            [
              391414.69240003545,
              543622.35340000689
            ],
            [
              391420.97950003948,
              543630.58430000581
            ],
            [
              391433.28430003673,
              543643.88580000773
            ],
            [
              391438.27600003686,
              543644.91860000603
            ],
            [
              391442.2331000343,
              543643.34610000812
            ],
            [
              391446.8440000359,
              543637.84670000523
            ],
            [
              391450.50585864764,
              543632.86655311659
            ]
          ]
        ]
      }
    },
    {
      "attributes" : {
        "FID" : 1,
        "PMNTN_SN" : 39747,
        "MNTN_CODE" : "422305601",
        "MNTN_NM" : "와우산",
        "PMNTN_NM" : "갈천동구간",
        "PMNTN_MAIN" : " ",
        "PMNTN_LT" : 0.27,
        "PMNTN_DFFL" : "쉬움",
        "PMNTN_UPPL" : 5,
        "PMNTN_GODN" : 3,
        "PMNTN_MTRQ" : " ",
        "PMNTN_CNRL" : " ",
        "PMNTN_CLS_" : " ",
        "PMNTN_RISK" : " ",
        "PMNTN_RECO" : " ",
        "DATA_STDR_" : "2016-12-31",
        "MNTN_ID" : "422305601"
      },
      "geometry" : {
        "paths" : [
          [
            [
              391368.75550003536,
              543715.75520000793
            ],
            [
              391368.66660003643,
              543715.75320000388
            ],
            [
              391368.66910003591,
              543715.64150000364
            ],
            [
              391387.25400003605,
              543707.96020000614
            ],
            [
              391389.6218000371,
              543701.46070000343
            ],
            [
              391396.59720003512,
              543702.0678000059
            ],
            [
              391408.14860003814,
              543719.54659999721
            ],
            [
              391415.24030003697,
              543726.71030000597
            ],
            [
              391425.98920003604,
              543745.3427000083
            ],
            [
              391430.03150003683,
              543747.26480000652
            ],
            [
              391433.26950003672,
              543747.10120000318
            ],
            [
              391440.68910003733,
              543744.17340000346
            ],
            [
              391452.87020003889,
              543741.67920000479
            ],
            [
              391458.24670003541,
              543735.02550000511
            ],
            [
              391466.97110003512,
              543730.23630000837
            ],
            [
              391469.92130003776,
              543727.66150000319
            ],
            [
              391477.36330003664,
              543725.39820000343
            ],
            [
              391481.8039000351,
              543723.14080000296
            ],
            [
              391486.75050003733,
              543721.27620000765
            ],
            [
              391494.53180003632,
              543719.58500000834
            ],
            [
              391501.13370003738,
              543707.93020000681
            ],
            [
              391499.96480003558,
              543700.80820000358
            ],
            [
              391498.84690003656,
              543693.99710000306
            ],
            [
              391497.70640003588,
              543687.64760000631
            ],
            [
              391495.37470003497,
              543676.30940000527
            ],
            [
              391487.92940003891,
              543659.77270000614
            ],
            [
              391478.55250003655,
              543650.36330000311
            ],
            [
              391470.16280003637,
              543647.7029000055
            ],
            [
              391463.56430003699,
              543642.18370000459
            ],
            [
              391455.70180003531,
              543634.31259999797
            ],
            [
              391450.50585864764,
              543632.86655311659
            ]
          ]
        ]
      }
    },
    {
      "attributes" : {
        "FID" : 2,
        "PMNTN_SN" : 39748,
        "MNTN_CODE" : "422305601",
        "MNTN_NM" : "와우산",
        "PMNTN_NM" : "갈천동구간",
        "PMNTN_MAIN" : " ",
        "PMNTN_LT" : 0.57,
        "PMNTN_DFFL" : "쉬움",
        "PMNTN_UPPL" : 10,
        "PMNTN_GODN" : 7,
        "PMNTN_MTRQ" : " ",
        "PMNTN_CNRL" : " ",
        "PMNTN_CLS_" : " ",
        "PMNTN_RISK" : " ",
        "PMNTN_RECO" : " ",
        "DATA_STDR_" : "2016-12-31",
        "MNTN_ID" : "422305601"
      },
      "geometry" : {
        "paths" : [
          [
            [
              391408.93290003948,
              543599.74260000326
            ],
            [
              391410.81590003613,
              543597.58570000343
            ],
            [
              391413.60000003688,
              543595.31550000608
            ],
            [
              391415.31460003741,
              543592.43260000646
            ],
            [
              391416.57550003566,
              543589.69290000573
            ],
            [
              391423.11390003562,
              543582.78000000492
            ],
            [
              391424.60530003533,
              543579.56579999812
            ],
            [
              391425.18120003771,
              543577.24750000611
            ],
            [
              391424.90370003693,
              543568.1041000057
            ],
            [
              391425.13180003315,
              543560.24060000665
            ],
            [
              391426.54150003754,
              543551.99760000594
            ],
            [
              391426.77990003768,
              543547.81880000792
            ],
            [
              391428.29200003948,
              543540.43210000359
            ],
            [
              391430.94210003689,
              543534.09790000506
            ],
            [
              391433.98950003646,
              543531.6716000028
            ],
            [
              391437.84200003557,
              543528.81270000339
            ],
            [
              391439.75590003934,
              543526.57160000689
            ],
            [
              391444.8309000358,
              543521.28800000809
            ],
            [
              391450.56410003733,
              543515.02040000632
            ],
            [
              391454.77620003745,
              543511.49380000681
            ],
            [
              391458.29610003717,
              543509.91000000574
            ],
            [
              391463.51070003584,
              543509.70810000412
            ],
            [
              391466.23910003528,
              543513.36050000787
            ],
            [
              391468.85090003721,
              543516.44250000641
            ],
            [
              391467.62060003541,
              543520.93360000476
            ],
            [
              391467.65540003497,
              543527.17460000701
            ],
            [
              391468.33020003885,
              543530.44560000487
            ],
            [
              391470.58690003585,
              543535.05990000628
            ],
            [
              391474.93920003623,
              543538.94170000404
            ],
            [
              391480.28790003527,
              543539.82840000838
            ],
            [
              391483.49130003341,
              543539.68670000322
            ],
            [
              391486.69160003774,
              543538.56000000425
            ],
            [
              391487.64560003765,
              543534.55780000426
            ],
            [
              391490.80970003642,
              543533.44460000657
            ],
            [
              391492.53840003628,
              543531.73050000146
            ],
            [
              391496.52690003719,
              543533.16900000162
            ],
            [
              391501.14790003747,
              543537.20640000701
            ],
            [
              391505.61190003343,
              543538.88240000606
            ],
            [
              391510.28760003671,
              543536.06670000777
            ],
            [
              391514.46180003509,
              543531.69440000504
            ],
            [
              391518.48700003605,
              543528.91080000624
            ],
            [
              391522.24450003449,
              543528.84440000542
            ],
            [
              391531.00760003645,
              543523.75510000437
            ],
            [
              391537.8543000361,
              543523.62150000595
            ],
            [
              391548.27620003559,
              543522.40970000625
            ],
            [
              391558.24550003838,
              543522.15650000796
            ],
            [
              391563.59440003708,
              543519.73830000684
            ],
            [
              391571.26570003759,
              543517.00560000539
            ],
            [
              391574.74570003711,
              543516.77650000714
            ],
            [
              391575.56490003783,
              543516.41440000758
            ],
            [
              391577.27260003705,
              543514.92810000293
            ],
            [
              391577.66050003562,
              543514.22160000354
            ],
            [
              391579.0461000381,
              543511.69780000485
            ],
            [
              391579.24670003913,
              543511.33240000345
            ],
            [
              391578.07390003558,
              543509.4110000059
            ],
            [
              391575.83840003796,
              543502.67750000581
            ],
            [
              391576.63970003743,
              543496.82010000385
            ],
            [
              391578.26140003558,
              543484.05340000801
            ],
            [
              391586.07940003555,
              543471.49520000815
            ],
            [
              391590.7078000363,
              543463.69770000502
            ],
            [
              391595.5455000354,
              543454.11600000598
            ],
            [
              391602.80850003567,
              543448.10010000691
            ],
            [
              391609.55050003529,
              543442.45910000801
            ],
            [
              391614.68560003862,
              543438.06960000284
            ],
            [
              391615.01340003591,
              543434.69240000471
            ],
            [
              391615.44380003493,
              543430.022700008
            ],
            [
              391615.16460003611,
              543428.21480000578
            ],
            [
              391614.39910003915,
              543425.27710000612
            ],
            [
              391613.06930003501,
              543421.81670000777
            ],
            [
              391614.71120003518,
              543417.9233000055
            ],
            [
              391616.96280003898,
              543415.04720000364
            ],
            [
              391616.97150003631,
              543411.11700000614
            ],
            [
              391618.14980003703,
              543402.51140000671
            ],
            [
              391620.74950003531,
              543397.23690000549
            ],
            [
              391620.57690003794,
              543383.43790000305
            ],
            [
              391614.11470003612,
              543368.65190000646
            ],
            [
              391611.58760003652,
              543363.59510000236
            ],
            [
              391609.43550003506,
              543358.5204999987
            ],
            [
              391608.21820003446,
              543355.65010000393
            ],
            [
              391608.49990003929,
              543352.27320000716
            ],
            [
              391609.3579000365,
              543347.84690000489
            ],
            [
              391609.49790003616,
              543347.12440000474
            ],
            [
              391608.20190003514,
              543342.23670000583
            ],
            [
              391606.46860003751,
              543339.84329999797
            ],
            [
              391603.8187000351,
              543335.10400000587
            ],
            [
              391602.07840003632,
              543327.9351000078
            ],
            [
              391603.06050003599,
              543322.19860000536
            ],
            [
              391603.92340003513,
              543316.80240000784
            ],
            [
              391606.39020003658,
              543310.60450000316
            ],
            [
              391613.16350003611,
              543296.21840000711
            ],
            [
              391621.77330003865,
              543275.77180000395
            ],
            [
              391626.8543000361,
              543255.32810000703
            ],
            [
              391629.5176000325,
              543237.17960000411
            ]
          ]
        ]
      }
    },
    {
      "attributes" : {
        "FID" : 3,
        "PMNTN_SN" : 39749,
        "MNTN_CODE" : "422305601",
        "MNTN_NM" : "와우산",
        "PMNTN_NM" : "갈천동구간",
        "PMNTN_MAIN" : " ",
        "PMNTN_LT" : 0.05,
        "PMNTN_DFFL" : "쉬움",
        "PMNTN_UPPL" : 1,
        "PMNTN_GODN" : 1,
        "PMNTN_MTRQ" : " ",
        "PMNTN_CNRL" : " ",
        "PMNTN_CLS_" : " ",
        "PMNTN_RISK" : " ",
        "PMNTN_RECO" : " ",
        "DATA_STDR_" : "2016-12-31",
        "MNTN_ID" : "422305601"
      },
      "geometry" : {
        "paths" : [
          [
            [
              391450.49920003675,
              543632.86470000446
            ],
            [
              391444.71510003787,
              543631.25490000471
            ],
            [
              391438.54530003574,
              543627.21050000563
            ],
            [
              391429.94810003601,
              543621.57970000431
            ],
            [
              391425.83990003821,
              543616.11740000732
            ],
            [
              391418.496900036,
              543605.18320000544
            ],
            [
              391408.93290003948,
              543599.74260000326
            ]
          ]
        ]
      }
    },
    {
      "attributes" : {
        "FID" : 4,
        "PMNTN_SN" : 39750,
        "MNTN_CODE" : "422305601",
        "MNTN_NM" : "와우산",
        "PMNTN_NM" : "갈천동구간",
        "PMNTN_MAIN" : " ",
        "PMNTN_LT" : 0.01,
        "PMNTN_DFFL" : "쉬움",
        "PMNTN_UPPL" : 1,
        "PMNTN_GODN" : 0,
        "PMNTN_MTRQ" : " ",
        "PMNTN_CNRL" : " ",
        "PMNTN_CLS_" : " ",
        "PMNTN_RISK" : " ",
        "PMNTN_RECO" : " ",
        "DATA_STDR_" : "2016-12-31",
        "MNTN_ID" : "422305601"
      },
      "geometry" : {
        "paths" : [
          [
            [
              391399.00970003661,
              543602.09220000729
            ],
            [
              391403.06060003769,
              543602.05850000307
            ],
            [
              391406.06010003947,
              543601.85550000146
            ],
            [
              391407.91250003502,
              543600.91140000336
            ],
            [
              391408.93290003948,
              543599.74260000326
            ]
          ]
        ]
      }
    },
    {
      "attributes" : {
        "FID" : 5,
        "PMNTN_SN" : 39751,
        "MNTN_CODE" : "422305601",
        "MNTN_NM" : "와우산",
        "PMNTN_NM" : "증산동구간",
        "PMNTN_MAIN" : " ",
        "PMNTN_LT" : 0.07,
        "PMNTN_DFFL" : "쉬움",
        "PMNTN_UPPL" : 1,
        "PMNTN_GODN" : 1,
        "PMNTN_MTRQ" : " ",
        "PMNTN_CNRL" : " ",
        "PMNTN_CLS_" : " ",
        "PMNTN_RISK" : " ",
        "PMNTN_RECO" : " ",
        "DATA_STDR_" : "2016-12-31",
        "MNTN_ID" : "422305601"
      },
      "geometry" : {
        "paths" : [
          [
            [
              391348.43550003599,
              543607.67930000834
            ],
            [
              391351.08010003529,
              543604.35020000488
            ],
            [
              391354.95820003562,
              543598.15980000794
            ],
            [
              391356.5380000351,
              543595.75730000436
            ],
            [
              391359.75200003758,
              543590.86940000579
            ],
            [
              391363.95790003706,
              543586.4961000029
            ],
            [
              391367.96350003593,
              543585.46910000592
            ],
            [
              391372.13100003637,
              543586.21080000512
            ],
            [
              391375.35600003786,
              543587.48120000586
            ],
            [
              391385.43380003609,
              543592.99260000698
            ],
            [
              391390.72130003758,
              543595.88420000486
            ],
            [
              391393.21360003762,
              543598.08840000816
            ],
            [
              391396.10200003628,
              543600.64300000668
            ],
            [
              391399.00970003661,
              543602.09220000729
            ]
          ]
        ]
      }
    }
  ]
}