{
  "displayFieldName" : "",
  "fieldAliases" : {
    "FID" : "FID",
    "PMNTN_SN" : "PMNTN_SN",
    "MNTN_CODE" : "MNTN_CODE",
    "MNTN_NM" : "MNTN_NM",
    "PMNTN_NM" : "PMNTN_NM",
    "PMNTN_MAIN" : "PMNTN_MAIN",
    "PMNTN_LT" : "PMNTN_LT",
    "PMNTN_DFFL" : "PMNTN_DFFL",
    "PMNTN_UPPL" : "PMNTN_UPPL",
    "PMNTN_GODN" : "PMNTN_GODN",
    "PMNTN_MTRQ" : "PMNTN_MTRQ",
    "PMNTN_CNRL" : "PMNTN_CNRL",
    "PMNTN_CLS_" : "PMNTN_CLS_",
    "PMNTN_RISK" : "PMNTN_RISK",
    "PMNTN_RECO" : "PMNTN_RECO",
    "DATA_STDR_" : "DATA_STDR_",
    "MNTN_ID" : "MNTN_ID"
  },
  "geometryType" : "esriGeometryPolyline",
  "spatialReference" : {
    "wkt" : "PROJCS[\"PCS_ITRF2000_TM\",GEOGCS[\"GCS_ITRF_2000\",DATUM[\"D_ITRF_2000\",SPHEROID[\"GRS_1980\",6378137.0,298.257222101]],PRIMEM[\"Greenwich\",0.0],UNIT[\"Degree\",0.0174532925199433]],PROJECTION[\"Transverse_Mercator\"],PARAMETER[\"False_Easting\",200000.0],PARAMETER[\"False_Northing\",600000.0],PARAMETER[\"Central_Meridian\",127.0],PARAMETER[\"Scale_Factor\",1.0],PARAMETER[\"Latitude_Of_Origin\",38.0],UNIT[\"Meter\",1.0]]"
  },
  "fields" : [
    {
      "name" : "FID",
      "type" : "esriFieldTypeOID",
      "alias" : "FID"
    },
    {
      "name" : "PMNTN_SN",
      "type" : "esriFieldTypeDouble",
      "alias" : "PMNTN_SN"
    },
    {
      "name" : "MNTN_CODE",
      "type" : "esriFieldTypeString",
      "alias" : "MNTN_CODE",
      "length" : 9
    },
    {
      "name" : "MNTN_NM",
      "type" : "esriFieldTypeString",
      "alias" : "MNTN_NM",
      "length" : 50
    },
    {
      "name" : "PMNTN_NM",
      "type" : "esriFieldTypeString",
      "alias" : "PMNTN_NM",
      "length" : 50
    },
    {
      "name" : "PMNTN_MAIN",
      "type" : "esriFieldTypeString",
      "alias" : "PMNTN_MAIN",
      "length" : 200
    },
    {
      "name" : "PMNTN_LT",
      "type" : "esriFieldTypeSingle",
      "alias" : "PMNTN_LT"
    },
    {
      "name" : "PMNTN_DFFL",
      "type" : "esriFieldTypeString",
      "alias" : "PMNTN_DFFL",
      "length" : 8
    },
    {
      "name" : "PMNTN_UPPL",
      "type" : "esriFieldTypeDouble",
      "alias" : "PMNTN_UPPL"
    },
    {
      "name" : "PMNTN_GODN",
      "type" : "esriFieldTypeDouble",
      "alias" : "PMNTN_GODN"
    },
    {
      "name" : "PMNTN_MTRQ",
      "type" : "esriFieldTypeString",
      "alias" : "PMNTN_MTRQ",
      "length" : 200
    },
    {
      "name" : "PMNTN_CNRL",
      "type" : "esriFieldTypeString",
      "alias" : "PMNTN_CNRL",
      "length" : 1
    },
    {
      "name" : "PMNTN_CLS_",
      "type" : "esriFieldTypeString",
      "alias" : "PMNTN_CLS_",
      "length" : 1
    },
    {
      "name" : "PMNTN_RISK",
      "type" : "esriFieldTypeString",
      "alias" : "PMNTN_RISK",
      "length" : 200
    },
    {
      "name" : "PMNTN_RECO",
      "type" : "esriFieldTypeString",
      "alias" : "PMNTN_RECO",
      "length" : 1
    },
    {
      "name" : "DATA_STDR_",
      "type" : "esriFieldTypeString",
      "alias" : "DATA_STDR_",
      "length" : 10
    },
    {
      "name" : "MNTN_ID",
      "type" : "esriFieldTypeString",
      "alias" : "MNTN_ID",
      "length" : 10
    }
  ],
  "features" : [
    {
      "attributes" : {
        "FID" : 0,
        "PMNTN_SN" : 40129,
        "MNTN_CODE" : "301105104",
        "MNTN_NM" : "용날등",
        "PMNTN_NM" : "용운동구간",
        "PMNTN_MAIN" : " ",
        "PMNTN_LT" : 1.17,
        "PMNTN_DFFL" : "쉬움",
        "PMNTN_UPPL" : 21,
        "PMNTN_GODN" : 14,
        "PMNTN_MTRQ" : " ",
        "PMNTN_CNRL" : " ",
        "PMNTN_CLS_" : " ",
        "PMNTN_RISK" : " ",
        "PMNTN_RECO" : " ",
        "DATA_STDR_" : "2016-12-31",
        "MNTN_ID" : "301105104"
      },
      "geometry" : {
        "paths" : [
          [
            [
              241573.84260000102,
              415498.25400000066
            ],
            [
              241573.43929999974,
              415488.90980000235
            ],
            [
              241568.55470000207,
              415483.4366999995
            ],
            [
              241558.19629999995,
              415481.57000000216
            ],
            [
              241544.83590000123,
              415480.83130000345
            ],
            [
              241530.4916999992,
              415483.59940000065
            ],
            [
              241517.78120000102,
              415490.11250000447
            ],
            [
              241502.97269999981,
              415497.70069999993
            ],
            [
              241490.86650000047,
              415503.46940000169
            ],
            [
              241486.84820000269,
              415510.63580000028
            ],
            [
              241487.76240000315,
              415516.03189999983
            ],
            [
              241487.05099999905,
              415520.66369999945
            ],
            [
              241484.08930000383,
              415522.77019999921
            ],
            [
              241471.52819999866,
              415524.38650000095
            ],
            [
              241459.54140000045,
              415524.02750000358
            ],
            [
              241432.28990000021,
              415525.10370000079
            ],
            [
              241398.15749999974,
              415524.94400000013
            ],
            [
              241377.45170000102,
              415519.57600000128
            ],
            [
              241368.22390000243,
              415513.70489999838
            ],
            [
              241344.64570000302,
              415497.1344000008
            ],
            [
              241332.36050000135,
              415489.80000000261
            ],
            [
              241328.51559999958,
              415486.45590000227
            ],
            [
              241327.96760000195,
              415481.85110000335
            ],
            [
              241334.17170000263,
              415443.29980000108
            ],
            [
              241335.51330000255,
              415415.45739999972
            ],
            [
              241335.09790000133,
              415396.22690000385
            ],
            [
              241322.71780000348,
              415389.55780000798
            ],
            [
              241316.53149999958,
              415376.63480000012
            ],
            [
              241302.44810000248,
              415353.99970000051
            ],
            [
              241304.73950000294,
              415345.17470000125
            ],
            [
              241319.0262000002,
              415340.71820000187
            ],
            [
              241330.14770000242,
              415345.29520000331
            ],
            [
              241346.45490000024,
              415371.2284000013
            ],
            [
              241354.5586000029,
              415378.37060000002
            ],
            [
              241364.3674000008,
              415380.5239000041
            ],
            [
              241373.43650000077,
              415378.85559999943
            ],
            [
              241378.3125,
              415374.48680000007
            ],
            [
              241377.56199999992,
              415367.01060000062
            ],
            [
              241373.57090000156,
              415358.12270000204
            ],
            [
              241369.29200000223,
              415341.69490000047
            ],
            [
              241366.91130000073,
              415317.5055999998
            ],
            [
              241363.01750000007,
              415301.41789999977
            ],
            [
              241358.8982000025,
              415284.3989000041
            ],
            [
              241352.04680000152,
              415275.89820000157
            ],
            [
              241345.63530000113,
              415265.71170000359
            ],
            [
              241343.92600000184,
              415252.66170000099
            ],
            [
              241341.33870000299,
              415245.73950000294
            ],
            [
              241331.33370000124,
              415243.1248000022
            ],
            [
              241323.65859999973,
              415236.95880000107
            ],
            [
              241314.03520000074,
              415225.07509999909
            ],
            [
              241311.27940000035,
              415215.70499999821
            ],
            [
              241308.90160000417,
              415197.1557
            ],
            [
              241303.96800000407,
              415186.04170000181
            ],
            [
              241298.08400000352,
              415158.27160000056
            ],
            [
              241298.14510000031,
              415145.39949999936
            ],
            [
              241301.36450000014,
              415110.23760000058
            ],
            [
              241290.97400000133,
              415086.10810000077
            ],
            [
              241270.85250000283,
              415069.14550000243
            ],
            [
              241261.20080000069,
              415058.22600000165
            ],
            [
              241243.01210000087,
              415045.40240000002
            ],
            [
              241227.74069999997,
              415027.35680000111
            ],
            [
              241222.10280000046,
              415011.2340000011
            ],
            [
              241220.25690000225,
              414996.8013000004
            ],
            [
              241214.50449999981,
              414985.04739999957
            ],
            [
              241203.56580000184,
              414971.76470000297
            ],
            [
              241194.89020000398,
              414949.7415000014
            ],
            [
              241188.55290000141,
              414938.99450000003
            ],
            [
              241181.11290000379,
              414926.34770000167
            ],
            [
              241161.65240000095,
              414902.39750000462
            ],
            [
              241150.40370000247,
              414892.47849999927
            ],
            [
              241138.34800000302,
              414879.83410000429
            ],
            [
              241130.39290000126,
              414867.18370000087
            ],
            [
              241109.62140000053,
              414835.57049999945
            ]
          ]
        ]
      }
    },
    {
      "attributes" : {
        "FID" : 1,
        "PMNTN_SN" : 40130,
        "MNTN_CODE" : "301105104",
        "MNTN_NM" : "용날등",
        "PMNTN_NM" : "용운동구간",
        "PMNTN_MAIN" : " ",
        "PMNTN_LT" : 0.23,
        "PMNTN_DFFL" : "쉬움",
        "PMNTN_UPPL" : 4,
        "PMNTN_GODN" : 3,
        "PMNTN_MTRQ" : " ",
        "PMNTN_CNRL" : " ",
        "PMNTN_CLS_" : " ",
        "PMNTN_RISK" : " ",
        "PMNTN_RECO" : " ",
        "DATA_STDR_" : "2016-12-31",
        "MNTN_ID" : "301105104"
      },
      "geometry" : {
        "paths" : [
          [
            [
              241109.62140000053,
              414835.57049999945
            ],
            [
              241112.79020000156,
              414821.07130000181
            ],
            [
              241115.67830000166,
              414807.85690000281
            ],
            [
              241122.68240000121,
              414792.89380000159
            ],
            [
              241132.3301000027,
              414780.19329999946
            ],
            [
              241141.71780000161,
              414773.53100000322
            ],
            [
              241150.34829999972,
              414767.40610000119
            ],
            [
              241161.47479999997,
              414760.65379999951
            ],
            [
              241171.32129999902,
              414756.40829999931
            ],
            [
              241186.02050000057,
              414754.42020000331
            ],
            [
              241195.52500000317,
              414751.76270000078
            ],
            [
              241198.82870000042,
              414747.02690000087
            ],
            [
              241199.88049999997,
              414736.12510000169
            ],
            [
              241203.65809999872,
              414719.12260000221
            ],
            [
              241207.9441000009,
              414711.57660000212
            ],
            [
              241219.23909999989,
              414704.56179999933
            ],
            [
              241230.31920000259,
              414697.9729999993
            ],
            [
              241258.77020000108,
              414682.81629999913
            ]
          ]
        ]
      }
    },
    {
      "attributes" : {
        "FID" : 2,
        "PMNTN_SN" : 40131,
        "MNTN_CODE" : "301105104",
        "MNTN_NM" : "용날등",
        "PMNTN_NM" : "용운동구간",
        "PMNTN_MAIN" : " ",
        "PMNTN_LT" : 0.33,
        "PMNTN_DFFL" : "쉬움",
        "PMNTN_UPPL" : 6,
        "PMNTN_GODN" : 4,
        "PMNTN_MTRQ" : " ",
        "PMNTN_CNRL" : " ",
        "PMNTN_CLS_" : " ",
        "PMNTN_RISK" : " ",
        "PMNTN_RECO" : " ",
        "DATA_STDR_" : "2016-12-31",
        "MNTN_ID" : "301105104"
      },
      "geometry" : {
        "paths" : [
          [
            [
              241109.62140000053,
              414835.57049999945
            ],
            [
              241081.18750000279,
              414810.35740000196
            ],
            [
              241061.92800000124,
              414781.74760000035
            ],
            [
              241053.09730000235,
              414750.30179999955
            ],
            [
              241040.6754999999,
              414731.93140000105
            ],
            [
              241026.31779999938,
              414716.88499999978
            ],
            [
              241000.97780000046,
              414701.89589999989
            ],
            [
              240993.55989999976,
              414694.53710000217
            ],
            [
              240979.7248000009,
              414680.605100004
            ],
            [
              240967.09240000416,
              414673.77480000257
            ],
            [
              240962.18340000417,
              414668.60670000128
            ],
            [
              240962.40589999966,
              414661.79210000299
            ],
            [
              240966.25119999982,
              414659.00960000046
            ],
            [
              240983.08080000058,
              414650.76610000245
            ],
            [
              241002.80870000366,
              414637.20979999937
            ],
            [
              241016.33820000384,
              414624.29010000639
            ],
            [
              241024.27130000107,
              414615.81949999928
            ],
            [
              241033.5914000012,
              414603.72330000438
            ]
          ]
        ]
      }
    }
  ]
}