{
  "displayFieldName" : "",
  "fieldAliases" : {
    "FID" : "FID",
    "PMNTN_SPOT" : "PMNTN_SPOT",
    "MNTN_CODE" : "MNTN_CODE",
    "MANAGE_SP1" : "MANAGE_SP1",
    "MANAGE_SP2" : "MANAGE_SP2",
    "DETAIL_SPO" : "DETAIL_SPO",
    "ETC_MATTER" : "ETC_MATTER",
    "MNTN_NM" : "MNTN_NM",
    "PAST_SPOT_" : "PAST_SPOT_",
    "MNTN_ID" : "MNTN_ID"
  },
  "geometryType" : "esriGeometryPoint",
  "spatialReference" : {
    "wkt" : "PROJCS[\"PCS_ITRF2000_TM\",GEOGCS[\"GCS_ITRF_2000\",DATUM[\"D_ITRF_2000\",SPHEROID[\"GRS_1980\",6378137.0,298.257222101]],PRIMEM[\"Greenwich\",0.0],UNIT[\"Degree\",0.0174532925199433]],PROJECTION[\"Transverse_Mercator\"],PARAMETER[\"False_Easting\",200000.0],PARAMETER[\"False_Northing\",600000.0],PARAMETER[\"Central_Meridian\",127.0],PARAMETER[\"Scale_Factor\",1.0],PARAMETER[\"Latitude_Of_Origin\",38.0],UNIT[\"Meter\",1.0]]"
  },
  "fields" : [
    {
      "name" : "FID",
      "type" : "esriFieldTypeOID",
      "alias" : "FID"
    },
    {
      "name" : "PMNTN_SPOT",
      "type" : "esriFieldTypeDouble",
      "alias" : "PMNTN_SPOT"
    },
    {
      "name" : "MNTN_CODE",
      "type" : "esriFieldTypeString",
      "alias" : "MNTN_CODE",
      "length" : 9
    },
    {
      "name" : "MANAGE_SP1",
      "type" : "esriFieldTypeString",
      "alias" : "MANAGE_SP1",
      "length" : 2
    },
    {
      "name" : "MANAGE_SP2",
      "type" : "esriFieldTypeString",
      "alias" : "MANAGE_SP2",
      "length" : 50
    },
    {
      "name" : "DETAIL_SPO",
      "type" : "esriFieldTypeString",
      "alias" : "DETAIL_SPO",
      "length" : 200
    },
    {
      "name" : "ETC_MATTER",
      "type" : "esriFieldTypeString",
      "alias" : "ETC_MATTER",
      "length" : 200
    },
    {
      "name" : "MNTN_NM",
      "type" : "esriFieldTypeString",
      "alias" : "MNTN_NM",
      "length" : 50
    },
    {
      "name" : "PAST_SPOT_",
      "type" : "esriFieldTypeString",
      "alias" : "PAST_SPOT_",
      "length" : 14
    },
    {
      "name" : "MNTN_ID",
      "type" : "esriFieldTypeString",
      "alias" : "MNTN_ID",
      "length" : 10
    }
  ],
  "features" : [
    {
      "attributes" : {
        "FID" : 0,
        "PMNTN_SPOT" : 1818,
        "MNTN_CODE" : "431504201",
        "MANAGE_SP1" : "01",
        "MANAGE_SP2" : "시종점",
        "DETAIL_SPO" : "시종점",
        "ETC_MATTER" : " ",
        "MNTN_NM" : "감악산",
        "PAST_SPOT_" : "4315042010001",
        "MNTN_ID" : "431504201"
      },
      "geometry" : {
        "x" : 300549.7822311949,
        "y" : 513072.62156830169
      }
    },
    {
      "attributes" : {
        "FID" : 1,
        "PMNTN_SPOT" : 1819,
        "MNTN_CODE" : "431504201",
        "MANAGE_SP1" : "01",
        "MANAGE_SP2" : "시종점",
        "DETAIL_SPO" : "시종점",
        "ETC_MATTER" : " ",
        "MNTN_NM" : "감악산",
        "PAST_SPOT_" : "4315042010002",
        "MNTN_ID" : "431504201"
      },
      "geometry" : {
        "x" : 300554.35030000005,
        "y" : 513078.88600000367
      }
    },
    {
      "attributes" : {
        "FID" : 2,
        "PMNTN_SPOT" : 1820,
        "MNTN_CODE" : "431504201",
        "MANAGE_SP1" : "02",
        "MANAGE_SP2" : "분기점",
        "DETAIL_SPO" : "분기점",
        "ETC_MATTER" : " ",
        "MNTN_NM" : "감악산",
        "PAST_SPOT_" : "4315042010003",
        "MNTN_ID" : "431504201"
      },
      "geometry" : {
        "x" : 301005.38749455288,
        "y" : 514905.53659973852
      }
    },
    {
      "attributes" : {
        "FID" : 3,
        "PMNTN_SPOT" : 1821,
        "MNTN_CODE" : "431504201",
        "MANAGE_SP1" : "02",
        "MANAGE_SP2" : "분기점",
        "DETAIL_SPO" : "분기점",
        "ETC_MATTER" : " ",
        "MNTN_NM" : "감악산",
        "PAST_SPOT_" : "4315042010004",
        "MNTN_ID" : "431504201"
      },
      "geometry" : {
        "x" : 301362.10539999977,
        "y" : 514978.77919999883
      }
    },
    {
      "attributes" : {
        "FID" : 4,
        "PMNTN_SPOT" : 1822,
        "MNTN_CODE" : "431504201",
        "MANAGE_SP1" : "01",
        "MANAGE_SP2" : "시종점",
        "DETAIL_SPO" : "시종점",
        "ETC_MATTER" : " ",
        "MNTN_NM" : "감악산",
        "PAST_SPOT_" : "4315042010005",
        "MNTN_ID" : "431504201"
      },
      "geometry" : {
        "x" : 302123.0625,
        "y" : 511209.64479999803
      }
    },
    {
      "attributes" : {
        "FID" : 5,
        "PMNTN_SPOT" : 1823,
        "MNTN_CODE" : "431504201",
        "MANAGE_SP1" : "02",
        "MANAGE_SP2" : "분기점",
        "DETAIL_SPO" : "분기점",
        "ETC_MATTER" : " ",
        "MNTN_NM" : "감악산",
        "PAST_SPOT_" : "4315042010006",
        "MNTN_ID" : "431504201"
      },
      "geometry" : {
        "x" : 302186.1928112451,
        "y" : 513991.34007699788
      }
    },
    {
      "attributes" : {
        "FID" : 6,
        "PMNTN_SPOT" : 1824,
        "MNTN_CODE" : "431504201",
        "MANAGE_SP1" : "02",
        "MANAGE_SP2" : "분기점",
        "DETAIL_SPO" : "분기점",
        "ETC_MATTER" : " ",
        "MNTN_NM" : "감악산",
        "PAST_SPOT_" : "4315042010007",
        "MNTN_ID" : "431504201"
      },
      "geometry" : {
        "x" : 302219.10790000018,
        "y" : 513951.9439000003
      }
    },
    {
      "attributes" : {
        "FID" : 7,
        "PMNTN_SPOT" : 1825,
        "MNTN_CODE" : "431504201",
        "MANAGE_SP1" : "02",
        "MANAGE_SP2" : "분기점",
        "DETAIL_SPO" : "분기점",
        "ETC_MATTER" : " ",
        "MNTN_NM" : "감악산",
        "PAST_SPOT_" : "4315042010008",
        "MNTN_ID" : "431504201"
      },
      "geometry" : {
        "x" : 302688.19610000122,
        "y" : 513585.80810000189
      }
    },
    {
      "attributes" : {
        "FID" : 8,
        "PMNTN_SPOT" : 1826,
        "MNTN_CODE" : "431504201",
        "MANAGE_SP1" : "01",
        "MANAGE_SP2" : "시종점",
        "DETAIL_SPO" : "시종점",
        "ETC_MATTER" : " ",
        "MNTN_NM" : "감악산",
        "PAST_SPOT_" : "4315042010009",
        "MNTN_ID" : "431504201"
      },
      "geometry" : {
        "x" : 302892.23757915199,
        "y" : 511269.82668205537
      }
    },
    {
      "attributes" : {
        "FID" : 9,
        "PMNTN_SPOT" : 1827,
        "MNTN_CODE" : "431504201",
        "MANAGE_SP1" : "01",
        "MANAGE_SP2" : "시종점",
        "DETAIL_SPO" : "시종점",
        "ETC_MATTER" : " ",
        "MNTN_NM" : "감악산",
        "PAST_SPOT_" : "4315042010010",
        "MNTN_ID" : "431504201"
      },
      "geometry" : {
        "x" : 303097.35305854212,
        "y" : 516993.281274423
      }
    },
    {
      "attributes" : {
        "FID" : 10,
        "PMNTN_SPOT" : 1828,
        "MNTN_CODE" : "431504201",
        "MANAGE_SP1" : "02",
        "MANAGE_SP2" : "분기점",
        "DETAIL_SPO" : "분기점",
        "ETC_MATTER" : " ",
        "MNTN_NM" : "감악산",
        "PAST_SPOT_" : "4315042010011",
        "MNTN_ID" : "431504201"
      },
      "geometry" : {
        "x" : 303254.56824918371,
        "y" : 516096.19394385628
      }
    },
    {
      "attributes" : {
        "FID" : 11,
        "PMNTN_SPOT" : 1829,
        "MNTN_CODE" : "431504201",
        "MANAGE_SP1" : "02",
        "MANAGE_SP2" : "분기점",
        "DETAIL_SPO" : "분기점",
        "ETC_MATTER" : " ",
        "MNTN_NM" : "감악산",
        "PAST_SPOT_" : "4315042010012",
        "MNTN_ID" : "431504201"
      },
      "geometry" : {
        "x" : 303551.68679200485,
        "y" : 513471.87059131451
      }
    },
    {
      "attributes" : {
        "FID" : 12,
        "PMNTN_SPOT" : 1830,
        "MNTN_CODE" : "431504201",
        "MANAGE_SP1" : "02",
        "MANAGE_SP2" : "분기점",
        "DETAIL_SPO" : "분기점",
        "ETC_MATTER" : " ",
        "MNTN_NM" : "감악산",
        "PAST_SPOT_" : "4315042010013",
        "MNTN_ID" : "431504201"
      },
      "geometry" : {
        "x" : 303567.61219480634,
        "y" : 513441.66725769266
      }
    },
    {
      "attributes" : {
        "FID" : 13,
        "PMNTN_SPOT" : 1831,
        "MNTN_CODE" : "431504201",
        "MANAGE_SP1" : "02",
        "MANAGE_SP2" : "분기점",
        "DETAIL_SPO" : "분기점",
        "ETC_MATTER" : " ",
        "MNTN_NM" : "감악산",
        "PAST_SPOT_" : "4315042010014",
        "MNTN_ID" : "431504201"
      },
      "geometry" : {
        "x" : 304665.38770000078,
        "y" : 512159.52389999852
      }
    }
  ]
}