{
  "displayFieldName" : "",
  "fieldAliases" : {
    "FID" : "FID",
    "PMNTN_SPOT" : "PMNTN_SPOT",
    "MNTN_CODE" : "MNTN_CODE",
    "MANAGE_SP1" : "MANAGE_SP1",
    "MANAGE_SP2" : "MANAGE_SP2",
    "DETAIL_SPO" : "DETAIL_SPO",
    "ETC_MATTER" : "ETC_MATTER",
    "MNTN_NM" : "MNTN_NM",
    "PAST_SPOT_" : "PAST_SPOT_",
    "MNTN_ID" : "MNTN_ID"
  },
  "geometryType" : "esriGeometryPoint",
  "spatialReference" : {
    "wkt" : "PROJCS[\"PCS_ITRF2000_TM\",GEOGCS[\"GCS_ITRF_2000\",DATUM[\"D_ITRF_2000\",SPHEROID[\"GRS_1980\",6378137.0,298.257222101]],PRIMEM[\"Greenwich\",0.0],UNIT[\"Degree\",0.0174532925199433]],PROJECTION[\"Transverse_Mercator\"],PARAMETER[\"False_Easting\",200000.0],PARAMETER[\"False_Northing\",600000.0],PARAMETER[\"Central_Meridian\",127.0],PARAMETER[\"Scale_Factor\",1.0],PARAMETER[\"Latitude_Of_Origin\",38.0],UNIT[\"Meter\",1.0]]"
  },
  "fields" : [
    {
      "name" : "FID",
      "type" : "esriFieldTypeOID",
      "alias" : "FID"
    },
    {
      "name" : "PMNTN_SPOT",
      "type" : "esriFieldTypeDouble",
      "alias" : "PMNTN_SPOT"
    },
    {
      "name" : "MNTN_CODE",
      "type" : "esriFieldTypeString",
      "alias" : "MNTN_CODE",
      "length" : 9
    },
    {
      "name" : "MANAGE_SP1",
      "type" : "esriFieldTypeString",
      "alias" : "MANAGE_SP1",
      "length" : 2
    },
    {
      "name" : "MANAGE_SP2",
      "type" : "esriFieldTypeString",
      "alias" : "MANAGE_SP2",
      "length" : 50
    },
    {
      "name" : "DETAIL_SPO",
      "type" : "esriFieldTypeString",
      "alias" : "DETAIL_SPO",
      "length" : 200
    },
    {
      "name" : "ETC_MATTER",
      "type" : "esriFieldTypeString",
      "alias" : "ETC_MATTER",
      "length" : 200
    },
    {
      "name" : "MNTN_NM",
      "type" : "esriFieldTypeString",
      "alias" : "MNTN_NM",
      "length" : 50
    },
    {
      "name" : "PAST_SPOT_",
      "type" : "esriFieldTypeString",
      "alias" : "PAST_SPOT_",
      "length" : 14
    },
    {
      "name" : "MNTN_ID",
      "type" : "esriFieldTypeString",
      "alias" : "MNTN_ID",
      "length" : 10
    }
  ],
  "features" : [
    {
      "attributes" : {
        "FID" : 0,
        "PMNTN_SPOT" : 61391,
        "MNTN_CODE" : "483300104",
        "MANAGE_SP1" : "99",
        "MANAGE_SP2" : "기타",
        "DETAIL_SPO" : "기타",
        "ETC_MATTER" : " ",
        "MNTN_NM" : "알프스태극종주",
        "PAST_SPOT_" : "4833001040001",
        "MNTN_ID" : "483300104"
      },
      "geometry" : {
        "x" : 377301.6704000337,
        "y" : 337841.44200000353
      }
    },
    {
      "attributes" : {
        "FID" : 1,
        "PMNTN_SPOT" : 61392,
        "MNTN_CODE" : "483300104",
        "MANAGE_SP1" : "99",
        "MANAGE_SP2" : "기타",
        "DETAIL_SPO" : "기타",
        "ETC_MATTER" : " ",
        "MNTN_NM" : "알프스태극종주",
        "PAST_SPOT_" : "4833001040002",
        "MNTN_ID" : "483300104"
      },
      "geometry" : {
        "x" : 376935.57880003378,
        "y" : 338021.20840000175
      }
    },
    {
      "attributes" : {
        "FID" : 2,
        "PMNTN_SPOT" : 61393,
        "MNTN_CODE" : "483300104",
        "MANAGE_SP1" : "99",
        "MANAGE_SP2" : "기타",
        "DETAIL_SPO" : "기타,이정표",
        "ETC_MATTER" : " ",
        "MNTN_NM" : "알프스태극종주",
        "PAST_SPOT_" : "4833001040003",
        "MNTN_ID" : "483300104"
      },
      "geometry" : {
        "x" : 376703.63280003238,
        "y" : 338366.3049000036
      }
    },
    {
      "attributes" : {
        "FID" : 3,
        "PMNTN_SPOT" : 61394,
        "MNTN_CODE" : "483300104",
        "MANAGE_SP1" : "23",
        "MANAGE_SP2" : "정상",
        "DETAIL_SPO" : "정상,이정표",
        "ETC_MATTER" : " ",
        "MNTN_NM" : "알프스태극종주",
        "PAST_SPOT_" : "4833001040004",
        "MNTN_ID" : "483300104"
      },
      "geometry" : {
        "x" : 376189.14380003139,
        "y" : 338814.49540000036
      }
    },
    {
      "attributes" : {
        "FID" : 4,
        "PMNTN_SPOT" : 61395,
        "MNTN_CODE" : "483300104",
        "MANAGE_SP1" : "99",
        "MANAGE_SP2" : "기타",
        "DETAIL_SPO" : "표지 밀양아-9",
        "ETC_MATTER" : " ",
        "MNTN_NM" : "알프스태극종주",
        "PAST_SPOT_" : "4833001040005",
        "MNTN_ID" : "483300104"
      },
      "geometry" : {
        "x" : 375875.22680003103,
        "y" : 339006.74740000442
      }
    },
    {
      "attributes" : {
        "FID" : 5,
        "PMNTN_SPOT" : 61396,
        "MNTN_CODE" : "483300104",
        "MANAGE_SP1" : "99",
        "MANAGE_SP2" : "기타",
        "DETAIL_SPO" : "기타",
        "ETC_MATTER" : " ",
        "MNTN_NM" : "알프스태극종주",
        "PAST_SPOT_" : "4833001040006",
        "MNTN_ID" : "483300104"
      },
      "geometry" : {
        "x" : 375875.22680003103,
        "y" : 339006.74740000442
      }
    },
    {
      "attributes" : {
        "FID" : 6,
        "PMNTN_SPOT" : 61397,
        "MNTN_CODE" : "483300104",
        "MANAGE_SP1" : "99",
        "MANAGE_SP2" : "기타",
        "DETAIL_SPO" : "표지 밀양아-10",
        "ETC_MATTER" : " ",
        "MNTN_NM" : "알프스태극종주",
        "PAST_SPOT_" : "4833001040007",
        "MNTN_ID" : "483300104"
      },
      "geometry" : {
        "x" : 375719.32940003183,
        "y" : 339085.42770000175
      }
    },
    {
      "attributes" : {
        "FID" : 7,
        "PMNTN_SPOT" : 61398,
        "MNTN_CODE" : "483300104",
        "MANAGE_SP1" : "99",
        "MANAGE_SP2" : "기타",
        "DETAIL_SPO" : "기타",
        "ETC_MATTER" : " ",
        "MNTN_NM" : "알프스태극종주",
        "PAST_SPOT_" : "4833001040008",
        "MNTN_ID" : "483300104"
      },
      "geometry" : {
        "x" : 375719.32940003183,
        "y" : 339085.42770000175
      }
    },
    {
      "attributes" : {
        "FID" : 8,
        "PMNTN_SPOT" : 61399,
        "MNTN_CODE" : "483300104",
        "MANAGE_SP1" : "10",
        "MANAGE_SP2" : "이정표",
        "DETAIL_SPO" : "이정표,기타",
        "ETC_MATTER" : " ",
        "MNTN_NM" : "알프스태극종주",
        "PAST_SPOT_" : "4833001040009",
        "MNTN_ID" : "483300104"
      },
      "geometry" : {
        "x" : 375332.09930003155,
        "y" : 339169.09469999932
      }
    },
    {
      "attributes" : {
        "FID" : 9,
        "PMNTN_SPOT" : 61400,
        "MNTN_CODE" : "483300104",
        "MANAGE_SP1" : "12",
        "MANAGE_SP2" : "위험지역",
        "DETAIL_SPO" : "위험지역",
        "ETC_MATTER" : " ",
        "MNTN_NM" : "알프스태극종주",
        "PAST_SPOT_" : "4833001040010",
        "MNTN_ID" : "483300104"
      },
      "geometry" : {
        "x" : 375082.53640003409,
        "y" : 339082.66840000637
      }
    },
    {
      "attributes" : {
        "FID" : 10,
        "PMNTN_SPOT" : 61401,
        "MNTN_CODE" : "483300104",
        "MANAGE_SP1" : "15",
        "MANAGE_SP2" : "훼손지",
        "DETAIL_SPO" : "훼손지",
        "ETC_MATTER" : " ",
        "MNTN_NM" : "알프스태극종주",
        "PAST_SPOT_" : "4833001040011",
        "MNTN_ID" : "483300104"
      },
      "geometry" : {
        "x" : 374975.1445000302,
        "y" : 339121.63920000382
      }
    },
    {
      "attributes" : {
        "FID" : 11,
        "PMNTN_SPOT" : 61402,
        "MNTN_CODE" : "483300104",
        "MANAGE_SP1" : "12",
        "MANAGE_SP2" : "위험지역",
        "DETAIL_SPO" : "위험지역",
        "ETC_MATTER" : " ",
        "MNTN_NM" : "알프스태극종주",
        "PAST_SPOT_" : "4833001040012",
        "MNTN_ID" : "483300104"
      },
      "geometry" : {
        "x" : 377349.24290003255,
        "y" : 337807.40380000137
      }
    },
    {
      "attributes" : {
        "FID" : 12,
        "PMNTN_SPOT" : 61403,
        "MNTN_CODE" : "483300104",
        "MANAGE_SP1" : "15",
        "MANAGE_SP2" : "훼손지",
        "DETAIL_SPO" : "훼손지",
        "ETC_MATTER" : " ",
        "MNTN_NM" : "알프스태극종주",
        "PAST_SPOT_" : "4833001040013",
        "MNTN_ID" : "483300104"
      },
      "geometry" : {
        "x" : 374956.12000002898,
        "y" : 339148.8273000028
      }
    },
    {
      "attributes" : {
        "FID" : 13,
        "PMNTN_SPOT" : 61404,
        "MNTN_CODE" : "483300104",
        "MANAGE_SP1" : "12",
        "MANAGE_SP2" : "위험지역",
        "DETAIL_SPO" : "위험지역",
        "ETC_MATTER" : " ",
        "MNTN_NM" : "알프스태극종주",
        "PAST_SPOT_" : "4833001040014",
        "MNTN_ID" : "483300104"
      },
      "geometry" : {
        "x" : 377603.96110003348,
        "y" : 337525.60820000432
      }
    },
    {
      "attributes" : {
        "FID" : 14,
        "PMNTN_SPOT" : 61405,
        "MNTN_CODE" : "483300104",
        "MANAGE_SP1" : "10",
        "MANAGE_SP2" : "이정표",
        "DETAIL_SPO" : "이정표(아랫재)",
        "ETC_MATTER" : " ",
        "MNTN_NM" : "알프스태극종주",
        "PAST_SPOT_" : "4833001040015",
        "MNTN_ID" : "483300104"
      },
      "geometry" : {
        "x" : 378750.52000003587,
        "y" : 336939.8765000049
      }
    },
    {
      "attributes" : {
        "FID" : 15,
        "PMNTN_SPOT" : 61406,
        "MNTN_CODE" : "483300104",
        "MANAGE_SP1" : "10",
        "MANAGE_SP2" : "이정표",
        "DETAIL_SPO" : "이정표",
        "ETC_MATTER" : " ",
        "MNTN_NM" : "알프스태극종주",
        "PAST_SPOT_" : "4833001040016",
        "MNTN_ID" : "483300104"
      },
      "geometry" : {
        "x" : 379660.25770003535,
        "y" : 336332.77460000105
      }
    },
    {
      "attributes" : {
        "FID" : 16,
        "PMNTN_SPOT" : 61407,
        "MNTN_CODE" : "483300104",
        "MANAGE_SP1" : "14",
        "MANAGE_SP2" : "조망점",
        "DETAIL_SPO" : "조망점",
        "ETC_MATTER" : " ",
        "MNTN_NM" : "알프스태극종주",
        "PAST_SPOT_" : "4833001040017",
        "MNTN_ID" : "483300104"
      },
      "geometry" : {
        "x" : 380037.805600035,
        "y" : 336418.10899999924
      }
    },
    {
      "attributes" : {
        "FID" : 17,
        "PMNTN_SPOT" : 61408,
        "MNTN_CODE" : "483300104",
        "MANAGE_SP1" : "10",
        "MANAGE_SP2" : "이정표",
        "DETAIL_SPO" : "이정표",
        "ETC_MATTER" : " ",
        "MNTN_NM" : "알프스태극종주",
        "PAST_SPOT_" : "4833001040018",
        "MNTN_ID" : "483300104"
      },
      "geometry" : {
        "x" : 380013.6910000341,
        "y" : 336421.21440000646
      }
    },
    {
      "attributes" : {
        "FID" : 18,
        "PMNTN_SPOT" : 61409,
        "MNTN_CODE" : "483300104",
        "MANAGE_SP1" : "15",
        "MANAGE_SP2" : "훼손지",
        "DETAIL_SPO" : "훼손지",
        "ETC_MATTER" : " ",
        "MNTN_NM" : "알프스태극종주",
        "PAST_SPOT_" : "4833001040019",
        "MNTN_ID" : "483300104"
      },
      "geometry" : {
        "x" : 380979.59720003605,
        "y" : 337290.19080000371
      }
    },
    {
      "attributes" : {
        "FID" : 19,
        "PMNTN_SPOT" : 61410,
        "MNTN_CODE" : "483300104",
        "MANAGE_SP1" : "99",
        "MANAGE_SP2" : "기타",
        "DETAIL_SPO" : "기타",
        "ETC_MATTER" : " ",
        "MNTN_NM" : "알프스태극종주",
        "PAST_SPOT_" : "4833001040020",
        "MNTN_ID" : "483300104"
      },
      "geometry" : {
        "x" : 381405.96360003855,
        "y" : 337646.72720000148
      }
    },
    {
      "attributes" : {
        "FID" : 20,
        "PMNTN_SPOT" : 61411,
        "MNTN_CODE" : "483300104",
        "MANAGE_SP1" : "17",
        "MANAGE_SP2" : "대피소",
        "DETAIL_SPO" : "대피소",
        "ETC_MATTER" : " ",
        "MNTN_NM" : "알프스태극종주",
        "PAST_SPOT_" : "4833001040021",
        "MNTN_ID" : "483300104"
      },
      "geometry" : {
        "x" : 381435.56790003739,
        "y" : 337750.94900000282
      }
    },
    {
      "attributes" : {
        "FID" : 21,
        "PMNTN_SPOT" : 61412,
        "MNTN_CODE" : "483300104",
        "MANAGE_SP1" : "10",
        "MANAGE_SP2" : "이정표",
        "DETAIL_SPO" : "이정표",
        "ETC_MATTER" : " ",
        "MNTN_NM" : "알프스태극종주",
        "PAST_SPOT_" : "4833001040022",
        "MNTN_ID" : "483300104"
      },
      "geometry" : {
        "x" : 377634.14350003283,
        "y" : 337439.56489999965
      }
    },
    {
      "attributes" : {
        "FID" : 22,
        "PMNTN_SPOT" : 61413,
        "MNTN_CODE" : "483300104",
        "MANAGE_SP1" : "23",
        "MANAGE_SP2" : "정상",
        "DETAIL_SPO" : "정상",
        "ETC_MATTER" : " ",
        "MNTN_NM" : "알프스태극종주",
        "PAST_SPOT_" : "4833001040023",
        "MNTN_ID" : "483300104"
      },
      "geometry" : {
        "x" : 381468.02070003655,
        "y" : 337758.94870000333
      }
    },
    {
      "attributes" : {
        "FID" : 23,
        "PMNTN_SPOT" : 61414,
        "MNTN_CODE" : "483300104",
        "MANAGE_SP1" : "11",
        "MANAGE_SP2" : "안내판또는지도",
        "DETAIL_SPO" : "안내판",
        "ETC_MATTER" : " ",
        "MNTN_NM" : "알프스태극종주",
        "PAST_SPOT_" : "4833001040024",
        "MNTN_ID" : "483300104"
      },
      "geometry" : {
        "x" : 381503.46980003826,
        "y" : 337721.33590000309
      }
    },
    {
      "attributes" : {
        "FID" : 24,
        "PMNTN_SPOT" : 61415,
        "MNTN_CODE" : "483300104",
        "MANAGE_SP1" : "11",
        "MANAGE_SP2" : "안내판또는지도",
        "DETAIL_SPO" : "안내판",
        "ETC_MATTER" : " ",
        "MNTN_NM" : "알프스태극종주",
        "PAST_SPOT_" : "4833001040025",
        "MNTN_ID" : "483300104"
      },
      "geometry" : {
        "x" : 381665.83320004027,
        "y" : 337572.46000000462
      }
    },
    {
      "attributes" : {
        "FID" : 25,
        "PMNTN_SPOT" : 61416,
        "MNTN_CODE" : "483300104",
        "MANAGE_SP1" : "10",
        "MANAGE_SP2" : "이정표",
        "DETAIL_SPO" : "이정표,훼손지",
        "ETC_MATTER" : " ",
        "MNTN_NM" : "알프스태극종주",
        "PAST_SPOT_" : "4833001040026",
        "MNTN_ID" : "483300104"
      },
      "geometry" : {
        "x" : 381707.02450003941,
        "y" : 337552.94670000114
      }
    },
    {
      "attributes" : {
        "FID" : 26,
        "PMNTN_SPOT" : 61417,
        "MNTN_CODE" : "483300104",
        "MANAGE_SP1" : "14",
        "MANAGE_SP2" : "조망점",
        "DETAIL_SPO" : "조망점(중봉),훼손지",
        "ETC_MATTER" : " ",
        "MNTN_NM" : "알프스태극종주",
        "PAST_SPOT_" : "4833001040027",
        "MNTN_ID" : "483300104"
      },
      "geometry" : {
        "x" : 381878.69390004221,
        "y" : 337293.40469999984
      }
    },
    {
      "attributes" : {
        "FID" : 27,
        "PMNTN_SPOT" : 61418,
        "MNTN_CODE" : "483300104",
        "MANAGE_SP1" : "15",
        "MANAGE_SP2" : "훼손지",
        "DETAIL_SPO" : "훼손지",
        "ETC_MATTER" : " ",
        "MNTN_NM" : "알프스태극종주",
        "PAST_SPOT_" : "4833001040028",
        "MNTN_ID" : "483300104"
      },
      "geometry" : {
        "x" : 382034.79090003856,
        "y" : 337261.73530000262
      }
    },
    {
      "attributes" : {
        "FID" : 28,
        "PMNTN_SPOT" : 61419,
        "MNTN_CODE" : "483300104",
        "MANAGE_SP1" : "07",
        "MANAGE_SP2" : "시설물(운동기구 등)",
        "DETAIL_SPO" : "시설물",
        "ETC_MATTER" : " ",
        "MNTN_NM" : "알프스태극종주",
        "PAST_SPOT_" : "4833001040029",
        "MNTN_ID" : "483300104"
      },
      "geometry" : {
        "x" : 382165.88330003899,
        "y" : 337279.21820000187
      }
    },
    {
      "attributes" : {
        "FID" : 29,
        "PMNTN_SPOT" : 61420,
        "MNTN_CODE" : "483300104",
        "MANAGE_SP1" : "07",
        "MANAGE_SP2" : "시설물(운동기구 등)",
        "DETAIL_SPO" : "시설물,이정표 ,안내판",
        "ETC_MATTER" : " ",
        "MNTN_NM" : "알프스태극종주",
        "PAST_SPOT_" : "4833001040030",
        "MNTN_ID" : "483300104"
      },
      "geometry" : {
        "x" : 382337.66010003723,
        "y" : 337239.68580000103
      }
    },
    {
      "attributes" : {
        "FID" : 30,
        "PMNTN_SPOT" : 61421,
        "MNTN_CODE" : "483300104",
        "MANAGE_SP1" : "10",
        "MANAGE_SP2" : "이정표",
        "DETAIL_SPO" : "이정표,안내판,시설물",
        "ETC_MATTER" : " ",
        "MNTN_NM" : "알프스태극종주",
        "PAST_SPOT_" : "4833001040031",
        "MNTN_ID" : "483300104"
      },
      "geometry" : {
        "x" : 382529.27950003929,
        "y" : 337339.32400000095
      }
    },
    {
      "attributes" : {
        "FID" : 31,
        "PMNTN_SPOT" : 61422,
        "MNTN_CODE" : "483300104",
        "MANAGE_SP1" : "17",
        "MANAGE_SP2" : "대피소",
        "DETAIL_SPO" : "대피소",
        "ETC_MATTER" : " ",
        "MNTN_NM" : "알프스태극종주",
        "PAST_SPOT_" : "4833001040032",
        "MNTN_ID" : "483300104"
      },
      "geometry" : {
        "x" : 382839.16700004041,
        "y" : 337307.8169000037
      }
    },
    {
      "attributes" : {
        "FID" : 32,
        "PMNTN_SPOT" : 61423,
        "MNTN_CODE" : "483300104",
        "MANAGE_SP1" : "10",
        "MANAGE_SP2" : "이정표",
        "DETAIL_SPO" : "이정표",
        "ETC_MATTER" : " ",
        "MNTN_NM" : "알프스태극종주",
        "PAST_SPOT_" : "4833001040033",
        "MNTN_ID" : "483300104"
      },
      "geometry" : {
        "x" : 383193.10220004059,
        "y" : 337068.99250000343
      }
    },
    {
      "attributes" : {
        "FID" : 33,
        "PMNTN_SPOT" : 61424,
        "MNTN_CODE" : "483300104",
        "MANAGE_SP1" : "10",
        "MANAGE_SP2" : "이정표",
        "DETAIL_SPO" : "이정표,119표지",
        "ETC_MATTER" : " ",
        "MNTN_NM" : "알프스태극종주",
        "PAST_SPOT_" : "4833001040034",
        "MNTN_ID" : "483300104"
      },
      "geometry" : {
        "x" : 383220.77880004141,
        "y" : 336825.31500000507
      }
    },
    {
      "attributes" : {
        "FID" : 34,
        "PMNTN_SPOT" : 61425,
        "MNTN_CODE" : "483300104",
        "MANAGE_SP1" : "99",
        "MANAGE_SP2" : "기타",
        "DETAIL_SPO" : "난간대",
        "ETC_MATTER" : " ",
        "MNTN_NM" : "알프스태극종주",
        "PAST_SPOT_" : "4833001040035",
        "MNTN_ID" : "483300104"
      },
      "geometry" : {
        "x" : 383295.38140004035,
        "y" : 336651.06609999947
      }
    },
    {
      "attributes" : {
        "FID" : 35,
        "PMNTN_SPOT" : 61426,
        "MNTN_CODE" : "483300104",
        "MANAGE_SP1" : "10",
        "MANAGE_SP2" : "이정표",
        "DETAIL_SPO" : "이정표",
        "ETC_MATTER" : " ",
        "MNTN_NM" : "알프스태극종주",
        "PAST_SPOT_" : "4833001040036",
        "MNTN_ID" : "483300104"
      },
      "geometry" : {
        "x" : 383321.50670003984,
        "y" : 336559.74470000155
      }
    },
    {
      "attributes" : {
        "FID" : 36,
        "PMNTN_SPOT" : 61427,
        "MNTN_CODE" : "483300104",
        "MANAGE_SP1" : "11",
        "MANAGE_SP2" : "안내판또는지도",
        "DETAIL_SPO" : "안내판",
        "ETC_MATTER" : " ",
        "MNTN_NM" : "알프스태극종주",
        "PAST_SPOT_" : "4833001040037",
        "MNTN_ID" : "483300104"
      },
      "geometry" : {
        "x" : 383306.43020004127,
        "y" : 336473.33750000224
      }
    },
    {
      "attributes" : {
        "FID" : 37,
        "PMNTN_SPOT" : 61428,
        "MNTN_CODE" : "483300104",
        "MANAGE_SP1" : "99",
        "MANAGE_SP2" : "기타",
        "DETAIL_SPO" : "삼각점,조망점",
        "ETC_MATTER" : " ",
        "MNTN_NM" : "알프스태극종주",
        "PAST_SPOT_" : "4833001040038",
        "MNTN_ID" : "483300104"
      },
      "geometry" : {
        "x" : 383418.74000003841,
        "y" : 334842.1097000055
      }
    },
    {
      "attributes" : {
        "FID" : 38,
        "PMNTN_SPOT" : 61429,
        "MNTN_CODE" : "483300104",
        "MANAGE_SP1" : "99",
        "MANAGE_SP2" : "기타",
        "DETAIL_SPO" : "삼각점",
        "ETC_MATTER" : " ",
        "MNTN_NM" : "알프스태극종주",
        "PAST_SPOT_" : "4833001040039",
        "MNTN_ID" : "483300104"
      },
      "geometry" : {
        "x" : 383400.82920003962,
        "y" : 334646.74950000271
      }
    },
    {
      "attributes" : {
        "FID" : 39,
        "PMNTN_SPOT" : 61430,
        "MNTN_CODE" : "483300104",
        "MANAGE_SP1" : "15",
        "MANAGE_SP2" : "훼손지",
        "DETAIL_SPO" : "훼손지",
        "ETC_MATTER" : " ",
        "MNTN_NM" : "알프스태극종주",
        "PAST_SPOT_" : "4833001040040",
        "MNTN_ID" : "483300104"
      },
      "geometry" : {
        "x" : 383117.32040003873,
        "y" : 333844.12780000456
      }
    },
    {
      "attributes" : {
        "FID" : 40,
        "PMNTN_SPOT" : 61431,
        "MNTN_CODE" : "483300104",
        "MANAGE_SP1" : "23",
        "MANAGE_SP2" : "정상",
        "DETAIL_SPO" : "정상",
        "ETC_MATTER" : " ",
        "MNTN_NM" : "알프스태극종주",
        "PAST_SPOT_" : "4833001040041",
        "MNTN_ID" : "483300104"
      },
      "geometry" : {
        "x" : 382948.66980004124,
        "y" : 333731.39370000362
      }
    },
    {
      "attributes" : {
        "FID" : 41,
        "PMNTN_SPOT" : 61432,
        "MNTN_CODE" : "483300104",
        "MANAGE_SP1" : "15",
        "MANAGE_SP2" : "훼손지",
        "DETAIL_SPO" : "훼손지",
        "ETC_MATTER" : " ",
        "MNTN_NM" : "알프스태극종주",
        "PAST_SPOT_" : "4833001040042",
        "MNTN_ID" : "483300104"
      },
      "geometry" : {
        "x" : 382694.1075000409,
        "y" : 333631.45290000364
      }
    },
    {
      "attributes" : {
        "FID" : 42,
        "PMNTN_SPOT" : 61433,
        "MNTN_CODE" : "483300104",
        "MANAGE_SP1" : "06",
        "MANAGE_SP2" : "음수대",
        "DETAIL_SPO" : "음수대,시설물",
        "ETC_MATTER" : " ",
        "MNTN_NM" : "알프스태극종주",
        "PAST_SPOT_" : "4833001040043",
        "MNTN_ID" : "483300104"
      },
      "geometry" : {
        "x" : 382625.17600004002,
        "y" : 333589.07770000584
      }
    },
    {
      "attributes" : {
        "FID" : 43,
        "PMNTN_SPOT" : 61434,
        "MNTN_CODE" : "483300104",
        "MANAGE_SP1" : "10",
        "MANAGE_SP2" : "이정표",
        "DETAIL_SPO" : "이정표(시설물),안내판",
        "ETC_MATTER" : " ",
        "MNTN_NM" : "알프스태극종주",
        "PAST_SPOT_" : "4833001040044",
        "MNTN_ID" : "483300104"
      },
      "geometry" : {
        "x" : 382592.2447000416,
        "y" : 333580.55870000646
      }
    },
    {
      "attributes" : {
        "FID" : 44,
        "PMNTN_SPOT" : 61435,
        "MNTN_CODE" : "483300104",
        "MANAGE_SP1" : "23",
        "MANAGE_SP2" : "정상",
        "DETAIL_SPO" : "정상",
        "ETC_MATTER" : " ",
        "MNTN_NM" : "알프스태극종주",
        "PAST_SPOT_" : "4833001040045",
        "MNTN_ID" : "483300104"
      },
      "geometry" : {
        "x" : 382089.82880003843,
        "y" : 333341.88990000263
      }
    },
    {
      "attributes" : {
        "FID" : 45,
        "PMNTN_SPOT" : 61436,
        "MNTN_CODE" : "483300104",
        "MANAGE_SP1" : "14",
        "MANAGE_SP2" : "조망점",
        "DETAIL_SPO" : "조망점",
        "ETC_MATTER" : " ",
        "MNTN_NM" : "알프스태극종주",
        "PAST_SPOT_" : "4833001040046",
        "MNTN_ID" : "483300104"
      },
      "geometry" : {
        "x" : 381967.81720004044,
        "y" : 333121.69610000215
      }
    },
    {
      "attributes" : {
        "FID" : 46,
        "PMNTN_SPOT" : 61437,
        "MNTN_CODE" : "483300104",
        "MANAGE_SP1" : "99",
        "MANAGE_SP2" : "기타",
        "DETAIL_SPO" : "기타",
        "ETC_MATTER" : " ",
        "MNTN_NM" : "알프스태극종주",
        "PAST_SPOT_" : "4833001040047",
        "MNTN_ID" : "483300104"
      },
      "geometry" : {
        "x" : 380899.67290003784,
        "y" : 332060.92689999938
      }
    },
    {
      "attributes" : {
        "FID" : 47,
        "PMNTN_SPOT" : 61438,
        "MNTN_CODE" : "483300104",
        "MANAGE_SP1" : "10",
        "MANAGE_SP2" : "이정표",
        "DETAIL_SPO" : "이정표",
        "ETC_MATTER" : " ",
        "MNTN_NM" : "알프스태극종주",
        "PAST_SPOT_" : "4833001040048",
        "MNTN_ID" : "483300104"
      },
      "geometry" : {
        "x" : 380628.4941000361,
        "y" : 332002.5499000065
      }
    },
    {
      "attributes" : {
        "FID" : 48,
        "PMNTN_SPOT" : 61439,
        "MNTN_CODE" : "483300104",
        "MANAGE_SP1" : "99",
        "MANAGE_SP2" : "기타",
        "DETAIL_SPO" : "삼각점",
        "ETC_MATTER" : " ",
        "MNTN_NM" : "알프스태극종주",
        "PAST_SPOT_" : "4833001040049",
        "MNTN_ID" : "483300104"
      },
      "geometry" : {
        "x" : 380419.5836000368,
        "y" : 331903.8169000037
      }
    },
    {
      "attributes" : {
        "FID" : 49,
        "PMNTN_SPOT" : 61440,
        "MNTN_CODE" : "483300104",
        "MANAGE_SP1" : "99",
        "MANAGE_SP2" : "기타",
        "DETAIL_SPO" : "119조난 밀양 사ㅡ1",
        "ETC_MATTER" : " ",
        "MNTN_NM" : "알프스태극종주",
        "PAST_SPOT_" : "4833001040050",
        "MNTN_ID" : "483300104"
      },
      "geometry" : {
        "x" : 380301.29720003624,
        "y" : 331820.18950000405
      }
    },
    {
      "attributes" : {
        "FID" : 50,
        "PMNTN_SPOT" : 61441,
        "MNTN_CODE" : "483300104",
        "MANAGE_SP1" : "11",
        "MANAGE_SP2" : "안내판또는지도",
        "DETAIL_SPO" : "안내판",
        "ETC_MATTER" : " ",
        "MNTN_NM" : "알프스태극종주",
        "PAST_SPOT_" : "4833001040051",
        "MNTN_ID" : "483300104"
      },
      "geometry" : {
        "x" : 380301.29720003624,
        "y" : 331820.18950000405
      }
    },
    {
      "attributes" : {
        "FID" : 51,
        "PMNTN_SPOT" : 61442,
        "MNTN_CODE" : "483300104",
        "MANAGE_SP1" : "11",
        "MANAGE_SP2" : "안내판또는지도",
        "DETAIL_SPO" : "안내판",
        "ETC_MATTER" : " ",
        "MNTN_NM" : "알프스태극종주",
        "PAST_SPOT_" : "4833001040052",
        "MNTN_ID" : "483300104"
      },
      "geometry" : {
        "x" : 380218.28220003657,
        "y" : 331813.98990000226
      }
    },
    {
      "attributes" : {
        "FID" : 52,
        "PMNTN_SPOT" : 61443,
        "MNTN_CODE" : "483300104",
        "MANAGE_SP1" : "04",
        "MANAGE_SP2" : "화장실",
        "DETAIL_SPO" : "화장실",
        "ETC_MATTER" : " ",
        "MNTN_NM" : "알프스태극종주",
        "PAST_SPOT_" : "4833001040053",
        "MNTN_ID" : "483300104"
      },
      "geometry" : {
        "x" : 380093.73170003667,
        "y" : 331654.82780000195
      }
    },
    {
      "attributes" : {
        "FID" : 53,
        "PMNTN_SPOT" : 61444,
        "MNTN_CODE" : "483300104",
        "MANAGE_SP1" : "10",
        "MANAGE_SP2" : "이정표",
        "DETAIL_SPO" : "이정표,안내판",
        "ETC_MATTER" : " ",
        "MNTN_NM" : "알프스태극종주",
        "PAST_SPOT_" : "4833001040054",
        "MNTN_ID" : "483300104"
      },
      "geometry" : {
        "x" : 380025.50840003695,
        "y" : 331647.25380000286
      }
    },
    {
      "attributes" : {
        "FID" : 54,
        "PMNTN_SPOT" : 61445,
        "MNTN_CODE" : "483300104",
        "MANAGE_SP1" : "10",
        "MANAGE_SP2" : "이정표",
        "DETAIL_SPO" : "이정표,안내판",
        "ETC_MATTER" : " ",
        "MNTN_NM" : "알프스태극종주",
        "PAST_SPOT_" : "4833001040055",
        "MNTN_ID" : "483300104"
      },
      "geometry" : {
        "x" : 379633.84990003519,
        "y" : 331578.90360000171
      }
    },
    {
      "attributes" : {
        "FID" : 55,
        "PMNTN_SPOT" : 61446,
        "MNTN_CODE" : "483300104",
        "MANAGE_SP1" : "10",
        "MANAGE_SP2" : "이정표",
        "DETAIL_SPO" : "이정표",
        "ETC_MATTER" : " ",
        "MNTN_NM" : "알프스태극종주",
        "PAST_SPOT_" : "4833001040056",
        "MNTN_ID" : "483300104"
      },
      "geometry" : {
        "x" : 379185.00150003564,
        "y" : 331414.7870000042
      }
    },
    {
      "attributes" : {
        "FID" : 56,
        "PMNTN_SPOT" : 61447,
        "MNTN_CODE" : "483300104",
        "MANAGE_SP1" : "10",
        "MANAGE_SP2" : "이정표",
        "DETAIL_SPO" : "이정표",
        "ETC_MATTER" : " ",
        "MNTN_NM" : "알프스태극종주",
        "PAST_SPOT_" : "4833001040057",
        "MNTN_ID" : "483300104"
      },
      "geometry" : {
        "x" : 378775.43640003353,
        "y" : 330935.06240000203
      }
    },
    {
      "attributes" : {
        "FID" : 57,
        "PMNTN_SPOT" : 61448,
        "MNTN_CODE" : "483300104",
        "MANAGE_SP1" : "23",
        "MANAGE_SP2" : "정상",
        "DETAIL_SPO" : "정상(이정표)",
        "ETC_MATTER" : " ",
        "MNTN_NM" : "알프스태극종주",
        "PAST_SPOT_" : "4833001040058",
        "MNTN_ID" : "483300104"
      },
      "geometry" : {
        "x" : 377562.9786000317,
        "y" : 337152.96090000123
      }
    },
    {
      "attributes" : {
        "FID" : 58,
        "PMNTN_SPOT" : 61449,
        "MNTN_CODE" : "483300104",
        "MANAGE_SP1" : "07",
        "MANAGE_SP2" : "시설물(운동기구 등)",
        "DETAIL_SPO" : "시설물",
        "ETC_MATTER" : " ",
        "MNTN_NM" : "알프스태극종주",
        "PAST_SPOT_" : "4833001040059",
        "MNTN_ID" : "483300104"
      },
      "geometry" : {
        "x" : 379473.60990003496,
        "y" : 329846.92910000309
      }
    },
    {
      "attributes" : {
        "FID" : 59,
        "PMNTN_SPOT" : 61450,
        "MNTN_CODE" : "483300104",
        "MANAGE_SP1" : "10",
        "MANAGE_SP2" : "이정표",
        "DETAIL_SPO" : "이정표,안내판,시설물",
        "ETC_MATTER" : " ",
        "MNTN_NM" : "알프스태극종주",
        "PAST_SPOT_" : "4833001040060",
        "MNTN_ID" : "483300104"
      },
      "geometry" : {
        "x" : 379267.75620003324,
        "y" : 330072.72660000436
      }
    },
    {
      "attributes" : {
        "FID" : 60,
        "PMNTN_SPOT" : 61451,
        "MNTN_CODE" : "483300104",
        "MANAGE_SP1" : "07",
        "MANAGE_SP2" : "시설물(운동기구 등)",
        "DETAIL_SPO" : "시설물,이정표(훼손지)",
        "ETC_MATTER" : " ",
        "MNTN_NM" : "알프스태극종주",
        "PAST_SPOT_" : "4833001040061",
        "MNTN_ID" : "483300104"
      },
      "geometry" : {
        "x" : 379068.90260003507,
        "y" : 330180.82970000058
      }
    },
    {
      "attributes" : {
        "FID" : 61,
        "PMNTN_SPOT" : 61452,
        "MNTN_CODE" : "483300104",
        "MANAGE_SP1" : "15",
        "MANAGE_SP2" : "훼손지",
        "DETAIL_SPO" : "훼손지",
        "ETC_MATTER" : " ",
        "MNTN_NM" : "알프스태극종주",
        "PAST_SPOT_" : "4833001040062",
        "MNTN_ID" : "483300104"
      },
      "geometry" : {
        "x" : 378910.42990003526,
        "y" : 330527.44889999926
      }
    },
    {
      "attributes" : {
        "FID" : 62,
        "PMNTN_SPOT" : 61453,
        "MNTN_CODE" : "483300104",
        "MANAGE_SP1" : "23",
        "MANAGE_SP2" : "정상",
        "DETAIL_SPO" : "정상,이정표",
        "ETC_MATTER" : " ",
        "MNTN_NM" : "알프스태극종주",
        "PAST_SPOT_" : "4833001040063",
        "MNTN_ID" : "483300104"
      },
      "geometry" : {
        "x" : 378825.48150003329,
        "y" : 330789.16660000384
      }
    },
    {
      "attributes" : {
        "FID" : 63,
        "PMNTN_SPOT" : 61454,
        "MNTN_CODE" : "483300104",
        "MANAGE_SP1" : "23",
        "MANAGE_SP2" : "정상",
        "DETAIL_SPO" : "정상(조망점),이정표",
        "ETC_MATTER" : " ",
        "MNTN_NM" : "알프스태극종주",
        "PAST_SPOT_" : "4833001040064",
        "MNTN_ID" : "483300104"
      },
      "geometry" : {
        "x" : 374923.95720002893,
        "y" : 339195.16789999977
      }
    },
    {
      "attributes" : {
        "FID" : 64,
        "PMNTN_SPOT" : 61455,
        "MNTN_CODE" : "483300104",
        "MANAGE_SP1" : "23",
        "MANAGE_SP2" : "정상",
        "DETAIL_SPO" : "정상,이정표",
        "ETC_MATTER" : " ",
        "MNTN_NM" : "알프스태극종주",
        "PAST_SPOT_" : "4833001040065",
        "MNTN_ID" : "483300104"
      },
      "geometry" : {
        "x" : 379598.59790003486,
        "y" : 329411.4222000055
      }
    },
    {
      "attributes" : {
        "FID" : 65,
        "PMNTN_SPOT" : 61456,
        "MNTN_CODE" : "483300104",
        "MANAGE_SP1" : "15",
        "MANAGE_SP2" : "훼손지",
        "DETAIL_SPO" : "훼손지",
        "ETC_MATTER" : " ",
        "MNTN_NM" : "알프스태극종주",
        "PAST_SPOT_" : "4833001040066",
        "MNTN_ID" : "483300104"
      },
      "geometry" : {
        "x" : 379857.27130003832,
        "y" : 329031.76840000227
      }
    },
    {
      "attributes" : {
        "FID" : 66,
        "PMNTN_SPOT" : 61457,
        "MNTN_CODE" : "483300104",
        "MANAGE_SP1" : "99",
        "MANAGE_SP2" : "기타",
        "DETAIL_SPO" : "삼각점",
        "ETC_MATTER" : " ",
        "MNTN_NM" : "알프스태극종주",
        "PAST_SPOT_" : "4833001040067",
        "MNTN_ID" : "483300104"
      },
      "geometry" : {
        "x" : 380400.29600003734,
        "y" : 326853.82560000196
      }
    },
    {
      "attributes" : {
        "FID" : 67,
        "PMNTN_SPOT" : 61458,
        "MNTN_CODE" : "483300104",
        "MANAGE_SP1" : "10",
        "MANAGE_SP2" : "이정표",
        "DETAIL_SPO" : "이정표,안내판",
        "ETC_MATTER" : " ",
        "MNTN_NM" : "알프스태극종주",
        "PAST_SPOT_" : "4833001040068",
        "MNTN_ID" : "483300104"
      },
      "geometry" : {
        "x" : 381135.68380003516,
        "y" : 328648.10490000434
      }
    },
    {
      "attributes" : {
        "FID" : 68,
        "PMNTN_SPOT" : 61459,
        "MNTN_CODE" : "483300104",
        "MANAGE_SP1" : "99",
        "MANAGE_SP2" : "기타",
        "DETAIL_SPO" : "119표지",
        "ETC_MATTER" : " ",
        "MNTN_NM" : "알프스태극종주",
        "PAST_SPOT_" : "4833001040069",
        "MNTN_ID" : "483300104"
      },
      "geometry" : {
        "x" : 380792.03850003891,
        "y" : 328799.00130000152
      }
    },
    {
      "attributes" : {
        "FID" : 69,
        "PMNTN_SPOT" : 61460,
        "MNTN_CODE" : "483300104",
        "MANAGE_SP1" : "99",
        "MANAGE_SP2" : "기타",
        "DETAIL_SPO" : "119밀양 마",
        "ETC_MATTER" : " ",
        "MNTN_NM" : "알프스태극종주",
        "PAST_SPOT_" : "4833001040070",
        "MNTN_ID" : "483300104"
      },
      "geometry" : {
        "x" : 380792.03850003891,
        "y" : 328799.00130000152
      }
    },
    {
      "attributes" : {
        "FID" : 70,
        "PMNTN_SPOT" : 61461,
        "MNTN_CODE" : "483300104",
        "MANAGE_SP1" : "07",
        "MANAGE_SP2" : "시설물(운동기구 등)",
        "DETAIL_SPO" : "시설물",
        "ETC_MATTER" : " ",
        "MNTN_NM" : "알프스태극종주",
        "PAST_SPOT_" : "4833001040071",
        "MNTN_ID" : "483300104"
      },
      "geometry" : {
        "x" : 380527.90080003813,
        "y" : 328713.72420000099
      }
    },
    {
      "attributes" : {
        "FID" : 71,
        "PMNTN_SPOT" : 61462,
        "MNTN_CODE" : "483300104",
        "MANAGE_SP1" : "99",
        "MANAGE_SP2" : "기타",
        "DETAIL_SPO" : "표지석",
        "ETC_MATTER" : " ",
        "MNTN_NM" : "알프스태극종주",
        "PAST_SPOT_" : "4833001040072",
        "MNTN_ID" : "483300104"
      },
      "geometry" : {
        "x" : 380238.94670003653,
        "y" : 328555.42940000072
      }
    },
    {
      "attributes" : {
        "FID" : 72,
        "PMNTN_SPOT" : 61463,
        "MNTN_CODE" : "483300104",
        "MANAGE_SP1" : "10",
        "MANAGE_SP2" : "이정표",
        "DETAIL_SPO" : "이정표",
        "ETC_MATTER" : " ",
        "MNTN_NM" : "알프스태극종주",
        "PAST_SPOT_" : "4833001040073",
        "MNTN_ID" : "483300104"
      },
      "geometry" : {
        "x" : 380063.29560003616,
        "y" : 328339.71460000239
      }
    },
    {
      "attributes" : {
        "FID" : 73,
        "PMNTN_SPOT" : 61464,
        "MNTN_CODE" : "483300104",
        "MANAGE_SP1" : "99",
        "MANAGE_SP2" : "기타",
        "DETAIL_SPO" : "교적비,안내판",
        "ETC_MATTER" : " ",
        "MNTN_NM" : "알프스태극종주",
        "PAST_SPOT_" : "4833001040074",
        "MNTN_ID" : "483300104"
      },
      "geometry" : {
        "x" : 379933.54050003458,
        "y" : 328398.65580000356
      }
    },
    {
      "attributes" : {
        "FID" : 74,
        "PMNTN_SPOT" : 61465,
        "MNTN_CODE" : "483300104",
        "MANAGE_SP1" : "10",
        "MANAGE_SP2" : "이정표",
        "DETAIL_SPO" : "이정표",
        "ETC_MATTER" : " ",
        "MNTN_NM" : "알프스태극종주",
        "PAST_SPOT_" : "4833001040075",
        "MNTN_ID" : "483300104"
      },
      "geometry" : {
        "x" : 380023.01690003648,
        "y" : 328461.51810000278
      }
    },
    {
      "attributes" : {
        "FID" : 75,
        "PMNTN_SPOT" : 61466,
        "MNTN_CODE" : "483300104",
        "MANAGE_SP1" : "10",
        "MANAGE_SP2" : "이정표",
        "DETAIL_SPO" : "이정표",
        "ETC_MATTER" : " ",
        "MNTN_NM" : "알프스태극종주",
        "PAST_SPOT_" : "4833001040076",
        "MNTN_ID" : "483300104"
      },
      "geometry" : {
        "x" : 379892.36650003586,
        "y" : 328851.66690000519
      }
    },
    {
      "attributes" : {
        "FID" : 76,
        "PMNTN_SPOT" : 61467,
        "MNTN_CODE" : "483300104",
        "MANAGE_SP1" : "15",
        "MANAGE_SP2" : "훼손지",
        "DETAIL_SPO" : "훼손지",
        "ETC_MATTER" : " ",
        "MNTN_NM" : "알프스태극종주",
        "PAST_SPOT_" : "4833001040077",
        "MNTN_ID" : "483300104"
      },
      "geometry" : {
        "x" : 379841.36580003612,
        "y" : 328920.43080000393
      }
    },
    {
      "attributes" : {
        "FID" : 77,
        "PMNTN_SPOT" : 61468,
        "MNTN_CODE" : "483300104",
        "MANAGE_SP1" : "10",
        "MANAGE_SP2" : "이정표",
        "DETAIL_SPO" : "이정표,안내판",
        "ETC_MATTER" : " ",
        "MNTN_NM" : "알프스태극종주",
        "PAST_SPOT_" : "4833001040078",
        "MNTN_ID" : "483300104"
      },
      "geometry" : {
        "x" : 374713.08170003165,
        "y" : 337219.8115000017
      }
    },
    {
      "attributes" : {
        "FID" : 78,
        "PMNTN_SPOT" : 61469,
        "MNTN_CODE" : "483300104",
        "MANAGE_SP1" : "10",
        "MANAGE_SP2" : "이정표",
        "DETAIL_SPO" : "이정표",
        "ETC_MATTER" : " ",
        "MNTN_NM" : "알프스태극종주",
        "PAST_SPOT_" : "4833001040079",
        "MNTN_ID" : "483300104"
      },
      "geometry" : {
        "x" : 382500.40930003952,
        "y" : 325419.91320000403
      }
    },
    {
      "attributes" : {
        "FID" : 79,
        "PMNTN_SPOT" : 61470,
        "MNTN_CODE" : "483300104",
        "MANAGE_SP1" : "99",
        "MANAGE_SP2" : "기타",
        "DETAIL_SPO" : "기타",
        "ETC_MATTER" : " ",
        "MNTN_NM" : "알프스태극종주",
        "PAST_SPOT_" : "4833001040080",
        "MNTN_ID" : "483300104"
      },
      "geometry" : {
        "x" : 383135.62120004185,
        "y" : 324633.40110000037
      }
    },
    {
      "attributes" : {
        "FID" : 80,
        "PMNTN_SPOT" : 61471,
        "MNTN_CODE" : "483300104",
        "MANAGE_SP1" : "10",
        "MANAGE_SP2" : "이정표",
        "DETAIL_SPO" : "이정표",
        "ETC_MATTER" : " ",
        "MNTN_NM" : "알프스태극종주",
        "PAST_SPOT_" : "4833001040081",
        "MNTN_ID" : "483300104"
      },
      "geometry" : {
        "x" : 383309.77470004186,
        "y" : 324315.17560000345
      }
    },
    {
      "attributes" : {
        "FID" : 81,
        "PMNTN_SPOT" : 61472,
        "MNTN_CODE" : "483300104",
        "MANAGE_SP1" : "23",
        "MANAGE_SP2" : "정상",
        "DETAIL_SPO" : "정상(이정표),조망점",
        "ETC_MATTER" : " ",
        "MNTN_NM" : "알프스태극종주",
        "PAST_SPOT_" : "4833001040082",
        "MNTN_ID" : "483300104"
      },
      "geometry" : {
        "x" : 383617.08970004227,
        "y" : 324122.78480000235
      }
    },
    {
      "attributes" : {
        "FID" : 82,
        "PMNTN_SPOT" : 61473,
        "MNTN_CODE" : "483300104",
        "MANAGE_SP1" : "09",
        "MANAGE_SP2" : "기타건물",
        "DETAIL_SPO" : "기타건물",
        "ETC_MATTER" : " ",
        "MNTN_NM" : "알프스태극종주",
        "PAST_SPOT_" : "4833001040083",
        "MNTN_ID" : "483300104"
      },
      "geometry" : {
        "x" : 374616.92120002955,
        "y" : 337021.41819999926
      }
    },
    {
      "attributes" : {
        "FID" : 83,
        "PMNTN_SPOT" : 61474,
        "MNTN_CODE" : "483300104",
        "MANAGE_SP1" : "13",
        "MANAGE_SP2" : "유적(문화, 역사)",
        "DETAIL_SPO" : "유적,화장실,음수대",
        "ETC_MATTER" : " ",
        "MNTN_NM" : "알프스태극종주",
        "PAST_SPOT_" : "4833001040084",
        "MNTN_ID" : "483300104"
      },
      "geometry" : {
        "x" : 374643.28020002972,
        "y" : 337139.89950000308
      }
    },
    {
      "attributes" : {
        "FID" : 84,
        "PMNTN_SPOT" : 61475,
        "MNTN_CODE" : "483300104",
        "MANAGE_SP1" : "10",
        "MANAGE_SP2" : "이정표",
        "DETAIL_SPO" : "이정표",
        "ETC_MATTER" : " ",
        "MNTN_NM" : "알프스태극종주",
        "PAST_SPOT_" : "4833001040085",
        "MNTN_ID" : "483300104"
      },
      "geometry" : {
        "x" : 383932.21810004301,
        "y" : 324237.62970000133
      }
    },
    {
      "attributes" : {
        "FID" : 85,
        "PMNTN_SPOT" : 61476,
        "MNTN_CODE" : "483300104",
        "MANAGE_SP1" : "10",
        "MANAGE_SP2" : "이정표",
        "DETAIL_SPO" : "이정표",
        "ETC_MATTER" : " ",
        "MNTN_NM" : "알프스태극종주",
        "PAST_SPOT_" : "4833001040086",
        "MNTN_ID" : "483300104"
      },
      "geometry" : {
        "x" : 384689.12620004267,
        "y" : 325150.28350000456
      }
    },
    {
      "attributes" : {
        "FID" : 86,
        "PMNTN_SPOT" : 61477,
        "MNTN_CODE" : "483300104",
        "MANAGE_SP1" : "10",
        "MANAGE_SP2" : "이정표",
        "DETAIL_SPO" : "이정표",
        "ETC_MATTER" : " ",
        "MNTN_NM" : "알프스태극종주",
        "PAST_SPOT_" : "4833001040087",
        "MNTN_ID" : "483300104"
      },
      "geometry" : {
        "x" : 384841.95580004435,
        "y" : 325550.2945000045
      }
    },
    {
      "attributes" : {
        "FID" : 87,
        "PMNTN_SPOT" : 61478,
        "MNTN_CODE" : "483300104",
        "MANAGE_SP1" : "14",
        "MANAGE_SP2" : "조망점",
        "DETAIL_SPO" : "조망점",
        "ETC_MATTER" : " ",
        "MNTN_NM" : "알프스태극종주",
        "PAST_SPOT_" : "4833001040088",
        "MNTN_ID" : "483300104"
      },
      "geometry" : {
        "x" : 384913.54230004363,
        "y" : 325674.96840000339
      }
    },
    {
      "attributes" : {
        "FID" : 88,
        "PMNTN_SPOT" : 61479,
        "MNTN_CODE" : "483300104",
        "MANAGE_SP1" : "10",
        "MANAGE_SP2" : "이정표",
        "DETAIL_SPO" : "이정표",
        "ETC_MATTER" : " ",
        "MNTN_NM" : "알프스태극종주",
        "PAST_SPOT_" : "4833001040089",
        "MNTN_ID" : "483300104"
      },
      "geometry" : {
        "x" : 385160.60870004352,
        "y" : 325783.84140000306
      }
    },
    {
      "attributes" : {
        "FID" : 89,
        "PMNTN_SPOT" : 61480,
        "MNTN_CODE" : "483300104",
        "MANAGE_SP1" : "15",
        "MANAGE_SP2" : "훼손지",
        "DETAIL_SPO" : "훼손지",
        "ETC_MATTER" : " ",
        "MNTN_NM" : "알프스태극종주",
        "PAST_SPOT_" : "4833001040090",
        "MNTN_ID" : "483300104"
      },
      "geometry" : {
        "x" : 385699.57570004649,
        "y" : 326119.76160000451
      }
    },
    {
      "attributes" : {
        "FID" : 90,
        "PMNTN_SPOT" : 61481,
        "MNTN_CODE" : "483300104",
        "MANAGE_SP1" : "10",
        "MANAGE_SP2" : "이정표",
        "DETAIL_SPO" : "이정표",
        "ETC_MATTER" : " ",
        "MNTN_NM" : "알프스태극종주",
        "PAST_SPOT_" : "4833001040091",
        "MNTN_ID" : "483300104"
      },
      "geometry" : {
        "x" : 386001.94050004426,
        "y" : 326252.10110000148
      }
    },
    {
      "attributes" : {
        "FID" : 91,
        "PMNTN_SPOT" : 61482,
        "MNTN_CODE" : "483300104",
        "MANAGE_SP1" : "11",
        "MANAGE_SP2" : "안내판또는지도",
        "DETAIL_SPO" : "안내판(기타)",
        "ETC_MATTER" : " ",
        "MNTN_NM" : "알프스태극종주",
        "PAST_SPOT_" : "4833001040092",
        "MNTN_ID" : "483300104"
      },
      "geometry" : {
        "x" : 374618.86300002877,
        "y" : 336412.71740000509
      }
    },
    {
      "attributes" : {
        "FID" : 92,
        "PMNTN_SPOT" : 61483,
        "MNTN_CODE" : "483300104",
        "MANAGE_SP1" : "07",
        "MANAGE_SP2" : "시설물(운동기구 등)",
        "DETAIL_SPO" : "시설물",
        "ETC_MATTER" : " ",
        "MNTN_NM" : "알프스태극종주",
        "PAST_SPOT_" : "4833001040093",
        "MNTN_ID" : "483300104"
      },
      "geometry" : {
        "x" : 386305.82320004422,
        "y" : 328732.36240000278
      }
    },
    {
      "attributes" : {
        "FID" : 93,
        "PMNTN_SPOT" : 61484,
        "MNTN_CODE" : "483300104",
        "MANAGE_SP1" : "10",
        "MANAGE_SP2" : "이정표",
        "DETAIL_SPO" : "이정표(신불재)",
        "ETC_MATTER" : " ",
        "MNTN_NM" : "알프스태극종주",
        "PAST_SPOT_" : "4833001040094",
        "MNTN_ID" : "483300104"
      },
      "geometry" : {
        "x" : 386483.39430004545,
        "y" : 328310.66420000605
      }
    },
    {
      "attributes" : {
        "FID" : 94,
        "PMNTN_SPOT" : 61485,
        "MNTN_CODE" : "483300104",
        "MANAGE_SP1" : "07",
        "MANAGE_SP2" : "시설물(운동기구 등)",
        "DETAIL_SPO" : "시설물,접점",
        "ETC_MATTER" : " ",
        "MNTN_NM" : "알프스태극종주",
        "PAST_SPOT_" : "4833001040095",
        "MNTN_ID" : "483300104"
      },
      "geometry" : {
        "x" : 386572.61250004545,
        "y" : 328124.56640000269
      }
    },
    {
      "attributes" : {
        "FID" : 95,
        "PMNTN_SPOT" : 61486,
        "MNTN_CODE" : "483300104",
        "MANAGE_SP1" : "11",
        "MANAGE_SP2" : "안내판또는지도",
        "DETAIL_SPO" : "안내판",
        "ETC_MATTER" : " ",
        "MNTN_NM" : "알프스태극종주",
        "PAST_SPOT_" : "4833001040096",
        "MNTN_ID" : "483300104"
      },
      "geometry" : {
        "x" : 386185.57060004398,
        "y" : 327351.75170000456
      }
    },
    {
      "attributes" : {
        "FID" : 96,
        "PMNTN_SPOT" : 61487,
        "MNTN_CODE" : "483300104",
        "MANAGE_SP1" : "11",
        "MANAGE_SP2" : "안내판또는지도",
        "DETAIL_SPO" : "안내판",
        "ETC_MATTER" : " ",
        "MNTN_NM" : "알프스태극종주",
        "PAST_SPOT_" : "4833001040097",
        "MNTN_ID" : "483300104"
      },
      "geometry" : {
        "x" : 386147.6522000432,
        "y" : 327013.58900000528
      }
    },
    {
      "attributes" : {
        "FID" : 97,
        "PMNTN_SPOT" : 61488,
        "MNTN_CODE" : "483300104",
        "MANAGE_SP1" : "15",
        "MANAGE_SP2" : "훼손지",
        "DETAIL_SPO" : "훼손지",
        "ETC_MATTER" : " ",
        "MNTN_NM" : "알프스태극종주",
        "PAST_SPOT_" : "4833001040098",
        "MNTN_ID" : "483300104"
      },
      "geometry" : {
        "x" : 386116.94120004494,
        "y" : 326840.41080000252
      }
    },
    {
      "attributes" : {
        "FID" : 98,
        "PMNTN_SPOT" : 61489,
        "MNTN_CODE" : "483300104",
        "MANAGE_SP1" : "15",
        "MANAGE_SP2" : "훼손지",
        "DETAIL_SPO" : "훼손지",
        "ETC_MATTER" : " ",
        "MNTN_NM" : "알프스태극종주",
        "PAST_SPOT_" : "4833001040099",
        "MNTN_ID" : "483300104"
      },
      "geometry" : {
        "x" : 386129.52210004441,
        "y" : 326725.29910000414
      }
    },
    {
      "attributes" : {
        "FID" : 99,
        "PMNTN_SPOT" : 61490,
        "MNTN_CODE" : "483300104",
        "MANAGE_SP1" : "11",
        "MANAGE_SP2" : "안내판또는지도",
        "DETAIL_SPO" : "안내판,훼손지",
        "ETC_MATTER" : " ",
        "MNTN_NM" : "알프스태극종주",
        "PAST_SPOT_" : "4833001040100",
        "MNTN_ID" : "483300104"
      },
      "geometry" : {
        "x" : 386125.58390004653,
        "y" : 326580.53380000405
      }
    },
    {
      "attributes" : {
        "FID" : 100,
        "PMNTN_SPOT" : 61491,
        "MNTN_CODE" : "483300104",
        "MANAGE_SP1" : "23",
        "MANAGE_SP2" : "정상",
        "DETAIL_SPO" : "정상,이정표",
        "ETC_MATTER" : " ",
        "MNTN_NM" : "알프스태극종주",
        "PAST_SPOT_" : "4833001040101",
        "MNTN_ID" : "483300104"
      },
      "geometry" : {
        "x" : 386218.16400004458,
        "y" : 326284.77980000153
      }
    },
    {
      "attributes" : {
        "FID" : 101,
        "PMNTN_SPOT" : 61492,
        "MNTN_CODE" : "483300104",
        "MANAGE_SP1" : "07",
        "MANAGE_SP2" : "시설물(운동기구 등)",
        "DETAIL_SPO" : "시설물",
        "ETC_MATTER" : " ",
        "MNTN_NM" : "알프스태극종주",
        "PAST_SPOT_" : "4833001040102",
        "MNTN_ID" : "483300104"
      },
      "geometry" : {
        "x" : 385319.20650004409,
        "y" : 330111.18600000441
      }
    },
    {
      "attributes" : {
        "FID" : 102,
        "PMNTN_SPOT" : 61493,
        "MNTN_CODE" : "483300104",
        "MANAGE_SP1" : "07",
        "MANAGE_SP2" : "시설물(운동기구 등)",
        "DETAIL_SPO" : "시설물,접점,이정표",
        "ETC_MATTER" : " ",
        "MNTN_NM" : "알프스태극종주",
        "PAST_SPOT_" : "4833001040103",
        "MNTN_ID" : "483300104"
      },
      "geometry" : {
        "x" : 385420.48380004335,
        "y" : 330072.11090000346
      }
    },
    {
      "attributes" : {
        "FID" : 103,
        "PMNTN_SPOT" : 61494,
        "MNTN_CODE" : "483300104",
        "MANAGE_SP1" : "07",
        "MANAGE_SP2" : "시설물(운동기구 등)",
        "DETAIL_SPO" : "시설물",
        "ETC_MATTER" : " ",
        "MNTN_NM" : "알프스태극종주",
        "PAST_SPOT_" : "4833001040104",
        "MNTN_ID" : "483300104"
      },
      "geometry" : {
        "x" : 385424.1969000455,
        "y" : 329912.53890000284
      }
    },
    {
      "attributes" : {
        "FID" : 104,
        "PMNTN_SPOT" : 61495,
        "MNTN_CODE" : "483300104",
        "MANAGE_SP1" : "07",
        "MANAGE_SP2" : "시설물(운동기구 등)",
        "DETAIL_SPO" : "시설물,이정표,시설물",
        "ETC_MATTER" : " ",
        "MNTN_NM" : "알프스태극종주",
        "PAST_SPOT_" : "4833001040105",
        "MNTN_ID" : "483300104"
      },
      "geometry" : {
        "x" : 385475.18200004473,
        "y" : 329775.69790000282
      }
    },
    {
      "attributes" : {
        "FID" : 105,
        "PMNTN_SPOT" : 61496,
        "MNTN_CODE" : "483300104",
        "MANAGE_SP1" : "10",
        "MANAGE_SP2" : "이정표",
        "DETAIL_SPO" : "이정표,시설물",
        "ETC_MATTER" : " ",
        "MNTN_NM" : "알프스태극종주",
        "PAST_SPOT_" : "4833001040106",
        "MNTN_ID" : "483300104"
      },
      "geometry" : {
        "x" : 385487.96480004583,
        "y" : 329687.54570000432
      }
    },
    {
      "attributes" : {
        "FID" : 106,
        "PMNTN_SPOT" : 61497,
        "MNTN_CODE" : "483300104",
        "MANAGE_SP1" : "10",
        "MANAGE_SP2" : "이정표",
        "DETAIL_SPO" : "이정표",
        "ETC_MATTER" : " ",
        "MNTN_NM" : "알프스태극종주",
        "PAST_SPOT_" : "4833001040107",
        "MNTN_ID" : "483300104"
      },
      "geometry" : {
        "x" : 385651.64180004597,
        "y" : 329442.6805000063
      }
    },
    {
      "attributes" : {
        "FID" : 107,
        "PMNTN_SPOT" : 61498,
        "MNTN_CODE" : "483300104",
        "MANAGE_SP1" : "10",
        "MANAGE_SP2" : "이정표",
        "DETAIL_SPO" : "이정표",
        "ETC_MATTER" : " ",
        "MNTN_NM" : "알프스태극종주",
        "PAST_SPOT_" : "4833001040108",
        "MNTN_ID" : "483300104"
      },
      "geometry" : {
        "x" : 385753.4748000456,
        "y" : 329294.441300001
      }
    },
    {
      "attributes" : {
        "FID" : 108,
        "PMNTN_SPOT" : 61499,
        "MNTN_CODE" : "483300104",
        "MANAGE_SP1" : "99",
        "MANAGE_SP2" : "기타",
        "DETAIL_SPO" : "119표지",
        "ETC_MATTER" : " ",
        "MNTN_NM" : "알프스태극종주",
        "PAST_SPOT_" : "4833001040109",
        "MNTN_ID" : "483300104"
      },
      "geometry" : {
        "x" : 385750.16370004602,
        "y" : 329010.378800001
      }
    },
    {
      "attributes" : {
        "FID" : 109,
        "PMNTN_SPOT" : 61500,
        "MNTN_CODE" : "483300104",
        "MANAGE_SP1" : "99",
        "MANAGE_SP2" : "기타",
        "DETAIL_SPO" : "119울산308",
        "ETC_MATTER" : " ",
        "MNTN_NM" : "알프스태극종주",
        "PAST_SPOT_" : "4833001040110",
        "MNTN_ID" : "483300104"
      },
      "geometry" : {
        "x" : 385750.16370004602,
        "y" : 329010.378800001
      }
    },
    {
      "attributes" : {
        "FID" : 110,
        "PMNTN_SPOT" : 61501,
        "MNTN_CODE" : "483300104",
        "MANAGE_SP1" : "07",
        "MANAGE_SP2" : "시설물(운동기구 등)",
        "DETAIL_SPO" : "시설물",
        "ETC_MATTER" : " ",
        "MNTN_NM" : "알프스태극종주",
        "PAST_SPOT_" : "4833001040111",
        "MNTN_ID" : "483300104"
      },
      "geometry" : {
        "x" : 385778.26020004414,
        "y" : 328970.1072000023
      }
    },
    {
      "attributes" : {
        "FID" : 111,
        "PMNTN_SPOT" : 61502,
        "MNTN_CODE" : "483300104",
        "MANAGE_SP1" : "10",
        "MANAGE_SP2" : "이정표",
        "DETAIL_SPO" : "이정표,시설물",
        "ETC_MATTER" : " ",
        "MNTN_NM" : "알프스태극종주",
        "PAST_SPOT_" : "4833001040112",
        "MNTN_ID" : "483300104"
      },
      "geometry" : {
        "x" : 385795.65270004142,
        "y" : 328950.1742000021
      }
    },
    {
      "attributes" : {
        "FID" : 112,
        "PMNTN_SPOT" : 61503,
        "MNTN_CODE" : "483300104",
        "MANAGE_SP1" : "07",
        "MANAGE_SP2" : "시설물(운동기구 등)",
        "DETAIL_SPO" : "시설물",
        "ETC_MATTER" : " ",
        "MNTN_NM" : "알프스태극종주",
        "PAST_SPOT_" : "4833001040113",
        "MNTN_ID" : "483300104"
      },
      "geometry" : {
        "x" : 386223.16940004472,
        "y" : 328886.59140000306
      }
    },
    {
      "attributes" : {
        "FID" : 113,
        "PMNTN_SPOT" : 61504,
        "MNTN_CODE" : "483300104",
        "MANAGE_SP1" : "23",
        "MANAGE_SP2" : "정상",
        "DETAIL_SPO" : "정상,시설물",
        "ETC_MATTER" : " ",
        "MNTN_NM" : "알프스태극종주",
        "PAST_SPOT_" : "4833001040114",
        "MNTN_ID" : "483300104"
      },
      "geometry" : {
        "x" : 386291.01190004591,
        "y" : 328876.89290000126
      }
    },
    {
      "attributes" : {
        "FID" : 114,
        "PMNTN_SPOT" : 61505,
        "MNTN_CODE" : "483300104",
        "MANAGE_SP1" : "11",
        "MANAGE_SP2" : "안내판또는지도",
        "DETAIL_SPO" : "안내판",
        "ETC_MATTER" : " ",
        "MNTN_NM" : "알프스태극종주",
        "PAST_SPOT_" : "4833001040115",
        "MNTN_ID" : "483300104"
      },
      "geometry" : {
        "x" : 383871.6878000414,
        "y" : 333338.42940000445
      }
    },
    {
      "attributes" : {
        "FID" : 115,
        "PMNTN_SPOT" : 61506,
        "MNTN_CODE" : "483300104",
        "MANAGE_SP1" : "07",
        "MANAGE_SP2" : "시설물(운동기구 등)",
        "DETAIL_SPO" : "시설물",
        "ETC_MATTER" : " ",
        "MNTN_NM" : "알프스태극종주",
        "PAST_SPOT_" : "4833001040116",
        "MNTN_ID" : "483300104"
      },
      "geometry" : {
        "x" : 383958.08780004177,
        "y" : 333320.71580000408
      }
    },
    {
      "attributes" : {
        "FID" : 116,
        "PMNTN_SPOT" : 61507,
        "MNTN_CODE" : "483300104",
        "MANAGE_SP1" : "07",
        "MANAGE_SP2" : "시설물(운동기구 등)",
        "DETAIL_SPO" : "시설물",
        "ETC_MATTER" : " ",
        "MNTN_NM" : "알프스태극종주",
        "PAST_SPOT_" : "4833001040117",
        "MNTN_ID" : "483300104"
      },
      "geometry" : {
        "x" : 384505.57100004237,
        "y" : 333036.14180000313
      }
    },
    {
      "attributes" : {
        "FID" : 117,
        "PMNTN_SPOT" : 61508,
        "MNTN_CODE" : "483300104",
        "MANAGE_SP1" : "10",
        "MANAGE_SP2" : "이정표",
        "DETAIL_SPO" : "이정표",
        "ETC_MATTER" : " ",
        "MNTN_NM" : "알프스태극종주",
        "PAST_SPOT_" : "4833001040118",
        "MNTN_ID" : "483300104"
      },
      "geometry" : {
        "x" : 384519.58750004228,
        "y" : 333019.75640000403
      }
    },
    {
      "attributes" : {
        "FID" : 118,
        "PMNTN_SPOT" : 61509,
        "MNTN_CODE" : "483300104",
        "MANAGE_SP1" : "23",
        "MANAGE_SP2" : "정상",
        "DETAIL_SPO" : "정상,이정표",
        "ETC_MATTER" : " ",
        "MNTN_NM" : "알프스태극종주",
        "PAST_SPOT_" : "4833001040119",
        "MNTN_ID" : "483300104"
      },
      "geometry" : {
        "x" : 384596.12380004209,
        "y" : 332669.83479999937
      }
    },
    {
      "attributes" : {
        "FID" : 119,
        "PMNTN_SPOT" : 61510,
        "MNTN_CODE" : "483300104",
        "MANAGE_SP1" : "14",
        "MANAGE_SP2" : "조망점",
        "DETAIL_SPO" : "조망점",
        "ETC_MATTER" : " ",
        "MNTN_NM" : "알프스태극종주",
        "PAST_SPOT_" : "4833001040120",
        "MNTN_ID" : "483300104"
      },
      "geometry" : {
        "x" : 385295.67590004392,
        "y" : 331260.40480000153
      }
    },
    {
      "attributes" : {
        "FID" : 120,
        "PMNTN_SPOT" : 61511,
        "MNTN_CODE" : "483300104",
        "MANAGE_SP1" : "15",
        "MANAGE_SP2" : "훼손지",
        "DETAIL_SPO" : "훼손지",
        "ETC_MATTER" : " ",
        "MNTN_NM" : "알프스태극종주",
        "PAST_SPOT_" : "4833001040121",
        "MNTN_ID" : "483300104"
      },
      "geometry" : {
        "x" : 385142.45480004326,
        "y" : 330658.47430000268
      }
    },
    {
      "attributes" : {
        "FID" : 121,
        "PMNTN_SPOT" : 61512,
        "MNTN_CODE" : "483300104",
        "MANAGE_SP1" : "23",
        "MANAGE_SP2" : "정상",
        "DETAIL_SPO" : "정상",
        "ETC_MATTER" : " ",
        "MNTN_NM" : "알프스태극종주",
        "PAST_SPOT_" : "4833001040122",
        "MNTN_ID" : "483300104"
      },
      "geometry" : {
        "x" : 384995.91970004421,
        "y" : 330268.67100000195
      }
    },
    {
      "attributes" : {
        "FID" : 122,
        "PMNTN_SPOT" : 61513,
        "MNTN_CODE" : "483300104",
        "MANAGE_SP1" : "01",
        "MANAGE_SP2" : "시종점",
        "DETAIL_SPO" : "시종점",
        "ETC_MATTER" : " ",
        "MNTN_NM" : "알프스태극종주",
        "PAST_SPOT_" : "4833001040123",
        "MNTN_ID" : "483300104"
      },
      "geometry" : {
        "x" : 374621.44706259947,
        "y" : 336819.10172027536
      }
    },
    {
      "attributes" : {
        "FID" : 123,
        "PMNTN_SPOT" : 61514,
        "MNTN_CODE" : "483300104",
        "MANAGE_SP1" : "01",
        "MANAGE_SP2" : "시종점",
        "DETAIL_SPO" : "시종점",
        "ETC_MATTER" : " ",
        "MNTN_NM" : "알프스태극종주",
        "PAST_SPOT_" : "4833001040124",
        "MNTN_ID" : "483300104"
      },
      "geometry" : {
        "x" : 380407.7450018879,
        "y" : 326800.53430008702
      }
    },
    {
      "attributes" : {
        "FID" : 124,
        "PMNTN_SPOT" : 61515,
        "MNTN_CODE" : "483300104",
        "MANAGE_SP1" : "01",
        "MANAGE_SP2" : "시종점",
        "DETAIL_SPO" : "시종점",
        "ETC_MATTER" : " ",
        "MNTN_NM" : "알프스태극종주",
        "PAST_SPOT_" : "4833001040125",
        "MNTN_ID" : "483300104"
      },
      "geometry" : {
        "x" : 380411.38800189085,
        "y" : 326808.28730009124
      }
    },
    {
      "attributes" : {
        "FID" : 125,
        "PMNTN_SPOT" : 61516,
        "MNTN_CODE" : "483300104",
        "MANAGE_SP1" : "01",
        "MANAGE_SP2" : "시종점",
        "DETAIL_SPO" : "시종점",
        "ETC_MATTER" : " ",
        "MNTN_NM" : "알프스태극종주",
        "PAST_SPOT_" : "4833001040126",
        "MNTN_ID" : "483300104"
      },
      "geometry" : {
        "x" : 383727.53530029021,
        "y" : 333458.56930001266
      }
    },
    {
      "attributes" : {
        "FID" : 126,
        "PMNTN_SPOT" : 61517,
        "MNTN_CODE" : "483300104",
        "MANAGE_SP1" : "02",
        "MANAGE_SP2" : "분기점",
        "DETAIL_SPO" : "분기점",
        "ETC_MATTER" : " ",
        "MNTN_NM" : "알프스태극종주",
        "PAST_SPOT_" : "4833001040127",
        "MNTN_ID" : "483300104"
      },
      "geometry" : {
        "x" : 384564.7916002078,
        "y" : 332561.26330001466
      }
    },
    {
      "attributes" : {
        "FID" : 127,
        "PMNTN_SPOT" : 61518,
        "MNTN_CODE" : "483300104",
        "MANAGE_SP1" : "02",
        "MANAGE_SP2" : "분기점",
        "DETAIL_SPO" : "분기점",
        "ETC_MATTER" : " ",
        "MNTN_NM" : "알프스태극종주",
        "PAST_SPOT_" : "4833001040128",
        "MNTN_ID" : "483300104"
      },
      "geometry" : {
        "x" : 384740.74320021085,
        "y" : 332163.31230000965
      }
    },
    {
      "attributes" : {
        "FID" : 128,
        "PMNTN_SPOT" : 98329,
        "MNTN_CODE" : "483300104",
        "MANAGE_SP1" : "15",
        "MANAGE_SP2" : "훼손지",
        "DETAIL_SPO" : "훼손지",
        "ETC_MATTER" : " ",
        "MNTN_NM" : "알프스태극종주",
        "PAST_SPOT_" : "4833001040129",
        "MNTN_ID" : "483300104"
      },
      "geometry" : {
        "x" : 377463.19069999934,
        "y" : 337718.0339000001
      }
    },
    {
      "attributes" : {
        "FID" : 129,
        "PMNTN_SPOT" : 98330,
        "MNTN_CODE" : "483300104",
        "MANAGE_SP1" : "10",
        "MANAGE_SP2" : "이정표",
        "DETAIL_SPO" : "이정표",
        "ETC_MATTER" : " ",
        "MNTN_NM" : "알프스태극종주",
        "PAST_SPOT_" : "4833001040130",
        "MNTN_ID" : "483300104"
      },
      "geometry" : {
        "x" : 379972.31869999925,
        "y" : 336368.67779999948
      }
    },
    {
      "attributes" : {
        "FID" : 130,
        "PMNTN_SPOT" : 98331,
        "MNTN_CODE" : "483300104",
        "MANAGE_SP1" : "15",
        "MANAGE_SP2" : "훼손지",
        "DETAIL_SPO" : "훼손지",
        "ETC_MATTER" : " ",
        "MNTN_NM" : "알프스태극종주",
        "PAST_SPOT_" : "4833001040131",
        "MNTN_ID" : "483300104"
      },
      "geometry" : {
        "x" : 383088.95499999926,
        "y" : 333800.81760000065
      }
    },
    {
      "attributes" : {
        "FID" : 131,
        "PMNTN_SPOT" : 98332,
        "MNTN_CODE" : "483300104",
        "MANAGE_SP1" : "10",
        "MANAGE_SP2" : "이정표",
        "DETAIL_SPO" : "이정표, 시설물",
        "ETC_MATTER" : " ",
        "MNTN_NM" : "알프스태극종주",
        "PAST_SPOT_" : "4833001040132",
        "MNTN_ID" : "483300104"
      },
      "geometry" : {
        "x" : 382422.09559999895,
        "y" : 333571.93050000077
      }
    },
    {
      "attributes" : {
        "FID" : 132,
        "PMNTN_SPOT" : 98333,
        "MNTN_CODE" : "483300104",
        "MANAGE_SP1" : "14",
        "MANAGE_SP2" : "조망점",
        "DETAIL_SPO" : "조망점",
        "ETC_MATTER" : " ",
        "MNTN_NM" : "알프스태극종주",
        "PAST_SPOT_" : "4833001040133",
        "MNTN_ID" : "483300104"
      },
      "geometry" : {
        "x" : 381820.92869999725,
        "y" : 333004.97739999928
      }
    },
    {
      "attributes" : {
        "FID" : 133,
        "PMNTN_SPOT" : 98334,
        "MNTN_CODE" : "483300104",
        "MANAGE_SP1" : "23",
        "MANAGE_SP2" : "정상",
        "DETAIL_SPO" : "이정표, 정상",
        "ETC_MATTER" : " ",
        "MNTN_NM" : "알프스태극종주",
        "PAST_SPOT_" : "4833001040134",
        "MNTN_ID" : "483300104"
      },
      "geometry" : {
        "x" : 379660.65800000075,
        "y" : 329576.55479999905
      }
    },
    {
      "attributes" : {
        "FID" : 134,
        "PMNTN_SPOT" : 98335,
        "MNTN_CODE" : "483300104",
        "MANAGE_SP1" : "07",
        "MANAGE_SP2" : "시설물(운동기구 등)",
        "DETAIL_SPO" : "시설물(운동기구등)",
        "ETC_MATTER" : " ",
        "MNTN_NM" : "알프스태극종주",
        "PAST_SPOT_" : "4833001040135",
        "MNTN_ID" : "483300104"
      },
      "geometry" : {
        "x" : 379340.64189999964,
        "y" : 330057.53790000104
      }
    },
    {
      "attributes" : {
        "FID" : 135,
        "PMNTN_SPOT" : 98336,
        "MNTN_CODE" : "483300104",
        "MANAGE_SP1" : "15",
        "MANAGE_SP2" : "훼손지",
        "DETAIL_SPO" : "훼손지",
        "ETC_MATTER" : " ",
        "MNTN_NM" : "알프스태극종주",
        "PAST_SPOT_" : "4833001040136",
        "MNTN_ID" : "483300104"
      },
      "geometry" : {
        "x" : 381344.38239999919,
        "y" : 324980.07750000071
      }
    },
    {
      "attributes" : {
        "FID" : 136,
        "PMNTN_SPOT" : 98337,
        "MNTN_CODE" : "483300104",
        "MANAGE_SP1" : "10",
        "MANAGE_SP2" : "이정표",
        "DETAIL_SPO" : "이정표",
        "ETC_MATTER" : " ",
        "MNTN_NM" : "알프스태극종주",
        "PAST_SPOT_" : "4833001040137",
        "MNTN_ID" : "483300104"
      },
      "geometry" : {
        "x" : 381240.44030000066,
        "y" : 324983.56909999991
      }
    },
    {
      "attributes" : {
        "FID" : 137,
        "PMNTN_SPOT" : 98338,
        "MNTN_CODE" : "483300104",
        "MANAGE_SP1" : "99",
        "MANAGE_SP2" : "기타",
        "DETAIL_SPO" : "표지석",
        "ETC_MATTER" : " ",
        "MNTN_NM" : "알프스태극종주",
        "PAST_SPOT_" : "4833001040138",
        "MNTN_ID" : "483300104"
      },
      "geometry" : {
        "x" : 380186.38149999967,
        "y" : 328535.12289999978
      }
    },
    {
      "attributes" : {
        "FID" : 138,
        "PMNTN_SPOT" : 98339,
        "MNTN_CODE" : "483300104",
        "MANAGE_SP1" : "10",
        "MANAGE_SP2" : "이정표",
        "DETAIL_SPO" : "이정표",
        "ETC_MATTER" : " ",
        "MNTN_NM" : "알프스태극종주",
        "PAST_SPOT_" : "4833001040139",
        "MNTN_ID" : "483300104"
      },
      "geometry" : {
        "x" : 381600.25460000033,
        "y" : 325120.34129999951
      }
    },
    {
      "attributes" : {
        "FID" : 139,
        "PMNTN_SPOT" : 98340,
        "MNTN_CODE" : "483300104",
        "MANAGE_SP1" : "10",
        "MANAGE_SP2" : "이정표",
        "DETAIL_SPO" : "이정표",
        "ETC_MATTER" : " ",
        "MNTN_NM" : "알프스태극종주",
        "PAST_SPOT_" : "4833001040140",
        "MNTN_ID" : "483300104"
      },
      "geometry" : {
        "x" : 383582.52179999917,
        "y" : 324222.70209999976
      }
    },
    {
      "attributes" : {
        "FID" : 140,
        "PMNTN_SPOT" : 98341,
        "MNTN_CODE" : "483300104",
        "MANAGE_SP1" : "13",
        "MANAGE_SP2" : "유적(문화, 역사)",
        "DETAIL_SPO" : "유적(문화,역사), 안내판또는지도",
        "ETC_MATTER" : " ",
        "MNTN_NM" : "알프스태극종주",
        "PAST_SPOT_" : "4833001040141",
        "MNTN_ID" : "483300104"
      },
      "geometry" : {
        "x" : 383744.50519999966,
        "y" : 324176.95240000158
      }
    },
    {
      "attributes" : {
        "FID" : 141,
        "PMNTN_SPOT" : 98342,
        "MNTN_CODE" : "483300104",
        "MANAGE_SP1" : "10",
        "MANAGE_SP2" : "이정표",
        "DETAIL_SPO" : "이정표",
        "ETC_MATTER" : " ",
        "MNTN_NM" : "알프스태극종주",
        "PAST_SPOT_" : "4833001040142",
        "MNTN_ID" : "483300104"
      },
      "geometry" : {
        "x" : 384642.02639999945,
        "y" : 325387.40479999944
      }
    },
    {
      "attributes" : {
        "FID" : 142,
        "PMNTN_SPOT" : 98343,
        "MNTN_CODE" : "483300104",
        "MANAGE_SP1" : "11",
        "MANAGE_SP2" : "안내판또는지도",
        "DETAIL_SPO" : "안내판또는지도, 기타",
        "ETC_MATTER" : " ",
        "MNTN_NM" : "알프스태극종주",
        "PAST_SPOT_" : "4833001040143",
        "MNTN_ID" : "483300104"
      },
      "geometry" : {
        "x" : 386325.809100001,
        "y" : 328839.19390000025
      }
    },
    {
      "attributes" : {
        "FID" : 143,
        "PMNTN_SPOT" : 98344,
        "MNTN_CODE" : "483300104",
        "MANAGE_SP1" : "07",
        "MANAGE_SP2" : "시설물(운동기구 등)",
        "DETAIL_SPO" : "시설물(운동기구등)",
        "ETC_MATTER" : " ",
        "MNTN_NM" : "알프스태극종주",
        "PAST_SPOT_" : "4833001040144",
        "MNTN_ID" : "483300104"
      },
      "geometry" : {
        "x" : 386542.53079999879,
        "y" : 327826.70979999902
      }
    },
    {
      "attributes" : {
        "FID" : 144,
        "PMNTN_SPOT" : 98345,
        "MNTN_CODE" : "483300104",
        "MANAGE_SP1" : "11",
        "MANAGE_SP2" : "안내판또는지도",
        "DETAIL_SPO" : "안내판또는지도",
        "ETC_MATTER" : " ",
        "MNTN_NM" : "알프스태극종주",
        "PAST_SPOT_" : "4833001040145",
        "MNTN_ID" : "483300104"
      },
      "geometry" : {
        "x" : 386180.70450000023,
        "y" : 327086.07520000072
      }
    },
    {
      "attributes" : {
        "FID" : 145,
        "PMNTN_SPOT" : 98346,
        "MNTN_CODE" : "483300104",
        "MANAGE_SP1" : "23",
        "MANAGE_SP2" : "정상",
        "DETAIL_SPO" : "정상",
        "ETC_MATTER" : " ",
        "MNTN_NM" : "알프스태극종주",
        "PAST_SPOT_" : "4833001040146",
        "MNTN_ID" : "483300104"
      },
      "geometry" : {
        "x" : 374055.04099999933,
        "y" : 335780.88069999986
      }
    },
    {
      "attributes" : {
        "FID" : 146,
        "PMNTN_SPOT" : 98347,
        "MNTN_CODE" : "483300104",
        "MANAGE_SP1" : "10",
        "MANAGE_SP2" : "이정표",
        "DETAIL_SPO" : "이정표",
        "ETC_MATTER" : " ",
        "MNTN_NM" : "알프스태극종주",
        "PAST_SPOT_" : "4833001040147",
        "MNTN_ID" : "483300104"
      },
      "geometry" : {
        "x" : 385879.30979999981,
        "y" : 328936.58280000096
      }
    },
    {
      "attributes" : {
        "FID" : 147,
        "PMNTN_SPOT" : 98348,
        "MNTN_CODE" : "483300104",
        "MANAGE_SP1" : "23",
        "MANAGE_SP2" : "정상",
        "DETAIL_SPO" : "정상",
        "ETC_MATTER" : " ",
        "MNTN_NM" : "알프스태극종주",
        "PAST_SPOT_" : "4833001040148",
        "MNTN_ID" : "483300104"
      },
      "geometry" : {
        "x" : 383844.3593999999,
        "y" : 333360.50319999992
      }
    }
  ]
}