{
  "displayFieldName" : "",
  "fieldAliases" : {
    "FID" : "FID",
    "PMNTN_SPOT" : "PMNTN_SPOT",
    "MNTN_CODE" : "MNTN_CODE",
    "MANAGE_SP1" : "MANAGE_SP1",
    "MANAGE_SP2" : "MANAGE_SP2",
    "DETAIL_SPO" : "DETAIL_SPO",
    "ETC_MATTER" : "ETC_MATTER",
    "MNTN_NM" : "MNTN_NM",
    "PAST_SPOT_" : "PAST_SPOT_",
    "MNTN_ID" : "MNTN_ID"
  },
  "geometryType" : "esriGeometryPoint",
  "spatialReference" : {
    "wkt" : "PROJCS[\"PCS_ITRF2000_TM\",GEOGCS[\"GCS_ITRF_2000\",DATUM[\"D_ITRF_2000\",SPHEROID[\"GRS_1980\",6378137.0,298.257222101]],PRIMEM[\"Greenwich\",0.0],UNIT[\"Degree\",0.0174532925199433]],PROJECTION[\"Transverse_Mercator\"],PARAMETER[\"False_Easting\",200000.0],PARAMETER[\"False_Northing\",600000.0],PARAMETER[\"Central_Meridian\",127.0],PARAMETER[\"Scale_Factor\",1.0],PARAMETER[\"Latitude_Of_Origin\",38.0],UNIT[\"Meter\",1.0]]"
  },
  "fields" : [
    {
      "name" : "FID",
      "type" : "esriFieldTypeOID",
      "alias" : "FID"
    },
    {
      "name" : "PMNTN_SPOT",
      "type" : "esriFieldTypeDouble",
      "alias" : "PMNTN_SPOT"
    },
    {
      "name" : "MNTN_CODE",
      "type" : "esriFieldTypeString",
      "alias" : "MNTN_CODE",
      "length" : 9
    },
    {
      "name" : "MANAGE_SP1",
      "type" : "esriFieldTypeString",
      "alias" : "MANAGE_SP1",
      "length" : 2
    },
    {
      "name" : "MANAGE_SP2",
      "type" : "esriFieldTypeString",
      "alias" : "MANAGE_SP2",
      "length" : 50
    },
    {
      "name" : "DETAIL_SPO",
      "type" : "esriFieldTypeString",
      "alias" : "DETAIL_SPO",
      "length" : 200
    },
    {
      "name" : "ETC_MATTER",
      "type" : "esriFieldTypeString",
      "alias" : "ETC_MATTER",
      "length" : 200
    },
    {
      "name" : "MNTN_NM",
      "type" : "esriFieldTypeString",
      "alias" : "MNTN_NM",
      "length" : 50
    },
    {
      "name" : "PAST_SPOT_",
      "type" : "esriFieldTypeString",
      "alias" : "PAST_SPOT_",
      "length" : 14
    },
    {
      "name" : "MNTN_ID",
      "type" : "esriFieldTypeString",
      "alias" : "MNTN_ID",
      "length" : 10
    }
  ],
  "features" : [
    {
      "attributes" : {
        "FID" : 0,
        "PMNTN_SPOT" : 80534,
        "MNTN_CODE" : "418303701",
        "MANAGE_SP1" : "01",
        "MANAGE_SP2" : "시종점",
        "DETAIL_SPO" : "시종점",
        "ETC_MATTER" : " ",
        "MNTN_NM" : "중원산",
        "PAST_SPOT_" : "4183037010001",
        "MNTN_ID" : "418303701"
      },
      "geometry" : {
        "x" : 251802.12669999991,
        "y" : 549565.25889999792
      }
    },
    {
      "attributes" : {
        "FID" : 1,
        "PMNTN_SPOT" : 80535,
        "MNTN_CODE" : "418303701",
        "MANAGE_SP1" : "02",
        "MANAGE_SP2" : "분기점",
        "DETAIL_SPO" : "분기점",
        "ETC_MATTER" : " ",
        "MNTN_NM" : "중원산",
        "PAST_SPOT_" : "4183037010002",
        "MNTN_ID" : "418303701"
      },
      "geometry" : {
        "x" : 252171.18859999999,
        "y" : 551296.67940000072
      }
    },
    {
      "attributes" : {
        "FID" : 2,
        "PMNTN_SPOT" : 80536,
        "MNTN_CODE" : "418303701",
        "MANAGE_SP1" : "02",
        "MANAGE_SP2" : "분기점",
        "DETAIL_SPO" : "분기점",
        "ETC_MATTER" : " ",
        "MNTN_NM" : "중원산",
        "PAST_SPOT_" : "4183037010003",
        "MNTN_ID" : "418303701"
      },
      "geometry" : {
        "x" : 253155.23130000103,
        "y" : 551666.46840000153
      }
    },
    {
      "attributes" : {
        "FID" : 3,
        "PMNTN_SPOT" : 80537,
        "MNTN_CODE" : "418303701",
        "MANAGE_SP1" : "02",
        "MANAGE_SP2" : "분기점",
        "DETAIL_SPO" : "분기점",
        "ETC_MATTER" : " ",
        "MNTN_NM" : "중원산",
        "PAST_SPOT_" : "4183037010004",
        "MNTN_ID" : "418303701"
      },
      "geometry" : {
        "x" : 253172.2172000017,
        "y" : 551181.53810000233
      }
    },
    {
      "attributes" : {
        "FID" : 4,
        "PMNTN_SPOT" : 80538,
        "MNTN_CODE" : "418303701",
        "MANAGE_SP1" : "02",
        "MANAGE_SP2" : "분기점",
        "DETAIL_SPO" : "분기점",
        "ETC_MATTER" : " ",
        "MNTN_NM" : "중원산",
        "PAST_SPOT_" : "4183037010005",
        "MNTN_ID" : "418303701"
      },
      "geometry" : {
        "x" : 254154.37459999975,
        "y" : 551759.89470000006
      }
    },
    {
      "attributes" : {
        "FID" : 5,
        "PMNTN_SPOT" : 80539,
        "MNTN_CODE" : "418303701",
        "MANAGE_SP1" : "02",
        "MANAGE_SP2" : "분기점",
        "DETAIL_SPO" : "분기점",
        "ETC_MATTER" : " ",
        "MNTN_NM" : "중원산",
        "PAST_SPOT_" : "4183037010006",
        "MNTN_ID" : "418303701"
      },
      "geometry" : {
        "x" : 254219.79140000325,
        "y" : 551123.00890000165
      }
    },
    {
      "attributes" : {
        "FID" : 6,
        "PMNTN_SPOT" : 80540,
        "MNTN_CODE" : "418303701",
        "MANAGE_SP1" : "02",
        "MANAGE_SP2" : "분기점",
        "DETAIL_SPO" : "분기점",
        "ETC_MATTER" : " ",
        "MNTN_NM" : "중원산",
        "PAST_SPOT_" : "4183037010007",
        "MNTN_ID" : "418303701"
      },
      "geometry" : {
        "x" : 254742.61900000367,
        "y" : 550352.21770000085
      }
    },
    {
      "attributes" : {
        "FID" : 7,
        "PMNTN_SPOT" : 80541,
        "MNTN_CODE" : "418303701",
        "MANAGE_SP1" : "01",
        "MANAGE_SP2" : "시종점",
        "DETAIL_SPO" : "시종점",
        "ETC_MATTER" : " ",
        "MNTN_NM" : "중원산",
        "PAST_SPOT_" : "4183037010008",
        "MNTN_ID" : "418303701"
      },
      "geometry" : {
        "x" : 254801.71130000148,
        "y" : 550038.17650000192
      }
    },
    {
      "attributes" : {
        "FID" : 8,
        "PMNTN_SPOT" : 80542,
        "MNTN_CODE" : "418303701",
        "MANAGE_SP1" : "11",
        "MANAGE_SP2" : "안내판또는지도",
        "DETAIL_SPO" : "안내판",
        "ETC_MATTER" : " ",
        "MNTN_NM" : "중원산",
        "PAST_SPOT_" : "4183037010009",
        "MNTN_ID" : "418303701"
      },
      "geometry" : {
        "x" : 251802.45680000074,
        "y" : 549566.75160000101
      }
    },
    {
      "attributes" : {
        "FID" : 9,
        "PMNTN_SPOT" : 80543,
        "MNTN_CODE" : "418303701",
        "MANAGE_SP1" : "10",
        "MANAGE_SP2" : "이정표",
        "DETAIL_SPO" : "이정표",
        "ETC_MATTER" : " ",
        "MNTN_NM" : "중원산",
        "PAST_SPOT_" : "4183037010010",
        "MNTN_ID" : "418303701"
      },
      "geometry" : {
        "x" : 251705.29390000273,
        "y" : 550245.72940000147
      }
    },
    {
      "attributes" : {
        "FID" : 10,
        "PMNTN_SPOT" : 80544,
        "MNTN_CODE" : "418303701",
        "MANAGE_SP1" : "10",
        "MANAGE_SP2" : "이정표",
        "DETAIL_SPO" : "이정표",
        "ETC_MATTER" : " ",
        "MNTN_NM" : "중원산",
        "PAST_SPOT_" : "4183037010011",
        "MNTN_ID" : "418303701"
      },
      "geometry" : {
        "x" : 251710.7237999998,
        "y" : 550388.81200000085
      }
    },
    {
      "attributes" : {
        "FID" : 11,
        "PMNTN_SPOT" : 80545,
        "MNTN_CODE" : "418303701",
        "MANAGE_SP1" : "10",
        "MANAGE_SP2" : "이정표",
        "DETAIL_SPO" : "이정표.중원폭포",
        "ETC_MATTER" : " ",
        "MNTN_NM" : "중원산",
        "PAST_SPOT_" : "4183037010012",
        "MNTN_ID" : "418303701"
      },
      "geometry" : {
        "x" : 251727.86919999868,
        "y" : 550426.93390000239
      }
    },
    {
      "attributes" : {
        "FID" : 12,
        "PMNTN_SPOT" : 80546,
        "MNTN_CODE" : "418303701",
        "MANAGE_SP1" : "10",
        "MANAGE_SP2" : "이정표",
        "DETAIL_SPO" : "이정표",
        "ETC_MATTER" : " ",
        "MNTN_NM" : "중원산",
        "PAST_SPOT_" : "4183037010013",
        "MNTN_ID" : "418303701"
      },
      "geometry" : {
        "x" : 252154.48349999823,
        "y" : 551311.99770000018
      }
    },
    {
      "attributes" : {
        "FID" : 13,
        "PMNTN_SPOT" : 80547,
        "MNTN_CODE" : "418303701",
        "MANAGE_SP1" : "23",
        "MANAGE_SP2" : "정상",
        "DETAIL_SPO" : "정상.이정표",
        "ETC_MATTER" : " ",
        "MNTN_NM" : "중원산",
        "PAST_SPOT_" : "4183037010014",
        "MNTN_ID" : "418303701"
      },
      "geometry" : {
        "x" : 252154.71090000216,
        "y" : 551312.36539999954
      }
    },
    {
      "attributes" : {
        "FID" : 14,
        "PMNTN_SPOT" : 80548,
        "MNTN_CODE" : "418303701",
        "MANAGE_SP1" : "10",
        "MANAGE_SP2" : "이정표",
        "DETAIL_SPO" : "이정표",
        "ETC_MATTER" : " ",
        "MNTN_NM" : "중원산",
        "PAST_SPOT_" : "4183037010015",
        "MNTN_ID" : "418303701"
      },
      "geometry" : {
        "x" : 252882.3546000002,
        "y" : 551727.82419999875
      }
    },
    {
      "attributes" : {
        "FID" : 15,
        "PMNTN_SPOT" : 80549,
        "MNTN_CODE" : "418303701",
        "MANAGE_SP1" : "99",
        "MANAGE_SP2" : "기타",
        "DETAIL_SPO" : "민박촌",
        "ETC_MATTER" : " ",
        "MNTN_NM" : "중원산",
        "PAST_SPOT_" : "4183037010016",
        "MNTN_ID" : "418303701"
      },
      "geometry" : {
        "x" : 252260.46190000046,
        "y" : 551738.39170000143
      }
    },
    {
      "attributes" : {
        "FID" : 16,
        "PMNTN_SPOT" : 80550,
        "MNTN_CODE" : "418303701",
        "MANAGE_SP1" : "10",
        "MANAGE_SP2" : "이정표",
        "DETAIL_SPO" : "이정표",
        "ETC_MATTER" : " ",
        "MNTN_NM" : "중원산",
        "PAST_SPOT_" : "4183037010017",
        "MNTN_ID" : "418303701"
      },
      "geometry" : {
        "x" : 252911.38450000063,
        "y" : 551739.50770000182
      }
    },
    {
      "attributes" : {
        "FID" : 17,
        "PMNTN_SPOT" : 80551,
        "MNTN_CODE" : "418303701",
        "MANAGE_SP1" : "10",
        "MANAGE_SP2" : "이정표",
        "DETAIL_SPO" : "이정표",
        "ETC_MATTER" : " ",
        "MNTN_NM" : "중원산",
        "PAST_SPOT_" : "4183037010018",
        "MNTN_ID" : "418303701"
      },
      "geometry" : {
        "x" : 252289.72030000389,
        "y" : 551850.24670000188
      }
    }
  ]
}