{
  "displayFieldName" : "",
  "fieldAliases" : {
    "FID" : "FID",
    "PMNTN_SN" : "PMNTN_SN",
    "MNTN_CODE" : "MNTN_CODE",
    "MNTN_NM" : "MNTN_NM",
    "PMNTN_NM" : "PMNTN_NM",
    "PMNTN_MAIN" : "PMNTN_MAIN",
    "PMNTN_LT" : "PMNTN_LT",
    "PMNTN_DFFL" : "PMNTN_DFFL",
    "PMNTN_UPPL" : "PMNTN_UPPL",
    "PMNTN_GODN" : "PMNTN_GODN",
    "PMNTN_MTRQ" : "PMNTN_MTRQ",
    "PMNTN_CNRL" : "PMNTN_CNRL",
    "PMNTN_CLS_" : "PMNTN_CLS_",
    "PMNTN_RISK" : "PMNTN_RISK",
    "PMNTN_RECO" : "PMNTN_RECO",
    "DATA_STDR_" : "DATA_STDR_",
    "MNTN_ID" : "MNTN_ID"
  },
  "geometryType" : "esriGeometryPolyline",
  "spatialReference" : {
    "wkt" : "PROJCS[\"PCS_ITRF2000_TM\",GEOGCS[\"GCS_ITRF_2000\",DATUM[\"D_ITRF_2000\",SPHEROID[\"GRS_1980\",6378137.0,298.257222101]],PRIMEM[\"Greenwich\",0.0],UNIT[\"Degree\",0.0174532925199433]],PROJECTION[\"Transverse_Mercator\"],PARAMETER[\"False_Easting\",200000.0],PARAMETER[\"False_Northing\",600000.0],PARAMETER[\"Central_Meridian\",127.0],PARAMETER[\"Scale_Factor\",1.0],PARAMETER[\"Latitude_Of_Origin\",38.0],UNIT[\"Meter\",1.0]]"
  },
  "fields" : [
    {
      "name" : "FID",
      "type" : "esriFieldTypeOID",
      "alias" : "FID"
    },
    {
      "name" : "PMNTN_SN",
      "type" : "esriFieldTypeDouble",
      "alias" : "PMNTN_SN"
    },
    {
      "name" : "MNTN_CODE",
      "type" : "esriFieldTypeString",
      "alias" : "MNTN_CODE",
      "length" : 9
    },
    {
      "name" : "MNTN_NM",
      "type" : "esriFieldTypeString",
      "alias" : "MNTN_NM",
      "length" : 50
    },
    {
      "name" : "PMNTN_NM",
      "type" : "esriFieldTypeString",
      "alias" : "PMNTN_NM",
      "length" : 50
    },
    {
      "name" : "PMNTN_MAIN",
      "type" : "esriFieldTypeString",
      "alias" : "PMNTN_MAIN",
      "length" : 200
    },
    {
      "name" : "PMNTN_LT",
      "type" : "esriFieldTypeSingle",
      "alias" : "PMNTN_LT"
    },
    {
      "name" : "PMNTN_DFFL",
      "type" : "esriFieldTypeString",
      "alias" : "PMNTN_DFFL",
      "length" : 8
    },
    {
      "name" : "PMNTN_UPPL",
      "type" : "esriFieldTypeDouble",
      "alias" : "PMNTN_UPPL"
    },
    {
      "name" : "PMNTN_GODN",
      "type" : "esriFieldTypeDouble",
      "alias" : "PMNTN_GODN"
    },
    {
      "name" : "PMNTN_MTRQ",
      "type" : "esriFieldTypeString",
      "alias" : "PMNTN_MTRQ",
      "length" : 200
    },
    {
      "name" : "PMNTN_CNRL",
      "type" : "esriFieldTypeString",
      "alias" : "PMNTN_CNRL",
      "length" : 1
    },
    {
      "name" : "PMNTN_CLS_",
      "type" : "esriFieldTypeString",
      "alias" : "PMNTN_CLS_",
      "length" : 1
    },
    {
      "name" : "PMNTN_RISK",
      "type" : "esriFieldTypeString",
      "alias" : "PMNTN_RISK",
      "length" : 200
    },
    {
      "name" : "PMNTN_RECO",
      "type" : "esriFieldTypeString",
      "alias" : "PMNTN_RECO",
      "length" : 1
    },
    {
      "name" : "DATA_STDR_",
      "type" : "esriFieldTypeString",
      "alias" : "DATA_STDR_",
      "length" : 10
    },
    {
      "name" : "MNTN_ID",
      "type" : "esriFieldTypeString",
      "alias" : "MNTN_ID",
      "length" : 10
    }
  ],
  "features" : [
    {
      "attributes" : {
        "FID" : 0,
        "PMNTN_SN" : 978,
        "MNTN_CODE" : "428307401",
        "MNTN_NM" : "갈전곡봉",
        "PMNTN_NM" : "갈천리구간",
        "PMNTN_MAIN" : " ",
        "PMNTN_LT" : 2.99,
        "PMNTN_DFFL" : "쉬움",
        "PMNTN_UPPL" : 53,
        "PMNTN_GODN" : 37,
        "PMNTN_MTRQ" : " ",
        "PMNTN_CNRL" : " ",
        "PMNTN_CLS_" : " ",
        "PMNTN_RISK" : " ",
        "PMNTN_RECO" : " ",
        "DATA_STDR_" : "2016-12-31",
        "MNTN_ID" : "428307401"
      },
      "geometry" : {
        "paths" : [
          [
            [
              332149.21259129792,
              590588.17806236073
            ],
            [
              332148.90910000447,
              590587.85620000213
            ]
          ],
          [
            [
              332149.21259129792,
              590588.17806236073
            ],
            [
              332130.93280001264,
              590554.11480000243
            ],
            [
              332131.18520001136,
              590499.34830000252
            ],
            [
              332118.80560001265,
              590450.6274000071
            ],
            [
              332105.11480001267,
              590399.16580000147
            ],
            [
              332100.52580001391,
              590370.43530000001
            ],
            [
              332105.8081000112,
              590303.05130000412
            ],
            [
              332116.30070001259,
              590268.95920000412
            ],
            [
              332106.55920001306,
              590224.9802000057
            ],
            [
              332100.03130001109,
              590184.4608000014
            ],
            [
              332105.02990000788,
              590138.27060000226
            ],
            [
              332101.9769000141,
              590093.81870000064
            ],
            [
              332102.06170001253,
              590061.14720000327
            ],
            [
              332083.60780001339,
              590030.54370000213
            ],
            [
              332066.28840000462,
              590004.52650000341
            ],
            [
              332039.59250001516,
              589984.534500001
            ],
            [
              332032.02040001191,
              589963.06750000641
            ],
            [
              332026.22680000961,
              589946.64240000211
            ],
            [
              332003.09800001699,
              589904.07140000537
            ],
            [
              331995.10020001512,
              589860.22230000235
            ],
            [
              331970.72590001952,
              589812.57090000063
            ],
            [
              331933.55710001849,
              589810.48100000061
            ],
            [
              331913.2838000115,
              589813.77160000801
            ],
            [
              331905.5989000164,
              589836.72450001165
            ],
            [
              331867.07370001357,
              589836.51420000009
            ],
            [
              331824.35600001086,
              589837.75489999913
            ],
            [
              331784.52090001386,
              589848.30470000766
            ],
            [
              331738.15960001107,
              589861.33450000174
            ],
            [
              331700.67060000263,
              589886.08269999921
            ],
            [
              331699.14180000965,
              589915.94900000095
            ],
            [
              331690.09080001153,
              589946.37830000184
            ],
            [
              331682.23460001033,
              589957.46170000173
            ],
            [
              331668.5157000171,
              589976.81600000523
            ],
            [
              331640.69720001239,
              589966.04700000025
            ],
            [
              331624.8153000148,
              589956.5462000072
            ],
            [
              331611.4814000139,
              589948.56960000098
            ],
            [
              331580.63650001679,
              589920.83400000632
            ],
            [
              331547.14930001367,
              589901.31270000711
            ],
            [
              331534.57510001678,
              589855.26940000243
            ],
            [
              331528.61040001269,
              589817.22810000181
            ],
            [
              331517.53760000318,
              589787.39959999733
            ],
            [
              331504.81940001715,
              589757.63849999942
            ],
            [
              331486.50190001447,
              589719.72250000387
            ],
            [
              331472.89550000988,
              589683.46939999983
            ],
            [
              331464.52810001373,
              589652.0549999997
            ],
            [
              331459.75630001538,
              589621.62200001068
            ],
            [
              331456.36010001227,
              589582.62890000641
            ],
            [
              331442.38400001172,
              589549.24480000138
            ],
            [
              331411.05610001553,
              589515.28269999847
            ],
            [
              331377.64980001561,
              589492.9478999991
            ],
            [
              331335.55670001637,
              589472.75910000689
            ],
            [
              331304.96070001367,
              589433.4186000023
            ],
            [
              331255.9627000168,
              589401.74870000035
            ],
            [
              331224.21530001238,
              589368.188700011
            ],
            [
              331172.68920001667,
              589321.7103000097
            ],
            [
              331147.69240001403,
              589294.35710000247
            ],
            [
              331128.73210001178,
              589272.99010000005
            ],
            [
              331107.23490001727,
              589233.38260000013
            ],
            [
              331076.22510000877,
              589198.96509999968
            ],
            [
              331035.92780001648,
              589166.42880000733
            ],
            [
              331000.44560001697,
              589124.96460000053
            ],
            [
              330970.59220001847,
              589072.57090000249
            ],
            [
              330948.97400001064,
              589031.41960000433
            ],
            [
              330930.26090001035,
              588984.16600000113
            ],
            [
              330913.36060001422,
              588952.97960000299
            ],
            [
              330895.24250001553,
              588925.87689999864
            ],
            [
              330860.74260000885,
              588893.35579999909
            ],
            [
              330844.35790001787,
              588864.82250000164
            ]
          ],
          [
            [
              332149.54050001036,
              590588.7891000025
            ],
            [
              332149.21259129792,
              590588.17806236073
            ]
          ],
          [
            [
              332314.68570000306,
              590805.93870000541
            ],
            [
              332294.60390000418,
              590780.10080000013
            ],
            [
              332289.13660000358,
              590774.17899999954
            ],
            [
              332281.51240000594,
              590770.81990000047
            ],
            [
              332274.34080000501,
              590768.09630000219
            ],
            [
              332255.84370000754,
              590768.24399999902
            ],
            [
              332214.75490000565,
              590766.94410000183
            ],
            [
              332191.93680000678,
              590767.35920000076
            ],
            [
              332185.91360000521,
              590765.21160000004
            ],
            [
              332182.83940000553,
              590760.27280000038
            ],
            [
              332182.05610000249,
              590752.45199999772
            ],
            [
              332181.09430000558,
              590743.63900000229
            ],
            [
              332177.31820000429,
              590734.5206000004
            ],
            [
              332172.61680000275,
              590715.42410000227
            ],
            [
              332169.79840000346,
              590697.51340000145
            ],
            [
              332168.72110000253,
              590683.35750000365
            ],
            [
              332167.14510000404,
              590660.60790000111
            ],
            [
              332155.53530000243,
              590594.88350000046
            ],
            [
              332149.21259129792,
              590588.17806236073
            ]
          ]
        ]
      }
    }
  ]
}