{
  "displayFieldName" : "",
  "fieldAliases" : {
    "FID" : "FID",
    "PMNTN_SN" : "PMNTN_SN",
    "MNTN_CODE" : "MNTN_CODE",
    "MNTN_NM" : "MNTN_NM",
    "PMNTN_NM" : "PMNTN_NM",
    "PMNTN_MAIN" : "PMNTN_MAIN",
    "PMNTN_LT" : "PMNTN_LT",
    "PMNTN_DFFL" : "PMNTN_DFFL",
    "PMNTN_UPPL" : "PMNTN_UPPL",
    "PMNTN_GODN" : "PMNTN_GODN",
    "PMNTN_MTRQ" : "PMNTN_MTRQ",
    "PMNTN_CNRL" : "PMNTN_CNRL",
    "PMNTN_CLS_" : "PMNTN_CLS_",
    "PMNTN_RISK" : "PMNTN_RISK",
    "PMNTN_RECO" : "PMNTN_RECO",
    "DATA_STDR_" : "DATA_STDR_",
    "MNTN_ID" : "MNTN_ID"
  },
  "geometryType" : "esriGeometryPolyline",
  "spatialReference" : {
    "wkt" : "PROJCS[\"PCS_ITRF2000_TM\",GEOGCS[\"GCS_ITRF_2000\",DATUM[\"D_ITRF_2000\",SPHEROID[\"GRS_1980\",6378137.0,298.257222101]],PRIMEM[\"Greenwich\",0.0],UNIT[\"Degree\",0.0174532925199433]],PROJECTION[\"Transverse_Mercator\"],PARAMETER[\"False_Easting\",200000.0],PARAMETER[\"False_Northing\",600000.0],PARAMETER[\"Central_Meridian\",127.0],PARAMETER[\"Scale_Factor\",1.0],PARAMETER[\"Latitude_Of_Origin\",38.0],UNIT[\"Meter\",1.0]]"
  },
  "fields" : [
    {
      "name" : "FID",
      "type" : "esriFieldTypeOID",
      "alias" : "FID"
    },
    {
      "name" : "PMNTN_SN",
      "type" : "esriFieldTypeDouble",
      "alias" : "PMNTN_SN"
    },
    {
      "name" : "MNTN_CODE",
      "type" : "esriFieldTypeString",
      "alias" : "MNTN_CODE",
      "length" : 9
    },
    {
      "name" : "MNTN_NM",
      "type" : "esriFieldTypeString",
      "alias" : "MNTN_NM",
      "length" : 50
    },
    {
      "name" : "PMNTN_NM",
      "type" : "esriFieldTypeString",
      "alias" : "PMNTN_NM",
      "length" : 50
    },
    {
      "name" : "PMNTN_MAIN",
      "type" : "esriFieldTypeString",
      "alias" : "PMNTN_MAIN",
      "length" : 200
    },
    {
      "name" : "PMNTN_LT",
      "type" : "esriFieldTypeSingle",
      "alias" : "PMNTN_LT"
    },
    {
      "name" : "PMNTN_DFFL",
      "type" : "esriFieldTypeString",
      "alias" : "PMNTN_DFFL",
      "length" : 8
    },
    {
      "name" : "PMNTN_UPPL",
      "type" : "esriFieldTypeDouble",
      "alias" : "PMNTN_UPPL"
    },
    {
      "name" : "PMNTN_GODN",
      "type" : "esriFieldTypeDouble",
      "alias" : "PMNTN_GODN"
    },
    {
      "name" : "PMNTN_MTRQ",
      "type" : "esriFieldTypeString",
      "alias" : "PMNTN_MTRQ",
      "length" : 200
    },
    {
      "name" : "PMNTN_CNRL",
      "type" : "esriFieldTypeString",
      "alias" : "PMNTN_CNRL",
      "length" : 1
    },
    {
      "name" : "PMNTN_CLS_",
      "type" : "esriFieldTypeString",
      "alias" : "PMNTN_CLS_",
      "length" : 1
    },
    {
      "name" : "PMNTN_RISK",
      "type" : "esriFieldTypeString",
      "alias" : "PMNTN_RISK",
      "length" : 200
    },
    {
      "name" : "PMNTN_RECO",
      "type" : "esriFieldTypeString",
      "alias" : "PMNTN_RECO",
      "length" : 1
    },
    {
      "name" : "DATA_STDR_",
      "type" : "esriFieldTypeString",
      "alias" : "DATA_STDR_",
      "length" : 10
    },
    {
      "name" : "MNTN_ID",
      "type" : "esriFieldTypeString",
      "alias" : "MNTN_ID",
      "length" : 10
    }
  ],
  "features" : [
    {
      "attributes" : {
        "FID" : 0,
        "PMNTN_SN" : 30199,
        "MNTN_CODE" : "477303404",
        "MNTN_NM" : "상리리동산",
        "PMNTN_NM" : " ",
        "PMNTN_MAIN" : " ",
        "PMNTN_LT" : 0.17,
        "PMNTN_DFFL" : "쉬움",
        "PMNTN_UPPL" : 3,
        "PMNTN_GODN" : 2,
        "PMNTN_MTRQ" : " ",
        "PMNTN_CNRL" : " ",
        "PMNTN_CLS_" : " ",
        "PMNTN_RISK" : " ",
        "PMNTN_RECO" : " ",
        "DATA_STDR_" : "2016-12-31",
        "MNTN_ID" : "477301901"
      },
      "geometry" : {
        "paths" : [
          [
            [
              353212.99629999977,
              419013.54340000264
            ],
            [
              353210.19710000046,
              419013.13719999976
            ],
            [
              353206.28990000114,
              419012.17160000093
            ],
            [
              353201.66260000132,
              419011.75880000181
            ],
            [
              353197.65540000051,
              419011.78090000339
            ],
            [
              353188.06860000081,
              419012.29570000432
            ],
            [
              353183.81740000099,
              419012.36130000278
            ],
            [
              353175.53859999962,
              419012.37299999967
            ],
            [
              353152.33609999996,
              419012.9157000035
            ],
            [
              353145.19849999994,
              419012.77960000187
            ],
            [
              353138.81670000032,
              419012.36130000278
            ],
            [
              353135.82699999958,
              419011.97290000319
            ],
            [
              353132.50320000108,
              419011.32459999993
            ],
            [
              353120.24270000029,
              419008.16220000386
            ],
            [
              353115.23020000104,
              419007.12180000171
            ],
            [
              353110.04320000112,
              419006.62110000104
            ],
            [
              353106.57180000097,
              419006.80230000056
            ],
            [
              353101.21920000017,
              419007.8861999996
            ],
            [
              353096.62150000222,
              419009.43260000087
            ],
            [
              353091.57600000221,
              419011.58640000224
            ],
            [
              353084.21840000059,
              419015.34500000067
            ],
            [
              353076.30840000138,
              419020.81330000237
            ],
            [
              353071.69560000021,
              419021.35330000333
            ],
            [
              353062.38439999986,
              419016.81820000149
            ],
            [
              353057.42399999965,
              419016.07530000247
            ],
            [
              353054.34520000219,
              419016.27880000137
            ],
            [
              353050.26090000104,
              419016.04150000028
            ]
          ]
        ]
      }
    },
    {
      "attributes" : {
        "FID" : 1,
        "PMNTN_SN" : 30200,
        "MNTN_CODE" : "477303404",
        "MNTN_NM" : "상리리동산",
        "PMNTN_NM" : " ",
        "PMNTN_MAIN" : " ",
        "PMNTN_LT" : 0.55,
        "PMNTN_DFFL" : "쉬움",
        "PMNTN_UPPL" : 10,
        "PMNTN_GODN" : 7,
        "PMNTN_MTRQ" : " ",
        "PMNTN_CNRL" : " ",
        "PMNTN_CLS_" : " ",
        "PMNTN_RISK" : " ",
        "PMNTN_RECO" : " ",
        "DATA_STDR_" : "2016-12-31",
        "MNTN_ID" : "477301901"
      },
      "geometry" : {
        "paths" : [
          [
            [
              353212.99629999977,
              419013.54340000264
            ],
            [
              353215.13520000037,
              419015.52650000155
            ],
            [
              353217.64060000051,
              419017.24510000087
            ],
            [
              353220.22159999982,
              419019.34680000134
            ],
            [
              353224.9616000019,
              419023.93879999779
            ],
            [
              353235.02510000113,
              419034.86160000041
            ],
            [
              353240.62300000153,
              419040.78649999946
            ],
            [
              353246.00079999957,
              419046.92320000194
            ],
            [
              353251.12729999982,
              419053.23610000126
            ],
            [
              353255.9737000009,
              419059.68960000202
            ],
            [
              353257.70960000064,
              419062.31430000253
            ],
            [
              353259.45490000118,
              419065.39820000157
            ],
            [
              353265.11720000114,
              419077.10689999908
            ],
            [
              353267.59049999993,
              419081.63979999907
            ],
            [
              353270.58570000064,
              419085.9112999998
            ],
            [
              353272.9905999992,
              419088.41469999962
            ],
            [
              353277.71930000186,
              419091.9542999994
            ],
            [
              353282.48370000161,
              419094.54979999922
            ],
            [
              353288.13310000021,
              419097.0046000015
            ],
            [
              353296.3191000009,
              419100.03510000184
            ],
            [
              353302.38580000028,
              419102.00940000266
            ],
            [
              353308.81780000031,
              419103.7052000016
            ],
            [
              353315.59760000184,
              419105.11800000258
            ],
            [
              353322.69880000129,
              419106.24200000055
            ],
            [
              353331.66540000029,
              419107.26209999993
            ],
            [
              353339.43230000138,
              419107.71829999797
            ],
            [
              353346.49170000013,
              419107.63869999908
            ],
            [
              353352.95790000074,
              419107.01790000126
            ],
            [
              353361.15450000111,
              419105.67540000379
            ],
            [
              353367.34750000015,
              419104.19970000163
            ],
            [
              353372.61130000092,
              419102.33420000225
            ],
            [
              353377.00999999978,
              419100.03510000184
            ],
            [
              353379.95000000019,
              419097.89330000244
            ],
            [
              353382.98670000117,
              419095.11800000258
            ],
            [
              353386.07460000087,
              419091.80859999917
            ],
            [
              353391.80640000105,
              419084.98630000278
            ],
            [
              353394.29829999991,
              419081.27150000259
            ],
            [
              353399.5187999988,
              419071.26319999993
            ],
            [
              353401.73360000085,
              419067.56670000218
            ],
            [
              353405.46679999959,
              419063.39850000106
            ],
            [
              353409.92260000017,
              419060.78240000084
            ],
            [
              353415.38900000136,
              419059.37750000134
            ],
            [
              353419.8758000005,
              419058.88400000148
            ],
            [
              353432.09709999897,
              419058.1379000023
            ],
            [
              353446.49480000045,
              419056.08940000273
            ],
            [
              353452.5521000009,
              419055.52730000019
            ],
            [
              353455.72809999995,
              419055.47089999914
            ],
            [
              353460.00710000098,
              419055.81160000339
            ],
            [
              353464.90870000049,
              419056.95350000262
            ],
            [
              353468.08770000096,
              419058.44469999894
            ],
            [
              353474.90579999983,
              419062.94160000235
            ],
            [
              353478.45540000033,
              419064.8543000035
            ],
            [
              353482.83870000206,
              419065.98489999957
            ],
            [
              353487.48950000014,
              419065.81919999979
            ],
            [
              353491.39759999979,
              419065.04350000061
            ],
            [
              353497.22410000023,
              419063.08920000307
            ],
            [
              353506.07990000118,
              419059.14240000397
            ],
            [
              353509.37970000133,
              419057.15980000235
            ],
            [
              353518.57280000113,
              419050.35329999961
            ],
            [
              353521.82629999984,
              419048.54539999925
            ],
            [
              353527.41390000097,
              419046.64340000413
            ],
            [
              353535.93290000129,
              419044.96110000461
            ],
            [
              353539.16769999918,
              419044.17210000008
            ],
            [
              353543.35039999988,
              419042.8571000006
            ],
            [
              353547.93790000118,
              419041.1884000022
            ],
            [
              353563.40580000076,
              419034.8264000006
            ],
            [
              353569.42679999955,
              419032.53400000185
            ],
            [
              353584.03440000117,
              419028.29040000029
            ],
            [
              353587.46430000011,
              419026.99350000173
            ],
            [
              353591.51710000075,
              419024.77720000036
            ],
            [
              353594.99340000004,
              419021.91740000248
            ],
            [
              353601.78770000115,
              419014.25459999964
            ],
            [
              353604.21030000038,
              419011.79959999956
            ],
            [
              353607.80030000024,
              419009.17540000193
            ],
            [
              353615.8487999998,
              419005.60980000161
            ],
            [
              353619.80020000134,
              419006.38999999873
            ],
            [
              353622.66089999955,
              419010.58070000075
            ],
            [
              353625.49629999977,
              419018.07709999941
            ],
            [
              353633.04700000025,
              419032.23839999922
            ],
            [
              353637.375,
              419041.50970000401
            ],
            [
              353640.09020000137,
              419050.3684000019
            ],
            [
              353641.74180000089,
              419053.40499999933
            ],
            [
              353645.18140000105,
              419056.97619999945
            ],
            [
              353649.3386000013,
              419059.71960000135
            ],
            [
              353652.44529999886,
              419060.46550000273
            ]
          ]
        ]
      }
    },
    {
      "attributes" : {
        "FID" : 2,
        "PMNTN_SN" : 30201,
        "MNTN_CODE" : "477303404",
        "MNTN_NM" : "상리리동산",
        "PMNTN_NM" : "중리리구간",
        "PMNTN_MAIN" : " ",
        "PMNTN_LT" : 0.26,
        "PMNTN_DFFL" : "쉬움",
        "PMNTN_UPPL" : 5,
        "PMNTN_GODN" : 3,
        "PMNTN_MTRQ" : " ",
        "PMNTN_CNRL" : " ",
        "PMNTN_CLS_" : " ",
        "PMNTN_RISK" : " ",
        "PMNTN_RECO" : " ",
        "DATA_STDR_" : "2016-12-31",
        "MNTN_ID" : "477301901"
      },
      "geometry" : {
        "paths" : [
          [
            [
              353050.26090000104,
              419016.04150000028
            ],
            [
              353049.85769999959,
              419012.58170000277
            ],
            [
              353051.27159999963,
              419003.09990000352
            ],
            [
              353051.91880000103,
              418999.94730000384
            ],
            [
              353052.92570000049,
              418996.79040000215
            ],
            [
              353054.43780000042,
              418993.17620000243
            ],
            [
              353061.65130000189,
              418979.06660000235
            ],
            [
              353064.02220000047,
              418973.52980000153
            ],
            [
              353064.83150000125,
              418970.69360000081
            ],
            [
              353065.06750000082,
              418967.16520000063
            ],
            [
              353063.80150000099,
              418963.50580000132
            ],
            [
              353060.72670000046,
              418960.75439999811
            ],
            [
              353057.1668000007,
              418958.9581000004
            ],
            [
              353051.79230000079,
              418957.18129999936
            ],
            [
              353038.53439999931,
              418953.69250000268
            ],
            [
              353033.29780000076,
              418951.84310000204
            ],
            [
              353015.62940000091,
              418943.99410000071
            ],
            [
              353001.48700000066,
              418937.10150000267
            ],
            [
              352990.7583999997,
              418931.57630000263
            ],
            [
              352984.41780000087,
              418927.79100000113
            ],
            [
              352980.40890000109,
              418924.81760000065
            ],
            [
              352971.99139999971,
              418917.59359999932
            ],
            [
              352968.12440000009,
              418914.60119999945
            ],
            [
              352958.82280000113,
              418908.2893000003
            ],
            [
              352955.21669999976,
              418906.19370000251
            ],
            [
              352951.83110000193,
              418904.51479999721
            ],
            [
              352948.26829999965,
              418903.1456000004
            ],
            [
              352937.86529999971,
              418899.85960000008
            ],
            [
              352930.02840000018,
              418896.41610000096
            ],
            [
              352918.46850000042,
              418890.54909999855
            ],
            [
              352906.30760000087,
              418883.70759999938
            ],
            [
              352901.39930000156,
              418881.23860000446
            ],
            [
              352896.67540000193,
              418879.21409999952
            ],
            [
              352891.86789999995,
              418877.37549999915
            ],
            [
              352886.97690000106,
              418875.72269999981
            ],
            [
              352882.00239999965,
              418874.25569999963
            ]
          ]
        ]
      }
    },
    {
      "attributes" : {
        "FID" : 3,
        "PMNTN_SN" : 30202,
        "MNTN_CODE" : "477303404",
        "MNTN_NM" : "상리리동산",
        "PMNTN_NM" : " ",
        "PMNTN_MAIN" : " ",
        "PMNTN_LT" : 0.64,
        "PMNTN_DFFL" : "쉬움",
        "PMNTN_UPPL" : 11,
        "PMNTN_GODN" : 8,
        "PMNTN_MTRQ" : " ",
        "PMNTN_CNRL" : " ",
        "PMNTN_CLS_" : " ",
        "PMNTN_RISK" : " ",
        "PMNTN_RECO" : " ",
        "DATA_STDR_" : "2016-12-31",
        "MNTN_ID" : "477301901"
      },
      "geometry" : {
        "paths" : [
          [
            [
              353652.44529999886,
              419060.46550000273
            ],
            [
              353654.82100000046,
              419058.41870000027
            ],
            [
              353657.17990000173,
              419053.98140000179
            ],
            [
              353658.65230000112,
              419049.60319999978
            ],
            [
              353659.20200000051,
              419046.65120000392
            ],
            [
              353659.2695000004,
              419043.21770000085
            ],
            [
              353658.9271000009,
              419039.53420000151
            ],
            [
              353657.87640000135,
              419032.53400000185
            ],
            [
              353657.34200000018,
              419029.44050000422
            ],
            [
              353656.53010000009,
              419026.04030000046
            ],
            [
              353652.90950000193,
              419014.08889999986
            ],
            [
              353651.66940000001,
              419009.25779999979
            ],
            [
              353649.07550000027,
              418997.54619999975
            ],
            [
              353647.85500000138,
              418990.90410000086
            ],
            [
              353647.13570000138,
              418984.6425999999
            ],
            [
              353647.01420000102,
              418978.99870000221
            ],
            [
              353647.27300000098,
              418973.30140000023
            ],
            [
              353647.69910000078,
              418969.01160000265
            ],
            [
              353648.38100000098,
              418965.24110000022
            ],
            [
              353649.34180000052,
              418961.92949999869
            ],
            [
              353650.76819999982,
              418959.08050000109
            ],
            [
              353655.58710000012,
              418951.5178999994
            ],
            [
              353656.55800000019,
              418946.50919999927
            ],
            [
              353656.12890000083,
              418941.98550000228
            ],
            [
              353655.27379999962,
              418938.45410000347
            ],
            [
              353653.98060000036,
              418935.1967999991
            ],
            [
              353651.81369999982,
              418931.72740000114
            ],
            [
              353648.56480000075,
              418929.30080000311
            ],
            [
              353645.15730000008,
              418928.00090000033
            ],
            [
              353640.24569999985,
              418927.05440000258
            ],
            [
              353628.44420000166,
              418925.70660000294
            ],
            [
              353623.7379999999,
              418924.68750000373
            ],
            [
              353618.87440000102,
              418922.80240000039
            ],
            [
              353607.47980000079,
              418917.04560000263
            ],
            [
              353602.53679999989,
              418914.99410000257
            ],
            [
              353598.74280000012,
              418914.13149999827
            ],
            [
              353594.45290000178,
              418914.34430000186
            ],
            [
              353590.97860000003,
              418916.00290000252
            ],
            [
              353588.38590000011,
              418918.3321000021
            ],
            [
              353586.07149999961,
              418921.01980000176
            ],
            [
              353581.01960000116,
              418927.55260000005
            ],
            [
              353578.73730000015,
              418930.11860000342
            ],
            [
              353569.55630000122,
              418940.05199999921
            ],
            [
              353566.20480000041,
              418943.46189999953
            ],
            [
              353562.31060000043,
              418946.8889000006
            ],
            [
              353558.56450000033,
              418949.51549999975
            ],
            [
              353555.5719000008,
              418951.1930999998
            ],
            [
              353552.33820000011,
              418952.72969999723
            ],
            [
              353548.86850000173,
              418954.12259999849
            ],
            [
              353545.17020000052,
              418955.36909999885
            ],
            [
              353537.11739999987,
              418957.41200000048
            ],
            [
              353528.30549999978,
              418958.82600000128
            ],
            [
              353522.65460000001,
              418959.34139999934
            ],
            [
              353517.24500000011,
              418959.51390000246
            ],
            [
              353512.13470000029,
              418959.34160000086
            ],
            [
              353507.35690000001,
              418958.82600000128
            ],
            [
              353503.6241000006,
              418957.94050000049
            ],
            [
              353499.54910000134,
              418956.3303999994
            ],
            [
              353495.73379999958,
              418954.39010000229
            ],
            [
              353487.03199999873,
              418949.49369999953
            ],
            [
              353482.86340000015,
              418947.50379999913
            ],
            [
              353479.05830000062,
              418946.21370000206
            ],
            [
              353475.54600000102,
              418945.63609999977
            ],
            [
              353472.4430999998,
              418945.6043999996
            ],
            [
              353469.17220000178,
              418945.92019999959
            ],
            [
              353465.70210000128,
              418946.58620000258
            ],
            [
              353461.96960000042,
              418947.61429999955
            ],
            [
              353454.96860000119,
              418950.1735999994
            ],
            [
              353438.30410000123,
              418957.27420000173
            ],
            [
              353424.38070000056,
              418962.57389999926
            ],
            [
              353416.18520000111,
              418966.0382000003
            ],
            [
              353408.86340000108,
              418969.70950000361
            ],
            [
              353402.61390000116,
              418973.56760000065
            ],
            [
              353398.14930000156,
              418976.87829999998
            ],
            [
              353393.48710000049,
              418980.79209999926
            ],
            [
              353388.51520000026,
              418985.39279999956
            ],
            [
              353382.44110000134,
              418991.41269999929
            ],
            [
              353378.00580000132,
              418996.34960000031
            ],
            [
              353368.52920000069,
              419008.13860000297
            ],
            [
              353363.82019999996,
              419013.13719999976
            ],
            [
              353360.79130000062,
              419015.84589999914
            ],
            [
              353357.25729999878,
              419018.70930000208
            ],
            [
              353342.87160000019,
              419029.43050000444
            ],
            [
              353339.64969999995,
              419032.30000000075
            ],
            [
              353331.70220000017,
              419040.63409999944
            ],
            [
              353327.00010000076,
              419044.70830000192
            ],
            [
              353323.11149999965,
              419046.76340000145
            ],
            [
              353319.5672000004,
              419047.20510000177
            ],
            [
              353316.1343000019,
              419046.33760000207
            ],
            [
              353313.23190000001,
              419044.93630000018
            ],
            [
              353309.60240000207,
              419042.56770000234
            ],
            [
              353300.1985000018,
              419035.63750000112
            ],
            [
              353295.35460000113,
              419032.02440000139
            ],
            [
              353283.72719999962,
              419022.08709999919
            ],
            [
              353280.24060000014,
              419019.6408000011
            ],
            [
              353276.92230000068,
              419017.79240000248
            ],
            [
              353271.12270000111,
              419015.3842999991
            ],
            [
              353264.64969999995,
              419013.41400000267
            ],
            [
              353257.52110000141,
              419011.88690000027
            ],
            [
              353249.76670000143,
              419010.80949999951
            ],
            [
              353245.56970000174,
              419010.49180000275
            ],
            [
              353240.98250000179,
              419010.38710000366
            ],
            [
              353229.59400000051,
              419010.80949999951
            ],
            [
              353219.87840000167,
              419011.68710000068
            ],
            [
              353212.99629999977,
              419013.54340000264
            ]
          ]
        ]
      }
    },
    {
      "attributes" : {
        "FID" : 4,
        "PMNTN_SN" : 30203,
        "MNTN_CODE" : "477303404",
        "MNTN_NM" : "상리리동산",
        "PMNTN_NM" : "상리리구간",
        "PMNTN_MAIN" : " ",
        "PMNTN_LT" : 2.74,
        "PMNTN_DFFL" : "쉬움",
        "PMNTN_UPPL" : 48,
        "PMNTN_GODN" : 34,
        "PMNTN_MTRQ" : " ",
        "PMNTN_CNRL" : " ",
        "PMNTN_CLS_" : " ",
        "PMNTN_RISK" : " ",
        "PMNTN_RECO" : " ",
        "DATA_STDR_" : "2016-12-31",
        "MNTN_ID" : "477301901"
      },
      "geometry" : {
        "paths" : [
          [
            [
              353652.44529999886,
              419060.46550000273
            ],
            [
              353654.11529999971,
              419064.47970000096
            ],
            [
              353655.57720000111,
              419068.53330000117
            ],
            [
              353656.83090000134,
              419072.62639999948
            ],
            [
              353657.87640000135,
              419076.75879999995
            ],
            [
              353658.40789999999,
              419079.77490000427
            ],
            [
              353658.70700000133,
              419083.13360000215
            ],
            [
              353658.64800000098,
              419099.10950000212
            ],
            [
              353658.90319999959,
              419102.90149999969
            ],
            [
              353659.42819999997,
              419106.24200000055
            ],
            [
              353660.44819999952,
              419110.29820000008
            ],
            [
              353661.89660000149,
              419114.76459999941
            ],
            [
              353667.96280000079,
              419130.29409999959
            ],
            [
              353669.83660000004,
              419135.78119999915
            ],
            [
              353673.81040000077,
              419148.57730000094
            ],
            [
              353675.87970000226,
              419154.38380000181
            ],
            [
              353678.73370000068,
              419160.73040000163
            ],
            [
              353680.27870000061,
              419163.47570000216
            ],
            [
              353681.92849999946,
              419165.98430000246
            ],
            [
              353683.96080000047,
              419168.48310000077
            ],
            [
              353686.56540000066,
              419171.05540000461
            ],
            [
              353695.74689999968,
              419178.54210000299
            ],
            [
              353698.68219999969,
              419181.15090000257
            ],
            [
              353701.04949999973,
              419183.66899999976
            ],
            [
              353702.87709999923,
              419186.15710000135
            ],
            [
              353704.83069999982,
              419189.98120000027
            ],
            [
              353706.32189999986,
              419194.57130000181
            ],
            [
              353707.36470000073,
              419199.65619999729
            ],
            [
              353708.8554999996,
              419210.13319999911
            ],
            [
              353709.62820000108,
              419214.4878000021
            ],
            [
              353710.7583000008,
              419218.88400000148
            ],
            [
              353712.18759999983,
              419222.62310000323
            ],
            [
              353716.09390000161,
              419230.67350000143
            ],
            [
              353719.58700000122,
              419236.78070000187
            ],
            [
              353723.17640000116,
              419241.8339000009
            ],
            [
              353726.92920000013,
              419245.89939999953
            ],
            [
              353729.21420000028,
              419247.75960000046
            ],
            [
              353732.00200000126,
              419249.53380000219
            ],
            [
              353743.91600000113,
              419255.37380000018
            ],
            [
              353747.57030000165,
              419257.57550000399
            ],
            [
              353752.31759999972,
              419261.39010000043
            ],
            [
              353756.07239999902,
              419265.19360000081
            ],
            [
              353759.55220000073,
              419269.21210000105
            ],
            [
              353768.29000000004,
              419279.93400000222
            ],
            [
              353773.48160000052,
              419285.4689000044
            ],
            [
              353783.84619999956,
              419294.95160000212
            ],
            [
              353793.97350000124,
              419303.37199999951
            ],
            [
              353803.95270000026,
              419310.8041999992
            ],
            [
              353813.82710000034,
              419317.27979999967
            ],
            [
              353822.84660000168,
              419322.57330000028
            ],
            [
              353831.11099999957,
              419326.96310000122
            ],
            [
              353838.93230000045,
              419330.61430000141
            ],
            [
              353846.41380000114,
              419333.57310000062
            ],
            [
              353853.18219999969,
              419335.68880000152
            ],
            [
              353860.91480000131,
              419337.5251000002
            ],
            [
              353868.23930000048,
              419338.90120000206
            ],
            [
              353887.53510000184,
              419342.10769999959
            ],
            [
              353914.69070000108,
              419346.76300000027
            ],
            [
              353937.19340000022,
              419351.61480000243
            ],
            [
              353942.90440000221,
              419352.51400000229
            ],
            [
              353948.0532999998,
              419352.97000000253
            ],
            [
              353955.8638000004,
              419353.36510000192
            ],
            [
              353959.39709999971,
              419353.11900000274
            ],
            [
              353963.75600000005,
              419351.94690000266
            ],
            [
              353968.28519999981,
              419349.56499999948
            ],
            [
              353974.16179999989,
              419345.03660000302
            ],
            [
              353981.41590000037,
              419338.22840000317
            ],
            [
              353984.07020000089,
              419335.37720000371
            ],
            [
              353989.84700000007,
              419328.12469999865
            ],
            [
              353992.2622000007,
              419325.72919999994
            ],
            [
              353996.57280000206,
              419322.75410000049
            ],
            [
              354000.90469999984,
              419320.79230000079
            ],
            [
              354005.25150000025,
              419319.32300000079
            ],
            [
              354015.23340000212,
              419316.43620000407
            ],
            [
              354019.43369999994,
              419314.95219999924
            ],
            [
              354042.35780000035,
              419305.04450000077
            ],
            [
              354050.46870000102,
              419301.76230000332
            ],
            [
              354056.9768000003,
              419299.44540000148
            ],
            [
              354071.51700000092,
              419294.66909999959
            ],
            [
              354077.62420000136,
              419292.45180000179
            ],
            [
              354081.03990000021,
              419290.94120000303
            ],
            [
              354091.39210000169,
              419285.74039999954
            ],
            [
              354094.74899999984,
              419284.53780000098
            ],
            [
              354097.79700000025,
              419283.91719999909
            ],
            [
              354101.01120000053,
              419283.89190000109
            ],
            [
              354104.59750000015,
              419284.53590000048
            ],
            [
              354108.32029999979,
              419285.7087000031
            ],
            [
              354118.80900000129,
              419289.6772000026
            ],
            [
              354122.04630000051,
              419290.5178999994
            ],
            [
              354124.95260000229,
              419290.90010000207
            ],
            [
              354129.54730000068,
              419290.92540000007
            ],
            [
              354134.6930000009,
              419290.4916999992
            ],
            [
              354139.99980000127,
              419289.70480000041
            ],
            [
              354150.55640000012,
              419287.79659999907
            ],
            [
              354160.64300000016,
              419285.81299999729
            ],
            [
              354175.38439999986,
              419282.36540000141
            ],
            [
              354191.92460000049,
              419277.65650000237
            ],
            [
              354195.86650000047,
              419276.74740000255
            ],
            [
              354200.8395999996,
              419276.09109999798
            ],
            [
              354210.19050000142,
              419276.29599999823
            ],
            [
              354213.28990000021,
              419275.69480000064
            ],
            [
              354216.84040000103,
              419272.90870000236
            ],
            [
              354218.9606999997,
              419269.21320000105
            ],
            [
              354222.05080000218,
              419261.80189999752
            ],
            [
              354223.69780000113,
              419259.08110000193
            ],
            [
              354227.38640000019,
              419255.12490000017
            ],
            [
              354231.03070000093,
              419252.13139999844
            ],
            [
              354235.17330000084,
              419249.35280000418
            ],
            [
              354239.77550000045,
              419246.81499999948
            ],
            [
              354244.8180000009,
              419244.5335000027
            ],
            [
              354250.19530000072,
              419242.56020000204
            ],
            [
              354255.80759999901,
              419240.93200000189
            ],
            [
              354261.5064000003,
              419239.69239999913
            ],
            [
              354265.38640000019,
              419239.0923999995
            ],
            [
              354269.33339999896,
              419238.68730000034
            ],
            [
              354273.29310000129,
              419238.48260000162
            ],
            [
              354277.21790000051,
              419238.48080000095
            ],
            [
              354281.05580000114,
              419238.68120000139
            ],
            [
              354284.77960000001,
              419239.08159999922
            ],
            [
              354288.35770000052,
              419239.67870000377
            ],
            [
              354292.96540000103,
              419240.86330000125
            ],
            [
              354296.77649999969,
              419242.41270000115
            ],
            [
              354307.41020000074,
              419248.1371000018
            ],
            [
              354310.84379999992,
              419249.44240000285
            ],
            [
              354316.98080000002,
              419250.82210000232
            ],
            [
              354321.99600000028,
              419251.43910000287
            ],
            [
              354326.81650000159,
              419251.60960000195
            ],
            [
              354332.66950000077,
              419251.06920000166
            ],
            [
              354336.8685999997,
              419249.8283000011
            ],
            [
              354340.14760000072,
              419248.3094000034
            ],
            [
              354350.01480000094,
              419243.11610000394
            ],
            [
              354353.22740000207,
              419241.89869999886
            ],
            [
              354357.35940000042,
              419241.13460000232
            ],
            [
              354361.08450000081,
              419241.00040000305
            ],
            [
              354366.68060000055,
              419241.53559999727
            ],
            [
              354371.76160000078,
              419242.50600000098
            ],
            [
              354386.42210000008,
              419245.89939999953
            ],
            [
              354400.73250000086,
              419248.53690000251
            ],
            [
              354409.42540000007,
              419250.33570000157
            ],
            [
              354417.37260000128,
              419252.29910000227
            ],
            [
              354424.43989999965,
              419254.43400000408
            ],
            [
              354435.99949999992,
              419258.56159999967
            ],
            [
              354445.70880000107,
              419262.63149999827
            ],
            [
              354454.22350000124,
              419266.9199000001
            ],
            [
              354458.07710000034,
              419269.17039999925
            ],
            [
              354461.6819000002,
              419271.50320000015
            ],
            [
              354466.69310000073,
              419275.27260000259
            ],
            [
              354471.97429999989,
              419279.94700000063
            ],
            [
              354476.44600000139,
              419284.34589999914
            ],
            [
              354489.61330000032,
              419297.88290000334
            ],
            [
              354505.43790000025,
              419313.31909999996
            ],
            [
              354515.2172000017,
              419323.48680000193
            ],
            [
              354517.43770000059,
              419326.08990000002
            ],
            [
              354519.75480000209,
              419329.16770000011
            ],
            [
              354528.37880000006,
              419342.14530000091
            ],
            [
              354532.27550000045,
              419347.35880000144
            ],
            [
              354534.57440000027,
              419349.92990000173
            ],
            [
              354536.8666000003,
              419352.08500000089
            ],
            [
              354539.19890000112,
              419353.86790000089
            ],
            [
              354542.65790000185,
              419355.78329999931
            ],
            [
              354546.04670000076,
              419357.09910000302
            ],
            [
              354551.44570000004,
              419358.3767000027
            ],
            [
              354556.19540000055,
              419359.0391000025
            ],
            [
              354567.60540000163,
              419360.07890000381
            ],
            [
              354572.63190000039,
              419360.72869999893
            ],
            [
              354579.49780000094,
              419362.27859999985
            ],
            [
              354595.12100000121,
              419366.87710000388
            ],
            [
              354601.48240000103,
              419368.21360000223
            ],
            [
              354605.29160000011,
              419368.58220000006
            ],
            [
              354608.69640000071,
              419368.49410000071
            ],
            [
              354611.76489999983,
              419367.94749999978
            ],
            [
              354614.52900000103,
              419366.9357000012
            ],
            [
              354617.57780000195,
              419365.04080000147
            ],
            [
              354620.71060000174,
              419362.19380000047
            ],
            [
              354623.50020000059,
              419359.02360000275
            ],
            [
              354629.87690000143,
              419351.04860000126
            ],
            [
              354633.1500000013,
              419347.53889999725
            ],
            [
              354638.37619999982,
              419342.79150000028
            ],
            [
              354651.77099999972,
              419331.24550000392
            ],
            [
              354655.47140000015,
              419328.30179999955
            ],
            [
              354664.42140000034,
              419322.08170000091
            ],
            [
              354667.79800000042,
              419319.31180000305
            ],
            [
              354670.30810000002,
              419316.54240000248
            ],
            [
              354672.38300000224,
              419312.80360000208
            ],
            [
              354673.09070000052,
              419308.22800000198
            ],
            [
              354671.94370000064,
              419296.33120000362
            ],
            [
              354670.48760000058,
              419279.97419999912
            ],
            [
              354670.32370000146,
              419275.90920000151
            ],
            [
              354670.39200000092,
              419272.27910000272
            ],
            [
              354670.94020000007,
              419265.90169999935
            ],
            [
              354671.90940000117,
              419259.44510000013
            ],
            [
              354673.28560000099,
              419253.00239999965
            ],
            [
              354675.04720000084,
              419246.67520000227
            ],
            [
              354676.12609999999,
              419243.64220000245
            ],
            [
              354677.54609999992,
              419240.38220000267
            ],
            [
              354684.75410000049,
              419226.61739999987
            ],
            [
              354686.28129999992,
              419223.31780000217
            ],
            [
              354687.46119999979,
              419220.29550000094
            ],
            [
              354688.70380000025,
              419216.34690000117
            ],
            [
              354689.84360000119,
              419211.8759000022
            ],
            [
              354693.00140000042,
              419196.13410000317
            ],
            [
              354694.4441000009,
              419190.03639999777
            ],
            [
              354695.3553000018,
              419186.10980000161
            ],
            [
              354697.1511000013,
              419176.73890000209
            ],
            [
              354698.23900000099,
              419172.45490000211
            ],
            [
              354699.97790000029,
              419167.95880000293
            ],
            [
              354701.61300000083,
              419165.25980000198
            ],
            [
              354703.93520000018,
              419162.63069999963
            ],
            [
              354706.18919999897,
              419160.89149999991
            ],
            [
              354715.68300000206,
              419155.3945000004
            ],
            [
              354719.27199999988,
              419152.79450000077
            ],
            [
              354722.61340000015,
              419149.52090000175
            ],
            [
              354726.00280000083,
              419145.50879999995
            ],
            [
              354728.98400000017,
              419141.48610000126
            ],
            [
              354735.52470000181,
              419132.10109999962
            ],
            [
              354738.66889999993,
              419127.96649999917
            ],
            [
              354758.84159999993,
              419103.91440000199
            ],
            [
              354774.39600000065,
              419085.97159999982
            ],
            [
              354781.34200000111,
              419077.53470000066
            ],
            [
              354791.53799999878,
              419064.69329999946
            ],
            [
              354794.48000000045,
              419060.49469999969
            ],
            [
              354796.85940000135,
              419056.58610000275
            ],
            [
              354799.00690000039,
              419052.24090000056
            ],
            [
              354800.97600000072,
              419047.18550000153
            ],
            [
              354802.58920000214,
              419042.16950000077
            ],
            [
              354806.23890000209,
              419029.65110000223
            ],
            [
              354808.49749999866,
              419023.22350000218
            ],
            [
              354815.39479999989,
              419006.42910000123
            ],
            [
              354818.16150000039,
              419000.51860000007
            ],
            [
              354820.91150000039,
              418995.29210000113
            ],
            [
              354826.1632000003,
              418986.07360000163
            ],
            [
              354830.07969999872,
              418979.91900000162
            ],
            [
              354834.00090000127,
              418974.71900000237
            ],
            [
              354837.98080000095,
              418970.46410000324
            ],
            [
              354842.12770000007,
              418966.96050000191
            ],
            [
              354847.10240000207,
              418963.5214000009
            ],
            [
              354852.9606999997,
              418960.07970000431
            ],
            [
              354861.25699999928,
              418955.72250000201
            ],
            [
              354870.43730000034,
              418951.21240000241
            ],
            [
              354878.0270999996,
              418947.98310000077
            ],
            [
              354885.00619999971,
              418945.61889999732
            ],
            [
              354891.51609999966,
              418944.08440000005
            ],
            [
              354894.62750000134,
              418943.74470000155
            ],
            [
              354898.20820000116,
              418943.7666000016
            ],
            [
              354910.22699999996,
              418945.04940000176
            ],
            [
              354914.45420000143,
              418945.26860000193
            ],
            [
              354918.42100000009,
              418944.97730000131
            ],
            [
              354921.77520000003,
              418944.08440000005
            ],
            [
              354924.643600001,
              418942.55870000459
            ],
            [
              354927.51140000019,
              418940.19520000182
            ],
            [
              354930.50160000008,
              418936.91669999994
            ],
            [
              354936.43709999975,
              418929.27010000311
            ],
            [
              354939.09170000162,
              418926.18230000138
            ],
            [
              354942.09499999974,
              418923.41920000315
            ],
            [
              354945.05140000116,
              418921.58400000073
            ],
            [
              354948.02720000036,
              418920.41350000165
            ],
            [
              354951.30780000053,
              418919.56570000201
            ],
            [
              354954.92480000015,
              418919.03200000152
            ],
            [
              354958.94470000081,
              418918.8022000026
            ],
            [
              354966.58389999997,
              418919.05560000241
            ],
            [
              354980.79190000147,
              418920.43879999965
            ],
            [
              354986.17270000093,
              418920.80820000172
            ],
            [
              354989.32590000052,
              418921.09180000238
            ],
            [
              354992.88430000003,
              418921.70099999942
            ],
            [
              355007.61120000109,
              418925.38949999958
            ],
            [
              355013.79590000212,
              418926.45360000059
            ],
            [
              355017.04779999983,
              418926.60320000164
            ],
            [
              355021.27359999996,
              418926.04460000247
            ],
            [
              355025.69520000089,
              418924.21279999986
            ],
            [
              355027.93300000113,
              418922.4598999992
            ],
            [
              355034.24659999926,
              418915.62750000134
            ],
            [
              355036.61490000132,
              418913.60700000264
            ],
            [
              355039.71180000156,
              418911.82880000025
            ],
            [
              355042.48010000028,
              418910.84679999948
            ],
            [
              355045.79250000045,
              418910.05450000055
            ],
            [
              355055.92060000077,
              418908.1688000001
            ],
            [
              355060.18250000104,
              418906.65049999952
            ],
            [
              355064.18890000135,
              418904.31730000302
            ],
            [
              355066.92019999959,
              418902.22249999829
            ],
            [
              355069.63590000011,
              418899.77500000224
            ],
            [
              355072.35230000038,
              418896.96020000242
            ],
            [
              355075.04880000092,
              418893.80800000206
            ],
            [
              355077.80900000222,
              418890.22910000011
            ],
            [
              355083.93280000146,
              418881.23860000446
            ],
            [
              355086.85489999969,
              418876.34970000014
            ],
            [
              355089.6314000003,
              418870.98610000126
            ],
            [
              355092.27150000073,
              418865.13010000065
            ],
            [
              355094.79509999976,
              418858.73820000328
            ],
            [
              355095.65960000176,
              418856.02660000138
            ],
            [
              355096.39379999973,
              418852.89550000243
            ],
            [
              355098.15340000112,
              418841.94570000097
            ],
            [
              355098.99010000098,
              418837.89760000072
            ],
            [
              355100.20910000149,
              418834.01990000345
            ],
            [
              355101.7779000001,
              418830.80680000037
            ],
            [
              355103.43169999961,
              418828.36330000125
            ],
            [
              355105.42850000039,
              418825.95740000159
            ],
            [
              355107.78139999975,
              418823.57290000096
            ],
            [
              355110.51910000108,
              418821.18070000224
            ],
            [
              355116.93000000156,
              418816.47659999877
            ],
            [
              355127.38179999962,
              418809.85820000432
            ],
            [
              355132.45310000051,
              418806.94880000129
            ],
            [
              355138.35030000005,
              418804.08080000058
            ],
            [
              355159.96850000042,
              418795.11659999937
            ],
            [
              355174.25640000124,
              418787.89809999987
            ],
            [
              355178.15530000068,
              418786.49589999951
            ],
            [
              355182.92020000145,
              418785.74569999985
            ],
            [
              355188.1360000018,
              418785.99210000411
            ],
            [
              355192.47049999982,
              418786.79040000215
            ],
            [
              355198.89749999996,
              418788.73149999976
            ],
            [
              355207.29680000059,
              418792.0131000001
            ],
            [
              355210.32870000135,
              418793.46190000139
            ],
            [
              355213.50980000105,
              418795.37410000153
            ],
            [
              355217.05489999987,
              418797.88149999827
            ],
            [
              355227.61870000139,
              418805.95109999739
            ],
            [
              355231.14550000057,
              418808.18920000456
            ],
            [
              355234.45239999983,
              418809.85820000432
            ],
            [
              355240.28479999956,
              418812.04630000144
            ],
            [
              355246.99840000086,
              418813.90619999915
            ],
            [
              355254.39970000181,
              418815.44950000383
            ],
            [
              355267.03910000063,
              418817.61690000072
            ],
            [
              355276.12409999967,
              418819.08350000158
            ],
            [
              355283.33240000159,
              418819.94450000115
            ],
            [
              355290.26499999966,
              418820.14589999989
            ],
            [
              355306.23610000033,
              418819.462799998
            ],
            [
              355310.112900001,
              418819.58149999939
            ],
            [
              355313.59150000103,
              418819.94450000115
            ],
            [
              355319.13380000088,
              418821.02769999951
            ],
            [
              355325.23890000023,
              418822.74400000088
            ],
            [
              355330.9345000023,
              418824.68910000101
            ],
            [
              355345.40240000002,
              418830.03089999966
            ],
            [
              355360.87050000019,
              418835.6070000045
            ],
            [
              355376.43730000034,
              418841.66900000162
            ],
            [
              355379.66460000072,
              418843.106200004
            ],
            [
              355390.08820000198,
              418848.21959999949
            ],
            [
              355393.51400000136,
              418849.47870000266
            ],
            [
              355397.99590000138,
              418850.32870000415
            ],
            [
              355402.30009999964,
              418850.34810000099
            ],
            [
              355405.39629999921,
              418849.8860000018
            ],
            [
              355408.73350000102,
              418849.05830000155
            ],
            [
              355414.85240000114,
              418846.90370000154
            ],
            [
              355428.33660000097,
              418841.21240000241
            ],
            [
              355433.85199999996,
              418839.34139999934
            ],
            [
              355439.41470000055,
              418837.44140000269
            ],
            [
              355451.69100000057,
              418832.40240000188
            ],
            [
              355456.68049999978,
              418830.7594000008
            ],
            [
              355459.80829999968,
              418830.05000000075
            ],
            [
              355464.06070000026,
              418829.69230000116
            ],
            [
              355468.86639999971,
              418830.28460000083
            ],
            [
              355471.68049999978,
              418831.38340000249
            ],
            [
              355479.85010000039,
              418835.92600000277
            ],
            [
              355482.63470000122,
              418836.83120000176
            ],
            [
              355486.48629999999,
              418836.97240000218
            ],
            [
              355490.84760000091,
              418835.92490000278
            ],
            [
              355495.87370000128,
              418833.6892000027
            ],
            [
              355504.52490000054,
              418828.81609999947
            ],
            [
              355508.3359000003,
              418826.92740000039
            ],
            [
              355522.37420000043,
              418821.45649999939
            ],
            [
              355527.21870000008,
              418819.36410000175
            ],
            [
              355532.23300000094,
              418816.66389999725
            ],
            [
              355536.26740000118,
              418813.73750000075
            ],
            [
              355538.41000000108,
              418811.73100000247
            ],
            [
              355540.4813000001,
              418809.42940000072
            ],
            [
              355542.50070000067,
              418806.8121000044
            ],
            [
              355544.5026000021,
              418803.83420000225
            ],
            [
              355548.09990000073,
              418797.56450000405
            ],
            [
              355554.88830000069,
              418784.25430000015
            ],
            [
              355560.03990000114,
              418774.15160000324
            ],
            [
              355564.44579999987,
              418764.50790000148
            ],
            [
              355568.15340000018,
              418755.2191000022
            ],
            [
              355571.18169999961,
              418746.23650000058
            ],
            [
              355572.16760000028,
              418742.29290000349
            ],
            [
              355572.89400000125,
              418737.75420000032
            ],
            [
              355574.20030000061,
              418721.4907000009
            ],
            [
              355575.03270000126,
              418715.30030000024
            ],
            [
              355575.73220000044,
              418712.14220000058
            ],
            [
              355576.6063000001,
              418709.29420000315
            ],
            [
              355578.30620000139,
              418705.52070000209
            ],
            [
              355583.56570000108,
              418697.37289999984
            ],
            [
              355585.79490000103,
              418694.51940000057
            ],
            [
              355588.00280000083,
              418692.04000000097
            ],
            [
              355590.21010000072,
              418689.91420000233
            ],
            [
              355593.50430000108,
              418687.45370000228
            ],
            [
              355597.84860000014,
              418685.43960000202
            ],
            [
              355601.49830000009,
              418684.98750000447
            ],
            [
              355611.5318,
              418685.75560000166
            ],
            [
              355616.0373000009,
              418685.23700000159
            ],
            [
              355619.97190000024,
              418683.02500000224
            ],
            [
              355622.88400000148,
              418680.27439999767
            ],
            [
              355624.77120000124,
              418677.87250000052
            ],
            [
              355626.5914000012,
              418675.09539999999
            ],
            [
              355628.41820000019,
              418671.84710000455
            ],
            [
              355632.4757000003,
              418663.21800000221
            ],
            [
              355634.16600000113,
              418658.73489999957
            ],
            [
              355635.5745000001,
              418653.6072000023
            ],
            [
              355636.74090000056,
              418647.74719999917
            ],
            [
              355637.90690000169,
              418639.94180000015
            ],
            [
              355638.78990000021,
              418631.31479999982
            ],
            [
              355639.08420000039,
              418622.62010000087
            ],
            [
              355638.78990000021,
              418613.85770000145
            ],
            [
              355637.90690000169,
              418605.02740000002
            ]
          ]
        ]
      }
    },
    {
      "attributes" : {
        "FID" : 5,
        "PMNTN_SN" : 30204,
        "MNTN_CODE" : "477303404",
        "MNTN_NM" : "상리리동산",
        "PMNTN_NM" : "중리리구간",
        "PMNTN_MAIN" : " ",
        "PMNTN_LT" : 0.36,
        "PMNTN_DFFL" : "쉬움",
        "PMNTN_UPPL" : 6,
        "PMNTN_GODN" : 4,
        "PMNTN_MTRQ" : " ",
        "PMNTN_CNRL" : " ",
        "PMNTN_CLS_" : " ",
        "PMNTN_RISK" : " ",
        "PMNTN_RECO" : " ",
        "DATA_STDR_" : "2016-12-31",
        "MNTN_ID" : "477301901"
      },
      "geometry" : {
        "paths" : [
          [
            [
              352840.88110000081,
              419083.74170000292
            ],
            [
              352844.66359999869,
              419090.61040000059
            ],
            [
              352847.86400000006,
              419097.70740000159
            ],
            [
              352848.99199999962,
              419101.44540000148
            ],
            [
              352850.36170000024,
              419108.83970000036
            ],
            [
              352851.52590000071,
              419112.95420000143
            ],
            [
              352854.25960000046,
              419117.25690000132
            ],
            [
              352858.06140000187,
              419119.59620000422
            ],
            [
              352861.36390000023,
              419120.65760000236
            ],
            [
              352868.52130000014,
              419122.30850000121
            ],
            [
              352871.47530000191,
              419123.13660000078
            ],
            [
              352874.3200999992,
              419124.27150000073
            ],
            [
              352877.27869999968,
              419126.2667999994
            ],
            [
              352879.4199000001,
              419128.54900000058
            ],
            [
              352883.69910000172,
              419134.77089999989
            ],
            [
              352886.23680000007,
              419137.70229999907
            ],
            [
              352889.83930000104,
              419139.82310000248
            ],
            [
              352893.89890000038,
              419139.99200000428
            ],
            [
              352902.12789999973,
              419138.6556000039
            ],
            [
              352905.1539000012,
              419138.70739999786
            ],
            [
              352909.03410000075,
              419139.91440000199
            ],
            [
              352912.15260000061,
              419141.78999999911
            ],
            [
              352914.97130000126,
              419143.99870000221
            ],
            [
              352921.42530000024,
              419149.6353999991
            ],
            [
              352924.6754999999,
              419152.01860000007
            ],
            [
              352935.65979999956,
              419159.13950000145
            ],
            [
              352941.77340000123,
              419162.73289999925
            ],
            [
              352947.76950000226,
              419165.61150000244
            ],
            [
              352953.38279999979,
              419167.53610000201
            ],
            [
              352958.85969999991,
              419168.99620000459
            ],
            [
              352962.36190000176,
              419169.71400000155
            ],
            [
              352965.46880000178,
              419170.0166000016
            ],
            [
              352969.0326000005,
              419169.64260000177
            ],
            [
              352972.68420000002,
              419168.10669999942
            ],
            [
              352975.50950000156,
              419166.10889999941
            ],
            [
              352978.66679999977,
              419163.10979999974
            ],
            [
              352984.86560000014,
              419156.24860000052
            ],
            [
              352987.521300002,
              419153.57040000334
            ],
            [
              352994.52160000056,
              419146.82480000146
            ],
            [
              353002.2629000023,
              419138.82880000211
            ],
            [
              353012.86070000101,
              419126.97240000032
            ],
            [
              353024.76319999993,
              419112.44900000095
            ],
            [
              353035.37129999977,
              419099.16740000062
            ],
            [
              353038.48990000132,
              419094.79730000347
            ],
            [
              353041.05660000071,
              419090.72460000031
            ],
            [
              353045.16480000038,
              419084.38179999962
            ],
            [
              353046.64740000013,
              419081.77760000154
            ],
            [
              353047.71310000122,
              419079.09640000015
            ],
            [
              353047.83530000225,
              419075.74650000222
            ],
            [
              353045.60770000145,
              419071.54020000063
            ],
            [
              353039.39650000073,
              419064.77879999951
            ],
            [
              353037.6232000012,
              419062.09740000032
            ],
            [
              353035.94560000114,
              419057.87139999866
            ],
            [
              353035.00040000025,
              419054.48249999993
            ],
            [
              353034.37199999951,
              419051.18550000153
            ],
            [
              353034.0736999996,
              419048.05150000006
            ],
            [
              353034.23199999984,
              419043.14039999992
            ],
            [
              353035.10280000139,
              419038.06620000117
            ],
            [
              353036.63329999987,
              419033.13569999859
            ],
            [
              353038.72900000121,
              419028.65460000187
            ],
            [
              353040.78640000056,
              419025.87780000269
            ],
            [
              353046.27660000138,
              419020.30470000207
            ],
            [
              353048.03940000106,
              419017.79240000248
            ],
            [
              353050.26090000104,
              419016.04150000028
            ]
          ]
        ]
      }
    }
  ]
}