{
  "displayFieldName" : "",
  "fieldAliases" : {
    "FID" : "FID",
    "PMNTN_SPOT" : "PMNTN_SPOT",
    "MNTN_CODE" : "MNTN_CODE",
    "MANAGE_SP1" : "MANAGE_SP1",
    "MANAGE_SP2" : "MANAGE_SP2",
    "DETAIL_SPO" : "DETAIL_SPO",
    "ETC_MATTER" : "ETC_MATTER",
    "MNTN_NM" : "MNTN_NM",
    "PAST_SPOT_" : "PAST_SPOT_",
    "MNTN_ID" : "MNTN_ID"
  },
  "geometryType" : "esriGeometryPoint",
  "spatialReference" : {
    "wkt" : "PROJCS[\"PCS_ITRF2000_TM\",GEOGCS[\"GCS_ITRF_2000\",DATUM[\"D_ITRF_2000\",SPHEROID[\"GRS_1980\",6378137.0,298.257222101]],PRIMEM[\"Greenwich\",0.0],UNIT[\"Degree\",0.0174532925199433]],PROJECTION[\"Transverse_Mercator\"],PARAMETER[\"False_Easting\",200000.0],PARAMETER[\"False_Northing\",600000.0],PARAMETER[\"Central_Meridian\",127.0],PARAMETER[\"Scale_Factor\",1.0],PARAMETER[\"Latitude_Of_Origin\",38.0],UNIT[\"Meter\",1.0]]"
  },
  "fields" : [
    {
      "name" : "FID",
      "type" : "esriFieldTypeOID",
      "alias" : "FID"
    },
    {
      "name" : "PMNTN_SPOT",
      "type" : "esriFieldTypeDouble",
      "alias" : "PMNTN_SPOT"
    },
    {
      "name" : "MNTN_CODE",
      "type" : "esriFieldTypeString",
      "alias" : "MNTN_CODE",
      "length" : 9
    },
    {
      "name" : "MANAGE_SP1",
      "type" : "esriFieldTypeString",
      "alias" : "MANAGE_SP1",
      "length" : 2
    },
    {
      "name" : "MANAGE_SP2",
      "type" : "esriFieldTypeString",
      "alias" : "MANAGE_SP2",
      "length" : 50
    },
    {
      "name" : "DETAIL_SPO",
      "type" : "esriFieldTypeString",
      "alias" : "DETAIL_SPO",
      "length" : 200
    },
    {
      "name" : "ETC_MATTER",
      "type" : "esriFieldTypeString",
      "alias" : "ETC_MATTER",
      "length" : 200
    },
    {
      "name" : "MNTN_NM",
      "type" : "esriFieldTypeString",
      "alias" : "MNTN_NM",
      "length" : 50
    },
    {
      "name" : "PAST_SPOT_",
      "type" : "esriFieldTypeString",
      "alias" : "PAST_SPOT_",
      "length" : 14
    },
    {
      "name" : "MNTN_ID",
      "type" : "esriFieldTypeString",
      "alias" : "MNTN_ID",
      "length" : 10
    }
  ],
  "features" : [
    {
      "attributes" : {
        "FID" : 0,
        "PMNTN_SPOT" : 21619,
        "MNTN_CODE" : "421501501",
        "MANAGE_SP1" : "01",
        "MANAGE_SP2" : "시종점",
        "DETAIL_SPO" : "시종점",
        "ETC_MATTER" : " ",
        "MNTN_NM" : "덕우봉",
        "PAST_SPOT_" : "4215015010001",
        "MNTN_ID" : "421501501"
      },
      "geometry" : {
        "x" : 367741.25880001299,
        "y" : 571605.17830000073
      }
    },
    {
      "attributes" : {
        "FID" : 1,
        "PMNTN_SPOT" : 21620,
        "MNTN_CODE" : "421501501",
        "MANAGE_SP1" : "01",
        "MANAGE_SP2" : "시종점",
        "DETAIL_SPO" : "시종점",
        "ETC_MATTER" : " ",
        "MNTN_NM" : "덕우봉",
        "PAST_SPOT_" : "4215015010002",
        "MNTN_ID" : "421501501"
      },
      "geometry" : {
        "x" : 367810.26430001575,
        "y" : 571357.82160000131
      }
    },
    {
      "attributes" : {
        "FID" : 2,
        "PMNTN_SPOT" : 21621,
        "MNTN_CODE" : "421501501",
        "MANAGE_SP1" : "02",
        "MANAGE_SP2" : "분기점",
        "DETAIL_SPO" : "분기점",
        "ETC_MATTER" : " ",
        "MNTN_NM" : "덕우봉",
        "PAST_SPOT_" : "4215015010003",
        "MNTN_ID" : "421501501"
      },
      "geometry" : {
        "x" : 367994.81150001567,
        "y" : 571450.293700004
      }
    },
    {
      "attributes" : {
        "FID" : 3,
        "PMNTN_SPOT" : 21622,
        "MNTN_CODE" : "421501501",
        "MANAGE_SP1" : "01",
        "MANAGE_SP2" : "시종점",
        "DETAIL_SPO" : "시종점",
        "ETC_MATTER" : " ",
        "MNTN_NM" : "덕우봉",
        "PAST_SPOT_" : "4215015010004",
        "MNTN_ID" : "421501501"
      },
      "geometry" : {
        "x" : 368165.07130001578,
        "y" : 571655.47849999741
      }
    },
    {
      "attributes" : {
        "FID" : 4,
        "PMNTN_SPOT" : 21623,
        "MNTN_CODE" : "421501501",
        "MANAGE_SP1" : "99",
        "MANAGE_SP2" : "기타",
        "DETAIL_SPO" : "금강사",
        "ETC_MATTER" : " ",
        "MNTN_NM" : "덕우봉",
        "PAST_SPOT_" : "4215015010005",
        "MNTN_ID" : "421501501"
      },
      "geometry" : {
        "x" : 367917.98460003175,
        "y" : 571307.57270000502
      }
    },
    {
      "attributes" : {
        "FID" : 5,
        "PMNTN_SPOT" : 21624,
        "MNTN_CODE" : "421501501",
        "MANAGE_SP1" : "11",
        "MANAGE_SP2" : "안내판또는지도",
        "DETAIL_SPO" : "모학당안내판,茅鶴堂",
        "ETC_MATTER" : " ",
        "MNTN_NM" : "덕우봉",
        "PAST_SPOT_" : "4215015010006",
        "MNTN_ID" : "421501501"
      },
      "geometry" : {
        "x" : 367834.86790002976,
        "y" : 571351.37030000612
      }
    },
    {
      "attributes" : {
        "FID" : 6,
        "PMNTN_SPOT" : 21625,
        "MNTN_CODE" : "421501501",
        "MANAGE_SP1" : "23",
        "MANAGE_SP2" : "정상",
        "DETAIL_SPO" : "정상,神木",
        "ETC_MATTER" : " ",
        "MNTN_NM" : "덕우봉",
        "PAST_SPOT_" : "4215015010007",
        "MNTN_ID" : "421501501"
      },
      "geometry" : {
        "x" : 368019.95930003095,
        "y" : 571461.54500000924
      }
    }
  ]
}