{
  "displayFieldName" : "",
  "fieldAliases" : {
    "FID" : "FID",
    "PMNTN_SN" : "PMNTN_SN",
    "MNTN_CODE" : "MNTN_CODE",
    "MNTN_NM" : "MNTN_NM",
    "PMNTN_NM" : "PMNTN_NM",
    "PMNTN_MAIN" : "PMNTN_MAIN",
    "PMNTN_LT" : "PMNTN_LT",
    "PMNTN_DFFL" : "PMNTN_DFFL",
    "PMNTN_UPPL" : "PMNTN_UPPL",
    "PMNTN_GODN" : "PMNTN_GODN",
    "PMNTN_MTRQ" : "PMNTN_MTRQ",
    "PMNTN_CNRL" : "PMNTN_CNRL",
    "PMNTN_CLS_" : "PMNTN_CLS_",
    "PMNTN_RISK" : "PMNTN_RISK",
    "PMNTN_RECO" : "PMNTN_RECO",
    "DATA_STDR_" : "DATA_STDR_",
    "MNTN_ID" : "MNTN_ID"
  },
  "geometryType" : "esriGeometryPolyline",
  "spatialReference" : {
    "wkt" : "PROJCS[\"PCS_ITRF2000_TM\",GEOGCS[\"GCS_ITRF_2000\",DATUM[\"D_ITRF_2000\",SPHEROID[\"GRS_1980\",6378137.0,298.257222101]],PRIMEM[\"Greenwich\",0.0],UNIT[\"Degree\",0.0174532925199433]],PROJECTION[\"Transverse_Mercator\"],PARAMETER[\"False_Easting\",200000.0],PARAMETER[\"False_Northing\",600000.0],PARAMETER[\"Central_Meridian\",127.0],PARAMETER[\"Scale_Factor\",1.0],PARAMETER[\"Latitude_Of_Origin\",38.0],UNIT[\"Meter\",1.0]]"
  },
  "fields" : [
    {
      "name" : "FID",
      "type" : "esriFieldTypeOID",
      "alias" : "FID"
    },
    {
      "name" : "PMNTN_SN",
      "type" : "esriFieldTypeDouble",
      "alias" : "PMNTN_SN"
    },
    {
      "name" : "MNTN_CODE",
      "type" : "esriFieldTypeString",
      "alias" : "MNTN_CODE",
      "length" : 9
    },
    {
      "name" : "MNTN_NM",
      "type" : "esriFieldTypeString",
      "alias" : "MNTN_NM",
      "length" : 50
    },
    {
      "name" : "PMNTN_NM",
      "type" : "esriFieldTypeString",
      "alias" : "PMNTN_NM",
      "length" : 50
    },
    {
      "name" : "PMNTN_MAIN",
      "type" : "esriFieldTypeString",
      "alias" : "PMNTN_MAIN",
      "length" : 200
    },
    {
      "name" : "PMNTN_LT",
      "type" : "esriFieldTypeSingle",
      "alias" : "PMNTN_LT"
    },
    {
      "name" : "PMNTN_DFFL",
      "type" : "esriFieldTypeString",
      "alias" : "PMNTN_DFFL",
      "length" : 8
    },
    {
      "name" : "PMNTN_UPPL",
      "type" : "esriFieldTypeDouble",
      "alias" : "PMNTN_UPPL"
    },
    {
      "name" : "PMNTN_GODN",
      "type" : "esriFieldTypeDouble",
      "alias" : "PMNTN_GODN"
    },
    {
      "name" : "PMNTN_MTRQ",
      "type" : "esriFieldTypeString",
      "alias" : "PMNTN_MTRQ",
      "length" : 200
    },
    {
      "name" : "PMNTN_CNRL",
      "type" : "esriFieldTypeString",
      "alias" : "PMNTN_CNRL",
      "length" : 1
    },
    {
      "name" : "PMNTN_CLS_",
      "type" : "esriFieldTypeString",
      "alias" : "PMNTN_CLS_",
      "length" : 1
    },
    {
      "name" : "PMNTN_RISK",
      "type" : "esriFieldTypeString",
      "alias" : "PMNTN_RISK",
      "length" : 200
    },
    {
      "name" : "PMNTN_RECO",
      "type" : "esriFieldTypeString",
      "alias" : "PMNTN_RECO",
      "length" : 1
    },
    {
      "name" : "DATA_STDR_",
      "type" : "esriFieldTypeString",
      "alias" : "DATA_STDR_",
      "length" : 10
    },
    {
      "name" : "MNTN_ID",
      "type" : "esriFieldTypeString",
      "alias" : "MNTN_ID",
      "length" : 10
    }
  ],
  "features" : [
    {
      "attributes" : {
        "FID" : 0,
        "PMNTN_SN" : 54060,
        "MNTN_CODE" : "427708001",
        "MNTN_NM" : "향산",
        "PMNTN_NM" : "화암리구간",
        "PMNTN_MAIN" : " ",
        "PMNTN_LT" : 3.3,
        "PMNTN_DFFL" : "쉬움",
        "PMNTN_UPPL" : 58,
        "PMNTN_GODN" : 41,
        "PMNTN_MTRQ" : " ",
        "PMNTN_CNRL" : " ",
        "PMNTN_CLS_" : " ",
        "PMNTN_RISK" : " ",
        "PMNTN_RECO" : " ",
        "DATA_STDR_" : "2016-12-31",
        "MNTN_ID" : "427708001"
      },
      "geometry" : {
        "paths" : [
          [
            [
              358357.15369999968,
              530213.80290000141
            ],
            [
              358339.38800000027,
              530196.80959999934
            ],
            [
              358327.02920000069,
              530184.4507999979
            ],
            [
              358311.58070000075,
              530167.45750000142
            ],
            [
              358306.94620000012,
              530155.87120000273
            ],
            [
              358306.94620000012,
              530145.05720000155
            ],
            [
              358311.58070000075,
              530131.15359999798
            ],
            [
              358320.07740000077,
              530116.4776000008
            ],
            [
              358328.57400000095,
              530105.66359999962
            ],
            [
              358347.11220000032,
              530090.21519999951
            ],
            [
              358361.0158000011,
              530081.71850000322
            ],
            [
              358370.28490000125,
              530067.81489999965
            ],
            [
              358398.86459999997,
              530028.42130000331
            ],
            [
              358407.36120000016,
              530006.02099999972
            ],
            [
              358419.71999999974,
              529985.16560000181
            ],
            [
              358435.16849999968,
              529958.13070000149
            ],
            [
              358440.57540000137,
              529938.04770000279
            ],
            [
              358439.80300000031,
              529913.3302000016
            ],
            [
              358429.76150000095,
              529900.19899999909
            ],
            [
              358413.54059999995,
              529887.84019999951
            ],
            [
              358410.45089999959,
              529873.1641000025
            ],
            [
              358418.94760000054,
              529844.58450000174
            ],
            [
              358418.17520000134,
              529802.10120000131
            ],
            [
              358399.63700000104,
              529771.97660000063
            ],
            [
              358387.27819999959,
              529749.5764000006
            ],
            [
              358356.38130000047,
              529731.8105999995
            ],
            [
              358306.17369999923,
              529683.92040000111
            ],
            [
              358283.0010000011,
              529642.20950000174
            ],
            [
              358266.78010000009,
              529613.6297999993
            ],
            [
              358213.48290000018,
              529527.1184000019
            ],
            [
              358187.99290000182,
              529500.08350000158
            ],
            [
              358181.8135000011,
              529493.90420000069
            ],
            [
              358175.6342000002,
              529476.91080000252
            ],
            [
              358160.18570000026,
              529439.06210000254
            ],
            [
              358148.59929999989,
              529412.02730000205
            ],
            [
              358146.28210000042,
              529373.40609999932
            ],
            [
              358134.6957000019,
              529361.81970000267
            ],
            [
              358128.51630000118,
              529344.8264000006
            ],
            [
              358122.33690000139,
              529332.46759999916
            ],
            [
              358109.20570000075,
              529317.79160000198
            ],
            [
              358103.02630000003,
              529300.79829999991
            ],
            [
              358068.26730000041,
              529302.34310000204
            ],
            [
              358044.32220000029,
              529297.70859999955
            ],
            [
              358014.19760000054,
              529308.52250000276
            ],
            [
              358000.29399999976,
              529306.97770000063
            ],
            [
              357994.88700000104,
              529287.66710000113
            ],
            [
              357999.52160000056,
              529272.99100000039
            ],
            [
              357984.84549999982,
              529257.54250000045
            ],
            [
              357974.80400000047,
              529242.86650000326
            ],
            [
              357947.76920000091,
              529225.87319999933
            ],
            [
              357946.22440000065,
              529214.28680000454
            ],
            [
              357903.74110000115,
              529165.62410000153
            ],
            [
              357886.74770000018,
              529154.81020000018
            ],
            [
              357844.26440000068,
              529120.05110000074
            ],
            [
              357834.22290000133,
              529082.97479999997
            ],
            [
              357820.31930000056,
              529074.47820000164
            ],
            [
              357810.27780000214,
              529065.20910000242
            ],
            [
              357779.38090000115,
              529048.98819999956
            ],
            [
              357758.52540000062,
              529018.86370000243
            ],
            [
              357736.89760000166,
              528985.64940000139
            ],
            [
              357724.53880000114,
              528967.88370000012
            ],
            [
              357700.59370000008,
              528952.43520000018
            ],
            [
              357686.69000000041,
              528924.62800000235
            ],
            [
              357662.74490000121,
              528906.08980000392
            ],
            [
              357650.3861000007,
              528883.68950000033
            ],
            [
              357655.02070000023,
              528835.79930000007
            ],
            [
              357651.9310000008,
              528808.76439999975
            ],
            [
              357651.1584999999,
              528795.63320000097
            ],
            [
              357667.37940000184,
              528782.50200000219
            ],
            [
              357674.33129999973,
              528762.41899999976
            ],
            [
              357682.82790000085,
              528755.46719999984
            ],
            [
              357714.49729999993,
              528750.06030000187
            ],
            [
              357730.71820000187,
              528739.2463000007
            ],
            [
              357774.74630000163,
              528720.70820000023
            ],
            [
              357787.87750000041,
              528716.8460000027
            ],
            [
              357803.32600000035,
              528702.94239999913
            ],
            [
              357862.03020000085,
              528673.5903000012
            ],
            [
              357909.14800000098,
              528685.17670000158
            ],
            [
              357953.9486000007,
              528685.17670000158
            ],
            [
              357980.21100000106,
              528713.75630000234
            ],
            [
              358001.06640000083,
              528729.97720000148
            ],
            [
              358027.32880000118,
              528744.65330000222
            ],
            [
              358045.09459999949,
              528744.65330000222
            ],
            [
              358075.99150000047,
              528700.62510000356
            ],
            [
              358092.21239999961,
              528689.03880000114
            ],
            [
              358109.20570000075,
              528672.817900002
            ],
            [
              358117.70240000077,
              528648.87280000001
            ],
            [
              358133.92329999991,
              528628.01730000041
            ],
            [
              358143.96480000112,
              528607.16190000251
            ],
            [
              358170.22719999962,
              528597.89280000329
            ],
            [
              358197.26200000104,
              528577.0373999998
            ],
            [
              358221.97960000113,
              528579.35460000299
            ],
            [
              358246.69710000232,
              528614.88609999977
            ],
            [
              358250.55920000095,
              528647.32790000364
            ],
            [
              358257.51110000163,
              528678.22490000352
            ],
            [
              358259.05590000004,
              528707.57700000145
            ],
            [
              358255.19380000047,
              528745.42570000142
            ],
            [
              358265.23529999983,
              528790.22629999928
            ],
            [
              358273.73200000077,
              528826.53020000085
            ],
            [
              358274.50439999998,
              528872.10320000164
            ],
            [
              358262.91800000146,
              528934.66950000264
            ],
            [
              358265.23529999983,
              528957.84219999984
            ],
            [
              358265.23529999983,
              528980.2424999997
            ],
            [
              358274.50439999998,
              529003.41520000249
            ],
            [
              358276.82160000131,
              529041.26390000246
            ],
            [
              358290.72530000098,
              529062.89180000126
            ],
            [
              358301.5392000014,
              529093.01630000398
            ],
            [
              358321.62220000196,
              529147.08600000106
            ],
            [
              358327.02920000069,
              529175.66560000181
            ],
            [
              358341.70519999973,
              529208.1074000001
            ],
            [
              358357.15369999968,
              529237.45950000174
            ],
            [
              358376.46430000104,
              529255.22529999912
            ]
          ]
        ]
      }
    }
  ]
}