{
  "displayFieldName" : "",
  "fieldAliases" : {
    "FID" : "FID",
    "PMNTN_SPOT" : "PMNTN_SPOT",
    "MNTN_CODE" : "MNTN_CODE",
    "MANAGE_SP1" : "MANAGE_SP1",
    "MANAGE_SP2" : "MANAGE_SP2",
    "DETAIL_SPO" : "DETAIL_SPO",
    "ETC_MATTER" : "ETC_MATTER",
    "MNTN_NM" : "MNTN_NM",
    "PAST_SPOT_" : "PAST_SPOT_",
    "MNTN_ID" : "MNTN_ID"
  },
  "geometryType" : "esriGeometryPoint",
  "spatialReference" : {
    "wkt" : "PROJCS[\"PCS_ITRF2000_TM\",GEOGCS[\"GCS_ITRF_2000\",DATUM[\"D_ITRF_2000\",SPHEROID[\"GRS_1980\",6378137.0,298.257222101]],PRIMEM[\"Greenwich\",0.0],UNIT[\"Degree\",0.0174532925199433]],PROJECTION[\"Transverse_Mercator\"],PARAMETER[\"False_Easting\",200000.0],PARAMETER[\"False_Northing\",600000.0],PARAMETER[\"Central_Meridian\",127.0],PARAMETER[\"Scale_Factor\",1.0],PARAMETER[\"Latitude_Of_Origin\",38.0],UNIT[\"Meter\",1.0]]"
  },
  "fields" : [
    {
      "name" : "FID",
      "type" : "esriFieldTypeOID",
      "alias" : "FID"
    },
    {
      "name" : "PMNTN_SPOT",
      "type" : "esriFieldTypeDouble",
      "alias" : "PMNTN_SPOT"
    },
    {
      "name" : "MNTN_CODE",
      "type" : "esriFieldTypeString",
      "alias" : "MNTN_CODE",
      "length" : 9
    },
    {
      "name" : "MANAGE_SP1",
      "type" : "esriFieldTypeString",
      "alias" : "MANAGE_SP1",
      "length" : 2
    },
    {
      "name" : "MANAGE_SP2",
      "type" : "esriFieldTypeString",
      "alias" : "MANAGE_SP2",
      "length" : 50
    },
    {
      "name" : "DETAIL_SPO",
      "type" : "esriFieldTypeString",
      "alias" : "DETAIL_SPO",
      "length" : 200
    },
    {
      "name" : "ETC_MATTER",
      "type" : "esriFieldTypeString",
      "alias" : "ETC_MATTER",
      "length" : 200
    },
    {
      "name" : "MNTN_NM",
      "type" : "esriFieldTypeString",
      "alias" : "MNTN_NM",
      "length" : 50
    },
    {
      "name" : "PAST_SPOT_",
      "type" : "esriFieldTypeString",
      "alias" : "PAST_SPOT_",
      "length" : 14
    },
    {
      "name" : "MNTN_ID",
      "type" : "esriFieldTypeString",
      "alias" : "MNTN_ID",
      "length" : 10
    }
  ],
  "features" : [
    {
      "attributes" : {
        "FID" : 0,
        "PMNTN_SPOT" : 92082,
        "MNTN_CODE" : "427708001",
        "MANAGE_SP1" : "01",
        "MANAGE_SP2" : "시종점",
        "DETAIL_SPO" : "시종점",
        "ETC_MATTER" : " ",
        "MNTN_NM" : "향산",
        "PAST_SPOT_" : "4277080010001",
        "MNTN_ID" : "427708001"
      },
      "geometry" : {
        "x" : 358357.15370001271,
        "y" : 530213.80290000141
      }
    },
    {
      "attributes" : {
        "FID" : 1,
        "PMNTN_SPOT" : 92083,
        "MNTN_CODE" : "427708001",
        "MANAGE_SP1" : "01",
        "MANAGE_SP2" : "시종점",
        "DETAIL_SPO" : "시종점",
        "ETC_MATTER" : " ",
        "MNTN_NM" : "향산",
        "PAST_SPOT_" : "4277080010002",
        "MNTN_ID" : "427708001"
      },
      "geometry" : {
        "x" : 358376.46430001408,
        "y" : 529255.22529999912
      }
    },
    {
      "attributes" : {
        "FID" : 2,
        "PMNTN_SPOT" : 92084,
        "MNTN_CODE" : "427708001",
        "MANAGE_SP1" : "15",
        "MANAGE_SP2" : "훼손지",
        "DETAIL_SPO" : "훼손",
        "ETC_MATTER" : " ",
        "MNTN_NM" : "향산",
        "PAST_SPOT_" : "4277080010003",
        "MNTN_ID" : "427708001"
      },
      "geometry" : {
        "x" : 357806.23210002668,
        "y" : 528699.49129999988
      }
    },
    {
      "attributes" : {
        "FID" : 3,
        "PMNTN_SPOT" : 92085,
        "MNTN_CODE" : "427708001",
        "MANAGE_SP1" : "23",
        "MANAGE_SP2" : "정상",
        "DETAIL_SPO" : "정상",
        "ETC_MATTER" : "송전탑,삼각점,산불감시탑\"송전탑,삼각점,산불감시탑\"\"송전탑,삼각점,산불감시탑\"",
        "MNTN_NM" : "향산",
        "PAST_SPOT_" : "4277080010004",
        "MNTN_ID" : "427708001"
      },
      "geometry" : {
        "x" : 357652.14360002335,
        "y" : 528810.30260000192
      }
    },
    {
      "attributes" : {
        "FID" : 4,
        "PMNTN_SPOT" : 92086,
        "MNTN_CODE" : "427708001",
        "MANAGE_SP1" : "99",
        "MANAGE_SP2" : "기타",
        "DETAIL_SPO" : "송전탑",
        "ETC_MATTER" : " ",
        "MNTN_NM" : "향산",
        "PAST_SPOT_" : "4277080010005",
        "MNTN_ID" : "427708001"
      },
      "geometry" : {
        "x" : 358012.80010002106,
        "y" : 529307.77830000222
      }
    },
    {
      "attributes" : {
        "FID" : 5,
        "PMNTN_SPOT" : 92087,
        "MNTN_CODE" : "427708001",
        "MANAGE_SP1" : "15",
        "MANAGE_SP2" : "훼손지",
        "DETAIL_SPO" : "훼손",
        "ETC_MATTER" : " ",
        "MNTN_NM" : "향산",
        "PAST_SPOT_" : "4277080010006",
        "MNTN_ID" : "427708001"
      },
      "geometry" : {
        "x" : 358280.24290002603,
        "y" : 529633.20930000208
      }
    },
    {
      "attributes" : {
        "FID" : 6,
        "PMNTN_SPOT" : 92088,
        "MNTN_CODE" : "427708001",
        "MANAGE_SP1" : "99",
        "MANAGE_SP2" : "기타",
        "DETAIL_SPO" : "이정표",
        "ETC_MATTER" : " ",
        "MNTN_NM" : "향산",
        "PAST_SPOT_" : "4277080010007",
        "MNTN_ID" : "427708001"
      },
      "geometry" : {
        "x" : 358417.38480002526,
        "y" : 529871.9047000017
      }
    }
  ]
}