{
  "displayFieldName" : "",
  "fieldAliases" : {
    "FID" : "FID",
    "PMNTN_SPOT" : "PMNTN_SPOT",
    "MNTN_CODE" : "MNTN_CODE",
    "MANAGE_SP1" : "MANAGE_SP1",
    "MANAGE_SP2" : "MANAGE_SP2",
    "DETAIL_SPO" : "DETAIL_SPO",
    "ETC_MATTER" : "ETC_MATTER",
    "MNTN_NM" : "MNTN_NM",
    "PAST_SPOT_" : "PAST_SPOT_",
    "MNTN_ID" : "MNTN_ID"
  },
  "geometryType" : "esriGeometryPoint",
  "spatialReference" : {
    "wkt" : "PROJCS[\"PCS_ITRF2000_TM\",GEOGCS[\"GCS_ITRF_2000\",DATUM[\"D_ITRF_2000\",SPHEROID[\"GRS_1980\",6378137.0,298.257222101]],PRIMEM[\"Greenwich\",0.0],UNIT[\"Degree\",0.0174532925199433]],PROJECTION[\"Transverse_Mercator\"],PARAMETER[\"False_Easting\",200000.0],PARAMETER[\"False_Northing\",600000.0],PARAMETER[\"Central_Meridian\",127.0],PARAMETER[\"Scale_Factor\",1.0],PARAMETER[\"Latitude_Of_Origin\",38.0],UNIT[\"Meter\",1.0]]"
  },
  "fields" : [
    {
      "name" : "FID",
      "type" : "esriFieldTypeOID",
      "alias" : "FID"
    },
    {
      "name" : "PMNTN_SPOT",
      "type" : "esriFieldTypeDouble",
      "alias" : "PMNTN_SPOT"
    },
    {
      "name" : "MNTN_CODE",
      "type" : "esriFieldTypeString",
      "alias" : "MNTN_CODE",
      "length" : 9
    },
    {
      "name" : "MANAGE_SP1",
      "type" : "esriFieldTypeString",
      "alias" : "MANAGE_SP1",
      "length" : 2
    },
    {
      "name" : "MANAGE_SP2",
      "type" : "esriFieldTypeString",
      "alias" : "MANAGE_SP2",
      "length" : 50
    },
    {
      "name" : "DETAIL_SPO",
      "type" : "esriFieldTypeString",
      "alias" : "DETAIL_SPO",
      "length" : 200
    },
    {
      "name" : "ETC_MATTER",
      "type" : "esriFieldTypeString",
      "alias" : "ETC_MATTER",
      "length" : 200
    },
    {
      "name" : "MNTN_NM",
      "type" : "esriFieldTypeString",
      "alias" : "MNTN_NM",
      "length" : 50
    },
    {
      "name" : "PAST_SPOT_",
      "type" : "esriFieldTypeString",
      "alias" : "PAST_SPOT_",
      "length" : 14
    },
    {
      "name" : "MNTN_ID",
      "type" : "esriFieldTypeString",
      "alias" : "MNTN_ID",
      "length" : 10
    }
  ],
  "features" : [
    {
      "attributes" : {
        "FID" : 0,
        "PMNTN_SPOT" : 69292,
        "MNTN_CODE" : "482703601",
        "MANAGE_SP1" : "01",
        "MANAGE_SP2" : "시종점",
        "DETAIL_SPO" : "시종점",
        "ETC_MATTER" : " ",
        "MNTN_NM" : "용암산",
        "PAST_SPOT_" : "4827036010001",
        "MNTN_ID" : "482703601"
      },
      "geometry" : {
        "x" : 365510.302800023,
        "y" : 328486.20240000263
      }
    },
    {
      "attributes" : {
        "FID" : 1,
        "PMNTN_SPOT" : 69293,
        "MNTN_CODE" : "482703601",
        "MANAGE_SP1" : "01",
        "MANAGE_SP2" : "시종점",
        "DETAIL_SPO" : "시종점",
        "ETC_MATTER" : " ",
        "MNTN_NM" : "용암산",
        "PAST_SPOT_" : "4827036010002",
        "MNTN_ID" : "482703601"
      },
      "geometry" : {
        "x" : 366410.83870002348,
        "y" : 325298.16680000164
      }
    },
    {
      "attributes" : {
        "FID" : 2,
        "PMNTN_SPOT" : 69294,
        "MNTN_CODE" : "482703601",
        "MANAGE_SP1" : "01",
        "MANAGE_SP2" : "시종점",
        "DETAIL_SPO" : "시종점",
        "ETC_MATTER" : " ",
        "MNTN_NM" : "용암산",
        "PAST_SPOT_" : "4827036010003",
        "MNTN_ID" : "482703601"
      },
      "geometry" : {
        "x" : 366485.3782000225,
        "y" : 326601.25320000574
      }
    },
    {
      "attributes" : {
        "FID" : 3,
        "PMNTN_SPOT" : 69295,
        "MNTN_CODE" : "482703601",
        "MANAGE_SP1" : "02",
        "MANAGE_SP2" : "분기점",
        "DETAIL_SPO" : "분기점",
        "ETC_MATTER" : " ",
        "MNTN_NM" : "용암산",
        "PAST_SPOT_" : "4827036010004",
        "MNTN_ID" : "482703601"
      },
      "geometry" : {
        "x" : 366622.93750002142,
        "y" : 326097.77260000259
      }
    },
    {
      "attributes" : {
        "FID" : 4,
        "PMNTN_SPOT" : 69296,
        "MNTN_CODE" : "482703601",
        "MANAGE_SP1" : "02",
        "MANAGE_SP2" : "분기점",
        "DETAIL_SPO" : "분기점",
        "ETC_MATTER" : " ",
        "MNTN_NM" : "용암산",
        "PAST_SPOT_" : "4827036010005",
        "MNTN_ID" : "482703601"
      },
      "geometry" : {
        "x" : 366669.01650002319,
        "y" : 327104.73389999941
      }
    },
    {
      "attributes" : {
        "FID" : 5,
        "PMNTN_SPOT" : 69297,
        "MNTN_CODE" : "482703601",
        "MANAGE_SP1" : "01",
        "MANAGE_SP2" : "시종점",
        "DETAIL_SPO" : "시종점",
        "ETC_MATTER" : " ",
        "MNTN_NM" : "용암산",
        "PAST_SPOT_" : "4827036010006",
        "MNTN_ID" : "482703601"
      },
      "geometry" : {
        "x" : 367583.81980002206,
        "y" : 327852.83970000036
      }
    }
  ]
}