{
  "displayFieldName" : "",
  "fieldAliases" : {
    "FID" : "FID",
    "PMNTN_SPOT" : "PMNTN_SPOT",
    "MNTN_CODE" : "MNTN_CODE",
    "MANAGE_SP1" : "MANAGE_SP1",
    "MANAGE_SP2" : "MANAGE_SP2",
    "DETAIL_SPO" : "DETAIL_SPO",
    "ETC_MATTER" : "ETC_MATTER",
    "MNTN_NM" : "MNTN_NM",
    "PAST_SPOT_" : "PAST_SPOT_",
    "MNTN_ID" : "MNTN_ID"
  },
  "geometryType" : "esriGeometryPoint",
  "spatialReference" : {
    "wkt" : "PROJCS[\"PCS_ITRF2000_TM\",GEOGCS[\"GCS_ITRF_2000\",DATUM[\"D_ITRF_2000\",SPHEROID[\"GRS_1980\",6378137.0,298.257222101]],PRIMEM[\"Greenwich\",0.0],UNIT[\"Degree\",0.0174532925199433]],PROJECTION[\"Transverse_Mercator\"],PARAMETER[\"False_Easting\",200000.0],PARAMETER[\"False_Northing\",600000.0],PARAMETER[\"Central_Meridian\",127.0],PARAMETER[\"Scale_Factor\",1.0],PARAMETER[\"Latitude_Of_Origin\",38.0],UNIT[\"Meter\",1.0]]"
  },
  "fields" : [
    {
      "name" : "FID",
      "type" : "esriFieldTypeOID",
      "alias" : "FID"
    },
    {
      "name" : "PMNTN_SPOT",
      "type" : "esriFieldTypeDouble",
      "alias" : "PMNTN_SPOT"
    },
    {
      "name" : "MNTN_CODE",
      "type" : "esriFieldTypeString",
      "alias" : "MNTN_CODE",
      "length" : 9
    },
    {
      "name" : "MANAGE_SP1",
      "type" : "esriFieldTypeString",
      "alias" : "MANAGE_SP1",
      "length" : 2
    },
    {
      "name" : "MANAGE_SP2",
      "type" : "esriFieldTypeString",
      "alias" : "MANAGE_SP2",
      "length" : 50
    },
    {
      "name" : "DETAIL_SPO",
      "type" : "esriFieldTypeString",
      "alias" : "DETAIL_SPO",
      "length" : 200
    },
    {
      "name" : "ETC_MATTER",
      "type" : "esriFieldTypeString",
      "alias" : "ETC_MATTER",
      "length" : 200
    },
    {
      "name" : "MNTN_NM",
      "type" : "esriFieldTypeString",
      "alias" : "MNTN_NM",
      "length" : 50
    },
    {
      "name" : "PAST_SPOT_",
      "type" : "esriFieldTypeString",
      "alias" : "PAST_SPOT_",
      "length" : 14
    },
    {
      "name" : "MNTN_ID",
      "type" : "esriFieldTypeString",
      "alias" : "MNTN_ID",
      "length" : 10
    }
  ],
  "features" : [
    {
      "attributes" : {
        "FID" : 0,
        "PMNTN_SPOT" : 69657,
        "MNTN_CODE" : "421904001",
        "MANAGE_SP1" : "01",
        "MANAGE_SP2" : "시종점",
        "DETAIL_SPO" : "시종점",
        "ETC_MATTER" : " ",
        "MNTN_NM" : "우금산",
        "PAST_SPOT_" : "4219040010001",
        "MNTN_ID" : "421904001"
      },
      "geometry" : {
        "x" : 379304.33710000012,
        "y" : 503439.42890000157
      }
    },
    {
      "attributes" : {
        "FID" : 1,
        "PMNTN_SPOT" : 69658,
        "MNTN_CODE" : "421904001",
        "MANAGE_SP1" : "01",
        "MANAGE_SP2" : "시종점",
        "DETAIL_SPO" : "시종점",
        "ETC_MATTER" : " ",
        "MNTN_NM" : "우금산",
        "PAST_SPOT_" : "4219040010002",
        "MNTN_ID" : "421904001"
      },
      "geometry" : {
        "x" : 380032.80960000027,
        "y" : 502056.25730000064
      }
    },
    {
      "attributes" : {
        "FID" : 2,
        "PMNTN_SPOT" : 69659,
        "MNTN_CODE" : "421904001",
        "MANAGE_SP1" : "02",
        "MANAGE_SP2" : "분기점",
        "DETAIL_SPO" : "분기점",
        "ETC_MATTER" : " ",
        "MNTN_NM" : "우금산",
        "PAST_SPOT_" : "4219040010003",
        "MNTN_ID" : "421904001"
      },
      "geometry" : {
        "x" : 380123.76740000024,
        "y" : 503385.56829999946
      }
    },
    {
      "attributes" : {
        "FID" : 3,
        "PMNTN_SPOT" : 69660,
        "MNTN_CODE" : "421904001",
        "MANAGE_SP1" : "01",
        "MANAGE_SP2" : "시종점",
        "DETAIL_SPO" : "시종점",
        "ETC_MATTER" : " ",
        "MNTN_NM" : "우금산",
        "PAST_SPOT_" : "4219040010004",
        "MNTN_ID" : "421904001"
      },
      "geometry" : {
        "x" : 380152.93290000036,
        "y" : 503449.19970000163
      }
    },
    {
      "attributes" : {
        "FID" : 4,
        "PMNTN_SPOT" : 69661,
        "MNTN_CODE" : "421904001",
        "MANAGE_SP1" : "01",
        "MANAGE_SP2" : "시종점",
        "DETAIL_SPO" : "시종점",
        "ETC_MATTER" : " ",
        "MNTN_NM" : "우금산",
        "PAST_SPOT_" : "4219040010005",
        "MNTN_ID" : "421904001"
      },
      "geometry" : {
        "x" : 380162.9411000004,
        "y" : 503455.566300001
      }
    },
    {
      "attributes" : {
        "FID" : 5,
        "PMNTN_SPOT" : 69662,
        "MNTN_CODE" : "421904001",
        "MANAGE_SP1" : "02",
        "MANAGE_SP2" : "분기점",
        "DETAIL_SPO" : "분기점",
        "ETC_MATTER" : " ",
        "MNTN_NM" : "우금산",
        "PAST_SPOT_" : "4219040010006",
        "MNTN_ID" : "421904001"
      },
      "geometry" : {
        "x" : 380163.83320000116,
        "y" : 503446.07580000348
      }
    },
    {
      "attributes" : {
        "FID" : 6,
        "PMNTN_SPOT" : 69663,
        "MNTN_CODE" : "421904001",
        "MANAGE_SP1" : "01",
        "MANAGE_SP2" : "시종점",
        "DETAIL_SPO" : "시종점",
        "ETC_MATTER" : " ",
        "MNTN_NM" : "우금산",
        "PAST_SPOT_" : "4219040010007",
        "MNTN_ID" : "421904001"
      },
      "geometry" : {
        "x" : 380373.34090000018,
        "y" : 503675.39020000026
      }
    },
    {
      "attributes" : {
        "FID" : 7,
        "PMNTN_SPOT" : 69664,
        "MNTN_CODE" : "421904001",
        "MANAGE_SP1" : "02",
        "MANAGE_SP2" : "분기점",
        "DETAIL_SPO" : "분기점",
        "ETC_MATTER" : " ",
        "MNTN_NM" : "우금산",
        "PAST_SPOT_" : "4219040010008",
        "MNTN_ID" : "421904001"
      },
      "geometry" : {
        "x" : 380672.472000001,
        "y" : 502548.91640000418
      }
    },
    {
      "attributes" : {
        "FID" : 8,
        "PMNTN_SPOT" : 69665,
        "MNTN_CODE" : "421904001",
        "MANAGE_SP1" : "01",
        "MANAGE_SP2" : "시종점",
        "DETAIL_SPO" : "시종점",
        "ETC_MATTER" : " ",
        "MNTN_NM" : "우금산",
        "PAST_SPOT_" : "4219040010009",
        "MNTN_ID" : "421904001"
      },
      "geometry" : {
        "x" : 381407.84080000035,
        "y" : 502309.64610000141
      }
    }
  ]
}