{
  "displayFieldName" : "",
  "fieldAliases" : {
    "FID" : "FID",
    "PMNTN_SN" : "PMNTN_SN",
    "MNTN_CODE" : "MNTN_CODE",
    "MNTN_NM" : "MNTN_NM",
    "PMNTN_NM" : "PMNTN_NM",
    "PMNTN_MAIN" : "PMNTN_MAIN",
    "PMNTN_LT" : "PMNTN_LT",
    "PMNTN_DFFL" : "PMNTN_DFFL",
    "PMNTN_UPPL" : "PMNTN_UPPL",
    "PMNTN_GODN" : "PMNTN_GODN",
    "PMNTN_MTRQ" : "PMNTN_MTRQ",
    "PMNTN_CNRL" : "PMNTN_CNRL",
    "PMNTN_CLS_" : "PMNTN_CLS_",
    "PMNTN_RISK" : "PMNTN_RISK",
    "PMNTN_RECO" : "PMNTN_RECO",
    "DATA_STDR_" : "DATA_STDR_",
    "MNTN_ID" : "MNTN_ID"
  },
  "geometryType" : "esriGeometryPolyline",
  "spatialReference" : {
    "wkt" : "PROJCS[\"PCS_ITRF2000_TM\",GEOGCS[\"GCS_ITRF_2000\",DATUM[\"D_ITRF_2000\",SPHEROID[\"GRS_1980\",6378137.0,298.257222101]],PRIMEM[\"Greenwich\",0.0],UNIT[\"Degree\",0.0174532925199433]],PROJECTION[\"Transverse_Mercator\"],PARAMETER[\"False_Easting\",200000.0],PARAMETER[\"False_Northing\",600000.0],PARAMETER[\"Central_Meridian\",127.0],PARAMETER[\"Scale_Factor\",1.0],PARAMETER[\"Latitude_Of_Origin\",38.0],UNIT[\"Meter\",1.0]]"
  },
  "fields" : [
    {
      "name" : "FID",
      "type" : "esriFieldTypeOID",
      "alias" : "FID"
    },
    {
      "name" : "PMNTN_SN",
      "type" : "esriFieldTypeDouble",
      "alias" : "PMNTN_SN"
    },
    {
      "name" : "MNTN_CODE",
      "type" : "esriFieldTypeString",
      "alias" : "MNTN_CODE",
      "length" : 9
    },
    {
      "name" : "MNTN_NM",
      "type" : "esriFieldTypeString",
      "alias" : "MNTN_NM",
      "length" : 50
    },
    {
      "name" : "PMNTN_NM",
      "type" : "esriFieldTypeString",
      "alias" : "PMNTN_NM",
      "length" : 50
    },
    {
      "name" : "PMNTN_MAIN",
      "type" : "esriFieldTypeString",
      "alias" : "PMNTN_MAIN",
      "length" : 200
    },
    {
      "name" : "PMNTN_LT",
      "type" : "esriFieldTypeSingle",
      "alias" : "PMNTN_LT"
    },
    {
      "name" : "PMNTN_DFFL",
      "type" : "esriFieldTypeString",
      "alias" : "PMNTN_DFFL",
      "length" : 8
    },
    {
      "name" : "PMNTN_UPPL",
      "type" : "esriFieldTypeDouble",
      "alias" : "PMNTN_UPPL"
    },
    {
      "name" : "PMNTN_GODN",
      "type" : "esriFieldTypeDouble",
      "alias" : "PMNTN_GODN"
    },
    {
      "name" : "PMNTN_MTRQ",
      "type" : "esriFieldTypeString",
      "alias" : "PMNTN_MTRQ",
      "length" : 200
    },
    {
      "name" : "PMNTN_CNRL",
      "type" : "esriFieldTypeString",
      "alias" : "PMNTN_CNRL",
      "length" : 1
    },
    {
      "name" : "PMNTN_CLS_",
      "type" : "esriFieldTypeString",
      "alias" : "PMNTN_CLS_",
      "length" : 1
    },
    {
      "name" : "PMNTN_RISK",
      "type" : "esriFieldTypeString",
      "alias" : "PMNTN_RISK",
      "length" : 200
    },
    {
      "name" : "PMNTN_RECO",
      "type" : "esriFieldTypeString",
      "alias" : "PMNTN_RECO",
      "length" : 1
    },
    {
      "name" : "DATA_STDR_",
      "type" : "esriFieldTypeString",
      "alias" : "DATA_STDR_",
      "length" : 10
    },
    {
      "name" : "MNTN_ID",
      "type" : "esriFieldTypeString",
      "alias" : "MNTN_ID",
      "length" : 10
    }
  ],
  "features" : [
    {
      "attributes" : {
        "FID" : 0,
        "PMNTN_SN" : 51698,
        "MNTN_CODE" : "427705001",
        "MNTN_NM" : "토끼봉",
        "PMNTN_NM" : "고성리구간",
        "PMNTN_MAIN" : " ",
        "PMNTN_LT" : 5.28,
        "PMNTN_DFFL" : "쉬움",
        "PMNTN_UPPL" : 99,
        "PMNTN_GODN" : 69,
        "PMNTN_MTRQ" : " ",
        "PMNTN_CNRL" : " ",
        "PMNTN_CLS_" : " ",
        "PMNTN_RISK" : " ",
        "PMNTN_RECO" : " ",
        "DATA_STDR_" : "2016-12-31",
        "MNTN_ID" : "427707701"
      },
      "geometry" : {
        "paths" : [
          [
            [
              341686.42480000108,
              519059.84540000185
            ],
            [
              341692.58090000041,
              519057.85450000316
            ],
            [
              341698.71150000021,
              519056.48770000413
            ],
            [
              341704.81650000066,
              519055.74489999935
            ],
            [
              341709.61739999987,
              519055.59139999934
            ],
            [
              341713.58610000089,
              519055.97630000114
            ],
            [
              341716.70370000042,
              519056.88030000217
            ],
            [
              341719.42870000098,
              519057.91459999979
            ],
            [
              341727.34680000041,
              519061.46010000445
            ],
            [
              341732.3161000004,
              519062.91110000014
            ],
            [
              341736.44090000074,
              519062.63990000077
            ],
            [
              341739.24500000104,
              519059.98670000024
            ],
            [
              341741.01300000027,
              519056.31679999828
            ],
            [
              341743.92920000013,
              519047.9430999998
            ],
            [
              341745.70889999997,
              519044.7117999997
            ],
            [
              341747.78100000042,
              519042.14870000072
            ],
            [
              341749.9084999999,
              519040.08550000004
            ],
            [
              341753.92080000136,
              519036.75650000013
            ],
            [
              341758.13570000138,
              519034.02170000225
            ],
            [
              341762.36990000028,
              519031.99890000187
            ],
            [
              341768.00059999991,
              519030.06170000136
            ],
            [
              341773.77460000012,
              519028.8729000017
            ],
            [
              341777.27620000206,
              519028.89660000056
            ],
            [
              341780.19050000049,
              519030.50660000369
            ],
            [
              341781.40390000027,
              519033.24400000088
            ],
            [
              341781.80740000121,
              519036.18150000274
            ],
            [
              341782.31230000127,
              519043.63960000314
            ],
            [
              341782.86770000122,
              519046.70150000416
            ],
            [
              341784.45600000117,
              519049.24660000019
            ],
            [
              341788.1827999996,
              519049.95199999958
            ],
            [
              341792.27160000149,
              519049.29800000042
            ],
            [
              341796.96710000001,
              519048.03170000203
            ],
            [
              341799.78369999956,
              519046.8423999995
            ],
            [
              341805.91580000054,
              519043.13970000111
            ],
            [
              341809.64769999962,
              519042.08330000006
            ],
            [
              341813.45210000128,
              519044.04550000094
            ],
            [
              341816.6660000002,
              519047.7770000007
            ],
            [
              341818.4796000002,
              519050.61950000189
            ],
            [
              341819.79700000118,
              519053.80870000273
            ],
            [
              341820.10060000047,
              519056.82760000415
            ],
            [
              341819.93439999968,
              519059.92579999939
            ],
            [
              341819.07000000123,
              519067.20550000109
            ],
            [
              341819.26860000193,
              519071.72080000117
            ],
            [
              341821.36400000006,
              519075.80700000003
            ],
            [
              341824.26099999994,
              519078.05830000341
            ],
            [
              341826.8881000001,
              519079.55849999934
            ],
            [
              341833.25200000126,
              519082.62890000083
            ],
            [
              341845.69060000032,
              519089.83550000004
            ],
            [
              341849.7603000002,
              519091.92459999956
            ],
            [
              341853.50399999972,
              519093.5987999998
            ],
            [
              341857.48220000137,
              519094.88370000012
            ],
            [
              341866.58519999962,
              519096.93310000189
            ],
            [
              341871.75659999996,
              519098.89730000123
            ],
            [
              341876.99550000113,
              519102.1950000003
            ],
            [
              341879.76510000043,
              519104.41120000184
            ],
            [
              341882.41160000116,
              519107.69620000198
            ],
            [
              341883.72420000006,
              519111.31179999933
            ],
            [
              341883.95810000133,
              519114.28829999827
            ],
            [
              341883.72120000143,
              519117.50790000334
            ],
            [
              341882.64980000071,
              519121.6157000009
            ],
            [
              341880.42010000069,
              519125.82090000249
            ],
            [
              341877.12900000066,
              519129.85249999911
            ],
            [
              341874.11620000191,
              519132.20380000025
            ],
            [
              341871.54290000163,
              519133.75580000132
            ],
            [
              341864.47380000073,
              519137.47809999995
            ],
            [
              341859.71430000197,
              519140.42380000278
            ],
            [
              341855.75069999974,
              519143.11810000241
            ],
            [
              341850.97250000201,
              519146.76029999927
            ],
            [
              341846.29279999994,
              519151.22289999947
            ],
            [
              341841.8629999999,
              519156.29500000365
            ],
            [
              341837.76439999975,
              519161.88410000317
            ],
            [
              341834.09580000024,
              519167.85620000027
            ],
            [
              341832.0931000011,
              519171.73800000176
            ],
            [
              341830.19199999981,
              519176.04920000024
            ],
            [
              341828.36060000025,
              519180.85840000212
            ],
            [
              341826.50130000152,
              519186.42050000094
            ],
            [
              341821.94990000036,
              519198.10260000266
            ],
            [
              341820.53670000006,
              519202.89320000075
            ],
            [
              341820.2117999997,
              519206.36360000074
            ],
            [
              341821.04050000012,
              519210.08540000021
            ],
            [
              341823.11010000203,
              519212.93750000186
            ],
            [
              341825.37600000016,
              519215.002700001
            ],
            [
              341827.77199999988,
              519216.66900000162
            ],
            [
              341830.63950000051,
              519217.730100004
            ],
            [
              341833.7349999994,
              519216.90369999968
            ],
            [
              341836.16820000112,
              519214.78710000031
            ],
            [
              341838.6714000022,
              519211.41559999995
            ],
            [
              341844.75670000166,
              519201.32279999927
            ],
            [
              341847.59710000083,
              519197.39040000178
            ],
            [
              341850.68980000075,
              519193.48390000127
            ],
            [
              341854.29260000028,
              519189.29609999992
            ],
            [
              341857.72320000175,
              519185.57670000196
            ],
            [
              341862.2957000006,
              519181.01670000143
            ],
            [
              341864.58330000006,
              519179.29209999926
            ],
            [
              341868.54509999882,
              519177.59129999951
            ],
            [
              341872.50440000184,
              519176.74950000457
            ],
            [
              341875.4168999996,
              519176.49609999917
            ],
            [
              341878.3367999997,
              519176.49960000254
            ],
            [
              341882.07890000101,
              519177.01740000211
            ],
            [
              341885.21300000045,
              519178.50960000232
            ],
            [
              341886.14230000135,
              519181.60930000246
            ],
            [
              341885.57340000104,
              519185.23630000278
            ],
            [
              341883.93520000111,
              519189.92530000024
            ],
            [
              341878.24890000001,
              519202.92240000144
            ],
            [
              341876.28750000149,
              519208.36020000093
            ],
            [
              341874.90070000011,
              519212.90540000238
            ],
            [
              341872.0262999991,
              519223.64360000379
            ],
            [
              341869.53680000082,
              519231.98760000244
            ],
            [
              341868.05130000133,
              519236.05680000223
            ],
            [
              341864.25160000101,
              519244.77080000192
            ],
            [
              341862.76750000007,
              519248.60590000078
            ],
            [
              341861.60589999985,
              519252.71410000324
            ],
            [
              341861.09850000124,
              519256.45879999921
            ],
            [
              341861.07820000034,
              519260.94099999964
            ],
            [
              341861.41600000113,
              519265.69370000064
            ],
            [
              341862.97709999979,
              519271.07600000128
            ],
            [
              341866.47890000138,
              519270.29060000181
            ],
            [
              341868.43609999958,
              519267.70910000242
            ],
            [
              341870.27890000027,
              519264.89250000007
            ],
            [
              341873.095900001,
              519260.03289999999
            ],
            [
              341877.82930000033,
              519251.62740000151
            ],
            [
              341881.35049999971,
              519244.64510000125
            ],
            [
              341882.86730000097,
              519241.30640000105
            ],
            [
              341885.51560000051,
              519233.73470000178
            ],
            [
              341886.70660000108,
              519230.84150000103
            ],
            [
              341888.97940000053,
              519227.60390000045
            ],
            [
              341892.17010000069,
              519226.42290000431
            ],
            [
              341896.26460000034,
              519227.50699999928
            ],
            [
              341901.72609999962,
              519230.73600000143
            ],
            [
              341911.23480000068,
              519237.84640000202
            ],
            [
              341915.10390000045,
              519240.42589999922
            ],
            [
              341930.2451000018,
              519249.2491999995
            ],
            [
              341938.66500000097,
              519254.6099999994
            ],
            [
              341942.57349999994,
              519257.3900000006
            ],
            [
              341946.10440000053,
              519260.14550000243
            ],
            [
              341949.31470000092,
              519262.92090000212
            ],
            [
              341952.23260000069,
              519265.74100000225
            ],
            [
              341957.9682,
              519271.77290000021
            ],
            [
              341961.94240000099,
              519276.4579999987
            ],
            [
              341965.08559999987,
              519280.89299999923
            ],
            [
              341967.88499999885,
              519286.33420000225
            ],
            [
              341969.08669999987,
              519290.25229999982
            ],
            [
              341969.67190000229,
              519293.22670000233
            ],
            [
              341971.00620000064,
              519302.63670000248
            ],
            [
              341972.07500000112,
              519306.70530000143
            ],
            [
              341975.10400000121,
              519315.11519999988
            ],
            [
              341976.60400000028,
              519318.47080000117
            ],
            [
              341979.18170000054,
              519321.68000000156
            ],
            [
              341982.55169999972,
              519322.11659999937
            ],
            [
              341985.57760000136,
              519320.61140000075
            ],
            [
              341991.31569999922,
              519316.64730000123
            ],
            [
              341995.20669999998,
              519314.90090000257
            ],
            [
              341999.44930000138,
              519315.16379999928
            ],
            [
              342003.12590000033,
              519316.64809999987
            ],
            [
              342010.06489999965,
              519320.15590000339
            ],
            [
              342014.60890000127,
              519320.85380000435
            ],
            [
              342017.48770000134,
              519319.0883000046
            ],
            [
              342019.48919999879,
              519316.64980000071
            ],
            [
              342021.45020000078,
              519313.35190000013
            ],
            [
              342023.32300000079,
              519308.86900000274
            ],
            [
              342023.4310999997,
              519304.25920000114
            ],
            [
              342021.78980000038,
              519298.72970000096
            ],
            [
              342017.68240000028,
              519289.96759999916
            ],
            [
              342016.22429999989,
              519286.26080000028
            ],
            [
              342015.52870000061,
              519283.38190000132
            ],
            [
              342015.42410000134,
              519280.02260000072
            ],
            [
              342016.44600000046,
              519275.90860000066
            ],
            [
              342017.89240000118,
              519272.1996000018
            ],
            [
              342019.7388000004,
              519268.42440000363
            ],
            [
              342021.83010000084,
              519264.90029999986
            ],
            [
              342023.95579999965,
              519261.95759999938
            ],
            [
              342027.04860000033,
              519258.87500000186
            ],
            [
              342030.6603000015,
              519257.27999999747
            ],
            [
              342034.14300000109,
              519258.40579999983
            ],
            [
              342037.19689999986,
              519260.80040000007
            ],
            [
              342040.72540000081,
              519264.6491000019
            ],
            [
              342049.04170000087,
              519275.17369999923
            ],
            [
              342055.64180000126,
              519282.67940000072
            ],
            [
              342062.25189999957,
              519291.80700000003
            ],
            [
              342065.39499999955,
              519295.54880000465
            ],
            [
              342068.17580000032,
              519297.98159999959
            ],
            [
              342071.9383000005,
              519300.00620000064
            ],
            [
              342075.92440000083,
              519300.87510000169
            ],
            [
              342079.29739999957,
              519301.05670000054
            ],
            [
              342082.86760000139,
              519300.87409999967
            ],
            [
              342086.40230000112,
              519300.33819999918
            ],
            [
              342090.59119999968,
              519299.23530000262
            ],
            [
              342094.86249999981,
              519297.44200000353
            ],
            [
              342097.47510000132,
              519294.5436000023
            ],
            [
              342097.91119999997,
              519291.23050000146
            ],
            [
              342097.30700000189,
              519288.36329999939
            ],
            [
              342096.34169999976,
              519285.67740000039
            ],
            [
              342094.90099999961,
              519282.49730000272
            ],
            [
              342089.25040000118,
              519271.88640000112
            ],
            [
              342087.62689999957,
              519268.54850000143
            ],
            [
              342086.39470000099,
              519265.68540000357
            ],
            [
              342084.07310000062,
              519259.32040000148
            ],
            [
              342080.96990000084,
              519249.03810000233
            ],
            [
              342079.64790000115,
              519244.52580000274
            ],
            [
              342078.49330000114,
              519239.2693000026
            ],
            [
              342077.96389999986,
              519234.51909999922
            ],
            [
              342077.74660000205,
              519227.89839999937
            ],
            [
              342077.9327999996,
              519222.95540000126
            ],
            [
              342078.55960000027,
              519218.70530000143
            ],
            [
              342080.1370000001,
              519214.07359999977
            ],
            [
              342082.62050000113,
              519209.88970000111
            ],
            [
              342085.15510000009,
              519206.71670000255
            ],
            [
              342089.50140000135,
              519202.45949999988
            ],
            [
              342094.84060000069,
              519198.23420000076
            ],
            [
              342098.39109999966,
              519195.77150000446
            ],
            [
              342101.92009999882,
              519193.57980000041
            ],
            [
              342105.1688000001,
              519191.78050000221
            ],
            [
              342108.14020000119,
              519190.38120000251
            ],
            [
              342111.95040000137,
              519189.11869999953
            ],
            [
              342115.94750000071,
              519188.81880000234
            ],
            [
              342118.97130000219,
              519190.42780000344
            ],
            [
              342121.47110000066,
              519194.37310000136
            ],
            [
              342123.80790000036,
              519201.6726000011
            ],
            [
              342125.16350000165,
              519207.29829999991
            ],
            [
              342126.90630000085,
              519215.95470000245
            ],
            [
              342127.8889000006,
              519221.08449999988
            ],
            [
              342128.88950000051,
              519230.89510000125
            ],
            [
              342129.35890000034,
              519234.00700000115
            ],
            [
              342130.11519999895,
              519237.45240000263
            ],
            [
              342131.12550000008,
              519240.42589999922
            ],
            [
              342132.84930000082,
              519243.90179999731
            ],
            [
              342135.24519999977,
              519247.58129999973
            ],
            [
              342137.81039999984,
              519250.92190000415
            ],
            [
              342143.85679999925,
              519258.24829999916
            ],
            [
              342146.31450000033,
              519261.52180000022
            ],
            [
              342148.79680000059,
              519265.33160000108
            ],
            [
              342154.0913000023,
              519274.33310000226
            ],
            [
              342156.56400000025,
              519278.2248999998
            ],
            [
              342159.43960000109,
              519282.07020000182
            ],
            [
              342163.380400002,
              519286.03250000067
            ],
            [
              342166.71700000204,
              519288.60969999805
            ],
            [
              342172.14879999962,
              519291.85950000025
            ],
            [
              342177.93420000095,
              519294.65820000321
            ],
            [
              342191.03770000115,
              519300.33819999918
            ],
            [
              342205.44740000088,
              519307.05240000039
            ],
            [
              342213.78600000124,
              519310.52419999987
            ],
            [
              342221.72939999867,
              519313.13280000165
            ],
            [
              342225.43280000053,
              519314.03509999998
            ],
            [
              342229.01030000206,
              519314.68340000138
            ],
            [
              342236.61650000047,
              519315.95759999938
            ],
            [
              342242.08629999962,
              519316.66259999946
            ],
            [
              342246.30819999985,
              519317.02700000256
            ],
            [
              342250.01209999993,
              519317.08750000037
            ],
            [
              342253.56290000211,
              519316.81510000117
            ],
            [
              342256.71090000123,
              519316.18759999983
            ],
            [
              342260.70550000202,
              519314.51860000007
            ],
            [
              342264.86550000124,
              519311.54480000213
            ],
            [
              342267.60489999969,
              519308.87800000235
            ],
            [
              342269.76730000135,
              519306.20350000449
            ],
            [
              342271.45850000065,
              519302.84420000389
            ],
            [
              342271.56110000145,
              519299.11079999991
            ],
            [
              342270.47759999987,
              519295.91490000114
            ],
            [
              342267.97269999981,
              519291.76270000264
            ],
            [
              342262.00600000005,
              519283.78430000134
            ],
            [
              342259.76680000033,
              519280.50610000454
            ],
            [
              342257.94390000124,
              519277.1828000024
            ],
            [
              342256.85680000111,
              519274.17930000089
            ],
            [
              342256.06300000194,
              519271.35270000063
            ],
            [
              342255.34700000007,
              519267.71060000174
            ],
            [
              342256.86680000089,
              519265.08300000057
            ],
            [
              342260.22210000083,
              519266.7330000028
            ],
            [
              342265.48660000041,
              519271.35429999791
            ],
            [
              342274.09350000136,
              519279.42219999991
            ],
            [
              342284.09650000092,
              519289.47620000131
            ],
            [
              342297.36080000084,
              519303.7135000024
            ],
            [
              342304.18319999985,
              519311.81959999911
            ],
            [
              342307.50239999965,
              519315.27659999952
            ],
            [
              342310.48250000086,
              519317.90780000202
            ],
            [
              342313.39370000083,
              519319.74640000239
            ],
            [
              342316.23610000126,
              519320.94209999964
            ],
            [
              342319.67520000134,
              519321.97079999931
            ],
            [
              342323.55240000132,
              519322.78419999965
            ],
            [
              342327.60250000097,
              519323.32600000128
            ],
            [
              342331.52770000044,
              519323.55450000241
            ],
            [
              342336.34740000218,
              519323.23040000349
            ],
            [
              342340.42660000175,
              519320.7098999992
            ],
            [
              342340.16469999962,
              519315.81909999996
            ],
            [
              342338.57600000221,
              519312.0634000022
            ],
            [
              342336.45370000042,
              519308.09999999963
            ],
            [
              342333.56670000032,
              519303.34280000441
            ],
            [
              342320.98820000049,
              519284.30529999919
            ],
            [
              342315.60800000001,
              519275.84170000069
            ],
            [
              342310.58990000188,
              519268.59380000271
            ],
            [
              342305.66129999887,
              519262.16880000383
            ],
            [
              342300.73620000109,
              519256.45879999921
            ],
            [
              342296.72989999969,
              519252.66369999945
            ],
            [
              342288.54899999965,
              519246.18139999919
            ],
            [
              342286.03740000073,
              519243.9840000011
            ],
            [
              342283.39609999955,
              519241.33980000019
            ],
            [
              342281.32799999975,
              519238.73830000125
            ],
            [
              342279.43370000087,
              519235.79549999908
            ],
            [
              342277.67510000058,
              519232.63370000012
            ],
            [
              342276.07620000094,
              519229.29549999908
            ],
            [
              342274.66020000167,
              519225.82970000245
            ],
            [
              342273.44830000121,
              519222.28780000098
            ],
            [
              342272.45889999997,
              519218.72350000031
            ],
            [
              342271.70670000091,
              519215.18980000168
            ],
            [
              342271.20200000051,
              519211.73560000025
            ],
            [
              342270.74660000112,
              519206.22410000116
            ],
            [
              342270.63609999977,
              519201.00579999946
            ],
            [
              342270.87220000103,
              519196.17270000093
            ],
            [
              342271.45270000119,
              519191.76369999908
            ],
            [
              342272.36959999986,
              519187.82120000198
            ],
            [
              342273.62059999909,
              519184.34369999915
            ],
            [
              342275.20160000026,
              519181.34310000017
            ],
            [
              342277.10880000051,
              519178.82599999942
            ],
            [
              342279.98830000125,
              519176.0642000027
            ],
            [
              342283.32750000153,
              519173.54409999773
            ],
            [
              342286.68140000012,
              519171.5979999993
            ],
            [
              342290.6957000019,
              519170.23970000073
            ],
            [
              342294.57780000009,
              519170.51950000226
            ],
            [
              342297.76730000135,
              519171.83149999939
            ],
            [
              342301.89500000048,
              519174.63280000165
            ],
            [
              342309.9327000007,
              519181.35960000195
            ],
            [
              342313.33320000116,
              519183.93579999916
            ],
            [
              342316.88240000047,
              519186.04680000246
            ],
            [
              342320.1444000015,
              519187.26439999975
            ],
            [
              342323.64900000021,
              519188.23949999921
            ],
            [
              342328.21900000051,
              519189.15709999949
            ],
            [
              342333.93880000059,
              519189.96630000137
            ],
            [
              342337.67760000098,
              519189.98290000111
            ],
            [
              342341.95700000133,
              519189.24950000085
            ],
            [
              342346.48550000042,
              519187.20399999991
            ],
            [
              342350.04910000134,
              519184.73370000347
            ],
            [
              342353.93290000036,
              519180.99640000239
            ],
            [
              342355.90400000103,
              519178.19769999944
            ],
            [
              342356.74930000212,
              519173.93110000156
            ],
            [
              342356.24309999961,
              519168.84550000168
            ],
            [
              342354.31599999871,
              519160.01360000111
            ],
            [
              342354.0604000017,
              519155.03850000352
            ],
            [
              342355.22080000117,
              519151.49060000107
            ],
            [
              342357.39040000085,
              519149.29820000194
            ],
            [
              342361.5942000011,
              519146.51129999943
            ],
            [
              342366.36120000016,
              519144.6387000028
            ],
            [
              342371.49880000018,
              519144.73370000347
            ],
            [
              342374.93569999933,
              519146.51609999873
            ],
            [
              342377.3543999996,
              519148.55990000255
            ],
            [
              342379.82430000044,
              519151.18910000287
            ],
            [
              342382.42250000127,
              519154.46910000034
            ],
            [
              342385.14560000226,
              519158.37810000032
            ],
            [
              342388.49500000197,
              519163.63700000197
            ],
            [
              342390.23850000091,
              519167.11270000041
            ],
            [
              342391.54789999966,
              519171.27959999815
            ],
            [
              342392.46100000106,
              519176.05570000224
            ],
            [
              342393.72099999897,
              519186.14660000429
            ],
            [
              342394.41650000028,
              519190.38120000251
            ],
            [
              342395.50150000118,
              519194.64660000056
            ],
            [
              342396.93329999968,
              519198.23420000076
            ],
            [
              342399.50760000106,
              519202.76920000277
            ],
            [
              342402.92250000034,
              519207.57370000333
            ],
            [
              342406.07580000069,
              519211.44700000063
            ],
            [
              342414.07930000126,
              519220.52400000207
            ],
            [
              342417.18530000094,
              519224.39310000092
            ],
            [
              342420.29820000194,
              519228.82459999993
            ],
            [
              342426.74380000122,
              519239.27710000239
            ],
            [
              342429.55969999917,
              519243.19559999928
            ],
            [
              342432.45180000085,
              519246.29990000091
            ],
            [
              342436.41590000037,
              519249.16950000077
            ],
            [
              342440.00400000066,
              519250.67350000143
            ],
            [
              342442.81799999997,
              519251.45229999907
            ],
            [
              342445.79910000041,
              519252.02219999954
            ],
            [
              342448.85890000034,
              519252.36640000157
            ],
            [
              342451.89869999979,
              519252.47490000166
            ],
            [
              342454.8498000009,
              519252.34659999982
            ],
            [
              342458.93130000122,
              519251.69019999914
            ],
            [
              342464.58040000219,
              519249.87829999998
            ],
            [
              342468.56530000083,
              519247.96410000138
            ],
            [
              342471.65740000084,
              519245.90550000221
            ],
            [
              342474.2463000007,
              519242.7415000014
            ],
            [
              342475.22610000148,
              519239.03949999996
            ],
            [
              342475.08440000191,
              519235.90090000071
            ],
            [
              342474.34730000049,
              519232.3189000003
            ],
            [
              342472.98530000076,
              519228.25770000182
            ],
            [
              342471.06749999989,
              519223.98130000383
            ],
            [
              342468.69990000129,
              519219.73240000196
            ],
            [
              342465.37280000094,
              519215.15259999968
            ],
            [
              342461.54290000163,
              519212.1585000027
            ],
            [
              342454.76530000009,
              519208.42879999988
            ],
            [
              342452.32129999995,
              519206.83830000274
            ],
            [
              342449.83800000045,
              519204.20419999957
            ],
            [
              342448.44539999962,
              519200.79890000075
            ],
            [
              342447.99490000121,
              519197.78700000048
            ],
            [
              342447.92609999888,
              519194.43539999984
            ],
            [
              342448.24469999969,
              519190.9821000006
            ],
            [
              342448.9188000001,
              519187.70690000243
            ],
            [
              342450.53359999973,
              519183.56490000151
            ],
            [
              342453.28030000068,
              519179.97840000317
            ],
            [
              342456.54590000119,
              519178.01520000026
            ],
            [
              342460.92989999987,
              519176.49740000255
            ],
            [
              342465.94269999955,
              519175.60950000025
            ],
            [
              342470.45650000125,
              519175.57479999773
            ],
            [
              342474.29650000017,
              519176.8041999992
            ],
            [
              342477.28079999983,
              519178.67230000347
            ],
            [
              342480.87349999975,
              519181.86610000022
            ],
            [
              342487.52749999985,
              519188.89479999989
            ],
            [
              342489.74030000065,
              519191.02120000124
            ],
            [
              342492.3554999996,
              519193.22610000148
            ],
            [
              342494.81810000166,
              519194.85890000127
            ],
            [
              342498.5457000006,
              519196.98179999925
            ],
            [
              342503.8161000004,
              519199.55260000378
            ],
            [
              342512.44770000037,
              519203.22940000147
            ],
            [
              342516.62340000086,
              519204.68530000187
            ],
            [
              342520.70350000076,
              519205.88530000113
            ],
            [
              342524.6866999995,
              519206.82910000347
            ],
            [
              342528.57149999961,
              519207.51640000194
            ],
            [
              342551.9823000012,
              519218.68429999985
            ],
            [
              342557.8534000013,
              519218.87470000237
            ],
            [
              342572.00620000064,
              519225.13450000063
            ],
            [
              342582.98819999956,
              519233.31570000015
            ],
            [
              342600.82570000086,
              519236.71800000034
            ],
            [
              342616.52950000204,
              519245.52490000241
            ],
            [
              342621.5150000006,
              519244.54440000094
            ],
            [
              342626.98720000032,
              519245.71419999935
            ],
            [
              342634.89950000029,
              519247.15899999812
            ],
            [
              342647.98690000176,
              519252.10740000382
            ],
            [
              342661.66330000106,
              519255.02270000055
            ],
            [
              342679.16439999919,
              519257.74240000173
            ],
            [
              342682.23560000211,
              519255.67430000193
            ],
            [
              342685.40930000134,
              519253.25840000063
            ],
            [
              342688.28710000124,
              519250.83800000325
            ],
            [
              342690.71439999994,
              519248.55009999871
            ],
            [
              342692.93020000029,
              519246.18600000069
            ],
            [
              342694.84329999983,
              519243.82909999974
            ],
            [
              342697.08669999987,
              519240.33430000208
            ],
            [
              342697.05810000096,
              519230.77529999986
            ],
            [
              342694.23550000042,
              519219.74000000022
            ],
            [
              342672.21770000178,
              519202.83850000054
            ],
            [
              342623.17569999956,
              519178.66959999874
            ],
            [
              342600.73089999985,
              519162.69099999964
            ],
            [
              342594.26429999992,
              519149.10019999929
            ],
            [
              342596.42980000004,
              519136.26180000231
            ],
            [
              342601.14120000042,
              519121.44529999979
            ],
            [
              342600.68759999983,
              519118.34079999849
            ],
            [
              342600.35800000001,
              519114.33720000274
            ],
            [
              342600.23810000066,
              519106.71360000037
            ],
            [
              342600.78290000185,
              519098.63739999942
            ],
            [
              342601.98500000034,
              519090.22340000048
            ],
            [
              342603.02070000023,
              519084.84610000439
            ],
            [
              342604.20710000023,
              519079.78020000271
            ],
            [
              342605.4804999996,
              519075.18090000376
            ],
            [
              342606.87620000076,
              519070.94280000217
            ],
            [
              342608.40570000093,
              519067.0346999988
            ],
            [
              342610.06780000031,
              519063.46380000003
            ],
            [
              342611.86490000039,
              519060.22440000251
            ],
            [
              342614.51180000138,
              519056.44329999946
            ],
            [
              342617.86809999961,
              519053.13360000215
            ],
            [
              342621.06180000119,
              519050.8257999979
            ],
            [
              342626.51440000068,
              519047.84870000184
            ],
            [
              342638.96800000221,
              519042.29400000162
            ],
            [
              342644.1316000009,
              519039.66290000267
            ],
            [
              342647.87230000086,
              519037.22680000216
            ],
            [
              342651.78370000049,
              519033.75590000115
            ],
            [
              342655.00730000064,
              519029.36860000156
            ],
            [
              342657.15160000045,
              519025.13010000065
            ],
            [
              342659.03490000032,
              519020.3057000041
            ],
            [
              342662.50400000159,
              519009.72320000269
            ],
            [
              342663.90870000049,
              519005.98000000231
            ],
            [
              342665.78230000008,
              519001.76640000008
            ],
            [
              342668.50509999972,
              518997.27769999951
            ],
            [
              342670.86250000075,
              518994.37940000184
            ],
            [
              342675.02130000107,
              518990.44280000031
            ],
            [
              342679.55620000046,
              518986.88499999791
            ],
            [
              342690.94140000083,
              518978.68549999967
            ],
            [
              342693.78620000184,
              518976.3973999992
            ],
            [
              342696.13770000078,
              518974.2631000001
            ],
            [
              342698.4084999999,
              518971.82420000248
            ],
            [
              342700.85390000138,
              518968.19179999828
            ],
            [
              342702.59670000058,
              518963.48829999939
            ],
            [
              342702.89030000009,
              518959.15930000134
            ],
            [
              342702.50200000126,
              518955.44830000028
            ],
            [
              342701.26680000033,
              518950.19219999947
            ],
            [
              342697.86130000185,
              518939.28710000217
            ],
            [
              342696.61280000024,
              518934.63770000078
            ],
            [
              342695.78460000083,
              518929.86360000074
            ],
            [
              342695.65070000105,
              518925.67569999956
            ],
            [
              342695.83690000139,
              518922.65250000171
            ],
            [
              342696.35870000068,
              518918.55600000173
            ],
            [
              342697.74350000173,
              518911.14790000021
            ],
            [
              342699.7770000007,
              518903.60420000181
            ],
            [
              342702.40130000003,
              518896.14149999991
            ],
            [
              342704.91050000116,
              518890.16840000078
            ],
            [
              342707.57820000034,
              518884.57740000263
            ],
            [
              342710.38250000123,
              518879.41440000199
            ],
            [
              342713.30980000086,
              518874.7042000033
            ],
            [
              342716.34289999958,
              518870.4726000037
            ],
            [
              342719.47839999944,
              518866.7228000015
            ],
            [
              342722.70890000183,
              518863.46350000426
            ],
            [
              342726.93050000072,
              518860.10969999991
            ],
            [
              342731.05179999862,
              518858.03300000168
            ],
            [
              342734.86029999983,
              518856.80050000176
            ],
            [
              342740.03880000208,
              518855.71979999915
            ],
            [
              342752.41690000053,
              518853.7984000016
            ],
            [
              342757.93530000094,
              518852.45260000415
            ],
            [
              342761.35360000189,
              518851.06380000152
            ],
            [
              342764.93070000038,
              518848.71230000257
            ],
            [
              342767.643600001,
              518845.69490000047
            ],
            [
              342769.36969999876,
              518842.8994999975
            ],
            [
              342770.88310000114,
              518839.63169999979
            ],
            [
              342772.21019999962,
              518835.83500000276
            ],
            [
              342774.10259999987,
              518828.07430000231
            ],
            [
              342776.6838999996,
              518815.35310000181
            ],
            [
              342778.53050000034,
              518803.08300000243
            ],
            [
              342779.68360000104,
              518791.28550000116
            ],
            [
              342780.29440000188,
              518786.63790000044
            ],
            [
              342781.2631000001,
              518781.98380000144
            ],
            [
              342782.56560000125,
              518778.00469999947
            ],
            [
              342784.20100000128,
              518774.52500000037
            ],
            [
              342786.30009999964,
              518771.08400000446
            ],
            [
              342788.88500000071,
              518767.64420000091
            ],
            [
              342792.00820000004,
              518764.13550000079
            ],
            [
              342798.38480000012,
              518758.08720000274
            ],
            [
              342810.16440000106,
              518748.20920000039
            ],
            [
              342813.6464999998,
              518745.1118000038
            ],
            [
              342819.69430000056,
              518739.1883000005
            ],
            [
              342830.53430000134,
              518726.84230000153
            ],
            [
              342835.72720000148,
              518721.46780000068
            ],
            [
              342841.77259999979,
              518716.16910000145
            ],
            [
              342848.5055000009,
              518711.14240000024
            ],
            [
              342855.9832000006,
              518706.34410000034
            ],
            [
              342864.32210000232,
              518701.69910000078
            ],
            [
              342872.76180000044,
              518697.54260000028
            ],
            [
              342882.4094000021,
              518693.25390000269
            ],
            [
              342896.24730000086,
              518687.48279999942
            ],
            [
              342915.04760000017,
              518680.11990000121
            ],
            [
              342919.56549999956,
              518678.38660000078
            ],
            [
              342924.38310000021,
              518676.77100000158
            ],
            [
              342935.15540000051,
              518673.81609999947
            ],
            [
              342945.94450000115,
              518671.46110000275
            ],
            [
              342973.30440000072,
              518666.17820000276
            ],
            [
              342980.9271000009,
              518664.42929999903
            ],
            [
              342987.64690000098,
              518662.61890000105
            ],
            [
              342994.90920000058,
              518660.25960000418
            ],
            [
              343001.47310000006,
              518657.6379000023
            ],
            [
              343007.46059999987,
              518654.70460000262
            ],
            [
              343012.93240000121,
              518651.42960000224
            ],
            [
              343017.84070000146,
              518647.95769999921
            ],
            [
              343022.78509999998,
              518644.00139999948
            ],
            [
              343027.81469999999,
              518639.5222000014
            ],
            [
              343033.02200000081,
              518634.43770000152
            ],
            [
              343042.57070000097,
              518624.14570000395
            ],
            [
              343056.25360000227,
              518608.77119999938
            ],
            [
              343070.02230000123,
              518592.53949999996
            ],
            [
              343076.98080000002,
              518584.04270000011
            ],
            [
              343098.1986000007,
              518556.61930000223
            ],
            [
              343105.44369999971,
              518547.49160000123
            ],
            [
              343112.11409999989,
              518539.50850000232
            ],
            [
              343118.41170000006,
              518532.44890000112
            ],
            [
              343132.58609999996,
              518516.84080000222
            ],
            [
              343144.16160000023,
              518504.54590000026
            ],
            [
              343152.59219999984,
              518495.91550000012
            ],
            [
              343160.37190000061,
              518488.4159000013
            ],
            [
              343168.45930000115,
              518481.19089999981
            ],
            [
              343176.32600000035,
              518474.78650000133
            ],
            [
              343184.09250000212,
              518469.10500000231
            ],
            [
              343191.82519999985,
              518464.09830000065
            ],
            [
              343194.99299999978,
              518462.3545000013
            ],
            [
              343198.72190000117,
              518460.62619999982
            ],
            [
              343212.88219999988,
              518455.12310000136
            ],
            [
              343218.32850000169,
              518452.69840000197
            ],
            [
              343222.24330000114,
              518450.45730000176
            ],
            [
              343226.37910000049,
              518447.2313000001
            ],
            [
              343229.86950000096,
              518443.06489999965
            ],
            [
              343232.06680000108,
              518439.16249999963
            ],
            [
              343233.88010000065,
              518434.63380000181
            ],
            [
              343235.34280000068,
              518429.39570000209
            ],
            [
              343236.27680000011,
              518424.66510000266
            ],
            [
              343237.05390000064,
              518419.21750000119
            ],
            [
              343238.92599999998,
              518399.19910000078
            ],
            [
              343241.7985000005,
              518377.75290000439
            ],
            [
              343244.98680000007,
              518346.80540000275
            ],
            [
              343246.22709999979,
              518337.86400000192
            ],
            [
              343247.90130000096,
              518328.01840000041
            ],
            [
              343249.81590000074,
              518317.97069999948
            ],
            [
              343256.18399999943,
              518287.08559999987
            ],
            [
              343257.90749999974,
              518277.59370000102
            ],
            [
              343259.23290000111,
              518269.07920000143
            ],
            [
              343260.41970000137,
              518259.21450000256
            ],
            [
              343261.10610000044,
              518250.00280000083
            ],
            [
              343261.30560000055,
              518241.2583000008
            ],
            [
              343261.01970000099,
              518232.88770000078
            ],
            [
              343260.23020000011,
              518226.00120000355
            ],
            [
              343257.86070000008,
              518212.87150000408
            ],
            [
              343257.24780000001,
              518208.55230000429
            ],
            [
              343256.80620000139,
              518203.58410000056
            ],
            [
              343256.80050000083,
              518199.1344000008
            ],
            [
              343257.17200000212,
              518194.09190000221
            ],
            [
              343257.78660000116,
              518189.06450000033
            ],
            [
              343258.63690000027,
              518184.11170000024
            ],
            [
              343259.71439999994,
              518179.28290000372
            ],
            [
              343261.00650000107,
              518174.63130000047
            ],
            [
              343262.50520000048,
              518170.18210000359
            ],
            [
              343264.20040000044,
              518165.96580000222
            ],
            [
              343266.08270000108,
              518162.00570000336
            ],
            [
              343268.45600000024,
              518157.64460000396
            ],
            [
              343270.95100000128,
              518153.52640000172
            ],
            [
              343273.53500000015,
              518149.70460000262
            ],
            [
              343276.18780000042,
              518146.20869999938
            ],
            [
              343278.88489999995,
              518143.06950000301
            ],
            [
              343281.62190000061,
              518140.28990000114
            ],
            [
              343284.38889999967,
              518137.88030000217
            ],
            [
              343288.34850000124,
              518135.16720000282
            ],
            [
              343292.11730000097,
              518133.32340000011
            ],
            [
              343295.00340000074,
              518132.34160000272
            ],
            [
              343298.2351000011,
              518131.52200000174
            ],
            [
              343304.41640000045,
              518130.47770000249
            ],
            [
              343319.208800002,
              518128.75600000098
            ],
            [
              343325.99490000028,
              518127.408400001
            ],
            [
              343333.49689999968,
              518125.56330000237
            ],
            [
              343356.97759999987,
              518120.224700002
            ],
            [
              343364.33789999876,
              518118.23360000178
            ],
            [
              343370.75420000125,
              518116.17970000021
            ],
            [
              343377.50620000158,
              518113.54520000331
            ],
            [
              343383.48749999888,
              518110.6314000003
            ],
            [
              343388.80300000217,
              518107.38700000197
            ],
            [
              343393.50169999991,
              518103.78109999932
            ],
            [
              343398.12160000019,
              518099.29640000127
            ],
            [
              343402.85240000114,
              518093.68810000084
            ],
            [
              343407.09180000052,
              518087.92720000446
            ],
            [
              343415.42360000033,
              518076.22529999912
            ],
            [
              343425.34270000085,
              518061.76470000111
            ],
            [
              343433.25889999885,
              518049.92560000159
            ],
            [
              343440.87769999914,
              518037.88570000045
            ],
            [
              343448.19900000095,
              518025.64499999955
            ],
            [
              343455.2229000004,
              518013.20360000059
            ],
            [
              343461.94930000138,
              518000.56130000204
            ],
            [
              343468.37829999998,
              517987.71830000356
            ],
            [
              343470.28260000143,
              517983.66710000113
            ],
            [
              343472.4215000011,
              517979.11670000106
            ],
            [
              343474.30399999954,
              517975.1118999999
            ],
            [
              343476.77330000047,
              517971.83530000225
            ],
            [
              343478.61700000055,
              517969.3797999993
            ],
            [
              343481.06340000127,
              517966.44600000232
            ],
            [
              343484.04229999986,
              517962.99960000254
            ],
            [
              343488.40130000096,
              517961.37529999949
            ],
            [
              343490.17770000175,
              517957.66410000063
            ],
            [
              343491.43379999977,
              517946.13130000047
            ],
            [
              343496.00630000047,
              517945.33970000036
            ],
            [
              343496.55399999954,
              517941.85170000046
            ],
            [
              343496.33570000064,
              517938.57020000182
            ],
            [
              343498.40720000118,
              517934.97550000437
            ],
            [
              343499.93039999902,
              517931.07619999908
            ],
            [
              343502.48929999955,
              517927.29880000465
            ],
            [
              343503.77080000192,
              517922.56740000099
            ],
            [
              343507.4319000002,
              517920.75370000303
            ],
            [
              343511.19079999905,
              517920.48469999805
            ],
            [
              343514.46389999986,
              517918.78089999966
            ],
            [
              343514.17890000064,
              517915.46180000156
            ],
            [
              343515.36270000041,
              517912.40660000034
            ],
            [
              343515.15620000008,
              517908.69230000302
            ],
            [
              343518.57380000222,
              517905.36520000175
            ],
            [
              343523.20430000126,
              517903.78109999932
            ],
            [
              343524.05730000138,
              517899.57720000111
            ],
            [
              343524.78830000013,
              517895.92160000093
            ],
            [
              343527.43870000076,
              517891.65670000203
            ],
            [
              343531.06380000059,
              517888.64090000279
            ],
            [
              343533.74450000003,
              517885.74690000154
            ],
            [
              343536.58820000011,
              517883.2957000006
            ],
            [
              343539.9896000009,
              517881.05560000241
            ],
            [
              343544.38630000129,
              517879.75580000132
            ],
            [
              343548.49730000086,
              517877.52180000022
            ],
            [
              343551.65060000122,
              517873.77470000088
            ],
            [
              343553.83100000024,
              517871.52860000357
            ],
            [
              343556.40940000117,
              517870.05150000006
            ],
            [
              343557.74960000068,
              517866.37219999917
            ],
            [
              343561.52710000053,
              517864.27030000277
            ],
            [
              343566.01420000102,
              517862.32230000012
            ],
            [
              343569.0007000016,
              517858.47210000455
            ],
            [
              343569.93490000069,
              517855.71009999886
            ],
            [
              343572.79840000067,
              517853.82139999978
            ],
            [
              343576.33220000006,
              517854.73530000076
            ],
            [
              343582.05930000171,
              517856.16699999943
            ],
            [
              343586.01950000226,
              517854.8571000006
            ],
            [
              343589.14700000081,
              517852.86680000275
            ],
            [
              343586.628800001,
              517850.5922000017
            ],
            [
              343586.72020000033,
              517845.96190000139
            ],
            [
              343589.37050000019,
              517843.09830000065
            ],
            [
              343593.8180999998,
              517843.70759999938
            ],
            [
              343596.55980000086,
              517841.51420000196
            ],
            [
              343597.83920000121,
              517838.52880000323
            ],
            [
              343601.55580000021,
              517838.34610000253
            ],
            [
              343605.24179999996,
              517839.5036999993
            ],
            [
              343608.74510000087,
              517836.76190000214
            ],
            [
              343611.96439999901,
              517833.67080000043
            ],
            [
              343609.53720000107,
              517828.35410000011
            ],
            [
              343611.21260000207,
              517825.36869999953
            ],
            [
              343614.10670000035,
              517822.3833000008
            ],
            [
              343615.69070000108,
              517819.88530000113
            ],
            [
              343615.628800001,
              517816.85440000147
            ],
            [
              343617.0812999988,
              517813.72070000134
            ],
            [
              343620.79550000001,
              517812.44069999829
            ],
            [
              343623.96270000003,
              517810.44640000165
            ],
            [
              343630.92170000169,
              517808.07840000093
            ],
            [
              343636.55810000096,
              517807.85230000317
            ],
            [
              343640.4626000002,
              517804.30089999922
            ],
            [
              343648.37210000027,
              517800.32899999991
            ],
            [
              343652.88230000157,
              517800.16560000181
            ],
            [
              343655.37349999882,
              517805.26730000041
            ],
            [
              343658.9907000009,
              517806.54300000146
            ],
            [
              343656.71740000043,
              517809.72389999777
            ],
            [
              343655.10599999968,
              517813.38800000399
            ],
            [
              343655.40330000129,
              517817.53990000114
            ],
            [
              343654.56020000018,
              517822.03690000251
            ],
            [
              343653.91210000124,
              517826.89070000127
            ],
            [
              343655.13640000112,
              517831.07509999909
            ],
            [
              343658.14400000125,
              517834.78480000235
            ],
            [
              343661.84630000032,
              517835.75859999843
            ],
            [
              343664.85840000212,
              517836.64010000229
            ],
            [
              343668.08750000037,
              517837.9804999996
            ],
            [
              343671.43850000016,
              517839.62549999915
            ],
            [
              343674.9112999998,
              517840.05199999921
            ],
            [
              343678.50600000005,
              517840.60030000098
            ],
            [
              343681.73500000034,
              517838.83339999989
            ],
            [
              343686.42640000116,
              517837.73679999821
            ],
            [
              343689.8992000008,
              517837.43210000172
            ],
            [
              343688.86340000201,
              517840.23470000364
            ],
            [
              343685.49220000207,
              517843.72789999843
            ],
            [
              343684.96410000045,
              517846.81480000168
            ],
            [
              343687.52309999894,
              517849.80020000227
            ],
            [
              343691.54420000128,
              517850.409500001
            ],
            [
              343696.17470000125,
              517851.20150000043
            ],
            [
              343698.61170000117,
              517854.36969999969
            ],
            [
              343701.1706000017,
              517856.44120000117
            ],
            [
              343704.27790000103,
              517858.39090000093
            ],
            [
              343708.29900000058,
              517859.48750000261
            ],
            [
              343712.01550000068,
              517859.24380000308
            ],
            [
              343713.924300001,
              517861.44129999913
            ],
            [
              343716.34200000018,
              517863.05370000191
            ],
            [
              343719.3328999998,
              517864.87570000254
            ],
            [
              343721.97800000012,
              517867.33300000243
            ],
            [
              343725.82040000055,
              517869.06130000018
            ],
            [
              343729.71570000052,
              517870.16610000096
            ],
            [
              343733.77970000077,
              517871.78440000117
            ],
            [
              343736.89329999965,
              517872.14299999736
            ],
            [
              343740.22800000012,
              517873.07160000131
            ],
            [
              343741.93890000135,
              517875.78770000115
            ],
            [
              343743.21470000036,
              517880.0784999989
            ],
            [
              343743.97410000023,
              517885.49290000089
            ],
            [
              343746.41590000037,
              517888.54350000434
            ],
            [
              343749.48660000041,
              517892.19330000319
            ],
            [
              343751.96729999967,
              517895.56659999862
            ],
            [
              343755.38879999984,
              517892.97710000351
            ],
            [
              343761.54750000127,
              517892.64670000412
            ],
            [
              343763.71339999884,
              517898.46550000273
            ],
            [
              343759.19330000225,
              517905.8713000007
            ],
            [
              343756.23120000027,
              517904.04700000025
            ],
            [
              343754.45849999972,
              517906.62859999947
            ],
            [
              343755.25220000092,
              517909.78420000337
            ],
            [
              343755.71120000165,
              517914.93439999968
            ],
            [
              343758.80709999986,
              517917.85510000028
            ],
            [
              343761.00040000211,
              517920.29220000096
            ],
            [
              343762.95010000002,
              517923.70409999974
            ],
            [
              343763.68120000139,
              517928.76099999994
            ],
            [
              343763.98590000067,
              517934.06160000339
            ],
            [
              343765.5700000003,
              517938.63109999895
            ],
            [
              343767.0931000011,
              517941.37279999815
            ],
            [
              343768.67180000152,
              517944.55430000275
            ],
            [
              343771.10370000079,
              517948.96760000102
            ],
            [
              343774.24340000004,
              517951.68869999796
            ],
            [
              343776.98090000078,
              517953.53970000334
            ],
            [
              343777.89549999963,
              517958.70700000413
            ],
            [
              343779.10379999969,
              517963.30200000107
            ],
            [
              343781.52480000071,
              517967.05169999972
            ],
            [
              343783.91080000065,
              517971.28940000013
            ],
            [
              343785.61060000118,
              517973.61670000106
            ],
            [
              343787.42530000117,
              517975.9682
            ],
            [
              343789.33970000036,
              517980.02009999938
            ],
            [
              343790.49670000095,
              517982.68240000121
            ],
            [
              343792.05640000012,
              517985.16280000284
            ],
            [
              343790.01290000044,
              517987.5316000022
            ],
            [
              343790.5775000006,
              517989.12370000035
            ],
            [
              343792.6353000002,
              517994.92650000192
            ],
            [
              343796.82079999987,
              518002.07640000246
            ],
            [
              343800.60680000018,
              518009.38199999928
            ],
            [
              343803.99340000097,
              518016.84349999763
            ],
            [
              343807.31990000047,
              518024.7938000001
            ],
            [
              343810.15629999992,
              518032.26160000451
            ],
            [
              343811.26400000136,
              518035.41990000196
            ],
            [
              343811.97900000121,
              518038.61940000206
            ],
            [
              343811.89529999997,
              518041.99950000271
            ],
            [
              343809.76620000042,
              518045.67480000108
            ],
            [
              343805.94150000066,
              518049.11040000059
            ],
            [
              343798.45170000102,
              518054.39200000092
            ],
            [
              343794.96210000012,
              518057.81390000135
            ],
            [
              343793.5354000004,
              518061.01220000163
            ],
            [
              343793.96949999966,
              518064.48700000159
            ],
            [
              343795.12129999977,
              518067.99210000224
            ],
            [
              343796.87650000118,
              518071.61720000021
            ],
            [
              343799.4112999998,
              518075.36529999971
            ],
            [
              343802.94960000087,
              518075.87690000422
            ],
            [
              343805.27630000003,
              518072.55430000275
            ],
            [
              343809.00980000012,
              518064.23920000158
            ],
            [
              343810.97910000011,
              518060.47330000252
            ],
            [
              343812.69149999972,
              518058.01960000023
            ],
            [
              343814.86050000042,
              518056.0326000005
            ],
            [
              343817.80900000129,
              518054.76510000229
            ],
            [
              343820.66760000028,
              518054.06880000047
            ],
            [
              343823.84130000044,
              518053.63140000217
            ],
            [
              343827.12090000045,
              518053.48230000213
            ],
            [
              343830.26150000002,
              518053.62890000083
            ],
            [
              343834.29970000125,
              518054.40670000203
            ],
            [
              343837.89809999987,
              518056.15820000134
            ],
            [
              343839.59650000092,
              518058.72540000454
            ],
            [
              343840.32410000078,
              518061.53740000352
            ],
            [
              343840.58810000028,
              518065.8283000011
            ],
            [
              343840.34690000024,
              518075.01300000213
            ],
            [
              343840.40319999959,
              518078.77190000005
            ],
            [
              343840.79740000051,
              518082.34420000203
            ],
            [
              343841.57770000026,
              518085.21670000255
            ],
            [
              343842.80040000007,
              518088.05810000002
            ],
            [
              343844.30930000078,
              518090.94240000099
            ],
            [
              343846.11750000156,
              518093.89530000091
            ],
            [
              343848.25430000015,
              518096.96480000392
            ],
            [
              343853.06370000076,
              518102.9879999999
            ],
            [
              343862.6735000005,
              518113.90710000135
            ],
            [
              343866.8908000011,
              518118.42570000142
            ],
            [
              343871.96339999977,
              518123.15449999832
            ],
            [
              343877.02029999997,
              518127.43920000084
            ],
            [
              343889.00650000107,
              518137.15530000255
            ],
            [
              343894.56640000083,
              518141.99119999819
            ],
            [
              343899.26150000002,
              518146.5791000016
            ],
            [
              343903.17760000098,
              518151.03580000252
            ],
            [
              343909.4179999996,
              518159.22519999929
            ],
            [
              343915.22580000013,
              518167.73740000464
            ],
            [
              343920.52539999969,
              518176.46120000072
            ],
            [
              343925.25949999876,
              518185.30230000056
            ],
            [
              343929.37320000213,
              518194.15370000154
            ],
            [
              343932.84540000185,
              518202.9653000012
            ],
            [
              343935.65120000113,
              518211.67400000058
            ],
            [
              343937.77480000071,
              518220.23020000197
            ],
            [
              343938.64290000126,
              518225.72330000065
            ],
            [
              343939.06540000066,
              518231.8694000002
            ],
            [
              343939.07189999986,
              518238.95949999988
            ],
            [
              343938.46569999959,
              518254.05610000156
            ],
            [
              343938.37660000101,
              518260.58190000243
            ],
            [
              343938.67820000183,
              518267.3887000028
            ],
            [
              343939.46250000037,
              518273.39180000126
            ],
            [
              343940.8227000013,
              518279.73990000039
            ],
            [
              343942.72910000104,
              518286.76009999961
            ],
            [
              343944.60670000035,
              518292.90160000138
            ],
            [
              343950.43230000045,
              518310.52050000243
            ],
            [
              343952.91949999984,
              518318.96869999915
            ],
            [
              343958.59760000091,
              518339.59009999968
            ],
            [
              343961.82990000118,
              518349.99870000221
            ],
            [
              343963.89740000106,
              518355.7639000006
            ],
            [
              343966.03729999997,
              518361.03119999915
            ],
            [
              343968.29170000087,
              518365.90389999747
            ],
            [
              343970.68430000171,
              518370.4327000007
            ],
            [
              343973.45850000158,
              518375.08620000072
            ],
            [
              343976.56369999982,
              518379.80900000036
            ],
            [
              343980.01680000219,
              518384.62700000219
            ],
            [
              343983.84840000048,
              518389.58309999853
            ],
            [
              343992.67320000101,
              518399.97160000168
            ],
            [
              344004.43769999966,
              518412.62450000271
            ],
            [
              344010.38750000112,
              518418.68579999916
            ],
            [
              344016.50580000132,
              518424.58249999955
            ],
            [
              344022.79270000104,
              518430.31440000422
            ],
            [
              344029.24810000043,
              518435.88170000166
            ],
            [
              344035.87210000027,
              518441.28429999761
            ],
            [
              344042.66470000148,
              518446.52219999954
            ],
            [
              344049.62579999957,
              518451.59530000016
            ],
            [
              344056.75540000014,
              518456.50379999913
            ]
          ]
        ]
      }
    }
  ]
}