{
  "displayFieldName" : "",
  "fieldAliases" : {
    "FID" : "FID",
    "PMNTN_SPOT" : "PMNTN_SPOT",
    "MNTN_CODE" : "MNTN_CODE",
    "MANAGE_SP1" : "MANAGE_SP1",
    "MANAGE_SP2" : "MANAGE_SP2",
    "DETAIL_SPO" : "DETAIL_SPO",
    "ETC_MATTER" : "ETC_MATTER",
    "MNTN_NM" : "MNTN_NM",
    "PAST_SPOT_" : "PAST_SPOT_",
    "MNTN_ID" : "MNTN_ID"
  },
  "geometryType" : "esriGeometryPoint",
  "spatialReference" : {
    "wkt" : "PROJCS[\"PCS_ITRF2000_TM\",GEOGCS[\"GCS_ITRF_2000\",DATUM[\"D_ITRF_2000\",SPHEROID[\"GRS_1980\",6378137.0,298.257222101]],PRIMEM[\"Greenwich\",0.0],UNIT[\"Degree\",0.0174532925199433]],PROJECTION[\"Transverse_Mercator\"],PARAMETER[\"False_Easting\",200000.0],PARAMETER[\"False_Northing\",600000.0],PARAMETER[\"Central_Meridian\",127.0],PARAMETER[\"Scale_Factor\",1.0],PARAMETER[\"Latitude_Of_Origin\",38.0],UNIT[\"Meter\",1.0]]"
  },
  "fields" : [
    {
      "name" : "FID",
      "type" : "esriFieldTypeOID",
      "alias" : "FID"
    },
    {
      "name" : "PMNTN_SPOT",
      "type" : "esriFieldTypeDouble",
      "alias" : "PMNTN_SPOT"
    },
    {
      "name" : "MNTN_CODE",
      "type" : "esriFieldTypeString",
      "alias" : "MNTN_CODE",
      "length" : 9
    },
    {
      "name" : "MANAGE_SP1",
      "type" : "esriFieldTypeString",
      "alias" : "MANAGE_SP1",
      "length" : 2
    },
    {
      "name" : "MANAGE_SP2",
      "type" : "esriFieldTypeString",
      "alias" : "MANAGE_SP2",
      "length" : 50
    },
    {
      "name" : "DETAIL_SPO",
      "type" : "esriFieldTypeString",
      "alias" : "DETAIL_SPO",
      "length" : 200
    },
    {
      "name" : "ETC_MATTER",
      "type" : "esriFieldTypeString",
      "alias" : "ETC_MATTER",
      "length" : 200
    },
    {
      "name" : "MNTN_NM",
      "type" : "esriFieldTypeString",
      "alias" : "MNTN_NM",
      "length" : 50
    },
    {
      "name" : "PAST_SPOT_",
      "type" : "esriFieldTypeString",
      "alias" : "PAST_SPOT_",
      "length" : 14
    },
    {
      "name" : "MNTN_ID",
      "type" : "esriFieldTypeString",
      "alias" : "MNTN_ID",
      "length" : 10
    }
  ],
  "features" : [
    {
      "attributes" : {
        "FID" : 0,
        "PMNTN_SPOT" : 88305,
        "MNTN_CODE" : "427705001",
        "MANAGE_SP1" : "01",
        "MANAGE_SP2" : "시종점",
        "DETAIL_SPO" : "시종점",
        "ETC_MATTER" : " ",
        "MNTN_NM" : "토끼봉",
        "PAST_SPOT_" : "4277077010001",
        "MNTN_ID" : "427707701"
      },
      "geometry" : {
        "x" : 341686.42480000947,
        "y" : 519059.84540000185
      }
    },
    {
      "attributes" : {
        "FID" : 1,
        "PMNTN_SPOT" : 88306,
        "MNTN_CODE" : "427705001",
        "MANAGE_SP1" : "01",
        "MANAGE_SP2" : "시종점",
        "DETAIL_SPO" : "시종점",
        "ETC_MATTER" : " ",
        "MNTN_NM" : "토끼봉",
        "PAST_SPOT_" : "4277077010002",
        "MNTN_ID" : "427707701"
      },
      "geometry" : {
        "x" : 344056.75540000945,
        "y" : 518456.50379999913
      }
    },
    {
      "attributes" : {
        "FID" : 2,
        "PMNTN_SPOT" : 88307,
        "MNTN_CODE" : "427705001",
        "MANAGE_SP1" : "99",
        "MANAGE_SP2" : "기타",
        "DETAIL_SPO" : "경사지,위험",
        "ETC_MATTER" : "로프필요",
        "MNTN_NM" : "토끼봉",
        "PAST_SPOT_" : "4277077010003",
        "MNTN_ID" : "427707701"
      },
      "geometry" : {
        "x" : 343587.47900001425,
        "y" : 517839.28390000015
      }
    },
    {
      "attributes" : {
        "FID" : 3,
        "PMNTN_SPOT" : 88308,
        "MNTN_CODE" : "427705001",
        "MANAGE_SP1" : "99",
        "MANAGE_SP2" : "기타",
        "DETAIL_SPO" : "경사지",
        "ETC_MATTER" : "로프필요",
        "MNTN_NM" : "토끼봉",
        "PAST_SPOT_" : "4277077010004",
        "MNTN_ID" : "427707701"
      },
      "geometry" : {
        "x" : 343534.22980001289,
        "y" : 517883.18459999748
      }
    },
    {
      "attributes" : {
        "FID" : 4,
        "PMNTN_SPOT" : 88309,
        "MNTN_CODE" : "427705001",
        "MANAGE_SP1" : "99",
        "MANAGE_SP2" : "기타",
        "DETAIL_SPO" : "경사지",
        "ETC_MATTER" : "계단필요",
        "MNTN_NM" : "토끼봉",
        "PAST_SPOT_" : "4277077010005",
        "MNTN_ID" : "427707701"
      },
      "geometry" : {
        "x" : 343756.72960001323,
        "y" : 517904.09720000252
      }
    },
    {
      "attributes" : {
        "FID" : 5,
        "PMNTN_SPOT" : 88310,
        "MNTN_CODE" : "427705001",
        "MANAGE_SP1" : "05",
        "MANAGE_SP2" : "벤치",
        "DETAIL_SPO" : "쉼터",
        "ETC_MATTER" : "벤치 필요",
        "MNTN_NM" : "토끼봉",
        "PAST_SPOT_" : "4277077010006",
        "MNTN_ID" : "427707701"
      },
      "geometry" : {
        "x" : 343494.87170000933,
        "y" : 517939.53580000065
      }
    },
    {
      "attributes" : {
        "FID" : 6,
        "PMNTN_SPOT" : 88311,
        "MNTN_CODE" : "427705001",
        "MANAGE_SP1" : "15",
        "MANAGE_SP2" : "훼손지",
        "DETAIL_SPO" : "훼손,위험",
        "ETC_MATTER" : " ",
        "MNTN_NM" : "토끼봉",
        "PAST_SPOT_" : "4277077010007",
        "MNTN_ID" : "427707701"
      },
      "geometry" : {
        "x" : 343109.462700014,
        "y" : 518547.56190000102
      }
    },
    {
      "attributes" : {
        "FID" : 7,
        "PMNTN_SPOT" : 88312,
        "MNTN_CODE" : "427705001",
        "MANAGE_SP1" : "15",
        "MANAGE_SP2" : "훼손지",
        "DETAIL_SPO" : "훼손",
        "ETC_MATTER" : " ",
        "MNTN_NM" : "토끼봉",
        "PAST_SPOT_" : "4277077010008",
        "MNTN_ID" : "427707701"
      },
      "geometry" : {
        "x" : 343083.6613000147,
        "y" : 518574.79020000063
      }
    },
    {
      "attributes" : {
        "FID" : 8,
        "PMNTN_SPOT" : 88313,
        "MNTN_CODE" : "427705001",
        "MANAGE_SP1" : "99",
        "MANAGE_SP2" : "기타",
        "DETAIL_SPO" : "경사지",
        "ETC_MATTER" : "계단필요",
        "MNTN_NM" : "토끼봉",
        "PAST_SPOT_" : "4277077010009",
        "MNTN_ID" : "427707701"
      },
      "geometry" : {
        "x" : 342966.3538000118,
        "y" : 518662.92459999956
      }
    },
    {
      "attributes" : {
        "FID" : 9,
        "PMNTN_SPOT" : 88314,
        "MNTN_CODE" : "427705001",
        "MANAGE_SP1" : "05",
        "MANAGE_SP2" : "벤치",
        "DETAIL_SPO" : "쉼터",
        "ETC_MATTER" : "벤치 필요",
        "MNTN_NM" : "토끼봉",
        "PAST_SPOT_" : "4277077010010",
        "MNTN_ID" : "427707701"
      },
      "geometry" : {
        "x" : 342937.0973000098,
        "y" : 518674.19559999928
      }
    },
    {
      "attributes" : {
        "FID" : 10,
        "PMNTN_SPOT" : 88315,
        "MNTN_CODE" : "427705001",
        "MANAGE_SP1" : "23",
        "MANAGE_SP2" : "정상",
        "DETAIL_SPO" : "정상부,훼손,조망점",
        "ETC_MATTER" : "전망대 필요",
        "MNTN_NM" : "토끼봉",
        "PAST_SPOT_" : "4277077010011",
        "MNTN_ID" : "427707701"
      },
      "geometry" : {
        "x" : 342830.45790001284,
        "y" : 518719.65699999966
      }
    },
    {
      "attributes" : {
        "FID" : 11,
        "PMNTN_SPOT" : 88316,
        "MNTN_CODE" : "427705001",
        "MANAGE_SP1" : "15",
        "MANAGE_SP2" : "훼손지",
        "DETAIL_SPO" : "훼손",
        "ETC_MATTER" : "배수구 필요",
        "MNTN_NM" : "토끼봉",
        "PAST_SPOT_" : "4277077010012",
        "MNTN_ID" : "427707701"
      },
      "geometry" : {
        "x" : 341889.80070001259,
        "y" : 519124.18370000273
      }
    }
  ]
}