{
  "displayFieldName" : "",
  "fieldAliases" : {
    "FID" : "FID",
    "SAFE_SPOT1" : "SAFE_SPOT1",
    "SAFE_SPOT2" : "SAFE_SPOT2",
    "SAFE_SPOT3" : "SAFE_SPOT3",
    "MGC" : "MGC",
    "ETC_MATTER" : "ETC_MATTER",
    "MNTN_NM" : "MNTN_NM"
  },
  "geometryType" : "esriGeometryPoint",
  "spatialReference" : {
    "wkt" : "PROJCS[\"PCS_ITRF2000_TM\",GEOGCS[\"GCS_ITRF_2000\",DATUM[\"D_ITRF_2000\",SPHEROID[\"GRS_1980\",6378137.0,298.257222101]],PRIMEM[\"Greenwich\",0.0],UNIT[\"Degree\",0.0174532925199433]],PROJECTION[\"Transverse_Mercator\"],PARAMETER[\"False_Easting\",200000.0],PARAMETER[\"False_Northing\",600000.0],PARAMETER[\"Central_Meridian\",127.0],PARAMETER[\"Scale_Factor\",1.0],PARAMETER[\"Latitude_Of_Origin\",38.0],UNIT[\"Meter\",1.0]]"
  },
  "fields" : [
    {
      "name" : "FID",
      "type" : "esriFieldTypeOID",
      "alias" : "FID"
    },
    {
      "name" : "SAFE_SPOT1",
      "type" : "esriFieldTypeDouble",
      "alias" : "SAFE_SPOT1"
    },
    {
      "name" : "SAFE_SPOT2",
      "type" : "esriFieldTypeString",
      "alias" : "SAFE_SPOT2",
      "length" : 50
    },
    {
      "name" : "SAFE_SPOT3",
      "type" : "esriFieldTypeString",
      "alias" : "SAFE_SPOT3",
      "length" : 50
    },
    {
      "name" : "MGC",
      "type" : "esriFieldTypeString",
      "alias" : "MGC",
      "length" : 50
    },
    {
      "name" : "ETC_MATTER",
      "type" : "esriFieldTypeString",
      "alias" : "ETC_MATTER",
      "length" : 200
    },
    {
      "name" : "MNTN_NM",
      "type" : "esriFieldTypeString",
      "alias" : "MNTN_NM",
      "length" : 50
    }
  ],
  "features" : [
    {
      "attributes" : {
        "FID" : 0,
        "SAFE_SPOT1" : 2826,
        "SAFE_SPOT2" : "산악위치표지판",
        "SAFE_SPOT3" : " ",
        "MGC" : "인천서부소방서",
        "ETC_MATTER" : " ",
        "MNTN_NM" : "문학산"
      },
      "geometry" : {
        "x" : 171078.06310000084,
        "y" : 536942.91790000349
      }
    },
    {
      "attributes" : {
        "FID" : 1,
        "SAFE_SPOT1" : 2827,
        "SAFE_SPOT2" : "산악위치표지판",
        "SAFE_SPOT3" : " ",
        "MGC" : "인천공단소방서",
        "ETC_MATTER" : " ",
        "MNTN_NM" : "문학산"
      },
      "geometry" : {
        "x" : 171242.57760000043,
        "y" : 536757.00010000169
      }
    },
    {
      "attributes" : {
        "FID" : 2,
        "SAFE_SPOT1" : 2828,
        "SAFE_SPOT2" : "산악위치표지판",
        "SAFE_SPOT3" : " ",
        "MGC" : "인천공단소방서",
        "ETC_MATTER" : " ",
        "MNTN_NM" : "문학산"
      },
      "geometry" : {
        "x" : 171886.83430000115,
        "y" : 536860.68640000187
      }
    },
    {
      "attributes" : {
        "FID" : 3,
        "SAFE_SPOT1" : 2829,
        "SAFE_SPOT2" : "산악위치표지판",
        "SAFE_SPOT3" : " ",
        "MGC" : "인천공단소방서",
        "ETC_MATTER" : " ",
        "MNTN_NM" : "문학산"
      },
      "geometry" : {
        "x" : 172341.83220000006,
        "y" : 536639.85460000113
      }
    },
    {
      "attributes" : {
        "FID" : 4,
        "SAFE_SPOT1" : 2884,
        "SAFE_SPOT2" : "산악위치표지판",
        "SAFE_SPOT3" : " ",
        "MGC" : "인천계양소방서",
        "ETC_MATTER" : " ",
        "MNTN_NM" : "문학산"
      },
      "geometry" : {
        "x" : 169430.21129999962,
        "y" : 537398.18270000443
      }
    },
    {
      "attributes" : {
        "FID" : 5,
        "SAFE_SPOT1" : 2885,
        "SAFE_SPOT2" : "산악위치표지판",
        "SAFE_SPOT3" : " ",
        "MGC" : "인천남부소방서",
        "ETC_MATTER" : " ",
        "MNTN_NM" : "문학산"
      },
      "geometry" : {
        "x" : 166987.81579999998,
        "y" : 537405.60400000215
      }
    },
    {
      "attributes" : {
        "FID" : 6,
        "SAFE_SPOT1" : 2886,
        "SAFE_SPOT2" : "산악위치표지판",
        "SAFE_SPOT3" : " ",
        "MGC" : "인천남부소방서",
        "ETC_MATTER" : " ",
        "MNTN_NM" : "문학산"
      },
      "geometry" : {
        "x" : 169804.37030000146,
        "y" : 537413.8011000026
      }
    },
    {
      "attributes" : {
        "FID" : 7,
        "SAFE_SPOT1" : 2887,
        "SAFE_SPOT2" : "산악위치표지판",
        "SAFE_SPOT3" : " ",
        "MGC" : "인천남부소방서",
        "ETC_MATTER" : " ",
        "MNTN_NM" : "문학산"
      },
      "geometry" : {
        "x" : 170233.34069999959,
        "y" : 537338.56350000203
      }
    },
    {
      "attributes" : {
        "FID" : 8,
        "SAFE_SPOT1" : 2888,
        "SAFE_SPOT2" : "산악위치표지판",
        "SAFE_SPOT3" : " ",
        "MGC" : "인천남부소방서",
        "ETC_MATTER" : " ",
        "MNTN_NM" : "문학산"
      },
      "geometry" : {
        "x" : 170460.88310000207,
        "y" : 537263.50390000083
      }
    },
    {
      "attributes" : {
        "FID" : 9,
        "SAFE_SPOT1" : 2889,
        "SAFE_SPOT2" : "산악위치표지판",
        "SAFE_SPOT3" : " ",
        "MGC" : "인천남부소방서",
        "ETC_MATTER" : " ",
        "MNTN_NM" : "문학산"
      },
      "geometry" : {
        "x" : 170546.59090000112,
        "y" : 537323.68910000101
      }
    },
    {
      "attributes" : {
        "FID" : 10,
        "SAFE_SPOT1" : 2890,
        "SAFE_SPOT2" : "산악위치표지판",
        "SAFE_SPOT3" : " ",
        "MGC" : "인천남부소방서",
        "ETC_MATTER" : " ",
        "MNTN_NM" : "문학산"
      },
      "geometry" : {
        "x" : 170635.78380000126,
        "y" : 537293.18600000255
      }
    },
    {
      "attributes" : {
        "FID" : 11,
        "SAFE_SPOT1" : 2891,
        "SAFE_SPOT2" : "산악위치표지판",
        "SAFE_SPOT3" : " ",
        "MGC" : "인천남부소방서",
        "ETC_MATTER" : " ",
        "MNTN_NM" : "문학산"
      },
      "geometry" : {
        "x" : 170742.54020000063,
        "y" : 537273.8320000004
      }
    },
    {
      "attributes" : {
        "FID" : 12,
        "SAFE_SPOT1" : 2892,
        "SAFE_SPOT2" : "산악위치표지판",
        "SAFE_SPOT3" : " ",
        "MGC" : "인천남부소방서",
        "ETC_MATTER" : " ",
        "MNTN_NM" : "문학산"
      },
      "geometry" : {
        "x" : 170818.55169999972,
        "y" : 537371.12390000187
      }
    },
    {
      "attributes" : {
        "FID" : 13,
        "SAFE_SPOT1" : 2952,
        "SAFE_SPOT2" : "산악구급함",
        "SAFE_SPOT3" : " ",
        "MGC" : "인천공단소방서",
        "ETC_MATTER" : " ",
        "MNTN_NM" : "문학산"
      },
      "geometry" : {
        "x" : 171078.06310000084,
        "y" : 536942.91790000349
      }
    },
    {
      "attributes" : {
        "FID" : 14,
        "SAFE_SPOT1" : 2953,
        "SAFE_SPOT2" : "산악구급함",
        "SAFE_SPOT3" : " ",
        "MGC" : "인천공단소방서",
        "ETC_MATTER" : " ",
        "MNTN_NM" : "문학산"
      },
      "geometry" : {
        "x" : 172272.69460000005,
        "y" : 536769.82830000296
      }
    }
  ]
}