{
  "displayFieldName" : "",
  "fieldAliases" : {
    "FID" : "FID",
    "PMNTN_SPOT" : "PMNTN_SPOT",
    "MNTN_CODE" : "MNTN_CODE",
    "MANAGE_SP1" : "MANAGE_SP1",
    "MANAGE_SP2" : "MANAGE_SP2",
    "DETAIL_SPO" : "DETAIL_SPO",
    "ETC_MATTER" : "ETC_MATTER",
    "MNTN_NM" : "MNTN_NM",
    "PAST_SPOT_" : "PAST_SPOT_",
    "MNTN_ID" : "MNTN_ID"
  },
  "geometryType" : "esriGeometryPoint",
  "spatialReference" : {
    "wkt" : "PROJCS[\"PCS_ITRF2000_TM\",GEOGCS[\"GCS_ITRF_2000\",DATUM[\"D_ITRF_2000\",SPHEROID[\"GRS_1980\",6378137.0,298.257222101]],PRIMEM[\"Greenwich\",0.0],UNIT[\"Degree\",0.0174532925199433]],PROJECTION[\"Transverse_Mercator\"],PARAMETER[\"False_Easting\",200000.0],PARAMETER[\"False_Northing\",600000.0],PARAMETER[\"Central_Meridian\",127.0],PARAMETER[\"Scale_Factor\",1.0],PARAMETER[\"Latitude_Of_Origin\",38.0],UNIT[\"Meter\",1.0]]"
  },
  "fields" : [
    {
      "name" : "FID",
      "type" : "esriFieldTypeOID",
      "alias" : "FID"
    },
    {
      "name" : "PMNTN_SPOT",
      "type" : "esriFieldTypeDouble",
      "alias" : "PMNTN_SPOT"
    },
    {
      "name" : "MNTN_CODE",
      "type" : "esriFieldTypeString",
      "alias" : "MNTN_CODE",
      "length" : 9
    },
    {
      "name" : "MANAGE_SP1",
      "type" : "esriFieldTypeString",
      "alias" : "MANAGE_SP1",
      "length" : 2
    },
    {
      "name" : "MANAGE_SP2",
      "type" : "esriFieldTypeString",
      "alias" : "MANAGE_SP2",
      "length" : 50
    },
    {
      "name" : "DETAIL_SPO",
      "type" : "esriFieldTypeString",
      "alias" : "DETAIL_SPO",
      "length" : 200
    },
    {
      "name" : "ETC_MATTER",
      "type" : "esriFieldTypeString",
      "alias" : "ETC_MATTER",
      "length" : 200
    },
    {
      "name" : "MNTN_NM",
      "type" : "esriFieldTypeString",
      "alias" : "MNTN_NM",
      "length" : 50
    },
    {
      "name" : "PAST_SPOT_",
      "type" : "esriFieldTypeString",
      "alias" : "PAST_SPOT_",
      "length" : 14
    },
    {
      "name" : "MNTN_ID",
      "type" : "esriFieldTypeString",
      "alias" : "MNTN_ID",
      "length" : 10
    }
  ],
  "features" : [
    {
      "attributes" : {
        "FID" : 0,
        "PMNTN_SPOT" : 23973,
        "MNTN_CODE" : "467703101",
        "MANAGE_SP1" : "23",
        "MANAGE_SP2" : "정상",
        "DETAIL_SPO" : "정상 산불감시초소",
        "ETC_MATTER" : " ",
        "MNTN_NM" : "동포뒷산",
        "PAST_SPOT_" : "4677031010001",
        "MNTN_ID" : "467703101"
      },
      "geometry" : {
        "x" : 243499.55289999954,
        "y" : 212329.30340000242
      }
    },
    {
      "attributes" : {
        "FID" : 1,
        "PMNTN_SPOT" : 23974,
        "MNTN_CODE" : "467703101",
        "MANAGE_SP1" : "99",
        "MANAGE_SP2" : "기타",
        "DETAIL_SPO" : "목계단",
        "ETC_MATTER" : " ",
        "MNTN_NM" : "동포뒷산",
        "PAST_SPOT_" : "4677031010002",
        "MNTN_ID" : "467703101"
      },
      "geometry" : {
        "x" : 243362.17729999963,
        "y" : 212298.49680000171
      }
    },
    {
      "attributes" : {
        "FID" : 2,
        "PMNTN_SPOT" : 23975,
        "MNTN_CODE" : "467703101",
        "MANAGE_SP1" : "01",
        "MANAGE_SP2" : "시종점",
        "DETAIL_SPO" : "시종점",
        "ETC_MATTER" : " ",
        "MNTN_NM" : "동포뒷산",
        "PAST_SPOT_" : "4677031010003",
        "MNTN_ID" : "467703101"
      },
      "geometry" : {
        "x" : 243027.93800000101,
        "y" : 212042.54010000266
      }
    },
    {
      "attributes" : {
        "FID" : 3,
        "PMNTN_SPOT" : 23976,
        "MNTN_CODE" : "467703101",
        "MANAGE_SP1" : "01",
        "MANAGE_SP2" : "시종점",
        "DETAIL_SPO" : "시종점",
        "ETC_MATTER" : " ",
        "MNTN_NM" : "동포뒷산",
        "PAST_SPOT_" : "4677031010004",
        "MNTN_ID" : "467703101"
      },
      "geometry" : {
        "x" : 243151.6400000006,
        "y" : 212532.78180000372
      }
    },
    {
      "attributes" : {
        "FID" : 4,
        "PMNTN_SPOT" : 96167,
        "MNTN_CODE" : "467703101",
        "MANAGE_SP1" : "15",
        "MANAGE_SP2" : "훼손지",
        "DETAIL_SPO" : "훼손지",
        "ETC_MATTER" : " ",
        "MNTN_NM" : "동포뒷산",
        "PAST_SPOT_" : "4677031010005",
        "MNTN_ID" : "467703101"
      },
      "geometry" : {
        "x" : 243197.2097000005,
        "y" : 211908.97699999955
      }
    },
    {
      "attributes" : {
        "FID" : 5,
        "PMNTN_SPOT" : 96168,
        "MNTN_CODE" : "467703101",
        "MANAGE_SP1" : "15",
        "MANAGE_SP2" : "훼손지",
        "DETAIL_SPO" : "훼손지",
        "ETC_MATTER" : " ",
        "MNTN_NM" : "동포뒷산",
        "PAST_SPOT_" : "4677031010006",
        "MNTN_ID" : "467703101"
      },
      "geometry" : {
        "x" : 243254.38469999935,
        "y" : 212040.90019999992
      }
    },
    {
      "attributes" : {
        "FID" : 6,
        "PMNTN_SPOT" : 96169,
        "MNTN_CODE" : "467703101",
        "MANAGE_SP1" : "15",
        "MANAGE_SP2" : "훼손지",
        "DETAIL_SPO" : "훼손지",
        "ETC_MATTER" : " ",
        "MNTN_NM" : "동포뒷산",
        "PAST_SPOT_" : "4677031010007",
        "MNTN_ID" : "467703101"
      },
      "geometry" : {
        "x" : 243357.0102999995,
        "y" : 212338.45610000042
      }
    },
    {
      "attributes" : {
        "FID" : 7,
        "PMNTN_SPOT" : 96170,
        "MNTN_CODE" : "467703101",
        "MANAGE_SP1" : "15",
        "MANAGE_SP2" : "훼손지",
        "DETAIL_SPO" : "훼손지",
        "ETC_MATTER" : " ",
        "MNTN_NM" : "동포뒷산",
        "PAST_SPOT_" : "4677031010008",
        "MNTN_ID" : "467703101"
      },
      "geometry" : {
        "x" : 243463.40110000089,
        "y" : 212649.15110000112
      }
    }
  ]
}