{
  "displayFieldName" : "",
  "fieldAliases" : {
    "FID" : "FID",
    "PMNTN_SPOT" : "PMNTN_SPOT",
    "MNTN_CODE" : "MNTN_CODE",
    "MANAGE_SP1" : "MANAGE_SP1",
    "MANAGE_SP2" : "MANAGE_SP2",
    "DETAIL_SPO" : "DETAIL_SPO",
    "ETC_MATTER" : "ETC_MATTER",
    "MNTN_NM" : "MNTN_NM",
    "PAST_SPOT_" : "PAST_SPOT_",
    "MNTN_ID" : "MNTN_ID"
  },
  "geometryType" : "esriGeometryPoint",
  "spatialReference" : {
    "wkt" : "PROJCS[\"PCS_ITRF2000_TM\",GEOGCS[\"GCS_ITRF_2000\",DATUM[\"D_ITRF_2000\",SPHEROID[\"GRS_1980\",6378137.0,298.257222101]],PRIMEM[\"Greenwich\",0.0],UNIT[\"Degree\",0.0174532925199433]],PROJECTION[\"Transverse_Mercator\"],PARAMETER[\"False_Easting\",200000.0],PARAMETER[\"False_Northing\",600000.0],PARAMETER[\"Central_Meridian\",127.0],PARAMETER[\"Scale_Factor\",1.0],PARAMETER[\"Latitude_Of_Origin\",38.0],UNIT[\"Meter\",1.0]]"
  },
  "fields" : [
    {
      "name" : "FID",
      "type" : "esriFieldTypeOID",
      "alias" : "FID"
    },
    {
      "name" : "PMNTN_SPOT",
      "type" : "esriFieldTypeDouble",
      "alias" : "PMNTN_SPOT"
    },
    {
      "name" : "MNTN_CODE",
      "type" : "esriFieldTypeString",
      "alias" : "MNTN_CODE",
      "length" : 9
    },
    {
      "name" : "MANAGE_SP1",
      "type" : "esriFieldTypeString",
      "alias" : "MANAGE_SP1",
      "length" : 2
    },
    {
      "name" : "MANAGE_SP2",
      "type" : "esriFieldTypeString",
      "alias" : "MANAGE_SP2",
      "length" : 50
    },
    {
      "name" : "DETAIL_SPO",
      "type" : "esriFieldTypeString",
      "alias" : "DETAIL_SPO",
      "length" : 200
    },
    {
      "name" : "ETC_MATTER",
      "type" : "esriFieldTypeString",
      "alias" : "ETC_MATTER",
      "length" : 200
    },
    {
      "name" : "MNTN_NM",
      "type" : "esriFieldTypeString",
      "alias" : "MNTN_NM",
      "length" : 50
    },
    {
      "name" : "PAST_SPOT_",
      "type" : "esriFieldTypeString",
      "alias" : "PAST_SPOT_",
      "length" : 14
    },
    {
      "name" : "MNTN_ID",
      "type" : "esriFieldTypeString",
      "alias" : "MNTN_ID",
      "length" : 10
    }
  ],
  "features" : [
    {
      "attributes" : {
        "FID" : 0,
        "PMNTN_SPOT" : 41307,
        "MNTN_CODE" : "418302101",
        "MANAGE_SP1" : "11",
        "MANAGE_SP2" : "안내판또는지도",
        "DETAIL_SPO" : "안내판",
        "ETC_MATTER" : " ",
        "MNTN_NM" : "봉미산",
        "PAST_SPOT_" : "21301321000001",
        "MNTN_ID" : "2130132100"
      },
      "geometry" : {
        "x" : 248003.8208000008,
        "y" : 556891.78409999982
      }
    },
    {
      "attributes" : {
        "FID" : 1,
        "PMNTN_SPOT" : 41308,
        "MNTN_CODE" : "418302101",
        "MANAGE_SP1" : "11",
        "MANAGE_SP2" : "안내판또는지도",
        "DETAIL_SPO" : "안내판",
        "ETC_MATTER" : " ",
        "MNTN_NM" : "봉미산",
        "PAST_SPOT_" : "21301321000002",
        "MNTN_ID" : "2130132100"
      },
      "geometry" : {
        "x" : 249660.43490000069,
        "y" : 555930.83300000057
      }
    },
    {
      "attributes" : {
        "FID" : 2,
        "PMNTN_SPOT" : 41309,
        "MNTN_CODE" : "418302101",
        "MANAGE_SP1" : "10",
        "MANAGE_SP2" : "이정표",
        "DETAIL_SPO" : "이정표",
        "ETC_MATTER" : " ",
        "MNTN_NM" : "봉미산",
        "PAST_SPOT_" : "21301321000003",
        "MNTN_ID" : "2130132100"
      },
      "geometry" : {
        "x" : 249986.25500000082,
        "y" : 556602.03120000102
      }
    },
    {
      "attributes" : {
        "FID" : 3,
        "PMNTN_SPOT" : 41310,
        "MNTN_CODE" : "418302101",
        "MANAGE_SP1" : "10",
        "MANAGE_SP2" : "이정표",
        "DETAIL_SPO" : "이정표",
        "ETC_MATTER" : " ",
        "MNTN_NM" : "봉미산",
        "PAST_SPOT_" : "21301321000004",
        "MNTN_ID" : "2130132100"
      },
      "geometry" : {
        "x" : 250270.91470000148,
        "y" : 556646.42590000108
      }
    },
    {
      "attributes" : {
        "FID" : 4,
        "PMNTN_SPOT" : 41311,
        "MNTN_CODE" : "418302101",
        "MANAGE_SP1" : "10",
        "MANAGE_SP2" : "이정표",
        "DETAIL_SPO" : "이정표",
        "ETC_MATTER" : " ",
        "MNTN_NM" : "봉미산",
        "PAST_SPOT_" : "21301321000005",
        "MNTN_ID" : "2130132100"
      },
      "geometry" : {
        "x" : 250234.49409999978,
        "y" : 557340.94769999944
      }
    },
    {
      "attributes" : {
        "FID" : 5,
        "PMNTN_SPOT" : 41312,
        "MNTN_CODE" : "418302101",
        "MANAGE_SP1" : "10",
        "MANAGE_SP2" : "이정표",
        "DETAIL_SPO" : "이정표",
        "ETC_MATTER" : " ",
        "MNTN_NM" : "봉미산",
        "PAST_SPOT_" : "21301321000006",
        "MNTN_ID" : "2130132100"
      },
      "geometry" : {
        "x" : 250033.2900000019,
        "y" : 557214.25339999981
      }
    },
    {
      "attributes" : {
        "FID" : 6,
        "PMNTN_SPOT" : 41313,
        "MNTN_CODE" : "418302101",
        "MANAGE_SP1" : "10",
        "MANAGE_SP2" : "이정표",
        "DETAIL_SPO" : "이정표",
        "ETC_MATTER" : " ",
        "MNTN_NM" : "봉미산",
        "PAST_SPOT_" : "21301321000007",
        "MNTN_ID" : "2130132100"
      },
      "geometry" : {
        "x" : 249593.20930000022,
        "y" : 557159.70260000043
      }
    },
    {
      "attributes" : {
        "FID" : 7,
        "PMNTN_SPOT" : 41314,
        "MNTN_CODE" : "418302101",
        "MANAGE_SP1" : "02",
        "MANAGE_SP2" : "분기점",
        "DETAIL_SPO" : "이정표",
        "ETC_MATTER" : " ",
        "MNTN_NM" : "봉미산",
        "PAST_SPOT_" : "21301321000008",
        "MNTN_ID" : "2130132100"
      },
      "geometry" : {
        "x" : 249111.82994414959,
        "y" : 557309.23985430598
      }
    },
    {
      "attributes" : {
        "FID" : 8,
        "PMNTN_SPOT" : 41315,
        "MNTN_CODE" : "418302101",
        "MANAGE_SP1" : "10",
        "MANAGE_SP2" : "이정표",
        "DETAIL_SPO" : "이정표",
        "ETC_MATTER" : " ",
        "MNTN_NM" : "봉미산",
        "PAST_SPOT_" : "21301321000009",
        "MNTN_ID" : "2130132100"
      },
      "geometry" : {
        "x" : 248806.5577999996,
        "y" : 556912.24320000038
      }
    },
    {
      "attributes" : {
        "FID" : 9,
        "PMNTN_SPOT" : 41316,
        "MNTN_CODE" : "418302101",
        "MANAGE_SP1" : "99",
        "MANAGE_SP2" : "기타",
        "DETAIL_SPO" : "기타",
        "ETC_MATTER" : "비취농원",
        "MNTN_NM" : "봉미산",
        "PAST_SPOT_" : "21301321000010",
        "MNTN_ID" : "2130132100"
      },
      "geometry" : {
        "x" : 248558.64140000101,
        "y" : 556940.51539999992
      }
    },
    {
      "attributes" : {
        "FID" : 10,
        "PMNTN_SPOT" : 41317,
        "MNTN_CODE" : "418302101",
        "MANAGE_SP1" : "01",
        "MANAGE_SP2" : "시종점",
        "DETAIL_SPO" : "시종점",
        "ETC_MATTER" : "설곡교",
        "MNTN_NM" : "봉미산",
        "PAST_SPOT_" : "21301321000011",
        "MNTN_ID" : "2130132100"
      },
      "geometry" : {
        "x" : 247455.89169999957,
        "y" : 557599.77759999968
      }
    },
    {
      "attributes" : {
        "FID" : 11,
        "PMNTN_SPOT" : 41318,
        "MNTN_CODE" : "418302101",
        "MANAGE_SP1" : "02",
        "MANAGE_SP2" : "분기점",
        "DETAIL_SPO" : "분기점",
        "ETC_MATTER" : " ",
        "MNTN_NM" : "봉미산",
        "PAST_SPOT_" : "21301321000012",
        "MNTN_ID" : "2130132100"
      },
      "geometry" : {
        "x" : 248105.56079999916,
        "y" : 556858.68250000104
      }
    },
    {
      "attributes" : {
        "FID" : 12,
        "PMNTN_SPOT" : 41319,
        "MNTN_CODE" : "418302101",
        "MANAGE_SP1" : "02",
        "MANAGE_SP2" : "분기점",
        "DETAIL_SPO" : "분기점",
        "ETC_MATTER" : " ",
        "MNTN_NM" : "봉미산",
        "PAST_SPOT_" : "21301321000013",
        "MNTN_ID" : "2130132100"
      },
      "geometry" : {
        "x" : 249057.35740000289,
        "y" : 556344.94820000231
      }
    },
    {
      "attributes" : {
        "FID" : 13,
        "PMNTN_SPOT" : 41320,
        "MNTN_CODE" : "418302101",
        "MANAGE_SP1" : "99",
        "MANAGE_SP2" : "기타",
        "DETAIL_SPO" : "임도갈림길",
        "ETC_MATTER" : "봉미산 임도 등산로 입구",
        "MNTN_NM" : "봉미산",
        "PAST_SPOT_" : "21301321000014",
        "MNTN_ID" : "2130132100"
      },
      "geometry" : {
        "x" : 249660.43490000069,
        "y" : 555930.83300000057
      }
    },
    {
      "attributes" : {
        "FID" : 14,
        "PMNTN_SPOT" : 41321,
        "MNTN_CODE" : "418302101",
        "MANAGE_SP1" : "23",
        "MANAGE_SP2" : "정상",
        "DETAIL_SPO" : "정상부,이정표",
        "ETC_MATTER" : " ",
        "MNTN_NM" : "봉미산",
        "PAST_SPOT_" : "21301321000015",
        "MNTN_ID" : "2130132100"
      },
      "geometry" : {
        "x" : 250358.98560000304,
        "y" : 557271.86300000176
      }
    },
    {
      "attributes" : {
        "FID" : 15,
        "PMNTN_SPOT" : 41322,
        "MNTN_CODE" : "418302101",
        "MANAGE_SP1" : "01",
        "MANAGE_SP2" : "시종점",
        "DETAIL_SPO" : "시종점",
        "ETC_MATTER" : " ",
        "MNTN_NM" : "봉미산",
        "PAST_SPOT_" : "21301321000016",
        "MNTN_ID" : "2130132100"
      },
      "geometry" : {
        "x" : 253109.05150000192,
        "y" : 556437.37790000252
      }
    }
  ]
}