{
  "displayFieldName" : "",
  "fieldAliases" : {
    "FID" : "FID",
    "PMNTN_SPOT" : "PMNTN_SPOT",
    "MNTN_CODE" : "MNTN_CODE",
    "MANAGE_SP1" : "MANAGE_SP1",
    "MANAGE_SP2" : "MANAGE_SP2",
    "DETAIL_SPO" : "DETAIL_SPO",
    "ETC_MATTER" : "ETC_MATTER",
    "MNTN_NM" : "MNTN_NM",
    "PAST_SPOT_" : "PAST_SPOT_",
    "MNTN_ID" : "MNTN_ID"
  },
  "geometryType" : "esriGeometryPoint",
  "spatialReference" : {
    "wkt" : "PROJCS[\"PCS_ITRF2000_TM\",GEOGCS[\"GCS_ITRF_2000\",DATUM[\"D_ITRF_2000\",SPHEROID[\"GRS_1980\",6378137.0,298.257222101]],PRIMEM[\"Greenwich\",0.0],UNIT[\"Degree\",0.0174532925199433]],PROJECTION[\"Transverse_Mercator\"],PARAMETER[\"False_Easting\",200000.0],PARAMETER[\"False_Northing\",600000.0],PARAMETER[\"Central_Meridian\",127.0],PARAMETER[\"Scale_Factor\",1.0],PARAMETER[\"Latitude_Of_Origin\",38.0],UNIT[\"Meter\",1.0]]"
  },
  "fields" : [
    {
      "name" : "FID",
      "type" : "esriFieldTypeOID",
      "alias" : "FID"
    },
    {
      "name" : "PMNTN_SPOT",
      "type" : "esriFieldTypeDouble",
      "alias" : "PMNTN_SPOT"
    },
    {
      "name" : "MNTN_CODE",
      "type" : "esriFieldTypeString",
      "alias" : "MNTN_CODE",
      "length" : 9
    },
    {
      "name" : "MANAGE_SP1",
      "type" : "esriFieldTypeString",
      "alias" : "MANAGE_SP1",
      "length" : 2
    },
    {
      "name" : "MANAGE_SP2",
      "type" : "esriFieldTypeString",
      "alias" : "MANAGE_SP2",
      "length" : 50
    },
    {
      "name" : "DETAIL_SPO",
      "type" : "esriFieldTypeString",
      "alias" : "DETAIL_SPO",
      "length" : 200
    },
    {
      "name" : "ETC_MATTER",
      "type" : "esriFieldTypeString",
      "alias" : "ETC_MATTER",
      "length" : 200
    },
    {
      "name" : "MNTN_NM",
      "type" : "esriFieldTypeString",
      "alias" : "MNTN_NM",
      "length" : 50
    },
    {
      "name" : "PAST_SPOT_",
      "type" : "esriFieldTypeString",
      "alias" : "PAST_SPOT_",
      "length" : 14
    },
    {
      "name" : "MNTN_ID",
      "type" : "esriFieldTypeString",
      "alias" : "MNTN_ID",
      "length" : 10
    }
  ],
  "features" : [
    {
      "attributes" : {
        "FID" : 0,
        "PMNTN_SPOT" : 92091,
        "MNTN_CODE" : "414604801",
        "MANAGE_SP1" : "01",
        "MANAGE_SP2" : "시종점",
        "DETAIL_SPO" : "시종점",
        "ETC_MATTER" : " ",
        "MNTN_NM" : "향수산",
        "PAST_SPOT_" : "4146129010001",
        "MNTN_ID" : "414612901"
      },
      "geometry" : {
        "x" : 215911.4403999988,
        "y" : 525332.54900000058
      }
    },
    {
      "attributes" : {
        "FID" : 1,
        "PMNTN_SPOT" : 92092,
        "MNTN_CODE" : "414604801",
        "MANAGE_SP1" : "01",
        "MANAGE_SP2" : "시종점",
        "DETAIL_SPO" : "시종점",
        "ETC_MATTER" : " ",
        "MNTN_NM" : "향수산",
        "PAST_SPOT_" : "4146129010002",
        "MNTN_ID" : "414612901"
      },
      "geometry" : {
        "x" : 216017.93540000264,
        "y" : 525370.91369999945
      }
    },
    {
      "attributes" : {
        "FID" : 2,
        "PMNTN_SPOT" : 92093,
        "MNTN_CODE" : "414604801",
        "MANAGE_SP1" : "02",
        "MANAGE_SP2" : "분기점",
        "DETAIL_SPO" : "분기점",
        "ETC_MATTER" : " ",
        "MNTN_NM" : "향수산",
        "PAST_SPOT_" : "4146129010003",
        "MNTN_ID" : "414612901"
      },
      "geometry" : {
        "x" : 216086.06579999998,
        "y" : 525203.5644000005
      }
    },
    {
      "attributes" : {
        "FID" : 3,
        "PMNTN_SPOT" : 92094,
        "MNTN_CODE" : "414604801",
        "MANAGE_SP1" : "02",
        "MANAGE_SP2" : "분기점",
        "DETAIL_SPO" : "분기점",
        "ETC_MATTER" : " ",
        "MNTN_NM" : "향수산",
        "PAST_SPOT_" : "4146129010004",
        "MNTN_ID" : "414612901"
      },
      "geometry" : {
        "x" : 216121.1230999995,
        "y" : 525151.30900000222
      }
    },
    {
      "attributes" : {
        "FID" : 4,
        "PMNTN_SPOT" : 92095,
        "MNTN_CODE" : "414604801",
        "MANAGE_SP1" : "02",
        "MANAGE_SP2" : "분기점",
        "DETAIL_SPO" : "분기점",
        "ETC_MATTER" : " ",
        "MNTN_NM" : "향수산",
        "PAST_SPOT_" : "4146129010005",
        "MNTN_ID" : "414612901"
      },
      "geometry" : {
        "x" : 216355.941300001,
        "y" : 525435.73670000024
      }
    },
    {
      "attributes" : {
        "FID" : 5,
        "PMNTN_SPOT" : 92096,
        "MNTN_CODE" : "414604801",
        "MANAGE_SP1" : "02",
        "MANAGE_SP2" : "분기점",
        "DETAIL_SPO" : "분기점",
        "ETC_MATTER" : " ",
        "MNTN_NM" : "향수산",
        "PAST_SPOT_" : "4146129010006",
        "MNTN_ID" : "414612901"
      },
      "geometry" : {
        "x" : 216416.58040000219,
        "y" : 525178.55360000394
      }
    },
    {
      "attributes" : {
        "FID" : 6,
        "PMNTN_SPOT" : 92097,
        "MNTN_CODE" : "414604801",
        "MANAGE_SP1" : "01",
        "MANAGE_SP2" : "시종점",
        "DETAIL_SPO" : "시종점",
        "ETC_MATTER" : " ",
        "MNTN_NM" : "향수산",
        "PAST_SPOT_" : "4146129010007",
        "MNTN_ID" : "414612901"
      },
      "geometry" : {
        "x" : 216689.23250000086,
        "y" : 525828.33919999935
      }
    },
    {
      "attributes" : {
        "FID" : 7,
        "PMNTN_SPOT" : 92098,
        "MNTN_CODE" : "414604801",
        "MANAGE_SP1" : "02",
        "MANAGE_SP2" : "분기점",
        "DETAIL_SPO" : "분기점",
        "ETC_MATTER" : " ",
        "MNTN_NM" : "향수산",
        "PAST_SPOT_" : "4146129010008",
        "MNTN_ID" : "414612901"
      },
      "geometry" : {
        "x" : 216732.34929999989,
        "y" : 525420.5877000019
      }
    },
    {
      "attributes" : {
        "FID" : 8,
        "PMNTN_SPOT" : 92099,
        "MNTN_CODE" : "414604801",
        "MANAGE_SP1" : "02",
        "MANAGE_SP2" : "분기점",
        "DETAIL_SPO" : "분기점",
        "ETC_MATTER" : " ",
        "MNTN_NM" : "향수산",
        "PAST_SPOT_" : "4146129010009",
        "MNTN_ID" : "414612901"
      },
      "geometry" : {
        "x" : 216805.07239999995,
        "y" : 525420.52309999987
      }
    },
    {
      "attributes" : {
        "FID" : 9,
        "PMNTN_SPOT" : 92100,
        "MNTN_CODE" : "414604801",
        "MANAGE_SP1" : "02",
        "MANAGE_SP2" : "분기점",
        "DETAIL_SPO" : "분기점",
        "ETC_MATTER" : " ",
        "MNTN_NM" : "향수산",
        "PAST_SPOT_" : "4146129010010",
        "MNTN_ID" : "414612901"
      },
      "geometry" : {
        "x" : 216903.15020000003,
        "y" : 525142.04099999741
      }
    },
    {
      "attributes" : {
        "FID" : 10,
        "PMNTN_SPOT" : 92101,
        "MNTN_CODE" : "414604801",
        "MANAGE_SP1" : "01",
        "MANAGE_SP2" : "시종점",
        "DETAIL_SPO" : "시종점",
        "ETC_MATTER" : " ",
        "MNTN_NM" : "향수산",
        "PAST_SPOT_" : "4146129010011",
        "MNTN_ID" : "414612901"
      },
      "geometry" : {
        "x" : 216962.4998000022,
        "y" : 525773.74259999953
      }
    },
    {
      "attributes" : {
        "FID" : 11,
        "PMNTN_SPOT" : 92102,
        "MNTN_CODE" : "414604801",
        "MANAGE_SP1" : "01",
        "MANAGE_SP2" : "시종점",
        "DETAIL_SPO" : "시종점",
        "ETC_MATTER" : " ",
        "MNTN_NM" : "향수산",
        "PAST_SPOT_" : "4146129010012",
        "MNTN_ID" : "414612901"
      },
      "geometry" : {
        "x" : 217013.43220000062,
        "y" : 525858.40940000117
      }
    },
    {
      "attributes" : {
        "FID" : 12,
        "PMNTN_SPOT" : 92103,
        "MNTN_CODE" : "414604801",
        "MANAGE_SP1" : "02",
        "MANAGE_SP2" : "분기점",
        "DETAIL_SPO" : "분기점",
        "ETC_MATTER" : " ",
        "MNTN_NM" : "향수산",
        "PAST_SPOT_" : "4146129010013",
        "MNTN_ID" : "414612901"
      },
      "geometry" : {
        "x" : 217174.97500000242,
        "y" : 524658.65190000273
      }
    },
    {
      "attributes" : {
        "FID" : 13,
        "PMNTN_SPOT" : 92104,
        "MNTN_CODE" : "414604801",
        "MANAGE_SP1" : "02",
        "MANAGE_SP2" : "분기점",
        "DETAIL_SPO" : "분기점",
        "ETC_MATTER" : " ",
        "MNTN_NM" : "향수산",
        "PAST_SPOT_" : "4146129010014",
        "MNTN_ID" : "414612901"
      },
      "geometry" : {
        "x" : 217268.0942000011,
        "y" : 525284.26239999942
      }
    },
    {
      "attributes" : {
        "FID" : 14,
        "PMNTN_SPOT" : 92105,
        "MNTN_CODE" : "414604801",
        "MANAGE_SP1" : "02",
        "MANAGE_SP2" : "분기점",
        "DETAIL_SPO" : "분기점",
        "ETC_MATTER" : " ",
        "MNTN_NM" : "향수산",
        "PAST_SPOT_" : "4146129010015",
        "MNTN_ID" : "414612901"
      },
      "geometry" : {
        "x" : 217297.19840000011,
        "y" : 525185.70500000007
      }
    },
    {
      "attributes" : {
        "FID" : 15,
        "PMNTN_SPOT" : 92106,
        "MNTN_CODE" : "414604801",
        "MANAGE_SP1" : "01",
        "MANAGE_SP2" : "시종점",
        "DETAIL_SPO" : "시종점",
        "ETC_MATTER" : " ",
        "MNTN_NM" : "향수산",
        "PAST_SPOT_" : "4146129010016",
        "MNTN_ID" : "414612901"
      },
      "geometry" : {
        "x" : 217361.36000000034,
        "y" : 526243.6435000021
      }
    },
    {
      "attributes" : {
        "FID" : 16,
        "PMNTN_SPOT" : 92107,
        "MNTN_CODE" : "414604801",
        "MANAGE_SP1" : "02",
        "MANAGE_SP2" : "분기점",
        "DETAIL_SPO" : "분기점",
        "ETC_MATTER" : " ",
        "MNTN_NM" : "향수산",
        "PAST_SPOT_" : "4146129010017",
        "MNTN_ID" : "414612901"
      },
      "geometry" : {
        "x" : 217436.04740000051,
        "y" : 524964.63110000268
      }
    },
    {
      "attributes" : {
        "FID" : 17,
        "PMNTN_SPOT" : 92108,
        "MNTN_CODE" : "414604801",
        "MANAGE_SP1" : "02",
        "MANAGE_SP2" : "분기점",
        "DETAIL_SPO" : "분기점",
        "ETC_MATTER" : " ",
        "MNTN_NM" : "향수산",
        "PAST_SPOT_" : "4146129010018",
        "MNTN_ID" : "414612901"
      },
      "geometry" : {
        "x" : 217850.43120000046,
        "y" : 525313.36470000446
      }
    },
    {
      "attributes" : {
        "FID" : 18,
        "PMNTN_SPOT" : 92109,
        "MNTN_CODE" : "414604801",
        "MANAGE_SP1" : "02",
        "MANAGE_SP2" : "분기점",
        "DETAIL_SPO" : "분기점",
        "ETC_MATTER" : " ",
        "MNTN_NM" : "향수산",
        "PAST_SPOT_" : "4161028010019",
        "MNTN_ID" : "416102801"
      },
      "geometry" : {
        "x" : 217884.49210000038,
        "y" : 525474.05240000226
      }
    },
    {
      "attributes" : {
        "FID" : 19,
        "PMNTN_SPOT" : 92110,
        "MNTN_CODE" : "414604801",
        "MANAGE_SP1" : "02",
        "MANAGE_SP2" : "분기점",
        "DETAIL_SPO" : "분기점",
        "ETC_MATTER" : " ",
        "MNTN_NM" : "향수산",
        "PAST_SPOT_" : "4161028010020",
        "MNTN_ID" : "416102801"
      },
      "geometry" : {
        "x" : 217915.62460000161,
        "y" : 525508.2042999994
      }
    },
    {
      "attributes" : {
        "FID" : 20,
        "PMNTN_SPOT" : 92111,
        "MNTN_CODE" : "414604801",
        "MANAGE_SP1" : "02",
        "MANAGE_SP2" : "분기점",
        "DETAIL_SPO" : "분기점",
        "ETC_MATTER" : " ",
        "MNTN_NM" : "향수산",
        "PAST_SPOT_" : "4161028010021",
        "MNTN_ID" : "416102801"
      },
      "geometry" : {
        "x" : 217979.33640000131,
        "y" : 525571.9160999991
      }
    },
    {
      "attributes" : {
        "FID" : 21,
        "PMNTN_SPOT" : 92112,
        "MNTN_CODE" : "414604801",
        "MANAGE_SP1" : "02",
        "MANAGE_SP2" : "분기점",
        "DETAIL_SPO" : "분기점",
        "ETC_MATTER" : " ",
        "MNTN_NM" : "향수산",
        "PAST_SPOT_" : "4161028010022",
        "MNTN_ID" : "416102801"
      },
      "geometry" : {
        "x" : 218118.66050000023,
        "y" : 525653.45030000061
      }
    },
    {
      "attributes" : {
        "FID" : 22,
        "PMNTN_SPOT" : 92113,
        "MNTN_CODE" : "414604801",
        "MANAGE_SP1" : "01",
        "MANAGE_SP2" : "시종점",
        "DETAIL_SPO" : "시종점",
        "ETC_MATTER" : " ",
        "MNTN_NM" : "향수산",
        "PAST_SPOT_" : "4161028010023",
        "MNTN_ID" : "416102801"
      },
      "geometry" : {
        "x" : 218183.0987000037,
        "y" : 526167.53160000034
      }
    },
    {
      "attributes" : {
        "FID" : 23,
        "PMNTN_SPOT" : 92114,
        "MNTN_CODE" : "414604801",
        "MANAGE_SP1" : "02",
        "MANAGE_SP2" : "분기점",
        "DETAIL_SPO" : "분기점",
        "ETC_MATTER" : " ",
        "MNTN_NM" : "향수산",
        "PAST_SPOT_" : "4146129010024",
        "MNTN_ID" : "414612901"
      },
      "geometry" : {
        "x" : 218243.42380000371,
        "y" : 525656.3554999996
      }
    },
    {
      "attributes" : {
        "FID" : 24,
        "PMNTN_SPOT" : 92115,
        "MNTN_CODE" : "414604801",
        "MANAGE_SP1" : "02",
        "MANAGE_SP2" : "분기점",
        "DETAIL_SPO" : "분기점",
        "ETC_MATTER" : " ",
        "MNTN_NM" : "향수산",
        "PAST_SPOT_" : "4161028010025",
        "MNTN_ID" : "416102801"
      },
      "geometry" : {
        "x" : 218251.2228000015,
        "y" : 525691.19050000235
      }
    },
    {
      "attributes" : {
        "FID" : 25,
        "PMNTN_SPOT" : 92116,
        "MNTN_CODE" : "414604801",
        "MANAGE_SP1" : "02",
        "MANAGE_SP2" : "분기점",
        "DETAIL_SPO" : "분기점",
        "ETC_MATTER" : " ",
        "MNTN_NM" : "향수산",
        "PAST_SPOT_" : "4161028010026",
        "MNTN_ID" : "416102801"
      },
      "geometry" : {
        "x" : 218310.61910000164,
        "y" : 525707.12690000236
      }
    },
    {
      "attributes" : {
        "FID" : 26,
        "PMNTN_SPOT" : 92117,
        "MNTN_CODE" : "414604801",
        "MANAGE_SP1" : "01",
        "MANAGE_SP2" : "시종점",
        "DETAIL_SPO" : "시종점",
        "ETC_MATTER" : " ",
        "MNTN_NM" : "향수산",
        "PAST_SPOT_" : "4146129010027",
        "MNTN_ID" : "414612901"
      },
      "geometry" : {
        "x" : 218332.18020000122,
        "y" : 524225.02400000393
      }
    },
    {
      "attributes" : {
        "FID" : 27,
        "PMNTN_SPOT" : 92118,
        "MNTN_CODE" : "414604801",
        "MANAGE_SP1" : "02",
        "MANAGE_SP2" : "분기점",
        "DETAIL_SPO" : "분기점",
        "ETC_MATTER" : " ",
        "MNTN_NM" : "향수산",
        "PAST_SPOT_" : "4146129010028",
        "MNTN_ID" : "414612901"
      },
      "geometry" : {
        "x" : 218341.01640000101,
        "y" : 525614.90620000102
      }
    },
    {
      "attributes" : {
        "FID" : 28,
        "PMNTN_SPOT" : 92119,
        "MNTN_CODE" : "414604801",
        "MANAGE_SP1" : "02",
        "MANAGE_SP2" : "분기점",
        "DETAIL_SPO" : "분기점",
        "ETC_MATTER" : " ",
        "MNTN_NM" : "향수산",
        "PAST_SPOT_" : "4146129010029",
        "MNTN_ID" : "414612901"
      },
      "geometry" : {
        "x" : 218474.21410000045,
        "y" : 525761.56980000064
      }
    },
    {
      "attributes" : {
        "FID" : 29,
        "PMNTN_SPOT" : 92120,
        "MNTN_CODE" : "414604801",
        "MANAGE_SP1" : "02",
        "MANAGE_SP2" : "분기점",
        "DETAIL_SPO" : "분기점",
        "ETC_MATTER" : " ",
        "MNTN_NM" : "향수산",
        "PAST_SPOT_" : "4146129010030",
        "MNTN_ID" : "414612901"
      },
      "geometry" : {
        "x" : 218635.12430000119,
        "y" : 525451.94860000163
      }
    },
    {
      "attributes" : {
        "FID" : 30,
        "PMNTN_SPOT" : 92121,
        "MNTN_CODE" : "414604801",
        "MANAGE_SP1" : "01",
        "MANAGE_SP2" : "시종점",
        "DETAIL_SPO" : "시종점",
        "ETC_MATTER" : " ",
        "MNTN_NM" : "향수산",
        "PAST_SPOT_" : "4146129010031",
        "MNTN_ID" : "414612901"
      },
      "geometry" : {
        "x" : 218704.39250000101,
        "y" : 523090.92960000038
      }
    },
    {
      "attributes" : {
        "FID" : 31,
        "PMNTN_SPOT" : 92122,
        "MNTN_CODE" : "414604801",
        "MANAGE_SP1" : "01",
        "MANAGE_SP2" : "시종점",
        "DETAIL_SPO" : "시종점",
        "ETC_MATTER" : " ",
        "MNTN_NM" : "향수산",
        "PAST_SPOT_" : "4161028010032",
        "MNTN_ID" : "416102801"
      },
      "geometry" : {
        "x" : 218735.72880000155,
        "y" : 526724.65500000119
      }
    },
    {
      "attributes" : {
        "FID" : 32,
        "PMNTN_SPOT" : 92123,
        "MNTN_CODE" : "414604801",
        "MANAGE_SP1" : "02",
        "MANAGE_SP2" : "분기점",
        "DETAIL_SPO" : "분기점",
        "ETC_MATTER" : " ",
        "MNTN_NM" : "향수산",
        "PAST_SPOT_" : "4161028010033",
        "MNTN_ID" : "416102801"
      },
      "geometry" : {
        "x" : 218782.38100000285,
        "y" : 526475.62849999964
      }
    },
    {
      "attributes" : {
        "FID" : 33,
        "PMNTN_SPOT" : 92124,
        "MNTN_CODE" : "414604801",
        "MANAGE_SP1" : "02",
        "MANAGE_SP2" : "분기점",
        "DETAIL_SPO" : "분기점",
        "ETC_MATTER" : " ",
        "MNTN_NM" : "향수산",
        "PAST_SPOT_" : "4161028010034",
        "MNTN_ID" : "416102801"
      },
      "geometry" : {
        "x" : 218783.14220000338,
        "y" : 526620.19730000012
      }
    },
    {
      "attributes" : {
        "FID" : 34,
        "PMNTN_SPOT" : 92125,
        "MNTN_CODE" : "414604801",
        "MANAGE_SP1" : "01",
        "MANAGE_SP2" : "시종점",
        "DETAIL_SPO" : "시종점",
        "ETC_MATTER" : " ",
        "MNTN_NM" : "향수산",
        "PAST_SPOT_" : "4146129010035",
        "MNTN_ID" : "414612901"
      },
      "geometry" : {
        "x" : 218791.11240000091,
        "y" : 525381.71749999933
      }
    },
    {
      "attributes" : {
        "FID" : 35,
        "PMNTN_SPOT" : 92126,
        "MNTN_CODE" : "414604801",
        "MANAGE_SP1" : "01",
        "MANAGE_SP2" : "시종점",
        "DETAIL_SPO" : "시종점",
        "ETC_MATTER" : " ",
        "MNTN_NM" : "향수산",
        "PAST_SPOT_" : "4161028010036",
        "MNTN_ID" : "416102801"
      },
      "geometry" : {
        "x" : 218847.59480000008,
        "y" : 526636.49569999985
      }
    },
    {
      "attributes" : {
        "FID" : 36,
        "PMNTN_SPOT" : 92127,
        "MNTN_CODE" : "414604801",
        "MANAGE_SP1" : "01",
        "MANAGE_SP2" : "시종점",
        "DETAIL_SPO" : "시종점",
        "ETC_MATTER" : " ",
        "MNTN_NM" : "향수산",
        "PAST_SPOT_" : "4146129010037",
        "MNTN_ID" : "414612901"
      },
      "geometry" : {
        "x" : 218965.38760000281,
        "y" : 526507.59039999917
      }
    },
    {
      "attributes" : {
        "FID" : 37,
        "PMNTN_SPOT" : 92128,
        "MNTN_CODE" : "414604801",
        "MANAGE_SP1" : "01",
        "MANAGE_SP2" : "시종점",
        "DETAIL_SPO" : "시종점",
        "ETC_MATTER" : " ",
        "MNTN_NM" : "향수산",
        "PAST_SPOT_" : "4146129010038",
        "MNTN_ID" : "414612901"
      },
      "geometry" : {
        "x" : 218987.16900000256,
        "y" : 525366.63620000146
      }
    }
  ]
}