{
  "displayFieldName" : "",
  "fieldAliases" : {
    "FID" : "FID",
    "PMNTN_SN" : "PMNTN_SN",
    "MNTN_CODE" : "MNTN_CODE",
    "MNTN_NM" : "MNTN_NM",
    "PMNTN_NM" : "PMNTN_NM",
    "PMNTN_MAIN" : "PMNTN_MAIN",
    "PMNTN_LT" : "PMNTN_LT",
    "PMNTN_DFFL" : "PMNTN_DFFL",
    "PMNTN_UPPL" : "PMNTN_UPPL",
    "PMNTN_GODN" : "PMNTN_GODN",
    "PMNTN_MTRQ" : "PMNTN_MTRQ",
    "PMNTN_CNRL" : "PMNTN_CNRL",
    "PMNTN_CLS_" : "PMNTN_CLS_",
    "PMNTN_RISK" : "PMNTN_RISK",
    "PMNTN_RECO" : "PMNTN_RECO",
    "DATA_STDR_" : "DATA_STDR_",
    "MNTN_ID" : "MNTN_ID"
  },
  "geometryType" : "esriGeometryPolyline",
  "spatialReference" : {
    "wkt" : "PROJCS[\"PCS_ITRF2000_TM\",GEOGCS[\"GCS_ITRF_2000\",DATUM[\"D_ITRF_2000\",SPHEROID[\"GRS_1980\",6378137.0,298.257222101]],PRIMEM[\"Greenwich\",0.0],UNIT[\"Degree\",0.0174532925199433]],PROJECTION[\"Transverse_Mercator\"],PARAMETER[\"False_Easting\",200000.0],PARAMETER[\"False_Northing\",600000.0],PARAMETER[\"Central_Meridian\",127.0],PARAMETER[\"Scale_Factor\",1.0],PARAMETER[\"Latitude_Of_Origin\",38.0],UNIT[\"Meter\",1.0]]"
  },
  "fields" : [
    {
      "name" : "FID",
      "type" : "esriFieldTypeOID",
      "alias" : "FID"
    },
    {
      "name" : "PMNTN_SN",
      "type" : "esriFieldTypeDouble",
      "alias" : "PMNTN_SN"
    },
    {
      "name" : "MNTN_CODE",
      "type" : "esriFieldTypeString",
      "alias" : "MNTN_CODE",
      "length" : 9
    },
    {
      "name" : "MNTN_NM",
      "type" : "esriFieldTypeString",
      "alias" : "MNTN_NM",
      "length" : 50
    },
    {
      "name" : "PMNTN_NM",
      "type" : "esriFieldTypeString",
      "alias" : "PMNTN_NM",
      "length" : 50
    },
    {
      "name" : "PMNTN_MAIN",
      "type" : "esriFieldTypeString",
      "alias" : "PMNTN_MAIN",
      "length" : 200
    },
    {
      "name" : "PMNTN_LT",
      "type" : "esriFieldTypeSingle",
      "alias" : "PMNTN_LT"
    },
    {
      "name" : "PMNTN_DFFL",
      "type" : "esriFieldTypeString",
      "alias" : "PMNTN_DFFL",
      "length" : 8
    },
    {
      "name" : "PMNTN_UPPL",
      "type" : "esriFieldTypeDouble",
      "alias" : "PMNTN_UPPL"
    },
    {
      "name" : "PMNTN_GODN",
      "type" : "esriFieldTypeDouble",
      "alias" : "PMNTN_GODN"
    },
    {
      "name" : "PMNTN_MTRQ",
      "type" : "esriFieldTypeString",
      "alias" : "PMNTN_MTRQ",
      "length" : 200
    },
    {
      "name" : "PMNTN_CNRL",
      "type" : "esriFieldTypeString",
      "alias" : "PMNTN_CNRL",
      "length" : 1
    },
    {
      "name" : "PMNTN_CLS_",
      "type" : "esriFieldTypeString",
      "alias" : "PMNTN_CLS_",
      "length" : 1
    },
    {
      "name" : "PMNTN_RISK",
      "type" : "esriFieldTypeString",
      "alias" : "PMNTN_RISK",
      "length" : 200
    },
    {
      "name" : "PMNTN_RECO",
      "type" : "esriFieldTypeString",
      "alias" : "PMNTN_RECO",
      "length" : 1
    },
    {
      "name" : "DATA_STDR_",
      "type" : "esriFieldTypeString",
      "alias" : "DATA_STDR_",
      "length" : 10
    },
    {
      "name" : "MNTN_ID",
      "type" : "esriFieldTypeString",
      "alias" : "MNTN_ID",
      "length" : 10
    }
  ],
  "features" : [
    {
      "attributes" : {
        "FID" : 0,
        "PMNTN_SN" : 33907,
        "MNTN_CODE" : "488904401",
        "MNTN_NM" : "승비산",
        "PMNTN_NM" : "양산리구간",
        "PMNTN_MAIN" : " ",
        "PMNTN_LT" : 0.83,
        "PMNTN_DFFL" : "쉬움",
        "PMNTN_UPPL" : 15,
        "PMNTN_GODN" : 10,
        "PMNTN_MTRQ" : " ",
        "PMNTN_CNRL" : " ",
        "PMNTN_CLS_" : " ",
        "PMNTN_RISK" : " ",
        "PMNTN_RECO" : " ",
        "DATA_STDR_" : "2016-12-31",
        "MNTN_ID" : "488904401"
      },
      "geometry" : {
        "paths" : [
          [
            [
              305050.79640000034,
              323967.77260000072
            ],
            [
              305055.11330000125,
              323970.50330000184
            ],
            [
              305059.52960000094,
              323972.9897000026
            ],
            [
              305064.04530000035,
              323975.23200000264
            ],
            [
              305068.66029999964,
              323977.22990000062
            ],
            [
              305073.85360000189,
              323979.00219999999
            ],
            [
              305086.52419999987,
              323982.48399999924
            ],
            [
              305107.54059999995,
              323989.83970000222
            ],
            [
              305117.51009999961,
              323992.89640000463
            ],
            [
              305127.55929999985,
              323995.70490000024
            ],
            [
              305171.64040000085,
              324001.39870000444
            ],
            [
              305201.06329999957,
              324005.60200000182
            ],
            [
              305229.4354000017,
              324008.75450000167
            ],
            [
              305234.00739999954,
              324009.52200000174
            ],
            [
              305244.27380000055,
              324011.79040000029
            ],
            [
              305248.8116999995,
              324012.61639999971
            ],
            [
              305253.58280000184,
              324013.07990000397
            ],
            [
              305257.80740000028,
              324012.95770000108
            ],
            [
              305262.34170000069,
              324012.15799999982
            ],
            [
              305267.34500000067,
              324010.62790000252
            ],
            [
              305271.94530000165,
              324008.80470000394
            ],
            [
              305284.07780000009,
              324003.50039999932
            ],
            [
              305289.31500000134,
              324001.25120000355
            ],
            [
              305295.04040000029,
              323998.4757000003
            ],
            [
              305313.75960000139,
              323988.40479999967
            ],
            [
              305320.79949999973,
              323984.83730000257
            ],
            [
              305327.91669999994,
              323981.68960000202
            ],
            [
              305334.51709999982,
              323979.33160000108
            ],
            [
              305340.53519999981,
              323977.66590000317
            ],
            [
              305355.533400001,
              323974.07750000432
            ],
            [
              305377.60060000047,
              323967.77260000072
            ],
            [
              305391.7676999988,
              323964.15430000052
            ],
            [
              305396.4654000001,
              323963.18470000289
            ],
            [
              305400.71860000025,
              323962.5185000021
            ],
            [
              305408.52550000045,
              323961.77410000004
            ],
            [
              305416.45760000031,
              323961.52480000071
            ],
            [
              305424.40190000087,
              323961.77410000004
            ],
            [
              305432.24310000055,
              323962.5185000021
            ],
            [
              305442.4879999999,
              323963.82120000385
            ],
            [
              305448.70670000091,
              323965.00139999948
            ],
            [
              305454.09570000041,
              323966.65730000101
            ],
            [
              305457.46440000087,
              323968.24780000187
            ],
            [
              305461.61120000202,
              323971.05059999973
            ],
            [
              305466.752700001,
              323975.97740000114
            ],
            [
              305470.89120000135,
              323981.15180000104
            ],
            [
              305475.32660000119,
              323987.73810000159
            ],
            [
              305477.06120000128,
              323990.83670000173
            ],
            [
              305478.67190000135,
              323994.45940000191
            ],
            [
              305483.48310000077,
              324008.43760000169
            ],
            [
              305485.83480000123,
              324014.00850000046
            ],
            [
              305489.87160000112,
              324022.26880000159
            ],
            [
              305492.31099999975,
              324026.80640000105
            ],
            [
              305494.84040000103,
              324030.77820000239
            ],
            [
              305497.39370000176,
              324033.97410000116
            ],
            [
              305500.00729999971,
              324036.40919999965
            ],
            [
              305503.08380000107,
              324038.48080000095
            ],
            [
              305506.65620000102,
              324040.21190000139
            ],
            [
              305510.79590000026,
              324041.63759999909
            ],
            [
              305514.65030000079,
              324042.59810000099
            ],
            [
              305519.12520000059,
              324043.42720000446
            ],
            [
              305535.09090000018,
              324045.50750000402
            ],
            [
              305541.19950000104,
              324046.51349999942
            ],
            [
              305547.07330000028,
              324047.93640000001
            ],
            [
              305552.03620000184,
              324049.73630000092
            ],
            [
              305562.34810000006,
              324054.36749999784
            ],
            [
              305569.67459999956,
              324058.02590000071
            ],
            [
              305576.01690000016,
              324061.71030000225
            ],
            [
              305581.45909999963,
              324065.49860000424
            ],
            [
              305583.67850000132,
              324067.37250000238
            ],
            [
              305586.00250000134,
              324069.6743000038
            ],
            [
              305595.48620000109,
              324080.31640000455
            ],
            [
              305597.96020000149,
              324082.59550000168
            ],
            [
              305600.37380000018,
              324084.41330000013
            ],
            [
              305603.82309999969,
              324086.42390000075
            ],
            [
              305607.92349999957,
              324088.2694000043
            ],
            [
              305621.8590000011,
              324093.03590000235
            ],
            [
              305626.64430000074,
              324094.92149999924
            ],
            [
              305641.3423000006,
              324100.99980000034
            ],
            [
              305647.42370000016,
              324103.78900000267
            ],
            [
              305653.33510000072,
              324107.11880000308
            ],
            [
              305655.87070000079,
              324108.86130000278
            ],
            [
              305659.11820000038,
              324111.60050000064
            ],
            [
              305661.99810000136,
              324114.81100000255
            ],
            [
              305667.63040000107,
              324122.89039999992
            ],
            [
              305669.68560000043,
              324125.57600000128
            ],
            [
              305672.8646999998,
              324128.72279999964
            ],
            [
              305677.37440000195,
              324131.58970000222
            ],
            [
              305681.58800000139,
              324133.26850000396
            ],
            [
              305685.800400001,
              324134.49960000254
            ],
            [
              305695.31740000006,
              324136.84750000015
            ],
            [
              305699.15070000105,
              324138.00500000268
            ],
            [
              305713.89759999979,
              324142.10410000384
            ],
            [
              305717.43780000228,
              324143.60390000045
            ],
            [
              305721.13800000027,
              324146.31259999983
            ],
            [
              305723.76659999974,
              324149.61820000224
            ],
            [
              305725.15750000067,
              324152.44510000013
            ],
            [
              305726.30869999994,
              324155.79959999956
            ],
            [
              305727.65840000007,
              324162.01569999941
            ],
            [
              305729.56030000094,
              324176.27199999988
            ],
            [
              305730.67520000041,
              324182.13930000179
            ],
            [
              305731.24550000113,
              324185.00900000148
            ],
            [
              305731.69560000021,
              324188.48090000078
            ],
            [
              305732.80289999954,
              324204.45250000432
            ],
            [
              305733.64190000109,
              324210.6742000021
            ],
            [
              305734.40280000027,
              324213.51060000062
            ],
            [
              305735.75430000108,
              324216.18850000203
            ],
            [
              305738.03089999966,
              324217.86710000224
            ]
          ]
        ]
      }
    },
    {
      "attributes" : {
        "FID" : 1,
        "PMNTN_SN" : 33908,
        "MNTN_CODE" : "488904401",
        "MNTN_NM" : "승비산",
        "PMNTN_NM" : " ",
        "PMNTN_MAIN" : " ",
        "PMNTN_LT" : 0.99,
        "PMNTN_DFFL" : "쉬움",
        "PMNTN_UPPL" : 17,
        "PMNTN_GODN" : 12,
        "PMNTN_MTRQ" : " ",
        "PMNTN_CNRL" : " ",
        "PMNTN_CLS_" : " ",
        "PMNTN_RISK" : " ",
        "PMNTN_RECO" : " ",
        "DATA_STDR_" : "2016-12-31",
        "MNTN_ID" : "488904401"
      },
      "geometry" : {
        "paths" : [
          [
            [
              305738.03089999966,
              324217.86710000224
            ],
            [
              305741.43319999985,
              324217.631500002
            ],
            [
              305744.08820000011,
              324216.56840000115
            ],
            [
              305747.73670000117,
              324214.47590000182
            ],
            [
              305757.88650000188,
              324207.90300000086
            ],
            [
              305762.00169999991,
              324205.79830000177
            ],
            [
              305769.11420000158,
              324203.39660000242
            ],
            [
              305775.82319999952,
              324201.80270000175
            ],
            [
              305782.17360000033,
              324200.62720000185
            ],
            [
              305798.97830000054,
              324197.90160000138
            ],
            [
              305806.84649999999,
              324196.6379000023
            ],
            [
              305827.50890000071,
              324193.83230000176
            ],
            [
              305833.54090000037,
              324192.77279999852
            ],
            [
              305838.90930000041,
              324191.59659999795
            ],
            [
              305848.34119999968,
              324189.07960000262
            ],
            [
              305857.82210000139,
              324186.12860000134
            ],
            [
              305867.30569999944,
              324182.75809999742
            ],
            [
              305876.7388000004,
              324178.98680000193
            ],
            [
              305883.79540000018,
              324175.65210000239
            ],
            [
              305899.2312000012,
              324167.42080000043
            ],
            [
              305906.16160000023,
              324164.27540000342
            ],
            [
              305909.82950000186,
              324162.9570000004
            ],
            [
              305914.02020000108,
              324161.73310000263
            ],
            [
              305928.0318,
              324158.47279999964
            ],
            [
              305933.04300000053,
              324157.14700000174
            ],
            [
              305937.77599999961,
              324155.5634000022
            ],
            [
              305941.88939999975,
              324153.76720000245
            ],
            [
              305946.05090000108,
              324151.49870000221
            ],
            [
              305950.53830000013,
              324148.67210000008
            ],
            [
              305963.95660000108,
              324139.05579999834
            ],
            [
              305968.0448000012,
              324135.83750000224
            ],
            [
              305976.10050000064,
              324128.67680000141
            ],
            [
              305979.59399999958,
              324125.79170000181
            ],
            [
              305983.43140000012,
              324123.11620000191
            ],
            [
              305987.07460000087,
              324121.19189999998
            ],
            [
              305990.9422000004,
              324119.6817000024
            ],
            [
              305995.08629999962,
              324118.42369999923
            ],
            [
              305999.44550000224,
              324117.43660000153
            ],
            [
              306003.94600000139,
              324116.73740000278
            ],
            [
              306008.51290000044,
              324116.33790000342
            ],
            [
              306013.05770000163,
              324116.24640000053
            ],
            [
              306017.49660000112,
              324116.46460000053
            ],
            [
              306021.75150000025,
              324116.9886000026
            ],
            [
              306024.68140000105,
              324117.57359999977
            ],
            [
              306027.71399999969,
              324118.39069999941
            ],
            [
              306034.12810000032,
              324120.7330000028
            ],
            [
              306041.07760000043,
              324124.03810000047
            ],
            [
              306049.0728000002,
              324128.54759999923
            ],
            [
              306053.76559999958,
              324131.65799999982
            ],
            [
              306058.73870000057,
              324135.56479999796
            ],
            [
              306075.3432,
              324150.61480000056
            ],
            [
              306078.14219999965,
              324153.30849999748
            ],
            [
              306084.64200000092,
              324160.49609999917
            ],
            [
              306087.65970000159,
              324163.47369999997
            ],
            [
              306092.23970000073,
              324166.56650000252
            ],
            [
              306097.48590000067,
              324167.89140000381
            ],
            [
              306102.4982000012,
              324167.48580000177
            ],
            [
              306109.28309999965,
              324165.63530000113
            ],
            [
              306121.57919999957,
              324161.1229000017
            ],
            [
              306127.00210000016,
              324158.98630000278
            ],
            [
              306139.89590000082,
              324152.81740000099
            ],
            [
              306143.48810000066,
              324151.48640000261
            ],
            [
              306146.79880000092,
              324150.61480000056
            ],
            [
              306155.86280000024,
              324149.10229999945
            ],
            [
              306159.80730000045,
              324148.73090000078
            ],
            [
              306163.43830000143,
              324148.6074000001
            ],
            [
              306166.79770000093,
              324148.73260000162
            ],
            [
              306169.86969999969,
              324149.10850000195
            ],
            [
              306173.91550000012,
              324150.17530000024
            ],
            [
              306178.0633000005,
              324152.28409999982
            ],
            [
              306180.92550000083,
              324154.84840000235
            ],
            [
              306183.55989999976,
              324157.95050000027
            ],
            [
              306190.53630000167,
              324167.20800000057
            ],
            [
              306192.86119999923,
              324169.70550000109
            ],
            [
              306195.13640000205,
              324171.63110000268
            ],
            [
              306200.45230000187,
              324175.40590000153
            ],
            [
              306204.54720000178,
              324177.94749999978
            ],
            [
              306208.36050000042,
              324179.83910000138
            ],
            [
              306213.9338999996,
              324181.33469999954
            ],
            [
              306224.39399999939,
              324181.27910000086
            ],
            [
              306227.18589999992,
              324182.79000000097
            ],
            [
              306228.23419999983,
              324186.83250000142
            ],
            [
              306227.95730000082,
              324196.05870000273
            ],
            [
              306228.48380000051,
              324199.14090000279
            ],
            [
              306230.31480000075,
              324202.37340000272
            ],
            [
              306233.41070000175,
              324205.29659999907
            ],
            [
              306238.22350000218,
              324208.30599999987
            ],
            [
              306247.83569999877,
              324213.18310000189
            ],
            [
              306251.8805000009,
              324215.76540000178
            ],
            [
              306255.35150000174,
              324218.54710000008
            ],
            [
              306263.85840000212,
              324225.84689999931
            ],
            [
              306268.69359999988,
              324229.4261000026
            ],
            [
              306274.04150000215,
              324232.8208000008
            ],
            [
              306278.51659999974,
              324235.36910000257
            ],
            [
              306282.66040000133,
              324237.37850000151
            ],
            [
              306286.55750000197,
              324238.88340000436
            ],
            [
              306290.60780000221,
              324239.90650000423
            ],
            [
              306295.27400000114,
              324240.47040000185
            ],
            [
              306299.85700000077,
              324240.62710000388
            ],
            [
              306311.20440000016,
              324240.57660000026
            ],
            [
              306317.03120000102,
              324240.98509999923
            ],
            [
              306326.9467999991,
              324242.4392000027
            ],
            [
              306335.94589999877,
              324244.13750000112
            ],
            [
              306349.07720000111,
              324246.2611999996
            ],
            [
              306354.09509999957,
              324247.37410000153
            ],
            [
              306357.70900000073,
              324248.66929999739
            ],
            [
              306361.4355000006,
              324250.8666999992
            ],
            [
              306364.50899999961,
              324254.37530000135
            ],
            [
              306366.42830000073,
              324258.06830000132
            ],
            [
              306367.47730000038,
              324261.10650000349
            ],
            [
              306368.31920000073,
              324264.38580000028
            ],
            [
              306369.0532000009,
              324268.19279999845
            ],
            [
              306370.62289999984,
              324279.86530000158
            ],
            [
              306370.90990000032,
              324282.90170000121
            ],
            [
              306371.00370000023,
              324286.29000000097
            ],
            [
              306370.5111999996,
              324299.49520000257
            ],
            [
              306370.62289999984,
              324305.0848999992
            ],
            [
              306370.8843000019,
              324316.28460000269
            ],
            [
              306371.24270000216,
              324320.68050000072
            ],
            [
              306371.91629999876,
              324323.92349999957
            ],
            [
              306373.33750000037,
              324327.43490000255
            ],
            [
              306376.48380000051,
              324330.82700000145
            ],
            [
              306380.33690000139,
              324333.10160000436
            ],
            [
              306388.64090000186,
              324336.88340000249
            ],
            [
              306391.80860000011,
              324339.02360000275
            ],
            [
              306395.01620000135,
              324342.40099999867
            ],
            [
              306397.15160000045,
              324345.4570000004
            ],
            [
              306399.09970000014,
              324348.93490000255
            ],
            [
              306400.86640000064,
              324352.84520000033
            ],
            [
              306402.44629999995,
              324357.16500000097
            ],
            [
              306403.86880000122,
              324361.96280000173
            ],
            [
              306405.15030000079,
              324367.28820000216
            ],
            [
              306406.35060000047,
              324373.38800000213
            ],
            [
              306408.26520000026,
              324383.55090000108
            ],
            [
              306408.91190000065,
              324390.51610000245
            ],
            [
              306408.40780000016,
              324394.52370000072
            ],
            [
              306405.60770000052,
              324397.38709999993
            ],
            [
              306401.45720000006,
              324397.9477000013
            ],
            [
              306397.2918999996,
              324397.32340000011
            ],
            [
              306386.23630000092,
              324394.91919999942
            ],
            [
              306382.29880000092,
              324394.46660000272
            ],
            [
              306373.17970000114,
              324394.24100000225
            ],
            [
              306369.64090000186,
              324394.31739999913
            ],
            [
              306366.19369999971,
              324394.70780000277
            ],
            [
              306363.26709999982,
              324395.45519999973
            ],
            [
              306360.33530000038,
              324396.8291000016
            ],
            [
              306357.31610000227,
              324398.97710000165
            ],
            [
              306354.62179999985,
              324401.41130000167
            ],
            [
              306348.50329999905,
              324407.52940000035
            ],
            [
              306345.40319999959,
              324410.16660000198
            ],
            [
              306336.24540000036,
              324416.78840000182
            ],
            [
              306327.45030000061,
              324422.32570000179
            ],
            [
              306323.57299999986,
              324424.067900002
            ],
            [
              306312.62129999977,
              324427.63049999997
            ],
            [
              306308.43680000119,
              324429.31279999949
            ],
            [
              306305.56700000074,
              324431.00980000012
            ],
            [
              306302.84570000134,
              324433.62089999951
            ],
            [
              306301.56320835277,
              324435.935716087
            ]
          ]
        ]
      }
    },
    {
      "attributes" : {
        "FID" : 2,
        "PMNTN_SN" : 33909,
        "MNTN_CODE" : "488904401",
        "MNTN_NM" : "승비산",
        "PMNTN_NM" : " ",
        "PMNTN_MAIN" : " ",
        "PMNTN_LT" : 0.97,
        "PMNTN_DFFL" : "쉬움",
        "PMNTN_UPPL" : 17,
        "PMNTN_GODN" : 12,
        "PMNTN_MTRQ" : " ",
        "PMNTN_CNRL" : " ",
        "PMNTN_CLS_" : " ",
        "PMNTN_RISK" : " ",
        "PMNTN_RECO" : " ",
        "DATA_STDR_" : "2016-12-31",
        "MNTN_ID" : "488904401"
      },
      "geometry" : {
        "paths" : [
          [
            [
              306328.24469999969,
              324789.3933000043
            ],
            [
              306324.7340000011,
              324788.64900000021
            ],
            [
              306321.60580000095,
              324786.38690000214
            ],
            [
              306319.35589999985,
              324783.98280000128
            ],
            [
              306316.97460000124,
              324780.86999999918
            ],
            [
              306314.63190000132,
              324777.24700000137
            ],
            [
              306312.46930000186,
              324773.32870000228
            ],
            [
              306310.72630000021,
              324769.54609999992
            ],
            [
              306309.90589999966,
              324766.48630000465
            ],
            [
              306309.69560000021,
              324762.75449999981
            ],
            [
              306309.96080000047,
              324758.99020000361
            ],
            [
              306311.06750000082,
              324750.15070000105
            ],
            [
              306311.21329999994,
              324746.15290000103
            ],
            [
              306310.37899999972,
              324741.78120000102
            ],
            [
              306307.83200000133,
              324737.75780000165
            ],
            [
              306304.31200000085,
              324734.77840000205
            ],
            [
              306299.29070000071,
              324731.79450000077
            ],
            [
              306290.25009999983,
              324727.40340000205
            ],
            [
              306286.55750000197,
              324725.41180000454
            ],
            [
              306281.87299999967,
              324722.86270000227
            ],
            [
              306276.46310000028,
              324720.33620000258
            ],
            [
              306256.10910000093,
              324712.22980000265
            ],
            [
              306248.08320000116,
              324708.61170000024
            ],
            [
              306243.96630000137,
              324706.40460000001
            ],
            [
              306240.29100000206,
              324704.11710000038
            ],
            [
              306236.98590000067,
              324701.70460000075
            ],
            [
              306234.0166000016,
              324699.14140000008
            ],
            [
              306229.05290000048,
              324694.21780000441
            ],
            [
              306224.80100000091,
              324689.45800000057
            ],
            [
              306221.20590000041,
              324684.80040000007
            ],
            [
              306217.67860000022,
              324679.08779999986
            ],
            [
              306216.06109999958,
              324675.25899999961
            ],
            [
              306213.44310000073,
              324666.21840000153
            ],
            [
              306212.41300000064,
              324663.15520000271
            ],
            [
              306210.53150000144,
              324659.2993999999
            ],
            [
              306206.26800000016,
              324653.54840000346
            ],
            [
              306202.50930000097,
              324649.62060000189
            ],
            [
              306198.77199999988,
              324646.58369999938
            ],
            [
              306194.04350000061,
              324644.1082000006
            ],
            [
              306189.19909999985,
              324643.12710000202
            ],
            [
              306184.89800000004,
              324643.10820000246
            ],
            [
              306178.96560000069,
              324643.90189999901
            ],
            [
              306165.71350000147,
              324646.60050000064
            ],
            [
              306161.40190000087,
              324647.60789999925
            ],
            [
              306153.28060000017,
              324650.23780000024
            ],
            [
              306150.0206000004,
              324651.14560000226
            ],
            [
              306146.65149999969,
              324651.7491999995
            ],
            [
              306142.56110000145,
              324651.74750000238
            ],
            [
              306139.21389999986,
              324651.20370000228
            ],
            [
              306134.31469999999,
              324649.64060000144
            ],
            [
              306129.32980000041,
              324647.42290000059
            ],
            [
              306119.47750000097,
              324642.39719999954
            ],
            [
              306115.90790000092,
              324640.44930000044
            ],
            [
              306107.33700000029,
              324635.17630000226
            ],
            [
              306102.66450000089,
              324632.93989999965
            ],
            [
              306099.42740000132,
              324631.89479999989
            ],
            [
              306095.94849999994,
              324631.12920000032
            ],
            [
              306092.19189999998,
              324630.63460000046
            ],
            [
              306088.08380000107,
              324630.40130000003
            ],
            [
              306080.8291000016,
              324630.53310000151
            ],
            [
              306065.85670000035,
              324631.63720000349
            ],
            [
              306059.58100000024,
              324631.88910000212
            ],
            [
              306044.68130000215,
              324632.2248999998
            ],
            [
              306029.1073000012,
              324632.93989999965
            ],
            [
              306009.3832000019,
              324634.64190000109
            ],
            [
              306001.78600000124,
              324635.04150000028
            ],
            [
              305991.49839999992,
              324635.22949999943
            ],
            [
              305984.43960000202,
              324635.13750000298
            ],
            [
              305978.07969999965,
              324634.73370000161
            ],
            [
              305972.36310000066,
              324633.99070000462
            ],
            [
              305964.29679999966,
              324632.46550000086
            ],
            [
              305957.75030000228,
              324630.82110000029
            ],
            [
              305952.06310000084,
              324628.89080000296
            ],
            [
              305947.1435000021,
              324626.63499999978
            ],
            [
              305943.84990000073,
              324624.70869999938
            ],
            [
              305940.56520000193,
              324622.442900002
            ],
            [
              305937.30080000032,
              324619.84560000151
            ],
            [
              305934.07240000088,
              324616.9290000014
            ],
            [
              305930.88920000009,
              324613.70020000078
            ],
            [
              305927.78370000049,
              324610.19040000066
            ],
            [
              305924.78280000016,
              324606.43019999936
            ],
            [
              305921.92390000075,
              324602.46620000154
            ],
            [
              305919.11490000132,
              324597.85670000128
            ],
            [
              305916.440200001,
              324592.39630000107
            ],
            [
              305914.10250000097,
              324586.74250000156
            ],
            [
              305909.31410000101,
              324574.0941000022
            ],
            [
              305905.88289999962,
              324564.74860000052
            ],
            [
              305897.75509999972,
              324540.46800000221
            ],
            [
              305889.27630000003,
              324518.61559999734
            ],
            [
              305886.19610000122,
              324509.99430000037
            ],
            [
              305881.91139999963,
              324496.03870000131
            ],
            [
              305877.78960000072,
              324480.57139999978
            ],
            [
              305876.57900000084,
              324474.95099999942
            ],
            [
              305873.84800000116,
              324459.64010000043
            ],
            [
              305872.7452999996,
              324455.1174999997
            ],
            [
              305871.48469999991,
              324451.1484999992
            ],
            [
              305868.50600000005,
              324443.33800000325
            ],
            [
              305865.80850000028,
              324437.36260000058
            ],
            [
              305862.96909999941,
              324432.28770000115
            ],
            [
              305859.92569999956,
              324428.03050000221
            ],
            [
              305856.92190000042,
              324424.753800001
            ],
            [
              305853.21500000078,
              324421.43769999966
            ],
            [
              305848.8133000005,
              324418.04990000091
            ],
            [
              305842.06180000119,
              324413.3190999981
            ],
            [
              305836.42930000182,
              324409.49600000307
            ],
            [
              305832.05439999979,
              324406.76650000364
            ],
            [
              305828.00620000064,
              324404.55010000244
            ],
            [
              305822.99129999988,
              324402.38729999959
            ],
            [
              305819.05219999887,
              324401.26380000077
            ],
            [
              305805.82339999918,
              324399.16630000435
            ],
            [
              305802.71970000118,
              324398.44360000268
            ],
            [
              305800.02910000179,
              324397.55680000037
            ],
            [
              305794.13290000055,
              324395.07840000279
            ],
            [
              305789.10769999959,
              324392.54890000075
            ],
            [
              305784.78029999975,
              324389.8805999998
            ],
            [
              305781.11440000124,
              324387.04869999923
            ],
            [
              305778.83409999963,
              324384.77260000072
            ],
            [
              305776.5736999996,
              324381.92970000021
            ],
            [
              305770.01550000068,
              324371.69150000066
            ],
            [
              305767.45380000025,
              324368.13389999978
            ],
            [
              305763.59990000073,
              324363.7563000042
            ],
            [
              305753.3144000005,
              324353.26090000011
            ],
            [
              305750.66850000061,
              324350.11520000175
            ],
            [
              305748.53910000063,
              324347.11760000326
            ],
            [
              305745.49880000018,
              324341.8318000026
            ],
            [
              305742.66170000099,
              324335.75280000083
            ],
            [
              305739.95810000133,
              324328.75840000249
            ],
            [
              305736.98010000121,
              324319.79640000127
            ],
            [
              305735.11689999979,
              324313.32520000078
            ],
            [
              305733.46490000095,
              324306.35340000317
            ],
            [
              305732.00090000033,
              324298.7880000025
            ],
            [
              305730.67520000041,
              324290.37350000069
            ],
            [
              305729.47540000174,
              324281.6660999991
            ],
            [
              305728.83299999963,
              324275.60780000128
            ],
            [
              305728.52710000053,
              324270.12340000272
            ],
            [
              305728.57349999994,
              324265.15390000306
            ],
            [
              305728.92740000132,
              324260.9047000017
            ],
            [
              305729.62300000153,
              324256.18370000273
            ],
            [
              305732.77680000011,
              324240.98509999923
            ],
            [
              305735.25740000047,
              324229.39670000039
            ],
            [
              305738.03089999966,
              324217.86710000224
            ]
          ]
        ]
      }
    }
  ]
}