{
  "displayFieldName" : "",
  "fieldAliases" : {
    "FID" : "FID",
    "PMNTN_SN" : "PMNTN_SN",
    "MNTN_CODE" : "MNTN_CODE",
    "MNTN_NM" : "MNTN_NM",
    "PMNTN_NM" : "PMNTN_NM",
    "PMNTN_MAIN" : "PMNTN_MAIN",
    "PMNTN_LT" : "PMNTN_LT",
    "PMNTN_DFFL" : "PMNTN_DFFL",
    "PMNTN_UPPL" : "PMNTN_UPPL",
    "PMNTN_GODN" : "PMNTN_GODN",
    "PMNTN_MTRQ" : "PMNTN_MTRQ",
    "PMNTN_CNRL" : "PMNTN_CNRL",
    "PMNTN_CLS_" : "PMNTN_CLS_",
    "PMNTN_RISK" : "PMNTN_RISK",
    "PMNTN_RECO" : "PMNTN_RECO",
    "DATA_STDR_" : "DATA_STDR_",
    "MNTN_ID" : "MNTN_ID"
  },
  "geometryType" : "esriGeometryPolyline",
  "spatialReference" : {
    "wkt" : "PROJCS[\"PCS_ITRF2000_TM\",GEOGCS[\"GCS_ITRF_2000\",DATUM[\"D_ITRF_2000\",SPHEROID[\"GRS_1980\",6378137.0,298.257222101]],PRIMEM[\"Greenwich\",0.0],UNIT[\"Degree\",0.0174532925199433]],PROJECTION[\"Transverse_Mercator\"],PARAMETER[\"False_Easting\",200000.0],PARAMETER[\"False_Northing\",600000.0],PARAMETER[\"Central_Meridian\",127.0],PARAMETER[\"Scale_Factor\",1.0],PARAMETER[\"Latitude_Of_Origin\",38.0],UNIT[\"Meter\",1.0]]"
  },
  "fields" : [
    {
      "name" : "FID",
      "type" : "esriFieldTypeOID",
      "alias" : "FID"
    },
    {
      "name" : "PMNTN_SN",
      "type" : "esriFieldTypeDouble",
      "alias" : "PMNTN_SN"
    },
    {
      "name" : "MNTN_CODE",
      "type" : "esriFieldTypeString",
      "alias" : "MNTN_CODE",
      "length" : 9
    },
    {
      "name" : "MNTN_NM",
      "type" : "esriFieldTypeString",
      "alias" : "MNTN_NM",
      "length" : 50
    },
    {
      "name" : "PMNTN_NM",
      "type" : "esriFieldTypeString",
      "alias" : "PMNTN_NM",
      "length" : 50
    },
    {
      "name" : "PMNTN_MAIN",
      "type" : "esriFieldTypeString",
      "alias" : "PMNTN_MAIN",
      "length" : 200
    },
    {
      "name" : "PMNTN_LT",
      "type" : "esriFieldTypeSingle",
      "alias" : "PMNTN_LT"
    },
    {
      "name" : "PMNTN_DFFL",
      "type" : "esriFieldTypeString",
      "alias" : "PMNTN_DFFL",
      "length" : 8
    },
    {
      "name" : "PMNTN_UPPL",
      "type" : "esriFieldTypeDouble",
      "alias" : "PMNTN_UPPL"
    },
    {
      "name" : "PMNTN_GODN",
      "type" : "esriFieldTypeDouble",
      "alias" : "PMNTN_GODN"
    },
    {
      "name" : "PMNTN_MTRQ",
      "type" : "esriFieldTypeString",
      "alias" : "PMNTN_MTRQ",
      "length" : 200
    },
    {
      "name" : "PMNTN_CNRL",
      "type" : "esriFieldTypeString",
      "alias" : "PMNTN_CNRL",
      "length" : 1
    },
    {
      "name" : "PMNTN_CLS_",
      "type" : "esriFieldTypeString",
      "alias" : "PMNTN_CLS_",
      "length" : 1
    },
    {
      "name" : "PMNTN_RISK",
      "type" : "esriFieldTypeString",
      "alias" : "PMNTN_RISK",
      "length" : 200
    },
    {
      "name" : "PMNTN_RECO",
      "type" : "esriFieldTypeString",
      "alias" : "PMNTN_RECO",
      "length" : 1
    },
    {
      "name" : "DATA_STDR_",
      "type" : "esriFieldTypeString",
      "alias" : "DATA_STDR_",
      "length" : 10
    },
    {
      "name" : "MNTN_ID",
      "type" : "esriFieldTypeString",
      "alias" : "MNTN_ID",
      "length" : 10
    }
  ],
  "features" : [
    {
      "attributes" : {
        "FID" : 0,
        "PMNTN_SN" : 46434,
        "MNTN_CODE" : "491102604",
        "MNTN_NM" : "족은녹고메",
        "PMNTN_NM" : "족은노꼬메오름구간",
        "PMNTN_MAIN" : " ",
        "PMNTN_LT" : 1.04,
        "PMNTN_DFFL" : "쉬움",
        "PMNTN_UPPL" : 20,
        "PMNTN_GODN" : 14,
        "PMNTN_MTRQ" : "토사",
        "PMNTN_CNRL" : " ",
        "PMNTN_CLS_" : " ",
        "PMNTN_RISK" : " ",
        "PMNTN_RECO" : " ",
        "DATA_STDR_" : "2016-12-31",
        "MNTN_ID" : "491102604"
      },
      "geometry" : {
        "paths" : [
          [
            [
              144997.51009999961,
              90150.817099999636
            ],
            [
              145010.99470000342,
              90135.872200001031
            ],
            [
              145016.36709999945,
              90125.349200000986
            ],
            [
              145018.99160000309,
              90111.393200002611
            ],
            [
              145016.65969999973,
              90095.599099999294
            ],
            [
              145008.76509999949,
              90069.484400000423
            ],
            [
              144995.349700002,
              90049.884100001305
            ],
            [
              144974.04320000112,
              90029.189200000837
            ],
            [
              144974.58910000138,
              90020.063599999994
            ],
            [
              144978.6006000014,
              90011.319000000134
            ],
            [
              144979.44849999994,
              90002.423700002953
            ],
            [
              144979.47800000105,
              89993.743500007316
            ],
            [
              144965.95920000318,
              89978.040300000459
            ],
            [
              144955.48840000015,
              89965.424000000581
            ],
            [
              144950.8853000002,
              89952.57500000298
            ],
            [
              144950.38170000073,
              89933.987000001594
            ],
            [
              144953.62580000237,
              89912.99990000017
            ],
            [
              144958.88920000196,
              89888.052200000733
            ],
            [
              144972.20730000269,
              89828.831900000572
            ],
            [
              144972.22610000335,
              89799.345000000671
            ],
            [
              144971.89420000184,
              89771.80739999935
            ],
            [
              144985.63819999993,
              89758.827400000766
            ],
            [
              144996.18420000002,
              89754.642400002107
            ],
            [
              145007.48809999973,
              89736.503100000322
            ],
            [
              145024.90470000263,
              89726.054700002074
            ],
            [
              145036.56720000226,
              89716.530600003898
            ],
            [
              145045.79420000128,
              89704.810300001875
            ],
            [
              145055.28870000225,
              89695.861600002274
            ],
            [
              145059.82830000017,
              89685.331500003114
            ],
            [
              145062.55300000124,
              89671.006700007245
            ],
            [
              145068.60140000191,
              89654.817400002852
            ],
            [
              145069.79400000162,
              89646.170000003651
            ],
            [
              145059.50680000335,
              89630.470999998972
            ],
            [
              145050.61220000405,
              89615.606800001115
            ],
            [
              145050.39440000057,
              89605.077800001949
            ],
            [
              145055.69340000395,
              89590.228100003675
            ],
            [
              145052.88049999997,
              89576.809100000188
            ],
            [
              145053.68310000096,
              89562.312500001863
            ],
            [
              145053.77749999985,
              89553.287100004032
            ],
            [
              145047.47540000267,
              89541.19430000335
            ],
            [
              145045.34069999959,
              89528.080900002271
            ],
            [
              145051.08260000311,
              89514.07300000079
            ],
            [
              145061.43310000189,
              89491.668400004506
            ],
            [
              145066.3060999997,
              89470.21460000053
            ],
            [
              145066.70760000404,
              89456.294000003487
            ],
            [
              145063.67810000107,
              89439.964299999177
            ],
            [
              145065.15820000134,
              89422.893899999559
            ],
            [
              145069.43380000256,
              89409.266500001773
            ],
            [
              145075.43589999992,
              89393.310600001365
            ],
            [
              145083.31030000187,
              89371.609900001436
            ],
            [
              145094.38330000266,
              89364.60520000197
            ],
            [
              145096.44040000066,
              89349.847799999639
            ],
            [
              145100.66810000036,
              89332.383199997246
            ],
            [
              145100.55169999972,
              89323.213600007817
            ],
            [
              145101.09940000065,
              89318.59450000152
            ],
            [
              145109.34179999959,
              89310.59490000084
            ],
            [
              145118.29560000077,
              89307.009200001135
            ],
            [
              145125.11849999987,
              89313.851300003007
            ],
            [
              145128.99200000241,
              89318.39620000124
            ],
            [
              145135.78370000049,
              89322.093499999493
            ],
            [
              145151.40360000078,
              89342.078900001943
            ],
            [
              145162.76859999914,
              89354.698400001973
            ],
            [
              145172.25220000185,
              89363.989700002596
            ],
            [
              145176.73619042803,
              89365.835828710347
            ],
            [
              145177.5203999998,
              89366.158700002357
            ]
          ]
        ]
      }
    },
    {
      "attributes" : {
        "FID" : 1,
        "PMNTN_SN" : 46435,
        "MNTN_CODE" : "491102604",
        "MNTN_NM" : "족은녹고메",
        "PMNTN_NM" : "족은노꼬메오름구간",
        "PMNTN_MAIN" : " ",
        "PMNTN_LT" : 2.28,
        "PMNTN_DFFL" : "쉬움",
        "PMNTN_UPPL" : 49,
        "PMNTN_GODN" : 34,
        "PMNTN_MTRQ" : "토사",
        "PMNTN_CNRL" : " ",
        "PMNTN_CLS_" : " ",
        "PMNTN_RISK" : " ",
        "PMNTN_RECO" : " ",
        "DATA_STDR_" : "2016-12-31",
        "MNTN_ID" : "491102604"
      },
      "geometry" : {
        "paths" : [
          [
            [
              145809.73480000347,
              88966.120300002396
            ],
            [
              145811.18610000052,
              88966.296900000423
            ],
            [
              145812.33850000054,
              88967.064700001851
            ],
            [
              145813.1528000012,
              88969.031000003219
            ],
            [
              145813.15050000232,
              88970.016500001773
            ],
            [
              145813.3973000031,
              88972.302300002426
            ],
            [
              145814.18010000139,
              88975.616900002584
            ],
            [
              145817.3787000021,
              88975.81279999949
            ],
            [
              145821.00270000007,
              88978.191100001335
            ],
            [
              145823.56359999999,
              88980.101299999282
            ],
            [
              145827.33770000096,
              88981.419000001624
            ],
            [
              145830.73090000171,
              88984.347100002691
            ],
            [
              145833.64940000046,
              88987.463800001889
            ],
            [
              145837.41620000079,
              88988.874600000679
            ],
            [
              145841.13439999986,
              88989.950799999759
            ],
            [
              145843.96230000071,
              88990.790400000289
            ],
            [
              145846.95010000281,
              88989.583600003272
            ],
            [
              145850.94010000117,
              88987.664700001478
            ],
            [
              145854.12550000008,
              88991.077500004321
            ],
            [
              145858.01930000074,
              88991.483400002122
            ],
            [
              145860.52320000157,
              88994.379300002009
            ],
            [
              145863.96280000173,
              88998.627400003374
            ],
            [
              145867.24270000029,
              88999.41790000163
            ],
            [
              145872.21030000132,
              89000.803300000727
            ],
            [
              145874.45249999966,
              89005.708900002763
            ],
            [
              145877.11120000016,
              89006.977000001818
            ],
            [
              145879.18469999917,
              89006.816700000316
            ],
            [
              145881.38230000343,
              89007.910700000823
            ],
            [
              145884.43599999975,
              89010.106300001964
            ],
            [
              145888.6101000011,
              89010.436200002208
            ],
            [
              145891.17819999997,
              89012.26270000264
            ],
            [
              145893.60310000088,
              89014.973100000992
            ],
            [
              145897.28160000406,
              89017.32330000028
            ],
            [
              145900.89460000116,
              89019.125400001183
            ],
            [
              145904.97049999982,
              89018.609800001606
            ],
            [
              145908.10280000139,
              89020.916599998251
            ],
            [
              145910.8236999996,
              89023.569700000808
            ],
            [
              145912.98910000268,
              89025.881800001487
            ],
            [
              145915.75490000378,
              89029.59440000169
            ],
            [
              145918.85410000291,
              89031.54810000211
            ],
            [
              145920.12450000085,
              89034.20920000039
            ],
            [
              145920.88870000094,
              89035.599500002339
            ],
            [
              145922.67780000158,
              89037.560499999672
            ],
            [
              145925.70020000357,
              89038.343200000003
            ],
            [
              145929.76550000068,
              89040.133400000632
            ],
            [
              145933.2734000003,
              89041.266600001603
            ],
            [
              145936.73770000413,
              89041.58199999854
            ],
            [
              145941.81210000068,
              89043.933600001037
            ],
            [
              145946.44030000176,
              89044.56799999997
            ],
            [
              145951.34180000052,
              89043.889699999243
            ],
            [
              145955.37199999951,
              89046.377400001511
            ],
            [
              145960.19880000129,
              89044.900200000033
            ],
            [
              145963.48100000154,
              89046.118400003761
            ],
            [
              145967.33059999999,
              89048.393300002441
            ],
            [
              145970.2678000005,
              89052.058499997482
            ],
            [
              145971.62170000002,
              89055.704600002617
            ],
            [
              145970.43580000009,
              89059.811200000346
            ],
            [
              145967.93979999982,
              89062.52130000107
            ],
            [
              145968.28690000065,
              89066.015000000596
            ],
            [
              145968.7463000007,
              89070.103099999949
            ],
            [
              145970.45650000032,
              89074.71410000138
            ],
            [
              145969.81560000125,
              89078.631799997762
            ],
            [
              145970.48650000151,
              89082.8767000027
            ],
            [
              145969.32780000195,
              89087.661800000817
            ],
            [
              145968.54450000264,
              89091.226900000125
            ],
            [
              145971.59970000386,
              89093.71080000326
            ],
            [
              145973.8300000038,
              89095.074300002307
            ],
            [
              145976.9430999998,
              89095.363800002262
            ],
            [
              145976.53419999965,
              89098.945399999619
            ],
            [
              145979.63460000232,
              89102.516699999571
            ],
            [
              145981.55840000045,
              89106.27130000107
            ],
            [
              145984.00520000234,
              89110.125100001693
            ],
            [
              145986.02030000091,
              89113.470100000501
            ],
            [
              145985.01950000226,
              89118.598300000653
            ],
            [
              145984.11490000226,
              89124.200099999085
            ],
            [
              145983.16060000192,
              89127.877800000831
            ],
            [
              145980.8861000007,
              89129.759199999273
            ],
            [
              145976.59800000209,
              89135.528599999845
            ],
            [
              145972.32480000239,
              89137.002800002694
            ],
            [
              145969.35190000106,
              89138.107000002638
            ],
            [
              145965.41020000074,
              89140.285900004208
            ],
            [
              145965.09210000094,
              89143.374300001189
            ],
            [
              145965.58359999955,
              89148.996300000697
            ],
            [
              145965.69890000112,
              89154.285599997267
            ],
            [
              145966.11110000126,
              89159.675599997863
            ],
            [
              145964.85350000113,
              89164.8981000036
            ],
            [
              145963.64240000024,
              89168.679500002414
            ],
            [
              145960.59449999966,
              89171.70870000124
            ],
            [
              145957.67900000047,
              89176.103900004178
            ],
            [
              145953.2163000023,
              89177.151399999857
            ],
            [
              145949.40850000177,
              89178.17679999955
            ],
            [
              145944.94270000048,
              89178.666600001976
            ],
            [
              145940.99780000094,
              89181.654300000519
            ],
            [
              145939.37490000296,
              89185.707500001416
            ],
            [
              145936.89980000257,
              89190.76030000113
            ],
            [
              145932.32359999977,
              89192.440700000152
            ],
            [
              145928.3545000013,
              89191.096200000495
            ],
            [
              145924.97460000403,
              89191.924000000581
            ],
            [
              145918.34279999975,
              89195.568100001663
            ],
            [
              145915.94670000114,
              89195.200400002301
            ],
            [
              145912.89769999869,
              89195.236000001431
            ],
            [
              145910.65920000058,
              89195.164799997583
            ],
            [
              145907.73500000034,
              89195.227600004524
            ],
            [
              145904.35660000332,
              89196.324999999255
            ],
            [
              145903.21590000018,
              89200.133799999952
            ],
            [
              145902.17949999962,
              89203.077400004491
            ],
            [
              145897.78519999981,
              89203.799200002104
            ],
            [
              145894.06090000086,
              89205.781700003892
            ],
            [
              145891.78940000013,
              89208.202299999073
            ],
            [
              145889.60310000088,
              89210.492300003767
            ],
            [
              145885.36209999956,
              89210.739200001583
            ],
            [
              145882.06680000294,
              89211.361899998039
            ],
            [
              145878.37349999975,
              89213.334899999201
            ],
            [
              145874.60450000037,
              89214.294999999925
            ],
            [
              145872.23600000143,
              89216.093200003728
            ],
            [
              145870.33359999955,
              89216.178100001067
            ],
            [
              145867.65350000188,
              89215.235600000247
            ],
            [
              145863.88729999959,
              89213.936500001699
            ],
            [
              145861.66560000181,
              89212.675200000405
            ],
            [
              145858.82959999982,
              89211.761399999261
            ],
            [
              145855.88900000416,
              89210.27170000039
            ],
            [
              145850.03920000326,
              89208.705299999565
            ],
            [
              145844.11980000138,
              89207.241599999368
            ],
            [
              145843.82519999892,
              89211.724400002509
            ],
            [
              145842.78160000127,
              89214.779699997976
            ],
            [
              145840.02150000259,
              89217.65850000456
            ],
            [
              145837.69460000005,
              89219.930700000376
            ],
            [
              145833.66020000167,
              89220.845799999312
            ],
            [
              145830.16330000106,
              89221.683500001207
            ],
            [
              145825.7480000006,
              89222.81450000219
            ],
            [
              145820.5094000008,
              89223.17860000208
            ],
            [
              145817.08250000328,
              89226.767700001597
            ],
            [
              145815.03440000396,
              89231.464900001884
            ],
            [
              145813.11270000041,
              89235.0642000027
            ],
            [
              145810.54719999991,
              89236.482500001788
            ],
            [
              145808.87560000271,
              89237.384300000966
            ],
            [
              145806.7079000026,
              89238.828099999577
            ],
            [
              145804.83790000062,
              89240.502800000831
            ],
            [
              145801.12080000062,
              89241.007099999115
            ],
            [
              145797.49200000055,
              89240.553200000897
            ],
            [
              145792.14010000229,
              89240.164800001308
            ],
            [
              145787.47910000011,
              89239.214700002223
            ],
            [
              145782.76290000323,
              89238.162699999288
            ],
            [
              145779.98340000119,
              89240.353800000623
            ],
            [
              145776.33830000088,
              89239.797700002789
            ],
            [
              145772.1724000033,
              89240.908800002187
            ],
            [
              145768.03830000106,
              89239.342199999839
            ],
            [
              145764.87660000008,
              89235.966500001028
            ],
            [
              145761.19290000107,
              89236.860999999568
            ],
            [
              145759.00170000084,
              89239.653100002557
            ],
            [
              145754.33990000188,
              89241.352600004524
            ],
            [
              145750.46420000214,
              89241.374399999157
            ],
            [
              145744.63929999992,
              89241.472100002691
            ],
            [
              145741.86830000207,
              89239.628199998289
            ],
            [
              145737.41370000225,
              89237.951799999923
            ],
            [
              145731.61940000113,
              89237.928500000387
            ],
            [
              145728.38430000003,
              89236.756599999964
            ],
            [
              145727.29430000298,
              89235.693600000814
            ],
            [
              145724.00030000042,
              89235.144900001585
            ],
            [
              145720.3935000021,
              89234.439900001511
            ],
            [
              145716.79389999993,
              89233.651300001889
            ],
            [
              145714.04069999978,
              89234.977700002491
            ],
            [
              145710.73589999974,
              89236.678900001571
            ],
            [
              145707.70870000403,
              89237.811500001699
            ],
            [
              145704.91440000385,
              89237.380900001153
            ],
            [
              145700.14059999865,
              89235.780700001866
            ],
            [
              145697.03970000241,
              89236.300200000405
            ],
            [
              145694.69990000315,
              89237.65210000053
            ],
            [
              145694.11149999965,
              89239.793600002304
            ],
            [
              145693.81369999982,
              89243.709300002083
            ],
            [
              145692.8758000005,
              89247.507800001651
            ],
            [
              145691.48500000127,
              89248.417300002649
            ],
            [
              145690.67220000271,
              89252.280100001022
            ],
            [
              145691.49330000114,
              89256.859000001103
            ],
            [
              145690.81700000074,
              89261.399700002745
            ],
            [
              145690.03390000295,
              89266.378000002354
            ],
            [
              145689.87780000083,
              89270.525300001726
            ],
            [
              145690.88309999928,
              89274.591699998826
            ],
            [
              145691.82770000119,
              89278.918900001794
            ],
            [
              145691.78970000241,
              89281.884800000116
            ],
            [
              145690.24220000021,
              89282.674400001764
            ],
            [
              145688.08810000308,
              89280.966499999166
            ],
            [
              145686.22300000023,
              89282.129799999297
            ],
            [
              145684.93670000229,
              89282.211400000378
            ],
            [
              145680.8560000034,
              89280.449300000444
            ],
            [
              145679.68990000151,
              89279.712100004777
            ],
            [
              145679.70909999963,
              89280.353400001302
            ],
            [
              145677.24800000153,
              89282.319599997252
            ],
            [
              145675.6705000028,
              89281.910100003704
            ],
            [
              145673.64269999973,
              89284.664100000635
            ],
            [
              145669.90950000007,
              89285.05700000003
            ],
            [
              145666.9227,
              89286.449599999934
            ],
            [
              145665.99220000207,
              89291.55880000256
            ],
            [
              145662.14460000023,
              89292.417199999094
            ],
            [
              145660.54360000137,
              89293.402400000021
            ],
            [
              145658.93110000063,
              89295.094100002199
            ],
            [
              145657.66630000062,
              89293.455700000748
            ],
            [
              145657.07890000008,
              89293.003399999812
            ],
            [
              145655.32400000188,
              89292.957499999553
            ],
            [
              145653.90589999966,
              89291.794000001624
            ],
            [
              145652.33849999867,
              89291.784299999475
            ],
            [
              145649.07599999942,
              89291.309800002724
            ],
            [
              145645.15920000058,
              89288.170900002122
            ],
            [
              145643.65260000061,
              89285.129899999127
            ],
            [
              145641.26360000111,
              89283.265300000086
            ],
            [
              145638.81379999965,
              89284.450500002131
            ],
            [
              145634.49899999984,
              89286.826800001785
            ],
            [
              145630.19050000235,
              89286.144500000402
            ],
            [
              145627.03390000388,
              89287.854199998081
            ],
            [
              145622.79570000153,
              89289.979100000113
            ],
            [
              145618.98940000031,
              89292.622300000861
            ],
            [
              145615.1715000011,
              89294.614600000903
            ],
            [
              145609.17120000068,
              89295.401399999857
            ],
            [
              145604.3124000039,
              89296.73020000197
            ],
            [
              145597.77100000065,
              89296.990100000054
            ],
            [
              145594.33419999946,
              89297.400000002235
            ],
            [
              145588.00460000243,
              89295.111300000921
            ],
            [
              145582.84530000109,
              89294.284900002182
            ],
            [
              145575.68070000131,
              89293.274599999189
            ],
            [
              145571.36249999981,
              89295.056100007147
            ],
            [
              145568.10030000191,
              89297.398499999195
            ],
            [
              145563.46500000171,
              89299.618800001219
            ],
            [
              145559.00760000013,
              89300.220300000161
            ],
            [
              145553.80489999987,
              89298.603900000453
            ],
            [
              145549.36699999962,
              89297.113400002941
            ],
            [
              145544.27190000005,
              89296.62140000239
            ],
            [
              145541.39599999972,
              89294.164600003511
            ],
            [
              145539.27840000391,
              89292.019600002095
            ],
            [
              145537.83449999988,
              89289.034200003371
            ],
            [
              145537.18259999901,
              89285.439899999648
            ],
            [
              145534.2768000029,
              89281.821000002325
            ],
            [
              145533.17620000057,
              89277.476300001144
            ],
            [
              145531.18610000145,
              89274.419500002638
            ],
            [
              145525.84890000056,
              89276.662200002
            ],
            [
              145521.02900000103,
              89276.568399999291
            ],
            [
              145518.19490000047,
              89273.218900000677
            ],
            [
              145515.86649999954,
              89269.652599999681
            ],
            [
              145513.73340000119,
              89266.14110000059
            ],
            [
              145511.25100000203,
              89262.928999999538
            ],
            [
              145507.71210000385,
              89259.062700003386
            ],
            [
              145506.25150000025,
              89253.093100005761
            ],
            [
              145503.01470000111,
              89247.477199999616
            ],
            [
              145499.67989999987,
              89241.071800000966
            ],
            [
              145497.2507000016,
              89237.627000000328
            ],
            [
              145493.49770000018,
              89235.89100000076
            ],
            [
              145490.027999999,
              89234.608900001273
            ],
            [
              145485.03889999911,
              89233.567899998277
            ],
            [
              145479.45770000108,
              89231.237900000066
            ],
            [
              145473.66110000107,
              89230.824300000444
            ],
            [
              145467.04370000213,
              89231.428700000048
            ],
            [
              145462.53190000076,
              89234.82880000025
            ],
            [
              145459.04760000203,
              89239.273800000548
            ],
            [
              145456.51430000085,
              89243.629800001159
            ],
            [
              145451.77600000333,
              89246.966200001538
            ],
            [
              145448.10749999993,
              89247.786399999633
            ],
            [
              145445.17180000059,
              89248.556000001729
            ],
            [
              145441.52150000073,
              89251.216900004074
            ],
            [
              145436.04370000027,
              89251.991600001231
            ],
            [
              145431.52490000054,
              89254.145999999717
            ],
            [
              145429.52280000132,
              89251.749300001189
            ],
            [
              145424.72660000063,
              89250.354000002146
            ],
            [
              145418.64369999897,
              89250.32310000062
            ],
            [
              145414.25710000284,
              89253.787700003013
            ],
            [
              145412.37250000052,
              89254.263199999928
            ],
            [
              145407.27130000107,
              89255.454200001433
            ],
            [
              145403.35910000093,
              89255.922400001436
            ],
            [
              145398.94620000292,
              89256.09610000439
            ],
            [
              145395.73160000145,
              89255.807400001213
            ],
            [
              145391.15830000304,
              89256.595500003546
            ],
            [
              145387.33759999927,
              89258.058100001886
            ],
            [
              145389.11820000038,
              89261.283399999142
            ],
            [
              145388.77830000035,
              89268.769400002435
            ],
            [
              145388.48600000143,
              89275.018600000069
            ],
            [
              145385.18880000059,
              89280.819900000468
            ],
            [
              145384.21530000214,
              89285.195000000298
            ],
            [
              145379.95670000091,
              89290.629899999127
            ],
            [
              145379.88729999959,
              89295.455700000748
            ],
            [
              145375.99509999994,
              89298.917199999094
            ],
            [
              145372.18890000228,
              89300.193900002167
            ],
            [
              145369.15260000248,
              89302.460799999535
            ],
            [
              145366.35130000208,
              89304.949699999765
            ],
            [
              145364.43980000261,
              89307.535600000992
            ],
            [
              145365.2293000007,
              89310.645700000226
            ],
            [
              145364.18960000016,
              89314.351800002158
            ],
            [
              145360.06890000403,
              89316.559800000861
            ],
            [
              145357.63540000189,
              89317.86580000259
            ],
            [
              145351.7742000008,
              89321.199300000444
            ],
            [
              145348.5064000031,
              89320.200500002131
            ],
            [
              145343.77649999969,
              89324.572799999267
            ],
            [
              145343.53710000031,
              89330.496300004423
            ],
            [
              145340.55599999987,
              89332.893100000918
            ],
            [
              145337.32200000249,
              89336.072399999946
            ],
            [
              145332.92630000226,
              89337.910200001672
            ],
            [
              145328.21290000062,
              89337.350999999791
            ],
            [
              145322.89340000413,
              89337.167200000957
            ],
            [
              145317.54220000375,
              89338.275900002569
            ],
            [
              145312.49620000366,
              89338.202100001276
            ],
            [
              145311.54550000187,
              89342.465500000864
            ],
            [
              145309.55260000098,
              89347.236800000072
            ],
            [
              145305.77190000191,
              89348.894400002435
            ],
            [
              145301.72680000402,
              89352.041100002825
            ],
            [
              145298.47750000097,
              89356.642900001258
            ],
            [
              145294.58980000112,
              89358.68229999952
            ],
            [
              145292.05460000038,
              89361.30910000205
            ],
            [
              145289.25200000405,
              89363.537599997595
            ],
            [
              145284.78650000226,
              89365.44080000557
            ],
            [
              145281.64429999981,
              89369.688700005412
            ],
            [
              145280.38880000077,
              89372.438300002366
            ],
            [
              145277.37179999985,
              89376.759999999776
            ],
            [
              145273.6425999999,
              89380.620700001717
            ],
            [
              145269.92350000236,
              89384.890400001779
            ],
            [
              145264.27440000419,
              89385.712600002065
            ],
            [
              145260.34810000099,
              89386.441300002858
            ],
            [
              145256.78519999981,
              89389.371400000528
            ],
            [
              145253.61400000378,
              89392.596799999475
            ],
            [
              145251.83200000226,
              89397.422700000927
            ],
            [
              145248.30379999988,
              89398.21430000104
            ],
            [
              145244.67640000302,
              89397.983800001442
            ],
            [
              145243.48990000132,
              89400.556500000879
            ],
            [
              145243.70270000026,
              89403.697699999437
            ],
            [
              145242.5987000009,
              89404.289600001648
            ],
            [
              145238.42590000108,
              89404.183000003919
            ],
            [
              145233.51830000058,
              89400.995899999514
            ],
            [
              145231.08010000084,
              89395.690700003877
            ],
            [
              145227.12829999998,
              89391.351500002667
            ],
            [
              145223.18929999974,
              89387.758800001815
            ],
            [
              145221.5719000008,
              89380.757500002161
            ],
            [
              145219.73160000145,
              89375.815400002524
            ],
            [
              145214.41950000077,
              89370.319000000134
            ],
            [
              145208.85639999993,
              89369.1323000025
            ],
            [
              145201.70750000048,
              89370.495300002396
            ],
            [
              145193.72800000291,
              89370.870600000024
            ],
            [
              145186.32809999865,
              89370.091199999675
            ],
            [
              145177.5203999998,
              89366.158700002357
            ],
            [
              145183.36670000013,
              89362.304800001904
            ],
            [
              145188.49880000111,
              89359.700500000268
            ],
            [
              145192.88400000148,
              89357.379300002009
            ],
            [
              145196.33169999998,
              89354.766000002623
            ],
            [
              145201.08010000363,
              89351.875600004569
            ],
            [
              145202.87800000235,
              89354.013100000098
            ],
            [
              145207.16339999996,
              89351.980699999258
            ],
            [
              145212.59009999968,
              89349.039999999106
            ],
            [
              145217.50310000032,
              89346.30680000037
            ],
            [
              145222.25930000097,
              89343.397800002247
            ],
            [
              145226.8273000028,
              89338.937300002202
            ],
            [
              145228.89630000014,
              89333.849400002509
            ],
            [
              145234.21650000196,
              89330.016899999231
            ],
            [
              145237.97549999971,
              89325.895700002089
            ],
            [
              145242.8646000009,
              89324.436300000176
            ],
            [
              145247.67360000033,
              89321.210899999365
            ],
            [
              145250.88960000314,
              89316.237500002608
            ],
            [
              145255.61710000224,
              89309.646999999881
            ],
            [
              145260.89830000047,
              89305.796200001612
            ],
            [
              145264.13040000293,
              89302.282199999318
            ],
            [
              145266.74780000001,
              89296.261600000784
            ],
            [
              145270.0670000026,
              89292.979500003159
            ],
            [
              145274.09430000093,
              89290.809200000018
            ],
            [
              145278.04950000159,
              89286.919200003147
            ],
            [
              145282.73159999959,
              89284.689400004223
            ],
            [
              145285.23030000087,
              89279.738600000739
            ],
            [
              145291.59360000212,
              89272.813599999994
            ],
            [
              145294.43480000366,
              89266.354800002649
            ],
            [
              145297.31909999996,
              89264.767200002447
            ],
            [
              145300.19380000141,
              89262.873000001535
            ],
            [
              145304.39900000021,
              89259.074700001627
            ],
            [
              145307.54380000196,
              89258.052900003269
            ],
            [
              145311.94320000149,
              89255.47140000388
            ],
            [
              145317.18510000128,
              89254.335400000215
            ],
            [
              145322.80120000243,
              89250.398900000378
            ],
            [
              145327.73900000099,
              89245.118200002238
            ],
            [
              145331.61739999987,
              89241.424100002274
            ],
            [
              145333.40070000198,
              89235.463999997824
            ],
            [
              145336.88460000046,
              89230.95380000025
            ],
            [
              145338.15720000304,
              89224.299400001764
            ],
            [
              145338.77999999933,
              89219.963400002569
            ],
            [
              145340.56870000064,
              89216.318200001493
            ],
            [
              145343.52260000166,
              89211.88550000079
            ],
            [
              145345.70170000289,
              89206.936499999836
            ],
            [
              145349.46740000043,
              89202.61989999935
            ],
            [
              145351.33940000087,
              89198.546600004658
            ],
            [
              145355.4066000022,
              89196.506299998611
            ],
            [
              145358.69730000012,
              89195.083799999207
            ],
            [
              145363.43980000261,
              89193.876399999484
            ],
            [
              145364.6352000013,
              89194.288000000641
            ],
            [
              145370.83980000112,
              89192.365700000897
            ],
            [
              145377.60059999954,
              89190.895800000057
            ],
            [
              145382.7407000009,
              89191.052800001577
            ],
            [
              145386.83780000079,
              89190.183600001037
            ],
            [
              145391.82990000211,
              89189.002699999139
            ],
            [
              145397.69090000354,
              89189.750600004569
            ],
            [
              145401.82970000058,
              89186.594100002199
            ],
            [
              145406.8618999999,
              89186.993400000036
            ],
            [
              145410.04079999961,
              89182.317700004205
            ],
            [
              145413.95960000157,
              89177.48900000006
            ],
            [
              145417.23029999994,
              89175.27660000138
            ],
            [
              145423.23060000036,
              89170.315300000831
            ],
            [
              145426.29380000103,
              89165.872700000182
            ],
            [
              145428.59729999956,
              89162.233900001273
            ],
            [
              145432.933500004,
              89159.522700000554
            ],
            [
              145437.56760000065,
              89158.455299999565
            ],
            [
              145441.61600000318,
              89157.233200002462
            ],
            [
              145444.65789999999,
              89154.54780000262
            ],
            [
              145450.82660000212,
              89154.559599999338
            ],
            [
              145455.90730000101,
              89153.861599998549
            ],
            [
              145460.51930000074,
              89155.797299997881
            ],
            [
              145466.04590000026,
              89152.577299999073
            ],
            [
              145466.01750000101,
              89150.299599999562
            ],
            [
              145466.21340000257,
              89149.080700000748
            ],
            [
              145469.08580000233,
              89148.144100001082
            ],
            [
              145471.06080000289,
              89148.486299999058
            ],
            [
              145473.72389999963,
              89147.783199999481
            ],
            [
              145478.29470000137,
              89146.558200003579
            ],
            [
              145482.13229999971,
              89145.309399999678
            ],
            [
              145485.98420000169,
              89145.185399999842
            ],
            [
              145489.32800000347,
              89144.887700004503
            ],
            [
              145494.25980000105,
              89145.427100002766
            ],
            [
              145500.21509999968,
              89144.938100002706
            ],
            [
              145504.79160000011,
              89147.487500006333
            ],
            [
              145510.0933000017,
              89147.253100000322
            ],
            [
              145514.33560000081,
              89148.642400000244
            ],
            [
              145518.86110000033,
              89151.824400002137
            ],
            [
              145521.80890000332,
              89151.826400000602
            ],
            [
              145525.75439999998,
              89151.711300000548
            ],
            [
              145530.48380000051,
              89153.739300001413
            ],
            [
              145537.42819999903,
              89154.388300003484
            ],
            [
              145542.45270000026,
              89156.172900000587
            ],
            [
              145542.52269999962,
              89156.153899997473
            ],
            [
              145543.34740000125,
              89157.181299999356
            ],
            [
              145544.84449999966,
              89159.915400002152
            ],
            [
              145549.22400000226,
              89163.488700000569
            ],
            [
              145552.85200000089,
              89166.573599999771
            ],
            [
              145556.9188000001,
              89165.871999999508
            ],
            [
              145560.55910000019,
              89166.957800000906
            ],
            [
              145564.56330000237,
              89170.356700001284
            ],
            [
              145569.62000000104,
              89173.721600001678
            ],
            [
              145572.15730000287,
              89175.604000000283
            ],
            [
              145574.09210000001,
              89172.97130000405
            ],
            [
              145575.77730000019,
              89175.871800001711
            ],
            [
              145579.51450000051,
              89180.341299999505
            ],
            [
              145582.44450000301,
              89185.484600000083
            ],
            [
              145586.20839999989,
              89183.622600000352
            ],
            [
              145589.69299999997,
              89177.83890000172
            ],
            [
              145592.28650000412,
              89171.669700002298
            ],
            [
              145593.0466,
              89166.775200000033
            ],
            [
              145591.96700000111,
              89161.993500001729
            ],
            [
              145592.52560000028,
              89155.92870000191
            ],
            [
              145594.64790000394,
              89150.561700001359
            ],
            [
              145596.76049999986,
              89146.273199999705
            ],
            [
              145597.79570000153,
              89140.345100002363
            ],
            [
              145600.11620000098,
              89138.361200001091
            ],
            [
              145602.47640000191,
              89133.690100003034
            ],
            [
              145605.3021000009,
              89128.607400001958
            ],
            [
              145609.17239999957,
              89124.829700002447
            ],
            [
              145611.88269999996,
              89121.421100003645
            ],
            [
              145612.42900000047,
              89120.09789999947
            ],
            [
              145615.26730000135,
              89118.659399999306
            ],
            [
              145617.77000000142,
              89117.148600002751
            ],
            [
              145619.86490000319,
              89115.231000002474
            ],
            [
              145623.15820000134,
              89112.878900002688
            ],
            [
              145625.84759999998,
              89112.668600000441
            ],
            [
              145626.24770000111,
              89113.084700001404
            ],
            [
              145629.45470000058,
              89112.025399999693
            ],
            [
              145632.2407999998,
              89110.996400000528
            ],
            [
              145634.6018000003,
              89109.263200003654
            ],
            [
              145636.47060000058,
              89108.741400001571
            ],
            [
              145638.41330000293,
              89107.503300001845
            ],
            [
              145642.18980000354,
              89105.092800000682
            ],
            [
              145644.39830000326,
              89103.983300000429
            ],
            [
              145645.24409999978,
              89103.216300001368
            ],
            [
              145645.32190000266,
              89102.604299999774
            ],
            [
              145646.70380000304,
              89102.06450000219
            ],
            [
              145649.70590000041,
              89099.22140000388
            ],
            [
              145652.74110000208,
              89096.731300003827
            ],
            [
              145656.83980000205,
              89096.122700000182
            ],
            [
              145660.84210000094,
              89096.416200002655
            ],
            [
              145665.41860000137,
              89096.186000004411
            ],
            [
              145671.89879999962,
              89097.525699999183
            ],
            [
              145674.75970000029,
              89095.910600002855
            ],
            [
              145678.43220000248,
              89097.182300001383
            ],
            [
              145681.66070000082,
              89097.1734000016
            ],
            [
              145685.20600000024,
              89092.458599999547
            ],
            [
              145689.19720000122,
              89090.781300002709
            ],
            [
              145694.71349999961,
              89087.078099999577
            ],
            [
              145698.45030000247,
              89084.519100001082
            ],
            [
              145704.2182,
              89082.60879999958
            ],
            [
              145710.0288000023,
              89078.541300002486
            ],
            [
              145714.27699999977,
              89076.797600001097
            ],
            [
              145718.27160000056,
              89072.916899999604
            ],
            [
              145722.07110000029,
              89067.633500002325
            ],
            [
              145724.88220000174,
              89062.727499999106
            ],
            [
              145728.71990000084,
              89055.910000000149
            ],
            [
              145730.88670000061,
              89050.115100001916
            ],
            [
              145730.62559999991,
              89045.27280000411
            ],
            [
              145731.191300001,
              89040.45380000025
            ],
            [
              145731.77680000383,
              89034.993200002238
            ],
            [
              145732.13129999954,
              89030.054500002414
            ],
            [
              145734.26120000053,
              89024.650300003588
            ],
            [
              145736.48310000356,
              89020.351999999955
            ],
            [
              145738.41120000277,
              89015.116299999878
            ],
            [
              145735.75480000116,
              89011.458799999207
            ],
            [
              145737.26530000102,
              89006.848400000483
            ],
            [
              145737.10620000307,
              89002.117100000381
            ],
            [
              145736.13900000229,
              88999.296300001442
            ],
            [
              145738.69420000073,
              88997.422599999234
            ],
            [
              145741.19880000409,
              88996.2555999998
            ],
            [
              145743.99800000153,
              88994.752500001341
            ],
            [
              145749.83450000081,
              88992.544300001115
            ],
            [
              145752.26840000134,
              88989.890300001949
            ],
            [
              145757.04179999884,
              88987.204700000584
            ],
            [
              145761.3339000009,
              88986.306700002402
            ],
            [
              145765.51030000113,
              88984.284499999136
            ],
            [
              145770.2834999999,
              88981.570899998769
            ],
            [
              145776.70560000092,
              88978.048600001261
            ],
            [
              145782.27100000065,
              88978.937800001353
            ],
            [
              145786.30080000032,
              88975.772899998352
            ],
            [
              145789.17310000118,
              88970.652799999341
            ],
            [
              145792.91370000038,
              88968.753900002688
            ],
            [
              145797.91610000096,
              88966.5783000011
            ],
            [
              145801.99270000216,
              88966.211500000209
            ],
            [
              145805.38760000002,
              88966.648000000045
            ],
            [
              145806.8171000015,
              88965.682400001213
            ],
            [
              145806.81070000026,
              88965.924200003967
            ],
            [
              145807.37920000032,
              88965.790800001472
            ],
            [
              145807.42650000378,
              88965.883500004187
            ],
            [
              145807.38050000276,
              88966.023299999535
            ],
            [
              145807.85260000359,
              88966.755000002682
            ],
            [
              145808.89470000006,
              88966.237900003791
            ],
            [
              145808.89350000117,
              88966.024000000209
            ],
            [
              145809.12020000163,
              88966.11580000259
            ],
            [
              145809.48720000032,
              88966.197399999946
            ],
            [
              145809.66630000249,
              88966.159300001338
            ],
            [
              145809.73480000347,
              88966.120300002396
            ]
          ]
        ]
      }
    }
  ]
}