{
  "displayFieldName" : "",
  "fieldAliases" : {
    "FID" : "FID",
    "PMNTN_SPOT" : "PMNTN_SPOT",
    "MNTN_CODE" : "MNTN_CODE",
    "MANAGE_SP1" : "MANAGE_SP1",
    "MANAGE_SP2" : "MANAGE_SP2",
    "DETAIL_SPO" : "DETAIL_SPO",
    "ETC_MATTER" : "ETC_MATTER",
    "MNTN_NM" : "MNTN_NM",
    "PAST_SPOT_" : "PAST_SPOT_",
    "MNTN_ID" : "MNTN_ID"
  },
  "geometryType" : "esriGeometryPoint",
  "spatialReference" : {
    "wkt" : "PROJCS[\"PCS_ITRF2000_TM\",GEOGCS[\"GCS_ITRF_2000\",DATUM[\"D_ITRF_2000\",SPHEROID[\"GRS_1980\",6378137.0,298.257222101]],PRIMEM[\"Greenwich\",0.0],UNIT[\"Degree\",0.0174532925199433]],PROJECTION[\"Transverse_Mercator\"],PARAMETER[\"False_Easting\",200000.0],PARAMETER[\"False_Northing\",600000.0],PARAMETER[\"Central_Meridian\",127.0],PARAMETER[\"Scale_Factor\",1.0],PARAMETER[\"Latitude_Of_Origin\",38.0],UNIT[\"Meter\",1.0]]"
  },
  "fields" : [
    {
      "name" : "FID",
      "type" : "esriFieldTypeOID",
      "alias" : "FID"
    },
    {
      "name" : "PMNTN_SPOT",
      "type" : "esriFieldTypeDouble",
      "alias" : "PMNTN_SPOT"
    },
    {
      "name" : "MNTN_CODE",
      "type" : "esriFieldTypeString",
      "alias" : "MNTN_CODE",
      "length" : 9
    },
    {
      "name" : "MANAGE_SP1",
      "type" : "esriFieldTypeString",
      "alias" : "MANAGE_SP1",
      "length" : 2
    },
    {
      "name" : "MANAGE_SP2",
      "type" : "esriFieldTypeString",
      "alias" : "MANAGE_SP2",
      "length" : 50
    },
    {
      "name" : "DETAIL_SPO",
      "type" : "esriFieldTypeString",
      "alias" : "DETAIL_SPO",
      "length" : 200
    },
    {
      "name" : "ETC_MATTER",
      "type" : "esriFieldTypeString",
      "alias" : "ETC_MATTER",
      "length" : 200
    },
    {
      "name" : "MNTN_NM",
      "type" : "esriFieldTypeString",
      "alias" : "MNTN_NM",
      "length" : 50
    },
    {
      "name" : "PAST_SPOT_",
      "type" : "esriFieldTypeString",
      "alias" : "PAST_SPOT_",
      "length" : 14
    },
    {
      "name" : "MNTN_ID",
      "type" : "esriFieldTypeString",
      "alias" : "MNTN_ID",
      "length" : 10
    }
  ],
  "features" : [
    {
      "attributes" : {
        "FID" : 0,
        "PMNTN_SPOT" : 8509,
        "MNTN_CODE" : "481700201",
        "MANAGE_SP1" : "05",
        "MANAGE_SP2" : "벤치",
        "DETAIL_SPO" : "벤치",
        "ETC_MATTER" : " ",
        "MNTN_NM" : "광제봉",
        "PAST_SPOT_" : "28121403000001",
        "MNTN_ID" : "2812140300"
      },
      "geometry" : {
        "x" : 294523.96710000373,
        "y" : 291930.90540000424
      }
    },
    {
      "attributes" : {
        "FID" : 1,
        "PMNTN_SPOT" : 8510,
        "MNTN_CODE" : "481700201",
        "MANAGE_SP1" : "99",
        "MANAGE_SP2" : "기타",
        "DETAIL_SPO" : "계단",
        "ETC_MATTER" : " ",
        "MNTN_NM" : "광제봉",
        "PAST_SPOT_" : "28121403000002",
        "MNTN_ID" : "2812140300"
      },
      "geometry" : {
        "x" : 294495.08620000165,
        "y" : 291933.22279999964
      }
    },
    {
      "attributes" : {
        "FID" : 2,
        "PMNTN_SPOT" : 8511,
        "MNTN_CODE" : "481700201",
        "MANAGE_SP1" : "05",
        "MANAGE_SP2" : "벤치",
        "DETAIL_SPO" : "벤치",
        "ETC_MATTER" : " ",
        "MNTN_NM" : "광제봉",
        "PAST_SPOT_" : "28121403000003",
        "MNTN_ID" : "2812140300"
      },
      "geometry" : {
        "x" : 294495.26250000112,
        "y" : 292265.40530000068
      }
    },
    {
      "attributes" : {
        "FID" : 3,
        "PMNTN_SPOT" : 8512,
        "MNTN_CODE" : "481700201",
        "MANAGE_SP1" : "07",
        "MANAGE_SP2" : "시설물(운동기구 등)",
        "DETAIL_SPO" : "체육시설",
        "ETC_MATTER" : " ",
        "MNTN_NM" : "광제봉",
        "PAST_SPOT_" : "28121403000004",
        "MNTN_ID" : "2812140300"
      },
      "geometry" : {
        "x" : 294498.06550000142,
        "y" : 292429.59420000203
      }
    },
    {
      "attributes" : {
        "FID" : 4,
        "PMNTN_SPOT" : 8513,
        "MNTN_CODE" : "481700201",
        "MANAGE_SP1" : "05",
        "MANAGE_SP2" : "벤치",
        "DETAIL_SPO" : "벤치",
        "ETC_MATTER" : " ",
        "MNTN_NM" : "광제봉",
        "PAST_SPOT_" : "28121403000005",
        "MNTN_ID" : "2812140300"
      },
      "geometry" : {
        "x" : 294447.49139999971,
        "y" : 293228.5046000015
      }
    },
    {
      "attributes" : {
        "FID" : 5,
        "PMNTN_SPOT" : 8514,
        "MNTN_CODE" : "481700201",
        "MANAGE_SP1" : "99",
        "MANAGE_SP2" : "기타",
        "DETAIL_SPO" : "무덤",
        "ETC_MATTER" : " ",
        "MNTN_NM" : "광제봉",
        "PAST_SPOT_" : "28121403000006",
        "MNTN_ID" : "2812140300"
      },
      "geometry" : {
        "x" : 294511.99170000106,
        "y" : 291719.82760000788
      }
    },
    {
      "attributes" : {
        "FID" : 6,
        "PMNTN_SPOT" : 8515,
        "MNTN_CODE" : "481700201",
        "MANAGE_SP1" : "99",
        "MANAGE_SP2" : "기타",
        "DETAIL_SPO" : "나무계단",
        "ETC_MATTER" : " ",
        "MNTN_NM" : "광제봉",
        "PAST_SPOT_" : "28121403000007",
        "MNTN_ID" : "2812140300"
      },
      "geometry" : {
        "x" : 294539.66439999826,
        "y" : 291698.10120000131
      }
    },
    {
      "attributes" : {
        "FID" : 7,
        "PMNTN_SPOT" : 8516,
        "MNTN_CODE" : "481700201",
        "MANAGE_SP1" : "99",
        "MANAGE_SP2" : "기타",
        "DETAIL_SPO" : "동신아파트 옆 주차장쪽 입구",
        "ETC_MATTER" : " ",
        "MNTN_NM" : "광제봉",
        "PAST_SPOT_" : "28121403000008",
        "MNTN_ID" : "2812140300"
      },
      "geometry" : {
        "x" : 294609.66760000028,
        "y" : 291746.53540000133
      }
    },
    {
      "attributes" : {
        "FID" : 8,
        "PMNTN_SPOT" : 8517,
        "MNTN_CODE" : "481700201",
        "MANAGE_SP1" : "05",
        "MANAGE_SP2" : "벤치",
        "DETAIL_SPO" : "벤치",
        "ETC_MATTER" : " ",
        "MNTN_NM" : "광제봉",
        "PAST_SPOT_" : "28121403000009",
        "MNTN_ID" : "2812140300"
      },
      "geometry" : {
        "x" : 294139.44179999921,
        "y" : 294027.23099999875
      }
    },
    {
      "attributes" : {
        "FID" : 9,
        "PMNTN_SPOT" : 8518,
        "MNTN_CODE" : "481700201",
        "MANAGE_SP1" : "99",
        "MANAGE_SP2" : "기타",
        "DETAIL_SPO" : "황토맛집",
        "ETC_MATTER" : " ",
        "MNTN_NM" : "광제봉",
        "PAST_SPOT_" : "28121403000010",
        "MNTN_ID" : "2812140300"
      },
      "geometry" : {
        "x" : 294274.35350000206,
        "y" : 298337.80870000273
      }
    },
    {
      "attributes" : {
        "FID" : 10,
        "PMNTN_SPOT" : 8519,
        "MNTN_CODE" : "481700201",
        "MANAGE_SP1" : "11",
        "MANAGE_SP2" : "안내판또는지도",
        "DETAIL_SPO" : "등산안내도",
        "ETC_MATTER" : " ",
        "MNTN_NM" : "광제봉",
        "PAST_SPOT_" : "28121403000011",
        "MNTN_ID" : "2812140300"
      },
      "geometry" : {
        "x" : 294217.9299999997,
        "y" : 298246.80640000291
      }
    },
    {
      "attributes" : {
        "FID" : 11,
        "PMNTN_SPOT" : 8520,
        "MNTN_CODE" : "481700201",
        "MANAGE_SP1" : "99",
        "MANAGE_SP2" : "기타",
        "DETAIL_SPO" : "봉수대,안내판",
        "ETC_MATTER" : " ",
        "MNTN_NM" : "광제봉",
        "PAST_SPOT_" : "28121403000012",
        "MNTN_ID" : "2812140300"
      },
      "geometry" : {
        "x" : 292992.66810000129,
        "y" : 298245.878800001
      }
    },
    {
      "attributes" : {
        "FID" : 12,
        "PMNTN_SPOT" : 8521,
        "MNTN_CODE" : "481700201",
        "MANAGE_SP1" : "06",
        "MANAGE_SP2" : "음수대",
        "DETAIL_SPO" : "약샘",
        "ETC_MATTER" : " ",
        "MNTN_NM" : "광제봉",
        "PAST_SPOT_" : "28121403000013",
        "MNTN_ID" : "2812140300"
      },
      "geometry" : {
        "x" : 293118.04980000202,
        "y" : 298395.18480000086
      }
    },
    {
      "attributes" : {
        "FID" : 13,
        "PMNTN_SPOT" : 8522,
        "MNTN_CODE" : "481700201",
        "MANAGE_SP1" : "99",
        "MANAGE_SP2" : "기타",
        "DETAIL_SPO" : "임도",
        "ETC_MATTER" : " ",
        "MNTN_NM" : "광제봉",
        "PAST_SPOT_" : "28121403000014",
        "MNTN_ID" : "2812140300"
      },
      "geometry" : {
        "x" : 293695.30860000104,
        "y" : 298487.05959999934
      }
    },
    {
      "attributes" : {
        "FID" : 14,
        "PMNTN_SPOT" : 8523,
        "MNTN_CODE" : "481700201",
        "MANAGE_SP1" : "99",
        "MANAGE_SP2" : "기타",
        "DETAIL_SPO" : "무덤",
        "ETC_MATTER" : " ",
        "MNTN_NM" : "광제봉",
        "PAST_SPOT_" : "28121403000015",
        "MNTN_ID" : "2812140300"
      },
      "geometry" : {
        "x" : 293972.02920000162,
        "y" : 296541.65430000238
      }
    },
    {
      "attributes" : {
        "FID" : 15,
        "PMNTN_SPOT" : 8524,
        "MNTN_CODE" : "481700201",
        "MANAGE_SP1" : "11",
        "MANAGE_SP2" : "안내판또는지도",
        "DETAIL_SPO" : "안내판",
        "ETC_MATTER" : " ",
        "MNTN_NM" : "광제봉",
        "PAST_SPOT_" : "28121403000016",
        "MNTN_ID" : "2812140300"
      },
      "geometry" : {
        "x" : 293270.42940000258,
        "y" : 297918.87780000269
      }
    },
    {
      "attributes" : {
        "FID" : 16,
        "PMNTN_SPOT" : 8525,
        "MNTN_CODE" : "481700201",
        "MANAGE_SP1" : "11",
        "MANAGE_SP2" : "안내판또는지도",
        "DETAIL_SPO" : "등산안내판",
        "ETC_MATTER" : " ",
        "MNTN_NM" : "광제봉",
        "PAST_SPOT_" : "28121403000017",
        "MNTN_ID" : "2812140300"
      },
      "geometry" : {
        "x" : 294517.23900000099,
        "y" : 297597.91459999979
      }
    },
    {
      "attributes" : {
        "FID" : 17,
        "PMNTN_SPOT" : 8526,
        "MNTN_CODE" : "481700201",
        "MANAGE_SP1" : "99",
        "MANAGE_SP2" : "기타",
        "DETAIL_SPO" : "무덤",
        "ETC_MATTER" : " ",
        "MNTN_NM" : "광제봉",
        "PAST_SPOT_" : "28121403000018",
        "MNTN_ID" : "2812140300"
      },
      "geometry" : {
        "x" : 293728.07740000077,
        "y" : 294932.50909999944
      }
    },
    {
      "attributes" : {
        "FID" : 18,
        "PMNTN_SPOT" : 8527,
        "MNTN_CODE" : "481700201",
        "MANAGE_SP1" : "99",
        "MANAGE_SP2" : "기타",
        "DETAIL_SPO" : "무덤",
        "ETC_MATTER" : " ",
        "MNTN_NM" : "광제봉",
        "PAST_SPOT_" : "28121403000019",
        "MNTN_ID" : "2812140300"
      },
      "geometry" : {
        "x" : 293653.69700000063,
        "y" : 294920.26520000026
      }
    },
    {
      "attributes" : {
        "FID" : 19,
        "PMNTN_SPOT" : 8528,
        "MNTN_CODE" : "481700201",
        "MANAGE_SP1" : "11",
        "MANAGE_SP2" : "안내판또는지도",
        "DETAIL_SPO" : "안내판",
        "ETC_MATTER" : " ",
        "MNTN_NM" : "광제봉",
        "PAST_SPOT_" : "28121403000020",
        "MNTN_ID" : "2812140300"
      },
      "geometry" : {
        "x" : 293399.62300000247,
        "y" : 295305.0242999997
      }
    },
    {
      "attributes" : {
        "FID" : 20,
        "PMNTN_SPOT" : 8529,
        "MNTN_CODE" : "481700201",
        "MANAGE_SP1" : "11",
        "MANAGE_SP2" : "안내판또는지도",
        "DETAIL_SPO" : "안내판",
        "ETC_MATTER" : " ",
        "MNTN_NM" : "광제봉",
        "PAST_SPOT_" : "28121403000021",
        "MNTN_ID" : "2812140300"
      },
      "geometry" : {
        "x" : 292665.46170000266,
        "y" : 295889.77569999918
      }
    },
    {
      "attributes" : {
        "FID" : 21,
        "PMNTN_SPOT" : 8530,
        "MNTN_CODE" : "481700201",
        "MANAGE_SP1" : "99",
        "MANAGE_SP2" : "기타",
        "DETAIL_SPO" : "임도",
        "ETC_MATTER" : " ",
        "MNTN_NM" : "광제봉",
        "PAST_SPOT_" : "28121403000022",
        "MNTN_ID" : "2812140300"
      },
      "geometry" : {
        "x" : 292527.32540000323,
        "y" : 297637.2265000008
      }
    },
    {
      "attributes" : {
        "FID" : 22,
        "PMNTN_SPOT" : 8531,
        "MNTN_CODE" : "481700201",
        "MANAGE_SP1" : "11",
        "MANAGE_SP2" : "안내판또는지도",
        "DETAIL_SPO" : "안내",
        "ETC_MATTER" : " ",
        "MNTN_NM" : "광제봉",
        "PAST_SPOT_" : "28121403000023",
        "MNTN_ID" : "2812140300"
      },
      "geometry" : {
        "x" : 293362.4869999988,
        "y" : 296783.51170000434
      }
    },
    {
      "attributes" : {
        "FID" : 23,
        "PMNTN_SPOT" : 8532,
        "MNTN_CODE" : "481700201",
        "MANAGE_SP1" : "99",
        "MANAGE_SP2" : "기타",
        "DETAIL_SPO" : "무덤",
        "ETC_MATTER" : " ",
        "MNTN_NM" : "광제봉",
        "PAST_SPOT_" : "28121403000024",
        "MNTN_ID" : "2812140300"
      },
      "geometry" : {
        "x" : 293504.59690000024,
        "y" : 296701.0025000032
      }
    },
    {
      "attributes" : {
        "FID" : 24,
        "PMNTN_SPOT" : 8533,
        "MNTN_CODE" : "481700201",
        "MANAGE_SP1" : "99",
        "MANAGE_SP2" : "기타",
        "DETAIL_SPO" : "기타",
        "ETC_MATTER" : " ",
        "MNTN_NM" : "광제봉",
        "PAST_SPOT_" : "28121403000025",
        "MNTN_ID" : "2812140300"
      },
      "geometry" : {
        "x" : 293539.58660000376,
        "y" : 296703.15090000071
      }
    },
    {
      "attributes" : {
        "FID" : 25,
        "PMNTN_SPOT" : 8534,
        "MNTN_CODE" : "481700201",
        "MANAGE_SP1" : "11",
        "MANAGE_SP2" : "안내판또는지도",
        "DETAIL_SPO" : "등산안내도",
        "ETC_MATTER" : " ",
        "MNTN_NM" : "광제봉",
        "PAST_SPOT_" : "28121403000026",
        "MNTN_ID" : "2812140300"
      },
      "geometry" : {
        "x" : 292536.92860909458,
        "y" : 297602.5739999041
      }
    },
    {
      "attributes" : {
        "FID" : 26,
        "PMNTN_SPOT" : 8535,
        "MNTN_CODE" : "481700201",
        "MANAGE_SP1" : "99",
        "MANAGE_SP2" : "기타",
        "DETAIL_SPO" : "임도",
        "ETC_MATTER" : " ",
        "MNTN_NM" : "광제봉",
        "PAST_SPOT_" : "28121403000027",
        "MNTN_ID" : "2812140300"
      },
      "geometry" : {
        "x" : 293649.95240000356,
        "y" : 298664.05480000004
      }
    },
    {
      "attributes" : {
        "FID" : 27,
        "PMNTN_SPOT" : 8536,
        "MNTN_CODE" : "481700201",
        "MANAGE_SP1" : "99",
        "MANAGE_SP2" : "기타",
        "DETAIL_SPO" : "철탑",
        "ETC_MATTER" : " ",
        "MNTN_NM" : "광제봉",
        "PAST_SPOT_" : "28121403000028",
        "MNTN_ID" : "2812140300"
      },
      "geometry" : {
        "x" : 292848.35280000139,
        "y" : 299834.08980000205
      }
    },
    {
      "attributes" : {
        "FID" : 28,
        "PMNTN_SPOT" : 8537,
        "MNTN_CODE" : "481700201",
        "MANAGE_SP1" : "99",
        "MANAGE_SP2" : "기타",
        "DETAIL_SPO" : "철탑",
        "ETC_MATTER" : " ",
        "MNTN_NM" : "광제봉",
        "PAST_SPOT_" : "28121403000029",
        "MNTN_ID" : "2812140300"
      },
      "geometry" : {
        "x" : 292766.76180000138,
        "y" : 299502.82230000198
      }
    },
    {
      "attributes" : {
        "FID" : 29,
        "PMNTN_SPOT" : 8538,
        "MNTN_CODE" : "481700201",
        "MANAGE_SP1" : "99",
        "MANAGE_SP2" : "기타",
        "DETAIL_SPO" : "무덤",
        "ETC_MATTER" : " ",
        "MNTN_NM" : "광제봉",
        "PAST_SPOT_" : "28121403000030",
        "MNTN_ID" : "2812140300"
      },
      "geometry" : {
        "x" : 292717.73070000391,
        "y" : 299449.69970000163
      }
    },
    {
      "attributes" : {
        "FID" : 30,
        "PMNTN_SPOT" : 8539,
        "MNTN_CODE" : "481700201",
        "MANAGE_SP1" : "11",
        "MANAGE_SP2" : "안내판또는지도",
        "DETAIL_SPO" : "등산안내도",
        "ETC_MATTER" : " ",
        "MNTN_NM" : "광제봉",
        "PAST_SPOT_" : "28121403000031",
        "MNTN_ID" : "2812140300"
      },
      "geometry" : {
        "x" : 292626.85910000093,
        "y" : 298993.31540000439
      }
    },
    {
      "attributes" : {
        "FID" : 31,
        "PMNTN_SPOT" : 8540,
        "MNTN_CODE" : "481700201",
        "MANAGE_SP1" : "99",
        "MANAGE_SP2" : "기타",
        "DETAIL_SPO" : "철탑",
        "ETC_MATTER" : " ",
        "MNTN_NM" : "광제봉",
        "PAST_SPOT_" : "28121403000032",
        "MNTN_ID" : "2812140300"
      },
      "geometry" : {
        "x" : 292669.68230000325,
        "y" : 298730.259200003
      }
    },
    {
      "attributes" : {
        "FID" : 32,
        "PMNTN_SPOT" : 8541,
        "MNTN_CODE" : "481700201",
        "MANAGE_SP1" : "99",
        "MANAGE_SP2" : "기타",
        "DETAIL_SPO" : "준공표지석",
        "ETC_MATTER" : " ",
        "MNTN_NM" : "광제봉",
        "PAST_SPOT_" : "28121403000033",
        "MNTN_ID" : "2812140300"
      },
      "geometry" : {
        "x" : 294753.77560000122,
        "y" : 300654.17830000259
      }
    },
    {
      "attributes" : {
        "FID" : 33,
        "PMNTN_SPOT" : 8542,
        "MNTN_CODE" : "481700201",
        "MANAGE_SP1" : "99",
        "MANAGE_SP2" : "기타",
        "DETAIL_SPO" : "무덤",
        "ETC_MATTER" : " ",
        "MNTN_NM" : "광제봉",
        "PAST_SPOT_" : "28121403000034",
        "MNTN_ID" : "2812140300"
      },
      "geometry" : {
        "x" : 294922.25670000073,
        "y" : 300777.78749999963
      }
    },
    {
      "attributes" : {
        "FID" : 34,
        "PMNTN_SPOT" : 8543,
        "MNTN_CODE" : "481700201",
        "MANAGE_SP1" : "10",
        "MANAGE_SP2" : "이정표",
        "DETAIL_SPO" : "이정표",
        "ETC_MATTER" : " ",
        "MNTN_NM" : "광제봉",
        "PAST_SPOT_" : "28121403000035",
        "MNTN_ID" : "2812140300"
      },
      "geometry" : {
        "x" : 294706.41959999967,
        "y" : 301177.69250000268
      }
    },
    {
      "attributes" : {
        "FID" : 35,
        "PMNTN_SPOT" : 8544,
        "MNTN_CODE" : "481700201",
        "MANAGE_SP1" : "10",
        "MANAGE_SP2" : "이정표",
        "DETAIL_SPO" : "이정표",
        "ETC_MATTER" : " ",
        "MNTN_NM" : "광제봉",
        "PAST_SPOT_" : "28121403000036",
        "MNTN_ID" : "2812140300"
      },
      "geometry" : {
        "x" : 294716.39910000376,
        "y" : 301276.5008000005
      }
    },
    {
      "attributes" : {
        "FID" : 36,
        "PMNTN_SPOT" : 8545,
        "MNTN_CODE" : "481700201",
        "MANAGE_SP1" : "10",
        "MANAGE_SP2" : "이정표",
        "DETAIL_SPO" : "이정표",
        "ETC_MATTER" : " ",
        "MNTN_NM" : "광제봉",
        "PAST_SPOT_" : "28121403000037",
        "MNTN_ID" : "2812140300"
      },
      "geometry" : {
        "x" : 294403.53660000302,
        "y" : 301480.60690000094
      }
    },
    {
      "attributes" : {
        "FID" : 37,
        "PMNTN_SPOT" : 8546,
        "MNTN_CODE" : "481700201",
        "MANAGE_SP1" : "99",
        "MANAGE_SP2" : "기타",
        "DETAIL_SPO" : "집현산 방향 ,중간쉼터",
        "ETC_MATTER" : " ",
        "MNTN_NM" : "광제봉",
        "PAST_SPOT_" : "28121403000038",
        "MNTN_ID" : "2812140300"
      },
      "geometry" : {
        "x" : 295358.37829999998,
        "y" : 301318.75620000437
      }
    },
    {
      "attributes" : {
        "FID" : 38,
        "PMNTN_SPOT" : 8547,
        "MNTN_CODE" : "481700201",
        "MANAGE_SP1" : "10",
        "MANAGE_SP2" : "이정표",
        "DETAIL_SPO" : "이정표(임도에 닿음)",
        "ETC_MATTER" : " ",
        "MNTN_NM" : "광제봉",
        "PAST_SPOT_" : "28121403000039",
        "MNTN_ID" : "2812140300"
      },
      "geometry" : {
        "x" : 293081.87790000066,
        "y" : 301453.69000000134
      }
    },
    {
      "attributes" : {
        "FID" : 39,
        "PMNTN_SPOT" : 8548,
        "MNTN_CODE" : "481700201",
        "MANAGE_SP1" : "99",
        "MANAGE_SP2" : "기타",
        "DETAIL_SPO" : "철탑",
        "ETC_MATTER" : " ",
        "MNTN_NM" : "광제봉",
        "PAST_SPOT_" : "28121403000040",
        "MNTN_ID" : "2812140300"
      },
      "geometry" : {
        "x" : 293288.32430000231,
        "y" : 301481.2762000002
      }
    },
    {
      "attributes" : {
        "FID" : 40,
        "PMNTN_SPOT" : 8549,
        "MNTN_CODE" : "481700201",
        "MANAGE_SP1" : "99",
        "MANAGE_SP2" : "기타",
        "DETAIL_SPO" : "로프",
        "ETC_MATTER" : " ",
        "MNTN_NM" : "광제봉",
        "PAST_SPOT_" : "28121403000041",
        "MNTN_ID" : "2812140300"
      },
      "geometry" : {
        "x" : 293583.25600000005,
        "y" : 301574.86470000073
      }
    },
    {
      "attributes" : {
        "FID" : 41,
        "PMNTN_SPOT" : 8550,
        "MNTN_CODE" : "481700201",
        "MANAGE_SP1" : "99",
        "MANAGE_SP2" : "기타",
        "DETAIL_SPO" : "로프",
        "ETC_MATTER" : " ",
        "MNTN_NM" : "광제봉",
        "PAST_SPOT_" : "28121403000042",
        "MNTN_ID" : "2812140300"
      },
      "geometry" : {
        "x" : 293609.04980000202,
        "y" : 301586.55040000007
      }
    },
    {
      "attributes" : {
        "FID" : 42,
        "PMNTN_SPOT" : 8551,
        "MNTN_CODE" : "481700201",
        "MANAGE_SP1" : "99",
        "MANAGE_SP2" : "기타",
        "DETAIL_SPO" : "로프",
        "ETC_MATTER" : " ",
        "MNTN_NM" : "광제봉",
        "PAST_SPOT_" : "28121403000043",
        "MNTN_ID" : "2812140300"
      },
      "geometry" : {
        "x" : 293638.91540000122,
        "y" : 301592.4195000045
      }
    },
    {
      "attributes" : {
        "FID" : 43,
        "PMNTN_SPOT" : 8552,
        "MNTN_CODE" : "481700201",
        "MANAGE_SP1" : "99",
        "MANAGE_SP2" : "기타",
        "DETAIL_SPO" : "로프",
        "ETC_MATTER" : " ",
        "MNTN_NM" : "광제봉",
        "PAST_SPOT_" : "28121403000044",
        "MNTN_ID" : "2812140300"
      },
      "geometry" : {
        "x" : 293688.27969999984,
        "y" : 301582.83379999921
      }
    },
    {
      "attributes" : {
        "FID" : 44,
        "PMNTN_SPOT" : 8553,
        "MNTN_CODE" : "481700201",
        "MANAGE_SP1" : "10",
        "MANAGE_SP2" : "이정표",
        "DETAIL_SPO" : "이정표",
        "ETC_MATTER" : " ",
        "MNTN_NM" : "광제봉",
        "PAST_SPOT_" : "28121403000045",
        "MNTN_ID" : "2812140300"
      },
      "geometry" : {
        "x" : 293712.20739999693,
        "y" : 301594.64470000006
      }
    },
    {
      "attributes" : {
        "FID" : 45,
        "PMNTN_SPOT" : 8554,
        "MNTN_CODE" : "481700201",
        "MANAGE_SP1" : "99",
        "MANAGE_SP2" : "기타",
        "DETAIL_SPO" : "로프",
        "ETC_MATTER" : " ",
        "MNTN_NM" : "광제봉",
        "PAST_SPOT_" : "28121403000046",
        "MNTN_ID" : "2812140300"
      },
      "geometry" : {
        "x" : 293793.65350000095,
        "y" : 301636.76950000226
      }
    },
    {
      "attributes" : {
        "FID" : 46,
        "PMNTN_SPOT" : 8555,
        "MNTN_CODE" : "481700201",
        "MANAGE_SP1" : "99",
        "MANAGE_SP2" : "기타",
        "DETAIL_SPO" : "전경사진",
        "ETC_MATTER" : " ",
        "MNTN_NM" : "광제봉",
        "PAST_SPOT_" : "28121403000047",
        "MNTN_ID" : "2812140300"
      },
      "geometry" : {
        "x" : 292691.58349999972,
        "y" : 300418.63760000095
      }
    },
    {
      "attributes" : {
        "FID" : 47,
        "PMNTN_SPOT" : 8556,
        "MNTN_CODE" : "481700201",
        "MANAGE_SP1" : "10",
        "MANAGE_SP2" : "이정표",
        "DETAIL_SPO" : "이정표",
        "ETC_MATTER" : " ",
        "MNTN_NM" : "광제봉",
        "PAST_SPOT_" : "28121403000048",
        "MNTN_ID" : "2812140300"
      },
      "geometry" : {
        "x" : 292713.04110000096,
        "y" : 300365.75029999949
      }
    },
    {
      "attributes" : {
        "FID" : 48,
        "PMNTN_SPOT" : 8557,
        "MNTN_CODE" : "481700201",
        "MANAGE_SP1" : "99",
        "MANAGE_SP2" : "기타",
        "DETAIL_SPO" : "무덤",
        "ETC_MATTER" : " ",
        "MNTN_NM" : "광제봉",
        "PAST_SPOT_" : "28121403000049",
        "MNTN_ID" : "2812140300"
      },
      "geometry" : {
        "x" : 292774.71630000137,
        "y" : 300031.43780000135
      }
    },
    {
      "attributes" : {
        "FID" : 49,
        "PMNTN_SPOT" : 8558,
        "MNTN_CODE" : "481700201",
        "MANAGE_SP1" : "07",
        "MANAGE_SP2" : "시설물(운동기구 등)",
        "DETAIL_SPO" : "체육시설",
        "ETC_MATTER" : " ",
        "MNTN_NM" : "광제봉",
        "PAST_SPOT_" : "28121403000050",
        "MNTN_ID" : "2812140300"
      },
      "geometry" : {
        "x" : 294401.65260000341,
        "y" : 292174.981200004
      }
    },
    {
      "attributes" : {
        "FID" : 50,
        "PMNTN_SPOT" : 8559,
        "MNTN_CODE" : "481700201",
        "MANAGE_SP1" : "07",
        "MANAGE_SP2" : "시설물(운동기구 등)",
        "DETAIL_SPO" : "체육시설",
        "ETC_MATTER" : " ",
        "MNTN_NM" : "광제봉",
        "PAST_SPOT_" : "28121403000051",
        "MNTN_ID" : "2812140300"
      },
      "geometry" : {
        "x" : 294475.46630000137,
        "y" : 292202.62630000152
      }
    },
    {
      "attributes" : {
        "FID" : 51,
        "PMNTN_SPOT" : 8560,
        "MNTN_CODE" : "481700201",
        "MANAGE_SP1" : "07",
        "MANAGE_SP2" : "시설물(운동기구 등)",
        "DETAIL_SPO" : "체육시설",
        "ETC_MATTER" : " ",
        "MNTN_NM" : "광제봉",
        "PAST_SPOT_" : "28121403000052",
        "MNTN_ID" : "2812140300"
      },
      "geometry" : {
        "x" : 294493.46410000138,
        "y" : 292334.78319999948
      }
    },
    {
      "attributes" : {
        "FID" : 52,
        "PMNTN_SPOT" : 8561,
        "MNTN_CODE" : "481700201",
        "MANAGE_SP1" : "01",
        "MANAGE_SP2" : "시종점",
        "DETAIL_SPO" : "시종점",
        "ETC_MATTER" : " ",
        "MNTN_NM" : "광제봉",
        "PAST_SPOT_" : "28121403000053",
        "MNTN_ID" : "2812140300"
      },
      "geometry" : {
        "x" : 291511.97970000096,
        "y" : 299853.27610000223
      }
    },
    {
      "attributes" : {
        "FID" : 53,
        "PMNTN_SPOT" : 8562,
        "MNTN_CODE" : "481700201",
        "MANAGE_SP1" : "11",
        "MANAGE_SP2" : "안내판또는지도",
        "DETAIL_SPO" : "안내판",
        "ETC_MATTER" : " ",
        "MNTN_NM" : "광제봉",
        "PAST_SPOT_" : "28121403000054",
        "MNTN_ID" : "2812140300"
      },
      "geometry" : {
        "x" : 292508.49960000161,
        "y" : 296991.9627000019
      }
    },
    {
      "attributes" : {
        "FID" : 54,
        "PMNTN_SPOT" : 8563,
        "MNTN_CODE" : "481700201",
        "MANAGE_SP1" : "99",
        "MANAGE_SP2" : "기타",
        "DETAIL_SPO" : "광제봉",
        "ETC_MATTER" : " ",
        "MNTN_NM" : "광제봉",
        "PAST_SPOT_" : "28121403000055",
        "MNTN_ID" : "2812140300"
      },
      "geometry" : {
        "x" : 292626.83450000174,
        "y" : 298790.56460000388
      }
    },
    {
      "attributes" : {
        "FID" : 55,
        "PMNTN_SPOT" : 8564,
        "MNTN_CODE" : "481700201",
        "MANAGE_SP1" : "99",
        "MANAGE_SP2" : "기타",
        "DETAIL_SPO" : "임도변 입구",
        "ETC_MATTER" : " ",
        "MNTN_NM" : "광제봉",
        "PAST_SPOT_" : "28121403000056",
        "MNTN_ID" : "2812140300"
      },
      "geometry" : {
        "x" : 292720.04820000194,
        "y" : 300479.47739999928
      }
    },
    {
      "attributes" : {
        "FID" : 56,
        "PMNTN_SPOT" : 8565,
        "MNTN_CODE" : "481700201",
        "MANAGE_SP1" : "99",
        "MANAGE_SP2" : "기타",
        "DETAIL_SPO" : "임도변입구",
        "ETC_MATTER" : " ",
        "MNTN_NM" : "광제봉",
        "PAST_SPOT_" : "28121403000057",
        "MNTN_ID" : "2812140300"
      },
      "geometry" : {
        "x" : 292743.00239999872,
        "y" : 300563.54330000281
      }
    },
    {
      "attributes" : {
        "FID" : 57,
        "PMNTN_SPOT" : 8566,
        "MNTN_CODE" : "481700201",
        "MANAGE_SP1" : "11",
        "MANAGE_SP2" : "안내판또는지도",
        "DETAIL_SPO" : "안내도,벤치",
        "ETC_MATTER" : " ",
        "MNTN_NM" : "광제봉",
        "PAST_SPOT_" : "28121403000058",
        "MNTN_ID" : "2812140300"
      },
      "geometry" : {
        "x" : 292779.1016000025,
        "y" : 299881.79680000246
      }
    },
    {
      "attributes" : {
        "FID" : 58,
        "PMNTN_SPOT" : 8567,
        "MNTN_CODE" : "481700201",
        "MANAGE_SP1" : "02",
        "MANAGE_SP2" : "분기점",
        "DETAIL_SPO" : "분기점",
        "ETC_MATTER" : " ",
        "MNTN_NM" : "광제봉",
        "PAST_SPOT_" : "28121403000059",
        "MNTN_ID" : "2812140300"
      },
      "geometry" : {
        "x" : 292796.26439999975,
        "y" : 299966.50469999947
      }
    },
    {
      "attributes" : {
        "FID" : 59,
        "PMNTN_SPOT" : 8568,
        "MNTN_CODE" : "481700201",
        "MANAGE_SP1" : "10",
        "MANAGE_SP2" : "이정표",
        "DETAIL_SPO" : "이정표",
        "ETC_MATTER" : " ",
        "MNTN_NM" : "광제봉",
        "PAST_SPOT_" : "28121403000060",
        "MNTN_ID" : "2812140300"
      },
      "geometry" : {
        "x" : 292816.67370000202,
        "y" : 300791.07599999756
      }
    },
    {
      "attributes" : {
        "FID" : 60,
        "PMNTN_SPOT" : 8569,
        "MNTN_CODE" : "481700201",
        "MANAGE_SP1" : "02",
        "MANAGE_SP2" : "분기점",
        "DETAIL_SPO" : "분기점",
        "ETC_MATTER" : " ",
        "MNTN_NM" : "광제봉",
        "PAST_SPOT_" : "28121403000061",
        "MNTN_ID" : "2812140300"
      },
      "geometry" : {
        "x" : 292817.07349999994,
        "y" : 300012.13240000047
      }
    },
    {
      "attributes" : {
        "FID" : 61,
        "PMNTN_SPOT" : 8570,
        "MNTN_CODE" : "481700201",
        "MANAGE_SP1" : "11",
        "MANAGE_SP2" : "안내판또는지도",
        "DETAIL_SPO" : "안내도",
        "ETC_MATTER" : " ",
        "MNTN_NM" : "광제봉",
        "PAST_SPOT_" : "28121403000062",
        "MNTN_ID" : "2812140300"
      },
      "geometry" : {
        "x" : 292897.36860000249,
        "y" : 298518.15230000205
      }
    },
    {
      "attributes" : {
        "FID" : 62,
        "PMNTN_SPOT" : 8571,
        "MNTN_CODE" : "481700201",
        "MANAGE_SP1" : "11",
        "MANAGE_SP2" : "안내판또는지도",
        "DETAIL_SPO" : "안내도",
        "ETC_MATTER" : " ",
        "MNTN_NM" : "광제봉",
        "PAST_SPOT_" : "28121403000063",
        "MNTN_ID" : "2812140300"
      },
      "geometry" : {
        "x" : 292938.62209999934,
        "y" : 298362.82479999773
      }
    },
    {
      "attributes" : {
        "FID" : 63,
        "PMNTN_SPOT" : 8572,
        "MNTN_CODE" : "481700201",
        "MANAGE_SP1" : "11",
        "MANAGE_SP2" : "안내판또는지도",
        "DETAIL_SPO" : "안내도",
        "ETC_MATTER" : " ",
        "MNTN_NM" : "광제봉",
        "PAST_SPOT_" : "28121403000064",
        "MNTN_ID" : "2812140300"
      },
      "geometry" : {
        "x" : 292957.50530000031,
        "y" : 298268.20920000039
      }
    },
    {
      "attributes" : {
        "FID" : 64,
        "PMNTN_SPOT" : 8573,
        "MNTN_CODE" : "481700201",
        "MANAGE_SP1" : "11",
        "MANAGE_SP2" : "안내판또는지도",
        "DETAIL_SPO" : "안내도",
        "ETC_MATTER" : " ",
        "MNTN_NM" : "광제봉",
        "PAST_SPOT_" : "28121403000065",
        "MNTN_ID" : "2812140300"
      },
      "geometry" : {
        "x" : 292971.72489999887,
        "y" : 298256.11610000394
      }
    },
    {
      "attributes" : {
        "FID" : 65,
        "PMNTN_SPOT" : 8574,
        "MNTN_CODE" : "481700201",
        "MANAGE_SP1" : "02",
        "MANAGE_SP2" : "분기점",
        "DETAIL_SPO" : "분기점",
        "ETC_MATTER" : " ",
        "MNTN_NM" : "광제봉",
        "PAST_SPOT_" : "28121403000066",
        "MNTN_ID" : "2812140300"
      },
      "geometry" : {
        "x" : 293085.89609999955,
        "y" : 301339.22710000351
      }
    },
    {
      "attributes" : {
        "FID" : 66,
        "PMNTN_SPOT" : 8575,
        "MNTN_CODE" : "481700201",
        "MANAGE_SP1" : "11",
        "MANAGE_SP2" : "안내판또는지도",
        "DETAIL_SPO" : "안내도",
        "ETC_MATTER" : " ",
        "MNTN_NM" : "광제봉",
        "PAST_SPOT_" : "28121403000067",
        "MNTN_ID" : "2812140300"
      },
      "geometry" : {
        "x" : 293281.21660000086,
        "y" : 298021.81350000016
      }
    },
    {
      "attributes" : {
        "FID" : 67,
        "PMNTN_SPOT" : 8576,
        "MNTN_CODE" : "481700201",
        "MANAGE_SP1" : "99",
        "MANAGE_SP2" : "기타",
        "DETAIL_SPO" : "보현사",
        "ETC_MATTER" : " ",
        "MNTN_NM" : "광제봉",
        "PAST_SPOT_" : "28121403000068",
        "MNTN_ID" : "2812140300"
      },
      "geometry" : {
        "x" : 293449.64120000321,
        "y" : 300446.33430000022
      }
    },
    {
      "attributes" : {
        "FID" : 68,
        "PMNTN_SPOT" : 8577,
        "MNTN_CODE" : "481700201",
        "MANAGE_SP1" : "01",
        "MANAGE_SP2" : "시종점",
        "DETAIL_SPO" : "시종점",
        "ETC_MATTER" : " ",
        "MNTN_NM" : "광제봉",
        "PAST_SPOT_" : "28121403000069",
        "MNTN_ID" : "2812140300"
      },
      "geometry" : {
        "x" : 291113.45119841956,
        "y" : 298536.12440386415
      }
    },
    {
      "attributes" : {
        "FID" : 69,
        "PMNTN_SPOT" : 8578,
        "MNTN_CODE" : "481700201",
        "MANAGE_SP1" : "11",
        "MANAGE_SP2" : "안내판또는지도",
        "DETAIL_SPO" : "안내판,갈림길",
        "ETC_MATTER" : " ",
        "MNTN_NM" : "광제봉",
        "PAST_SPOT_" : "28121403000070",
        "MNTN_ID" : "2812140300"
      },
      "geometry" : {
        "x" : 293564.47250000108,
        "y" : 297809.94269999862
      }
    },
    {
      "attributes" : {
        "FID" : 70,
        "PMNTN_SPOT" : 8579,
        "MNTN_CODE" : "481700201",
        "MANAGE_SP1" : "02",
        "MANAGE_SP2" : "분기점",
        "DETAIL_SPO" : "신기저수지에서 만남",
        "ETC_MATTER" : " ",
        "MNTN_NM" : "광제봉",
        "PAST_SPOT_" : "28121403000071",
        "MNTN_ID" : "2812140300"
      },
      "geometry" : {
        "x" : 293671.771751686,
        "y" : 300049.18751194328
      }
    },
    {
      "attributes" : {
        "FID" : 71,
        "PMNTN_SPOT" : 8580,
        "MNTN_CODE" : "481700201",
        "MANAGE_SP1" : "01",
        "MANAGE_SP2" : "시종점",
        "DETAIL_SPO" : "시종점",
        "ETC_MATTER" : " ",
        "MNTN_NM" : "광제봉",
        "PAST_SPOT_" : "28121403000072",
        "MNTN_ID" : "2812140300"
      },
      "geometry" : {
        "x" : 293696.92120000254,
        "y" : 299961.70590000227
      }
    },
    {
      "attributes" : {
        "FID" : 72,
        "PMNTN_SPOT" : 8581,
        "MNTN_CODE" : "481700201",
        "MANAGE_SP1" : "99",
        "MANAGE_SP2" : "기타",
        "DETAIL_SPO" : "임도 ,끝부분",
        "ETC_MATTER" : " ",
        "MNTN_NM" : "광제봉",
        "PAST_SPOT_" : "28121403000073",
        "MNTN_ID" : "2812140300"
      },
      "geometry" : {
        "x" : 293713.48130000103,
        "y" : 300703.25510000251
      }
    },
    {
      "attributes" : {
        "FID" : 73,
        "PMNTN_SPOT" : 8582,
        "MNTN_CODE" : "481700201",
        "MANAGE_SP1" : "01",
        "MANAGE_SP2" : "시종점",
        "DETAIL_SPO" : "시종점,광제서원",
        "ETC_MATTER" : " ",
        "MNTN_NM" : "광제봉",
        "PAST_SPOT_" : "28121403000074",
        "MNTN_ID" : "2812140300"
      },
      "geometry" : {
        "x" : 293846.22630000301,
        "y" : 298119.32479999959
      }
    },
    {
      "attributes" : {
        "FID" : 74,
        "PMNTN_SPOT" : 8583,
        "MNTN_CODE" : "481700201",
        "MANAGE_SP1" : "11",
        "MANAGE_SP2" : "안내판또는지도",
        "DETAIL_SPO" : "안내도",
        "ETC_MATTER" : " ",
        "MNTN_NM" : "광제봉",
        "PAST_SPOT_" : "28121403000075",
        "MNTN_ID" : "2812140300"
      },
      "geometry" : {
        "x" : 293849.09370000008,
        "y" : 298227.91250000149
      }
    },
    {
      "attributes" : {
        "FID" : 75,
        "PMNTN_SPOT" : 8584,
        "MNTN_CODE" : "481700201",
        "MANAGE_SP1" : "01",
        "MANAGE_SP2" : "시종점",
        "DETAIL_SPO" : "시종점",
        "ETC_MATTER" : " ",
        "MNTN_NM" : "광제봉",
        "PAST_SPOT_" : "28121403000076",
        "MNTN_ID" : "2812140300"
      },
      "geometry" : {
        "x" : 293949.43230000231,
        "y" : 298909.07710000128
      }
    },
    {
      "attributes" : {
        "FID" : 76,
        "PMNTN_SPOT" : 8585,
        "MNTN_CODE" : "481700201",
        "MANAGE_SP1" : "01",
        "MANAGE_SP2" : "시종점",
        "DETAIL_SPO" : "시종점,등산안내도",
        "ETC_MATTER" : " ",
        "MNTN_NM" : "광제봉",
        "PAST_SPOT_" : "28121403000077",
        "MNTN_ID" : "2812140300"
      },
      "geometry" : {
        "x" : 293970.00370000396,
        "y" : 296467.68679999933
      }
    },
    {
      "attributes" : {
        "FID" : 77,
        "PMNTN_SPOT" : 8586,
        "MNTN_CODE" : "481700201",
        "MANAGE_SP1" : "02",
        "MANAGE_SP2" : "분기점",
        "DETAIL_SPO" : "분기점",
        "ETC_MATTER" : " ",
        "MNTN_NM" : "광제봉",
        "PAST_SPOT_" : "28121403000078",
        "MNTN_ID" : "2812140300"
      },
      "geometry" : {
        "x" : 294011.83880000003,
        "y" : 294774.28290000185
      }
    },
    {
      "attributes" : {
        "FID" : 78,
        "PMNTN_SPOT" : 8587,
        "MNTN_CODE" : "481700201",
        "MANAGE_SP1" : "10",
        "MANAGE_SP2" : "이정표",
        "DETAIL_SPO" : "이정표",
        "ETC_MATTER" : " ",
        "MNTN_NM" : "광제봉",
        "PAST_SPOT_" : "28121403000079",
        "MNTN_ID" : "2812140300"
      },
      "geometry" : {
        "x" : 294090.35540000163,
        "y" : 301731.51410000212
      }
    },
    {
      "attributes" : {
        "FID" : 79,
        "PMNTN_SPOT" : 8588,
        "MNTN_CODE" : "481700201",
        "MANAGE_SP1" : "23",
        "MANAGE_SP2" : "정상",
        "DETAIL_SPO" : "정상,이정표",
        "ETC_MATTER" : " ",
        "MNTN_NM" : "광제봉",
        "PAST_SPOT_" : "28121403000080",
        "MNTN_ID" : "2812140300"
      },
      "geometry" : {
        "x" : 294098.73490000144,
        "y" : 302204.23520000279
      }
    },
    {
      "attributes" : {
        "FID" : 80,
        "PMNTN_SPOT" : 8589,
        "MNTN_CODE" : "481700201",
        "MANAGE_SP1" : "02",
        "MANAGE_SP2" : "분기점",
        "DETAIL_SPO" : "분기점",
        "ETC_MATTER" : " ",
        "MNTN_NM" : "광제봉",
        "PAST_SPOT_" : "28121403000081",
        "MNTN_ID" : "2812140300"
      },
      "geometry" : {
        "x" : 294159.70180000179,
        "y" : 294939.09950000234
      }
    },
    {
      "attributes" : {
        "FID" : 81,
        "PMNTN_SPOT" : 8590,
        "MNTN_CODE" : "481700201",
        "MANAGE_SP1" : "01",
        "MANAGE_SP2" : "시종점",
        "DETAIL_SPO" : "시종점",
        "ETC_MATTER" : " ",
        "MNTN_NM" : "광제봉",
        "PAST_SPOT_" : "28121403000082",
        "MNTN_ID" : "2812140300"
      },
      "geometry" : {
        "x" : 294205.18059999961,
        "y" : 295121.99709999934
      }
    },
    {
      "attributes" : {
        "FID" : 82,
        "PMNTN_SPOT" : 8591,
        "MNTN_CODE" : "481700201",
        "MANAGE_SP1" : "01",
        "MANAGE_SP2" : "시종점",
        "DETAIL_SPO" : "시종점",
        "ETC_MATTER" : " ",
        "MNTN_NM" : "광제봉",
        "PAST_SPOT_" : "28121403000083",
        "MNTN_ID" : "2812140300"
      },
      "geometry" : {
        "x" : 294226.74950000364,
        "y" : 298500.58560000174
      }
    },
    {
      "attributes" : {
        "FID" : 83,
        "PMNTN_SPOT" : 8592,
        "MNTN_CODE" : "481700201",
        "MANAGE_SP1" : "99",
        "MANAGE_SP2" : "기타",
        "DETAIL_SPO" : "용산사",
        "ETC_MATTER" : " ",
        "MNTN_NM" : "광제봉",
        "PAST_SPOT_" : "28121403000084",
        "MNTN_ID" : "2812140300"
      },
      "geometry" : {
        "x" : 294244.95990000013,
        "y" : 292112.17500000075
      }
    },
    {
      "attributes" : {
        "FID" : 84,
        "PMNTN_SPOT" : 8593,
        "MNTN_CODE" : "481700201",
        "MANAGE_SP1" : "01",
        "MANAGE_SP2" : "시종점",
        "DETAIL_SPO" : "시종점",
        "ETC_MATTER" : " ",
        "MNTN_NM" : "광제봉",
        "PAST_SPOT_" : "28121403000085",
        "MNTN_ID" : "2812140300"
      },
      "geometry" : {
        "x" : 294295.69340000208,
        "y" : 298472.83120000176
      }
    },
    {
      "attributes" : {
        "FID" : 85,
        "PMNTN_SPOT" : 8594,
        "MNTN_CODE" : "481700201",
        "MANAGE_SP1" : "02",
        "MANAGE_SP2" : "분기점",
        "DETAIL_SPO" : "분기점",
        "ETC_MATTER" : " ",
        "MNTN_NM" : "광제봉",
        "PAST_SPOT_" : "28121403000086",
        "MNTN_ID" : "2812140300"
      },
      "geometry" : {
        "x" : 294355.83460000064,
        "y" : 292099.63660000451
      }
    },
    {
      "attributes" : {
        "FID" : 86,
        "PMNTN_SPOT" : 8595,
        "MNTN_CODE" : "481700201",
        "MANAGE_SP1" : "07",
        "MANAGE_SP2" : "시설물(운동기구 등)",
        "DETAIL_SPO" : "체육시설,벤치",
        "ETC_MATTER" : " ",
        "MNTN_NM" : "광제봉",
        "PAST_SPOT_" : "28121403000087",
        "MNTN_ID" : "2812140300"
      },
      "geometry" : {
        "x" : 294357.50410000328,
        "y" : 292094.97140000202
      }
    },
    {
      "attributes" : {
        "FID" : 87,
        "PMNTN_SPOT" : 8596,
        "MNTN_CODE" : "481700201",
        "MANAGE_SP1" : "02",
        "MANAGE_SP2" : "분기점",
        "DETAIL_SPO" : "분기점",
        "ETC_MATTER" : " ",
        "MNTN_NM" : "광제봉",
        "PAST_SPOT_" : "28121403000088",
        "MNTN_ID" : "2812140300"
      },
      "geometry" : {
        "x" : 294368.73730000295,
        "y" : 291984.30240000039
      }
    },
    {
      "attributes" : {
        "FID" : 88,
        "PMNTN_SPOT" : 8597,
        "MNTN_CODE" : "481700201",
        "MANAGE_SP1" : "07",
        "MANAGE_SP2" : "시설물(운동기구 등)",
        "DETAIL_SPO" : "체육시설,벤치",
        "ETC_MATTER" : " ",
        "MNTN_NM" : "광제봉",
        "PAST_SPOT_" : "28121403000089",
        "MNTN_ID" : "2812140300"
      },
      "geometry" : {
        "x" : 294371.62829999998,
        "y" : 292141.16840000264
      }
    },
    {
      "attributes" : {
        "FID" : 89,
        "PMNTN_SPOT" : 8598,
        "MNTN_CODE" : "481700201",
        "MANAGE_SP1" : "10",
        "MANAGE_SP2" : "이정표",
        "DETAIL_SPO" : "이정표,운동시설",
        "ETC_MATTER" : " ",
        "MNTN_NM" : "광제봉",
        "PAST_SPOT_" : "28121403000090",
        "MNTN_ID" : "2812140300"
      },
      "geometry" : {
        "x" : 294395.56479999982,
        "y" : 291914.93300000019
      }
    },
    {
      "attributes" : {
        "FID" : 90,
        "PMNTN_SPOT" : 8599,
        "MNTN_CODE" : "481700201",
        "MANAGE_SP1" : "02",
        "MANAGE_SP2" : "분기점",
        "DETAIL_SPO" : "분기점",
        "ETC_MATTER" : " ",
        "MNTN_NM" : "광제봉",
        "PAST_SPOT_" : "28121403000091",
        "MNTN_ID" : "2812140300"
      },
      "geometry" : {
        "x" : 294416.64500000048,
        "y" : 292171.9307000041
      }
    },
    {
      "attributes" : {
        "FID" : 91,
        "PMNTN_SPOT" : 8600,
        "MNTN_CODE" : "481700201",
        "MANAGE_SP1" : "02",
        "MANAGE_SP2" : "분기점",
        "DETAIL_SPO" : "분기점",
        "ETC_MATTER" : " ",
        "MNTN_NM" : "광제봉",
        "PAST_SPOT_" : "28121403000092",
        "MNTN_ID" : "2812140300"
      },
      "geometry" : {
        "x" : 294482.11950000189,
        "y" : 293095.16600000113
      }
    },
    {
      "attributes" : {
        "FID" : 92,
        "PMNTN_SPOT" : 8601,
        "MNTN_CODE" : "481700201",
        "MANAGE_SP1" : "02",
        "MANAGE_SP2" : "분기점",
        "DETAIL_SPO" : "분기점",
        "ETC_MATTER" : " ",
        "MNTN_NM" : "광제봉",
        "PAST_SPOT_" : "28121403000093",
        "MNTN_ID" : "2812140300"
      },
      "geometry" : {
        "x" : 294499.08000000287,
        "y" : 293032.94780000113
      }
    },
    {
      "attributes" : {
        "FID" : 93,
        "PMNTN_SPOT" : 8602,
        "MNTN_CODE" : "481700201",
        "MANAGE_SP1" : "02",
        "MANAGE_SP2" : "분기점",
        "DETAIL_SPO" : "분기점",
        "ETC_MATTER" : " ",
        "MNTN_NM" : "광제봉",
        "PAST_SPOT_" : "28121403000094",
        "MNTN_ID" : "2812140300"
      },
      "geometry" : {
        "x" : 294520.54630000237,
        "y" : 292534.32330000028
      }
    },
    {
      "attributes" : {
        "FID" : 94,
        "PMNTN_SPOT" : 8603,
        "MNTN_CODE" : "481700201",
        "MANAGE_SP1" : "02",
        "MANAGE_SP2" : "분기점",
        "DETAIL_SPO" : "분기점",
        "ETC_MATTER" : " ",
        "MNTN_NM" : "광제봉",
        "PAST_SPOT_" : "28121403000095",
        "MNTN_ID" : "2812140300"
      },
      "geometry" : {
        "x" : 294523.9944000002,
        "y" : 292619.20210000128
      }
    },
    {
      "attributes" : {
        "FID" : 95,
        "PMNTN_SPOT" : 8604,
        "MNTN_CODE" : "481700201",
        "MANAGE_SP1" : "02",
        "MANAGE_SP2" : "분기점",
        "DETAIL_SPO" : "분기점",
        "ETC_MATTER" : " ",
        "MNTN_NM" : "광제봉",
        "PAST_SPOT_" : "28121403000096",
        "MNTN_ID" : "2812140300"
      },
      "geometry" : {
        "x" : 294532.8292000005,
        "y" : 292647.72330000065
      }
    },
    {
      "attributes" : {
        "FID" : 96,
        "PMNTN_SPOT" : 8605,
        "MNTN_CODE" : "481700201",
        "MANAGE_SP1" : "02",
        "MANAGE_SP2" : "분기점",
        "DETAIL_SPO" : "분기점",
        "ETC_MATTER" : " ",
        "MNTN_NM" : "광제봉",
        "PAST_SPOT_" : "28121403000097",
        "MNTN_ID" : "2812140300"
      },
      "geometry" : {
        "x" : 294548.12299999967,
        "y" : 292868.83049999736
      }
    },
    {
      "attributes" : {
        "FID" : 97,
        "PMNTN_SPOT" : 8606,
        "MNTN_CODE" : "481700201",
        "MANAGE_SP1" : "01",
        "MANAGE_SP2" : "시종점",
        "DETAIL_SPO" : "시종점",
        "ETC_MATTER" : " ",
        "MNTN_NM" : "광제봉",
        "PAST_SPOT_" : "28121403000098",
        "MNTN_ID" : "2812140300"
      },
      "geometry" : {
        "x" : 294637.2349000033,
        "y" : 291978.06049999967
      }
    },
    {
      "attributes" : {
        "FID" : 98,
        "PMNTN_SPOT" : 8607,
        "MNTN_CODE" : "481700201",
        "MANAGE_SP1" : "01",
        "MANAGE_SP2" : "시종점",
        "DETAIL_SPO" : "시종점",
        "ETC_MATTER" : " ",
        "MNTN_NM" : "광제봉",
        "PAST_SPOT_" : "28121403000099",
        "MNTN_ID" : "2812140300"
      },
      "geometry" : {
        "x" : 294650.1567000011,
        "y" : 291770.62689999864
      }
    },
    {
      "attributes" : {
        "FID" : 99,
        "PMNTN_SPOT" : 8608,
        "MNTN_CODE" : "481700201",
        "MANAGE_SP1" : "01",
        "MANAGE_SP2" : "시종점",
        "DETAIL_SPO" : "시종점",
        "ETC_MATTER" : " ",
        "MNTN_NM" : "광제봉",
        "PAST_SPOT_" : "28121403000100",
        "MNTN_ID" : "2812140300"
      },
      "geometry" : {
        "x" : 294699.23170000408,
        "y" : 294659.23010000028
      }
    },
    {
      "attributes" : {
        "FID" : 100,
        "PMNTN_SPOT" : 8609,
        "MNTN_CODE" : "481700201",
        "MANAGE_SP1" : "01",
        "MANAGE_SP2" : "시종점",
        "DETAIL_SPO" : "시종점",
        "ETC_MATTER" : " ",
        "MNTN_NM" : "광제봉",
        "PAST_SPOT_" : "28121403000101",
        "MNTN_ID" : "2812140300"
      },
      "geometry" : {
        "x" : 294699.53730000276,
        "y" : 297575.11070000194
      }
    },
    {
      "attributes" : {
        "FID" : 101,
        "PMNTN_SPOT" : 8610,
        "MNTN_CODE" : "481700201",
        "MANAGE_SP1" : "99",
        "MANAGE_SP2" : "기타",
        "DETAIL_SPO" : "마라톤 9km 지점(등산로입구)",
        "ETC_MATTER" : " ",
        "MNTN_NM" : "광제봉",
        "PAST_SPOT_" : "28121403000102",
        "MNTN_ID" : "2812140300"
      },
      "geometry" : {
        "x" : 294923.21410000138,
        "y" : 300516.80250000022
      }
    },
    {
      "attributes" : {
        "FID" : 102,
        "PMNTN_SPOT" : 8611,
        "MNTN_CODE" : "481700201",
        "MANAGE_SP1" : "01",
        "MANAGE_SP2" : "시종점",
        "DETAIL_SPO" : "시종점,응석사",
        "ETC_MATTER" : " ",
        "MNTN_NM" : "광제봉",
        "PAST_SPOT_" : "28121403000103",
        "MNTN_ID" : "2812140300"
      },
      "geometry" : {
        "x" : 296354.51209999993,
        "y" : 300451.32950000279
      }
    },
    {
      "attributes" : {
        "FID" : 103,
        "PMNTN_SPOT" : 8612,
        "MNTN_CODE" : "481700201",
        "MANAGE_SP1" : "01",
        "MANAGE_SP2" : "시종점",
        "DETAIL_SPO" : "시종점",
        "ETC_MATTER" : " ",
        "MNTN_NM" : "광제봉",
        "PAST_SPOT_" : "28121403000104",
        "MNTN_ID" : "2812140300"
      },
      "geometry" : {
        "x" : 293524.60760000255,
        "y" : 296858.76730000228
      }
    },
    {
      "attributes" : {
        "FID" : 104,
        "PMNTN_SPOT" : 8613,
        "MNTN_CODE" : "481700201",
        "MANAGE_SP1" : "01",
        "MANAGE_SP2" : "시종점",
        "DETAIL_SPO" : "시종점",
        "ETC_MATTER" : " ",
        "MNTN_NM" : "광제봉",
        "PAST_SPOT_" : "28121403000105",
        "MNTN_ID" : "2812140300"
      },
      "geometry" : {
        "x" : 293358.24701489136,
        "y" : 297252.06312640943
      }
    }
  ]
}