{
  "displayFieldName" : "",
  "fieldAliases" : {
    "FID" : "FID",
    "PMNTN_SN" : "PMNTN_SN",
    "MNTN_CODE" : "MNTN_CODE",
    "MNTN_NM" : "MNTN_NM",
    "PMNTN_NM" : "PMNTN_NM",
    "PMNTN_MAIN" : "PMNTN_MAIN",
    "PMNTN_LT" : "PMNTN_LT",
    "PMNTN_DFFL" : "PMNTN_DFFL",
    "PMNTN_UPPL" : "PMNTN_UPPL",
    "PMNTN_GODN" : "PMNTN_GODN",
    "PMNTN_MTRQ" : "PMNTN_MTRQ",
    "PMNTN_CNRL" : "PMNTN_CNRL",
    "PMNTN_CLS_" : "PMNTN_CLS_",
    "PMNTN_RISK" : "PMNTN_RISK",
    "PMNTN_RECO" : "PMNTN_RECO",
    "DATA_STDR_" : "DATA_STDR_",
    "MNTN_ID" : "MNTN_ID"
  },
  "geometryType" : "esriGeometryPolyline",
  "spatialReference" : {
    "wkt" : "PROJCS[\"PCS_ITRF2000_TM\",GEOGCS[\"GCS_ITRF_2000\",DATUM[\"D_ITRF_2000\",SPHEROID[\"GRS_1980\",6378137.0,298.257222101]],PRIMEM[\"Greenwich\",0.0],UNIT[\"Degree\",0.0174532925199433]],PROJECTION[\"Transverse_Mercator\"],PARAMETER[\"False_Easting\",200000.0],PARAMETER[\"False_Northing\",600000.0],PARAMETER[\"Central_Meridian\",127.0],PARAMETER[\"Scale_Factor\",1.0],PARAMETER[\"Latitude_Of_Origin\",38.0],UNIT[\"Meter\",1.0]]"
  },
  "fields" : [
    {
      "name" : "FID",
      "type" : "esriFieldTypeOID",
      "alias" : "FID"
    },
    {
      "name" : "PMNTN_SN",
      "type" : "esriFieldTypeDouble",
      "alias" : "PMNTN_SN"
    },
    {
      "name" : "MNTN_CODE",
      "type" : "esriFieldTypeString",
      "alias" : "MNTN_CODE",
      "length" : 9
    },
    {
      "name" : "MNTN_NM",
      "type" : "esriFieldTypeString",
      "alias" : "MNTN_NM",
      "length" : 50
    },
    {
      "name" : "PMNTN_NM",
      "type" : "esriFieldTypeString",
      "alias" : "PMNTN_NM",
      "length" : 50
    },
    {
      "name" : "PMNTN_MAIN",
      "type" : "esriFieldTypeString",
      "alias" : "PMNTN_MAIN",
      "length" : 200
    },
    {
      "name" : "PMNTN_LT",
      "type" : "esriFieldTypeSingle",
      "alias" : "PMNTN_LT"
    },
    {
      "name" : "PMNTN_DFFL",
      "type" : "esriFieldTypeString",
      "alias" : "PMNTN_DFFL",
      "length" : 8
    },
    {
      "name" : "PMNTN_UPPL",
      "type" : "esriFieldTypeDouble",
      "alias" : "PMNTN_UPPL"
    },
    {
      "name" : "PMNTN_GODN",
      "type" : "esriFieldTypeDouble",
      "alias" : "PMNTN_GODN"
    },
    {
      "name" : "PMNTN_MTRQ",
      "type" : "esriFieldTypeString",
      "alias" : "PMNTN_MTRQ",
      "length" : 200
    },
    {
      "name" : "PMNTN_CNRL",
      "type" : "esriFieldTypeString",
      "alias" : "PMNTN_CNRL",
      "length" : 1
    },
    {
      "name" : "PMNTN_CLS_",
      "type" : "esriFieldTypeString",
      "alias" : "PMNTN_CLS_",
      "length" : 1
    },
    {
      "name" : "PMNTN_RISK",
      "type" : "esriFieldTypeString",
      "alias" : "PMNTN_RISK",
      "length" : 200
    },
    {
      "name" : "PMNTN_RECO",
      "type" : "esriFieldTypeString",
      "alias" : "PMNTN_RECO",
      "length" : 1
    },
    {
      "name" : "DATA_STDR_",
      "type" : "esriFieldTypeString",
      "alias" : "DATA_STDR_",
      "length" : 10
    },
    {
      "name" : "MNTN_ID",
      "type" : "esriFieldTypeString",
      "alias" : "MNTN_ID",
      "length" : 10
    }
  ],
  "features" : [
    {
      "attributes" : {
        "FID" : 0,
        "PMNTN_SN" : 16342,
        "MNTN_CODE" : "482701701",
        "MNTN_NM" : "매봉산",
        "PMNTN_NM" : "삼랑리구간",
        "PMNTN_MAIN" : " ",
        "PMNTN_LT" : 1.92,
        "PMNTN_DFFL" : "쉬움",
        "PMNTN_UPPL" : 34,
        "PMNTN_GODN" : 24,
        "PMNTN_MTRQ" : " ",
        "PMNTN_CNRL" : " ",
        "PMNTN_CLS_" : " ",
        "PMNTN_RISK" : " ",
        "PMNTN_RECO" : " ",
        "DATA_STDR_" : "2016-12-31",
        "MNTN_ID" : "482701701"
      },
      "geometry" : {
        "paths" : [
          [
            [
              365757.45629999973,
              311662.56350000203
            ],
            [
              365750.96080000047,
              311663.97929999977
            ],
            [
              365744.85810000077,
              311666.02630000003
            ],
            [
              365739.14810000081,
              311668.70439999923
            ],
            [
              365733.83090000134,
              311672.01360000111
            ],
            [
              365730.24650000129,
              311674.61270000227
            ],
            [
              365726.83260000125,
              311677.59919999726
            ],
            [
              365723.58370000031,
              311682.33400000073
            ],
            [
              365721.36560000107,
              311692.68450000137
            ],
            [
              365718.9151999997,
              311697.30100000277
            ],
            [
              365716.847000001,
              311699.84860000201
            ],
            [
              365714.52180000022,
              311702.18200000003
            ],
            [
              365711.32730000187,
              311704.60190000385
            ],
            [
              365707.86790000182,
              311705.97460000217
            ],
            [
              365704.73080000002,
              311706.4502000045
            ],
            [
              365700.25650000107,
              311706.38739999756
            ],
            [
              365691.25140000042,
              311705.45050000213
            ],
            [
              365687.59910000023,
              311705.23619999923
            ],
            [
              365683.97080000024,
              311705.39770000055
            ],
            [
              365679.59300000034,
              311706.50510000251
            ],
            [
              365675.58810000122,
              311708.17620000243
            ],
            [
              365669.9168999996,
              311711.41440000013
            ],
            [
              365664.82180000003,
              311714.96190000139
            ],
            [
              365651.09080000129,
              311723.62470000237
            ],
            [
              365642.18169999961,
              311733.78370000236
            ],
            [
              365638.92949999962,
              311736.38080000132
            ],
            [
              365635.5250000013,
              311739.85879999772
            ],
            [
              365633.28870000131,
              311742.92780000344
            ],
            [
              365626.19510000106,
              311752.04100000113
            ],
            [
              365623.36700000055,
              311756.11989999935
            ],
            [
              365620.8685000008,
              311758.92039999925
            ],
            [
              365617.88819999993,
              311761.86400000192
            ],
            [
              365609.81840000115,
              311771.34290000238
            ],
            [
              365606.49739999976,
              311773.8994999975
            ],
            [
              365598.65940000024,
              311778.82589999959
            ],
            [
              365595.56760000158,
              311781.07149999961
            ],
            [
              365592.70060000103,
              311783.72399999946
            ],
            [
              365588.29870000109,
              311785.41530000232
            ],
            [
              365586.01910000015,
              311789.81739999726
            ],
            [
              365584.42329999991,
              311794.10190000199
            ],
            [
              365583.60400000121,
              311798.01610000245
            ],
            [
              365583.57359999977,
              311801.48060000129
            ],
            [
              365584.28910000063,
              311804.97480000183
            ],
            [
              365585.59509999957,
              311808.48599999957
            ],
            [
              365587.2992000021,
              311811.50729999878
            ],
            [
              365589.90180000104,
              311814.19899999909
            ],
            [
              365593.40830000211,
              311815.39589999989
            ],
            [
              365601.7435000008,
              311816.13740000129
            ],
            [
              365604.5400000019,
              311817.11739999987
            ],
            [
              365607.16270000208,
              311819.38160000369
            ],
            [
              365608.88280000072,
              311821.93040000089
            ],
            [
              365610.42930000089,
              311825.01220000163
            ],
            [
              365611.54750000034,
              311833.79690000042
            ],
            [
              365614.94400000107,
              311842.59149999917
            ],
            [
              365621.47870000079,
              311852.47990000248
            ],
            [
              365621.99450000096,
              311857.99880000018
            ],
            [
              365615.55800000113,
              311866.77520000003
            ],
            [
              365612.79700000025,
              311874.00329999998
            ],
            [
              365609.64740000013,
              311883.5175999999
            ],
            [
              365610.32420000155,
              311891.64570000395
            ],
            [
              365613.92370000016,
              311895.9635000024
            ],
            [
              365621.14910000097,
              311894.3067000024
            ],
            [
              365630.13829999976,
              311889.00880000181
            ],
            [
              365635.60969999991,
              311883.33170000277
            ],
            [
              365640.17570000142,
              311879.31200000457
            ],
            [
              365645.3172000004,
              311879.08830000274
            ],
            [
              365654.23539999872,
              311879.24499999918
            ],
            [
              365660.32160000131,
              311881.9120000042
            ],
            [
              365663.45720000099,
              311884.42760000005
            ],
            [
              365665.04960000049,
              311888.06210000068
            ],
            [
              365665.77290000115,
              311893.03130000271
            ],
            [
              365665.73770000134,
              311897.44830000214
            ],
            [
              365665.39820000064,
              311900.55409999937
            ],
            [
              365664.84489999991,
              311903.54220000282
            ],
            [
              365663.92109999992,
              311906.28619999997
            ],
            [
              365662.3414000012,
              311909.20420000143
            ],
            [
              365660.47709999979,
              311911.88749999925
            ],
            [
              365655.61670000013,
              311918.20910000242
            ],
            [
              365653.50470000133,
              311921.49740000255
            ],
            [
              365651.62200000044,
              311925.18999999762
            ],
            [
              365649.75600000191,
              311929.43360000104
            ],
            [
              365642.7957000006,
              311947.48880000412
            ],
            [
              365641.08010000084,
              311951.24389999919
            ],
            [
              365639.32949999999,
              311954.5728999991
            ],
            [
              365636.90440000128,
              311958.54739999957
            ],
            [
              365628.93429999892,
              311970.63820000179
            ],
            [
              365623.25549999997,
              311980.39780000225
            ],
            [
              365618.72670000046,
              311988.65579999983
            ],
            [
              365614.86529999971,
              311996.29310000129
            ],
            [
              365611.59090000112,
              312003.47900000028
            ],
            [
              365608.79400000069,
              312010.47699999996
            ],
            [
              365606.5103999991,
              312017.22609999962
            ],
            [
              365604.72159999982,
              312023.78099999949
            ],
            [
              365603.41890000086,
              312030.17410000041
            ],
            [
              365602.74749999959,
              312035.80420000106
            ],
            [
              365602.0736999996,
              312048.31989999861
            ],
            [
              365601.52890000213,
              312053.7993999999
            ],
            [
              365600.06850000005,
              312063.40179999918
            ],
            [
              365598.58949999977,
              312071.08660000004
            ],
            [
              365596.88690000027,
              312077.9151000008
            ],
            [
              365594.91380000114,
              312084.03989999928
            ],
            [
              365593.33420000132,
              312087.71140000038
            ],
            [
              365591.16119999997,
              312091.65630000457
            ],
            [
              365583.01330000162,
              312103.82110000215
            ],
            [
              365580.39120000042,
              312108.11370000057
            ],
            [
              365578.34220000077,
              312112.25210000016
            ],
            [
              365576.95849999972,
              312116.17039999925
            ],
            [
              365576.12950000074,
              312120.82139999978
            ],
            [
              365575.08609999996,
              312133.29540000297
            ],
            [
              365573.65940000024,
              312137.90369999968
            ],
            [
              365571.77750000171,
              312140.9012000002
            ],
            [
              365566.02440000139,
              312147.40380000137
            ],
            [
              365564.27660000045,
              312149.66919999942
            ],
            [
              365562.90660000127,
              312152.96330000088
            ],
            [
              365563.38180000056,
              312156.2284000013
            ],
            [
              365565.48300000001,
              312159.47190000117
            ],
            [
              365569.84520000126,
              312163.67710000277
            ],
            [
              365577.90350000095,
              312170.03619999811
            ],
            [
              365581.96540000103,
              312172.86310000159
            ],
            [
              365592.40510000009,
              312178.69470000267
            ],
            [
              365595.83200000226,
              312181.40040000342
            ],
            [
              365598.74410000071,
              312185.0391000025
            ],
            [
              365600.28159999941,
              312188.48330000043
            ],
            [
              365601.53109999932,
              312192.96309999935
            ],
            [
              365603.43549999967,
              312203.07540000044
            ],
            [
              365604.47810000088,
              312207.29120000452
            ],
            [
              365606.83330000006,
              312212.53669999912
            ],
            [
              365610.86000000127,
              312217.07950000092
            ],
            [
              365614.15280000027,
              312219.57420000248
            ],
            [
              365616.78460000083,
              312221.18810000271
            ],
            [
              365622.24280000106,
              312223.99160000123
            ],
            [
              365634.60440000147,
              312229.57210000232
            ],
            [
              365640.74150000047,
              312232.33950000256
            ],
            [
              365647.73610000126,
              312235.11420000158
            ],
            [
              365672.40500000119,
              312243.74730000272
            ],
            [
              365694.47130000032,
              312251.83810000122
            ],
            [
              365707.37050000019,
              312256.03250000253
            ],
            [
              365721.27379999962,
              312260.1810999997
            ],
            [
              365729.08330000006,
              312262.24330000393
            ],
            [
              365736.51790000033,
              312263.74110000208
            ],
            [
              365743.28110000119,
              312264.53769999929
            ],
            [
              365753.09939999972,
              312265.11350000091
            ],
            [
              365756.42489999998,
              312264.97149999999
            ],
            [
              365760.28529999964,
              312264.25769999996
            ],
            [
              365763.27130000107,
              312263.04920000024
            ],
            [
              365771.67140000034,
              312258.13240000233
            ],
            [
              365774.51379999984,
              312257.17209999822
            ],
            [
              365778.27350000106,
              312257.04149999842
            ],
            [
              365781.49830000009,
              312257.88650000095
            ],
            [
              365784.87100000121,
              312259.34699999914
            ],
            [
              365793.9765999997,
              312264.02380000055
            ],
            [
              365797.85400000121,
              312265.24679999985
            ],
            [
              365802.44039999973,
              312265.47900000028
            ],
            [
              365806.93090000004,
              312264.54810000397
            ],
            [
              365811.40790000185,
              312262.49690000154
            ],
            [
              365814.80020000134,
              312260.24050000124
            ],
            [
              365817.10900000203,
              312258.33490000106
            ],
            [
              365820.93060000055,
              312254.61840000376
            ],
            [
              365825.07650000136,
              312249.91630000435
            ],
            [
              365838.92900000047,
              312232.02480000257
            ],
            [
              365844.46920000017,
              312225.40890000202
            ],
            [
              365847.39950000029,
              312222.30570000038
            ],
            [
              365850.2265999997,
              312219.62820000388
            ],
            [
              365852.99770000111,
              312217.33210000023
            ],
            [
              365855.7378000021,
              312215.39690000005
            ],
            [
              365868.86640000064,
              312206.66420000046
            ],
            [
              365875.75700000022,
              312202.54830000177
            ],
            [
              365879.24780000094,
              312200.77460000291
            ],
            [
              365882.55559999961,
              312199.34549999982
            ],
            [
              365885.73470000084,
              312198.23770000041
            ],
            [
              365889.98149999976,
              312197.25530000031
            ],
            [
              365894.93010000046,
              312196.94180000201
            ],
            [
              365899.06130000111,
              312197.24470000155
            ],
            [
              365904.96000000089,
              312198.32729999907
            ],
            [
              365917.06900000013,
              312201.38729999959
            ],
            [
              365922.21560000069,
              312202.47929999977
            ],
            [
              365927.55850000028,
              312203.14140000008
            ],
            [
              365932.28400000092,
              312203.11170000024
            ],
            [
              365936.52930000052,
              312202.56540000066
            ],
            [
              365941.22549999971,
              312201.58420000225
            ],
            [
              365957.23529999889,
              312197.02320000157
            ],
            [
              365963.46939999983,
              312195.55159999989
            ],
            [
              365978.01040000189,
              312192.90389999934
            ],
            [
              365989.59270000085,
              312191.2145000007
            ],
            [
              366000.09649999999,
              312190.21040000394
            ],
            [
              366009.7751000002,
              312189.88150000013
            ],
            [
              366020.91650000121,
              312190.04719999991
            ],
            [
              366025.00109999999,
              312190.34810000286
            ],
            [
              366029.75090000127,
              312191.06800000183
            ],
            [
              366033.21640000213,
              312192.10250000283
            ],
            [
              366041.38370000012,
              312195.64330000058
            ],
            [
              366044.48919999972,
              312196.77930000424
            ],
            [
              366047.63280000072,
              312197.45610000007
            ],
            [
              366051.62179999985,
              312197.12930000201
            ],
            [
              366055.44540000148,
              312195.55780000053
            ],
            [
              366057.97149999999,
              312193.91730000079
            ],
            [
              366064.55759999994,
              312189.11360000074
            ],
            [
              366067.45450000092,
              312187.48040000163
            ],
            [
              366071.57400000002,
              312185.95410000347
            ],
            [
              366075.01049999986,
              312185.1838000007
            ],
            [
              366078.70980000217,
              312184.72740000114
            ],
            [
              366082.73930000048,
              312184.57650000043
            ],
            [
              366090.68929999974,
              312185.0111999996
            ],
            [
              366106.03560000099,
              312186.90520000085
            ],
            [
              366112.24600000121,
              312187.46240000054
            ],
            [
              366118.56309999991,
              312187.56300000101
            ],
            [
              366124.12190000154,
              312187.0465000011
            ],
            [
              366128.94420000073,
              312185.96509999968
            ],
            [
              366137.94209999964,
              312183.1612999998
            ],
            [
              366141.55869999994,
              312182.18960000016
            ],
            [
              366145.30900000222,
              312181.52869999968
            ],
            [
              366148.69230000116,
              312181.37640000135
            ],
            [
              366152.44060000032,
              312181.64210000075
            ],
            [
              366156.27570000011,
              312182.21420000307
            ],
            [
              366160.10120000131,
              312183.07850000449
            ],
            [
              366163.81250000093,
              312184.21140000038
            ],
            [
              366167.22270000074,
              312185.56130000204
            ],
            [
              366170.72800000105,
              312187.27430000156
            ],
            [
              366174.32029999979,
              312189.34669999965
            ],
            [
              366178.92169999983,
              312192.52170000039
            ],
            [
              366181.77489999961,
              312195.19550000317
            ],
            [
              366187.49929999933,
              312202.17090000212
            ],
            [
              366189.61619999912,
              312204.49929999933
            ],
            [
              366192.94350000005,
              312207.14169999957
            ],
            [
              366196.590499999,
              312208.86970000155
            ],
            [
              366199.61689999979,
              312209.64589999989
            ],
            [
              366209.67609999981,
              312211.00789999962
            ],
            [
              366212.95320000127,
              312211.61690000072
            ],
            [
              366216.58509999979,
              312212.65430000238
            ],
            [
              366227.28789999988,
              312216.31960000284
            ],
            [
              366230.68690000102,
              312217.05189999938
            ],
            [
              366234.78010000102,
              312217.19129999913
            ],
            [
              366238.16760000028,
              312216.52250000089
            ],
            [
              366245.74060000014,
              312213.64970000274
            ],
            [
              366249.44710000046,
              312212.66180000268
            ],
            [
              366253.35240000021,
              312212.75080000423
            ],
            [
              366257.26060000062,
              312214.84469999932
            ],
            [
              366260.94690000173,
              312218.34310000017
            ],
            [
              366267.54610000178,
              312226.14039999992
            ],
            [
              366270.5680000009,
              312228.83799999952
            ],
            [
              366274.95310000051,
              312231.59930000454
            ],
            [
              366278.64010000136,
              312233.47420000099
            ],
            [
              366282.61270000134,
              312235.20050000027
            ],
            [
              366286.8833999997,
              312236.78380000219
            ],
            [
              366291.44720000122,
              312238.22399999946
            ],
            [
              366296.35530000087,
              312239.5391000025
            ],
            [
              366307.45469999965,
              312241.85730000213
            ],
            [
              366314.03090000059,
              312242.96000000089
            ],
            [
              366318.92690000124,
              312243.57030000165
            ],
            [
              366323.32500000019,
              312243.83559999987
            ],
            [
              366327.30000000075,
              312243.74730000272
            ],
            [
              366330.71949999966,
              312243.32139999978
            ],
            [
              366334.50779999886,
              312242.48479999974
            ],
            [
              366349.0353000015,
              312238.07729999721
            ],
            [
              366368.89960000012,
              312232.41660000198
            ],
            [
              366374.35010000039,
              312231.22450000048
            ],
            [
              366379.27579999994,
              312230.51710000262
            ],
            [
              366385.82740000077,
              312230.22470000014
            ],
            [
              366401.0111000007,
              312230.51710000262
            ],
            [
              366410.13800000027,
              312230.15929999948
            ],
            [
              366429.97500000056,
              312228.91200000048
            ],
            [
              366437.86670000013,
              312228.62710000016
            ],
            [
              366451.58600000106,
              312229.07139999978
            ],
            [
              366454.85000000056,
              312228.96240000241
            ],
            [
              366459.05090000015,
              312228.3264000006
            ],
            [
              366463.09740000125,
              312227.10950000025
            ],
            [
              366465.862900001,
              312225.86980000325
            ],
            [
              366468.7379999999,
              312224.283400001
            ],
            [
              366474.03860000055,
              312220.71600000001
            ],
            [
              366483.66380000021,
              312213.29309999943
            ],
            [
              366487.56730000209,
              312210.4637000002
            ],
            [
              366491.67610000074,
              312207.87700000033
            ],
            [
              366495.51250000019,
              312205.94680000097
            ],
            [
              366500.11670000013,
              312204.38209999725
            ],
            [
              366509.71449999977,
              312202.19570000283
            ],
            [
              366513.5393000003,
              312201.09190000221
            ],
            [
              366517.97879999969,
              312198.99920000136
            ],
            [
              366521.46869999915,
              312195.78020000271
            ],
            [
              366526.93939999957,
              312186.87640000135
            ],
            [
              366529.18230000045,
              312184.77549999952
            ],
            [
              366533.1398,
              312183.42210000008
            ],
            [
              366538.17640000023,
              312183.26390000246
            ],
            [
              366546.36870000139,
              312184.16449999996
            ],
            [
              366549.81120000221,
              312184.34880000353
            ],
            [
              366553.20830000192,
              312184.08700000122
            ],
            [
              366556.875,
              312182.80969999731
            ],
            [
              366559.61160000041,
              312181.11640000157
            ],
            [
              366566.82630000077,
              312175.11099999957
            ],
            [
              366570.16870000213,
              312172.8713000007
            ],
            [
              366572.91040000133,
              312171.58060000278
            ],
            [
              366576.08880000003,
              312170.45650000125
            ],
            [
              366589.28070000093,
              312167.19940000027
            ],
            [
              366593.47109999973,
              312165.80520000122
            ],
            [
              366597.73620000109,
              312163.77070000209
            ],
            [
              366600.93390000053,
              312161.68270000257
            ],
            [
              366611.17609999981,
              312153.5503000021
            ],
            [
              366615.07949999999,
              312150.7873999998
            ],
            [
              366619.17109999992,
              312148.599700002
            ],
            [
              366622.11480000056,
              312147.61030000076
            ],
            [
              366627.61639999971,
              312146.67269999906
            ],
            [
              366632.27550000045,
              312146.44500000216
            ],
            [
              366637.06659999955,
              312146.67269999906
            ],
            [
              366641.98979999963,
              312147.35589999892
            ]
          ]
        ]
      }
    }
  ]
}