{
  "displayFieldName" : "",
  "fieldAliases" : {
    "FID" : "FID",
    "PMNTN_SN" : "PMNTN_SN",
    "MNTN_CODE" : "MNTN_CODE",
    "MNTN_NM" : "MNTN_NM",
    "PMNTN_NM" : "PMNTN_NM",
    "PMNTN_MAIN" : "PMNTN_MAIN",
    "PMNTN_LT" : "PMNTN_LT",
    "PMNTN_DFFL" : "PMNTN_DFFL",
    "PMNTN_UPPL" : "PMNTN_UPPL",
    "PMNTN_GODN" : "PMNTN_GODN",
    "PMNTN_MTRQ" : "PMNTN_MTRQ",
    "PMNTN_CNRL" : "PMNTN_CNRL",
    "PMNTN_CLS_" : "PMNTN_CLS_",
    "PMNTN_RISK" : "PMNTN_RISK",
    "PMNTN_RECO" : "PMNTN_RECO",
    "DATA_STDR_" : "DATA_STDR_",
    "MNTN_ID" : "MNTN_ID"
  },
  "geometryType" : "esriGeometryPolyline",
  "spatialReference" : {
    "wkt" : "PROJCS[\"PCS_ITRF2000_TM\",GEOGCS[\"GCS_ITRF_2000\",DATUM[\"D_ITRF_2000\",SPHEROID[\"GRS_1980\",6378137.0,298.257222101]],PRIMEM[\"Greenwich\",0.0],UNIT[\"Degree\",0.0174532925199433]],PROJECTION[\"Transverse_Mercator\"],PARAMETER[\"False_Easting\",200000.0],PARAMETER[\"False_Northing\",600000.0],PARAMETER[\"Central_Meridian\",127.0],PARAMETER[\"Scale_Factor\",1.0],PARAMETER[\"Latitude_Of_Origin\",38.0],UNIT[\"Meter\",1.0]]"
  },
  "fields" : [
    {
      "name" : "FID",
      "type" : "esriFieldTypeOID",
      "alias" : "FID"
    },
    {
      "name" : "PMNTN_SN",
      "type" : "esriFieldTypeDouble",
      "alias" : "PMNTN_SN"
    },
    {
      "name" : "MNTN_CODE",
      "type" : "esriFieldTypeString",
      "alias" : "MNTN_CODE",
      "length" : 9
    },
    {
      "name" : "MNTN_NM",
      "type" : "esriFieldTypeString",
      "alias" : "MNTN_NM",
      "length" : 50
    },
    {
      "name" : "PMNTN_NM",
      "type" : "esriFieldTypeString",
      "alias" : "PMNTN_NM",
      "length" : 50
    },
    {
      "name" : "PMNTN_MAIN",
      "type" : "esriFieldTypeString",
      "alias" : "PMNTN_MAIN",
      "length" : 200
    },
    {
      "name" : "PMNTN_LT",
      "type" : "esriFieldTypeSingle",
      "alias" : "PMNTN_LT"
    },
    {
      "name" : "PMNTN_DFFL",
      "type" : "esriFieldTypeString",
      "alias" : "PMNTN_DFFL",
      "length" : 8
    },
    {
      "name" : "PMNTN_UPPL",
      "type" : "esriFieldTypeDouble",
      "alias" : "PMNTN_UPPL"
    },
    {
      "name" : "PMNTN_GODN",
      "type" : "esriFieldTypeDouble",
      "alias" : "PMNTN_GODN"
    },
    {
      "name" : "PMNTN_MTRQ",
      "type" : "esriFieldTypeString",
      "alias" : "PMNTN_MTRQ",
      "length" : 200
    },
    {
      "name" : "PMNTN_CNRL",
      "type" : "esriFieldTypeString",
      "alias" : "PMNTN_CNRL",
      "length" : 1
    },
    {
      "name" : "PMNTN_CLS_",
      "type" : "esriFieldTypeString",
      "alias" : "PMNTN_CLS_",
      "length" : 1
    },
    {
      "name" : "PMNTN_RISK",
      "type" : "esriFieldTypeString",
      "alias" : "PMNTN_RISK",
      "length" : 200
    },
    {
      "name" : "PMNTN_RECO",
      "type" : "esriFieldTypeString",
      "alias" : "PMNTN_RECO",
      "length" : 1
    },
    {
      "name" : "DATA_STDR_",
      "type" : "esriFieldTypeString",
      "alias" : "DATA_STDR_",
      "length" : 10
    },
    {
      "name" : "MNTN_ID",
      "type" : "esriFieldTypeString",
      "alias" : "MNTN_ID",
      "length" : 10
    }
  ],
  "features" : [
    {
      "attributes" : {
        "FID" : 0,
        "PMNTN_SN" : 51753,
        "MNTN_CODE" : "413602401",
        "MNTN_NM" : "퇴뫼산",
        "PMNTN_NM" : "퇴계원리구간",
        "PMNTN_MAIN" : " ",
        "PMNTN_LT" : 0.41,
        "PMNTN_DFFL" : "쉬움",
        "PMNTN_UPPL" : 7,
        "PMNTN_GODN" : 5,
        "PMNTN_MTRQ" : " ",
        "PMNTN_CNRL" : " ",
        "PMNTN_CLS_" : " ",
        "PMNTN_RISK" : " ",
        "PMNTN_RECO" : " ",
        "DATA_STDR_" : "2016-12-31",
        "MNTN_ID" : "413602401"
      },
      "geometry" : {
        "paths" : [
          [
            [
              212396.57000000123,
              561720.34440000169
            ],
            [
              212401.99690000061,
              561710.21050000191
            ],
            [
              212407.60379999969,
              561700.18610000238
            ],
            [
              212413.39069999941,
              561690.27130000107
            ],
            [
              212419.35770000052,
              561680.46599999815
            ],
            [
              212421.50389999989,
              561677.40500000119
            ],
            [
              212425.36569999997,
              561669.67630000412
            ],
            [
              212427.659500001,
              561666.51050000265
            ],
            [
              212429.66770000011,
              561661.92540000193
            ],
            [
              212429.32539999951,
              561658.55699999817
            ],
            [
              212427.08510000072,
              561656.00750000216
            ],
            [
              212422.25250000041,
              561653.15320000052
            ],
            [
              212414.643600001,
              561648.21120000258
            ],
            [
              212410.29399999976,
              561646.03890000284
            ],
            [
              212407.39120000042,
              561644.10780000128
            ],
            [
              212404.67250000034,
              561641.42270000093
            ],
            [
              212402.86650000047,
              561638.33410000242
            ],
            [
              212401.74859999958,
              561635.63580000028
            ],
            [
              212400.80080000125,
              561632.62780000083
            ],
            [
              212400.02010000218,
              561629.3003000021
            ],
            [
              212399.40850000177,
              561625.6790000014
            ],
            [
              212398.95109999925,
              561621.69570000097
            ],
            [
              212402.11529999971,
              561603.49080000073
            ],
            [
              212403.41569999978,
              561598.30090000108
            ],
            [
              212405.30929999985,
              561592.77999999933
            ],
            [
              212409.17810000107,
              561583.93880000152
            ],
            [
              212416.27219999954,
              561563.32200000249
            ],
            [
              212418.60709999967,
              561558.41009999998
            ],
            [
              212420.4971000012,
              561553.99460000172
            ],
            [
              212422.76240000036,
              561547.51950000413
            ],
            [
              212427.11130000092,
              561532.74290000089
            ],
            [
              212429.23390000127,
              561526.87250000052
            ],
            [
              212430.81660000049,
              561523.38859999925
            ],
            [
              212432.52589999977,
              561520.32670000196
            ],
            [
              212434.39639999997,
              561517.62519999966
            ],
            [
              212436.44840000011,
              561515.25560000166
            ],
            [
              212439.6930000009,
              561512.28250000067
            ],
            [
              212443.6464000009,
              561509.31960000098
            ],
            [
              212448.36649999954,
              561506.30860000104
            ],
            [
              212454.67860000022,
              561502.72240000404
            ],
            [
              212457.81109999958,
              561501.21970000118
            ],
            [
              212461.51080000121,
              561499.85529999994
            ],
            [
              212471.32960000075,
              561495.12659999914
            ],
            [
              212475.63090000022,
              561493.73160000145
            ],
            [
              212479.5196000021,
              561492.03580000065
            ],
            [
              212482.69159999955,
              561490.07840000279
            ],
            [
              212485.45949999988,
              561487.70750000142
            ],
            [
              212488.00300000049,
              561484.84940000251
            ],
            [
              212490.35020000208,
              561481.47319999896
            ],
            [
              212492.54959999956,
              561477.50989999808
            ],
            [
              212494.23540000152,
              561473.86510000192
            ],
            [
              212495.94550000038,
              561469.61119999923
            ],
            [
              212501.29300000053,
              561457.4560000021
            ],
            [
              212507.44150000066,
              561447.28120000102
            ],
            [
              212509.36890000105,
              561443.47450000234
            ],
            [
              212517.8749000011,
              561428.60510000028
            ],
            [
              212526.78699999955,
              561413.96390000172
            ],
            [
              212536.10510000028,
              561399.55080000125
            ],
            [
              212545.82910000067,
              561385.36599999852
            ]
          ]
        ]
      }
    },
    {
      "attributes" : {
        "FID" : 1,
        "PMNTN_SN" : 51754,
        "MNTN_CODE" : "413602401",
        "MNTN_NM" : "퇴뫼산",
        "PMNTN_NM" : " ",
        "PMNTN_MAIN" : " ",
        "PMNTN_LT" : 0.24,
        "PMNTN_DFFL" : "쉬움",
        "PMNTN_UPPL" : 4,
        "PMNTN_GODN" : 3,
        "PMNTN_MTRQ" : " ",
        "PMNTN_CNRL" : " ",
        "PMNTN_CLS_" : " ",
        "PMNTN_RISK" : " ",
        "PMNTN_RECO" : " ",
        "DATA_STDR_" : "2016-12-31",
        "MNTN_ID" : "413602401"
      },
      "geometry" : {
        "paths" : [
          [
            [
              212396.57000000123,
              561720.34440000169
            ],
            [
              212388.60340000223,
              561730.37020000257
            ],
            [
              212380.43080000021,
              561740.17640000209
            ],
            [
              212367.55150000099,
              561751.26339999959
            ],
            [
              212359.46680000145,
              561760.8805999998
            ],
            [
              212353.42630000133,
              561768.77830000222
            ],
            [
              212345.42960000131,
              561777.20639999956
            ],
            [
              212334.7265000008,
              561783.16480000131
            ],
            [
              212321.56699999981,
              561790.90389999934
            ],
            [
              212310.58430000022,
              561797.89660000056
            ],
            [
              212305.30530000012,
              561803.62050000206
            ],
            [
              212297.31879999954,
              561812.85350000113
            ],
            [
              212289.82999999914,
              561816.46550000086
            ],
            [
              212280.7387000015,
              561818.1919000037
            ],
            [
              212267.76410000026,
              561820.51579999924
            ],
            [
              212263.90160000138,
              561822.02790000103
            ],
            [
              212261.04399999976,
              561823.65880000032
            ],
            [
              212258.30130000133,
              561825.70960000344
            ],
            [
              212255.65110000037,
              561828.19659999944
            ],
            [
              212253.05720000062,
              561831.15389999934
            ],
            [
              212250.50640000124,
              561834.58480000123
            ],
            [
              212247.86800000072,
              561838.65499999933
            ],
            [
              212238.43180000037,
              561858.25589999929
            ],
            [
              212236.04630000051,
              561862.14270000346
            ],
            [
              212233.7892000014,
              561865.45590000227
            ],
            [
              212231.00459999964,
              561869.00190000422
            ],
            [
              212228.18530000001,
              561871.98100000434
            ],
            [
              212225.27550000045,
              561874.45189999975
            ],
            [
              212222.24450000189,
              561876.43980000168
            ]
          ]
        ]
      }
    },
    {
      "attributes" : {
        "FID" : 2,
        "PMNTN_SN" : 51755,
        "MNTN_CODE" : "413602401",
        "MNTN_NM" : "퇴뫼산",
        "PMNTN_NM" : " ",
        "PMNTN_MAIN" : " ",
        "PMNTN_LT" : 0.27,
        "PMNTN_DFFL" : "쉬움",
        "PMNTN_UPPL" : 5,
        "PMNTN_GODN" : 3,
        "PMNTN_MTRQ" : " ",
        "PMNTN_CNRL" : " ",
        "PMNTN_CLS_" : " ",
        "PMNTN_RISK" : " ",
        "PMNTN_RECO" : " ",
        "DATA_STDR_" : "2016-12-31",
        "MNTN_ID" : "413602401"
      },
      "geometry" : {
        "paths" : [
          [
            [
              212396.57000000123,
              561720.34440000169
            ],
            [
              212401.19930000231,
              561723.42380000092
            ],
            [
              212405.64530000091,
              561726.64070000127
            ],
            [
              212409.90799999982,
              561729.99510000274
            ],
            [
              212413.98749999981,
              561733.48690000363
            ],
            [
              212417.88370000012,
              561737.11620000005
            ],
            [
              212421.59660000168,
              561740.88300000131
            ],
            [
              212425.12630000152,
              561744.78729999997
            ],
            [
              212428.47279999964,
              561748.82900000177
            ],
            [
              212430.26710000075,
              561751.28490000404
            ],
            [
              212431.95710000116,
              561753.99029999971
            ],
            [
              212435.11010000017,
              561760.29450000077
            ],
            [
              212437.61830000021,
              561766.62490000017
            ],
            [
              212442.91170000006,
              561781.66390000097
            ],
            [
              212445.82380000036,
              561788.56700000353
            ],
            [
              212448.93420000002,
              561794.24880000018
            ],
            [
              212450.61469999887,
              561796.71440000087
            ],
            [
              212452.39979999885,
              561798.96180000156
            ],
            [
              212456.32450000197,
              561802.91689999774
            ],
            [
              212465.87330000103,
              561811.09020000137
            ],
            [
              212469.49050000031,
              561814.91320000216
            ],
            [
              212471.76339999959,
              561818.08040000126
            ],
            [
              212473.7435999997,
              561821.61040000431
            ],
            [
              212475.45100000128,
              561825.53780000098
            ],
            [
              212476.91640000045,
              561829.93280000053
            ],
            [
              212478.00449999981,
              561834.13920000009
            ],
            [
              212478.98840000015,
              561838.94180000201
            ],
            [
              212481.79510000069,
              561856.92669999972
            ],
            [
              212483.19930000138,
              561864.19769999944
            ],
            [
              212485.20720000006,
              561871.44099999778
            ],
            [
              212486.39370000083,
              561874.62820000015
            ],
            [
              212487.72059999965,
              561877.57919999957
            ],
            [
              212491.48490000144,
              561885.06870000064
            ],
            [
              212494.44980000053,
              561890.48770000041
            ],
            [
              212497.35250000097,
              561895.18340000138
            ],
            [
              212501.05260000005,
              561900.14640000276
            ],
            [
              212503.76120000146,
              561902.87670000084
            ],
            [
              212505.99989999924,
              561904.67800000124
            ],
            [
              212508.60539999977,
              561906.49970000237
            ],
            [
              212513.92459999956,
              561909.69900000095
            ],
            [
              212526.59190000221,
              561916.57150000148
            ],
            [
              212531.91430000123,
              561920.03880000301
            ],
            [
              212534.17580000125,
              561921.945600003
            ],
            [
              212536.51120000053,
              561924.79530000128
            ],
            [
              212537.85350000113,
              561927.71199999936
            ],
            [
              212538.63200000022,
              561931.8403000012
            ]
          ]
        ]
      }
    },
    {
      "attributes" : {
        "FID" : 3,
        "PMNTN_SN" : 51756,
        "MNTN_CODE" : "413602401",
        "MNTN_NM" : "퇴뫼산",
        "PMNTN_NM" : " ",
        "PMNTN_MAIN" : " ",
        "PMNTN_LT" : 0.19,
        "PMNTN_DFFL" : "쉬움",
        "PMNTN_UPPL" : 3,
        "PMNTN_GODN" : 2,
        "PMNTN_MTRQ" : " ",
        "PMNTN_CNRL" : " ",
        "PMNTN_CLS_" : " ",
        "PMNTN_RISK" : " ",
        "PMNTN_RECO" : " ",
        "DATA_STDR_" : "2016-12-31",
        "MNTN_ID" : "413602401"
      },
      "geometry" : {
        "paths" : [
          [
            [
              212222.24450000189,
              561876.43980000168
            ],
            [
              212217.57940000016,
              561878.92320000194
            ],
            [
              212212.82210000139,
              561881.15389999934
            ],
            [
              212208.05520000029,
              561883.09350000136
            ],
            [
              212203.33590000123,
              561884.71870000102
            ],
            [
              212198.7293999996,
              561886.00899999961
            ],
            [
              212194.25129999965,
              561886.96170000173
            ],
            [
              212189.92980000097,
              561887.57080000266
            ],
            [
              212184.42870000005,
              561887.74550000206
            ],
            [
              212179.82799999975,
              561887.01050000265
            ],
            [
              212168.61639999971,
              561883.52550000139
            ],
            [
              212164.96790000051,
              561882.63470000215
            ],
            [
              212161.27369999979,
              561882.72749999911
            ],
            [
              212158.24370000046,
              561885.16960000247
            ],
            [
              212157.41540000215,
              561889.29230000265
            ],
            [
              212157.6548000006,
              561895.59800000116
            ],
            [
              212159.18829999957,
              561907.18939999864
            ],
            [
              212159.57849999983,
              561911.76070000231
            ],
            [
              212159.78839999996,
              561925.24430000223
            ],
            [
              212160.05890000053,
              561930.88389999978
            ],
            [
              212160.73730000015,
              561936.53799999878
            ],
            [
              212161.8573000012,
              561941.38460000046
            ],
            [
              212163.29760000203,
              561945.6986999996
            ],
            [
              212165.09910000023,
              561950.2620000001
            ],
            [
              212167.18989999965,
              561954.89279999956
            ],
            [
              212169.50370000023,
              561959.44490000047
            ],
            [
              212171.67700000107,
              561963.26820000447
            ],
            [
              212174.51150000002,
              561967.77969999984
            ],
            [
              212177.13490000088,
              561971.4533000011
            ],
            [
              212179.79330000095,
              561974.73270000145
            ],
            [
              212182.36620000191,
              561977.4924000036
            ],
            [
              212184.92960000131,
              561979.83630000055
            ],
            [
              212187.36070000101,
              561981.68720000051
            ],
            [
              212189.79689999949,
              561983.12440000288
            ],
            [
              212193.62899999972,
              561984.55379999988
            ],
            [
              212196.65359999985,
              561985.05790000223
            ],
            [
              212199.45690000057,
              561984.68119999953
            ]
          ]
        ]
      }
    },
    {
      "attributes" : {
        "FID" : 4,
        "PMNTN_SN" : 51757,
        "MNTN_CODE" : "413602401",
        "MNTN_NM" : "퇴뫼산",
        "PMNTN_NM" : " ",
        "PMNTN_MAIN" : " ",
        "PMNTN_LT" : 0.39,
        "PMNTN_DFFL" : "쉬움",
        "PMNTN_UPPL" : 7,
        "PMNTN_GODN" : 5,
        "PMNTN_MTRQ" : " ",
        "PMNTN_CNRL" : " ",
        "PMNTN_CLS_" : " ",
        "PMNTN_RISK" : " ",
        "PMNTN_RECO" : " ",
        "DATA_STDR_" : "2016-12-31",
        "MNTN_ID" : "413602401"
      },
      "geometry" : {
        "paths" : [
          [
            [
              212538.63200000022,
              561931.8403000012
            ],
            [
              212534.26170000061,
              561934.0596000012
            ],
            [
              212528.58020000067,
              561936.58320000395
            ],
            [
              212527.21590000018,
              561940.69339999929
            ],
            [
              212524.98870000057,
              561946.72420000285
            ],
            [
              212519.12880000006,
              561959.13350000046
            ],
            [
              212515.17850000039,
              561964.04570000432
            ],
            [
              212511.78080000076,
              561968.91210000217
            ],
            [
              212509.36890000105,
              561973.28729999997
            ],
            [
              212507.53069999907,
              561978.09350000322
            ],
            [
              212506.02099999972,
              561983.96649999917
            ],
            [
              212504.8833999997,
              561990.29690000229
            ],
            [
              212502.44680000097,
              562006.99340000376
            ],
            [
              212501.51620000042,
              562011.57900000177
            ],
            [
              212500.46880000085,
              562015.40810000151
            ],
            [
              212498.91920000035,
              562019.39740000293
            ],
            [
              212497.06199999992,
              562022.59349999949
            ],
            [
              212494.85709999967,
              562025.06440000236
            ],
            [
              212491.52820000052,
              562027.13860000111
            ],
            [
              212488.05320000183,
              562027.88330000453
            ],
            [
              212484.78360000066,
              562027.8814000003
            ],
            [
              212480.31590000074,
              562027.28959999979
            ],
            [
              212469.00160000194,
              562025.12649999931
            ],
            [
              212464.84769999981,
              562024.7135000024
            ],
            [
              212460.20340000093,
              562024.99160000309
            ],
            [
              212456.59390000068,
              562026.35669999942
            ],
            [
              212452.09130000137,
              562030.27070000209
            ],
            [
              212448.16160000116,
              562035.33249999955
            ],
            [
              212446.2322000023,
              562039.12539999932
            ],
            [
              212445.81830000225,
              562043.46600000001
            ],
            [
              212447.1230000006,
              562046.67540000193
            ],
            [
              212449.25789999962,
              562049.36319999956
            ],
            [
              212454.54260000121,
              562054.84670000151
            ],
            [
              212456.61960000079,
              562057.24650000222
            ],
            [
              212458.77600000147,
              562060.97980000265
            ],
            [
              212459.54970000032,
              562064.88400000148
            ],
            [
              212459.27700000163,
              562068.03159999847
            ],
            [
              212458.38890000153,
              562071.83400000073
            ],
            [
              212455.80430000089,
              562079.89130000025
            ],
            [
              212454.91310000047,
              562083.25500000082
            ],
            [
              212454.45480000041,
              562086.659500001
            ],
            [
              212454.67860000022,
              562089.50439999998
            ],
            [
              212455.61950000189,
              562092.35270000249
            ],
            [
              212457.19180000108,
              562095.09720000066
            ],
            [
              212459.41220000107,
              562097.76880000159
            ],
            [
              212462.32680000085,
              562100.42340000346
            ],
            [
              212465.18479999993,
              562102.56700000167
            ],
            [
              212468.66340000089,
              562104.84820000082
            ],
            [
              212484.74550000113,
              562114.35540000163
            ],
            [
              212488.25349999964,
              562116.78630000167
            ],
            [
              212491.13879999984,
              562119.12829999998
            ],
            [
              212500.03290000092,
              562127.31550000422
            ],
            [
              212509.49210000131,
              562136.54240000434
            ],
            [
              212519.73099999968,
              562146.99910000153
            ],
            [
              212533.29590000026,
              562161.2854999993
            ],
            [
              212536.88460000046,
              562165.37620000355
            ],
            [
              212541.0362999998,
              562170.64450000413
            ],
            [
              212558.89940000046,
              562195.49220000021
            ],
            [
              212562.75580000132,
              562200.55320000276
            ],
            [
              212566.01059999969,
              562204.46460000053
            ],
            [
              212570.28340000007,
              562208.68989999965
            ],
            [
              212573.04060000181,
              562210.48080000095
            ],
            [
              212576.59250000119,
              562210.2789000012
            ]
          ]
        ]
      }
    },
    {
      "attributes" : {
        "FID" : 5,
        "PMNTN_SN" : 51758,
        "MNTN_CODE" : "413602401",
        "MNTN_NM" : "퇴뫼산",
        "PMNTN_NM" : " ",
        "PMNTN_MAIN" : " ",
        "PMNTN_LT" : 0.14,
        "PMNTN_DFFL" : "쉬움",
        "PMNTN_UPPL" : 2,
        "PMNTN_GODN" : 2,
        "PMNTN_MTRQ" : " ",
        "PMNTN_CNRL" : " ",
        "PMNTN_CLS_" : " ",
        "PMNTN_RISK" : " ",
        "PMNTN_RECO" : " ",
        "DATA_STDR_" : "2016-12-31",
        "MNTN_ID" : "413602401"
      },
      "geometry" : {
        "paths" : [
          [
            [
              212199.45690000057,
              561984.68119999953
            ],
            [
              212202.13650000188,
              561983.77540000342
            ],
            [
              212204.91229999997,
              561982.347000001
            ],
            [
              212215.40820000134,
              561975.56610000134
            ],
            [
              212220.11050000042,
              561972.95079999976
            ],
            [
              212232.13630000129,
              561966.82600000128
            ],
            [
              212237.76150000095,
              561963.48819999956
            ],
            [
              212240.59890000056,
              561961.42420000024
            ],
            [
              212242.92180000152,
              561959.35390000045
            ],
            [
              212245.47250000015,
              561956.14790000208
            ],
            [
              212247.50820000004,
              561951.72290000319
            ],
            [
              212248.26710000075,
              561947.85820000246
            ],
            [
              212248.45110000111,
              561943.45020000264
            ],
            [
              212248.06159999873,
              561938.46959999949
            ],
            [
              212247.14230000041,
              561933.09270000085
            ],
            [
              212245.66900000069,
              561927.02490000241
            ],
            [
              212243.68429999892,
              561920.33379999921
            ],
            [
              212240.47460000124,
              561910.62130000256
            ],
            [
              212238.87069999985,
              561906.13340000436
            ],
            [
              212237.07390000019,
              561901.70700000226
            ],
            [
              212235.08430000022,
              561897.34210000001
            ],
            [
              212232.90189999994,
              561893.03870000131
            ],
            [
              212227.95880000107,
              561884.61630000174
            ],
            [
              212222.24450000189,
              561876.43980000168
            ]
          ]
        ]
      }
    },
    {
      "attributes" : {
        "FID" : 6,
        "PMNTN_SN" : 51759,
        "MNTN_CODE" : "413602401",
        "MNTN_NM" : "퇴뫼산",
        "PMNTN_NM" : " ",
        "PMNTN_MAIN" : " ",
        "PMNTN_LT" : 0.31,
        "PMNTN_DFFL" : "쉬움",
        "PMNTN_UPPL" : 5,
        "PMNTN_GODN" : 4,
        "PMNTN_MTRQ" : " ",
        "PMNTN_CNRL" : " ",
        "PMNTN_CLS_" : " ",
        "PMNTN_RISK" : " ",
        "PMNTN_RECO" : " ",
        "DATA_STDR_" : "2016-12-31",
        "MNTN_ID" : "413602401"
      },
      "geometry" : {
        "paths" : [
          [
            [
              212199.45690000057,
              561984.68119999953
            ],
            [
              212199.30760000087,
              561989.79440000094
            ],
            [
              212199.40440000035,
              561994.78960000351
            ],
            [
              212199.74729999993,
              561999.66670000181
            ],
            [
              212200.33640000224,
              562004.42570000142
            ],
            [
              212201.1715000011,
              562009.06660000421
            ],
            [
              212202.2527999999,
              562013.58940000087
            ],
            [
              212203.5803000005,
              562017.99410000071
            ],
            [
              212205.15380000044,
              562022.2808000017
            ],
            [
              212206.60300000105,
              562025.39490000159
            ],
            [
              212208.43970000092,
              562028.47580000013
            ],
            [
              212210.68140000105,
              562031.55390000157
            ],
            [
              212213.36720000021,
              562034.68299999833
            ],
            [
              212219.30010000058,
              562040.48699999787
            ],
            [
              212231.79059999995,
              562051.20450000465
            ],
            [
              212236.74830000103,
              562055.7575000003
            ],
            [
              212241.42900000047,
              562060.75130000152
            ],
            [
              212245.03220000118,
              562065.57730000094
            ],
            [
              212247.81259999983,
              562070.42490000278
            ],
            [
              212250.4215000011,
              562076.15860000253
            ],
            [
              212252.47260000091,
              562081.52070000023
            ],
            [
              212253.40210000146,
              562084.1921999976
            ],
            [
              212257.38570000045,
              562095.64120000042
            ],
            [
              212260.11560000107,
              562102.36480000056
            ],
            [
              212263.22920000087,
              562108.39880000055
            ],
            [
              212264.90370000061,
              562111.02570000105
            ],
            [
              212266.68039999902,
              562113.43140000291
            ],
            [
              212270.60340000037,
              562117.67810000293
            ],
            [
              212278.97499999963,
              562125.35010000132
            ],
            [
              212281.06030000094,
              562127.26120000333
            ],
            [
              212283.77120000124,
              562130.52209999971
            ],
            [
              212285.6986000007,
              562133.44500000216
            ],
            [
              212287.34790000133,
              562136.73160000145
            ],
            [
              212288.73650000058,
              562140.41530000232
            ],
            [
              212289.8917000005,
              562144.56829999946
            ],
            [
              212291.35550000053,
              562152.58720000274
            ],
            [
              212293.66610000003,
              562171.35600000061
            ],
            [
              212294.46130000055,
              562175.71429999731
            ],
            [
              212295.39410000201,
              562179.51900000311
            ],
            [
              212296.47159999888,
              562182.8383000046
            ],
            [
              212297.73190000094,
              562185.82039999962
            ],
            [
              212299.19150000066,
              562188.50390000455
            ],
            [
              212301.69350000005,
              562191.84830000065
            ],
            [
              212304.50580000132,
              562194.57660000212
            ],
            [
              212306.82420000061,
              562196.29630000144
            ],
            [
              212309.52550000045,
              562197.97990000248
            ],
            [
              212314.95849999972,
              562200.77840000391
            ],
            [
              212328.63260000013,
              562206.9579000026
            ],
            [
              212332.04110000096,
              562208.75930000097
            ],
            [
              212334.90909999982,
              562210.53240000457
            ],
            [
              212337.61520000082,
              562212.56800000183
            ],
            [
              212339.84820000082,
              562214.70260000229
            ],
            [
              212342.33160000108,
              562218.18249999918
            ],
            [
              212344.96479999926,
              562224.1464000009
            ],
            [
              212346.43009999953,
              562228.97079999745
            ],
            [
              212347.31030000187,
              562233.51779999956
            ],
            [
              212347.49400000088,
              562238.57300000079
            ]
          ]
        ]
      }
    },
    {
      "attributes" : {
        "FID" : 7,
        "PMNTN_SN" : 51760,
        "MNTN_CODE" : "413602401",
        "MNTN_NM" : "퇴뫼산",
        "PMNTN_NM" : " ",
        "PMNTN_MAIN" : " ",
        "PMNTN_LT" : 0.3,
        "PMNTN_DFFL" : "쉬움",
        "PMNTN_UPPL" : 5,
        "PMNTN_GODN" : 4,
        "PMNTN_MTRQ" : " ",
        "PMNTN_CNRL" : " ",
        "PMNTN_CLS_" : " ",
        "PMNTN_RISK" : " ",
        "PMNTN_RECO" : " ",
        "DATA_STDR_" : "2016-12-31",
        "MNTN_ID" : "413602401"
      },
      "geometry" : {
        "paths" : [
          [
            [
              212576.59250000119,
              562210.2789000012
            ],
            [
              212578.12880000193,
              562207.65949999914
            ],
            [
              212579.30040000007,
              562203.29120000266
            ],
            [
              212579.85510000121,
              562199.14980000257
            ],
            [
              212580.43590000086,
              562190.20370000228
            ],
            [
              212581.15000000037,
              562165.84300000221
            ],
            [
              212581.35390000138,
              562158.60850000009
            ],
            [
              212581.1043000007,
              562144.39950000122
            ],
            [
              212581.14730000123,
              562138.53890000097
            ],
            [
              212581.52359999996,
              562132.47250000015
            ],
            [
              212582.28940000106,
              562127.10400000215
            ],
            [
              212583.2239000015,
              562123.42269999906
            ],
            [
              212584.70910000056,
              562119.37490000017
            ],
            [
              212591.00290000066,
              562106.12040000409
            ],
            [
              212593.02450000122,
              562101.2081000004
            ],
            [
              212594.39250000007,
              562096.28120000102
            ],
            [
              212594.77250000089,
              562092.88770000078
            ],
            [
              212594.55920000095,
              562088.48560000211
            ],
            [
              212593.79849999957,
              562084.82310000062
            ],
            [
              212592.69859999977,
              562081.14870000258
            ],
            [
              212589.31420000084,
              562071.25280000083
            ],
            [
              212588.24710000027,
              562066.92290000059
            ],
            [
              212587.66540000122,
              562062.6707000006
            ],
            [
              212587.52489999961,
              562059.39120000042
            ],
            [
              212587.66760000121,
              562044.9207000006
            ],
            [
              212587.38650000095,
              562041.3786999993
            ],
            [
              212586.84690000024,
              562038.23210000433
            ],
            [
              212584.99799999967,
              562031.60040000267
            ],
            [
              212584.43880000152,
              562024.66440000013
            ],
            [
              212581.22740000114,
              562018.07840000093
            ],
            [
              212577.45340000186,
              562011.77630000003
            ],
            [
              212574.45600000117,
              562007.63139999844
            ],
            [
              212569.47770000063,
              562001.52190000005
            ],
            [
              212567.36730000004,
              561999.18110000156
            ],
            [
              212564.77300000098,
              561996.71550000086
            ],
            [
              212552.5157000022,
              561984.12200000323
            ],
            [
              212548.40969999973,
              561980.2974999994
            ],
            [
              212545.70210000034,
              561977.00989999995
            ],
            [
              212542.34279999975,
              561968.63240000233
            ],
            [
              212542.26480000094,
              561965.20639999956
            ],
            [
              212542.5943,
              561961.57610000111
            ],
            [
              212541.46960000042,
              561938.45380000211
            ],
            [
              212538.63200000022,
              561931.8403000012
            ]
          ]
        ]
      }
    },
    {
      "attributes" : {
        "FID" : 8,
        "PMNTN_SN" : 51761,
        "MNTN_CODE" : "413602401",
        "MNTN_NM" : "퇴뫼산",
        "PMNTN_NM" : "내곡리구간",
        "PMNTN_MAIN" : " ",
        "PMNTN_LT" : 1.41,
        "PMNTN_DFFL" : "쉬움",
        "PMNTN_UPPL" : 25,
        "PMNTN_GODN" : 17,
        "PMNTN_MTRQ" : " ",
        "PMNTN_CNRL" : " ",
        "PMNTN_CLS_" : " ",
        "PMNTN_RISK" : " ",
        "PMNTN_RECO" : " ",
        "DATA_STDR_" : "2016-12-31",
        "MNTN_ID" : "413602401"
      },
      "geometry" : {
        "paths" : [
          [
            [
              212576.59250000119,
              562210.2789000012
            ],
            [
              212573.08200000133,
              562217.48320000246
            ],
            [
              212569.25330000091,
              562224.44219999947
            ],
            [
              212565.10639999993,
              562231.1558000017
            ],
            [
              212560.64109999966,
              562237.62410000153
            ],
            [
              212555.76020000223,
              562244.15610000119
            ],
            [
              212551.3518000003,
              562249.68679999933
            ],
            [
              212547.12009999994,
              562254.58620000072
            ],
            [
              212542.99170000013,
              562258.93610000238
            ],
            [
              212538.85810000077,
              562262.8423999995
            ],
            [
              212534.73929999955,
              562266.27770000137
            ],
            [
              212530.61129999999,
              562269.26200000197
            ],
            [
              212525.30310000107,
              562272.35850000009
            ],
            [
              212521.31209999975,
              562273.92980000004
            ],
            [
              212511.1054999996,
              562276.63929999992
            ],
            [
              212507.62540000211,
              562277.76050000265
            ],
            [
              212503.52460000198,
              562280.05580000207
            ],
            [
              212501.15950000007,
              562283.14520000108
            ],
            [
              212500.11780000106,
              562286.90770000033
            ],
            [
              212500.03440000024,
              562291.58380000107
            ],
            [
              212501.24899999984,
              562298.54480000027
            ],
            [
              212503.37250000052,
              562305.06360000372
            ],
            [
              212506.36800000072,
              562311.88670000248
            ],
            [
              212510.02110000048,
              562318.5186999999
            ],
            [
              212514.85549999867,
              562325.24020000175
            ],
            [
              212518.21210000105,
              562328.33200000226
            ],
            [
              212526.83899999969,
              562334.20380000025
            ],
            [
              212529.54600000009,
              562336.23730000295
            ],
            [
              212532.48620000109,
              562339.18420000188
            ],
            [
              212534.69730000012,
              562342.55630000122
            ],
            [
              212535.78690000065,
              562345.23660000041
            ],
            [
              212536.57680000085,
              562348.23790000007
            ],
            [
              212537.08300000057,
              562351.61970000155
            ],
            [
              212537.33990000095,
              562358.27170000225
            ],
            [
              212536.86920000147,
              562370.85520000011
            ],
            [
              212536.84200000111,
              562375.72240000218
            ],
            [
              212537.15110000037,
              562380.48909999989
            ],
            [
              212537.85350000113,
              562384.6043999996
            ],
            [
              212541.51439999975,
              562398.90630000457
            ],
            [
              212543.27830000129,
              562404.65870000049
            ],
            [
              212545.10859999992,
              562409.85680000111
            ],
            [
              212547.08040000126,
              562414.69160000049
            ],
            [
              212549.17750000115,
              562419.10129999928
            ],
            [
              212551.41570000071,
              562423.11880000122
            ],
            [
              212554.67890000064,
              562427.87070000172
            ],
            [
              212557.58120000176,
              562431.12250000238
            ],
            [
              212559.90580000076,
              562433.20739999972
            ],
            [
              212562.55860000011,
              562435.26300000213
            ],
            [
              212568.96339999977,
              562439.39420000277
            ],
            [
              212583.39800000004,
              562447.32459999993
            ],
            [
              212589.37980000116,
              562450.97100000456
            ],
            [
              212592.42420000117,
              562453.13220000081
            ],
            [
              212595.07540000137,
              562455.2992000021
            ],
            [
              212597.38599999994,
              562457.51510000043
            ],
            [
              212599.38009999972,
              562459.80370000377
            ],
            [
              212603.33920000028,
              562465.2368999999
            ],
            [
              212607.03280000202,
              562471.17290000059
            ],
            [
              212610.4131000014,
              562477.53460000083
            ],
            [
              212613.43010000139,
              562484.22870000266
            ],
            [
              212616.04000000004,
              562491.15900000185
            ],
            [
              212618.19809999969,
              562498.20859999955
            ],
            [
              212619.86950000189,
              562505.26400000416
            ],
            [
              212621.02840000112,
              562512.21529999934
            ],
            [
              212621.30300000217,
              562516.02380000241
            ],
            [
              212621.19000000134,
              562520.35980000161
            ],
            [
              212619.60290000029,
              562534.44989999756
            ],
            [
              212619.26070000138,
              562539.26879999787
            ],
            [
              212619.3395000007,
              562543.66480000131
            ],
            [
              212620.24450000003,
              562548.85889999941
            ],
            [
              212621.59960000031,
              562552.86369999871
            ],
            [
              212622.89740000013,
              562555.60770000145
            ],
            [
              212624.51509999949,
              562558.46010000072
            ],
            [
              212628.28770000115,
              562563.99629999883
            ],
            [
              212636.56350000016,
              562574.63890000246
            ],
            [
              212639.83619999979,
              562579.15610000119
            ],
            [
              212642.82310000155,
              562584.01090000197
            ],
            [
              212644.95540000033,
              562588.55390000157
            ],
            [
              212647.61440000031,
              562595.56949999928
            ],
            [
              212649.65780000109,
              562601.4811000023
            ],
            [
              212651.29790000059,
              562606.90460000187
            ],
            [
              212652.56030000094,
              562611.9366999995
            ],
            [
              212653.47820000071,
              562616.73949999921
            ],
            [
              212654.03400000092,
              562621.2629000023
            ],
            [
              212654.23130000103,
              562625.53520000167
            ],
            [
              212653.91390000097,
              562630.68050000072
            ],
            [
              212653.19320000056,
              562634.09249999933
            ],
            [
              212651.28039999958,
              562639.07480000146
            ],
            [
              212648.85410000011,
              562643.76099999994
            ],
            [
              212642.62100000028,
              562654.49230000004
            ],
            [
              212640.15330000035,
              562659.59789999947
            ],
            [
              212638.6670000013,
              562664.13860000111
            ],
            [
              212638.1986000007,
              562667.28550000302
            ],
            [
              212638.38560000062,
              562672.18600000069
            ],
            [
              212639.21470000036,
              562676.31020000018
            ],
            [
              212640.15720000025,
              562679.2985999994
            ],
            [
              212642.43700000085,
              562684.8984999992
            ],
            [
              212649.12299999967,
              562699.19050000049
            ],
            [
              212650.69710000232,
              562703.3124000039
            ],
            [
              212651.79170000087,
              562707.04969999939
            ],
            [
              212652.97790000122,
              562712.84430000186
            ],
            [
              212655.11390000023,
              562726.92560000159
            ],
            [
              212656.34920000006,
              562733.25550000183
            ],
            [
              212657.58070000075,
              562737.8564999979
            ],
            [
              212659.24590000138,
              562742.92469999939
            ],
            [
              212665.39790000115,
              562758.87289999984
            ],
            [
              212667.37350000162,
              562764.38780000061
            ],
            [
              212668.93120000046,
              562769.53940000013
            ],
            [
              212670.02180000022,
              562774.2731999997
            ],
            [
              212670.88790000044,
              562780.93180000223
            ],
            [
              212671.08200000133,
              562788.34620000422
            ],
            [
              212670.59600000083,
              562797.18209999986
            ],
            [
              212668.59100000095,
              562816.1425999999
            ],
            [
              212668.00150000025,
              562824.33170000464
            ],
            [
              212667.90899999999,
              562828.76650000177
            ],
            [
              212668.02309999987,
              562832.86750000156
            ],
            [
              212668.34640000015,
              562836.71749999933
            ],
            [
              212668.88250000123,
              562840.35740000196
            ],
            [
              212670.24370000046,
              562846.53779999912
            ],
            [
              212672.11920000147,
              562852.90789999999
            ],
            [
              212674.52840000018,
              562859.53580000252
            ],
            [
              212677.51970000006,
              562866.55509999953
            ],
            [
              212683.0120000001,
              562877.74469999969
            ],
            [
              212697.14020000026,
              562903.74430000037
            ],
            [
              212703.06390000135,
              562915.55670000054
            ],
            [
              212705.96000000089,
              562922.45620000176
            ],
            [
              212711.72380000073,
              562938.06939999945
            ],
            [
              212714.34110000171,
              562944.1761000026
            ],
            [
              212716.215499999,
              562947.85660000145
            ],
            [
              212718.16550000012,
              562951.11180000007
            ],
            [
              212720.23070000112,
              562954.00760000013
            ],
            [
              212722.43340000138,
              562956.574400004
            ],
            [
              212725.20770000014,
              562959.10980000161
            ],
            [
              212728.64740000106,
              562961.53400000185
            ],
            [
              212732.89639999997,
              562963.96230000257
            ],
            [
              212742.28160000034,
              562968.65000000224
            ],
            [
              212746.22330000158,
              562970.79830000177
            ],
            [
              212750.09580000024,
              562973.32980000228
            ],
            [
              212753.1967999991,
              562975.9439000003
            ],
            [
              212756.75870000105,
              562979.71370000206
            ],
            [
              212760.17750000022,
              562983.94270000234
            ],
            [
              212763.44550000038,
              562988.62170000002
            ],
            [
              212766.55279999971,
              562993.73640000075
            ],
            [
              212769.49399999995,
              562999.28000000119
            ],
            [
              212772.24830000103,
              563005.21570000052
            ],
            [
              212774.79940000083,
              563011.50860000029
            ],
            [
              212777.12380000111,
              563018.10110000148
            ],
            [
              212778.3899000017,
              563023.15469999984
            ],
            [
              212779.13340000156,
              563029.05610000156
            ],
            [
              212779.40030000079,
              563034.86080000177
            ],
            [
              212779.54230000172,
              563048.60720000044
            ],
            [
              212780.00810000021,
              563055.16200000048
            ],
            [
              212780.46560000069,
              563058.2183000017
            ],
            [
              212781.08070000075,
              563061.00999999978
            ],
            [
              212782.34200000111,
              563064.76820000261
            ],
            [
              212784.47420000006,
              563069.0569000002
            ],
            [
              212786.55940000061,
              563072.09280000255
            ],
            [
              212789.09690000024,
              563075.09329999983
            ],
            [
              212792.13219999988,
              563078.1128000021
            ],
            [
              212795.16540000122,
              563080.75580000132
            ],
            [
              212798.74170000106,
              563083.57870000228
            ],
            [
              212812.52960000094,
              563093.49730000272
            ],
            [
              212818.00219999999,
              563097.72210000269
            ],
            [
              212823.19440000132,
              563102.39310000278
            ],
            [
              212827.2566000009,
              563106.97290000133
            ],
            [
              212834.68050000072,
              563116.57789999992
            ],
            [
              212839.33330000099,
              563122.89499999955
            ],
            [
              212843.33350000158,
              563128.79530000128
            ],
            [
              212846.59320000093,
              563134.20010000281
            ],
            [
              212849.31309999991,
              563139.49590000138
            ],
            [
              212851.35400000121,
              563144.48179999925
            ],
            [
              212852.73490000051,
              563149.20450000092
            ],
            [
              212853.46240000147,
              563153.68759999983
            ],
            [
              212853.44500000123,
              563157.03779999912
            ],
            [
              212852.78969999962,
              563160.565200001
            ],
            [
              212851.49040000048,
              563164.30690000392
            ],
            [
              212849.5214999998,
              563168.33720000274
            ],
            [
              212847.42930000089,
              563171.84400000051
            ],
            [
              212844.78119999915,
              563175.76449999958
            ],
            [
              212832.12820000108,
              563192.90899999999
            ],
            [
              212829.44630000181,
              563197.1360000018
            ],
            [
              212827.42279999889,
              563200.94660000131
            ],
            [
              212825.97270000074,
              563204.50900000148
            ],
            [
              212825.08810000122,
              563207.85779999942
            ],
            [
              212824.75720000174,
              563211.03800000064
            ],
            [
              212825.28720000014,
              563215.42740000226
            ],
            [
              212826.56730000116,
              563219.58570000157
            ],
            [
              212827.90029999986,
              563222.52330000326
            ],
            [
              212829.62280000094,
              563225.65310000069
            ],
            [
              212833.33640000224,
              563231.32600000314
            ],
            [
              212842.78520000074,
              563244.3574000001
            ],
            [
              212846.62610000093,
              563250.5351000037
            ],
            [
              212856.80860000104,
              563268.2947000023
            ],
            [
              212860.9196000006,
              563275.99650000408
            ],
            [
              212864.57809999958,
              563284.08149999939
            ],
            [
              212865.98510000017,
              563287.87030000053
            ],
            [
              212867.13499999978,
              563291.55289999954
            ],
            [
              212867.79350000061,
              563294.78280000016
            ],
            [
              212868.1398,
              563298.72360000014
            ],
            [
              212867.97640000097,
              563312.31210000254
            ],
            [
              212868.14979999978,
              563315.13529999927
            ],
            [
              212868.60329999961,
              563319.90240000002
            ],
            [
              212870.01450000051,
              563323.86160000227
            ],
            [
              212872.3992999997,
              563326.08180000074
            ],
            [
              212875.84600000083,
              563326.84759999998
            ],
            [
              212879.28000000119,
              563326.65100000054
            ],
            [
              212884.09669999965,
              563325.62490000203
            ],
            [
              212896.56710000057,
              563322.15369999968
            ],
            [
              212901.09530000109,
              563321.34220000356
            ],
            [
              212908.46380000003,
              563321.08540000021
            ],
            [
              212923.33270000201,
              563321.77300000004
            ],
            [
              212927.37149999943,
              563321.62640000135
            ],
            [
              212930.94039999973,
              563321.17679999955
            ],
            [
              212936.74170000013,
              563319.90359999985
            ],
            [
              212942.43180000223,
              563318.18040000275
            ],
            [
              212948.01070000138,
              563316.00710000098
            ],
            [
              212953.47840000223,
              563313.38370000198
            ],
            [
              212958.83480000217,
              563310.31020000391
            ],
            [
              212964.08010000084,
              563306.78659999929
            ],
            [
              212969.21410000231,
              563302.81289999932
            ],
            [
              212974.23700000066,
              563298.38920000009
            ]
          ]
        ]
      }
    },
    {
      "attributes" : {
        "FID" : 9,
        "PMNTN_SN" : 51762,
        "MNTN_CODE" : "413602401",
        "MNTN_NM" : "퇴뫼산",
        "PMNTN_NM" : " ",
        "PMNTN_MAIN" : " ",
        "PMNTN_LT" : 0.39,
        "PMNTN_DFFL" : "쉬움",
        "PMNTN_UPPL" : 7,
        "PMNTN_GODN" : 5,
        "PMNTN_MTRQ" : " ",
        "PMNTN_CNRL" : " ",
        "PMNTN_CLS_" : " ",
        "PMNTN_RISK" : " ",
        "PMNTN_RECO" : " ",
        "DATA_STDR_" : "2016-12-31",
        "MNTN_ID" : "413602401"
      },
      "geometry" : {
        "paths" : [
          [
            [
              212347.49400000088,
              562238.57300000079
            ],
            [
              212347.30390000064,
              562239.41269999929
            ],
            [
              212346.3403000012,
              562243.66909999959
            ],
            [
              212344.56140000001,
              562247.56179999933
            ],
            [
              212341.54510000069,
              562252.29120000452
            ],
            [
              212333.59130000044,
              562263.12299999967
            ],
            [
              212331.85060000047,
              562265.86350000091
            ],
            [
              212330.48590000067,
              562268.38739999942
            ],
            [
              212328.50990000088,
              562272.77300000191
            ],
            [
              212326.56760000158,
              562277.78439999931
            ],
            [
              212320.75630000047,
              562295.31689999998
            ],
            [
              212318.31989999954,
              562301.95340000093
            ],
            [
              212315.4187000012,
              562308.43170000054
            ],
            [
              212312.25569999963,
              562313.96270000003
            ],
            [
              212306.37920000032,
              562322.84620000236
            ],
            [
              212304.16679999977,
              562325.53769999929
            ],
            [
              212301.13019999955,
              562328.21810000204
            ],
            [
              212296.87750000041,
              562329.97609999776
            ],
            [
              212292.66180000082,
              562330.59920000099
            ],
            [
              212286.59379999992,
              562330.56350000389
            ],
            [
              212272.87820000015,
              562329.51610000059
            ],
            [
              212270.02639999986,
              562329.50410000421
            ],
            [
              212266.65299999993,
              562329.93500000425
            ],
            [
              212263.41530000046,
              562331.45009999909
            ],
            [
              212261.84979999997,
              562335.04290000349
            ],
            [
              212262.0597000001,
              562339.8236999996
            ],
            [
              212262.88939999975,
              562343.71580000222
            ],
            [
              212265.54110000003,
              562353.84110000357
            ],
            [
              212267.06440000143,
              562359.07590000145
            ],
            [
              212270.91900000162,
              562369.02879999951
            ],
            [
              212272.28650000133,
              562373.09320000187
            ],
            [
              212273.2499000011,
              562377.34770000167
            ],
            [
              212273.38629999943,
              562382.37530000135
            ],
            [
              212272.55150000192,
              562386.28470000066
            ],
            [
              212269.11499999929,
              562395.07890000194
            ],
            [
              212267.94099999964,
              562399.28580000438
            ],
            [
              212268.15020000096,
              562403.84510000423
            ],
            [
              212270.51740000024,
              562407.69140000083
            ],
            [
              212273.65530000068,
              562410.40380000137
            ],
            [
              212278.66920000035,
              562413.33260000125
            ],
            [
              212291.92050000094,
              562419.75720000267
            ],
            [
              212294.97759999987,
              562421.56350000016
            ],
            [
              212297.44379999954,
              562423.34339999966
            ],
            [
              212305.33000000101,
              562430.20290000178
            ],
            [
              212313.61490000226,
              562438.31990000047
            ],
            [
              212322.15240000095,
              562447.45329999924
            ],
            [
              212336.18280000053,
              562463.22179999948
            ],
            [
              212342.11710000131,
              562470.24829999916
            ],
            [
              212356.42509999964,
              562488.28440000117
            ],
            [
              212360.6623999998,
              562493.17940000258
            ],
            [
              212364.66730000079,
              562497.40330000035
            ],
            [
              212367.9821000006,
              562500.93490000255
            ],
            [
              212377.72989999969,
              562511.9272000026
            ],
            [
              212382.95739999972,
              562517.09510000236
            ],
            [
              212385.75220000092,
              562519.21420000121
            ],
            [
              212388.06039999984,
              562520.4896000009
            ],
            [
              212390.87310000136,
              562520.19089999981
            ]
          ]
        ]
      }
    },
    {
      "attributes" : {
        "FID" : 10,
        "PMNTN_SN" : 51763,
        "MNTN_CODE" : "413602401",
        "MNTN_NM" : "퇴뫼산",
        "PMNTN_NM" : " ",
        "PMNTN_MAIN" : " ",
        "PMNTN_LT" : 0.32,
        "PMNTN_DFFL" : "쉬움",
        "PMNTN_UPPL" : 6,
        "PMNTN_GODN" : 4,
        "PMNTN_MTRQ" : " ",
        "PMNTN_CNRL" : " ",
        "PMNTN_CLS_" : " ",
        "PMNTN_RISK" : " ",
        "PMNTN_RECO" : " ",
        "DATA_STDR_" : "2016-12-31",
        "MNTN_ID" : "413602401"
      },
      "geometry" : {
        "paths" : [
          [
            [
              212390.87310000136,
              562520.19089999981
            ],
            [
              212392.84970000014,
              562517.1865000017
            ],
            [
              212393.83100000024,
              562514.02910000086
            ],
            [
              212394.78010000102,
              562508.99239999987
            ],
            [
              212396.57000000123,
              562496.26390000246
            ],
            [
              212397.13910000119,
              562492.34420000203
            ],
            [
              212397.49120000098,
              562488.21250000224
            ],
            [
              212397.63040000014,
              562483.82590000331
            ],
            [
              212397.55939999968,
              562479.09860000014
            ],
            [
              212396.9924000008,
              562470.33270000294
            ],
            [
              212395.23309999984,
              562452.31959999911
            ],
            [
              212394.9581000004,
              562449.50450000167
            ],
            [
              212394.54840000067,
              562439.59300000221
            ],
            [
              212394.67239999957,
              562434.82960000075
            ],
            [
              212395.04680000059,
              562430.38380000181
            ],
            [
              212395.93600000069,
              562424.81200000271
            ],
            [
              212397.01890000049,
              562420.7304999996
            ],
            [
              212398.2603000002,
              562417.03720000014
            ],
            [
              212404.83899999969,
              562401.86420000158
            ],
            [
              212406.05490000173,
              562398.20070000179
            ],
            [
              212406.82450000104,
              562394.85889999941
            ],
            [
              212407.51450000145,
              562388.68720000051
            ],
            [
              212407.51439999975,
              562382.13169999979
            ],
            [
              212406.82430000138,
              562375.20240000077
            ],
            [
              212405.44560000021,
              562367.91400000267
            ],
            [
              212403.37799999956,
              562360.27270000428
            ],
            [
              212400.63030000124,
              562352.31550000049
            ],
            [
              212397.2136000013,
              562344.07560000382
            ],
            [
              212393.15189999994,
              562335.61099999957
            ],
            [
              212391.7293000007,
              562333.1241999995
            ],
            [
              212389.8981999997,
              562330.44420000166
            ],
            [
              212383.35030000098,
              562322.23860000074
            ],
            [
              212381.68880000059,
              562319.94950000197
            ],
            [
              212380.02729999926,
              562317.66040000133
            ],
            [
              212378.53800000157,
              562314.94970000349
            ],
            [
              212376.9366000006,
              562310.66819999926
            ],
            [
              212376.32530000154,
              562307.47959999926
            ],
            [
              212376.07430000138,
              562303.63670000061
            ],
            [
              212376.29940000176,
              562300.81709999964
            ],
            [
              212376.55140000023,
              562297.6612999998
            ],
            [
              212378.25510000065,
              562284.59920000099
            ],
            [
              212378.45189999975,
              562280.8321000021
            ],
            [
              212378.33990000188,
              562277.50250000134
            ],
            [
              212377.42750000022,
              562257.77400000021
            ],
            [
              212376.90610000025,
              562252.74520000257
            ],
            [
              212376.15570000093,
              562248.55900000036
            ],
            [
              212374.97990000062,
              562244.6074000001
            ],
            [
              212373.4450999992,
              562241.49020000175
            ],
            [
              212370.39460000023,
              562238.36339999922
            ],
            [
              212366.03010000195,
              562236.54000000097
            ],
            [
              212361.16390000097,
              562235.8553000018
            ],
            [
              212357.05929999985,
              562235.91230000183
            ],
            [
              212354.08040000219,
              562236.25470000319
            ],
            [
              212347.49400000088,
              562238.57300000079
            ]
          ]
        ]
      }
    },
    {
      "attributes" : {
        "FID" : 11,
        "PMNTN_SN" : 51764,
        "MNTN_CODE" : "413602401",
        "MNTN_NM" : "퇴뫼산",
        "PMNTN_NM" : "내곡리구간",
        "PMNTN_MAIN" : " ",
        "PMNTN_LT" : 1.39,
        "PMNTN_DFFL" : "쉬움",
        "PMNTN_UPPL" : 25,
        "PMNTN_GODN" : 17,
        "PMNTN_MTRQ" : " ",
        "PMNTN_CNRL" : " ",
        "PMNTN_CLS_" : " ",
        "PMNTN_RISK" : " ",
        "PMNTN_RECO" : " ",
        "DATA_STDR_" : "2016-12-31",
        "MNTN_ID" : "413602401"
      },
      "geometry" : {
        "paths" : [
          [
            [
              212390.87310000136,
              562520.19089999981
            ],
            [
              212388.74440000113,
              562526.35850000381
            ],
            [
              212386.32859999966,
              562532.18820000067
            ],
            [
              212383.62579999957,
              562537.67990000173
            ],
            [
              212380.6360000018,
              562542.83369999938
            ],
            [
              212377.35920000076,
              562547.64950000308
            ],
            [
              212373.79540000204,
              562552.12740000151
            ],
            [
              212369.94460000005,
              562556.26730000041
            ],
            [
              212364.86260000058,
              562560.77810000069
            ],
            [
              212360.51250000112,
              562563.35540000349
            ],
            [
              212356.45440000109,
              562565.0075000003
            ],
            [
              212350.87769999914,
              562566.62750000134
            ],
            [
              212348.12509999983,
              562567.27850000188
            ],
            [
              212337.23050000053,
              562569.85529999994
            ],
            [
              212333.87280000094,
              562570.86439999938
            ],
            [
              212331.02359999996,
              562571.93129999749
            ],
            [
              212327.11800000165,
              562574.00350000151
            ],
            [
              212323.27830000222,
              562577.36089999788
            ],
            [
              212320.12110000197,
              562582.55840000138
            ],
            [
              212318.84560000058,
              562585.35390000232
            ],
            [
              212317.38210000098,
              562589.53790000081
            ],
            [
              212316.24780000187,
              562593.93709999882
            ],
            [
              212315.4924000008,
              562598.34840000048
            ],
            [
              212315.13930000085,
              562602.62160000205
            ],
            [
              212315.2005000012,
              562606.60830000229
            ],
            [
              212315.95040000137,
              562611.21010000072
            ],
            [
              212317.66110000014,
              562615.28199999966
            ],
            [
              212319.73540000059,
              562618.45770000294
            ],
            [
              212323.09630000219,
              562622.38670000248
            ],
            [
              212332.92819999997,
              562632.56490000337
            ],
            [
              212335.44049999956,
              562635.7172000017
            ],
            [
              212337.32220000122,
              562638.68670000136
            ],
            [
              212340.30209999997,
              562644.66310000047
            ],
            [
              212343.11120000109,
              562651.38170000166
            ],
            [
              212345.81600000057,
              562658.98470000364
            ],
            [
              212348.71600000001,
              562668.31069999933
            ],
            [
              212349.96870000195,
              562673.31310000457
            ],
            [
              212350.96640000027,
              562679.03280000202
            ],
            [
              212352.98000000138,
              562697.71690000035
            ],
            [
              212353.87559999991,
              562704.1015000008
            ],
            [
              212355.10640000086,
              562709.93810000084
            ],
            [
              212356.69170000125,
              562715.02529999986
            ],
            [
              212358.65100000147,
              562719.51019999944
            ],
            [
              212361.16619999986,
              562723.93339999951
            ],
            [
              212364.25840000063,
              562728.3331000004
            ],
            [
              212367.97329999972,
              562732.77470000088
            ],
            [
              212372.11710000038,
              562737.08540000208
            ],
            [
              212377.0418000007,
              562741.67960000038
            ],
            [
              212397.81570000015,
              562759.1258000005
            ],
            [
              212402.36409999989,
              562763.18209999986
            ],
            [
              212406.25530000031,
              562766.92909999937
            ],
            [
              212410.42840000056,
              562771.40060000122
            ],
            [
              212413.96370000113,
              562775.77380000055
            ],
            [
              212416.9299999997,
              562780.1344000008
            ],
            [
              212419.35770000052,
              562784.52769999951
            ],
            [
              212423.34940000065,
              562793.5856999997
            ],
            [
              212427.02730000205,
              562803.83850000054
            ],
            [
              212430.48200000077,
              562815.49909999967
            ],
            [
              212434.1697000023,
              562830.10300000012
            ],
            [
              212434.97439999972,
              562833.99860000238
            ],
            [
              212435.64340000134,
              562838.40210000239
            ],
            [
              212437.2267000014,
              562853.93630000018
            ],
            [
              212438.0429000007,
              562859.94680000283
            ],
            [
              212439.31190000009,
              562865.93760000169
            ],
            [
              212441.00600000005,
              562871.12069999985
            ],
            [
              212442.66150000133,
              562874.67440000176
            ],
            [
              212444.88480000105,
              562878.4048999995
            ],
            [
              212447.94280000124,
              562882.71060000174
            ],
            [
              212455.05720000062,
              562891.73260000162
            ],
            [
              212457.99260000046,
              562895.72600000165
            ],
            [
              212460.71460000146,
              562900.08390000276
            ],
            [
              212462.65419999976,
              562904.16280000284
            ],
            [
              212465.64759999979,
              562912.68670000136
            ],
            [
              212467.99789999891,
              562921.44010000117
            ],
            [
              212469.61349999998,
              562930.07829999924
            ],
            [
              212470.45660000108,
              562938.39140000194
            ],
            [
              212470.51389999967,
              562946.14550000057
            ],
            [
              212470.25179999974,
              562949.81159999967
            ],
            [
              212469.79670000169,
              562953.32400000095
            ],
            [
              212469.15000000037,
              562956.67270000465
            ],
            [
              212468.31270000152,
              562959.85339999944
            ],
            [
              212467.28639999963,
              562962.86040000245
            ],
            [
              212466.07239999995,
              562965.68950000033
            ],
            [
              212464.51549999975,
              562968.34510000236
            ],
            [
              212462.27870000061,
              562971.18370000273
            ],
            [
              212453.71490000002,
              562979.83379999921
            ],
            [
              212451.05040000007,
              562982.82919999957
            ],
            [
              212448.52699999977,
              562986.68270000443
            ],
            [
              212447.47140000109,
              562990.40910000168
            ],
            [
              212447.29600000009,
              562994.96649999917
            ],
            [
              212448.00670000073,
              562998.5876000002
            ],
            [
              212448.9860000005,
              563001.39600000158
            ],
            [
              212450.98379999958,
              563006.00480000302
            ],
            [
              212453.0988999987,
              563009.90760000236
            ],
            [
              212460.92120000068,
              563022.65709999949
            ],
            [
              212463.54009999987,
              563027.18679999933
            ],
            [
              212465.66730000079,
              563031.3984999992
            ],
            [
              212467.21180000063,
              563035.19180000201
            ],
            [
              212471.86170000024,
              563048.72550000064
            ],
            [
              212475.14630000107,
              563059.12800000049
            ],
            [
              212477.75860000122,
              563068.59600000083
            ],
            [
              212479.74500000011,
              563077.34900000133
            ],
            [
              212481.23690000083,
              563086.33459999971
            ],
            [
              212482.33559999987,
              563096.46320000105
            ],
            [
              212482.99820000026,
              563105.98380000144
            ],
            [
              212484.30250000115,
              563130.89990000241
            ],
            [
              212484.61510000098,
              563137.89530000277
            ],
            [
              212484.82040000055,
              563153.20600000024
            ],
            [
              212485.0549999997,
              563159.8935000021
            ],
            [
              212485.63320000097,
              563166.89110000059
            ],
            [
              212486.43690000009,
              563172.11790000275
            ],
            [
              212488.22150000185,
              563180.09559999965
            ],
            [
              212490.4225000022,
              563187.31849999912
            ],
            [
              212493.19530000072,
              563194.76290000044
            ],
            [
              212496.5635000011,
              563202.49270000122
            ],
            [
              212500.47330000065,
              563210.41889999993
            ],
            [
              212505.07280000113,
              563218.87060000375
            ],
            [
              212510.45770000108,
              563228.03770000115
            ],
            [
              212517.34460000042,
              563239.14130000025
            ],
            [
              212524.67370000109,
              563250.90180000104
            ],
            [
              212528.99960000068,
              563257.30420000292
            ],
            [
              212533.43500000052,
              563262.97800000198
            ],
            [
              212537.85350000113,
              563267.6258000005
            ],
            [
              212540.76380000077,
              563270.03250000253
            ],
            [
              212544.33889999986,
              563272.3889000006
            ],
            [
              212556.52300000098,
              563278.8534000013
            ],
            [
              212561.10320000071,
              563281.61810000427
            ],
            [
              212563.69430000056,
              563283.46040000021
            ],
            [
              212566.33800000139,
              563285.85600000247
            ],
            [
              212569.37710000016,
              563289.30990000069
            ],
            [
              212572.26090000104,
              563293.19710000046
            ],
            [
              212574.98130000103,
              563297.50640000403
            ],
            [
              212577.52760000061,
              563302.22140000388
            ],
            [
              212579.89420000091,
              563307.33460000157
            ],
            [
              212582.0588999996,
              563312.80080000125
            ],
            [
              212584.00460000057,
              563318.57780000009
            ],
            [
              212585.70749999955,
              563324.59500000253
            ],
            [
              212586.50490000006,
              563328.89679999836
            ],
            [
              212586.83970000222,
              563333.87219999917
            ],
            [
              212586.79270000011,
              563338.72460000217
            ],
            [
              212586.28830000106,
              563350.12460000254
            ],
            [
              212586.35770000052,
              563355.53509999998
            ],
            [
              212586.90739999991,
              563360.33330000006
            ],
            [
              212587.6297000004,
              563363.62140000425
            ],
            [
              212588.7219000021,
              563366.2304999996
            ],
            [
              212589.81419999991,
              563368.83960000239
            ],
            [
              212591.44079999905,
              563371.56120000221
            ],
            [
              212593.91069999989,
              563375.12250000238
            ],
            [
              212596.93289999943,
              563378.78099999949
            ],
            [
              212603.16980000027,
              563385.14110000059
            ],
            [
              212618.33730000071,
              563399.01359999925
            ],
            [
              212621.64370000176,
              563402.35840000212
            ],
            [
              212624.44649999961,
              563405.49110000022
            ],
            [
              212634.28990000114,
              563416.94810000062
            ],
            [
              212637.97280000057,
              563421.23479999974
            ],
            [
              212641.77150000166,
              563426.07120000385
            ],
            [
              212644.95540000033,
              563430.55749999918
            ],
            [
              212652.80370000098,
              563439.31480000354
            ],
            [
              212654.39090000093,
              563441.65600000136
            ],
            [
              212657.54630000051,
              563446.83049999923
            ],
            [
              212658.82100000232,
              563449.35550000332
            ],
            [
              212660.54720000084,
              563453.2228000015
            ],
            [
              212661.72270000074,
              563457.13620000146
            ],
            [
              212662.28600000124,
              563461.1828000024
            ],
            [
              212662.112900001,
              563464.09460000135
            ],
            [
              212661.49740000162,
              563467.16709999926
            ],
            [
              212660.55020000041,
              563470.08050000295
            ],
            [
              212659.11550000124,
              563473.54080000333
            ],
            [
              212657.38810000103,
              563476.97710000351
            ],
            [
              212647.66850000061,
              563489.42580000311
            ],
            [
              212644.84189999942,
              563494.8946000021
            ],
            [
              212643.57890000008,
              563497.84090000205
            ],
            [
              212642.61710000131,
              563500.60330000147
            ],
            [
              212641.73799999896,
              563504.49510000274
            ],
            [
              212638.54290000163,
              563512.0700000003
            ],
            [
              212638.40050000139,
              563518.408400001
            ],
            [
              212638.61280000117,
              563524.63780000433
            ],
            [
              212639.17620000057,
              563530.66230000183
            ],
            [
              212641.0784,
              563536.87669999897
            ],
            [
              212643.81230000034,
              563541.7536999993
            ],
            [
              212645.00640000124,
              563545.58940000087
            ],
            [
              212647.23419999983,
              563551.33210000396
            ],
            [
              212649.44620000105,
              563555.19880000129
            ],
            [
              212652.54590000119,
              563559.11510000192
            ],
            [
              212656.73849999998,
              563563.33590000309
            ],
            [
              212659.94720000122,
              563566.16249999963
            ],
            [
              212663.98909999989,
              563571.67550000176
            ],
            [
              212668.25960000046,
              563576.79060000367
            ],
            [
              212671.97140000109,
              563581.13510000147
            ],
            [
              212674.01109999977,
              563584.31430000253
            ],
            [
              212676.07110000122,
              563589.11049999855
            ],
            [
              212679.87700000033,
              563597.28390000015
            ],
            [
              212680.72820000164,
              563608.74239999987
            ],
            [
              212681.63200000208,
              563614.33929999918
            ],
            [
              212682.88040000107,
              563618.15909999982
            ],
            [
              212685.26279999968,
              563622.23330000229
            ],
            [
              212689.23910000082,
              563626.11830000021
            ],
            [
              212693.16340000089,
              563628.94910000078
            ],
            [
              212697.50280000083,
              563631.42940000258
            ],
            [
              212701.92450000066,
              563633.36759999953
            ],
            [
              212704.93670000043,
              563634.27370000072
            ],
            [
              212707.70870000031,
              563634.83650000207
            ],
            [
              212710.88480000012,
              563635.1865000017
            ],
            [
              212714.39050000161,
              563635.30640000105
            ],
            [
              212718.08839999977,
              563635.19400000013
            ],
            [
              212722.1678000018,
              563634.85380000435
            ],
            [
              212732.68790000118,
              563633.36759999953
            ],
            [
              212739.68300000019,
              563631.97140000202
            ],
            [
              212746.55140000116,
              563630.03820000403
            ],
            [
              212753.2929999996,
              563627.56799999997
            ],
            [
              212759.90780000109,
              563624.56079999916
            ],
            [
              212766.39590000082,
              563621.01649999991
            ],
            [
              212772.75720000174,
              563616.93530000187
            ],
            [
              212778.99170000199,
              563612.31709999964
            ],
            [
              212785.09949999955,
              563607.16180000082
            ]
          ]
        ]
      }
    }
  ]
}