{
  "displayFieldName" : "",
  "fieldAliases" : {
    "FID" : "FID",
    "PMNTN_SN" : "PMNTN_SN",
    "MNTN_CODE" : "MNTN_CODE",
    "MNTN_NM" : "MNTN_NM",
    "PMNTN_NM" : "PMNTN_NM",
    "PMNTN_MAIN" : "PMNTN_MAIN",
    "PMNTN_LT" : "PMNTN_LT",
    "PMNTN_DFFL" : "PMNTN_DFFL",
    "PMNTN_UPPL" : "PMNTN_UPPL",
    "PMNTN_GODN" : "PMNTN_GODN",
    "PMNTN_MTRQ" : "PMNTN_MTRQ",
    "PMNTN_CNRL" : "PMNTN_CNRL",
    "PMNTN_CLS_" : "PMNTN_CLS_",
    "PMNTN_RISK" : "PMNTN_RISK",
    "PMNTN_RECO" : "PMNTN_RECO",
    "DATA_STDR_" : "DATA_STDR_",
    "MNTN_ID" : "MNTN_ID"
  },
  "geometryType" : "esriGeometryPolyline",
  "spatialReference" : {
    "wkt" : "PROJCS[\"PCS_ITRF2000_TM\",GEOGCS[\"GCS_ITRF_2000\",DATUM[\"D_ITRF_2000\",SPHEROID[\"GRS_1980\",6378137.0,298.257222101]],PRIMEM[\"Greenwich\",0.0],UNIT[\"Degree\",0.0174532925199433]],PROJECTION[\"Transverse_Mercator\"],PARAMETER[\"False_Easting\",200000.0],PARAMETER[\"False_Northing\",600000.0],PARAMETER[\"Central_Meridian\",127.0],PARAMETER[\"Scale_Factor\",1.0],PARAMETER[\"Latitude_Of_Origin\",38.0],UNIT[\"Meter\",1.0]]"
  },
  "fields" : [
    {
      "name" : "FID",
      "type" : "esriFieldTypeOID",
      "alias" : "FID"
    },
    {
      "name" : "PMNTN_SN",
      "type" : "esriFieldTypeDouble",
      "alias" : "PMNTN_SN"
    },
    {
      "name" : "MNTN_CODE",
      "type" : "esriFieldTypeString",
      "alias" : "MNTN_CODE",
      "length" : 9
    },
    {
      "name" : "MNTN_NM",
      "type" : "esriFieldTypeString",
      "alias" : "MNTN_NM",
      "length" : 50
    },
    {
      "name" : "PMNTN_NM",
      "type" : "esriFieldTypeString",
      "alias" : "PMNTN_NM",
      "length" : 50
    },
    {
      "name" : "PMNTN_MAIN",
      "type" : "esriFieldTypeString",
      "alias" : "PMNTN_MAIN",
      "length" : 200
    },
    {
      "name" : "PMNTN_LT",
      "type" : "esriFieldTypeSingle",
      "alias" : "PMNTN_LT"
    },
    {
      "name" : "PMNTN_DFFL",
      "type" : "esriFieldTypeString",
      "alias" : "PMNTN_DFFL",
      "length" : 8
    },
    {
      "name" : "PMNTN_UPPL",
      "type" : "esriFieldTypeDouble",
      "alias" : "PMNTN_UPPL"
    },
    {
      "name" : "PMNTN_GODN",
      "type" : "esriFieldTypeDouble",
      "alias" : "PMNTN_GODN"
    },
    {
      "name" : "PMNTN_MTRQ",
      "type" : "esriFieldTypeString",
      "alias" : "PMNTN_MTRQ",
      "length" : 200
    },
    {
      "name" : "PMNTN_CNRL",
      "type" : "esriFieldTypeString",
      "alias" : "PMNTN_CNRL",
      "length" : 1
    },
    {
      "name" : "PMNTN_CLS_",
      "type" : "esriFieldTypeString",
      "alias" : "PMNTN_CLS_",
      "length" : 1
    },
    {
      "name" : "PMNTN_RISK",
      "type" : "esriFieldTypeString",
      "alias" : "PMNTN_RISK",
      "length" : 200
    },
    {
      "name" : "PMNTN_RECO",
      "type" : "esriFieldTypeString",
      "alias" : "PMNTN_RECO",
      "length" : 1
    },
    {
      "name" : "DATA_STDR_",
      "type" : "esriFieldTypeString",
      "alias" : "DATA_STDR_",
      "length" : 10
    },
    {
      "name" : "MNTN_ID",
      "type" : "esriFieldTypeString",
      "alias" : "MNTN_ID",
      "length" : 10
    }
  ],
  "features" : [
    {
      "attributes" : {
        "FID" : 0,
        "PMNTN_SN" : 6570,
        "MNTN_CODE" : "437202301",
        "MNTN_NM" : "국사봉시루봉",
        "PMNTN_NM" : "벽지리구간",
        "PMNTN_MAIN" : " ",
        "PMNTN_LT" : 0.91,
        "PMNTN_DFFL" : "쉬움",
        "PMNTN_UPPL" : 16,
        "PMNTN_GODN" : 11,
        "PMNTN_MTRQ" : " ",
        "PMNTN_CNRL" : " ",
        "PMNTN_CLS_" : " ",
        "PMNTN_RISK" : " ",
        "PMNTN_RECO" : " ",
        "DATA_STDR_" : "2016-12-31",
        "MNTN_ID" : "437202301"
      },
      "geometry" : {
        "paths" : [
          [
            [
              269773.9636000013,
              426926.54610000364
            ],
            [
              269778.05920000374,
              426921.77530000731
            ],
            [
              269783.25300000235,
              426917.8797999993
            ],
            [
              269790.00389999896,
              426911.77260000259
            ],
            [
              269795.48469999991,
              426903.68140000105
            ],
            [
              269800.91289999988,
              426894.8770999983
            ],
            [
              269810.10479999986,
              426884.57010000385
            ],
            [
              269822.90900000185,
              426879.55800000019
            ],
            [
              269836.71490000281,
              426876.43239999935
            ],
            [
              269848.48180000391,
              426870.192900002
            ],
            [
              269857.85450000316,
              426859.80640000291
            ],
            [
              269871.07480000239,
              426850.19900000095
            ],
            [
              269881.67550000083,
              426842.97080000304
            ],
            [
              269891.45840000268,
              426839.56570000015
            ],
            [
              269906.81510000303,
              426836.2880000025
            ],
            [
              269916.83210000303,
              426831.57610000111
            ],
            [
              269924.10869999975,
              426823.97130000219
            ],
            [
              269928.42350000143,
              426808.8134999983
            ],
            [
              269929.24430000409,
              426791.65780000016
            ],
            [
              269927.70970000327,
              426775.67650000378
            ],
            [
              269925.64189999923,
              426762.84710000083
            ],
            [
              269923.36230000108,
              426750.25490000099
            ],
            [
              269923.41030000057,
              426737.35080000199
            ],
            [
              269923.9897000026,
              426726.05100000091
            ],
            [
              269922.20570000075,
              426714.34250000119
            ],
            [
              269923.16960000154,
              426702.84530000016
            ],
            [
              269926.6986999996,
              426691.23139999993
            ],
            [
              269920.88240000326,
              426685.12020000815
            ],
            [
              269918.09730000328,
              426676.39610000513
            ],
            [
              269919.56340000033,
              426664.07310000248
            ],
            [
              269923.07720000017,
              426656.26939999871
            ],
            [
              269928.27770000231,
              426651.50350000151
            ],
            [
              269935.67840000149,
              426647.76910000294
            ],
            [
              269941.5745000029,
              426644.79690000787
            ],
            [
              269950.25690000132,
              426640.0914000012
            ],
            [
              269955.86950000282,
              426633.48489999957
            ],
            [
              269961.47030000389,
              426628.67830000259
            ],
            [
              269968.14140000008,
              426622.37120000273
            ],
            [
              269974.93620000128,
              426616.41029999964
            ],
            [
              269984.04150000028,
              426611.68810000271
            ],
            [
              269991.92169999983,
              426605.42380000092
            ],
            [
              269995.6399000017,
              426594.95580000058
            ],
            [
              269998.61060000211,
              426587.73190000094
            ],
            [
              270004.73890000302,
              426584.26330000162
            ],
            [
              270012.64570000023,
              426581.25280000083
            ],
            [
              270022.07230000384,
              426576.96639999747
            ],
            [
              270031.77520000003,
              426568.89400000125
            ],
            [
              270038.49680000078,
              426565.66890000179
            ],
            [
              270047.7059000032,
              426559.13709999993
            ],
            [
              270052.5239000041,
              426550.66910000145
            ],
            [
              270055.63940000255,
              426542.72399999946
            ],
            [
              270060.76090000011,
              426530.78740000166
            ],
            [
              270063.2255000025,
              426522.67940000258
            ],
            [
              270067.41060000099,
              426513.08520000242
            ],
            [
              270071.94890000112,
              426502.94930000417
            ],
            [
              270078.68780000135,
              426496.45200000145
            ],
            [
              270085.24230000097,
              426487.61989999935
            ],
            [
              270091.42069999874,
              426480.55300000124
            ],
            [
              270098.4944000002,
              426468.14870000072
            ],
            [
              270103.44480000064,
              426459.46789999865
            ],
            [
              270107.61169999931,
              426450.78240000084
            ],
            [
              270111.37440000009,
              426442.93950000219
            ],
            [
              270112.24000000115,
              426427.13850000128
            ],
            [
              270117.53800000343,
              426412.16610000096
            ],
            [
              270125.8348000031,
              426395.58990000002
            ],
            [
              270129.61470000353,
              426383.91640000232
            ],
            [
              270124.12179999985,
              426372.15890000015
            ],
            [
              270117.37399999984,
              426359.58080000244
            ],
            [
              270118.3786000004,
              426345.53250000067
            ],
            [
              270121.05700000003,
              426331.22789999843
            ],
            [
              270128.71220000088,
              426316.71150000021
            ],
            [
              270142.64780000318,
              426307.94640000165
            ],
            [
              270159.10749999993,
              426304.7340000011
            ],
            [
              270178.08250000048,
              426298.84059999883
            ],
            [
              270193.60240000207,
              426286.49399999902
            ],
            [
              270206.80270000175,
              426274.50450000353
            ],
            [
              270218.83680000342,
              426265.84980000183
            ],
            [
              270225.72380000167,
              426258.50800000131
            ]
          ]
        ]
      }
    },
    {
      "attributes" : {
        "FID" : 1,
        "PMNTN_SN" : 6571,
        "MNTN_CODE" : "437202301",
        "MNTN_NM" : "국사봉시루봉",
        "PMNTN_NM" : "벽지리구간",
        "PMNTN_MAIN" : " ",
        "PMNTN_LT" : 0.32,
        "PMNTN_DFFL" : "쉬움",
        "PMNTN_UPPL" : 6,
        "PMNTN_GODN" : 4,
        "PMNTN_MTRQ" : " ",
        "PMNTN_CNRL" : " ",
        "PMNTN_CLS_" : " ",
        "PMNTN_RISK" : " ",
        "PMNTN_RECO" : " ",
        "DATA_STDR_" : "2016-12-31",
        "MNTN_ID" : "437202301"
      },
      "geometry" : {
        "paths" : [
          [
            [
              269533.88050000276,
              427158.88870000094
            ],
            [
              269524.04930000193,
              427155.00140000321
            ],
            [
              269512.91710000299,
              427152.32509999909
            ],
            [
              269505.40789999906,
              427142.04910000041
            ],
            [
              269498.95450000092,
              427134.65520000271
            ],
            [
              269490.77770000044,
              427127.63400000148
            ],
            [
              269478.4569000015,
              427126.49389999732
            ],
            [
              269471.35979999974,
              427130.63700000383
            ],
            [
              269464.00580000039,
              427136.37930000201
            ],
            [
              269457.37390000373,
              427140.30340000242
            ],
            [
              269447.66440000199,
              427140.14499999955
            ],
            [
              269440.08230000269,
              427144.65090000071
            ],
            [
              269430.34160000086,
              427151.11329999939
            ],
            [
              269419.9096999988,
              427158.25020000152
            ],
            [
              269408.52120000031,
              427164.95260000229
            ],
            [
              269398.82080000266,
              427170.54519999959
            ],
            [
              269386.33019999973,
              427172.11950000376
            ],
            [
              269371.29009999987,
              427173.97849999927
            ],
            [
              269359.44090000167,
              427175.58970000036
            ],
            [
              269351.09990000259,
              427178.60209999979
            ],
            [
              269342.42509999964,
              427183.7901000008
            ],
            [
              269334.46570000332,
              427187.6344000008
            ],
            [
              269327.66670000367,
              427190.79620000161
            ],
            [
              269321.14749999996,
              427194.7882000003
            ],
            [
              269316.5345999999,
              427203.49540000036
            ],
            [
              269311.8860000018,
              427210.32420000061
            ],
            [
              269307.02410000097,
              427211.38929999992
            ],
            [
              269299.41899999976,
              427208.44840000197
            ],
            [
              269294.47780000046,
              427201.91229999997
            ],
            [
              269287.16490000021,
              427199.63010000437
            ],
            [
              269280.7583999997,
              427198.89320000075
            ],
            [
              269274.66110000014,
              427200.00390000083
            ],
            [
              269267.26710000075,
              427202.15310000442
            ],
            [
              269260.60419999901,
              427207.97969999909
            ]
          ]
        ]
      }
    },
    {
      "attributes" : {
        "FID" : 2,
        "PMNTN_SN" : 6572,
        "MNTN_CODE" : "437202301",
        "MNTN_NM" : "국사봉시루봉",
        "PMNTN_NM" : "벽지리구간",
        "PMNTN_MAIN" : " ",
        "PMNTN_LT" : 0.85,
        "PMNTN_DFFL" : "쉬움",
        "PMNTN_UPPL" : 15,
        "PMNTN_GODN" : 11,
        "PMNTN_MTRQ" : " ",
        "PMNTN_CNRL" : " ",
        "PMNTN_CLS_" : " ",
        "PMNTN_RISK" : " ",
        "PMNTN_RECO" : " ",
        "DATA_STDR_" : "2016-12-31",
        "MNTN_ID" : "437202301"
      },
      "geometry" : {
        "paths" : [
          [
            [
              269680.60570000019,
              426599.84329999983
            ],
            [
              269671.32640000246,
              426603.67950000241
            ],
            [
              269664.55200000107,
              426603.11290000193
            ],
            [
              269655.87700000033,
              426600.56489999965
            ],
            [
              269648.42400000151,
              426600.05870000273
            ],
            [
              269639.75780000165,
              426601.75049999915
            ],
            [
              269629.61780000106,
              426605.16630000062
            ],
            [
              269620.20830000192,
              426608.59820000082
            ],
            [
              269609.78930000309,
              426613.29540000111
            ],
            [
              269599.69310000073,
              426620.75820000656
            ],
            [
              269589.20920000039,
              426624.56599999964
            ],
            [
              269581.14200000092,
              426630.74589999951
            ],
            [
              269578.86890000198,
              426638.12240000069
            ],
            [
              269575.78990000021,
              426646.54170000367
            ],
            [
              269571.43670000229,
              426652.99460000172
            ],
            [
              269569.48320000339,
              426659.89540000074
            ],
            [
              269567.40880000219,
              426668.94650000148
            ],
            [
              269567.04770000279,
              426677.01769999973
            ],
            [
              269565.79820000101,
              426682.81540000252
            ],
            [
              269563.06639999989,
              426686.91720000282
            ],
            [
              269554.74660000112,
              426686.68889999948
            ],
            [
              269550.05040000379,
              426681.84109999985
            ],
            [
              269545.36430000141,
              426683.8142000027
            ],
            [
              269543.70410000067,
              426688.80120000057
            ],
            [
              269533.45570000261,
              426691.14410000108
            ],
            [
              269524.77010000031,
              426691.67510000244
            ],
            [
              269514.82580000069,
              426694.48760000058
            ],
            [
              269508.42270000186,
              426698.78070000187
            ],
            [
              269500.5184000032,
              426701.98159999959
            ],
            [
              269492.02480000071,
              426704.42170000076
            ],
            [
              269485.27010000218,
              426710.42290000431
            ],
            [
              269476.06740000006,
              426713.7611999996
            ],
            [
              269468.59110000078,
              426718.02620000206
            ],
            [
              269462.40170000307,
              426721.56210000068
            ],
            [
              269459.16299999971,
              426724.06680000201
            ],
            [
              269456.00030000415,
              426724.24210000224
            ],
            [
              269452.30310000107,
              426721.55240000039
            ],
            [
              269448.92559999879,
              426720.93580000103
            ],
            [
              269445.19360000174,
              426725.52329999954
            ],
            [
              269445.60030000098,
              426731.75800000131
            ],
            [
              269445.58640000131,
              426740.10410000384
            ],
            [
              269441.53800000064,
              426747.73850000091
            ],
            [
              269441.42839999963,
              426754.13300000317
            ],
            [
              269438.43800000288,
              426765.06070000678
            ],
            [
              269438.95610000193,
              426780.00530000404
            ],
            [
              269441.25340000074,
              426796.59880000167
            ],
            [
              269435.95710000116,
              426813.73250000179
            ],
            [
              269433.95739999972,
              426826.12429999933
            ],
            [
              269433.14540000074,
              426843.00560000166
            ],
            [
              269433.06880000047,
              426853.89990000241
            ],
            [
              269428.7209999999,
              426864.09479999915
            ],
            [
              269425.59930000175,
              426875.55750000104
            ],
            [
              269419.12250000052,
              426890.85210000165
            ],
            [
              269413.50829999987,
              426905.62759999931
            ],
            [
              269410.54290000256,
              426920.7304999996
            ],
            [
              269403.64470000379,
              426935.96570000239
            ],
            [
              269402.90880000312,
              426949.41779999994
            ],
            [
              269397.17410000041,
              426960.75229999982
            ],
            [
              269395.41750000045,
              426968.53180000186
            ],
            [
              269390.24190000072,
              426973.53099999949
            ],
            [
              269387.62480000034,
              426978.07120000198
            ],
            [
              269383.55399999954,
              426988.83290000074
            ],
            [
              269379.82309999969,
              426998.22309999913
            ],
            [
              269375.32390000019,
              427011.51270000078
            ],
            [
              269370.59359999932,
              427022.32029999979
            ],
            [
              269365.32480000053,
              427031.21430000104
            ],
            [
              269360.35950000118,
              427037.99800000153
            ],
            [
              269356.02670000028,
              427049.19549999945
            ],
            [
              269344.88379999995,
              427062.41740000248
            ],
            [
              269324.7424000008,
              427076.52470000088
            ],
            [
              269313.09090000205,
              427081.57059999928
            ],
            [
              269304.00439999998,
              427089.20610000007
            ],
            [
              269294.91930000018,
              427098.84910000116
            ],
            [
              269286.1632000003,
              427108.10080000199
            ],
            [
              269280.15700000152,
              427119.28880000301
            ],
            [
              269273.57320000045,
              427129.99870000221
            ],
            [
              269275.28959999979,
              427134.78390000202
            ],
            [
              269273.25890000165,
              427142.38740000129
            ],
            [
              269270.68070000224,
              427145.46660000458
            ],
            [
              269265.30920000002,
              427152.22140000202
            ],
            [
              269255.87619999982,
              427161.07379999943
            ],
            [
              269252.57400000002,
              427167.36350000277
            ],
            [
              269251.31110000145,
              427174.32129999995
            ],
            [
              269251.35230000131,
              427179.98060000129
            ],
            [
              269251.98970000073,
              427183.61580000259
            ],
            [
              269252.81490000151,
              427185.86910000257
            ],
            [
              269255.26180000044,
              427188.89900000207
            ],
            [
              269255.26939999964,
              427189.25249999762
            ],
            [
              269257.4748000009,
              427191.50300000235
            ],
            [
              269259.8814000003,
              427196.36070000194
            ],
            [
              269261.8275000006,
              427200.57039999962
            ],
            [
              269260.60419999901,
              427207.97969999909
            ]
          ]
        ]
      }
    },
    {
      "attributes" : {
        "FID" : 3,
        "PMNTN_SN" : 6573,
        "MNTN_CODE" : "437202301",
        "MNTN_NM" : "국사봉시루봉",
        "PMNTN_NM" : "벽지리구간",
        "PMNTN_MAIN" : " ",
        "PMNTN_LT" : 0.23,
        "PMNTN_DFFL" : "쉬움",
        "PMNTN_UPPL" : 4,
        "PMNTN_GODN" : 3,
        "PMNTN_MTRQ" : " ",
        "PMNTN_CNRL" : " ",
        "PMNTN_CLS_" : " ",
        "PMNTN_RISK" : " ",
        "PMNTN_RECO" : " ",
        "DATA_STDR_" : "2016-12-31",
        "MNTN_ID" : "437202301"
      },
      "geometry" : {
        "paths" : [
          [
            [
              269773.9636000013,
              426926.54610000364
            ],
            [
              269770.97770000063,
              426915.93290000223
            ],
            [
              269770.75860000215,
              426909.9282000009
            ],
            [
              269775.04860000033,
              426902.69620000012
            ],
            [
              269778.61160000227,
              426890.95769999921
            ],
            [
              269779.67949999962,
              426877.95560000092
            ],
            [
              269783.24890000187,
              426864.9664000012
            ],
            [
              269784.06029999908,
              426853.21360000037
            ],
            [
              269784.61630000081,
              426842.46020000055
            ],
            [
              269780.39380000159,
              426836.68490000255
            ],
            [
              269773.91730000265,
              426831.3981999997
            ],
            [
              269768.4272000026,
              426828.86830000207
            ],
            [
              269760.17510000058,
              426828.3252000045
            ],
            [
              269750.90180000011,
              426831.77920000069
            ],
            [
              269744.1492000008,
              426831.49410000257
            ],
            [
              269737.41100000404,
              426828.45740000159
            ],
            [
              269731.45040000137,
              426820.17160000093
            ],
            [
              269730.73629999906,
              426813.16369999945
            ],
            [
              269731.0382999992,
              426803.15939999931
            ],
            [
              269733.57730000094,
              426795.91829999909
            ],
            [
              269734.61549999937,
              426788.66940000094
            ],
            [
              269735.39180000126,
              426783.67040000111
            ],
            [
              269732.90340000298,
              426781.15609999746
            ],
            [
              269726.90390000306,
              426780.37450000271
            ],
            [
              269717.14840000123,
              426780.32400000095
            ],
            [
              269709.39140000101,
              426780.78410000168
            ],
            [
              269702.88900000043,
              426780.50019999966
            ],
            [
              269696.64200000186,
              426779.21710000373
            ],
            [
              269691.14800000191,
              426777.43760000169
            ]
          ]
        ]
      }
    },
    {
      "attributes" : {
        "FID" : 4,
        "PMNTN_SN" : 6574,
        "MNTN_CODE" : "437202301",
        "MNTN_NM" : "국사봉시루봉",
        "PMNTN_NM" : "상장리구간",
        "PMNTN_MAIN" : " ",
        "PMNTN_LT" : 2.26,
        "PMNTN_DFFL" : "쉬움",
        "PMNTN_UPPL" : 40,
        "PMNTN_GODN" : 28,
        "PMNTN_MTRQ" : " ",
        "PMNTN_CNRL" : " ",
        "PMNTN_CLS_" : " ",
        "PMNTN_RISK" : " ",
        "PMNTN_RECO" : " ",
        "DATA_STDR_" : "2016-12-31",
        "MNTN_ID" : "437202301"
      },
      "geometry" : {
        "paths" : [
          [
            [
              269260.60419999901,
              427207.97969999909
            ],
            [
              269258.23319999967,
              427214.83190000243
            ],
            [
              269256.54650000203,
              427219.57480000146
            ],
            [
              269255.35340000223,
              427223.66599999927
            ],
            [
              269254.1856000023,
              427227.47059999965
            ],
            [
              269252.0633000005,
              427231.50989999808
            ],
            [
              269249.81340000127,
              427233.28529999964
            ],
            [
              269246.82050000038,
              427238.04190000147
            ],
            [
              269245.22650000267,
              427242.25750000216
            ],
            [
              269241.22270000353,
              427247.77620000392
            ],
            [
              269238.57040000148,
              427252.81599999778
            ],
            [
              269238.16190000065,
              427256.27250000089
            ],
            [
              269237.23070000112,
              427263.18280000053
            ],
            [
              269237.52510000113,
              427268.20350000262
            ],
            [
              269238.57970000058,
              427269.47300000302
            ],
            [
              269239.09970000107,
              427273.2041000016
            ],
            [
              269238.91650000028,
              427276.51790000312
            ],
            [
              269239.24220000021,
              427280.74200000241
            ],
            [
              269238.66050000116,
              427286.22870000266
            ],
            [
              269238.40750000253,
              427295.94030000083
            ],
            [
              269237.74890000094,
              427305.61980000325
            ],
            [
              269235.15230000019,
              427314.44430000149
            ],
            [
              269233.36520000268,
              427324.60270000063
            ],
            [
              269232.15340000018,
              427331.49120000191
            ],
            [
              269231.12810000032,
              427337.31970000453
            ],
            [
              269230.0289000012,
              427343.56780000031
            ],
            [
              269229.64989999961,
              427350.52200000174
            ],
            [
              269232.77500000317,
              427354.57579999976
            ],
            [
              269231.53039999958,
              427358.67049999908
            ],
            [
              269229.3134000022,
              427367.37160000205
            ],
            [
              269225.84560000338,
              427370.1967999991
            ],
            [
              269220.36970000155,
              427370.51710000262
            ],
            [
              269214.30760000087,
              427372.84219999984
            ],
            [
              269207.92920000106,
              427376.69740000181
            ],
            [
              269201.15470000263,
              427380.46980000287
            ],
            [
              269197.74620000273,
              427381.49080000073
            ],
            [
              269195.7424000036,
              427386.16709999926
            ],
            [
              269192.42860000115,
              427393.56929999962
            ],
            [
              269186.78700000327,
              427401.77050000057
            ],
            [
              269182.11149999965,
              427411.53950000182
            ],
            [
              269180.87390000094,
              427420.46800000221
            ],
            [
              269181.40620000102,
              427428.0044000037
            ],
            [
              269178.76480000094,
              427434.3479999993
            ],
            [
              269175.33310000133,
              427441.98769999854
            ],
            [
              269166.57490000315,
              427447.48700000159
            ],
            [
              269164.73000000138,
              427454.14690000191
            ],
            [
              269164.25440000091,
              427463.8618999999
            ],
            [
              269165.04049999919,
              427474.03769999929
            ],
            [
              269162.04989999998,
              427485.42799999937
            ],
            [
              269160.53750000149,
              427497.3518000003
            ],
            [
              269158.52920000348,
              427505.10840000026
            ],
            [
              269162.41690000147,
              427512.82029999979
            ],
            [
              269165.21140000131,
              427519.42989999987
            ],
            [
              269165.94810000062,
              427527.92450000346
            ],
            [
              269165.08980000019,
              427540.11500000209
            ],
            [
              269169.60100000072,
              427544.07930000126
            ],
            [
              269171.99620000087,
              427549.98949999921
            ],
            [
              269176.87080000062,
              427557.64360000007
            ],
            [
              269180.22890000045,
              427564.01510000229
            ],
            [
              269183.71160000004,
              427574.89920000173
            ],
            [
              269186.70540000126,
              427583.27030000091
            ],
            [
              269185.46330000367,
              427590.26450000145
            ],
            [
              269179.2237999998,
              427595.64130000025
            ],
            [
              269173.70850000251,
              427604.1743999999
            ],
            [
              269172.31190000102,
              427610.94910000265
            ],
            [
              269170.95380000398,
              427617.53660000116
            ],
            [
              269171.31390000135,
              427625.18550000153
            ],
            [
              269177.29820000287,
              427637.12700000219
            ],
            [
              269184.57970000338,
              427653.57620000094
            ],
            [
              269188.30050000176,
              427661.25880000181
            ],
            [
              269193.67900000047,
              427674.16660000011
            ],
            [
              269194.40000000037,
              427679.46050000004
            ],
            [
              269197.84060000163,
              427685.26659999974
            ],
            [
              269202.22330000065,
              427688.84050000086
            ],
            [
              269206.00700000022,
              427697.48900000006
            ],
            [
              269210.72610000148,
              427704.59939999878
            ],
            [
              269212.84340000059,
              427710.26209999993
            ],
            [
              269218.59260000102,
              427722.97180000134
            ],
            [
              269224.79110000096,
              427736.88000000082
            ],
            [
              269229.44630000088,
              427741.68740000203
            ],
            [
              269230.6118000038,
              427749.6054999996
            ],
            [
              269230.08070000261,
              427758.94130000286
            ],
            [
              269234.408400001,
              427764.49720000103
            ],
            [
              269240.13040000107,
              427769.99689999782
            ],
            [
              269238.26100000087,
              427776.82100000791
            ],
            [
              269238.17300000042,
              427776.3729000017
            ],
            [
              269233.17660000175,
              427783.35600000247
            ],
            [
              269232.20940000098,
              427790.9298000019
            ],
            [
              269233.97259999998,
              427798.34180000052
            ],
            [
              269234.16360000055,
              427803.99140000157
            ],
            [
              269238.12140000053,
              427807.72730000317
            ],
            [
              269237.26540000178,
              427812.42270000279
            ],
            [
              269233.47810000367,
              427817.21800000221
            ],
            [
              269230.32870000321,
              427822.11030000076
            ],
            [
              269230.06830000132,
              427827.86230000295
            ],
            [
              269224.85910000093,
              427834.13270000182
            ],
            [
              269227.52390000038,
              427839.39660000242
            ],
            [
              269230.77500000037,
              427847.13470000215
            ],
            [
              269232.66650000215,
              427853.06630000286
            ],
            [
              269233.93079999927,
              427858.01970000006
            ],
            [
              269237.5560000008,
              427860.81290000305
            ],
            [
              269242.68780000135,
              427865.88760000095
            ],
            [
              269247.53320000134,
              427869.48040000349
            ],
            [
              269249.84279999882,
              427875.32469999976
            ],
            [
              269249.52000000048,
              427877.31660000421
            ],
            [
              269250.85749999993,
              427881.89399999939
            ],
            [
              269255.57660000026,
              427888.02529999986
            ],
            [
              269255.55140000302,
              427891.92760000005
            ],
            [
              269259.28370000143,
              427894.17380000092
            ],
            [
              269271.90580000263,
              427896.4224999994
            ],
            [
              269279.30540000089,
              427896.90210000239
            ],
            [
              269286.36129999999,
              427899.69009999931
            ],
            [
              269296.49460000079,
              427902.42469999939
            ],
            [
              269301.8805000037,
              427902.27580000274
            ],
            [
              269302.51150000002,
              427897.55030000024
            ],
            [
              269307.3601000011,
              427897.00280000083
            ],
            [
              269314.15820000041,
              427898.50170000829
            ],
            [
              269318.93740000017,
              427896.48490000144
            ],
            [
              269324.63360000122,
              427890.52749999985
            ],
            [
              269335.10360000096,
              427886.21130000055
            ],
            [
              269337.51609999966,
              427885.79160000198
            ],
            [
              269340.88449999969,
              427879.39240000024
            ],
            [
              269347.63730000146,
              427877.47599999979
            ],
            [
              269352.69010000024,
              427874.52620000206
            ],
            [
              269361.19920000341,
              427873.45629999973
            ],
            [
              269373.44579999987,
              427871.61380000226
            ],
            [
              269384.40290000197,
              427869.9803000018
            ],
            [
              269394.08730000071,
              427869.67750000022
            ],
            [
              269404.63929999899,
              427872.7778000012
            ],
            [
              269416.66280000191,
              427869.14230000041
            ],
            [
              269425.3572000023,
              427865.81560000405
            ],
            [
              269431.33520000242,
              427858.93329999968
            ],
            [
              269440.36360000353,
              427848.38959999941
            ],
            [
              269450.60680000111,
              427837.19880000129
            ],
            [
              269458.21060000174,
              427830.71710000187
            ],
            [
              269466.79130000155,
              427827.82060000114
            ],
            [
              269479.70660000201,
              427822.33400000073
            ],
            [
              269488.22710000351,
              427814.85759999976
            ],
            [
              269497.52569999918,
              427807.19480000064
            ],
            [
              269508.14449999947,
              427799.12560000084
            ],
            [
              269516.53040000331,
              427792.29130000435
            ],
            [
              269527.60330000054,
              427785.76090000384
            ],
            [
              269534.64369999897,
              427781.08170000464
            ],
            [
              269536.14059999958,
              427775.36769999936
            ],
            [
              269538.50459999964,
              427772.25609999895
            ],
            [
              269543.15960000083,
              427776.30010000058
            ],
            [
              269550.44010000117,
              427774.36920000054
            ],
            [
              269557.95530000236,
              427768.12149999849
            ],
            [
              269565.41930000018,
              427767.59380000271
            ],
            [
              269571.78460000176,
              427764.60000000149
            ],
            [
              269578.23650000058,
              427766.03380000032
            ],
            [
              269585.44440000318,
              427768.15369999968
            ],
            [
              269588.74490000308,
              427765.56919999979
            ],
            [
              269594.07210000046,
              427758.80389999971
            ],
            [
              269606.66540000308,
              427760.84450000152
            ],
            [
              269615.52340000216,
              427755.04289999977
            ],
            [
              269622.67540000007,
              427749.01680000126
            ],
            [
              269629.92880000267,
              427745.35759999976
            ],
            [
              269639.32130000181,
              427746.02380000055
            ],
            [
              269644.53670000006,
              427746.53050000034
            ],
            [
              269647.87250000052,
              427746.83630000241
            ],
            [
              269651.43369999994,
              427747.83920000121
            ],
            [
              269654.25480000116,
              427750.58390000276
            ],
            [
              269658.4580000015,
              427752.00019999966
            ],
            [
              269667.37090000138,
              427751.26270000264
            ],
            [
              269675.02970000356,
              427749.90630000271
            ],
            [
              269685.83449999988,
              427752.34009999968
            ],
            [
              269696.37220000289,
              427751.45620000176
            ],
            [
              269706.28010000288,
              427747.87739999965
            ],
            [
              269709.53949999996,
              427740.69930000417
            ],
            [
              269706.53880000114,
              427736.52309999987
            ],
            [
              269708.37220000289,
              427731.13360000215
            ],
            [
              269708.37220000289,
              427731.13360000215
            ],
            [
              269712.11700000055,
              427729.98450000212
            ],
            [
              269715.07570000179,
              427728.27820000052
            ],
            [
              269720.01750000287,
              427722.44380000234
            ],
            [
              269721.98300000001,
              427712.82490000129
            ],
            [
              269731.86210000142,
              427706.2004000023
            ],
            [
              269737.53510000184,
              427702.0931000039
            ],
            [
              269743.01750000101,
              427702.5204000026
            ],
            [
              269742.88010000251,
              427702.95400000177
            ],
            [
              269752.21860000212,
              427692.79640000127
            ],
            [
              269757.76430000085,
              427686.76420000196
            ],
            [
              269763.70369999949,
              427680.30389999971
            ],
            [
              269764.87310000043,
              427672.71870000102
            ],
            [
              269770.97169999965,
              427664.33459999971
            ],
            [
              269775.18310000002,
              427652.49010000192
            ],
            [
              269781.68039999995,
              427643.72070000321
            ],
            [
              269787.52680000104,
              427634.79549999908
            ],
            [
              269791.66460000258,
              427625.82250000164
            ],
            [
              269795.50260000024,
              427615.91080000252
            ],
            [
              269798.1857000012,
              427604.37210000306
            ],
            [
              269802.04720000178,
              427591.12960000336
            ],
            [
              269808.08350000065,
              427582.68390000239
            ],
            [
              269809.76939999964,
              427575.22890000045
            ],
            [
              269808.19940000121,
              427566.51920000464
            ],
            [
              269811.69920000061,
              427559.42589999735
            ],
            [
              269812.88080000039,
              427549.5485999994
            ],
            [
              269816.19630000088,
              427537.9606999997
            ],
            [
              269818.17250000034,
              427528.72020000219
            ],
            [
              269822.40490000136,
              427520.93590000086
            ],
            [
              269831.456100001,
              427513.25860000029
            ],
            [
              269837.05709999986,
              427508.94150000066
            ],
            [
              269839.63989999983,
              427502.51060000062
            ],
            [
              269836.64429999981,
              427496.20670000277
            ],
            [
              269838.26640000287,
              427487.3189000003
            ],
            [
              269843.0540000014,
              427476.47090000287
            ],
            [
              269848.97620000131,
              427467.96360000037
            ],
            [
              269855.99440000206,
              427458.50039999932
            ],
            [
              269860.88549999986,
              427447.91940000281
            ],
            [
              269865.98070000019,
              427438.05600000173
            ],
            [
              269869.24320000131,
              427431.74040000141
            ],
            [
              269870.00500000361,
              427428.30080000125
            ],
            [
              269866.47270000167,
              427424.91930000111
            ],
            [
              269860.53259999957,
              427418.69950000197
            ],
            [
              269855.37570000067,
              427410.30640000105
            ],
            [
              269852.72760000173,
              427403.01920000091
            ],
            [
              269853.44780000113,
              427392.53879999928
            ],
            [
              269856.12950000074,
              427385.24180000275
            ],
            [
              269859.0635000011,
              427374.95820000023
            ],
            [
              269860.29129999969,
              427363.33360000141
            ],
            [
              269866.54530000035,
              427355.96240000054
            ],
            [
              269873.63830000348,
              427352.53500000201
            ],
            [
              269879.63790000137,
              427350.85670000315
            ],
            [
              269885.39830000047,
              427345.50789999962
            ],
            [
              269890.89390000328,
              427341.17330000363
            ],
            [
              269890.97030000016,
              427332.24479999952
            ],
            [
              269892.40180000011,
              427323.75450000167
            ],
            [
              269895.27830000408,
              427314.75709999911
            ],
            [
              269898.29509999976,
              427306.3385000024
            ],
            [
              269898.30950000044,
              427297.21270000003
            ],
            [
              269900.19720000122,
              427289.02430000156
            ],
            [
              269905.51920000277,
              427272.8263000045
            ],
            [
              269909.85980000161,
              427257.49420000054
            ],
            [
              269908.96219999995,
              427247.43230000325
            ],
            [
              269914.80250000115,
              427244.90260000713
            ],
            [
              269916.09640000109,
              427241.36200000346
            ],
            [
              269914.97590000182,
              427235.49670000188
            ],
            [
              269912.62229999993,
              427229.60960000008
            ],
            [
              269908.54870000202,
              427217.56030000187
            ],
            [
              269904.75370000303,
              427208.59369999915
            ],
            [
              269897.38520000223,
              427203.66460000165
            ],
            [
              269890.74380000029,
              427198.70340000093
            ],
            [
              269890.57479999959,
              427191.06250000186
            ],
            [
              269889.83810000215,
              427180.76500000246
            ],
            [
              269891.52020000014,
              427170.77419999801
            ],
            [
              269891.68160000071,
              427165.95020000264
            ],
            [
              269889.66189999972,
              427158.25100000016
            ],
            [
              269885.57170000114,
              427152.49950000271
            ],
            [
              269882.00840000063,
              427143.85370000079
            ],
            [
              269875.35059999954,
              427138.21460000239
            ],
            [
              269870.80799999926,
              427133.66990000196
            ],
            [
              269865.81590000261,
              427124.13480000198
            ],
            [
              269859.64340000227,
              427114.21629999951
            ],
            [
              269857.98340000119,
              427105.58590000123
            ],
            [
              269851.48070000391,
              427096.67210000008
            ],
            [
              269844.72410000116,
              427091.34170000255
            ],
            [
              269836.04530000407,
              427083.29290000163
            ],
            [
              269830.47430000268,
              427076.85219999962
            ],
            [
              269823.88250000216,
              427067.36100000143
            ],
            [
              269814.8414000012,
              427054.70230000094
            ],
            [
              269809.55100000091,
              427046.72609999962
            ],
            [
              269797.95000000019,
              427036.04739999957
            ],
            [
              269791.4578999998,
              427024.1660999991
            ],
            [
              269793.22280000243,
              427016.27770000137
            ],
            [
              269787.38490000367,
              427004.36249999888
            ],
            [
              269783.56190000102,
              426996.23360000178
            ],
            [
              269780.87420000043,
              426988.77930000052
            ],
            [
              269777.79449999984,
              426980.86350000277
            ],
            [
              269774.94100000151,
              426970.69120000117
            ],
            [
              269771.81140000094,
              426962.11549999937
            ],
            [
              269772.57370000146,
              426950.3984999992
            ],
            [
              269773.48540000059,
              426934.75229999982
            ],
            [
              269773.9636000013,
              426926.54610000364
            ]
          ]
        ]
      }
    }
  ]
}