{
  "displayFieldName" : "",
  "fieldAliases" : {
    "FID" : "FID",
    "PMNTN_SN" : "PMNTN_SN",
    "MNTN_CODE" : "MNTN_CODE",
    "MNTN_NM" : "MNTN_NM",
    "PMNTN_NM" : "PMNTN_NM",
    "PMNTN_MAIN" : "PMNTN_MAIN",
    "PMNTN_LT" : "PMNTN_LT",
    "PMNTN_DFFL" : "PMNTN_DFFL",
    "PMNTN_UPPL" : "PMNTN_UPPL",
    "PMNTN_GODN" : "PMNTN_GODN",
    "PMNTN_MTRQ" : "PMNTN_MTRQ",
    "PMNTN_CNRL" : "PMNTN_CNRL",
    "PMNTN_CLS_" : "PMNTN_CLS_",
    "PMNTN_RISK" : "PMNTN_RISK",
    "PMNTN_RECO" : "PMNTN_RECO",
    "DATA_STDR_" : "DATA_STDR_",
    "MNTN_ID" : "MNTN_ID"
  },
  "geometryType" : "esriGeometryPolyline",
  "spatialReference" : {
    "wkt" : "PROJCS[\"PCS_ITRF2000_TM\",GEOGCS[\"GCS_ITRF_2000\",DATUM[\"D_ITRF_2000\",SPHEROID[\"GRS_1980\",6378137.0,298.257222101]],PRIMEM[\"Greenwich\",0.0],UNIT[\"Degree\",0.0174532925199433]],PROJECTION[\"Transverse_Mercator\"],PARAMETER[\"False_Easting\",200000.0],PARAMETER[\"False_Northing\",600000.0],PARAMETER[\"Central_Meridian\",127.0],PARAMETER[\"Scale_Factor\",1.0],PARAMETER[\"Latitude_Of_Origin\",38.0],UNIT[\"Meter\",1.0]]"
  },
  "fields" : [
    {
      "name" : "FID",
      "type" : "esriFieldTypeOID",
      "alias" : "FID"
    },
    {
      "name" : "PMNTN_SN",
      "type" : "esriFieldTypeDouble",
      "alias" : "PMNTN_SN"
    },
    {
      "name" : "MNTN_CODE",
      "type" : "esriFieldTypeString",
      "alias" : "MNTN_CODE",
      "length" : 9
    },
    {
      "name" : "MNTN_NM",
      "type" : "esriFieldTypeString",
      "alias" : "MNTN_NM",
      "length" : 50
    },
    {
      "name" : "PMNTN_NM",
      "type" : "esriFieldTypeString",
      "alias" : "PMNTN_NM",
      "length" : 50
    },
    {
      "name" : "PMNTN_MAIN",
      "type" : "esriFieldTypeString",
      "alias" : "PMNTN_MAIN",
      "length" : 200
    },
    {
      "name" : "PMNTN_LT",
      "type" : "esriFieldTypeSingle",
      "alias" : "PMNTN_LT"
    },
    {
      "name" : "PMNTN_DFFL",
      "type" : "esriFieldTypeString",
      "alias" : "PMNTN_DFFL",
      "length" : 8
    },
    {
      "name" : "PMNTN_UPPL",
      "type" : "esriFieldTypeDouble",
      "alias" : "PMNTN_UPPL"
    },
    {
      "name" : "PMNTN_GODN",
      "type" : "esriFieldTypeDouble",
      "alias" : "PMNTN_GODN"
    },
    {
      "name" : "PMNTN_MTRQ",
      "type" : "esriFieldTypeString",
      "alias" : "PMNTN_MTRQ",
      "length" : 200
    },
    {
      "name" : "PMNTN_CNRL",
      "type" : "esriFieldTypeString",
      "alias" : "PMNTN_CNRL",
      "length" : 1
    },
    {
      "name" : "PMNTN_CLS_",
      "type" : "esriFieldTypeString",
      "alias" : "PMNTN_CLS_",
      "length" : 1
    },
    {
      "name" : "PMNTN_RISK",
      "type" : "esriFieldTypeString",
      "alias" : "PMNTN_RISK",
      "length" : 200
    },
    {
      "name" : "PMNTN_RECO",
      "type" : "esriFieldTypeString",
      "alias" : "PMNTN_RECO",
      "length" : 1
    },
    {
      "name" : "DATA_STDR_",
      "type" : "esriFieldTypeString",
      "alias" : "DATA_STDR_",
      "length" : 10
    },
    {
      "name" : "MNTN_ID",
      "type" : "esriFieldTypeString",
      "alias" : "MNTN_ID",
      "length" : 10
    }
  ],
  "features" : [
    {
      "attributes" : {
        "FID" : 0,
        "PMNTN_SN" : 2428,
        "MNTN_CODE" : "428305501",
        "MNTN_NM" : "견불리산",
        "PMNTN_NM" : "견불리구간",
        "PMNTN_MAIN" : " ",
        "PMNTN_LT" : 6.29,
        "PMNTN_DFFL" : "쉬움",
        "PMNTN_UPPL" : 111,
        "PMNTN_GODN" : 78,
        "PMNTN_MTRQ" : " ",
        "PMNTN_CNRL" : " ",
        "PMNTN_CLS_" : " ",
        "PMNTN_RISK" : " ",
        "PMNTN_RECO" : " ",
        "DATA_STDR_" : "2016-12-31",
        "MNTN_ID" : "428300301"
      },
      "geometry" : {
        "paths" : [
          [
            [
              353330.31510000024,
              594332.85900000297
            ],
            [
              353321.23300000001,
              594334.84420000203
            ],
            [
              353312.25150000025,
              594337.19429999962
            ],
            [
              353305.78550000209,
              594339.10339999944
            ],
            [
              353300.69090000074,
              594340.80700000003
            ],
            [
              353286.9626000002,
              594346.58730000071
            ],
            [
              353283.63930000085,
              594347.60749999993
            ],
            [
              353274.98980000056,
              594349.74160000123
            ],
            [
              353271.06659999955,
              594350.92260000296
            ],
            [
              353266.75870000198,
              594352.59649999999
            ],
            [
              353257.33829999994,
              594356.70290000178
            ],
            [
              353242.88750000112,
              594362.48320000246
            ],
            [
              353234.865600002,
              594365.41620000079
            ],
            [
              353229.88169999979,
              594366.81849999912
            ],
            [
              353224.11900000181,
              594367.66479999945
            ],
            [
              353213.98579999991,
              594368.26360000111
            ],
            [
              353196.64480000176,
              594368.9860999994
            ],
            [
              353190.43840000127,
              594369.55829999968
            ],
            [
              353170.63329999987,
              594371.87630000152
            ],
            [
              353163.981399999,
              594372.22969999909
            ],
            [
              353147.50289999973,
              594372.58080000244
            ],
            [
              353138.84140000213,
              594373.32140000165
            ],
            [
              353130.69760000054,
              594374.60879999958
            ],
            [
              353122.94550000224,
              594376.21150000021
            ],
            [
              353116.12899999972,
              594378.01920000464
            ],
            [
              353105.6045000013,
              594381.26930000074
            ],
            [
              353092.79140000045,
              594384.98909999803
            ],
            [
              353089.19450000115,
              594386.32340000197
            ],
            [
              353084.99940000102,
              594388.48530000262
            ],
            [
              353077.26260000095,
              594394.13110000081
            ],
            [
              353072.52979999967,
              594395.07960000075
            ],
            [
              353063.49220000021,
              594393.03920000046
            ],
            [
              353056.12890000083,
              594392.58660000004
            ],
            [
              353047.07860000059,
              594392.83000000007
            ],
            [
              353036.46940000076,
              594393.52060000412
            ],
            [
              353023.23470000084,
              594394.99760000408
            ],
            [
              353011.42860000022,
              594396.45079999976
            ],
            [
              353007.72690000013,
              594397.10960000008
            ],
            [
              353004.44859999977,
              594397.88780000061
            ],
            [
              352996.32460000087,
              594400.36690000445
            ],
            [
              352993.32189999986,
              594401.60040000081
            ],
            [
              352989.61480000056,
              594403.67750000209
            ],
            [
              352986.19060000218,
              594406.29670000263
            ],
            [
              352978.43709999975,
              594413.78370000236
            ],
            [
              352968.95569999982,
              594423.07180000097
            ],
            [
              352964.70880000014,
              594426.78950000182
            ],
            [
              352958.55500000156,
              594431.53960000165
            ],
            [
              352953.8339999998,
              594434.77690000087
            ],
            [
              352949.40800000075,
              594437.28130000271
            ],
            [
              352945.20010000095,
              594439.07269999944
            ],
            [
              352942.365600002,
              594439.93200000189
            ],
            [
              352939.14190000016,
              594440.65080000088
            ],
            [
              352930.02680000104,
              594441.96289999969
            ],
            [
              352926.47469999921,
              594442.26010000333
            ],
            [
              352922.48080000002,
              594442.29480000399
            ],
            [
              352905.50519999955,
              594441.42670000345
            ],
            [
              352901.68010000046,
              594441.55900000036
            ],
            [
              352898.23490000144,
              594441.96289999969
            ],
            [
              352893.28160000034,
              594443.06250000186
            ],
            [
              352883.55900000036,
              594445.97130000219
            ],
            [
              352879.44879999943,
              594447.02070000209
            ],
            [
              352873.83349999972,
              594448.09830000065
            ],
            [
              352867.52030000091,
              594449.03409999982
            ],
            [
              352846.21190000232,
              594451.35590000078
            ],
            [
              352837.39290000033,
              594452.12270000018
            ],
            [
              352833.206100001,
              594452.80100000091
            ],
            [
              352827.00510000065,
              594454.47320000269
            ],
            [
              352823.45529999956,
              594455.90290000103
            ],
            [
              352820.23590000067,
              594457.91299999878
            ],
            [
              352814.57710000034,
              594462.82780000381
            ],
            [
              352809.80720000062,
              594464.09450000152
            ],
            [
              352806.46139999945,
              594463.78220000304
            ],
            [
              352802.93759999983,
              594462.70250000246
            ],
            [
              352797.38370000012,
              594459.00309999846
            ],
            [
              352784.34690000024,
              594455.28280000389
            ],
            [
              352774.29980000202,
              594452.25580000132
            ],
            [
              352761.5214000009,
              594456.4581000004
            ],
            [
              352753.39860000089,
              594461.66840000078
            ],
            [
              352746.66299999971,
              594463.13350000046
            ],
            [
              352742.34910000023,
              594459.63040000014
            ],
            [
              352740.63119999971,
              594453.44099999964
            ],
            [
              352736.78740000073,
              594445.69040000252
            ],
            [
              352729.45810000226,
              594431.44190000184
            ],
            [
              352721.33270000014,
              594422.92330000177
            ],
            [
              352715.88260000106,
              594422.91359999962
            ],
            [
              352709.23150000069,
              594425.1370000001
            ],
            [
              352698.70710000116,
              594420.2547999993
            ],
            [
              352687.86980000231,
              594407.14930000342
            ],
            [
              352683.99700000044,
              594392.67440000176
            ],
            [
              352669.70019999985,
              594381.9243999999
            ],
            [
              352663.42609999981,
              594376.98949999921
            ],
            [
              352660.53430000041,
              594365.7434000019
            ],
            [
              352656.88300000131,
              594356.33420000039
            ],
            [
              352645.00239999965,
              594340.45230000094
            ],
            [
              352634.35410000104,
              594329.38480000012
            ],
            [
              352613.64240000118,
              594318.3217999991
            ],
            [
              352596.68890000042,
              594310.00879999995
            ],
            [
              352586.38970000017,
              594304.04179999977
            ],
            [
              352576.0867999997,
              594301.47310000099
            ],
            [
              352568.39850000106,
              594299.41940000281
            ],
            [
              352543.97850000113,
              594296.46340000071
            ],
            [
              352520.42220000084,
              594301.503800001
            ],
            [
              352508.56920000073,
              594311.68730000034
            ],
            [
              352503.18479999993,
              594318.88289999962
            ],
            [
              352487.4811000023,
              594337.57960000075
            ],
            [
              352482.29290000163,
              594341.79169999994
            ],
            [
              352468.52309999987,
              594355.81609999947
            ],
            [
              352455.96230000071,
              594371.9840000011
            ],
            [
              352449.95419999957,
              594383.33559999987
            ],
            [
              352442.36820000131,
              594389.52140000276
            ],
            [
              352435.94630000181,
              594391.2199000027
            ],
            [
              352431.34100000095,
              594386.92280000076
            ],
            [
              352426.38410000131,
              594378.43019999936
            ],
            [
              352423.95419999957,
              594364.71740000136
            ],
            [
              352416.89770000149,
              594356.16080000065
            ],
            [
              352410.29320000019,
              594349.93510000035
            ],
            [
              352402.98300000094,
              594345.73900000192
            ],
            [
              352388.87559999991,
              594337.13000000454
            ],
            [
              352374.88790000137,
              594329.26670000143
            ],
            [
              352366.49890000001,
              594319.65450000018
            ],
            [
              352361.87970000226,
              594304.474700002
            ],
            [
              352361.22270000074,
              594289.5894000046
            ],
            [
              352361.18630000018,
              594274.57149999961
            ],
            [
              352361.8356999997,
              594262.41090000048
            ],
            [
              352357.6185000008,
              594253.42960000038
            ],
            [
              352348.05910000019,
              594241.82370000146
            ],
            [
              352343.23039999977,
              594234.11840000004
            ],
            [
              352340.49000000022,
              594224.61310000159
            ],
            [
              352342.8049000008,
              594210.8775000032
            ],
            [
              352349.33110000007,
              594193.15980000235
            ],
            [
              352347.03839999996,
              594181.45160000212
            ],
            [
              352350.72680000123,
              594161.0120000001
            ],
            [
              352351.45850000065,
              594149.43439999968
            ],
            [
              352345.7435999997,
              594141.14230000414
            ],
            [
              352332.86510000005,
              594132.95340000279
            ],
            [
              352325.71789999958,
              594130.87650000118
            ],
            [
              352317.50040000211,
              594126.88160000183
            ],
            [
              352308.03240000084,
              594125.24760000035
            ],
            [
              352301.43969999999,
              594120.04259999841
            ],
            [
              352299.29830000177,
              594111.6492999997
            ],
            [
              352299.85350000113,
              594098.2199000027
            ],
            [
              352301.5158000011,
              594091.22409999929
            ],
            [
              352305.26280000154,
              594085.31000000238
            ],
            [
              352306.44689999986,
              594078.77089999989
            ],
            [
              352300.83110000193,
              594073.57530000061
            ],
            [
              352292.94580000173,
              594068.22360000201
            ],
            [
              352285.26190000121,
              594061.69220000133
            ],
            [
              352278.16119999997,
              594055.45830000192
            ],
            [
              352276.10100000072,
              594047.12409999967
            ],
            [
              352280.16179999895,
              594039.64210000262
            ],
            [
              352292.79530000035,
              594040.79770000279
            ],
            [
              352305.24409999885,
              594043.20549999923
            ],
            [
              352312.15370000061,
              594043.35930000059
            ],
            [
              352313.32660000119,
              594036.35659999959
            ],
            [
              352312.4841,
              594026.33790000156
            ],
            [
              352313.48379999958,
              594015.22360000014
            ],
            [
              352313.85300000105,
              593996.38519999944
            ],
            [
              352314.01939999871,
              593978.73429999873
            ],
            [
              352308.87980000116,
              593961.44290000014
            ],
            [
              352303.42200000212,
              593950.5644000005
            ],
            [
              352293.7172000017,
              593945.19280000217
            ],
            [
              352277.47929999977,
              593936.04770000093
            ],
            [
              352267.8515000008,
              593929.89260000177
            ],
            [
              352258.31300000008,
              593920.57039999962
            ],
            [
              352248.78350000083,
              593914.22690000385
            ],
            [
              352228.9982000012,
              593911.6445000004
            ],
            [
              352206.76839999948,
              593903.41349999979
            ],
            [
              352194.5708000008,
              593896.80430000275
            ],
            [
              352183.6257000016,
              593881.32960000262
            ],
            [
              352174.89000000153,
              593867.16000000015
            ],
            [
              352169.80680000037,
              593857.28980000131
            ],
            [
              352169.07330000121,
              593848.31730000116
            ],
            [
              352178.58170000091,
              593842.09080000408
            ],
            [
              352197.18810000177,
              593832.59940000251
            ],
            [
              352206.23980000056,
              593827.81280000135
            ],
            [
              352210.93080000207,
              593818.09840000048
            ],
            [
              352211.98410000186,
              593807.3545000013
            ],
            [
              352211.67510000058,
              593796.79110000283
            ],
            [
              352211.4271999998,
              593788.31620000117
            ],
            [
              352210.98570000008,
              593773.224700002
            ],
            [
              352210.73610000126,
              593764.69090000167
            ],
            [
              352219.14329999965,
              593759.35630000196
            ],
            [
              352229.52470000088,
              593752.76909999922
            ],
            [
              352241.18030000199,
              593748.4216000028
            ],
            [
              352247.15890000109,
              593740.98310000263
            ],
            [
              352248.24739999976,
              593733.98169999942
            ],
            [
              352245.59690000024,
              593724.00740000047
            ],
            [
              352239.5895000007,
              593716.07810000144
            ],
            [
              352233.5747000007,
              593707.37280000001
            ],
            [
              352237.43140000012,
              593698.79209999926
            ],
            [
              352244.15550000221,
              593695.71880000271
            ],
            [
              352261.29349999875,
              593696.58170000277
            ],
            [
              352271.41390000097,
              593697.09120000154
            ],
            [
              352280.99650000129,
              593693.51950000226
            ],
            [
              352288.54060000088,
              593688.72110000439
            ],
            [
              352297.86390000116,
              593682.79120000079
            ],
            [
              352304.17330000084,
              593677.44810000248
            ],
            [
              352302.81919999979,
              593672.49420000054
            ],
            [
              352295.01599999983,
              593666.99340000376
            ],
            [
              352285.74189999979,
              593664.90749999881
            ],
            [
              352269.27800000086,
              593661.20449999906
            ],
            [
              352256.14870000165,
              593658.25150000118
            ],
            [
              352242.34550000075,
              593653.44649999961
            ],
            [
              352233.63540000003,
              593647.60360000096
            ],
            [
              352223.65840000194,
              593644.32529999875
            ],
            [
              352213.38200000022,
              593646.43510000035
            ],
            [
              352203.88769999985,
              593649.57330000028
            ],
            [
              352199.4337000018,
              593656.36870000325
            ],
            [
              352194.66340000182,
              593661.45740000159
            ],
            [
              352189.64610000048,
              593665.00180000067
            ],
            [
              352180.89769999962,
              593668.30130000412
            ],
            [
              352169.32390000112,
              593670.76530000195
            ],
            [
              352158.37460000068,
              593675.90220000409
            ],
            [
              352152.83040000219,
              593682.77920000255
            ],
            [
              352148.21320000011,
              593696.64980000257
            ],
            [
              352142.52300000004,
              593704.93459999748
            ],
            [
              352137.25200000033,
              593709.95230000094
            ],
            [
              352127.43070000038,
              593714.75560000166
            ],
            [
              352116.0393000003,
              593719.0605999995
            ],
            [
              352107.24330000114,
              593723.14480000176
            ],
            [
              352098.94890000019,
              593728.64850000106
            ],
            [
              352094.53189999983,
              593734.83210000396
            ],
            [
              352087.14290000033,
              593755.05580000021
            ],
            [
              352072.64010000229,
              593786.17780000344
            ],
            [
              352066.83680000063,
              593797.80030000024
            ],
            [
              352066.49460000172,
              593807.58500000089
            ],
            [
              352069.32250000071,
              593819.60160000063
            ],
            [
              352071.6548000006,
              593830.94710000232
            ],
            [
              352071.48990000039,
              593840.69250000082
            ],
            [
              352066.52010000125,
              593853.47890000045
            ],
            [
              352058.32600000035,
              593866.70439999923
            ],
            [
              352051.78199999966,
              593907.09730000235
            ],
            [
              352049.26740000024,
              593927.63250000216
            ],
            [
              352042.31140000001,
              593943.01479999907
            ],
            [
              352029.03860000055,
              593946.37760000117
            ],
            [
              352021.54160000104,
              593946.56060000323
            ],
            [
              351978.05540000089,
              593945.26579999924
            ],
            [
              351963.55300000031,
              593945.07670000196
            ],
            [
              351953.91030000057,
              593955.17680000328
            ],
            [
              351955.5111999996,
              593968.14530000091
            ],
            [
              351959.94390000124,
              593981.90829999931
            ],
            [
              351978.73940000031,
              594035.09569999948
            ],
            [
              351984.25070000067,
              594042.78979999945
            ],
            [
              351994.99930000212,
              594047.97070000134
            ],
            [
              352005.59960000031,
              594053.0800999999
            ],
            [
              352010.98990000132,
              594062.53370000049
            ],
            [
              352008.65260000061,
              594078.58030000143
            ],
            [
              352007.47520000115,
              594091.20920000039
            ],
            [
              352009.88710000087,
              594101.10969999991
            ],
            [
              352014.53839999996,
              594108.14509999938
            ],
            [
              352020.15930000134,
              594114.11099999957
            ],
            [
              352022.59219999984,
              594120.39240000024
            ],
            [
              352023.38430000003,
              594126.5447000023
            ],
            [
              352023.65079999994,
              594132.56840000115
            ],
            [
              352024.77480000164,
              594146.41440000199
            ],
            [
              352023.25640000124,
              594166.64110000245
            ],
            [
              352018.59590000007,
              594174.34420000203
            ],
            [
              352016.88010000065,
              594180.42760000005
            ],
            [
              352021.42779999971,
              594189.05680000037
            ],
            [
              352026.94350000098,
              594196.40319999866
            ],
            [
              352034.18880000059,
              594202.65579999983
            ],
            [
              352037.08930000011,
              594211.93459999934
            ],
            [
              352036.52530000173,
              594225.20760000125
            ],
            [
              352033.65220000129,
              594238.39560000226
            ],
            [
              352037.15750000067,
              594252.91439999826
            ],
            [
              352042.30109999981,
              594259.30020000413
            ],
            [
              352052.12999999989,
              594266.56670000404
            ],
            [
              352057.26150000002,
              594277.87360000238
            ],
            [
              352060.30630000122,
              594295.00689999945
            ],
            [
              352055.20670000091,
              594308.18009999953
            ],
            [
              352050.64029999916,
              594329.08449999988
            ],
            [
              352051.35500000138,
              594342.83200000226
            ],
            [
              352048.57940000016,
              594355.01700000092
            ],
            [
              352042.86830000021,
              594364.80910000205
            ],
            [
              352043.3729000017,
              594373.48230000213
            ],
            [
              352044.0866000019,
              594385.75010000169
            ],
            [
              352041.05920000002,
              594398.44160000049
            ],
            [
              352041.03640000056,
              594413.39970000274
            ],
            [
              352041.86160000041,
              594424.19170000218
            ],
            [
              352042.54830000084,
              594434.30880000442
            ],
            [
              352041.125,
              594451.77209999971
            ],
            [
              352026.63300000038,
              594482.88169999979
            ],
            [
              352021.04050000012,
              594502.3331000004
            ],
            [
              352016.33820000105,
              594511.45949999988
            ],
            [
              352014.8125,
              594530.35019999929
            ],
            [
              352026.0175999999,
              594542.14189999923
            ],
            [
              352036.80949999951,
              594548.82410000265
            ],
            [
              352047.22879999969,
              594561.27679999918
            ],
            [
              352055.52450000029,
              594573.0017000027
            ],
            [
              352058.10290000122,
              594582.0258000046
            ],
            [
              352056.06710000057,
              594594.31760000065
            ],
            [
              352047.63489999995,
              594599.62200000323
            ],
            [
              352035.77100000065,
              594601.29400000162
            ],
            [
              352027.97750000097,
              594602.95419999957
            ],
            [
              352015.94799999986,
              594609.40110000409
            ],
            [
              352002.47609999962,
              594617.71740000322
            ],
            [
              351991.39790000115,
              594629.04409999959
            ],
            [
              351984.05520000122,
              594642.5989000015
            ],
            [
              351987.11099999957,
              594651.86119999923
            ],
            [
              351992.77120000031,
              594661.4186000023
            ],
            [
              352001.96740000043,
              594673.42670000158
            ],
            [
              352011.8562000012,
              594692.18810000084
            ],
            [
              352017.73460000008,
              594711.68280000053
            ],
            [
              352010.42449999973,
              594727.62610000186
            ],
            [
              352006.5222000014,
              594744.97880000062
            ],
            [
              352005.63480000105,
              594758.17669999972
            ],
            [
              352011.99430000223,
              594771.04439999908
            ],
            [
              352010.20980000123,
              594785.60980000161
            ],
            [
              351995.143600001,
              594804.34290000238
            ],
            [
              351980.89419999998,
              594813.35280000046
            ],
            [
              351966.34530000016,
              594826.26579999924
            ],
            [
              351960.85869999975,
              594837.19600000046
            ],
            [
              351964.45190000162,
              594848.89400000125
            ],
            [
              351974.41000000015,
              594858.30620000325
            ],
            [
              351983.65579999983,
              594871.44560000114
            ],
            [
              351989.69260000065,
              594887.06020000018
            ],
            [
              351994.47609999962,
              594926.09520000033
            ],
            [
              351993.59680000041,
              594943.13049999997
            ],
            [
              351999.90910000075,
              594960.23940000124
            ],
            [
              352006.63960000128,
              594974.95900000259
            ],
            [
              352017.55090000015,
              594988.80770000257
            ],
            [
              352033.05000000168,
              594998.09730000049
            ],
            [
              352040.61970000062,
              595005.33080000244
            ],
            [
              352050.98310000077,
              595013.05900000036
            ],
            [
              352060.52209999971,
              595021.69100000337
            ],
            [
              352070.25059999991,
              595033.64609999955
            ],
            [
              352077.53710000217,
              595039.59630000219
            ],
            [
              352086.78600000031,
              595043.38190000132
            ],
            [
              352094.37530000135,
              595047.12920000218
            ],
            [
              352103.38110000081,
              595053.5521000009
            ],
            [
              352113.23590000067,
              595059.52329999954
            ],
            [
              352121.55960000027,
              595063.80990000069
            ],
            [
              352128.70710000116,
              595067.58410000242
            ],
            [
              352132.87260000128,
              595071.61730000004
            ],
            [
              352139.17310000211,
              595079.36879999936
            ],
            [
              352147.58050000016,
              595084.88929999992
            ],
            [
              352152.76310000196,
              595084.79690000415
            ],
            [
              352158.22780000046,
              595085.07600000128
            ],
            [
              352167.11830000021,
              595092.67010000348
            ],
            [
              352173.0392000014,
              595099.16520000063
            ],
            [
              352182.64350000024,
              595109.99279999919
            ],
            [
              352192.45159999933,
              595119.58040000312
            ],
            [
              352198.79120000172,
              595124.48210000433
            ],
            [
              352205.31700000167,
              595129.10040000081
            ],
            [
              352210.29959999956,
              595132.13270000182
            ],
            [
              352222.28250000067,
              595138.55350000411
            ],
            [
              352227.71580000035,
              595142.10620000027
            ],
            [
              352234.46600000001,
              595147.69710000046
            ],
            [
              352242.16670000087,
              595155.1118999999
            ],
            [
              352244.53589999955,
              595157.73259999976
            ],
            [
              352250.25569999963,
              595164.72150000185
            ],
            [
              352254.74289999902,
              595168.86890000105
            ],
            [
              352258.16800000053,
              595171.09750000015
            ],
            [
              352267.00450000074,
              595175.58490000106
            ],
            [
              352270.34580000211,
              595177.51070000045
            ],
            [
              352278.20150000043,
              595182.56170000322
            ],
            [
              352281.62100000214,
              595185.28340000287
            ],
            [
              352284.9768000003,
              595188.67300000228
            ],
            [
              352287.22790000029,
              595191.46060000174
            ],
            [
              352289.34979999997,
              595194.50410000049
            ],
            [
              352291.29950000066,
              595197.74190000445
            ],
            [
              352292.69740000181,
              595200.62620000169
            ],
            [
              352293.93819999974,
              595204.00999999978
            ],
            [
              352297.80239999946,
              595217.97309999913
            ],
            [
              352304.30530000199,
              595236.75919999741
            ],
            [
              352310.80820000172,
              595253.37770000286
            ],
            [
              352313.90909999982,
              595262.89770000055
            ],
            [
              352318.03359999973,
              595277.22149999812
            ],
            [
              352323.81390000135,
              595298.89779999852
            ],
            [
              352326.88420000114,
              595313.90090000071
            ],
            [
              352327.82030000072,
              595317.45990000106
            ],
            [
              352328.87170000002,
              595320.57409999892
            ],
            [
              352330.78019999992,
              595325.345900001
            ],
            [
              352332.489500002,
              595329.06489999965
            ],
            [
              352334.2482000012,
              595332.27090000361
            ],
            [
              352336.95310000051,
              595336.05420000292
            ],
            [
              352339.93250000104,
              595339.222000001
            ],
            [
              352347.65780000202,
              595345.86300000176
            ],
            [
              352353.28690000065,
              595350.81819999963
            ],
            [
              352357.05090000015,
              595353.81100000069
            ],
            [
              352361.47000000067,
              595356.78529999964
            ],
            [
              352368.61149999965,
              595361.03639999963
            ],
            [
              352376.56560000032,
              595365.74500000104
            ],
            [
              352381.6173000019,
              595368.26190000027
            ],
            [
              352385.55060000066,
              595369.80360000022
            ],
            [
              352389.75669999979,
              595371.16190000437
            ],
            [
              352394.22910000104,
              595372.33479999937
            ],
            [
              352398.95830000006,
              595373.31960000284
            ],
            [
              352405.0017999988,
              595374.48939999938
            ],
            [
              352408.32189999986,
              595374.95190000162
            ],
            [
              352412.77539999969,
              595374.91460000165
            ],
            [
              352416.93140000105,
              595374.05280000158
            ],
            [
              352420.87640000135,
              595372.44539999962
            ],
            [
              352425.70559999999,
              595368.97110000253
            ],
            [
              352430.752700001,
              595361.95930000022
            ],
            [
              352434.05690000113,
              595358.45560000092
            ],
            [
              352440.08179999981,
              595353.191300001
            ],
            [
              352442.31079999916,
              595350.92080000229
            ],
            [
              352444.99740000069,
              595347.31330000237
            ],
            [
              352450.31669999938,
              595338.5418999996
            ],
            [
              352452.4385000011,
              595335.82689999975
            ],
            [
              352456.14140000194,
              595332.46910000406
            ],
            [
              352466.25200000126,
              595326.01590000093
            ],
            [
              352469.76740000024,
              595323.46420000307
            ],
            [
              352476.50939999986,
              595317.72020000219
            ],
            [
              352478.74900000077,
              595315.49460000172
            ],
            [
              352480.60560000129,
              595313.34869999997
            ],
            [
              352482.29680000059,
              595310.98540000059
            ],
            [
              352483.96470000036,
              595308.18490000069
            ],
            [
              352488.55350000132,
              595298.89779999852
            ],
            [
              352496.50150000118,
              595280.83430000208
            ],
            [
              352501.84020000044,
              595271.14070000127
            ],
            [
              352503.72690000013,
              595267.10600000061
            ],
            [
              352504.91720000003,
              595263.3387000002
            ],
            [
              352506.86629999988,
              595254.72630000301
            ],
            [
              352508.06219999958,
              595251.21000000462
            ],
            [
              352509.6978000002,
              595247.93770000152
            ],
            [
              352514.56500000041,
              595239.64939999953
            ],
            [
              352519.48070000019,
              595228.47750000097
            ],
            [
              352521.06790000014,
              595225.19849999994
            ],
            [
              352524.77350000013,
              595218.76830000058
            ],
            [
              352530.46100000106,
              595210.02510000207
            ],
            [
              352536.33040000126,
              595201.44910000265
            ],
            [
              352541.29910000227,
              595194.85170000233
            ],
            [
              352547.41750000138,
              595187.42690000311
            ],
            [
              352552.1372000007,
              595182.56850000098
            ],
            [
              352555.14350000024,
              595179.99780000001
            ],
            [
              352558.56900000107,
              595177.41110000201
            ],
            [
              352567.31060000136,
              595171.73039999977
            ],
            [
              352571.49840000086,
              595169.37759999931
            ],
            [
              352581.03890000191,
              595164.50500000454
            ],
            [
              352595.48979999963,
              595156.55700000189
            ],
            [
              352607.050400001,
              595150.77670000121
            ],
            [
              352615.71240000054,
              595146.87730000168
            ],
            [
              352618.78270000033,
              595143.20270000212
            ],
            [
              352620.77870000154,
              595135.60329999775
            ],
            [
              352622.5689000003,
              595128.66210000031
            ],
            [
              352624.39140000194,
              595120.42989999987
            ],
            [
              352625.07309999969,
              595116.33449999988
            ],
            [
              352626.4449000014,
              595105.02150000259
            ],
            [
              352627.12949999981,
              595101.67229999974
            ],
            [
              352628.00420000032,
              595098.75359999947
            ],
            [
              352629.65170000028,
              595094.75190000236
            ],
            [
              352631.81790000107,
              595090.53350000456
            ],
            [
              352634.5418000007,
              595086.01080000028
            ],
            [
              352638.11969999969,
              595080.69010000303
            ],
            [
              352643.04820000101,
              595073.7770000007
            ],
            [
              352645.86060000118,
              595070.73059999943
            ],
            [
              352650.18470000103,
              595067.55480000004
            ],
            [
              352658.35090000182,
              595063.34909999929
            ],
            [
              352667.85089999996,
              595057.01429999992
            ],
            [
              352672.07919999957,
              595054.67860000208
            ],
            [
              352676.75129999965,
              595052.97670000419
            ],
            [
              352685.84839999955,
              595050.70300000347
            ],
            [
              352689.42019999959,
              595049.62080000155
            ],
            [
              352699.28200000059,
              595045.90080000274
            ],
            [
              352706.76120000053,
              595042.39540000074
            ],
            [
              352710.143600001,
              595040.32819999941
            ],
            [
              352717.5820000004,
              595035.06270000152
            ],
            [
              352721.21210000012,
              595033.00230000168
            ],
            [
              352723.83539999928,
              595031.90970000252
            ],
            [
              352726.86039999966,
              595030.93370000087
            ],
            [
              352737.45940000005,
              595028.3814000003
            ],
            [
              352741.44330000225,
              595027.22199999727
            ],
            [
              352753.45010000002,
              595022.97020000219
            ],
            [
              352757.81099999975,
              595021.14210000262
            ],
            [
              352761.67440000083,
              595019.27400000021
            ],
            [
              352766.31040000077,
              595016.52930000052
            ],
            [
              352774.77950000018,
              595010.68370000459
            ],
            [
              352778.29289999977,
              595008.43590000458
            ],
            [
              352788.27830000035,
              595002.64070000127
            ],
            [
              352796.57270000037,
              594998.23930000141
            ],
            [
              352804.26120000053,
              594994.65709999949
            ],
            [
              352811.52990000136,
              594991.81739999913
            ],
            [
              352816.32780000102,
              594990.32499999925
            ],
            [
              352829.59340000059,
              594986.75960000232
            ],
            [
              352838.11290000007,
              594984.2666000016
            ],
            [
              352843.63250000123,
              594981.81919999979
            ],
            [
              352846.85100000072,
              594979.64350000024
            ],
            [
              352855.60489999969,
              594972.30880000256
            ],
            [
              352864.33310000133,
              594966.42120000347
            ],
            [
              352867.88810000196,
              594963.63830000162
            ],
            [
              352870.53479999956,
              594960.8730999995
            ],
            [
              352875.96520000137,
              594954.0364999976
            ],
            [
              352878.72630000114,
              594951.35509999841
            ],
            [
              352882.13019999955,
              594948.86199999973
            ],
            [
              352885.74720000103,
              594946.66339999996
            ],
            [
              352889.46200000122,
              594944.82909999974
            ],
            [
              352893.17709999997,
              594943.40710000135
            ],
            [
              352896.26100000087,
              594942.56619999744
            ],
            [
              352899.71509999968,
              594941.94050000049
            ],
            [
              352903.6054000007,
              594941.51370000094
            ],
            [
              352908.35050000064,
              594941.23950000107
            ],
            [
              352914.16540000029,
              594941.11290000193
            ],
            [
              352918.77689999994,
              594941.29540000111
            ],
            [
              352922.83620000072,
              594941.8133000005
            ],
            [
              352926.41399999987,
              594942.68449999951
            ],
            [
              352930.07860000152,
              594944.07990000211
            ],
            [
              352933.85230000038,
              594946.002700001
            ],
            [
              352937.70640000049,
              594948.43900000304
            ],
            [
              352942.61030000169,
              594952.30110000074
            ],
            [
              352948.66150000133,
              594958.50790000148
            ],
            [
              352952.23860000074,
              594961.29320000112
            ],
            [
              352955.40919999965,
              594963.2509000022
            ],
            [
              352964.70880000014,
              594967.97350000031
            ],
            [
              352971.33389999997,
              594970.91449999996
            ],
            [
              352980.60470000003,
              594974.47640000097
            ],
            [
              352990.45270000119,
              594978.00239999965
            ],
            [
              352997.94570000004,
              594980.25670000166
            ],
            [
              353005.86280000024,
              594982.20120000094
            ],
            [
              353011.67400000058,
              594983.14690000378
            ],
            [
              353016.10419999994,
              594983.44220000133
            ],
            [
              353020.81770000048,
              594983.42049999908
            ],
            [
              353025.83050000016,
              594983.08210000023
            ],
            [
              353031.1827000007,
              594982.4243999999
            ],
            [
              353036.35290000029,
              594981.29959999956
            ],
            [
              353047.29240000062,
              594977.85020000115
            ],
            [
              353052.13640000205,
              594976.64400000125
            ],
            [
              353059.82540000044,
              594975.41640000045
            ],
            [
              353068.75480000023,
              594974.47640000097
            ],
            [
              353075.52120000031,
              594974.06280000322
            ],
            [
              353082.78710000124,
              594973.92600000091
            ],
            [
              353090.70380000211,
              594974.06090000272
            ],
            [
              353099.82419999968,
              594974.47640000097
            ],
            [
              353116.44260000065,
              594975.92150000297
            ],
            [
              353137.39630000107,
              594977.36659999937
            ],
            [
              353152.23080000095,
              594978.1416000016
            ],
            [
              353159.77640000079,
              594978.32070000097
            ],
            [
              353167.04540000111,
              594978.0859999992
            ],
            [
              353173.5234000003,
              594977.36659999937
            ],
            [
              353181.50850000139,
              594975.75669999979
            ],
            [
              353191.58700000029,
              594973.03130000085
            ],
            [
              353198.4355000006,
              594970.83170000277
            ],
            [
              353210.37310000136,
              594966.52840000391
            ],
            [
              353220.61180000007,
              594962.94299999997
            ],
            [
              353226.26900000125,
              594960.7480999995
            ],
            [
              353231.01840000134,
              594958.60880000144
            ],
            [
              353241.44240000006,
              594953.52270000242
            ],
            [
              353252.63960000128,
              594948.12420000322
            ],
            [
              353258.78340000007,
              594945.57469999976
            ],
            [
              353263.6855999995,
              594944.22389999963
            ],
            [
              353275.99430000223,
              594941.96759999916
            ],
            [
              353279.18460000213,
              594940.99890000001
            ],
            [
              353281.90479999967,
              594939.79440000094
            ],
            [
              353285.58790000062,
              594937.59329999983
            ],
            [
              353289.2686999999,
              594934.89850000106
            ],
            [
              353292.88790000044,
              594931.75269999914
            ],
            [
              353296.35560000036,
              594928.23370000161
            ],
            [
              353299.22939999867,
              594924.92270000279
            ],
            [
              353301.59400000051,
              594921.82339999825
            ],
            [
              353303.52099999972,
              594918.84139999747
            ],
            [
              353305.02610000223,
              594915.95050000027
            ],
            [
              353306.15109999944,
              594912.49600000121
            ],
            [
              353307.55050000083,
              594903.80070000142
            ],
            [
              353309.1743999999,
              594898.90950000286
            ],
            [
              353311.11370000057,
              594895.29230000265
            ],
            [
              353316.58680000063,
              594887.04880000465
            ],
            [
              353321.8534000013,
              594878.16779999807
            ],
            [
              353323.54260000028,
              594875.87480000034
            ],
            [
              353326.02880000044,
              594873.42230000161
            ],
            [
              353328.69120000117,
              594871.63320000097
            ],
            [
              353336.59540000092,
              594867.94420000166
            ],
            [
              353339.7081000004,
              594866.0951000005
            ],
            [
              353342.0932,
              594864.19760000147
            ],
            [
              353344.58530000038,
              594861.86420000158
            ],
            [
              353352.12409999967,
              594853.69830000028
            ],
            [
              353354.88150000107,
              594850.92170000263
            ],
            [
              353363.00800000131,
              594843.33690000139
            ],
            [
              353368.60979999881,
              594838.63850000128
            ],
            [
              353374.56360000093,
              594834.39049999788
            ],
            [
              353383.78320000041,
              594828.52290000394
            ],
            [
              353393.86430000141,
              594821.67799999937
            ],
            [
              353396.86890000105,
              594820.12060000189
            ],
            [
              353400.75380000006,
              594818.91569999978
            ],
            [
              353404.30360000022,
              594818.46870000102
            ],
            [
              353413.40739999991,
              594818.40730000101
            ],
            [
              353431.83220000006,
              594818.05470000207
            ],
            [
              353450.25710000098,
              594818.40730000101
            ],
            [
              353463.98539999872,
              594819.1297999993
            ],
            [
              353476.55370000005,
              594820.92760000378
            ],
            [
              353481.32639999967,
              594821.29749999754
            ],
            [
              353486.04540000018,
              594821.25570000336
            ],
            [
              353490.77260000072,
              594820.95620000176
            ],
            [
              353495.45520000067,
              594820.40229999833
            ],
            [
              353500.04720000084,
              594819.59950000048
            ],
            [
              353504.49920000136,
              594818.55710000172
            ],
            [
              353508.78350000083,
              594817.28219999932
            ],
            [
              353512.86899999995,
              594815.78409999982
            ],
            [
              353516.73090000171,
              594814.07210000232
            ],
            [
              353520.12679999974,
              594812.11339999922
            ],
            [
              353527.32660000119,
              594807.13790000044
            ],
            [
              353530.45920000132,
              594805.40150000155
            ],
            [
              353534.91729999986,
              594803.5847000014
            ],
            [
              353539.91909999959,
              594802.04290000163
            ],
            [
              353545.54220000003,
              594800.74870000221
            ],
            [
              353552.13549999986,
              594799.62120000273
            ],
            [
              353557.41069999989,
              594799.2621000018
            ],
            [
              353569.66340000089,
              594799.53730000183
            ],
            [
              353573.93860000093,
              594799.11470000446
            ],
            [
              353578.64279999956,
              594797.86250000075
            ],
            [
              353586.18379999977,
              594794.76760000177
            ],
            [
              353589.70770000014,
              594793.84090000205
            ],
            [
              353592.96630000137,
              594793.60830000229
            ],
            [
              353600.25600000098,
              594793.9541000016
            ],
            [
              353603.43599999975,
              594793.84090000205
            ],
            [
              353607.13650000095,
              594793.26970000006
            ],
            [
              353611.18310000096,
              594792.31949999928
            ],
            [
              353622.22210000083,
              594788.78310000151
            ],
            [
              353632.28430000041,
              594784.99100000039
            ],
            [
              353641.98760000058,
              594780.55440000258
            ],
            [
              353651.19429999962,
              594775.5362999998
            ],
            [
              353659.79430000111,
              594769.99700000323
            ],
            [
              353663.29820000008,
              594767.32120000198
            ],
            [
              353670.83700000122,
              594760.96440000087
            ],
            [
              353674.24509999994,
              594758.43630000018
            ],
            [
              353678.60209999979,
              594755.70850000158
            ],
            [
              353686.52830000222,
              594751.21089999937
            ],
            [
              353693.83850000147,
              594746.96610000357
            ],
            [
              353698.08900000062,
              594744.70800000243
            ],
            [
              353707.26260000095,
              594740.41599999927
            ],
            [
              353710.75210000109,
              594739.12170000002
            ],
            [
              353713.98489999957,
              594738.2050999999
            ],
            [
              353716.99189999979,
              594737.78299999982
            ],
            [
              353725.60259999987,
              594737.24939999916
            ],
            [
              353730.45680000074,
              594735.59400000051
            ],
            [
              353733.00720000081,
              594734.20160000212
            ],
            [
              353736.17510000151,
              594731.81450000033
            ],
            [
              353738.74000000022,
              594728.66159999929
            ],
            [
              353741.37890000083,
              594722.57780000195
            ],
            [
              353742.88660000078,
              594720.14159999788
            ],
            [
              353744.8629999999,
              594718.10360000283
            ],
            [
              353750.98780000024,
              594712.69090000354
            ],
            [
              353756.42720000073,
              594706.16900000349
            ],
            [
              353758.73920000065,
              594704.09569999948
            ],
            [
              353761.29279999994,
              594702.60979999974
            ],
            [
              353767.14400000125,
              594700.41290000081
            ],
            [
              353770.78259999957,
              594698.15039999969
            ],
            [
              353773.87440000102,
              594695.44160000049
            ],
            [
              353776.5820000004,
              594691.7734999992
            ],
            [
              353777.77089999989,
              594688.65130000375
            ],
            [
              353779.01370000001,
              594681.84679999948
            ],
            [
              353780.13470000215,
              594673.87419999763
            ],
            [
              353778.80360000022,
              594669.35270000249
            ],
            [
              353773.95590000134,
              594663.78330000117
            ],
            [
              353768.98280000035,
              594658.32380000129
            ],
            [
              353766.29750000127,
              594654.00000000186
            ],
            [
              353764.92280000169,
              594650.79450000264
            ],
            [
              353763.97030000202,
              594646.38789999858
            ],
            [
              353764.21060000081,
              594640.87700000219
            ],
            [
              353765.55009999964,
              594637.0270000007
            ],
            [
              353768.63389999978,
              594634.63550000265
            ],
            [
              353772.24020000082,
              594633.55859999917
            ],
            [
              353775.50060000084,
              594633.56470000185
            ],
            [
              353779.05939999968,
              594634.72070000134
            ],
            [
              353782.65639999975,
              594637.03969999962
            ],
            [
              353786.96610000078,
              594642.20930000395
            ],
            [
              353789.91409999877,
              594643.97580000013
            ],
            [
              353793.1866000006,
              594644.96790000424
            ],
            [
              353796.32600000128,
              594644.54160000198
            ],
            [
              353798.14370000083,
              594641.94320000149
            ],
            [
              353799.05920000002,
              594638.91070000269
            ],
            [
              353799.96749999933,
              594634.15910000168
            ],
            [
              353800.20020000171,
              594630.47479999997
            ],
            [
              353799.65720000118,
              594626.27940000035
            ],
            [
              353798.51190000027,
              594621.92630000412
            ],
            [
              353795.63219999988,
              594613.20529999956
            ],
            [
              353790.89180000033,
              594609.20710000023
            ],
            [
              353788.57990000118,
              594605.73560000211
            ],
            [
              353784.64230000041,
              594600.50410000421
            ],
            [
              353781.36390000116,
              594594.77659999952
            ],
            [
              353776.20519999973,
              594589.7378000021
            ],
            [
              353772.18640000094,
              594581.71959999949
            ],
            [
              353773.50850000139,
              594572.09170000255
            ],
            [
              353776.68350000121,
              594558.16999999993
            ]
          ]
        ]
      }
    }
  ]
}