{
  "displayFieldName" : "",
  "fieldAliases" : {
    "FID" : "FID",
    "PMNTN_SPOT" : "PMNTN_SPOT",
    "MNTN_CODE" : "MNTN_CODE",
    "MANAGE_SP1" : "MANAGE_SP1",
    "MANAGE_SP2" : "MANAGE_SP2",
    "DETAIL_SPO" : "DETAIL_SPO",
    "ETC_MATTER" : "ETC_MATTER",
    "MNTN_NM" : "MNTN_NM",
    "PAST_SPOT_" : "PAST_SPOT_",
    "MNTN_ID" : "MNTN_ID"
  },
  "geometryType" : "esriGeometryPoint",
  "spatialReference" : {
    "wkt" : "PROJCS[\"PCS_ITRF2000_TM\",GEOGCS[\"GCS_ITRF_2000\",DATUM[\"D_ITRF_2000\",SPHEROID[\"GRS_1980\",6378137.0,298.257222101]],PRIMEM[\"Greenwich\",0.0],UNIT[\"Degree\",0.0174532925199433]],PROJECTION[\"Transverse_Mercator\"],PARAMETER[\"False_Easting\",200000.0],PARAMETER[\"False_Northing\",600000.0],PARAMETER[\"Central_Meridian\",127.0],PARAMETER[\"Scale_Factor\",1.0],PARAMETER[\"Latitude_Of_Origin\",38.0],UNIT[\"Meter\",1.0]]"
  },
  "fields" : [
    {
      "name" : "FID",
      "type" : "esriFieldTypeOID",
      "alias" : "FID"
    },
    {
      "name" : "PMNTN_SPOT",
      "type" : "esriFieldTypeDouble",
      "alias" : "PMNTN_SPOT"
    },
    {
      "name" : "MNTN_CODE",
      "type" : "esriFieldTypeString",
      "alias" : "MNTN_CODE",
      "length" : 9
    },
    {
      "name" : "MANAGE_SP1",
      "type" : "esriFieldTypeString",
      "alias" : "MANAGE_SP1",
      "length" : 2
    },
    {
      "name" : "MANAGE_SP2",
      "type" : "esriFieldTypeString",
      "alias" : "MANAGE_SP2",
      "length" : 50
    },
    {
      "name" : "DETAIL_SPO",
      "type" : "esriFieldTypeString",
      "alias" : "DETAIL_SPO",
      "length" : 200
    },
    {
      "name" : "ETC_MATTER",
      "type" : "esriFieldTypeString",
      "alias" : "ETC_MATTER",
      "length" : 200
    },
    {
      "name" : "MNTN_NM",
      "type" : "esriFieldTypeString",
      "alias" : "MNTN_NM",
      "length" : 50
    },
    {
      "name" : "PAST_SPOT_",
      "type" : "esriFieldTypeString",
      "alias" : "PAST_SPOT_",
      "length" : 14
    },
    {
      "name" : "MNTN_ID",
      "type" : "esriFieldTypeString",
      "alias" : "MNTN_ID",
      "length" : 10
    }
  ],
  "features" : [
    {
      "attributes" : {
        "FID" : 0,
        "PMNTN_SPOT" : 11007,
        "MNTN_CODE" : "447300301",
        "MANAGE_SP1" : "99",
        "MANAGE_SP2" : "기타",
        "DETAIL_SPO" : "금사리마을입구",
        "ETC_MATTER" : " ",
        "MNTN_NM" : "국사봉",
        "PAST_SPOT_" : "4473003010001",
        "MNTN_ID" : "447300301"
      },
      "geometry" : {
        "x" : 215446.1314000003,
        "y" : 445692.04220000096
      }
    },
    {
      "attributes" : {
        "FID" : 1,
        "PMNTN_SPOT" : 11008,
        "MNTN_CODE" : "447300301",
        "MANAGE_SP1" : "99",
        "MANAGE_SP2" : "기타",
        "DETAIL_SPO" : "저수지",
        "ETC_MATTER" : " ",
        "MNTN_NM" : "국사봉",
        "PAST_SPOT_" : "4473003010002",
        "MNTN_ID" : "447300301"
      },
      "geometry" : {
        "x" : 214382.10320000071,
        "y" : 446384.6342999991
      }
    },
    {
      "attributes" : {
        "FID" : 2,
        "PMNTN_SPOT" : 11009,
        "MNTN_CODE" : "447300301",
        "MANAGE_SP1" : "99",
        "MANAGE_SP2" : "기타",
        "DETAIL_SPO" : "교량",
        "ETC_MATTER" : " ",
        "MNTN_NM" : "국사봉",
        "PAST_SPOT_" : "4473003010003",
        "MNTN_ID" : "447300301"
      },
      "geometry" : {
        "x" : 214312.96800000127,
        "y" : 446461.79539999925
      }
    },
    {
      "attributes" : {
        "FID" : 3,
        "PMNTN_SPOT" : 11010,
        "MNTN_CODE" : "447300301",
        "MANAGE_SP1" : "15",
        "MANAGE_SP2" : "훼손지",
        "DETAIL_SPO" : "훼손지",
        "ETC_MATTER" : " ",
        "MNTN_NM" : "국사봉",
        "PAST_SPOT_" : "4473003010004",
        "MNTN_ID" : "447300301"
      },
      "geometry" : {
        "x" : 214261.23770000041,
        "y" : 446516.1230999995
      }
    },
    {
      "attributes" : {
        "FID" : 4,
        "PMNTN_SPOT" : 11011,
        "MNTN_CODE" : "447300301",
        "MANAGE_SP1" : "15",
        "MANAGE_SP2" : "훼손지",
        "DETAIL_SPO" : "훼손지",
        "ETC_MATTER" : " ",
        "MNTN_NM" : "국사봉",
        "PAST_SPOT_" : "4473003010005",
        "MNTN_ID" : "447300301"
      },
      "geometry" : {
        "x" : 214240.73090000171,
        "y" : 446560.95940000378
      }
    },
    {
      "attributes" : {
        "FID" : 5,
        "PMNTN_SPOT" : 11012,
        "MNTN_CODE" : "447300301",
        "MANAGE_SP1" : "15",
        "MANAGE_SP2" : "훼손지",
        "DETAIL_SPO" : "훼손지",
        "ETC_MATTER" : " ",
        "MNTN_NM" : "국사봉",
        "PAST_SPOT_" : "4473003010006",
        "MNTN_ID" : "447300301"
      },
      "geometry" : {
        "x" : 214220.75260000024,
        "y" : 446576.57139999792
      }
    },
    {
      "attributes" : {
        "FID" : 6,
        "PMNTN_SPOT" : 11013,
        "MNTN_CODE" : "447300301",
        "MANAGE_SP1" : "99",
        "MANAGE_SP2" : "기타",
        "DETAIL_SPO" : "숲길전경",
        "ETC_MATTER" : " ",
        "MNTN_NM" : "국사봉",
        "PAST_SPOT_" : "4473003010007",
        "MNTN_ID" : "447300301"
      },
      "geometry" : {
        "x" : 214099.52169999946,
        "y" : 446682.58520000055
      }
    },
    {
      "attributes" : {
        "FID" : 7,
        "PMNTN_SPOT" : 11014,
        "MNTN_CODE" : "447300301",
        "MANAGE_SP1" : "99",
        "MANAGE_SP2" : "기타",
        "DETAIL_SPO" : "돌탑",
        "ETC_MATTER" : " ",
        "MNTN_NM" : "국사봉",
        "PAST_SPOT_" : "4473003010008",
        "MNTN_ID" : "447300301"
      },
      "geometry" : {
        "x" : 213943.24490000214,
        "y" : 446670.69400000013
      }
    },
    {
      "attributes" : {
        "FID" : 8,
        "PMNTN_SPOT" : 11015,
        "MNTN_CODE" : "447300301",
        "MANAGE_SP1" : "99",
        "MANAGE_SP2" : "기타",
        "DETAIL_SPO" : "숲길막힘",
        "ETC_MATTER" : " ",
        "MNTN_NM" : "국사봉",
        "PAST_SPOT_" : "4473003010009",
        "MNTN_ID" : "447300301"
      },
      "geometry" : {
        "x" : 213825.11430000048,
        "y" : 446656.27190000191
      }
    },
    {
      "attributes" : {
        "FID" : 9,
        "PMNTN_SPOT" : 11016,
        "MNTN_CODE" : "447300301",
        "MANAGE_SP1" : "12",
        "MANAGE_SP2" : "위험지역",
        "DETAIL_SPO" : "위험지역",
        "ETC_MATTER" : " ",
        "MNTN_NM" : "국사봉",
        "PAST_SPOT_" : "4473003010010",
        "MNTN_ID" : "447300301"
      },
      "geometry" : {
        "x" : 213751.93530000001,
        "y" : 446641.08600000106
      }
    },
    {
      "attributes" : {
        "FID" : 10,
        "PMNTN_SPOT" : 11017,
        "MNTN_CODE" : "447300301",
        "MANAGE_SP1" : "23",
        "MANAGE_SP2" : "정상",
        "DETAIL_SPO" : "구간종점,정상,측량기점",
        "ETC_MATTER" : " ",
        "MNTN_NM" : "국사봉",
        "PAST_SPOT_" : "4473003010011",
        "MNTN_ID" : "447300301"
      },
      "geometry" : {
        "x" : 213416.77460000105,
        "y" : 446735.81259999983
      }
    },
    {
      "attributes" : {
        "FID" : 11,
        "PMNTN_SPOT" : 11018,
        "MNTN_CODE" : "447300301",
        "MANAGE_SP1" : "99",
        "MANAGE_SP2" : "기타",
        "DETAIL_SPO" : "숲길전경",
        "ETC_MATTER" : " ",
        "MNTN_NM" : "국사봉",
        "PAST_SPOT_" : "4473003010012",
        "MNTN_ID" : "447300301"
      },
      "geometry" : {
        "x" : 213774.86980000045,
        "y" : 446516.06440000236
      }
    },
    {
      "attributes" : {
        "FID" : 12,
        "PMNTN_SPOT" : 11019,
        "MNTN_CODE" : "447300301",
        "MANAGE_SP1" : "99",
        "MANAGE_SP2" : "기타",
        "DETAIL_SPO" : "개인묘",
        "ETC_MATTER" : " ",
        "MNTN_NM" : "국사봉",
        "PAST_SPOT_" : "4473003010013",
        "MNTN_ID" : "447300301"
      },
      "geometry" : {
        "x" : 213793.01929999981,
        "y" : 446522.93950000219
      }
    },
    {
      "attributes" : {
        "FID" : 13,
        "PMNTN_SPOT" : 11020,
        "MNTN_CODE" : "447300301",
        "MANAGE_SP1" : "15",
        "MANAGE_SP2" : "훼손지",
        "DETAIL_SPO" : "훼손지",
        "ETC_MATTER" : " ",
        "MNTN_NM" : "국사봉",
        "PAST_SPOT_" : "4473003010014",
        "MNTN_ID" : "447300301"
      },
      "geometry" : {
        "x" : 213812.26920000184,
        "y" : 446516.94299999997
      }
    },
    {
      "attributes" : {
        "FID" : 14,
        "PMNTN_SPOT" : 11021,
        "MNTN_CODE" : "447300301",
        "MANAGE_SP1" : "15",
        "MANAGE_SP2" : "훼손지",
        "DETAIL_SPO" : "훼손지",
        "ETC_MATTER" : " ",
        "MNTN_NM" : "국사봉",
        "PAST_SPOT_" : "4473003010015",
        "MNTN_ID" : "447300301"
      },
      "geometry" : {
        "x" : 213836.57200000063,
        "y" : 446544.0866000019
      }
    },
    {
      "attributes" : {
        "FID" : 15,
        "PMNTN_SPOT" : 11022,
        "MNTN_CODE" : "447300301",
        "MANAGE_SP1" : "15",
        "MANAGE_SP2" : "훼손지",
        "DETAIL_SPO" : "훼손지",
        "ETC_MATTER" : " ",
        "MNTN_NM" : "국사봉",
        "PAST_SPOT_" : "4473003010016",
        "MNTN_ID" : "447300301"
      },
      "geometry" : {
        "x" : 213821.14230000135,
        "y" : 446617.7573000025
      }
    },
    {
      "attributes" : {
        "FID" : 16,
        "PMNTN_SPOT" : 11023,
        "MNTN_CODE" : "447300301",
        "MANAGE_SP1" : "15",
        "MANAGE_SP2" : "훼손지",
        "DETAIL_SPO" : "훼손지",
        "ETC_MATTER" : " ",
        "MNTN_NM" : "국사봉",
        "PAST_SPOT_" : "4473003010017",
        "MNTN_ID" : "447300301"
      },
      "geometry" : {
        "x" : 213837.94269999955,
        "y" : 446642.78680000082
      }
    },
    {
      "attributes" : {
        "FID" : 17,
        "PMNTN_SPOT" : 11024,
        "MNTN_CODE" : "447300301",
        "MANAGE_SP1" : "02",
        "MANAGE_SP2" : "분기점",
        "DETAIL_SPO" : "분기점",
        "ETC_MATTER" : " ",
        "MNTN_NM" : "국사봉",
        "PAST_SPOT_" : "4473003010018",
        "MNTN_ID" : "447300301"
      },
      "geometry" : {
        "x" : 213704.28579999972,
        "y" : 446585.41210000031
      }
    },
    {
      "attributes" : {
        "FID" : 18,
        "PMNTN_SPOT" : 11025,
        "MNTN_CODE" : "447300301",
        "MANAGE_SP1" : "02",
        "MANAGE_SP2" : "분기점",
        "DETAIL_SPO" : "분기점",
        "ETC_MATTER" : " ",
        "MNTN_NM" : "국사봉",
        "PAST_SPOT_" : "4473003010019",
        "MNTN_ID" : "447300301"
      },
      "geometry" : {
        "x" : 213850.10720000137,
        "y" : 446659.66070000269
      }
    },
    {
      "attributes" : {
        "FID" : 19,
        "PMNTN_SPOT" : 11026,
        "MNTN_CODE" : "447300301",
        "MANAGE_SP1" : "01",
        "MANAGE_SP2" : "시종점",
        "DETAIL_SPO" : "시종점",
        "ETC_MATTER" : " ",
        "MNTN_NM" : "국사봉",
        "PAST_SPOT_" : "4473003010020",
        "MNTN_ID" : "447300301"
      },
      "geometry" : {
        "x" : 215444.64480000082,
        "y" : 445693.03470000438
      }
    },
    {
      "attributes" : {
        "FID" : 20,
        "PMNTN_SPOT" : 96016,
        "MNTN_CODE" : "447300301",
        "MANAGE_SP1" : "23",
        "MANAGE_SP2" : "정상",
        "DETAIL_SPO" : "정상, 측량기점",
        "ETC_MATTER" : " ",
        "MNTN_NM" : "국사봉",
        "PAST_SPOT_" : "4473003010021",
        "MNTN_ID" : "447300301"
      },
      "geometry" : {
        "x" : 213415.72459999958,
        "y" : 446736.02490000054
      }
    }
  ]
}