{
  "displayFieldName" : "",
  "fieldAliases" : {
    "FID" : "FID",
    "PMNTN_SN" : "PMNTN_SN",
    "MNTN_CODE" : "MNTN_CODE",
    "MNTN_NM" : "MNTN_NM",
    "PMNTN_NM" : "PMNTN_NM",
    "PMNTN_MAIN" : "PMNTN_MAIN",
    "PMNTN_LT" : "PMNTN_LT",
    "PMNTN_DFFL" : "PMNTN_DFFL",
    "PMNTN_UPPL" : "PMNTN_UPPL",
    "PMNTN_GODN" : "PMNTN_GODN",
    "PMNTN_MTRQ" : "PMNTN_MTRQ",
    "PMNTN_CNRL" : "PMNTN_CNRL",
    "PMNTN_CLS_" : "PMNTN_CLS_",
    "PMNTN_RISK" : "PMNTN_RISK",
    "PMNTN_RECO" : "PMNTN_RECO",
    "DATA_STDR_" : "DATA_STDR_",
    "MNTN_ID" : "MNTN_ID"
  },
  "geometryType" : "esriGeometryPolyline",
  "spatialReference" : {
    "wkt" : "PROJCS[\"PCS_ITRF2000_TM\",GEOGCS[\"GCS_ITRF_2000\",DATUM[\"D_ITRF_2000\",SPHEROID[\"GRS_1980\",6378137.0,298.257222101]],PRIMEM[\"Greenwich\",0.0],UNIT[\"Degree\",0.0174532925199433]],PROJECTION[\"Transverse_Mercator\"],PARAMETER[\"False_Easting\",200000.0],PARAMETER[\"False_Northing\",600000.0],PARAMETER[\"Central_Meridian\",127.0],PARAMETER[\"Scale_Factor\",1.0],PARAMETER[\"Latitude_Of_Origin\",38.0],UNIT[\"Meter\",1.0]]"
  },
  "fields" : [
    {
      "name" : "FID",
      "type" : "esriFieldTypeOID",
      "alias" : "FID"
    },
    {
      "name" : "PMNTN_SN",
      "type" : "esriFieldTypeDouble",
      "alias" : "PMNTN_SN"
    },
    {
      "name" : "MNTN_CODE",
      "type" : "esriFieldTypeString",
      "alias" : "MNTN_CODE",
      "length" : 9
    },
    {
      "name" : "MNTN_NM",
      "type" : "esriFieldTypeString",
      "alias" : "MNTN_NM",
      "length" : 50
    },
    {
      "name" : "PMNTN_NM",
      "type" : "esriFieldTypeString",
      "alias" : "PMNTN_NM",
      "length" : 50
    },
    {
      "name" : "PMNTN_MAIN",
      "type" : "esriFieldTypeString",
      "alias" : "PMNTN_MAIN",
      "length" : 200
    },
    {
      "name" : "PMNTN_LT",
      "type" : "esriFieldTypeSingle",
      "alias" : "PMNTN_LT"
    },
    {
      "name" : "PMNTN_DFFL",
      "type" : "esriFieldTypeString",
      "alias" : "PMNTN_DFFL",
      "length" : 8
    },
    {
      "name" : "PMNTN_UPPL",
      "type" : "esriFieldTypeDouble",
      "alias" : "PMNTN_UPPL"
    },
    {
      "name" : "PMNTN_GODN",
      "type" : "esriFieldTypeDouble",
      "alias" : "PMNTN_GODN"
    },
    {
      "name" : "PMNTN_MTRQ",
      "type" : "esriFieldTypeString",
      "alias" : "PMNTN_MTRQ",
      "length" : 200
    },
    {
      "name" : "PMNTN_CNRL",
      "type" : "esriFieldTypeString",
      "alias" : "PMNTN_CNRL",
      "length" : 1
    },
    {
      "name" : "PMNTN_CLS_",
      "type" : "esriFieldTypeString",
      "alias" : "PMNTN_CLS_",
      "length" : 1
    },
    {
      "name" : "PMNTN_RISK",
      "type" : "esriFieldTypeString",
      "alias" : "PMNTN_RISK",
      "length" : 200
    },
    {
      "name" : "PMNTN_RECO",
      "type" : "esriFieldTypeString",
      "alias" : "PMNTN_RECO",
      "length" : 1
    },
    {
      "name" : "DATA_STDR_",
      "type" : "esriFieldTypeString",
      "alias" : "DATA_STDR_",
      "length" : 10
    },
    {
      "name" : "MNTN_ID",
      "type" : "esriFieldTypeString",
      "alias" : "MNTN_ID",
      "length" : 10
    }
  ],
  "features" : [
    {
      "attributes" : {
        "FID" : 0,
        "PMNTN_SN" : 37904,
        "MNTN_CODE" : "421903701",
        "MNTN_NM" : "연화봉",
        "PMNTN_NM" : "대현리구간",
        "PMNTN_MAIN" : " ",
        "PMNTN_LT" : 1.26,
        "PMNTN_DFFL" : "쉬움",
        "PMNTN_UPPL" : 22,
        "PMNTN_GODN" : 16,
        "PMNTN_MTRQ" : " ",
        "PMNTN_CNRL" : " ",
        "PMNTN_CLS_" : " ",
        "PMNTN_RISK" : " ",
        "PMNTN_RECO" : " ",
        "DATA_STDR_" : "2016-12-31",
        "MNTN_ID" : "421903701"
      },
      "geometry" : {
        "paths" : [
          [
            [
              381663.33920002915,
              499038.39400000311
            ],
            [
              381660.75580003206,
              499047.3629999999
            ],
            [
              381648.68970002886,
              499073.31480000168
            ],
            [
              381652.49120002985,
              499085.59560000151
            ],
            [
              381625.3714000294,
              499128.3168000076
            ],
            [
              381620.65390003007,
              499160.20670000464
            ],
            [
              381611.54310003016,
              499171.74820000306
            ],
            [
              381616.74010002986,
              499171.01190000214
            ],
            [
              381613.95610003266,
              499184.15759999864
            ],
            [
              381606.42590003181,
              499195.57110000588
            ],
            [
              381604.84320003167,
              499204.60950000584
            ],
            [
              381601.45800003037,
              499212.21299999952
            ],
            [
              381600.54170002975,
              499214.14810000733
            ],
            [
              381596.32000003103,
              499222.14940000512
            ],
            [
              381590.98030002881,
              499232.31910000555
            ],
            [
              381592.05530003179,
              499236.90980000049
            ],
            [
              381589.73180002999,
              499248.04340000637
            ],
            [
              381585.95420002844,
              499259.07810000516
            ],
            [
              381576.38520003203,
              499263.30390000343
            ],
            [
              381570.45450002886,
              499266.78990000673
            ],
            [
              381567.88960002922,
              499275.46610000543
            ],
            [
              381563.11100002658,
              499269.671400005
            ],
            [
              381550.03860002849,
              499269.84070000611
            ],
            [
              381550.14160003047,
              499276.48440000042
            ],
            [
              381543.21080002747,
              499281.66560000367
            ],
            [
              381540.87440003175,
              499288.24860000797
            ],
            [
              381535.41300002951,
              499293.26220000722
            ],
            [
              381551.88850002922,
              499303.22520000674
            ],
            [
              381536.95810003113,
              499319.79520000145
            ],
            [
              381542.02440003213,
              499320.6378000062
            ],
            [
              381543.43810003251,
              499330.89040000737
            ],
            [
              381555.11450002901,
              499335.68750000745
            ],
            [
              381561.29390002973,
              499350.14570000395
            ],
            [
              381533.54260003008,
              499366.18170000613
            ],
            [
              381530.24390002992,
              499374.31140000373
            ],
            [
              381483.57540002931,
              499395.84730000794
            ],
            [
              381476.13550002873,
              499394.32530000061
            ],
            [
              381458.67020002846,
              499394.44680000469
            ],
            [
              381452.2968000304,
              499388.17440000549
            ],
            [
              381438.23550003115,
              499388.30690000392
            ],
            [
              381428.91430002823,
              499380.19710000418
            ],
            [
              381403.90700002946,
              499384.01470000483
            ],
            [
              381380.80010002945,
              499373.99060000479
            ],
            [
              381348.37440002989,
              499372.92220000736
            ],
            [
              381276.56180002727,
              499403.08110000379
            ],
            [
              381265.30710002966,
              499399.12100000493
            ],
            [
              381261.70270002913,
              499387.97280000523
            ],
            [
              381244.16110003088,
              499394.4799000062
            ],
            [
              381227.07530003041,
              499384.94890000112
            ],
            [
              381222.91530002654,
              499387.31690000743
            ],
            [
              381208.63250003103,
              499381.44010000676
            ],
            [
              381201.35970002692,
              499374.71170000732
            ],
            [
              381169.12450002879,
              499371.56950000301
            ],
            [
              381157.23740002979,
              499375.15860000625
            ],
            [
              381146.26360002998,
              499370.95010000467
            ],
            [
              381135.21120002866,
              499371.41480000317
            ],
            [
              381117.13010003045,
              499363.73259999789
            ],
            [
              381110.68840003107,
              499365.62790000252
            ],
            [
              381098.31990002934,
              499354.02300000191
            ],
            [
              381094.75330002699,
              499351.14230000786
            ],
            [
              381083.64990002662,
              499343.13270000741
            ],
            [
              381072.97260002978,
              499341.86120000482
            ],
            [
              381068.61510002986,
              499315.21609999985
            ],
            [
              381049.03670003079,
              499281.08730000071
            ],
            [
              381047.02110002935,
              499266.61670000292
            ],
            [
              381048.60010003205,
              499260.88960000314
            ],
            [
              381048.14890002925,
              499253.90000000596
            ],
            [
              381044.83820002899,
              499247.48479999974
            ],
            [
              381029.05490002967,
              499241.014600005
            ],
            [
              381035.91100003012,
              499240.20750000328
            ],
            [
              381025.65690002963,
              499232.94600000605
            ],
            [
              381018.41720002983,
              499223.15330000408
            ],
            [
              381009.75250003021,
              499219.51710000634
            ],
            [
              381008.26890002936,
              499207.41320000589
            ],
            [
              381013.41640003026,
              499201.01180000603
            ],
            [
              381007.69800002873,
              499197.508100003
            ],
            [
              380989.18630002905,
              499200.01070000418
            ],
            [
              380973.66600002907,
              499210.98670000583
            ],
            [
              380947.20410002861,
              499208.33900000714
            ],
            [
              380896.76060002577,
              499220.82780000381
            ]
          ]
        ]
      }
    },
    {
      "attributes" : {
        "FID" : 1,
        "PMNTN_SN" : 37905,
        "MNTN_CODE" : "421903701",
        "MNTN_NM" : "연화봉",
        "PMNTN_NM" : "대현리구간",
        "PMNTN_MAIN" : " ",
        "PMNTN_LT" : 1.61,
        "PMNTN_DFFL" : "쉬움",
        "PMNTN_UPPL" : 60,
        "PMNTN_GODN" : 42,
        "PMNTN_MTRQ" : " ",
        "PMNTN_CNRL" : " ",
        "PMNTN_CLS_" : " ",
        "PMNTN_RISK" : " ",
        "PMNTN_RECO" : " ",
        "DATA_STDR_" : "2016-12-31",
        "MNTN_ID" : "421903701"
      },
      "geometry" : {
        "paths" : [
          [
            [
              380321.1502000289,
              500699.03930000402
            ],
            [
              380311.17520002928,
              500674.02910000458
            ],
            [
              380249.25390002783,
              500655.37910000607
            ],
            [
              380241.11820002925,
              500633.06820000336
            ],
            [
              380245.21660002973,
              500630.96810000762
            ],
            [
              380256.36360002775,
              500631.46520000696
            ],
            [
              380263.29080002662,
              500620.68600000627
            ],
            [
              380274.65000003111,
              500618.5294000078
            ],
            [
              380282.34250003006,
              500611.29389999807
            ],
            [
              380286.78190003056,
              500585.02880000137
            ],
            [
              380281.94680002704,
              500571.78910000436
            ],
            [
              380274.14260002691,
              500569.54580000788
            ],
            [
              380275.76510003023,
              500550.37980000488
            ],
            [
              380273.3033000296,
              500544.47370000556
            ],
            [
              380261.31110002752,
              500535.78410000168
            ],
            [
              380259.3546000272,
              500535.0745000001
            ],
            [
              380260.22220002674,
              500508.07760000415
            ],
            [
              380240.73790002801,
              500512.28770000115
            ],
            [
              380215.59230002668,
              500496.36980000511
            ],
            [
              380213.0651000319,
              500473.69420000724
            ],
            [
              380205.87990002893,
              500470.41900000535
            ],
            [
              380198.58240002953,
              500437.29300000519
            ],
            [
              380206.59010002576,
              500433.91019999795
            ],
            [
              380226.8751000287,
              500355.47730000503
            ],
            [
              380229.66450002976,
              500322.37770000473
            ],
            [
              380226.87700002734,
              500317.09510000609
            ],
            [
              380221.76470002625,
              500301.36590000615
            ],
            [
              380205.40940003097,
              500292.16100000776
            ],
            [
              380192.82920002844,
              500286.39260000736
            ],
            [
              380190.66080003045,
              500276.73620000295
            ],
            [
              380190.5675000269,
              500266.68360000476
            ],
            [
              380200.98890003003,
              500245.26180000789
            ],
            [
              380202.7941000266,
              500219.6276000049
            ],
            [
              380207.99280002993,
              500183.48449999839
            ],
            [
              380221.34050002974,
              500166.41840000451
            ],
            [
              380234.44630002975,
              500138.53530000523
            ],
            [
              380223.46000002977,
              500105.3534000013
            ],
            [
              380225.65200002678,
              500098.71670000255
            ],
            [
              380200.90180002991,
              500062.38340000249
            ],
            [
              380198.75690002833,
              500049.88180000335
            ],
            [
              380186.45860002656,
              500040.70360000059
            ],
            [
              380185.86780002993,
              500028.48900000565
            ],
            [
              380186.30990002677,
              500019.35780000128
            ],
            [
              380176.72890002746,
              500014.40570000745
            ],
            [
              380172.92850002926,
              499999.0044000037
            ],
            [
              380166.63030002732,
              499989.85670000315
            ],
            [
              380150.55190003011,
              499981.69429999962
            ],
            [
              380137.22110002674,
              499976.34740000591
            ],
            [
              380138.08610002883,
              499960.29220000654
            ],
            [
              380135.18580002896,
              499963.76760000736
            ],
            [
              380139.31700003054,
              499939.41250000708
            ],
            [
              380143.16790002864,
              499938.28290000185
            ],
            [
              380144.67870002892,
              499922.34530000389
            ],
            [
              380143.41500003077,
              499917.85740000382
            ],
            [
              380138.64950003009,
              499919.68310000561
            ],
            [
              380149.54800003022,
              499890.3848000057
            ],
            [
              380147.83690002747,
              499877.19360000268
            ],
            [
              380157.63530003,
              499870.1909000054
            ],
            [
              380159.33120002784,
              499857.21780000441
            ],
            [
              380165.01270002872,
              499858.26750000566
            ],
            [
              380180.47900003009,
              499853.32430000603
            ],
            [
              380191.08060003072,
              499857.28800000623
            ],
            [
              380199.64180002734,
              499851.47190000489
            ],
            [
              380181.66810002923,
              499813.62170000002
            ],
            [
              380176.03900003061,
              499782.24560000747
            ],
            [
              380169.61420003045,
              499772.89050000533
            ],
            [
              380168.41910002753,
              499748.85390000418
            ],
            [
              380154.60330003034,
              499744.84640000574
            ],
            [
              380146.63220002968,
              499731.94580000453
            ],
            [
              380141.29900002666,
              499731.72230000608
            ],
            [
              380143.86440002825,
              499724.96010000817
            ],
            [
              380141.56500003021,
              499715.23530000821
            ],
            [
              380121.30590002984,
              499688.07130000368
            ],
            [
              380119.26450003032,
              499670.9864000082
            ],
            [
              380125.31420003064,
              499652.56070000306
            ],
            [
              380102.33260002732,
              499641.11030000821
            ],
            [
              380081.91980002914,
              499600.45630000532
            ],
            [
              380083.20070002787,
              499582.37890000641
            ],
            [
              380078.81220002938,
              499578.61910000816
            ],
            [
              380077.17240003031,
              499573.16660000384
            ],
            [
              380076.59140002914,
              499564.28280000575
            ],
            [
              380070.40560002998,
              499563.2422000058
            ],
            [
              380068.28720003087,
              499546.73000000417
            ],
            [
              380063.7650000276,
              499542.45180000551
            ],
            [
              380071.52060002834,
              499527.06060000509
            ],
            [
              380062.03150002751,
              499486.21910000592
            ],
            [
              380069.25520002656,
              499457.97030000389
            ],
            [
              380059.71520002838,
              499442.52880000509
            ]
          ]
        ]
      }
    },
    {
      "attributes" : {
        "FID" : 2,
        "PMNTN_SN" : 37906,
        "MNTN_CODE" : "421903701",
        "MNTN_NM" : "연화봉",
        "PMNTN_NM" : "대현리구간",
        "PMNTN_MAIN" : " ",
        "PMNTN_LT" : 1.84,
        "PMNTN_DFFL" : "쉬움",
        "PMNTN_UPPL" : 32,
        "PMNTN_GODN" : 23,
        "PMNTN_MTRQ" : " ",
        "PMNTN_CNRL" : " ",
        "PMNTN_CLS_" : " ",
        "PMNTN_RISK" : " ",
        "PMNTN_RECO" : " ",
        "DATA_STDR_" : "2016-12-31",
        "MNTN_ID" : "421903701"
      },
      "geometry" : {
        "paths" : [
          [
            [
              379132.84010002855,
              499943.57740000822
            ],
            [
              379124.96700002812,
              499930.8526000008
            ],
            [
              379124.1914000269,
              499936.08000000566
            ],
            [
              379116.58630002663,
              499913.63900000602
            ],
            [
              379104.69690002687,
              499909.18020000309
            ],
            [
              379099.92760002799,
              499887.11940000579
            ],
            [
              379082.62580003031,
              499857.71900000423
            ],
            [
              379084.71860002819,
              499851.1473000031
            ],
            [
              379059.31530002784,
              499759.9383000005
            ],
            [
              379031.77570002712,
              499708.84120000154
            ],
            [
              379021.27370002586,
              499702.09350000322
            ],
            [
              379024.82690002769,
              499665.52320000716
            ],
            [
              379014.83460002858,
              499645.17200000025
            ],
            [
              379009.717700026,
              499650.63200000487
            ],
            [
              379005.69480002765,
              499640.34970000573
            ],
            [
              379008.96650002804,
              499615.16490000486
            ],
            [
              379000.15230002627,
              499608.32050000504
            ],
            [
              378988.67790002655,
              499570.73860000819
            ],
            [
              379007.30230002664,
              499558.04310000129
            ],
            [
              379018.95170002989,
              499562.8400000073
            ],
            [
              379032.9227000298,
              499554.38410000503
            ],
            [
              379038.72220002767,
              499557.04090000689
            ],
            [
              379059.76650002599,
              499531.78260000609
            ],
            [
              379065.8575000288,
              499531.75820000656
            ],
            [
              379069.14890002739,
              499516.27500000596
            ],
            [
              379076.22810002603,
              499508.26510000415
            ],
            [
              379091.004900028,
              499507.7852000054
            ],
            [
              379090.1598000275,
              499495.85089999996
            ],
            [
              379117.29370002728,
              499468.47420000285
            ],
            [
              379137.20530002937,
              499430.47630000487
            ],
            [
              379153.45830002427,
              499426.1930000037
            ],
            [
              379158.56160003226,
              499420.15830000304
            ],
            [
              379168.00900002755,
              499422.10290000774
            ],
            [
              379165.45190002862,
              499419.27740000188
            ],
            [
              379177.76750002895,
              499413.88770000078
            ],
            [
              379199.53340002615,
              499412.398800008
            ],
            [
              379209.18300002813,
              499403.93060000241
            ],
            [
              379216.55840003025,
              499403.45940000564
            ],
            [
              379222.83820002619,
              499389.41920000501
            ],
            [
              379229.0486000292,
              499391.46530000679
            ],
            [
              379233.83490003087,
              499386.25430000573
            ],
            [
              379247.27150002867,
              499392.04460000619
            ],
            [
              379247.63050002605,
              499381.05960000493
            ],
            [
              379261.81370002683,
              499387.91230000369
            ],
            [
              379256.05260002799,
              499379.8288000077
            ],
            [
              379281.47820002772,
              499397.47280000523
            ],
            [
              379288.59290002938,
              499395.82829999924
            ],
            [
              379299.1914000269,
              499403.47560000606
            ],
            [
              379297.62160002906,
              499397.44030000828
            ],
            [
              379303.39750002977,
              499396.0736000035
            ],
            [
              379313.07870002929,
              499404.7628000062
            ],
            [
              379311.3033000268,
              499398.99300000444
            ],
            [
              379337.86320003029,
              499405.57780000009
            ],
            [
              379351.85050002951,
              499414.39520000666
            ],
            [
              379348.04440003075,
              499406.67280000448
            ],
            [
              379360.94610002916,
              499410.73980000243
            ],
            [
              379402.22700002696,
              499443.23840000294
            ],
            [
              379413.48970002867,
              499445.05750000291
            ],
            [
              379408.28390002996,
              499438.89919999801
            ],
            [
              379432.09590002708,
              499434.34110000171
            ],
            [
              379451.57250002958,
              499462.81450000778
            ],
            [
              379477.16620002687,
              499486.22610000707
            ],
            [
              379482.15810002573,
              499485.08610000648
            ],
            [
              379494.95070002694,
              499504.81480000354
            ],
            [
              379502.53330002911,
              499507.83600000106
            ],
            [
              379521.08810002729,
              499499.37940000184
            ],
            [
              379523.70970002748,
              499493.94050000608
            ],
            [
              379535.33790003043,
              499496.47350000776
            ],
            [
              379552.80320002977,
              499485.19550000317
            ],
            [
              379582.13320002984,
              499492.05830000527
            ],
            [
              379620.0028000297,
              499489.74050000496
            ],
            [
              379628.67580002733,
              499493.97570000589
            ],
            [
              379630.02010002825,
              499486.11100000702
            ],
            [
              379637.49970003031,
              499488.34550000355
            ],
            [
              379644.25760002807,
              499482.27160000615
            ],
            [
              379665.44540002663,
              499484.99020000733
            ],
            [
              379659.93010002933,
              499479.50010000542
            ],
            [
              379668.7052000314,
              499483.99550000392
            ],
            [
              379688.00430002902,
              499482.26060000435
            ],
            [
              379680.31920002773,
              499476.85539999977
            ],
            [
              379690.88840002567,
              499483.37390000559
            ],
            [
              379697.52770002931,
              499476.92760000378
            ],
            [
              379719.57720002998,
              499470.67300000042
            ],
            [
              379725.6204000283,
              499462.25430000015
            ],
            [
              379740.88450002857,
              499451.56790000387
            ],
            [
              379763.65620002896,
              499439.27020000294
            ],
            [
              379787.14040002692,
              499432.70380000398
            ],
            [
              379821.55100002885,
              499438.91240000539
            ],
            [
              379840.66670002975,
              499440.20110000484
            ],
            [
              379873.60210002773,
              499431.13970000297
            ],
            [
              379899.4722000286,
              499429.0865000058
            ],
            [
              379918.97890002932,
              499433.35820000805
            ],
            [
              379936.25390002877,
              499441.77590000629
            ],
            [
              379951.6532000266,
              499444.09180000611
            ],
            [
              379952.68050002959,
              499439.68560000323
            ],
            [
              379973.45160002913,
              499432.79810000397
            ],
            [
              379998.56820003036,
              499433.54850000702
            ],
            [
              380021.72990002483,
              499416.90069999918
            ],
            [
              380031.21370002721,
              499425.89079999924
            ],
            [
              380047.69540002849,
              499437.86300000548
            ],
            [
              380059.71520002838,
              499442.52880000509
            ]
          ]
        ]
      }
    },
    {
      "attributes" : {
        "FID" : 3,
        "PMNTN_SN" : 37907,
        "MNTN_CODE" : "421903701",
        "MNTN_NM" : "연화봉",
        "PMNTN_NM" : "대현리구간",
        "PMNTN_MAIN" : " ",
        "PMNTN_LT" : 1.06,
        "PMNTN_DFFL" : "쉬움",
        "PMNTN_UPPL" : 19,
        "PMNTN_GODN" : 13,
        "PMNTN_MTRQ" : " ",
        "PMNTN_CNRL" : " ",
        "PMNTN_CLS_" : " ",
        "PMNTN_RISK" : " ",
        "PMNTN_RECO" : " ",
        "DATA_STDR_" : "2016-12-31",
        "MNTN_ID" : "421903701"
      },
      "geometry" : {
        "paths" : [
          [
            [
              380059.71520002838,
              499442.52880000509
            ],
            [
              380071.82770002913,
              499432.59860000573
            ],
            [
              380084.28250002675,
              499414.58550000377
            ],
            [
              380100.25100002997,
              499409.13800000586
            ],
            [
              380105.14550002851,
              499399.79890000634
            ],
            [
              380129.81490002759,
              499397.46680000611
            ],
            [
              380153.01760002784,
              499384.99250000343
            ],
            [
              380159.74640002567,
              499392.86360000446
            ],
            [
              380162.01490002684,
              499386.06110000797
            ],
            [
              380180.7352000298,
              499386.41420000419
            ],
            [
              380195.5729000289,
              499385.21650000475
            ],
            [
              380205.43470002897,
              499377.41180000454
            ],
            [
              380215.7548000291,
              499369.87970000505
            ],
            [
              380227.97990002669,
              499358.30570000596
            ],
            [
              380243.92520003114,
              499353.63320000656
            ],
            [
              380247.50420002919,
              499345.55230000615
            ],
            [
              380254.7334000282,
              499340.35260000639
            ],
            [
              380262.46590002906,
              499338.60390000604
            ],
            [
              380267.88940002955,
              499328.63700000755
            ],
            [
              380274.45360002853,
              499325.39800000563
            ],
            [
              380291.53080002964,
              499315.01240000315
            ],
            [
              380303.99420002848,
              499310.49499999918
            ],
            [
              380317.62740002666,
              499300.42860000581
            ],
            [
              380325.03070002701,
              499294.23790000752
            ],
            [
              380339.38390002772,
              499294.86889999919
            ],
            [
              380357.11080002692,
              499294.40680000558
            ],
            [
              380371.98770002834,
              499294.37250000797
            ],
            [
              380390.24250003137,
              499301.34190000407
            ],
            [
              380410.04130002856,
              499313.6722000055
            ],
            [
              380490.35900002904,
              499364.84180000052
            ],
            [
              380502.73940002918,
              499365.22790000588
            ],
            [
              380537.23330003023,
              499377.33680000342
            ],
            [
              380575.38670002669,
              499370.19340000488
            ],
            [
              380586.56130002905,
              499361.74090000615
            ],
            [
              380606.23070002999,
              499359.63830000721
            ],
            [
              380640.4161000289,
              499377.65180000477
            ],
            [
              380657.16870002821,
              499381.09940000623
            ],
            [
              380668.91190002952,
              499389.01780000515
            ],
            [
              380694.40710002743,
              499396.35390000418
            ],
            [
              380704.84090002906,
              499404.2654000055
            ],
            [
              380721.18420003075,
              499408.93440000713
            ],
            [
              380741.89240003005,
              499400.23180000484
            ],
            [
              380761.89610002935,
              499386.23370000347
            ],
            [
              380770.22610002942,
              499371.85620000772
            ],
            [
              380781.68520002998,
              499358.18510000594
            ],
            [
              380789.34070002567,
              499343.16540000588
            ],
            [
              380798.83490002528,
              499334.05090000108
            ],
            [
              380808.09680002648,
              499335.03190000542
            ],
            [
              380811.30510003027,
              499328.22410000488
            ],
            [
              380811.88790003024,
              499321.67430000193
            ],
            [
              380811.42710002698,
              499313.33340000361
            ],
            [
              380821.26690002996,
              499301.43330000341
            ],
            [
              380827.17980002984,
              499297.53610000387
            ],
            [
              380829.87100002915,
              499283.80120000057
            ],
            [
              380828.62370002922,
              499272.0098000057
            ],
            [
              380825.95860002935,
              499263.59400000609
            ],
            [
              380828.12060002983,
              499243.19970000722
            ],
            [
              380847.79250002932,
              499237.4108000081
            ],
            [
              380866.84420002438,
              499225.07149999961
            ],
            [
              380885.89550002944,
              499222.79339999892
            ],
            [
              380896.76060002577,
              499220.82780000381
            ]
          ]
        ]
      }
    },
    {
      "attributes" : {
        "FID" : 4,
        "PMNTN_SN" : 37908,
        "MNTN_CODE" : "421903701",
        "MNTN_NM" : "연화봉",
        "PMNTN_NM" : "대현리구간",
        "PMNTN_MAIN" : " ",
        "PMNTN_LT" : 1.7,
        "PMNTN_DFFL" : "쉬움",
        "PMNTN_UPPL" : 30,
        "PMNTN_GODN" : 21,
        "PMNTN_MTRQ" : " ",
        "PMNTN_CNRL" : " ",
        "PMNTN_CLS_" : " ",
        "PMNTN_RISK" : " ",
        "PMNTN_RECO" : " ",
        "DATA_STDR_" : "2016-12-31",
        "MNTN_ID" : "421903701"
      },
      "geometry" : {
        "paths" : [
          [
            [
              380896.76060002577,
              499220.82780000381
            ],
            [
              380896.76060002577,
              499220.82780000381
            ],
            [
              380936.63700002898,
              499185.56880000234
            ],
            [
              380967.12820003089,
              499179.17900000699
            ],
            [
              380981.10030002892,
              499181.82910000347
            ],
            [
              380995.36460002884,
              499172.517300006
            ],
            [
              380995.92190003023,
              499159.64140000567
            ],
            [
              381000.9609000301,
              499158.4841999989
            ],
            [
              381008.60900002997,
              499139.02450000495
            ],
            [
              381012.8332000291,
              499136.88610000536
            ],
            [
              381031.62100003008,
              499111.85230000503
            ],
            [
              381034.78120002896,
              499093.69010000303
            ],
            [
              381043.44930003025,
              499079.19360000454
            ],
            [
              381046.38800002914,
              499081.56250000373
            ],
            [
              381047.19600002933,
              499059.91840000823
            ],
            [
              381054.11230002902,
              499052.29400000535
            ],
            [
              381054.20250003133,
              499040.29140000604
            ],
            [
              381081.18580003176,
              499007.63340000436
            ],
            [
              381105.88720002677,
              498991.53750000708
            ],
            [
              381121.27930002846,
              498961.81390000507
            ],
            [
              381132.25950002857,
              498959.09570000321
            ],
            [
              381143.31470002979,
              498944.00910000689
            ],
            [
              381149.5318000298,
              498945.69400000572
            ],
            [
              381154.41370002925,
              498928.42390000075
            ],
            [
              381149.75380003173,
              498913.20600000769
            ],
            [
              381162.04910003021,
              498898.49440000206
            ],
            [
              381170.58430003002,
              498895.39890000597
            ],
            [
              381174.21220002975,
              498886.20150000602
            ],
            [
              381183.73160003126,
              498887.94120000489
            ],
            [
              381196.15270002931,
              498910.15790000558
            ],
            [
              381221.75690002926,
              498921.11810000613
            ],
            [
              381218.82300003059,
              498926.63320000656
            ],
            [
              381220.00280002784,
              498935.66330000572
            ],
            [
              381231.36290002987,
              498947.2719000075
            ],
            [
              381234.24620003067,
              498950.40259999782
            ],
            [
              381240.12320003007,
              498959.63520000689
            ],
            [
              381224.39610002656,
              498971.53770000488
            ],
            [
              381229.97880002949,
              498977.89980000444
            ],
            [
              381246.91020002961,
              498980.98140000366
            ],
            [
              381280.4374000309,
              498972.42670000158
            ],
            [
              381276.44960003067,
              498971.01549999788
            ],
            [
              381286.83880003169,
              498956.46140000783
            ],
            [
              381285.32140003052,
              498944.3180999998
            ],
            [
              381291.68100003246,
              498943.93280000798
            ],
            [
              381294.54250003025,
              498936.58800000139
            ],
            [
              381336.51430002879,
              498931.43100000732
            ],
            [
              381338.30110003054,
              498926.20350000449
            ],
            [
              381350.21140003018,
              498922.07230000757
            ],
            [
              381353.98830002826,
              498913.15930000506
            ],
            [
              381358.39090002887,
              498913.94100000709
            ],
            [
              381373.98900002893,
              498911.28300000168
            ],
            [
              381383.58680002857,
              498901.65800000355
            ],
            [
              381407.09620002937,
              498890.58830000833
            ],
            [
              381419.81500003114,
              498881.53890000284
            ],
            [
              381436.66600003,
              498882.29180000536
            ],
            [
              381454.50970003195,
              498870.83310000412
            ],
            [
              381477.8963000318,
              498873.07760000415
            ],
            [
              381479.20890002884,
              498863.6353999991
            ],
            [
              381499.95570002869,
              498853.7347000055
            ],
            [
              381523.7668000292,
              498861.09750000574
            ],
            [
              381526.20770003181,
              498868.49500000477
            ],
            [
              381531.90160003211,
              498859.25669999793
            ],
            [
              381557.29530003015,
              498859.66160000488
            ],
            [
              381571.64690002985,
              498853.37860000506
            ],
            [
              381580.59720002953,
              498858.41630000249
            ],
            [
              381578.99260002933,
              498851.15980000794
            ],
            [
              381593.35280003026,
              498855.31480000727
            ],
            [
              381607.05170002859,
              498852.49080000632
            ],
            [
              381605.30460003205,
              498845.79050000757
            ],
            [
              381612.59980003163,
              498852.78540000319
            ],
            [
              381621.1569000287,
              498852.56290000677
            ],
            [
              381628.60410002898,
              498853.38460000418
            ],
            [
              381640.45440002903,
              498834.05900000781
            ],
            [
              381641.87840002775,
              498828.11670000292
            ],
            [
              381667.86140003055,
              498812.79760000482
            ],
            [
              381675.96830002964,
              498813.69770000689
            ],
            [
              381683.96230002865,
              498815.40290000662
            ],
            [
              381695.96210003085,
              498799.71330000646
            ],
            [
              381704.232300031,
              498799.36830000393
            ],
            [
              381708.85030003265,
              498786.65330000408
            ],
            [
              381718.62800003216,
              498787.07670000568
            ],
            [
              381729.67950002849,
              498771.56420000643
            ],
            [
              381746.67260002904,
              498762.80720000528
            ],
            [
              381763.54600003082,
              498756.55239999853
            ],
            [
              381768.50520003214,
              498751.84800000489
            ],
            [
              381780.13730002753,
              498745.76970000379
            ],
            [
              381780.61350002885,
              498739.55200000666
            ],
            [
              381792.11750002764,
              498735.955900006
            ],
            [
              381786.21780003421,
              498731.5294000078
            ],
            [
              381813.48460003268,
              498705.40870000422
            ],
            [
              381823.90140003152,
              498695.50900000334
            ],
            [
              381826.43850002903,
              498693.56930000335
            ],
            [
              381866.58240002859,
              498686.47570000589
            ],
            [
              381864.06420002785,
              498677.38460000418
            ],
            [
              381878.5411000289,
              498671.5009000022
            ],
            [
              381896.84820002969,
              498639.84530000761
            ],
            [
              381894.72280002758,
              498633.00340000726
            ],
            [
              381904.72530002892,
              498620.65160000324
            ],
            [
              381909.1923000291,
              498616.59469999745
            ],
            [
              381919.42040002998,
              498613.33600000665
            ],
            [
              381929.83890003059,
              498611.34430000558
            ],
            [
              381929.12590003107,
              498607.66730000824
            ],
            [
              381941.50440002978,
              498596.32990000769
            ],
            [
              381944.80480002891,
              498588.8433000017
            ],
            [
              381952.21620003041,
              498590.62670000456
            ],
            [
              381951.8762000287,
              498585.79180000536
            ],
            [
              381959.93260003161,
              498585.69170000404
            ],
            [
              381962.48580003064,
              498582.9315000046
            ],
            [
              381972.80620002747,
              498578.6519000046
            ],
            [
              381976.97360002995,
              498581.05030000396
            ],
            [
              381981.61990003102,
              498584.39650000632
            ],
            [
              381981.27230002917,
              498576.12080000341
            ],
            [
              381979.87010002881,
              498564.88150000572
            ],
            [
              381979.28680003062,
              498553.81100000627
            ],
            [
              381983.34690002911,
              498553.83840000071
            ],
            [
              381978.78670003079,
              498545.80330000632
            ],
            [
              381985.48290003277,
              498545.62320000492
            ],
            [
              381979.77720002923,
              498534.22810000367
            ]
          ]
        ]
      }
    },
    {
      "attributes" : {
        "FID" : 5,
        "PMNTN_SN" : 37909,
        "MNTN_CODE" : "421903701",
        "MNTN_NM" : "연화봉",
        "PMNTN_NM" : "대현리구간",
        "PMNTN_MAIN" : " ",
        "PMNTN_LT" : 0.12,
        "PMNTN_DFFL" : "쉬움",
        "PMNTN_UPPL" : 2,
        "PMNTN_GODN" : 1,
        "PMNTN_MTRQ" : " ",
        "PMNTN_CNRL" : " ",
        "PMNTN_CLS_" : " ",
        "PMNTN_RISK" : " ",
        "PMNTN_RECO" : " ",
        "DATA_STDR_" : "2016-12-31",
        "MNTN_ID" : "421903701"
      },
      "geometry" : {
        "paths" : [
          [
            [
              380896.76060002577,
              499220.82780000381
            ],
            [
              380896.76060002577,
              499220.82780000381
            ],
            [
              380912.60760002863,
              499237.75200000592
            ],
            [
              380902.75950002857,
              499242.93790000491
            ],
            [
              380909.1755000297,
              499248.30710000731
            ],
            [
              380923.00690002926,
              499252.21050000377
            ],
            [
              380933.83750002831,
              499254.49690000154
            ],
            [
              380937.36540002842,
              499260.79740000516
            ],
            [
              380949.76330002956,
              499268.71920000762
            ],
            [
              380949.92720002681,
              499282.70000000671
            ],
            [
              380955.91400002968,
              499299.47950000502
            ]
          ]
        ]
      }
    }
  ]
}