{
  "displayFieldName" : "",
  "fieldAliases" : {
    "FID" : "FID",
    "PMNTN_SN" : "PMNTN_SN",
    "MNTN_CODE" : "MNTN_CODE",
    "MNTN_NM" : "MNTN_NM",
    "PMNTN_NM" : "PMNTN_NM",
    "PMNTN_MAIN" : "PMNTN_MAIN",
    "PMNTN_LT" : "PMNTN_LT",
    "PMNTN_DFFL" : "PMNTN_DFFL",
    "PMNTN_UPPL" : "PMNTN_UPPL",
    "PMNTN_GODN" : "PMNTN_GODN",
    "PMNTN_MTRQ" : "PMNTN_MTRQ",
    "PMNTN_CNRL" : "PMNTN_CNRL",
    "PMNTN_CLS_" : "PMNTN_CLS_",
    "PMNTN_RISK" : "PMNTN_RISK",
    "PMNTN_RECO" : "PMNTN_RECO",
    "DATA_STDR_" : "DATA_STDR_",
    "MNTN_ID" : "MNTN_ID"
  },
  "geometryType" : "esriGeometryPolyline",
  "spatialReference" : {
    "wkt" : "PROJCS[\"PCS_ITRF2000_TM\",GEOGCS[\"GCS_ITRF_2000\",DATUM[\"D_ITRF_2000\",SPHEROID[\"GRS_1980\",6378137.0,298.257222101]],PRIMEM[\"Greenwich\",0.0],UNIT[\"Degree\",0.0174532925199433]],PROJECTION[\"Transverse_Mercator\"],PARAMETER[\"False_Easting\",200000.0],PARAMETER[\"False_Northing\",600000.0],PARAMETER[\"Central_Meridian\",127.0],PARAMETER[\"Scale_Factor\",1.0],PARAMETER[\"Latitude_Of_Origin\",38.0],UNIT[\"Meter\",1.0]]"
  },
  "fields" : [
    {
      "name" : "FID",
      "type" : "esriFieldTypeOID",
      "alias" : "FID"
    },
    {
      "name" : "PMNTN_SN",
      "type" : "esriFieldTypeDouble",
      "alias" : "PMNTN_SN"
    },
    {
      "name" : "MNTN_CODE",
      "type" : "esriFieldTypeString",
      "alias" : "MNTN_CODE",
      "length" : 9
    },
    {
      "name" : "MNTN_NM",
      "type" : "esriFieldTypeString",
      "alias" : "MNTN_NM",
      "length" : 50
    },
    {
      "name" : "PMNTN_NM",
      "type" : "esriFieldTypeString",
      "alias" : "PMNTN_NM",
      "length" : 50
    },
    {
      "name" : "PMNTN_MAIN",
      "type" : "esriFieldTypeString",
      "alias" : "PMNTN_MAIN",
      "length" : 200
    },
    {
      "name" : "PMNTN_LT",
      "type" : "esriFieldTypeSingle",
      "alias" : "PMNTN_LT"
    },
    {
      "name" : "PMNTN_DFFL",
      "type" : "esriFieldTypeString",
      "alias" : "PMNTN_DFFL",
      "length" : 8
    },
    {
      "name" : "PMNTN_UPPL",
      "type" : "esriFieldTypeDouble",
      "alias" : "PMNTN_UPPL"
    },
    {
      "name" : "PMNTN_GODN",
      "type" : "esriFieldTypeDouble",
      "alias" : "PMNTN_GODN"
    },
    {
      "name" : "PMNTN_MTRQ",
      "type" : "esriFieldTypeString",
      "alias" : "PMNTN_MTRQ",
      "length" : 200
    },
    {
      "name" : "PMNTN_CNRL",
      "type" : "esriFieldTypeString",
      "alias" : "PMNTN_CNRL",
      "length" : 1
    },
    {
      "name" : "PMNTN_CLS_",
      "type" : "esriFieldTypeString",
      "alias" : "PMNTN_CLS_",
      "length" : 1
    },
    {
      "name" : "PMNTN_RISK",
      "type" : "esriFieldTypeString",
      "alias" : "PMNTN_RISK",
      "length" : 200
    },
    {
      "name" : "PMNTN_RECO",
      "type" : "esriFieldTypeString",
      "alias" : "PMNTN_RECO",
      "length" : 1
    },
    {
      "name" : "DATA_STDR_",
      "type" : "esriFieldTypeString",
      "alias" : "DATA_STDR_",
      "length" : 10
    },
    {
      "name" : "MNTN_ID",
      "type" : "esriFieldTypeString",
      "alias" : "MNTN_ID",
      "length" : 10
    }
  ],
  "features" : [
    {
      "attributes" : {
        "FID" : 0,
        "PMNTN_SN" : 54151,
        "MNTN_CODE" : "428107501",
        "MNTN_NM" : "현리산",
        "PMNTN_NM" : "기린면현리구간",
        "PMNTN_MAIN" : " ",
        "PMNTN_LT" : 2.89,
        "PMNTN_DFFL" : "쉬움",
        "PMNTN_UPPL" : 51,
        "PMNTN_GODN" : 36,
        "PMNTN_MTRQ" : " ",
        "PMNTN_CNRL" : " ",
        "PMNTN_CLS_" : " ",
        "PMNTN_RISK" : " ",
        "PMNTN_RECO" : " ",
        "DATA_STDR_" : "2016-12-31",
        "MNTN_ID" : "428107501"
      },
      "geometry" : {
        "paths" : [
          [
            [
              316527.40660000127,
              594913.28949999996
            ],
            [
              316516.63910000306,
              594896.25870000012
            ],
            [
              316513.36890000571,
              594894.58370000124
            ],
            [
              316510.30420000292,
              594891.9251000043
            ],
            [
              316506.57759999949,
              594890.2061999999
            ],
            [
              316503.05130000412,
              594888.39720000327
            ],
            [
              316499.34850000124,
              594886.04600000009
            ],
            [
              316496.06300000567,
              594883.37490000203
            ],
            [
              316492.38300000224,
              594879.93520000204
            ],
            [
              316490.34970000293,
              594878.65680000372
            ],
            [
              316487.17279999983,
              594876.87140000239
            ],
            [
              316485.52930000518,
              594876.29520000145
            ],
            [
              316484.1052000029,
              594873.43770000339
            ],
            [
              316483.46700000484,
              594870.88759999909
            ],
            [
              316483.00570000242,
              594868.48579999991
            ],
            [
              316482.05240000132,
              594863.98640000075
            ],
            [
              316479.79340000264,
              594860.5185000021
            ],
            [
              316479.24340000004,
              594857.53969999962
            ],
            [
              316477.59750000108,
              594855.25
            ],
            [
              316479.4299000036,
              594853.87079999782
            ],
            [
              316479.25530000404,
              594852.67710000463
            ],
            [
              316477.27400000393,
              594848.97309999913
            ],
            [
              316475.66250000242,
              594845.18119999953
            ],
            [
              316473.22910000291,
              594842.68990000151
            ],
            [
              316470.3927000016,
              594839.01090000197
            ],
            [
              316467.49320000317,
              594835.61950000003
            ],
            [
              316465.45170000382,
              594832.51940000057
            ],
            [
              316463.47610000148,
              594829.45749999955
            ],
            [
              316462.5818000026,
              594826.53200000152
            ],
            [
              316463.52969999798,
              594823.61410000362
            ],
            [
              316461.15350000281,
              594821.25379999913
            ],
            [
              316460.56480000261,
              594818.6026000008
            ],
            [
              316461.3609000016,
              594814.44479999878
            ],
            [
              316460.28580000158,
              594810.75359999947
            ],
            [
              316459.60480000451,
              594808.38010000437
            ],
            [
              316458.66480000131,
              594805.03519999981
            ],
            [
              316458.03389999922,
              594803.27669999935
            ],
            [
              316460.00230000168,
              594802.70920000039
            ],
            [
              316462.90420000255,
              594800.23770000413
            ],
            [
              316466.71930000372,
              594800.39440000057
            ],
            [
              316467.87580000143,
              594799.90830000117
            ],
            [
              316467.98359999992,
              594800.10520000011
            ],
            [
              316468.98710000236,
              594800.01720000058
            ],
            [
              316469.58279999997,
              594800.10009999946
            ],
            [
              316473.02550000232,
              594798.46470000036
            ],
            [
              316477.08820000291,
              594795.72140000202
            ],
            [
              316480.61820000317,
              594793.6498000063
            ],
            [
              316483.97690000199,
              594791.69680000097
            ],
            [
              316487.70340000186,
              594790.31660000235
            ],
            [
              316492.03550000209,
              594789.8758000005
            ],
            [
              316496.58320000395,
              594787.23250000179
            ],
            [
              316499.73960000277,
              594785.51850000024
            ],
            [
              316502.35980000347,
              594783.16410000063
            ],
            [
              316503.34219999984,
              594779.90240000188
            ],
            [
              316506.70220000297,
              594775.79040000029
            ],
            [
              316514.34130000137,
              594776.00139999948
            ],
            [
              316518.32100000512,
              594776.83530000038
            ],
            [
              316520.96090000309,
              594774.83930000104
            ],
            [
              316522.96010000166,
              594773.13680000044
            ],
            [
              316526.74630000349,
              594768.07239999808
            ],
            [
              316529.177000002,
              594764.02160000056
            ],
            [
              316530.85510000307,
              594760.54640000127
            ],
            [
              316528.48080000561,
              594759.08890000358
            ],
            [
              316525.98330000322,
              594755.92650000006
            ],
            [
              316523.18390000146,
              594753.7835000027
            ],
            [
              316520.69840000384,
              594751.337799998
            ],
            [
              316517.37160000205,
              594749.48520000093
            ],
            [
              316514.49340000283,
              594751.32400000095
            ],
            [
              316510.70400000364,
              594750.39530000277
            ],
            [
              316508.11290000379,
              594752.25689999945
            ],
            [
              316504.54760000296,
              594753.70450000092
            ],
            [
              316500.34530000202,
              594753.30959999934
            ],
            [
              316495.79150000494,
              594753.27280000597
            ],
            [
              316492.00020000245,
              594755.58259999938
            ],
            [
              316488.46829999983,
              594754.67620000616
            ],
            [
              316485.57740000263,
              594751.71290000342
            ],
            [
              316479.74190000165,
              594751.11810000241
            ],
            [
              316477.18860000279,
              594748.39939999953
            ],
            [
              316477.01300000399,
              594748.21240000054
            ],
            [
              316476.32270000037,
              594747.4773000069
            ],
            [
              316475.64470000286,
              594745.82590000145
            ],
            [
              316475.63940000162,
              594745.81290000118
            ],
            [
              316474.91240000166,
              594744.04199999943
            ],
            [
              316474.63480000384,
              594743.63940000162
            ],
            [
              316474.58590000216,
              594743.56850000098
            ],
            [
              316474.2341000028,
              594743.5391000025
            ],
            [
              316472.35220000148,
              594741.41180000268
            ],
            [
              316471.72470000107,
              594740.70240000263
            ],
            [
              316471.35840000305,
              594735.36470000073
            ],
            [
              316470.989500002,
              594730.21320000105
            ],
            [
              316469.67940000352,
              594725.95109999925
            ],
            [
              316467.09620000236,
              594721.55920000188
            ],
            [
              316463.58150000032,
              594717.37729999982
            ],
            [
              316461.83570000064,
              594712.14100000076
            ],
            [
              316461.53890000284,
              594706.58110000193
            ],
            [
              316459.49370000139,
              594700.63340000063
            ],
            [
              316455.98209999967,
              594697.27060000226
            ],
            [
              316453.42000000272,
              594692.42280000262
            ],
            [
              316449.7137000002,
              594688.75950000063
            ],
            [
              316448.48840000294,
              594683.71670000255
            ],
            [
              316446.52990000229,
              594679.44539999962
            ],
            [
              316443.14280000236,
              594675.09790000133
            ],
            [
              316441.02010000311,
              594669.40960000269
            ],
            [
              316440.02960000467,
              594662.3694000002
            ],
            [
              316435.52750000451,
              594660.23950000107
            ],
            [
              316431.67139999941,
              594657.78370000236
            ],
            [
              316429.66730000265,
              594655.15890000202
            ],
            [
              316429.03030000255,
              594654.34950000234
            ],
            [
              316429.40610000305,
              594653.83370000124
            ],
            [
              316430.52090000361,
              594652.65829999931
            ],
            [
              316429.39720000327,
              594649.27360000089
            ],
            [
              316425.93280000146,
              594645.69740000367
            ],
            [
              316423.54570000153,
              594639.94959999993
            ],
            [
              316418.16360000148,
              594637.00669999979
            ],
            [
              316413.92970000487,
              594634.15479999967
            ],
            [
              316410.28810000326,
              594632.66990000196
            ],
            [
              316407.19460000191,
              594629.44319999963
            ],
            [
              316404.72420000099,
              594624.8853999991
            ],
            [
              316402.98359999992,
              594619.79820000008
            ],
            [
              316401.63920000196,
              594613.79529999942
            ],
            [
              316399.72900000308,
              594608.19390000217
            ],
            [
              316399.14610000234,
              594603.05790000223
            ],
            [
              316394.5635000011,
              594601.41080000252
            ],
            [
              316390.69180000108,
              594600.56469999999
            ],
            [
              316388.27930000052,
              594599.19970000163
            ],
            [
              316385.52180000208,
              594597.59380000271
            ],
            [
              316383.17220000271,
              594595.56300000101
            ],
            [
              316381.63620000333,
              594590.59960000217
            ],
            [
              316381.03830000293,
              594585.99390000105
            ],
            [
              316382.25870000292,
              594581.02320000157
            ],
            [
              316382.820600003,
              594575.70820000209
            ],
            [
              316381.75560000166,
              594571.30060000159
            ],
            [
              316381.13000000268,
              594566.5829000026
            ],
            [
              316380.26010000426,
              594562.44800000265
            ],
            [
              316378.67160000186,
              594560.65719999932
            ],
            [
              316379.10970000271,
              594559.90970000252
            ],
            [
              316378.70640000142,
              594557.68910000101
            ],
            [
              316378.41630000249,
              594555.80510000326
            ],
            [
              316377.06990000326,
              594553.61490000412
            ],
            [
              316377.16100000124,
              594549.75699999742
            ],
            [
              316376.95770000201,
              594545.38959999941
            ],
            [
              316376.62160000019,
              594541.56010000035
            ],
            [
              316378.37150000315,
              594537.6950000003
            ],
            [
              316379.66300000343,
              594534.97740000114
            ],
            [
              316377.80890000146,
              594534.76490000263
            ],
            [
              316377.34150000382,
              594532.90630000271
            ],
            [
              316378.29960000329,
              594529.79309999943
            ],
            [
              316378.4344000034,
              594524.97459999844
            ],
            [
              316379.53070000187,
              594520.4301999975
            ],
            [
              316380.62860000506,
              594515.78350000083
            ],
            [
              316383.46930000372,
              594510.87310000136
            ],
            [
              316386.00590000302,
              594505.06489999965
            ],
            [
              316387.63300000317,
              594499.47649999894
            ],
            [
              316388.01900000311,
              594496.16910000145
            ],
            [
              316389.3319000015,
              594494.01940000057
            ],
            [
              316392.80140000209,
              594493.10090000182
            ],
            [
              316397.86000000313,
              594492.37239999883
            ],
            [
              316402.23440000135,
              594492.07169999927
            ],
            [
              316406.1239000028,
              594489.36380000226
            ],
            [
              316408.73550000042,
              594488.95080000162
            ],
            [
              316412.29370000493,
              594489.01020000316
            ],
            [
              316414.63300000317,
              594487.22269999981
            ],
            [
              316418.38070000149,
              594486.42920000106
            ],
            [
              316423.40730000194,
              594485.87710000016
            ],
            [
              316426.59260000195,
              594483.68889999948
            ],
            [
              316427.73820000142,
              594480.34570000134
            ],
            [
              316431.88360000309,
              594475.94710000232
            ],
            [
              316431.98430000246,
              594471.97479999997
            ],
            [
              316431.82620000187,
              594471.17230000161
            ],
            [
              316432.31520000193,
              594470.47199999914
            ],
            [
              316433.0371000031,
              594469.97980000079
            ],
            [
              316435.40420000162,
              594468.84080000222
            ],
            [
              316437.54110000283,
              594468.86200000159
            ],
            [
              316440.27620000392,
              594466.20200000331
            ],
            [
              316442.42090000492,
              594465.16240000166
            ],
            [
              316445.88210000377,
              594461.71250000037
            ],
            [
              316449.3198000025,
              594459.91880000196
            ],
            [
              316451.17220000271,
              594458.69810000248
            ],
            [
              316453.94979999866,
              594457.71399999969
            ],
            [
              316458.37790000159,
              594455.72030000016
            ],
            [
              316461.61690000352,
              594454.4263000004
            ],
            [
              316464.52910000272,
              594452.27150000259
            ],
            [
              316465.5193000026,
              594453.12310000136
            ],
            [
              316468.3888000017,
              594452.41939999908
            ],
            [
              316472.05250000302,
              594450.79639999941
            ],
            [
              316475.18880000245,
              594448.43080000021
            ],
            [
              316478.2527000038,
              594447.01339999959
            ],
            [
              316481.50990000274,
              594446.51060000062
            ],
            [
              316484.14880000334,
              594443.88660000078
            ],
            [
              316486.96560000256,
              594440.66950000264
            ],
            [
              316488.3357000025,
              594436.9969000034
            ],
            [
              316488.79210000299,
              594436.60090000182
            ],
            [
              316490.11090000346,
              594435.59599999897
            ],
            [
              316491.32770000026,
              594434.50580000132
            ],
            [
              316490.65230000019,
              594433.79829999991
            ],
            [
              316490.20280000381,
              594433.79190000147
            ],
            [
              316490.16380000301,
              594433.49760000035
            ],
            [
              316488.46230000351,
              594431.29170000367
            ],
            [
              316487.66870000307,
              594431.13160000183
            ],
            [
              316487.17370000388,
              594430.69640000537
            ],
            [
              316486.84340000153,
              594430.3320000004
            ],
            [
              316487.17259999923,
              594429.73790000565
            ],
            [
              316488.54930000193,
              594427.76600000076
            ],
            [
              316488.997100004,
              594427.37230000272
            ],
            [
              316488.70000000019,
              594426.76590000093
            ],
            [
              316488.67660000175,
              594426.71800000221
            ],
            [
              316488.73760000151,
              594426.69089999981
            ],
            [
              316488.25020000245,
              594426.51479999907
            ],
            [
              316487.70480000228,
              594426.76950000599
            ],
            [
              316487.67060000263,
              594426.32960000262
            ],
            [
              316488.3663000036,
              594425.60440000147
            ],
            [
              316489.36620000191,
              594425.7769000046
            ],
            [
              316491.13820000179,
              594425.02969999984
            ],
            [
              316491.66350000072,
              594422.81299999915
            ],
            [
              316491.30060000159,
              594419.82990000211
            ],
            [
              316491.08530000411,
              594416.83029999956
            ],
            [
              316490.96460000519,
              594414.43700000085
            ],
            [
              316491.85470000375,
              594410.92260000296
            ],
            [
              316491.24730000179,
              594406.99609999917
            ],
            [
              316492.88330000266,
              594403.8925999999
            ],
            [
              316492.91289999988,
              594403.84040000103
            ],
            [
              316493.03680000268,
              594403.62250000238
            ],
            [
              316493.90040000342,
              594402.10239999928
            ],
            [
              316494.15030000266,
              594401.86330000125
            ],
            [
              316495.0369000053,
              594401.18720000051
            ],
            [
              316495.31580000371,
              594400.86800000444
            ],
            [
              316495.35860000271,
              594400.81910000183
            ],
            [
              316495.92850000411,
              594400.1670000013
            ],
            [
              316496.37630000338,
              594399.77310000174
            ],
            [
              316495.74400000274,
              594399.14990000054
            ],
            [
              316494.56620000396,
              594398.01649999991
            ],
            [
              316493.4635000024,
              594398.32550000399
            ],
            [
              316493.82910000253,
              594396.9824000001
            ],
            [
              316493.27890000213,
              594396.80700000003
            ],
            [
              316493.03740000166,
              594395.12849999964
            ],
            [
              316493.24680000357,
              594394.40560000017
            ],
            [
              316492.61020000372,
              594394.08019999973
            ],
            [
              316494.76740000397,
              594392.1566000022
            ],
            [
              316494.83530000318,
              594392.10330000147
            ],
            [
              316496.36240000371,
              594390.90440000407
            ],
            [
              316498.16900000256,
              594389.79470000416
            ],
            [
              316498.00770000275,
              594389.73659999855
            ],
            [
              316498.57990000304,
              594389.57330000214
            ],
            [
              316498.5940000033,
              594389.54900000058
            ],
            [
              316499.40100000147,
              594388.1557
            ],
            [
              316500.99340000376,
              594385.01440000162
            ],
            [
              316504.29030000325,
              594384.30739999935
            ],
            [
              316506.64090000372,
              594382.26570000127
            ],
            [
              316509.43190000392,
              594380.34180000238
            ],
            [
              316511.61210000049,
              594377.84160000086
            ],
            [
              316513.91060000286,
              594377.90210000239
            ],
            [
              316516.03350000177,
              594375.8013000004
            ],
            [
              316518.61050000228,
              594373.90240000375
            ],
            [
              316521.36870000139,
              594371.69880000129
            ],
            [
              316523.78159999941,
              594368.90410000272
            ],
            [
              316524.76860000007,
              594366.349700002
            ],
            [
              316524.73640000261,
              594361.36119999923
            ],
            [
              316526.71339999884,
              594357.60180000216
            ],
            [
              316528.40330000315,
              594355.3738000039
            ],
            [
              316529.29330000281,
              594354.45590000041
            ],
            [
              316529.81700000353,
              594351.32719999924
            ],
            [
              316530.58280000184,
              594347.22480000183
            ],
            [
              316530.95830000285,
              594345.18280000053
            ],
            [
              316532.16120000277,
              594345.26150000095
            ],
            [
              316533.3218000019,
              594345.33740000054
            ],
            [
              316533.37410000246,
              594345.43900000118
            ],
            [
              316533.51780000236,
              594344.51190000027
            ],
            [
              316533.59410000127,
              594344.27870000154
            ],
            [
              316533.5549000036,
              594342.76419999823
            ],
            [
              316533.19000000414,
              594341.12920000032
            ],
            [
              316533.64470000286,
              594340.25159999914
            ],
            [
              316533.37130000349,
              594338.22830000333
            ],
            [
              316533.1780000031,
              594335.7594000008
            ],
            [
              316532.66139999963,
              594333.220900001
            ],
            [
              316533.36610000301,
              594328.23360000178
            ],
            [
              316532.30640000291,
              594323.46310000122
            ],
            [
              316533.13930000179,
              594319.315200001
            ],
            [
              316534.26690000203,
              594315.69260000437
            ],
            [
              316534.70860000141,
              594311.57630000077
            ],
            [
              316535.03200000245,
              594307.49550000392
            ],
            [
              316535.59690000582,
              594304.0511000026
            ],
            [
              316534.52190000284,
              594299.8387000002
            ],
            [
              316535.12430000212,
              594294.79409999959
            ],
            [
              316535.57230000384,
              594289.72870000079
            ],
            [
              316535.54389999993,
              594284.47039999999
            ],
            [
              316537.27650000248,
              594278.72540000267
            ],
            [
              316537.47760000359,
              594273.39580000192
            ],
            [
              316536.56170000415,
              594268.35759999976
            ],
            [
              316537.97570000309,
              594261.70530000329
            ],
            [
              316539.22890000325,
              594255.98130000196
            ],
            [
              316540.68220000342,
              594252.77280000225
            ],
            [
              316540.30750000104,
              594248.0307
            ],
            [
              316541.05370000377,
              594243.75130000152
            ],
            [
              316541.37930000294,
              594237.96749999933
            ],
            [
              316539.50050000194,
              594234.3021000009
            ],
            [
              316538.08830000367,
              594229.96400000155
            ],
            [
              316537.50549999904,
              594230.00230000354
            ],
            [
              316536.12850000523,
              594228.36350000091
            ],
            [
              316534.08390000276,
              594223.40220000036
            ],
            [
              316533.65470000263,
              594216.2770000007
            ],
            [
              316531.32720000204,
              594212.02820000239
            ],
            [
              316529.90020000096,
              594208.21110000089
            ],
            [
              316528.86590000242,
              594202.68720000423
            ],
            [
              316530.96350000333,
              594199.26450000145
            ],
            [
              316533.40030000359,
              594196.8609000016
            ],
            [
              316534.78830000106,
              594194.09830000065
            ],
            [
              316536.80480000284,
              594190.15330000222
            ],
            [
              316539.58320000581,
              594188.61080000363
            ],
            [
              316541.55010000151,
              594185.0466000028
            ],
            [
              316543.75850000419,
              594180.56460000202
            ],
            [
              316545.42520000227,
              594176.86600000225
            ],
            [
              316546.93390000053,
              594172.87650000118
            ],
            [
              316548.3329000026,
              594169.33220000193
            ],
            [
              316548.49350000545,
              594165.3049999997
            ],
            [
              316548.34960000403,
              594161.95269999839
            ],
            [
              316547.57020000182,
              594158.7125000041
            ],
            [
              316547.26970000379,
              594154.4553999994
            ],
            [
              316546.66560000274,
              594149.77520000376
            ],
            [
              316546.54920000304,
              594145.5298999995
            ],
            [
              316545.80180000141,
              594142.11340000108
            ],
            [
              316545.24490000401,
              594136.70790000074
            ],
            [
              316546.29240000248,
              594133.00970000029
            ],
            [
              316546.6427000016,
              594129.11550000124
            ],
            [
              316545.67410000227,
              594126.22609999962
            ],
            [
              316543.43740000483,
              594125.44050000235
            ],
            [
              316542.37240000349,
              594123.62930000015
            ],
            [
              316541.93220000342,
              594122.45050000027
            ],
            [
              316542.07200000156,
              594120.91699999943
            ],
            [
              316541.05290000234,
              594117.43130000122
            ],
            [
              316540.82510000188,
              594114.79440000094
            ],
            [
              316540.95680000354,
              594112.78630000167
            ],
            [
              316540.98890000209,
              594108.98059999943
            ],
            [
              316543.17820000369,
              594106.88060000166
            ],
            [
              316544.09010000434,
              594103.91569999978
            ],
            [
              316543.81630000286,
              594099.4606999997
            ],
            [
              316541.66320000216,
              594096.93600000255
            ],
            [
              316542.22630000487,
              594092.58880000003
            ],
            [
              316541.99310000334,
              594089.29120000079
            ],
            [
              316540.70720000286,
              594085.91339999996
            ],
            [
              316539.63270000182,
              594082.69680000097
            ],
            [
              316537.98490000144,
              594078.85800000094
            ],
            [
              316539.15660000313,
              594076.27820000052
            ],
            [
              316539.76020000316,
              594072.18290000223
            ],
            [
              316538.37610000093,
              594069.49240000173
            ],
            [
              316539.56860000361,
              594064.93080000207
            ],
            [
              316541.29190000147,
              594062.43330000341
            ],
            [
              316541.08420000412,
              594058.25480000116
            ],
            [
              316540.92410000041,
              594056.03770000115
            ],
            [
              316540.33740000147,
              594054.27980000339
            ],
            [
              316539.77290000208,
              594052.00109999999
            ],
            [
              316538.22500000335,
              594048.38690000027
            ],
            [
              316537.15650000423,
              594045.78460000083
            ],
            [
              316537.27330000326,
              594044.30669999868
            ],
            [
              316536.68400000315,
              594041.69260000065
            ],
            [
              316536.46679999959,
              594040.38670000248
            ],
            [
              316535.39780000225,
              594037.82160000131
            ],
            [
              316535.19450000301,
              594032.94240000099
            ],
            [
              316535.1863000039,
              594031.81980000064
            ],
            [
              316534.36620000191,
              594031.06939999945
            ],
            [
              316533.115600002,
              594028.31559999846
            ],
            [
              316531.11050000321,
              594025.75580000132
            ],
            [
              316529.09060000256,
              594022.1630000025
            ],
            [
              316528.91540000308,
              594019.97350000404
            ],
            [
              316527.85210000165,
              594017.52020000108
            ],
            [
              316526.93130000308,
              594014.90139999986
            ],
            [
              316525.65480000526,
              594010.34190000407
            ],
            [
              316527.45060000103,
              594007.40819999948
            ],
            [
              316526.22180000134,
              594003.64040000178
            ],
            [
              316524.01420000289,
              593998.73260000162
            ],
            [
              316522.60780000407,
              593995.5391999986
            ],
            [
              316520.58200000226,
              593990.28040000051
            ],
            [
              316518.46390000172,
              593983.75470000133
            ],
            [
              316516.11980000045,
              593981.190200001
            ],
            [
              316515.83290000539,
              593978.56180000119
            ],
            [
              316515.29830000456,
              593974.69219999947
            ],
            [
              316513.59439999983,
              593971.16890000366
            ],
            [
              316514.92050000187,
              593967.05580000766
            ],
            [
              316515.33670000359,
              593962.66940000094
            ],
            [
              316513.42080000415,
              593960.05500000156
            ],
            [
              316511.73670000117,
              593956.6809000019
            ],
            [
              316510.47900000215,
              593954.42960000224
            ],
            [
              316508.92910000309,
              593952.50899999961
            ],
            [
              316506.9813000029,
              593949.02890000306
            ],
            [
              316505.41710000392,
              593946.03790000267
            ],
            [
              316502.79670000263,
              593944.24190000072
            ],
            [
              316501.07770000212,
              593941.25809999928
            ],
            [
              316497.71100000385,
              593937.01319999993
            ],
            [
              316496.48360000271,
              593931.58900000155
            ],
            [
              316493.70360000152,
              593927.02670000121
            ],
            [
              316491.97250000387,
              593921.78140000068
            ],
            [
              316492.15960000269,
              593917.95000000112
            ],
            [
              316491.7738000052,
              593913.98010000028
            ],
            [
              316490.73070000298,
              593910.62440000102
            ],
            [
              316491.4074000027,
              593907.0978000015
            ],
            [
              316492.55130000226,
              593902.32149999961
            ],
            [
              316491.84810000286,
              593899.20109999925
            ],
            [
              316490.79600000288,
              593896.48729999922
            ],
            [
              316488.88480000198,
              593891.98389999941
            ],
            [
              316490.01540000178,
              593886.59320000187
            ],
            [
              316487.75670000352,
              593880.61460000277
            ],
            [
              316487.61670000106,
              593875.94099999778
            ],
            [
              316485.67120000161,
              593874.37780000269
            ],
            [
              316485.2938000029,
              593871.88770000264
            ],
            [
              316483.37000000104,
              593869.83160000294
            ],
            [
              316484.25280000269,
              593866.02160000429
            ],
            [
              316482.68900000397,
              593860.40650000051
            ],
            [
              316482.45650000591,
              593857.06230000034
            ],
            [
              316482.69540000241,
              593852.1894000005
            ],
            [
              316481.78619999997,
              593848.7424999997
            ],
            [
              316479.6911000032,
              593845.2509000022
            ],
            [
              316478.27940000501,
              593839.83330000006
            ],
            [
              316478.46930000372,
              593839.43590000086
            ],
            [
              316476.1583000049,
              593835.05710000172
            ],
            [
              316475.92880000267,
              593829.94490000047
            ],
            [
              316474.06470000278,
              593825.23740000837
            ],
            [
              316474.1398000028,
              593822.54900000058
            ],
            [
              316472.73400000297,
              593819.82100000046
            ],
            [
              316472.45490000304,
              593813.01429999992
            ],
            [
              316472.99250000156,
              593808.37830000184
            ],
            [
              316470.34030000214,
              593805.19519999996
            ],
            [
              316466.67480000295,
              593801.73709999956
            ],
            [
              316466.33970000315,
              593797.83310000226
            ],
            [
              316465.07200000156,
              593793.68320000358
            ],
            [
              316464.87140000332,
              593786.54260000214
            ],
            [
              316465.28700000327,
              593783.74740000069
            ],
            [
              316466.30580000393,
              593779.48110000044
            ],
            [
              316468.24950000271,
              593777.55439999886
            ],
            [
              316467.87940000277,
              593774.55269999988
            ],
            [
              316466.19670000393,
              593774.71490000188
            ],
            [
              316465.21290000249,
              593773.40729999915
            ],
            [
              316466.29760000203,
              593770.72409999929
            ],
            [
              316464.37050000392,
              593766.3041999992
            ],
            [
              316463.92680000234,
              593757.07560000196
            ],
            [
              316466.21290000249,
              593752.83670000173
            ],
            [
              316467.80010000244,
              593747.99220000207
            ],
            [
              316467.54390000273,
              593745.2712000031
            ],
            [
              316465.96770000178,
              593740.54000000097
            ],
            [
              316464.94760000519,
              593737.11950000376
            ],
            [
              316465.35770000424,
              593736.65680000372
            ],
            [
              316465.41450000182,
              593736.59270000458
            ],
            [
              316465.1023000041,
              593735.95220000297
            ],
            [
              316465.07200000435,
              593735.89010000229
            ],
            [
              316465.04430000391,
              593735.83340000361
            ],
            [
              316464.72339999955,
              593735.77190000005
            ],
            [
              316464.27870000247,
              593735.68679999933
            ],
            [
              316464.27510000113,
              593735.68610000052
            ],
            [
              316464.06290000025,
              593734.747299999
            ],
            [
              316464.03580000345,
              593734.62730000168
            ],
            [
              316464.00760000199,
              593734.50279999897
            ],
            [
              316463.942900002,
              593734.21619999968
            ],
            [
              316463.90320000332,
              593734.17320000008
            ],
            [
              316463.34700000193,
              593733.56970000267
            ],
            [
              316463.44279999938,
              593733.05200000107
            ],
            [
              316463.09510000236,
              593733.14740000106
            ],
            [
              316462.80360000208,
              593733.83709999919
            ],
            [
              316462.55070000328,
              593734.43520000391
            ],
            [
              316462.32480000239,
              593734.96969999932
            ],
            [
              316460.90090000257,
              593735.07050000131
            ],
            [
              316458.52399999928,
              593734.29220000654
            ],
            [
              316457.59929999895,
              593734.62350000255
            ],
            [
              316456.10150000267,
              593735.16030000709
            ],
            [
              316452.20129999891,
              593735.76570000313
            ],
            [
              316449.88380000275,
              593736.50520000234
            ],
            [
              316448.24390000291,
              593737.80330000073
            ],
            [
              316445.89510000311,
              593738.15149999782
            ],
            [
              316443.07860000525,
              593737.19009999931
            ],
            [
              316439.39410000015,
              593737.13770000264
            ],
            [
              316435.97710000258,
              593735.90720000118
            ],
            [
              316432.87630000245,
              593736.27260000072
            ],
            [
              316428.82960000075,
              593735.77779999934
            ],
            [
              316423.42100000195,
              593733.6163000036
            ],
            [
              316420.01830000058,
              593731.37180000357
            ],
            [
              316416.60110000055,
              593730.66250000149
            ],
            [
              316412.65810000151,
              593730.13179999962
            ],
            [
              316408.22300000302,
              593730.00370000117
            ],
            [
              316402.03239999991,
              593732.03740000166
            ],
            [
              316397.27100000251,
              593734.64060000144
            ],
            [
              316393.51100000273,
              593736.79270000011
            ],
            [
              316389.59860000387,
              593738.26340000145
            ],
            [
              316386.30210000183,
              593739.43560000136
            ],
            [
              316383.33350000251,
              593739.319000002
            ],
            [
              316380.82930000313,
              593741.79599999823
            ],
            [
              316379.77180000208,
              593743.07450000197
            ],
            [
              316378.22420000006,
              593745.65820000134
            ],
            [
              316376.5233000014,
              593749.69150000066
            ],
            [
              316374.17670000158,
              593754.04130000249
            ],
            [
              316371.84280000255,
              593758.5308000017
            ],
            [
              316369.30270000082,
              593764.05040000007
            ],
            [
              316365.52130000386,
              593766.67690000124
            ],
            [
              316362.71650000289,
              593770.59210000187
            ],
            [
              316359.74940000288,
              593774.5234999992
            ],
            [
              316355.66250000242,
              593777.89949999936
            ],
            [
              316352.23550000228,
              593778.92090000212
            ],
            [
              316349.61650000233,
              593779.0978000015
            ],
            [
              316345.50240000151,
              593780.23980000056
            ],
            [
              316340.96220000554,
              593780.76160000078
            ],
            [
              316336.88759999815,
              593782.22990000248
            ],
            [
              316333.71210000198,
              593783.18990000151
            ],
            [
              316330.8655000031,
              593783.30770000443
            ],
            [
              316326.63490000274,
              593783.31270000525
            ],
            [
              316324.26790000405,
              593784.94490000233
            ],
            [
              316322.0016000038,
              593786.75530000217
            ],
            [
              316319.96250000224,
              593788.14090000093
            ],
            [
              316318.35980000161,
              593790.45380000211
            ],
            [
              316315.94990000315,
              593791.99239999987
            ],
            [
              316313.30980000459,
              593795.73310000449
            ],
            [
              316311.35990000051,
              593799.66050000116
            ],
            [
              316307.4718000032,
              593801.49430000223
            ],
            [
              316302.8151000021,
              593800.87920000218
            ],
            [
              316298.84540000558,
              593802.74920000322
            ],
            [
              316293.24990000296,
              593805.45229999907
            ],
            [
              316288.94420000445,
              593807.62450000085
            ],
            [
              316285.09380000271,
              593811.4784000013
            ],
            [
              316280.59080000222,
              593814.56930000149
            ],
            [
              316277.91460000072,
              593817.74180000089
            ],
            [
              316273.93680000026,
              593821.74269999936
            ],
            [
              316272.37290000264,
              593826.5131000001
            ],
            [
              316271.08920000028,
              593829.20299999975
            ],
            [
              316268.31830000039,
              593833.33279999904
            ],
            [
              316264.48279999942,
              593835.62340000086
            ],
            [
              316261.68050000258,
              593840.9253000021
            ],
            [
              316260.29310000408,
              593841.56629999913
            ],
            [
              316260.2452000035,
              593841.64450000226
            ],
            [
              316259.37260000408,
              593843.07019999996
            ],
            [
              316259.11290000193,
              593843.19669999927
            ],
            [
              316258.08940000273,
              593842.57660000212
            ],
            [
              316257.66600000113,
              593842.32009999827
            ],
            [
              316257.62270000298,
              593842.2864999976
            ],
            [
              316257.35360000096,
              593842.60749999993
            ],
            [
              316257.20990000293,
              593842.7789000012
            ],
            [
              316256.07790000271,
              593843.70340000093
            ],
            [
              316254.39869999886,
              593845.07469999976
            ],
            [
              316251.99320000317,
              593844.23100000247
            ],
            [
              316249.91420000326,
              593842.71250000037
            ],
            [
              316249.14030000009,
              593841.67789999954
            ],
            [
              316247.63960000221,
              593840.95870000124
            ],
            [
              316245.49780000187,
              593842.30560000055
            ],
            [
              316241.64279999956,
              593841.8134000022
            ],
            [
              316237.60770000145,
              593843.10560000129
            ],
            [
              316235.2796000056,
              593843.0353000015
            ],
            [
              316232.62930000387,
              593844.38430000097
            ],
            [
              316230.33260000497,
              593845.2265000008
            ],
            [
              316227.2732000025,
              593842.67970000207
            ],
            [
              316224.59440000355,
              593842.39980000071
            ],
            [
              316221.65890000202,
              593842.0324000027
            ],
            [
              316218.53350000177,
              593840.49909999967
            ],
            [
              316215.1202000035,
              593837.44490000047
            ],
            [
              316212.39320000354,
              593835.36820000038
            ],
            [
              316208.19280000031,
              593836.36009999923
            ],
            [
              316205.04910000227,
              593838.19530000165
            ],
            [
              316200.12750000227,
              593839.62380000204
            ],
            [
              316196.19970000163,
              593839.06550000235
            ],
            [
              316192.6624999987,
              593839.55519999936
            ],
            [
              316187.87610000372,
              593839.24520000443
            ],
            [
              316184.29260000307,
              593840.39490000345
            ],
            [
              316180.98050000239,
              593841.1203000024
            ],
            [
              316178.05230000149,
              593844.3917999994
            ],
            [
              316173.1657000035,
              593846.99329999834
            ],
            [
              316168.41730000265,
              593847.13070000522
            ],
            [
              316164.14769999962,
              593845.20890000463
            ],
            [
              316158.30430000275,
              593845.11670000479
            ],
            [
              316154.10610000696,
              593845.35469999909
            ],
            [
              316149.55680000037,
              593846.48399999924
            ],
            [
              316148.65560000204,
              593847.79030000046
            ],
            [
              316147.38350000419,
              593849.66140000336
            ],
            [
              316145.82780000567,
              593852.82199999876
            ],
            [
              316145.07440000307,
              593857.61319999956
            ],
            [
              316142.01590000372,
              593861.76690000109
            ],
            [
              316137.0820000004,
              593865.11210000329
            ],
            [
              316133.47580000199,
              593866.29869999923
            ],
            [
              316131.75520000327,
              593869.13130000234
            ],
            [
              316130.68290000223,
              593868.86490000039
            ],
            [
              316128.80000000261,
              593870.67139999941
            ],
            [
              316128.90540000238,
              593873.12040000036
            ],
            [
              316127.356200004,
              593875.29470000044
            ],
            [
              316125.97910000384,
              593878.33680000342
            ],
            [
              316122.74200000148,
              593881.04549999908
            ],
            [
              316119.37410000246,
              593884.14310000092
            ],
            [
              316117.42470000032,
              593888.04270000383
            ],
            [
              316116.63590000104,
              593892.2098999992
            ],
            [
              316113.3219000008,
              593895.1502000019
            ],
            [
              316110.08820000384,
              593898.65919999965
            ],
            [
              316106.13430000376,
              593904.10300000384
            ],
            [
              316103.0913000023,
              593908.72209999897
            ],
            [
              316096.96860000305,
              593911.69700000063
            ],
            [
              316091.42940000165,
              593914.59640000388
            ],
            [
              316088.58150000311,
              593916.88250000216
            ],
            [
              316087.47780000232,
              593920.91500000283
            ],
            [
              316086.10520000197,
              593923.6408000011
            ],
            [
              316084.06390000228,
              593927.26920000464
            ],
            [
              316084.5790000027,
              593927.84420000203
            ],
            [
              316085.1155000031,
              593930.02940000221
            ],
            [
              316083.76470000204,
              593936.41270000115
            ],
            [
              316081.2909000041,
              593941.43090000376
            ],
            [
              316077.54470000602,
              593945.74230000004
            ],
            [
              316074.3256000001,
              593949.79120000266
            ],
            [
              316071.39750000369,
              593952.70420000143
            ],
            [
              316066.93500000238,
              593955.23990000039
            ],
            [
              316064.60230000224,
              593960.99190000258
            ],
            [
              316060.48590000067,
              593968.74720000103
            ],
            [
              316056.96880000364,
              593972.68099999987
            ],
            [
              316049.23460000288,
              593980.68530000187
            ],
            [
              316043.08930000477,
              593983.70639999956
            ],
            [
              316040.11980000231,
              593986.78190000542
            ],
            [
              316039.45740000159,
              593990.87639999948
            ],
            [
              316038.60720000323,
              593996.27119999938
            ],
            [
              316039.4737999998,
              593999.08449999988
            ],
            [
              316038.49980000313,
              594005.40810000151
            ],
            [
              316038.5279000029,
              594011.23409999907
            ],
            [
              316038.58490000293,
              594015.53420000151
            ],
            [
              316037.69560000114,
              594019.5139000006
            ],
            [
              316035.0206999993,
              594025.72969999909
            ],
            [
              316032.96830000263,
              594031.17250000127
            ],
            [
              316029.33690000232,
              594037.79350000061
            ],
            [
              316026.17070000153,
              594042.2714000009
            ],
            [
              316023.87120000459,
              594046.95690000057
            ],
            [
              316019.70070000272,
              594052.09060000069
            ],
            [
              316017.26350000221,
              594056.60659999959
            ],
            [
              316014.00790000241,
              594061.14840000123
            ],
            [
              316011.03540000319,
              594064.95900000259
            ],
            [
              316008.96640000306,
              594066.90259999968
            ],
            [
              316003.92370000295,
              594069.09250000119
            ],
            [
              315998.77960000373,
              594069.59660000354
            ],
            [
              315991.90730000287,
              594071.91890000179
            ],
            [
              315985.30690000299,
              594073.77970000356
            ],
            [
              315979.36120000202,
              594075.72409999929
            ],
            [
              315976.31730000302,
              594077.81210000068
            ],
            [
              315975.27360000368,
              594082.29210000113
            ],
            [
              315973.24710000213,
              594085.92070000246
            ],
            [
              315970.17920000479,
              594090.22320000269
            ],
            [
              315966.70860000141,
              594092.77969999984
            ],
            [
              315963.97960000299,
              594095.52359999903
            ],
            [
              315959.78680000361,
              594100.15440000221
            ],
            [
              315958.85450000409,
              594107.18590000458
            ],
            [
              315957.96530000307,
              594111.6866999995
            ],
            [
              315955.84290000331,
              594115.32320000231
            ],
            [
              315953.57650000136,
              594117.67339999974
            ],
            [
              315948.14530000277,
              594120.23939999938
            ],
            [
              315943.61610000115,
              594121.56190000102
            ],
            [
              315936.74320000317,
              594125.4942000024
            ],
            [
              315930.99740000255,
              594127.37630000152
            ],
            [
              315925.27170000598,
              594129.39850000106
            ],
            [
              315920.20050000213,
              594129.4477000013
            ],
            [
              315914.13010000344,
              594128.22639999911
            ],
            [
              315908.77050000243,
              594128.3460000027
            ],
            [
              315903.92900000233,
              594128.82660000026
            ],
            [
              315899.9627000019,
              594127.34660000168
            ],
            [
              315895.5736999996,
              594125.53500000015
            ],
            [
              315891.31470000278,
              594123.9112999998
            ],
            [
              315888.68790000305,
              594126.20990000293
            ],
            [
              315887.981200004,
              594128.23800000176
            ],
            [
              315886.81690000277,
              594131.34830000438
            ],
            [
              315884.37700000312,
              594132.94230000116
            ],
            [
              315882.25450000446,
              594134.50360000134
            ],
            [
              315881.10770000424,
              594137.41870000213
            ],
            [
              315879.45630000159,
              594140.0661999993
            ],
            [
              315878.7267000014,
              594143.19209999964
            ],
            [
              315876.90560000576,
              594145.83710000105
            ],
            [
              315874.40770000406,
              594148.92860000208
            ],
            [
              315870.40340000205,
              594151.70100000128
            ],
            [
              315867.20710000303,
              594154.14970000088
            ],
            [
              315864.50090000406,
              594156.32620000094
            ],
            [
              315860.57110000215,
              594159.0530999992
            ],
            [
              315856.63050000183,
              594164.09710000269
            ],
            [
              315851.67610000353,
              594169.43380000256
            ],
            [
              315845.14070000034,
              594173.47320000082
            ],
            [
              315841.17800000403,
              594175.91119999997
            ],
            [
              315839.05479999911,
              594179.6035999991
            ],
            [
              315837.83380000573,
              594183.60639999993
            ],
            [
              315835.13240000233,
              594188.05370000377
            ],
            [
              315834.87500000186,
              594191.67020000331
            ],
            [
              315836.96700000111,
              594194.34259999916
            ],
            [
              315835.9903000053,
              594197.22300000302
            ],
            [
              315833.69830000307,
              594200.8665000014
            ],
            [
              315831.09159999993,
              594206.44099999778
            ],
            [
              315829.97130000312,
              594211.13409999944
            ],
            [
              315827.42450000159,
              594216.6444000043
            ],
            [
              315827.17740000691,
              594222.65260000341
            ],
            [
              315822.99090000335,
              594227.3673000019
            ],
            [
              315818.48040000163,
              594230.50480000116
            ],
            [
              315813.95300000533,
              594231.70640000328
            ],
            [
              315809.35170000326,
              594233.44669999927
            ],
            [
              315804.13830000348,
              594233.65220000036
            ],
            [
              315799.97390000243,
              594236.28280000202
            ],
            [
              315796.95680000167,
              594235.96090000309
            ],
            [
              315796.65410000365,
              594236.51500000246
            ],
            [
              315795.38489999995,
              594237.66950000264
            ],
            [
              315795.0401999997,
              594238.59530000202
            ],
            [
              315794.94170000311,
              594239.8545000013
            ],
            [
              315794.21810000204,
              594240.98880000226
            ],
            [
              315794.1343000019,
              594241.5420000013
            ],
            [
              315791.99630000256,
              594241.7349000033
            ],
            [
              315788.10740000289,
              594239.47440000437
            ],
            [
              315783.92690000311,
              594236.47460000403
            ],
            [
              315779.1212000018,
              594234.42450000159
            ],
            [
              315775.97580000199,
              594231.18810000457
            ],
            [
              315773.11580000259,
              594229.13760000095
            ],
            [
              315770.35280000325,
              594227.5165000055
            ],
            [
              315765.37130000349,
              594224.35649999976
            ],
            [
              315760.27460000291,
              594224.11690000445
            ],
            [
              315755.52380000241,
              594225.48289999925
            ],
            [
              315750.40510000009,
              594224.72199999914
            ],
            [
              315741.67930000089,
              594225.23139999993
            ],
            [
              315737.01540000178,
              594227.23139999993
            ],
            [
              315733.26680000406,
              594227.03890000097
            ],
            [
              315729.08880000282,
              594226.98920000345
            ],
            [
              315726.836500003,
              594228.86510000005
            ],
            [
              315723.23570000194,
              594229.17720000073
            ],
            [
              315720.69540000241,
              594230.0532000009
            ],
            [
              315716.67349999957,
              594230.94549999945
            ],
            [
              315712.92620000336,
              594232.75379999913
            ],
            [
              315708.87510000356,
              594235.19070000015
            ],
            [
              315704.04090000503,
              594234.11720000021
            ],
            [
              315697.46730000153,
              594234.0989000015
            ],
            [
              315693.34950000327,
              594232.90540000051
            ],
            [
              315689.12110000383,
              594230.68670000136
            ],
            [
              315685.34370000008,
              594230.44720000029
            ],
            [
              315681.97910000291,
              594229.16200000234
            ],
            [
              315678.48700000253,
              594226.98160000145
            ],
            [
              315675.85610000324,
              594223.84550000355
            ],
            [
              315673.12560000271,
              594219.40519999899
            ],
            [
              315671.7566000009,
              594216.6686000023
            ],
            [
              315669.52100000251,
              594216.32060000114
            ],
            [
              315667.87210000213,
              594216.70670000091
            ],
            [
              315664.56990000233,
              594216.22269999981
            ],
            [
              315662.07100000326,
              594218.33710000291
            ],
            [
              315660.41950000264,
              594222.56660000049
            ],
            [
              315658.38310000207,
              594224.81790000387
            ],
            [
              315654.7622000007,
              594225.4924999997
            ],
            [
              315653.33260000218,
              594226.52390000224
            ],
            [
              315651.24350000173,
              594227.81590000354
            ],
            [
              315647.67499999888,
              594227.3933000043
            ],
            [
              315644.90510000382,
              594226.78650000319
            ],
            [
              315641.99769999925,
              594226.53140000068
            ],
            [
              315639.93970000371,
              594227.70280000195
            ],
            [
              315636.82790000457,
              594228.33819999732
            ],
            [
              315633.26780000329,
              594228.89280000143
            ],
            [
              315629.72640000191,
              594229.16850000434
            ],
            [
              315626.23040000163,
              594228.83070000075
            ],
            [
              315624.07800000161,
              594230.95000000298
            ],
            [
              315620.34360000398,
              594232.35840000026
            ],
            [
              315618.15840000007,
              594232.10419999994
            ],
            [
              315614.55820000079,
              594232.36040000245
            ],
            [
              315610.47100000177,
              594233.18680000119
            ],
            [
              315606.19940000027,
              594236.1138000004
            ],
            [
              315602.33640000317,
              594236.7199000027
            ],
            [
              315597.69139999989,
              594236.85910000093
            ],
            [
              315592.76040000189,
              594235.84960000217
            ],
            [
              315589.86670000013,
              594232.53310000338
            ],
            [
              315586.00140000228,
              594231.73399999924
            ],
            [
              315582.30350000598,
              594230.55580000207
            ],
            [
              315579.03780000284,
              594228.877700001
            ],
            [
              315571.63750000391,
              594225.70920000039
            ],
            [
              315569.07880000584,
              594219.30680000037
            ],
            [
              315566.05520000216,
              594214.04970000312
            ],
            [
              315562.20910000242,
              594211.52070000395
            ],
            [
              315558.45930000208,
              594212.39920000359
            ],
            [
              315553.48359999899,
              594214.54270000383
            ],
            [
              315550.79750000313,
              594216.57860000245
            ],
            [
              315549.41290000267,
              594224.70730000362
            ],
            [
              315547.52860000078,
              594228.41230000183
            ],
            [
              315541.28630000353,
              594233.25410000235
            ],
            [
              315534.1071999995,
              594235.61490000039
            ],
            [
              315527.4242000021,
              594241.63020000234
            ],
            [
              315525.54130000155,
              594243.26000000164
            ],
            [
              315520.8476000037,
              594244.52200000361
            ],
            [
              315519.24740000162,
              594253.40550000034
            ],
            [
              315517.59260000102,
              594260.10689999908
            ],
            [
              315514.76070000138,
              594270.5373999998
            ],
            [
              315512.02170000318,
              594277.01400000229
            ],
            [
              315507.13710000552,
              594281.01880000159
            ],
            [
              315500.36500000022,
              594284.37960000336
            ],
            [
              315496.3973000031,
              594287.71100000106
            ],
            [
              315493.259200003,
              594290.74700000137
            ],
            [
              315492.16050000396,
              594295.4868999999
            ],
            [
              315492.43560000043,
              594301.14330000058
            ],
            [
              315488.78120000381,
              594306.70690000243
            ],
            [
              315484.33470000234,
              594309.08800000139
            ],
            [
              315479.11980000418,
              594310.3694000002
            ],
            [
              315476.26700000186,
              594313.54900000058
            ],
            [
              315473.7332000006,
              594315.60529999994
            ]
          ]
        ]
      }
    }
  ]
}