{
  "displayFieldName" : "",
  "fieldAliases" : {
    "FID" : "FID",
    "PMNTN_SN" : "PMNTN_SN",
    "MNTN_CODE" : "MNTN_CODE",
    "MNTN_NM" : "MNTN_NM",
    "PMNTN_NM" : "PMNTN_NM",
    "PMNTN_MAIN" : "PMNTN_MAIN",
    "PMNTN_LT" : "PMNTN_LT",
    "PMNTN_DFFL" : "PMNTN_DFFL",
    "PMNTN_UPPL" : "PMNTN_UPPL",
    "PMNTN_GODN" : "PMNTN_GODN",
    "PMNTN_MTRQ" : "PMNTN_MTRQ",
    "PMNTN_CNRL" : "PMNTN_CNRL",
    "PMNTN_CLS_" : "PMNTN_CLS_",
    "PMNTN_RISK" : "PMNTN_RISK",
    "PMNTN_RECO" : "PMNTN_RECO",
    "DATA_STDR_" : "DATA_STDR_",
    "MNTN_ID" : "MNTN_ID"
  },
  "geometryType" : "esriGeometryPolyline",
  "spatialReference" : {
    "wkt" : "PROJCS[\"PCS_ITRF2000_TM\",GEOGCS[\"GCS_ITRF_2000\",DATUM[\"D_ITRF_2000\",SPHEROID[\"GRS_1980\",6378137.0,298.257222101]],PRIMEM[\"Greenwich\",0.0],UNIT[\"Degree\",0.0174532925199433]],PROJECTION[\"Transverse_Mercator\"],PARAMETER[\"False_Easting\",200000.0],PARAMETER[\"False_Northing\",600000.0],PARAMETER[\"Central_Meridian\",127.0],PARAMETER[\"Scale_Factor\",1.0],PARAMETER[\"Latitude_Of_Origin\",38.0],UNIT[\"Meter\",1.0]]"
  },
  "fields" : [
    {
      "name" : "FID",
      "type" : "esriFieldTypeOID",
      "alias" : "FID"
    },
    {
      "name" : "PMNTN_SN",
      "type" : "esriFieldTypeDouble",
      "alias" : "PMNTN_SN"
    },
    {
      "name" : "MNTN_CODE",
      "type" : "esriFieldTypeString",
      "alias" : "MNTN_CODE",
      "length" : 9
    },
    {
      "name" : "MNTN_NM",
      "type" : "esriFieldTypeString",
      "alias" : "MNTN_NM",
      "length" : 50
    },
    {
      "name" : "PMNTN_NM",
      "type" : "esriFieldTypeString",
      "alias" : "PMNTN_NM",
      "length" : 50
    },
    {
      "name" : "PMNTN_MAIN",
      "type" : "esriFieldTypeString",
      "alias" : "PMNTN_MAIN",
      "length" : 200
    },
    {
      "name" : "PMNTN_LT",
      "type" : "esriFieldTypeSingle",
      "alias" : "PMNTN_LT"
    },
    {
      "name" : "PMNTN_DFFL",
      "type" : "esriFieldTypeString",
      "alias" : "PMNTN_DFFL",
      "length" : 8
    },
    {
      "name" : "PMNTN_UPPL",
      "type" : "esriFieldTypeDouble",
      "alias" : "PMNTN_UPPL"
    },
    {
      "name" : "PMNTN_GODN",
      "type" : "esriFieldTypeDouble",
      "alias" : "PMNTN_GODN"
    },
    {
      "name" : "PMNTN_MTRQ",
      "type" : "esriFieldTypeString",
      "alias" : "PMNTN_MTRQ",
      "length" : 200
    },
    {
      "name" : "PMNTN_CNRL",
      "type" : "esriFieldTypeString",
      "alias" : "PMNTN_CNRL",
      "length" : 1
    },
    {
      "name" : "PMNTN_CLS_",
      "type" : "esriFieldTypeString",
      "alias" : "PMNTN_CLS_",
      "length" : 1
    },
    {
      "name" : "PMNTN_RISK",
      "type" : "esriFieldTypeString",
      "alias" : "PMNTN_RISK",
      "length" : 200
    },
    {
      "name" : "PMNTN_RECO",
      "type" : "esriFieldTypeString",
      "alias" : "PMNTN_RECO",
      "length" : 1
    },
    {
      "name" : "DATA_STDR_",
      "type" : "esriFieldTypeString",
      "alias" : "DATA_STDR_",
      "length" : 10
    },
    {
      "name" : "MNTN_ID",
      "type" : "esriFieldTypeString",
      "alias" : "MNTN_ID",
      "length" : 10
    }
  ],
  "features" : [
    {
      "attributes" : {
        "FID" : 0,
        "PMNTN_SN" : 11121,
        "MNTN_CODE" : "457700701",
        "MNTN_NM" : "대동산",
        "PMNTN_NM" : "남계리구간",
        "PMNTN_MAIN" : " ",
        "PMNTN_LT" : 0.04,
        "PMNTN_DFFL" : "쉬움",
        "PMNTN_UPPL" : 1,
        "PMNTN_GODN" : 0,
        "PMNTN_MTRQ" : " ",
        "PMNTN_CNRL" : " ",
        "PMNTN_CLS_" : " ",
        "PMNTN_RISK" : " ",
        "PMNTN_RECO" : " ",
        "DATA_STDR_" : "2016-12-31",
        "MNTN_ID" : "457700701"
      },
      "geometry" : {
        "paths" : [
          [
            [
              213543.8610000005,
              307946.73710000142
            ],
            [
              213555.02020000108,
              307948.90670000389
            ],
            [
              213563.46090000123,
              307951.36449999921
            ],
            [
              213568.8872000007,
              307952.90139999986
            ],
            [
              213574.01630000118,
              307953.53109999746
            ],
            [
              213576.7424000008,
              307951.73350000568
            ],
            [
              213578.87090000138,
              307948.72530000098
            ]
          ]
        ]
      }
    },
    {
      "attributes" : {
        "FID" : 1,
        "PMNTN_SN" : 11122,
        "MNTN_CODE" : "457700701",
        "MNTN_NM" : "대동산",
        "PMNTN_NM" : "남계리구간",
        "PMNTN_MAIN" : " ",
        "PMNTN_LT" : 0.11,
        "PMNTN_DFFL" : "쉬움",
        "PMNTN_UPPL" : 2,
        "PMNTN_GODN" : 1,
        "PMNTN_MTRQ" : " ",
        "PMNTN_CNRL" : " ",
        "PMNTN_CLS_" : " ",
        "PMNTN_RISK" : " ",
        "PMNTN_RECO" : " ",
        "DATA_STDR_" : "2016-12-31",
        "MNTN_ID" : "457700701"
      },
      "geometry" : {
        "paths" : [
          [
            [
              213578.87090000138,
              307948.72530000098
            ],
            [
              213586.15580000263,
              307940.91280000098
            ],
            [
              213593.74110000301,
              307933.40379999951
            ],
            [
              213601.92409999948,
              307927.10529999994
            ],
            [
              213607.68900000025,
              307921.39840000123
            ],
            [
              213607.70270000026,
              307918.68139999919
            ],
            [
              213608.01829999872,
              307915.96600000001
            ],
            [
              213611.66080000158,
              307912.05969999731
            ],
            [
              213616.79900000338,
              307910.87810000032
            ],
            [
              213623.15690000076,
              307907.28750000149
            ],
            [
              213630.12620000076,
              307902.19040000066
            ],
            [
              213633.75960000325,
              307900.09549999982
            ],
            [
              213637.98900000192,
              307899.51310000196
            ],
            [
              213643.13330000173,
              307897.12390000187
            ],
            [
              213658.57840000279,
              307887.54130000062
            ],
            [
              213665.84809999913,
              307882.74770000204
            ]
          ]
        ]
      }
    },
    {
      "attributes" : {
        "FID" : 2,
        "PMNTN_SN" : 11123,
        "MNTN_CODE" : "457700701",
        "MNTN_NM" : "대동산",
        "PMNTN_NM" : "남계리구간",
        "PMNTN_MAIN" : " ",
        "PMNTN_LT" : 0.08,
        "PMNTN_DFFL" : "쉬움",
        "PMNTN_UPPL" : 1,
        "PMNTN_GODN" : 1,
        "PMNTN_MTRQ" : " ",
        "PMNTN_CNRL" : " ",
        "PMNTN_CLS_" : " ",
        "PMNTN_RISK" : " ",
        "PMNTN_RECO" : " ",
        "DATA_STDR_" : "2016-12-31",
        "MNTN_ID" : "457700701"
      },
      "geometry" : {
        "paths" : [
          [
            [
              213665.84809999913,
              307882.74770000204
            ],
            [
              213675.84240000136,
              307876.45840000361
            ],
            [
              213684.02390000038,
              307870.46180000156
            ],
            [
              213689.79480000027,
              307863.54729999974
            ],
            [
              213694.97109999973,
              307854.81850000098
            ],
            [
              213700.46150000021,
              307843.6761000026
            ],
            [
              213705.03409999982,
              307834.94420000166
            ],
            [
              213708.69179999921,
              307828.01910000108
            ],
            [
              213711.42709999997,
              307824.41019999981
            ],
            [
              213713.24300000351,
              307823.51369999908
            ],
            [
              213715.3562000012,
              307823.52439999953
            ]
          ]
        ]
      }
    },
    {
      "attributes" : {
        "FID" : 3,
        "PMNTN_SN" : 11124,
        "MNTN_CODE" : "457700701",
        "MNTN_NM" : "대동산",
        "PMNTN_NM" : "남계리구간",
        "PMNTN_MAIN" : " ",
        "PMNTN_LT" : 0.41,
        "PMNTN_DFFL" : "쉬움",
        "PMNTN_UPPL" : 7,
        "PMNTN_GODN" : 5,
        "PMNTN_MTRQ" : " ",
        "PMNTN_CNRL" : " ",
        "PMNTN_CLS_" : " ",
        "PMNTN_RISK" : " ",
        "PMNTN_RECO" : " ",
        "DATA_STDR_" : "2016-12-31",
        "MNTN_ID" : "457700701"
      },
      "geometry" : {
        "paths" : [
          [
            [
              213715.3562000012,
              307823.52439999953
            ],
            [
              213715.33180000074,
              307828.35460000113
            ],
            [
              213714.10140000004,
              307832.87680000253
            ],
            [
              213712.861800001,
              307839.21030000038
            ],
            [
              213709.51510000043,
              307844.32560000382
            ],
            [
              213706.78440000024,
              307847.0289000012
            ],
            [
              213704.65440000221,
              307850.33900000155
            ],
            [
              213705.8422000017,
              307854.26960000023
            ],
            [
              213707.3348000003,
              307857.5979999993
            ],
            [
              213713.35429999884,
              307861.25120000169
            ],
            [
              213719.38289999962,
              307863.09300000034
            ],
            [
              213725.41910000052,
              307863.42540000193
            ],
            [
              213730.2508000005,
              307863.14790000208
            ],
            [
              213735.70010000002,
              307860.15650000051
            ],
            [
              213742.35530000273,
              307857.4729999993
            ],
            [
              213745.98099999968,
              307856.88749999925
            ],
            [
              213750.20290000271,
              307857.81460000016
            ],
            [
              213756.52420000173,
              307861.46920000017
            ],
            [
              213764.33669999987,
              307868.75420000032
            ],
            [
              213765.2256000014,
              307872.07950000092
            ],
            [
              213763.98599999957,
              307878.41310000047
            ],
            [
              213761.84839999955,
              307883.23260000348
            ],
            [
              213760.90920000058,
              307889.86960000172
            ],
            [
              213761.48860000074,
              307894.70280000009
            ],
            [
              213764.17960000038,
              307899.84860000201
            ],
            [
              213765.95739999879,
              307906.49930000119
            ],
            [
              213770.72819999978,
              307918.29730000533
            ],
            [
              213772.79870000202,
              307926.76090000011
            ],
            [
              213772.40070000198,
              307945.77830000222
            ],
            [
              213772.07899999991,
              307949.70130000263
            ],
            [
              213768.44720000029,
              307951.49430000037
            ],
            [
              213752.45019999985,
              307950.80969999917
            ],
            [
              213748.53630000353,
              307948.67670000158
            ],
            [
              213741.00440000091,
              307945.61969999969
            ],
            [
              213737.07830000017,
              307945.90169999935
            ],
            [
              213729.52049999963,
              307947.97680000216
            ],
            [
              213725.89779999945,
              307947.95849999972
            ],
            [
              213723.49340000097,
              307945.8331000004
            ],
            [
              213722.00070000347,
              307942.50470000133
            ],
            [
              213721.75070000254,
              307932.23900000006
            ],
            [
              213721.16980000027,
              307927.70760000125
            ],
            [
              213719.36300000362,
              307926.79280000739
            ],
            [
              213716.6491000019,
              307926.17530000024
            ],
            [
              213713.62560000177,
              307927.06580000184
            ],
            [
              213660.88670000248,
              307968.46089999937
            ],
            [
              213654.22230000142,
              307972.95570000075
            ],
            [
              213648.16630000062,
              307976.54779999889
            ],
            [
              213642.41670000274,
              307979.23590000346
            ],
            [
              213619.74760000315,
              307984.55550000072
            ],
            [
              213605.83490000013,
              307989.61740000173
            ],
            [
              213590.39900000021,
              307997.38869999722
            ]
          ]
        ]
      }
    },
    {
      "attributes" : {
        "FID" : 4,
        "PMNTN_SN" : 11125,
        "MNTN_CODE" : "457700701",
        "MNTN_NM" : "대동산",
        "PMNTN_NM" : "남계리구간",
        "PMNTN_MAIN" : " ",
        "PMNTN_LT" : 0.14,
        "PMNTN_DFFL" : "쉬움",
        "PMNTN_UPPL" : 2,
        "PMNTN_GODN" : 2,
        "PMNTN_MTRQ" : " ",
        "PMNTN_CNRL" : " ",
        "PMNTN_CLS_" : " ",
        "PMNTN_RISK" : " ",
        "PMNTN_RECO" : " ",
        "DATA_STDR_" : "2016-12-31",
        "MNTN_ID" : "457700701"
      },
      "geometry" : {
        "paths" : [
          [
            [
              213578.87090000138,
              307948.72530000098
            ],
            [
              213573.47350000124,
              307941.45260000415
            ],
            [
              213568.7012000028,
              307929.95639999956
            ],
            [
              213562.73060000036,
              307916.6428999994
            ],
            [
              213560.95579999872,
              307909.38840000145
            ],
            [
              213560.99239999894,
              307902.14310000092
            ],
            [
              213562.22589999996,
              307897.01710000075
            ],
            [
              213566.18549999874,
              307890.09350000136
            ],
            [
              213589.03599999938,
              307848.84929999895
            ],
            [
              213593.59790000133,
              307842.23060000315
            ],
            [
              213597.23730000108,
              307838.92820000276
            ],
            [
              213602.68040000368,
              307837.1443000026
            ],
            [
              213609.64059999958,
              307833.85860000178
            ]
          ]
        ]
      }
    },
    {
      "attributes" : {
        "FID" : 5,
        "PMNTN_SN" : 11126,
        "MNTN_CODE" : "457700701",
        "MNTN_NM" : "대동산",
        "PMNTN_NM" : "남계리구간",
        "PMNTN_MAIN" : " ",
        "PMNTN_LT" : 0.08,
        "PMNTN_DFFL" : "쉬움",
        "PMNTN_UPPL" : 1,
        "PMNTN_GODN" : 1,
        "PMNTN_MTRQ" : " ",
        "PMNTN_CNRL" : " ",
        "PMNTN_CLS_" : " ",
        "PMNTN_RISK" : " ",
        "PMNTN_RECO" : " ",
        "DATA_STDR_" : "2016-12-31",
        "MNTN_ID" : "457700701"
      },
      "geometry" : {
        "paths" : [
          [
            [
              213609.64059999958,
              307833.85860000178
            ],
            [
              213617.76260000281,
              307839.63560000062
            ],
            [
              213625.2854000004,
              307844.50400000624
            ],
            [
              213635.5252000019,
              307849.38599999994
            ],
            [
              213641.84350000136,
              307853.6445000004
            ],
            [
              213648.75140000135,
              307860.02090000175
            ],
            [
              213657.1574000027,
              307870.02420000173
            ],
            [
              213663.16009999998,
              307876.99810000323
            ],
            [
              213665.84809999913,
              307882.74770000204
            ]
          ]
        ]
      }
    },
    {
      "attributes" : {
        "FID" : 6,
        "PMNTN_SN" : 11127,
        "MNTN_CODE" : "457700701",
        "MNTN_NM" : "대동산",
        "PMNTN_NM" : "창신리구간",
        "PMNTN_MAIN" : " ",
        "PMNTN_LT" : 0.3,
        "PMNTN_DFFL" : "쉬움",
        "PMNTN_UPPL" : 5,
        "PMNTN_GODN" : 4,
        "PMNTN_MTRQ" : " ",
        "PMNTN_CNRL" : " ",
        "PMNTN_CLS_" : " ",
        "PMNTN_RISK" : " ",
        "PMNTN_RECO" : " ",
        "DATA_STDR_" : "2016-12-31",
        "MNTN_ID" : "457700701"
      },
      "geometry" : {
        "paths" : [
          [
            [
              213609.64059999958,
              307833.85860000178
            ],
            [
              213621.17119999975,
              307824.33369999938
            ],
            [
              213632.22470000386,
              307814.88450000435
            ],
            [
              213642.52660000045,
              307805.68160000443
            ],
            [
              213660.34240000043,
              307794.51569999941
            ],
            [
              213674.66140000056,
              307782.33149999939
            ],
            [
              213687.98130000103,
              307769.89220000245
            ],
            [
              213699.29630000051,
              307758.19319999963
            ],
            [
              213708.61030000355,
              307746.48399999738
            ],
            [
              213711.88090000115,
              307742.74860000052
            ],
            [
              213715.14140000008,
              307741.01410000212
            ],
            [
              213720.40160000417,
              307739.53989999928
            ],
            [
              213735.15140000172,
              307741.11519999988
            ],
            [
              213753.63040000387,
              307747.21170000173
            ],
            [
              213765.61500000022,
              307751.5244999975
            ],
            [
              213770.09829999972,
              307755.29910000041
            ],
            [
              213772.57430000044,
              307760.3142000027
            ],
            [
              213773.54440000188,
              307766.32230000384
            ],
            [
              213772.0298000006,
              307769.06609999947
            ],
            [
              213767.51360000018,
              307771.79470000044
            ],
            [
              213763.2564000003,
              307772.77380000055
            ],
            [
              213746.49420000054,
              307773.43950000219
            ],
            [
              213741.98820000049,
              307774.16710000113
            ],
            [
              213738.47630000021,
              307776.15050000139
            ],
            [
              213726.64840000123,
              307790.34820000269
            ],
            [
              213725.8816000009,
              307793.59610000066
            ],
            [
              213725.36490000039,
              307796.84520000033
            ],
            [
              213725.0856999997,
              307802.5968000032
            ],
            [
              213715.3562000012,
              307823.52439999953
            ]
          ]
        ]
      }
    },
    {
      "attributes" : {
        "FID" : 7,
        "PMNTN_SN" : 11128,
        "MNTN_CODE" : "457700701",
        "MNTN_NM" : "대동산",
        "PMNTN_NM" : "남계리구간",
        "PMNTN_MAIN" : " ",
        "PMNTN_LT" : 0.12,
        "PMNTN_DFFL" : "쉬움",
        "PMNTN_UPPL" : 2,
        "PMNTN_GODN" : 1,
        "PMNTN_MTRQ" : " ",
        "PMNTN_CNRL" : " ",
        "PMNTN_CLS_" : " ",
        "PMNTN_RISK" : " ",
        "PMNTN_RECO" : " ",
        "DATA_STDR_" : "2016-12-31",
        "MNTN_ID" : "457700701"
      },
      "geometry" : {
        "paths" : [
          [
            [
              213537.91220000107,
              307916.46190000139
            ],
            [
              213539.81970000081,
              307885.45519999973
            ],
            [
              213542.10369999986,
              307878.96330000274
            ],
            [
              213544.61760000046,
              307876.474700002
            ],
            [
              213549.88280000258,
              307874
            ],
            [
              213567.94620000105,
              307863.33550000191
            ],
            [
              213576.23319999967,
              307856.87399999984
            ],
            [
              213580.26170000155,
              307851.64150000177
            ],
            [
              213583.79260000214,
              307845.90630000085
            ],
            [
              213590.08230000082,
              307838.68429999985
            ],
            [
              213593.85190000106,
              307835.20150000416
            ],
            [
              213596.8610000005,
              307833.71590000018
            ],
            [
              213600.36649999954,
              307832.9832000006
            ],
            [
              213604.12090000231,
              307832.5019000005
            ],
            [
              213609.64059999958,
              307833.85860000178
            ]
          ]
        ]
      }
    }
  ]
}