{
  "displayFieldName" : "",
  "fieldAliases" : {
    "FID" : "FID",
    "PMNTN_SPOT" : "PMNTN_SPOT",
    "MNTN_CODE" : "MNTN_CODE",
    "MANAGE_SP1" : "MANAGE_SP1",
    "MANAGE_SP2" : "MANAGE_SP2",
    "DETAIL_SPO" : "DETAIL_SPO",
    "ETC_MATTER" : "ETC_MATTER",
    "MNTN_NM" : "MNTN_NM",
    "PAST_SPOT_" : "PAST_SPOT_",
    "MNTN_ID" : "MNTN_ID"
  },
  "geometryType" : "esriGeometryPoint",
  "spatialReference" : {
    "wkt" : "PROJCS[\"PCS_ITRF2000_TM\",GEOGCS[\"GCS_ITRF_2000\",DATUM[\"D_ITRF_2000\",SPHEROID[\"GRS_1980\",6378137.0,298.257222101]],PRIMEM[\"Greenwich\",0.0],UNIT[\"Degree\",0.0174532925199433]],PROJECTION[\"Transverse_Mercator\"],PARAMETER[\"False_Easting\",200000.0],PARAMETER[\"False_Northing\",600000.0],PARAMETER[\"Central_Meridian\",127.0],PARAMETER[\"Scale_Factor\",1.0],PARAMETER[\"Latitude_Of_Origin\",38.0],UNIT[\"Meter\",1.0]]"
  },
  "fields" : [
    {
      "name" : "FID",
      "type" : "esriFieldTypeOID",
      "alias" : "FID"
    },
    {
      "name" : "PMNTN_SPOT",
      "type" : "esriFieldTypeDouble",
      "alias" : "PMNTN_SPOT"
    },
    {
      "name" : "MNTN_CODE",
      "type" : "esriFieldTypeString",
      "alias" : "MNTN_CODE",
      "length" : 9
    },
    {
      "name" : "MANAGE_SP1",
      "type" : "esriFieldTypeString",
      "alias" : "MANAGE_SP1",
      "length" : 2
    },
    {
      "name" : "MANAGE_SP2",
      "type" : "esriFieldTypeString",
      "alias" : "MANAGE_SP2",
      "length" : 50
    },
    {
      "name" : "DETAIL_SPO",
      "type" : "esriFieldTypeString",
      "alias" : "DETAIL_SPO",
      "length" : 200
    },
    {
      "name" : "ETC_MATTER",
      "type" : "esriFieldTypeString",
      "alias" : "ETC_MATTER",
      "length" : 200
    },
    {
      "name" : "MNTN_NM",
      "type" : "esriFieldTypeString",
      "alias" : "MNTN_NM",
      "length" : 50
    },
    {
      "name" : "PAST_SPOT_",
      "type" : "esriFieldTypeString",
      "alias" : "PAST_SPOT_",
      "length" : 14
    },
    {
      "name" : "MNTN_ID",
      "type" : "esriFieldTypeString",
      "alias" : "MNTN_ID",
      "length" : 10
    }
  ],
  "features" : [
    {
      "attributes" : {
        "FID" : 0,
        "PMNTN_SPOT" : 27629,
        "MNTN_CODE" : "471900701",
        "MANAGE_SP1" : "01",
        "MANAGE_SP2" : "시종점",
        "DETAIL_SPO" : "시종점",
        "ETC_MATTER" : " ",
        "MNTN_NM" : "매봉산",
        "PAST_SPOT_" : "4719007010001",
        "MNTN_ID" : "471900701"
      },
      "geometry" : {
        "x" : 322042.49190000352,
        "y" : 397656.12410000339
      }
    },
    {
      "attributes" : {
        "FID" : 1,
        "PMNTN_SPOT" : 27630,
        "MNTN_CODE" : "471900701",
        "MANAGE_SP1" : "01",
        "MANAGE_SP2" : "시종점",
        "DETAIL_SPO" : "시종점",
        "ETC_MATTER" : " ",
        "MNTN_NM" : "매봉산",
        "PAST_SPOT_" : "4719007010002",
        "MNTN_ID" : "471900701"
      },
      "geometry" : {
        "x" : 322129.80460000597,
        "y" : 397741.45240000263
      }
    },
    {
      "attributes" : {
        "FID" : 2,
        "PMNTN_SPOT" : 27631,
        "MNTN_CODE" : "471900701",
        "MANAGE_SP1" : "01",
        "MANAGE_SP2" : "시종점",
        "DETAIL_SPO" : "시종점",
        "ETC_MATTER" : " ",
        "MNTN_NM" : "매봉산",
        "PAST_SPOT_" : "4719007010003",
        "MNTN_ID" : "471900701"
      },
      "geometry" : {
        "x" : 322187.18500000425,
        "y" : 397894.71829999983
      }
    },
    {
      "attributes" : {
        "FID" : 3,
        "PMNTN_SPOT" : 27632,
        "MNTN_CODE" : "471900701",
        "MANAGE_SP1" : "01",
        "MANAGE_SP2" : "시종점",
        "DETAIL_SPO" : "시종점",
        "ETC_MATTER" : " ",
        "MNTN_NM" : "매봉산",
        "PAST_SPOT_" : "4719007010004",
        "MNTN_ID" : "471900701"
      },
      "geometry" : {
        "x" : 322210.37040000502,
        "y" : 397841.46509999968
      }
    },
    {
      "attributes" : {
        "FID" : 4,
        "PMNTN_SPOT" : 27633,
        "MNTN_CODE" : "471900701",
        "MANAGE_SP1" : "02",
        "MANAGE_SP2" : "분기점",
        "DETAIL_SPO" : "분기점",
        "ETC_MATTER" : " ",
        "MNTN_NM" : "매봉산",
        "PAST_SPOT_" : "4719007010005",
        "MNTN_ID" : "471900701"
      },
      "geometry" : {
        "x" : 322238.50110000372,
        "y" : 397557.91630000249
      }
    },
    {
      "attributes" : {
        "FID" : 5,
        "PMNTN_SPOT" : 27634,
        "MNTN_CODE" : "471900701",
        "MANAGE_SP1" : "02",
        "MANAGE_SP2" : "분기점",
        "DETAIL_SPO" : "분기점",
        "ETC_MATTER" : " ",
        "MNTN_NM" : "매봉산",
        "PAST_SPOT_" : "4719007010006",
        "MNTN_ID" : "471900701"
      },
      "geometry" : {
        "x" : 322294.50810000394,
        "y" : 397665.64909999818
      }
    },
    {
      "attributes" : {
        "FID" : 6,
        "PMNTN_SPOT" : 27635,
        "MNTN_CODE" : "471900701",
        "MANAGE_SP1" : "01",
        "MANAGE_SP2" : "시종점",
        "DETAIL_SPO" : "시종점",
        "ETC_MATTER" : " ",
        "MNTN_NM" : "매봉산",
        "PAST_SPOT_" : "4719007010007",
        "MNTN_ID" : "471900701"
      },
      "geometry" : {
        "x" : 322340.54570000246,
        "y" : 397323.14530000091
      }
    },
    {
      "attributes" : {
        "FID" : 7,
        "PMNTN_SPOT" : 27636,
        "MNTN_CODE" : "471900701",
        "MANAGE_SP1" : "02",
        "MANAGE_SP2" : "분기점",
        "DETAIL_SPO" : "분기점",
        "ETC_MATTER" : " ",
        "MNTN_NM" : "매봉산",
        "PAST_SPOT_" : "4719007010008",
        "MNTN_ID" : "471900701"
      },
      "geometry" : {
        "x" : 322399.28330000211,
        "y" : 397751.37429999746
      }
    },
    {
      "attributes" : {
        "FID" : 8,
        "PMNTN_SPOT" : 27637,
        "MNTN_CODE" : "471900701",
        "MANAGE_SP1" : "01",
        "MANAGE_SP2" : "시종점",
        "DETAIL_SPO" : "시종점",
        "ETC_MATTER" : " ",
        "MNTN_NM" : "매봉산",
        "PAST_SPOT_" : "4719007010009",
        "MNTN_ID" : "471900701"
      },
      "geometry" : {
        "x" : 322504.85220000427,
        "y" : 397504.91440000013
      }
    },
    {
      "attributes" : {
        "FID" : 9,
        "PMNTN_SPOT" : 27638,
        "MNTN_CODE" : "471900701",
        "MANAGE_SP1" : "02",
        "MANAGE_SP2" : "분기점",
        "DETAIL_SPO" : "분기점",
        "ETC_MATTER" : " ",
        "MNTN_NM" : "매봉산",
        "PAST_SPOT_" : "4719007010010",
        "MNTN_ID" : "471900701"
      },
      "geometry" : {
        "x" : 322537.79290000256,
        "y" : 398234.57050000131
      }
    },
    {
      "attributes" : {
        "FID" : 10,
        "PMNTN_SPOT" : 27639,
        "MNTN_CODE" : "471900701",
        "MANAGE_SP1" : "02",
        "MANAGE_SP2" : "분기점",
        "DETAIL_SPO" : "분기점",
        "ETC_MATTER" : " ",
        "MNTN_NM" : "매봉산",
        "PAST_SPOT_" : "4719007010011",
        "MNTN_ID" : "471900701"
      },
      "geometry" : {
        "x" : 322736.62770000473,
        "y" : 398687.60429999977
      }
    },
    {
      "attributes" : {
        "FID" : 11,
        "PMNTN_SPOT" : 27640,
        "MNTN_CODE" : "471900701",
        "MANAGE_SP1" : "01",
        "MANAGE_SP2" : "시종점",
        "DETAIL_SPO" : "시종점",
        "ETC_MATTER" : " ",
        "MNTN_NM" : "매봉산",
        "PAST_SPOT_" : "4719007010012",
        "MNTN_ID" : "471900701"
      },
      "geometry" : {
        "x" : 322948.85620000493,
        "y" : 398125.35580000095
      }
    },
    {
      "attributes" : {
        "FID" : 12,
        "PMNTN_SPOT" : 27641,
        "MNTN_CODE" : "471900701",
        "MANAGE_SP1" : "01",
        "MANAGE_SP2" : "시종점",
        "DETAIL_SPO" : "시종점",
        "ETC_MATTER" : " ",
        "MNTN_NM" : "매봉산",
        "PAST_SPOT_" : "4719007010013",
        "MNTN_ID" : "471900701"
      },
      "geometry" : {
        "x" : 323538.99640000332,
        "y" : 398102.84450000338
      }
    },
    {
      "attributes" : {
        "FID" : 13,
        "PMNTN_SPOT" : 27642,
        "MNTN_CODE" : "471900701",
        "MANAGE_SP1" : "02",
        "MANAGE_SP2" : "분기점",
        "DETAIL_SPO" : "분기점",
        "ETC_MATTER" : " ",
        "MNTN_NM" : "매봉산",
        "PAST_SPOT_" : "4719007010014",
        "MNTN_ID" : "471900701"
      },
      "geometry" : {
        "x" : 323628.11000000406,
        "y" : 398380.32320000418
      }
    },
    {
      "attributes" : {
        "FID" : 14,
        "PMNTN_SPOT" : 27643,
        "MNTN_CODE" : "471900701",
        "MANAGE_SP1" : "01",
        "MANAGE_SP2" : "시종점",
        "DETAIL_SPO" : "시종점",
        "ETC_MATTER" : " ",
        "MNTN_NM" : "매봉산",
        "PAST_SPOT_" : "4719007010015",
        "MNTN_ID" : "471900701"
      },
      "geometry" : {
        "x" : 323647.84270000271,
        "y" : 398051.9421000015
      }
    }
  ]
}