{
  "displayFieldName" : "",
  "fieldAliases" : {
    "FID" : "FID",
    "PMNTN_SPOT" : "PMNTN_SPOT",
    "MNTN_CODE" : "MNTN_CODE",
    "MANAGE_SP1" : "MANAGE_SP1",
    "MANAGE_SP2" : "MANAGE_SP2",
    "DETAIL_SPO" : "DETAIL_SPO",
    "ETC_MATTER" : "ETC_MATTER",
    "MNTN_NM" : "MNTN_NM",
    "PAST_SPOT_" : "PAST_SPOT_",
    "MNTN_ID" : "MNTN_ID"
  },
  "geometryType" : "esriGeometryPoint",
  "spatialReference" : {
    "wkt" : "PROJCS[\"PCS_ITRF2000_TM\",GEOGCS[\"GCS_ITRF_2000\",DATUM[\"D_ITRF_2000\",SPHEROID[\"GRS_1980\",6378137.0,298.257222101]],PRIMEM[\"Greenwich\",0.0],UNIT[\"Degree\",0.0174532925199433]],PROJECTION[\"Transverse_Mercator\"],PARAMETER[\"False_Easting\",200000.0],PARAMETER[\"False_Northing\",600000.0],PARAMETER[\"Central_Meridian\",127.0],PARAMETER[\"Scale_Factor\",1.0],PARAMETER[\"Latitude_Of_Origin\",38.0],UNIT[\"Meter\",1.0]]"
  },
  "fields" : [
    {
      "name" : "FID",
      "type" : "esriFieldTypeOID",
      "alias" : "FID"
    },
    {
      "name" : "PMNTN_SPOT",
      "type" : "esriFieldTypeDouble",
      "alias" : "PMNTN_SPOT"
    },
    {
      "name" : "MNTN_CODE",
      "type" : "esriFieldTypeString",
      "alias" : "MNTN_CODE",
      "length" : 9
    },
    {
      "name" : "MANAGE_SP1",
      "type" : "esriFieldTypeString",
      "alias" : "MANAGE_SP1",
      "length" : 2
    },
    {
      "name" : "MANAGE_SP2",
      "type" : "esriFieldTypeString",
      "alias" : "MANAGE_SP2",
      "length" : 50
    },
    {
      "name" : "DETAIL_SPO",
      "type" : "esriFieldTypeString",
      "alias" : "DETAIL_SPO",
      "length" : 200
    },
    {
      "name" : "ETC_MATTER",
      "type" : "esriFieldTypeString",
      "alias" : "ETC_MATTER",
      "length" : 200
    },
    {
      "name" : "MNTN_NM",
      "type" : "esriFieldTypeString",
      "alias" : "MNTN_NM",
      "length" : 50
    },
    {
      "name" : "PAST_SPOT_",
      "type" : "esriFieldTypeString",
      "alias" : "PAST_SPOT_",
      "length" : 14
    },
    {
      "name" : "MNTN_ID",
      "type" : "esriFieldTypeString",
      "alias" : "MNTN_ID",
      "length" : 10
    }
  ],
  "features" : [
    {
      "attributes" : {
        "FID" : 0,
        "PMNTN_SPOT" : 55846,
        "MNTN_CODE" : "281700201",
        "MANAGE_SP1" : "99",
        "MANAGE_SP2" : "기타",
        "DETAIL_SPO" : "목계단, 전경",
        "ETC_MATTER" : " ",
        "MNTN_NM" : "승학산",
        "PAST_SPOT_" : "2817002010001",
        "MNTN_ID" : "281700201"
      },
      "geometry" : {
        "x" : 172899.20670000091,
        "y" : 537768.94100000151
      }
    },
    {
      "attributes" : {
        "FID" : 1,
        "PMNTN_SPOT" : 55847,
        "MNTN_CODE" : "281700201",
        "MANAGE_SP1" : "99",
        "MANAGE_SP2" : "기타",
        "DETAIL_SPO" : "서부공원사업소",
        "ETC_MATTER" : " ",
        "MNTN_NM" : "승학산",
        "PAST_SPOT_" : "2817002010002",
        "MNTN_ID" : "281700201"
      },
      "geometry" : {
        "x" : 172831.17740000132,
        "y" : 537809.93680000119
      }
    },
    {
      "attributes" : {
        "FID" : 2,
        "PMNTN_SPOT" : 55848,
        "MNTN_CODE" : "281700201",
        "MANAGE_SP1" : "99",
        "MANAGE_SP2" : "기타",
        "DETAIL_SPO" : "예비군훈련장 사격장",
        "ETC_MATTER" : " ",
        "MNTN_NM" : "승학산",
        "PAST_SPOT_" : "2817002010003",
        "MNTN_ID" : "281700201"
      },
      "geometry" : {
        "x" : 172628.54030000232,
        "y" : 537971.4737999998
      }
    },
    {
      "attributes" : {
        "FID" : 3,
        "PMNTN_SPOT" : 55849,
        "MNTN_CODE" : "281700201",
        "MANAGE_SP1" : "99",
        "MANAGE_SP2" : "기타",
        "DETAIL_SPO" : "주안예비군훈련장사격장",
        "ETC_MATTER" : " ",
        "MNTN_NM" : "승학산",
        "PAST_SPOT_" : "2817002010004",
        "MNTN_ID" : "281700201"
      },
      "geometry" : {
        "x" : 172738.20990000013,
        "y" : 538057.38010000065
      }
    },
    {
      "attributes" : {
        "FID" : 4,
        "PMNTN_SPOT" : 55850,
        "MNTN_CODE" : "281700201",
        "MANAGE_SP1" : "06",
        "MANAGE_SP2" : "음수대",
        "DETAIL_SPO" : "약수터1, 배드민턴장",
        "ETC_MATTER" : " ",
        "MNTN_NM" : "승학산",
        "PAST_SPOT_" : "2817002010005",
        "MNTN_ID" : "281700201"
      },
      "geometry" : {
        "x" : 172693.74380000122,
        "y" : 538162.35960000008
      }
    },
    {
      "attributes" : {
        "FID" : 5,
        "PMNTN_SPOT" : 55851,
        "MNTN_CODE" : "281700201",
        "MANAGE_SP1" : "06",
        "MANAGE_SP2" : "음수대",
        "DETAIL_SPO" : "약수터2",
        "ETC_MATTER" : " ",
        "MNTN_NM" : "승학산",
        "PAST_SPOT_" : "2817002010006",
        "MNTN_ID" : "281700201"
      },
      "geometry" : {
        "x" : 172664.86359999981,
        "y" : 538204.22410000116
      }
    },
    {
      "attributes" : {
        "FID" : 6,
        "PMNTN_SPOT" : 55852,
        "MNTN_CODE" : "281700201",
        "MANAGE_SP1" : "99",
        "MANAGE_SP2" : "기타",
        "DETAIL_SPO" : "목다리1, 목계단1",
        "ETC_MATTER" : " ",
        "MNTN_NM" : "승학산",
        "PAST_SPOT_" : "2817002010007",
        "MNTN_ID" : "281700201"
      },
      "geometry" : {
        "x" : 172579.9513000017,
        "y" : 538245.77050000243
      }
    },
    {
      "attributes" : {
        "FID" : 7,
        "PMNTN_SPOT" : 55853,
        "MNTN_CODE" : "281700201",
        "MANAGE_SP1" : "99",
        "MANAGE_SP2" : "기타",
        "DETAIL_SPO" : "중앙배드민턴장",
        "ETC_MATTER" : " ",
        "MNTN_NM" : "승학산",
        "PAST_SPOT_" : "2817002010008",
        "MNTN_ID" : "281700201"
      },
      "geometry" : {
        "x" : 172480.36230000108,
        "y" : 538290.04530000314
      }
    },
    {
      "attributes" : {
        "FID" : 8,
        "PMNTN_SPOT" : 55854,
        "MNTN_CODE" : "281700201",
        "MANAGE_SP1" : "01",
        "MANAGE_SP2" : "시종점",
        "DETAIL_SPO" : "주안예비군훈련장 정문",
        "ETC_MATTER" : " ",
        "MNTN_NM" : "승학산",
        "PAST_SPOT_" : "2817002010009",
        "MNTN_ID" : "281700201"
      },
      "geometry" : {
        "x" : 172442.83340000082,
        "y" : 538298.77910000272
      }
    },
    {
      "attributes" : {
        "FID" : 9,
        "PMNTN_SPOT" : 55855,
        "MNTN_CODE" : "281700201",
        "MANAGE_SP1" : "99",
        "MANAGE_SP2" : "기타",
        "DETAIL_SPO" : "예비군훈련장소",
        "ETC_MATTER" : " ",
        "MNTN_NM" : "승학산",
        "PAST_SPOT_" : "2817002010010",
        "MNTN_ID" : "281700201"
      },
      "geometry" : {
        "x" : 172412.98120000027,
        "y" : 538132.67710000277
      }
    },
    {
      "attributes" : {
        "FID" : 10,
        "PMNTN_SPOT" : 55856,
        "MNTN_CODE" : "281700201",
        "MANAGE_SP1" : "16",
        "MANAGE_SP2" : "주요나무",
        "DETAIL_SPO" : "서낭나무",
        "ETC_MATTER" : " ",
        "MNTN_NM" : "승학산",
        "PAST_SPOT_" : "2817002010011",
        "MNTN_ID" : "281700201"
      },
      "geometry" : {
        "x" : 172381.11780000199,
        "y" : 538019.17590000108
      }
    },
    {
      "attributes" : {
        "FID" : 11,
        "PMNTN_SPOT" : 55857,
        "MNTN_CODE" : "281700201",
        "MANAGE_SP1" : "99",
        "MANAGE_SP2" : "기타",
        "DETAIL_SPO" : "인천향교뒷편",
        "ETC_MATTER" : " ",
        "MNTN_NM" : "승학산",
        "PAST_SPOT_" : "2817002010012",
        "MNTN_ID" : "281700201"
      },
      "geometry" : {
        "x" : 172297.25169999991,
        "y" : 537864.4776000008
      }
    },
    {
      "attributes" : {
        "FID" : 12,
        "PMNTN_SPOT" : 55858,
        "MNTN_CODE" : "281700201",
        "MANAGE_SP1" : "99",
        "MANAGE_SP2" : "기타",
        "DETAIL_SPO" : "우물",
        "ETC_MATTER" : " ",
        "MNTN_NM" : "승학산",
        "PAST_SPOT_" : "2817002010013",
        "MNTN_ID" : "281700201"
      },
      "geometry" : {
        "x" : 172353.80690000206,
        "y" : 537891.90090000071
      }
    },
    {
      "attributes" : {
        "FID" : 13,
        "PMNTN_SPOT" : 55859,
        "MNTN_CODE" : "281700201",
        "MANAGE_SP1" : "01",
        "MANAGE_SP2" : "시종점",
        "DETAIL_SPO" : "전통문화한마당",
        "ETC_MATTER" : " ",
        "MNTN_NM" : "승학산",
        "PAST_SPOT_" : "2817002010014",
        "MNTN_ID" : "281700201"
      },
      "geometry" : {
        "x" : 172481.43370000087,
        "y" : 537726.65240000375
      }
    },
    {
      "attributes" : {
        "FID" : 14,
        "PMNTN_SPOT" : 55860,
        "MNTN_CODE" : "281700201",
        "MANAGE_SP1" : "99",
        "MANAGE_SP2" : "기타",
        "DETAIL_SPO" : "배드민턴장",
        "ETC_MATTER" : " ",
        "MNTN_NM" : "승학산",
        "PAST_SPOT_" : "2817002010015",
        "MNTN_ID" : "281700201"
      },
      "geometry" : {
        "x" : 172465.9112999998,
        "y" : 537912.04280000366
      }
    },
    {
      "attributes" : {
        "FID" : 15,
        "PMNTN_SPOT" : 55861,
        "MNTN_CODE" : "281700201",
        "MANAGE_SP1" : "99",
        "MANAGE_SP2" : "기타",
        "DETAIL_SPO" : "목다리",
        "ETC_MATTER" : " ",
        "MNTN_NM" : "승학산",
        "PAST_SPOT_" : "2817002010016",
        "MNTN_ID" : "281700201"
      },
      "geometry" : {
        "x" : 172562.30570000131,
        "y" : 537914.48809999973
      }
    },
    {
      "attributes" : {
        "FID" : 16,
        "PMNTN_SPOT" : 55862,
        "MNTN_CODE" : "281700201",
        "MANAGE_SP1" : "06",
        "MANAGE_SP2" : "음수대",
        "DETAIL_SPO" : "약수터",
        "ETC_MATTER" : " ",
        "MNTN_NM" : "승학산",
        "PAST_SPOT_" : "2817002010017",
        "MNTN_ID" : "281700201"
      },
      "geometry" : {
        "x" : 172695.54870000109,
        "y" : 537850.43790000305
      }
    },
    {
      "attributes" : {
        "FID" : 17,
        "PMNTN_SPOT" : 55863,
        "MNTN_CODE" : "281700201",
        "MANAGE_SP1" : "99",
        "MANAGE_SP2" : "기타",
        "DETAIL_SPO" : "문성배드민턴클럽",
        "ETC_MATTER" : " ",
        "MNTN_NM" : "승학산",
        "PAST_SPOT_" : "2817002010018",
        "MNTN_ID" : "281700201"
      },
      "geometry" : {
        "x" : 172769.1464999998,
        "y" : 537974.9207000006
      }
    },
    {
      "attributes" : {
        "FID" : 18,
        "PMNTN_SPOT" : 55864,
        "MNTN_CODE" : "281700201",
        "MANAGE_SP1" : "99",
        "MANAGE_SP2" : "기타",
        "DETAIL_SPO" : "목다리2, 목계단3",
        "ETC_MATTER" : " ",
        "MNTN_NM" : "승학산",
        "PAST_SPOT_" : "2817002010019",
        "MNTN_ID" : "281700201"
      },
      "geometry" : {
        "x" : 172500.96470000036,
        "y" : 538293.56820000149
      }
    },
    {
      "attributes" : {
        "FID" : 19,
        "PMNTN_SPOT" : 55865,
        "MNTN_CODE" : "281700201",
        "MANAGE_SP1" : "18",
        "MANAGE_SP2" : "주차장",
        "DETAIL_SPO" : "주안예비군훈련장주차장",
        "ETC_MATTER" : " ",
        "MNTN_NM" : "승학산",
        "PAST_SPOT_" : "2817002010020",
        "MNTN_ID" : "281700201"
      },
      "geometry" : {
        "x" : 172415.52730000112,
        "y" : 538364.2359000016
      }
    },
    {
      "attributes" : {
        "FID" : 20,
        "PMNTN_SPOT" : 55866,
        "MNTN_CODE" : "281700201",
        "MANAGE_SP1" : "01",
        "MANAGE_SP2" : "시종점",
        "DETAIL_SPO" : "신비마을아파트놀이터",
        "ETC_MATTER" : " ",
        "MNTN_NM" : "승학산",
        "PAST_SPOT_" : "2817002010021",
        "MNTN_ID" : "281700201"
      },
      "geometry" : {
        "x" : 172320.28490000032,
        "y" : 538497.03660000116
      }
    },
    {
      "attributes" : {
        "FID" : 21,
        "PMNTN_SPOT" : 55867,
        "MNTN_CODE" : "281700201",
        "MANAGE_SP1" : "99",
        "MANAGE_SP2" : "기타",
        "DETAIL_SPO" : "예비군훈련장",
        "ETC_MATTER" : " ",
        "MNTN_NM" : "승학산",
        "PAST_SPOT_" : "2817002010022",
        "MNTN_ID" : "281700201"
      },
      "geometry" : {
        "x" : 172470.40830000211,
        "y" : 537948.5418000035
      }
    },
    {
      "attributes" : {
        "FID" : 22,
        "PMNTN_SPOT" : 55868,
        "MNTN_CODE" : "281700201",
        "MANAGE_SP1" : "99",
        "MANAGE_SP2" : "기타",
        "DETAIL_SPO" : "예비군훈련장",
        "ETC_MATTER" : " ",
        "MNTN_NM" : "승학산",
        "PAST_SPOT_" : "2817002010023",
        "MNTN_ID" : "281700201"
      },
      "geometry" : {
        "x" : 172419.74930000026,
        "y" : 537969.94750000164
      }
    },
    {
      "attributes" : {
        "FID" : 23,
        "PMNTN_SPOT" : 55869,
        "MNTN_CODE" : "281700201",
        "MANAGE_SP1" : "06",
        "MANAGE_SP2" : "음수대",
        "DETAIL_SPO" : "문학약수터",
        "ETC_MATTER" : " ",
        "MNTN_NM" : "승학산",
        "PAST_SPOT_" : "2817002010024",
        "MNTN_ID" : "281700201"
      },
      "geometry" : {
        "x" : 172376.4271999998,
        "y" : 538000.47410000302
      }
    },
    {
      "attributes" : {
        "FID" : 24,
        "PMNTN_SPOT" : 55870,
        "MNTN_CODE" : "281700201",
        "MANAGE_SP1" : "02",
        "MANAGE_SP2" : "분기점",
        "DETAIL_SPO" : "분기점",
        "ETC_MATTER" : " ",
        "MNTN_NM" : "승학산",
        "PAST_SPOT_" : "2817002010025",
        "MNTN_ID" : "281700201"
      },
      "geometry" : {
        "x" : 172154.15860000066,
        "y" : 537903.33770000003
      }
    },
    {
      "attributes" : {
        "FID" : 25,
        "PMNTN_SPOT" : 55871,
        "MNTN_CODE" : "281700201",
        "MANAGE_SP1" : "02",
        "MANAGE_SP2" : "분기점",
        "DETAIL_SPO" : "분기점",
        "ETC_MATTER" : " ",
        "MNTN_NM" : "승학산",
        "PAST_SPOT_" : "2817002010026",
        "MNTN_ID" : "281700201"
      },
      "geometry" : {
        "x" : 172159.79110000096,
        "y" : 537937.39530000091
      }
    },
    {
      "attributes" : {
        "FID" : 26,
        "PMNTN_SPOT" : 55872,
        "MNTN_CODE" : "281700201",
        "MANAGE_SP1" : "02",
        "MANAGE_SP2" : "분기점",
        "DETAIL_SPO" : "분기점",
        "ETC_MATTER" : " ",
        "MNTN_NM" : "승학산",
        "PAST_SPOT_" : "2817002010027",
        "MNTN_ID" : "281700201"
      },
      "geometry" : {
        "x" : 172171.44849999994,
        "y" : 537905.27090000175
      }
    },
    {
      "attributes" : {
        "FID" : 27,
        "PMNTN_SPOT" : 55873,
        "MNTN_CODE" : "281700201",
        "MANAGE_SP1" : "01",
        "MANAGE_SP2" : "시종점",
        "DETAIL_SPO" : "시종점",
        "ETC_MATTER" : " ",
        "MNTN_NM" : "승학산",
        "PAST_SPOT_" : "2817002010028",
        "MNTN_ID" : "281700201"
      },
      "geometry" : {
        "x" : 172218.9347000001,
        "y" : 537757.66820000298
      }
    },
    {
      "attributes" : {
        "FID" : 28,
        "PMNTN_SPOT" : 55874,
        "MNTN_CODE" : "281700201",
        "MANAGE_SP1" : "02",
        "MANAGE_SP2" : "분기점",
        "DETAIL_SPO" : "분기점",
        "ETC_MATTER" : " ",
        "MNTN_NM" : "승학산",
        "PAST_SPOT_" : "2817002010029",
        "MNTN_ID" : "281700201"
      },
      "geometry" : {
        "x" : 172227.83380000107,
        "y" : 538012.95890000463
      }
    },
    {
      "attributes" : {
        "FID" : 29,
        "PMNTN_SPOT" : 55875,
        "MNTN_CODE" : "281700201",
        "MANAGE_SP1" : "02",
        "MANAGE_SP2" : "분기점",
        "DETAIL_SPO" : "분기점",
        "ETC_MATTER" : " ",
        "MNTN_NM" : "승학산",
        "PAST_SPOT_" : "2817002010030",
        "MNTN_ID" : "281700201"
      },
      "geometry" : {
        "x" : 172264.52170000039,
        "y" : 537934.22410000302
      }
    },
    {
      "attributes" : {
        "FID" : 30,
        "PMNTN_SPOT" : 55876,
        "MNTN_CODE" : "281700201",
        "MANAGE_SP1" : "02",
        "MANAGE_SP2" : "분기점",
        "DETAIL_SPO" : "분기점",
        "ETC_MATTER" : " ",
        "MNTN_NM" : "승학산",
        "PAST_SPOT_" : "2817002010031",
        "MNTN_ID" : "281700201"
      },
      "geometry" : {
        "x" : 172271.32300000079,
        "y" : 537851.09010000154
      }
    },
    {
      "attributes" : {
        "FID" : 31,
        "PMNTN_SPOT" : 55877,
        "MNTN_CODE" : "281700201",
        "MANAGE_SP1" : "02",
        "MANAGE_SP2" : "분기점",
        "DETAIL_SPO" : "분기점",
        "ETC_MATTER" : " ",
        "MNTN_NM" : "승학산",
        "PAST_SPOT_" : "2817002010032",
        "MNTN_ID" : "281700201"
      },
      "geometry" : {
        "x" : 172325.70610000007,
        "y" : 537883.44360000268
      }
    },
    {
      "attributes" : {
        "FID" : 32,
        "PMNTN_SPOT" : 55878,
        "MNTN_CODE" : "281700201",
        "MANAGE_SP1" : "02",
        "MANAGE_SP2" : "분기점",
        "DETAIL_SPO" : "분기점",
        "ETC_MATTER" : " ",
        "MNTN_NM" : "승학산",
        "PAST_SPOT_" : "2817002010033",
        "MNTN_ID" : "281700201"
      },
      "geometry" : {
        "x" : 172326.05900000129,
        "y" : 537980.19270000234
      }
    },
    {
      "attributes" : {
        "FID" : 33,
        "PMNTN_SPOT" : 55879,
        "MNTN_CODE" : "281700201",
        "MANAGE_SP1" : "02",
        "MANAGE_SP2" : "분기점",
        "DETAIL_SPO" : "분기점",
        "ETC_MATTER" : " ",
        "MNTN_NM" : "승학산",
        "PAST_SPOT_" : "2817002010034",
        "MNTN_ID" : "281700201"
      },
      "geometry" : {
        "x" : 172352.51580826379,
        "y" : 537949.93086148053
      }
    },
    {
      "attributes" : {
        "FID" : 34,
        "PMNTN_SPOT" : 55880,
        "MNTN_CODE" : "281700201",
        "MANAGE_SP1" : "02",
        "MANAGE_SP2" : "분기점",
        "DETAIL_SPO" : "분기점",
        "ETC_MATTER" : " ",
        "MNTN_NM" : "승학산",
        "PAST_SPOT_" : "2817002010035",
        "MNTN_ID" : "281700201"
      },
      "geometry" : {
        "x" : 172354.04449999984,
        "y" : 537907.03809999861
      }
    },
    {
      "attributes" : {
        "FID" : 35,
        "PMNTN_SPOT" : 55881,
        "MNTN_CODE" : "281700201",
        "MANAGE_SP1" : "02",
        "MANAGE_SP2" : "분기점",
        "DETAIL_SPO" : "분기점",
        "ETC_MATTER" : " ",
        "MNTN_NM" : "승학산",
        "PAST_SPOT_" : "2817002010036",
        "MNTN_ID" : "281700201"
      },
      "geometry" : {
        "x" : 172355.70040000137,
        "y" : 537894.11629999988
      }
    },
    {
      "attributes" : {
        "FID" : 36,
        "PMNTN_SPOT" : 55882,
        "MNTN_CODE" : "281700201",
        "MANAGE_SP1" : "02",
        "MANAGE_SP2" : "분기점",
        "DETAIL_SPO" : "분기점",
        "ETC_MATTER" : " ",
        "MNTN_NM" : "승학산",
        "PAST_SPOT_" : "2817002010037",
        "MNTN_ID" : "281700201"
      },
      "geometry" : {
        "x" : 172381.46449999977,
        "y" : 538016.37470000051
      }
    },
    {
      "attributes" : {
        "FID" : 37,
        "PMNTN_SPOT" : 55883,
        "MNTN_CODE" : "281700201",
        "MANAGE_SP1" : "02",
        "MANAGE_SP2" : "분기점",
        "DETAIL_SPO" : "분기점",
        "ETC_MATTER" : " ",
        "MNTN_NM" : "승학산",
        "PAST_SPOT_" : "2817002010038",
        "MNTN_ID" : "281700201"
      },
      "geometry" : {
        "x" : 172396.36149999965,
        "y" : 538023.80480000004
      }
    },
    {
      "attributes" : {
        "FID" : 38,
        "PMNTN_SPOT" : 55884,
        "MNTN_CODE" : "281700201",
        "MANAGE_SP1" : "02",
        "MANAGE_SP2" : "분기점",
        "DETAIL_SPO" : "분기점",
        "ETC_MATTER" : " ",
        "MNTN_NM" : "승학산",
        "PAST_SPOT_" : "2817002010039",
        "MNTN_ID" : "281700201"
      },
      "geometry" : {
        "x" : 172400.15260000154,
        "y" : 538120.37470000051
      }
    },
    {
      "attributes" : {
        "FID" : 39,
        "PMNTN_SPOT" : 55885,
        "MNTN_CODE" : "281700201",
        "MANAGE_SP1" : "02",
        "MANAGE_SP2" : "분기점",
        "DETAIL_SPO" : "분기점",
        "ETC_MATTER" : " ",
        "MNTN_NM" : "승학산",
        "PAST_SPOT_" : "2817002010040",
        "MNTN_ID" : "281700201"
      },
      "geometry" : {
        "x" : 172417.33619999979,
        "y" : 537972.03979999945
      }
    },
    {
      "attributes" : {
        "FID" : 40,
        "PMNTN_SPOT" : 55886,
        "MNTN_CODE" : "281700201",
        "MANAGE_SP1" : "02",
        "MANAGE_SP2" : "분기점",
        "DETAIL_SPO" : "분기점",
        "ETC_MATTER" : " ",
        "MNTN_NM" : "승학산",
        "PAST_SPOT_" : "2817002010041",
        "MNTN_ID" : "281700201"
      },
      "geometry" : {
        "x" : 172429.13370000105,
        "y" : 538270.77690000273
      }
    },
    {
      "attributes" : {
        "FID" : 41,
        "PMNTN_SPOT" : 55887,
        "MNTN_CODE" : "281700201",
        "MANAGE_SP1" : "02",
        "MANAGE_SP2" : "분기점",
        "DETAIL_SPO" : "분기점",
        "ETC_MATTER" : " ",
        "MNTN_NM" : "승학산",
        "PAST_SPOT_" : "2817002010042",
        "MNTN_ID" : "281700201"
      },
      "geometry" : {
        "x" : 172434.92160000093,
        "y" : 537896.03290000185
      }
    },
    {
      "attributes" : {
        "FID" : 42,
        "PMNTN_SPOT" : 55888,
        "MNTN_CODE" : "281700201",
        "MANAGE_SP1" : "02",
        "MANAGE_SP2" : "분기점",
        "DETAIL_SPO" : "분기점",
        "ETC_MATTER" : " ",
        "MNTN_NM" : "승학산",
        "PAST_SPOT_" : "2817002010043",
        "MNTN_ID" : "281700201"
      },
      "geometry" : {
        "x" : 172453.42020000145,
        "y" : 537859.80480000004
      }
    },
    {
      "attributes" : {
        "FID" : 43,
        "PMNTN_SPOT" : 55889,
        "MNTN_CODE" : "281700201",
        "MANAGE_SP1" : "02",
        "MANAGE_SP2" : "분기점",
        "DETAIL_SPO" : "분기점",
        "ETC_MATTER" : " ",
        "MNTN_NM" : "승학산",
        "PAST_SPOT_" : "2817002010044",
        "MNTN_ID" : "281700201"
      },
      "geometry" : {
        "x" : 172456.08060000185,
        "y" : 538284.90190000273
      }
    },
    {
      "attributes" : {
        "FID" : 44,
        "PMNTN_SPOT" : 55890,
        "MNTN_CODE" : "281700201",
        "MANAGE_SP1" : "01",
        "MANAGE_SP2" : "시종점",
        "DETAIL_SPO" : "시종점",
        "ETC_MATTER" : " ",
        "MNTN_NM" : "승학산",
        "PAST_SPOT_" : "2817002010045",
        "MNTN_ID" : "281700201"
      },
      "geometry" : {
        "x" : 172460.62170000002,
        "y" : 538314.57880000025
      }
    },
    {
      "attributes" : {
        "FID" : 45,
        "PMNTN_SPOT" : 55891,
        "MNTN_CODE" : "281700201",
        "MANAGE_SP1" : "02",
        "MANAGE_SP2" : "분기점",
        "DETAIL_SPO" : "분기점",
        "ETC_MATTER" : " ",
        "MNTN_NM" : "승학산",
        "PAST_SPOT_" : "2817002010046",
        "MNTN_ID" : "281700201"
      },
      "geometry" : {
        "x" : 172467.34810000099,
        "y" : 538289.0745000001
      }
    },
    {
      "attributes" : {
        "FID" : 46,
        "PMNTN_SPOT" : 55892,
        "MNTN_CODE" : "281700201",
        "MANAGE_SP1" : "02",
        "MANAGE_SP2" : "분기점",
        "DETAIL_SPO" : "분기점",
        "ETC_MATTER" : " ",
        "MNTN_NM" : "승학산",
        "PAST_SPOT_" : "2817002010047",
        "MNTN_ID" : "281700201"
      },
      "geometry" : {
        "x" : 172467.87270000204,
        "y" : 537946.15610000119
      }
    },
    {
      "attributes" : {
        "FID" : 47,
        "PMNTN_SPOT" : 55893,
        "MNTN_CODE" : "281700201",
        "MANAGE_SP1" : "02",
        "MANAGE_SP2" : "분기점",
        "DETAIL_SPO" : "분기점",
        "ETC_MATTER" : " ",
        "MNTN_NM" : "승학산",
        "PAST_SPOT_" : "2817002010048",
        "MNTN_ID" : "281700201"
      },
      "geometry" : {
        "x" : 172474.53750000056,
        "y" : 537932.00530000031
      }
    },
    {
      "attributes" : {
        "FID" : 48,
        "PMNTN_SPOT" : 55894,
        "MNTN_CODE" : "281700201",
        "MANAGE_SP1" : "02",
        "MANAGE_SP2" : "분기점",
        "DETAIL_SPO" : "분기점",
        "ETC_MATTER" : " ",
        "MNTN_NM" : "승학산",
        "PAST_SPOT_" : "2817002010049",
        "MNTN_ID" : "281700201"
      },
      "geometry" : {
        "x" : 172474.59570000134,
        "y" : 537914.17769999988
      }
    },
    {
      "attributes" : {
        "FID" : 49,
        "PMNTN_SPOT" : 55895,
        "MNTN_CODE" : "281700201",
        "MANAGE_SP1" : "02",
        "MANAGE_SP2" : "분기점",
        "DETAIL_SPO" : "분기점",
        "ETC_MATTER" : " ",
        "MNTN_NM" : "승학산",
        "PAST_SPOT_" : "2817002010050",
        "MNTN_ID" : "281700201"
      },
      "geometry" : {
        "x" : 172475.82610000204,
        "y" : 538287.66679999977
      }
    },
    {
      "attributes" : {
        "FID" : 50,
        "PMNTN_SPOT" : 55896,
        "MNTN_CODE" : "281700201",
        "MANAGE_SP1" : "02",
        "MANAGE_SP2" : "분기점",
        "DETAIL_SPO" : "분기점",
        "ETC_MATTER" : " ",
        "MNTN_NM" : "승학산",
        "PAST_SPOT_" : "2817002010051",
        "MNTN_ID" : "281700201"
      },
      "geometry" : {
        "x" : 172485.76950000133,
        "y" : 537919.06610000134
      }
    },
    {
      "attributes" : {
        "FID" : 51,
        "PMNTN_SPOT" : 55897,
        "MNTN_CODE" : "281700201",
        "MANAGE_SP1" : "02",
        "MANAGE_SP2" : "분기점",
        "DETAIL_SPO" : "분기점",
        "ETC_MATTER" : " ",
        "MNTN_NM" : "승학산",
        "PAST_SPOT_" : "2817002010052",
        "MNTN_ID" : "281700201"
      },
      "geometry" : {
        "x" : 172495.57540000044,
        "y" : 537917.64970000088
      }
    },
    {
      "attributes" : {
        "FID" : 52,
        "PMNTN_SPOT" : 55898,
        "MNTN_CODE" : "281700201",
        "MANAGE_SP1" : "02",
        "MANAGE_SP2" : "분기점",
        "DETAIL_SPO" : "분기점",
        "ETC_MATTER" : " ",
        "MNTN_NM" : "승학산",
        "PAST_SPOT_" : "2817002010053",
        "MNTN_ID" : "281700201"
      },
      "geometry" : {
        "x" : 172500.3284,
        "y" : 538296.91770000011
      }
    },
    {
      "attributes" : {
        "FID" : 53,
        "PMNTN_SPOT" : 55899,
        "MNTN_CODE" : "281700201",
        "MANAGE_SP1" : "01",
        "MANAGE_SP2" : "시종점",
        "DETAIL_SPO" : "시종점",
        "ETC_MATTER" : " ",
        "MNTN_NM" : "승학산",
        "PAST_SPOT_" : "2817002010054",
        "MNTN_ID" : "281700201"
      },
      "geometry" : {
        "x" : 172533.74729999993,
        "y" : 537734.27890000306
      }
    },
    {
      "attributes" : {
        "FID" : 54,
        "PMNTN_SPOT" : 55900,
        "MNTN_CODE" : "281700201",
        "MANAGE_SP1" : "02",
        "MANAGE_SP2" : "분기점",
        "DETAIL_SPO" : "분기점",
        "ETC_MATTER" : " ",
        "MNTN_NM" : "승학산",
        "PAST_SPOT_" : "2817002010055",
        "MNTN_ID" : "281700201"
      },
      "geometry" : {
        "x" : 172539.31290000118,
        "y" : 537916.45090000145
      }
    },
    {
      "attributes" : {
        "FID" : 55,
        "PMNTN_SPOT" : 55901,
        "MNTN_CODE" : "281700201",
        "MANAGE_SP1" : "02",
        "MANAGE_SP2" : "분기점",
        "DETAIL_SPO" : "분기점",
        "ETC_MATTER" : " ",
        "MNTN_NM" : "승학산",
        "PAST_SPOT_" : "2817002010056",
        "MNTN_ID" : "281700201"
      },
      "geometry" : {
        "x" : 172542.93759999983,
        "y" : 537954.95419999771
      }
    },
    {
      "attributes" : {
        "FID" : 56,
        "PMNTN_SPOT" : 55902,
        "MNTN_CODE" : "281700201",
        "MANAGE_SP1" : "02",
        "MANAGE_SP2" : "분기점",
        "DETAIL_SPO" : "분기점",
        "ETC_MATTER" : " ",
        "MNTN_NM" : "승학산",
        "PAST_SPOT_" : "2817002010057",
        "MNTN_ID" : "281700201"
      },
      "geometry" : {
        "x" : 172553.72009999957,
        "y" : 538269.85730000027
      }
    },
    {
      "attributes" : {
        "FID" : 57,
        "PMNTN_SPOT" : 55903,
        "MNTN_CODE" : "281700201",
        "MANAGE_SP1" : "02",
        "MANAGE_SP2" : "분기점",
        "DETAIL_SPO" : "분기점",
        "ETC_MATTER" : " ",
        "MNTN_NM" : "승학산",
        "PAST_SPOT_" : "2817002010058",
        "MNTN_ID" : "281700201"
      },
      "geometry" : {
        "x" : 172571.00360000227,
        "y" : 538254.11659999937
      }
    },
    {
      "attributes" : {
        "FID" : 58,
        "PMNTN_SPOT" : 55904,
        "MNTN_CODE" : "281700201",
        "MANAGE_SP1" : "02",
        "MANAGE_SP2" : "분기점",
        "DETAIL_SPO" : "분기점",
        "ETC_MATTER" : " ",
        "MNTN_NM" : "승학산",
        "PAST_SPOT_" : "2817002010059",
        "MNTN_ID" : "281700201"
      },
      "geometry" : {
        "x" : 172591.26599999983,
        "y" : 538212.86620000191
      }
    },
    {
      "attributes" : {
        "FID" : 59,
        "PMNTN_SPOT" : 55905,
        "MNTN_CODE" : "281700201",
        "MANAGE_SP1" : "02",
        "MANAGE_SP2" : "분기점",
        "DETAIL_SPO" : "분기점",
        "ETC_MATTER" : " ",
        "MNTN_NM" : "승학산",
        "PAST_SPOT_" : "2817002010060",
        "MNTN_ID" : "281700201"
      },
      "geometry" : {
        "x" : 172629.69249999989,
        "y" : 538238.91830000281
      }
    },
    {
      "attributes" : {
        "FID" : 60,
        "PMNTN_SPOT" : 55906,
        "MNTN_CODE" : "281700201",
        "MANAGE_SP1" : "02",
        "MANAGE_SP2" : "분기점",
        "DETAIL_SPO" : "분기점",
        "ETC_MATTER" : " ",
        "MNTN_NM" : "승학산",
        "PAST_SPOT_" : "2817002010061",
        "MNTN_ID" : "281700201"
      },
      "geometry" : {
        "x" : 172632.86480000056,
        "y" : 537964.68710000254
      }
    },
    {
      "attributes" : {
        "FID" : 61,
        "PMNTN_SPOT" : 55907,
        "MNTN_CODE" : "281700201",
        "MANAGE_SP1" : "02",
        "MANAGE_SP2" : "분기점",
        "DETAIL_SPO" : "분기점",
        "ETC_MATTER" : " ",
        "MNTN_NM" : "승학산",
        "PAST_SPOT_" : "2817002010062",
        "MNTN_ID" : "281700201"
      },
      "geometry" : {
        "x" : 172659.70359999966,
        "y" : 537980.21920000389
      }
    },
    {
      "attributes" : {
        "FID" : 62,
        "PMNTN_SPOT" : 55908,
        "MNTN_CODE" : "281700201",
        "MANAGE_SP1" : "02",
        "MANAGE_SP2" : "분기점",
        "DETAIL_SPO" : "분기점",
        "ETC_MATTER" : " ",
        "MNTN_NM" : "승학산",
        "PAST_SPOT_" : "2817002010063",
        "MNTN_ID" : "281700201"
      },
      "geometry" : {
        "x" : 172672.97170000058,
        "y" : 538201.64310000092
      }
    },
    {
      "attributes" : {
        "FID" : 63,
        "PMNTN_SPOT" : 55909,
        "MNTN_CODE" : "281700201",
        "MANAGE_SP1" : "02",
        "MANAGE_SP2" : "분기점",
        "DETAIL_SPO" : "분기점",
        "ETC_MATTER" : " ",
        "MNTN_NM" : "승학산",
        "PAST_SPOT_" : "2817002010064",
        "MNTN_ID" : "281700201"
      },
      "geometry" : {
        "x" : 172697.17129999958,
        "y" : 538190.9782000035
      }
    },
    {
      "attributes" : {
        "FID" : 64,
        "PMNTN_SPOT" : 55910,
        "MNTN_CODE" : "281700201",
        "MANAGE_SP1" : "01",
        "MANAGE_SP2" : "시종점",
        "DETAIL_SPO" : "시종점",
        "ETC_MATTER" : " ",
        "MNTN_NM" : "승학산",
        "PAST_SPOT_" : "2817002010065",
        "MNTN_ID" : "281700201"
      },
      "geometry" : {
        "x" : 172698.07800000068,
        "y" : 538203.9076000005
      }
    },
    {
      "attributes" : {
        "FID" : 65,
        "PMNTN_SPOT" : 55911,
        "MNTN_CODE" : "281700201",
        "MANAGE_SP1" : "02",
        "MANAGE_SP2" : "분기점",
        "DETAIL_SPO" : "분기점",
        "ETC_MATTER" : " ",
        "MNTN_NM" : "승학산",
        "PAST_SPOT_" : "2817002010066",
        "MNTN_ID" : "281700201"
      },
      "geometry" : {
        "x" : 172700.12249999959,
        "y" : 537846.28890000097
      }
    },
    {
      "attributes" : {
        "FID" : 66,
        "PMNTN_SPOT" : 55912,
        "MNTN_CODE" : "281700201",
        "MANAGE_SP1" : "02",
        "MANAGE_SP2" : "분기점",
        "DETAIL_SPO" : "분기점",
        "ETC_MATTER" : " ",
        "MNTN_NM" : "승학산",
        "PAST_SPOT_" : "2817002010067",
        "MNTN_ID" : "281700201"
      },
      "geometry" : {
        "x" : 172705.82850000076,
        "y" : 537895.39279999956
      }
    },
    {
      "attributes" : {
        "FID" : 67,
        "PMNTN_SPOT" : 55913,
        "MNTN_CODE" : "281700201",
        "MANAGE_SP1" : "02",
        "MANAGE_SP2" : "분기점",
        "DETAIL_SPO" : "분기점",
        "ETC_MATTER" : " ",
        "MNTN_NM" : "승학산",
        "PAST_SPOT_" : "2817002010068",
        "MNTN_ID" : "281700201"
      },
      "geometry" : {
        "x" : 172709.20739999972,
        "y" : 538148.17799999937
      }
    },
    {
      "attributes" : {
        "FID" : 68,
        "PMNTN_SPOT" : 55914,
        "MNTN_CODE" : "281700201",
        "MANAGE_SP1" : "02",
        "MANAGE_SP2" : "분기점",
        "DETAIL_SPO" : "분기점",
        "ETC_MATTER" : " ",
        "MNTN_NM" : "승학산",
        "PAST_SPOT_" : "2817002010069",
        "MNTN_ID" : "281700201"
      },
      "geometry" : {
        "x" : 172721.68870000076,
        "y" : 537852.7957000006
      }
    },
    {
      "attributes" : {
        "FID" : 69,
        "PMNTN_SPOT" : 55915,
        "MNTN_CODE" : "281700201",
        "MANAGE_SP1" : "02",
        "MANAGE_SP2" : "분기점",
        "DETAIL_SPO" : "분기점",
        "ETC_MATTER" : " ",
        "MNTN_NM" : "승학산",
        "PAST_SPOT_" : "2817002010070",
        "MNTN_ID" : "281700201"
      },
      "geometry" : {
        "x" : 172724.96220000088,
        "y" : 538007.29659999907
      }
    },
    {
      "attributes" : {
        "FID" : 70,
        "PMNTN_SPOT" : 55916,
        "MNTN_CODE" : "281700201",
        "MANAGE_SP1" : "02",
        "MANAGE_SP2" : "분기점",
        "DETAIL_SPO" : "분기점",
        "ETC_MATTER" : " ",
        "MNTN_NM" : "승학산",
        "PAST_SPOT_" : "2817002010071",
        "MNTN_ID" : "281700201"
      },
      "geometry" : {
        "x" : 172726.76640000008,
        "y" : 537891.50039999932
      }
    },
    {
      "attributes" : {
        "FID" : 71,
        "PMNTN_SPOT" : 55917,
        "MNTN_CODE" : "281700201",
        "MANAGE_SP1" : "02",
        "MANAGE_SP2" : "분기점",
        "DETAIL_SPO" : "분기점",
        "ETC_MATTER" : " ",
        "MNTN_NM" : "승학산",
        "PAST_SPOT_" : "2817002010072",
        "MNTN_ID" : "281700201"
      },
      "geometry" : {
        "x" : 172730.55870000087,
        "y" : 538106.6381000001
      }
    },
    {
      "attributes" : {
        "FID" : 72,
        "PMNTN_SPOT" : 55918,
        "MNTN_CODE" : "281700201",
        "MANAGE_SP1" : "02",
        "MANAGE_SP2" : "분기점",
        "DETAIL_SPO" : "분기점",
        "ETC_MATTER" : " ",
        "MNTN_NM" : "승학산",
        "PAST_SPOT_" : "2817002010073",
        "MNTN_ID" : "281700201"
      },
      "geometry" : {
        "x" : 172740.67679999955,
        "y" : 538048.76410000212
      }
    },
    {
      "attributes" : {
        "FID" : 73,
        "PMNTN_SPOT" : 55919,
        "MNTN_CODE" : "281700201",
        "MANAGE_SP1" : "02",
        "MANAGE_SP2" : "분기점",
        "DETAIL_SPO" : "분기점",
        "ETC_MATTER" : " ",
        "MNTN_NM" : "승학산",
        "PAST_SPOT_" : "2817002010074",
        "MNTN_ID" : "281700201"
      },
      "geometry" : {
        "x" : 172752.83680000063,
        "y" : 537906.22059999965
      }
    },
    {
      "attributes" : {
        "FID" : 74,
        "PMNTN_SPOT" : 55920,
        "MNTN_CODE" : "281700201",
        "MANAGE_SP1" : "02",
        "MANAGE_SP2" : "분기점",
        "DETAIL_SPO" : "분기점",
        "ETC_MATTER" : " ",
        "MNTN_NM" : "승학산",
        "PAST_SPOT_" : "2817002010075",
        "MNTN_ID" : "281700201"
      },
      "geometry" : {
        "x" : 172757.10670000035,
        "y" : 537879.25219999999
      }
    },
    {
      "attributes" : {
        "FID" : 75,
        "PMNTN_SPOT" : 55921,
        "MNTN_CODE" : "281700201",
        "MANAGE_SP1" : "02",
        "MANAGE_SP2" : "분기점",
        "DETAIL_SPO" : "분기점",
        "ETC_MATTER" : " ",
        "MNTN_NM" : "승학산",
        "PAST_SPOT_" : "2817002010076",
        "MNTN_ID" : "281700201"
      },
      "geometry" : {
        "x" : 172758.53240000084,
        "y" : 538086.52900000103
      }
    },
    {
      "attributes" : {
        "FID" : 76,
        "PMNTN_SPOT" : 55922,
        "MNTN_CODE" : "281700201",
        "MANAGE_SP1" : "02",
        "MANAGE_SP2" : "분기점",
        "DETAIL_SPO" : "분기점",
        "ETC_MATTER" : " ",
        "MNTN_NM" : "승학산",
        "PAST_SPOT_" : "2817002010077",
        "MNTN_ID" : "281700201"
      },
      "geometry" : {
        "x" : 172770.82310000155,
        "y" : 537978.40570000187
      }
    },
    {
      "attributes" : {
        "FID" : 77,
        "PMNTN_SPOT" : 55923,
        "MNTN_CODE" : "281700201",
        "MANAGE_SP1" : "02",
        "MANAGE_SP2" : "분기점",
        "DETAIL_SPO" : "분기점",
        "ETC_MATTER" : " ",
        "MNTN_NM" : "승학산",
        "PAST_SPOT_" : "2817002010078",
        "MNTN_ID" : "281700201"
      },
      "geometry" : {
        "x" : 172789.67980000097,
        "y" : 537967.37290000357
      }
    },
    {
      "attributes" : {
        "FID" : 78,
        "PMNTN_SPOT" : 55924,
        "MNTN_CODE" : "281700201",
        "MANAGE_SP1" : "02",
        "MANAGE_SP2" : "분기점",
        "DETAIL_SPO" : "분기점",
        "ETC_MATTER" : " ",
        "MNTN_NM" : "승학산",
        "PAST_SPOT_" : "2817002010079",
        "MNTN_ID" : "281700201"
      },
      "geometry" : {
        "x" : 172790.40450000018,
        "y" : 538013.1977000013
      }
    },
    {
      "attributes" : {
        "FID" : 79,
        "PMNTN_SPOT" : 55925,
        "MNTN_CODE" : "281700201",
        "MANAGE_SP1" : "02",
        "MANAGE_SP2" : "분기점",
        "DETAIL_SPO" : "분기점",
        "ETC_MATTER" : " ",
        "MNTN_NM" : "승학산",
        "PAST_SPOT_" : "2817002010080",
        "MNTN_ID" : "281700201"
      },
      "geometry" : {
        "x" : 172803.61419999972,
        "y" : 537850.03199999966
      }
    },
    {
      "attributes" : {
        "FID" : 80,
        "PMNTN_SPOT" : 55926,
        "MNTN_CODE" : "281700201",
        "MANAGE_SP1" : "02",
        "MANAGE_SP2" : "분기점",
        "DETAIL_SPO" : "분기점",
        "ETC_MATTER" : " ",
        "MNTN_NM" : "승학산",
        "PAST_SPOT_" : "2817002010081",
        "MNTN_ID" : "281700201"
      },
      "geometry" : {
        "x" : 172805.27350000013,
        "y" : 537934.78420000151
      }
    },
    {
      "attributes" : {
        "FID" : 81,
        "PMNTN_SPOT" : 55927,
        "MNTN_CODE" : "281700201",
        "MANAGE_SP1" : "02",
        "MANAGE_SP2" : "분기점",
        "DETAIL_SPO" : "분기점",
        "ETC_MATTER" : " ",
        "MNTN_NM" : "승학산",
        "PAST_SPOT_" : "2817002010082",
        "MNTN_ID" : "281700201"
      },
      "geometry" : {
        "x" : 172821.85709999874,
        "y" : 537813.45979999937
      }
    },
    {
      "attributes" : {
        "FID" : 82,
        "PMNTN_SPOT" : 55928,
        "MNTN_CODE" : "281700201",
        "MANAGE_SP1" : "02",
        "MANAGE_SP2" : "분기점",
        "DETAIL_SPO" : "분기점",
        "ETC_MATTER" : " ",
        "MNTN_NM" : "승학산",
        "PAST_SPOT_" : "2817002010083",
        "MNTN_ID" : "281700201"
      },
      "geometry" : {
        "x" : 172822.53610000014,
        "y" : 537828.79900000058
      }
    },
    {
      "attributes" : {
        "FID" : 83,
        "PMNTN_SPOT" : 55929,
        "MNTN_CODE" : "281700201",
        "MANAGE_SP1" : "01",
        "MANAGE_SP2" : "시종점",
        "DETAIL_SPO" : "시종점",
        "ETC_MATTER" : " ",
        "MNTN_NM" : "승학산",
        "PAST_SPOT_" : "2817002010084",
        "MNTN_ID" : "281700201"
      },
      "geometry" : {
        "x" : 172884.24909999967,
        "y" : 537943.66019999981
      }
    },
    {
      "attributes" : {
        "FID" : 84,
        "PMNTN_SPOT" : 55930,
        "MNTN_CODE" : "281700201",
        "MANAGE_SP1" : "01",
        "MANAGE_SP2" : "시종점",
        "DETAIL_SPO" : "시종점",
        "ETC_MATTER" : " ",
        "MNTN_NM" : "승학산",
        "PAST_SPOT_" : "2817002010085",
        "MNTN_ID" : "281700201"
      },
      "geometry" : {
        "x" : 172964.65640000161,
        "y" : 537764.20760000125
      }
    },
    {
      "attributes" : {
        "FID" : 85,
        "PMNTN_SPOT" : 55931,
        "MNTN_CODE" : "281700201",
        "MANAGE_SP1" : "02",
        "MANAGE_SP2" : "분기점",
        "DETAIL_SPO" : "분기점",
        "ETC_MATTER" : " ",
        "MNTN_NM" : "승학산",
        "PAST_SPOT_" : "2817002010086",
        "MNTN_ID" : "281700201"
      },
      "geometry" : {
        "x" : 172201.1958999997,
        "y" : 538047.32500000112
      }
    },
    {
      "attributes" : {
        "FID" : 86,
        "PMNTN_SPOT" : 55932,
        "MNTN_CODE" : "281700201",
        "MANAGE_SP1" : "02",
        "MANAGE_SP2" : "분기점",
        "DETAIL_SPO" : "분기점",
        "ETC_MATTER" : " ",
        "MNTN_NM" : "승학산",
        "PAST_SPOT_" : "2817002010087",
        "MNTN_ID" : "281700201"
      },
      "geometry" : {
        "x" : 172411.46720000077,
        "y" : 538367.93890000135
      }
    },
    {
      "attributes" : {
        "FID" : 87,
        "PMNTN_SPOT" : 97812,
        "MNTN_CODE" : "281700201",
        "MANAGE_SP1" : "99",
        "MANAGE_SP2" : "기타",
        "DETAIL_SPO" : "서부공원사업소",
        "ETC_MATTER" : " ",
        "MNTN_NM" : "승학산",
        "PAST_SPOT_" : "2817002010088",
        "MNTN_ID" : "281700201"
      },
      "geometry" : {
        "x" : 172825.96729999987,
        "y" : 537825.05230000068
      }
    },
    {
      "attributes" : {
        "FID" : 88,
        "PMNTN_SPOT" : 97813,
        "MNTN_CODE" : "281700201",
        "MANAGE_SP1" : "99",
        "MANAGE_SP2" : "기타",
        "DETAIL_SPO" : "기타, 안내판또는지도",
        "ETC_MATTER" : " ",
        "MNTN_NM" : "승학산",
        "PAST_SPOT_" : "2817002010089",
        "MNTN_ID" : "281700201"
      },
      "geometry" : {
        "x" : 172661.4661000004,
        "y" : 537977.84989999933
      }
    },
    {
      "attributes" : {
        "FID" : 89,
        "PMNTN_SPOT" : 97814,
        "MNTN_CODE" : "281700201",
        "MANAGE_SP1" : "15",
        "MANAGE_SP2" : "훼손지",
        "DETAIL_SPO" : "훼손지",
        "ETC_MATTER" : " ",
        "MNTN_NM" : "승학산",
        "PAST_SPOT_" : "2817002010090",
        "MNTN_ID" : "281700201"
      },
      "geometry" : {
        "x" : 172712.84529999923,
        "y" : 538144.64949999959
      }
    },
    {
      "attributes" : {
        "FID" : 90,
        "PMNTN_SPOT" : 97815,
        "MNTN_CODE" : "281700201",
        "MANAGE_SP1" : "03",
        "MANAGE_SP2" : "정자",
        "DETAIL_SPO" : "정자, 시설물(운동기구등), 기타, 벤치, 훼손지",
        "ETC_MATTER" : " ",
        "MNTN_NM" : "승학산",
        "PAST_SPOT_" : "2817002010091",
        "MNTN_ID" : "281700201"
      },
      "geometry" : {
        "x" : 172630.94819999937,
        "y" : 538235.07200000039
      }
    },
    {
      "attributes" : {
        "FID" : 91,
        "PMNTN_SPOT" : 97816,
        "MNTN_CODE" : "281700201",
        "MANAGE_SP1" : "05",
        "MANAGE_SP2" : "벤치",
        "DETAIL_SPO" : "벤치",
        "ETC_MATTER" : " ",
        "MNTN_NM" : "승학산",
        "PAST_SPOT_" : "2817002010092",
        "MNTN_ID" : "281700201"
      },
      "geometry" : {
        "x" : 172607.21949999937,
        "y" : 538255.31860000046
      }
    },
    {
      "attributes" : {
        "FID" : 92,
        "PMNTN_SPOT" : 97817,
        "MNTN_CODE" : "281700201",
        "MANAGE_SP1" : "99",
        "MANAGE_SP2" : "기타",
        "DETAIL_SPO" : "목다리, 목계단",
        "ETC_MATTER" : " ",
        "MNTN_NM" : "승학산",
        "PAST_SPOT_" : "2817002010093",
        "MNTN_ID" : "281700201"
      },
      "geometry" : {
        "x" : 172547.98099999948,
        "y" : 538270.2490999992
      }
    },
    {
      "attributes" : {
        "FID" : 93,
        "PMNTN_SPOT" : 97818,
        "MNTN_CODE" : "281700201",
        "MANAGE_SP1" : "07",
        "MANAGE_SP2" : "시설물(운동기구 등)",
        "DETAIL_SPO" : "중앙배드민턴장",
        "ETC_MATTER" : " ",
        "MNTN_NM" : "승학산",
        "PAST_SPOT_" : "2817002010094",
        "MNTN_ID" : "281700201"
      },
      "geometry" : {
        "x" : 172450.43919999895,
        "y" : 538287.42749999976
      }
    },
    {
      "attributes" : {
        "FID" : 94,
        "PMNTN_SPOT" : 97819,
        "MNTN_CODE" : "281700201",
        "MANAGE_SP1" : "16",
        "MANAGE_SP2" : "주요나무",
        "DETAIL_SPO" : "서낭나무",
        "ETC_MATTER" : " ",
        "MNTN_NM" : "승학산",
        "PAST_SPOT_" : "2817002010095",
        "MNTN_ID" : "281700201"
      },
      "geometry" : {
        "x" : 172360.28560000006,
        "y" : 538002.48119999981
      }
    },
    {
      "attributes" : {
        "FID" : 95,
        "PMNTN_SPOT" : 97820,
        "MNTN_CODE" : "281700201",
        "MANAGE_SP1" : "05",
        "MANAGE_SP2" : "벤치",
        "DETAIL_SPO" : "벤치",
        "ETC_MATTER" : " ",
        "MNTN_NM" : "승학산",
        "PAST_SPOT_" : "2817002010096",
        "MNTN_ID" : "281700201"
      },
      "geometry" : {
        "x" : 172329.75760000071,
        "y" : 537983.32550000004
      }
    },
    {
      "attributes" : {
        "FID" : 96,
        "PMNTN_SPOT" : 97821,
        "MNTN_CODE" : "281700201",
        "MANAGE_SP1" : "99",
        "MANAGE_SP2" : "기타",
        "DETAIL_SPO" : "인천향교뒷편",
        "ETC_MATTER" : " ",
        "MNTN_NM" : "승학산",
        "PAST_SPOT_" : "2817002010097",
        "MNTN_ID" : "281700201"
      },
      "geometry" : {
        "x" : 172325.20669999899,
        "y" : 537883.78130000131
      }
    },
    {
      "attributes" : {
        "FID" : 97,
        "PMNTN_SPOT" : 97822,
        "MNTN_CODE" : "281700201",
        "MANAGE_SP1" : "06",
        "MANAGE_SP2" : "음수대",
        "DETAIL_SPO" : "우물",
        "ETC_MATTER" : " ",
        "MNTN_NM" : "승학산",
        "PAST_SPOT_" : "2817002010098",
        "MNTN_ID" : "281700201"
      },
      "geometry" : {
        "x" : 172361.32180000038,
        "y" : 537880.93579999893
      }
    },
    {
      "attributes" : {
        "FID" : 98,
        "PMNTN_SPOT" : 97823,
        "MNTN_CODE" : "281700201",
        "MANAGE_SP1" : "05",
        "MANAGE_SP2" : "벤치",
        "DETAIL_SPO" : "벤치",
        "ETC_MATTER" : " ",
        "MNTN_NM" : "승학산",
        "PAST_SPOT_" : "2817002010099",
        "MNTN_ID" : "281700201"
      },
      "geometry" : {
        "x" : 172439.86770000099,
        "y" : 537860.43270000105
      }
    },
    {
      "attributes" : {
        "FID" : 99,
        "PMNTN_SPOT" : 97824,
        "MNTN_CODE" : "281700201",
        "MANAGE_SP1" : "03",
        "MANAGE_SP2" : "정자",
        "DETAIL_SPO" : "정자, 전통문화한마당",
        "ETC_MATTER" : " ",
        "MNTN_NM" : "승학산",
        "PAST_SPOT_" : "2817002010100",
        "MNTN_ID" : "281700201"
      },
      "geometry" : {
        "x" : 172460.12060000008,
        "y" : 537897.09359999932
      }
    },
    {
      "attributes" : {
        "FID" : 100,
        "PMNTN_SPOT" : 97825,
        "MNTN_CODE" : "281700201",
        "MANAGE_SP1" : "07",
        "MANAGE_SP2" : "시설물(운동기구 등)",
        "DETAIL_SPO" : "배드민턴장",
        "ETC_MATTER" : " ",
        "MNTN_NM" : "승학산",
        "PAST_SPOT_" : "2817002010101",
        "MNTN_ID" : "281700201"
      },
      "geometry" : {
        "x" : 172489.50440000062,
        "y" : 537917.95600000059
      }
    },
    {
      "attributes" : {
        "FID" : 101,
        "PMNTN_SPOT" : 97826,
        "MNTN_CODE" : "281700201",
        "MANAGE_SP1" : "06",
        "MANAGE_SP2" : "음수대",
        "DETAIL_SPO" : "약수터",
        "ETC_MATTER" : " ",
        "MNTN_NM" : "승학산",
        "PAST_SPOT_" : "2817002010102",
        "MNTN_ID" : "281700201"
      },
      "geometry" : {
        "x" : 172720.89740000042,
        "y" : 537853.34109999985
      }
    },
    {
      "attributes" : {
        "FID" : 102,
        "PMNTN_SPOT" : 97827,
        "MNTN_CODE" : "281700201",
        "MANAGE_SP1" : "07",
        "MANAGE_SP2" : "시설물(운동기구 등)",
        "DETAIL_SPO" : "문성배드민턴클럽",
        "ETC_MATTER" : " ",
        "MNTN_NM" : "승학산",
        "PAST_SPOT_" : "2817002010103",
        "MNTN_ID" : "281700201"
      },
      "geometry" : {
        "x" : 172696.89140000095,
        "y" : 538188.09970000002
      }
    },
    {
      "attributes" : {
        "FID" : 103,
        "PMNTN_SPOT" : 97828,
        "MNTN_CODE" : "281700201",
        "MANAGE_SP1" : "99",
        "MANAGE_SP2" : "기타",
        "DETAIL_SPO" : "목다리, 목계단",
        "ETC_MATTER" : " ",
        "MNTN_NM" : "승학산",
        "PAST_SPOT_" : "2817002010104",
        "MNTN_ID" : "281700201"
      },
      "geometry" : {
        "x" : 172453.39200000037,
        "y" : 538352.77050000057
      }
    },
    {
      "attributes" : {
        "FID" : 104,
        "PMNTN_SPOT" : 97829,
        "MNTN_CODE" : "281700201",
        "MANAGE_SP1" : "05",
        "MANAGE_SP2" : "벤치",
        "DETAIL_SPO" : "벤치",
        "ETC_MATTER" : " ",
        "MNTN_NM" : "승학산",
        "PAST_SPOT_" : "2817002010105",
        "MNTN_ID" : "281700201"
      },
      "geometry" : {
        "x" : 172473.70210000023,
        "y" : 537935.16269999905
      }
    },
    {
      "attributes" : {
        "FID" : 105,
        "PMNTN_SPOT" : 97830,
        "MNTN_CODE" : "281700201",
        "MANAGE_SP1" : "06",
        "MANAGE_SP2" : "음수대",
        "DETAIL_SPO" : "문학약수터",
        "ETC_MATTER" : " ",
        "MNTN_NM" : "승학산",
        "PAST_SPOT_" : "2817002010106",
        "MNTN_ID" : "281700201"
      },
      "geometry" : {
        "x" : 172216.39779999945,
        "y" : 537822.19520000042
      }
    },
    {
      "attributes" : {
        "FID" : 106,
        "PMNTN_SPOT" : 97831,
        "MNTN_CODE" : "281700201",
        "MANAGE_SP1" : "11",
        "MANAGE_SP2" : "안내판또는지도",
        "DETAIL_SPO" : "안내판또는지도",
        "ETC_MATTER" : " ",
        "MNTN_NM" : "승학산",
        "PAST_SPOT_" : "2817002010107",
        "MNTN_ID" : "281700201"
      },
      "geometry" : {
        "x" : 172433.04660000085,
        "y" : 537897.35050000087
      }
    }
  ]
}