{
  "displayFieldName" : "",
  "fieldAliases" : {
    "FID" : "FID",
    "PMNTN_SN" : "PMNTN_SN",
    "MNTN_CODE" : "MNTN_CODE",
    "MNTN_NM" : "MNTN_NM",
    "PMNTN_NM" : "PMNTN_NM",
    "PMNTN_MAIN" : "PMNTN_MAIN",
    "PMNTN_LT" : "PMNTN_LT",
    "PMNTN_DFFL" : "PMNTN_DFFL",
    "PMNTN_UPPL" : "PMNTN_UPPL",
    "PMNTN_GODN" : "PMNTN_GODN",
    "PMNTN_MTRQ" : "PMNTN_MTRQ",
    "PMNTN_CNRL" : "PMNTN_CNRL",
    "PMNTN_CLS_" : "PMNTN_CLS_",
    "PMNTN_RISK" : "PMNTN_RISK",
    "PMNTN_RECO" : "PMNTN_RECO",
    "DATA_STDR_" : "DATA_STDR_",
    "MNTN_ID" : "MNTN_ID"
  },
  "geometryType" : "esriGeometryPolyline",
  "spatialReference" : {
    "wkt" : "PROJCS[\"PCS_ITRF2000_TM\",GEOGCS[\"GCS_ITRF_2000\",DATUM[\"D_ITRF_2000\",SPHEROID[\"GRS_1980\",6378137.0,298.257222101]],PRIMEM[\"Greenwich\",0.0],UNIT[\"Degree\",0.0174532925199433]],PROJECTION[\"Transverse_Mercator\"],PARAMETER[\"False_Easting\",200000.0],PARAMETER[\"False_Northing\",600000.0],PARAMETER[\"Central_Meridian\",127.0],PARAMETER[\"Scale_Factor\",1.0],PARAMETER[\"Latitude_Of_Origin\",38.0],UNIT[\"Meter\",1.0]]"
  },
  "fields" : [
    {
      "name" : "FID",
      "type" : "esriFieldTypeOID",
      "alias" : "FID"
    },
    {
      "name" : "PMNTN_SN",
      "type" : "esriFieldTypeDouble",
      "alias" : "PMNTN_SN"
    },
    {
      "name" : "MNTN_CODE",
      "type" : "esriFieldTypeString",
      "alias" : "MNTN_CODE",
      "length" : 9
    },
    {
      "name" : "MNTN_NM",
      "type" : "esriFieldTypeString",
      "alias" : "MNTN_NM",
      "length" : 50
    },
    {
      "name" : "PMNTN_NM",
      "type" : "esriFieldTypeString",
      "alias" : "PMNTN_NM",
      "length" : 50
    },
    {
      "name" : "PMNTN_MAIN",
      "type" : "esriFieldTypeString",
      "alias" : "PMNTN_MAIN",
      "length" : 200
    },
    {
      "name" : "PMNTN_LT",
      "type" : "esriFieldTypeSingle",
      "alias" : "PMNTN_LT"
    },
    {
      "name" : "PMNTN_DFFL",
      "type" : "esriFieldTypeString",
      "alias" : "PMNTN_DFFL",
      "length" : 8
    },
    {
      "name" : "PMNTN_UPPL",
      "type" : "esriFieldTypeDouble",
      "alias" : "PMNTN_UPPL"
    },
    {
      "name" : "PMNTN_GODN",
      "type" : "esriFieldTypeDouble",
      "alias" : "PMNTN_GODN"
    },
    {
      "name" : "PMNTN_MTRQ",
      "type" : "esriFieldTypeString",
      "alias" : "PMNTN_MTRQ",
      "length" : 200
    },
    {
      "name" : "PMNTN_CNRL",
      "type" : "esriFieldTypeString",
      "alias" : "PMNTN_CNRL",
      "length" : 1
    },
    {
      "name" : "PMNTN_CLS_",
      "type" : "esriFieldTypeString",
      "alias" : "PMNTN_CLS_",
      "length" : 1
    },
    {
      "name" : "PMNTN_RISK",
      "type" : "esriFieldTypeString",
      "alias" : "PMNTN_RISK",
      "length" : 200
    },
    {
      "name" : "PMNTN_RECO",
      "type" : "esriFieldTypeString",
      "alias" : "PMNTN_RECO",
      "length" : 1
    },
    {
      "name" : "DATA_STDR_",
      "type" : "esriFieldTypeString",
      "alias" : "DATA_STDR_",
      "length" : 10
    },
    {
      "name" : "MNTN_ID",
      "type" : "esriFieldTypeString",
      "alias" : "MNTN_ID",
      "length" : 10
    }
  ],
  "features" : [
    {
      "attributes" : {
        "FID" : 0,
        "PMNTN_SN" : 45687,
        "MNTN_CODE" : "481100304",
        "MNTN_NM" : "저도비치로드",
        "PMNTN_NM" : "구복리구간",
        "PMNTN_MAIN" : " ",
        "PMNTN_LT" : 4.37,
        "PMNTN_DFFL" : "쉬움",
        "PMNTN_UPPL" : 77,
        "PMNTN_GODN" : 54,
        "PMNTN_MTRQ" : " ",
        "PMNTN_CNRL" : " ",
        "PMNTN_CLS_" : " ",
        "PMNTN_RISK" : " ",
        "PMNTN_RECO" : " ",
        "DATA_STDR_" : "2016-12-31",
        "MNTN_ID" : "481100304"
      },
      "geometry" : {
        "paths" : [
          [
            [
              341637.68753392901,
              275071.40119320713
            ],
            [
              341629.66860000975,
              275072.23280000314
            ],
            [
              341623.70730000921,
              275073.40010000393
            ],
            [
              341611.7813000083,
              275071.82389999926
            ],
            [
              341595.49910000805,
              275072.97600000165
            ],
            [
              341588.90440000966,
              275074.13530000113
            ],
            [
              341581.87600000855,
              275073.88190000132
            ],
            [
              341577.64350000676,
              275072.8879000023
            ],
            [
              341575.41230000742,
              275074.1763000004
            ],
            [
              341570.59030000586,
              275075.03880000301
            ],
            [
              341565.88890000712,
              275073.2648000028
            ],
            [
              341559.99350001011,
              275071.53970000148
            ],
            [
              341550.88950000703,
              275071.68040000461
            ],
            [
              341546.37960000709,
              275074.60260000266
            ],
            [
              341542.07220000681,
              275076.12700000219
            ],
            [
              341533.49050000962,
              275076.02190000378
            ],
            [
              341527.70240001008,
              275075.55279999971
            ],
            [
              341519.65750000998,
              275074.61070000008
            ],
            [
              341511.5583000062,
              275075.5269000046
            ],
            [
              341505.95070000738,
              275077.92880000174
            ],
            [
              341501.38540000841,
              275081.25469999947
            ],
            [
              341496.29460000619,
              275084.83320000209
            ],
            [
              341470.76170000713,
              275091.60410000011
            ],
            [
              341457.89360000845,
              275094.87080000341
            ],
            [
              341450.7551000081,
              275093.54329999723
            ],
            [
              341442.73450000677,
              275089.37739999965
            ],
            [
              341439.23790000938,
              275084.82240000181
            ],
            [
              341430.79990001023,
              275078.15430000424
            ],
            [
              341405.03710000962,
              275065.3367999997
            ],
            [
              341400.40530000906,
              275062.17009999976
            ],
            [
              341394.15300001018,
              275058.41070000269
            ],
            [
              341381.21100000851,
              275051.77549999952
            ],
            [
              341379.44670000765,
              275046.01760000177
            ],
            [
              341379.28440000676,
              275039.89190000109
            ],
            [
              341382.71570000704,
              275030.67469999939
            ],
            [
              341383.32760000974,
              275022.40870000049
            ],
            [
              341382.12190000806,
              275018.04080000333
            ],
            [
              341381.97080001049,
              275014.93560000323
            ],
            [
              341380.12040001061,
              275005.38570000231
            ],
            [
              341378.4948000079,
              275000.7519000005
            ],
            [
              341378.37180001009,
              274994.01889999956
            ],
            [
              341379.76800000668,
              274984.84779999964
            ],
            [
              341384.97190001048,
              274976.57500000298
            ],
            [
              341389.02820000704,
              274968.55340000801
            ],
            [
              341386.53060001042,
              274954.32790000178
            ],
            [
              341385.69780001044,
              274943.73369999975
            ],
            [
              341383.64290000778,
              274927.72309999913
            ],
            [
              341384.46310001053,
              274912.13179999962
            ],
            [
              341388.17340000905,
              274901.76470000111
            ],
            [
              341388.45400000922,
              274895.67309999838
            ],
            [
              341389.78630000912,
              274886.76410000212
            ],
            [
              341392.27480001096,
              274875.18410000019
            ],
            [
              341396.41770001128,
              274867.16669999994
            ],
            [
              341400.73890000582,
              274862.05079999939
            ],
            [
              341405.27530000918,
              274856.27830000222
            ],
            [
              341410.90690000914,
              274845.52710000239
            ],
            [
              341417.72090000659,
              274837.43330000155
            ],
            [
              341423.79350000899,
              274832.35020000115
            ],
            [
              341431.1002000086,
              274816.70750000142
            ],
            [
              341437.24240000639,
              274804.44580000453
            ],
            [
              341442.47930000909,
              274794.61690000072
            ],
            [
              341443.9988000067,
              274791.52209999971
            ],
            [
              341447.35460000765,
              274788.10410000756
            ],
            [
              341459.7896000091,
              274769.21210000105
            ],
            [
              341470.32480000798,
              274740.91300000437
            ],
            [
              341474.58960000798,
              274730.19670000114
            ],
            [
              341479.48630000744,
              274719.2081000004
            ],
            [
              341486.11230000947,
              274702.03320000134
            ],
            [
              341490.34550001007,
              274693.88630000316
            ],
            [
              341494.3811000092,
              274672.17439999804
            ],
            [
              341503.21640000958,
              274659.84210000001
            ],
            [
              341511.88900000788,
              274651.82540000044
            ],
            [
              341518.41850000806,
              274649.55370000005
            ],
            [
              341525.31970000826,
              274645.48709999956
            ],
            [
              341535.47640000843,
              274637.87630000338
            ],
            [
              341542.25740000792,
              274630.21310000122
            ],
            [
              341549.39990000986,
              274622.77740000188
            ],
            [
              341555.94520000648,
              274612.6688000001
            ],
            [
              341566.36350000929,
              274605.83910000138
            ],
            [
              341590.33050000947,
              274578.68840000033
            ],
            [
              341598.4619000107,
              274572.89660000242
            ],
            [
              341602.73400000855,
              274569.4018000029
            ],
            [
              341608.14250000659,
              274564.90800000168
            ],
            [
              341612.13140000682,
              274555.84570000134
            ],
            [
              341617.08330000844,
              274552.67870000191
            ],
            [
              341622.28650000971,
              274554.05440000072
            ],
            [
              341626.74070001021,
              274548.15929999761
            ],
            [
              341629.30130000971,
              274542.33049999923
            ],
            [
              341636.95950001013,
              274535.57149999961
            ],
            [
              341650.87110001221,
              274523.58460000157
            ],
            [
              341666.15830000956,
              274508.84000000171
            ],
            [
              341675.42710000928,
              274499.66180000268
            ],
            [
              341692.17110000737,
              274479.27980000153
            ],
            [
              341698.04860000964,
              274471.04770000465
            ],
            [
              341707.47480000649,
              274451.77260000072
            ],
            [
              341716.03010001034,
              274442.128800001
            ],
            [
              341721.82930000965,
              274434.16090000235
            ],
            [
              341724.47450000793,
              274425.52040000074
            ],
            [
              341725.7217000071,
              274414.23940000124
            ],
            [
              341728.2728000097,
              274405.48389999941
            ],
            [
              341736.04780000821,
              274392.62000000104
            ],
            [
              341741.74980000872,
              274383.941300001
            ],
            [
              341748.983900005,
              274376.50710000284
            ],
            [
              341759.33360000979,
              274374.11580000259
            ],
            [
              341765.04280000646,
              274372.86400000192
            ],
            [
              341770.31700000912,
              274370.29319999926
            ],
            [
              341773.12280000933,
              274369.97190000117
            ],
            [
              341776.8875000095,
              274369.96600000188
            ],
            [
              341779.22730000503,
              274368.32169999927
            ],
            [
              341780.52730000857,
              274364.51170000061
            ],
            [
              341780.63990000915,
              274359.20020000264
            ],
            [
              341780.60350000858,
              274354.87230000086
            ],
            [
              341779.55490000825,
              274347.33660000376
            ],
            [
              341782.85730000865,
              274342.51350000128
            ],
            [
              341787.103800009,
              274338.38040000014
            ],
            [
              341790.91310000885,
              274336.01790000126
            ],
            [
              341802.95760000963,
              274331.36050000228
            ],
            [
              341812.62970000692,
              274325.37900000252
            ],
            [
              341818.61710000969,
              274323.90300000273
            ],
            [
              341824.81480001006,
              274326.28460000455
            ],
            [
              341824.13860001042,
              274330.78820000216
            ],
            [
              341823.14940000977,
              274337.37630000338
            ],
            [
              341833.37680000812,
              274336.98079999909
            ],
            [
              341842.32760001067,
              274333.32620000094
            ],
            [
              341848.0686000092,
              274326.86170000024
            ],
            [
              341858.53150000703,
              274326.1791999992
            ],
            [
              341868.03200000618,
              274325.56390000135
            ],
            [
              341878.83070001006,
              274322.57120000198
            ],
            [
              341888.96950000897,
              274324.30770000257
            ],
            [
              341899.25520000886,
              274326.02180000208
            ],
            [
              341910.01610000897,
              274326.52260000259
            ],
            [
              341919.99050000962,
              274324.79150000215
            ],
            [
              341930.30560000986,
              274324.61950000376
            ],
            [
              341937.63490000926,
              274323.3217999991
            ],
            [
              341944.51830000803,
              274317.15110000223
            ],
            [
              341952.42950000986,
              274311.15050000139
            ],
            [
              341957.54670000821,
              274310.12020000257
            ],
            [
              341968.10060000606,
              274311.77070000209
            ],
            [
              341977.37260000966,
              274318.07960000075
            ],
            [
              341986.7020000089,
              274323.85520000011
            ],
            [
              341997.89110000804,
              274325.34060000069
            ],
            [
              342008.20570001006,
              274322.84690000489
            ],
            [
              342019.76330001,
              274312.77250000089
            ],
            [
              342026.8062000107,
              274307.6735999994
            ],
            [
              342043.44340000767,
              274282.51830000058
            ],
            [
              342051.742000008,
              274271.21670000441
            ],
            [
              342060.80470001232,
              274263.58940000273
            ],
            [
              342072.65310001187,
              274252.89810000174
            ],
            [
              342078.23260000907,
              274251.59960000031
            ],
            [
              342081.72010001168,
              274253.61060000211
            ],
            [
              342085.28080001008,
              274256.79390000179
            ],
            [
              342087.81840001047,
              274265.90910000168
            ],
            [
              342096.23090000916,
              274276.88379999995
            ],
            [
              342100.96340001002,
              274289.99010000192
            ],
            [
              342102.31890000962,
              274302.76840000041
            ],
            [
              342108.48160000797,
              274306.7321000006
            ],
            [
              342112.19570000749,
              274314.26410000212
            ],
            [
              342118.16480000969,
              274323.41420000046
            ],
            [
              342125.02230000868,
              274330.2696000021
            ],
            [
              342136.93960000947,
              274349.16150000133
            ],
            [
              342138.8951000087,
              274355.82770000212
            ],
            [
              342146.06740000658,
              274359.72389999963
            ],
            [
              342152.08620000817,
              274358.04590000212
            ],
            [
              342155.61720000766,
              274350.64740000106
            ],
            [
              342162.6168000102,
              274351.08050000109
            ],
            [
              342167.33080000617,
              274353.66570000164
            ],
            [
              342172.96440000925,
              274349.94260000251
            ],
            [
              342175.24070000928,
              274346.85520000197
            ],
            [
              342180.37590000872,
              274344.26839999855
            ],
            [
              342188.27490000892,
              274343.56110000052
            ],
            [
              342195.914700008,
              274343.55910000205
            ],
            [
              342200.67290000897,
              274344.32200000063
            ],
            [
              342206.25710000936,
              274343.46710000001
            ],
            [
              342206.2588000074,
              274343.35610000044
            ],
            [
              342213.07510000933,
              274326.65310000442
            ],
            [
              342218.87430000957,
              274311.36360000074
            ],
            [
              342224.89620000776,
              274308.66320000216
            ],
            [
              342232.12910001166,
              274305.9683000017
            ],
            [
              342233.56390000973,
              274297.84190000035
            ],
            [
              342239.5087000085,
              274295.79660000093
            ],
            [
              342249.86630001199,
              274292.80589999817
            ],
            [
              342258.38540001027,
              274290.1753000021
            ],
            [
              342268.6095000105,
              274287.18810000271
            ],
            [
              342277.00000000931,
              274283.76530000009
            ],
            [
              342284.68210000917,
              274276.89360000379
            ],
            [
              342291.90280000865,
              274270.6696000006
            ],
            [
              342309.13980001025,
              274259.72990000248
            ],
            [
              342317.89430000633,
              274254.31770000234
            ],
            [
              342327.79400000907,
              274245.70490000211
            ],
            [
              342334.39350001048,
              274238.03930000216
            ],
            [
              342339.8755000094,
              274233.57460000366
            ],
            [
              342347.62050000671,
              274232.58610000089
            ],
            [
              342356.9173000101,
              274227.51540000364
            ],
            [
              342368.9052000083,
              274219.60119999945
            ],
            [
              342376.05390000809,
              274211.83330000192
            ],
            [
              342381.47770000994,
              274203.48340000026
            ],
            [
              342387.5723000057,
              274187.26430000179
            ],
            [
              342391.34290000889,
              274177.88040000014
            ],
            [
              342396.25160001311,
              274173.79639999941
            ],
            [
              342403.17590000946,
              274170.53360000066
            ],
            [
              342406.62200000882,
              274165.01620000228
            ],
            [
              342408.65790001117,
              274157.85090000369
            ],
            [
              342410.40570001025,
              274144.94670000114
            ],
            [
              342418.18860000931,
              274139.89940000698
            ],
            [
              342431.19470001012,
              274134.91499999911
            ],
            [
              342436.63410000969,
              274130.84420000203
            ],
            [
              342447.03230001032,
              274115.9421000015
            ],
            [
              342456.42010001,
              274104.73510000668
            ],
            [
              342465.04130000807,
              274100.90350000001
            ],
            [
              342471.65440001059,
              274097.8321000021
            ],
            [
              342480.85130000859,
              274093.71880000457
            ],
            [
              342491.05160000641,
              274083.59190000035
            ],
            [
              342504.32150000799,
              274077.00260000117
            ],
            [
              342516.55460000969,
              274066.05160000548
            ],
            [
              342539.01130001061,
              274046.21900000237
            ],
            [
              342544.72920000926,
              274041.08650000207
            ],
            [
              342550.36750000902,
              274038.06909999996
            ],
            [
              342556.98080001026,
              274033.86780000106
            ],
            [
              342564.35520001221,
              274031.04480000027
            ],
            [
              342572.02430000994,
              274028.28949999996
            ],
            [
              342579.47280000988,
              274024.88279999979
            ],
            [
              342584.10600000806,
              274027.08610000275
            ],
            [
              342584.26240000874,
              274028.75329999998
            ],
            [
              342584.35360000841,
              274028.75470000133
            ],
            [
              342581.78670000751,
              274044.60200000182
            ],
            [
              342574.09010000806,
              274058.48610000312
            ],
            [
              342574.99550000671,
              274070.59740000218
            ],
            [
              342573.48430000991,
              274084.9913000036
            ],
            [
              342572.9368000105,
              274095.52319999784
            ],
            [
              342576.49400001112,
              274096.32300000265
            ],
            [
              342581.22080000676,
              274095.82990000211
            ],
            [
              342591.24660001043,
              274095.56350000389
            ],
            [
              342603.01420000941,
              274098.98790000007
            ],
            [
              342610.49420000799,
              274100.72189999931
            ],
            [
              342633.1123000104,
              274098.66349999979
            ],
            [
              342646.06410000939,
              274100.787200002
            ],
            [
              342662.22320000827,
              274103.27590000629
            ],
            [
              342671.12840001006,
              274111.62529999763
            ],
            [
              342675.46840000898,
              274120.20629999973
            ],
            [
              342687.70870001055,
              274127.85990000144
            ],
            [
              342689.77100000903,
              274134.80950000137
            ],
            [
              342693.07080000825,
              274141.43139999919
            ],
            [
              342694.81710000988,
              274148.79420000315
            ],
            [
              342701.31410000939,
              274159.32850000076
            ],
            [
              342703.82300000824,
              274169.28470000252
            ],
            [
              342706.72950000968,
              274173.69109999947
            ],
            [
              342710.1619000053,
              274181.04680000246
            ],
            [
              342711.07960000914,
              274197.85220000148
            ],
            [
              342710.11300001014,
              274211.5859999992
            ],
            [
              342712.89840000868,
              274223.63360000588
            ],
            [
              342717.30210000928,
              274232.09710000455
            ],
            [
              342718.84390000813,
              274241.67989999987
            ],
            [
              342724.89980000723,
              274249.04490000382
            ],
            [
              342733.00180000905,
              274251.16459999979
            ],
            [
              342742.96500000823,
              274255.9822000023
            ],
            [
              342752.48420000821,
              274260.01590000279
            ],
            [
              342762.39450000972,
              274262.39110000618
            ],
            [
              342771.73470000923,
              274266.20009999722
            ],
            [
              342780.77500000875,
              274271.66910000145
            ],
            [
              342788.60140000656,
              274278.89480000176
            ],
            [
              342793.56280000973,
              274288.40630000085
            ],
            [
              342799.71720001008,
              274297.49250000156
            ],
            [
              342805.83590001054,
              274300.09830000252
            ],
            [
              342809.70470001176,
              274300.75680000149
            ],
            [
              342809.70640000887,
              274300.64580000192
            ],
            [
              342813.824200009,
              274300.64740000479
            ],
            [
              342820.90880001057,
              274294.66559999995
            ],
            [
              342830.01070001069,
              274290.2153000012
            ],
            [
              342840.21900000982,
              274281.15429999866
            ],
            [
              342848.08150001243,
              274273.21319999918
            ],
            [
              342859.81780001055,
              274259.9979000017
            ],
            [
              342870.38610000815,
              274256.02550000325
            ],
            [
              342889.55230000895,
              274248.84950000048
            ],
            [
              342896.06920000538,
              274246.14570000209
            ],
            [
              342900.96180000901,
              274242.92459999956
            ],
            [
              342903.78660000954,
              274234.93250000291
            ],
            [
              342912.89110000897,
              274231.46030000225
            ],
            [
              342919.98370000999,
              274228.79549999908
            ],
            [
              342923.66530000884,
              274223.4383000005
            ],
            [
              342928.95080001,
              274215.94700000435
            ],
            [
              342931.54520000797,
              274208.55680000037
            ],
            [
              342938.53190000728,
              274206.36950000376
            ],
            [
              342944.87570000999,
              274202.56640000083
            ],
            [
              342951.37640001159,
              274188.77030000091
            ],
            [
              342953.96420001052,
              274178.19830000214
            ],
            [
              342958.32520000916,
              274176.92030000314
            ],
            [
              342962.40020000935,
              274176.89320000447
            ],
            [
              342964.80800000951,
              274172.66360000335
            ],
            [
              342969.12680000812,
              274169.98399999924
            ],
            [
              342972.16160001233,
              274169.09020000137
            ],
            [
              342975.70910000894,
              274169.42060000077
            ],
            [
              342979.94150000997,
              274172.41320000216
            ],
            [
              342988.64890001062,
              274180.04290000349
            ],
            [
              342993.03750000987,
              274182.92000000179
            ],
            [
              342999.08670001011,
              274187.82800000347
            ],
            [
              342999.40070001036,
              274196.49720000103
            ],
            [
              343000.09590001032,
              274202.10080000013
            ],
            [
              343005.28640000988,
              274206.73809999973
            ],
            [
              343008.0824000081,
              274209.42589999922
            ],
            [
              343012.49580000713,
              274212.9123999998
            ],
            [
              343015.7035000138,
              274218.0914000012
            ],
            [
              343019.71680000983,
              274224.86810000241
            ],
            [
              343027.5069000097,
              274224.82160000131
            ],
            [
              343032.29000000656,
              274228.67540000193
            ],
            [
              343036.31260000914,
              274236.2706000004
            ],
            [
              343041.0943000121,
              274242.6034000013
            ],
            [
              343045.96630000975,
              274249.42050000094
            ],
            [
              343053.79350000992,
              274253.08819999732
            ],
            [
              343057.33880000934,
              274253.46260000207
            ],
            [
              343063.28740000911,
              274258.86209999956
            ],
            [
              343063.33170000836,
              274266.67370000109
            ],
            [
              343057.57050001249,
              274282.94349999912
            ],
            [
              343054.71110000927,
              274294.85089999996
            ],
            [
              343050.72180000972,
              274308.32049999945
            ],
            [
              343038.26560000889,
              274325.41960000247
            ],
            [
              343026.79090001248,
              274336.67920000106
            ],
            [
              343019.59350000881,
              274346.81350000016
            ],
            [
              343012.36300001014,
              274354.48600000702
            ],
            [
              343008.78980001062,
              274359.57589999959
            ],
            [
              343000.41010000836,
              274367.1408000011
            ],
            [
              342993.60550000984,
              274375.67320000008
            ],
            [
              342985.43350000773,
              274384.6454000026
            ],
            [
              342979.46350000892,
              274392.87539999932
            ],
            [
              342974.27450000867,
              274403.67019999959
            ],
            [
              342960.65740000829,
              274422.32330000214
            ],
            [
              342953.76110000629,
              274431.42660000175
            ],
            [
              342943.62560001295,
              274437.59340000339
            ],
            [
              342939.89240000956,
              274448.16230000183
            ],
            [
              342938.50550000928,
              274458.65810000151
            ],
            [
              342938.77020000666,
              274465.48810000159
            ],
            [
              342937.99740001,
              274476.34910000302
            ],
            [
              342937.83180000819,
              274486.88990000263
            ],
            [
              342933.05210001022,
              274500.68770000152
            ],
            [
              342934.72340000886,
              274510.48050000146
            ],
            [
              342933.99210001156,
              274522.62630000152
            ],
            [
              342939.35750000924,
              274527.29910000041
            ],
            [
              342950.98990001064,
              274532.097000001
            ],
            [
              342963.70120000839,
              274540.44800000079
            ],
            [
              342965.30540000927,
              274554.72910000011
            ],
            [
              342961.4977000095,
              274566.05189999938
            ],
            [
              342954.30900000967,
              274572.59040000103
            ],
            [
              342943.36130000651,
              274577.22709999979
            ],
            [
              342936.78170001041,
              274574.02000000514
            ],
            [
              342933.96000001021,
              274568.39040000364
            ],
            [
              342931.58220000938,
              274558.64580000192
            ],
            [
              342928.00830001011,
              274552.2266000025
            ],
            [
              342923.94240000844,
              274543.7268000003
            ],
            [
              342915.75440000929,
              274538.70519999973
            ],
            [
              342904.02170000877,
              274529.12450000085
            ],
            [
              342902.6710000094,
              274515.50390000269
            ],
            [
              342889.35820000619,
              274509.54030000046
            ],
            [
              342876.53320000786,
              274501.50470000133
            ],
            [
              342863.25830000639,
              274500.50970000215
            ],
            [
              342854.04200000968,
              274500.31200000457
            ],
            [
              342843.49640000798,
              274499.96480000205
            ],
            [
              342821.41320000961,
              274499.68630000204
            ],
            [
              342813.3661000086,
              274498.8973000031
            ],
            [
              342810.73300000932,
              274496.88010000065
            ],
            [
              342800.79430001043,
              274496.2947000023
            ],
            [
              342790.60680001043,
              274497.04120000638
            ],
            [
              342782.19380000606,
              274497.01210000552
            ],
            [
              342778.0908000106,
              274493.19810000062
            ],
            [
              342774.03210001066,
              274487.87500000186
            ],
            [
              342773.13170000818,
              274483.13420000114
            ],
            [
              342759.71720000636,
              274476.74330000021
            ],
            [
              342751.59350000974,
              274470.79040000215
            ],
            [
              342746.36180000938,
              274463.20990000106
            ],
            [
              342738.19280000962,
              274463.25599999912
            ],
            [
              342725.9191000089,
              274464.14100000076
            ],
            [
              342722.37310000695,
              274470.94519999996
            ],
            [
              342721.11050000973,
              274475.79210000113
            ],
            [
              342710.83470000979,
              274483.4691000022
            ],
            [
              342702.0656000087,
              274486.99240000173
            ],
            [
              342689.45990000851,
              274479.49819999933
            ],
            [
              342678.66000000946,
              274487.32320000045
            ],
            [
              342672.11790000927,
              274494.61690000258
            ],
            [
              342673.57510000747,
              274502.38599999994
            ],
            [
              342667.73240000848,
              274510.23839999922
            ],
            [
              342662.92550001014,
              274514.06840000115
            ],
            [
              342658.95470001083,
              274527.47650000267
            ],
            [
              342659.61030000821,
              274537.2303000018
            ],
            [
              342666.04050001316,
              274548.92830000259
            ],
            [
              342675.52050000988,
              274552.91380000301
            ],
            [
              342685.3026000103,
              274557.61760000139
            ],
            [
              342695.46890000999,
              274561.10649999976
            ],
            [
              342702.77850000933,
              274572.19470000453
            ],
            [
              342712.19940000959,
              274580.27840000205
            ],
            [
              342731.59150000941,
              274600.58170000277
            ],
            [
              342739.44880000874,
              274615.9346000012
            ],
            [
              342739.88900000881,
              274623.93710000068
            ],
            [
              342738.57890001033,
              274635.2712000031
            ],
            [
              342739.12710000947,
              274647.96939999983
            ],
            [
              342739.84690000955,
              274665.42239999957
            ],
            [
              342742.31930000894,
              274677.18550000153
            ],
            [
              342736.2215000093,
              274688.07919999957
            ],
            [
              342737.41090000886,
              274699.91650000028
            ],
            [
              342736.09270001017,
              274710.3359999992
            ],
            [
              342725.61560000945,
              274720.11290000007
            ],
            [
              342719.06350001134,
              274734.42010000162
            ],
            [
              342713.88090001047,
              274744.22800000384
            ],
            [
              342704.94580001011,
              274754.43469999917
            ],
            [
              342699.78250000812,
              274761.57000000216
            ],
            [
              342692.0508000087,
              274764.48890000209
            ],
            [
              342683.39080000855,
              274766.79070000164
            ],
            [
              342668.30950000975,
              274766.1483000014
            ],
            [
              342664.13810000941,
              274763.21959999949
            ],
            [
              342605.76870001014,
              274735.84750000201
            ],
            [
              342594.04340001196,
              274732.31690000184
            ],
            [
              342584.23880001064,
              274729.05570000038
            ],
            [
              342574.1300000092,
              274724.72300000302
            ],
            [
              342563.69400000945,
              274721.16180000082
            ],
            [
              342549.71170000825,
              274720.39380000159
            ],
            [
              342541.31520000845,
              274719.50439999998
            ],
            [
              342536.62060000934,
              274720.25580000319
            ],
            [
              342523.56720000878,
              274720.31269999966
            ],
            [
              342510.98000000883,
              274732.32320000231
            ],
            [
              342500.04030000884,
              274748.21800000407
            ],
            [
              342492.26320000645,
              274771.68789999932
            ],
            [
              342492.65250000916,
              274784.82020000368
            ],
            [
              342493.76940000895,
              274795.40269999951
            ],
            [
              342496.29080000799,
              274808.51890000142
            ]
          ]
        ]
      }
    },
    {
      "attributes" : {
        "FID" : 1,
        "PMNTN_SN" : 45688,
        "MNTN_CODE" : "481100304",
        "MNTN_NM" : "저도비치로드",
        "PMNTN_NM" : "구복리구간",
        "PMNTN_MAIN" : " ",
        "PMNTN_LT" : 1.79,
        "PMNTN_DFFL" : "쉬움",
        "PMNTN_UPPL" : 34,
        "PMNTN_GODN" : 23,
        "PMNTN_MTRQ" : " ",
        "PMNTN_CNRL" : " ",
        "PMNTN_CLS_" : " ",
        "PMNTN_RISK" : " ",
        "PMNTN_RECO" : " ",
        "DATA_STDR_" : "2016-12-31",
        "MNTN_ID" : "481100304"
      },
      "geometry" : {
        "paths" : [
          [
            [
              342496.29080000799,
              274808.51890000142
            ],
            [
              342493.2402000092,
              274807.85890000314
            ],
            [
              342487.20770000853,
              274807.99389999732
            ],
            [
              342477.67390000913,
              274805.75999999978
            ],
            [
              342468.25580000691,
              274804.01130000316
            ],
            [
              342459.99960000906,
              274800.35460000113
            ],
            [
              342452.44480000716,
              274795.8916000016
            ],
            [
              342437.75900000893,
              274788.13460000046
            ],
            [
              342419.26800000947,
              274779.2137000002
            ],
            [
              342396.65650000982,
              274762.37650000118
            ],
            [
              342369.31730001047,
              274741.6203000024
            ],
            [
              342353.91390000843,
              274733.71840000153
            ],
            [
              342352.24680000823,
              274724.31269999966
            ],
            [
              342348.60070000961,
              274712.38050000183
            ],
            [
              342343.73410000838,
              274705.51630000025
            ],
            [
              342337.07280001044,
              274689.30270000175
            ],
            [
              342330.79740000796,
              274680.73949999921
            ],
            [
              342322.17540000658,
              274674.80059999973
            ],
            [
              342310.64120000787,
              274658.85000000149
            ],
            [
              342303.90030001011,
              274651.81069999933
            ],
            [
              342302.5459000105,
              274625.31930000149
            ],
            [
              342300.72670000698,
              274561.80749999918
            ],
            [
              342313.6839000117,
              274557.53770000115
            ],
            [
              342317.9770000102,
              274554.24190000072
            ],
            [
              342321.7577000102,
              274553.29170000181
            ],
            [
              342328.34540001024,
              274552.74740000814
            ],
            [
              342329.90020000841,
              274550.69150000438
            ],
            [
              342331.35020001046,
              274543.41650000401
            ],
            [
              342330.93140000943,
              274535.87560000271
            ],
            [
              342330.9091000082,
              274534.03270000033
            ],
            [
              342332.02060001064,
              274533.50640000403
            ],
            [
              342334.6067000106,
              274534.48340000212
            ],
            [
              342337.85900000855,
              274535.48670000024
            ],
            [
              342338.0329000121,
              274534.2686999999
            ],
            [
              342338.18860001024,
              274532.83700000308
            ],
            [
              342337.25230000913,
              274529.81690000184
            ],
            [
              342335.12330000754,
              274528.49220000207
            ],
            [
              342336.17010001,
              274525.92330000363
            ],
            [
              342337.23550001066,
              274524.00310000032
            ],
            [
              342337.98490000609,
              274515.10790000111
            ],
            [
              342342.37620000914,
              274502.02869999968
            ],
            [
              342348.49810000695,
              274498.7137000002
            ],
            [
              342359.00370000675,
              274497.37700000219
            ],
            [
              342366.65760000609,
              274496.38740000501
            ],
            [
              342374.211300008,
              274495.63350000046
            ],
            [
              342382.16700000968,
              274491.25350000151
            ],
            [
              342385.91520000808,
              274483.55130000226
            ],
            [
              342390.04540000856,
              274469.28280000575
            ],
            [
              342390.23050000612,
              274466.93449999951
            ],
            [
              342391.53400000837,
              274459.40789999999
            ],
            [
              342392.17210000847,
              274451.5393000003
            ],
            [
              342387.68640000839,
              274437.84410000034
            ],
            [
              342387.57560000848,
              274430.26979999989
            ],
            [
              342390.21010000911,
              274424.69290000014
            ],
            [
              342391.47990000993,
              274418.37340000458
            ],
            [
              342391.62930001039,
              274411.80519999936
            ],
            [
              342394.53280000947,
              274409.77370000072
            ],
            [
              342396.25340000633,
              274407.31130000204
            ],
            [
              342396.35780000966,
              274396.74090000242
            ],
            [
              342396.37660001125,
              274388.92779999971
            ],
            [
              342393.62480001058,
              274386.90220000222
            ],
            [
              342389.98140001018,
              274387.21290000156
            ],
            [
              342385.90400001127,
              274389.28480000049
            ],
            [
              342380.85800000932,
              274392.0241000019
            ],
            [
              342363.70670000929,
              274400.43930000439
            ],
            [
              342341.75350000896,
              274407.8666999992
            ],
            [
              342316.98980000988,
              274411.61120000295
            ],
            [
              342290.44210000616,
              274415.98399999924
            ],
            [
              342285.18010000791,
              274414.90719999932
            ],
            [
              342270.71560000908,
              274413.77630000003
            ],
            [
              342248.67230000906,
              274419.65059999935
            ],
            [
              342238.27500000969,
              274427.89570000209
            ],
            [
              342222.96270000935,
              274429.53770000115
            ],
            [
              342212.71450000908,
              274427.8861999996
            ],
            [
              342203.9230000088,
              274433.55709999986
            ],
            [
              342192.44500000961,
              274441.34710000269
            ],
            [
              342174.74210000876,
              274441.37230000086
            ],
            [
              342165.34470001236,
              274443.38300000131
            ],
            [
              342145.47380000819,
              274444.1232000012
            ],
            [
              342130.40540000796,
              274445.32840000093
            ],
            [
              342118.00680000894,
              274448.90330000222
            ],
            [
              342102.35900001042,
              274445.37490000203
            ],
            [
              342091.95410000812,
              274445.19519999996
            ],
            [
              342081.09010000993,
              274444.09940000251
            ],
            [
              342070.44140000641,
              274442.26830000058
            ],
            [
              342061.47720000986,
              274441.24379999936
            ],
            [
              342052.3745000083,
              274443.94420000166
            ],
            [
              342040.60000000987,
              274452.61820000038
            ],
            [
              342028.82680000924,
              274463.9235999994
            ],
            [
              342020.52780000679,
              274475.71560000069
            ],
            [
              342011.73530000914,
              274490.9682
            ],
            [
              342009.93530000839,
              274507.71050000004
            ],
            [
              342009.22080001049,
              274524.22640000097
            ],
            [
              342006.05470001139,
              274539.21810000017
            ],
            [
              341987.92090000957,
              274549.98630000092
            ],
            [
              341976.33890001196,
              274558.08940000273
            ],
            [
              341955.5385000091,
              274571.18550000153
            ],
            [
              341949.06240000948,
              274577.00580000132
            ],
            [
              341944.0781000061,
              274583.80250000022
            ],
            [
              341942.02080000937,
              274589.0092999991
            ],
            [
              341930.59290000889,
              274600.97189999931
            ],
            [
              341927.91970000882,
              274602.80269999988
            ],
            [
              341923.19550001062,
              274610.45959999971
            ],
            [
              341919.30620000977,
              274616.7631000001
            ],
            [
              341916.03840000927,
              274621.4430999998
            ],
            [
              341912.55250001047,
              274624.17790000513
            ],
            [
              341908.42260000855,
              274623.83929999918
            ],
            [
              341905.85660000984,
              274622.44840000011
            ],
            [
              341901.90770000685,
              274626.29120000079
            ],
            [
              341899.19180000853,
              274629.91059999913
            ],
            [
              341896.94300001115,
              274633.96180000156
            ],
            [
              341895.39200001024,
              274638.31010000035
            ],
            [
              341895.9165000096,
              274640.87690000236
            ],
            [
              341894.45460000914,
              274644.17190000229
            ],
            [
              341890.20390001033,
              274649.04890000261
            ],
            [
              341887.7718000086,
              274651.56220000423
            ],
            [
              341882.22920001298,
              274655.46660000086
            ],
            [
              341875.43840001058,
              274656.25450000167
            ],
            [
              341869.31340000965,
              274656.46580000035
            ],
            [
              341862.1179000074,
              274659.59050000086
            ],
            [
              341851.95500000753,
              274663.36390000023
            ],
            [
              341844.11430000886,
              274666.76649999991
            ],
            [
              341837.80990000907,
              274671.17730000243
            ],
            [
              341832.58200001158,
              274674.7993999999
            ],
            [
              341832.49070000835,
              274674.79800000414
            ],
            [
              341815.38220005482,
              274683.78820000403
            ],
            [
              341690.9742000727,
              274790.94739999995
            ],
            [
              341601.02410007361,
              274941.70520000905
            ],
            [
              341637.62440006901,
              275046.82009999827
            ],
            [
              341637.68753394019,
              275071.40119320713
            ]
          ]
        ]
      }
    },
    {
      "attributes" : {
        "FID" : 2,
        "PMNTN_SN" : 45689,
        "MNTN_CODE" : "481100304",
        "MNTN_NM" : "저도비치로드",
        "PMNTN_NM" : "구복리구간",
        "PMNTN_MAIN" : " ",
        "PMNTN_LT" : 1.1,
        "PMNTN_DFFL" : "쉬움",
        "PMNTN_UPPL" : 19,
        "PMNTN_GODN" : 14,
        "PMNTN_MTRQ" : " ",
        "PMNTN_CNRL" : " ",
        "PMNTN_CLS_" : " ",
        "PMNTN_RISK" : " ",
        "PMNTN_RECO" : " ",
        "DATA_STDR_" : "2016-12-31",
        "MNTN_ID" : "481100304"
      },
      "geometry" : {
        "paths" : [
          [
            [
              342496.29080000799,
              274808.51890000142
            ],
            [
              342514.67690001149,
              274817.97290000133
            ],
            [
              342528.21070000809,
              274827.84039999731
            ],
            [
              342542.85150000826,
              274836.94849999994
            ],
            [
              342553.46050000656,
              274847.10320000164
            ],
            [
              342557.56070000958,
              274859.15360000171
            ],
            [
              342558.73100000992,
              274871.82399999909
            ],
            [
              342559.25040000863,
              274885.26110000722
            ],
            [
              342557.64020000957,
              274900.66259999946
            ],
            [
              342554.81100000814,
              274918.15350000001
            ],
            [
              342550.60630001035,
              274936.06689999998
            ],
            [
              342544.25380001031,
              274951.28300000168
            ],
            [
              342535.54320001043,
              274965.57429999858
            ],
            [
              342524.45190001186,
              274980.38330000266
            ],
            [
              342512.3362000091,
              274996.50800000317
            ],
            [
              342507.35310000833,
              275005.86349999905
            ],
            [
              342503.08260000963,
              275016.33990000375
            ],
            [
              342500.18400001153,
              275026.61600000225
            ],
            [
              342498.65560000949,
              275036.80250000209
            ],
            [
              342496.73360001016,
              275054.64059999958
            ],
            [
              342490.19700000808,
              275069.96490000002
            ],
            [
              342477.58450001292,
              275082.86329999939
            ],
            [
              342469.3642000081,
              275089.17160000652
            ],
            [
              342460.50700001046,
              275095.35890000127
            ],
            [
              342416.06120000966,
              275124.85030000098
            ],
            [
              342408.19370000809,
              275131.94100000151
            ],
            [
              342401.41570000816,
              275139.38170000166
            ],
            [
              342395.17820001021,
              275147.27490000054
            ],
            [
              342384.26460001245,
              275162.41970000044
            ],
            [
              342357.9743000092,
              275203.84880000167
            ],
            [
              342328.74150001071,
              275252.55680000223
            ],
            [
              342316.36800000817,
              275266.4804999996
            ],
            [
              342308.25420001056,
              275280.32320000045
            ],
            [
              342308.26500000991,
              275297.41840000451
            ],
            [
              342311.92980000842,
              275315.04580000229
            ],
            [
              342315.65020000841,
              275321.75210000016
            ],
            [
              342320.55250001047,
              275328.65780000202
            ],
            [
              342331.24830000848,
              275337.27600000054
            ],
            [
              342343.75100001041,
              275343.02090000361
            ],
            [
              342356.72890000883,
              275347.55230000429
            ],
            [
              342371.88580001052,
              275352.78380000219
            ],
            [
              342385.92550000641,
              275359.44060000032
            ],
            [
              342407.92540001031,
              275370.55040000379
            ],
            [
              342418.30200000945,
              275378.03769999929
            ],
            [
              342426.27880001068,
              275387.26330000162
            ],
            [
              342433.9193000095,
              275400.47890000045
            ],
            [
              342437.77700000629,
              275410.52779999934
            ],
            [
              342440.3791000098,
              275424.99640000425
            ],
            [
              342440.22270000912,
              275434.98240000382
            ],
            [
              342438.53890000936,
              275449.27280000225
            ],
            [
              342438.41120000836,
              275463.25470000319
            ],
            [
              342441.16710001044,
              275473.73030000366
            ],
            [
              342445.30530001223,
              275483.33960000053
            ],
            [
              342447.00640000962,
              275490.02350000106
            ],
            [
              342460.33770000935,
              275513.98450000212
            ],
            [
              342470.2486000089,
              275527.820600003
            ],
            [
              342476.48750001099,
              275538.90220000222
            ],
            [
              342576.07020000927,
              275680.76999999955
            ]
          ]
        ]
      }
    },
    {
      "attributes" : {
        "FID" : 3,
        "PMNTN_SN" : 45690,
        "MNTN_CODE" : "481100304",
        "MNTN_NM" : "저도비치로드",
        "PMNTN_NM" : "구복리구간",
        "PMNTN_MAIN" : " ",
        "PMNTN_LT" : 0.3,
        "PMNTN_DFFL" : "쉬움",
        "PMNTN_UPPL" : 5,
        "PMNTN_GODN" : 4,
        "PMNTN_MTRQ" : " ",
        "PMNTN_CNRL" : " ",
        "PMNTN_CLS_" : " ",
        "PMNTN_RISK" : " ",
        "PMNTN_RECO" : " ",
        "DATA_STDR_" : "2016-12-31",
        "MNTN_ID" : "481100304"
      },
      "geometry" : {
        "paths" : [
          [
            [
              341580.72350004315,
              275357.13030000404
            ],
            [
              341582.21660004929,
              275353.95310000703
            ],
            [
              341638.089900041,
              275228.06189999729
            ],
            [
              341637.68753392901,
              275071.40119320713
            ]
          ]
        ]
      }
    }
  ]
}