{
  "displayFieldName" : "",
  "fieldAliases" : {
    "FID" : "FID",
    "PMNTN_SN" : "PMNTN_SN",
    "MNTN_CODE" : "MNTN_CODE",
    "MNTN_NM" : "MNTN_NM",
    "PMNTN_NM" : "PMNTN_NM",
    "PMNTN_MAIN" : "PMNTN_MAIN",
    "PMNTN_LT" : "PMNTN_LT",
    "PMNTN_DFFL" : "PMNTN_DFFL",
    "PMNTN_UPPL" : "PMNTN_UPPL",
    "PMNTN_GODN" : "PMNTN_GODN",
    "PMNTN_MTRQ" : "PMNTN_MTRQ",
    "PMNTN_CNRL" : "PMNTN_CNRL",
    "PMNTN_CLS_" : "PMNTN_CLS_",
    "PMNTN_RISK" : "PMNTN_RISK",
    "PMNTN_RECO" : "PMNTN_RECO",
    "DATA_STDR_" : "DATA_STDR_",
    "MNTN_ID" : "MNTN_ID"
  },
  "geometryType" : "esriGeometryPolyline",
  "spatialReference" : {
    "wkt" : "PROJCS[\"PCS_ITRF2000_TM\",GEOGCS[\"GCS_ITRF_2000\",DATUM[\"D_ITRF_2000\",SPHEROID[\"GRS_1980\",6378137.0,298.257222101]],PRIMEM[\"Greenwich\",0.0],UNIT[\"Degree\",0.0174532925199433]],PROJECTION[\"Transverse_Mercator\"],PARAMETER[\"False_Easting\",200000.0],PARAMETER[\"False_Northing\",600000.0],PARAMETER[\"Central_Meridian\",127.0],PARAMETER[\"Scale_Factor\",1.0],PARAMETER[\"Latitude_Of_Origin\",38.0],UNIT[\"Meter\",1.0]]"
  },
  "fields" : [
    {
      "name" : "FID",
      "type" : "esriFieldTypeOID",
      "alias" : "FID"
    },
    {
      "name" : "PMNTN_SN",
      "type" : "esriFieldTypeDouble",
      "alias" : "PMNTN_SN"
    },
    {
      "name" : "MNTN_CODE",
      "type" : "esriFieldTypeString",
      "alias" : "MNTN_CODE",
      "length" : 9
    },
    {
      "name" : "MNTN_NM",
      "type" : "esriFieldTypeString",
      "alias" : "MNTN_NM",
      "length" : 50
    },
    {
      "name" : "PMNTN_NM",
      "type" : "esriFieldTypeString",
      "alias" : "PMNTN_NM",
      "length" : 50
    },
    {
      "name" : "PMNTN_MAIN",
      "type" : "esriFieldTypeString",
      "alias" : "PMNTN_MAIN",
      "length" : 200
    },
    {
      "name" : "PMNTN_LT",
      "type" : "esriFieldTypeSingle",
      "alias" : "PMNTN_LT"
    },
    {
      "name" : "PMNTN_DFFL",
      "type" : "esriFieldTypeString",
      "alias" : "PMNTN_DFFL",
      "length" : 8
    },
    {
      "name" : "PMNTN_UPPL",
      "type" : "esriFieldTypeDouble",
      "alias" : "PMNTN_UPPL"
    },
    {
      "name" : "PMNTN_GODN",
      "type" : "esriFieldTypeDouble",
      "alias" : "PMNTN_GODN"
    },
    {
      "name" : "PMNTN_MTRQ",
      "type" : "esriFieldTypeString",
      "alias" : "PMNTN_MTRQ",
      "length" : 200
    },
    {
      "name" : "PMNTN_CNRL",
      "type" : "esriFieldTypeString",
      "alias" : "PMNTN_CNRL",
      "length" : 1
    },
    {
      "name" : "PMNTN_CLS_",
      "type" : "esriFieldTypeString",
      "alias" : "PMNTN_CLS_",
      "length" : 1
    },
    {
      "name" : "PMNTN_RISK",
      "type" : "esriFieldTypeString",
      "alias" : "PMNTN_RISK",
      "length" : 200
    },
    {
      "name" : "PMNTN_RECO",
      "type" : "esriFieldTypeString",
      "alias" : "PMNTN_RECO",
      "length" : 1
    },
    {
      "name" : "DATA_STDR_",
      "type" : "esriFieldTypeString",
      "alias" : "DATA_STDR_",
      "length" : 10
    },
    {
      "name" : "MNTN_ID",
      "type" : "esriFieldTypeString",
      "alias" : "MNTN_ID",
      "length" : 10
    }
  ],
  "features" : [
    {
      "attributes" : {
        "FID" : 0,
        "PMNTN_SN" : 43885,
        "MNTN_CODE" : "468901901",
        "MNTN_NM" : "이치산",
        "PMNTN_NM" : "노화읍사무소-물목이네공원구간",
        "PMNTN_MAIN" : " ",
        "PMNTN_LT" : 0.65,
        "PMNTN_DFFL" : "쉬움",
        "PMNTN_UPPL" : 11,
        "PMNTN_GODN" : 8,
        "PMNTN_MTRQ" : "토사",
        "PMNTN_CNRL" : " ",
        "PMNTN_CLS_" : " ",
        "PMNTN_RISK" : " ",
        "PMNTN_RECO" : " ",
        "DATA_STDR_" : "2016-12-31",
        "MNTN_ID" : "468901901"
      },
      "geometry" : {
        "paths" : [
          [
            [
              160909.57550000027,
              176250.79160000011
            ],
            [
              160908.69270000048,
              176231.46189999953
            ],
            [
              160909.46060000081,
              176216.62310000136
            ],
            [
              160910.30710000079,
              176198.70740000159
            ],
            [
              160899.06099999975,
              176198.87100000121
            ],
            [
              160896.33380000014,
              176196.24540000223
            ],
            [
              160894.56140000094,
              176191.91229999997
            ],
            [
              160893.70999999996,
              176183.88869999908
            ],
            [
              160892.14100000076,
              176173.54450000264
            ],
            [
              160891.60589999892,
              176165.32110000215
            ],
            [
              160883.9532000022,
              176164.73350000009
            ],
            [
              160880.70060000103,
              176165.82509999909
            ],
            [
              160874.02070000023,
              176167.44810000062
            ],
            [
              160870.41470000148,
              176172.59580000117
            ],
            [
              160865.37150000222,
              176177.57689999975
            ],
            [
              160858.72369999997,
              176180.85060000233
            ],
            [
              160852.22269999981,
              176180.13440000266
            ],
            [
              160847.38570000045,
              176185.23579999991
            ],
            [
              160841.75690000318,
              176188.41090000048
            ],
            [
              160836.05329999886,
              176185.9822999984
            ],
            [
              160829.12650000211,
              176184.11850000359
            ],
            [
              160828.0250000013,
              176189.45600000396
            ],
            [
              160824.76750000194,
              176192.94860000163
            ],
            [
              160819.15170000121,
              176194.58369999938
            ],
            [
              160813.925400001,
              176196.92320000567
            ],
            [
              160808.30800000113,
              176198.47360000201
            ],
            [
              160802.33470000047,
              176201.49080000259
            ],
            [
              160796.48490000051,
              176199.23440000415
            ],
            [
              160791.78619999997,
              176199.18870000169
            ],
            [
              160787.7909000013,
              176201.32890000567
            ],
            [
              160782.69940000027,
              176206.37040000223
            ],
            [
              160774.95779999997,
              176208.60320000164
            ],
            [
              160767.21989999991,
              176210.74400000274
            ],
            [
              160762.8962000031,
              176215.05360000208
            ],
            [
              160754.26120000146,
              176216.54160000384
            ],
            [
              160747.86270000134,
              176219.03270000033
            ],
            [
              160741.58129999973,
              176218.15520000085
            ],
            [
              160734.17800000124,
              176218.68019999936
            ],
            [
              160728.50600000005,
              176222.08710000291
            ],
            [
              160724.98250000365,
              176225.41250000149
            ],
            [
              160722.21899999958,
              176228.42760000005
            ],
            [
              160713.86370000057,
              176232.32740000449
            ],
            [
              160706.60129999928,
              176234.17679999955
            ],
            [
              160700.36330000125,
              176237.30650000274
            ],
            [
              160693.78790000174,
              176238.2237999998
            ],
            [
              160687.03710000124,
              176238.95920000412
            ],
            [
              160679.55580000021,
              176237.78999999911
            ],
            [
              160673.12099999934,
              176239.39010000415
            ],
            [
              160666.37800000049,
              176241.11779999919
            ],
            [
              160659.752700001,
              176242.82660000585
            ],
            [
              160653.04050000012,
              176245.36629999988
            ],
            [
              160644.51630000118,
              176246.57039999962
            ],
            [
              160638.05360000301,
              176248.3069000002
            ],
            [
              160632.28010000195,
              176250.63120000251
            ],
            [
              160625.48380000331,
              176249.74990000017
            ],
            [
              160618.10440000147,
              176250.49330000207
            ],
            [
              160610.59390000254,
              176252.03439999931
            ],
            [
              160603.74540000223,
              176253.24530000053
            ],
            [
              160596.46010000072,
              176253.30839999765
            ],
            [
              160589.57469999976,
              176253.25330000371
            ],
            [
              160582.9711000016,
              176255.01820000075
            ],
            [
              160577.14360000007,
              176252.54560000449
            ],
            [
              160569.59599999897,
              176252.38440000266
            ],
            [
              160561.12310000136,
              176252.48340000026
            ],
            [
              160553.03019999992,
              176252.39059999958
            ],
            [
              160544.81439999957,
              176252.84770000167
            ],
            [
              160538.25550000183,
              176250.66210000031
            ],
            [
              160532.35830000043,
              176249.08779999986
            ],
            [
              160524.28139999975,
              176246.04490000196
            ],
            [
              160516.16189999972,
              176246.32750000246
            ],
            [
              160509.94740000181,
              176245.09090000391
            ],
            [
              160503.63030000124,
              176246.43010000139
            ],
            [
              160498.03929999936,
              176246.53470000252
            ],
            [
              160490.17590000294,
              176247.25160000101
            ],
            [
              160484.54450000264,
              176249.72350000218
            ],
            [
              160475.59820000175,
              176250.87390000187
            ],
            [
              160468.43080000207,
              176252.50870000385
            ],
            [
              160460.90970000159,
              176252.30500000156
            ],
            [
              160453.9941000035,
              176252.69250000268
            ],
            [
              160448.18530000094,
              176254.7053999994
            ],
            [
              160441.35660000052,
              176255.63859999925
            ],
            [
              160433.21510000061,
              176256.14729999937
            ],
            [
              160427.35520000197,
              176258.00500000268
            ],
            [
              160420.77689999994,
              176259.8853999991
            ],
            [
              160413.13740000408,
              176261.5492000021
            ],
            [
              160407.44940000121,
              176264.39059999958
            ],
            [
              160399.81649999972,
              176266.5594000034
            ],
            [
              160393.09649999999,
              176266.50070000067
            ],
            [
              160386.68770000245,
              176265.81420000084
            ],
            [
              160379.81500000414,
              176264.51410000026
            ],
            [
              160376.65930000134,
              176265.32850000076
            ]
          ]
        ]
      }
    },
    {
      "attributes" : {
        "FID" : 1,
        "PMNTN_SN" : 43886,
        "MNTN_CODE" : "468901901",
        "MNTN_NM" : "이치산",
        "PMNTN_NM" : "노화읍사무소-물목이네공원구간",
        "PMNTN_MAIN" : " ",
        "PMNTN_LT" : 1.03,
        "PMNTN_DFFL" : "쉬움",
        "PMNTN_UPPL" : 18,
        "PMNTN_GODN" : 13,
        "PMNTN_MTRQ" : "토사",
        "PMNTN_CNRL" : " ",
        "PMNTN_CLS_" : " ",
        "PMNTN_RISK" : " ",
        "PMNTN_RECO" : " ",
        "DATA_STDR_" : "2016-12-31",
        "MNTN_ID" : "468901901"
      },
      "geometry" : {
        "paths" : [
          [
            [
              160376.65930000134,
              176265.32850000076
            ],
            [
              160371.21880000085,
              176266.7324000001
            ],
            [
              160364.11990000028,
              176268.94429999962
            ],
            [
              160359.22810000274,
              176268.92730000056
            ],
            [
              160350.59450000059,
              176269.52900000103
            ],
            [
              160344.30410000123,
              176271.51230000146
            ],
            [
              160336.01480000373,
              176272.11300000176
            ],
            [
              160327.75410000328,
              176275.41110000014
            ],
            [
              160321.28380000219,
              176279.92810000107
            ],
            [
              160315.384200003,
              176281.22940000147
            ],
            [
              160309.47150000092,
              176284.50360000134
            ],
            [
              160301.92399999965,
              176286.12290000357
            ],
            [
              160294.56380000059,
              176286.44700000249
            ],
            [
              160285.13880000263,
              176287.90070000105
            ],
            [
              160278.2818,
              176288.05399999954
            ],
            [
              160273.38800000213,
              176288.02870000154
            ],
            [
              160268.11580000352,
              176285.75210000016
            ],
            [
              160261.46040000115,
              176289.590499999
            ],
            [
              160253.39610000234,
              176291.24019999988
            ],
            [
              160247.02780000307,
              176290.49679999985
            ],
            [
              160242.60540000349,
              176292.22189999931
            ],
            [
              160234.29089999944,
              176293.47310000099
            ],
            [
              160229.06119999941,
              176296.54629999958
            ],
            [
              160221.01360000297,
              176298.12199999951
            ],
            [
              160211.35630000103,
              176300.68620000407
            ],
            [
              160202.0131000001,
              176303.9057
            ],
            [
              160194.06960000098,
              176309.95100000128
            ],
            [
              160184.01259999909,
              176313.92159999907
            ],
            [
              160179.03280000109,
              176316.25299999863
            ],
            [
              160171.35240000114,
              176318.61530000158
            ],
            [
              160167.11100000143,
              176316.14960000105
            ],
            [
              160162.49729999993,
              176316.75129999965
            ],
            [
              160156.84630000219,
              176312.91270000115
            ],
            [
              160150.54530000314,
              176309.60770000145
            ],
            [
              160144.92520000134,
              176307.68760000169
            ],
            [
              160140.93489999976,
              176304.59369999915
            ],
            [
              160135.99550000299,
              176300.34630000219
            ],
            [
              160128.43080000393,
              176297.07599999942
            ],
            [
              160123.26910000201,
              176297.44449999928
            ],
            [
              160113.93599999975,
              176295.34950000234
            ],
            [
              160104.85670000222,
              176292.40539999865
            ],
            [
              160097.37700000312,
              176288.98040000163
            ],
            [
              160088.52310000174,
              176288.35410000198
            ],
            [
              160080.27410000004,
              176288.30980000086
            ],
            [
              160073.30449999962,
              176289.42790000327
            ],
            [
              160066.13490000367,
              176287.5708000008
            ],
            [
              160058.51090000104,
              176287.20670000277
            ],
            [
              160052.43929999974,
              176289.2025000006
            ],
            [
              160045.74250000063,
              176289.26099999994
            ],
            [
              160039.74409999978,
              176288.23760000244
            ],
            [
              160032.77770000044,
              176287.00330000184
            ],
            [
              160025.93240000121,
              176286.07509999909
            ],
            [
              160018.25410000049,
              176284.27400000021
            ],
            [
              160012.56860000174,
              176284.59439999983
            ],
            [
              160006.75389999989,
              176283.35880000144
            ],
            [
              160001.71270000096,
              176283.29220000282
            ],
            [
              159993.32860000059,
              176279.47800000012
            ],
            [
              159979.40650000051,
              176280.11580000818
            ],
            [
              159967.99100000225,
              176279.1240000017
            ],
            [
              159959.48410000186,
              176281.78600000218
            ],
            [
              159947.86249999981,
              176287.7731999997
            ],
            [
              159935.81540000066,
              176290.29350000247
            ],
            [
              159930.87990000192,
              176289.18950000033
            ],
            [
              159924.08650000114,
              176291.72990000062
            ],
            [
              159917.86490000226,
              176297.19270000234
            ],
            [
              159911.44180000108,
              176301.35309999995
            ],
            [
              159902.96320000105,
              176306.00039999932
            ],
            [
              159896.11490000039,
              176311.27910000458
            ],
            [
              159891.31390000042,
              176316.07370000333
            ],
            [
              159886.79110000189,
              176319.5351000037
            ],
            [
              159880.68040000368,
              176324.00360000134
            ],
            [
              159875.31209999975,
              176328.51510000043
            ],
            [
              159869.84350000322,
              176333.21560000256
            ],
            [
              159864.03859999962,
              176336.59820000269
            ],
            [
              159861.4999000011,
              176342.47719999962
            ],
            [
              159859.41820000298,
              176348.73250000179
            ],
            [
              159856.90340000205,
              176354.78830000758
            ],
            [
              159855.69220000133,
              176359.44350000098
            ],
            [
              159852.18920000084,
              176363.46020000055
            ],
            [
              159848.66959999967,
              176368.28100000136
            ],
            [
              159844.20669999998,
              176373.18790000118
            ],
            [
              159841.07239999995,
              176377.25700000301
            ],
            [
              159837.02260000072,
              176380.73790000007
            ],
            [
              159833.16630000062,
              176383.54169999994
            ],
            [
              159831.44960000087,
              176389.59129999951
            ],
            [
              159830.7639000006,
              176394.82250000164
            ],
            [
              159828.48440000322,
              176398.80370000005
            ],
            [
              159825.17270000372,
              176402.97300000116
            ],
            [
              159822.43969999999,
              176407.24640000053
            ],
            [
              159820.14140000194,
              176412.33780000173
            ],
            [
              159819.04540000018,
              176417.00210000202
            ],
            [
              159817.15140000172,
              176421.81200000085
            ],
            [
              159812.58410000242,
              176425.5298999995
            ],
            [
              159810.79340000357,
              176430.9394000005
            ],
            [
              159807.7276000008,
              176437.15170000121
            ],
            [
              159804.45570000075,
              176442.74660000205
            ],
            [
              159800.08320000116,
              176446.5354999993
            ],
            [
              159797.34630000219,
              176452.12639999948
            ],
            [
              159794.675400001,
              176456.61170000024
            ],
            [
              159791.07370000053,
              176461.77649999969
            ],
            [
              159786.25560000073,
              176468.20460000262
            ],
            [
              159779.10500000138,
              176473.55690000392
            ],
            [
              159778.65620000102,
              176480.17430000193
            ],
            [
              159775.73269999959,
              176482.99430000223
            ],
            [
              159774.17510000151,
              176488.02759999968
            ],
            [
              159769.97190000117,
              176492.30680000223
            ],
            [
              159764.8571000006,
              176495.22729999945
            ],
            [
              159757.32130000275,
              176500.00579999946
            ],
            [
              159754.31000000052,
              176504.80600000359
            ],
            [
              159749.26549999975,
              176510.48489999957
            ],
            [
              159745.36660000123,
              176516.6361999996
            ],
            [
              159742.59250000026,
              176521.24470000342
            ],
            [
              159739.35770000145,
              176525.68700000457
            ],
            [
              159734.54600000102,
              176528.62040000223
            ],
            [
              159729.38530000113,
              176528.75420000404
            ],
            [
              159721.88660000172,
              176527.19190000184
            ],
            [
              159715.73660000414,
              176526.42239999957
            ],
            [
              159707.83700000029,
              176530.10139999725
            ],
            [
              159703.00390000176,
              176537.27969999984
            ],
            [
              159698.46580000222,
              176542.04099999927
            ],
            [
              159692.96270000096,
              176542.86370000243
            ],
            [
              159690.59390000068,
              176550.34740000218
            ],
            [
              159688.30140000209,
              176554.91120000184
            ],
            [
              159684.73740000091,
              176560.43349999934
            ],
            [
              159683.35440000147,
              176565.97420000099
            ],
            [
              159684.18010000419,
              176573.29850000143
            ],
            [
              159685.43549999967,
              176582.5121000018
            ],
            [
              159688.6679000007,
              176590.53350000083
            ],
            [
              159688.27829999942,
              176599.87710000016
            ],
            [
              159687.32620000001,
              176609.48700000159
            ],
            [
              159683.97600000072,
              176613.75430000015
            ],
            [
              159678.98070000019,
              176615.84400000237
            ],
            [
              159677.6268000016,
              176619.26690000296
            ],
            [
              159674.31000000145,
              176623.77400000207
            ],
            [
              159669.08830000088,
              176628.4514000006
            ],
            [
              159666.0503000021,
              176632.36450000107
            ],
            [
              159662.65680000279,
              176635.42240000144
            ],
            [
              159661.10940000042,
              176641.95480000786
            ],
            [
              159654.69500000216,
              176644.04290000349
            ],
            [
              159650.95390000008,
              176648.27830000035
            ],
            [
              159650.05990000162,
              176653.95590000413
            ],
            [
              159652.83310000226,
              176659.42170000076
            ],
            [
              159656.64730000217,
              176663.18960000202
            ],
            [
              159658.99300000165,
              176665.12619999982
            ],
            [
              159659.01810000185,
              176669.69980000146
            ],
            [
              159660.9570000032,
              176673.62590000033
            ],
            [
              159663.17330000363,
              176679.43539999984
            ],
            [
              159663.24220000021,
              176685.13050000183
            ],
            [
              159664.89260000363,
              176695.20940000005
            ],
            [
              159664.96560000163,
              176705.06289999932
            ]
          ]
        ]
      }
    },
    {
      "attributes" : {
        "FID" : 2,
        "PMNTN_SN" : 43887,
        "MNTN_CODE" : "468901901",
        "MNTN_NM" : "이치산",
        "PMNTN_NM" : "노화읍사무소-물목이네공원구간",
        "PMNTN_MAIN" : " ",
        "PMNTN_LT" : 2.21,
        "PMNTN_DFFL" : "쉬움",
        "PMNTN_UPPL" : 39,
        "PMNTN_GODN" : 27,
        "PMNTN_MTRQ" : "토사",
        "PMNTN_CNRL" : " ",
        "PMNTN_CLS_" : " ",
        "PMNTN_RISK" : " ",
        "PMNTN_RECO" : " ",
        "DATA_STDR_" : "2016-12-31",
        "MNTN_ID" : "468901901"
      },
      "geometry" : {
        "paths" : [
          [
            [
              159726.62130000256,
              178058.35180000216
            ],
            [
              159727.46860000025,
              178044.92569999956
            ],
            [
              159726.7089000009,
              178032.98990000226
            ],
            [
              159727.35879999958,
              178015.5326000005
            ],
            [
              159726.3525000019,
              178000.44779999927
            ],
            [
              159728.99360000249,
              177983.19340000115
            ],
            [
              159735.18790000398,
              177965.31210000068
            ],
            [
              159739.93290000316,
              177957.43340000138
            ],
            [
              159744.19960000273,
              177946.80810000002
            ],
            [
              159745.66980000027,
              177939.73920000345
            ],
            [
              159751.08220000006,
              177930.65460000001
            ],
            [
              159761.11570000183,
              177926.38159999996
            ],
            [
              159772.05240000039,
              177921.98530000076
            ],
            [
              159781.58770000003,
              177916.77659999952
            ],
            [
              159784.20610000286,
              177911.52710000053
            ],
            [
              159788.74280000292,
              177907.87730000168
            ],
            [
              159793.00340000261,
              177898.53849999979
            ],
            [
              159797.72439999972,
              177889.37200000137
            ],
            [
              159803.46320000011,
              177878.46790000238
            ],
            [
              159807.19489999954,
              177873.23820000142
            ],
            [
              159809.44590000343,
              177864.76760000177
            ],
            [
              159814.96160000004,
              177858.8554999996
            ],
            [
              159820.68210000079,
              177850.41820000112
            ],
            [
              159826.35209999885,
              177838.99920000136
            ],
            [
              159834.6902000038,
              177831.17239999957
            ],
            [
              159839.33330000099,
              177824.48299999908
            ],
            [
              159850.27730000019,
              177816.54670000263
            ],
            [
              159859.56290000211,
              177804.78950000182
            ],
            [
              159870.57270000409,
              177802.13460000418
            ],
            [
              159880.40020000096,
              177796.89100000449
            ],
            [
              159894.89520000201,
              177794.1352000013
            ],
            [
              159908.88599999901,
              177791.64130000211
            ],
            [
              159922.88410000037,
              177786.52360000089
            ],
            [
              159934.29510000162,
              177780.12730000168
            ],
            [
              159943.77440000046,
              177771.9700000044
            ],
            [
              159951.03239999991,
              177761.75710000098
            ],
            [
              159962.22120000049,
              177753.62510000169
            ],
            [
              159971.68810000177,
              177742.69890000112
            ],
            [
              159976.57620000374,
              177732.62490000203
            ],
            [
              159977.44689999986,
              177721.44350000098
            ],
            [
              159982.18059999961,
              177714.71440000087
            ],
            [
              159983.19240000006,
              177702.71749999933
            ],
            [
              159984.57880000118,
              177697.12250000052
            ],
            [
              159984.12640000135,
              177689.56540000252
            ],
            [
              159989.16299999971,
              177680.03480000235
            ],
            [
              159988.93990000058,
              177671.56420000084
            ],
            [
              159990.28970000148,
              177661.52330000326
            ],
            [
              159991.22560000047,
              177654.16909999773
            ],
            [
              159992.61089999974,
              177640.46199999936
            ],
            [
              159992.89499999955,
              177632.03559999913
            ],
            [
              159995.65650000144,
              177624.34579999931
            ],
            [
              160001.19800000172,
              177618.87500000186
            ],
            [
              160007.69980000053,
              177611.67640000395
            ],
            [
              160011.40780000016,
              177602.84219999984
            ],
            [
              160016.33080000337,
              177591.6361000035
            ],
            [
              160024.77649999876,
              177584.95750000142
            ],
            [
              160031.94870000146,
              177577.09430000186
            ],
            [
              160040.56920000073,
              177569.64110000059
            ],
            [
              160047.94870000146,
              177559.54050000012
            ],
            [
              160053.12310000136,
              177550.70280000009
            ],
            [
              160061.26269999892,
              177541.64020000212
            ],
            [
              160069.22840000223,
              177534.98190000094
            ],
            [
              160077.04610000178,
              177526.15360000357
            ],
            [
              160085.48259999882,
              177516.85109999962
            ],
            [
              160095.62320000306,
              177510.5865000058
            ],
            [
              160101.79280000273,
              177507.64670000039
            ],
            [
              160107.06190000102,
              177502.08100000396
            ],
            [
              160110.45280000381,
              177498.34120000154
            ],
            [
              160112.83830000088,
              177491.29220000282
            ],
            [
              160118.33500000369,
              177486.59530000202
            ],
            [
              160119.6857000012,
              177475.52759999968
            ],
            [
              160123.59210000094,
              177470.66750000231
            ],
            [
              160122.03239999991,
              177462.04900000617
            ],
            [
              160122.16640000045,
              177452.39300000295
            ],
            [
              160124.23240000103,
              177447.86910000443
            ],
            [
              160130.21320000011,
              177440.09769999981
            ],
            [
              160135.54330000095,
              177429.56020000018
            ],
            [
              160143.57430000138,
              177419.98290000111
            ],
            [
              160151.2396999998,
              177412.60820000246
            ],
            [
              160153.34769999981,
              177404.84290000051
            ],
            [
              160158.36540000234,
              177394.27620000206
            ],
            [
              160160.95770000108,
              177385.34229999967
            ],
            [
              160165.47109999973,
              177379.70920000039
            ],
            [
              160173.86670000106,
              177373.26689999923
            ],
            [
              160180.42530000117,
              177365.37770000286
            ],
            [
              160184.46040000301,
              177363.65960000083
            ],
            [
              160189.88329999987,
              177361.14379999973
            ],
            [
              160191.12799999956,
              177355.13770000078
            ],
            [
              160199.70940000005,
              177343.29020000063
            ],
            [
              160204.08270000201,
              177336.38010000251
            ],
            [
              160210.7921000002,
              177331.57019999996
            ],
            [
              160213.69960000273,
              177323.7693000026
            ],
            [
              160219.27750000358,
              177319.07880000211
            ],
            [
              160226.5019000005,
              177311.57390000112
            ],
            [
              160232.92730000243,
              177308.20330000669
            ],
            [
              160243.33780000079,
              177301.02820000611
            ],
            [
              160250.50050000381,
              177292.82990000211
            ],
            [
              160258.16750000045,
              177282.74770000391
            ],
            [
              160267.30800000113,
              177276.2893000003
            ],
            [
              160274.41739999969,
              177267.85840000026
            ],
            [
              160285.96320000384,
              177262.28930000402
            ],
            [
              160296.38319999911,
              177256.6344000008
            ],
            [
              160304.05119999964,
              177248.21199999936
            ],
            [
              160314.12909999955,
              177244.37360000052
            ],
            [
              160319.09360000119,
              177239.82509999909
            ],
            [
              160322.87770000007,
              177229.8077000007
            ],
            [
              160327.84939999972,
              177223.09600000083
            ],
            [
              160330.96140000317,
              177215.77960000001
            ],
            [
              160331.79070000257,
              177208.44930000231
            ],
            [
              160334.82170000393,
              177201.94419999979
            ],
            [
              160336.44730000291,
              177198.71289999969
            ],
            [
              160341.60509999935,
              177195.1763000004
            ],
            [
              160342.32090000156,
              177190.98029999994
            ],
            [
              160344.85790000018,
              177184.56730000302
            ],
            [
              160348.61440000124,
              177180.13460000046
            ],
            [
              160351.87370000128,
              177173.61170000024
            ],
            [
              160356.55510000046,
              177166.98770000041
            ],
            [
              160364.27300000098,
              177162.81290000305
            ],
            [
              160369.13760000095,
              177156.50000000186
            ],
            [
              160372.62270000111,
              177152.64030000009
            ],
            [
              160374.6520999996,
              177146.83840000629
            ],
            [
              160377.84389999881,
              177141.76929999888
            ],
            [
              160381.35929999966,
              177138.99090000056
            ],
            [
              160384.33899999876,
              177134.54429999925
            ],
            [
              160388.7862999998,
              177130.27290000208
            ],
            [
              160389.7396000009,
              177126.26190000027
            ],
            [
              160391.50470000133,
              177120.75809999928
            ],
            [
              160394.27940000221,
              177116.28150000051
            ],
            [
              160393.37960000243,
              177109.13590000197
            ],
            [
              160394.90299999993,
              177103.24960000068
            ],
            [
              160397.71960000414,
              177097.21990000084
            ],
            [
              160397.66430000123,
              177090.76890000328
            ],
            [
              160399.08149999939,
              177084.92090000212
            ],
            [
              160395.71060000081,
              177078.40910000168
            ],
            [
              160394.42730000056,
              177071.51300000027
            ],
            [
              160391.60420000367,
              177067.02249999903
            ],
            [
              160390.07469999976,
              177061.71290000156
            ],
            [
              160388.6668999996,
              177054.54609999992
            ],
            [
              160386.07220000029,
              177050.07570000365
            ],
            [
              160382.97590000182,
              177043.14590000175
            ],
            [
              160384.0418000035,
              177036.99280000106
            ],
            [
              160380.90670000017,
              177033.0409000013
            ],
            [
              160376.99310000241,
              177030.24789999984
            ],
            [
              160375.56280000135,
              177025.46810000204
            ],
            [
              160374.04440000374,
              177018.47839999944
            ],
            [
              160376.85600000247,
              177012.4923000019
            ],
            [
              160377.50850000232,
              177003.93989999965
            ],
            [
              160378.65400000103,
              176994.41080000252
            ],
            [
              160378.42390000168,
              176983.73000000045
            ],
            [
              160377.62050000113,
              176973.86950000003
            ],
            [
              160371.38279999979,
              176965.40410000086
            ],
            [
              160367.76370000094,
              176957.87560000271
            ],
            [
              160365.24230000097,
              176949.22890000045
            ],
            [
              160359.11390000209,
              176938.14589999989
            ],
            [
              160355.44600000232,
              176929.45529999956
            ],
            [
              160352.29840000253,
              176922.06900000013
            ],
            [
              160348.58730000071,
              176913.68630000204
            ],
            [
              160346.26040000375,
              176906.08590000123
            ],
            [
              160341.86170000117,
              176896.40149999969
            ],
            [
              160338.30770000163,
              176889.76579999737
            ],
            [
              160334.60529999994,
              176880.10920000076
            ],
            [
              160332.61680000369,
              176875.8030999992
            ],
            [
              160327.86830000207,
              176870.9579000026
            ],
            [
              160327.87470000237,
              176862.90460000001
            ],
            [
              160325.21820000187,
              176858.40620000102
            ],
            [
              160326.15890000295,
              176853.12740000151
            ],
            [
              160327.21680000145,
              176846.37630000152
            ],
            [
              160328.23110000044,
              176839.35109999962
            ],
            [
              160329.13610000163,
              176833.34060000069
            ],
            [
              160332.15690000076,
              176827.55900000408
            ],
            [
              160334.07090000063,
              176822.25960000232
            ],
            [
              160335.01420000196,
              176814.48600000329
            ],
            [
              160335.56750000268,
              176807.76229999959
            ],
            [
              160334.36310000345,
              176800.12730000168
            ],
            [
              160332.92120000161,
              176794.33500000276
            ],
            [
              160328.26340000331,
              176789.87519999966
            ],
            [
              160326.7519000005,
              176783.37820000201
            ],
            [
              160321.28470000066,
              176778.63990000263
            ],
            [
              160314.95140000153,
              176775.46580000408
            ],
            [
              160312.28680000175,
              176769.53400000185
            ],
            [
              160305.93360000383,
              176767.38550000824
            ],
            [
              160302.42040000111,
              176763.22590000182
            ],
            [
              160298.7985000005,
              176756.48570000194
            ],
            [
              160297.18489999976,
              176749.48020000011
            ],
            [
              160297.42000000179,
              176743.17040000111
            ],
            [
              160295.99629999977,
              176736.9085000027
            ],
            [
              160293.24320000131,
              176732.98599999957
            ],
            [
              160288.74710000027,
              176727.97440000251
            ],
            [
              160291.40080000181,
              176723.25700000115
            ],
            [
              160292.7173000006,
              176716.80460000224
            ],
            [
              160289.73400000017,
              176709.39900000207
            ],
            [
              160284.87150000129,
              176707.19910000265
            ],
            [
              160280.42370000388,
              176698.88770000264
            ],
            [
              160279.54620000068,
              176690.63850000128
            ],
            [
              160276.46569999959,
              176681.4327000007
            ],
            [
              160269.74650000129,
              176676.05949999951
            ],
            [
              160264.70620000269,
              176669.82140000165
            ],
            [
              160266.05220000073,
              176662.81699999981
            ],
            [
              160261.5401999997,
              176657.50759999827
            ],
            [
              160256.7732999986,
              176649.77880000323
            ],
            [
              160254.42900000047,
              176641.59600000456
            ],
            [
              160253.99160000309,
              176633.06500000134
            ],
            [
              160252.55260000005,
              176623.72169999965
            ],
            [
              160247.5352000026,
              176614.93050000072
            ],
            [
              160243.96280000173,
              176607.19529999979
            ],
            [
              160237.77749999985,
              176599.64980000257
            ],
            [
              160232.61280000117,
              176591.7109999992
            ],
            [
              160229.09750000108,
              176582.48020000197
            ],
            [
              160226.07520000078,
              176574.22580000013
            ],
            [
              160222.86980000231,
              176564.57490000129
            ],
            [
              160219.44829999935,
              176555.94329999946
            ],
            [
              160221.13310000021,
              176543.85660000145
            ],
            [
              160219.95559999999,
              176538.54490000196
            ],
            [
              160216.59920000192,
              176531.79080000147
            ],
            [
              160217.52350000106,
              176525.36999999918
            ],
            [
              160221.82610000297,
              176517.9486000035
            ],
            [
              160228.82450000383,
              176513.08060000092
            ],
            [
              160232.05760000274,
              176506.45950000174
            ],
            [
              160235.80319999997,
              176500.63190000132
            ],
            [
              160238.54669999983,
              176492.97450000048
            ],
            [
              160241.84610000253,
              176485.34920000099
            ],
            [
              160244.70860000048,
              176476.45749999955
            ],
            [
              160247.32800000254,
              176468.32100000046
            ],
            [
              160250.13129999954,
              176463.36070000008
            ],
            [
              160253.20639999956,
              176455.34950000234
            ],
            [
              160255.03560000286,
              176446.11649999954
            ],
            [
              160257.7267000014,
              176439.34160000272
            ],
            [
              160260.31790000014,
              176432.63499999978
            ],
            [
              160262.81310000084,
              176426.17650000192
            ],
            [
              160265.94449999928,
              176419.8104000017
            ],
            [
              160270.13080000132,
              176415.81930000149
            ],
            [
              160271.85649999883,
              176410.31540000066
            ],
            [
              160272.91690000053,
              176407.2435999997
            ],
            [
              160273.98950000107,
              176405.28770000301
            ],
            [
              160276.25519999955,
              176403.46120000258
            ],
            [
              160278.88500000164,
              176401.95299999975
            ],
            [
              160281.68790000025,
              176399.25070000254
            ],
            [
              160284.94990000129,
              176397.22059999965
            ],
            [
              160287.424300001,
              176394.32200000063
            ],
            [
              160290.39420000277,
              176393.0447000023
            ],
            [
              160293.63730000146,
              176391.16750000231
            ],
            [
              160296.17520000134,
              176387.9998000022
            ],
            [
              160299.05800000206,
              176384.67320000008
            ],
            [
              160302.12040000129,
              176380.71180000156
            ],
            [
              160305.20000000112,
              176377.24389999919
            ],
            [
              160308.2220999999,
              176374.31179999933
            ],
            [
              160310.28970000055,
              176371.34119999968
            ],
            [
              160313.42060000077,
              176368.00109999999
            ],
            [
              160316.08880000375,
              176365.70280000195
            ],
            [
              160319.41860000044,
              176362.72089999914
            ],
            [
              160323.67039999925,
              176361.68700000085
            ],
            [
              160327.20500000101,
              176359.74830000103
            ],
            [
              160327.14329999965,
              176354.13829999976
            ],
            [
              160329.64580000006,
              176351.23660000227
            ],
            [
              160332.26800000109,
              176348.10979999974
            ],
            [
              160334.79530000128,
              176344.61450000294
            ],
            [
              160337.91460000072,
              176341.05850000121
            ],
            [
              160340.1565000033,
              176338.23990000039
            ],
            [
              160342.25939999986,
              176334.96310000122
            ],
            [
              160343.64209999982,
              176331.83550000191
            ],
            [
              160345.82239999995,
              176329.6456000004
            ],
            [
              160347.3003000021,
              176326.22560000047
            ],
            [
              160349.27600000054,
              176325.07350000367
            ],
            [
              160351.73100000061,
              176322.61200000159
            ],
            [
              160354.05510000419,
              176319.27560000122
            ],
            [
              160355.40539999958,
              176315.39550000057
            ],
            [
              160356.58270000014,
              176310.44129999913
            ],
            [
              160357.90299999993,
              176307.77390000038
            ],
            [
              160359.57670000102,
              176303.32290000282
            ],
            [
              160362.03419999965,
              176299.3321000021
            ],
            [
              160362.99040000141,
              176295.81350000016
            ],
            [
              160363.55569999944,
              176291.88770000264
            ],
            [
              160367.79450000171,
              176288.60029999912
            ],
            [
              160367.41399999987,
              176284.75780000165
            ],
            [
              160369.12430000305,
              176281.1185999997
            ],
            [
              160371.18790000118,
              176278.37109999917
            ],
            [
              160372.08059999999,
              176274.68620000407
            ],
            [
              160374.28380000032,
              176272.14290000312
            ],
            [
              160375.86000000313,
              176269.95570000261
            ],
            [
              160376.65930000134,
              176265.32850000076
            ]
          ]
        ]
      }
    }
  ]
}