{
  "displayFieldName" : "",
  "fieldAliases" : {
    "FID" : "FID",
    "PMNTN_SPOT" : "PMNTN_SPOT",
    "MNTN_CODE" : "MNTN_CODE",
    "MANAGE_SP1" : "MANAGE_SP1",
    "MANAGE_SP2" : "MANAGE_SP2",
    "DETAIL_SPO" : "DETAIL_SPO",
    "ETC_MATTER" : "ETC_MATTER",
    "MNTN_NM" : "MNTN_NM",
    "PAST_SPOT_" : "PAST_SPOT_",
    "MNTN_ID" : "MNTN_ID"
  },
  "geometryType" : "esriGeometryPoint",
  "spatialReference" : {
    "wkt" : "PROJCS[\"PCS_ITRF2000_TM\",GEOGCS[\"GCS_ITRF_2000\",DATUM[\"D_ITRF_2000\",SPHEROID[\"GRS_1980\",6378137.0,298.257222101]],PRIMEM[\"Greenwich\",0.0],UNIT[\"Degree\",0.0174532925199433]],PROJECTION[\"Transverse_Mercator\"],PARAMETER[\"False_Easting\",200000.0],PARAMETER[\"False_Northing\",600000.0],PARAMETER[\"Central_Meridian\",127.0],PARAMETER[\"Scale_Factor\",1.0],PARAMETER[\"Latitude_Of_Origin\",38.0],UNIT[\"Meter\",1.0]]"
  },
  "fields" : [
    {
      "name" : "FID",
      "type" : "esriFieldTypeOID",
      "alias" : "FID"
    },
    {
      "name" : "PMNTN_SPOT",
      "type" : "esriFieldTypeDouble",
      "alias" : "PMNTN_SPOT"
    },
    {
      "name" : "MNTN_CODE",
      "type" : "esriFieldTypeString",
      "alias" : "MNTN_CODE",
      "length" : 9
    },
    {
      "name" : "MANAGE_SP1",
      "type" : "esriFieldTypeString",
      "alias" : "MANAGE_SP1",
      "length" : 2
    },
    {
      "name" : "MANAGE_SP2",
      "type" : "esriFieldTypeString",
      "alias" : "MANAGE_SP2",
      "length" : 50
    },
    {
      "name" : "DETAIL_SPO",
      "type" : "esriFieldTypeString",
      "alias" : "DETAIL_SPO",
      "length" : 200
    },
    {
      "name" : "ETC_MATTER",
      "type" : "esriFieldTypeString",
      "alias" : "ETC_MATTER",
      "length" : 200
    },
    {
      "name" : "MNTN_NM",
      "type" : "esriFieldTypeString",
      "alias" : "MNTN_NM",
      "length" : 50
    },
    {
      "name" : "PAST_SPOT_",
      "type" : "esriFieldTypeString",
      "alias" : "PAST_SPOT_",
      "length" : 14
    },
    {
      "name" : "MNTN_ID",
      "type" : "esriFieldTypeString",
      "alias" : "MNTN_ID",
      "length" : 10
    }
  ],
  "features" : [
    {
      "attributes" : {
        "FID" : 0,
        "PMNTN_SPOT" : 79157,
        "MNTN_CODE" : "428107104",
        "MANAGE_SP1" : "10",
        "MANAGE_SP2" : "이정표",
        "DETAIL_SPO" : "이정표,기타건물,표주석,철쭉군란지",
        "ETC_MATTER" : " ",
        "MNTN_NM" : "조침령",
        "PAST_SPOT_" : "4281071040001",
        "MNTN_ID" : "428107104"
      },
      "geometry" : {
        "x" : 325139.95620000083,
        "y" : 606366.4047000017
      }
    },
    {
      "attributes" : {
        "FID" : 1,
        "PMNTN_SPOT" : 79158,
        "MNTN_CODE" : "428107104",
        "MANAGE_SP1" : "99",
        "MANAGE_SP2" : "기타",
        "DETAIL_SPO" : "사진포인트,내리막시작",
        "ETC_MATTER" : " ",
        "MNTN_NM" : "조침령",
        "PAST_SPOT_" : "4281071040002",
        "MNTN_ID" : "428107104"
      },
      "geometry" : {
        "x" : 325363.3582000006,
        "y" : 606528.37230000272
      }
    },
    {
      "attributes" : {
        "FID" : 2,
        "PMNTN_SPOT" : 79159,
        "MNTN_CODE" : "428107104",
        "MANAGE_SP1" : "10",
        "MANAGE_SP2" : "이정표",
        "DETAIL_SPO" : "이정표,구조표지판,내리막끝",
        "ETC_MATTER" : " ",
        "MNTN_NM" : "조침령",
        "PAST_SPOT_" : "4281071040003",
        "MNTN_ID" : "428107104"
      },
      "geometry" : {
        "x" : 325785.39290000033,
        "y" : 606822.36889999919
      }
    },
    {
      "attributes" : {
        "FID" : 3,
        "PMNTN_SPOT" : 79160,
        "MNTN_CODE" : "428107104",
        "MANAGE_SP1" : "16",
        "MANAGE_SP2" : "주요나무",
        "DETAIL_SPO" : "철쭉군란지",
        "ETC_MATTER" : " ",
        "MNTN_NM" : "조침령",
        "PAST_SPOT_" : "4281071040004",
        "MNTN_ID" : "428107104"
      },
      "geometry" : {
        "x" : 325948.36770000029,
        "y" : 606814.69290000387
      }
    },
    {
      "attributes" : {
        "FID" : 4,
        "PMNTN_SPOT" : 79161,
        "MNTN_CODE" : "428107104",
        "MANAGE_SP1" : "16",
        "MANAGE_SP2" : "주요나무",
        "DETAIL_SPO" : "철쭉군란지",
        "ETC_MATTER" : " ",
        "MNTN_NM" : "조침령",
        "PAST_SPOT_" : "4281071040005",
        "MNTN_ID" : "428107104"
      },
      "geometry" : {
        "x" : 326000.17800000124,
        "y" : 606835.02759999968
      }
    },
    {
      "attributes" : {
        "FID" : 5,
        "PMNTN_SPOT" : 79162,
        "MNTN_CODE" : "428107104",
        "MANAGE_SP1" : "99",
        "MANAGE_SP2" : "기타",
        "DETAIL_SPO" : "내리막시작",
        "ETC_MATTER" : " ",
        "MNTN_NM" : "조침령",
        "PAST_SPOT_" : "4281071040006",
        "MNTN_ID" : "428107104"
      },
      "geometry" : {
        "x" : 326151.63229999971,
        "y" : 607015.06020000204
      }
    },
    {
      "attributes" : {
        "FID" : 6,
        "PMNTN_SPOT" : 79163,
        "MNTN_CODE" : "428107104",
        "MANAGE_SP1" : "99",
        "MANAGE_SP2" : "기타",
        "DETAIL_SPO" : "구조표지판",
        "ETC_MATTER" : " ",
        "MNTN_NM" : "조침령",
        "PAST_SPOT_" : "4281071040007",
        "MNTN_ID" : "428107104"
      },
      "geometry" : {
        "x" : 326193.79420000128,
        "y" : 607071.96170000173
      }
    },
    {
      "attributes" : {
        "FID" : 7,
        "PMNTN_SPOT" : 79164,
        "MNTN_CODE" : "428107104",
        "MANAGE_SP1" : "99",
        "MANAGE_SP2" : "기타",
        "DETAIL_SPO" : "정비내역",
        "ETC_MATTER" : " ",
        "MNTN_NM" : "조침령",
        "PAST_SPOT_" : "4281071040008",
        "MNTN_ID" : "428107104"
      },
      "geometry" : {
        "x" : 326276.57380000036,
        "y" : 607158.96630000137
      }
    },
    {
      "attributes" : {
        "FID" : 8,
        "PMNTN_SPOT" : 79165,
        "MNTN_CODE" : "428107104",
        "MANAGE_SP1" : "99",
        "MANAGE_SP2" : "기타",
        "DETAIL_SPO" : "내리막 끝",
        "ETC_MATTER" : " ",
        "MNTN_NM" : "조침령",
        "PAST_SPOT_" : "4281071040009",
        "MNTN_ID" : "428107104"
      },
      "geometry" : {
        "x" : 326289.29110000096,
        "y" : 607169.81010000035
      }
    },
    {
      "attributes" : {
        "FID" : 9,
        "PMNTN_SPOT" : 79166,
        "MNTN_CODE" : "428107104",
        "MANAGE_SP1" : "99",
        "MANAGE_SP2" : "기타",
        "DETAIL_SPO" : "구조표지판",
        "ETC_MATTER" : " ",
        "MNTN_NM" : "조침령",
        "PAST_SPOT_" : "4281071040010",
        "MNTN_ID" : "428107104"
      },
      "geometry" : {
        "x" : 326443.736800001,
        "y" : 607399.56460000202
      }
    },
    {
      "attributes" : {
        "FID" : 10,
        "PMNTN_SPOT" : 79167,
        "MNTN_CODE" : "428107104",
        "MANAGE_SP1" : "10",
        "MANAGE_SP2" : "이정표",
        "DETAIL_SPO" : "이정표",
        "ETC_MATTER" : " ",
        "MNTN_NM" : "조침령",
        "PAST_SPOT_" : "4281071040011",
        "MNTN_ID" : "428107104"
      },
      "geometry" : {
        "x" : 326508.46520000231,
        "y" : 607449.69830000028
      }
    },
    {
      "attributes" : {
        "FID" : 11,
        "PMNTN_SPOT" : 79168,
        "MNTN_CODE" : "428107104",
        "MANAGE_SP1" : "99",
        "MANAGE_SP2" : "기타",
        "DETAIL_SPO" : "구조표지판",
        "ETC_MATTER" : " ",
        "MNTN_NM" : "조침령",
        "PAST_SPOT_" : "4281071040012",
        "MNTN_ID" : "428107104"
      },
      "geometry" : {
        "x" : 326939.84769999981,
        "y" : 607374.84699999914
      }
    },
    {
      "attributes" : {
        "FID" : 12,
        "PMNTN_SPOT" : 79169,
        "MNTN_CODE" : "428107104",
        "MANAGE_SP1" : "10",
        "MANAGE_SP2" : "이정표",
        "DETAIL_SPO" : "이정표,구조표지판",
        "ETC_MATTER" : " ",
        "MNTN_NM" : "조침령",
        "PAST_SPOT_" : "4281071040013",
        "MNTN_ID" : "428107104"
      },
      "geometry" : {
        "x" : 327327.54680000059,
        "y" : 607186.17590000108
      }
    },
    {
      "attributes" : {
        "FID" : 13,
        "PMNTN_SPOT" : 79170,
        "MNTN_CODE" : "428107104",
        "MANAGE_SP1" : "99",
        "MANAGE_SP2" : "기타",
        "DETAIL_SPO" : "구조표지판",
        "ETC_MATTER" : " ",
        "MNTN_NM" : "조침령",
        "PAST_SPOT_" : "4281071040014",
        "MNTN_ID" : "428107104"
      },
      "geometry" : {
        "x" : 327736.39879999962,
        "y" : 607192.56880000047
      }
    },
    {
      "attributes" : {
        "FID" : 14,
        "PMNTN_SPOT" : 79171,
        "MNTN_CODE" : "428107104",
        "MANAGE_SP1" : "02",
        "MANAGE_SP2" : "분기점",
        "DETAIL_SPO" : "구조표지판,갈림길",
        "ETC_MATTER" : " ",
        "MNTN_NM" : "조침령",
        "PAST_SPOT_" : "4281071040015",
        "MNTN_ID" : "428107104"
      },
      "geometry" : {
        "x" : 328072.86369999964,
        "y" : 606967.82019999996
      }
    },
    {
      "attributes" : {
        "FID" : 15,
        "PMNTN_SPOT" : 79172,
        "MNTN_CODE" : "428107104",
        "MANAGE_SP1" : "99",
        "MANAGE_SP2" : "기타",
        "DETAIL_SPO" : "925고지",
        "ETC_MATTER" : " ",
        "MNTN_NM" : "조침령",
        "PAST_SPOT_" : "4281071040016",
        "MNTN_ID" : "428107104"
      },
      "geometry" : {
        "x" : 328329.48950000107,
        "y" : 606798.44120000117
      }
    },
    {
      "attributes" : {
        "FID" : 16,
        "PMNTN_SPOT" : 79173,
        "MNTN_CODE" : "428107104",
        "MANAGE_SP1" : "99",
        "MANAGE_SP2" : "기타",
        "DETAIL_SPO" : "구조표지판",
        "ETC_MATTER" : " ",
        "MNTN_NM" : "조침령",
        "PAST_SPOT_" : "4281071040017",
        "MNTN_ID" : "428107104"
      },
      "geometry" : {
        "x" : 328298.58130000066,
        "y" : 606708.10769999959
      }
    },
    {
      "attributes" : {
        "FID" : 17,
        "PMNTN_SPOT" : 79174,
        "MNTN_CODE" : "428107104",
        "MANAGE_SP1" : "99",
        "MANAGE_SP2" : "기타",
        "DETAIL_SPO" : "923고지",
        "ETC_MATTER" : " ",
        "MNTN_NM" : "조침령",
        "PAST_SPOT_" : "4281071040018",
        "MNTN_ID" : "428107104"
      },
      "geometry" : {
        "x" : 328484.75340000074,
        "y" : 606501.80370000005
      }
    },
    {
      "attributes" : {
        "FID" : 18,
        "PMNTN_SPOT" : 79175,
        "MNTN_CODE" : "428107104",
        "MANAGE_SP1" : "99",
        "MANAGE_SP2" : "기타",
        "DETAIL_SPO" : "구조표지판",
        "ETC_MATTER" : " ",
        "MNTN_NM" : "조침령",
        "PAST_SPOT_" : "4281071040019",
        "MNTN_ID" : "428107104"
      },
      "geometry" : {
        "x" : 328541.81029999908,
        "y" : 606541.11160000041
      }
    },
    {
      "attributes" : {
        "FID" : 19,
        "PMNTN_SPOT" : 79176,
        "MNTN_CODE" : "428107104",
        "MANAGE_SP1" : "99",
        "MANAGE_SP2" : "기타",
        "DETAIL_SPO" : "구조표지판",
        "ETC_MATTER" : " ",
        "MNTN_NM" : "조침령",
        "PAST_SPOT_" : "4281071040020",
        "MNTN_ID" : "428107104"
      },
      "geometry" : {
        "x" : 328990.7033000011,
        "y" : 606641.51600000262
      }
    },
    {
      "attributes" : {
        "FID" : 20,
        "PMNTN_SPOT" : 79177,
        "MNTN_CODE" : "428107104",
        "MANAGE_SP1" : "99",
        "MANAGE_SP2" : "기타",
        "DETAIL_SPO" : "843고지,내리막시작",
        "ETC_MATTER" : " ",
        "MNTN_NM" : "조침령",
        "PAST_SPOT_" : "4281071040021",
        "MNTN_ID" : "428107104"
      },
      "geometry" : {
        "x" : 329294.8546000002,
        "y" : 606423.61050000042
      }
    },
    {
      "attributes" : {
        "FID" : 21,
        "PMNTN_SPOT" : 79178,
        "MNTN_CODE" : "428107104",
        "MANAGE_SP1" : "99",
        "MANAGE_SP2" : "기타",
        "DETAIL_SPO" : "구조표지판",
        "ETC_MATTER" : " ",
        "MNTN_NM" : "조침령",
        "PAST_SPOT_" : "4281071040022",
        "MNTN_ID" : "428107104"
      },
      "geometry" : {
        "x" : 329381.68890000228,
        "y" : 606421.86010000296
      }
    },
    {
      "attributes" : {
        "FID" : 22,
        "PMNTN_SPOT" : 79179,
        "MNTN_CODE" : "428107104",
        "MANAGE_SP1" : "99",
        "MANAGE_SP2" : "기타",
        "DETAIL_SPO" : "내리막 끝",
        "ETC_MATTER" : " ",
        "MNTN_NM" : "조침령",
        "PAST_SPOT_" : "4281071040023",
        "MNTN_ID" : "428107104"
      },
      "geometry" : {
        "x" : 329427.65010000113,
        "y" : 606424.61790000275
      }
    },
    {
      "attributes" : {
        "FID" : 23,
        "PMNTN_SPOT" : 79180,
        "MNTN_CODE" : "428107104",
        "MANAGE_SP1" : "05",
        "MANAGE_SP2" : "벤치",
        "DETAIL_SPO" : "벤치 2개,이정표,금지표지판",
        "ETC_MATTER" : " ",
        "MNTN_NM" : "조침령",
        "PAST_SPOT_" : "4281071040024",
        "MNTN_ID" : "428107104"
      },
      "geometry" : {
        "x" : 329530.03010000195,
        "y" : 606404.66039999947
      }
    },
    {
      "attributes" : {
        "FID" : 24,
        "PMNTN_SPOT" : 79181,
        "MNTN_CODE" : "428107104",
        "MANAGE_SP1" : "99",
        "MANAGE_SP2" : "기타",
        "DETAIL_SPO" : "구조표지판",
        "ETC_MATTER" : " ",
        "MNTN_NM" : "조침령",
        "PAST_SPOT_" : "4281071040025",
        "MNTN_ID" : "428107104"
      },
      "geometry" : {
        "x" : 329695.58220000099,
        "y" : 606529.37719999999
      }
    },
    {
      "attributes" : {
        "FID" : 25,
        "PMNTN_SPOT" : 79182,
        "MNTN_CODE" : "428107104",
        "MANAGE_SP1" : "99",
        "MANAGE_SP2" : "기타",
        "DETAIL_SPO" : "구조표지판",
        "ETC_MATTER" : " ",
        "MNTN_NM" : "조침령",
        "PAST_SPOT_" : "4281071040026",
        "MNTN_ID" : "428107104"
      },
      "geometry" : {
        "x" : 330069.02469999995,
        "y" : 606814.32259999961
      }
    },
    {
      "attributes" : {
        "FID" : 26,
        "PMNTN_SPOT" : 79183,
        "MNTN_CODE" : "428107104",
        "MANAGE_SP1" : "99",
        "MANAGE_SP2" : "기타",
        "DETAIL_SPO" : "876고지",
        "ETC_MATTER" : " ",
        "MNTN_NM" : "조침령",
        "PAST_SPOT_" : "4281071040027",
        "MNTN_ID" : "428107104"
      },
      "geometry" : {
        "x" : 330154.35440000053,
        "y" : 606883.58620000258
      }
    },
    {
      "attributes" : {
        "FID" : 27,
        "PMNTN_SPOT" : 79184,
        "MNTN_CODE" : "428107104",
        "MANAGE_SP1" : "99",
        "MANAGE_SP2" : "기타",
        "DETAIL_SPO" : "881고지",
        "ETC_MATTER" : " ",
        "MNTN_NM" : "조침령",
        "PAST_SPOT_" : "4281071040028",
        "MNTN_ID" : "428107104"
      },
      "geometry" : {
        "x" : 330394.54860000219,
        "y" : 607044.50320000201
      }
    },
    {
      "attributes" : {
        "FID" : 28,
        "PMNTN_SPOT" : 79185,
        "MNTN_CODE" : "428107104",
        "MANAGE_SP1" : "99",
        "MANAGE_SP2" : "기타",
        "DETAIL_SPO" : "구조표지판",
        "ETC_MATTER" : " ",
        "MNTN_NM" : "조침령",
        "PAST_SPOT_" : "4281071040029",
        "MNTN_ID" : "428107104"
      },
      "geometry" : {
        "x" : 330443.84020000044,
        "y" : 607007.67299999855
      }
    },
    {
      "attributes" : {
        "FID" : 29,
        "PMNTN_SPOT" : 79186,
        "MNTN_CODE" : "428107104",
        "MANAGE_SP1" : "99",
        "MANAGE_SP2" : "기타",
        "DETAIL_SPO" : "오르막시작",
        "ETC_MATTER" : " ",
        "MNTN_NM" : "조침령",
        "PAST_SPOT_" : "4281071040030",
        "MNTN_ID" : "428107104"
      },
      "geometry" : {
        "x" : 330653.74120000005,
        "y" : 606812.19170000404
      }
    },
    {
      "attributes" : {
        "FID" : 30,
        "PMNTN_SPOT" : 79187,
        "MNTN_CODE" : "428107104",
        "MANAGE_SP1" : "99",
        "MANAGE_SP2" : "기타",
        "DETAIL_SPO" : "구조표지판",
        "ETC_MATTER" : " ",
        "MNTN_NM" : "조침령",
        "PAST_SPOT_" : "4281071040031",
        "MNTN_ID" : "428107104"
      },
      "geometry" : {
        "x" : 330750.28870000131,
        "y" : 606685.43449999951
      }
    },
    {
      "attributes" : {
        "FID" : 31,
        "PMNTN_SPOT" : 79188,
        "MNTN_CODE" : "428107104",
        "MANAGE_SP1" : "99",
        "MANAGE_SP2" : "기타",
        "DETAIL_SPO" : "오르막 끝",
        "ETC_MATTER" : " ",
        "MNTN_NM" : "조침령",
        "PAST_SPOT_" : "4281071040032",
        "MNTN_ID" : "428107104"
      },
      "geometry" : {
        "x" : 330893.40919999965,
        "y" : 606592.70659999922
      }
    },
    {
      "attributes" : {
        "FID" : 32,
        "PMNTN_SPOT" : 79189,
        "MNTN_CODE" : "428107104",
        "MANAGE_SP1" : "99",
        "MANAGE_SP2" : "기타",
        "DETAIL_SPO" : "구조표지판",
        "ETC_MATTER" : " ",
        "MNTN_NM" : "조침령",
        "PAST_SPOT_" : "4281071040033",
        "MNTN_ID" : "428107104"
      },
      "geometry" : {
        "x" : 331039.08430000022,
        "y" : 606376.41790000163
      }
    },
    {
      "attributes" : {
        "FID" : 33,
        "PMNTN_SPOT" : 79190,
        "MNTN_CODE" : "428107104",
        "MANAGE_SP1" : "99",
        "MANAGE_SP2" : "기타",
        "DETAIL_SPO" : "1016고지",
        "ETC_MATTER" : " ",
        "MNTN_NM" : "조침령",
        "PAST_SPOT_" : "4281071040034",
        "MNTN_ID" : "428107104"
      },
      "geometry" : {
        "x" : 331058.8200000003,
        "y" : 606312.92700000107
      }
    },
    {
      "attributes" : {
        "FID" : 34,
        "PMNTN_SPOT" : 79191,
        "MNTN_CODE" : "428107104",
        "MANAGE_SP1" : "99",
        "MANAGE_SP2" : "기타",
        "DETAIL_SPO" : "숲안내표지",
        "ETC_MATTER" : " ",
        "MNTN_NM" : "조침령",
        "PAST_SPOT_" : "4281071040035",
        "MNTN_ID" : "428107104"
      },
      "geometry" : {
        "x" : 331134.57290000096,
        "y" : 606257.15829999931
      }
    },
    {
      "attributes" : {
        "FID" : 35,
        "PMNTN_SPOT" : 79192,
        "MNTN_CODE" : "428107104",
        "MANAGE_SP1" : "99",
        "MANAGE_SP2" : "기타",
        "DETAIL_SPO" : "1017고지",
        "ETC_MATTER" : " ",
        "MNTN_NM" : "조침령",
        "PAST_SPOT_" : "4281071040036",
        "MNTN_ID" : "428107104"
      },
      "geometry" : {
        "x" : 331214.34009999968,
        "y" : 606211.78550000116
      }
    },
    {
      "attributes" : {
        "FID" : 36,
        "PMNTN_SPOT" : 79193,
        "MNTN_CODE" : "428107104",
        "MANAGE_SP1" : "99",
        "MANAGE_SP2" : "기타",
        "DETAIL_SPO" : "내리막시작",
        "ETC_MATTER" : " ",
        "MNTN_NM" : "조침령",
        "PAST_SPOT_" : "4281071040037",
        "MNTN_ID" : "428107104"
      },
      "geometry" : {
        "x" : 331236.87410000153,
        "y" : 606112.62040000036
      }
    },
    {
      "attributes" : {
        "FID" : 37,
        "PMNTN_SPOT" : 79194,
        "MNTN_CODE" : "428107104",
        "MANAGE_SP1" : "99",
        "MANAGE_SP2" : "기타",
        "DETAIL_SPO" : "구조표지판",
        "ETC_MATTER" : " ",
        "MNTN_NM" : "조침령",
        "PAST_SPOT_" : "4281071040038",
        "MNTN_ID" : "428107104"
      },
      "geometry" : {
        "x" : 331303.1101000011,
        "y" : 605980.69089999981
      }
    },
    {
      "attributes" : {
        "FID" : 38,
        "PMNTN_SPOT" : 79195,
        "MNTN_CODE" : "428107104",
        "MANAGE_SP1" : "99",
        "MANAGE_SP2" : "기타",
        "DETAIL_SPO" : "내리막 끝",
        "ETC_MATTER" : " ",
        "MNTN_NM" : "조침령",
        "PAST_SPOT_" : "4281071040039",
        "MNTN_ID" : "428107104"
      },
      "geometry" : {
        "x" : 331318.24530000053,
        "y" : 605919.23000000231
      }
    },
    {
      "attributes" : {
        "FID" : 39,
        "PMNTN_SPOT" : 79196,
        "MNTN_CODE" : "428107104",
        "MANAGE_SP1" : "10",
        "MANAGE_SP2" : "이정표",
        "DETAIL_SPO" : "이정표,보호림안내",
        "ETC_MATTER" : " ",
        "MNTN_NM" : "조침령",
        "PAST_SPOT_" : "4281071040040",
        "MNTN_ID" : "428107104"
      },
      "geometry" : {
        "x" : 331317.01269999985,
        "y" : 605866.39360000193
      }
    },
    {
      "attributes" : {
        "FID" : 40,
        "PMNTN_SPOT" : 79197,
        "MNTN_CODE" : "428107104",
        "MANAGE_SP1" : "99",
        "MANAGE_SP2" : "기타",
        "DETAIL_SPO" : "오르막시작",
        "ETC_MATTER" : " ",
        "MNTN_NM" : "조침령",
        "PAST_SPOT_" : "4281071040041",
        "MNTN_ID" : "428107104"
      },
      "geometry" : {
        "x" : 331330.44210000057,
        "y" : 605797.0689000003
      }
    },
    {
      "attributes" : {
        "FID" : 41,
        "PMNTN_SPOT" : 79198,
        "MNTN_CODE" : "428107104",
        "MANAGE_SP1" : "99",
        "MANAGE_SP2" : "기타",
        "DETAIL_SPO" : "오르막 끝",
        "ETC_MATTER" : " ",
        "MNTN_NM" : "조침령",
        "PAST_SPOT_" : "4281071040042",
        "MNTN_ID" : "428107104"
      },
      "geometry" : {
        "x" : 331409.83650000114,
        "y" : 605588.70979999937
      }
    },
    {
      "attributes" : {
        "FID" : 42,
        "PMNTN_SPOT" : 79199,
        "MNTN_CODE" : "428107104",
        "MANAGE_SP1" : "99",
        "MANAGE_SP2" : "기타",
        "DETAIL_SPO" : "구조표지판",
        "ETC_MATTER" : " ",
        "MNTN_NM" : "조침령",
        "PAST_SPOT_" : "4281071040043",
        "MNTN_ID" : "428107104"
      },
      "geometry" : {
        "x" : 331455.31920000073,
        "y" : 605542.87090000138
      }
    },
    {
      "attributes" : {
        "FID" : 43,
        "PMNTN_SPOT" : 79200,
        "MNTN_CODE" : "428107104",
        "MANAGE_SP1" : "99",
        "MANAGE_SP2" : "기타",
        "DETAIL_SPO" : "오르막시작",
        "ETC_MATTER" : " ",
        "MNTN_NM" : "조침령",
        "PAST_SPOT_" : "4281071040044",
        "MNTN_ID" : "428107104"
      },
      "geometry" : {
        "x" : 331512.1707000006,
        "y" : 605500.00730000064
      }
    },
    {
      "attributes" : {
        "FID" : 44,
        "PMNTN_SPOT" : 79201,
        "MNTN_CODE" : "428107104",
        "MANAGE_SP1" : "99",
        "MANAGE_SP2" : "기타",
        "DETAIL_SPO" : "오르막 끝",
        "ETC_MATTER" : " ",
        "MNTN_NM" : "조침령",
        "PAST_SPOT_" : "4281071040045",
        "MNTN_ID" : "428107104"
      },
      "geometry" : {
        "x" : 331741.99120000098,
        "y" : 605336.20900000073
      }
    },
    {
      "attributes" : {
        "FID" : 45,
        "PMNTN_SPOT" : 79202,
        "MNTN_CODE" : "428107104",
        "MANAGE_SP1" : "99",
        "MANAGE_SP2" : "기타",
        "DETAIL_SPO" : "1137고지",
        "ETC_MATTER" : " ",
        "MNTN_NM" : "조침령",
        "PAST_SPOT_" : "4281071040046",
        "MNTN_ID" : "428107104"
      },
      "geometry" : {
        "x" : 331767.76829999965,
        "y" : 605303.39020000398
      }
    },
    {
      "attributes" : {
        "FID" : 46,
        "PMNTN_SPOT" : 79203,
        "MNTN_CODE" : "428107104",
        "MANAGE_SP1" : "99",
        "MANAGE_SP2" : "기타",
        "DETAIL_SPO" : "구조표지판",
        "ETC_MATTER" : " ",
        "MNTN_NM" : "조침령",
        "PAST_SPOT_" : "4281071040047",
        "MNTN_ID" : "428107104"
      },
      "geometry" : {
        "x" : 331744.11510000098,
        "y" : 605227.89260000177
      }
    },
    {
      "attributes" : {
        "FID" : 47,
        "PMNTN_SPOT" : 79204,
        "MNTN_CODE" : "428107104",
        "MANAGE_SP1" : "99",
        "MANAGE_SP2" : "기타",
        "DETAIL_SPO" : "1139고지",
        "ETC_MATTER" : " ",
        "MNTN_NM" : "조침령",
        "PAST_SPOT_" : "4281071040048",
        "MNTN_ID" : "428107104"
      },
      "geometry" : {
        "x" : 331725.22420000192,
        "y" : 605179.74100000225
      }
    },
    {
      "attributes" : {
        "FID" : 48,
        "PMNTN_SPOT" : 79205,
        "MNTN_CODE" : "428107104",
        "MANAGE_SP1" : "99",
        "MANAGE_SP2" : "기타",
        "DETAIL_SPO" : "구조표지판",
        "ETC_MATTER" : " ",
        "MNTN_NM" : "조침령",
        "PAST_SPOT_" : "4281071040049",
        "MNTN_ID" : "428107104"
      },
      "geometry" : {
        "x" : 331571.75290000066,
        "y" : 604773.63610000163
      }
    },
    {
      "attributes" : {
        "FID" : 49,
        "PMNTN_SPOT" : 79206,
        "MNTN_CODE" : "428107104",
        "MANAGE_SP1" : "99",
        "MANAGE_SP2" : "기타",
        "DETAIL_SPO" : "1138고지",
        "ETC_MATTER" : " ",
        "MNTN_NM" : "조침령",
        "PAST_SPOT_" : "4281071040050",
        "MNTN_ID" : "428107104"
      },
      "geometry" : {
        "x" : 331579.60310000088,
        "y" : 604328.61549999937
      }
    },
    {
      "attributes" : {
        "FID" : 50,
        "PMNTN_SPOT" : 79207,
        "MNTN_CODE" : "428107104",
        "MANAGE_SP1" : "99",
        "MANAGE_SP2" : "기타",
        "DETAIL_SPO" : "구조표지판",
        "ETC_MATTER" : " ",
        "MNTN_NM" : "조침령",
        "PAST_SPOT_" : "4281071040051",
        "MNTN_ID" : "428107104"
      },
      "geometry" : {
        "x" : 331595.69200000167,
        "y" : 604265.82090000063
      }
    },
    {
      "attributes" : {
        "FID" : 51,
        "PMNTN_SPOT" : 79208,
        "MNTN_CODE" : "428107104",
        "MANAGE_SP1" : "10",
        "MANAGE_SP2" : "이정표",
        "DETAIL_SPO" : "이정표",
        "ETC_MATTER" : " ",
        "MNTN_NM" : "조침령",
        "PAST_SPOT_" : "4281071040052",
        "MNTN_ID" : "428107104"
      },
      "geometry" : {
        "x" : 331688.79060000088,
        "y" : 604002.29070000164
      }
    },
    {
      "attributes" : {
        "FID" : 52,
        "PMNTN_SPOT" : 79209,
        "MNTN_CODE" : "428107104",
        "MANAGE_SP1" : "99",
        "MANAGE_SP2" : "기타",
        "DETAIL_SPO" : "구조표지판",
        "ETC_MATTER" : " ",
        "MNTN_NM" : "조침령",
        "PAST_SPOT_" : "4281071040053",
        "MNTN_ID" : "428107104"
      },
      "geometry" : {
        "x" : 331688.7351000011,
        "y" : 603815.84559999965
      }
    },
    {
      "attributes" : {
        "FID" : 53,
        "PMNTN_SPOT" : 79210,
        "MNTN_CODE" : "428107104",
        "MANAGE_SP1" : "10",
        "MANAGE_SP2" : "이정표",
        "DETAIL_SPO" : "경고문,이정표",
        "ETC_MATTER" : " ",
        "MNTN_NM" : "조침령",
        "PAST_SPOT_" : "4281071040054",
        "MNTN_ID" : "428107104"
      },
      "geometry" : {
        "x" : 331867.64740000106,
        "y" : 603619.43600000069
      }
    },
    {
      "attributes" : {
        "FID" : 54,
        "PMNTN_SPOT" : 79211,
        "MNTN_CODE" : "428107104",
        "MANAGE_SP1" : "99",
        "MANAGE_SP2" : "기타",
        "DETAIL_SPO" : "경고문",
        "ETC_MATTER" : " ",
        "MNTN_NM" : "조침령",
        "PAST_SPOT_" : "4281071040055",
        "MNTN_ID" : "428107104"
      },
      "geometry" : {
        "x" : 331978.50519999955,
        "y" : 603511.67600000277
      }
    },
    {
      "attributes" : {
        "FID" : 55,
        "PMNTN_SPOT" : 79212,
        "MNTN_CODE" : "428107104",
        "MANAGE_SP1" : "99",
        "MANAGE_SP2" : "기타",
        "DETAIL_SPO" : "경고문",
        "ETC_MATTER" : " ",
        "MNTN_NM" : "조침령",
        "PAST_SPOT_" : "4281071040056",
        "MNTN_ID" : "428107104"
      },
      "geometry" : {
        "x" : 332002.6893000016,
        "y" : 603445.71820000187
      }
    },
    {
      "attributes" : {
        "FID" : 56,
        "PMNTN_SPOT" : 79213,
        "MNTN_CODE" : "428107104",
        "MANAGE_SP1" : "99",
        "MANAGE_SP2" : "기타",
        "DETAIL_SPO" : "구조표지판",
        "ETC_MATTER" : " ",
        "MNTN_NM" : "조침령",
        "PAST_SPOT_" : "4281071040057",
        "MNTN_ID" : "428107104"
      },
      "geometry" : {
        "x" : 332008.88440000173,
        "y" : 603430.02460000105
      }
    },
    {
      "attributes" : {
        "FID" : 57,
        "PMNTN_SPOT" : 79214,
        "MNTN_CODE" : "428107104",
        "MANAGE_SP1" : "99",
        "MANAGE_SP2" : "기타",
        "DETAIL_SPO" : "경고문,갈림길",
        "ETC_MATTER" : " ",
        "MNTN_NM" : "조침령",
        "PAST_SPOT_" : "4281071040058",
        "MNTN_ID" : "428107104"
      },
      "geometry" : {
        "x" : 332055.97600000072,
        "y" : 603357.09430000186
      }
    },
    {
      "attributes" : {
        "FID" : 58,
        "PMNTN_SPOT" : 79215,
        "MNTN_CODE" : "428107104",
        "MANAGE_SP1" : "99",
        "MANAGE_SP2" : "기타",
        "DETAIL_SPO" : "경고문",
        "ETC_MATTER" : " ",
        "MNTN_NM" : "조침령",
        "PAST_SPOT_" : "4281071040059",
        "MNTN_ID" : "428107104"
      },
      "geometry" : {
        "x" : 331953.3256000001,
        "y" : 603110.25510000065
      }
    },
    {
      "attributes" : {
        "FID" : 59,
        "PMNTN_SPOT" : 79216,
        "MNTN_CODE" : "428107104",
        "MANAGE_SP1" : "99",
        "MANAGE_SP2" : "기타",
        "DETAIL_SPO" : "경고문",
        "ETC_MATTER" : " ",
        "MNTN_NM" : "조침령",
        "PAST_SPOT_" : "4281071040060",
        "MNTN_ID" : "428107104"
      },
      "geometry" : {
        "x" : 331930.67120000161,
        "y" : 603024.07060000114
      }
    },
    {
      "attributes" : {
        "FID" : 60,
        "PMNTN_SPOT" : 79217,
        "MNTN_CODE" : "428107104",
        "MANAGE_SP1" : "99",
        "MANAGE_SP2" : "기타",
        "DETAIL_SPO" : "구조표지판",
        "ETC_MATTER" : " ",
        "MNTN_NM" : "조침령",
        "PAST_SPOT_" : "4281071040061",
        "MNTN_ID" : "428107104"
      },
      "geometry" : {
        "x" : 331946.40240000002,
        "y" : 602978.23719999939
      }
    },
    {
      "attributes" : {
        "FID" : 61,
        "PMNTN_SPOT" : 79218,
        "MNTN_CODE" : "428107104",
        "MANAGE_SP1" : "10",
        "MANAGE_SP2" : "이정표",
        "DETAIL_SPO" : "이정표,경고문",
        "ETC_MATTER" : " ",
        "MNTN_NM" : "조침령",
        "PAST_SPOT_" : "4281071040062",
        "MNTN_ID" : "428107104"
      },
      "geometry" : {
        "x" : 331948.78310000058,
        "y" : 602963.49630000256
      }
    },
    {
      "attributes" : {
        "FID" : 62,
        "PMNTN_SPOT" : 79219,
        "MNTN_CODE" : "428107104",
        "MANAGE_SP1" : "99",
        "MANAGE_SP2" : "기타",
        "DETAIL_SPO" : "1022고지,구조표지판",
        "ETC_MATTER" : " ",
        "MNTN_NM" : "조침령",
        "PAST_SPOT_" : "4281071040063",
        "MNTN_ID" : "428107104"
      },
      "geometry" : {
        "x" : 332282.75050000008,
        "y" : 602656.47640000097
      }
    },
    {
      "attributes" : {
        "FID" : 63,
        "PMNTN_SPOT" : 79220,
        "MNTN_CODE" : "428107104",
        "MANAGE_SP1" : "99",
        "MANAGE_SP2" : "기타",
        "DETAIL_SPO" : "삼각점",
        "ETC_MATTER" : " ",
        "MNTN_NM" : "조침령",
        "PAST_SPOT_" : "4281071040064",
        "MNTN_ID" : "428107104"
      },
      "geometry" : {
        "x" : 332357.2566000009,
        "y" : 602485.26439999975
      }
    },
    {
      "attributes" : {
        "FID" : 64,
        "PMNTN_SPOT" : 79221,
        "MNTN_CODE" : "428107104",
        "MANAGE_SP1" : "99",
        "MANAGE_SP2" : "기타",
        "DETAIL_SPO" : "내리막시작",
        "ETC_MATTER" : " ",
        "MNTN_NM" : "조침령",
        "PAST_SPOT_" : "4281071040065",
        "MNTN_ID" : "428107104"
      },
      "geometry" : {
        "x" : 332434.72100000083,
        "y" : 602426.52780000307
      }
    },
    {
      "attributes" : {
        "FID" : 65,
        "PMNTN_SPOT" : 79222,
        "MNTN_CODE" : "428107104",
        "MANAGE_SP1" : "99",
        "MANAGE_SP2" : "기타",
        "DETAIL_SPO" : "내리막 끝,구조표지판",
        "ETC_MATTER" : " ",
        "MNTN_NM" : "조침령",
        "PAST_SPOT_" : "4281071040066",
        "MNTN_ID" : "428107104"
      },
      "geometry" : {
        "x" : 332618.5158000011,
        "y" : 602439.8310000021
      }
    },
    {
      "attributes" : {
        "FID" : 66,
        "PMNTN_SPOT" : 79223,
        "MNTN_CODE" : "428107104",
        "MANAGE_SP1" : "99",
        "MANAGE_SP2" : "기타",
        "DETAIL_SPO" : "보호줄시작",
        "ETC_MATTER" : " ",
        "MNTN_NM" : "조침령",
        "PAST_SPOT_" : "4281071040067",
        "MNTN_ID" : "428107104"
      },
      "geometry" : {
        "x" : 332904.9868999999,
        "y" : 602541.26920000091
      }
    },
    {
      "attributes" : {
        "FID" : 67,
        "PMNTN_SPOT" : 79224,
        "MNTN_CODE" : "428107104",
        "MANAGE_SP1" : "99",
        "MANAGE_SP2" : "기타",
        "DETAIL_SPO" : "보호줄 끝",
        "ETC_MATTER" : " ",
        "MNTN_NM" : "조침령",
        "PAST_SPOT_" : "4281071040068",
        "MNTN_ID" : "428107104"
      },
      "geometry" : {
        "x" : 332915.48919999972,
        "y" : 602538.87140000239
      }
    },
    {
      "attributes" : {
        "FID" : 68,
        "PMNTN_SPOT" : 79225,
        "MNTN_CODE" : "428107104",
        "MANAGE_SP1" : "99",
        "MANAGE_SP2" : "기타",
        "DETAIL_SPO" : "사진포인트",
        "ETC_MATTER" : " ",
        "MNTN_NM" : "조침령",
        "PAST_SPOT_" : "4281071040069",
        "MNTN_ID" : "428107104"
      },
      "geometry" : {
        "x" : 332904.07280000113,
        "y" : 602477.52070000023
      }
    },
    {
      "attributes" : {
        "FID" : 69,
        "PMNTN_SPOT" : 79226,
        "MNTN_CODE" : "428107104",
        "MANAGE_SP1" : "99",
        "MANAGE_SP2" : "기타",
        "DETAIL_SPO" : "구조표지판",
        "ETC_MATTER" : " ",
        "MNTN_NM" : "조침령",
        "PAST_SPOT_" : "4281071040070",
        "MNTN_ID" : "428107104"
      },
      "geometry" : {
        "x" : 332883.20550000016,
        "y" : 602403.71270000003
      }
    },
    {
      "attributes" : {
        "FID" : 70,
        "PMNTN_SPOT" : 79227,
        "MNTN_CODE" : "428107104",
        "MANAGE_SP1" : "16",
        "MANAGE_SP2" : "주요나무",
        "DETAIL_SPO" : "철쭉군란지",
        "ETC_MATTER" : " ",
        "MNTN_NM" : "조침령",
        "PAST_SPOT_" : "4281071040071",
        "MNTN_ID" : "428107104"
      },
      "geometry" : {
        "x" : 332893.23490000051,
        "y" : 602209.95750000142
      }
    },
    {
      "attributes" : {
        "FID" : 71,
        "PMNTN_SPOT" : 79228,
        "MNTN_CODE" : "428107104",
        "MANAGE_SP1" : "16",
        "MANAGE_SP2" : "주요나무",
        "DETAIL_SPO" : "철쭉군란지",
        "ETC_MATTER" : " ",
        "MNTN_NM" : "조침령",
        "PAST_SPOT_" : "4281071040072",
        "MNTN_ID" : "428107104"
      },
      "geometry" : {
        "x" : 332841.66360000055,
        "y" : 601941.65750000253
      }
    },
    {
      "attributes" : {
        "FID" : 72,
        "PMNTN_SPOT" : 79229,
        "MNTN_CODE" : "428107104",
        "MANAGE_SP1" : "99",
        "MANAGE_SP2" : "기타",
        "DETAIL_SPO" : "906고지",
        "ETC_MATTER" : " ",
        "MNTN_NM" : "조침령",
        "PAST_SPOT_" : "4281071040073",
        "MNTN_ID" : "428107104"
      },
      "geometry" : {
        "x" : 332793.23349999916,
        "y" : 601792.4907000009
      }
    },
    {
      "attributes" : {
        "FID" : 73,
        "PMNTN_SPOT" : 79230,
        "MNTN_CODE" : "428107104",
        "MANAGE_SP1" : "10",
        "MANAGE_SP2" : "이정표",
        "DETAIL_SPO" : "이정표,안내판",
        "ETC_MATTER" : " ",
        "MNTN_NM" : "조침령",
        "PAST_SPOT_" : "4281071040074",
        "MNTN_ID" : "428107104"
      },
      "geometry" : {
        "x" : 332868.45540000219,
        "y" : 601629.06560000032
      }
    },
    {
      "attributes" : {
        "FID" : 74,
        "PMNTN_SPOT" : 79231,
        "MNTN_CODE" : "428107104",
        "MANAGE_SP1" : "99",
        "MANAGE_SP2" : "기타",
        "DETAIL_SPO" : "내리막시작",
        "ETC_MATTER" : " ",
        "MNTN_NM" : "조침령",
        "PAST_SPOT_" : "4281071040075",
        "MNTN_ID" : "428107104"
      },
      "geometry" : {
        "x" : 332837.84769999981,
        "y" : 601593.43449999951
      }
    },
    {
      "attributes" : {
        "FID" : 75,
        "PMNTN_SPOT" : 79232,
        "MNTN_CODE" : "428107104",
        "MANAGE_SP1" : "99",
        "MANAGE_SP2" : "기타",
        "DETAIL_SPO" : "내리막 끝",
        "ETC_MATTER" : " ",
        "MNTN_NM" : "조침령",
        "PAST_SPOT_" : "4281071040076",
        "MNTN_ID" : "428107104"
      },
      "geometry" : {
        "x" : 332797.0055999998,
        "y" : 601562.66280000098
      }
    },
    {
      "attributes" : {
        "FID" : 76,
        "PMNTN_SPOT" : 79233,
        "MNTN_CODE" : "428107104",
        "MANAGE_SP1" : "99",
        "MANAGE_SP2" : "기타",
        "DETAIL_SPO" : "구조표지판",
        "ETC_MATTER" : " ",
        "MNTN_NM" : "조침령",
        "PAST_SPOT_" : "4281071040077",
        "MNTN_ID" : "428107104"
      },
      "geometry" : {
        "x" : 332741.5186999999,
        "y" : 601519.91760000028
      }
    },
    {
      "attributes" : {
        "FID" : 77,
        "PMNTN_SPOT" : 79234,
        "MNTN_CODE" : "428107104",
        "MANAGE_SP1" : "99",
        "MANAGE_SP2" : "기타",
        "DETAIL_SPO" : "내리막시작",
        "ETC_MATTER" : " ",
        "MNTN_NM" : "조침령",
        "PAST_SPOT_" : "4281071040078",
        "MNTN_ID" : "428107104"
      },
      "geometry" : {
        "x" : 332703.62790000066,
        "y" : 601497.36580000259
      }
    },
    {
      "attributes" : {
        "FID" : 78,
        "PMNTN_SPOT" : 79235,
        "MNTN_CODE" : "428107104",
        "MANAGE_SP1" : "99",
        "MANAGE_SP2" : "기타",
        "DETAIL_SPO" : "내리막 끝",
        "ETC_MATTER" : " ",
        "MNTN_NM" : "조침령",
        "PAST_SPOT_" : "4281071040079",
        "MNTN_ID" : "428107104"
      },
      "geometry" : {
        "x" : 332671.9542000005,
        "y" : 601471.52760000154
      }
    },
    {
      "attributes" : {
        "FID" : 79,
        "PMNTN_SPOT" : 79236,
        "MNTN_CODE" : "428107104",
        "MANAGE_SP1" : "12",
        "MANAGE_SP2" : "위험지역",
        "DETAIL_SPO" : "위험지역",
        "ETC_MATTER" : " ",
        "MNTN_NM" : "조침령",
        "PAST_SPOT_" : "4281071040080",
        "MNTN_ID" : "428107104"
      },
      "geometry" : {
        "x" : 332653.25210000109,
        "y" : 601435.50409999862
      }
    },
    {
      "attributes" : {
        "FID" : 80,
        "PMNTN_SPOT" : 79237,
        "MNTN_CODE" : "428107104",
        "MANAGE_SP1" : "99",
        "MANAGE_SP2" : "기타",
        "DETAIL_SPO" : "825고지",
        "ETC_MATTER" : " ",
        "MNTN_NM" : "조침령",
        "PAST_SPOT_" : "4281071040081",
        "MNTN_ID" : "428107104"
      },
      "geometry" : {
        "x" : 332511.63690000027,
        "y" : 601286.55829999968
      }
    },
    {
      "attributes" : {
        "FID" : 81,
        "PMNTN_SPOT" : 79238,
        "MNTN_CODE" : "428107104",
        "MANAGE_SP1" : "16",
        "MANAGE_SP2" : "주요나무",
        "DETAIL_SPO" : "철쭉군란지",
        "ETC_MATTER" : " ",
        "MNTN_NM" : "조침령",
        "PAST_SPOT_" : "4281071040082",
        "MNTN_ID" : "428107104"
      },
      "geometry" : {
        "x" : 332474.94359999988,
        "y" : 601216.84139999934
      }
    },
    {
      "attributes" : {
        "FID" : 82,
        "PMNTN_SPOT" : 79239,
        "MNTN_CODE" : "428107104",
        "MANAGE_SP1" : "99",
        "MANAGE_SP2" : "기타",
        "DETAIL_SPO" : "구조표지판",
        "ETC_MATTER" : " ",
        "MNTN_NM" : "조침령",
        "PAST_SPOT_" : "4281071040083",
        "MNTN_ID" : "428107104"
      },
      "geometry" : {
        "x" : 332435.13460000046,
        "y" : 601153.92399999872
      }
    },
    {
      "attributes" : {
        "FID" : 83,
        "PMNTN_SPOT" : 79240,
        "MNTN_CODE" : "428107104",
        "MANAGE_SP1" : "99",
        "MANAGE_SP2" : "기타",
        "DETAIL_SPO" : "보호줄시작",
        "ETC_MATTER" : " ",
        "MNTN_NM" : "조침령",
        "PAST_SPOT_" : "4281071040084",
        "MNTN_ID" : "428107104"
      },
      "geometry" : {
        "x" : 332428.10270000156,
        "y" : 601142.49290000461
      }
    },
    {
      "attributes" : {
        "FID" : 84,
        "PMNTN_SPOT" : 79241,
        "MNTN_CODE" : "428107104",
        "MANAGE_SP1" : "99",
        "MANAGE_SP2" : "기타",
        "DETAIL_SPO" : "보호줄 끝",
        "ETC_MATTER" : " ",
        "MNTN_NM" : "조침령",
        "PAST_SPOT_" : "4281071040085",
        "MNTN_ID" : "428107104"
      },
      "geometry" : {
        "x" : 332404.19630000088,
        "y" : 601105.28770000115
      }
    },
    {
      "attributes" : {
        "FID" : 85,
        "PMNTN_SPOT" : 79242,
        "MNTN_CODE" : "428107104",
        "MANAGE_SP1" : "99",
        "MANAGE_SP2" : "기타",
        "DETAIL_SPO" : "오르막시작",
        "ETC_MATTER" : " ",
        "MNTN_NM" : "조침령",
        "PAST_SPOT_" : "4281071040086",
        "MNTN_ID" : "428107104"
      },
      "geometry" : {
        "x" : 332288.92230000068,
        "y" : 601020.00370000303
      }
    },
    {
      "attributes" : {
        "FID" : 86,
        "PMNTN_SPOT" : 79243,
        "MNTN_CODE" : "428107104",
        "MANAGE_SP1" : "10",
        "MANAGE_SP2" : "이정표",
        "DETAIL_SPO" : "오르막 끝,이정표,안내판",
        "ETC_MATTER" : " ",
        "MNTN_NM" : "조침령",
        "PAST_SPOT_" : "4281071040087",
        "MNTN_ID" : "428107104"
      },
      "geometry" : {
        "x" : 332226.22410000116,
        "y" : 600999.71460000053
      }
    },
    {
      "attributes" : {
        "FID" : 87,
        "PMNTN_SPOT" : 79244,
        "MNTN_CODE" : "428107104",
        "MANAGE_SP1" : "16",
        "MANAGE_SP2" : "주요나무",
        "DETAIL_SPO" : "철쭉군란지",
        "ETC_MATTER" : " ",
        "MNTN_NM" : "조침령",
        "PAST_SPOT_" : "4281071040088",
        "MNTN_ID" : "428107104"
      },
      "geometry" : {
        "x" : 332209.46710000187,
        "y" : 600988.93600000069
      }
    },
    {
      "attributes" : {
        "FID" : 88,
        "PMNTN_SPOT" : 79245,
        "MNTN_CODE" : "428107104",
        "MANAGE_SP1" : "99",
        "MANAGE_SP2" : "기타",
        "DETAIL_SPO" : "보호줄시작",
        "ETC_MATTER" : " ",
        "MNTN_NM" : "조침령",
        "PAST_SPOT_" : "4281071040089",
        "MNTN_ID" : "428107104"
      },
      "geometry" : {
        "x" : 332186.25439999904,
        "y" : 600947.91760000214
      }
    },
    {
      "attributes" : {
        "FID" : 89,
        "PMNTN_SPOT" : 79246,
        "MNTN_CODE" : "428107104",
        "MANAGE_SP1" : "99",
        "MANAGE_SP2" : "기타",
        "DETAIL_SPO" : "보호줄 끝",
        "ETC_MATTER" : " ",
        "MNTN_NM" : "조침령",
        "PAST_SPOT_" : "4281071040090",
        "MNTN_ID" : "428107104"
      },
      "geometry" : {
        "x" : 332164.02280000038,
        "y" : 600914.07200000063
      }
    },
    {
      "attributes" : {
        "FID" : 90,
        "PMNTN_SPOT" : 79247,
        "MNTN_CODE" : "428107104",
        "MANAGE_SP1" : "16",
        "MANAGE_SP2" : "주요나무",
        "DETAIL_SPO" : "철쭉군란지",
        "ETC_MATTER" : " ",
        "MNTN_NM" : "조침령",
        "PAST_SPOT_" : "4281071040091",
        "MNTN_ID" : "428107104"
      },
      "geometry" : {
        "x" : 332149.27359999996,
        "y" : 600861.54780000076
      }
    },
    {
      "attributes" : {
        "FID" : 91,
        "PMNTN_SPOT" : 79248,
        "MNTN_CODE" : "428107104",
        "MANAGE_SP1" : "03",
        "MANAGE_SP2" : "정자",
        "DETAIL_SPO" : "정자,보호줄설치,위험지역",
        "ETC_MATTER" : " ",
        "MNTN_NM" : "조침령",
        "PAST_SPOT_" : "4281071040092",
        "MNTN_ID" : "428107104"
      },
      "geometry" : {
        "x" : 332153.21700000018,
        "y" : 600840.39200000465
      }
    },
    {
      "attributes" : {
        "FID" : 92,
        "PMNTN_SPOT" : 79249,
        "MNTN_CODE" : "428107104",
        "MANAGE_SP1" : "99",
        "MANAGE_SP2" : "기타",
        "DETAIL_SPO" : "구조표지판",
        "ETC_MATTER" : " ",
        "MNTN_NM" : "조침령",
        "PAST_SPOT_" : "4281071040093",
        "MNTN_ID" : "428107104"
      },
      "geometry" : {
        "x" : 332112.80180000048,
        "y" : 600818.35150000267
      }
    },
    {
      "attributes" : {
        "FID" : 93,
        "PMNTN_SPOT" : 79250,
        "MNTN_CODE" : "428107104",
        "MANAGE_SP1" : "11",
        "MANAGE_SP2" : "안내판또는지도",
        "DETAIL_SPO" : "안내판",
        "ETC_MATTER" : " ",
        "MNTN_NM" : "조침령",
        "PAST_SPOT_" : "4281071040094",
        "MNTN_ID" : "428107104"
      },
      "geometry" : {
        "x" : 332084.41750000045,
        "y" : 600807.89720000327
      }
    },
    {
      "attributes" : {
        "FID" : 94,
        "PMNTN_SPOT" : 79251,
        "MNTN_CODE" : "428107104",
        "MANAGE_SP1" : "11",
        "MANAGE_SP2" : "안내판또는지도",
        "DETAIL_SPO" : "안내판",
        "ETC_MATTER" : " ",
        "MNTN_NM" : "조침령",
        "PAST_SPOT_" : "4281071040095",
        "MNTN_ID" : "428107104"
      },
      "geometry" : {
        "x" : 332070.60539999977,
        "y" : 600797.14800000004
      }
    },
    {
      "attributes" : {
        "FID" : 95,
        "PMNTN_SPOT" : 79252,
        "MNTN_CODE" : "428107104",
        "MANAGE_SP1" : "99",
        "MANAGE_SP2" : "기타",
        "DETAIL_SPO" : "산불조심",
        "ETC_MATTER" : " ",
        "MNTN_NM" : "조침령",
        "PAST_SPOT_" : "4281071040096",
        "MNTN_ID" : "428107104"
      },
      "geometry" : {
        "x" : 332031.83250000048,
        "y" : 600742.26280000061
      }
    },
    {
      "attributes" : {
        "FID" : 96,
        "PMNTN_SPOT" : 79253,
        "MNTN_CODE" : "428107104",
        "MANAGE_SP1" : "01",
        "MANAGE_SP2" : "시종점",
        "DETAIL_SPO" : "시종점",
        "ETC_MATTER" : " ",
        "MNTN_NM" : "조침령",
        "PAST_SPOT_" : "4281071040097",
        "MNTN_ID" : "428107104"
      },
      "geometry" : {
        "x" : 325145.86300000455,
        "y" : 606376.04990000091
      }
    },
    {
      "attributes" : {
        "FID" : 97,
        "PMNTN_SPOT" : 79254,
        "MNTN_CODE" : "428107104",
        "MANAGE_SP1" : "01",
        "MANAGE_SP2" : "시종점",
        "DETAIL_SPO" : "시종점",
        "ETC_MATTER" : " ",
        "MNTN_NM" : "조침령",
        "PAST_SPOT_" : "4281071040098",
        "MNTN_ID" : "428107104"
      },
      "geometry" : {
        "x" : 331959.99080000073,
        "y" : 600689.33940000273
      }
    },
    {
      "attributes" : {
        "FID" : 98,
        "PMNTN_SPOT" : 99179,
        "MNTN_CODE" : "428107104",
        "MANAGE_SP1" : "99",
        "MANAGE_SP2" : "기타",
        "DETAIL_SPO" : "내리막끝",
        "ETC_MATTER" : " ",
        "MNTN_NM" : "조침령",
        "PAST_SPOT_" : "4281071040099",
        "MNTN_ID" : "428107104"
      },
      "geometry" : {
        "x" : 326398.37819999916,
        "y" : 607346.88379999995
      }
    },
    {
      "attributes" : {
        "FID" : 99,
        "PMNTN_SPOT" : 99180,
        "MNTN_CODE" : "428107104",
        "MANAGE_SP1" : "99",
        "MANAGE_SP2" : "기타",
        "DETAIL_SPO" : "구조표지판",
        "ETC_MATTER" : " ",
        "MNTN_NM" : "조침령",
        "PAST_SPOT_" : "4281071040100",
        "MNTN_ID" : "428107104"
      },
      "geometry" : {
        "x" : 327770.69739999925,
        "y" : 607116.05570000038
      }
    },
    {
      "attributes" : {
        "FID" : 100,
        "PMNTN_SPOT" : 99181,
        "MNTN_CODE" : "428107104",
        "MANAGE_SP1" : "99",
        "MANAGE_SP2" : "기타",
        "DETAIL_SPO" : "구조표지판",
        "ETC_MATTER" : " ",
        "MNTN_NM" : "조침령",
        "PAST_SPOT_" : "4281071040101",
        "MNTN_ID" : "428107104"
      },
      "geometry" : {
        "x" : 328286.3196999986,
        "y" : 606666.05320000055
      }
    },
    {
      "attributes" : {
        "FID" : 101,
        "PMNTN_SPOT" : 99182,
        "MNTN_CODE" : "428107104",
        "MANAGE_SP1" : "99",
        "MANAGE_SP2" : "기타",
        "DETAIL_SPO" : "구조표지판",
        "ETC_MATTER" : " ",
        "MNTN_NM" : "조침령",
        "PAST_SPOT_" : "4281071040102",
        "MNTN_ID" : "428107104"
      },
      "geometry" : {
        "x" : 328744.19609999977,
        "y" : 606663.25269999891
      }
    },
    {
      "attributes" : {
        "FID" : 102,
        "PMNTN_SPOT" : 99183,
        "MNTN_CODE" : "428107104",
        "MANAGE_SP1" : "99",
        "MANAGE_SP2" : "기타",
        "DETAIL_SPO" : "구조표지판",
        "ETC_MATTER" : " ",
        "MNTN_NM" : "조침령",
        "PAST_SPOT_" : "4281071040103",
        "MNTN_ID" : "428107104"
      },
      "geometry" : {
        "x" : 330005.82339999964,
        "y" : 606769.97309999901
      }
    },
    {
      "attributes" : {
        "FID" : 103,
        "PMNTN_SPOT" : 99184,
        "MNTN_CODE" : "428107104",
        "MANAGE_SP1" : "23",
        "MANAGE_SP2" : "정상",
        "DETAIL_SPO" : "정상",
        "ETC_MATTER" : " ",
        "MNTN_NM" : "조침령",
        "PAST_SPOT_" : "4281071040104",
        "MNTN_ID" : "428107104"
      },
      "geometry" : {
        "x" : 331594.91599999811,
        "y" : 604892.96969999827
      }
    },
    {
      "attributes" : {
        "FID" : 104,
        "PMNTN_SPOT" : 99185,
        "MNTN_CODE" : "428107104",
        "MANAGE_SP1" : "99",
        "MANAGE_SP2" : "기타",
        "DETAIL_SPO" : "구조표지판",
        "ETC_MATTER" : " ",
        "MNTN_NM" : "조침령",
        "PAST_SPOT_" : "4281071040105",
        "MNTN_ID" : "428107104"
      },
      "geometry" : {
        "x" : 331691.8921000018,
        "y" : 604014.47690000036
      }
    },
    {
      "attributes" : {
        "FID" : 105,
        "PMNTN_SPOT" : 99186,
        "MNTN_CODE" : "428107104",
        "MANAGE_SP1" : "10",
        "MANAGE_SP2" : "이정표",
        "DETAIL_SPO" : "이정표, 위험지역",
        "ETC_MATTER" : " ",
        "MNTN_NM" : "조침령",
        "PAST_SPOT_" : "4281071040106",
        "MNTN_ID" : "428107104"
      },
      "geometry" : {
        "x" : 332277.85319999978,
        "y" : 602691.98660000018
      }
    },
    {
      "attributes" : {
        "FID" : 106,
        "PMNTN_SPOT" : 99187,
        "MNTN_CODE" : "428107104",
        "MANAGE_SP1" : "99",
        "MANAGE_SP2" : "기타",
        "DETAIL_SPO" : "삼각점",
        "ETC_MATTER" : " ",
        "MNTN_NM" : "조침령",
        "PAST_SPOT_" : "4281071040107",
        "MNTN_ID" : "428107104"
      },
      "geometry" : {
        "x" : 332366.94640000025,
        "y" : 602451.19999999925
      }
    },
    {
      "attributes" : {
        "FID" : 107,
        "PMNTN_SPOT" : 99188,
        "MNTN_CODE" : "428107104",
        "MANAGE_SP1" : "99",
        "MANAGE_SP2" : "기타",
        "DETAIL_SPO" : "내리막시작",
        "ETC_MATTER" : " ",
        "MNTN_NM" : "조침령",
        "PAST_SPOT_" : "4281071040108",
        "MNTN_ID" : "428107104"
      },
      "geometry" : {
        "x" : 332483.03920000128,
        "y" : 602425.63609999954
      }
    },
    {
      "attributes" : {
        "FID" : 108,
        "PMNTN_SPOT" : 99189,
        "MNTN_CODE" : "428107104",
        "MANAGE_SP1" : "99",
        "MANAGE_SP2" : "기타",
        "DETAIL_SPO" : "내리막끝, 구조표지판",
        "ETC_MATTER" : " ",
        "MNTN_NM" : "조침령",
        "PAST_SPOT_" : "4281071040109",
        "MNTN_ID" : "428107104"
      },
      "geometry" : {
        "x" : 332703.55029999721,
        "y" : 602464.16279999923
      }
    },
    {
      "attributes" : {
        "FID" : 109,
        "PMNTN_SPOT" : 99190,
        "MNTN_CODE" : "428107104",
        "MANAGE_SP1" : "16",
        "MANAGE_SP2" : "주요나무",
        "DETAIL_SPO" : "철쭉군란지",
        "ETC_MATTER" : " ",
        "MNTN_NM" : "조침령",
        "PAST_SPOT_" : "4281071040110",
        "MNTN_ID" : "428107104"
      },
      "geometry" : {
        "x" : 332886.80799999996,
        "y" : 602112.53089999931
      }
    },
    {
      "attributes" : {
        "FID" : 110,
        "PMNTN_SPOT" : 99191,
        "MNTN_CODE" : "428107104",
        "MANAGE_SP1" : "11",
        "MANAGE_SP2" : "안내판또는지도",
        "DETAIL_SPO" : "안내판또는지도",
        "ETC_MATTER" : " ",
        "MNTN_NM" : "조침령",
        "PAST_SPOT_" : "4281071040111",
        "MNTN_ID" : "428107104"
      },
      "geometry" : {
        "x" : 332077.67460000014,
        "y" : 600803.59089999984
      }
    },
    {
      "attributes" : {
        "FID" : 111,
        "PMNTN_SPOT" : 99192,
        "MNTN_CODE" : "428107104",
        "MANAGE_SP1" : "99",
        "MANAGE_SP2" : "기타",
        "DETAIL_SPO" : "산불조심",
        "ETC_MATTER" : " ",
        "MNTN_NM" : "조침령",
        "PAST_SPOT_" : "4281071040112",
        "MNTN_ID" : "428107104"
      },
      "geometry" : {
        "x" : 332036.38229999924,
        "y" : 600741.90809999988
      }
    }
  ]
}