{
  "displayFieldName" : "",
  "fieldAliases" : {
    "FID" : "FID",
    "PMNTN_SPOT" : "PMNTN_SPOT",
    "MNTN_CODE" : "MNTN_CODE",
    "MANAGE_SP1" : "MANAGE_SP1",
    "MANAGE_SP2" : "MANAGE_SP2",
    "DETAIL_SPO" : "DETAIL_SPO",
    "ETC_MATTER" : "ETC_MATTER",
    "MNTN_NM" : "MNTN_NM",
    "PAST_SPOT_" : "PAST_SPOT_",
    "MNTN_ID" : "MNTN_ID"
  },
  "geometryType" : "esriGeometryPoint",
  "spatialReference" : {
    "wkt" : "PROJCS[\"PCS_ITRF2000_TM\",GEOGCS[\"GCS_ITRF_2000\",DATUM[\"D_ITRF_2000\",SPHEROID[\"GRS_1980\",6378137.0,298.257222101]],PRIMEM[\"Greenwich\",0.0],UNIT[\"Degree\",0.0174532925199433]],PROJECTION[\"Transverse_Mercator\"],PARAMETER[\"False_Easting\",200000.0],PARAMETER[\"False_Northing\",600000.0],PARAMETER[\"Central_Meridian\",127.0],PARAMETER[\"Scale_Factor\",1.0],PARAMETER[\"Latitude_Of_Origin\",38.0],UNIT[\"Meter\",1.0]]"
  },
  "fields" : [
    {
      "name" : "FID",
      "type" : "esriFieldTypeOID",
      "alias" : "FID"
    },
    {
      "name" : "PMNTN_SPOT",
      "type" : "esriFieldTypeDouble",
      "alias" : "PMNTN_SPOT"
    },
    {
      "name" : "MNTN_CODE",
      "type" : "esriFieldTypeString",
      "alias" : "MNTN_CODE",
      "length" : 9
    },
    {
      "name" : "MANAGE_SP1",
      "type" : "esriFieldTypeString",
      "alias" : "MANAGE_SP1",
      "length" : 2
    },
    {
      "name" : "MANAGE_SP2",
      "type" : "esriFieldTypeString",
      "alias" : "MANAGE_SP2",
      "length" : 50
    },
    {
      "name" : "DETAIL_SPO",
      "type" : "esriFieldTypeString",
      "alias" : "DETAIL_SPO",
      "length" : 200
    },
    {
      "name" : "ETC_MATTER",
      "type" : "esriFieldTypeString",
      "alias" : "ETC_MATTER",
      "length" : 200
    },
    {
      "name" : "MNTN_NM",
      "type" : "esriFieldTypeString",
      "alias" : "MNTN_NM",
      "length" : 50
    },
    {
      "name" : "PAST_SPOT_",
      "type" : "esriFieldTypeString",
      "alias" : "PAST_SPOT_",
      "length" : 14
    },
    {
      "name" : "MNTN_ID",
      "type" : "esriFieldTypeString",
      "alias" : "MNTN_ID",
      "length" : 10
    }
  ],
  "features" : [
    {
      "attributes" : {
        "FID" : 0,
        "PMNTN_SPOT" : 76096,
        "MNTN_CODE" : "482503501",
        "MANAGE_SP1" : "02",
        "MANAGE_SP2" : "분기점",
        "DETAIL_SPO" : "분기점",
        "ETC_MATTER" : " ",
        "MNTN_NM" : "작약산",
        "PAST_SPOT_" : "4825035010001",
        "MNTN_ID" : "482503501"
      },
      "geometry" : {
        "x" : 366245.30290002376,
        "y" : 307714.41369999945
      }
    },
    {
      "attributes" : {
        "FID" : 1,
        "PMNTN_SPOT" : 76097,
        "MNTN_CODE" : "482503501",
        "MANAGE_SP1" : "02",
        "MANAGE_SP2" : "분기점",
        "DETAIL_SPO" : "분기점",
        "ETC_MATTER" : " ",
        "MNTN_NM" : "작약산",
        "PAST_SPOT_" : "4825035010002",
        "MNTN_ID" : "482503501"
      },
      "geometry" : {
        "x" : 366302.1658000201,
        "y" : 307796.36320000142
      }
    },
    {
      "attributes" : {
        "FID" : 2,
        "PMNTN_SPOT" : 76098,
        "MNTN_CODE" : "482503501",
        "MANAGE_SP1" : "02",
        "MANAGE_SP2" : "분기점",
        "DETAIL_SPO" : "분기점",
        "ETC_MATTER" : " ",
        "MNTN_NM" : "작약산",
        "PAST_SPOT_" : "4825035010003",
        "MNTN_ID" : "482503501"
      },
      "geometry" : {
        "x" : 366861.59600002225,
        "y" : 307873.295300005
      }
    },
    {
      "attributes" : {
        "FID" : 3,
        "PMNTN_SPOT" : 76099,
        "MNTN_CODE" : "482503501",
        "MANAGE_SP1" : "01",
        "MANAGE_SP2" : "시종점",
        "DETAIL_SPO" : "시종점",
        "ETC_MATTER" : " ",
        "MNTN_NM" : "작약산",
        "PAST_SPOT_" : "4825035010004",
        "MNTN_ID" : "482503501"
      },
      "geometry" : {
        "x" : 367063.96100002434,
        "y" : 308727.07450000197
      }
    },
    {
      "attributes" : {
        "FID" : 4,
        "PMNTN_SPOT" : 76100,
        "MNTN_CODE" : "482503501",
        "MANAGE_SP1" : "02",
        "MANAGE_SP2" : "분기점",
        "DETAIL_SPO" : "분기점",
        "ETC_MATTER" : " ",
        "MNTN_NM" : "작약산",
        "PAST_SPOT_" : "4825035010005",
        "MNTN_ID" : "482503501"
      },
      "geometry" : {
        "x" : 367145.07420002203,
        "y" : 308205.27410000004
      }
    },
    {
      "attributes" : {
        "FID" : 5,
        "PMNTN_SPOT" : 76101,
        "MNTN_CODE" : "482503501",
        "MANAGE_SP1" : "02",
        "MANAGE_SP2" : "분기점",
        "DETAIL_SPO" : "분기점",
        "ETC_MATTER" : " ",
        "MNTN_NM" : "작약산",
        "PAST_SPOT_" : "4825035010006",
        "MNTN_ID" : "482503501"
      },
      "geometry" : {
        "x" : 367202.93770002201,
        "y" : 308342.27690000087
      }
    },
    {
      "attributes" : {
        "FID" : 6,
        "PMNTN_SPOT" : 76102,
        "MNTN_CODE" : "482503501",
        "MANAGE_SP1" : "01",
        "MANAGE_SP2" : "시종점",
        "DETAIL_SPO" : "시종점",
        "ETC_MATTER" : " ",
        "MNTN_NM" : "작약산",
        "PAST_SPOT_" : "4825035010007",
        "MNTN_ID" : "482503501"
      },
      "geometry" : {
        "x" : 367271.34320002515,
        "y" : 308691.95329999737
      }
    },
    {
      "attributes" : {
        "FID" : 7,
        "PMNTN_SPOT" : 76103,
        "MNTN_CODE" : "482503501",
        "MANAGE_SP1" : "02",
        "MANAGE_SP2" : "분기점",
        "DETAIL_SPO" : "분기점",
        "ETC_MATTER" : " ",
        "MNTN_NM" : "작약산",
        "PAST_SPOT_" : "4825035010008",
        "MNTN_ID" : "482503501"
      },
      "geometry" : {
        "x" : 367446.94910002407,
        "y" : 308266.31809999794
      }
    },
    {
      "attributes" : {
        "FID" : 8,
        "PMNTN_SPOT" : 76104,
        "MNTN_CODE" : "482503501",
        "MANAGE_SP1" : "02",
        "MANAGE_SP2" : "분기점",
        "DETAIL_SPO" : "분기점",
        "ETC_MATTER" : " ",
        "MNTN_NM" : "작약산",
        "PAST_SPOT_" : "4825035010009",
        "MNTN_ID" : "482503501"
      },
      "geometry" : {
        "x" : 367582.5686000241,
        "y" : 308149.20040000603
      }
    },
    {
      "attributes" : {
        "FID" : 9,
        "PMNTN_SPOT" : 76105,
        "MNTN_CODE" : "482503501",
        "MANAGE_SP1" : "01",
        "MANAGE_SP2" : "시종점",
        "DETAIL_SPO" : "시종점",
        "ETC_MATTER" : " ",
        "MNTN_NM" : "작약산",
        "PAST_SPOT_" : "4825035010010",
        "MNTN_ID" : "482503501"
      },
      "geometry" : {
        "x" : 368018.92260002252,
        "y" : 306771.9953000024
      }
    },
    {
      "attributes" : {
        "FID" : 10,
        "PMNTN_SPOT" : 76106,
        "MNTN_CODE" : "482503501",
        "MANAGE_SP1" : "99",
        "MANAGE_SP2" : "기타",
        "DETAIL_SPO" : "산불감시초소",
        "ETC_MATTER" : " ",
        "MNTN_NM" : "작약산",
        "PAST_SPOT_" : "4825035010011",
        "MNTN_ID" : "482503501"
      },
      "geometry" : {
        "x" : 366243.2642000448,
        "y" : 307713.40310000442
      }
    },
    {
      "attributes" : {
        "FID" : 11,
        "PMNTN_SPOT" : 76107,
        "MNTN_CODE" : "482503501",
        "MANAGE_SP1" : "23",
        "MANAGE_SP2" : "정상",
        "DETAIL_SPO" : "정상",
        "ETC_MATTER" : " ",
        "MNTN_NM" : "작약산",
        "PAST_SPOT_" : "4825035010012",
        "MNTN_ID" : "482503501"
      },
      "geometry" : {
        "x" : 366054.8703000471,
        "y" : 307945.14400000125
      }
    },
    {
      "attributes" : {
        "FID" : 12,
        "PMNTN_SPOT" : 76108,
        "MNTN_CODE" : "482503501",
        "MANAGE_SP1" : "99",
        "MANAGE_SP2" : "기타",
        "DETAIL_SPO" : "구천사",
        "ETC_MATTER" : " ",
        "MNTN_NM" : "작약산",
        "PAST_SPOT_" : "4825035010013",
        "MNTN_ID" : "482503501"
      },
      "geometry" : {
        "x" : 366401.14690004662,
        "y" : 308044.668700004
      }
    }
  ]
}