{
  "displayFieldName" : "",
  "fieldAliases" : {
    "FID" : "FID",
    "PMNTN_SN" : "PMNTN_SN",
    "MNTN_CODE" : "MNTN_CODE",
    "MNTN_NM" : "MNTN_NM",
    "PMNTN_NM" : "PMNTN_NM",
    "PMNTN_MAIN" : "PMNTN_MAIN",
    "PMNTN_LT" : "PMNTN_LT",
    "PMNTN_DFFL" : "PMNTN_DFFL",
    "PMNTN_UPPL" : "PMNTN_UPPL",
    "PMNTN_GODN" : "PMNTN_GODN",
    "PMNTN_MTRQ" : "PMNTN_MTRQ",
    "PMNTN_CNRL" : "PMNTN_CNRL",
    "PMNTN_CLS_" : "PMNTN_CLS_",
    "PMNTN_RISK" : "PMNTN_RISK",
    "PMNTN_RECO" : "PMNTN_RECO",
    "DATA_STDR_" : "DATA_STDR_",
    "MNTN_ID" : "MNTN_ID"
  },
  "geometryType" : "esriGeometryPolyline",
  "spatialReference" : {
    "wkt" : "PROJCS[\"PCS_ITRF2000_TM\",GEOGCS[\"GCS_ITRF_2000\",DATUM[\"D_ITRF_2000\",SPHEROID[\"GRS_1980\",6378137.0,298.257222101]],PRIMEM[\"Greenwich\",0.0],UNIT[\"Degree\",0.0174532925199433]],PROJECTION[\"Transverse_Mercator\"],PARAMETER[\"False_Easting\",200000.0],PARAMETER[\"False_Northing\",600000.0],PARAMETER[\"Central_Meridian\",127.0],PARAMETER[\"Scale_Factor\",1.0],PARAMETER[\"Latitude_Of_Origin\",38.0],UNIT[\"Meter\",1.0]]"
  },
  "fields" : [
    {
      "name" : "FID",
      "type" : "esriFieldTypeOID",
      "alias" : "FID"
    },
    {
      "name" : "PMNTN_SN",
      "type" : "esriFieldTypeDouble",
      "alias" : "PMNTN_SN"
    },
    {
      "name" : "MNTN_CODE",
      "type" : "esriFieldTypeString",
      "alias" : "MNTN_CODE",
      "length" : 9
    },
    {
      "name" : "MNTN_NM",
      "type" : "esriFieldTypeString",
      "alias" : "MNTN_NM",
      "length" : 50
    },
    {
      "name" : "PMNTN_NM",
      "type" : "esriFieldTypeString",
      "alias" : "PMNTN_NM",
      "length" : 50
    },
    {
      "name" : "PMNTN_MAIN",
      "type" : "esriFieldTypeString",
      "alias" : "PMNTN_MAIN",
      "length" : 200
    },
    {
      "name" : "PMNTN_LT",
      "type" : "esriFieldTypeSingle",
      "alias" : "PMNTN_LT"
    },
    {
      "name" : "PMNTN_DFFL",
      "type" : "esriFieldTypeString",
      "alias" : "PMNTN_DFFL",
      "length" : 8
    },
    {
      "name" : "PMNTN_UPPL",
      "type" : "esriFieldTypeDouble",
      "alias" : "PMNTN_UPPL"
    },
    {
      "name" : "PMNTN_GODN",
      "type" : "esriFieldTypeDouble",
      "alias" : "PMNTN_GODN"
    },
    {
      "name" : "PMNTN_MTRQ",
      "type" : "esriFieldTypeString",
      "alias" : "PMNTN_MTRQ",
      "length" : 200
    },
    {
      "name" : "PMNTN_CNRL",
      "type" : "esriFieldTypeString",
      "alias" : "PMNTN_CNRL",
      "length" : 1
    },
    {
      "name" : "PMNTN_CLS_",
      "type" : "esriFieldTypeString",
      "alias" : "PMNTN_CLS_",
      "length" : 1
    },
    {
      "name" : "PMNTN_RISK",
      "type" : "esriFieldTypeString",
      "alias" : "PMNTN_RISK",
      "length" : 200
    },
    {
      "name" : "PMNTN_RECO",
      "type" : "esriFieldTypeString",
      "alias" : "PMNTN_RECO",
      "length" : 1
    },
    {
      "name" : "DATA_STDR_",
      "type" : "esriFieldTypeString",
      "alias" : "DATA_STDR_",
      "length" : 10
    },
    {
      "name" : "MNTN_ID",
      "type" : "esriFieldTypeString",
      "alias" : "MNTN_ID",
      "length" : 10
    }
  ],
  "features" : [
    {
      "attributes" : {
        "FID" : 0,
        "PMNTN_SN" : 6263,
        "MNTN_CODE" : "441508401",
        "MNTN_NM" : "구절산",
        "PMNTN_NM" : "신풍면선학리-우성면봉현리구간",
        "PMNTN_MAIN" : " ",
        "PMNTN_LT" : 3.85,
        "PMNTN_DFFL" : "쉬움",
        "PMNTN_UPPL" : 68,
        "PMNTN_GODN" : 48,
        "PMNTN_MTRQ" : "토사",
        "PMNTN_CNRL" : " ",
        "PMNTN_CLS_" : " ",
        "PMNTN_RISK" : " ",
        "PMNTN_RECO" : " ",
        "DATA_STDR_" : "2016-12-31",
        "MNTN_ID" : "441508401"
      },
      "geometry" : {
        "paths" : [
          [
            [
              196769.54169999994,
              431547.33840000071
            ],
            [
              196779.76690000109,
              431550.34520000033
            ],
            [
              196785.70920000132,
              431550.90789999999
            ],
            [
              196790.92280000076,
              431552.10779999942
            ],
            [
              196798.1462000031,
              431552.51040000282
            ],
            [
              196803.80480000097,
              431553.77110000141
            ],
            [
              196810.33970000036,
              431554.90170000307
            ],
            [
              196816.74700000044,
              431556.41479999945
            ],
            [
              196821.9932000041,
              431555.28729999997
            ],
            [
              196827.60570000205,
              431555.69120000117
            ],
            [
              196829.78300000262,
              431554.41520000435
            ],
            [
              196836.68210000172,
              431555.19510000199
            ],
            [
              196841.96020000055,
              431553.17019999959
            ],
            [
              196848.93970000278,
              431552.00140000321
            ],
            [
              196853.30370000005,
              431550.66189999878
            ],
            [
              196857.92860000022,
              431546.48469999991
            ],
            [
              196861.81120000407,
              431543.2910999991
            ],
            [
              196867.45230000094,
              431540.85859999992
            ],
            [
              196873.27230000123,
              431538.69339999929
            ],
            [
              196878.98900000285,
              431536.79389999993
            ],
            [
              196884.26040000003,
              431534.48040000349
            ],
            [
              196889.56180000026,
              431531.68689999916
            ],
            [
              196894.61180000007,
              431529.16559999995
            ],
            [
              196899.29349999968,
              431526.98020000197
            ],
            [
              196903.59520000126,
              431524.33590000123
            ],
            [
              196909.05439999979,
              431522.78509999998
            ],
            [
              196914.29889999982,
              431521.75430000201
            ],
            [
              196919.75950000063,
              431521.17000000179
            ],
            [
              196924.95140000153,
              431521.45910000242
            ],
            [
              196931.83930000197,
              431524.08709999919
            ],
            [
              196938.12730000168,
              431527.50449999981
            ],
            [
              196944.24639999866,
              431531.3227000013
            ],
            [
              196949.90979999863,
              431534.55790000036
            ],
            [
              196961.35870000068,
              431541.64410000294
            ],
            [
              196971.5493000038,
              431547.62470000051
            ],
            [
              196976.24579999968,
              431549.75550000183
            ],
            [
              196976.9262000015,
              431550.21670000255
            ],
            [
              196976.74270000029,
              431550.77860000171
            ],
            [
              196979.00439999998,
              431551.92840000056
            ],
            [
              196983.62910000235,
              431554.3180000037
            ],
            [
              196988.37020000257,
              431556.27180000208
            ],
            [
              196993.103500003,
              431558.36440000124
            ],
            [
              196997.56790000014,
              431560.92550000176
            ],
            [
              197002.31360000279,
              431564.11200000159
            ],
            [
              197007.84150000196,
              431567.15220000222
            ],
            [
              197011.70150000136,
              431569.94759999961
            ],
            [
              197014.50300000049,
              431573.63849999756
            ],
            [
              197022.50410000235,
              431579.64410000294
            ],
            [
              197030.23340000119,
              431582.79169999994
            ],
            [
              197040.22290000133,
              431583.57780000381
            ],
            [
              197048.30719999969,
              431586.50450000167
            ],
            [
              197056.45120000187,
              431590.49500000104
            ],
            [
              197061.0436000023,
              431593.57800000161
            ],
            [
              197063.86259999871,
              431597.46880000271
            ],
            [
              197067.9011000013,
              431600.57300000079
            ],
            [
              197072.01510000043,
              431603.88849999942
            ],
            [
              197076.83270000014,
              431606.69519999996
            ],
            [
              197077.3925999999,
              431609.44180000201
            ],
            [
              197081.58060000092,
              431613.11450000107
            ],
            [
              197086.24560000375,
              431616.28360000253
            ],
            [
              197090.88650000282,
              431619.09010000154
            ],
            [
              197095.38999999966,
              431622.13310000114
            ],
            [
              197099.42109999899,
              431625.87030000053
            ],
            [
              197103.54620000068,
              431628.74380000122
            ],
            [
              197107.79330000095,
              431631.35429999977
            ],
            [
              197112.1912000021,
              431633.97590000182
            ],
            [
              197116.30420000199,
              431637.59960000403
            ],
            [
              197119.5678000031,
              431641.50109999999
            ],
            [
              197123.06910000183,
              431645.03910000063
            ],
            [
              197127.1978000002,
              431650.27630000189
            ],
            [
              197129.02590000164,
              431651.24180000089
            ],
            [
              197133.18710000161,
              431656.49239999987
            ],
            [
              197135.62280000281,
              431659.5802000016
            ],
            [
              197142.08609999996,
              431664.15350000188
            ],
            [
              197144.55089999922,
              431669.20969999954
            ],
            [
              197148.91220000293,
              431673.07670000196
            ],
            [
              197152.2937000012,
              431677.47660000063
            ],
            [
              197154.75630000047,
              431682.2239999976
            ],
            [
              197156.21790000051,
              431687.31750000082
            ],
            [
              197157.51180000044,
              431692.31760000251
            ],
            [
              197159.09240000416,
              431697.05520000309
            ],
            [
              197163.362900001,
              431711.0923999995
            ],
            [
              197161.02860000171,
              431708.42039999925
            ],
            [
              197161.59410000034,
              431711.93500000052
            ],
            [
              197162.05590000097,
              431715.99000000022
            ],
            [
              197163.54500000179,
              431719.70700000226
            ],
            [
              197170.05360000115,
              431722.83089999855
            ],
            [
              197173.78409999982,
              431726.44549999945
            ],
            [
              197181.89880000148,
              431730.3292999994
            ],
            [
              197185.48819999956,
              431732.97729999945
            ],
            [
              197188.84070000146,
              431735.77980000153
            ],
            [
              197192.47119999956,
              431738.98289999925
            ],
            [
              197196.4012000002,
              431741.71170000359
            ],
            [
              197200.54860000033,
              431743.97620000318
            ],
            [
              197204.89400000125,
              431746.20490000024
            ],
            [
              197208.65180000011,
              431749.63949999958
            ],
            [
              197211.96199999936,
              431753.61429999955
            ],
            [
              197214.34720000066,
              431758.80630000122
            ],
            [
              197215.78250000346,
              431764.17469999939
            ],
            [
              197216.40850000177,
              431769.79739999957
            ],
            [
              197221.76990000159,
              431781.82080000266
            ],
            [
              197227.48140000366,
              431797.54729999974
            ],
            [
              197239.53930000123,
              431813.2173999995
            ],
            [
              197241.05019999947,
              431817.1257000044
            ],
            [
              197243.16229999997,
              431820.97710000165
            ],
            [
              197246.08840000071,
              431824.53890000097
            ],
            [
              197249.07190000359,
              431827.00290000439
            ],
            [
              197252.62400000077,
              431829.51629999839
            ],
            [
              197264.53710000031,
              431836.57039999962
            ],
            [
              197268.8030000031,
              431839.25010000169
            ],
            [
              197272.68670000043,
              431841.72330000065
            ],
            [
              197276.26910000294,
              431844.60390000232
            ],
            [
              197279.51970000099,
              431846.84150000103
            ],
            [
              197282.52840000018,
              431850.02679999918
            ],
            [
              197285.70029999968,
              431852.48450000025
            ],
            [
              197287.74550000113,
              431856.32379999943
            ],
            [
              197291.4412000021,
              431862.51780000143
            ],
            [
              197288.25179999974,
              431870.25820000097
            ],
            [
              197280.59759999998,
              431877.13660000078
            ],
            [
              197263.61420000065,
              431904.3946000021
            ],
            [
              197253.66800000146,
              431920.37509999983
            ],
            [
              197243.72269999981,
              431938.35339999758
            ],
            [
              197238.11990000214,
              431951.76610000245
            ],
            [
              197233.40899999999,
              431954.31580000184
            ],
            [
              197228.61909999978,
              431964.54680000246
            ],
            [
              197228.62519999966,
              431972.56039999984
            ],
            [
              197233.07930000126,
              431979.2367000021
            ],
            [
              197245.37010000087,
              431978.78140000254
            ],
            [
              197249.6930000009,
              431984.56079999916
            ],
            [
              197247.569000002,
              431992.57070000097
            ],
            [
              197244.01449999958,
              432003.60869999975
            ],
            [
              197237.75690000225,
              432011.9336000029
            ],
            [
              197229.65060000122,
              432015.82150000334
            ],
            [
              197222.37239999976,
              432014.36790000089
            ],
            [
              197217.78779999912,
              432013.64810000174
            ],
            [
              197213.54879999999,
              432015.61710000038
            ],
            [
              197212.02660000138,
              432017.63970000111
            ],
            [
              197211.7106999997,
              432021.67510000244
            ],
            [
              197213.21050000098,
              432026.06280000135
            ],
            [
              197217.53550000023,
              432030.02270000242
            ],
            [
              197221.63350000046,
              432032.72719999962
            ],
            [
              197223.31539999973,
              432037.42400000058
            ],
            [
              197232.31690000184,
              432041.58459999971
            ],
            [
              197240.71679999959,
              432040.76610000432
            ],
            [
              197246.36670000106,
              432043.3256000001
            ],
            [
              197249.22809999995,
              432046.05090000108
            ],
            [
              197255.89810000081,
              432049.73460000195
            ],
            [
              197259.60040000267,
              432064.66770000011
            ],
            [
              197266.63820000179,
              432071.57609999925
            ],
            [
              197274.49380000122,
              432074.49780000001
            ],
            [
              197282.15660000313,
              432077.77690000087
            ],
            [
              197309.14200000092,
              432092.52550000139
            ],
            [
              197312.10309999995,
              432095.24279999919
            ],
            [
              197324.59530000295,
              432104.40260000154
            ],
            [
              197326.13240000047,
              432109.72940000147
            ],
            [
              197325.74680000078,
              432111.71760000102
            ],
            [
              197323.69170000032,
              432122.97770000249
            ],
            [
              197336.18169999961,
              432176.76300000027
            ],
            [
              197338.3208000036,
              432179.97360000014
            ],
            [
              197341.43120000139,
              432181.99819999933
            ],
            [
              197344.33779999986,
              432183.33980000392
            ],
            [
              197345.48480000161,
              432182.33790000156
            ],
            [
              197345.28689999972,
              432181.81940000132
            ],
            [
              197346.35349999927,
              432179.32430000231
            ],
            [
              197347.12260000035,
              432179.27630000189
            ],
            [
              197348.6286000004,
              432179.5989000015
            ],
            [
              197349.85850000102,
              432175.58710000105
            ],
            [
              197364.49519999884,
              432172.46330000088
            ],
            [
              197376.32299999893,
              432172.87920000032
            ],
            [
              197386.10220000334,
              432169.63230000064
            ],
            [
              197391.36070000194,
              432170.50260000117
            ],
            [
              197400.1185999997,
              432163.87710000016
            ],
            [
              197404.73180000298,
              432167.31980000436
            ],
            [
              197415.05069999956,
              432164.01270000264
            ],
            [
              197418.74620000087,
              432161.92119999975
            ],
            [
              197425.82029999979,
              432156.72709999979
            ],
            [
              197432.71140000131,
              432147.34070000052
            ],
            [
              197434.67949999962,
              432143.34850000031
            ],
            [
              197443.2528999988,
              432137.6118999999
            ],
            [
              197446.14230000321,
              432135.46560000256
            ],
            [
              197448.80250000209,
              432131.71650000103
            ],
            [
              197451.53490000218,
              432132.22409999929
            ],
            [
              197453.85360000096,
              432128.13460000046
            ],
            [
              197468.39870000072,
              432118.27119999938
            ],
            [
              197473.89219999965,
              432111.29230000079
            ],
            [
              197483.57760000229,
              432101.34500000253
            ],
            [
              197486.64740000106,
              432097.33730000257
            ],
            [
              197489.68110000063,
              432091.81359999999
            ],
            [
              197492.98480000068,
              432087.98650000244
            ],
            [
              197496.03940000199,
              432083.72010000236
            ],
            [
              197500.10539999977,
              432083.77940000221
            ],
            [
              197503.06830000132,
              432080.13330000266
            ],
            [
              197509.94220000133,
              432076.82200000249
            ],
            [
              197516.87140000053,
              432067.1809000019
            ],
            [
              197522.81570000108,
              432067.24000000209
            ],
            [
              197531.91020000074,
              432060.71440000273
            ],
            [
              197534.81460000295,
              432056.9681000039
            ],
            [
              197535.23390000034,
              432056.86770000122
            ],
            [
              197537.0607000012,
              432056.08180000447
            ],
            [
              197539.53429999948,
              432054.32919999957
            ],
            [
              197541.90020000096,
              432050.31270000339
            ],
            [
              197542.61040000338,
              432046.40100000426
            ],
            [
              197547.05840000231,
              432041.3275000006
            ],
            [
              197552.6230000034,
              432038.99660000205
            ],
            [
              197556.06980000064,
              432035.40719999745
            ],
            [
              197558.44890000112,
              432031.68810000084
            ],
            [
              197561.56560000125,
              432023.23490000144
            ],
            [
              197573.97860000096,
              431996.18890000135
            ],
            [
              197579.02390000317,
              431983.60579999909
            ],
            [
              197583.08460000064,
              431979.50500000082
            ],
            [
              197585.35709999967,
              431970.19810000621
            ],
            [
              197582.11920000333,
              431960.28090000339
            ],
            [
              197583.73280000128,
              431956.81960000098
            ],
            [
              197590.02549999952,
              431938.3719000034
            ],
            [
              197591.54530000128,
              431931.81380000152
            ],
            [
              197593.44990000036,
              431925.54420000128
            ],
            [
              197595.30670000147,
              431922.11030000448
            ],
            [
              197595.91220000107,
              431918.62250000052
            ],
            [
              197599.58090000413,
              431915.20450000279
            ],
            [
              197602.32270000037,
              431907.71199999936
            ],
            [
              197610.78639999963,
              431898.41930000298
            ],
            [
              197618.1473000031,
              431889.88530000485
            ],
            [
              197622.47970000189,
              431884.89940000325
            ],
            [
              197627.65249999892,
              431878.19680000097
            ],
            [
              197639.78900000174,
              431860.22790000029
            ],
            [
              197655.48780000024,
              431846.61779999919
            ],
            [
              197659.95620000083,
              431844.43400000408
            ],
            [
              197663.17000000086,
              431838.36350000091
            ],
            [
              197666.77400000114,
              431837.2068000026
            ],
            [
              197685.1325000003,
              431823.10040000081
            ],
            [
              197690.00510000065,
              431819.2444000002
            ],
            [
              197693.4952000007,
              431813.5047999993
            ],
            [
              197697.9784000013,
              431805.10359999724
            ],
            [
              197708.79059999995,
              431795.88260000199
            ],
            [
              197719.02109999862,
              431792.82159999944
            ],
            [
              197726.90840000194,
              431790.04290000163
            ],
            [
              197731.502700001,
              431788.67329999991
            ],
            [
              197737.8116000006,
              431784.37010000274
            ],
            [
              197742.70050000027,
              431775.81579999998
            ],
            [
              197747.15010000207,
              431771.38020000421
            ],
            [
              197750.98419999983,
              431767.80390000157
            ],
            [
              197756.17350000143,
              431768.42850000411
            ],
            [
              197764.88590000104,
              431762.25300000049
            ],
            [
              197769.38049999997,
              431759.82300000265
            ],
            [
              197774.23730000295,
              431758.18860000186
            ],
            [
              197777.95820000116,
              431757.14070000127
            ],
            [
              197777.60630000103,
              431756.7731999997
            ],
            [
              197778.62889999989,
              431756.8331000004
            ],
            [
              197782.61780000012,
              431755.59210000001
            ],
            [
              197787.23850000184,
              431753.20510000177
            ],
            [
              197794.29229999986,
              431749.28360000066
            ],
            [
              197803.4785000002,
              431746.34899999946
            ],
            [
              197810.47250000108,
              431741.68640000001
            ],
            [
              197812.09110000171,
              431738.13260000385
            ],
            [
              197814.80109999981,
              431737.68560000509
            ],
            [
              197816.96850000136,
              431732.46130000055
            ],
            [
              197826.4682,
              431721.69660000131
            ],
            [
              197829.36110000219,
              431719.97320000269
            ],
            [
              197829.12770000007,
              431719.61850000359
            ],
            [
              197830.26150000095,
              431719.37719999999
            ],
            [
              197832.91550000105,
              431717.92860000022
            ],
            [
              197842.70199999958,
              431715.38450000063
            ],
            [
              197846.57260000333,
              431712.76989999972
            ],
            [
              197851.72310000099,
              431714.26349999942
            ],
            [
              197855.03610000014,
              431709.3115000017
            ],
            [
              197870.00260000303,
              431706.39100000076
            ],
            [
              197876.26430000085,
              431706.47320000455
            ],
            [
              197881.54349999968,
              431705.7918999996
            ],
            [
              197884.08739999961,
              431706.10290000029
            ],
            [
              197884.41790000163,
              431705.8601000011
            ],
            [
              197885.93460000027,
              431702.78549999744
            ],
            [
              197887.91590000037,
              431700.94959999993
            ],
            [
              197890.54619999975,
              431698.20329999737
            ],
            [
              197893.17020000052,
              431694.66029999964
            ],
            [
              197896.72670000046,
              431692.94640000351
            ],
            [
              197900.58469999954,
              431689.81739999913
            ],
            [
              197906.35680000018,
              431687.34960000217
            ],
            [
              197912.11589999963,
              431685.99379999936
            ],
            [
              197916.86060000025,
              431682.93050000258
            ],
            [
              197919.643600001,
              431678.16420000233
            ],
            [
              197922.34020000417,
              431674.17010000162
            ],
            [
              197924.1838999996,
              431669.23760000244
            ],
            [
              197924.6584999999,
              431667.43070000224
            ],
            [
              197924.86040000059,
              431666.80150000192
            ],
            [
              197926.69260000344,
              431664.94260000065
            ],
            [
              197928.60010000318,
              431661.78680000268
            ],
            [
              197930.4609000003,
              431658.58420000039
            ],
            [
              197933.44960000273,
              431656.65890000015
            ],
            [
              197935.46949999966,
              431653.14990000241
            ],
            [
              197937.09550000168,
              431649.66899999976
            ],
            [
              197939.63490000088,
              431647.01710000262
            ],
            [
              197942.67719999887,
              431644.17890000343
            ],
            [
              197943.09199999925,
              431639.92390000075
            ],
            [
              197945.81490000244,
              431636.17500000075
            ],
            [
              197947.56350000296,
              431632.86810000241
            ],
            [
              197950.38680000231,
              431629.71569999866
            ],
            [
              197953.1520999996,
              431625.96319999918
            ],
            [
              197956.22389999963,
              431623.30839999951
            ],
            [
              197960.11550000124,
              431619.99089999869
            ],
            [
              197963.38980000094,
              431615.92310000584
            ],
            [
              197964.98370000068,
              431611.31189999729
            ],
            [
              197966.18710000347,
              431606.26480000094
            ],
            [
              197966.12050000113,
              431601.13159999996
            ],
            [
              197966.5932,
              431596.628800001
            ],
            [
              197967.96810000204,
              431592.01280000247
            ],
            [
              197970.57019999996,
              431587.9558000043
            ],
            [
              197973.93800000101,
              431584.1314000003
            ],
            [
              197977.04010000359,
              431580.33590000123
            ],
            [
              197980.75990000088,
              431578.18450000323
            ],
            [
              197985.47180000041,
              431576.17860000208
            ],
            [
              197989.73980000243,
              431574.24080000073
            ],
            [
              197994.27909999993,
              431573.63820000179
            ],
            [
              198000.32540000137,
              431572.44940000214
            ],
            [
              198006.44849999994,
              431570.21260000207
            ],
            [
              198012.77190000098,
              431568.77850000374
            ],
            [
              198017.85290000122,
              431565.38649999909
            ],
            [
              198022.04499999993,
              431561.28889999911
            ],
            [
              198024.45079999883,
              431557.66750000045
            ],
            [
              198027.44590000063,
              431554.56010000035
            ],
            [
              198028.30860000104,
              431550.37900000252
            ],
            [
              198030.64940000232,
              431547.44100000337
            ],
            [
              198030.32570000272,
              431542.71800000034
            ],
            [
              198031.3795000026,
              431539.32589999959
            ],
            [
              198032.26700000372,
              431536.16080000252
            ],
            [
              198033.82330000121,
              431532.18840000033
            ],
            [
              198034.55790000316,
              431528.27270000055
            ],
            [
              198035.41940000094,
              431524.23209999874
            ],
            [
              198036.60649999976,
              431520.69559999928
            ],
            [
              198037.38790000137,
              431517.11250000261
            ],
            [
              198037.35860000271,
              431512.6082000006
            ],
            [
              198037.01150000002,
              431507.32610000111
            ],
            [
              198035.85720000044,
              431502.84170000441
            ],
            [
              198034.93520000111,
              431497.71240000054
            ],
            [
              198034.4131000014,
              431492.95529999956
            ],
            [
              198033.19849999994,
              431487.64600000158
            ],
            [
              198031.96509999968,
              431482.52790000103
            ],
            [
              198030.35290000029,
              431477.01449999958
            ],
            [
              198028.57790000085,
              431471.82840000093
            ],
            [
              198027.61690000352,
              431466.86510000192
            ],
            [
              198025.94859999977,
              431460.41150000505
            ],
            [
              198025.64750000276,
              431454.62070000172
            ],
            [
              198025.51870000083,
              431449.0465000011
            ],
            [
              198024.24030000158,
              431442.62719999999
            ],
            [
              198024.60840000119,
              431436.87620000355
            ],
            [
              198023.6407000022,
              431433.92820000276
            ],
            [
              198021.14840000402,
              431432.24050000124
            ],
            [
              198019.50439999998,
              431429.44260000251
            ],
            [
              198019.23490000237,
              431423.2199000027
            ],
            [
              198019.64870000165,
              431419.18290000223
            ],
            [
              198017.77040000353,
              431415.11480000243
            ],
            [
              198015.97230000235,
              431410.33730000257
            ],
            [
              198015.16559999995,
              431405.91770000011
            ],
            [
              198013.94190000091,
              431400.04680000059
            ],
            [
              198012.84760000091,
              431395.69190000184
            ],
            [
              198014.67630000319,
              431391.37289999984
            ],
            [
              198014.73970000353,
              431384.77810000442
            ],
            [
              198015.62740000151,
              431382.41520000063
            ],
            [
              198017.26130000036,
              431378.54140000418
            ],
            [
              198018.89420000091,
              431374.95140000246
            ],
            [
              198021.1428000005,
              431373.25840000249
            ],
            [
              198021.96980000287,
              431369.48740000091
            ],
            [
              198020.72009999864,
              431365.29150000028
            ],
            [
              198019.081100001,
              431358.56870000064
            ],
            [
              198017.35880000051,
              431355.18780000135
            ],
            [
              198017.62719999999,
              431352.45079999976
            ],
            [
              198016.13010000158,
              431349.43110000156
            ],
            [
              198015.00350000057,
              431345.51720000431
            ],
            [
              198013.64200000186,
              431341.65790000185
            ],
            [
              198011.95290000178,
              431337.54519999959
            ],
            [
              198012.17690000404,
              431334.49170000106
            ],
            [
              198012.90640000254,
              431330.80680000223
            ],
            [
              198011.24220000114,
              431325.43960000202
            ],
            [
              198012.38640000019,
              431321.56650000624
            ],
            [
              198014.24670000281,
              431316.75390000083
            ],
            [
              198016.40770000126,
              431313.27709999867
            ],
            [
              198018.2154000029,
              431310.64440000616
            ],
            [
              198020.24880000018,
              431307.68700000271
            ],
            [
              198021.23440000135,
              431302.44950000197
            ],
            [
              198022.67290000152,
              431299.18900000118
            ],
            [
              198023.58940000087,
              431293.44769999944
            ],
            [
              198022.51350000128,
              431287.86339999922
            ],
            [
              198022.73189999908,
              431283.31120000407
            ],
            [
              198022.00909999944,
              431279.72810000367
            ],
            [
              198021.13669999968,
              431273.93870000169
            ],
            [
              198022.34510000236,
              431268.95869999938
            ],
            [
              198020.60810000077,
              431263.64629999921
            ],
            [
              198019.88490000088,
              431259.99699999951
            ],
            [
              198020.19780000392,
              431255.06280000135
            ],
            [
              198019.63049999997,
              431250.00530000031
            ],
            [
              198018.15360000171,
              431244.82509999909
            ],
            [
              198016.06450000126,
              431241.6988999974
            ],
            [
              198014.34730000049,
              431236.83080000244
            ],
            [
              198014.57920000143,
              431232.20930000395
            ],
            [
              198010.93690000288,
              431227.78780000098
            ],
            [
              198007.28310000058,
              431222.94560000114
            ],
            [
              198005.83610000089,
              431216.47870000266
            ],
            [
              198006.42000000086,
              431214.33040000126
            ],
            [
              198003.70770000108,
              431206.44170000218
            ],
            [
              198003.90990000125,
              431202.64800000377
            ],
            [
              198005.36340000294,
              431202.10540000349
            ],
            [
              198006.27680000383,
              431200.08550000191
            ],
            [
              198005.98180000391,
              431192.60180000216
            ],
            [
              198005.86150000244,
              431189.18879999965
            ],
            [
              198005.4860000005,
              431186.31160000153
            ],
            [
              198005.59100000188,
              431183.45740000159
            ],
            [
              198004.37150000129,
              431180.12680000439
            ],
            [
              198003.63250000309,
              431177.78150000237
            ],
            [
              198003.22879999969,
              431174.49100000039
            ],
            [
              198000.24820000026,
              431171.87430000305
            ],
            [
              198000.42980000097,
              431168.78119999915
            ],
            [
              198001.60369999986,
              431165.26780000143
            ],
            [
              198002.34190000314,
              431161.46550000273
            ],
            [
              198002.51470000017,
              431156.8134000022
            ],
            [
              198003.57100000139,
              431151.46780000255
            ],
            [
              198004.15600000136,
              431146.8599999994
            ],
            [
              198007.42470000219,
              431144.10620000213
            ],
            [
              198011.97520000022,
              431139.6707000006
            ],
            [
              198014.84339999966,
              431136.01070000418
            ],
            [
              198019.31940000039,
              431132.89240000024
            ],
            [
              198021.48610000219,
              431129.7226000037
            ],
            [
              198024.00590000022,
              431127.11989999935
            ],
            [
              198026.27990000416,
              431122.63110000268
            ],
            [
              198025.46900000051,
              431116.54020000063
            ],
            [
              198023.42090000119,
              431110.49300000444
            ],
            [
              198021.099700002,
              431105.66070000082
            ],
            [
              198016.31170000136,
              431100.95670000091
            ],
            [
              198011.70740000252,
              431096.24970000237
            ],
            [
              198008.7675999999,
              431092.24760000221
            ],
            [
              198004.91680000257,
              431088.35019999929
            ],
            [
              198001.13110000268,
              431083.78280000016
            ],
            [
              197998.20660000015,
              431079.8684000019
            ],
            [
              197994.73620000109,
              431075.8478000015
            ],
            [
              197991.92650000099,
              431071.98020000197
            ],
            [
              197989.19699999969,
              431069.03890000097
            ],
            [
              197987.00310000312,
              431064.61830000021
            ],
            [
              197983.72780000046,
              431060.53590000048
            ],
            [
              197981.14400000125,
              431056.80830000155
            ],
            [
              197980.40620000195,
              431052.75100000203
            ],
            [
              197979.3675000025,
              431049.2097000014
            ],
            [
              197977.70249999966,
              431045.69730000012
            ],
            [
              197975.72759999987,
              431041.38189999945
            ],
            [
              197974.97840000223,
              431038.16180000082
            ],
            [
              197973.13670000061,
              431032.84860000201
            ],
            [
              197971.99400000181,
              431029.33300000057
            ],
            [
              197969.0987999998,
              431025.62870000303
            ],
            [
              197965.8367999997,
              431023.45820000209
            ],
            [
              197963.4450000003,
              431019.87170000188
            ],
            [
              197960.1947000036,
              431017.74430000037
            ],
            [
              197956.44040000252,
              431015.81560000218
            ],
            [
              197952.77219999954,
              431012.60380000249
            ],
            [
              197947.66440000013,
              431009.50840000436
            ],
            [
              197942.25540000107,
              431007.02800000273
            ],
            [
              197936.96480000112,
              431004.07029999793
            ],
            [
              197932.59700000286,
              431001.2306999974
            ],
            [
              197928.24010000285,
              430998.7893000003
            ],
            [
              197925.15250000171,
              430994.45969999954
            ],
            [
              197921.92279999983,
              430990.28420000151
            ],
            [
              197917.48759999964,
              430985.44360000081
            ],
            [
              197913.72580000013,
              430980.38530000113
            ],
            [
              197910.57440000121,
              430975.4140000008
            ],
            [
              197908.42190000229,
              430971.33170000277
            ],
            [
              197906.78019999992,
              430967.16730000079
            ],
            [
              197903.67470000032,
              430964.08989999816
            ],
            [
              197900.22230000049,
              430961.27120000124
            ],
            [
              197895.22520000115,
              430957.59229999967
            ],
            [
              197889.85630000103,
              430954.55629999936
            ],
            [
              197887.13980000094,
              430951.21600000188
            ],
            [
              197882.08170000184,
              430948.74990000203
            ],
            [
              197876.60240000021,
              430946.33570000157
            ],
            [
              197872.36420000065,
              430942.95390000008
            ],
            [
              197868.45380000118,
              430939.63939999789
            ],
            [
              197866.83380000014,
              430935.41110000014
            ],
            [
              197865.55489999987,
              430931.22920000367
            ],
            [
              197865.40530000255,
              430925.84740000218
            ],
            [
              197866.84720000159,
              430920.16470000334
            ],
            [
              197866.98309999984,
              430913.72259999998
            ],
            [
              197865.80890000146,
              430907.98489999771
            ],
            [
              197865.67199999932,
              430901.49980000034
            ],
            [
              197863.10670000128,
              430888.15799999796
            ],
            [
              197857.80109999981,
              430867.55180000328
            ],
            [
              197854.67069999967,
              430863.26260000281
            ],
            [
              197853.22090000194,
              430858.99980000034
            ],
            [
              197852.25410000142,
              430854.50150000118
            ],
            [
              197851.55760000087,
              430849.43800000101
            ],
            [
              197848.73630000092,
              430845.43229999952
            ],
            [
              197830.84820000082,
              430837.91930000111
            ],
            [
              197826.78380000312,
              430836.75670000166
            ],
            [
              197824.14719999861,
              430834.73279999942
            ],
            [
              197820.48590000253,
              430833.55240000039
            ],
            [
              197818.82540000137,
              430832.68160000071
            ],
            [
              197811.32290000375,
              430830.15450000018
            ],
            [
              197810.27179999929,
              430829.71580000035
            ],
            [
              197805.74579999968,
              430826.97240000032
            ],
            [
              197801.67920000013,
              430826.64360000007
            ],
            [
              197797.64389999956,
              430825.60060000233
            ],
            [
              197795.10259999987,
              430828.50810000114
            ],
            [
              197795.35640000366,
              430833.11570000276
            ],
            [
              197794.00490000006,
              430836.82020000182
            ],
            [
              197791.5449000001,
              430840.23020000197
            ],
            [
              197787.86899999995,
              430841.56330000237
            ],
            [
              197783.97730000038,
              430841.7594000008
            ],
            [
              197779.54970000032,
              430841.58320000395
            ],
            [
              197775.74320000038,
              430842.05760000087
            ],
            [
              197771.72460000124,
              430842.56010000221
            ],
            [
              197767.98390000314,
              430843.80420000106
            ],
            [
              197763.40970000066,
              430845.58799999952
            ],
            [
              197758.38200000022,
              430845.54770000279
            ],
            [
              197753.59460000135,
              430845.6761000026
            ],
            [
              197749.45590000134,
              430847.6640000008
            ],
            [
              197744.55750000011,
              430849.0613000039
            ],
            [
              197741.01410000119,
              430851.03880000301
            ],
            [
              197735.90400000382,
              430851.97020000219
            ],
            [
              197730.34350000042,
              430852.92410000227
            ],
            [
              197725.23900000099,
              430853.19640000165
            ],
            [
              197720.25340000074,
              430853.31829999946
            ],
            [
              197715.02309999987,
              430852.67390000075
            ],
            [
              197710.06180000119,
              430851.28370000236
            ],
            [
              197705.20820000023,
              430849.04550000094
            ],
            [
              197701.10319999885,
              430846.9197000023
            ],
            [
              197696.9542000005,
              430845.48940000124
            ],
            [
              197692.75050000381,
              430844.18290000223
            ],
            [
              197688.39540000167,
              430843.2415000014
            ],
            [
              197683.87880000006,
              430842.4394000005
            ],
            [
              197679.57690000348,
              430840.23850000091
            ],
            [
              197674.53170000203,
              430839.35810000077
            ],
            [
              197669.55690000392,
              430838.90919999965
            ],
            [
              197664.34550000168,
              430838.34329999983
            ],
            [
              197659.57259999961,
              430837.16980000213
            ],
            [
              197655.09360000119,
              430835.12170000561
            ],
            [
              197650.41190000158,
              430833.60649999976
            ],
            [
              197644.67030000128,
              430832.41630000249
            ],
            [
              197639.4879999999,
              430830.43660000339
            ],
            [
              197633.97140000109,
              430829.28089999966
            ],
            [
              197628.38420000114,
              430828.73370000161
            ],
            [
              197622.62760000117,
              430830.43630000204
            ],
            [
              197617.00850000232,
              430831.72030000016
            ],
            [
              197610.66889999993,
              430832.71790000051
            ],
            [
              197604.43829999957,
              430832.70370000228
            ],
            [
              197598.79669999983,
              430831.72240000218
            ],
            [
              197593.27630000189,
              430829.34100000188
            ],
            [
              197586.57699999958,
              430827.67960000038
            ],
            [
              197579.84940000065,
              430827.75039999932
            ],
            [
              197574.49560000282,
              430829.2480999995
            ],
            [
              197569.2352,
              430830.06870000064
            ],
            [
              197563.76899999939,
              430829.15570000187
            ],
            [
              197559.27290000115,
              430826.58350000158
            ],
            [
              197555.57890000194,
              430822.93390000053
            ],
            [
              197550.19049999956,
              430820.9000000041
            ],
            [
              197544.59320000093,
              430821.39840000123
            ],
            [
              197538.88690000121,
              430823.59569999948
            ],
            [
              197533.99000000209,
              430826.55120000243
            ],
            [
              197529.19419999979,
              430829.30510000326
            ],
            [
              197524.60160000063,
              430832.87230000272
            ],
            [
              197521.84940000065,
              430836.88640000299
            ],
            [
              197518.23650000058,
              430840.59720000252
            ],
            [
              197515.70440000016,
              430844.53940000199
            ],
            [
              197512.38830000348,
              430848.07540000044
            ],
            [
              197509.6060000034,
              430851.73660000041
            ],
            [
              197506.48350000195,
              430855.22970000096
            ],
            [
              197503.55819999985,
              430858.76390000246
            ],
            [
              197499.31730000302,
              430861.9152999986
            ],
            [
              197494.91789999977,
              430865.04480000213
            ],
            [
              197490.66100000218,
              430868.34840000048
            ],
            [
              197486.04040000122,
              430871.32679999992
            ],
            [
              197481.02929999866,
              430874.39860000089
            ],
            [
              197475.78410000075,
              430876.73810000159
            ],
            [
              197470.79030000232,
              430879.61800000258
            ],
            [
              197466.22460000403,
              430884.30280000158
            ],
            [
              197462.33750000037,
              430889.5351000037
            ],
            [
              197459.4980000006,
              430895.26230000146
            ],
            [
              197457.5354000004,
              430901.08280000277
            ],
            [
              197456.8227000013,
              430907.21260000207
            ],
            [
              197458.16610000003,
              430913.67770000175
            ],
            [
              197460.47640000284,
              430919.62270000018
            ],
            [
              197463.18919999991,
              430924.97979999892
            ],
            [
              197466.47970000096,
              430930.46859999932
            ],
            [
              197471.69550000131,
              430935.48480000347
            ],
            [
              197474.79850000143,
              430940.58510000072
            ],
            [
              197478.42630000226,
              430945.86480000243
            ],
            [
              197480.3844000008,
              430951.32690000162
            ],
            [
              197483.45909999963,
              430956.2143000029
            ],
            [
              197487.28120000102,
              430961.5139000006
            ],
            [
              197490.58550000004,
              430966.94790000096
            ],
            [
              197493.7444000002,
              430971.88000000082
            ],
            [
              197494.06180000398,
              430976.66279999912
            ],
            [
              197490.49000000395,
              430979.06589999981
            ],
            [
              197485.0809000032,
              430978.72030000202
            ],
            [
              197479.32380000036,
              430979.00890000165
            ],
            [
              197473.8415000001,
              430978.74750000052
            ],
            [
              197467.53350000083,
              430978.64200000092
            ],
            [
              197461.33010000084,
              430979.00670000166
            ],
            [
              197455.52700000349,
              430977.54080000147
            ],
            [
              197449.57739999983,
              430976.00139999948
            ],
            [
              197443.14840000402,
              430976.33589999937
            ],
            [
              197436.95520000253,
              430977.01799999923
            ],
            [
              197430.73980000243,
              430977.50200000033
            ],
            [
              197424.45930000115,
              430977.52740000188
            ],
            [
              197418.18840000127,
              430976.74700000137
            ],
            [
              197412.01810000092,
              430975.73770000041
            ],
            [
              197406.07670000102,
              430973.89030000195
            ],
            [
              197400.66440000385,
              430971.41530000232
            ],
            [
              197394.67780000065,
              430968.90600000136
            ],
            [
              197389.07450000104,
              430966.48149999976
            ],
            [
              197383.61730000097,
              430963.57100000232
            ],
            [
              197377.94110000134,
              430961.01650000364
            ],
            [
              197372.55440000165,
              430957.9991999995
            ],
            [
              197367.33270000108,
              430955.04969999939
            ],
            [
              197362.24509999994,
              430952.11810000241
            ],
            [
              197357.72900000121,
              430948.15800000355
            ],
            [
              197354.11650000047,
              430943.37330000103
            ],
            [
              197351.22950000037,
              430938.09539999999
            ],
            [
              197348.99150000047,
              430932.72230000049
            ],
            [
              197346.33750000037,
              430927.19230000116
            ],
            [
              197343.96250000037,
              430921.8833000008
            ],
            [
              197340.0605000006,
              430916.88069999963
            ],
            [
              197335.80930000078,
              430912.89200000092
            ],
            [
              197331.52390000131,
              430909.02320000343
            ],
            [
              197327.01460000314,
              430904.96499999985
            ],
            [
              197322.69110000134,
              430901.02300000004
            ],
            [
              197318.49850000162,
              430896.76880000159
            ],
            [
              197314.74630000256,
              430892.33160000108
            ],
            [
              197310.83090000134,
              430887.75570000149
            ],
            [
              197307.17839999963,
              430883.13320000097
            ],
            [
              197303.44859999977,
              430878.47569999844
            ],
            [
              197300.53529999964,
              430873.3889000006
            ],
            [
              197298.74490000401,
              430867.84919999726
            ],
            [
              197297.16080000158,
              430861.88159999996
            ],
            [
              197294.86490000132,
              430856.04409999773
            ],
            [
              197291.00760000013,
              430850.95759999938
            ],
            [
              197286.74640000146,
              430846.52470000088
            ],
            [
              197282.79670000169,
              430841.88169999793
            ],
            [
              197279.29960000049,
              430836.76110000163
            ],
            [
              197276.50779999886,
              430831.3844000008
            ],
            [
              197273.88640000392,
              430825.83440000191
            ],
            [
              197271.77100000158,
              430820.15450000018
            ],
            [
              197270.46580000129,
              430814.26850000024
            ],
            [
              197270.29949999973,
              430808.01920000091
            ],
            [
              197271.23029999994,
              430802.2089000009
            ],
            [
              197272.78760000132,
              430796.11830000021
            ],
            [
              197273.60180000309,
              430790.00549999997
            ],
            [
              197273.7862000009,
              430784.17569999956
            ],
            [
              197273.55890000053,
              430778.83850000054
            ],
            [
              197272.08349999972,
              430777.62160000019
            ],
            [
              197271.52100000251,
              430777.00700000301
            ]
          ]
        ]
      }
    }
  ]
}