{
  "displayFieldName" : "",
  "fieldAliases" : {
    "FID" : "FID",
    "PMNTN_SN" : "PMNTN_SN",
    "MNTN_CODE" : "MNTN_CODE",
    "MNTN_NM" : "MNTN_NM",
    "PMNTN_NM" : "PMNTN_NM",
    "PMNTN_MAIN" : "PMNTN_MAIN",
    "PMNTN_LT" : "PMNTN_LT",
    "PMNTN_DFFL" : "PMNTN_DFFL",
    "PMNTN_UPPL" : "PMNTN_UPPL",
    "PMNTN_GODN" : "PMNTN_GODN",
    "PMNTN_MTRQ" : "PMNTN_MTRQ",
    "PMNTN_CNRL" : "PMNTN_CNRL",
    "PMNTN_CLS_" : "PMNTN_CLS_",
    "PMNTN_RISK" : "PMNTN_RISK",
    "PMNTN_RECO" : "PMNTN_RECO",
    "DATA_STDR_" : "DATA_STDR_",
    "MNTN_ID" : "MNTN_ID"
  },
  "geometryType" : "esriGeometryPolyline",
  "spatialReference" : {
    "wkt" : "PROJCS[\"PCS_ITRF2000_TM\",GEOGCS[\"GCS_ITRF_2000\",DATUM[\"D_ITRF_2000\",SPHEROID[\"GRS_1980\",6378137.0,298.257222101]],PRIMEM[\"Greenwich\",0.0],UNIT[\"Degree\",0.0174532925199433]],PROJECTION[\"Transverse_Mercator\"],PARAMETER[\"False_Easting\",200000.0],PARAMETER[\"False_Northing\",600000.0],PARAMETER[\"Central_Meridian\",127.0],PARAMETER[\"Scale_Factor\",1.0],PARAMETER[\"Latitude_Of_Origin\",38.0],UNIT[\"Meter\",1.0]]"
  },
  "fields" : [
    {
      "name" : "FID",
      "type" : "esriFieldTypeOID",
      "alias" : "FID"
    },
    {
      "name" : "PMNTN_SN",
      "type" : "esriFieldTypeDouble",
      "alias" : "PMNTN_SN"
    },
    {
      "name" : "MNTN_CODE",
      "type" : "esriFieldTypeString",
      "alias" : "MNTN_CODE",
      "length" : 9
    },
    {
      "name" : "MNTN_NM",
      "type" : "esriFieldTypeString",
      "alias" : "MNTN_NM",
      "length" : 50
    },
    {
      "name" : "PMNTN_NM",
      "type" : "esriFieldTypeString",
      "alias" : "PMNTN_NM",
      "length" : 50
    },
    {
      "name" : "PMNTN_MAIN",
      "type" : "esriFieldTypeString",
      "alias" : "PMNTN_MAIN",
      "length" : 200
    },
    {
      "name" : "PMNTN_LT",
      "type" : "esriFieldTypeSingle",
      "alias" : "PMNTN_LT"
    },
    {
      "name" : "PMNTN_DFFL",
      "type" : "esriFieldTypeString",
      "alias" : "PMNTN_DFFL",
      "length" : 8
    },
    {
      "name" : "PMNTN_UPPL",
      "type" : "esriFieldTypeDouble",
      "alias" : "PMNTN_UPPL"
    },
    {
      "name" : "PMNTN_GODN",
      "type" : "esriFieldTypeDouble",
      "alias" : "PMNTN_GODN"
    },
    {
      "name" : "PMNTN_MTRQ",
      "type" : "esriFieldTypeString",
      "alias" : "PMNTN_MTRQ",
      "length" : 200
    },
    {
      "name" : "PMNTN_CNRL",
      "type" : "esriFieldTypeString",
      "alias" : "PMNTN_CNRL",
      "length" : 1
    },
    {
      "name" : "PMNTN_CLS_",
      "type" : "esriFieldTypeString",
      "alias" : "PMNTN_CLS_",
      "length" : 1
    },
    {
      "name" : "PMNTN_RISK",
      "type" : "esriFieldTypeString",
      "alias" : "PMNTN_RISK",
      "length" : 200
    },
    {
      "name" : "PMNTN_RECO",
      "type" : "esriFieldTypeString",
      "alias" : "PMNTN_RECO",
      "length" : 1
    },
    {
      "name" : "DATA_STDR_",
      "type" : "esriFieldTypeString",
      "alias" : "DATA_STDR_",
      "length" : 10
    },
    {
      "name" : "MNTN_ID",
      "type" : "esriFieldTypeString",
      "alias" : "MNTN_ID",
      "length" : 10
    }
  ],
  "features" : [
    {
      "attributes" : {
        "FID" : 0,
        "PMNTN_SN" : 28422,
        "MNTN_CODE" : "431105404",
        "MNTN_NM" : "비상산성",
        "PMNTN_NM" : "비상리구간",
        "PMNTN_MAIN" : " ",
        "PMNTN_LT" : 3.58,
        "PMNTN_DFFL" : "쉬움",
        "PMNTN_UPPL" : 90,
        "PMNTN_GODN" : 63,
        "PMNTN_MTRQ" : " ",
        "PMNTN_CNRL" : " ",
        "PMNTN_CLS_" : " ",
        "PMNTN_RISK" : " ",
        "PMNTN_RECO" : " ",
        "DATA_STDR_" : "2016-12-31",
        "MNTN_ID" : "431105404"
      },
      "geometry" : {
        "paths" : [
          [
            [
              251935.25890000071,
              456108.26950000226
            ],
            [
              251937.02360000089,
              456094.72600000165
            ],
            [
              251940.03899999987,
              456085.00070000254
            ],
            [
              251946.87040000129,
              456074.44830000028
            ],
            [
              251957.49569999985,
              456067.30389999971
            ],
            [
              251965.17630000133,
              456056.33230000362
            ],
            [
              251969.4776999997,
              456043.64910000376
            ],
            [
              251975.05180000234,
              456030.54900000431
            ],
            [
              251981.88540000096,
              456019.57300000265
            ],
            [
              251989.1425999999,
              456008.59930000454
            ],
            [
              251995.96509999875,
              455999.74090000242
            ],
            [
              252002.3685999997,
              455990.03329999931
            ],
            [
              252013.00719999988,
              455980.34779999964
            ],
            [
              252024.50380000006,
              455968.54910000227
            ],
            [
              252030.04920000397,
              455960.95460000075
            ],
            [
              252036.45930000301,
              455949.97650000267
            ],
            [
              252040.33049999923,
              455938.56159999967
            ],
            [
              252044.63190000039,
              455925.87829999998
            ],
            [
              252050.19280000124,
              455915.31930000149
            ],
            [
              252054.05070000142,
              455906.44539999962
            ],
            [
              252065.106200004,
              455898.03270000406
            ],
            [
              252075.28810000047,
              455894.69760000147
            ],
            [
              252085.04880000185,
              455890.93680000305
            ],
            [
              252094.3925000038,
              455885.90320000425
            ],
            [
              252100.77170000039,
              455880.85419999994
            ],
            [
              252110.9691000022,
              455874.55460000411
            ],
            [
              252119.47240000125,
              455868.24609999917
            ],
            [
              252129.66539999936,
              455862.79349999875
            ],
            [
              252142.00239999965,
              455852.26979999803
            ],
            [
              252153.04679999873,
              455845.97450000048
            ],
            [
              252164.95150000229,
              455837.1425999999
            ],
            [
              252169.63660000078,
              455832.08479999937
            ],
            [
              252176.04230000172,
              455821.95370000228
            ],
            [
              252179.88229999971,
              455812.7330000028
            ],
            [
              252184.19280000031,
              455802.09060000069
            ],
            [
              252189.76690000203,
              455788.99050000124
            ],
            [
              252195.33000000101,
              455778.00789999962
            ],
            [
              252200.89750000183,
              455766.17840000056
            ],
            [
              252205.60690000281,
              455756.46190000139
            ],
            [
              252212.86400000006,
              455745.48819999956
            ],
            [
              252218.84179999959,
              455736.20180000365
            ],
            [
              252226.51800000388,
              455726.07730000094
            ],
            [
              252230.35390000232,
              455721.43859999999
            ],
            [
              252235.46690000035,
              455715.53600000218
            ],
            [
              252242.47780000046,
              455707.62219999917
            ],
            [
              252251.65310000069,
              455697.83240000159
            ],
            [
              252260.1631000014,
              455690.25340000167
            ],
            [
              252268.24959999975,
              455682.67219999991
            ],
            [
              252277.17640000116,
              455676.36590000056
            ],
            [
              252283.98130000103,
              455670.8956000004
            ],
            [
              252293.33389999997,
              455664.16800000146
            ],
            [
              252301.40710000042,
              455659.12780000083
            ],
            [
              252308.63770000078,
              455653.23620000109
            ],
            [
              252317.57340000197,
              455645.23589999974
            ],
            [
              252326.49360000156,
              455640.20020000078
            ],
            [
              252339.24760000128,
              455630.94920000061
            ],
            [
              252345.63110000268,
              455625.0532000009
            ],
            [
              252354.98810000159,
              455617.47850000113
            ],
            [
              252363.50470000133,
              455608.62900000438
            ],
            [
              252372.85950000025,
              455601.47790000401
            ],
            [
              252382.21869999915,
              455593.47980000265
            ],
            [
              252391.99920000136,
              455585.9074000027
            ],
            [
              252400.5092000002,
              455578.32840000279
            ],
            [
              252410.7154000001,
              455570.3347000014
            ],
            [
              252420.48929999955,
              455564.03280000389
            ],
            [
              252432.80430000089,
              455557.74420000054
            ],
            [
              252443.85749999899,
              455549.75490000099
            ],
            [
              252454.89970000088,
              455543.88320000097
            ],
            [
              252464.25670000073,
              455536.30860000104
            ],
            [
              252469.38300000317,
              455527.86480000056
            ],
            [
              252473.25210000016,
              455516.87340000086
            ],
            [
              252470.31840000115,
              455510.92880000174
            ],
            [
              252461.01000000071,
              455509.18620000221
            ],
            [
              252452.1185000008,
              455508.71629999951
            ],
            [
              252440.24910000339,
              455510.77200000174
            ],
            [
              252427.53050000221,
              455513.24680000357
            ],
            [
              252419.06030000094,
              455513.20260000043
            ],
            [
              252410.18869999982,
              455508.92110000178
            ],
            [
              252406.83810000122,
              455501.70380000025
            ],
            [
              252412.22479999997,
              455491.29730000161
            ],
            [
              252419.21710000094,
              455483.13340000063
            ],
            [
              252426.45660000108,
              455475.54770000465
            ],
            [
              252431.99310000334,
              455469.64729999937
            ],
            [
              252440.07960000169,
              455462.06599999964
            ],
            [
              252449.01750000101,
              455453.64220000431
            ],
            [
              252457.95100000035,
              455446.06540000252
            ],
            [
              252466.03970000334,
              455438.06059999764
            ],
            [
              252476.23710000236,
              455431.76100000367
            ],
            [
              252486.43670000229,
              455425.03779999912
            ],
            [
              252498.75820000377,
              455417.47860000096
            ],
            [
              252509.80260000285,
              455411.18340000138
            ],
            [
              252518.2994000027,
              455406.1454000026
            ],
            [
              252524.27050000336,
              455398.12969999947
            ],
            [
              252533.2061999999,
              455390.12930000015
            ],
            [
              252542.99110000301,
              455381.7098999992
            ],
            [
              252551.51209999993,
              455372.01330000348
            ],
            [
              252557.06419999991,
              455363.1483000014
            ],
            [
              252561.35010000039,
              455353.42960000224
            ],
            [
              252569.00200000033,
              455347.96370000392
            ],
            [
              252580.01550000068,
              455347.59760000184
            ],
            [
              252590.98700000066,
              455355.27830000222
            ],
            [
              252604.93860000186,
              455360.00980000012
            ],
            [
              252617.63730000239,
              455361.34659999982
            ],
            [
              252629.08530000132,
              455358.86510000378
            ],
            [
              252640.12530000322,
              455353.4168999996
            ],
            [
              252650.31830000225,
              455347.96430000104
            ],
            [
              252651.1073000012,
              455343.44649999961
            ],
            [
              252650.78160000406,
              455340.3433000017
            ],
            [
              252644.45760000125,
              455334.80450000241
            ],
            [
              252632.22440000158,
              455325.42320000008
            ],
            [
              252625.05780000053,
              455319.03299999982
            ],
            [
              252619.1640000008,
              455312.22589999996
            ],
            [
              252610.72470000293,
              455306.25259999931
            ],
            [
              252600.15900000092,
              455301.96230000257
            ],
            [
              252590.85500000231,
              455299.37260000408
            ],
            [
              252579.01000000164,
              455296.76970000379
            ],
            [
              252571.81689999998,
              455295.46160000004
            ],
            [
              252561.23350000102,
              455294.55940000154
            ],
            [
              252552.35310000181,
              455291.97190000303
            ],
            [
              252544.32620000094,
              455288.1184000019
            ],
            [
              252535.02440000232,
              455285.10520000383
            ],
            [
              252526.97990000155,
              455284.63970000111
            ],
            [
              252518.50970000215,
              455284.59560000151
            ],
            [
              252510.03290000092,
              455285.8219000008
            ],
            [
              252499.84649999999,
              455290.00400000438
            ],
            [
              252492.62920000032,
              455293.35460000113
            ],
            [
              252481.9840000011,
              455304.3105999995
            ],
            [
              252473.90410000179,
              455310.62140000239
            ],
            [
              252463.2854000004,
              455316.4953000024
            ],
            [
              252453.09250000212,
              455321.94790000282
            ],
            [
              252445.45160000306,
              455325.29629999958
            ],
            [
              252435.25200000126,
              455332.01940000057
            ],
            [
              252428.4626000002,
              455334.52520000376
            ],
            [
              252415.71310000308,
              455342.92909999937
            ],
            [
              252405.51130000129,
              455350.07580000348
            ],
            [
              252396.57330000121,
              455358.49970000237
            ],
            [
              252386.38480000198,
              455363.1053000018
            ],
            [
              252375.36250000075,
              455365.16540000029
            ],
            [
              252366.0429999996,
              455365.54030000232
            ],
            [
              252357.9896999998,
              455366.76889999956
            ],
            [
              252349.08490000293,
              455368.84010000154
            ],
            [
              252341.86310000345,
              455373.03760000132
            ],
            [
              252331.25110000186,
              455377.64100000076
            ],
            [
              252326.12700000126,
              455385.66120000184
            ],
            [
              252323.10280000139,
              455397.08060000092
            ],
            [
              252322.63290000055,
              455405.97209999897
            ],
            [
              252319.18740000296,
              455416.96570000239
            ],
            [
              252316.18080000207,
              455424.99700000137
            ],
            [
              252307.24730000086,
              455432.57380000129
            ],
            [
              252295.78820000123,
              455437.17280000448
            ],
            [
              252285.59530000109,
              455442.62539999932
            ],
            [
              252275.8302000016,
              455447.23320000246
            ],
            [
              252266.49310000334,
              455450.99620000087
            ],
            [
              252254.19799999986,
              455453.47330000624
            ],
            [
              252244.43300000113,
              455458.08110000007
            ],
            [
              252236.35759999976,
              455463.54480000027
            ],
            [
              252226.16020000074,
              455469.84439999983
            ],
            [
              252218.50830000266,
              455475.31030000001
            ],
            [
              252210.44830000121,
              455477.8094000034
            ],
            [
              252205.78670000006,
              455475.06160000153
            ],
            [
              252203.28399999999,
              455470.99570000172
            ],
            [
              252203.32809999865,
              455462.52549999952
            ],
            [
              252204.2193,
              455454.05970000103
            ],
            [
              252206.38770000078,
              455444.33000000194
            ],
            [
              252206.84430000093,
              455437.97949999943
            ],
            [
              252207.74879999924,
              455426.97259999998
            ],
            [
              252204.84159999993,
              455415.94590000249
            ],
            [
              252203.63960000314,
              455402.81040000357
            ],
            [
              252201.98080000095,
              455396.02539999969
            ],
            [
              252199.92510000151,
              455384.15610000305
            ],
            [
              252199.97589999996,
              455374.41530000418
            ],
            [
              252198.33270000387,
              455364.66569999978
            ],
            [
              252197.11070000008,
              455355.34190000407
            ],
            [
              252196.3256000001,
              455343.47910000011
            ],
            [
              252195.52490000147,
              455334.58099999838
            ],
            [
              252194.31400000211,
              455323.13959999941
            ],
            [
              252194.36039999966,
              455314.24579999968
            ],
            [
              252194.39790000021,
              455307.04620000161
            ],
            [
              252191.90550000127,
              455297.71570000052
            ],
            [
              252194.08260000031,
              455286.29190000147
            ],
            [
              252195.38410000131,
              455280.3694000002
            ],
            [
              252197.11790000275,
              455272.75500000268
            ],
            [
              252200.96700000204,
              455265.57520000078
            ],
            [
              252203.55010000058,
              455257.54180000164
            ],
            [
              252205.72500000335,
              455246.54150000401
            ],
            [
              252209.99550000019,
              455239.78740000166
            ],
            [
              252212.58960000146,
              455229.63639999926
            ],
            [
              252215.60049999971,
              455220.75819999911
            ],
            [
              252220.30769999977,
              455211.46520000137
            ],
            [
              252221.62680000346,
              455202.15460000746
            ],
            [
              252224.21870000195,
              455192.4271000009
            ],
            [
              252225.97900000215,
              455179.73059999943
            ],
            [
              252226.03419999965,
              455169.14280000143
            ],
            [
              252224.73450000212,
              455156.20009999909
            ],
            [
              252218.42599999998,
              455147.69669999927
            ],
            [
              252208.44650000054,
              455141.65849999897
            ],
            [
              252198.1417000005,
              455139.12050000206
            ],
            [
              252189.23910000175,
              455140.76820000447
            ],
            [
              252179.14820000064,
              455145.18110000342
            ],
            [
              252171.91980000027,
              455150.64920000359
            ],
            [
              252167.65600000415,
              455156.13269999996
            ],
            [
              252161.70250000246,
              455160.7603999991
            ],
            [
              252151.94849999994,
              455163.25070000254
            ],
            [
              252144.75769999996,
              455161.51909999922
            ],
            [
              252138.8638000004,
              455154.71199999936
            ],
            [
              252136.37580000143,
              455144.53449999914
            ],
            [
              252136.84570000041,
              455135.64299999923
            ],
            [
              252139.87650000118,
              455122.95309999958
            ],
            [
              252144.15360000264,
              455114.92850000225
            ],
            [
              252147.99170000385,
              455109.86630000174
            ],
            [
              252152.70330000017,
              455099.72629999928
            ],
            [
              252158.25970000308,
              455090.01420000196
            ],
            [
              252162.96690000407,
              455080.72130000405
            ],
            [
              252171.88720000349,
              455075.68549999967
            ],
            [
              252179.1045000013,
              455072.33500000089
            ],
            [
              252186.75420000125,
              455067.29260000028
            ],
            [
              252194.4039000012,
              455062.25020000152
            ],
            [
              252198.25300000142,
              455055.07039999962
            ],
            [
              252205.07340000384,
              455046.63560000248
            ],
            [
              252212.30619999953,
              455040.32040000334
            ],
            [
              252216.56780000124,
              455035.26040000096
            ],
            [
              252225.51010000147,
              455025.98950000107
            ],
            [
              252230.634200003,
              455017.9693
            ],
            [
              252238.73830000125,
              455007.00000000186
            ],
            [
              252245.9756000014,
              454999.83780000173
            ],
            [
              252251.51430000179,
              454993.5139000006
            ],
            [
              252262.11320000142,
              454991.45150000229
            ],
            [
              252272.68959999923,
              454989.86950000376
            ],
            [
              252280.77630000189,
              454986.04310000129
            ],
            [
              252288.42599999998,
              454981.00070000254
            ],
            [
              252293.97580000106,
              454972.55920000002
            ],
            [
              252302.03359999973,
              454970.48360000178
            ],
            [
              252309.22220000252,
              454972.63870000094
            ],
            [
              252314.27120000031,
              454979.0178999994
            ],
            [
              252318.05409999937,
              454984.54340000264
            ],
            [
              252323.51340000145,
              454993.46580000035
            ],
            [
              252330.69320000056,
              454997.31489999965
            ],
            [
              252343.39190000109,
              454998.65169999935
            ],
            [
              252348.92190000322,
              454994.02180000022
            ],
            [
              252352.35190000385,
              454985.99280000106
            ],
            [
              252355.78420000058,
              454977.54019999877
            ],
            [
              252362.21410000138,
              454962.75049999915
            ],
            [
              252366.49340000376,
              454954.30230000243
            ],
            [
              252371.40930000041,
              454942.04580000043
            ],
            [
              252378.04740000051,
              454931.49240000173
            ],
            [
              252386.98750000168,
              454922.64500000142
            ],
            [
              252394.21150000114,
              454918.02390000038
            ],
            [
              252403.56190000009,
              454911.71990000084
            ],
            [
              252416.24549999926,
              454905.02950000204
            ],
            [
              252426.56840000022,
              454904.62010000274
            ],
            [
              252434.83610000089,
              454905.95780000091
            ],
            [
              252442.5409000013,
              454905.05010000058
            ],
            [
              252452.89840000123,
              454901.29239999875
            ],
            [
              252463.35639999993,
              454896.78480000049
            ],
            [
              252473.54280000273,
              454892.60270000249
            ],
            [
              252483.72250000108,
              454889.69109999947
            ],
            [
              252498.14450000413,
              454885.43449999951
            ],
            [
              252509.16590000223,
              454883.54770000279
            ],
            [
              252518.06219999958,
              454883.09380000457
            ],
            [
              252528.22650000267,
              454883.14680000208
            ],
            [
              252540.9385000011,
              454881.94260000065
            ],
            [
              252556.42370000016,
              454884.19780000113
            ],
            [
              252565.05650000088,
              454886.30350000225
            ],
            [
              252577.0773,
              454888.46400000155
            ],
            [
              252583.83880000096,
              454886.94750000164
            ],
            [
              252588.3673000019,
              454883.03690000251
            ],
            [
              252598.07610000111,
              454874.48340000026
            ],
            [
              252606.48910000268,
              454870.53749999963
            ],
            [
              252613.34769999981,
              454869.73090000264
            ],
            [
              252632.9132000003,
              454868.44590000622
            ],
            [
              252644.67000000086,
              454869.45090000145
            ],
            [
              252655.78060000297,
              454868.98870000057
            ],
            [
              252663.40600000136,
              454868.60490000248
            ],
            [
              252676.12460000068,
              454866.13010000065
            ],
            [
              252685.88300000131,
              454862.7928000018
            ],
            [
              252693.94300000183,
              454860.29370000027
            ],
            [
              252704.11830000021,
              454858.22910000198
            ],
            [
              252715.57300000172,
              454854.47719999962
            ],
            [
              252727.46119999979,
              454848.8030999992
            ],
            [
              252738.48570000101,
              454846.31940000132
            ],
            [
              252749.92940000352,
              454844.68500000052
            ],
            [
              252760.93730000407,
              454845.39620000124
            ],
            [
              252772.37210000213,
              454845.45580000058
            ],
            [
              252782.5318999989,
              454846.35580000095
            ],
            [
              252796.38960000034,
              454846.75500000268
            ],
            [
              252812.67050000094,
              454847.93710000068
            ],
            [
              252822.23000000045,
              454849.50760000013
            ],
            [
              252838.7491000006,
              454849.17029999942
            ],
            [
              252848.66110000014,
              454849.64550000243
            ],
            [
              252863.40930000134,
              454849.31870000437
            ],
            [
              252876.54260000121,
              454848.54010000266
            ],
            [
              252889.99880000018,
              454848.51370000094
            ],
            [
              252901.01330000162,
              454847.42130000144
            ],
            [
              252907.05520000029,
              454844.88749999739
            ],
            [
              252922.66560000088,
              454837.8657000009
            ],
            [
              252935.50999999978,
              454829.78910000063
            ],
            [
              252942.73180000111,
              454825.59150000103
            ],
            [
              252952.50570000242,
              454819.28960000165
            ],
            [
              252960.9980000006,
              454815.0987000037
            ],
            [
              252967.80290000048,
              454809.62840000354
            ],
            [
              252976.73850000091,
              454801.62800000235
            ],
            [
              252985.24630000349,
              454794.47250000201
            ],
            [
              252992.91370000038,
              454786.0420000013
            ],
            [
              253004.82500000112,
              454775.93960000202
            ],
            [
              253015.4569000015,
              454767.52460000105
            ],
            [
              253024.39930000063,
              454758.25370000117
            ],
            [
              253034.18860000372,
              454748.98720000125
            ],
            [
              253043.12650000025,
              454740.56340000033
            ],
            [
              253055.45030000061,
              454732.58070000075
            ],
            [
              253067.33730000071,
              454727.13690000214
            ],
            [
              253081.76100000367,
              454722.55340000056
            ],
            [
              253093.22450000048,
              454717.10730000213
            ],
            [
              253106.81879999954,
              454709.13130000234
            ],
            [
              253117.87430000212,
              454700.71850000322
            ],
            [
              253125.53060000297,
              454694.40560000204
            ],
            [
              253135.72799999919,
              454688.10590000264
            ],
            [
              253145.93420000002,
              454680.11219999939
            ],
            [
              253157.40880000405,
              454672.5485999994
            ],
            [
              253167.61280000396,
              454664.97839999944
            ],
            [
              253179.08520000055,
              454657.83830000088
            ],
            [
              253192.23390000034,
              454654.09520000406
            ],
            [
              253207.06560000032,
              454652.47839999944
            ],
            [
              253217.65560000017,
              454652.1101000011
            ],
            [
              253229.94850000273,
              454650.05660000071
            ],
            [
              253243.10379999969,
              454645.04290000349
            ],
            [
              253251.17480000388,
              454640.42619999871
            ],
            [
              253263.06850000378,
              454633.71189999953
            ],
            [
              253272.38130000234,
              454634.60749999806
            ],
            [
              253279.98240000196,
              454638.88230000436
            ]
          ]
        ]
      }
    }
  ]
}