{
  "displayFieldName" : "",
  "fieldAliases" : {
    "FID" : "FID",
    "PMNTN_SPOT" : "PMNTN_SPOT",
    "MNTN_CODE" : "MNTN_CODE",
    "MANAGE_SP1" : "MANAGE_SP1",
    "MANAGE_SP2" : "MANAGE_SP2",
    "DETAIL_SPO" : "DETAIL_SPO",
    "ETC_MATTER" : "ETC_MATTER",
    "MNTN_NM" : "MNTN_NM",
    "PAST_SPOT_" : "PAST_SPOT_",
    "MNTN_ID" : "MNTN_ID"
  },
  "geometryType" : "esriGeometryPoint",
  "spatialReference" : {
    "wkt" : "PROJCS[\"PCS_ITRF2000_TM\",GEOGCS[\"GCS_ITRF_2000\",DATUM[\"D_ITRF_2000\",SPHEROID[\"GRS_1980\",6378137.0,298.257222101]],PRIMEM[\"Greenwich\",0.0],UNIT[\"Degree\",0.0174532925199433]],PROJECTION[\"Transverse_Mercator\"],PARAMETER[\"False_Easting\",200000.0],PARAMETER[\"False_Northing\",600000.0],PARAMETER[\"Central_Meridian\",127.0],PARAMETER[\"Scale_Factor\",1.0],PARAMETER[\"Latitude_Of_Origin\",38.0],UNIT[\"Meter\",1.0]]"
  },
  "fields" : [
    {
      "name" : "FID",
      "type" : "esriFieldTypeOID",
      "alias" : "FID"
    },
    {
      "name" : "PMNTN_SPOT",
      "type" : "esriFieldTypeDouble",
      "alias" : "PMNTN_SPOT"
    },
    {
      "name" : "MNTN_CODE",
      "type" : "esriFieldTypeString",
      "alias" : "MNTN_CODE",
      "length" : 9
    },
    {
      "name" : "MANAGE_SP1",
      "type" : "esriFieldTypeString",
      "alias" : "MANAGE_SP1",
      "length" : 2
    },
    {
      "name" : "MANAGE_SP2",
      "type" : "esriFieldTypeString",
      "alias" : "MANAGE_SP2",
      "length" : 50
    },
    {
      "name" : "DETAIL_SPO",
      "type" : "esriFieldTypeString",
      "alias" : "DETAIL_SPO",
      "length" : 200
    },
    {
      "name" : "ETC_MATTER",
      "type" : "esriFieldTypeString",
      "alias" : "ETC_MATTER",
      "length" : 200
    },
    {
      "name" : "MNTN_NM",
      "type" : "esriFieldTypeString",
      "alias" : "MNTN_NM",
      "length" : 50
    },
    {
      "name" : "PAST_SPOT_",
      "type" : "esriFieldTypeString",
      "alias" : "PAST_SPOT_",
      "length" : 14
    },
    {
      "name" : "MNTN_ID",
      "type" : "esriFieldTypeString",
      "alias" : "MNTN_ID",
      "length" : 10
    }
  ],
  "features" : [
    {
      "attributes" : {
        "FID" : 0,
        "PMNTN_SPOT" : 38200,
        "MNTN_CODE" : "301700804",
        "MANAGE_SP1" : "01",
        "MANAGE_SP2" : "시종점",
        "DETAIL_SPO" : "시종점",
        "ETC_MATTER" : " ",
        "MNTN_NM" : "변동근린공원",
        "PAST_SPOT_" : "3017008040001",
        "MNTN_ID" : "301700804"
      },
      "geometry" : {
        "x" : 233607.47200000007,
        "y" : 414381.48110000417
      }
    },
    {
      "attributes" : {
        "FID" : 1,
        "PMNTN_SPOT" : 38201,
        "MNTN_CODE" : "301700804",
        "MANAGE_SP1" : "01",
        "MANAGE_SP2" : "시종점",
        "DETAIL_SPO" : "시종점",
        "ETC_MATTER" : " ",
        "MNTN_NM" : "변동근린공원",
        "PAST_SPOT_" : "3017008040002",
        "MNTN_ID" : "301700804"
      },
      "geometry" : {
        "x" : 233612.24000000022,
        "y" : 414427.2268000003
      }
    },
    {
      "attributes" : {
        "FID" : 2,
        "PMNTN_SPOT" : 38202,
        "MNTN_CODE" : "301700804",
        "MANAGE_SP1" : "01",
        "MANAGE_SP2" : "시종점",
        "DETAIL_SPO" : "시종점",
        "ETC_MATTER" : " ",
        "MNTN_NM" : "변동근린공원",
        "PAST_SPOT_" : "3017008040003",
        "MNTN_ID" : "301700804"
      },
      "geometry" : {
        "x" : 233612.40990000125,
        "y" : 414347.11810000055
      }
    },
    {
      "attributes" : {
        "FID" : 3,
        "PMNTN_SPOT" : 38203,
        "MNTN_CODE" : "301700804",
        "MANAGE_SP1" : "02",
        "MANAGE_SP2" : "분기점",
        "DETAIL_SPO" : "분기점",
        "ETC_MATTER" : " ",
        "MNTN_NM" : "변동근린공원",
        "PAST_SPOT_" : "3017008040004",
        "MNTN_ID" : "301700804"
      },
      "geometry" : {
        "x" : 233622.23190000001,
        "y" : 414405.99180000089
      }
    },
    {
      "attributes" : {
        "FID" : 4,
        "PMNTN_SPOT" : 38204,
        "MNTN_CODE" : "301700804",
        "MANAGE_SP1" : "01",
        "MANAGE_SP2" : "시종점",
        "DETAIL_SPO" : "시종점",
        "ETC_MATTER" : " ",
        "MNTN_NM" : "변동근린공원",
        "PAST_SPOT_" : "3017008040005",
        "MNTN_ID" : "301700804"
      },
      "geometry" : {
        "x" : 233632.01279999968,
        "y" : 414199.65389999934
      }
    },
    {
      "attributes" : {
        "FID" : 5,
        "PMNTN_SPOT" : 38205,
        "MNTN_CODE" : "301700804",
        "MANAGE_SP1" : "02",
        "MANAGE_SP2" : "분기점",
        "DETAIL_SPO" : "분기점",
        "ETC_MATTER" : " ",
        "MNTN_NM" : "변동근린공원",
        "PAST_SPOT_" : "3017008040006",
        "MNTN_ID" : "301700804"
      },
      "geometry" : {
        "x" : 233639.09449999966,
        "y" : 414371.9682
      }
    },
    {
      "attributes" : {
        "FID" : 6,
        "PMNTN_SPOT" : 38206,
        "MNTN_CODE" : "301700804",
        "MANAGE_SP1" : "02",
        "MANAGE_SP2" : "분기점",
        "DETAIL_SPO" : "분기점",
        "ETC_MATTER" : " ",
        "MNTN_NM" : "변동근린공원",
        "PAST_SPOT_" : "3017008040007",
        "MNTN_ID" : "301700804"
      },
      "geometry" : {
        "x" : 233660.17109999899,
        "y" : 414406.99200000055
      }
    },
    {
      "attributes" : {
        "FID" : 7,
        "PMNTN_SPOT" : 38207,
        "MNTN_CODE" : "301700804",
        "MANAGE_SP1" : "02",
        "MANAGE_SP2" : "분기점",
        "DETAIL_SPO" : "분기점",
        "ETC_MATTER" : " ",
        "MNTN_NM" : "변동근린공원",
        "PAST_SPOT_" : "3017008040008",
        "MNTN_ID" : "301700804"
      },
      "geometry" : {
        "x" : 233661.07029999979,
        "y" : 414368.31450000219
      }
    },
    {
      "attributes" : {
        "FID" : 8,
        "PMNTN_SPOT" : 38208,
        "MNTN_CODE" : "301700804",
        "MANAGE_SP1" : "02",
        "MANAGE_SP2" : "분기점",
        "DETAIL_SPO" : "분기점",
        "ETC_MATTER" : " ",
        "MNTN_NM" : "변동근린공원",
        "PAST_SPOT_" : "3017008040009",
        "MNTN_ID" : "301700804"
      },
      "geometry" : {
        "x" : 233672.55339999963,
        "y" : 414190.86180000007
      }
    },
    {
      "attributes" : {
        "FID" : 9,
        "PMNTN_SPOT" : 38209,
        "MNTN_CODE" : "301700804",
        "MANAGE_SP1" : "01",
        "MANAGE_SP2" : "시종점",
        "DETAIL_SPO" : "시종점",
        "ETC_MATTER" : " ",
        "MNTN_NM" : "변동근린공원",
        "PAST_SPOT_" : "3017008040010",
        "MNTN_ID" : "301700804"
      },
      "geometry" : {
        "x" : 233689.97110000066,
        "y" : 414173.09040000103
      }
    }
  ]
}