{
  "displayFieldName" : "",
  "fieldAliases" : {
    "FID" : "FID",
    "PMNTN_SPOT" : "PMNTN_SPOT",
    "MNTN_CODE" : "MNTN_CODE",
    "MANAGE_SP1" : "MANAGE_SP1",
    "MANAGE_SP2" : "MANAGE_SP2",
    "DETAIL_SPO" : "DETAIL_SPO",
    "ETC_MATTER" : "ETC_MATTER",
    "MNTN_NM" : "MNTN_NM",
    "PAST_SPOT_" : "PAST_SPOT_",
    "MNTN_ID" : "MNTN_ID"
  },
  "geometryType" : "esriGeometryPoint",
  "spatialReference" : {
    "wkt" : "PROJCS[\"PCS_ITRF2000_TM\",GEOGCS[\"GCS_ITRF_2000\",DATUM[\"D_ITRF_2000\",SPHEROID[\"GRS_1980\",6378137.0,298.257222101]],PRIMEM[\"Greenwich\",0.0],UNIT[\"Degree\",0.0174532925199433]],PROJECTION[\"Transverse_Mercator\"],PARAMETER[\"False_Easting\",200000.0],PARAMETER[\"False_Northing\",600000.0],PARAMETER[\"Central_Meridian\",127.0],PARAMETER[\"Scale_Factor\",1.0],PARAMETER[\"Latitude_Of_Origin\",38.0],UNIT[\"Meter\",1.0]]"
  },
  "fields" : [
    {
      "name" : "FID",
      "type" : "esriFieldTypeOID",
      "alias" : "FID"
    },
    {
      "name" : "PMNTN_SPOT",
      "type" : "esriFieldTypeDouble",
      "alias" : "PMNTN_SPOT"
    },
    {
      "name" : "MNTN_CODE",
      "type" : "esriFieldTypeString",
      "alias" : "MNTN_CODE",
      "length" : 9
    },
    {
      "name" : "MANAGE_SP1",
      "type" : "esriFieldTypeString",
      "alias" : "MANAGE_SP1",
      "length" : 2
    },
    {
      "name" : "MANAGE_SP2",
      "type" : "esriFieldTypeString",
      "alias" : "MANAGE_SP2",
      "length" : 50
    },
    {
      "name" : "DETAIL_SPO",
      "type" : "esriFieldTypeString",
      "alias" : "DETAIL_SPO",
      "length" : 200
    },
    {
      "name" : "ETC_MATTER",
      "type" : "esriFieldTypeString",
      "alias" : "ETC_MATTER",
      "length" : 200
    },
    {
      "name" : "MNTN_NM",
      "type" : "esriFieldTypeString",
      "alias" : "MNTN_NM",
      "length" : 50
    },
    {
      "name" : "PAST_SPOT_",
      "type" : "esriFieldTypeString",
      "alias" : "PAST_SPOT_",
      "length" : 14
    },
    {
      "name" : "MNTN_ID",
      "type" : "esriFieldTypeString",
      "alias" : "MNTN_ID",
      "length" : 10
    }
  ],
  "features" : [
    {
      "attributes" : {
        "FID" : 0,
        "PMNTN_SPOT" : 91683,
        "MNTN_CODE" : "282600801",
        "MANAGE_SP1" : "01",
        "MANAGE_SP2" : "시종점",
        "DETAIL_SPO" : "시종점",
        "ETC_MATTER" : " ",
        "MNTN_NM" : "함봉산",
        "PAST_SPOT_" : "2826008010001",
        "MNTN_ID" : "282600801"
      },
      "geometry" : {
        "x" : 172424.34630000032,
        "y" : 543250.69870000146
      }
    },
    {
      "attributes" : {
        "FID" : 1,
        "PMNTN_SPOT" : 91684,
        "MNTN_CODE" : "282600801",
        "MANAGE_SP1" : "01",
        "MANAGE_SP2" : "시종점",
        "DETAIL_SPO" : "시종점",
        "ETC_MATTER" : " ",
        "MNTN_NM" : "함봉산",
        "PAST_SPOT_" : "2826008010002",
        "MNTN_ID" : "282600801"
      },
      "geometry" : {
        "x" : 172461.06599999964,
        "y" : 543319.86630000174
      }
    },
    {
      "attributes" : {
        "FID" : 2,
        "PMNTN_SPOT" : 91685,
        "MNTN_CODE" : "282600801",
        "MANAGE_SP1" : "01",
        "MANAGE_SP2" : "시종점",
        "DETAIL_SPO" : "시종점",
        "ETC_MATTER" : " ",
        "MNTN_NM" : "함봉산",
        "PAST_SPOT_" : "2826008010003",
        "MNTN_ID" : "282600801"
      },
      "geometry" : {
        "x" : 172494.04279999994,
        "y" : 543860.9057
      }
    },
    {
      "attributes" : {
        "FID" : 3,
        "PMNTN_SPOT" : 91686,
        "MNTN_CODE" : "282600801",
        "MANAGE_SP1" : "02",
        "MANAGE_SP2" : "분기점",
        "DETAIL_SPO" : "분기점",
        "ETC_MATTER" : " ",
        "MNTN_NM" : "함봉산",
        "PAST_SPOT_" : "2826008010004",
        "MNTN_ID" : "282600801"
      },
      "geometry" : {
        "x" : 172593.10529999994,
        "y" : 543830.6894000005
      }
    },
    {
      "attributes" : {
        "FID" : 4,
        "PMNTN_SPOT" : 91687,
        "MNTN_CODE" : "282600801",
        "MANAGE_SP1" : "02",
        "MANAGE_SP2" : "분기점",
        "DETAIL_SPO" : "분기점",
        "ETC_MATTER" : " ",
        "MNTN_NM" : "함봉산",
        "PAST_SPOT_" : "2826008010005",
        "MNTN_ID" : "282600801"
      },
      "geometry" : {
        "x" : 172614.92320000101,
        "y" : 543335.46280000173
      }
    },
    {
      "attributes" : {
        "FID" : 5,
        "PMNTN_SPOT" : 91688,
        "MNTN_CODE" : "282600801",
        "MANAGE_SP1" : "02",
        "MANAGE_SP2" : "분기점",
        "DETAIL_SPO" : "분기점",
        "ETC_MATTER" : " ",
        "MNTN_NM" : "함봉산",
        "PAST_SPOT_" : "2826008010006",
        "MNTN_ID" : "282600801"
      },
      "geometry" : {
        "x" : 172714.30360000115,
        "y" : 543806.69170000404
      }
    },
    {
      "attributes" : {
        "FID" : 6,
        "PMNTN_SPOT" : 91689,
        "MNTN_CODE" : "282600801",
        "MANAGE_SP1" : "02",
        "MANAGE_SP2" : "분기점",
        "DETAIL_SPO" : "분기점",
        "ETC_MATTER" : " ",
        "MNTN_NM" : "함봉산",
        "PAST_SPOT_" : "2826008010007",
        "MNTN_ID" : "282600801"
      },
      "geometry" : {
        "x" : 172715.66509999987,
        "y" : 543783.79549999908
      }
    },
    {
      "attributes" : {
        "FID" : 7,
        "PMNTN_SPOT" : 91690,
        "MNTN_CODE" : "282600801",
        "MANAGE_SP1" : "02",
        "MANAGE_SP2" : "분기점",
        "DETAIL_SPO" : "분기점",
        "ETC_MATTER" : " ",
        "MNTN_NM" : "함봉산",
        "PAST_SPOT_" : "2826008010008",
        "MNTN_ID" : "282600801"
      },
      "geometry" : {
        "x" : 172777.36000000127,
        "y" : 543890.03700000234
      }
    },
    {
      "attributes" : {
        "FID" : 8,
        "PMNTN_SPOT" : 91691,
        "MNTN_CODE" : "282600801",
        "MANAGE_SP1" : "02",
        "MANAGE_SP2" : "분기점",
        "DETAIL_SPO" : "분기점",
        "ETC_MATTER" : " ",
        "MNTN_NM" : "함봉산",
        "PAST_SPOT_" : "2826008010009",
        "MNTN_ID" : "282600801"
      },
      "geometry" : {
        "x" : 172782.23900000192,
        "y" : 543700.12930000015
      }
    },
    {
      "attributes" : {
        "FID" : 9,
        "PMNTN_SPOT" : 91692,
        "MNTN_CODE" : "282600801",
        "MANAGE_SP1" : "02",
        "MANAGE_SP2" : "분기점",
        "DETAIL_SPO" : "분기점",
        "ETC_MATTER" : " ",
        "MNTN_NM" : "함봉산",
        "PAST_SPOT_" : "2826008010010",
        "MNTN_ID" : "282600801"
      },
      "geometry" : {
        "x" : 172794.80220000073,
        "y" : 543798.84439999983
      }
    },
    {
      "attributes" : {
        "FID" : 10,
        "PMNTN_SPOT" : 91693,
        "MNTN_CODE" : "282600801",
        "MANAGE_SP1" : "02",
        "MANAGE_SP2" : "분기점",
        "DETAIL_SPO" : "분기점",
        "ETC_MATTER" : " ",
        "MNTN_NM" : "함봉산",
        "PAST_SPOT_" : "2826008010011",
        "MNTN_ID" : "282600801"
      },
      "geometry" : {
        "x" : 172797.87380000111,
        "y" : 543802.76430000179
      }
    },
    {
      "attributes" : {
        "FID" : 11,
        "PMNTN_SPOT" : 91694,
        "MNTN_CODE" : "282600801",
        "MANAGE_SP1" : "02",
        "MANAGE_SP2" : "분기점",
        "DETAIL_SPO" : "분기점",
        "ETC_MATTER" : " ",
        "MNTN_NM" : "함봉산",
        "PAST_SPOT_" : "2826008010012",
        "MNTN_ID" : "282600801"
      },
      "geometry" : {
        "x" : 172810.57030000072,
        "y" : 543722.03949999996
      }
    },
    {
      "attributes" : {
        "FID" : 12,
        "PMNTN_SPOT" : 91695,
        "MNTN_CODE" : "282600801",
        "MANAGE_SP1" : "01",
        "MANAGE_SP2" : "시종점",
        "DETAIL_SPO" : "시종점",
        "ETC_MATTER" : " ",
        "MNTN_NM" : "함봉산",
        "PAST_SPOT_" : "2826008010013",
        "MNTN_ID" : "282600801"
      },
      "geometry" : {
        "x" : 172816.07879999932,
        "y" : 544020.70570000261
      }
    },
    {
      "attributes" : {
        "FID" : 13,
        "PMNTN_SPOT" : 91696,
        "MNTN_CODE" : "282600801",
        "MANAGE_SP1" : "02",
        "MANAGE_SP2" : "분기점",
        "DETAIL_SPO" : "분기점",
        "ETC_MATTER" : " ",
        "MNTN_NM" : "함봉산",
        "PAST_SPOT_" : "2826008010014",
        "MNTN_ID" : "282600801"
      },
      "geometry" : {
        "x" : 172869.73280000128,
        "y" : 543728.7945000045
      }
    },
    {
      "attributes" : {
        "FID" : 14,
        "PMNTN_SPOT" : 91697,
        "MNTN_CODE" : "282600801",
        "MANAGE_SP1" : "02",
        "MANAGE_SP2" : "분기점",
        "DETAIL_SPO" : "분기점",
        "ETC_MATTER" : " ",
        "MNTN_NM" : "함봉산",
        "PAST_SPOT_" : "2826008010015",
        "MNTN_ID" : "282600801"
      },
      "geometry" : {
        "x" : 172890.83040000219,
        "y" : 543736.0661999993
      }
    },
    {
      "attributes" : {
        "FID" : 15,
        "PMNTN_SPOT" : 91698,
        "MNTN_CODE" : "282600801",
        "MANAGE_SP1" : "02",
        "MANAGE_SP2" : "분기점",
        "DETAIL_SPO" : "분기점",
        "ETC_MATTER" : " ",
        "MNTN_NM" : "함봉산",
        "PAST_SPOT_" : "2826008010016",
        "MNTN_ID" : "282600801"
      },
      "geometry" : {
        "x" : 172950.18630000111,
        "y" : 543480.64080000296
      }
    },
    {
      "attributes" : {
        "FID" : 16,
        "PMNTN_SPOT" : 91699,
        "MNTN_CODE" : "282600801",
        "MANAGE_SP1" : "02",
        "MANAGE_SP2" : "분기점",
        "DETAIL_SPO" : "분기점",
        "ETC_MATTER" : " ",
        "MNTN_NM" : "함봉산",
        "PAST_SPOT_" : "2826008010017",
        "MNTN_ID" : "282600801"
      },
      "geometry" : {
        "x" : 172981.2006000001,
        "y" : 543687.75060000084
      }
    },
    {
      "attributes" : {
        "FID" : 17,
        "PMNTN_SPOT" : 91700,
        "MNTN_CODE" : "282600801",
        "MANAGE_SP1" : "02",
        "MANAGE_SP2" : "분기점",
        "DETAIL_SPO" : "분기점",
        "ETC_MATTER" : " ",
        "MNTN_NM" : "함봉산",
        "PAST_SPOT_" : "2826008010018",
        "MNTN_ID" : "282600801"
      },
      "geometry" : {
        "x" : 173050.87619999982,
        "y" : 543459.65609999932
      }
    },
    {
      "attributes" : {
        "FID" : 18,
        "PMNTN_SPOT" : 91701,
        "MNTN_CODE" : "282600801",
        "MANAGE_SP1" : "02",
        "MANAGE_SP2" : "분기점",
        "DETAIL_SPO" : "분기점",
        "ETC_MATTER" : " ",
        "MNTN_NM" : "함봉산",
        "PAST_SPOT_" : "2826008010019",
        "MNTN_ID" : "282600801"
      },
      "geometry" : {
        "x" : 173086.09350000042,
        "y" : 543565.58410000056
      }
    },
    {
      "attributes" : {
        "FID" : 19,
        "PMNTN_SPOT" : 91702,
        "MNTN_CODE" : "282600801",
        "MANAGE_SP1" : "02",
        "MANAGE_SP2" : "분기점",
        "DETAIL_SPO" : "분기점",
        "ETC_MATTER" : " ",
        "MNTN_NM" : "함봉산",
        "PAST_SPOT_" : "2826008010020",
        "MNTN_ID" : "282600801"
      },
      "geometry" : {
        "x" : 173092.65330000035,
        "y" : 543555.17130000144
      }
    },
    {
      "attributes" : {
        "FID" : 20,
        "PMNTN_SPOT" : 91703,
        "MNTN_CODE" : "282600801",
        "MANAGE_SP1" : "02",
        "MANAGE_SP2" : "분기점",
        "DETAIL_SPO" : "분기점",
        "ETC_MATTER" : " ",
        "MNTN_NM" : "함봉산",
        "PAST_SPOT_" : "2826008010021",
        "MNTN_ID" : "282600801"
      },
      "geometry" : {
        "x" : 173169.24880000018,
        "y" : 543020.95840000175
      }
    },
    {
      "attributes" : {
        "FID" : 21,
        "PMNTN_SPOT" : 91704,
        "MNTN_CODE" : "282600801",
        "MANAGE_SP1" : "02",
        "MANAGE_SP2" : "분기점",
        "DETAIL_SPO" : "분기점",
        "ETC_MATTER" : " ",
        "MNTN_NM" : "함봉산",
        "PAST_SPOT_" : "2826008010022",
        "MNTN_ID" : "282600801"
      },
      "geometry" : {
        "x" : 173171.2761000013,
        "y" : 543400.06849999912
      }
    },
    {
      "attributes" : {
        "FID" : 22,
        "PMNTN_SPOT" : 91705,
        "MNTN_CODE" : "282600801",
        "MANAGE_SP1" : "02",
        "MANAGE_SP2" : "분기점",
        "DETAIL_SPO" : "분기점",
        "ETC_MATTER" : " ",
        "MNTN_NM" : "함봉산",
        "PAST_SPOT_" : "2826008010023",
        "MNTN_ID" : "282600801"
      },
      "geometry" : {
        "x" : 173171.9179999996,
        "y" : 543044.70670000277
      }
    },
    {
      "attributes" : {
        "FID" : 23,
        "PMNTN_SPOT" : 91706,
        "MNTN_CODE" : "282600801",
        "MANAGE_SP1" : "02",
        "MANAGE_SP2" : "분기점",
        "DETAIL_SPO" : "분기점",
        "ETC_MATTER" : " ",
        "MNTN_NM" : "함봉산",
        "PAST_SPOT_" : "2826008010024",
        "MNTN_ID" : "282600801"
      },
      "geometry" : {
        "x" : 173212.19429999962,
        "y" : 542900.32729999721
      }
    },
    {
      "attributes" : {
        "FID" : 24,
        "PMNTN_SPOT" : 91707,
        "MNTN_CODE" : "282600801",
        "MANAGE_SP1" : "02",
        "MANAGE_SP2" : "분기점",
        "DETAIL_SPO" : "분기점",
        "ETC_MATTER" : " ",
        "MNTN_NM" : "함봉산",
        "PAST_SPOT_" : "2826008010025",
        "MNTN_ID" : "282600801"
      },
      "geometry" : {
        "x" : 173249.16170000006,
        "y" : 543216.69549999945
      }
    },
    {
      "attributes" : {
        "FID" : 25,
        "PMNTN_SPOT" : 91708,
        "MNTN_CODE" : "282600801",
        "MANAGE_SP1" : "01",
        "MANAGE_SP2" : "시종점",
        "DETAIL_SPO" : "시종점",
        "ETC_MATTER" : " ",
        "MNTN_NM" : "함봉산",
        "PAST_SPOT_" : "2826008010026",
        "MNTN_ID" : "282600801"
      },
      "geometry" : {
        "x" : 173251.55570000131,
        "y" : 542531.11760000139
      }
    },
    {
      "attributes" : {
        "FID" : 26,
        "PMNTN_SPOT" : 91709,
        "MNTN_CODE" : "282600801",
        "MANAGE_SP1" : "02",
        "MANAGE_SP2" : "분기점",
        "DETAIL_SPO" : "분기점",
        "ETC_MATTER" : " ",
        "MNTN_NM" : "함봉산",
        "PAST_SPOT_" : "2826008010027",
        "MNTN_ID" : "282600801"
      },
      "geometry" : {
        "x" : 173258.72190000024,
        "y" : 543235.95030000247
      }
    },
    {
      "attributes" : {
        "FID" : 27,
        "PMNTN_SPOT" : 91710,
        "MNTN_CODE" : "282600801",
        "MANAGE_SP1" : "02",
        "MANAGE_SP2" : "분기점",
        "DETAIL_SPO" : "분기점",
        "ETC_MATTER" : " ",
        "MNTN_NM" : "함봉산",
        "PAST_SPOT_" : "2826008010028",
        "MNTN_ID" : "282600801"
      },
      "geometry" : {
        "x" : 173259.64919999987,
        "y" : 543453.78449999914
      }
    },
    {
      "attributes" : {
        "FID" : 28,
        "PMNTN_SPOT" : 91711,
        "MNTN_CODE" : "282600801",
        "MANAGE_SP1" : "02",
        "MANAGE_SP2" : "분기점",
        "DETAIL_SPO" : "분기점",
        "ETC_MATTER" : " ",
        "MNTN_NM" : "함봉산",
        "PAST_SPOT_" : "2826008010029",
        "MNTN_ID" : "282600801"
      },
      "geometry" : {
        "x" : 173262.26310000196,
        "y" : 543265.63030000217
      }
    },
    {
      "attributes" : {
        "FID" : 29,
        "PMNTN_SPOT" : 91712,
        "MNTN_CODE" : "282600801",
        "MANAGE_SP1" : "02",
        "MANAGE_SP2" : "분기점",
        "DETAIL_SPO" : "분기점",
        "ETC_MATTER" : " ",
        "MNTN_NM" : "함봉산",
        "PAST_SPOT_" : "2826008010030",
        "MNTN_ID" : "282600801"
      },
      "geometry" : {
        "x" : 173270.09750000015,
        "y" : 543214.81420000084
      }
    },
    {
      "attributes" : {
        "FID" : 30,
        "PMNTN_SPOT" : 91713,
        "MNTN_CODE" : "282600801",
        "MANAGE_SP1" : "02",
        "MANAGE_SP2" : "분기점",
        "DETAIL_SPO" : "분기점",
        "ETC_MATTER" : " ",
        "MNTN_NM" : "함봉산",
        "PAST_SPOT_" : "2826008010031",
        "MNTN_ID" : "282600801"
      },
      "geometry" : {
        "x" : 173290.96509999968,
        "y" : 543235.7818
      }
    },
    {
      "attributes" : {
        "FID" : 31,
        "PMNTN_SPOT" : 91714,
        "MNTN_CODE" : "282600801",
        "MANAGE_SP1" : "02",
        "MANAGE_SP2" : "분기점",
        "DETAIL_SPO" : "분기점",
        "ETC_MATTER" : " ",
        "MNTN_NM" : "함봉산",
        "PAST_SPOT_" : "2826008010032",
        "MNTN_ID" : "282600801"
      },
      "geometry" : {
        "x" : 173309.34480000008,
        "y" : 542941.94060000032
      }
    },
    {
      "attributes" : {
        "FID" : 32,
        "PMNTN_SPOT" : 91715,
        "MNTN_CODE" : "282600801",
        "MANAGE_SP1" : "02",
        "MANAGE_SP2" : "분기점",
        "DETAIL_SPO" : "분기점",
        "ETC_MATTER" : " ",
        "MNTN_NM" : "함봉산",
        "PAST_SPOT_" : "2826008010033",
        "MNTN_ID" : "282600801"
      },
      "geometry" : {
        "x" : 173321.52080000006,
        "y" : 543244.27129999921
      }
    },
    {
      "attributes" : {
        "FID" : 33,
        "PMNTN_SPOT" : 91716,
        "MNTN_CODE" : "282600801",
        "MANAGE_SP1" : "02",
        "MANAGE_SP2" : "분기점",
        "DETAIL_SPO" : "분기점",
        "ETC_MATTER" : " ",
        "MNTN_NM" : "함봉산",
        "PAST_SPOT_" : "2826008010034",
        "MNTN_ID" : "282600801"
      },
      "geometry" : {
        "x" : 173342.13090000115,
        "y" : 542562.92650000006
      }
    },
    {
      "attributes" : {
        "FID" : 34,
        "PMNTN_SPOT" : 91717,
        "MNTN_CODE" : "282600801",
        "MANAGE_SP1" : "02",
        "MANAGE_SP2" : "분기점",
        "DETAIL_SPO" : "분기점",
        "ETC_MATTER" : " ",
        "MNTN_NM" : "함봉산",
        "PAST_SPOT_" : "2826008010035",
        "MNTN_ID" : "282600801"
      },
      "geometry" : {
        "x" : 173348.08710000012,
        "y" : 542691.17660000362
      }
    },
    {
      "attributes" : {
        "FID" : 35,
        "PMNTN_SPOT" : 91718,
        "MNTN_CODE" : "282600801",
        "MANAGE_SP1" : "02",
        "MANAGE_SP2" : "분기점",
        "DETAIL_SPO" : "분기점",
        "ETC_MATTER" : " ",
        "MNTN_NM" : "함봉산",
        "PAST_SPOT_" : "2826008010036",
        "MNTN_ID" : "282600801"
      },
      "geometry" : {
        "x" : 173372.91349999979,
        "y" : 543087.24130000174
      }
    },
    {
      "attributes" : {
        "FID" : 36,
        "PMNTN_SPOT" : 91719,
        "MNTN_CODE" : "282600801",
        "MANAGE_SP1" : "01",
        "MANAGE_SP2" : "시종점",
        "DETAIL_SPO" : "시종점",
        "ETC_MATTER" : " ",
        "MNTN_NM" : "함봉산",
        "PAST_SPOT_" : "2826008010037",
        "MNTN_ID" : "282600801"
      },
      "geometry" : {
        "x" : 173383.59410000127,
        "y" : 542469.05189999938
      }
    },
    {
      "attributes" : {
        "FID" : 37,
        "PMNTN_SPOT" : 91720,
        "MNTN_CODE" : "282600801",
        "MANAGE_SP1" : "02",
        "MANAGE_SP2" : "분기점",
        "DETAIL_SPO" : "분기점",
        "ETC_MATTER" : " ",
        "MNTN_NM" : "함봉산",
        "PAST_SPOT_" : "2826008010038",
        "MNTN_ID" : "282600801"
      },
      "geometry" : {
        "x" : 173397.3021999998,
        "y" : 542905.31680000201
      }
    },
    {
      "attributes" : {
        "FID" : 38,
        "PMNTN_SPOT" : 91721,
        "MNTN_CODE" : "282600801",
        "MANAGE_SP1" : "02",
        "MANAGE_SP2" : "분기점",
        "DETAIL_SPO" : "분기점",
        "ETC_MATTER" : " ",
        "MNTN_NM" : "함봉산",
        "PAST_SPOT_" : "2826008010039",
        "MNTN_ID" : "282600801"
      },
      "geometry" : {
        "x" : 173398.3088999996,
        "y" : 542517.04040000029
      }
    },
    {
      "attributes" : {
        "FID" : 39,
        "PMNTN_SPOT" : 91722,
        "MNTN_CODE" : "282600801",
        "MANAGE_SP1" : "02",
        "MANAGE_SP2" : "분기점",
        "DETAIL_SPO" : "분기점",
        "ETC_MATTER" : " ",
        "MNTN_NM" : "함봉산",
        "PAST_SPOT_" : "2826008010040",
        "MNTN_ID" : "282600801"
      },
      "geometry" : {
        "x" : 173398.62480000127,
        "y" : 542657.98500000127
      }
    },
    {
      "attributes" : {
        "FID" : 40,
        "PMNTN_SPOT" : 91723,
        "MNTN_CODE" : "282600801",
        "MANAGE_SP1" : "02",
        "MANAGE_SP2" : "분기점",
        "DETAIL_SPO" : "분기점",
        "ETC_MATTER" : " ",
        "MNTN_NM" : "함봉산",
        "PAST_SPOT_" : "2826008010041",
        "MNTN_ID" : "282600801"
      },
      "geometry" : {
        "x" : 173403.53980000038,
        "y" : 542602.80650000088
      }
    },
    {
      "attributes" : {
        "FID" : 41,
        "PMNTN_SPOT" : 91724,
        "MNTN_CODE" : "282600801",
        "MANAGE_SP1" : "02",
        "MANAGE_SP2" : "분기점",
        "DETAIL_SPO" : "분기점",
        "ETC_MATTER" : " ",
        "MNTN_NM" : "함봉산",
        "PAST_SPOT_" : "2826008010042",
        "MNTN_ID" : "282600801"
      },
      "geometry" : {
        "x" : 173407.41999999993,
        "y" : 542947.69040000252
      }
    },
    {
      "attributes" : {
        "FID" : 42,
        "PMNTN_SPOT" : 91725,
        "MNTN_CODE" : "282600801",
        "MANAGE_SP1" : "02",
        "MANAGE_SP2" : "분기점",
        "DETAIL_SPO" : "분기점",
        "ETC_MATTER" : " ",
        "MNTN_NM" : "함봉산",
        "PAST_SPOT_" : "2826008010043",
        "MNTN_ID" : "282600801"
      },
      "geometry" : {
        "x" : 173416.99859999865,
        "y" : 542892.31440000236
      }
    },
    {
      "attributes" : {
        "FID" : 43,
        "PMNTN_SPOT" : 91726,
        "MNTN_CODE" : "282600801",
        "MANAGE_SP1" : "02",
        "MANAGE_SP2" : "분기점",
        "DETAIL_SPO" : "분기점",
        "ETC_MATTER" : " ",
        "MNTN_NM" : "함봉산",
        "PAST_SPOT_" : "2826008010044",
        "MNTN_ID" : "282600801"
      },
      "geometry" : {
        "x" : 173427.3312999988,
        "y" : 542823.81159999967
      }
    },
    {
      "attributes" : {
        "FID" : 44,
        "PMNTN_SPOT" : 91727,
        "MNTN_CODE" : "282600801",
        "MANAGE_SP1" : "02",
        "MANAGE_SP2" : "분기점",
        "DETAIL_SPO" : "분기점",
        "ETC_MATTER" : " ",
        "MNTN_NM" : "함봉산",
        "PAST_SPOT_" : "2826008010045",
        "MNTN_ID" : "282600801"
      },
      "geometry" : {
        "x" : 173435.72210000176,
        "y" : 542659.06680000201
      }
    },
    {
      "attributes" : {
        "FID" : 45,
        "PMNTN_SPOT" : 91728,
        "MNTN_CODE" : "282600801",
        "MANAGE_SP1" : "02",
        "MANAGE_SP2" : "분기점",
        "DETAIL_SPO" : "분기점",
        "ETC_MATTER" : " ",
        "MNTN_NM" : "함봉산",
        "PAST_SPOT_" : "2826008010046",
        "MNTN_ID" : "282600801"
      },
      "geometry" : {
        "x" : 173438.1015000008,
        "y" : 542637.42290000431
      }
    },
    {
      "attributes" : {
        "FID" : 46,
        "PMNTN_SPOT" : 91729,
        "MNTN_CODE" : "282600801",
        "MANAGE_SP1" : "02",
        "MANAGE_SP2" : "분기점",
        "DETAIL_SPO" : "분기점",
        "ETC_MATTER" : " ",
        "MNTN_NM" : "함봉산",
        "PAST_SPOT_" : "2826008010047",
        "MNTN_ID" : "282600801"
      },
      "geometry" : {
        "x" : 173457.64769999962,
        "y" : 542902.5100000035
      }
    },
    {
      "attributes" : {
        "FID" : 47,
        "PMNTN_SPOT" : 91730,
        "MNTN_CODE" : "282600801",
        "MANAGE_SP1" : "01",
        "MANAGE_SP2" : "시종점",
        "DETAIL_SPO" : "시종점",
        "ETC_MATTER" : " ",
        "MNTN_NM" : "함봉산",
        "PAST_SPOT_" : "2826008010048",
        "MNTN_ID" : "282600801"
      },
      "geometry" : {
        "x" : 173494.29430000111,
        "y" : 543239.97850000113
      }
    },
    {
      "attributes" : {
        "FID" : 48,
        "PMNTN_SPOT" : 91731,
        "MNTN_CODE" : "282600801",
        "MANAGE_SP1" : "02",
        "MANAGE_SP2" : "분기점",
        "DETAIL_SPO" : "분기점",
        "ETC_MATTER" : " ",
        "MNTN_NM" : "함봉산",
        "PAST_SPOT_" : "2826008010049",
        "MNTN_ID" : "282600801"
      },
      "geometry" : {
        "x" : 173497.35749999993,
        "y" : 542905.36879999936
      }
    },
    {
      "attributes" : {
        "FID" : 49,
        "PMNTN_SPOT" : 91732,
        "MNTN_CODE" : "282600801",
        "MANAGE_SP1" : "02",
        "MANAGE_SP2" : "분기점",
        "DETAIL_SPO" : "분기점",
        "ETC_MATTER" : " ",
        "MNTN_NM" : "함봉산",
        "PAST_SPOT_" : "2826008010050",
        "MNTN_ID" : "282600801"
      },
      "geometry" : {
        "x" : 173549.49210000038,
        "y" : 542920.17039999925
      }
    },
    {
      "attributes" : {
        "FID" : 50,
        "PMNTN_SPOT" : 91733,
        "MNTN_CODE" : "282600801",
        "MANAGE_SP1" : "02",
        "MANAGE_SP2" : "분기점",
        "DETAIL_SPO" : "분기점",
        "ETC_MATTER" : " ",
        "MNTN_NM" : "함봉산",
        "PAST_SPOT_" : "2826008010051",
        "MNTN_ID" : "282600801"
      },
      "geometry" : {
        "x" : 173557.75659999996,
        "y" : 542981.21869999915
      }
    },
    {
      "attributes" : {
        "FID" : 51,
        "PMNTN_SPOT" : 91734,
        "MNTN_CODE" : "282600801",
        "MANAGE_SP1" : "02",
        "MANAGE_SP2" : "분기점",
        "DETAIL_SPO" : "분기점",
        "ETC_MATTER" : " ",
        "MNTN_NM" : "함봉산",
        "PAST_SPOT_" : "2826008010052",
        "MNTN_ID" : "282600801"
      },
      "geometry" : {
        "x" : 173581.70880000107,
        "y" : 542905.35879999958
      }
    },
    {
      "attributes" : {
        "FID" : 52,
        "PMNTN_SPOT" : 91735,
        "MNTN_CODE" : "282600801",
        "MANAGE_SP1" : "01",
        "MANAGE_SP2" : "시종점",
        "DETAIL_SPO" : "시종점",
        "ETC_MATTER" : " ",
        "MNTN_NM" : "함봉산",
        "PAST_SPOT_" : "2826008010053",
        "MNTN_ID" : "282600801"
      },
      "geometry" : {
        "x" : 173587.40039999969,
        "y" : 543120.02800000273
      }
    },
    {
      "attributes" : {
        "FID" : 53,
        "PMNTN_SPOT" : 91736,
        "MNTN_CODE" : "282600801",
        "MANAGE_SP1" : "02",
        "MANAGE_SP2" : "분기점",
        "DETAIL_SPO" : "분기점",
        "ETC_MATTER" : " ",
        "MNTN_NM" : "함봉산",
        "PAST_SPOT_" : "2826008010054",
        "MNTN_ID" : "282600801"
      },
      "geometry" : {
        "x" : 173592.92780000065,
        "y" : 542913.92579999939
      }
    },
    {
      "attributes" : {
        "FID" : 54,
        "PMNTN_SPOT" : 91737,
        "MNTN_CODE" : "282600801",
        "MANAGE_SP1" : "02",
        "MANAGE_SP2" : "분기점",
        "DETAIL_SPO" : "분기점",
        "ETC_MATTER" : " ",
        "MNTN_NM" : "함봉산",
        "PAST_SPOT_" : "2826008010055",
        "MNTN_ID" : "282600801"
      },
      "geometry" : {
        "x" : 173617.86110000126,
        "y" : 543074.15249999985
      }
    },
    {
      "attributes" : {
        "FID" : 55,
        "PMNTN_SPOT" : 91738,
        "MNTN_CODE" : "282600801",
        "MANAGE_SP1" : "02",
        "MANAGE_SP2" : "분기점",
        "DETAIL_SPO" : "분기점",
        "ETC_MATTER" : " ",
        "MNTN_NM" : "함봉산",
        "PAST_SPOT_" : "2826008010056",
        "MNTN_ID" : "282600801"
      },
      "geometry" : {
        "x" : 173630.7957000006,
        "y" : 543055.619599998
      }
    },
    {
      "attributes" : {
        "FID" : 56,
        "PMNTN_SPOT" : 91739,
        "MNTN_CODE" : "282600801",
        "MANAGE_SP1" : "01",
        "MANAGE_SP2" : "시종점",
        "DETAIL_SPO" : "시종점",
        "ETC_MATTER" : " ",
        "MNTN_NM" : "함봉산",
        "PAST_SPOT_" : "2826008010057",
        "MNTN_ID" : "282600801"
      },
      "geometry" : {
        "x" : 173633.59430000093,
        "y" : 543081.12560000084
      }
    },
    {
      "attributes" : {
        "FID" : 57,
        "PMNTN_SPOT" : 91740,
        "MNTN_CODE" : "282600801",
        "MANAGE_SP1" : "02",
        "MANAGE_SP2" : "분기점",
        "DETAIL_SPO" : "분기점",
        "ETC_MATTER" : " ",
        "MNTN_NM" : "함봉산",
        "PAST_SPOT_" : "2826008010058",
        "MNTN_ID" : "282600801"
      },
      "geometry" : {
        "x" : 173634.49200000055,
        "y" : 542949.20170000196
      }
    },
    {
      "attributes" : {
        "FID" : 58,
        "PMNTN_SPOT" : 91741,
        "MNTN_CODE" : "282600801",
        "MANAGE_SP1" : "02",
        "MANAGE_SP2" : "분기점",
        "DETAIL_SPO" : "분기점",
        "ETC_MATTER" : " ",
        "MNTN_NM" : "함봉산",
        "PAST_SPOT_" : "2826008010059",
        "MNTN_ID" : "282600801"
      },
      "geometry" : {
        "x" : 173642.61700000148,
        "y" : 542952.59560000151
      }
    },
    {
      "attributes" : {
        "FID" : 59,
        "PMNTN_SPOT" : 91742,
        "MNTN_CODE" : "282600801",
        "MANAGE_SP1" : "02",
        "MANAGE_SP2" : "분기점",
        "DETAIL_SPO" : "분기점",
        "ETC_MATTER" : " ",
        "MNTN_NM" : "함봉산",
        "PAST_SPOT_" : "2826008010060",
        "MNTN_ID" : "282600801"
      },
      "geometry" : {
        "x" : 173646.77480000071,
        "y" : 542841.07420000248
      }
    },
    {
      "attributes" : {
        "FID" : 60,
        "PMNTN_SPOT" : 91743,
        "MNTN_CODE" : "282600801",
        "MANAGE_SP1" : "02",
        "MANAGE_SP2" : "분기점",
        "DETAIL_SPO" : "분기점",
        "ETC_MATTER" : " ",
        "MNTN_NM" : "함봉산",
        "PAST_SPOT_" : "2826008010061",
        "MNTN_ID" : "282600801"
      },
      "geometry" : {
        "x" : 173654.21150000021,
        "y" : 542964.29979999922
      }
    },
    {
      "attributes" : {
        "FID" : 61,
        "PMNTN_SPOT" : 91744,
        "MNTN_CODE" : "282600801",
        "MANAGE_SP1" : "02",
        "MANAGE_SP2" : "분기점",
        "DETAIL_SPO" : "분기점",
        "ETC_MATTER" : " ",
        "MNTN_NM" : "함봉산",
        "PAST_SPOT_" : "2826008010062",
        "MNTN_ID" : "282600801"
      },
      "geometry" : {
        "x" : 173656.36790000089,
        "y" : 542921.67410000227
      }
    },
    {
      "attributes" : {
        "FID" : 62,
        "PMNTN_SPOT" : 91745,
        "MNTN_CODE" : "282600801",
        "MANAGE_SP1" : "01",
        "MANAGE_SP2" : "시종점",
        "DETAIL_SPO" : "시종점",
        "ETC_MATTER" : " ",
        "MNTN_NM" : "함봉산",
        "PAST_SPOT_" : "2826008010063",
        "MNTN_ID" : "282600801"
      },
      "geometry" : {
        "x" : 173663.2976000011,
        "y" : 543604.84479999915
      }
    },
    {
      "attributes" : {
        "FID" : 63,
        "PMNTN_SPOT" : 91746,
        "MNTN_CODE" : "282600801",
        "MANAGE_SP1" : "02",
        "MANAGE_SP2" : "분기점",
        "DETAIL_SPO" : "분기점",
        "ETC_MATTER" : " ",
        "MNTN_NM" : "함봉산",
        "PAST_SPOT_" : "2826008010064",
        "MNTN_ID" : "282600801"
      },
      "geometry" : {
        "x" : 173663.43120000046,
        "y" : 542848.77420000173
      }
    },
    {
      "attributes" : {
        "FID" : 64,
        "PMNTN_SPOT" : 91747,
        "MNTN_CODE" : "282600801",
        "MANAGE_SP1" : "01",
        "MANAGE_SP2" : "시종점",
        "DETAIL_SPO" : "시종점",
        "ETC_MATTER" : " ",
        "MNTN_NM" : "함봉산",
        "PAST_SPOT_" : "2826008010065",
        "MNTN_ID" : "282600801"
      },
      "geometry" : {
        "x" : 173669.42760000098,
        "y" : 543750.6799000036
      }
    },
    {
      "attributes" : {
        "FID" : 65,
        "PMNTN_SPOT" : 91748,
        "MNTN_CODE" : "282600801",
        "MANAGE_SP1" : "02",
        "MANAGE_SP2" : "분기점",
        "DETAIL_SPO" : "분기점",
        "ETC_MATTER" : " ",
        "MNTN_NM" : "함봉산",
        "PAST_SPOT_" : "2826008010066",
        "MNTN_ID" : "282600801"
      },
      "geometry" : {
        "x" : 173676.26600000076,
        "y" : 543000.91240000352
      }
    },
    {
      "attributes" : {
        "FID" : 66,
        "PMNTN_SPOT" : 91749,
        "MNTN_CODE" : "282600801",
        "MANAGE_SP1" : "02",
        "MANAGE_SP2" : "분기점",
        "DETAIL_SPO" : "분기점",
        "ETC_MATTER" : " ",
        "MNTN_NM" : "함봉산",
        "PAST_SPOT_" : "2826008010067",
        "MNTN_ID" : "282600801"
      },
      "geometry" : {
        "x" : 173687.06709999964,
        "y" : 542952.74640000239
      }
    },
    {
      "attributes" : {
        "FID" : 67,
        "PMNTN_SPOT" : 91750,
        "MNTN_CODE" : "282600801",
        "MANAGE_SP1" : "02",
        "MANAGE_SP2" : "분기점",
        "DETAIL_SPO" : "분기점",
        "ETC_MATTER" : " ",
        "MNTN_NM" : "함봉산",
        "PAST_SPOT_" : "2826008010068",
        "MNTN_ID" : "282600801"
      },
      "geometry" : {
        "x" : 173692.39680000022,
        "y" : 542971.05619999953
      }
    },
    {
      "attributes" : {
        "FID" : 68,
        "PMNTN_SPOT" : 91751,
        "MNTN_CODE" : "282600801",
        "MANAGE_SP1" : "02",
        "MANAGE_SP2" : "분기점",
        "DETAIL_SPO" : "분기점",
        "ETC_MATTER" : " ",
        "MNTN_NM" : "함봉산",
        "PAST_SPOT_" : "2826008010069",
        "MNTN_ID" : "282600801"
      },
      "geometry" : {
        "x" : 173699.39210000075,
        "y" : 542967.82740000077
      }
    },
    {
      "attributes" : {
        "FID" : 69,
        "PMNTN_SPOT" : 91752,
        "MNTN_CODE" : "282600801",
        "MANAGE_SP1" : "02",
        "MANAGE_SP2" : "분기점",
        "DETAIL_SPO" : "분기점",
        "ETC_MATTER" : " ",
        "MNTN_NM" : "함봉산",
        "PAST_SPOT_" : "2826008010070",
        "MNTN_ID" : "282600801"
      },
      "geometry" : {
        "x" : 173702.58740000147,
        "y" : 542930.22130000032
      }
    },
    {
      "attributes" : {
        "FID" : 70,
        "PMNTN_SPOT" : 91753,
        "MNTN_CODE" : "282600801",
        "MANAGE_SP1" : "02",
        "MANAGE_SP2" : "분기점",
        "DETAIL_SPO" : "분기점",
        "ETC_MATTER" : " ",
        "MNTN_NM" : "함봉산",
        "PAST_SPOT_" : "2826008010071",
        "MNTN_ID" : "282600801"
      },
      "geometry" : {
        "x" : 173704.35290000122,
        "y" : 543158.63720000163
      }
    },
    {
      "attributes" : {
        "FID" : 71,
        "PMNTN_SPOT" : 91754,
        "MNTN_CODE" : "282600801",
        "MANAGE_SP1" : "01",
        "MANAGE_SP2" : "시종점",
        "DETAIL_SPO" : "시종점",
        "ETC_MATTER" : " ",
        "MNTN_NM" : "함봉산",
        "PAST_SPOT_" : "2826008010072",
        "MNTN_ID" : "282600801"
      },
      "geometry" : {
        "x" : 173722.12490000017,
        "y" : 543161.92080000229
      }
    },
    {
      "attributes" : {
        "FID" : 72,
        "PMNTN_SPOT" : 91755,
        "MNTN_CODE" : "282600801",
        "MANAGE_SP1" : "02",
        "MANAGE_SP2" : "분기점",
        "DETAIL_SPO" : "분기점",
        "ETC_MATTER" : " ",
        "MNTN_NM" : "함봉산",
        "PAST_SPOT_" : "2826008010073",
        "MNTN_ID" : "282600801"
      },
      "geometry" : {
        "x" : 173763.70199999958,
        "y" : 542958.8161999993
      }
    },
    {
      "attributes" : {
        "FID" : 73,
        "PMNTN_SPOT" : 91756,
        "MNTN_CODE" : "282600801",
        "MANAGE_SP1" : "02",
        "MANAGE_SP2" : "분기점",
        "DETAIL_SPO" : "분기점",
        "ETC_MATTER" : " ",
        "MNTN_NM" : "함봉산",
        "PAST_SPOT_" : "2826008010074",
        "MNTN_ID" : "282600801"
      },
      "geometry" : {
        "x" : 173767.44620000012,
        "y" : 542845.14680000022
      }
    },
    {
      "attributes" : {
        "FID" : 74,
        "PMNTN_SPOT" : 91757,
        "MNTN_CODE" : "282600801",
        "MANAGE_SP1" : "02",
        "MANAGE_SP2" : "분기점",
        "DETAIL_SPO" : "분기점",
        "ETC_MATTER" : " ",
        "MNTN_NM" : "함봉산",
        "PAST_SPOT_" : "2826008010075",
        "MNTN_ID" : "282600801"
      },
      "geometry" : {
        "x" : 173784.13769999985,
        "y" : 542880.15350000188
      }
    },
    {
      "attributes" : {
        "FID" : 75,
        "PMNTN_SPOT" : 91758,
        "MNTN_CODE" : "282600801",
        "MANAGE_SP1" : "02",
        "MANAGE_SP2" : "분기점",
        "DETAIL_SPO" : "분기점",
        "ETC_MATTER" : " ",
        "MNTN_NM" : "함봉산",
        "PAST_SPOT_" : "2826008010076",
        "MNTN_ID" : "282600801"
      },
      "geometry" : {
        "x" : 173802.0111999996,
        "y" : 542899.95870000124
      }
    },
    {
      "attributes" : {
        "FID" : 76,
        "PMNTN_SPOT" : 91759,
        "MNTN_CODE" : "282600801",
        "MANAGE_SP1" : "02",
        "MANAGE_SP2" : "분기점",
        "DETAIL_SPO" : "분기점",
        "ETC_MATTER" : " ",
        "MNTN_NM" : "함봉산",
        "PAST_SPOT_" : "2826008010077",
        "MNTN_ID" : "282600801"
      },
      "geometry" : {
        "x" : 173809.37990000099,
        "y" : 542927.32359999977
      }
    },
    {
      "attributes" : {
        "FID" : 77,
        "PMNTN_SPOT" : 91760,
        "MNTN_CODE" : "282600801",
        "MANAGE_SP1" : "01",
        "MANAGE_SP2" : "시종점",
        "DETAIL_SPO" : "시종점",
        "ETC_MATTER" : " ",
        "MNTN_NM" : "함봉산",
        "PAST_SPOT_" : "2826008010078",
        "MNTN_ID" : "282600801"
      },
      "geometry" : {
        "x" : 173826.8618999999,
        "y" : 542894.85370000266
      }
    },
    {
      "attributes" : {
        "FID" : 78,
        "PMNTN_SPOT" : 91761,
        "MNTN_CODE" : "282600801",
        "MANAGE_SP1" : "01",
        "MANAGE_SP2" : "시종점",
        "DETAIL_SPO" : "시종점",
        "ETC_MATTER" : " ",
        "MNTN_NM" : "함봉산",
        "PAST_SPOT_" : "2826008010079",
        "MNTN_ID" : "282600801"
      },
      "geometry" : {
        "x" : 173847.00130000059,
        "y" : 542817.07660000026
      }
    },
    {
      "attributes" : {
        "FID" : 79,
        "PMNTN_SPOT" : 99897,
        "MNTN_CODE" : "282600801",
        "MANAGE_SP1" : "11",
        "MANAGE_SP2" : "안내판또는지도",
        "DETAIL_SPO" : "안내판또는지도",
        "ETC_MATTER" : " ",
        "MNTN_NM" : "함봉산",
        "PAST_SPOT_" : "2826008010080",
        "MNTN_ID" : "282600801"
      },
      "geometry" : {
        "x" : 173700.09960000092,
        "y" : 543154.52009999892
      }
    },
    {
      "attributes" : {
        "FID" : 80,
        "PMNTN_SPOT" : 99898,
        "MNTN_CODE" : "282600801",
        "MANAGE_SP1" : "99",
        "MANAGE_SP2" : "기타",
        "DETAIL_SPO" : "목계단",
        "ETC_MATTER" : " ",
        "MNTN_NM" : "함봉산",
        "PAST_SPOT_" : "2826008010081",
        "MNTN_ID" : "282600801"
      },
      "geometry" : {
        "x" : 173676.24739999921,
        "y" : 543125.0028000006
      }
    },
    {
      "attributes" : {
        "FID" : 81,
        "PMNTN_SPOT" : 99899,
        "MNTN_CODE" : "282600801",
        "MANAGE_SP1" : "99",
        "MANAGE_SP2" : "기타",
        "DETAIL_SPO" : "목계단",
        "ETC_MATTER" : " ",
        "MNTN_NM" : "함봉산",
        "PAST_SPOT_" : "2826008010082",
        "MNTN_ID" : "282600801"
      },
      "geometry" : {
        "x" : 173633.78900000051,
        "y" : 543086.40899999999
      }
    },
    {
      "attributes" : {
        "FID" : 82,
        "PMNTN_SPOT" : 99900,
        "MNTN_CODE" : "282600801",
        "MANAGE_SP1" : "07",
        "MANAGE_SP2" : "시설물(운동기구 등)",
        "DETAIL_SPO" : "시설물(운동기구등), 선포배드민턴장, 벤치, 가로등",
        "ETC_MATTER" : " ",
        "MNTN_NM" : "함봉산",
        "PAST_SPOT_" : "2826008010083",
        "MNTN_ID" : "282600801"
      },
      "geometry" : {
        "x" : 173585.21239999979,
        "y" : 543042.56949999987
      }
    },
    {
      "attributes" : {
        "FID" : 83,
        "PMNTN_SPOT" : 99901,
        "MNTN_CODE" : "282600801",
        "MANAGE_SP1" : "05",
        "MANAGE_SP2" : "벤치",
        "DETAIL_SPO" : "벤치",
        "ETC_MATTER" : " ",
        "MNTN_NM" : "함봉산",
        "PAST_SPOT_" : "2826008010084",
        "MNTN_ID" : "282600801"
      },
      "geometry" : {
        "x" : 173549.55830000027,
        "y" : 542917.57679999969
      }
    },
    {
      "attributes" : {
        "FID" : 84,
        "PMNTN_SPOT" : 99902,
        "MNTN_CODE" : "282600801",
        "MANAGE_SP1" : "05",
        "MANAGE_SP2" : "벤치",
        "DETAIL_SPO" : "벤치",
        "ETC_MATTER" : " ",
        "MNTN_NM" : "함봉산",
        "PAST_SPOT_" : "2826008010085",
        "MNTN_ID" : "282600801"
      },
      "geometry" : {
        "x" : 173460.95990000051,
        "y" : 542905.23459999927
      }
    },
    {
      "attributes" : {
        "FID" : 85,
        "PMNTN_SPOT" : 99903,
        "MNTN_CODE" : "282600801",
        "MANAGE_SP1" : "09",
        "MANAGE_SP2" : "기타건물",
        "DETAIL_SPO" : "산림보초소",
        "ETC_MATTER" : " ",
        "MNTN_NM" : "함봉산",
        "PAST_SPOT_" : "2826008010086",
        "MNTN_ID" : "282600801"
      },
      "geometry" : {
        "x" : 173311.1854000006,
        "y" : 542941.12029999925
      }
    },
    {
      "attributes" : {
        "FID" : 86,
        "PMNTN_SPOT" : 99904,
        "MNTN_CODE" : "282600801",
        "MANAGE_SP1" : "99",
        "MANAGE_SP2" : "기타",
        "DETAIL_SPO" : "송전탑, 지적삼각점",
        "ETC_MATTER" : " ",
        "MNTN_NM" : "함봉산",
        "PAST_SPOT_" : "2826008010087",
        "MNTN_ID" : "282600801"
      },
      "geometry" : {
        "x" : 173273.11090000038,
        "y" : 542991.94339999929
      }
    },
    {
      "attributes" : {
        "FID" : 87,
        "PMNTN_SPOT" : 99905,
        "MNTN_CODE" : "282600801",
        "MANAGE_SP1" : "99",
        "MANAGE_SP2" : "기타",
        "DETAIL_SPO" : "B1",
        "ETC_MATTER" : " ",
        "MNTN_NM" : "함봉산",
        "PAST_SPOT_" : "2826008010088",
        "MNTN_ID" : "282600801"
      },
      "geometry" : {
        "x" : 173253.10210000028,
        "y" : 542998.71499999939
      }
    },
    {
      "attributes" : {
        "FID" : 88,
        "PMNTN_SPOT" : 99906,
        "MNTN_CODE" : "282600801",
        "MANAGE_SP1" : "07",
        "MANAGE_SP2" : "시설물(운동기구 등)",
        "DETAIL_SPO" : "시설물(운동기구등)",
        "ETC_MATTER" : " ",
        "MNTN_NM" : "함봉산",
        "PAST_SPOT_" : "2826008010089",
        "MNTN_ID" : "282600801"
      },
      "geometry" : {
        "x" : 173180.32210000153,
        "y" : 543103.21649999893
      }
    },
    {
      "attributes" : {
        "FID" : 89,
        "PMNTN_SPOT" : 99907,
        "MNTN_CODE" : "282600801",
        "MANAGE_SP1" : "99",
        "MANAGE_SP2" : "기타",
        "DETAIL_SPO" : "기타, 청산배드민턴장, 목다리",
        "ETC_MATTER" : " ",
        "MNTN_NM" : "함봉산",
        "PAST_SPOT_" : "2826008010090",
        "MNTN_ID" : "282600801"
      },
      "geometry" : {
        "x" : 173180.87259999925,
        "y" : 543163.65580000007
      }
    },
    {
      "attributes" : {
        "FID" : 90,
        "PMNTN_SPOT" : 99908,
        "MNTN_CODE" : "282600801",
        "MANAGE_SP1" : "11",
        "MANAGE_SP2" : "안내판또는지도",
        "DETAIL_SPO" : "안내판또는지도, 가로등",
        "ETC_MATTER" : " ",
        "MNTN_NM" : "함봉산",
        "PAST_SPOT_" : "2826008010091",
        "MNTN_ID" : "282600801"
      },
      "geometry" : {
        "x" : 173220.87789999871,
        "y" : 543192.64530000114
      }
    },
    {
      "attributes" : {
        "FID" : 91,
        "PMNTN_SPOT" : 99909,
        "MNTN_CODE" : "282600801",
        "MANAGE_SP1" : "15",
        "MANAGE_SP2" : "훼손지",
        "DETAIL_SPO" : "훼손지",
        "ETC_MATTER" : " ",
        "MNTN_NM" : "함봉산",
        "PAST_SPOT_" : "2826008010092",
        "MNTN_ID" : "282600801"
      },
      "geometry" : {
        "x" : 173280.955699999,
        "y" : 543232.71539999952
      }
    },
    {
      "attributes" : {
        "FID" : 92,
        "PMNTN_SPOT" : 99910,
        "MNTN_CODE" : "282600801",
        "MANAGE_SP1" : "99",
        "MANAGE_SP2" : "기타",
        "DETAIL_SPO" : "목계단",
        "ETC_MATTER" : " ",
        "MNTN_NM" : "함봉산",
        "PAST_SPOT_" : "2826008010093",
        "MNTN_ID" : "282600801"
      },
      "geometry" : {
        "x" : 173485.97410000028,
        "y" : 543238.70240000065
      }
    },
    {
      "attributes" : {
        "FID" : 93,
        "PMNTN_SPOT" : 99911,
        "MNTN_CODE" : "282600801",
        "MANAGE_SP1" : "15",
        "MANAGE_SP2" : "훼손지",
        "DETAIL_SPO" : "훼손지, 송전탑",
        "ETC_MATTER" : " ",
        "MNTN_NM" : "함봉산",
        "PAST_SPOT_" : "2826008010094",
        "MNTN_ID" : "282600801"
      },
      "geometry" : {
        "x" : 173315.84339999946,
        "y" : 543508.60309999948
      }
    },
    {
      "attributes" : {
        "FID" : 94,
        "PMNTN_SPOT" : 99912,
        "MNTN_CODE" : "282600801",
        "MANAGE_SP1" : "99",
        "MANAGE_SP2" : "기타",
        "DETAIL_SPO" : "송전탑",
        "ETC_MATTER" : " ",
        "MNTN_NM" : "함봉산",
        "PAST_SPOT_" : "2826008010095",
        "MNTN_ID" : "282600801"
      },
      "geometry" : {
        "x" : 173655.07820000037,
        "y" : 543606.0965999997
      }
    },
    {
      "attributes" : {
        "FID" : 95,
        "PMNTN_SPOT" : 99913,
        "MNTN_CODE" : "282600801",
        "MANAGE_SP1" : "99",
        "MANAGE_SP2" : "기타",
        "DETAIL_SPO" : "지적삼각점",
        "ETC_MATTER" : " ",
        "MNTN_NM" : "함봉산",
        "PAST_SPOT_" : "2826008010096",
        "MNTN_ID" : "282600801"
      },
      "geometry" : {
        "x" : 173631.23629999929,
        "y" : 543055.15929999924
      }
    },
    {
      "attributes" : {
        "FID" : 96,
        "PMNTN_SPOT" : 99914,
        "MNTN_CODE" : "282600801",
        "MANAGE_SP1" : "10",
        "MANAGE_SP2" : "이정표",
        "DETAIL_SPO" : "이정표, 시설물(운동기구등), 정자, 벤치, 가로등, 기타",
        "ETC_MATTER" : " ",
        "MNTN_NM" : "함봉산",
        "PAST_SPOT_" : "2826008010097",
        "MNTN_ID" : "282600801"
      },
      "geometry" : {
        "x" : 173698.57919999957,
        "y" : 542971.23850000056
      }
    },
    {
      "attributes" : {
        "FID" : 97,
        "PMNTN_SPOT" : 99915,
        "MNTN_CODE" : "282600801",
        "MANAGE_SP1" : "04",
        "MANAGE_SP2" : "화장실",
        "DETAIL_SPO" : "화장실, 기타, 정자, 시설물(운동기구등), 벤치",
        "ETC_MATTER" : " ",
        "MNTN_NM" : "함봉산",
        "PAST_SPOT_" : "2826008010098",
        "MNTN_ID" : "282600801"
      },
      "geometry" : {
        "x" : 173761.1220000014,
        "y" : 542857.47110000066
      }
    },
    {
      "attributes" : {
        "FID" : 98,
        "PMNTN_SPOT" : 99916,
        "MNTN_CODE" : "282600801",
        "MANAGE_SP1" : "07",
        "MANAGE_SP2" : "시설물(운동기구 등)",
        "DETAIL_SPO" : "배드민턴",
        "ETC_MATTER" : " ",
        "MNTN_NM" : "함봉산",
        "PAST_SPOT_" : "2826008010099",
        "MNTN_ID" : "282600801"
      },
      "geometry" : {
        "x" : 173818.69170000037,
        "y" : 542892.09209999989
      }
    },
    {
      "attributes" : {
        "FID" : 99,
        "PMNTN_SPOT" : 99917,
        "MNTN_CODE" : "282600801",
        "MANAGE_SP1" : "11",
        "MANAGE_SP2" : "안내판또는지도",
        "DETAIL_SPO" : "안내판또는지도, 기타",
        "ETC_MATTER" : " ",
        "MNTN_NM" : "함봉산",
        "PAST_SPOT_" : "2826008010100",
        "MNTN_ID" : "282600801"
      },
      "geometry" : {
        "x" : 173619.41860000009,
        "y" : 542830.19610000018
      }
    },
    {
      "attributes" : {
        "FID" : 100,
        "PMNTN_SPOT" : 99918,
        "MNTN_CODE" : "282600801",
        "MANAGE_SP1" : "15",
        "MANAGE_SP2" : "훼손지",
        "DETAIL_SPO" : "훼손지, 위험지역",
        "ETC_MATTER" : " ",
        "MNTN_NM" : "함봉산",
        "PAST_SPOT_" : "2826008010101",
        "MNTN_ID" : "282600801"
      },
      "geometry" : {
        "x" : 173600.55859999909,
        "y" : 542923.60139999958
      }
    },
    {
      "attributes" : {
        "FID" : 101,
        "PMNTN_SPOT" : 99919,
        "MNTN_CODE" : "282600801",
        "MANAGE_SP1" : "99",
        "MANAGE_SP2" : "기타",
        "DETAIL_SPO" : "목계단",
        "ETC_MATTER" : " ",
        "MNTN_NM" : "함봉산",
        "PAST_SPOT_" : "2826008010102",
        "MNTN_ID" : "282600801"
      },
      "geometry" : {
        "x" : 173401.17149999988,
        "y" : 542656.86040000117
      }
    },
    {
      "attributes" : {
        "FID" : 102,
        "PMNTN_SPOT" : 99920,
        "MNTN_CODE" : "282600801",
        "MANAGE_SP1" : "05",
        "MANAGE_SP2" : "벤치",
        "DETAIL_SPO" : "벤치",
        "ETC_MATTER" : " ",
        "MNTN_NM" : "함봉산",
        "PAST_SPOT_" : "2826008010103",
        "MNTN_ID" : "282600801"
      },
      "geometry" : {
        "x" : 173171.86390000075,
        "y" : 543400.02610000025
      }
    },
    {
      "attributes" : {
        "FID" : 103,
        "PMNTN_SPOT" : 99921,
        "MNTN_CODE" : "282600801",
        "MANAGE_SP1" : "07",
        "MANAGE_SP2" : "시설물(운동기구 등)",
        "DETAIL_SPO" : "시설물(운동기구등)",
        "ETC_MATTER" : " ",
        "MNTN_NM" : "함봉산",
        "PAST_SPOT_" : "2826008010104",
        "MNTN_ID" : "282600801"
      },
      "geometry" : {
        "x" : 172774.73220000113,
        "y" : 543705.32619999861
      }
    },
    {
      "attributes" : {
        "FID" : 104,
        "PMNTN_SPOT" : 99922,
        "MNTN_CODE" : "282600801",
        "MANAGE_SP1" : "10",
        "MANAGE_SP2" : "이정표",
        "DETAIL_SPO" : "이정표, 벤치, 안내판또는지도",
        "ETC_MATTER" : " ",
        "MNTN_NM" : "함봉산",
        "PAST_SPOT_" : "2826008010105",
        "MNTN_ID" : "282600801"
      },
      "geometry" : {
        "x" : 172887.99929999959,
        "y" : 543735.73069999972
      }
    },
    {
      "attributes" : {
        "FID" : 105,
        "PMNTN_SPOT" : 99923,
        "MNTN_CODE" : "282600801",
        "MANAGE_SP1" : "05",
        "MANAGE_SP2" : "벤치",
        "DETAIL_SPO" : "벤치",
        "ETC_MATTER" : " ",
        "MNTN_NM" : "함봉산",
        "PAST_SPOT_" : "2826008010106",
        "MNTN_ID" : "282600801"
      },
      "geometry" : {
        "x" : 173398.03449999963,
        "y" : 542904.83080000069
      }
    },
    {
      "attributes" : {
        "FID" : 106,
        "PMNTN_SPOT" : 99924,
        "MNTN_CODE" : "282600801",
        "MANAGE_SP1" : "07",
        "MANAGE_SP2" : "시설물(운동기구 등)",
        "DETAIL_SPO" : "시설물(운동기구등), 벤치, 안내판또는지도, 기타, 정자",
        "ETC_MATTER" : " ",
        "MNTN_NM" : "함봉산",
        "PAST_SPOT_" : "2826008010107",
        "MNTN_ID" : "282600801"
      },
      "geometry" : {
        "x" : 172621.21189999935,
        "y" : 543838.88060000003
      }
    },
    {
      "attributes" : {
        "FID" : 107,
        "PMNTN_SPOT" : 99925,
        "MNTN_CODE" : "282600801",
        "MANAGE_SP1" : "11",
        "MANAGE_SP2" : "안내판또는지도",
        "DETAIL_SPO" : "안내판또는지도",
        "ETC_MATTER" : " ",
        "MNTN_NM" : "함봉산",
        "PAST_SPOT_" : "2826008010108",
        "MNTN_ID" : "282600801"
      },
      "geometry" : {
        "x" : 172721.96580000097,
        "y" : 543787.93249999976
      }
    },
    {
      "attributes" : {
        "FID" : 108,
        "PMNTN_SPOT" : 99926,
        "MNTN_CODE" : "282600801",
        "MANAGE_SP1" : "07",
        "MANAGE_SP2" : "시설물(운동기구 등)",
        "DETAIL_SPO" : "가좌배드민턴장, 정자",
        "ETC_MATTER" : " ",
        "MNTN_NM" : "함봉산",
        "PAST_SPOT_" : "2826008010109",
        "MNTN_ID" : "282600801"
      },
      "geometry" : {
        "x" : 172681.09100000054,
        "y" : 543516.20639999921
      }
    },
    {
      "attributes" : {
        "FID" : 109,
        "PMNTN_SPOT" : 99927,
        "MNTN_CODE" : "282600801",
        "MANAGE_SP1" : "05",
        "MANAGE_SP2" : "벤치",
        "DETAIL_SPO" : "벤치",
        "ETC_MATTER" : " ",
        "MNTN_NM" : "함봉산",
        "PAST_SPOT_" : "2826008010110",
        "MNTN_ID" : "282600801"
      },
      "geometry" : {
        "x" : 172569.83559999964,
        "y" : 543339.30450000113
      }
    }
  ]
}