{
  "displayFieldName" : "",
  "fieldAliases" : {
    "FID" : "FID",
    "PMNTN_SPOT" : "PMNTN_SPOT",
    "MNTN_CODE" : "MNTN_CODE",
    "MANAGE_SP1" : "MANAGE_SP1",
    "MANAGE_SP2" : "MANAGE_SP2",
    "DETAIL_SPO" : "DETAIL_SPO",
    "ETC_MATTER" : "ETC_MATTER",
    "MNTN_NM" : "MNTN_NM",
    "PAST_SPOT_" : "PAST_SPOT_",
    "MNTN_ID" : "MNTN_ID"
  },
  "geometryType" : "esriGeometryPoint",
  "spatialReference" : {
    "wkt" : "PROJCS[\"PCS_ITRF2000_TM\",GEOGCS[\"GCS_ITRF_2000\",DATUM[\"D_ITRF_2000\",SPHEROID[\"GRS_1980\",6378137.0,298.257222101]],PRIMEM[\"Greenwich\",0.0],UNIT[\"Degree\",0.0174532925199433]],PROJECTION[\"Transverse_Mercator\"],PARAMETER[\"False_Easting\",200000.0],PARAMETER[\"False_Northing\",600000.0],PARAMETER[\"Central_Meridian\",127.0],PARAMETER[\"Scale_Factor\",1.0],PARAMETER[\"Latitude_Of_Origin\",38.0],UNIT[\"Meter\",1.0]]"
  },
  "fields" : [
    {
      "name" : "FID",
      "type" : "esriFieldTypeOID",
      "alias" : "FID"
    },
    {
      "name" : "PMNTN_SPOT",
      "type" : "esriFieldTypeDouble",
      "alias" : "PMNTN_SPOT"
    },
    {
      "name" : "MNTN_CODE",
      "type" : "esriFieldTypeString",
      "alias" : "MNTN_CODE",
      "length" : 9
    },
    {
      "name" : "MANAGE_SP1",
      "type" : "esriFieldTypeString",
      "alias" : "MANAGE_SP1",
      "length" : 2
    },
    {
      "name" : "MANAGE_SP2",
      "type" : "esriFieldTypeString",
      "alias" : "MANAGE_SP2",
      "length" : 50
    },
    {
      "name" : "DETAIL_SPO",
      "type" : "esriFieldTypeString",
      "alias" : "DETAIL_SPO",
      "length" : 200
    },
    {
      "name" : "ETC_MATTER",
      "type" : "esriFieldTypeString",
      "alias" : "ETC_MATTER",
      "length" : 200
    },
    {
      "name" : "MNTN_NM",
      "type" : "esriFieldTypeString",
      "alias" : "MNTN_NM",
      "length" : 50
    },
    {
      "name" : "PAST_SPOT_",
      "type" : "esriFieldTypeString",
      "alias" : "PAST_SPOT_",
      "length" : 14
    },
    {
      "name" : "MNTN_ID",
      "type" : "esriFieldTypeString",
      "alias" : "MNTN_ID",
      "length" : 10
    }
  ],
  "features" : [
    {
      "attributes" : {
        "FID" : 0,
        "PMNTN_SPOT" : 81218,
        "MNTN_CODE" : "113801304",
        "MANAGE_SP1" : "99",
        "MANAGE_SP2" : "기타",
        "DETAIL_SPO" : "약수사",
        "ETC_MATTER" : " ",
        "MNTN_NM" : "진관근린공원",
        "PAST_SPOT_" : "1138013040001",
        "MNTN_ID" : "113801304"
      },
      "geometry" : {
        "x" : 193303.61119999923,
        "y" : 560173.74390000105
      }
    },
    {
      "attributes" : {
        "FID" : 1,
        "PMNTN_SPOT" : 81219,
        "MNTN_CODE" : "113801304",
        "MANAGE_SP1" : "99",
        "MANAGE_SP2" : "기타",
        "DETAIL_SPO" : "연화사",
        "ETC_MATTER" : " ",
        "MNTN_NM" : "진관근린공원",
        "PAST_SPOT_" : "1138013040002",
        "MNTN_ID" : "113801304"
      },
      "geometry" : {
        "x" : 193639.17329999991,
        "y" : 560038.17569999956
      }
    },
    {
      "attributes" : {
        "FID" : 2,
        "PMNTN_SPOT" : 81220,
        "MNTN_CODE" : "113801304",
        "MANAGE_SP1" : "01",
        "MANAGE_SP2" : "시종점",
        "DETAIL_SPO" : "시종점",
        "ETC_MATTER" : " ",
        "MNTN_NM" : "진관근린공원",
        "PAST_SPOT_" : "1138013040003",
        "MNTN_ID" : "113801304"
      },
      "geometry" : {
        "x" : 192854.94199999981,
        "y" : 559618.87820000015
      }
    },
    {
      "attributes" : {
        "FID" : 3,
        "PMNTN_SPOT" : 81221,
        "MNTN_CODE" : "113801304",
        "MANAGE_SP1" : "01",
        "MANAGE_SP2" : "시종점",
        "DETAIL_SPO" : "시종점",
        "ETC_MATTER" : " ",
        "MNTN_NM" : "진관근린공원",
        "PAST_SPOT_" : "1138013040004",
        "MNTN_ID" : "113801304"
      },
      "geometry" : {
        "x" : 192946.89140000101,
        "y" : 559560.39189999923
      }
    },
    {
      "attributes" : {
        "FID" : 4,
        "PMNTN_SPOT" : 81222,
        "MNTN_CODE" : "113801304",
        "MANAGE_SP1" : "01",
        "MANAGE_SP2" : "시종점",
        "DETAIL_SPO" : "시종점",
        "ETC_MATTER" : " ",
        "MNTN_NM" : "진관근린공원",
        "PAST_SPOT_" : "1138013040005",
        "MNTN_ID" : "113801304"
      },
      "geometry" : {
        "x" : 192984.93580000009,
        "y" : 560025.46460000239
      }
    },
    {
      "attributes" : {
        "FID" : 5,
        "PMNTN_SPOT" : 81223,
        "MNTN_CODE" : "113801304",
        "MANAGE_SP1" : "02",
        "MANAGE_SP2" : "분기점",
        "DETAIL_SPO" : "분기점",
        "ETC_MATTER" : " ",
        "MNTN_NM" : "진관근린공원",
        "PAST_SPOT_" : "1138013040006",
        "MNTN_ID" : "113801304"
      },
      "geometry" : {
        "x" : 193100.11099999957,
        "y" : 559753.60810000263
      }
    },
    {
      "attributes" : {
        "FID" : 6,
        "PMNTN_SPOT" : 81224,
        "MNTN_CODE" : "113801304",
        "MANAGE_SP1" : "02",
        "MANAGE_SP2" : "분기점",
        "DETAIL_SPO" : "분기점",
        "ETC_MATTER" : " ",
        "MNTN_NM" : "진관근린공원",
        "PAST_SPOT_" : "1138013040007",
        "MNTN_ID" : "113801304"
      },
      "geometry" : {
        "x" : 193102.48400000017,
        "y" : 559769.14230000041
      }
    },
    {
      "attributes" : {
        "FID" : 7,
        "PMNTN_SPOT" : 81225,
        "MNTN_CODE" : "113801304",
        "MANAGE_SP1" : "01",
        "MANAGE_SP2" : "시종점",
        "DETAIL_SPO" : "시종점",
        "ETC_MATTER" : " ",
        "MNTN_NM" : "진관근린공원",
        "PAST_SPOT_" : "1138013040008",
        "MNTN_ID" : "113801304"
      },
      "geometry" : {
        "x" : 193109.21679999959,
        "y" : 559476.39770000055
      }
    },
    {
      "attributes" : {
        "FID" : 8,
        "PMNTN_SPOT" : 81226,
        "MNTN_CODE" : "113801304",
        "MANAGE_SP1" : "02",
        "MANAGE_SP2" : "분기점",
        "DETAIL_SPO" : "분기점",
        "ETC_MATTER" : " ",
        "MNTN_NM" : "진관근린공원",
        "PAST_SPOT_" : "1138013040009",
        "MNTN_ID" : "113801304"
      },
      "geometry" : {
        "x" : 193127.4234000016,
        "y" : 559752.61990000121
      }
    },
    {
      "attributes" : {
        "FID" : 9,
        "PMNTN_SPOT" : 81227,
        "MNTN_CODE" : "113801304",
        "MANAGE_SP1" : "02",
        "MANAGE_SP2" : "분기점",
        "DETAIL_SPO" : "분기점",
        "ETC_MATTER" : " ",
        "MNTN_NM" : "진관근린공원",
        "PAST_SPOT_" : "1138013040010",
        "MNTN_ID" : "113801304"
      },
      "geometry" : {
        "x" : 193159.30360000022,
        "y" : 559538.72380000167
      }
    },
    {
      "attributes" : {
        "FID" : 10,
        "PMNTN_SPOT" : 81228,
        "MNTN_CODE" : "113801304",
        "MANAGE_SP1" : "02",
        "MANAGE_SP2" : "분기점",
        "DETAIL_SPO" : "분기점",
        "ETC_MATTER" : " ",
        "MNTN_NM" : "진관근린공원",
        "PAST_SPOT_" : "1138013040011",
        "MNTN_ID" : "113801304"
      },
      "geometry" : {
        "x" : 193167.50229999982,
        "y" : 559647.89760000072
      }
    },
    {
      "attributes" : {
        "FID" : 11,
        "PMNTN_SPOT" : 81229,
        "MNTN_CODE" : "113801304",
        "MANAGE_SP1" : "02",
        "MANAGE_SP2" : "분기점",
        "DETAIL_SPO" : "분기점",
        "ETC_MATTER" : " ",
        "MNTN_NM" : "진관근린공원",
        "PAST_SPOT_" : "1138013040012",
        "MNTN_ID" : "113801304"
      },
      "geometry" : {
        "x" : 193176.35859999992,
        "y" : 559828.20199999958
      }
    },
    {
      "attributes" : {
        "FID" : 12,
        "PMNTN_SPOT" : 81230,
        "MNTN_CODE" : "113801304",
        "MANAGE_SP1" : "01",
        "MANAGE_SP2" : "시종점",
        "DETAIL_SPO" : "시종점",
        "ETC_MATTER" : " ",
        "MNTN_NM" : "진관근린공원",
        "PAST_SPOT_" : "1138013040013",
        "MNTN_ID" : "113801304"
      },
      "geometry" : {
        "x" : 193194.7695000004,
        "y" : 559491.48159999959
      }
    },
    {
      "attributes" : {
        "FID" : 13,
        "PMNTN_SPOT" : 81231,
        "MNTN_CODE" : "113801304",
        "MANAGE_SP1" : "02",
        "MANAGE_SP2" : "분기점",
        "DETAIL_SPO" : "분기점",
        "ETC_MATTER" : " ",
        "MNTN_NM" : "진관근린공원",
        "PAST_SPOT_" : "1138013040014",
        "MNTN_ID" : "113801304"
      },
      "geometry" : {
        "x" : 193220.28950000089,
        "y" : 559775.45490000397
      }
    },
    {
      "attributes" : {
        "FID" : 14,
        "PMNTN_SPOT" : 81232,
        "MNTN_CODE" : "113801304",
        "MANAGE_SP1" : "02",
        "MANAGE_SP2" : "분기점",
        "DETAIL_SPO" : "분기점",
        "ETC_MATTER" : " ",
        "MNTN_NM" : "진관근린공원",
        "PAST_SPOT_" : "1138013040015",
        "MNTN_ID" : "113801304"
      },
      "geometry" : {
        "x" : 193220.53880000114,
        "y" : 559826.89120000228
      }
    },
    {
      "attributes" : {
        "FID" : 15,
        "PMNTN_SPOT" : 81233,
        "MNTN_CODE" : "113801304",
        "MANAGE_SP1" : "01",
        "MANAGE_SP2" : "시종점",
        "DETAIL_SPO" : "시종점",
        "ETC_MATTER" : " ",
        "MNTN_NM" : "진관근린공원",
        "PAST_SPOT_" : "1138013040016",
        "MNTN_ID" : "113801304"
      },
      "geometry" : {
        "x" : 193255.86849999893,
        "y" : 559553.84210000001
      }
    },
    {
      "attributes" : {
        "FID" : 16,
        "PMNTN_SPOT" : 81234,
        "MNTN_CODE" : "113801304",
        "MANAGE_SP1" : "01",
        "MANAGE_SP2" : "시종점",
        "DETAIL_SPO" : "시종점",
        "ETC_MATTER" : " ",
        "MNTN_NM" : "진관근린공원",
        "PAST_SPOT_" : "1138013040017",
        "MNTN_ID" : "113801304"
      },
      "geometry" : {
        "x" : 193263.78010000195,
        "y" : 560395.35710000247
      }
    },
    {
      "attributes" : {
        "FID" : 17,
        "PMNTN_SPOT" : 81235,
        "MNTN_CODE" : "113801304",
        "MANAGE_SP1" : "02",
        "MANAGE_SP2" : "분기점",
        "DETAIL_SPO" : "분기점",
        "ETC_MATTER" : " ",
        "MNTN_NM" : "진관근린공원",
        "PAST_SPOT_" : "1138013040018",
        "MNTN_ID" : "113801304"
      },
      "geometry" : {
        "x" : 193278.1381000001,
        "y" : 559815.18750000373
      }
    },
    {
      "attributes" : {
        "FID" : 18,
        "PMNTN_SPOT" : 81236,
        "MNTN_CODE" : "113801304",
        "MANAGE_SP1" : "02",
        "MANAGE_SP2" : "분기점",
        "DETAIL_SPO" : "분기점",
        "ETC_MATTER" : " ",
        "MNTN_NM" : "진관근린공원",
        "PAST_SPOT_" : "1138013040019",
        "MNTN_ID" : "113801304"
      },
      "geometry" : {
        "x" : 193295.64510000125,
        "y" : 559773.32820000127
      }
    },
    {
      "attributes" : {
        "FID" : 19,
        "PMNTN_SPOT" : 81237,
        "MNTN_CODE" : "113801304",
        "MANAGE_SP1" : "01",
        "MANAGE_SP2" : "시종점",
        "DETAIL_SPO" : "시종점",
        "ETC_MATTER" : " ",
        "MNTN_NM" : "진관근린공원",
        "PAST_SPOT_" : "1138013040020",
        "MNTN_ID" : "113801304"
      },
      "geometry" : {
        "x" : 193304.65290000103,
        "y" : 559594.92100000195
      }
    },
    {
      "attributes" : {
        "FID" : 20,
        "PMNTN_SPOT" : 81238,
        "MNTN_CODE" : "113801304",
        "MANAGE_SP1" : "02",
        "MANAGE_SP2" : "분기점",
        "DETAIL_SPO" : "분기점",
        "ETC_MATTER" : " ",
        "MNTN_NM" : "진관근린공원",
        "PAST_SPOT_" : "1138013040021",
        "MNTN_ID" : "113801304"
      },
      "geometry" : {
        "x" : 193314.4962000018,
        "y" : 559688.67329999991
      }
    },
    {
      "attributes" : {
        "FID" : 21,
        "PMNTN_SPOT" : 81239,
        "MNTN_CODE" : "113801304",
        "MANAGE_SP1" : "01",
        "MANAGE_SP2" : "시종점",
        "DETAIL_SPO" : "시종점",
        "ETC_MATTER" : " ",
        "MNTN_NM" : "진관근린공원",
        "PAST_SPOT_" : "1138013040022",
        "MNTN_ID" : "113801304"
      },
      "geometry" : {
        "x" : 193383.78250000067,
        "y" : 559870.35329999961
      }
    },
    {
      "attributes" : {
        "FID" : 22,
        "PMNTN_SPOT" : 81240,
        "MNTN_CODE" : "113801304",
        "MANAGE_SP1" : "02",
        "MANAGE_SP2" : "분기점",
        "DETAIL_SPO" : "분기점",
        "ETC_MATTER" : " ",
        "MNTN_NM" : "진관근린공원",
        "PAST_SPOT_" : "1138013040023",
        "MNTN_ID" : "113801304"
      },
      "geometry" : {
        "x" : 193384.45029999968,
        "y" : 559956.11759999953
      }
    },
    {
      "attributes" : {
        "FID" : 23,
        "PMNTN_SPOT" : 81241,
        "MNTN_CODE" : "113801304",
        "MANAGE_SP1" : "02",
        "MANAGE_SP2" : "분기점",
        "DETAIL_SPO" : "분기점",
        "ETC_MATTER" : " ",
        "MNTN_NM" : "진관근린공원",
        "PAST_SPOT_" : "1138013040024",
        "MNTN_ID" : "113801304"
      },
      "geometry" : {
        "x" : 193397.3694000002,
        "y" : 559932.33369999938
      }
    },
    {
      "attributes" : {
        "FID" : 24,
        "PMNTN_SPOT" : 81242,
        "MNTN_CODE" : "113801304",
        "MANAGE_SP1" : "02",
        "MANAGE_SP2" : "분기점",
        "DETAIL_SPO" : "분기점",
        "ETC_MATTER" : " ",
        "MNTN_NM" : "진관근린공원",
        "PAST_SPOT_" : "1138013040025",
        "MNTN_ID" : "113801304"
      },
      "geometry" : {
        "x" : 193412.01360000018,
        "y" : 560019.37500000186
      }
    },
    {
      "attributes" : {
        "FID" : 25,
        "PMNTN_SPOT" : 81243,
        "MNTN_CODE" : "113801304",
        "MANAGE_SP1" : "02",
        "MANAGE_SP2" : "분기점",
        "DETAIL_SPO" : "분기점",
        "ETC_MATTER" : " ",
        "MNTN_NM" : "진관근린공원",
        "PAST_SPOT_" : "1138013040026",
        "MNTN_ID" : "113801304"
      },
      "geometry" : {
        "x" : 193412.33449999988,
        "y" : 559978.21899999864
      }
    },
    {
      "attributes" : {
        "FID" : 26,
        "PMNTN_SPOT" : 81244,
        "MNTN_CODE" : "113801304",
        "MANAGE_SP1" : "01",
        "MANAGE_SP2" : "시종점",
        "DETAIL_SPO" : "시종점",
        "ETC_MATTER" : " ",
        "MNTN_NM" : "진관근린공원",
        "PAST_SPOT_" : "1138013040027",
        "MNTN_ID" : "113801304"
      },
      "geometry" : {
        "x" : 193416.65240000002,
        "y" : 559593.65240000002
      }
    },
    {
      "attributes" : {
        "FID" : 27,
        "PMNTN_SPOT" : 81245,
        "MNTN_CODE" : "113801304",
        "MANAGE_SP1" : "01",
        "MANAGE_SP2" : "시종점",
        "DETAIL_SPO" : "시종점",
        "ETC_MATTER" : " ",
        "MNTN_NM" : "진관근린공원",
        "PAST_SPOT_" : "1138013040028",
        "MNTN_ID" : "113801304"
      },
      "geometry" : {
        "x" : 193429.05020000041,
        "y" : 559946.61420000158
      }
    },
    {
      "attributes" : {
        "FID" : 28,
        "PMNTN_SPOT" : 81246,
        "MNTN_CODE" : "113801304",
        "MANAGE_SP1" : "02",
        "MANAGE_SP2" : "분기점",
        "DETAIL_SPO" : "분기점",
        "ETC_MATTER" : " ",
        "MNTN_NM" : "진관근린공원",
        "PAST_SPOT_" : "1138013040029",
        "MNTN_ID" : "113801304"
      },
      "geometry" : {
        "x" : 193456.19480000064,
        "y" : 559889.98920000158
      }
    },
    {
      "attributes" : {
        "FID" : 29,
        "PMNTN_SPOT" : 81247,
        "MNTN_CODE" : "113801304",
        "MANAGE_SP1" : "02",
        "MANAGE_SP2" : "분기점",
        "DETAIL_SPO" : "분기점",
        "ETC_MATTER" : " ",
        "MNTN_NM" : "진관근린공원",
        "PAST_SPOT_" : "1138013040030",
        "MNTN_ID" : "113801304"
      },
      "geometry" : {
        "x" : 193561.09210000094,
        "y" : 559850.23300000094
      }
    },
    {
      "attributes" : {
        "FID" : 30,
        "PMNTN_SPOT" : 81248,
        "MNTN_CODE" : "113801304",
        "MANAGE_SP1" : "02",
        "MANAGE_SP2" : "분기점",
        "DETAIL_SPO" : "분기점",
        "ETC_MATTER" : " ",
        "MNTN_NM" : "진관근린공원",
        "PAST_SPOT_" : "1138013040031",
        "MNTN_ID" : "113801304"
      },
      "geometry" : {
        "x" : 193567.62849999964,
        "y" : 559985.88450000063
      }
    },
    {
      "attributes" : {
        "FID" : 31,
        "PMNTN_SPOT" : 81249,
        "MNTN_CODE" : "113801304",
        "MANAGE_SP1" : "02",
        "MANAGE_SP2" : "분기점",
        "DETAIL_SPO" : "분기점",
        "ETC_MATTER" : " ",
        "MNTN_NM" : "진관근린공원",
        "PAST_SPOT_" : "1138013040032",
        "MNTN_ID" : "113801304"
      },
      "geometry" : {
        "x" : 193620.10630000103,
        "y" : 559861.93459999934
      }
    },
    {
      "attributes" : {
        "FID" : 32,
        "PMNTN_SPOT" : 81250,
        "MNTN_CODE" : "113801304",
        "MANAGE_SP1" : "02",
        "MANAGE_SP2" : "분기점",
        "DETAIL_SPO" : "분기점",
        "ETC_MATTER" : " ",
        "MNTN_NM" : "진관근린공원",
        "PAST_SPOT_" : "1138013040033",
        "MNTN_ID" : "113801304"
      },
      "geometry" : {
        "x" : 193633.59840000141,
        "y" : 559805.56799999997
      }
    },
    {
      "attributes" : {
        "FID" : 33,
        "PMNTN_SPOT" : 81251,
        "MNTN_CODE" : "113801304",
        "MANAGE_SP1" : "01",
        "MANAGE_SP2" : "시종점",
        "DETAIL_SPO" : "시종점",
        "ETC_MATTER" : " ",
        "MNTN_NM" : "진관근린공원",
        "PAST_SPOT_" : "1138013040034",
        "MNTN_ID" : "113801304"
      },
      "geometry" : {
        "x" : 193695.61239999905,
        "y" : 560498.8393000029
      }
    },
    {
      "attributes" : {
        "FID" : 34,
        "PMNTN_SPOT" : 81252,
        "MNTN_CODE" : "113801304",
        "MANAGE_SP1" : "01",
        "MANAGE_SP2" : "시종점",
        "DETAIL_SPO" : "시종점",
        "ETC_MATTER" : " ",
        "MNTN_NM" : "진관근린공원",
        "PAST_SPOT_" : "1138013040035",
        "MNTN_ID" : "113801304"
      },
      "geometry" : {
        "x" : 193716.27869999968,
        "y" : 560130.31699999981
      }
    },
    {
      "attributes" : {
        "FID" : 35,
        "PMNTN_SPOT" : 81253,
        "MNTN_CODE" : "113801304",
        "MANAGE_SP1" : "01",
        "MANAGE_SP2" : "시종점",
        "DETAIL_SPO" : "시종점",
        "ETC_MATTER" : " ",
        "MNTN_NM" : "진관근린공원",
        "PAST_SPOT_" : "1138013040036",
        "MNTN_ID" : "113801304"
      },
      "geometry" : {
        "x" : 193761.07579999976,
        "y" : 559705.75219999999
      }
    },
    {
      "attributes" : {
        "FID" : 36,
        "PMNTN_SPOT" : 81254,
        "MNTN_CODE" : "113801304",
        "MANAGE_SP1" : "01",
        "MANAGE_SP2" : "시종점",
        "DETAIL_SPO" : "시종점",
        "ETC_MATTER" : " ",
        "MNTN_NM" : "진관근린공원",
        "PAST_SPOT_" : "1138013040037",
        "MNTN_ID" : "113801304"
      },
      "geometry" : {
        "x" : 193811.2033000011,
        "y" : 560599.05600000173
      }
    },
    {
      "attributes" : {
        "FID" : 37,
        "PMNTN_SPOT" : 81255,
        "MNTN_CODE" : "113801304",
        "MANAGE_SP1" : "02",
        "MANAGE_SP2" : "분기점",
        "DETAIL_SPO" : "분기점",
        "ETC_MATTER" : " ",
        "MNTN_NM" : "진관근린공원",
        "PAST_SPOT_" : "1138013040038",
        "MNTN_ID" : "113801304"
      },
      "geometry" : {
        "x" : 193811.61010000017,
        "y" : 559919.45969999954
      }
    },
    {
      "attributes" : {
        "FID" : 38,
        "PMNTN_SPOT" : 81256,
        "MNTN_CODE" : "113801304",
        "MANAGE_SP1" : "01",
        "MANAGE_SP2" : "시종점",
        "DETAIL_SPO" : "시종점",
        "ETC_MATTER" : " ",
        "MNTN_NM" : "진관근린공원",
        "PAST_SPOT_" : "1138013040039",
        "MNTN_ID" : "113801304"
      },
      "geometry" : {
        "x" : 193974.8077999996,
        "y" : 560170.0465000011
      }
    },
    {
      "attributes" : {
        "FID" : 39,
        "PMNTN_SPOT" : 81257,
        "MNTN_CODE" : "113801304",
        "MANAGE_SP1" : "01",
        "MANAGE_SP2" : "시종점",
        "DETAIL_SPO" : "시종점",
        "ETC_MATTER" : " ",
        "MNTN_NM" : "진관근린공원",
        "PAST_SPOT_" : "1138013040040",
        "MNTN_ID" : "113801304"
      },
      "geometry" : {
        "x" : 194088.05250000115,
        "y" : 560883.90050000139
      }
    },
    {
      "attributes" : {
        "FID" : 40,
        "PMNTN_SPOT" : 81258,
        "MNTN_CODE" : "113801304",
        "MANAGE_SP1" : "02",
        "MANAGE_SP2" : "분기점",
        "DETAIL_SPO" : "분기점",
        "ETC_MATTER" : " ",
        "MNTN_NM" : "진관근린공원",
        "PAST_SPOT_" : "1138013040041",
        "MNTN_ID" : "113801304"
      },
      "geometry" : {
        "x" : 194105.32290000096,
        "y" : 559993.37480000034
      }
    },
    {
      "attributes" : {
        "FID" : 41,
        "PMNTN_SPOT" : 81259,
        "MNTN_CODE" : "113801304",
        "MANAGE_SP1" : "02",
        "MANAGE_SP2" : "분기점",
        "DETAIL_SPO" : "분기점",
        "ETC_MATTER" : " ",
        "MNTN_NM" : "진관근린공원",
        "PAST_SPOT_" : "1138013040042",
        "MNTN_ID" : "113801304"
      },
      "geometry" : {
        "x" : 194124.44150000066,
        "y" : 560791.03230000287
      }
    },
    {
      "attributes" : {
        "FID" : 42,
        "PMNTN_SPOT" : 81260,
        "MNTN_CODE" : "113801304",
        "MANAGE_SP1" : "01",
        "MANAGE_SP2" : "시종점",
        "DETAIL_SPO" : "시종점",
        "ETC_MATTER" : " ",
        "MNTN_NM" : "진관근린공원",
        "PAST_SPOT_" : "1138013040043",
        "MNTN_ID" : "113801304"
      },
      "geometry" : {
        "x" : 194209.88839999866,
        "y" : 559801.96089999937
      }
    },
    {
      "attributes" : {
        "FID" : 43,
        "PMNTN_SPOT" : 99282,
        "MNTN_CODE" : "113801304",
        "MANAGE_SP1" : "09",
        "MANAGE_SP2" : "기타건물",
        "DETAIL_SPO" : "기타건물",
        "ETC_MATTER" : " ",
        "MNTN_NM" : "진관근린공원",
        "PAST_SPOT_" : "1138013040044",
        "MNTN_ID" : "113801304"
      },
      "geometry" : {
        "x" : 192860.71329999945,
        "y" : 559640.67670000019
      }
    },
    {
      "attributes" : {
        "FID" : 44,
        "PMNTN_SPOT" : 99283,
        "MNTN_CODE" : "113801304",
        "MANAGE_SP1" : "08",
        "MANAGE_SP2" : "가로등",
        "DETAIL_SPO" : "가로등",
        "ETC_MATTER" : " ",
        "MNTN_NM" : "진관근린공원",
        "PAST_SPOT_" : "1138013040045",
        "MNTN_ID" : "113801304"
      },
      "geometry" : {
        "x" : 192908.61809999886,
        "y" : 559693.91410000087
      }
    },
    {
      "attributes" : {
        "FID" : 45,
        "PMNTN_SPOT" : 99284,
        "MNTN_CODE" : "113801304",
        "MANAGE_SP1" : "07",
        "MANAGE_SP2" : "시설물(운동기구 등)",
        "DETAIL_SPO" : "시설물(운동기구등)",
        "ETC_MATTER" : " ",
        "MNTN_NM" : "진관근린공원",
        "PAST_SPOT_" : "1138013040046",
        "MNTN_ID" : "113801304"
      },
      "geometry" : {
        "x" : 193039.33939999959,
        "y" : 559732.15970000031
      }
    },
    {
      "attributes" : {
        "FID" : 46,
        "PMNTN_SPOT" : 99285,
        "MNTN_CODE" : "113801304",
        "MANAGE_SP1" : "15",
        "MANAGE_SP2" : "훼손지",
        "DETAIL_SPO" : "훼손지",
        "ETC_MATTER" : " ",
        "MNTN_NM" : "진관근린공원",
        "PAST_SPOT_" : "1138013040047",
        "MNTN_ID" : "113801304"
      },
      "geometry" : {
        "x" : 193149.16830000066,
        "y" : 559834.29929999996
      }
    },
    {
      "attributes" : {
        "FID" : 47,
        "PMNTN_SPOT" : 99286,
        "MNTN_CODE" : "113801304",
        "MANAGE_SP1" : "11",
        "MANAGE_SP2" : "안내판또는지도",
        "DETAIL_SPO" : "안내판또는지도",
        "ETC_MATTER" : " ",
        "MNTN_NM" : "진관근린공원",
        "PAST_SPOT_" : "1138013040048",
        "MNTN_ID" : "113801304"
      },
      "geometry" : {
        "x" : 193565.44930000015,
        "y" : 559852.12500000023
      }
    },
    {
      "attributes" : {
        "FID" : 48,
        "PMNTN_SPOT" : 99287,
        "MNTN_CODE" : "113801304",
        "MANAGE_SP1" : "14",
        "MANAGE_SP2" : "조망점",
        "DETAIL_SPO" : "조망점",
        "ETC_MATTER" : " ",
        "MNTN_NM" : "진관근린공원",
        "PAST_SPOT_" : "1138013040049",
        "MNTN_ID" : "113801304"
      },
      "geometry" : {
        "x" : 193813.17819999973,
        "y" : 559918.24840000086
      }
    },
    {
      "attributes" : {
        "FID" : 49,
        "PMNTN_SPOT" : 99288,
        "MNTN_CODE" : "113801304",
        "MANAGE_SP1" : "11",
        "MANAGE_SP2" : "안내판또는지도",
        "DETAIL_SPO" : "안내판또는지도",
        "ETC_MATTER" : " ",
        "MNTN_NM" : "진관근린공원",
        "PAST_SPOT_" : "1138013040050",
        "MNTN_ID" : "113801304"
      },
      "geometry" : {
        "x" : 194068.93350000095,
        "y" : 559979.27530000033
      }
    },
    {
      "attributes" : {
        "FID" : 50,
        "PMNTN_SPOT" : 99289,
        "MNTN_CODE" : "113801304",
        "MANAGE_SP1" : "05",
        "MANAGE_SP2" : "벤치",
        "DETAIL_SPO" : "벤치",
        "ETC_MATTER" : " ",
        "MNTN_NM" : "진관근린공원",
        "PAST_SPOT_" : "1138013040051",
        "MNTN_ID" : "113801304"
      },
      "geometry" : {
        "x" : 194107.4069,
        "y" : 559995.44449999917
      }
    },
    {
      "attributes" : {
        "FID" : 51,
        "PMNTN_SPOT" : 99290,
        "MNTN_CODE" : "113801304",
        "MANAGE_SP1" : "11",
        "MANAGE_SP2" : "안내판또는지도",
        "DETAIL_SPO" : "안내판또는지도",
        "ETC_MATTER" : " ",
        "MNTN_NM" : "진관근린공원",
        "PAST_SPOT_" : "1138013040052",
        "MNTN_ID" : "113801304"
      },
      "geometry" : {
        "x" : 194284.69629999981,
        "y" : 560410.79460000084
      }
    },
    {
      "attributes" : {
        "FID" : 52,
        "PMNTN_SPOT" : 99291,
        "MNTN_CODE" : "113801304",
        "MANAGE_SP1" : "05",
        "MANAGE_SP2" : "벤치",
        "DETAIL_SPO" : "벤치",
        "ETC_MATTER" : " ",
        "MNTN_NM" : "진관근린공원",
        "PAST_SPOT_" : "1138013040053",
        "MNTN_ID" : "113801304"
      },
      "geometry" : {
        "x" : 194320.2348999985,
        "y" : 560519.70900000085
      }
    },
    {
      "attributes" : {
        "FID" : 53,
        "PMNTN_SPOT" : 99292,
        "MNTN_CODE" : "113801304",
        "MANAGE_SP1" : "12",
        "MANAGE_SP2" : "위험지역",
        "DETAIL_SPO" : "위험지역",
        "ETC_MATTER" : " ",
        "MNTN_NM" : "진관근린공원",
        "PAST_SPOT_" : "1138013040054",
        "MNTN_ID" : "113801304"
      },
      "geometry" : {
        "x" : 194274.41719999924,
        "y" : 560608.30570000014
      }
    },
    {
      "attributes" : {
        "FID" : 54,
        "PMNTN_SPOT" : 99293,
        "MNTN_CODE" : "113801304",
        "MANAGE_SP1" : "11",
        "MANAGE_SP2" : "안내판또는지도",
        "DETAIL_SPO" : "안내판또는지도",
        "ETC_MATTER" : " ",
        "MNTN_NM" : "진관근린공원",
        "PAST_SPOT_" : "1138013040055",
        "MNTN_ID" : "113801304"
      },
      "geometry" : {
        "x" : 194129.34309999942,
        "y" : 560790.25430000026
      }
    },
    {
      "attributes" : {
        "FID" : 55,
        "PMNTN_SPOT" : 99294,
        "MNTN_CODE" : "113801304",
        "MANAGE_SP1" : "16",
        "MANAGE_SP2" : "주요나무",
        "DETAIL_SPO" : "주요나무",
        "ETC_MATTER" : " ",
        "MNTN_NM" : "진관근린공원",
        "PAST_SPOT_" : "1138013040056",
        "MNTN_ID" : "113801304"
      },
      "geometry" : {
        "x" : 193460.05689999909,
        "y" : 560227.05550000048
      }
    },
    {
      "attributes" : {
        "FID" : 56,
        "PMNTN_SPOT" : 99295,
        "MNTN_CODE" : "113801304",
        "MANAGE_SP1" : "07",
        "MANAGE_SP2" : "시설물(운동기구 등)",
        "DETAIL_SPO" : "시설물(운동기구등)",
        "ETC_MATTER" : " ",
        "MNTN_NM" : "진관근린공원",
        "PAST_SPOT_" : "1138013040057",
        "MNTN_ID" : "113801304"
      },
      "geometry" : {
        "x" : 192999.2677999991,
        "y" : 559570.8786000004
      }
    },
    {
      "attributes" : {
        "FID" : 57,
        "PMNTN_SPOT" : 99296,
        "MNTN_CODE" : "113801304",
        "MANAGE_SP1" : "99",
        "MANAGE_SP2" : "기타",
        "DETAIL_SPO" : "약수사",
        "ETC_MATTER" : " ",
        "MNTN_NM" : "진관근린공원",
        "PAST_SPOT_" : "1138013040058",
        "MNTN_ID" : "113801304"
      },
      "geometry" : {
        "x" : 193053.29939999891,
        "y" : 559661.04479999957
      }
    },
    {
      "attributes" : {
        "FID" : 58,
        "PMNTN_SPOT" : 99297,
        "MNTN_CODE" : "113801304",
        "MANAGE_SP1" : "05",
        "MANAGE_SP2" : "벤치",
        "DETAIL_SPO" : "벤치",
        "ETC_MATTER" : " ",
        "MNTN_NM" : "진관근린공원",
        "PAST_SPOT_" : "1138013040059",
        "MNTN_ID" : "113801304"
      },
      "geometry" : {
        "x" : 193214.2383000002,
        "y" : 559721.79970000067
      }
    },
    {
      "attributes" : {
        "FID" : 59,
        "PMNTN_SPOT" : 99298,
        "MNTN_CODE" : "113801304",
        "MANAGE_SP1" : "15",
        "MANAGE_SP2" : "훼손지",
        "DETAIL_SPO" : "훼손지",
        "ETC_MATTER" : " ",
        "MNTN_NM" : "진관근린공원",
        "PAST_SPOT_" : "1138013040060",
        "MNTN_ID" : "113801304"
      },
      "geometry" : {
        "x" : 193319.58159999925,
        "y" : 559612.61730000016
      }
    },
    {
      "attributes" : {
        "FID" : 60,
        "PMNTN_SPOT" : 99299,
        "MNTN_CODE" : "113801304",
        "MANAGE_SP1" : "07",
        "MANAGE_SP2" : "시설물(운동기구 등)",
        "DETAIL_SPO" : "시설물(운동기구등)",
        "ETC_MATTER" : " ",
        "MNTN_NM" : "진관근린공원",
        "PAST_SPOT_" : "1138013040061",
        "MNTN_ID" : "113801304"
      },
      "geometry" : {
        "x" : 193309.2895000003,
        "y" : 559675.37460000068
      }
    },
    {
      "attributes" : {
        "FID" : 61,
        "PMNTN_SPOT" : 99300,
        "MNTN_CODE" : "113801304",
        "MANAGE_SP1" : "08",
        "MANAGE_SP2" : "가로등",
        "DETAIL_SPO" : "가로등",
        "ETC_MATTER" : " ",
        "MNTN_NM" : "진관근린공원",
        "PAST_SPOT_" : "1138013040062",
        "MNTN_ID" : "113801304"
      },
      "geometry" : {
        "x" : 193590.22600000046,
        "y" : 560043.97189999931
      }
    },
    {
      "attributes" : {
        "FID" : 62,
        "PMNTN_SPOT" : 99301,
        "MNTN_CODE" : "113801304",
        "MANAGE_SP1" : "99",
        "MANAGE_SP2" : "기타",
        "DETAIL_SPO" : "연화사",
        "ETC_MATTER" : " ",
        "MNTN_NM" : "진관근린공원",
        "PAST_SPOT_" : "1138013040063",
        "MNTN_ID" : "113801304"
      },
      "geometry" : {
        "x" : 193566.00490000015,
        "y" : 559995.86610000022
      }
    },
    {
      "attributes" : {
        "FID" : 63,
        "PMNTN_SPOT" : 99302,
        "MNTN_CODE" : "113801304",
        "MANAGE_SP1" : "16",
        "MANAGE_SP2" : "주요나무",
        "DETAIL_SPO" : "주요나무",
        "ETC_MATTER" : " ",
        "MNTN_NM" : "진관근린공원",
        "PAST_SPOT_" : "1138013040064",
        "MNTN_ID" : "113801304"
      },
      "geometry" : {
        "x" : 193976.62719999935,
        "y" : 560169.43119999988
      }
    },
    {
      "attributes" : {
        "FID" : 64,
        "PMNTN_SPOT" : 99303,
        "MNTN_CODE" : "113801304",
        "MANAGE_SP1" : "13",
        "MANAGE_SP2" : "유적(문화, 역사)",
        "DETAIL_SPO" : "유적(문화,역사)",
        "ETC_MATTER" : " ",
        "MNTN_NM" : "진관근린공원",
        "PAST_SPOT_" : "1138013040065",
        "MNTN_ID" : "113801304"
      },
      "geometry" : {
        "x" : 193646.25489999974,
        "y" : 559809.17550000024
      }
    }
  ]
}