{
  "displayFieldName" : "",
  "fieldAliases" : {
    "FID" : "FID",
    "PMNTN_SPOT" : "PMNTN_SPOT",
    "MNTN_CODE" : "MNTN_CODE",
    "MANAGE_SP1" : "MANAGE_SP1",
    "MANAGE_SP2" : "MANAGE_SP2",
    "DETAIL_SPO" : "DETAIL_SPO",
    "ETC_MATTER" : "ETC_MATTER",
    "MNTN_NM" : "MNTN_NM",
    "PAST_SPOT_" : "PAST_SPOT_",
    "MNTN_ID" : "MNTN_ID"
  },
  "geometryType" : "esriGeometryPoint",
  "spatialReference" : {
    "wkt" : "PROJCS[\"PCS_ITRF2000_TM\",GEOGCS[\"GCS_ITRF_2000\",DATUM[\"D_ITRF_2000\",SPHEROID[\"GRS_1980\",6378137.0,298.257222101]],PRIMEM[\"Greenwich\",0.0],UNIT[\"Degree\",0.0174532925199433]],PROJECTION[\"Transverse_Mercator\"],PARAMETER[\"False_Easting\",200000.0],PARAMETER[\"False_Northing\",600000.0],PARAMETER[\"Central_Meridian\",127.0],PARAMETER[\"Scale_Factor\",1.0],PARAMETER[\"Latitude_Of_Origin\",38.0],UNIT[\"Meter\",1.0]]"
  },
  "fields" : [
    {
      "name" : "FID",
      "type" : "esriFieldTypeOID",
      "alias" : "FID"
    },
    {
      "name" : "PMNTN_SPOT",
      "type" : "esriFieldTypeDouble",
      "alias" : "PMNTN_SPOT"
    },
    {
      "name" : "MNTN_CODE",
      "type" : "esriFieldTypeString",
      "alias" : "MNTN_CODE",
      "length" : 9
    },
    {
      "name" : "MANAGE_SP1",
      "type" : "esriFieldTypeString",
      "alias" : "MANAGE_SP1",
      "length" : 2
    },
    {
      "name" : "MANAGE_SP2",
      "type" : "esriFieldTypeString",
      "alias" : "MANAGE_SP2",
      "length" : 50
    },
    {
      "name" : "DETAIL_SPO",
      "type" : "esriFieldTypeString",
      "alias" : "DETAIL_SPO",
      "length" : 200
    },
    {
      "name" : "ETC_MATTER",
      "type" : "esriFieldTypeString",
      "alias" : "ETC_MATTER",
      "length" : 200
    },
    {
      "name" : "MNTN_NM",
      "type" : "esriFieldTypeString",
      "alias" : "MNTN_NM",
      "length" : 50
    },
    {
      "name" : "PAST_SPOT_",
      "type" : "esriFieldTypeString",
      "alias" : "PAST_SPOT_",
      "length" : 14
    },
    {
      "name" : "MNTN_ID",
      "type" : "esriFieldTypeString",
      "alias" : "MNTN_ID",
      "length" : 10
    }
  ],
  "features" : [
    {
      "attributes" : {
        "FID" : 0,
        "PMNTN_SPOT" : 1725,
        "MNTN_CODE" : "414800101",
        "MANAGE_SP1" : "01",
        "MANAGE_SP2" : "시종점",
        "DETAIL_SPO" : "시종점",
        "ETC_MATTER" : " ",
        "MNTN_NM" : "감악산",
        "PAST_SPOT_" : "4163001010001",
        "MNTN_ID" : "416300101"
      },
      "geometry" : {
        "x" : 196714.87570000067,
        "y" : 589525.04819999821
      }
    },
    {
      "attributes" : {
        "FID" : 1,
        "PMNTN_SPOT" : 1726,
        "MNTN_CODE" : "414800101",
        "MANAGE_SP1" : "01",
        "MANAGE_SP2" : "시종점",
        "DETAIL_SPO" : "시종점",
        "ETC_MATTER" : " ",
        "MNTN_NM" : "감악산",
        "PAST_SPOT_" : "4148001010002",
        "MNTN_ID" : "414800101"
      },
      "geometry" : {
        "x" : 196978.55999999959,
        "y" : 593228.33260000311
      }
    },
    {
      "attributes" : {
        "FID" : 2,
        "PMNTN_SPOT" : 1727,
        "MNTN_CODE" : "414800101",
        "MANAGE_SP1" : "02",
        "MANAGE_SP2" : "분기점",
        "DETAIL_SPO" : "분기점",
        "ETC_MATTER" : " ",
        "MNTN_NM" : "감악산",
        "PAST_SPOT_" : "4163001010003",
        "MNTN_ID" : "416300101"
      },
      "geometry" : {
        "x" : 197065.18680000119,
        "y" : 591889.18150000274
      }
    },
    {
      "attributes" : {
        "FID" : 3,
        "PMNTN_SPOT" : 1728,
        "MNTN_CODE" : "414800101",
        "MANAGE_SP1" : "02",
        "MANAGE_SP2" : "분기점",
        "DETAIL_SPO" : "분기점",
        "ETC_MATTER" : " ",
        "MNTN_NM" : "감악산",
        "PAST_SPOT_" : "4148001010004",
        "MNTN_ID" : "414800101"
      },
      "geometry" : {
        "x" : 197380.85012594424,
        "y" : 593486.67985464633
      }
    },
    {
      "attributes" : {
        "FID" : 4,
        "PMNTN_SPOT" : 1729,
        "MNTN_CODE" : "414800101",
        "MANAGE_SP1" : "02",
        "MANAGE_SP2" : "분기점",
        "DETAIL_SPO" : "분기점",
        "ETC_MATTER" : " ",
        "MNTN_NM" : "감악산",
        "PAST_SPOT_" : "4148001010005",
        "MNTN_ID" : "414800101"
      },
      "geometry" : {
        "x" : 197398.0899638487,
        "y" : 593512.63737033866
      }
    },
    {
      "attributes" : {
        "FID" : 5,
        "PMNTN_SPOT" : 1730,
        "MNTN_CODE" : "414800101",
        "MANAGE_SP1" : "02",
        "MANAGE_SP2" : "분기점",
        "DETAIL_SPO" : "분기점",
        "ETC_MATTER" : " ",
        "MNTN_NM" : "감악산",
        "PAST_SPOT_" : "4163001010006",
        "MNTN_ID" : "416300101"
      },
      "geometry" : {
        "x" : 197400.4552000016,
        "y" : 593198.17410000041
      }
    },
    {
      "attributes" : {
        "FID" : 6,
        "PMNTN_SPOT" : 1731,
        "MNTN_CODE" : "414800101",
        "MANAGE_SP1" : "01",
        "MANAGE_SP2" : "시종점",
        "DETAIL_SPO" : "시종점",
        "ETC_MATTER" : " ",
        "MNTN_NM" : "감악산",
        "PAST_SPOT_" : "4163001010007",
        "MNTN_ID" : "416300101"
      },
      "geometry" : {
        "x" : 197877.99509999994,
        "y" : 589119.17360000126
      }
    },
    {
      "attributes" : {
        "FID" : 7,
        "PMNTN_SPOT" : 1732,
        "MNTN_CODE" : "414800101",
        "MANAGE_SP1" : "02",
        "MANAGE_SP2" : "분기점",
        "DETAIL_SPO" : "분기점",
        "ETC_MATTER" : " ",
        "MNTN_NM" : "감악산",
        "PAST_SPOT_" : "4163001010008",
        "MNTN_ID" : "416300101"
      },
      "geometry" : {
        "x" : 198165.96630000044,
        "y" : 592880.37590000406
      }
    },
    {
      "attributes" : {
        "FID" : 8,
        "PMNTN_SPOT" : 1733,
        "MNTN_CODE" : "414800101",
        "MANAGE_SP1" : "11",
        "MANAGE_SP2" : "안내판또는지도",
        "DETAIL_SPO" : "안내판,이정표,벤치",
        "ETC_MATTER" : "숯가마쉼터",
        "MNTN_NM" : "감악산",
        "PAST_SPOT_" : "21401401000009",
        "MNTN_ID" : "2140140100"
      },
      "geometry" : {
        "x" : 196218.38530000113,
        "y" : 593338.05740000121
      }
    },
    {
      "attributes" : {
        "FID" : 9,
        "PMNTN_SPOT" : 1734,
        "MNTN_CODE" : "414800101",
        "MANAGE_SP1" : "11",
        "MANAGE_SP2" : "안내판또는지도",
        "DETAIL_SPO" : "안내판",
        "ETC_MATTER" : "만남의숲",
        "MNTN_NM" : "감악산",
        "PAST_SPOT_" : "21401401000010",
        "MNTN_ID" : "2140140100"
      },
      "geometry" : {
        "x" : 196355.65810000058,
        "y" : 593588.42259999923
      }
    },
    {
      "attributes" : {
        "FID" : 10,
        "PMNTN_SPOT" : 1735,
        "MNTN_CODE" : "414800101",
        "MANAGE_SP1" : "10",
        "MANAGE_SP2" : "이정표",
        "DETAIL_SPO" : "이정표",
        "ETC_MATTER" : "만남의숲",
        "MNTN_NM" : "감악산",
        "PAST_SPOT_" : "21401401000011",
        "MNTN_ID" : "2140140100"
      },
      "geometry" : {
        "x" : 196361.034500001,
        "y" : 593600.60749999993
      }
    },
    {
      "attributes" : {
        "FID" : 11,
        "PMNTN_SPOT" : 1736,
        "MNTN_CODE" : "414800101",
        "MANAGE_SP1" : "11",
        "MANAGE_SP2" : "안내판또는지도",
        "DETAIL_SPO" : "안내판",
        "ETC_MATTER" : " ",
        "MNTN_NM" : "감악산",
        "PAST_SPOT_" : "21401401000012",
        "MNTN_ID" : "2140140100"
      },
      "geometry" : {
        "x" : 196565.66160000302,
        "y" : 593601.68150000274
      }
    },
    {
      "attributes" : {
        "FID" : 12,
        "PMNTN_SPOT" : 1737,
        "MNTN_CODE" : "414800101",
        "MANAGE_SP1" : "11",
        "MANAGE_SP2" : "안내판또는지도",
        "DETAIL_SPO" : "안내도,벤치,약수터",
        "ETC_MATTER" : "약수터",
        "MNTN_NM" : "감악산",
        "PAST_SPOT_" : "21401401000013",
        "MNTN_ID" : "2140140100"
      },
      "geometry" : {
        "x" : 196922.96430000011,
        "y" : 593510.40630000085
      }
    },
    {
      "attributes" : {
        "FID" : 13,
        "PMNTN_SPOT" : 1738,
        "MNTN_CODE" : "414800101",
        "MANAGE_SP1" : "10",
        "MANAGE_SP2" : "이정표",
        "DETAIL_SPO" : "이정표",
        "ETC_MATTER" : "약수터",
        "MNTN_NM" : "감악산",
        "PAST_SPOT_" : "21401401000014",
        "MNTN_ID" : "2140140100"
      },
      "geometry" : {
        "x" : 196929.35950000025,
        "y" : 593499.81479999982
      }
    },
    {
      "attributes" : {
        "FID" : 14,
        "PMNTN_SPOT" : 1739,
        "MNTN_CODE" : "414800101",
        "MANAGE_SP1" : "11",
        "MANAGE_SP2" : "안내판또는지도",
        "DETAIL_SPO" : "안내판,벤치",
        "ETC_MATTER" : " ",
        "MNTN_NM" : "감악산",
        "PAST_SPOT_" : "21401401000015",
        "MNTN_ID" : "2140140100"
      },
      "geometry" : {
        "x" : 197055.72109999973,
        "y" : 593479.72059999965
      }
    },
    {
      "attributes" : {
        "FID" : 15,
        "PMNTN_SPOT" : 1740,
        "MNTN_CODE" : "414800101",
        "MANAGE_SP1" : "99",
        "MANAGE_SP2" : "기타",
        "DETAIL_SPO" : "목계단",
        "ETC_MATTER" : " ",
        "MNTN_NM" : "감악산",
        "PAST_SPOT_" : "21401401000016",
        "MNTN_ID" : "2140140100"
      },
      "geometry" : {
        "x" : 197280.72680000123,
        "y" : 593378.62190000154
      }
    },
    {
      "attributes" : {
        "FID" : 16,
        "PMNTN_SPOT" : 1741,
        "MNTN_CODE" : "414800101",
        "MANAGE_SP1" : "99",
        "MANAGE_SP2" : "기타",
        "DETAIL_SPO" : "쇠줄손잡이",
        "ETC_MATTER" : " ",
        "MNTN_NM" : "감악산",
        "PAST_SPOT_" : "21401401000017",
        "MNTN_ID" : "2140140100"
      },
      "geometry" : {
        "x" : 197290.70070000179,
        "y" : 593343.79900000431
      }
    },
    {
      "attributes" : {
        "FID" : 17,
        "PMNTN_SPOT" : 1742,
        "MNTN_CODE" : "414800101",
        "MANAGE_SP1" : "10",
        "MANAGE_SP2" : "이정표",
        "DETAIL_SPO" : "이정표",
        "ETC_MATTER" : " ",
        "MNTN_NM" : "감악산",
        "PAST_SPOT_" : "21401401000018",
        "MNTN_ID" : "2140140100"
      },
      "geometry" : {
        "x" : 197287.71450000256,
        "y" : 593325.81860000081
      }
    },
    {
      "attributes" : {
        "FID" : 18,
        "PMNTN_SPOT" : 1743,
        "MNTN_CODE" : "414800101",
        "MANAGE_SP1" : "99",
        "MANAGE_SP2" : "기타",
        "DETAIL_SPO" : "임꺽정봉,안내문,벤치,안내도,삼각점",
        "ETC_MATTER" : "임꺽정봉",
        "MNTN_NM" : "감악산",
        "PAST_SPOT_" : "21401401000019",
        "MNTN_ID" : "2140140100"
      },
      "geometry" : {
        "x" : 197307.14350000117,
        "y" : 593203.9382000044
      }
    },
    {
      "attributes" : {
        "FID" : 19,
        "PMNTN_SPOT" : 1744,
        "MNTN_CODE" : "414800101",
        "MANAGE_SP1" : "05",
        "MANAGE_SP2" : "벤치",
        "DETAIL_SPO" : "벤치",
        "ETC_MATTER" : " ",
        "MNTN_NM" : "감악산",
        "PAST_SPOT_" : "21401401000020",
        "MNTN_ID" : "2140140100"
      },
      "geometry" : {
        "x" : 197198.10510000307,
        "y" : 593254.12450000085
      }
    },
    {
      "attributes" : {
        "FID" : 20,
        "PMNTN_SPOT" : 1745,
        "MNTN_CODE" : "414800101",
        "MANAGE_SP1" : "11",
        "MANAGE_SP2" : "안내판또는지도",
        "DETAIL_SPO" : "안내도",
        "ETC_MATTER" : " ",
        "MNTN_NM" : "감악산",
        "PAST_SPOT_" : "21401401000021",
        "MNTN_ID" : "2140140100"
      },
      "geometry" : {
        "x" : 197146.8367000008,
        "y" : 593248.72630000114
      }
    },
    {
      "attributes" : {
        "FID" : 21,
        "PMNTN_SPOT" : 1746,
        "MNTN_CODE" : "414800101",
        "MANAGE_SP1" : "11",
        "MANAGE_SP2" : "안내판또는지도",
        "DETAIL_SPO" : "안내도,5구간 종점",
        "ETC_MATTER" : "감악산정상",
        "MNTN_NM" : "감악산",
        "PAST_SPOT_" : "21401401000022",
        "MNTN_ID" : "2140140100"
      },
      "geometry" : {
        "x" : 197369.60160000063,
        "y" : 593468.06550000235
      }
    },
    {
      "attributes" : {
        "FID" : 22,
        "PMNTN_SPOT" : 1747,
        "MNTN_CODE" : "414800101",
        "MANAGE_SP1" : "99",
        "MANAGE_SP2" : "기타",
        "DETAIL_SPO" : "목계단",
        "ETC_MATTER" : "3-1구간",
        "MNTN_NM" : "감악산",
        "PAST_SPOT_" : "21401401000023",
        "MNTN_ID" : "2140140100"
      },
      "geometry" : {
        "x" : 197229.56219999865,
        "y" : 593540.61639999971
      }
    },
    {
      "attributes" : {
        "FID" : 23,
        "PMNTN_SPOT" : 1748,
        "MNTN_CODE" : "414800101",
        "MANAGE_SP1" : "99",
        "MANAGE_SP2" : "기타",
        "DETAIL_SPO" : "등산로전경사진",
        "ETC_MATTER" : "등산로전경,3-1구간",
        "MNTN_NM" : "감악산",
        "PAST_SPOT_" : "21401401000024",
        "MNTN_ID" : "2140140100"
      },
      "geometry" : {
        "x" : 196992.04650000297,
        "y" : 593600.83040000126
      }
    },
    {
      "attributes" : {
        "FID" : 24,
        "PMNTN_SPOT" : 1749,
        "MNTN_CODE" : "414800101",
        "MANAGE_SP1" : "99",
        "MANAGE_SP2" : "기타",
        "DETAIL_SPO" : "목계단",
        "ETC_MATTER" : " ",
        "MNTN_NM" : "감악산",
        "PAST_SPOT_" : "21401401000025",
        "MNTN_ID" : "2140140100"
      },
      "geometry" : {
        "x" : 196258.52790000103,
        "y" : 593572.95050000399
      }
    },
    {
      "attributes" : {
        "FID" : 25,
        "PMNTN_SPOT" : 1750,
        "MNTN_CODE" : "414800101",
        "MANAGE_SP1" : "99",
        "MANAGE_SP2" : "기타",
        "DETAIL_SPO" : "목계단",
        "ETC_MATTER" : " ",
        "MNTN_NM" : "감악산",
        "PAST_SPOT_" : "21401401000026",
        "MNTN_ID" : "2140140100"
      },
      "geometry" : {
        "x" : 196231.65440000407,
        "y" : 593587.72580000386
      }
    },
    {
      "attributes" : {
        "FID" : 26,
        "PMNTN_SPOT" : 1751,
        "MNTN_CODE" : "414800101",
        "MANAGE_SP1" : "05",
        "MANAGE_SP2" : "벤치",
        "DETAIL_SPO" : "벤치",
        "ETC_MATTER" : " ",
        "MNTN_NM" : "감악산",
        "PAST_SPOT_" : "21401401000027",
        "MNTN_ID" : "2140140100"
      },
      "geometry" : {
        "x" : 196327.37380000111,
        "y" : 593745.87260000408
      }
    },
    {
      "attributes" : {
        "FID" : 27,
        "PMNTN_SPOT" : 1752,
        "MNTN_CODE" : "414800101",
        "MANAGE_SP1" : "99",
        "MANAGE_SP2" : "기타",
        "DETAIL_SPO" : "쇠줄손잡이",
        "ETC_MATTER" : "3-1구간",
        "MNTN_NM" : "감악산",
        "PAST_SPOT_" : "21401401000028",
        "MNTN_ID" : "2140140100"
      },
      "geometry" : {
        "x" : 196866.30600000359,
        "y" : 593630.74840000086
      }
    },
    {
      "attributes" : {
        "FID" : 28,
        "PMNTN_SPOT" : 1753,
        "MNTN_CODE" : "414800101",
        "MANAGE_SP1" : "99",
        "MANAGE_SP2" : "기타",
        "DETAIL_SPO" : "까치봉,안내도",
        "ETC_MATTER" : "까치봉정상,3-1구간",
        "MNTN_NM" : "감악산",
        "PAST_SPOT_" : "21401401000029",
        "MNTN_ID" : "2140140100"
      },
      "geometry" : {
        "x" : 196925.06130000297,
        "y" : 593613.21010000445
      }
    },
    {
      "attributes" : {
        "FID" : 29,
        "PMNTN_SPOT" : 1754,
        "MNTN_CODE" : "414800101",
        "MANAGE_SP1" : "99",
        "MANAGE_SP2" : "기타",
        "DETAIL_SPO" : "운계능선",
        "ETC_MATTER" : "운계능선",
        "MNTN_NM" : "감악산",
        "PAST_SPOT_" : "21401401000030",
        "MNTN_ID" : "2140140100"
      },
      "geometry" : {
        "x" : 195575.81080000196,
        "y" : 593543.33210000023
      }
    },
    {
      "attributes" : {
        "FID" : 30,
        "PMNTN_SPOT" : 1755,
        "MNTN_CODE" : "414800101",
        "MANAGE_SP1" : "10",
        "MANAGE_SP2" : "이정표",
        "DETAIL_SPO" : "이정표",
        "ETC_MATTER" : " ",
        "MNTN_NM" : "감악산",
        "PAST_SPOT_" : "21401401000031",
        "MNTN_ID" : "2140140100"
      },
      "geometry" : {
        "x" : 195891.49430000223,
        "y" : 593474.10119999945
      }
    },
    {
      "attributes" : {
        "FID" : 31,
        "PMNTN_SPOT" : 1756,
        "MNTN_CODE" : "414800101",
        "MANAGE_SP1" : "99",
        "MANAGE_SP2" : "기타",
        "DETAIL_SPO" : "전경사진",
        "ETC_MATTER" : "등산로사진",
        "MNTN_NM" : "감악산",
        "PAST_SPOT_" : "21401401000032",
        "MNTN_ID" : "2140140100"
      },
      "geometry" : {
        "x" : 195501.76540000178,
        "y" : 594141.6875
      }
    },
    {
      "attributes" : {
        "FID" : 32,
        "PMNTN_SPOT" : 1757,
        "MNTN_CODE" : "414800101",
        "MANAGE_SP1" : "10",
        "MANAGE_SP2" : "이정표",
        "DETAIL_SPO" : "이정표,분기,",
        "ETC_MATTER" : " ",
        "MNTN_NM" : "감악산",
        "PAST_SPOT_" : "21401401000033",
        "MNTN_ID" : "2140140100"
      },
      "geometry" : {
        "x" : 195548.17420000024,
        "y" : 594314.13850000128
      }
    },
    {
      "attributes" : {
        "FID" : 33,
        "PMNTN_SPOT" : 1758,
        "MNTN_CODE" : "414800101",
        "MANAGE_SP1" : "05",
        "MANAGE_SP2" : "벤치",
        "DETAIL_SPO" : "벤치",
        "ETC_MATTER" : " ",
        "MNTN_NM" : "감악산",
        "PAST_SPOT_" : "21401401000034",
        "MNTN_ID" : "2140140100"
      },
      "geometry" : {
        "x" : 195569.36580000073,
        "y" : 594314.77050000429
      }
    },
    {
      "attributes" : {
        "FID" : 34,
        "PMNTN_SPOT" : 1759,
        "MNTN_CODE" : "414800101",
        "MANAGE_SP1" : "99",
        "MANAGE_SP2" : "기타",
        "DETAIL_SPO" : "목계단",
        "ETC_MATTER" : " ",
        "MNTN_NM" : "감악산",
        "PAST_SPOT_" : "21401401000035",
        "MNTN_ID" : "2140140100"
      },
      "geometry" : {
        "x" : 195750.26600000076,
        "y" : 594143.57120000012
      }
    },
    {
      "attributes" : {
        "FID" : 35,
        "PMNTN_SPOT" : 1760,
        "MNTN_CODE" : "414800101",
        "MANAGE_SP1" : "99",
        "MANAGE_SP2" : "기타",
        "DETAIL_SPO" : "목계단쇠줄손잡이",
        "ETC_MATTER" : " ",
        "MNTN_NM" : "감악산",
        "PAST_SPOT_" : "21401401000036",
        "MNTN_ID" : "2140140100"
      },
      "geometry" : {
        "x" : 195836.07850000076,
        "y" : 594176.38069999963
      }
    },
    {
      "attributes" : {
        "FID" : 36,
        "PMNTN_SPOT" : 1761,
        "MNTN_CODE" : "414800101",
        "MANAGE_SP1" : "10",
        "MANAGE_SP2" : "이정표",
        "DETAIL_SPO" : "이정표",
        "ETC_MATTER" : " ",
        "MNTN_NM" : "감악산",
        "PAST_SPOT_" : "21401401000037",
        "MNTN_ID" : "2140140100"
      },
      "geometry" : {
        "x" : 195881.46440000087,
        "y" : 594186.71300000139
      }
    },
    {
      "attributes" : {
        "FID" : 37,
        "PMNTN_SPOT" : 1762,
        "MNTN_CODE" : "414800101",
        "MANAGE_SP1" : "22",
        "MANAGE_SP2" : "헬기장",
        "DETAIL_SPO" : "헬기장",
        "ETC_MATTER" : " ",
        "MNTN_NM" : "감악산",
        "PAST_SPOT_" : "21401401000038",
        "MNTN_ID" : "2140140100"
      },
      "geometry" : {
        "x" : 195891.95750000328,
        "y" : 594166.65059999935
      }
    },
    {
      "attributes" : {
        "FID" : 38,
        "PMNTN_SPOT" : 1763,
        "MNTN_CODE" : "414800101",
        "MANAGE_SP1" : "99",
        "MANAGE_SP2" : "기타",
        "DETAIL_SPO" : "쇠줄손잡이",
        "ETC_MATTER" : " ",
        "MNTN_NM" : "감악산",
        "PAST_SPOT_" : "21401401000039",
        "MNTN_ID" : "2140140100"
      },
      "geometry" : {
        "x" : 196057.95790000167,
        "y" : 594043.71580000222
      }
    },
    {
      "attributes" : {
        "FID" : 39,
        "PMNTN_SPOT" : 1764,
        "MNTN_CODE" : "414800101",
        "MANAGE_SP1" : "15",
        "MANAGE_SP2" : "훼손지",
        "DETAIL_SPO" : "쇠줄손잡이훼손",
        "ETC_MATTER" : " ",
        "MNTN_NM" : "감악산",
        "PAST_SPOT_" : "21401401000040",
        "MNTN_ID" : "2140140100"
      },
      "geometry" : {
        "x" : 196064.13040000014,
        "y" : 594030.19340000115
      }
    },
    {
      "attributes" : {
        "FID" : 40,
        "PMNTN_SPOT" : 1765,
        "MNTN_CODE" : "414800101",
        "MANAGE_SP1" : "99",
        "MANAGE_SP2" : "기타",
        "DETAIL_SPO" : "써바이벌장",
        "ETC_MATTER" : " ",
        "MNTN_NM" : "감악산",
        "PAST_SPOT_" : "21401401000041",
        "MNTN_ID" : "2140140100"
      },
      "geometry" : {
        "x" : 196326.69780000206,
        "y" : 595340.06840000115
      }
    },
    {
      "attributes" : {
        "FID" : 41,
        "PMNTN_SPOT" : 1766,
        "MNTN_CODE" : "414800101",
        "MANAGE_SP1" : "19",
        "MANAGE_SP2" : "야영장",
        "DETAIL_SPO" : "야영장,음수대,화장실",
        "ETC_MATTER" : " ",
        "MNTN_NM" : "감악산",
        "PAST_SPOT_" : "21401401000042",
        "MNTN_ID" : "2140140100"
      },
      "geometry" : {
        "x" : 196378.01900000032,
        "y" : 595200.01170000248
      }
    },
    {
      "attributes" : {
        "FID" : 42,
        "PMNTN_SPOT" : 1767,
        "MNTN_CODE" : "414800101",
        "MANAGE_SP1" : "10",
        "MANAGE_SP2" : "이정표",
        "DETAIL_SPO" : "이정표",
        "ETC_MATTER" : " ",
        "MNTN_NM" : "감악산",
        "PAST_SPOT_" : "21401401000043",
        "MNTN_ID" : "2140140100"
      },
      "geometry" : {
        "x" : 196449.16920000128,
        "y" : 595177.79120000266
      }
    },
    {
      "attributes" : {
        "FID" : 43,
        "PMNTN_SPOT" : 1768,
        "MNTN_CODE" : "414800101",
        "MANAGE_SP1" : "99",
        "MANAGE_SP2" : "기타",
        "DETAIL_SPO" : "등산로전경",
        "ETC_MATTER" : " ",
        "MNTN_NM" : "감악산",
        "PAST_SPOT_" : "21401401000044",
        "MNTN_ID" : "2140140100"
      },
      "geometry" : {
        "x" : 196522.04370000307,
        "y" : 594918.87089999951
      }
    },
    {
      "attributes" : {
        "FID" : 44,
        "PMNTN_SPOT" : 1769,
        "MNTN_CODE" : "414800101",
        "MANAGE_SP1" : "12",
        "MANAGE_SP2" : "위험지역",
        "DETAIL_SPO" : "위험지역",
        "ETC_MATTER" : "추락위험",
        "MNTN_NM" : "감악산",
        "PAST_SPOT_" : "21401401000045",
        "MNTN_ID" : "2140140100"
      },
      "geometry" : {
        "x" : 197008.44930000044,
        "y" : 594087.28700000234
      }
    },
    {
      "attributes" : {
        "FID" : 45,
        "PMNTN_SPOT" : 1770,
        "MNTN_CODE" : "414800101",
        "MANAGE_SP1" : "99",
        "MANAGE_SP2" : "기타",
        "DETAIL_SPO" : "돌계단",
        "ETC_MATTER" : " ",
        "MNTN_NM" : "감악산",
        "PAST_SPOT_" : "21401401000046",
        "MNTN_ID" : "2140140100"
      },
      "geometry" : {
        "x" : 197070.42750000022,
        "y" : 594022.63060000166
      }
    },
    {
      "attributes" : {
        "FID" : 46,
        "PMNTN_SPOT" : 1771,
        "MNTN_CODE" : "414800101",
        "MANAGE_SP1" : "12",
        "MANAGE_SP2" : "위험지역",
        "DETAIL_SPO" : "위험지역",
        "ETC_MATTER" : "추락위험",
        "MNTN_NM" : "감악산",
        "PAST_SPOT_" : "21401401000047",
        "MNTN_ID" : "2140140100"
      },
      "geometry" : {
        "x" : 197202.74110000115,
        "y" : 593682.73430000059
      }
    },
    {
      "attributes" : {
        "FID" : 47,
        "PMNTN_SPOT" : 1772,
        "MNTN_CODE" : "414800101",
        "MANAGE_SP1" : "05",
        "MANAGE_SP2" : "벤치",
        "DETAIL_SPO" : "벤치,분기",
        "ETC_MATTER" : "만남의숲,2구간",
        "MNTN_NM" : "감악산",
        "PAST_SPOT_" : "21401401000048",
        "MNTN_ID" : "2140140100"
      },
      "geometry" : {
        "x" : 196356.81410000008,
        "y" : 593579.07619999908
      }
    },
    {
      "attributes" : {
        "FID" : 48,
        "PMNTN_SPOT" : 1773,
        "MNTN_CODE" : "414800101",
        "MANAGE_SP1" : "11",
        "MANAGE_SP2" : "안내판또는지도",
        "DETAIL_SPO" : "안내도",
        "ETC_MATTER" : "0",
        "MNTN_NM" : "감악산",
        "PAST_SPOT_" : "21401401000049",
        "MNTN_ID" : "2140140100"
      },
      "geometry" : {
        "x" : 197018.63190000039,
        "y" : 593193.57550000213
      }
    },
    {
      "attributes" : {
        "FID" : 49,
        "PMNTN_SPOT" : 1774,
        "MNTN_CODE" : "414800101",
        "MANAGE_SP1" : "99",
        "MANAGE_SP2" : "기타",
        "DETAIL_SPO" : "밧줄손잡이",
        "ETC_MATTER" : " ",
        "MNTN_NM" : "감악산",
        "PAST_SPOT_" : "21401401000050",
        "MNTN_ID" : "2140140100"
      },
      "geometry" : {
        "x" : 197168.96690970194,
        "y" : 593246.16529030167
      }
    },
    {
      "attributes" : {
        "FID" : 50,
        "PMNTN_SPOT" : 1775,
        "MNTN_CODE" : "414800101",
        "MANAGE_SP1" : "99",
        "MANAGE_SP2" : "기타",
        "DETAIL_SPO" : "등산로전경",
        "ETC_MATTER" : " ",
        "MNTN_NM" : "감악산",
        "PAST_SPOT_" : "21401401000051",
        "MNTN_ID" : "2140140100"
      },
      "geometry" : {
        "x" : 197181.1379000023,
        "y" : 594913.97900000028
      }
    },
    {
      "attributes" : {
        "FID" : 51,
        "PMNTN_SPOT" : 1776,
        "MNTN_CODE" : "414800101",
        "MANAGE_SP1" : "99",
        "MANAGE_SP2" : "기타",
        "DETAIL_SPO" : "등산로전경",
        "ETC_MATTER" : " ",
        "MNTN_NM" : "감악산",
        "PAST_SPOT_" : "21401401000052",
        "MNTN_ID" : "2140140100"
      },
      "geometry" : {
        "x" : 197483.58389999997,
        "y" : 594553.30440000072
      }
    },
    {
      "attributes" : {
        "FID" : 52,
        "PMNTN_SPOT" : 1777,
        "MNTN_CODE" : "414800101",
        "MANAGE_SP1" : "99",
        "MANAGE_SP2" : "기타",
        "DETAIL_SPO" : "등산로전경",
        "ETC_MATTER" : " ",
        "MNTN_NM" : "감악산",
        "PAST_SPOT_" : "21401401000053",
        "MNTN_ID" : "2140140100"
      },
      "geometry" : {
        "x" : 197485.5296000028,
        "y" : 594345.29670000076
      }
    },
    {
      "attributes" : {
        "FID" : 53,
        "PMNTN_SPOT" : 1778,
        "MNTN_CODE" : "414800101",
        "MANAGE_SP1" : "10",
        "MANAGE_SP2" : "이정표",
        "DETAIL_SPO" : "이정표",
        "ETC_MATTER" : " ",
        "MNTN_NM" : "감악산",
        "PAST_SPOT_" : "21401401000054",
        "MNTN_ID" : "2140140100"
      },
      "geometry" : {
        "x" : 197500.26099999901,
        "y" : 594319.20790000074
      }
    },
    {
      "attributes" : {
        "FID" : 54,
        "PMNTN_SPOT" : 1779,
        "MNTN_CODE" : "414800101",
        "MANAGE_SP1" : "06",
        "MANAGE_SP2" : "음수대",
        "DETAIL_SPO" : "약수터",
        "ETC_MATTER" : "비룡천",
        "MNTN_NM" : "감악산",
        "PAST_SPOT_" : "21401401000055",
        "MNTN_ID" : "2140140100"
      },
      "geometry" : {
        "x" : 197432.24579999968,
        "y" : 593588.49770000018
      }
    },
    {
      "attributes" : {
        "FID" : 55,
        "PMNTN_SPOT" : 1780,
        "MNTN_CODE" : "414800101",
        "MANAGE_SP1" : "11",
        "MANAGE_SP2" : "안내판또는지도",
        "DETAIL_SPO" : "안내판,화장실,",
        "ETC_MATTER" : "매표소",
        "MNTN_NM" : "감악산",
        "PAST_SPOT_" : "21401401000056",
        "MNTN_ID" : "2140140100"
      },
      "geometry" : {
        "x" : 195394.5421000002,
        "y" : 592955.83249999955
      }
    },
    {
      "attributes" : {
        "FID" : 56,
        "PMNTN_SPOT" : 1781,
        "MNTN_CODE" : "414800101",
        "MANAGE_SP1" : "04",
        "MANAGE_SP2" : "화장실",
        "DETAIL_SPO" : "화장실",
        "ETC_MATTER" : " ",
        "MNTN_NM" : "감악산",
        "PAST_SPOT_" : "21401401000057",
        "MNTN_ID" : "2140140100"
      },
      "geometry" : {
        "x" : 195450.74690000154,
        "y" : 593056.50700000115
      }
    },
    {
      "attributes" : {
        "FID" : 57,
        "PMNTN_SPOT" : 1782,
        "MNTN_CODE" : "414800101",
        "MANAGE_SP1" : "10",
        "MANAGE_SP2" : "이정표",
        "DETAIL_SPO" : "이정표",
        "ETC_MATTER" : "범륜사 앞",
        "MNTN_NM" : "감악산",
        "PAST_SPOT_" : "21401401000058",
        "MNTN_ID" : "2140140100"
      },
      "geometry" : {
        "x" : 195698.64749999996,
        "y" : 593139.66080000438
      }
    },
    {
      "attributes" : {
        "FID" : 58,
        "PMNTN_SPOT" : 1783,
        "MNTN_CODE" : "414800101",
        "MANAGE_SP1" : "06",
        "MANAGE_SP2" : "음수대",
        "DETAIL_SPO" : "약수터",
        "ETC_MATTER" : "범륜사",
        "MNTN_NM" : "감악산",
        "PAST_SPOT_" : "21401401000059",
        "MNTN_ID" : "2140140100"
      },
      "geometry" : {
        "x" : 195829.0447000023,
        "y" : 593132.59869999997
      }
    },
    {
      "attributes" : {
        "FID" : 59,
        "PMNTN_SPOT" : 1784,
        "MNTN_CODE" : "414800101",
        "MANAGE_SP1" : "10",
        "MANAGE_SP2" : "이정표",
        "DETAIL_SPO" : "이정표",
        "ETC_MATTER" : "명상의숲",
        "MNTN_NM" : "감악산",
        "PAST_SPOT_" : "21401401000060",
        "MNTN_ID" : "2140140100"
      },
      "geometry" : {
        "x" : 195842.38350000046,
        "y" : 593139.01840000227
      }
    },
    {
      "attributes" : {
        "FID" : 60,
        "PMNTN_SPOT" : 1785,
        "MNTN_CODE" : "414800101",
        "MANAGE_SP1" : "05",
        "MANAGE_SP2" : "벤치",
        "DETAIL_SPO" : "벤치",
        "ETC_MATTER" : "명상의숲",
        "MNTN_NM" : "감악산",
        "PAST_SPOT_" : "21401401000061",
        "MNTN_ID" : "2140140100"
      },
      "geometry" : {
        "x" : 195839.79140000138,
        "y" : 593124.35710000247
      }
    },
    {
      "attributes" : {
        "FID" : 61,
        "PMNTN_SPOT" : 1786,
        "MNTN_CODE" : "414800101",
        "MANAGE_SP1" : "01",
        "MANAGE_SP2" : "시종점",
        "DETAIL_SPO" : "시종점",
        "ETC_MATTER" : "시점,3-1구간휴게소(주차장",
        "MNTN_NM" : "감악산",
        "PAST_SPOT_" : "21401401000062",
        "MNTN_ID" : "2140140100"
      },
      "geometry" : {
        "x" : 195023.5951000005,
        "y" : 593692.59190000407
      }
    },
    {
      "attributes" : {
        "FID" : 62,
        "PMNTN_SPOT" : 1787,
        "MNTN_CODE" : "414800101",
        "MANAGE_SP1" : "02",
        "MANAGE_SP2" : "분기점",
        "DETAIL_SPO" : "분기점",
        "ETC_MATTER" : "시점,3-1구간휴게소(주차장",
        "MNTN_NM" : "감악산",
        "PAST_SPOT_" : "21401401000063",
        "MNTN_ID" : "2140140100"
      },
      "geometry" : {
        "x" : 195040.77399999928,
        "y" : 593683.35750000179
      }
    },
    {
      "attributes" : {
        "FID" : 63,
        "PMNTN_SPOT" : 1788,
        "MNTN_CODE" : "414800101",
        "MANAGE_SP1" : "01",
        "MANAGE_SP2" : "시종점",
        "DETAIL_SPO" : "시종점,안내도,화장실",
        "ETC_MATTER" : "범륜사입구",
        "MNTN_NM" : "감악산",
        "PAST_SPOT_" : "21401401000064",
        "MNTN_ID" : "2140140100"
      },
      "geometry" : {
        "x" : 195256.40750000253,
        "y" : 593007.35749999993
      }
    },
    {
      "attributes" : {
        "FID" : 64,
        "PMNTN_SPOT" : 1789,
        "MNTN_CODE" : "414800101",
        "MANAGE_SP1" : "10",
        "MANAGE_SP2" : "이정표",
        "DETAIL_SPO" : "이정표,화장실",
        "ETC_MATTER" : "운계폭포입구",
        "MNTN_NM" : "감악산",
        "PAST_SPOT_" : "21401401000065",
        "MNTN_ID" : "2140140100"
      },
      "geometry" : {
        "x" : 195617.16130000167,
        "y" : 593129.94870000146
      }
    },
    {
      "attributes" : {
        "FID" : 65,
        "PMNTN_SPOT" : 1790,
        "MNTN_CODE" : "414800101",
        "MANAGE_SP1" : "99",
        "MANAGE_SP2" : "기타",
        "DETAIL_SPO" : "운계폭포",
        "ETC_MATTER" : " ",
        "MNTN_NM" : "감악산",
        "PAST_SPOT_" : "21401401000066",
        "MNTN_ID" : "2140140100"
      },
      "geometry" : {
        "x" : 195650.45530000236,
        "y" : 593171.3292999994
      }
    },
    {
      "attributes" : {
        "FID" : 66,
        "PMNTN_SPOT" : 1791,
        "MNTN_CODE" : "414800101",
        "MANAGE_SP1" : "99",
        "MANAGE_SP2" : "기타",
        "DETAIL_SPO" : "범륜사,탑",
        "ETC_MATTER" : "범륜사",
        "MNTN_NM" : "감악산",
        "PAST_SPOT_" : "21401401000067",
        "MNTN_ID" : "2140140100"
      },
      "geometry" : {
        "x" : 195778.06392572261,
        "y" : 593127.3013877999
      }
    },
    {
      "attributes" : {
        "FID" : 67,
        "PMNTN_SPOT" : 1792,
        "MNTN_CODE" : "414800101",
        "MANAGE_SP1" : "10",
        "MANAGE_SP2" : "이정표",
        "DETAIL_SPO" : "이정표,벤치,분기",
        "ETC_MATTER" : "1-1구간",
        "MNTN_NM" : "감악산",
        "PAST_SPOT_" : "21401401000068",
        "MNTN_ID" : "2140140100"
      },
      "geometry" : {
        "x" : 196182.90789999999,
        "y" : 593614.14390000515
      }
    },
    {
      "attributes" : {
        "FID" : 68,
        "PMNTN_SPOT" : 1793,
        "MNTN_CODE" : "414800101",
        "MANAGE_SP1" : "10",
        "MANAGE_SP2" : "이정표",
        "DETAIL_SPO" : "이정표,분기",
        "ETC_MATTER" : "묵은밭,1-1구간",
        "MNTN_NM" : "감악산",
        "PAST_SPOT_" : "21401401000069",
        "MNTN_ID" : "2140140100"
      },
      "geometry" : {
        "x" : 196275.44710000139,
        "y" : 593550.13290000148
      }
    },
    {
      "attributes" : {
        "FID" : 69,
        "PMNTN_SPOT" : 1794,
        "MNTN_CODE" : "414800101",
        "MANAGE_SP1" : "01",
        "MANAGE_SP2" : "시종점",
        "DETAIL_SPO" : "시종점,안내도",
        "ETC_MATTER" : "객현1리",
        "MNTN_NM" : "감악산",
        "PAST_SPOT_" : "21401401000070",
        "MNTN_ID" : "2140140100"
      },
      "geometry" : {
        "x" : 196293.1874000011,
        "y" : 595357.66580000147
      }
    },
    {
      "attributes" : {
        "FID" : 70,
        "PMNTN_SPOT" : 1795,
        "MNTN_CODE" : "414800101",
        "MANAGE_SP1" : "10",
        "MANAGE_SP2" : "이정표",
        "DETAIL_SPO" : "이정표,분기",
        "ETC_MATTER" : "3-1구간",
        "MNTN_NM" : "감악산",
        "PAST_SPOT_" : "21401401000071",
        "MNTN_ID" : "2140140100"
      },
      "geometry" : {
        "x" : 196347.87800000142,
        "y" : 593739.44749999978
      }
    },
    {
      "attributes" : {
        "FID" : 71,
        "PMNTN_SPOT" : 1796,
        "MNTN_CODE" : "414800101",
        "MANAGE_SP1" : "01",
        "MANAGE_SP2" : "시종점",
        "DETAIL_SPO" : "시종점,이정표",
        "ETC_MATTER" : "시점",
        "MNTN_NM" : "감악산",
        "PAST_SPOT_" : "21401401000072",
        "MNTN_ID" : "2140140100"
      },
      "geometry" : {
        "x" : 196962.48240000103,
        "y" : 595200.58080000058
      }
    },
    {
      "attributes" : {
        "FID" : 72,
        "PMNTN_SPOT" : 1797,
        "MNTN_CODE" : "414800101",
        "MANAGE_SP1" : "99",
        "MANAGE_SP2" : "기타",
        "DETAIL_SPO" : "밧줄손잡이",
        "ETC_MATTER" : " ",
        "MNTN_NM" : "감악산",
        "PAST_SPOT_" : "21401401000073",
        "MNTN_ID" : "2140140100"
      },
      "geometry" : {
        "x" : 197094.84894654527,
        "y" : 593231.94884903356
      }
    },
    {
      "attributes" : {
        "FID" : 73,
        "PMNTN_SPOT" : 1798,
        "MNTN_CODE" : "414800101",
        "MANAGE_SP1" : "99",
        "MANAGE_SP2" : "기타",
        "DETAIL_SPO" : "팔각정자,분기",
        "ETC_MATTER" : "3-1구간,4구간",
        "MNTN_NM" : "감악산",
        "PAST_SPOT_" : "21401401000074",
        "MNTN_ID" : "2140140100"
      },
      "geometry" : {
        "x" : 197263.40359999985,
        "y" : 593537.44110000134
      }
    },
    {
      "attributes" : {
        "FID" : 74,
        "PMNTN_SPOT" : 1799,
        "MNTN_CODE" : "414800101",
        "MANAGE_SP1" : "99",
        "MANAGE_SP2" : "기타",
        "DETAIL_SPO" : "밧줄손잡이,분기",
        "ETC_MATTER" : " ",
        "MNTN_NM" : "감악산",
        "PAST_SPOT_" : "21401401000075",
        "MNTN_ID" : "2140140100"
      },
      "geometry" : {
        "x" : 197269.67060000077,
        "y" : 593233.2985999994
      }
    },
    {
      "attributes" : {
        "FID" : 75,
        "PMNTN_SPOT" : 1800,
        "MNTN_CODE" : "414800101",
        "MANAGE_SP1" : "10",
        "MANAGE_SP2" : "이정표",
        "DETAIL_SPO" : "이정표,분기",
        "ETC_MATTER" : "2구간",
        "MNTN_NM" : "감악산",
        "PAST_SPOT_" : "21401401000076",
        "MNTN_ID" : "2140140100"
      },
      "geometry" : {
        "x" : 197304.47980000265,
        "y" : 593356.80289999954
      }
    },
    {
      "attributes" : {
        "FID" : 76,
        "PMNTN_SPOT" : 1801,
        "MNTN_CODE" : "414800101",
        "MANAGE_SP1" : "99",
        "MANAGE_SP2" : "기타",
        "DETAIL_SPO" : "밧줄손잡이,분기",
        "ETC_MATTER" : " ",
        "MNTN_NM" : "감악산",
        "PAST_SPOT_" : "21401401000077",
        "MNTN_ID" : "2140140100"
      },
      "geometry" : {
        "x" : 197308.34559999872,
        "y" : 593217.2603365723
      }
    },
    {
      "attributes" : {
        "FID" : 77,
        "PMNTN_SPOT" : 1802,
        "MNTN_CODE" : "414800101",
        "MANAGE_SP1" : "99",
        "MANAGE_SP2" : "기타",
        "DETAIL_SPO" : "밧줄손잡이,분기",
        "ETC_MATTER" : " ",
        "MNTN_NM" : "감악산",
        "PAST_SPOT_" : "21401401000078",
        "MNTN_ID" : "2140140100"
      },
      "geometry" : {
        "x" : 197310.19780000206,
        "y" : 593241.03210000135
      }
    },
    {
      "attributes" : {
        "FID" : 78,
        "PMNTN_SPOT" : 1803,
        "MNTN_CODE" : "414800101",
        "MANAGE_SP1" : "23",
        "MANAGE_SP2" : "정상",
        "DETAIL_SPO" : "감악산정상,감악산비",
        "ETC_MATTER" : "감악산정상,2구간,3구간,4구간",
        "MNTN_NM" : "감악산",
        "PAST_SPOT_" : "21401401000079",
        "MNTN_ID" : "2140140100"
      },
      "geometry" : {
        "x" : 197345.0270999996,
        "y" : 593467.60270000249
      }
    },
    {
      "attributes" : {
        "FID" : 79,
        "PMNTN_SPOT" : 1804,
        "MNTN_CODE" : "414800101",
        "MANAGE_SP1" : "23",
        "MANAGE_SP2" : "정상",
        "DETAIL_SPO" : "감악산정상,감악산비",
        "ETC_MATTER" : "감악산정상,2구간,3구간,4구간",
        "MNTN_NM" : "감악산",
        "PAST_SPOT_" : "21401401000080",
        "MNTN_ID" : "2140140100"
      },
      "geometry" : {
        "x" : 197369.60160000063,
        "y" : 593468.06550000235
      }
    },
    {
      "attributes" : {
        "FID" : 80,
        "PMNTN_SPOT" : 1805,
        "MNTN_CODE" : "414800101",
        "MANAGE_SP1" : "02",
        "MANAGE_SP2" : "분기점",
        "DETAIL_SPO" : "분기점",
        "ETC_MATTER" : " ",
        "MNTN_NM" : "감악산",
        "PAST_SPOT_" : "21401401000081",
        "MNTN_ID" : "2140140100"
      },
      "geometry" : {
        "x" : 196356.81410000008,
        "y" : 593579.07619999908
      }
    },
    {
      "attributes" : {
        "FID" : 81,
        "PMNTN_SPOT" : 1806,
        "MNTN_CODE" : "414800101",
        "MANAGE_SP1" : "02",
        "MANAGE_SP2" : "분기점",
        "DETAIL_SPO" : "분기점",
        "ETC_MATTER" : " ",
        "MNTN_NM" : "감악산",
        "PAST_SPOT_" : "4163001010082",
        "MNTN_ID" : "416300101"
      },
      "geometry" : {
        "x" : 197210.87160246633,
        "y" : 593258.74923489615
      }
    },
    {
      "attributes" : {
        "FID" : 82,
        "PMNTN_SPOT" : 1807,
        "MNTN_CODE" : "414800101",
        "MANAGE_SP1" : "02",
        "MANAGE_SP2" : "분기점",
        "DETAIL_SPO" : "분기점",
        "ETC_MATTER" : " ",
        "MNTN_NM" : "감악산",
        "PAST_SPOT_" : "4163001010083",
        "MNTN_ID" : "416300101"
      },
      "geometry" : {
        "x" : 197305.57129871286,
        "y" : 593312.39008622058
      }
    }
  ]
}